UF,Ano,CD_Municipio,Municipio,Cargo,Tipo,Detalhe
AC,2000,1120,ACRELÂNDIA,prefeito,MUNICIPIO_AUSENTE_NA_SECAO,Totais do munzona; sem visao por local
AC,2000,1120,ACRELÂNDIA,vereador,MUNICIPIO_AUSENTE_NA_SECAO,Totais do munzona; sem visao por local
AC,2000,1570,ASSIS BRASIL,prefeito,MUNICIPIO_AUSENTE_NA_SECAO,Totais do munzona; sem visao por local
AC,2000,1570,ASSIS BRASIL,vereador,MUNICIPIO_AUSENTE_NA_SECAO,Totais do munzona; sem visao por local
AC,2000,1058,BRASILÉIA,prefeito,MUNICIPIO_AUSENTE_NA_SECAO,Totais do munzona; sem visao por local
AC,2000,1058,BRASILÉIA,vereador,MUNICIPIO_AUSENTE_NA_SECAO,Totais do munzona; sem visao por local
AC,2000,1015,CAPIXABA,prefeito,MUNICIPIO_AUSENTE_NA_SECAO,Totais do munzona; sem visao por local
AC,2000,1015,CAPIXABA,vereador,MUNICIPIO_AUSENTE_NA_SECAO,Totais do munzona; sem visao por local
AC,2000,1074,CRUZEIRO DO SUL,prefeito,MUNICIPIO_AUSENTE_NA_SECAO,Totais do munzona; sem visao por local
AC,2000,1074,CRUZEIRO DO SUL,vereador,MUNICIPIO_AUSENTE_NA_SECAO,Totais do munzona; sem visao por local
AC,2000,1112,EPITACIOLÂNDIA,prefeito,MUNICIPIO_AUSENTE_NA_SECAO,Totais do munzona; sem visao por local
AC,2000,1112,EPITACIOLÂNDIA,vereador,MUNICIPIO_AUSENTE_NA_SECAO,Totais do munzona; sem visao por local
AC,2000,1139,FEIJÓ,prefeito,MUNICIPIO_AUSENTE_NA_SECAO,Totais do munzona; sem visao por local
AC,2000,1139,FEIJÓ,vereador,MUNICIPIO_AUSENTE_NA_SECAO,Totais do munzona; sem visao por local
AC,2000,1104,JORDÃO,prefeito,MUNICIPIO_AUSENTE_NA_SECAO,Totais do munzona; sem visao por local
AC,2000,1104,JORDÃO,vereador,MUNICIPIO_AUSENTE_NA_SECAO,Totais do munzona; sem visao por local
AC,2000,1554,MANUEL URBANO,prefeito,MUNICIPIO_AUSENTE_NA_SECAO,Totais do munzona; sem visao por local
AC,2000,1554,MANUEL URBANO,vereador,MUNICIPIO_AUSENTE_NA_SECAO,Totais do munzona; sem visao por local
AC,2000,1040,MARECHAL THAUMATURGO,prefeito,MUNICIPIO_AUSENTE_NA_SECAO,Totais do munzona; sem visao por local
AC,2000,1040,MARECHAL THAUMATURGO,vereador,MUNICIPIO_AUSENTE_NA_SECAO,Totais do munzona; sem visao por local
AC,2000,1090,MÂNCIO LIMA,prefeito,MUNICIPIO_AUSENTE_NA_SECAO,Totais do munzona; sem visao por local
AC,2000,1090,MÂNCIO LIMA,vereador,MUNICIPIO_AUSENTE_NA_SECAO,Totais do munzona; sem visao por local
AC,2000,1511,PLÁCIDO DE CASTRO,prefeito,MUNICIPIO_AUSENTE_NA_SECAO,Totais do munzona; sem visao por local
AC,2000,1511,PLÁCIDO DE CASTRO,vereador,MUNICIPIO_AUSENTE_NA_SECAO,Totais do munzona; sem visao por local
AC,2000,1066,PORTO WALTER,prefeito,MUNICIPIO_AUSENTE_NA_SECAO,Totais do munzona; sem visao por local
AC,2000,1066,PORTO WALTER,vereador,MUNICIPIO_AUSENTE_NA_SECAO,Totais do munzona; sem visao por local
AC,2000,1082,RODRIGUES ALVES,prefeito,MUNICIPIO_AUSENTE_NA_SECAO,Totais do munzona; sem visao por local
AC,2000,1082,RODRIGUES ALVES,vereador,MUNICIPIO_AUSENTE_NA_SECAO,Totais do munzona; sem visao por local
AC,2000,1031,SANTA ROSA,prefeito,MUNICIPIO_AUSENTE_NA_SECAO,Totais do munzona; sem visao por local
AC,2000,1031,SANTA ROSA,vereador,MUNICIPIO_AUSENTE_NA_SECAO,Totais do munzona; sem visao por local
AC,2000,1457,SENA MADUREIRA,prefeito,MUNICIPIO_AUSENTE_NA_SECAO,Totais do munzona; sem visao por local
AC,2000,1457,SENA MADUREIRA,vereador,MUNICIPIO_AUSENTE_NA_SECAO,Totais do munzona; sem visao por local
AC,2000,1538,SENADOR GUIOMARD,prefeito,MUNICIPIO_AUSENTE_NA_SECAO,Totais do munzona; sem visao por local
AC,2000,1538,SENADOR GUIOMARD,vereador,MUNICIPIO_AUSENTE_NA_SECAO,Totais do munzona; sem visao por local
AC,2000,1473,TARAUACÁ,prefeito,MUNICIPIO_AUSENTE_NA_SECAO,Totais do munzona; sem visao por local
AC,2000,1473,TARAUACÁ,vereador,MUNICIPIO_AUSENTE_NA_SECAO,Totais do munzona; sem visao por local
AC,2000,1490,XAPURI,prefeito,MUNICIPIO_AUSENTE_NA_SECAO,Totais do munzona; sem visao por local
AC,2000,1490,XAPURI,vereador,MUNICIPIO_AUSENTE_NA_SECAO,Totais do munzona; sem visao por local
AL,2000,27715,JAPARATINGA,prefeito,MUNICIPIO_AUSENTE_NA_SECAO,Totais do munzona; sem visao por local
AL,2000,27855,MACEIÓ,prefeito,TURNO_2_AUSENTE_NA_SECAO,Turno preenchido com totais do munzona; sem visao por local
AM,2000,2976,BOA VISTA DO RAMOS,prefeito,MUNICIPIO_AUSENTE_NA_SECAO,Totais do munzona; sem visao por local
AM,2000,2976,BOA VISTA DO RAMOS,vereador,MUNICIPIO_AUSENTE_NA_SECAO,Totais do munzona; sem visao por local
AM,2000,2194,CANUTAMA,prefeito,MUNICIPIO_AUSENTE_NA_SECAO,Totais do munzona; sem visao por local
AM,2000,2194,CANUTAMA,vereador,MUNICIPIO_AUSENTE_NA_SECAO,Totais do munzona; sem visao por local
AM,2000,2020,GUAJARÁ,prefeito,MUNICIPIO_AUSENTE_NA_SECAO,Totais do munzona; sem visao por local
AM,2000,2020,GUAJARÁ,vereador,MUNICIPIO_AUSENTE_NA_SECAO,Totais do munzona; sem visao por local
AP,2000,6084,AMAPARI,prefeito,MUNICIPIO_AUSENTE_NA_SECAO,Totais do munzona; sem visao por local
AP,2000,6084,AMAPARI,vereador,MUNICIPIO_AUSENTE_NA_SECAO,Totais do munzona; sem visao por local
AP,2000,6017,AMAPÁ,prefeito,MUNICIPIO_AUSENTE_NA_SECAO,Totais do munzona; sem visao por local
AP,2000,6017,AMAPÁ,vereador,MUNICIPIO_AUSENTE_NA_SECAO,Totais do munzona; sem visao por local
AP,2000,6033,CALÇOENE,prefeito,MUNICIPIO_AUSENTE_NA_SECAO,Totais do munzona; sem visao por local
AP,2000,6033,CALÇOENE,vereador,MUNICIPIO_AUSENTE_NA_SECAO,Totais do munzona; sem visao por local
AP,2000,6068,CUTIAS,prefeito,MUNICIPIO_AUSENTE_NA_SECAO,Totais do munzona; sem visao por local
AP,2000,6068,CUTIAS,vereador,MUNICIPIO_AUSENTE_NA_SECAO,Totais do munzona; sem visao por local
AP,2000,6114,FERREIRA GOMES,prefeito,MUNICIPIO_AUSENTE_NA_SECAO,Totais do munzona; sem visao por local
AP,2000,6114,FERREIRA GOMES,vereador,MUNICIPIO_AUSENTE_NA_SECAO,Totais do munzona; sem visao por local
AP,2000,6041,ITAUBAL,prefeito,MUNICIPIO_AUSENTE_NA_SECAO,Totais do munzona; sem visao por local
AP,2000,6041,ITAUBAL,vereador,MUNICIPIO_AUSENTE_NA_SECAO,Totais do munzona; sem visao por local
AP,2000,6130,LARANJAL DO JARI,prefeito,MUNICIPIO_AUSENTE_NA_SECAO,Totais do munzona; sem visao por local
AP,2000,6130,LARANJAL DO JARI,vereador,MUNICIPIO_AUSENTE_NA_SECAO,Totais do munzona; sem visao por local
AP,2000,6076,MAZAGÃO,prefeito,MUNICIPIO_AUSENTE_NA_SECAO,Totais do munzona; sem visao por local
AP,2000,6076,MAZAGÃO,vereador,MUNICIPIO_AUSENTE_NA_SECAO,Totais do munzona; sem visao por local
AP,2000,6092,OIAPOQUE,prefeito,MUNICIPIO_AUSENTE_NA_SECAO,Totais do munzona; sem visao por local
AP,2000,6092,OIAPOQUE,vereador,MUNICIPIO_AUSENTE_NA_SECAO,Totais do munzona; sem visao por local
AP,2000,6025,PORTO GRANDE,prefeito,MUNICIPIO_AUSENTE_NA_SECAO,Totais do munzona; sem visao por local
AP,2000,6025,PORTO GRANDE,vereador,MUNICIPIO_AUSENTE_NA_SECAO,Totais do munzona; sem visao por local
AP,2000,6009,PRACUÚBA,prefeito,MUNICIPIO_AUSENTE_NA_SECAO,Totais do munzona; sem visao por local
AP,2000,6009,PRACUÚBA,vereador,MUNICIPIO_AUSENTE_NA_SECAO,Totais do munzona; sem visao por local
AP,2000,6157,SANTANA,prefeito,MUNICIPIO_AUSENTE_NA_SECAO,Totais do munzona; sem visao por local
AP,2000,6157,SANTANA,vereador,MUNICIPIO_AUSENTE_NA_SECAO,Totais do munzona; sem visao por local
AP,2000,6106,SERRA DO NAVIO,prefeito,MUNICIPIO_AUSENTE_NA_SECAO,Totais do munzona; sem visao por local
AP,2000,6106,SERRA DO NAVIO,vereador,MUNICIPIO_AUSENTE_NA_SECAO,Totais do munzona; sem visao por local
AP,2000,6173,TARTARUGALZINHO,prefeito,MUNICIPIO_AUSENTE_NA_SECAO,Totais do munzona; sem visao por local
AP,2000,6173,TARTARUGALZINHO,vereador,MUNICIPIO_AUSENTE_NA_SECAO,Totais do munzona; sem visao por local
AP,2000,6122,VITÓRIA DO JARI,prefeito,MUNICIPIO_AUSENTE_NA_SECAO,Totais do munzona; sem visao por local
AP,2000,6122,VITÓRIA DO JARI,vereador,MUNICIPIO_AUSENTE_NA_SECAO,Totais do munzona; sem visao por local
AP,2004,6084,AMAPARI,prefeito,MUNICIPIO_AUSENTE_NA_SECAO,Totais do munzona; sem visao por local
AP,2004,6084,AMAPARI,vereador,MUNICIPIO_AUSENTE_NA_SECAO,Totais do munzona; sem visao por local
AP,2004,6017,AMAPÁ,prefeito,MUNICIPIO_AUSENTE_NA_SECAO,Totais do munzona; sem visao por local
AP,2004,6017,AMAPÁ,vereador,MUNICIPIO_AUSENTE_NA_SECAO,Totais do munzona; sem visao por local
AP,2004,6033,CALÇOENE,prefeito,MUNICIPIO_AUSENTE_NA_SECAO,Totais do munzona; sem visao por local
AP,2004,6033,CALÇOENE,vereador,MUNICIPIO_AUSENTE_NA_SECAO,Totais do munzona; sem visao por local
AP,2004,6068,CUTIAS,prefeito,MUNICIPIO_AUSENTE_NA_SECAO,Totais do munzona; sem visao por local
AP,2004,6068,CUTIAS,vereador,MUNICIPIO_AUSENTE_NA_SECAO,Totais do munzona; sem visao por local
AP,2004,6114,FERREIRA GOMES,prefeito,MUNICIPIO_AUSENTE_NA_SECAO,Totais do munzona; sem visao por local
AP,2004,6114,FERREIRA GOMES,vereador,MUNICIPIO_AUSENTE_NA_SECAO,Totais do munzona; sem visao por local
AP,2004,6041,ITAUBAL,prefeito,MUNICIPIO_AUSENTE_NA_SECAO,Totais do munzona; sem visao por local
AP,2004,6041,ITAUBAL,vereador,MUNICIPIO_AUSENTE_NA_SECAO,Totais do munzona; sem visao por local
AP,2004,6130,LARANJAL DO JARI,prefeito,MUNICIPIO_AUSENTE_NA_SECAO,Totais do munzona; sem visao por local
AP,2004,6130,LARANJAL DO JARI,vereador,MUNICIPIO_AUSENTE_NA_SECAO,Totais do munzona; sem visao por local
AP,2004,6076,MAZAGÃO,prefeito,MUNICIPIO_AUSENTE_NA_SECAO,Totais do munzona; sem visao por local
AP,2004,6076,MAZAGÃO,vereador,MUNICIPIO_AUSENTE_NA_SECAO,Totais do munzona; sem visao por local
AP,2004,6025,PORTO GRANDE,prefeito,MUNICIPIO_AUSENTE_NA_SECAO,Totais do munzona; sem visao por local
AP,2004,6025,PORTO GRANDE,vereador,MUNICIPIO_AUSENTE_NA_SECAO,Totais do munzona; sem visao por local
AP,2004,6009,PRACUÚBA,prefeito,MUNICIPIO_AUSENTE_NA_SECAO,Totais do munzona; sem visao por local
AP,2004,6009,PRACUÚBA,vereador,MUNICIPIO_AUSENTE_NA_SECAO,Totais do munzona; sem visao por local
AP,2004,6106,SERRA DO NAVIO,prefeito,MUNICIPIO_AUSENTE_NA_SECAO,Totais do munzona; sem visao por local
AP,2004,6106,SERRA DO NAVIO,vereador,MUNICIPIO_AUSENTE_NA_SECAO,Totais do munzona; sem visao por local
AP,2004,6173,TARTARUGALZINHO,prefeito,MUNICIPIO_AUSENTE_NA_SECAO,Totais do munzona; sem visao por local
AP,2004,6173,TARTARUGALZINHO,vereador,MUNICIPIO_AUSENTE_NA_SECAO,Totais do munzona; sem visao por local
AP,2004,6122,VITÓRIA DO JARI,prefeito,MUNICIPIO_AUSENTE_NA_SECAO,Totais do munzona; sem visao por local
AP,2004,6122,VITÓRIA DO JARI,vereador,MUNICIPIO_AUSENTE_NA_SECAO,Totais do munzona; sem visao por local
MA,2000,7013,AFONSO CUNHA,prefeito,MUNICIPIO_AUSENTE_NA_SECAO,Totais do munzona; sem visao por local
MA,2000,7013,AFONSO CUNHA,vereador,MUNICIPIO_AUSENTE_NA_SECAO,Totais do munzona; sem visao por local
MA,2000,7005,AGUA DOCE,prefeito,MUNICIPIO_AUSENTE_NA_SECAO,Totais do munzona; sem visao por local
MA,2000,7005,AGUA DOCE,vereador,MUNICIPIO_AUSENTE_NA_SECAO,Totais do munzona; sem visao por local
MA,2000,7030,ALCÂNTARA,prefeito,MUNICIPIO_AUSENTE_NA_SECAO,Totais do munzona; sem visao por local
MA,2000,7030,ALCÂNTARA,vereador,MUNICIPIO_AUSENTE_NA_SECAO,Totais do munzona; sem visao por local
MA,2000,7056,ALDEIAS ALTAS,prefeito,MUNICIPIO_AUSENTE_NA_SECAO,Totais do munzona; sem visao por local
MA,2000,7056,ALDEIAS ALTAS,vereador,MUNICIPIO_AUSENTE_NA_SECAO,Totais do munzona; sem visao por local
MA,2000,7021,ALTO ALEGRE DO MARANHÃO,prefeito,MUNICIPIO_AUSENTE_NA_SECAO,Totais do munzona; sem visao por local
MA,2000,7021,ALTO ALEGRE DO MARANHÃO,vereador,MUNICIPIO_AUSENTE_NA_SECAO,Totais do munzona; sem visao por local
MA,2000,7048,ALTO ALEGRE DO PINDARÉ,prefeito,MUNICIPIO_AUSENTE_NA_SECAO,Totais do munzona; sem visao por local
MA,2000,7048,ALTO ALEGRE DO PINDARÉ,vereador,MUNICIPIO_AUSENTE_NA_SECAO,Totais do munzona; sem visao por local
MA,2000,7099,ALTO PARNAÍBA,prefeito,MUNICIPIO_AUSENTE_NA_SECAO,Totais do munzona; sem visao por local
MA,2000,7099,ALTO PARNAÍBA,vereador,MUNICIPIO_AUSENTE_NA_SECAO,Totais do munzona; sem visao por local
MA,2000,7080,AMAPÁ DO MARANHÃO,prefeito,MUNICIPIO_AUSENTE_NA_SECAO,Totais do munzona; sem visao por local
MA,2000,7080,AMAPÁ DO MARANHÃO,vereador,MUNICIPIO_AUSENTE_NA_SECAO,Totais do munzona; sem visao por local
MA,2000,7110,AMARANTE DO MARANHÃO,prefeito,MUNICIPIO_AUSENTE_NA_SECAO,Totais do munzona; sem visao por local
MA,2000,7110,AMARANTE DO MARANHÃO,vereador,MUNICIPIO_AUSENTE_NA_SECAO,Totais do munzona; sem visao por local
MA,2000,7137,ANAJATUBA,prefeito,MUNICIPIO_AUSENTE_NA_SECAO,Totais do munzona; sem visao por local
MA,2000,7137,ANAJATUBA,vereador,MUNICIPIO_AUSENTE_NA_SECAO,Totais do munzona; sem visao por local
MA,2000,7153,ANAPURUS,prefeito,MUNICIPIO_AUSENTE_NA_SECAO,Totais do munzona; sem visao por local
MA,2000,7153,ANAPURUS,vereador,MUNICIPIO_AUSENTE_NA_SECAO,Totais do munzona; sem visao por local
MA,2000,7064,APICUM-AÇU,prefeito,MUNICIPIO_AUSENTE_NA_SECAO,Totais do munzona; sem visao por local
MA,2000,7064,APICUM-AÇU,vereador,MUNICIPIO_AUSENTE_NA_SECAO,Totais do munzona; sem visao por local
MA,2000,7102,ARAGUANÃ,prefeito,MUNICIPIO_AUSENTE_NA_SECAO,Totais do munzona; sem visao por local
MA,2000,7102,ARAGUANÃ,vereador,MUNICIPIO_AUSENTE_NA_SECAO,Totais do munzona; sem visao por local
MA,2000,7170,ARAIOSES,prefeito,MUNICIPIO_AUSENTE_NA_SECAO,Totais do munzona; sem visao por local
MA,2000,7170,ARAIOSES,vereador,MUNICIPIO_AUSENTE_NA_SECAO,Totais do munzona; sem visao por local
MA,2000,9679,ARAME,prefeito,MUNICIPIO_AUSENTE_NA_SECAO,Totais do munzona; sem visao por local
MA,2000,9679,ARAME,vereador,MUNICIPIO_AUSENTE_NA_SECAO,Totais do munzona; sem visao por local
MA,2000,7196,ARARI,prefeito,MUNICIPIO_AUSENTE_NA_SECAO,Totais do munzona; sem visao por local
MA,2000,7196,ARARI,vereador,MUNICIPIO_AUSENTE_NA_SECAO,Totais do munzona; sem visao por local
MA,2000,7218,AXIXÁ,prefeito,MUNICIPIO_AUSENTE_NA_SECAO,Totais do munzona; sem visao por local
MA,2000,7218,AXIXÁ,vereador,MUNICIPIO_AUSENTE_NA_SECAO,Totais do munzona; sem visao por local
MA,2000,9610,AÇAILÂNDIA,prefeito,MUNICIPIO_AUSENTE_NA_SECAO,Totais do munzona; sem visao por local
MA,2000,9610,AÇAILÂNDIA,vereador,MUNICIPIO_AUSENTE_NA_SECAO,Totais do munzona; sem visao por local
MA,2000,7234,BACABAL,prefeito,MUNICIPIO_AUSENTE_NA_SECAO,Totais do munzona; sem visao por local
MA,2000,7234,BACABAL,vereador,MUNICIPIO_AUSENTE_NA_SECAO,Totais do munzona; sem visao por local
MA,2000,7129,BACABEIRA,prefeito,MUNICIPIO_AUSENTE_NA_SECAO,Totais do munzona; sem visao por local
MA,2000,7129,BACABEIRA,vereador,MUNICIPIO_AUSENTE_NA_SECAO,Totais do munzona; sem visao por local
MA,2000,7250,BACURI,prefeito,MUNICIPIO_AUSENTE_NA_SECAO,Totais do munzona; sem visao por local
MA,2000,7250,BACURI,vereador,MUNICIPIO_AUSENTE_NA_SECAO,Totais do munzona; sem visao por local
MA,2000,7145,BACURITUBA,prefeito,MUNICIPIO_AUSENTE_NA_SECAO,Totais do munzona; sem visao por local
MA,2000,7145,BACURITUBA,vereador,MUNICIPIO_AUSENTE_NA_SECAO,Totais do munzona; sem visao por local
MA,2000,7277,BALSAS,prefeito,MUNICIPIO_AUSENTE_NA_SECAO,Totais do munzona; sem visao por local
MA,2000,7277,BALSAS,vereador,MUNICIPIO_AUSENTE_NA_SECAO,Totais do munzona; sem visao por local
MA,2000,7315,BARRA DO CORDA,prefeito,MUNICIPIO_AUSENTE_NA_SECAO,Totais do munzona; sem visao por local
MA,2000,7315,BARRA DO CORDA,vereador,MUNICIPIO_AUSENTE_NA_SECAO,Totais do munzona; sem visao por local
MA,2000,7331,BARREIRINHAS,prefeito,MUNICIPIO_AUSENTE_NA_SECAO,Totais do munzona; sem visao por local
MA,2000,7331,BARREIRINHAS,vereador,MUNICIPIO_AUSENTE_NA_SECAO,Totais do munzona; sem visao por local
MA,2000,7293,BARÃO DE GRAJAÚ,prefeito,MUNICIPIO_AUSENTE_NA_SECAO,Totais do munzona; sem visao por local
MA,2000,7293,BARÃO DE GRAJAÚ,vereador,MUNICIPIO_AUSENTE_NA_SECAO,Totais do munzona; sem visao por local
MA,2000,7188,BELA VISTA,prefeito,MUNICIPIO_AUSENTE_NA_SECAO,Totais do munzona; sem visao por local
MA,2000,7188,BELA VISTA,vereador,MUNICIPIO_AUSENTE_NA_SECAO,Totais do munzona; sem visao por local
MA,2000,7161,BELÁGUA,prefeito,MUNICIPIO_AUSENTE_NA_SECAO,Totais do munzona; sem visao por local
MA,2000,7161,BELÁGUA,vereador,MUNICIPIO_AUSENTE_NA_SECAO,Totais do munzona; sem visao por local
MA,2000,7358,BENEDITO LEITE,prefeito,MUNICIPIO_AUSENTE_NA_SECAO,Totais do munzona; sem visao por local
MA,2000,7358,BENEDITO LEITE,vereador,MUNICIPIO_AUSENTE_NA_SECAO,Totais do munzona; sem visao por local
MA,2000,7374,BEQUIMÃO,prefeito,MUNICIPIO_AUSENTE_NA_SECAO,Totais do munzona; sem visao por local
MA,2000,7374,BEQUIMÃO,vereador,MUNICIPIO_AUSENTE_NA_SECAO,Totais do munzona; sem visao por local
MA,2000,7200,BERNARDO DO MEARIM,prefeito,MUNICIPIO_AUSENTE_NA_SECAO,Totais do munzona; sem visao por local
MA,2000,7200,BERNARDO DO MEARIM,vereador,MUNICIPIO_AUSENTE_NA_SECAO,Totais do munzona; sem visao por local
MA,2000,7323,BOA VISTA DO GURUPI,prefeito,MUNICIPIO_AUSENTE_NA_SECAO,Totais do munzona; sem visao por local
MA,2000,7323,BOA VISTA DO GURUPI,vereador,MUNICIPIO_AUSENTE_NA_SECAO,Totais do munzona; sem visao por local
MA,2000,9555,BOM JARDIM,prefeito,MUNICIPIO_AUSENTE_NA_SECAO,Totais do munzona; sem visao por local
MA,2000,9555,BOM JARDIM,vereador,MUNICIPIO_AUSENTE_NA_SECAO,Totais do munzona; sem visao por local
MA,2000,7269,BOM JESUS DAS SELVAS,prefeito,MUNICIPIO_AUSENTE_NA_SECAO,Totais do munzona; sem visao por local
MA,2000,7269,BOM JESUS DAS SELVAS,vereador,MUNICIPIO_AUSENTE_NA_SECAO,Totais do munzona; sem visao por local
MA,2000,7285,BOM LUGAR,prefeito,MUNICIPIO_AUSENTE_NA_SECAO,Totais do munzona; sem visao por local
MA,2000,7285,BOM LUGAR,vereador,MUNICIPIO_AUSENTE_NA_SECAO,Totais do munzona; sem visao por local
MA,2000,7390,BREJO,prefeito,MUNICIPIO_AUSENTE_NA_SECAO,Totais do munzona; sem visao por local
MA,2000,7390,BREJO,vereador,MUNICIPIO_AUSENTE_NA_SECAO,Totais do munzona; sem visao por local
MA,2000,7412,BURITI,prefeito,MUNICIPIO_AUSENTE_NA_SECAO,Totais do munzona; sem visao por local
MA,2000,7412,BURITI,vereador,MUNICIPIO_AUSENTE_NA_SECAO,Totais do munzona; sem visao por local
MA,2000,7439,BURITI BRAVO,prefeito,MUNICIPIO_AUSENTE_NA_SECAO,Totais do munzona; sem visao por local
MA,2000,7439,BURITI BRAVO,vereador,MUNICIPIO_AUSENTE_NA_SECAO,Totais do munzona; sem visao por local
MA,2000,7340,BURITICUPU,prefeito,MUNICIPIO_AUSENTE_NA_SECAO,Totais do munzona; sem visao por local
MA,2000,7340,BURITICUPU,vereador,MUNICIPIO_AUSENTE_NA_SECAO,Totais do munzona; sem visao por local
MA,2000,7366,BURITIRANA,prefeito,MUNICIPIO_AUSENTE_NA_SECAO,Totais do munzona; sem visao por local
MA,2000,7366,BURITIRANA,vereador,MUNICIPIO_AUSENTE_NA_SECAO,Totais do munzona; sem visao por local
MA,2000,7226,CACHOEIRA GRANDE,prefeito,MUNICIPIO_AUSENTE_NA_SECAO,Totais do munzona; sem visao por local
MA,2000,7226,CACHOEIRA GRANDE,vereador,MUNICIPIO_AUSENTE_NA_SECAO,Totais do munzona; sem visao por local
MA,2000,7455,CAJAPIÓ,prefeito,MUNICIPIO_AUSENTE_NA_SECAO,Totais do munzona; sem visao por local
MA,2000,7455,CAJAPIÓ,vereador,MUNICIPIO_AUSENTE_NA_SECAO,Totais do munzona; sem visao por local
MA,2000,7471,CAJARI,prefeito,MUNICIPIO_AUSENTE_NA_SECAO,Totais do munzona; sem visao por local
MA,2000,7471,CAJARI,vereador,MUNICIPIO_AUSENTE_NA_SECAO,Totais do munzona; sem visao por local
MA,2000,7382,CAMPESTRE DO MARANHÃO,prefeito,MUNICIPIO_AUSENTE_NA_SECAO,Totais do munzona; sem visao por local
MA,2000,7382,CAMPESTRE DO MARANHÃO,vereador,MUNICIPIO_AUSENTE_NA_SECAO,Totais do munzona; sem visao por local
MA,2000,7510,CANTANHEDE,prefeito,MUNICIPIO_AUSENTE_NA_SECAO,Totais do munzona; sem visao por local
MA,2000,7510,CANTANHEDE,vereador,MUNICIPIO_AUSENTE_NA_SECAO,Totais do munzona; sem visao por local
MA,2000,7404,CAPINZAL DO NORTE,prefeito,MUNICIPIO_AUSENTE_NA_SECAO,Totais do munzona; sem visao por local
MA,2000,7404,CAPINZAL DO NORTE,vereador,MUNICIPIO_AUSENTE_NA_SECAO,Totais do munzona; sem visao por local
MA,2000,7536,CAROLINA,prefeito,MUNICIPIO_AUSENTE_NA_SECAO,Totais do munzona; sem visao por local
MA,2000,7536,CAROLINA,vereador,MUNICIPIO_AUSENTE_NA_SECAO,Totais do munzona; sem visao por local
MA,2000,7552,CARUTAPERA,prefeito,MUNICIPIO_AUSENTE_NA_SECAO,Totais do munzona; sem visao por local
MA,2000,7552,CARUTAPERA,vereador,MUNICIPIO_AUSENTE_NA_SECAO,Totais do munzona; sem visao por local
MA,2000,7579,CAXIAS,prefeito,MUNICIPIO_AUSENTE_NA_SECAO,Totais do munzona; sem visao por local
MA,2000,7579,CAXIAS,vereador,MUNICIPIO_AUSENTE_NA_SECAO,Totais do munzona; sem visao por local
MA,2000,7595,CEDRAL,prefeito,MUNICIPIO_AUSENTE_NA_SECAO,Totais do munzona; sem visao por local
MA,2000,7595,CEDRAL,vereador,MUNICIPIO_AUSENTE_NA_SECAO,Totais do munzona; sem visao por local
MA,2000,7420,CENTRAL DO MARANHÃO,prefeito,MUNICIPIO_AUSENTE_NA_SECAO,Totais do munzona; sem visao por local
MA,2000,7420,CENTRAL DO MARANHÃO,vereador,MUNICIPIO_AUSENTE_NA_SECAO,Totais do munzona; sem visao por local
MA,2000,7447,CENTRO DO GUILHERME,prefeito,MUNICIPIO_AUSENTE_NA_SECAO,Totais do munzona; sem visao por local
MA,2000,7447,CENTRO DO GUILHERME,vereador,MUNICIPIO_AUSENTE_NA_SECAO,Totais do munzona; sem visao por local
MA,2000,7463,CENTRO NOVO DO MARANHÃO,prefeito,MUNICIPIO_AUSENTE_NA_SECAO,Totais do munzona; sem visao por local
MA,2000,7463,CENTRO NOVO DO MARANHÃO,vereador,MUNICIPIO_AUSENTE_NA_SECAO,Totais do munzona; sem visao por local
MA,2000,7617,CHAPADINHA,prefeito,MUNICIPIO_AUSENTE_NA_SECAO,Totais do munzona; sem visao por local
MA,2000,7617,CHAPADINHA,vereador,MUNICIPIO_AUSENTE_NA_SECAO,Totais do munzona; sem visao por local
MA,2000,7480,CIDELÂNDIA,prefeito,MUNICIPIO_AUSENTE_NA_SECAO,Totais do munzona; sem visao por local
MA,2000,7480,CIDELÂNDIA,vereador,MUNICIPIO_AUSENTE_NA_SECAO,Totais do munzona; sem visao por local
MA,2000,7633,CODÓ,prefeito,MUNICIPIO_AUSENTE_NA_SECAO,Totais do munzona; sem visao por local
MA,2000,7633,CODÓ,vereador,MUNICIPIO_AUSENTE_NA_SECAO,Totais do munzona; sem visao por local
MA,2000,7650,COELHO NETO,prefeito,MUNICIPIO_AUSENTE_NA_SECAO,Totais do munzona; sem visao por local
MA,2000,7650,COELHO NETO,vereador,MUNICIPIO_AUSENTE_NA_SECAO,Totais do munzona; sem visao por local
MA,2000,7676,COLINAS,prefeito,MUNICIPIO_AUSENTE_NA_SECAO,Totais do munzona; sem visao por local
MA,2000,7676,COLINAS,vereador,MUNICIPIO_AUSENTE_NA_SECAO,Totais do munzona; sem visao por local
MA,2000,7501,CONCEIÇÃO DO LAGO-AÇU,prefeito,MUNICIPIO_AUSENTE_NA_SECAO,Totais do munzona; sem visao por local
MA,2000,7501,CONCEIÇÃO DO LAGO-AÇU,vereador,MUNICIPIO_AUSENTE_NA_SECAO,Totais do munzona; sem visao por local
MA,2000,7692,COROATÁ,prefeito,MUNICIPIO_AUSENTE_NA_SECAO,Totais do munzona; sem visao por local
MA,2000,7692,COROATÁ,vereador,MUNICIPIO_AUSENTE_NA_SECAO,Totais do munzona; sem visao por local
MA,2000,7714,CURURUPU,prefeito,MUNICIPIO_AUSENTE_NA_SECAO,Totais do munzona; sem visao por local
MA,2000,7714,CURURUPU,vereador,MUNICIPIO_AUSENTE_NA_SECAO,Totais do munzona; sem visao por local
MA,2000,7498,CÂNDIDO MENDES,prefeito,MUNICIPIO_AUSENTE_NA_SECAO,Totais do munzona; sem visao por local
MA,2000,7498,CÂNDIDO MENDES,vereador,MUNICIPIO_AUSENTE_NA_SECAO,Totais do munzona; sem visao por local
MA,2000,7242,DAVINÓPOLIS,prefeito,MUNICIPIO_AUSENTE_NA_SECAO,Totais do munzona; sem visao por local
MA,2000,7242,DAVINÓPOLIS,vereador,MUNICIPIO_AUSENTE_NA_SECAO,Totais do munzona; sem visao por local
MA,2000,7730,DOM PEDRO,prefeito,MUNICIPIO_AUSENTE_NA_SECAO,Totais do munzona; sem visao por local
MA,2000,7730,DOM PEDRO,vereador,MUNICIPIO_AUSENTE_NA_SECAO,Totais do munzona; sem visao por local
MA,2000,7757,DUQUE BACELAR,prefeito,MUNICIPIO_AUSENTE_NA_SECAO,Totais do munzona; sem visao por local
MA,2000,7757,DUQUE BACELAR,vereador,MUNICIPIO_AUSENTE_NA_SECAO,Totais do munzona; sem visao por local
MA,2000,7773,ESPERANTINÓPOLIS,prefeito,MUNICIPIO_AUSENTE_NA_SECAO,Totais do munzona; sem visao por local
MA,2000,7773,ESPERANTINÓPOLIS,vereador,MUNICIPIO_AUSENTE_NA_SECAO,Totais do munzona; sem visao por local
MA,2000,9636,ESTREITO,prefeito,MUNICIPIO_AUSENTE_NA_SECAO,Totais do munzona; sem visao por local
MA,2000,9636,ESTREITO,vereador,MUNICIPIO_AUSENTE_NA_SECAO,Totais do munzona; sem visao por local
MA,2000,7528,FEIRA NOVA DO MARANHÃO,prefeito,MUNICIPIO_AUSENTE_NA_SECAO,Totais do munzona; sem visao por local
MA,2000,7528,FEIRA NOVA DO MARANHÃO,vereador,MUNICIPIO_AUSENTE_NA_SECAO,Totais do munzona; sem visao por local
MA,2000,7544,FERNANDO FALCÃO,prefeito,MUNICIPIO_AUSENTE_NA_SECAO,Totais do munzona; sem visao por local
MA,2000,7544,FERNANDO FALCÃO,vereador,MUNICIPIO_AUSENTE_NA_SECAO,Totais do munzona; sem visao por local
MA,2000,7560,FORMOSA DA SERRA NEGRA,prefeito,MUNICIPIO_AUSENTE_NA_SECAO,Totais do munzona; sem visao por local
MA,2000,7560,FORMOSA DA SERRA NEGRA,vereador,MUNICIPIO_AUSENTE_NA_SECAO,Totais do munzona; sem visao por local
MA,2000,7790,FORTALEZA DOS NOGUEIRAS,prefeito,MUNICIPIO_AUSENTE_NA_SECAO,Totais do munzona; sem visao por local
MA,2000,7790,FORTALEZA DOS NOGUEIRAS,vereador,MUNICIPIO_AUSENTE_NA_SECAO,Totais do munzona; sem visao por local
MA,2000,7811,FORTUNA,prefeito,MUNICIPIO_AUSENTE_NA_SECAO,Totais do munzona; sem visao por local
MA,2000,7811,FORTUNA,vereador,MUNICIPIO_AUSENTE_NA_SECAO,Totais do munzona; sem visao por local
MA,2000,7838,GODOFREDO VIANA,prefeito,MUNICIPIO_AUSENTE_NA_SECAO,Totais do munzona; sem visao por local
MA,2000,7838,GODOFREDO VIANA,vereador,MUNICIPIO_AUSENTE_NA_SECAO,Totais do munzona; sem visao por local
MA,2000,7854,GONÇALVES DIAS,prefeito,MUNICIPIO_AUSENTE_NA_SECAO,Totais do munzona; sem visao por local
MA,2000,7854,GONÇALVES DIAS,vereador,MUNICIPIO_AUSENTE_NA_SECAO,Totais do munzona; sem visao por local
MA,2000,7870,GOVERNADOR ARCHER,prefeito,MUNICIPIO_AUSENTE_NA_SECAO,Totais do munzona; sem visao por local
MA,2000,7870,GOVERNADOR ARCHER,vereador,MUNICIPIO_AUSENTE_NA_SECAO,Totais do munzona; sem visao por local
MA,2000,7609,GOVERNADOR EDSON LOBAO,prefeito,MUNICIPIO_AUSENTE_NA_SECAO,Totais do munzona; sem visao por local
MA,2000,7609,GOVERNADOR EDSON LOBAO,vereador,MUNICIPIO_AUSENTE_NA_SECAO,Totais do munzona; sem visao por local
MA,2000,7897,GOVERNADOR EUGÊNIO BARROS,prefeito,MUNICIPIO_AUSENTE_NA_SECAO,Totais do munzona; sem visao por local
MA,2000,7897,GOVERNADOR EUGÊNIO BARROS,vereador,MUNICIPIO_AUSENTE_NA_SECAO,Totais do munzona; sem visao por local
MA,2000,7625,GOVERNADOR LUIZ ROCHA,prefeito,MUNICIPIO_AUSENTE_NA_SECAO,Totais do munzona; sem visao por local
MA,2000,7625,GOVERNADOR LUIZ ROCHA,vereador,MUNICIPIO_AUSENTE_NA_SECAO,Totais do munzona; sem visao por local
MA,2000,7641,GOVERNADOR NEWTON BELLO,prefeito,MUNICIPIO_AUSENTE_NA_SECAO,Totais do munzona; sem visao por local
MA,2000,7641,GOVERNADOR NEWTON BELLO,vereador,MUNICIPIO_AUSENTE_NA_SECAO,Totais do munzona; sem visao por local
MA,2000,7668,GOVERNADOR NUNES FREIRE,prefeito,MUNICIPIO_AUSENTE_NA_SECAO,Totais do munzona; sem visao por local
MA,2000,7668,GOVERNADOR NUNES FREIRE,vereador,MUNICIPIO_AUSENTE_NA_SECAO,Totais do munzona; sem visao por local
MA,2000,7935,GRAJAÚ,prefeito,MUNICIPIO_AUSENTE_NA_SECAO,Totais do munzona; sem visao por local
MA,2000,7935,GRAJAÚ,vereador,MUNICIPIO_AUSENTE_NA_SECAO,Totais do munzona; sem visao por local
MA,2000,7919,GRAÇA ARANHA,prefeito,MUNICIPIO_AUSENTE_NA_SECAO,Totais do munzona; sem visao por local
MA,2000,7919,GRAÇA ARANHA,vereador,MUNICIPIO_AUSENTE_NA_SECAO,Totais do munzona; sem visao por local
MA,2000,7951,GUIMARÃES,prefeito,MUNICIPIO_AUSENTE_NA_SECAO,Totais do munzona; sem visao por local
MA,2000,7951,GUIMARÃES,vereador,MUNICIPIO_AUSENTE_NA_SECAO,Totais do munzona; sem visao por local
MA,2000,7994,ICATU,prefeito,MUNICIPIO_AUSENTE_NA_SECAO,Totais do munzona; sem visao por local
MA,2000,7994,ICATU,vereador,MUNICIPIO_AUSENTE_NA_SECAO,Totais do munzona; sem visao por local
MA,2000,7684,IGARAPÉ DO MEIO,prefeito,MUNICIPIO_AUSENTE_NA_SECAO,Totais do munzona; sem visao por local
MA,2000,7684,IGARAPÉ DO MEIO,vereador,MUNICIPIO_AUSENTE_NA_SECAO,Totais do munzona; sem visao por local
MA,2000,8010,IGARAPÉ GRANDE,prefeito,MUNICIPIO_AUSENTE_NA_SECAO,Totais do munzona; sem visao por local
MA,2000,8010,IGARAPÉ GRANDE,vereador,MUNICIPIO_AUSENTE_NA_SECAO,Totais do munzona; sem visao por local
MA,2000,8036,IMPERATRIZ,prefeito,MUNICIPIO_AUSENTE_NA_SECAO,Totais do munzona; sem visao por local
MA,2000,8036,IMPERATRIZ,vereador,MUNICIPIO_AUSENTE_NA_SECAO,Totais do munzona; sem visao por local
MA,2000,7706,ITAIPAVA DO GRAJAÚ,prefeito,MUNICIPIO_AUSENTE_NA_SECAO,Totais do munzona; sem visao por local
MA,2000,7706,ITAIPAVA DO GRAJAÚ,vereador,MUNICIPIO_AUSENTE_NA_SECAO,Totais do munzona; sem visao por local
MA,2000,8079,ITAPECURU MIRIM,prefeito,MUNICIPIO_AUSENTE_NA_SECAO,Totais do munzona; sem visao por local
MA,2000,8079,ITAPECURU MIRIM,vereador,MUNICIPIO_AUSENTE_NA_SECAO,Totais do munzona; sem visao por local
MA,2000,7722,ITINGA DO MARANHÃO,prefeito,MUNICIPIO_AUSENTE_NA_SECAO,Totais do munzona; sem visao por local
MA,2000,7722,ITINGA DO MARANHÃO,vereador,MUNICIPIO_AUSENTE_NA_SECAO,Totais do munzona; sem visao por local
MA,2000,7749,JATOBÁ,prefeito,MUNICIPIO_AUSENTE_NA_SECAO,Totais do munzona; sem visao por local
MA,2000,7749,JATOBÁ,vereador,MUNICIPIO_AUSENTE_NA_SECAO,Totais do munzona; sem visao por local
MA,2000,7765,JENIPAPO DOS VIEIRAS,prefeito,MUNICIPIO_AUSENTE_NA_SECAO,Totais do munzona; sem visao por local
MA,2000,7765,JENIPAPO DOS VIEIRAS,vereador,MUNICIPIO_AUSENTE_NA_SECAO,Totais do munzona; sem visao por local
MA,2000,8117,JOSELÂNDIA,prefeito,MUNICIPIO_AUSENTE_NA_SECAO,Totais do munzona; sem visao por local
MA,2000,8117,JOSELÂNDIA,vereador,MUNICIPIO_AUSENTE_NA_SECAO,Totais do munzona; sem visao por local
MA,2000,8095,JOÃO LISBOA,prefeito,MUNICIPIO_AUSENTE_NA_SECAO,Totais do munzona; sem visao por local
MA,2000,8095,JOÃO LISBOA,vereador,MUNICIPIO_AUSENTE_NA_SECAO,Totais do munzona; sem visao por local
MA,2000,7781,JUNCO DO MARANHÃO,prefeito,MUNICIPIO_AUSENTE_NA_SECAO,Totais do munzona; sem visao por local
MA,2000,7781,JUNCO DO MARANHÃO,vereador,MUNICIPIO_AUSENTE_NA_SECAO,Totais do munzona; sem visao por local
MA,2000,8133,LAGO DA PEDRA,prefeito,MUNICIPIO_AUSENTE_NA_SECAO,Totais do munzona; sem visao por local
MA,2000,8133,LAGO DA PEDRA,vereador,MUNICIPIO_AUSENTE_NA_SECAO,Totais do munzona; sem visao por local
MA,2000,8150,LAGO DO JUNCO,prefeito,MUNICIPIO_AUSENTE_NA_SECAO,Totais do munzona; sem visao por local
MA,2000,8150,LAGO DO JUNCO,vereador,MUNICIPIO_AUSENTE_NA_SECAO,Totais do munzona; sem visao por local
MA,2000,7803,LAGO DOS RODRIGUES,prefeito,MUNICIPIO_AUSENTE_NA_SECAO,Totais do munzona; sem visao por local
MA,2000,7803,LAGO DOS RODRIGUES,vereador,MUNICIPIO_AUSENTE_NA_SECAO,Totais do munzona; sem visao por local
MA,2000,8176,LAGO VERDE,prefeito,MUNICIPIO_AUSENTE_NA_SECAO,Totais do munzona; sem visao por local
MA,2000,8176,LAGO VERDE,vereador,MUNICIPIO_AUSENTE_NA_SECAO,Totais do munzona; sem visao por local
MA,2000,7820,LAGOA DO MATO,prefeito,MUNICIPIO_AUSENTE_NA_SECAO,Totais do munzona; sem visao por local
MA,2000,7820,LAGOA DO MATO,vereador,MUNICIPIO_AUSENTE_NA_SECAO,Totais do munzona; sem visao por local
MA,2000,7846,LAGOA GRANDE DO MARANHÃO,prefeito,MUNICIPIO_AUSENTE_NA_SECAO,Totais do munzona; sem visao por local
MA,2000,7846,LAGOA GRANDE DO MARANHÃO,vereador,MUNICIPIO_AUSENTE_NA_SECAO,Totais do munzona; sem visao por local
MA,2000,7862,LAJEADO NOVO,prefeito,MUNICIPIO_AUSENTE_NA_SECAO,Totais do munzona; sem visao por local
MA,2000,7862,LAJEADO NOVO,vereador,MUNICIPIO_AUSENTE_NA_SECAO,Totais do munzona; sem visao por local
MA,2000,8192,LIMA CAMPOS,prefeito,MUNICIPIO_AUSENTE_NA_SECAO,Totais do munzona; sem visao por local
MA,2000,8192,LIMA CAMPOS,vereador,MUNICIPIO_AUSENTE_NA_SECAO,Totais do munzona; sem visao por local
MA,2000,8214,LORETO,prefeito,MUNICIPIO_AUSENTE_NA_SECAO,Totais do munzona; sem visao por local
MA,2000,8214,LORETO,vereador,MUNICIPIO_AUSENTE_NA_SECAO,Totais do munzona; sem visao por local
MA,2000,8230,LUIS DOMINGUES DO MARANHAO,prefeito,MUNICIPIO_AUSENTE_NA_SECAO,Totais do munzona; sem visao por local
MA,2000,8230,LUIS DOMINGUES DO MARANHAO,vereador,MUNICIPIO_AUSENTE_NA_SECAO,Totais do munzona; sem visao por local
MA,2000,8257,MAGALHÃES DE ALMEIDA,prefeito,MUNICIPIO_AUSENTE_NA_SECAO,Totais do munzona; sem visao por local
MA,2000,8257,MAGALHÃES DE ALMEIDA,vereador,MUNICIPIO_AUSENTE_NA_SECAO,Totais do munzona; sem visao por local
MA,2000,7889,MARACAÇUMÉ,prefeito,MUNICIPIO_AUSENTE_NA_SECAO,Totais do munzona; sem visao por local
MA,2000,7889,MARACAÇUMÉ,vereador,MUNICIPIO_AUSENTE_NA_SECAO,Totais do munzona; sem visao por local
MA,2000,7900,MARAJÁ DO SENA,prefeito,MUNICIPIO_AUSENTE_NA_SECAO,Totais do munzona; sem visao por local
MA,2000,7900,MARAJÁ DO SENA,vereador,MUNICIPIO_AUSENTE_NA_SECAO,Totais do munzona; sem visao por local
MA,2000,7927,MARANHÃOZINHO,prefeito,MUNICIPIO_AUSENTE_NA_SECAO,Totais do munzona; sem visao por local
MA,2000,7927,MARANHÃOZINHO,vereador,MUNICIPIO_AUSENTE_NA_SECAO,Totais do munzona; sem visao por local
MA,2000,8273,MATA ROMA,prefeito,MUNICIPIO_AUSENTE_NA_SECAO,Totais do munzona; sem visao por local
MA,2000,8273,MATA ROMA,vereador,MUNICIPIO_AUSENTE_NA_SECAO,Totais do munzona; sem visao por local
MA,2000,8290,MATINHA,prefeito,MUNICIPIO_AUSENTE_NA_SECAO,Totais do munzona; sem visao por local
MA,2000,8290,MATINHA,vereador,MUNICIPIO_AUSENTE_NA_SECAO,Totais do munzona; sem visao por local
MA,2000,8311,MATÕES,prefeito,MUNICIPIO_AUSENTE_NA_SECAO,Totais do munzona; sem visao por local
MA,2000,8311,MATÕES,vereador,MUNICIPIO_AUSENTE_NA_SECAO,Totais do munzona; sem visao por local
MA,2000,7943,MATÕES DO NORTE,prefeito,MUNICIPIO_AUSENTE_NA_SECAO,Totais do munzona; sem visao por local
MA,2000,7943,MATÕES DO NORTE,vereador,MUNICIPIO_AUSENTE_NA_SECAO,Totais do munzona; sem visao por local
MA,2000,7960,MILAGRES DO MARANHÃO,prefeito,MUNICIPIO_AUSENTE_NA_SECAO,Totais do munzona; sem visao por local
MA,2000,7960,MILAGRES DO MARANHÃO,vereador,MUNICIPIO_AUSENTE_NA_SECAO,Totais do munzona; sem visao por local
MA,2000,8338,MIRADOR,prefeito,MUNICIPIO_AUSENTE_NA_SECAO,Totais do munzona; sem visao por local
MA,2000,8338,MIRADOR,vereador,MUNICIPIO_AUSENTE_NA_SECAO,Totais do munzona; sem visao por local
MA,2000,9695,MIRANDA DO NORTE,prefeito,MUNICIPIO_AUSENTE_NA_SECAO,Totais do munzona; sem visao por local
MA,2000,9695,MIRANDA DO NORTE,vereador,MUNICIPIO_AUSENTE_NA_SECAO,Totais do munzona; sem visao por local
MA,2000,8354,MIRINZAL,prefeito,MUNICIPIO_AUSENTE_NA_SECAO,Totais do munzona; sem visao por local
MA,2000,8354,MIRINZAL,vereador,MUNICIPIO_AUSENTE_NA_SECAO,Totais do munzona; sem visao por local
MA,2000,8397,MONTES ALTOS,prefeito,MUNICIPIO_AUSENTE_NA_SECAO,Totais do munzona; sem visao por local
MA,2000,8397,MONTES ALTOS,vereador,MUNICIPIO_AUSENTE_NA_SECAO,Totais do munzona; sem visao por local
MA,2000,8370,MONÇÃO,prefeito,MUNICIPIO_AUSENTE_NA_SECAO,Totais do munzona; sem visao por local
MA,2000,8370,MONÇÃO,vereador,MUNICIPIO_AUSENTE_NA_SECAO,Totais do munzona; sem visao por local
MA,2000,8419,MORROS,prefeito,MUNICIPIO_AUSENTE_NA_SECAO,Totais do munzona; sem visao por local
MA,2000,8419,MORROS,vereador,MUNICIPIO_AUSENTE_NA_SECAO,Totais do munzona; sem visao por local
MA,2000,8435,NINA RODRIGUES,prefeito,MUNICIPIO_AUSENTE_NA_SECAO,Totais do munzona; sem visao por local
MA,2000,8435,NINA RODRIGUES,vereador,MUNICIPIO_AUSENTE_NA_SECAO,Totais do munzona; sem visao por local
MA,2000,7986,NOVA COLINAS,prefeito,MUNICIPIO_AUSENTE_NA_SECAO,Totais do munzona; sem visao por local
MA,2000,7986,NOVA COLINAS,vereador,MUNICIPIO_AUSENTE_NA_SECAO,Totais do munzona; sem visao por local
MA,2000,8451,NOVA IORQUE,prefeito,MUNICIPIO_AUSENTE_NA_SECAO,Totais do munzona; sem visao por local
MA,2000,8451,NOVA IORQUE,vereador,MUNICIPIO_AUSENTE_NA_SECAO,Totais do munzona; sem visao por local
MA,2000,8001,NOVA OLINDA DO MARANHÃO,prefeito,MUNICIPIO_AUSENTE_NA_SECAO,Totais do munzona; sem visao por local
MA,2000,8001,NOVA OLINDA DO MARANHÃO,vereador,MUNICIPIO_AUSENTE_NA_SECAO,Totais do munzona; sem visao por local
MA,2000,8478,OLHO D ÁGUA DAS CUNHÃS,prefeito,MUNICIPIO_AUSENTE_NA_SECAO,Totais do munzona; sem visao por local
MA,2000,8478,OLHO D ÁGUA DAS CUNHÃS,vereador,MUNICIPIO_AUSENTE_NA_SECAO,Totais do munzona; sem visao por local
MA,2000,8028,OLINDA NOVA DO MARANHÃO,prefeito,MUNICIPIO_AUSENTE_NA_SECAO,Totais do munzona; sem visao por local
MA,2000,8028,OLINDA NOVA DO MARANHÃO,vereador,MUNICIPIO_AUSENTE_NA_SECAO,Totais do munzona; sem visao por local
MA,2000,8516,PALMEIRÂNDIA,prefeito,MUNICIPIO_AUSENTE_NA_SECAO,Totais do munzona; sem visao por local
MA,2000,8516,PALMEIRÂNDIA,vereador,MUNICIPIO_AUSENTE_NA_SECAO,Totais do munzona; sem visao por local
MA,2000,8532,PARAIBANO,prefeito,MUNICIPIO_AUSENTE_NA_SECAO,Totais do munzona; sem visao por local
MA,2000,8532,PARAIBANO,vereador,MUNICIPIO_AUSENTE_NA_SECAO,Totais do munzona; sem visao por local
MA,2000,8559,PARNARAMA,prefeito,MUNICIPIO_AUSENTE_NA_SECAO,Totais do munzona; sem visao por local
MA,2000,8559,PARNARAMA,vereador,MUNICIPIO_AUSENTE_NA_SECAO,Totais do munzona; sem visao por local
MA,2000,8575,PASSAGEM FRANCA,prefeito,MUNICIPIO_AUSENTE_NA_SECAO,Totais do munzona; sem visao por local
MA,2000,8575,PASSAGEM FRANCA,vereador,MUNICIPIO_AUSENTE_NA_SECAO,Totais do munzona; sem visao por local
MA,2000,8591,PASTOS BONS,prefeito,MUNICIPIO_AUSENTE_NA_SECAO,Totais do munzona; sem visao por local
MA,2000,8591,PASTOS BONS,vereador,MUNICIPIO_AUSENTE_NA_SECAO,Totais do munzona; sem visao por local
MA,2000,8044,PAULINO NEVES,prefeito,MUNICIPIO_AUSENTE_NA_SECAO,Totais do munzona; sem visao por local
MA,2000,8044,PAULINO NEVES,vereador,MUNICIPIO_AUSENTE_NA_SECAO,Totais do munzona; sem visao por local
MA,2000,9598,PAULO RAMOS,prefeito,MUNICIPIO_AUSENTE_NA_SECAO,Totais do munzona; sem visao por local
MA,2000,9598,PAULO RAMOS,vereador,MUNICIPIO_AUSENTE_NA_SECAO,Totais do munzona; sem visao por local
MA,2000,8494,PAÇO DO LUMIAR,prefeito,MUNICIPIO_AUSENTE_NA_SECAO,Totais do munzona; sem visao por local
MA,2000,8494,PAÇO DO LUMIAR,vereador,MUNICIPIO_AUSENTE_NA_SECAO,Totais do munzona; sem visao por local
MA,2000,8613,PEDREIRAS,prefeito,MUNICIPIO_AUSENTE_NA_SECAO,Totais do munzona; sem visao por local
MA,2000,8613,PEDREIRAS,vereador,MUNICIPIO_AUSENTE_NA_SECAO,Totais do munzona; sem visao por local
MA,2000,8060,PEDRO DO ROSÁRIO,prefeito,MUNICIPIO_AUSENTE_NA_SECAO,Totais do munzona; sem visao por local
MA,2000,8060,PEDRO DO ROSÁRIO,vereador,MUNICIPIO_AUSENTE_NA_SECAO,Totais do munzona; sem visao por local
MA,2000,8630,PENALVA,prefeito,MUNICIPIO_AUSENTE_NA_SECAO,Totais do munzona; sem visao por local
MA,2000,8630,PENALVA,vereador,MUNICIPIO_AUSENTE_NA_SECAO,Totais do munzona; sem visao por local
MA,2000,8656,PERI MIRIM,prefeito,MUNICIPIO_AUSENTE_NA_SECAO,Totais do munzona; sem visao por local
MA,2000,8656,PERI MIRIM,vereador,MUNICIPIO_AUSENTE_NA_SECAO,Totais do munzona; sem visao por local
MA,2000,8087,PERITORÓ,prefeito,MUNICIPIO_AUSENTE_NA_SECAO,Totais do munzona; sem visao por local
MA,2000,8087,PERITORÓ,vereador,MUNICIPIO_AUSENTE_NA_SECAO,Totais do munzona; sem visao por local
MA,2000,8672,PINDARÉ-MIRIM,prefeito,MUNICIPIO_AUSENTE_NA_SECAO,Totais do munzona; sem visao por local
MA,2000,8672,PINDARÉ-MIRIM,vereador,MUNICIPIO_AUSENTE_NA_SECAO,Totais do munzona; sem visao por local
MA,2000,8699,PINHEIRO,prefeito,MUNICIPIO_AUSENTE_NA_SECAO,Totais do munzona; sem visao por local
MA,2000,8699,PINHEIRO,vereador,MUNICIPIO_AUSENTE_NA_SECAO,Totais do munzona; sem visao por local
MA,2000,8710,PIO XII,prefeito,MUNICIPIO_AUSENTE_NA_SECAO,Totais do munzona; sem visao por local
MA,2000,8710,PIO XII,vereador,MUNICIPIO_AUSENTE_NA_SECAO,Totais do munzona; sem visao por local
MA,2000,8737,PIRAPEMAS,prefeito,MUNICIPIO_AUSENTE_NA_SECAO,Totais do munzona; sem visao por local
MA,2000,8737,PIRAPEMAS,vereador,MUNICIPIO_AUSENTE_NA_SECAO,Totais do munzona; sem visao por local
MA,2000,8770,PORTO FRANCO,prefeito,MUNICIPIO_AUSENTE_NA_SECAO,Totais do munzona; sem visao por local
MA,2000,8770,PORTO FRANCO,vereador,MUNICIPIO_AUSENTE_NA_SECAO,Totais do munzona; sem visao por local
MA,2000,8109,PORTO RICO DO MARANHÃO,prefeito,MUNICIPIO_AUSENTE_NA_SECAO,Totais do munzona; sem visao por local
MA,2000,8109,PORTO RICO DO MARANHÃO,vereador,MUNICIPIO_AUSENTE_NA_SECAO,Totais do munzona; sem visao por local
MA,2000,8753,POÇÃO DE PEDRAS,prefeito,MUNICIPIO_AUSENTE_NA_SECAO,Totais do munzona; sem visao por local
MA,2000,8753,POÇÃO DE PEDRAS,vereador,MUNICIPIO_AUSENTE_NA_SECAO,Totais do munzona; sem visao por local
MA,2000,8796,PRESIDENTE DUTRA,prefeito,MUNICIPIO_AUSENTE_NA_SECAO,Totais do munzona; sem visao por local
MA,2000,8796,PRESIDENTE DUTRA,vereador,MUNICIPIO_AUSENTE_NA_SECAO,Totais do munzona; sem visao por local
MA,2000,8818,PRESIDENTE JUSCELINO,prefeito,MUNICIPIO_AUSENTE_NA_SECAO,Totais do munzona; sem visao por local
MA,2000,8818,PRESIDENTE JUSCELINO,vereador,MUNICIPIO_AUSENTE_NA_SECAO,Totais do munzona; sem visao por local
MA,2000,8125,PRESIDENTE MÉDICI,prefeito,MUNICIPIO_AUSENTE_NA_SECAO,Totais do munzona; sem visao por local
MA,2000,8125,PRESIDENTE MÉDICI,vereador,MUNICIPIO_AUSENTE_NA_SECAO,Totais do munzona; sem visao por local
MA,2000,8141,PRESIDENTE SARNEY,prefeito,MUNICIPIO_AUSENTE_NA_SECAO,Totais do munzona; sem visao por local
MA,2000,8141,PRESIDENTE SARNEY,vereador,MUNICIPIO_AUSENTE_NA_SECAO,Totais do munzona; sem visao por local
MA,2000,8834,PRESIDENTE VARGAS,prefeito,MUNICIPIO_AUSENTE_NA_SECAO,Totais do munzona; sem visao por local
MA,2000,8834,PRESIDENTE VARGAS,vereador,MUNICIPIO_AUSENTE_NA_SECAO,Totais do munzona; sem visao por local
MA,2000,8850,PRIMEIRA CRUZ,prefeito,MUNICIPIO_AUSENTE_NA_SECAO,Totais do munzona; sem visao por local
MA,2000,8850,PRIMEIRA CRUZ,vereador,MUNICIPIO_AUSENTE_NA_SECAO,Totais do munzona; sem visao por local
MA,2000,8168,RAPOSA,prefeito,MUNICIPIO_AUSENTE_NA_SECAO,Totais do munzona; sem visao por local
MA,2000,8168,RAPOSA,vereador,MUNICIPIO_AUSENTE_NA_SECAO,Totais do munzona; sem visao por local
MA,2000,8877,RIACHÃO,prefeito,MUNICIPIO_AUSENTE_NA_SECAO,Totais do munzona; sem visao por local
MA,2000,8877,RIACHÃO,vereador,MUNICIPIO_AUSENTE_NA_SECAO,Totais do munzona; sem visao por local
MA,2000,8184,RIBAMAR FIQUENE,prefeito,MUNICIPIO_AUSENTE_NA_SECAO,Totais do munzona; sem visao por local
MA,2000,8184,RIBAMAR FIQUENE,vereador,MUNICIPIO_AUSENTE_NA_SECAO,Totais do munzona; sem visao por local
MA,2000,8915,ROSÁRIO,prefeito,MUNICIPIO_AUSENTE_NA_SECAO,Totais do munzona; sem visao por local
MA,2000,8915,ROSÁRIO,vereador,MUNICIPIO_AUSENTE_NA_SECAO,Totais do munzona; sem visao por local
MA,2000,8931,SAMBAÍBA,prefeito,MUNICIPIO_AUSENTE_NA_SECAO,Totais do munzona; sem visao por local
MA,2000,8931,SAMBAÍBA,vereador,MUNICIPIO_AUSENTE_NA_SECAO,Totais do munzona; sem visao por local
MA,2000,8206,SANTA FILOMENA DO MARANHÃO,prefeito,MUNICIPIO_AUSENTE_NA_SECAO,Totais do munzona; sem visao por local
MA,2000,8206,SANTA FILOMENA DO MARANHÃO,vereador,MUNICIPIO_AUSENTE_NA_SECAO,Totais do munzona; sem visao por local
MA,2000,8958,SANTA HELENA,prefeito,MUNICIPIO_AUSENTE_NA_SECAO,Totais do munzona; sem visao por local
MA,2000,8958,SANTA HELENA,vereador,MUNICIPIO_AUSENTE_NA_SECAO,Totais do munzona; sem visao por local
MA,2000,9571,SANTA INÊS,prefeito,MUNICIPIO_AUSENTE_NA_SECAO,Totais do munzona; sem visao por local
MA,2000,9571,SANTA INÊS,vereador,MUNICIPIO_AUSENTE_NA_SECAO,Totais do munzona; sem visao por local
MA,2000,8974,SANTA LUZIA,prefeito,MUNICIPIO_AUSENTE_NA_SECAO,Totais do munzona; sem visao por local
MA,2000,8974,SANTA LUZIA,vereador,MUNICIPIO_AUSENTE_NA_SECAO,Totais do munzona; sem visao por local
MA,2000,9652,SANTA LUZIA DO PARUÁ,prefeito,MUNICIPIO_AUSENTE_NA_SECAO,Totais do munzona; sem visao por local
MA,2000,9652,SANTA LUZIA DO PARUÁ,vereador,MUNICIPIO_AUSENTE_NA_SECAO,Totais do munzona; sem visao por local
MA,2000,8990,SANTA QUITÉRIA DO MARANHÃO,prefeito,MUNICIPIO_AUSENTE_NA_SECAO,Totais do munzona; sem visao por local
MA,2000,8990,SANTA QUITÉRIA DO MARANHÃO,vereador,MUNICIPIO_AUSENTE_NA_SECAO,Totais do munzona; sem visao por local
MA,2000,9016,SANTA RITA,prefeito,MUNICIPIO_AUSENTE_NA_SECAO,Totais do munzona; sem visao por local
MA,2000,9016,SANTA RITA,vereador,MUNICIPIO_AUSENTE_NA_SECAO,Totais do munzona; sem visao por local
MA,2000,8222,SANTANA DO MARANHÃO,prefeito,MUNICIPIO_AUSENTE_NA_SECAO,Totais do munzona; sem visao por local
MA,2000,8222,SANTANA DO MARANHÃO,vereador,MUNICIPIO_AUSENTE_NA_SECAO,Totais do munzona; sem visao por local
MA,2000,8249,SANTO AMARO DO MARANHÃO,prefeito,MUNICIPIO_AUSENTE_NA_SECAO,Totais do munzona; sem visao por local
MA,2000,8249,SANTO AMARO DO MARANHÃO,vereador,MUNICIPIO_AUSENTE_NA_SECAO,Totais do munzona; sem visao por local
MA,2000,9032,SANTO ANTÔNIO DOS LOPES,prefeito,MUNICIPIO_AUSENTE_NA_SECAO,Totais do munzona; sem visao por local
MA,2000,9032,SANTO ANTÔNIO DOS LOPES,vereador,MUNICIPIO_AUSENTE_NA_SECAO,Totais do munzona; sem visao por local
MA,2000,8460,SATUBINHA,prefeito,MUNICIPIO_AUSENTE_NA_SECAO,Totais do munzona; sem visao por local
MA,2000,8460,SATUBINHA,vereador,MUNICIPIO_AUSENTE_NA_SECAO,Totais do munzona; sem visao por local
MA,2000,8486,SENADOR ALEXANDRE COSTA,prefeito,MUNICIPIO_AUSENTE_NA_SECAO,Totais do munzona; sem visao por local
MA,2000,8486,SENADOR ALEXANDRE COSTA,vereador,MUNICIPIO_AUSENTE_NA_SECAO,Totais do munzona; sem visao por local
MA,2000,8508,SENADOR LA ROQUE,prefeito,MUNICIPIO_AUSENTE_NA_SECAO,Totais do munzona; sem visao por local
MA,2000,8508,SENADOR LA ROQUE,vereador,MUNICIPIO_AUSENTE_NA_SECAO,Totais do munzona; sem visao por local
MA,2000,8524,SERRANO DO MARANHÃO,prefeito,MUNICIPIO_AUSENTE_NA_SECAO,Totais do munzona; sem visao por local
MA,2000,8524,SERRANO DO MARANHÃO,vereador,MUNICIPIO_AUSENTE_NA_SECAO,Totais do munzona; sem visao por local
MA,2000,9318,SUCUPIRA DO NORTE,prefeito,MUNICIPIO_AUSENTE_NA_SECAO,Totais do munzona; sem visao por local
MA,2000,9318,SUCUPIRA DO NORTE,vereador,MUNICIPIO_AUSENTE_NA_SECAO,Totais do munzona; sem visao por local
MA,2000,8540,SUCUPIRA DO RIACHÃO,prefeito,MUNICIPIO_AUSENTE_NA_SECAO,Totais do munzona; sem visao por local
MA,2000,8540,SUCUPIRA DO RIACHÃO,vereador,MUNICIPIO_AUSENTE_NA_SECAO,Totais do munzona; sem visao por local
MA,2000,9059,SÃO BENEDITO DO RIO PRETO,prefeito,MUNICIPIO_AUSENTE_NA_SECAO,Totais do munzona; sem visao por local
MA,2000,9059,SÃO BENEDITO DO RIO PRETO,vereador,MUNICIPIO_AUSENTE_NA_SECAO,Totais do munzona; sem visao por local
MA,2000,9075,SÃO BENTO,prefeito,MUNICIPIO_AUSENTE_NA_SECAO,Totais do munzona; sem visao por local
MA,2000,9075,SÃO BENTO,vereador,MUNICIPIO_AUSENTE_NA_SECAO,Totais do munzona; sem visao por local
MA,2000,9091,SÃO BERNARDO,prefeito,MUNICIPIO_AUSENTE_NA_SECAO,Totais do munzona; sem visao por local
MA,2000,9091,SÃO BERNARDO,vereador,MUNICIPIO_AUSENTE_NA_SECAO,Totais do munzona; sem visao por local
MA,2000,8265,SÃO DOMINGOS DO AZEITÃO,prefeito,MUNICIPIO_AUSENTE_NA_SECAO,Totais do munzona; sem visao por local
MA,2000,8265,SÃO DOMINGOS DO AZEITÃO,vereador,MUNICIPIO_AUSENTE_NA_SECAO,Totais do munzona; sem visao por local
MA,2000,9113,SÃO DOMINGOS DO MARANHÃO,prefeito,MUNICIPIO_AUSENTE_NA_SECAO,Totais do munzona; sem visao por local
MA,2000,9113,SÃO DOMINGOS DO MARANHÃO,vereador,MUNICIPIO_AUSENTE_NA_SECAO,Totais do munzona; sem visao por local
MA,2000,8281,SÃO FRANCISCO DO BREJÃO,prefeito,MUNICIPIO_AUSENTE_NA_SECAO,Totais do munzona; sem visao por local
MA,2000,8281,SÃO FRANCISCO DO BREJÃO,vereador,MUNICIPIO_AUSENTE_NA_SECAO,Totais do munzona; sem visao por local
MA,2000,9156,SÃO FRANCISCO DO MARANHÃO,prefeito,MUNICIPIO_AUSENTE_NA_SECAO,Totais do munzona; sem visao por local
MA,2000,9156,SÃO FRANCISCO DO MARANHÃO,vereador,MUNICIPIO_AUSENTE_NA_SECAO,Totais do munzona; sem visao por local
MA,2000,9130,SÃO FÉLIX DE BALSAS,prefeito,MUNICIPIO_AUSENTE_NA_SECAO,Totais do munzona; sem visao por local
MA,2000,9130,SÃO FÉLIX DE BALSAS,vereador,MUNICIPIO_AUSENTE_NA_SECAO,Totais do munzona; sem visao por local
MA,2000,8893,SÃO JOSÉ DE RIBAMAR,prefeito,MUNICIPIO_AUSENTE_NA_SECAO,Totais do munzona; sem visao por local
MA,2000,8893,SÃO JOSÉ DE RIBAMAR,vereador,MUNICIPIO_AUSENTE_NA_SECAO,Totais do munzona; sem visao por local
MA,2000,8362,SÃO JOSÉ DOS BASÍLIOS,prefeito,MUNICIPIO_AUSENTE_NA_SECAO,Totais do munzona; sem visao por local
MA,2000,8362,SÃO JOSÉ DOS BASÍLIOS,vereador,MUNICIPIO_AUSENTE_NA_SECAO,Totais do munzona; sem visao por local
MA,2000,9172,SÃO JOÃO BATISTA,prefeito,MUNICIPIO_AUSENTE_NA_SECAO,Totais do munzona; sem visao por local
MA,2000,9172,SÃO JOÃO BATISTA,vereador,MUNICIPIO_AUSENTE_NA_SECAO,Totais do munzona; sem visao por local
MA,2000,8303,SÃO JOÃO DO CARÚ,prefeito,MUNICIPIO_AUSENTE_NA_SECAO,Totais do munzona; sem visao por local
MA,2000,8303,SÃO JOÃO DO CARÚ,vereador,MUNICIPIO_AUSENTE_NA_SECAO,Totais do munzona; sem visao por local
MA,2000,8320,SÃO JOÃO DO PARAÍSO,prefeito,MUNICIPIO_AUSENTE_NA_SECAO,Totais do munzona; sem visao por local
MA,2000,8320,SÃO JOÃO DO PARAÍSO,vereador,MUNICIPIO_AUSENTE_NA_SECAO,Totais do munzona; sem visao por local
MA,2000,8346,SÃO JOÃO DO SOTER,prefeito,MUNICIPIO_AUSENTE_NA_SECAO,Totais do munzona; sem visao por local
MA,2000,8346,SÃO JOÃO DO SOTER,vereador,MUNICIPIO_AUSENTE_NA_SECAO,Totais do munzona; sem visao por local
MA,2000,9199,SÃO JOÃO DOS PATOS,prefeito,MUNICIPIO_AUSENTE_NA_SECAO,Totais do munzona; sem visao por local
MA,2000,9199,SÃO JOÃO DOS PATOS,vereador,MUNICIPIO_AUSENTE_NA_SECAO,Totais do munzona; sem visao por local
MA,2000,8052,SÃO LUÍS GONZAGA DO MARANHÃO,prefeito,MUNICIPIO_AUSENTE_NA_SECAO,Totais do munzona; sem visao por local
MA,2000,8052,SÃO LUÍS GONZAGA DO MARANHÃO,vereador,MUNICIPIO_AUSENTE_NA_SECAO,Totais do munzona; sem visao por local
MA,2000,9237,SÃO MATEUS DO MARANHÃO,prefeito,MUNICIPIO_AUSENTE_NA_SECAO,Totais do munzona; sem visao por local
MA,2000,9237,SÃO MATEUS DO MARANHÃO,vereador,MUNICIPIO_AUSENTE_NA_SECAO,Totais do munzona; sem visao por local
MA,2000,8389,SÃO PEDRO DA ÁGUA BRANCA,prefeito,MUNICIPIO_AUSENTE_NA_SECAO,Totais do munzona; sem visao por local
MA,2000,8389,SÃO PEDRO DA ÁGUA BRANCA,vereador,MUNICIPIO_AUSENTE_NA_SECAO,Totais do munzona; sem visao por local
MA,2000,8400,SÃO PEDRO DOS CRENTES,prefeito,MUNICIPIO_AUSENTE_NA_SECAO,Totais do munzona; sem visao por local
MA,2000,8400,SÃO PEDRO DOS CRENTES,vereador,MUNICIPIO_AUSENTE_NA_SECAO,Totais do munzona; sem visao por local
MA,2000,9253,SÃO RAIMUNDO DAS MANGABEIRAS,prefeito,MUNICIPIO_AUSENTE_NA_SECAO,Totais do munzona; sem visao por local
MA,2000,9253,SÃO RAIMUNDO DAS MANGABEIRAS,vereador,MUNICIPIO_AUSENTE_NA_SECAO,Totais do munzona; sem visao por local
MA,2000,8427,SÃO RAIMUNDO DO DOCA BEZERRA,prefeito,MUNICIPIO_AUSENTE_NA_SECAO,Totais do munzona; sem visao por local
MA,2000,8427,SÃO RAIMUNDO DO DOCA BEZERRA,vereador,MUNICIPIO_AUSENTE_NA_SECAO,Totais do munzona; sem visao por local
MA,2000,8443,SÃO ROBERTO,prefeito,MUNICIPIO_AUSENTE_NA_SECAO,Totais do munzona; sem visao por local
MA,2000,8443,SÃO ROBERTO,vereador,MUNICIPIO_AUSENTE_NA_SECAO,Totais do munzona; sem visao por local
MA,2000,9270,SÃO VICENTE FERRER,prefeito,MUNICIPIO_AUSENTE_NA_SECAO,Totais do munzona; sem visao por local
MA,2000,9270,SÃO VICENTE FERRER,vereador,MUNICIPIO_AUSENTE_NA_SECAO,Totais do munzona; sem visao por local
MA,2000,9296,SÍTIO NOVO,prefeito,MUNICIPIO_AUSENTE_NA_SECAO,Totais do munzona; sem visao por local
MA,2000,9296,SÍTIO NOVO,vereador,MUNICIPIO_AUSENTE_NA_SECAO,Totais do munzona; sem visao por local
MA,2000,9334,TASSO FRAGOSO,prefeito,MUNICIPIO_AUSENTE_NA_SECAO,Totais do munzona; sem visao por local
MA,2000,9334,TASSO FRAGOSO,vereador,MUNICIPIO_AUSENTE_NA_SECAO,Totais do munzona; sem visao por local
MA,2000,9350,TIMBIRAS,prefeito,MUNICIPIO_AUSENTE_NA_SECAO,Totais do munzona; sem visao por local
MA,2000,9350,TIMBIRAS,vereador,MUNICIPIO_AUSENTE_NA_SECAO,Totais do munzona; sem visao por local
MA,2000,9377,TIMON,prefeito,MUNICIPIO_AUSENTE_NA_SECAO,Totais do munzona; sem visao por local
MA,2000,9377,TIMON,vereador,MUNICIPIO_AUSENTE_NA_SECAO,Totais do munzona; sem visao por local
MA,2000,8567,TRIZIDELA DO VALE,prefeito,MUNICIPIO_AUSENTE_NA_SECAO,Totais do munzona; sem visao por local
MA,2000,8567,TRIZIDELA DO VALE,vereador,MUNICIPIO_AUSENTE_NA_SECAO,Totais do munzona; sem visao por local
MA,2000,8583,TUFILÂNDIA,prefeito,MUNICIPIO_AUSENTE_NA_SECAO,Totais do munzona; sem visao por local
MA,2000,8583,TUFILÂNDIA,vereador,MUNICIPIO_AUSENTE_NA_SECAO,Totais do munzona; sem visao por local
MA,2000,9393,TUNTUM,prefeito,MUNICIPIO_AUSENTE_NA_SECAO,Totais do munzona; sem visao por local
MA,2000,9393,TUNTUM,vereador,MUNICIPIO_AUSENTE_NA_SECAO,Totais do munzona; sem visao por local
MA,2000,9415,TURIAÇU,prefeito,MUNICIPIO_AUSENTE_NA_SECAO,Totais do munzona; sem visao por local
MA,2000,9415,TURIAÇU,vereador,MUNICIPIO_AUSENTE_NA_SECAO,Totais do munzona; sem visao por local
MA,2000,8605,TURILÂNDIA,prefeito,MUNICIPIO_AUSENTE_NA_SECAO,Totais do munzona; sem visao por local
MA,2000,8605,TURILÂNDIA,vereador,MUNICIPIO_AUSENTE_NA_SECAO,Totais do munzona; sem visao por local
MA,2000,9431,TUTÓIA,prefeito,MUNICIPIO_AUSENTE_NA_SECAO,Totais do munzona; sem visao por local
MA,2000,9431,TUTÓIA,vereador,MUNICIPIO_AUSENTE_NA_SECAO,Totais do munzona; sem visao por local
MA,2000,9458,URBANO SANTOS,prefeito,MUNICIPIO_AUSENTE_NA_SECAO,Totais do munzona; sem visao por local
MA,2000,9458,URBANO SANTOS,vereador,MUNICIPIO_AUSENTE_NA_SECAO,Totais do munzona; sem visao por local
MA,2000,9474,VARGEM GRANDE,prefeito,MUNICIPIO_AUSENTE_NA_SECAO,Totais do munzona; sem visao por local
MA,2000,9474,VARGEM GRANDE,vereador,MUNICIPIO_AUSENTE_NA_SECAO,Totais do munzona; sem visao por local
MA,2000,9490,VIANA,prefeito,MUNICIPIO_AUSENTE_NA_SECAO,Totais do munzona; sem visao por local
MA,2000,9490,VIANA,vereador,MUNICIPIO_AUSENTE_NA_SECAO,Totais do munzona; sem visao por local
MA,2000,8621,VILA NOVA DOS MARTÍRIOS,prefeito,MUNICIPIO_AUSENTE_NA_SECAO,Totais do munzona; sem visao por local
MA,2000,8621,VILA NOVA DOS MARTÍRIOS,vereador,MUNICIPIO_AUSENTE_NA_SECAO,Totais do munzona; sem visao por local
MA,2000,9539,VITORINO FREIRE,prefeito,MUNICIPIO_AUSENTE_NA_SECAO,Totais do munzona; sem visao por local
MA,2000,9539,VITORINO FREIRE,vereador,MUNICIPIO_AUSENTE_NA_SECAO,Totais do munzona; sem visao por local
MA,2000,9512,VITÓRIA DO MEARIM,prefeito,MUNICIPIO_AUSENTE_NA_SECAO,Totais do munzona; sem visao por local
MA,2000,9512,VITÓRIA DO MEARIM,vereador,MUNICIPIO_AUSENTE_NA_SECAO,Totais do munzona; sem visao por local
MA,2000,9717,ZÉ DOCA,prefeito,MUNICIPIO_AUSENTE_NA_SECAO,Totais do munzona; sem visao por local
MA,2000,9717,ZÉ DOCA,vereador,MUNICIPIO_AUSENTE_NA_SECAO,Totais do munzona; sem visao por local
MA,2004,7048,ALTO ALEGRE DO PINDARÉ,prefeito,MUNICIPIO_AUSENTE_NA_SECAO,Totais do munzona; sem visao por local
MA,2004,7048,ALTO ALEGRE DO PINDARÉ,vereador,MUNICIPIO_AUSENTE_NA_SECAO,Totais do munzona; sem visao por local
MA,2004,7374,BEQUIMÃO,prefeito,MUNICIPIO_AUSENTE_NA_SECAO,Totais do munzona; sem visao por local
MA,2004,7374,BEQUIMÃO,vereador,MUNICIPIO_AUSENTE_NA_SECAO,Totais do munzona; sem visao por local
MA,2004,7269,BOM JESUS DAS SELVAS,prefeito,MUNICIPIO_AUSENTE_NA_SECAO,Totais do munzona; sem visao por local
MA,2004,7269,BOM JESUS DAS SELVAS,vereador,MUNICIPIO_AUSENTE_NA_SECAO,Totais do munzona; sem visao por local
MA,2004,7340,BURITICUPU,prefeito,MUNICIPIO_AUSENTE_NA_SECAO,Totais do munzona; sem visao por local
MA,2004,7340,BURITICUPU,vereador,MUNICIPIO_AUSENTE_NA_SECAO,Totais do munzona; sem visao por local
MA,2004,7820,LAGOA DO MATO,prefeito,MUNICIPIO_AUSENTE_NA_SECAO,Totais do munzona; sem visao por local
MA,2004,7820,LAGOA DO MATO,vereador,MUNICIPIO_AUSENTE_NA_SECAO,Totais do munzona; sem visao por local
MA,2004,7846,LAGOA GRANDE DO MARANHÃO,prefeito,MUNICIPIO_AUSENTE_NA_SECAO,Totais do munzona; sem visao por local
MA,2004,7846,LAGOA GRANDE DO MARANHÃO,vereador,MUNICIPIO_AUSENTE_NA_SECAO,Totais do munzona; sem visao por local
MA,2004,8516,PALMEIRÂNDIA,prefeito,MUNICIPIO_AUSENTE_NA_SECAO,Totais do munzona; sem visao por local
MA,2004,8516,PALMEIRÂNDIA,vereador,MUNICIPIO_AUSENTE_NA_SECAO,Totais do munzona; sem visao por local
MA,2004,8656,PERI MIRIM,prefeito,MUNICIPIO_AUSENTE_NA_SECAO,Totais do munzona; sem visao por local
MA,2004,8656,PERI MIRIM,vereador,MUNICIPIO_AUSENTE_NA_SECAO,Totais do munzona; sem visao por local
MA,2004,8974,SANTA LUZIA,prefeito,MUNICIPIO_AUSENTE_NA_SECAO,Totais do munzona; sem visao por local
MA,2004,8974,SANTA LUZIA,vereador,MUNICIPIO_AUSENTE_NA_SECAO,Totais do munzona; sem visao por local
MA,2004,8249,SANTO AMARO DO MARANHÃO,prefeito,MUNICIPIO_AUSENTE_NA_SECAO,Totais do munzona; sem visao por local
MA,2004,8249,SANTO AMARO DO MARANHÃO,vereador,MUNICIPIO_AUSENTE_NA_SECAO,Totais do munzona; sem visao por local
MA,2004,8389,SÃO PEDRO DA ÁGUA BRANCA,prefeito,MUNICIPIO_AUSENTE_NA_SECAO,Totais do munzona; sem visao por local
MA,2004,8389,SÃO PEDRO DA ÁGUA BRANCA,vereador,MUNICIPIO_AUSENTE_NA_SECAO,Totais do munzona; sem visao por local
MA,2004,9334,TASSO FRAGOSO,prefeito,MUNICIPIO_AUSENTE_NA_SECAO,Totais do munzona; sem visao por local
MA,2004,9334,TASSO FRAGOSO,vereador,MUNICIPIO_AUSENTE_NA_SECAO,Totais do munzona; sem visao por local
MA,2004,8621,VILA NOVA DOS MARTÍRIOS,prefeito,MUNICIPIO_AUSENTE_NA_SECAO,Totais do munzona; sem visao por local
MA,2004,8621,VILA NOVA DOS MARTÍRIOS,vereador,MUNICIPIO_AUSENTE_NA_SECAO,Totais do munzona; sem visao por local
MG,2000,41157,TRÊS MARIAS,prefeito,MUNICIPIO_AUSENTE_NA_SECAO,Totais do munzona; sem visao por local
MG,2000,41157,TRÊS MARIAS,vereador,MUNICIPIO_AUSENTE_NA_SECAO,Totais do munzona; sem visao por local
MG,2004,40878,ARGIRITA,prefeito,MUNICIPIO_AUSENTE_NA_SECAO,Totais do munzona; sem visao por local
MG,2004,40878,ARGIRITA,vereador,MUNICIPIO_AUSENTE_NA_SECAO,Totais do munzona; sem visao por local
MG,2004,46817,ITUETA,prefeito,MUNICIPIO_AUSENTE_NA_SECAO,Totais do munzona; sem visao por local
MG,2004,47678,LEOPOLDINA,prefeito,MUNICIPIO_AUSENTE_NA_SECAO,Totais do munzona; sem visao por local
MG,2004,47678,LEOPOLDINA,vereador,MUNICIPIO_AUSENTE_NA_SECAO,Totais do munzona; sem visao por local
MG,2004,50814,RECREIO,prefeito,MUNICIPIO_AUSENTE_NA_SECAO,Totais do munzona; sem visao por local
MG,2004,50814,RECREIO,vereador,MUNICIPIO_AUSENTE_NA_SECAO,Totais do munzona; sem visao por local
MT,2000,90018,ACORIZAL,prefeito,MUNICIPIO_AUSENTE_NA_SECAO,Totais do munzona; sem visao por local
MT,2000,90018,ACORIZAL,vereador,MUNICIPIO_AUSENTE_NA_SECAO,Totais do munzona; sem visao por local
MT,2000,90255,ARENÁPOLIS,prefeito,MUNICIPIO_AUSENTE_NA_SECAO,Totais do munzona; sem visao por local
MT,2000,90255,ARENÁPOLIS,vereador,MUNICIPIO_AUSENTE_NA_SECAO,Totais do munzona; sem visao por local
MT,2000,90522,CLÁUDIA,prefeito,MUNICIPIO_AUSENTE_NA_SECAO,Totais do munzona; sem visao por local
MT,2000,90522,CLÁUDIA,vereador,MUNICIPIO_AUSENTE_NA_SECAO,Totais do munzona; sem visao por local
MT,2000,89796,COLÍDER,prefeito,MUNICIPIO_AUSENTE_NA_SECAO,Totais do munzona; sem visao por local
MT,2000,89796,COLÍDER,vereador,MUNICIPIO_AUSENTE_NA_SECAO,Totais do munzona; sem visao por local
MT,2000,90786,FELIZ NATAL,prefeito,MUNICIPIO_AUSENTE_NA_SECAO,Totais do munzona; sem visao por local
MT,2000,90786,FELIZ NATAL,vereador,MUNICIPIO_AUSENTE_NA_SECAO,Totais do munzona; sem visao por local
MT,2000,98698,ITAÚBA,prefeito,MUNICIPIO_AUSENTE_NA_SECAO,Totais do munzona; sem visao por local
MT,2000,98698,ITAÚBA,vereador,MUNICIPIO_AUSENTE_NA_SECAO,Totais do munzona; sem visao por local
MT,2000,90565,JANGADA,prefeito,MUNICIPIO_AUSENTE_NA_SECAO,Totais do munzona; sem visao por local
MT,2000,90565,JANGADA,vereador,MUNICIPIO_AUSENTE_NA_SECAO,Totais do munzona; sem visao por local
MT,2000,98191,JUARA,prefeito,MUNICIPIO_AUSENTE_NA_SECAO,Totais do munzona; sem visao por local
MT,2000,98191,JUARA,vereador,MUNICIPIO_AUSENTE_NA_SECAO,Totais do munzona; sem visao por local
MT,2000,98710,MARCELÂNDIA,prefeito,MUNICIPIO_AUSENTE_NA_SECAO,Totais do munzona; sem visao por local
MT,2000,98710,MARCELÂNDIA,vereador,MUNICIPIO_AUSENTE_NA_SECAO,Totais do munzona; sem visao por local
MT,2000,91219,NOSSA SENHORA DO LIVRAMENTO,prefeito,MUNICIPIO_AUSENTE_NA_SECAO,Totais do munzona; sem visao por local
MT,2000,91219,NOSSA SENHORA DO LIVRAMENTO,vereador,MUNICIPIO_AUSENTE_NA_SECAO,Totais do munzona; sem visao por local
MT,2000,98752,NOVA CANAÃ DO NORTE,prefeito,MUNICIPIO_AUSENTE_NA_SECAO,Totais do munzona; sem visao por local
MT,2000,98752,NOVA CANAÃ DO NORTE,vereador,MUNICIPIO_AUSENTE_NA_SECAO,Totais do munzona; sem visao por local
MT,2000,90140,NOVA GUARITA,prefeito,MUNICIPIO_AUSENTE_NA_SECAO,Totais do munzona; sem visao por local
MT,2000,90140,NOVA GUARITA,vereador,MUNICIPIO_AUSENTE_NA_SECAO,Totais do munzona; sem visao por local
MT,2000,90166,NOVA MARILÂNDIA,prefeito,MUNICIPIO_AUSENTE_NA_SECAO,Totais do munzona; sem visao por local
MT,2000,90166,NOVA MARILÂNDIA,vereador,MUNICIPIO_AUSENTE_NA_SECAO,Totais do munzona; sem visao por local
MT,2000,89826,NOVA SANTA HELENA,prefeito,MUNICIPIO_AUSENTE_NA_SECAO,Totais do munzona; sem visao por local
MT,2000,89826,NOVA SANTA HELENA,vereador,MUNICIPIO_AUSENTE_NA_SECAO,Totais do munzona; sem visao por local
MT,2000,91537,ROSÁRIO OESTE,prefeito,MUNICIPIO_AUSENTE_NA_SECAO,Totais do munzona; sem visao por local
MT,2000,91537,ROSÁRIO OESTE,vereador,MUNICIPIO_AUSENTE_NA_SECAO,Totais do munzona; sem visao por local
MT,2000,90107,SANTA CARMEM,prefeito,MUNICIPIO_AUSENTE_NA_SECAO,Totais do munzona; sem visao por local
MT,2000,90107,SANTA CARMEM,vereador,MUNICIPIO_AUSENTE_NA_SECAO,Totais do munzona; sem visao por local
MT,2000,90328,SANTO AFONSO,prefeito,MUNICIPIO_AUSENTE_NA_SECAO,Totais do munzona; sem visao por local
MT,2000,90328,SANTO AFONSO,vereador,MUNICIPIO_AUSENTE_NA_SECAO,Totais do munzona; sem visao por local
MT,2000,90727,SAPEZAL,prefeito,MUNICIPIO_AUSENTE_NA_SECAO,Totais do munzona; sem visao por local
MT,2000,90727,SAPEZAL,vereador,MUNICIPIO_AUSENTE_NA_SECAO,Totais do munzona; sem visao por local
MT,2000,89850,SINOP,prefeito,MUNICIPIO_AUSENTE_NA_SECAO,Totais do munzona; sem visao por local
MT,2000,89850,SINOP,vereador,MUNICIPIO_AUSENTE_NA_SECAO,Totais do munzona; sem visao por local
MT,2000,91855,TANGARÁ DA SERRA,prefeito,MUNICIPIO_AUSENTE_NA_SECAO,Totais do munzona; sem visao por local
MT,2000,91855,TANGARÁ DA SERRA,vereador,MUNICIPIO_AUSENTE_NA_SECAO,Totais do munzona; sem visao por local
MT,2000,90840,UNIÃO DO SUL,prefeito,MUNICIPIO_AUSENTE_NA_SECAO,Totais do munzona; sem visao por local
MT,2000,90840,UNIÃO DO SUL,vereador,MUNICIPIO_AUSENTE_NA_SECAO,Totais do munzona; sem visao por local
MT,2000,98973,VERA,prefeito,MUNICIPIO_AUSENTE_NA_SECAO,Totais do munzona; sem visao por local
MT,2000,98973,VERA,vereador,MUNICIPIO_AUSENTE_NA_SECAO,Totais do munzona; sem visao por local
MT,2004,90018,ACORIZAL,prefeito,MUNICIPIO_AUSENTE_NA_SECAO,Totais do munzona; sem visao por local
MT,2004,90018,ACORIZAL,vereador,MUNICIPIO_AUSENTE_NA_SECAO,Totais do munzona; sem visao por local
MT,2004,89877,ALTA FLORESTA,prefeito,MUNICIPIO_AUSENTE_NA_SECAO,Totais do munzona; sem visao por local
MT,2004,89877,ALTA FLORESTA,vereador,MUNICIPIO_AUSENTE_NA_SECAO,Totais do munzona; sem visao por local
MT,2004,90050,ALTO ARAGUAIA,prefeito,MUNICIPIO_AUSENTE_NA_SECAO,Totais do munzona; sem visao por local
MT,2004,90050,ALTO ARAGUAIA,vereador,MUNICIPIO_AUSENTE_NA_SECAO,Totais do munzona; sem visao por local
MT,2004,90042,ALTO BOA VISTA,prefeito,MUNICIPIO_AUSENTE_NA_SECAO,Totais do munzona; sem visao por local
MT,2004,90042,ALTO BOA VISTA,vereador,MUNICIPIO_AUSENTE_NA_SECAO,Totais do munzona; sem visao por local
MT,2004,90077,ALTO GARÇAS,prefeito,MUNICIPIO_AUSENTE_NA_SECAO,Totais do munzona; sem visao por local
MT,2004,90077,ALTO GARÇAS,vereador,MUNICIPIO_AUSENTE_NA_SECAO,Totais do munzona; sem visao por local
MT,2004,98612,ALTO TAQUARI,prefeito,MUNICIPIO_AUSENTE_NA_SECAO,Totais do munzona; sem visao por local
MT,2004,98612,ALTO TAQUARI,vereador,MUNICIPIO_AUSENTE_NA_SECAO,Totais do munzona; sem visao por local
MT,2004,90263,APIACÁS,prefeito,MUNICIPIO_AUSENTE_NA_SECAO,Totais do munzona; sem visao por local
MT,2004,90263,APIACÁS,vereador,MUNICIPIO_AUSENTE_NA_SECAO,Totais do munzona; sem visao por local
MT,2004,90239,ARAGUAINHA,prefeito,MUNICIPIO_AUSENTE_NA_SECAO,Totais do munzona; sem visao por local
MT,2004,90239,ARAGUAINHA,vereador,MUNICIPIO_AUSENTE_NA_SECAO,Totais do munzona; sem visao por local
MT,2004,90255,ARENÁPOLIS,prefeito,MUNICIPIO_AUSENTE_NA_SECAO,Totais do munzona; sem visao por local
MT,2004,90255,ARENÁPOLIS,vereador,MUNICIPIO_AUSENTE_NA_SECAO,Totais do munzona; sem visao por local
MT,2004,90271,ARIPUANÃ,prefeito,MUNICIPIO_AUSENTE_NA_SECAO,Totais do munzona; sem visao por local
MT,2004,90271,ARIPUANÃ,vereador,MUNICIPIO_AUSENTE_NA_SECAO,Totais do munzona; sem visao por local
MT,2004,90336,BARRA DO BUGRES,prefeito,MUNICIPIO_AUSENTE_NA_SECAO,Totais do munzona; sem visao por local
MT,2004,90336,BARRA DO BUGRES,vereador,MUNICIPIO_AUSENTE_NA_SECAO,Totais do munzona; sem visao por local
MT,2004,90310,BARÃO DE MELGAÇO,prefeito,MUNICIPIO_AUSENTE_NA_SECAO,Totais do munzona; sem visao por local
MT,2004,90310,BARÃO DE MELGAÇO,vereador,MUNICIPIO_AUSENTE_NA_SECAO,Totais do munzona; sem visao por local
MT,2004,90905,BOM JESUS DO ARAGUAIA,prefeito,MUNICIPIO_AUSENTE_NA_SECAO,Totais do munzona; sem visao por local
MT,2004,90905,BOM JESUS DO ARAGUAIA,vereador,MUNICIPIO_AUSENTE_NA_SECAO,Totais do munzona; sem visao por local
MT,2004,90468,BRASNORTE,prefeito,MUNICIPIO_AUSENTE_NA_SECAO,Totais do munzona; sem visao por local
MT,2004,90468,BRASNORTE,vereador,MUNICIPIO_AUSENTE_NA_SECAO,Totais do munzona; sem visao por local
MT,2004,90484,CAMPO NOVO DO PARECIS,prefeito,MUNICIPIO_AUSENTE_NA_SECAO,Totais do munzona; sem visao por local
MT,2004,90484,CAMPO NOVO DO PARECIS,vereador,MUNICIPIO_AUSENTE_NA_SECAO,Totais do munzona; sem visao por local
MT,2004,90085,CANABRAVA DO NORTE,prefeito,MUNICIPIO_AUSENTE_NA_SECAO,Totais do munzona; sem visao por local
MT,2004,90085,CANABRAVA DO NORTE,vereador,MUNICIPIO_AUSENTE_NA_SECAO,Totais do munzona; sem visao por local
MT,2004,91936,CANARANA,prefeito,MUNICIPIO_AUSENTE_NA_SECAO,Totais do munzona; sem visao por local
MT,2004,91936,CANARANA,vereador,MUNICIPIO_AUSENTE_NA_SECAO,Totais do munzona; sem visao por local
MT,2004,90760,CARLINDA,prefeito,MUNICIPIO_AUSENTE_NA_SECAO,Totais do munzona; sem visao por local
MT,2004,90760,CARLINDA,vereador,MUNICIPIO_AUSENTE_NA_SECAO,Totais do munzona; sem visao por local
MT,2004,90549,CASTANHEIRA,prefeito,MUNICIPIO_AUSENTE_NA_SECAO,Totais do munzona; sem visao por local
MT,2004,90549,CASTANHEIRA,vereador,MUNICIPIO_AUSENTE_NA_SECAO,Totais do munzona; sem visao por local
MT,2004,90522,CLÁUDIA,prefeito,MUNICIPIO_AUSENTE_NA_SECAO,Totais do munzona; sem visao por local
MT,2004,90522,CLÁUDIA,vereador,MUNICIPIO_AUSENTE_NA_SECAO,Totais do munzona; sem visao por local
MT,2004,98671,COCALINHO,prefeito,MUNICIPIO_AUSENTE_NA_SECAO,Totais do munzona; sem visao por local
MT,2004,98671,COCALINHO,vereador,MUNICIPIO_AUSENTE_NA_SECAO,Totais do munzona; sem visao por local
MT,2004,89788,COLNIZA,prefeito,MUNICIPIO_AUSENTE_NA_SECAO,Totais do munzona; sem visao por local
MT,2004,89788,COLNIZA,vereador,MUNICIPIO_AUSENTE_NA_SECAO,Totais do munzona; sem visao por local
MT,2004,90280,CONFRESA,prefeito,MUNICIPIO_AUSENTE_NA_SECAO,Totais do munzona; sem visao por local
MT,2004,90280,CONFRESA,vereador,MUNICIPIO_AUSENTE_NA_SECAO,Totais do munzona; sem visao por local
MT,2004,90425,COTRIGUAÇU,prefeito,MUNICIPIO_AUSENTE_NA_SECAO,Totais do munzona; sem visao por local
MT,2004,90425,COTRIGUAÇU,vereador,MUNICIPIO_AUSENTE_NA_SECAO,Totais do munzona; sem visao por local
MT,2004,90670,CUIABÁ,prefeito,MUNICIPIO_AUSENTE_NA_SECAO,Totais do munzona; sem visao por local
MT,2004,90670,CUIABÁ,vereador,MUNICIPIO_AUSENTE_NA_SECAO,Totais do munzona; sem visao por local
MT,2004,98337,DENISE,prefeito,MUNICIPIO_AUSENTE_NA_SECAO,Totais do munzona; sem visao por local
MT,2004,98337,DENISE,vereador,MUNICIPIO_AUSENTE_NA_SECAO,Totais do munzona; sem visao por local
MT,2004,90786,FELIZ NATAL,prefeito,MUNICIPIO_AUSENTE_NA_SECAO,Totais do munzona; sem visao por local
MT,2004,90786,FELIZ NATAL,vereador,MUNICIPIO_AUSENTE_NA_SECAO,Totais do munzona; sem visao por local
MT,2004,90581,JURUENA,prefeito,MUNICIPIO_AUSENTE_NA_SECAO,Totais do munzona; sem visao por local
MT,2004,90581,JURUENA,vereador,MUNICIPIO_AUSENTE_NA_SECAO,Totais do munzona; sem visao por local
MT,2004,98310,JUÍNA,prefeito,MUNICIPIO_AUSENTE_NA_SECAO,Totais do munzona; sem visao por local
MT,2004,98310,JUÍNA,vereador,MUNICIPIO_AUSENTE_NA_SECAO,Totais do munzona; sem visao por local
MT,2004,91057,LUCIARA,prefeito,MUNICIPIO_AUSENTE_NA_SECAO,Totais do munzona; sem visao por local
MT,2004,91057,LUCIARA,vereador,MUNICIPIO_AUSENTE_NA_SECAO,Totais do munzona; sem visao por local
MT,2004,91197,NORTELÂNDIA,prefeito,MUNICIPIO_AUSENTE_NA_SECAO,Totais do munzona; sem visao por local
MT,2004,91197,NORTELÂNDIA,vereador,MUNICIPIO_AUSENTE_NA_SECAO,Totais do munzona; sem visao por local
MT,2004,91219,NOSSA SENHORA DO LIVRAMENTO,prefeito,MUNICIPIO_AUSENTE_NA_SECAO,Totais do munzona; sem visao por local
MT,2004,91219,NOSSA SENHORA DO LIVRAMENTO,vereador,MUNICIPIO_AUSENTE_NA_SECAO,Totais do munzona; sem visao por local
MT,2004,90387,NOVA BANDEIRANTE,prefeito,MUNICIPIO_AUSENTE_NA_SECAO,Totais do munzona; sem visao por local
MT,2004,90387,NOVA BANDEIRANTE,vereador,MUNICIPIO_AUSENTE_NA_SECAO,Totais do munzona; sem visao por local
MT,2004,90166,NOVA MARILÂNDIA,prefeito,MUNICIPIO_AUSENTE_NA_SECAO,Totais do munzona; sem visao por local
MT,2004,90166,NOVA MARILÂNDIA,vereador,MUNICIPIO_AUSENTE_NA_SECAO,Totais do munzona; sem visao por local
MT,2004,90360,NOVA MONTE VERDE,prefeito,MUNICIPIO_AUSENTE_NA_SECAO,Totais do munzona; sem visao por local
MT,2004,90360,NOVA MONTE VERDE,vereador,MUNICIPIO_AUSENTE_NA_SECAO,Totais do munzona; sem visao por local
MT,2004,90964,NOVA NAZARÉ,prefeito,MUNICIPIO_AUSENTE_NA_SECAO,Totais do munzona; sem visao por local
MT,2004,90964,NOVA NAZARÉ,vereador,MUNICIPIO_AUSENTE_NA_SECAO,Totais do munzona; sem visao por local
MT,2004,98736,NOVA OLÍMPIA,prefeito,MUNICIPIO_AUSENTE_NA_SECAO,Totais do munzona; sem visao por local
MT,2004,98736,NOVA OLÍMPIA,vereador,MUNICIPIO_AUSENTE_NA_SECAO,Totais do munzona; sem visao por local
MT,2004,90948,NOVO SANTO ANTÔNIO,prefeito,MUNICIPIO_AUSENTE_NA_SECAO,Totais do munzona; sem visao por local
MT,2004,90948,NOVO SANTO ANTÔNIO,vereador,MUNICIPIO_AUSENTE_NA_SECAO,Totais do munzona; sem visao por local
MT,2004,98833,PARANAÍTA,prefeito,MUNICIPIO_AUSENTE_NA_SECAO,Totais do munzona; sem visao por local
MT,2004,98833,PARANAÍTA,vereador,MUNICIPIO_AUSENTE_NA_SECAO,Totais do munzona; sem visao por local
MT,2004,91332,PONTE BRANCA,prefeito,MUNICIPIO_AUSENTE_NA_SECAO,Totais do munzona; sem visao por local
MT,2004,91332,PONTE BRANCA,vereador,MUNICIPIO_AUSENTE_NA_SECAO,Totais do munzona; sem visao por local
MT,2004,98850,PORTO ALEGRE DO NORTE,prefeito,MUNICIPIO_AUSENTE_NA_SECAO,Totais do munzona; sem visao por local
MT,2004,98850,PORTO ALEGRE DO NORTE,vereador,MUNICIPIO_AUSENTE_NA_SECAO,Totais do munzona; sem visao por local
MT,2004,90182,PORTO ESTRELA,prefeito,MUNICIPIO_AUSENTE_NA_SECAO,Totais do munzona; sem visao por local
MT,2004,90182,PORTO ESTRELA,vereador,MUNICIPIO_AUSENTE_NA_SECAO,Totais do munzona; sem visao por local
MT,2004,98892,PRIMAVERA DO LESTE,prefeito,MUNICIPIO_AUSENTE_NA_SECAO,Totais do munzona; sem visao por local
MT,2004,98892,PRIMAVERA DO LESTE,vereador,MUNICIPIO_AUSENTE_NA_SECAO,Totais do munzona; sem visao por local
MT,2004,90069,QUERÊNCIA,prefeito,MUNICIPIO_AUSENTE_NA_SECAO,Totais do munzona; sem visao por local
MT,2004,90069,QUERÊNCIA,vereador,MUNICIPIO_AUSENTE_NA_SECAO,Totais do munzona; sem visao por local
MT,2004,90662,RIBEIRÃO CASCALHEIRA,prefeito,MUNICIPIO_AUSENTE_NA_SECAO,Totais do munzona; sem visao por local
MT,2004,90662,RIBEIRÃO CASCALHEIRA,vereador,MUNICIPIO_AUSENTE_NA_SECAO,Totais do munzona; sem visao por local
MT,2004,89960,RONDOLÂNDIA,prefeito,MUNICIPIO_AUSENTE_NA_SECAO,Totais do munzona; sem visao por local
MT,2004,89960,RONDOLÂNDIA,vereador,MUNICIPIO_AUSENTE_NA_SECAO,Totais do munzona; sem visao por local
MT,2004,91510,RONDONÓPOLIS,prefeito,MUNICIPIO_AUSENTE_NA_SECAO,Totais do munzona; sem visao por local
MT,2004,91510,RONDONÓPOLIS,vereador,MUNICIPIO_AUSENTE_NA_SECAO,Totais do munzona; sem visao por local
MT,2004,90107,SANTA CARMEM,prefeito,MUNICIPIO_AUSENTE_NA_SECAO,Totais do munzona; sem visao por local
MT,2004,90107,SANTA CARMEM,vereador,MUNICIPIO_AUSENTE_NA_SECAO,Totais do munzona; sem visao por local
MT,2004,90328,SANTO AFONSO,prefeito,MUNICIPIO_AUSENTE_NA_SECAO,Totais do munzona; sem visao por local
MT,2004,90328,SANTO AFONSO,vereador,MUNICIPIO_AUSENTE_NA_SECAO,Totais do munzona; sem visao por local
MT,2004,89843,SANTO ANTÔNIO DO LESTE,prefeito,MUNICIPIO_AUSENTE_NA_SECAO,Totais do munzona; sem visao por local
MT,2004,89843,SANTO ANTÔNIO DO LESTE,vereador,MUNICIPIO_AUSENTE_NA_SECAO,Totais do munzona; sem visao por local
MT,2004,91553,SANTO ANTÔNIO DO LEVERGER,prefeito,MUNICIPIO_AUSENTE_NA_SECAO,Totais do munzona; sem visao por local
MT,2004,91553,SANTO ANTÔNIO DO LEVERGER,vereador,MUNICIPIO_AUSENTE_NA_SECAO,Totais do munzona; sem visao por local
MT,2004,90921,SERRA NOVA DOURADA,prefeito,MUNICIPIO_AUSENTE_NA_SECAO,Totais do munzona; sem visao por local
MT,2004,90921,SERRA NOVA DOURADA,vereador,MUNICIPIO_AUSENTE_NA_SECAO,Totais do munzona; sem visao por local
MT,2004,89850,SINOP,prefeito,MUNICIPIO_AUSENTE_NA_SECAO,Totais do munzona; sem visao por local
MT,2004,89850,SINOP,vereador,MUNICIPIO_AUSENTE_NA_SECAO,Totais do munzona; sem visao por local
MT,2004,91839,SÃO FÉLIX DO ARAGUAIA,prefeito,MUNICIPIO_AUSENTE_NA_SECAO,Totais do munzona; sem visao por local
MT,2004,91839,SÃO FÉLIX DO ARAGUAIA,vereador,MUNICIPIO_AUSENTE_NA_SECAO,Totais do munzona; sem visao por local
MT,2004,90026,SÃO JOSÉ DO POVO,prefeito,MUNICIPIO_AUSENTE_NA_SECAO,Totais do munzona; sem visao por local
MT,2004,90026,SÃO JOSÉ DO POVO,vereador,MUNICIPIO_AUSENTE_NA_SECAO,Totais do munzona; sem visao por local
MT,2004,90840,UNIÃO DO SUL,prefeito,MUNICIPIO_AUSENTE_NA_SECAO,Totais do munzona; sem visao por local
MT,2004,90840,UNIÃO DO SUL,vereador,MUNICIPIO_AUSENTE_NA_SECAO,Totais do munzona; sem visao por local
MT,2004,98973,VERA,prefeito,MUNICIPIO_AUSENTE_NA_SECAO,Totais do munzona; sem visao por local
MT,2004,98973,VERA,vereador,MUNICIPIO_AUSENTE_NA_SECAO,Totais do munzona; sem visao por local
MT,2004,91910,ÁGUA BOA,prefeito,MUNICIPIO_AUSENTE_NA_SECAO,Totais do munzona; sem visao por local
MT,2004,91910,ÁGUA BOA,vereador,MUNICIPIO_AUSENTE_NA_SECAO,Totais do munzona; sem visao por local
PA,2000,4014,ABAETETUBA,prefeito,MUNICIPIO_AUSENTE_NA_SECAO,Totais do munzona; sem visao por local
PA,2000,4014,ABAETETUBA,vereador,MUNICIPIO_AUSENTE_NA_SECAO,Totais do munzona; sem visao por local
PA,2000,4057,AFUÁ,prefeito,MUNICIPIO_AUSENTE_NA_SECAO,Totais do munzona; sem visao por local
PA,2000,4057,AFUÁ,vereador,MUNICIPIO_AUSENTE_NA_SECAO,Totais do munzona; sem visao por local
PA,2000,4073,ALENQUER,prefeito,MUNICIPIO_AUSENTE_NA_SECAO,Totais do munzona; sem visao por local
PA,2000,4073,ALENQUER,vereador,MUNICIPIO_AUSENTE_NA_SECAO,Totais do munzona; sem visao por local
PA,2000,4138,ANAJÁS,prefeito,MUNICIPIO_AUSENTE_NA_SECAO,Totais do munzona; sem visao por local
PA,2000,4138,ANAJÁS,vereador,MUNICIPIO_AUSENTE_NA_SECAO,Totais do munzona; sem visao por local
PA,2000,4723,ANAPU,prefeito,MUNICIPIO_AUSENTE_NA_SECAO,Totais do munzona; sem visao por local
PA,2000,4723,ANAPU,vereador,MUNICIPIO_AUSENTE_NA_SECAO,Totais do munzona; sem visao por local
PA,2000,4251,BARCARENA,prefeito,MUNICIPIO_AUSENTE_NA_SECAO,Totais do munzona; sem visao por local
PA,2000,4251,BARCARENA,vereador,MUNICIPIO_AUSENTE_NA_SECAO,Totais do munzona; sem visao por local
PA,2000,4049,BOM JESUS DO TOCANTINS,prefeito,MUNICIPIO_AUSENTE_NA_SECAO,Totais do munzona; sem visao por local
PA,2000,4049,BOM JESUS DO TOCANTINS,vereador,MUNICIPIO_AUSENTE_NA_SECAO,Totais do munzona; sem visao por local
PA,2000,4316,BONITO,prefeito,MUNICIPIO_AUSENTE_NA_SECAO,Totais do munzona; sem visao por local
PA,2000,4316,BONITO,vereador,MUNICIPIO_AUSENTE_NA_SECAO,Totais do munzona; sem visao por local
PA,2000,5932,BREJO GRANDE DO ARAGUAIA,prefeito,MUNICIPIO_AUSENTE_NA_SECAO,Totais do munzona; sem visao por local
PA,2000,5932,BREJO GRANDE DO ARAGUAIA,vereador,MUNICIPIO_AUSENTE_NA_SECAO,Totais do munzona; sem visao por local
PA,2000,4707,CANAÃ DOS CARAJÁS,prefeito,MUNICIPIO_AUSENTE_NA_SECAO,Totais do munzona; sem visao por local
PA,2000,4707,CANAÃ DOS CARAJÁS,vereador,MUNICIPIO_AUSENTE_NA_SECAO,Totais do munzona; sem visao por local
PA,2000,4456,CAPITÃO POÇO,prefeito,MUNICIPIO_AUSENTE_NA_SECAO,Totais do munzona; sem visao por local
PA,2000,4456,CAPITÃO POÇO,vereador,MUNICIPIO_AUSENTE_NA_SECAO,Totais do munzona; sem visao por local
PA,2000,4499,CHAVES,prefeito,MUNICIPIO_AUSENTE_NA_SECAO,Totais do munzona; sem visao por local
PA,2000,4499,CHAVES,vereador,MUNICIPIO_AUSENTE_NA_SECAO,Totais do munzona; sem visao por local
PA,2000,4529,CUMARU DO NORTE,prefeito,MUNICIPIO_AUSENTE_NA_SECAO,Totais do munzona; sem visao por local
PA,2000,4529,CUMARU DO NORTE,vereador,MUNICIPIO_AUSENTE_NA_SECAO,Totais do munzona; sem visao por local
PA,2000,5851,CURIONÓPOLIS,prefeito,MUNICIPIO_AUSENTE_NA_SECAO,Totais do munzona; sem visao por local
PA,2000,5851,CURIONÓPOLIS,vereador,MUNICIPIO_AUSENTE_NA_SECAO,Totais do munzona; sem visao por local
PA,2000,4740,CURUÁ,prefeito,MUNICIPIO_AUSENTE_NA_SECAO,Totais do munzona; sem visao por local
PA,2000,4740,CURUÁ,vereador,MUNICIPIO_AUSENTE_NA_SECAO,Totais do munzona; sem visao por local
PA,2000,4120,ELDORADO DOS CARAJÁS,prefeito,MUNICIPIO_AUSENTE_NA_SECAO,Totais do munzona; sem visao por local
PA,2000,4120,ELDORADO DOS CARAJÁS,vereador,MUNICIPIO_AUSENTE_NA_SECAO,Totais do munzona; sem visao por local
PA,2000,4006,GOIANÉSIA DO PARÁ,prefeito,MUNICIPIO_AUSENTE_NA_SECAO,Totais do munzona; sem visao por local
PA,2000,4006,GOIANÉSIA DO PARÁ,vereador,MUNICIPIO_AUSENTE_NA_SECAO,Totais do munzona; sem visao por local
PA,2000,4634,IGARAPÉ-AÇU,prefeito,MUNICIPIO_AUSENTE_NA_SECAO,Totais do munzona; sem visao por local
PA,2000,4634,IGARAPÉ-AÇU,vereador,MUNICIPIO_AUSENTE_NA_SECAO,Totais do munzona; sem visao por local
PA,2000,4650,IGARAPÉ-MIRI,prefeito,MUNICIPIO_AUSENTE_NA_SECAO,Totais do munzona; sem visao por local
PA,2000,4650,IGARAPÉ-MIRI,vereador,MUNICIPIO_AUSENTE_NA_SECAO,Totais do munzona; sem visao por local
PA,2000,4677,INHANGAPI,prefeito,MUNICIPIO_AUSENTE_NA_SECAO,Totais do munzona; sem visao por local
PA,2000,4677,INHANGAPI,vereador,MUNICIPIO_AUSENTE_NA_SECAO,Totais do munzona; sem visao por local
PA,2000,4189,IPIXUNA DO PARÁ,prefeito,MUNICIPIO_AUSENTE_NA_SECAO,Totais do munzona; sem visao por local
PA,2000,4189,IPIXUNA DO PARÁ,vereador,MUNICIPIO_AUSENTE_NA_SECAO,Totais do munzona; sem visao por local
PA,2000,4693,IRITUIA,prefeito,MUNICIPIO_AUSENTE_NA_SECAO,Totais do munzona; sem visao por local
PA,2000,4693,IRITUIA,vereador,MUNICIPIO_AUSENTE_NA_SECAO,Totais do munzona; sem visao por local
PA,2000,4715,ITAITUBA,prefeito,MUNICIPIO_AUSENTE_NA_SECAO,Totais do munzona; sem visao por local
PA,2000,4715,ITAITUBA,vereador,MUNICIPIO_AUSENTE_NA_SECAO,Totais do munzona; sem visao por local
PA,2000,4200,JACAREACANGA,prefeito,MUNICIPIO_AUSENTE_NA_SECAO,Totais do munzona; sem visao por local
PA,2000,4200,JACAREACANGA,vereador,MUNICIPIO_AUSENTE_NA_SECAO,Totais do munzona; sem visao por local
PA,2000,4758,JACUNDÁ,prefeito,MUNICIPIO_AUSENTE_NA_SECAO,Totais do munzona; sem visao por local
PA,2000,4758,JACUNDÁ,vereador,MUNICIPIO_AUSENTE_NA_SECAO,Totais do munzona; sem visao por local
PA,2000,4839,MARABÁ,prefeito,MUNICIPIO_AUSENTE_NA_SECAO,Totais do munzona; sem visao por local
PA,2000,4839,MARABÁ,vereador,MUNICIPIO_AUSENTE_NA_SECAO,Totais do munzona; sem visao por local
PA,2000,4480,NOVA ESPERANÇA DO PIRIÁ,prefeito,MUNICIPIO_AUSENTE_NA_SECAO,Totais do munzona; sem visao por local
PA,2000,4480,NOVA ESPERANÇA DO PIRIÁ,vereador,MUNICIPIO_AUSENTE_NA_SECAO,Totais do munzona; sem visao por local
PA,2000,4383,NOVO PROGRESSO,prefeito,MUNICIPIO_AUSENTE_NA_SECAO,Totais do munzona; sem visao por local
PA,2000,4383,NOVO PROGRESSO,vereador,MUNICIPIO_AUSENTE_NA_SECAO,Totais do munzona; sem visao por local
PA,2000,4421,NOVO REPARTIMENTO,prefeito,MUNICIPIO_AUSENTE_NA_SECAO,Totais do munzona; sem visao por local
PA,2000,4421,NOVO REPARTIMENTO,vereador,MUNICIPIO_AUSENTE_NA_SECAO,Totais do munzona; sem visao por local
PA,2000,5037,OEIRAS DO PARÁ,prefeito,MUNICIPIO_AUSENTE_NA_SECAO,Totais do munzona; sem visao por local
PA,2000,5037,OEIRAS DO PARÁ,vereador,MUNICIPIO_AUSENTE_NA_SECAO,Totais do munzona; sem visao por local
PA,2000,5916,PACAJÁ,prefeito,MUNICIPIO_AUSENTE_NA_SECAO,Totais do munzona; sem visao por local
PA,2000,5916,PACAJÁ,vereador,MUNICIPIO_AUSENTE_NA_SECAO,Totais do munzona; sem visao por local
PA,2000,4162,PALESTINA DO PARÁ,prefeito,MUNICIPIO_AUSENTE_NA_SECAO,Totais do munzona; sem visao por local
PA,2000,4162,PALESTINA DO PARÁ,vereador,MUNICIPIO_AUSENTE_NA_SECAO,Totais do munzona; sem visao por local
PA,2000,5835,PARAUAPEBAS,prefeito,MUNICIPIO_AUSENTE_NA_SECAO,Totais do munzona; sem visao por local
PA,2000,5835,PARAUAPEBAS,vereador,MUNICIPIO_AUSENTE_NA_SECAO,Totais do munzona; sem visao por local
PA,2000,4308,PAU D ARCO,prefeito,MUNICIPIO_AUSENTE_NA_SECAO,Totais do munzona; sem visao por local
PA,2000,4308,PAU D ARCO,vereador,MUNICIPIO_AUSENTE_NA_SECAO,Totais do munzona; sem visao por local
PA,2000,5118,PEIXE-BOI,prefeito,MUNICIPIO_AUSENTE_NA_SECAO,Totais do munzona; sem visao por local
PA,2000,5118,PEIXE-BOI,vereador,MUNICIPIO_AUSENTE_NA_SECAO,Totais do munzona; sem visao por local
PA,2000,4782,PIÇARRA,prefeito,MUNICIPIO_AUSENTE_NA_SECAO,Totais do munzona; sem visao por local
PA,2000,4782,PIÇARRA,vereador,MUNICIPIO_AUSENTE_NA_SECAO,Totais do munzona; sem visao por local
PA,2000,5673,REDENÇÃO,prefeito,MUNICIPIO_AUSENTE_NA_SECAO,Totais do munzona; sem visao por local
PA,2000,5673,REDENÇÃO,vereador,MUNICIPIO_AUSENTE_NA_SECAO,Totais do munzona; sem visao por local
PA,2000,5258,SALVATERRA,prefeito,MUNICIPIO_AUSENTE_NA_SECAO,Totais do munzona; sem visao por local
PA,2000,5258,SALVATERRA,vereador,MUNICIPIO_AUSENTE_NA_SECAO,Totais do munzona; sem visao por local
PA,2000,5398,SANTO ANTÔNIO DO TAUÁ,prefeito,MUNICIPIO_AUSENTE_NA_SECAO,Totais do munzona; sem visao por local
PA,2000,5398,SANTO ANTÔNIO DO TAUÁ,vereador,MUNICIPIO_AUSENTE_NA_SECAO,Totais do munzona; sem visao por local
PA,2000,4847,SAPUCAIA,prefeito,MUNICIPIO_AUSENTE_NA_SECAO,Totais do munzona; sem visao por local
PA,2000,4847,SAPUCAIA,vereador,MUNICIPIO_AUSENTE_NA_SECAO,Totais do munzona; sem visao por local
PA,2000,5550,SENADOR JOSÉ PORFÍRIO,prefeito,MUNICIPIO_AUSENTE_NA_SECAO,Totais do munzona; sem visao por local
PA,2000,5550,SENADOR JOSÉ PORFÍRIO,vereador,MUNICIPIO_AUSENTE_NA_SECAO,Totais do munzona; sem visao por local
PA,2000,5576,SOURE,prefeito,MUNICIPIO_AUSENTE_NA_SECAO,Totais do munzona; sem visao por local
PA,2000,5576,SOURE,vereador,MUNICIPIO_AUSENTE_NA_SECAO,Totais do munzona; sem visao por local
PA,2000,4464,SÃO DOMINGOS DO ARAGUAIA,prefeito,MUNICIPIO_AUSENTE_NA_SECAO,Totais do munzona; sem visao por local
PA,2000,4464,SÃO DOMINGOS DO ARAGUAIA,vereador,MUNICIPIO_AUSENTE_NA_SECAO,Totais do munzona; sem visao por local
PA,2000,5479,SÃO FRANCISCO DO PARÁ,prefeito,MUNICIPIO_AUSENTE_NA_SECAO,Totais do munzona; sem visao por local
PA,2000,5479,SÃO FRANCISCO DO PARÁ,vereador,MUNICIPIO_AUSENTE_NA_SECAO,Totais do munzona; sem visao por local
PA,2000,5797,SÃO GERALDO DO ARAGUAIA,prefeito,MUNICIPIO_AUSENTE_NA_SECAO,Totais do munzona; sem visao por local
PA,2000,5797,SÃO GERALDO DO ARAGUAIA,vereador,MUNICIPIO_AUSENTE_NA_SECAO,Totais do munzona; sem visao por local
PA,2000,5495,SÃO JOÃO DO ARAGUAIA,prefeito,MUNICIPIO_AUSENTE_NA_SECAO,Totais do munzona; sem visao por local
PA,2000,5495,SÃO JOÃO DO ARAGUAIA,vereador,MUNICIPIO_AUSENTE_NA_SECAO,Totais do munzona; sem visao por local
PA,2000,5517,SÃO MIGUEL DO GUAMÁ,prefeito,MUNICIPIO_AUSENTE_NA_SECAO,Totais do munzona; sem visao por local
PA,2000,5517,SÃO MIGUEL DO GUAMÁ,vereador,MUNICIPIO_AUSENTE_NA_SECAO,Totais do munzona; sem visao por local
PA,2000,4286,TRAIRÃO,prefeito,MUNICIPIO_AUSENTE_NA_SECAO,Totais do munzona; sem visao por local
PA,2000,4286,TRAIRÃO,vereador,MUNICIPIO_AUSENTE_NA_SECAO,Totais do munzona; sem visao por local
PA,2000,5711,XINGUARA,prefeito,MUNICIPIO_AUSENTE_NA_SECAO,Totais do munzona; sem visao por local
PA,2000,5711,XINGUARA,vereador,MUNICIPIO_AUSENTE_NA_SECAO,Totais do munzona; sem visao por local
PA,2000,4260,ÁGUA AZUL DO NORTE,prefeito,MUNICIPIO_AUSENTE_NA_SECAO,Totais do munzona; sem visao por local
PA,2000,4260,ÁGUA AZUL DO NORTE,vereador,MUNICIPIO_AUSENTE_NA_SECAO,Totais do munzona; sem visao por local
PR,2004,79758,MARILENA,prefeito,MUNICIPIO_AUSENTE_NA_SECAO,Totais do munzona; sem visao por local
PR,2004,79758,MARILENA,vereador,MUNICIPIO_AUSENTE_NA_SECAO,Totais do munzona; sem visao por local
RR,2000,3034,CARACARAÍ,prefeito,MUNICIPIO_AUSENTE_NA_SECAO,Totais do munzona; sem visao por local
RR,2000,3034,CARACARAÍ,vereador,MUNICIPIO_AUSENTE_NA_SECAO,Totais do munzona; sem visao por local
RR,2000,3000,CAROEBE,prefeito,MUNICIPIO_AUSENTE_NA_SECAO,Totais do munzona; sem visao por local
RR,2000,3000,CAROEBE,vereador,MUNICIPIO_AUSENTE_NA_SECAO,Totais do munzona; sem visao por local
RR,2000,3026,IRACEMA,prefeito,MUNICIPIO_AUSENTE_NA_SECAO,Totais do munzona; sem visao por local
RR,2000,3026,IRACEMA,vereador,MUNICIPIO_AUSENTE_NA_SECAO,Totais do munzona; sem visao por local
RR,2000,3093,MUCAJAÍ,prefeito,MUNICIPIO_AUSENTE_NA_SECAO,Totais do munzona; sem visao por local
RR,2000,3093,MUCAJAÍ,vereador,MUNICIPIO_AUSENTE_NA_SECAO,Totais do munzona; sem visao por local
RR,2000,3085,RORAINÓPOLIS,prefeito,MUNICIPIO_AUSENTE_NA_SECAO,Totais do munzona; sem visao por local
RR,2000,3085,RORAINÓPOLIS,vereador,MUNICIPIO_AUSENTE_NA_SECAO,Totais do munzona; sem visao por local
RR,2000,3158,SAO LUIZ DO ANAUA,prefeito,MUNICIPIO_AUSENTE_NA_SECAO,Totais do munzona; sem visao por local
RR,2000,3158,SAO LUIZ DO ANAUA,vereador,MUNICIPIO_AUSENTE_NA_SECAO,Totais do munzona; sem visao por local
RR,2000,3131,SÃO JOÃO DA BALIZA,prefeito,MUNICIPIO_AUSENTE_NA_SECAO,Totais do munzona; sem visao por local
RR,2000,3131,SÃO JOÃO DA BALIZA,vereador,MUNICIPIO_AUSENTE_NA_SECAO,Totais do munzona; sem visao por local
RR,2004,3050,ALTO ALEGRE,prefeito,MUNICIPIO_AUSENTE_NA_SECAO,Totais do munzona; sem visao por local
RR,2004,3050,ALTO ALEGRE,vereador,MUNICIPIO_AUSENTE_NA_SECAO,Totais do munzona; sem visao por local
RR,2004,3042,AMAJARI,prefeito,MUNICIPIO_AUSENTE_NA_SECAO,Totais do munzona; sem visao por local
RR,2004,3042,AMAJARI,vereador,MUNICIPIO_AUSENTE_NA_SECAO,Totais do munzona; sem visao por local
RR,2004,3077,BONFIM,prefeito,MUNICIPIO_AUSENTE_NA_SECAO,Totais do munzona; sem visao por local
RR,2004,3077,BONFIM,vereador,MUNICIPIO_AUSENTE_NA_SECAO,Totais do munzona; sem visao por local
RR,2004,3069,CANTÁ,prefeito,MUNICIPIO_AUSENTE_NA_SECAO,Totais do munzona; sem visao por local
RR,2004,3069,CANTÁ,vereador,MUNICIPIO_AUSENTE_NA_SECAO,Totais do munzona; sem visao por local
RR,2004,3034,CARACARAÍ,prefeito,MUNICIPIO_AUSENTE_NA_SECAO,Totais do munzona; sem visao por local
RR,2004,3034,CARACARAÍ,vereador,MUNICIPIO_AUSENTE_NA_SECAO,Totais do munzona; sem visao por local
RR,2004,3000,CAROEBE,prefeito,MUNICIPIO_AUSENTE_NA_SECAO,Totais do munzona; sem visao por local
RR,2004,3000,CAROEBE,vereador,MUNICIPIO_AUSENTE_NA_SECAO,Totais do munzona; sem visao por local
RR,2004,3026,IRACEMA,prefeito,MUNICIPIO_AUSENTE_NA_SECAO,Totais do munzona; sem visao por local
RR,2004,3026,IRACEMA,vereador,MUNICIPIO_AUSENTE_NA_SECAO,Totais do munzona; sem visao por local
RR,2004,3093,MUCAJAÍ,prefeito,MUNICIPIO_AUSENTE_NA_SECAO,Totais do munzona; sem visao por local
RR,2004,3093,MUCAJAÍ,vereador,MUNICIPIO_AUSENTE_NA_SECAO,Totais do munzona; sem visao por local
RR,2004,3115,NORMANDIA,prefeito,MUNICIPIO_AUSENTE_NA_SECAO,Totais do munzona; sem visao por local
RR,2004,3115,NORMANDIA,vereador,MUNICIPIO_AUSENTE_NA_SECAO,Totais do munzona; sem visao por local
RR,2004,3123,PACARAIMA,prefeito,MUNICIPIO_AUSENTE_NA_SECAO,Totais do munzona; sem visao por local
RR,2004,3123,PACARAIMA,vereador,MUNICIPIO_AUSENTE_NA_SECAO,Totais do munzona; sem visao por local
RR,2004,3085,RORAINÓPOLIS,prefeito,MUNICIPIO_AUSENTE_NA_SECAO,Totais do munzona; sem visao por local
RR,2004,3085,RORAINÓPOLIS,vereador,MUNICIPIO_AUSENTE_NA_SECAO,Totais do munzona; sem visao por local
RR,2004,3158,SAO LUIZ DO ANAUA,prefeito,MUNICIPIO_AUSENTE_NA_SECAO,Totais do munzona; sem visao por local
RR,2004,3158,SAO LUIZ DO ANAUA,vereador,MUNICIPIO_AUSENTE_NA_SECAO,Totais do munzona; sem visao por local
RR,2004,3131,SÃO JOÃO DA BALIZA,prefeito,MUNICIPIO_AUSENTE_NA_SECAO,Totais do munzona; sem visao por local
RR,2004,3131,SÃO JOÃO DA BALIZA,vereador,MUNICIPIO_AUSENTE_NA_SECAO,Totais do munzona; sem visao por local
RR,2004,3107,UIRAMUTÃ,prefeito,MUNICIPIO_AUSENTE_NA_SECAO,Totais do munzona; sem visao por local
RR,2004,3107,UIRAMUTÃ,vereador,MUNICIPIO_AUSENTE_NA_SECAO,Totais do munzona; sem visao por local
RS,2000,89141,CAPÃO DO CIPÓ,prefeito,MUNICIPIO_AUSENTE_NA_SECAO,Totais do munzona; sem visao por local
RS,2000,89141,CAPÃO DO CIPÓ,vereador,MUNICIPIO_AUSENTE_NA_SECAO,Totais do munzona; sem visao por local
SE,2000,31011,AMPARO DE SÃO FRANCISCO,prefeito,MUNICIPIO_AUSENTE_NA_SECAO,Totais do munzona; sem visao por local
SE,2000,31011,AMPARO DE SÃO FRANCISCO,vereador,MUNICIPIO_AUSENTE_NA_SECAO,Totais do munzona; sem visao por local
SE,2000,31038,AQUIDABÃ,prefeito,MUNICIPIO_AUSENTE_NA_SECAO,Totais do munzona; sem visao por local
SE,2000,31038,AQUIDABÃ,vereador,MUNICIPIO_AUSENTE_NA_SECAO,Totais do munzona; sem visao por local
SE,2000,31070,ARAUÁ,prefeito,MUNICIPIO_AUSENTE_NA_SECAO,Totais do munzona; sem visao por local
SE,2000,31070,ARAUÁ,vereador,MUNICIPIO_AUSENTE_NA_SECAO,Totais do munzona; sem visao por local
SE,2000,31097,AREIA BRANCA,prefeito,MUNICIPIO_AUSENTE_NA_SECAO,Totais do munzona; sem visao por local
SE,2000,31097,AREIA BRANCA,vereador,MUNICIPIO_AUSENTE_NA_SECAO,Totais do munzona; sem visao por local
SE,2000,31151,BOQUIM,prefeito,MUNICIPIO_AUSENTE_NA_SECAO,Totais do munzona; sem visao por local
SE,2000,31151,BOQUIM,vereador,MUNICIPIO_AUSENTE_NA_SECAO,Totais do munzona; sem visao por local
SE,2000,31135,BREJO GRANDE,prefeito,MUNICIPIO_AUSENTE_NA_SECAO,Totais do munzona; sem visao por local
SE,2000,31135,BREJO GRANDE,vereador,MUNICIPIO_AUSENTE_NA_SECAO,Totais do munzona; sem visao por local
SE,2000,31194,CAMPO DO BRITO,prefeito,MUNICIPIO_AUSENTE_NA_SECAO,Totais do munzona; sem visao por local
SE,2000,31194,CAMPO DO BRITO,vereador,MUNICIPIO_AUSENTE_NA_SECAO,Totais do munzona; sem visao por local
SE,2000,31216,CANHOBA,prefeito,MUNICIPIO_AUSENTE_NA_SECAO,Totais do munzona; sem visao por local
SE,2000,31216,CANHOBA,vereador,MUNICIPIO_AUSENTE_NA_SECAO,Totais do munzona; sem visao por local
SE,2000,31232,CANINDÉ DE SÃO FRANCISCO,prefeito,MUNICIPIO_AUSENTE_NA_SECAO,Totais do munzona; sem visao por local
SE,2000,31232,CANINDÉ DE SÃO FRANCISCO,vereador,MUNICIPIO_AUSENTE_NA_SECAO,Totais do munzona; sem visao por local
SE,2000,31259,CAPELA,prefeito,MUNICIPIO_AUSENTE_NA_SECAO,Totais do munzona; sem visao por local
SE,2000,31259,CAPELA,vereador,MUNICIPIO_AUSENTE_NA_SECAO,Totais do munzona; sem visao por local
SE,2000,31275,CARIRA,prefeito,MUNICIPIO_AUSENTE_NA_SECAO,Totais do munzona; sem visao por local
SE,2000,31275,CARIRA,vereador,MUNICIPIO_AUSENTE_NA_SECAO,Totais do munzona; sem visao por local
SE,2000,31291,CARMÓPOLIS,prefeito,MUNICIPIO_AUSENTE_NA_SECAO,Totais do munzona; sem visao por local
SE,2000,31291,CARMÓPOLIS,vereador,MUNICIPIO_AUSENTE_NA_SECAO,Totais do munzona; sem visao por local
SE,2000,31313,CEDRO DE SÃO JOÃO,prefeito,MUNICIPIO_AUSENTE_NA_SECAO,Totais do munzona; sem visao por local
SE,2000,31313,CEDRO DE SÃO JOÃO,vereador,MUNICIPIO_AUSENTE_NA_SECAO,Totais do munzona; sem visao por local
SE,2000,31330,CRISTINÁPOLIS,prefeito,MUNICIPIO_AUSENTE_NA_SECAO,Totais do munzona; sem visao por local
SE,2000,31330,CRISTINÁPOLIS,vereador,MUNICIPIO_AUSENTE_NA_SECAO,Totais do munzona; sem visao por local
SE,2000,31372,CUMBE,prefeito,MUNICIPIO_AUSENTE_NA_SECAO,Totais do munzona; sem visao por local
SE,2000,31372,CUMBE,vereador,MUNICIPIO_AUSENTE_NA_SECAO,Totais do munzona; sem visao por local
SE,2000,31399,DIVINA PASTORA,prefeito,MUNICIPIO_AUSENTE_NA_SECAO,Totais do munzona; sem visao por local
SE,2000,31399,DIVINA PASTORA,vereador,MUNICIPIO_AUSENTE_NA_SECAO,Totais do munzona; sem visao por local
SE,2000,31410,ESTÂNCIA,prefeito,MUNICIPIO_AUSENTE_NA_SECAO,Totais do munzona; sem visao por local
SE,2000,31410,ESTÂNCIA,vereador,MUNICIPIO_AUSENTE_NA_SECAO,Totais do munzona; sem visao por local
SE,2000,31437,FEIRA NOVA,prefeito,MUNICIPIO_AUSENTE_NA_SECAO,Totais do munzona; sem visao por local
SE,2000,31437,FEIRA NOVA,vereador,MUNICIPIO_AUSENTE_NA_SECAO,Totais do munzona; sem visao por local
SE,2000,31453,FREI PAULO,prefeito,MUNICIPIO_AUSENTE_NA_SECAO,Totais do munzona; sem visao por local
SE,2000,31453,FREI PAULO,vereador,MUNICIPIO_AUSENTE_NA_SECAO,Totais do munzona; sem visao por local
SE,2000,31496,GARARU,prefeito,MUNICIPIO_AUSENTE_NA_SECAO,Totais do munzona; sem visao por local
SE,2000,31496,GARARU,vereador,MUNICIPIO_AUSENTE_NA_SECAO,Totais do munzona; sem visao por local
SE,2000,31470,GENERAL MAYNARD,prefeito,MUNICIPIO_AUSENTE_NA_SECAO,Totais do munzona; sem visao por local
SE,2000,31470,GENERAL MAYNARD,vereador,MUNICIPIO_AUSENTE_NA_SECAO,Totais do munzona; sem visao por local
SE,2000,31518,GRACCHO CARDOSO,prefeito,MUNICIPIO_AUSENTE_NA_SECAO,Totais do munzona; sem visao por local
SE,2000,31518,GRACCHO CARDOSO,vereador,MUNICIPIO_AUSENTE_NA_SECAO,Totais do munzona; sem visao por local
SE,2000,31534,ILHA DAS FLORES,prefeito,MUNICIPIO_AUSENTE_NA_SECAO,Totais do munzona; sem visao por local
SE,2000,31534,ILHA DAS FLORES,vereador,MUNICIPIO_AUSENTE_NA_SECAO,Totais do munzona; sem visao por local
SE,2000,31550,INDIAROBA,prefeito,MUNICIPIO_AUSENTE_NA_SECAO,Totais do munzona; sem visao por local
SE,2000,31550,INDIAROBA,vereador,MUNICIPIO_AUSENTE_NA_SECAO,Totais do munzona; sem visao por local
SE,2000,31577,ITABAIANA,prefeito,MUNICIPIO_AUSENTE_NA_SECAO,Totais do munzona; sem visao por local
SE,2000,31577,ITABAIANA,vereador,MUNICIPIO_AUSENTE_NA_SECAO,Totais do munzona; sem visao por local
SE,2000,31593,ITABAIANINHA,prefeito,MUNICIPIO_AUSENTE_NA_SECAO,Totais do munzona; sem visao por local
SE,2000,31593,ITABAIANINHA,vereador,MUNICIPIO_AUSENTE_NA_SECAO,Totais do munzona; sem visao por local
SE,2000,31615,ITABI,prefeito,MUNICIPIO_AUSENTE_NA_SECAO,Totais do munzona; sem visao por local
SE,2000,31615,ITABI,vereador,MUNICIPIO_AUSENTE_NA_SECAO,Totais do munzona; sem visao por local
SE,2000,31631,ITAPORANGA D AJUDA,prefeito,MUNICIPIO_AUSENTE_NA_SECAO,Totais do munzona; sem visao por local
SE,2000,31631,ITAPORANGA D AJUDA,vereador,MUNICIPIO_AUSENTE_NA_SECAO,Totais do munzona; sem visao por local
SE,2000,31658,JAPARATUBA,prefeito,MUNICIPIO_AUSENTE_NA_SECAO,Totais do munzona; sem visao por local
SE,2000,31658,JAPARATUBA,vereador,MUNICIPIO_AUSENTE_NA_SECAO,Totais do munzona; sem visao por local
SE,2000,31674,JAPOATÃ,prefeito,MUNICIPIO_AUSENTE_NA_SECAO,Totais do munzona; sem visao por local
SE,2000,31674,JAPOATÃ,vereador,MUNICIPIO_AUSENTE_NA_SECAO,Totais do munzona; sem visao por local
SE,2000,31690,LAGARTO,prefeito,MUNICIPIO_AUSENTE_NA_SECAO,Totais do munzona; sem visao por local
SE,2000,31690,LAGARTO,vereador,MUNICIPIO_AUSENTE_NA_SECAO,Totais do munzona; sem visao por local
SE,2000,31712,LARANJEIRAS,prefeito,MUNICIPIO_AUSENTE_NA_SECAO,Totais do munzona; sem visao por local
SE,2000,31712,LARANJEIRAS,vereador,MUNICIPIO_AUSENTE_NA_SECAO,Totais do munzona; sem visao por local
SE,2000,31739,MACAMBIRA,prefeito,MUNICIPIO_AUSENTE_NA_SECAO,Totais do munzona; sem visao por local
SE,2000,31739,MACAMBIRA,vereador,MUNICIPIO_AUSENTE_NA_SECAO,Totais do munzona; sem visao por local
SE,2000,31755,MALHADA DOS BOIS,prefeito,MUNICIPIO_AUSENTE_NA_SECAO,Totais do munzona; sem visao por local
SE,2000,31755,MALHADA DOS BOIS,vereador,MUNICIPIO_AUSENTE_NA_SECAO,Totais do munzona; sem visao por local
SE,2000,31771,MALHADOR,prefeito,MUNICIPIO_AUSENTE_NA_SECAO,Totais do munzona; sem visao por local
SE,2000,31771,MALHADOR,vereador,MUNICIPIO_AUSENTE_NA_SECAO,Totais do munzona; sem visao por local
SE,2000,31798,MARUIM,prefeito,MUNICIPIO_AUSENTE_NA_SECAO,Totais do munzona; sem visao por local
SE,2000,31798,MARUIM,vereador,MUNICIPIO_AUSENTE_NA_SECAO,Totais do munzona; sem visao por local
SE,2000,31810,MOITA BONITA,prefeito,MUNICIPIO_AUSENTE_NA_SECAO,Totais do munzona; sem visao por local
SE,2000,31810,MOITA BONITA,vereador,MUNICIPIO_AUSENTE_NA_SECAO,Totais do munzona; sem visao por local
SE,2000,31836,MONTE ALEGRE DE SERGIPE,prefeito,MUNICIPIO_AUSENTE_NA_SECAO,Totais do munzona; sem visao por local
SE,2000,31836,MONTE ALEGRE DE SERGIPE,vereador,MUNICIPIO_AUSENTE_NA_SECAO,Totais do munzona; sem visao por local
SE,2000,31852,MURIBECA,prefeito,MUNICIPIO_AUSENTE_NA_SECAO,Totais do munzona; sem visao por local
SE,2000,31852,MURIBECA,vereador,MUNICIPIO_AUSENTE_NA_SECAO,Totais do munzona; sem visao por local
SE,2000,31879,NEÓPOLIS,prefeito,MUNICIPIO_AUSENTE_NA_SECAO,Totais do munzona; sem visao por local
SE,2000,31879,NEÓPOLIS,vereador,MUNICIPIO_AUSENTE_NA_SECAO,Totais do munzona; sem visao por local
SE,2000,31356,NOSSA SENHORA APARECIDA,prefeito,MUNICIPIO_AUSENTE_NA_SECAO,Totais do munzona; sem visao por local
SE,2000,31356,NOSSA SENHORA APARECIDA,vereador,MUNICIPIO_AUSENTE_NA_SECAO,Totais do munzona; sem visao por local
SE,2000,31895,NOSSA SENHORA DA GLÓRIA,prefeito,MUNICIPIO_AUSENTE_NA_SECAO,Totais do munzona; sem visao por local
SE,2000,31895,NOSSA SENHORA DA GLÓRIA,vereador,MUNICIPIO_AUSENTE_NA_SECAO,Totais do munzona; sem visao por local
SE,2000,31917,NOSSA SENHORA DAS DORES,prefeito,MUNICIPIO_AUSENTE_NA_SECAO,Totais do munzona; sem visao por local
SE,2000,31917,NOSSA SENHORA DAS DORES,vereador,MUNICIPIO_AUSENTE_NA_SECAO,Totais do munzona; sem visao por local
SE,2000,31933,NOSSA SENHORA DE LOURDES,prefeito,MUNICIPIO_AUSENTE_NA_SECAO,Totais do munzona; sem visao por local
SE,2000,31933,NOSSA SENHORA DE LOURDES,vereador,MUNICIPIO_AUSENTE_NA_SECAO,Totais do munzona; sem visao por local
SE,2000,31950,NOSSA SENHORA DO SOCORRO,prefeito,MUNICIPIO_AUSENTE_NA_SECAO,Totais do munzona; sem visao por local
SE,2000,31950,NOSSA SENHORA DO SOCORRO,vereador,MUNICIPIO_AUSENTE_NA_SECAO,Totais do munzona; sem visao por local
SE,2000,31976,PACATUBA,prefeito,MUNICIPIO_AUSENTE_NA_SECAO,Totais do munzona; sem visao por local
SE,2000,31976,PACATUBA,vereador,MUNICIPIO_AUSENTE_NA_SECAO,Totais do munzona; sem visao por local
SE,2000,31992,PEDRA MOLE,prefeito,MUNICIPIO_AUSENTE_NA_SECAO,Totais do munzona; sem visao por local
SE,2000,31992,PEDRA MOLE,vereador,MUNICIPIO_AUSENTE_NA_SECAO,Totais do munzona; sem visao por local
SE,2000,32018,PEDRINHAS,prefeito,MUNICIPIO_AUSENTE_NA_SECAO,Totais do munzona; sem visao por local
SE,2000,32018,PEDRINHAS,vereador,MUNICIPIO_AUSENTE_NA_SECAO,Totais do munzona; sem visao por local
SE,2000,32034,PINHÃO,prefeito,MUNICIPIO_AUSENTE_NA_SECAO,Totais do munzona; sem visao por local
SE,2000,32034,PINHÃO,vereador,MUNICIPIO_AUSENTE_NA_SECAO,Totais do munzona; sem visao por local
SE,2000,32050,PIRAMBU,prefeito,MUNICIPIO_AUSENTE_NA_SECAO,Totais do munzona; sem visao por local
SE,2000,32050,PIRAMBU,vereador,MUNICIPIO_AUSENTE_NA_SECAO,Totais do munzona; sem visao por local
SE,2000,32115,PORTO DA FOLHA,prefeito,MUNICIPIO_AUSENTE_NA_SECAO,Totais do munzona; sem visao por local
SE,2000,32115,PORTO DA FOLHA,vereador,MUNICIPIO_AUSENTE_NA_SECAO,Totais do munzona; sem visao por local
SE,2000,32077,POÇO REDONDO,prefeito,MUNICIPIO_AUSENTE_NA_SECAO,Totais do munzona; sem visao por local
SE,2000,32077,POÇO REDONDO,vereador,MUNICIPIO_AUSENTE_NA_SECAO,Totais do munzona; sem visao por local
SE,2000,32093,POÇO VERDE,prefeito,MUNICIPIO_AUSENTE_NA_SECAO,Totais do munzona; sem visao por local
SE,2000,32093,POÇO VERDE,vereador,MUNICIPIO_AUSENTE_NA_SECAO,Totais do munzona; sem visao por local
SE,2000,32131,PROPRIÁ,prefeito,MUNICIPIO_AUSENTE_NA_SECAO,Totais do munzona; sem visao por local
SE,2000,32131,PROPRIÁ,vereador,MUNICIPIO_AUSENTE_NA_SECAO,Totais do munzona; sem visao por local
SE,2000,32174,RIACHUELO,prefeito,MUNICIPIO_AUSENTE_NA_SECAO,Totais do munzona; sem visao por local
SE,2000,32174,RIACHUELO,vereador,MUNICIPIO_AUSENTE_NA_SECAO,Totais do munzona; sem visao por local
SE,2000,32158,RIACHÃO DO DANTAS,prefeito,MUNICIPIO_AUSENTE_NA_SECAO,Totais do munzona; sem visao por local
SE,2000,32158,RIACHÃO DO DANTAS,vereador,MUNICIPIO_AUSENTE_NA_SECAO,Totais do munzona; sem visao por local
SE,2000,32190,RIBEIRÓPOLIS,prefeito,MUNICIPIO_AUSENTE_NA_SECAO,Totais do munzona; sem visao por local
SE,2000,32190,RIBEIRÓPOLIS,vereador,MUNICIPIO_AUSENTE_NA_SECAO,Totais do munzona; sem visao por local
SE,2000,32212,ROSÁRIO DO CATETE,prefeito,MUNICIPIO_AUSENTE_NA_SECAO,Totais do munzona; sem visao por local
SE,2000,32212,ROSÁRIO DO CATETE,vereador,MUNICIPIO_AUSENTE_NA_SECAO,Totais do munzona; sem visao por local
SE,2000,32239,SALGADO,prefeito,MUNICIPIO_AUSENTE_NA_SECAO,Totais do munzona; sem visao por local
SE,2000,32239,SALGADO,vereador,MUNICIPIO_AUSENTE_NA_SECAO,Totais do munzona; sem visao por local
SE,2000,32255,SANTA LUZIA DO ITANHY,prefeito,MUNICIPIO_AUSENTE_NA_SECAO,Totais do munzona; sem visao por local
SE,2000,32255,SANTA LUZIA DO ITANHY,vereador,MUNICIPIO_AUSENTE_NA_SECAO,Totais do munzona; sem visao por local
SE,2000,32298,SANTA ROSA DE LIMA,prefeito,MUNICIPIO_AUSENTE_NA_SECAO,Totais do munzona; sem visao por local
SE,2000,32298,SANTA ROSA DE LIMA,vereador,MUNICIPIO_AUSENTE_NA_SECAO,Totais do munzona; sem visao por local
SE,2000,31003,SANTANA DO SÃO FRANCISCO,prefeito,MUNICIPIO_AUSENTE_NA_SECAO,Totais do munzona; sem visao por local
SE,2000,31003,SANTANA DO SÃO FRANCISCO,vereador,MUNICIPIO_AUSENTE_NA_SECAO,Totais do munzona; sem visao por local
SE,2000,32310,SANTO AMARO DAS BROTAS,prefeito,MUNICIPIO_AUSENTE_NA_SECAO,Totais do munzona; sem visao por local
SE,2000,32310,SANTO AMARO DAS BROTAS,vereador,MUNICIPIO_AUSENTE_NA_SECAO,Totais do munzona; sem visao por local
SE,2000,32417,SIMÃO DIAS,prefeito,MUNICIPIO_AUSENTE_NA_SECAO,Totais do munzona; sem visao por local
SE,2000,32417,SIMÃO DIAS,vereador,MUNICIPIO_AUSENTE_NA_SECAO,Totais do munzona; sem visao por local
SE,2000,32433,SIRIRI,prefeito,MUNICIPIO_AUSENTE_NA_SECAO,Totais do munzona; sem visao por local
SE,2000,32433,SIRIRI,vereador,MUNICIPIO_AUSENTE_NA_SECAO,Totais do munzona; sem visao por local
SE,2000,32336,SÃO CRISTÓVÃO,prefeito,MUNICIPIO_AUSENTE_NA_SECAO,Totais do munzona; sem visao por local
SE,2000,32336,SÃO CRISTÓVÃO,vereador,MUNICIPIO_AUSENTE_NA_SECAO,Totais do munzona; sem visao por local
SE,2000,32352,SÃO DOMINGOS,prefeito,MUNICIPIO_AUSENTE_NA_SECAO,Totais do munzona; sem visao por local
SE,2000,32352,SÃO DOMINGOS,vereador,MUNICIPIO_AUSENTE_NA_SECAO,Totais do munzona; sem visao por local
SE,2000,32379,SÃO FRANCISCO,prefeito,MUNICIPIO_AUSENTE_NA_SECAO,Totais do munzona; sem visao por local
SE,2000,32379,SÃO FRANCISCO,vereador,MUNICIPIO_AUSENTE_NA_SECAO,Totais do munzona; sem visao por local
SE,2000,32395,SÃO MIGUEL DO ALEIXO,prefeito,MUNICIPIO_AUSENTE_NA_SECAO,Totais do munzona; sem visao por local
SE,2000,32395,SÃO MIGUEL DO ALEIXO,vereador,MUNICIPIO_AUSENTE_NA_SECAO,Totais do munzona; sem visao por local
SE,2000,32450,TELHA,prefeito,MUNICIPIO_AUSENTE_NA_SECAO,Totais do munzona; sem visao por local
SE,2000,32450,TELHA,vereador,MUNICIPIO_AUSENTE_NA_SECAO,Totais do munzona; sem visao por local
SE,2000,32476,TOBIAS BARRETO,prefeito,MUNICIPIO_AUSENTE_NA_SECAO,Totais do munzona; sem visao por local
SE,2000,32476,TOBIAS BARRETO,vereador,MUNICIPIO_AUSENTE_NA_SECAO,Totais do munzona; sem visao por local
SE,2000,32492,TOMAR DO GERU,prefeito,MUNICIPIO_AUSENTE_NA_SECAO,Totais do munzona; sem visao por local
SE,2000,32492,TOMAR DO GERU,vereador,MUNICIPIO_AUSENTE_NA_SECAO,Totais do munzona; sem visao por local
SE,2000,32514,UMBAÚBA,prefeito,MUNICIPIO_AUSENTE_NA_SECAO,Totais do munzona; sem visao por local
SE,2000,32514,UMBAÚBA,vereador,MUNICIPIO_AUSENTE_NA_SECAO,Totais do munzona; sem visao por local
SE,2004,31097,AREIA BRANCA,prefeito,MUNICIPIO_AUSENTE_NA_SECAO,Totais do munzona; sem visao por local
SE,2004,31097,AREIA BRANCA,vereador,MUNICIPIO_AUSENTE_NA_SECAO,Totais do munzona; sem visao por local
SE,2004,31712,LARANJEIRAS,prefeito,MUNICIPIO_AUSENTE_NA_SECAO,Totais do munzona; sem visao por local
SE,2004,31712,LARANJEIRAS,vereador,MUNICIPIO_AUSENTE_NA_SECAO,Totais do munzona; sem visao por local
SE,2004,32492,TOMAR DO GERU,prefeito,MUNICIPIO_AUSENTE_NA_SECAO,Totais do munzona; sem visao por local
SE,2004,32492,TOMAR DO GERU,vereador,MUNICIPIO_AUSENTE_NA_SECAO,Totais do munzona; sem visao por local
SP,2000,70971,SÃO JOSÉ DO RIO PRETO,prefeito,TURNO_2_AUSENTE_NA_SECAO,Turno preenchido com totais do munzona; sem visao por local
SP,2004,69450,RANCHARIA,prefeito,MUNICIPIO_AUSENTE_NA_SECAO,Totais do munzona; sem visao por local
SP,2004,69450,RANCHARIA,vereador,MUNICIPIO_AUSENTE_NA_SECAO,Totais do munzona; sem visao por local
TO,2000,73008,ABREULÂNDIA,prefeito,MUNICIPIO_AUSENTE_NA_SECAO,Totais do munzona; sem visao por local
TO,2000,73008,ABREULÂNDIA,vereador,MUNICIPIO_AUSENTE_NA_SECAO,Totais do munzona; sem visao por local
TO,2000,73512,AGUIARNÓPOLIS,prefeito,MUNICIPIO_AUSENTE_NA_SECAO,Totais do munzona; sem visao por local
TO,2000,73512,AGUIARNÓPOLIS,vereador,MUNICIPIO_AUSENTE_NA_SECAO,Totais do munzona; sem visao por local
TO,2000,96954,ALIANÇA DO TOCANTINS,prefeito,MUNICIPIO_AUSENTE_NA_SECAO,Totais do munzona; sem visao por local
TO,2000,96954,ALIANÇA DO TOCANTINS,vereador,MUNICIPIO_AUSENTE_NA_SECAO,Totais do munzona; sem visao por local
TO,2000,92070,ALMAS,prefeito,MUNICIPIO_AUSENTE_NA_SECAO,Totais do munzona; sem visao por local
TO,2000,92070,ALMAS,vereador,MUNICIPIO_AUSENTE_NA_SECAO,Totais do munzona; sem visao por local
TO,2000,92134,ALVORADA,prefeito,MUNICIPIO_AUSENTE_NA_SECAO,Totais do munzona; sem visao por local
TO,2000,92134,ALVORADA,vereador,MUNICIPIO_AUSENTE_NA_SECAO,Totais do munzona; sem visao por local
TO,2000,92193,ANANÁS,prefeito,MUNICIPIO_AUSENTE_NA_SECAO,Totais do munzona; sem visao por local
TO,2000,92193,ANANÁS,vereador,MUNICIPIO_AUSENTE_NA_SECAO,Totais do munzona; sem visao por local
TO,2000,73075,ANGICO,prefeito,MUNICIPIO_AUSENTE_NA_SECAO,Totais do munzona; sem visao por local
TO,2000,73075,ANGICO,vereador,MUNICIPIO_AUSENTE_NA_SECAO,Totais do munzona; sem visao por local
TO,2000,96970,APARECIDA DO RIO NEGRO,prefeito,MUNICIPIO_AUSENTE_NA_SECAO,Totais do munzona; sem visao por local
TO,2000,96970,APARECIDA DO RIO NEGRO,vereador,MUNICIPIO_AUSENTE_NA_SECAO,Totais do munzona; sem visao por local
TO,2000,73334,ARAGOMINAS,prefeito,MUNICIPIO_AUSENTE_NA_SECAO,Totais do munzona; sem visao por local
TO,2000,73334,ARAGOMINAS,vereador,MUNICIPIO_AUSENTE_NA_SECAO,Totais do munzona; sem visao por local
TO,2000,92371,ARAGUACEMA,prefeito,MUNICIPIO_AUSENTE_NA_SECAO,Totais do munzona; sem visao por local
TO,2000,92371,ARAGUACEMA,vereador,MUNICIPIO_AUSENTE_NA_SECAO,Totais do munzona; sem visao por local
TO,2000,73318,ARAGUANÃ,prefeito,MUNICIPIO_AUSENTE_NA_SECAO,Totais do munzona; sem visao por local
TO,2000,73318,ARAGUANÃ,vereador,MUNICIPIO_AUSENTE_NA_SECAO,Totais do munzona; sem visao por local
TO,2000,92436,ARAGUATINS,prefeito,MUNICIPIO_AUSENTE_NA_SECAO,Totais do munzona; sem visao por local
TO,2000,92436,ARAGUATINS,vereador,MUNICIPIO_AUSENTE_NA_SECAO,Totais do munzona; sem visao por local
TO,2000,92398,ARAGUAÇU,prefeito,MUNICIPIO_AUSENTE_NA_SECAO,Totais do munzona; sem visao por local
TO,2000,92398,ARAGUAÇU,vereador,MUNICIPIO_AUSENTE_NA_SECAO,Totais do munzona; sem visao por local
TO,2000,92410,ARAGUAÍNA,prefeito,MUNICIPIO_AUSENTE_NA_SECAO,Totais do munzona; sem visao por local
TO,2000,92410,ARAGUAÍNA,vereador,MUNICIPIO_AUSENTE_NA_SECAO,Totais do munzona; sem visao por local
TO,2000,92452,ARAPOEMA,prefeito,MUNICIPIO_AUSENTE_NA_SECAO,Totais do munzona; sem visao por local
TO,2000,92452,ARAPOEMA,vereador,MUNICIPIO_AUSENTE_NA_SECAO,Totais do munzona; sem visao por local
TO,2000,92479,ARRAIAS,prefeito,MUNICIPIO_AUSENTE_NA_SECAO,Totais do munzona; sem visao por local
TO,2000,92479,ARRAIAS,vereador,MUNICIPIO_AUSENTE_NA_SECAO,Totais do munzona; sem visao por local
TO,2000,96857,AUGUSTINÓPOLIS,prefeito,MUNICIPIO_AUSENTE_NA_SECAO,Totais do munzona; sem visao por local
TO,2000,96857,AUGUSTINÓPOLIS,vereador,MUNICIPIO_AUSENTE_NA_SECAO,Totais do munzona; sem visao por local
TO,2000,92533,AURORA DO TOCANTINS,prefeito,MUNICIPIO_AUSENTE_NA_SECAO,Totais do munzona; sem visao por local
TO,2000,92533,AURORA DO TOCANTINS,vereador,MUNICIPIO_AUSENTE_NA_SECAO,Totais do munzona; sem visao por local
TO,2000,92576,AXIXÁ DO TOCANTINS,prefeito,MUNICIPIO_AUSENTE_NA_SECAO,Totais do munzona; sem visao por local
TO,2000,92576,AXIXÁ DO TOCANTINS,vereador,MUNICIPIO_AUSENTE_NA_SECAO,Totais do munzona; sem visao por local
TO,2000,92592,BABAÇULÂNDIA,prefeito,MUNICIPIO_AUSENTE_NA_SECAO,Totais do munzona; sem visao por local
TO,2000,92592,BABAÇULÂNDIA,vereador,MUNICIPIO_AUSENTE_NA_SECAO,Totais do munzona; sem visao por local
TO,2000,73580,BANDEIRANTE,prefeito,MUNICIPIO_AUSENTE_NA_SECAO,Totais do munzona; sem visao por local
TO,2000,73580,BANDEIRANTE,vereador,MUNICIPIO_AUSENTE_NA_SECAO,Totais do munzona; sem visao por local
TO,2000,73610,BARRA DO OURO,prefeito,MUNICIPIO_AUSENTE_NA_SECAO,Totais do munzona; sem visao por local
TO,2000,73610,BARRA DO OURO,vereador,MUNICIPIO_AUSENTE_NA_SECAO,Totais do munzona; sem visao por local
TO,2000,96997,BARROLÂNDIA,prefeito,MUNICIPIO_AUSENTE_NA_SECAO,Totais do munzona; sem visao por local
TO,2000,96997,BARROLÂNDIA,vereador,MUNICIPIO_AUSENTE_NA_SECAO,Totais do munzona; sem visao por local
TO,2000,92002,BERNARDO SAYÃO,prefeito,MUNICIPIO_AUSENTE_NA_SECAO,Totais do munzona; sem visao por local
TO,2000,92002,BERNARDO SAYÃO,vereador,MUNICIPIO_AUSENTE_NA_SECAO,Totais do munzona; sem visao por local
TO,2000,73121,BOM JESUS DO TOCANTINS,prefeito,MUNICIPIO_AUSENTE_NA_SECAO,Totais do munzona; sem visao por local
TO,2000,73121,BOM JESUS DO TOCANTINS,vereador,MUNICIPIO_AUSENTE_NA_SECAO,Totais do munzona; sem visao por local
TO,2000,73245,BRASILÂNDIA DO TOCANTINS,prefeito,MUNICIPIO_AUSENTE_NA_SECAO,Totais do munzona; sem visao por local
TO,2000,73245,BRASILÂNDIA DO TOCANTINS,vereador,MUNICIPIO_AUSENTE_NA_SECAO,Totais do munzona; sem visao por local
TO,2000,92738,BREJINHO DE NAZARÉ,prefeito,MUNICIPIO_AUSENTE_NA_SECAO,Totais do munzona; sem visao por local
TO,2000,92738,BREJINHO DE NAZARÉ,vereador,MUNICIPIO_AUSENTE_NA_SECAO,Totais do munzona; sem visao por local
TO,2000,92045,BURITI DO TOCANTINS,prefeito,MUNICIPIO_AUSENTE_NA_SECAO,Totais do munzona; sem visao por local
TO,2000,92045,BURITI DO TOCANTINS,vereador,MUNICIPIO_AUSENTE_NA_SECAO,Totais do munzona; sem visao por local
TO,2000,73067,CACHOEIRINHA,prefeito,MUNICIPIO_AUSENTE_NA_SECAO,Totais do munzona; sem visao por local
TO,2000,73067,CACHOEIRINHA,vereador,MUNICIPIO_AUSENTE_NA_SECAO,Totais do munzona; sem visao por local
TO,2000,73091,CAMPOS LINDOS,prefeito,MUNICIPIO_AUSENTE_NA_SECAO,Totais do munzona; sem visao por local
TO,2000,73091,CAMPOS LINDOS,vereador,MUNICIPIO_AUSENTE_NA_SECAO,Totais do munzona; sem visao por local
TO,2000,73300,CARIRI DO TOCANTINS,prefeito,MUNICIPIO_AUSENTE_NA_SECAO,Totais do munzona; sem visao por local
TO,2000,73300,CARIRI DO TOCANTINS,vereador,MUNICIPIO_AUSENTE_NA_SECAO,Totais do munzona; sem visao por local
TO,2000,73326,CARMOLÂNDIA,prefeito,MUNICIPIO_AUSENTE_NA_SECAO,Totais do munzona; sem visao por local
TO,2000,73326,CARMOLÂNDIA,vereador,MUNICIPIO_AUSENTE_NA_SECAO,Totais do munzona; sem visao por local
TO,2000,73423,CARRASCO BONITO,prefeito,MUNICIPIO_AUSENTE_NA_SECAO,Totais do munzona; sem visao por local
TO,2000,73423,CARRASCO BONITO,vereador,MUNICIPIO_AUSENTE_NA_SECAO,Totais do munzona; sem visao por local
TO,2000,92088,CASEARA,prefeito,MUNICIPIO_AUSENTE_NA_SECAO,Totais do munzona; sem visao por local
TO,2000,92088,CASEARA,vereador,MUNICIPIO_AUSENTE_NA_SECAO,Totais do munzona; sem visao por local
TO,2000,73210,CENTENÁRIO,prefeito,MUNICIPIO_AUSENTE_NA_SECAO,Totais do munzona; sem visao por local
TO,2000,73210,CENTENÁRIO,vereador,MUNICIPIO_AUSENTE_NA_SECAO,Totais do munzona; sem visao por local
TO,2000,73482,CHAPADA DA NATIVIDADE,prefeito,MUNICIPIO_AUSENTE_NA_SECAO,Totais do munzona; sem visao por local
TO,2000,73482,CHAPADA DA NATIVIDADE,vereador,MUNICIPIO_AUSENTE_NA_SECAO,Totais do munzona; sem visao por local
TO,2000,73474,CHAPADA DE AREIA,prefeito,MUNICIPIO_AUSENTE_NA_SECAO,Totais do munzona; sem visao por local
TO,2000,73474,CHAPADA DE AREIA,vereador,MUNICIPIO_AUSENTE_NA_SECAO,Totais do munzona; sem visao por local
TO,2000,93114,COLINAS DO TOCANTINS,prefeito,MUNICIPIO_AUSENTE_NA_SECAO,Totais do munzona; sem visao por local
TO,2000,93114,COLINAS DO TOCANTINS,vereador,MUNICIPIO_AUSENTE_NA_SECAO,Totais do munzona; sem visao por local
TO,2000,95290,COLMÉIA,prefeito,MUNICIPIO_AUSENTE_NA_SECAO,Totais do munzona; sem visao por local
TO,2000,95290,COLMÉIA,vereador,MUNICIPIO_AUSENTE_NA_SECAO,Totais do munzona; sem visao por local
TO,2000,92142,COMBINADO,prefeito,MUNICIPIO_AUSENTE_NA_SECAO,Totais do munzona; sem visao por local
TO,2000,92142,COMBINADO,vereador,MUNICIPIO_AUSENTE_NA_SECAO,Totais do munzona; sem visao por local
TO,2000,93130,CONCEIÇÃO DO TOCANTINS,prefeito,MUNICIPIO_AUSENTE_NA_SECAO,Totais do munzona; sem visao por local
TO,2000,93130,CONCEIÇÃO DO TOCANTINS,vereador,MUNICIPIO_AUSENTE_NA_SECAO,Totais do munzona; sem visao por local
TO,2000,93211,COUTO MAGALHÃES,prefeito,MUNICIPIO_AUSENTE_NA_SECAO,Totais do munzona; sem visao por local
TO,2000,93211,COUTO MAGALHÃES,vereador,MUNICIPIO_AUSENTE_NA_SECAO,Totais do munzona; sem visao por local
TO,2000,93238,CRISTALÂNDIA,prefeito,MUNICIPIO_AUSENTE_NA_SECAO,Totais do munzona; sem visao por local
TO,2000,93238,CRISTALÂNDIA,vereador,MUNICIPIO_AUSENTE_NA_SECAO,Totais do munzona; sem visao por local
TO,2000,73555,CRIXÁS DO TOCANTINS,prefeito,MUNICIPIO_AUSENTE_NA_SECAO,Totais do munzona; sem visao por local
TO,2000,73555,CRIXÁS DO TOCANTINS,vereador,MUNICIPIO_AUSENTE_NA_SECAO,Totais do munzona; sem visao por local
TO,2000,73032,DARCINÓPOLIS,prefeito,MUNICIPIO_AUSENTE_NA_SECAO,Totais do munzona; sem visao por local
TO,2000,73032,DARCINÓPOLIS,vereador,MUNICIPIO_AUSENTE_NA_SECAO,Totais do munzona; sem visao por local
TO,2000,93416,DIANÓPOLIS,prefeito,MUNICIPIO_AUSENTE_NA_SECAO,Totais do munzona; sem visao por local
TO,2000,93416,DIANÓPOLIS,vereador,MUNICIPIO_AUSENTE_NA_SECAO,Totais do munzona; sem visao por local
TO,2000,92185,DIVINOPOLIS,prefeito,MUNICIPIO_AUSENTE_NA_SECAO,Totais do munzona; sem visao por local
TO,2000,92185,DIVINOPOLIS,vereador,MUNICIPIO_AUSENTE_NA_SECAO,Totais do munzona; sem visao por local
TO,2000,93459,DOIS IRMÃOS DO TOCANTINS,prefeito,MUNICIPIO_AUSENTE_NA_SECAO,Totais do munzona; sem visao por local
TO,2000,93459,DOIS IRMÃOS DO TOCANTINS,vereador,MUNICIPIO_AUSENTE_NA_SECAO,Totais do munzona; sem visao por local
TO,2000,93475,DUERÉ,prefeito,MUNICIPIO_AUSENTE_NA_SECAO,Totais do munzona; sem visao por local
TO,2000,93475,DUERÉ,vereador,MUNICIPIO_AUSENTE_NA_SECAO,Totais do munzona; sem visao por local
TO,2000,73296,ESPERANTINA,prefeito,MUNICIPIO_AUSENTE_NA_SECAO,Totais do munzona; sem visao por local
TO,2000,73296,ESPERANTINA,vereador,MUNICIPIO_AUSENTE_NA_SECAO,Totais do munzona; sem visao por local
TO,2000,96679,FIGUEIRÓPOLIS,prefeito,MUNICIPIO_AUSENTE_NA_SECAO,Totais do munzona; sem visao por local
TO,2000,96679,FIGUEIRÓPOLIS,vereador,MUNICIPIO_AUSENTE_NA_SECAO,Totais do munzona; sem visao por local
TO,2000,93556,FILADÉLFIA,prefeito,MUNICIPIO_AUSENTE_NA_SECAO,Totais do munzona; sem visao por local
TO,2000,93556,FILADÉLFIA,vereador,MUNICIPIO_AUSENTE_NA_SECAO,Totais do munzona; sem visao por local
TO,2000,93653,FORMOSO DO ARAGUAIA,prefeito,MUNICIPIO_AUSENTE_NA_SECAO,Totais do munzona; sem visao por local
TO,2000,93653,FORMOSO DO ARAGUAIA,vereador,MUNICIPIO_AUSENTE_NA_SECAO,Totais do munzona; sem visao por local
TO,2000,73199,FORTALEZA DO TABOCAO,prefeito,MUNICIPIO_AUSENTE_NA_SECAO,Totais do munzona; sem visao por local
TO,2000,73199,FORTALEZA DO TABOCAO,vereador,MUNICIPIO_AUSENTE_NA_SECAO,Totais do munzona; sem visao por local
TO,2000,96830,FÁTIMA,prefeito,MUNICIPIO_AUSENTE_NA_SECAO,Totais do munzona; sem visao por local
TO,2000,96830,FÁTIMA,vereador,MUNICIPIO_AUSENTE_NA_SECAO,Totais do munzona; sem visao por local
TO,2000,92240,GOIANORTE,prefeito,MUNICIPIO_AUSENTE_NA_SECAO,Totais do munzona; sem visao por local
TO,2000,92240,GOIANORTE,vereador,MUNICIPIO_AUSENTE_NA_SECAO,Totais do munzona; sem visao por local
TO,2000,95338,GOIATINS,prefeito,MUNICIPIO_AUSENTE_NA_SECAO,Totais do munzona; sem visao por local
TO,2000,95338,GOIATINS,vereador,MUNICIPIO_AUSENTE_NA_SECAO,Totais do munzona; sem visao por local
TO,2000,96270,GUARAÍ,prefeito,MUNICIPIO_AUSENTE_NA_SECAO,Totais do munzona; sem visao por local
TO,2000,96270,GUARAÍ,vereador,MUNICIPIO_AUSENTE_NA_SECAO,Totais do munzona; sem visao por local
TO,2000,93858,GURUPI,prefeito,MUNICIPIO_AUSENTE_NA_SECAO,Totais do munzona; sem visao por local
TO,2000,93858,GURUPI,vereador,MUNICIPIO_AUSENTE_NA_SECAO,Totais do munzona; sem visao por local
TO,2000,73598,IPUEIRAS,prefeito,MUNICIPIO_AUSENTE_NA_SECAO,Totais do munzona; sem visao por local
TO,2000,73598,IPUEIRAS,vereador,MUNICIPIO_AUSENTE_NA_SECAO,Totais do munzona; sem visao por local
TO,2000,94056,ITACAJÁ,prefeito,MUNICIPIO_AUSENTE_NA_SECAO,Totais do munzona; sem visao por local
TO,2000,94056,ITACAJÁ,vereador,MUNICIPIO_AUSENTE_NA_SECAO,Totais do munzona; sem visao por local
TO,2000,94099,ITAGUATINS,prefeito,MUNICIPIO_AUSENTE_NA_SECAO,Totais do munzona; sem visao por local
TO,2000,94099,ITAGUATINS,vereador,MUNICIPIO_AUSENTE_NA_SECAO,Totais do munzona; sem visao por local
TO,2000,73202,ITAPIRATINS,prefeito,MUNICIPIO_AUSENTE_NA_SECAO,Totais do munzona; sem visao por local
TO,2000,73202,ITAPIRATINS,vereador,MUNICIPIO_AUSENTE_NA_SECAO,Totais do munzona; sem visao por local
TO,2000,94170,ITAPORÃ DO TOCANTINS,prefeito,MUNICIPIO_AUSENTE_NA_SECAO,Totais do munzona; sem visao por local
TO,2000,94170,ITAPORÃ DO TOCANTINS,vereador,MUNICIPIO_AUSENTE_NA_SECAO,Totais do munzona; sem visao por local
TO,2000,73369,JAÚ DO TOCANTINS,prefeito,MUNICIPIO_AUSENTE_NA_SECAO,Totais do munzona; sem visao por local
TO,2000,73369,JAÚ DO TOCANTINS,vereador,MUNICIPIO_AUSENTE_NA_SECAO,Totais do munzona; sem visao por local
TO,2000,73253,JUARINA,prefeito,MUNICIPIO_AUSENTE_NA_SECAO,Totais do munzona; sem visao por local
TO,2000,73253,JUARINA,vereador,MUNICIPIO_AUSENTE_NA_SECAO,Totais do munzona; sem visao por local
TO,2000,73407,LAGEADO,prefeito,MUNICIPIO_AUSENTE_NA_SECAO,Totais do munzona; sem visao por local
TO,2000,73407,LAGEADO,vereador,MUNICIPIO_AUSENTE_NA_SECAO,Totais do munzona; sem visao por local
TO,2000,73385,LAGOA DA CONFUSÃO,prefeito,MUNICIPIO_AUSENTE_NA_SECAO,Totais do munzona; sem visao por local
TO,2000,73385,LAGOA DA CONFUSÃO,vereador,MUNICIPIO_AUSENTE_NA_SECAO,Totais do munzona; sem visao por local
TO,2000,73113,LAGOA DO TOCANTINS,prefeito,MUNICIPIO_AUSENTE_NA_SECAO,Totais do munzona; sem visao por local
TO,2000,73113,LAGOA DO TOCANTINS,vereador,MUNICIPIO_AUSENTE_NA_SECAO,Totais do munzona; sem visao por local
TO,2000,73601,LAVANDEIRA,prefeito,MUNICIPIO_AUSENTE_NA_SECAO,Totais do munzona; sem visao por local
TO,2000,73601,LAVANDEIRA,vereador,MUNICIPIO_AUSENTE_NA_SECAO,Totais do munzona; sem visao por local
TO,2000,95699,LIZARDA,prefeito,MUNICIPIO_AUSENTE_NA_SECAO,Totais do munzona; sem visao por local
TO,2000,95699,LIZARDA,vereador,MUNICIPIO_AUSENTE_NA_SECAO,Totais do munzona; sem visao por local
TO,2000,73520,LUZINÓPOLIS,prefeito,MUNICIPIO_AUSENTE_NA_SECAO,Totais do munzona; sem visao por local
TO,2000,73520,LUZINÓPOLIS,vereador,MUNICIPIO_AUSENTE_NA_SECAO,Totais do munzona; sem visao por local
TO,2000,92304,MARIANÓPOLIS DO TOCANTINS,prefeito,MUNICIPIO_AUSENTE_NA_SECAO,Totais do munzona; sem visao por local
TO,2000,92304,MARIANÓPOLIS DO TOCANTINS,vereador,MUNICIPIO_AUSENTE_NA_SECAO,Totais do munzona; sem visao por local
TO,2000,73270,MATEIROS,prefeito,MUNICIPIO_AUSENTE_NA_SECAO,Totais do munzona; sem visao por local
TO,2000,73270,MATEIROS,vereador,MUNICIPIO_AUSENTE_NA_SECAO,Totais do munzona; sem visao por local
TO,2000,73059,MAURILÂNDIA DO TOCANTINS,prefeito,MUNICIPIO_AUSENTE_NA_SECAO,Totais do munzona; sem visao por local
TO,2000,73059,MAURILÂNDIA DO TOCANTINS,vereador,MUNICIPIO_AUSENTE_NA_SECAO,Totais do munzona; sem visao por local
TO,2000,94617,MIRACEMA DO TOCANTINS,prefeito,MUNICIPIO_AUSENTE_NA_SECAO,Totais do munzona; sem visao por local
TO,2000,94617,MIRACEMA DO TOCANTINS,vereador,MUNICIPIO_AUSENTE_NA_SECAO,Totais do munzona; sem visao por local
TO,2000,94633,MIRANORTE,prefeito,MUNICIPIO_AUSENTE_NA_SECAO,Totais do munzona; sem visao por local
TO,2000,94633,MIRANORTE,vereador,MUNICIPIO_AUSENTE_NA_SECAO,Totais do munzona; sem visao por local
TO,2000,94692,MONTE DO CARMO,prefeito,MUNICIPIO_AUSENTE_NA_SECAO,Totais do munzona; sem visao por local
TO,2000,94692,MONTE DO CARMO,vereador,MUNICIPIO_AUSENTE_NA_SECAO,Totais do munzona; sem visao por local
TO,2000,73563,MONTE SANTO,prefeito,MUNICIPIO_AUSENTE_NA_SECAO,Totais do munzona; sem visao por local
TO,2000,73563,MONTE SANTO,vereador,MUNICIPIO_AUSENTE_NA_SECAO,Totais do munzona; sem visao por local
TO,2000,73342,MURICILÂNDIA,prefeito,MUNICIPIO_AUSENTE_NA_SECAO,Totais do munzona; sem visao por local
TO,2000,73342,MURICILÂNDIA,vereador,MUNICIPIO_AUSENTE_NA_SECAO,Totais do munzona; sem visao por local
TO,2000,94811,NATIVIDADE,prefeito,MUNICIPIO_AUSENTE_NA_SECAO,Totais do munzona; sem visao por local
TO,2000,94811,NATIVIDADE,vereador,MUNICIPIO_AUSENTE_NA_SECAO,Totais do munzona; sem visao por local
TO,2000,94838,NAZARÉ,prefeito,MUNICIPIO_AUSENTE_NA_SECAO,Totais do munzona; sem visao por local
TO,2000,94838,NAZARÉ,vereador,MUNICIPIO_AUSENTE_NA_SECAO,Totais do munzona; sem visao por local
TO,2000,96636,NOVA OLINDA,prefeito,MUNICIPIO_AUSENTE_NA_SECAO,Totais do munzona; sem visao por local
TO,2000,96636,NOVA OLINDA,vereador,MUNICIPIO_AUSENTE_NA_SECAO,Totais do munzona; sem visao por local
TO,2000,92401,NOVA ROSALÂNDIA,prefeito,MUNICIPIO_AUSENTE_NA_SECAO,Totais do munzona; sem visao por local
TO,2000,92401,NOVA ROSALÂNDIA,vereador,MUNICIPIO_AUSENTE_NA_SECAO,Totais do munzona; sem visao por local
TO,2000,94994,NOVO ACORDO,prefeito,MUNICIPIO_AUSENTE_NA_SECAO,Totais do munzona; sem visao por local
TO,2000,94994,NOVO ACORDO,vereador,MUNICIPIO_AUSENTE_NA_SECAO,Totais do munzona; sem visao por local
TO,2000,73148,NOVO ALEGRE,prefeito,MUNICIPIO_AUSENTE_NA_SECAO,Totais do munzona; sem visao por local
TO,2000,73148,NOVO ALEGRE,vereador,MUNICIPIO_AUSENTE_NA_SECAO,Totais do munzona; sem visao por local
TO,2000,73172,NOVO JARDIM,prefeito,MUNICIPIO_AUSENTE_NA_SECAO,Totais do munzona; sem visao por local
TO,2000,73172,NOVO JARDIM,vereador,MUNICIPIO_AUSENTE_NA_SECAO,Totais do munzona; sem visao por local
TO,2000,73466,OLIVEIRA DO TOCANTINS,prefeito,MUNICIPIO_AUSENTE_NA_SECAO,Totais do munzona; sem visao por local
TO,2000,73466,OLIVEIRA DO TOCANTINS,vereador,MUNICIPIO_AUSENTE_NA_SECAO,Totais do munzona; sem visao por local
TO,2000,73440,PALMAS,prefeito,MUNICIPIO_AUSENTE_NA_SECAO,Totais do munzona; sem visao por local
TO,2000,73440,PALMAS,vereador,MUNICIPIO_AUSENTE_NA_SECAO,Totais do munzona; sem visao por local
TO,2000,73083,PALMEIRANTE,prefeito,MUNICIPIO_AUSENTE_NA_SECAO,Totais do munzona; sem visao por local
TO,2000,73083,PALMEIRANTE,vereador,MUNICIPIO_AUSENTE_NA_SECAO,Totais do munzona; sem visao por local
TO,2000,73040,PALMEIRAS DO TOCANTINS,prefeito,MUNICIPIO_AUSENTE_NA_SECAO,Totais do munzona; sem visao por local
TO,2000,73040,PALMEIRAS DO TOCANTINS,vereador,MUNICIPIO_AUSENTE_NA_SECAO,Totais do munzona; sem visao por local
TO,2000,96490,PALMEIRÓPOLIS,prefeito,MUNICIPIO_AUSENTE_NA_SECAO,Totais do munzona; sem visao por local
TO,2000,96490,PALMEIRÓPOLIS,vereador,MUNICIPIO_AUSENTE_NA_SECAO,Totais do munzona; sem visao por local
TO,2000,95214,PARANÃ,prefeito,MUNICIPIO_AUSENTE_NA_SECAO,Totais do munzona; sem visao por local
TO,2000,95214,PARANÃ,vereador,MUNICIPIO_AUSENTE_NA_SECAO,Totais do munzona; sem visao por local
TO,2000,95192,PARAÍSO DO TOCANTINS,prefeito,MUNICIPIO_AUSENTE_NA_SECAO,Totais do munzona; sem visao por local
TO,2000,95192,PARAÍSO DO TOCANTINS,vereador,MUNICIPIO_AUSENTE_NA_SECAO,Totais do munzona; sem visao por local
TO,2000,73261,PAU D ARCO,prefeito,MUNICIPIO_AUSENTE_NA_SECAO,Totais do munzona; sem visao por local
TO,2000,73261,PAU D ARCO,vereador,MUNICIPIO_AUSENTE_NA_SECAO,Totais do munzona; sem visao por local
TO,2000,95257,PEDRO AFONSO,prefeito,MUNICIPIO_AUSENTE_NA_SECAO,Totais do munzona; sem visao por local
TO,2000,95257,PEDRO AFONSO,vereador,MUNICIPIO_AUSENTE_NA_SECAO,Totais do munzona; sem visao por local
TO,2000,95273,PEIXE,prefeito,MUNICIPIO_AUSENTE_NA_SECAO,Totais do munzona; sem visao por local
TO,2000,95273,PEIXE,vereador,MUNICIPIO_AUSENTE_NA_SECAO,Totais do munzona; sem visao por local
TO,2000,92487,PEQUIZEIRO,prefeito,MUNICIPIO_AUSENTE_NA_SECAO,Totais do munzona; sem visao por local
TO,2000,92487,PEQUIZEIRO,vereador,MUNICIPIO_AUSENTE_NA_SECAO,Totais do munzona; sem visao por local
TO,2000,95370,PINDORAMA DE GOIAS,prefeito,MUNICIPIO_AUSENTE_NA_SECAO,Totais do munzona; sem visao por local
TO,2000,95370,PINDORAMA DE GOIAS,vereador,MUNICIPIO_AUSENTE_NA_SECAO,Totais do munzona; sem visao por local
TO,2000,73016,PIRAQUÊ,prefeito,MUNICIPIO_AUSENTE_NA_SECAO,Totais do munzona; sem visao por local
TO,2000,73016,PIRAQUÊ,vereador,MUNICIPIO_AUSENTE_NA_SECAO,Totais do munzona; sem visao por local
TO,2000,95478,PIUM,prefeito,MUNICIPIO_AUSENTE_NA_SECAO,Totais do munzona; sem visao por local
TO,2000,95478,PIUM,vereador,MUNICIPIO_AUSENTE_NA_SECAO,Totais do munzona; sem visao por local
TO,2000,95516,PONTE ALTA DO BOM JESUS,prefeito,MUNICIPIO_AUSENTE_NA_SECAO,Totais do munzona; sem visao por local
TO,2000,95516,PONTE ALTA DO BOM JESUS,vereador,MUNICIPIO_AUSENTE_NA_SECAO,Totais do munzona; sem visao por local
TO,2000,95532,PONTE ALTA DO TOCANTINS,prefeito,MUNICIPIO_AUSENTE_NA_SECAO,Totais do munzona; sem visao por local
TO,2000,95532,PONTE ALTA DO TOCANTINS,vereador,MUNICIPIO_AUSENTE_NA_SECAO,Totais do munzona; sem visao por local
TO,2000,92509,PORTO ALEGRE DO TOCANTINS,prefeito,MUNICIPIO_AUSENTE_NA_SECAO,Totais do munzona; sem visao por local
TO,2000,92509,PORTO ALEGRE DO TOCANTINS,vereador,MUNICIPIO_AUSENTE_NA_SECAO,Totais do munzona; sem visao por local
TO,2000,95591,PORTO NACIONAL,prefeito,MUNICIPIO_AUSENTE_NA_SECAO,Totais do munzona; sem visao por local
TO,2000,95591,PORTO NACIONAL,vereador,MUNICIPIO_AUSENTE_NA_SECAO,Totais do munzona; sem visao por local
TO,2000,92525,PRAIA NORTE,prefeito,MUNICIPIO_AUSENTE_NA_SECAO,Totais do munzona; sem visao por local
TO,2000,92525,PRAIA NORTE,vereador,MUNICIPIO_AUSENTE_NA_SECAO,Totais do munzona; sem visao por local
TO,2000,96296,PRESIDENTE KENNEDY,prefeito,MUNICIPIO_AUSENTE_NA_SECAO,Totais do munzona; sem visao por local
TO,2000,96296,PRESIDENTE KENNEDY,vereador,MUNICIPIO_AUSENTE_NA_SECAO,Totais do munzona; sem visao por local
TO,2000,73571,PUGMIL,prefeito,MUNICIPIO_AUSENTE_NA_SECAO,Totais do munzona; sem visao por local
TO,2000,73571,PUGMIL,vereador,MUNICIPIO_AUSENTE_NA_SECAO,Totais do munzona; sem visao por local
TO,2000,73229,RECURSOLÂNDIA,prefeito,MUNICIPIO_AUSENTE_NA_SECAO,Totais do munzona; sem visao por local
TO,2000,73229,RECURSOLÂNDIA,vereador,MUNICIPIO_AUSENTE_NA_SECAO,Totais do munzona; sem visao por local
TO,2000,73024,RIACHINHO,prefeito,MUNICIPIO_AUSENTE_NA_SECAO,Totais do munzona; sem visao por local
TO,2000,73024,RIACHINHO,vereador,MUNICIPIO_AUSENTE_NA_SECAO,Totais do munzona; sem visao por local
TO,2000,73431,RIO DA CONCEIÇÃO,prefeito,MUNICIPIO_AUSENTE_NA_SECAO,Totais do munzona; sem visao por local
TO,2000,73431,RIO DA CONCEIÇÃO,vereador,MUNICIPIO_AUSENTE_NA_SECAO,Totais do munzona; sem visao por local
TO,2000,73415,RIO DOS BOIS,prefeito,MUNICIPIO_AUSENTE_NA_SECAO,Totais do munzona; sem visao por local
TO,2000,73415,RIO DOS BOIS,vereador,MUNICIPIO_AUSENTE_NA_SECAO,Totais do munzona; sem visao por local
TO,2000,96792,RIO SONO,prefeito,MUNICIPIO_AUSENTE_NA_SECAO,Totais do munzona; sem visao por local
TO,2000,96792,RIO SONO,vereador,MUNICIPIO_AUSENTE_NA_SECAO,Totais do munzona; sem visao por local
TO,2000,92541,SAMPAIO,prefeito,MUNICIPIO_AUSENTE_NA_SECAO,Totais do munzona; sem visao por local
TO,2000,92541,SAMPAIO,vereador,MUNICIPIO_AUSENTE_NA_SECAO,Totais do munzona; sem visao por local
TO,2000,73156,SANDOLÂNDIA,prefeito,MUNICIPIO_AUSENTE_NA_SECAO,Totais do munzona; sem visao por local
TO,2000,73156,SANDOLÂNDIA,vereador,MUNICIPIO_AUSENTE_NA_SECAO,Totais do munzona; sem visao por local
TO,2000,73350,SANTA FÉ DO ARAGUAIA,prefeito,MUNICIPIO_AUSENTE_NA_SECAO,Totais do munzona; sem visao por local
TO,2000,73350,SANTA FÉ DO ARAGUAIA,vereador,MUNICIPIO_AUSENTE_NA_SECAO,Totais do munzona; sem visao por local
TO,2000,73130,SANTA MARIA DO TOCANTINS,prefeito,MUNICIPIO_AUSENTE_NA_SECAO,Totais do munzona; sem visao por local
TO,2000,73130,SANTA MARIA DO TOCANTINS,vereador,MUNICIPIO_AUSENTE_NA_SECAO,Totais do munzona; sem visao por local
TO,2000,73547,SANTA RITA DO TOCANTINS,prefeito,MUNICIPIO_AUSENTE_NA_SECAO,Totais do munzona; sem visao por local
TO,2000,73547,SANTA RITA DO TOCANTINS,vereador,MUNICIPIO_AUSENTE_NA_SECAO,Totais do munzona; sem visao por local
TO,2000,92584,SANTA ROSA DO TOCANTINS,prefeito,MUNICIPIO_AUSENTE_NA_SECAO,Totais do munzona; sem visao por local
TO,2000,92584,SANTA ROSA DO TOCANTINS,vereador,MUNICIPIO_AUSENTE_NA_SECAO,Totais do munzona; sem visao por local
TO,2000,92606,SANTA TEREZA DO TOCANTINS,prefeito,MUNICIPIO_AUSENTE_NA_SECAO,Totais do munzona; sem visao por local
TO,2000,92606,SANTA TEREZA DO TOCANTINS,vereador,MUNICIPIO_AUSENTE_NA_SECAO,Totais do munzona; sem visao por local
TO,2000,73539,SANTA TEREZINHA DO TOCANTINS,prefeito,MUNICIPIO_AUSENTE_NA_SECAO,Totais do munzona; sem visao por local
TO,2000,73539,SANTA TEREZINHA DO TOCANTINS,vereador,MUNICIPIO_AUSENTE_NA_SECAO,Totais do munzona; sem visao por local
TO,2000,92681,SAO VALERIO DA NATIVIDADE,prefeito,MUNICIPIO_AUSENTE_NA_SECAO,Totais do munzona; sem visao por local
TO,2000,92681,SAO VALERIO DA NATIVIDADE,vereador,MUNICIPIO_AUSENTE_NA_SECAO,Totais do munzona; sem visao por local
TO,2000,96598,SILVANÓPOLIS,prefeito,MUNICIPIO_AUSENTE_NA_SECAO,Totais do munzona; sem visao por local
TO,2000,96598,SILVANÓPOLIS,vereador,MUNICIPIO_AUSENTE_NA_SECAO,Totais do munzona; sem visao por local
TO,2000,73377,SUCUPIRA,prefeito,MUNICIPIO_AUSENTE_NA_SECAO,Totais do munzona; sem visao por local
TO,2000,73377,SUCUPIRA,vereador,MUNICIPIO_AUSENTE_NA_SECAO,Totais do munzona; sem visao por local
TO,2000,73288,SÃO BENTO DO TOCANTINS,prefeito,MUNICIPIO_AUSENTE_NA_SECAO,Totais do munzona; sem visao por local
TO,2000,73288,SÃO BENTO DO TOCANTINS,vereador,MUNICIPIO_AUSENTE_NA_SECAO,Totais do munzona; sem visao por local
TO,2000,73105,SÃO FÉLIX DO TOCANTINS,prefeito,MUNICIPIO_AUSENTE_NA_SECAO,Totais do munzona; sem visao por local
TO,2000,73105,SÃO FÉLIX DO TOCANTINS,vereador,MUNICIPIO_AUSENTE_NA_SECAO,Totais do munzona; sem visao por local
TO,2000,73180,SÃO MIGUEL DO TOCANTINS,prefeito,MUNICIPIO_AUSENTE_NA_SECAO,Totais do munzona; sem visao por local
TO,2000,73180,SÃO MIGUEL DO TOCANTINS,vereador,MUNICIPIO_AUSENTE_NA_SECAO,Totais do munzona; sem visao por local
TO,2000,73393,SÃO SALVADOR DO TOCANTINS,prefeito,MUNICIPIO_AUSENTE_NA_SECAO,Totais do munzona; sem visao por local
TO,2000,73393,SÃO SALVADOR DO TOCANTINS,vereador,MUNICIPIO_AUSENTE_NA_SECAO,Totais do munzona; sem visao por local
TO,2000,96032,SÃO SEBASTIÃO DO TOCANTINS,prefeito,MUNICIPIO_AUSENTE_NA_SECAO,Totais do munzona; sem visao por local
TO,2000,96032,SÃO SEBASTIÃO DO TOCANTINS,vereador,MUNICIPIO_AUSENTE_NA_SECAO,Totais do munzona; sem visao por local
TO,2000,96130,SÍTIO NOVO DO TOCANTINS,prefeito,MUNICIPIO_AUSENTE_NA_SECAO,Totais do munzona; sem visao por local
TO,2000,96130,SÍTIO NOVO DO TOCANTINS,vereador,MUNICIPIO_AUSENTE_NA_SECAO,Totais do munzona; sem visao por local
TO,2000,96156,TAGUATINGA,prefeito,MUNICIPIO_AUSENTE_NA_SECAO,Totais do munzona; sem visao por local
TO,2000,96156,TAGUATINGA,vereador,MUNICIPIO_AUSENTE_NA_SECAO,Totais do munzona; sem visao por local
TO,2000,73164,TAIPAS DO TOCANTINS,prefeito,MUNICIPIO_AUSENTE_NA_SECAO,Totais do munzona; sem visao por local
TO,2000,73164,TAIPAS DO TOCANTINS,vereador,MUNICIPIO_AUSENTE_NA_SECAO,Totais do munzona; sem visao por local
TO,2000,73504,TALISMÃ,prefeito,MUNICIPIO_AUSENTE_NA_SECAO,Totais do munzona; sem visao por local
TO,2000,73504,TALISMÃ,vereador,MUNICIPIO_AUSENTE_NA_SECAO,Totais do munzona; sem visao por local
TO,2000,96210,TOCANTINÓPOLIS,prefeito,MUNICIPIO_AUSENTE_NA_SECAO,Totais do munzona; sem visao por local
TO,2000,96210,TOCANTINÓPOLIS,vereador,MUNICIPIO_AUSENTE_NA_SECAO,Totais do munzona; sem visao por local
TO,2000,96199,TOCANTÍNIA,prefeito,MUNICIPIO_AUSENTE_NA_SECAO,Totais do munzona; sem visao por local
TO,2000,96199,TOCANTÍNIA,vereador,MUNICIPIO_AUSENTE_NA_SECAO,Totais do munzona; sem visao por local
TO,2000,73458,TUPIRAMA,prefeito,MUNICIPIO_AUSENTE_NA_SECAO,Totais do munzona; sem visao por local
TO,2000,73458,TUPIRAMA,vereador,MUNICIPIO_AUSENTE_NA_SECAO,Totais do munzona; sem visao por local
TO,2000,73237,TUPIRATINS,prefeito,MUNICIPIO_AUSENTE_NA_SECAO,Totais do munzona; sem visao por local
TO,2000,73237,TUPIRATINS,vereador,MUNICIPIO_AUSENTE_NA_SECAO,Totais do munzona; sem visao por local
TO,2000,96652,WANDERLÂNDIA,prefeito,MUNICIPIO_AUSENTE_NA_SECAO,Totais do munzona; sem visao por local
TO,2000,96652,WANDERLÂNDIA,vereador,MUNICIPIO_AUSENTE_NA_SECAO,Totais do munzona; sem visao por local
TO,2000,96431,XAMBIOÁ,prefeito,MUNICIPIO_AUSENTE_NA_SECAO,Totais do munzona; sem visao por local
TO,2000,96431,XAMBIOÁ,vereador,MUNICIPIO_AUSENTE_NA_SECAO,Totais do munzona; sem visao por local
