{"type":"FeatureCollection","features":[{"type":"Feature","geometry":{"type":"Polygon","coordinates":[[[-47.43023,-6.06835],[-47.43448,-6.09312],[-47.43023,-6.13097],[-47.4232,-6.16019],[-47.4166,-6.17782],[-47.40148,-6.20925],[-47.38537,-6.23039],[-47.37791,-6.26058],[-47.37864,-6.27276],[-47.39624,-6.3078],[-47.40862,-6.32807],[-47.41198,-6.3462],[-47.40995,-6.36966],[-47.41994,-6.40162],[-47.43421,-6.43119],[-47.43326,-6.44015],[-47.4212,-6.4651],[-47.41634,-6.48388],[-47.41941,-6.49197],[-47.43421,-6.50438],[-47.4565,-6.53827],[-47.45897,-6.55686],[-47.46513,-6.57729],[-47.46253,-6.60175],[-47.46879,-6.62125],[-47.49864,-6.67123],[-47.49329,-6.68974],[-47.49701,-6.70122],[-47.49723,-6.7262],[-47.49366,-6.75127],[-47.49826,-6.76399],[-47.5167,-6.79026],[-47.5289,-6.82812],[-47.52915,-6.8363],[-47.52049,-6.84047],[-47.50704,-6.87201],[-47.50498,-6.88481],[-47.50762,-6.90719],[-47.52251,-6.92953],[-47.52957,-6.94601],[-47.52829,-6.97086],[-47.5471,-7.01672],[-47.57091,-7.00437],[-47.57484,-6.99655],[-47.60432,-6.99271],[-47.62421,-6.98405],[-47.6305,-6.98961],[-47.64193,-6.98548],[-47.65404,-6.9743],[-47.65486,-6.96461],[-47.69739,-6.93385],[-47.70512,-6.91093],[-47.71425,-6.91082],[-47.74459,-6.90491],[-47.75945,-6.90663],[-47.76549,-6.90076],[-47.77372,-6.9055],[-47.78884,-6.90567],[-47.79398,-6.90966],[-47.80825,-6.90319],[-47.81804,-6.90736],[-47.82149,-6.90147],[-47.83105,-6.90112],[-47.8387,-6.89373],[-47.8459,-6.89413],[-47.84948,-6.8848],[-47.85709,-6.88003],[-47.86168,-6.86594],[-47.87831,-6.86321],[-47.88266,-6.83556],[-47.88734,-6.82522],[-47.89675,-6.81877],[-47.90499,-6.8055],[-47.8982,-6.79302],[-47.89961,-6.78125],[-47.91032,-6.77887],[-47.929,-6.75873],[-47.94572,-6.75916],[-47.9464,-6.7519],[-47.96605,-6.73322],[-47.97136,-6.73881],[-47.98436,-6.72426],[-47.98116,-6.7137],[-47.99493,-6.71174],[-47.99449,-6.70499],[-48.01574,-6.70258],[-48.01633,-6.69332],[-48.04134,-6.68761],[-48.05093,-6.67363],[-48.06185,-6.669],[-48.06116,-6.66141],[-48.06878,-6.65777],[-48.09197,-6.65823],[-48.11502,-6.6465],[-48.11355,-6.63789],[-48.12523,-6.63436],[-48.12923,-6.62213],[-48.11859,-6.59717],[-48.12712,-6.58225],[-48.13297,-6.57884],[-48.13357,-6.56752],[-48.12625,-6.55854],[-48.13072,-6.54358],[-48.13588,-6.54115],[-48.13931,-6.52872],[-48.15274,-6.52176],[-48.16174,-6.50758],[-48.18086,-6.50545],[-48.18411,-6.49521],[-48.19102,-6.48894],[-48.19049,-6.47767],[-48.20069,-6.47134],[-48.20848,-6.45616],[-48.21637,-6.45101],[-48.22749,-6.46793],[-48.2397,-6.45932],[-48.24727,-6.44103],[-48.26191,-6.44612],[-48.2703,-6.43712],[-48.28151,-6.44951],[-48.29175,-6.44819],[-48.29456,-6.43353],[-48.28979,-6.42794],[-48.30253,-6.42028],[-48.30505,-6.40235],[-48.31457,-6.40742],[-48.32561,-6.40531],[-48.32292,-6.40086],[-48.33354,-6.39084],[-48.34101,-6.39518],[-48.34242,-6.38256],[-48.336,-6.3775],[-48.34987,-6.3553],[-48.35795,-6.35645],[-48.37569,-6.34499],[-48.37822,-6.33369],[-48.38872,-6.32159],[-48.41205,-6.30607],[-48.41712,-6.29859],[-48.41271,-6.28133],[-48.41899,-6.26824],[-48.42189,-6.24811],[-48.4303,-6.21573],[-48.43613,-6.20137],[-48.43616,-6.18796],[-48.43194,-6.17729],[-48.40827,-6.1534],[-48.39129,-6.1467],[-48.37826,-6.14912],[-48.36549,-6.14737],[-48.32452,-6.13272],[-48.30551,-6.1185],[-48.28805,-6.09756],[-48.28316,-6.08156],[-48.28688,-6.06577],[-48.29848,-6.05013],[-48.31038,-6.04363],[-48.32974,-6.03982],[-48.33838,-6.02836],[-48.33472,-6.00427],[-48.32146,-5.9855],[-48.29683,-5.96986],[-48.25196,-5.96037],[-48.23163,-5.94614],[-48.23013,-5.92252],[-48.2456,-5.89623],[-48.2704,-5.87144],[-48.28495,-5.85205],[-48.29197,-5.83684],[-48.29979,-5.79597],[-48.29764,-5.76512],[-48.29024,-5.74354],[-48.27571,-5.72651],[-48.26377,-5.72523],[-48.23065,-5.72926],[-48.2009,-5.72295],[-48.17598,-5.7123],[-48.16319,-5.69493],[-48.14123,-5.65435],[-48.13457,-5.63545],[-48.13225,-5.61813],[-48.13815,-5.60269],[-48.17702,-5.57487],[-48.18973,-5.5708],[-48.19474,-5.56309],[-48.2126,-5.55424],[-48.22619,-5.55065],[-48.23801,-5.55277],[-48.26151,-5.54807],[-48.27869,-5.54042],[-48.30071,-5.52301],[-48.31175,-5.50777],[-48.32552,-5.49375],[-48.32735,-5.48692],[-48.34108,-5.46706],[-48.34223,-5.44957],[-48.34724,-5.43536],[-48.35805,-5.42141],[-48.36835,-5.41454],[-48.37349,-5.40274],[-48.38474,-5.39421],[-48.39351,-5.39421],[-48.40144,-5.40341],[-48.41697,-5.40163],[-48.46459,-5.41229],[-48.49155,-5.42594],[-48.5139,-5.42982],[-48.55754,-5.41671],[-48.57605,-5.42146],[-48.59673,-5.42254],[-48.61169,-5.41864],[-48.62912,-5.41006],[-48.64369,-5.3897],[-48.65049,-5.38492],[-48.68055,-5.37876],[-48.71677,-5.37717],[-48.73688,-5.37396],[-48.7493,-5.36739],[-48.75676,-5.35288],[-48.75515,-5.34917],[-48.74092,-5.35282],[-48.73044,-5.34799],[-48.71213,-5.35301],[-48.70447,-5.34473],[-48.69921,-5.32012],[-48.69226,-5.31166],[-48.67944,-5.30582],[-48.65836,-5.3082],[-48.63866,-5.32001],[-48.6301,-5.33296],[-48.61235,-5.33843],[-48.60613,-5.3365],[-48.58413,-5.3113],[-48.56857,-5.28293],[-48.56855,-5.26279],[-48.56255,-5.24663],[-48.56107,-5.2302],[-48.54882,-5.21356],[-48.52977,-5.19662],[-48.51946,-5.19214],[-48.48632,-5.19382],[-48.4726,-5.18709],[-48.44238,-5.18332],[-48.4196,-5.17675],[-48.38755,-5.17367],[-48.36391,-5.16838],[-48.35315,-5.17389],[-48.32869,-5.19659],[-48.31402,-5.20309],[-48.2934,-5.20405],[-48.27302,-5.21597],[-48.23493,-5.22831],[-48.2065,-5.24898],[-48.1768,-5.25972],[-48.15202,-5.264],[-48.11229,-5.26563],[-48.07738,-5.27343],[-48.05235,-5.26756],[-48.04073,-5.26047],[-48.01896,-5.23983],[-48.00121,-5.23425],[-47.95323,-5.23999],[-47.9281,-5.24124],[-47.88557,-5.2607],[-47.87292,-5.27236],[-47.86701,-5.30119],[-47.86575,-5.31723],[-47.86762,-5.34282],[-47.86104,-5.35477],[-47.84376,-5.37621],[-47.82754,-5.38659],[-47.78618,-5.38354],[-47.77234,-5.37858],[-47.74431,-5.38013],[-47.72107,-5.39453],[-47.66677,-5.42179],[-47.61862,-5.45973],[-47.60578,-5.46509],[-47.58051,-5.47002],[-47.56026,-5.46321],[-47.54854,-5.47079],[-47.52835,-5.49267],[-47.51687,-5.51051],[-47.50012,-5.5256],[-47.48807,-5.54946],[-47.48326,-5.5649],[-47.4844,-5.5956],[-47.47723,-5.63504],[-47.4737,-5.66198],[-47.48431,-5.68412],[-47.49309,-5.71004],[-47.49337,-5.73053],[-47.48262,-5.75931],[-47.46651,-5.7783],[-47.45265,-5.81259],[-47.44228,-5.83079],[-47.43786,-5.85787],[-47.43106,-5.86921],[-47.43287,-5.8939],[-47.42887,-5.91948],[-47.43051,-5.9378],[-47.44773,-5.9899],[-47.44781,-5.99607],[-47.43045,-6.02987],[-47.42804,-6.03922],[-47.43023,-6.06835]]]},"properties":{"CD_REG":"17001","NM_REG":"Bico do Papagaio","SIGLA_UF":"TO"}},{"type":"Feature","geometry":{"type":"Polygon","coordinates":[[[-47.5471,-7.01672],[-47.57478,-7.05034],[-47.59723,-7.0634],[-47.60606,-7.07872],[-47.61843,-7.09116],[-47.62745,-7.12158],[-47.64446,-7.14361],[-47.66037,-7.15137],[-47.67519,-7.14771],[-47.69406,-7.13696],[-47.71066,-7.13765],[-47.72724,-7.14728],[-47.74513,-7.1625],[-47.74941,-7.17269],[-47.74983,-7.19526],[-47.73746,-7.21687],[-47.72626,-7.22333],[-47.70795,-7.22865],[-47.69101,-7.2383],[-47.67921,-7.25111],[-47.65974,-7.28895],[-47.65066,-7.30226],[-47.63412,-7.30481],[-47.62701,-7.30082],[-47.60737,-7.27212],[-47.5919,-7.264],[-47.56884,-7.26615],[-47.5429,-7.26538],[-47.53182,-7.2693],[-47.52434,-7.27759],[-47.49979,-7.29386],[-47.48292,-7.32235],[-47.4782,-7.33675],[-47.4835,-7.36512],[-47.493,-7.37587],[-47.51821,-7.39023],[-47.54155,-7.4009],[-47.55947,-7.40436],[-47.57986,-7.41868],[-47.59157,-7.44007],[-47.60346,-7.45506],[-47.62032,-7.48152],[-47.63004,-7.49116],[-47.63378,-7.5029],[-47.63089,-7.51365],[-47.62239,-7.52416],[-47.62358,-7.54204],[-47.63192,-7.57139],[-47.63206,-7.59109],[-47.62921,-7.61673],[-47.64311,-7.64462],[-47.65129,-7.65504],[-47.67623,-7.67619],[-47.69521,-7.68819],[-47.71813,-7.69687],[-47.73929,-7.71165],[-47.75358,-7.72422],[-47.77279,-7.73565],[-47.78246,-7.74801],[-47.7931,-7.75542],[-47.8083,-7.75673],[-47.8409,-7.77095],[-47.86026,-7.77707],[-47.8947,-7.79289],[-47.90589,-7.80368],[-47.90682,-7.82596],[-47.91852,-7.8586],[-47.93589,-7.86852],[-47.93999,-7.88003],[-47.93712,-7.89258],[-47.94049,-7.90753],[-47.95401,-7.92445],[-47.95882,-7.948],[-47.9507,-7.99519],[-47.95209,-8.01276],[-47.94586,-8.03202],[-47.9461,-8.04879],[-47.94975,-8.05473],[-47.96179,-8.0595],[-47.98311,-8.07221],[-48.0,-8.07806],[-48.04403,-8.08811],[-48.0691,-8.09045],[-48.10845,-8.08554],[-48.125,-8.10101],[-48.13467,-8.1151],[-48.15262,-8.15055],[-48.16698,-8.16334],[-48.17836,-8.16513],[-48.18981,-8.16219],[-48.19093,-8.15153],[-48.21152,-8.14559],[-48.22733,-8.13229],[-48.2314,-8.12401],[-48.23938,-8.12422],[-48.2557,-8.13757],[-48.28418,-8.13701],[-48.29615,-8.1458],[-48.30474,-8.13271],[-48.31302,-8.13084],[-48.32359,-8.13477],[-48.33964,-8.13342],[-48.34941,-8.12559],[-48.35434,-8.13693],[-48.36159,-8.1338],[-48.36176,-8.1419],[-48.368,-8.13847],[-48.38977,-8.13888],[-48.39669,-8.14954],[-48.39429,-8.17146],[-48.41617,-8.18213],[-48.42828,-8.17964],[-48.43127,-8.195],[-48.43698,-8.20143],[-48.46859,-8.21496],[-48.47318,-8.221],[-48.47628,-8.23984],[-48.48766,-8.24791],[-48.48967,-8.25842],[-48.50205,-8.26288],[-48.51496,-8.2624],[-48.52413,-8.23439],[-48.54018,-8.23021],[-48.55253,-8.24195],[-48.57083,-8.25338],[-48.58606,-8.2559],[-48.58343,-8.27082],[-48.59599,-8.28413],[-48.60598,-8.28671],[-48.6207,-8.27764],[-48.6369,-8.27602],[-48.63364,-8.28497],[-48.61693,-8.28985],[-48.625,-8.30635],[-48.6261,-8.32124],[-48.61855,-8.32831],[-48.62675,-8.33704],[-48.63081,-8.36277],[-48.62072,-8.38669],[-48.62788,-8.38975],[-48.63794,-8.37168],[-48.63582,-8.35774],[-48.65204,-8.33069],[-48.66464,-8.3156],[-48.65996,-8.30981],[-48.66081,-8.29844],[-48.66765,-8.28296],[-48.67509,-8.27862],[-48.68425,-8.2837],[-48.69609,-8.2675],[-48.69767,-8.25727],[-48.6905,-8.23716],[-48.7035,-8.2148],[-48.70006,-8.21157],[-48.7102,-8.20078],[-48.70936,-8.18419],[-48.72265,-8.178],[-48.72784,-8.18265],[-48.73503,-8.17839],[-48.73201,-8.17209],[-48.73966,-8.16747],[-48.74285,-8.14467],[-48.75459,-8.15014],[-48.76101,-8.125],[-48.76583,-8.12761],[-48.76283,-8.1156],[-48.77427,-8.11062],[-48.77669,-8.12065],[-48.78362,-8.1101],[-48.79068,-8.08127],[-48.79837,-8.07014],[-48.79803,-8.0594],[-48.78876,-8.04616],[-48.79623,-8.04233],[-48.79024,-8.02937],[-48.80142,-8.02475],[-48.80805,-8.00945],[-48.79553,-7.98946],[-48.79925,-7.97681],[-48.80765,-7.97288],[-48.80683,-7.96709],[-48.81443,-7.95921],[-48.81325,-7.95093],[-48.81933,-7.94204],[-48.81044,-7.92654],[-48.8123,-7.91478],[-48.82119,-7.91023],[-48.82042,-7.90388],[-48.8411,-7.90147],[-48.85096,-7.88414],[-48.86845,-7.88125],[-48.87055,-7.87616],[-48.88079,-7.87719],[-48.89333,-7.86757],[-48.90578,-7.84913],[-48.91942,-7.85004],[-48.93737,-7.85627],[-48.96082,-7.87125],[-48.98335,-7.87252],[-49.00008,-7.87749],[-49.03126,-7.87082],[-49.03632,-7.8807],[-49.06051,-7.88177],[-49.07056,-7.87526],[-49.08529,-7.87559],[-49.0904,-7.88785],[-49.10553,-7.87659],[-49.11274,-7.87529],[-49.12075,-7.86674],[-49.12799,-7.87132],[-49.15052,-7.8678],[-49.14881,-7.85899],[-49.16726,-7.8564],[-49.16491,-7.83287],[-49.15006,-7.81211],[-49.15058,-7.8022],[-49.16074,-7.79137],[-49.18564,-7.78365],[-49.20314,-7.7745],[-49.22116,-7.7616],[-49.24,-7.74072],[-49.2682,-7.7205],[-49.29653,-7.69644],[-49.32323,-7.68175],[-49.33515,-7.66868],[-49.34366,-7.65297],[-49.35075,-7.63214],[-49.36364,-7.61082],[-49.38158,-7.5691],[-49.38405,-7.54349],[-49.378,-7.49645],[-49.34725,-7.46162],[-49.30079,-7.41086],[-49.28732,-7.39082],[-49.27385,-7.37842],[-49.25433,-7.34943],[-49.23394,-7.32891],[-49.21286,-7.29078],[-49.20679,-7.27073],[-49.19023,-7.2458],[-49.18528,-7.23517],[-49.1832,-7.2146],[-49.18719,-7.19248],[-49.1938,-7.12981],[-49.1914,-7.05545],[-49.19528,-7.02626],[-49.20927,-6.98299],[-49.21538,-6.97573],[-49.21745,-6.96147],[-49.21458,-6.93827],[-49.20953,-6.92542],[-49.18392,-6.90789],[-49.17949,-6.89806],[-49.17194,-6.89294],[-49.15047,-6.88885],[-49.11527,-6.86995],[-49.10305,-6.85717],[-49.06702,-6.83297],[-49.04377,-6.81577],[-49.01888,-6.78421],[-48.97738,-6.78209],[-48.96371,-6.77946],[-48.93951,-6.76669],[-48.92419,-6.76326],[-48.91385,-6.75737],[-48.901,-6.75692],[-48.85113,-6.74868],[-48.82586,-6.75465],[-48.79268,-6.74369],[-48.7691,-6.7307],[-48.75483,-6.71516],[-48.74785,-6.70265],[-48.72913,-6.68926],[-48.69766,-6.68372],[-48.68271,-6.67791],[-48.67091,-6.669],[-48.65528,-6.65054],[-48.65196,-6.63995],[-48.65393,-6.60154],[-48.66127,-6.58298],[-48.66455,-6.56767],[-48.6581,-6.53941],[-48.64671,-6.52383],[-48.64627,-6.50889],[-48.63471,-6.49346],[-48.61957,-6.46244],[-48.60719,-6.44801],[-48.57256,-6.42337],[-48.56507,-6.41512],[-48.54058,-6.40084],[-48.5308,-6.38967],[-48.52396,-6.37354],[-48.51124,-6.35693],[-48.50022,-6.35093],[-48.44771,-6.35118],[-48.42163,-6.35848],[-48.39944,-6.37407],[-48.38268,-6.37961],[-48.3764,-6.35653],[-48.37569,-6.34499],[-48.35795,-6.35645],[-48.34987,-6.3553],[-48.336,-6.3775],[-48.34242,-6.38256],[-48.34101,-6.39518],[-48.33354,-6.39084],[-48.32292,-6.40086],[-48.32561,-6.40531],[-48.31457,-6.40742],[-48.30505,-6.40235],[-48.30253,-6.42028],[-48.28979,-6.42794],[-48.29456,-6.43353],[-48.29175,-6.44819],[-48.28151,-6.44951],[-48.2703,-6.43712],[-48.26191,-6.44612],[-48.24727,-6.44103],[-48.2397,-6.45932],[-48.22749,-6.46793],[-48.21637,-6.45101],[-48.20848,-6.45616],[-48.20069,-6.47134],[-48.19049,-6.47767],[-48.19102,-6.48894],[-48.18411,-6.49521],[-48.18086,-6.50545],[-48.16174,-6.50758],[-48.15274,-6.52176],[-48.13931,-6.52872],[-48.13588,-6.54115],[-48.13072,-6.54358],[-48.12625,-6.55854],[-48.13357,-6.56752],[-48.13297,-6.57884],[-48.12712,-6.58225],[-48.11859,-6.59717],[-48.12923,-6.62213],[-48.12523,-6.63436],[-48.11355,-6.63789],[-48.11502,-6.6465],[-48.09197,-6.65823],[-48.06878,-6.65777],[-48.06116,-6.66141],[-48.06185,-6.669],[-48.05093,-6.67363],[-48.04134,-6.68761],[-48.01633,-6.69332],[-48.01574,-6.70258],[-47.99449,-6.70499],[-47.99493,-6.71174],[-47.98116,-6.7137],[-47.98436,-6.72426],[-47.97136,-6.73881],[-47.96605,-6.73322],[-47.9464,-6.7519],[-47.94572,-6.75916],[-47.929,-6.75873],[-47.91032,-6.77887],[-47.89961,-6.78125],[-47.8982,-6.79302],[-47.90499,-6.8055],[-47.89675,-6.81877],[-47.88734,-6.82522],[-47.88266,-6.83556],[-47.87831,-6.86321],[-47.86168,-6.86594],[-47.85709,-6.88003],[-47.84948,-6.8848],[-47.8459,-6.89413],[-47.8387,-6.89373],[-47.83105,-6.90112],[-47.82149,-6.90147],[-47.81804,-6.90736],[-47.80825,-6.90319],[-47.79398,-6.90966],[-47.78884,-6.90567],[-47.77372,-6.9055],[-47.76549,-6.90076],[-47.75945,-6.90663],[-47.74459,-6.90491],[-47.71425,-6.91082],[-47.70512,-6.91093],[-47.69739,-6.93385],[-47.65486,-6.96461],[-47.65404,-6.9743],[-47.64193,-6.98548],[-47.6305,-6.98961],[-47.62421,-6.98405],[-47.60432,-6.99271],[-47.57484,-6.99655],[-47.57091,-7.00437],[-47.5471,-7.01672]]]},"properties":{"CD_REG":"17002","NM_REG":"Araguaína","SIGLA_UF":"TO"}},{"type":"Feature","geometry":{"type":"Polygon","coordinates":[[[-48.15262,-8.15055],[-48.15964,-8.16868],[-48.16178,-8.19658],[-48.14482,-8.23111],[-48.1377,-8.26954],[-48.1325,-8.28841],[-48.13374,-8.30359],[-48.12816,-8.36716],[-48.12288,-8.37878],[-48.10499,-8.3955],[-48.09941,-8.40493],[-48.08561,-8.41449],[-48.08122,-8.42662],[-48.08438,-8.46899],[-48.08791,-8.48526],[-48.10009,-8.51649],[-48.11143,-8.52402],[-48.125,-8.52573],[-48.13346,-8.539],[-48.13171,-8.56769],[-48.13563,-8.58566],[-48.13536,-8.5998],[-48.13001,-8.63518],[-48.125,-8.65628],[-48.12332,-8.67442],[-48.12939,-8.71757],[-48.12752,-8.74145],[-48.11226,-8.76481],[-48.11237,-8.78772],[-48.12298,-8.81763],[-48.13914,-8.83487],[-48.15362,-8.86196],[-48.17054,-8.89714],[-48.17269,-8.92825],[-48.1812,-8.96501],[-48.18047,-8.99223],[-48.18574,-9.0169],[-48.19408,-9.03293],[-48.20836,-9.04673],[-48.22248,-9.05652],[-48.24466,-9.08256],[-48.25286,-9.09669],[-48.27757,-9.1219],[-48.28693,-9.14499],[-48.30492,-9.17065],[-48.31505,-9.19039],[-48.31714,-9.21678],[-48.31997,-9.22449],[-48.33691,-9.25],[-48.3445,-9.2769],[-48.3524,-9.29446],[-48.36143,-9.32813],[-48.36643,-9.33922],[-48.36793,-9.35754],[-48.36158,-9.37116],[-48.35819,-9.38781],[-48.36149,-9.40722],[-48.37649,-9.43411],[-48.37224,-9.45957],[-48.37067,-9.49162],[-48.37164,-9.5096],[-48.37634,-9.54338],[-48.38274,-9.56833],[-48.40023,-9.60174],[-48.40492,-9.61618],[-48.40152,-9.63921],[-48.38351,-9.66887],[-48.37193,-9.67596],[-48.36499,-9.69744],[-48.36461,-9.71453],[-48.36058,-9.723],[-48.3619,-9.74641],[-48.375,-9.75767],[-48.37917,-9.77655],[-48.375,-9.79199],[-48.35645,-9.80315],[-48.33816,-9.81941],[-48.33389,-9.82727],[-48.33151,-9.84506],[-48.33675,-9.88492],[-48.35634,-9.90084],[-48.36574,-9.91585],[-48.37092,-9.93155],[-48.36838,-9.94791],[-48.34975,-9.97024],[-48.33704,-10.0],[-48.33008,-10.02885],[-48.3324,-10.04138],[-48.35894,-10.05384],[-48.39116,-10.05241],[-48.39883,-10.04778],[-48.41388,-10.03119],[-48.43829,-10.01826],[-48.4519,-10.01867],[-48.46056,-10.0233],[-48.46633,-10.03307],[-48.48494,-10.02896],[-48.49664,-10.03449],[-48.49872,-10.04109],[-48.51188,-10.04323],[-48.5217,-10.03328],[-48.52751,-10.039],[-48.53934,-10.03592],[-48.54897,-10.04026],[-48.5606,-10.0398],[-48.57118,-10.02637],[-48.59009,-10.04689],[-48.59803,-10.04978],[-48.59844,-10.06366],[-48.62032,-10.06619],[-48.62382,-10.07742],[-48.6373,-10.07267],[-48.63998,-10.08387],[-48.6549,-10.08051],[-48.65969,-10.08738],[-48.67194,-10.09072],[-48.68459,-10.08561],[-48.70604,-10.08288],[-48.7095,-10.07332],[-48.7256,-10.06108],[-48.72718,-10.04118],[-48.73164,-10.04239],[-48.74039,-10.03276],[-48.75535,-10.03607],[-48.77721,-10.02633],[-48.78639,-10.03519],[-48.79439,-10.03677],[-48.8002,-10.05075],[-48.81031,-10.04768],[-48.8126,-10.05557],[-48.82266,-10.05984],[-48.82492,-10.0543],[-48.83575,-10.05774],[-48.8412,-10.0414],[-48.84796,-10.03581],[-48.85724,-10.03568],[-48.85822,-10.02179],[-48.8808,-10.026],[-48.88185,-10.04369],[-48.88766,-10.0637],[-48.8941,-10.06113],[-48.89617,-10.07087],[-48.90238,-10.07177],[-48.90613,-10.08251],[-48.92181,-10.09722],[-48.92895,-10.09536],[-48.9346,-10.10945],[-48.94604,-10.11628],[-48.94402,-10.12925],[-48.97915,-10.12389],[-48.98309,-10.13334],[-49.00022,-10.12878],[-49.00587,-10.12094],[-49.01166,-10.12939],[-49.02084,-10.13181],[-49.03202,-10.14165],[-49.02916,-10.15004],[-49.04314,-10.14427],[-49.04431,-10.15186],[-49.05196,-10.15108],[-49.05934,-10.14139],[-49.07477,-10.13876],[-49.08812,-10.14264],[-49.09576,-10.13921],[-49.11529,-10.14988],[-49.12105,-10.143],[-49.13294,-10.14683],[-49.13703,-10.13332],[-49.14986,-10.1251],[-49.15835,-10.10863],[-49.16939,-10.09997],[-49.18167,-10.09777],[-49.19097,-10.10032],[-49.20004,-10.09093],[-49.21041,-10.08661],[-49.21042,-10.07348],[-49.21626,-10.07386],[-49.22159,-10.06421],[-49.23081,-10.06619],[-49.24207,-10.05804],[-49.25869,-10.06013],[-49.27796,-10.04618],[-49.27687,-10.03991],[-49.30575,-10.03331],[-49.3039,-10.02899],[-49.31338,-10.00806],[-49.34875,-9.98606],[-49.35163,-9.97994],[-49.37075,-9.97986],[-49.38186,-9.9679],[-49.39927,-9.96195],[-49.41166,-9.97507],[-49.4204,-9.98977],[-49.42792,-9.99191],[-49.43321,-10.00277],[-49.44612,-10.00769],[-49.46494,-9.9985],[-49.46679,-9.98639],[-49.48123,-9.97894],[-49.48787,-9.98299],[-49.49844,-9.97523],[-49.52277,-9.97616],[-49.53507,-9.95918],[-49.54617,-9.95803],[-49.55605,-9.94886],[-49.56797,-9.95561],[-49.57123,-9.96178],[-49.57897,-9.95837],[-49.59972,-9.97571],[-49.60132,-9.9845],[-49.6099,-9.98279],[-49.61942,-9.98804],[-49.62369,-9.99576],[-49.63915,-10.00069],[-49.64734,-9.99632],[-49.65196,-9.98667],[-49.66434,-9.98835],[-49.67347,-9.99465],[-49.70538,-9.98579],[-49.71992,-9.97434],[-49.72492,-9.97915],[-49.73855,-9.96624],[-49.7455,-9.96815],[-49.74941,-9.95463],[-49.77375,-9.94862],[-49.77285,-9.93951],[-49.7809,-9.93516],[-49.78124,-9.92752],[-49.79471,-9.91292],[-49.797,-9.90181],[-49.80981,-9.89834],[-49.82199,-9.90766],[-49.82831,-9.90345],[-49.83731,-9.9081],[-49.84552,-9.91996],[-49.8435,-9.92646],[-49.86758,-9.91525],[-49.87474,-9.92012],[-49.88457,-9.91592],[-49.89609,-9.92691],[-49.90539,-9.91974],[-49.90465,-9.90497],[-49.91046,-9.89332],[-49.9265,-9.8968],[-49.94002,-9.88786],[-49.94759,-9.87006],[-49.96542,-9.86062],[-49.96237,-9.85425],[-49.97127,-9.85302],[-49.96831,-9.84395],[-49.98123,-9.83276],[-49.98689,-9.81956],[-49.97996,-9.81347],[-49.98626,-9.80439],[-49.99459,-9.80884],[-49.99996,-9.7985],[-50.01306,-9.79206],[-50.00858,-9.78995],[-50.01362,-9.77413],[-50.02442,-9.77754],[-50.02619,-9.76198],[-50.03182,-9.75513],[-50.02187,-9.75456],[-50.02348,-9.74712],[-50.00992,-9.74949],[-50.00858,-9.73145],[-50.01607,-9.71821],[-50.0248,-9.71243],[-50.02981,-9.7015],[-50.01923,-9.702],[-50.01465,-9.69125],[-49.99876,-9.68593],[-50.00271,-9.67638],[-49.99455,-9.67492],[-49.99952,-9.66184],[-49.99517,-9.65193],[-49.98931,-9.65199],[-49.98891,-9.63784],[-49.99837,-9.60718],[-49.99794,-9.59783],[-49.98273,-9.58536],[-49.98378,-9.57792],[-49.99137,-9.57344],[-49.98593,-9.56366],[-49.99281,-9.55123],[-49.99523,-9.53266],[-49.98211,-9.50509],[-49.98559,-9.49818],[-49.99753,-9.5078],[-50.00238,-9.50464],[-49.99482,-9.49102],[-49.9772,-9.47943],[-49.98585,-9.46104],[-49.98147,-9.45027],[-49.98321,-9.43297],[-49.98965,-9.42621],[-49.98951,-9.40712],[-50.00113,-9.38966],[-49.99124,-9.37953],[-49.97614,-9.37543],[-49.97235,-9.36641],[-49.97705,-9.35387],[-49.97269,-9.34693],[-49.97004,-9.33056],[-49.97178,-9.32011],[-49.96243,-9.30618],[-49.96449,-9.29338],[-49.97265,-9.28721],[-49.97236,-9.26872],[-49.96248,-9.25933],[-49.96698,-9.24658],[-49.96687,-9.23106],[-49.9539,-9.21737],[-49.94622,-9.20397],[-49.92487,-9.18623],[-49.91237,-9.17871],[-49.90542,-9.16974],[-49.91005,-9.15352],[-49.89688,-9.14367],[-49.88614,-9.12435],[-49.87128,-9.10397],[-49.86194,-9.08623],[-49.86264,-9.0815],[-49.85161,-9.06543],[-49.85034,-9.04672],[-49.84259,-9.02733],[-49.80917,-8.99243],[-49.79366,-8.97943],[-49.78153,-8.9621],[-49.76768,-8.93369],[-49.75455,-8.92196],[-49.74509,-8.90616],[-49.7335,-8.9027],[-49.69966,-8.87237],[-49.68436,-8.85647],[-49.6415,-8.84672],[-49.61267,-8.84623],[-49.59241,-8.83949],[-49.58078,-8.8187],[-49.56501,-8.80104],[-49.55,-8.77719],[-49.54345,-8.76139],[-49.51422,-8.72442],[-49.49994,-8.70263],[-49.4898,-8.69204],[-49.47136,-8.6481],[-49.45969,-8.63224],[-49.45147,-8.6125],[-49.43533,-8.59819],[-49.40989,-8.58],[-49.40058,-8.5588],[-49.39911,-8.53342],[-49.3915,-8.48978],[-49.38513,-8.47861],[-49.37701,-8.45529],[-49.34941,-8.41838],[-49.33808,-8.41074],[-49.3133,-8.4029],[-49.29913,-8.39537],[-49.28332,-8.37956],[-49.27624,-8.36368],[-49.26744,-8.33419],[-49.26175,-8.30387],[-49.25527,-8.28524],[-49.24866,-8.25538],[-49.23064,-8.21778],[-49.21585,-8.19421],[-49.20958,-8.17549],[-49.20386,-8.14001],[-49.20724,-8.12712],[-49.20002,-8.10171],[-49.19936,-8.08757],[-49.19316,-8.07647],[-49.18305,-8.07063],[-49.17672,-8.06151],[-49.17328,-8.02097],[-49.18185,-7.98487],[-49.18203,-7.97696],[-49.16964,-7.95479],[-49.16324,-7.92128],[-49.16278,-7.90053],[-49.16639,-7.88033],[-49.16726,-7.8564],[-49.14881,-7.85899],[-49.15052,-7.8678],[-49.12799,-7.87132],[-49.12075,-7.86674],[-49.11274,-7.87529],[-49.10553,-7.87659],[-49.0904,-7.88785],[-49.08529,-7.87559],[-49.07056,-7.87526],[-49.06051,-7.88177],[-49.03632,-7.8807],[-49.03126,-7.87082],[-49.00008,-7.87749],[-48.98335,-7.87252],[-48.96082,-7.87125],[-48.93737,-7.85627],[-48.91942,-7.85004],[-48.90578,-7.84913],[-48.89333,-7.86757],[-48.88079,-7.87719],[-48.87055,-7.87616],[-48.86845,-7.88125],[-48.85096,-7.88414],[-48.8411,-7.90147],[-48.82042,-7.90388],[-48.82119,-7.91023],[-48.8123,-7.91478],[-48.81044,-7.92654],[-48.81933,-7.94204],[-48.81325,-7.95093],[-48.81443,-7.95921],[-48.80683,-7.96709],[-48.80765,-7.97288],[-48.79925,-7.97681],[-48.79553,-7.98946],[-48.80805,-8.00945],[-48.80142,-8.02475],[-48.79024,-8.02937],[-48.79623,-8.04233],[-48.78876,-8.04616],[-48.79803,-8.0594],[-48.79837,-8.07014],[-48.79068,-8.08127],[-48.78362,-8.1101],[-48.77669,-8.12065],[-48.77427,-8.11062],[-48.76283,-8.1156],[-48.76583,-8.12761],[-48.76101,-8.125],[-48.75459,-8.15014],[-48.74285,-8.14467],[-48.73966,-8.16747],[-48.73201,-8.17209],[-48.73503,-8.17839],[-48.72784,-8.18265],[-48.72265,-8.178],[-48.70936,-8.18419],[-48.7102,-8.20078],[-48.70006,-8.21157],[-48.7035,-8.2148],[-48.6905,-8.23716],[-48.69767,-8.25727],[-48.69609,-8.2675],[-48.68425,-8.2837],[-48.67509,-8.27862],[-48.66765,-8.28296],[-48.66081,-8.29844],[-48.65996,-8.30981],[-48.66464,-8.3156],[-48.65204,-8.33069],[-48.63582,-8.35774],[-48.63794,-8.37168],[-48.62788,-8.38975],[-48.62072,-8.38669],[-48.63081,-8.36277],[-48.62675,-8.33704],[-48.61855,-8.32831],[-48.6261,-8.32124],[-48.625,-8.30635],[-48.61693,-8.28985],[-48.63364,-8.28497],[-48.6369,-8.27602],[-48.6207,-8.27764],[-48.60598,-8.28671],[-48.59599,-8.28413],[-48.58343,-8.27082],[-48.58606,-8.2559],[-48.57083,-8.25338],[-48.55253,-8.24195],[-48.54018,-8.23021],[-48.52413,-8.23439],[-48.51496,-8.2624],[-48.50205,-8.26288],[-48.48967,-8.25842],[-48.48766,-8.24791],[-48.47628,-8.23984],[-48.47318,-8.221],[-48.46859,-8.21496],[-48.43698,-8.20143],[-48.43127,-8.195],[-48.42828,-8.17964],[-48.41617,-8.18213],[-48.39429,-8.17146],[-48.39669,-8.14954],[-48.38977,-8.13888],[-48.368,-8.13847],[-48.36176,-8.1419],[-48.36159,-8.1338],[-48.35434,-8.13693],[-48.34941,-8.12559],[-48.33964,-8.13342],[-48.32359,-8.13477],[-48.31302,-8.13084],[-48.30474,-8.13271],[-48.29615,-8.1458],[-48.28418,-8.13701],[-48.2557,-8.13757],[-48.23938,-8.12422],[-48.2314,-8.12401],[-48.22733,-8.13229],[-48.21152,-8.14559],[-48.19093,-8.15153],[-48.18981,-8.16219],[-48.17836,-8.16513],[-48.16698,-8.16334],[-48.15262,-8.15055]]]},"properties":{"CD_REG":"17003","NM_REG":"Miracema do Tocantins","SIGLA_UF":"TO"}},{"type":"Feature","geometry":{"type":"Polygon","coordinates":[[[-48.67194,-10.09072],[-48.66979,-10.10137],[-48.67664,-10.1219],[-48.68418,-10.12991],[-48.69132,-10.14591],[-48.69972,-10.19057],[-48.69113,-10.19768],[-48.6882,-10.21186],[-48.69177,-10.22374],[-48.68062,-10.22518],[-48.66996,-10.24159],[-48.65971,-10.24832],[-48.64294,-10.24423],[-48.63898,-10.25557],[-48.62621,-10.25827],[-48.61904,-10.27563],[-48.59806,-10.28654],[-48.59773,-10.29402],[-48.60497,-10.30546],[-48.60031,-10.3201],[-48.60486,-10.33027],[-48.61331,-10.33152],[-48.62182,-10.32607],[-48.62636,-10.34298],[-48.64499,-10.34865],[-48.66113,-10.36125],[-48.66062,-10.36864],[-48.68066,-10.37043],[-48.69532,-10.38213],[-48.69608,-10.39259],[-48.70757,-10.39252],[-48.70751,-10.40053],[-48.71547,-10.40624],[-48.73606,-10.40745],[-48.74758,-10.41417],[-48.75783,-10.41335],[-48.76485,-10.42228],[-48.75761,-10.43001],[-48.75814,-10.43682],[-48.76739,-10.45107],[-48.76762,-10.45831],[-48.78017,-10.45787],[-48.78803,-10.46739],[-48.79388,-10.46243],[-48.80968,-10.47249],[-48.80206,-10.48656],[-48.80584,-10.492],[-48.80586,-10.51193],[-48.81325,-10.53109],[-48.80702,-10.54215],[-48.80934,-10.54757],[-48.82613,-10.55804],[-48.82385,-10.58581],[-48.81301,-10.59264],[-48.82446,-10.61164],[-48.82636,-10.63515],[-48.81804,-10.64272],[-48.80899,-10.64493],[-48.80376,-10.66453],[-48.79204,-10.67293],[-48.79015,-10.6899],[-48.77866,-10.70062],[-48.77427,-10.71112],[-48.77345,-10.73719],[-48.76831,-10.7448],[-48.77369,-10.75638],[-48.77381,-10.76677],[-48.77932,-10.77292],[-48.78268,-10.78774],[-48.78902,-10.7944],[-48.80483,-10.85443],[-48.79353,-10.86701],[-48.79833,-10.88001],[-48.79847,-10.89844],[-48.80208,-10.89959],[-48.80865,-10.9221],[-48.80819,-10.92879],[-48.81875,-10.94388],[-48.82783,-10.95158],[-48.83315,-10.96267],[-48.85284,-10.96774],[-48.85522,-10.95146],[-48.85122,-10.93754],[-48.85711,-10.92549],[-48.87166,-10.91585],[-48.86772,-10.90693],[-48.86936,-10.88477],[-48.87817,-10.87391],[-48.88443,-10.85093],[-48.88962,-10.84534],[-48.90457,-10.84347],[-48.99857,-10.84141],[-48.99873,-10.82878],[-49.00368,-10.81764],[-49.00536,-10.80171],[-49.01467,-10.77647],[-49.03196,-10.78073],[-49.03746,-10.79224],[-49.04844,-10.79289],[-49.05972,-10.80885],[-49.07909,-10.81504],[-49.08832,-10.80668],[-49.10048,-10.80625],[-49.11308,-10.81615],[-49.13459,-10.80772],[-49.13929,-10.81268],[-49.14689,-10.80901],[-49.14655,-10.80097],[-49.15337,-10.79254],[-49.16193,-10.80001],[-49.17786,-10.79705],[-49.18483,-10.80389],[-49.20248,-10.80027],[-49.2117,-10.787],[-49.21249,-10.77642],[-49.22659,-10.76079],[-49.24252,-10.75428],[-49.27346,-10.75728],[-49.28456,-10.75649],[-49.2894,-10.74908],[-49.29983,-10.75133],[-49.30718,-10.74466],[-49.33877,-10.74026],[-49.363,-10.75141],[-49.36762,-10.75904],[-49.37208,-10.75263],[-49.38928,-10.75921],[-49.40264,-10.77479],[-49.41949,-10.78334],[-49.4254,-10.78305],[-49.44048,-10.80288],[-49.45338,-10.80476],[-49.46341,-10.81458],[-49.48684,-10.81708],[-49.50964,-10.83165],[-49.51469,-10.838],[-49.52182,-10.83479],[-49.54561,-10.83144],[-49.55407,-10.83372],[-49.55595,-10.82681],[-49.56235,-10.83302],[-49.55989,-10.84114],[-49.56619,-10.84358],[-49.57781,-10.86568],[-49.57688,-10.8845],[-49.58631,-10.89956],[-49.60367,-10.90931],[-49.62162,-10.91039],[-49.62947,-10.9265],[-49.64464,-10.91999],[-49.64838,-10.9225],[-49.6649,-10.9141],[-49.67925,-10.92077],[-49.6874,-10.91866],[-49.69258,-10.92588],[-49.70955,-10.90743],[-49.71068,-10.91449],[-49.71931,-10.92105],[-49.72711,-10.91563],[-49.72891,-10.90719],[-49.75821,-10.90087],[-49.76452,-10.9063],[-49.76131,-10.91837],[-49.78303,-10.93851],[-49.77764,-10.94953],[-49.78304,-10.95251],[-49.78769,-10.97048],[-49.79564,-10.97641],[-49.7926,-10.98267],[-49.79858,-10.99595],[-49.7935,-11.00384],[-49.79341,-11.01391],[-49.77781,-11.00617],[-49.77014,-11.00693],[-49.76516,-11.02367],[-49.75573,-11.02342],[-49.75305,-11.03499],[-49.73833,-11.0337],[-49.74154,-11.04615],[-49.73071,-11.06109],[-49.72255,-11.05857],[-49.70311,-11.08787],[-49.69668,-11.08866],[-49.69293,-11.09999],[-49.68473,-11.09967],[-49.66132,-11.11289],[-49.65631,-11.12739],[-49.63239,-11.12437],[-49.6187,-11.13117],[-49.61966,-11.135],[-49.60599,-11.15035],[-49.58616,-11.16068],[-49.5825,-11.15257],[-49.57345,-11.16026],[-49.56967,-11.15459],[-49.56139,-11.16331],[-49.56157,-11.16945],[-49.54116,-11.17477],[-49.53924,-11.18192],[-49.52563,-11.17614],[-49.51709,-11.17748],[-49.50253,-11.18686],[-49.49125,-11.18458],[-49.48238,-11.17592],[-49.45699,-11.18182],[-49.44794,-11.1704],[-49.43558,-11.17741],[-49.42787,-11.18917],[-49.4039,-11.17942],[-49.39073,-11.18455],[-49.38904,-11.1989],[-49.37876,-11.19789],[-49.3685,-11.20753],[-49.35888,-11.22456],[-49.35722,-11.23358],[-49.34988,-11.23038],[-49.3398,-11.24994],[-49.32932,-11.25089],[-49.326,-11.25806],[-49.31482,-11.2609],[-49.30998,-11.27412],[-49.30311,-11.27414],[-49.29908,-11.28839],[-49.29216,-11.29553],[-49.27521,-11.29509],[-49.26338,-11.3081],[-49.27193,-11.32093],[-49.25713,-11.32143],[-49.24683,-11.33513],[-49.23218,-11.32404],[-49.21917,-11.32663],[-49.21538,-11.33888],[-49.20253,-11.34425],[-49.18644,-11.3277],[-49.17174,-11.33188],[-49.16193,-11.32477],[-49.14447,-11.33307],[-49.13712,-11.34149],[-49.12809,-11.36222],[-49.11745,-11.37249],[-49.1102,-11.39911],[-49.08824,-11.39334],[-49.08003,-11.39979],[-49.07583,-11.396],[-49.06292,-11.40454],[-49.06504,-11.41172],[-49.05441,-11.42176],[-49.05315,-11.42914],[-49.04479,-11.42815],[-49.03431,-11.43939],[-49.01027,-11.45207],[-49.00924,-11.46636],[-48.9959,-11.48578],[-48.97645,-11.49575],[-48.97291,-11.50147],[-48.95314,-11.51287],[-48.94759,-11.5317],[-48.9624,-11.547],[-48.98838,-11.56661],[-48.99221,-11.58617],[-48.99575,-11.59009],[-49.00742,-11.58364],[-49.02455,-11.58721],[-49.03449,-11.58122],[-49.044,-11.58447],[-49.04414,-11.6028],[-49.05355,-11.60491],[-49.08174,-11.5984],[-49.0955,-11.6005],[-49.09898,-11.60635],[-49.09904,-11.625],[-49.10263,-11.6375],[-49.11439,-11.65244],[-49.125,-11.65653],[-49.13143,-11.66406],[-49.14941,-11.66332],[-49.16331,-11.67539],[-49.17004,-11.71037],[-49.17541,-11.72111],[-49.1756,-11.7308],[-49.1672,-11.74426],[-49.21531,-11.74251],[-49.22567,-11.73708],[-49.24126,-11.74843],[-49.25352,-11.74389],[-49.27289,-11.74972],[-49.27628,-11.74663],[-49.29096,-11.75271],[-49.31756,-11.74468],[-49.33404,-11.7438],[-49.35156,-11.75067],[-49.35778,-11.7481],[-49.38302,-11.75227],[-49.38982,-11.75918],[-49.40624,-11.76189],[-49.39422,-11.77565],[-49.38222,-11.78358],[-49.38257,-11.79194],[-49.37634,-11.80781],[-49.36173,-11.81383],[-49.35005,-11.8113],[-49.34941,-11.82115],[-49.34137,-11.83928],[-49.33309,-11.84623],[-49.3337,-11.85255],[-49.32257,-11.85505],[-49.3047,-11.85228],[-49.30104,-11.86828],[-49.30969,-11.88005],[-49.29828,-11.89441],[-49.28351,-11.90725],[-49.27744,-11.91784],[-49.27491,-11.93361],[-49.26256,-11.94993],[-49.25898,-11.96659],[-49.27101,-11.98337],[-49.26293,-12.0],[-49.27299,-12.00333],[-49.29929,-12.02352],[-49.3073,-12.02475],[-49.32009,-12.03461],[-49.32605,-12.05531],[-49.32538,-12.06694],[-49.3374,-12.07924],[-49.34756,-12.11008],[-49.34409,-12.12501],[-49.36403,-12.13136],[-49.38463,-12.14855],[-49.40807,-12.15703],[-49.41411,-12.16873],[-49.4267,-12.18292],[-49.42838,-12.19501],[-49.44786,-12.20796],[-49.45044,-12.2165],[-49.47405,-12.22884],[-49.4905,-12.22869],[-49.50862,-12.22428],[-49.51864,-12.22672],[-49.52778,-12.23454],[-49.53999,-12.23819],[-49.55564,-12.23498],[-49.56304,-12.22971],[-49.5819,-12.22806],[-49.5898,-12.23185],[-49.6018,-12.22898],[-49.60948,-12.23716],[-49.6242,-12.22802],[-49.62909,-12.23284],[-49.6419,-12.23116],[-49.64455,-12.23705],[-49.63456,-12.23871],[-49.6352,-12.24646],[-49.64847,-12.2475],[-49.64755,-12.2601],[-49.65178,-12.26674],[-49.64595,-12.27188],[-49.62336,-12.26797],[-49.60863,-12.27859],[-49.59654,-12.28359],[-49.5994,-12.29202],[-49.5914,-12.30234],[-49.58294,-12.30224],[-49.57901,-12.30996],[-49.5791,-12.32451],[-49.58907,-12.32543],[-49.5961,-12.33359],[-49.6107,-12.3413],[-49.59998,-12.35533],[-49.591,-12.37442],[-49.57752,-12.38585],[-49.59338,-12.39055],[-49.59294,-12.40229],[-49.58567,-12.4053],[-49.5876,-12.41974],[-49.57408,-12.41016],[-49.56735,-12.42227],[-49.56205,-12.42267],[-49.55075,-12.40737],[-49.53802,-12.41852],[-49.53461,-12.43587],[-49.52216,-12.42976],[-49.52329,-12.44093],[-49.50991,-12.44706],[-49.51683,-12.45707],[-49.51222,-12.46221],[-49.49565,-12.45888],[-49.50723,-12.47263],[-49.49267,-12.48744],[-49.48559,-12.48469],[-49.48496,-12.47484],[-49.47008,-12.46667],[-49.45941,-12.48378],[-49.43924,-12.48321],[-49.42853,-12.4861],[-49.42603,-12.49497],[-49.42888,-12.51361],[-49.42308,-12.51646],[-49.4108,-12.50668],[-49.40206,-12.51325],[-49.39059,-12.51246],[-49.39164,-12.51859],[-49.37482,-12.53087],[-49.36181,-12.53255],[-49.35518,-12.55439],[-49.36086,-12.56102],[-49.34704,-12.59046],[-49.35092,-12.59542],[-49.3476,-12.60515],[-49.32878,-12.62687],[-49.33537,-12.64605],[-49.33339,-12.66498],[-49.33933,-12.68065],[-49.34819,-12.69188],[-49.34677,-12.71391],[-49.35095,-12.72559],[-49.34539,-12.73663],[-49.35064,-12.74585],[-49.34777,-12.75223],[-49.35411,-12.76326],[-49.34235,-12.78097],[-49.34809,-12.79013],[-49.33791,-12.79799],[-49.3277,-12.7982],[-49.32203,-12.80402],[-49.32337,-12.8144],[-49.29223,-12.81391],[-49.27238,-12.84013],[-49.26236,-12.83976],[-49.25216,-12.85829],[-49.254,-12.87455],[-49.24495,-12.87453],[-49.23766,-12.88379],[-49.23517,-12.89389],[-49.24662,-12.90206],[-49.24929,-12.92654],[-49.25779,-12.93475],[-49.25785,-12.9408],[-49.26734,-12.94414],[-49.28064,-12.97032],[-49.27592,-12.97999],[-49.27976,-12.98893],[-49.29738,-13.01076],[-49.30671,-13.03295],[-49.33848,-13.06754],[-49.34467,-13.0843],[-49.35098,-13.08903],[-49.3543,-13.11238],[-49.34604,-13.11638],[-49.34105,-13.1265],[-49.35357,-13.14328],[-49.35565,-13.15606],[-49.3471,-13.16754],[-49.34834,-13.1912],[-49.34418,-13.19712],[-49.3489,-13.21041],[-49.34542,-13.22524],[-49.34045,-13.23008],[-49.33726,-13.24728],[-49.33939,-13.25337],[-49.3553,-13.26098],[-49.36832,-13.2723],[-49.90923,-12.97487],[-49.9084,-12.96998],[-49.92174,-12.9608],[-49.94093,-12.956],[-49.94997,-12.95929],[-49.9649,-12.95227],[-49.97914,-12.93875],[-49.99099,-12.94479],[-50.00245,-12.93413],[-50.02314,-12.92847],[-50.03758,-12.93565],[-50.04457,-12.93338],[-50.04912,-12.92209],[-50.06443,-12.9208],[-50.07237,-12.91675],[-50.07989,-12.90538],[-50.08288,-12.90781],[-50.10403,-12.90726],[-50.10953,-12.91139],[-50.11672,-12.90637],[-50.14547,-12.90241],[-50.15787,-12.89313],[-50.18518,-12.89364],[-50.20565,-12.88528],[-50.21008,-12.87614],[-50.2245,-12.87304],[-50.22533,-12.86003],[-50.24949,-12.85373],[-50.24988,-12.8492],[-50.26371,-12.84218],[-50.27422,-12.84345],[-50.29291,-12.83399],[-50.30009,-12.82077],[-50.30769,-12.81742],[-50.30431,-12.81084],[-50.31005,-12.80202],[-50.31078,-12.79161],[-50.3025,-12.78043],[-50.30585,-12.77525],[-50.30322,-12.76024],[-50.29444,-12.75395],[-50.30261,-12.74715],[-50.28825,-12.73284],[-50.28328,-12.71778],[-50.29916,-12.7044],[-50.29613,-12.69421],[-50.29907,-12.68018],[-50.29193,-12.6771],[-50.29535,-12.6857],[-50.27614,-12.67801],[-50.27146,-12.68324],[-50.26298,-12.66238],[-50.26843,-12.65175],[-50.25844,-12.64418],[-50.25382,-12.62336],[-50.24757,-12.63006],[-50.23681,-12.62409],[-50.24476,-12.59747],[-50.23782,-12.57925],[-50.22323,-12.58491],[-50.20735,-12.57189],[-50.20416,-12.56356],[-50.1921,-12.56149],[-50.19784,-12.55353],[-50.20557,-12.5539],[-50.20831,-12.56206],[-50.21835,-12.54293],[-50.22935,-12.53163],[-50.21808,-12.51332],[-50.21826,-12.49119],[-50.21515,-12.48199],[-50.2044,-12.47622],[-50.20073,-12.45957],[-50.18376,-12.45529],[-50.17912,-12.43836],[-50.16573,-12.43694],[-50.1586,-12.43062],[-50.15873,-12.41428],[-50.14877,-12.39613],[-50.15967,-12.40472],[-50.17168,-12.40585],[-50.17167,-12.42135],[-50.18315,-12.42368],[-50.1933,-12.41153],[-50.19719,-12.41889],[-50.18622,-12.42344],[-50.1862,-12.43307],[-50.19458,-12.43067],[-50.21122,-12.43542],[-50.21568,-12.44026],[-50.20579,-12.44521],[-50.21571,-12.4491],[-50.22453,-12.44605],[-50.2271,-12.45262],[-50.25373,-12.46225],[-50.26169,-12.47722],[-50.2776,-12.48099],[-50.30546,-12.49237],[-50.32428,-12.50675],[-50.31209,-12.51601],[-50.31594,-12.52162],[-50.32493,-12.5144],[-50.33363,-12.52011],[-50.3315,-12.53548],[-50.34656,-12.5329],[-50.34559,-12.5417],[-50.3594,-12.54038],[-50.36599,-12.54701],[-50.35858,-12.55016],[-50.36963,-12.55809],[-50.36479,-12.56731],[-50.36669,-12.57406],[-50.37942,-12.5756],[-50.38648,-12.58985],[-50.39769,-12.60038],[-50.39146,-12.6123],[-50.4064,-12.61313],[-50.41744,-12.62323],[-50.41715,-12.63498],[-50.41191,-12.64375],[-50.41721,-12.65163],[-50.42754,-12.64206],[-50.43419,-12.64942],[-50.42693,-12.65349],[-50.43476,-12.65774],[-50.43183,-12.67004],[-50.43596,-12.67636],[-50.43165,-12.68767],[-50.43665,-12.69636],[-50.44676,-12.69782],[-50.46017,-12.69268],[-50.46325,-12.70204],[-50.47503,-12.70632],[-50.47791,-12.71597],[-50.46689,-12.72234],[-50.46528,-12.73133],[-50.48741,-12.74448],[-50.48378,-12.75116],[-50.46871,-12.75232],[-50.47781,-12.76255],[-50.47547,-12.7713],[-50.48706,-12.77636],[-50.49329,-12.78369],[-50.49267,-12.79682],[-50.48417,-12.80888],[-50.49386,-12.81896],[-50.48978,-12.82749],[-50.49681,-12.84586],[-50.5072,-12.85071],[-50.51098,-12.8609],[-50.51309,-12.84464],[-50.52034,-12.83639],[-50.53004,-12.84316],[-50.56695,-12.84342],[-50.59162,-12.83074],[-50.60148,-12.82098],[-50.57999,-12.80481],[-50.58192,-12.79938],[-50.60331,-12.80046],[-50.61204,-12.81666],[-50.62273,-12.81974],[-50.62657,-12.81188],[-50.62536,-12.80002],[-50.61177,-12.7759],[-50.61679,-12.77165],[-50.63026,-12.77607],[-50.63612,-12.77114],[-50.62721,-12.76089],[-50.62296,-12.73464],[-50.63471,-12.72536],[-50.63665,-12.71519],[-50.63004,-12.70653],[-50.63432,-12.70146],[-50.64512,-12.70224],[-50.65477,-12.67918],[-50.64635,-12.66379],[-50.64693,-12.65112],[-50.6562,-12.64599],[-50.68387,-12.64809],[-50.69639,-12.64969],[-50.70135,-12.64346],[-50.70115,-12.6242],[-50.70649,-12.6097],[-50.70007,-12.59514],[-50.6899,-12.59339],[-50.67387,-12.60012],[-50.66798,-12.59601],[-50.66748,-12.58421],[-50.68648,-12.5692],[-50.67512,-12.54892],[-50.66226,-12.53225],[-50.6596,-12.50609],[-50.64709,-12.48552],[-50.64659,-12.47366],[-50.65304,-12.46007],[-50.64226,-12.4525],[-50.62719,-12.45841],[-50.62357,-12.45528],[-50.61826,-12.42899],[-50.63366,-12.41388],[-50.62687,-12.38403],[-50.63229,-12.36681],[-50.63971,-12.35859],[-50.64457,-12.34591],[-50.63782,-12.32529],[-50.64357,-12.31895],[-50.64892,-12.29909],[-50.64204,-12.29028],[-50.63126,-12.28488],[-50.63234,-12.26864],[-50.64642,-12.2561],[-50.65081,-12.24495],[-50.64371,-12.22296],[-50.65543,-12.21821],[-50.6664,-12.21979],[-50.68138,-12.21695],[-50.6868,-12.20068],[-50.67918,-12.18808],[-50.67904,-12.15533],[-50.67036,-12.1376],[-50.67603,-12.1239],[-50.66739,-12.0817],[-50.66762,-12.06456],[-50.68151,-12.05278],[-50.68708,-12.03563],[-50.67785,-12.01951],[-50.68407,-12.01083],[-50.68224,-11.99089],[-50.6631,-11.97563],[-50.65683,-11.96685],[-50.65474,-11.94799],[-50.66802,-11.93012],[-50.65911,-11.91432],[-50.64057,-11.90269],[-50.63929,-11.88457],[-50.64512,-11.8777],[-50.66537,-11.86446],[-50.68265,-11.8629],[-50.6863,-11.859],[-50.68588,-11.83876],[-50.69101,-11.81721],[-50.70059,-11.80347],[-50.70786,-11.76823],[-50.71781,-11.75244],[-50.72159,-11.73171],[-50.70243,-11.71066],[-50.68673,-11.6971],[-50.67407,-11.69268],[-50.6637,-11.67753],[-50.66221,-11.63646],[-50.66462,-11.62661],[-50.65912,-11.62011],[-50.65693,-11.60086],[-50.65965,-11.58845],[-50.6729,-11.58098],[-50.70929,-11.58174],[-50.71599,-11.57895],[-50.72782,-11.55749],[-50.73894,-11.54451],[-50.74037,-11.53171],[-50.7348,-11.51182],[-50.73934,-11.49915],[-50.73881,-11.47286],[-50.74206,-11.46035],[-50.73926,-11.43539],[-50.72814,-11.41691],[-50.72851,-11.38257],[-50.71226,-11.35985],[-50.70576,-11.3415],[-50.7071,-11.32817],[-50.69681,-11.30466],[-50.679,-11.29492],[-50.67133,-11.28674],[-50.66631,-11.26611],[-50.65941,-11.25486],[-50.65604,-11.24024],[-50.65473,-11.21503],[-50.66201,-11.1995],[-50.65989,-11.18737],[-50.66474,-11.16594],[-50.66448,-11.1516],[-50.65763,-11.12781],[-50.64389,-11.12318],[-50.63484,-11.097],[-50.61987,-11.08763],[-50.60946,-11.06745],[-50.61146,-11.04298],[-50.61743,-11.032],[-50.61759,-11.00243],[-50.62484,-10.98384],[-50.62024,-10.96891],[-50.6286,-10.95191],[-50.63262,-10.93186],[-50.61829,-10.9141],[-50.60079,-10.90068],[-50.59996,-10.8817],[-50.60495,-10.87247],[-50.61904,-10.86409],[-50.62201,-10.83942],[-50.61172,-10.82151],[-50.6122,-10.81032],[-50.60718,-10.80468],[-50.5969,-10.80472],[-50.59087,-10.79785],[-50.59101,-10.78881],[-50.58026,-10.77224],[-50.57059,-10.7525],[-50.57776,-10.73338],[-50.57595,-10.72538],[-50.58393,-10.70926],[-50.58622,-10.69199],[-50.59095,-10.68061],[-50.60282,-10.67376],[-50.6029,-10.65823],[-50.58257,-10.64408],[-50.57168,-10.62035],[-50.56317,-10.61132],[-50.54143,-10.60932],[-50.53496,-10.60175],[-50.53565,-10.58887],[-50.51973,-10.56248],[-50.52259,-10.53889],[-50.51468,-10.52269],[-50.51679,-10.50555],[-50.50376,-10.49591],[-50.48779,-10.49463],[-50.48262,-10.49004],[-50.4867,-10.47721],[-50.48678,-10.46196],[-50.47862,-10.43503],[-50.47373,-10.40491],[-50.44829,-10.39157],[-50.44106,-10.37557],[-50.42909,-10.36799],[-50.41811,-10.35455],[-50.42367,-10.34194],[-50.42307,-10.32744],[-50.4147,-10.31179],[-50.40323,-10.27903],[-50.39809,-10.25443],[-50.3857,-10.23323],[-50.38195,-10.21211],[-50.3894,-10.17493],[-50.3969,-10.17088],[-50.39826,-10.15547],[-50.39215,-10.13403],[-50.37781,-10.11072],[-50.36659,-10.10289],[-50.35728,-10.0903],[-50.35467,-10.07717],[-50.33984,-10.06094],[-50.31444,-10.04684],[-50.30265,-10.03541],[-50.29428,-10.01611],[-50.29201,-9.99536],[-50.27793,-9.97077],[-50.27894,-9.95525],[-50.26721,-9.93465],[-50.26553,-9.91268],[-50.25565,-9.88911],[-50.24379,-9.87124],[-50.22545,-9.85396],[-50.22481,-9.84115],[-50.21762,-9.83457],[-50.21439,-9.81322],[-50.20378,-9.79091],[-50.19907,-9.76174],[-50.18178,-9.73586],[-50.16128,-9.71283],[-50.15912,-9.69939],[-50.15004,-9.69278],[-50.15017,-9.67473],[-50.14283,-9.66324],[-50.13948,-9.6486],[-50.13775,-9.62482],[-50.12745,-9.62093],[-50.12259,-9.61036],[-50.10737,-9.59428],[-50.10733,-9.57251],[-50.10347,-9.56276],[-50.09107,-9.54951],[-50.09092,-9.53282],[-50.10795,-9.50863],[-50.10143,-9.50028],[-50.10531,-9.48955],[-50.10534,-9.47541],[-50.0969,-9.45527],[-50.09012,-9.4316],[-50.08183,-9.41825],[-50.06553,-9.4008],[-50.05856,-9.37985],[-50.05283,-9.37267],[-50.05547,-9.3347],[-50.05075,-9.31307],[-50.03778,-9.28941],[-50.01337,-9.27713],[-50.00272,-9.26531],[-49.99693,-9.23765],[-49.98656,-9.23139],[-49.96687,-9.23106],[-49.96698,-9.24658],[-49.96248,-9.25933],[-49.97236,-9.26872],[-49.97265,-9.28721],[-49.96449,-9.29338],[-49.96243,-9.30618],[-49.97178,-9.32011],[-49.97004,-9.33056],[-49.97269,-9.34693],[-49.97705,-9.35387],[-49.97235,-9.36641],[-49.97614,-9.37543],[-49.99124,-9.37953],[-50.00113,-9.38966],[-49.98951,-9.40712],[-49.98965,-9.42621],[-49.98321,-9.43297],[-49.98147,-9.45027],[-49.98585,-9.46104],[-49.9772,-9.47943],[-49.99482,-9.49102],[-50.00238,-9.50464],[-49.99753,-9.5078],[-49.98559,-9.49818],[-49.98211,-9.50509],[-49.99523,-9.53266],[-49.99281,-9.55123],[-49.98593,-9.56366],[-49.99137,-9.57344],[-49.98378,-9.57792],[-49.98273,-9.58536],[-49.99794,-9.59783],[-49.99837,-9.60718],[-49.98891,-9.63784],[-49.98931,-9.65199],[-49.99517,-9.65193],[-49.99952,-9.66184],[-49.99455,-9.67492],[-50.00271,-9.67638],[-49.99876,-9.68593],[-50.01465,-9.69125],[-50.01923,-9.702],[-50.02981,-9.7015],[-50.0248,-9.71243],[-50.01607,-9.71821],[-50.00858,-9.73145],[-50.00992,-9.74949],[-50.02348,-9.74712],[-50.02187,-9.75456],[-50.03182,-9.75513],[-50.02619,-9.76198],[-50.02442,-9.77754],[-50.01362,-9.77413],[-50.00858,-9.78995],[-50.01306,-9.79206],[-49.99996,-9.7985],[-49.99459,-9.80884],[-49.98626,-9.80439],[-49.97996,-9.81347],[-49.98689,-9.81956],[-49.98123,-9.83276],[-49.96831,-9.84395],[-49.97127,-9.85302],[-49.96237,-9.85425],[-49.96542,-9.86062],[-49.94759,-9.87006],[-49.94002,-9.88786],[-49.9265,-9.8968],[-49.91046,-9.89332],[-49.90465,-9.90497],[-49.90539,-9.91974],[-49.89609,-9.92691],[-49.88457,-9.91592],[-49.87474,-9.92012],[-49.86758,-9.91525],[-49.8435,-9.92646],[-49.84552,-9.91996],[-49.83731,-9.9081],[-49.82831,-9.90345],[-49.82199,-9.90766],[-49.80981,-9.89834],[-49.797,-9.90181],[-49.79471,-9.91292],[-49.78124,-9.92752],[-49.7809,-9.93516],[-49.77285,-9.93951],[-49.77375,-9.94862],[-49.74941,-9.95463],[-49.7455,-9.96815],[-49.73855,-9.96624],[-49.72492,-9.97915],[-49.71992,-9.97434],[-49.70538,-9.98579],[-49.67347,-9.99465],[-49.66434,-9.98835],[-49.65196,-9.98667],[-49.64734,-9.99632],[-49.63915,-10.00069],[-49.62369,-9.99576],[-49.61942,-9.98804],[-49.6099,-9.98279],[-49.60132,-9.9845],[-49.59972,-9.97571],[-49.57897,-9.95837],[-49.57123,-9.96178],[-49.56797,-9.95561],[-49.55605,-9.94886],[-49.54617,-9.95803],[-49.53507,-9.95918],[-49.52277,-9.97616],[-49.49844,-9.97523],[-49.48787,-9.98299],[-49.48123,-9.97894],[-49.46679,-9.98639],[-49.46494,-9.9985],[-49.44612,-10.00769],[-49.43321,-10.00277],[-49.42792,-9.99191],[-49.4204,-9.98977],[-49.41166,-9.97507],[-49.39927,-9.96195],[-49.38186,-9.9679],[-49.37075,-9.97986],[-49.35163,-9.97994],[-49.34875,-9.98606],[-49.31338,-10.00806],[-49.3039,-10.02899],[-49.30575,-10.03331],[-49.27687,-10.03991],[-49.27796,-10.04618],[-49.25869,-10.06013],[-49.24207,-10.05804],[-49.23081,-10.06619],[-49.22159,-10.06421],[-49.21626,-10.07386],[-49.21042,-10.07348],[-49.21041,-10.08661],[-49.20004,-10.09093],[-49.19097,-10.10032],[-49.18167,-10.09777],[-49.16939,-10.09997],[-49.15835,-10.10863],[-49.14986,-10.1251],[-49.13703,-10.13332],[-49.13294,-10.14683],[-49.12105,-10.143],[-49.11529,-10.14988],[-49.09576,-10.13921],[-49.08812,-10.14264],[-49.07477,-10.13876],[-49.05934,-10.14139],[-49.05196,-10.15108],[-49.04431,-10.15186],[-49.04314,-10.14427],[-49.02916,-10.15004],[-49.03202,-10.14165],[-49.02084,-10.13181],[-49.01166,-10.12939],[-49.00587,-10.12094],[-49.00022,-10.12878],[-48.98309,-10.13334],[-48.97915,-10.12389],[-48.94402,-10.12925],[-48.94604,-10.11628],[-48.9346,-10.10945],[-48.92895,-10.09536],[-48.92181,-10.09722],[-48.90613,-10.08251],[-48.90238,-10.07177],[-48.89617,-10.07087],[-48.8941,-10.06113],[-48.88766,-10.0637],[-48.88185,-10.04369],[-48.8808,-10.026],[-48.85822,-10.02179],[-48.85724,-10.03568],[-48.84796,-10.03581],[-48.8412,-10.0414],[-48.83575,-10.05774],[-48.82492,-10.0543],[-48.82266,-10.05984],[-48.8126,-10.05557],[-48.81031,-10.04768],[-48.8002,-10.05075],[-48.79439,-10.03677],[-48.78639,-10.03519],[-48.77721,-10.02633],[-48.75535,-10.03607],[-48.74039,-10.03276],[-48.73164,-10.04239],[-48.72718,-10.04118],[-48.7256,-10.06108],[-48.7095,-10.07332],[-48.70604,-10.08288],[-48.68459,-10.08561],[-48.67194,-10.09072]]]},"properties":{"CD_REG":"17004","NM_REG":"Rio Formoso","SIGLA_UF":"TO"}},{"type":"Feature","geometry":{"type":"Polygon","coordinates":[[[-48.78902,-10.7944],[-48.77659,-10.8061],[-48.76071,-10.80228],[-48.75,-10.81041],[-48.72416,-10.8026],[-48.71866,-10.81231],[-48.70371,-10.82067],[-48.69022,-10.83685],[-48.66294,-10.83553],[-48.65041,-10.83796],[-48.64486,-10.8327],[-48.64436,-10.84189],[-48.63736,-10.85229],[-48.63555,-10.87019],[-48.61786,-10.86105],[-48.60691,-10.84579],[-48.58436,-10.84666],[-48.5824,-10.8545],[-48.59329,-10.86456],[-48.58622,-10.87058],[-48.57504,-10.85525],[-48.56775,-10.85367],[-48.54746,-10.85676],[-48.54383,-10.84834],[-48.54643,-10.83031],[-48.53477,-10.82794],[-48.5328,-10.81717],[-48.54624,-10.80849],[-48.54398,-10.79622],[-48.51789,-10.79393],[-48.5036,-10.78213],[-48.46909,-10.7805],[-48.46239,-10.76987],[-48.45136,-10.76194],[-48.44345,-10.76348],[-48.42624,-10.75899],[-48.41477,-10.7509],[-48.40134,-10.75886],[-48.39621,-10.76759],[-48.39663,-10.79694],[-48.39862,-10.81243],[-48.39672,-10.8294],[-48.41568,-10.87501],[-48.42488,-10.88951],[-48.44675,-10.91819],[-48.46449,-10.93134],[-48.51059,-10.95166],[-48.51743,-10.95895],[-48.53112,-10.9952],[-48.54998,-11.00984],[-48.55805,-11.02199],[-48.55946,-11.03131],[-48.55343,-11.05535],[-48.5419,-11.07302],[-48.53988,-11.09697],[-48.53077,-11.11436],[-48.52126,-11.125],[-48.5211,-11.14683],[-48.51766,-11.15887],[-48.4888,-11.22011],[-48.46209,-11.24817],[-48.45412,-11.26252],[-48.45248,-11.27788],[-48.45852,-11.30085],[-48.46529,-11.33526],[-48.47901,-11.3625],[-48.47428,-11.3704],[-48.48238,-11.39379],[-48.48125,-11.40946],[-48.47727,-11.42002],[-48.4666,-11.4258],[-48.46392,-11.43767],[-48.46762,-11.44367],[-48.46171,-11.45594],[-48.46987,-11.47376],[-48.47574,-11.47633],[-48.45884,-11.49742],[-48.45725,-11.50787],[-48.46378,-11.51727],[-48.46319,-11.52811],[-48.44921,-11.54954],[-48.44998,-11.55706],[-48.44219,-11.5667],[-48.42725,-11.57833],[-48.42641,-11.58946],[-48.41654,-11.5891],[-48.41135,-11.59578],[-48.40992,-11.61377],[-48.40432,-11.6194],[-48.40986,-11.63002],[-48.39891,-11.63316],[-48.39473,-11.64048],[-48.38268,-11.64368],[-48.38242,-11.66348],[-48.37567,-11.66776],[-48.37909,-11.6757],[-48.37912,-11.69291],[-48.38369,-11.70659],[-48.37807,-11.70966],[-48.3763,-11.74505],[-48.38042,-11.75571],[-48.37888,-11.76873],[-48.36377,-11.79921],[-48.36435,-11.81784],[-48.35848,-11.83075],[-48.36209,-11.83925],[-48.35588,-11.84598],[-48.34469,-11.84462],[-48.3363,-11.85599],[-48.34264,-11.85721],[-48.34876,-11.87085],[-48.3491,-11.88505],[-48.34274,-11.89265],[-48.33621,-11.92176],[-48.32863,-11.92459],[-48.31997,-11.93842],[-48.30912,-11.93809],[-48.3026,-11.94278],[-48.30156,-11.95158],[-48.29194,-11.95833],[-48.28285,-11.95461],[-48.25992,-11.97798],[-48.2387,-11.9892],[-48.2276,-11.99255],[-48.21287,-12.00522],[-48.21933,-12.01641],[-48.20993,-12.02301],[-48.20783,-12.03432],[-48.21453,-12.04204],[-48.2112,-12.0567],[-48.18368,-12.06583],[-48.17114,-12.04755],[-48.15659,-12.05797],[-48.15588,-12.06324],[-48.14294,-12.06627],[-48.1459,-12.07065],[-48.11516,-12.08723],[-48.11474,-12.10179],[-48.12043,-12.1115],[-48.09883,-12.13218],[-48.11233,-12.15294],[-48.11379,-12.13655],[-48.12315,-12.13521],[-48.1249,-12.14197],[-48.14307,-12.15195],[-48.15201,-12.16244],[-48.14878,-12.16994],[-48.15516,-12.18015],[-48.14998,-12.19778],[-48.15696,-12.20294],[-48.16547,-12.19912],[-48.16874,-12.18507],[-48.17403,-12.18255],[-48.19423,-12.18401],[-48.19816,-12.17511],[-48.21079,-12.16844],[-48.2189,-12.16839],[-48.21982,-12.15959],[-48.24146,-12.17304],[-48.2539,-12.17561],[-48.26023,-12.17213],[-48.26973,-12.20506],[-48.27521,-12.20878],[-48.28723,-12.20739],[-48.2887,-12.21604],[-48.28195,-12.22255],[-48.28777,-12.24388],[-48.31271,-12.26932],[-48.25581,-12.31234],[-48.25398,-12.31896],[-48.25675,-12.3448],[-48.2545,-12.35679],[-48.24872,-12.3651],[-48.23489,-12.37365],[-48.22816,-12.39095],[-48.23423,-12.40625],[-48.25,-12.42089],[-48.261,-12.43485],[-48.26485,-12.45235],[-48.2623,-12.46167],[-48.24774,-12.46106],[-48.21158,-12.46383],[-48.20716,-12.47932],[-48.21315,-12.48775],[-48.23101,-12.4951],[-48.23352,-12.50905],[-48.22831,-12.52111],[-48.23257,-12.54069],[-48.25,-12.55041],[-48.26135,-12.55145],[-48.29339,-12.56066],[-48.28811,-12.56732],[-48.25149,-12.59488],[-48.26916,-12.59719],[-48.27479,-12.60642],[-48.26988,-12.62581],[-48.27233,-12.636],[-48.28828,-12.65268],[-48.29093,-12.66143],[-48.28669,-12.67521],[-48.27633,-12.6825],[-48.24798,-12.68576],[-48.24609,-12.67856],[-48.23956,-12.68371],[-48.2441,-12.70488],[-48.25364,-12.71647],[-48.26604,-12.72298],[-48.26987,-12.72911],[-48.26647,-12.74437],[-48.25719,-12.74676],[-48.24737,-12.74058],[-48.22622,-12.7459],[-48.22372,-12.75842],[-48.23694,-12.77835],[-48.24148,-12.79131],[-48.24019,-12.80419],[-48.22951,-12.82861],[-48.20706,-12.84958],[-48.1889,-12.88348],[-48.18802,-12.9085],[-48.17949,-12.92332],[-48.16367,-12.95897],[-48.15253,-12.96581],[-48.13992,-12.98733],[-48.14899,-13.00574],[-48.14579,-13.03787],[-48.15179,-13.05882],[-48.14318,-13.07006],[-48.13819,-13.08879],[-48.12862,-13.09829],[-48.12868,-13.10579],[-48.13738,-13.11617],[-48.13946,-13.13684],[-48.14366,-13.15247],[-48.16484,-13.15822],[-48.17342,-13.14806],[-48.19569,-13.16158],[-48.19312,-13.17289],[-48.21287,-13.17471],[-48.21642,-13.16998],[-48.22841,-13.17386],[-48.23227,-13.1697],[-48.23836,-13.1805],[-48.24557,-13.18506],[-48.24995,-13.19663],[-48.2623,-13.19753],[-48.26291,-13.20385],[-48.27924,-13.20775],[-48.27622,-13.20027],[-48.28796,-13.20474],[-48.30016,-13.22395],[-48.30909,-13.22783],[-48.30964,-13.2353],[-48.31622,-13.23051],[-48.33084,-13.23286],[-48.34243,-13.22873],[-48.34572,-13.24941],[-48.35208,-13.24121],[-48.36211,-13.24295],[-48.3753,-13.25687],[-48.37865,-13.25494],[-48.38535,-13.2661],[-48.40252,-13.2714],[-48.40807,-13.26728],[-48.41757,-13.27219],[-48.43005,-13.27118],[-48.44198,-13.2923],[-48.44613,-13.28349],[-48.45889,-13.28043],[-48.46204,-13.26205],[-48.4569,-13.24796],[-48.47485,-13.23594],[-48.47572,-13.21719],[-48.47191,-13.21247],[-48.47822,-13.19393],[-48.47702,-13.178],[-48.46857,-13.15867],[-48.47248,-13.14056],[-48.47945,-13.15256],[-48.48623,-13.14125],[-48.49953,-13.13709],[-48.50308,-13.14226],[-48.51881,-13.14003],[-48.52135,-13.16328],[-48.53035,-13.19232],[-48.54569,-13.19557],[-48.55366,-13.20328],[-48.55032,-13.22985],[-48.55541,-13.24242],[-48.55417,-13.26384],[-48.55833,-13.27234],[-48.55435,-13.27995],[-48.55398,-13.30335],[-48.56368,-13.30601],[-48.57024,-13.30222],[-48.57809,-13.3087],[-48.5848,-13.32139],[-48.58766,-13.31001],[-48.59795,-13.30095],[-48.59986,-13.28799],[-48.59213,-13.27484],[-48.58739,-13.25437],[-48.59698,-13.24667],[-48.59995,-13.23866],[-48.58443,-13.22705],[-48.57935,-13.20675],[-48.57716,-13.18754],[-48.58277,-13.17868],[-48.57807,-13.17439],[-48.58611,-13.16741],[-48.58515,-13.15814],[-48.59248,-13.15767],[-48.59646,-13.14982],[-48.58852,-13.1481],[-48.58124,-13.14022],[-48.58116,-13.12711],[-48.57592,-13.12416],[-48.58436,-13.1045],[-48.59559,-13.10659],[-48.58816,-13.09798],[-48.59635,-13.08806],[-48.59652,-13.07641],[-48.60221,-13.05756],[-48.61576,-13.05742],[-48.62813,-13.05058],[-48.63853,-13.02551],[-48.63571,-13.0208],[-48.64467,-13.01098],[-48.65601,-13.0118],[-48.65757,-13.00398],[-48.66745,-13.00249],[-48.67653,-12.99294],[-48.7024,-12.99753],[-48.7071,-13.00442],[-48.71575,-13.00228],[-48.7325,-12.98392],[-48.73396,-12.97294],[-48.72998,-12.96177],[-48.7387,-12.94479],[-48.73333,-12.93556],[-48.73513,-12.92107],[-48.74653,-12.91798],[-48.76984,-12.89606],[-48.77508,-12.88708],[-48.78648,-12.88392],[-48.79384,-12.87563],[-48.81408,-12.86359],[-48.81134,-12.8569],[-48.82352,-12.84502],[-48.83933,-12.84354],[-48.8453,-12.83922],[-48.84228,-12.82848],[-48.84763,-12.81695],[-48.84636,-12.8094],[-48.85736,-12.8045],[-48.8591,-12.80895],[-48.87031,-12.80326],[-48.97623,-12.95789],[-48.9808,-12.94595],[-49.00299,-12.93379],[-49.00927,-12.91625],[-49.02119,-12.91143],[-49.0323,-12.90239],[-49.04902,-12.91342],[-49.05297,-12.90725],[-49.07928,-12.90389],[-49.07906,-12.89731],[-49.08747,-12.88718],[-49.08109,-12.88489],[-49.08497,-12.87824],[-49.07338,-12.8698],[-49.06789,-12.84637],[-49.08008,-12.84659],[-49.09744,-12.83518],[-49.10463,-12.83542],[-49.11768,-12.79008],[-49.12679,-12.79238],[-49.13815,-12.8013],[-49.14452,-12.81805],[-49.15178,-12.81925],[-49.16423,-12.83594],[-49.18595,-12.84751],[-49.19611,-12.86572],[-49.20851,-12.87248],[-49.21068,-12.87793],[-49.22886,-12.87729],[-49.23029,-12.88455],[-49.23766,-12.88379],[-49.24495,-12.87453],[-49.254,-12.87455],[-49.25216,-12.85829],[-49.26236,-12.83976],[-49.27238,-12.84013],[-49.29223,-12.81391],[-49.32337,-12.8144],[-49.32203,-12.80402],[-49.3277,-12.7982],[-49.33791,-12.79799],[-49.34809,-12.79013],[-49.34235,-12.78097],[-49.35411,-12.76326],[-49.34777,-12.75223],[-49.35064,-12.74585],[-49.34539,-12.73663],[-49.35095,-12.72559],[-49.34677,-12.71391],[-49.34819,-12.69188],[-49.33933,-12.68065],[-49.33339,-12.66498],[-49.33537,-12.64605],[-49.32878,-12.62687],[-49.3476,-12.60515],[-49.35092,-12.59542],[-49.34704,-12.59046],[-49.36086,-12.56102],[-49.35518,-12.55439],[-49.36181,-12.53255],[-49.37482,-12.53087],[-49.39164,-12.51859],[-49.39059,-12.51246],[-49.40206,-12.51325],[-49.4108,-12.50668],[-49.42308,-12.51646],[-49.42888,-12.51361],[-49.42603,-12.49497],[-49.42853,-12.4861],[-49.43924,-12.48321],[-49.45941,-12.48378],[-49.47008,-12.46667],[-49.48496,-12.47484],[-49.48559,-12.48469],[-49.49267,-12.48744],[-49.50723,-12.47263],[-49.49565,-12.45888],[-49.51222,-12.46221],[-49.51683,-12.45707],[-49.50991,-12.44706],[-49.52329,-12.44093],[-49.52216,-12.42976],[-49.53461,-12.43587],[-49.53802,-12.41852],[-49.55075,-12.40737],[-49.56205,-12.42267],[-49.56735,-12.42227],[-49.57408,-12.41016],[-49.5876,-12.41974],[-49.58567,-12.4053],[-49.59294,-12.40229],[-49.59338,-12.39055],[-49.57752,-12.38585],[-49.591,-12.37442],[-49.59998,-12.35533],[-49.6107,-12.3413],[-49.5961,-12.33359],[-49.58907,-12.32543],[-49.5791,-12.32451],[-49.57901,-12.30996],[-49.58294,-12.30224],[-49.5914,-12.30234],[-49.5994,-12.29202],[-49.59654,-12.28359],[-49.60863,-12.27859],[-49.62336,-12.26797],[-49.64595,-12.27188],[-49.65178,-12.26674],[-49.64755,-12.2601],[-49.64847,-12.2475],[-49.6352,-12.24646],[-49.63456,-12.23871],[-49.64455,-12.23705],[-49.6419,-12.23116],[-49.62909,-12.23284],[-49.6242,-12.22802],[-49.60948,-12.23716],[-49.6018,-12.22898],[-49.5898,-12.23185],[-49.5819,-12.22806],[-49.56304,-12.22971],[-49.55564,-12.23498],[-49.53999,-12.23819],[-49.52778,-12.23454],[-49.51864,-12.22672],[-49.50862,-12.22428],[-49.4905,-12.22869],[-49.47405,-12.22884],[-49.45044,-12.2165],[-49.44786,-12.20796],[-49.42838,-12.19501],[-49.4267,-12.18292],[-49.41411,-12.16873],[-49.40807,-12.15703],[-49.38463,-12.14855],[-49.36403,-12.13136],[-49.34409,-12.12501],[-49.34756,-12.11008],[-49.3374,-12.07924],[-49.32538,-12.06694],[-49.32605,-12.05531],[-49.32009,-12.03461],[-49.3073,-12.02475],[-49.29929,-12.02352],[-49.27299,-12.00333],[-49.26293,-12.0],[-49.27101,-11.98337],[-49.25898,-11.96659],[-49.26256,-11.94993],[-49.27491,-11.93361],[-49.27744,-11.91784],[-49.28351,-11.90725],[-49.29828,-11.89441],[-49.30969,-11.88005],[-49.30104,-11.86828],[-49.3047,-11.85228],[-49.32257,-11.85505],[-49.3337,-11.85255],[-49.33309,-11.84623],[-49.34137,-11.83928],[-49.34941,-11.82115],[-49.35005,-11.8113],[-49.36173,-11.81383],[-49.37634,-11.80781],[-49.38257,-11.79194],[-49.38222,-11.78358],[-49.39422,-11.77565],[-49.40624,-11.76189],[-49.38982,-11.75918],[-49.38302,-11.75227],[-49.35778,-11.7481],[-49.35156,-11.75067],[-49.33404,-11.7438],[-49.31756,-11.74468],[-49.29096,-11.75271],[-49.27628,-11.74663],[-49.27289,-11.74972],[-49.25352,-11.74389],[-49.24126,-11.74843],[-49.22567,-11.73708],[-49.21531,-11.74251],[-49.1672,-11.74426],[-49.1756,-11.7308],[-49.17541,-11.72111],[-49.17004,-11.71037],[-49.16331,-11.67539],[-49.14941,-11.66332],[-49.13143,-11.66406],[-49.125,-11.65653],[-49.11439,-11.65244],[-49.10263,-11.6375],[-49.09904,-11.625],[-49.09898,-11.60635],[-49.0955,-11.6005],[-49.08174,-11.5984],[-49.05355,-11.60491],[-49.04414,-11.6028],[-49.044,-11.58447],[-49.03449,-11.58122],[-49.02455,-11.58721],[-49.00742,-11.58364],[-48.99575,-11.59009],[-48.99221,-11.58617],[-48.98838,-11.56661],[-48.9624,-11.547],[-48.94759,-11.5317],[-48.95314,-11.51287],[-48.97291,-11.50147],[-48.97645,-11.49575],[-48.9959,-11.48578],[-49.00924,-11.46636],[-49.01027,-11.45207],[-49.03431,-11.43939],[-49.04479,-11.42815],[-49.05315,-11.42914],[-49.05441,-11.42176],[-49.06504,-11.41172],[-49.06292,-11.40454],[-49.07583,-11.396],[-49.08003,-11.39979],[-49.08824,-11.39334],[-49.1102,-11.39911],[-49.11745,-11.37249],[-49.12809,-11.36222],[-49.13712,-11.34149],[-49.14447,-11.33307],[-49.16193,-11.32477],[-49.17174,-11.33188],[-49.18644,-11.3277],[-49.20253,-11.34425],[-49.21538,-11.33888],[-49.21917,-11.32663],[-49.23218,-11.32404],[-49.24683,-11.33513],[-49.25713,-11.32143],[-49.27193,-11.32093],[-49.26338,-11.3081],[-49.27521,-11.29509],[-49.29216,-11.29553],[-49.29908,-11.28839],[-49.30311,-11.27414],[-49.30998,-11.27412],[-49.31482,-11.2609],[-49.326,-11.25806],[-49.32932,-11.25089],[-49.3398,-11.24994],[-49.34988,-11.23038],[-49.35722,-11.23358],[-49.35888,-11.22456],[-49.3685,-11.20753],[-49.37876,-11.19789],[-49.38904,-11.1989],[-49.39073,-11.18455],[-49.4039,-11.17942],[-49.42787,-11.18917],[-49.43558,-11.17741],[-49.44794,-11.1704],[-49.45699,-11.18182],[-49.48238,-11.17592],[-49.49125,-11.18458],[-49.50253,-11.18686],[-49.51709,-11.17748],[-49.52563,-11.17614],[-49.53924,-11.18192],[-49.54116,-11.17477],[-49.56157,-11.16945],[-49.56139,-11.16331],[-49.56967,-11.15459],[-49.57345,-11.16026],[-49.5825,-11.15257],[-49.58616,-11.16068],[-49.60599,-11.15035],[-49.61966,-11.135],[-49.6187,-11.13117],[-49.63239,-11.12437],[-49.65631,-11.12739],[-49.66132,-11.11289],[-49.68473,-11.09967],[-49.69293,-11.09999],[-49.69668,-11.08866],[-49.70311,-11.08787],[-49.72255,-11.05857],[-49.73071,-11.06109],[-49.74154,-11.04615],[-49.73833,-11.0337],[-49.75305,-11.03499],[-49.75573,-11.02342],[-49.76516,-11.02367],[-49.77014,-11.00693],[-49.77781,-11.00617],[-49.79341,-11.01391],[-49.7935,-11.00384],[-49.79858,-10.99595],[-49.7926,-10.98267],[-49.79564,-10.97641],[-49.78769,-10.97048],[-49.78304,-10.95251],[-49.77764,-10.94953],[-49.78303,-10.93851],[-49.76131,-10.91837],[-49.76452,-10.9063],[-49.75821,-10.90087],[-49.72891,-10.90719],[-49.72711,-10.91563],[-49.71931,-10.92105],[-49.71068,-10.91449],[-49.70955,-10.90743],[-49.69258,-10.92588],[-49.6874,-10.91866],[-49.67925,-10.92077],[-49.6649,-10.9141],[-49.64838,-10.9225],[-49.64464,-10.91999],[-49.62947,-10.9265],[-49.62162,-10.91039],[-49.60367,-10.90931],[-49.58631,-10.89956],[-49.57688,-10.8845],[-49.57781,-10.86568],[-49.56619,-10.84358],[-49.55989,-10.84114],[-49.56235,-10.83302],[-49.55595,-10.82681],[-49.55407,-10.83372],[-49.54561,-10.83144],[-49.52182,-10.83479],[-49.51469,-10.838],[-49.50964,-10.83165],[-49.48684,-10.81708],[-49.46341,-10.81458],[-49.45338,-10.80476],[-49.44048,-10.80288],[-49.4254,-10.78305],[-49.41949,-10.78334],[-49.40264,-10.77479],[-49.38928,-10.75921],[-49.37208,-10.75263],[-49.36762,-10.75904],[-49.363,-10.75141],[-49.33877,-10.74026],[-49.30718,-10.74466],[-49.29983,-10.75133],[-49.2894,-10.74908],[-49.28456,-10.75649],[-49.27346,-10.75728],[-49.24252,-10.75428],[-49.22659,-10.76079],[-49.21249,-10.77642],[-49.2117,-10.787],[-49.20248,-10.80027],[-49.18483,-10.80389],[-49.17786,-10.79705],[-49.16193,-10.80001],[-49.15337,-10.79254],[-49.14655,-10.80097],[-49.14689,-10.80901],[-49.13929,-10.81268],[-49.13459,-10.80772],[-49.11308,-10.81615],[-49.10048,-10.80625],[-49.08832,-10.80668],[-49.07909,-10.81504],[-49.05972,-10.80885],[-49.04844,-10.79289],[-49.03746,-10.79224],[-49.03196,-10.78073],[-49.01467,-10.77647],[-49.00536,-10.80171],[-49.00368,-10.81764],[-48.99873,-10.82878],[-48.99857,-10.84141],[-48.90457,-10.84347],[-48.88962,-10.84534],[-48.88443,-10.85093],[-48.87817,-10.87391],[-48.86936,-10.88477],[-48.86772,-10.90693],[-48.87166,-10.91585],[-48.85711,-10.92549],[-48.85122,-10.93754],[-48.85522,-10.95146],[-48.85284,-10.96774],[-48.83315,-10.96267],[-48.82783,-10.95158],[-48.81875,-10.94388],[-48.80819,-10.92879],[-48.80865,-10.9221],[-48.80208,-10.89959],[-48.79847,-10.89844],[-48.79833,-10.88001],[-48.79353,-10.86701],[-48.80483,-10.85443],[-48.78902,-10.7944]]]},"properties":{"CD_REG":"17005","NM_REG":"Gurupi","SIGLA_UF":"TO"}},{"type":"Feature","geometry":{"type":"Polygon","coordinates":[[[-47.72573,-10.95071],[-47.72928,-10.96794],[-47.72323,-10.97369],[-47.73027,-10.98318],[-47.72191,-10.98529],[-47.71422,-10.99394],[-47.70808,-11.01393],[-47.71285,-11.02005],[-47.70846,-11.03274],[-47.69997,-11.02969],[-47.6984,-11.03717],[-47.69107,-11.04023],[-47.69495,-11.05233],[-47.7053,-11.07162],[-47.72347,-11.094],[-47.73295,-11.11105],[-47.74392,-11.11753],[-47.74904,-11.13248],[-47.75564,-11.13671],[-47.76597,-11.16024],[-47.77462,-11.16489],[-47.77966,-11.17935],[-47.78696,-11.18116],[-47.80207,-11.20865],[-47.81185,-11.21487],[-47.82595,-11.21373],[-47.83265,-11.21953],[-47.85075,-11.2184],[-47.86208,-11.20468],[-47.87218,-11.20336],[-47.88718,-11.21645],[-47.90276,-11.23385],[-47.9176,-11.23491],[-47.93007,-11.24612],[-47.94734,-11.24638],[-47.96652,-11.255],[-47.98617,-11.25045],[-47.99375,-11.24547],[-47.99881,-11.2537],[-48.01258,-11.25539],[-48.02146,-11.26603],[-48.03876,-11.26584],[-48.05035,-11.26992],[-48.05613,-11.27676],[-48.07502,-11.28297],[-48.08475,-11.29687],[-48.08682,-11.31291],[-48.09568,-11.31851],[-48.11665,-11.30919],[-48.13383,-11.30788],[-48.14109,-11.30135],[-48.14508,-11.28433],[-48.15641,-11.27018],[-48.17199,-11.26625],[-48.18214,-11.27338],[-48.20091,-11.2723],[-48.20811,-11.27752],[-48.22684,-11.28402],[-48.24136,-11.28052],[-48.24885,-11.28676],[-48.25908,-11.2817],[-48.26345,-11.28618],[-48.27709,-11.28665],[-48.28408,-11.29742],[-48.29698,-11.29293],[-48.31381,-11.2941],[-48.31694,-11.30757],[-48.3351,-11.29636],[-48.3374,-11.28712],[-48.34954,-11.28914],[-48.36045,-11.2745],[-48.36542,-11.2802],[-48.37168,-11.27158],[-48.37834,-11.27664],[-48.38484,-11.27199],[-48.39264,-11.27851],[-48.39801,-11.27164],[-48.40659,-11.27483],[-48.42353,-11.27345],[-48.42558,-11.26987],[-48.4479,-11.25857],[-48.45412,-11.26252],[-48.46209,-11.24817],[-48.4888,-11.22011],[-48.51766,-11.15887],[-48.5211,-11.14683],[-48.52126,-11.125],[-48.53077,-11.11436],[-48.53988,-11.09697],[-48.5419,-11.07302],[-48.55343,-11.05535],[-48.55946,-11.03131],[-48.55805,-11.02199],[-48.54998,-11.00984],[-48.53112,-10.9952],[-48.51743,-10.95895],[-48.51059,-10.95166],[-48.46449,-10.93134],[-48.44675,-10.91819],[-48.42488,-10.88951],[-48.41568,-10.87501],[-48.39672,-10.8294],[-48.39862,-10.81243],[-48.39663,-10.79694],[-48.39621,-10.76759],[-48.40134,-10.75886],[-48.41477,-10.7509],[-48.42624,-10.75899],[-48.44345,-10.76348],[-48.45136,-10.76194],[-48.46239,-10.76987],[-48.46909,-10.7805],[-48.5036,-10.78213],[-48.51789,-10.79393],[-48.54398,-10.79622],[-48.54624,-10.80849],[-48.5328,-10.81717],[-48.53477,-10.82794],[-48.54643,-10.83031],[-48.54383,-10.84834],[-48.54746,-10.85676],[-48.56775,-10.85367],[-48.57504,-10.85525],[-48.58622,-10.87058],[-48.59329,-10.86456],[-48.5824,-10.8545],[-48.58436,-10.84666],[-48.60691,-10.84579],[-48.61786,-10.86105],[-48.63555,-10.87019],[-48.63736,-10.85229],[-48.64436,-10.84189],[-48.64486,-10.8327],[-48.65041,-10.83796],[-48.66294,-10.83553],[-48.69022,-10.83685],[-48.70371,-10.82067],[-48.71866,-10.81231],[-48.72416,-10.8026],[-48.75,-10.81041],[-48.76071,-10.80228],[-48.77659,-10.8061],[-48.78902,-10.7944],[-48.78268,-10.78774],[-48.77932,-10.77292],[-48.77381,-10.76677],[-48.77369,-10.75638],[-48.76831,-10.7448],[-48.77345,-10.73719],[-48.77427,-10.71112],[-48.77866,-10.70062],[-48.79015,-10.6899],[-48.79204,-10.67293],[-48.80376,-10.66453],[-48.80899,-10.64493],[-48.81804,-10.64272],[-48.82636,-10.63515],[-48.82446,-10.61164],[-48.81301,-10.59264],[-48.82385,-10.58581],[-48.82613,-10.55804],[-48.80934,-10.54757],[-48.80702,-10.54215],[-48.81325,-10.53109],[-48.80586,-10.51193],[-48.80584,-10.492],[-48.80206,-10.48656],[-48.80968,-10.47249],[-48.79388,-10.46243],[-48.78803,-10.46739],[-48.78017,-10.45787],[-48.76762,-10.45831],[-48.76739,-10.45107],[-48.75814,-10.43682],[-48.75761,-10.43001],[-48.76485,-10.42228],[-48.75783,-10.41335],[-48.74758,-10.41417],[-48.73606,-10.40745],[-48.71547,-10.40624],[-48.70751,-10.40053],[-48.70757,-10.39252],[-48.69608,-10.39259],[-48.69532,-10.38213],[-48.68066,-10.37043],[-48.66062,-10.36864],[-48.66113,-10.36125],[-48.64499,-10.34865],[-48.62636,-10.34298],[-48.62182,-10.32607],[-48.61331,-10.33152],[-48.60486,-10.33027],[-48.60031,-10.3201],[-48.60497,-10.30546],[-48.59773,-10.29402],[-48.59806,-10.28654],[-48.61904,-10.27563],[-48.62621,-10.25827],[-48.63898,-10.25557],[-48.64294,-10.24423],[-48.65971,-10.24832],[-48.66996,-10.24159],[-48.68062,-10.22518],[-48.69177,-10.22374],[-48.6882,-10.21186],[-48.69113,-10.19768],[-48.69972,-10.19057],[-48.69132,-10.14591],[-48.68418,-10.12991],[-48.67664,-10.1219],[-48.66979,-10.10137],[-48.67194,-10.09072],[-48.65969,-10.08738],[-48.6549,-10.08051],[-48.63998,-10.08387],[-48.6373,-10.07267],[-48.62382,-10.07742],[-48.62032,-10.06619],[-48.59844,-10.06366],[-48.59803,-10.04978],[-48.59009,-10.04689],[-48.57118,-10.02637],[-48.5606,-10.0398],[-48.54897,-10.04026],[-48.53934,-10.03592],[-48.52751,-10.039],[-48.5217,-10.03328],[-48.51188,-10.04323],[-48.49872,-10.04109],[-48.49664,-10.03449],[-48.48494,-10.02896],[-48.46633,-10.03307],[-48.46056,-10.0233],[-48.4519,-10.01867],[-48.43829,-10.01826],[-48.41388,-10.03119],[-48.39883,-10.04778],[-48.39116,-10.05241],[-48.35894,-10.05384],[-48.3324,-10.04138],[-48.33008,-10.02885],[-48.33704,-10.0],[-48.34975,-9.97024],[-48.36838,-9.94791],[-48.37092,-9.93155],[-48.36574,-9.91585],[-48.35634,-9.90084],[-48.33675,-9.88492],[-48.33151,-9.84506],[-48.33389,-9.82727],[-48.33816,-9.81941],[-48.35645,-9.80315],[-48.375,-9.79199],[-48.37917,-9.77655],[-48.375,-9.75767],[-48.3619,-9.74641],[-48.36058,-9.723],[-48.36461,-9.71453],[-48.36499,-9.69744],[-48.37193,-9.67596],[-48.38351,-9.66887],[-48.40152,-9.63921],[-48.40492,-9.61618],[-48.40023,-9.60174],[-48.38274,-9.56833],[-48.37634,-9.54338],[-48.37164,-9.5096],[-48.37067,-9.49162],[-48.37224,-9.45957],[-48.37649,-9.43411],[-48.36149,-9.40722],[-48.35819,-9.38781],[-48.36158,-9.37116],[-48.36793,-9.35754],[-48.36643,-9.33922],[-48.36143,-9.32813],[-48.3524,-9.29446],[-48.3445,-9.2769],[-48.33691,-9.25],[-48.31997,-9.22449],[-48.31714,-9.21678],[-48.31505,-9.19039],[-48.30492,-9.17065],[-48.28693,-9.14499],[-48.27757,-9.1219],[-48.25286,-9.09669],[-48.24466,-9.08256],[-48.22248,-9.05652],[-48.20836,-9.04673],[-48.19408,-9.03293],[-48.18574,-9.0169],[-48.18047,-8.99223],[-48.1812,-8.96501],[-48.17269,-8.92825],[-48.17054,-8.89714],[-48.15362,-8.86196],[-48.13914,-8.83487],[-48.12298,-8.81763],[-48.11237,-8.78772],[-48.11226,-8.76481],[-48.12752,-8.74145],[-48.12939,-8.71757],[-48.12332,-8.67442],[-48.125,-8.65628],[-48.13001,-8.63518],[-48.10391,-8.65867],[-48.0935,-8.66208],[-48.0901,-8.65642],[-48.06882,-8.66328],[-48.05802,-8.67084],[-48.05177,-8.66857],[-48.03431,-8.67024],[-48.01902,-8.6562],[-48.01559,-8.64642],[-48.00694,-8.65692],[-47.98369,-8.66559],[-47.967,-8.67847],[-47.95225,-8.67866],[-47.94358,-8.68676],[-47.93661,-8.70485],[-47.92648,-8.72175],[-47.92375,-8.7336],[-47.89659,-8.74019],[-47.87996,-8.73706],[-47.85761,-8.7462],[-47.8394,-8.74042],[-47.82229,-8.74076],[-47.81385,-8.7355],[-47.78774,-8.74358],[-47.78326,-8.73792],[-47.76678,-8.72897],[-47.7442,-8.72995],[-47.68012,-8.69988],[-47.67883,-8.7136],[-47.68411,-8.72414],[-47.69187,-8.72665],[-47.69946,-8.74124],[-47.70155,-8.75307],[-47.69669,-8.77416],[-47.69133,-8.77754],[-47.68905,-8.79477],[-47.6791,-8.80364],[-47.66648,-8.80239],[-47.66287,-8.79797],[-47.65475,-8.808],[-47.64446,-8.80977],[-47.62455,-8.80551],[-47.61797,-8.81067],[-47.60764,-8.81082],[-47.59957,-8.81924],[-47.57626,-8.82523],[-47.57286,-8.83383],[-47.56269,-8.83163],[-47.55888,-8.8381],[-47.54465,-8.83646],[-47.52856,-8.83104],[-47.52541,-8.82014],[-47.51812,-8.81187],[-47.50648,-8.80985],[-47.49907,-8.80079],[-47.48503,-8.80261],[-47.47346,-8.79743],[-47.54256,-8.93759],[-47.6102,-9.0268],[-47.60592,-9.0494],[-47.61919,-9.06792],[-47.62464,-9.08089],[-47.61932,-9.09219],[-47.62045,-9.1275],[-47.61725,-9.14041],[-47.62583,-9.14669],[-47.6268,-9.15625],[-47.63697,-9.16136],[-47.64943,-9.17332],[-47.66199,-9.16945],[-47.68919,-9.18429],[-47.69365,-9.20116],[-47.68866,-9.20694],[-47.69189,-9.22124],[-47.69853,-9.22493],[-47.69009,-9.24118],[-47.69511,-9.25229],[-47.68952,-9.25575],[-47.68548,-9.2762],[-47.69163,-9.28236],[-47.69341,-9.29474],[-47.70639,-9.30734],[-47.72172,-9.3141],[-47.73609,-9.3158],[-47.74094,-9.33449],[-47.75582,-9.33161],[-47.76547,-9.3218],[-47.79287,-9.32279],[-47.80917,-9.31904],[-47.81955,-9.31152],[-47.81649,-9.32155],[-47.83633,-9.34449],[-47.85011,-9.35289],[-47.86143,-9.35131],[-47.8777,-9.33453],[-47.90455,-9.34451],[-47.89802,-9.35809],[-47.89657,-9.36914],[-47.89979,-9.39788],[-47.90648,-9.41346],[-47.91934,-9.45813],[-47.92357,-9.46315],[-47.93019,-9.48446],[-47.92527,-9.51534],[-47.93693,-9.53987],[-47.92287,-9.56035],[-47.92416,-9.58497],[-47.91541,-9.59594],[-47.91114,-9.60806],[-47.9189,-9.61973],[-47.91632,-9.64153],[-47.90832,-9.65335],[-47.90742,-9.68057],[-47.9036,-9.70856],[-47.89793,-9.73392],[-47.89635,-9.76074],[-47.8914,-9.79433],[-47.88166,-9.81308],[-47.87946,-9.83635],[-47.86966,-9.85384],[-47.85183,-9.87151],[-47.84093,-9.87818],[-47.84448,-9.89288],[-47.84214,-9.90602],[-47.85164,-9.91288],[-47.86092,-9.93189],[-47.85338,-9.93675],[-47.85009,-9.95017],[-47.83508,-9.95911],[-47.83208,-9.96877],[-47.83309,-9.99509],[-47.82035,-10.00908],[-47.81663,-10.03631],[-47.80493,-10.04394],[-47.80297,-10.05059],[-47.80856,-10.06876],[-47.81025,-10.09824],[-47.80366,-10.11051],[-47.7956,-10.14949],[-47.79331,-10.17348],[-47.80244,-10.19201],[-47.81444,-10.2064],[-47.81381,-10.22296],[-47.81707,-10.23731],[-47.82618,-10.24862],[-47.83146,-10.26506],[-47.84085,-10.2762],[-47.85766,-10.28862],[-47.85595,-10.3194],[-47.86785,-10.33058],[-47.8631,-10.35175],[-47.86639,-10.36149],[-47.86541,-10.37596],[-47.84727,-10.37949],[-47.84008,-10.38414],[-47.83826,-10.39779],[-47.84226,-10.40422],[-47.83339,-10.4282],[-47.83912,-10.43717],[-47.82835,-10.45184],[-47.82712,-10.4777],[-47.81934,-10.48642],[-47.83436,-10.49235],[-47.84267,-10.50508],[-47.83902,-10.5115],[-47.84795,-10.52851],[-47.84064,-10.54345],[-47.84332,-10.5597],[-47.85526,-10.56105],[-47.85399,-10.57026],[-47.84518,-10.5807],[-47.84923,-10.58638],[-47.837,-10.60368],[-47.82496,-10.6102],[-47.83165,-10.62268],[-47.83029,-10.63121],[-47.82301,-10.63987],[-47.82457,-10.6457],[-47.81783,-10.65543],[-47.80757,-10.65892],[-47.8037,-10.66611],[-47.80974,-10.68167],[-47.79162,-10.69015],[-47.79201,-10.70361],[-47.78534,-10.70754],[-47.79125,-10.71873],[-47.79616,-10.7141],[-47.79793,-10.72397],[-47.80672,-10.72675],[-47.81461,-10.74087],[-47.82302,-10.74514],[-47.81978,-10.7561],[-47.80809,-10.76007],[-47.80596,-10.77223],[-47.79976,-10.76877],[-47.78825,-10.78689],[-47.79684,-10.787],[-47.78295,-10.80513],[-47.78113,-10.82143],[-47.76908,-10.83215],[-47.76867,-10.84772],[-47.75877,-10.85581],[-47.75219,-10.88357],[-47.7525,-10.89619],[-47.74106,-10.90178],[-47.74178,-10.90826],[-47.73503,-10.91939],[-47.7451,-10.93117],[-47.74518,-10.93796],[-47.73633,-10.9506],[-47.72573,-10.95071]]]},"properties":{"CD_REG":"17006","NM_REG":"Porto Nacional","SIGLA_UF":"TO"}},{"type":"Feature","geometry":{"type":"Polygon","coordinates":[[[-46.80663,-7.95103],[-46.80091,-7.95533],[-46.78601,-7.95293],[-46.77076,-7.93744],[-46.76385,-7.93923],[-46.75611,-7.92291],[-46.74597,-7.92739],[-46.73235,-7.91953],[-46.72308,-7.92182],[-46.7207,-7.91508],[-46.70754,-7.9098],[-46.69424,-7.91683],[-46.68424,-7.91275],[-46.66831,-7.91294],[-46.66743,-7.90404],[-46.66008,-7.90133],[-46.65056,-7.90965],[-46.6393,-7.90311],[-46.60855,-7.89302],[-46.59046,-7.9067],[-46.57754,-7.91155],[-46.57735,-7.91635],[-46.56125,-7.93764],[-46.547,-7.95105],[-46.53368,-7.95256],[-46.51871,-7.95931],[-46.50815,-7.97081],[-46.50121,-7.97321],[-46.4851,-7.99764],[-46.48548,-8.00452],[-46.47637,-8.01472],[-46.48003,-8.04216],[-46.46575,-8.07273],[-46.46851,-8.08369],[-46.48036,-8.08811],[-46.48789,-8.09982],[-46.4909,-8.11824],[-46.50672,-8.14765],[-46.50627,-8.15514],[-46.51307,-8.16299],[-46.51522,-8.17286],[-46.51081,-8.18149],[-46.49168,-8.19256],[-46.48858,-8.20681],[-46.5007,-8.21738],[-46.50956,-8.23904],[-46.50736,-8.24665],[-46.50772,-8.26964],[-46.51889,-8.29153],[-46.53159,-8.29842],[-46.544,-8.31744],[-46.55837,-8.32237],[-46.57996,-8.32202],[-46.59398,-8.3272],[-46.617,-8.3264],[-46.63319,-8.31831],[-46.64481,-8.32276],[-46.66217,-8.33502],[-46.68086,-8.33702],[-46.68751,-8.34479],[-46.70283,-8.34827],[-46.71164,-8.35484],[-46.71274,-8.36138],[-46.72372,-8.37008],[-46.7281,-8.38638],[-46.73653,-8.37921],[-46.75003,-8.374],[-46.75947,-8.37829],[-46.78243,-8.36808],[-46.78665,-8.38224],[-46.79193,-8.38805],[-46.78573,-8.39537],[-46.795,-8.40486],[-46.80675,-8.40238],[-46.79777,-8.41766],[-46.79572,-8.42869],[-46.80198,-8.44401],[-46.79656,-8.44663],[-46.81553,-8.47036],[-46.82079,-8.46548],[-46.82348,-8.4745],[-46.83233,-8.46495],[-46.85225,-8.48105],[-46.84634,-8.50142],[-46.85216,-8.51591],[-46.84335,-8.52285],[-46.85084,-8.52582],[-46.84603,-8.53358],[-46.8517,-8.54275],[-46.86012,-8.54526],[-46.86284,-8.55909],[-46.87545,-8.5553],[-46.87876,-8.57252],[-46.89048,-8.57068],[-46.90318,-8.59324],[-46.91251,-8.59022],[-46.9164,-8.59578],[-46.90626,-8.59574],[-46.89773,-8.60102],[-46.9019,-8.61319],[-46.91273,-8.62074],[-46.91709,-8.63291],[-46.9117,-8.63969],[-46.91639,-8.64841],[-46.90209,-8.6544],[-46.90389,-8.66171],[-46.88917,-8.66979],[-46.88695,-8.68649],[-46.90245,-8.69598],[-46.91437,-8.70858],[-46.91404,-8.72244],[-46.92256,-8.72768],[-46.93128,-8.72675],[-46.92487,-8.74422],[-46.91795,-8.75129],[-46.91731,-8.76244],[-46.90959,-8.76453],[-46.90423,-8.77856],[-46.9061,-8.79465],[-46.90281,-8.81454],[-46.91368,-8.82282],[-46.90729,-8.82843],[-46.91809,-8.8397],[-46.91345,-8.84783],[-46.91815,-8.857],[-46.94156,-8.85948],[-46.94973,-8.87015],[-46.96118,-8.87444],[-46.96556,-8.86767],[-46.97811,-8.86777],[-46.99292,-8.87889],[-46.98607,-8.88839],[-46.98895,-8.89262],[-46.98279,-8.90294],[-46.97562,-8.90304],[-46.97029,-8.91449],[-46.98239,-8.91997],[-46.98392,-8.9319],[-46.99528,-8.93057],[-46.99356,-8.94364],[-47.01126,-8.9466],[-47.01828,-8.95294],[-47.01318,-8.9668],[-47.02156,-8.98048],[-47.02093,-8.98773],[-47.03586,-8.98981],[-47.03662,-8.9995],[-47.04403,-9.00687],[-47.06209,-9.00769],[-47.0685,-9.01202],[-47.05648,-9.01887],[-47.05128,-9.01555],[-47.04348,-9.02655],[-47.05409,-9.03375],[-47.05425,-9.04816],[-47.06799,-9.05601],[-47.06873,-9.06387],[-47.04842,-9.07131],[-47.03438,-9.06946],[-47.02356,-9.07605],[-47.01021,-9.0703],[-47.01362,-9.07808],[-47.00042,-9.08148],[-46.9987,-9.07639],[-46.98714,-9.07554],[-46.97593,-9.08173],[-46.96564,-9.07861],[-46.9542,-9.0695],[-46.94029,-9.06374],[-46.92162,-9.06681],[-46.91215,-9.08272],[-46.91897,-9.08719],[-46.9291,-9.08334],[-46.93059,-9.09566],[-46.92356,-9.09789],[-46.93026,-9.10598],[-46.92648,-9.11457],[-46.9318,-9.12807],[-46.92631,-9.13494],[-46.91768,-9.13209],[-46.90673,-9.13549],[-46.89597,-9.12254],[-46.88878,-9.12871],[-46.88928,-9.1423],[-46.87095,-9.14701],[-46.86112,-9.14642],[-46.85242,-9.15445],[-46.84781,-9.16801],[-46.85237,-9.18614],[-46.85071,-9.19184],[-46.83929,-9.19759],[-46.82781,-9.19427],[-46.81961,-9.21162],[-46.82687,-9.22333],[-46.82889,-9.24009],[-46.81915,-9.25743],[-46.82276,-9.26632],[-46.83175,-9.26872],[-46.83433,-9.28086],[-46.84464,-9.28417],[-46.84706,-9.29242],[-46.84226,-9.30445],[-46.83531,-9.30822],[-46.81875,-9.30344],[-46.81095,-9.31354],[-46.79917,-9.33884],[-46.78398,-9.351],[-46.77967,-9.3585],[-46.76831,-9.3655],[-46.75867,-9.38122],[-46.76595,-9.4019],[-46.76337,-9.40895],[-46.75431,-9.4138],[-46.74104,-9.41202],[-46.73795,-9.40485],[-46.72331,-9.39636],[-46.69403,-9.39803],[-46.67492,-9.39078],[-46.66598,-9.39192],[-46.65158,-9.40607],[-46.63278,-9.41159],[-46.64792,-9.42715],[-46.64809,-9.44698],[-46.64001,-9.45772],[-46.62536,-9.46643],[-46.61345,-9.46528],[-46.60048,-9.47046],[-46.59266,-9.48346],[-46.57326,-9.47776],[-46.56098,-9.48403],[-46.55992,-9.494],[-46.57578,-9.50825],[-46.57453,-9.52068],[-46.55804,-9.53418],[-46.55702,-9.54077],[-46.54048,-9.55016],[-46.53917,-9.56014],[-46.58315,-9.58556],[-46.59239,-9.5872],[-46.59031,-9.59757],[-46.59553,-9.61423],[-46.60612,-9.63016],[-46.60595,-9.64583],[-46.61306,-9.66581],[-46.65334,-9.69344],[-46.64531,-9.71967],[-46.64742,-9.73035],[-46.64439,-9.74033],[-46.63223,-9.74888],[-46.62367,-9.75021],[-46.59614,-9.74725],[-46.57678,-9.75691],[-46.56934,-9.76972],[-46.57081,-9.7811],[-46.57966,-9.79635],[-46.57701,-9.80518],[-46.56248,-9.81069],[-46.53578,-9.80862],[-46.51287,-9.7975],[-46.50195,-9.82015],[-46.49451,-9.82622],[-46.49714,-9.84368],[-46.48033,-9.85526],[-46.49014,-9.86115],[-46.49165,-9.87007],[-46.4729,-9.87744],[-46.47084,-9.89805],[-46.47875,-9.92005],[-46.46572,-9.93706],[-46.47517,-9.94865],[-46.47663,-9.95703],[-46.47225,-9.97546],[-46.47731,-9.98985],[-46.45708,-10.01802],[-46.45739,-10.04574],[-46.4452,-10.07739],[-46.4207,-10.08088],[-46.39973,-10.10577],[-46.38397,-10.12014],[-46.379,-10.13012],[-46.36789,-10.16881],[-46.34821,-10.17309],[-46.33473,-10.18106],[-46.32478,-10.18319],[-46.31308,-10.17282],[-46.30564,-10.1771],[-46.26829,-10.18121],[-46.24083,-10.17189],[-46.21087,-10.16973],[-46.20201,-10.17401],[-46.1832,-10.19313],[-46.16898,-10.21138],[-46.1633,-10.21363],[-46.14041,-10.20676],[-46.13033,-10.20652],[-46.10713,-10.21288],[-46.09283,-10.2099],[-46.05841,-10.18556],[-46.03901,-10.17673],[-46.02828,-10.17687],[-46.02322,-10.18338],[-46.01808,-10.21874],[-46.01772,-10.24039],[-46.01242,-10.2507],[-46.01987,-10.25565],[-46.02192,-10.26808],[-46.02821,-10.2771],[-46.02258,-10.28639],[-45.99987,-10.29668],[-45.99733,-10.31676],[-45.98206,-10.32608],[-45.97766,-10.33545],[-45.98199,-10.34503],[-45.97111,-10.35894],[-45.96026,-10.36413],[-45.9451,-10.3634],[-45.9332,-10.37004],[-45.91094,-10.37109],[-45.90727,-10.35971],[-45.88717,-10.34046],[-45.91018,-10.32127],[-45.91563,-10.31266],[-45.9146,-10.30191],[-45.90891,-10.29308],[-45.89673,-10.26429],[-45.87076,-10.25003],[-45.86707,-10.25411],[-45.82447,-10.26324],[-45.79374,-10.26767],[-45.76069,-10.25062],[-45.74403,-10.23996],[-45.73385,-10.2286],[-45.72726,-10.20338],[-45.73519,-10.1801],[-45.73047,-10.16161],[-45.72348,-10.15541],[-45.70198,-10.17935],[-45.69926,-10.25857],[-45.72689,-10.31254],[-45.79818,-10.32325],[-45.82021,-10.45605],[-45.82125,-10.45807],[-45.8709,-10.50328],[-45.92922,-10.5216],[-45.97463,-10.55187],[-46.06077,-10.60018],[-46.10719,-10.6139],[-46.11543,-10.61976],[-46.12761,-10.6206],[-46.1497,-10.63591],[-46.16076,-10.65944],[-46.15189,-10.67165],[-46.15035,-10.69155],[-46.16515,-10.72248],[-46.19261,-10.74277],[-46.2062,-10.80047],[-46.22645,-10.78294],[-46.24781,-10.79679],[-46.26054,-10.81204],[-46.26727,-10.9348],[-46.34156,-10.93901],[-46.46609,-11.1336],[-46.51004,-11.20033],[-46.5522,-11.2628],[-46.55301,-11.26538],[-46.59678,-11.24721],[-46.61185,-11.24978],[-46.62276,-11.24329],[-46.6366,-11.22913],[-46.65161,-11.223],[-46.67673,-11.21704],[-46.69004,-11.20138],[-46.69019,-11.18728],[-46.6845,-11.17801],[-46.68541,-11.16895],[-46.69759,-11.13734],[-46.70741,-11.12598],[-46.71998,-11.12291],[-46.73708,-11.12409],[-46.74897,-11.119],[-46.75594,-11.10628],[-46.76807,-11.09891],[-46.7756,-11.10226],[-46.79185,-11.09713],[-46.79635,-11.09004],[-46.81063,-11.09591],[-46.83149,-11.09381],[-46.84173,-11.09681],[-46.85281,-11.11136],[-46.85694,-11.10899],[-46.87844,-11.11588],[-46.88365,-11.12241],[-46.89281,-11.11881],[-46.9097,-11.12214],[-46.92149,-11.1346],[-46.92867,-11.1328],[-46.93578,-11.14106],[-46.95831,-11.15286],[-46.97495,-11.15556],[-46.98281,-11.16367],[-46.99712,-11.16351],[-47.00885,-11.1546],[-47.01847,-11.16179],[-47.03887,-11.1523],[-47.04268,-11.14442],[-47.0556,-11.13229],[-47.0676,-11.13318],[-47.08891,-11.12454],[-47.10722,-11.10436],[-47.12976,-11.10402],[-47.13498,-11.09125],[-47.14777,-11.07431],[-47.14704,-11.06522],[-47.15914,-11.0579],[-47.15578,-11.04903],[-47.16263,-11.04192],[-47.16897,-11.04515],[-47.1746,-11.03861],[-47.188,-11.03798],[-47.19505,-11.02705],[-47.20075,-11.02957],[-47.21348,-11.02174],[-47.22007,-11.02502],[-47.22273,-11.00979],[-47.24211,-11.00472],[-47.25041,-10.99549],[-47.25692,-11.00368],[-47.26355,-10.97822],[-47.26856,-10.98373],[-47.28249,-10.98261],[-47.30045,-10.99002],[-47.30404,-10.99772],[-47.32001,-10.99159],[-47.32043,-10.99941],[-47.32766,-10.99552],[-47.33348,-11.00276],[-47.34703,-10.99387],[-47.35401,-10.99739],[-47.35586,-11.00637],[-47.36389,-11.00067],[-47.37651,-10.99986],[-47.38388,-11.00658],[-47.40152,-11.00367],[-47.39575,-11.00998],[-47.40157,-11.01777],[-47.41727,-11.01172],[-47.41846,-11.00499],[-47.43536,-11.01972],[-47.45565,-11.0262],[-47.45941,-11.01809],[-47.46453,-11.02779],[-47.47311,-11.02406],[-47.4785,-11.01461],[-47.48672,-11.01847],[-47.5136,-11.01507],[-47.51918,-11.01851],[-47.52551,-11.00922],[-47.52551,-10.99411],[-47.53868,-11.0117],[-47.54236,-10.9944],[-47.54739,-10.99745],[-47.54466,-11.00903],[-47.55346,-11.00774],[-47.55922,-11.01448],[-47.56763,-11.01086],[-47.56979,-10.98796],[-47.57672,-10.99685],[-47.58513,-10.99146],[-47.58821,-10.99941],[-47.59311,-10.99161],[-47.6041,-10.99872],[-47.6067,-10.99002],[-47.61943,-10.97683],[-47.63005,-10.97686],[-47.63983,-10.97005],[-47.64869,-10.97781],[-47.65651,-10.96659],[-47.66098,-10.97786],[-47.66562,-10.96999],[-47.66171,-10.9619],[-47.68465,-10.9578],[-47.69106,-10.94564],[-47.70037,-10.95435],[-47.7074,-10.9436],[-47.71492,-10.95298],[-47.72573,-10.95071],[-47.73633,-10.9506],[-47.74518,-10.93796],[-47.7451,-10.93117],[-47.73503,-10.91939],[-47.74178,-10.90826],[-47.74106,-10.90178],[-47.7525,-10.89619],[-47.75219,-10.88357],[-47.75877,-10.85581],[-47.76867,-10.84772],[-47.76908,-10.83215],[-47.78113,-10.82143],[-47.78295,-10.80513],[-47.79684,-10.787],[-47.78825,-10.78689],[-47.79976,-10.76877],[-47.80596,-10.77223],[-47.80809,-10.76007],[-47.81978,-10.7561],[-47.82302,-10.74514],[-47.81461,-10.74087],[-47.80672,-10.72675],[-47.79793,-10.72397],[-47.79616,-10.7141],[-47.79125,-10.71873],[-47.78534,-10.70754],[-47.79201,-10.70361],[-47.79162,-10.69015],[-47.80974,-10.68167],[-47.8037,-10.66611],[-47.80757,-10.65892],[-47.81783,-10.65543],[-47.82457,-10.6457],[-47.82301,-10.63987],[-47.83029,-10.63121],[-47.83165,-10.62268],[-47.82496,-10.6102],[-47.837,-10.60368],[-47.84923,-10.58638],[-47.84518,-10.5807],[-47.85399,-10.57026],[-47.85526,-10.56105],[-47.84332,-10.5597],[-47.84064,-10.54345],[-47.84795,-10.52851],[-47.83902,-10.5115],[-47.84267,-10.50508],[-47.83436,-10.49235],[-47.81934,-10.48642],[-47.82712,-10.4777],[-47.82835,-10.45184],[-47.83912,-10.43717],[-47.83339,-10.4282],[-47.84226,-10.40422],[-47.83826,-10.39779],[-47.84008,-10.38414],[-47.84727,-10.37949],[-47.86541,-10.37596],[-47.86639,-10.36149],[-47.8631,-10.35175],[-47.86785,-10.33058],[-47.85595,-10.3194],[-47.85766,-10.28862],[-47.84085,-10.2762],[-47.83146,-10.26506],[-47.82618,-10.24862],[-47.81707,-10.23731],[-47.81381,-10.22296],[-47.81444,-10.2064],[-47.80244,-10.19201],[-47.79331,-10.17348],[-47.7956,-10.14949],[-47.80366,-10.11051],[-47.81025,-10.09824],[-47.80856,-10.06876],[-47.80297,-10.05059],[-47.80493,-10.04394],[-47.81663,-10.03631],[-47.82035,-10.00908],[-47.83309,-9.99509],[-47.83208,-9.96877],[-47.83508,-9.95911],[-47.85009,-9.95017],[-47.85338,-9.93675],[-47.86092,-9.93189],[-47.85164,-9.91288],[-47.84214,-9.90602],[-47.84448,-9.89288],[-47.84093,-9.87818],[-47.85183,-9.87151],[-47.86966,-9.85384],[-47.87946,-9.83635],[-47.88166,-9.81308],[-47.8914,-9.79433],[-47.89635,-9.76074],[-47.89793,-9.73392],[-47.9036,-9.70856],[-47.90742,-9.68057],[-47.90832,-9.65335],[-47.91632,-9.64153],[-47.9189,-9.61973],[-47.91114,-9.60806],[-47.91541,-9.59594],[-47.92416,-9.58497],[-47.92287,-9.56035],[-47.93693,-9.53987],[-47.92527,-9.51534],[-47.93019,-9.48446],[-47.92357,-9.46315],[-47.91934,-9.45813],[-47.90648,-9.41346],[-47.89979,-9.39788],[-47.89657,-9.36914],[-47.89802,-9.35809],[-47.90455,-9.34451],[-47.8777,-9.33453],[-47.86143,-9.35131],[-47.85011,-9.35289],[-47.83633,-9.34449],[-47.81649,-9.32155],[-47.81955,-9.31152],[-47.80917,-9.31904],[-47.79287,-9.32279],[-47.76547,-9.3218],[-47.75582,-9.33161],[-47.74094,-9.33449],[-47.73609,-9.3158],[-47.72172,-9.3141],[-47.70639,-9.30734],[-47.69341,-9.29474],[-47.69163,-9.28236],[-47.68548,-9.2762],[-47.68952,-9.25575],[-47.69511,-9.25229],[-47.69009,-9.24118],[-47.69853,-9.22493],[-47.69189,-9.22124],[-47.68866,-9.20694],[-47.69365,-9.20116],[-47.68919,-9.18429],[-47.66199,-9.16945],[-47.64943,-9.17332],[-47.63697,-9.16136],[-47.6268,-9.15625],[-47.62583,-9.14669],[-47.61725,-9.14041],[-47.62045,-9.1275],[-47.61932,-9.09219],[-47.62464,-9.08089],[-47.61919,-9.06792],[-47.60592,-9.0494],[-47.6102,-9.0268],[-47.54256,-8.93759],[-47.47346,-8.79743],[-47.48503,-8.80261],[-47.49907,-8.80079],[-47.50648,-8.80985],[-47.51812,-8.81187],[-47.52541,-8.82014],[-47.52856,-8.83104],[-47.54465,-8.83646],[-47.55888,-8.8381],[-47.56269,-8.83163],[-47.57286,-8.83383],[-47.57626,-8.82523],[-47.59957,-8.81924],[-47.60764,-8.81082],[-47.61797,-8.81067],[-47.62455,-8.80551],[-47.64446,-8.80977],[-47.65475,-8.808],[-47.66287,-8.79797],[-47.66648,-8.80239],[-47.6791,-8.80364],[-47.68905,-8.79477],[-47.69133,-8.77754],[-47.69669,-8.77416],[-47.70155,-8.75307],[-47.69946,-8.74124],[-47.69187,-8.72665],[-47.68411,-8.72414],[-47.67883,-8.7136],[-47.68012,-8.69988],[-47.7442,-8.72995],[-47.76678,-8.72897],[-47.78326,-8.73792],[-47.78774,-8.74358],[-47.81385,-8.7355],[-47.82229,-8.74076],[-47.8394,-8.74042],[-47.85761,-8.7462],[-47.87996,-8.73706],[-47.89659,-8.74019],[-47.92375,-8.7336],[-47.92648,-8.72175],[-47.93661,-8.70485],[-47.94358,-8.68676],[-47.95225,-8.67866],[-47.967,-8.67847],[-47.98369,-8.66559],[-48.00694,-8.65692],[-48.01559,-8.64642],[-48.01902,-8.6562],[-48.03431,-8.67024],[-48.05177,-8.66857],[-48.05802,-8.67084],[-48.06882,-8.66328],[-48.0901,-8.65642],[-48.0935,-8.66208],[-48.10391,-8.65867],[-48.13001,-8.63518],[-48.13536,-8.5998],[-48.13563,-8.58566],[-48.13171,-8.56769],[-48.13346,-8.539],[-48.125,-8.52573],[-48.11143,-8.52402],[-48.10009,-8.51649],[-48.08791,-8.48526],[-48.08438,-8.46899],[-48.08122,-8.42662],[-48.08561,-8.41449],[-48.09941,-8.40493],[-48.10499,-8.3955],[-48.12288,-8.37878],[-48.12816,-8.36716],[-48.13374,-8.30359],[-48.1325,-8.28841],[-48.1377,-8.26954],[-48.14482,-8.23111],[-48.16178,-8.19658],[-48.15964,-8.16868],[-48.15262,-8.15055],[-48.13467,-8.1151],[-48.125,-8.10101],[-48.10845,-8.08554],[-48.0691,-8.09045],[-48.04403,-8.08811],[-48.0,-8.07806],[-47.98311,-8.07221],[-47.96179,-8.0595],[-47.94975,-8.05473],[-47.9461,-8.04879],[-47.94586,-8.03202],[-47.95209,-8.01276],[-47.9507,-7.99519],[-47.95882,-7.948],[-47.95401,-7.92445],[-47.94049,-7.90753],[-47.93712,-7.89258],[-47.93999,-7.88003],[-47.93589,-7.86852],[-47.91852,-7.8586],[-47.90682,-7.82596],[-47.90589,-7.80368],[-47.8947,-7.79289],[-47.86026,-7.77707],[-47.8409,-7.77095],[-47.8083,-7.75673],[-47.7931,-7.75542],[-47.78246,-7.74801],[-47.77279,-7.73565],[-47.75358,-7.72422],[-47.73929,-7.71165],[-47.71813,-7.69687],[-47.69521,-7.68819],[-47.67623,-7.67619],[-47.65129,-7.65504],[-47.64311,-7.64462],[-47.62921,-7.61673],[-47.63206,-7.59109],[-47.63192,-7.57139],[-47.62358,-7.54204],[-47.62239,-7.52416],[-47.63089,-7.51365],[-47.63378,-7.5029],[-47.63004,-7.49116],[-47.62032,-7.48152],[-47.60346,-7.45506],[-47.59157,-7.44007],[-47.58467,-7.44532],[-47.56084,-7.44983],[-47.55324,-7.44202],[-47.52761,-7.43341],[-47.5028,-7.43906],[-47.49911,-7.45342],[-47.49636,-7.4814],[-47.47978,-7.494],[-47.48025,-7.526],[-47.47467,-7.53412],[-47.46613,-7.52819],[-47.46212,-7.51852],[-47.43918,-7.52085],[-47.42433,-7.53036],[-47.42745,-7.54488],[-47.43983,-7.55502],[-47.42031,-7.56315],[-47.40986,-7.56252],[-47.40018,-7.56788],[-47.40339,-7.58845],[-47.3832,-7.59982],[-47.3833,-7.61975],[-47.38842,-7.63103],[-47.38729,-7.64483],[-47.38228,-7.6546],[-47.366,-7.65541],[-47.3544,-7.64891],[-47.35256,-7.64179],[-47.36563,-7.63588],[-47.37383,-7.62174],[-47.35696,-7.61651],[-47.34864,-7.63227],[-47.33699,-7.63622],[-47.323,-7.65592],[-47.31566,-7.65929],[-47.3203,-7.66425],[-47.33685,-7.66402],[-47.33206,-7.67274],[-47.33167,-7.68544],[-47.31793,-7.68892],[-47.30454,-7.6886],[-47.30261,-7.70164],[-47.31077,-7.69842],[-47.31716,-7.70435],[-47.30704,-7.71476],[-47.31617,-7.71751],[-47.31344,-7.7312],[-47.30581,-7.73481],[-47.28894,-7.72954],[-47.28295,-7.73504],[-47.27548,-7.7303],[-47.27399,-7.74571],[-47.26478,-7.73992],[-47.26064,-7.74347],[-47.2658,-7.76036],[-47.26112,-7.75505],[-47.24659,-7.75817],[-47.25476,-7.76798],[-47.246,-7.78097],[-47.24849,-7.78561],[-47.2408,-7.79467],[-47.24749,-7.80104],[-47.23656,-7.80283],[-47.24668,-7.80862],[-47.23359,-7.81898],[-47.23548,-7.82375],[-47.22493,-7.82625],[-47.215,-7.8361],[-47.20791,-7.83349],[-47.19904,-7.8429],[-47.199,-7.84916],[-47.19016,-7.84212],[-47.18771,-7.85866],[-47.1811,-7.85522],[-47.17661,-7.87131],[-47.1652,-7.87935],[-47.15307,-7.89605],[-47.1432,-7.89518],[-47.14579,-7.91389],[-47.13962,-7.92548],[-47.12204,-7.92191],[-47.11767,-7.93908],[-47.10837,-7.93766],[-47.11752,-7.95223],[-47.11309,-7.95857],[-47.10586,-7.95207],[-47.10327,-7.96706],[-47.10711,-7.97082],[-47.09881,-7.9791],[-47.10747,-7.99032],[-47.0847,-7.9877],[-47.07533,-8.0],[-47.06754,-7.99805],[-47.063,-8.00389],[-47.05415,-8.04239],[-47.04555,-8.04626],[-47.0458,-8.05276],[-47.01756,-8.05729],[-47.00919,-8.06246],[-47.0026,-8.05777],[-46.99681,-8.06598],[-46.99397,-8.05345],[-46.9818,-8.05029],[-46.96348,-8.03909],[-46.96619,-8.03341],[-46.95364,-8.02512],[-46.95687,-8.01688],[-46.94129,-7.99772],[-46.92378,-7.99191],[-46.92178,-7.98474],[-46.90893,-7.98061],[-46.90487,-7.9871],[-46.89528,-7.98535],[-46.88326,-7.96425],[-46.87212,-7.9551],[-46.8667,-7.96951],[-46.8598,-7.96008],[-46.8475,-7.95879],[-46.84044,-7.96589],[-46.83781,-7.95939],[-46.83007,-7.96414],[-46.81365,-7.95115],[-46.80663,-7.95103]]]},"properties":{"CD_REG":"17007","NM_REG":"Jalapão","SIGLA_UF":"TO"}},{"type":"Feature","geometry":{"type":"Polygon","coordinates":[[[-46.55301,-11.26538],[-46.57646,-11.34202],[-46.57679,-11.36149],[-46.56856,-11.37135],[-46.53743,-11.37183],[-46.53145,-11.37661],[-46.52748,-11.40437],[-46.52407,-11.46354],[-46.43932,-11.52105],[-46.35037,-11.50623],[-46.25048,-11.53669],[-46.20951,-11.58527],[-46.10415,-11.60802],[-46.08615,-11.61698],[-46.08089,-11.62401],[-46.10735,-11.62573],[-46.12535,-11.62079],[-46.14449,-11.62435],[-46.14675,-11.64522],[-46.15751,-11.65137],[-46.17222,-11.64491],[-46.18492,-11.64845],[-46.20015,-11.64293],[-46.2143,-11.64275],[-46.23855,-11.62312],[-46.23608,-11.61053],[-46.24398,-11.60537],[-46.27462,-11.60705],[-46.28695,-11.61581],[-46.30443,-11.60617],[-46.31569,-11.60937],[-46.32569,-11.59978],[-46.32893,-11.61194],[-46.33982,-11.61013],[-46.35067,-11.62048],[-46.35971,-11.61276],[-46.36554,-11.62026],[-46.37782,-11.62161],[-46.37408,-11.62674],[-46.38495,-11.62544],[-46.38723,-11.64635],[-46.37969,-11.64532],[-46.36172,-11.63102],[-46.33832,-11.64208],[-46.3438,-11.65505],[-46.33971,-11.66422],[-46.32892,-11.67312],[-46.31291,-11.67811],[-46.30775,-11.68657],[-46.32154,-11.7003],[-46.32516,-11.70979],[-46.33354,-11.71021],[-46.32264,-11.71675],[-46.3363,-11.72753],[-46.33209,-11.734],[-46.35743,-11.74521],[-46.3647,-11.7418],[-46.37857,-11.74862],[-46.37999,-11.75864],[-46.36755,-11.76847],[-46.35393,-11.75812],[-46.34321,-11.76156],[-46.36094,-11.77895],[-46.3453,-11.77512],[-46.33632,-11.76887],[-46.32874,-11.77065],[-46.33542,-11.78065],[-46.34607,-11.78433],[-46.33755,-11.79402],[-46.33448,-11.80506],[-46.3446,-11.81639],[-46.34712,-11.81064],[-46.35778,-11.81367],[-46.34957,-11.83554],[-46.35752,-11.84082],[-46.37262,-11.83026],[-46.38094,-11.84037],[-46.37619,-11.84661],[-46.38099,-11.86307],[-46.37052,-11.88789],[-46.36645,-11.89087],[-46.35939,-11.88337],[-46.34938,-11.88672],[-46.33746,-11.89828],[-46.32563,-11.90244],[-46.32005,-11.91155],[-46.2937,-11.91345],[-46.28903,-11.90973],[-46.28142,-11.91796],[-46.26141,-11.91096],[-46.25816,-11.91749],[-46.24771,-11.9193],[-46.23035,-11.9161],[-46.21425,-11.9083],[-46.18991,-11.90323],[-46.18161,-11.90992],[-46.19077,-11.91901],[-46.20787,-11.92246],[-46.23277,-11.9364],[-46.24433,-11.93845],[-46.26137,-11.9354],[-46.29665,-11.93771],[-46.31284,-11.9411],[-46.32118,-11.94905],[-46.33632,-11.95438],[-46.34154,-11.966],[-46.35321,-11.97091],[-46.3531,-11.97764],[-46.36483,-11.98077],[-46.36393,-11.99086],[-46.37422,-11.99242],[-46.37342,-11.99832],[-46.38723,-11.99741],[-46.38419,-12.00199],[-46.39383,-12.0049],[-46.40024,-12.02481],[-46.40826,-12.00957],[-46.42275,-12.01905],[-46.42193,-12.0286],[-46.43406,-12.02651],[-46.43831,-12.03152],[-46.4449,-12.02618],[-46.46139,-12.03597],[-46.47849,-12.04283],[-46.47847,-12.04887],[-46.46492,-12.04552],[-46.44857,-12.05506],[-46.44329,-12.05014],[-46.42161,-12.05052],[-46.39438,-12.0464],[-46.38447,-12.05169],[-46.39598,-12.06177],[-46.38555,-12.0615],[-46.38825,-12.07747],[-46.38264,-12.08395],[-46.39587,-12.08814],[-46.3716,-12.09943],[-46.36997,-12.11116],[-46.37526,-12.1109],[-46.37157,-12.12334],[-46.37546,-12.13171],[-46.38306,-12.13417],[-46.38161,-12.14471],[-46.38865,-12.15634],[-46.40292,-12.1587],[-46.40037,-12.1673],[-46.38364,-12.17498],[-46.38114,-12.18117],[-46.41007,-12.19868],[-46.38922,-12.1937],[-46.37741,-12.19655],[-46.37459,-12.20658],[-46.38273,-12.21204],[-46.36652,-12.21508],[-46.37276,-12.22952],[-46.36958,-12.23167],[-46.38071,-12.24274],[-46.38806,-12.24478],[-46.38085,-12.25791],[-46.36997,-12.26544],[-46.37253,-12.27367],[-46.38531,-12.28054],[-46.38415,-12.29673],[-46.37555,-12.29901],[-46.36676,-12.29474],[-46.36237,-12.30027],[-46.34915,-12.29912],[-46.35352,-12.3061],[-46.35254,-12.31981],[-46.35889,-12.32416],[-46.35642,-12.33228],[-46.36838,-12.33903],[-46.37161,-12.34981],[-46.35896,-12.35258],[-46.35295,-12.3472],[-46.33979,-12.35174],[-46.36545,-12.36613],[-46.34522,-12.36615],[-46.32787,-12.35674],[-46.30002,-12.36373],[-46.29823,-12.37215],[-46.29003,-12.37697],[-46.29668,-12.38104],[-46.29583,-12.38851],[-46.31358,-12.4055],[-46.32264,-12.4062],[-46.32629,-12.41751],[-46.33605,-12.41432],[-46.33019,-12.42602],[-46.33061,-12.44125],[-46.34055,-12.45199],[-46.32407,-12.46509],[-46.31555,-12.46343],[-46.31017,-12.45622],[-46.31271,-12.44834],[-46.3013,-12.43757],[-46.30988,-12.42898],[-46.30441,-12.41682],[-46.29652,-12.42273],[-46.29048,-12.41697],[-46.28546,-12.43207],[-46.28201,-12.41605],[-46.2769,-12.4209],[-46.27908,-12.43442],[-46.27192,-12.43807],[-46.28114,-12.44089],[-46.28023,-12.45983],[-46.27287,-12.45616],[-46.26298,-12.46589],[-46.27091,-12.47022],[-46.261,-12.47385],[-46.26595,-12.48272],[-46.26663,-12.50667],[-46.27262,-12.5146],[-46.25261,-12.50923],[-46.25086,-12.50222],[-46.2329,-12.50428],[-46.21433,-12.49838],[-46.19825,-12.50381],[-46.21041,-12.51289],[-46.21104,-12.51935],[-46.2245,-12.52864],[-46.24539,-12.535],[-46.26983,-12.55033],[-46.2739,-12.55768],[-46.27161,-12.57005],[-46.28248,-12.57004],[-46.28578,-12.57595],[-46.29666,-12.57573],[-46.29676,-12.56368],[-46.30316,-12.58158],[-46.29265,-12.58166],[-46.29001,-12.58762],[-46.27687,-12.59617],[-46.28487,-12.60303],[-46.28646,-12.61592],[-46.29126,-12.61467],[-46.29472,-12.62826],[-46.30275,-12.62661],[-46.31023,-12.64268],[-46.28996,-12.63815],[-46.27441,-12.64369],[-46.27873,-12.64847],[-46.26693,-12.65095],[-46.26806,-12.66627],[-46.29224,-12.67716],[-46.29636,-12.6861],[-46.30574,-12.68864],[-46.30388,-12.69644],[-46.2918,-12.69935],[-46.29481,-12.70768],[-46.28832,-12.71234],[-46.27962,-12.70853],[-46.26857,-12.71438],[-46.27084,-12.73171],[-46.27694,-12.74138],[-46.28732,-12.73891],[-46.28501,-12.74953],[-46.29594,-12.74496],[-46.29244,-12.75798],[-46.28226,-12.76336],[-46.28189,-12.77085],[-46.29476,-12.7731],[-46.29644,-12.77911],[-46.30695,-12.7867],[-46.31051,-12.79554],[-46.29315,-12.79591],[-46.29409,-12.80805],[-46.27936,-12.81126],[-46.27358,-12.81597],[-46.27855,-12.82868],[-46.27354,-12.8313],[-46.27572,-12.84056],[-46.28848,-12.85408],[-46.30047,-12.8572],[-46.30292,-12.86763],[-46.29598,-12.86928],[-46.28854,-12.88054],[-46.29531,-12.8911],[-46.28725,-12.89239],[-46.29008,-12.90004],[-46.312,-12.90972],[-46.31194,-12.91804],[-46.30575,-12.92667],[-46.31608,-12.93602],[-46.3075,-12.93879],[-46.31564,-12.94938],[-46.32796,-12.9547],[-46.30178,-12.95528],[-46.28253,-12.94677],[-46.24688,-12.94036],[-46.24379,-12.94652],[-46.23305,-12.94996],[-46.20572,-12.95061],[-46.16306,-12.92416],[-46.16017,-12.93009],[-46.14415,-12.93115],[-46.12665,-12.91239],[-46.11296,-12.91801],[-46.12254,-12.92689],[-46.1348,-12.92958],[-46.15113,-12.93777],[-46.16349,-12.93448],[-46.17844,-12.93995],[-46.18137,-12.94891],[-46.19819,-12.95735],[-46.22935,-12.95759],[-46.2651,-12.96563],[-46.27678,-12.97118],[-46.28266,-12.9692],[-46.30481,-12.97846],[-46.33373,-12.98094],[-46.3644,-12.99074],[-46.37307,-12.98334],[-46.36809,-12.97186],[-46.37423,-12.96283],[-46.36962,-12.95052],[-46.37233,-12.94432],[-46.3652,-12.9347],[-46.36664,-12.92382],[-46.36024,-12.90899],[-46.36498,-12.9009],[-46.36086,-12.89031],[-46.3678,-12.88797],[-46.36425,-12.88114],[-46.36923,-12.8758],[-46.36573,-12.86352],[-46.37419,-12.85952],[-46.37392,-12.85145],[-46.39275,-12.84823],[-46.39758,-12.85132],[-46.40912,-12.84559],[-46.41798,-12.82244],[-46.4328,-12.92942],[-46.44593,-12.93577],[-46.45465,-12.97115],[-46.75061,-12.96916],[-46.81382,-13.00057],[-46.82282,-13.00679],[-46.81861,-13.01387],[-46.82881,-13.01721],[-46.83442,-13.03431],[-46.84239,-13.03618],[-46.84774,-13.04532],[-46.84443,-13.04952],[-46.85432,-13.05472],[-46.8543,-13.06738],[-46.86611,-13.06892],[-46.87182,-13.05969],[-46.88062,-13.05882],[-46.87823,-13.05166],[-46.89413,-13.05405],[-46.90225,-13.06738],[-46.91056,-13.06927],[-46.92862,-13.08235],[-46.92874,-13.09346],[-46.94638,-13.09909],[-46.95404,-13.10883],[-46.97961,-13.12236],[-46.97902,-13.13177],[-47.0021,-13.12168],[-47.00754,-13.13785],[-47.01975,-13.14594],[-47.02318,-13.14159],[-47.03013,-13.14851],[-47.04276,-13.14899],[-47.04843,-13.1571],[-47.06442,-13.16137],[-47.0686,-13.15568],[-47.08029,-13.16188],[-47.08518,-13.17095],[-47.07995,-13.17722],[-47.09004,-13.18117],[-47.0899,-13.17504],[-47.0991,-13.17147],[-47.10891,-13.17785],[-47.13247,-13.17805],[-47.14078,-13.18705],[-47.1342,-13.18785],[-47.13389,-13.20076],[-47.15483,-13.21006],[-47.1619,-13.20501],[-47.16794,-13.21112],[-47.18379,-13.20472],[-47.17545,-13.19473],[-47.18374,-13.18745],[-47.19692,-13.19368],[-47.21271,-13.19241],[-47.21599,-13.19586],[-47.22961,-13.19474],[-47.23378,-13.20516],[-47.25238,-13.21261],[-47.24859,-13.22952],[-47.2684,-13.23745],[-47.26703,-13.24602],[-47.2757,-13.25073],[-47.28143,-13.2647],[-47.28836,-13.26399],[-47.29559,-13.24857],[-47.31539,-13.25154],[-47.32381,-13.25826],[-47.32733,-13.2521],[-47.33928,-13.24613],[-47.35395,-13.24867],[-47.35551,-13.2429],[-47.36951,-13.23585],[-47.37059,-13.22943],[-47.37972,-13.2306],[-47.38177,-13.2399],[-47.3945,-13.24627],[-47.39294,-13.2624],[-47.39947,-13.26178],[-47.4172,-13.27083],[-47.42145,-13.28644],[-47.43259,-13.28863],[-47.43776,-13.2791],[-47.43645,-13.26678],[-47.4539,-13.25174],[-47.45108,-13.24239],[-47.43127,-13.23633],[-47.4401,-13.22295],[-47.4505,-13.22252],[-47.46519,-13.22716],[-47.48349,-13.22261],[-47.48802,-13.21207],[-47.47745,-13.18719],[-47.49227,-13.18372],[-47.50884,-13.19003],[-47.52139,-13.18243],[-47.53442,-13.18536],[-47.54062,-13.19171],[-47.5578,-13.18685],[-47.56497,-13.18033],[-47.56567,-13.15778],[-47.56871,-13.14391],[-47.56097,-13.12482],[-47.57409,-13.11503],[-47.59312,-13.11548],[-47.61712,-13.10362],[-47.64632,-13.12045],[-47.64939,-13.13161],[-47.64283,-13.145],[-47.65232,-13.15048],[-47.66899,-13.16684],[-47.65488,-13.17551],[-47.65433,-13.18584],[-47.66422,-13.19668],[-47.6602,-13.20731],[-47.66685,-13.20835],[-47.66509,-13.21843],[-47.6543,-13.21927],[-47.6561,-13.23247],[-47.64617,-13.24238],[-47.64764,-13.25005],[-47.63966,-13.26429],[-47.64843,-13.27478],[-47.65508,-13.2758],[-47.65502,-13.28602],[-47.66112,-13.30251],[-47.65415,-13.31185],[-47.65611,-13.32325],[-47.64887,-13.34414],[-47.65014,-13.34878],[-47.63643,-13.36554],[-47.62235,-13.36872],[-47.62675,-13.38555],[-47.6377,-13.38982],[-47.64281,-13.40537],[-47.64855,-13.40715],[-47.65529,-13.41853],[-47.65564,-13.42868],[-47.67099,-13.44127],[-47.67638,-13.45192],[-47.67975,-13.46817],[-47.79823,-13.32898],[-47.8236,-13.31171],[-47.84409,-13.31834],[-47.86057,-13.31389],[-47.87406,-13.32049],[-47.88698,-13.31947],[-47.89434,-13.30653],[-47.9024,-13.31154],[-47.90386,-13.30191],[-47.92339,-13.29167],[-47.93611,-13.28989],[-47.94405,-13.30472],[-47.96685,-13.31501],[-47.97123,-13.30093],[-47.97786,-13.29583],[-47.98103,-13.28426],[-47.98796,-13.27651],[-48.02549,-13.27956],[-48.03415,-13.26664],[-48.02846,-13.26548],[-48.03406,-13.25373],[-48.05173,-13.25683],[-48.05318,-13.24548],[-48.06246,-13.23572],[-48.0745,-13.23901],[-48.07625,-13.24628],[-48.07203,-13.26745],[-48.07681,-13.26742],[-48.07911,-13.28527],[-48.09938,-13.29306],[-48.10498,-13.28809],[-48.11983,-13.29744],[-48.14047,-13.30283],[-48.1431,-13.30616],[-48.16515,-13.30633],[-48.16988,-13.30035],[-48.15332,-13.27969],[-48.1572,-13.25001],[-48.16746,-13.24431],[-48.16677,-13.23259],[-48.15302,-13.21924],[-48.16146,-13.20868],[-48.16592,-13.1893],[-48.15598,-13.17803],[-48.15341,-13.16199],[-48.14366,-13.15247],[-48.13946,-13.13684],[-48.13738,-13.11617],[-48.12868,-13.10579],[-48.12862,-13.09829],[-48.13819,-13.08879],[-48.14318,-13.07006],[-48.15179,-13.05882],[-48.14579,-13.03787],[-48.14899,-13.00574],[-48.13992,-12.98733],[-48.15253,-12.96581],[-48.16367,-12.95897],[-48.17949,-12.92332],[-48.18802,-12.9085],[-48.1889,-12.88348],[-48.20706,-12.84958],[-48.22951,-12.82861],[-48.24019,-12.80419],[-48.24148,-12.79131],[-48.23694,-12.77835],[-48.22372,-12.75842],[-48.22622,-12.7459],[-48.24737,-12.74058],[-48.25719,-12.74676],[-48.26647,-12.74437],[-48.26987,-12.72911],[-48.26604,-12.72298],[-48.25364,-12.71647],[-48.2441,-12.70488],[-48.23956,-12.68371],[-48.24609,-12.67856],[-48.24798,-12.68576],[-48.27633,-12.6825],[-48.28669,-12.67521],[-48.29093,-12.66143],[-48.28828,-12.65268],[-48.27233,-12.636],[-48.26988,-12.62581],[-48.27479,-12.60642],[-48.26916,-12.59719],[-48.25149,-12.59488],[-48.28811,-12.56732],[-48.29339,-12.56066],[-48.26135,-12.55145],[-48.25,-12.55041],[-48.23257,-12.54069],[-48.22831,-12.52111],[-48.23352,-12.50905],[-48.23101,-12.4951],[-48.21315,-12.48775],[-48.20716,-12.47932],[-48.21158,-12.46383],[-48.24774,-12.46106],[-48.2623,-12.46167],[-48.26485,-12.45235],[-48.261,-12.43485],[-48.25,-12.42089],[-48.23423,-12.40625],[-48.22816,-12.39095],[-48.23489,-12.37365],[-48.24872,-12.3651],[-48.2545,-12.35679],[-48.25675,-12.3448],[-48.25398,-12.31896],[-48.25581,-12.31234],[-48.31271,-12.26932],[-48.28777,-12.24388],[-48.28195,-12.22255],[-48.2887,-12.21604],[-48.28723,-12.20739],[-48.27521,-12.20878],[-48.26973,-12.20506],[-48.26023,-12.17213],[-48.2539,-12.17561],[-48.24146,-12.17304],[-48.21982,-12.15959],[-48.2189,-12.16839],[-48.21079,-12.16844],[-48.19816,-12.17511],[-48.19423,-12.18401],[-48.17403,-12.18255],[-48.16874,-12.18507],[-48.16547,-12.19912],[-48.15696,-12.20294],[-48.14998,-12.19778],[-48.15516,-12.18015],[-48.14878,-12.16994],[-48.15201,-12.16244],[-48.14307,-12.15195],[-48.1249,-12.14197],[-48.12315,-12.13521],[-48.11379,-12.13655],[-48.11233,-12.15294],[-48.09883,-12.13218],[-48.12043,-12.1115],[-48.11474,-12.10179],[-48.11516,-12.08723],[-48.1459,-12.07065],[-48.14294,-12.06627],[-48.15588,-12.06324],[-48.15659,-12.05797],[-48.17114,-12.04755],[-48.18368,-12.06583],[-48.2112,-12.0567],[-48.21453,-12.04204],[-48.20783,-12.03432],[-48.20993,-12.02301],[-48.21933,-12.01641],[-48.21287,-12.00522],[-48.2276,-11.99255],[-48.2387,-11.9892],[-48.25992,-11.97798],[-48.28285,-11.95461],[-48.29194,-11.95833],[-48.30156,-11.95158],[-48.3026,-11.94278],[-48.30912,-11.93809],[-48.31997,-11.93842],[-48.32863,-11.92459],[-48.33621,-11.92176],[-48.34274,-11.89265],[-48.3491,-11.88505],[-48.34876,-11.87085],[-48.34264,-11.85721],[-48.3363,-11.85599],[-48.34469,-11.84462],[-48.35588,-11.84598],[-48.36209,-11.83925],[-48.35848,-11.83075],[-48.36435,-11.81784],[-48.36377,-11.79921],[-48.37888,-11.76873],[-48.38042,-11.75571],[-48.3763,-11.74505],[-48.37807,-11.70966],[-48.38369,-11.70659],[-48.37912,-11.69291],[-48.37909,-11.6757],[-48.37567,-11.66776],[-48.38242,-11.66348],[-48.38268,-11.64368],[-48.39473,-11.64048],[-48.39891,-11.63316],[-48.40986,-11.63002],[-48.40432,-11.6194],[-48.40992,-11.61377],[-48.41135,-11.59578],[-48.41654,-11.5891],[-48.42641,-11.58946],[-48.42725,-11.57833],[-48.44219,-11.5667],[-48.44998,-11.55706],[-48.44921,-11.54954],[-48.46319,-11.52811],[-48.46378,-11.51727],[-48.45725,-11.50787],[-48.45884,-11.49742],[-48.47574,-11.47633],[-48.46987,-11.47376],[-48.46171,-11.45594],[-48.46762,-11.44367],[-48.46392,-11.43767],[-48.4666,-11.4258],[-48.47727,-11.42002],[-48.48125,-11.40946],[-48.48238,-11.39379],[-48.47428,-11.3704],[-48.47901,-11.3625],[-48.46529,-11.33526],[-48.45852,-11.30085],[-48.45248,-11.27788],[-48.45412,-11.26252],[-48.4479,-11.25857],[-48.42558,-11.26987],[-48.42353,-11.27345],[-48.40659,-11.27483],[-48.39801,-11.27164],[-48.39264,-11.27851],[-48.38484,-11.27199],[-48.37834,-11.27664],[-48.37168,-11.27158],[-48.36542,-11.2802],[-48.36045,-11.2745],[-48.34954,-11.28914],[-48.3374,-11.28712],[-48.3351,-11.29636],[-48.31694,-11.30757],[-48.31381,-11.2941],[-48.29698,-11.29293],[-48.28408,-11.29742],[-48.27709,-11.28665],[-48.26345,-11.28618],[-48.25908,-11.2817],[-48.24885,-11.28676],[-48.24136,-11.28052],[-48.22684,-11.28402],[-48.20811,-11.27752],[-48.20091,-11.2723],[-48.18214,-11.27338],[-48.17199,-11.26625],[-48.15641,-11.27018],[-48.14508,-11.28433],[-48.14109,-11.30135],[-48.13383,-11.30788],[-48.11665,-11.30919],[-48.09568,-11.31851],[-48.08682,-11.31291],[-48.08475,-11.29687],[-48.07502,-11.28297],[-48.05613,-11.27676],[-48.05035,-11.26992],[-48.03876,-11.26584],[-48.02146,-11.26603],[-48.01258,-11.25539],[-47.99881,-11.2537],[-47.99375,-11.24547],[-47.98617,-11.25045],[-47.96652,-11.255],[-47.94734,-11.24638],[-47.93007,-11.24612],[-47.9176,-11.23491],[-47.90276,-11.23385],[-47.88718,-11.21645],[-47.87218,-11.20336],[-47.86208,-11.20468],[-47.85075,-11.2184],[-47.83265,-11.21953],[-47.82595,-11.21373],[-47.81185,-11.21487],[-47.80207,-11.20865],[-47.78696,-11.18116],[-47.77966,-11.17935],[-47.77462,-11.16489],[-47.76597,-11.16024],[-47.75564,-11.13671],[-47.74904,-11.13248],[-47.74392,-11.11753],[-47.73295,-11.11105],[-47.72347,-11.094],[-47.7053,-11.07162],[-47.69495,-11.05233],[-47.69107,-11.04023],[-47.6984,-11.03717],[-47.69997,-11.02969],[-47.70846,-11.03274],[-47.71285,-11.02005],[-47.70808,-11.01393],[-47.71422,-10.99394],[-47.72191,-10.98529],[-47.73027,-10.98318],[-47.72323,-10.97369],[-47.72928,-10.96794],[-47.72573,-10.95071],[-47.71492,-10.95298],[-47.7074,-10.9436],[-47.70037,-10.95435],[-47.69106,-10.94564],[-47.68465,-10.9578],[-47.66171,-10.9619],[-47.66562,-10.96999],[-47.66098,-10.97786],[-47.65651,-10.96659],[-47.64869,-10.97781],[-47.63983,-10.97005],[-47.63005,-10.97686],[-47.61943,-10.97683],[-47.6067,-10.99002],[-47.6041,-10.99872],[-47.59311,-10.99161],[-47.58821,-10.99941],[-47.58513,-10.99146],[-47.57672,-10.99685],[-47.56979,-10.98796],[-47.56763,-11.01086],[-47.55922,-11.01448],[-47.55346,-11.00774],[-47.54466,-11.00903],[-47.54739,-10.99745],[-47.54236,-10.9944],[-47.53868,-11.0117],[-47.52551,-10.99411],[-47.52551,-11.00922],[-47.51918,-11.01851],[-47.5136,-11.01507],[-47.48672,-11.01847],[-47.4785,-11.01461],[-47.47311,-11.02406],[-47.46453,-11.02779],[-47.45941,-11.01809],[-47.45565,-11.0262],[-47.43536,-11.01972],[-47.41846,-11.00499],[-47.41727,-11.01172],[-47.40157,-11.01777],[-47.39575,-11.00998],[-47.40152,-11.00367],[-47.38388,-11.00658],[-47.37651,-10.99986],[-47.36389,-11.00067],[-47.35586,-11.00637],[-47.35401,-10.99739],[-47.34703,-10.99387],[-47.33348,-11.00276],[-47.32766,-10.99552],[-47.32043,-10.99941],[-47.32001,-10.99159],[-47.30404,-10.99772],[-47.30045,-10.99002],[-47.28249,-10.98261],[-47.26856,-10.98373],[-47.26355,-10.97822],[-47.25692,-11.00368],[-47.25041,-10.99549],[-47.24211,-11.00472],[-47.22273,-11.00979],[-47.22007,-11.02502],[-47.21348,-11.02174],[-47.20075,-11.02957],[-47.19505,-11.02705],[-47.188,-11.03798],[-47.1746,-11.03861],[-47.16897,-11.04515],[-47.16263,-11.04192],[-47.15578,-11.04903],[-47.15914,-11.0579],[-47.14704,-11.06522],[-47.14777,-11.07431],[-47.13498,-11.09125],[-47.12976,-11.10402],[-47.10722,-11.10436],[-47.08891,-11.12454],[-47.0676,-11.13318],[-47.0556,-11.13229],[-47.04268,-11.14442],[-47.03887,-11.1523],[-47.01847,-11.16179],[-47.00885,-11.1546],[-46.99712,-11.16351],[-46.98281,-11.16367],[-46.97495,-11.15556],[-46.95831,-11.15286],[-46.93578,-11.14106],[-46.92867,-11.1328],[-46.92149,-11.1346],[-46.9097,-11.12214],[-46.89281,-11.11881],[-46.88365,-11.12241],[-46.87844,-11.11588],[-46.85694,-11.10899],[-46.85281,-11.11136],[-46.84173,-11.09681],[-46.83149,-11.09381],[-46.81063,-11.09591],[-46.79635,-11.09004],[-46.79185,-11.09713],[-46.7756,-11.10226],[-46.76807,-11.09891],[-46.75594,-11.10628],[-46.74897,-11.119],[-46.73708,-11.12409],[-46.71998,-11.12291],[-46.70741,-11.12598],[-46.69759,-11.13734],[-46.68541,-11.16895],[-46.6845,-11.17801],[-46.69019,-11.18728],[-46.69004,-11.20138],[-46.67673,-11.21704],[-46.65161,-11.223],[-46.6366,-11.22913],[-46.62276,-11.24329],[-46.61185,-11.24978],[-46.59678,-11.24721],[-46.55301,-11.26538]]]},"properties":{"CD_REG":"17008","NM_REG":"Dianópolis","SIGLA_UF":"TO"}}]}