ano,uf,municipio,cd_municipio_tse,zona,local,nome_local,eleitores_censo_repo,eleitores_oficial,votos_1t
2010,AC,BUJARI,1007,9,5500,SEAPROF,854,,
2010,AC,BRASILEIA,1058,6,5615,ESCOLA  KAIRALA JOSE KAIRALA,446,,
2010,AC,BRASILEIA,1058,6,5502,ESCOLA MUNICIPAL PRINCEZA,254,,
2010,AC,BRASILEIA,1058,6,5503,ESCOLA MUNICIPAL SANTA HELENA,192,,
2010,AC,BRASILEIA,1058,6,5501,ESCOLA MUNICIPAL ANTONIO CARNEIRO DA SILVA,122,,
2010,AC,PORTO WALTER,1066,4,5500,ESCOLA ALFREDO SALES,559,,
2010,AC,CRUZEIRO DO SUL,1074,4,5500,ESCOLA ESTADUAL INDIGENA TAMAKAYA,411,,
2010,AC,CRUZEIRO DO SUL,1074,4,5501,ESCOLA OVIDIA BARBOSA DE MOURA,1431,,
2010,AC,CRUZEIRO DO SUL,1074,4,5502,POSTO DE FISCALIZACAO,114,,
2010,AC,EPITACIOLANDIA,1112,6,5502,POSTO DE SAUDE MANOEL ARAUJO DA COSTA,1130,,
2010,AC,EPITACIOLANDIA,1112,6,5501,ESCOLA SAO SEBASTIAO,179,,
2010,AC,EPITACIOLANDIA,1112,6,5500,ESCOLA RAIMUNDO PEREIRA DE QUEIROZ,179,,
2010,AC,RIO BRANCO,1392,9,1783,DEPARTAMENTO DE VIGILANCIA SANITARIA,1233,0,
2010,AC,RIO BRANCO,1392,9,5531,ESCOLA DE ENSINO FUNDAMENTAL ARACY CERQUEIRA,342,,
2010,AC,RIO BRANCO,1392,9,5532,ESCOLA JOAO EDUARDO NOVO II,1950,,
2010,AC,RIO BRANCO,1392,1,3174,ESCOLA DE ENSINO FUNDAMENTAL CLARICE FECURY,959,,
2010,AC,SENA MADUREIRA,1457,3,5500,ANEXO DA ESCOLA MESSIAS RODRIGUES,52,,
2010,AC,SENA MADUREIRA,1457,3,5501,SERINGAL NOVA OLINDA,176,,
2010,AC,TARAUACA,1473,5,5500,ESCOLA ARIVAN CARNEIRO PRADO,14,,
2010,AC,XAPURI,1490,2,5502,ESCOLA ESTADUAL PADRE JOSIMO - S.J. DO GUARANI,109,,
2010,AC,XAPURI,1490,2,5500,ESCOLA 5 DE DEZEMBRO - NOVA VIDA,109,,
2010,AC,XAPURI,1490,2,5501,ESCOLA ESPERANCA DO POVO - CACHOEIRA,387,,
2010,AC,XAPURI,1490,2,5503,ESCOLA MUNICIPAL BELO JARDIM - ASSENTAMENTO TUPA,109,,
2010,AC,MANOEL URBANO,1554,3,5500,ALDEIA SANTO AMARO,761,,
2010,AC,ASSIS BRASIL,1570,6,5614,ESCOLA IRIS CELIA CABANELAS ZANINI,196,,
2010,AC,ASSIS BRASIL,1570,6,5501,ESCOLA INDIGENA 7 ESTRELAS,196,,
2010,AC,ASSIS BRASIL,1570,6,5503,POSTO DE SAUDE,297,,
2010,AC,ASSIS BRASIL,1570,6,5500,ESCOLA CARIOLANDO DE SOUZA GOMES,388,,
2010,AL,CAMPO ALEGRE,27278,47,5500,ESCOLA MUNICIPAL FELIZARDO DE SOUZA LIMA,1543,,
2010,AL,CAMPO ALEGRE,27278,47,5501,ESCOLA MUNICIPAL PEDRO DE OLIVEIRA SANTOS,1543,,
2010,AL,IGACI,27618,45,5500,ESCOLA MUNICIPAL ANTONIO CAETANO DE SOUZA,2846,,
2010,AL,IGREJA NOVA,27634,30,5778,ESCOLA MUNICIPAL PROFESSORA AURITA ROCHA,788,,
2010,AL,IGREJA NOVA,27634,30,5616,ESCOLA ESTADUAL DE IPIRANGA,788,,
2010,AL,TEOTONIO VILELA,28932,35,1198,GRUPO ESCOLAR PEDRO JOAQUIM DE JESUS,3518,,
2010,AM,ANORI,2038,33,5501,ESCOLA ESTADUAL EURICO GASPAR DUTRA,2945,,
2010,AM,BENJAMIN CONSTANT,2135,20,5500,ESCOLA MUNICIPAL MANOEL BATISTA,674,,
2010,AM,HUMAITA,2356,17,5500,ESCOLA MUNICIPAL SAO SEBASTIAO,382,,
2010,AM,JUTAI,2496,41,1015,COLEGIO PE JOAO VAN DEN DUNGEN,392,,
2010,AM,MANACAPURU,2534,6,5509,PALESTINA,759,,
2010,AM,MANAUS,2550,32,1449,CENTRO INTERESCOLAR PADRE STELIO DALLISON,5044,1820,
2010,AM,SILVES,2771,39,5500,COMUNIDADE DA BAIXA FUNDA,531,,
2010,AM,ITAMARATI,98370,69,1074,ESCOLA MUNICIPAL DE REGIME INTEGRAL MAGIDE TEIXEIRA DE PAULA,1182,1137,
2010,AM,RIO PRETO DA EVA,98434,52,5501,ESCOLA ESTADUAL RIO PRETO,1712,,
2010,AM,RIO PRETO DA EVA,98434,52,5500,CENTRO DE EDUCACAO INFANTIL MARCELINO VIEIRA,736,,
2010,AP,MAZAGAO,6076,5,1341,ESCOLA ESTADUAL DOM PEDRO I,1861,,
2010,AP,MAZAGAO,6076,5,5500,CENTRO COMUNITARIO DO RIO ARIRAMBA (ANEXO DA E. E. OSMUNDO V. BARRETO),1861,,
2010,AP,AGUA BRANCA DO AMAPARI,6084,11,5500,CENTRO DE CONVENCOES DAS ALDEIAS INDIGENAS,621,,
2010,AP,SANTANA,6157,6,5505,E.P.G. JOSE DE RIBAMAR PESTANA,4105,,
2010,AP,SANTANA,6157,6,5504,E.P.G. JOANIRA DEL CASTILO,4105,,
2010,AP,SANTANA,6157,6,5507,E.P.G. PIAUI,2200,,
2010,AP,SANTANA,6157,6,5501,E.E. EVERALDO VASCONCELOS,1036,,
2010,AP,SANTANA,6157,6,5506,E.P.G. PADRE ANGELO BIRACHI,1478,,
2010,AP,SANTANA,6157,6,5500,E.E. ALBERTO SANTOS DUMONT (ELESBAO),4216,,
2010,AP,SANTANA,6157,6,5502,E.E. MARIA CATARINA DANTAS TIBURCIO,1036,,
2010,AP,SANTANA,6157,6,5503,E.M. PROFESSORA MARIA ILNAH DE SOUZA,4105,,
2010,AP,SANTANA,6157,6,5508,FACULDADE MADRE TEREZA,3566,,
2010,BA,LUIS EDUARDO MAGALHAES,30007,205,1120,ESPECIAL ESCOLA MUNICIPAL IVO HERIG,4321,132,
2010,BA,LUIS EDUARDO MAGALHAES,30007,205,5500,ESCOLA MUNICIPAL CEZAR PELISSARI,3673,,
2010,BA,DIAS D'AVILA,30872,186,5500,ESCOLA MUNICIPAL FLORENCIO BORGES DE SANTANA,3177,,
2010,BA,AMARGOSA,33197,36,5500,ANEXO ESCOLA EDELVIRA SALES ANDRADE,6581,,
2010,BA,AMARGOSA,33197,36,5501,ESPECIAL ANEXO ESCOLA EDELVIRA SALES ANDRADE,6581,,
2010,BA,ANAGE,33235,161,5881,ESCOLA MUNICIPAL DE CACOTE,156,,
2010,BA,ANAGE,33235,161,5882,ESCOLA MUNICIPAL DE CAPINADO,308,,
2010,BA,ANAGE,33235,161,5617,ESCOLA MUNICIPAL DE CAPAO,128,,
2010,BA,ANAGE,33235,161,5880,ESCOLA MUNICIPAL DE PAIOL,214,,
2010,BA,ANGUERA,33294,194,1244,ESCOLA MUNICIPAL VITOR BEZERRA LOLA,378,610,
2010,BA,BARRA,33537,77,5500,ESCOLA MUNICIPAL DE CURRAL NOVO,3,,
2010,BA,BIRITINGA,33715,150,5500,ESPECIAL CENTRO EDUCACIONAL DOM BOSCO,969,,
2010,BA,BONINAL,33790,105,5883,PREDIO ESCOLAR MUNICIPAL DE ROCINHA,323,,
2010,BA,BOQUIRA,33812,65,5884,PREDIO ESCOLAR DE BARRA,323,,
2010,BA,BOQUIRA,33812,65,5886,PREDIO ESCOLAR DE VEREDA,323,,
2010,BA,BOQUIRA,33812,65,5885,PREDIO ESCOLAR DE ARACAS,221,,
2010,BA,BROTAS DE MACAUBAS,33898,94,5500,ESCOLA MUNICIPAL PEDRO MIRANDA,193,,
2010,BA,CANSANCAO,34355,50,5887,PREDIO ESCOLAR DO POVOADO CAPOEIRAS,226,,
2010,BA,CENTRAL,34517,159,5618,PREDIO ESCOLAR MUNICIPAL CASTELO BRANCO,203,,
2010,BA,CONCEICAO DO JACUIPE,34690,192,5500,ESCOLA MUNICIPAL NOSSA SENHORA DA CONCEICAO,1458,,
2010,BA,CORRENTINA,34851,124,1627,ESCOLA MUNICIPAL DE FUNDAO,270,,
2010,BA,CURACA,34975,85,1538,MERCADO MUNICIPAL DE BARRO VERMELHO,619,253,
2010,BA,FEIRA DE SANTANA,35157,155,5500,INTERNACAO - FUNDACAO DA CRIANCA E DO ADOLESCENTE,812,,
2010,BA,GUANAMBI,35335,64,5504,GRUPO ESCOLAR MUNICIPAL SENADOR NILO COELHO,849,,
2010,BA,GUANAMBI,35335,64,5503,GRUPO ESCOLAR MUNICIPAL DR. LAERT RIBEIRO,1519,,
2010,BA,GUANAMBI,35335,64,5501,COLEGIO MUNICIPAL PEDRO BARROS PRATES,197,,
2010,BA,GUANAMBI,35335,64,5502,GRUPO ESCOLAR MUNICIPAL COLONIA AGRICOLA CERAIMA,296,,
2010,BA,GUANAMBI,35335,64,5505,UNIDADE ESCOLAR MUNICIPAL ANISIO COTRIM FERNANDES,316,,
2010,BA,GUANAMBI,35335,64,5500,ASSOCIACAO COMUNITARIA DOS PRODUTORES RURAIS DO POCO COMPRIDO,281,,
2010,BA,IBITIARA,35610,121,5619,ESCOLA MUNICIPAL CARLOS LUIZ,181,,
2010,BA,IPIAU,35793,24,5500,COLEGIO MUNICIPAL MARIA DAS GRACAS CESAR MENDONCA,2308,,
2010,BA,IRARA,35912,74,5500,ESCOLA MUNICIPAL EDSON ARANTES DO NASCIMENTO,243,,
2010,BA,IRECE,35939,95,5501,PRISIONAL - DELEGACIA DE POLICIA CIVIL DE IRECE,1900,,
2010,BA,ITABUNA,35971,28,5620,COLEGIO LUCIA OLIVEIRA,5250,,
2010,BA,ITAPETINGA,36293,140,1015,PREDIO JOSE VAZ ESPINHEIRA,1509,,
2010,BA,JUAZEIRO,36692,47,5500,SOSE - SOCIEDADE DE OBRAS SOCIAIS E EDUCATIVAS (ANTIGA DIOCESE),1975,,
2010,BA,MACAUBAS,36978,65,5888,PREDIO ESCOLAR DE LAGOA NOVA,180,,
2010,BA,MACAUBAS,36978,65,5889,PREDIO ESCOLAR DE PAJEU,348,,
2010,BA,MACAUBAS,36978,65,5890,PREDIO ESCOLAR DE SAO JOSE,135,,
2010,BA,MACAUBAS,36978,65,5891,PREDIO ESCOLAR DE TABOCAS,605,,
2010,BA,MONTE SANTO,37311,50,5893,PREDIO ESCOLAR DO POVOADO TAPERA,148,,
2010,BA,MONTE SANTO,37311,50,5892,PREDIO ESCOLAR DO POVOADO POCO,666,,
2010,BA,PAULO AFONSO,37818,84,5500,SAMMPA - SOCIEDADE DE APOIO A MENINOS E MENINAS DE PAULO AFONSO,2396,,
2010,BA,PIATA,37877,105,5895,PREDIO ESCOLAR MUNICIPAL DO FELIZARDO,1015,,
2010,BA,PIATA,37877,105,5894,PREDIO ESCOLAR MUNICIPAL DE CACHOEIRA,177,,
2010,BA,PILAO ARCADO,37893,195,5896,ESCOLA MUNICIPAL DE LAGOA DA PEDRA,755,,
2010,BA,RIBEIRA DO POMBAL,38334,110,5501,ESPECIAL ESCOLA PUREZA BRITO,6995,,
2010,BA,SALVADOR,38490,1,1783,ESCOLA MUNICIPAL CASA DA AMIZADE,411,,
2010,BA,SALVADOR,38490,1,1791,ESPECIAL ESCOLA MUNICIPAL CASA DA AMIZADE,411,,
2010,BA,SAO FELIPE,38814,184,5500,ESCOLA MUNICIPAL ADRIAO NEIVA,1595,,
2010,BA,SAO GONCALO DOS CAMPOS,38857,108,5500,ESCOLA MARIA AMELIA CARNEIRO,681,,
2010,BA,SENTO SE,39039,96,5898,PREDIO ESCOLAR DE ALDEIA,542,,
2010,BA,SERRINHA,39098,150,5500,ESCOLA MUNICIPAL JOSE RAMOS DA SILVA,764,,
2010,BA,SIMOES FILHO,39136,33,5500,COLEGIO EDILSON FREIRE,1474,,
2010,BA,TANQUINHO,39217,156,1040,PREDIO ESCOLAR JOSAPHAT DOS REIS LIMA,3737,,
2010,BA,TANQUINHO,39217,156,1058,PREDIO ESCOLAR CRISPIM ANICETO DE JESUS,3737,,
2010,BA,TANQUINHO,39217,156,1066,PREDIO ESCOLAR JOSE ALVINO,3737,,
2010,BA,TREMEDAL,39357,177,5500,ESCOLA MUNICIPAL MANOEL RODRIGUES NOVAIS,342,,
2010,BA,TUCANO,39373,80,5500,ESCOLA MUNICIPAL SAO CRISTOVAO,246,,
2010,BA,TUCANO,39373,80,5501,ESPECIAL COLEGIO ESTADUAL LUIS EDUARDO MAGALHAES,3932,,
2010,BA,URUCUCA,39535,198,5500,CLUBE SOCIAL DE SERRA GRANDE,744,,
2010,BA,XIQUE-XIQUE,39713,68,5500,ESCOLA MARIA PEREGRINO CUNHA,413,,
2010,CE,ACOPIARA,13056,60,5627,CAPELA NOSSA SENHORA DAS DORES,262,,
2010,CE,ACOPIARA,13056,60,5623,EEF MONSENHOR FRANCISCO DE ASSIS COUTO,118,,
2010,CE,ACOPIARA,13056,60,5500,EEF RAIMUNDO MARIANO,114,,
2010,CE,ACOPIARA,13056,60,5621,EEFM MANOEL RODRIGUES DE CARVALHO,539,,
2010,CE,ACOPIARA,13056,60,5629,EEF FRANCISCO TEOFILO DE OLIVEIRA,337,,
2010,CE,ACOPIARA,13056,60,5622,EEF JOAO UCHOA DE ALBUQUERQUE,539,,
2010,CE,ACOPIARA,13056,60,5624,EEF MANOEL JOSE DE ARAUJO,160,,
2010,CE,ACOPIARA,13056,60,5626,SECRETARIA DE SAUDE DO MUNICIPIO,251,,
2010,CE,ACOPIARA,13056,60,5628,POSTO DE SAUDE TIBURCIO SOARES,887,,
2010,CE,ACOPIARA,13056,60,5625,LICEU DE ACOPIARA - DEP.FCO.ALVES SOBRINHO,251,,
2010,CE,QUITERIANOPOLIS,13102,99,5500,ESCOLA MANOEL VIEIRA DE CARVALHO,451,,
2010,CE,QUITERIANOPOLIS,13102,99,5501,GRUPO ESCOLA FRANCISCO SOARES DE SOUSA,181,,
2010,CE,QUITERIANOPOLIS,13102,99,5503,GRUPO ESCOLAR CEL ADALBERTO CORREIA LIMA,524,,
2010,CE,QUITERIANOPOLIS,13102,99,5504,PREDIO DA ASSOCIACAO COMUNITARIA (CRECHE ALGODAO DOCE),469,,
2010,CE,BARREIRA,13129,52,5500,ESCOLA MUNICIPALCARLITO JACO-EDUC INFANTIL E ENSINO FUNDAMENTAL,1875,,
2010,CE,AQUIRAZ,13196,66,5501,EMEF FRANCISCO DA SILVA SAMPAIO,458,,
2010,CE,AQUIRAZ,13196,66,5502,EMEF JOSE CAMARA DE ALMEIDA,812,,
2010,CE,EUSEBIO,13226,66,5503,ESCOLA DE ENSINO FUNDAMENTAL NEUSA DE FREITAS SA,370,,
2010,CE,EUSEBIO,13226,66,5500,CRECHE EROTIDES MELO LIMA,370,,
2010,CE,EUSEBIO,13226,66,5501,ESCOLA DE 1 E 2 GRAUS ANA BEZERRA DE SA,759,,
2010,CE,EUSEBIO,13226,66,5504,ESCOLA DE ENSINO FUNDAMENTAL RAUL MARIO SALES,1840,,
2010,CE,EUSEBIO,13226,66,5505,ESCOLA MUNICIPAL DE ENSINO FUNDAMENTAL DA LAGOINHA,370,,
2010,CE,EUSEBIO,13226,66,5507,ESCOLA PROFISSIONALIZANTE DR LIBERATO MOACIR DE AGUIAR,1126,,
2010,CE,EUSEBIO,13226,66,5502,ESCOLA DE ENSINO FUNDAMENTAL MIRIAN ABREU,919,,
2010,CE,EUSEBIO,13226,66,5506,ESCOLA MUNICIPAL DE ENSINO FUNDAMENTAL DO AUTODROMO,463,,
2010,CE,EUSEBIO,13226,66,5508,POLO DE ATENDIMENTO DE MANGABEIRA,1203,,
2010,CE,GUAIUBA,13242,57,5500,CENTRO EDUCACAO INFANTIL DEODORO VALENTIM MAIA,724,,
2010,CE,ARATUBA,13277,89,5500,CAMARA MUNICIPAL DE ARATUBA,2357,,
2010,CE,PINDORETAMA,13285,7,5501,ESCOLA DE ENSINO FUNDAMENTAL FRANCISCA DANTAS BENICIO,607,,
2010,CE,OCARA,13307,67,1201,ESCOLA MUNICIPAL ODILON DE SOUZA BRILHANTE - ENSINO FUNDAMENTAL,135,,
2010,CE,OCARA,13307,67,1066,ESCOLA MUNICIPAL VER JOSE PIRES DE FREITAS - ENSINO FUNDAMENTAL,336,,
2010,CE,OCARA,13307,67,1082,ESCOLA MUNICIPAL JOSE DOS SANTOS DE OLIVEIRA,336,,
2010,CE,OCARA,13307,67,1090,ESCOLA MUNICIPAL JOAO PAULO SOBRINHO,336,,
2010,CE,OCARA,13307,67,1104,ESCOLA MUNICIPAL LUIS NICOLAU PEREIRA - ENSINO FUNDAMENTAL,1659,,
2010,CE,OCARA,13307,67,1155,ESCOLA MUNICIPAL JOSE REGO FALCAO - ENSINO FUNDAMENTAL,256,,
2010,CE,OCARA,13307,67,1163,ESCOLA MUNICIPAL JOAO EGIDIO DA COSTA - ENSINO FUNDAMENTAL,135,,
2010,CE,OCARA,13307,67,1171,ESCOLA MUNICIPAL MANOEL TOMAZ DE LIMA - ENSINO FUNDAMENTAL,336,,
2010,CE,OCARA,13307,67,1198,ESCOLA MUNICIPAL MINELVINA MARIA DA CONCEICAO - ENSINO FUNDAMENTAL,218,,
2010,CE,OCARA,13307,67,1210,ESCOLA MUNICIPAL DE OITENTA - ENSINO FUNDAMENTAL,713,,
2010,CE,OCARA,13307,67,1228,ESCOLA MUNICIPAL PEDRO BENTO MARTINS - ENSINO FUNDAMENTAL,218,,
2010,CE,OCARA,13307,67,1236,ESCOLA MUNICIPAL RAIMUNDO LOPES BRAVEZA - ENSINO FUNDAMENTAL,880,,
2010,CE,OCARA,13307,67,1252,ESCOLA MUNICIPAL SEBASTIAO FREIRES BRAGA - ENSINO FUNDAMENTAL,256,,
2010,CE,OCARA,13307,67,1287,ESCOLA MUNICIPAL JOAO PAULO DA SILVA - ENSINO FUNDAMENTAL,336,,
2010,CE,OCARA,13307,67,1317,ESCOLA MUNICIPAL RAIMUNDO BEZERRA DA SILVA - ENSINO FUNDAMENTAL,336,,
2010,CE,OCARA,13307,67,1309,ESCOLA MUNICIPAL FRANCISCO CORREIA RODRIGUES- ENSINO FUNDAMENTAL,256,,
2010,CE,OCARA,13307,67,1341,ESCOLA DE ENSINO FUNDAMENTAL CECILIA FERREIRA DO VALE,871,,
2010,CE,OCARA,13307,67,1350,ESCOLA DE ENSINO FUNDAMENTAL JOSE DOS SANTOS,135,,
2010,CE,OCARA,13307,67,1376,ESCOLA MUNICIPAL RAIMUNDO DOS SANTOS LESSA,1659,,
2010,CE,BARBALHA,13374,31,5500,ESCOLA DE ARTES DA URCA - UNIVERSIDADE REGIONAL DO CARIRI,536,,
2010,CE,BARBALHA,13374,31,5502,INSTITUTO DE LINGUAS DE BARBALHA (BARBALHA LANGUAGE INSTITUTE),207,,
2010,CE,BARBALHA,13374,31,5503,PSF ALTO DA ALEGRIA - POSTO II,1041,,
2010,CE,BARBALHA,13374,31,5501,ESCOLA SAO SEBASTIAO (ANEXO),3066,,
2010,CE,BANABUIU,13382,6,1155,ESCOLA DE PRIMEIRO GRAU ANGELA COSTA,265,,
2010,CE,BANABUIU,13382,6,1180,CENTRO EDUCACIONAL MUNICIPAL CELESTINO DE SOUSA,395,,
2010,CE,BANABUIU,13382,6,1198,ESCOLA DE 1 GRAU ELIAS FERNANDES LIMA,1,,
2010,CE,BANABUIU,13382,6,1210,ESCOLA DE 1 GRAU LEOCADIA MARIA DA CONCEICAO,357,,
2010,CE,BANABUIU,13382,6,1244,ESCOLA DE 1 GRAU JOAO PEREIRA DE CASTRO,746,,
2010,CE,BANABUIU,13382,6,1252,ESCOLA DE PRIMEIRO GRAU JOAO SARAIVA RABELO,265,,
2010,CE,BANABUIU,13382,6,1260,ESCOLA DE 1 GRAU JOSE ANTONIO DE OLIVEIRA,332,,
2010,CE,BANABUIU,13382,6,1279,ESCOLA DE 1 GRAU JOSE LUIS DE LEMOS,264,,
2010,CE,BANABUIU,13382,6,1295,POSTO DE SAUDE DE MOZARLANDIA,155,,
2010,CE,BANABUIU,13382,6,1309,ESCOLA DE 1 GRAU MARIA PORCIANA DE ALMEIDA,357,,
2010,CE,BANABUIU,13382,6,1325,ESCOLA DE 1 GRAU PAULO SARASATE,746,,
2010,CE,BANABUIU,13382,6,1333,ESCOLA DE PRIMEIRO GRAU JOSE LOPES PIMENTA,265,,
2010,CE,BANABUIU,13382,6,1341,ESCOLA DE 1 GRAU PERGENTINO FERREIRA,190,,
2010,CE,BANABUIU,13382,6,1350,ESCOLA DE 1 GRAU RAUL URQUID,746,,
2010,CE,BANABUIU,13382,6,1376,ESCOLA DE PRIMEIRO GRAU TOMAZ POMEU MAGALHAES,1,,
2010,CE,BANABUIU,13382,6,1201,ESCOLA DE 1 GRAU ANA DE FONTE BRAGA,155,,
2010,CE,BANABUIU,13382,6,1406,LICEU DE BANABUIU JACOB NOBRE DE OLIVEIRA BENEVIDES,1134,,
2010,CE,BARROQUINHA,13404,108,5501,ANEXO ESCOLA CORONEL JOSE PINHEIRO PESSOA,1746,,
2010,CE,BARROQUINHA,13404,108,5500,ANEXO DA EEM JAIME LAURINDO DA SILVA,1243,,
2010,CE,BATURITE,13412,5,5630,ESCOLA CEL ESTEVAO ALVES DA ROCHA - ENSINO FUNDAMENTAL,821,,
2010,CE,BATURITE,13412,5,5500,ESCOLA MONS MANOEL CANDIDO - ANEXO,615,,
2010,CE,BATURITE,13412,5,5501,POSTO DE SAUDE DO RIACHAO DO PANTA,984,,
2010,CE,BATURITE,13412,5,5631,ESCOLA MUNICIPAL JOSE FERREIRA LIMA,237,,
2010,CE,ITAITINGA,13480,57,1635,IPPO II,1025,,
2010,CE,CARIRE,13617,65,5500,ASSOCIACAO BENEFICENTE DE MUQUEM,260,,
2010,CE,CASCAVEL,13692,7,5500,EEF PROFESSOR FABIO COUTINHO,2671,,
2010,CE,CATARINA,13714,60,5500,EEF JOAO DIAS MARTINS,323,,
2010,CE,CAUCAIA,13730,120,5511,FUNDACAO SAO JUDAS TADEU - ESCOLA LORENA AMARAL,1403,,
2010,CE,CAUCAIA,13730,120,5501,E.E.F. SEBASTIAO BEZERRA DOS SANTOS,3220,,
2010,CE,CAUCAIA,13730,120,5503,E.E.F.M. NOELIA ALENCAR,1625,,
2010,CE,CAUCAIA,13730,120,5502,E.E.F.M. DOM ALOISIO LORSCHEIDER,3910,,
2010,CE,CAUCAIA,13730,120,5504,E.E.F.M. PRESIDENTE JOSE SARNEY,1376,,
2010,CE,CAUCAIA,13730,120,5507,E.E.I.E.F. JOSEFA ALVES DOS SANTOS,5061,,
2010,CE,CAUCAIA,13730,120,5500,CASA DE PRIVACAO PROVISORIA DE LIBERDADE DE CAUCAIA - CPPL DE CAUCAIA,320,,
2010,CE,CAUCAIA,13730,37,5500,CRECHE COMUNITARIA SAO JOSE,488,,
2010,CE,CAUCAIA,13730,37,5501,E.E.I.E.F. FRANCISCA ZELIA FONTENELE,2462,,
2010,CE,CEDRO,13757,34,5501,CENTRO DE TREINAMENTO E ARTES DE CEDRO - CETAC,479,,
2010,CE,CEDRO,13757,34,5502,POSTO DE SAUDE ANTONIO MARQUES,399,,
2010,CE,CRATEUS,13838,20,5899,ESCOLA DE CIDADANIA DE SANTANA I,336,,
2010,CE,FARIAS BRITO,13870,78,5500,CRECHE MARCELINO PRIMO CORREIA,805,,
2010,CE,FORTALEZA,13897,117,5583,EEF SAO VICENTE,1269,,
2010,CE,FORTALEZA,13897,118,5536,ESCOLA ESTADUAL DE EDUCACAO PROFISSIONAL MARIO ALENCAR,2580,,
2010,CE,FORTALEZA,13897,118,5537,EMEIF - JORNALISTA JOSE BLANCHARD GIRAO,1186,,
2010,CE,GROAIRAS,13994,100,5500,EEF SEVERINO XIMENES MATOS,687,,
2010,CE,ICO,14095,15,5501,ESCOLA DE ENSINO FUND. PEREIRA E BARROS,503,,
2010,CE,IGUATU,14117,13,5500,COMPLEXO  DE PROTECAO SOCIAL AO ADOLESCENTE,2810,,
2010,CE,IPU,14176,21,5500,ESCOLA FRANCISCO PERES MARTINS,673,,
2010,CE,IRAUCUBA,14230,41,5500,POSTO DE SAUDE - BOA VISTA DO CAXITORE,1041,,
2010,CE,ITAICABA,14257,75,5500,ESCOLA MUNICIPAL MARIA VIANA BARBOSA,862,,
2010,CE,ITAPIPOCA,14290,17,5501,EEB MARIA DAS MERCES GOMES,282,,
2010,CE,ITAPIPOCA,14290,17,5500,EEB FRANCISCO MATIAS DO NASCIMENTO,1430,,
2010,CE,JAGUARIBE,14397,10,5500,EEIF JOSE LAERCIO GOMES,401,,
2010,CE,JUAZEIRO DO NORTE,14478,28,5500,SECRETARIA DE EDUCACAO E FINANCAS DE JUAZEIRO DO NORTE/CE,434,,
2010,CE,MARCO,14575,88,5500,C.E.I. - MARIA ZENAIDE OSTERNO RIOS,1120,,
2010,CE,MAURITI,14630,76,5501,CENTRO DE EDUCACAO INFANTIL ANA JULIA GOMES ALCANTARA,2014,,
2010,CE,MAURITI,14630,76,5500,CAPELA CORACAO DE JESUS,440,,
2010,CE,MERUOCA,14656,106,5501,CAMARA MUNICIPAL DE VEREADORES,428,,
2010,CE,MERUOCA,14656,106,5503,PREFEITURA MUNICIPAL DE MERUOCA,887,,
2010,CE,MERUOCA,14656,106,5500,ANEXO ESCOLA DE 1º GRAU SIMAO BARBOSA,359,,
2010,CE,MERUOCA,14656,106,5502,ESCOLA DE ENSINO FUNDAMENTAL FRANCISCO ANDELMO,359,,
2010,CE,MILAGRES,14672,26,5632,SINDICATO DOS TRABALHADORES RURAIS DE MILAGRES,753,,
2010,CE,MIRAIMA,14680,123,1287,EMEF FRANCISCO MOTA,635,111,
2010,CE,MORADA NOVA,14753,47,5502,ESCOLA DE EDUCACAO BASICA FRANCISCO GALVAO DE OLIVEIRA,1430,,
2010,CE,MORADA NOVA,14753,47,5503,ESCOLA DE EDUCACAO BASICA MARIA ANGELICA CHAVES,451,,
2010,CE,MORADA NOVA,14753,47,5504,ESCOLA DE EDUCACAO BASICA MAXIMO GOMES DE FREITAS,451,,
2010,CE,NOVA RUSSAS,14877,48,5500,ESCOLA MUNICIPAL PEDRO ALVARES CABRAL,194,,
2010,CE,PACOTI,14974,77,5500,ESCOLA MUNICIPAL PARQUE SAO JOSE (PQ SAO JOSE),318,,
2010,CE,PACOTI,14974,77,5501,PSF DE SERRA VERDE,198,,
2010,CE,PARACURU,15059,109,5500,E. E. F. ANTONIO SALES,2899,,
2010,CE,PARACURU,15059,109,5518,ESC. MUN. E. I. F. PADRE JOAO DA ROCHA,2899,,
2010,CE,PARACURU,15059,109,5511,ESC. MUN. E. I. F. EZEQUIEL VICENTE DA COSTA,421,,
2010,CE,PARACURU,15059,109,5512,ESC. MUN. E. I. F. FRANCISCO GONCALVES DE MELO,790,,
2010,CE,PARACURU,15059,109,5513,ESC. MUN. E. I. F. FRANCISCO PAES DE OLIVEIRA,790,,
2010,CE,PARACURU,15059,109,5502,E. E. F. M. MARIA LUIZA SABOIA,2899,,
2010,CE,PARACURU,15059,109,5515,ESC. MUN. E. I. F. MANOEL FERREIRA DE GOES,395,,
2010,CE,PARACURU,15059,109,5519,ESC. MUN. E. I. F. RUFINO VIEIRA,886,,
2010,CE,PARACURU,15059,109,5501,E. E. F. M. CIRIACO VICENTE DA COSTA,421,,
2010,CE,PARACURU,15059,109,5514,ESC. MUN. E. I. F. JUVENCIO SOBRINHO,886,,
2010,CE,PARACURU,15059,109,5503,E. E. F. MARIA ALBUQUERQUE LIMA - DINA,2899,,
2010,CE,PARACURU,15059,109,5505,E. E. I. F. JOAQUIM SOARES DE ALMEIDA,395,,
2010,CE,PARACURU,15059,109,5510,ESC. MUN. E. I. F. DOMINGOS FRANCISCO DA SILVA,790,,
2010,CE,PARACURU,15059,109,5507,E. E. I. F. PEDRO JUVENCIO AGUIAR,886,,
2010,CE,PARACURU,15059,109,5509,ESC. MUN. E. F. RAIMUNDO AGAPITO GOMES,395,,
2010,CE,PARACURU,15059,109,5517,ESC. MUN. E. I. F. MARIA BASILIO BARBOSA,395,,
2010,CE,PARACURU,15059,109,5504,E. E. I. F. ANTONIO ALBERTO DE SOUSA,395,,
2010,CE,PARACURU,15059,109,5516,ESC. MUN. E. I. F. MANUEL GERALDO LOPES,395,,
2010,CE,PARACURU,15059,109,5506,E. E. I. F. MARIA IOLANDA BARROSO,421,,
2010,CE,PARAMBU,15075,90,5500,FRANCISCO GILSON DE SOUSA SILVA,221,,
2010,CE,PARAMOTI,15091,33,5500,EMEF SANTA RITA,414,,
2010,CE,PENTECOSTE,15156,50,5500,EEF MARIA IVONEIDE RODRIGUES DE MOURA - MUQUENZINHO,1557,,
2010,CE,PIQUET CARNEIRO,15199,12,5501,EEF ANA CLARA DE MAGALHAES,421,,
2010,CE,PIQUET CARNEIRO,15199,12,5503,EEF SAO SEBASTIAO,1463,,
2010,CE,PIQUET CARNEIRO,15199,12,5504,EEFM MARECHAL CASTELO BRANCO,192,,
2010,CE,PIQUET CARNEIRO,15199,12,5507,POLICLINICA DA ATENCAO BASICA,115,,
2010,CE,PIQUET CARNEIRO,15199,12,5500,CSU - CENTRO SOCIAL URBANO,421,,
2010,CE,PIQUET CARNEIRO,15199,12,5506,IGREJA NOSSA SENHORA AUXILIADORA,340,,
2010,CE,PIQUET CARNEIRO,15199,12,5505,ESCOLINHA REINO INFANTIL,1463,,
2010,CE,PIQUET CARNEIRO,15199,12,5502,EEF BARRA DO SERROTE,166,,
2010,CE,POTENGI,15253,68,5500,ESCOLA DE ENSINO FUNDAMENTAL JOSE EDVALDO DE SOUSA,339,,
2010,CE,SANTA QUITERIA,15458,54,5500,E.M.E.F. FRANCISCA GERACINA LOBO DE MESQUITA,898,,
2010,CE,SAO BENEDITO,15474,22,5500,ANEXO EMEB - DEPUTADO FRANCISCO JULIO FILIZOLA,614,,
2010,CE,SAO GONCALO DO AMARANTE,15490,36,5500,CASA DA CIDADANIA - CACI,828,,
2010,CE,SAO GONCALO DO AMARANTE,15490,36,5501,ESCOLA DE ENSINO FUNDAMENTAL ESTER BARROSO,736,,
2010,CE,SENADOR POMPEU,15555,12,5501,UE  FRANCISCO ABDIAS MOTA DO O,515,,
2010,CE,SENADOR POMPEU,15555,12,5500,POSTO DE SAUDE ANTONIO JOSE DE MELO,115,,
2010,CE,SOBRAL,15598,121,5500,ASSOCIACAO COMUNITARIA CEL HIDELBERTO LINHARES,830,,
2010,CE,SOBRAL,15598,121,5501,ESC MASSILON SABOIA DE ALBUQUERQUE DE ENS. FUNDAMENTAL E ED. INFANTIL,1030,,
2010,CE,SOBRAL,15598,121,5502,ESCOLA DE 1º GRAU DELIZA LOPES,830,,
2010,CE,SOBRAL,15598,24,5501,ESCOLA MARIA JOSE FERREIRA GOMES DE ENSINO FUNDAMENTAL,805,,
2010,CE,SOBRAL,15598,121,5503,ESCOLA FRANCISCO GOMES COELHO,693,,
2010,CE,TAMBORIL,15652,61,5501,COLEGIO GENERAL SAMPAIO,554,,
2010,CE,TAMBORIL,15652,61,5506,EMEIF - ANTONIO ZEFERINO VERAS,508,,
2010,CE,TAMBORIL,15652,61,5509,EMEIF - JUSTINO GOMES,701,,
2010,CE,TAMBORIL,15652,61,5502,EMEI - SAO JOSE,701,,
2010,CE,TAMBORIL,15652,61,5510,EMEIF - RAIMUNDO CAMELO ROSA,202,,
2010,CE,TAMBORIL,15652,61,5503,EMEIF -  INACIO PARENTE,701,,
2010,CE,TAMBORIL,15652,61,5508,EMEIF - D.  MONICA,554,,
2010,CE,TAMBORIL,15652,61,5507,EMEIF - CANDIDA LIMA,124,,
2010,CE,TAMBORIL,15652,61,5511,EMEIF - SAO RAIMUNDO,455,,
2010,CE,TAMBORIL,15652,61,5505,EMEIF - ANTONIO ELIAS CAMELO DE SOUSA,1565,,
2010,CE,TAMBORIL,15652,61,5500,CASA SEDE,145,,
2010,CE,TIANGUA,15695,81,5508,SINDICATO DOS TRABALHADORES E TRABALHADORAS RURAIS DE TIANGUA,586,,
2010,CE,TIANGUA,15695,81,5503,ESCOLA DE ENSINO INFANTIL E FUNDAMENTAL FREI GERVASIO - NEA,1536,,
2010,CE,TIANGUA,15695,81,5504,ESCOLA DE ENSINO INFANTIL E FUNDAMENTAL JOSE MARIA DA SILVA,439,,
2010,CE,TIANGUA,15695,81,5505,ESCOLA DE ENSINO INFANTIL E FUNDAMENTAL PROFª. OFELIA PORTELA MOITA,818,,
2010,CE,TIANGUA,15695,81,5507,ESCOLA DE ENSINO INFANTIL E FUNDAMENTAL SAO SEBASTIAO,818,,
2010,CE,TIANGUA,15695,81,5502,ESCOLA DE ENSINO INFANTIL E FUNDAMENTAL FRANCISCO PAULINO DA FROTA,575,,
2010,CE,TIANGUA,15695,81,5501,ESCOLA DE ENSINO INFANTIL E FUNDAMENTAL ANTONIO GALDINO DE OLIVEIRA,792,,
2010,CE,TIANGUA,15695,81,5506,ESCOLA DE ENSINO INFANTIL E FUNDAMENTAL SANTA BARBARA,575,,
2010,CE,UBAJARA,15733,56,5507,ESCOLA PAULO FURTADO DE MENDONCA,1104,,
2010,CE,UBAJARA,15733,56,5502,ESCOLA ENIO BRAGA,1624,,
2010,CE,UBAJARA,15733,56,5501,ESCOLA  MONS FRANCISCO TARCISIO MELO,1069,,
2010,CE,UBAJARA,15733,56,5506,ESCOLA PADRE MOACIR MELO,589,,
2010,CE,UBAJARA,15733,56,5505,ESCOLA LUCIA SOARES,178,,
2010,CE,UBAJARA,15733,56,5504,ESCOLA HUMBERTO RIBEIRO LIMA,1412,,
2010,CE,FORQUILHA,15911,121,5500,ESCOLA DE ENSINO FUNDAMENTAL MARRINA MAGALHAES MARTINS,901,,
2010,CE,IBICUITINGA,15920,47,5503,ESCOLA DE ENSINO FUNDAMENTAL MANOEL ANTONIO DE FREITAS,79,,
2010,CE,IBICUITINGA,15920,47,5501,ESCOLA DE ENSINO FUNDAMENTAL ANTONIO EDUARDO GIRAO,542,,
2010,CE,IBICUITINGA,15920,47,5502,ESCOLA DE ENSINO FUNDAMENTAL CEL BENEDITO MAIA,1030,,
2010,ES,ALTO RIO NOVO,56065,36,1015,JARDIM DE INFANCIA ARMEZINA DO AMARAL RAMOS,696,,
2010,ES,ALTO RIO NOVO,56065,36,1023,EPG GUSTAVO AMBRUST,696,,
2010,ES,ALTO RIO NOVO,56065,36,1031,EEEFM PASTOR ANTONIO NUNES DE CARVALHO,696,,
2010,ES,ALTO RIO NOVO,56065,36,1040,EMEI MARIA VENANCIO AMORIM,696,,
2010,ES,ALTO RIO NOVO,56065,36,1058,EPMEF VEREADOR RUBENS RAMURO,696,,
2010,ES,ALTO RIO NOVO,56065,36,1082,ESCOLA ESPECIAL CATARINA LUCIA ELLER,696,,
2010,ES,ANCHIETA,56073,17,5500,CEMEI TOM E JERRY,348,,
2010,ES,ANCHIETA,56073,17,5501,PAVILHAO DE ENSINO TECNOLOGICO - SENAI,3146,,
2010,ES,BREJETUBA,56146,8,5633,CEMEF OSWALDO RIBEIRO DA SILVA,694,,
2010,ES,CACHOEIRO DE ITAPEMIRIM,56235,2,5506,CELP - CENTRO DE ENSINO LAURO PINHEIRO,5725,,
2010,ES,CARIACICA,56251,54,5502,EMEF-PRESIDENTE COSTA E SILVA,2359,,
2010,ES,CARIACICA,56251,54,5500,ASSOCIACAO DE MORADORES E PROPRIETARIOS RURAIS DE RODA D'AGUA,1727,,
2010,ES,CARIACICA,56251,54,5501,EEEF JARDIM FELIZ,3822,,
2010,ES,CASTELO,56278,3,5500,FACASTELO - FACULDADE DE CASTELO,734,,
2010,ES,COLATINA,56294,6,5500,EPM 15 DE OUTUBRO,119,,
2010,ES,GOVERNADOR LINDENBERG,56308,6,5500,CEIM SAO JOSE,1896,,
2010,ES,FUNDAO,56430,14,1074,EMEF PRAIA GRANDE,1121,,
2010,ES,GUARAPARI,56472,24,5500,ASSOCIACAO DOS MORADORES E AMIGOS DO BAIRRO PORTAL DE GUARAPARI,3103,,
2010,ES,ITAGUACU,56537,16,5500,QUADRA DE ESPORTES GUARANI ATLETICO CLUBE,1095,,
2010,ES,ITAPEMIRIM,56553,22,5901,EPG DE ITAOCA,786,,
2010,ES,JOAO NEIVA,56626,14,5501,EMEI CLAUDETE TERESINHA COMETTI,1948,,
2010,ES,SANTA TERESA,56910,11,5501,ESCOLA PROFESSOR HANSLER,1698,,
2010,ES,SANTA TERESA,56910,11,5500,EPG SEBASTIAO JOSE PIVETTA,1030,,
2010,ES,SAO MATEUS,56979,21,5637,EEEF NESTOR GOMES,141,,
2010,ES,SAO MATEUS,56979,21,5636,EPM NOVA VISTA,394,,
2010,ES,SAO MATEUS,56979,21,5638,AMPD - ASSOCIACAO MATEENSE DE PESSOAS COM DEFICIENCIA,2606,,
2010,ES,VIANA,57010,47,5500,EMEF DR. ARCILIO TONONI,1816,,
2010,ES,VILA VELHA,57037,55,5502,EPG MARIA EMELINA M BARCELLOS,201,,
2010,ES,VILA VELHA,57037,55,5501,CENTRO SUPERIOR DE CIENCIAS SOCIAIS DE VILA VELHA - UVV,6101,,
2010,ES,VILA VELHA,57037,55,5504,ESCOLA JOFRE FRAGA,3489,,
2010,ES,VILA VELHA,57037,55,5507,UMEF MARIA LUIZA DOS SANTOS VELLOZO,2324,,
2010,ES,VILA VELHA,57037,55,5506,ESCOLA REVERENDO WALDOMIRO,814,,
2010,ES,VILA VELHA,57037,55,5505,ESCOLA MARCILIO DIAS,201,,
2010,ES,VILA VELHA,57037,55,5503,ESCOLA ALGER RIBEIRO BOSSOIS,201,,
2010,ES,MARILANDIA,57070,6,5500,EMUEF LAGOA DO OLEO,661,,
2010,ES,SANTA MARIA DE JETIBA,57932,9,5634,GINASIO DE ESPORTES HERMAN ROCLKE,602,,
2010,ES,SANTA MARIA DE JETIBA,57932,9,5635,IGREJA DE CONFISSAO LUTERANA DE GARRAFAO,1976,,
2010,GO,ALEXANIA,92053,87,5500,COLEGIO IRENIZE LAURINDO DE SOUZA,2502,,
2010,GO,ANAPOLIS,92215,144,5500,COLEGIO MILITAR (SECOES DO O'OWYER),2782,,
2010,GO,ANAPOLIS,92215,141,5501,ESCOLA MUNICIPAL ROSEVIR RIBEIRO PAIVA,915,,
2010,GO,ANAPOLIS,92215,141,5502,ESCOLA REINO INFANTIL,3946,,
2010,GO,MATRINCHA,92320,109,5500,ESCOLA MUNICIPAL HELENA MARIA ANDRADE NEVES,726,,
2010,GO,MONTIVIDIU,92363,140,5500,ESCOLA MUNICIPAL DONA MARIA ROSA DO PRADO (DONA MARICOTA),1820,,
2010,GO,MONTIVIDIU,92363,140,5501,PREFEITURA MUNICIPAL DE MONTIVIDIU,3241,,
2010,GO,VALPARAISO DE GOIAS,93300,33,5500,ESCOLA MUNICIPAL AVELINO JOVE DE ABREU,1463,,
2010,GO,VILA PROPICIO,93505,74,5500,ESCOLA MUNICIPAL GEDOR DE ASSUNCAO - PROVISORIO,996,,
2010,GO,GOIANAPOLIS,93670,89,5500,ESCOLA ESTADUAL BENEDITA BRITA DE ANDRADE(JOAQUIM SOARES-PROVISORIO),1871,,
2010,GO,GOIANIA,93734,127,5545,SESC CIDADANIA-JARDIM AMERICA(SUBSTITUI COLEGIO EST DEP JOSE DE ASSIS,2298,,
2010,GO,GOIANIA,93734,127,5546,PAROQUIA SANTO EXPEDITO - JARDIM AMERICA,1700,,
2010,GO,IPORA,93998,53,5500,ESCOLA ESTADUAL ISRAEL AMORIM,746,,
2010,GO,JANDAIA,94293,84,5500,CRAS - CENTRO DE REFERENCIA E ASSISTENCIA SOCIAL (PRES.KENNEDY),559,,
2010,GO,JATAI,94331,18,5502,ESCOLA MUNICIPAL IRMA SCHEILLA,2258,,
2010,GO,JATAI,94331,18,5500,COLEGIO ESTADUAL EMILIA FERREIRA DE CARVALHO,1370,,
2010,GO,MUTUNOPOLIS,94790,118,5500,ESCOLA  MUNICIPAL IRMA FRANCISCA MARIOSA ANEXO II,2111,,
2010,GO,NAZARIO,94854,64,5500,ANTIGA CRECHE NOSSA SENHORA DA CONCEICAO,293,,
2010,GO,RIO VERDE,95710,140,5500,CENTRO CATEQUETICO PAROQUIA N. SRA. FATIMA (SECOES TRIBUNAL DE CONTAS),589,,
2010,GO,RIO VERDE,95710,140,5501,COLEGIO ESTADUAL JOAO VELOSO DO CARMO (GIGANTAO),2237,,
2010,GO,RIO VERDE,95710,140,5504,ESCOLA MUNICIPAL DE ENSINO FUNDAMENTAL OLINDA ATAYDES,2155,,
2010,GO,RIO VERDE,95710,140,5503,ESCOLA MUNICIPAL DE ENSINO FUNDAMENTAL LYBIA VIDAL SILVA,1297,,
2010,GO,RIO VERDE,95710,140,5502,CRECHE MARANATA - CEMEI CILENIO MODESTO DE MORAIS,2643,,
2010,GO,SANTA TEREZINHA DE GOIAS,95893,85,5500,COLEGIO DINAMICO (SUBSTITUINDO A ESCOLA EST. SANTA TEREZINHA),315,,
2010,GO,SANTA TEREZINHA DE GOIAS,95893,85,5501,ESCOLA MUNICIPAL JOSE XAVIER NAVARRO (SUBSTITUINDO O COL. SAO GERALDO),939,,
2010,GO,PLANALTINA,95958,44,5902,ESCOLA ESTADUAL COMPLEXO 3,1679,,
2010,GO,PLANALTINA,95958,44,5500,ESCOLA MUNICIPAL MARCELO LEMGRUBER ( PROVISORIO ),3076,,
2010,GO,PLANALTINA,95958,44,5501,POSTO DE SAUDE 14 CORREGO RICO,174,,
2010,MA,AFONSO CUNHA,7013,28,1120,CRECHE  WALBER DE OLIVEIRA VIANA,1356,0,
2010,MA,AMARANTE DO MARANHAO,7110,99,5500,ESCOLA MUNICIPAL CRISTO REDENTOR,494,,
2010,MA,BACABAL,7234,66,1023,GRUPO ESCOLAR CARLOS MACIEIRA,110,0,
2010,MA,BACURI,7250,107,5501,UNIDADE INTEGRADA CASTELO BRANCO,1156,,
2010,MA,BACURI,7250,107,5500,UNIDADE ESCOLAR SEVERIANO FERREIRA DINIZ,796,,
2010,MA,BARRA DO CORDA,7315,23,5500,UNIDADE ESCOLAR ZEBINA PINTO ARRUDA,283,,
2010,MA,BURITICUPU,7340,95,5501,COMPLEXO EDUCACIONAL PROFESSORA JOVENILIA SOARES SOUSA,1784,,
2010,MA,BEQUIMAO,7374,37,5500,UNIDADE INTEGRADA CENTRINHO,866,,
2010,MA,BURITI,7412,25,1317,GRUPO ESCOLAR  MIRTHIS MARTINS FERREIRA,226,,
2010,MA,CENTRO NOVO DO MARANHAO,7463,100,5500,CENTRO EDUCACIONAL AGUA BRANCA,267,,
2010,MA,CARUTAPERA,7552,55,5502,GRUPO ESCOLAR NOSSA SRA DO PERPETUO SOCORRO,272,,
2010,MA,CARUTAPERA,7552,55,5501,ESCOLA MUNICIPAL OLIMPIA FERNANDES DE OLIVEIRA,855,,
2010,MA,CARUTAPERA,7552,55,5500,ESCOLA MUNICIPAL ANTONIO JOSE DE OLIVEIRA,855,,
2010,MA,CARUTAPERA,7552,55,5503,UNIDADE ESCOLAR JOAO LISBOA,593,,
2010,MA,CAXIAS,7579,4,5501,UNIDADE I. M. RENATO VILANOVA,244,,
2010,MA,CAXIAS,7579,4,5500,FIEL SESI SENAI,2800,,
2010,MA,COLINAS,7676,29,1368,UNIDADE ESCOLAR ASSENTAMENTO DO PAVIO,250,279,
2010,MA,CURURUPU,7714,14,5500,UNIDADE INTEGRADA SAO JOSE,320,,
2010,MA,JUNCO DO MARANHAO,7781,100,5500,ESCOLA DE SEGUNDO GRAU  1º DE MAIO,1183,,
2010,MA,MARACACUME,7889,100,5500,UNIDADE ESCOLAR JOAO PAULO II,414,,
2010,MA,MARANHAOZINHO,7927,101,5500,UNIDADE ESCOLAR GASTAO VIEIRA,70,,
2010,MA,MATOES DO NORTE,7943,84,1040,ESCOLA MUNICIPAL RAIMUNDO CUNHA,321,,
2010,MA,NOVA COLINAS,7986,105,5639,ESCOLA MUNICIPAL PE. FRANCISCO BONAITI,1321,,
2010,MA,IGARAPE GRANDE,8010,67,5500,PETI-PROGRAMA DE ERRADICACAO DO TRABALHO INFANTIL,347,,
2010,MA,ITAPECURU MIRIM,8079,16,5500,ESCOLA MUNICIPAL DE SOBRADINHO,1531,,
2010,MA,JOAO LISBOA,8095,58,5501,UNIDADE INTEGRADA DE 1 GRAU PRESIDENTE TANCREDO NEVES,1052,,
2010,MA,RAPOSA,8168,93,5506,U. I. MARCONE CALDAS,5,,
2010,MA,RAPOSA,8168,93,5500,C. E. M. PROFESSOR JOSE FRANCA DE SOUSA,38,,
2010,MA,RAPOSA,8168,93,5503,U. E. SOCORRO MAGALHAES,881,,
2010,MA,RAPOSA,8168,93,5508,U. I. SARNEY FILHO,5,,
2010,MA,RAPOSA,8168,93,5505,U. I. JARBAS PASSARINHO,534,,
2010,MA,RAPOSA,8168,93,5504,U. I. CRIANCA ESPERANCA,38,,
2010,MA,RAPOSA,8168,93,5509,U. I. VILA NOVA,38,,
2010,MA,RAPOSA,8168,93,5507,U. I. SANTO ANTONIO,534,,
2010,MA,RAPOSA,8168,93,5502,U. E. JOSE LISBOA,534,,
2010,MA,RAPOSA,8168,93,5510,UNIDADE ESCOLAR NOVA ARACAGY,881,,
2010,MA,RAPOSA,8168,93,5501,JARDIM DE INFANCIA MANOEL MOREIRA,881,,
2010,MA,LIMA CAMPOS,8192,67,5502,UNIDADE ESCOLAR NEUZA LAGO,282,,
2010,MA,LIMA CAMPOS,8192,67,5500,UNIDADE ESCOLAR ANTONIO ALVES,147,,
2010,MA,SANTANA DO MARANHAO,8222,51,1147,E.M.E.F DEPUTADO JULIO MONTELES,593,297,
2010,MA,SANTANA DO MARANHAO,8222,51,1139,ESCOLA MUNICIPAL COELHO NETO,1246,310,
2010,MA,LUIS DOMINGUES,8230,55,5500,UNIDADE ESCOLAR AUREMAR TEIXEIRA,127,,
2010,MA,MATOES,8311,81,5500,UNIDADE ESCOLAR DEPUTADO JOSE ELOUF,370,,
2010,MA,SATUBINHA,8460,87,1120,CENTRO ADMINISTRATIVO,1276,683,
2010,MA,OLHO D'AGUA DAS CUNHAS,8478,87,1376,ESCOLA MUNICIPAL JOSE RIBAMAR AZEVEDO,344,335,
2010,MA,PACO DO LUMIAR,8494,93,5510,U. I.  ALFREDO SILVA,2653,,
2010,MA,PACO DO LUMIAR,8494,93,5507,U. E.  MARIA FERREIRA,2653,,
2010,MA,PACO DO LUMIAR,8494,93,5500,C. E.  PIRES COLLINS,175,,
2010,MA,PACO DO LUMIAR,8494,93,5511,U. I. MARLY SARNEY,1411,,
2010,MA,PACO DO LUMIAR,8494,93,5517,UNIDADE INTEGRADA 'MONTEIRO LOBATO',2693,,
2010,MA,PACO DO LUMIAR,8494,93,5515,UNIDADE INTEGRADA 'BANDEIRA TRIBUZI',2653,,
2010,MA,PACO DO LUMIAR,8494,93,5516,UNIDADE INTEGRADA 'HENRIQUE DE LA ROQUE',1044,,
2010,MA,PACO DO LUMIAR,8494,93,5509,U. E. B. VEREADOR JOSE CARLOS,1411,,
2010,MA,PACO DO LUMIAR,8494,93,5512,U.E. ISABEL FERREIRA,871,,
2010,MA,PACO DO LUMIAR,8494,93,5514,U.E.B. TIA BIA,20,,
2010,MA,PACO DO LUMIAR,8494,93,5503,COLEGIO EVANGELICO ANNA BABY,2087,,
2010,MA,PACO DO LUMIAR,8494,93,5508,U. E.  NICOLAU DINO,162,,
2010,MA,PACO DO LUMIAR,8494,93,5504,COLEGIO PARANA (TIA BIA II),1044,,
2010,MA,PACO DO LUMIAR,8494,93,5506,JARDIM DE INFANCIA MARIO SILVA,406,,
2010,MA,PACO DO LUMIAR,8494,93,5505,ESCOLA COMUNITARIA CIDINHO MARQUES,440,,
2010,MA,PACO DO LUMIAR,8494,93,5501,C. E. I.  PADRE PAULO SAMPAIO,1044,,
2010,MA,PACO DO LUMIAR,8494,93,5518,UNIDADE INTEGRADA PROFESSORA NADIR NASCIMENTO MORAES,336,,
2010,MA,SERRANO DO MARANHAO,8524,107,5502,CENTRO ENSINO FUNDAMENTAL DO CARVALHO,307,,
2010,MA,SERRANO DO MARANHAO,8524,107,5500,CENTRO DE ENSINO FUNDAMENTAL TANCREDO NEVES,497,,
2010,MA,PARAIBANO,8532,59,5500,UNIDADE ESCOLAR ANA TEREZA COELHO FERNANDES,1181,,
2010,MA,PARNARAMA,8559,36,5502,UNIDADE INTEGRADA OSMAR FERREIRA BRANDAO,2411,,
2010,MA,PIO XII,8710,87,1350,CENTRO DE ENSINO RAFAEL BRAGA DE OLIVEIRA,984,1353,
2010,MA,SAO JOSE DE RIBAMAR,8893,47,5500,ASSOCIACAO BENEFICENTE ALCIONE FERREIRA - ABAF,2216,,
2010,MA,SAO JOSE DE RIBAMAR,8893,47,5504,ESCOLA MUNICIPAL REI DAVI,658,,
2010,MA,SANTA RITA,9016,18,5500,ESCOLA MUNICIPAL MARIA NOVAIS VIANA,817,,
2010,MA,SITIO NOVO,9296,99,5500,ESCOLA MUNICIPAL ANTONIO BANDEIRA GOMES,147,,
2010,MA,SITIO NOVO,9296,99,5501,ESCOLA MUNICIPAL MARIA APINAGE DE CARVALHO,2973,,
2010,MA,TASSO FRAGOSO,9334,11,1031,ESCOLA MUNICIPAL DO ENTRONCAMENTO,104,734,
2010,MA,TURIACU,9415,39,5500,ESCOLA PROF ROBSON CAMPOS MARTINS,179,,
2010,MG,ALMENARA,40339,9,5500,PRESIDIO DE ALMENARA,1965,,
2010,MG,ARAGUARI,40690,16,5501,ESCOLA DE COMERCIO MACHADO DE ASSIS - POSITIVO,6808,,
2010,MG,ARAGUARI,40690,16,5504,PRESIDIO DE ARAGUARI,675,,
2010,MG,SAO JOAO DO MANTENINHA,40746,169,1074,ESCOLA ESTADUAL PROFESSOR JOSE JORIO,2573,1282,
2010,MG,SAO JOAO DO MANTENINHA,40746,169,5500,ESCOLA MUNICIPAL OLIMPIO GERALDO DE ABREU,2573,,
2010,MG,AREADO,40851,19,5500,CENTRO INTEGRADO DE ENSINO PROFISSIONALIZANTE DE AREADO,2104,,
2010,MG,AREADO,40851,19,5501,CRECHE MUNICIPAL NOVA AREADO,2924,,
2010,MG,BAMBUI,41017,21,5500,FUNDACAO JOAO XXIII (ROCINHA),1426,,
2010,MG,BARBACENA,41114,23,5903,INSTITUTO NACIONAL DO SEGURO SOCIAL - INSS,283,,
2010,MG,BARBACENA,41114,23,5640,COLEGIO SANTO AGOSTINHO - (UNIPAC),1266,,
2010,MG,BARBACENA,41114,23,5501,IFET - INSTITUTO FEDERAL - CAMPUS BARBACENA,1094,,
2010,MG,BARBACENA,41114,23,5503,JARDIM DE INFANCIA BEM-ME-QUER,1187,,
2010,MG,BARBACENA,41114,23,5500,ESCOLA ESTADUAL DEPUTADO LAFAYETE DE ANDRADA,312,,
2010,MG,BARRA LONGA,41130,225,5500,ESCOLA PUBLICA PAIOL DO CUNHA,125,,
2010,MG,NOVA BELEM,41149,169,1058,ESCOLA MUNICIPAL MARIA JOANA DA SILVA,2457,770,
2010,MG,BARROSO,41173,344,5500,CADEIA PUBLICA,1134,,
2010,MG,BELO HORIZONTE,41238,35,5541,ESCOLA ESTADUAL YOLANDA MARTINS SILVA,5036,,
2010,MG,PINTOPOLIS,41386,252,5500,ESCOLA MUNICIPAL BENJAMIM GUEDES,457,,
2010,MG,PINTOPOLIS,41386,252,5501,ESCOLA MUNICIPAL CRISPIM FERREIRA DE SOUZA,1478,,
2010,MG,BOM DESPACHO,41475,45,5501,ESCOLA ESTADUAL TANCREDO NEVES,3374,,
2010,MG,BOM DESPACHO,41475,45,5502,ESCOLA MUNICIPAL CORONEL ROBERTINHO - PASSAGEM,2806,,
2010,MG,BOM JARDIM DE MINAS,41491,14,5500,ESCOLA MUNICIPAL DO TABOAO,1557,,
2010,MG,SAO FELIX DE MINAS,41564,169,1023,ESCOLA MUNICIPAL PROFESSOR ANTONIO PASCOAL,2981,1492,
2010,MG,BOM REPOUSO,41572,59,5641,ESCOLA MUNICIPAL ATILIO II,3077,,
2010,MG,BOM REPOUSO,41572,59,5501,ESCOLA MUNICIPAL PRESIDENTE TANCREDO NEVES,242,,
2010,MG,BOM REPOUSO,41572,59,5500,ESCOLA MUNICIPAL BENTO GABRIEL DA SILVA,3077,,
2010,MG,BOM SUCESSO,41599,46,5642,IGREJA CATOLICA SAO FRANCISCO XAVIER,726,,
2010,MG,BONFIM,41610,47,5643,ESCOLA MUNICIPAL SEBASTIAO TRIGUEIRO,282,,
2010,MG,BRAZOPOLIS,41777,51,5500,MINI POSTO ESTADUAL,400,,
2010,MG,CAMACHO,42072,139,5501,ESCOLA MUNICIPAL JOSE CUSTODIO DA MATA,326,,
2010,MG,CAMPANARIO,42153,136,5644,ESCOLA MUNICIPAL ANA BARBOSA,50,,
2010,MG,JOSE GONCALVES DE MINAS,42307,336,1058,ESCOLA MUNICIPAL SAO GERALDO,432,0,
2010,MG,CANAPOLIS,42358,66,5500,CADEIA PUBLICA DE CANAPOLIS,2584,,
2010,MG,CANDEIAS,42390,296,5501,E. M. RURAL MARCO ANTONIO LAMOUNIER,153,,
2010,MG,CANDEIAS,42390,296,5500,E. M. RURAL DO CHAPADAO,153,,
2010,MG,CAPARAO,42412,303,5844,AUDITORIO PAULO LIMA,1347,,
2010,MG,CAPELINHA,42455,67,5904,ESCOLA ESTADUAL JUSCELINO BARBOSA,2546,,
2010,MG,CAPIM BRANCO,42498,174,5500,ESCOLA MUNICIPAL MARTINIANO FERNANDES LOBO,367,,
2010,MG,VEREDINHA,42544,336,5500,IGREJA MATRIZ MONTE ALEGRE,2681,,
2010,MG,CARATINGA,42676,71,5501,PRESIDIO DE CARATINGA,2458,,
2010,MG,CARMO DA CACHOEIRA,42773,281,5645,CLUBE TABAJARA,1694,,
2010,MG,CARMO DO PARANAIBA,42854,76,5501,GRUPO ESCOLAR HENRIQUETA CASSIMIRA DE MENEZES,2935,,
2010,MG,CARMO DO PARANAIBA,42854,76,5500,COLEGIO NORMAL ALTO PARANAIBA,2935,,
2010,MG,CENTRAL DE MINAS,43133,169,5500,ESCOLA ESTADUAL PRESIDENTE TANCREDO NEVES,2086,,
2010,MG,COMENDADOR GOMES,43370,116,5500,ESCOLA MUNICIPAL LINDOLFO DE ALMEIDA FERREIRA (SECAO ESPECIAL),2419,,
2010,MG,CONCEICAO DO RIO VERDE,43532,84,5500,E. M. CONEGO CANDIDO SILVA,394,,
2010,MG,CONTAGEM,43710,90,5500,COMPLEXO PENITENCIARIO NELSON HUNGRIA,7062,,
2010,MG,COROACI,43834,212,5500,ESCOLA MUNICIPAL BERNARDINO NUNES DA ROCHA,257,,
2010,MG,CORONEL FABRICIANO,43877,97,5905,AGENCIA DO I.N.S.S.,341,,
2010,MG,CORREGO DO BOM JESUS,43974,59,5646,SALAO PAROQUIAL,324,,
2010,MG,CORREGO DO BOM JESUS,43974,59,5500,SALAO PAROQUIAL,1024,,
2010,MG,DIAMANTINA,44318,101,5503,E. M. DR. JUSCELINO KUBITSCHEK,2527,,
2010,MG,DIAMANTINA,44318,101,5504,E. M. PROF.ª EMILIA NEVES,380,,
2010,MG,DIAMANTINA,44318,101,5501,CENTRO DE EDUCACAO INFANTIL (ANTIGO SESI),2049,,
2010,MG,DIVINOPOLIS,44458,103,5500,SALAS DA CATEQUESE DA PAROQUIA SAGRADA FAMILIA,99,,
2010,MG,DIVINOPOLIS,44458,102,5502,CENTRO MUNICIPAL DE EDUCACAO INFANTIL DIONISIO JOAQUIM RODRIGUES,2890,,
2010,MG,DIVINOPOLIS,44458,102,5501,CENTRO MUNICIPAL DE EDUCACAO INFANTIL CANDIDES,2890,,
2010,MG,DORES DE CAMPOS,44598,228,1058,DORENSE CLUBE,337,,
2010,MG,DORES DO TURVO,44652,261,5647,ESCOLA ESTADUAL TEREZINHA PEREIRA,1098,,
2010,MG,ENTRE RIOS DE MINAS,44776,106,5501,POSTO DE SAUDE DR. MOZART TEIXEIRA,3186,,
2010,MG,ESMERALDAS,44814,108,5501,ESC. MUN. JOAO JOSE DOS PASSOS,3028,,
2010,MG,ESMERALDAS,44814,108,5500,ANEXO DA PREFEITURA - ANTIGO PROMOVE,1037,,
2010,MG,FRANCISCO SA,45330,115,5500,IGREJA DOS SANTOS REIS,747,,
2010,MG,GUARANI,45675,124,5648,CAMARA DOS VEREADORES,582,,
2010,MG,GUARANI,45675,124,5649,TEATRO DE CAMARA DE GUARANI,1102,,
2010,MG,HELIODORA,45837,191,5500,SALAO DE FESTAS DA PRACA DE ESPORTES JOSE DAMASCENO FERREIRA,107,,
2010,MG,IBITURUNA,45993,46,5500,CLUBE SOCIAL SERRA NEGRA,1363,,
2010,MG,ITABIRA,46337,132,5500,ESCOLA ESTADUAL PROFESSOR MANOEL SOARES,79,,
2010,MG,ITABIRINHA,46353,169,5500,ESCOLA MUNICIPAL ILDA AMORIM,736,,
2010,MG,ITABIRITO,46370,133,5500,DELEGACIA DE POLICIA DE ITABIRITO,747,,
2010,MG,ITACARAMBI,46418,148,5500,CADEIA PUBLICA DE ITACARAMBI,2395,,
2010,MG,ITAPECERICA,46698,139,5501,ESCOLA SAGRADO CORACAO DE JESUS,952,,
2010,MG,ITAUNA,46752,140,5500,CADEIA DE ITAUNA,1365,,
2010,MG,JABOTICATUBAS,46914,143,5503,ESCOLA MUNICIPAL DE FELIPE (FELIPE),26,,
2010,MG,JABOTICATUBAS,46914,143,5501,ESCOLA ESTADUAL PADRE CANDINHO (FAZENDA CIPO),366,,
2010,MG,JABOTICATUBAS,46914,143,5505,ESCOLA MUNICIPAL JOSE LUIZ MARQUES (BARREIRO),456,,
2010,MG,JABOTICATUBAS,46914,143,5500,ESCOLA ESTADUAL CONEGO ACACIO (CIRO CORREIA),192,,
2010,MG,JABOTICATUBAS,46914,143,5502,ESCOLA MUNICIPAL  MACARIO SOUSA MAIA (CURRALINHO),192,,
2010,MG,JABOTICATUBAS,46914,143,5506,ESCOLA MUNICIPAL PACIFICO INACIO (ESPADA),456,,
2010,MG,JABOTICATUBAS,46914,143,5504,ESCOLA MUNICIPAL FLORIANO MARQUES (CAPAO CLEMENTE),340,,
2010,MG,JANUARIA,47031,148,5906,ESCOLA MUNICIPAL DE AREIAO,195,,
2010,MG,JANUARIA,47031,148,2453,SALAO COMUNITARIO DE CANTINHO,299,244,
2010,MG,JOANESIA,47210,176,5501,ESCOLA ESTADUAL PROFESSORA EUNICE DOS SANTOS COSTA,2575,,
2010,MG,JOAO MONLEVADE,47236,150,5502,RECEITA FEDERAL DO BRASIL (BRADESCO),719,,
2010,MG,JOAO MONLEVADE,47236,150,5501,ESCOLA ESTADUAL ANTONIO LOUREIRO SOBRINHO,1051,,
2010,MG,JOAO PINHEIRO,47252,151,5500,PRESIDIO DE JOAO PINHEIRO,2724,,
2010,MG,JOAQUIM FELICIO,47279,54,5500,POSTO DE SAUDE LEOPOLDO CAMPOLINA DINIZ,191,,
2010,MG,JUIZ DE FORA,47333,152,5504,LAR DO CAMINHO - ATUAL ESCOLA MUNICIPAL NILO CAMILO AYUPE,7452,,
2010,MG,MANTENA,47910,169,5503,IGREJA BATISTA MEMORIAL,1497,,
2010,MG,MANTENA,47910,169,5501,ESCOLA MUNICIPAL JAMIRO BATISTA,54,,
2010,MG,MANTENA,47910,169,5500,ESCOLA MUNICIPAL DO DISTRITO DO LIMEIRA,999,,
2010,MG,MANTENA,47910,169,5502,ESCOLA MUNICIPAL JOAO XXIII,999,,
2010,MG,MAR DE ESPANHA,47953,170,5650,SIAT,301,,
2010,MG,MATIAS BARBOSA,48151,173,5501,ESCOLA ESTADUAL PE. BENJAMIM DE CASTRO LOPES,1446,,
2010,MG,MATIAS BARBOSA,48151,173,5500,CADEIA PUBLICA DA COMARCA DE MATIAS BARBOSA,1296,,
2010,MG,MATOZINHOS,48216,174,5501,ESCOLA MUNICIPAL PROFESSOR EURICO VIANA,1391,,
2010,MG,MIRAI,48437,178,5500,ESCOLA MUNICIPAL DR. ABRAHAO OSTA,2487,,
2010,MG,MONTALVANIA,48534,342,1120,ESCOLA ESTADUAL DE S. SEBASTIAO DE POCOES,267,,
2010,MG,MONTE ALEGRE DE MINAS,48550,179,5651,COLEGIO ESTADUAL DE MONTE ALEGRE DE MINAS,614,,
2010,MG,MONTE CARMELO,48615,181,5500,CADEIA PUBLICA MUNICIPAL DA COMARCA DE MONTE CARMELO-MG,4713,,
2010,MG,MONTES CLAROS,48658,184,5501,ESCOLA MONTESSORI PEDACINHO DO CEU - EM FRENTE OPCAO,4792,,
2010,MG,MUNHOZ,48755,53,5500,SALAO PAROQUIAL - IGREJA MATRIZ DE MUNHOZ - PAROQUIA SANTA CRUZ,3582,,
2010,MG,MURIAE,48771,187,5500,ESCOLA ESTADUAL PROF JULIETA MACEDO,1944,,
2010,MG,NOVA LIMA,48950,194,1619,FUNDACAO DOM CABRAL,409,242,
2010,MG,NOVA PONTE,48992,340,5500,ESCOLA MUNICIPAL NEUZA LOPES PINTO,3098,,
2010,MG,NOVA SERRANA,49034,298,5909,ESCOLA R. DE GAMAS,6520,,
2010,MG,NOVA SERRANA,49034,298,5908,ESCOLA R. DE NOVAIS,6520,,
2010,MG,NOVA SERRANA,49034,298,5910,ESCOLA R. DE RIPAS,422,,
2010,MG,NOVA SERRANA,49034,298,5907,ESCOLA R. DE BARRETOS,293,,
2010,MG,NOVA SERRANA,49034,298,5504,ESCOLA MUNICIPAL DIRETORA MARIA DO CARMO,3956,,
2010,MG,NOVA SERRANA,49034,298,5503,ESCOLA MUNICIPAL CANTINHO FELIZ,6520,,
2010,MG,NOVA SERRANA,49034,298,5506,ESCOLA MUNICIPAL PROFESSORA ELIANA FRANCISCA,363,,
2010,MG,NOVA SERRANA,49034,298,5505,ESCOLA MUNICIPAL MARIA ALVES DE BRITO,5524,,
2010,MG,NOVA SERRANA,49034,298,5500,ESCOLA ESTADUAL DE ENSINO FUNDAMENTAL E MEDIO,2367,,
2010,MG,OLIVEIRA,49115,197,5500,COLEGIO DE OLIVEIRA,323,,
2010,MG,OURO PRETO,49212,200,5500,POSTO DE SAUDE DE CHAPADA,714,,
2010,MG,PARA DE MINAS,49417,202,5500,COMPLEXO PENITENCIARIO DR. PIO CANEDO,410,,
2010,MG,PIRAPORA,50237,218,5500,ESCOLA ESTADUAL DEPUTADO QUINTINO VARGAS,1950,,
2010,MG,PIRAPORA,50237,218,5502,ESCOLA MUNICIPAL MARIA JOSEFINA,1950,,
2010,MG,PIRAPORA,50237,218,5501,ESCOLA MUNICIPAL DONA CANDIDA MENDES  ALVARES,2059,,
2010,MG,PIRAPORA,50237,218,5503,ESCOLA MUNICIPAL PROFª MARIA COELI R. ANDRADE E SILVA,2715,,
2010,MG,POCOS DE CALDAS,50350,350,5502,ESCOLA PARQUE DAS NACOES,1431,,
2010,MG,POMPEU,50393,223,5500,CADEIA PUBLICA DO MUNICIPIO DE POMPEU,732,,
2010,MG,PONTE NOVA,50415,224,5500,ASSOCIACAO COMUNITARIA DO CHOPOTO - APROCAP,1009,,
2010,MG,PONTE NOVA,50415,224,5501,COMPLEXO PENITENCIARIO DE PONTE NOVA - SEDE,1702,,
2010,MG,POUSO ALEGRE,50490,227,5501,CRECHE MUNICIPAL - YARA,2068,,
2010,MG,POUSO ALEGRE,50490,227,5500,CIEM ANITA FARIA AMARAL - CIEM SANTA LUZIA,5257,,
2010,MG,PRATA,50555,229,1147,ESCOLA  MUNICIPAL ALICE BITTENCOURT DE LIMA,2317,,
2010,MG,QUARTEL GERAL,50733,104,1066,ESCOLA MUNICIPAL DO CAMPO ALEGRE,2,0,
2010,MG,RIBEIRAO DAS NEVES,50911,286,5501,ESCOLA ESTADUAL JAIR AMANCIO,5903,,
2010,MG,RIBEIRAO DAS NEVES,50911,286,5500,ESCOLA ESTADUAL HUGO AUGUSTO GUIMARAES,3373,,
2010,MG,RIO PARANAIBA,51098,236,5500,CRECHE MUNICIPAL DE ABAETE DOS MENDES,677,,
2010,MG,RIO PARDO DE MINAS,51110,237,5652,ESCOLA MUNICIPAL DA FAZENDA TINGUI,286,,
2010,MG,SALINAS,51390,244,5500,ASSOCIACAO COMUNITARIA DE RIO DAS ANTAS,86,,
2010,MG,SANTA CRUZ DO ESCALVADO,51470,225,5500,ESCOLA PUBLICA DO SOBERBO,598,,
2010,MG,SANTA FE DE MINAS,51519,285,5500,ESCOLA MUNICIPAL DO PROJETO ASSENTAMENTO TAMBORIL,94,,
2010,MG,SANTO ANTONIO DO AMPARO,51977,46,5500,ESCOLA MUNICIPAL INACIO DE LIMA E MELO,2144,,
2010,MG,SANTOS DUMONT,52132,250,1589,ESCOLA MUNICIPAL DA CACHOEIRINHA,144,257,
2010,MG,SAO FRANCISCO,52213,252,5509,ESCOLA MUNICIPAL JOAO MENDES DE SOUZA,60,,
2010,MG,SAO GONCALO DO SAPUCAI,52396,253,5500,CAIC (ANTIGA ESCOLA ESTADUAL MINISTRO LUCIO DE MENDONCA),1182,,
2010,MG,SAO JOAO DEL REI,52493,328,5502,ESCOLA MUNICIPAL JOSE VIRGILIO LEITE,95,,
2010,MG,SAO JOAO DEL REI,52493,328,5501,ESCOLA  MUNICIPAL DA TRINDADE,454,,
2010,MG,SAO JOAO DEL REI,52493,328,5504,LOCAL PARA PORTADORES DE NECESSIDADES ESPECIAIS,689,,
2010,MG,SAO JOAO DEL REI,52493,256,5501,SECAO ESPECIAL - SALAO DA QUADRA DE ESPORTES (CATEQUESE BOM JESUS),559,,
2010,MG,SAO JOAO DO PARAISO,52531,237,5911,E.M. FAZENDA ROCADO,132,,
2010,MG,SAO JOAO DO PARAISO,52531,237,1350,E. M. FAZENDA PALMEIRAS,989,,
2010,MG,SAO JOAO DO PARAISO,52531,237,1422,E. M. FAZENDA VEREDA DO FOGO,308,,
2010,MG,SAO JOSE DO JACURI,52698,212,5500,ESCOLA MUNICIPAL DE TABULEIRO,167,,
2010,MG,SAO SEBASTIAO DO RIO PRETO,52957,83,5500,ESCOLA MUNICIPAL LUIZ GONZAGA DE ALMEIDA,761,,
2010,MG,SAO TIAGO,52990,256,5500,SECAO ESPECIAL - APAE,1781,,
2010,MG,SETE LAGOAS,53430,322,5500,ESCOLA ESTADUAL PROFESSOR JOAO FERNANDINO JUNIOR-PROVISORIO,972,,
2010,MG,SILVIANOPOLIS,53473,265,5500,ESCOLA MUNICIPAL SILVIANO BRANDAO (ANTIGO CIEMSA),1330,,
2010,MG,TIMOTEO,53732,98,1252,UNILESTE,4353,,
2010,MG,TIRADENTES,53759,256,5500,SECAO ESPECIAL - ESCOLA ESTADUAL BASILIO DA GAMA,2166,,
2010,MG,TIROS,53775,337,1147,ESCOLA MUNICIPAL FELIPE JOSE CHAMOM,81,,
2010,MG,TOCANTINS,53791,275,1287,CENTRO ODONTOLOGICO,2509,314,
2010,MG,UBA,53970,275,1767,LACTARIO CASA DO GURI - CRECHE ABC,1387,500,
2010,MG,UBA,53970,275,5504,PSF - PALMEIRAS,399,,
2010,MG,UBERABA,54011,347,5501,PSF - JARDIM MARACANA,319,,
2010,MG,UBERABA,54011,277,5500,CARESAMI - CENTRO ATEND.REEDUCACAO SOCIAL ADOLESCENTE E MENOR INFRATOR,2671,,
2010,MG,UBERLANDIA,54038,279,5500,EMEI PROFESSORA STELA MARIA DE PAIVA CARRIJO,3861,,
2010,MG,UBERLANDIA,54038,279,5501,ESCOLA MUNICIPAL MILTON DE MAGALHAES PORTO,7843,,
2010,MG,UNAI,54070,280,5502,PRESIDIO DE UNAI - PRU,4714,,
2010,MG,VAZANTE,54194,295,5500,FUNDACAO CONSCIENCIARTE,2928,,
2010,MG,VESPASIANO,54259,311,5500,SALAO PAROQUIAL DO BAIRRO JANE,315,,
2010,MG,VIRGINIA,54356,137,5912,ESCOLA DO BAIRRO PORTO,1452,,
2010,MS,ANASTACIO,90131,49,5500,EPM LADISLAU GOMES DE BRITO,224,,
2010,MS,AQUIDAUANA,90212,10,5653,ESCOLA POLO PANTANEIRA - FAZENDA SANTANA,49,,
2010,MS,CAMPO GRANDE,90514,36,5540,CENTRO EDUCACIONAL PADRAO - COC,3429,,
2010,MS,FATIMA DO SUL,90751,4,5501,COLEGIO DELTA (EX FIFASUL),3354,,
2010,MS,GUIA LOPES DA LAGUNA,90816,22,5500,EM GERALDO GARCIA,109,,
2010,MS,MIRANDA,91111,15,5504,ESCOLA MUNICIPAL RURAL ELIZABETHE DE PAULA PEREIRA ALMEIDA,203,,
2010,MS,PONTA PORA,91316,19,5500,EE MARIA LIGIA BORGES GARCIA,5342,,
2010,MS,SIDROLANDIA,91570,31,5655,EM VACARIA,2324,,
2010,MS,SIDROLANDIA,91570,31,5654,SEDE ESTANCIA BELEM,646,,
2010,MS,TRES LAGOAS,91650,51,5500,ESCOLA MUNICIPAL DE PRIMEIRO GRAU SAO JOAO,3659,,
2010,MS,PARANHOS,91847,46,5500,EM MARCOS FREIRE,300,,
2010,MS,VICENTINA,91901,4,5500,CENTRO DO IDOSO - CONVIVER 3 IDADE,1619,,
2010,MS,VICENTINA,91901,4,5501,E.E.P.G. EMANUEL PINHEIRO (DISTRITO VILA RICA),1619,,
2010,MS,VICENTINA,91901,4,5502,E.E.P.G. SAO JOSE (DISTRITO SAO JOSE),1619,,
2010,MS,SAO GABRIEL DO OESTE,98094,40,5500,UNIVERSIDADE CATOLICA DOM BOSCO - CAMPUS SAO GABRIEL DO OESTE,2463,,
2010,MT,COLNIZA,89788,11,5500,PETI- PROGRAMA DE ERRADICACAO DO TRABALHO INFANTIL,342,,
2010,MT,SINOP,89850,22,5502,UFMT UNIVERSIDADE FEDERAL DE MATO GROSSO,5819,,
2010,MT,SINOP,89850,22,5500,ESCOLA MUNICIPAL DE EDUCACAO BASICA BASILIANO DO CARMO DE JESUS,1343,,
2010,MT,ALTA FLORESTA,89877,24,5503,ESCOLA MUNICIPAL RODRIGUES ALVES,1468,,
2010,MT,ALTO GARCAS,90077,8,5500,ESCOLA XV DE NOVEMBRO- FACULDADE,1786,,
2010,MT,SAO JOSE DO XINGU,90247,16,5500,E.M. MARLENE DE MORAIS,2605,,
2010,MT,APIACAS,90263,50,5500,ESCOLA MUNICIPAL GUILHERME DE ALMEIDA,1667,,
2010,MT,BARAO DE MELGACO,90310,38,5500,ESCOLA MUNICIPAL PROFESSORA LOURDES SOUZA AMORIM,903,,
2010,MT,BARRA DO BUGRES,90336,13,1562,UNEMAT,296,286,
2010,MT,BARRA DO BUGRES,90336,13,5500,CENTRO DE RESSOCIALIZACAO DE BARRA DO BUGRES,781,,
2010,MT,COTRIGUACU,90425,48,5500,ASSOCIACAO COMUNIDADE VALE VERDE,415,,
2010,MT,COTRIGUACU,90425,48,1260,IGREJA DA COMUNIDADE IMACULADA CONCEICAO,62,57,
2010,MT,JANGADA,90565,3,5501,E.E. DAMIAO MAMEDES DO NASCIMENTO,468,,
2010,MT,JANGADA,90565,3,5500,E.E. BENEDITA AUGUSTA LEMES,204,,
2010,MT,JANGADA,90565,3,5502,E.M. ELOISA E. DA SILVA,468,,
2010,MT,JURUENA,90581,48,5500,ESCOLA MUNICIPAL DO CAMPO SOMAPAR,744,,
2010,MT,MATUPA,90620,33,1104,ESCOLA ESTADUAL SENADOR JONAS PINHEIRO,1844,1119,
2010,MT,NOVA MUTUM,90646,7,1180,ESCOLA ESTADUAL PADRE JOHANNES BERTOLD HENNING,174,1066,
2010,MT,RIBEIRAO CASCALHEIRA,90662,53,5500,E.M. DO CAMPO DE E.F. - JOAO BONIFACIO PIRES,3679,,
2010,MT,CUIABA,90670,1,2593,COLEGIO MAXI,2665,4767,
2010,MT,PONTAL DO ARAGUAIA,90700,47,1074,CENTRO DE REABILITACAO DOM AQUINO,1442,445,
2010,MT,POCONE,91294,4,1511,SECRETARIA MUNICIPAL DE SAUDE,1192,490,
2010,MT,POCONE,91294,4,1503,PSF DO JOAO GODOFREDO,1280,708,
2010,MT,POXOREU,91391,5,1210,ESCOLA MUNICIPAL ALMINHAS,547,,
2010,MT,RONDONOPOLIS,91510,10,5501,UNIC RONDONOPOLIS FLORIANO PEIXOTO,3645,,
2010,MT,SANTO ANTONIO DO LEVERGER,91553,38,5500,ASSOCIACAO DE PEQUENOS E MEDIOS PRODUTORES DA BAIA SAO JOAO,154,,
2010,MT,PEDRA PRETA,91812,32,5500,ESCOLA ESTADUAL IVONE TRAMARIN DE OLIVEIRA,2866,,
2010,MT,PEDRA PRETA,91812,32,5501,ESCOLA ESTADUAL SAO PEDRO APOSTOLO,2866,,
2010,MT,PEDRA PRETA,91812,32,5502,ESCOLA MUNICIPAL ARI GRIESANG,45,,
2010,MT,PEDRA PRETA,91812,32,5503,ESCOLA MUNICIPAL DE I GRAU RUI BARBOSA,45,,
2010,MT,SANTA TEREZINHA,91979,16,5501,E.P.G. MARTINIANO C. PEREIRA,464,,
2010,MT,SANTA TEREZINHA,91979,16,5500,E.M. ANTONIO ROSA,464,,
2010,MT,SAO JOSE DO RIO CLARO,91995,29,5722,SECRETARIA MUNICIPAL DE ASSISTENCIA SOCIAL,1644,,
2010,MT,SAO JOSE DO RIO CLARO,91995,29,5500,CENTRO DE RESSOCIALIZACAO - CADEIA PUBLICA,2163,,
2010,MT,ARAGUAIANA,98639,47,1015,ESCOLA ESTADUAL I GRAU LAURA VICUNA,1373,1337,
2010,MT,PEIXOTO DE AZEVEDO,98817,33,1201,ESCOLA MUNICIPAL DOM HELDER CAMARA,2005,1510,
2010,MT,VILA RICA,98990,16,1082,ESCOLA MUNICIPAL NOSSA SENHORA APARECIDA,3004,309,
2010,PA,ABAETETUBA,4014,7,5500,EMEIF SAO FRANCISCO XAVIER,2433,,
2010,PA,MAE DO RIO,4103,49,5500,EMEF N. SENHORA DE NAZARE,736,,
2010,PA,AUGUSTO CORREA,4170,52,5501,EEF DA BOA ESPERANCA,290,,
2010,PA,AUGUSTO CORREA,4170,52,5500,EEEF JOSEFINA ALVES TORRES,608,,
2010,PA,AUGUSTO CORREA,4170,52,5502,EMEF CIRILO PENAFORT DA SILVA,1013,,
2010,PA,IPIXUNA DO PARA,4189,49,5500,E E ENSINO MEDIO PROFª ADELIA CARVALHO SODRE,3848,,
2010,PA,BARCARENA,4251,65,5504,EMEIF SAO FRANCISCO,628,,
2010,PA,BARCARENA,4251,65,5505,VEREADOR MARCOS MARTINS MAGNO,5231,,
2010,PA,BONITO,4316,11,5500,CRECHE - EM NILMA ASSAD,842,,
2010,PA,BONITO,4316,11,5501,EEF PADRE ANGELO DE BERNARD,368,,
2010,PA,BRAGANCA,4332,13,5505,ROTARY CLUBE,301,,
2010,PA,BRAGANCA,4332,13,5503,EEEF MOURA CARVALHO,139,,
2010,PA,BRAGANCA,4332,13,5501,EEEF GUILHERMINA PINHEIRO PORTO,279,,
2010,PA,BRAGANCA,4332,13,5502,EEEF JANDIRA PINHEIRO,400,,
2010,PA,BRAGANCA,4332,13,5500,EEEF FERNANDO SOBRAL,488,,
2010,PA,AURORA DO PARA,4340,49,5913,EMEF MANOEL EMILIO PANTOJA I,506,,
2010,PA,AURORA DO PARA,4340,49,1260,EMEF ANTONIO CARVALHO DA SILVA,2697,,
2010,PA,CAMETA,4413,12,5505,EMPG MARIA CORDEIRO,329,,
2010,PA,CAMETA,4413,12,5500,CENTRO COMUNITARIO DE PINDOBAL MIRI,218,,
2010,PA,CAMETA,4413,12,5501,CENTRO COMUNITARIO DO SAGRADO CORACAO DE JESUS,233,,
2010,PA,CAMETA,4413,12,5504,EMEF NOSSA SENHORA DO PERPETUO SOCORRO DE AJARAI,379,,
2010,PA,CAPITAO POCO,4456,70,5656,CENTRO COMUNITARIO DO TAUARI,263,,
2010,PA,CAPITAO POCO,4456,70,5657,IGREJA DE SAO JOAO BATISTA,225,,
2010,PA,CHAVES,4499,17,5658,EMEIF-RAIMUNDO PAZ MARQUES,598,,
2010,PA,CURUCA,4570,9,5500,EMEF DE ACAPUTEUA,126,,
2010,PA,NOVA IPIXUNA,4600,23,5501,EEF SANTO ANTONIO DO PRAIALTA,262,,
2010,PA,NOVA IPIXUNA,4600,23,5500,EEF SANTA LUZIA,335,,
2010,PA,TRACUATEUA,4669,13,5500,EEEF JOSE SILVEIRA BATISTA,785,,
2010,PA,IRITUIA,4693,71,5500,EMEF MEDIANEIRA DAS GRACAS,250,,
2010,PA,JURUTI,4774,22,5504,EMEIF CASTELO BRANCO,486,,
2010,PA,JURUTI,4774,22,5500,EMEIF ANTONIO HENRIQUE DE SOUZA,240,,
2010,PA,JURUTI,4774,22,5503,EMEIF CARLOS BATISTA DOS SANTOS,502,,
2010,PA,JURUTI,4774,22,5501,EMEIF ARACA BRANCO,167,,
2010,PA,JURUTI,4774,22,5505,EMEIF NOSSA SENHORA DA CONCEICAO,497,,
2010,PA,JURUTI,4774,22,5507,EMEIF SAO ROBERTO,640,,
2010,PA,JURUTI,4774,22,5506,EMEIF SAO BENEDITO,124,,
2010,PA,LIMOEIRO DO AJURU,4790,88,5500,EEEIF CORONEL NOVAES,741,,
2010,PA,BELTERRA,4804,104,1112,EMEF SAO FRANCISCO,174,196,
2010,PA,BELTERRA,4804,104,1155,EMEF SAGRADO CORACAO DE JESUS,154,147,
2010,PA,BELTERRA,4804,104,1201,EMEF SAO BENEDITO,69,54,
2010,PA,BELTERRA,4804,104,1236,EMEF CRISTO REI,180,82,
2010,PA,BELTERRA,4804,104,1309,EMEF SAO JUDAS TADEU,154,86,
2010,PA,BELTERRA,4804,104,1368,EMEF DOM FLORIANO,154,75,
2010,PA,BELTERRA,4804,104,1376,EMEF RIO BRANCO,152,165,
2010,PA,BELTERRA,4804,104,1422,EMEF JOSE MONTEIRO,152,93,
2010,PA,BELTERRA,4804,104,1465,EMEF DOM TIAGO RYAN,180,96,
2010,PA,BELTERRA,4804,104,1473,EMEF SANTO ANTONIO,229,0,
2010,PA,MARABA,4839,100,5500,EEEFM DR. GERALDO MENDES DE CASTRO VELOSO,1944,,
2010,PA,MARABA,4839,100,5504,EMEF JOSE BATISTA AFONSO,299,,
2010,PA,MOCAJUBA,4910,78,5500,EMEF DA LOCALIDADE DE SANTO ANTONIO DO VIZEU,508,,
2010,PA,MOJU,4936,37,5500,EMEF NOSSA SENHORA APARECIDA,30,,
2010,PA,MONTE ALEGRE,4952,19,5914,EMEF ACAIZAL,154,,
2010,PA,MONTE ALEGRE,4952,19,5916,EMEF CAUCU,162,,
2010,PA,MONTE ALEGRE,4952,19,5917,EMEF MAXIRA,309,,
2010,PA,MONTE ALEGRE,4952,19,5500,EMEF LINHA CUMARU,201,,
2010,PA,MONTE ALEGRE,4952,19,5915,EMEF TURARA,225,,
2010,PA,NOVA TIMBOTEUA,4995,33,5500,EEEF MARIA AUGUSTA ALENCAR,505,,
2010,PA,PEIXE-BOI,5118,66,5500,EMEF SANTA LUZIA,271,,
2010,PA,SALINOPOLIS,5231,64,5500,EMEF MODESTO DA ENCARNACAO RODRIGUES,2476,,
2010,PA,SALVATERRA,5258,3,5501,EMEF DEUS AJUDE,258,,
2010,PA,SANTAREM,5355,104,1279,EMEF CRISTO LIBERTADOR,169,0,
2010,PA,SANTAREM,5355,104,1600,EMEF SAO JORGE,425,160,
2010,PA,SANTAREM,5355,104,1660,EMEF SANTO ANTONIO,185,59,
2010,PA,SANTAREM,5355,104,1694,EMEF RIO ARAPIUNS,225,0,
2010,PA,SANTAREM,5355,104,1724,EMEF NOSSA SENHORA DAS GRACAS,169,115,
2010,PA,SANTAREM,5355,104,1821,EMEF SANTO ANTONIO,1010,133,
2010,PA,SAO FELIX DO XINGU,5452,53,5500,CRECHE EBENEZER,1235,,
2010,PA,SAO FELIX DO XINGU,5452,53,5501,EM PEQUENO POLEGAR,551,,
2010,PA,SAO SEBASTIAO DA BOA VISTA,5533,48,5500,COMUNIDADE SAO JOSE,386,,
2010,PA,VISEU,5657,14,1848,EMEF UMBELINO FERREIRA,1616,,
2010,PA,VISEU,5657,14,5500,CLUBE DE MAES DE VISEU,2275,,
2010,PA,PACAJA,5916,80,5500,EMEF SAO SEBASTIAO,120,,
2010,PB,ARARA,19178,12,1279,GRUPO ESCOLAR MARIA DO CARMO CASTRO,2817,,
2010,PB,ASSUNCAO,19321,27,5500,ESCOLA ESTADUAL DE ENSINO FUNDAMENTAL E MEDIO JAIME FERREIRA,789,,
2010,PB,SANTA INES,19569,41,5659,EMEF FELIX PEREIRA DOS REIS,1419,,
2010,PB,CABEDELO,19658,57,5500,ESCOLA MUNIC DE ENSINO FUND PROFª ELIZABETH FERREIRA DA SILVA,2904,,
2010,PB,CATURITE,19801,62,5500,ESCOLA ESTADUAL DE 1. E 2. GRAU JOSE QUEIROGA (PEDRA D'AGUA),106,,
2010,PB,CATURITE,19801,62,5501,GRUPO ESCOLAR AVELINO PERES DA SILVA (EMAS),7,,
2010,PB,CAMPINA GRANDE,19810,16,5501,GRUPO ESCOLAR MARIA CANDIDA DE OLIVEIRA,1916,,
2010,PB,CAMPINA GRANDE,19810,17,1724,CRECHE SORAYA MAGNOLIA,2888,1170,
2010,PB,CAMPINA GRANDE,19810,17,1732,EEEF IRMA STEFANIE,2651,312,
2010,PB,GURJAO,20311,22,1090,GRUPO ESCOLAR EUTALIA RAMOS GURJAO,1158,,
2010,PB,ITAPORANGA,20419,33,5501,"UAB - UNIVERSIDADE ABERTA DO BRASIL, UFPB VIRTUAL",1658,,
2010,PB,ITATUBA,20451,8,5500,SECRETARIA DE SAUDE (ANTIGO MAURINO RODRIGUES),1311,,
2010,PB,JOAO PESSOA,20516,77,5542,ASSOCIACAO DOS MORADORES DOS FUNCIONARIOS IV,2906,,
2010,PB,MAMANGUAPE,20796,7,5502,UNIVERSIDADE FEDERAL DA PARAIBA CAMPUS IV LITORAL NORTE,1721,,
2010,PB,MAMANGUAPE,20796,7,5500,ESC. MUN. ADAILTON COELHO COSTA,1785,,
2010,PB,MASSARANDUBA,20850,16,5500,PREDIO ANEXO A PREFEITURA MUNICIPAL DE MASSARANDUBA,788,,
2010,PB,MONTE HOREBE,20931,39,5500,ESCOLA MUNICIPAL DE ENSINO INFANTIL E FUNDAMENTAL JOSE DIAS GUARITA,2103,,
2010,PB,TAVARES,22330,34,5660,GRUPO ESCOLAR SEBASTIAO BARROS,884,,
2010,PE,JUCATI,23124,92,5664,ESCOLA ESTADUAL HENRIQUE JUSTINO,767,,
2010,PE,CABO DE SANTO AGOSTINHO,23574,121,5501,ESC. MUNICIPAL CARMENCITA RAMOS (NO COLEGIO CORACAO DE MARIA EM 2010),2218,,
2010,PE,CABO DE SANTO AGOSTINHO,23574,121,5500,EDUCANDARIO PARTICULAR CORACAO DE MARIA,2214,,
2010,PE,CARUARU,23817,106,5500,CENTRO MUNICIPAL DE EDUCACAO INFANTIL LEOPOLDINA QUEIROZ DE LIMA,3492,,
2010,PE,CARUARU,23817,106,5661,PROCURADORIA SECCIONAL DA FAZENDA NACIONAL DE CARUARU/PE,2715,,
2010,PE,CARUARU,23817,106,5662,ESCOLA ESTADUAL EVANGELICA REVERENDO ALFEU DE OLIVEIRA,3823,,
2010,PE,CARUARU,23817,106,1406,ESCOLA MUNICIPAL CASA DAS RENDEIRAS,3492,,
2010,PE,CATENDE,23833,43,5501,CADEIA PUBLICA MUNICIPAL,3921,,
2010,PE,CEDRO,23850,76,5500,G. ESCOLAR MANOEL JOAQUIM LEITE (FUNCIONARA NA ESC. JOSE INACIO LEITE),3562,,
2010,PE,IBIMIRIM,24317,128,5663,ESCOLA MUNICIPAL MANOEL JOAQUIM DO NASCIMENTO,531,,
2010,PE,JABOATAO DOS GUARARAPES,24570,101,5503,ESCOLA ALUISIO DA CUNHA MORAES,5932,,
2010,PE,JUPI,24651,92,1112,DEPARTAMENTO DE EDUCACAO MUNICIPAL,396,,
2010,PE,JUPI,24651,92,1082,ESCOLA SEBASTIAO TIAGO DE OLIVEIRA,1364,,
2010,PE,JUPI,24651,92,1171,SECRETARIA DE ACAO SOCIAL,396,,
2010,PE,MARAIAL,24830,139,5500,"ESC. MUN. FABIO CORREA(4,7,16,36) ANEX F CORREA(14,15,35)/FORUM(5,6)",552,,
2010,PE,PALMARES,24996,37,5504,FUNDACAO DO BEM ESTAR SOCIAL- PROVISORIO NA ESCOLA PETER PAN,2673,,
2010,PE,PALMARES,24996,37,5503,FUNDACAO DE SAUDE AMAURY DE MEDEIROS- PROVISORIO NA ESCOLA PETER PAN,2938,,
2010,PE,PALMARES,24996,37,5502,ESCOLAS DA FRATERNIDADE PALMARENSE - PROVISORIO NA ESCOLA CENECISTA,2673,,
2010,PE,PALMARES,24996,37,5501,COL MUN AUGUSTO PINTO RIBEIRO (GINASIO MUNICIPAL) - PROVISOR CENECISTA,3179,,
2010,PE,PALMARES,24996,37,5500,CENTRO DE CONVIVENCIA DE IDOSOS - PROVISORIAMENTE NA ESCOLA PETER PAN,2673,,
2010,PE,PALMARES,24996,37,5505,GRUPO ESCOLAR PEDRO AFONSO MEDEIROS-PROVISORIO COL N. SRA. DE LOURDES,3179,,
2010,PE,PAULISTA,25135,146,5500,COLEGIO MARISTA SAO MARCELINO CHAMPAGNAT,5539,,
2010,PE,PAULISTA,25135,146,5501,ESCOLA STELLA MARIS,378,,
2010,PE,PETROLANDIA,25194,70,5500,CADEIA PUBLICA DE PETROLANDIA,1799,,
2010,PE,RECIFE,25313,1,5538,GINASIO DE ESPORTE GERALDO MAGALHAES  -  GERALDAO,4458,,
2010,PE,RECIFE,25313,1,5535,ESCOLA CRESCER,9761,,
2010,PE,RECIFE,25313,2,5543,CER - CENTRO EDUCACIONAL DO RECIFE,4601,,
2010,PE,SANHARO,25470,123,5501,PADRE HERALDO CORDEIRO DE BARROS,590,,
2010,PE,SANHARO,25470,123,5500,ESCOLA MUNICIPAL NOSSA SENHORA DO CARMO,2342,,
2010,PE,SAO JOSE DO BELMONTE,25690,74,5500,ESCOLA DONA LOURA,4997,,
2010,PE,SAO VICENTE FERRER,25755,0,5500,,2147,,
2010,PE,TAQUARITINGA DO NORTE,25992,51,5500,ESCOLA MUNICIPAL GOVERNADOR ERALDO GUEIROS LEITE,689,,
2010,PE,VENTUROSA,26190,120,5500,ANEXO DA ESCOLA MUNICIPAL DR. MANASSES ALVES BEZERRA,5066,,
2010,PE,VITORIA DE SANTO ANTAO,26271,18,5500,PRESIDIO DE VITORIA DE STO ANTAO-PVSA,1677,,
2010,PI,AMARANTE,10090,8,5500,UNIDADE ESCOLAR PROFESSORA RITA MARIA DA SILVA,1060,,
2010,PI,CABECEIRAS DO PIAUI,10120,6,5500,UNIDADE ESCOLAR VICENTE LEANDRO DA SILVA,1003,,
2010,PI,BATALHA,10294,45,5500,UNIDADE ESCOLAR ANTONIO PEDRO DE ALMEIDA,230,,
2010,PI,BURITI DOS LOPES,10391,33,5500,UNIDADE ESCOLAR GUILHERME PORTELA SAMPAIO,690,,
2010,PI,CASTELO DO PIAUI,10510,34,5500,UNID. ESC. ANDRE PEREIRA DA SILVA,344,,
2010,PI,COCAL,10537,53,5501,GRUPO ESCOLAR JOSE GONCALO PEREIRA,103,,
2010,PI,COCAL,10537,53,5500,GRUPO ESCOLAR DO ASSENTAMENTO OLHO D'AGUA,505,,
2010,PI,BREJO DO PIAUI,10642,36,5500,UNIDADE ESCOLAR ABELARDO PEREIRA,1527,,
2010,PI,FLORIANO,10774,61,5500,PENITENCIARIA GONCALO DE CASTRO LIMA - VEREDA GRANDE,700,,
2010,PI,MIGUEL ALVES,11231,17,5918,UNIDADE ESCOLAR DR ANTONIO REGIS,230,,
2010,PI,PICOS,11592,10,5500,ESCOLA MUNICIPAL JOAO ROMUALDO DE SOUSA,156,,
2010,PI,ASSUNCAO DO PIAUI,12106,39,5770,GRUPO ESCOLAR EVARISTO CAMPELO,1188,,
2010,PI,TERESINA,12190,2,2070,CENTRO FEDERAL DE EDUCACAO TECNOLOGICA DO PIAUI-CEFET,878,,
2010,PI,TERESINA,12190,2,1511,PREMEN ZONA SUL,4708,,
2010,PI,TERESINA,12190,63,5539,ESCOLA LAGOA DOS AFONSINHOS,363,,
2010,PI,UNIAO,12211,16,5502,UNIDADE ESCOLAR JOSE COSTA,286,,
2010,PI,UNIAO,12211,16,5503,UNIDADE ESCOLAR JULIO CAMPOS,145,,
2010,PI,UNIAO,12211,16,5500,UNIDADE ESCOLAR EXPEDITO MEDEIROS,153,,
2010,PI,UNIAO,12211,16,5501,UNIDADE ESCOLAR JOAO PEREIRA,696,,
2010,PI,URUCUI,12238,14,5500,UNIDADE ESCOLAR ALICE ALMEIDA-ASSENTAMENTO FLORES,123,,
2010,PI,URUCUI,12238,14,5501,UNIDADE ESCOLAR HESIODO BENVINDO-COM NOVA SANTA ROSA,72,,
2010,PI,JUAZEIRO DO PIAUI,12416,34,5500,UNID. ESC. ANTONIO ANGELO VISGUEIRA,1194,,
2010,PR,ANTONINA,74217,6,5500,ESCOLA ISOLADA DA CACHOEIRA,523,,
2010,PR,ANTONINA,74217,6,5502,ESCOLA MUNICIPAL DR MIRANDA COUTO,2477,,
2010,PR,ANTONINA,74217,6,5501,ESCOLA ISOLADA DO MERGULHAO,523,,
2010,PR,APUCARANA,74250,150,5500,ESCOLA MUNICIPAL VEREADOR JOSE RAMOS DE OLIVEIRA,1511,,
2010,PR,APUCARANA,74250,179,5501,ESCOLA ESTADUAL EBANO PEREIRA,7814,,
2010,PR,APUCARANA,74250,179,5500,COLEGIO ESTADUAL ANTONIO DOS TRES REIS DE OLIVEIRA,3826,,
2010,PR,FAZENDA RIO GRANDE,74322,144,5501,ESCOLA MUNICIPAL SANTA MARIA,975,,
2010,PR,FAZENDA RIO GRANDE,74322,144,5500,ESCOLA MUNICIPAL PROF. MARYLE APARECIDA SCHTTERT FERRI,2085,,
2010,PR,ARAUCARIA,74357,50,1554,CENTRO DE SAUDE SAO FRANCISCO DE ASSIS,7131,1189,
2010,PR,ARAUCARIA,74357,50,1562,CASA DA CRIANCA - PALOMAR,7131,1978,
2010,PR,ARAUCARIA,74357,50,5501,SALAO PAROQUIAL DA IGREJA DA CAMPINA DAS PALMEIRAS,546,,
2010,PR,ARAUCARIA,74357,50,5500,ESCOLA MUNICIPAL PROFESSORA DELANI APARECIDA ALVES,3951,,
2010,PR,ASSAI,74373,35,5665,COLEGIO ESTADUAL BARAO DO RIO BRANCO,3341,,
2010,PR,ITAPERUCU,74446,156,5500,ESCOLA MUNICIPAL ANTONIO HIMERCIDIO CAVALCANTE,377,,
2010,PR,BOM SUCESSO,74616,70,5500,ESCOLA JOAO PAULO I,1726,,
2010,PR,CAMBARA,74691,25,5501,ESCOLA ESTADUAL MONSENHOR JOAO BELCHIOR,5921,,
2010,PR,CAMBARA,74691,25,5500,COLEGIO AGRICOLA DE CAMBARA,2163,,
2010,PR,CAMBARA,74691,25,5502,ESCOLA ESTADUAL PROFESSORA CECILIA TEIXEIRA,5921,,
2010,PR,CAMBARA,74691,25,5503,ESCOLA MUNICIPAL CAETANO VEZOZZO,2163,,
2010,PR,CAMPO LARGO,74810,9,5501,ESCOLA ESTADUAL DJALMA MARINHO,410,,
2010,PR,CAMPO LARGO,74810,9,5504,ESCOLA MUNICIPAL POLICARPO MIRANDA - ENSINO PRE ESCOLAR E DE 1 GRAU,1555,,
2010,PR,CAMPO LARGO,74810,9,5502,ESCOLA MUNICIPAL 15 DE OUTUBRO,2176,,
2010,PR,CANDIDO DE ABREU,74853,106,5602,PAVILHAO DA IGREJA CATOLICA,212,,
2010,PR,CANDIDO DE ABREU,74853,106,5503,PAVILHAO DA IGREJA UCRANIANA,580,,
2010,PR,CANDIDO DE ABREU,74853,106,5501,PAVILHAO DA IGREJA CATOLICA - NOSSA SENHORA APARECIDA,142,,
2010,PR,CANDIDO DE ABREU,74853,106,5502,PAVILHAO DA IGREJA CATOLICA - SAO CRISTOVAO,98,,
2010,PR,CANDIDO DE ABREU,74853,106,5504,POSTO DE SAUDE,258,,
2010,PR,CANDIDO DE ABREU,74853,106,5500,PAVILHAO DA IGREJA CATOLICA,1536,,
2010,PR,CASCAVEL,74934,184,5507,ESCOLA LUIZ CARLOS RUARO,1511,,
2010,PR,CASCAVEL,74934,184,5508,ESCOLA NOSSA SENHORA DA SALETE,871,,
2010,PR,CASCAVEL,74934,184,5511,ESCOLA QUINTINO BOCAIUVA,703,,
2010,PR,CASCAVEL,74934,184,5501,COLEGIO ESTADUAL JARDIM NOVA ITALIA - PADRE CANIZA HENZ,1511,,
2010,PR,CASCAVEL,74934,184,5503,ESCOLA ATILIO DESTRO,834,,
2010,PR,CASCAVEL,74934,184,5510,ESCOLA PRESIDENTE COSTA E SILVA,2471,,
2010,PR,CASCAVEL,74934,184,5504,ESCOLA DIVA VIDAL,2471,,
2010,PR,CASCAVEL,74934,184,5505,ESCOLA HERCULES BOSCHIROLLI,1154,,
2010,PR,CASCAVEL,74934,184,5512,UNIOESTE,1129,,
2010,PR,CASCAVEL,74934,184,5502,COLEGIO WILSON JOFFRE,2909,,
2010,PR,CASCAVEL,74934,184,5500,COLEGIO  WASHINGTON LUIZ - PROF. GLADIS MARIA TIBOLA,2909,,
2010,PR,CASCAVEL,74934,184,5509,ESCOLA OLINDA TRUFFA DE CARVALHO,78,,
2010,PR,CASCAVEL,74934,184,5506,ESCOLA HORACIO RIBEIRO DOS REIS,5273,,
2010,PR,CASTRO,74950,16,5502,ESCOLA ESTADUAL VICENTE MACHADO,613,,
2010,PR,CASTRO,74950,16,5504,POSTO DE SAUDE MUNICIPAL DAS GRAMAS,156,,
2010,PR,CASTRO,74950,16,5500,COLEGIO ESTADUAL BASILIO CHURUN,2595,,
2010,PR,LARANJAL,74985,134,5501,ESCOLA MUNICIPAL CRISTOVAO COLOMBO - LOC. RIO DAS TUNAS,147,,
2010,PR,LARANJAL,74985,134,5503,ESCOLA MUNICIPAL VITOR HUGO,274,,
2010,PR,LARANJAL,74985,134,5500,COLEGIO ESTADUAL DE LARANJAL,274,,
2010,PR,LARANJAL,74985,134,5502,ESCOLA MUNICIPAL LEONARDO DA VINCCI - LOC. RIO DAS FLORES,241,,
2010,PR,NOVA ESPERANCA DO SUDOESTE,75027,162,5500,PREDIO ESCOLAR DE BARRA BONITA,83,,
2010,PR,NOVA ESPERANCA DO SUDOESTE,75027,162,5503,SALAO COMUNITARIO - KM 40,282,,
2010,PR,NOVA ESPERANCA DO SUDOESTE,75027,162,5501,PREDIO ESCOLAR DE RIO GAVIAO - RIO GAVIAO,282,,
2010,PR,NOVA ESPERANCA DO SUDOESTE,75027,162,5506,SALAO COMUNITARIO - SAO LUIZ,282,,
2010,PR,NOVA ESPERANCA DO SUDOESTE,75027,162,5504,SALAO COMUNITARIO - NOVO HORIZONTE,282,,
2010,PR,NOVA ESPERANCA DO SUDOESTE,75027,162,5505,SALAO COMUNITARIO - SAO CARLOS,282,,
2010,PR,CHOPINZINHO,75035,103,1597,PAVILHAO DA CAPELA DA LINHA MATO BRANCO,139,330,
2010,PR,CHOPINZINHO,75035,103,5502,ESCOLA MUNICIPAL VISAO DO FUTURO,391,,
2010,PR,CHOPINZINHO,75035,103,5500,ESCOLA ESTADUAL JYKRE TAG,161,,
2010,PR,CHOPINZINHO,75035,103,5503,ESCOLA RURAL MUNICIPAL PRUDENTE DE MORAIS,80,,
2010,PR,CHOPINZINHO,75035,103,1570,ESCOLA MUNICIPAL SAO BOM JESUS,1421,102,
2010,PR,CIANORTE,75051,88,5500,COLEGIO ESTADUAL DE VIDIGAL,2307,,
2010,PR,COLOMBO,75132,49,5501,ESCOLA ANDRE NADOLNY,5184,,
2010,PR,COLOMBO,75132,49,5502,ESCOLA BENTO MUNHOZ DA ROCHA,6496,,
2010,PR,COLOMBO,75132,49,5503,ESCOLA DOM JOAO BOSCO,6496,,
2010,PR,COLOMBO,75132,49,1384,ESCOLA VITORIO MANOEL FRANCESCHI,6496,1913,
2010,PR,COLOMBO,75132,49,5500,ESC JUSCELINO KUBITSCHECK,383,,
2010,PR,COLOMBO,75132,186,5500,ESCOLA ESTADUAL VEREADOR RAULINO COSTACURTA,787,,
2010,PR,COLOMBO,75132,49,5510,ESCOLA PRESIDENTE ABRAHAN LINCOLN,1547,,
2010,PR,COLOMBO,75132,49,1406,ESCOLA JOAO RIBEIRO DE CAMARGO,5184,2023,
2010,PR,COLOMBO,75132,49,5509,ESCOLA MUNICIPAL PEDRO VIRIATO PARIGOT DE SOUZA,523,,
2010,PR,COLOMBO,75132,49,5506,ESCOLA MUN SANTA FE,1659,,
2010,PR,COLOMBO,75132,49,5507,ESCOLA MUNICIPAL ISOLINA CECCON,383,,
2010,PR,CRUZ MACHADO,75337,153,5500,ASSOCIACAO DOS AGRICULTORES TRABALHADORES RURAIS BARRA DOS CANUDOS,239,,
2010,PR,CURITIBA,75353,176,1333,FACULDADE SANTA CRUZ - CAMPUS SEDE,2629,,
2010,PR,CURITIBA,75353,2,5547,FACULDADES INTERNACIONAIS SAN MARTIN,9341,,
2010,PR,DOIS VIZINHOS,75418,115,5500,ESCOLA MUNICIPAL NOSSA SENHORA DE LOURDES,2369,,
2010,PR,FOZ DO IGUACU,75639,204,5666,IGREJA DA COMUNIDADE SANTO ANTONIO,680,,
2010,PR,FRANCISCO BELTRAO,75655,69,5502,ESCOLA MUNICIPAL NOSSA SENHORA DO SAGRADO CORACAO,1186,,
2010,PR,FRANCISCO BELTRAO,75655,69,5500,ESCOLA  VISCONDE DE MAUA - PAVILHAO DA CAPELA NOSSA SENHORA APARECIDA,137,,
2010,PR,FRANCISCO BELTRAO,75655,69,5501,ESCOLA MUNICIPAL FRANCISCO MANOEL DA SILVA,165,,
2010,PR,FRANCISCO BELTRAO,75655,69,5503,ESCOLA MUNICIPAL RURAL SANTA CLARA - PAVILHAO DA COMUNIDADE SEDE GALD,1006,,
2010,PR,SULINA,75787,103,5500,ESCOLA ESTADUAL NESTOR DE CASTRO,933,,
2010,PR,GUARANIACU,75817,112,5500,ESCOLA RURAL MUNICIPAL MARECHAL FLORIANO PEIXOTO,149,,
2010,PR,GUARATUBA,75876,161,5507,ESC MUN PROF OLGA SILVEIRA,3516,,
2010,PR,GUARATUBA,75876,161,5510,ESC MUN VILA ELIANE (SEBASTIAO S. DE SOUZA),2864,,
2010,PR,GUARATUBA,75876,161,5505,ESC MUN MAXIMO JAMUR,2271,,
2010,PR,GUARATUBA,75876,161,5508,ESC MUN RIO DA PRAIA (JURACI L. P. CORREIA),2864,,
2010,PR,GUARATUBA,75876,161,5503,ESC MUN DO CUBATAO,235,,
2010,PR,GUARATUBA,75876,161,5509,ESC MUN RIOZINHO,235,,
2010,PR,GUARATUBA,75876,161,5506,ESC MUN PROF IRACI MIRANDA KRUGER,2271,,
2010,PR,GUARATUBA,75876,161,5502,COL PROF. JOAQUIM DA SILVA MAFRA,3516,,
2010,PR,GUARATUBA,75876,161,5504,ESC MUN JOAO GUALBERTO DA SILVA,2897,,
2010,PR,IBAITI,75892,79,5500,ESCOLA ESTADUAL JULIO FARAH ENSINO FUNDAMENTAL,2249,,
2010,PR,IBAITI,75892,79,5504,ESCOLA RURAL ESTADUAL D PEDRO I,1647,,
2010,PR,IBAITI,75892,79,5502,ESCOLA ESTADUAL ZACARIAS CARNEIRO SIQUEIRA,2202,,
2010,PR,IBAITI,75892,79,5505,ESCOLA RURAL ESTADUAL MANOEL RIBAS,1647,,
2010,PR,IBAITI,75892,79,5501,ESCOLA ESTADUAL NAPOLEAO DA SILVA REIS,2202,,
2010,PR,IBAITI,75892,79,5503,ESCOLA MUNICIPAL LAZARO DE MOURA BUENO,2649,,
2010,PR,IBIPORA,75914,80,5501,ESCOLA ESTAUAL BASILIO DE LUCCA,578,,
2010,PR,IBIPORA,75914,80,5500,CENTRO DE ATENCAO INTEGRAL A CRIANCA E ADOLESCENTE - CAIC,812,,
2010,PR,IBIPORA,75914,80,5503,ESCOLA MUNICIPAL PROFESSORA IVANILDES GONCALVES NALIN,949,,
2010,PR,IBIPORA,75914,80,5506,ESCOLA RURAL MUNICIPAL SEBASTIAO LUIZ DE OLIVEIRA,812,,
2010,PR,IBIPORA,75914,80,5505,ESCOLA RURAL MARECHAL CASTELO BRANCO,2342,,
2010,PR,IRATI,76074,34,5503,CONGREGACAO MARIANA,846,,
2010,PR,IRATI,76074,34,5507,ESCOLA ESTADUAL DUQUE DE CAXIAS,977,,
2010,PR,IRATI,76074,34,5529,INAMPS/INPS,278,,
2010,PR,IRATI,76074,34,5502,COLEGIO NOSSA SENHORA DAS GRACAS,977,,
2010,PR,IRATI,76074,34,5514,ESCOLA ESTADUAL TRAJANO GRACIA,677,,
2010,PR,IRATI,76074,34,5526,ESCOLA RURAL MUNICIPAL JOSE SIQUEIRA ROSA,180,,
2010,PR,IRATI,76074,34,5527,ESCOLA RURAL MUNICIPAL OLARIA FILIPAKI,312,,
2010,PR,IRATI,76074,34,5511,ESCOLA ESTADUAL PADRE WENCESLAU,2376,,
2010,PR,IRATI,76074,34,5513,ESCOLA ESTADUAL TANCREDO MARTINS,1444,,
2010,PR,IRATI,76074,34,5509,ESCOLA ESTADUAL JOAO DE MATTOS PESSOA,291,,
2010,PR,IRATI,76074,34,5525,ESCOLA RURAL MUNICIPAL JOAO BATISTA ANCIUTTI,677,,
2010,PR,IRATI,76074,34,5508,ESCOLA ESTADUAL FRANCISCO STROPARO,2376,,
2010,PR,IRATI,76074,34,5512,ESCOLA ESTADUAL ROSALINA CORDEIRO DE ARAUJO,677,,
2010,PR,IRATI,76074,34,5517,ESCOLA RURAL MUNICIPAL DE AGUA CLARA,312,,
2010,PR,IRATI,76074,34,5524,ESCOLA RURAL MUNICIPAL FAXINAL DOS NEVES,180,,
2010,PR,IRATI,76074,34,5534,POSTO DE SAUDE DE ARROIO GRANDE,124,,
2010,PR,IRATI,76074,34,5518,ESCOLA RURAL MUNICIPAL DE BARRA DO GAVIAO,312,,
2010,PR,IRATI,76074,34,5530,PAVILHAO DA IGREJA DE CADEADINHO,201,,
2010,PR,IRATI,76074,34,5519,ESCOLA RURAL MUNICIPAL DE CARATUVA I,291,,
2010,PR,IRATI,76074,34,5506,ESCOLA ESTADUAL DE GONCALVES JUNIOR,677,,
2010,PR,IRATI,76074,34,5520,ESCOLA RURAL MUNICIPAL DE GOVERNADOR RIBAS,180,,
2010,PR,IRATI,76074,34,5510,ESCOLA ESTADUAL NOSSA SENHORA DE FATIMA,312,,
2010,PR,IRATI,76074,34,5528,ESCOLA RURAL MUNICIPAL SAO MIGUEL,201,,
2010,PR,IRATI,76074,34,5521,ESCOLA RURAL MUNICIPAL DE MONJOLO,1758,,
2010,PR,IRATI,76074,34,5522,ESCOLA RURAL MUNICIPAL DE PIRAPO,180,,
2010,PR,IRATI,76074,34,5532,PAVILHAO DA IGREJA DO RIO CORRENTE I,124,,
2010,PR,IRATI,76074,34,5531,PAVILHAO DA IGREJA DE FAXINAL DO RIO DO COURO,180,,
2010,PR,IRATI,76074,34,5523,ESCOLA RURAL MUNICIPAL DE RIO PRETO I,124,,
2010,PR,IRATI,76074,34,5504,CRECHE ALEXANDRE IAREMA,1444,,
2010,PR,IRATI,76074,34,5501,CENTRO DE CONVIVENCIA DE IDOSOS,1536,,
2010,PR,IRATI,76074,34,5515,ESCOLA MUNICIPAL MERCEDEZ BRAGA,1758,,
2010,PR,IRATI,76074,34,5533,PAVILHAO IGREJA CATOLICA DE FAXINAL DOS MELLOS,180,,
2010,PR,IRATI,76074,34,5505,CRECHE MUNICIPAL DONA CANDINHA,677,,
2010,PR,IRATI,76074,34,5516,ESCOLA RURAL MUNICIPAL CAMACUA EDUARDO LARES,1758,,
2010,PR,IRETAMA,76090,141,5501,ESCOLA JOSE SARMENTO FILHO,1753,,
2010,PR,IRETAMA,76090,141,5500,ESCOLA IZABEL APARECIDA DE CAMPOS,1753,,
2010,PR,IRETAMA,76090,141,5502,ESCOLA OSMAR RODRIGO DE FARIAS,1753,,
2010,PR,JAGUARIAIVA,76333,18,5506,ESCOLA MUNICIPAL LUIZ VIEIRA DE MESQUITA (SAMAMBAIA),2825,,
2010,PR,JAGUARIAIVA,76333,18,5504,ESCOLA MUNICIPAL ISABEL BRANCO,2825,,
2010,PR,JAGUARIAIVA,76333,18,5503,ESCOLA ESTADUAL OLAVO BILAC,3293,,
2010,PR,JAGUARIAIVA,76333,18,5501,COLEGIO ESTADUAL PADRE JOSE DE ANCHIETA,1110,,
2010,PR,JAGUARIAIVA,76333,18,5500,COLEGIO ESTADUAL NILO PECANHA,1408,,
2010,PR,JAGUARIAIVA,76333,18,5502,ESCOLA ESTADUAL MILTON SGUARIO (JANGAI),167,,
2010,PR,JAGUARIAIVA,76333,18,5505,ESCOLA MUNICIPAL JULIO DE MESQUITA FILHO,1408,,
2010,PR,JAPIRA,76392,79,5500,CENTRO DE EDUCACAO INFANTIL DONA NENZINHA,2092,,
2010,PR,JAPIRA,76392,79,5501,ESCOLA RURAL EURICO BATISTA ROSA,102,,
2010,PR,LAPA,76570,10,5500,ESCOLA MUNICIPAL DO ASSENTAMENTO CONTESTADO,116,,
2010,PR,LONDRINA,76678,191,5500,CEEP MARIA DO ROSARIO CASTALDI,1319,,
2010,PR,LONDRINA,76678,190,5501,ESCOLA ESTADUAL EVARISTO DA VEIGA/ESCOLA MUNICIPAL ARTHUR THOMAS,4167,,
2010,PR,LONDRINA,76678,157,5510,ESCOLA HAYDEE COLLI MONTEIRO (JD. PARAISO),1298,,
2010,PR,LONDRINA,76678,157,5516,ESCOLA NEMAN SAHYUN (CONJ. RUY VIRMOND CARNASCIALLI),3099,,
2010,PR,LONDRINA,76678,157,5507,ESCOLA DAVID DEQUECH (PARQUE OURO VERDE),2713,,
2010,PR,LONDRINA,76678,191,5501,ESCOLA ESTADUAL PROFESSORA DEA ALVARENGA,2562,,
2010,PR,LONDRINA,76678,157,5503,ESCOLA ARISTEU DOS SANTOS RIBAS (CONJ. JOAO PAZ),1234,,
2010,PR,LONDRINA,76678,190,5500,COLEGIO ESTADUAL PROFESSOR PAULO FREIRE,2198,,
2010,PR,LONDRINA,76678,157,5509,ESCOLA FERNANDO DE BARROS PINTO (CONJ. VIOLIN),4304,,
2010,PR,LONDRINA,76678,190,5502,ESCOLA ESTADUAL THIAGO TERRA,1901,,
2010,PR,LONDRINA,76678,157,5519,ESCOLA SENADOR GASPAR VELOSO (CONJ. SEBASTIAO DE MELO),4304,,
2010,PR,LONDRINA,76678,157,5518,ESCOLA SALIN ABORIHAM (CJ AQUILES STHENGUEL),5124,,
2010,PR,LONDRINA,76678,190,5503,ESCOLA MUNICIPAL ZUMBI DOS PALMARES (CAIC-ZONA SUL),3541,,
2010,PR,LONDRINA,76678,157,5501,ESCOLA  PADRE ANCHIETA (PATRIMONIO HEIMTAL),1068,,
2010,PR,LONDRINA,76678,157,5500,ESCOLA  MOACIR TEIXEIRA (CONJ. MARIA CECILIA),5124,,
2010,PR,LONDRINA,76678,157,5515,ESCOLA MOACIR CAMARGO MARTINS (CONJ. PARIGOT DE SOUZA I),337,,
2010,PR,LONDRINA,76678,157,5513,ESCOLA JULIANO STINGHEN (CONJ. PARIGOT DE SOUZA II),1245,,
2010,PR,LONDRINA,76678,157,5511,ESCOLA IGNEZ CORSO ANDREAZZA (CONJ. VIVI XAVIER),1068,,
2010,PR,LONDRINA,76678,157,5506,ESCOLA CLAUDIA RIZZI (JARDIM PARATI),1245,,
2010,PR,LONDRINA,76678,157,5508,ESCOLA EDMUNDO ODEBRECHT (WARTA),1068,,
2010,PR,LONDRINA,76678,157,5512,ESCOLA JOSE GASPARINI (CONJ. FARID LIBOS),1097,,
2010,PR,LONDRINA,76678,157,5514,ESCOLA LAURO GOMES DA VEIGA PESSOA (CONJ. MARIA CECILIA),2504,,
2010,PR,LONDRINA,76678,157,5502,ESCOLA ADELIA DIONISIA BARBOSA (CONJ. PARIGOT DE SOUZA III),1245,,
2010,PR,LONDRINA,76678,157,5505,ESCOLA BEAHIR EDNA MENDONCA (JARDIM PARAISO),3099,,
2010,PR,LONDRINA,76678,157,5517,ESCOLA PADRE WISTREMUNDO ROBERTO (PARQUE OURO VERDE),2713,,
2010,PR,LONDRINA,76678,157,5504,ESCOLA ATANAZIO LEONEL (JD. SAO JORGE),1245,,
2010,PR,MANDIRITUBA,76791,144,5500,ESCOLA ESTADUAL ALICE MACHADO FERREIRA,404,,
2010,PR,MANDIRITUBA,76791,144,5502,ESCOLA FRANCISCO BARBOSA,248,,
2010,PR,MANDIRITUBA,76791,144,5501,ESCOLA ESTADUAL JOAQUIM DE OLIVEIRA FRANCO,260,,
2010,PR,MANDIRITUBA,76791,144,5504,ESCOLA RURAL MUNICIPAL JOSSE BUHRER,248,,
2010,PR,MARIA HELENA,76856,142,5501,SALAO PAROQUIAL CAPELA SAO MIGUEL,965,,
2010,PR,MARIA HELENA,76856,142,5500,ESCOLA RURAL MUNICIPAL ALTO ALEGRE,2524,,
2010,PR,MARINGA,76910,193,5500,ESC. MUN. PION. JESUINA DE JESUS FREITAS,4728,,
2010,PR,MARINGA,76910,192,5667,PROGRAMA MAIS EDUCACAO ALVORADA,2727,,
2010,PR,MARINGA,76910,137,5500,ESCOLA ESTADUAL ADAILE MARIA LEITE,1475,,
2010,PR,PAICANDU,77313,154,5500,ESCOLA MUNICIPAL PROFESSORA LUCILIA VICENTINI FERRARI,3940,,
2010,PR,PALMAS,77330,32,5500,ASSENTAMENTO PARAISO DO SUL,160,,
2010,PR,PALMAS,77330,32,5502,ESCOLA ESTADUAL INDIGENA SEGSO,160,,
2010,PR,PALMITAL,77372,134,5500,COLEGIO JOAO DE OLIVEIRA JUNIOR,395,,
2010,PR,PALMITAL,77372,134,5502,ESCOLA MUNICIPAL FLORIANO PEIXOTO (DESATIVADA) - LOC. GUABIROBINHA,395,,
2010,PR,PALMITAL,77372,134,5503,ESCOLA RURAL MUNICIPAL ANTONIO VIEIRA - LOC LINHA CANTUANA,141,,
2010,PR,PALMITAL,77372,134,5504,SALAO COMUNITARIO - LOC VILA RURAL ALTA FLORESTA,513,,
2010,PR,PARANACITY,77437,91,5500,ESCOLA ESTADUAL SANTOS DUMONT,3766,,
2010,PR,PAULA FREITAS,77534,33,5500,ESCOLA 9 DE MARCO,150,,
2010,PR,PAULA FREITAS,77534,33,5502,ESCOLA JOSE GRUPA,150,,
2010,PR,PAULA FREITAS,77534,33,5507,ESCOLA RURAL BARAO DO IGUACU,69,,
2010,PR,PAULA FREITAS,77534,33,5505,ESCOLA PALMITAL DO JARARACA,150,,
2010,PR,PAULA FREITAS,77534,33,5501,ESCOLA JOAO DE LARA,150,,
2010,PR,PAULA FREITAS,77534,33,5503,ESCOLA MEM DE SA,1292,,
2010,PR,PAULA FREITAS,77534,33,5504,ESCOLA OLAVO BILAC,150,,
2010,PR,PAULA FREITAS,77534,33,5506,ESCOLA PRESIDENTE EURICO GASPAR DUTRA,69,,
2010,PR,PIRAI DO SUL,77674,27,5501,CENTRO COMUNITARIO GRALHA AZUL,725,,
2010,PR,PIRAI DO SUL,77674,27,5503,ESCOLA EURIDES MARTINS (PEDRO A. CABRAL),399,,
2010,PR,PIRAI DO SUL,77674,27,5504,ESCOLA PEDRO SOLEK,160,,
2010,PR,PONTA GROSSA,77771,198,5502,UNIDADE DE SAUDE JEAN MAURICE FAIVRE,141,,
2010,PR,PONTA GROSSA,77771,139,5501,ESCOLA MUNICIPAL RAUL PINHEIRO MACHADO,5815,,
2010,PR,PORTO RICO,77836,85,5500,PRE ESCOLA RURAL MUNICIPAL CRIANCA FELIZ,1953,,
2010,PR,QUITANDINHA,78018,11,5500,C. E.  MONSENHOR MIGUEL JOSE MICKOSZ /  E. R. M SAO JOAO,147,,
2010,PR,REBOUCAS,78077,62,5501,ESCOLA RURAL MUNICIPAL NOSSA SENHORA DO PERPETUO SOCORRO,64,,
2010,PR,REBOUCAS,78077,62,5500,ESCOLA MUNICIPAL JOANITA AYUB PEREIRA,3010,,
2010,PR,RIBEIRAO CLARO,78131,23,5500,E.E. DR. JOAO DA ROCHA CHUEIRI,2824,,
2010,PR,RIBEIRAO CLARO,78131,23,5501,ESCOLA MUNICIPAL CORREIA DE FREITAS,2824,,
2010,PR,RIO AZUL,78174,62,5500,ESCOLA ESTADUAL DR. CHAFIC CURY,2653,,
2010,PR,RIO NEGRO,78239,11,5500,E. M. NOSSA SRA. APARECIDA / C.E. ALVINO SCHELBAUER,5314,,
2010,PR,RIO NEGRO,78239,11,5501,E. M. VEREADOR RICARDO NENTWIG / E. E.  INACIO SCHELBAUER,5314,,
2010,PR,RONCADOR,78271,141,5500,ESCOLA RURAL MUNICIPAL DOM PEDRO I,1250,,
2010,PR,SALTO DO LONTRA,78379,162,5503,ESCOLA RURAL CARMELO SCOTTON,328,,
2010,PR,SALTO DO LONTRA,78379,162,5501,ESCOLA CLAUDIO MANOEL DA COSTA - BONFIM,151,,
2010,PR,SALTO DO LONTRA,78379,162,5502,ESCOLA HEITOR ALENCAR FURTADO - SEDE DA LUZ,247,,
2010,PR,SALTO DO LONTRA,78379,162,5500,ANTIGA ESCOLINHA - CARMELIA,663,,
2010,PR,SALTO DO LONTRA,78379,162,5504,SALAO COMUNITARIO - SANTA BARBARA,220,,
2010,PR,SALTO DO LONTRA,78379,162,5506,SALAO COMUNITARIO - SAO LUIZ,189,,
2010,PR,SALTO DO LONTRA,78379,162,5507,SALAO COMUNITARIO - VIDAL,98,,
2010,PR,SALTO DO LONTRA,78379,162,5505,SALAO COMUNITARIO - SANTA RITA,220,,
2010,PR,SALTO DO LONTRA,78379,162,5508,SALAO COMUNITARIO VILA RURAL - BRASILIA,328,,
2010,PR,SANTO ANTONIO DA PLATINA,78590,22,1210,FORUM ESTADUAL,4646,328,
2010,PR,SANTO ANTONIO DA PLATINA,78590,22,1228,CAMARA MUNICIPAL,4646,657,
2010,PR,SAO JOAO,78719,103,5500,ESCOLA MUNICIPAL SAO JOAO,1466,,
2010,PR,SAO JOSE DOS PINHAIS,78859,199,5504,ESCOLA MUNICIPAL PROFº FLORESVALDO MERES DE CREDDO - ENS FUNDAMENTAL,3311,,
2010,PR,SAO JOSE DOS PINHAIS,78859,199,5501,COLEGIO ESTADUAL PADRE ANTONIO VIEIRA - ENSINO FUNDAMENTAL E MEDIO,2452,,
2010,PR,SAO JOSE DOS PINHAIS,78859,8,5500,ESCOLA MUNICIPAL PADRE PEDRO FUSS,3072,,
2010,PR,SAO JOSE DOS PINHAIS,78859,199,5502,ESCOLA MUNICIPAL ANTONIO FRANCO DA ROCHA - ENS FUNDAMENTAL,8107,,
2010,PR,SAO JOSE DOS PINHAIS,78859,199,5503,ESCOLA MUNICIPAL PROFª LECI CALDEIRA SCHERNER - ENS FUNDAMENTAL,5521,,
2010,PR,SAO JOSE DOS PINHAIS,78859,199,5668,CENTRO MUNICIPAL DE EDUCACAO INFANTIL MARI SILVA,3544,,
2010,PR,SAO JOSE DOS PINHAIS,78859,199,5500,CENTRO DE DETENCAO PROVISORIA DE SAO JOSE DOS PINHAIS,1313,,
2010,PR,SENGES,79014,54,5500,ESCOLA MUNICIPAL TRAJANO JORGE,2363,,
2010,PR,SENGES,79014,54,5501,ESCOLA RURAL SAO DOMINGOS,183,,
2010,PR,TELEMACO BORBA,79154,111,5500,ESCOLA ESTADUAL JARDIM ALEGRE,1719,,
2010,PR,TELEMACO BORBA,79154,111,5501,ESCOLA MUNICIPAL CONSELHEIRO ZACARIAS,433,,
2010,PR,TERRA BOA,79170,173,5500,ESCOLA MUNICIPAL MONTEIRO LOBATO,2519,,
2010,PR,TOLEDO,79278,75,5504,FUNDACAO EDUCACIONAL DE TOLEDO - FUNET,3028,,
2010,PR,TOLEDO,79278,148,5501,ESCOLA MUNICIPAL ANTONIO GONCALVES DIAS,502,,
2010,PR,TOLEDO,79278,75,5501,ESCOLA BORGES DE MEDEIROS,2302,,
2010,PR,TOLEDO,79278,75,5503,ESCOLA ESTADUAL DARIO VELLOZO,2302,,
2010,PR,TOLEDO,79278,75,5502,ESCOLA ESTADUAL AUGUSTINHO DONIN,6093,,
2010,PR,TOLEDO,79278,75,5500,ESCOLA ARSENIO HEISS,6093,,
2010,PR,UMUARAMA,79359,89,5504,ESCOLA MUNICIPAL NICANOR DOS SANTOS SILVA,5700,,
2010,PR,UMUARAMA,79359,89,5500,ESCOLA EST PADRE MANOEL DA NOBREGA,5700,,
2010,PR,UMUARAMA,79359,89,5501,ESCOLA ESTADUAL SENADOR SOUZA NAVES,1979,,
2010,PR,UMUARAMA,79359,89,5502,ESCOLA ESTADUAL VEREADOR JOSE BALAN,934,,
2010,PR,UMUARAMA,79359,202,5501,ESCOLA MUNICIPAL PADRE JOSE DE ANCHIETA,1765,,
2010,PR,UMUARAMA,79359,89,5506,ESCOLA MUNICIPAL SEBASTIAO DE MATOS,2115,,
2010,PR,UMUARAMA,79359,89,5505,ESCOLA MUNICIPAL PARQUE INDUSTRIAL (PROFª ANALIDES DE OLIVEIRA CARUSO),435,,
2010,PR,UMUARAMA,79359,89,5503,ESCOLA MUNICIPAL EVANGELICA,371,,
2010,PR,UNIAO DA VITORIA,79375,33,5504,ESCOLA RURAL MUNICIPAL FAXINAL MARIANOS,81,,
2010,PR,UNIAO DA VITORIA,79375,33,5506,ESCOLA RURAL MUNICIPAL LEOPOLDO CASTILHO,81,,
2010,PR,UNIAO DA VITORIA,79375,33,5507,ESCOLA RURAL MUNICIPAL PEDRO SCHEID,81,,
2010,PR,UNIAO DA VITORIA,79375,33,5505,ESCOLA RURAL MUNICIPAL JOAQUIM FRANKLIN,81,,
2010,PR,UNIAO DA VITORIA,79375,33,5503,ESCOLA RURAL MUNICIPAL DOM PEDRO II,81,,
2010,PR,UNIAO DA VITORIA,79375,33,5500,CENTRO SOCIAL DA COLONIA BARRA DO PALMITAL,75,,
2010,PR,UNIAO DA VITORIA,79375,33,5502,ESCOLA MUNICIPAL DUARTE CATTA PRETA,352,,
2010,PR,UNIAO DA VITORIA,79375,33,5501,COLEGIO MUNICIPAL MARIDALVA DE FATIMA PALAMAR,3009,,
2010,PR,VITORINO,79472,151,1147,PAVILHAO DA COMUNIDADE DE VISTA ALEGRE,171,0,
2010,PR,BOA VISTA DA APARECIDA,79812,165,1147,ESCOLA BOA VISTA,3270,1581,
2010,PR,NOVA PRATA DO IGUACU,79952,162,5503,SALAO COMUNITARIO - SAO JOAO DO VORA,586,,
2010,PR,NOVA PRATA DO IGUACU,79952,162,5500,ESCOLA MUNICIPAL PAULO PIMENTEL - NOVA VITORIA,123,,
2010,PR,NOVA PRATA DO IGUACU,79952,162,5504,SALAO COMUNITARIO - VILA SALETE,121,,
2010,PR,NOVA PRATA DO IGUACU,79952,162,5502,SALAO COMUNITARIO - COLONIA NOVA,198,,
2010,PR,NOVA PRATA DO IGUACU,79952,162,5501,SALAO COMUNITARIO - ALTO BELA VISTA,107,,
2010,RJ,QUATIS,58025,183,5500,ESCOLA MUNICIPAL PROFª JULIETA PEREIRA SAMPAIO,3330,,
2010,RJ,ARARUAMA,58033,92,5669,CIEP 384 - GONCALVES DIAS,778,,
2010,RJ,ARARUAMA,58033,92,5501,POLINTER - BASE ARARUAMA,3493,,
2010,RJ,BELFORD ROXO,58041,155,5500,E.M. PASTOR RUBENS DE CASTRO,1535,,
2010,RJ,BELFORD ROXO,58041,152,5500,CENTRO DE ATENDIMENTO INTENSIVO DE BELFORD ROXO,4464,,
2010,RJ,BARRA DO PIRAI,58050,93,5500,IGREJA EVANGELICA CONGREGACIONAL DE BARRA DO PIRAI . CCVR,851,,
2010,RJ,BARRA MANSA,58076,203,5919,ESCOLA MUNICIPAL DAMIAO MEDEIROS,1525,,
2010,RJ,BARRA MANSA,58076,94,5500,COLEGIO MUNICIPAL PREF. LEONISIO SOCRATES BATISTA,726,,
2010,RJ,BARRA MANSA,58076,203,1104,ESCOLA MUNICIPAL HUMBERTO QUINTO CHIESSE,1159,,
2010,RJ,BARRA MANSA,58076,94,5501,E.E. MUNICIPALIZADA PROF.º ABEL DE OLIVEIRA,2053,,
2010,RJ,BARRA MANSA,58076,94,5502,ESCOLA  MUNICIPAL DR. ELVINO ALVES FERREIRA,4315,,
2010,RJ,BOM JARDIM,58092,42,5500,ESCOLA MUNICIPALIZADA VARGEM ALTA ( ESCOLA DO LELES ),279,,
2010,RJ,QUEIMADOS,58122,138,5501,ESCOLA MUNICIPAL BATISTA,3191,,
2010,RJ,CABO FRIO,58130,256,1015,ESC. MUN. DO ANGELIM,281,289,
2010,RJ,CABO FRIO,58130,256,1031,E. M. PROF. ACHILLES ALMEIDA BARRETO,772,235,
2010,RJ,CABO FRIO,58130,256,1040,ESCOLA MUNICIPAL PROFESSORA ELICEA DA SILVEIRA,684,375,
2010,RJ,CABO FRIO,58130,256,1090,ESCOLA MUNICIPAL DO PERO,380,0,
2010,RJ,CABO FRIO,58130,256,1104,ESC. MUN. PEDRO JOTHA,3374,153,
2010,RJ,CABO FRIO,58130,256,1112,ESC. MUN. PROFª. CATHARINA DA SILVEIRA CORDEIRO,772,1331,
2010,RJ,CABO FRIO,58130,256,1163,E. M. TALITA HERNANDES PERELLO,1892,1536,
2010,RJ,CABO FRIO,58130,256,1180,ESCOLA MUNICIPAL PROFESSOR OSWALDO SANTA ROSA,1640,181,
2010,RJ,CABO FRIO,58130,256,1228,ESC. AGRICOLA MUN. NILO BATISTA,329,445,
2010,RJ,CABO FRIO,58130,256,1236,ESC. MUN. JOAO EVANGELISTA DOS SANTOS,281,715,
2010,RJ,CABO FRIO,58130,256,1287,ESC. MUN. PROF. LUCELEA RODRIGUES DA COSTA,909,510,
2010,RJ,CABO FRIO,58130,256,1309,ESC. MUNICIPALIZADA ARACA,393,545,
2010,RJ,CABO FRIO,58130,256,1317,ESC. MUN. FRANCISCO FRANCO,281,304,
2010,RJ,JAPERI,58149,139,5501,ESCOLA MUNICIPAL PASTOR TASSO,2482,,
2010,RJ,COMENDADOR LEVY GASPARIAN,58165,40,5671,AUDITORIO DO CENTRO MUNICIPAL DE SAUDE,224,,
2010,RJ,COMENDADOR LEVY GASPARIAN,58165,40,1945,GINASIO POLIO ESPORTIVO ANTONIO JOSE ALVES,245,,
2010,RJ,CAMBUCI,58173,97,1104,ESCOLA ESTADUAL VALDEMIRO PITA,387,,
2010,RJ,CAMPOS DOS GOYTACAZES,58190,98,5500,COLEGIO EUCARISTICO,1665,,
2010,RJ,CAMPOS DOS GOYTACAZES,58190,100,1295,COLEGIO ESTADUAL ESTEFANIA PEREIRA PINTO,183,,
2010,RJ,CAMPOS DOS GOYTACAZES,58190,98,5503,LAURA DE VICUNHA (INST. PROF. LAURA DE VICUNHA),2430,,
2010,RJ,CAMPOS DOS GOYTACAZES,58190,249,5501,CIEP DO PARQUE AURORA,3141,,
2010,RJ,RIO DAS OSTRAS,58203,184,5772,ESCOLA MUNICIPAL HENRIQUE SARZEDAS,821,,
2010,RJ,RIO DAS OSTRAS,58203,184,5504,ESCOLA MUNICIPAL JOAO BENTO DUARTE NETO,5286,,
2010,RJ,RIO DAS OSTRAS,58203,184,5505,INSTITUTO NOSSA SENHORA DA GLORIA,2369,,
2010,RJ,RIO DAS OSTRAS,58203,184,5502,CENTRO INTEGRADO DE ENSINO EDUCARTE,3492,,
2010,RJ,RIO DAS OSTRAS,58203,184,5501,CENTRO INTEGRADO DE CONVIVENCIA,169,,
2010,RJ,AREAL,58220,174,5501,SECRETARIA MUNICIPAL DE EDUCACAO,1958,,
2010,RJ,CASIMIRO DE ABREU,58254,50,5670,CENTRO EDUCACIONAL BATISTA,3985,,
2010,RJ,IGUABA GRANDE,58262,181,5500,AGENCIA DOS CORREIOS,3088,,
2010,RJ,CORDEIRO,58297,52,5500,COLEGIO CENECISTA SANTA MONICA (AGREGADA A 56ª),1570,,
2010,RJ,DUQUE DE CAXIAS,58335,200,5501,ESPACO RECREATIVO ALEGRIA DO SABER,2347,,
2010,RJ,DUQUE DE CAXIAS,58335,127,1341,ESCOLA MUNICIPAL SANTA LUZIA,3134,,
2010,RJ,DUQUE DE CAXIAS,58335,66,5500,POLINTER - BASE DUQUE DE CAXIAS,969,,
2010,RJ,ITABORAI,58378,104,5500,ESCOLA MUNICIPAL PEDRO ANTONIO NOVAES,5699,,
2010,RJ,ITAGUAI,58394,105,5500,ESCOLA MUNICIPAL PROFESSORA MARIA GUILHERMINA DE SOUZA FREIRE,1953,,
2010,RJ,ITAOCARA,58416,106,5672,COLEGIO MUNICIPAL NILDO CARUSO NARA,1192,,
2010,RJ,ITAOCARA,58416,106,5673,NACIONAL ESPORTE CLUBE,1192,,
2010,RJ,ITAOCARA,58416,106,5674,CIEP 275 LENINE CORTES FALANTE,1273,,
2010,RJ,ITAOCARA,58416,106,5675,COLEGIO ESTADUAL FREI TOMAS,731,,
2010,RJ,ITAOCARA,58416,106,1112,COLEGIO ESTADUAL JOHENIR HENRIQUES VIEGAS,551,,
2010,RJ,SEROPEDICA,58424,225,5500,COLEGIO ESTADUAL AVARINA DE CARVALHO JANOTTI,3910,,
2010,RJ,SEROPEDICA,58424,225,5920,CIEP 156 - KM 40,3076,,
2010,RJ,MESQUITA,58467,150,5771,ESCOLA MUNICIPAL PROFESSOR MARCOS GIL,1845,,
2010,RJ,MESQUITA,58467,150,5728,POLINTER - BASE FEMININA DE MESQUITA,1845,,
2010,RJ,MACAE,58475,254,5506,CRECHE M. MARIA CECILIA TOURINHO FURTADO (CAETANO DIAS INTERDITADO),2260,,
2010,RJ,MACAE,58475,254,5504,COLEGIO MUNICIPAL PROF. SAMUEL BRUST(MUDANCA DE LOCAL),2260,,
2010,RJ,MACAE,58475,254,5505,CRECHE ESCOLA M. NOSSA SENHORA DA CONCEICAO (PX ALVARO BASTOS),4179,,
2010,RJ,MAGE,58491,148,5501,ESCOLA MUNICIPAL BENITO ALEM  COZZOLINO,3940,,
2010,RJ,MAGE,58491,110,5501,E.M. ANA MARIA COZZOLINO,1342,,
2010,RJ,MAGE,58491,110,5500,CEPRAM - CENTRO EDUCACIONAL PRAIA DE MAUA (EMO),2274,,
2010,RJ,MAGE,58491,110,5505,ESCOLA MUNICIPAL AFONSO COZZOLINO (BARAO DO IRIRI),2079,,
2010,RJ,MAGE,58491,110,5506,ESCOLA MUNICIPAL CLOTILDE ALEM COZZOLINO (PARQUE BONEVILLE),193,,
2010,RJ,MAGE,58491,110,5507,ESCOLA MUNICIPAL MARIETA COZZOLINO (CELSO GOULART),487,,
2010,RJ,NILOPOLIS,58637,80,5500,COLEGIO CENECISTA NILO PECANHA,3863,,
2010,RJ,NILOPOLIS,58637,44,5500,CETECON,2358,,
2010,RJ,NILOPOLIS,58637,80,5501,ESC. MUN. POETA CARLOS DRUMMOND DE ANDRADE,3818,,
2010,RJ,NILOPOLIS,58637,44,5501,CIEP DA VILA OLIMPICA,2390,,
2010,RJ,NILOPOLIS,58637,44,5502,ITAU,2540,,
2010,RJ,NITEROI,58653,144,5679,ESCOLA TECNICA ESTADUAL HENRIQUE LAGE,3442,,
2010,RJ,NITEROI,58653,113,5677,UNIVERSIDADE SALGADO DE OLIVEIRA - BL B,599,,
2010,RJ,NITEROI,58653,199,5501,UNIPLI CAMBOINHAS,2063,,
2010,RJ,NOVA FRIBURGO,58670,222,5501,IGREJA PREBISTERIANA DO JARDIM DO EDEN,2101,,
2010,RJ,NOVA IGUACU,58696,27,5500,FUNDACAO EDUCARTE,521,,
2010,RJ,NOVA IGUACU,58696,27,5680,INSTITUTO SILVA PINTO,1717,,
2010,RJ,NOVA IGUACU,58696,27,1430,GRUPO ESCOLAR RANGEL PESTANA,563,,
2010,RJ,NOVA IGUACU,58696,159,5681,E. E. ROSA DOS VENTOS (JOAO DO VALE),4703,,
2010,RJ,NOVA IGUACU,58696,156,5500,CIEP 351 - GRAMA,941,,
2010,RJ,PARAIBA DO SUL,58734,28,1090,COLEGIO ESTADUAL MONSENHOR FRANCISCO,1541,,
2010,RJ,PARAIBA DO SUL,58734,28,1350,IGREJA TABERNACULO DE DEUS,1516,,
2010,RJ,PARAIBA DO SUL,58734,28,1406,ESCOLA MUNICIPALIZADA MANUEL GONCALVES D'ASCENSAO,1541,,
2010,RJ,PARATY,58750,57,5500,ESCOLA MUNICIPAL GUIOMAR SCHIMIDT MARQUES,1061,,
2010,RJ,PARATY,58750,57,5501,ESCOLA MUNICIPAL SAMUEL COSTA,367,,
2010,RJ,PETROPOLIS,58777,85,5683,ESCOLA MUNICIPAL SAO JUDAS TADEU,1578,,
2010,RJ,PETROPOLIS,58777,65,5682,COLEGIO PADRE CORREA,1670,,
2010,RJ,RESENDE,58831,31,5500,CIEP 347 (TOYOTA),3046,,
2010,RJ,SANTO ANTONIO DE PADUA,58939,34,5500,MINISTERIO DO ESTADO DA FAZENDA,572,,
2010,RJ,SANTO ANTONIO DE PADUA,58939,34,5684,ESCOLA MUNICIPAL VIVA,663,,
2010,RJ,SAO FIDELIS,58955,35,5685,COLEGIO ESTADUAL ELVIDIO COSTA,101,,
2010,RJ,SAO FIDELIS,58955,35,5501,ESCOLA MUNICIPAL CACONDA,859,,
2010,RJ,SAO GONCALO,58971,137,5502,G. E. ADINO XAVIER,2521,,
2010,RJ,SAO GONCALO,58971,136,5500,COLEGIO MUNICIPAL LUIZ GONZAGA,11655,,
2010,RJ,SAO GONCALO,58971,136,5686,COLEGIO SANTA MONICA,3954,,
2010,RJ,SAO GONCALO,58971,137,5500,BATISTA GONCALENSE - INSTITUTO DE EDUCACAO GARDNER,4541,,
2010,RJ,SAO GONCALO,58971,137,5501,CIEP 408 - SERGIO CARDOSO (TRINDADE),4806,,
2010,RJ,SAO GONCALO,58971,69,2070,SEST SENAT,2116,,
2010,RJ,SAO JOAO DE MERITI,59013,145,5501,PRIMEIRA IGREJA BATISTA DE AGOSTINHO PORTO,421,,
2010,RJ,SAO JOAO DE MERITI,59013,145,5500,GRUPO ESCOLAR MUNICIPAL AGOSTINHO DA COSTA,2164,,
2010,RJ,SAO JOAO DE MERITI,59013,187,5687,CRECHE MUNICIPAL CRIANCA FELIZ,1382,,
2010,RJ,SAO JOAO DE MERITI,59013,89,5500,POLINTER - BASE SAO JOAO DE MERITI,1544,,
2010,RJ,SAO PEDRO DA ALDEIA,59030,59,5502,ESCOLA MUNICIPAL PROFª MARIA CELESTE DE CAMPOS,1799,,
2010,RJ,SAO PEDRO DA ALDEIA,59030,59,5501,ESCOLA MUNICIPAL PROFª DULCINDA JOTTA MENDES,1582,,
2010,RJ,SAO PEDRO DA ALDEIA,59030,59,5500,ESCOLA MUNICIPAL PROFª CAROLINA NAZARETH TEIXEIRA PINHEIRO,3866,,
2010,RJ,SAO SEBASTIAO DO ALTO,59056,60,5500,ESCOLA MUNICIPAL PONTA DA AREIA,166,,
2010,RJ,SAPUCAIA,59072,61,5500,ESCOLA MUNICIPAL DR JOAO DE LIMA VIANA,1086,,
2010,RJ,SAQUAREMA,59099,62,5500,E.M. JARDIM IPITANGAS,905,,
2010,RJ,SILVA JARDIM,59110,63,5500,JARDIM DE INFANCIA O PATINHO FEIO,341,,
2010,RJ,TRES RIOS,59196,174,5500,ESCOLA ESTADUAL LUTHER KING,1243,,
2010,RJ,TRES RIOS,59196,40,5501,CRECHE MUNICIPAL JOSE FERREIRA CERQUEIRA,941,,
2010,RJ,VASSOURAS,59234,41,5688,INSTITUTO DE EDUCACAO TIAGO COSTA,2504,,
2010,RJ,VASSOURAS,59234,41,5501,ESCOLA MUN SAGRADA FAMILIA DE NAZARETH,1275,,
2010,RJ,VASSOURAS,59234,41,5502,UNIDADE BASICA DE SAUDE - GLORIA,1275,,
2010,RJ,VOLTA REDONDA,59250,47,5501,CIEP 053 -  NELSON GONCALVES,6598,,
2010,RJ,VOLTA REDONDA,59250,47,5504,UGB,3061,,
2010,RJ,VOLTA REDONDA,59250,47,5502,CIEP 299 - JULIO CARUSO,6598,,
2010,RJ,VOLTA REDONDA,59250,47,5503,E. M. NILTON PENNA BOTELHO,1669,,
2010,RJ,RIO DE JANEIRO,60011,8,1082,MAGNATAS ATLETICO CLUB,5328,,
2010,RJ,RIO DE JANEIRO,60011,169,1171,ESCOLA OSWALDO CRUZ,5597,,
2010,RJ,RIO DE JANEIRO,60011,182,1430,ESCOLA MUNICIPAL LINCOLN BICALHO ROQUE,2452,,
2010,RN,SERRA DO MEL,16020,34,5921,ESCOLA MUNICIPAL VILA PARANA,292,,
2010,RN,SERRA DO MEL,16020,34,1155,ESCOLA MUNICIPAL VILA GOIAS,3683,,
2010,RN,SERRA DO MEL,16020,34,5922,ESCOLA MUNICIPAL VILA CEARA,292,,
2010,RN,SERRA DO MEL,16020,34,1244,ESCOLA MUNICIPAL VILA MARANHAO,292,,
2010,RN,CURRAIS NOVOS,16616,20,5689,ASSOCIACAO DE PAIS E AMIGOS EXCEPCIONAIS - APAE,1603,,
2010,RN,GALINHOS,16799,52,5690,ESCOLA MUNICIPAL LIRIO DO VALE,353,,
2010,RN,IPUEIRA,16934,65,5500,ESCOLA MUNICIPAL FRANCISCO QUININO DE MEDEIROS,1674,,
2010,RN,MONTANHAS,17531,12,1112,ESCOLA MUNICIPAL BELO HORIZONTE,2,,
2010,RN,NISIA FLORESTA,17639,67,5500,ESCOLA MUNICIPAL FRANCISCA PEREIRA DA SILVA,1174,,
2010,RN,NISIA FLORESTA,17639,67,5502,ESCOLA MUNICIPAL MARIA DE LOURDES FERREIRA DE CARVALHO,420,,
2010,RN,PARNAMIRIM,17795,50,5502,ESCOLA ESTADUAL PROFA MARIA ARAUJO,1152,,
2010,RO,JI-PARANA,51,30,5500,ESCOLA ADAO VALDIR LAMOTA,3880,,
2010,RO,JI-PARANA,51,3,5500,EEEM JOVEM GONCALVES VILELA,3792,,
2010,RO,JI-PARANA,51,3,5501,ESCOLA MUNICIPAL DE ENSINO FUNDAMENTAL ANTONIO PRADO,539,,
2010,RO,CACOAL,94,31,5500,ESC. MARIA SOCORRO VIANA DE ALMEIDA,3283,,
2010,RO,PIMENTA BUENO,116,9,5500,CRECHE MARIA CLARA,1735,,
2010,RO,PIMENTA BUENO,116,9,5506,ESCOLA PROFESSOR EMANUEL OSVALDO MOREIRA,1735,,
2010,RO,PIMENTA BUENO,116,9,5504,ESCOLA PROF. DIVA TERESA FERREIRA,164,,
2010,RO,PIMENTA BUENO,116,9,5502,ESCOLA JARU III,442,,
2010,RO,PIMENTA BUENO,116,9,5501,ESCOLA AGUIA DOURADA,164,,
2010,RO,PRESIDENTE MEDICI,191,14,5500,ESCOLA IRMA DOROTHY MAE STANG,409,,
2010,RO,ESPIGAO DO OESTE,256,12,5504,EMEIEF. SIMONE MOURA ROSA,4512,,
2010,RO,ESPIGAO DO OESTE,256,12,5505,ESCOLA MUNICIPAL FERNANDA SOUZA DE PAULA,4904,,
2010,RO,ALTA FLORESTA DO OESTE,310,17,5501,EMEMF POTY,675,,
2010,RO,ALTA FLORESTA DO OESTE,310,17,5500,EMEMF MARTIM AFONSO DE SOUZA,472,,
2010,RO,NOVA MAMORE,434,1,5500,E. M. E. F. MAL. CANDIDO RONDON,278,,
2010,RO,MONTE NEGRO,663,25,5501,ESC. AURELIO BUARQUE DE HOLANDA FERREIRA,3881,,
2010,RO,MONTE NEGRO,663,25,5500,E.M.E.F. MARCOS VINICIUS CRUZ DE MORAIS,1941,,
2010,RR,BOA VISTA,3018,1,3352,CADEIA PUBLICA,1511,,
2010,RR,CARACARAI,3034,2,1368,SEBASTIAO BENICIO DA SILVA E.,149,,
2010,RS,DOIS LAJEADOS,84824,22,5694,PREFEITURA MUNICIPAL DE DOIS LAJEADOS,407,,
2010,RS,DOIS LAJEADOS,84824,22,5773,SALAO COMUNITARIO DA CAPELA CARAVAGIO - CLUBE DE MAES,230,,
2010,RS,SAO JOAO DA URTIGA,84859,95,5500,SALAO COMUNITARIO,1240,,
2010,RS,SAO JOAO DA URTIGA,84859,95,5501,SALAO COMUNITARIO (CAPELA SAO JOSE),1240,,
2010,RS,BOQUEIRAO DO LEAO,84921,93,5501,ESCOLA MUNICIPAL MARIA CASSULI (ALTO IRERE),371,,
2010,RS,BOQUEIRAO DO LEAO,84921,93,5502,ESCOLA MUNICIPAL ROMEU KEMPFER (COLONIA SAO PAULO),371,,
2010,RS,BOQUEIRAO DO LEAO,84921,93,5500,ESCOLA MUNICIPAL FRANCISCO CASSULI (LAJEADINHO),371,,
2010,RS,IBARAMA,84972,53,5502,ESCOLA MUNICIPAL JOAO SEBBEN,68,,
2010,RS,IBARAMA,84972,53,5501,ESCOLA MUNICIPAL EDVALDO DREVS,106,,
2010,RS,IBARAMA,84972,53,5500,ESCOLA MUNICIPAL CARLOS OTTO FREDERICO HEIDMAN,129,,
2010,RS,PANTANO GRANDE,84980,38,1732,SALAO SAO JOAO BATISTA,778,374,
2010,RS,TRINDADE DO SUL,85006,99,5706,LINHA BAU I - GINASIO DE ESPORTES,359,,
2010,RS,ALECRIM,85057,102,1090,SOCIEDADE NOSSA SENHORA DOS NAVEGANTES,150,,
2010,RS,BROCHIER,85065,31,5500,E.M.E.F. PASTOR RODOLFO SAENGER,407,,
2010,RS,TERRA DE AREIA,85162,77,5500,ESC. MUN. JOSE DO PATROCINIO,1707,,
2010,RS,TERRA DE AREIA,85162,77,5501,ESCOLA ESTADUAL DE 1 GRAU LEOPOLDO STENZEL,612,,
2010,RS,LAGOAO,85260,53,1180,EM SAO FRANCISCO DE ASSIS,226,52,
2010,RS,BAGE,85316,7,1015,A.A.B.B.,24,,
2010,RS,BARAO DE COTEGIPE,85332,148,5691,INSTITUTO ANGLICANO BARAO DO RIO BRANCO,242,,
2010,RS,BARROS CASSAL,85391,54,5502,SALAO COMUNITARIO LINHA SAO SEBASTIAO,379,,
2010,RS,CACAPAVA DO SUL,85553,9,5501,SALAO PAROQUIAL,687,,
2010,RS,CACAPAVA DO SUL,85553,9,5500,ESCOLA ESCOLA JANUARIA LEAL,91,,
2010,RS,CACHOEIRA DO SUL,85596,10,5502,ESCOLA ESTADUAL DE ENS. FUND. BAIRRO CARVALHO,1707,,
2010,RS,CACHOEIRA DO SUL,85596,10,5500,ASSOCIACAO DOS MORADORES DO IRAPUA,356,,
2010,RS,IMBE,85685,110,5502,ESCOLA MUNICIPAL RUI BARBOSA,1464,,
2010,RS,IMBE,85685,110,5501,ESCOLA MUNICIPAL OLAVO BILAC,1464,,
2010,RS,CAMPINAS DO SUL,85758,148,1112,SALAO COMUNITARIO ENGENHO GRANDE,92,65,
2010,RS,IMIGRANTE,85782,125,5700,SOCIEDADE RECREATIVA LINHA ERVAL,642,,
2010,RS,CANGUCU,85871,14,5500,CTG SENTINELA DA ARMADA,776,,
2010,RS,CANGUCU,85871,14,5506,ESCOLA ESTADUAL DE 1 GRAU FELICIANO BARCELOS NUNES,72,,
2010,RS,CANGUCU,85871,14,5505,ESC TECNICA EST CANGUCU,878,,
2010,RS,CANGUCU,85871,14,5507,ESCOLA MUN DE 1 GRAU INCOMPLETO RIO BRANCO,80,,
2010,RS,CANGUCU,85871,14,5504,ESC MUNICIPAL DE 1 GRAU INCOMP GUIDO TIMM VENZKE,1425,,
2010,RS,CANGUCU,85871,14,5508,SEC MUN PLANEJ. MEIO AMBIENTE E URBANISMO,776,,
2010,RS,CANGUCU,85871,14,5502,ESC EST DE 1 GRAU INCOMP CARLOS SOARES SILVEIRA,469,,
2010,RS,CANGUCU,85871,14,5503,ESC MUN DE 1 GRAU HEITOR SOARES RIBEIRO,697,,
2010,RS,CASEIROS,85880,28,5603,SALAO DA COMUNIDADE,181,,
2010,RS,CASEIROS,85880,28,5500,SALAO DA COMUNIDADE,53,,
2010,RS,CANOAS,85898,171,5500,ERNA WURTH - E. M. DE ENS. FUND. (CAIC),554,,
2010,RS,CANOAS,85898,170,5501,ESCOLA MUNICIPAL MAX ADOLFO ODERICH,2183,,
2010,RS,CANOAS,85898,170,5500,ESCOLA MUNICIPAL DAVID CANABARRO,2183,,
2010,RS,CANOAS,85898,66,5500,ESCOLA MUNICIPAL DE ENSINO INFANTIL MARILENE DA SILVA MACHADO,2868,,
2010,RS,CARAZINHO,85910,15,5692,ESCOLA SINODAL RUI BARBOSA,1919,,
2010,RS,CAXIAS DO SUL,85995,169,5500,E. E. E. M. ERICO VERISSIMO - MARILAND,1334,,
2010,RS,CAXIAS DO SUL,85995,169,5508,PENITENCIARIA INDUSTRIAL DE CAXIAS DO SUL,2463,,
2010,RS,AMARAL FERRADOR,86045,19,5500,ESCOLA ESTADUAL JOSE DO PATROCINIO,115,,
2010,RS,CRISSIUMAL,86177,91,5693,SALAO COMUNITARIO,105,,
2010,RS,CRUZEIRO DO SUL,86215,29,5500,ESPORTE CLUBE CANARINHO,276,,
2010,RS,DOM PEDRITO,86290,18,5695,ESCOLA ESTADUAL VACAIQUA,75,,
2010,RS,ERECHIM,86371,20,5500,PRESIDIO ESTADUAL DE ERECHIM,2023,,
2010,RS,ESTEIO,86517,97,5696,ESCOLA SAO JOAO,2409,,
2010,RS,CHARRUA,86568,100,1015,ESCOLA MUNICIPAL DE ENS. FUND. CARMELINDA BASEGGIO,607,,
2010,RS,GARIBALDI,86690,98,5500,ESCOLA M. E. F. OSVALDO ARANHA,66,,
2010,RS,ENGENHO VELHO,86703,146,5501,ESCOLA MUNICIPAL DE ENSINO FUND OSWALDO ARANHA,860,,
2010,RS,GIRUA,86797,127,5774,COLEGIO EVANGELICO RUI BARBOSA,940,,
2010,RS,GRAVATAI,86835,173,5500,CTG LACOS DE EMBIRA,4146,,
2010,RS,GUAPORE,86878,22,5500,PREFEITURA MUNICIPAL,1595,,
2010,RS,GUAPORE,86878,22,5775,SUB-PREFEITURA LINHA COLOMBO,396,,
2010,RS,GUAPORE,86878,22,5699,SALAO COMUNITARIO DA CAPELA SANTO ANTONIO - LINHA OITAVA,100,,
2010,RS,GUAPORE,86878,22,5697,SALAO COMUNITARIO DA CAPELA SAO JOSE - LINHA QUINTA PINHEIRO MACHADO,431,,
2010,RS,GUAPORE,86878,22,5698,ESCOLA ESTADUAL DE ENSINO FUNDAMENTAL DR. FELIX ENGEL FILHO,1688,,
2010,RS,GUAPORE,86878,22,5501,SALAO COMUNITARIO NOSSA SENHORA DO CARMO,1474,,
2010,RS,HORIZONTINA,86916,120,5500,ESCOLA MUN. ENS. FUND. SAO JOSE OPERARIO,587,,
2010,RS,CHARQUEADAS,86932,50,5500,PENITENCIARIA MODULADA ESTADUAL DE CHARQUEADAS,1193,,
2010,RS,MANOEL VIANA,86940,79,5500,ESCOLA ESTADUAL SALGADO FILHO,2137,,
2010,RS,MAQUINE,86967,77,5500,ESCOLA ESTADUAL BOAVENTURA MACHADO,1407,,
2010,RS,MAQUINE,86967,77,5505,ESCOLA MUNICIPAL SANTOS DUMONT,1407,,
2010,RS,MAQUINE,86967,77,5502,ESCOLA MUNICIPAL EUCLIDES DA CUNHA,1407,,
2010,RS,MAQUINE,86967,77,5501,ESCOLA ESTADUAL HILARIO RIBEIRO,1407,,
2010,RS,MAQUINE,86967,77,5504,ESCOLA MUNICIPAL MAURICIO CARDOSO,1407,,
2010,RS,MAQUINE,86967,77,5503,ESCOLA MUNICIPAL FLORIANO PEIXOTO,1407,,
2010,RS,MAQUINE,86967,77,5506,ESCOLA MUNICIPAL ZEFERINO BRASIL,454,,
2010,RS,IBIACA,86975,95,5500,SALAO COMUNITARIO,231,,
2010,RS,MATO LEITAO,87041,93,5503,ESCOLA MUNICIPAL SAO JOSE (ARROIO BONITO),168,,
2010,RS,MATO LEITAO,87041,93,5502,ESCOLA MUNICIPAL CASTRO ALVES (CONCEICAO),757,,
2010,RS,MATO LEITAO,87041,93,5501,ASSOCIACAO CULTURAL ESPORTIVA E RECREATIVA SAMPAIO BAIXO,757,,
2010,RS,MINAS DO LEAO,87068,116,5500,CIA - CENTRO INTEGRAL DO ALUNATO,396,,
2010,RS,ITAQUI,87130,24,5500,PRESIDIO ESTADUAL DE ITAQUI,1545,,
2010,RS,NOVA PADUA,87220,68,1023,ESCOLA ESTADUAL DE ENSINO FUNDAMENTAL LUIZ GELAIN,921,,
2010,RS,JAGUARI,87238,26,5500,CLUBE DE MAES DA CAIXA D'AGUA,761,,
2010,RS,JAGUARI,87238,26,5501,ESCOLA ESTADUAL MAXIMILIANO CORTIANA,314,,
2010,RS,NOVA SANTA RITA,87246,170,5500,ESCOLA ESTADUAL NOVA SOCIEDADE,307,,
2010,RS,NOVA SANTA RITA,87246,170,5501,ESCOLA MUNICIPAL CAMPOS SALLES,251,,
2010,RS,LAGOA VERMELHA,87270,28,5500,COLEGIO DE I E II BOM JESUS - GRAU RAINHA DA PAZ,2233,,
2010,RS,NOVO TIRADENTES,87300,64,5500,PAVILHAO DA CAPELA SAGRADO CORACAO DE JESUS,115,,
2010,RS,MARCELINO RAMOS,87394,3,1112,SALAO PAROQUIAL PONTE DO LIGEIRO,90,76,
2010,RS,MONTENEGRO,87491,31,5500,E.M.E.F. PROF. MARIA JOSEFA ALVES DE OLIVEIRA,1840,,
2010,RS,MONTENEGRO,87491,31,5501,PENITENCIARIA ESTADUAL MODULADA AGENTE JAIR FIORIN,167,,
2010,RS,QUEVEDOS,87521,81,5500,PAVILHAO COMUNITARIO,175,,
2010,RS,NAO-ME-TOQUE,87556,117,5500,COLEGIO NOTRE DAME SAO JOSE,1262,,
2010,RS,NONOAI,87572,99,5776,FAXINAL DOS LOPES - ESCOLA ERASMO LOUREIRO DE MELLO,225,,
2010,RS,PALMEIRA DAS MISSOES,87777,32,5701,CLUBE UNIAO OPERARIA,1230,,
2010,RS,PARAI,87831,138,5500,ESCOLA MUNICIPAL DE ENSINO FUNDAMENTAL ESPACO DO APRENDER,1494,,
2010,RS,SAO VALENTIM DO SUL,87840,22,5705,ESCOLA ESTADUAL  DE ENSINO FUNDAMENTAL ROGACIANO GIORDANI,300,,
2010,RS,PASSO FUNDO,87858,33,5501,SALAO PAROQUIAL - PAR. SAGRADO CORACAO DE JESUS,3875,,
2010,RS,PASSO FUNDO,87858,33,5500,E.M.E.F. PROFESSOR ARNO OTTO KIEHL,558,,
2010,RS,PELOTAS,87912,34,5502,SINDICATO SERVIDORES FEDERAIS DE EDUC. - PELOTAS E CAPAO LEAO,4807,,
2010,RS,PELOTAS,87912,34,5501,E.E. NOSSA SENHORA MEDIANEIRA - 1º GRAU INCOMPLETO,2506,,
2010,RS,PELOTAS,87912,60,2488,ESCOLA MUNICIPAL HENRIQUE PETER,841,524,
2010,RS,PIRATINI,87955,78,5501,ESCOLA DE 1 GRAU INCOMPLETO PROF IGNACIA MACHADO DA SILVEIRA,787,,
2010,RS,PIRATINI,87955,78,5502,ESCOLA ESTADUAL PROF.JOSE ZEFERINO DA SILVEIRA,195,,
2010,RS,PIRATINI,87955,78,5500,ASSOCIACAO COMUNITARIA ASSENTAMENTO RUBIRA,408,,
2010,RS,PORTO ALEGRE,88013,113,5548,EJA DO COLEGIO TIRADENTES,3773,,
2010,RS,VALE DO SOL,88064,162,5707,E.E. JOSE DE ANCHIETA,653,,
2010,RS,VALE DO SOL,88064,162,1210,E.M.E.F. CASTRO ALVES,381,40,
2010,RS,RIO PARDO,88170,38,5501,INSTITUTO NACIONAL DO SEGURO SOCIAL / SECRETARIA DA SAUDE,864,,
2010,RS,RIO PARDO,88170,38,5702,SALAO DO CARLITO,328,,
2010,RS,RIO PARDO,88170,38,5703,ESCOLA MUNICIPAL AUGUSTO LIMBERGER,196,,
2010,RS,RIO PARDO,88170,38,5704,ESCOLA MUNICIPAL HERACILDES CARVALHO LIMA,251,,
2010,RS,RONDA ALTA,88250,167,1368,SALAO DA COMUNIDADE,140,,
2010,RS,DOUTOR RICARDO,88307,67,5500,SALAO COMUNITARIO CAPELA MENINO JESUS,846,,
2010,RS,SANANDUVA,88358,95,5500,ESC. EST. MADRE JUSTINA INES,218,,
2010,RS,SANTA CRUZ DO SUL,88390,40,1538,PAV. COM. CATOLICA SAO FRANCISCO XAVIER,584,,
2010,RS,SANTA CRUZ DO SUL,88390,40,1325,E.M.E.F. DONA LEOPOLDINA,584,,
2010,RS,SANTA CRUZ DO SUL,88390,40,5500,PAVILHAO DA COMUNIDADE EVANGELICA DE PINHEIRAL,972,,
2010,RS,SANTA MARIA,88412,41,5500,ESCOLA ESTADUAL DE ENSINO FUNDAMENTAL MARECHAL RONDON,550,,
2010,RS,SANTANA DO LIVRAMENTO,88455,30,5500,ESCOLA MUNICIPAL PACHECO PRATES,3501,,
2010,RS,SANTO ANGELO,88536,45,5500,PRESIDIO REGIONAL DE SANTO ANGELO,1344,,
2010,RS,SANTO CRISTO,88617,102,5500,SOCIEDADE ESPORTIVA E RECREATIVA XV DE NOVEMBRO,72,,
2010,RS,SAO FRANCISCO DE ASSIS,88650,79,5501,ESCOLA MUNICIPAL SAO CONRADO,103,,
2010,RS,SAO FRANCISCO DE ASSIS,88650,79,5500,ESCOLA MUNICIPAL BARTOLOMEU DIAS,106,,
2010,RS,SAO FRANCISCO DE PAULA,88676,48,5500,CAMARA DE VEREADORES,1036,,
2010,RS,SAO FRANCISCO DE PAULA,88676,48,5501,PRESIDIO ESTADUAL DE SAO FRANCISCO DE PAULA,1319,,
2010,RS,SETE DE SETEMBRO,88706,96,1082,CLUBE DE MAES SANTO ANTONIO,326,56,
2010,RS,SAO JOSE DO NORTE,88730,130,5501,SEDE SOCIAL DO ESPORTE CLUBE ARI BARROSO,396,,
2010,RS,SAO JOSE DO NORTE,88730,130,5500,CAIC-CENTRO DE ATENDIMENTO E INTEGRACAO A CRIANCA,615,,
2010,RS,SAO JOSE DO NORTE,88730,130,5502,SEDE SOCIAL DO ESPORTE CLUBE FORTALEZA,885,,
2010,RS,SAO LEOPOLDO,88773,51,5503,E. E. E. M. DR. CALDRE FIAO,2577,,
2010,RS,SAO LEOPOLDO,88773,51,5505,E. M. E. F. MARIA EDILA DA SILVA SCHMIDT,3397,,
2010,RS,SAO LEOPOLDO,88773,51,5500,COLEGIO MAXIMO CRISTO REI,2225,,
2010,RS,SAO LEOPOLDO,88773,51,5501,E. E. E. F. DR. MARIO SPERB,2975,,
2010,RS,SAO LEOPOLDO,88773,51,5507,E. M. E. F. PROF. OTILIA CARVALHO RIETH,3397,,
2010,RS,SAO LEOPOLDO,88773,51,5506,E. M. E. F. PROF. JOSE GRIMBERG,1635,,
2010,RS,SAO LEOPOLDO,88773,51,5504,E. M. E. F. DR. PAULO DA SILVA COUTO,4654,,
2010,RS,SAO LEOPOLDO,88773,51,5508,E. M. E. F. SANTA MARTA,1635,,
2010,RS,SAO LEOPOLDO,88773,73,1244,E.M.E.F. FRANZ LOUIS WEINMANN,6246,1580,
2010,RS,SAO LEOPOLDO,88773,51,5509,E. M. PROF. JOAO CARLOS VON HOHENDORFF,2376,,
2010,RS,SAO LEOPOLDO,88773,51,5502,E. E. E. F. PROF. EMILIO BOECKEL,4298,,
2010,RS,SAO LUIZ GONZAGA,88811,52,5500,ESCOLA MUN. DE ENSINO FUND. ERNESTINA AMARAL LANGSCH,508,,
2010,RS,SAO NICOLAU,88870,52,5500,POSTO DE SAUDE,143,,
2010,RS,SAO PEDRO DO SUL,88919,81,5501,PAVILHAO CATOLICO DA IGREJA SAO JOSE,104,,
2010,RS,SAO PEDRO DO SUL,88919,81,5500,PAVILHAO CATOLICO DA IGEJA NOSSA SENHORA APARECIDA,78,,
2010,RS,BALNEARIO PINHAL,88927,110,5501,ESCOLA MUNICIPAL LUIZ OLIVEIRA,782,,
2010,RS,BALNEARIO PINHAL,88927,110,5500,CRAS - CENTRO DE REFERENCIA E ASISTENCIA SOCIAL,782,,
2010,RS,SAPIRANGA,88994,131,5500,E.M.E.F. EVARISTO BAUER,285,,
2010,RS,SERAFINA CORREA,89095,22,5501,SALAO COMUNITARIO DA CAPELA SAO CARLOS,142,,
2010,RS,SERAFINA CORREA,89095,22,1279,SALAO COMUNITARIO DA CAPELA SAO JOSE,1164,,
2010,RS,SERAFINA CORREA,89095,22,5500,ESCOLA ESTADUAL DE ENSINO FUNDAMENTAL SANTA ANA,387,,
2010,RS,SERAFINA CORREA,89095,22,1287,ESCOLA MUNICIPAL INFANTIL JEITO DE CRIANCA,1164,,
2010,RS,SOLEDADE,89192,54,5501,SALAO COMUNITARIO,2317,,
2010,RS,TAQUARA,89273,55,5500,BARRACAO DA IGREJA EVANGELICA DE SANTA CRUZ DO PINHAL,735,,
2010,RS,TAQUARA,89273,55,5501,ESC. MUN. ENS. FUND. ABRILINA GOMES,557,,
2010,RS,TRAMANDAI,89354,110,5502,INSTITUTO ESTADUAL DE EDUCACAO BARAO DE TRAMANDAI,1307,,
2010,RS,TRAMANDAI,89354,110,5500,ESCOLA MUNICIPAL  ESTRELA DO MAR,922,,
2010,RS,TRAMANDAI,89354,110,5501,ESCOLA MUNICIPAL CENTRO LAGOA,2080,,
2010,RS,TRES PASSOS,89419,86,5500,COMUNIDADE DA CAPELA SAO MIGUEL,1436,,
2010,RS,TRES PASSOS,89419,86,5501,PRESIDIO ESTADUAL DE TRES PASSOS,757,,
2010,RS,SAO JOSE DO SUL,89460,31,5500,CENTRAL TELEFONICA DE LINHA BONITA ALTA,144,,
2010,RS,TUPANCIRETA,89478,87,1945,ESCOLA PROTASIO LIMA DE MORAES,348,,
2010,RS,TUPANCIRETA,89478,87,1929,ESCOLA MAE DE DEUS,380,,
2010,RS,TUPANCIRETA,89478,87,1937,ESCOLA JOAQUIM NABUCO,359,,
2010,RS,TUPANCIRETA,89478,87,5500,CENTRO CULTURAL DR. JOSE MARIANO DE FREITAS BECK,359,,
2010,RS,URUGUAIANA,89516,57,5500,EEEF URUGUAIANA,2948,,
2010,RS,VACARIA,89532,58,5500,PRESIDIO ESTADUAL DE VACARIA,1006,,
2010,RS,VENANCIO AIRES,89559,93,5501,ESCOLA MUNICIPAL 13 DE MAIO (ISABEL),2327,,
2010,RS,VENANCIO AIRES,89559,93,5503,SALAO PENCK (LEONOR),99,,
2010,RS,VENANCIO AIRES,89559,93,5502,ESCOLA MUNICIPAL CASTRO ALVES (LUCENA),198,,
2010,RS,VIAMAO,89630,59,5501,PUCRS - VIAMAO (ANTIGO SEMINARIO MAIOR),1343,,
2010,RS,VIAMAO,89630,59,5500,ESCOLA MUNICIPAL DE ENSINO FUNDAMENTAL JORGE LUIZ TEIXEIRA,225,,
2010,RS,VIAMAO,89630,59,5502,SALAO PAROQUIAL DA CAPELA SANTA RITA,2031,,
2010,RS,CAPAO DO LEAO,89737,164,5500,ARMAZEM ROSA DE SARON,1494,,
2010,RS,JOIA,98299,155,5500,ESCOLA ESTADUAL MARCOS FREIRE,149,,
2010,SC,LINDOIA DO SUL,80047,90,5500,S. E. R. NAVEGANTES,54,,
2010,SC,AGUAS DE CHAPECO,80098,70,5500,E. I. M. ROSINA SCHAEFER HERMES,298,,
2010,SC,AGUAS DE CHAPECO,80098,70,5501,E.B.E. MAIDANA,391,,
2010,SC,AGUAS DE CHAPECO,80098,70,5502,E.E. IRINEU BORNHAUSEN,298,,
2010,SC,ALFREDO WAGNER,80136,4,5500,ACD - CENTRO COMUNITARIO,252,,
2010,SC,ALFREDO WAGNER,80136,4,5502,SALAO COMUNITARIO ALTO LIMEIRA,204,,
2010,SC,ANTONIO CARLOS,80233,2,5500,NUCLEO ESCOLAR MUNICIPAL PROFESSORA XENIA GOEDERT KREMER,569,,
2010,SC,SERRA ALTA,80284,66,5500,SALAO COMUNITARIO DE LINHA SAO LUIZ,261,,
2010,SC,ARMAZEM,80292,99,5708,CENTRO COMUNITARIO,3601,,
2010,SC,AURORA,80373,102,5923,ESCOLA ESTADUAL DE BRACO AURORA,303,,
2010,SC,BARRA VELHA,80411,80,5500,ESCOLA REUNIDA EPIFANIO MANOEL IGNACIO,1180,,
2010,SC,BIGUACU,80454,2,5500,ESCOLA DE EDUCACAO BASICA CELIA LISBOA DOS SANTOS,1214,,
2010,SC,BLUMENAU,80470,89,5500,PRESIDIO DE BLUMENAU,3215,,
2010,SC,BRUSQUE,80551,86,5500,ESCOLA ALEXANDRE MERICO,702,,
2010,SC,CAMPO ERE,80675,69,5501,PAVILHAO COMUNITARIO,645,,
2010,SC,CAMPO ERE,80675,69,5613,PAVILHAO COMUNITARIO,313,,
2010,SC,CAMPO ERE,80675,69,5709,CENTRO DE EDUCACAO INFANTIL CALDATO,313,,
2010,SC,CAMPOS NOVOS,80691,7,5500,ESCOLA ISOLADA ENCRUZILHADA,76,,
2010,SC,CAMPOS NOVOS,80691,7,5501,ESCOLA ISOLADA SERRARIA PACHECO,149,,
2010,SC,CANELINHA,80713,31,5500,ESCOLA DE EDUCACAO BASICA FAZENDA VITORIA,632,,
2010,SC,CHAPECO,80810,94,5500,ESCOLA BASICA MUNICIPAL FEDELINO MACHADO DOS SANTOS,10837,,
2010,SC,CORONEL FREITAS,80853,94,5500,SALAO COMUNITARIO LINHA SAO CRISTOVAO,110,,
2010,SC,CORUPA,80870,87,5502,ESCOLA MUNICIPAL FREDERICO VIEBRANTZ,320,,
2010,SC,CORUPA,80870,87,5501,ESCOLA BASICA SAO JOSE,3977,,
2010,SC,CORUPA,80870,87,5500,ESCOLA BASICA MUNICIPAL ALUISIO CARVALHO DE OLIVEIRA,3977,,
2010,SC,CURITIBANOS,80934,11,5500,CENTRO EDUCACIONAL 11 DE JUNHO,968,,
2010,SC,DESCANSO,80950,45,5500,SALAO COMUNITARIO,283,,
2010,SC,DIONISIO CERQUEIRA,80977,50,1120,SALAO COMUNITARIO,207,,
2010,SC,FORQUILHINHA,81060,98,5501,ESCOLA DE ENSINO FUNDAMENTAL MIGUEL MINATTO,638,,
2010,SC,FORQUILHINHA,81060,98,5500,ESCOLA DE EDUCACAO BASICA PROFESSOR JAKOB ARNS,2963,,
2010,SC,FRAIBURGO,81078,77,5500,ESCOLA MUNICIPAL CARLOS GOMES,2151,,
2010,SC,GOVERNADOR CELSO RAMOS,81116,2,5500,ESCOLA DE ENSINO BASICO DOUTOR ADERBAL RAMOS DA SILVA,483,,
2010,SC,GAROPABA,81132,73,5500,ESCOLA MUNICIPAL DE ENSINO FUNDAMENTAL AREIAS DE PALHOCINHA,1161,,
2010,SC,GARUVA,81159,19,5500,ESCOLA DE ENSINO FUNDAMENTAL TANCREDO DE ALMEIDA NEVES,5307,,
2010,SC,GUARACIABA,81256,45,5500,CAPELA SAO TIAGO,419,,
2010,SC,HERVAL D'OESTE,81310,85,5500,ESPORTE CLUBE PALMEIRINHA,211,,
2010,SC,ILHOTA,81396,64,5500,CAPELA SAO JOAO,298,,
2010,SC,SAO BERNARDINO,81485,69,5777,SALAO COMUNITARIO SAO FRANCISCO,242,,
2010,SC,IRANI,81531,90,5501,ESCOLA DE EDUCACAO BASICA ISABEL DA SILVA TELLES,3219,,
2010,SC,IRANI,81531,90,5503,ESCOLA MUNICIPAL DE EDUCACAO BASICA SANTO ANTONIO,242,,
2010,SC,IRANI,81531,90,5502,ESCOLA MUNICIPAL DE EDUCACAO BASICA PREFEITO VALDECIR ANGELO ZAMPIERI,242,,
2010,SC,IRANI,81531,90,5500,ESCOLA BASICA MUNICIPAL SEBASTIAO RODRIGUES DE SOUZA,3219,,
2010,SC,JUPIA,81540,49,5500,CLUBE DE MAES DA LINHA PINHEIRO,1398,,
2010,SC,CUNHATAI,81620,70,5500,E. E. NICOLAU SCHOENBERGER,289,,
2010,SC,JARAGUA DO SUL,81752,17,5502,ESCOLA MUNICIPAL ENSINO FUNDAMENTAL SANTO ESTEVAO,117,,
2010,SC,JARAGUA DO SUL,81752,17,5500,CLUBE DE MAES E IDOSOS.,117,,
2010,SC,JARAGUA DO SUL,81752,17,5501,ESCOLA MUNICIPAL DE ENSINO FUNDAMENTAL HENRIQUE HEISI,425,,
2010,SC,JOACABA,81779,18,5500,COLEGIO CENECISTA JOACABENSE,964,,
2010,SC,LAGUNA,81850,20,5502,SALAO PAROQUIAL,465,,
2010,SC,LAGUNA,81850,20,5500,ESCOLA REUNIDA AGRICOLA INDIO GUIMARAES,335,,
2010,SC,LAGUNA,81850,20,5604,SALAO PAROQUIAL,465,,
2010,SC,MAFRA,81990,22,5500,CAPELA SAO PEDRO E SAO PAULO,201,,
2010,SC,MAFRA,81990,22,5501,ESCOLA ISOLADA CAMPO SAO LOURENCO,312,,
2010,SC,MAFRA,81990,22,5502,ESCOLA ISOLADA MUNICIPAL AVENCAL SAO PEDRO,418,,
2010,SC,MARAVILHA,82058,58,5500,CAMARA MUNICIPAL DE VEREADORES,3670,,
2010,SC,MARAVILHA,82058,58,5501,ESCOLA MUNICIPAL PADRE ANTONIO DA COSTA GUIMARAES,248,,
2010,SC,MORRO DA FUMACA,82198,34,5500,ESCOLA DE EDUCACAO BASICA MUNICIPAL VICENTE GUOLLO,145,,
2010,SC,MORRO DA FUMACA,82198,34,5501,ESCOLA DE EDUCACAO BASICA MUNICIPAL ZULEIMA BURIGO GUGLIELMI,2723,,
2010,SC,PONTE ALTA,82619,11,5500,GRUPO ESCOLAR DO CERRADO,138,,
2010,SC,RIO NEGRINHO,82953,74,5500,E. M. DE EDUCACAO BASICA PROFESSORA IRENE OLINDA TEIFKE RIBEIRO,4420,,
2010,SC,SAO CARLOS,83151,70,5501,E.E. CARDEAL ARCOVERDE,879,,
2010,SC,SAO CARLOS,83151,70,5502,E.E.B.M. PADRE NICOLAU GOVERNAUER,293,,
2010,SC,SAO CARLOS,83151,70,5500,E. M. DR. CARLOS CULMEY,879,,
2010,SC,SAO DOMINGOS,83178,75,5500,ESCOLA MUNICIPAL PROFESSORA NAIR TEIXEIRA MORSCHHEISER,2407,,
2010,SC,SAO JOAQUIM,83259,28,5500,ESCOLA BASICA ROCHA POMBO,2677,,
2010,SC,SAO JOSE,83275,29,5501,CENTRO EDUCACIONAL MUNICIPAL ANTONIO FRANCISCO MACHADO,6682,,
2010,SC,SAO LUDGERO,83356,44,5720,EDUCANDARIO MUNICIPAL MENINO DEUS,1142,,
2010,SC,TUBARAO,83674,33,5500,ESCOLA DE EDUCACAO BASICA SENADOR FRANCISCO BENJAMIN GALLOTTI,2551,,
2010,SC,URUSSANGA,83739,34,5501,ESCOLA DE EDUCACAO BASICA CAETANO BEZ BATTI,2746,,
2010,SC,URUSSANGA,83739,34,5500,CENTRO EDUCACIONAL ENERGIA,2746,,
2010,SC,XANXERE,83836,43,5500,CENTRO COMUNITARIO FAXINAL DO IRANI,108,,
2010,SC,XANXERE,83836,43,5501,CENTRO COMUNITARIO MEDIANEIRA,126,,
2010,SC,XANXERE,83836,43,5503,IGREJA PERAU DAS FLORES,205,,
2010,SC,XANXERE,83836,43,5502,E.E.F. AUGUSTO COLATTO,683,,
2010,SE,BARRA DOS COQUEIROS,31119,36,5500,ESCOLA DE EDUCACAO INFANTIL TOM E JERRY,2973,,
2010,SE,NOSSA SENHORA APARECIDA,31356,26,5500,"LAUDICEIA MARIA DE ANDRADE, ESCOLA MUNICIPAL PROFª",204,,
2010,SE,ITABAIANA,31577,9,1163,UNIT,1897,,
2010,SE,ITABAIANA,31577,9,1171,"BENEDITO FIGUEIREDO, ESCOLA MUNICIPAL VICE-GOVERNADOR",4016,,
2010,SE,NOSSA SENHORA DO SOCORRO,31950,34,5501,CADEIA PUBLICA DE NOSSA SENHORA DO SOCORRO ALA MASCULINA,1471,,
2010,SE,NOSSA SENHORA DO SOCORRO,31950,34,5500,CADEIA PUBLICA DE NOSSA SENHORA DO SOCORRO ALA FEMININA,1471,,
2010,SE,PORTO DA FOLHA,32115,18,5501,"LINDA FRANCA, ESCOLA MUNICIPAL RAQUEL RODRIGUES BERNARDINO",1158,,
2010,SE,RIBEIROPOLIS,32190,26,5500,"JOSE GONCALVES DOS SANTOS, ESCOLA MUNICIPAL",233,,
2010,SE,SAO CRISTOVAO,32336,21,5500,ESCOLA MUNICIPAL PROFº JOSE DE ALENCAR CARDOSO,837,,
2010,SE,SAO MIGUEL DO ALEIXO,32395,26,5500,"PARAISO DE SAO PEDRO, POSTO MEDICO DO ASSENTAMENTO",1258,,
2010,SE,TOBIAS BARRETO,32476,23,5710,ESPORTE CLUBE GUARANI,413,,
2010,SE,TOBIAS BARRETO,32476,23,5711,CENTRO COMUNITARIO,555,,
2010,SE,TOBIAS BARRETO,32476,23,5712,FUNDEC,976,,
2010,SP,ARARAQUARA,61638,385,5538,EE PROFESSOR SERGIO PEDRO SPERANZA,386,,
2010,SP,CACAPAVA,62715,29,1490,EE ARRECIERES NATALI,939,,
2010,SP,COTIA,63614,227,1937,CEIC - CENTRO ESPECIAL DE INTEGRACAO DA CRIANCA,1045,,
2010,SP,FERRAZ DE VASCONCELOS,64157,401,1449,EMEI ELIAS SLEIMAN EL KHOURI MIKHAEL,4814,2380,
2010,SP,GUARULHOS,64777,394,1562,"EE ANTONIO PRATICI, PREFEITO",7604,,
2010,SP,MOGI DAS CRUZES,67130,74,1562,COLEGIO ADVENTISTA,532,,
2010,SP,OSASCO,67890,315,5531,EMEI PROFESSOR EMIR MACEDO NOGUEIRA,6256,,
2010,SP,PALMITAL,68071,83,5583,EMEIEF VEREADOR MIGUEL BUENO VIDAL,3150,,
2010,SP,PIRAJUI,68799,95,1171,EMEI PRIMEIROS PASSOS,907,1897,
2010,SP,RIBEIRAO PRETO,69698,305,5530,CENTRO EDUCACIONAL ANCHIETA S/S,1041,,
2010,SP,SALES OLIVEIRA,69990,235,1031,EE CAPITAO GETULIO LIMA,7713,,
2010,SP,SANTA ISABEL,70378,115,5511,EMEI HEITOR MACHADO LOBO,1093,,
2010,SP,SAO PAULO,71072,20,1325,EE YOSHIO NINOMIYA,1624,,
2010,SP,SAO PAULO,71072,408,1350,EMEF CEU CASA BLANCA,4148,,
2010,SP,SAO PAULO,71072,420,5542,ALVORADA INSTITUTO DE EDUCACAO E CULTURA,266,,
2010,SP,SAO PAULO,71072,418,1392,CENTRO EDUCACIONAL UNIFICADO  ALVARENGA,9259,,
2010,SP,SAO PAULO,71072,374,1848,CEU BUTANTA,3768,,
2010,SP,SAO PAULO,71072,350,2321,EMEF VISCONDE DE TAUNAY,5026,,
2010,SP,TABATINGA,71552,49,1074,EM PROFA MARIA AMELIA DA PENHA AGASSI MARTINEZ,2907,,
2010,TO,RIACHINHO,73024,12,1066,ESCOAL MUNICIPAL TEODORO SA,1386,669,
2010,TO,LAGOA DO TOCANTINS,73113,35,5500,ESCOLA ESTADUAL SALMON DO AMARAL BRITO,2174,,
2010,TO,PALMAS,73440,29,5544,ESCOLA MUNICIPAL FRANCISCA BRANDAO RAMALHO,3170,,
2010,TO,ANANAS,92193,12,5713,COLEGIO ESTADUAL GETULIO VARGAS,1048,,
2010,TO,ANANAS,92193,12,1139,CEM - CABO APARICIO ARAUJO PAZ,1061,1219,
2010,TO,ARAGUAINA,92410,1,5500,ETTAL - ESCOLA TECNICA PROFISSIONALIZANTE,206,,
2010,TO,DIANOPOLIS,93416,25,5502,FACULDADE PARA O DESENVOLVIMENTO DO SUDESTE DO TOCANTINS - FADES,4110,,
2010,TO,DIANOPOLIS,93416,25,5500,ESCOLA MUNICIPAL IMACULADA CONCEICAO,4110,,
2010,TO,NAZARE,94838,9,5714,GRUPO ESCOLAR LUIZ MATIAS DO NASCIMENTO,60,,
2010,TO,TOCANTINOPOLIS,96210,9,5715,ALDEIA INDIGENA SAO JOSE - DEPARA 2010,203,,
2014,AC,BUJARI,1007,9,5500,SEAPROF,1027,,
2014,AC,CAPIXABA,1015,8,5501,ESCOLA JOSE ALVES DA SILVA,160,,
2014,AC,CAPIXABA,1015,8,5500,CENTRO DE FLORESTANIA,279,,
2014,AC,CAPIXABA,1015,8,5502,ESCOLA MUNICIPAL MARIA FERNANDES DE AMORIM,1172,,
2014,AC,BRASILEIA,1058,6,5505,ESCOLA PRINCEZA - KM 13 MAIS 25 KM DE RAMAL,190,,
2014,AC,PORTO WALTER,1066,4,5500,ESCOLA ALFREDO SALES,448,,
2014,AC,CRUZEIRO DO SUL,1074,4,1511,ESCOLA COMANDANTE BRAZ DE AGUIAR,159,,
2014,AC,CRUZEIRO DO SUL,1074,4,1317,ESCOLA BARAO DO RIO BRANCO,159,,
2014,AC,CRUZEIRO DO SUL,1074,4,1651,UNIDADE DE GESTAO SUSTENTAVEL - ANTIGA SDA,159,,
2014,AC,CRUZEIRO DO SUL,1074,4,1589,ESCOLA MUNICIPAL PROFESSORA FRANCISCA RITA DE CASSIA LIMA PINTO,1082,,
2014,AC,CRUZEIRO DO SUL,1074,4,2070,ESCOLA DOM HENRIQUE RUTH,883,,
2014,AC,CRUZEIRO DO SUL,1074,4,5501,ESCOLA OVIDIA BARBOSA DE MOURA,1562,,
2014,AC,CRUZEIRO DO SUL,1074,4,5502,POSTO DE FISCALIZACAO,182,,
2014,AC,JORDAO,1104,5,1015,ESCOLA MANOEL RODRIGUES DE FARIAS,864,,
2014,AC,EPITACIOLANDIA,1112,6,5502,POSTO DE SAUDE MANOEL ARAUJO DA COSTA,1025,,
2014,AC,RIO BRANCO,1392,9,5531,ESCOLA DE ENSINO FUNDAMENTAL ARACY CERQUEIRA,2066,,
2014,AC,RIO BRANCO,1392,9,5532,ESCOLA JOAO EDUARDO NOVO II,1795,,
2014,AC,RIO BRANCO,1392,1,3174,ESCOLA DE ENSINO FUNDAMENTAL CLARICE FECURY,1154,,
2014,AC,RIO BRANCO,1392,1,5561,ESCOLA ESTADUAL SANTA MARIA II,1231,,
2014,AC,RIO BRANCO,1392,1,1147,ANTIGO COLEGIO META I,231,,
2014,AC,RIO BRANCO,1392,1,5584,ESCOLA MUNICIPAL DJANIRA BEZERRA,1449,,
2014,AC,TARAUACA,1473,5,1040,ESCOLA JOSE AUGUSTO DE ARAUJO,2219,,
2014,AC,TARAUACA,1473,5,1058,ESCOLA PLACIDO DE CASTRO,331,,
2014,AC,TARAUACA,1473,5,1104,ESCOLA DONIZETE MOTA,2053,,
2014,AC,MANOEL URBANO,1554,3,5501,ESCOLA SANTA FELINA,789,,
2014,AC,ASSIS BRASIL,1570,6,5502,ESCOLA PIYAKATI,481,,
2014,AL,ARAPIRACA,27057,55,5500,ESCOLA ESTADUAL PROFESSOR MOACIR  TEOFILO,2624,,
2014,AL,CAMPO ALEGRE,27278,47,5501,ESCOLA MUNICIPAL PEDRO DE OLIVEIRA SANTOS,4082,,
2014,AL,IGREJA NOVA,27634,30,5778,ESCOLA MUNICIPAL PROFESSORA AURITA ROCHA,679,,
2014,AL,IGREJA NOVA,27634,30,5616,ESCOLA ESTADUAL DE IPIRANGA,679,,
2014,AL,MACEIO,27855,3,1228,ESCOLA MUNICIPAL SILVESTRE PERICLES,2044,,
2014,AL,MACEIO,27855,2,1996,IATE CLUBE PAJUCARA VOTO EM TRANSITO,1597,942,
2014,AL,MACEIO,27855,1,5559,INSTITUTO DRA SONIA MENDONCA,2374,,
2014,AL,MACEIO,27855,1,5585,FORUM ELEITORAL,2220,,
2014,AL,MURICI,28096,9,5500,GRUPO ESCOLAR ASTOLFO LOPES,1101,,
2014,AL,PALMEIRA DOS INDIOS,28258,10,5500,ESCOLA ESTADUAL MONSENHOR RIBEIRO,1298,,
2014,AL,SAO BRAS,28630,34,5781,ESCOLA MUNICIPAL JOSE MEDEIROS,1572,,
2014,AL,TEOTONIO VILELA,28932,35,1198,GRUPO ESCOLAR PEDRO JOAQUIM DE JESUS,2773,,
2014,AM,AUTAZES,2070,35,5500,ESCOLA SAO FRANCISCO DAS CHAGAS,296,,
2014,AM,BOCA DO ACRE,2151,14,1260,57 DISTRITO POLICIAL DELEGACIA DE POLICIA,2889,,
2014,AM,ITACOATIARA,2410,3,1333,ESCOLA MUNICIPAL SAO JOAO,193,,
2014,AM,ITACOATIARA,2410,3,1988,UNIDADE PRISIONAL DE ITACOATIARA,33,,
2014,AM,ITACOATIARA,2410,3,1210,CENTRO INTERESCOLAR OSORIO DA FONSECA,907,,
2014,AM,MANACAPURU,2534,6,5500,ESCOLA MONTE SIAO,250,,
2014,AM,MANACAPURU,2534,6,5509,PALESTINA,1073,,
2014,AM,MANACAPURU,2534,6,5505,ESCOLA MUNICIPAL SAO FRANCISCO,373,,
2014,AM,MANACAPURU,2534,6,5503,ESCOLA MUNICIPAL NOSSA SENHORA DE NAZARE,3314,,
2014,AM,MANACAPURU,2534,6,5504,ESCOLA MUNICIPAL PRESIDENTE KENEDY,3314,,
2014,AM,MANACAPURU,2534,6,5506,ESCOLA MUNICIPAL SAO LAZARO,461,,
2014,AM,MANACAPURU,2534,6,5508,ESCOLA NOVA ESPERANCA,177,,
2014,AM,MANACAPURU,2534,6,5507,ESCOLA MUNICIPAL SAO LUIZ DE GONZAGA,1417,,
2014,AM,MANACAPURU,2534,6,5502,ESCOLA MUNICIPAL BOM JESUS,461,,
2014,AM,MANACAPURU,2534,6,5501,ESCOLA MUNICIPAL BOAS NOVAS,352,,
2014,AM,MANACAPURU,2534,6,1449,IDAM,1228,,
2014,AM,MANAUS,2550,2,5592,CENTRO ESTADUAL DE CONVIVENCIA DO IDOSO - CECI APARECIDA,1529,,
2014,AM,MANAUS,2550,2,1201,EMEF SERGIO ALFREDO PESSOA FIGUEIREDO,3133,,
2014,AM,MANAUS,2550,62,5590,CEMEI - PROFª. MARIA DO CEU VAZ  DE OLIVEIRA,2022,,
2014,AM,MANAUS,2550,70,1791,ESCOLA MUNICIPAL SIRIA MAMED AMED CHAGAS,2333,,
2014,AM,MANAUS,2550,70,2046,CMEI ARGENTINA BARROS,2660,,
2014,AM,MANAUS,2550,70,1694,ESCOLA EST. PROFº SEBASTIAO AUGUSTO LOUREIRO FILHO,2277,,
2014,AM,MANAUS,2550,70,1740,ESCOLA MUN. PROFª ELIZABETHE BELTRAO,3752,,
2014,AM,MANAUS,2550,70,1708,ESCOLA ESTADUAL ERNESTO PINHO FILHO,142,,
2014,AM,MANAUS,2550,70,1660,ESC. EST. RAFAEL HENRIQUE PINHEIRO DOS SANTOS,2536,,
2014,AM,MANAUS,2550,70,1783,ESC. MUN. SARA BARROSO CORDEIRO,4440,,
2014,AM,MANAUS,2550,37,1589,FORUM ELEITORAL CATE,3574,2625,
2014,AM,MANAUS,2550,2,2240,EMEF SERGIO ALFREDO PESSOA FIGUEIREDO,3133,,
2014,AM,MANAUS,2550,70,5586,ESCOLA MUNICIPAL PROFESSORA RITA DE CASSIA C. SILVA,62,,
2014,AM,MANAUS,2550,70,1945,ESCOLA MUNICIPAL PROFESSORA ROSINA ARAUJO MOURA,3434,,
2014,AM,MANAUS,2550,70,5587,ESCOLA MUNICIPAL ZILDA ARNS NEUMANN,3769,,
2014,AM,MANAUS,2550,70,5593,ESCOLA MUNICIPAL MARIA PEREIRA CAMPOS,2313,,
2014,AM,MANAUS,2550,70,5594,ESCOLA MUNICIPAL FRANCISCO PINHEIRO DE LIMA,2313,,
2014,AM,MANAUS,2550,70,5595,ESCOLA MUNICIPAL PROFESSORA IZABEL VICTORIA DO CARMO RIBEIRO,3085,,
2014,AM,MANAUS,2550,70,1635,ESCOLA MUNICIPAL PROFESSOR SERGIO AUGUSTO PARA,4133,,
2014,AM,MANAUS,2550,68,1775,CMEI BEATRIZ SVERNER,2990,,
2014,AM,MANAUS,2550,70,5591,ESCOLA ESTADUAL ELIANA SOCORRO PACHECO BRAGA,2333,,
2014,AM,MANAUS,2550,68,1783,COLEGIO MILITAR DA POLICIA MILITAR AUREA PINHEIRO BRAGA,7727,,
2014,AM,MANAUS,2550,58,5588,ESCOLA MUNICIPAL SEN. DARCY RIBEIRO,3737,,
2014,AM,MANAUS,2550,58,5589,ESCOLA EST. RAIMUNDA HOLANDA,3950,,
2014,AM,MANICORE,2577,16,1236,ESCOLA SAO FRANCISCO,202,,
2014,AM,MANICORE,2577,16,1198,GRUPO ESCOLAR JESUINO JOSE DE OLIVEIRA,764,,
2014,AM,MANICORE,2577,16,1155,GRUPO ESCOLAR 'PEDRO BATISTA CAMPOS',373,,
2014,AM,PARINTINS,2690,4,1910,UNIDADE PRISIONAL DE PARINTINS,2944,,
2014,AM,SILVES,2771,39,5500,COMUNIDADE DA BAIXA FUNDA,549,,
2014,AM,SILVES,2771,39,5501,N.SRA. APARECIDA,437,,
2014,AM,TEFE,2810,9,1082,IDAM,656,,
2014,AM,SAO GABRIEL DA CACHOEIRA,2836,19,1570,COLEGIO ESTADUAL IRMA INES PENHA,504,,
2014,AM,URUCURITUBA,2879,25,1031,EXATORIA DE RENDAS DE URUCURITUBA-1 SALA,1333,,
2014,AM,RIO PRETO DA EVA,98434,52,5500,CENTRO DE EDUCACAO INFANTIL MARCELINO VIEIRA,642,,
2014,AM,RIO PRETO DA EVA,98434,52,5502,ESCOLA MUNICIPAL ALEGRIA DE SABER,367,,
2014,AP,MACAPA,6050,10,5596,CASA DA CIDADANIA,2698,,
2014,AP,SANTANA,6157,6,5508,FACULDADE MADRE TEREZA,2656,,
2014,BA,DIAS D'AVILA,30872,186,5500,ESCOLA MUNICIPAL FLORENCIO BORGES DE SANTANA,3151,,
2014,BA,BARRA DO CHOCA,33570,139,5500,ESCOLA MUNICIPAL JULIANA,3439,,
2014,BA,CENTRAL,34517,159,1139,PREDIO ESCOLAR MUNICIPAL CASTELO BRANCO,242,,
2014,BA,CONCEICAO DO COITE,34673,132,1961,ESPECIAL ESCOLA ESTADUAL DE BANDIACU,1566,,
2014,BA,CONCEICAO DO JACUIPE,34690,192,5500,ESCOLA MUNICIPAL NOSSA SENHORA DA CONCEICAO,1476,,
2014,BA,CORRENTINA,34851,124,1635,ESCOLA MUNICIPAL DE VEREDA GRANDE,45,,
2014,BA,CORRENTINA,34851,124,1350,ESCOLA MUNICIPAL DE MELADO,242,,
2014,BA,CORRENTINA,34851,124,1660,ESCOLA MUNICIPAL VERDE-AMARELO,328,,
2014,BA,DARIO MEIRA,34991,147,1058,PREDIO ESCOLAR MARIA AURELIA,169,,
2014,BA,FEIRA DE SANTANA,35157,156,5501,ESCOLA MUNICIPAL GERALDO DIAS DE SOUZA,2388,,
2014,BA,FEIRA DE SANTANA,35157,154,1287,FORUM ELEITORAL,4158,657,
2014,BA,FEIRA DE SANTANA,35157,157,5500,ESCOLA ESTADUAL REGIS BITTENCOURT,5788,,
2014,BA,GLORIA,35270,84,5854,ESCOLA MUNICIPAL ESTEVAM GOMES DE SOUZA,123,,
2014,BA,IGUAI,35718,146,5718,PREDIO ESCOLAR TIRADENTES,305,,
2014,BA,ILHEUS,35734,26,5500,ESCOLA MUNICIPAL FE E ALEGRIA,4676,,
2014,BA,ITABUNA,35971,28,5620,COLEGIO LUCIA OLIVEIRA,6042,,
2014,BA,ITABUNA,35971,27,5500,ESCOLA MUNICIPAL FERNANDO CORDIER,27,,
2014,BA,ITABUNA,35971,28,5500,ESCOLA COMUNITARIA SANTA INES,2754,,
2014,BA,ITUACU,36455,58,5847,PREDIO ESCOLAR POVOADO DE PRATA,278,,
2014,BA,JACOBINA,36510,46,5500,ESCOLA MUNICIPAL PROFESSOR LOURIVAL MARTINS DE SOUZA,2971,,
2014,BA,JIQUIRICA,36650,38,5780,POSTO DE SAUDE DA LAGOA VERDE,742,,
2014,BA,LAURO DE FREITAS,36854,180,5500,SENAI - UR ESCOLA SANTO AMARO DE IPITANGA,9480,,
2014,BA,LAURO DE FREITAS,36854,180,5729,ESCOLA MUNICIPAL QUINGOMA DE FORA,3979,,
2014,BA,MATA DE SAO JOAO,37214,185,5503,NOVA ESCOLA DE VILA DE ITAPECIRICA,2171,,
2014,BA,MATA DE SAO JOAO,37214,185,5500,ESCOLA MUNICIPAL DEPUTADO ISAAC MARAMBIA,1621,,
2014,BA,MATA DE SAO JOAO,37214,185,5502,ESCOLA MUNICIPAL SAO PEDRO,1447,,
2014,BA,MATA DE SAO JOAO,37214,185,5501,ESCOLA MUNICIPAL DO AREAL,746,,
2014,BA,OUROLANDIA,37680,167,5500,ESCOLA MUNICIPAL JOSE GERALDO,1009,,
2014,BA,PLANALTO,38016,139,5724,ESCOLA ESTADUAL RAUL LOPES MOITINHO,1496,,
2014,BA,PLANALTO,38016,139,1309,ESCOLA MUNICIPAL CLEMENTE ALVES CHAGAS,153,,
2014,BA,PORTO SEGURO,38075,122,5500,PRE-ESCOLA ARRAIAL D'AJUDA,3465,,
2014,BA,RIBEIRA DO POMBAL,38334,110,5501,ESPECIAL ESCOLA PUREZA BRITO,6301,,
2014,BA,RIBEIRA DO POMBAL,38334,110,5500,ESCOLA MUNICIPAL NELSON GONCALVES,185,,
2014,BA,SALVADOR,38490,16,5551,SEDE DO TRE-BA,1757,,
2014,BA,SALVADOR,38490,8,2038,PRISIONAL - COLONIA PENAL LAFAYETE COUTINHO,6995,,
2014,BA,SANTO AMARO,38717,178,5500,ESCOLA MUNICIPAL CORONEL JOSE ANTONIO TORRES,2392,,
2014,BA,SAO DESIDERIO,38776,100,1457,GRUPO ESCOLAR CYRO JACQUES DE QUEIROZ,122,,
2014,BA,SAO DESIDERIO,38776,100,1465,GRUPO ESCOLAR ORIENTAL,1673,,
2014,BA,SAO DESIDERIO,38776,100,1473,GRUPO ESCOLAR NOVA AMERICA,125,,
2014,BA,SAUBARA,38946,178,5732,ESCOLA MUNICIPAL EVANDRO SIQUEIRA SANTOS,58,,
2014,BA,TANQUINHO,39217,156,1040,PREDIO ESCOLAR JOSAPHAT DOS REIS LIMA,2893,,
2014,BA,TANQUINHO,39217,156,1058,PREDIO ESCOLAR CRISPIM ANICETO DE JESUS,2893,,
2014,BA,TANQUINHO,39217,156,1066,PREDIO ESCOLAR JOSE ALVINO,2893,,
2014,BA,TREMEDAL,39357,177,5500,ESCOLA MUNICIPAL MANOEL RODRIGUES NOVAIS,382,,
2014,BA,TUCANO,39373,80,5501,ESPECIAL COLEGIO ESTADUAL LUIS EDUARDO MAGALHAES,4057,,
2014,BA,UBAIRA,39411,38,5500,ESCOLA MUNICIPAL IVAN ECA MENEZES,684,,
2014,BA,UBATA,39454,134,1287,PRISIONAL - COMPLEXO POLICIAL DE UBATA,1003,,
2014,BA,URUCUCA,39535,198,5502,ESCOLA VITORIA S/C,941,,
2014,BA,URUCUCA,39535,198,5501,CRAS - CENTRO DE ASSISTENCIA SOCIAL,1012,,
2014,BA,URUCUCA,39535,198,5503,ESPECIAL CRAS - CENTRO DE ASSISTENCIA SOCIAL,1012,,
2014,BA,VITORIA DA CONQUISTA,39659,40,5500,FORUM ELEITORAL,3788,,
2014,BA,TEIXEIRA DE FREITAS,39934,183,5500,ESCOLA MUNICIPAL BELA FLOR,771,,
2014,CE,TURURU,13080,23,1538,EMEF SEBASTIAO PIRES CHAVES,1198,,
2014,CE,QUITERIANOPOLIS,13102,99,5502,GRUPO ESCOLAR ANTONIO FERREIRA DA SILVA,174,,
2014,CE,QUITERIANOPOLIS,13102,99,5500,ESCOLA MANOEL VIEIRA DE CARVALHO,449,,
2014,CE,QUITERIANOPOLIS,13102,99,5501,GRUPO ESCOLA FRANCISCO SOARES DE SOUSA,63,,
2014,CE,QUITERIANOPOLIS,13102,99,5503,GRUPO ESCOLAR CEL ADALBERTO CORREIA LIMA,533,,
2014,CE,QUITERIANOPOLIS,13102,99,5505,PREDIO DA ASSOCIACAO COMUNITARIA FRANCISCO DO O NASCIMENTO,485,,
2014,CE,AQUIRAZ,13196,66,5503,EMEF LAGOA DE CIMA,629,,
2014,CE,PINDORETAMA,13285,7,5500,E.E.F. FRANCISCA DANTAS BENICIO,633,,
2014,CE,OCARA,13307,67,1201,ESCOLA MUNICIPAL ODILON DE SOUZA BRILHANTE - ENSINO FUNDAMENTAL,150,,
2014,CE,OCARA,13307,67,1066,ESCOLA MUNICIPAL VER JOSE PIRES DE FREITAS - ENSINO FUNDAMENTAL,374,,
2014,CE,OCARA,13307,67,1082,ESCOLA MUNICIPAL JOSE DOS SANTOS DE OLIVEIRA,374,,
2014,CE,OCARA,13307,67,1090,ESCOLA MUNICIPAL JOAO PAULO SOBRINHO,1421,,
2014,CE,OCARA,13307,67,1104,ESCOLA MUNICIPAL LUIS NICOLAU PEREIRA - ENSINO FUNDAMENTAL,1953,,
2014,CE,OCARA,13307,67,1155,ESCOLA MUNICIPAL JOSE REGO FALCAO - ENSINO FUNDAMENTAL,286,,
2014,CE,OCARA,13307,67,1163,ESCOLA MUNICIPAL JOAO EGIDIO DA COSTA - ENSINO FUNDAMENTAL,150,,
2014,CE,OCARA,13307,67,1171,ESCOLA MUNICIPAL MANOEL TOMAZ DE LIMA - ENSINO FUNDAMENTAL,374,,
2014,CE,OCARA,13307,67,1198,ESCOLA MUNICIPAL MINELVINA MARIA DA CONCEICAO - ENSINO FUNDAMENTAL,244,,
2014,CE,OCARA,13307,67,1210,ESCOLA MUNICIPAL DE OITENTA - ENSINO FUNDAMENTAL,744,,
2014,CE,OCARA,13307,67,1228,ESCOLA MUNICIPAL PEDRO BENTO MARTINS - ENSINO FUNDAMENTAL,244,,
2014,CE,OCARA,13307,67,1236,ESCOLA MUNICIPAL RAIMUNDO LOPES BRAVEZA - ENSINO FUNDAMENTAL,1421,,
2014,CE,OCARA,13307,67,1252,ESCOLA MUNICIPAL SEBASTIAO FREIRES BRAGA - ENSINO FUNDAMENTAL,286,,
2014,CE,OCARA,13307,67,1287,ESCOLA MUNICIPAL JOAO PAULO DA SILVA - ENSINO FUNDAMENTAL,370,,
2014,CE,OCARA,13307,67,1317,ESCOLA MUNICIPAL RAIMUNDO BEZERRA DA SILVA - ENSINO FUNDAMENTAL,370,,
2014,CE,OCARA,13307,67,1309,ESCOLA MUNICIPAL FRANCISCO CORREIA RODRIGUES- ENSINO FUNDAMENTAL,286,,
2014,CE,OCARA,13307,67,1341,ESCOLA DE ENSINO FUNDAMENTAL CECILIA FERREIRA DO VALE,953,,
2014,CE,OCARA,13307,67,1350,ESCOLA DE ENSINO FUNDAMENTAL JOSE DOS SANTOS,1421,,
2014,CE,OCARA,13307,67,1376,ESCOLA MUNICIPAL RAIMUNDO DOS SANTOS LESSA,1953,,
2014,CE,IPAPORANGA,13340,20,1147,ESCOLA DE ENSINO FUNDAMENTAL VENANCIO MARCAL DE SOUSA,105,,
2014,CE,IPAPORANGA,13340,20,1309,GRUPO ESCOLAR DE TEOTONIOS,11,,
2014,CE,BANABUIU,13382,6,1155,ESCOLA DE PRIMEIRO GRAU ANGELA COSTA,249,,
2014,CE,BANABUIU,13382,6,1180,CENTRO EDUCACIONAL MUNICIPAL CELESTINO DE SOUSA,394,,
2014,CE,BANABUIU,13382,6,1198,ESCOLA DE 1 GRAU ELIAS FERNANDES LIMA,1,,
2014,CE,BANABUIU,13382,6,1210,ESCOLA DE 1 GRAU LEOCADIA MARIA DA CONCEICAO,365,,
2014,CE,BANABUIU,13382,6,1228,ASSOCIACAO COMUNITARIA DOS PRODUTORES RURAIS DA FAZENDA IRACEMA,31,,
2014,CE,BANABUIU,13382,6,1244,ESCOLA DE 1 GRAU JOAO PEREIRA DE CASTRO,723,,
2014,CE,BANABUIU,13382,6,1252,ESCOLA DE PRIMEIRO GRAU JOAO SARAIVA RABELO,249,,
2014,CE,BANABUIU,13382,6,1260,ESCOLA DE 1 GRAU JOSE ANTONIO DE OLIVEIRA,353,,
2014,CE,BANABUIU,13382,6,1279,ESCOLA DE 1 GRAU JOSE LUIS DE LEMOS,273,,
2014,CE,BANABUIU,13382,6,1295,POSTO DE SAUDE DE MOZARLANDIA,154,,
2014,CE,BANABUIU,13382,6,1309,ESCOLA DE 1 GRAU MARIA PORCIANA DE ALMEIDA,365,,
2014,CE,BANABUIU,13382,6,1325,ESCOLA DE 1 GRAU PAULO SARASATE,723,,
2014,CE,BANABUIU,13382,6,1333,ESCOLA DE PRIMEIRO GRAU JOSE LOPES PIMENTA,249,,
2014,CE,BANABUIU,13382,6,1341,ESCOLA DE 1 GRAU PERGENTINO FERREIRA,212,,
2014,CE,BANABUIU,13382,6,1350,ESCOLA DE 1 GRAU RAUL URQUID,723,,
2014,CE,BANABUIU,13382,6,1376,ESCOLA DE PRIMEIRO GRAU TOMAZ POMEU MAGALHAES,1,,
2014,CE,BANABUIU,13382,6,1201,ESCOLA DE 1 GRAU ANA DE FONTE BRAGA,154,,
2014,CE,BANABUIU,13382,6,1406,LICEU DE BANABUIU JACOB NOBRE DE OLIVEIRA BENEVIDES,1131,,
2014,CE,BANABUIU,13382,6,1414,CRECHE RECANTO FELIZ,365,,
2014,CE,BANABUIU,13382,6,1422,CRECHE AMOR DE DEUS,187,,
2014,CE,BATURITE,13412,5,5630,ESCOLA CEL ESTEVAO ALVES DA ROCHA - ENSINO FUNDAMENTAL,1081,,
2014,CE,BATURITE,13412,5,5501,POSTO DE SAUDE DO RIACHAO DO PANTA,987,,
2014,CE,BOA VIAGEM,13471,63,5500,EEF JOSE VIEIRA IRMAO,93,,
2014,CE,CAMPOS SALES,13536,38,5501,E.E.I.F MANOEL D. DE SA BARRETO,120,,
2014,CE,CAMPOS SALES,13536,38,5500,E.E.I.F AGROVILA SAO JOSE,311,,
2014,CE,CANINDE,13552,33,1287,CASA PAROQUIAL,185,,
2014,CE,CAPISTRANO,13579,105,1040,ESCRITORIO DA CAGECE,1469,,
2014,CE,CAUCAIA,13730,120,1520,E. E. JOSE MARIA PONTES DA ROCHA (VOTO EM TRANSITO),4385,127,
2014,CE,CAUCAIA,13730,37,5502,ESCOLA HELENA DE AGUIAR DIAS(VOTO EM TRANSITO),1582,,
2014,CE,CRATEUS,13838,20,2011,ESCOLA MUNICIPAL IZIDIO TEIXEIRA,678,,
2014,CE,CRATO,13854,27,5500,CENTRO DE EDUCACAO INFANTIL LICEU DIOCESANO,2466,,
2014,CE,CRATO,13854,27,5501,CRECHE ESPACO COMUNITARIO ELOI TELES DE MORAES,1062,,
2014,CE,FORTALEZA,13897,113,1082,COLEGIO LOURENCO FILHO,1014,,
2014,CE,FORTALEZA,13897,115,5553,AEROPORTO INTERNACIONAL PINTO MARTINS (VOTO EM TRANSITO),1642,,
2014,CE,FORTALEZA,13897,113,5552,TERMINAL RODOVIARIO ENG. JOAO TOME (VOTO EM TRANSITO),2924,,
2014,CE,FORTALEZA,13897,117,5583,EEF SAO VICENTE,2893,,
2014,CE,FORTALEZA,13897,112,5555,ASSEMBLEIA LEGISLATIVA (VOTO EM TRANSITO),5051,,
2014,CE,FORTALEZA,13897,117,5554,CEJA - PROF. MOREIRA CAMPOS (VOTO EM TRANSITO),1900,,
2014,CE,FORTALEZA,13897,3,5556,FORUM ELEITORAL DE FORTALEZA - PREDIO ANEXO (VOTO EM TRANSITO),2112,,
2014,CE,FORTALEZA,13897,94,5557,TERMINAL RODOVIARIO DE ANTONIO BEZERRA - SOCICAM (VOTO EM TRANSITO),4879,,
2014,CE,IBIAPINA,14079,73,5500,ESCOLA DE EDUCACAO INFANTIL E ENSINO FUNDAMENTAL DOMINGOS FERINO,354,,
2014,CE,ICO,14095,15,5502,ESCOLA MUNICIPAL PEREIRA E BARROS,762,,
2014,CE,ITAPIPOCA,14290,17,5502,SALAO COMUNITARIO NOSSA SENHORA DE NAZARE,297,,
2014,CE,JAGUARUANA,14419,75,5500,E. E. F. MARIA VIANA BARBOSA,715,,
2014,CE,MARANGUAPE,14559,4,2259,ESCOLA MUN. PEDRO HONORIO DE ABREU,1235,,
2014,CE,MILAGRES,14672,26,5632,SINDICATO DOS TRABALHADORES RURAIS DE MILAGRES,740,,
2014,CE,MORRINHOS,14796,44,5500,ESCOLA DE 1 GRAU ZOZIMO MARINHO DE ANDRADE,195,,
2014,CE,MORRINHOS,14796,44,5501,IGREJA CATOLICA DE SANTA FE,1680,,
2014,CE,PENTECOSTE,15156,50,5500,EEF MARIA IVONEIDE RODRIGUES DE MOURA - MUQUENZINHO,1584,,
2014,CE,PORANGA,15210,40,5500,ESCOLA INDIGENA JARDIM DAS OLIVEIRAS,115,,
2014,CE,POTENGI,15253,68,5500,ESCOLA DE ENSINO FUNDAMENTAL JOSE EDVALDO DE SOUSA,354,,
2014,CE,QUIXERAMOBIM,15296,11,2208,ESCOLA MANOEL VITORINO DA SILVA,333,,
2014,CE,SANTANA DO ACARAU,15415,44,5500,SEDE COMUNITARIA EPITACIO PONTE,134,,
2014,CE,SAO JOAO DO JAGUARIBE,15512,91,5501,GRUPO ESCOLAR CORONEL VIRGILIO TAVORA,319,,
2014,CE,SAO JOAO DO JAGUARIBE,15512,91,5500,EEF FRANCISCO IBIAPINO,1106,,
2014,CE,TAMBORIL,15652,61,5504,EMEIF - ANTONIA ELIAS DE SOUSA CAMELO,63,,
2014,CE,TIANGUA,15695,81,5509,U. B. S. F. PADRE FCO EVALDO CARNEIRO CARVALHO,1156,,
2014,CE,TIANGUA,15695,81,5500,E.E.F. SAO SEBASTIAO,1385,,
2014,CE,UBAJARA,15733,56,5503,ESCOLA EUDES SOARES CUNHA / NOSSA SRA. DE LOURDES,968,,
2014,CE,URUBURETAMA,15776,23,1376,EEIF ROBERTO FLAVIO BASTOS DE ARAUJO,682,,
2014,CE,URUBURETAMA,15776,23,1384,EEF JOSE PAULINO DA CRUZ,467,,
2014,CE,URUBURETAMA,15776,23,1465,EEIF MARIA DO CARMO VASCONCELOS,776,,
2014,CE,AMONTADA,15873,123,1422,EEB DOMINGOS CARLOS DAMASCENO,851,,
2014,CE,IBICUITINGA,15920,47,5500,EEI JOSE MARIA FERNANDES,218,,
2014,CE,ICAPUI,15938,8,5500,PROGRAMA DE EDUCACAO DO TRABALHO INFANTIL - PETI,1990,,
2014,CE,UMIRIM,98558,107,1350,ESCOLA DE ENSINO FUNDAMENTAL SANTA MARIA GORETE,8,,
2014,DF,BRASILIA,97012,20,5534,CENTRO DE ENSINO MEDIO 10 DE CEILANDIA,3554,,
2014,DF,BRASILIA,97012,19,5560,CENTRO EDUCACIONAL VICENTE PIRES,5992,,
2014,DF,BRASILIA,97012,21,5597,FACULDADE UNICESP,7006,,
2014,DF,BRASILIA,97012,6,1945,CENTRO DE INTERNACAO DE ADOLESCENTES DE PLANALTINA,2906,,
2014,DF,BRASILIA,97012,5,5598,ESCOLA CLASSE LOBERAL ( ZONA RURAL),1768,,
2014,DF,BRASILIA,97012,4,1643,PENITENCIARIA FEMININA DO DISTRITO FEDERAL,5868,,
2014,DF,BRASILIA,97012,1,2160,IESB,1595,11903,
2014,ES,ALTO RIO NOVO,56065,36,1015,JARDIM DE INFANCIA ARMEZINA DO AMARAL RAMOS,787,,
2014,ES,ALTO RIO NOVO,56065,36,1023,EPG GUSTAVO AMBRUST,787,,
2014,ES,ALTO RIO NOVO,56065,36,1031,EEEFM PASTOR ANTONIO NUNES DE CARVALHO,787,,
2014,ES,ALTO RIO NOVO,56065,36,1040,EMEI MARIA VENANCIO AMORIM,787,,
2014,ES,ALTO RIO NOVO,56065,36,1058,EPMEF VEREADOR RUBENS RAMURO,787,,
2014,ES,ALTO RIO NOVO,56065,36,1082,ESCOLA ESPECIAL CATARINA LUCIA ELLER,787,,
2014,ES,ANCHIETA,56073,17,5501,PAVILHAO DE ENSINO TECNOLOGICO - SENAI,147,,
2014,ES,MARATAIZES,56120,22,1589,CENTRO DE DETENCAO PROVISORIADE MARATAIZES- CDPM,167,,
2014,ES,CACHOEIRO DE ITAPEMIRIM,56235,2,2178,CENTRO DE DETENCAO PROVISORIA DE CACHOEIRO DE ITAPEMIRIM,3217,,
2014,ES,CARIACICA,56251,34,5500,EMEF STELIDA DIAS - VOTO EM TRANSITO,3406,,
2014,ES,CASTELO,56278,3,5500,FACASTELO - FACULDADE DE CASTELO,754,,
2014,ES,DOMINGOS MARTINS,56375,15,5500,EMEF LINDA PETERLE ULIANA - ARACE,2168,,
2014,ES,FUNDAO,56430,14,1074,EMEF PRAIA GRANDE,1181,,
2014,ES,GUARAPARI,56472,24,5501,EMEF OTACILIA FIGUEIREDO BORGES,1787,,
2014,ES,SERRA,56995,53,5500,CRECHE PENELOPE - VOTO EM TRANSITO,3764,,
2014,ES,VILA VELHA,57037,55,5506,ESCOLA REVERENDO WALDOMIRO,54,,
2014,ES,VILA VELHA,57037,55,5505,ESCOLA MARCILIO DIAS,3954,,
2014,ES,VILA VELHA,57037,55,5500,ASSOCIACAO DE MORADORES DO BALNEARIO PONTA DA FRUTA,3008,,
2014,ES,VILA VELHA,57037,32,5500,COLEGIO MARISTA - VOTO EM TRANSITO,7844,,
2014,ES,VITORIA,57053,1,5599,IFES - INSTITUTO FEDERAL DO ESPIRITO SANTO - VOTO EM TRANSITO,693,,
2014,ES,SANTA MARIA DE JETIBA,57932,9,5500,IGREJA DE CONFISSAO LUTERANA DE SANTA MARIA DE JETIBA,1494,,
2014,ES,SANTA MARIA DE JETIBA,57932,9,5635,IGREJA DE CONFISSAO LUTERANA DE GARRAFAO,2442,,
2014,GO,ALEXANIA,92053,87,5500,COLEGIO IRENIZE LAURINDO DE SOUZA,3142,,
2014,GO,EDEALINA,92207,68,1015,COLEGIO ESTADUAL OLIMPIO SILVA,2453,,
2014,GO,ANAPOLIS,92215,144,5501,FORUM ELEITORAL - CARTORIOS ELEITORAIS,2090,,
2014,GO,APARECIDA DE GOIANIA,92274,132,1309,ESCOLA LEIDA DO NASCIMENTO,5997,,
2014,GO,APARECIDA DE GOIANIA,92274,145,5500,ESCOLA MUNICIPAL BENEDITO RODRIGUES,3027,,
2014,GO,APARECIDA DE GOIANIA,92274,132,1929,FORUM ELEITORAL - CARTORIOS ELEITORAIS,854,187,
2014,GO,CABECEIRAS,92797,11,1074,ESCOLA MUNICIPAL BOA VISTA,939,,
2014,GO,CAMPESTRE DE GOIAS,92916,49,5500,PETI - PROGRAMA DE ERRADICACAO DO TRABALHO INFANTIL,1425,,
2014,GO,CRISTALINA,93254,36,5500,ALPHAVILLE - ESCOLA MUNICIPAL MANOEL GONCALVES - CAMPOS LINDOS,3468,,
2014,GO,CRISTALINA,93254,36,5501,ESCOLA ESTADUAL CAMPOS LINDOS,3468,,
2014,GO,GOIANAPOLIS,93670,89,5501,IGREJA BATISTA ANTIOQUIA,716,,
2014,GO,JATAI,94331,18,5502,ESCOLA MUNICIPAL IRMA SCHEILLA,2077,,
2014,GO,JATAI,94331,18,5500,COLEGIO ESTADUAL EMILIA FERREIRA DE CARVALHO,1540,,
2014,GO,JATAI,94331,18,5501,ESCOLA MUNICIPAL CAMINHO DA LUZ,5997,,
2014,GO,LUZIANIA,94455,19,5500,COLEGIO ESTADUAL NAIR TIECHER,687,,
2014,GO,LUZIANIA,94455,139,5733,ESCOLA ESTADUAL CECILIA MEIRELES,706,,
2014,GO,SANTA HELENA DE GOIAS,95818,66,1104,ESCOLA MUNICIPAL JOAO SARAIVA,2301,,
2014,GO,TRINDADE,96253,49,5500,EXTENSAO - ESCOLA MUNICIPAL ANTONIO LOPES FONTE BOA,2608,,
2014,GO,ACREUNA,96458,128,5500,ESCOLA MUNICIPAL JOAO BATISTA FILHO,3164,,
2014,MA,ALDEIAS ALTAS,7056,5,5501,ESCOLA MUNICIPAL TABOCA MATAO,254,,
2014,MA,ALDEIAS ALTAS,7056,5,5500,ESCOLA MUNICIPAL JULIETA ROSA,248,,
2014,MA,ALTO PARNAIBA,7099,11,1040,CAMARA MUNICIPAL DE VEREADORES,1143,,
2014,MA,AMARANTE DO MARANHAO,7110,99,5500,ESCOLA MUNICIPAL CRISTO REDENTOR,466,,
2014,MA,AXIXA,7218,31,1015,COMPLEXO EDUCACIONAL ESTADO DO ACRE,653,,
2014,MA,BACURI,7250,107,5500,UNIDADE ESCOLAR SEVERIANO FERREIRA DINIZ,848,,
2014,MA,BURITICUPU,7340,95,5500,CENTRO DE ENSINO SAPURRAL,90,,
2014,MA,BEQUIMAO,7374,37,5500,UNIDADE INTEGRADA CENTRINHO,902,,
2014,MA,CAMPESTRE DO MARANHAO,7382,46,5500,UNIDADE ESCOLAR JOSE SARNEY,864,,
2014,MA,BURITI,7412,25,1317,GRUPO ESCOLAR  MIRTHIS MARTINS FERREIRA,259,,
2014,MA,CAROLINA,7536,26,5502,UNIDADE ESCOLAR MANOEL GOMES,147,,
2014,MA,CAROLINA,7536,26,5503,UNIDADE ESCOLAR VICENTE BEZERRA,227,,
2014,MA,CAROLINA,7536,26,5500,UNIDADE ESCOLAR EUVALDO NOLETO,343,,
2014,MA,CAROLINA,7536,26,5501,UNIDADE ESCOLAR JOSE PEREIRA DE ARRUDA,192,,
2014,MA,CAXIAS,7579,5,5721,ESCOLA MUNICIPAL VICENTE BRUNO,548,,
2014,MA,CAXIAS,7579,5,5501,UNIDADE ESCOLAR MUNICIPAL PROFESSOR ARLINDO OLIVEIRA,1535,,
2014,MA,CAXIAS,7579,6,5501,UNIDADE ESCOLAR SAO JOSE,490,,
2014,MA,MATOES DO NORTE,7943,84,1040,ESCOLA MUNICIPAL RAIMUNDO CUNHA,407,,
2014,MA,GUIMARAES,7951,30,5500,ESCOLA SAO JUDAS TADEU,301,,
2014,MA,NOVA COLINAS,7986,105,5639,ESCOLA MUNICIPAL PE. FRANCISCO BONAITI,1283,,
2014,MA,NOVA OLINDA DO MARANHAO,8001,80,5853,ESCOLA MUNICIPAL DA QUADRA XIII,147,,
2014,MA,IGARAPE GRANDE,8010,67,5501,PETI - PROGRAMA DE ERRADICACAO DO TRABALHO INFANTIL,360,,
2014,MA,LIMA CAMPOS,8192,67,5501,UNIDADE ESCOLAR BENEDITO PIRES,233,,
2014,MA,SANTO AMARO DO MARANHAO,8249,32,5501,ESCOLA MUNICIPAL DO POVOADO BURITIZINHA,230,,
2014,MA,SANTO AMARO DO MARANHAO,8249,32,5502,ESCOLA MUNICIPAL DO POVOADO QUEIMADA GRANDE,375,,
2014,MA,SANTO AMARO DO MARANHAO,8249,32,5500,ESCOLA MUNICIPAL DO POVOADO BEBEDOURO,604,,
2014,MA,MATOES,8311,81,5500,UNIDADE ESCOLAR DEPUTADO JOSE ELOUF,473,,
2014,MA,PARAIBANO,8532,59,5500,UNIDADE ESCOLAR ANA TEREZA COELHO FERNANDES,1242,,
2014,MA,PARNARAMA,8559,36,1287,UNIDADE INTEGRADA VALDEMAR RODRIGUES DA SILVEIRA,169,,
2014,MA,PASSAGEM FRANCA,8575,44,5500,ESCOLA MUNICIPAL JOAO CASTELO,43,,
2014,MA,PRIMEIRA CRUZ,8850,32,5500,ESCOLA MUNICIPAL DO POVOADO BOCA DO CAMPO,85,,
2014,MA,PRIMEIRA CRUZ,8850,32,5501,ESCOLA MUNICIPAL DO POVOADO QUEIMADA DOS ROSAS,85,,
2014,MA,PRIMEIRA CRUZ,8850,32,5502,ESCOLA MUNICIPAL DO POVOADO TRONCHO,39,,
2014,MA,SAO JOSE DE RIBAMAR,8893,47,5500,ASSOCIACAO BENEFICENTE ALCIONE FERREIRA - ABAF,1918,,
2014,MA,SAO JOSE DE RIBAMAR,8893,47,5504,ESCOLA MUNICIPAL REI DAVI,837,,
2014,MA,SAO JOSE DE RIBAMAR,8893,47,2402,UNIDADE DE INTERNACAO MASCULINA - CENTRO DA JUVENTUDE ESPERANCA,50,,
2014,MA,SAO JOAO BATISTA,9172,63,5503,LARANJAL 1 U.E. EURICO VENANCIO DA COSTA,22,,
2014,MA,SAO JOAO BATISTA,9172,63,5500,DEPUTADO JOSE RIBAMAR DOMINICI,131,,
2014,MA,SAO JOAO BATISTA,9172,63,5504,SARNAMBI E.M. JOAQUIM MENDES,178,,
2014,MA,SAO JOAO BATISTA,9172,63,5501,ESCOLA MUNICIPAL PEDRO NEIVA DE SANTANA,315,,
2014,MA,SAO JOAO BATISTA,9172,63,5502,G.E. JOAO PENHA DOMINICI,191,,
2014,MA,SAO LUIS,9210,76,5601,SAO LUIS SHOPPING,1702,,
2014,MA,SAO LUIS,9210,1,5600,FORUM ELEITORAL DE SAO LUIS,1201,,
2014,MA,SITIO NOVO,9296,99,5500,ESCOLA MUNICIPAL ANTONIO BANDEIRA GOMES,155,,
2014,MA,SITIO NOVO,9296,99,5501,ESCOLA MUNICIPAL MARIA APINAGE DE CARVALHO,2967,,
2014,MA,SUCUPIRA DO NORTE,9318,72,5500,UNIDADE ESCOLAR SANTA TERESINHA,1691,,
2014,MA,VIANA,9490,20,1783,ESCOLA MUNICIPAL ESPERANCA DE CRISTO,696,,
2014,MG,ICARAI DE MINAS,40240,252,5502,ESCOLA MUNICIPAL ODILIA OLIVEIRA DE ALMEIDA - VILA RICA,2677,,
2014,MG,ICARAI DE MINAS,40240,252,5501,ESCOLA MUNICIPAL ODILIA OLIVEIRA DE ALMEIDA - PRATA,278,,
2014,MG,ICARAI DE MINAS,40240,252,5500,ESCOLA MUNICIPAL ODILIA OLIVEIRA DE ALMEIDA - LAGOA DOS CAVALOS,2677,,
2014,MG,ALEM PARAIBA,40290,7,1511,SECRETARIA DE SAUDE (SALA DE FISIOTERAPIA),1110,,
2014,MG,ALMENARA,40339,9,1236,ESCOLA MUN RURAL JOSE MARIA MORAIS,1301,,
2014,MG,ALMENARA,40339,9,5500,PRESIDIO DE ALMENARA,1812,,
2014,MG,ALPERCATA,40355,119,1368,ESCOLA MUNICIPAL QUITERIA MARIA MARTINS,2379,,
2014,MG,ALTO RIO DOCE,40410,11,1031,ESCOLA ESTADUAL RAUL SOARES,3282,,
2014,MG,ANDRADAS,40517,13,1244,PRESIDIO DE ANDRADAS,1332,,
2014,MG,BALDIM,40991,264,5500,ASSOCIACAO COMUNITARIA DO ALTO DA CUIA,382,,
2014,MG,BALDIM,40991,264,5501,ESCOLA MUNICIPAL DE BOTAFOGO,503,,
2014,MG,BARBACENA,41114,23,1112,BANCO ITAU S.A.,678,,
2014,MG,BARBACENA,41114,23,5504,POSTO DE SAUDE - SANTA LUZIA,107,,
2014,MG,BARBACENA,41114,23,1139,SECRETARIA DE ESTADO DA FAZENDA DE MINAS GERAIS,397,,
2014,MG,BARROSO,41173,344,5500,CADEIA PUBLICA,1235,,
2014,MG,BELO HORIZONTE,41238,33,5550,MINASCENTRO - VOTO EM TRANSITO,2164,,
2014,MG,BELO HORIZONTE,41238,29,1198,CENTRO EDUCACIONAL CARLO COLLODI (ANTIGO PINOQUIO),7333,,
2014,MG,BETIM,41335,40,5500,FORUM CAIO NELSON DE SENNA,3030,,
2014,MG,PINGO D'AGUA,41360,72,5500,CAMARA MUNICIPAL DE PINGO D'AGUA,4114,,
2014,MG,BOM DESPACHO,41475,45,5500,ESCOLA ESTADUAL DONA DUCA ( ANTIGO TANCREDO NEVES),3278,,
2014,MG,SANTA CRUZ DE SALINAS,41483,244,5501,ESCOLA MUNICIPAL JOSE JOAQUIM DOS SANTOS,207,,
2014,MG,SANTA CRUZ DE SALINAS,41483,244,5500,ASSOCIACAO COMUNITARIA DOS ADOBES,207,,
2014,MG,BOM REPOUSO,41572,59,5501,ESCOLA MUNICIPAL PRESIDENTE TANCREDO NEVES,2004,,
2014,MG,BOM REPOUSO,41572,59,5500,ESCOLA MUNICIPAL BENTO GABRIEL DA SILVA,770,,
2014,MG,BONFIM,41610,47,5643,ESCOLA MUNICIPAL SEBASTIAO TRIGUEIRO,280,,
2014,MG,BRAZOPOLIS,41777,51,5500,MINI POSTO ESTADUAL,412,,
2014,MG,CAETE,41998,56,1031,ESCOLA MUNICIPAL DR JOAO PINHEIRO,561,,
2014,MG,CAETE,41998,56,1082,ESCOLA ESTADUAL PAULO PINHEIRO DA SILVA,433,,
2014,MG,CAETE,41998,56,1090,ESCOLA ESTADUAL JOSE BRANDAO,705,,
2014,MG,CAETE,41998,56,1163,FEC- FUNDACAO EDUCACIONAL DE CAETE,1725,,
2014,MG,DOM BOSCO,42048,329,1023,ESCOLA MUNICIPAL S. SEBASTIAO DO RIO PRETO,674,,
2014,MG,CALDAS,42056,57,5500,CAPELA  NOSSA SENHORA DO PATROCINIO,2029,,
2014,MG,IBIRACATU,42200,255,1074,IGREJA VELHA,7,,
2014,MG,INDAIABIRA,42242,266,1015,ESCOLA JOAO EVANGELISTA DE ALMEIDA INDAIABIRA,92,,
2014,MG,CANAPOLIS,42358,66,5500,CADEIA PUBLICA DE CANAPOLIS,2645,,
2014,MG,CAPARAO,42412,303,1040,PAVILHAO DA IGREJA PRESBITERIANA,1392,,
2014,MG,VEREDINHA,42544,336,5501,MONTE ALEGRE - CENTRO COMUNITARIO,2762,,
2014,MG,CARATINGA,42676,72,5501,ESCOLA MUNICIPAL CONCEICAO MARTINS DA SILVA,1291,,
2014,MG,CARATINGA,42676,71,5501,PRESIDIO DE CARATINGA,3622,,
2014,MG,CARLOS CHAGAS,42730,73,1120,SECAO ESPECIAL - ESCOLA ESTADUAL DR JOAO BERALDO,2297,,
2014,MG,CARMO DE MINAS,42811,75,5500,ESCOLA MUNICIPAL JORGE CHAIB,813,,
2014,MG,CHACARA,43176,155,5500,SEDE DO CHACARENSE FUTEBOL CLUBE,1275,,
2014,MG,COMENDADOR GOMES,43370,116,5500,ESCOLA MUNICIPAL LINDOLFO DE ALMEIDA FERREIRA (SECAO ESPECIAL),2535,,
2014,MG,CONCEICAO DA APARECIDA,43419,77,1198,ESCOLA MUNICIPAL GETULIO VARGAS,2329,,
2014,MG,CONCEICAO DO RIO VERDE,43532,84,5500,E. M. CONEGO CANDIDO SILVA,386,,
2014,MG,CORINTO,43818,95,5500,POSTO DE SAUDE,32,,
2014,MG,DIAMANTINA,44318,101,5500,CEMEI PROFESSORA BELITA TAMEIRAO (ANTIGO SESI),2202,,
2014,MG,DIOGO DE VASCONCELOS,44334,171,5500,ASSISTENCIA SOCIAL,1795,,
2014,MG,DORES DE CAMPOS,44598,228,1058,DORENSE CLUBE,1072,,
2014,MG,DORES DO TURVO,44652,261,5843,ESCOLA MUNICIPAL ERNESTO RIBEIRO DA SILVA,754,,
2014,MG,DORES DO TURVO,44652,261,5647,ESCOLA ESTADUAL TEREZINHA PEREIRA,754,,
2014,MG,ESPERA FELIZ,44830,303,5500,ESCOLA ESTADUAL PADRE ANTONIO FILIZOLA,902,,
2014,MG,FORMIGA,45217,114,1481,PENITENCIARIA DE FORMIGA,2983,,
2014,MG,FRANCISCO BADARO,45292,177,1074,PRE ESCOLAR MUNICIPAL PINGO DE GENTE,3538,,
2014,MG,FRANCISCO SA,45330,115,5500,IGREJA DOS SANTOS REIS,738,,
2014,MG,FREI GASPAR,45357,136,5500,PREDIO DE OSVALDO MACHADO,1288,,
2014,MG,GOVERNADOR VALADARES,45535,118,5500,CLUBE ILUSAO,2549,,
2014,MG,GUARANESIA,45659,123,1058,PRESIDIO DE GUARANESIA/GUAXUPE,5220,,
2014,MG,GUARANI,45675,124,5648,CAMARA DOS VEREADORES,543,,
2014,MG,GUARANI,45675,124,5734,SICOOB - SISTEMAS DE COOPERATIVAS DE CREDITO DO BRASIL,1176,,
2014,MG,GUARANI,45675,124,5649,TEATRO DE CAMARA DE GUARANI,1176,,
2014,MG,IBIA,45896,126,1201,CADEIA PUBLICA DE IBIA,2126,,
2014,MG,IPATINGA,46256,348,1198,CENTRO DE REMANEJAMENTO DO SISTEMA PRISIONAL - CERESP,1789,,
2014,MG,IPUIUNA,46299,345,5500,ESCOLA MUNICIPAL JESUS MARIA JOSE,4980,,
2014,MG,ITACARAMBI,46418,148,5500,CADEIA PUBLICA DE ITACARAMBI,2470,,
2014,MG,ITAJUBA,46477,134,1015,E. E. MAJOR JOAO PEREIRA,2201,,
2014,MG,ITAUNA,46752,140,5501,PRESIDIO DE ITAUNA,2945,,
2014,MG,ITUIUTABA,46833,141,5500,POSTO DE SAUDE DA AMPLA,5489,,
2014,MG,JABOTICATUBAS,46914,143,5507,JABOTICATUBAS/DELEGACIA,2625,,
2014,MG,JOAIMA,47198,149,5500,ESCOLA NUCLEADA DO RELA,443,,
2014,MG,JOAO PINHEIRO,47252,151,5500,PRESIDIO DE JOAO PINHEIRO,2843,,
2014,MG,JUIZ DE FORA,47333,349,5500,SALAO DA IGREJA DE SAO GERALDO,4358,,
2014,MG,JUIZ DE FORA,47333,152,5501,ESPACO EDUCACIONAL LAPIS DE COR,7883,,
2014,MG,JUIZ DE FORA,47333,152,5502,FORUM BENJAMIN COLUCCI,1071,,
2014,MG,LAGOA DOURADA,47473,256,5500,SALAO PAROQUIAL,202,,
2014,MG,LAVRAS,47635,160,5500,ESCOLA MUNICIPAL UMBELINA AZEVEDO AVELLAR,5110,,
2014,MG,LEOPOLDINA,47678,161,1430,PRESIDIO REGIONAL DE LEOPOLDINA,504,,
2014,MG,LIMA DUARTE,47716,162,1147,SALAO PAROQUIAL,4,,
2014,MG,MANHUACU,47872,167,1520,PRESIDIO REGIONAL DE MANHUACU,3482,,
2014,MG,MAR DE ESPANHA,47953,170,5650,SIAT,394,,
2014,MG,MATOZINHOS,48216,174,5500,CENTRO DE FORMACAO PROFISSIONAL ISAURO FIGUEIREDO,1200,,
2014,MG,MATUTINA,48232,254,5855,ESCOLA ESTADUAL ANA ROCHA,1631,,
2014,MG,MONTALVANIA,48534,342,1120,ESCOLA ESTADUAL DE S. SEBASTIAO DE POCOES,131,,
2014,MG,MONTE ALEGRE DE MINAS,48550,179,5651,COLEGIO ESTADUAL DE MONTE ALEGRE DE MINAS,576,,
2014,MG,MONTES CLAROS,48658,317,1660,PRESIDIO REGIONAL DE MONTES CLAROS,798,,
2014,MG,MONTES CLAROS,48658,317,5500,CENTRO EDUCACIONAL APOSTOLO SANTIAGO - O MAIOR,795,,
2014,MG,MONTES CLAROS,48658,184,5500,COLEGIO PRISMA,1166,,
2014,MG,MORADA NOVA DE MINAS,48690,186,1082,CADEIA PUBLICA DE MORADA NOVA DE MINAS,2945,,
2014,MG,MURIAE,48771,187,5735,ESCOLA MUNICIPAL IRENE PEREIRA DIAS NUNES,2491,,
2014,MG,NANUQUE,48852,190,1180,INSTITUTO DE PREVIDENCIA SOCIAL DE SERV M G,2261,,
2014,MG,NANUQUE,48852,190,5500,ESCOLA ESTADUAL REGINA PACIS,1536,,
2014,MG,NOVA LIMA,48950,194,5500,PRESIDIO REGIONAL DE NOVA LIMA,680,,
2014,MG,NOVA SERRANA,49034,298,5504,ESCOLA MUNICIPAL DIRETORA MARIA DO CARMO,3962,,
2014,MG,NOVA SERRANA,49034,298,5503,ESCOLA MUNICIPAL CANTINHO FELIZ,661,,
2014,MG,NOVA SERRANA,49034,298,5506,ESCOLA MUNICIPAL PROFESSORA ELIANA FRANCISCA,581,,
2014,MG,NOVA SERRANA,49034,298,5505,ESCOLA MUNICIPAL MARIA ALVES DE BRITO,5523,,
2014,MG,NOVA SERRANA,49034,298,5501,ESCOLA ESTADUAL MARIA ZELI DINIZ FONSECA,2372,,
2014,MG,NOVA SERRANA,49034,298,5502,ESCOLA ESTADUAL PADRE LAURO,5523,,
2014,MG,OURO VERDE DE MINAS,49239,270,1074,ORGAO MUNICIPAL DE EDUCACAO,990,,
2014,MG,PARA DE MINAS,49417,202,5500,COMPLEXO PENITENCIARIO DR. PIO CANEDO,419,,
2014,MG,PASSOS,49573,209,5500,SECAO ESPECIAL - FESP - FUNDACAO DE ENSINO SUPERIOR DE PASSOS,4353,,
2014,MG,PATOS DE MINAS,49590,210,1120,COLEGIO FONSECA RODRIGUES,481,,
2014,MG,PEDRO TEIXEIRA,49875,162,1066,ESCOLA MUNICIPAL DE GRAO MOGOL,103,,
2014,MG,PIRAPORA,50237,218,5504,PRESIDIO DE PIRAPORA,1315,,
2014,MG,POMPEU,50393,223,5500,CADEIA PUBLICA DO MUNICIPIO DE POMPEU,724,,
2014,MG,PONTE NOVA,50415,224,5501,COMPLEXO PENITENCIARIO DE PONTE NOVA - SEDE,1728,,
2014,MG,POUSO ALEGRE,50490,227,5501,CRECHE MUNICIPAL - YARA,21,,
2014,MG,POUSO ALEGRE,50490,227,5500,CIEM ANITA FARIA AMARAL - CIEM SANTA LUZIA,5492,,
2014,MG,RIO PARDO DE MINAS,51110,237,5652,ESCOLA MUNICIPAL DA FAZENDA TINGUI,313,,
2014,MG,RIO PARDO DE MINAS,51110,237,5501,ESCOLA ESTADUAL DE MOREIRA/RIBEIRAO,271,,
2014,MG,RIO VERMELHO,51195,294,1031,PREFEITURA MUNICIPAL,809,,
2014,MG,RODEIRO,51250,275,5500,ESCOLA MUNICIPAL JARDIM ENCANTADO,2442,,
2014,MG,RUBELITA,51292,244,5500,ESCOLA MUNICIPAL ANTONIO ALVES MIRANDA,126,,
2014,MG,SABINOPOLIS,51357,242,5500,FORUM AZER DE PINHO,2792,,
2014,MG,SALINAS,51390,244,5501,ASSOCIACAO DOS MORADORES,45,,
2014,MG,SALINAS,51390,244,5500,ASSOCIACAO COMUNITARIA DE RIO DAS ANTAS,82,,
2014,MG,SANTA FE DE MINAS,51519,285,5500,ESCOLA MUNICIPAL DO PROJETO ASSENTAMENTO TAMBORIL,111,,
2014,MG,SANTA LUZIA,51551,246,5501,ESCOLA ESTADUAL EPHIGENIA DE JESUS WERNECK,4999,,
2014,MG,SANTA MARIA DO SUACUI,51632,247,5500,CENTRO EDUCACIONAL VEREADOR JOSE NUNES LOPES,3339,,
2014,MG,SANTA RITA DO SAPUCAI,51918,248,1457,PRESIDIO DE SANTA RITA DO SAPUCAI,570,,
2014,MG,SANTO ANTONIO DO RIO ABAIXO,52094,83,1058,POSTO DE SAUDE,1164,,
2014,MG,SANTO ANTONIO DO RIO ABAIXO,52094,83,1074,ESCOLA MUNICIPAL  BARRA DOS MENEZES,563,,
2014,MG,SANTO ANTONIO DO RIO ABAIXO,52094,83,1066,ESCOLA MUNICIPAL DA JAGUARA,563,,
2014,MG,SAO FRANCISCO,52213,252,5502,ESCOLA ESTADUAL AUGUSTO  CARDOSO DE OLIVEIRA,92,,
2014,MG,SAO FRANCISCO,52213,252,5504,ESCOLA ESTADUAL JOAO JOSE VIEIRA - CROA,87,,
2014,MG,SAO FRANCISCO,52213,252,5508,ESCOLA MUNICIPAL ANTONIO MARTINS ARAUJO - BREJO DA FELICIDADE,87,,
2014,MG,SAO FRANCISCO,52213,252,5511,ESCOLA MUNICIPAL LIDIA VIEIRA DE ALMEIDA - JENIPAPO,92,,
2014,MG,SAO FRANCISCO,52213,252,5506,ESCOLA ESTADUAL JUVENTINA SARAIVA DA SILVA - JARDIM,45,,
2014,MG,SAO FRANCISCO,52213,252,5505,ESCOLA ESTADUAL JOSE DE MATOS MIRANDA - TABOCAS,153,,
2014,MG,SAO FRANCISCO,52213,252,5507,ESCOLA ESTADUAL SAO JOSE - BARREIRO DAS CABACEIRAS,92,,
2014,MG,SAO FRANCISCO,52213,252,1449,ESCOLA ESTADUAL JOAQUIM RIBEIRO NEVES,142,,
2014,MG,SAO FRANCISCO,52213,252,5500,CRECHE MUNICIPAL NOSSA SENHORA APARECIDA,1977,,
2014,MG,SAO JOAO DEL REI,52493,328,1414,ESC MUN DESATIVADA JOAO ANTONIO DE AVILA,1,,
2014,MG,SAO JOAO DEL REI,52493,328,1465,LOCAL INATIVO(NAO FUNCIONA MAIS),203,,
2014,MG,SAO JOAO DEL REI,52493,328,5501,ESCOLA  MUNICIPAL DA TRINDADE,465,,
2014,MG,SAO JOAO DEL REI,52493,328,1627,LOCAL NAO FUNIONA MAIS (EMALVINO LOPES),292,,
2014,MG,SAO JOAO DEL REI,52493,256,5500,SALAO DA QUADRA DE ESPORTES DA CATEQUESE PAROQUIA DE BOM JESUS,626,,
2014,MG,SAO JOAO DO PARAISO,52531,237,5911,E.M. FAZENDA ROCADO,143,,
2014,MG,SAO JOAO DO PARAISO,52531,237,1350,E. M. FAZENDA PALMEIRAS,937,,
2014,MG,SAO JOAO DO PARAISO,52531,237,1422,E. M. FAZENDA VEREDA DO FOGO,313,,
2014,MG,SAO JOAO NEPOMUCENO,52574,258,5736,INSTITUTO NACIONAL DO SEGURO SOCIAL (INSS),762,,
2014,MG,SAO JOAO NEPOMUCENO,52574,258,1163,SEDE DOS ALCOOLICOS ANONIMOS,1101,,
2014,MG,SETE LAGOAS,53430,263,5798,ESCOLA MUNICIPAL JOAQUIM DRUMOND - SOPAO JK,4432,,
2014,MG,SIMONESIA,53511,167,1201,ESCOLA MUNICIPAL FAZENDA DA LIBERDADE - COR. SAO JOAO GRANDE/SIMONESIA,1700,,
2014,MG,SOBRALIA,53538,267,5737,CRECHE,818,,
2014,MG,TAPIRA,53619,17,1040,POVOADO ALTO DA SERRA (TRAGEDIA),1320,,
2014,MG,TEIXEIRAS,53694,268,1074,COLETORIA ESTADUAL,736,,
2014,MG,TIROS,53775,337,1147,ESCOLA MUNICIPAL FELIPE JOSE CHAMOM,81,,
2014,MG,UBA,53970,275,5504,PSF - PALMEIRAS,396,,
2014,MG,UBAI,53996,50,1333,ESCOLA MUNICIPAL AURELIO BUARQUE DE HOLANDA,184,,
2014,MG,UBERABA,54011,347,5500,ESCOLA DE QUIMICA INDUSTRIAL DE UBERABA,4063,,
2014,MG,UBERABA,54011,277,5501,NUCLEO DE PRATICA JURIDICA DA UNIUBE,2969,,
2014,MG,UBERLANDIA,54038,314,5500,CENTRO EDUCACIONAL PIRLIMPIMPIM SAO PASCHOAL LTDA,3962,,
2014,MG,UNAI,54070,280,5500,COLEGIO OBJETIVO,4947,,
2014,MG,VARGINHA,54135,281,5500,ESCOLA ESTADUAL DE ENSINO FUNDAMENTAL E MEDIO,4124,,
2014,MG,WENCESLAU BRAZ,54216,134,5501,E. M. JOSE VIEIRA CORTEZ (QUILOMBO),259,,
2014,MG,WENCESLAU BRAZ,54216,134,5500,E. M. JOSE FRANCISCO GONCALVES FEITOR (SAO BERNARDO),339,,
2014,MG,VESPASIANO,54259,311,5500,SALAO PAROQUIAL DO BAIRRO JANE,326,,
2014,MG,VISCONDE DO RIO BRANCO,54410,284,5500,FACECA,3641,,
2014,MS,AQUIDAUANA,90212,10,5653,ESCOLA POLO PANTANEIRA - FAZENDA SANTANA,793,,
2014,MS,BATAGUASSU,90379,6,1066,ESCOLA MUNICIPAL MARECHAL RONDON,3682,,
2014,MS,BATAGUASSU,90379,6,5500,E.E PROF. LUIZ ALBERTO ABRAHAM,4167,,
2014,MS,CAMPO GRANDE,90514,36,1988,SEBRAE,3106,1700,
2014,MS,CAMPO GRANDE,90514,36,2011,SEBRAE,3106,,
2014,MS,FATIMA DO SUL,90751,4,5500,CENTRO DO IDOSO - CONVIVER 3 IDADE,2027,,
2014,MS,PONTA PORA,91316,19,5500,EE MARIA LIGIA BORGES GARCIA,2669,,
2014,MS,SIDROLANDIA,91570,31,5500,EM LEONIDA LA ROSA BALBOENA - EXTENSAO JOAO BATISTA,553,,
2014,MS,DOIS IRMAOS DO BURITI,91804,49,5500,ASSOCIACAO DE MORADORES DA PIUVA,221,,
2014,MT,COLIDER,89796,23,1503,CADEIA PUBLICA DE COLIDER,5003,,
2014,MT,BARAO DE MELGACO,90310,38,5500,ESCOLA MUNICIPAL PROFESSORA LOURDES SOUZA AMORIM,894,,
2014,MT,CUIABA,90670,39,1678,PROGRAMA GANHA TEMPO - VOTO EM TRANSITO,1022,0,
2014,MT,NOVA LACERDA,90867,61,5500,ESCOLA MUNICIPAL CAMBARA,229,,
2014,MT,RONDONOPOLIS,91510,45,1309,CENTRO REGIONAL SOCIOEDUCATIVO,1064,,
2014,MT,SANTO ANTONIO DO LEVERGER,91553,38,5500,ASSOCIACAO DE PEQUENOS E MEDIOS PRODUTORES DA BAIA SAO JOAO,152,,
2014,MT,SANTO ANTONIO DO LEVERGER,91553,38,1368,ESCOLA MUNICIPAL DO VALO VERDE,565,,
2014,MT,VARZEA GRANDE,91677,58,5500,EMEB GOV JAIME VERISSIMO DE CAMPOS,1220,,
2014,MT,VARZEA GRANDE,91677,20,5500,ESCOLA ESTADUAL JAIME VERISSIMO DE CAMPOS,3285,,
2014,MT,TANGARA DA SERRA,91855,19,5500,ESCOLA MUNICIPAL INDIGENA ZOZOITERO,78,,
2014,MT,SAO JOSE DO RIO CLARO,91995,29,5501,CRECHE PEQUENO PRINCIPE,2767,,
2014,MT,SAO JOSE DO RIO CLARO,91995,29,5500,CENTRO DE RESSOCIALIZACAO - CADEIA PUBLICA,2767,,
2014,MT,JUINA,98310,35,5500,ANTIGA ESCOLA MUNICIPAL CECILIA MEIRELES,110,,
2014,MT,JUINA,98310,35,5503,POSTO DE SAUDE - ANTIGA ESCOLA MUNICIPAL GUIMARAES ROSA B,197,,
2014,MT,JUINA,98310,35,5502,POSTO DE SAUDE - ANTIGA ESCOLA MUNICIPAL DE 1º GRAU PRINCESA ISABEL B,197,,
2014,MT,JUINA,98310,35,5501,ESCOLA MUNICIPAL MARECHAL HERMES,110,,
2014,PA,GOIANESIA DO PARA,4006,69,5502,RUI BARBOSA,500,,
2014,PA,ACARA,4030,94,5500,E. M. E. F. SAO BENEDITO II,306,,
2014,PA,ALENQUER,4073,21,2054,ESCOLA MUNICIPAL NOSSA SENHORA DO LIVRAMENTO,156,,
2014,PA,ANANINDEUA,4154,72,5500,COLEGIO IMPACTO,3041,,
2014,PA,ANANINDEUA,4154,43,1732,ESCOLA ADVENTISTA DE AGUAS LINDAS,2005,,
2014,PA,ANANINDEUA,4154,43,2127,CIJAM - CENTRO DE INTERNACAO MASCULINO,4131,,
2014,PA,IPIXUNA DO PARA,4189,49,5501,EE ENSINO MEDIO PROFª ADELIA CARVALHO SODRE,3608,,
2014,PA,BENEVIDES,4294,36,5500,ESCOLA MUNICIPAL ABELARDO CRUZ DA SILVA,16,,
2014,PA,BRAGANCA,4332,13,5501,EEEF GUILHERMINA PINHEIRO PORTO,240,,
2014,PA,BRAGANCA,4332,13,5502,EEEF JANDIRA PINHEIRO,415,,
2014,PA,BRAGANCA,4332,13,5500,EEEF FERNANDO SOBRAL,444,,
2014,PA,BRAGANCA,4332,13,5504,EMEF AMERICA RAMOS LOBAO DA SILVEIRA,855,,
2014,PA,AURORA DO PARA,4340,49,1260,EMEF ANTONIO CARVALHO DA SILVA,2951,,
2014,PA,CAPITAO POCO,4456,70,5656,CENTRO COMUNITARIO DO TAUARI,177,,
2014,PA,CAPITAO POCO,4456,70,5657,IGREJA DE SAO JOAO BATISTA,217,,
2014,PA,CASTANHAL,4472,4,5500,EM MANOEL PINTO DA SILVA,1904,,
2014,PA,CASTANHAL,4472,4,5501,EM MARIA LUIZA CARNEIRO LIMA,212,,
2014,PA,CASTANHAL,4472,4,5502,EM PEDRO DIAS TEIXEIRA,1002,,
2014,PA,CHAVES,4499,17,5658,EMEIF-RAIMUNDO PAZ MARQUES,651,,
2014,PA,MARITUBA,4642,43,1368,PEM - PRESIDIO ESTADUAL METROPOLITANO 1,5738,,
2014,PA,MARITUBA,4642,43,1376,PEM - PRESIDIO ESTADUAL METROPOLITANO 3,6237,,
2014,PA,TRACUATEUA,4669,13,1260,EMEF JOAQUIM PAIXAO DE BRITO,225,,
2014,PA,TRACUATEUA,4669,13,5501,EMEIF RAIMUNDO PINHEIRO DE MELO,2695,,
2014,PA,INHANGAPI,4677,47,1031,PREFEITURA MUNICIPAL,1289,,
2014,PA,BELTERRA,4804,104,5500,E.M.E.F SANTA IZABEL,255,,
2014,PA,BELTERRA,4804,104,5501,E.M.E.F SAO JOAO,255,,
2014,PA,MOJU,4936,37,5501,EMEF RENASCER,69,,
2014,PA,ORIXIMINA,5053,38,5500,EMEF CUMINA,88,,
2014,PA,PRAINHA,5193,92,5500,EMEF. JOSE ALFREDO HAGE,384,,
2014,PA,SALVATERRA,5258,3,5501,EMEF DEUS AJUDE,241,,
2014,PA,SALVATERRA,5258,3,5500,EMEF ''BENEDITO THOMAZ CARNEIRO'',241,,
2014,PA,SANTAREM,5355,20,5500,EEEFM. PROF. ONESIMA PEREIRA DE BARROS,229,,
2014,PA,SAO FRANCISCO DO PARA,5479,47,1058,CENTRO CATEQUETICO,855,,
2014,PA,SAO FRANCISCO DO PARA,5479,47,1040,ACAO SOCIAL,855,,
2014,PA,SOURE,5576,3,5500,EMEIF ''RAIMUNDO DA SILVA RAMOS'',304,,
2014,PA,VISEU,5657,14,1848,EMEF UMBELINO FERREIRA,1925,,
2014,PA,VISEU,5657,14,5502,EMEF DE JOAO GRANDE,332,,
2014,PA,RONDON DO PARA,5738,51,5500,EMEF PROF CONCEICAO TAVARES,2782,,
2014,PA,RUROPOLIS,5894,68,1554,ESCOLA MUNICIPAL VISTA ALEGRE KM 21,299,,
2014,PA,PACAJA,5916,80,1210,ESCOLA ZUMBI DOS PALMARES,343,,
2014,PA,PACAJA,5916,80,1201,ESCOLA SOL NASCENTE,1541,,
2014,PB,SOBRADO,19020,4,5500,ESC. MUN. JOAQUIM CLEMENTINO TAVARES,210,,
2014,PB,CAPIM,19062,7,5501,ESC. MUN. PROFª EUNICE ALVES DOS SANTOS,2775,,
2014,PB,CAPIM,19062,7,5500,CAMARA MUNICIPAL,2775,,
2014,PB,SAO JOAO DO RIO DO PEIXE,19135,37,1589,ESCOLA ESTADUAL DO SITIO SAO BENTO,1,,
2014,PB,SAO JOAO DO RIO DO PEIXE,19135,37,5500,GRUPO ESCOLAR BARRA DE SAO BENTO,1,,
2014,PB,ARARA,19178,12,1279,GRUPO ESCOLAR MARIA DO CARMO CASTRO,3451,,
2014,PB,BARRA DE SANTA ROSA,19330,24,5500,CAMARA MUNICIPAL DE BARRA DE SANTA ROSA,3202,,
2014,PB,CACIMBAS,19364,30,1023,ESCOLA MUNICIPAL TERTULINO CUNHA,2645,,
2014,PB,BERNARDINO BATISTA,19500,37,5500,ESCOLA MUNICIPAL JOSE GOMES DOS SANTOS,1142,,
2014,PB,POCO DE JOSE DE MOURA,19526,37,1066,ESCOLA ESTADUAL  PROFESSORA FRANCISCA FONSECA MATIAS,833,,
2014,PB,POCO DE JOSE DE MOURA,19526,37,5501,GRUPO ESCOLAR JENIPAPEIRO,833,,
2014,PB,POCO DE JOSE DE MOURA,19526,37,5500,GRUPO ESCOLAR CABACOS,478,,
2014,PB,SANTA INES,19569,41,5659,EMEF FELIX PEREIRA DOS REIS,1383,,
2014,PB,CAJAZEIRAS,19755,68,1023,BIBLIOTECA MUNICIPAL DE CAJAZEIRAS,1259,,
2014,PB,CAMPINA GRANDE,19810,72,5738,ESCOLA ESTADUAL DE 1º E 2º GRAUS DOM LUIZ GONZAGA FERNANDES,2785,,
2014,PB,CRUZ DO ESPIRITO SANTO,19992,3,1031,DEPARTAMENTO DO ENSINO MUNICIPAL,1253,,
2014,PB,CUITE,20036,24,1015,EEFM MARIA ANITA FURTADO COELHO,692,,
2014,PB,CUITE,20036,24,1198,EMEF MIN. JOSE AMERICO DE ALMEIDA,1969,,
2014,PB,CUITE,20036,24,1201,CAMARA MUNICIPAL DE CUITE,1882,,
2014,PB,DESTERRO,20095,30,1279,ESCOLA MUNICIPAL CASSIMIRA LEITE,2140,,
2014,PB,DESTERRO,20095,30,1252,ESCOLA MUNICIPAL  NEVINHA DANTAS,2140,,
2014,PB,JOAO PESSOA,20516,1,1619,PENITENCIARIA DESEMBARGADOR FLOSCOLO DA NOBREGA,2303,,
2014,PB,JOAO PESSOA,20516,1,1635,CENTRO UNIVERSITARIO MAURICIO DE NASSAU,1460,662,
2014,PB,JOAO PESSOA,20516,76,5578,TROPICAL HOTEL TAMBAU,5366,,
2014,PB,JOAO PESSOA,20516,70,1961,CENTRO DE REEDUCACAO FEMININA MARIA JULIA MARANHAO,2311,,
2014,PB,JOAO PESSOA,20516,70,5602,ESCOLA CORUJINHA,2311,,
2014,PB,MAMANGUAPE,20796,7,5500,ESC. MUN. ADAILTON COELHO COSTA,2571,,
2014,PB,MATARACA,20877,7,5500,"ESCOLA ESTADUAL PEDRO POTY, SN, CENTRO",1743,,
2014,PB,MATARACA,20877,7,5501,ESCOLA MUNICIPAL DA URUBA,1743,,
2014,PB,NOVA FLORESTA,21032,24,5500,EMEF JULIETA DE LIMA E COSTA,1632,,
2014,PB,PUXINANA,21490,50,5500,GRUPO ESCOLAR CICERO GONCALVES DOS SANTOS,346,,
2014,PB,SANTA LUZIA,21695,26,5500,ESC FUND ANA BRITO DE FIGUEIREDO,1061,,
2014,PB,SANTA LUZIA,21695,26,5501,ESC MUN MARIA DO CARMO MARINHO GOMES,1901,,
2014,PB,SAPE,22071,4,5501,ESCOLA MUNICIPAL DE ENSINO FUNDAMENTAL EMILIA CAVALCANTE DE MORAIS,547,,
2014,PB,TRIUNFO,22373,37,5500,GRUPO ESCOLAR MUNICIPAL FRANCISCO SOARES,364,,
2014,PB,TRIUNFO,22373,37,5501,GRUPO ESCOLAR MUNICIPAL JULIO CANDIDO DA SILVA,371,,
2014,PE,AFOGADOS DA INGAZEIRA,23019,66,1333,CADEIA PUBLICA MUNICIPAL,971,,
2014,PE,AFOGADOS DA INGAZEIRA,23019,66,5500,GRUPO ESCOLAR JOSE ALVES FEITOZA,532,,
2014,PE,JUCATI,23124,92,5782,ESCOLA MUNICIPAL ELIEL PEIXOTO,3126,,
2014,PE,JUCATI,23124,92,5664,ESCOLA ESTADUAL HENRIQUE JUSTINO,3126,,
2014,PE,TAMANDARE,23280,26,5502,ESCOLA MUNICIPAL MUNDO MAGICO,844,,
2014,PE,BELO JARDIM,23337,45,5500,ESCOLA JOAO ALVES LEITE,1948,,
2014,PE,BEZERROS,23370,35,5501,POSTO DE SAUDE - SITIO AREIAS,579,,
2014,PE,BREJAO,23477,92,5739,SECRETARIA DE EDUCACAO,683,,
2014,PE,BREJAO,23477,92,5502,PREFEITURA MUNICIPAL,397,,
2014,PE,CATENDE,23833,43,5501,CADEIA PUBLICA MUNICIPAL,2953,,
2014,PE,IBIMIRIM,24317,128,5663,ESCOLA MUNICIPAL MANOEL JOAQUIM DO NASCIMENTO,523,,
2014,PE,IGARASSU,24350,85,1589,PRESIDIO DE IGARASSU,1098,,
2014,PE,IGUARACI,24376,66,5500,ESCOLA SAO VICENTE,1435,,
2014,PE,ITAPETIM,24538,99,1074,CAMARA MUNICIPAL DE VEREADORES,4868,,
2014,PE,JABOATAO DOS GUARARAPES,24570,118,1430,ESCOLA PROFESSOR COSTA PINTO,5151,,
2014,PE,JABOATAO DOS GUARARAPES,24570,11,5500,ESCOLA MARECHAL CASTELO BRANCO,5166,,
2014,PE,JABOATAO DOS GUARARAPES,24570,101,5505,SECAO ESPECIAL-ESCOLA VILA JOAO DE DEUS-ANEXO,2201,,
2014,PE,JABOATAO DOS GUARARAPES,24570,101,5506,FACULDADE DOS GUARARAPES-VOTO EM TRANSITO,12523,,
2014,PE,JUPI,24651,92,1112,DEPARTAMENTO DE EDUCACAO MUNICIPAL,395,,
2014,PE,JUPI,24651,92,1180,COLEGIO NAPOLEAO TEIXEIRA LIMA (ANEXO DR. NATALICIO GOMES DA SILVA),1117,,
2014,PE,JUPI,24651,92,1040,COLEGIO NAPOLEAO TEIXEIRA LIMA,1117,,
2014,PE,JUPI,24651,92,1082,ESCOLA SEBASTIAO TIAGO DE OLIVEIRA,617,,
2014,PE,JUPI,24651,92,1171,SECRETARIA DE ACAO SOCIAL,395,,
2014,PE,MARAIAL,24830,139,1236,ESCOLA MUN. BENVINDO MACIEL,794,,
2014,PE,OLINDA,24910,10,5500,COLEGIO DE SAO BENTO,3376,,
2014,PE,PAULISTA,25135,146,5502,FACULDADE JOAQUIM NABUCO,1712,,
2014,PE,RECIFE,25313,8,1430,ANTIGA SEDE DO TRIBUNAL REGIONAL ELEITORAL DE PERNAMBUCO,7296,1120,
2014,PE,RECIFE,25313,149,1520,AEROPORTO INTERNACIONAL DOS GUARARAPES,5351,,
2014,PE,RECIFE,25313,151,1376,ESCOLA MARIA AMALIA,3040,,
2014,PE,RECIFE,25313,1,5535,ESCOLA CRESCER,8618,,
2014,PE,SAIRE,25399,132,5500,SECRETARIA DE ACAO SOCIAL,3137,,
2014,PE,SERRA TALHADA,25771,71,5500,CENTRO COMUNITARIO,2274,,
2014,PE,TORITAMA,26077,112,5500,ESCOLA FRANCISCA EMILIA,923,,
2014,PE,VITORIA DE SANTO ANTAO,26271,18,5500,PRESIDIO DE VITORIA DE STO ANTAO-PVSA,2025,,
2014,PE,ABREU E LIMA,26310,119,1406,COTEL,4727,,
2014,PI,AMARANTE,10090,8,5500,UNIDADE ESCOLAR PROFESSORA RITA MARIA DA SILVA,1133,,
2014,PI,BARRAS,10235,6,5501,ESCOLA MUNICIPAL ELOY PIRES LAGES,856,,
2014,PI,BARRAS,10235,6,5500,ESCOLA MUNICIPAL ANA BATISTA,659,,
2014,PI,BATALHA,10294,45,5500,UNIDADE ESCOLAR ANTONIO PEDRO DE ALMEIDA,260,,
2014,PI,BATALHA,10294,45,5502,UNIDADE ESCOLAR PADRE ANCHIETA,471,,
2014,PI,BATALHA,10294,45,5501,UNIDADE ESCOLAR MATIAS QUARESMA,353,,
2014,PI,BENEDITINOS,10316,47,5500,UNIDADE ESCOLAR MUNICIPAL RAIMUNDO FAUSTINO,322,,
2014,PI,BURITI DOS LOPES,10391,33,1384,UNIDADE ESCOLAR SAO JOSE,1451,,
2014,PI,BURITI DOS LOPES,10391,33,5500,UNIDADE ESCOLAR GUILHERME PORTELA SAMPAIO,664,,
2014,PI,FLORIANO,10774,61,1350,SOCORRO GOES E SILVA,649,,
2014,PI,FLORIANO,10774,61,5500,PENITENCIARIA GONCALO DE CASTRO LIMA - VEREDA GRANDE,716,,
2014,PI,MATIAS OLIMPIO,11215,80,1112,UNIDADE ESCOLAR JOSE AMAVEL,966,,
2014,PI,PARNAIBA,11533,3,1546,PENITENCIARIA DE PARNAIBA,1724,,
2014,PI,PAULISTANA,11550,38,5500,UNIDADE ESCOLAR FELX JOSE DE CARVALHO,708,,
2014,PI,PICOS,11592,62,1376,PENITENCIARIA JOSE DE DEUS BARROS,2641,,
2014,PI,TERESINA,12190,63,1031,UESPI - CAMPUS REGIAO SUDESTE DE TERESINA (ANTIGO CSU),2993,,
2014,PI,TERESINA,12190,63,5581,TERESINA SHOPPING,4242,,
2014,PI,TERESINA,12190,63,2747,UESPI - CAMPUS REGIAO SUDESTE DE TERESINA (ANTIGO CSU),2993,,
2014,PI,TERESINA,12190,97,1856,PENITENCIARIA FEMININA,1017,,
2014,PI,TERESINA,12190,97,1864,PENITENCIARIA IRMAO GUIDO,1017,,
2014,PI,TERESINA,12190,97,1848,CASA DE CUSTODIA,1017,,
2014,PI,TERESINA,12190,97,1872,TERMINAL RODOVIARIO LUCIDIO PORTELA,461,158,
2014,PI,TERESINA,12190,2,2291,COLEGIO SAGRADO CORACAO DE JESUS - COLEGIO DAS IRMAS,552,610,
2014,PI,TERESINA,12190,97,5604,JARDIM PRE-ESCOLAR TIA FILOMENA,2145,,
2014,PI,TERESINA,12190,97,5603,UNIDADE ESCOLAR CELSO SOTERO NOGUEIRA,468,,
2014,PI,TERESINA,12190,1,5558,ESCOLA MUNICIPAL ERMELINDA DE  CASTRO,832,,
2014,PI,TERESINA,12190,1,2500,AEROPORTO DE TERESINA,1116,235,
2014,PI,UNIAO,12211,16,5503,UNIDADE ESCOLAR JULIO CAMPOS,166,,
2014,PI,UNIAO,12211,16,5501,UNIDADE ESCOLAR JOAO PEREIRA,149,,
2014,PI,URUCUI,12238,14,5500,UNIDADE ESCOLAR ALICE ALMEIDA-ASSENTAMENTO FLORES,120,,
2014,PI,URUCUI,12238,14,5501,UNIDADE ESCOLAR HESIODO BENVINDO-COM NOVA SANTA ROSA,53,,
2014,PI,ACAUA,12327,38,5500,UNIDADE ESCOLAR VALDEMAR ISAIAS COELHO,381,,
2014,PR,ARAPONGAS,74276,61,5500,CENTRO DE ENSINO SUPERIOR DE MARINGA - CESUMAR,6166,,
2014,PR,ARAPOTI,74292,164,1082,ESCOLA MUNICIPAL DONA ZIZI,5503,,
2014,PR,FAZENDA RIO GRANDE,74322,144,5501,ESCOLA MUNICIPAL SANTA MARIA,1173,,
2014,PR,ARAUCARIA,74357,50,1546,CASA DE CUSTODIA DE CURITIBA - CCC,1014,,
2014,PR,ASSAI,74373,35,5500,ESCOLA  RURAL MUNICIPAL PADRE FRANCA WOLKERS.,1344,,
2014,PR,CAMPINA DA LAGOA,74756,169,1023,COLEGIO ESTADUAL ALBERTO SANTOS DUMONT,1057,,
2014,PR,CAMPINA GRANDE DO SUL,74772,195,5740,ESCOLA MUNICIPAL ULISSES GUIMARAES - CAIC - TERREO,3491,,
2014,PR,CAMPO LARGO,74810,9,5503,ESCOLA MUNICIPAL 15 DE OUTUBRO / E.E. CASEMIRO KARMAN,2084,,
2014,PR,CAMPO LARGO,74810,9,5500,ESCOLA CARLOS DRUMMOND DE ANDRADE,1056,,
2014,PR,CAMPO LARGO,74810,9,5505,ESCOLA REINO DA LOUCINHA,3698,,
2014,PR,CANDIDO DE ABREU,74853,106,1317,ESCOLA RURAL MUNICIPAL SABUGUEIRO I,774,,
2014,PR,PINHAIS,75043,188,5500,COLEGIO (PARTICULAR) ESTILLO,2779,,
2014,PR,CORONEL DOMINGOS SOARES,75248,32,5741,CAPELA PEDRA BRANCA - PROV IRARAS,59,,
2014,PR,CURITIBA,75353,178,1082,COLEGIO BOM JESUS,4635,,
2014,PR,PONTAL DO PARANA,75523,194,5507,ESCOLA MUNICIPAL PRIMAVERA,3420,,
2014,PR,IBIPORA,75914,80,5504,ESCOLA MUNICIPAL SEBASTIAO LUIZ DE OLIVEIRA,978,,
2014,PR,IBIPORA,75914,80,5502,ESCOLA MUNICIPAL PRESIDENTE MARECHAL HUMBERTO ALENCAR CASTELO BRANCO,2258,,
2014,PR,LONDRINA,76678,189,5500,ESCOLA MUNICIPAL PROFESSORA AUREA ALVIM TOFFOLI,2529,,
2014,PR,LONDRINA,76678,42,5500,COLEGIO ESTADUAL VICENTE RIJO - VOTO EM TRANSITO,4738,,
2014,PR,LONDRINA,76678,42,5501,ESCOLA MARIA CARMELITA(PROXIMA A PREFEITURA) - VOTO EM TRANSITO,838,,
2014,PR,MANOEL RIBAS,76813,196,5500,ESCOLA RURAL MUNICIPAL ANTONIO TAVARES,283,,
2014,PR,MARINGA,76910,192,5730,ESCOLA MUNICIPAL PROFESSORA PIVENI PIASSI MORAES,2500,,
2014,PR,MARINGA,76910,192,5742,CENTRO MUNICIPAL DE EDUCACAO INFANTIL ANTONIO FACCI,815,,
2014,PR,MARINGA,76910,192,5667,PROGRAMA MAIS EDUCACAO ALVORADA,2110,,
2014,PR,MARINGA,76910,192,1236,ESCOLA MUNICIPAL LIDIA RIBEIRO DUTRA DA SILVA,456,,
2014,PR,MARINGA,76910,192,1228,ESCOLA SILVIO MAGALHAES BARROS,2510,,
2014,PR,MARINGA,76910,192,5500,CENTRO SOCIAL MARISTA IRMAO BENO,750,,
2014,PR,MARINGA,76910,137,5501,ESCOLA MUNICIPAL PROFESSORA ODETE ALCANTARA ROSA,1411,,
2014,PR,PAICANDU,77313,154,5500,ESCOLA MUNICIPAL PROFESSORA LUCILIA VICENTINI FERRARI,2424,,
2014,PR,PALMITAL,77372,134,5501,ESCOLA MUNICIPAL AUGUSTO VICENTIN - VILA CAROLLO,694,,
2014,PR,PALOTINA,77399,124,5500,CENTRO DE EVENTOS,675,,
2014,PR,PARANAGUA,77453,158,5500,ESCOLA ESTADUAL CARMEM COSTA ADRIANO,3003,,
2014,PR,PIRAI DO SUL,77674,27,5500,APAE (ASSOCIACAO DE PAIS E AMIGOS DOS EXCEPCIONAIS),3797,,
2014,PR,PIRAI DO SUL,77674,27,5505,ESCOLA RURAL EMILIA GEBBY VEIGA,576,,
2014,PR,PIRAQUARA,77690,155,5500,ESCOLA MUNICIPAL IZAAK VICTOR PEREIRA,2262,,
2014,PR,PIRAQUARA,77690,155,1430,CENTRO DE TRIAGEM II,119,,
2014,PR,PONTA GROSSA,77771,15,5501,COLEGIO SANT' ANA,1536,,
2014,PR,PONTA GROSSA,77771,14,5743,CRECHE MUNICIPAL MIGUEL ABRAO AJUZ  NETO,1682,,
2014,PR,PONTA GROSSA,77771,15,5500,COLEGIO ESTADUAL PROFESSOR JULIO TEODORICO,964,,
2014,PR,PRUDENTOPOLIS,77917,30,5856,ESCOLA MUNICIPAL DE LINHA PARANA,117,,
2014,PR,SAO JOSE DOS PINHAIS,78859,199,5747,ESCOLA MUNICIPAL NARCISO MENDES,4717,,
2014,PR,SAO JOSE DOS PINHAIS,78859,199,5745,ESCOLA MUNICIPAL PROFESSORA ELVIRA PILOTTO CARRANO,4717,,
2014,PR,SAO JOSE DOS PINHAIS,78859,199,5668,CENTRO MUNICIPAL DE EDUCACAO INFANTIL MARI SILVA,4717,,
2014,PR,SAO JOSE DOS PINHAIS,78859,199,5744,ESCOLA MUNICIPAL PREFEITO FRANCISCO FERREIRA CLAUDINO,9065,,
2014,PR,SAO JOSE DOS PINHAIS,78859,199,5746,ESCOLA MUNICIPAL CLEONICE BRAGA FONSECA,552,,
2014,PR,SAO MATEUS DO SUL,78875,12,5500,SALAO PAROQUIAL DA IGREJA NOSSA SR.ª DO PERPETUO SOCORRO (VL PROHMANN),1804,,
2014,PR,TEIXEIRA SOARES,79138,53,5500,POSTO DE SAUDE GUABIROBA,448,,
2014,PR,UMUARAMA,79359,202,5500,ESCOLA MUNICIPAL PADRE JOSE ANCHIETA,1762,,
2014,PR,ALTONIA,79510,123,5857,COLEGIO ESTADUAL MALBA TAHAN,3001,,
2014,PR,CANTAGALO,84514,203,5783,ESCOLA MUNICIPAL OTAVIO MUZZOLON,74,,
2014,RJ,ANGRA DOS REIS,58017,147,1287,CIEP 151 - PROFESSORA TANIA RITA DE OLIVEIRA TEIXEIRA,1076,,
2014,RJ,ARARUAMA,58033,92,1864,C. E. EDMUNDO SILVA,5124,,
2014,RJ,ARARUAMA,58033,92,5500,CENTRO EDUCACIONAL MARGARIDA,5124,,
2014,RJ,CARDOSO MOREIRA,58068,141,1139,COLEGIO ESTADUAL BALTAZAR CARNEIRO,613,,
2014,RJ,BARRA MANSA,58076,94,1120,COLEGIO NOSSA SENHORA DO AMPARO,2570,,
2014,RJ,BARRA MANSA,58076,203,1228,COLEGIO ESTADUAL BOA VISTA,2979,,
2014,RJ,BARRA MANSA,58076,203,5748,ESCOLA MUNICIPAL DAMIAO MEDEIROS,1505,,
2014,RJ,BARRA MANSA,58076,94,5503,ESCOLA MUNICIPAL SANTO ANTONIO,2598,,
2014,RJ,BOM JARDIM,58092,42,5500,ESCOLA MUNICIPALIZADA VARGEM ALTA ( ESCOLA DO LELES ),270,,
2014,RJ,QUEIMADOS,58122,138,5500,CVT DE QUEIMADOS,3095,,
2014,RJ,JAPERI,58149,139,5500,CADEIA PUBLICA COTRIM NETO,2559,,
2014,RJ,COMENDADOR LEVY GASPARIAN,58165,40,5671,AUDITORIO DO CENTRO MUNICIPAL DE SAUDE,1003,,
2014,RJ,COMENDADOR LEVY GASPARIAN,58165,40,1945,GINASIO POLI ESPORTIVO ANTONIO JOSE ALVES,780,,
2014,RJ,CAMBUCI,58173,97,1104,ESCOLA ESTADUAL VALDEMIRO PITA,397,,
2014,RJ,APERIBE,58181,34,1520,CENTRO DE ATENDIMENTO AO IDOSO MARIA AGUIAR - CAI,1400,,
2014,RJ,CAMPOS DOS GOYTACAZES,58190,249,5503,E.M.I.A. JOSE FRANCISCO M. VASCONCELOS - ROTARY III,2691,,
2014,RJ,CAMPOS DOS GOYTACAZES,58190,100,1295,COLEGIO ESTADUAL ESTEFANIA PEREIRA PINTO,193,,
2014,RJ,CAMPOS DOS GOYTACAZES,58190,129,1236,CRECHE ESCOLA PROFA. ANGELA MARIA DO AMARAL CARVALHO,118,,
2014,RJ,CAMPOS DOS GOYTACAZES,58190,249,5500,C.E. DR. MAXIMO DE AZEVEDO,3569,,
2014,RJ,CAMPOS DOS GOYTACAZES,58190,75,5717,ESCOLA ESTADUAL ALMIRANTE BARROSO,2709,,
2014,RJ,CAMPOS DOS GOYTACAZES,58190,98,5502,FUNDENOR (FUNDACAO NORTE FLUMINENSE DE DESENVOLVIMENTO REGIONAL),527,,
2014,RJ,CAMPOS DOS GOYTACAZES,58190,98,5501,CONSELHO TUTELAR,2729,,
2014,RJ,CAMPOS DOS GOYTACAZES,58190,98,1031,COLEGIO BATISTA FLUMINENSE,4100,,
2014,RJ,CAMPOS DOS GOYTACAZES,58190,98,5504,MUSEU HISTORICO DE CAMPOS,2290,,
2014,RJ,RIO DAS OSTRAS,58203,184,5506,PAROQUIA N. SRA. DA CONCEICAO,1207,,
2014,RJ,RIO DAS OSTRAS,58203,184,5500,CASTELO - INSTITUTO N. SRA. DA GLORIA,3972,,
2014,RJ,DUQUE DE CAXIAS,58335,200,5501,ESPACO RECREATIVO ALEGRIA DO SABER,3118,,
2014,RJ,DUQUE DE CAXIAS,58335,194,1082,EDUCANDARIO COSME DAMIAO,734,,
2014,RJ,DUQUE DE CAXIAS,58335,194,5500,JD. ESCOLA ENCONTRO DOS BAIXINHOS,1778,,
2014,RJ,DUQUE DE CAXIAS,58335,194,1198,COLEGIO OMEGA,4637,,
2014,RJ,DUQUE DE CAXIAS,58335,128,5500,E. E. M. PROFª. MARIANA NUNES PASSOS,912,,
2014,RJ,DUQUE DE CAXIAS,58335,127,1341,ESCOLA MUNICIPAL SANTA LUZIA,2837,,
2014,RJ,DUQUE DE CAXIAS,58335,66,5501,UNIGRANRIO - UNIDADE AFE (ASSOCIACAO FLUMINENSE DE EDUCACAO),4108,,
2014,RJ,DUQUE DE CAXIAS,58335,127,5500,CENTRO EDUCACIONAL SANTA MONICA (PARTICULAR),3938,,
2014,RJ,DUQUE DE CAXIAS,58335,126,5500,ESCOLA MUNICIPAL PROFESSORA MARIA DAS GRACAS CARDOSO BIGHI,3098,,
2014,RJ,DUQUE DE CAXIAS,58335,79,5500,ESC. MUN. MARIA CLARA MACHADO (ANT. MARIA TENORIO),6327,,
2014,RJ,MACUCO,58386,52,5500,E.M. SYLVIA GONCALVES BITTENCOURT BARTH ROSAS,2552,,
2014,RJ,ITAOCARA,58416,106,5674,CIEP 275 LENINE CORTES FALANTE,759,,
2014,RJ,ITAOCARA,58416,106,5672,COLEGIO MUNICIPAL NILDO CARUSO NARA,759,,
2014,RJ,ITAOCARA,58416,106,5673,NACIONAL ESPORTE CLUBE,759,,
2014,RJ,ITAOCARA,58416,106,5675,COLEGIO ESTADUAL FREI TOMAS,759,,
2014,RJ,ITAOCARA,58416,106,5751,BIBLIOTECA ESTADUAL RUI BARBOSA,759,,
2014,RJ,ITAOCARA,58416,106,5755,CEDERJ - ITAOCARA,906,,
2014,RJ,ITAOCARA,58416,106,1112,COLEGIO ESTADUAL JOHENIR HENRIQUES VIEGAS,1411,,
2014,RJ,ITAOCARA,58416,106,5753,CRECHE TIA DOROTHEA,937,,
2014,RJ,ITAOCARA,58416,106,5750,QUADRA POLIESPORTIVA UNIAO ESPORTIVA ITAOCARA,1312,,
2014,RJ,ITAOCARA,58416,106,5749,BIBLIOTECA VIRTUAL EDIMAR ANDRADE BASTOS,759,,
2014,RJ,ITAOCARA,58416,106,5754,QUADRA POLIESPORTIVA DO NACIONAL ESPORTE CLUBE,1312,,
2014,RJ,MESQUITA,58467,150,5771,ESCOLA MUNICIPAL PROFESSOR MARCOS GIL,221,,
2014,RJ,MACAE,58475,254,5502,COL. MUN. ENGENHO DA PRAIA,3024,,
2014,RJ,MACAE,58475,254,5501,COL. MUN. DR. CLAUDIO MOACYR DE AZEVEDO,4270,,
2014,RJ,MACAE,58475,254,5503,COL. MUN. NEUZA GOULART BRIZOLA,2587,,
2014,RJ,MACAE,58475,254,5500,COL. MUN. BALNEARIO LAGOMAR,3024,,
2014,RJ,MACAE,58475,254,5507,EMEI MAI MARIA CECILIA TOURINHO FURTADO,4544,,
2014,RJ,MACAE,58475,254,5508,EMEI Nª SRA DA CONCEICAO,3930,,
2014,RJ,MAGE,58491,148,5500,E. M. HORACIO JOSE DE PAIVA,7475,,
2014,RJ,MARICA,58530,55,5500,E. M. VER. LEVY RIBEIRO,4305,,
2014,RJ,MARICA,58530,55,5501,E. N. SRA. DA PENHA DE ITAIPUACU,3722,,
2014,RJ,MARICA,58530,55,5502,E.M. MATA ATLANTICA,4497,,
2014,RJ,MIGUEL PEREIRA,58572,48,5500,ESCOLA ESPACO EDUCACAO,898,,
2014,RJ,NITEROI,58653,144,5679,ESCOLA TECNICA ESTADUAL HENRIQUE LAGE,3461,,
2014,RJ,NITEROI,58653,113,5677,UNIVERSIDADE SALGADO DE OLIVEIRA - BL B,640,,
2014,RJ,NITEROI,58653,199,5500,UMEI PROFA ODETE ROSA DA MATA,3098,,
2014,RJ,NOVA IGUACU,58696,27,1430,GRUPO ESCOLAR RANGEL PESTANA,531,,
2014,RJ,NOVA IGUACU,58696,27,1554,BANCO DO BRASIL,2303,,
2014,RJ,NOVA IGUACU,58696,156,5501,ESCOLA AMINTHAS PEREIRA,531,,
2014,RJ,PARAIBA DO SUL,58734,28,1090,COLEGIO ESTADUAL MONSENHOR FRANCISCO,1516,,
2014,RJ,PARATY,58750,57,1139,ESCOLA MUNICIPAL DE PARATY-MIRIM,409,,
2014,RJ,PARATY,58750,57,5500,ESCOLA MUNICIPAL GUIOMAR SCHIMIDT MARQUES,1415,,
2014,RJ,PARATY,58750,57,1279,ESCOLA MUNICIPAL MINISTRO SERGIO MOTA,309,,
2014,RJ,PETROPOLIS,58777,85,5683,ESCOLA MUNICIPAL SAO JUDAS TADEU,1649,,
2014,RJ,PETROPOLIS,58777,65,1171,ESCOLA MUNICIPAL FABRICA DO SABER,3381,,
2014,RJ,PETROPOLIS,58777,29,5500,LEXMAR IND. E COM. DE MALHAS LTDA - IKINHA MALHAS,636,,
2014,RJ,RESENDE,58831,31,1228,CCRR - CENTRO CULTURAL RECREATIVO RESENDENSE,1344,,
2014,RJ,RESENDE,58831,198,5500,CIEP SAO CAETANO,1777,,
2014,RJ,RESENDE,58831,198,5502,ESCOLA ESTADUAL OSVALDO DA ROCHA CAMOES,1216,,
2014,RJ,SAO FIDELIS,58955,35,1015,ESCOLA MUNICIPAL ALBERTINO NASCIMENTO,208,,
2014,RJ,SAO FIDELIS,58955,35,5500,ESCOLA ESTADUAL MANOEL JOAQUIM DE SALLES,816,,
2014,RJ,SAO GONCALO,58971,36,5500,COLEGIO CALIFORNIA,5973,,
2014,RJ,SAO GONCALO,58971,136,5858,CIEP - PORTO DO ROSA,2674,,
2014,RJ,SAO GONCALO,58971,136,5686,COLEGIO SANTA MONICA,3942,,
2014,RJ,SAO GONCALO,58971,137,5503,INSTITUTO DE EDUCACAO GARDNER,2913,,
2014,RJ,SAO GONCALO,58971,136,1198,DEFENSORIA PUBLICA ESTADUAL,5771,352,
2014,RJ,SAO GONCALO,58971,132,5500,COLEGIO ATRIOS,5576,,
2014,RJ,SAO GONCALO,58971,69,2070,SEST SENAT,2265,,
2014,RJ,SAO JOAO DE MERITI,59013,186,5500,CENTRO EDUCACIONAL GONCALVES DOS SANTOS,2305,,
2014,RJ,SAO JOAO DE MERITI,59013,145,5756,PRIMEIRA IGREJA BATISTA DE AGOSTINHO PORTO,4705,,
2014,RJ,SAO JOAO DE MERITI,59013,187,5687,CRECHE MUNICIPAL CRIANCA FELIZ,1643,,
2014,RJ,TRES RIOS,59196,40,1864,CLUBE ATLETICO ENTRE RIOS (CAER),595,,
2014,RJ,VASSOURAS,59234,41,5500,ESCOLA EST. MUNICIPALIZADA ROMEIRO NETO - CANANEIA,77,,
2014,RJ,VASSOURAS,59234,41,5503,UNIDADE BASICA DE SAUDE CARLOTA PEREIRA DA SILVA - SAMAMBAIA,1000,,
2014,RJ,VASSOURAS,59234,41,5502,UNIDADE BASICA DE SAUDE - GLORIA,583,,
2014,RJ,VOLTA REDONDA,59250,47,5500,CADEIA PUBLICA FRANZ DE CASTRO HOLZWARTH,3585,,
2014,RJ,ITALVA,59293,141,1023,COLEGIO ESTADUAL JOAO GUIMARAES,2391,,
2014,RJ,RIO DE JANEIRO,60011,231,1104,CIEP POETA CRUZ E SOUSA,3852,,
2014,RJ,RIO DE JANEIRO,60011,173,1163,CULTURA INGLESA,1420,,
2014,RJ,RIO DE JANEIRO,60011,7,1643,BRASAS ENGLISH COURSE,4736,,
2014,RJ,RIO DE JANEIRO,60011,182,1430,ESCOLA MUNICIPAL LINCOLN BICALHO ROQUE,3267,,
2014,RJ,RIO DE JANEIRO,60011,1,1279,PALACIO GUSTAVO CAPANEMA (ANTIGO MINISTERIO DA EDUCACAO),1525,5856,
2014,RJ,RIO DE JANEIRO,60011,1,1287,MINISTERIO DA FAZENDA,2507,3609,
2014,RJ,RIO DE JANEIRO,60011,14,1570,PIEDADE FUTEBOL CLUBE,5367,,
2014,RJ,RIO DE JANEIRO,60011,12,1120,G.R.E.S.PORTELINHA,878,,
2014,RN,CAICARA DO NORTE,16047,52,1023,COLONIA DOS PESCADORES,1601,,
2014,RN,CERRO CORA,16535,20,5758,CENTRO EDUCACIONAL RODRIGUES NETO,408,,
2014,RN,CERRO CORA,16535,20,5757,CRECHE MUNICIPAL JARNIELE ALVES DA SILVA,408,,
2014,RN,CURRAIS NOVOS,16616,20,5759,ESCOLA LIONS CLUBE,2,,
2014,RN,CURRAIS NOVOS,16616,20,5689,ASSOCIACAO DE PAIS E AMIGOS EXCEPCIONAIS - APAE,1688,,
2014,RN,CURRAIS NOVOS,16616,20,5760,CENTRO DE ENSINO SUPLETIVO,852,,
2014,RN,GALINHOS,16799,52,5690,ESCOLA MUNICIPAL LIRIO DO VALE,357,,
2014,RN,GOVERNADOR DIX-SEPT ROSADO,16837,57,5784,ESCOLA MUNICIPAL MARIA BATISTA DE OLIVEIRA,2336,,
2014,RN,GOVERNADOR DIX-SEPT ROSADO,16837,57,1139,ESCOLA MUNICIPAL JOAO CARLOS DE MENEZES,2795,,
2014,RN,GOVERNADOR DIX-SEPT ROSADO,16837,57,5787,ESCOLA MUNICIPAL LUIZA MARIA AUGUSTA,2289,,
2014,RN,GOVERNADOR DIX-SEPT ROSADO,16837,57,1147,ESCOLA MUNICIPAL ANTONIA LOPES ALVES,2336,,
2014,RN,GOVERNADOR DIX-SEPT ROSADO,16837,57,5786,ESCOLA MUNICIPAL FRANCISCO QUEIROZ PORTO,2336,,
2014,RN,GOVERNADOR DIX-SEPT ROSADO,16837,57,5785,ESCOLA MUNICIPAL MANOEL MARIA DE MACEDO,2336,,
2014,RN,GROSSOS,16853,32,1104,PREDIO DO SINDICATO DOS SALINEIROS DE GROSSOS,1910,,
2014,RN,MONTANHAS,17531,12,1112,ESCOLA MUNICIPAL BELO HORIZONTE,1,,
2014,RN,MOSSORO,17590,33,5500,ESCOLA MUNICIPAL CARMELIA DE ALMEIDA,1789,,
2014,RN,MOSSORO,17590,33,5501,ESCOLA MUNICIPAL PEDRO FERNANDES,470,,
2014,RN,NATAL,17612,2,2291,IFRN - VOTO EM TRANSITO,3396,,
2014,RN,NATAL,17612,4,2003,CENTRO DE DETENCAO PROVISORIA - ZONA SUL,1874,,
2014,RN,NATAL,17612,69,2275,DCC - COLEGIO E CURSO,1646,,
2014,RN,NISIA FLORESTA,17639,67,5500,ESCOLA MUNICIPAL FRANCISCA PEREIRA DA SILVA,1621,,
2014,RN,NISIA FLORESTA,17639,67,5502,ESCOLA MUNICIPAL MARIA DE LOURDES FERREIRA DE CARVALHO,482,,
2014,RN,NISIA FLORESTA,17639,67,5503,PENITENCIARIA ESTADUAL DE ALCACUS,447,,
2014,RN,NISIA FLORESTA,17639,67,5501,ESCOLA MUNICIPAL FRANCISCO DOMINGOS DE SOUZA,1655,,
2014,RO,GUAJARA-MIRIM,19,1,1341,CASA DE DETENCAO GUAJARA MIRIM,2571,,
2014,RO,PORTO VELHO,35,24,1392,PENITENCIARIA EDVAN MARIANO ROSENDO - PANDA,70,,
2014,RO,PORTO VELHO,35,20,5606,CRECHE MUNICIPAL JARDIM SANTANA,5994,,
2014,RO,PORTO VELHO,35,2,1465,PRESIDIO PROVISORIO FEMININO,234,,
2014,RO,PORTO VELHO,35,2,5605,CENTRO DE ENSINO CLASSE A,82,,
2014,RO,PORTO VELHO,35,6,1090,ESCOLA ESTADUAL CAPITAO CLAUDIO MANOEL DA COSTA,7290,,
2014,RO,JI-PARANA,51,30,5500,ESCOLA ADAO VALDIR LAMOTA,3849,,
2014,RO,JI-PARANA,51,3,5500,EEEM JOVEM GONCALVES VILELA,4180,,
2014,RO,JI-PARANA,51,3,5501,ESCOLA MUNICIPAL DE ENSINO FUNDAMENTAL ANTONIO PRADO,644,,
2014,RO,ARIQUEMES,78,25,5500,ESC. MUN. ENS. FUND. PROF. PEDRO LOUBACK,1351,,
2014,RO,ARIQUEMES,78,25,5501,ESC. MUN. ENS. INF. FUND. JORGE TEIXEIRA,1005,,
2014,RO,ARIQUEMES,78,25,1139,CASA DE DETENCAO DE ARIQUEMES,719,,
2014,RO,ARIQUEMES,78,25,5503,ESC. MUN. ENS. INF. FUND. PE. JOSE DE ANCHIETA,6197,,
2014,RO,ARIQUEMES,78,25,5502,ESC. MUN. ENS. INF. FUND. PAULINA MAFINI,1351,,
2014,RO,ARIQUEMES,78,7,5500,ESCOLA MUNICIPAL DE ENSINO FUNDAMENTAL ARCO IRIS,480,,
2014,RO,CACOAL,94,31,5500,ESC. MARIA SOCORRO VIANA DE ALMEIDA,4121,,
2014,RO,CACOAL,94,11,5500,ESCOLA IZIDORO DE SOUZA MEIRELLES,567,,
2014,RO,PIMENTA BUENO,116,9,5504,ESCOLA PROF. DIVA TERESA FERREIRA,116,,
2014,RO,PIMENTA BUENO,116,9,5507,ESCOLA URUCUMACUA,521,,
2014,RO,PIMENTA BUENO,116,9,5501,ESCOLA AGUIA DOURADA,116,,
2014,RO,PIMENTA BUENO,116,9,5505,ESCOLA PROFª LAIRCE SANTIAGO MAINA,5091,,
2014,RO,PIMENTA BUENO,116,9,5508,ESCOLA VALDIR MONFREDINHO,1872,,
2014,RO,PIMENTA BUENO,116,9,5503,ESCOLA MUNICIPAL ALTO ITAPORANGA,1362,,
2014,RO,VILHENA,132,4,5500,EEEFM SHIRLEI CERUTI,3509,,
2014,RO,PRESIDENTE MEDICI,191,14,5500,ESCOLA IRMA DOROTHY MAE STANG,301,,
2014,RO,PRESIDENTE MEDICI,191,14,1198,CADEIA PUBLICA DE PRESIDENTE MEDICI,2402,,
2014,RO,PRESIDENTE MEDICI,191,14,5501,ESCOLA RIO SAO FRANCISCO,301,,
2014,RO,COLORADO DO OESTE,230,8,1228,CADEIA PUBLICA DE COLORADO DO OESTE,2134,,
2014,RO,COLORADO DO OESTE,230,8,5500,ESCOLA MARCOS DONADON,3665,,
2014,RO,ESPIGAO DO OESTE,256,12,5504,EMEIEF. SIMONE MOURA ROSA,4118,,
2014,RO,ESPIGAO DO OESTE,256,12,5505,ESCOLA MUNICIPAL FERNANDA SOUZA DE PAULA,4434,,
2014,RO,ESPIGAO DO OESTE,256,12,5503,EEEF MARIA DI SANCTIS SANTOS,2044,,
2014,RO,ESPIGAO DO OESTE,256,12,5501,ALDEIA ROOSEVELT,584,,
2014,RO,ESPIGAO DO OESTE,256,12,5500,ALDEIA JOAO BRAVO,133,,
2014,RO,ALTA FLORESTA DO OESTE,310,17,5501,EMEMF POTY,689,,
2014,RO,ALTA FLORESTA DO OESTE,310,17,5500,EMEMF MARTIM AFONSO DE SOUZA,470,,
2014,RO,ALVORADA DO OESTE,337,18,5500,EMEF SENADOR DARCY RIBEIR0,351,,
2014,RO,NOVA BRASILANDIA DO OESTE,370,33,5500,C.E.E.J.A. CECILIA MEIRELES,2866,,
2014,RO,MACHADINHO DO OESTE,396,32,5501,ESCOLA POLO AMIGOS DO CAMPO,317,,
2014,RO,MACHADINHO DO OESTE,396,32,5500,ESC. ESTADUAL VALDOMIRO FRANCISCO DE OLIVEIRA,1387,,
2014,RO,NOVA MAMORE,434,1,5500,E. M. E. F. MAL. CANDIDO RONDON,423,,
2014,RO,NOVA MAMORE,434,1,5501,ESCOLA EDUARDO VALVERDE,1777,,
2014,RO,CANDEIAS DO JAMARI,477,24,5500,BARRACAO COMUNITARIO (BAIANO),3841,,
2014,RO,CANDEIAS DO JAMARI,477,24,5501,ESCOLA P.A. JEQUITIBA,283,,
2014,RO,VALE DO PARAISO,558,28,5500,ESCOLA AIMORES - CEDRO ROSA,611,,
2014,RO,SERINGUEIRAS,582,35,5500,ESCOLA MUNICIPAL DE ENSINO FUNDAMENTAL VENCESLAU BRAS,1213,,
2014,RO,THEOBROMA,590,27,5500,E. M. ANTONIO CONSELHEIRO,1991,,
2014,RO,THEOBROMA,590,27,5501,EMEF AGUA CRISTALINA,1991,,
2014,RO,GOVERNADOR JORGE TEIXEIRA,612,27,5500,E M  ARMINDO FERREIRA FRAGA,3365,,
2014,RO,ALTO PARAISO,639,26,5500,ESCOLA MUNICIPAL TEREZA CRISTINA,404,,
2014,RO,MONTE NEGRO,663,25,5503,ESCOLA MARIO PALMERIO,601,,
2014,RO,MONTE NEGRO,663,25,5502,ESCOLA 22 DE ABRIL,601,,
2014,RO,CAMPO NOVO DE RONDONIA,671,34,5500,ESCOLA 7 DE SETEMBRO - DIST. TRES COQUEIROS,1795,,
2014,RO,CUJUBIM,680,26,5500,ESC. MUN. ENS. FUND. ALUISIO BECKER,4629,,
2014,RO,BURITIS,779,34,5502,E.M.E.F. MARIA MARTA BRAGA,1192,,
2014,RO,BURITIS,779,34,5503,E.M.E.F. TIRADENTES,4903,,
2014,RO,BURITIS,779,34,5500,E.M.E.F. JOSE AMERICO DE ALMEIDA,1192,,
2014,RO,BURITIS,779,34,5501,E.M.E.F. JOSE BONIFACIO DE ANDRADA E SILVA,2154,,
2014,RR,BOA VISTA,3018,5,1988,CADEIA PUBLICA FEMININA DE BOA VISTA,581,,
2014,RR,BOA VISTA,3018,5,1996,CENTRO SOCIO EDUCATIVO HOMERO DE SOUZA CRUZ FILHO,774,,
2014,RR,BOA VISTA,3018,1,5549,CENTRO EDUCACIONAL CONSTRUIR,1958,,
2014,RR,BOA VISTA,3018,1,3352,CADEIA PUBLICA MASCULINA DE BOA VISTA,944,,
2014,RR,CARACARAI,3034,2,5501,ESCOLA ESTADUAL RAIMUNDO SILVA RAMOS,867,,
2014,RR,RORAINOPOLIS,3085,8,5500,ESCOLA JOAO MAIA DA SILVA,1936,,
2014,RS,ALECRIM,85057,102,1090,SOCIEDADE NOSSA SENHORA DOS NAVEGANTES,143,,
2014,RS,BAGE,85316,7,1015,A.A.B.B.,346,,
2014,RS,BAGE,85316,142,5500,ESCOLA ESTADUAL MARIO QUINTANA,3094,,
2014,RS,EUGENIO DE CASTRO,85448,45,1937,CLUBE DE MAES - NOVO PORTO ALEGRE,264,,
2014,RS,SALDANHA MARINHO,85561,115,5500,ESCOLA ESTADUAL OSVALDO RITTER,222,,
2014,RS,IMBE,85685,110,5500,ANEXO ESC MUN ENS FUND SANTA CATARINA,2351,,
2014,RS,IMIGRANTE,85782,125,5700,SOCIEDADE RECREATIVA LINHA ERVAL,659,,
2014,RS,CANOAS,85898,171,5500,ERNA WURTH - E. M. DE ENS. FUND. (CAIC),657,,
2014,RS,CANOAS,85898,66,1430,CENTRO UNIVERSITARIO LA SALLE,2118,675,
2014,RS,CARAZINHO,85910,15,5692,ESCOLA SINODAL RUI BARBOSA,1913,,
2014,RS,CAXIAS DO SUL,85995,136,5859,E.M.E.F. ENG. MANSUETO SERAFINI,1669,,
2014,RS,CAXIAS DO SUL,85995,16,5500,E.E.E.M. NO DESVIO RIZZO,3949,,
2014,RS,CAXIAS DO SUL,85995,136,5502,ESPACO DE EVENTOS DA IGREJA DA PAROQUIA SANTA CATARINA,6194,,
2014,RS,CHAPADA,86037,15,5500,GINASIO MUNICIPAL DE ESPORTES 3 DE JUNHO (DESL. TEMP. P/ JULIA BILIART,1855,,
2014,RS,CRISSIUMAL,86177,91,5693,SALAO COMUNITARIO,106,,
2014,RS,FARROUPILHA,86550,61,5501,E. M. ANGELO VENZON NETO  (EX C.E. IMIGRANTE),2526,,
2014,RS,FARROUPILHA,86550,61,5503,SALAO COM. SAO FRANCISCO,3038,,
2014,RS,CHARRUA,86568,100,1015,ESCOLA MUNICIPAL DE ENS. FUND. CARMELINDA BASEGGIO,595,,
2014,RS,GUAPORE,86878,22,5761,SALAO COMUNITARIO E ESPORTIVO NOSSA SENHORA APARECIDA,510,,
2014,RS,GUAPORE,86878,22,5698,ESCOLA ESTADUAL DE ENSINO FUNDAMENTAL DR. FELIX ENGEL FILHO,510,,
2014,RS,HORIZONTINA,86916,120,5500,ESCOLA MUN. ENS. FUND. SAO JOSE OPERARIO,580,,
2014,RS,MATO LEITAO,87041,93,5500,ASSOCERBA (ASSOCIACAO CULTURAL ESPORTIVA E RECREATIVA SAMPAIO BAIXO),214,,
2014,RS,JAGUARAO,87211,25,5500,E.M.E.F. DR. FERNANDO CORREA RIBAS,336,,
2014,RS,NOVA PADUA,87220,68,1023,ESCOLA ESTADUAL DE ENSINO FUNDAMENTAL LUIZ GELAIN,912,,
2014,RS,LAGOA VERMELHA,87270,28,1473,PRESIDIO ESTADUAL DE LAGOA VERMELHA,1501,,
2014,RS,MARCELINO RAMOS,87394,3,1040,ESCOLA NOSSA SENHORA DAS GRACAS,244,,
2014,RS,MONTENEGRO,87491,31,1740,PENITENCIARIA ESTADUAL MODULADA AGENTE JAIR FIORIN,194,,
2014,RS,SAO VALENTIM DO SUL,87840,22,5705,ESCOLA ESTADUAL  DE ENSINO FUNDAMENTAL ROGACIANO GIORDANI,1427,,
2014,RS,PELOTAS,87912,34,5500,CAE - CENTRAL DE ATENDIMENTO AO ELEITOR,1121,,
2014,RS,PORTO ALEGRE,88013,1,5607,VOTO EM TRANSITO - FORO CENTRAL - PREDIO II,1650,,
2014,RS,RIO PARDO,88170,38,5702,SALAO DO CARLITO,311,,
2014,RS,RIO PARDO,88170,38,5703,ESCOLA MUNICIPAL AUGUSTO LIMBERGER,215,,
2014,RS,RIO PARDO,88170,38,5704,ESCOLA MUNICIPAL HERACILDES CARVALHO LIMA,246,,
2014,RS,DILERMANDO DE AGUIAR,88188,81,5607,SALAO COMUNITARIO,296,,
2014,RS,DILERMANDO DE AGUIAR,88188,81,5608,SALAO COMUNITARIO,209,,
2014,RS,SANTA CRUZ DO SUL,88390,40,1538,PAV. COM. CATOLICA SAO FRANCISCO XAVIER,670,,
2014,RS,SANTA CRUZ DO SUL,88390,40,1325,E.M.E.F. DONA LEOPOLDINA,670,,
2014,RS,SANTA MARIA,88412,147,5500,IGREJA METODISTA CENTRAL DE SANTA MARIA,2511,,
2014,RS,SANTA ROSA,88471,42,1813,PRESIDIO ESTADUAL DE SANTA ROSA,2252,,
2014,RS,SAO BORJA,88633,47,5501,ESC. E. VIRIATO VARGAS,1987,,
2014,RS,SAO JOSE DO NORTE,88730,130,5500,CAIC-CENTRO DE ATENDIMENTO E INTEGRACAO A CRIANCA,614,,
2014,RS,SAO JOSE DO NORTE,88730,130,5502,SEDE SOCIAL DO ESPORTE CLUBE FORTALEZA,548,,
2014,RS,SOLEDADE,89192,54,5500,EMEF DR. VALDEMAR ROCHA - EX-EEEF SAO FRANCISCO DE ASSIS,2287,,
2014,RS,VACARIA,89532,58,5500,PRESIDIO ESTADUAL DE VACARIA,1018,,
2014,RS,VIAMAO,89630,59,1570,ESCOLA MUNICIPAL DE ENSINO FUNDAMENTAL PROFESSOR BARRETO VIANA,42,,
2014,RS,TEUTONIA,98213,125,5500,ESCOLA MUNICIPAL DE ENSINO FUNDAMENTAL PROFESSOR TEOBALDO CLOSS,3893,,
2014,SC,ANCHIETA,80152,82,1120,ESCOLA ISOLADA MUNICIPAL LINHA NOSSA SENHORA DA SAUDE,196,,
2014,SC,BOM RETIRO,80497,4,5500,NUCLEO MUNICIPAL HENRIQUE HEMKMAIER,4313,,
2014,SC,CAMPO ERE,80675,69,5613,PAVILHAO COMUNITARIO,413,,
2014,SC,CAMPO ERE,80675,69,5709,CENTRO DE EDUCACAO INFANTIL CALDATO,280,,
2014,SC,DIONISIO CERQUEIRA,80977,50,1120,SALAO COMUNITARIO,160,,
2014,SC,FLORIANOPOLIS,81051,13,5608,ESCOLA DE EDUCACAO BASICA VEREADOR OSCAR CONCEICAO,2263,,
2014,SC,FORQUILHINHA,81060,98,5500,ESCOLA DE EDUCACAO BASICA PROFESSOR JAKOB ARNS,2982,,
2014,SC,ITAPEMA,81639,91,5500,E.M.E.B. JOAQUIM VICENTE DE OLIVEIRA,4371,,
2014,SC,JOINVILLE,81795,19,5500,SESC - UNIDADE JOINVILLE/SC,630,,
2014,SC,PALMA SOLA,82350,50,1031,SALAO COMUNITARIO,339,,
2014,SC,PENHA,82457,68,5500,G.M.E.A.J. TIAGO (ANTIGO RUBENS JOAO DE SOUZA),1746,,
2014,SC,PENHA,82457,68,5501,GRUPO MUNICIPAL ESCOLAR ANTONIO JOSE TIAGO,1746,,
2014,SC,TUBARAO,83674,99,1155,PRESIDIO FEMININO,2445,,
2014,SE,ARACAJU,31054,27,5609,LICEU DE ESTUDOS INTEGRADOS,54,,
2014,SE,CARIRA,31275,29,1090,ORGAO MUNICIPAL DE EDUCACAO,1691,,
2014,SE,ITABAIANA,31577,9,1163,UNIT,2504,,
2014,SE,ITABAIANA,31577,9,1171,"BENEDITO FIGUEIREDO, ESCOLA MUNICIPAL VICE-GOVERNADOR",38,,
2014,SE,MOITA BONITA,31810,26,1090,"CANDEIAS, ESCOLA RURAL MARIA DE LOURDES BARBOSA, POV",291,,
2014,SE,MURIBECA,31852,5,1066,ESCOLA MUNICIPAL CAMILO FRANCISCO DE JESUS,557,,
2014,SE,NOSSA SENHORA DAS DORES,31917,16,1171,ESCOLA MUNICIPAL AUGUSTO FRANCO,469,,
2014,SE,NOSSA SENHORA DO SOCORRO,31950,34,1600,CADEIA PUBLICA DE NOSSA SENHORA DO SOCORRO ALA FEMININA,1057,,
2014,SE,PACATUBA,31976,32,5500,GRUPO ESCOLAR MANOEL BISPO DOS SANTOS,353,,
2014,SE,PORTO DA FOLHA,32115,18,5501,"LINDA FRANCA, ESCOLA MUNICIPAL RAQUEL RODRIGUES BERNARDINO",1057,,
2014,SE,PORTO DA FOLHA,32115,18,5500,"ANTONIO GOMES DE MELO, GRUPO ESCOLAR",843,,
2014,SE,PROPRIA,32131,19,5500,"MARIA DO CARMO ALVES, ESCOLA ESTADUAL",2221,,
2014,SE,SAO CRISTOVAO,32336,21,1481,"BALAO MAGICO, ESCOLINHA",1038,,
2014,SE,SIMAO DIAS,32417,22,5502,POSTO MEDICO,393,,
2014,SP,SALTINHO,61441,270,5527,CIEMS PROF ANTONIO DO AMARAL MELLO,5399,,
2014,SP,BARUERI,62138,199,1554,GANHA TEMPO,6648,725,
2014,SP,BAURU,62197,23,2143,FACULDADE DE ODONTOLOGIA DA USP (GINASIO DE ESPORTES),1620,807,
2014,SP,BRAGANCA PAULISTA,62510,27,1554,FUNDACAO CASA DE BRAGANCA PAULISTA,2474,,
2014,SP,CAIUA,62839,102,5510,CENTRO DE DETENCAO PROVISORIA,780,,
2014,SP,CAMPINAS,62910,275,1961,UNIVERSIDADE PRESBITERIANA MACKENZIE,2252,,
2014,SP,CAPIVARI,63096,38,5538,EMEIEF PROFA MARIA DO CARMO AMARAL,677,,
2014,SP,CARAPICUIBA,63134,303,5530,TEATRO MUNICIPAL JORGE AMADO,1224,,
2014,SP,COTIA,63614,227,1937,CEIC. CENTRO ESPECIAL DE INTEGRACAO DA CRIANCA,1024,,
2014,SP,DIADEMA,63770,222,1368,EMEB PAULO FREIRE,5096,,
2014,SP,DIADEMA,63770,222,1554,EMEB EVANDRO CAIAFFA ESQUIVEL,5618,309,
2014,SP,FRANCA,64254,46,1538,13ª SUBSECAO DA OAB,4900,433,
2014,SP,GUARUJA,64750,212,1449,COLEGIO DON DOMENICO,2167,396,
2014,SP,GUARULHOS,64777,176,2119,CENTRO EDUCACIONAL ADAMASTOR,3497,922,
2014,SP,ITAPETININGA,65471,52,5554,COLEGIO OBJETIVO,2688,,
2014,SP,ITAQUAQUECETUBA,65633,377,1554,ESCOLA MUNICIPAL VER AUGUSTO DOS SANTOS (PQ ECOLOGICO),9311,,
2014,SP,ITIRAPINA,65730,245,1066,PENITENCIARIA JOAO BATISTA DE ARRUDA SAMPAIO (P II),2260,,
2014,SP,JUNDIAI,66192,424,1449,CENTRO EDUCACIONAL SESI  355,1473,,
2014,SP,LIMEIRA,66397,66,1694,COLEGIO PORTAL DE LIMEIRA,3852,457,
2014,SP,MAUA,66893,217,5521,INSTITUTO EDUCACIONAL IRINEU EVANGELISTA DE SOUZA,3463,,
2014,SP,MOCOCA,67113,73,5573,CENTRO DE RESSOCIALIZACAO DE MOCOCA,7056,,
2014,SP,MOGI DAS CRUZES,67130,74,5528,CMC - COLEGIO MOGIANO DE CAPACITACAO,1999,,
2014,SP,MOGI DAS CRUZES,67130,319,1392,CENTRO DE DETENCAO PROVISORIA DE MOGI DAS CRUZES-CDP,4776,,
2014,SP,NATIVIDADE DA SERRA,67474,84,5584,CENTRO COMUNITARIO MUNICIPAL,4316,,
2014,SP,ORLANDIA,67873,81,1937,CEO CENTRO EDUCACIONAL DE ORLANDIA,4496,,
2014,SP,OSASCO,67890,213,1244,COLEGIO ANGLO LATINO,4157,791,
2014,SP,PIRACICABA,68756,270,5527,EMEI ANTONIO BOLDRIM (PARQUE ORLANDA),2126,,
2014,SP,PIRACICABA,68756,270,1015,EE PROF BENEDITO FERREIRA DA COSTA,2583,,
2014,SP,PIRACICABA,68756,270,5540,ESCOLA MUNICIPAL SAO VICENTE DE PAULO,2996,,
2014,SP,PRESIDENTE PRUDENTE,69299,101,5535,EE DR PEDRO FURQUIM,1677,,
2014,SP,RIBEIRAO PRETO,69698,108,1988,COLEGIO METODISTA DE RIBEIRAO PRETO,6211,,
2014,SP,RIBEIRAO PRETO,69698,305,5530,CENTRO EDUCACIONAL ANCHIETA,6178,,
2014,SP,RIFAINA,69736,155,1023,EMEFEI. JOAO ETCHEBEHERE,4186,,
2014,SP,SANTO ANDRE,70572,156,1961,38ª SUBSECAO DA OAB,6367,755,
2014,SP,SANTO ANDRE,70572,306,5593,COLEGIO STOCCO,3354,,
2014,SP,SANTOPOLIS DO AGUAPEI,70696,25,5525,EMEIES PROFA NAIR SIMOES GARCIA,1636,,
2014,SP,SANTOS,70718,273,5523,COLEGIO RAMOS LOPES,3177,,
2014,SP,SANTOS,70718,272,5543,UNIFESP - UNIV FED DO EST DE SAO PAULO - CAMPUS PTA DA PRAIA,3321,,
2014,SP,SAO BERNARDO DO CAMPO,70750,414,1210,SENAI - ALMIRANTE TAMANDARE ESCOLA,6323,650,
2014,SP,SAO BERNARDO DO CAMPO,70750,296,5529,CENTRO DE DETENCAO PROVISORIA (CDP) DE SBCAMPO,4756,,
2014,SP,SAO JOSE DO RIO PARDO,70955,124,1163,ESCOLA ESTADUAL PROFESSORA STELLA COUVERT RIBEIRO,3093,,
2014,SP,SAO JOSE DO RIO PRETO,70971,125,2216,COLEGIO ASSOCIACAO LITERARIA EDUCATIVA SANTO ANDRE,78,,
2014,SP,SAO JOSE DOS CAMPOS,70998,127,5566,CEJUSC - JUSTICA ELEITORAL (ANTIGO FORUM),6700,,
2014,SP,SAO PAULO,71072,20,1325,EE. YOSHIO NINOMIYA,4617,,
2014,SP,SAO PAULO,71072,420,5542,ALVORADA INSTITUTO DE EDUCACAO E CULTURA,508,,
2014,SP,SAO PAULO,71072,374,1848,CEU. BUTANTA,3638,,
2014,SP,SAO PAULO,71072,6,5506,"LOCAL RESERVA, NAO UTILIZAR",8638,,
2014,SP,SAO PAULO,71072,6,2178,COLEGIO SANTO AGOSTINHO,8205,,
2014,SP,SAO PAULO,71072,254,1643,LAFER 2 (NAO USAR - TRANSFERIR P/ ORIGINAL),5398,,
2014,SP,SAO PAULO,71072,1,5502,ESTACAO REPUBLICA DO METRO,6863,,
2014,SP,SAO PAULO,71072,374,1899,CEU. BUTANTA,3638,,
2014,SP,SAO PAULO,71072,2,1570,"LOCAL RESERVA, NAO UTILIZAR",9802,,
2014,SP,SAO PAULO,71072,1,5501,ESTACAO SE DO METRO,3741,,
2014,SP,SAO VICENTE,71218,177,2151,COLEGIO BATISTA DA PRIMEIRA,3882,540,
2014,SP,SOROCABA,71455,137,1236,SERVICO SOCIAL DA INDUSTRIA - SESI,1329,1170,
2014,SP,SUZANO,71510,181,1813,COMPLEXO EDUCACIONAL MIRAMBAVA,6240,225,
2014,SP,TAUBATE,71838,407,1546,UNITAU - ENGENHARIA MECANICA,6083,573,
2014,SP,VALENTIM GENTIL,72230,147,5514,EMEI AILTON DE MEDEIROS,3935,,
2014,TO,LAGOA DO TOCANTINS,73113,35,5500,ESCOLA ESTADUAL SALMON DO AMARAL BRITO,1873,,
2014,TO,SAO SALVADOR DO TOCANTINS,73393,18,5762,UNIDADE JUDICIARIA  DE SAO SALVADOR,837,,
2014,TO,PALMAS,73440,29,2089,IFTO - (VOTO EM TRANSITO),117,1177,
2014,TO,ARAGUAINA,92410,1,1317,SENAI - SERVICO NACIONAL DE APRENDIZAGEM INDUSTRIAL,1098,,
2014,TO,ARRAIAS,92479,22,1104,CADEIA PUBLICA DE ARRAIAS,2211,,
2014,TO,SANTA TEREZA DO TOCANTINS,92606,35,5500,ESCOLA MUNICIPAL FRANCISCO DE SOUSA BARROS,1700,,
2014,TO,DIANOPOLIS,93416,25,5502,FACULDADE PARA O DESENVOLVIMENTO DO SUDESTE DO TOCANTINS - FADES,3590,,
2014,TO,DIANOPOLIS,93416,25,5500,ESCOLA MUNICIPAL IMACULADA CONCEICAO,3590,,
2014,TO,DIANOPOLIS,93416,25,5501,ESCOLA MUNICIPAL REUNIDA SANTANA,1969,,
2014,TO,DIANOPOLIS,93416,25,1120,CASA DE PRISAO PROVISORIA DE DIANOPOLIS,920,,
2014,TO,GURUPI,93858,2,1473,CASA DE PRISAO PRISAO PROVISORIA DE GURUPI,2526,,
2014,TO,NAZARE,94838,9,5779,ESCOLA ESTADUAL PRESIDENTE CASTELO BRANCO (PADRAO),88,,
2014,TO,NAZARE,94838,9,5714,GRUPO ESCOLAR LUIZ MATIAS DO NASCIMENTO,41,,
2014,TO,PEDRO AFONSO,95257,23,5500,UBS ENFERMEIRA MARIA CLARA BRASIL,1569,,
2014,TO,PORTO NACIONAL,95591,3,1384,CASA DE PRISAO PROVISORIA DE PORTO NACIONAL,1584,,
2014,TO,TOCANTINOPOLIS,96210,9,5715,ALDEIA INDIGENA SAO JOSE - DEPARA 2010,208,,
2014,TO,AUGUSTINOPOLIS,96857,21,1082,CASA DE PRISAO PROVISORIA DE AUGUSTINOPOLIS,2538,,
2018,AC,CRUZEIRO DO SUL,1074,4,1511,ESCOLA COMANDANTE BRAZ DE AGUIAR,95,,
2018,AC,CRUZEIRO DO SUL,1074,4,1651,UNIDADE DE GESTAO SUSTENTAVEL - ANTIGA SDA,281,,
2018,AC,CRUZEIRO DO SUL,1074,4,1589,ESCOLA MUNICIPAL PROFESSORA FRANCISCA RITA DE CASSIA LIMA PINTO,418,,
2018,AC,CRUZEIRO DO SUL,1074,4,2070,ESCOLA DOM HENRIQUE RUTH,1031,,
2018,AC,CRUZEIRO DO SUL,1074,4,2283,CSE - CENTRO SOCIOEDUCATIVO - JURUA,676,46,30
2018,AC,JORDAO,1104,5,1015,ESCOLA MANOEL RODRIGUES DE FARIAS,1144,,
2018,AC,SENA MADUREIRA,1457,3,1490,INSTITUTO SOCIO-EDUCATIVO - ISE,656,73,73
2018,AC,TARAUACA,1473,5,1040,ESCOLA JOSE AUGUSTO DE ARAUJO,2331,,
2018,AC,TARAUACA,1473,5,1058,ESCOLA PLACIDO DE CASTRO,322,,
2018,AC,TARAUACA,1473,5,1104,ESCOLA DONIZETE MOTA,2043,,
2018,AC,TARAUACA,1473,5,1457,SECRETARIA DA FAZENDA - RECEITA FEDERAL,2043,,
2018,AC,PLACIDO DE CASTRO,1511,8,1716,CRAS - CENTRO DE REFERENCIA DE ASSISTENCIA SOCIAL,455,,
2018,AL,BATALHA,27138,29,1066,ESCOLA EDITE MACARIO,1038,,
2018,AL,FLEXEIRAS,27553,53,1139,ESCOLA JARBAS MAIA DE OMENA,1088,0,
2018,AL,GIRAU DO PONCIANO,27570,44,1287,PRESIDIO DO AGRESTE,4236,210,164
2018,AL,INHAPI,27650,39,1082,ESCOLA MUNICIPAL DE ENSINO BASICO NOSSA SENHORA DO ROSARIO,3577,,
2018,AL,JOAQUIM GOMES,27758,53,1163,COLEGIO SAO JOSE,3157,827,
2018,AL,JOAQUIM GOMES,27758,53,1171,ESPACO DE ACAO SOCIAL,3157,,
2018,AL,MACEIO,27855,2,1996,IATE CLUBE PAJUCARA VOTO EM TRANSITO,1568,54,49
2018,AL,MACEIO,27855,54,1465,PRESIDIO DE SEGURANCA MEDIA CYRIDIAO DURVAL E SILVA,12,84,43
2018,AL,MACEIO,27855,1,2160,FORUM ELEITORAL DES. MOURA CASTRO,1179,119,110
2018,AL,MARECHAL DEODORO,27936,26,1295,CRECHE PROFESSORA TANIA CAVALCANTE,1078,,
2018,AL,MARECHAL DEODORO,27936,26,1309,POSTO DE SAUDE,2056,,
2018,AL,MARECHAL DEODORO,27936,26,1317,FORUM JUDICIARIO,2056,,
2018,AL,PILAR,28371,8,1198,ESCOLA DR. MANOEL RAMOS,2134,,
2018,AL,SAO LUIS DO QUITUNDE,28690,17,1228,ESCOLA MUNICIPAL SAO LUIZ DE FRANCA,3736,,
2018,AM,MANAUS,2550,40,1821,C.S.E.A.S. DAGMAR FEITOZA,2348,47,29
2018,AM,SAO GABRIEL DA CACHOEIRA,2836,19,1570,COLEGIO ESTADUAL IRMA INES PENHA,2089,,
2018,AP,MACAPA,6050,10,1716,CASA DA CIDADANIA ZONA NORTE,4736,0,
2018,AP,MACAPA,6050,2,2186,E.E. PROFº ELCY RODRIGUES LACERDA - CESEIN,1094,36,24
2018,AP,MACAPA,6050,2,2100,E.E. SAO JOSE - COMPLEXO  PENITENCIARIO - IAPEN,2830,27,20
2018,AP,MACAPA,6050,2,2402,CASA DA CIDADANIA 2ª ZONA ELEITORAL,3547,334,286
2018,AP,MAZAGAO,6076,5,1341,ESCOLA ESTADUAL DOM PEDRO I,1499,,
2018,BA,EUNAPOLIS,30058,188,1546,ESCOLA NICOLAU COELHO,1566,,
2018,BA,EUNAPOLIS,30058,188,1520,ESCOLA MUNICIPAL GIUSEPPE IACOVIELL0,2456,,
2018,BA,EUNAPOLIS,30058,188,1341,ESCOLA MUNICIPAL DE GABIARRA,447,,
2018,BA,EUNAPOLIS,30058,188,1589,ESCOLA MODELO MUNICIPAL ANTONIO BATISTA,1566,,
2018,BA,EUNAPOLIS,30058,188,1295,ESCOLA NOSSA SENHORA APARECIDA,1566,,
2018,BA,EUNAPOLIS,30058,188,1147,"INSTITUTO FEDERAL DE EDUCACAO,CIENCIA E TECNOLOGIA DA BAHIA-IFBA",814,,
2018,BA,EUNAPOLIS,30058,188,1538,ESCOLA ALMERINDO ALVES DOS SANTOS,317,,
2018,BA,EUNAPOLIS,30058,188,1392,ESCOLA POLO MUNICIPAL REIS VELLOSO,447,,
2018,BA,EUNAPOLIS,30058,188,1562,ESCOLA GILBERTO PEREIRA ABADE,1286,,
2018,BA,EUNAPOLIS,30058,188,1104,COLEGIO BADEN POWELL,317,,
2018,BA,EUNAPOLIS,30058,188,1155,ESCOLA PROFESSORA HELENA PEREIRA DE PINHO,1566,,
2018,BA,EUNAPOLIS,30058,188,1422,ESCOLA DO ROTARY 03 - EXTENSAO - ANEXO SITIO DA PAZ,317,,
2018,BA,ALAGOINHAS,33138,163,1287,ESCOLA MUNICIPAL PADRE JOSE DE ANCHIETA,291,,
2018,BA,ALAGOINHAS,33138,163,1279,ESCOLA BARAO DO RIO BRANCO,192,,
2018,BA,ALAGOINHAS,33138,163,1244,PREDIO ESCOLAR DE SAUIPE,192,,
2018,BA,BARREIRAS,33634,75,1449,PRISIONAL - CONJUNTO PENAL DE BARREIRAS,241,90,77
2018,BA,CAMACARI,34134,171,1589,INTERNACAO - CASE - IRMA DULCE,2,37,28
2018,BA,CAMPO FORMOSO,34193,53,5861,ESCOLA DE PRODUCAO MARECHAL RONDON,692,,
2018,BA,CENTRAL,34517,159,1139,PREDIO ESCOLAR MUNICIPAL CASTELO BRANCO,275,,
2018,BA,CORRENTINA,34851,124,1635,ESCOLA MUNICIPAL DE VEREDA GRANDE,15,,
2018,BA,CORRENTINA,34851,124,1660,ESCOLA MUNICIPAL VERDE-AMARELO,357,,
2018,BA,DARIO MEIRA,34991,147,1058,PREDIO ESCOLAR MARIA AURELIA,201,,
2018,BA,FEIRA DE SANTANA,35157,155,1260,INTERNACAO - CASE - ZILDA ARNS,3527,36,31
2018,BA,FEIRA DE SANTANA,35157,157,1287,PRISIONAL - CONJUNTO PENAL DE FEIRA DE SANTANA,931,30,13
2018,BA,GUANAMBI,35335,64,1813,PRISIONAL - CADEIA ANTIGA DE GUANAMBI,2922,40,29
2018,BA,IBITITA,35637,104,1570,PREDIO ESCOLAR NECY NOVAIS,286,,
2018,BA,IBITITA,35637,104,1562,PREDIO ESCOLAR QUINTINO MARQUES,777,,
2018,BA,IBITITA,35637,104,1554,ESCOLA MUNICIPAL ABILIO MARQUES DOURADO,309,,
2018,BA,IBITITA,35637,104,1546,ESCOLA RURAL EUFRASIA OLIVEIRA PAIVA,409,,
2018,BA,IGUAI,35718,146,5718,PREDIO ESCOLAR TIRADENTES,590,,
2018,BA,LAURO DE FREITAS,36854,180,5729,ESCOLA MUNICIPAL QUINGOMA DE FORA,3969,,
2018,BA,LAURO DE FREITAS,36854,180,1252,ESCOLA TENENTE GUSTAVO SANTOS,352,,
2018,BA,LAURO DE FREITAS,36854,180,1392,COLEGIO ESTADUAL HERMANO GOUVEIA NETO,3969,,
2018,BA,LAURO DE FREITAS,36854,180,1236,ESCOLA MUNICIPAL ESFINGE,3950,,
2018,BA,LAURO DE FREITAS,36854,180,1279,ESCOLA MUNICIPAL SENHORA VALENTINA SILVINA SANTOS,1600,,
2018,BA,LAURO DE FREITAS,36854,180,1201,INSTITUTO PROFISSIONALIZANTE EURIDES SANTANA,352,,
2018,BA,LAURO DE FREITAS,36854,180,1228,GINASIO EDVALDO BOAVENTURA,3950,,
2018,BA,LAURO DE FREITAS,36854,180,1260,ESCOLA PROFESSOR FRANCISCO PEREIRA FRANCO,352,,
2018,BA,LAURO DE FREITAS,36854,180,1503,ESCOLA MUNICIPAL VIDA NOVA,3969,,
2018,BA,LAURO DE FREITAS,36854,180,1163,ESCOLA MUNICIPAL SOLANGE COELHO,352,,
2018,BA,LAURO DE FREITAS,36854,180,1180,COLEGIO ESTADUAL ALFREDO AGOSTINHO DE DEUS,352,,
2018,BA,LAURO DE FREITAS,36854,180,1511,ESCOLA MUNICIPAL TALISMA,352,,
2018,BA,LAURO DE FREITAS,36854,180,1490,ESCOLA MUNICIPAL GOVERNADOR MARIO COVAS,352,,
2018,BA,LAURO DE FREITAS,36854,180,1457,ESCOLA MUNICIPAL SANTA JULIA,1600,,
2018,BA,LAURO DE FREITAS,36854,180,1244,ESCOLA MUNICIPAL CAPITULINO DOS SANTOS,3950,,
2018,BA,LAURO DE FREITAS,36854,180,1473,ESCOLA MUNICIPAL DOIS DE JULHO,352,,
2018,BA,MUQUEM DO SAO FRANCISCO,37460,98,1210,ESCOLA MUNICIPAL UNIAO DOS GALEGOS,810,320,
2018,BA,PAULO AFONSO,37818,84,1872,PRISIONAL - CONJUNTO PENAL DE PAULO AFONSO,2032,33,24
2018,BA,PLANALTO,38016,139,1309,ESCOLA MUNICIPAL CLEMENTE ALVES CHAGAS,174,,
2018,BA,RIACHAO DAS NEVES,38253,182,1309,GRUPO ESCOLAR SEBASTIAO ALVES DE CARVALHO,178,,
2018,BA,SALVADOR,38490,14,1651,INTERNACAO - COMUNIDADE DE ATENDIMENTO SOCIOEDUCATIVO DE SALVADOR CASE,269,146,120
2018,BA,SALVADOR,38490,4,2160,ESCOLA MUNICIPAL PROFESSOR  ITALO GAUDENZI,3141,,
2018,BA,SALVADOR,38490,19,1490,INTERNACAO - FUNDACAO DA CRIANCA E DO ADOLESCENTE - CASE CIA,4529,97,78
2018,BA,SALVADOR,38490,5,1805,PRISIONAL - CONJUNTO PENAL MASCULINO,1177,67,47
2018,BA,SALVADOR,38490,5,1821,PRISIONAL - PRESIDIO DO SALVADOR,1177,0,
2018,BA,VALENCA,39578,31,1813,PRISIONAL - CONJUNTO PENAL DE VALENCA,3812,75,66
2018,BA,VITORIA DA CONQUISTA,39659,40,3590,PRISIONAL - CONJUNTO PENAL DE VITORIA DA CONQUISTA,727,74,57
2018,BA,LAPAO,39730,104,1023,ESCOLA PEDRO JOSE DE ARAUJO,854,,
2018,BA,LAPAO,39730,104,1058,ESCOLA ROBERTO SANTOS,1531,,
2018,BA,LAPAO,39730,104,1163,ESCOLA JOSE ALIMPIO,344,,
2018,BA,LAPAO,39730,104,1341,ESCOLA CECILIA MARIA DA CONCEICAO,344,,
2018,BA,LAPAO,39730,104,1392,ESCOLA ANISIA ROCHA,467,,
2018,CE,AQUIRAZ,13196,66,1970,INSTITUTO PENAL FEMININO DESA. AURI MOURA COSTA - IPF,909,184,137
2018,CE,EUSEBIO,13226,88,1376,E.E.M. PROF. FRANCISCA LINHARES DE SOUSA,1274,,
2018,CE,EUSEBIO,13226,88,1368,CRECHE CRIANCA VIVENDO FELIZ,902,,
2018,CE,ITAITINGA,13480,78,1287,INSTITUTO PENAL PROFESSOR OLAVO OLIVEIRA - IPPOO II,1364,0,
2018,CE,ITAITINGA,13480,78,1309,CASA DE PRIVACAO PROV. DE LIBERDADE AG. ELIAS ALVES DA SILVA - CPPL IV,1364,0,
2018,CE,ITAITINGA,13480,78,1333,UNIDADE PRISIONAL PROFESSOR JOSE SOBREIRA DE AMORIM - UPPJSA,1364,0,
2018,CE,BREJO SANTO,13498,70,1767,CENTRO VOCACIONAL TECNOLOGICO - CVT,637,,
2018,CE,CAPISTRANO,13579,105,1040,ESCRITORIO DA CAGECE,1309,,
2018,CE,CARIRIACU,13633,71,1619,EEF PADRE CICERO,172,,
2018,CE,CAUCAIA,13730,120,1490,UNIDADE PRISIONAL DES. ADALBERTO DE OLIVEIRA BARROS LEAL - UPDAOBL,969,0,
2018,CE,CRATEUS,13838,20,2070,POSTO DE SAUDE DE QUEIMADAS,808,,
2018,CE,IPU,14176,21,2046,UBS ANTONIA LOPES FERREIRA,433,,
2018,CE,ITAPIPOCA,14290,17,2305,EEB VICENTE ANTENOR FERREIRA GOMES FILHO,322,,
2018,CE,ITAPIPOCA,14290,17,1880,EEB VICENTE PRACIANO SAMPAIO,340,,
2018,CE,ITAPIPOCA,14290,17,2062,EEB JOAO IRINEU DA SILVA,527,,
2018,CE,ITAPIPOCA,14290,17,2372,EEB PEDRO FRANCISCO DE ASSIS,235,,
2018,CE,ITAPIPOCA,14290,17,2089,EEB SEBASTIAO MALAQUIAS DOS SANTOS,527,,
2018,CE,ITAPIPOCA,14290,17,2348,EEB JOSEFA PEREIRA DE SOUSA,322,,
2018,CE,ITAPIPOCA,14290,17,2399,EEB RAIMUNDA ROCHA DO NASCIMENTO,220,,
2018,CE,ITAPIPOCA,14290,17,2470,EEB LUZIA ROLA TEIXEIRA,322,,
2018,CE,ITAPIPOCA,14290,17,2577,EEB MARIA MADALENA DA ROCHA,527,,
2018,CE,ITAPIPOCA,14290,17,2593,EEB JOSE PIRES CHAVES,415,,
2018,CE,ITAPIPOCA,14290,17,2640,EEB PEDRO PEREIRA,189,,
2018,CE,ITAPIPOCA,14290,17,2674,EEB DOM PAULO EDUARDO ANDRADE PONTES,212,,
2018,CE,ITAPIPOCA,14290,17,2747,EEB VERA LUCIA TEIXEIRA,212,,
2018,CE,ITAPIPOCA,14290,17,2801,EEB PAULO TELES TEIXEIRA,243,,
2018,CE,ITAPIPOCA,14290,17,2879,EEB ANTONIO PIRES CHAVES,235,,
2018,CE,ITAPIPOCA,14290,17,2917,ASSOCIACAO COMUNITARIA DE CROATA,235,,
2018,CE,ITAPIPOCA,14290,17,2968,SALAO COMUNITARIO DO SITIO SAO JOSE,220,,
2018,CE,ITAPIPOCA,14290,17,1872,EEB DE MACEIO,220,,
2018,CE,ITAPIPOCA,14290,17,1830,EEB ALONSO PINTO DE CASTRO,235,,
2018,CE,ITAPIPOCA,14290,17,1821,EEB RITA PIRES DOS SANTOS,235,,
2018,CE,ITAPIPOCA,14290,17,1791,EEB TEOFILO PIRES CHAVES,516,,
2018,CE,ITAPIPOCA,14290,17,1783,EEB JOAO BATISTA PIRES,235,,
2018,CE,ITAPIPOCA,14290,17,1724,EEB MANOEL ALVES DE FREITAS,869,,
2018,CE,ITAPIPOCA,14290,17,1716,EEB JOAO MESQUITA TEIXEIRA,869,,
2018,CE,ITAPIPOCA,14290,17,1708,EEB JOAQUIM MANOEL MARQUES,322,,
2018,CE,ITAPIPOCA,14290,17,1899,EEB JOSE MARIA DA SILVEIRA,340,,
2018,CE,PACATUBA,14958,57,1740,PENITENCIARIA FRANCISCO HELIO VIANA DE ARAUJO - PFHVA,2402,0,
2018,CE,PALMACIA,15032,4,1350,POSTO DE SAUDE DE QUEIMADAS,342,,
2018,CE,QUIXERAMOBIM,15296,11,2208,ESCOLA MANOEL VITORINO DA SILVA,452,,
2018,CE,SOBRAL,15598,121,1864,PENITENCIARIA INDUSTRIAL REGIONAL DE SOBRAL - PIRS,928,0,
2018,DF,BRASILIA,97012,21,1317,UNIRE - UNIDADE DE INTERNACAO DO RECANTO DAS EMAS,5360,152,113
2018,DF,BRASILIA,97012,18,1384,UNIDADE DE INTERNACAO DE SAO SEBASTIAO,2372,89,73
2018,DF,BRASILIA,97012,18,1392,COMPLEXO PENINTENCIARIO DA PAPUDA,4206,25,21
2018,DF,BRASILIA,97012,6,1945,UNIDADE DE INTERNACAO DE PLANALTINA,104,40,34
2018,DF,BRASILIA,97012,4,1678,UNIDADE DE INTERNACAO DE SANTA MARIA - UISM,873,38,33
2018,DF,BRASILIA,97012,1,2160,"IESB ASA SUL - SGAS 613/614, LT. 97 E 98 - L2 - SUL  - BRASILIA/DF",1711,4571,4300
2018,ES,ARACRUZ,56111,20,1597,CDPA - CENTRO DE DETENCAO PROVISORIA DE ARACRUZ,2678,126,92
2018,ES,MARATAIZES,56120,43,1279,CDPM - CENTRO DE DETENCAO PROVISORIA DE MARATAIZES,854,76,63
2018,ES,CACHOEIRO DE ITAPEMIRIM,56235,48,1287,CDPCI - CENTRO DE DETENCAO PROVISORIA DE CACHOEIRO DE ITAPEMIRIM,3286,87,79
2018,ES,CACHOEIRO DE ITAPEMIRIM,56235,48,1104,IASES - COMPLEXO DE CACHOEIRO DE ITAPEMIRIM (UNIP SUL E UNIS SUL),1928,93,72
2018,ES,CACHOEIRO DE ITAPEMIRIM,56235,48,1090,CPFCI - CENTRO PRISIONAL FEMININO DE CACHOEIRO DE ITAPEMIRIM,4961,29,28
2018,ES,CACHOEIRO DE ITAPEMIRIM,56235,2,1830,EEEF PROF. ELISIO CORTES IMPERIAL,786,,
2018,ES,CARIACICA,56251,54,1910,"IASES - COMPLEXO DE CARIACICA (UNIP1, UNIP2, UNIS E UFI)",6876,88,71
2018,ES,CARIACICA,56251,54,1309,CAT-INDª ARNALDO MAGALHES FILHO - SESI,2331,,
2018,ES,CARIACICA,56251,54,2100,IASES - CSE (TUCUM),4603,69,55
2018,ES,CARIACICA,56251,54,2186,CPFC - CENTRO PRISIONAL FEMININO DE CARIACICA,4189,69,58
2018,ES,CARIACICA,56251,34,1449,EEEFM PROF. JOSE LEAO NUNES,2371,,
2018,ES,CARIACICA,56251,34,1384,EEEF PAUTILHA RODRIGUES XAVIER,1529,,
2018,ES,CARIACICA,56251,34,1414,EPSG PASSIONISTA,1529,,
2018,ES,CARIACICA,56251,34,1376,EMEF CERQUEIRA LIMA,1529,,
2018,ES,CARIACICA,56251,34,1430,EMEF AMENOPHIS DE ASSIS,2371,,
2018,ES,CARIACICA,56251,34,1333,EEEF JESUS CRISTO REI,1851,,
2018,ES,CARIACICA,56251,34,1368,CMEI MARIA APARECIDA LACERDA MOURA ( PRE-ESCOLAR VERA CRUZ),1058,,
2018,ES,CARIACICA,56251,34,1740,EEEF ANTONIO ESTEVES,1058,,
2018,ES,COLATINA,56294,6,1210,IFES - INSTITUTO FEDERAL DO ESPIRITO SANTO CAMPUS ITAPINA,1977,,
2018,ES,COLATINA,56294,6,1767,CDPCOL - CENTRO DE DETENCAO PROVISORIA DE COLATINA,192,92,68
2018,ES,COLATINA,56294,6,1775,CPFCOL - CENTRO PRISIONAL FEMININO DE COLATINA,192,54,44
2018,ES,COLATINA,56294,6,1724,EUM BARRA SECA,2414,,
2018,ES,COLATINA,56294,6,1066,EEEF DR. OCTAVIO MANHAES DE ANDRADE,4337,,
2018,ES,COLATINA,56294,6,1678,CEIM VISTA DA SERRA,2336,,
2018,ES,COLATINA,56294,6,1031,EEEFM RUBENS RANGEL,3654,,
2018,ES,COLATINA,56294,6,1058,EMEF CLERES MARTINS MOREIRA,3654,,
2018,ES,COLATINA,56294,6,1201,EEEFM LIONS CLUB DE COLATINA,2336,,
2018,ES,COLATINA,56294,6,1708,CEIM LUIZA DE MARILAC,3654,,
2018,ES,COLATINA,56294,6,1546,EPM ROTARY CLUB,5656,,
2018,ES,COLATINA,56294,6,1538,CENTRO COMUNITARIO JOAO PINOTTI,2414,,
2018,ES,COLATINA,56294,6,1040,EMEF OSEAS RANGEL DE AMORIM,1977,,
2018,ES,COLATINA,56294,6,1090,EMEF ADWALTER RIBEIRO SOARES,2336,,
2018,ES,COLATINA,56294,6,1279,EMCOR ERNESTO CORRADI,2336,,
2018,ES,COLATINA,56294,6,1570,EUM NOSSA SENHORA DAS GRACAS,2414,,
2018,ES,COLATINA,56294,6,1520,EMEF GODOFREDO CHAVES BAIAO,3077,,
2018,ES,COLATINA,56294,6,1244,EMEF MARIA ORTIZ,127,,
2018,ES,COLATINA,56294,6,1554,EMEF LUIZ DALLA BERNARDINA,2336,,
2018,ES,COLATINA,56294,6,1252,EMCOR PROFESSORA  LUIZA CREMA,3077,,
2018,ES,COLATINA,56294,6,1260,EUM POVOACAO DE BAUNILHA,2336,,
2018,ES,COLATINA,56294,6,1023,EEEFM CONDE DE LINHARES,3654,,
2018,ES,COLATINA,56294,6,1074,EMEF DR. CARLOS GERMANO NAUMANN,2336,,
2018,ES,COLATINA,56294,6,1015,EEEF ARISTIDES FREIRE,3654,,
2018,ES,COLATINA,56294,6,1627,CENTRO COMUNITARIO FAZENDA KNAAK,2414,,
2018,ES,COLATINA,56294,6,1198,EMEF HUMBERTO DE CAMPOS,3654,,
2018,ES,GUARAPARI,56472,24,1880,CDPG - CENTRO DE DETENCAO PROVISORIA DE GUARAPARI,2182,53,41
2018,ES,ITAPEMIRIM,56553,22,1368,UNIDADE DE SAUDE DE BREJO GRANDE DO SUL,665,,
2018,ES,LINHARES,56634,25,2372,PRL - PENITENCIARIA REGIONAL DE LINHARES,1314,44,36
2018,ES,LINHARES,56634,25,2127,CASA CANONICA SANTO HILARIO,576,,
2018,ES,LINHARES,56634,25,1759,EPM CORREGO JAPIRA,264,,
2018,ES,LINHARES,56634,25,2240,CEIM LEODOVICO DONATELLI,1816,,
2018,ES,LINHARES,56634,25,1163,EMEF CID ADALBERTO DOS REIS,3174,,
2018,ES,LINHARES,56634,25,2453,IASES - COMPLEXO DE LINHARES (UNIP NORTE E UNIS NORTE),1816,204,49
2018,ES,LINHARES,56634,25,2259,CEL - COOPERATIVA EDUCACIONAL DE LINHARES (PITAGORAS),3174,,
2018,ES,LINHARES,56634,25,1767,EMEF CABOCLO BERNARDO,249,,
2018,ES,LINHARES,56634,25,1155,CEIM ENOCK DE FREITAS,3174,,
2018,ES,LINHARES,56634,25,1910,EEEFM VILA REGENCIA,1443,,
2018,ES,LINHARES,56634,25,2186,EPM BOA ESPERANCA (CHAPADAO DAS PALMINHAS),181,,
2018,ES,LINHARES,56634,25,2305,EMEF PROFª. ELIANA CORREA PINAFO,1816,,
2018,ES,LINHARES,56634,25,2020,EEEFM PROFª. REGINA BANHOS PAIXAO,249,,
2018,ES,LINHARES,56634,25,1996,EPM TERRA ALTA,152,,
2018,ES,LINHARES,56634,25,2070,CMEIEF ALCIDES MARINATO (BAGUEIRA),181,,
2018,ES,LINHARES,56634,25,1538,EMEF ADELSON DEL'SANTO,249,,
2018,ES,LINHARES,56634,25,2313,EPM RIO QUARTEL (QUARTEL DE CIMA),1816,,
2018,ES,LINHARES,56634,25,1392,EEEFM BAIXO QUARTEL,1816,,
2018,ES,LINHARES,56634,25,1120,EEEF LUIZ DE CAMOES,3174,,
2018,ES,LINHARES,56634,25,1724,EMEF OROZIMBO LEITE,122,,
2018,ES,LINHARES,56634,25,1414,EEEFM PROF. MANOEL ABREU,1816,,
2018,ES,LINHARES,56634,25,1600,EMEF MARIA SOUZA MATIAS,249,,
2018,ES,LINHARES,56634,25,1953,EEEFM MANOEL SALUSTIANO DE SOUZA,264,,
2018,ES,LINHARES,56634,25,1066,EMEF PRES. CASTELO BRANCO,3094,,
2018,ES,LINHARES,56634,25,2178,CENTRO DE ENSINO LINHARENSE DARWIN,2289,,
2018,ES,SAO MATEUS,56979,21,1651,CDPSM - CENTRO DE DETENCAO PROVISORIA DE SAO MATEUS,104,52,47
2018,ES,SAO MATEUS,56979,21,1180,CEIM GIRASSOL,104,,
2018,ES,SAO MATEUS,56979,21,1279,EM DE PAULISTA,104,,
2018,ES,SAO MATEUS,56979,21,1449,EMEF BONSUCESSO,1753,,
2018,ES,SAO MATEUS,56979,21,1520,CEIM PAULO FREIRE,2366,,
2018,ES,SAO MATEUS,56979,21,1503,EMEF MARIZETE V. DO NASCIMENTO (ARUEIRA),104,,
2018,ES,SAO MATEUS,56979,21,1600,ESCOLA MUNICIPAL MILITINO CARRAFA,104,,
2018,ES,SAO MATEUS,56979,21,1147,EMEF MERCEDES DE AGUIAR (ITAUNINHAS),1223,,
2018,ES,SAO MATEUS,56979,21,1201,EEEF NESTOR GOMES,104,,
2018,ES,SAO MATEUS,56979,21,1317,ESCOLA FAMILIA AGRICOLA DO KM 41,104,,
2018,ES,SAO MATEUS,56979,21,1090,EMEF SANTA TEREZINHA (PONTE),1753,,
2018,ES,SAO MATEUS,56979,21,1554,EPM CORREGO SECO,104,,
2018,ES,SAO MATEUS,56979,21,1546,EM SAO PIO X,104,,
2018,ES,SAO MATEUS,56979,21,1082,EEEFM AMERICO SILVARES,1753,,
2018,ES,SAO MATEUS,56979,21,1368,EMEF VEREADOR LAURINDO SAMARITANO (CRUZAMENTO),1095,,
2018,ES,SAO MATEUS,56979,21,1384,CAIC - CENTRO DE ATENDIMENTO INTEGRAL A CRIANCA,1753,,
2018,ES,SAO MATEUS,56979,21,1635,EMEIEF ZUMBI DOS PALMARES,104,,
2018,ES,SAO MATEUS,56979,21,1392,EPM NOVA VISTA,104,,
2018,ES,SAO MATEUS,56979,21,1376,EMEF KM 35 - NOVA AYMORES,104,,
2018,ES,SAO MATEUS,56979,21,1295,EEEFM SANTO ANTONIO,1753,,
2018,ES,SAO MATEUS,56979,21,1210,COMUNIDADE NOVA VERONA - IGREJA NOSSA SENHORA DA PENHA,104,,
2018,ES,SAO MATEUS,56979,21,1198,EMEF CORREGO DO MILANEZ,104,,
2018,ES,SAO MATEUS,56979,21,1163,GRUPO ESCOLAR DE SANTA MARIA,104,,
2018,ES,SAO MATEUS,56979,21,1171,CENTRO EDUCATIVO COMUNITARIO SANTA TEREZINHA,104,,
2018,ES,SERRA,56995,26,1970,CDPS - CENTRO DE DETENCAO PROVISORIA DE SERRA,935,102,84
2018,ES,VIANA,57010,47,1457,CDPV II - CENTRO DE DETENCAO PROVISORIA DE VIANA II,1000,32,28
2018,ES,VILA VELHA,57037,55,1937,CDPVV - CENTRO DE DETENCAO PROVISORIA DE VILA VELHA,6253,113,91
2018,ES,VILA VELHA,57037,55,1929,PEVV -V  -  PENITENCIARIA ESTADUAL DE VILA VELHA - V,535,31,25
2018,ES,SANTA MARIA DE JETIBA,57932,9,5873,EEEFM GRACA ARANHA,2351,,
2018,ES,SANTA MARIA DE JETIBA,57932,9,5634,GINASIO DE ESPORTES HERMAN ROCLKE,1028,,
2018,GO,ANAPOLIS,92215,3,1341,COLEGIO ESTADUAL PROFESSOR FAUSTINO,2201,,
2018,GO,APARECIDA DE GOIANIA,92274,132,1309,ESCOLA LEIDA DO NASCIMENTO,7151,,
2018,GO,APARECIDA DE GOIANIA,92274,132,1929,FORUM ELEITORAL - CARTORIOS ELEITORAIS,891,67,57
2018,GO,APARECIDA DE GOIANIA,92274,132,1910,CASA DE PRISAO PROVISORIA - CPP,5536,64,41
2018,GO,VILA PROPICIO,93505,74,1112,COLEGIO ESTADUAL JOSE DE ANCHIETA,2556,,
2018,GO,IPAMERI,93971,14,1260,COLEGIO APROV,1360,,
2018,GO,ITUMBIARA,94250,16,1171,COLEGIO DIOCESANO,1269,,
2018,GO,RIO VERDE,95710,140,1368,EMEF NUSA MACHADO,2372,,
2018,GO,RIO VERDE,95710,140,1210,ESC. EST. ISMAEL MARTINS VIEIRA,3092,,
2018,GO,RIO VERDE,95710,140,1414,FAR - FACULDADE ALMEIDA RODRIGUES,2372,,
2018,GO,RIO VERDE,95710,140,1015,EMEF ALFREDO NASSER,3557,,
2018,GO,RIO VERDE,95710,140,1325,COLEGIO ESTADUAL OLYNTO PEREIRA DE CASTRO,777,,
2018,MA,AXIXA,7218,31,1015,COMPLEXO EDUCACIONAL ESTADO DO ACRE,538,,
2018,MA,BACABAL,7234,13,1295,GRUPO ESCOLAR MANOEL ALVES DE ABREU,1186,,
2018,MA,BACABAL,7234,13,1309,UNIDADE ESCOLAR THALES RIBEIRO GONCALVES,1186,,
2018,MA,BACABAL,7234,13,1643,UNIDADE ESCOLAR FRANCISCO VIEIRA LINS,45,,
2018,MA,BACABAL,7234,13,1465,UNIDADE ESCOLAR ODINO SILVA,460,,
2018,MA,BACABAL,7234,13,1520,UNIDADE ESCOLAR MARIA HELENA CASSIANO,321,,
2018,MA,BACABAL,7234,13,1368,COLEGIO ROSEANA SARNEY,1186,,
2018,MA,BACABAL,7234,13,1376,UNIDADE ESCOLAR ALICE MENDES,321,,
2018,MA,BACABAL,7234,13,1430,UNIDADE ESCOLAR NADIR ABREU,510,,
2018,MA,BACABAL,7234,13,1554,CENTRO DE ATENDIMENTO INTEGRADO A CRIANCA(CAIC),1994,,
2018,MA,BACABAL,7234,13,2364,UNIDADE PRISIONAL DE RESSOCIALIZACAO,473,22,21
2018,MA,BALSAS,7277,22,1490,ESCOLA MUNICIPAL SENADOR ALEXANDRE COSTA,1878,,
2018,MA,BALSAS,7277,22,1147,ESCOLA MUNICIPAL MARIINHA ROCHA,1363,,
2018,MA,BALSAS,7277,22,1627,UPR - BALSAS,999,61,56
2018,MA,BURITI,7412,25,1317,GRUPO ESCOLAR  MIRTHIS MARTINS FERREIRA,312,,
2018,MA,CAXIAS,7579,4,1562,CENTRAL DE CUSTODIA DE PRESOS DE JUSTICA - CCPJ,2699,34,30
2018,MA,CODO,7633,7,1015,GRUPO ESCOLAR COLARES MOREIRA,994,,
2018,MA,CODO,7633,7,1252,ESCOLA SANTA FILOMENA,956,,
2018,MA,CODO,7633,7,1090,SUPLETIVO LUCIA BAYMA,994,,
2018,MA,CODO,7633,7,1031,ESCOLA LALA RAMOS,994,,
2018,MA,CODO,7633,7,1058,ESCOLA REMY ARCHER,2043,,
2018,MA,CODO,7633,7,1341,UNIDADE INTEGRADA MUNICIPAL GOVERNADOR ARCHER,3526,,
2018,MA,CODO,7633,7,1074,UFMA - CAMPUS CODO,1582,,
2018,MA,CODO,7633,7,1163,COLEGIO HUMBERTO DE CAMPOS,994,,
2018,MA,COROATA,7692,8,1317,UPR DE COROATA,1872,31,29
2018,MA,MATOES DO NORTE,7943,84,1040,ESCOLA MUNICIPAL RAIMUNDO CUNHA,418,,
2018,MA,IMPERATRIZ,8036,65,5874,ESCOLA MUNICIPAL MARCIONELIA GOMES SOARES (CAMACARI),540,,
2018,MA,IMPERATRIZ,8036,65,5875,ACADEMIA IMPERATRIZENSE DE LETRAS,81,,
2018,MA,IMPERATRIZ,8036,65,1406,FUNDACAO PIRANGI,324,,
2018,MA,IMPERATRIZ,8036,65,5876,ESCOLA MUNICIPAL FRATERNIDADE,158,,
2018,MA,IMPERATRIZ,8036,65,1015,ESCOLA MUNICIPAL PRINCESA ISABEL I,983,,
2018,MA,IMPERATRIZ,8036,65,1090,CE VESPASIANO RAMOS,1861,,
2018,MA,IMPERATRIZ,8036,65,1139,ESCOLA MUNICIPAL TIRADENTES II (ANTIGO CE FRANCISCO ALVES),6185,,
2018,MA,IMPERATRIZ,8036,65,1341,CE NOVA VITORIA,2788,,
2018,MA,IMPERATRIZ,8036,65,1376,ESCOLA MUNICIPAL GIOVANNI ZANNI (CE SANTA RITA DE CASSIA),569,,
2018,MA,IMPERATRIZ,8036,65,1120,CE MOURAO RANGEL,2101,,
2018,MA,IMPERATRIZ,8036,65,1368,ESCOLA MUNICIPAL SANTOS DUMONT,1425,,
2018,MA,IMPERATRIZ,8036,65,1180,SESI,2101,,
2018,MA,IMPERATRIZ,8036,65,1236,CENTRO SOCIAL URBANO,1861,,
2018,MA,IMPERATRIZ,8036,65,1023,UNIVERSIDADE ABERTA DO BRASIL (ANTIGO CE UNIAO),2000,,
2018,MA,IMPERATRIZ,8036,65,1104,ESCOLA MUNICIPAL MACHADO DE ASSIS,87,,
2018,MA,IMPERATRIZ,8036,65,1201,CE NASCIMENTO DE MORAES (POLIVALENTE),569,,
2018,MA,IMPERATRIZ,8036,65,1210,INCRA,569,,
2018,MA,IMPERATRIZ,8036,65,1074,ESCOLA MUNICIPAL PROF TELASCO P FIALHO - BILINGUE (SAO JOSE DO EGITO),569,,
2018,MA,IMPERATRIZ,8036,65,1040,ESCOLA MUNICIPAL GONCALVES DIAS (RUI BARBOSA),569,,
2018,MA,IMPERATRIZ,8036,65,1333,ESCOLA MUNICIPAL JOAO LISBOA,540,,
2018,MA,IMPERATRIZ,8036,65,1112,CE CAMINHO DO FUTURO,1861,,
2018,MA,IMPERATRIZ,8036,65,1414,COLEGIO MILITAR TIRADENTES (ANTIGO AMARAL RAPOSO),569,,
2018,MA,IMPERATRIZ,8036,65,1350,CE PROF EDINAN MORAES (ANTIGO EDISON LOBAO),157,,
2018,MA,PARNARAMA,8559,36,5862,ESCOLA MUNICIPAL JOSE TEIXEIRA DE MORAIS,122,,
2018,MA,PEDREIRAS,8613,9,1678,PENINTENCIARIA REGIONAL DE PEDREIRAS,388,49,38
2018,MA,PRESIDENTE DUTRA,8796,54,1597,UNIDADE PRISIONAL DE RESSOCIALIZACAO DE PRESIDENTE DUTRA,1909,31,25
2018,MA,SAO JOSE DE RIBAMAR,8893,47,5863,ESCOLA MUNICIPAL SAO JOSE DE RIBAMAR,2655,,
2018,MA,SANTA LUZIA,8974,70,1031,COLEGIO GOV. JOAO ALBERTO,599,,
2018,MA,SAO BENEDITO DO RIO PRETO,9059,73,1210,UNIDADE ESCOLAR SAO FRANCISCO,188,,
2018,MA,SAO LUIS,9210,76,1465,UPR DO OLHO DAGUA,2796,28,25
2018,MA,SAO LUIS,9210,10,2054,CCPJ DO ANIL,3522,141,100
2018,MA,SAO LUIS,9210,10,2291,COMPLEXO PENITENCIARIO DE PEDRINHAS,6128,111,79
2018,MA,TIMON,9377,19,1295,SECRETARIA MUNICIPAL DESENVOLVIMENTO ECONOMICO E SOCIAL,2834,,
2018,MA,TIMON,9377,19,1945,CENTRO DE RESSOCIALIZACAO REGIONAL DE TIMON - JORGE VIEIRA,3635,43,33
2018,MA,VIANA,9490,20,1872,UNIDADE PRISIONAL RESSOCIALIZACAO DE VIANA,89,27,18
2018,MA,SANTA INES,9571,57,2011,URP - SANTA INES,1656,42,15
2018,MG,ALPERCATA,40355,119,1368,ESCOLA MUNICIPAL QUITERIA MARIA MARTINS,2530,,
2018,MG,ALTO RIO DOCE,40410,11,1031,ESCOLA ESTADUAL RAUL SOARES,3203,,
2018,MG,BARBACENA,41114,23,1112,BANCO ITAU S.A.,652,,
2018,MG,BELO HORIZONTE,41238,26,1457,COMPLEXO PENITENCIARIO FEMININO ESTEVAO PINTO,4929,24,24
2018,MG,BURITIS,41858,324,1325,ESCOLA ESTADUAL ANALIA CARNEIRO DOS SANTOS,1283,,
2018,MG,CAETE,41998,56,1082,ESCOLA ESTADUAL PAULO PINHEIRO DA SILVA,446,,
2018,MG,CAETE,41998,56,1090,ESCOLA ESTADUAL JOSE BRANDAO,718,,
2018,MG,CAETE,41998,56,1163,FEC- FUNDACAO EDUCACIONAL DE CAETE,1648,,
2018,MG,INDAIABIRA,42242,266,1015,ESCOLA JOAO EVANGELISTA DE ALMEIDA INDAIABIRA,103,,
2018,MG,CAMPOS GERAIS,42315,65,1104,PRESIDIO DE CAMPOS GERAIS,2693,23,23
2018,MG,CARATINGA,42676,71,1180,ESCOLA ESTADUAL MENINO JESUS DE PRAGA,349,,
2018,MG,CLAUDIO,43311,81,1317,POSTO DE SAUDE DE MACHADINHOS,267,,
2018,MG,CONCEICAO DO RIO VERDE,43532,80,1210,ANTIGO LATICINIO PARMALAT,388,,
2018,MG,CONGONHAL,43575,227,1015,ESCOLA ESTADUAL MENDES DE OLIVEIRA,1961,,
2018,MG,CONSELHEIRO LAFAIETE,43656,87,1848,CENTRO COMUNITARIO DA CACHOEIRA,1435,,
2018,MG,CONTAGEM,43710,93,1074,ESCOLA MUNICIPAL CARLOS DRUMOND DE ANDRADE -CIAC,1561,,
2018,MG,CONTAGEM,43710,93,1015,FUNEC INCONFIDENTES (HEITOR VILLA LOBOS),875,,
2018,MG,CONTAGEM,43710,93,1023,ESCOLA ESTADUAL RUI PIMENTA,3702,,
2018,MG,CONTAGEM,43710,90,1309,ESCOLA MUNICIPAL SANDRA ROCHA,3892,,
2018,MG,CORONEL FABRICIANO,43877,97,1040,AGENCIA DO INSS,824,,
2018,MG,CORONEL MURTA,43893,15,5877,SALAO COMUNITARIO DA ABITA,128,,
2018,MG,DORES DE CAMPOS,44598,228,1058,DORENSE CLUBE,1124,,
2018,MG,DORES DO TURVO,44652,261,5843,ESCOLA MUNICIPAL ERNESTO RIBEIRO DA SILVA,977,,
2018,MG,DORES DO TURVO,44652,261,5647,ESCOLA ESTADUAL TEREZINHA PEREIRA,977,,
2018,MG,ITAJUBA,46477,134,1015,E.E. MAJOR JOAO PEREIRA,2092,,
2018,MG,JOAQUIM FELICIO,47279,54,1082,ASSOCIACAO DOS MORADORES DO BARREIRINHO E VACA BRAVA,179,170,
2018,MG,JUIZ DE FORA,47333,349,1333,INSTITUTO GRANBERY,1521,,
2018,MG,JUIZ DE FORA,47333,315,1384,CRECHE COMUNITARIA MONTEIRO LOBATO,3895,,
2018,MG,JUIZ DE FORA,47333,315,1414,PAROQUIA NOSSA SENHORA DO LIBANO,4352,,
2018,MG,JUIZ DE FORA,47333,315,1333,ESCOLA MUNICIPAL DR. PEDRO MARQUES,882,,
2018,MG,JUIZ DE FORA,47333,349,1287,ESCOLA NORMAL,1147,,
2018,MG,JUIZ DE FORA,47333,349,1147,ESCOLA ESTADUAL HENRIQUE BURNIER,842,,
2018,MG,JUIZ DE FORA,47333,153,1139,ESCOLA ESTADUAL MARIA DAS DORES DE SOUZA,454,,
2018,MG,JUIZ DE FORA,47333,153,2054,CENTRO TECNICO UNIVERSITARIO,4169,,
2018,MG,JUIZ DE FORA,47333,153,1430,GINASIO DE APLICACAO JOAO XXIII,454,,
2018,MG,JUIZ DE FORA,47333,153,1643,ESCOLA ESTADUAL MARIA ELBA BRAGA,4169,,
2018,MG,JUIZ DE FORA,47333,153,1473,ESCOLA ESTADUAL ANTONIO CARLOS,744,,
2018,MG,JUIZ DE FORA,47333,153,1953,ESCOLA MUNICIPAL AMELIA PIRES,4169,,
2018,MG,JUIZ DE FORA,47333,153,2089,CENTRO SOCIOEDUCATIVO  DE JUIZ DE FORA,2149,27,21
2018,MG,JUIZ DE FORA,47333,152,2828,ASSOCIACAO DOS CEGOS,1308,,
2018,MG,JUIZ DE FORA,47333,152,1830,ANTIGO CINE SAO MATEUS,2884,,
2018,MG,LAJINHA,47538,158,1147,ESCOLA MUNICIPAL HERMENEGILDO HUBNER FRANCA,319,,
2018,MG,MAR DE ESPANHA,47953,170,5650,SIAT,275,,
2018,MG,MONTALVANIA,48534,342,1120,ESCOLA ESTADUAL DE S. SEBASTIAO DE POCOES,151,,
2018,MG,MONTE ALEGRE DE MINAS,48550,179,5878,NUCLEO PRE-ESCOLAR MIRACI SOUZA MESQUITA,2187,,
2018,MG,MONTE ALEGRE DE MINAS,48550,179,5651,COLEGIO ESTADUAL DE MONTE ALEGRE DE MINAS,541,,
2018,MG,MONTES CLAROS,48658,317,1660,PRESIDIO REGIONAL DE MONTES CLAROS,811,41,40
2018,MG,PATOS DE MINAS,49590,210,1120,COLEGIO FONSECA RODRIGUES,445,,
2018,MG,PATROCINIO,49611,211,1970,PENITENCIARIA DEPUTADO EXPEDITO DE FARIA TAVARES,145,72,63
2018,MG,PATROCINIO,49611,211,1953,CENTRO DE INTEGRACAO E APOIO AO ADOLESCENTE DE PATROCINIO - CIAAP,5373,38,33
2018,MG,PIRAPORA,50237,218,1350,CENTRO SOCIO EDUCATIVO DE PIRAPORA,1267,27,24
2018,MG,RIBEIRAO DAS NEVES,50911,321,1350,CENTRO SOCIO EDUCATIVO DE JUSTINOPOLIS,4252,42,28
2018,MG,SAO JOAO NEPOMUCENO,52574,258,5736,INSTITUTO NACIONAL DO SEGURO SOCIAL (INSS),1108,,
2018,MG,SETE LAGOAS,53430,263,5866,ESCOLA MUNICIPAL JOAQUIM DRUMOND - SOPAO JK,4643,,
2018,MG,UBA,53970,275,1414,CURUMIM I - ESC. MUN. PROFª. CONCEICAO GOMES CAPUTO,1127,,
2018,MG,UNAI,54070,280,1503,CENTRO SOCIO EDUCATIVO DE UNAI,1708,66,64
2018,MS,BATAGUASSU,90379,6,1066,ESCOLA MUNICIPAL MARECHAL RONDON,3789,,
2018,MS,CAMPO GRANDE,90514,36,1988,SEBRAE,2295,715,630
2018,MS,DOURADOS,90735,18,1899,ORDEM DOS ADVOGADOS DO BRASIL - 4ª SUBSECAO - DOURADOS/MS,2355,368,305
2018,MT,SINOP,89850,22,1368,ESCOLA ESTADUAL RENEE MENEZES,1307,,
2018,MT,ARENAPOLIS,90255,17,1180,ESCOLA REINO ENCANTADO,1132,1132,
2018,MT,CUIABA,90670,1,2631,PROGRAMA GANHA TEMPO - VOTO EM TRANSITO,883,0,234
2018,MT,RONDONOPOLIS,91510,46,1171,COLEGIO MARIO DE ANDRADE,3569,,
2018,MT,RONDONOPOLIS,91510,46,1066,ESCOLA EST. DE I GRAU DOMINGOS APARECIDO DOS SANTOS,3436,,
2018,MT,RONDONOPOLIS,91510,46,1244,ESCOLA MUNICIPAL DULCINEIA CASCAO BARBOSA,4710,,
2018,MT,RONDONOPOLIS,91510,46,1074,GRUPO ESCOLAR CAMPO LIMPO,489,,
2018,MT,RONDONOPOLIS,91510,46,1147,ESCOLA MUNICIPAL CENTRO POPULAR DE ACAO COMUNITARIO SAO JOSE,3358,,
2018,MT,RONDONOPOLIS,91510,46,1090,GRUPO ESCOLAR VILA BUENO,1596,,
2018,MT,RONDONOPOLIS,91510,46,1082,GRUPO ESCOLAR NABOREIRO,125,,
2018,MT,RONDONOPOLIS,91510,10,1589,SECRETARIA MUNICIPAL DE EDUCACAO,2587,,
2018,MT,RONDONOPOLIS,91510,10,1740,ESCOLA ESTADUAL PROFESSORA EUNICE SOUZA SANTOS,1714,,
2018,MT,RONDONOPOLIS,91510,10,1260,ESCOLA ESTADUAL ANTONIO GUIMARAES BALBINO,2587,,
2018,MT,RONDONOPOLIS,91510,10,1953,ASSESSORIA PEDAGOGICA DE RONDONOPOLIS,657,179,168
2018,MT,VARZEA GRANDE,91677,20,1961,CASA DE ARTE E CULTURA DE VARZEA GRANDE,1008,0,
2018,MT,VARZEA GRANDE,91677,20,1953,CENTRO MUNIC.DE ATEND.ESPECIALIZ.E APOIO A INCLUSAO JOAO RIBEIRO FILHO,951,0,
2018,MT,VARZEA GRANDE,91677,20,1724,CENTRO DE EVANGELIZACAO PADRE JOSE PEREIRA - ANT BRINCANDO COM LAPI,951,,
2018,MT,TANGARA DA SERRA,91855,19,1481,ESCOLA ESTADUAL INDIGENA MALAMALALI,633,,
2018,MT,SORRISO,98930,43,1163,ESCOLA MUNICIPAL PROFESSORA IVETE LOURDES ARENHARDT,3082,,
2018,MT,SORRISO,98930,43,1082,ESCOLA MUNICIPAL CARAVAGIO,647,,
2018,MT,SORRISO,98930,43,1236,ESCOLA MUNICIPAL LEONCIO PINHEIRO DA SILVA,3082,,
2018,MT,SORRISO,98930,43,1139,ESCOLA MUNICIPAL PAPA JOAO PAULO II,1433,,
2018,MT,SORRISO,98930,43,1104,ESCOLA ESTADUAL ARAO GOMES BEZERRA,1433,,
2018,MT,SORRISO,98930,43,1155,ESCOLA MUNICIPAL SAO DOMINGOS,1433,,
2018,MT,SORRISO,98930,43,1198,ESCOLA MUNICIPAL VILA BELA,1433,,
2018,MT,SORRISO,98930,43,1228,ESCOLA MUNICIPAL FLOR DO AMANHA,1433,,
2018,MT,SORRISO,98930,43,1260,ESCOLA MUNICIPAL VALTER LEITE PEREIRA,1433,,
2018,MT,SORRISO,98930,43,1074,ESCOLA MUNICIPAL PRIMAVERA,549,,
2018,PA,ABAETETUBA,4014,7,2356,CENTRO DE RECUPERACAO DE ABAETETUBA,932,54,1
2018,PA,BARCARENA,4251,65,1651,INSTITUTO DE EDUCACAO BASICA CRISTO REI,2367,,
2018,PA,BENEVIDES,4294,78,1309,EE RUTH GUIMARAES FERREIRA,1759,,
2018,PA,AURORA DO PARA,4340,49,1260,EMEF ANTONIO CARVALHO DA SILVA,3100,,
2018,PA,BREVES,4359,15,1724,EMEF LAWTON,178,1441,
2018,PA,BREVES,4359,15,1694,EMEF LAURA MARQUES,2130,912,
2018,PA,BREVES,4359,15,1732,EMEF MANOEL SOARES CAMARA,865,,
2018,PA,BREVES,4359,15,1716,EMEF SAO FRANCISCO,865,439,
2018,PA,BREVES,4359,15,1708,EMEF ALIPIO CARAMES,797,,
2018,PA,BREVES,4359,15,1678,CENTRO DE RECUPERACAO REGIONAL DE BREVES,2379,52,17
2018,PA,CAPITAO POCO,4456,70,1619,CENTRO COMUNITARIO DO TAUARI  IGREJA NOSSA SENHORA DO PERPETUO SOCORRO,288,,
2018,PA,CAPITAO POCO,4456,70,1627,PSF SAO PEDRO,1613,,
2018,PA,CAPITAO POCO,4456,70,1635,EMEF PATO DONALD,1613,629,
2018,PA,TRACUATEUA,4669,13,1260,EMEF JOAQUIM PAIXAO DE BRITO,302,,
2018,PA,ITAITUBA,4715,34,1104,FACULDADE DO TAPAJOS,484,,
2018,PA,JURUTI,4774,105,1600,EMEF JOSE TANCREDI JUNIOR,115,,
2018,PA,JURUTI,4774,105,1597,EMEF ANTONIO MOREIRA DA ROCHA,85,,
2018,PA,MOCAJUBA,4910,35,1325,CRRMOC - CENTRO DE RECUPERACAO REGIONAL DE MOCAJUBA,879,35,26
2018,PA,OBIDOS,5010,22,1279,EMEIF NILSON GOMES DA SILVA,149,,
2018,PA,PARAGOMINAS,5096,42,1597,CENTRO DE RECUPERACAO REGIONAL DE PARAGOMINAS,6335,33,10
2018,PA,VISEU,5657,14,1848,EMEF UMBELINO FERREIRA,2174,,
2018,PA,REDENCAO,5673,59,1430,CENTRO DE RECUPERACAO DE REDENCAO,319,21,20
2018,PA,RIO MARIA,5690,60,1201,EMEF ANTONIO VERISSIMO DE AMORIM,1621,1621,
2018,PA,PACAJA,5916,80,1210,ESCOLA ZUMBI DOS PALMARES,325,,
2018,PB,SAO JOAO DO RIO DO PEIXE,19135,37,1040,ESCOLA ESTADUAL MINISTRO JOSE AMERICO DE ALMEIDA,443,,
2018,PB,ARARUNA,19194,20,1058,ESCOLA E.E.F.M. BENJAMIN MARANHAO,2035,,
2018,PB,ARARUNA,19194,20,1228,UEPB (PREDIO ANTIGO),2372,,
2018,PB,ARARUNA,19194,20,1040,COLEGIO GEO,2372,,
2018,PB,RIACHAO,19208,20,1058,ESCOLA E.E.F. PEDRO RIBEIRO DE LIMA,1351,,
2018,PB,RIACHAO,19208,20,1031,ESCOLA M.E.F. MENINO JESUS,1351,,
2018,PB,CACIMBAS,19364,30,1023,ESCOLA MUNICIPAL TERTULINO CUNHA,2845,,
2018,PB,POCO DE JOSE DE MOURA,19526,37,1066,ESCOLA ESTADUAL  PROFESSORA FRANCISCA FONSECA MATIAS,857,,
2018,PB,SANTA INES,19569,41,5659,EMEF FELIX PEREIRA DOS REIS,1175,,
2018,PB,CACIMBA DE DENTRO,19712,20,1147,ESCOLA M.E.F. PRES. JOSE SARNEY,2303,,
2018,PB,CAMPINA GRANDE,19810,72,5738,ESCOLA ESTADUAL DE 1º E 2º GRAUS DOM LUIZ GONZAGA FERNANDES,3212,,
2018,PB,DESTERRO,20095,30,1279,ESCOLA MUNICIPAL CASSIMIRA LEITE,2117,,
2018,PB,DESTERRO,20095,30,1252,ESCOLA MUNICIPAL  NEVINHA DANTAS,2117,,
2018,PB,GUARABIRA,20273,10,1643,PENITENCIARIA JOAO BOSCO,1290,26,24
2018,PB,JOAO PESSOA,20516,64,1880,ESCOLA MUNICIPAL ROTARY FRANCISCO EDWAR DE AGUIAR,1431,1333,
2018,PB,JOAO PESSOA,20516,1,1635,FACULDADE MAURICIO DE NASSAU,9102,152,146
2018,PB,JOAO PESSOA,20516,1,1619,PENITENCIARIA DESEMBARGADOR FLOSCOLO DA NOBREGA,2605,35,25
2018,PB,JOAO PESSOA,20516,64,1899,ESCOLA ESTADUAL DE ENSINO FUNDAMENTAL ANTONIO SILVA MELO,1005,,
2018,PB,JOAO PESSOA,20516,76,1848,CENTRO EDUCACIONAL DO JOVEM -CEJ,2778,41,27
2018,PB,JOAO PESSOA,20516,70,1961,CENTRO DE REEDUCACAO FEMININA MARIA JULIA MARANHAO,2876,25,23
2018,PB,PATOS,21172,28,1848,PENITENCIARIA PROCURADOR ROMERO NOBREGA,1765,22,19
2018,PB,SANTA RITA,21750,3,1171,PENITENCIARIA PADRAO DE SANTA RITA,1822,29,28
2018,PB,TACIMA,22292,20,1228,ESCOLA M.E.F. JOAO EMILIO DOS SANTOS,1352,,
2018,PB,TACIMA,22292,20,1171,ESCOLA M.E.F. MARIA DO CARMO DE SOUSA PINHEIRO,1352,,
2018,PB,UIRAUNA,22390,53,1562,INSTITUTO DE ENSINO SUPERIOR DA PARAIBA - INESP,403,,
2018,PE,ARCOVERDE,23230,57,1287,PRESIDIO ADVOGADO BRITO ALVES,513,56,50
2018,PE,ARCOVERDE,23230,57,1481,FUNASE,1821,0,
2018,PE,BREJAO,23477,92,1180,SECRETARIA DE EDUCACAO,1667,,
2018,PE,BUIQUE,23558,60,1449,COLONIA PENAL FEMININA - BUIQUE,4380,0,
2018,PE,CABO DE SANTO AGOSTINHO,23574,15,1546,GRUPO ESCOLAR CLAUDIO GUEIROS - VOTO EM TRANSITO,1419,146,124
2018,PE,CABO DE SANTO AGOSTINHO,23574,121,1406,CASE/FUNASE - CENTRO DE ATENDIMENTO SOCIOEDUCATIVO,4630,220,185
2018,PE,CARUARU,23817,105,1406,ESCOLA MUNICIPAL PROFª TERESA NEUMA P. PEDROSA,4770,,
2018,PE,CARUARU,23817,105,1589,FUNASE,1798,31,22
2018,PE,CARUARU,23817,105,1597,ESPACO CULTURAL TANCREDO NEVES - VOTO EM TRANSITO,3875,338,316
2018,PE,CUMARU,23973,91,1295,NOVA CRECHE,2363,,
2018,PE,GARANHUNS,24198,56,1520,ESCOLA MUNICIPAL JAIME LUNA,1605,,
2018,PE,GARANHUNS,24198,56,1180,COLEGIO SANTA JOANA D'ARC,2460,,
2018,PE,GARANHUNS,24198,56,1465,ESCOLA PROFESSORA ELISA COELHO,1545,,
2018,PE,GARANHUNS,24198,56,1058,EDUCANDARIO SANTA LUZIA,955,,
2018,PE,GARANHUNS,24198,56,1120,ESCOLA GABRIELA MISTRAL,955,,
2018,PE,GARANHUNS,24198,56,1554,ESCOLA JOSE BRASILEIRO VILA NOVA,955,,
2018,PE,GARANHUNS,24198,56,1643,ESCOLA  PROFESSOR MARIO MATOS,1545,,
2018,PE,GARANHUNS,24198,56,1147,ESCOLA DOM JOAO DA MATA DO AMARAL,931,,
2018,PE,GARANHUNS,24198,56,1600,UNIVERSIDADE FEDERAL RURAL DE PERNAMBUCO - UNIDADE ACAD. GARANHUNS,3189,,
2018,PE,GARANHUNS,24198,56,1449,CERU - CENTRO DE EDUCACAO RURAL FRANCISCO MADEIROS,955,,
2018,PE,GARANHUNS,24198,56,1023,ESCOLA  SIMOA GOMES,2460,,
2018,PE,GARANHUNS,24198,56,1511,UPE - UNIVERSIDADE DE PERNAMBUCO,1545,,
2018,PE,GARANHUNS,24198,56,1457,ESCOLA PROFESSOR JERONIMO GUEIROS (ESTADUAL),1545,,
2018,PE,GARANHUNS,24198,56,1651,ESCOLA MUNICIPAL RANSER ALEXANDRE GOMES,955,,
2018,PE,GARANHUNS,24198,56,1244,ESCOLA PROFESSOR ARTUR BRASILIENSE MAIA,931,,
2018,PE,GARANHUNS,24198,56,1589,ESCOLA MUNICIPAL SILVINO ALMEIDA DE OLIVEIRA,955,,
2018,PE,GARANHUNS,24198,56,1074,COLEGIO DIOCESANO,1545,,
2018,PE,GARANHUNS,24198,56,1546,ESCOLA MUNICIPAL PROF. LETACIO BRITO PESSOA,931,,
2018,PE,GARANHUNS,24198,56,1619,CENTRO DE ATENDIMENTO SOCIOEDUCATIVO / CASE/CENIP / GARANHUNS,931,,
2018,PE,IBIMIRIM,24317,128,5663,ESCOLA MUNICIPAL MANOEL JOAQUIM DO NASCIMENTO,575,,
2018,PE,IGARASSU,24350,85,1589,PRESIDIO DE IGARASSU,1473,44,41
2018,PE,JABOATAO DOS GUARARAPES,24570,118,1430,ESCOLA PROFESSOR COSTA PINTO,4926,,
2018,PE,JABOATAO DOS GUARARAPES,24570,147,1112,ESCOLA MUNICIPAL MARECHAL COSTA E SILVA,4719,,
2018,PE,JABOATAO DOS GUARARAPES,24570,118,1660,TERMINAL INTEGRADO DE PASSAGEIROS - TIP - VOTO EM TRANSITO,7011,0,
2018,PE,JABOATAO DOS GUARARAPES,24570,147,1066,COLEGIO SANDRA MARIA,3562,,
2018,PE,JABOATAO DOS GUARARAPES,24570,147,1317,ESCOLA TECNICA DE ENFERMAGEM NOSSA SENHORA DE FATIMA,4716,,
2018,PE,JABOATAO DOS GUARARAPES,24570,147,1058,COLEGIO RUI BARBOSA,218,,
2018,PE,JABOATAO DOS GUARARAPES,24570,147,1031,ESCOLA FELIPE CAMARAO,3925,,
2018,PE,JABOATAO DOS GUARARAPES,24570,101,1317,COLEGIO SOUZA LEAO 2,2746,,
2018,PE,JABOATAO DOS GUARARAPES,24570,101,1333,ESCOLA BARTOLOMEU DE GUSMAO,2931,,
2018,PE,JABOATAO DOS GUARARAPES,24570,101,1074,ESCOLA  AUGUSTO SEVERO,2931,,
2018,PE,JABOATAO DOS GUARARAPES,24570,101,1627,SECAO ESPECIAL-FACULDADE DOS GUARARAPES-ANEXO,5066,,
2018,PE,JABOATAO DOS GUARARAPES,24570,101,1449,FACULDADE DOS GUARARAPES (ANTIGO COLEGIO GEO),5066,,
2018,PE,JABOATAO DOS GUARARAPES,24570,101,1759,FACULDADE DOS GUARARAPES (ANTIGO COLEGIO GEO) - VOTO EM TRANSITO,5066,214,193
2018,PE,LAGOA DO OURO,24716,59,1155,GRUPO ESCOLAR ABILIO MONTEIRO - PRESO PROVISORIO,2713,0,
2018,PE,LIMOEIRO,24775,24,1392,PENITENCIARIA DR. ENIO PESSOA GUERRA,1498,186,159
2018,PE,OLINDA,24910,10,1031,COLEGIO DE SAO BENTO DE OLINDA,2082,,
2018,PE,OLINDA,24910,117,1279,ESCOLA GUEDES ALCOFORADO,1606,,
2018,PE,OLINDA,24910,117,1210,COLEGIO SANTA TEREZA,4719,,
2018,PE,OLINDA,24910,117,1350,CENTRO DE CONVENCOES,4719,,
2018,PE,OLINDA,24910,117,1295,GRUPO ESCOLAR AGEU MAGALHAES,4719,,
2018,PE,OLINDA,24910,117,1090,ESCOLA MASCARENHAS DE MORAIS,4003,,
2018,PE,OLINDA,24910,117,1570,CENTRO DE CONVENCOES - VOTO EM TRANSITO,4719,0,
2018,PE,OLINDA,24910,117,1589,FACULDADE DE CIENCIAS HUMANAS DE OLINDA(FACHO) - VOTO EM TRANSITO,5751,0,
2018,PE,OLINDA,24910,117,1597,ESCOLA SIGISMUNDO GONCALVES - VOTO EM TRANSITO,2082,0,
2018,PE,OLINDA,24910,100,1309,ESCOLA ALEXANDRE BARBOSA LIMA,1587,,
2018,PE,OLINDA,24910,100,1392,ESCOLA ELPIDIO DE FRANCA,1587,,
2018,PE,OLINDA,24910,100,1384,CENTRO DE SAUDE DE AGUAS COMPRIDAS,1587,,
2018,PE,OLINDA,24910,100,1279,ESCOLA SANTO INACIO DE LOIOLA,1231,,
2018,PE,OLINDA,24910,100,1422,ESCOLA REVERENDO JULIAO FERREIRA,1587,,
2018,PE,OLINDA,24910,100,1236,COLEGIO FELISBERTA DE FRANCA (JARDIM GIRASSOL),1664,,
2018,PE,OLINDA,24910,100,1350,ESCOLA RAIMUNDO DINIZ,2005,,
2018,PE,OLINDA,24910,100,1406,POSTO DE SAUDE DO ALTO NOVA OLINDA,1587,,
2018,PE,OLINDA,24910,100,1171,ESCOLA PROF ESTEVAO PINTO,8016,,
2018,PE,OLINDA,24910,100,1333,CENTRO COMUNITARIO METODISTA,92,,
2018,PE,OLINDA,24910,100,1287,GRUPO ESCOLAR PARQUE INFANTIL N. SRA. DO CARMO,1231,,
2018,PE,OLINDA,24910,100,1660,ESCOLA MINISTRO MARCOS FREIRE,1231,,
2018,PE,OLINDA,24910,100,1619,ESCOLA MUNICIPAL DR. JOSE MARIANO,1587,,
2018,PE,OLINDA,24910,100,1520,ESCOLA MUNICIPAL VEREADOR JOSE MENDES,92,,
2018,PE,OLINDA,24910,100,1260,ESCOLA PADRE FRANCISCO CARNEIRO,1231,,
2018,PE,OLINDA,24910,100,1430,ESCOLA CAPITAO LUIZ REIS,92,,
2018,PE,OLINDA,24910,100,1457,ESCOLA MUNICIPAL ALBERTO TORRES,1664,,
2018,PE,OLINDA,24910,100,1295,ESCOLA DE 1º GRAU VALERIANO EUGENIO DE MELO,1587,,
2018,PE,OLINDA,24910,100,1481,ESCOLA MUNICIPAL PASTOR DAVID RICHARD BLAKBURN,92,,
2018,PE,OLINDA,24910,100,1775,ESCOLA 19 DE SETEMBRO,1587,,
2018,PE,OLINDA,24910,100,1325,ESCOLA MUNICIPAL MONSENHOR VIANA,1231,,
2018,PE,OLINDA,24910,100,1643,CENTRO EDUCACIONAL FROEBEL,1231,,
2018,PE,OLINDA,24910,100,1228,COLEGIO NOVA OLINDA,8016,,
2018,PE,OLINDA,24910,100,1635,ESCOLA PROFª DEANNA CLARCK XAVIER,1587,,
2018,PE,OLINDA,24910,100,1597,GRUPO ESCOLAR AZEREDO COUTINHO,1231,,
2018,PE,PAULISTA,25135,146,1481,ESCOLA TECNICA ESTADUAL JOSE DE ALENCAR - VOTO EM TRANSITO,2960,74,55
2018,PE,PETROLINA,25216,144,1473,PENITENCIARIA DOUTOR EDVALDO GOMES - PDEG,3704,40,20
2018,PE,PETROLINA,25216,144,1260,ESCOLA ANTONIO CASSIMIRO,1921,,
2018,PE,PETROLINA,25216,144,1538,COLEGIO NOSSA SENHORA AUXILIADORA - VOTO EM TRANSITO,3035,437,402
2018,PE,PETROLINA,25216,83,1473,CASE - CENTRO DE ATENDIMENTO SOCIO EDUCATIVO,774,22,19
2018,PE,POCAO,25232,55,1040,ESCOLA MUNICIPAL OSCARINA CAVALCANTI,3781,,
2018,PE,RECIFE,25313,8,1430,ANTIGA SEDE DO TRIBUNAL REGIONAL ELEITORAL DE PERNAMBUCO,7916,447,426
2018,PE,RECIFE,25313,150,1082,COLONIA PENAL FEMININA BOM PASTOR,2086,136,100
2018,PE,RECIFE,25313,149,1520,AEROPORTO INTERNACIONAL DOS GUARARAPES - VOTO EM TRANSITO,5744,526,493
2018,PE,RECIFE,25313,5,1783,CENTRO DE CIENCIAS SOCIAIS APLICADAS - UFPE - VOTO EM TRANSITO,4652,196,185
2018,PE,SERRITA,25798,76,1236,POSTO NOSSA SENHORA DE FATIMA,2290,,
2018,PE,TABIRA,25917,50,1210,CADEIA PUBLICA DE TABIRA - PE,870,0,
2018,PE,TIMBAUBA,26050,36,1252,FUNASE,1197,35,13
2018,PE,VITORIA DE SANTO ANTAO,26271,18,1414,CENTRO DE ATENDIMENTO SOCIOEDUCATIVO,1965,35,29
2018,PE,CAMARAGIBE,26298,138,1163,ESCOLA TECNICA ESTADUAL ALCIDES DO NASCIMENTO LINS - VOTO EM TRANSITO,2630,59,57
2018,PE,ABREU E LIMA,26310,119,1406,CREED,4722,20,20
2018,PE,ABREU E LIMA,26310,119,1422,CASE,246,24,22
2018,PI,CALDEIRAO GRANDE DO PIAUI,10146,40,1104,UNIDADE ESCOLAR JOSE RODRIGUES DAMASCENO,2177,,
2018,PI,AROAZES,10170,92,1120,UNIDADE ESCOLAR VEREADOR OSORIO FERREIRA DO VALE,611,1138,
2018,PI,CORONEL JOSE DIAS,10243,13,1015,UNIDADE ESCOLAR MANOEL AGOSTINHO DE CASTRO,284,,
2018,PI,CORONEL JOSE DIAS,10243,13,1040,UNIDADE ESCOLAR MONSENHOR NESTOR,963,,
2018,PI,BENEDITINOS,10316,47,1317,CRECHE MUNICIPAL TIA CRISTINA,594,296,
2018,PI,BENEDITINOS,10316,47,1333,SECRETARIA MUNICIPAL DE EDUCACAO,429,,
2018,PI,BENEDITINOS,10316,47,1341,CAMARA MUNICIPAL DE BENEDITINOS,483,138,
2018,PI,BENEDITINOS,10316,47,1325,UNIDADE ESCOLAR MUNICIPAL DA VARZEA,186,,
2018,PI,BENEDITINOS,10316,47,1368,CENTRO MUNICIPAL DE EDUCACAO INFANTIL,446,,
2018,PI,BENEDITINOS,10316,47,1376,POSTO DE SAUDE DO CANTO ESCURO,256,,
2018,PI,BOM JESUS,10375,15,1309,POSTO DE SAUDE DO CORRENTE DOS MATOES,827,515,
2018,PI,BURITI DOS LOPES,10391,33,1376,UNIDADE ESCOLAR PEDRO II,641,,
2018,PI,CORRENTE,10570,22,1309,UNIDADE ESCOLAR ANTONIO JOAQUIM LUSTOSA,1128,,
2018,PI,CORRENTE,10570,22,1317,CENTRO DE REFERENCIA DE ASSISTENCIA SOCIAL (CRAS),461,,
2018,PI,CORRENTE,10570,22,1325,UNIVERSIDADE ABERTA DO BRASIL (UAB),1128,,
2018,PI,CORRENTE,10570,22,1350,UNIDADE ESCOLAR DO ARATICUM,367,,
2018,PI,CORRENTE,10570,22,1341,POSTO DE SAUDE DO BARREIRAO,311,,
2018,PI,CORRENTE,10570,22,1333,POSTO DE SAUDE DA GUANABARA,311,,
2018,PI,CAMPO LARGO DO PIAUI,10740,49,1082,CRECHE MUNICIPAL MARIA DE ARAUJO FREITAS,353,,
2018,PI,FLORIANO,10774,9,1546,PENITENCIARIA GONCALO DE CASTRO LIMA - VEREDA GRANDE,760,27,14
2018,PI,PAQUETA,10944,10,1155,UNIDADE ESCOLAR GERALDINO CLEVIS,162,,
2018,PI,LUIS CORREIA,11134,91,1422,UNIDADE ESCOLAR JOSE PEREIRA DE SOUSA,680,,
2018,PI,MATIAS OLIMPIO,11215,80,1112,UNIDADE ESCOLAR JOSE AMAVEL,811,,
2018,PI,PEDRO II,11576,12,1775,IGREJA DE SANTO ANTONIO DOS PINHEIROS,94,,
2018,PI,PEDRO II,11576,12,1732,CAPELA DA LOCALIDADE CACHIMBOS DE CIMA,986,,
2018,PI,PEDRO II,11576,12,1759,CAPELA SANTO EXPEDITO,619,,
2018,PI,PEDRO II,11576,12,1740,CAPELA DA LOCALIDADE AROEIRA,857,,
2018,PI,PEDRO II,11576,12,1767,CAPELA DA LOCALIDADE CARANGUEJO,149,,
2018,PI,PICOS,11592,10,2127,UNIDADE ESCOLAR COELHO RODRIGUES,457,,
2018,PI,PICOS,11592,10,2186,UNIDADE ESCOLAR PE MADEIRA,1698,,
2018,PI,PICOS,11592,10,2410,POSTO DE SAUDE DA ALTAMIRA,466,,
2018,PI,PICOS,11592,10,2461,PENITENCIARIA JOSE DE DEUS BARROS,2800,116,77
2018,PI,PORTO,11690,49,1139,PROJOVEM,2344,,
2018,PI,SAO PEDRO DO PIAUI,12092,30,1244,CRECHE OSVALDINA DE SOUSA,1321,1320,
2018,PI,SAO PEDRO DO PIAUI,12092,30,1252,POSTO DE SAUDE DO POVOADO AGUAS BELAS,161,52,
2018,PI,SAO RAIMUNDO NONATO,12114,13,1031,COLEGIO GERCILIO DE CASTRO MACEDO,203,,
2018,PI,SAO RAIMUNDO NONATO,12114,13,1040,GINASIO MODERNO ESTADUAL,203,,
2018,PI,SAO RAIMUNDO NONATO,12114,13,1112,UNIDADE ESCOLAR DEOLINDO LIMA,701,,
2018,PI,SIMOES,12130,56,1309,POSTO DE SAUDE MUNICIPAL SAO SEBASTIAO,310,,
2018,PI,TERESINA,12190,2,2755,CURSOS ESPECIFICOS PARA VESTIBULARES - CEV,1896,,
2018,PI,TERESINA,12190,98,1619,COLEGIO SAO JUDAS TADEU,2784,,
2018,PI,TERESINA,12190,1,2526,CMEI - PROF HELENA MARIA DE RODRIGUES CARVALHO,917,1121,
2018,PI,TERESINA,12190,2,2747,UNIDADE ESCOLAR JOSE CANDIDO FERRAZ,2303,,
2018,PI,TERESINA,12190,97,1333,UNIDADE ESCOLAR PROFESSORA AUREA FREIRE,2986,,
2018,PI,TERESINA,12190,2,2275,UNIDADE ESCOLAR PROF. TOMAZ DE AREA LEAO FILHO,1197,,
2018,PI,TERESINA,12190,1,2534,CRECHE COMUNITARIA  VILA PANTANAL II,3079,3057,
2018,PI,TERESINA,12190,63,2747,UESPI - CAMPUS REGIAO SUDESTE DE TERESINA (ANTIGO CSU),3103,0,
2018,PI,TERESINA,12190,2,2534,TERMINAL RODOVIARIO LUCIDIO PORTELA,494,74,66
2018,PI,TERESINA,12190,1,2500,AEROPORTO DE TERESINA,3079,109,99
2018,PI,TERESINA,12190,2,2763,ESCOLA MUNICIPAL LUIZ GONZAGA PIRES,3363,,
2018,PI,TERESINA,12190,1,2437,CENTRO EDUCACIONAL MASCULINO - CEM,1424,49,42
2018,PI,TERESINA,12190,97,2178,COLEGIO SAGRADO CORACAO DE JESUS - COLEGIO DAS IRMAS,622,187,178
2018,PI,TERESINA,12190,2,2623,PENITENCIARIA FEMININA,2508,25,20
2018,PI,VALENCA DO PIAUI,12254,18,1287,CRECHE PRO-INFANCIA,1670,1792,
2018,PI,VERA MENDES,12556,57,1023,GINASIO MUNICIPAL JOSE DE ANDRADE MAIA,710,,
2018,PR,CAMPINA DA LAGOA,74756,169,1023,COLEGIO ESTADUAL ALBERTO SANTOS DUMONT,1017,,
2018,PR,CANDIDO DE ABREU,74853,106,1317,ESCOLA RURAL MUNICIPAL SABUGUEIRO I,662,,
2018,PR,CASCAVEL,74934,143,1341,ESCOLA MUNICIPAL PROFESSORA DILAIR SILVERIO FOGACA,7289,,
2018,PR,CASCAVEL,74934,68,1341,ESCOLA MUNICIPAL PROFESSORA MARIA FUMIKO TOMINAGA,5353,,
2018,PR,CASCAVEL,74934,68,2038,COLEGIO MARISTA DE CASCAVEL (PARTICULAR) (VT),6498,472,438
2018,PR,COLOMBO,75132,49,1473,COLEGIO ESTADUAL PRESIDENTE ABRAHAN LINCOLN (VT),5691,0,
2018,PR,CURITIBA,75353,177,2089,COLEGIO ESTADUAL DO PARANA (VT),3895,560,537
2018,PR,CURITIBA,75353,177,2097,FACULDADE DE DIREITO DA UNIVERSIDADE FEDERAL DO PARANA (VT),3629,679,627
2018,PR,CURITIBA,75353,177,2100,SENAC - SERVICO NACIONAL DE APRENDIZAGEM COMERCIAL (VT),553,202,187
2018,PR,CURITIBA,75353,177,2119,COLEGIO BOM JESUS (CENTRO) (VT),4960,967,909
2018,PR,GUARAPUAVA,75833,43,1910,FORUM ELEITORAL DE GUARAPUAVA (VT),1519,145,115
2018,PR,LONDRINA,76678,42,1562,COLEGIO ESTADUAL VICENTE RIJO (VT),5364,478,450
2018,PR,MARINGA,76910,192,5867,ESCOLA MUNICIPAL PROFESSOR MIDUFO VADA,1678,,
2018,PR,MARINGA,76910,192,5742,CENTRO MUNICIPAL DE EDUCACAO INFANTIL ANTONIO FACCI,233,,
2018,PR,MARINGA,76910,66,1619,COLEGIO PARANA - PARTICULAR (VT),3069,340,316
2018,PR,MARINGA,76910,66,1627,COLEGIO GRAHAM BELL - PARTICULAR (VT),667,116,111
2018,PR,PARANAVAI,77496,72,1104,ESCOLA MUNICIPAL PROFESSOR PEDRO REAL,1873,,
2018,PR,PIRAQUARA,77690,155,1406,CENTRO DE SOCIOEDUCACAO SAO FRANCISCO,241,29,8
2018,PR,PONTA GROSSA,77771,15,1341,ESCOLA MUNICIPAL PROFESSORA HAYDEE FERREIRA DE OLIVEIRA,3909,,
2018,PR,PONTA GROSSA,77771,15,1384,ESCOLA MUNICIPAL PROFESSOR NELSON PEREIRA JORGE,3459,,
2018,PR,PONTA GROSSA,77771,139,1198,COLEGIO ESTADUAL DOUTOR EPAMINONDAS NOVAES RIBAS,1144,,
2018,PR,PONTA GROSSA,77771,139,1031,ESCOLA MUNICIPAL PREFEITO JOSE BONIFACIO GUIMARAES VILELA,1810,,
2018,PR,PONTA GROSSA,77771,139,1554,ESCOLA MUNICIPAL PROFESSOR KAMAL TEBCHERANI,1810,,
2018,PR,PONTA GROSSA,77771,139,1457,ESCOLA MUNICIPAL PREFEITO DOUTOR AMADEU PUPPI,939,,
2018,PR,PONTA GROSSA,77771,139,1120,ESCOLA MUNICIPAL PROFESSOR IVON ZARDO,1144,,
2018,PR,PONTA GROSSA,77771,14,1830,UNIVERSIDADE ESTADUAL DE PONTA GROSSA (VT),2545,189,180
2018,PR,SAO JOSE DOS PINHAIS,78859,8,2003,COLEGIO ESTADUAL UNIDADE POLO (VT),4800,0,
2018,PR,SAO JOSE DOS PINHAIS,78859,8,2011,COLEGIO SENHOR BOM JESUS (PARTICULAR) (VT),4553,130,119
2018,PR,ALTONIA,79510,123,5857,COLEGIO ESTADUAL MALBA TAHAN,3505,,
2018,RJ,ANGRA DOS REIS,58017,147,1287,CIEP 151 - PROFESSORA TANIA RITA DE OLIVEIRA TEIXEIRA,1383,,
2018,RJ,ARARUAMA,58033,92,1589,CIEP 384 - GONCALVES DIAS,885,,
2018,RJ,CARDOSO MOREIRA,58068,141,1139,COLEGIO ESTADUAL BALTAZAR CARNEIRO,641,,
2018,RJ,BARRA MANSA,58076,94,1120,COLEGIO NOSSA SENHORA DO AMPARO,2804,,
2018,RJ,BARRA MANSA,58076,91,1104,CIEP 292- PROFESSORA JANDYRA REIS DE OLIVEIRA,2788,,
2018,RJ,CABO FRIO,58130,256,1210,ESC. MUN. JUSTINIANO DE SOUZA,607,,
2018,RJ,CAMBUCI,58173,97,1104,ESCOLA ESTADUAL VALDEMIRO PITA,429,,
2018,RJ,CAMPOS DOS GOYTACAZES,58190,75,5869,ESCOLA MUNICIPAL DOUTOR. GETULIO VARGAS,104,,
2018,RJ,CAMPOS DOS GOYTACAZES,58190,75,5717,ESCOLA ESTADUAL ALMIRANTE BARROSO,104,,
2018,RJ,CAMPOS DOS GOYTACAZES,58190,129,5725,CRECHE ESCOLA PROFESSORA ANGELA MARIA DO AMARAL CARVALHO,660,,
2018,RJ,DUQUE DE CAXIAS,58335,127,1341,ESCOLA MUNICIPAL SANTA LUZIA,2550,,
2018,RJ,ITAOCARA,58416,106,5675,COLEGIO ESTADUAL FREI TOMAS,1085,,
2018,RJ,ITAOCARA,58416,106,1112,COLEGIO ESTADUAL JOHENIR HENRIQUES VIEGAS,568,,
2018,RJ,MESQUITA,58467,150,5771,ESCOLA MUNICIPAL PROFESSOR MARCOS GIL,1571,,
2018,RJ,NITEROI,58653,144,1082,ESCOLA TECNICA ESTADUAL HENRIQUE LAGE,3252,,
2018,RJ,PARAIBA DO SUL,58734,28,1090,COLEGIO ESTADUAL MONSENHOR FRANCISCO,1498,,
2018,RJ,PARATY,58750,57,1139,ESCOLA MUNICIPAL DE PARATY-MIRIM,412,,
2018,RJ,PETROPOLIS,58777,65,1171,ESCOLA MUNICIPAL FABRICA DO SABER,3171,,
2018,RJ,PETROPOLIS,58777,65,1244,COLEGIO PADRE CORREA,1655,,
2018,RJ,SAO FIDELIS,58955,35,1015,ESCOLA MUNICIPAL ALBERTINO NASCIMENTO,899,,
2018,RJ,SAO GONCALO,58971,69,2070,SEST SENAT,2307,,
2018,RJ,SAO JOAO DE MERITI,59013,187,1198,ESCOLA MUNICIPAL PROFESSORA LIGIA DA SILVA FRANCA,4479,,
2018,RJ,SILVA JARDIM,59110,63,1015,CVT - CENTRO VOCACIONAL TECNOLOGICO - FAETEC,4135,,
2018,RJ,ITALVA,59293,141,1023,COLEGIO ESTADUAL JOAO GUIMARAES,2380,,
2018,RN,MOSSORO,17590,34,1538,COLEGIO SAGRADO CORACAO DE MARIA - VOTO EM TRANSITO,4185,138,131
2018,RN,MOSSORO,17590,33,1627,C. E. DE JOVENS E ADULTOS PROF. ALFREDO SIMONETTI (COL SUPLET)  - VT,474,79,74
2018,RN,NATAL,17612,3,2089,UNIVERSIDADE POTIGUAR - UNP  - UNIDADE ROBERTO FREIRE -  VT,2131,639,595
2018,RN,NATAL,17612,2,2291,IFRN - VOTO EM TRANSITO,3861,584,547
2018,RN,NATAL,17612,1,2569,COMPLEXO CULTURAL DA UERN - ZN - VT,5144,93,82
2018,RN,PARNAMIRIM,17795,50,1082,ESCOLA MUNICIPAL PROF HOMERO DE OLIVEIRA,2625,,
2018,RN,PARNAMIRIM,17795,50,1732,ESCOLA ESTADUAL DOM NIVALDO MONTE,883,,
2018,RN,PARNAMIRIM,17795,50,1201,ESCOLA MUNICIPAL JOAO GOMES DA COSTA NETO,2625,,
2018,RN,PARNAMIRIM,17795,50,1597,COLEGIO SALESIANO DOM BOSCO,1016,,
2018,RN,PARNAMIRIM,17795,50,1767,OVERDOSE COLEGIO E CURSO,883,,
2018,RN,PARNAMIRIM,17795,50,1066,ESCOLA ESTADUAL PROF ELIAH MAIA DO REGO,2625,,
2018,RN,PARNAMIRIM,17795,50,1643,ESCOLA ESTADUAL MARIA CRISTINA,2625,,
2018,RN,PARNAMIRIM,17795,50,1090,ESCOLA MUNICIPAL PRESIDENTE ARTHUR DA COSTA E SILVA,2625,,
2018,RN,PARNAMIRIM,17795,50,1589,ESCOLA MUNICIPAL PREFEITO JOSAFA SISINO MACHADO,883,,
2018,RN,PARNAMIRIM,17795,50,1457,ESCOLA MUNICIPAL FRANCISCA BEZERRA DE SOUZA,2625,,
2018,RN,PARNAMIRIM,17795,50,1333,ESCOLA MUNICIPAL DR. SADI MENDES,1016,,
2018,RN,PARNAMIRIM,17795,50,1228,ESCOLA ESTADUAL PROF APOLINARIO BARBOSA,2625,,
2018,RN,PARNAMIRIM,17795,50,1830,ESCOLA MUNICIPAL PROF. EDMO PINHEIRO PINTO,3115,,
2018,RN,PARNAMIRIM,17795,50,1112,ESCOLA MUNICIPAL AUGUSTO SEVERO,2625,,
2018,RN,PARNAMIRIM,17795,50,1147,ESCOLA MUNICIPAL NOSSA SENHORA DA GUIA,883,,
2018,RN,PARNAMIRIM,17795,50,1554,ESCOLA MUNICIPAL MAURA DE MORAES CRUZ,1016,,
2018,RN,PARNAMIRIM,17795,50,1740,ESCOLA MUNICIPAL MANOEL MACHADO,883,,
2018,RN,PARNAMIRIM,17795,50,1538,ESCOLA MUNICIPAL NEILZA GOMES DE FIGUEIREDO,2625,,
2018,RN,PARNAMIRIM,17795,50,1929,"ESCOLA ESTADUAL SANTOS DUMONT, S/N",2625,,
2018,RN,PARNAMIRIM,17795,50,1759,COLEGIO CONTEMPORANEO CIDADE VERDE,1016,,
2018,RN,PARNAMIRIM,17795,50,1783,CEI ZONA SUL,883,,
2018,RN,PARNAMIRIM,17795,50,1724,CENTRO INFANTIL MUNICIPAL DONA LIQUINHA ALVES,2625,,
2018,RN,PARNAMIRIM,17795,50,1716,ESCOLA ESTADUAL MARIA ARAUJO,1016,,
2018,RN,PARNAMIRIM,17795,50,1821,ESCOLA MUNICIPAL RAIMUNDA MARIA DA CONCEICAO,1016,,
2018,RN,PARNAMIRIM,17795,50,1031,ESCOLA ESTADUAL PRESIDENTE ROOSEVELT,2625,,
2018,RN,PARNAMIRIM,17795,50,2224,CEI ZONA SUL - VOTO EM TRANSITO,883,382,356
2018,RO,PORTO VELHO,35,20,1155,UNIDADE SENTENCIADA I,5467,50,25
2018,RO,PORTO VELHO,35,6,1783,PENITENCIARIA FEDERAL DE PORTO VELHO,3312,26,25
2018,RO,PORTO VELHO,35,20,1473,PENITENCIARIA DE MEDIO PORTE - PANDINHA,491,163,61
2018,RR,BOA VISTA,3018,5,1988,CADEIA PUBLICA FEMININA DE BOA VISTA,744,26,4
2018,RR,BOA VISTA,3018,1,3743,FORUM ADVOGADO SOBRAL PINTO,833,478,435
2018,RS,ALECRIM,85057,102,1090,SOCIEDADE NOSSA SENHORA DOS NAVEGANTES,101,,
2018,RS,ALVORADA,85111,124,1422,APARICIO BORGES E.M. DE E.F.,914,,
2018,RS,BAGE,85316,7,1015,A.A.B.B.,710,,
2018,RS,EUGENIO DE CASTRO,85448,45,1937,CLUBE DE MAES - NOVO PORTO ALEGRE,278,,
2018,RS,CACHOEIRINHA,85618,143,1317,E. E. E. M. FREDERICO AUGUSTO RITTER,1787,,
2018,RS,CACHOEIRINHA,85618,143,1325,E. E. E. M. NOSSA SENHORA DE FATIMA,1413,,
2018,RS,CACHOEIRINHA,85618,143,1244,E. M. E. F. COSTA E SILVA,2689,,
2018,RS,CACHOEIRINHA,85618,143,1236,E. M. E. F. GETULIO VARGAS,4910,,
2018,RS,CACHOEIRINHA,85618,143,1287,E. M. E. F. PORTUGAL,865,,
2018,RS,CACHOEIRINHA,85618,143,1368,E. M. E. F. VISTA ALEGRE,2540,,
2018,RS,CACHOEIRINHA,85618,143,1260,E. M. E. F. FIDEL ZANCHETTA,1413,,
2018,RS,CACHOEIRINHA,85618,143,1252,E. M. E. F. NATALIO SCHLAIN,2540,,
2018,RS,CACHOEIRINHA,85618,143,1406,E. M. E. F. JARDIM DO BOSQUE,1787,,
2018,RS,CACHOEIRINHA,85618,143,1279,E. M. E. F. TIRADENTES,1413,,
2018,RS,CACHOEIRINHA,85618,143,1333,E. M. E. F.  JOSE VICTOR DE MEDEIROS,1413,,
2018,RS,CACHOEIRINHA,85618,143,1376,E. M. E. F. ASSUNCAO,2540,,
2018,RS,CACHOEIRINHA,85618,143,1295,E. E. E. M. OSVALDO  RODRIGUES DE CAMARGO,865,,
2018,RS,CACHOEIRINHA,85618,143,1341,E. M. E. F. ALZIRA SILVEIRA ARAUJO,865,,
2018,RS,CANOAS,85898,66,1430,CENTRO UNIVERSITARIO LA SALLE,2539,286,249
2018,RS,CANOAS,85898,134,1678,PENITENCIARIA ESTADUAL DE CANOAS - PECAN II,1727,29,17
2018,RS,CARAZINHO,85910,15,1015,ESCOLA SINODAL RUI BARBOSA,1937,,
2018,RS,CHARRUA,86568,100,1015,ESCOLA MUNICIPAL DE ENS. FUND. CARMELINDA BASEGGIO,254,,
2018,RS,GUAPORE,86878,22,5761,SALAO COMUNITARIO E ESPORTIVO NOSSA SENHORA APARECIDA,775,,
2018,RS,GUAPORE,86878,22,5698,ESCOLA ESTADUAL DE ENSINO FUNDAMENTAL DR. FELIX ENGEL FILHO,775,,
2018,RS,ILOPOLIS,87076,145,1082,SALAO DA COMUNIDADE,1177,,
2018,RS,NOVA PADUA,87220,68,1023,ESCOLA ESTADUAL DE ENSINO FUNDAMENTAL LUIZ GELAIN,1243,,
2018,RS,LAJEADO,87297,29,2020,PRESIDIO ESTADUAL DE LAJEADO,1968,35,30
2018,RS,MARCELINO RAMOS,87394,3,1040,ESCOLA NOSSA SENHORA DAS GRACAS,94,,
2018,RS,MONTENEGRO,87491,31,1740,PENITENCIARIA ESTADUAL MODULADA AGENTE JAIR FIORIN,193,29,21
2018,RS,NOVO HAMBURGO,87718,172,1937,CASE NOVO HAMBURGO,3425,77,51
2018,RS,OSORIO,87734,77,1660,PENITENCIARIA MODULADA ESTADUAL DE OSORIO,431,66,46
2018,RS,SAO VALENTIM DO SUL,87840,22,5705,ESCOLA ESTADUAL  DE ENSINO FUNDAMENTAL ROGACIANO GIORDANI,1613,,
2018,RS,PASSO FUNDO,87858,128,1490,CASE,1552,31,27
2018,RS,PASSO FUNDO,87858,33,2321,CLUBE RECREATIVO JUVENIL,1028,438,407
2018,RS,PELOTAS,87912,60,2550,CENTRO DE ATENDIMENTO SOCIOEDUCATIVO - CASE PELOTAS,2784,53,26
2018,RS,PELOTAS,87912,60,2569,CENTRAL DE ATENDIMENTO AO ELEITOR DE PELOTAS,736,399,384
2018,RS,PORTO ALEGRE,88013,159,2372,"CADEIA PUBLICA DE PORTO ALEGRE - PAVILHOES G, H, I, J",1914,110,65
2018,RS,PORTO ALEGRE,88013,159,2348,CADEIA PUBLICA DE PORTO ALEGRE - PAVILHAO B,1914,63,36
2018,RS,PORTO ALEGRE,88013,159,2356,CADEIA PUBLICA DE PORTO ALEGRE - PAVILHAO D,1914,0,
2018,RS,PORTO ALEGRE,88013,159,2364,CADEIA PUBLICA DE PORTO ALEGRE - PAVILHAO F,1914,61,29
2018,RS,PORTO ALEGRE,88013,159,2330,CADEIA PUBLICA DE PORTO ALEGRE - PAVILHOES A - E,1914,0,
2018,RS,PORTO ALEGRE,88013,114,1694,PENITENCIARIA FEMININO MADRE PELLETIER,2846,54,36
2018,RS,PORTO ALEGRE,88013,114,1651,CENTRO DE ATENDIMENTO SOCIOEDUCATIVO - POA I - FASE,1446,26,20
2018,RS,PORTO ALEGRE,88013,114,1678,CENTRO DE COMUNIDADE SOCIOEDUCATIVA - CSE - FASE,1446,50,40
2018,RS,PORTO ALEGRE,88013,114,1660,CENTRO DE ATENDIMENTO SOCIOEDUCATIVO - POA II - FASE,1446,36,18
2018,RS,PORTO ALEGRE,88013,114,1708,CENTRO DE ATENDIMENTO SOCIOEDUCATIVO PADRE CACIQUE - FASE,4417,27,12
2018,RS,RIO GRANDE,88153,163,1392,PENITENCIARIA ESTADUAL DE RIO GRANDE - PERG,6999,87,67
2018,RS,SANTA CRUZ DO SUL,88390,40,1538,PAV. COM. CATOLICA SAO FRANCISCO XAVIER,751,,
2018,RS,SANTA CRUZ DO SUL,88390,40,1295,SENAI,1823,,
2018,RS,SANTA CRUZ DO SUL,88390,40,1279,E. E. BRUNO AGNES,1823,,
2018,RS,SANTA CRUZ DO SUL,88390,40,1201,E. M. E. I. GENTE MIUDA,3261,,
2018,RS,SANTA CRUZ DO SUL,88390,40,1325,E.M.E.F. DONA LEOPOLDINA,751,,
2018,RS,SANTA MARIA,88412,135,1260,DAER,1582,,
2018,RS,SANTA MARIA,88412,135,1325,ESCOLA MEDIANEIRA,3022,,
2018,RS,SANTA MARIA,88412,41,1139,INSTITUTO ESTADUAL DE EDUCACAO OLAVO BILAC,2089,,
2018,RS,SANTA MARIA,88412,41,1180,COLEGIO NOSSA SENHORA DE FATIMA,3635,,
2018,RS,SANTA MARIA,88412,41,1074,CLUBE ATIRADORES SANTAMARIENSE,2298,,
2018,RS,SANTA MARIA,88412,41,1171,SOCIEDADE ESPIRITA ESTUDO E CARIDADE - LAR DE JOAQUINA,2089,,
2018,RS,SANTA MARIA,88412,41,1449,ESCOLA BATISTA PAULO DE TARSO,1489,,
2018,RS,SANTA MARIA,88412,41,1163,COMPANHIA RIOGRANDENSE DE SANEAMENTO - CORSAN,1816,,
2018,RS,SANTA MARIA,88412,41,1848,ASSOCIACAO TRADICIONALISTA ESTANCIA DO MINUANO,2844,,
2018,RS,SANTO ANGELO,88536,45,2518,CENTRO DE ATENDIMENTO SOCIOEDUCATIVO - CASE SANTO ANGELO,1948,37,21
2018,RS,SAO BORJA,88633,47,1929,PRESIDIO ESTADUAL DE SAO BORJA,2036,31,30
2018,RS,SAPUCAIA DO SUL,89010,108,1384,EMEF GETULIO VARGAS,1886,,
2018,RS,SAPUCAIA DO SUL,89010,108,1163,EMEF TIRADENTES,1886,,
2018,RS,SAPUCAIA DO SUL,89010,108,1023,IEE RUBEM DARIO,2338,,
2018,RS,SAPUCAIA DO SUL,89010,108,1112,EEEF SANTA RITA DE CASSIA,975,,
2018,RS,SAPUCAIA DO SUL,89010,108,1309,EEEM MARCUS VINICIUS DE MORAES,2748,,
2018,RS,SAPUCAIA DO SUL,89010,108,1414,EEEF OLARIA DAUDT,2748,,
2018,RS,SAPUCAIA DO SUL,89010,108,1279,EMEF HUGO GERDAU,2748,,
2018,RS,SAPUCAIA DO SUL,89010,108,1287,EEEF ALBERTO SANTOS DUMONT,1886,,
2018,RS,SAPUCAIA DO SUL,89010,108,1260,EEEM VILA PRADO,2257,,
2018,RS,SAPUCAIA DO SUL,89010,108,1244,EEEF ERICO VERISSIMO,2156,,
2018,RS,SAPUCAIA DO SUL,89010,108,1350,EEEF ANITA GARIBALDI,2156,,
2018,RS,SAPUCAIA DO SUL,89010,108,1104,EEEF MARIA MEDIANEIRA,2083,,
2018,RS,SAPUCAIA DO SUL,89010,108,1333,ESCOLA SAO LUCAS,1886,,
2018,RS,SAPUCAIA DO SUL,89010,108,1139,EEEF GLADIS RITA BRAITENBACH,2257,,
2018,RS,SAPUCAIA DO SUL,89010,108,1457,EMEF PRIMO VACCHI,975,,
2018,RS,SOLEDADE,89192,54,1813,PRESIDIO DE SOLEDADE,1871,28,24
2018,RS,TRES PASSOS,89419,86,1775,PRESIDIO ESTADUAL DE TRES PASSOS,997,20,17
2018,SC,ARARANGUA,80276,1,1449,PRESIDIO REGIONAL DE ARARANGUA,2453,31,24
2018,SC,BLUMENAU,80470,3,2259,PRESIDIO REGIONAL DE BLUMENAU,8431,43,37
2018,SC,CACADOR,80578,6,1740,PRESIDIO REGIONAL DE CACADOR,384,31,19
2018,SC,CAMPOS NOVOS,80691,7,1791,U.P.A CAMPOS NOVOS,114,29,26
2018,SC,CANOINHAS,80730,8,1716,U.P.A. CANOINHAS,1506,39,36
2018,SC,CHAPECO,80810,94,1546,PRESIDIO REGIONAL DE CHAPECO,6732,58,44
2018,SC,CONCORDIA,80837,9,2550,PRESIDIO REGIONAL DE CONCORDIA,419,39,35
2018,SC,CRICIUMA,80896,98,1180,PRESIDIO REGIONAL DE CRICIUMA,1379,32,25
2018,SC,FLORIANOPOLIS,81051,100,1776,ESCOLA BASICA MUNICIPAL OSMAR CUNHA,5807,117,103
2018,SC,FLORIANOPOLIS,81051,12,2240,PENITENCIARIA DE FLORIANOPOLIS,1105,91,76
2018,SC,FLORIANOPOLIS,81051,12,2267,UNISUL - UNIDADE FLORIANOPOLIS - R. ADOLFO MELO,1605,448,416
2018,SC,FLORIANOPOLIS,81051,12,2275,INSTITUTO FEDERAL DE SANTA CATARINA - CAMPUS FLORIANOPOLIS CONTINENTE,670,206,195
2018,SC,ITAJAI,81612,97,1783,COMPLEXO PENITENCIARIO DO VALE DO ITAJAI,350,71,59
2018,SC,ITAJAI,81612,16,1660,UNIVALI - UNIVERSIDADE DO VALE DO ITAJAI,7525,789,709
2018,SC,ITAPEMA,81639,91,1198,U.P.A. ITAPEMA,5268,21,16
2018,SC,JARAGUA DO SUL,81752,17,2038,PRESIDIO REGIONAL DE JARAGUA DO SUL,4446,90,80
2018,SC,JOINVILLE,81795,19,2470,UNIVILLE - UNIVERSIDADE DA REGIAO DE JOINVILLE,3029,258,245
2018,SC,LAGES,81833,21,5879,ESCOLA DE EDUCACAO BASICA PROFESSOR FLORDOARDO CABRAL,3408,,
2018,SC,LAGUNA,81850,20,1589,UPA LAGUNA,620,21,19
2018,SC,MAFRA,81990,22,1570,PRESIDIO REGIONAL DE MAFRA,627,23,15
2018,SC,TUBARAO,83674,99,1171,PRESIDIO MASCULINO DE TUBARAO,1274,57,40
2018,SC,VIDEIRA,83798,36,1449,U.P.A.,3440,37,32
2018,SC,XANXERE,83836,43,1600,PRESIDIO DE XANXERE,1043,43,36
2018,SE,AQUIDABA,31038,3,1295,MINI-POSTO DE SAUDE COMUNITARIO JOSE HARMINDO DE MORAIS,351,,
2018,SE,ARACAJU,31054,2,2267,IPES INSTITUTO DE PREVIDENCIA DO ESTADO DE SERGIPE,1717,,
2018,SE,ARACAJU,31054,27,2097,"LICEU DE ESTUDOS INTEGRADOS, COLEGIO",2257,490,473
2018,SE,ARACAJU,31054,2,2674,IPES SAUDE,3795,295,264
2018,SE,AREIA BRANCA,31097,13,1244,CADEIA PUBLICA DE AREIA BRANCA - CPAB,1859,51,38
2018,SE,CANHOBA,31216,8,1120,UNIDADE DE SAUDE DA FAMILIA,754,,
2018,SE,CANINDE DE SAO FRANCISCO,31232,28,1171,COLEGIO PIO DECIMO,1815,,
2018,SE,GRACCHO CARDOSO,31518,3,1180,UNIDADE BASICA DE SAUDE JOSE TERTO DA SILVA,281,,
2018,SE,ITABAIANA,31577,9,1163,UNIT,2772,,
2018,SE,ITABAIANA,31577,9,1171,"BENEDITO FIGUEIREDO, ESCOLA MUNICIPAL VICE-GOVERNADOR",390,,
2018,SE,NOSSA SENHORA DO SOCORRO,31950,34,1562,CADEIA PUBLICA DE NOSSA SENHORA DO SOCORRO ALA MASCULINA,1262,39,31
2018,SE,TOMAR DO GERU,32492,30,1198,ESCOLA MUNICIPAL CRECHE E PRE-ESCOLAR SANTA MARIA,1720,664,
2018,SP,IARAS,61085,205,1074,CASA TRES RIOS IARAS,3013,86,69
2018,SP,IARAS,61085,205,1066,CASA RIO NOVO,3013,26,22
2018,SP,IARAS,61085,205,1058,CASA MADRE  TERESA DE CALCUTA I,3013,60,44
2018,SP,ANDRADINA,61417,9,1201,PENITENCIARIA DE ANDRADINA,2303,82,67
2018,SP,ARACATUBA,61557,11,2143,CENTRO DE RESSOCIALIZACAO DE ARACATUBA,2937,22,22
2018,SP,ARACATUBA,61557,299,2097,UI/UIP-ARACA,749,35,15
2018,SP,POTIM,61565,190,1112,PENITENCIARIA I DE POTIM,816,50,47
2018,SP,POTIM,61565,190,1120,PENITENCIARIA II DE POTIM,816,48,39
2018,SP,ARARAQUARA,61638,385,1317,PENITENCIARIA DE ARARAQUARA,3060,26,15
2018,SP,ARARAQUARA,61638,13,1546,COLEGIO OBJETIVO,3060,248,237
2018,SP,BARUERI,62138,199,1554,GANHA TEMPO,7191,262,243
2018,SP,BATATAIS,62170,22,1155,FUNDACAO CASA,2202,29,22
2018,SP,BAURU,62197,387,1376,CTV - CENTRO DE TRANSFORMACAO E VIVENCIAS,2310,3602,
2018,SP,BAURU,62197,387,1350,FUNDACAO CASA BAURU,2310,32,25
2018,SP,BAURU,62197,387,1368,FUNDACAO CASA NELSON MANDELA,2310,23,18
2018,SP,BAURU,62197,23,2143,FACULDADE DE ODONTOLOGIA DA USP,4326,537,506
2018,SP,BOTUCATU,62499,26,1511,FUNDACAO CASA BOTUCATU,2506,26,22
2018,SP,CAMPINAS,62910,275,1937,CASA MAESTRO CARLOS GOMES - CENTRO DE ATENDIMENTO SOCIOEDUCATIVO AO AD,3684,26,16
2018,SP,CAPELA DO ALTO,63070,140,1120,CENTRO DE DETENCAO PROVISORIA DE CAPELA DO ALTO,1749,40,36
2018,SP,CARAGUATATUBA,63118,206,1309,CDP DE CARAGUATATUBA,3745,443,391
2018,SP,CERQUEIRA CESAR,63290,205,1074,CASA FEMININO DE CERQUEIRA CESAR,2701,66,46
2018,SP,COTIA,63614,227,1961,C.E.U..C.E.E. DIEGO CRISTIAN BAZILIO CAMARGO,1163,57,49
2018,SP,DIADEMA,63770,222,1554,EMEB EVANDRO CAIAFFA ESQUIVEL,6091,69,59
2018,SP,DIADEMA,63770,222,1570,CASA DIADEMA,3858,25,24
2018,SP,FRANCA,64254,46,1538,13ª SUBSECAO DA OAB,4558,260,249
2018,SP,FRANCA,64254,291,2046,PENITENCIARIA  DE FRANCA,4960,32,28
2018,SP,FRANCO DA ROCHA,64297,192,1643,PENITENCIARIA JOSE APARECIDO RIBEIRO DE FRANCO DA ROCHA - P-III,1983,53,43
2018,SP,GETULINA,64416,297,1074,PENITENCIARIA OSIRIS SOUZA E SILVA,2758,36,34
2018,SP,GUARUJA,64750,212,1449,COLEGIO DON DOMENICO,2460,223,206
2018,SP,GUARULHOS,64777,185,1392,FUNDACAO CASA GUARULHOS,1790,33,22
2018,SP,GUARULHOS,64777,185,1384,FUNDACAO CASA GUAYI,1790,35,22
2018,SP,GUARULHOS,64777,176,2119,CENTRO EDUCACIONAL ADAMASTOR,2496,168,145
2018,SP,GUARULHOS,64777,176,2151,CENTRO DE DETENCAO PROVISORIA ASP GIOVANI MARTINS RODRIGUES DE GUARULH,4832,93,65
2018,SP,GUARULHOS,64777,176,2186,PENITENCIARIA ADRIANO MARREY,4832,39,34
2018,SP,GUARULHOS,64777,176,2178,PENITENCIARIA JOSE PARADA NETO,4832,55,28
2018,SP,GUARULHOS,64777,395,1775,CENTRO DE DETENCAO PROVISORIA  DE GUARULHOS II,8058,127,110
2018,SP,IRAPURU,65331,196,1040,FUNDACAO CASA - IRAPURU I E II,2627,28,25
2018,SP,ITANHAEM,65439,189,1252,CASA - CENTRO DE ATENDIMENTO SOCIOEDUCATIVO AO ADOLESCENTE DE ITANHAEM,2693,24,16
2018,SP,ITAPECERICA DA SERRA,65455,201,2194,CDP ASP NILTON CELESTINO,1353,109,81
2018,SP,ITAPETININGA,65471,52,2151,FUNDACAO CASA,640,27,23
2018,SP,JACAREI,65897,62,2240,FUNDACAO CASA,1008,22,18
2018,SP,JUNDIAI,66192,424,1279,CENTRO EDUCACIONAL SESI 409,2813,379,348
2018,SP,LIMEIRA,66397,66,1694,COLEGIO PORTAL DE LIMEIRA,3365,268,239
2018,SP,LINS,66435,67,1333,FUNDACAO CASA - UI/UIP - VITORIA REGIA/UI - RIO DOURADO,774,27,23
2018,SP,MAUA,66893,217,2143,CENTRO DE DETENCAO PROVISORIA DE MAUA,1652,118,103
2018,SP,MOGI DAS CRUZES,67130,74,1600,UNIVERSIDADE DE MOGI DAS CRUZES,6123,133,120
2018,SP,MOGI DAS CRUZES,67130,319,1392,CENTRO DE DETENCAO PROVISORIA DE MOGI DAS CRUZES-CDP,4276,218,181
2018,SP,MOGI GUACU,67156,216,1570,PENITENCIARIA FEMININA DE MOGI GUACU,1123,141,122
2018,SP,OSASCO,67890,213,1244,COLEGIO ANGLO LATINO,4548,243,221
2018,SP,OSASCO,67890,315,2100,CENTRO DE DETENCAO PROVISORIA OSASCO I - ASP EDERSON VIEIRA DE JESUS,3050,75,57
2018,SP,OSASCO,67890,315,2119,CENTRO DE DETENCAO PROVISORIA OSASCO II - ASP VANDA RITA BRITO DO REGO,3050,66,52
2018,SP,OSASCO,67890,315,2089,CENTRO DE ATENDIMENTO SOCIOEDUCATIVO AO ADOLESCENTE,4700,44,28
2018,SP,OURINHOS,67954,82,1430,CR - CENTRO DE RESSOCIALIZACAO DE OURINHOS,1382,31,28
2018,SP,PIRAJUI,68799,95,1180,PENITENCIARIA FEMININA DE PIRAJUI,292,52,44
2018,SP,PRAIA GRANDE,69213,317,1813,FATEC PRAIA GRANDE,861,363,320
2018,SP,RIBEIRAO PRETO,69698,108,2240,COLEGIO METODISTA DE RIBEIRAO PRETO,1825,732,697
2018,SP,RIBEIRAO PRETO,69698,108,2216,CASA RIBEIRAO PRETO,9192,42,30
2018,SP,RIBEIRAO PRETO,69698,108,2224,CASA RIO PARDO,3955,33,15
2018,SP,SANTA BARBARA D'OESTE,70173,186,1651,E.E. ULISSES OLIVEIRA VALENTE,6527,40,38
2018,SP,SANTO ANDRE,70572,156,1961,38ª SUBSECAO DA OAB,6845,205,190
2018,SP,SANTO ANDRE,70572,306,2119,CENTRO DE DETENCAO PROVISORIA DE SANTO ANDRE,1553,42,24
2018,SP,SANTOS,70718,272,2232,UME IVETA MESQUITA NOGUEIRA,4658,506,462
2018,SP,SAO BERNARDO DO CAMPO,70750,414,1210,SENAI - ALMIRANTE TAMANDARE ESCOLA,6070,255,243
2018,SP,SAO BERNARDO DO CAMPO,70750,409,1384,FUNDACAO CASA - SAO BERNARDO,4885,31,21
2018,SP,SAO CARLOS,70793,410,1279,FUNDACAO CASA,1956,26,13
2018,SP,SAO CARLOS,70793,121,2143,ESCOLA DE ENG DE SAO CARLOS - U.S.P,10184,515,499
2018,SP,SAO JOSE DO RIO PRETO,70971,125,2216,ASSOCIACAO LITERARIA E EDUCATIVA SANTO ANDRE,2850,465,428
2018,SP,SAO JOSE DOS CAMPOS,70998,127,2500,CENTRO SOCIO EDUCATIVO TAMOIOS FUNDACAO CASA,3656,26,21
2018,SP,SAO JOSE DOS CAMPOS,70998,127,2615,CENTRO DE DETENCAO PROVISORIA DE SAO JOSE DOS CAMPOS,4495,35,31
2018,SP,SAO JOSE DOS CAMPOS,70998,127,2631,CENTRO DE RESSOCIALIZACAO FEMININO,4495,44,41
2018,SP,SAO PAULO,71072,3,1422,FUNDACAO CASA - UNIDADE DE INTERNACAO PROVISORIA - CASA RIO TAMISA,2794,28,21
2018,SP,SAO PAULO,71072,405,1287,INTERNATO FAZENDA DO CARMO - FUNDACAO CASA,5560,21,18
2018,SP,SAO PAULO,71072,4,1562,CENTRO DE DETENCAO PROVISORIA DE BELEM I,765,51,37
2018,SP,SAO PAULO,71072,4,1554,CENTRO DE DETENCAO PROVISORIA ASP PAULO GILBERTO DE ARAUJO DE BELEM II,765,107,92
2018,SP,SAO PAULO,71072,4,1473,FUND. CASA - UNID. FEM. DE INT. PROVISORIA E INT. CHIQUINHA GONZAGA,5964,24,15
2018,SP,SAO PAULO,71072,4,1511,FUND. CASA CENTRO DE ATEN. SOCIOEDU. AO ADOL. UNID. DE INT. BELA VISTA,4699,24,15
2018,SP,SAO PAULO,71072,250,2259,FUNDACAO CASA VILA LEOPOLDINA,3174,23,16
2018,SP,SAO PAULO,71072,250,2267,CDP III  CENTRO DE DETENCAO PROVISORIA DE PINHEIROS III,3174,34,27
2018,SP,SAO PAULO,71072,250,2364,CDP II CENTRO DE DETENCAO PROVISORIA DE PINHEIROS II,5232,77,67
2018,SP,SAO PAULO,71072,250,2372,CDP I CENTRO DE DETENCAO PROVISORIA DE PINHEIROS I,5232,83,51
2018,SP,SAO PAULO,71072,6,2178,COLEGIO SANTO AGOSTINHO,8993,2000,1917
2018,SP,SAO PAULO,71072,254,1600,UNID. DE INTERNACAO - OURO PRETO E JOAO DO PULO (F.CASA),3357,47,31
2018,SP,SAO PAULO,71072,254,1597,UNIDADE DE INTERNACAO - PAULISTA E NOVA VIDA (F.CASA),3357,38,34
2018,SP,SAO PAULO,71072,254,1902,PENITENCIARIA FEMININA DA CAPITAL,4941,33,24
2018,SP,SAO PAULO,71072,257,2224,CDP DE VILA INDEPENDENCIA,6167,24,18
2018,SP,SAO PAULO,71072,389,1813,CASA FEMININA PARADA DE TAIPAS,958,36,22
2018,SP,SAO PAULO,71072,1,1538,"FECAP (BLOCO C) - AV. LIBERDADE, 532 - PROX. METRO LIBERDADE",5774,3997,3733
2018,SP,SAO PAULO,71072,381,1651,PENITENCIARIA 'ASP JOAQUIM FONSECA LOPES' DE PARELHEIROS,6122,26,24
2018,SP,SAO PAULO,71072,325,2178,INTERNATO PIRITUBA,4748,55,39
2018,SP,SAO PAULO,71072,374,2046,UNIDADE DE INTERNACAO - NOVA AROEIRA(UI-37),2340,52,46
2018,SP,SAO PAULO,71072,374,2089,UNIDADE DE INTERNACAO - NOGUEIRA(UI-27),2340,38,27
2018,SP,SAO PAULO,71072,374,2070,UNIDADE DE INTERNACAO JATOBA(UI-28),2340,30,25
2018,SP,SAO PAULO,71072,374,2054,UNIDADE DE INTERNACAO CEDRO (UI-37),2340,26,22
2018,SP,SAO PAULO,71072,248,1953,UI-UNIDADE DE INTERNACAO ITAQUERA - FUNDACAO CASA,6140,48,42
2018,SP,SAO VICENTE,71218,177,2151,COLEGIO BATISTA DA PRIMEIRA,3868,128,121
2018,SP,SAO VICENTE,71218,340,2224,CENTRO DE DET PROV 'LUIS CESAR LACERDA'  DE SAO VICENTE,6276,41,32
2018,SP,SAO VICENTE,71218,340,2208,FUNDACAO CASA UI/UIP-VILA DE SAO VICENTE,3348,22,6
2018,SP,SOROCABA,71455,137,1236,SERVICO SOCIAL DA INDUSTRIA - SESI,6987,342,317
2018,SP,SOROCABA,71455,342,2119,FUNDACAO CASA,3835,80,69
2018,SP,SUZANO,71510,415,1406,CDP - CENTRO DE DETENCAO PROVISORIA DE SUZANO,4585,183,118
2018,SP,SUZANO,71510,181,1813,COMPLEXO EDUCACIONAL MIRAMBAVA,5917,85,71
2018,SP,TABOAO DA SERRA,71579,324,2046,EMI PIXUQUINHA,7428,119,116
2018,SP,TAUBATE,71838,407,1546,UNITAU - ENGENHARIA MECANICA,5207,205,185
2018,SP,TREMEMBE,71978,314,1155,PENITENCIARIA FEMININA I SANTA MARIA EUFRASIA PELLETIER DE TREMEMBE,3687,30,27
2018,SP,TREMEMBE,71978,314,1163,PENITENCIARIA FEMININA II DE TREMEMBE,331,75,63
2018,SP,TREMEMBE,71978,314,1180,PENITENCIARIA I DR TARCIZO LEONCE PINHEIRO CINTRA DE TREMEMBE,331,35,32
2018,SP,TREMEMBE,71978,314,1171,PENITENCIARIA II DR. JOSE AUGUSTO CESAR SALGADO DE TREMEMBE,331,32,30
2018,SP,TUPI PAULISTA,72036,175,1970,PENITENCIARIA FEMININA DE TUPI PAULISTA,1852,75,50
2018,SP,TUPI PAULISTA,72036,175,1988,PENITENCIARIA MASCULINA DE TUPI PAULISTA,2408,31,25
2018,SP,VOTORANTIM,72435,220,1430,PENITENCIARIA FEMININA DE VOTORANTIM,2990,52,39
2018,TO,PALMAS,73440,29,2089,IFTO - (VOTO EM TRANSITO),74,493,434
2018,TO,PALMAS,73440,29,2208,ETI - CAROLINE CAMPELO CRUZ DA SILVA (VOTO EM TRANSITO),1424,0,
2018,TO,PUGMIL,73571,7,1040,ESCOLA MUNICIPAL JOAO PEREIRA DA MOTA,1104,,
2018,TO,ARAGUAINA,92410,1,1317,SENAI - SERVICO NACIONAL DE APRENDIZAGEM INDUSTRIAL,2554,,
2018,TO,FILADELFIA,93556,8,1090,ESCOLA MUNICIPAL TENENTE COSTA LEITE,1324,,
2018,TO,PORTO NACIONAL,95591,3,1430,ESCOLA MUNICPAL ALCINO DIAS DOS SANTOS,439,,
2022,AL,GIRAU DO PONCIANO,27570,44,1287,PRESÍDIO DO AGRESTE,4335,75,48
2022,AL,MACEIÓ,27855,54,1465,COMPLEXO PENITENCIÁRIO DE MACEIÓ,2391,117,102
2022,AL,MACEIÓ,27855,1,2160,FORUM ELEITORAL DES. MOURA CASTRO,1075,408,387
2022,AM,MANAUS,2550,62,2089,CDPM II-CENTRO DE DETENÇÃO PROVISÓRIA DE MANAUS,2282,56,44
2022,AM,MANAUS,2550,62,2097,CDPF CENTRO DE DETENÇÃO FEMININO PROVISORIO,2282,41,7
2022,AM,MANAUS,2550,68,1597,COMPLEXO PENITENCIÁRIO DO PURAQUEQUARA,2319,84,
2022,AM,MANAUS,2550,62,2070,CDPM I-CENTRO DE DETENÇÃO PROVISÓRIA DE MANAUS,2282,74,34
2022,AP,MACAPÁ,6050,10,1783,CARTÓRIO ELEITORAL DA 10ª ZONA,241,262,242
2022,AP,MACAPÁ,6050,2,2402,CASA DA CIDADANIA 2ª ZONA ELEITORAL,3498,917,833
2022,AP,MACAPÁ,6050,2,2100,ESCOLA ESTADUAL SÃO JOSÉ - COMPLEXO  PENITENCIARIO - IAPEN,227,68,47
2022,BA,BARREIRAS,33634,75,1449,PRISIONAL - CONJUNTO PENAL DE BARREIRAS,255,146,128
2022,BA,FEIRA DE SANTANA,35157,155,1260,INTERNAÇÃO - CASE - ZILDA ARNS,4218,33,21
2022,BA,FEIRA DE SANTANA,35157,157,1287,PRISIONAL - CONJUNTO PENAL DE FEIRA DE SANTANA,954,86,69
2022,BA,JUAZEIRO,36692,47,1678,PRISIONAL - CONJUNTO PENAL DE JUAZEIRO - BA,343,126,118
2022,BA,SALVADOR,38490,5,1651,PRISIONAL CADEIA PÚBLICA DE SALVADOR,3121,275,227
2022,BA,SALVADOR,38490,14,1651,INTERNAÇÃO - COMUNIDADE DE ATENDIMENTO SOCIOEDUCATIVO DE SALVADOR CASE,4018,32,20
2022,BA,SALVADOR,38490,19,1490,INTERNAÇÃO - FUNDAÇÃO DA CRIANÇA E DO ADOLESCENTE - CASE CIA,4637,26,14
2022,BA,SALVADOR,38490,5,1805,PRISIONAL - CONJUNTO PENAL MASCULINO,1124,123,89
2022,BA,SALVADOR,38490,5,1821,PRISIONAL - PRESÍDIO DO SALVADOR,1124,98,89
2022,BA,VITÓRIA DA CONQUISTA,39659,40,3590,PRISIONAL - CONJUNTO PENAL DE VITÓRIA DA CONQUISTA,793,85,75
2022,CE,AQUIRAZ,13196,66,2151,CENTRO DE DETENÇÃO PROVISÓRIA - CDP,1127,109,97
2022,CE,AQUIRAZ,13196,66,1970,UNIDADE PENAL FEMININO DESA. AURI MOURA COSTA - UPF,986,58,50
2022,CE,AQUIRAZ,13196,66,2100,UNIDADE PRISIONAL IRMÃ IMELDA LIMA PONTES,986,26,24
2022,CE,ITAITINGA,13480,78,1260,CASA DE PRIVAÇÃO PROVISÓRIA DE LIBERDADE PROFESSOR JUCÁ NETO-CPPL III,1732,90,76
2022,CE,CAUCAIA,13730,120,1490,UNIDADE PRISIONAL DES. ADALBERTO DE OLIVEIRA BARROS LEAL - UPDAOBL,1135,69,55
2022,CE,FORTALEZA,13897,93,1392,CENTRO SOCIOEDUCATIVO CARDEAL ALOÍSIO LORSCHEIDER - CSCAL,6940,45,31
2022,CE,FORTALEZA,13897,118,2062,CENTRO SOCIOEDUCATIVO DOM BOSCO - CSDB,2892,67,57
2022,CE,FORTALEZA,13897,117,1775,CENTRO SOCIOEDUCATIVO DO CANINDEZINHO - CSC,5609,49,41
2022,CE,JUAZEIRO DO NORTE,14478,119,1228,PENITENCIARIA INDUSTRIAL REGIONAL DO CARIRI -PIRC,696,39,28
2022,CE,PACATUBA,14958,57,1805,PENITENCIARIA FRANCISCO HELIO VIANA DE ARAUJO,2635,84,67
2022,CE,SOBRAL,15598,121,1864,PENITENCIARIA INDUSTRIAL REGIONAL DE SOBRAL - PIRS,1010,96,81
2022,DF,BRASÍLIA,97012,17,1430,PENITENCIÁRIA FEMININA DO DISTRITO FEDERAL - COLMÉIA,1292,34,33
2022,DF,BRASÍLIA,97012,4,1678,UNIDADE DE INTERNAÇÃO DE SANTA MARIA - UISM,914,61,56
2022,DF,BRASÍLIA,97012,21,1317,UNIRE - UNIDADE DE INTERNAÇÃO DO RECANTO DAS EMAS,5472,100,82
2022,DF,BRASÍLIA,97012,18,1392,COMPLEXO PENITENCIÁRIO DA PAPUDA,7422,124,115
2022,DF,BRASÍLIA,97012,9,1414,CPP - CENTRO DE PROGRESSÃO PENITENCIÁRIA,2708,35,34
2022,DF,BRASÍLIA,97012,16,1627,UIBRA - UNIDADE DE INTERNAÇÃO DE BRAZLÂNDIA,3018,24,23
2022,DF,BRASÍLIA,97012,18,1384,UNIDADE DE INTERNAÇÃO DE SÃO SEBASTIÃO,5212,53,42
2022,DF,BRASÍLIA,97012,6,1945,UNIDADE DE INTERNAÇÃO DE PLANALTINA,82,31,27
2022,ES,ARACRUZ,56111,20,1597,CDPA - CENTRO DE DETENÇÃO PROVISÓRIA DE ARACRUZ,2712,132,96
2022,ES,MARATAÍZES,56120,43,1279,CDPM - CENTRO DE DETENÇÃO PROVISÓRIA DE MARATAÍZES,971,53,42
2022,ES,CACHOEIRO DE ITAPEMIRIM,56235,48,1090,CPFCI - CENTRO PRISIONAL FEMININO DE CACHOEIRO DE ITAPEMIRIM,205,21,17
2022,ES,CACHOEIRO DE ITAPEMIRIM,56235,48,1287,CDPCI - CENTRO DE DETENÇÃO PROVISÓRIA DE CACHOEIRO DE ITAPEMIRIM,3682,114,93
2022,ES,CACHOEIRO DE ITAPEMIRIM,56235,48,1104,IASES - COMPLEXO DE CACHOEIRO DE ITAPEMIRIM (UNIP SUL E UNIS SUL),1610,50,45
2022,ES,CARIACICA,56251,54,2186,CPFC - CENTRO PRISIONAL FEMININO DE CARIACICA,4345,38,27
2022,ES,CARIACICA,56251,54,1910,"IASES - COMPLEXO DE CARIACICA (UNIP1, UNIP2, UNIS E UFI)",7093,72,63
2022,ES,CARIACICA,56251,54,2100,IASES - CSE (TUCUM),4675,58,49
2022,ES,COLATINA,56294,6,1775,CPFCOL - CENTRO PRISIONAL FEMININO DE COLATINA,187,37,33
2022,ES,COLATINA,56294,6,1767,CDPCOL - CENTRO DE DETENÇÃO PROVISÓRIA DE COLATINA,187,104,88
2022,ES,GUARAPARI,56472,24,1880,CDPG - CENTRO DE DETENÇÃO PROVISÓRIA DE GUARAPARI,2188,167,143
2022,ES,LINHARES,56634,25,2453,IASES - COMPLEXO DE LINHARES (UNIP NORTE E UNIS NORTE),1961,96,88
2022,ES,SÃO MATEUS,56979,21,1651,CDPSM - CENTRO DE DETENÇÃO PROVISÓRIA DE SÃO MATEUS,326,81,70
2022,ES,SERRA,56995,26,1970,CDPS - CENTRO DE DETENÇÃO PROVISÓRIA DE SERRA,988,149,120
2022,ES,VIANA,57010,47,1457,CDPV II - CENTRO DE DETENÇÃO PROVISÓRIA DE VIANA II,996,173,150
2022,ES,VILA VELHA,57037,55,1937,CDPVV - CENTRO DE DETENÇÃO PROVISÓRIA DE VILA VELHA,7982,112,100
2022,ES,VILA VELHA,57037,55,1996,IASES - UNIDADE DE INTERNAÇÃO UNIMETRO,463,63,53
2022,GO,APARECIDA DE GOIÂNIA,92274,132,1929,FÓRUM ELEITORAL - CARTÓRIOS ELEITORAIS,1930,447,410
2022,GO,BARRO ALTO,92630,74,1090,UNIDADE REGIONAL PRISIONAL FEMININA DE BARRO ALTO,1921,41,36
2022,MA,COROATÁ,7692,8,1317,UPR DE COROATA,2064,31,28
2022,MA,CURURUPU,7714,14,1627,UPR DE CURURUPU,2672,23,21
2022,MA,PINHEIRO,8699,37,1910,PR DE PINHEIRO,667,37,32
2022,MA,PORTO FRANCO,8770,46,1201,UNIDADE PRISIONAL DE PORTO FRANCO,773,23,22
2022,MA,SÃO LUÍS,9210,10,2054,PENITENCIÁRIA DE PEDRINHAS - TRIAGEM (ANT. CCPJ ANIL),6506,108,81
2022,MA,SÃO LUÍS,9210,10,2291,COMPLEXO PENITENCIÁRIO DE PEDRINHAS - PORTARIA UNIFICADA,6506,109,90
2022,MA,TIMON,9377,19,1945,UNIDADE PRISIONAL DE RESSOCIALIZAÇÃO DE TIMON,3899,44,36
2022,MA,AÇAILÂNDIA,9610,71,1678,UNIDADE PRISIONAL DE RESSOCILIAZAÇÃO - ZONA URBANA,3017,22,19
2022,MG,AÇUCENA,40096,3,1236,PRESÍDIO AÇUCENA,3234,27,24
2022,MG,JUATUBA,40320,172,1139,PRESÍDIO DE JUATUBA,2789,29,24
2022,MG,CONSELHEIRO LAFAIETE,43656,87,1791,PRESÍDIO DE CONSELHEIRO LAFAIETE,1015,69,61
2022,MG,GUARANÉSIA,45659,125,1058,PRESÍDIO DE GUARANÉSIA/GUAXUPÉ,5416,24,22
2022,MG,MANTENA,47910,169,1244,PRESIDIO REGIONAL DE MANTENA,3297,63,45
2022,MG,MONTES CLAROS,48658,184,1929,PRESÍDIO JARDIM ALVORADA,5416,45,26
2022,MG,SETE LAGOAS,53430,264,1732,CENTRO SOCIO EDUCATIVO DE SETE LAGOAS,2043,26,19
2022,MG,TRÊS PONTAS,53872,273,1244,PRESÍDIO DE TRES PONTAS - RITA DE CÁSSIA DA LUZ,3410,24,19
2022,MG,UBERLÂNDIA,54038,314,1350,PRESÍDIO PROFESSOR JACY DE ASSIS,1982,68,57
2022,MG,UNAÍ,54070,280,1503,CENTRO SÓCIO EDUCATIVO DE UNAÍ,1931,32,28
2022,MS,CAMPO GRANDE,90514,36,1988,SEBRAE,2304,2666,2443
2022,MS,DOURADOS,90735,18,1899,ORDEM DOS ADVOGADOS DO BRASIL - 4ª SUBSEÇÃO - DOURADOS/MS,1975,1372,1200
2022,PA,ANANINDEUA,4154,72,2275,CENTRAL DE TRIAGEM DA CIDADE NOVA,1571,58,30
2022,PA,BREVES,4359,15,1678,CENTRO DE RECUPERAÇÃO REGIONAL DE BREVES,2509,45,36
2022,PA,PARAGOMINAS,5096,42,1597,CENTRO DE RECUPERAÇÃO REGIONAL DE PARAGOMINAS,6278,92,68
2022,PB,CAMPINA GRANDE,19810,17,1821,COLÉGIO ALFREDO DANTAS,4343,670,624
2022,PB,CAMPINA GRANDE,19810,72,1597,PENITENCIÁRIA PADRÃO MASCULINA DE CAMPINA GRANDE,1982,26,24
2022,PB,COREMAS,19976,52,1171,CADEIA PÚBLICA DE COREMAS,3472,22,19
2022,PB,JOÃO PESSOA,20516,76,1864,CENTRO EDUCACIONAL DO JOVEM -CEJ,2664,36,31
2022,PB,SANTA RITA,21750,3,1171,PENITENCIÁRIA PADRÃO DE SANTA RITA,1963,31,23
2022,PE,CABO DE SANTO AGOSTINHO,23574,121,1406,CASE/FUNASE - CABO DE SANTO AGOSTINHO,1989,84,66
2022,PE,CARUARU,23817,105,1597,FACULDADE PITÁGORAS - VOTO EM TRÂNSITO,1808,1118,1021
2022,PE,GARANHUNS,24198,56,1902,CENTRO DE ATENDIMENTO SOCIOEDUCATIVO / CASE/CENIP / GARANHUNS,3289,28,23
2022,PE,JABOATÃO DOS GUARARAPES,24570,118,1660,TERMINAL INTEGRADO DE PASSAGEIROS - TIP - VOTO EM TRÂNSITO,7086,186,169
2022,PE,LIMOEIRO,24775,24,1392,PENITENCIÁRIA DR. ÊNIO PESSOA GUERRA,1404,330,264
2022,PE,OLINDA,24910,117,1570,CENTRO DE CONVENCOES - VOTO EM TRÂNSITO,11335,128,118
2022,PE,OLINDA,24910,117,1589,FACULDADE DE CIÊNCIAS HUMANAS DE OLINDA(FACHO) - VOTO EM TRÂNSITO,6192,318,293
2022,PE,OLINDA,24910,117,1619,COLÉGIO SÃO BENTO - VOTO EM TRÂNSITO,3125,455,
2022,PE,PAULISTA,25135,146,1520,ESCOLA TÉCNICA ESTADUAL JOSÉ DE ALENCAR,3258,355,320
2022,PE,PETROLINA,25216,144,1473,PENITENCIÁRIA DOUTOR EDVALDO GOMES - PDEG,4112,37,30
2022,PE,RECIFE,25313,5,1783,CENTRO DE CIÊNCIAS SOCIAIS APLICADAS - UFPE - VOTO EM TRÂNSITO,5348,903,867
2022,PE,RECIFE,25313,8,1767,ANTIGA SEDE DO TRE/PE,5692,1807,1744
2022,PE,RECIFE,25313,149,1520,AEROPORTO INTERNACIONAL DOS GUARARAPES - VOTO EM TRÂNSITO,5668,2165,2022
2022,PE,CAMARAGIBE,26298,138,1163,ESCOLA TECNICA ESTADUAL ALCIDES DO NASCIMENTO LINS - VOTO EM TRÂNSITO,2954,231,212
2022,PI,ESPERANTINA,10731,41,1392,PENITENCIÁRIA REGIONAL PREFEITO LUIZ GONZAGA REBELO,282,42,12
2022,PI,FLORIANO,10774,9,2038,PENITENCIÁRIA GONÇALO DE CASTRO LIMA - VEREDA GRANDE,804,62,48
2022,PI,OEIRAS,11398,5,1864,PENITENCIARIA REGIONAL DE OEIRAS,783,43,38
2022,PI,PICOS,11592,10,2461,PENITENCIÁRIA JOSÉ DE DEUS BARROS,197,99,82
2022,PI,SÃO RAIMUNDO NONATO,12114,13,1767,CASA DE DETENÇÃO PROVISÓRIA DOM INOCÊNCIO LOPEZ SANTAMARIA,924,27,14
2022,PI,TERESINA,12190,1,2500,AEROPORTO DE TERESINA,3224,547,515
2022,PI,TERESINA,12190,98,1724,FACULDADE MAURÍCIO DE NASSAU,2557,697,667
2022,PI,TERESINA,12190,2,2534,TERMINAL RODOVIÁRIO LUCÍDIO PORTELA,573,537,511
2022,PI,TERESINA,12190,97,2178,COLÉGIO SAGRADO CORAÇÃO DE JESUS - COLÉGIO DAS IRMÃS,688,459,424
2022,PI,TERESINA,12190,63,2747,UESPI - CAMPUS REGIÃO SUDESTE DE TERESINA (ANTIGO CSU),2114,305,291
2022,PR,COLOMBO,75132,49,1481,COLÉGIO ESTADUAL PRESIDENTE ABRAHAM LINCOLN (VT),6316,110,107
2022,PR,CURITIBA,75353,177,2151,COLÉGIO ESTADUAL DO PARANÁ (VT),569,1758,1653
2022,PR,CURITIBA,75353,177,2160,FACULDADE DE DIREITO DA UNIVERSIDADE FEDERAL DO PARANÁ (VT),4047,2001,1861
2022,PR,CURITIBA,75353,177,2143,SENAC - SERVIÇO NACIONAL DE APRENDIZAGEM COMERCIAL (VT),2091,1344,1264
2022,PR,CURITIBA,75353,177,2178,COLÉGIO BOM JESUS CENTRO (VT),6333,1642,1546
2022,PR,GUARAPUAVA,75833,43,1929,ESI - COLÉGIO NOSSA SENHORA DE BELÉM (VT),2083,,
2022,PR,MARINGÁ,76910,66,1635,COLÉGIO INTERAÇÃO (GRAHAM BELL) - (VT),786,326,305
2022,PR,MARINGÁ,76910,66,1643,COLÉGIO PARANÁ (VT),3429,685,639
2022,RO,PORTO VELHO,35,20,1473,URSO BRANCO - CASA DE DETENÇÃO DR. JOSÉ MARIO ALVES DA SILVA,2268,49,33
2022,RO,PIMENTA BUENO,116,9,1309,CASA DE DETENÇÃO DE PIMENTA BUENO,1183,23,7
2022,RO,MACHADINHO DOESTE,396,32,1201,CENTRO DE RESSOCIALIZAÇÃO DE MACHADINHO DOESTE,2409,23,20
2022,RR,BOA VISTA,3018,1,3794,LOBO DALMADA E.E.,1176,1420,1266
2022,RR,BOA VISTA,3018,5,1970,PENITENCIÁRIA AGRÍCOLA DO MONTE CRISTO,712,162,93
2022,RR,BOA VISTA,3018,1,3808,CADEIA PÚBLICA DE RORAIMA,1176,30,27
2022,RS,ARROIO DOS RATOS,85219,50,1112,PENITENCIÁRIA ESTADUAL DE ARROIO DOS RATOS,1036,41,36
2022,RS,CANOAS,85898,66,1430,CENTRO UNIVERSITÁRIO LA SALLE,2853,494,455
2022,RS,CANOAS,85898,134,1678,"COMPLEXO PENITENCIÁRIO DE CANOAS - PECAN II, III E IV",1817,113,80
2022,RS,ERECHIM,86371,20,1910,PENITENCIÁRIA ESTADUAL DE ERECHIM,2486,22,19
2022,RS,GRAVATAÍ,86835,71,2097,1732 - FUNDACAO BRADESCO,6357,,
2022,RS,GRAVATAÍ,86835,71,2070,1031-ESC. EST. PROF. MARIA JOSEFINA BECKER,2047,,
2022,RS,GRAVATAÍ,86835,173,1392,1082 - NOSSA SENHORA APARECIDA,4536,,
2022,RS,GRAVATAÍ,86835,71,2089,1570 - E E DE ENSINO MÉDIO CARLOS BINA,149,,
2022,RS,GRAVATAÍ,86835,71,2119,1520 - E.M. DE ENS. FUND.VILA NEÓPOLIS,4427,,
2022,RS,GRAVATAÍ,86835,71,2100,1023 - COLEGIO NOSSA SENHORA DOS ANJOS,4942,,
2022,RS,CHARQUEADAS,86932,50,1406,PENITENCIÁRIA ESTADUAL DO JACUÍ - PEJ01,1686,26,23
2022,RS,MONTENEGRO,87491,31,1740,PENITENCIÁRIA ESTADUAL MODULADA AGENTE JAIR FIORIN,145,56,47
2022,RS,NOVO HAMBURGO,87718,172,1937,CASE NOVO HAMBURGO,3567,41,35
2022,RS,PASSO FUNDO,87858,33,2321,CLUBE RECREATIVO JUVENIL,1311,978,890
2022,RS,PASSO FUNDO,87858,128,1503,PRESÍDIO REGIONAL DE PASSO FUNDO,1559,59,43
2022,RS,PASSO FUNDO,87858,128,1490,CASE,1559,20,17
2022,RS,PELOTAS,87912,60,2585,CENTRO DE ATENDIMENTO SOCIOEDUCATIVO - CASE PELOTAS,2929,29,19
2022,RS,PELOTAS,87912,34,1899,CENTRAL DE ATENDIMENTO AO ELEITOR - CAE,684,1706,1613
2022,RS,PORTO ALEGRE,88013,111,1694,VOTO EM TRÂNSITO - AEROPORTO SALGADO FILHO,1356,209,180
2022,RS,PORTO ALEGRE,88013,114,1694,PENITENCIÁRIA FEMININO MADRE PELLETIER,4831,58,36
2022,RS,PORTO ALEGRE,88013,159,2402,CADEIA PÚBLICA DE PORTO ALEGRE,1905,91,64
2022,RS,RIO GRANDE,88153,163,1392,PENITENCIÁRIA ESTADUAL DE RIO GRANDE - PERG,1959,57,38
2022,RS,SANTA MARIA,88412,135,2585,CATEDRAL METROPOLITANA DE SANTA MARIA,3921,1576,1466
2022,RS,SANTANA DO LIVRAMENTO,88455,30,1619,PENITENCIÁRIA ESTADUAL DE SANTANA DO LIVRAMENTO,2441,30,25
2022,SC,ARARANGUÁ,80276,1,1473,PRESÍDIO REGIONAL DE ARARANGUÁ,2727,45,39
2022,SC,BALNEÁRIO CAMBORIÚ,80390,56,1252,COLÉGIO COC,9777,3517,3222
2022,SC,BRUSQUE,80551,86,1864,PRESÍDIO DE BRUSQUE,3815,34,23
2022,SC,CAÇADOR,80578,6,1767,PRESÍDIO REGIONAL DE CAÇADOR,2174,35,28
2022,SC,CHAPECÓ,80810,94,1635,PRESÍDIO FEMININO DE CHAPECÓ,13171,48,24
2022,SC,CHAPECÓ,80810,94,1627,PRESÍDIO REGIONAL DE CHAPECÓ,13171,122,99
2022,SC,CONCÓRDIA,80837,9,2577,PRESÍDIO REGIONAL DE CONCÓDIA,431,36,31
2022,SC,CRICIÚMA,80896,10,2100,PENITENCIÁRIA FEMININA DE CRICIÚMA,1734,31,24
2022,SC,CRICIÚMA,80896,10,2119,CASE REGIONAL CRICIÚMA,1734,33,29
2022,SC,CRICIÚMA,80896,98,1228,PRESIDIO REGIONAL DE CRICIÚMA,1734,94,74
2022,SC,SÃO CRISTÓVÃO DO SUL,80942,11,1082,PENITENCIÁRIA INDUSTRIAL DE SÃO CRISTOVÃO DO SUL,2913,35,28
2022,SC,FLORIANÓPOLIS,81051,13,1910,PRESÍDIO FEMININO DE FLORIANÓPOLIS,4337,38,32
2022,SC,FLORIANÓPOLIS,81051,12,2429,INSTITUTO FEDERAL DE SANTA CATARINA CAMPUS FLORIANÓPOLIS CONTINENTE,844,545,514
2022,SC,FLORIANÓPOLIS,81051,12,2380,NÚCLEO DE EDUCAÇÃO INFANTIL MUNICIPAL CELSO RAMOS,1017,407,387
2022,SC,FLORIANÓPOLIS,81051,12,2399,PENITENCIÁRIA DE FLORIANÓPOLIS,1237,55,46
2022,SC,IMBITUBA,81434,73,1252,PRESÍDIO DE IMBITUBA,4902,38,35
2022,SC,ITAJAÍ,81612,97,1813,PRESÍDIO COMPLEXO PENITENCIARIO DO VALE DO ITAJAÍ,474,149,116
2022,SC,ITAPEMA,81639,91,1287,PRESÍDIO DE ITAPEMA,473,30,25
2022,SC,JARAGUÁ DO SUL,81752,17,2070,PRESIDIO REGIONAL DE JARAGUÁ DO SUL,4826,22,20
2022,SC,JOAÇABA,81779,18,1686,PRESÍDIO REGIONAL DE JOAÇABA,834,42,29
2022,SC,JOINVILLE,81795,76,2550,PRESÍDIO FEMININO DE JOINVILLE,5810,34,26
2022,SC,JOINVILLE,81795,96,1457,CASE REGIONAL JOINVILLE,4833,47,41
2022,SC,JOINVILLE,81795,76,2542,PRESÍDIO REGIONAL DE JOINVILLE,5810,69,60
2022,SC,LAGES,81833,104,1376,PRESÍDIO MASCULINO DE LAGES,2388,98,67
2022,SC,MAFRA,81990,22,1597,PRESÍDIO REGIONAL DE MAFRA,778,82,54
2022,SC,SÃO JOSÉ,83275,84,1376,CASE REGIONAL SÃO JOSÉ,6367,37,34
2022,SC,SÃO JOSÉ,83275,29,1687,COC FLORIPA CONTINENTE,1621,558,521
2022,SC,TUBARÃO,83674,99,1228,PRESÍDIO MASCULINO DE TUBARÃO,675,69,53
2022,SC,XANXERÊ,83836,43,1627,PRESÍDIO REGIONAL DE XANXERÊ,1123,50,40
2022,SE,ARACAJU,31054,2,2828,IPES - INSTITUTO DE PREVIDÊNCIA DE SERGIPE,1976,1271,1181
2022,SE,ARACAJU,31054,1,1880,"DOM JOSÉ VICENTE TÁVORA, EMEF",2562,744,656
2022,SE,ARACAJU,31054,27,2097,"LICEU DE ESTUDOS INTEGRADOS, COLÉGIO",2956,592,557
2022,SE,AREIA BRANCA,31097,13,1244,CADEIA PÚBLICA DE AREIA BRANCA - CPAB,1989,115,97
2022,SE,ESTÂNCIA,31410,6,1538,CADEIA PÚBLICA DE ESTÂNCIA,1622,76,68
2022,SE,NOSSA SENHORA DO SOCORRO,31950,34,1635,PRESIDIO FEMININO DO ESTADO DE SERGIPE - PREFEM,1180,28,17
2022,SE,NOSSA SENHORA DO SOCORRO,31950,34,1562,CADEIA PÚBLICA DE NOSSA SENHORA DO SOCORRO ALA MASCULINA,535,35,24
2022,SE,NOSSA SENHORA DO SOCORRO,31950,34,1740,COMUNIDADE DE ATENDIMENTO SOCIOEDUCATIVO MASCULINO - CASEM,1860,26,15
2022,SE,SÃO CRISTÓVÃO,32336,21,1589,"MANOEL CARVALHO NETO - COMPECAN, COMPLEXO PENITENCIÁRIO DRº",309,26,23
2022,SP,IARAS,61085,205,1074,CASA TRES RIOS IARAS,3232,44,30
2022,SP,IARAS,61085,205,1090,PENITENCIÁRIA ORLANDO BRANDO FILINTO,3232,27,23
2022,SP,ÁLVARO DE CARVALHO,61271,47,1040,CENTRO DE DETENÇÃO PROVISÓRIA DE ÁLVARO DE CARVALHO,2971,44,39
2022,SP,ANDRADINA,61417,9,1201,PENITENCIÁRIA DE ANDRADINA,2259,29,24
2022,SP,ARAÇATUBA,61557,299,2097,UI/UIP-ARAÇÁ,1071,25,19
2022,SP,POTIM,61565,190,1112,PENITENCIÁRIA I DE POTIM,1125,61,52
2022,SP,POTIM,61565,190,1120,PENITENCIÁRIA II DE POTIM,1125,30,25
2022,SP,ARARAQUARA,61638,385,1317,PENITENCIÁRIA DE ARARAQUARA,2581,26,22
2022,SP,HORTOLÂNDIA,61727,361,2216,CDP - CENTRO DE DETENÇÃO PROVISÓRIO,4498,26,18
2022,SP,AVARÉ,61891,17,2160,CENTRO DE RESSOCIALIZAÇÃO  DR. MAURO DE MACEDO,2145,56,45
2022,SP,AVARÉ,61891,17,2151,PENITENCIÁRIA NELSON MARCONDES DO AMARAL - P2,2358,32,27
2022,SP,BALBINOS,61930,95,1058,PENITENCIÁRIA GILMAR MONTEIRO DE SOUZA DE BALBINOS,1442,50,41
2022,SP,BALBINOS,61930,95,1040,PENITENCIÁRIA RODRIGO DOS SANTOS FREITAS DE BALBINOS,1442,62,39
2022,SP,BAURU,62197,387,1368,FUNDAÇÃO CASA NELSON MANDELA,2670,41,36
2022,SP,CAMPINAS,62910,380,1490,CENTRO DE DETENÇÃO PROVISÓRIA DE CAMPINAS,2669,132,100
2022,SP,CARAGUATATUBA,63118,206,1309,CDP DE CARAGUATATUBA,3787,347,310
2022,SP,CERQUEIRA CÉSAR,63290,205,1082,CENTRO DE DETENÇÃO PROVISÓRIA  DE CERQUEIRA CÉSAR,3009,192,121
2022,SP,CERQUEIRA CÉSAR,63290,205,1104,CASA JOÃO PAULO II,3009,32,23
2022,SP,DIADEMA,63770,222,1589,CENTRO DE DETENÇÃO PROVISÓRIA DE DIADEMA,3382,40,26
2022,SP,FRANCA,64254,291,2046,PENITENCIÁRIA  DE FRANCA,5367,22,17
2022,SP,FRANCO DA ROCHA,64297,192,1597,CENTRO DE DETENÇÃO PROVISÓRIA FEMININO DE FRANCO DA ROCHA,946,55,44
2022,SP,FRANCO DA ROCHA,64297,192,1643,PENITENCIARIA JOSE APARECIDO RIBEIRO DE FRANCO DA ROCHA - P-III,946,78,63
2022,SP,GETULINA,64416,297,1074,PENITENCIÁRIA OSÍRIS SOUZA E SILVA,2706,31,29
2022,SP,GUARIBA,64734,197,1171,PENITENCIÁRIA FEMININA DE GUARIBA,3675,70,59
2022,SP,GUARULHOS,64777,185,1392,FUNDAÇÃO CASA GUARULHOS,2170,63,11
2022,SP,GUARULHOS,64777,176,2151,CENTRO DE DETENÇÃO PROVISÓRIA ASP GIOVANI MARTINS RODRIGUES DE GUARULH,941,84,51
2022,SP,GUARULHOS,64777,176,2178,PENITENCIARIA JOSÉ PARADA NETO,941,182,159
2022,SP,GUARULHOS,64777,176,2186,PENITENCIARIA ADRIANO MARREY,941,52,39
2022,SP,GUARULHOS,64777,395,1775,CENTRO DE DETENÇÃO PROVISÓRIA  DE GUARULHOS II,9761,53,42
2022,SP,ITAPECERICA DA SERRA,65455,201,2194,CDP ASP NILTON CELESTINO,1535,96,62
2022,SP,ITATINGA,65714,26,1112,CENTRO DE DETENÇÃO PROVISÓRIA DE ITATINGA,249,24,18
2022,SP,JARDINÓPOLIS,66036,204,2011,CENTRO PROGRESSÃO PENITENCIÁRIA DE JARDINÓPOLIS,1340,38,27
2022,SP,JAÚ,66079,63,1465,CR - CENTRO DE RESSOCIALIZAÇÃO DE JAÚ,3837,46,38
2022,SP,LIMEIRA,66397,399,1597,CENTRO DE DETENÇÃO PROVISÓRIA,799,28,23
2022,SP,LINS,66435,67,1333,FUNDAÇÃO CASA - UI/UIP - VITÓRIA RÉGIA/UI - RIO DOURADO,1319,49,32
2022,SP,MAUÁ,66893,217,2143,CENTRO DE DETENÇÃO PROVISÓRIA DE MAUÁ,1743,46,34
2022,SP,MOGI DAS CRUZES,67130,319,1392,CENTRO DE DETENÇÃO PROVISÓRIA DE MOGI DAS CRUZES-CDP,4145,210,168
2022,SP,MOGI GUAÇU,67156,216,1570,PENITENCIÁRIA FEMININA DE MOGI GUAÇU,1927,112,91
2022,SP,NOVA INDEPENDÊNCIA,67652,9,1040,CENTRO DE DETENÇÃO PROVISÓRIA DE NOVA INDEPENDÊNCIA,856,28,23
2022,SP,OSASCO,67890,315,2160,CENTRO DE ATENDIMENTO SÓCIOEDUCATIVO AO ADOLESCENTE - CASA II OSASCO,4203,43,31
2022,SP,OSASCO,67890,315,2119,CENTRO DE DETENÇÃO PROVISÓRIA OSASCO II - ASP VANDA RITA BRITO DO REGO,3919,90,49
2022,SP,OSASCO,67890,315,2100,CENTRO DE DETENÇÃO PROVISÓRIA OSASCO I - ASP EDERSON VIEIRA DE JESUS,3919,202,147
2022,SP,OURINHOS,67954,82,1430,CR - CENTRO DE RESSOCIALIZAÇÃO DE OURINHOS,1463,33,29
2022,SP,PIRAJUÍ,68799,95,1180,PENITENCIÁRIA FEMININA DE PIRAJUÍ,353,101,80
2022,SP,PONTAL,69051,135,1139,CENTRO DE DETENÇÃO PROVISORIA DE PONTAL,2696,61,49
2022,SP,PRAIA GRANDE,69213,406,1490,CDP - CENTRO DE DETENÇÃO PROVISÓRIA - PRAIA GRANDE,5893,40,30
2022,SP,REGINÓPOLIS,69515,95,1040,PENITENCIÁRIA TENENTE PM JOSÉ ALFREDO CINTRA BORIN DE REGINÓPOLIS,3268,92,49
2022,SP,REGISTRO,69531,172,1279,PENITENCIÁRIA DE REGISTRO,3905,206,156
2022,SP,RIBEIRÃO PRETO,69698,108,2216,CASA RIBEIRÃO PRETO,8960,24,12
2022,SP,RIBEIRÃO PRETO,69698,305,2224,CENTRO DE DETENÇÃO PROVISÓRIA ASP NAYAN XAVIER RIBEIRO,1848,38,18
2022,SP,RIOLÂNDIA,69850,164,1970,PENITENCIÁRIA JOÃO BATISTA DE SANTANA DE RIOLÂNDIA,2474,36,35
2022,SP,SANTO ANDRÉ,70572,306,2119,CENTRO DE DETENÇÃO PROVISÓRIA DE SANTO ANDRÉ,1885,24,19
2022,SP,SÃO CARLOS,70793,410,1279,FUNDAÇÃO CASA,2162,23,23
2022,SP,SÃO JOSÉ DO RIO PRETO,70971,268,1554,CENTRO DE DETENÇÃO PROVISÓRIA - CDP,1002,97,77
2022,SP,SÃO JOSÉ DOS CAMPOS,70998,127,2500,CENTRO SÓCIO EDUCATIVO TAMOIOS FUNDAÇÃO CASA,3018,23,18
2022,SP,SÃO JOSÉ DOS CAMPOS,70998,127,2615,CENTRO DE DETENÇÃO PROVISÓRIA DE SÃO JOSÉ DOS CAMPOS,4522,45,33
2022,SP,SÃO PAULO,71072,250,2267,CDP III  CENTRO DE DETENÇÃO PROVISÓRIA DE PINHEIROS III,3419,39,27
2022,SP,SÃO PAULO,71072,372,2500,FUNDAÇÃO CASA-JD SÂO LUIZ-CASA II,8321,,
2022,SP,SÃO PAULO,71072,254,1910,PENITENCIÁRIA FEMININA SANTANA,7664,61,57
2022,SP,SÃO PAULO,71072,250,2380,CDP IV CENTRO DE DETENÇÃO PROVISÓRIA DE PINHEIROS IV,5970,45,22
2022,SP,SÃO PAULO,71072,4,1503,FUNDAÇÃO CASA - SÃO PAULO,7057,73,61
2022,SP,SÃO PAULO,71072,3,1422,FUNDAÇÃO CASA - UNIDADE DE INTERNAÇÃO PROVISÓRIA - COMPLEXO BRÁS,2888,113,92
2022,SP,SÃO PAULO,71072,257,2224,CDP DE VILA INDEPENDÊNCIA,7464,115,75
2022,SP,SÃO PAULO,71072,250,2364,CDP II CENTRO DE DETENÇÃO PROVISÓRIA DE PINHEIROS II,5970,99,64
2022,SP,SÃO PAULO,71072,374,2046,UNIDADE INTERNAÇAO - NOVA AROEIRA (UI-37),2869,75,52
2022,SP,SÃO PAULO,71072,254,1597,UNIDADE DE INTERNAÇÃO - PAULISTA E NOVA VIDA (F.CASA),3428,86,55
2022,SP,SÃO PAULO,71072,325,2178,INTERNATO PIRITUBA,5130,46,38
2022,SP,SÃO PAULO,71072,248,1953,UI-UNIDADE DE INTERNAÇÃO ITAQUERA - FUNDAÇÃO CASA,6523,35,30
2022,SP,SÃO PAULO,71072,250,2372,CDP I CENTRO DE DETENÇÃO PROVISÓRIA DE PINHEIROS I,5970,29,14
2022,SP,SÃO PAULO,71072,254,1600,UNID. DE INTERNAÇÃO - OURO PRETO E JOÃO DO PULO (F.CASA),3428,44,22
2022,SP,SÃO VICENTE,71218,340,2208,FUNDAÇÃO CASA UI/UIP-VILA DE SÃO VICENTE,3321,27,18
2022,SP,SERRA AZUL,71293,109,1104,CENTRO DE DETENÇÃO PROVISORIA ASP SANDRO ALVES DA SILVA SERRA AZUL,2843,184,148
2022,SP,SERRA AZUL,71293,109,1112,PENITENCIARIA I DE SERRA AZUL,2843,46,46
2022,SP,SERRA AZUL,71293,109,1120,PENITENCIARIA II SERRA AZUL,2843,68,59
2022,SP,SOROCABA,71455,342,2283,PENITENCIÁRIA II DR. ANTONIO DE SOUZA NETO,4350,88,70
2022,SP,SOROCABA,71455,342,2119,FUNDAÇÃO CASA,4350,53,38
2022,SP,SOROCABA,71455,342,2259,CDP - CENTRO DE DETENÇÃO PROVISÓRIA DE SOROCABA,4350,49,37
2022,SP,SUZANO,71510,415,1406,CDP - CENTRO DE DETENÇÃO PROVISÓRIA DE SUZANO,4883,212,154
2022,SP,TAQUARITINGA,71757,139,2208,FUNDAÇÃO CASA,3441,25,21
2022,SP,TAUBATÉ,71838,141,1449,"CDP DR. FÉLIX NOBRE DE CAMPOS, DE TAUBATÉ",3649,58,46
2022,SP,TREMEMBÉ,71978,314,1180,PENITENCIÁRIA I DR TARCIZO LEONCE PINHEIRO CINTRA DE TREMEMBÉ,545,111,94
2022,SP,TREMEMBÉ,71978,314,1163,PENITENCIÁRIA FEMININA II DE TREMEMBÉ,545,76,62
2022,SP,TUPI PAULISTA,72036,175,1970,PENITENCIÁRIA FEMININA DE TUPI PAULISTA,2516,62,52
2022,SP,VOTORANTIM,72435,220,1430,PENITENCIÁRIA FEMININA DE VOTORANTIM,3541,75,58
