ano,uf,ibge,zona,local,nome,bairro,lon_antigo,lat_antigo,km,irmaos,espalhamento_km,procedencia
2006,MG,3146206,270,1023,ESCOLA ESTADUAL ELIZA LEAL,CENTRO,-52.35975,-31.755749,1890.69,4,0.133,geocode_v0.15 (propagada)
2008,MG,3146206,270,1023,ESCOLA ESTADUAL ELIZA LEAL,CENTRO,-52.35975,-31.755749,1890.69,3,0.129,geocode_v0.15 (propagada)
2010,MG,3146206,270,1023,ESCOLA ESTADUAL ELIZA LEAL,CENTRO,-52.35975,-31.755749,1890.69,3,0.129,geocode_v0.15 (propagada)
2012,MG,3146206,270,1023,ESCOLA ESTADUAL ELIZA LEAL,CENTRO,-52.35975,-31.755749,1890.69,4,0.133,geocode_v0.15 (propagada)
2014,MG,3146206,270,1023,ESCOLA ESTADUAL ELIZA LEAL,CENTRO,-52.35975,-31.755749,1890.69,3,0.129,geocode_v0.15 (propagada)
2006,MG,3167103,262,1031,COLEGIO NOSSA SENHORA DA CONCEICAO,CENTRO,-34.8817282,-7.1195614,1576.38,5,0.433,geocode_v0.15 (propagada)
2008,MG,3167103,262,1031,COLEGIO NOSSA SENHORA DA CONCEICAO,CENTRO,-34.8817282,-7.1195614,1576.38,5,0.433,geocode_v0.15 (propagada)
2010,MG,3167103,262,1031,COLEGIO NOSSA SENHORA DA CONCEICAO,CENTRO,-34.8817282,-7.1195614,1576.38,5,0.433,geocode_v0.15 (propagada)
2012,MG,3167103,262,1031,COLEGIO NOSSA SENHORA DA CONCEICAO,CENTRO,-34.8817282,-7.1195614,1576.38,5,0.433,geocode_v0.15 (propagada)
2014,MG,3167103,262,1031,COLEGIO NOSSA SENHORA DA CONCEICAO,CENTRO,-34.8817282,-7.1195614,1576.38,5,0.433,geocode_v0.15 (propagada)
2016,MG,3167103,262,1031,COLEGIO NOSSA SENHORA DA CONCEICAO,CENTRO,-34.8817282,-7.1195614,1576.38,5,0.433,geocode_v0.15 (propagada)
2018,MG,3167103,262,1031,COLEGIO NOSSA SENHORA DA CONCEICAO,CENTRO,-34.8817282,-7.1195614,1576.38,5,0.433,geocode_v0.15 (propagada)
2020,MG,3167103,262,1031,COLEGIO NOSSA SENHORA DA CONCEICAO,CENTRO,-34.8817282,-7.1195614,1576.38,6,0.715,geocode_v0.15 (propagada)
2022,MG,3167103,262,1031,COLEGIO NOSSA SENHORA DA CONCEICAO,CENTRO,-34.8817282,-7.1195614,1576.38,6,0.715,geocode_v0.15 (propagada)
2024,MG,3167103,262,1031,COLEGIO NOSSA SENHORA DA CONCEICAO,CENTRO,-34.8817282,-7.1195614,1576.38,6,0.715,chave_exata_2022
2024,RS,4305124,123,1104,ESCOLA ADÃO ORLANDO ALVES (JAIME FARIA),CENTRO,-52.798511,-31.652666,689.91,7,0.0,chave_exata_2022
2024,RS,4305124,123,1201,CÂMARA DE VEREADORES DE CERRITO,CENTRO,-52.812196,-31.855585,688.5,7,0.0,geocode_v0.15 (modelo)
2024,RS,4305124,123,1066,CENTRO ADMINISTRATIVO DO CERRITO,CENTRO,-52.812845,-31.856831,688.44,7,0.0,chave_exata_2022
2006,RS,4305124,123,1090,REINALDO KARNOPP,CENTRO,-60.0757751,-31.5799737,688.43,12,0.578,geocode_v0.15 (propagada)
2006,RS,4305124,123,1147,ESCOLA SANTO ANDRE,CENTRO,-60.0757751,-31.5799737,688.43,12,0.578,geocode_v0.15 (propagada)
2006,RS,4305124,123,1155,ESCOLA PEDRO DA VARA / POSTO DE SAUDE,CENTRO,-60.0757751,-31.5799737,688.43,12,0.578,geocode_v0.15 (propagada)
2006,RS,4305124,123,1163,ESCOLA MUNICIPAL FELIPE DOS SANTOS,CENTRO,-60.0757751,-31.5799737,688.43,12,0.578,geocode_v0.15 (propagada)
2008,RS,4305124,123,1090,REINALDO KARNOPP,CENTRO,-60.0757751,-31.5799737,688.43,12,0.578,geocode_v0.15 (propagada)
2008,RS,4305124,123,1147,ESCOLA SANTO ANDRE,CENTRO,-60.0757751,-31.5799737,688.43,12,0.578,geocode_v0.15 (propagada)
2008,RS,4305124,123,1155,ESCOLA PEDRO DA VARA / POSTO DE SAUDE,CENTRO,-60.0757751,-31.5799737,688.43,12,0.578,geocode_v0.15 (propagada)
2008,RS,4305124,123,1163,ESCOLA MUNICIPAL FELIPE DOS SANTOS,CENTRO,-60.0757751,-31.5799737,688.43,12,0.578,geocode_v0.15 (propagada)
2012,RS,4305124,123,1090,REINALDO KARNOPP,CENTRO,-60.0757751,-31.5799737,688.43,12,0.578,geocode_v0.15 (propagada)
2012,RS,4305124,123,1147,ESCOLA SANTO ANDRE,CENTRO,-60.0757751,-31.5799737,688.43,12,0.578,geocode_v0.15 (propagada)
2012,RS,4305124,123,1155,ESCOLA PEDRO DA VARA / POSTO DE SAUDE,CENTRO,-60.0757751,-31.5799737,688.43,12,0.578,geocode_v0.15 (propagada)
2012,RS,4305124,123,1163,ESCOLA MUNICIPAL FELIPE DOS SANTOS,CENTRO,-60.0757751,-31.5799737,688.43,12,0.578,geocode_v0.15 (propagada)
2010,RS,4305124,123,1090,REINALDO KARNOPP,CENTRO,-60.0757751,-31.5799737,688.09,11,0.466,geocode_v0.15 (propagada)
2010,RS,4305124,123,1147,ESCOLA SANTO ANDRE,CENTRO,-60.0757751,-31.5799737,688.09,11,0.466,geocode_v0.15 (propagada)
2010,RS,4305124,123,1155,ESCOLA PEDRO DA VARA / POSTO DE SAUDE,CENTRO,-60.0757751,-31.5799737,688.09,11,0.466,geocode_v0.15 (propagada)
2010,RS,4305124,123,1163,ESCOLA MUNICIPAL FELIPE DOS SANTOS,CENTRO,-60.0757751,-31.5799737,688.09,11,0.466,geocode_v0.15 (propagada)
2014,RS,4305124,123,1090,REINALDO KARNOPP,CENTRO,-60.0757751,-31.5799737,688.09,11,0.466,geocode_v0.15 (propagada)
2014,RS,4305124,123,1147,ESCOLA SANTO ANDRE,CENTRO,-60.0757751,-31.5799737,688.09,11,0.466,geocode_v0.15 (propagada)
2014,RS,4305124,123,1155,ESCOLA PEDRO DA VARA / POSTO DE SAUDE,CENTRO,-60.0757751,-31.5799737,688.09,11,0.466,geocode_v0.15 (propagada)
2014,RS,4305124,123,1163,ESCOLA MUNICIPAL FELIPE DOS SANTOS,CENTRO,-60.0757751,-31.5799737,688.09,11,0.466,geocode_v0.15 (propagada)
2024,RS,4305124,123,1058,"JOSE BERNABE DE SOUZA, ESC. EST. DE 1 E 2 GRAUS",CENTRO,-52.816642,-31.85208,688.08,7,0.0,chave_exata_2022
2006,PA,1500602,18,1325,ESCOLA MUNICIPAL DE 1 GRAU ARMINDO DOCETEU DENARDIM,CENTRO,-55.0941201,-8.3159151,652.05,6,1.038,geocode_v0.15 (propagada)
2008,MG,3138401,161,1104,CLUBE COTUBAS,CENTRO,-48.5682069,-21.7756298,614.19,6,0.501,geocode_v0.15 (propagada)
2010,MG,3138401,161,1104,CLUBE COTUBAS,CENTRO,-48.5682069,-21.7756298,614.19,7,0.501,geocode_v0.15 (propagada)
2012,MG,3138401,161,1104,CLUBE COTUBAS,CENTRO,-48.5682069,-21.7756298,614.19,7,0.501,geocode_v0.15 (propagada)
2014,MG,3138401,161,1104,CLUBE COTUBAS,CENTRO,-48.5682069,-21.7756298,614.19,7,0.501,geocode_v0.15 (propagada)
2016,MG,3138401,161,1104,CLUBE COTUBAS,CENTRO,-48.5682069,-21.7756298,614.19,6,0.501,geocode_v0.15 (propagada)
2018,MG,3138401,161,1104,CLUBE COTUBAS,CENTRO,-48.5682069,-21.7756298,614.19,6,0.501,geocode_v0.15 (propagada)
2020,MG,3138401,161,1104,CLUBE COTUBAS,CENTRO,-48.5682069,-21.7756298,614.19,6,0.501,geocode_v0.15 (propagada)
2022,MG,3138401,161,1104,CLUBE COTUBAS,CENTRO,-48.5682069,-21.7756298,614.19,7,0.501,geocode_v0.15 (propagada)
2024,MG,3138401,161,1104,CLUBE COTUBAS,CENTRO,-48.5682069,-21.7756298,614.19,7,0.501,chave_exata_2022
2006,MG,3138401,161,1104,CLUBE COTUBAS,CENTRO,-48.5682069,-21.7756298,614.01,11,0.309,geocode_v0.15 (propagada)
2006,RS,4322152,154,1058,SALAO COMUNITÁRIO SANTA RITA,CENTRO,-49.0844993,-24.9754315,598.75,9,0.701,geocode_v0.15 (propagada)
2008,RS,4322152,154,1058,SALAO COMUNITÁRIO SANTA RITA,CENTRO,-49.0844993,-24.9754315,598.75,8,0.839,geocode_v0.15 (propagada)
2010,RS,4322152,154,1015,BALDUINO KURTZ,CENTRO,-49.0844993,-24.9754315,598.75,8,0.839,geocode_v0.15 (propagada)
2010,RS,4322152,154,1058,SALAO COMUNITÁRIO SANTA RITA,CENTRO,-49.0844993,-24.9754315,598.75,8,0.839,geocode_v0.15 (propagada)
2012,RS,4322152,154,1015,BALDUINO KURTZ,CENTRO,-49.0844993,-24.9754315,598.75,8,0.839,geocode_v0.15 (propagada)
2012,RS,4322152,154,1058,SALAO COMUNITÁRIO SANTA RITA,CENTRO,-49.0844993,-24.9754315,598.75,8,0.839,geocode_v0.15 (propagada)
2014,RS,4322152,154,1015,BALDUINO KURTZ,CENTRO,-49.0844993,-24.9754315,598.75,8,0.839,geocode_v0.15 (propagada)
2014,RS,4322152,154,1058,SALAO COMUNITÁRIO SANTA RITA,CENTRO,-49.0844993,-24.9754315,598.75,8,0.839,geocode_v0.15 (propagada)
2016,RS,4322152,154,1015,BALDUINO KURTZ,CENTRO,-49.0844993,-24.9754315,598.75,7,0.249,geocode_v0.15 (propagada)
2016,RS,4322152,154,1058,SALAO COMUNITÁRIO SANTA RITA,CENTRO,-49.0844993,-24.9754315,598.75,7,0.249,geocode_v0.15 (propagada)
2024,RS,4322152,154,1058,SALAO COMUNITÁRIO SANTA RITA,CENTRO,-49.0844993,-24.9754315,598.75,6,0.249,chave_exata_2022
2006,MG,3170008,50,1023,ESCOLA MUNICIPAL MARCIA MARILIA,CENTRO,-42.9413096,-21.1208656,571.65,3,0.376,geocode_v0.15 (propagada)
2008,MG,3170008,50,1023,ESCOLA MUNICIPAL MARCIA MARILIA,CENTRO,-42.9413096,-21.1208656,571.65,3,0.376,geocode_v0.15 (propagada)
2010,MG,3170008,50,1023,ESCOLA MUNICIPAL MARCIA MARILIA,CENTRO,-42.9413096,-21.1208656,571.65,3,0.376,geocode_v0.15 (propagada)
2012,MG,3170008,50,1023,ESCOLA MUNICIPAL MARCIA MARILIA,CENTRO,-42.9413096,-21.1208656,571.65,3,0.376,geocode_v0.15 (propagada)
2014,MG,3170008,50,1023,ESCOLA MUNICIPAL MARCIA MARILIA,CENTRO,-42.9413096,-21.1208656,571.65,3,0.376,geocode_v0.15 (propagada)
2016,MG,3170008,50,1023,ESCOLA MUNICIPAL MARCIA MARILIA,CENTRO,-42.9413096,-21.1208656,571.65,3,0.376,geocode_v0.15 (propagada)
2018,MG,3170008,50,1023,ESCOLA MUNICIPAL MARCIA MARILIA,CENTRO,-42.9413096,-21.1208656,571.65,3,0.376,geocode_v0.15 (propagada)
2020,MG,3170008,50,1023,ESCOLA MUNICIPAL MARCIA MARILIA,CENTRO,-42.9413096,-21.1208656,571.65,3,0.376,geocode_v0.15 (propagada)
2022,MG,3170008,50,1023,ESCOLA MUNICIPAL MARCIA MARILIA,CENTRO,-42.9413096,-21.1208656,571.65,3,0.376,geocode_v0.15 (propagada)
2024,MG,3170008,50,1023,ESCOLA MUNICIPAL MARCIA MARILIA,CENTRO,-42.9413096,-21.1208656,571.65,3,0.376,chave_exata_2022
2006,MG,3122603,83,1120,ESCOLA MUNICIPAL INFÂNCIA FELIZ,CENTRO,-43.1819148,-22.9070828,438.62,3,0.188,geocode_v0.15 (propagada)
2008,MG,3122603,83,1120,ESCOLA MUNICIPAL INFÂNCIA FELIZ,CENTRO,-43.1819148,-22.9070828,438.62,3,0.188,geocode_v0.15 (propagada)
2012,MG,3122603,83,1120,ESCOLA MUNICIPAL INFÂNCIA FELIZ,CENTRO,-43.1819148,-22.9070828,438.62,3,0.188,geocode_v0.15 (propagada)
2016,MG,3122603,83,1120,ESCOLA MUNICIPAL INFÂNCIA FELIZ,CENTRO,-43.1819148,-22.9070828,438.62,3,0.188,geocode_v0.15 (propagada)
2018,MG,3122603,83,1120,ESCOLA MUNICIPAL INFÂNCIA FELIZ,CENTRO,-43.1819148,-22.9070828,438.62,3,0.188,geocode_v0.15 (propagada)
2020,MG,3122603,83,1120,ESCOLA MUNICIPAL INFÂNCIA FELIZ,CENTRO,-43.1819148,-22.9070828,438.62,3,0.188,geocode_v0.15 (propagada)
2022,MG,3122603,83,1120,ESCOLA MUNICIPAL INFÂNCIA FELIZ,CENTRO,-43.1819148,-22.9070828,438.62,3,0.188,geocode_v0.15 (propagada)
2024,MG,3122603,83,1120,ESCOLA MUNICIPAL INFÂNCIA FELIZ,CENTRO,-43.1819148,-22.9070828,438.62,3,0.188,chave_exata_2022
2020,MS,0,15,1210,CENTRO DE EDUCAÇÃO INFANTIL MARIA MADALENA FARIAS PINA - CEIMAP,CENTRO,-56.6713476,-20.551371,378.34,3,0.308,Resgatado do TSE (Base Eleitorado)
2006,PA,1505304,38,1082,SEC. MUN. DE MEIO AMBIENTE E TURISMO,CENTRO,-55.9950323031023,1.38046388328454,350.34,3,0.59,1. Match ID Validado
2008,PA,1505304,38,1082,SEC. MUN. DE MEIO AMBIENTE E TURISMO,CENTRO,-55.9950323031023,1.38046388328454,350.34,3,0.59,1. Match ID Validado
2010,PA,1505304,38,1082,SEC. MUN. DE MEIO AMBIENTE E TURISMO,CENTRO,-55.9950323031023,1.38046388328454,350.34,3,0.59,1. Match ID Validado
2012,PA,1505304,38,1082,SEC. MUN. DE MEIO AMBIENTE E TURISMO,CENTRO,-55.9950323031023,1.38046388328454,350.34,3,0.59,1. Match ID Validado
2014,PA,1505304,38,1082,SEC. MUN. DE MEIO AMBIENTE E TURISMO,CENTRO,-55.9950323031023,1.38046388328454,350.34,3,0.59,1. Match ID Validado
2020,PA,1505304,38,1082,SEC. MUN. DE MEIO AMBIENTE E TURISMO,CENTRO,-55.9950323031023,1.38046388328454,350.34,3,0.59,1. Match ID Validado
2022,PA,1505304,38,1082,SEC. MUN. DE MEIO AMBIENTE E TURISMO,CENTRO,-55.9950323031023,1.38046388328454,350.34,3,0.59,Original (Não Aplicável)
2024,PA,1505304,38,1082,SEC. MUN. DE MEIO AMBIENTE E TURISMO,CENTRO,-55.9950323031023,1.38046388328454,350.34,3,0.59,chave_exata_2022
2006,RS,4302600,125,1082,ESCOLA MUNICIPAL TRES VERTENTES,CENTRO,-51.717379,-29.939178,325.3,4,0.146,geocode_v0.15 (propagada)
2006,AM,1303809,19,1023,EMPRESA BRASILEIRA DE CORREIOS E TELEGRAFOS,CENTRO,-69.789892,0.252702,303.76,6,0.473,Mantida Original (Inseguro para mover)
2006,AM,1303809,19,1058,ESCRITORIO DA FUNAI,CENTRO,-69.789892,0.252702,303.76,6,0.473,Mantida Original (Inseguro para mover)
2008,AM,1303809,19,1023,EMPRESA BRASILEIRA DE CORREIOS E TELEGRAFOS,CENTRO,-69.789892,0.252702,303.76,6,0.473,Mantida Original (Inseguro para mover)
2008,AM,1303809,19,1058,ESCRITORIO DA FUNAI,CENTRO,-69.789892,0.252702,303.76,6,0.473,Mantida Original (Inseguro para mover)
2010,AM,1303809,19,1023,EMPRESA BRASILEIRA DE CORREIOS E TELEGRAFOS,CENTRO,-69.789892,0.252702,303.76,6,0.473,Mantida Original (Inseguro para mover)
2010,AM,1303809,19,1058,ESCRITORIO DA FUNAI,CENTRO,-69.789892,0.252702,303.76,6,0.473,Mantida Original (Inseguro para mover)
2006,RS,4304507,14,1503,ESC EST DE 1 GRAU INCOMP NOSSA SRA DE FATIMA,CENTRO,-50.124334,-29.9562194,292.07,32,0.437,geocode_v0.15 (propagada)
2008,RS,4304507,14,1503,ESC EST DE 1 GRAU INCOMP NOSSA SRA DE FATIMA,CENTRO,-50.124334,-29.9562194,292.07,28,0.476,geocode_v0.15 (propagada)
2022,RS,4307005,20,1910,PENITENCIÁRIA ESTADUAL DE ERECHIM,CENTRO,-51.1448001,-30.0083903,286.14,17,0.46,geocode_v0.15 (propagada)
2024,RS,4307005,20,1910,PENITENCIÁRIA ESTADUAL DE ERECHIM,CENTRO,-51.1448001,-30.0083903,286.14,17,0.433,chave_exata_2022
2006,AM,1302108,48,1066,PREFEITURA MUNICIPAL DE JAPURA,CENTRO,-69.408234,-1.27424071,276.43,3,0.0,geocode_v0.15 (propagada)
2018,PA,0,14,1228,EMEF FAUSTINO DE BRITO,CENTRO,-46.5426424,-1.7530758,270.23,3,0.513,Resgatado do TSE (Base Eleitorado)
2010,MG,3151107,292,1031,SALAO PAROQUIAL,CENTRO,-43.9386558,-19.919168,254.82,9,0.209,geocode_v0.15 (propagada)
2012,MG,3151107,292,1031,SALAO PAROQUIAL,CENTRO,-43.9386558,-19.919168,254.82,10,0.24,geocode_v0.15 (propagada)
2014,MG,3151107,292,1031,SALAO PAROQUIAL,CENTRO,-43.9386558,-19.919168,254.82,10,0.235,geocode_v0.15 (propagada)
2016,MG,3151107,292,1031,SALAO PAROQUIAL,CENTRO,-43.9386558,-19.919168,254.82,10,0.235,geocode_v0.15 (propagada)
2018,MG,3151107,7,1031,SALAO PAROQUIAL,CENTRO,-43.9386558,-19.919168,254.82,10,0.235,geocode_v0.15 (propagada)
2020,MG,3151107,7,1031,SALAO PAROQUIAL,CENTRO,-43.9386558,-19.919168,254.82,10,0.235,geocode_v0.15 (propagada)
2022,MG,3151107,7,1031,SALAO PAROQUIAL,CENTRO,-43.9386558,-19.919168,254.82,10,0.235,geocode_v0.15 (propagada)
2024,MG,3151107,7,1031,SALAO PAROQUIAL,CENTRO,-43.9386558,-19.919168,254.82,10,0.235,chave_exata_2022
2006,MG,3151107,292,1031,SALAO PAROQUIAL,CENTRO,-43.9386558,-19.919168,254.73,10,0.298,geocode_v0.15 (propagada)
2008,MG,3151107,292,1031,SALAO PAROQUIAL,CENTRO,-43.9386558,-19.919168,254.73,11,0.298,geocode_v0.15 (propagada)
2006,AM,1300904,13,1015,PREFEITURA MUNICIPAL DE CANUTAMA,CENTRO,-63.867341,-8.198284,194.55,4,0.227,Mantida Original (Inseguro para mover)
2008,AM,1300904,13,1015,PREFEITURA MUNICIPAL DE CANUTAMA,CENTRO,-63.867341,-8.198284,194.55,4,0.227,Mantida Original (Inseguro para mover)
2022,MG,3150307,24,1198,UBS II - JOSÉ ATAIDE DO NASCIMENTO,CENTRO,-43.1819148,-22.9070828,191.03,5,0.11,geocode_v0.15 (propagada)
2024,MG,3150307,24,1198,UBS II - JOSÉ ATAIDE DO NASCIMENTO - CENTRO,CENTRO,-43.1819148,-22.9070828,191.03,5,0.11,chave_exata_2022
2006,RS,4304507,14,1163,CASA COMERCIAL DE WALTER WOLZ,CENTRO,-52.4161554,-29.7590454,183.69,32,0.437,geocode_v0.15 (propagada)
2010,MG,3112901,2,1074,PREFEITURA MUNICIPAL,CENTRO,-43.9386558,-19.919168,176.65,5,0.25,geocode_v0.15 (propagada)
2012,MG,3112901,2,1074,PREFEITURA MUNICIPAL,CENTRO,-43.9386558,-19.919168,176.65,5,0.25,geocode_v0.15 (propagada)
2014,MG,3112901,2,1074,PREFEITURA MUNICIPAL,CENTRO,-43.9386558,-19.919168,176.65,5,0.25,geocode_v0.15 (propagada)
2016,MG,3112901,2,1074,PREFEITURA MUNICIPAL,CENTRO,-43.9386558,-19.919168,176.65,5,0.25,geocode_v0.15 (propagada)
2018,MG,3112901,2,1074,PREFEITURA MUNICIPAL,CENTRO,-43.9386558,-19.919168,176.65,4,0.252,geocode_v0.15 (propagada)
2020,MG,3112901,2,1074,PREFEITURA MUNICIPAL,CENTRO,-43.9386558,-19.919168,176.65,4,0.252,geocode_v0.15 (propagada)
2006,MG,3112901,2,1074,PREFEITURA MUNICIPAL,CENTRO,-43.9386558,-19.919168,176.42,6,0.439,geocode_v0.15 (propagada)
2008,MG,3112901,2,1074,PREFEITURA MUNICIPAL,CENTRO,-43.9386558,-19.919168,176.42,6,0.439,geocode_v0.15 (propagada)
2024,BA,2924405,195,2100,CENTRO ADMINISTRATIVO MUNICIPAL,CENTRO,-43.6057477,-10.0804389,123.54,14,0.312,geocode_v0.15 (propagada)
2006,MT,5103908,47,1090,COLEGIO INDIGENA ESTADUAL DE I E II GRAUS SAO JOSE,CENTRO,-53.905741,-15.647219,123.35,4,0.104,geocode_v0.15 (propagada)
2006,AC,1200302,7,1090,NUCLEO DA UFAC FEIJO,CIDADE NOVA,-70.7181399,-9.1015152,111.55,3,0.175,geocode_v0.15 (propagada)
2008,AC,1200302,7,1090,NUCLEO DA UFAC FEIJO,CIDADE NOVA,-70.7181399,-9.1015152,111.55,3,0.175,geocode_v0.15 (propagada)
2010,AC,1200302,7,1090,NUCLEO DA UFAC FEIJO,CIDADE NOVA,-70.7181399,-9.1015152,111.55,3,0.175,geocode_v0.15 (propagada)
2012,AC,1200302,7,1090,NUCLEO DA UFAC FEIJO,CIDADE NOVA,-70.7181399,-9.1015152,111.55,3,0.175,geocode_v0.15 (propagada)
2006,PA,1506807,20,3913,EMEF BOM JESUS,PLANALTO,-55.701091,-2.359778,111.4,21,0.019,Mantida Original (Inseguro para mover)
2006,PA,1506807,20,3743,EMEF PADRE ANTONIO VIEIRA,PLANALTO,-55.668935,-2.27052,111.04,21,0.019,Mantida Original (Inseguro para mover)
2006,MT,5101803,47,1120,ESCOLA MUNICIPAL I GRAU 'MIGUEL SUTIL',CENTRO,-53.054903,-15.25348,109.98,16,1.297,geocode_v0.15 (propagada)
2012,MT,5105507,25,1260,ESCOLA MUNICIPAL MARECHAL RONDON,CENTRO,-60.13782086,-15.91576282,103.44,14,0.624,geocode_v0.15 (propagada)
2014,MT,5105507,25,1260,ESCOLA MUNICIPAL MARECHAL RONDON,CENTRO,-60.13782086,-15.91576282,103.44,14,0.624,geocode_v0.15 (propagada)
2016,MT,5105507,25,1260,ESCOLA MUNICIPAL MARECHAL RONDON,CENTRO,-60.13782086,-15.91576282,103.44,14,0.624,geocode_v0.15 (propagada)
2018,MT,5105507,25,1260,ESCOLA MUNICIPAL MARECHAL RONDON,CENTRO,-60.13782086,-15.91576282,103.44,14,0.624,geocode_v0.15 (propagada)
2020,MT,5105507,25,1260,ESCOLA MUNICIPAL MARECHAL RONDON,CENTRO,-60.13782086,-15.91576282,103.44,13,0.624,geocode_v0.15 (propagada)
2006,MT,5105507,25,1260,ESCOLA MUNICIPAL MARECHAL RONDON,CENTRO,-60.13782086,-15.91576282,103.27,14,0.476,geocode_v0.15 (propagada)
2008,MT,5105507,25,1260,ESCOLA MUNICIPAL MARECHAL RONDON,CENTRO,-60.13782086,-15.91576282,103.27,14,0.476,geocode_v0.15 (propagada)
2010,MT,5105507,25,1260,ESCOLA MUNICIPAL MARECHAL RONDON,CENTRO,-60.13782086,-15.91576282,103.27,15,0.436,geocode_v0.15 (propagada)
2006,BA,2907202,66,1040,PREDIO ESCOLAR EULALIA PASSOS,CENTRO,-41.869887,-9.430841,102.33,11,0.625,1. Match ID Validado
2006,BA,2907202,66,1058,PREDIO ESCOLAR SENADOR LUIZ VIANA,CENTRO,-41.869887,-9.430841,102.33,11,0.625,1. Match ID Validado
2006,BA,2907202,66,1074,PREDIO ESCOLAR PINGO DE GENTE,CENTRO,-41.869887,-9.430841,102.33,11,0.625,1. Match ID Validado
2006,BA,2907202,66,1082,PREDIO ESCOLAR JULIA BORGES,CENTRO,-41.869887,-9.430841,102.33,11,0.625,1. Match ID Validado
2006,BA,2907202,66,1937,PREDIO ESCOLAR SENADOR LUIZ VIANA,CENTRO,-41.869887,-9.430841,102.33,11,0.625,4. Match Fuzzy+Bairro
2008,BA,2907202,66,1040,PREDIO ESCOLAR EULALIA PASSOS,CENTRO,-41.869887,-9.430841,102.33,11,0.625,1. Match ID Validado
2008,BA,2907202,66,1058,PREDIO ESCOLAR SENADOR LUIZ VIANA,CENTRO,-41.869887,-9.430841,102.33,11,0.625,1. Match ID Validado
2008,BA,2907202,66,1074,PREDIO ESCOLAR PINGO DE GENTE,CENTRO,-41.869887,-9.430841,102.33,11,0.625,1. Match ID Validado
2008,BA,2907202,66,1082,PREDIO ESCOLAR JULIA BORGES,CENTRO,-41.869887,-9.430841,102.33,11,0.625,1. Match ID Validado
2008,BA,2907202,66,1937,PREDIO ESCOLAR SENADOR LUIZ VIANA,CENTRO,-41.869887,-9.430841,102.33,11,0.625,4. Match Fuzzy+Bairro
2010,BA,2907202,66,1040,PREDIO ESCOLAR EULALIA PASSOS,CENTRO,-41.869887,-9.430841,102.33,13,0.608,1. Match ID Validado
2010,BA,2907202,66,1058,PREDIO ESCOLAR SENADOR LUIZ VIANA,CENTRO,-41.869887,-9.430841,102.33,13,0.608,1. Match ID Validado
2010,BA,2907202,66,1074,PREDIO ESCOLAR PINGO DE GENTE,CENTRO,-41.869887,-9.430841,102.33,13,0.608,1. Match ID Validado
2010,BA,2907202,66,1082,PREDIO ESCOLAR JULIA BORGES,CENTRO,-41.869887,-9.430841,102.33,13,0.608,1. Match ID Validado
2010,BA,2907202,66,1937,PREDIO ESCOLAR SENADOR LUIZ VIANA,CENTRO,-41.869887,-9.430841,102.33,13,0.608,4. Match Fuzzy+Bairro
2012,BA,2907202,66,1040,PREDIO ESCOLAR EULALIA PASSOS,CENTRO,-41.869887,-9.430841,102.33,13,0.608,1. Match ID Validado
2012,BA,2907202,66,1058,PREDIO ESCOLAR SENADOR LUIZ VIANA,CENTRO,-41.869887,-9.430841,102.33,13,0.608,1. Match ID Validado
2012,BA,2907202,66,1074,PREDIO ESCOLAR PINGO DE GENTE,CENTRO,-41.869887,-9.430841,102.33,13,0.608,1. Match ID Validado
2012,BA,2907202,66,1082,PREDIO ESCOLAR JULIA BORGES,CENTRO,-41.869887,-9.430841,102.33,13,0.608,1. Match ID Validado
2012,BA,2907202,66,1937,PREDIO ESCOLAR SENADOR LUIZ VIANA,CENTRO,-41.869887,-9.430841,102.33,13,0.608,4. Match Fuzzy+Bairro
2014,BA,2907202,66,1040,PREDIO ESCOLAR EULALIA PASSOS,CENTRO,-41.869887,-9.430841,102.33,12,0.625,1. Match ID Validado
2014,BA,2907202,66,1058,PREDIO ESCOLAR SENADOR LUIZ VIANA,CENTRO,-41.869887,-9.430841,102.33,12,0.625,1. Match ID Validado
2014,BA,2907202,66,1074,PREDIO ESCOLAR PINGO DE GENTE,CENTRO,-41.869887,-9.430841,102.33,12,0.625,1. Match ID Validado
2014,BA,2907202,66,1082,PREDIO ESCOLAR JULIA BORGES,CENTRO,-41.869887,-9.430841,102.33,12,0.625,1. Match ID Validado
2014,BA,2907202,66,1937,PREDIO ESCOLAR SENADOR LUIZ VIANA,CENTRO,-41.869887,-9.430841,102.33,12,0.625,4. Match Fuzzy+Bairro
2016,BA,2907202,66,1040,PREDIO ESCOLAR EULALIA PASSOS,CENTRO,-41.869887,-9.430841,102.33,11,0.625,1. Match ID Validado
2016,BA,2907202,66,1058,PREDIO ESCOLAR SENADOR LUIZ VIANA,CENTRO,-41.869887,-9.430841,102.33,11,0.625,1. Match ID Validado
2016,BA,2907202,66,1074,PREDIO ESCOLAR PINGO DE GENTE,CENTRO,-41.869887,-9.430841,102.33,11,0.625,1. Match ID Validado
2016,BA,2907202,66,1082,PREDIO ESCOLAR JULIA BORGES,CENTRO,-41.869887,-9.430841,102.33,11,0.625,1. Match ID Validado
2016,BA,2907202,66,1937,PREDIO ESCOLAR SENADOR LUIZ VIANA,CENTRO,-41.869887,-9.430841,102.33,11,0.625,4. Match Fuzzy+Bairro
2018,BA,2907202,66,1040,PREDIO ESCOLAR EULALIA PASSOS,CENTRO,-41.869887,-9.430841,102.33,11,0.625,1. Match ID Validado
2018,BA,2907202,66,1058,PREDIO ESCOLAR SENADOR LUIZ VIANA,CENTRO,-41.869887,-9.430841,102.33,11,0.625,1. Match ID Validado
2018,BA,2907202,66,1074,PREDIO ESCOLAR PINGO DE GENTE,CENTRO,-41.869887,-9.430841,102.33,11,0.625,1. Match ID Validado
2018,BA,2907202,66,1082,PREDIO ESCOLAR JULIA BORGES,CENTRO,-41.869887,-9.430841,102.33,11,0.625,1. Match ID Validado
2018,BA,2907202,66,1937,PREDIO ESCOLAR SENADOR LUIZ VIANA,CENTRO,-41.869887,-9.430841,102.33,11,0.625,4. Match Fuzzy+Bairro
2020,BA,2907202,66,1040,PREDIO ESCOLAR EULALIA PASSOS,CENTRO,-41.869887,-9.430841,102.33,10,0.625,1. Match ID Validado
2020,BA,2907202,66,1082,PREDIO ESCOLAR JULIA BORGES,CENTRO,-41.869887,-9.430841,102.33,10,0.625,1. Match ID Validado
2020,BA,2907202,66,1058,PREDIO ESCOLAR SENADOR LUIZ VIANA,CENTRO,-41.869887,-9.430841,102.33,10,0.625,1. Match ID Validado
2020,BA,2907202,66,1074,PREDIO ESCOLAR PINGO DE GENTE,CENTRO,-41.869887,-9.430841,102.33,10,0.625,1. Match ID Validado
2022,BA,2907202,66,1040,PREDIO ESCOLAR EULALIA PASSOS,CENTRO,-41.869887,-9.430841,102.33,10,0.625,Original (Não Aplicável)
2022,BA,2907202,66,1082,PREDIO ESCOLAR JULIA BORGES,CENTRO,-41.869887,-9.430841,102.33,10,0.625,Original (Não Aplicável)
2022,BA,2907202,66,1058,PREDIO ESCOLAR SENADOR LUIZ VIANA,CENTRO,-41.869887,-9.430841,102.33,10,0.625,Original (Não Aplicável)
2022,BA,2907202,66,1074,PREDIO ESCOLAR PINGO DE GENTE,CENTRO,-41.869887,-9.430841,102.33,10,0.625,Original (Não Aplicável)
2024,BA,2907202,66,1040,PREDIO ESCOLAR EULALIA PASSOS,CENTRO,-41.869887,-9.430841,102.33,10,0.625,chave_exata_2022
2024,BA,2907202,66,1058,PREDIO ESCOLAR SENADOR LUIZ VIANA,CENTRO,-41.869887,-9.430841,102.33,10,0.625,chave_exata_2022
2024,BA,2907202,66,1074,PREDIO ESCOLAR PINGO DE GENTE,CENTRO,-41.869887,-9.430841,102.33,10,0.625,chave_exata_2022
2024,BA,2907202,66,1082,PREDIO ESCOLAR JULIA BORGES,CENTRO,-41.869887,-9.430841,102.33,10,0.625,chave_exata_2022
2020,MS,0,33,1090,CENTRO EDUCACIONAL DE MUNDO NOVO - MICKEY,CENTRO,-54.2912525,-23.9358068,98.66,3,0.308,Resgatado do TSE (Base Eleitorado)
2012,CE,0,67,1554,"SECRETARIA DE CULTURA, ESPORTE E JUVENTUDE (ANTIGA ESCOLA ALMIR PINTO)",CENTRO-SEDE,-38.5966966,-4.4912849,96.98,3,0.096,Resgatado do TSE (Base Eleitorado)
2014,CE,0,67,1554,"SECRETARIA DE CULTURA, ESPORTE E JUVENTUDE (ANTIGA ESCOLA ALMIR PINTO)",CENTRO-SEDE,-38.5966966,-4.4912849,96.98,3,0.096,Resgatado do TSE (Base Eleitorado)
2012,CE,0,6,1740,ESCOLA DE 1 GRAU JOAO PEREIRA DE CASTRO,CENTRO-SEDE,-38.9205032,-5.3169031,96.89,3,0.216,Resgatado do TSE (Base Eleitorado)
2014,CE,0,6,1740,ESCOLA DE 1 GRAU JOAO PEREIRA DE CASTRO,CENTRO-SEDE,-38.9205032,-5.3169031,96.89,3,0.216,Resgatado do TSE (Base Eleitorado)
2012,CE,0,6,2470,ESCOLA DE 1 GRAU RAUL URQUID,CENTRO-SEDE,-38.9191724,-5.3061307,96.86,3,0.216,Resgatado do TSE (Base Eleitorado)
2012,CE,0,67,1490,ESCOLA MUNICIPAL SAO MARCOS - ENSINO FUNDAMENTAL,CENTRO-SEDE,-38.5901867,-4.4879958,96.86,3,0.096,Resgatado do TSE (Base Eleitorado)
2014,CE,0,67,1490,ESCOLA MUNICIPAL SAO MARCOS - ENSINO FUNDAMENTAL,CENTRO-SEDE,-38.5901867,-4.4879958,96.86,3,0.096,Resgatado do TSE (Base Eleitorado)
2014,CE,0,6,2470,ESCOLA DE 1 GRAU RAUL URQUID,CENTRO-SEDE,-38.9191724,-5.3061307,96.86,3,0.216,Resgatado do TSE (Base Eleitorado)
2006,MT,5101803,47,1040,ESCOLA MUNICIPAL I GRAU 'MARECHAL RONDON',CENTRO,-52.237773,-15.034277,95.04,16,1.395,geocode_v0.15 (propagada)
2006,PA,1506807,83,1376,E.M.E.F. JULIO WALFREDO DA PONTE,MOJUI DOS CAMPOS,-55.2479945,-3.1257345,94.45,3,1.671,Mantida Original (Inseguro para mover)
2008,PA,1506807,83,1376,EMEF JULIO WALFREDO DA PONTE,MOJUI DOS CAMPOS,-55.2479945,-3.1257345,94.45,3,1.671,Mantida Original (Inseguro para mover)
2006,MT,5101803,47,1082,ESCOLA ESTADUAL 01 GRAU DOM FELIPO RINALDI,CENTRO,-52.902851,-15.375686,88.73,16,1.297,geocode_v0.15 (propagada)
2006,RS,4318507,130,1163,SUB-PREFEITURA,CENTRO,-51.2827307668734,-31.5449318101979,88.59,17,0.389,Mantida Original (Inseguro para mover)
2006,AC,1200302,7,1120,SECRETARIA DE ENSINO MUNICIPAL - SEMEC,CENTRO,-70.5948348,-8.8653789,82.2,9,0.126,geocode_v0.15 (propagada)
2008,AC,1200302,7,1120,SECRETARIA MUNICIPAL DE ENSINO - SEMEC,CENTRO,-70.5948348,-8.8653789,81.96,9,0.265,geocode_v0.15 (propagada)
2006,DF,5300108,7,1139,CENTRO DE ASSISTENCIA SAO JOSE,SETOR NORTE,-47.373727,-15.704095,81.05,4,0.364,Mantida Original (Inseguro para mover)
2008,DF,5300108,7,1139,CENTRO DE ASSISTENCIA SAO JOSE,SETOR NORTE,-47.373727,-15.704095,81.05,4,0.364,Mantida Original (Inseguro para mover)
2010,DF,5300108,7,1139,CENTRO DE ASSISTENCIA SAO JOSE,SETOR NORTE,-47.373727,-15.704095,81.05,4,0.364,Mantida Original (Inseguro para mover)
2012,DF,5300108,7,1139,CENTRO DE ASSISTENCIA SAO JOSE,SETOR NORTE,-47.373727,-15.704095,81.05,4,0.364,Mantida Original (Inseguro para mover)
2016,TO,1716208,18,1163,CAMARA MUNICIPAL (PREDIO NOVO),CENTRO,-47.664094,-13.301752,79.9,6,0.075,Mantida Original (Inseguro para mover)
2006,MT,5105507,25,1201,ESCOLA MUNICIPAL ITIJUCAL,CENTRO,-60.23155988,-14.34275894,79.76,14,0.476,1. Match ID Validado
2008,MT,5105507,25,1201,ESCOLA MUNICIPAL ITIJUCAL,CENTRO,-60.23155988,-14.34275894,79.76,14,0.476,1. Match ID Validado
2010,MT,5105507,25,1201,ESCOLA MUNICIPAL ITIJUCAL,CENTRO,-60.23155988,-14.34275894,79.76,15,0.436,1. Match ID Validado
2012,MT,5105507,25,1201,ESCOLA MUNICIPAL ITIJUCAL,CENTRO,-60.23155988,-14.34275894,79.76,14,0.859,1. Match ID Validado
2014,MT,5105507,25,1201,ESCOLA MUNICIPAL ITIJUCAL,CENTRO,-60.23155988,-14.34275894,79.76,14,0.859,1. Match ID Validado
2016,MT,5105507,25,1201,ESCOLA MUNICIPAL ITIJUCAL,CENTRO,-60.23155988,-14.34275894,79.76,14,0.859,1. Match ID Validado
2018,MT,5105507,25,1201,ESCOLA MUNICIPAL ITIJUCAL,CENTRO,-60.23155988,-14.34275894,79.76,14,0.859,1. Match ID Validado
2020,MT,5105507,25,1201,ESCOLA MUNICIPAL ITIJUCAL,CENTRO,-60.23155988,-14.34275894,79.76,13,0.859,1. Match ID Validado
2024,MT,5105507,25,1201,ESCOLA MUNICIPAL ITIJUCAL,CENTRO,-60.23155988,-14.34275894,79.76,11,0.859,chave_exata_2022
2022,MT,5105507,25,1201,ESCOLA MUNICIPAL ITIJUCAL,CENTRO,-60.23155988,-14.34275894,79.72,12,0.624,Original (Não Aplicável)
2006,AP,1600204,3,1040,ESCOLA MUNICIPAL DE LOURENCO,CENTRO,-51.6322036,2.31124626,77.88,5,0.892,geocode_v0.15 (propagada)
2006,PA,1503754,34,1635,ESCOLA PUBLICA DA PRIMAVERA,CENTRO,-58.3326838,-6.5609101,73.62,3,0.149,Mantida Original (Inseguro para mover)
2008,PA,1503754,102,1023,ESCOLA PUBLICA DA PRIMAVERA,CENTRO,-58.3326838,-6.5609101,73.62,3,0.123,Mantida Original (Inseguro para mover)
2010,PA,1503754,102,1023,ESCOLA PUBLICA DA PRIMAVERA,CENTRO,-58.3326838,-6.5609101,73.62,3,0.123,Mantida Original (Inseguro para mover)
2006,PA,1505304,38,1040,CÂMARA MUNICIPAL DE ORIXIMINÁ,CENTRO,-56.428203,-1.432686,72.67,3,0.59,1. Match ID Validado
2008,PA,1505304,38,1040,CÂMARA MUNICIPAL DE ORIXIMINÁ,CENTRO,-56.428203,-1.432686,72.67,3,0.59,1. Match ID Validado
2010,PA,1505304,38,1040,CÂMARA MUNICIPAL DE ORIXIMINÁ,CENTRO,-56.428203,-1.432686,72.67,3,0.59,1. Match ID Validado
2012,PA,1505304,38,1040,CÂMARA MUNICIPAL DE ORIXIMINÁ,CENTRO,-56.428203,-1.432686,72.67,3,0.59,1. Match ID Validado
2014,PA,1505304,38,1040,CÂMARA MUNICIPAL DE ORIXIMINÁ,CENTRO,-56.428203,-1.432686,72.67,3,0.59,1. Match ID Validado
2020,PA,1505304,38,1040,CÂMARA MUNICIPAL DE ORIXIMINÁ,CENTRO,-56.428203,-1.432686,72.67,3,0.59,1. Match ID Validado
2022,PA,1505304,38,1040,CÂMARA MUNICIPAL DE ORIXIMINÁ,CENTRO,-56.428203,-1.432686,72.67,3,0.59,Original (Não Aplicável)
2024,PA,1505304,38,1040,CÂMARA MUNICIPAL DE ORIXIMINÁ,CENTRO,-56.428203,-1.432686,72.67,3,0.59,chave_exata_2022
2006,PA,1506807,20,3328,EMEF SANTA LUZIA,SANTARENZINHO,-55.20619809,-2.91673104,72.56,5,0.844,geocode_v0.15 (propagada)
2008,PA,1506807,20,3328,EMEF SANTA LUZIA,SANTARENZINHO,-55.20619809,-2.91673104,72.56,5,0.844,geocode_v0.15 (propagada)
2006,CE,2312908,121,1198,ESCOLA DE 1 GRAU MANOEL BEZERRA ARAUJO,TAPERUABA,-40.5358566,-3.8413178,70.45,8,0.743,geocode_v0.15 (propagada)
2006,MA,2110005,70,1511,ESCOLA BENEDITO LEITE,CENTRO - ZONA URBANA,-46.0969437,-4.4242649,70.29,9,0.703,geocode_v0.15 (propagada)
2010,BA,2933604,68,1040,PRÉDIO ESCOLAR JOSÉ PETITINGA,CENTRO,-43.120974,-11.29686,67.73,10,1.22,1. Match ID Validado
2010,BA,2933604,68,1058,PREDIO ESCOLAR CESAR ZAMA,CENTRO,-43.120974,-11.29686,67.73,10,1.22,Mantida Original (Inseguro para mover)
2010,BA,2933604,68,1074,PRÉDIO ESCOLAR LUIZ VIANA,CENTRO,-43.120974,-11.29686,67.73,10,1.22,1. Match ID Validado
2010,BA,2933604,68,1163,PRÉDIO ESCOLAR ANITA CARVALHO,CENTRO,-43.120974,-11.29686,67.73,10,1.22,1. Match ID Validado
2012,BA,2933604,68,1040,PRÉDIO ESCOLAR JOSÉ PETITINGA,CENTRO,-43.120974,-11.29686,67.73,10,1.22,1. Match ID Validado
2012,BA,2933604,68,1058,PREDIO ESCOLAR CESAR ZAMA,CENTRO,-43.120974,-11.29686,67.73,10,1.22,Mantida Original (Inseguro para mover)
2012,BA,2933604,68,1074,PRÉDIO ESCOLAR LUIZ VIANA,CENTRO,-43.120974,-11.29686,67.73,10,1.22,1. Match ID Validado
2012,BA,2933604,68,1163,PRÉDIO ESCOLAR ANITA CARVALHO,CENTRO,-43.120974,-11.29686,67.73,10,1.22,1. Match ID Validado
2014,BA,2933604,68,1040,PRÉDIO ESCOLAR JOSÉ PETITINGA,CENTRO,-43.120974,-11.29686,67.73,10,1.22,1. Match ID Validado
2014,BA,2933604,68,1058,PREDIO ESCOLAR CESAR ZAMA,CENTRO,-43.120974,-11.29686,67.73,10,1.22,Mantida Original (Inseguro para mover)
2014,BA,2933604,68,1074,PRÉDIO ESCOLAR LUIZ VIANA,CENTRO,-43.120974,-11.29686,67.73,10,1.22,1. Match ID Validado
2014,BA,2933604,68,1163,PRÉDIO ESCOLAR ANITA CARVALHO,CENTRO,-43.120974,-11.29686,67.73,10,1.22,1. Match ID Validado
2022,BA,2933604,68,1040,PRÉDIO ESCOLAR JOSÉ PETITINGA,CENTRO,-43.120974,-11.29686,67.73,9,0.393,Original (Não Aplicável)
2022,BA,2933604,68,1074,PRÉDIO ESCOLAR LUIZ VIANA,CENTRO,-43.120974,-11.29686,67.73,9,0.393,Original (Não Aplicável)
2022,BA,2933604,68,1163,PRÉDIO ESCOLAR ANITA CARVALHO,CENTRO,-43.120974,-11.29686,67.73,9,0.393,Original (Não Aplicável)
2024,BA,2933604,68,1040,PRÉDIO ESCOLAR JOSÉ PETITINGA,CENTRO,-43.120974,-11.29686,67.73,9,0.393,chave_exata_2022
2024,BA,2933604,68,1074,PRÉDIO ESCOLAR LUIZ VIANA,CENTRO,-43.120974,-11.29686,67.73,9,0.393,chave_exata_2022
2024,BA,2933604,68,1163,PRÉDIO ESCOLAR ANITA CARVALHO,CENTRO,-43.120974,-11.29686,67.73,9,0.393,chave_exata_2022
2006,BA,2933604,68,1040,PRÉDIO ESCOLAR JOSÉ PETITINGA,CENTRO,-43.120974,-11.29686,67.52,9,0.557,1. Match ID Validado
2006,BA,2933604,68,1058,PREDIO ESCOLAR CESAR ZAMA,CENTRO,-43.120974,-11.29686,67.52,9,0.557,Mantida Original (Inseguro para mover)
2006,BA,2933604,68,1074,PRÉDIO ESCOLAR LUIZ VIANA,CENTRO,-43.120974,-11.29686,67.52,9,0.557,1. Match ID Validado
2006,BA,2933604,68,1163,PRÉDIO ESCOLAR ANITA CARVALHO,CENTRO,-43.120974,-11.29686,67.52,9,0.557,1. Match ID Validado
2008,BA,2933604,68,1040,PRÉDIO ESCOLAR JOSÉ PETITINGA,CENTRO,-43.120974,-11.29686,67.52,9,0.557,1. Match ID Validado
2008,BA,2933604,68,1058,PREDIO ESCOLAR CESAR ZAMA,CENTRO,-43.120974,-11.29686,67.52,9,0.557,Mantida Original (Inseguro para mover)
2008,BA,2933604,68,1074,PRÉDIO ESCOLAR LUIZ VIANA,CENTRO,-43.120974,-11.29686,67.52,9,0.557,1. Match ID Validado
2008,BA,2933604,68,1163,PRÉDIO ESCOLAR ANITA CARVALHO,CENTRO,-43.120974,-11.29686,67.52,9,0.557,1. Match ID Validado
2016,BA,2933604,68,1040,PRÉDIO ESCOLAR JOSÉ PETITINGA,CENTRO,-43.120974,-11.29686,67.52,9,0.557,1. Match ID Validado
2016,BA,2933604,68,1058,PREDIO ESCOLAR CESAR ZAMA,CENTRO,-43.120974,-11.29686,67.52,9,0.557,Mantida Original (Inseguro para mover)
2016,BA,2933604,68,1074,PRÉDIO ESCOLAR LUIZ VIANA,CENTRO,-43.120974,-11.29686,67.52,9,0.557,1. Match ID Validado
2016,BA,2933604,68,1163,PRÉDIO ESCOLAR ANITA CARVALHO,CENTRO,-43.120974,-11.29686,67.52,9,0.557,1. Match ID Validado
2018,BA,2933604,68,1040,PRÉDIO ESCOLAR JOSÉ PETITINGA,CENTRO,-43.120974,-11.29686,67.52,9,0.557,1. Match ID Validado
2018,BA,2933604,68,1058,PREDIO ESCOLAR CESAR ZAMA,CENTRO,-43.120974,-11.29686,67.52,9,0.557,Mantida Original (Inseguro para mover)
2018,BA,2933604,68,1074,PRÉDIO ESCOLAR LUIZ VIANA,CENTRO,-43.120974,-11.29686,67.52,9,0.557,1. Match ID Validado
2018,BA,2933604,68,1163,PRÉDIO ESCOLAR ANITA CARVALHO,CENTRO,-43.120974,-11.29686,67.52,9,0.557,1. Match ID Validado
2020,BA,2933604,68,1040,PRÉDIO ESCOLAR JOSÉ PETITINGA,CENTRO,-43.120974,-11.29686,67.52,9,0.557,1. Match ID Validado
2020,BA,2933604,68,1163,PRÉDIO ESCOLAR ANITA CARVALHO,CENTRO,-43.120974,-11.29686,67.52,9,0.557,1. Match ID Validado
2020,BA,2933604,68,1058,PRÉDIO ESCOLAR CÉSAR ZAMA,CENTRO,-43.120974,-11.29686,67.52,9,0.557,Mantida Original (Inseguro para mover)
2020,BA,2933604,68,1074,PRÉDIO ESCOLAR LUIZ VIANA,CENTRO,-43.120974,-11.29686,67.52,9,0.557,1. Match ID Validado
2006,RS,4315305,36,1244,BIBLIOTECA PUBLICA MUNICIPAL,CENTRO,-55.76875,-30.386202,65.68,13,0.201,Mantida Original (Inseguro para mover)
2008,RS,4315305,36,1244,BIBLIOTECA PUBLICA MUNICIPAL,CENTRO,-55.76875,-30.386202,65.68,13,0.201,Mantida Original (Inseguro para mover)
2010,RS,4315305,36,1244,BIBLIOTECA PUBLICA MUNICIPAL,CENTRO,-55.76875,-30.386202,65.68,13,0.201,Mantida Original (Inseguro para mover)
2018,PA,0,65,1210,EEEIF CONEGO BATISTA CAMPOS,CENTRO,-48.6220825,-1.5037588,65.07,3,0.513,Resgatado do TSE (Base Eleitorado)
2006,RS,4318408,50,1490,E. M. E. F. MANOEL JOSE DOS SANTOS,CENTRO,-52.0350749,-30.4746655,64.78,5,0.061,geocode_v0.15 (propagada)
2008,RS,4318408,50,1490,E. M. E. F. MANOEL JOSE DOS SANTOS,CENTRO,-52.0350749,-30.4746655,64.78,5,0.061,geocode_v0.15 (propagada)
2010,RS,4318408,50,1490,E. M. E. F. MANOEL JOSE DOS SANTOS,CENTRO,-52.0350749,-30.4746655,64.78,5,0.061,geocode_v0.15 (propagada)
2012,RS,4318408,50,1490,E. M. E. F. MANOEL JOSE DOS SANTOS,CENTRO,-52.0350749,-30.4746655,64.78,5,0.061,geocode_v0.15 (propagada)
2014,RS,4318408,50,1490,E. M. E. F. MANOEL JOSE DOS SANTOS,CENTRO,-52.0350749,-30.4746655,64.78,5,0.061,geocode_v0.15 (propagada)
2016,RS,4318408,50,1490,E. M. E. F. MANOEL JOSE DOS SANTOS,CENTRO,-52.0350749,-30.4746655,64.78,4,0.33,geocode_v0.15 (propagada)
2006,PA,1500305,16,5500,EMEF BELKISS SANTOS,CENTRO,-50.9663314,-0.2360535,64.62,6,0.195,Mantida Original (Inseguro para mover)
2010,AP,1600709,8,1066,ESC EST LUCIANA RABELO LEITE,CENTRO,-50.47182625,1.12893535,64.6,3,0.278,1. Match ID Validado
2020,AP,1600709,8,1066,ESC EST LUCIANA RABELO LEITE,CENTRO,-50.47182625,1.12893535,64.6,3,0.238,1. Match ID Validado
2022,AP,1600709,8,1066,ESC EST LUCIANA RABELO LEITE,CENTRO,-50.47182625,1.12893535,64.6,3,0.238,Original (Não Aplicável)
2012,AP,1600709,8,1066,ESC EST LUCIANA RABELO LEITE,CENTRO,-50.47182625,1.12893535,64.59,4,0.432,1. Match ID Validado
2014,AP,1600709,8,1066,ESC EST LUCIANA RABELO LEITE,CENTRO,-50.47182625,1.12893535,64.59,4,0.432,1. Match ID Validado
2016,AP,1600709,8,1066,ESC EST LUCIANA RABELO LEITE,CENTRO,-50.47182625,1.12893535,64.59,4,0.432,1. Match ID Validado
2018,AP,1600709,8,1066,ESC EST LUCIANA RABELO LEITE,CENTRO,-50.47182625,1.12893535,64.59,4,0.432,1. Match ID Validado
2006,AM,1300706,14,1058,GRUPO ESCOLAR NOSSA SENHORA APARECIDA,CENTRO,-67.4840677,-9.3261682,64.44,9,0.295,Mantida Original (Inseguro para mover)
2008,AM,1300706,14,1058,GRUPO ESCOLAR NOSSA SENHORA APARECIDA,CENTRO,-67.4840677,-9.3261682,64.33,8,0.891,Mantida Original (Inseguro para mover)
2010,AM,1300706,14,1058,GRUPO ESCOLAR NOSSA SENHORA APARECIDA,CENTRO,-67.4840677,-9.3261682,64.33,7,0.193,Mantida Original (Inseguro para mover)
2012,AM,1300706,14,1058,GRUPO ESCOLAR NOSSA SENHORA APARECIDA,CENTRO,-67.4840677,-9.3261682,64.33,7,0.193,Mantida Original (Inseguro para mover)
2014,AM,1300706,14,1058,GRUPO ESCOLAR NOSSA SENHORA APARECIDA,CENTRO,-67.4840677,-9.3261682,64.31,5,0.246,Mantida Original (Inseguro para mover)
2006,DF,5300108,4,1465,ESCOLA CLASSE 03,SETOR LESTE,-47.645878,-15.615077,62.67,8,0.943,Mantida Original (Inseguro para mover)
2008,DF,5300108,4,1465,ESCOLA CLASSE 03,SETOR LESTE,-47.645878,-15.615077,62.67,8,0.943,Mantida Original (Inseguro para mover)
2006,CE,2304707,25,1341,E.E.F. ESMERINO ARRUDA FILHO,PARAZINHO,-41.20928221,-3.23424055,61.84,3,0.719,geocode_v0.15 (propagada)
2008,CE,2304707,25,1341,E.E.F. ESMERINO ARRUDA FILHO,PARAZINHO,-41.20928221,-3.23424055,61.84,3,0.719,geocode_v0.15 (propagada)
2010,CE,2304707,25,1341,E.E.F. ESMERINO ARRUDA FILHO,PARAZINHO,-41.20928221,-3.23424055,61.84,3,0.719,geocode_v0.15 (propagada)
2012,CE,2304707,25,1341,E.E.F. ESMERINO ARRUDA FILHO,PARAZINHO,-41.20928221,-3.23424055,61.84,3,0.719,geocode_v0.15 (propagada)
2008,CE,2312908,121,1554,CAGECE,TAPERUABA,-40.345523,-3.706185,60.99,6,0.399,Mantida Original (Inseguro para mover)
2006,CE,2312908,121,1554,CAGECE,TAPERUABA,-40.345523,-3.706185,60.61,8,0.743,Mantida Original (Inseguro para mover)
2006,RS,4304507,14,1708,ASSOCIACAO DOS PRODUTORES DO PASSO DA AREIA,4 DISTRITO,-52.3162483333333,-30.9510425,60.42,13,0.0,Mantida Original (Inseguro para mover)
2008,RS,4304507,14,1708,ASSOCIACAO DOS PRODUTORES DO PASSO DA AREIA,4 DISTRITO,-52.3162483333333,-30.9510425,60.42,14,0.0,Mantida Original (Inseguro para mover)
2010,RS,4304507,14,1708,ASSOCIACAO DOS PRODUTORES DO PASSO DA AREIA,4 DISTRITO,-52.3162483333333,-30.9510425,60.42,15,0.0,Mantida Original (Inseguro para mover)
2012,RS,4304507,14,1708,ASSOCIACAO DOS PRODUTORES DO PASSO DA AREIA,4 DISTRITO,-52.3162483333333,-30.9510425,60.42,16,0.0,Mantida Original (Inseguro para mover)
2006,RR,1400100,1,1562,RODOVIARIA INTERNACIONAL DE BOA VISTA,TREZE DE SETEMBRO,-60.5663417,3.3210096,59.62,7,0.262,geocode_v0.15 (propagada)
2010,BA,2933307,40,2240,ESCOLA MUNICIPAL JOSÉ MAXIMILIANO FERNANDES,DISTRITO CABECEIRA DA JIBÓIA,-40.6758933,-14.5622529,59.33,3,0.0,geocode_v0.15 (propagada)
2006,MA,2112605,73,1279,CENTRO DE CONVIVENCIA WALDEMIRO ANDRADE,CENTRO,-43.3591824,-3.7340744,59.12,9,0.688,geocode_v0.15 (propagada)
2008,MA,2112605,73,1279,CENTRO DE CONVIVENCIA WALDEMIRO ANDRADE,CENTRO,-43.3591824,-3.7340744,59.12,9,0.688,geocode_v0.15 (propagada)
2010,MA,2112605,73,1279,CENTRO DE CONVIVENCIA WALDEMIRO ANDRADE,CENTRO,-43.3591824,-3.7340744,59.12,9,0.688,geocode_v0.15 (propagada)
2012,MA,2112605,73,1279,CENTRO DE CONVIVENCIA WALDEMIRO ANDRADE,CENTRO,-43.3591824,-3.7340744,59.12,9,0.688,geocode_v0.15 (propagada)
2014,MA,2112605,73,1279,CENTRO DE CONVIVENCIA WALDEMIRO ANDRADE,CENTRO,-43.3591824,-3.7340744,59.12,9,0.688,geocode_v0.15 (propagada)
2006,PA,1504802,19,1031,CAMARA MUNICIPAL,CIDADE ALTA,-53.9168527,-1.4926741,59.03,8,0.199,geocode_v0.15 (propagada)
2008,PA,1504802,19,1031,CAMARA MUNICIPAL,CIDADE ALTA,-53.9168527,-1.4926741,59.03,8,0.199,geocode_v0.15 (propagada)
2010,PA,1504802,19,1031,CAMARA MUNICIPAL,CIDADE ALTA,-53.9168527,-1.4926741,59.03,6,0.199,geocode_v0.15 (propagada)
2012,PA,1504802,19,1031,CAMARA MUNICIPAL,CIDADE ALTA,-53.9168527,-1.4926741,59.03,5,0.134,geocode_v0.15 (propagada)
2014,PA,1504802,19,1031,CAMARA MUNICIPAL,CIDADE ALTA,-53.9168527,-1.4926741,59.01,4,0.073,geocode_v0.15 (propagada)
2016,PA,1504802,19,1031,CAMARA MUNICIPAL,CIDADE ALTA,-53.9168527,-1.4926741,59.01,4,0.073,geocode_v0.15 (propagada)
2018,PA,1504802,19,1031,CAMARA MUNICIPAL,CIDADE ALTA,-53.9168527,-1.4926741,59.01,4,0.073,geocode_v0.15 (propagada)
2006,CE,2308708,47,1643,ESCOLA MUNICIPAL MANUEL DE SOUSA FALCAO,ARUARU,-38.53917148,-5.07907172,58.9,8,0.596,geocode_v0.15 (propagada)
2010,RO,1100114,10,1112,CEPLAC,CENTRO,-62.4722617498814,-10.44346030436,58.43,3,0.0,Mantida Original (Inseguro para mover)
2006,MT,5107776,16,1040,ESCOLA MUNICIPAL COMUNIDADE LAGO GRANDE,CENTRO,-50.29574183,-9.99536237,58.06,5,0.498,1. Match ID Validado
2008,MT,5107776,16,1040,ESCOLA MUNICIPAL COMUNIDADE LAGO GRANDE,CENTRO,-50.29574183,-9.99536237,58.06,5,0.498,1. Match ID Validado
2006,PA,1506807,20,3999,EMEF MARIA DO ROSARIO NUNES,PLANALTO,-54.2336143,-2.4722879,58.05,21,0.019,Mantida Original (Inseguro para mover)
2006,PA,1506807,20,4227,EMEF SANTA RITA DE CASSIA,PLANALTO,-54.2336143,-2.4722879,58.05,21,0.019,Mantida Original (Inseguro para mover)
2010,MT,5107776,16,1040,ESCOLA MUNICIPAL COMUNIDADE LAGO GRANDE,CENTRO,-50.29574183,-9.99536237,57.54,4,0.533,1. Match ID Validado
2012,MT,5107925,43,1082,ESCOLA MUNICIPAL CARAVAGIO,CENTRO,-55.42773002,-12.97722563,56.78,3,1.206,geocode_v0.15 (propagada)
2014,MT,5107925,43,1082,ESCOLA MUNICIPAL CARAVAGIO,CENTRO,-55.42773002,-12.97722563,56.78,3,1.206,geocode_v0.15 (propagada)
2006,GO,5205109,8,1570,LOJA MACONICA JOSE MARCELINO DA SILVA,NOSSA SENHORA DE FATIMA,-47.466455,-17.94708548,56.43,7,0.408,geocode_v0.15 (propagada)
2010,GO,5205109,8,1570,LOJA MACONICA JOSE MARCELINO DA SILVA,NOSSA SENHORA DE FATIMA,-47.466455,-17.94708548,56.43,6,0.408,geocode_v0.15 (propagada)
2006,RO,1100114,10,1104,CENTRO DE ENSINO SUPLETIVO,CENTRO,-62.8012945180143,-10.8568954212783,56.37,3,0.238,Mantida Original (Inseguro para mover)
2008,RO,1100114,10,1104,CENTRO DE ENSINO SUPLETIVO,CENTRO,-62.8012945180143,-10.8568954212783,56.37,3,0.238,Mantida Original (Inseguro para mover)
2006,RO,1100114,10,1112,CEPLAC,CENTRO,-62.4722617498814,-10.44346030436,56.36,3,0.234,Mantida Original (Inseguro para mover)
2008,RO,1100114,10,1112,CEPLAC,CENTRO,-62.4722617498814,-10.44346030436,56.36,3,0.234,Mantida Original (Inseguro para mover)
2008,GO,5205109,8,1570,LOJA MACONICA JOSE MARCELINO DA SILVA,NOSSA SENHORA DE FATIMA,-47.466455,-17.94708548,56.33,7,0.383,geocode_v0.15 (propagada)
2006,MT,5101803,47,1031,ESCOLA MUNICIPAL I GRAU 'CASTRO ALVES',CENTRO,-52.202258,-15.385793,56.31,16,1.395,geocode_v0.15 (propagada)
2006,BA,2907202,66,1023,GRUPO ESCOLAR CONS. LUIZ VIANA,CENTRO,-41.242956,-8.744711,56.2,11,0.625,1. Match ID Validado
2008,BA,2907202,66,1023,GRUPO ESCOLAR CONS. LUIZ VIANA,CENTRO,-41.242956,-8.744711,56.2,11,0.625,1. Match ID Validado
2010,BA,2907202,66,1023,GRUPO ESCOLAR CONS. LUIZ VIANA,CENTRO,-41.242956,-8.744711,56.2,13,0.608,1. Match ID Validado
2012,BA,2907202,66,1023,GRUPO ESCOLAR CONS. LUIZ VIANA,CENTRO,-41.242956,-8.744711,56.2,13,0.608,1. Match ID Validado
2014,BA,2907202,66,1023,GRUPO ESCOLAR CONS. LUIZ VIANA,CENTRO,-41.242956,-8.744711,56.2,12,0.625,1. Match ID Validado
2016,BA,2907202,66,1023,GRUPO ESCOLAR CONS. LUIZ VIANA,CENTRO,-41.242956,-8.744711,56.2,11,0.625,1. Match ID Validado
2018,BA,2907202,66,1023,GRUPO ESCOLAR CONS. LUIZ VIANA,CENTRO,-41.242956,-8.744711,56.2,11,0.625,1. Match ID Validado
2020,BA,2907202,66,1023,GRUPO ESCOLAR CONS. LUIZ VIANA,CENTRO,-41.242956,-8.744711,56.2,10,0.625,1. Match ID Validado
2022,BA,2907202,66,1023,GRUPO ESCOLAR CONS. LUIZ VIANA,CENTRO,-41.242956,-8.744711,56.2,10,0.625,Original (Não Aplicável)
2024,BA,2907202,66,1023,GRUPO ESCOLAR CONS. LUIZ VIANA,CENTRO,-41.242956,-8.744711,56.2,10,0.625,chave_exata_2022
2006,RO,1100114,27,1031,SEC. MUNIC. DE EDUCACAO - SEMED,CENTRO,-62.4656859423009,-10.4397029560854,56.16,3,0.234,Mantida Original (Inseguro para mover)
2006,RO,1100114,10,1066,CAMARA MUNICIPAL,CENTRO,-62.8012945180143,-10.8568954212783,56.16,3,0.238,Mantida Original (Inseguro para mover)
2008,RO,1100114,27,1031,SEC. MUNIC. DE EDUCACAO - SEMED,CENTRO,-62.4656859423009,-10.4397029560854,56.16,3,0.234,Mantida Original (Inseguro para mover)
2008,RO,1100114,10,1066,CAMARA MUNICIPAL,CENTRO,-62.8012945180143,-10.8568954212783,56.16,3,0.238,Mantida Original (Inseguro para mover)
2012,PA,1500305,16,5500,EMEF BELKISS SANTOS,CENTRO,-50.8232371,-0.4109294,55.8,7,0.21,geocode_v0.15 (propagada)
2006,RS,4322400,57,1520,COLEGIO DE PLANO ALTO,CENTRO,-56.519789,-29.767797,54.84,26,0.531,geocode_v0.15 (propagada)
2008,RS,4322400,57,1520,COLEGIO DE PLANO ALTO,CENTRO,-56.519789,-29.767797,54.84,25,0.531,geocode_v0.15 (propagada)
2006,RJ,3304557,166,1147,UNIVERSIDADE SANTA URSULA,BOTAFOGO,-43.7082164,-22.9033479,53.68,23,0.741,geocode_v0.15 (propagada)
2008,RJ,3304557,166,1147,UNIVERSIDADE SANTA URSULA,BOTAFOGO,-43.7082164,-22.9033479,53.68,22,0.741,geocode_v0.15 (propagada)
2006,BA,2904506,94,1031,GRUPO ESCOLAR JOAO PAULO II,CENTRO,-42.2928995,-12.345272,53.02,4,0.066,1. Match ID Validado
2008,BA,2904506,94,1031,GRUPO ESCOLAR JOAO PAULO II,CENTRO,-42.2928995,-12.345272,53.02,4,0.066,1. Match ID Validado
2010,BA,2904506,94,1031,GRUPO ESCOLAR JOAO PAULO II,CENTRO,-42.2928995,-12.345272,53.02,4,0.066,1. Match ID Validado
2012,BA,2904506,94,1031,GRUPO ESCOLAR JOAO PAULO II,CENTRO,-42.2928995,-12.345272,53.02,4,0.066,1. Match ID Validado
2014,BA,2904506,94,1031,GRUPO ESCOLAR JOAO PAULO II,CENTRO,-42.2928995,-12.345272,53.02,4,0.066,1. Match ID Validado
2016,BA,2904506,94,1031,GRUPO ESCOLAR JOAO PAULO II,CENTRO,-42.2928995,-12.345272,53.02,4,0.066,1. Match ID Validado
2018,BA,2904506,94,1031,GRUPO ESCOLAR JOAO PAULO II,CENTRO,-42.2928995,-12.345272,53.02,4,0.066,1. Match ID Validado
2020,BA,2904506,94,1031,GRUPO ESCOLAR JOAO PAULO II,CENTRO,-42.2928995,-12.345272,53.02,4,0.066,1. Match ID Validado
2022,BA,2904506,94,1031,GRUPO ESCOLAR JOAO PAULO II,CENTRO,-42.2928995,-12.345272,53.02,3,0.066,Original (Não Aplicável)
2024,BA,2904506,94,1031,GRUPO ESCOLAR JOAO PAULO II,CENTRO,-42.2928995,-12.345272,53.02,3,0.066,chave_exata_2022
2024,MT,5105507,25,1120,ESCOLA MUNICIPAL DUQUE DE CAXIAS -PALMARITO,CENTRO,-60.21528033,-15.40438589,52.98,11,0.796,chave_exata_2022
2012,MT,5105507,25,1120,ESCOLA MUNICIPAL DUQUE DE CAXIAS -PALMARITO,CENTRO,-60.21528033,-15.40438589,52.92,14,0.624,1. Match ID Validado
2014,MT,5105507,25,1120,ESCOLA MUNICIPAL DUQUE DE CAXIAS -PALMARITO,CENTRO,-60.21528033,-15.40438589,52.92,14,0.624,1. Match ID Validado
2016,MT,5105507,25,1120,ESCOLA MUNICIPAL DUQUE DE CAXIAS -PALMARITO,CENTRO,-60.21528033,-15.40438589,52.92,14,0.624,1. Match ID Validado
2018,MT,5105507,25,1120,ESCOLA MUNICIPAL DUQUE DE CAXIAS -PALMARITO,CENTRO,-60.21528033,-15.40438589,52.92,14,0.624,1. Match ID Validado
2020,MT,5105507,25,1120,ESCOLA MUNICIPAL DUQUE DE CAXIAS -PALMARITO,CENTRO,-60.21528033,-15.40438589,52.92,13,0.624,1. Match ID Validado
2022,MT,5105507,25,1120,ESCOLA MUNICIPAL DUQUE DE CAXIAS -PALMARITO,CENTRO,-60.21528033,-15.40438589,52.92,12,0.624,Original (Não Aplicável)
2006,MT,5105507,25,1120,ESCOLA MUNICIPAL DUQUE DE CAXIAS -PALMARITO,CENTRO,-60.21528033,-15.40438589,52.68,14,0.476,1. Match ID Validado
2008,MT,5105507,25,1120,ESCOLA MUNICIPAL DUQUE DE CAXIAS -PALMARITO,CENTRO,-60.21528033,-15.40438589,52.68,14,0.476,1. Match ID Validado
2010,MT,5105507,25,1120,ESCOLA MUNICIPAL DUQUE DE CAXIAS -PALMARITO,CENTRO,-60.21528033,-15.40438589,52.68,15,0.436,1. Match ID Validado
2008,RJ,3304557,164,1082,INSTITUTO NOSSA SENHORA DO MONTE CALVARIO,SANTA TERESA,-43.700376,-22.9216051,52.17,6,1.876,geocode_v0.15 (propagada)
2010,RJ,3304557,164,1082,INSTITUTO NOSSA SENHORA DO MONTE CALVARIO,SANTA TERESA,-43.700376,-22.9216051,52.17,6,1.876,geocode_v0.15 (propagada)
2012,RJ,3304557,164,1082,INSTITUTO NOSSA SENHORA DO MONTE CALVARIO,SANTA TERESA,-43.700376,-22.9216051,52.17,6,1.876,geocode_v0.15 (propagada)
2014,RJ,3304557,164,1082,INSTITUTO NOSSA SENHORA DO MONTE CALVARIO,SANTA TERESA,-43.700376,-22.9216051,52.17,6,1.876,geocode_v0.15 (propagada)
2010,AM,1300607,20,1155,E. M. INDÍGENA MARECHAL RONDON,ZONA RURAL INDÍGENA,-69.53764631,-4.29683535,51.5,3,0.753,1. Match ID Validado
2024,BA,2923001,35,1350,ESCOLA MUNICIPAL ABEL DIAS DE MELO,CENTRO,-39.8587138,-17.8929057,51.49,3,0.117,chave_exata_2022
2020,BA,2923001,35,1350,ESCOLA MUNICIPAL ABEL DIAS DE MELO,CENTRO,-39.8584504,-17.8925985,51.47,3,0.094,1. Match ID Validado
2022,BA,2923001,35,1350,ESCOLA MUNICIPAL ABEL DIAS DE MELO,CENTRO,-39.8584504,-17.8925985,51.47,3,0.094,Original (Não Aplicável)
2006,RJ,3304557,204,1155,FUNLAR,CENTRO,-43.6863167,-22.9552709,51.16,24,0.653,geocode_v0.15 (propagada)
2008,RJ,3304557,204,1155,FUNLAR,CENTRO,-43.6863167,-22.9552709,51.16,24,0.653,geocode_v0.15 (propagada)
2010,RJ,3304557,204,1155,CIAD (ANTIGA FUNLAR),CENTRO,-43.6863167,-22.9552709,51.16,24,0.653,geocode_v0.15 (propagada)
2012,RJ,3304557,204,1155,CIAD (ANTIGA FUNLAR),CENTRO,-43.6863167,-22.9552709,51.1,25,0.937,geocode_v0.15 (propagada)
2008,RR,1400456,7,1015,ESCOLA ESTADUAL INDIGENA TUCHAUA SILVESTRE MESSIAS,CENTRO,-60.7906889,4.1927186,50.84,3,0.421,1. Match ID Validado
2010,RR,1400456,7,1015,ESCOLA ESTADUAL INDIGENA TUCHAUA SILVESTRE MESSIAS,CENTRO,-60.7906889,4.1927186,50.84,3,0.421,1. Match ID Validado
2012,RR,1400456,7,1015,ESCOLA ESTADUAL INDIGENA TUCHAUA SILVESTRE MESSIAS,CENTRO,-60.7906889,4.1927186,50.84,3,0.421,1. Match ID Validado
2014,RR,1400456,7,1015,ESCOLA ESTADUAL INDIGENA TUCHAUA SILVESTRE MESSIAS,CENTRO,-60.7906889,4.1927186,50.84,3,0.421,1. Match ID Validado
2006,DF,5300108,17,1171,CENTRO DE ENSINO FUNDAMENTAL 09,GAMA,-47.792986,-15.657842,50.83,4,0.5,Mantida Original (Inseguro para mover)
2006,RR,1400456,3,1015,PADRE JOSE DE ANCHIETA E.,CENTRO,-60.7908768,4.1928332,50.82,3,0.421,geocode_v0.15 (propagada)
2006,PE,2609907,82,1538,ESCOLA MUNICIPAL ULISSES GUIMARAES,CENTRO,-40.52476787,-8.01422374,50.79,8,0.378,geocode_v0.15 (propagada)
2008,PE,2609907,82,1538,ESCOLA MUNICIPAL ULISSES GUIMARAES,CENTRO,-40.52476787,-8.01422374,50.79,8,0.378,geocode_v0.15 (propagada)
2010,PE,2609907,82,1538,ESCOLA MUNICIPAL ULISSES GUIMARAES,CENTRO,-40.52476787,-8.01422374,50.79,8,0.384,geocode_v0.15 (propagada)
2012,PE,2609907,82,1538,ESCOLA MUNICIPAL ULISSES GUIMARAES,CENTRO,-40.52476787,-8.01422374,50.79,8,0.384,geocode_v0.15 (propagada)
2014,PE,2609907,82,1538,ANEXO DA ESCOLA MUNICIPAL ULISSES GUIMARAES,CENTRO,-40.52476787,-8.01422374,50.79,8,0.384,geocode_v0.15 (propagada)
2016,PE,2609907,82,1538,ANEXO DA ESCOLA MUNICIPAL ULISSES GUIMARAES,CENTRO,-40.52476787,-8.01422374,50.79,8,0.384,geocode_v0.15 (propagada)
2024,RR,1400456,7,1015,ESCOLA ESTADUAL INDIGENA TUCHAUA SILVESTRE MESSIAS,CENTRO,-60.7909002,4.1927469,50.75,3,0.024,chave_exata_2022
2016,RR,1400456,7,1015,ESCOLA ESTADUAL INDIGENA TUCHAUA SILVESTRE MESSIAS,CENTRO,-60.7906889,4.1927186,50.46,4,0.955,1. Match ID Validado
2018,RR,1400456,7,1015,ESCOLA ESTADUAL INDIGENA TUCHAUA SILVESTRE MESSIAS,CENTRO,-60.7906889,4.1927186,50.46,4,0.955,1. Match ID Validado
2020,RR,1400456,7,1015,ESCOLA ESTADUAL INDIGENA TUCHAUA SILVESTRE MESSIAS,CENTRO,-60.7906889,4.1927186,50.46,4,0.955,1. Match ID Validado
2022,RR,1400456,7,1015,ESCOLA ESTADUAL INDIGENA TUCHAUA SILVESTRE MESSIAS,CENTRO,-60.7906889,4.1927186,50.46,4,0.955,Original (Não Aplicável)
2006,RR,1400100,1,2674,BOAS NOVAS E.E.P.G.,CENTRO,-60.6731417,3.271184,50.37,13,0.544,geocode_v0.15 (propagada)
2008,RR,1400100,1,2674,BOAS NOVAS E.E.P.G.,CENTRO,-60.6731417,3.271184,50.37,12,0.544,geocode_v0.15 (propagada)
2010,RR,1400100,1,2674,BOAS NOVAS E.E.P.G.,CENTRO,-60.6731417,3.271184,50.37,12,0.544,geocode_v0.15 (propagada)
2012,RR,1400100,1,2674,BOAS NOVAS E.E.P.G.,CENTRO,-60.6731417,3.271184,50.37,13,0.544,geocode_v0.15 (propagada)
2006,AP,1600204,3,1031,ESCOLA MUNICIPAL DE CARNOT,CENTRO,-51.36141634,2.69450855,50.0,5,0.892,geocode_v0.15 (propagada)
2008,AP,1600204,3,1031,ESCOLA ESTADUAL IVANILDO FORTE RIBEIRO,CENTRO,-51.36141634,2.69450855,50.0,4,0.892,geocode_v0.15 (propagada)
2012,RJ,3304557,16,5582,COLEGIO SANTA URSULA,LARANJEIRAS,-43.6718677,-22.9044893,49.76,11,0.715,geocode_v0.15 (propagada)
2006,BA,2911303,197,1015,PREDIO ESCOLAR MUNICIPAL LUIZ VIANA FILHO,CENTRO,-42.73501,-11.046897,49.33,3,0.0,2. Match Núcleo+Bairro
2008,BA,2911303,197,1015,PREDIO ESCOLAR MUNICIPAL LUIZ VIANA FILHO,CENTRO,-42.73501,-11.046897,49.33,3,0.0,2. Match Núcleo+Bairro
2010,BA,2911303,197,1015,PREDIO ESCOLAR MUNICIPAL LUIZ VIANA FILHO,CENTRO,-42.73501,-11.046897,49.33,3,0.0,2. Match Núcleo+Bairro
2012,BA,2911303,197,1015,PREDIO ESCOLAR MUNICIPAL LUIZ VIANA FILHO,CENTRO,-42.73501,-11.046897,49.33,3,0.0,2. Match Núcleo+Bairro
2014,BA,2911303,197,1015,PREDIO ESCOLAR MUNICIPAL LUIZ VIANA FILHO,CENTRO,-42.73501,-11.046897,49.33,4,0.395,2. Match Núcleo+Bairro
2016,BA,2911303,68,1015,PREDIO ESCOLAR MUNICIPAL LUIZ VIANA FILHO,CENTRO,-42.73501,-11.046897,49.33,4,0.395,1. Match ID Validado
2018,BA,2911303,68,1015,PREDIO ESCOLAR MUNICIPAL LUIZ VIANA FILHO,CENTRO,-42.73501,-11.046897,49.33,4,0.395,1. Match ID Validado
2012,RJ,3304557,204,1139,ESCOLA PÚBLICA DE TRÂNSITO,CENTRO,-43.6709131,-22.914919,49.26,25,0.937,geocode_v0.15 (propagada)
2014,RJ,3304557,204,1139,ESCOLA PÚBLICA DE TRÂNSITO,CENTRO,-43.6709131,-22.914919,49.26,20,0.787,geocode_v0.15 (propagada)
2020,BA,2911303,68,1015,PREDIO ESCOLAR MUNICIPAL LUIZ VIANA FILHO,CENTRO,-42.73501,-11.046897,49.26,3,0.395,1. Match ID Validado
2022,BA,2911303,68,1015,PREDIO ESCOLAR MUNICIPAL LUIZ VIANA FILHO,CENTRO,-42.73501,-11.046897,49.26,3,0.395,Original (Não Aplicável)
2024,BA,2911303,68,1015,PREDIO ESCOLAR MUNICIPAL LUIZ VIANA FILHO,CENTRO,-42.73501,-11.046897,49.26,3,0.395,chave_exata_2022
2008,RS,4315404,140,1082,ESCOLA MUNICIPAL CACIQUE TOME,CENTRO,-53.353928,-27.305711,48.76,7,0.138,geocode_v0.15 (propagada)
2010,RS,4315404,140,1082,ESCOLA MUNICIPAL CACIQUE TOME,CENTRO,-53.353928,-27.305711,48.76,7,0.138,geocode_v0.15 (propagada)
2006,DF,5300108,2,1384,CENTRO DE ENSINO FUNDAMENTAL SAO JOSE,SAO SEBASTIAO,-47.373727,-15.704095,48.19,11,1.67,Mantida Original (Inseguro para mover)
2006,PA,1500404,21,1040,SEDE DO UNIAO ESPORTIVA,CENTRO,-54.4944129,-1.6012552,47.94,6,0.134,geocode_v0.15 (propagada)
2008,PA,1500404,21,1040,SEDE DO UNIAO ESPORTIVA,CENTRO,-54.4944129,-1.6012552,47.94,6,0.134,geocode_v0.15 (propagada)
2006,BA,2905206,63,1791,ESCOLA MUNICIPAL MEM DE SA,DISTRITO DE MANIAÇU,-42.471706,-13.749999,47.71,5,0.0,1. Match ID Validado
2006,CE,2305605,39,1562,ESCOLA EDGAR RODRIGUES DE LOIOLA,IAPI,-40.4675258,-5.7945287,47.63,3,1.647,geocode_v0.15 (propagada)
2008,CE,2305605,39,1562,ESCOLA EDGAR RODRIGUES DE LOIOLA,IAPI,-40.4675258,-5.7945287,47.63,3,1.647,geocode_v0.15 (propagada)
2010,CE,2305605,39,1562,ESCOLA EDGAR RODRIGUES DE LOIOLA,IAPI,-40.4675258,-5.7945287,47.63,3,1.647,geocode_v0.15 (propagada)
2006,RJ,3304557,229,1104,CLUBE BRADESCO,RIO COMPRIDO,-43.6718677,-22.9044893,47.29,12,0.402,geocode_v0.15 (propagada)
2008,RJ,3304557,229,1104,CLUBE BRADESCO,RIO COMPRIDO,-43.6718677,-22.9044893,47.29,12,0.402,geocode_v0.15 (propagada)
2010,AP,1600709,8,1155,ESC EST SANTA FE DO FLORESTAL,CENTRO,-50.8928987,1.08565998,47.05,3,0.278,geocode_v0.15 (propagada)
2012,AP,1600709,8,1155,ESC EST SANTA FE DO FLORESTAL,CENTRO,-50.8928987,1.08565998,47.05,4,0.278,geocode_v0.15 (propagada)
2014,AP,1600709,8,1155,ESC EST SANTA FE DO FLORESTAL,CENTRO,-50.8928987,1.08565998,47.05,4,0.278,geocode_v0.15 (propagada)
2016,AP,1600709,8,1155,ESC EST SANTA FE DO FLORESTAL,CENTRO,-50.8928987,1.08565998,47.05,4,0.278,geocode_v0.15 (propagada)
2018,AP,1600709,8,1155,ESC EST SANTA FE DO FLORESTAL,CENTRO,-50.8928987,1.08565998,47.05,4,0.278,Mantida Original (Inseguro para mover)
2014,RS,4306601,18,1260,E. E. RIZOLETA DE QUADROS,INTERIOR DO MUNICÍPIO,-54.184501,-31.022919,46.15,6,0.793,geocode_v0.15 (propagada)
2016,RS,4306601,18,1260,E. E. RIZOLETA DE QUADROS,INTERIOR DO MUNICÍPIO,-54.184501,-31.022919,46.15,5,0.0,geocode_v0.15 (propagada)
2006,RS,4302808,9,1430,CAPELA SAO JUDAS TADEU,CENTRO,-53.137177,-30.782028,44.97,32,1.705,geocode_v0.15 (propagada)
2008,RS,4302808,9,1430,CAPELA SAO JUDAS TADEU,CENTRO,-53.137177,-30.782028,44.97,31,1.705,geocode_v0.15 (propagada)
2010,RS,4302808,9,1430,CAPELA SAO JUDAS TADEU,CENTRO,-53.137177,-30.782028,44.97,31,1.705,geocode_v0.15 (propagada)
2012,RS,4302808,9,1430,CAPELA SAO JUDAS TADEU,CENTRO,-53.137177,-30.782028,44.97,29,1.705,geocode_v0.15 (propagada)
2022,MT,5105507,25,1112,ESCOLA MUNICIPAL SAO SEBASTIAO,CENTRO,-59.84328039,-15.39209187,44.8,12,0.796,Original (Não Aplicável)
2006,RJ,3304557,211,1058,ESCOLA LUIZ DELFINO,GAVEA,-43.6706503,-22.9767826,44.75,11,0.835,geocode_v0.15 (propagada)
2008,RJ,3304557,211,1058,ESCOLA LUIZ DELFINO,GAVEA,-43.6706503,-22.9767826,44.75,11,0.835,geocode_v0.15 (propagada)
2010,RJ,3304557,211,1058,ESCOLA LUIZ DELFINO,GAVEA,-43.6706503,-22.9767826,44.75,11,0.835,geocode_v0.15 (propagada)
2012,RJ,3304557,211,1058,ESCOLA LUIZ DELFINO,GAVEA,-43.6706503,-22.9767826,44.75,11,0.835,geocode_v0.15 (propagada)
2014,RJ,3304557,211,1058,ESCOLA LUIZ DELFINO,GAVEA,-43.6706503,-22.9767826,44.75,11,0.835,geocode_v0.15 (propagada)
2016,RJ,3304557,211,1058,ESCOLA MUNICIPAL LUIZ DELFINO,GAVEA,-43.6706503,-22.9767826,44.75,11,0.835,geocode_v0.15 (propagada)
2024,MG,3159803,308,1163,ESCOLA CHAVESLANDIA,CENTRO,-50.493005,-19.0421306,44.72,12,0.58,chave_exata_2022
2024,MT,5105507,25,1112,ESCOLA MUNICIPAL SAO SEBASTIAO,CENTRO,-59.84328039,-15.39209187,44.67,11,0.891,chave_exata_2022
2020,MT,5105507,25,1112,ESCOLA MUNICIPAL SAO SEBASTIAO,CENTRO,-59.84328039,-15.39209187,44.6,13,0.624,1. Match ID Validado
2006,MT,5105507,25,1112,ESCOLA MUNICIPAL SAO SEBASTIAO,CENTRO,-59.84328039,-15.39209187,44.53,14,0.476,1. Match ID Validado
2008,MT,5105507,25,1112,ESCOLA MUNICIPAL SAO SEBASTIAO,CENTRO,-59.84328039,-15.39209187,44.53,14,0.476,1. Match ID Validado
2010,MT,5105507,25,1112,ESCOLA MUNICIPAL SAO SEBASTIAO,CENTRO,-59.84328039,-15.39209187,44.53,15,0.436,1. Match ID Validado
2012,MT,5105507,25,1112,ESCOLA MUNICIPAL SAO SEBASTIAO,CENTRO,-59.84328039,-15.39209187,44.53,14,0.859,1. Match ID Validado
2014,MT,5105507,25,1112,ESCOLA MUNICIPAL SAO SEBASTIAO,CENTRO,-59.84328039,-15.39209187,44.53,14,0.859,1. Match ID Validado
2016,MT,5105507,25,1112,ESCOLA MUNICIPAL SAO SEBASTIAO,CENTRO,-59.84328039,-15.39209187,44.53,14,0.859,1. Match ID Validado
2018,MT,5105507,25,1112,ESCOLA MUNICIPAL SAO SEBASTIAO,CENTRO,-59.84328039,-15.39209187,44.53,14,0.859,1. Match ID Validado
2024,BA,2910602,21,1066,COLÉGIO ESTADUAL DE TEMPO INTEGRAL PROFª JOANICE BACELAR BATISTA,CENTRO,-37.692941,-12.103601,44.37,3,1.97,chave_exata_2022
2006,MG,3159803,308,1163,ESCOLA CHAVESLANDIA,CENTRO,-50.493005,-19.0421306,44.32,10,0.539,geocode_v0.15 (propagada)
2008,MG,3159803,308,1163,ESCOLA CHAVESLANDIA,CENTRO,-50.493005,-19.0421306,44.32,12,0.539,geocode_v0.15 (propagada)
2010,MG,3159803,308,1163,ESCOLA CHAVESLANDIA,CENTRO,-50.493005,-19.0421306,44.32,12,0.539,geocode_v0.15 (propagada)
2012,MG,3159803,308,1163,ESCOLA CHAVESLANDIA,CENTRO,-50.493005,-19.0421306,44.32,12,0.539,geocode_v0.15 (propagada)
2014,MG,3159803,308,1163,ESCOLA CHAVESLANDIA,CENTRO,-50.493005,-19.0421306,44.32,12,0.539,geocode_v0.15 (propagada)
2016,MG,3159803,308,1163,ESCOLA CHAVESLANDIA,CENTRO,-50.493005,-19.0421306,44.32,12,0.539,geocode_v0.15 (propagada)
2018,MG,3159803,308,1163,ESCOLA CHAVESLANDIA,CENTRO,-50.493005,-19.0421306,44.32,12,0.539,geocode_v0.15 (propagada)
2020,MG,3159803,308,1163,ESCOLA CHAVESLANDIA,CENTRO,-50.493005,-19.0421306,44.32,12,0.539,geocode_v0.15 (propagada)
2022,MG,3159803,308,1163,ESCOLA CHAVESLANDIA,CENTRO,-50.493005,-19.0421306,44.32,12,0.539,geocode_v0.15 (propagada)
2006,MA,2110005,70,1260,UNIDADE ESCOLAR ALUIZIO AZEVEDO,CENTRO - ZONA URBANA,-46.008152,-4.16049,44.23,9,0.703,Mantida Original (Inseguro para mover)
2024,BA,2924405,195,2119,CRECHE MUNICIPAL ANTONIO PORFÍRIO,CENTRO,-42.4859752,-10.3954209,44.09,14,0.377,geocode_v0.15 (propagada)
2014,AM,1303106,28,1015,ESCOLA ESTADUAL NOSSA SENHORA DE NAZARE,CENTRO,-58.698738,-3.851591,44.06,3,0.432,
2006,MT,5107909,22,1309,ESCOLA MUNICIPAL NUCLEO CAMPOS NOVOS,CENTRO,-55.69307233,-11.49831552,43.94,4,0.942,geocode_v0.15 (propagada)
2008,MT,5107909,22,1309,ESCOLA MUNICIPAL NUCLEO CAMPOS NOVOS,CENTRO,-55.69307233,-11.49831552,43.94,4,0.942,geocode_v0.15 (propagada)
2010,MT,5107909,22,1309,ESCOLA MUNICIPAL NUCLEO CAMPOS NOVOS,CENTRO,-55.69307233,-11.49831552,43.94,3,0.058,geocode_v0.15 (propagada)
2012,GO,5219704,85,1074,ESCOLA MUNICIPAL MARTINHA PITALUGA,CENTRO,-49.83841243,-14.06813586,43.74,4,1.134,1. Match ID Validado
2014,GO,5219704,85,1074,ESCOLA MUNICIPAL MARTINHA PITALUGA,CENTRO,-49.83841243,-14.06813586,43.74,4,1.134,1. Match ID Validado
2016,GO,5219704,85,1074,ESCOLA MUNICIPAL MARTINHA PITALUGA,CENTRO,-49.83841243,-14.06813586,43.74,4,1.134,1. Match ID Validado
2018,GO,5219704,85,1074,ESCOLA MUNICIPAL MARTINHA PITALUGA,CENTRO,-49.83841243,-14.06813586,43.74,4,1.134,1. Match ID Validado
2020,GO,5219704,85,1074,ESCOLA MUNICIPAL MARTINHA PITALUGA,CENTRO,-49.83841243,-14.06813586,43.74,3,1.134,1. Match ID Validado
2022,GO,5219704,85,1074,ESCOLA MUNICIPAL MARTINHA PITALUGA,CENTRO,-49.83841243,-14.06813586,43.74,3,1.134,Original (Não Aplicável)
2024,GO,5219704,85,1074,ESCOLA MUNICIPAL MARTINHA PITALUGA,CENTRO,-49.83841243,-14.06813586,43.74,3,1.134,chave_exata_2022
2010,GO,5219704,85,1074,ESCOLA MUNICIPAL MARTINHA PITALUGA,CENTRO,-49.83841243,-14.06813586,43.73,6,1.126,1. Match ID Validado
2006,GO,5219704,85,1074,ESCOLA MUNICIPAL MARTINHA PITALUGA,CENTRO,-49.83841243,-14.06813586,43.48,7,1.051,1. Match ID Validado
2008,GO,5219704,85,1074,ESCOLA MUNICIPAL MARTINHA PITALUGA,CENTRO,-49.83841243,-14.06813586,43.48,7,1.051,1. Match ID Validado
2006,BA,2910602,21,1066,ESCOLA ESTADUAL CELINA SARAIVA,CENTRO,-37.692941,-12.103601,43.45,4,1.01,1. Match ID Validado
2006,BA,2910602,21,1295,ESCOLA ESTADUAL CELINA SARAIVA,CENTRO,-37.692941,-12.103601,43.45,4,1.01,4. Match Fuzzy+Bairro
2008,BA,2910602,21,1066,ESCOLA ESTADUAL CELINA SARAIVA,CENTRO,-37.692941,-12.103601,43.45,4,1.01,1. Match ID Validado
2008,BA,2910602,21,1295,ESCOLA ESTADUAL CELINA SARAIVA,CENTRO,-37.692941,-12.103601,43.45,4,1.01,4. Match Fuzzy+Bairro
2010,BA,2910602,21,1066,ESCOLA ESTADUAL CELINA SARAIVA,CENTRO,-37.692941,-12.103601,43.45,4,1.01,1. Match ID Validado
2010,BA,2910602,21,1295,ESCOLA ESTADUAL CELINA SARAIVA,CENTRO,-37.692941,-12.103601,43.45,4,1.01,4. Match Fuzzy+Bairro
2012,BA,2910602,21,1066,ESCOLA ESTADUAL CELINA SARAIVA,CENTRO,-37.692941,-12.103601,43.45,5,1.01,1. Match ID Validado
2012,BA,2910602,21,1295,ESCOLA ESTADUAL CELINA SARAIVA,CENTRO,-37.692941,-12.103601,43.45,5,1.01,4. Match Fuzzy+Bairro
2014,BA,2910602,21,1066,ESCOLA ESTADUAL CELINA SARAIVA,CENTRO,-37.692941,-12.103601,43.45,5,1.01,1. Match ID Validado
2014,BA,2910602,21,1295,ESCOLA ESTADUAL CELINA SARAIVA,CENTRO,-37.692941,-12.103601,43.45,5,1.01,4. Match Fuzzy+Bairro
2016,BA,2910602,21,1066,ESCOLA ESTADUAL CELINA SARAIVA,CENTRO,-37.692941,-12.103601,43.45,5,1.01,1. Match ID Validado
2016,BA,2910602,21,1295,ESCOLA ESTADUAL CELINA SARAIVA,CENTRO,-37.692941,-12.103601,43.45,5,1.01,4. Match Fuzzy+Bairro
2018,BA,2910602,21,1066,ESCOLA ESTADUAL CELINA SARAIVA,CENTRO,-37.692941,-12.103601,43.45,5,1.01,1. Match ID Validado
2018,BA,2910602,21,1295,ESCOLA ESTADUAL CELINA SARAIVA,CENTRO,-37.692941,-12.103601,43.45,5,1.01,4. Match Fuzzy+Bairro
2020,BA,2910602,21,1066,ESCOLA ESTADUAL CELINA SARAIVA,CENTRO,-37.692941,-12.103601,43.45,4,1.01,1. Match ID Validado
2022,BA,2910602,21,1066,ESCOLA ESTADUAL CELINA SARAIVA,CENTRO,-37.692941,-12.103601,43.45,4,1.01,Original (Não Aplicável)
2006,RS,4304507,14,1872,ESC. MUN. DE PRIMEIRO GRAU INC. SANTA TEREZINHA,CENTRO,-52.326531,-31.1439943,43.36,32,0.437,geocode_v0.15 (propagada)
2008,RS,4304507,14,1872,ESC. MUN. DE PRIMEIRO GRAU INC. SANTA TEREZINHA,CENTRO,-52.326531,-31.1439943,43.36,28,0.476,geocode_v0.15 (propagada)
2010,AM,1302603,32,1490,CENTRO MUNICIPAL DE EDUCACAO INFANTIL JEAN PIAGET,SANTO ANTONIO,-60.40865671,-2.99381466,43.35,8,0.676,geocode_v0.15 (propagada)
2006,AM,1302603,32,1490,CENTRO MUNICIPAL DE EDUCACAO INFANTIL JEAN PIAGET,SANTO ANTONIO,-60.40865671,-2.99381466,42.97,8,0.637,geocode_v0.15 (propagada)
2006,MG,3135209,148,2232,ESCOLA MUNICIPAL DE QUILOMBO,SÃO JOAQUIM,-44.770213,-15.597583,42.97,22,0.0,1. Match ID Validado
2008,AM,1302603,32,1490,CENTRO MUNICIPAL DE EDUCACAO INFANTIL JEAN PIAGET,SANTO ANTONIO,-60.40865671,-2.99381466,42.97,7,0.545,geocode_v0.15 (propagada)
2008,MG,3135209,148,2232,ESCOLA MUNICIPAL DE QUILOMBO,SÃO JOAQUIM,-44.770213,-15.597583,42.97,22,0.0,1. Match ID Validado
2010,MG,3135209,148,2232,ESCOLA MUNICIPAL DE QUILOMBO,SÃO JOAQUIM,-44.770213,-15.597583,42.97,17,0.0,1. Match ID Validado
2012,AM,1302603,32,1490,CENTRO MUNICIPAL DE EDUCACAO INFANTIL JEAN PIAGET,SANTO ANTONIO,-60.40865671,-2.99381466,42.97,7,0.376,geocode_v0.15 (propagada)
2012,MG,3135209,148,2232,ESCOLA MUNICIPAL DE QUILOMBO,SÃO JOAQUIM,-44.770213,-15.597583,42.97,18,0.0,1. Match ID Validado
2014,AM,1302603,32,1490,CENTRO MUNICIPAL DE EDUCACAO INFANTIL JEAN PIAGET,SANTO ANTONIO,-60.40865671,-2.99381466,42.97,7,0.376,geocode_v0.15 (propagada)
2014,MG,3135209,148,2232,ESCOLA MUNICIPAL DE QUILOMBO,SÃO JOAQUIM,-44.770213,-15.597583,42.97,17,0.0,1. Match ID Validado
2016,MG,3135209,148,2232,ESCOLA MUNICIPAL DE QUILOMBO,SÃO JOAQUIM,-44.770213,-15.597583,42.97,17,0.0,1. Match ID Validado
2018,MG,3135209,148,2232,ESCOLA MUNICIPAL DE QUILOMBO,SÃO JOAQUIM,-44.770213,-15.597583,42.97,17,0.0,1. Match ID Validado
2020,MG,3135209,148,2232,ESCOLA MUNICIPAL DE QUILOMBO,SÃO JOAQUIM,-44.770213,-15.597583,42.97,17,0.0,1. Match ID Validado
2022,MG,3135209,148,2232,ESCOLA MUNICIPAL DE QUILOMBO,SÃO JOAQUIM,-44.770213,-15.597583,42.97,17,0.0,Original (Não Aplicável)
2024,MG,3135209,148,2232,ESCOLA MUNICIPAL DE QUILOMBO,SÃO JOAQUIM,-44.770213,-15.597583,42.97,17,0.0,chave_exata_2022
2006,DF,5300108,17,1074,CENTRO DE ENSINO MEDIO 03 DO GAMA,GAMA,-47.779191,-15.764694,42.9,4,0.5,Mantida Original (Inseguro para mover)
2006,RJ,3304557,169,1171,ESCOLA ALBINO SOUZA CRUZ,HIGIENOPOLIS,-43.6709131,-22.914919,42.71,9,0.572,geocode_v0.15 (propagada)
2008,RJ,3304557,169,1171,ESCOLA ALBINO SOUZA CRUZ,HIGIENOPOLIS,-43.6709131,-22.914919,42.71,9,0.572,geocode_v0.15 (propagada)
2010,RJ,3304557,169,1171,ESCOLA MUNICIPAL OSWALDO CRUZ,HIGIENÓPOLIS,-43.6709131,-22.914919,42.71,9,0.572,geocode_v0.15 (propagada)
2006,RJ,3304557,162,1198,UNIDADE DE SAUDE UMAMP JOSE BREVES DOS SANTOS,CORDOVIL,-43.7014227,-22.9046227,42.61,16,1.014,geocode_v0.15 (propagada)
2008,RJ,3304557,162,1198,UNIDADE DE SAUDE UMAMP JOSE BREVES DOS SANTOS,CORDOVIL,-43.7014227,-22.9046227,42.61,16,1.014,geocode_v0.15 (propagada)
2010,RJ,3304557,162,1198,UNIDADE DE SAUDE UMAMP JOSE BREVES DOS SANTOS,CORDOVIL,-43.7014227,-22.9046227,42.61,16,1.014,geocode_v0.15 (propagada)
2012,RJ,3304557,162,1198,UNIDADE DE SAUDE UMAMP JOSE BREVES DOS SANTOS,CORDOVIL,-43.7014227,-22.9046227,42.61,15,1.014,geocode_v0.15 (propagada)
2014,RJ,3304557,162,1198,UNIDADE DE SAUDE UMAMP JOSE BREVES DOS SANTOS,CORDOVIL,-43.7014227,-22.9046227,42.61,13,1.199,geocode_v0.15 (propagada)
2016,RJ,3304557,162,1198,UNIDADE DE SAUDE UMAMP JOSE BREVES DOS SANTOS,CORDOVIL,-43.7014227,-22.9046227,42.61,13,1.199,geocode_v0.15 (propagada)
2006,PA,1500404,21,1848,ESCOLA MUNICIPAL SANTO ANTONIO,CENTRO,-54.398891,-1.785022,42.45,6,0.134,Mantida Original (Inseguro para mover)
2008,PA,1500404,21,1848,ESCOLA MUNICIPAL SANTO ANTONIO,CENTRO,-54.398891,-1.785022,42.45,6,0.134,Mantida Original (Inseguro para mover)
2006,RJ,3304557,3,1457,IGREJA METODISTA,PILARES,-43.6951027,-22.9761969,42.44,12,0.17,geocode_v0.15 (propagada)
2008,RJ,3304557,3,1457,IGREJA METODISTA,PILARES,-43.6951027,-22.9761969,42.44,12,0.17,geocode_v0.15 (propagada)
2010,RJ,3304557,3,1457,IGREJA METODISTA,PILARES,-43.6951027,-22.9761969,42.44,12,0.17,geocode_v0.15 (propagada)
2012,RJ,3304557,3,1457,IGREJA METODISTA,PILARES,-43.6951027,-22.9761969,42.44,12,0.17,geocode_v0.15 (propagada)
2014,RJ,3304557,3,1457,IGREJA METODISTA,PILARES,-43.6951027,-22.9761969,42.44,11,0.17,geocode_v0.15 (propagada)
2016,RJ,3304557,3,1457,IGREJA METODISTA,PILARES,-43.6951027,-22.9761969,42.44,11,0.17,geocode_v0.15 (propagada)
2006,MG,3135209,148,1546,ESCOLA ESTADUAL DR. TANCREDO DE ALMEIDA NEVES / PANDEIROS,SÃO JOAQUIM,-44.7618103,-15.500203,42.27,22,0.0,geocode_v0.15 (propagada)
2008,MG,3135209,148,1546,ESCOLA ESTADUAL DR. TANCREDO DE ALMEIDA NEVES / PANDEIROS,SÃO JOAQUIM,-44.7618103,-15.500203,42.27,22,0.0,geocode_v0.15 (propagada)
2010,MG,3135209,148,1546,ESCOLA ESTADUAL DR. TANCREDO DE ALMEIDA NEVES / PANDEIROS,SÃO JOAQUIM,-44.7618103,-15.500203,42.27,17,0.0,geocode_v0.15 (propagada)
2012,MG,3135209,148,1546,ESCOLA ESTADUAL DR. TANCREDO DE ALMEIDA NEVES / PANDEIROS,SÃO JOAQUIM,-44.7618103,-15.500203,42.27,18,0.0,geocode_v0.15 (propagada)
2014,MG,3135209,148,1546,ESCOLA ESTADUAL DR. TANCREDO DE ALMEIDA NEVES / PANDEIROS,SÃO JOAQUIM,-44.7618103,-15.500203,42.27,17,0.0,geocode_v0.15 (propagada)
2016,MG,3135209,148,1546,ESCOLA ESTADUAL DR. TANCREDO DE ALMEIDA NEVES / PANDEIROS,SÃO JOAQUIM,-44.7618103,-15.500203,42.27,17,0.0,geocode_v0.15 (propagada)
2018,MG,3135209,148,1546,ESCOLA ESTADUAL DR. TANCREDO DE ALMEIDA NEVES / PANDEIROS,SÃO JOAQUIM,-44.7618103,-15.500203,42.27,17,0.0,geocode_v0.15 (propagada)
2020,MG,3135209,148,1546,ESCOLA ESTADUAL DR. TANCREDO DE ALMEIDA NEVES / PANDEIROS,SÃO JOAQUIM,-44.7618103,-15.500203,42.27,17,0.0,geocode_v0.15 (propagada)
2022,MG,3135209,148,1546,ESCOLA ESTADUAL DR. TANCREDO DE ALMEIDA NEVES / PANDEIROS,SÃO JOAQUIM,-44.7618103,-15.500203,42.27,17,0.0,geocode_v0.15 (propagada)
2024,MG,3135209,148,1546,ESCOLA ESTADUAL DR. TANCREDO DE ALMEIDA NEVES / PANDEIROS,SÃO JOAQUIM,-44.7618103,-15.500203,42.27,17,0.0,chave_exata_2022
2008,BA,2905206,63,1295,PREDIO ESCOLAR DA JACARE,DISTRITO CALDEIRAS,-42.416002,-13.980012,41.78,3,0.29,1. Match ID Validado
2014,BA,2900801,112,1210,ESPECIAL CENTRO EDUCACIONAL DE ALCOBACA,CENTRO,-39.437483,-17.654645,41.69,3,0.004,Mantida Original (Inseguro para mover)
2016,BA,2900801,112,1210,ESPECIAL CENTRO EDUCACIONAL DE ALCOBACA,CENTRO,-39.437483,-17.654645,41.69,3,0.004,Mantida Original (Inseguro para mover)
2018,BA,2900801,112,1210,ESPECIAL CENTRO EDUCACIONAL DE ALCOBACA,CENTRO,-39.437483,-17.654645,41.69,3,0.004,Mantida Original (Inseguro para mover)
2014,RS,4306601,18,1228,ESCOLA ESTADUAL NA SERRILHADA,INTERIOR DO MUNICIPIO,-54.4371485,-31.291442,41.3,6,0.793,Mantida Original (Inseguro para mover)
2006,PA,1506807,83,2232,E.M.E.F. FRANCISCO ARTUR CALAZANS,MOJUI DOS CAMPOS,-54.505912,-2.720153,40.63,3,1.671,Mantida Original (Inseguro para mover)
2008,PA,1506807,83,2232,EMEF FRANCISCO ARTUR CALAZANS,MOJUI DOS CAMPOS,-54.505912,-2.720153,40.63,3,1.671,Mantida Original (Inseguro para mover)
2012,PR,4109401,44,1333,POSTO DE SAUDE PORUNGOS,CENTRO,-51.8429412,-25.2572233,40.4,11,0.842,geocode_v0.15 (propagada)
2006,RS,4316402,39,1333,ESCOLA MUNICIPAL MATO SECO,CENTRO,-55.28197,-30.432995,40.22,34,0.374,geocode_v0.15 (propagada)
2008,RS,4316402,39,1333,ESCOLA MUNICIPAL MATO SECO,CENTRO,-55.28197,-30.432995,40.22,32,0.374,geocode_v0.15 (propagada)
2010,RS,4316402,39,1333,ESCOLA MUNICIPAL MATO SECO,CENTRO,-55.28197,-30.432995,40.22,32,0.374,geocode_v0.15 (propagada)
2012,RS,4316402,39,1333,ESCOLA MUNICIPAL MATO SECO,CENTRO,-55.28197,-30.432995,40.22,32,0.374,geocode_v0.15 (propagada)
2014,RS,4316402,39,1333,ESCOLA MUNICIPAL MATO SECO,CENTRO,-55.28197,-30.432995,40.22,32,0.374,geocode_v0.15 (propagada)
2008,DF,5300108,7,1112,CENTRO DE ENSINO MEDIO N. 01,SETOR SUL,-48.1959467,-15.6878186,40.21,8,1.136,2. Match Núcleo+Bairro
2010,DF,5300108,7,1112,CENTRO DE ENSINO MEDIO N. 01,SETOR SUL,-48.1959467,-15.6878186,40.21,8,1.136,2. Match Núcleo+Bairro
2012,DF,5300108,7,1112,CENTRO DE ENSINO MEDIO N. 01,SETOR SUL,-48.1959467,-15.6878186,40.21,8,1.136,2. Match Núcleo+Bairro
2014,DF,5300108,7,1112,CENTRO DE ENSINO MEDIO N. 01,SETOR SUL,-48.1959467,-15.6878186,40.21,8,1.136,2. Match Núcleo+Bairro
2018,DF,5300108,16,1490,CENTRO DE ENSINO MEDIO N. 01,SETOR SUL,-48.1959467,-15.6878186,40.21,8,1.136,1. Match ID Validado
2022,DF,5300108,16,1490,CENTRO DE ENSINO MEDIO N. 01,SETOR SUL,-48.1959467,-15.6878186,40.21,8,1.136,Original (Não Aplicável)
2008,DF,5300108,7,1376,ESCOLA CLASSE N. 05 - GB,SETOR SUL,-48.1915164,-15.6876376,40.07,8,1.136,2. Match Núcleo+Bairro
2010,DF,5300108,7,1376,ESCOLA CLASSE N. 05 - GB,SETOR SUL,-48.1915164,-15.6876376,40.07,8,1.136,2. Match Núcleo+Bairro
2012,DF,5300108,7,1376,ESCOLA CLASSE N. 05 - GB,SETOR SUL,-48.1915164,-15.6876376,40.07,8,1.136,2. Match Núcleo+Bairro
2014,DF,5300108,7,1376,ESCOLA CLASSE N. 05 - GB,SETOR SUL,-48.1915164,-15.6876376,40.07,8,1.136,2. Match Núcleo+Bairro
2018,DF,5300108,16,1333,ESCOLA CLASSE N. 05 - GB,SETOR SUL,-48.1915164,-15.6876376,40.07,8,1.136,1. Match ID Validado
2022,DF,5300108,16,1333,ESCOLA CLASSE N. 05 - GB,SETOR SUL,-48.1915164,-15.6876376,40.07,8,1.136,Original (Não Aplicável)
2006,RS,4300406,5,1503,POLO EDUCACIONAL DE JACARAI,CENTRO,-55.734162,-30.135674,40.05,17,1.172,Corrigido pelo GeoJSON de Votos (RS)
2006,PA,1501709,13,2046,ESCOLA MUNICIPAL SANTO ANTONIO,CENTRO,-46.914939,-1.3817152,39.91,21,0.727,geocode_v0.15 (propagada)
2008,RJ,3304557,163,1155,MATRIZ DE NOSSA SENHORA DA GLORIA - SERVICO SOCIAL,CATETE,-43.5653536,-22.9101975,39.89,5,0.362,geocode_v0.15 (propagada)
2010,RJ,3304557,163,1155,MATRIZ DE NOSSA SENHORA DA GLORIA - SERVICO SOCIAL,CATETE,-43.5653536,-22.9101975,39.89,5,0.362,geocode_v0.15 (propagada)
2012,RJ,3304557,163,1155,MATRIZ DE NOSSA SENHORA DA GLORIA - SERVICO SOCIAL,CATETE,-43.5653536,-22.9101975,39.89,5,0.362,geocode_v0.15 (propagada)
2014,RJ,3304557,163,1155,MATRIZ DE NOSSA SENHORA DA GLORIA - SERVICO SOCIAL,CATETE,-43.5653536,-22.9101975,39.89,6,0.37,geocode_v0.15 (propagada)
2016,RJ,3304557,163,1155,MATRIZ DE NOSSA SENHORA DA GLORIA - SERVICO SOCIAL,CATETE,-43.5653536,-22.9101975,39.89,6,0.37,geocode_v0.15 (propagada)
2006,MT,5105507,25,1279,ESCOLA MUNICIPAL EXTENSAO DO ARROZAL GUAPORE,CENTRO,-59.91788298,-14.64892281,39.88,14,0.476,1. Match ID Validado
2008,MT,5105507,25,1279,ESCOLA MUNICIPAL EXTENSAO DO ARROZAL GUAPORE,CENTRO,-59.91788298,-14.64892281,39.88,14,0.476,1. Match ID Validado
2010,MT,5105507,25,1279,ESCOLA MUNICIPAL EXTENSAO DO ARROZAL GUAPORE,CENTRO,-59.91788298,-14.64892281,39.88,15,0.436,1. Match ID Validado
2012,MT,5105507,25,1279,ESCOLA MUNICIPAL EXTENSAO DO ARROZAL GUAPORE,CENTRO,-59.91788298,-14.64892281,39.88,14,0.859,1. Match ID Validado
2014,MT,5105507,25,1279,ESCOLA MUNICIPAL EXTENSAO DO ARROZAL GUAPORE,CENTRO,-59.91788298,-14.64892281,39.88,14,0.859,1. Match ID Validado
2016,MT,5105507,25,1279,ESCOLA MUNICIPAL EXTENSAO DO ARROZAL GUAPORE,CENTRO,-59.91788298,-14.64892281,39.88,14,0.859,1. Match ID Validado
2018,MT,5105507,25,1279,ESCOLA MUNICIPAL EXTENSAO DO ARROZAL GUAPORE,CENTRO,-59.91788298,-14.64892281,39.88,14,0.859,1. Match ID Validado
2020,MT,5105507,25,1279,ESCOLA MUNICIPAL EXTENSAO DO ARROZAL GUAPORE,CENTRO,-59.91788298,-14.64892281,39.88,13,0.859,1. Match ID Validado
2024,MT,5105507,25,1279,ESCOLA MUNICIPAL EXTENSAO DO ARROZAL GUAPORE,CENTRO,-59.91788298,-14.64892281,39.88,11,0.859,chave_exata_2022
2006,RJ,3304557,163,1155,SERVICO SOCIAL DA MATRIZ DA GLORIA,CATETE,-43.5653536,-22.9101975,39.86,7,0.12,geocode_v0.15 (propagada)
2020,GO,5205513,26,1139,POSTO DE SAÚDE - PEDRO XIMENES,GIRASSOL RESIDENCIAL,-48.7743381,-15.7815937,39.73,3,0.095,1. Match ID Validado
2022,MT,5105507,25,1279,ESCOLA MUNICIPAL EXTENSAO DO ARROZAL GUAPORE,CENTRO,-59.91788298,-14.64892281,39.73,12,0.624,Original (Não Aplicável)
2022,GO,5205513,26,1139,POSTO DE SAÚDE - PEDRO XIMENES,GIRASSOL RESIDENCIAL,-48.7743381,-15.7815937,39.73,3,0.095,Original (Não Aplicável)
2006,PA,1506807,20,3689,EMEF SANTA LUZIA,SANTARENZINHO,-55.09746,-2.5077671,39.66,5,0.844,geocode_v0.15 (propagada)
2008,PA,1506807,20,3689,EMEF SANTA LUZIA,SANTARENZINHO,-55.09746,-2.5077671,39.66,5,0.844,geocode_v0.15 (propagada)
2006,CE,2312908,121,1058,CENTRO DE LINGUAS,CENTRO,-40.67342,-3.836495,39.56,40,0.595,Mantida Original (Inseguro para mover)
2008,CE,2312908,121,1058,CENTRO DE LINGUAS,CENTRO,-40.67342,-3.836495,39.56,27,0.546,Mantida Original (Inseguro para mover)
2010,DF,5300108,18,1481,CENTRO DE ENSINO FUNDAMENTAL JARDIM,SAO SEBASTIAO,-48.138208,-15.89262,39.49,16,1.401,Mantida Original (Inseguro para mover)
2012,DF,5300108,18,1481,CENTRO DE ENSINO FUNDAMENTAL JARDIM,SAO SEBASTIAO,-48.138208,-15.89262,39.49,17,1.368,Mantida Original (Inseguro para mover)
2006,DF,5300108,7,1112,CENTRO DE ENSINO MEDIO N. 01,SETOR SUL,-48.1959467,-15.6878186,39.37,4,1.606,2. Match Núcleo+Bairro
2006,DF,5300108,7,1147,ESCOLA CLASSE N 03,SETOR NORTE,-48.1928985,-15.6770577,39.29,4,0.364,2. Match Núcleo+Bairro
2008,DF,5300108,7,1147,ESCOLA CLASSE N 03,SETOR NORTE,-48.1928985,-15.6770577,39.29,4,0.364,2. Match Núcleo+Bairro
2010,DF,5300108,7,1147,ESCOLA CLASSE N 03,SETOR NORTE,-48.1928985,-15.6770577,39.29,4,0.364,2. Match Núcleo+Bairro
2012,DF,5300108,7,1147,ESCOLA CLASSE N 03,SETOR NORTE,-48.1928985,-15.6770577,39.29,4,0.364,2. Match Núcleo+Bairro
2006,DF,5300108,7,1376,ESCOLA CLASSE N. 05 - GB,SETOR SUL,-48.1915164,-15.6876376,39.24,4,1.606,2. Match Núcleo+Bairro
2010,CE,2312908,121,1422,POSTO DE SAUDE HILDEBERTO BARROSO,CENTRO,-40.67342,-3.836495,39.17,18,0.624,Mantida Original (Inseguro para mover)
2006,PA,1503606,34,1163,SECRETARIA MUNICIPAL DE EDUCACAO,CENTRO,-56.329327,-4.339138,39.14,8,1.822,Mantida Original (Inseguro para mover)
2008,RS,4307104,72,1236,ESC. EST. DE 1 GRAU CORINTHO AVILA ESCOBAR,CENTRO,-53.022914,-31.876891,38.8,11,0.858,geocode_v0.15 (propagada)
2020,PR,4113700,146,1732,ESCOLA MUNICIPAL DO CAMPO EGÍDIO DOMINGOS BRUNETTO,LERROVILLE,-51.0895145,-23.692546,38.78,3,0.21,1. Match ID Validado
2022,PR,4113700,146,1732,ESCOLA MUNICIPAL DO CAMPO EGÍDIO DOMINGOS BRUNETTO,LERROVILLE,-51.0895145,-23.692546,38.78,3,0.21,Original (Não Aplicável)
2024,PR,4113700,146,1732,ESCOLA MUNICIPAL DO CAMPO EGÍDIO DOMINGOS BRUNETTO,LERROVILLE,-51.0895145,-23.692546,38.78,3,0.21,chave_exata_2022
2006,MT,5103908,47,1082,CENTRO SOCIAL,CENTRO,-53.078419,-15.550519,38.66,4,0.139,geocode_v0.15 (propagada)
2006,RJ,3304557,16,5582,COLEGIO SANTA URSULA,LARANJEIRAS,-43.5638066,-22.9120527,38.65,11,0.715,geocode_v0.15 (propagada)
2020,PR,4113700,146,1724,ESCOLA MUNICIPAL DO CAMPO TRABALHO E SABER,LERROVILLE,-51.1523582,-23.3348298,38.65,3,0.24,1. Match ID Validado
2022,PR,4113700,146,1724,ESCOLA MUNICIPAL DO CAMPO TRABALHO E SABER,LERROVILLE,-51.1523582,-23.3348298,38.65,3,0.24,Original (Não Aplicável)
2024,PR,4113700,146,1724,ESCOLA MUNICIPAL DO CAMPO TRABALHO E SABER,LERROVILLE,-51.1523582,-23.3348298,38.65,3,0.24,chave_exata_2022
2018,DF,5300108,17,1031,CENTRO DE ENSINO FUNDAMENTAL 01 DO GAMA,SETOR NORTE,-48.0620946,-16.0067935,38.59,3,0.059,1. Match ID Validado
2022,DF,5300108,17,1031,CENTRO DE ENSINO FUNDAMENTAL 01 DO GAMA,SETOR NORTE,-48.0620946,-16.0067935,38.59,3,0.059,Original (Não Aplicável)
2020,PR,4113700,146,1279,ESCOLA MUNICIPAL BENTO MUNHOZ DA ROCHA NETTO,LERROVILLE,-51.0995899,-23.7012352,38.55,3,0.21,1. Match ID Validado
2020,PR,4113700,146,1490,COLÉGIO ESTADUAL PROFESSORA MARIA HELENA DAVATZ,LERROVILLE,-51.1526872,-23.3350046,38.55,3,0.24,1. Match ID Validado
2022,PR,4113700,146,1490,COLÉGIO ESTADUAL PROFESSORA MARIA HELENA DAVATZ,LERROVILLE,-51.1526872,-23.3350046,38.55,3,0.24,Original (Não Aplicável)
2022,PR,4113700,146,1279,ESCOLA MUNICIPAL BENTO MUNHOZ DA ROCHA NETTO,LERROVILLE,-51.0995899,-23.7012352,38.55,3,0.21,Original (Não Aplicável)
2024,PR,4113700,146,1279,ESCOLA MUNICIPAL PROFESSOR BENTO MUNHOZ DA ROCHA NETTO,LERROVILLE,-51.0995899,-23.7012352,38.55,3,0.21,chave_exata_2022
2024,PR,4113700,146,1490,COLÉGIO ESTADUAL CÍVICO-MILITAR PROFESSORA MARIA HELENA DAVATZ,LERROVILLE,-51.1526872,-23.3350046,38.55,3,0.24,chave_exata_2022
2018,DF,5300108,17,1163,ESCOLA CLASSE 15,SETOR NORTE,-48.061133,-16.0036568,38.52,3,0.059,1. Match ID Validado
2018,DF,5300108,16,1384,ESCOLA CLASSE N 03,SETOR NORTE,-48.1928985,-15.6770577,38.52,3,0.199,1. Match ID Validado
2018,DF,5300108,16,1619,CONGREGAÇÃO IRMÃS OBLATAS DO MENINO JESUS,SETOR NORTE,-48.1921784,-15.6725622,38.52,3,0.199,1. Match ID Validado
2022,DF,5300108,17,1163,ESCOLA CLASSE 15,SETOR NORTE,-48.061133,-16.0036568,38.52,3,0.059,Original (Não Aplicável)
2022,DF,5300108,16,1384,ESCOLA CLASSE N 03,SETOR NORTE,-48.1928985,-15.6770577,38.52,3,0.199,Original (Não Aplicável)
2022,DF,5300108,16,1619,CONGREGAÇÃO IRMÃS OBLATAS DO MENINO JESUS,SETOR NORTE,-48.1921784,-15.6725622,38.52,3,0.199,Original (Não Aplicável)
2006,RJ,3304557,2,1481,ESCOLA MUNICIPAL JOÃO DE CAMARGO,SÃO CRISTÓVÃO,-43.5999724,-22.9017284,38.17,9,0.63,geocode_v0.15 (propagada)
2008,RJ,3304557,2,1481,ESCOLA MUNICIPAL JOÃO DE CAMARGO,SÃO CRISTÓVÃO,-43.5999724,-22.9017284,38.17,9,0.63,geocode_v0.15 (propagada)
2010,RJ,3304557,2,1481,ESCOLA MUNICIPAL JOÃO DE CAMARGO,SÃO CRISTÓVÃO,-43.5999724,-22.9017284,38.17,9,0.63,geocode_v0.15 (propagada)
2012,RJ,3304557,2,1481,ESCOLA MUNICIPAL JOÃO DE CAMARGO,SÃO CRISTÓVÃO,-43.5999724,-22.9017284,38.17,9,0.63,geocode_v0.15 (propagada)
2014,RJ,3304557,2,1481,ESCOLA MUNICIPAL JOÃO DE CAMARGO,SÃO CRISTÓVÃO,-43.5999724,-22.9017284,38.17,9,0.63,geocode_v0.15 (propagada)
2016,RJ,3304557,2,1481,ESCOLA MUNICIPAL JOÃO DE CAMARGO,SÃO CRISTÓVÃO,-43.5999724,-22.9017284,38.17,8,0.63,geocode_v0.15 (propagada)
2006,AP,1600204,3,1066,DISTRITO DE CALAFATE,CENTRO,-50.898396,2.1601415,38.16,5,0.916,geocode_v0.15 (propagada)
2008,AP,1600204,3,1066,ESCOLA ESTADUAL DE ENSINO DE 1ªGRAU DO CALAFATE,CENTRO,-50.898396,2.1601415,38.14,4,0.892,geocode_v0.15 (propagada)
2010,AP,1600204,3,1066,ESCOLA ESTADUAL DE ENSINO DE 1ªGRAU DO CALAFATE,CENTRO,-50.898396,2.1601415,38.14,3,0.025,geocode_v0.15 (propagada)
2012,AP,1600204,3,1066,ESCOLA ESTADUAL DE ENSINO DE 1ªGRAU DO CALAFATE,CENTRO,-50.898396,2.1601415,38.14,3,0.025,geocode_v0.15 (propagada)
2014,AP,1600204,3,1066,ESCOLA ESTADUAL DE ENSINO DE 1ªGRAU DO CALAFATE,CENTRO,-50.898396,2.1601415,38.14,3,0.025,geocode_v0.15 (propagada)
2016,AP,1600204,3,1066,ESCOLA ESTADUAL DE ENSINO DE 1ªGRAU DO CALAFATE,CENTRO,-50.898396,2.1601415,38.14,3,0.025,geocode_v0.15 (propagada)
2006,RS,4300406,5,1341,POLO EDUCACIONAL RINCAO DE SAO MIGUEL,CENTRO,-56.173525,-29.700117,38.11,17,1.066,geocode_v0.15 (propagada)
2012,AM,1302900,5,1090,PREFEITURA MUNICIPAL DE MAUES,CENTRO,-58.061645,-3.426122,38.11,12,0.424,Mantida Original (Inseguro para mover)
2006,AM,1302900,5,1090,PREFEITURA MUNICIPAL DE MAUES,CENTRO,-58.061645,-3.426122,38.06,11,0.399,Mantida Original (Inseguro para mover)
2008,AM,1302900,5,1090,PREFEITURA MUNICIPAL DE MAUES,CENTRO,-58.061645,-3.426122,38.06,11,0.399,Mantida Original (Inseguro para mover)
2010,AM,1302900,5,1090,PREFEITURA MUNICIPAL DE MAUES,CENTRO,-58.061645,-3.426122,38.06,11,0.399,Mantida Original (Inseguro para mover)
2006,GO,5218003,55,1287,ESCOLA MUNICIPAL REUNIDA DE ARARAS,CENTRO,-49.201175,-13.1028783,38.0,9,0.744,Mantida Original (Inseguro para mover)
2008,GO,5218003,55,1287,ESCOLA MUNICIPAL REUNIDA DE ARARAS,CENTRO,-49.201175,-13.1028783,38.0,9,0.744,Mantida Original (Inseguro para mover)
2010,GO,5218003,55,1287,ESCOLA MUNICIPAL REUNIDA DE ARARAS,CENTRO,-49.201175,-13.1028783,38.0,9,0.744,Mantida Original (Inseguro para mover)
2006,RJ,3304557,2,1503,SINDALERJ - SEDE ESPORTIVA,SAO CRISTOVAO,-43.597509,-22.9142016,37.96,9,0.63,geocode_v0.15 (propagada)
2008,RJ,3304557,2,1503,SINDALERJ SEDE ESPORTIVA,SAO CRISTOVAO,-43.597509,-22.9142016,37.96,9,0.63,geocode_v0.15 (propagada)
2010,RJ,3304557,2,1503,SINDALERJ SEDE ESPORTIVA,SAO CRISTOVAO,-43.597509,-22.9142016,37.96,9,0.63,geocode_v0.15 (propagada)
2012,RJ,3304557,2,1503,SINDALERJ SEDE ESPORTIVA,SAO CRISTOVAO,-43.597509,-22.9142016,37.96,9,0.63,geocode_v0.15 (propagada)
2014,RJ,3304557,2,1503,SINDALERJ SEDE ESPORTIVA,SAO CRISTOVAO,-43.597509,-22.9142016,37.96,9,0.63,geocode_v0.15 (propagada)
2006,MG,3136959,342,1040,ESCOLA ESTADUAL DE PORTO AGRARIO,CENTRO,-43.8212141,-14.3735132,37.84,5,0.907,geocode_v0.15 (propagada)
2006,MG,3136959,342,1058,POSTO DE SAUDE DE PORTO AGRARIO,CENTRO,-43.821352,-14.373772,37.84,5,0.907,1. Match ID Validado
2020,SP,3550308,374,2089,UNIDADE DE INTERNAÇÃO - NOGUEIRA(UI-27),JARDIM ARPOADOR,-46.4263738,-23.5498407,37.66,6,0.461,geocode_v0.15 (propagada)
2024,BA,2933307,40,2038,POSTO DE SAÚDE DE BOA SORTE,DISTRITO JOSÉ GONÇALVES,-40.6761964,-14.5623329,37.65,15,0.02,chave_exata_2022
2006,SE,2802403,8,1058,"CHAPEUZINHO VERMELHO, CRECHE MUNICIPAL",POV. SAO MATEUS,-36.95994,-10.011967,37.49,3,0.215,Mantida Original (Inseguro para mover)
2008,SE,2802403,8,1058,"CHAPEUZINHO VERMELHO, CRECHE MUNICIPAL",POV. SAO MATEUS,-36.95994,-10.011967,37.49,3,0.215,Mantida Original (Inseguro para mover)
2010,SE,2802403,8,1058,"CHAPEUZINHO VERMELHO, CRECHE MUNICIPAL",POV. SAO MATEUS,-36.95994,-10.011967,37.49,3,0.215,Mantida Original (Inseguro para mover)
2012,SE,2802403,8,1058,"CHAPEUZINHO VERMELHO, CRECHE MUNICIPAL",POV. SAO MATEUS,-36.95994,-10.011967,37.49,3,0.215,Mantida Original (Inseguro para mover)
2014,SE,2802403,8,1058,"CHAPEUZINHO VERMELHO, CRECHE MUNICIPAL",POV. SAO MATEUS,-36.95994,-10.011967,37.49,3,0.215,Mantida Original (Inseguro para mover)
2016,SE,2802403,8,1058,"CHAPEUZINHO VERMELHO, CRECHE MUNICIPAL",POV. SAO MATEUS,-36.95994,-10.011967,37.49,3,0.215,Mantida Original (Inseguro para mover)
2018,SE,2802403,8,1058,"CHAPEUZINHO VERMELHO, CRECHE MUNICIPAL",POV. SAO MATEUS,-36.95994,-10.011967,37.49,3,0.215,Mantida Original (Inseguro para mover)
2006,CE,2312908,24,2216,IGREJA DO JORDAO,CENTRO,-40.0171,-3.715246,37.36,40,0.647,Mantida Original (Inseguro para mover)
2006,SE,2802403,8,1120,"NELSON RESENDE DE ALBUQUERQUE, ESCOLA DE 1 GRAU",POV. SAO MATEUS,-37.305058,-10.069502,37.32,3,0.198,1. Match ID Validado
2006,SE,2802403,8,1139,"ANTONIO ROLEMBERG DE ALBUQUERQUE, GRUPO ESCOLAR",POV. SAO MATEUS,-37.305058,-10.069502,37.32,3,0.198,1. Match ID Validado
2006,SE,2802403,8,1066,CLUBE SOCIAL DO FUNDEC,POV. SAO MATEUS,-36.95994,-10.011967,37.32,3,0.215,Mantida Original (Inseguro para mover)
2008,SE,2802403,8,1120,"NELSON RESENDE DE ALBUQUERQUE, ESCOLA DE 1 GRAU",POV. SAO MATEUS,-37.305058,-10.069502,37.32,3,0.198,1. Match ID Validado
2008,SE,2802403,8,1139,"ANTONIO ROLEMBERG DE ALBUQUERQUE, GRUPO ESCOLAR",POV. SAO MATEUS,-37.305058,-10.069502,37.32,3,0.198,1. Match ID Validado
2008,SE,2802403,8,1066,CLUBE SOCIAL DO FUNDEC,POV. SAO MATEUS,-36.95994,-10.011967,37.32,3,0.215,Mantida Original (Inseguro para mover)
2010,SE,2802403,8,1120,"NELSON RESENDE DE ALBUQUERQUE, ESCOLA DE 1 GRAU",POV. SAO MATEUS,-37.305058,-10.069502,37.32,3,0.198,1. Match ID Validado
2010,SE,2802403,8,1139,"ANTONIO ROLEMBERG DE ALBUQUERQUE, GRUPO ESCOLAR",POV. SAO MATEUS,-37.305058,-10.069502,37.32,3,0.198,1. Match ID Validado
2010,SE,2802403,8,1066,CLUBE SOCIAL DO FUNDEC,POV. SAO MATEUS,-36.95994,-10.011967,37.32,3,0.215,Mantida Original (Inseguro para mover)
2012,SE,2802403,8,1120,"NELSON RESENDE DE ALBUQUERQUE, ESCOLA DE 1 GRAU",POV. SAO MATEUS,-37.305058,-10.069502,37.32,3,0.198,1. Match ID Validado
2012,SE,2802403,8,1139,"ANTONIO ROLEMBERG DE ALBUQUERQUE, GRUPO ESCOLAR",POV. SAO MATEUS,-37.305058,-10.069502,37.32,3,0.198,1. Match ID Validado
2012,SE,2802403,8,1066,CLUBE SOCIAL DO FUNDEC,POV. SAO MATEUS,-36.95994,-10.011967,37.32,3,0.215,Mantida Original (Inseguro para mover)
2014,SE,2802403,8,1120,"NELSON RESENDE DE ALBUQUERQUE, ESCOLA DE 1 GRAU",POV. SAO MATEUS,-37.305058,-10.069502,37.32,3,0.198,1. Match ID Validado
2014,SE,2802403,8,1139,"ANTONIO ROLEMBERG DE ALBUQUERQUE, GRUPO ESCOLAR",POV. SAO MATEUS,-37.305058,-10.069502,37.32,3,0.198,1. Match ID Validado
2014,SE,2802403,8,1066,CLUBE SOCIAL DO FUNDEC,POV. SAO MATEUS,-36.95994,-10.011967,37.32,3,0.215,Mantida Original (Inseguro para mover)
2016,SE,2802403,8,1120,"NELSON RESENDE DE ALBUQUERQUE, ESCOLA DE 1 GRAU",POV. SAO MATEUS,-37.305058,-10.069502,37.32,3,0.198,1. Match ID Validado
2016,SE,2802403,8,1139,"ANTONIO ROLEMBERG DE ALBUQUERQUE, GRUPO ESCOLAR",POV. SAO MATEUS,-37.305058,-10.069502,37.32,3,0.198,1. Match ID Validado
2016,SE,2802403,8,1066,CLUBE SOCIAL DO FUNDEC,POV. SAO MATEUS,-36.95994,-10.011967,37.32,3,0.215,Mantida Original (Inseguro para mover)
2018,SE,2802403,8,1120,"NELSON RESENDE DE ALBUQUERQUE, ESCOLA DE 1 GRAU",POV. SAO MATEUS,-37.305058,-10.069502,37.32,3,0.198,1. Match ID Validado
2018,SE,2802403,8,1139,"ANTONIO ROLEMBERG DE ALBUQUERQUE, GRUPO ESCOLAR",POV. SAO MATEUS,-37.305058,-10.069502,37.32,3,0.198,1. Match ID Validado
2018,SE,2802403,8,1066,CLUBE SOCIAL DO FUNDEC,POV. SAO MATEUS,-36.95994,-10.011967,37.32,3,0.215,Mantida Original (Inseguro para mover)
2010,SP,3550308,374,2089,UI-NOGUEIRA(UI-27),JARDIM ARPOADOR,-46.4263738,-23.5498407,37.25,7,0.423,geocode_v0.15 (propagada)
2012,SP,3550308,374,2089,UI-NOGUEIRA(UI-27),JARDIM ARPOADOR,-46.4263738,-23.5498407,37.25,8,1.822,geocode_v0.15 (propagada)
2014,SP,3550308,374,2089,UI-NOGUEIRA(UI-27),JARDIM ARPOADOR,-46.4263738,-23.5498407,37.25,8,1.822,geocode_v0.15 (propagada)
2016,SP,3550308,374,2089,UNIDADE DE INTERNACAO - NOGUEIRA(UI-27),JARDIM ARPOADOR,-46.4263738,-23.5498407,37.25,7,0.423,geocode_v0.15 (propagada)
2018,SP,3550308,374,2089,UNIDADE DE INTERNACAO - NOGUEIRA(UI-27),JARDIM ARPOADOR,-46.4263738,-23.5498407,37.25,7,0.423,geocode_v0.15 (propagada)
2012,SP,3550308,389,1708,EMEF RECANTO DOS HUMILDES,JARDIM DA CONQUISTA,-46.74799663,-23.41752992,37.14,3,0.362,1. Match ID Validado
2014,SP,3550308,389,1708,EMEF RECANTO DOS HUMILDES,JARDIM DA CONQUISTA,-46.74799663,-23.41752992,37.14,3,0.362,1. Match ID Validado
2016,SP,3550308,389,1708,EMEF RECANTO DOS HUMILDES,JARDIM DA CONQUISTA,-46.74799663,-23.41752992,37.14,3,0.362,1. Match ID Validado
2018,SP,3550308,389,1708,EMEF RECANTO DOS HUMILDES,JARDIM DA CONQUISTA,-46.74799663,-23.41752992,37.14,3,0.362,1. Match ID Validado
2020,SP,3550308,389,1708,EMEF RECANTO DOS HUMILDES,JARDIM DA CONQUISTA,-46.74799663,-23.41752992,37.14,3,0.362,1. Match ID Validado
2022,SP,3550308,389,1708,EMEF RECANTO DOS HUMILDES,JARDIM DA CONQUISTA,-46.74799663,-23.41752992,37.14,3,0.362,Original (Não Aplicável)
2024,SP,3550308,389,1708,EMEF RECANTO DOS HUMILDES,JARDIM DA CONQUISTA,-46.74799663,-23.41752992,37.14,3,0.362,chave_exata_2022
2006,RS,4318804,80,1422,ESCOLA MUNICIPAL DR AFONSO PENA,CENTRO,-52.368798,-31.349995,37.12,16,0.59,Corrigido pelo GeoJSON de Votos (RS)
2006,RS,4316808,40,1783,E.M.E.F. BARAO DE SANTO ANGELO,ALTO PAREDAO,-52.39853,-29.74287,37.06,5,1.517,geocode_v0.15 (propagada)
2008,RS,4316808,40,1783,E.M.E.F. BARAO DE SANTO ANGELO,ALTO PAREDAO,-52.39853,-29.74287,37.06,5,1.517,geocode_v0.15 (propagada)
2010,RS,4316808,40,1783,E.M.E.F. BARAO DE SANTO ANGELO,ALTO PAREDAO,-52.39853,-29.74287,37.06,5,1.517,geocode_v0.15 (propagada)
2012,RS,4316808,40,1783,E.M.E.F. BARAO DE SANTO ANGELO,ALTO PAREDAO,-52.39853,-29.74287,37.06,5,1.517,geocode_v0.15 (propagada)
2012,SP,3550308,248,1961,EMEI PROFESSORA MARIA HELENA BARBOSA MARTINS,PARADA XV DE NOVEMBRO,-46.776287,-23.6397295,36.83,3,0.073,geocode_v0.15 (propagada)
2014,SP,3550308,248,1961,EMEI PROFA. MARIA HELENA BARBOSA MARTINS,PARADA XV DE NOVEMBRO,-46.776287,-23.6397295,36.83,3,0.073,geocode_v0.15 (propagada)
2016,SP,3550308,248,1961,EMEI PROFA. MARIA HELENA BARBOSA MARTINS,PARADA XV DE NOVEMBRO,-46.776287,-23.6397295,36.83,3,0.073,geocode_v0.15 (propagada)
2018,SP,3550308,248,1961,EMEI PROFA. MARIA HELENA BARBOSA MARTINS,PARADA XV DE NOVEMBRO,-46.776287,-23.6397295,36.83,3,0.073,geocode_v0.15 (propagada)
2020,SP,3550308,248,1961,EMEI PROFA. MARIA HELENA BARBOSA MARTINS,PARADA XV DE NOVEMBRO,-46.776287,-23.6397295,36.83,3,0.073,geocode_v0.15 (propagada)
2014,RJ,3304557,205,1023,ITAU,COPACABANA,-43.54094,-22.91936,36.69,64,0.688,Mantida Original (Inseguro para mover)
2016,RJ,3304557,205,1023,ITAU,COPACABANA,-43.54094,-22.91936,36.69,63,0.629,Mantida Original (Inseguro para mover)
2012,MT,5107925,43,1074,ESCOLA MUNICIPAL PRIMAVERA,CENTRO,-55.82514585,-12.8606018,36.54,3,1.206,geocode_v0.15 (propagada)
2014,MT,5107925,43,1074,ESCOLA MUNICIPAL PRIMAVERA,CENTRO,-55.82514585,-12.8606018,36.54,3,1.206,geocode_v0.15 (propagada)
2006,PA,1503457,49,1198,ESCOLA MUNICIPAL SANTO ANTONIO,CENTRO,-47.7322385,-2.324931,36.44,8,0.49,Mantida Original (Inseguro para mover)
2024,BA,2905206,63,1376,ESCOLA MUNICIPAL HENRIQUE DE BRITO,DISTRITO CALDEIRAS,-42.44334,-13.93605,36.41,3,0.29,chave_exata_2022
2006,RS,4319604,82,1317,CTG QUERO - QUERO,JAZIDAS,-53.5080824,-30.4038515,36.18,3,0.0,geocode_v0.15 (propagada)
2008,RS,4319604,82,1317,CTG QUERO - QUERO,JAZIDAS,-53.5080824,-30.4038515,36.18,3,0.0,geocode_v0.15 (propagada)
2010,RS,4319604,82,1317,CTG QUERO - QUERO,JAZIDAS,-53.5080824,-30.4038515,36.18,3,0.0,geocode_v0.15 (propagada)
2012,RS,4319604,82,1317,CTG QUERO - QUERO,JAZIDAS,-53.5080824,-30.4038515,36.18,3,0.0,geocode_v0.15 (propagada)
2014,RS,4319604,82,1317,CTG QUERO - QUERO,JAZIDAS,-53.5080824,-30.4038515,36.18,3,0.0,geocode_v0.15 (propagada)
2008,BA,2905206,63,1376,ESCOLA MUNICIPAL HENRIQUE DE BRITO,DISTRITO CALDEIRAS,-42.44334,-13.93605,36.12,3,0.29,1. Match ID Validado
2010,SE,2805604,18,1198,CLUBE COMUNITARIO FUNDEC,CENTRO,-37.5984266,-9.9710142,35.8,6,0.639,Mantida Original (Inseguro para mover)
2014,SE,2805604,18,1198,CLUBE COMUNITARIO FUNDEC,CENTRO,-37.5984266,-9.9710142,35.8,6,0.639,Mantida Original (Inseguro para mover)
2016,SE,2805604,18,1198,CLUBE COMUNITARIO FUNDEC,CENTRO,-37.5984266,-9.9710142,35.8,6,0.639,Mantida Original (Inseguro para mover)
2010,MG,3109204,54,1040,ANFITEATRO PAROQUIAL FREI HUMBERTO BRISTOT,CENTRO,-43.90246,-17.6893829,35.73,8,0.244,geocode_v0.15 (propagada)
2012,MG,3109204,54,1040,ANFITEATRO PAROQUIAL FREI HUMBERTO BRISTOT,CENTRO,-43.90246,-17.6893829,35.73,8,0.244,geocode_v0.15 (propagada)
2012,SE,2805604,18,1198,CLUBE COMUNITARIO FUNDEC,CENTRO,-37.5984266,-9.9710142,35.53,7,0.69,Mantida Original (Inseguro para mover)
2006,MG,3109204,54,1040,ANFITEATRO PAROQUIAL FREI HUMBERTO BRISTOT,CENTRO,-43.90246,-17.6893829,35.49,7,0.017,geocode_v0.15 (propagada)
2008,MG,3109204,54,1040,ANFITEATRO PAROQUIAL FREI HUMBERTO BRISTOT,CENTRO,-43.90246,-17.6893829,35.49,7,0.017,geocode_v0.15 (propagada)
2006,BA,2905800,78,1260,PREDIO ESCOLAR NILZA DE SOUZA COUTINHO,POVOADO DE TRAVESSAO,-39.1404116913165,-13.8926937124848,35.22,3,0.077,1. Match ID Validado
2008,BA,2905800,78,1260,PREDIO ESCOLAR NILZA DE SOUZA COUTINHO,POVOADO DE TRAVESSAO,-39.1404116913165,-13.8926937124848,35.22,3,0.077,1. Match ID Validado
2010,BA,2905800,78,1260,PREDIO ESCOLAR NILZA DE SOUZA COUTINHO,POVOADO DE TRAVESSAO,-39.1404116913165,-13.8926937124848,35.22,3,0.077,1. Match ID Validado
2012,BA,2905800,78,1260,PREDIO ESCOLAR NILZA DE SOUZA COUTINHO,POVOADO DE TRAVESSAO,-39.1404116913165,-13.8926937124848,35.22,3,0.077,1. Match ID Validado
2022,BA,2905800,78,1260,PREDIO ESCOLAR NILZA DE SOUZA COUTINHO,POVOADO DE TRAVESSAO,-39.1404116913165,-13.8926937124848,35.22,3,0.077,Original (Não Aplicável)
2024,BA,2905800,78,1260,PREDIO ESCOLAR NILZA DE SOUZA COUTINHO,POVOADO DE TRAVESSAO,-39.1404116913165,-13.8926937124848,35.22,3,0.077,chave_exata_2022
2006,PA,1506807,20,3735,EMEF CECILIA FLORES,PLANALTO,-54.436102,-2.519947,34.98,21,0.019,Mantida Original (Inseguro para mover)
2010,PA,1504802,19,1090,SALAO PAROQUIAL,CIDADE ALTA,-53.9138007,-1.7295549,34.9,6,0.199,geocode_v0.15 (propagada)
2006,PA,1504802,19,1090,SALAO PAROQUIAL,CIDADE ALTA,-53.9138007,-1.7295549,34.86,8,0.199,geocode_v0.15 (propagada)
2006,RJ,3304557,170,1198,ESCOLA MUNICIPAL FRANCISCO MANUEL,VILA ISABEL,-43.5855674,-22.910705,34.86,25,0.669,geocode_v0.15 (propagada)
2008,PA,1504802,19,1090,SALAO PAROQUIAL,CIDADE ALTA,-53.9138007,-1.7295549,34.86,8,0.199,geocode_v0.15 (propagada)
2008,RJ,3304557,170,1198,ESCOLA MUNICIPAL FRANCISCO MANUEL,VILA ISABEL,-43.5855674,-22.910705,34.86,24,0.669,geocode_v0.15 (propagada)
2010,RJ,3304557,170,1198,ESCOLA MUNICIPAL FRANCISCO MANUEL,VILA ISABEL,-43.5855674,-22.910705,34.86,23,0.564,geocode_v0.15 (propagada)
2012,RJ,3304557,170,1198,ESCOLA MUNICIPAL FRANCISCO MANUEL,VILA ISABEL,-43.5855674,-22.910705,34.86,23,0.558,geocode_v0.15 (propagada)
2014,RJ,3304557,170,1198,ESCOLA MUNICIPAL FRANCISCO MANUEL,VILA ISABEL,-43.5855674,-22.910705,34.86,23,0.558,geocode_v0.15 (propagada)
2006,BA,2933307,40,3344,ESCOLA MUNICIPAL GENNY FERNANDES ROSA,DISTRITO INHOBIM,-40.938098,-15.1609509,34.78,6,0.038,1. Match ID Validado
2008,BA,2933307,40,3344,ESCOLA MUNICIPAL GENNY FERNANDES ROSA,DISTRITO INHOBIM,-40.938098,-15.1609509,34.78,6,0.038,1. Match ID Validado
2010,BA,2933307,40,3344,ESCOLA MUNICIPAL GENNY FERNANDES ROSA,DISTRITO INHOBIM,-40.938098,-15.1609509,34.78,6,0.038,1. Match ID Validado
2012,BA,2933307,40,3344,ESCOLA MUNICIPAL GENNY FERNANDES ROSA,DISTRITO INHOBIM,-40.938098,-15.1609509,34.78,6,0.038,1. Match ID Validado
2014,BA,2905800,78,1260,PREDIO ESCOLAR NILZA DE SOUZA COUTINHO,POVOADO DE TRAVESSAO,-39.1404116913165,-13.8926937124848,34.78,5,0.457,1. Match ID Validado
2014,BA,2933307,40,3344,ESCOLA MUNICIPAL GENNY FERNANDES ROSA,DISTRITO INHOBIM,-40.938098,-15.1609509,34.78,6,0.038,1. Match ID Validado
2016,BA,2905800,78,1260,PREDIO ESCOLAR NILZA DE SOUZA COUTINHO,POVOADO DE TRAVESSAO,-39.1404116913165,-13.8926937124848,34.78,4,0.534,1. Match ID Validado
2016,BA,2933307,40,3344,ESCOLA MUNICIPAL GENNY FERNANDES ROSA,DISTRITO INHOBIM,-40.938098,-15.1609509,34.78,6,0.038,1. Match ID Validado
2018,BA,2905800,78,1260,PREDIO ESCOLAR NILZA DE SOUZA COUTINHO,POVOADO DE TRAVESSAO,-39.1404116913165,-13.8926937124848,34.78,5,0.457,1. Match ID Validado
2018,BA,2933307,40,3344,ESCOLA MUNICIPAL GENNY FERNANDES ROSA,DISTRITO INHOBIM,-40.938098,-15.1609509,34.78,6,0.038,1. Match ID Validado
2020,BA,2905800,78,1260,PREDIO ESCOLAR NILZA DE SOUZA COUTINHO,POVOADO DE TRAVESSAO,-39.1404116913165,-13.8926937124848,34.78,4,0.534,1. Match ID Validado
2020,BA,2933307,40,3344,ESCOLA MUNICIPAL GENNY FERNANDES ROSA,DISTRITO INHOBIM,-40.938098,-15.1609509,34.78,6,0.038,1. Match ID Validado
2022,BA,2933307,40,3344,ESCOLA MUNICIPAL GENNY FERNANDES ROSA,DISTRITO INHOBIM,-40.938098,-15.1609509,34.78,6,0.038,Original (Não Aplicável)
2006,TO,1716208,18,1082,ESCOLA MUNICIPAL DO 'REDONDO',CENTRO,-47.5612179,-12.6255517,34.62,9,0.071,geocode_v0.15 (propagada)
2006,CE,2300309,60,2305,ESCOLA DE 1 GRAU MANOEL DUARTE PINHEIRO,CENTRO,-39.757004,-6.16892,34.56,26,0.397,Mantida Original (Inseguro para mover)
2008,CE,2300309,60,2305,ESCOLA DE 1 GRAU MANOEL DUARTE PINHEIRO,CENTRO,-39.757004,-6.16892,34.56,26,0.397,Mantida Original (Inseguro para mover)
2006,RS,4318002,47,1686,ESCOLA MUNICIPAL DE 1 GRAU INCOMPLETO AUGUSTO MOLINA WEBER,CENTRO,-55.785124,-28.42183,34.32,14,0.593,geocode_v0.15 (propagada)
2008,RS,4318002,47,1686,POSTO DE SAUDE AUGUSTO MOLINA WEBER,CENTRO,-55.785124,-28.42183,34.32,11,0.559,geocode_v0.15 (propagada)
2006,RS,4304507,14,1520,ESCOLA ESTADUAL DE 1 GRAU LOBO DA COSTA,CENTRO,-52.815066,-31.110289,34.23,32,0.437,geocode_v0.15 (propagada)
2008,RS,4304507,14,1520,ESCOLA ESTADUAL DE 1 GRAU LOBO DA COSTA,CENTRO,-52.815066,-31.110289,34.23,28,0.476,geocode_v0.15 (propagada)
2010,RS,4304507,14,5506,ESCOLA ESTADUAL DE 1 GRAU FELICIANO BARCELOS NUNES,CENTRO,-52.815066,-31.110289,34.23,15,0.476,geocode_v0.15 (propagada)
2006,MG,3168002,266,1198,ESCOLA MUNICIPAL PRINCESA ISABEL,CENTRO,-41.91076,-15.805762,34.2,3,0.612,Mantida Original (Inseguro para mover)
2008,MG,3168002,266,1198,ESCOLA MUNICIPAL PRINCESA ISABEL,CENTRO,-41.91076,-15.805762,34.2,3,0.612,Mantida Original (Inseguro para mover)
2010,MG,3168002,266,1198,ESCOLA MUNICIPAL PRINCESA ISABEL,CENTRO,-41.91076,-15.805762,34.2,3,0.612,Mantida Original (Inseguro para mover)
2012,MG,3168002,266,1198,ESCOLA MUNICIPAL PRINCESA ISABEL,CENTRO,-41.91076,-15.805762,34.2,3,0.612,Mantida Original (Inseguro para mover)
2006,PA,1506807,20,1228,IBAMA,ALDEIA,-54.5113973,-2.6384776,34.06,4,0.358,geocode_v0.15 (propagada)
2008,PA,1506807,20,1228,IBAMA,ALDEIA,-54.5113973,-2.6384776,34.06,4,0.358,geocode_v0.15 (propagada)
2010,PA,1506807,20,1228,IBAMA,ALDEIA,-54.5113973,-2.6384776,34.06,4,0.358,geocode_v0.15 (propagada)
2012,PA,1506807,20,1228,IBAMA,ALDEIA,-54.5113973,-2.6384776,34.06,4,0.358,geocode_v0.15 (propagada)
2014,PA,1506807,20,1228,IBAMA,ALDEIA,-54.5113973,-2.6384776,34.06,4,0.358,geocode_v0.15 (propagada)
2016,PA,1506807,20,1228,IBAMA,ALDEIA,-54.5113973,-2.6384776,34.06,4,0.358,geocode_v0.15 (propagada)
2018,PA,1506807,20,1228,IBAMA,ALDEIA,-54.5113973,-2.6384776,34.06,4,0.358,geocode_v0.15 (propagada)
2020,PA,1506807,20,1228,IBAMA,ALDEIA,-54.5113973,-2.6384776,34.06,4,0.358,geocode_v0.15 (propagada)
2022,PA,1506807,20,1228,IBAMA,ALDEIA,-54.5113973,-2.6384776,34.06,4,0.358,geocode_v0.15 (propagada)
2006,RS,4322509,58,1511,ESCOLA MUNICIPAL VISCONDE DE PELOTAS,CENTRO,-50.769674,-28.235632,34.05,17,0.314,geocode_v0.15 (propagada)
2008,RS,4322509,58,1511,ESCOLA MUNICIPAL VISCONDE DE PELOTAS,CENTRO,-50.769674,-28.235632,34.05,17,0.314,geocode_v0.15 (propagada)
2010,RS,4322509,58,1511,ESCOLA MUNICIPAL VISCONDE DE PELOTAS,CENTRO,-50.769674,-28.235632,34.05,15,0.314,geocode_v0.15 (propagada)
2006,RJ,3304557,246,1228,E. M. JARDIM GUARARAPES,INHOAIBA,-43.2702414,-22.8527601,33.97,6,1.134,geocode_v0.15 (propagada)
2008,RJ,3304557,246,1228,E. M. JARDIM GUARARAPES,INHOAIBA,-43.2702414,-22.8527601,33.97,6,1.134,geocode_v0.15 (propagada)
2010,RJ,3304557,246,1228,E. M. JARDIM GUARARAPES,INHOAIBA,-43.2702414,-22.8527601,33.97,7,0.788,geocode_v0.15 (propagada)
2012,RJ,3304557,246,1228,E. M. JARDIM GUARARAPES,INHOAIBA,-43.2702414,-22.8527601,33.97,7,0.788,geocode_v0.15 (propagada)
2014,RJ,3304557,246,1228,E. M. JARDIM GUARARAPES,INHOAIBA,-43.2702414,-22.8527601,33.97,7,0.788,geocode_v0.15 (propagada)
2016,RJ,3304557,246,1228,ESCOLA MUNICIPAL PROFESSOR AUGUSTO JOSÉ MACHADO,INHOAÍBA,-43.2702414,-22.8527601,33.97,9,0.788,geocode_v0.15 (propagada)
2012,RS,4322509,58,1511,ESCOLA MUNICIPAL VISCONDE DE PELOTAS,CENTRO,-50.769674,-28.235632,33.95,13,0.392,geocode_v0.15 (propagada)
2024,RS,4302808,9,1490,ESCOLA E. ROSENDO CELESTINO,CENTRO,-53.300414,-30.768808,33.9,23,1.44,chave_exata_2022
2012,BA,2909901,85,1562,ESCOLA MUNICIPAL ADONAI MATOS TORRES,DISTRITO DE PATAMUTE,-39.455742,-9.613328,33.78,3,0.0,Mantida Original (Inseguro para mover)
2014,BA,2909901,85,1562,ESCOLA MUNICIPAL ADONAI MATOS TORRES,DISTRITO DE PATAMUTE,-39.455742,-9.613328,33.78,3,0.0,Mantida Original (Inseguro para mover)
2016,BA,2909901,85,1562,ESCOLA MUNICIPAL ADONAI MATOS TORRES,DISTRITO DE PATAMUTE,-39.455742,-9.613328,33.78,3,0.0,Mantida Original (Inseguro para mover)
2018,BA,2909901,85,1562,ESCOLA MUNICIPAL ADONAI MATOS TORRES,DISTRITO DE PATAMUTE,-39.455742,-9.613328,33.78,3,0.0,Mantida Original (Inseguro para mover)
2020,BA,2909901,85,1562,ESCOLA MUNICIPAL ADONAI MATOS TORRES,DISTRITO DE PATAMUTE,-39.455742,-9.613328,33.78,3,0.0,Mantida Original (Inseguro para mover)
2006,BA,2914901,203,1058,COLEGIO MARIA BENJAMINA,CENTRO,-39.276782,-14.411185,33.73,3,0.052,Mantida Original (Inseguro para mover)
2006,BA,2900207,158,1120,GRUPO ESCOLAR SÃO FRANCISCO DE ASSIS,CENTRO,-39.3268679,-8.9409594,33.72,3,0.101,geocode_v0.15 (propagada)
2006,RS,4318804,80,1635,ESC. MUN. ARTHUR GERMANO HELLWIG,CENTRO,-52.30625,-31.2492,33.72,16,0.59,geocode_v0.15 (propagada)
2008,BA,2900207,158,1120,GRUPO ESCOLAR SÃO FRANCISCO DE ASSIS,CENTRO,-39.3268679,-8.9409594,33.72,3,0.101,geocode_v0.15 (propagada)
2010,BA,2900207,158,1120,GRUPO ESCOLAR SÃO FRANCISCO DE ASSIS,CENTRO,-39.3268679,-8.9409594,33.72,3,0.101,geocode_v0.15 (propagada)
2012,BA,2900207,158,1120,GRUPO ESCOLAR SÃO FRANCISCO DE ASSIS,CENTRO,-39.3268679,-8.9409594,33.72,3,0.101,geocode_v0.15 (propagada)
2014,BA,2900207,158,1120,GRUPO ESCOLAR SÃO FRANCISCO DE ASSIS,CENTRO,-39.3268679,-8.9409594,33.72,3,0.101,geocode_v0.15 (propagada)
2016,BA,2900207,158,1120,GRUPO ESCOLAR SÃO FRANCISCO DE ASSIS,CENTRO,-39.3268679,-8.9409594,33.72,3,0.101,geocode_v0.15 (propagada)
2018,BA,2900207,158,1120,GRUPO ESCOLAR SÃO FRANCISCO DE ASSIS,CENTRO,-39.3268679,-8.9409594,33.72,3,0.101,geocode_v0.15 (propagada)
2020,BA,2900207,158,1120,GRUPO ESCOLAR SÃO FRANCISCO DE ASSIS,CENTRO,-39.3268679,-8.9409594,33.72,3,0.101,geocode_v0.15 (propagada)
2006,PE,2601607,73,1104,ESCOLA SINFRONIO JOAQUIM DO NASCIMENTO,CENTRO,-39.23885547,-8.62363619,33.56,3,0.271,1. Match ID Validado
2008,PE,2601607,73,1104,ESCOLA SINFRONIO JOAQUIM DO NASCIMENTO,CENTRO,-39.23885547,-8.62363619,33.56,3,0.271,1. Match ID Validado
2010,PE,2601607,73,1104,ESCOLA SINFRONIO JOAQUIM DO NASCIMENTO,CENTRO,-39.23885547,-8.62363619,33.56,3,0.271,1. Match ID Validado
2012,PE,2601607,73,1104,ESCOLA SINFRONIO JOAQUIM DO NASCIMENTO,CENTRO,-39.23885547,-8.62363619,33.56,3,0.271,1. Match ID Validado
2014,PE,2601607,73,1104,ESCOLA SINFRONIO JOAQUIM DO NASCIMENTO,CENTRO,-39.23885547,-8.62363619,33.56,3,0.271,1. Match ID Validado
2016,PE,2601607,73,1104,ESCOLA SINFRONIO JOAQUIM DO NASCIMENTO,CENTRO,-39.23885547,-8.62363619,33.56,3,0.271,1. Match ID Validado
2018,PE,2601607,73,1104,ESCOLA SINFRONIO JOAQUIM DO NASCIMENTO,CENTRO,-39.23885547,-8.62363619,33.56,3,0.271,1. Match ID Validado
2020,PE,2601607,73,1104,ESCOLA SINFRONIO JOAQUIM DO NASCIMENTO,CENTRO,-39.23885547,-8.62363619,33.56,3,0.271,1. Match ID Validado
2022,PE,2601607,73,1104,ESCOLA SINFRONIO JOAQUIM DO NASCIMENTO,CENTRO,-39.23885547,-8.62363619,33.56,3,0.271,Original (Não Aplicável)
2024,PE,2601607,73,1104,ESCOLA SINFRONIO JOAQUIM DO NASCIMENTO,CENTRO,-39.23885547,-8.62363619,33.56,3,0.271,chave_exata_2022
2006,RS,4302808,9,1490,ESCOLA E. ROSENDO CELESTINO,CENTRO,-53.300414,-30.768808,33.55,32,1.705,geocode_v0.15 (propagada)
2008,RS,4302808,9,1490,ESCOLA E. ROSENDO CELESTINO,CENTRO,-53.300414,-30.768808,33.55,31,1.705,geocode_v0.15 (propagada)
2010,RS,4302808,9,1490,ESCOLA E. ROSENDO CELESTINO,CENTRO,-53.300414,-30.768808,33.55,31,1.705,geocode_v0.15 (propagada)
2012,RS,4302808,9,1490,ESCOLA E. ROSENDO CELESTINO,CENTRO,-53.300414,-30.768808,33.55,29,1.705,geocode_v0.15 (propagada)
2006,PA,1503606,34,1880,ESCOLA DE EDUCACAO INFANTIL MANANCAL DO SABER,BELA VISTA,-55.782752,-4.041865,33.53,10,0.615,Mantida Original (Inseguro para mover)
2006,MG,3121605,101,5502,CENTRO REGIONAL DE SAUDE,CENTRO,-43.6227007,-17.9427554,33.44,5,0.502,Mantida Original (Inseguro para mover)
2012,MG,3121605,101,5502,CENTRO REGIONAL DE SAUDE,CENTRO,-43.6227007,-17.9427554,33.44,5,0.502,Mantida Original (Inseguro para mover)
2016,BA,2905800,78,1465,CENTRO DE REFERENCIA DE ASSITENCIA SOCIAL,POVOADO DE TRAVESSAO,-39.1061667136612,-13.9447774229628,33.3,4,0.457,Mantida Original (Inseguro para mover)
2020,BA,2905800,78,1465,CENTRO DE REFERÊNCIA DE ASSITÊNCIA SOCIAL,POVOADO DE TRAVESSAO,-39.1061667136612,-13.9447774229628,33.3,4,0.457,Mantida Original (Inseguro para mover)
2006,BA,2921708,55,1023,SECRETARIA MUNICIPAL DE BEM ESTAR SOCIAL,CENTRO,-41.4603981,-11.5558423,33.29,11,0.39,geocode_v0.15 (propagada)
2008,BA,2921708,55,1023,SECRETARIA MUNICIPAL DE BEM ESTAR SOCIAL,CENTRO,-41.4603981,-11.5558423,33.29,11,0.39,geocode_v0.15 (propagada)
2012,PR,4113700,42,1058,SECRETARIA DA CULTURA,CENTRO,-51.1904,-23.610859,33.25,14,0.85,Mantida Original (Inseguro para mover)
2010,PR,4113700,42,1058,SECRETARIA DA CULTURA,CENTRO,-51.1904,-23.610859,33.15,22,1.1,Mantida Original (Inseguro para mover)
2024,RS,4302808,9,1430,CAPELA SAO JUDAS TADEU,CENTRO,-53.222828,-30.698629,33.05,23,1.44,chave_exata_2022
2006,PR,4104428,44,1120,CENTRO COMUNITARIO ILHEUS,CENTRO,-52.3609835,-25.6697769,33.04,16,0.0,geocode_v0.15 (propagada)
2008,PR,4104428,44,1120,CENTRO COMUNITARIO ILHEUS,CENTRO,-52.3609835,-25.6697769,33.04,16,0.0,geocode_v0.15 (propagada)
2010,PR,4104428,44,1120,CENTRO COMUNITARIO ILHEUS,CENTRO,-52.3609835,-25.6697769,33.04,14,0.0,geocode_v0.15 (propagada)
2024,PA,1506401,2,1155,CAMARA MUNICIPAL DE SANTA CRUZ DO ARARI,CENTRO,-49.4677658,-0.6479747,33.03,3,0.093,geocode_v0.15 (propagada)
2014,BA,2905800,78,1465,CENTRO DE REFERENCIA DE ASSITENCIA SOCIAL,POVOADO DE TRAVESSAO,-39.1061667136612,-13.9447774229628,32.84,5,0.457,Mantida Original (Inseguro para mover)
2018,BA,2905800,78,1465,CENTRO DE REFERENCIA DE ASSITENCIA SOCIAL,POVOADO DE TRAVESSAO,-39.1061667136612,-13.9447774229628,32.84,5,0.457,Mantida Original (Inseguro para mover)
2010,SP,3550308,250,2259,FUNDACAO CASA - UI VILA LEOPOLDINA,VILA LEOPOLDINA,-46.4145167,-23.5546897,32.73,8,1.477,geocode_v0.15 (propagada)
2006,MA,2106607,81,1066,GRUPO ESCOLAR DEPUTADO ALEXANDRE COSTA,CENTRO - ZONA URBANA,-43.2843245,-5.2389174,32.48,5,0.207,geocode_v0.15 (propagada)
2006,BA,2917508,46,1074,ESCOLA PAROQUIAL DE JACOBINA,CENTRO,-40.734808,-10.989275,32.48,4,0.504,Mantida Original (Inseguro para mover)
2008,MA,2106607,81,1066,GRUPO ESCOLAR DEPUTADO ALEXANDRE COSTA,CENTRO - ZONA URBANA,-43.2843245,-5.2389174,32.48,5,0.207,geocode_v0.15 (propagada)
2008,BA,2917508,46,1074,ESCOLA PAROQUIAL DE JACOBINA,CENTRO,-40.734808,-10.989275,32.48,4,0.504,Mantida Original (Inseguro para mover)
2010,MA,2106607,81,1066,GRUPO ESCOLAR DEPUTADO ALEXANDRE COSTA,CENTRO - ZONA URBANA,-43.2843245,-5.2389174,32.48,5,0.207,geocode_v0.15 (propagada)
2006,CE,2312908,121,1457,SANTUARIO DE SAO FRANCISCO,CENTRO,-40.066098,-3.6291106,32.47,40,0.647,geocode_v0.15 (propagada)
2006,PR,4113700,42,1058,SECRETARIA DA CULTURA,CENTRO,-51.1904,-23.610859,32.44,26,1.564,Mantida Original (Inseguro para mover)
2008,PR,4113700,42,1058,SECRETARIA DA CULTURA,CENTRO,-51.1904,-23.610859,32.44,25,1.564,Mantida Original (Inseguro para mover)
2006,RS,4311304,28,1392,SALAO PAROQUIAL,CENTRO,-51.388559,-27.948702,32.41,12,0.701,geocode_v0.15 (propagada)
2010,BA,2917508,46,1074,ESCOLA PAROQUIAL DE JACOBINA,CENTRO,-40.734808,-10.989275,32.33,3,0.561,Mantida Original (Inseguro para mover)
2012,SP,3550308,250,2259,FUNDACAO CASA - UI VILA LEOPOLDINA,VILA LEOPOLDINA,-46.4145167,-23.5546897,32.33,6,0.851,geocode_v0.15 (propagada)
2006,AM,1302603,2,1597,ESCOLA CRECHE MARIA DE MATHIAS,SAO GERALDO,-60.16769422,-2.85489778,32.21,4,0.687,geocode_v0.15 (propagada)
2006,AP,1600600,6,1090,E P G IGARAPE DO LAGO,CENTRO,-51.4384231,0.0728372,32.14,3,0.349,Mantida Original (Inseguro para mover)
2006,MT,5105507,25,1287,ESCOLA MUNICIPAL VALE DO GUAPORE,CENTRO,-60.04341637,-14.73126857,32.14,14,0.476,1. Match ID Validado
2008,AP,1600600,6,1090,E P G IGARAPE DO LAGO,CENTRO,-51.4384231,0.0728372,32.14,3,0.349,Mantida Original (Inseguro para mover)
2008,MT,5105507,25,1287,ESCOLA MUNICIPAL VALE DO GUAPORE,CENTRO,-60.04341637,-14.73126857,32.14,14,0.476,1. Match ID Validado
2010,MT,5105507,25,1287,ESCOLA MUNICIPAL VALE DO GUAPORE,CENTRO,-60.04341637,-14.73126857,32.14,15,0.436,1. Match ID Validado
2012,MT,5105507,25,1287,ESCOLA MUNICIPAL VALE DO GUAPORE,CENTRO,-60.04341637,-14.73126857,32.14,14,0.859,1. Match ID Validado
2014,MT,5105507,25,1287,ESCOLA MUNICIPAL VALE DO GUAPORE,CENTRO,-60.04341637,-14.73126857,32.14,14,0.859,1. Match ID Validado
2016,MT,5105507,25,1287,ESCOLA MUNICIPAL VALE DO GUAPORE,CENTRO,-60.04341637,-14.73126857,32.14,14,0.859,1. Match ID Validado
2018,MT,5105507,25,1287,ESCOLA MUNICIPAL VALE DO GUAPORE,CENTRO,-60.04341637,-14.73126857,32.14,14,0.859,1. Match ID Validado
2020,MT,5105507,25,1287,ESCOLA MUNICIPAL VALE DO GUAPORE,CENTRO,-60.04341637,-14.73126857,32.14,13,0.859,1. Match ID Validado
2024,MT,5105507,25,1287,ESCOLA MUNICIPAL VALE DO GUAPORE,CENTRO,-60.04341637,-14.73126857,32.14,11,0.859,chave_exata_2022
2022,MT,5105507,25,1287,ESCOLA MUNICIPAL VALE DO GUAPORE,CENTRO,-60.04341637,-14.73126857,32.09,12,0.624,Original (Não Aplicável)
2006,RJ,3304557,208,1139,CCIP - CENTRO DE COMÉRCIO E INDÚSTRIA DE PILARES,PILARES,-43.6048551,-22.9148777,32.08,12,0.17,geocode_v0.15 (propagada)
2008,RJ,3304557,208,1139,CCIP - CENTRO DE COMÉRCIO E INDÚSTRIA DE PILARES,PILARES,-43.6048551,-22.9148777,32.08,12,0.17,geocode_v0.15 (propagada)
2010,RJ,3304557,208,1139,CCIP - CENTRO DE COMÉRCIO E INDÚSTRIA DE PILARES,PILARES,-43.6048551,-22.9148777,32.08,12,0.17,geocode_v0.15 (propagada)
2010,SP,3550308,381,1317,EE. PROFA. VERA ATHAYDE PEREIRA,JARDIM VISTA ALEGRE,-46.7121784,-23.7377512,32.08,3,0.025,1. Match ID Validado
2012,RJ,3304557,208,1139,CCIP - CENTRO DE COMÉRCIO E INDÚSTRIA DE PILARES,PILARES,-43.6048551,-22.9148777,32.08,12,0.17,geocode_v0.15 (propagada)
2012,SP,3550308,381,1317,EE. PROFA. VERA ATHAYDE PEREIRA,JARDIM VISTA ALEGRE,-46.7121784,-23.7377512,32.08,3,0.025,1. Match ID Validado
2020,SP,3550308,381,1317,EE. PROFA. VERA ATHAYDE PEREIRA,JARDIM VISTA ALEGRE,-46.7121784,-23.7377512,32.08,3,0.025,1. Match ID Validado
2022,SP,3550308,381,1317,EE. PROFA. VERA ATHAYDE PEREIRA,JARDIM VISTA ALEGRE,-46.7121784,-23.7377512,32.08,3,0.025,Original (Não Aplicável)
2024,SP,3550308,280,2135,EE. PROFA. VERA ATHAYDE PEREIRA,JARDIM VISTA ALEGRE,-46.7121784,-23.7377512,32.08,3,0.025,mesmo_municipio_nome_endereco
2010,AC,1200385,8,1180,PREDIO DA SEATER,DISTRITO DE VILA CAMPINAS,-67.186345,-10.335176,32.07,4,0.574,Mantida Original (Inseguro para mover)
2012,AC,1200385,8,1180,PREDIO DA SEATER,DISTRITO DE VILA CAMPINAS,-67.186345,-10.335176,32.07,4,0.574,Mantida Original (Inseguro para mover)
2014,AC,1200385,8,1180,PREDIO DA SEATER,DISTRITO DE VILA CAMPINAS,-67.186345,-10.335176,32.07,4,0.574,Mantida Original (Inseguro para mover)
2016,AC,1200385,8,1180,PREDIO DA SEATER,DISTRITO DE VILA CAMPINAS,-67.186345,-10.335176,32.07,4,0.574,Mantida Original (Inseguro para mover)
2006,RS,4304507,14,1422,ESC EST DE 1 GRAU INCOMP FELISBERTO MACHADO,CENTRO,-52.449908,-31.182682,31.87,32,0.437,geocode_v0.15 (propagada)
2008,RS,4304507,14,1422,ESC EST DE 1 GRAU INCOMP FELISBERTO MACHADO,CENTRO,-52.449908,-31.182682,31.87,28,0.476,geocode_v0.15 (propagada)
2010,BA,2925501,112,1031,GRUPO ESCOLAR MARIA CANDIDA,CENTRO,-39.4442897,-17.1484304,31.79,3,0.082,Mantida Original (Inseguro para mover)
2012,BA,2925501,112,1031,GRUPO ESCOLAR MARIA CANDIDA,CENTRO,-39.4442897,-17.1484304,31.79,3,0.082,Mantida Original (Inseguro para mover)
2006,CE,2300309,60,1961,EEF RICARDO PEREIRA CAVALCANTE,CENTRO,-39.739187,-6.096917,31.55,26,0.397,Mantida Original (Inseguro para mover)
2006,RS,4318804,80,1406,ESCOLA MUNICIPAL BARAO DO TRIUNFO,CENTRO,-52.298611,-31.29,31.55,16,0.59,geocode_v0.15 (propagada)
2008,CE,2300309,60,1961,EEF RICARDO PEREIRA CAVALCANTE,CENTRO,-39.739187,-6.096917,31.55,26,0.397,Mantida Original (Inseguro para mover)
2006,MG,3135209,148,1457,ESCOLA MUNICIPAL DE AREIÃO,LEVINÓPOLIS,-44.451724,-14.985811,31.54,9,0.0,1. Match ID Validado
2008,MG,3135209,148,1457,ESCOLA MUNICIPAL DE AREIÃO,LEVINÓPOLIS,-44.451724,-14.985811,31.54,9,0.0,1. Match ID Validado
2010,MG,3135209,148,5906,ESCOLA MUNICIPAL DE AREIAO,LEVINOPOLIS,-44.451724,-14.985811,31.54,7,0.0,Mantida Original (Inseguro para mover)
2012,MG,3135209,148,1457,ESCOLA MUNICIPAL DE AREIÃO,LEVINÓPOLIS,-44.451724,-14.985811,31.54,9,0.0,1. Match ID Validado
2006,SP,3549904,282,1139,E.E. ARMANDO COBRA,CENTRO,-45.9602338,-22.9115021,31.48,3,0.264,1. Match ID Validado
2008,SP,3549904,282,1139,E.E. ARMANDO COBRA,CENTRO,-45.9602338,-22.9115021,31.48,3,0.264,1. Match ID Validado
2010,SP,3549904,282,1139,E.E. ARMANDO COBRA,CENTRO,-45.9602338,-22.9115021,31.48,3,0.264,1. Match ID Validado
2012,SP,3549904,282,1139,E.E. ARMANDO COBRA,CENTRO,-45.9602338,-22.9115021,31.48,4,0.577,1. Match ID Validado
2014,SP,3549904,282,1139,E.E. ARMANDO COBRA,CENTRO,-45.9602338,-22.9115021,31.48,4,0.577,1. Match ID Validado
2016,SP,3549904,282,1139,E.E. ARMANDO COBRA,CENTRO,-45.9602338,-22.9115021,31.48,4,0.577,1. Match ID Validado
2020,SP,3549904,282,1139,E.E. ARMANDO COBRA,CENTRO,-45.9602338,-22.9115021,31.48,4,0.577,1. Match ID Validado
2022,SP,3549904,282,1139,E.E. ARMANDO COBRA,CENTRO,-45.9602338,-22.9115021,31.48,4,0.577,Original (Não Aplicável)
2024,SP,3549904,282,1139,E.E. ARMANDO D'OLIVEIRA COBRA,CENTRO,-45.9602338,-22.9115021,31.48,4,0.577,chave_exata_2022
2006,RS,4318002,47,1570,ESCOLA MUNICIPAL DE 1 GRAU OLINTO DORNELLES,CENTRO,-56.228774,-28.858363,31.46,14,0.704,geocode_v0.15 (propagada)
2006,MA,2103307,69,1392,UNIDADE INTEGRADA ALMERINDA BAYMA,SAO SEBASTIAO,-44.0815519,-4.6690743,31.44,3,0.223,geocode_v0.15 (propagada)
2008,MA,2103307,69,1392,UNIDADE INTEGRADA ALMERINDA BAYMA,SAO SEBASTIAO,-44.0815519,-4.6690743,31.44,3,0.223,geocode_v0.15 (propagada)
2010,MA,2103307,69,1392,UNIDADE INTEGRADA ALMERINDA BAYMA,SAO SEBASTIAO,-44.0815519,-4.6690743,31.44,3,0.223,geocode_v0.15 (propagada)
2006,RJ,3304557,211,1252,CONCENTRACAO DO FLAMENGO,SAO CONRADO,-43.5565646,-22.9278636,31.39,12,0.991,geocode_v0.15 (propagada)
2008,RJ,3304557,211,1252,CONCENTRACAO DO FLAMENGO,SAO CONRADO,-43.5565646,-22.9278636,31.39,12,0.991,geocode_v0.15 (propagada)
2010,RJ,3304557,211,1252,CONCENTRACAO DO FLAMENGO,SAO CONRADO,-43.5565646,-22.9278636,31.39,12,0.991,geocode_v0.15 (propagada)
2006,RJ,3304557,188,1201,ESCOLA MUNICIPAL SÃO VICENTE,PENHA,-43.575754,-22.9116235,31.34,27,0.608,geocode_v0.15 (propagada)
2008,RJ,3304557,188,1201,ESCOLA MUNICIPAL SÃO VICENTE,PENHA,-43.575754,-22.9116235,31.34,27,0.608,geocode_v0.15 (propagada)
2010,RJ,3304557,188,1201,ESCOLA MUNICIPAL SÃO VICENTE,PENHA,-43.575754,-22.9116235,31.32,27,0.602,geocode_v0.15 (propagada)
2012,RJ,3304557,188,1201,ESCOLA MUNICIPAL SÃO VICENTE,PENHA,-43.575754,-22.9116235,31.32,28,0.642,geocode_v0.15 (propagada)
2014,RJ,3304557,188,1201,ESCOLA MUNICIPAL SÃO VICENTE,PENHA,-43.575754,-22.9116235,31.32,30,0.661,geocode_v0.15 (propagada)
2016,RJ,3304557,188,1201,ESCOLA MUNICIPAL SÃO VICENTE,PENHA,-43.575754,-22.9116235,31.32,30,0.661,geocode_v0.15 (propagada)
2018,RJ,3304557,188,1201,ESCOLA MUNICIPAL SÃO VICENTE,PENHA,-43.575754,-22.9116235,31.32,29,0.642,geocode_v0.15 (propagada)
2018,SP,3549904,282,1139,E.E. ARMANDO COBRA,CENTRO,-45.9602338,-22.9115021,31.24,5,0.612,1. Match ID Validado
2006,RS,4303509,12,1651,ESCOLA MUNICIPAL DE ENSINO FUNDAMENTAL MÁRIO CENTENO CRESPO,CENTRO,-51.7837647,-31.1304905,31.2,17,0.566,geocode_v0.15 (propagada)
2008,RS,4303509,12,1651,ESCOLA MUNICIPAL DE ENSINO FUNDAMENTAL MÁRIO CENTENO CRESPO,CENTRO,-51.7837647,-31.1304905,31.2,16,0.602,geocode_v0.15 (propagada)
2010,RS,4303509,12,1651,ESCOLA MUNICIPAL DE ENSINO FUNDAMENTAL MÁRIO CENTENO CRESPO,CENTRO,-51.7837647,-31.1304905,31.2,16,0.602,geocode_v0.15 (propagada)
2012,RS,4303509,12,1651,ESCOLA MUNICIPAL DE ENSINO FUNDAMENTAL MÁRIO CENTENO CRESPO,CENTRO,-51.7837647,-31.1304905,31.2,17,0.566,geocode_v0.15 (propagada)
2024,RS,4303509,12,1651,ESCOLA MUNICIPAL DE ENSINO FUNDAMENTAL MÁRIO CENTENO CRESPO,CENTRO,-51.7837647,-31.1304905,31.2,13,0.602,chave_exata_2022
2014,RS,4303509,12,1651,ESCOLA MUNICIPAL DE ENSINO FUNDAMENTAL MÁRIO CENTENO CRESPO,CENTRO,-51.7837647,-31.1304905,31.17,15,0.685,geocode_v0.15 (propagada)
2016,RS,4303509,12,1651,ESCOLA MUNICIPAL DE ENSINO FUNDAMENTAL MÁRIO CENTENO CRESPO,CENTRO,-51.7837647,-31.1304905,31.17,15,0.685,geocode_v0.15 (propagada)
2006,RS,4314605,78,1414,ASSOCIACAO COMUNITARIA PONTE DO IMPERIO,CENTRO,-52.960894,-31.698612,31.01,18,0.351,geocode_v0.15 (propagada)
2008,RS,4314605,78,1414,ASSOCIACAO COMUNITARIA PONTE DO IMPERIO,CENTRO,-52.960894,-31.698612,31.01,16,0.301,geocode_v0.15 (propagada)
2006,SP,3550308,352,1228,EE. PROF. ALCEU GUERNER GONZALEZ,JARDIM MIRIAM,-46.3965926,-23.5180596,30.96,4,0.574,1. Match ID Validado
2008,SP,3550308,352,1228,EE. PROF. ALCEU GUERNER GONZALEZ,JARDIM MIRIAM,-46.3965926,-23.5180596,30.96,4,0.574,1. Match ID Validado
2010,SP,3550308,352,1228,EE. PROF. ALCEU GUERNER GONZALEZ,JARDIM MIRIAM,-46.3965926,-23.5180596,30.96,4,0.574,1. Match ID Validado
2018,SP,3550308,352,1228,EE. PROF. ALCEU GUERNER GONZALEZ,JARDIM MIRIAM,-46.3965926,-23.5180596,30.96,6,0.574,1. Match ID Validado
2020,SP,3550308,352,1228,EE. PROF. ALCEU GUERNER GONZALEZ,JARDIM MIRIAM,-46.3965926,-23.5180596,30.96,6,0.574,1. Match ID Validado
2022,SP,3550308,352,1228,EE. PROF. ALCEU GUERNER GONZALEZ,JARDIM MIRIAM,-46.3965926,-23.5180596,30.96,6,0.574,Original (Não Aplicável)
2024,SP,3550308,352,1228,EE. PROF. ALCEU GUERNER GONZALEZ,JARDIM MIRIAM,-46.3965926,-23.5180596,30.96,6,0.574,chave_exata_2022
2006,RS,4318309,49,5503,ESCOLA MUNICIPAL JERONIMO MACHADO,TIARAJU,-54.338059,-29.967886,30.92,3,0.186,2. Match Núcleo+Bairro
2012,RS,4318309,49,5503,ESCOLA MUNICIPAL JERONIMO MACHADO,TIARAJU,-54.338059,-29.967886,30.92,3,0.186,2. Match Núcleo+Bairro
2006,CE,2304707,25,1554,ESCOLA DE ENSINO FUNDAMENTAL MARIA AGUIAR PEREIRA,PARAZINHO,-40.8707,-3.251433,30.89,3,0.719,Mantida Original (Inseguro para mover)
2008,CE,2304707,25,1554,ESCOLA DE ENSINO FUNDAMENTAL MARIA AGUIAR PEREIRA,PARAZINHO,-40.8707,-3.251433,30.89,3,0.719,Mantida Original (Inseguro para mover)
2010,CE,2304707,25,1554,ESCOLA DE ENSINO FUNDAMENTAL MARIA AGUIAR PEREIRA,PARAZINHO,-40.8707,-3.251433,30.89,3,0.719,Mantida Original (Inseguro para mover)
2008,RS,4318002,47,1570,ESCOLA MUNICIPAL DE 1 GRAU OLINTO DORNELLES,CENTRO,-56.228774,-28.858363,30.88,11,0.559,geocode_v0.15 (propagada)
2006,RJ,3304557,14,1570,PIEDADE FUTEBOL CLUBE,PIEDADE,-43.610926,-22.8921611,30.81,14,0.907,geocode_v0.15 (propagada)
2008,RJ,3304557,14,1570,PIEDADE FUTEBOL CLUBE,PIEDADE,-43.610926,-22.8921611,30.81,14,0.907,geocode_v0.15 (propagada)
2010,RJ,3304557,14,1570,PIEDADE FUTEBOL CLUBE,PIEDADE,-43.610926,-22.8921611,30.81,13,0.829,geocode_v0.15 (propagada)
2012,RJ,3304557,14,1570,PIEDADE FUTEBOL CLUBE,PIEDADE,-43.610926,-22.8921611,30.8,12,0.713,geocode_v0.15 (propagada)
2014,RJ,3304557,14,1570,PIEDADE FUTEBOL CLUBE,PIEDADE,-43.610926,-22.8921611,30.8,10,0.694,geocode_v0.15 (propagada)
2010,PR,4104808,185,1198,ESCOLA TIRADENTES,CENTRO,-53.16214808,-25.00265998,30.63,51,1.076,geocode_v0.15 (propagada)
2006,RS,4304507,14,1740,E.M.E.F. PRESIDENTE CASTELO BRANCO,4 DISTRITO,-52.9728782,-31.5091602,30.62,13,0.0,geocode_v0.15 (propagada)
2006,RS,4304507,14,1732,E.M.E.F. SÃO JUDAS TADEU (DESATIVADA),4 DISTRITO,-52.9728782,-31.5091602,30.62,13,0.0,geocode_v0.15 (propagada)
2008,RS,4304507,14,1740,E.M.E.F. PRESIDENTE CASTELO BRANCO,4 DISTRITO,-52.9728782,-31.5091602,30.62,14,0.0,geocode_v0.15 (propagada)
2008,RS,4304507,14,1732,E.M.E.F. SÃO JUDAS TADEU (DESATIVADA),4 DISTRITO,-52.9728782,-31.5091602,30.62,14,0.0,geocode_v0.15 (propagada)
2010,RS,4304507,14,1740,E.M.E.F. PRESIDENTE CASTELO BRANCO,4 DISTRITO,-52.9728782,-31.5091602,30.62,15,0.0,geocode_v0.15 (propagada)
2010,RS,4304507,14,1732,E.M.E.F. SÃO JUDAS TADEU (DESATIVADA),4 DISTRITO,-52.9728782,-31.5091602,30.62,15,0.0,geocode_v0.15 (propagada)
2012,RS,4304507,14,1740,E.M.E.F. PRESIDENTE CASTELO BRANCO,4 DISTRITO,-52.9728782,-31.5091602,30.62,16,0.0,geocode_v0.15 (propagada)
2012,RS,4304507,14,1732,E.M.E.F. SÃO JUDAS TADEU (DESATIVADA),4 DISTRITO,-52.9728782,-31.5091602,30.62,16,0.0,geocode_v0.15 (propagada)
2014,RS,4304507,14,1740,E.M.E.F. PRESIDENTE CASTELO BRANCO,4 DISTRITO,-52.9728782,-31.5091602,30.62,15,0.0,geocode_v0.15 (propagada)
2014,RS,4304507,14,1732,E.M.E.F. SÃO JUDAS TADEU (DESATIVADA),4 DISTRITO,-52.9728782,-31.5091602,30.62,15,0.0,geocode_v0.15 (propagada)
2016,RS,4304507,14,1740,E.M.E.F. PRESIDENTE CASTELO BRANCO,4 DISTRITO,-52.9728782,-31.5091602,30.62,15,0.0,geocode_v0.15 (propagada)
2016,RS,4304507,14,1732,E.M.E.F. SÃO JUDAS TADEU (DESATIVADA),4 DISTRITO,-52.9728782,-31.5091602,30.62,15,0.0,geocode_v0.15 (propagada)
2006,PR,4104808,185,1198,ESCOLA TIRADENTES,CENTRO,-53.16214808,-25.00265998,30.56,61,1.274,geocode_v0.15 (propagada)
2008,PR,4104808,185,1198,ESCOLA TIRADENTES,CENTRO,-53.16214808,-25.00265998,30.56,59,1.297,geocode_v0.15 (propagada)
2006,RS,4300406,5,1457,POLO EDUCACIONAL DO DURASNAL,CENTRO,-55.523451,-29.928126,30.51,17,1.066,geocode_v0.15 (propagada)
2006,PR,4128104,202,1112,COLEGIO EST DE SANTA ELIZA,CENTRO,-53.4656842,-23.5290739,30.48,15,1.016,geocode_v0.15 (propagada)
2008,PR,4128104,202,1112,COLEGIO EST DE SANTA ELIZA,CENTRO,-53.4656842,-23.5290739,30.48,15,0.994,geocode_v0.15 (propagada)
2006,RJ,3304557,212,1139,ESCOLA MUNICIPAL RUBEM BRAGA,JARDIM BOTANICO,-43.4966009,-22.8716843,30.47,8,0.482,Mantida Original (Inseguro para mover)
2006,PR,4128104,89,1228,ESC MUNIC PAULA GOMES,CENTRO,-53.465688,-23.529203,30.47,15,1.016,Mantida Original (Inseguro para mover)
2008,RJ,3304557,212,1139,ESCOLA MUNICIPAL RUBEM BRAGA,JARDIM BOTANICO,-43.4966009,-22.8716843,30.47,8,0.482,Mantida Original (Inseguro para mover)
2010,RJ,3304557,212,1139,ESCOLA MUNICIPAL RUBEM BRAGA,JARDIM BOTANICO,-43.4966009,-22.8716843,30.47,8,0.482,Mantida Original (Inseguro para mover)
2012,RJ,3304557,212,1139,ESCOLA MUNICIPAL RUBEM BRAGA,JARDIM BOTANICO,-43.4966009,-22.8716843,30.47,8,0.482,Mantida Original (Inseguro para mover)
2014,RJ,3304557,212,1139,ESCOLA MUNICIPAL RUBEM BRAGA,JARDIM BOTANICO,-43.4966009,-22.8716843,30.47,8,0.482,Mantida Original (Inseguro para mover)
2012,SP,3550308,352,1228,EE. PROF. ALCEU GUERNER GONZALEZ,JARDIM MIRIAM,-46.3965926,-23.5180596,30.41,5,0.158,1. Match ID Validado
2014,SP,3550308,352,1228,EE. PROF. ALCEU GUERNER GONZALEZ,JARDIM MIRIAM,-46.3965926,-23.5180596,30.41,5,0.158,1. Match ID Validado
2016,SP,3550308,352,1228,EE. PROF. ALCEU GUERNER GONZALEZ,JARDIM MIRIAM,-46.3965926,-23.5180596,30.41,5,0.158,1. Match ID Validado
2006,RS,4314605,78,1236,ESCOLA ESTADUAL ANAIR GOMES,CENTRO,-53.0627,-31.719059,30.4,18,0.351,geocode_v0.15 (propagada)
2008,MG,3168606,269,1287,INSTITUTO MINEIRO DE AGROPECUARIA,CENTRO,-41.236275,-17.779599,30.36,18,0.46,Mantida Original (Inseguro para mover)
2018,SP,3550308,349,1040,EE. PROFA. MARIA ANGELITA SAYAGO DE LAET,JARDIM MODELO,-46.5779648,-23.4667902,30.33,3,0.015,1. Match ID Validado
2020,SP,3550308,349,1040,EE. PROFA. MARIA ANGELITA SAYAGO DE LAET,JARDIM MODELO,-46.5779648,-23.4667902,30.33,3,0.015,1. Match ID Validado
2022,SP,3550308,349,1040,EE. PROFA. MARIA ANGELITA SAYAGO DE LAET,JARDIM MODELO,-46.5779648,-23.4667902,30.33,3,0.015,Original (Não Aplicável)
2024,SP,3550308,349,1040,EE. PROFA. MARIA ANGELITA SAYAGO DE LAET,JARDIM MODELO,-46.5779648,-23.4667902,30.33,3,0.015,chave_exata_2022
2012,MA,2109270,106,1201,ESCOLA MUNICIPAL CALOS AUGUSTO NUNES CASTRO,POVOADO - ZONA RURAL,-45.27015528,-2.53314496,30.32,3,0.0,1. Match ID Validado
2014,MA,2109270,106,1201,ESCOLA MUNICIPAL CALOS AUGUSTO NUNES CASTRO,POVOADO - ZONA RURAL,-45.27015528,-2.53314496,30.32,3,0.0,1. Match ID Validado
2006,PR,4119608,38,1031,ESCOLA IMPERATRIZ LEOPOLDINA,CENTRO,-51.5199155,-24.6011945,30.3,17,0.082,Mantida Original (Inseguro para mover)
2008,PR,4119608,38,1031,ESCOLA IMPERATRIZ LEOPOLDINA,CENTRO,-51.5199155,-24.6011945,30.3,17,0.082,Mantida Original (Inseguro para mover)
2010,PR,4119608,38,1031,ESCOLA IMPERATRIZ LEOPOLDINA,CENTRO,-51.5199155,-24.6011945,30.3,17,0.082,Mantida Original (Inseguro para mover)
2012,PR,4119608,38,1031,ESCOLA IMPERATRIZ LEOPOLDINA,CENTRO,-51.5199155,-24.6011945,30.3,17,0.082,Mantida Original (Inseguro para mover)
2022,MG,3129400,24,1015,ESCOLA ESTADUAL SANTO ANTONIO,CENTRO,-43.7779589,-21.2227677,30.29,3,0.077,geocode_v0.15 (propagada)
2024,MG,3129400,24,1015,ESCOLA ESTADUAL SANTO ANTONIO - CENTRO,CENTRO,-43.7779589,-21.2227677,30.29,3,0.077,chave_exata_2022
2006,BA,2932705,198,1163,ESCOLA ELIES HAUN,CENTRO,-39.035175,-14.467975,30.15,10,0.271,1. Match ID Validado
2006,RJ,3302205,107,1031,SECRETARIA DESENVOLVIMENTO IND.COM.E TURISMO,CENTRO,-41.627078,-21.318784,30.09,9,0.181,Mantida Original (Inseguro para mover)
2008,BA,2932705,198,1163,ESCOLA ELIES HAUN,CENTRO,-39.035175,-14.467975,30.09,12,0.261,1. Match ID Validado
2010,BA,2932705,198,1163,ESCOLA ELIES HAUN,CENTRO,-39.035175,-14.467975,30.09,12,0.261,1. Match ID Validado
2012,BA,2932705,198,1163,ESCOLA ELIES HAUN,CENTRO,-39.035175,-14.467975,30.07,13,0.282,1. Match ID Validado
2014,BA,2932705,198,1163,ESCOLA ELIES HAUN,CENTRO,-39.035175,-14.467975,30.07,12,0.188,1. Match ID Validado
2016,BA,2932705,198,1163,ESCOLA ELIES HAUN,CENTRO,-39.035175,-14.467975,30.07,15,0.25,1. Match ID Validado
2018,BA,2932705,198,1163,ESCOLA ELIES HAUN,CENTRO,-39.035175,-14.467975,30.07,16,0.25,1. Match ID Validado
2020,BA,2932705,198,1163,ESCOLA ELIES HAUN,CENTRO,-39.035175,-14.467975,30.07,15,0.25,1. Match ID Validado
2022,BA,2932705,198,1163,ESCOLA ELIES HAUN,CENTRO,-39.035175,-14.467975,30.07,13,0.282,Original (Não Aplicável)
2012,BA,2932705,198,1201,ELIES HAUN - ANEXO 1,CENTRO,-39.0352781,-14.4678463,30.06,13,0.282,1. Match ID Validado
2012,BA,2932705,198,1295,ELIES HAUN - ANEXO 2,CENTRO,-39.0352781,-14.4678463,30.06,13,0.282,1. Match ID Validado
2014,BA,2932705,198,1201,ELIES HAUN - ANEXO 1,CENTRO,-39.0352781,-14.4678463,30.06,12,0.188,1. Match ID Validado
2014,BA,2932705,198,1295,ELIES HAUN - ANEXO 2,CENTRO,-39.0352781,-14.4678463,30.06,12,0.188,1. Match ID Validado
2016,BA,2932705,198,1201,ELIES HAUN - ANEXO 1,CENTRO,-39.0352781,-14.4678463,30.06,15,0.25,1. Match ID Validado
2016,BA,2932705,198,1295,ELIES HAUN - ANEXO 2,CENTRO,-39.0352781,-14.4678463,30.06,15,0.25,1. Match ID Validado
2018,BA,2932705,198,1201,ELIES HAUN - ANEXO 1,CENTRO,-39.0352781,-14.4678463,30.06,16,0.25,1. Match ID Validado
2018,BA,2932705,198,1295,ELIES HAUN - ANEXO 2,CENTRO,-39.0352781,-14.4678463,30.06,16,0.25,1. Match ID Validado
2020,BA,2932705,198,1201,ELIES HAUN - ANEXO 1,CENTRO,-39.0352781,-14.4678463,30.06,15,0.25,1. Match ID Validado
2020,BA,2932705,198,1295,ELIES HAUN - ANEXO 2,CENTRO,-39.0352781,-14.4678463,30.06,15,0.25,1. Match ID Validado
2022,BA,2932705,198,1201,ELIES HAUN - ANEXO 1,CENTRO,-39.0352781,-14.4678463,30.06,13,0.282,Original (Não Aplicável)
2022,BA,2932705,198,1295,ELIES HAUN - ANEXO 2,CENTRO,-39.0352781,-14.4678463,30.06,13,0.282,Original (Não Aplicável)
2006,RJ,3304557,177,1058,ESCOLA MUNICIPAL SÃO JOÃO BATISTA,CORDOVIL,-43.5786697,-22.8900737,29.98,16,1.014,geocode_v0.15 (propagada)
2008,RJ,3304557,177,1058,COLEGIO SANTA CLARA,CORDOVIL,-43.5786697,-22.8900737,29.98,16,1.014,geocode_v0.15 (propagada)
2006,MG,3132503,135,1120,IGREJA NOSSA SENHORA DO ROSARIO,CENTRO,-42.634079,-17.695279,29.97,3,0.126,Mantida Original (Inseguro para mover)
2008,MG,3132503,135,1120,IGREJA NOSSA SENHORA DO ROSARIO,CENTRO,-42.634079,-17.695279,29.97,3,0.126,Mantida Original (Inseguro para mover)
2012,RJ,3304557,188,5582,CIEP - BRANDAO MONTEIRO,PENHA,-43.5565646,-22.9278636,29.94,28,0.642,geocode_v0.15 (propagada)
2012,RJ,3304557,206,1058,BANCO DO ESTADO DO RIO GRANDE DO SUL,COPACABANA,-43.4727913,-23.0294966,29.93,64,0.688,geocode_v0.15 (propagada)
2014,RJ,3304557,206,1058,BANCO DO ESTADO DO RIO GRANDE DO SUL,COPACABANA,-43.4727913,-23.0294966,29.93,64,0.688,geocode_v0.15 (propagada)
2016,RJ,3304557,206,1058,BANCO DO ESTADO DO RIO GRANDE DO SUL,COPACABANA,-43.4727913,-23.0294966,29.93,63,0.629,geocode_v0.15 (propagada)
2006,RJ,3304557,206,1058,BANCO DO ESTADO DO RIO GRANDE DO SUL,COPACABANA,-43.4727913,-23.0294966,29.83,65,0.616,geocode_v0.15 (propagada)
2008,RJ,3304557,206,1058,BANCO DO ESTADO DO RIO GRANDE DO SUL,COPACABANA,-43.4727913,-23.0294966,29.83,64,0.619,geocode_v0.15 (propagada)
2010,RJ,3304557,206,1058,BANCO DO ESTADO DO RIO GRANDE DO SUL,COPACABANA,-43.4727913,-23.0294966,29.83,64,0.616,geocode_v0.15 (propagada)
2016,MA,2109502,75,1015,UNIDADE ESCOLAR GOVERNADOR LUIZ ROCHA,CENTRO - ZONA URBANA,-46.5202649,-7.1181694,29.77,5,0.609,1. Match ID Validado
2018,MA,2109502,75,1015,UNIDADE ESCOLAR GOVERNADOR LUIZ ROCHA,CENTRO - ZONA URBANA,-46.5202649,-7.1181694,29.77,5,0.609,1. Match ID Validado
2020,MA,2109502,75,1015,UNIDADE ESCOLAR GOVERNADOR LUIZ ROCHA,CENTRO - ZONA URBANA,-46.5202649,-7.1181694,29.77,5,0.609,1. Match ID Validado
2022,MA,2109502,75,1015,UNIDADE ESCOLAR GOVERNADOR LUIZ ROCHA,CENTRO - ZONA URBANA,-46.5202649,-7.1181694,29.77,5,0.609,Original (Não Aplicável)
2024,MA,2109502,75,1015,UNIDADE ESCOLAR GOVERNADOR LUIZ ROCHA,CENTRO - ZONA URBANA,-46.5202649,-7.1181694,29.77,4,0.609,chave_exata_2022
2024,PA,1501006,34,1457,EMEIFPROFª MARIA DA GLORIA RODRIGUES PAIXAO,CENTRO,-55.4921430696901,-3.8205572048892,29.76,5,0.12,geocode_v0.15 (modelo)
2006,BA,2926202,182,1139,ESCOLA PROFESSOR IVARDO PEREIRA BASTOS,CENTRO,-45.03955,-11.512335,29.73,9,0.436,1. Match ID Validado
2008,BA,2926202,182,1139,ESCOLA PROFESSOR IVARDO PEREIRA BASTOS,CENTRO,-45.03955,-11.512335,29.73,9,0.436,1. Match ID Validado
2010,BA,2926202,182,1139,ESCOLA PROFESSOR IVARDO PEREIRA BASTOS,CENTRO,-45.03955,-11.512335,29.73,9,0.436,1. Match ID Validado
2012,BA,2926202,182,1139,ESCOLA PROFESSOR IVARDO PEREIRA BASTOS,CENTRO,-45.03955,-11.512335,29.73,9,0.436,1. Match ID Validado
2008,RS,4307104,72,1180,ESC. MUN. CAROLINA ANALIA MORAIS SAIS,CENTRO,-53.666322,-32.16024,29.69,11,0.858,geocode_v0.15 (propagada)
2006,BA,2905206,63,1899,ESCOLA MUNICIPAL MAURICIO DE NASSAU,DISTRITO DE MANIAÇU,-42.3514483333333,-13.9068616666667,29.6,5,0.0,1. Match ID Validado
2006,BA,2931004,196,1066,MERCADO MUNICIPAL,DISTRITO SUCUARANA,-41.241815,-13.894051,29.56,3,0.239,Mantida Original (Inseguro para mover)
2008,BA,2931004,196,1066,MERCADO MUNICIPAL,DISTRITO SUCUARANA,-41.241815,-13.894051,29.56,3,0.239,Mantida Original (Inseguro para mover)
2010,BA,2931004,196,1066,MERCADO MUNICIPAL,DISTRITO SUCUARANA,-41.241815,-13.894051,29.56,3,0.239,Mantida Original (Inseguro para mover)
2012,BA,2931004,196,1066,MERCADO MUNICIPAL,DISTRITO SUCUARANA,-41.241815,-13.894051,29.56,3,0.239,Mantida Original (Inseguro para mover)
2014,BA,2931004,196,1066,MERCADO MUNICIPAL,DISTRITO SUCUARANA,-41.241815,-13.894051,29.56,3,0.239,Mantida Original (Inseguro para mover)
2016,BA,2931004,58,1066,MERCADO MUNICIPAL,DISTRITO SUCUARANA,-41.241815,-13.894051,29.56,3,0.239,Mantida Original (Inseguro para mover)
2018,BA,2931004,58,1066,MERCADO MUNICIPAL,DISTRITO SUCUARANA,-41.241815,-13.894051,29.56,3,0.239,Mantida Original (Inseguro para mover)
2020,BA,2931004,58,1066,MERCADO MUNICIPAL,DISTRITO SUÇUARANA,-41.241815,-13.894051,29.56,3,0.239,Mantida Original (Inseguro para mover)
2010,AM,1300607,20,1163,E. M. I NOVO PORTO LIMA,ZONA RURAL INDÍGENA,-69.72844959,-4.37193725,29.44,3,0.753,1. Match ID Validado
2006,CE,2300309,60,2100,ESCOLA 1 GRAU PEDRO PEREIRA DE ARAUJO,CENTRO,-39.19255665,-6.13908387,29.41,26,0.397,geocode_v0.15 (propagada)
2008,CE,2300309,60,2100,ESCOLA 1 GRAU PEDRO PEREIRA DE ARAUJO,CENTRO,-39.19255665,-6.13908387,29.41,26,0.397,geocode_v0.15 (propagada)
2024,SP,3550308,353,2135,EMEI PROFº WILSON REIS SANTOS,JD LOURDES,-46.3926124,-23.5280817,29.28,3,0.043,chave_exata_2022
2024,BA,2933307,40,2089,ESCOLA MUNICIPAL JOVELINO ALVES DE OLIVEIRA,DISTRITO JOSÉ GONÇALVES,-40.9214998,-14.62665,29.22,15,0.021,chave_exata_2022
2010,MA,2109502,75,1015,UNIDADE ESCOLAR GOVERNADOR LUIZ ROCHA,CENTRO - ZONA URBANA,-46.5202649,-7.1181694,29.21,5,0.609,1. Match ID Validado
2006,MA,2109502,75,1015,UNIDADE ESCOLAR GOVERNADOR LUIZ ROCHA,CENTRO - ZONA URBANA,-46.5202649,-7.1181694,29.17,6,0.64,1. Match ID Validado
2008,MA,2109502,75,1015,UNIDADE ESCOLAR GOVERNADOR LUIZ ROCHA,CENTRO - ZONA URBANA,-46.5202649,-7.1181694,29.17,6,0.64,1. Match ID Validado
2012,MA,2109502,75,1015,UNIDADE ESCOLAR GOVERNADOR LUIZ ROCHA,CENTRO - ZONA URBANA,-46.5202649,-7.1181694,29.17,6,0.64,1. Match ID Validado
2014,MA,2109502,75,1015,UNIDADE ESCOLAR GOVERNADOR LUIZ ROCHA,CENTRO - ZONA URBANA,-46.5202649,-7.1181694,29.17,6,0.64,1. Match ID Validado
2006,MG,3135209,148,2267,ESCOLA MUNICIPAL DE BARREIRO DOS VIEIRAS,SÃO JOAQUIM,-44.895635,-15.56154,28.94,22,0.0,1. Match ID Validado
2008,MG,3135209,148,2267,ESCOLA MUNICIPAL DE BARREIRO DOS VIEIRAS,SÃO JOAQUIM,-44.895635,-15.56154,28.94,22,0.0,1. Match ID Validado
2010,MG,3135209,148,2267,ESCOLA MUNICIPAL DE BARREIRO DOS VIEIRAS,SÃO JOAQUIM,-44.895635,-15.56154,28.94,17,0.0,1. Match ID Validado
2012,MG,3135209,148,2267,ESCOLA MUNICIPAL DE BARREIRO DOS VIEIRAS,SÃO JOAQUIM,-44.895635,-15.56154,28.94,18,0.0,1. Match ID Validado
2014,MG,3135209,148,2267,ESCOLA MUNICIPAL DE BARREIRO DOS VIEIRAS,SÃO JOAQUIM,-44.895635,-15.56154,28.94,17,0.0,1. Match ID Validado
2016,MG,3135209,148,2267,ESCOLA MUNICIPAL DE BARREIRO DOS VIEIRAS,SÃO JOAQUIM,-44.895635,-15.56154,28.94,17,0.0,1. Match ID Validado
2018,MG,3135209,148,2267,ESCOLA MUNICIPAL DE BARREIRO DOS VIEIRAS,SÃO JOAQUIM,-44.895635,-15.56154,28.94,17,0.0,1. Match ID Validado
2020,MG,3135209,148,2267,ESCOLA MUNICIPAL DE BARREIRO DOS VIEIRAS,SÃO JOAQUIM,-44.895635,-15.56154,28.94,17,0.0,1. Match ID Validado
2022,MG,3135209,148,2267,ESCOLA MUNICIPAL DE BARREIRO DOS VIEIRAS,SÃO JOAQUIM,-44.895635,-15.56154,28.94,17,0.0,Original (Não Aplicável)
2024,MG,3135209,148,2267,ASSOCIAÇÃO COMUNITÁRIA DE BARREIRO DOS VIEIRAS,SÃO JOAQUIM,-44.895635,-15.56154,28.94,17,0.0,chave_exata_2022
2010,MG,3133402,297,1023,ESCOLA ESTADUAL ALONSO DE MORAIS ANDRADE,CENTRO,-49.636468,-19.83727,28.89,3,0.29,1. Match ID Validado
2012,MG,3133402,297,1023,ESCOLA ESTADUAL ALONSO DE MORAIS ANDRADE,CENTRO,-49.636468,-19.83727,28.89,3,0.29,1. Match ID Validado
2024,RS,4302808,9,1635,ESCOLA M. FELIPE CAMARAO,CENTRO,-53.394375,-30.269475,28.89,23,1.194,chave_exata_2022
2006,RS,4302808,9,1635,ESCOLA M. FELIPE CAMARAO,CENTRO,-53.394375,-30.269475,28.85,32,1.705,geocode_v0.15 (propagada)
2008,RS,4302808,9,1635,ESCOLA M. FELIPE CAMARAO,CENTRO,-53.394375,-30.269475,28.85,31,1.705,geocode_v0.15 (propagada)
2010,RS,4302808,9,1635,ESCOLA M. FELIPE CAMARAO,CENTRO,-53.394375,-30.269475,28.85,31,1.705,geocode_v0.15 (propagada)
2012,RS,4302808,9,1635,ESCOLA M. FELIPE CAMARAO,CENTRO,-53.394375,-30.269475,28.85,29,1.705,geocode_v0.15 (propagada)
2018,SP,3550308,4,1562,CENTRO DE DETENCAO PROVISORIA DE BELEM I,CHACARA BELENZINHO,-46.7926116,-23.6867992,28.62,4,1.184,geocode_v0.15 (propagada)
2006,RJ,3304557,124,1406,JARDIM DE INFANCIA REPUBLICA ARABE UNIDA,BANGU,-43.1950225,-22.9068915,28.58,34,1.12,geocode_v0.15 (propagada)
2008,RJ,3304557,124,1406,JARDIM DE INFANCIA REPUBLICA ARABE UNIDA,BANGU,-43.1950225,-22.9068915,28.58,34,1.12,geocode_v0.15 (propagada)
2010,RJ,3304557,124,1406,JARDIM DE INFANCIA REPUBLICA ARABE UNIDA,BANGU,-43.1950225,-22.9068915,28.58,35,1.12,geocode_v0.15 (propagada)
2012,RJ,3304557,124,1406,JARDIM DE INFANCIA REPUBLICA ARABE UNIDA,BANGU,-43.1950225,-22.9068915,28.58,34,1.12,geocode_v0.15 (propagada)
2014,RJ,3304557,124,1295,ESCOLA MUNICIPAL GETULIO VARGAS,BANGU,-43.1950225,-22.9068915,28.58,34,1.12,geocode_v0.15 (propagada)
2006,CE,2310407,33,1104,ESCOLA MUNICIPAL NOSSA SENHORA DO PERPETUO SOCORRO,CENTRO,-39.47071125,-4.20769039,28.44,6,0.409,geocode_v0.15 (propagada)
2010,SP,3550308,420,5542,ALVORADA INSTITUTO DE EDUCACAO E CULTURA,VILA GUSTAVO,-46.7722263,-23.680372,28.42,4,0.562,geocode_v0.15 (propagada)
2012,SP,3550308,420,5542,ALVORADA INSTITUTO DE EDUCACAO E CULTURA,VILA GUSTAVO,-46.7722263,-23.680372,28.42,4,0.562,geocode_v0.15 (propagada)
2014,SP,3550308,420,5542,ALVORADA INSTITUTO DE EDUCACAO E CULTURA,VILA GUSTAVO,-46.7722263,-23.680372,28.42,4,0.562,geocode_v0.15 (propagada)
2008,PA,1501709,13,1210,PREFEITURA MUNICIPAL,CENTRO,-46.88303,-1.280712,28.3,15,0.776,Mantida Original (Inseguro para mover)
2010,PA,1501709,13,1210,PREFEITURA MUNICIPAL,CENTRO,-46.88303,-1.280712,28.3,16,0.805,Mantida Original (Inseguro para mover)
2006,PA,1501709,13,1210,PREFEITURA MUNICIPAL,CENTRO,-46.88303,-1.280712,28.25,21,0.727,Mantida Original (Inseguro para mover)
2006,CE,2300309,60,1546,ESCOLA DE PRIMEIRO GRAU MANOEL JOSE DE ARAUJO,CENTRO,-39.2015497,-6.1176129,28.1,26,0.397,Mantida Original (Inseguro para mover)
2008,CE,2300309,60,1546,ESCOLA DE PRIMEIRO GRAU MANOEL JOSE DE ARAUJO,CENTRO,-39.2015497,-6.1176129,28.1,26,0.397,Mantida Original (Inseguro para mover)
2006,PE,2602001,80,1244,CRECHE MUNICIPAL DE FEITORIA,TERCEIRO DISTRITO,-39.929916,-7.779423,28.07,5,0.008,Mantida Original (Inseguro para mover)
2008,PE,2602001,80,1244,CRECHE MUNICIPAL DE FEITORIA,TERCEIRO DISTRITO,-39.929916,-7.779423,28.07,5,0.008,Mantida Original (Inseguro para mover)
2010,PE,2602001,80,1244,CRECHE MUNICIPAL DE FEITORIA,TERCEIRO DISTRITO,-39.929916,-7.779423,28.07,5,0.008,Mantida Original (Inseguro para mover)
2012,PE,2602001,80,1244,CRECHE MUNICIPAL DE FEITORIA,TERCEIRO DISTRITO,-39.929916,-7.779423,28.07,5,0.008,Mantida Original (Inseguro para mover)
2006,MG,3135209,148,1678,ESCOLA MUNICIPAL DE GROTINHA,SÃO JOAQUIM,-45.093116,-15.248173,28.04,22,0.0,1. Match ID Validado
2008,MG,3135209,148,1678,ESCOLA MUNICIPAL DE GROTINHA,SÃO JOAQUIM,-45.093116,-15.248173,28.04,22,0.0,1. Match ID Validado
2010,MG,3135209,148,1678,ESCOLA MUNICIPAL DE GROTINHA,SÃO JOAQUIM,-45.093116,-15.248173,28.04,17,0.0,1. Match ID Validado
2012,MG,3135209,148,1678,ESCOLA MUNICIPAL DE GROTINHA,SÃO JOAQUIM,-45.093116,-15.248173,28.04,18,0.0,1. Match ID Validado
2014,MG,3135209,148,1678,ESCOLA MUNICIPAL DE GROTINHA,SÃO JOAQUIM,-45.093116,-15.248173,28.04,17,0.0,1. Match ID Validado
2016,MG,3135209,148,1678,ESCOLA MUNICIPAL DE GROTINHA,SÃO JOAQUIM,-45.093116,-15.248173,28.04,17,0.0,1. Match ID Validado
2018,MG,3135209,148,1678,ESCOLA MUNICIPAL DE GROTINHA,SÃO JOAQUIM,-45.093116,-15.248173,28.04,17,0.0,1. Match ID Validado
2020,MG,3135209,148,1678,ESCOLA MUNICIPAL DE GROTINHA,SÃO JOAQUIM,-45.093116,-15.248173,28.04,17,0.0,1. Match ID Validado
2022,MG,3135209,148,1678,ESCOLA MUNICIPAL DE GROTINHA,SÃO JOAQUIM,-45.093116,-15.248173,28.04,17,0.0,Original (Não Aplicável)
2024,MG,3135209,148,1678,ESCOLA MUNICIPAL DE GROTINHA,SÃO JOAQUIM,-45.093116,-15.248173,28.04,17,0.0,chave_exata_2022
2014,SP,3550308,392,1260,EE. PROFESSOR LUIZ GONZAGA DE CARVALHO MELO,VILA SÃO FRANCISCO,-46.4897,-23.5161,27.83,3,0.044,1. Match ID Validado
2016,SP,3550308,392,1260,EE. PROFESSOR LUIZ GONZAGA DE CARVALHO MELO,VILA SÃO FRANCISCO,-46.4897,-23.5161,27.83,3,0.044,1. Match ID Validado
2018,SP,3550308,392,1260,EE. PROFESSOR LUIZ GONZAGA DE CARVALHO MELO,VILA SÃO FRANCISCO,-46.4897,-23.5161,27.83,3,0.044,1. Match ID Validado
2020,SP,3550308,392,1260,EE. PROFESSOR LUIZ GONZAGA DE CARVALHO MELO,VILA SÃO FRANCISCO,-46.4897,-23.5161,27.83,3,0.044,1. Match ID Validado
2024,BA,2933307,40,2151,ESCOLA MUNICIPAL PAULINO SANTOS,DISTRITO JOSÉ GONÇALVES,-40.7933942,-14.6220705,27.79,15,0.02,chave_exata_2022
2006,MG,3135209,148,1597,ESCOLA ESTADUAL FRANCISCO VIANA DE MATOS / VÁRZEA BONITA,SÃO JOAQUIM,-45.1678365,-15.2439378,27.73,22,0.0,geocode_v0.15 (propagada)
2006,RS,4304507,14,1937,ESCOLA MUNICIPAL DE 1 GRAU INC. MACHADO DE ASSIS,CENTRO,-52.49686833,-31.19748167,27.73,32,0.437,geocode_v0.15 (propagada)
2008,MG,3135209,148,1597,ESCOLA ESTADUAL FRANCISCO VIANA DE MATOS / VÁRZEA BONITA,SÃO JOAQUIM,-45.1678365,-15.2439378,27.73,22,0.0,geocode_v0.15 (propagada)
2008,RS,4304507,14,1937,ESCOLA MUNICIPAL DE 1 GRAU INC. MACHADO DE ASSIS,CENTRO,-52.49686833,-31.19748167,27.73,28,0.476,geocode_v0.15 (propagada)
2010,MG,3135209,148,1597,ESCOLA ESTADUAL FRANCISCO VIANA DE MATOS / VÁRZEA BONITA,SÃO JOAQUIM,-45.1678365,-15.2439378,27.73,17,0.0,geocode_v0.15 (propagada)
2010,RS,4304507,14,1937,ESCOLA MUNICIPAL DE 1 GRAU INC. MACHADO DE ASSIS,CENTRO,-52.49686833,-31.19748167,27.73,15,0.476,geocode_v0.15 (propagada)
2012,MG,3135209,148,1597,ESCOLA ESTADUAL FRANCISCO VIANA DE MATOS / VÁRZEA BONITA,SÃO JOAQUIM,-45.1678365,-15.2439378,27.73,18,0.0,geocode_v0.15 (propagada)
2014,MG,3135209,148,1597,ESCOLA ESTADUAL FRANCISCO VIANA DE MATOS / VÁRZEA BONITA,SÃO JOAQUIM,-45.1678365,-15.2439378,27.73,17,0.0,geocode_v0.15 (propagada)
2016,MG,3135209,148,1597,ESCOLA ESTADUAL FRANCISCO VIANA DE MATOS / VÁRZEA BONITA,SÃO JOAQUIM,-45.1678365,-15.2439378,27.73,17,0.0,geocode_v0.15 (propagada)
2018,MG,3135209,148,1597,ESCOLA ESTADUAL FRANCISCO VIANA DE MATOS / VÁRZEA BONITA,SÃO JOAQUIM,-45.1678365,-15.2439378,27.73,17,0.0,geocode_v0.15 (propagada)
2020,MG,3135209,148,1597,ESCOLA ESTADUAL FRANCISCO VIANA DE MATOS / VÁRZEA BONITA,SÃO JOAQUIM,-45.1678365,-15.2439378,27.73,17,0.0,geocode_v0.15 (propagada)
2022,MG,3135209,148,1597,ESCOLA ESTADUAL FRANCISCO VIANA DE MATOS / VÁRZEA BONITA,SÃO JOAQUIM,-45.1678365,-15.2439378,27.73,17,0.0,geocode_v0.15 (propagada)
2024,MG,3135209,148,1597,ESCOLA ESTADUAL FRANCISCO VIANA DE MATOS / VÁRZEA BONITA,SÃO JOAQUIM,-45.1678365,-15.2439378,27.73,17,0.0,chave_exata_2022
2006,MG,3139409,167,1260,ESCOLA ESTADUAL MANOEL AGOSTINHO FERREIRA - DOM CORRÊA/MANHUAÇU,CENTRO,-42.1804035,-20.0492272,27.7,15,0.491,geocode_v0.15 (propagada)
2008,MG,3139409,167,1260,ESCOLA ESTADUAL MANOEL AGOSTINHO FERREIRA - DOM CORRÊA/MANHUAÇU,CENTRO,-42.1804035,-20.0492272,27.7,14,0.491,geocode_v0.15 (propagada)
2010,CE,2309300,48,1414,ESCOLA MUNICIPAL ANTONIO MARTINS FARIAS,MAJOR SIMPLICIO,-40.572835,-4.765105,27.7,3,0.384,Mantida Original (Inseguro para mover)
2010,MG,3139409,167,1260,ESCOLA ESTADUAL MANOEL AGOSTINHO FERREIRA - DOM CORRÊA/MANHUAÇU,CENTRO,-42.1804035,-20.0492272,27.7,14,0.491,geocode_v0.15 (propagada)
2012,MG,3139409,167,1260,ESCOLA ESTADUAL MANOEL AGOSTINHO FERREIRA - DOM CORRÊA/MANHUAÇU,CENTRO,-42.1804035,-20.0492272,27.7,15,0.491,geocode_v0.15 (propagada)
2014,MG,3139409,167,1260,ESCOLA ESTADUAL MANOEL AGOSTINHO FERREIRA - DOM CORRÊA/MANHUAÇU,CENTRO,-42.1804035,-20.0492272,27.7,14,0.491,geocode_v0.15 (propagada)
2016,MG,3139409,167,1260,ESCOLA ESTADUAL MANOEL AGOSTINHO FERREIRA - DOM CORRÊA/MANHUAÇU,CENTRO,-42.1804035,-20.0492272,27.7,13,0.454,geocode_v0.15 (propagada)
2018,MG,3139409,167,1260,ESCOLA ESTADUAL MANOEL AGOSTINHO FERREIRA - DOM CORRÊA/MANHUAÇU,CENTRO,-42.1804035,-20.0492272,27.7,13,0.454,geocode_v0.15 (propagada)
2020,MG,3139409,167,1260,ESCOLA ESTADUAL MANOEL AGOSTINHO FERREIRA - DOM CORRÊA/MANHUAÇU,CENTRO,-42.1804035,-20.0492272,27.7,13,0.454,geocode_v0.15 (propagada)
2022,MG,3139409,167,1260,ESCOLA ESTADUAL MANOEL AGOSTINHO FERREIRA - DOM CORRÊA/MANHUAÇU,CENTRO,-42.1804035,-20.0492272,27.7,13,0.454,geocode_v0.15 (propagada)
2024,MG,3139409,167,1260,ESCOLA ESTADUAL MANOEL AGOSTINHO FERREIRA - DOM CORRÊA/MANHUAÇU,CENTRO,-42.1804035,-20.0492272,27.7,13,0.454,chave_exata_2022
2006,PA,1506807,20,4170,EMEF FRANCISCO PEREIRA DOS SANTOS,PLANALTO,-54.505912,-2.720153,27.68,21,0.019,Mantida Original (Inseguro para mover)
2006,MA,2108603,37,1171,UNIDADE ESCOLAR ELIZABETO CARVALHO,CENTRO ZONA URBANA,-45.2428264,-2.7079108,27.57,7,0.363,Mantida Original (Inseguro para mover)
2008,MA,2108603,37,1171,UNIDADE ESCOLAR ELIZABETO CARVALHO,CENTRO ZONA URBANA,-45.2428264,-2.7079108,27.57,7,0.363,Mantida Original (Inseguro para mover)
2010,MA,2108603,37,1171,UNIDADE ESCOLAR ELIZABETO CARVALHO,CENTRO ZONA URBANA,-45.2428264,-2.7079108,27.57,7,0.363,Mantida Original (Inseguro para mover)
2012,MA,2108603,37,1171,UNIDADE ESCOLAR ELIZABETO CARVALHO,CENTRO ZONA URBANA,-45.2428264,-2.7079108,27.57,8,0.365,Mantida Original (Inseguro para mover)
2014,MA,2108603,37,1171,UNIDADE ESCOLAR ELIZABETO CARVALHO,CENTRO ZONA URBANA,-45.2428264,-2.7079108,27.57,7,0.363,Mantida Original (Inseguro para mover)
2014,BA,2917607,76,1376,ESPECIAL NOSSA SENHORA AUXILIADORA,DISTRITO STELA CAMARA DUBOIS,-39.85034053,-13.6569281,27.56,5,1.052,geocode_v0.15 (propagada)
2016,BA,2917607,76,1376,ESPECIAL NOSSA SENHORA AUXILIADORA,DISTRITO STELA CAMARA DUBOIS,-39.85034053,-13.6569281,27.56,5,1.052,geocode_v0.15 (propagada)
2018,BA,2917607,76,1376,ESPECIAL NOSSA SENHORA AUXILIADORA,DISTRITO STELA CAMARA DUBOIS,-39.85034053,-13.6569281,27.56,5,1.052,geocode_v0.15 (propagada)
2010,SP,3522307,52,2089,AEI - ORGANIZACAO SUPERIOR DE ENSINO.,CENTRO,-48.316575,-23.5960982,27.51,6,0.46,geocode_v0.15 (propagada)
2012,SP,3522307,52,2089,AEI - ORGANIZACAO SUPERIOR DE ENSINO.,CENTRO,-48.316575,-23.5960982,27.51,7,0.46,geocode_v0.15 (propagada)
2014,SP,3522307,52,2089,AEI - ORGANIZACAO SUPERIOR DE ENSINO.,CENTRO,-48.316575,-23.5960982,27.51,8,0.46,geocode_v0.15 (propagada)
2006,PR,4109302,112,1392,GRUPO ESCOLAR IMACULADA CONCEICAO,CENTRO,-52.8375066666667,-24.8545733333333,27.49,17,0.232,Mantida Original (Inseguro para mover)
2008,PR,4109302,112,1392,GRUPO ESCOLAR IMACULADA CONCEICAO,CENTRO,-52.8375066666667,-24.8545733333333,27.49,17,0.232,Mantida Original (Inseguro para mover)
2008,RS,4307104,72,1163,ESC. EST. DE 1 GRAU INC. SAO FRANCISCO DE PAULA,CENTRO,-53.107988,-31.979547,27.48,11,0.858,geocode_v0.15 (propagada)
2006,RJ,3304557,233,1090,COLÉGIO PEDRO II - UNIDADE II,REALENGO,-43.6874852,-22.9363598,27.47,35,1.361,geocode_v0.15 (propagada)
2008,RJ,3304557,233,1090,COLÉGIO PEDRO II - UNIDADE II,REALENGO,-43.6874852,-22.9363598,27.47,35,1.361,geocode_v0.15 (propagada)
2010,RJ,3304557,233,1090,COLÉGIO PEDRO II - UNIDADE II,REALENGO,-43.6874852,-22.9363598,27.47,36,1.382,geocode_v0.15 (propagada)
2010,MG,3146107,200,1201,ESCOLA MUNICIPAL DE EDUCACAO INFANTIL SUELY,DISTRITO SANTA RITA DE OURO PRETO,-43.478931,-20.2950024,27.45,3,0.445,geocode_v0.15 (propagada)
2012,MG,3146107,200,1201,ESCOLA MUNICIPAL DE EDUCACAO INFANTIL SUELY,DISTRITO SANTA RITA DE OURO PRETO,-43.478931,-20.2950024,27.45,3,0.445,geocode_v0.15 (propagada)
2014,MG,3146107,200,1201,ESCOLA MUNICIPAL DE EDUCACAO INFANTIL SUELY,DISTRITO SANTA RITA DE OURO PRETO,-43.478931,-20.2950024,27.45,3,0.445,geocode_v0.15 (propagada)
2016,MG,3146107,200,1201,ESCOLA MUNICIPAL DE EDUCACAO INFANTIL SUELY,DISTRITO SANTA RITA DE OURO PRETO,-43.478931,-20.2950024,27.45,3,0.445,geocode_v0.15 (propagada)
2018,MG,3146107,200,1201,ESCOLA MUNICIPAL DE EDUCACAO INFANTIL SUELY,DISTRITO SANTA RITA DE OURO PRETO,-43.478931,-20.2950024,27.45,3,0.445,geocode_v0.15 (propagada)
2020,MG,3146107,200,1201,ESCOLA MUNICIPAL DE EDUCACAO INFANTIL SUELY,DISTRITO SANTA RITA DE OURO PRETO,-43.478931,-20.2950024,27.45,3,0.445,geocode_v0.15 (propagada)
2022,MG,3146107,200,1201,ESCOLA MUNICIPAL DE EDUCACAO INFANTIL SUELY,DISTRITO SANTA RITA DE OURO PRETO,-43.478931,-20.2950024,27.45,3,0.445,geocode_v0.15 (propagada)
2006,PR,4117305,167,1201,ESCOLA NUNO DE SOUZA E SILVA,CENTRO,-51.0920544,-24.014441,27.4,25,0.256,geocode_v0.15 (propagada)
2008,PR,4117305,167,1201,ESCOLA NUNO DE SOUZA E SILVA,CENTRO,-51.0920544,-24.014441,27.4,25,0.256,geocode_v0.15 (propagada)
2010,SP,3550308,327,1600,COLÉGIO B.A.L.,FREGUESIA DO O,-46.4378405,-23.5536757,27.4,4,0.124,geocode_v0.15 (propagada)
2010,PR,4117305,167,1201,ESCOLA NUNO DE SOUZA E SILVA,CENTRO,-51.0920544,-24.014441,27.4,23,0.256,geocode_v0.15 (propagada)
2012,SP,3550308,327,1600,COLÉGIO B.A.L.,FREGUESIA DO O,-46.4378405,-23.5536757,27.4,4,0.124,geocode_v0.15 (propagada)
2012,PR,4117305,167,1201,ESCOLA NUNO DE SOUZA E SILVA,CENTRO,-51.0920544,-24.014441,27.4,23,0.256,geocode_v0.15 (propagada)
2014,SP,3550308,327,1600,COLÉGIO B.A.L.,FREGUESIA DO O,-46.4378405,-23.5536757,27.4,4,0.124,geocode_v0.15 (propagada)
2016,SP,3550308,327,1600,COLÉGIO B.A.L.,FREGUESIA DO O,-46.4378405,-23.5536757,27.4,4,0.124,geocode_v0.15 (propagada)
2018,SP,3550308,327,1600,COLÉGIO B.A.L.,FREGUESIA DO O,-46.4378405,-23.5536757,27.4,4,0.124,geocode_v0.15 (propagada)
2006,SP,3550308,252,1066,COLEGIO ATENEU RUY BARBOSA,PENHA DE FRANCA,-46.79577292,-23.42870529,27.38,8,0.51,geocode_v0.15 (propagada)
2006,SP,3550308,372,1228,OLIVEIRA VIANA - EMEF,JARDIM PLANALTO,-46.76366539,-23.68633903,27.34,3,0.46,1. Match ID Validado
2008,SP,3550308,372,1228,OLIVEIRA VIANA - EMEF,JARDIM PLANALTO,-46.76366539,-23.68633903,27.34,3,0.46,1. Match ID Validado
2010,SP,3550308,372,1228,OLIVEIRA VIANA - EMEF,JARDIM PLANALTO,-46.76366539,-23.68633903,27.34,4,0.46,1. Match ID Validado
2012,SP,3550308,372,1228,OLIVEIRA VIANA - EMEF,JARDIM PLANALTO,-46.76366539,-23.68633903,27.34,4,0.46,1. Match ID Validado
2014,SP,3550308,372,1228,OLIVEIRA VIANA - EMEF,JARDIM PLANALTO,-46.76366539,-23.68633903,27.34,4,0.46,1. Match ID Validado
2016,SP,3550308,372,1228,OLIVEIRA VIANA - EMEF,JARDIM PLANALTO,-46.76366539,-23.68633903,27.34,4,0.46,1. Match ID Validado
2018,SP,3550308,372,1228,OLIVEIRA VIANA - EMEF,JARDIM PLANALTO,-46.76366539,-23.68633903,27.34,4,0.46,1. Match ID Validado
2020,SP,3550308,372,1228,OLIVEIRA VIANA - EMEF,JARDIM PLANALTO,-46.76366539,-23.68633903,27.34,4,0.46,1. Match ID Validado
2022,SP,3550308,372,1228,OLIVEIRA VIANA - EMEF,JARDIM PLANALTO,-46.76366539,-23.68633903,27.34,4,0.46,Original (Não Aplicável)
2024,SP,3550308,372,1228,OLIVEIRA VIANA - EMEF,JARDIM PLANALTO,-46.76366539,-23.68633903,27.34,4,0.46,chave_exata_2022
2012,MA,2109270,106,1171,ESCOLA MUNICIPAL JOÃO OLIVEIRA SILVA,POVOADO - ZONA RURAL,-45.2778782,-2.56264423,27.27,3,0.0,1. Match ID Validado
2014,MA,2109270,106,1171,ESCOLA MUNICIPAL JOÃO OLIVEIRA SILVA,POVOADO - ZONA RURAL,-45.2778782,-2.56264423,27.27,3,0.0,1. Match ID Validado
2006,SP,3550308,251,1058,UNIP,PINHEIROS,-46.4390067,-23.4990539,27.26,9,1.509,geocode_v0.15 (propagada)
2008,SP,3550308,251,1058,UNIP,PINHEIROS,-46.4390067,-23.4990539,27.26,9,1.509,geocode_v0.15 (propagada)
2010,SP,3550308,251,1040,CENTRO INTERESCOLAR OBJETIVO,PINHEIROS,-46.4390067,-23.4990539,27.26,9,1.509,geocode_v0.15 (propagada)
2010,DF,5300108,4,1643,PENITENCIÁRIA FEMININA DO DISTRITO FEDERAL - COLMÉIA,SETOR LESTE,-47.988549,-15.7818195,27.26,9,0.902,4. Match Fuzzy+Bairro
2012,DF,5300108,4,1643,PENITENCIÁRIA FEMININA DO DISTRITO FEDERAL - COLMÉIA,SETOR LESTE,-47.988549,-15.7818195,27.26,9,0.902,4. Match Fuzzy+Bairro
2024,BA,2933307,40,2216,POSTO DE SAÚDE BAIXA DO MUQUÉM,DISTRITO JOSÉ GONÇALVES,-40.8495256,-14.6274892,27.21,15,0.02,chave_exata_2022
2014,DF,5300108,4,1643,PENITENCIÁRIA FEMININA DO DISTRITO FEDERAL - COLMÉIA,SETOR LESTE,-47.988549,-15.7818195,27.17,10,1.059,4. Match Fuzzy+Bairro
2008,SP,3550308,326,2070,COLEGIO NOVA JORNADA,JARDIM MATARAZZO,-46.73741292,-23.45571918,27.16,4,0.719,geocode_v0.15 (propagada)
2010,SP,3550308,326,2070,COLEGIO NOVA JORNADA,JARDIM MATARAZZO,-46.73741292,-23.45571918,27.16,4,0.719,geocode_v0.15 (propagada)
2012,SP,3550308,326,2070,COLEGIO NOVA JORNADA,JARDIM MATARAZZO,-46.73741292,-23.45571918,27.16,4,0.719,geocode_v0.15 (propagada)
2006,SP,3550308,349,1236,EMEF. DR. MIGUEL VIEIRA FERREIRA,CIDADE DUTRA,-46.5859124,-23.4922238,27.07,3,0.307,geocode_v0.15 (propagada)
2024,BA,2933307,40,2020,ESCOLA MUNICIPAL ISMAEL DE SOUZA,DISTRITO JOSÉ GONÇALVES,-40.9622192,-14.6695089,27.06,15,0.021,chave_exata_2022
2012,SP,3550308,347,1643,COLÉGIO REINO DO ENSINO - IED,JARDIM SAO JOAO,-46.5050067,-23.546355,26.85,3,0.013,1. Match ID Validado
2014,SP,3550308,347,1643,COLÉGIO REINO DO ENSINO - IED,JARDIM SAO JOAO,-46.5050067,-23.546355,26.85,3,0.013,1. Match ID Validado
2016,SP,3550308,347,1643,COLÉGIO REINO DO ENSINO - IED,JARDIM SAO JOAO,-46.5050067,-23.546355,26.85,3,0.013,1. Match ID Validado
2018,SP,3550308,347,1643,COLÉGIO REINO DO ENSINO - IED,JARDIM SAO JOAO,-46.5050067,-23.546355,26.85,3,0.013,1. Match ID Validado
2020,SP,3550308,347,1643,COLÉGIO REINO DO ENSINO - IED,JARDIM SAO JOAO,-46.5050067,-23.546355,26.85,3,0.013,1. Match ID Validado
2022,SP,3550308,347,1643,COLÉGIO REINO DO ENSINO - IED,JARDIM SAO JOAO,-46.5050067,-23.546355,26.85,3,0.013,Original (Não Aplicável)
2024,SP,3550308,347,1643,COLÉGIO REINO DO ENSINO - IED,JARDIM SAO JOAO,-46.5050067,-23.546355,26.85,3,0.013,chave_exata_2022
2022,DF,5300108,17,1430,PENITENCIÁRIA FEMININA DO DISTRITO FEDERAL - COLMÉIA,SETOR LESTE,-47.988549,-15.7818195,26.74,10,1.225,Original (Não Aplicável)
2006,RS,4305124,123,1112,SINDICATO RURAL,CENTRO,-52.744159,-31.622082,26.71,12,0.837,Mantida Original (Inseguro para mover)
2008,RS,4305124,123,1112,SINDICATO RURAL,CENTRO,-52.744159,-31.622082,26.71,12,0.837,Mantida Original (Inseguro para mover)
2012,RS,4305124,123,1112,SINDICATO RURAL,CENTRO,-52.744159,-31.622082,26.71,12,0.837,Mantida Original (Inseguro para mover)
2016,RS,4311106,26,1279,CLUBE RANCHO DA ALEGRIA,CENTRO,-54.419484,-29.460937,26.71,7,1.807,geocode_v0.15 (propagada)
2024,RS,4311106,26,1279,CLUBE RANCHO DA ALEGRIA,CENTRO,-54.419484,-29.460937,26.71,5,0.969,chave_exata_2022
2012,PA,1501303,65,1287,EEEF BATISTA CAMPOS,VILA DO CONDE,-48.5479257,-1.457725,26.57,3,0.521,geocode_v0.15 (propagada)
2014,PA,1501303,65,1287,EEEF BATISTA CAMPOS,VILA DO CONDE,-48.5479257,-1.457725,26.57,3,0.521,geocode_v0.15 (propagada)
2016,PA,1501303,65,1287,EEEF BATISTA CAMPOS,VILA DO CONDE,-48.5479257,-1.457725,26.57,3,0.521,geocode_v0.15 (propagada)
2018,PA,1501303,65,1287,EEEF BATISTA CAMPOS,VILA DO CONDE,-48.5479257,-1.457725,26.57,3,0.521,geocode_v0.15 (propagada)
2020,PA,1501303,65,1287,EEEF BATISTA CAMPOS,VILA DO CONDE,-48.5479257,-1.457725,26.57,3,0.521,geocode_v0.15 (propagada)
2022,PA,1501303,65,1287,EEEF BATISTA CAMPOS,VILA DO CONDE,-48.5479257,-1.457725,26.57,3,0.521,geocode_v0.15 (propagada)
2024,BA,2933307,40,2100,ESCOLA MUNICIPAL LEOPOLDO MIGUEZ,DISTRITO JOSÉ GONÇALVES,-40.6577023,-14.6911385,26.56,15,0.02,chave_exata_2022
2008,SP,3550308,405,1201,EMEF. PROFA. CLOTILDE ROSA HENRIQUE ELIAS,JARDIM PEDRA BRANCA,-46.4220033,-23.5877461,26.55,7,1.92,1. Match ID Validado
2010,SP,3550308,405,1201,EMEF. PROFA. CLOTILDE ROSA HENRIQUE ELIAS,JARDIM PEDRA BRANCA,-46.4220033,-23.5877461,26.55,7,1.92,1. Match ID Validado
2012,SP,3550308,405,1201,EMEF. PROFA. CLOTILDE ROSA HENRIQUE ELIAS,JARDIM PEDRA BRANCA,-46.4220033,-23.5877461,26.55,7,1.92,1. Match ID Validado
2014,SP,3550308,405,1201,EMEF. PROFA. CLOTILDE ROSA HENRIQUE ELIAS,JARDIM PEDRA BRANCA,-46.4220033,-23.5877461,26.55,7,1.92,1. Match ID Validado
2016,SP,3550308,405,1201,EMEF. PROFA. CLOTILDE ROSA HENRIQUE ELIAS,JARDIM PEDRA BRANCA,-46.4220033,-23.5877461,26.55,7,1.92,1. Match ID Validado
2018,SP,3550308,405,1201,EMEF. PROFA. CLOTILDE ROSA HENRIQUE ELIAS,JARDIM PEDRA BRANCA,-46.4220033,-23.5877461,26.55,7,1.92,1. Match ID Validado
2020,SP,3550308,405,1201,EMEF. PROFA. CLOTILDE ROSA HENRIQUE ELIAS,JARDIM PEDRA BRANCA,-46.4220033,-23.5877461,26.55,7,1.92,1. Match ID Validado
2022,SP,3550308,405,1201,EMEF. PROFA. CLOTILDE ROSA HENRIQUE ELIAS,JARDIM PEDRA BRANCA,-46.4220033,-23.5877461,26.55,7,1.92,Original (Não Aplicável)
2006,RS,4318804,80,1570,ESC. MUN. DE ENS. FUND. REINALDO RUDI WALTER GERI,CENTRO,-52.175556,-31.196111,26.53,16,0.84,geocode_v0.15 (propagada)
2006,CE,2302206,84,1910,ESCOLA MUNICIPAL SAO JOSE,PARAJURU,-38.0320883,-4.5508964,26.5,3,0.291,geocode_v0.15 (propagada)
2008,CE,2302206,84,1910,ESCOLA MUNICIPAL SAO JOSE,PARAJURU,-38.0320883,-4.5508964,26.5,3,0.291,geocode_v0.15 (propagada)
2010,CE,2302206,84,1910,ESCOLA MUNICIPAL SAO JOSE,PARAJURU,-38.0320883,-4.5508964,26.5,3,0.291,geocode_v0.15 (propagada)
2012,RJ,3304557,18,1309,COLEGIO MALLET SOARES - B 121,COPACABANA,-43.4426561,-23.0108006,26.5,64,0.688,geocode_v0.15 (propagada)
2012,SP,3550308,251,1040,CENTRO INTERESCOLAR OBJETIVO,PINHEIROS,-46.4390067,-23.4990539,26.5,10,0.964,geocode_v0.15 (propagada)
2006,RJ,3304557,19,1538,IGREJA NOSSA SENHORA DE LOURDES,VILA ISABEL,-43.4792698,-23.0182813,26.45,25,0.669,geocode_v0.15 (propagada)
2008,MG,3105608,23,1759,POSTO DE SAUDE MUNICIPAL,DISTRITO DE CORREIA,-43.6282098,-21.3004839,26.42,3,0.0,geocode_v0.15 (propagada)
2006,BA,2906709,165,1112,CENTRO EDUCACIONAL GETULIO VARGAS,LAGOINHA,-41.2088081,-15.2675072,26.41,3,0.0,geocode_v0.15 (propagada)
2006,RJ,3304557,18,1309,COLEGIO MALLET SOARES - B 121,COPACABANA,-43.4426561,-23.0108006,26.41,65,0.616,geocode_v0.15 (propagada)
2008,BA,2906709,165,1112,CENTRO EDUCACIONAL GETULIO VARGAS,LAGOINHA,-41.2088081,-15.2675072,26.41,3,0.0,geocode_v0.15 (propagada)
2008,RJ,3304557,18,1309,COLEGIO MALLET SOARES - B 121,COPACABANA,-43.4426561,-23.0108006,26.41,64,0.619,geocode_v0.15 (propagada)
2010,BA,2906709,165,1112,CENTRO EDUCACIONAL GETULIO VARGAS,LAGOINHA,-41.2088081,-15.2675072,26.41,3,0.0,geocode_v0.15 (propagada)
2010,RJ,3304557,18,1309,COLEGIO MALLET SOARES - B 121,COPACABANA,-43.4426561,-23.0108006,26.41,64,0.616,geocode_v0.15 (propagada)
2012,BA,2906709,165,1112,CENTRO EDUCACIONAL GETULIO VARGAS,LAGOINHA,-41.2088081,-15.2675072,26.41,3,0.0,geocode_v0.15 (propagada)
2014,BA,2906709,165,1112,CENTRO EDUCACIONAL GETULIO VARGAS,LAGOINHA,-41.2088081,-15.2675072,26.41,3,0.0,geocode_v0.15 (propagada)
2016,BA,2906709,165,1112,CENTRO EDUCACIONAL GETULIO VARGAS,LAGOINHA,-41.2088081,-15.2675072,26.41,3,0.0,geocode_v0.15 (propagada)
2006,RJ,3304557,10,1260,COLEGIO A T G,PIEDADE,-43.5669359,-22.9073143,26.38,14,0.907,geocode_v0.15 (propagada)
2008,RJ,3304557,10,1260,COLEGIO E CURSO COEFICIENTE,PIEDADE,-43.5669359,-22.9073143,26.38,14,0.907,geocode_v0.15 (propagada)
2010,RJ,3304557,10,1260,COLEGIO E CURSO COEFICIENTE,PIEDADE,-43.5669359,-22.9073143,26.38,13,0.829,geocode_v0.15 (propagada)
2012,RJ,3304557,10,1260,COLEGIO E CURSO COEFICIENTE,PIEDADE,-43.5669359,-22.9073143,26.35,12,0.713,geocode_v0.15 (propagada)
2006,DF,5300108,14,1643,PAVILHAO ANYSIO TEIXEIRA,ASA NORTE,-48.129787,-15.797774,26.28,33,1.908,Mantida Original (Inseguro para mover)
2008,DF,5300108,14,1643,PAVILHAO ANYSIO TEIXEIRA,ASA NORTE,-48.129787,-15.797774,26.28,33,1.838,Mantida Original (Inseguro para mover)
2006,MG,3140852,166,1066,ESCOLA ESTADUAL JOAO PEREIRA COSTA (LAGEDINHO),CENTRO,-43.6742071,-14.9240687,26.15,3,0.228,geocode_v0.15 (propagada)
2008,MG,3140852,166,1066,ESCOLA ESTADUAL JOAO PEREIRA COSTA (LAGEDINHO),CENTRO,-43.6742071,-14.9240687,26.15,3,0.228,geocode_v0.15 (propagada)
2010,MG,3140852,166,1066,ESCOLA ESTADUAL JOAO PEREIRA COSTA (LAGEDINHO),CENTRO,-43.6742071,-14.9240687,26.15,3,0.228,geocode_v0.15 (propagada)
2012,MG,3140852,166,1066,ESCOLA ESTADUAL JOAO PEREIRA COSTA (LAGEDINHO),CENTRO,-43.6742071,-14.9240687,26.15,3,0.228,geocode_v0.15 (propagada)
2014,MG,3140852,166,1066,ESCOLA ESTADUAL JOAO PEREIRA COSTA (LAGEDINHO),CENTRO,-43.6742071,-14.9240687,26.15,3,0.228,geocode_v0.15 (propagada)
2008,MG,3105608,23,1775,ESCOLA MUNICIPAL EMBAIXATRIZ CORINA DE ANDRADA,DISTRITO DE CORREIA,-43.643754,-21.3325867,26.1,3,0.0,geocode_v0.15 (propagada)
2008,SP,3550308,405,1112,EMEF. SATURNINO PEREIRA,JARDIM PEDRA BRANCA,-46.4158735,-23.5649821,26.09,7,1.92,1. Match ID Validado
2010,SP,3550308,405,1112,EMEF. SATURNINO PEREIRA,JARDIM PEDRA BRANCA,-46.4158735,-23.5649821,26.09,7,1.92,1. Match ID Validado
2012,SP,3550308,405,1112,EMEF. SATURNINO PEREIRA,JARDIM PEDRA BRANCA,-46.4158735,-23.5649821,26.09,7,1.92,1. Match ID Validado
2014,SP,3550308,405,1112,EMEF. SATURNINO PEREIRA,JARDIM PEDRA BRANCA,-46.4158735,-23.5649821,26.09,7,1.92,1. Match ID Validado
2016,SP,3550308,405,1112,EMEF. SATURNINO PEREIRA,JARDIM PEDRA BRANCA,-46.4158735,-23.5649821,26.09,7,1.92,1. Match ID Validado
2018,SP,3550308,405,1112,EMEF. SATURNINO PEREIRA,JARDIM PEDRA BRANCA,-46.4158735,-23.5649821,26.09,7,1.92,1. Match ID Validado
2020,SP,3550308,405,1112,EMEF. SATURNINO PEREIRA,JARDIM PEDRA BRANCA,-46.4158735,-23.5649821,26.09,7,1.92,1. Match ID Validado
2022,SP,3550308,405,1112,EMEF. SATURNINO PEREIRA,JARDIM PEDRA BRANCA,-46.4158735,-23.5649821,26.09,7,1.92,Original (Não Aplicável)
2006,CE,2300309,60,5622,EEF JOAO UCHOA DE ALBUQUERQUE,CENTRO,-39.219008,-6.086116,26.05,26,0.397,Mantida Original (Inseguro para mover)
2006,MG,3140852,166,1031,CRECHE MUNICIPAL VOVO ANA - MATIAS CARDOSO,CENTRO,-43.9229555,-14.8578162,26.05,3,0.202,geocode_v0.15 (propagada)
2008,CE,2300309,60,5622,EEF JOAO UCHOA DE ALBUQUERQUE,CENTRO,-39.219008,-6.086116,26.05,26,0.397,Mantida Original (Inseguro para mover)
2008,MG,3140852,166,1031,CRECHE MUNICIPAL VOVO ANA - MATIAS CARDOSO,CENTRO,-43.9229555,-14.8578162,26.05,3,0.202,geocode_v0.15 (propagada)
2010,MG,3140852,166,1031,CRECHE MUNICIPAL VOVO ANA - MATIAS CARDOSO,CENTRO,-43.9229555,-14.8578162,26.05,3,0.202,geocode_v0.15 (propagada)
2012,MG,3140852,166,1031,CRECHE MUNICIPAL VOVO ANA - MATIAS CARDOSO,CENTRO,-43.9229555,-14.8578162,26.05,3,0.202,geocode_v0.15 (propagada)
2014,MG,3140852,166,1031,CRECHE MUNICIPAL VOVO ANA - MATIAS CARDOSO,CENTRO,-43.9229555,-14.8578162,26.05,3,0.202,geocode_v0.15 (propagada)
2006,MG,3140852,166,1015,ESCOLA ESTADUAL DOM BOSCO,CENTRO,-43.9225108,-14.8557878,25.95,3,0.202,geocode_v0.15 (propagada)
2006,MG,3140852,166,1023,CRECHE MUNICIPAL DE LAGEDINHO,CENTRO,-43.6756505,-14.923275,25.95,3,0.228,Mantida Original (Inseguro para mover)
2008,MG,3140852,166,1015,ESCOLA ESTADUAL DOM BOSCO,CENTRO,-43.9225108,-14.8557878,25.95,3,0.202,geocode_v0.15 (propagada)
2008,MG,3140852,166,1023,CRECHE MUNICIPAL DE LAGEDINHO,CENTRO,-43.6756505,-14.923275,25.95,3,0.228,Mantida Original (Inseguro para mover)
2010,MG,3140852,166,1015,ESCOLA ESTADUAL DOM BOSCO,CENTRO,-43.9225108,-14.8557878,25.95,3,0.202,geocode_v0.15 (propagada)
2010,MG,3140852,166,1023,CRECHE MUNICIPAL DE LAGEDINHO,CENTRO,-43.6756505,-14.923275,25.95,3,0.228,Mantida Original (Inseguro para mover)
2012,MG,3140852,166,1015,ESCOLA ESTADUAL DOM BOSCO,CENTRO,-43.9225108,-14.8557878,25.95,3,0.202,geocode_v0.15 (propagada)
2012,MG,3140852,166,1023,CRECHE MUNICIPAL DE LAGEDINHO,CENTRO,-43.6756505,-14.923275,25.95,3,0.228,Mantida Original (Inseguro para mover)
2014,BA,2930105,45,1899,ESCOLA MUNICIPAL DE LAGOA DA PEDRA,DISTRITO DE TIJUACU,-40.152311,-10.386217,25.95,3,0.0,1. Match ID Validado
2014,MG,3140852,166,1015,ESCOLA ESTADUAL DOM BOSCO,CENTRO,-43.9225108,-14.8557878,25.95,3,0.202,geocode_v0.15 (propagada)
2014,MG,3140852,166,1023,CRECHE MUNICIPAL DE LAGEDINHO,CENTRO,-43.6756505,-14.923275,25.95,3,0.228,Mantida Original (Inseguro para mover)
2016,BA,2930105,45,1899,ESCOLA MUNICIPAL DE LAGOA DA PEDRA,DISTRITO DE TIJUACU,-40.152311,-10.386217,25.95,3,0.0,1. Match ID Validado
2018,BA,2930105,45,1899,ESCOLA MUNICIPAL DE LAGOA DA PEDRA,DISTRITO DE TIJUACU,-40.152311,-10.386217,25.95,3,0.0,1. Match ID Validado
2020,BA,2930105,45,1899,ESCOLA MUNICIPAL DE LAGOA DA PEDRA,DISTRITO DE TIJUACU,-40.152311,-10.386217,25.95,3,0.0,1. Match ID Validado
2022,BA,2930105,45,1899,ESCOLA MUNICIPAL DE LAGOA DA PEDRA,DISTRITO DE TIJUACU,-40.152311,-10.386217,25.95,3,0.0,Original (Não Aplicável)
2006,PA,1502004,2,1244,POSTO MEDICO DR. DINIZ OEIRAS BOTELHO,CENTRO,-48.7813855,-1.1575859,25.81,6,0.239,geocode_v0.15 (propagada)
2008,PA,1502004,2,1244,POSTO MEDICO DR. DINIZ OEIRAS BOTELHO,CENTRO,-48.7813855,-1.1575859,25.81,6,0.239,geocode_v0.15 (propagada)
2010,PA,1502004,2,1244,POSTO MEDICO DR. DINIZ OEIRAS BOTELHO,CENTRO,-48.7813855,-1.1575859,25.81,6,0.239,geocode_v0.15 (propagada)
2012,PA,1502004,2,1244,POSTO MEDICO DR. DINIZ OEIRAS BOTELHO,CENTRO,-48.7813855,-1.1575859,25.81,6,0.239,geocode_v0.15 (propagada)
2014,PA,1502004,2,1244,POSTO MEDICO DR. DINIZ OEIRAS BOTELHO,CENTRO,-48.7813855,-1.1575859,25.81,5,0.225,geocode_v0.15 (propagada)
2016,PA,1502004,2,1244,POSTO MEDICO DR. DINIZ OEIRAS BOTELHO,CENTRO,-48.7813855,-1.1575859,25.81,5,0.225,geocode_v0.15 (propagada)
2006,RJ,3304557,118,1678,ESCOLA DE SAMBA EM CIMA DA HORA,CAVALCANTI,-43.5631849,-22.9046305,25.77,7,0.15,geocode_v0.15 (propagada)
2008,RJ,3304557,118,1678,ESCOLA DE SAMBA EM CIMA DA HORA,CAVALCANTI,-43.5631849,-22.9046305,25.77,7,0.15,geocode_v0.15 (propagada)
2010,RJ,3304557,118,1678,ESCOLA DE SAMBA EM CIMA DA HORA,CAVALCANTI,-43.5631849,-22.9046305,25.77,7,0.15,geocode_v0.15 (propagada)
2012,RJ,3304557,118,1678,ESCOLA DE SAMBA EM CIMA DA HORA,CAVALCANTI,-43.5631849,-22.9046305,25.77,7,0.15,geocode_v0.15 (propagada)
2014,RJ,3304557,118,1678,ESCOLA DE SAMBA EM CIMA DA HORA,CAVALCANTI,-43.5631849,-22.9046305,25.77,7,0.15,geocode_v0.15 (propagada)
2016,RJ,3304557,118,1678,ESCOLA DE SAMBA EM CIMA DA HORA,CAVALCANTI,-43.5631849,-22.9046305,25.77,7,0.15,geocode_v0.15 (propagada)
2018,RJ,3304557,118,1678,ESCOLA DE SAMBA EM CIMA DA HORA,CAVALCANTI,-43.5631849,-22.9046305,25.77,7,0.15,geocode_v0.15 (propagada)
2006,MG,3127701,119,5500,CASEMG,CENTRO,-42.039993,-18.643346,25.72,9,0.327,Mantida Original (Inseguro para mover)
2012,MG,3127701,119,5500,CASEMG,CENTRO,-42.039993,-18.643346,25.72,9,0.327,Mantida Original (Inseguro para mover)
2024,BA,2933307,40,2119,ESCOLA MUNICIPAL MARIA AMÉLIA RIBEIRO,DISTRITO JOSÉ GONÇALVES,-40.8083217,-14.6396697,25.71,15,0.02,chave_exata_2022
2012,RS,4316907,41,5501,INSTITUTO NACIONAL DE ASSISTENCIA MEDICA E PREVIDENCIA SOCIAL - INAMPS,CENTRO,-53.588131,-29.816465,25.7,23,0.449,geocode_v0.15 (propagada)
2006,RS,4320503,70,1074,SALAO PAROQUIAL IGREJA SAO JOSE,CENTRO,-52.517107,-27.971227,25.68,6,0.274,geocode_v0.15 (propagada)
2008,RS,4320503,70,1074,SALAO PAROQUIAL IGREJA SAO JOSE,CENTRO,-52.517107,-27.971227,25.68,6,0.274,geocode_v0.15 (propagada)
2010,RS,4320503,70,1074,SALAO PAROQUIAL IGREJA SAO JOSE,CENTRO,-52.517107,-27.971227,25.68,6,0.274,geocode_v0.15 (propagada)
2006,SP,3550308,398,1015,COLEGIO DOTTORI - UNIDADE I,PARQUE CRUZEIRO DO SUL,-46.7094283,-23.4616467,25.65,4,0.486,geocode_v0.15 (propagada)
2008,SP,3550308,398,1015,COLEGIO DOTTORI - UNIDADE I,PARQUE CRUZEIRO DO SUL,-46.7094283,-23.4616467,25.65,4,0.486,geocode_v0.15 (propagada)
2010,SP,3550308,398,1015,COLEGIO DOTTORI - UNIDADE I,PARQUE CRUZEIRO DO SUL,-46.7094283,-23.4616467,25.65,4,0.486,geocode_v0.15 (propagada)
2012,SP,3550308,398,1015,COLEGIO DOTTORI - UNIDADE I,PARQUE CRUZEIRO DO SUL,-46.7094283,-23.4616467,25.65,4,0.486,geocode_v0.15 (propagada)
2014,SP,3550308,398,1015,COLEGIO DOTTORI - UNIDADE I,PARQUE CRUZEIRO DO SUL,-46.7094283,-23.4616467,25.65,4,0.486,geocode_v0.15 (propagada)
2016,SP,3550308,398,1015,FACULDADE INNOVARE,PARQUE CRUZEIRO DO SUL,-46.7094283,-23.4616467,25.65,4,0.486,geocode_v0.15 (propagada)
2018,SP,3550308,398,1015,FACULDADE INNOVARE,PARQUE CRUZEIRO DO SUL,-46.7094283,-23.4616467,25.65,4,0.486,geocode_v0.15 (propagada)
2006,BA,2927408,1,1686,ESPECIAL CENTRO CULTURAL E RECREATIVO ESPANHOL (CLUBE ESPANHOL),BARRA,-38.3716569,-12.8297036,25.61,5,1.289,geocode_v0.15 (propagada)
2008,BA,2927408,1,1686,ESPECIAL CENTRO CULTURAL E RECREATIVO ESPANHOL (CLUBE ESPANHOL),BARRA,-38.3716569,-12.8297036,25.61,3,1.289,geocode_v0.15 (propagada)
2010,RJ,3304557,2,1635,EM PROF LAURA SYLVIA MENDES PEREIRA,CAJU,-43.465372,-22.8623895,25.58,4,0.96,geocode_v0.15 (propagada)
2012,RJ,3304557,2,1635,EM PROF LAURA SYLVIA MENDES PEREIRA,CAJU,-43.465372,-22.8623895,25.58,4,0.96,geocode_v0.15 (propagada)
2006,PR,4117305,167,1333,ESCOLA MARTIN AFONSO DE SOUZA,CENTRO,-50.735747,-24.058948,25.56,25,0.256,Mantida Original (Inseguro para mover)
2008,PR,4117305,167,1333,ESCOLA MARTIN AFONSO DE SOUZA,CENTRO,-50.735747,-24.058948,25.56,25,0.256,Mantida Original (Inseguro para mover)
2010,PR,4117305,167,1333,ESCOLA MARTIN AFONSO DE SOUZA,CENTRO,-50.735747,-24.058948,25.56,23,0.256,Mantida Original (Inseguro para mover)
2012,PR,4117305,167,1333,ESCOLA MARTIN AFONSO DE SOUZA,CENTRO,-50.735747,-24.058948,25.56,23,0.256,Mantida Original (Inseguro para mover)
2024,SP,3550308,408,1457,ESCOLA MAIS VILA ANDRADE,VILA ANDRADE,-46.5099622,-23.544796,25.53,3,0.062,geocode_v0.15 (propagada)
2006,RS,4318507,130,1392,IGREJA SAO LUIZ GONZAGA,CENTRO,-51.830284,-31.868237,25.52,17,0.389,geocode_v0.15 (propagada)
2006,BA,2913457,78,1023,COLEGIO MUNICIPAL MARIA MOREIRA LIMA,CENTRO,-39.3482633,-13.9295517,25.5,5,0.035,geocode_v0.15 (propagada)
2008,BA,2913457,78,1023,COLEGIO MUNICIPAL MARIA MOREIRA LIMA,CENTRO,-39.3482633,-13.9295517,25.5,4,0.071,geocode_v0.15 (propagada)
2010,BA,2913457,78,1023,COLEGIO MUNICIPAL MARIA MOREIRA LIMA,CENTRO,-39.3482633,-13.9295517,25.5,5,0.035,geocode_v0.15 (propagada)
2012,BA,2913457,78,1023,CRECHE MUNICIPAL SONHO FELIZ,CENTRO,-39.3482633,-13.9295517,25.5,5,0.035,geocode_v0.15 (propagada)
2014,BA,2913457,78,1023,CRECHE MUNICIPAL SONHO FELIZ,CENTRO,-39.3482633,-13.9295517,25.5,6,0.071,geocode_v0.15 (propagada)
2006,BA,2917201,58,1031,COLÉGIO FREI PEDRO TOMAS MARGALLO,CENTRO,-41.529657,-13.785886,25.48,4,0.668,1. Match ID Validado
2006,PR,4117305,167,1449,ESCOLA GABRIEL DE SOUZA,CENTRO,-50.73708,-24.05865,25.48,25,0.256,Mantida Original (Inseguro para mover)
2008,BA,2917201,58,1031,COLÉGIO FREI PEDRO TOMAS MARGALLO,CENTRO,-41.529657,-13.785886,25.48,3,0.11,1. Match ID Validado
2008,PR,4117305,167,1449,ESCOLA GABRIEL DE SOUZA,CENTRO,-50.73708,-24.05865,25.48,25,0.256,Mantida Original (Inseguro para mover)
2010,BA,2917201,58,1031,COLÉGIO FREI PEDRO TOMAS MARGALLO,CENTRO,-41.529657,-13.785886,25.48,3,0.11,1. Match ID Validado
2010,PR,4117305,167,1449,ESCOLA GABRIEL DE SOUZA,CENTRO,-50.73708,-24.05865,25.48,23,0.256,Mantida Original (Inseguro para mover)
2012,BA,2917201,58,1031,COLÉGIO FREI PEDRO TOMAS MARGALLO,CENTRO,-41.529657,-13.785886,25.48,3,0.11,1. Match ID Validado
2012,PR,4117305,167,1449,ESCOLA GABRIEL DE SOUZA,CENTRO,-50.73708,-24.05865,25.48,23,0.256,Mantida Original (Inseguro para mover)
2014,BA,2917201,58,1031,COLÉGIO FREI PEDRO TOMAS MARGALLO,CENTRO,-41.529657,-13.785886,25.48,3,0.11,1. Match ID Validado
2016,BA,2917201,58,1031,COLÉGIO FREI PEDRO TOMAS MARGALLO,CENTRO,-41.529657,-13.785886,25.48,3,0.11,1. Match ID Validado
2018,BA,2917201,58,1031,COLÉGIO FREI PEDRO TOMAS MARGALLO,CENTRO,-41.529657,-13.785886,25.48,3,0.11,1. Match ID Validado
2020,BA,2917201,58,1031,COLÉGIO FREI PEDRO TOMAS MARGALLO,CENTRO,-41.529657,-13.785886,25.48,3,0.11,1. Match ID Validado
2006,MG,3162450,166,1180,ESCOLA ESTADUAL INDÍGENA UIKITU KUHINA - ALDEIA RIACHO DOS BURITIS,AREA INDIGENA XACRIABA,-44.3779514,-14.8577572,25.39,3,1.916,geocode_v0.15 (propagada)
2016,SP,3550308,389,1112,EE. PROFª EULICE SILVIO MENDONÇA DA SILVA,JARDIM BRASILIA,-46.70770724,-23.44239626,25.39,3,0.434,1. Match ID Validado
2018,SP,3550308,389,1112,EE. PROFª EULICE SILVIO MENDONÇA DA SILVA,JARDIM BRASILIA,-46.70770724,-23.44239626,25.39,3,0.434,1. Match ID Validado
2020,SP,3550308,389,1112,EE. PROFª EULICE SILVIO MENDONÇA DA SILVA,JARDIM BRASILIA,-46.70770724,-23.44239626,25.39,3,0.434,1. Match ID Validado
2022,SP,3550308,389,1112,EE. PROFª EULICE SILVIO MENDONÇA DA SILVA,JARDIM BRASILIA,-46.70770724,-23.44239626,25.39,3,0.434,Original (Não Aplicável)
2024,SP,3550308,389,1112,EE. PROFª  EULICE SILVIO MENDONÇA DA SILVA,JARDIM BRASILIA,-46.70770724,-23.44239626,25.39,3,0.434,chave_exata_2022
2014,SP,3550308,280,2046,EE. SANTO DIAS DA SILVA,JARDIM MARINGA,-46.68027333,-23.72218,25.38,4,0.355,1. Match ID Validado
2016,SP,3550308,280,2046,EE. SANTO DIAS DA SILVA,JARDIM MARINGA,-46.68027333,-23.72218,25.38,4,0.355,1. Match ID Validado
2018,SP,3550308,280,2046,EE. SANTO DIAS DA SILVA,JARDIM MARINGA,-46.68027333,-23.72218,25.38,4,0.355,1. Match ID Validado
2020,SP,3550308,280,2046,EE. SANTO DIAS DA SILVA,JARDIM MARINGA,-46.68027333,-23.72218,25.38,4,0.355,1. Match ID Validado
2022,SP,3550308,280,2046,EE. SANTO DIAS DA SILVA,JARDIM MARINGA,-46.68027333,-23.72218,25.38,4,0.355,Original (Não Aplicável)
2024,SP,3550308,280,2046,EE. SANTO DIAS DA SILVA,JARDIM MARINGA,-46.68027333,-23.72218,25.38,4,0.355,chave_exata_2022
2006,PA,1506807,20,3697,EMEF RAINHA DA FLORESTA,PLANALTO,-54.936838,-2.517017,25.33,21,0.019,Mantida Original (Inseguro para mover)
2010,PR,4104808,143,1660,ESCOLA TOMAIZ ANTONIO GONZAGA,CENTRO,-53.4875656,-25.1769456,25.14,51,1.076,geocode_v0.15 (propagada)
2010,MG,3146107,200,1210,SALAO SAO VICENTE DE PAULA,DISTRITO SANTA RITA DE OURO PRETO,-43.709929,-20.362525,25.1,3,0.445,1. Match ID Validado
2012,MG,3146107,200,1210,SALAO SAO VICENTE DE PAULA,DISTRITO SANTA RITA DE OURO PRETO,-43.709929,-20.362525,25.1,3,0.445,1. Match ID Validado
2014,MG,3146107,200,1210,SALAO SAO VICENTE DE PAULA,DISTRITO SANTA RITA DE OURO PRETO,-43.709929,-20.362525,25.1,3,0.445,1. Match ID Validado
2016,MG,3146107,200,1210,SALAO SAO VICENTE DE PAULA,DISTRITO SANTA RITA DE OURO PRETO,-43.709929,-20.362525,25.1,3,0.445,1. Match ID Validado
2018,MG,3146107,200,1210,SALAO SAO VICENTE DE PAULA,DISTRITO SANTA RITA DE OURO PRETO,-43.709929,-20.362525,25.1,3,0.445,1. Match ID Validado
2020,MG,3146107,200,1210,SALAO SAO VICENTE DE PAULA,DISTRITO SANTA RITA DE OURO PRETO,-43.709929,-20.362525,25.1,3,0.445,1. Match ID Validado
2022,MG,3146107,200,1210,SALAO SAO VICENTE DE PAULA,DISTRITO SANTA RITA DE OURO PRETO,-43.709929,-20.362525,25.1,3,0.445,Original (Não Aplicável)
2006,PR,4104808,143,1660,ESCOLA TOMAIZ ANTONIO GONZAGA,CENTRO,-53.4875656,-25.1769456,25.09,61,1.274,geocode_v0.15 (propagada)
2008,PR,4104808,143,1660,ESCOLA TOMAIZ ANTONIO GONZAGA,CENTRO,-53.4875656,-25.1769456,25.09,59,1.297,geocode_v0.15 (propagada)
2012,PR,4104808,143,1660,ESCOLA TOMAIZ ANTONIO GONZAGA,CENTRO,-53.4875656,-25.1769456,25.09,27,0.893,geocode_v0.15 (propagada)
2006,CE,2303105,65,1228,MINI POSTO DE SAUDE,CENTRO,-40.6795,-3.86226163888889,25.01,4,0.398,Mantida Original (Inseguro para mover)
2008,CE,2303105,65,1228,MINI POSTO DE SAUDE,CENTRO,-40.6795,-3.86226163888889,25.01,4,0.398,Mantida Original (Inseguro para mover)
2010,CE,2303105,65,1228,MINI POSTO DE SAUDE,CENTRO,-40.6795,-3.86226163888889,24.94,3,0.186,Mantida Original (Inseguro para mover)
2006,MG,3136959,342,1031,ESCOLA ESTADUAL DE MONTE REI,CENTRO,-44.217566,-14.4874044,24.86,5,0.907,geocode_v0.15 (propagada)
2006,SP,3530102,153,1074,EMEF PROFA SARA B DE FREITAS,CENTRO,-51.02611,-20.92667,24.82,5,0.927,Mantida Original (Inseguro para mover)
2008,SP,3530102,153,1074,EMEF PROFA SARA B DE FREITAS,CENTRO,-51.02611,-20.92667,24.82,5,0.927,Mantida Original (Inseguro para mover)
2010,SP,3530102,153,1074,EMEF PROFA SARA B DE FREITAS,CENTRO,-51.02611,-20.92667,24.82,5,0.927,Mantida Original (Inseguro para mover)
2012,SP,3530102,153,1074,EMEF PROFA SARA B DE FREITAS,CENTRO,-51.02611,-20.92667,24.82,5,0.927,Mantida Original (Inseguro para mover)
2006,RS,4318804,80,1457,ESCOLA MUNICIPAL BENTO GONCALVES,CENTRO,-52.2325,-31.314444,24.78,16,0.59,geocode_v0.15 (propagada)
2010,DF,5300108,14,1430,INSTITUTO DE EDUCACAO ANIMA,ASA NORTE,-48.11096,-15.81515,24.73,33,1.793,Mantida Original (Inseguro para mover)
2012,DF,5300108,14,1430,INSTITUTO DE EDUCACAO ANIMA,ASA NORTE,-48.11096,-15.81515,24.73,33,1.793,Mantida Original (Inseguro para mover)
2012,SP,3550308,5,5505,COLEGIO SAINT'HILAIRE,JARDIM PAULISTA,-46.4190847,-23.5953255,24.7,4,1.105,geocode_v0.15 (propagada)
2006,RS,4318804,80,1201,ESCOLA MUNICIPAL RODRIGUES ALVES,CENTRO,-52.104722,-31.171944,24.68,16,0.84,geocode_v0.15 (propagada)
2014,PA,1502103,12,1066,SERVICO DE APRENDIZAGEM INDUSTRIAL - SENAI,CENTRAL,-49.7107205,-2.304777,24.68,5,0.119,Mantida Original (Inseguro para mover)
2016,PA,1502103,12,1066,SERVICO DE APRENDIZAGEM INDUSTRIAL - SENAI,CENTRAL,-49.7107205,-2.304777,24.68,5,0.119,Mantida Original (Inseguro para mover)
2018,PA,1502103,12,1066,SERVICO DE APRENDIZAGEM INDUSTRIAL - SENAI,CENTRAL,-49.7107205,-2.304777,24.68,5,0.119,Mantida Original (Inseguro para mover)
2020,PA,1502103,12,1066,SERVICO DE APRENDIZAGEM INDUSTRIAL - SENAI,CENTRAL,-49.7107205,-2.304777,24.68,5,0.119,Mantida Original (Inseguro para mover)
2006,GO,5217302,26,1600,CASA DO IPHAN,CENTRO,-49.1120489,-16.0194232,24.65,10,0.433,Mantida Original (Inseguro para mover)
2008,GO,5217302,26,1600,CASA DO IPHAN,CENTRO,-49.1120489,-16.0194232,24.65,9,0.409,Mantida Original (Inseguro para mover)
2010,PR,4104808,185,1201,SALAO COMUNITARIO,CENTRO,-53.24019154,-25.04817884,24.65,51,1.076,geocode_v0.15 (propagada)
2014,RJ,3304557,2,1635,EM PROF LAURA SYLVIA MENDES PEREIRA,CAJU,-43.465372,-22.8623895,24.62,5,1.04,geocode_v0.15 (propagada)
2006,PR,4104808,185,1201,SALAO COMUNITARIO,CENTRO,-53.24019154,-25.04817884,24.58,61,1.274,geocode_v0.15 (propagada)
2008,PR,4104808,185,1201,SALAO COMUNITARIO,CENTRO,-53.24019154,-25.04817884,24.58,59,1.297,geocode_v0.15 (propagada)
2006,PA,1502103,12,1066,SERVICO DE APRENDIZAGEM INDUSTRIAL - SENAI,CENTRAL,-49.7107205,-2.304777,24.54,4,0.176,Mantida Original (Inseguro para mover)
2008,PA,1502103,12,1066,SERVICO DE APRENDIZAGEM INDUSTRIAL - SENAI,CENTRAL,-49.7107205,-2.304777,24.54,4,0.176,Mantida Original (Inseguro para mover)
2010,PA,1502103,12,1066,SERVICO DE APRENDIZAGEM INDUSTRIAL - SENAI,CENTRAL,-49.7107205,-2.304777,24.54,4,0.176,Mantida Original (Inseguro para mover)
2012,PA,1502103,12,1066,SERVICO DE APRENDIZAGEM INDUSTRIAL - SENAI,CENTRAL,-49.7107205,-2.304777,24.54,4,0.176,Mantida Original (Inseguro para mover)
2006,CE,2306553,30,1201,PREFEITURA MUNICIPAL DE ITAREMA,CENTRO,-39.992212,-3.1270095,24.35,6,0.581,Mantida Original (Inseguro para mover)
2006,RS,4304507,14,1384,CASA COMERCIAL DE NADIR BEDERODE,CENTRO,-52.63679,-31.178205,24.3,32,0.437,geocode_v0.15 (propagada)
2008,RS,4304507,14,1384,CASA COMERCIAL DE NADIR BEDERODE,CENTRO,-52.63679,-31.178205,24.3,28,0.476,geocode_v0.15 (propagada)
2010,RS,4304507,14,1384,CASA COMERCIAL DE NADIR BEDERODE,CENTRO,-52.63679,-31.178205,24.3,15,0.476,geocode_v0.15 (propagada)
2006,SP,3523206,57,5557,EEPG PROFA ZORAIDE NASTALLI COLINO,CENTRO,-49.4956436,-23.949067,24.26,6,1.469,geocode_v0.15 (propagada)
2012,RO,1100205,24,1554,ASS. MORADORES DA LINHA 8,DIST. UNIAO BANDEIRANTE,-64.6497344,-9.8862901,24.25,3,0.963,geocode_v0.15 (propagada)
2014,RO,1100205,24,1554,ASS. MORADORES DA LINHA 8,DIST. UNIAO BANDEIRANTE,-64.6497344,-9.8862901,24.25,3,0.963,geocode_v0.15 (propagada)
2016,RO,1100205,24,1554,MORADORES DA LINHA 8 - ASSOCIACAO,DISTRITO UNIAO BANDEIRANTE,-64.6497344,-9.8862901,24.25,3,0.963,geocode_v0.15 (propagada)
2018,RO,1100205,6,1694,MORADORES DA LINHA 8 - ASSOCIAÇÃO - DISTRITO UNIAO BANDEIRANTE,DISTRITO UNIAO BANDEIRANTE,-64.6497344,-9.8862901,24.25,3,0.963,1. Match ID Validado
2020,RO,1100205,6,1694,MORADORES DA LINHA 8 - ASSOCIAÇÃO - DISTRITO UNIAO BANDEIRANTE,DISTRITO UNIAO BANDEIRANTE,-64.6497344,-9.8862901,24.25,3,0.963,1. Match ID Validado
2022,RO,1100205,6,1694,MORADORES DA LINHA 8 - ASSOCIAÇÃO - DISTRITO UNIAO BANDEIRANTE,DISTRITO UNIAO BANDEIRANTE,-64.6497344,-9.8862901,24.25,3,0.963,Original (Não Aplicável)
2024,RO,1100205,6,1694,MORADORES DA LINHA 8 - ASSOCIAÇÃO - DISTRITO UNIAO BANDEIRANTE,DISTRITO UNIAO BANDEIRANTE,-64.6497344,-9.8862901,24.25,3,0.963,chave_exata_2022
2008,GO,5208707,1,1040,COLEGIO ESTADUAL PROFESSOR JOSE CARLOS DE ALMEIDA,SETOR CENTRAL,-49.20465,-16.4617281,24.08,13,0.645,Mantida Original (Inseguro para mover)
2012,GO,5208707,1,1040,COLEGIO ESTADUAL PROFESSOR JOSE CARLOS DE ALMEIDA,SETOR CENTRAL,-49.20465,-16.4617281,24.08,10,0.682,Mantida Original (Inseguro para mover)
2014,GO,5208707,1,1040,COLEGIO ESTADUAL PROFESSOR JOSE CARLOS DE ALMEIDA,SETOR CENTRAL,-49.20465,-16.4617281,24.08,8,0.645,Mantida Original (Inseguro para mover)
2006,BA,2911907,193,1104,ESCOLA PARAÍSO INFANTIL,DISTRITO JOÃO AMARO,-40.188862,-12.947939,24.07,4,0.847,1. Match ID Validado
2008,BA,2911907,193,1104,ESCOLA PARAÍSO INFANTIL,DISTRITO JOÃO AMARO,-40.188862,-12.947939,24.07,4,0.847,1. Match ID Validado
2010,BA,2911907,193,1104,ESCOLA PARAÍSO INFANTIL,DISTRITO JOÃO AMARO,-40.188862,-12.947939,24.07,4,0.847,1. Match ID Validado
2010,GO,5208707,1,1040,COLEGIO ESTADUAL PROFESSOR JOSE CARLOS DE ALMEIDA,SETOR CENTRAL,-49.20465,-16.4617281,24.07,14,0.645,Mantida Original (Inseguro para mover)
2012,BA,2911907,193,1104,ESCOLA PARAÍSO INFANTIL,DISTRITO JOÃO AMARO,-40.188862,-12.947939,24.07,4,0.847,1. Match ID Validado
2014,BA,2911907,193,1104,ESCOLA PARAÍSO INFANTIL,DISTRITO JOÃO AMARO,-40.188862,-12.947939,24.07,4,0.847,1. Match ID Validado
2016,BA,2911907,193,1104,ESCOLA PARAÍSO INFANTIL,DISTRITO JOÃO AMARO,-40.188862,-12.947939,24.07,4,0.847,1. Match ID Validado
2018,BA,2911907,193,1104,ESCOLA PARAÍSO INFANTIL,DISTRITO JOÃO AMARO,-40.188862,-12.947939,24.07,4,0.847,1. Match ID Validado
2020,BA,2911907,193,1104,ESCOLA PARAÍSO INFANTIL,DISTRITO JOÃO AMARO,-40.188862,-12.947939,24.07,4,0.847,1. Match ID Validado
2022,BA,2911907,193,1104,ESCOLA PARAÍSO INFANTIL,DISTRITO JOÃO AMARO,-40.188862,-12.947939,24.07,4,0.847,Original (Não Aplicável)
2024,BA,2911907,193,1104,ESCOLA PARAÍSO INFANTIL,DISTRITO JOÃO AMARO,-40.188862,-12.947939,24.07,4,0.847,chave_exata_2022
2006,PR,4117305,167,1341,ESCOLA SAO FRANCISCO DE ASSIS,CENTRO,-50.806238,-24.022629,24.05,25,0.256,Mantida Original (Inseguro para mover)
2008,PR,4117305,167,1341,ESCOLA SAO FRANCISCO DE ASSIS,CENTRO,-50.806238,-24.022629,24.05,25,0.256,Mantida Original (Inseguro para mover)
2010,PR,4117305,167,1341,ESCOLA SAO FRANCISCO DE ASSIS,CENTRO,-50.806238,-24.022629,24.05,23,0.256,Mantida Original (Inseguro para mover)
2012,RJ,3304557,228,1031,INSTITUTO GUANABARA,TIJUCA,-43.4589541,-22.8691839,24.05,74,1.096,geocode_v0.15 (propagada)
2012,PR,4117305,167,1341,ESCOLA SAO FRANCISCO DE ASSIS,CENTRO,-50.806238,-24.022629,24.05,23,0.256,Mantida Original (Inseguro para mover)
2014,RJ,3304557,228,1031,INSTITUTO GUANABARA,TIJUCA,-43.4589541,-22.8691839,24.05,72,1.096,geocode_v0.15 (propagada)
2016,RJ,3304557,228,1031,COLEGIO MIGUEL COUTO,TIJUCA,-43.4589541,-22.8691839,24.05,72,1.163,geocode_v0.15 (propagada)
2006,RJ,3304557,228,1031,INSTITUTO GUANABARA,TIJUCA,-43.4589541,-22.8691839,24.04,65,1.05,geocode_v0.15 (propagada)
2008,RJ,3304557,228,1031,INSTITUTO GUANABARA,TIJUCA,-43.4589541,-22.8691839,24.04,65,1.05,geocode_v0.15 (propagada)
2010,RJ,3304557,228,1031,INSTITUTO GUANABARA,TIJUCA,-43.4589541,-22.8691839,24.04,74,1.19,geocode_v0.15 (propagada)
2010,PR,4110201,34,1228,SECRETARIA MUNICIPAL DE SAUDE - POSTO DE SAUDE,CENTRO,-51.252182,-25.7192775,24.01,6,0.527,geocode_v0.15 (propagada)
2012,PR,4110201,34,1228,SECRETARIA MUNICIPAL DE SAUDE - POSTO DE SAUDE,CENTRO,-51.252182,-25.7192775,24.01,6,0.527,geocode_v0.15 (propagada)
2014,PR,4110201,34,1228,SECRETARIA MUNICIPAL DE SAUDE - POSTO DE SAUDE,CENTRO,-51.252182,-25.7192775,24.01,6,0.527,geocode_v0.15 (propagada)
2016,PR,4110201,34,1228,SECRETARIA MUNICIPAL DE SAUDE - POSTO DE SAUDE,CENTRO,-51.252182,-25.7192775,24.01,6,0.527,geocode_v0.15 (propagada)
2006,MG,3114550,142,1031,ESCOLA ESTADUAL PROFESSOR ANTÔNIO DA SILVA,CENTRO,-50.9100077,-19.7526215,23.93,3,1.052,geocode_v0.15 (propagada)
2008,MG,3114550,142,1031,ESCOLA ESTADUAL PROFESSOR ANTÔNIO DA SILVA,CENTRO,-50.9100077,-19.7526215,23.93,3,1.052,geocode_v0.15 (propagada)
2010,MG,3114550,142,1031,ESCOLA ESTADUAL PROFESSOR ANTÔNIO DA SILVA,CENTRO,-50.9100077,-19.7526215,23.93,3,1.052,geocode_v0.15 (propagada)
2012,MG,3114550,142,1031,ESCOLA ESTADUAL PROFESSOR ANTÔNIO DA SILVA,CENTRO,-50.9100077,-19.7526215,23.93,3,1.052,geocode_v0.15 (propagada)
2014,MG,3114550,142,1031,ESCOLA ESTADUAL PROFESSOR ANTÔNIO DA SILVA,CENTRO,-50.9100077,-19.7526215,23.93,3,1.052,geocode_v0.15 (propagada)
2016,MG,3114550,142,1031,ESCOLA ESTADUAL PROFESSOR ANTÔNIO DA SILVA,CENTRO,-50.9100077,-19.7526215,23.93,3,1.052,geocode_v0.15 (propagada)
2018,MG,3114550,142,1031,ESCOLA ESTADUAL PROFESSOR ANTÔNIO DA SILVA,CENTRO,-50.9100077,-19.7526215,23.93,3,1.052,geocode_v0.15 (propagada)
2020,MG,3114550,142,1031,ESCOLA ESTADUAL PROFESSOR ANTÔNIO DA SILVA,CENTRO,-50.9100077,-19.7526215,23.93,3,1.052,geocode_v0.15 (propagada)
2022,MG,3114550,142,1031,ESCOLA ESTADUAL PROFESSOR ANTÔNIO DA SILVA,CENTRO,-50.9100077,-19.7526215,23.93,3,0.621,geocode_v0.15 (propagada)
2024,MG,3114550,142,1031,ESCOLA MUNICIPAL OLEGÁRIO FRANCISCO DE QUEIROZ,CENTRO,-50.9100077,-19.7526215,23.93,3,0.621,chave_exata_2022
2006,PE,2605608,67,1104,POSTO DE SAUDE MUNICIPAL,DISTRITO DE FATIMA,-37.9960895,-8.008175,23.89,3,0.146,Mantida Original (Inseguro para mover)
2008,PE,2605608,67,1104,POSTO DE SAUDE MUNICIPAL,DISTRITO DE FATIMA,-37.9960895,-8.008175,23.89,3,0.146,Mantida Original (Inseguro para mover)
2010,PE,2605608,67,1104,POSTO DE SAUDE MUNICIPAL,DISTRITO DE FATIMA,-37.9960895,-8.008175,23.89,3,0.146,Mantida Original (Inseguro para mover)
2008,CE,2310308,90,1198,ESCOLA FRANCISCO ALVES TEIXEIRA,CENTRO,-40.6287222,-6.0120332,23.59,5,0.097,geocode_v0.15 (propagada)
2010,CE,2310308,90,1198,ESCOLA FRANCISCO ALVES TEIXEIRA,CENTRO,-40.6287222,-6.0120332,23.59,5,0.097,geocode_v0.15 (propagada)
2012,CE,2310308,90,1198,ESCOLA FRANCISCO ALVES TEIXEIRA,CENTRO,-40.6287222,-6.0120332,23.59,6,0.198,geocode_v0.15 (propagada)
2012,ES,3205200,55,1929,CDPFVV - CENTRO PRISIONAL FEMININO DE VILA VELHA,XURI,-40.27233,-20.327112,23.58,3,0.35,Mantida Original (Inseguro para mover)
2006,MG,3108503,120,1040,ESCOLA ESTADUAL SANTA MARIA,CENTRO,-42.794824,-16.910514,23.55,3,0.0,geocode_v0.15 (propagada)
2008,MG,3108503,120,1040,ESCOLA ESTADUAL SANTA MARIA,CENTRO,-42.794824,-16.910514,23.55,3,0.0,geocode_v0.15 (propagada)
2010,MG,3108503,120,1040,ESCOLA ESTADUAL SANTA MARIA,CENTRO,-42.794824,-16.910514,23.55,3,0.0,geocode_v0.15 (propagada)
2012,MG,3108503,120,1040,ESCOLA ESTADUAL SANTA MARIA,CENTRO,-42.794824,-16.910514,23.55,3,0.0,geocode_v0.15 (propagada)
2014,MG,3108503,120,1040,ESCOLA ESTADUAL SANTA MARIA,CENTRO,-42.794824,-16.910514,23.55,3,0.0,geocode_v0.15 (propagada)
2016,MG,3108503,120,1040,ESCOLA ESTADUAL SANTA MARIA,CENTRO,-42.794824,-16.910514,23.55,3,0.0,geocode_v0.15 (propagada)
2018,MG,3108503,120,1040,ESCOLA ESTADUAL SANTA MARIA,CENTRO,-42.794824,-16.910514,23.55,3,0.0,geocode_v0.15 (propagada)
2020,MG,3108503,120,1040,ESCOLA ESTADUAL SANTA MARIA,CENTRO,-42.794824,-16.910514,23.55,3,0.0,geocode_v0.15 (propagada)
2022,MG,3108503,120,1040,ESCOLA ESTADUAL SANTA MARIA,CENTRO,-42.794824,-16.910514,23.55,3,0.0,geocode_v0.15 (propagada)
2024,MG,3108503,120,1040,ESCOLA ESTADUAL SANTA MARIA,CENTRO,-42.794824,-16.910514,23.55,3,0.0,chave_exata_2022
2006,CE,2310308,90,1198,ESCOLA FRANCISCO ALVES TEIXEIRA,CENTRO,-40.6287222,-6.0120332,23.54,7,0.276,geocode_v0.15 (propagada)
2012,BA,2919157,104,1465,ESCOLA MUNICIPAL ZENÁLIA DOURADO LOPES,CENTRO,-41.7789582,-11.5884395,23.49,5,0.195,geocode_v0.15 (propagada)
2010,SP,3550308,374,2070,UI-JATOBA(UI-28),JARDIM ARPOADOR,-46.67972383,-23.78157761,23.46,7,0.423,geocode_v0.15 (propagada)
2012,SP,3550308,374,2070,UI-JATOBA(UI-28),JARDIM ARPOADOR,-46.67972383,-23.78157761,23.46,8,1.822,geocode_v0.15 (propagada)
2014,SP,3550308,374,2070,UI-JATOBA(UI-28),JARDIM ARPOADOR,-46.67972383,-23.78157761,23.46,8,1.822,geocode_v0.15 (propagada)
2016,SP,3550308,374,2070,UNIDADE DE INTERNACAO JATOBA(UI-28),JARDIM ARPOADOR,-46.67972383,-23.78157761,23.46,7,0.423,geocode_v0.15 (propagada)
2018,SP,3550308,374,2070,UNIDADE DE INTERNACAO JATOBA(UI-28),JARDIM ARPOADOR,-46.67972383,-23.78157761,23.46,7,0.423,geocode_v0.15 (propagada)
2020,SP,3550308,374,2070,UNIDADE DE INTERNAÇÃO JATOBÁ(UI-28),JARDIM ARPOADOR,-46.67972383,-23.78157761,23.46,6,0.423,geocode_v0.15 (propagada)
2006,PR,4117305,167,1210,ESCOLA SANTOS DUMONT,CENTRO,-51.1220742,-24.0970143,23.44,25,0.256,geocode_v0.15 (propagada)
2008,PR,4117305,167,1210,ESCOLA SANTOS DUMONT,CENTRO,-51.1220742,-24.0970143,23.44,25,0.256,geocode_v0.15 (propagada)
2010,PR,4117305,167,1210,ESCOLA SANTOS DUMONT,CENTRO,-51.1220742,-24.0970143,23.44,23,0.256,geocode_v0.15 (propagada)
2012,PR,4117305,167,1210,ESCOLA SANTOS DUMONT,CENTRO,-51.1220742,-24.0970143,23.44,23,0.256,geocode_v0.15 (propagada)
2014,BA,2919157,104,1465,ESCOLA MUNICIPAL ZENÁLIA DOURADO LOPES,CENTRO,-41.7789582,-11.5884395,23.43,6,0.195,geocode_v0.15 (propagada)
2016,BA,2919157,104,1465,ESCOLA MUNICIPAL ZENÁLIA DOURADO LOPES,CENTRO,-41.7789582,-11.5884395,23.43,6,0.195,geocode_v0.15 (propagada)
2018,BA,2919157,104,1465,ESCOLA MUNICIPAL ZENÁLIA DOURADO LOPES,CENTRO,-41.7789582,-11.5884395,23.43,6,0.195,geocode_v0.15 (propagada)
2006,PI,2207207,68,1058,UNIDADE ESCOLAR TIO ZEZITO,CENTRO,-40.936524,-7.1457013,23.39,4,0.161,1. Match ID Validado
2008,PI,2207207,68,1058,UNIDADE ESCOLAR TIO ZEZITO,CENTRO,-40.936524,-7.1457013,23.39,4,0.161,1. Match ID Validado
2010,PI,2207207,68,1058,UNIDADE ESCOLAR TIO ZEZITO,CENTRO,-40.936524,-7.1457013,23.39,4,0.161,1. Match ID Validado
2012,PI,2207207,68,1058,UNIDADE ESCOLAR TIO ZEZITO,CENTRO,-40.936524,-7.1457013,23.39,4,0.161,1. Match ID Validado
2014,PI,2207207,68,1058,UNIDADE ESCOLAR TIO ZEZITO,CENTRO,-40.936524,-7.1457013,23.39,4,0.161,1. Match ID Validado
2016,PI,2207207,68,1058,UNIDADE ESCOLAR TIO ZEZITO,CENTRO,-40.936524,-7.1457013,23.39,4,0.161,1. Match ID Validado
2018,PI,2207207,68,1058,UNIDADE ESCOLAR TIO ZEZITO,CENTRO,-40.936524,-7.1457013,23.39,4,0.161,1. Match ID Validado
2020,PI,2207207,68,1058,UNIDADE ESCOLAR TIO ZEZITO,CENTRO,-40.936524,-7.1457013,23.39,4,0.161,1. Match ID Validado
2022,PI,2207207,68,1058,UNIDADE ESCOLAR TIO ZEZITO,CENTRO,-40.936524,-7.1457013,23.39,4,0.161,Original (Não Aplicável)
2010,RS,4301875,57,1058,EEEF FELISBERTO GONCALVES DOS SANTOS,CENTRO,-57.30801,-30.224261,23.37,3,0.225,Corrigido pelo GeoJSON de Votos (RS)
2006,BA,2910701,102,1821,ESPECIAL PREDIO ESCOLAR RENATO CAMPOS,CENTRO,-38.818859,-10.432994,23.28,9,0.329,Mantida Original (Inseguro para mover)
2008,BA,2910701,102,1821,ESPECIAL PREDIO ESCOLAR RENATO CAMPOS,CENTRO,-38.818859,-10.432994,23.28,9,0.329,Mantida Original (Inseguro para mover)
2010,BA,2910701,102,1821,ESPECIAL PREDIO ESCOLAR RENATO CAMPOS,CENTRO,-38.818859,-10.432994,23.28,9,0.329,Mantida Original (Inseguro para mover)
2012,BA,2910701,102,1821,ESPECIAL PREDIO ESCOLAR RENATO CAMPOS,CENTRO,-38.818859,-10.432994,23.28,9,0.329,Mantida Original (Inseguro para mover)
2014,BA,2910701,102,1821,ESPECIAL PREDIO ESCOLAR RENATO CAMPOS,CENTRO,-38.818859,-10.432994,23.28,9,0.329,Mantida Original (Inseguro para mover)
2016,BA,2910701,102,1821,ESPECIAL PREDIO ESCOLAR RENATO CAMPOS,CENTRO,-38.818859,-10.432994,23.28,9,0.329,Mantida Original (Inseguro para mover)
2018,BA,2910701,102,1821,ESPECIAL PREDIO ESCOLAR RENATO CAMPOS,CENTRO,-38.818859,-10.432994,23.28,8,0.329,Mantida Original (Inseguro para mover)
2006,PR,4117305,167,1120,ESCOLA BEIJA FLOR,CENTRO,-51.1500683333333,-24.1638766666667,23.25,25,0.256,Mantida Original (Inseguro para mover)
2008,PR,4117305,167,1120,ESCOLA BEIJA FLOR,CENTRO,-51.1500683333333,-24.1638766666667,23.25,25,0.256,Mantida Original (Inseguro para mover)
2010,PR,4117305,167,1120,ESCOLA BEIJA FLOR,CENTRO,-51.1500683333333,-24.1638766666667,23.25,23,0.256,Mantida Original (Inseguro para mover)
2012,PR,4117305,167,1120,ESCOLA BEIJA FLOR,CENTRO,-51.1500683333333,-24.1638766666667,23.25,23,0.256,Mantida Original (Inseguro para mover)
2006,GO,5207535,12,1082,SECRETARIA MUNICIPAL DA ASSISTENCIA SOCIAL,CENTRO,-50.16104,-15.52723,23.19,3,0.16,Mantida Original (Inseguro para mover)
2006,SP,3550308,351,1082,EE. PROF. ZENAIDE LOPES DE OLIVEIRA GODOY,VILA CONSTÂNÇA,-46.6698826,-23.6667376,23.11,3,0.221,1. Match ID Validado
2008,SP,3550308,351,1082,EE. PROF. ZENAIDE LOPES DE OLIVEIRA GODOY,VILA CONSTÂNÇA,-46.6698826,-23.6667376,23.11,3,0.221,1. Match ID Validado
2010,RJ,3304557,230,1139,EDUCANDARIO SANTO EXPEDITO - ESE,BANGU,-43.2506759,-22.9174755,23.11,35,1.12,geocode_v0.15 (propagada)
2010,SP,3550308,351,1082,EE. PROF. ZENAIDE LOPES DE OLIVEIRA GODOY,VILA CONSTÂNÇA,-46.6698826,-23.6667376,23.11,3,0.221,1. Match ID Validado
2012,SP,3550308,351,1082,EE. PROF. ZENAIDE LOPES DE OLIVEIRA GODOY,VILA CONSTÂNÇA,-46.6698826,-23.6667376,23.11,3,0.221,1. Match ID Validado
2014,SP,3550308,351,1082,EE. PROF. ZENAIDE LOPES DE OLIVEIRA GODOY,VILA CONSTÂNÇA,-46.6698826,-23.6667376,23.11,4,0.574,1. Match ID Validado
2016,SP,3550308,351,1082,EE. PROF. ZENAIDE LOPES DE OLIVEIRA GODOY,VILA CONSTÂNÇA,-46.6698826,-23.6667376,23.11,4,0.574,1. Match ID Validado
2018,SP,3550308,351,1082,EE. PROF. ZENAIDE LOPES DE OLIVEIRA GODOY,VILA CONSTÂNÇA,-46.6698826,-23.6667376,23.11,4,0.574,1. Match ID Validado
2020,SP,3550308,351,1082,EE. PROF. ZENAIDE LOPES DE OLIVEIRA GODOY,VILA CONSTÂNÇA,-46.6698826,-23.6667376,23.11,4,0.574,1. Match ID Validado
2022,SP,3550308,351,1082,EE. PROF. ZENAIDE LOPES DE OLIVEIRA GODOY,VILA CONSTÂNÇA,-46.6698826,-23.6667376,23.11,4,0.574,Original (Não Aplicável)
2024,SP,3550308,351,1082,EE. PROF. ZENAIDE LOPES DE OLIVEIRA GODOY,VILA CONSTÂNÇA,-46.6698826,-23.6667376,23.11,4,0.574,chave_exata_2022
2010,PR,4110706,34,5510,ESCOLA ESTADUAL NOSSA SENHORA DE FATIMA,CENTRO,-50.8521342,-25.5667946,23.09,14,0.492,geocode_v0.15 (propagada)
2018,CE,2308500,46,1228,FABRICA DE CONFECCOES DE MORADA NOVA,CENTRO,-39.81544,-5.830953,23.01,18,0.629,Mantida Original (Inseguro para mover)
2006,PR,4104451,203,1058,PAVILHAO DA COMUNIDADE DE RIO VISITA,CENTRO,-52.20497,-25.18207,22.96,7,0.894,Mantida Original (Inseguro para mover)
2008,PR,4104451,203,1058,PAVILHAO DA COMUNIDADE DE RIO VISITA,CENTRO,-52.20497,-25.18207,22.96,7,0.894,Mantida Original (Inseguro para mover)
2010,PR,4104451,203,1058,PAVILHAO DA COMUNIDADE DE RIO VISITA,CENTRO,-52.20497,-25.18207,22.96,7,0.894,Mantida Original (Inseguro para mover)
2012,PR,4104451,203,1058,PAVILHAO DA COMUNIDADE DE RIO VISITA,CENTRO,-52.20497,-25.18207,22.96,7,0.894,Mantida Original (Inseguro para mover)
2014,PR,4104451,203,1058,PAVILHAO DA COMUNIDADE DE RIO VISITA,CENTRO,-52.20497,-25.18207,22.96,7,0.894,Mantida Original (Inseguro para mover)
2006,CE,2308500,46,1228,FABRICA DE CONFECCOES DE MORADA NOVA,CENTRO,-39.81544,-5.830953,22.91,22,0.58,Mantida Original (Inseguro para mover)
2008,CE,2308500,46,1228,FABRICA DE CONFECCOES DE MORADA NOVA,CENTRO,-39.81544,-5.830953,22.91,21,0.58,Mantida Original (Inseguro para mover)
2010,CE,2308500,46,1228,FABRICA DE CONFECCOES DE MORADA NOVA,CENTRO,-39.81544,-5.830953,22.91,22,0.58,Mantida Original (Inseguro para mover)
2012,CE,2308500,46,1228,FABRICA DE CONFECCOES DE MORADA NOVA,CENTRO,-39.81544,-5.830953,22.91,23,0.58,Mantida Original (Inseguro para mover)
2014,CE,2308500,46,1228,FABRICA DE CONFECCOES DE MORADA NOVA,CENTRO,-39.81544,-5.830953,22.91,23,0.58,Mantida Original (Inseguro para mover)
2016,CE,2308500,46,1228,FABRICA DE CONFECCOES DE MORADA NOVA,CENTRO,-39.81544,-5.830953,22.91,22,0.541,Mantida Original (Inseguro para mover)
2020,GO,5219704,85,1120,ESCOLA ESTADUAL BENVINDA LEANDRO,CENTRO,-49.59918936,-14.60701338,22.85,3,1.134,1. Match ID Validado
2022,GO,5219704,85,1120,ESCOLA ESTADUAL BENVINDA LEANDRO,CENTRO,-49.59918936,-14.60701338,22.85,3,1.134,Original (Não Aplicável)
2024,GO,5219704,85,1120,ESCOLA ESTADUAL BENVINDA LEANDRO,CENTRO,-49.59918936,-14.60701338,22.85,3,1.134,chave_exata_2022
2006,MG,3114550,142,1058,ESCOLA ESTADUAL MARECHAL HERMES,CENTRO,-50.7279776,-19.9044333,22.83,3,1.052,geocode_v0.15 (propagada)
2008,MG,3114550,142,1058,ESCOLA ESTADUAL MARECHAL HERMES,CENTRO,-50.7279776,-19.9044333,22.83,3,1.052,geocode_v0.15 (propagada)
2010,MG,3114550,142,1058,ESCOLA ESTADUAL MARECHAL HERMES,CENTRO,-50.7279776,-19.9044333,22.83,3,1.052,geocode_v0.15 (propagada)
2012,MG,3114550,142,1058,ESCOLA ESTADUAL MARECHAL HERMES,CENTRO,-50.7279776,-19.9044333,22.83,3,1.052,geocode_v0.15 (propagada)
2014,MG,3114550,142,1058,ESCOLA ESTADUAL MARECHAL HERMES,CENTRO,-50.7279776,-19.9044333,22.83,3,1.052,geocode_v0.15 (propagada)
2016,MG,3114550,142,1058,ESCOLA ESTADUAL MARECHAL HERMES,CENTRO,-50.7279776,-19.9044333,22.83,3,1.052,geocode_v0.15 (propagada)
2018,MG,3114550,142,1058,ESCOLA ESTADUAL MARECHAL HERMES,CENTRO,-50.7279776,-19.9044333,22.83,3,1.052,geocode_v0.15 (propagada)
2020,MG,3114550,142,1058,ESCOLA ESTADUAL MARECHAL HERMES,CENTRO,-50.7279776,-19.9044333,22.83,3,1.052,geocode_v0.15 (propagada)
2022,MG,3114550,142,1058,ESCOLA ESTADUAL MARECHAL HERMES,CENTRO,-50.7279776,-19.9044333,22.83,3,0.621,geocode_v0.15 (propagada)
2024,MG,3114550,142,1058,ESCOLA MUNICIPAL ESTRELA DA BARRA,CENTRO,-50.7279776,-19.9044333,22.83,3,0.621,chave_exata_2022
2006,BA,2911303,197,1244,PREDIO ESCOLAR ESTADUAL EDMUNDO PEREIRA BASTOS,CENTRO,-42.707168,-11.477919,22.82,3,0.0,Mantida Original (Inseguro para mover)
2006,BA,2905206,63,1864,ESCOLA MUNICIPAL D ALBERTO GUIMARAES REZENDE,DISTRITO DE MANIAÇU,-42.5789866666667,-14.2557383333333,22.79,5,0.0,1. Match ID Validado
2012,MA,2105807,74,1120,POSTO DE SAUDE ROSANO LIMA DOS REIS,CENTRO - ZONA URBANA,-44.940449,-4.437796,22.78,4,0.558,Mantida Original (Inseguro para mover)
2014,MA,2105807,74,1120,POSTO DE SAUDE ROSANO LIMA DOS REIS,CENTRO - ZONA URBANA,-44.940449,-4.437796,22.78,4,0.558,Mantida Original (Inseguro para mover)
2006,RS,4304507,14,1686,ESC MUN DE 1 GRAU INCOMP BENTO GONCALVES,CENTRO,-52.8203773,-31.5565736,22.71,32,0.437,geocode_v0.15 (propagada)
2008,RS,4304507,14,1686,ESC MUN DE 1 GRAU INCOMP BENTO GONCALVES,CENTRO,-52.8203773,-31.5565736,22.71,28,0.476,geocode_v0.15 (propagada)
2010,RS,4304507,14,1686,ESC MUN DE 1 GRAU INCOMP BENTO GONCALVES,CENTRO,-52.8203773,-31.5565736,22.71,15,0.476,geocode_v0.15 (propagada)
2006,AM,1302603,32,1023,ESCOLA ESTADUAL OLAVO BILAC,SAO RAIMUNDO,-59.8451607,-3.06159299,22.61,4,0.265,geocode_v0.15 (propagada)
2006,RS,4300406,5,1422,POLO EDUCACIONAL DA CONCEICAO,CENTRO,-55.773653,-29.579267,22.61,17,1.066,Mantida Original (Inseguro para mover)
2006,RS,4300406,5,1511,POLO EDUCACIONAL DO CAVERA,CENTRO,-55.773653,-29.579267,22.61,17,1.066,Corrigido pelo GeoJSON de Votos (RS)
2006,RS,4300406,5,1538,POLO EDUCAIONAL DO MARIANO PINTO,CENTRO,-55.773653,-29.579267,22.61,17,1.066,Mantida Original (Inseguro para mover)
2006,RS,4300406,5,1473,POLO EDUCACIONAL DO RINCAO DO 28,CENTRO,-55.773653,-29.579267,22.61,17,1.066,Mantida Original (Inseguro para mover)
2006,RS,4300406,5,1449,POLO EDUCACIONAL DO SILVESTRE,CENTRO,-55.773653,-29.579267,22.61,17,1.066,Corrigido pelo GeoJSON de Votos (RS)
2008,AM,1302603,32,1023,ESCOLA ESTADUAL OLAVO BILAC,SAO RAIMUNDO,-59.8451607,-3.06159299,22.61,4,0.265,geocode_v0.15 (propagada)
2010,AM,1302603,32,1023,ESCOLA ESTADUAL OLAVO BILAC,SAO RAIMUNDO,-59.8451607,-3.06159299,22.61,4,0.265,geocode_v0.15 (propagada)
2012,AM,1302603,32,1023,ESCOLA ESTADUAL OLAVO BILAC,SAO RAIMUNDO,-59.8451607,-3.06159299,22.61,4,0.265,geocode_v0.15 (propagada)
2014,AM,1302603,32,1023,ESCOLA ESTADUAL OLAVO BILAC,SAO RAIMUNDO,-59.8451607,-3.06159299,22.61,4,0.265,geocode_v0.15 (propagada)
2006,PE,2605608,67,1031,SOCIEDADE CULTURAL DE FLORES,CENTRO,-37.789612,-7.949357,22.58,6,0.263,Mantida Original (Inseguro para mover)
2006,PE,2605608,67,1074,PREFEITURA MUNICIPAL,CENTRO,-37.789612,-7.949357,22.58,6,0.263,Mantida Original (Inseguro para mover)
2006,RJ,3304557,163,1198,ESCOLA SENHOR DO BONFIM,CATETE,-43.3707324,-22.8270887,22.58,7,0.12,geocode_v0.15 (propagada)
2008,PE,2605608,67,1031,SOCIEDADE CULTURAL DE FLORES,CENTRO,-37.789612,-7.949357,22.58,5,0.03,Mantida Original (Inseguro para mover)
2008,PE,2605608,67,1074,PREFEITURA MUNICIPAL,CENTRO,-37.789612,-7.949357,22.58,5,0.03,Mantida Original (Inseguro para mover)
2010,PE,2605608,67,1031,SOCIEDADE CULTURAL DE FLORES,CENTRO,-37.789612,-7.949357,22.58,5,0.03,Mantida Original (Inseguro para mover)
2010,PE,2605608,67,1074,PREFEITURA MUNICIPAL,CENTRO,-37.789612,-7.949357,22.58,5,0.03,Mantida Original (Inseguro para mover)
2012,PE,2605608,67,1031,SOCIEDADE CULTURAL DE FLORES,CENTRO,-37.789612,-7.949357,22.58,5,0.263,Mantida Original (Inseguro para mover)
2006,CE,2301604,18,1406,GRUPO ESCOLAR FIRME FERNANDES DE ALMEIDA,CENTRO,-39.9165395,-7.070849,22.57,9,0.46,Mantida Original (Inseguro para mover)
2008,CE,2301604,18,1406,GRUPO ESCOLAR FIRME FERNANDES DE ALMEIDA,CENTRO,-39.9165395,-7.070849,22.57,9,0.46,Mantida Original (Inseguro para mover)
2010,CE,2301604,18,1406,GRUPO ESCOLAR FIRME FERNANDES DE ALMEIDA,CENTRO,-39.9165395,-7.070849,22.57,9,0.46,Mantida Original (Inseguro para mover)
2014,SP,3550308,351,1643,COLÉGIO DECISÃO,VILA CONSTÂNÇA,-46.6695224,-23.6609624,22.51,4,0.574,1. Match ID Validado
2016,SP,3550308,351,1643,COLÉGIO DECISÃO,VILA CONSTÂNÇA,-46.6695224,-23.6609624,22.51,4,0.574,1. Match ID Validado
2018,SP,3550308,351,1643,COLÉGIO DECISÃO,VILA CONSTÂNÇA,-46.6695224,-23.6609624,22.51,4,0.574,1. Match ID Validado
2020,SP,3550308,351,1643,COLÉGIO DECISÃO,VILA CONSTÂNÇA,-46.6695224,-23.6609624,22.51,4,0.574,1. Match ID Validado
2022,SP,3550308,351,1643,COLÉGIO DECISÃO,VILA CONSTÂNÇA,-46.6695224,-23.6609624,22.51,4,0.574,Original (Não Aplicável)
2024,SP,3550308,351,1643,COLÉGIO DECISÃO,VILA CONSTÂNÇA,-46.6695224,-23.6609624,22.51,4,0.574,chave_exata_2022
2024,RS,4302808,9,1589,CAPELA DIVINO ESPIRITO SANTO,CENTRO,-53.268413,-30.450626,22.5,23,1.44,chave_exata_2022
2006,SP,3550308,259,1163,EM JEAN MERMOZ,CHACARA INGLESA,-46.7938153,-23.6864227,22.49,3,0.537,geocode_v0.15 (propagada)
2006,BA,2926806,93,1090,ESCOLA MUNICIPAL MARIA GUIMARÃES,CENTRO,-42.1113968,-14.2093835,22.48,3,0.028,geocode_v0.15 (propagada)
2006,RS,4305124,123,1104,GINASIO JAIME FARIA,CENTRO,-52.798511,-31.652666,22.48,12,0.837,geocode_v0.15 (propagada)
2008,BA,2926806,93,1090,ESCOLA MUNICIPAL MARIA GUIMARÃES,CENTRO,-42.1113968,-14.2093835,22.48,3,0.028,geocode_v0.15 (propagada)
2008,RS,4305124,123,1104,GINASIO JAIME FARIA,CENTRO,-52.798511,-31.652666,22.48,12,0.837,geocode_v0.15 (propagada)
2010,BA,2926806,93,1090,ESCOLA MUNICIPAL MARIA GUIMARÃES,CENTRO,-42.1113968,-14.2093835,22.48,3,0.028,geocode_v0.15 (propagada)
2010,RS,4305124,123,1104,GINASIO JAIME FARIA,CENTRO,-52.798511,-31.652666,22.48,11,0.466,geocode_v0.15 (propagada)
2012,BA,2926806,93,1090,ESCOLA MUNICIPAL MARIA GUIMARÃES,CENTRO,-42.1113968,-14.2093835,22.48,3,0.028,geocode_v0.15 (propagada)
2012,RS,4305124,123,1104,GINASIO JAIME FARIA,CENTRO,-52.798511,-31.652666,22.48,12,0.837,geocode_v0.15 (propagada)
2014,BA,2926806,93,1090,ESCOLA MUNICIPAL MARIA GUIMARÃES,CENTRO,-42.1113968,-14.2093835,22.48,3,0.028,geocode_v0.15 (propagada)
2014,RS,4305124,123,1104,GINASIO JAIME FARIA,CENTRO,-52.798511,-31.652666,22.48,11,0.466,geocode_v0.15 (propagada)
2016,BA,2926806,93,1090,ESCOLA MUNICIPAL MARIA GUIMARÃES,CENTRO,-42.1113968,-14.2093835,22.48,3,0.028,geocode_v0.15 (propagada)
2018,BA,2926806,93,1090,ESCOLA MUNICIPAL MARIA GUIMARÃES,CENTRO,-42.1113968,-14.2093835,22.48,3,0.028,geocode_v0.15 (propagada)
2006,PE,2610400,78,1147,CAPELA DA ICAIÇARA,CENTRO,-39.7844138,-8.0926443,22.46,4,0.321,1. Match ID Validado
2008,PE,2610400,78,1147,CAPELA DA ICAIÇARA,CENTRO,-39.7844138,-8.0926443,22.46,4,0.321,1. Match ID Validado
2010,PE,2610400,78,1147,CAPELA DA ICAIÇARA,CENTRO,-39.7844138,-8.0926443,22.46,4,0.321,1. Match ID Validado
2012,PE,2610400,78,1147,CAPELA DA ICAIÇARA,CENTRO,-39.7844138,-8.0926443,22.46,4,0.321,1. Match ID Validado
2014,PE,2610400,78,1147,CAPELA DA ICAIÇARA,CENTRO,-39.7844138,-8.0926443,22.46,4,0.321,1. Match ID Validado
2016,PE,2610400,78,1147,CAPELA DA ICAIÇARA,CENTRO,-39.7844138,-8.0926443,22.46,4,0.321,1. Match ID Validado
2018,PE,2610400,78,1147,CAPELA DA ICAIÇARA,CENTRO,-39.7844138,-8.0926443,22.46,4,0.321,1. Match ID Validado
2020,PE,2610400,78,1147,CAPELA DA ICAIÇARA,CENTRO,-39.7844138,-8.0926443,22.46,4,0.321,1. Match ID Validado
2022,PE,2610400,78,1147,CAPELA DA ICAIÇARA,CENTRO,-39.7844138,-8.0926443,22.46,4,0.321,Original (Não Aplicável)
2006,RS,4302808,9,1589,CAPELA DIVINO ESPIRITO SANTO,CENTRO,-53.268413,-30.450626,22.41,32,1.705,geocode_v0.15 (propagada)
2008,RS,4302808,9,1589,CAPELA DIVINO ESPIRITO SANTO,CENTRO,-53.268413,-30.450626,22.41,31,1.705,geocode_v0.15 (propagada)
2010,RS,4302808,9,1589,CAPELA DIVINO ESPIRITO SANTO,CENTRO,-53.268413,-30.450626,22.41,31,1.705,geocode_v0.15 (propagada)
2012,RS,4302808,9,1589,CAPELA DIVINO ESPIRITO SANTO,CENTRO,-53.268413,-30.450626,22.41,29,1.705,geocode_v0.15 (propagada)
2006,CE,2305605,39,1821,LOCALIDADE MALHADA VERMELHA,IAPI,-40.5128135,-5.393665,22.39,3,1.647,geocode_v0.15 (propagada)
2008,CE,2305605,39,1821,LOCALIDADE MALHADA VERMELHA,IAPI,-40.5128135,-5.393665,22.39,3,1.647,geocode_v0.15 (propagada)
2010,CE,2305605,39,1821,LOCALIDADE MALHADA VERMELHA,IAPI,-40.5128135,-5.393665,22.39,3,1.647,geocode_v0.15 (propagada)
2006,PR,4109302,112,1309,ESCOLA RURAL MUNICIPAL PRESIDENTE EURICO GASPAR DUTRA,CENTRO,-52.9704534,-25.2784144,22.35,17,0.232,geocode_v0.15 (propagada)
2008,PR,4109302,112,1309,ESCOLA RURAL MUNICIPAL PRESIDENTE EURICO GASPAR DUTRA,CENTRO,-52.9704534,-25.2784144,22.35,17,0.232,geocode_v0.15 (propagada)
2008,SP,3550308,259,1163,EM JEAN MERMOZ,CHACARA INGLESA,-46.7938153,-23.6864227,22.34,4,0.657,geocode_v0.15 (propagada)
2006,RS,4304507,14,1988,ESCOLA MUNICIPAL MEM DE SA,4 DISTRITO,-52.8203773,-31.5565736,22.32,13,0.0,geocode_v0.15 (propagada)
2008,RS,4304507,14,1988,ESCOLA MUNICIPAL MEM DE SA,4 DISTRITO,-52.8203773,-31.5565736,22.32,14,0.0,geocode_v0.15 (propagada)
2010,RS,4304507,14,1988,ESCOLA MUNICIPAL MEM DE SA,4 DISTRITO,-52.8203773,-31.5565736,22.32,15,0.0,geocode_v0.15 (propagada)
2012,RS,4304507,14,1988,E.M.E.F. MEM DE SA (DESATIVADA),4 DISTRITO,-52.8203773,-31.5565736,22.32,16,0.0,geocode_v0.15 (propagada)
2012,RS,4304507,14,1686,E.M.E.F. BENTO GONCALVES (DESATIVADA),4 DISTRITO,-52.8203773,-31.5565736,22.32,16,0.0,geocode_v0.15 (propagada)
2014,RS,4304507,14,1988,E.M.E.F. MEM DE SA (DESATIVADA),4 DISTRITO,-52.8203773,-31.5565736,22.32,15,0.0,geocode_v0.15 (propagada)
2014,RS,4304507,14,1686,E.M.E.F. BENTO GONCALVES (DESATIVADA),4 DISTRITO,-52.8203773,-31.5565736,22.32,15,0.0,geocode_v0.15 (propagada)
2016,RS,4304507,14,1988,E.M.E.F. MEM DE SA (DESATIVADA),4 DISTRITO,-52.8203773,-31.5565736,22.32,15,0.0,geocode_v0.15 (propagada)
2016,RS,4304507,14,1686,E.M.E.F. BENTO GONCALVES (DESATIVADA) - ASSOCIACAO DO QUILOMBO,4 DISTRITO,-52.8203773,-31.5565736,22.32,15,0.0,geocode_v0.15 (propagada)
2010,SP,3550308,350,1341,EE. VISCONDE DE TAUNAY,BAIRRO DO LIMÃO,-46.455675,-23.491203,22.3,4,0.986,geocode_v0.15 (propagada)
2022,RS,4304507,14,2062,UNIDADE BÁSICA DE SAÚDE DO PASSO DO LOURENÇO,4 DISTRITO,-52.8195026,-31.5567376,22.29,14,0.0,geocode_v0.15 (propagada)
2006,MG,3134004,15,1252,ESCOLA MUNICIPAL BARBARA HELIODORA,CENTRO,-41.9673459,-16.5342291,22.23,3,0.238,geocode_v0.15 (propagada)
2008,MG,3134004,15,1252,ESCOLA MUNICIPAL BARBARA HELIODORA,CENTRO,-41.9673459,-16.5342291,22.23,3,0.238,geocode_v0.15 (propagada)
2010,MG,3134004,15,1252,ESCOLA MUNICIPAL BARBARA HELIODORA,CENTRO,-41.9673459,-16.5342291,22.23,3,0.238,geocode_v0.15 (propagada)
2012,MG,3134004,15,1252,ESCOLA MUNICIPAL BARBARA HELIODORA,CENTRO,-41.9673459,-16.5342291,22.23,3,0.238,geocode_v0.15 (propagada)
2014,MG,3134004,15,1252,ESCOLA MUNICIPAL BARBARA HELIODORA,CENTRO,-41.9673459,-16.5342291,22.23,3,0.238,geocode_v0.15 (propagada)
2016,MG,3134004,15,1252,ESCOLA MUNICIPAL BARBARA HELIODORA,CENTRO,-41.9673459,-16.5342291,22.23,3,0.238,geocode_v0.15 (propagada)
2018,MG,3134004,15,1252,ESCOLA MUNICIPAL BARBARA HELIODORA,CENTRO,-41.9673459,-16.5342291,22.23,3,0.238,geocode_v0.15 (propagada)
2020,MG,3134004,15,1252,ESCOLA MUNICIPAL BARBARA HELIODORA,CENTRO,-41.9673459,-16.5342291,22.23,3,0.238,geocode_v0.15 (propagada)
2022,MG,3134004,15,1252,ESCOLA MUNICIPAL BARBARA HELIODORA,CENTRO,-41.9673459,-16.5342291,22.23,3,0.238,geocode_v0.15 (propagada)
2024,MG,3134004,15,1252,ESCOLA MUNICIPAL BARBARA HELIODORA,CENTRO,-41.9673459,-16.5342291,22.23,3,0.238,chave_exata_2022
2006,RJ,3304557,216,1066,E.T.E DE TRANSPORTE ENGENHEIRO SILVA FREIRE,ENGENHO DE DENTRO,-43.4728061,-23.0143798,22.2,14,0.923,geocode_v0.15 (propagada)
2008,RJ,3304557,216,1066,E.T.E DE TRANSPORTE ENGENHEIRO SILVA FREIRE,ENGENHO DE DENTRO,-43.4728061,-23.0143798,22.2,14,0.923,geocode_v0.15 (propagada)
2024,SP,3550308,257,2224,CDP DE VILA INDEPENDÊNCIA,VILA INDEPENDENCIA,-46.7880362,-23.6862173,22.2,3,0.275,chave_exata_2022
2006,PI,2202604,34,1279,CENTRO DE TREINAMENTO MUNICIPAL,CENTRO,-41.7058007,-5.1948084,22.18,11,0.253,geocode_v0.15 (propagada)
2006,PA,1506807,20,1929,EMEF SANTANA,PLANALTO,-54.71489818,-2.422391409,22.17,21,0.019,Mantida Original (Inseguro para mover)
2006,GO,5219704,85,1120,ESCOLA ESTADUAL BENVINDA LEANDRO,CENTRO,-49.59918936,-14.60701338,22.11,7,1.051,1. Match ID Validado
2008,GO,5219704,85,1120,ESCOLA ESTADUAL BENVINDA LEANDRO,CENTRO,-49.59918936,-14.60701338,22.11,7,1.051,1. Match ID Validado
2010,GO,5219704,85,1120,ESCOLA ESTADUAL BENVINDA LEANDRO,CENTRO,-49.59918936,-14.60701338,22.11,6,1.051,1. Match ID Validado
2012,GO,5219704,85,1120,ESCOLA ESTADUAL BENVINDA LEANDRO,CENTRO,-49.59918936,-14.60701338,22.11,4,1.051,1. Match ID Validado
2014,GO,5219704,85,1120,ESCOLA ESTADUAL BENVINDA LEANDRO,CENTRO,-49.59918936,-14.60701338,22.11,4,1.051,1. Match ID Validado
2016,GO,5219704,85,1120,ESCOLA ESTADUAL BENVINDA LEANDRO,CENTRO,-49.59918936,-14.60701338,22.11,4,1.051,1. Match ID Validado
2018,GO,5219704,85,1120,ESCOLA ESTADUAL BENVINDA LEANDRO,CENTRO,-49.59918936,-14.60701338,22.11,4,1.051,1. Match ID Validado
2006,PR,4117305,167,1392,ESCOLA ALMIRANTE TAMANDARE,CENTRO,-50.7782691,-24.0633932,22.1,25,0.256,geocode_v0.15 (propagada)
2008,PR,4117305,167,1392,ESCOLA ALMIRANTE TAMANDARE,CENTRO,-50.7782691,-24.0633932,22.1,25,0.256,geocode_v0.15 (propagada)
2010,PR,4117305,167,1392,ESCOLA ALMIRANTE TAMANDARE,CENTRO,-50.7782691,-24.0633932,22.1,23,0.256,geocode_v0.15 (propagada)
2012,PR,4117305,167,1392,ESCOLA ALMIRANTE TAMANDARE,CENTRO,-50.7782691,-24.0633932,22.1,23,0.256,geocode_v0.15 (propagada)
2006,SP,3530102,153,1066,EMEF PROFA TOMICA ABE,CENTRO,-51.1056499,-20.9360049,22.05,5,1.203,Mantida Original (Inseguro para mover)
2008,SP,3530102,153,1066,EMEF PROFA TOMICA ABE,CENTRO,-51.1056499,-20.9360049,22.05,5,1.203,Mantida Original (Inseguro para mover)
2010,SP,3530102,153,1066,EMEF PROFA TOMICA ABE,CENTRO,-51.1056499,-20.9360049,22.05,5,1.203,Mantida Original (Inseguro para mover)
2012,SP,3530102,153,1066,EMEF PROFA TOMICA ABE,CENTRO,-51.1056499,-20.9360049,22.05,5,1.203,Mantida Original (Inseguro para mover)
2006,SC,4205407,12,1724,ESCOLA BASICA PROFESSORA ANTONIETA DE BARROS,CENTRO,-48.39761719,-27.44789624,21.98,12,0.648,geocode_v0.15 (propagada)
2014,BA,2926202,182,1090,CRECHE MUNICIPAL,CENTRO,-44.725511,-11.82462,21.98,8,0.465,Mantida Original (Inseguro para mover)
2006,BA,2905206,63,1929,ASSOCIAÇÃO COMUNITÁRIA DOS AMIGOS DA VARGEM DA INVERNADA,DISTRITO BREJINHO DAS AMETISTAS,-42.640961,-14.10166,21.94,7,0.325,1. Match ID Validado
2008,BA,2905206,63,1929,ASSOCIAÇÃO COMUNITÁRIA DOS AMIGOS DA VARGEM DA INVERNADA,DISTRITO BREJINHO DAS AMETISTAS,-42.640961,-14.10166,21.94,7,0.325,1. Match ID Validado
2010,BA,2905206,63,1929,ASSOCIAÇÃO COMUNITÁRIA DOS AMIGOS DA VARGEM DA INVERNADA,DISTRITO BREJINHO DAS AMETISTAS,-42.640961,-14.10166,21.94,7,0.325,1. Match ID Validado
2012,BA,2905206,63,1929,ASSOCIAÇÃO COMUNITÁRIA DOS AMIGOS DA VARGEM DA INVERNADA,DISTRITO BREJINHO DAS AMETISTAS,-42.640961,-14.10166,21.94,7,0.325,1. Match ID Validado
2014,BA,2905206,63,1929,ASSOCIAÇÃO COMUNITÁRIA DOS AMIGOS DA VARGEM DA INVERNADA,DISTRITO BREJINHO DAS AMETISTAS,-42.640961,-14.10166,21.94,7,0.325,1. Match ID Validado
2016,BA,2905206,63,1929,ASSOCIAÇÃO COMUNITÁRIA DOS AMIGOS DA VARGEM DA INVERNADA,DISTRITO BREJINHO DAS AMETISTAS,-42.640961,-14.10166,21.94,8,0.325,1. Match ID Validado
2018,BA,2905206,63,1929,ASSOCIAÇÃO COMUNITÁRIA DOS AMIGOS DA VARGEM DA INVERNADA,DISTRITO BREJINHO DAS AMETISTAS,-42.640961,-14.10166,21.94,8,0.325,1. Match ID Validado
2020,BA,2905206,63,1929,ASSOCIAÇÃO COMUNITÁRIA DOS AMIGOS DA VARGEM DA INVERNADA,DISTRITO BREJINHO DAS AMETISTAS,-42.640961,-14.10166,21.94,8,0.325,1. Match ID Validado
2022,BA,2905206,63,1929,ASSOCIAÇÃO COMUNITÁRIA DOS AMIGOS DA VARGEM DA INVERNADA,DISTRITO BREJINHO DAS AMETISTAS,-42.640961,-14.10166,21.94,8,0.325,Original (Não Aplicável)
2024,BA,2905206,63,1929,ASSOCIAÇÃO COMUNITÁRIA DOS AMIGOS DA VARGEM DA INVERNADA,DISTRITO BREJINHO DAS AMETISTAS,-42.640961,-14.10166,21.94,6,0.325,chave_exata_2022
2006,RS,4304507,14,1449,ESC MUN DE 1 GRAU INCOMP SILVEIRA MARTINS,CENTRO,-52.67175667,-31.19712,21.91,32,0.437,geocode_v0.15 (propagada)
2008,RS,4304507,14,1449,ESC MUN DE 1 GRAU INCOMP SILVEIRA MARTINS,CENTRO,-52.67175667,-31.19712,21.91,28,0.476,geocode_v0.15 (propagada)
2006,SP,3549607,18,1040,EEPG. RURAL UEAC. DO BAIRRO DA ONÇA,CENTRO,-44.55705555,-22.84109283,21.85,3,0.34,1. Match ID Validado
2008,SP,3549607,18,1040,EEPG. RURAL UEAC. DO BAIRRO DA ONÇA,CENTRO,-44.55705555,-22.84109283,21.85,3,0.34,1. Match ID Validado
2010,SP,3549607,18,1040,EEPG. RURAL UEAC. DO BAIRRO DA ONÇA,CENTRO,-44.55705555,-22.84109283,21.85,3,0.34,1. Match ID Validado
2012,SP,3549607,18,1040,EEPG. RURAL UEAC. DO BAIRRO DA ONÇA,CENTRO,-44.55705555,-22.84109283,21.85,3,0.34,1. Match ID Validado
2014,SP,3549607,18,1040,EEPG. RURAL UEAC. DO BAIRRO DA ONÇA,CENTRO,-44.55705555,-22.84109283,21.85,3,0.34,1. Match ID Validado
2016,SP,3549607,18,1040,EEPG. RURAL UEAC. DO BAIRRO DA ONÇA,CENTRO,-44.55705555,-22.84109283,21.85,3,0.34,1. Match ID Validado
2018,SP,3549607,18,1040,EEPG. RURAL UEAC. DO BAIRRO DA ONÇA,CENTRO,-44.55705555,-22.84109283,21.85,3,0.34,1. Match ID Validado
2020,SP,3549607,18,1040,EEPG. RURAL UEAC. DO BAIRRO DA ONÇA,CENTRO,-44.55705555,-22.84109283,21.85,3,0.34,1. Match ID Validado
2022,SP,3549607,18,1040,EEPG. RURAL UEAC. DO BAIRRO DA ONÇA,CENTRO,-44.55705555,-22.84109283,21.85,3,0.34,Original (Não Aplicável)
2024,SP,3549607,18,1040,EEPG. RURAL UEAC. DO BAIRRO DA ONÇA,CENTRO,-44.55705555,-22.84109283,21.85,3,0.34,chave_exata_2022
2006,CE,2309300,48,1643,GRUPO ESCOLAR MANOEL ABDIAS EVANGELISTA,MAJOR SIMPLICIO,-40.5542409,-4.70703,21.84,3,0.1,Mantida Original (Inseguro para mover)
2014,SP,3550308,6,2178,COLEGIO SANTO AGOSTINHO,LIBERDADE,-46.7851733,-23.7005076,21.77,4,0.228,geocode_v0.15 (propagada)
2010,CE,2309300,48,1643,GRUPO ESCOLAR MANOEL ABDIAS EVANGELISTA,MAJOR SIMPLICIO,-40.5542409,-4.70703,21.76,3,0.384,Mantida Original (Inseguro para mover)
2006,PI,2201705,28,1015,UNIDADE DE SADE DA FUNASA,CENTRO,-43.8323548,-7.7986734,21.65,5,0.699,geocode_v0.15 (propagada)
2008,PI,2201705,28,1015,UNIDADE DE SADE DA FUNASA,CENTRO,-43.8323548,-7.7986734,21.65,5,0.699,geocode_v0.15 (propagada)
2010,PI,2201705,28,1015,UNIDADE DE SAUDE DA FUNASA,CENTRO,-43.8323548,-7.7986734,21.65,5,0.699,geocode_v0.15 (propagada)
2012,PI,2201705,28,1015,UNIDADE DE SAUDE DA FUNASA,CENTRO,-43.8323548,-7.7986734,21.65,5,0.699,geocode_v0.15 (propagada)
2014,PI,2201705,28,1015,UNIDADE DE SAUDE DA FUNASA,CENTRO,-43.8323548,-7.7986734,21.65,5,0.699,geocode_v0.15 (propagada)
2016,PI,2201705,28,1015,UNIDADE DE SAUDE DA FUNASA,CENTRO,-43.8323548,-7.7986734,21.65,5,0.699,geocode_v0.15 (propagada)
2018,PI,2201705,67,1015,UNIDADE DE SAUDE DA FUNASA,CENTRO,-43.8323548,-7.7986734,21.65,5,0.699,geocode_v0.15 (propagada)
2020,PI,2201705,67,1015,UNIDADE DE SAÚDE DA FUNASA,CENTRO,-43.8323548,-7.7986734,21.65,5,0.699,geocode_v0.15 (propagada)
2024,BA,2933307,40,2186,ESCOLA MUNICIPAL RÉGIS PACHECO,DISTRITO JOSÉ GONÇALVES,-40.9072567,-14.6951917,21.61,15,0.021,chave_exata_2022
2006,DF,5300108,2,1139,CENTRO DE ENSINO PAD/DF,SAO SEBASTIAO,-47.940667,-15.794338,21.51,11,1.667,Mantida Original (Inseguro para mover)
2014,BA,2907301,43,1040,ESCOLA DR. RAFAEL JAMBEIRO,CENTRO,-39.250792,-12.682165,21.5,13,0.474,1. Match ID Validado
2016,BA,2907301,43,1040,ESCOLA DR. RAFAEL JAMBEIRO,CENTRO,-39.250792,-12.682165,21.5,13,0.474,1. Match ID Validado
2018,BA,2907301,43,1040,ESCOLA DR. RAFAEL JAMBEIRO,CENTRO,-39.250792,-12.682165,21.5,13,0.474,1. Match ID Validado
2020,BA,2907301,43,1040,ESCOLA DR. RAFAEL JAMBEIRO,CENTRO,-39.250792,-12.682165,21.5,12,0.478,1. Match ID Validado
2022,BA,2907301,43,1040,ESCOLA DR. RAFAEL JAMBEIRO,CENTRO,-39.250792,-12.682165,21.5,12,0.478,Original (Não Aplicável)
2010,RJ,3304557,216,1163,COLÉGIO J. R. LAGES,TODOS OS SANTOS,-43.486667,-22.8603045,21.48,9,1.067,geocode_v0.15 (propagada)
2012,RJ,3304557,216,1163,COLÉGIO J. R. LAGES,TODOS OS SANTOS,-43.486667,-22.8603045,21.48,10,1.202,geocode_v0.15 (propagada)
2006,SP,3550308,254,1376,COLÉGIO AMORIM - SANTA TERESA,VILA GUILHERME,-46.4267449,-23.6089957,21.46,5,0.579,geocode_v0.15 (propagada)
2008,SP,3550308,254,1376,COLÉGIO AMORIM - SANTA TERESA,VILA GUILHERME,-46.4267449,-23.6089957,21.46,5,0.579,geocode_v0.15 (propagada)
2010,SP,3550308,254,1376,COLÉGIO AMORIM - SANTA TERESA,VILA GUILHERME,-46.4267449,-23.6089957,21.46,5,0.579,geocode_v0.15 (propagada)
2012,SP,3550308,254,1376,COLÉGIO AMORIM - SANTA TERESA,VILA GUILHERME,-46.4267449,-23.6089957,21.46,5,0.579,geocode_v0.15 (propagada)
2014,SP,3550308,254,1376,COLÉGIO AMORIM - SANTA TERESA,VILA GUILHERME,-46.4267449,-23.6089957,21.46,5,0.579,geocode_v0.15 (propagada)
2006,BA,2907707,158,1082,ESCOLA ESTADUALDE BARRA DO TARRACHIL,CENTRO,-38.98260257,-8.82524271,21.43,5,0.238,geocode_v0.15 (propagada)
2008,BA,2907707,158,1082,ESCOLA ESTADUALDE BARRA DO TARRACHIL,CENTRO,-38.98260257,-8.82524271,21.43,5,0.238,geocode_v0.15 (propagada)
2010,BA,2907707,158,1082,ESCOLA ESTADUALDE BARRA DO TARRACHIL,CENTRO,-38.98260257,-8.82524271,21.43,5,0.238,geocode_v0.15 (propagada)
2012,BA,2907707,158,1082,ESCOLA ESTADUALDE BARRA DO TARRACHIL,CENTRO,-38.98260257,-8.82524271,21.43,5,0.238,geocode_v0.15 (propagada)
2014,BA,2907707,158,1082,ESCOLA ESTADUALDE BARRA DO TARRACHIL,CENTRO,-38.98260257,-8.82524271,21.43,5,0.238,geocode_v0.15 (propagada)
2024,MG,3161007,251,1210,PSF FRANCISCO CAMILO PEIXOTO,CENTRO,-42.81701,-19.997887,21.43,3,0.012,geocode_v0.15 (modelo)
2010,MT,5101704,13,1090,EMPAER,CENTRO,-57.177395,-14.875522,21.42,7,0.486,Mantida Original (Inseguro para mover)
2014,PR,4109401,44,1864,ESCOLA RURAL MUNICIPAL PROFESSOR MAAK,CENTRO,-51.678785,-25.41164,21.42,6,0.502,Mantida Original (Inseguro para mover)
2016,PR,4109401,44,1864,ESCOLA RURAL MUNICIPAL PROFESSOR MAAK,CENTRO,-51.678785,-25.41164,21.42,6,0.502,Mantida Original (Inseguro para mover)
2018,PR,4109401,43,1724,ESCOLA RURAL MUNICIPAL PROFESSOR MAAK,CENTRO,-51.678785,-25.41164,21.42,6,0.502,Mantida Original (Inseguro para mover)
2006,RS,4301875,57,1058,ESCOLA ESTADUAL FELISBERTO GONCALVES DOS SANTOS,CENTRO,-57.352569,-30.124761,21.31,3,0.208,Corrigido pelo GeoJSON de Votos (RS)
2008,RS,4301875,57,1058,ESCOLA ESTADUAL FELISBERTO GONCALVES DOS SANTOS,CENTRO,-57.352569,-30.124761,21.31,3,0.332,Corrigido pelo GeoJSON de Votos (RS)
2006,PI,2201200,6,1066,EMATER,CENTRO,-42.48507293,-4.22530095,21.3,14,0.423,geocode_v0.15 (propagada)
2008,PI,2201200,6,1066,EMATER,CENTRO,-42.48507293,-4.22530095,21.3,14,0.423,geocode_v0.15 (propagada)
2010,PI,2201200,6,1066,EMATER,CENTRO,-42.48507293,-4.22530095,21.3,11,0.417,geocode_v0.15 (propagada)
2006,BA,2907301,43,1040,ESCOLA DR. RAFAEL JAMBEIRO,CENTRO,-39.250792,-12.682165,21.29,10,0.419,1. Match ID Validado
2008,BA,2907301,43,1040,ESCOLA DR. RAFAEL JAMBEIRO,CENTRO,-39.250792,-12.682165,21.29,10,0.419,1. Match ID Validado
2010,BA,2907301,43,1040,ESCOLA DR. RAFAEL JAMBEIRO,CENTRO,-39.250792,-12.682165,21.29,10,0.419,1. Match ID Validado
2012,BA,2907301,43,1040,ESCOLA DR. RAFAEL JAMBEIRO,CENTRO,-39.250792,-12.682165,21.29,10,0.419,1. Match ID Validado
2006,MT,5101704,13,1090,EMPAER,CENTRO,-57.177395,-14.875522,21.26,8,0.661,Mantida Original (Inseguro para mover)
2008,MT,5101704,13,1090,EMPAER,CENTRO,-57.177395,-14.875522,21.26,7,0.661,Mantida Original (Inseguro para mover)
2006,BA,2905206,63,1120,ESCOLA MUNICIPAL MENINO JESUS DE PRAGA,DISTRITO BREJINHO DAS AMETISTAS,-42.49224,-14.07685,21.22,7,0.325,1. Match ID Validado
2008,BA,2905206,63,1120,ESCOLA MUNICIPAL MENINO JESUS DE PRAGA,DISTRITO BREJINHO DAS AMETISTAS,-42.49224,-14.07685,21.22,7,0.325,1. Match ID Validado
2010,BA,2905206,63,1120,ESCOLA MUNICIPAL MENINO JESUS DE PRAGA,DISTRITO BREJINHO DAS AMETISTAS,-42.49224,-14.07685,21.22,7,0.325,1. Match ID Validado
2012,BA,2905206,63,1120,ESCOLA MUNICIPAL MENINO JESUS DE PRAGA,DISTRITO BREJINHO DAS AMETISTAS,-42.49224,-14.07685,21.22,7,0.325,1. Match ID Validado
2014,BA,2905206,63,1120,ESCOLA MUNICIPAL MENINO JESUS DE PRAGA,DISTRITO BREJINHO DAS AMETISTAS,-42.49224,-14.07685,21.22,7,0.325,1. Match ID Validado
2016,BA,2905206,63,1120,ESCOLA MUNICIPAL MENINO JESUS DE PRAGA,DISTRITO BREJINHO DAS AMETISTAS,-42.49224,-14.07685,21.22,8,0.325,1. Match ID Validado
2018,BA,2905206,63,1120,ESCOLA MUNICIPAL MENINO JESUS DE PRAGA,DISTRITO BREJINHO DAS AMETISTAS,-42.49224,-14.07685,21.22,8,0.325,1. Match ID Validado
2020,BA,2905206,63,1120,ESCOLA MUNICIPAL MENINO JESUS DE PRAGA,DISTRITO BREJINHO DAS AMETISTAS,-42.49224,-14.07685,21.22,8,0.325,1. Match ID Validado
2022,BA,2905206,63,1120,ESCOLA MUNICIPAL MENINO JESUS DE PRAGA,DISTRITO BREJINHO DAS AMETISTAS,-42.49224,-14.07685,21.22,8,0.325,Original (Não Aplicável)
2006,SP,3507902,28,1031,EM. DANTE MARTINELLI,CENTRO,-48.0095948,-22.4435428,21.21,3,0.296,1. Match ID Validado
2008,SP,3507902,28,1031,EM. DANTE MARTINELLI,CENTRO,-48.0095948,-22.4435428,21.21,3,0.296,1. Match ID Validado
2010,SP,3507902,28,1031,EM. DANTE MARTINELLI,CENTRO,-48.0095948,-22.4435428,21.21,3,0.296,1. Match ID Validado
2012,SP,3507902,28,1031,EM. DANTE MARTINELLI,CENTRO,-48.0095948,-22.4435428,21.21,3,0.296,1. Match ID Validado
2014,SP,3507902,28,1031,EM. DANTE MARTINELLI,CENTRO,-48.0095948,-22.4435428,21.21,3,0.296,1. Match ID Validado
2016,SP,3507902,28,1031,EM. DANTE MARTINELLI,CENTRO,-48.0095948,-22.4435428,21.21,3,0.296,1. Match ID Validado
2018,SP,3507902,28,1031,EM. DANTE MARTINELLI,CENTRO,-48.0095948,-22.4435428,21.21,3,0.296,1. Match ID Validado
2020,SP,3507902,28,1031,EM. DANTE MARTINELLI,CENTRO,-48.0095948,-22.4435428,21.21,3,0.296,1. Match ID Validado
2022,SP,3507902,28,1031,EM. DANTE MARTINELLI,CENTRO,-48.0095948,-22.4435428,21.21,3,0.296,Original (Não Aplicável)
2024,SP,3507902,28,1031,EM. DANTE MARTINELLI,CENTRO,-48.0095948,-22.4435428,21.21,3,0.296,chave_exata_2022
2006,MG,3139409,167,1244,ESCOLA ESTADUAL DE SÃO SEBASTIÃO DO SACRAMENTO - SACRAMENTO/MANHUAÇU,CENTRO,-42.1532277,-20.1025969,21.2,15,0.491,geocode_v0.15 (propagada)
2008,MG,3139409,167,1244,ESCOLA ESTADUAL DE SÃO SEBASTIÃO DO SACRAMENTO - SACRAMENTO/MANHUAÇU,CENTRO,-42.1532277,-20.1025969,21.2,14,0.491,geocode_v0.15 (propagada)
2010,MG,3139409,167,1244,ESCOLA ESTADUAL DE SÃO SEBASTIÃO DO SACRAMENTO - SACRAMENTO/MANHUAÇU,CENTRO,-42.1532277,-20.1025969,21.2,14,0.491,geocode_v0.15 (propagada)
2012,MG,3139409,167,1244,ESCOLA ESTADUAL DE SÃO SEBASTIÃO DO SACRAMENTO - SACRAMENTO/MANHUAÇU,CENTRO,-42.1532277,-20.1025969,21.2,15,0.491,geocode_v0.15 (propagada)
2014,MG,3139409,167,1244,ESCOLA ESTADUAL DE SÃO SEBASTIÃO DO SACRAMENTO - SACRAMENTO/MANHUAÇU,CENTRO,-42.1532277,-20.1025969,21.2,14,0.491,geocode_v0.15 (propagada)
2016,MG,3139409,167,1244,ESCOLA ESTADUAL DE SÃO SEBASTIÃO DO SACRAMENTO - SACRAMENTO/MANHUAÇU,CENTRO,-42.1532277,-20.1025969,21.2,13,0.454,geocode_v0.15 (propagada)
2018,MG,3139409,167,1244,ESCOLA ESTADUAL DE SÃO SEBASTIÃO DO SACRAMENTO - SACRAMENTO/MANHUAÇU,CENTRO,-42.1532277,-20.1025969,21.2,13,0.454,geocode_v0.15 (propagada)
2020,MG,3139409,167,1244,ESCOLA ESTADUAL DE SÃO SEBASTIÃO DO SACRAMENTO - SACRAMENTO/MANHUAÇU,CENTRO,-42.1532277,-20.1025969,21.2,13,0.454,geocode_v0.15 (propagada)
2022,MG,3139409,167,1244,ESCOLA ESTADUAL DE SÃO SEBASTIÃO DO SACRAMENTO - SACRAMENTO/MANHUAÇU,CENTRO,-42.1532277,-20.1025969,21.2,13,0.454,geocode_v0.15 (propagada)
2024,MG,3139409,167,1244,ESCOLA ESTADUAL DE SÃO SEBASTIÃO DO SACRAMENTO - SACRAMENTO/MANHUAÇU,CENTRO,-42.1532277,-20.1025969,21.2,13,0.454,chave_exata_2022
2006,MA,2106631,84,1058,ESCOLA MUNICIPAL DE COIVARAS,CENTRO - ZONA URBANA,-44.5723624861111,-3.8183475,21.18,6,0.205,Mantida Original (Inseguro para mover)
2012,ES,3205200,55,1937,CDPVV - CENTRO DE DETENÇÃO PROVISÓRIA DE VILA VELHA,XURI,-40.29442,-20.33763,21.15,3,0.35,1. Match ID Validado
2014,ES,3205200,55,1937,CDPVV - CENTRO DE DETENÇÃO PROVISÓRIA DE VILA VELHA,XURI,-40.29442,-20.33763,21.15,3,0.0,1. Match ID Validado
2024,ES,3205200,55,1937,CDPVV - CENTRO DE DETENÇÃO PROVISÓRIA DE VILA VELHA,XURI,-40.29442,-20.33763,21.15,3,0.0,chave_exata_2022
2012,PR,4109401,44,1864,ESCOLA RURAL MUNICIPAL PROFESSOR MAAK,CENTRO,-51.678785,-25.41164,21.08,11,0.842,Mantida Original (Inseguro para mover)
2010,RS,4301875,57,1023,EMEF MANOEL IMAS DOS SANTOS,CENTRO,-57.352569,-30.124761,21.0,3,0.225,Corrigido pelo GeoJSON de Votos (RS)
2006,SP,3543006,53,1023,EE. PROF. ABDIEL LOPES MONTEIRO,CENTRO,-48.9462045,-24.3128554,20.98,6,0.934,1. Match ID Validado
2008,SP,3543006,53,1023,EE. PROF. ABDIEL LOPES MONTEIRO,CENTRO,-48.9462045,-24.3128554,20.98,6,0.934,1. Match ID Validado
2008,RS,4307104,72,1155,ESC. EST. DE 1 GRAU INC. ROSAURA DE FREITAS CAMPELLO,CENTRO,-53.277741,-31.866204,20.98,11,0.858,geocode_v0.15 (propagada)
2010,SP,3543006,53,1023,EE. PROF. ABDIEL LOPES MONTEIRO,CENTRO,-48.9462045,-24.3128554,20.98,6,0.934,1. Match ID Validado
2012,SP,3543006,53,1023,EE. PROF. ABDIEL LOPES MONTEIRO,CENTRO,-48.9462045,-24.3128554,20.98,6,0.934,1. Match ID Validado
2014,SP,3543006,53,1023,EE. PROF. ABDIEL LOPES MONTEIRO,CENTRO,-48.9462045,-24.3128554,20.98,6,0.934,1. Match ID Validado
2016,SP,3543006,53,1023,EE. PROF. ABDIEL LOPES MONTEIRO,CENTRO,-48.9462045,-24.3128554,20.98,6,0.934,1. Match ID Validado
2018,SP,3543006,53,1023,EE. PROF. ABDIEL LOPES MONTEIRO,CENTRO,-48.9462045,-24.3128554,20.98,6,0.934,1. Match ID Validado
2020,SP,3543006,53,1023,EE. PROF. ABDIEL LOPES MONTEIRO,CENTRO,-48.9462045,-24.3128554,20.98,6,0.934,1. Match ID Validado
2022,SP,3543006,53,1023,EE. PROF. ABDIEL LOPES MONTEIRO,CENTRO,-48.9462045,-24.3128554,20.98,6,0.934,Original (Não Aplicável)
2024,SP,3543006,53,1023,EE. PROF. ABDIEL LOPES MONTEIRO,CENTRO,-48.9462045,-24.3128554,20.98,6,0.934,chave_exata_2022
2012,PE,2609808,77,1082,ESCOLA MUNICIPAL AUGUSTO FELIX DA CRUZ,CENTRO,-39.6665464,-8.4410523,20.96,4,0.188,geocode_v0.15 (propagada)
2014,PE,2609808,77,1082,ESCOLA MUNICIPAL AUGUSTO FELIX DA CRUZ,CENTRO,-39.6665464,-8.4410523,20.96,4,0.188,geocode_v0.15 (propagada)
2016,PE,2609808,77,1082,ESCOLA MUNICIPAL AUGUSTO FELIX DA CRUZ,CENTRO,-39.6665464,-8.4410523,20.96,4,0.188,geocode_v0.15 (propagada)
2006,MG,3119302,96,1163,ESCOLA RURAL NOSSA SENHORA APARECIDA,CENTRO,-47.0152035,-18.4003865,20.95,17,0.417,geocode_v0.15 (propagada)
2008,MG,3119302,96,1163,ESCOLA RURAL NOSSA SENHORA APARECIDA,CENTRO,-47.0152035,-18.4003865,20.95,17,0.417,geocode_v0.15 (propagada)
2006,PE,2609808,77,1082,ESCOLA MUNICIPAL AUGUSTO FELIX DA CRUZ,CENTRO,-39.6665464,-8.4410523,20.94,4,0.184,geocode_v0.15 (propagada)
2008,PE,2609808,77,1082,ESCOLA MUNICIPAL AUGUSTO FELIX DA CRUZ,CENTRO,-39.6665464,-8.4410523,20.94,4,0.184,geocode_v0.15 (propagada)
2010,PE,2609808,77,1082,ESCOLA MUNICIPAL AUGUSTO FELIX DA CRUZ,CENTRO,-39.6665464,-8.4410523,20.94,4,0.184,geocode_v0.15 (propagada)
2006,CE,2312908,24,2232,SALAO PAROQUIAL,CENTRO,-40.5361918,-3.6662112,20.84,40,0.595,geocode_v0.15 (propagada)
2006,RJ,3304557,233,1112,COLEGIO SOUZA LIMA,REALENGO,-43.2303779,-22.926783,20.82,35,1.361,geocode_v0.15 (propagada)
2008,RJ,3304557,233,1112,COLEGIO SOUZA LIMA,REALENGO,-43.2303779,-22.926783,20.82,35,1.361,geocode_v0.15 (propagada)
2010,RJ,3304557,233,1112,COLEGIO SOUZA LIMA,REALENGO,-43.2303779,-22.926783,20.82,36,1.382,geocode_v0.15 (propagada)
2012,SP,3550308,350,2364,EE. PROFª BEATRIZ DO ROZARIO BASSI ASTORINO,VILA EMA,-46.7032319,-23.4824607,20.79,4,0.57,geocode_v0.15 (propagada)
2006,RJ,3304557,216,1163,COLÉGIO J. R. LAGES,TODOS OS SANTOS,-43.486667,-22.8603045,20.76,10,1.439,geocode_v0.15 (propagada)
2008,RJ,3304557,216,1163,COLÉGIO J. R. LAGES,TODOS OS SANTOS,-43.486667,-22.8603045,20.76,10,1.439,geocode_v0.15 (propagada)
2006,SP,3550308,348,1333,EMEI PROF JOAO ORTALE,VILA FORMOSA,-46.7194378,-23.4729598,20.71,14,1.025,geocode_v0.15 (propagada)
2008,SP,3550308,348,1333,EMEI PROF JOAO ORTALE,VILA FORMOSA,-46.7194378,-23.4729598,20.71,13,0.896,geocode_v0.15 (propagada)
2010,SP,3550308,348,1333,EMEI PROF JOAO ORTALE,VILA FORMOSA,-46.7194378,-23.4729598,20.71,13,0.896,geocode_v0.15 (propagada)
2006,SP,3541604,103,1040,EE. PROF. HUGO GAMBETTI,CENTRO,-50.0097134,-21.6579925,20.6,5,0.521,1. Match ID Validado
2008,SP,3541604,103,1040,EE. PROF. HUGO GAMBETTI,CENTRO,-50.0097134,-21.6579925,20.6,5,0.521,1. Match ID Validado
2010,SP,3541604,103,1040,EE. PROF. HUGO GAMBETTI,CENTRO,-50.0097134,-21.6579925,20.6,6,0.672,1. Match ID Validado
2012,SP,3541604,103,1040,EE. PROF. HUGO GAMBETTI,CENTRO,-50.0097134,-21.6579925,20.6,6,0.672,1. Match ID Validado
2014,SP,3541604,103,1040,EE. PROF. HUGO GAMBETTI,CENTRO,-50.0097134,-21.6579925,20.6,7,0.521,1. Match ID Validado
2016,SP,3541604,103,1040,EE. PROF. HUGO GAMBETTI,CENTRO,-50.0097134,-21.6579925,20.6,7,0.521,1. Match ID Validado
2018,SP,3541604,103,1040,EE. PROF. HUGO GAMBETTI,CENTRO,-50.0097134,-21.6579925,20.6,7,0.521,1. Match ID Validado
2020,SP,3541604,103,1040,EE. PROF. HUGO GAMBETTI,CENTRO,-50.0097134,-21.6579925,20.6,7,0.521,1. Match ID Validado
2022,SP,3541604,103,1040,EE. PROF. HUGO GAMBETTI,CENTRO,-50.0097134,-21.6579925,20.6,7,0.521,Original (Não Aplicável)
2024,SP,3541604,103,1040,EE. PROF. HUGO GAMBETTI,CENTRO,-50.0097134,-21.6579925,20.6,7,0.521,chave_exata_2022
2006,PR,4125753,148,1031,LUZ MARINA,CENTRO,-54.0297051,-24.8345086,20.59,3,0.0,geocode_v0.15 (propagada)
2008,PR,4125753,148,1031,LUZ MARINA,CENTRO,-54.0297051,-24.8345086,20.59,3,0.0,geocode_v0.15 (propagada)
2020,SP,3519600,49,1040,EE. HENRIQUE MARTINELLI,CENTRO,-49.0246021,-21.7429307,20.52,5,0.221,1. Match ID Validado
2022,SP,3519600,49,1040,EE. HENRIQUE MARTINELLI,CENTRO,-49.0246021,-21.7429307,20.52,5,0.221,Original (Não Aplicável)
2024,SP,3519600,49,1040,EMEI DIMAS DE CAMARGO,CENTRO,-49.0246021,-21.7429307,20.52,5,0.221,chave_exata_2022
2006,RJ,3300902,97,1120,COLEGIO ESTADUAL PROF. MANOEL GONCALVES RAMOS JR.,CENTRO,-41.8166564,-21.4149533,20.48,9,0.225,geocode_v0.15 (propagada)
2006,RJ,3304557,4,1309,JARDIM DE INFANCIA MARECHAL HERMES,BOTAFOGO,-43.3222531,-22.8138303,20.48,23,0.741,geocode_v0.15 (propagada)
2006,RS,4314605,78,1350,ESCOLA ESTADUAL PROF.JOSE ZEFERINO DA SILVEIRA,CENTRO,-53.16804,-31.62402,20.48,18,0.351,Mantida Original (Inseguro para mover)
2008,RJ,3304557,4,1309,JARDIM DE INFANCIA MARECHAL HERMES,BOTAFOGO,-43.3222531,-22.8138303,20.48,22,0.741,geocode_v0.15 (propagada)
2008,RS,4314605,78,1350,ESCOLA ESTADUAL PROF.JOSE ZEFERINO DA SILVEIRA,CENTRO,-53.16804,-31.62402,20.48,16,0.301,Mantida Original (Inseguro para mover)
2010,RS,4314605,78,5502,ESCOLA ESTADUAL PROF.JOSE ZEFERINO DA SILVEIRA,CENTRO,-53.16804,-31.62402,20.48,13,0.228,Mantida Original (Inseguro para mover)
2010,PR,4104808,143,1368,ESCOLA MARECHAL DEODORO,CENTRO,-53.4772344,-25.1350615,20.4,51,1.076,geocode_v0.15 (propagada)
2024,BA,2914901,198,1252,CLUBE MUNICIPAL DE TABOQUINHAS,DISTRITO TABOQUINHAS,-38.996094,-14.288375,20.4,3,0.225,chave_exata_2022
2006,SP,3504909,18,1058,EMEFRE DR. MIGUEL AUGUSTO DE SOUZA LEITE,CENTRO,-44.45778425,-22.8164303,20.38,3,0.611,1. Match ID Validado
2006,SP,3519600,49,1040,EE. HENRIQUE MARTINELLI,CENTRO,-49.0246021,-21.7429307,20.38,4,0.486,1. Match ID Validado
2008,SP,3504909,18,1058,EMEFRE DR. MIGUEL AUGUSTO DE SOUZA LEITE,CENTRO,-44.45778425,-22.8164303,20.38,3,0.611,1. Match ID Validado
2008,SP,3519600,49,1040,EE. HENRIQUE MARTINELLI,CENTRO,-49.0246021,-21.7429307,20.38,4,0.486,1. Match ID Validado
2010,SP,3504909,18,1058,EMEFRE DR. MIGUEL AUGUSTO DE SOUZA LEITE,CENTRO,-44.45778425,-22.8164303,20.38,3,0.611,1. Match ID Validado
2010,SP,3519600,49,1040,EE. HENRIQUE MARTINELLI,CENTRO,-49.0246021,-21.7429307,20.38,4,0.486,1. Match ID Validado
2012,SP,3504909,18,1058,EMEFRE DR. MIGUEL AUGUSTO DE SOUZA LEITE,CENTRO,-44.45778425,-22.8164303,20.38,3,0.611,1. Match ID Validado
2012,SP,3519600,49,1040,EE. HENRIQUE MARTINELLI,CENTRO,-49.0246021,-21.7429307,20.38,4,0.486,1. Match ID Validado
2014,SP,3504909,18,1058,EMEFRE DR. MIGUEL AUGUSTO DE SOUZA LEITE,CENTRO,-44.45778425,-22.8164303,20.38,3,0.611,1. Match ID Validado
2014,SP,3519600,49,1040,EE. HENRIQUE MARTINELLI,CENTRO,-49.0246021,-21.7429307,20.38,4,0.486,1. Match ID Validado
2016,SP,3504909,18,1058,EMEFRE DR. MIGUEL AUGUSTO DE SOUZA LEITE,CENTRO,-44.45778425,-22.8164303,20.38,3,0.611,1. Match ID Validado
2016,SP,3519600,49,1040,EE. HENRIQUE MARTINELLI,CENTRO,-49.0246021,-21.7429307,20.38,4,0.486,1. Match ID Validado
2018,SP,3504909,18,1058,EMEFRE DR. MIGUEL AUGUSTO DE SOUZA LEITE,CENTRO,-44.45778425,-22.8164303,20.38,3,0.611,1. Match ID Validado
2018,SP,3519600,49,1040,EE. HENRIQUE MARTINELLI,CENTRO,-49.0246021,-21.7429307,20.38,4,0.486,1. Match ID Validado
2020,SP,3504909,18,1058,EMEFRE DR. MIGUEL AUGUSTO DE SOUZA LEITE,CENTRO,-44.45778425,-22.8164303,20.38,3,0.611,1. Match ID Validado
2022,SP,3504909,18,1058,EMEFRE DR. MIGUEL AUGUSTO DE SOUZA LEITE,CENTRO,-44.45778425,-22.8164303,20.38,3,0.611,Original (Não Aplicável)
2024,SP,3504909,18,1058,EMEFRE DR. MIGUEL AUGUSTO DE SOUZA LEITE,CENTRO,-44.45778425,-22.8164303,20.38,3,0.611,chave_exata_2022
2014,RJ,3304557,163,1015,ESCOLA MUNICIPAL VITAL BRASIL,CATETE,-43.3442777,-22.8293592,20.36,6,0.37,geocode_v0.15 (propagada)
2016,RJ,3304557,163,1015,ESCOLA MUNICIPAL VITAL BRASIL,CATETE,-43.3442777,-22.8293592,20.36,6,0.37,geocode_v0.15 (propagada)
2006,PR,4104808,143,1368,PAVILHAO DA IGREJA,CENTRO,-53.4772344,-25.1350615,20.35,61,1.274,geocode_v0.15 (propagada)
2008,PR,4104808,143,1368,PAVILHAO DA IGREJA,CENTRO,-53.4772344,-25.1350615,20.35,59,1.297,geocode_v0.15 (propagada)
2012,PR,4104808,143,1368,ESCOLA MARECHAL DEODORO,CENTRO,-53.4772344,-25.1350615,20.35,27,0.893,geocode_v0.15 (propagada)
2006,PR,4104428,44,1201,ESCOLA MUNICIPAL MIGUEL MARTIM,CENTRO,-52.24308,-25.62775,20.33,16,0.0,Mantida Original (Inseguro para mover)
2008,PR,4104428,44,1201,ESCOLA MUNICIPAL MIGUEL MARTIM,CENTRO,-52.24308,-25.62775,20.33,16,0.0,Mantida Original (Inseguro para mover)
2024,RS,4314209,123,1295,POSTO DE SAÚDE MUNICIPAL DO MATARAZZO,CENTRO,-52.917313,-32.025759,20.33,5,0.162,chave_exata_2022
2006,SP,3530201,238,1031,EE KOSUKE ENDO,CENTRO,-52.10126259,-22.28768561,20.23,3,0.098,2. Match Núcleo+Bairro
2006,PR,4102000,113,1198,ESCOLA D PEDRO II,CENTRO,-53.654995,-24.272433,20.23,7,0.977,Mantida Original (Inseguro para mover)
2008,PR,4102000,113,1198,ESCOLA D PEDRO II,CENTRO,-53.654995,-24.272433,20.23,7,0.977,Mantida Original (Inseguro para mover)
2010,SP,3530201,238,1031,EE KOSUKE ENDO,CENTRO,-52.10126259,-22.28768561,20.23,3,0.098,2. Match Núcleo+Bairro
2012,SP,3530201,238,1031,EE KOSUKE ENDO,CENTRO,-52.10126259,-22.28768561,20.23,3,0.088,2. Match Núcleo+Bairro
2014,SP,3530201,238,1031,EE KOSUKE ENDO,CENTRO,-52.10126259,-22.28768561,20.23,3,0.088,2. Match Núcleo+Bairro
2016,SP,3530201,238,1031,EE KOSUKE ENDO,CENTRO,-52.10126259,-22.28768561,20.23,3,0.088,2. Match Núcleo+Bairro
2018,SP,3530201,165,1031,EE KOSUKE ENDO,CENTRO,-52.10126259,-22.28768561,20.23,3,0.088,1. Match ID Validado
2020,SP,3530201,165,1031,EE KOSUKE ENDO,CENTRO,-52.10126259,-22.28768561,20.23,3,0.088,1. Match ID Validado
2022,SP,3530201,165,1031,EE KOSUKE ENDO,CENTRO,-52.10126259,-22.28768561,20.23,3,0.088,Original (Não Aplicável)
2024,SP,3530201,165,1031,EE KOSUKE ENDO,CENTRO,-52.10126259,-22.28768561,20.23,3,0.088,chave_exata_2022
2010,DF,5300108,5,1317,ESCOLA CLASSE CORREGO DO OURO,SOBRADINHO,-47.9228912,-15.513346,20.22,30,1.88,1. Match ID Validado
2012,DF,5300108,5,1317,ESCOLA CLASSE CORREGO DO OURO,SOBRADINHO,-47.9228912,-15.513346,20.22,31,1.88,1. Match ID Validado
2014,DF,5300108,5,1317,ESCOLA CLASSE CORREGO DO OURO,SOBRADINHO,-47.9228912,-15.513346,20.22,35,1.45,1. Match ID Validado
2008,SP,3530201,238,1031,EE KOSUKE ENDO,CENTRO,-52.10126259,-22.28768561,20.21,3,0.067,2. Match Núcleo+Bairro
2008,RJ,3304557,163,1015,ESCOLA MUNICIPAL VITAL BRASIL,CATETE,-43.3442777,-22.8293592,20.18,5,0.362,geocode_v0.15 (propagada)
2010,RJ,3304557,163,1015,ESCOLA MUNICIPAL VITAL BRASIL,CATETE,-43.3442777,-22.8293592,20.18,5,0.362,geocode_v0.15 (propagada)
2012,RJ,3304557,163,1015,ESCOLA MUNICIPAL VITAL BRASIL,CATETE,-43.3442777,-22.8293592,20.18,5,0.362,geocode_v0.15 (propagada)
2008,RJ,3304557,164,1090,COLEGIO SANTO ADOLFO,SANTA TERESA,-43.388314,-22.9180968,20.17,6,1.876,geocode_v0.15 (propagada)
2010,RJ,3304557,164,1090,COLEGIO SANTO ADOLFO,SANTA TERESA,-43.388314,-22.9180968,20.17,6,1.876,geocode_v0.15 (propagada)
2012,RJ,3304557,164,1090,COLEGIO SANTO ADOLFO,SANTA TERESA,-43.388314,-22.9180968,20.17,6,1.876,geocode_v0.15 (propagada)
2014,RJ,3304557,164,1090,COLEGIO SANTO ADOLFO,SANTA TERESA,-43.388314,-22.9180968,20.17,6,1.876,geocode_v0.15 (propagada)
2016,RJ,3304557,164,1090,COLEGIO SANTO ADOLFO,SANTA TERESA,-43.388314,-22.9180968,20.17,5,1.03,geocode_v0.15 (propagada)
2018,RJ,3304557,16,1651,COLEGIO SANTO ADOLFO,SANTA TERESA,-43.388314,-22.9180968,20.17,5,1.03,geocode_v0.15 (propagada)
2018,RJ,3304557,16,1635,ESCOLA MUNICIPAL VITAL BRASIL,CATETE,-43.3442777,-22.8293592,20.14,4,0.351,geocode_v0.15 (propagada)
2006,RS,4314209,123,1295,POSTO DE SAÚDE MUNICIPAL DO MATARAZZO,CENTRO,-52.917313,-32.025759,20.13,11,0.225,geocode_v0.15 (propagada)
2008,RS,4314209,123,1295,POSTO DE SAÚDE MUNICIPAL DO MATARAZZO,CENTRO,-52.917313,-32.025759,20.13,11,0.225,geocode_v0.15 (propagada)
2010,RS,4314209,123,1295,POSTO DE SAÚDE MUNICIPAL DO MATARAZZO,CENTRO,-52.917313,-32.025759,20.13,7,0.254,geocode_v0.15 (propagada)
2012,RS,4314209,123,1295,POSTO DE SAÚDE MUNICIPAL DO MATARAZZO,CENTRO,-52.917313,-32.025759,20.13,6,0.254,geocode_v0.15 (propagada)
2014,RS,4314209,123,1295,POSTO DE SAÚDE MUNICIPAL DO MATARAZZO,CENTRO,-52.917313,-32.025759,20.13,6,0.254,geocode_v0.15 (propagada)
2016,RS,4314209,123,1295,POSTO DE SAÚDE MUNICIPAL DO MATARAZZO,CENTRO,-52.917313,-32.025759,20.13,6,0.254,geocode_v0.15 (propagada)
2012,RS,4316907,135,5503,ESCOLA SENAC JOAO DAUTH D OLIVEIRA,CENTRO,-53.99417,-29.76737,20.12,23,0.449,Mantida Original (Inseguro para mover)
2006,RJ,3304557,163,1015,ESCOLA MUNICIPAL VITAL BRASIL,CATETE,-43.3442777,-22.8293592,20.1,7,0.12,geocode_v0.15 (propagada)
2012,SC,4205407,101,5577,FUNDACAO CATARINENSE DE ESPORTE - FESPORTE,CAPOEIRAS,-48.51556473,-27.43323583,20.08,6,0.806,geocode_v0.15 (propagada)
2014,RS,4322202,87,1740,SALAO COMUNITARIO NOSSA SENHORA DE FATIMA,CENTRO,-53.64579,-29.015594,20.08,6,0.496,geocode_v0.15 (propagada)
2006,PR,4100707,128,1104,E E DO CAMPO PROFESSOR JUCUNDINO FURTADO - EF,CENTRO,-53.3918171,-24.2002434,20.05,7,0.574,1. Match ID Validado
2008,PR,4100707,128,1104,E E DO CAMPO PROFESSOR JUCUNDINO FURTADO - EF,CENTRO,-53.3918171,-24.2002434,20.05,7,0.574,1. Match ID Validado
2010,PR,4100707,128,1104,E E DO CAMPO PROFESSOR JUCUNDINO FURTADO - EF,CENTRO,-53.3918171,-24.2002434,20.05,7,0.574,1. Match ID Validado
2012,PR,4100707,128,1104,E E DO CAMPO PROFESSOR JUCUNDINO FURTADO - EF,CENTRO,-53.3918171,-24.2002434,20.05,7,0.574,1. Match ID Validado
2014,PR,4100707,128,1104,E E DO CAMPO PROFESSOR JUCUNDINO FURTADO - EF,CENTRO,-53.3918171,-24.2002434,20.05,7,0.574,1. Match ID Validado
2016,PR,4100707,128,1104,E E DO CAMPO PROFESSOR JUCUNDINO FURTADO - EF,CENTRO,-53.3918171,-24.2002434,20.05,7,0.574,1. Match ID Validado
2018,PR,4100707,128,1104,E E DO CAMPO PROFESSOR JUCUNDINO FURTADO - EF,CENTRO,-53.3918171,-24.2002434,20.05,7,0.574,1. Match ID Validado
2020,PR,4100707,128,1104,E E DO CAMPO PROFESSOR JUCUNDINO FURTADO - EF,CENTRO,-53.3918171,-24.2002434,20.05,7,0.574,1. Match ID Validado
2006,RS,4322202,87,1740,SALAO COMUNITARIO NOSSA SENHORA DE FATIMA,CENTRO,-53.64579,-29.015594,20.03,10,0.424,geocode_v0.15 (propagada)
2008,RS,4322202,87,1740,SALAO COMUNITARIO NOSSA SENHORA DE FATIMA,CENTRO,-53.64579,-29.015594,20.03,10,0.424,geocode_v0.15 (propagada)
2010,RS,4322202,87,1740,SALAO COMUNITARIO NOSSA SENHORA DE FATIMA,CENTRO,-53.64579,-29.015594,20.03,10,0.424,geocode_v0.15 (propagada)
2012,RS,4322202,87,1740,SALAO COMUNITARIO NOSSA SENHORA DE FATIMA,CENTRO,-53.64579,-29.015594,20.03,10,0.424,geocode_v0.15 (propagada)
2006,BA,2909901,85,1430,ESCOLA MUNICIPAL MACÁRIO VIEIRA CARVALHO,DISTRITO DE POÇO DE FORA,-39.666403,-9.746988,20.02,3,0.0,1. Match ID Validado
2008,BA,2909901,85,1430,ESCOLA MUNICIPAL MACÁRIO VIEIRA CARVALHO,DISTRITO DE POÇO DE FORA,-39.666403,-9.746988,20.02,3,0.0,1. Match ID Validado
2010,BA,2909901,85,1430,ESCOLA MUNICIPAL MACÁRIO VIEIRA CARVALHO,DISTRITO DE POÇO DE FORA,-39.666403,-9.746988,20.02,4,0.0,1. Match ID Validado
2012,BA,2909901,85,1430,ESCOLA MUNICIPAL MACÁRIO VIEIRA CARVALHO,DISTRITO DE POÇO DE FORA,-39.666403,-9.746988,20.02,4,0.0,1. Match ID Validado
2014,BA,2909901,85,1430,ESCOLA MUNICIPAL MACÁRIO VIEIRA CARVALHO,DISTRITO DE POÇO DE FORA,-39.666403,-9.746988,20.02,4,0.0,1. Match ID Validado
2014,RJ,3304557,3,1325,CULTURA INGLESA,TAQUARA,-43.1771246,-22.9354358,20.02,29,1.248,geocode_v0.15 (propagada)
2016,BA,2909901,85,1430,ESCOLA MUNICIPAL MACÁRIO VIEIRA CARVALHO,DISTRITO DE POÇO DE FORA,-39.666403,-9.746988,20.02,4,0.0,1. Match ID Validado
2018,BA,2909901,85,1430,ESCOLA MUNICIPAL MACÁRIO VIEIRA CARVALHO,DISTRITO DE POÇO DE FORA,-39.666403,-9.746988,20.02,4,0.0,1. Match ID Validado
2020,BA,2909901,85,1430,ESCOLA MUNICIPAL MACÁRIO VIEIRA CARVALHO,DISTRITO DE POÇO DE FORA,-39.666403,-9.746988,20.02,4,0.0,1. Match ID Validado
2006,AM,1302603,32,1511,CENTRO MUNICIPAL DE EDUCACAO INFANTIL MADRE ELISIA,SAO RAIMUNDO,-60.02628518,-2.94765782,20.01,4,0.265,geocode_v0.15 (propagada)
2008,AM,1302603,32,1511,CENTRO MUNICIPAL DE EDUCACAO INFANTIL MADRE ELISIA,SAO RAIMUNDO,-60.02628518,-2.94765782,20.01,4,0.265,geocode_v0.15 (propagada)
2010,AM,1302603,32,1511,CENTRO MUNICIPAL DE EDUCACAO INFANTIL MADRE ELISIA,SAO RAIMUNDO,-60.02628518,-2.94765782,20.01,4,0.265,geocode_v0.15 (propagada)
2012,AM,1302603,32,1511,CENTRO MUNICIPAL DE EDUCACAO INFANTIL MADRE ELISIA,SAO RAIMUNDO,-60.02628518,-2.94765782,20.01,4,0.265,geocode_v0.15 (propagada)
2014,AM,1302603,32,1511,CENTRO MUNICIPAL DE EDUCACAO INFANTIL MADRE ELISIA,SAO RAIMUNDO,-60.02628518,-2.94765782,20.01,4,0.265,geocode_v0.15 (propagada)
2006,RS,4316907,135,5503,ESCOLA SENAC JOAO DAUTH D OLIVEIRA,CENTRO,-53.99417,-29.76737,19.99,28,0.523,Mantida Original (Inseguro para mover)
2016,RJ,3304557,3,1325,CULTURA INGLESA,TAQUARA,-43.1771246,-22.9354358,19.99,28,1.222,geocode_v0.15 (propagada)
2006,PA,1505908,82,1058,GRUPO ESCOLAR D PEDRO I,CENTRO,-52.4195141,-1.7533728,19.97,4,0.51,geocode_v0.15 (propagada)
2008,PA,1505908,82,1058,GRUPO ESCOLAR D PEDRO I,CENTRO,-52.4195141,-1.7533728,19.97,4,0.501,geocode_v0.15 (propagada)
2010,PA,1505908,82,1058,GRUPO ESCOLAR D PEDRO I,CENTRO,-52.4195141,-1.7533728,19.97,4,0.501,geocode_v0.15 (propagada)
2012,PA,1505908,82,1058,GRUPO ESCOLAR D PEDRO I,CENTRO,-52.4195141,-1.7533728,19.97,3,0.0,geocode_v0.15 (propagada)
2014,PA,1505908,82,1058,GRUPO ESCOLAR D PEDRO I,CENTRO,-52.4195141,-1.7533728,19.97,3,0.0,geocode_v0.15 (propagada)
2016,PA,1505908,82,1058,GRUPO ESCOLAR D PEDRO I,CENTRO,-52.4195141,-1.7533728,19.97,3,0.0,geocode_v0.15 (propagada)
2018,PA,1505908,82,1058,GRUPO ESCOLAR D PEDRO I,CENTRO,-52.4195141,-1.7533728,19.97,3,0.0,geocode_v0.15 (propagada)
2012,AM,1302603,31,5501,SUB. UNIDADE MURILO BRAGA,COLONIA OLIVEIRA MACHADO,-59.99607503,-2.96780778,19.85,3,0.086,geocode_v0.15 (propagada)
2006,PA,1506807,20,1864,EMEF SAO TOME,PLANALTO,-54.891023,-2.536659,19.8,21,0.019,Mantida Original (Inseguro para mover)
2006,RJ,3304557,206,1333,CULTURA INGLESA,TAQUARA,-43.1858745,-22.9702557,19.8,25,1.248,geocode_v0.15 (propagada)
2014,RJ,3304557,206,1333,CULTURA INGLESA,TAQUARA,-43.1858745,-22.9702557,19.8,29,1.248,geocode_v0.15 (propagada)
2006,DF,5300108,5,1317,ESCOLA CLASSE CORREGO DO OURO,SOBRADINHO,-47.9228912,-15.513346,19.79,28,1.841,1. Match ID Validado
2008,DF,5300108,5,1317,ESCOLA CLASSE CORREGO DO OURO,SOBRADINHO,-47.9228912,-15.513346,19.79,27,1.841,1. Match ID Validado
2006,PB,2516300,43,1082,GRUPO ESCOLAR IRINEU SEVERO,CENTRO,-36.961298,-7.511777,19.76,6,0.117,Mantida Original (Inseguro para mover)
2008,PB,2516300,43,1082,GRUPO ESCOLAR IRINEU SEVERO,CENTRO,-36.961298,-7.511777,19.76,6,0.117,Mantida Original (Inseguro para mover)
2008,RJ,3304557,206,1333,CULTURA INGLESA,TAQUARA,-43.1858745,-22.9702557,19.76,24,1.222,geocode_v0.15 (propagada)
2010,PB,2516300,43,1082,GRUPO ESCOLAR IRINEU SEVERO,CENTRO,-36.961298,-7.511777,19.76,5,0.108,Mantida Original (Inseguro para mover)
2010,RJ,3304557,216,1147,FACULDADE DA CIDADE - PREDIO ADMINISTRACAO,TODOS OS SANTOS,-43.466961,-22.8500018,19.76,9,1.067,geocode_v0.15 (propagada)
2010,RJ,3304557,206,1333,CULTURA INGLESA,TAQUARA,-43.1858745,-22.9702557,19.76,24,1.222,geocode_v0.15 (propagada)
2012,PB,2516300,43,1082,GRUPO ESCOLAR IRINEU SEVERO,CENTRO,-36.961298,-7.511777,19.76,5,0.108,Mantida Original (Inseguro para mover)
2012,RJ,3304557,216,1147,FACULDADE DA CIDADE - PREDIO ADMINISTRACAO,TODOS OS SANTOS,-43.466961,-22.8500018,19.76,10,1.202,geocode_v0.15 (propagada)
2012,RJ,3304557,206,1333,CULTURA INGLESA,TAQUARA,-43.1858745,-22.9702557,19.76,27,1.134,geocode_v0.15 (propagada)
2014,PB,2516300,43,1082,GRUPO ESCOLAR IRINEU SEVERO,CENTRO,-36.961298,-7.511777,19.76,5,0.108,Mantida Original (Inseguro para mover)
2016,PB,2516300,43,1082,GRUPO ESCOLAR IRINEU SEVERO,CENTRO,-36.961298,-7.511777,19.76,5,0.108,Mantida Original (Inseguro para mover)
2016,RJ,3304557,206,1333,CULTURA INGLESA,TAQUARA,-43.1858745,-22.9702557,19.76,28,1.222,geocode_v0.15 (propagada)
2018,PB,2516300,43,1082,GRUPO ESCOLAR IRINEU SEVERO,CENTRO,-36.961298,-7.511777,19.76,5,0.108,Mantida Original (Inseguro para mover)
2022,BA,2927408,12,1589,ESCOLA MUNICIPAL 25 DE JULHO,SÃO CRISTÓVÃO,-38.51696,-12.991615,19.74,10,0.438,Original (Não Aplicável)
2006,DF,5300108,14,1430,INSTITUTO DE EDUCACAO GUINESS,ASA NORTE,-48.0538377,-15.8337983,19.7,33,1.908,Mantida Original (Inseguro para mover)
2008,PA,1503457,49,1180,CLUBE DE MAES,CENTRO,-47.6650489,-2.6205163,19.7,5,0.248,geocode_v0.15 (propagada)
2008,DF,5300108,14,1430,INSTITUTO DE EDUCACAO GUINESS,ASA NORTE,-48.0538377,-15.8337983,19.7,33,1.838,Mantida Original (Inseguro para mover)
2010,RJ,3304557,4,1309,COLEGIO PADRE ANTONIO VIEIRA,HUMAITA,-43.3658976,-22.8692746,19.69,4,0.287,geocode_v0.15 (propagada)
2012,RJ,3304557,4,1309,COLEGIO PADRE ANTONIO VIEIRA,HUMAITA,-43.3658976,-22.8692746,19.69,4,0.287,geocode_v0.15 (propagada)
2014,RJ,3304557,4,1309,COLEGIO PADRE ANTONIO VIEIRA,HUMAITA,-43.3658976,-22.8692746,19.69,4,0.287,geocode_v0.15 (propagada)
2016,RJ,3304557,4,1309,JARDIM DE INFANCIA MARECHAL HERMES,HUMAITA,-43.3658976,-22.8692746,19.69,4,0.287,geocode_v0.15 (propagada)
2014,RJ,3304557,1,1295,UNIVERSIDADE ESTÁCIO DE SÁ,TAQUARA,-43.1819436,-22.9017903,19.61,29,1.248,geocode_v0.15 (propagada)
2016,RJ,3304557,1,1295,UNIVERSIDADE ESTÁCIO DE SÁ,TAQUARA,-43.1819436,-22.9017903,19.59,28,1.222,geocode_v0.15 (propagada)
2006,PA,1503457,49,1180,CLUBE DE MAES,CENTRO,-47.6650489,-2.6205163,19.55,8,0.477,geocode_v0.15 (propagada)
2024,MA,2107258,105,1082,UNIVERSIDADE INFANTIL CRIANÇAS ESPERANÇA,CENTRO - ZONA URBANA,-46.3108585,-7.286676,19.55,3,0.227,chave_exata_2022
2006,PR,4102000,113,1163,ESCOLA JULIA WANDERLEI,CENTRO,-53.694425,-24.3295601,19.54,7,0.977,geocode_v0.15 (propagada)
2008,PR,4102000,113,1163,ESCOLA JULIA WANDERLEI,CENTRO,-53.694425,-24.3295601,19.54,7,0.977,geocode_v0.15 (propagada)
2006,BA,2927408,4,1767,ESPECIAL ESCOLA MUNICIPAL JOAO BATISTA CARIBE,SAO TOME DE PARIPE,-38.4649467,-12.9983993,19.53,4,1.228,geocode_v0.15 (propagada)
2006,PR,4104253,171,1058,LOCALIDADE RURAL DA TERRA BOA,CENTRO,-49.52498474,-25.21924097,19.53,11,1.765,geocode_v0.15 (propagada)
2008,BA,2927408,4,1767,ESPECIAL ESCOLA MUNICIPAL JOAO BATISTA CARIBE,SAO TOME DE PARIPE,-38.4649467,-12.9983993,19.53,4,1.228,geocode_v0.15 (propagada)
2008,PR,4104253,171,1058,LOCALIDADE RURAL DA TERRA BOA,CENTRO,-49.52498474,-25.21924097,19.53,11,1.765,geocode_v0.15 (propagada)
2010,BA,2927408,4,1767,ESPECIAL ESCOLA MUNICIPAL JOAO BATISTA CARIBE,SAO TOME DE PARIPE,-38.4649467,-12.9983993,19.53,4,1.228,geocode_v0.15 (propagada)
2010,PR,4104253,171,1058,LOCALIDADE RURAL DA TERRA BOA,CENTRO,-49.52498474,-25.21924097,19.53,11,1.765,geocode_v0.15 (propagada)
2012,BA,2927408,4,1767,ESPECIAL ESCOLA MUNICIPAL JOAO BATISTA CARIBE,SAO TOME DE PARIPE,-38.4649467,-12.9983993,19.53,4,1.228,geocode_v0.15 (propagada)
2012,PR,4104253,171,1058,LOCALIDADE RURAL DA TERRA BOA,CENTRO,-49.52498474,-25.21924097,19.53,11,1.765,geocode_v0.15 (propagada)
2014,BA,2927408,4,1767,ESPECIAL ESCOLA MUNICIPAL JOAO BATISTA CARIBE,SAO TOME DE PARIPE,-38.4649467,-12.9983993,19.53,4,1.228,geocode_v0.15 (propagada)
2016,BA,2927408,4,1767,ESPECIAL ESCOLA MUNICIPAL JOAO BATISTA CARIBE,SAO TOME DE PARIPE,-38.4649467,-12.9983993,19.53,4,1.228,geocode_v0.15 (propagada)
2018,BA,2927408,4,1767,ESPECIAL COLEGIO ESTADUAL JOAO BATISTA CARIBE,SAO TOME DE PARIPE,-38.4649467,-12.9983993,19.53,4,1.228,geocode_v0.15 (propagada)
2012,SP,3550308,3,1210,UNIVERSIDADE SAO FRANCISCO,CANINDE,-46.4325203,-23.5463049,19.49,3,0.133,geocode_v0.15 (propagada)
2024,BA,2925253,149,1244,NUCLEO ESCOLAR VÁRZEA DA PEDRA,CENTRO,-40.097503,-11.035657,19.47,5,0.293,geocode_v0.15 (modelo)
2006,PI,2211001,63,1031,UESPI - CAMPUS REGIÃO SUDESTE DE TERESINA (ANTIGO CSU),ITARARÉ,-42.614293,-5.2078266,19.45,14,0.865,geocode_v0.15 (propagada)
2006,RS,4303509,12,1473,ESC. MUN. ENS. FUND. CONEGO LUIZ WALTER HANQUET,BONITO,-51.797335,-30.855077,19.4,4,1.02,Mantida Original (Inseguro para mover)
2006,RS,4318507,130,1090,ESCOLA MUNICIPAL GUIDO FERNANDES,CENTRO,-51.890532,-31.893122,19.4,17,0.389,geocode_v0.15 (propagada)
2008,RS,4303509,12,1473,ESC. MUN. ENS. FUND. CONEGO LUIZ WALTER HANQUET,BONITO,-51.797335,-30.855077,19.4,4,1.02,Mantida Original (Inseguro para mover)
2010,RS,4303509,12,1473,ESC. MUN. ENS. FUND. CONEGO LUIZ WALTER HANQUET,BONITO,-51.797335,-30.855077,19.4,4,1.02,Mantida Original (Inseguro para mover)
2012,RS,4303509,12,1473,ESC. MUN. ENS. FUND. CONEGO LUIZ WALTER HANQUET,BONITO,-51.797335,-30.855077,19.4,4,1.02,Mantida Original (Inseguro para mover)
2006,SE,2804201,18,1066,"DR. JOSE ROLEMBERG LEITE, ESCOLA MUNICIPAL",CENTRO,-37.7235832,-10.1013625,19.36,3,0.137,geocode_v0.15 (propagada)
2008,SE,2804201,18,1066,"DR. JOSE ROLEMBERG LEITE, ESCOLA MUNICIPAL",CENTRO,-37.7235832,-10.1013625,19.36,3,0.137,geocode_v0.15 (propagada)
2010,SE,2804201,18,1066,"DR. JOSE ROLEMBERG LEITE, ESCOLA MUNICIPAL",CENTRO,-37.7235832,-10.1013625,19.36,3,0.137,geocode_v0.15 (propagada)
2012,SE,2804201,18,1066,"DR. JOSE ROLEMBERG LEITE, ESCOLA MUNICIPAL",CENTRO,-37.7235832,-10.1013625,19.34,5,0.137,geocode_v0.15 (propagada)
2014,CE,2302800,33,2640,ESCOLA MUNICIPAL EUCLIDES BARROSO,CENTRO,-39.486242,-4.343,19.34,12,0.653,Mantida Original (Inseguro para mover)
2014,SE,2804201,18,1066,"DR. JOSE ROLEMBERG LEITE, ESCOLA MUNICIPAL",CENTRO,-37.7235832,-10.1013625,19.34,5,0.137,geocode_v0.15 (propagada)
2016,SE,2804201,18,1066,"DR. JOSE ROLEMBERG LEITE, ESCOLA MUNICIPAL",CENTRO,-37.7235832,-10.1013625,19.34,5,0.137,geocode_v0.15 (propagada)
2018,SE,2804201,18,1066,"DR. JOSE ROLEMBERG LEITE, ESCOLA MUNICIPAL",CENTRO,-37.7235832,-10.1013625,19.34,5,0.137,geocode_v0.15 (propagada)
2020,SE,2804201,18,1066,"DR. JOSE ROLEMBERG LEITE, ESCOLA MUNICIPAL",CENTRO,-37.7235832,-10.1013625,19.34,5,0.137,geocode_v0.15 (propagada)
2022,SE,2804201,18,1066,"DR. JOSE ROLEMBERG LEITE, ESCOLA MUNICIPAL",CENTRO,-37.7235832,-10.1013625,19.34,5,0.137,geocode_v0.15 (propagada)
2024,SE,2804201,18,1066,"DR. JOSE ROLEMBERG LEITE, ESCOLA MUNICIPAL",CENTRO,-37.7235832,-10.1013625,19.34,5,0.137,chave_exata_2022
2008,SP,3550308,350,1341,EE. VISCONDE DE TAUNAY,BAIRRO DO LIMÃO,-46.5139118,-23.6035882,19.27,3,0.052,geocode_v0.15 (propagada)
2010,SP,3550308,374,2046,UNIDADE INTERNAÇAO - NOVA AROEIRA (UI-37),JARDIM ARPOADOR,-46.610127,-23.6539734,19.27,7,0.423,geocode_v0.15 (propagada)
2012,SP,3550308,374,2046,UNIDADE INTERNAÇAO - NOVA AROEIRA (UI-37),JARDIM ARPOADOR,-46.610127,-23.6539734,19.27,8,1.822,geocode_v0.15 (propagada)
2012,SP,3550308,350,1341,EE. VISCONDE DE TAUNAY,BAIRRO DO LIMÃO,-46.5139118,-23.6035882,19.27,4,0.986,geocode_v0.15 (propagada)
2014,SP,3550308,374,2046,UNIDADE INTERNAÇAO - NOVA AROEIRA (UI-37),JARDIM ARPOADOR,-46.610127,-23.6539734,19.27,8,1.822,geocode_v0.15 (propagada)
2014,SP,3550308,350,1341,EE. VISCONDE DE TAUNAY,BAIRRO DO LIMÃO,-46.5139118,-23.6035882,19.27,4,0.986,geocode_v0.15 (propagada)
2016,SP,3550308,374,2054,UNIDADE DE INTERNACAO CEDRO (UI-37),JARDIM ARPOADOR,-46.610127,-23.6539734,19.27,7,0.423,geocode_v0.15 (propagada)
2018,SP,3550308,374,2054,UNIDADE DE INTERNACAO CEDRO (UI-37),JARDIM ARPOADOR,-46.610127,-23.6539734,19.27,7,0.423,geocode_v0.15 (propagada)
2006,CE,2313005,55,1236,CRECHE COMUNITARIA VIVA A CRIANCA,CENTRO,-38.963266,-5.5642052,19.25,10,0.341,Mantida Original (Inseguro para mover)
2008,CE,2313005,55,1236,CRECHE COMUNITARIA VIVA A CRIANCA,CENTRO,-38.963266,-5.5642052,19.25,10,0.341,Mantida Original (Inseguro para mover)
2008,CE,2302800,33,2640,ESCOLA MUNICIPAL EUCLIDES BARROSO,CENTRO,-39.486242,-4.343,19.22,8,0.861,Mantida Original (Inseguro para mover)
2008,SP,3550308,327,1155,FACULDADES INTEGRADAS TERESA MARTIN,FREGUESIA DO O,-46.78580556,-23.64906594,19.22,4,0.124,geocode_v0.15 (propagada)
2012,CE,2302800,33,2640,ESCOLA MUNICIPAL EUCLIDES BARROSO,CENTRO,-39.486242,-4.343,19.22,12,1.148,Mantida Original (Inseguro para mover)
2018,SP,3550308,259,1686,COLEGIO SANTA HELENA II - CRECHE-2 SECOES ESPECIAIS,VILA GUMERCINDO,-46.7877854,-23.6862551,19.2,4,0.276,geocode_v0.15 (propagada)
2006,SP,3550308,327,1155,FACULDADES INTEGRADAS TERESA MARTIN,FREGUESIA DO O,-46.78580556,-23.64906594,19.19,3,0.079,geocode_v0.15 (propagada)
2006,MG,3108503,120,1031,ESCOLA ESTADUAL RENATO AZEVEDO,CENTRO,-43.09439,-16.71143,19.13,3,0.0,geocode_v0.15 (propagada)
2008,MG,3108503,120,1031,ESCOLA ESTADUAL RENATO AZEVEDO,CENTRO,-43.09439,-16.71143,19.13,3,0.0,geocode_v0.15 (propagada)
2010,MG,3108503,120,1031,ESCOLA ESTADUAL RENATO AZEVEDO,CENTRO,-43.09439,-16.71143,19.13,3,0.0,geocode_v0.15 (propagada)
2012,MG,3108503,120,1031,ESCOLA ESTADUAL RENATO AZEVEDO,CENTRO,-43.09439,-16.71143,19.13,3,0.0,geocode_v0.15 (propagada)
2014,MG,3108503,120,1031,ESCOLA ESTADUAL RENATO AZEVEDO,CENTRO,-43.09439,-16.71143,19.13,3,0.0,geocode_v0.15 (propagada)
2016,MG,3108503,120,1031,ESCOLA ESTADUAL RENATO AZEVEDO,CENTRO,-43.09439,-16.71143,19.13,3,0.0,geocode_v0.15 (propagada)
2018,MG,3108503,120,1031,ESCOLA ESTADUAL RENATO AZEVEDO,CENTRO,-43.09439,-16.71143,19.13,3,0.0,geocode_v0.15 (propagada)
2020,MG,3108503,120,1031,ESCOLA ESTADUAL RENATO AZEVEDO,CENTRO,-43.09439,-16.71143,19.13,3,0.0,geocode_v0.15 (propagada)
2022,MG,3108503,120,1031,ESCOLA ESTADUAL RENATO AZEVEDO,CENTRO,-43.09439,-16.71143,19.13,3,0.0,geocode_v0.15 (propagada)
2024,MG,3108503,120,1031,ESCOLA ESTADUAL RENATO AZEREDO,CENTRO,-43.09439,-16.71143,19.13,3,0.0,chave_exata_2022
2010,CE,2313005,55,1236,CRECHE COMUNITARIA VIVA A CRIANCA,CENTRO,-38.963266,-5.5642052,19.11,9,0.398,Mantida Original (Inseguro para mover)
2012,CE,2313005,55,1236,CRECHE COMUNITARIA VIVA A CRIANCA,CENTRO,-38.963266,-5.5642052,19.11,9,0.398,Mantida Original (Inseguro para mover)
2014,CE,2313005,55,1236,CRECHE COMUNITARIA VIVA A CRIANCA,CENTRO,-38.963266,-5.5642052,19.11,9,0.398,Mantida Original (Inseguro para mover)
2020,BA,2925907,102,1465,GRUPO ESCOLAR WALDIR MAGALHAES,CENTRO,-39.052843,-10.681286,19.11,3,0.332,1. Match ID Validado
2022,BA,2925907,102,1465,GRUPO ESCOLAR WALDIR MAGALHAES,CENTRO,-39.052843,-10.681286,19.11,3,0.332,Original (Não Aplicável)
2024,BA,2925907,102,1465,GRUPO ESCOLAR WALDIR MAGALHAES,CENTRO,-39.052843,-10.681286,19.11,3,0.332,chave_exata_2022
2024,RS,4303509,12,1490,CLUBE DE MÃES SÃO JOSÉ DA AMIZADE,BONITO,-51.8048311,-30.8493976,19.11,3,1.003,chave_exata_2022
2006,RJ,3304557,216,1147,FACULDADE DA CIDADE - PREDIO ADMINISTRACAO,TODOS OS SANTOS,-43.466961,-22.8500018,19.09,10,1.439,geocode_v0.15 (propagada)
2008,RJ,3304557,216,1147,FACULDADE DA CIDADE - PREDIO ADMINISTRACAO,TODOS OS SANTOS,-43.466961,-22.8500018,19.09,10,1.439,geocode_v0.15 (propagada)
2006,RS,4317004,9,1104,ESCOLA SANTO ANTONIO,CENTRO,-52.97894,-30.746,19.06,10,0.975,Corrigido pelo GeoJSON de Votos (RS)
2006,RS,4317004,9,1163,ESCOLA MUNICIPAL JULIO DE CASTILHOS,CENTRO,-52.97894,-30.746,19.06,10,0.975,Corrigido pelo GeoJSON de Votos (RS)
2008,RS,4317004,9,1104,ESCOLA SANTO ANTONIO,CENTRO,-52.97894,-30.746,19.06,10,0.975,Corrigido pelo GeoJSON de Votos (RS)
2008,RS,4317004,9,1163,ESCOLA MUNICIPAL JULIO DE CASTILHOS,CENTRO,-52.97894,-30.746,19.06,10,0.975,Corrigido pelo GeoJSON de Votos (RS)
2010,RS,4317004,9,1104,ESCOLA SANTO ANTONIO,CENTRO,-52.97894,-30.746,19.06,10,0.975,Corrigido pelo GeoJSON de Votos (RS)
2010,RS,4317004,9,1163,ESCOLA MUNICIPAL JULIO DE CASTILHOS,CENTRO,-52.97894,-30.746,19.06,10,0.975,Corrigido pelo GeoJSON de Votos (RS)
2012,RS,4317004,9,1104,ESCOLA SANTO ANTONIO,CENTRO,-52.97894,-30.746,19.06,10,0.975,Corrigido pelo GeoJSON de Votos (RS)
2012,RS,4317004,9,1163,ESCOLA MUNICIPAL JULIO DE CASTILHOS,CENTRO,-52.97894,-30.746,19.06,10,0.975,Corrigido pelo GeoJSON de Votos (RS)
2014,RS,4317004,9,1104,ESCOLA SANTO ANTONIO,CENTRO,-52.97894,-30.746,19.06,9,0.613,Corrigido pelo GeoJSON de Votos (RS)
2014,RS,4317004,9,1163,ESCOLA MUNICIPAL JULIO DE CASTILHOS,CENTRO,-52.97894,-30.746,19.06,9,0.613,Corrigido pelo GeoJSON de Votos (RS)
2008,RJ,3304557,16,1163,ESCOLA JOSE DE ALENCAR,LARANJEIRAS,-43.3616238,-22.9886716,19.04,10,0.626,geocode_v0.15 (propagada)
2010,RJ,3304557,16,1163,ESCOLA JOSE DE ALENCAR,LARANJEIRAS,-43.3616238,-22.9886716,19.04,10,0.626,geocode_v0.15 (propagada)
2014,RJ,3304557,16,1163,ESCOLA JOSE DE ALENCAR,LARANJEIRAS,-43.3616238,-22.9886716,19.04,10,0.626,geocode_v0.15 (propagada)
2016,RJ,3304557,16,1163,ESCOLA JOSE DE ALENCAR,LARANJEIRAS,-43.3616238,-22.9886716,19.04,10,0.626,geocode_v0.15 (propagada)
2018,RJ,3304557,16,1163,ESCOLA JOSE DE ALENCAR,LARANJEIRAS,-43.3616238,-22.9886716,19.04,10,0.73,geocode_v0.15 (propagada)
2010,SP,3550308,376,2615,EE PROFESSORA DALILA DE ANDRADE COSTA,JARDIM VISTA ALEGRE,-46.7811452,-23.5984919,19.02,3,0.025,geocode_v0.15 (propagada)
2012,SP,3550308,376,2615,EE PROFESSORA DALILA DE ANDRADE COSTA,JARDIM VISTA ALEGRE,-46.7811452,-23.5984919,19.02,3,0.025,geocode_v0.15 (propagada)
2008,CE,2308500,46,1678,ESCOLA DE ENSINO FUNDAMENTAL ANTONIO FERREIRA LOPES,CENTRO,-39.4898371,-5.6485364,18.97,21,0.507,1. Match ID Validado
2018,CE,2308500,46,1678,ESCOLA DE ENSINO FUNDAMENTAL ANTONIO FERREIRA LOPES,CENTRO,-39.4898371,-5.6485364,18.97,18,0.561,1. Match ID Validado
2022,CE,2308500,46,1678,ESCOLA DE ENSINO FUNDAMENTAL ANTONIO FERREIRA LOPES,CENTRO,-39.4898371,-5.6485364,18.97,17,0.478,Original (Não Aplicável)
2024,CE,2308500,46,1678,ESCOLA DE ENSINO FUNDAMENTAL ANTONIO FERREIRA LOPES,CENTRO,-39.4898371,-5.6485364,18.97,16,0.507,chave_exata_2022
2006,ES,3202108,33,5503,GINASIO VELHO DE PRATA DOS BAIANOS,CENTRO,-41.0053061,-18.3398578,18.96,5,0.246,Mantida Original (Inseguro para mover)
2012,ES,3202108,33,5503,GINASIO VELHO DE PRATA DOS BAIANOS,CENTRO,-41.0053061,-18.3398578,18.96,5,0.246,Mantida Original (Inseguro para mover)
2006,MG,3139003,164,1090,ESCOLA ESTADUAL DE DOURADINHO,CENTRO,-45.758866,-21.7484344,18.92,8,0.711,geocode_v0.15 (propagada)
2008,MG,3139003,164,1090,ESCOLA ESTADUAL DE DOURADINHO,CENTRO,-45.758866,-21.7484344,18.92,8,0.711,geocode_v0.15 (propagada)
2010,MG,3139003,164,1090,ESCOLA ESTADUAL DE DOURADINHO,CENTRO,-45.758866,-21.7484344,18.92,8,0.711,geocode_v0.15 (propagada)
2012,MG,3139003,164,1090,ESCOLA ESTADUAL DE DOURADINHO,CENTRO,-45.758866,-21.7484344,18.92,8,0.711,geocode_v0.15 (propagada)
2014,MG,3139003,164,1090,ESCOLA ESTADUAL DE DOURADINHO,CENTRO,-45.758866,-21.7484344,18.92,8,0.711,geocode_v0.15 (propagada)
2016,MG,3139003,164,1090,ESCOLA ESTADUAL DE DOURADINHO,CENTRO,-45.758866,-21.7484344,18.92,8,0.711,geocode_v0.15 (propagada)
2018,MG,3139003,164,1090,ESCOLA ESTADUAL DE DOURADINHO,CENTRO,-45.758866,-21.7484344,18.92,8,0.711,geocode_v0.15 (propagada)
2020,MG,3139003,164,1090,ESCOLA ESTADUAL DE DOURADINHO,CENTRO,-45.758866,-21.7484344,18.92,8,0.711,geocode_v0.15 (propagada)
2022,MG,3139003,164,1090,ESCOLA ESTADUAL DE DOURADINHO,CENTRO,-45.758866,-21.7484344,18.92,8,0.711,geocode_v0.15 (propagada)
2024,MG,3139003,164,1090,ESCOLA ESTADUAL DE DOURADINHO,CENTRO,-45.758866,-21.7484344,18.92,8,0.711,chave_exata_2022
2006,CE,2304707,25,1040,C.E.I. CARLOS DIAS MARTINS,CENTRO,-40.67894097,-3.03985756,18.91,8,0.363,geocode_v0.15 (propagada)
2008,CE,2304707,25,1040,C.E.I. CARLOS DIAS MARTINS,CENTRO,-40.67894097,-3.03985756,18.91,8,0.363,geocode_v0.15 (propagada)
2010,CE,2304707,25,1040,C.E.I. CARLOS DIAS MARTINS,CENTRO,-40.67894097,-3.03985756,18.91,8,0.363,geocode_v0.15 (propagada)
2012,CE,2304707,25,1040,C.E.I. CARLOS DIAS MARTINS,CENTRO,-40.67894097,-3.03985756,18.91,8,0.363,geocode_v0.15 (propagada)
2006,PR,4119608,38,1970,ESCOLA PAULO PIMENTEL,CENTRO,-51.603505,-24.672313,18.87,17,0.082,Mantida Original (Inseguro para mover)
2008,PR,4119608,38,1970,ESCOLA PAULO PIMENTEL,CENTRO,-51.603505,-24.672313,18.87,17,0.082,Mantida Original (Inseguro para mover)
2010,PR,4119608,38,1970,ESCOLA PAULO PIMENTEL,CENTRO,-51.603505,-24.672313,18.87,17,0.082,Mantida Original (Inseguro para mover)
2012,PR,4119608,38,1970,ESCOLA PAULO PIMENTEL,CENTRO,-51.603505,-24.672313,18.87,17,0.082,Mantida Original (Inseguro para mover)
2006,RJ,3304557,16,1163,ESCOLA JOSE DE ALENCAR,LARANJEIRAS,-43.3616238,-22.9886716,18.84,11,0.715,geocode_v0.15 (propagada)
2006,RS,4303509,12,1490,CLUBE DE MÃES SÃO JOSÉ DA AMIZADE,BONITO,-51.8048311,-30.8493976,18.84,4,1.02,geocode_v0.15 (propagada)
2008,RS,4303509,12,1490,CLUBE DE MÃES SÃO JOSÉ DA AMIZADE,BONITO,-51.8048311,-30.8493976,18.84,4,1.02,geocode_v0.15 (propagada)
2010,RS,4303509,12,1490,CLUBE DE MÃES SÃO JOSÉ DA AMIZADE,BONITO,-51.8048311,-30.8493976,18.84,4,1.02,geocode_v0.15 (propagada)
2012,RJ,3304557,16,1163,ESCOLA JOSE DE ALENCAR,LARANJEIRAS,-43.3616238,-22.9886716,18.84,11,0.715,geocode_v0.15 (propagada)
2012,RS,4303509,12,1490,CLUBE DE MÃES SÃO JOSÉ DA AMIZADE,BONITO,-51.8048311,-30.8493976,18.84,4,1.02,geocode_v0.15 (propagada)
2006,RJ,3301702,127,1414,ESCOLA MUNICIPAL SANTA LUZIA,PARQUE EQUITATIVA,-43.323952,-22.7946157,18.76,3,0.083,geocode_v0.15 (propagada)
2006,GO,5208707,135,1236,ESCOLA MUNICIPAL MARIA CÂNDIDA FIGUEIREDO,VILA PEDROSO,-49.34585024,-16.60129582,18.75,3,0.161,geocode_v0.15 (propagada)
2008,GO,5208707,135,1236,ESCOLA MUNICIPAL MARIA CÂNDIDA FIGUEIREDO,VILA PEDROSO,-49.34585024,-16.60129582,18.75,3,0.161,geocode_v0.15 (propagada)
2010,GO,5208707,135,1236,ESCOLA MUNICIPAL MARIA CÂNDIDA FIGUEIREDO,VILA PEDROSO,-49.34585024,-16.60129582,18.75,3,0.161,geocode_v0.15 (propagada)
2012,GO,5208707,135,1236,ESCOLA MUNICIPAL MARIA CÂNDIDA FIGUEIREDO,VILA PEDROSO,-49.34585024,-16.60129582,18.75,3,0.161,geocode_v0.15 (propagada)
2006,RR,1400175,3,1031,JOSE AURELIANO DA COSTA E.E.,CENTRO,-60.70426078,2.47885902,18.74,4,0.236,4. Match Fuzzy+Bairro
2012,MA,2108900,61,5500,ESCOLA MUNICIPAL ALDENORA LINHARES,CENTRO - ZONA URBANA,-45.0925271,-4.8332684,18.74,7,0.266,geocode_v0.15 (propagada)
2006,DF,5300108,14,1287,ESCOLA CLASSE VILA PLANALTO,ASA NORTE,-48.025551,-15.859496,18.72,33,1.794,Mantida Original (Inseguro para mover)
2006,BA,2925907,102,1465,GRUPO ESCOLAR WALDIR MAGALHAES,CENTRO,-39.052843,-10.681286,18.71,4,0.409,1. Match ID Validado
2008,BA,2925907,102,1465,GRUPO ESCOLAR WALDIR MAGALHAES,CENTRO,-39.052843,-10.681286,18.71,4,0.409,1. Match ID Validado
2010,BA,2925907,102,1465,GRUPO ESCOLAR WALDIR MAGALHAES,CENTRO,-39.052843,-10.681286,18.71,4,0.409,1. Match ID Validado
2012,BA,2925907,102,1465,GRUPO ESCOLAR WALDIR MAGALHAES,CENTRO,-39.052843,-10.681286,18.71,4,0.409,1. Match ID Validado
2014,BA,2925907,102,1465,GRUPO ESCOLAR WALDIR MAGALHAES,CENTRO,-39.052843,-10.681286,18.71,4,0.409,1. Match ID Validado
2016,BA,2925907,102,1465,GRUPO ESCOLAR WALDIR MAGALHAES,CENTRO,-39.052843,-10.681286,18.71,4,0.409,1. Match ID Validado
2018,BA,2925907,102,1465,GRUPO ESCOLAR WALDIR MAGALHAES,CENTRO,-39.052843,-10.681286,18.71,4,0.409,1. Match ID Validado
2008,PA,1503606,34,1503,ESCOLA DA COMUNIDADE SAO FRANCISCO - PIRIQUITO,CENTRO,-56.051675,-4.413939,18.7,4,0.846,Mantida Original (Inseguro para mover)
2006,CE,2308500,46,1678,ESCOLA DE ENSINO FUNDAMENTAL ANTONIO FERREIRA LOPES,CENTRO,-39.4898371,-5.6485364,18.65,22,0.58,1. Match ID Validado
2010,CE,2308500,46,1678,ESCOLA DE ENSINO FUNDAMENTAL ANTONIO FERREIRA LOPES,CENTRO,-39.4898371,-5.6485364,18.65,22,0.58,1. Match ID Validado
2012,CE,2308500,46,1678,ESCOLA DE ENSINO FUNDAMENTAL ANTONIO FERREIRA LOPES,CENTRO,-39.4898371,-5.6485364,18.65,23,0.58,1. Match ID Validado
2014,CE,2308500,46,1678,ESCOLA DE ENSINO FUNDAMENTAL ANTONIO FERREIRA LOPES,CENTRO,-39.4898371,-5.6485364,18.65,23,0.58,1. Match ID Validado
2016,CE,2308500,46,1678,ESCOLA DE ENSINO FUNDAMENTAL ANTONIO FERREIRA LOPES,CENTRO,-39.4898371,-5.6485364,18.65,22,0.541,1. Match ID Validado
2012,RN,2408102,3,1813,CRECHE MUNICIPAL HAYDEE MONTEIRO BEZERRA DE MELO,PONTA NEGRA,-35.27978776,-5.7545735,18.63,5,0.703,geocode_v0.15 (propagada)
2008,RJ,3304557,179,1180,FAETEC,CIDADE DE DEUS,-43.1825407,-22.9113595,18.62,6,0.349,geocode_v0.15 (propagada)
2006,PR,4104428,44,1139,ESC. MUNICIPAL HERACLIDES MENDES ARAUJO,CENTRO,-51.92375297,-25.44880209,18.61,16,0.0,geocode_v0.15 (propagada)
2008,PR,4104428,44,1139,ESC. MUNICIPAL HERACLIDES MENDES ARAUJO,CENTRO,-51.92375297,-25.44880209,18.61,16,0.0,geocode_v0.15 (propagada)
2010,PR,4104428,44,1139,ESC. MUNICIPAL HERACLIDES MENDES ARAUJO,CENTRO,-51.92375297,-25.44880209,18.61,14,0.0,geocode_v0.15 (propagada)
2012,PR,4104428,44,1139,ESC. MUNICIPAL HERACLIDES MENDES ARAUJO,CENTRO,-51.92375297,-25.44880209,18.61,12,0.0,geocode_v0.15 (propagada)
2014,CE,2305506,13,2127,GRUPO ESCOLAR JOSE JOAQUIM DE SOUZA,CENTRO,-39.131215,-6.3559248,18.61,11,0.587,geocode_v0.15 (propagada)
2012,RR,1400175,3,1031,JOSE AURELIANO DA COSTA E.E.,CENTRO,-60.70426078,2.47885902,18.6,3,0.269,4. Match Fuzzy+Bairro
2006,RJ,3304557,179,1180,FAETEC,CIDADE DE DEUS,-43.1825407,-22.9113595,18.58,5,0.307,geocode_v0.15 (propagada)
2010,RJ,3304557,179,1392,CENTRO DE ENSINO MARIO BARRETO (PIRILAMPO FELIZ),CIDADE DE DEUS,-43.1825407,-22.9113595,18.58,7,0.342,geocode_v0.15 (propagada)
2020,RN,2412559,14,1112,ESCOLA AUTA DE SOUZA,CENTRO,-35.76133,-5.232545,18.57,3,0.214,Mantida Original (Inseguro para mover)
2010,SP,3550308,259,1686,COLÉGIO CARDEAL LIZARTE,BOSQUE DA SAÚDE,-46.7877854,-23.6862551,18.56,4,0.433,geocode_v0.15 (propagada)
2012,SP,3550308,259,1686,COLÉGIO CARDEAL LIZARTE,BOSQUE DA SAÚDE,-46.7877854,-23.6862551,18.56,4,0.433,geocode_v0.15 (propagada)
2014,SP,3550308,259,1686,COLÉGIO CARDEAL LIZARTE,BOSQUE DA SAÚDE,-46.7877854,-23.6862551,18.56,4,0.433,geocode_v0.15 (propagada)
2016,SP,3550308,259,1686,COLÉGIO CARDEAL LIZARTE,BOSQUE DA SAÚDE,-46.7877854,-23.6862551,18.56,4,0.433,geocode_v0.15 (propagada)
2006,RS,4304507,14,1481,SOCIEDADE RECREATIVA FLORIDENSE,CENTRO,-52.68159667,-31.22735167,18.55,32,0.437,geocode_v0.15 (propagada)
2008,RS,4304507,14,1481,SOCIEDADE RECREATIVA FLORIDENSE,CENTRO,-52.68159667,-31.22735167,18.55,28,0.476,geocode_v0.15 (propagada)
2010,RS,4304507,14,1481,SOCIEDADE RECREATIVA FLORIDENSE,CENTRO,-52.68159667,-31.22735167,18.55,15,0.476,geocode_v0.15 (propagada)
2020,CE,2308500,46,1678,ESCOLA DE ENSINO FUNDAMENTAL ANTONIO FERREIRA LOPES,CENTRO,-39.4898371,-5.6485364,18.54,16,0.548,1. Match ID Validado
2014,PE,2613305,40,1147,FUNDEC,CENTRO,-35.8786893,-8.5819445,18.51,6,0.295,Mantida Original (Inseguro para mover)
2008,SP,3523206,57,1112,E.E. PROF. MESSIAS SODRE,CENTRO,-49.2848348,-23.9574099,18.49,4,1.644,geocode_v0.15 (propagada)
2008,CE,2306603,33,1023,EMEF JOSE PEREIRA (ANEXO),CENTRO,-39.54082,-4.67376,18.48,5,0.499,Mantida Original (Inseguro para mover)
2010,CE,2306603,33,1023,EMEF JOSE PEREIRA (ANEXO),CENTRO,-39.54082,-4.67376,18.48,5,0.499,Mantida Original (Inseguro para mover)
2006,BA,2908101,61,1031,GRUPO ESCOLAR SEBASTIAO AZEVEDO,CENTRO,-44.445685,-14.04086,18.44,7,0.201,1. Match ID Validado
2008,BA,2908101,61,1031,GRUPO ESCOLAR SEBASTIAO AZEVEDO,CENTRO,-44.445685,-14.04086,18.44,8,0.344,1. Match ID Validado
2010,BA,2908101,61,1031,GRUPO ESCOLAR SEBASTIAO AZEVEDO,CENTRO,-44.445685,-14.04086,18.44,8,0.344,1. Match ID Validado
2012,BA,2908101,61,1031,GRUPO ESCOLAR SEBASTIAO AZEVEDO,CENTRO,-44.445685,-14.04086,18.44,8,0.344,1. Match ID Validado
2014,BA,2908101,61,1031,GRUPO ESCOLAR SEBASTIAO AZEVEDO,CENTRO,-44.445685,-14.04086,18.44,8,0.344,1. Match ID Validado
2016,BA,2908101,61,1031,GRUPO ESCOLAR SEBASTIAO AZEVEDO,CENTRO,-44.445685,-14.04086,18.44,8,0.344,1. Match ID Validado
2018,BA,2908101,61,1031,GRUPO ESCOLAR SEBASTIAO AZEVEDO,CENTRO,-44.445685,-14.04086,18.44,8,0.344,1. Match ID Validado
2020,BA,2908101,61,1031,GRUPO ESCOLAR SEBASTIAO AZEVEDO,CENTRO,-44.445685,-14.04086,18.44,8,0.344,1. Match ID Validado
2006,CE,2305506,13,2127,GRUPO ESCOLAR JOSE JOAQUIM DE SOUZA,CENTRO,-39.131215,-6.3559248,18.43,22,0.505,geocode_v0.15 (propagada)
2006,PE,2613305,40,1147,FUNDEC,CENTRO,-35.8786893,-8.5819445,18.43,4,0.406,Mantida Original (Inseguro para mover)
2008,CE,2305506,13,2127,GRUPO ESCOLAR JOSE JOAQUIM DE SOUZA,CENTRO,-39.131215,-6.3559248,18.43,22,0.505,geocode_v0.15 (propagada)
2008,PE,2613305,40,1147,FUNDEC,CENTRO,-35.8786893,-8.5819445,18.43,4,0.432,Mantida Original (Inseguro para mover)
2010,CE,2305506,13,2127,GRUPO ESCOLAR JOSE JOAQUIM DE SOUZA,CENTRO,-39.131215,-6.3559248,18.43,17,0.505,geocode_v0.15 (propagada)
2012,CE,2305506,13,2127,GRUPO ESCOLAR JOSE JOAQUIM DE SOUZA,CENTRO,-39.131215,-6.3559248,18.43,14,0.787,geocode_v0.15 (propagada)
2006,RS,4302006,54,1163,ESC. MUN. SAO JOSE,CENTRO,-52.457705,-29.2232333333333,18.41,7,0.991,Corrigido pelo GeoJSON de Votos (RS)
2008,RS,4302006,54,1163,ESC. MUN. SAO JOSE,CENTRO,-52.457705,-29.2232333333333,18.41,7,0.991,Corrigido pelo GeoJSON de Votos (RS)
2010,RS,4302006,54,1163,ESC. MUN. SAO JOSE,CENTRO,-52.457705,-29.2232333333333,18.41,7,0.991,Corrigido pelo GeoJSON de Votos (RS)
2006,RJ,3304557,188,1023,BANCO ITAU,PENHA,-43.1899939,-22.984561,18.4,27,0.602,geocode_v0.15 (propagada)
2008,RJ,3304557,188,1023,BANCO ITAU,PENHA,-43.1899939,-22.984561,18.4,27,0.602,geocode_v0.15 (propagada)
2010,RJ,3304557,188,1023,BANCO ITAU,PENHA,-43.1899939,-22.984561,18.4,27,0.602,geocode_v0.15 (propagada)
2012,RJ,3304557,188,1023,BANCO ITAU,PENHA,-43.1899939,-22.984561,18.4,28,0.642,geocode_v0.15 (propagada)
2012,PR,4109401,44,1120,COLEGIO IMPERATRIZ DONA LEOPOLDINA,CENTRO,-51.4883418,-25.5566817,18.4,11,0.842,geocode_v0.15 (propagada)
2018,RJ,3304557,188,1023,BANCO ITAU,PENHA,-43.1899939,-22.984561,18.4,29,0.642,geocode_v0.15 (propagada)
2022,BA,2908101,61,1031,GRUPO ESCOLAR SEBASTIAO AZEVEDO,CENTRO,-44.445685,-14.04086,18.4,7,0.312,Original (Não Aplicável)
2024,BA,2908101,61,1031,GRUPO ESCOLAR SEBASTIAO AZEVEDO,CENTRO,-44.445685,-14.04086,18.4,7,0.312,chave_exata_2022
2006,PR,4109302,112,1252,PAVILHAO DE FESTAS DO CENTRO COMUNITARIO,CENTRO,-52.69714,-25.15547,18.39,17,0.232,Mantida Original (Inseguro para mover)
2006,GO,5209903,29,1198,ESCOLA MUNICIPAL JOAQUIM VIEIRA DE MELO,CENTRO,-46.64157904,-13.93503702,18.39,4,0.667,1. Match ID Validado
2008,PR,4109302,112,1252,PAVILHAO DE FESTAS DO CENTRO COMUNITARIO,CENTRO,-52.69714,-25.15547,18.39,17,0.232,Mantida Original (Inseguro para mover)
2008,GO,5209903,29,1198,ESCOLA MUNICIPAL JOAQUIM VIEIRA DE MELO,CENTRO,-46.64157904,-13.93503702,18.39,4,0.667,1. Match ID Validado
2010,GO,5209903,29,1198,ESCOLA MUNICIPAL JOAQUIM VIEIRA DE MELO,CENTRO,-46.64157904,-13.93503702,18.39,4,0.667,1. Match ID Validado
2012,GO,5209903,29,1198,ESCOLA MUNICIPAL JOAQUIM VIEIRA DE MELO,CENTRO,-46.64157904,-13.93503702,18.39,4,0.667,1. Match ID Validado
2014,RJ,3304557,188,1023,BANCO ITAU,PENHA,-43.1899939,-22.984561,18.39,30,0.776,geocode_v0.15 (propagada)
2014,GO,5209903,29,1198,ESCOLA MUNICIPAL JOAQUIM VIEIRA DE MELO,CENTRO,-46.64157904,-13.93503702,18.39,4,0.667,1. Match ID Validado
2016,RJ,3304557,188,1023,BANCO ITAU,PENHA,-43.1899939,-22.984561,18.39,30,0.776,geocode_v0.15 (propagada)
2016,GO,5209903,29,1198,ESCOLA MUNICIPAL JOAQUIM VIEIRA DE MELO,CENTRO,-46.64157904,-13.93503702,18.39,4,0.667,1. Match ID Validado
2018,GO,5209903,29,1198,ESCOLA MUNICIPAL JOAQUIM VIEIRA DE MELO,CENTRO,-46.64157904,-13.93503702,18.39,4,0.667,1. Match ID Validado
2020,GO,5209903,29,1198,ESCOLA MUNICIPAL JOAQUIM VIEIRA DE MELO,CENTRO,-46.64157904,-13.93503702,18.39,4,0.667,1. Match ID Validado
2022,GO,5209903,29,1198,ESCOLA MUNICIPAL JOAQUIM VIEIRA DE MELO,CENTRO,-46.64157904,-13.93503702,18.39,4,0.667,Original (Não Aplicável)
2024,GO,5209903,29,1198,ESCOLA MUNICIPAL JOAQUIM VIEIRA DE MELO,CENTRO,-46.64157904,-13.93503702,18.39,4,0.667,chave_exata_2022
2006,PR,4109302,112,1473,CENTRO COMUNITARIO DE RIO CASCUDO,CENTRO,-52.6972733333333,-25.15519,18.37,17,0.232,Mantida Original (Inseguro para mover)
2008,PR,4109302,112,1473,CENTRO COMUNITARIO DE RIO CASCUDO,CENTRO,-52.6972733333333,-25.15519,18.37,17,0.232,Mantida Original (Inseguro para mover)
2010,PE,2613305,40,1147,FUNDEC,CENTRO,-35.8786893,-8.5819445,18.28,5,0.464,Mantida Original (Inseguro para mover)
2012,PE,2613305,40,1147,FUNDEC,CENTRO,-35.8786893,-8.5819445,18.28,5,0.464,Mantida Original (Inseguro para mover)
2006,MA,2104677,101,1015,UNIDADE ESCOLAR JOSE VIANA DA SILVA,CENTRO,-45.7292992,-2.1533462,18.26,3,1.277,geocode_v0.15 (propagada)
2008,MA,2104677,101,1015,UNIDADE ESCOLAR JOSE VIANA DA SILVA,CENTRO,-45.7292992,-2.1533462,18.26,3,1.277,geocode_v0.15 (propagada)
2006,RJ,3304557,162,1031,COLEGIO SAO JOAO BOSCO,BRAS DE PINA,-43.3814748,-22.9695818,18.25,10,0.698,geocode_v0.15 (propagada)
2008,RJ,3304557,162,1031,COLEGIO SAO JOAO BOSCO,BRAS DE PINA,-43.3814748,-22.9695818,18.25,10,0.698,geocode_v0.15 (propagada)
2010,RJ,3304557,162,1031,COLEGIO SAO JOAO BOSCO,BRAS DE PINA,-43.3814748,-22.9695818,18.25,10,0.698,geocode_v0.15 (propagada)
2014,RJ,3304557,162,1031,COLEGIO SAO JOAO BOSCO,BRAS DE PINA,-43.3814748,-22.9695818,18.25,12,0.824,geocode_v0.15 (propagada)
2012,SP,3550308,348,1309,COLEGIO ANHEMBI - UNIDADE II,VILA FORMOSA,-46.6909205,-23.6602662,18.22,11,0.638,geocode_v0.15 (propagada)
2014,SP,3550308,348,1309,COLEGIO ANHEMBI - UNIDADE 2,VILA FORMOSA,-46.6909205,-23.6602662,18.22,11,0.638,geocode_v0.15 (propagada)
2016,SP,3550308,348,1309,COLEGIO ANHEMBI - UNIDADE 2,VILA FORMOSA,-46.6909205,-23.6602662,18.22,11,0.638,geocode_v0.15 (propagada)
2006,RS,4320107,83,1201,SALÃO DA COMUNIDADE LINHA CESCON,CENTRO,-53.039525,-27.815074,18.21,20,0.847,geocode_v0.15 (propagada)
2008,RS,4320107,83,1201,SALÃO DA COMUNIDADE LINHA CESCON,CENTRO,-53.039525,-27.815074,18.21,19,0.847,geocode_v0.15 (propagada)
2010,RS,4320107,83,1201,SALÃO DA COMUNIDADE LINHA CESCON,CENTRO,-53.039525,-27.815074,18.21,19,0.847,geocode_v0.15 (propagada)
2012,RS,4320107,83,1201,SALÃO DA COMUNIDADE LINHA CESCON,CENTRO,-53.039525,-27.815074,18.21,20,0.847,geocode_v0.15 (propagada)
2014,RS,4320107,83,1201,SALÃO DA COMUNIDADE LINHA CESCON,CENTRO,-53.039525,-27.815074,18.21,19,0.716,geocode_v0.15 (propagada)
2016,RS,4320107,83,1201,SALÃO DA COMUNIDADE LINHA CESCON,CENTRO,-53.039525,-27.815074,18.21,19,0.716,geocode_v0.15 (propagada)
2024,RS,4320107,83,1201,SALÃO DA COMUNIDADE LINHA CESCON,CENTRO,-53.039525,-27.815074,18.21,15,0.847,chave_exata_2022
2006,MA,2100477,70,1252,ESCOLA MUNICIPAL E. E. MANOEL DA CONCEICAO,CENTRO - ZONA URBANA,-45.70268,-3.743635,18.2,4,0.029,Mantida Original (Inseguro para mover)
2008,MA,2100477,70,1252,ESCOLA MUNICIPAL E. E. MANOEL DA CONCEICAO,CENTRO - ZONA URBANA,-45.70268,-3.743635,18.2,4,0.029,Mantida Original (Inseguro para mover)
2010,MA,2100477,70,1252,ESCOLA MUNICIPAL E. E. MANOEL DA CONCEICAO,CENTRO - ZONA URBANA,-45.70268,-3.743635,18.2,4,0.029,Mantida Original (Inseguro para mover)
2012,MA,2100477,70,1252,ESCOLA MUNICIPAL E. E. MANOEL DA CONCEICAO,CENTRO - ZONA URBANA,-45.70268,-3.743635,18.2,4,0.029,Mantida Original (Inseguro para mover)
2014,MA,2100477,70,1252,ESCOLA MUNICIPAL E. E. MANOEL DA CONCEICAO,CENTRO - ZONA URBANA,-45.70268,-3.743635,18.2,4,0.029,Mantida Original (Inseguro para mover)
2006,PR,4128104,202,1120,COLEGIO EST LOURENCO FILHO,CENTRO,-53.3868293,-23.6146666,18.16,15,1.016,geocode_v0.15 (propagada)
2008,PR,4128104,202,1120,COLEGIO EST LOURENCO FILHO,CENTRO,-53.3868293,-23.6146666,18.16,15,0.994,geocode_v0.15 (propagada)
2006,BA,2909901,85,1112,MERCADO MUNICIPAL DE RIACHO SECO,DISTRITO DE RIACHO SECO,-39.57523,-8.641754,18.15,4,0.302,Mantida Original (Inseguro para mover)
2008,BA,2909901,85,1112,MERCADO MUNICIPAL DE RIACHO SECO,DISTRITO DE RIACHO SECO,-39.57523,-8.641754,18.15,4,0.302,Mantida Original (Inseguro para mover)
2010,BA,2909901,85,1112,MERCADO MUNICIPAL DE RIACHO SECO,DISTRITO DE RIACHO SECO,-39.57523,-8.641754,18.15,4,0.302,Mantida Original (Inseguro para mover)
2012,BA,2909901,85,1112,MERCADO MUNICIPAL DE RIACHO SECO,DISTRITO DE RIACHO SECO,-39.57523,-8.641754,18.15,5,0.302,Mantida Original (Inseguro para mover)
2014,BA,2909901,85,1112,MERCADO MUNICIPAL DE RIACHO SECO,DISTRITO DE RIACHO SECO,-39.57523,-8.641754,18.15,5,0.302,Mantida Original (Inseguro para mover)
2006,SP,3506102,24,1082,E.M. PROFA. IZABEL MOTTA SILVA CARDOSO - TURVÍNEA,CENTRO,-48.6471227,-21.0154676,18.11,7,0.71,geocode_v0.15 (propagada)
2008,SP,3506102,24,1082,E.M. PROFA. IZABEL MOTTA SILVA CARDOSO - TURVÍNEA,CENTRO,-48.6471227,-21.0154676,18.11,7,0.71,geocode_v0.15 (propagada)
2010,SP,3506102,24,1082,E.M. PROFA. IZABEL MOTTA SILVA CARDOSO - TURVÍNEA,CENTRO,-48.6471227,-21.0154676,18.11,7,0.71,geocode_v0.15 (propagada)
2012,SP,3506102,24,1082,E.M. PROFA. IZABEL MOTTA SILVA CARDOSO - TURVÍNEA,CENTRO,-48.6471227,-21.0154676,18.11,8,0.71,geocode_v0.15 (propagada)
2014,SP,3506102,24,1082,E.M. PROFA. IZABEL MOTTA SILVA CARDOSO - TURVÍNEA,CENTRO,-48.6471227,-21.0154676,18.11,8,0.71,geocode_v0.15 (propagada)
2016,SP,3506102,24,1082,E.M. PROFA. IZABEL MOTTA SILVA CARDOSO - TURVÍNEA,CENTRO,-48.6471227,-21.0154676,18.11,8,0.71,geocode_v0.15 (propagada)
2018,SP,3506102,24,1082,E.M. PROFA. IZABEL MOTTA SILVA CARDOSO - TURVÍNEA,CENTRO,-48.6471227,-21.0154676,18.11,8,0.71,geocode_v0.15 (propagada)
2020,SP,3506102,24,1082,E.M. PROFA. IZABEL MOTTA SILVA CARDOSO - TURVÍNEA,CENTRO,-48.6471227,-21.0154676,18.11,8,0.71,geocode_v0.15 (propagada)
2022,SP,3506102,24,1082,E.M. PROFA. IZABEL MOTTA SILVA CARDOSO - TURVÍNEA,CENTRO,-48.6471227,-21.0154676,18.11,8,0.71,geocode_v0.15 (propagada)
2024,SP,3506102,24,1082,E.M. PROFA. IZABEL MOTTA SILVA CARDOSO - TURVÍNEA,CENTRO,-48.6471227,-21.0154676,18.11,8,0.71,chave_exata_2022
2008,CE,2306603,33,1430,ESCOLA MUNICIPAL DR JOSE SABOIA,CENTRO,-39.469082,-4.584356,18.09,5,0.388,Mantida Original (Inseguro para mover)
2010,CE,2306603,33,1430,ESCOLA MUNICIPAL DR JOSE SABOIA,CENTRO,-39.469082,-4.584356,18.09,5,0.388,Mantida Original (Inseguro para mover)
2012,CE,2306603,33,1430,ESCOLA MUNICIPAL DR JOSE SABOIA,CENTRO,-39.469082,-4.584356,18.09,3,0.116,Mantida Original (Inseguro para mover)
2014,CE,2306603,33,1430,ESCOLA MUNICIPAL DR JOSE SABOIA,CENTRO,-39.469082,-4.584356,18.09,3,0.116,Mantida Original (Inseguro para mover)
2018,BA,2903508,177,1082,ESCOLA MUNICIPAL EDVALDO FLORES,CENTRO,-41.4157117,-14.9734661,18.09,3,0.021,1. Match ID Validado
2020,BA,2903508,177,1082,ESCOLA MUNICIPAL EDVALDO FLORES,CENTRO,-41.4157117,-14.9734661,18.09,3,0.021,1. Match ID Validado
2008,CE,2306603,33,1171,POSTO DE SAUDE,CENTRO,-39.46914,-4.584184,18.08,5,0.388,Mantida Original (Inseguro para mover)
2010,CE,2306603,33,1171,POSTO DE SAUDE,CENTRO,-39.46914,-4.584184,18.08,5,0.388,Mantida Original (Inseguro para mover)
2018,BA,2903508,177,1031,ESCOLA ESTADUAL ANTONIO CARLOS MAGALHAES,CENTRO,-41.258039,-15.029394,18.06,3,0.003,Mantida Original (Inseguro para mover)
2018,BA,2903508,177,1074,ESCOLA ESTADUAL CARLOS SANTANA,CENTRO,-41.258039,-15.029394,18.06,3,0.003,1. Match ID Validado
2020,BA,2903508,177,1074,ESCOLA ESTADUAL CARLOS SANTANA,CENTRO,-41.258039,-15.029394,18.06,3,0.003,1. Match ID Validado
2020,BA,2903508,177,1031,ESCOLA ESTADUAL ANTONIO CARLOS MAGALHAES,CENTRO,-41.258039,-15.029394,18.06,3,0.003,Mantida Original (Inseguro para mover)
2024,RS,4302808,9,1414,POSTO DE SAÚDE DO SANTA BARBINHA (ANTIGA ESCOLA),CENTRO,-53.674483,-30.504473,18.05,23,1.194,chave_exata_2022
2006,SE,2805604,18,5502,PREFEITURA MUNICIPAL,CENTRO,-37.430632,-9.979891,18.03,5,0.424,Mantida Original (Inseguro para mover)
2012,SE,2805604,18,5502,PREFEITURA MUNICIPAL,CENTRO,-37.430632,-9.979891,18.03,7,0.69,Mantida Original (Inseguro para mover)
2006,RJ,3301702,66,1040,ESCOLA MUNICIPAL SANTA LUZIA,PARQUE EQUITATIVA,-43.3014607,-22.7933907,18.02,3,0.083,geocode_v0.15 (propagada)
2006,CE,2304400,94,1333,EM CASTELO DE CASTRO,VILA VELHA,-38.5117765,-3.8527273,17.98,11,0.641,geocode_v0.15 (propagada)
2008,CE,2304400,94,1333,EM CASTELO DE CASTRO,VILA VELHA,-38.5117765,-3.8527273,17.98,11,0.641,geocode_v0.15 (propagada)
2006,BA,2927408,17,1090,ESCOLA NOSSA SENHORA DE FATIMA - DERBA,VALERIA,-38.532956,-12.743478,17.97,6,1.35,Mantida Original (Inseguro para mover)
2022,BA,2927408,8,2151,COLÉGIO ESTADUAL NOSSA SENHORA DE FÁTIMA - DERBA,VALÉRIA,-38.532956,-12.743478,17.97,5,1.66,Original (Não Aplicável)
2006,BA,2903508,165,1074,ESCOLA ESTADUAL CARLOS SANTANA,CENTRO,-41.258039,-15.029394,17.93,3,0.219,2. Match Núcleo+Bairro
2006,BA,2903508,165,1325,ESCOLA MUNICIPAL EDVALDO FLORES,CENTRO,-41.4157072,-14.9734918,17.93,3,0.235,geocode_v0.15 (propagada)
2006,RS,4311502,128,1090,ESC. EST. CAP. VICENTE O. MACHADO,CENTRO,-54.037685,-30.700177,17.93,10,0.255,Corrigido pelo GeoJSON de Votos (RS)
2008,RS,4311502,128,1090,ANTIGA ESC. EST. CAP. VICENTE O. MACHADO,CENTRO,-54.037685,-30.700177,17.93,10,0.255,Corrigido pelo GeoJSON de Votos (RS)
2010,RS,4311502,9,1082,ANTIGA ESC. EST. CAP. VICENTE O. MACHADO,CENTRO,-54.037685,-30.700177,17.93,10,0.255,Corrigido pelo GeoJSON de Votos (RS)
2006,BA,2903508,165,1031,ESCOLA ESTADUAL ANTONIO CARLOS MAGALHAES,CENTRO,-41.258039,-15.029394,17.92,3,0.219,Mantida Original (Inseguro para mover)
2006,BA,2903508,165,1082,ESCOLA MUNICIPAL EDVALDO FLORES,CENTRO,-41.4157117,-14.9734661,17.92,3,0.235,2. Match Núcleo+Bairro
2012,PR,4109401,44,1139,ESCOLA MANOEL MOREIRA DE CAMPOS,CENTRO,-51.5469973,-25.2469758,17.92,11,0.842,geocode_v0.15 (propagada)
2014,RS,4306601,18,1155,E. M. ANNA RIET PINTO,INTERIOR DO MUNICIPIO,-54.831789,-30.902005,17.92,6,0.793,geocode_v0.15 (propagada)
2016,RS,4306601,18,1155,E. M. ANNA RIET PINTO,INTERIOR DO MUNICIPIO,-54.831789,-30.902005,17.92,5,0.0,geocode_v0.15 (propagada)
2024,RS,4313706,32,2100,GINÁSIO TERRA VIVA COLISEU - FUTSAL,CENTRO,-53.366949,-28.055771,17.92,9,0.315,geocode_v0.15 (propagada)
2012,RJ,3304557,162,1031,COLEGIO SAO JOAO BOSCO,BRAS DE PINA,-43.3814748,-22.9695818,17.91,11,0.816,geocode_v0.15 (propagada)
2008,CE,2312908,121,1082,EEFI MASSILON SABOIA DE ALBUQUERQUE,TAPERUABA,-40.0773694,-3.9898863,17.83,6,0.399,1. Match ID Validado
2008,SP,3550308,348,1309,COLEGIO ANHEMBI - UNIDADE II,VILA FORMOSA,-46.6909205,-23.6602662,17.83,13,0.896,geocode_v0.15 (propagada)
2010,CE,2312908,121,5501,ESC MASSILON SABOIA DE ALBUQUERQUE DE ENS. FUNDAMENTAL E ED. INFANTIL,TAPERUABA,-40.0773694,-3.9898863,17.83,4,0.399,geocode_v0.15 (propagada)
2010,SP,3550308,348,1309,COLEGIO ANHEMBI - UNIDADE II,VILA FORMOSA,-46.6909205,-23.6602662,17.83,13,0.896,geocode_v0.15 (propagada)
2012,CE,2312908,121,1082,EEFI MASSILON SABOIA DE ALBUQUERQUE,TAPERUABA,-40.0773694,-3.9898863,17.83,3,0.32,1. Match ID Validado
2014,CE,2312908,121,1082,EEFI MASSILON SABOIA DE ALBUQUERQUE,TAPERUABA,-40.0773694,-3.9898863,17.83,3,0.32,1. Match ID Validado
2016,CE,2312908,121,1082,EEFI MASSILON SABOIA DE ALBUQUERQUE,TAPERUABA,-40.0773694,-3.9898863,17.83,3,0.32,1. Match ID Validado
2018,CE,2312908,121,1082,EEFI MASSILON SABOIA DE ALBUQUERQUE,TAPERUABA,-40.0773694,-3.9898863,17.83,3,0.32,1. Match ID Validado
2020,CE,2312908,121,1082,EEFI MASSILON SABOIA DE ALBUQUERQUE,TAPERUABA,-40.0773694,-3.9898863,17.83,3,0.32,1. Match ID Validado
2022,CE,2312908,121,1082,EEFI MASSILON SABOIA DE ALBUQUERQUE,TAPERUABA,-40.0773694,-3.9898863,17.83,3,0.32,Original (Não Aplicável)
2024,CE,2312908,121,1082,ESCOLA MASSILON SABOIA DE ALBUQUERQUE,TAPERUABA,-40.0773694,-3.9898863,17.83,3,0.32,chave_exata_2022
2014,RJ,3304557,3,1465,IGREJA SANTISSIMA TRINDADE,FLAMENGO,-43.2975261,-22.8212083,17.8,6,0.476,geocode_v0.15 (propagada)
2016,RJ,3304557,3,1465,IGREJA SANTISSIMA TRINDADE,FLAMENGO,-43.2975261,-22.8212083,17.8,6,0.476,geocode_v0.15 (propagada)
2006,RS,4302808,9,1414,ESCOLA E. SANTA BARBINHA,CENTRO,-53.674483,-30.504473,17.76,32,1.705,geocode_v0.15 (propagada)
2008,RS,4302808,9,1414,ESCOLA E. SANTA BARBINHA,CENTRO,-53.674483,-30.504473,17.76,31,1.705,geocode_v0.15 (propagada)
2010,RS,4302808,9,1414,ESCOLA E. SANTA BARBINHA,CENTRO,-53.674483,-30.504473,17.76,31,1.705,geocode_v0.15 (propagada)
2012,RS,4302808,9,1414,ESCOLA E. SANTA BARBINHA,CENTRO,-53.674483,-30.504473,17.76,29,1.705,geocode_v0.15 (propagada)
2020,PB,2500700,37,1716,CRECHE MUNICIPAL MARIA LAURA S PINHEIRO,CENTRO,-38.3682173,-6.5879831,17.75,3,0.429,geocode_v0.15 (propagada)
2006,MA,2108306,45,5600,ESCOLA MUNICIPAL,BAIRRO CENTRO - ZONA URBANA,-45.306408,-3.2057345,17.73,6,0.235,Mantida Original (Inseguro para mover)
2006,RJ,3304557,3,1465,IGREJA SANTISSIMA TRINDADE,FLAMENGO,-43.2975261,-22.8212083,17.73,6,0.171,geocode_v0.15 (propagada)
2008,RJ,3304557,3,1465,IGREJA SANTISSIMA TRINDADE,FLAMENGO,-43.2975261,-22.8212083,17.73,6,0.171,geocode_v0.15 (propagada)
2010,RJ,3304557,3,1465,IGREJA SANTISSIMA TRINDADE,FLAMENGO,-43.2975261,-22.8212083,17.73,6,0.171,geocode_v0.15 (propagada)
2012,MA,2108306,45,5600,ESCOLA MUNICIPAL,BAIRRO CENTRO - ZONA URBANA,-45.306408,-3.2057345,17.73,6,0.235,Mantida Original (Inseguro para mover)
2012,RJ,3304557,3,1465,IGREJA SANTISSIMA TRINDADE,FLAMENGO,-43.2975261,-22.8212083,17.73,6,0.171,geocode_v0.15 (propagada)
2014,DF,5300108,15,1554,FACULDADE ANHANGUERA DE BRASILIA,AGUAS CLARAS - TAGUATINGA SUL,-47.880147,-15.752302,17.72,5,1.141,Mantida Original (Inseguro para mover)
2006,SP,3550308,348,1309,COLEGIO ANHEMBI - UNIDADE II,VILA FORMOSA,-46.6909205,-23.6602662,17.7,14,1.048,geocode_v0.15 (propagada)
2006,RJ,3304557,211,1260,COMPLEXO ESPORTIVO DA ROCINHA/FUNDAÇÃO CECIERJ,SÃO CONRADO,-43.3122143,-22.8452103,17.69,12,0.991,geocode_v0.15 (propagada)
2008,RJ,3304557,211,1260,COMPLEXO ESPORTIVO DA ROCINHA/FUNDAÇÃO CECIERJ,SÃO CONRADO,-43.3122143,-22.8452103,17.69,12,0.991,geocode_v0.15 (propagada)
2010,RJ,3304557,211,1260,COMPLEXO ESPORTIVO DA ROCINHA/FUNDAÇÃO CECIERJ,SÃO CONRADO,-43.3122143,-22.8452103,17.69,12,0.991,geocode_v0.15 (propagada)
2012,RJ,3304557,211,1260,COMPLEXO ESPORTIVO DA ROCINHA/FUNDAÇÃO CECIERJ,SÃO CONRADO,-43.3122143,-22.8452103,17.69,11,0.8,geocode_v0.15 (propagada)
2020,PA,1501402,97,1619,EEEFM FELIZ LUSITÂNIA,PONTA GROSSA,-48.4903069,-1.4620785,17.69,6,0.418,geocode_v0.15 (propagada)
2012,BA,2927408,17,1090,ESCOLA NOSSA SENHORA DE FATIMA - DERBA,VALERIA,-38.532956,-12.743478,17.68,7,0.494,Mantida Original (Inseguro para mover)
2014,BA,2927408,17,1090,ESCOLA NOSSA SENHORA DE FATIMA - DERBA,VALERIA,-38.532956,-12.743478,17.68,7,0.494,Mantida Original (Inseguro para mover)
2014,RS,4303509,12,1465,ESC. MUN. ENS. FUND. OTTO LAUFER,BONITO,-51.792731,-30.677275,17.68,3,0.149,geocode_v0.15 (propagada)
2016,BA,2927408,8,2151,COLÉGIO ESTADUAL NOSSA SENHORA DE FÁTIMA - DERBA,VALÉRIA,-38.532956,-12.743478,17.68,7,0.494,1. Match ID Validado
2016,RS,4303509,12,1465,ESC. MUN. ENS. FUND. OTTO LAUFER,BONITO,-51.792731,-30.677275,17.68,3,0.149,geocode_v0.15 (propagada)
2018,BA,2927408,8,2151,COLÉGIO ESTADUAL NOSSA SENHORA DE FÁTIMA - DERBA,VALÉRIA,-38.532956,-12.743478,17.68,7,0.494,1. Match ID Validado
2020,BA,2927408,8,2151,COLÉGIO ESTADUAL NOSSA SENHORA DE FÁTIMA - DERBA,VALÉRIA,-38.532956,-12.743478,17.68,4,0.897,1. Match ID Validado
2024,BA,2927408,8,2151,COLÉGIO ESTADUAL NOSSA SENHORA DE FÁTIMA - DERBA,VALÉRIA,-38.532956,-12.743478,17.68,4,0.897,chave_exata_2022
2008,BA,2903508,177,1325,ESCOLA MUNICIPAL EDVALDO FLORES,CENTRO,-41.4157072,-14.9734918,17.65,3,0.021,geocode_v0.15 (propagada)
2010,BA,2903508,177,1325,ESCOLA MUNICIPAL EDVALDO FLORES,CENTRO,-41.4157072,-14.9734918,17.65,3,0.021,geocode_v0.15 (propagada)
2012,BA,2903508,177,1325,ESCOLA MUNICIPAL EDVALDO FLORES,CENTRO,-41.4157072,-14.9734918,17.65,3,0.021,geocode_v0.15 (propagada)
2014,BA,2903508,177,1325,ESCOLA MUNICIPAL EDVALDO FLORES,CENTRO,-41.4157072,-14.9734918,17.65,3,0.021,geocode_v0.15 (propagada)
2016,BA,2903508,177,1325,ESCOLA MUNICIPAL EDVALDO FLORES,CENTRO,-41.4157072,-14.9734918,17.65,3,0.021,geocode_v0.15 (propagada)
2006,PA,1503606,34,1201,SECRETARIA DA PAROQUIA DE SANTANA,CENTRO,-55.9891174,-4.42965064,17.64,8,1.32,geocode_v0.15 (propagada)
2014,RS,4303509,12,1490,CLUBE DE MÃES SÃO JOSÉ DA AMIZADE,BONITO,-51.8048311,-30.8493976,17.64,3,0.234,geocode_v0.15 (propagada)
2016,RS,4303509,12,1490,CLUBE DE MÃES SÃO JOSÉ DA AMIZADE,BONITO,-51.8048311,-30.8493976,17.64,3,0.234,geocode_v0.15 (propagada)
2008,PE,2607653,27,1198,ESCOLA MUNICIPAL DE QUEBEC,CENTRO,-35.27445194,-7.40140942,17.63,4,0.813,geocode_v0.15 (propagada)
2006,BA,2928059,133,1031,GRUPO ESCOLAR ELIZABETH CASTRO,CENTRO,-39.4975268,-15.4150406,17.62,7,0.19,1. Match ID Validado
2008,BA,2928059,133,1031,GRUPO ESCOLAR ELIZABETH CASTRO,CENTRO,-39.4975268,-15.4150406,17.62,7,0.19,1. Match ID Validado
2010,BA,2928059,133,1031,GRUPO ESCOLAR ELIZABETH CASTRO,CENTRO,-39.4975268,-15.4150406,17.62,7,0.19,1. Match ID Validado
2006,PE,2607653,27,1198,ESCOLA MUNICIPAL DE QUEBEC,CENTRO,-35.27445194,-7.40140942,17.61,5,0.165,geocode_v0.15 (propagada)
2006,CE,2313005,55,1082,ESCOLA DE ENSINO FUNDAMENTAL CICINATO FURTADO LEITE,CENTRO,-39.150794,-5.7983033,17.6,10,0.398,1. Match ID Validado
2006,PA,1503606,34,1503,ESCOLA DA COMUNIDADE SAO FRANCISCO,CENTRO,-56.051675,-4.413939,17.6,8,1.32,Mantida Original (Inseguro para mover)
2008,CE,2313005,55,1082,ESCOLA DE ENSINO FUNDAMENTAL CICINATO FURTADO LEITE,CENTRO,-39.150794,-5.7983033,17.6,10,0.398,1. Match ID Validado
2010,CE,2313005,55,1082,ESCOLA DE ENSINO FUNDAMENTAL CICINATO FURTADO LEITE,CENTRO,-39.150794,-5.7983033,17.6,9,0.398,1. Match ID Validado
2012,CE,2313005,55,1082,ESCOLA DE ENSINO FUNDAMENTAL CICINATO FURTADO LEITE,CENTRO,-39.150794,-5.7983033,17.6,9,0.398,1. Match ID Validado
2014,CE,2313005,55,1082,ESCOLA DE ENSINO FUNDAMENTAL CICINATO FURTADO LEITE,CENTRO,-39.150794,-5.7983033,17.6,9,0.398,1. Match ID Validado
2008,BA,2903508,177,1074,ESCOLA ESTADUAL CARLOS SANTANA,CENTRO,-41.258039,-15.029394,17.56,3,0.233,1. Match ID Validado
2010,BA,2903508,177,1074,ESCOLA ESTADUAL CARLOS SANTANA,CENTRO,-41.258039,-15.029394,17.56,3,0.233,1. Match ID Validado
2012,PB,2509701,29,1228,UBS DE BOA ESPERANCA-JOSE GENIVAL DE SOUZA,CENTRO,-36.9787316,-7.8343565,17.56,9,0.416,1. Match ID Validado
2012,BA,2903508,177,1074,ESCOLA ESTADUAL CARLOS SANTANA,CENTRO,-41.258039,-15.029394,17.56,3,0.233,1. Match ID Validado
2014,PB,2509701,29,1228,UBS DE BOA ESPERANCA-JOSE GENIVAL DE SOUZA,CENTRO,-36.9787316,-7.8343565,17.56,8,0.39,1. Match ID Validado
2014,BA,2903508,177,1074,ESCOLA ESTADUAL CARLOS SANTANA,CENTRO,-41.258039,-15.029394,17.56,3,0.233,1. Match ID Validado
2016,PB,2509701,29,1228,UBS DE BOA ESPERANCA-JOSE GENIVAL DE SOUZA,CENTRO,-36.9787316,-7.8343565,17.56,7,0.281,1. Match ID Validado
2016,BA,2903508,177,1074,ESCOLA ESTADUAL CARLOS SANTANA,CENTRO,-41.258039,-15.029394,17.56,3,0.233,1. Match ID Validado
2018,PB,2509701,29,1228,UBS DE BOA ESPERANCA-JOSE GENIVAL DE SOUZA,CENTRO,-36.9787316,-7.8343565,17.56,7,0.281,1. Match ID Validado
2020,PB,2509701,29,1228,UBS DE BOA ESPERANCA-JOSE GENIVAL DE SOUZA,CENTRO,-36.9787316,-7.8343565,17.56,8,0.39,1. Match ID Validado
2022,PB,2509701,29,1228,UBS DE BOA ESPERANCA-JOSE GENIVAL DE SOUZA,CENTRO,-36.9787316,-7.8343565,17.56,7,0.39,Original (Não Aplicável)
2022,SC,4205407,100,1830,ANEXO II DA ESCOLA INTENDENTE JOSÉ FERNANDES,INGLESES,-48.51288,-27.5618083,17.56,4,0.816,geocode_v0.15 (propagada)
2008,BA,2903508,177,1031,ESCOLA ESTADUAL ANTONIO CARLOS MAGALHAES,CENTRO,-41.258039,-15.029394,17.55,3,0.233,Mantida Original (Inseguro para mover)
2008,BA,2903508,177,1082,ESCOLA MUNICIPAL EDVALDO FLORES,CENTRO,-41.4157117,-14.9734661,17.55,3,0.021,1. Match ID Validado
2010,BA,2903508,177,1031,ESCOLA ESTADUAL ANTONIO CARLOS MAGALHAES,CENTRO,-41.258039,-15.029394,17.55,3,0.233,Mantida Original (Inseguro para mover)
2010,BA,2903508,177,1082,ESCOLA MUNICIPAL EDVALDO FLORES,CENTRO,-41.4157117,-14.9734661,17.55,3,0.021,1. Match ID Validado
2012,BA,2903508,177,1031,ESCOLA ESTADUAL ANTONIO CARLOS MAGALHAES,CENTRO,-41.258039,-15.029394,17.55,3,0.233,Mantida Original (Inseguro para mover)
2012,BA,2903508,177,1082,ESCOLA MUNICIPAL EDVALDO FLORES,CENTRO,-41.4157117,-14.9734661,17.55,3,0.021,1. Match ID Validado
2014,BA,2903508,177,1031,ESCOLA ESTADUAL ANTONIO CARLOS MAGALHAES,CENTRO,-41.258039,-15.029394,17.55,3,0.233,Mantida Original (Inseguro para mover)
2014,BA,2903508,177,1082,ESCOLA MUNICIPAL EDVALDO FLORES,CENTRO,-41.4157117,-14.9734661,17.55,3,0.021,1. Match ID Validado
2016,BA,2903508,177,1031,ESCOLA ESTADUAL ANTONIO CARLOS MAGALHAES,CENTRO,-41.258039,-15.029394,17.55,3,0.233,Mantida Original (Inseguro para mover)
2016,BA,2903508,177,1082,ESCOLA MUNICIPAL EDVALDO FLORES,CENTRO,-41.4157117,-14.9734661,17.55,3,0.021,1. Match ID Validado
2012,BA,2928059,133,1031,GRUPO ESCOLAR ELIZABETH CASTRO,CENTRO,-39.4975268,-15.4150406,17.53,5,0.093,1. Match ID Validado
2014,BA,2928059,133,1031,GRUPO ESCOLAR ELIZABETH CASTRO,CENTRO,-39.4975268,-15.4150406,17.53,5,0.093,1. Match ID Validado
2014,DF,5300108,5,1309,ESCOLA CLASSE CATINGUEIRO,SOBRADINHO,-47.9353741,-15.5636765,17.53,35,1.45,1. Match ID Validado
2016,BA,2928059,133,1031,GRUPO ESCOLAR ELIZABETH CASTRO,CENTRO,-39.4975268,-15.4150406,17.53,5,0.093,1. Match ID Validado
2018,BA,2928059,133,1031,GRUPO ESCOLAR ELIZABETH CASTRO,CENTRO,-39.4975268,-15.4150406,17.53,5,0.093,1. Match ID Validado
2020,BA,2928059,133,1031,GRUPO ESCOLAR ELIZABETH CASTRO,CENTRO,-39.4975268,-15.4150406,17.53,5,0.093,1. Match ID Validado
2022,BA,2928059,133,1031,GRUPO ESCOLAR ELIZABETH CASTRO,CENTRO,-39.4975268,-15.4150406,17.53,4,0.093,Original (Não Aplicável)
2024,BA,2928059,133,1031,GRUPO ESCOLAR ELIZABETH CASTRO,CENTRO,-39.4975268,-15.4150406,17.53,4,0.093,chave_exata_2022
2008,SP,3550308,250,2135,INSTITUTO DE ENSINO ROSATI E CRUCIANI,PARQUE SAO DOMINGOS,-46.7906091,-23.6532792,17.52,5,0.898,geocode_v0.15 (propagada)
2014,RS,4303509,12,1473,ESC. MUN. ENS. FUND. CONEGO LUIZ WALTER HANQUET,BONITO,-51.797335,-30.855077,17.52,3,0.234,Mantida Original (Inseguro para mover)
2014,RS,4303509,12,1511,ESC. MUN. ENS. FUND. VICENTE GARCIA,BONITO,-51.782408,-30.6788163,17.52,3,0.149,geocode_v0.15 (propagada)
2016,RS,4303509,12,1473,ESC. MUN. ENS. FUND. CONEGO LUIZ WALTER HANQUET,BONITO,-51.797335,-30.855077,17.52,3,0.234,Mantida Original (Inseguro para mover)
2016,RS,4303509,12,1511,ESC. MUN. ENS. FUND. VICENTE GARCIA,BONITO,-51.782408,-30.6788163,17.52,3,0.149,geocode_v0.15 (propagada)
2008,DF,5300108,5,1309,ESCOLA CLASSE CATINGUEIRO,SOBRADINHO,-47.9353741,-15.5636765,17.49,27,1.434,1. Match ID Validado
2012,SP,3518800,395,1384,EEPG CHIYO YAMAMOTO,CENTRO,-46.3718018,-23.4135411,17.49,5,0.355,geocode_v0.15 (propagada)
2006,CE,2312908,121,1082,EEFI MASSILON SABOIA DE ALBUQUERQUE,TAPERUABA,-40.0773694,-3.9898863,17.48,8,0.743,1. Match ID Validado
2006,SP,3518800,395,1384,EEPG CHIYO YAMAMOTO,CENTRO,-46.3719322,-23.4135134,17.48,5,0.355,Mantida Original (Inseguro para mover)
2006,RS,4318507,130,1376,SEDE DO ESPORTE CLUBE ARI BARROSO,CENTRO,-51.915617,-31.896401,17.47,17,0.389,geocode_v0.15 (propagada)
2014,RJ,3304557,189,1180,CVT - QUITUNGO,BRAS DE PINA,-43.2032698,-22.9611687,17.47,12,0.824,geocode_v0.15 (propagada)
2016,RJ,3304557,189,1180,CVT - QUITUNGO,BRAS DE PINA,-43.2032698,-22.9611687,17.47,11,0.703,geocode_v0.15 (propagada)
2006,SP,3531407,77,1040,E.M. DINO VACONDIO - JUNQUEIRA,CENTRO,-49.866594,-20.822215,17.46,4,0.946,1. Match ID Validado
2006,RS,4320800,54,1201,EE CANDIDO CARNEIRO,CENTRO,-52.517739,-28.672459,17.46,10,0.286,Corrigido pelo GeoJSON de Votos (RS)
2008,SP,3531407,77,1040,E.M. DINO VACONDIO - JUNQUEIRA,CENTRO,-49.866594,-20.822215,17.46,4,0.946,1. Match ID Validado
2010,SP,3531407,77,1040,E.M. DINO VACONDIO - JUNQUEIRA,CENTRO,-49.866594,-20.822215,17.46,4,0.946,1. Match ID Validado
2012,SP,3531407,77,1040,E.M. DINO VACONDIO - JUNQUEIRA,CENTRO,-49.866594,-20.822215,17.46,4,0.946,1. Match ID Validado
2014,SP,3531407,77,1040,E.M. DINO VACONDIO - JUNQUEIRA,CENTRO,-49.866594,-20.822215,17.46,4,0.946,1. Match ID Validado
2016,SP,3531407,77,1040,E.M. DINO VACONDIO - JUNQUEIRA,CENTRO,-49.866594,-20.822215,17.46,4,0.946,1. Match ID Validado
2018,SP,3531407,77,1040,E.M. DINO VACONDIO - JUNQUEIRA,CENTRO,-49.866594,-20.822215,17.46,4,0.946,1. Match ID Validado
2020,SP,3531407,77,1040,E.M. DINO VACONDIO - JUNQUEIRA,CENTRO,-49.866594,-20.822215,17.46,4,0.946,1. Match ID Validado
2022,SP,3531407,77,1040,E.M. DINO VACONDIO - JUNQUEIRA,CENTRO,-49.866594,-20.822215,17.46,4,0.946,Original (Não Aplicável)
2024,SP,3531407,77,1040,E.M. DINO VACONDIO - JUNQUEIRA,CENTRO,-49.866594,-20.822215,17.46,4,0.946,chave_exata_2022
2016,CE,2313005,55,1082,ESCOLA DE ENSINO FUNDAMENTAL CICINATO FURTADO LEITE,CENTRO,-39.150794,-5.7983033,17.44,6,0.204,1. Match ID Validado
2018,CE,2313005,55,1082,ESCOLA DE ENSINO FUNDAMENTAL CICINATO FURTADO LEITE,CENTRO,-39.150794,-5.7983033,17.44,6,0.204,1. Match ID Validado
2020,CE,2313005,55,1082,ESCOLA DE ENSINO FUNDAMENTAL CICINATO FURTADO LEITE,CENTRO,-39.150794,-5.7983033,17.44,6,0.204,1. Match ID Validado
2022,CE,2313005,55,1082,ESCOLA DE ENSINO FUNDAMENTAL CICINATO FURTADO LEITE,CENTRO,-39.150794,-5.7983033,17.44,6,0.204,Original (Não Aplicável)
2006,PA,1506807,20,3930,EMEF NOSSA SENHORA DO PERPETUO SOCORRO,PLANALTO,-54.7793523,-2.4707713,17.43,21,0.019,Mantida Original (Inseguro para mover)
2006,RS,4302303,63,1112,ESCOLA RURAL GOVERNADOR,CENTRO,-50.586201,-28.750107,17.41,6,0.375,geocode_v0.15 (propagada)
2018,CE,2310506,59,1910,E.E.F.SANTA EDWIRGES,SANTA CRUZ DO BANABUIU,-39.8552811,-5.3984101,17.41,4,1.083,1. Match ID Validado
2020,CE,2310506,59,1910,E.E.F.SANTA EDWIRGES,SANTA CRUZ DO BANABUIU,-39.8552811,-5.3984101,17.41,4,1.083,1. Match ID Validado
2022,CE,2310506,59,1910,E.E.F.SANTA EDWIRGES,SANTA CRUZ DO BANABUIU,-39.8552811,-5.3984101,17.41,4,1.083,Original (Não Aplicável)
2010,DF,5300108,5,1309,ESCOLA CLASSE CATINGUEIRO,SOBRADINHO,-47.9353741,-15.5636765,17.39,30,1.498,1. Match ID Validado
2012,DF,5300108,5,1309,ESCOLA CLASSE CATINGUEIRO,SOBRADINHO,-47.9353741,-15.5636765,17.39,31,1.498,1. Match ID Validado
2006,SP,3550308,250,2135,INSTITUTO DE ENSINO ROSATI E CRUCIANI,PARQUE SAO DOMINGOS,-46.7906091,-23.6532792,17.37,4,0.898,geocode_v0.15 (propagada)
2010,PA,1501402,30,1287,EEFM FELIZ LUZITANIA,PONTA GROSSA,-48.4903069,-1.4620785,17.37,4,0.412,geocode_v0.15 (propagada)
2012,PA,1501402,30,1287,EEFM FELIZ LUZITANIA,PONTA GROSSA,-48.4903069,-1.4620785,17.37,4,0.412,geocode_v0.15 (propagada)
2014,PA,1501402,30,1287,EEEFM FELIZ LUSITANIA,PONTA GROSSA,-48.4903069,-1.4620785,17.37,5,0.412,geocode_v0.15 (propagada)
2016,PA,1501402,30,1287,EEEFM FELIZ LUSITANIA,PONTA GROSSA,-48.4903069,-1.4620785,17.37,5,0.412,geocode_v0.15 (propagada)
2018,PA,1501402,97,1619,EEEFM FELIZ LUSITANIA,PONTA GROSSA,-48.4903069,-1.4620785,17.37,5,0.412,geocode_v0.15 (propagada)
2006,SP,3523206,57,1112,EE MESSIAS SODRE,CENTRO,-49.2848348,-23.9574099,17.36,6,1.469,geocode_v0.15 (propagada)
2018,RJ,3304557,188,1562,CVT - QUITUNGO,BRAS DE PINA,-43.2032698,-22.9611687,17.35,12,0.639,geocode_v0.15 (propagada)
2016,BA,2913606,26,1627,SECRETARIA DE ASSISTÊNCIA SOCIAL,CENTRO,-39.012139,-14.946517,17.33,11,0.733,1. Match ID Validado
2018,BA,2913606,26,1627,SECRETARIA DE ASSISTÊNCIA SOCIAL,CENTRO,-39.012139,-14.946517,17.33,11,0.733,1. Match ID Validado
2006,DF,5300108,7,1279,CENTRO DE ENSINO FUNDAMENTAL RODEADOR,N.R.ALEX. GUSMAO,-48.138208,-15.89262,17.31,3,0.392,Mantida Original (Inseguro para mover)
2008,PB,2504009,17,1600,EEEFM ISABEL RODRIGUES DE MELO,GALANTE,-35.8990836,-7.2021476,17.31,3,0.072,geocode_v0.15 (propagada)
2008,DF,5300108,7,1279,CENTRO DE ENSINO FUNDAMENTAL RODEADOR,N.R.ALEX. GUSMAO,-48.138208,-15.89262,17.31,3,0.392,Mantida Original (Inseguro para mover)
2010,PB,2504009,17,1600,EEEFM ISABEL RODRIGUES DE MELO,GALANTE,-35.8990836,-7.2021476,17.31,3,0.072,geocode_v0.15 (propagada)
2010,DF,5300108,7,1279,CENTRO DE ENSINO FUNDAMENTAL RODEADOR,N.R.ALEX. GUSMAO,-48.138208,-15.89262,17.31,3,0.392,Mantida Original (Inseguro para mover)
2012,DF,5300108,7,1279,CENTRO DE ENSINO FUNDAMENTAL RODEADOR,N.R.ALEX. GUSMAO,-48.138208,-15.89262,17.31,3,0.392,Mantida Original (Inseguro para mover)
2006,PB,2509701,29,1228,UBS DE BOA ESPERANCA-JOSE GENIVAL DE SOUZA,CENTRO,-36.9787316,-7.8343565,17.29,11,0.695,1. Match ID Validado
2008,PB,2509701,29,1228,UBS DE BOA ESPERANCA-JOSE GENIVAL DE SOUZA,CENTRO,-36.9787316,-7.8343565,17.29,9,0.695,1. Match ID Validado
2010,PB,2509701,29,1228,UBS DE BOA ESPERANCA-JOSE GENIVAL DE SOUZA,CENTRO,-36.9787316,-7.8343565,17.29,9,0.695,1. Match ID Validado
2006,BA,2913101,176,1015,CAMARA MUNICIPAL DE VEREADORES,CENTRO,-41.8250445,-11.5898585,17.28,4,0.417,Mantida Original (Inseguro para mover)
2006,BA,2913101,176,1449,ESPECIAL CAMARA MUNICIPAL DE VEREADORES,CENTRO,-41.8250445,-11.5898585,17.28,4,0.417,Mantida Original (Inseguro para mover)
2008,BA,2913101,176,1015,CAMARA MUNICIPAL DE VEREADORES,CENTRO,-41.8250445,-11.5898585,17.28,4,0.417,Mantida Original (Inseguro para mover)
2008,BA,2913101,176,1449,ESPECIAL CAMARA MUNICIPAL DE VEREADORES,CENTRO,-41.8250445,-11.5898585,17.28,4,0.417,Mantida Original (Inseguro para mover)
2010,BA,2913101,176,1015,CAMARA MUNICIPAL DE VEREADORES,CENTRO,-41.8250445,-11.5898585,17.28,4,0.417,Mantida Original (Inseguro para mover)
2010,BA,2913101,176,1449,ESPECIAL CAMARA MUNICIPAL DE VEREADORES,CENTRO,-41.8250445,-11.5898585,17.28,4,0.417,Mantida Original (Inseguro para mover)
2012,RS,4316907,41,5502,SALAO DE FESTAS DA IGREJA NOSSA DE FATIMA,CENTRO,-53.63227,-29.715189,17.28,23,0.449,geocode_v0.15 (propagada)
2008,MA,2103174,100,1139,CENTRO ADMINISTRATIVO,POVOADO CHEGA TUDO-ZONA RURAL,-46.1488776,-2.2295466,17.27,3,0.446,geocode_v0.15 (propagada)
2006,MG,3139409,167,1295,ESCOLA ESTADUAL ANA MENDES PEREIRA DUTRA - SÃO PEDRO DO AVAÍ/MANHUAÇU,CENTRO,-42.186893,-20.197181,17.26,15,0.491,geocode_v0.15 (propagada)
2008,BA,2927408,17,1090,ESCOLA NOSSA SENHORA DE FATIMA - DERBA,VALERIA,-38.532956,-12.743478,17.26,5,0.451,Mantida Original (Inseguro para mover)
2008,MG,3139409,167,1295,ESCOLA ESTADUAL ANA MENDES PEREIRA DUTRA - SÃO PEDRO DO AVAÍ/MANHUAÇU,CENTRO,-42.186893,-20.197181,17.26,14,0.491,geocode_v0.15 (propagada)
2010,BA,2927408,17,1090,ESCOLA NOSSA SENHORA DE FATIMA - DERBA,VALERIA,-38.532956,-12.743478,17.26,5,0.451,Mantida Original (Inseguro para mover)
2010,MG,3139409,167,1295,ESCOLA ESTADUAL ANA MENDES PEREIRA DUTRA - SÃO PEDRO DO AVAÍ/MANHUAÇU,CENTRO,-42.186893,-20.197181,17.26,14,0.491,geocode_v0.15 (propagada)
2012,MG,3139409,167,1295,ESCOLA ESTADUAL ANA MENDES PEREIRA DUTRA - SÃO PEDRO DO AVAÍ/MANHUAÇU,CENTRO,-42.186893,-20.197181,17.26,15,0.491,geocode_v0.15 (propagada)
2014,MG,3139409,167,1295,ESCOLA ESTADUAL ANA MENDES PEREIRA DUTRA - SÃO PEDRO DO AVAÍ/MANHUAÇU,CENTRO,-42.186893,-20.197181,17.26,14,0.491,geocode_v0.15 (propagada)
2016,MG,3139409,167,1295,ESCOLA ESTADUAL ANA MENDES PEREIRA DUTRA - SÃO PEDRO DO AVAÍ/MANHUAÇU,CENTRO,-42.186893,-20.197181,17.26,13,0.454,geocode_v0.15 (propagada)
2018,MG,3139409,167,1295,ESCOLA ESTADUAL ANA MENDES PEREIRA DUTRA - SÃO PEDRO DO AVAÍ/MANHUAÇU,CENTRO,-42.186893,-20.197181,17.26,13,0.454,geocode_v0.15 (propagada)
2020,MG,3139409,167,1295,ESCOLA ESTADUAL ANA MENDES PEREIRA DUTRA - SÃO PEDRO DO AVAÍ/MANHUAÇU,CENTRO,-42.186893,-20.197181,17.26,13,0.454,geocode_v0.15 (propagada)
2022,MG,3139409,167,1295,ESCOLA ESTADUAL ANA MENDES PEREIRA DUTRA - SÃO PEDRO DO AVAÍ/MANHUAÇU,CENTRO,-42.186893,-20.197181,17.26,13,0.454,geocode_v0.15 (propagada)
2024,MG,3139409,167,1295,ESCOLA ESTADUAL ANA MENDES PEREIRA DUTRA - SÃO PEDRO DO AVAÍ/MANHUAÇU,CENTRO,-42.186893,-20.197181,17.26,13,0.454,chave_exata_2022
2006,DF,5300108,5,1309,ESCOLA CLASSE CATINGUEIRO,SOBRADINHO,-47.9353741,-15.5636765,17.25,28,1.692,1. Match ID Validado
2006,PE,2601201,57,1163,CLUBE DE IPOJUCA,CENTRO,-36.939201288322,-8.31606393930681,17.23,14,0.428,Mantida Original (Inseguro para mover)
2006,RJ,3304557,4,1139,COLEGIO LOGOSÓFICO GONZÁLEZ PECOTCHE,BOTAFOGO,-43.2923563,-22.8286917,17.23,23,0.741,geocode_v0.15 (propagada)
2008,PE,2601201,57,1163,CLUBE DE IPOJUCA,CENTRO,-36.939201288322,-8.31606393930681,17.23,14,0.428,Mantida Original (Inseguro para mover)
2008,RJ,3304557,4,1139,COLEGIO LOGOSÓFICO GONZÁLEZ PECOTCHE,BOTAFOGO,-43.2923563,-22.8286917,17.23,22,0.741,geocode_v0.15 (propagada)
2010,RJ,3304557,4,1139,COLEGIO LOGOSÓFICO GONZÁLEZ PECOTCHE,BOTAFOGO,-43.2923563,-22.8286917,17.23,19,0.635,geocode_v0.15 (propagada)
2012,PE,2601201,57,1163,CLUBE DE IPOJUCA,CENTRO,-36.939201288322,-8.31606393930681,17.23,13,0.396,Mantida Original (Inseguro para mover)
2012,RJ,3304557,4,1139,COLEGIO LOGOSÓFICO GONZÁLEZ PECOTCHE,BOTAFOGO,-43.2923563,-22.8286917,17.23,21,0.635,geocode_v0.15 (propagada)
2014,PE,2601201,57,1163,CLUBE DE IPOJUCA,CENTRO,-36.939201288322,-8.31606393930681,17.23,13,0.396,Mantida Original (Inseguro para mover)
2014,RJ,3304557,4,1139,COLEGIO LOGOSÓFICO GONZÁLEZ PECOTCHE,BOTAFOGO,-43.2923563,-22.8286917,17.23,19,0.619,geocode_v0.15 (propagada)
2016,PE,2601201,57,1163,CLUBE DE IPOJUCA,CENTRO,-36.939201288322,-8.31606393930681,17.23,13,0.396,Mantida Original (Inseguro para mover)
2016,RJ,3304557,4,1139,COLEGIO LOGOSÓFICO GONZÁLEZ PECOTCHE,BOTAFOGO,-43.2923563,-22.8286917,17.23,20,0.619,geocode_v0.15 (propagada)
2006,BA,2920601,57,5500,CASA DOS HERDEIROS DE EUSTORGIO ARAUJO,DISTRITO DE GUAI,-38.938611,-12.720148,17.22,10,0.0,Mantida Original (Inseguro para mover)
2006,PR,4122602,127,1066,GRUPO ESCOLAR DE BERNARDELLI,CENTRO,-52.8426317,-23.5603598,17.21,5,0.219,geocode_v0.15 (propagada)
2006,BA,2905701,171,1384,CENTRO EDUCACIONAL TANCREDO NEVES,CENTRO,-38.232209,-12.823016,17.2,5,0.421,1. Match ID Validado
2008,BA,2905701,171,1384,CENTRO EDUCACIONAL TANCREDO NEVES,CENTRO,-38.232209,-12.823016,17.2,5,0.421,1. Match ID Validado
2010,PE,2601201,57,1163,CLUBE DE IPOJUCA,CENTRO,-36.939201288322,-8.31606393930681,17.2,12,0.477,Mantida Original (Inseguro para mover)
2010,BA,2905701,171,1384,CENTRO EDUCACIONAL TANCREDO NEVES,CENTRO,-38.232209,-12.823016,17.2,5,0.421,1. Match ID Validado
2012,BA,2905701,171,1384,CENTRO EDUCACIONAL TANCREDO NEVES,CENTRO,-38.232209,-12.823016,17.2,5,0.421,1. Match ID Validado
2014,BA,2905701,171,1384,CENTRO EDUCACIONAL TANCREDO NEVES,CENTRO,-38.232209,-12.823016,17.2,5,0.421,1. Match ID Validado
2016,BA,2905701,171,1384,CENTRO EDUCACIONAL TANCREDO NEVES,CENTRO,-38.232209,-12.823016,17.2,6,0.458,1. Match ID Validado
2018,BA,2905701,171,1384,CENTRO EDUCACIONAL TANCREDO NEVES,CENTRO,-38.232209,-12.823016,17.2,6,0.458,1. Match ID Validado
2020,BA,2905701,171,1384,CENTRO EDUCACIONAL TANCREDO NEVES,CENTRO,-38.232209,-12.823016,17.2,5,0.458,1. Match ID Validado
2022,BA,2905701,171,1384,CENTRO EDUCACIONAL TANCREDO NEVES,CENTRO,-38.232209,-12.823016,17.2,5,0.458,Original (Não Aplicável)
2006,RS,4304507,14,1716,E.M.E.F. MARECHAL FLORIANO,4 DISTRITO,-52.7189012,-31.5469973,17.18,13,0.0,geocode_v0.15 (propagada)
2008,RS,4304507,14,1716,E.M.E.F. MARECHAL FLORIANO,4 DISTRITO,-52.7189012,-31.5469973,17.18,14,0.0,geocode_v0.15 (propagada)
2010,RS,4304507,14,1716,E.M.E.F. MARECHAL FLORIANO,4 DISTRITO,-52.7189012,-31.5469973,17.18,15,0.0,geocode_v0.15 (propagada)
2012,RS,4304507,14,1716,E.M.E.F. MARECHAL FLORIANO,4 DISTRITO,-52.7189012,-31.5469973,17.18,16,0.0,geocode_v0.15 (propagada)
2014,RS,4304507,14,1716,E.M.E.F. MARECHAL FLORIANO,4 DISTRITO,-52.7189012,-31.5469973,17.18,15,0.0,geocode_v0.15 (propagada)
2016,RS,4304507,14,1716,E.M.E.F. MARECHAL FLORIANO,4 DISTRITO,-52.7189012,-31.5469973,17.18,15,0.0,geocode_v0.15 (propagada)
2006,PA,1506351,36,1180,EEEF DE SANTA BÁRBARA,CENTRO,-48.1650129,-1.301187,17.13,3,0.171,geocode_v0.15 (propagada)
2008,PA,1506351,36,1180,EEEF DE SANTA BÁRBARA,CENTRO,-48.1650129,-1.301187,17.13,3,0.171,geocode_v0.15 (propagada)
2010,PA,1506351,36,1180,EEEF DE SANTA BÁRBARA,CENTRO,-48.1650129,-1.301187,17.13,3,0.171,geocode_v0.15 (propagada)
2012,PA,1506351,36,1180,EEEF DE SANTA BÁRBARA,CENTRO,-48.1650129,-1.301187,17.13,3,0.171,geocode_v0.15 (propagada)
2014,PA,1506351,36,1180,EEEF DE SANTA BÁRBARA,CENTRO,-48.1650129,-1.301187,17.13,3,0.171,geocode_v0.15 (propagada)
2016,PA,1506351,36,1180,EEEF DE SANTA BÁRBARA,CENTRO,-48.1650129,-1.301187,17.13,3,0.171,geocode_v0.15 (propagada)
2018,PA,1506351,36,1180,EEEF DE SANTA BÁRBARA,CENTRO,-48.1650129,-1.301187,17.13,3,0.171,geocode_v0.15 (propagada)
2020,PA,1506351,36,1180,EEEF DE SANTA BÁRBARA,CENTRO,-48.1650129,-1.301187,17.13,3,0.171,geocode_v0.15 (propagada)
2022,PA,1506351,36,1180,EEEF DE SANTA BÁRBARA,CENTRO,-48.1650129,-1.301187,17.13,3,0.171,geocode_v0.15 (propagada)
2024,PA,1506351,36,1180,EEEF DE  SANTA BÁRBARA,CENTRO,-48.1650129,-1.301187,17.13,3,0.171,chave_exata_2022
2006,PR,4107009,119,1074,ESCOLA RURAL ESTADUAL JOSE TEIXEIRA RIBEIRO,CENTRO,-50.6244124,-24.0388893,17.12,7,0.08,Mantida Original (Inseguro para mover)
2006,PR,4107009,119,1082,ESCOLA ESTADUAL SAGRADO CORACAO DE JESUS,CENTRO,-50.6244124,-24.0388893,17.12,7,0.08,Mantida Original (Inseguro para mover)
2008,PR,4107009,119,1074,ESCOLA RURAL ESTADUAL JOSE TEIXEIRA RIBEIRO,CENTRO,-50.6244124,-24.0388893,17.12,7,0.08,Mantida Original (Inseguro para mover)
2008,PR,4107009,119,1082,ESCOLA ESTADUAL SAGRADO CORACAO DE JESUS,CENTRO,-50.6244124,-24.0388893,17.12,7,0.08,Mantida Original (Inseguro para mover)
2006,MG,3139409,167,5501,SALAO PAROQUIAL DE PONTOES,CENTRO,-42.185779,-20.198144,17.11,15,0.491,Mantida Original (Inseguro para mover)
2012,MG,3139409,167,5501,SALAO PAROQUIAL DE PONTOES,CENTRO,-42.185779,-20.198144,17.11,15,0.491,Mantida Original (Inseguro para mover)
2012,RJ,3304557,189,1180,CVT - QUITUNGO,BRAS DE PINA,-43.2032698,-22.9611687,17.11,11,0.816,geocode_v0.15 (propagada)
2006,PR,4117305,167,1082,ESCOLA ANTONIO RUPEL,CENTRO,-51.0439497,-24.0986855,17.1,25,0.256,geocode_v0.15 (propagada)
2008,PR,4117305,167,1082,ESCOLA ANTONIO RUPEL,CENTRO,-51.0439497,-24.0986855,17.1,25,0.256,geocode_v0.15 (propagada)
2006,MA,2102903,55,1619,CENTRO EDUCACIONAL PROFESSORA OLIMPIA OLIVEIRA,CENTRO ZONA URBANA,-46.0758347,-1.343901,17.09,6,0.208,geocode_v0.15 (propagada)
2008,MA,2102903,55,1619,CENTRO EDUCACIONAL PROFESSORA OLIMPIA OLIVEIRA,CENTRO ZONA URBANA,-46.0758347,-1.343901,17.09,6,0.208,geocode_v0.15 (propagada)
2006,PR,4117800,134,1066,ESCOLA MEN DE SA,CENTRO,-52.38042208,-24.86940858,17.07,30,0.192,geocode_v0.15 (propagada)
2008,PR,4117800,134,1066,ESCOLA MEN DE SA,CENTRO,-52.38042208,-24.86940858,17.07,24,0.192,geocode_v0.15 (propagada)
2006,RJ,3304557,185,1139,ESCOLA MUNICIPAL SOBRAL PINTO,PRAÇA SECA,-43.4610706,-23.0141522,17.06,10,0.441,geocode_v0.15 (propagada)
2006,PR,4127403,125,1244,MARACAJU CLUBE DE CAMPO,CENTRO,-54.052124,-24.316873,17.06,13,0.198,Mantida Original (Inseguro para mover)
2006,RS,4309001,127,1392,ESCOLA MUNICIPAL PADRE NOBREGA,DISTRITO DE MATO GRANDE,-54.166941,-28.124786,17.06,4,0.0,Mantida Original (Inseguro para mover)
2008,RJ,3304557,185,1139,ESCOLA MUNICIPAL SOBRAL PINTO,PRAÇA SECA,-43.4610706,-23.0141522,17.06,10,0.441,geocode_v0.15 (propagada)
2008,PR,4127403,125,1244,MARACAJU CLUBE DE CAMPO,CENTRO,-54.052124,-24.316873,17.06,13,0.329,Mantida Original (Inseguro para mover)
2010,RJ,3304557,185,1139,ESCOLA MUNICIPAL SOBRAL PINTO,PRAÇA SECA,-43.4610706,-23.0141522,17.06,10,0.441,geocode_v0.15 (propagada)
2018,CE,2308500,46,1244,ESCOLA DE ENSINO FUNDAMENTAL CÂNDIDO SIMAO,CENTRO,-39.5983652,-5.8949028,17.06,18,0.629,1. Match ID Validado
2020,CE,2308500,46,1244,ESCOLA DE ENSINO FUNDAMENTAL CÂNDIDO SIMAO,CENTRO,-39.5983652,-5.8949028,17.06,16,0.548,1. Match ID Validado
2022,CE,2308500,46,1244,ESCOLA DE ENSINO FUNDAMENTAL CÂNDIDO SIMAO,CENTRO,-39.5983652,-5.8949028,17.06,17,0.448,Original (Não Aplicável)
2024,CE,2308500,46,1244,ESCOLA DE ENSINO FUNDAMENTAL CÂNDIDO SIMAO,CENTRO,-39.5983652,-5.8949028,17.06,16,0.548,chave_exata_2022
2006,PA,1506807,20,3964,EMEF PRINCESA ISABEL,PLANALTO,-54.716539,-2.4684709,17.05,21,0.019,Mantida Original (Inseguro para mover)
2012,RJ,3304557,185,1139,ESCOLA MUNICIPAL SOBRAL PINTO,PRAÇA SECA,-43.4610706,-23.0141522,17.02,14,0.482,geocode_v0.15 (propagada)
2006,CE,2308500,46,1244,ESCOLA DE ENSINO FUNDAMENTAL CÂNDIDO SIMAO,CENTRO,-39.5983652,-5.8949028,16.99,22,0.58,1. Match ID Validado
2006,PR,4117305,167,1490,ESCOLA PINDORAMA,CENTRO,-50.765025,-24.1688635,16.99,25,0.256,Mantida Original (Inseguro para mover)
2008,CE,2308500,46,1244,ESCOLA DE ENSINO FUNDAMENTAL CÂNDIDO SIMAO,CENTRO,-39.5983652,-5.8949028,16.99,21,0.58,1. Match ID Validado
2008,PR,4117305,167,1490,ESCOLA PINDORAMA,CENTRO,-50.765025,-24.1688635,16.99,25,0.256,Mantida Original (Inseguro para mover)
2010,CE,2308500,46,1244,ESCOLA DE ENSINO FUNDAMENTAL CÂNDIDO SIMAO,CENTRO,-39.5983652,-5.8949028,16.99,22,0.58,1. Match ID Validado
2010,PR,4117305,167,1490,ESCOLA PINDORAMA,CENTRO,-50.765025,-24.1688635,16.99,23,0.256,Mantida Original (Inseguro para mover)
2012,CE,2308500,46,1244,ESCOLA DE ENSINO FUNDAMENTAL CÂNDIDO SIMAO,CENTRO,-39.5983652,-5.8949028,16.99,23,0.58,1. Match ID Validado
2012,PR,4117305,167,1490,ESCOLA PINDORAMA,CENTRO,-50.765025,-24.1688635,16.99,23,0.256,Mantida Original (Inseguro para mover)
2014,CE,2308500,46,1244,ESCOLA DE ENSINO FUNDAMENTAL CÂNDIDO SIMAO,CENTRO,-39.5983652,-5.8949028,16.99,23,0.58,1. Match ID Validado
2016,CE,2308500,46,1244,ESCOLA DE ENSINO FUNDAMENTAL CÂNDIDO SIMAO,CENTRO,-39.5983652,-5.8949028,16.99,22,0.541,1. Match ID Validado
2006,SP,3522703,55,1082,EEPG DO DISTRITO DE TAPINAS,CENTRO,-48.7860065,-21.4483681,16.98,9,0.822,geocode_v0.15 (propagada)
2012,CE,2311405,11,3018,ESCOLA DOMINGOS MOREIRA DA SILVA,BELEM,-39.189775,-5.2771165,16.98,3,0.0,1. Match ID Validado
2012,PR,4107009,119,1074,ESCOLA RURAL ESTADUAL JOSE TEIXEIRA RIBEIRO,CENTRO,-50.6244124,-24.0388893,16.98,4,0.563,Mantida Original (Inseguro para mover)
2014,CE,2311405,11,3018,ESCOLA DOMINGOS MOREIRA DA SILVA,BELEM,-39.189775,-5.2771165,16.98,3,0.0,1. Match ID Validado
2010,RS,4316907,147,1473,PRESIDIO ESTADUAL DE SANTA MARIA,NOSSA SENHORA MEDIANEIRA,-53.63227,-29.715189,16.97,3,0.351,geocode_v0.15 (propagada)
2006,PA,1501402,1,1430,CLUBE DO REMO,NAZARE,-48.4813874,-1.2979167,16.93,9,0.746,geocode_v0.15 (propagada)
2006,PA,1507003,8,1066,EEEM INÁCIO MOURA,CENTRO,-48.1648105,-1.3013939,16.93,4,0.351,geocode_v0.15 (propagada)
2006,PR,4113734,31,1376,ESCOLA MUNICIPAL PAIQUERE,CENTRO,-52.3113731327318,-24.4332114372205,16.93,10,0.0,Mantida Original (Inseguro para mover)
2008,PA,1501402,1,1430,CLUBE DO REMO,NAZARE,-48.4813874,-1.2979167,16.93,9,0.746,geocode_v0.15 (propagada)
2008,PA,1507003,8,1066,EEEM INÁCIO MOURA,CENTRO,-48.1648105,-1.3013939,16.93,4,0.351,geocode_v0.15 (propagada)
2008,PR,4113734,31,1376,ESCOLA MUNICIPAL PAIQUERE,CENTRO,-52.3113731327318,-24.4332114372205,16.93,10,0.0,Mantida Original (Inseguro para mover)
2010,PA,1501402,1,1430,CLUBE DO REMO,NAZARE,-48.4813874,-1.2979167,16.93,8,0.746,geocode_v0.15 (propagada)
2010,PA,1507003,8,1066,EEEM INÁCIO MOURA,CENTRO,-48.1648105,-1.3013939,16.93,4,0.351,geocode_v0.15 (propagada)
2012,PA,1501402,1,1430,CLUBE DO REMO,NAZARE,-48.4813874,-1.2979167,16.93,8,0.746,geocode_v0.15 (propagada)
2012,PA,1507003,8,1066,EEEM INÁCIO MOURA,CENTRO,-48.1648105,-1.3013939,16.93,4,0.351,geocode_v0.15 (propagada)
2012,PR,4113734,31,1376,ESCOLA MUNICIPAL PAIQUERE,CENTRO,-52.3113731327318,-24.4332114372205,16.93,7,0.0,Mantida Original (Inseguro para mover)
2014,PA,1501402,1,1430,CLUBE DO REMO,NAZARE,-48.4813874,-1.2979167,16.93,8,0.746,geocode_v0.15 (propagada)
2014,PA,1507003,8,1066,EEEM INÁCIO MOURA,CENTRO,-48.1648105,-1.3013939,16.93,4,0.351,geocode_v0.15 (propagada)
2016,PA,1501402,1,1430,CLUBE DO REMO,NAZARE,-48.4813874,-1.2979167,16.93,8,0.746,geocode_v0.15 (propagada)
2006,BA,2927408,7,1589,ESPECIAL COLEGIO DE SAO BENTO,SAO PEDRO,-38.373018,-12.921293,16.92,3,0.049,Mantida Original (Inseguro para mover)
2008,BA,2927408,7,1589,ESPECIAL COLEGIO DE SAO BENTO,SAO PEDRO,-38.373018,-12.921293,16.92,3,0.049,Mantida Original (Inseguro para mover)
2010,MA,2102903,55,1619,CENTRO EDUCACIONAL PROF. OLIMPIA OLIVEIRA,CENTRO ZONA URBANA,-46.0758347,-1.343901,16.92,5,0.151,geocode_v0.15 (propagada)
2010,BA,2927408,7,1589,ESPECIAL COLEGIO DE SAO BENTO,SAO PEDRO,-38.373018,-12.921293,16.92,3,0.049,Mantida Original (Inseguro para mover)
2012,MA,2102903,55,1619,CENTRO EDUCACIONAL PROF. OLIMPIA OLIVEIRA,CENTRO - ZONA URBANA.,-46.0758347,-1.343901,16.92,5,0.151,geocode_v0.15 (propagada)
2012,BA,2927408,7,1589,ESPECIAL COLEGIO DE SAO BENTO,SAO PEDRO,-38.373018,-12.921293,16.92,3,0.049,Mantida Original (Inseguro para mover)
2014,BA,2927408,7,1589,ESPECIAL COLEGIO DE SAO BENTO,SAO PEDRO,-38.373018,-12.921293,16.92,3,0.049,Mantida Original (Inseguro para mover)
2016,BA,2927408,7,1589,ESPECIAL COLEGIO DE SAO BENTO,SAO PEDRO,-38.373018,-12.921293,16.92,3,0.049,Mantida Original (Inseguro para mover)
2006,GO,5209903,29,1180,COLÉGIO EST. CLARENTIANA MARIA CLARETH,CENTRO,-46.50402024,-14.01606588,16.9,4,0.667,1. Match ID Validado
2008,GO,5209903,29,1180,COLÉGIO EST. CLARENTIANA MARIA CLARETH,CENTRO,-46.50402024,-14.01606588,16.9,4,0.667,1. Match ID Validado
2010,PR,4107009,119,1074,ESCOLA RURAL ESTADUAL JOSE TEIXEIRA RIBEIRO,CENTRO,-50.6244124,-24.0388893,16.9,5,0.44,Mantida Original (Inseguro para mover)
2010,GO,5209903,29,1180,COLÉGIO EST. CLARENTIANA MARIA CLARETH,CENTRO,-46.50402024,-14.01606588,16.9,4,0.667,1. Match ID Validado
2012,GO,5209903,29,1180,COLÉGIO EST. CLARENTIANA MARIA CLARETH,CENTRO,-46.50402024,-14.01606588,16.9,4,0.667,1. Match ID Validado
2014,GO,5209903,29,1180,COLÉGIO EST. CLARENTIANA MARIA CLARETH,CENTRO,-46.50402024,-14.01606588,16.9,4,0.667,1. Match ID Validado
2016,GO,5209903,29,1180,COLÉGIO EST. CLARENTIANA MARIA CLARETH,CENTRO,-46.50402024,-14.01606588,16.9,4,0.667,1. Match ID Validado
2018,GO,5209903,29,1180,COLÉGIO EST. CLARENTIANA MARIA CLARETH,CENTRO,-46.50402024,-14.01606588,16.9,4,0.667,1. Match ID Validado
2020,GO,5209903,29,1180,COLÉGIO EST. CLARENTIANA MARIA CLARETH,CENTRO,-46.50402024,-14.01606588,16.9,4,0.667,1. Match ID Validado
2022,GO,5209903,29,1180,COLÉGIO EST. CLARENTIANA MARIA CLARETH,CENTRO,-46.50402024,-14.01606588,16.9,4,0.667,Original (Não Aplicável)
2024,GO,5209903,29,1180,ESCOLA MUNICIPAL CLARENTIANA MARIA CLARETH,CENTRO,-46.50402024,-14.01606588,16.9,4,0.667,chave_exata_2022
2018,BA,2927408,12,1295,ESCOLA BRIGADEIRO EDUARDO GOMES,SÃO CRISTÓVÃO,-38.491849,-12.975467,16.89,9,0.301,1. Match ID Validado
2006,BA,2913606,25,1376,SECRETARIA DE ASSISTÊNCIA SOCIAL,CENTRO,-39.012139,-14.946517,16.87,11,0.767,4. Match Fuzzy+Bairro
2008,BA,2913606,25,1376,SECRETARIA DE ASSISTÊNCIA SOCIAL,CENTRO,-39.012139,-14.946517,16.87,11,0.767,4. Match Fuzzy+Bairro
2010,BA,2913606,25,1376,SECRETARIA DE ASSISTÊNCIA SOCIAL,CENTRO,-39.012139,-14.946517,16.87,10,0.767,4. Match Fuzzy+Bairro
2012,BA,2913606,25,1376,SECRETARIA DE ASSISTÊNCIA SOCIAL,CENTRO,-39.012139,-14.946517,16.87,11,0.767,4. Match Fuzzy+Bairro
2014,BA,2913606,25,1376,SECRETARIA DE ASSISTÊNCIA SOCIAL,CENTRO,-39.012139,-14.946517,16.87,10,0.767,4. Match Fuzzy+Bairro
2020,BA,2913606,26,1627,SECRETARIA DE ASSISTÊNCIA SOCIAL,CENTRO,-39.012139,-14.946517,16.87,10,0.767,1. Match ID Validado
2022,BA,2913606,26,1627,SECRETARIA DE ASSISTÊNCIA SOCIAL,CENTRO,-39.012139,-14.946517,16.87,9,0.733,Original (Não Aplicável)
2024,BA,2913606,26,1627,SECRETARIA DE ASSISTÊNCIA SOCIAL,CENTRO,-39.012139,-14.946517,16.87,11,0.733,chave_exata_2022
2006,SE,2800308,27,1066,"ANISIO TEIXEIRA, ESCOLA",ATALAIA,-37.1518463,-11.1039132,16.85,3,0.342,geocode_v0.15 (propagada)
2006,RS,4317004,9,1090,ESCOLA RURAL DUQUE DE CAXIAS,CENTRO,-53.043219,-30.733089,16.85,10,0.975,Corrigido pelo GeoJSON de Votos (RS)
2008,SE,2800308,27,1066,"ANISIO TEIXEIRA, ESCOLA",ATALAIA,-37.1518463,-11.1039132,16.85,3,0.342,geocode_v0.15 (propagada)
2008,RS,4317004,9,1090,ESCOLA RURAL DUQUE DE CAXIAS,CENTRO,-53.043219,-30.733089,16.85,10,0.975,Corrigido pelo GeoJSON de Votos (RS)
2010,SE,2800308,27,1066,"ANISIO TEIXEIRA, ESCOLA",ATALAIA,-37.1518463,-11.1039132,16.85,3,0.342,geocode_v0.15 (propagada)
2010,RS,4317004,9,1090,ESCOLA RURAL DUQUE DE CAXIAS,CENTRO,-53.043219,-30.733089,16.85,10,0.975,Corrigido pelo GeoJSON de Votos (RS)
2012,SE,2800308,27,1066,"ANISIO TEIXEIRA, ESCOLA",ATALAIA,-37.1518463,-11.1039132,16.85,3,0.342,geocode_v0.15 (propagada)
2012,RS,4317004,9,1090,ESCOLA RURAL DUQUE DE CAXIAS,CENTRO,-53.043219,-30.733089,16.85,10,0.975,Corrigido pelo GeoJSON de Votos (RS)
2014,SE,2800308,27,1066,"ANISIO TEIXEIRA, ESCOLA",ATALAIA,-37.1518463,-11.1039132,16.85,3,0.342,geocode_v0.15 (propagada)
2014,RS,4317004,9,1090,ESCOLA RURAL DUQUE DE CAXIAS,CENTRO,-53.043219,-30.733089,16.85,9,0.613,Corrigido pelo GeoJSON de Votos (RS)
2012,SP,3535804,301,1031,EE. HOLAMBRA II,CENTRO,-48.8787863,-23.4430956,16.83,3,0.305,geocode_v0.15 (propagada)
2014,SP,3535804,301,1031,EE. HOLAMBRA II,CENTRO,-48.8787863,-23.4430956,16.83,3,0.331,geocode_v0.15 (propagada)
2016,SP,3535804,301,1031,EE. HOLAMBRA II,CENTRO,-48.8787863,-23.4430956,16.83,3,0.331,geocode_v0.15 (propagada)
2018,SP,3535804,301,1031,EE. HOLAMBRA II,CENTRO,-48.8787863,-23.4430956,16.83,3,0.331,geocode_v0.15 (propagada)
2020,SP,3535804,301,1031,EE. HOLAMBRA II,CENTRO,-48.8787863,-23.4430956,16.83,3,0.331,geocode_v0.15 (propagada)
2022,SP,3535804,301,1031,EE. HOLAMBRA II,CENTRO,-48.8787863,-23.4430956,16.83,3,0.331,geocode_v0.15 (propagada)
2024,SP,3535804,301,1031,EE. HOLAMBRA II,CENTRO,-48.8787863,-23.4430956,16.83,3,0.331,chave_exata_2022
2006,SP,3535804,301,1031,EE. HOLAMBRA II,CENTRO,-48.8788065,-23.443064,16.82,3,0.32,1. Match ID Validado
2008,SP,3535804,301,1031,EE. HOLAMBRA II,CENTRO,-48.8788065,-23.443064,16.82,3,0.32,1. Match ID Validado
2010,SP,3535804,301,1031,EE. HOLAMBRA II,CENTRO,-48.8788065,-23.443064,16.82,3,0.32,1. Match ID Validado
2006,AM,1302603,1,1457,COLEGIO BRASILEIRO PEDRO SILVESTRE,CENTRO,-60.06132617,-2.98394066,16.78,27,0.925,geocode_v0.15 (propagada)
2008,AM,1302603,1,1457,COLEGIO BRASILEIRO PEDRO SILVESTRE,CENTRO,-60.06132617,-2.98394066,16.78,23,0.812,geocode_v0.15 (propagada)
2010,AM,1302603,1,1457,COLEGIO BRASILEIRO PEDRO SILVESTRE,CENTRO,-60.06132617,-2.98394066,16.78,23,0.812,geocode_v0.15 (propagada)
2012,AM,1302603,1,1457,COLEGIO BRASILEIRO PEDRO SILVESTRE,CENTRO,-60.06132617,-2.98394066,16.78,23,0.812,geocode_v0.15 (propagada)
2014,AM,1302603,1,1457,COLEGIO BRASILEIRO PEDRO SILVESTRE,CENTRO,-60.06132617,-2.98394066,16.78,19,0.789,geocode_v0.15 (propagada)
2016,AM,1302603,1,2151,COLEGIO BRASILEIRO PEDRO SILVESTRE,CENTRO,-60.06132617,-2.98394066,16.78,11,0.753,geocode_v0.15 (propagada)
2018,AM,1302603,1,2151,COLEGIO BRASILEIRO PEDRO SILVESTRE,CENTRO,-60.06132617,-2.98394066,16.78,11,0.753,geocode_v0.15 (propagada)
2006,CE,2304400,1,2089,CASA DE MARIA ALICE - CAPEMI,PAPICU,-38.62485738,-3.7904065,16.77,5,1.023,geocode_v0.15 (propagada)
2008,CE,2304400,1,2089,CASA DE MARIA ALICE - CAPEMI,PAPICU,-38.62485738,-3.7904065,16.77,5,1.023,geocode_v0.15 (propagada)
2010,CE,2304400,1,2089,CASA DE MARIA ALICE - CAPEMI,PAPICU,-38.62485738,-3.7904065,16.77,6,1.451,geocode_v0.15 (propagada)
2010,PR,4113734,31,1376,ESCOLA MUNICIPAL PAIQUERE,CENTRO,-52.3113731327318,-24.4332114372205,16.77,7,0.289,Mantida Original (Inseguro para mover)
2024,SP,3550308,328,2402,CEI INDIR NOVO IPE I,JARDIM PIRACUAMA,-46.7147115,-23.784975,16.76,3,0.64,geocode_v0.15 (modelo)
2006,SE,2804409,15,1244,COLEGIO ESTADUAL AMINTAS AGUIAR,CENTRO,-36.73167,-10.33583,16.75,4,0.638,Mantida Original (Inseguro para mover)
2008,SE,2804409,15,1244,COLEGIO ESTADUAL AMINTAS AGUIAR,CENTRO,-36.73167,-10.33583,16.75,4,0.638,Mantida Original (Inseguro para mover)
2010,SE,2804409,15,1244,COLEGIO ESTADUAL AMINTAS AGUIAR,CENTRO,-36.73167,-10.33583,16.75,4,0.638,Mantida Original (Inseguro para mover)
2012,SE,2804409,15,1244,COLEGIO ESTADUAL AMINTAS AGUIAR,CENTRO,-36.73167,-10.33583,16.75,4,0.638,Mantida Original (Inseguro para mover)
2014,SE,2804409,15,1244,COLEGIO ESTADUAL AMINTAS AGUIAR,CENTRO,-36.73167,-10.33583,16.75,4,0.638,Mantida Original (Inseguro para mover)
2006,PB,2510402,32,1139,E.E.E.F. SEBASTIANA DE ARAUJO LIMA,CENTRO,-37.8355318,-7.3504926,16.74,4,0.342,Mantida Original (Inseguro para mover)
2006,PB,2510402,32,1147,CRECHE MUNICIPAL MAE LILIA,CENTRO,-37.8354728,-7.3505354,16.74,4,0.342,geocode_v0.15 (propagada)
2008,PB,2510402,32,1139,E.E.E.F. SEBASTIANA DE ARAUJO LIMA,CENTRO,-37.8355318,-7.3504926,16.74,4,0.342,Mantida Original (Inseguro para mover)
2008,PB,2510402,32,1147,MODULO COMUNITARIO RURAL DE OLHO D'AGUA,CENTRO,-37.8354728,-7.3505354,16.74,4,0.342,geocode_v0.15 (propagada)
2010,PB,2510402,32,1139,E.E.E.F. SEBASTIANA DE ARAUJO LIMA,CENTRO,-37.8355318,-7.3504926,16.74,4,0.342,Mantida Original (Inseguro para mover)
2010,PB,2510402,32,1147,E.M. MANOEL PROCÓPIO,CENTRO,-37.8354728,-7.3505354,16.74,4,0.342,4. Match Fuzzy+Bairro
2012,PB,2510402,32,1139,E.E.E.F. SEBASTIANA DE ARAUJO LIMA,CENTRO,-37.8355318,-7.3504926,16.74,4,0.342,Mantida Original (Inseguro para mover)
2012,PB,2510402,32,1147,E.M. MANOEL PROCÓPIO,CENTRO,-37.8354728,-7.3505354,16.74,4,0.342,4. Match Fuzzy+Bairro
2014,PB,2510402,32,1147,E.M. MANOEL PROCÓPIO,CENTRO,-37.8354728,-7.3505354,16.74,3,0.064,4. Match Fuzzy+Bairro
2016,PB,2510402,32,1147,E.M. MANOEL PROCÓPIO,CENTRO,-37.8354728,-7.3505354,16.74,3,0.064,4. Match Fuzzy+Bairro
2018,PB,2510402,66,1104,E.M. MANOEL PROCÓPIO,CENTRO,-37.8354728,-7.3505354,16.74,3,0.064,1. Match ID Validado
2020,PB,2510402,66,1104,E.M. MANOEL PROCÓPIO,CENTRO,-37.8354728,-7.3505354,16.74,3,0.064,1. Match ID Validado
2008,DF,5300108,5,1678,ACADEMIA DE POLICIA FEDERAL,SOBRADINHO,-47.845489,-15.5074971,16.7,27,1.473,Mantida Original (Inseguro para mover)
2006,BA,2927408,19,1171,ESCOLA BRIGADEIRO EDUARDO GOMES,SÃO CRISTÓVÃO,-38.491849,-12.975467,16.68,8,0.448,5. Match Núcleo (Sem Bairro)
2008,BA,2927408,19,1171,ESCOLA BRIGADEIRO EDUARDO GOMES,SÃO CRISTÓVÃO,-38.491849,-12.975467,16.68,8,0.448,5. Match Núcleo (Sem Bairro)
2010,BA,2927408,19,1171,ESCOLA BRIGADEIRO EDUARDO GOMES,SÃO CRISTÓVÃO,-38.491849,-12.975467,16.68,8,0.448,5. Match Núcleo (Sem Bairro)
2012,BA,2927408,19,1171,ESCOLA BRIGADEIRO EDUARDO GOMES,SÃO CRISTÓVÃO,-38.491849,-12.975467,16.68,10,0.396,5. Match Núcleo (Sem Bairro)
2006,RJ,3304557,214,1023,ESCOLA NOSSO LAR,ENGENHO NOVO,-43.40249,-22.82336,16.67,10,0.802,Mantida Original (Inseguro para mover)
2006,BA,2927408,14,1082,ESCOLA BRIGADEIRO EDUARDO GOMES,SÃO CRISTÓVÃO,-38.4917858,-12.9753419,16.66,8,0.448,geocode_v0.15 (propagada)
2006,SP,3550308,249,1430,SENAC SANTANA,SANTANA,-46.48296072,-23.56425619,16.66,12,0.885,geocode_v0.15 (propagada)
2008,BA,2927408,14,1082,ESCOLA BRIGADEIRO EDUARDO GOMES,SÃO CRISTÓVÃO,-38.4917858,-12.9753419,16.66,8,0.448,geocode_v0.15 (propagada)
2008,SP,3550308,249,1430,SENAC SANTANA,SANTANA,-46.48296072,-23.56425619,16.66,12,0.885,geocode_v0.15 (propagada)
2010,BA,2927408,14,1082,ESCOLA BRIGADEIRO EDUARDO GOMES,SÃO CRISTÓVÃO,-38.4917858,-12.9753419,16.66,8,0.448,geocode_v0.15 (propagada)
2012,BA,2927408,14,1082,ESCOLA BRIGADEIRO EDUARDO GOMES,SÃO CRISTÓVÃO,-38.4917858,-12.9753419,16.66,10,0.396,geocode_v0.15 (propagada)
2006,SC,4202404,3,1929,COLEGIO DOUTOR BLUMENAU LTDA,GARCIA,-49.0595286,-26.7885368,16.64,3,0.686,Mantida Original (Inseguro para mover)
2012,SP,3550308,249,1430,SENAC SANTANA,SANTANA,-46.48296072,-23.56425619,16.63,14,0.825,geocode_v0.15 (propagada)
2014,SP,3550308,249,1430,SENAC SANTANA,SANTANA,-46.48296072,-23.56425619,16.63,14,0.825,geocode_v0.15 (propagada)
2016,SP,3550308,249,1430,SENAC SANTANA,SANTANA,-46.48296072,-23.56425619,16.63,14,0.825,geocode_v0.15 (propagada)
2018,SP,3550308,249,1430,SENAC SANTANA,SANTANA,-46.48296072,-23.56425619,16.63,14,0.825,geocode_v0.15 (propagada)
2006,CE,2300309,60,1040,CAPELA NOSSA SENHORA DAS DORES,CENTRO,-39.59219,-6.03462333333333,16.6,26,0.397,Mantida Original (Inseguro para mover)
2008,CE,2300309,60,1040,CAPELA NOSSA SENHORA DAS DORES,CENTRO,-39.59219,-6.03462333333333,16.6,26,0.397,Mantida Original (Inseguro para mover)
2006,ES,3202108,33,5502,EUE CRAVO DOURADO,CENTRO,-40.686567,-18.42958,16.59,5,0.276,Mantida Original (Inseguro para mover)
2006,RS,4302808,9,1481,ESCOLA MUNICIPAL PADRE FIDENCIO,CENTRO,-53.534955,-30.659032,16.59,32,0.477,Mantida Original (Inseguro para mover)
2008,RS,4302808,9,1481,ESCOLA MUNICIPAL PADRE FIDENCIO,CENTRO,-53.534955,-30.659032,16.59,31,0.477,Mantida Original (Inseguro para mover)
2010,RS,4302808,9,1481,ESCOLA MUNICIPAL PADRE FIDENCIO,CENTRO,-53.534955,-30.659032,16.59,31,0.519,Mantida Original (Inseguro para mover)
2012,ES,3202108,33,5502,EUE CRAVO DOURADO,CENTRO,-40.686567,-18.42958,16.59,5,0.276,Mantida Original (Inseguro para mover)
2012,RS,4302808,9,1481,ESCOLA MUNICIPAL PADRE FIDENCIO,CENTRO,-53.534955,-30.659032,16.59,29,0.477,Mantida Original (Inseguro para mover)
2006,BA,2914901,203,1074,COLEGIO DELMURIO VIEIRA,DISTRITO TABOQUINHAS,-39.024873,-14.312313,16.57,4,0.456,Mantida Original (Inseguro para mover)
2006,BA,2914901,203,1104,COOPERATIVA RURAL,DISTRITO TABOQUINHAS,-39.024873,-14.312313,16.57,4,0.456,Mantida Original (Inseguro para mover)
2006,SP,3550308,1,1198,FMU (PRÉDIO 16) - LIBERDADE,LIBERDADE,-46.74888434,-23.66657693,16.55,5,0.273,geocode_v0.15 (propagada)
2008,SP,3550308,1,1198,FMU (PRÉDIO 16) - LIBERDADE,LIBERDADE,-46.74888434,-23.66657693,16.55,5,0.273,geocode_v0.15 (propagada)
2010,SP,3550308,1,1171,UNINOVE VERGUEIRO,LIBERDADE,-46.74888434,-23.66657693,16.54,6,0.251,geocode_v0.15 (propagada)
2012,RJ,3304557,1,1139,CAIXA ECONOMICA FEDERAL,CENTRO,-43.3351111,-22.9734049,16.54,25,0.937,geocode_v0.15 (propagada)
2014,BA,2927408,19,1171,ESCOLA BRIGADEIRO EDUARDO GOMES,SÃO CRISTÓVÃO,-38.491849,-12.975467,16.54,10,0.419,5. Match Núcleo (Sem Bairro)
2016,BA,2927408,12,1295,ESCOLA BRIGADEIRO EDUARDO GOMES,SÃO CRISTÓVÃO,-38.491849,-12.975467,16.54,10,0.419,1. Match ID Validado
2020,BA,2927408,12,1295,ESCOLA BRIGADEIRO EDUARDO GOMES,SÃO CRISTÓVÃO,-38.491849,-12.975467,16.54,9,0.392,1. Match ID Validado
2024,BA,2927408,12,1295,ESCOLA BRIGADEIRO EDUARDO GOMES,SÃO CRISTÓVÃO,-38.491849,-12.975467,16.54,7,0.392,chave_exata_2022
2006,MG,3135209,148,2291,ESCOLA MUNICIPAL DE PITOMBEIRA,LEVINÓPOLIS,-44.392268,-15.108875,16.53,9,0.0,1. Match ID Validado
2006,RS,4313904,115,1341,ESCOLA MUNICIPAL ALMIRANTE TAMANDARE,CENTRO,-53.46253,-28.438139,16.53,5,0.228,Mantida Original (Inseguro para mover)
2008,MG,3135209,148,2291,ESCOLA MUNICIPAL DE PITOMBEIRA,LEVINÓPOLIS,-44.392268,-15.108875,16.53,9,0.0,1. Match ID Validado
2010,MG,3135209,148,2291,ESCOLA MUNICIPAL DE PITOMBEIRA,LEVINÓPOLIS,-44.392268,-15.108875,16.53,7,0.0,1. Match ID Validado
2012,MG,3135209,148,2291,ESCOLA MUNICIPAL DE PITOMBEIRA,LEVINÓPOLIS,-44.392268,-15.108875,16.53,9,0.0,1. Match ID Validado
2014,BA,2927408,14,1082,ESCOLA BRIGADEIRO EDUARDO GOMES,SÃO CRISTÓVÃO,-38.4917858,-12.9753419,16.53,10,0.419,geocode_v0.15 (propagada)
2016,BA,2927408,6,1597,ESCOLA BRIGADEIRO EDUARDO GOMES,SÃO CRISTÓVÃO,-38.4917858,-12.9753419,16.53,10,0.419,geocode_v0.15 (propagada)
2022,BA,2927408,12,1295,ESCOLA BRIGADEIRO EDUARDO GOMES,SÃO CRISTÓVÃO,-38.491849,-12.975467,16.5,10,0.438,Original (Não Aplicável)
2006,RJ,3304557,1,1139,CAIXA ECONOMICA FEDERAL,CENTRO,-43.3351111,-22.9734049,16.47,24,0.653,geocode_v0.15 (propagada)
2008,RJ,3304557,1,1139,CAIXA ECONOMICA FEDERAL,CENTRO,-43.3351111,-22.9734049,16.47,24,0.653,geocode_v0.15 (propagada)
2010,RJ,3304557,1,1139,CAIXA ECONOMICA FEDERAL,CENTRO,-43.3351111,-22.9734049,16.47,24,0.653,geocode_v0.15 (propagada)
2006,SP,3550308,1,1171,UNINOVE VERGUEIRO,LIBERDADE,-46.4831869,-23.6002593,16.42,5,0.313,geocode_v0.15 (propagada)
2008,SP,3550308,1,1171,UNINOVE VERGUEIRO,LIBERDADE,-46.4831869,-23.6002593,16.42,5,0.313,geocode_v0.15 (propagada)
2008,DF,5300108,13,1538,CENTRO EDUCACIONAL MYRIAM ERVILHA,SAMAMBAIA SUL,-48.24172285,-15.94072159,16.41,3,1.411,1. Match ID Validado
2010,CE,2310506,59,1309,CAPELA,SANTA CRUZ DO BANABUIU,-39.8552811,-5.3984101,16.41,5,1.027,geocode_v0.15 (propagada)
2010,DF,5300108,13,1538,CENTRO EDUCACIONAL MYRIAM ERVILHA,SAMAMBAIA SUL,-48.24172285,-15.94072159,16.41,3,1.411,1. Match ID Validado
2012,CE,2310506,59,1910,E.E.F.SANTA EDWIRGES,SANTA CRUZ DO BANABUIU,-39.8552811,-5.3984101,16.41,5,1.027,1. Match ID Validado
2012,DF,5300108,13,1538,CENTRO EDUCACIONAL MYRIAM ERVILHA,SAMAMBAIA SUL,-48.24172285,-15.94072159,16.41,3,1.411,1. Match ID Validado
2014,CE,2310506,59,1910,E.E.F.SANTA EDWIRGES,SANTA CRUZ DO BANABUIU,-39.8552811,-5.3984101,16.41,5,1.027,1. Match ID Validado
2014,DF,5300108,13,1538,CENTRO EDUCACIONAL MYRIAM ERVILHA,SAMAMBAIA SUL,-48.24172285,-15.94072159,16.41,3,1.411,1. Match ID Validado
2016,CE,2310506,59,1910,E.E.F.SANTA EDWIRGES,SANTA CRUZ DO BANABUIU,-39.8552811,-5.3984101,16.41,5,1.027,1. Match ID Validado
2018,DF,5300108,13,1538,CENTRO EDUCACIONAL MYRIAM ERVILHA,SAMAMBAIA SUL,-48.24172285,-15.94072159,16.41,3,1.411,1. Match ID Validado
2010,SP,3550308,1,1198,FMU (PRÉDIO 16) - LIBERDADE,LIBERDADE,-46.4831869,-23.6002593,16.39,6,0.228,geocode_v0.15 (propagada)
2006,CE,2308708,47,1554,EEB FRANCISCO GALVÃO FILHO,UIRAPONGA,-38.45877028,-5.39365945,16.38,6,0.0,1. Match ID Validado
2008,CE,2308708,47,1554,EEB FRANCISCO GALVÃO FILHO,UIRAPONGA,-38.45877028,-5.39365945,16.38,6,0.0,1. Match ID Validado
2010,CE,2308708,47,1554,EEB FRANCISCO GALVÃO FILHO,UIRAPONGA,-38.45877028,-5.39365945,16.38,6,0.0,1. Match ID Validado
2012,CE,2308708,47,1554,EEB FRANCISCO GALVÃO FILHO,UIRAPONGA,-38.45877028,-5.39365945,16.38,5,0.0,1. Match ID Validado
2014,CE,2308708,47,1554,EEB FRANCISCO GALVÃO FILHO,UIRAPONGA,-38.45877028,-5.39365945,16.38,3,0.0,1. Match ID Validado
2024,CE,2310506,59,1910,E.E.F.SANTA EDWIRGES,SANTA CRUZ DO BANABUIU,-39.8552811,-5.3984101,16.36,3,1.083,chave_exata_2022
2024,RS,4302808,9,1465,CAPELA NOSSA SENHORA DA SALETE,CENTRO,-53.488505,-30.659841,16.35,23,1.535,chave_exata_2022
2006,PR,4117305,167,1040,ESCOLA CORINA ALVES PORTOLAN,CENTRO,-51.084588,-24.1814253,16.34,25,0.256,geocode_v0.15 (propagada)
2008,PR,4117305,167,1040,ESCOLA CORINA ALVES PORTOLAN,CENTRO,-51.084588,-24.1814253,16.34,25,0.256,geocode_v0.15 (propagada)
2010,PR,4117305,167,1040,ESCOLA CORINA ALVES PORTOLAN,CENTRO,-51.084588,-24.1814253,16.34,23,0.256,geocode_v0.15 (propagada)
2012,PR,4117305,167,1040,ESCOLA CORINA ALVES PORTOLAN,CENTRO,-51.084588,-24.1814253,16.34,23,0.256,geocode_v0.15 (propagada)
2010,RN,2408102,3,1856,FATERN - FACULDADE DE EXCELENCIA EDUCACIONAL DO RN,PONTA NEGRA,-35.25741086,-5.76775705,16.33,4,0.612,geocode_v0.15 (propagada)
2014,RN,2408102,3,1856,FATERN - FACULDADE DE EXCELENCIA EDUCACIONAL DO RN,PONTA NEGRA,-35.25741086,-5.76775705,16.33,4,0.612,geocode_v0.15 (propagada)
2006,RS,4314605,78,1147,ESCOLA ESTADUAL ANTONIO LEITE DE SOUZA,CENTRO,-52.940725,-31.403449,16.32,18,0.356,geocode_v0.15 (propagada)
2008,RS,4314605,78,1147,ESCOLA ESTADUAL ANTONIO LEITE DE SOUZA,CENTRO,-52.940725,-31.403449,16.32,16,0.292,geocode_v0.15 (propagada)
2014,RJ,3304557,189,1171,INSTITUTO EDUCACIONAL TEREZINHA DE JESUS,PENHA CIRCULAR,-43.3534969,-22.9606674,16.29,14,0.894,geocode_v0.15 (propagada)
2006,PB,2501500,14,1295,CENTRO COMUNITARIO DE ROMA,POVOADO DE ROMA,-35.682096,-6.660727,16.27,3,0.275,Mantida Original (Inseguro para mover)
2006,PR,4117305,167,1350,ESCOLA ALVAREZ DE AZEVEDO,CENTRO,-50.7704492,-24.1758358,16.26,25,0.256,geocode_v0.15 (propagada)
2008,PR,4117305,167,1350,ESCOLA ALVAREZ DE AZEVEDO,CENTRO,-50.7704492,-24.1758358,16.26,25,0.256,geocode_v0.15 (propagada)
2010,PR,4117305,167,1350,ESCOLA ALVAREZ DE AZEVEDO,CENTRO,-50.7704492,-24.1758358,16.26,23,0.256,geocode_v0.15 (propagada)
2012,PR,4117305,167,1350,ESCOLA ALVAREZ DE AZEVEDO,CENTRO,-50.7704492,-24.1758358,16.26,23,0.256,geocode_v0.15 (propagada)
2014,BA,2913457,78,1139,COLÉGIO MUNICIPAL LENILTO DE JESUS CANELA,CENTRO,-39.254234,-13.91616,16.25,6,0.071,4. Match Fuzzy+Bairro
2016,BA,2913457,32,1139,COLÉGIO MUNICIPAL LENILTO DE JESUS CANELA,CENTRO,-39.254234,-13.91616,16.25,6,0.071,4. Match Fuzzy+Bairro
2018,BA,2913457,32,1139,COLÉGIO MUNICIPAL LENILTO DE JESUS CANELA,CENTRO,-39.254234,-13.91616,16.25,6,0.071,4. Match Fuzzy+Bairro
2020,BA,2913457,32,1139,COLÉGIO MUNICIPAL LENILTO DE JESUS CANELA,CENTRO,-39.254234,-13.91616,16.25,6,0.071,4. Match Fuzzy+Bairro
2006,RS,4304507,14,1660,SALÃO COMUNITÁRIO SANTA LUZIA,4 DISTRITO,-52.7922034,-31.5054451,16.22,13,0.0,geocode_v0.15 (propagada)
2008,RS,4304507,14,1660,SALÃO COMUNITÁRIO SANTA LUZIA,4 DISTRITO,-52.7922034,-31.5054451,16.22,14,0.0,geocode_v0.15 (propagada)
2010,RS,4304507,14,1660,SALÃO COMUNITÁRIO SANTA LUZIA,4 DISTRITO,-52.7922034,-31.5054451,16.22,15,0.0,geocode_v0.15 (propagada)
2012,RS,4304507,14,1660,SALÃO COMUNITÁRIO SANTA LUZIA,4 DISTRITO,-52.7922034,-31.5054451,16.22,16,0.0,geocode_v0.15 (propagada)
2014,RS,4304507,14,1660,SALÃO COMUNITÁRIO SANTA LUZIA,4 DISTRITO,-52.7922034,-31.5054451,16.22,15,0.0,geocode_v0.15 (propagada)
2016,RS,4304507,14,1660,SALÃO COMUNITÁRIO SANTA LUZIA,4 DISTRITO,-52.7922034,-31.5054451,16.22,15,0.0,geocode_v0.15 (propagada)
2008,BA,2910800,156,1805,PRE-ESCOLA MUNICIPAL MAE DOS HUMILDES,DISTRITO DE HUMILDES,-38.97269791,-12.25076495,16.18,4,0.921,geocode_v0.15 (propagada)
2010,BA,2910800,156,1805,PRE-ESCOLA MUNICIPAL MAE DOS HUMILDES,DISTRITO DE HUMILDES,-38.97269791,-12.25076495,16.18,4,0.921,geocode_v0.15 (propagada)
2012,BA,2910800,156,1805,PRE-ESCOLA MUNICIPAL MAE DOS HUMILDES,DISTRITO DE HUMILDES,-38.97269791,-12.25076495,16.18,4,0.921,geocode_v0.15 (propagada)
2014,PI,2211001,97,5604,JARDIM PRE-ESCOLAR TIA FILOMENA,PARQUE PIAUI,-42.8278679,-5.002336,16.15,10,0.426,geocode_v0.15 (propagada)
2006,BA,2927408,17,1333,ESPECIAL ESCOLA NOSSA SENHORA DE FATIMA - DERBA,VALERIA,-38.5179778,-12.986263,16.12,6,1.303,geocode_v0.15 (propagada)
2006,RS,4302808,9,1465,CAPELA NOSSA SENHORA DA SALETE,CENTRO,-53.488505,-30.659841,16.1,32,0.477,geocode_v0.15 (propagada)
2008,RS,4302808,9,1465,CAPELA NOSSA SENHORA DA SALETE,CENTRO,-53.488505,-30.659841,16.1,31,0.477,geocode_v0.15 (propagada)
2010,RS,4302808,9,1465,CAPELA NOSSA SENHORA DA SALETE,CENTRO,-53.488505,-30.659841,16.1,31,0.519,geocode_v0.15 (propagada)
2012,RS,4302808,9,1465,CAPELA NOSSA SENHORA DA SALETE,CENTRO,-53.488505,-30.659841,16.1,29,0.477,geocode_v0.15 (propagada)
2010,PR,4125506,199,5500,CENTRO DE DETENCAO PROVISORIA DE SAO JOSE DOS PINHAIS,GUATUPE,-49.07783,-25.61413,16.09,4,1.236,Mantida Original (Inseguro para mover)
2010,SP,3550308,249,1430,SENAC SANTANA,SANTANA,-46.48296072,-23.56425619,16.08,13,0.761,geocode_v0.15 (propagada)
2014,BA,2927408,4,1805,ESCOLA ESTADUAL MONTEIRO LOBATO,COUTOS,-38.358828,-12.939501,16.07,3,0.0,2. Match Núcleo+Bairro
2018,CE,2308500,46,1449,ESCOLA DE ENSINO FUNDAMENTAL JOSÉ MARQUES DE SOUSA,CENTRO,-39.5565569,-5.8706163,16.07,18,0.629,1. Match ID Validado
2018,BA,2927408,4,1988,ESCOLA ESTADUAL MONTEIRO LOBATO,COUTOS,-38.358828,-12.939501,16.07,3,0.0,1. Match ID Validado
2020,CE,2308500,46,1449,ESCOLA DE ENSINO FUNDAMENTAL JOSÉ MARQUES DE SOUSA,CENTRO,-39.5565569,-5.8706163,16.07,16,0.548,1. Match ID Validado
2020,BA,2927408,4,1988,ESCOLA ESTADUAL MONTEIRO LOBATO,COUTOS,-38.358828,-12.939501,16.07,3,0.0,1. Match ID Validado
2022,CE,2308500,46,1449,ESCOLA DE ENSINO FUNDAMENTAL JOSÉ MARQUES DE SOUSA,CENTRO,-39.5565569,-5.8706163,16.07,17,0.448,Original (Não Aplicável)
2022,BA,2927408,4,1988,ESCOLA ESTADUAL MONTEIRO LOBATO,COUTOS,-38.358828,-12.939501,16.07,3,0.0,Original (Não Aplicável)
2024,BA,2927408,4,1988,ESCOLA ESTADUAL MONTEIRO LOBATO,COUTOS,-38.358828,-12.939501,16.07,3,0.0,chave_exata_2022
2024,CE,2308500,46,1449,ESCOLA DE ENSINO FUNDAMENTAL JOSÉ MARQUES DE SOUSA,CENTRO,-39.5565569,-5.8706163,16.07,16,0.548,chave_exata_2022
2006,CE,2306603,33,1031,CENTRO COMUNITARIO,CENTRO,-39.6216985,-4.5286294,16.05,5,0.193,1. Match ID Validado
2006,CE,2308500,46,1449,ESCOLA DE ENSINO FUNDAMENTAL JOSÉ MARQUES DE SOUSA,CENTRO,-39.5565569,-5.8706163,16.04,22,0.58,1. Match ID Validado
2006,RJ,3300803,49,1309,ESC MUN MIRACEMA,JAPUIBA,-42.7881895,-22.4470101,16.04,4,0.788,Mantida Original (Inseguro para mover)
2008,CE,2308500,46,1449,ESCOLA DE ENSINO FUNDAMENTAL JOSÉ MARQUES DE SOUSA,CENTRO,-39.5565569,-5.8706163,16.04,21,0.58,1. Match ID Validado
2010,CE,2308500,46,1449,ESCOLA DE ENSINO FUNDAMENTAL JOSÉ MARQUES DE SOUSA,CENTRO,-39.5565569,-5.8706163,16.04,22,0.58,1. Match ID Validado
2012,CE,2308500,46,1449,ESCOLA DE ENSINO FUNDAMENTAL JOSÉ MARQUES DE SOUSA,CENTRO,-39.5565569,-5.8706163,16.04,23,0.58,1. Match ID Validado
2014,CE,2308500,46,1449,ESCOLA DE ENSINO FUNDAMENTAL JOSÉ MARQUES DE SOUSA,CENTRO,-39.5565569,-5.8706163,16.04,23,0.58,1. Match ID Validado
2014,SE,2804904,32,1139,ESCOLA MUNICIPAL THOMAZ BISPO DOS SANTOS,CENTRO,-36.671447,-10.592897,16.04,3,0.072,2. Match Núcleo+Bairro
2016,CE,2308500,46,1449,ESCOLA DE ENSINO FUNDAMENTAL JOSÉ MARQUES DE SOUSA,CENTRO,-39.5565569,-5.8706163,16.04,22,0.541,1. Match ID Validado
2020,SE,2804904,15,1120,ESCOLA MUNICIPAL THOMAZ BISPO DOS SANTOS,CENTRO,-36.671447,-10.592897,16.04,3,0.072,1. Match ID Validado
2022,SE,2804904,15,1120,ESCOLA MUNICIPAL THOMAZ BISPO DOS SANTOS,CENTRO,-36.671447,-10.592897,16.04,3,0.072,Original (Não Aplicável)
2024,SE,2804904,15,1120,ESCOLA MUNICIPAL THOMAZ BISPO DOS SANTOS,CENTRO,-36.671447,-10.592897,16.04,3,0.072,chave_exata_2022
2006,SP,3550308,259,1171,EE. ÉRICO DE ABREU SODRÉ,CHACARA INGLESA,-46.6320683,-23.6059263,16.03,3,0.537,1. Match ID Validado
2010,SP,3550308,259,1171,EE. ÉRICO DE ABREU SODRÉ,CHACARA INGLESA,-46.6320683,-23.6059263,16.03,3,0.199,1. Match ID Validado
2012,SP,3550308,259,1171,EE. ÉRICO DE ABREU SODRÉ,CHACARA INGLESA,-46.6320683,-23.6059263,16.03,3,0.199,1. Match ID Validado
2014,SP,3550308,259,1171,EE. ÉRICO DE ABREU SODRÉ,CHACARA INGLESA,-46.6320683,-23.6059263,16.03,3,0.199,1. Match ID Validado
2016,SP,3550308,259,1171,EE. ÉRICO DE ABREU SODRÉ,CHACARA INGLESA,-46.6320683,-23.6059263,16.03,3,0.199,1. Match ID Validado
2018,SP,3550308,259,1171,EE. ÉRICO DE ABREU SODRÉ,CHACARA INGLESA,-46.6320683,-23.6059263,16.03,3,0.199,1. Match ID Validado
2020,SP,3550308,259,1171,EE. ÉRICO DE ABREU SODRÉ,CHACARA INGLESA,-46.6320683,-23.6059263,16.03,3,0.199,1. Match ID Validado
2022,SP,3550308,259,1171,EE. ÉRICO DE ABREU SODRÉ,CHACARA INGLESA,-46.6320683,-23.6059263,16.03,3,0.199,Original (Não Aplicável)
2024,SP,3550308,259,1171,EE. ÉRICO DE ABREU SODRÉ,CHACARA INGLESA,-46.6320683,-23.6059263,16.03,3,0.199,chave_exata_2022
2006,SE,2804904,32,1139,ESCOLA MUNICIPAL THOMAZ BISPO DOS SANTOS,CENTRO,-36.671447,-10.592897,16.01,5,0.094,2. Match Núcleo+Bairro
2006,BA,2927408,4,1740,ESPECIAL ESCOLA ESTADUAL MARCILIO DIAS,SAO TOME DE PARIPE,-38.6210192,-12.7721913,16.01,4,1.228,Mantida Original (Inseguro para mover)
2008,BA,2927408,4,1740,ESPECIAL ESCOLA ESTADUAL MARCILIO DIAS,SAO TOME DE PARIPE,-38.6210192,-12.7721913,16.01,4,1.228,Mantida Original (Inseguro para mover)
2010,BA,2927408,4,1740,ESPECIAL ESCOLA ESTADUAL MARCILIO DIAS,SAO TOME DE PARIPE,-38.6210192,-12.7721913,16.01,4,1.228,Mantida Original (Inseguro para mover)
2012,BA,2927408,4,1740,ESPECIAL ESCOLA ESTADUAL MARCILIO DIAS,SAO TOME DE PARIPE,-38.6210192,-12.7721913,16.01,4,1.228,Mantida Original (Inseguro para mover)
2014,BA,2927408,4,1740,ESPECIAL ESCOLA ESTADUAL MARCILIO DIAS,SAO TOME DE PARIPE,-38.6210192,-12.7721913,16.01,4,1.228,Mantida Original (Inseguro para mover)
2016,BA,2927408,4,1740,ESPECIAL ESCOLA ESTADUAL MARCILIO DIAS,SAO TOME DE PARIPE,-38.6210192,-12.7721913,16.01,4,1.228,Mantida Original (Inseguro para mover)
2018,BA,2927408,4,1740,ESPECIAL ESCOLA ESTADUAL MARCILIO DIAS,SAO TOME DE PARIPE,-38.6210192,-12.7721913,16.01,4,1.228,Mantida Original (Inseguro para mover)
2006,CE,2306603,33,1023,IGREJA DE SAO JOSE,CENTRO,-39.46914,-4.584184,15.99,5,0.229,Mantida Original (Inseguro para mover)
2006,PR,4126207,119,1074,ESCOLA MUNICIPAL OVIDIO NUNES MOREIRA,CENTRO,-50.6612644,-23.8552941,15.97,7,0.0,1. Match ID Validado
2008,PR,4126207,119,1074,ESCOLA MUNICIPAL OVIDIO NUNES MOREIRA,CENTRO,-50.6612644,-23.8552941,15.97,7,0.0,1. Match ID Validado
2006,RS,4300505,144,1236,ESCOLA MINICIPAL DE 1 G INCOMPLETO VISCONDE DO RIO BRANCO,CENTRO,-53.165465,-27.165635,15.96,20,0.253,Mantida Original (Inseguro para mover)
2006,RN,2408102,3,1813,CRECHE MUNICIPAL HAYDEE MONTEIRO BEZERRA DE MELO,PONTA NEGRA,-35.25741086,-5.76775705,15.95,7,0.703,geocode_v0.15 (propagada)
2006,PR,4126207,119,1120,ESCOLA HERONDINA GUEDES MAFFUD,CENTRO,-50.6610963,-23.8552786,15.95,7,0.0,Mantida Original (Inseguro para mover)
2008,RN,2408102,3,1813,CRECHE MUNICIPAL HAYDEE MONTEIRO BEZERRA DE MELO,PONTA NEGRA,-35.25741086,-5.76775705,15.95,7,0.703,geocode_v0.15 (propagada)
2008,PR,4126207,119,1120,ESCOLA HERONDINA GUEDES MAFFUD,CENTRO,-50.6610963,-23.8552786,15.95,7,0.0,Mantida Original (Inseguro para mover)
2012,RN,2408102,3,1856,FATERN - FACULDADE DE EXCELENCIA EDUCACIONAL DO RN,PONTA NEGRA,-35.25741086,-5.76775705,15.95,5,0.703,geocode_v0.15 (propagada)
2006,PR,4110805,141,1155,ESCOLA MUNICIPAL FRANCISCO RUIZ,CENTRO,-52.0017916666667,-24.3137033333333,15.94,7,0.337,Mantida Original (Inseguro para mover)
2008,PR,4110805,141,1155,ESCOLA MUNICIPAL FRANCISCO RUIZ,CENTRO,-52.0017916666667,-24.3137033333333,15.94,6,0.755,Mantida Original (Inseguro para mover)
2012,RS,4317509,45,1600,SALÃO COMUNITÁRIO DE COMANDAÍ,CENTRO,-54.215817,-28.164756,15.94,18,0.549,geocode_v0.15 (propagada)
2006,MG,3144003,188,1171,ESCOLA MUNICIPAL ANTONIO PEDRO SERRANO,CENTRO,-41.316439,-19.9066361,15.92,4,0.501,geocode_v0.15 (propagada)
2008,MG,3144003,188,1171,ESCOLA MUNICIPAL ANTONIO PEDRO SERRANO,CENTRO,-41.316439,-19.9066361,15.92,4,0.501,geocode_v0.15 (propagada)
2010,MG,3144003,188,1171,ESCOLA MUNICIPAL ANTONIO PEDRO SERRANO,CENTRO,-41.316439,-19.9066361,15.92,4,0.501,geocode_v0.15 (propagada)
2012,MG,3144003,188,1171,ESCOLA MUNICIPAL ANTONIO PEDRO SERRANO,CENTRO,-41.316439,-19.9066361,15.92,4,0.501,geocode_v0.15 (propagada)
2014,MG,3144003,188,1171,ESCOLA MUNICIPAL ANTONIO PEDRO SERRANO,CENTRO,-41.316439,-19.9066361,15.92,4,0.501,geocode_v0.15 (propagada)
2016,MG,3144003,188,1171,ESCOLA MUNICIPAL ANTONIO PEDRO SERRANO,CENTRO,-41.316439,-19.9066361,15.92,4,0.501,geocode_v0.15 (propagada)
2018,MG,3144003,188,1171,ESCOLA MUNICIPAL ANTONIO PEDRO SERRANO,CENTRO,-41.316439,-19.9066361,15.92,4,0.501,geocode_v0.15 (propagada)
2020,MG,3144003,188,1171,ESCOLA MUNICIPAL ANTONIO PEDRO SERRANO,CENTRO,-41.316439,-19.9066361,15.92,4,0.501,geocode_v0.15 (propagada)
2022,MG,3144003,188,1171,ESCOLA MUNICIPAL ANTONIO PEDRO SERRANO,CENTRO,-41.316439,-19.9066361,15.92,4,0.501,geocode_v0.15 (propagada)
2024,MG,3144003,188,1171,ESCOLA MUNICIPAL GERALDA JOANA COSTA DE SOUZA,CENTRO,-41.316439,-19.9066361,15.92,4,0.501,chave_exata_2022
2006,PR,4100707,128,1090,E E DO CAMPO DUQUE DE CAXIAS - EF,CENTRO,-53.3760745,-24.1557628,15.89,7,0.574,1. Match ID Validado
2008,PR,4100707,128,1090,E E DO CAMPO DUQUE DE CAXIAS - EF,CENTRO,-53.3760745,-24.1557628,15.89,7,0.574,1. Match ID Validado
2010,PR,4100707,128,1090,E E DO CAMPO DUQUE DE CAXIAS - EF,CENTRO,-53.3760745,-24.1557628,15.89,7,0.574,1. Match ID Validado
2012,PR,4100707,128,1090,E E DO CAMPO DUQUE DE CAXIAS - EF,CENTRO,-53.3760745,-24.1557628,15.89,7,0.574,1. Match ID Validado
2014,PR,4100707,128,1090,E E DO CAMPO DUQUE DE CAXIAS - EF,CENTRO,-53.3760745,-24.1557628,15.89,7,0.574,1. Match ID Validado
2016,PR,4100707,128,1090,E E DO CAMPO DUQUE DE CAXIAS - EF,CENTRO,-53.3760745,-24.1557628,15.89,7,0.574,1. Match ID Validado
2018,PR,4100707,128,1090,E E DO CAMPO DUQUE DE CAXIAS - EF,CENTRO,-53.3760745,-24.1557628,15.89,7,0.574,1. Match ID Validado
2020,PR,4100707,128,1090,E E DO CAMPO DUQUE DE CAXIAS - EF,CENTRO,-53.3760745,-24.1557628,15.89,7,0.574,1. Match ID Validado
2006,PB,2514503,40,1139,JATOBA CLUBE,CENTRO,-38.6429391,-7.1124398,15.87,10,0.171,geocode_v0.15 (propagada)
2006,RS,4317509,45,1600,SALÃO COMUNITÁRIO DE COMANDAÍ,CENTRO,-54.215817,-28.164756,15.86,19,0.633,geocode_v0.15 (propagada)
2008,RS,4317509,45,1600,SALÃO COMUNITÁRIO DE COMANDAÍ,CENTRO,-54.215817,-28.164756,15.86,17,0.634,geocode_v0.15 (propagada)
2010,RS,4317509,45,1600,SALÃO COMUNITÁRIO DE COMANDAÍ,CENTRO,-54.215817,-28.164756,15.86,17,0.634,geocode_v0.15 (propagada)
2010,BA,2927408,4,1783,ESCOLA MUNICIPAL VISCONDE DE CAIRU,PARIPE,-38.500449,-12.981037,15.85,9,0.99,1. Match ID Validado
2012,BA,2927408,4,1783,ESCOLA MUNICIPAL VISCONDE DE CAIRU,PARIPE,-38.500449,-12.981037,15.85,9,0.99,1. Match ID Validado
2016,BA,2927408,4,1783,ESCOLA MUNICIPAL VISCONDE DE CAIRU,PARIPE,-38.500449,-12.981037,15.85,7,0.428,1. Match ID Validado
2018,BA,2927408,4,1783,ESCOLA MUNICIPAL VISCONDE DE CAIRU,PARIPE,-38.500449,-12.981037,15.85,7,0.428,1. Match ID Validado
2020,BA,2927408,4,1783,ESCOLA MUNICIPAL VISCONDE DE CAIRU,PARIPE,-38.500449,-12.981037,15.85,7,0.428,1. Match ID Validado
2022,BA,2927408,4,1783,ESCOLA MUNICIPAL VISCONDE DE CAIRU,PARIPE,-38.500449,-12.981037,15.85,7,0.428,Original (Não Aplicável)
2024,BA,2927408,4,1783,ESCOLA MUNICIPAL VISCONDE DE CAIRU,PARIPE,-38.500449,-12.981037,15.85,7,0.428,chave_exata_2022
2006,CE,2306603,33,1090,EEFM ANTONIO SABINO GUERRA,CENTRO,-39.6257476,-4.5305782,15.83,5,0.193,1. Match ID Validado
2006,CE,2306603,33,1171,POSTO DE SAUDE,CENTRO,-39.46914,-4.584184,15.83,5,0.229,Mantida Original (Inseguro para mover)
2006,CE,2306603,33,1430,ESCOLA MUNICIPAL DR JOSE SABOIA,CENTRO,-39.469082,-4.584356,15.83,5,0.229,Mantida Original (Inseguro para mover)
2008,SP,3550308,259,1171,EE. ÉRICO DE ABREU SODRÉ,CHACARA INGLESA,-46.6320683,-23.6059263,15.83,4,0.657,1. Match ID Validado
2006,CE,2306603,33,1104,EMEF ADELIDIA MAGNO DE OLIVEIRA,CENTRO,-39.6224876,-4.5293129,15.82,5,0.193,1. Match ID Validado
2006,RS,4302808,9,1600,CAPELA SANTISSIMA TRINDADE,CENTRO,-53.646007,-30.560042,15.8,32,0.477,geocode_v0.15 (propagada)
2008,RS,4302808,9,1600,CAPELA SANTISSIMA TRINDADE,CENTRO,-53.646007,-30.560042,15.8,31,0.477,geocode_v0.15 (propagada)
2010,RS,4302808,9,1600,CAPELA SANTISSIMA TRINDADE,CENTRO,-53.646007,-30.560042,15.8,31,0.519,geocode_v0.15 (propagada)
2012,RS,4302808,9,1600,CAPELA SANTISSIMA TRINDADE,CENTRO,-53.646007,-30.560042,15.8,29,0.477,geocode_v0.15 (propagada)
2018,PA,1503309,6,1341,SALAO PAROQUIAL,CENTRO,-49.01492,-1.85235,15.8,4,0.283,Mantida Original (Inseguro para mover)
2006,BA,2910800,156,1805,ANEXO DO COLEGIO ANTONIO BRANDAO,DISTRITO DE HUMILDES,-38.97269791,-12.25076495,15.74,5,1.006,geocode_v0.15 (propagada)
2016,RS,4316451,154,1090,ESCOLA MUNICIPAL JOSE ANCHIETA,CENTRO,-53.067987,-29.154333,15.72,6,0.145,geocode_v0.15 (propagada)
2024,RS,4316451,154,1090,ESCOLA MUNICIPAL JOSE ANCHIETA,CENTRO,-53.067987,-29.154333,15.72,6,0.145,chave_exata_2022
2010,AP,0,5,1228,ESCOLA ESTADUAL DOM PEDRO I,CENTRO,-51.28560926,-0.11608132,15.71,3,0.429,Resgatado do TSE (Base Eleitorado)
2006,SP,3537404,88,1040,EE DO BAIRRO BELA FLORESTA,CENTRO,-51.2543264,-20.604353,15.69,3,0.225,1. Match ID Validado
2008,SP,3537404,88,1040,EE DO BAIRRO BELA FLORESTA,CENTRO,-51.2543264,-20.604353,15.69,3,0.225,1. Match ID Validado
2010,SP,3537404,88,1040,EE DO BAIRRO BELA FLORESTA,CENTRO,-51.2543264,-20.604353,15.69,3,0.225,1. Match ID Validado
2012,SP,3537404,88,1040,EE DO BAIRRO BELA FLORESTA,CENTRO,-51.2543264,-20.604353,15.69,3,0.225,1. Match ID Validado
2014,SP,3537404,88,1040,EE DO BAIRRO BELA FLORESTA,CENTRO,-51.2543264,-20.604353,15.69,3,0.225,1. Match ID Validado
2016,SP,3537404,88,1040,EE DO BAIRRO BELA FLORESTA,CENTRO,-51.2543264,-20.604353,15.69,3,0.225,1. Match ID Validado
2018,SP,3537404,88,1040,EE DO BAIRRO BELA FLORESTA,CENTRO,-51.2543264,-20.604353,15.69,3,0.225,1. Match ID Validado
2020,SP,3537404,88,1040,EE DO BAIRRO BELA FLORESTA,CENTRO,-51.2543264,-20.604353,15.69,3,0.225,1. Match ID Validado
2022,SP,3537404,88,1040,EE DO BAIRRO BELA FLORESTA,CENTRO,-51.2543264,-20.604353,15.69,3,0.225,Original (Não Aplicável)
2010,MA,2111201,47,2402,UNIDADE DE INTERNACAO MASCULINA - CENTRO DA JUVENTUDE ESPERANCA,MAIOBINHA - ZONA URBANA,-44.059121,-2.5552779,15.67,4,1.021,geocode_v0.15 (propagada)
2012,MA,2111201,47,2402,UNIDADE DE INTERNACAO MASCULINA - CENTRO DA JUVENTUDE ESPERANCA,MAIOBINHA - ZONA URBANA,-44.059121,-2.5552779,15.67,4,1.021,geocode_v0.15 (propagada)
2014,MA,2111201,47,2402,UNIDADE DE INTERNACAO MASCULINA - CENTRO DA JUVENTUDE ESPERANCA,MAIOBINHA - ZONA URBANA,-44.059121,-2.5552779,15.67,4,1.021,geocode_v0.15 (propagada)
2006,PA,1501402,96,1295,CEO - CENTRO DE ESTUDOS OBJETIVOS,UMARIZAL,-48.4555638,-1.3029857,15.65,9,0.567,geocode_v0.15 (propagada)
2006,MT,5103403,1,5514,SECRETARIA DE ESTADO DE EDUCACAO,CENTRO,-55.957272,-15.632502,15.65,10,0.45,Mantida Original (Inseguro para mover)
2008,PA,1501402,96,1295,CEO - CENTRO DE ESTUDOS OBJETIVOS,UMARIZAL,-48.4555638,-1.3029857,15.65,10,0.822,geocode_v0.15 (propagada)
2010,PA,1501402,96,1295,CEO - CENTRO DE ESTUDOS OBJETIVOS,UMARIZAL,-48.4555638,-1.3029857,15.65,10,0.822,geocode_v0.15 (propagada)
2012,PA,1501402,96,1295,CEO - CENTRO DE ESTUDOS OBJETIVOS,UMARIZAL,-48.4555638,-1.3029857,15.65,10,0.822,geocode_v0.15 (propagada)
2012,MT,5103403,1,5514,SECRETARIA DE ESTADO DE EDUCACAO,CENTRO,-55.957272,-15.632502,15.65,9,0.444,Mantida Original (Inseguro para mover)
2014,PA,1501402,96,1295,CEO - CENTRO DE ESTUDOS OBJETIVOS,UMARIZAL,-48.4555638,-1.3029857,15.65,10,0.822,geocode_v0.15 (propagada)
2016,PA,1501402,96,1295,CEO - CENTRO DE ESTUDOS OBJETIVOS,UMARIZAL,-48.4555638,-1.3029857,15.65,9,0.567,geocode_v0.15 (propagada)
2006,GO,5210307,120,1023,ESCOLA ESTADUAL DUQUE DE CAXIAS,CENTRO,-50.76998678,-16.36688622,15.63,3,0.05,geocode_v0.15 (propagada)
2008,GO,5210307,120,1023,ESCOLA ESTADUAL DUQUE DE CAXIAS,CENTRO,-50.76998678,-16.36688622,15.63,3,0.05,geocode_v0.15 (propagada)
2014,BA,2927408,4,1783,ESCOLA MUNICIPAL VISCONDE DE CAIRU,PARIPE,-38.500449,-12.981037,15.62,10,1.233,1. Match ID Validado
2014,RS,4317509,45,1600,SALÃO COMUNITÁRIO DE COMANDAÍ,CENTRO,-54.215817,-28.164756,15.62,14,0.823,geocode_v0.15 (propagada)
2016,RS,4317509,45,1600,SALÃO COMUNITÁRIO DE COMANDAÍ,CENTRO,-54.215817,-28.164756,15.62,14,0.823,geocode_v0.15 (propagada)
2024,RS,4317509,45,1600,SALÃO COMUNITÁRIO DE COMANDAÍ,CENTRO,-54.215817,-28.164756,15.62,14,0.823,chave_exata_2022
2006,BA,2921104,153,1066,ESCOLA ESTADUAL DE 1. GRAU EUGENIA VIANA RODRIGUES,CENTRO,-40.10278,-17.45379,15.59,6,0.7,Mantida Original (Inseguro para mover)
2008,BA,2921104,153,1066,ESCOLA ESTADUAL DE 1. GRAU EUGENIA VIANA RODRIGUES,CENTRO,-40.10278,-17.45379,15.59,6,0.7,Mantida Original (Inseguro para mover)
2010,BA,2921104,153,1066,ESCOLA ESTADUAL DE 1. GRAU EUGENIA VIANA RODRIGUES,CENTRO,-40.10278,-17.45379,15.59,6,0.7,Mantida Original (Inseguro para mover)
2012,BA,2921104,153,1066,ESCOLA ESTADUAL DE 1. GRAU EUGENIA VIANA RODRIGUES,CENTRO,-40.10278,-17.45379,15.59,7,0.212,Mantida Original (Inseguro para mover)
2014,BA,2921104,153,1066,ESCOLA ESTADUAL DE 1. GRAU EUGENIA VIANA RODRIGUES,CENTRO,-40.10278,-17.45379,15.59,7,0.212,Mantida Original (Inseguro para mover)
2016,BA,2921104,153,1066,ESCOLA ESTADUAL DE 1. GRAU EUGENIA VIANA RODRIGUES,CENTRO,-40.10278,-17.45379,15.59,7,0.212,Mantida Original (Inseguro para mover)
2006,RS,4318804,80,1627,ESCOLA MUNICIPAL D. PEDRO II,CENTRO,-52.131518,-31.314495,15.58,16,0.59,Mantida Original (Inseguro para mover)
2006,RS,4318804,80,1180,ESCOLA MUNICIPAL D. PEDRO I,CENTRO,-52.131389,-31.314444,15.57,16,0.59,geocode_v0.15 (propagada)
2006,CE,2308708,47,1600,EEB JOSE NOGUEIRA DE QUEIROZ,ROLDAO,-38.62399779,-5.27923126,15.56,6,0.153,1. Match ID Validado
2008,CE,2308708,47,1600,EEB JOSE NOGUEIRA DE QUEIROZ,ROLDAO,-38.62399779,-5.27923126,15.56,6,0.153,1. Match ID Validado
2010,CE,2308708,47,1600,EEB JOSE NOGUEIRA DE QUEIROZ,ROLDAO,-38.62399779,-5.27923126,15.56,6,0.153,1. Match ID Validado
2006,PE,2607901,11,1252,ESCOLA MUNICIPAL POETA VINICIUS DE MORAES,VILA RICA,-34.93200372,-8.22467416,15.53,3,0.113,geocode_v0.15 (propagada)
2008,PE,2607901,11,1252,ESCOLA MUNICIPAL POETA VINICIUS DE MORAES,VILA RICA,-34.93200372,-8.22467416,15.53,3,0.113,geocode_v0.15 (propagada)
2012,PE,2606903,66,1244,ESCOLA MUNICIPAL PROFESSORA JUDITE BEZERRA DA SILVA,CENTRO,-37.3738331,-7.8327331,15.53,5,0.469,1. Match ID Validado
2014,PE,2606903,66,1244,ESCOLA MUNICIPAL PROFESSORA JUDITE BEZERRA DA SILVA,CENTRO,-37.3738331,-7.8327331,15.53,5,0.469,1. Match ID Validado
2016,PE,2606903,66,1244,ESCOLA MUNICIPAL PROFESSORA JUDITE BEZERRA DA SILVA,CENTRO,-37.3738331,-7.8327331,15.53,5,0.469,1. Match ID Validado
2018,PE,2606903,66,1244,ESCOLA MUNICIPAL PROFESSORA JUDITE BEZERRA DA SILVA,CENTRO,-37.3738331,-7.8327331,15.53,5,0.469,1. Match ID Validado
2020,PE,2606903,66,1244,ESCOLA MUNICIPAL PROFESSORA JUDITE BEZERRA DA SILVA,CENTRO,-37.3738331,-7.8327331,15.53,5,0.469,1. Match ID Validado
2022,PE,2606903,66,1244,ESCOLA MUNICIPAL PROFESSORA JUDITE BEZERRA DA SILVA,CENTRO,-37.3738331,-7.8327331,15.53,5,0.469,Original (Não Aplicável)
2006,PE,2606903,66,1228,GINASIO JOAQUIM ALVES DE FREITAS,CENTRO,-37.373998,-7.8320867,15.51,4,0.469,1. Match ID Validado
2006,SP,3508009,53,1023,EMEF. RURAL (E) ESTAÇÃO DE ARACAÇU,CENTRO,-48.478703,-23.7126017,15.51,3,0.574,1. Match ID Validado
2008,PE,2606903,66,1228,GINASIO JOAQUIM ALVES DE FREITAS,CENTRO,-37.373998,-7.8320867,15.51,4,0.469,1. Match ID Validado
2008,SP,3508009,53,1023,EMEF. RURAL (E) ESTAÇÃO DE ARACAÇU,CENTRO,-48.478703,-23.7126017,15.51,3,0.574,1. Match ID Validado
2010,PE,2606903,66,1228,GINASIO JOAQUIM ALVES DE FREITAS,CENTRO,-37.373998,-7.8320867,15.51,4,0.469,1. Match ID Validado
2010,SP,3508009,53,1023,EMEF. RURAL (E) ESTAÇÃO DE ARACAÇU,CENTRO,-48.478703,-23.7126017,15.51,3,0.574,1. Match ID Validado
2012,PE,2606903,66,1228,GINASIO JOAQUIM ALVES DE FREITAS,CENTRO,-37.373998,-7.8320867,15.51,5,0.469,1. Match ID Validado
2012,SP,3508009,53,1023,EMEF. RURAL (E) ESTAÇÃO DE ARACAÇU,CENTRO,-48.478703,-23.7126017,15.51,3,0.574,1. Match ID Validado
2014,PE,2606903,66,1228,GINASIO JOAQUIM ALVES DE FREITAS,CENTRO,-37.373998,-7.8320867,15.51,5,0.469,1. Match ID Validado
2014,SP,3508009,53,1023,EMEF. RURAL (E) ESTAÇÃO DE ARACAÇU,CENTRO,-48.478703,-23.7126017,15.51,3,0.574,1. Match ID Validado
2016,PE,2606903,66,1228,GINASIO JOAQUIM ALVES DE FREITAS,CENTRO,-37.373998,-7.8320867,15.51,5,0.469,1. Match ID Validado
2016,SP,3508009,53,1023,EMEF. RURAL (E) ESTAÇÃO DE ARACAÇU,CENTRO,-48.478703,-23.7126017,15.51,3,0.574,1. Match ID Validado
2018,PA,1507003,36,1252,EMEF ALUÍSIO DA COSTA CHAVES,CENTRO,-48.1355833,-1.1545577,15.51,3,0.087,geocode_v0.15 (propagada)
2018,PE,2606903,66,1228,GINASIO JOAQUIM ALVES DE FREITAS,CENTRO,-37.373998,-7.8320867,15.51,5,0.469,1. Match ID Validado
2018,SP,3508009,53,1023,EMEF. RURAL (E) ESTAÇÃO DE ARACAÇU,CENTRO,-48.478703,-23.7126017,15.51,3,0.574,1. Match ID Validado
2020,PA,1507003,36,1252,EMEF ALUÍSIO DA COSTA CHAVES,CENTRO,-48.1355833,-1.1545577,15.51,3,0.087,geocode_v0.15 (propagada)
2020,PE,2606903,66,1228,GINASIO JOAQUIM ALVES DE FREITAS,CENTRO,-37.373998,-7.8320867,15.51,5,0.469,1. Match ID Validado
2020,SP,3508009,53,1023,EMEF. RURAL (E) ESTAÇÃO DE ARACAÇU,CENTRO,-48.478703,-23.7126017,15.51,3,0.574,1. Match ID Validado
2022,PA,1507003,36,1252,EMEF ALUÍSIO DA COSTA CHAVES,CENTRO,-48.1355833,-1.1545577,15.51,3,0.087,geocode_v0.15 (propagada)
2022,PE,2606903,66,1228,GINASIO JOAQUIM ALVES DE FREITAS,CENTRO,-37.373998,-7.8320867,15.51,5,0.469,Original (Não Aplicável)
2022,SP,3508009,53,1023,EMEF. RURAL (E) ESTAÇÃO DE ARACAÇU,CENTRO,-48.478703,-23.7126017,15.51,3,0.574,Original (Não Aplicável)
2024,PA,1507003,36,1252,EMEF ALUÍSIO DA COSTA CHAVES,CENTRO,-48.1355833,-1.1545577,15.51,3,0.087,chave_exata_2022
2024,PE,2606903,66,1228,GINASIO JOAQUIM ALVES DE FREITAS,CENTRO,-37.373998,-7.8320867,15.51,3,0.289,chave_exata_2022
2024,SP,3508009,215,1023,EMEF. (RURAL) ESTAÇÃO DE ARACAÇU,CENTRO,-48.478703,-23.7126017,15.51,3,0.574,mesmo_municipio_endereco
2006,PA,1501204,35,1155,EMEF MANOEL FERREIRA DO ESPIRITO SANTO,CENTRO,-49.65105883,-2.92871443,15.49,5,0.209,1. Match ID Validado
2008,PA,1501204,35,1155,EMEF MANOEL FERREIRA DO ESPIRITO SANTO,CENTRO,-49.65105883,-2.92871443,15.49,5,0.209,1. Match ID Validado
2010,PA,1501204,35,1155,EMEF MANOEL FERREIRA DO ESPIRITO SANTO,CENTRO,-49.65105883,-2.92871443,15.49,5,0.209,1. Match ID Validado
2012,PA,1501204,35,1155,EMEF MANOEL FERREIRA DO ESPIRITO SANTO,CENTRO,-49.65105883,-2.92871443,15.49,5,0.209,1. Match ID Validado
2014,PA,1501204,35,1155,EMEF MANOEL FERREIRA DO ESPIRITO SANTO,CENTRO,-49.65105883,-2.92871443,15.49,5,0.209,1. Match ID Validado
2016,PA,1501204,35,1155,EMEF MANOEL FERREIRA DO ESPIRITO SANTO,CENTRO,-49.65105883,-2.92871443,15.49,5,0.209,1. Match ID Validado
2018,PA,1501204,35,1155,EMEF MANOEL FERREIRA DO ESPIRITO SANTO,CENTRO,-49.65105883,-2.92871443,15.49,5,0.097,1. Match ID Validado
2020,PA,1501204,35,1155,EMEF MANOEL FERREIRA DO ESPIRITO SANTO,CENTRO,-49.65105883,-2.92871443,15.49,5,0.097,1. Match ID Validado
2022,PA,1501204,35,1155,EMEF MANOEL FERREIRA DO ESPIRITO SANTO,CENTRO,-49.65105883,-2.92871443,15.49,5,0.097,Original (Não Aplicável)
2024,BA,2905206,63,1970,ESCOLA MUNICIPAL 25 DE DEZEMBRO,DISTRITO CALDEIRAS,-42.712557,-13.614315,15.48,3,0.29,chave_exata_2022
2012,CE,2308708,47,1600,EEB JOSE NOGUEIRA DE QUEIROZ,ROLDAO,-38.62399779,-5.27923126,15.47,4,0.233,1. Match ID Validado
2014,CE,2308708,47,1600,EEB JOSE NOGUEIRA DE QUEIROZ,ROLDAO,-38.62399779,-5.27923126,15.47,4,0.233,1. Match ID Validado
2016,CE,2308708,47,1600,EEB JOSE NOGUEIRA DE QUEIROZ,ROLDAO,-38.62399779,-5.27923126,15.47,4,0.233,1. Match ID Validado
2018,CE,2308708,47,1600,EEB JOSE NOGUEIRA DE QUEIROZ,ROLDAO,-38.62399779,-5.27923126,15.47,4,0.233,1. Match ID Validado
2020,CE,2308708,47,1600,EEB JOSE NOGUEIRA DE QUEIROZ,ROLDAO,-38.62399779,-5.27923126,15.47,3,0.233,1. Match ID Validado
2006,RJ,3304557,164,1180,ESCOLA SAO MIGUEL LTDA,CATUMBI,-43.3068651,-22.8263238,15.46,3,0.058,geocode_v0.15 (propagada)
2008,RJ,3304557,164,1180,ESCOLA SAO MIGUEL LTDA,CATUMBI,-43.3068651,-22.8263238,15.46,3,0.058,geocode_v0.15 (propagada)
2012,RJ,3304557,189,1171,INSTITUTO EDUCACIONAL TEREZINHA DE JESUS,PENHA CIRCULAR,-43.3534969,-22.9606674,15.45,16,1.227,geocode_v0.15 (propagada)
2016,RJ,3304557,189,1171,INSTITUTO EDUCACIONAL TEREZINHA DE JESUS,PENHA CIRCULAR,-43.3534969,-22.9606674,15.45,13,0.982,geocode_v0.15 (propagada)
2018,RJ,3304557,188,1384,INSTITUTO EDUCACIONAL TEREZINHA DE JESUS,PENHA CIRCULAR,-43.3534969,-22.9606674,15.45,14,1.193,geocode_v0.15 (propagada)
2012,MA,2111201,47,5506,GREMIO RECREATIVO RIBAMARENSE,CENTRO - ZONA URBANA,-44.1849849,-2.5023189,15.44,11,0.695,geocode_v0.15 (propagada)
2014,PR,4101408,28,1228,ESCOLA MUNICIPAL PROFESSOR WILSON DE AZEVEDO,CENTRO,-51.585898,-23.481291,15.44,6,1.379,Mantida Original (Inseguro para mover)
2006,BA,2911907,193,1082,GRUPO ESCOLAR JOSÉ DOS REIS ALMEIDA,DISTRITO JOÃO AMARO,-40.213125,-12.7644698,15.43,4,0.847,1. Match ID Validado
2006,MG,3135209,148,1902,ESCOLA ESTADUAL ANTÔNIO FERNANDES VIANA / CAMPOS,TEJUCO,-44.707855,-15.577927,15.43,10,0.141,1. Match ID Validado
2008,BA,2911907,193,1082,GRUPO ESCOLAR JOSÉ DOS REIS ALMEIDA,DISTRITO JOÃO AMARO,-40.213125,-12.7644698,15.43,4,0.847,1. Match ID Validado
2008,MG,3135209,148,1902,ESCOLA ESTADUAL ANTÔNIO FERNANDES VIANA / CAMPOS,TEJUCO,-44.707855,-15.577927,15.43,10,0.141,1. Match ID Validado
2010,BA,2911907,193,1082,GRUPO ESCOLAR JOSÉ DOS REIS ALMEIDA,DISTRITO JOÃO AMARO,-40.213125,-12.7644698,15.43,4,0.847,1. Match ID Validado
2012,BA,2911907,193,1082,GRUPO ESCOLAR JOSÉ DOS REIS ALMEIDA,DISTRITO JOÃO AMARO,-40.213125,-12.7644698,15.43,4,0.847,1. Match ID Validado
2014,BA,2911907,193,1082,GRUPO ESCOLAR JOSÉ DOS REIS ALMEIDA,DISTRITO JOÃO AMARO,-40.213125,-12.7644698,15.43,4,0.847,1. Match ID Validado
2016,BA,2911907,193,1082,GRUPO ESCOLAR JOSÉ DOS REIS ALMEIDA,DISTRITO JOÃO AMARO,-40.213125,-12.7644698,15.43,4,0.847,1. Match ID Validado
2018,BA,2911907,193,1082,GRUPO ESCOLAR JOSÉ DOS REIS ALMEIDA,DISTRITO JOÃO AMARO,-40.213125,-12.7644698,15.43,4,0.847,1. Match ID Validado
2020,BA,2911907,193,1082,GRUPO ESCOLAR JOSÉ DOS REIS ALMEIDA,DISTRITO JOÃO AMARO,-40.213125,-12.7644698,15.43,4,0.847,1. Match ID Validado
2022,BA,2911907,193,1082,GRUPO ESCOLAR JOSÉ DOS REIS ALMEIDA,DISTRITO JOÃO AMARO,-40.213125,-12.7644698,15.43,4,0.847,Original (Não Aplicável)
2024,BA,2911907,193,1082,GRUPO ESCOLAR JOSÉ DOS REIS ALMEIDA,DISTRITO JOÃO AMARO,-40.213125,-12.7644698,15.43,4,0.847,chave_exata_2022
2016,PA,1507003,8,1066,EEEM INÁCIO MOURA,CENTRO,-48.1648105,-1.3013939,15.4,3,0.177,geocode_v0.15 (propagada)
2016,RJ,3304557,9,1325,COLÉGIO MX,RECREIO,-43.3465232,-22.939413,15.4,10,1.073,geocode_v0.15 (propagada)
2010,PR,4101408,150,1090,ESCOLA MUNICIPAL MANOEL RIBAS,CENTRO,-51.4604066615632,-23.6911630341921,15.38,11,0.763,Mantida Original (Inseguro para mover)
2012,PR,4101408,150,1090,ESCOLA MUNICIPAL MANOEL RIBAS,CENTRO,-51.4604066615632,-23.6911630341921,15.38,11,0.763,Mantida Original (Inseguro para mover)
2018,DF,5300108,16,1350,CENTRO EDUCACIONAL 04 (CURRALINHO),BRAZLANDIA,-48.1905073,-15.5343677,15.36,17,1.499,1. Match ID Validado
2022,DF,5300108,16,1350,CENTRO EDUCACIONAL 04 (CURRALINHO),BRAZLANDIA,-48.1905073,-15.5343677,15.36,18,1.499,Original (Não Aplicável)
2012,MA,2100303,5,1163,CRAS - HUMBERTO COSTA PINTO,CENTRO - ZONA URBANA,-43.6097237,-4.6231831,15.33,8,0.251,Mantida Original (Inseguro para mover)
2014,MA,2100303,5,1163,CRAS - HUMBERTO COSTA PINTO,CENTRO - ZONA URBANA,-43.6097237,-4.6231831,15.33,8,0.251,Mantida Original (Inseguro para mover)
2016,MA,2100303,5,1163,CRAS - HUMBERTO COSTA PINTO,CENTRO - ZONA URBANA,-43.6097237,-4.6231831,15.33,8,0.251,Mantida Original (Inseguro para mover)
2018,PA,1507003,36,1066,EEEM INÁCIO MOURA,CENTRO,-48.1648105,-1.3013939,15.33,3,0.225,geocode_v0.15 (propagada)
2020,PA,1507003,36,1066,EEEM INÁCIO MOURA,CENTRO,-48.1648105,-1.3013939,15.33,3,0.225,geocode_v0.15 (propagada)
2022,PA,1507003,36,1066,EEEM INÁCIO MOURA,CENTRO,-48.1648105,-1.3013939,15.33,3,0.225,geocode_v0.15 (propagada)
2024,PA,1507003,36,1066,EEEM INÁCIO MOURA,CENTRO,-48.1648105,-1.3013939,15.33,3,0.225,chave_exata_2022
2006,PR,4114609,121,1651,ESCOLA MUNICIPAL VITOR MEIRELES,CENTRO,-54.1096366666667,-24.6853316666667,15.31,4,0.668,Mantida Original (Inseguro para mover)
2008,PR,4114609,121,1651,ESCOLA MUNICIPAL VITOR MEIRELES,CENTRO,-54.1096366666667,-24.6853316666667,15.31,4,0.668,Mantida Original (Inseguro para mover)
2010,PR,4114609,121,1651,ESCOLA MUNICIPAL VITOR MEIRELES,CENTRO,-54.1096366666667,-24.6853316666667,15.31,4,0.668,Mantida Original (Inseguro para mover)
2006,MG,3162450,166,1082,ESCOLA ESTADUAL BUKINUK - ALDEIA SUMARÉ,AREA INDIGENA XACRIABA,-44.266887,-14.8952403,15.3,3,0.12,geocode_v0.15 (propagada)
2006,MG,3128402,124,1066,SINDICATO RURAL DE GUARANI,CENTRO,-43.1250822,-21.4754386,15.29,9,0.069,geocode_v0.15 (propagada)
2006,MG,3128402,124,1104,ESCOLA MUNICIPAL FRANCISCO PEIXOTO,CENTRO,-43.1250813,-21.4754445,15.29,9,0.069,geocode_v0.15 (propagada)
2008,MG,3128402,124,1066,SINDICATO RURAL DE GUARANI,CENTRO,-43.1250822,-21.4754386,15.29,9,0.069,geocode_v0.15 (propagada)
2008,MG,3128402,124,1104,ESCOLA MUNICIPAL FRANCISCO PEIXOTO,CENTRO,-43.1250813,-21.4754445,15.29,9,0.069,geocode_v0.15 (propagada)
2010,MG,3128402,124,1066,SINDICATO RURAL DE GUARANI,CENTRO,-43.1250822,-21.4754386,15.29,9,0.04,geocode_v0.15 (propagada)
2010,MG,3128402,124,1104,ESCOLA MUNICIPAL FRANCISCO PEIXOTO,CENTRO,-43.1250813,-21.4754445,15.29,9,0.04,geocode_v0.15 (propagada)
2012,RO,1100205,24,1562,ASS. DE MORADORES DA LINHA 01,DIST. UNIAO BANDEIRANTE,-64.5149607,-9.5738221,15.29,3,0.963,geocode_v0.15 (propagada)
2012,MG,3128402,124,1066,SINDICATO RURAL DE GUARANI,CENTRO,-43.1250822,-21.4754386,15.29,9,0.04,geocode_v0.15 (propagada)
2012,MG,3128402,124,1104,ESCOLA MUNICIPAL FRANCISCO PEIXOTO,CENTRO,-43.1250813,-21.4754445,15.29,9,0.04,geocode_v0.15 (propagada)
2014,RO,1100205,24,1562,ASS. DE MORADORES DA LINHA 01,DIST. UNIAO BANDEIRANTE,-64.5149607,-9.5738221,15.29,3,0.963,geocode_v0.15 (propagada)
2014,MG,3128402,124,1066,SINDICATO RURAL DE GUARANI,CENTRO,-43.1250822,-21.4754386,15.29,9,0.04,geocode_v0.15 (propagada)
2014,MG,3128402,124,1104,ESCOLA MUNICIPAL FRANCISCO PEIXOTO,CENTRO,-43.1250813,-21.4754445,15.29,9,0.04,geocode_v0.15 (propagada)
2016,RO,1100205,24,1562,MORADORES DA LINHA 01 - ASSOCIACAO,DISTRITO UNIAO BANDEIRANTE,-64.5149607,-9.5738221,15.29,3,0.963,geocode_v0.15 (propagada)
2018,RO,1100205,6,1570,MORADORES DA LINHA 01 - ASSOCIAÇÃO - DISTRITO UNIAO BANDEIRANTE,DISTRITO UNIAO BANDEIRANTE,-64.5149607,-9.5738221,15.29,3,0.963,1. Match ID Validado
2018,PA,1507003,36,1090,EEEF MAJOR CORNÉLIO PEIXOTO,CENTRO,-48.1328333,-1.1512898,15.29,3,0.087,geocode_v0.15 (propagada)
2018,PA,1507003,36,1287,EEEM CELSO RODRIGUES,CENTRO,-48.1652706,-1.3011846,15.29,3,0.225,geocode_v0.15 (propagada)
2020,RO,1100205,6,1570,MORADORES DA LINHA 01 - ASSOCIAÇÃO - DISTRITO UNIAO BANDEIRANTE,DISTRITO UNIAO BANDEIRANTE,-64.5149607,-9.5738221,15.29,3,0.963,1. Match ID Validado
2020,PA,1507003,36,1090,EEEF MAJOR CORNÉLIO PEIXOTO,CENTRO,-48.1328333,-1.1512898,15.29,3,0.087,geocode_v0.15 (propagada)
2020,PA,1507003,36,1287,EEEM CELSO RODRIGUES,CENTRO,-48.1652706,-1.3011846,15.29,3,0.225,geocode_v0.15 (propagada)
2022,RO,1100205,6,1570,MORADORES DA LINHA 01 - ASSOCIAÇÃO - DISTRITO UNIAO BANDEIRANTE,DISTRITO UNIAO BANDEIRANTE,-64.5149607,-9.5738221,15.29,3,0.963,Original (Não Aplicável)
2022,PA,1507003,36,1090,EEEF MAJOR CORNÉLIO PEIXOTO,CENTRO,-48.1328333,-1.1512898,15.29,3,0.087,geocode_v0.15 (propagada)
2022,PA,1507003,36,1287,EEEM CELSO RODRIGUES,CENTRO,-48.1652706,-1.3011846,15.29,3,0.225,geocode_v0.15 (propagada)
2024,PA,1507003,36,1090,EEEF MAJOR CORNÉLIO PEIXOTO,CENTRO,-48.1328333,-1.1512898,15.29,3,0.087,chave_exata_2022
2024,PA,1507003,36,1287,EEEM CELSO RODRIGUES,CENTRO,-48.1652706,-1.3011846,15.29,3,0.225,chave_exata_2022
2024,RO,1100205,6,1570,MORADORES DA LINHA 01 - ASSOCIAÇÃO - DISTRITO UNIAO BANDEIRANTE,DISTRITO UNIAO BANDEIRANTE,-64.5149607,-9.5738221,15.29,3,0.963,chave_exata_2022
2016,PA,1507003,8,1090,EEEF MAJOR CORNÉLIO PEIXOTO,CENTRO,-48.1328333,-1.1512898,15.28,3,0.205,geocode_v0.15 (propagada)
2006,SP,3540200,135,1031,EE PROFA DOLORES MARTINS DE CASTRO,CENTRO,-47.9889935,-20.8964674,15.27,5,0.541,geocode_v0.15 (propagada)
2008,SP,3540200,135,1031,EE PROFA DOLORES MARTINS DE CASTRO,CENTRO,-47.9889935,-20.8964674,15.27,5,0.541,geocode_v0.15 (propagada)
2010,SP,3540200,135,1031,EE PROFA DOLORES MARTINS DE CASTRO,CENTRO,-47.9889935,-20.8964674,15.27,5,0.541,geocode_v0.15 (propagada)
2012,SP,3540200,135,1031,EE PROFA DOLORES MARTINS DE CASTRO,CENTRO,-47.9889935,-20.8964674,15.27,5,0.541,geocode_v0.15 (propagada)
2014,SP,3540200,135,1031,EE PROFA DOLORES MARTINS DE CASTRO,CENTRO,-47.9889935,-20.8964674,15.27,5,0.541,geocode_v0.15 (propagada)
2016,SP,3540200,135,1031,EE PROFA DOLORES MARTINS DE CASTRO,CENTRO,-47.9889935,-20.8964674,15.27,5,0.541,geocode_v0.15 (propagada)
2018,SP,3540200,135,1031,EE PROFA DOLORES MARTINS DE CASTRO,CENTRO,-47.9889935,-20.8964674,15.27,5,0.541,geocode_v0.15 (propagada)
2020,SP,3540200,135,1031,EE PROFA DOLORES MARTINS DE CASTRO,CENTRO,-47.9889935,-20.8964674,15.27,6,0.541,geocode_v0.15 (propagada)
2022,SP,3540200,135,1031,EE PROFA DOLORES MARTINS DE CASTRO,CENTRO,-47.9889935,-20.8964674,15.27,6,0.541,geocode_v0.15 (propagada)
2024,SP,3540200,135,1031,EE PROFA DOLORES MARTINS DE CASTRO,CENTRO,-47.9889935,-20.8964674,15.27,6,0.541,chave_exata_2022
2006,RJ,3304557,14,1511,ESCOLA ESPECIAL MUNICIPAL MAURICIO DE MEDEIROS,PIEDADE,-43.1996539,-22.7984508,15.26,14,0.866,geocode_v0.15 (propagada)
2008,RJ,3304557,14,1511,ESCOLA ESPECIAL MUNICIPAL MAURICIO DE MEDEIROS,PIEDADE,-43.1996539,-22.7984508,15.26,14,0.866,geocode_v0.15 (propagada)
2010,RJ,3304557,14,1511,ESCOLA ESPECIAL MUNICIPAL MAURICIO DE MEDEIROS,PIEDADE,-43.1996539,-22.7984508,15.26,13,0.713,geocode_v0.15 (propagada)
2016,MG,3128402,124,1066,SINDICATO RURAL DE GUARANI,CENTRO,-43.1250822,-21.4754386,15.26,5,0.096,geocode_v0.15 (propagada)
2016,MG,3128402,124,1104,ESCOLA MUNICIPAL FRANCISCO PEIXOTO,CENTRO,-43.1250813,-21.4754445,15.26,5,0.096,geocode_v0.15 (propagada)
2018,MG,3128402,235,1040,SINDICATO RURAL DE GUARANI,CENTRO,-43.1250822,-21.4754386,15.26,5,0.096,geocode_v0.15 (propagada)
2018,MG,3128402,235,1058,ESCOLA MUNICIPAL FRANCISCO PEIXOTO,CENTRO,-43.1250813,-21.4754445,15.26,5,0.096,geocode_v0.15 (propagada)
2020,MG,3128402,235,1040,SINDICATO RURAL DE GUARANI,CENTRO,-43.1250822,-21.4754386,15.26,5,0.096,geocode_v0.15 (propagada)
2020,MG,3128402,235,1058,ESCOLA MUNICIPAL FRANCISCO PEIXOTO,CENTRO,-43.1250813,-21.4754445,15.26,5,0.096,geocode_v0.15 (propagada)
2022,MG,3128402,235,1058,ESCOLA MUNICIPAL FRANCISCO PEIXOTO,CENTRO,-43.1250813,-21.4754445,15.26,5,0.096,geocode_v0.15 (propagada)
2022,MG,3128402,235,1040,SINDICATO RURAL DE GUARANI,CENTRO,-43.1250822,-21.4754386,15.26,5,0.096,geocode_v0.15 (propagada)
2024,MG,3128402,235,1040,SINDICATO RURAL DE GUARANI,CENTRO,-43.1250822,-21.4754386,15.26,5,0.096,chave_exata_2022
2024,MG,3128402,235,1058,ESCOLA MUNICIPAL FRANCISCO PEIXOTO,CENTRO,-43.1250813,-21.4754445,15.26,5,0.096,chave_exata_2022
2006,BA,2900702,163,1147,COLEGIO JURILDA SANTANA,CENTRO,-38.417898,-12.004767,15.25,13,1.062,Mantida Original (Inseguro para mover)
2006,RS,4318309,49,1597,ESCOLA MUNICIPAL JERONIMO MACHADO,TIARAJU,-54.336053,-30.110293,15.24,3,0.186,geocode_v0.15 (propagada)
2012,RS,4318309,49,1597,ESCOLA MUNICIPAL JERONIMO MACHADO,TIARAJU,-54.336053,-30.110293,15.24,3,0.186,geocode_v0.15 (propagada)
2006,AM,1302603,37,1155,GRUPO ESCOLAR SANTA TEREZINHA,ALEIXO,-59.99684628,-2.96553339,15.21,4,0.803,geocode_v0.15 (propagada)
2006,RJ,3301009,100,1449,ESCOLA MUNICIPAL CALIFORNIA,SANTA MARIA 18 DISTRITO,-41.5624331,-21.3553041,15.21,3,0.143,geocode_v0.15 (propagada)
2006,GO,5208707,127,1392,ESCOLA MUNICIPAL RENASCER (ANTIGO CENTRO DE FORMACAO PAULO FREIRE),SETOR BUENO,-49.38872438,-16.77990522,15.21,9,1.395,geocode_v0.15 (propagada)
2008,AM,1302603,37,1155,GRUPO ESCOLAR SANTA TEREZINHA,ALEIXO,-59.99684628,-2.96553339,15.21,4,0.803,geocode_v0.15 (propagada)
2008,RJ,3301009,100,1449,ESCOLA MUNICIPAL CALIFORNIA,SANTA MARIA 18 DISTRITO,-41.5624331,-21.3553041,15.21,3,0.143,geocode_v0.15 (propagada)
2008,GO,5208707,127,1392,ESCOLA MUNICIPAL RENASCER,SETOR BUENO,-49.38872438,-16.77990522,15.21,9,1.395,geocode_v0.15 (propagada)
2010,RJ,3301009,100,1449,ESCOLA MUNICIPAL CALIFORNIA,SANTA MARIA 18 DISTRITO,-41.5624331,-21.3553041,15.21,3,0.143,geocode_v0.15 (propagada)
2012,RJ,3301009,100,1449,ESCOLA MUNICIPAL CALIFORNIA,SANTA MARIA 18 DISTRITO,-41.5624331,-21.3553041,15.21,3,0.143,geocode_v0.15 (propagada)
2014,RJ,3301009,100,1449,ESCOLA MUNICIPAL CALIFORNIA,SANTA MARIA 18 DISTRITO,-41.5624331,-21.3553041,15.21,3,0.143,geocode_v0.15 (propagada)
2010,RO,1100254,14,1155,ESC. FLORESTAN FERNANDES,CENTRO,-61.98494328,-11.28345161,15.2,4,1.504,geocode_v0.15 (propagada)
2012,RO,1100254,14,1155,ESC. FLORESTAN FERNANDES,CENTRO,-61.98494328,-11.28345161,15.2,4,1.504,geocode_v0.15 (propagada)
2006,RJ,3304557,176,1104,CIEP GRACILIANO RAMOS,JARDIM AMERICA,-43.4631336,-22.8478266,15.19,5,0.477,geocode_v0.15 (propagada)
2008,RJ,3304557,176,1104,CIEP GRACILIANO RAMOS,JARDIM AMERICA,-43.4631336,-22.8478266,15.19,5,0.477,geocode_v0.15 (propagada)
2016,PA,1507003,8,1287,EEEM CELSO RODRIGUES,CENTRO,-48.1652706,-1.3011846,15.19,3,0.177,geocode_v0.15 (propagada)
2018,CE,2310308,19,1287,ESCOLA MANOEL DE SOUSA - ANEXO,CENTRO,-40.5831837,-6.2894097,15.19,5,0.097,1. Match ID Validado
2020,CE,2310308,19,1287,ESCOLA MANOEL DE SOUSA - ANEXO,CENTRO,-40.5831837,-6.2894097,15.19,5,0.097,1. Match ID Validado
2022,CE,2310308,19,1287,ESCOLA MANOEL DE SOUSA - ANEXO,CENTRO,-40.5831837,-6.2894097,15.19,5,0.097,Original (Não Aplicável)
2024,CE,2310308,19,1287,ESCOLA MANOEL DE SOUSA - ANEXO,CENTRO,-40.5831837,-6.2894097,15.19,5,0.097,chave_exata_2022
2006,RO,1100254,14,1155,ESC. FLORESTAN FERNANDES,CENTRO,-61.98494328,-11.28345161,15.17,8,0.88,geocode_v0.15 (propagada)
2008,RO,1100254,14,1155,ESC. FLORESTAN FERNANDES,CENTRO,-61.98494328,-11.28345161,15.17,8,0.88,geocode_v0.15 (propagada)
2006,RS,4302808,9,1287,CENTRO COMUNITARIO RINCAO DE LOURDES,CENTRO,-53.449075,-30.383816,15.14,32,0.477,geocode_v0.15 (propagada)
2008,RS,4302808,9,1287,CENTRO COMUNITARIO RINCAO DE LOURDES,CENTRO,-53.449075,-30.383816,15.14,31,0.477,geocode_v0.15 (propagada)
2010,RS,4302808,9,1287,CENTRO COMUNITARIO RINCAO DE LOURDES,CENTRO,-53.449075,-30.383816,15.14,31,0.519,geocode_v0.15 (propagada)
2012,RS,4302808,9,1287,CENTRO COMUNITARIO RINCAO DE LOURDES,CENTRO,-53.449075,-30.383816,15.14,29,0.477,geocode_v0.15 (propagada)
2006,RJ,3302502,148,1406,POSTO DE SAUDE DE PIABETA,CENTRO,-43.177022,-22.6074815,15.13,26,0.459,Mantida Original (Inseguro para mover)
2014,AM,1302603,65,1643,E. E. SEBASTIAO NOROES,NOVA CIDADE,-60.0653512,-3.1105179,15.13,7,0.831,
2012,MA,2111201,47,5501,COLEGIO NESTOR CONCEICAO,CENTRO - ZONA URBANA,-44.1930257,-2.5503156,15.12,11,0.695,geocode_v0.15 (propagada)
2018,DF,5300108,16,1341,ESCOLA CLASSE ALMECEGAS,BRAZLANDIA,-48.1687854,-15.5388316,15.11,17,1.499,1. Match ID Validado
2022,DF,5300108,16,1341,ESCOLA CLASSE ALMECEGAS,BRAZLANDIA,-48.1687854,-15.5388316,15.11,18,1.194,Original (Não Aplicável)
2006,RJ,3302502,148,1376,COLEGIO MILENIUM,CENTRO,-43.1776307,-22.6096529,15.1,26,0.459,1. Match ID Validado
2006,RJ,3302502,148,1252,SALAO PAROQUIAL DA IGREJA N. S. APARECIDA,CENTRO,-43.177878,-22.610657,15.08,26,0.459,Mantida Original (Inseguro para mover)
2006,SP,3524303,61,1066,EE FLORASSU FERNANDES DOS SANTOS,CENTRO,-48.2775213,-21.1285951,15.08,6,0.841,1. Match ID Validado
2006,PR,4109609,161,1198,RIOZINHO,CENTRO,-48.7261167,-25.8732493,15.08,3,0.541,geocode_v0.15 (propagada)
2006,RS,4319406,81,1538,ESCOLA MUNICIPAL GUILHERME JOAO HOCH,CENTRO,-54.118038,-29.493056,15.08,14,0.445,geocode_v0.15 (propagada)
2008,SP,3524303,61,1066,EE FLORASSU FERNANDES DOS SANTOS,CENTRO,-48.2775213,-21.1285951,15.08,6,0.841,1. Match ID Validado
2010,SP,3524303,61,1066,EE FLORASSU FERNANDES DOS SANTOS,CENTRO,-48.2775213,-21.1285951,15.08,6,0.841,1. Match ID Validado
2012,SP,3524303,61,1066,EE FLORASSU FERNANDES DOS SANTOS,CENTRO,-48.2775213,-21.1285951,15.08,5,0.475,1. Match ID Validado
2014,SP,3524303,61,1066,EE FLORASSU FERNANDES DOS SANTOS,CENTRO,-48.2775213,-21.1285951,15.08,5,0.475,1. Match ID Validado
2016,SP,3524303,61,1066,EE FLORASSU FERNANDES DOS SANTOS,CENTRO,-48.2775213,-21.1285951,15.08,5,0.475,1. Match ID Validado
2018,SP,3524303,61,1066,EE FLORASSU FERNANDES DOS SANTOS,CENTRO,-48.2775213,-21.1285951,15.08,5,0.475,1. Match ID Validado
2020,SP,3524303,61,1066,EE FLORASSU FERNANDES DOS SANTOS,CENTRO,-48.2775213,-21.1285951,15.08,5,0.475,1. Match ID Validado
2022,SP,3524303,61,1066,EE FLORASSU FERNANDES DOS SANTOS,CENTRO,-48.2775213,-21.1285951,15.08,5,0.475,Original (Não Aplicável)
2024,SP,3524303,61,1066,EE FLORASSU FERNANDES DOS SANTOS,CENTRO,-48.2775213,-21.1285951,15.08,5,0.475,chave_exata_2022
2016,PA,1507003,8,1252,EMEF ALUÍSIO DA COSTA CHAVES,CENTRO,-48.1355833,-1.1545577,15.07,3,0.205,geocode_v0.15 (propagada)
2006,RJ,3302502,148,1201,ESCOLA ESTADUAL PROFESSORA ALDA BERNARDO DOS SANTOS TAVARES,CENTRO,-43.1773173,-22.6097666,15.06,26,0.459,1. Match ID Validado
2006,TO,1721000,29,1830,PETI-PROGRAMA DE ERRADICACAO DO TRABALHO INFANTIL,JARDIM AURENY III,-48.3295818,-10.1875866,15.04,6,1.348,Mantida Original (Inseguro para mover)
2006,GO,5213053,131,1015,COLÉGIO ESTADUAL TIRADENTES,CENTRO,-48.1604694,-15.0579471,15.04,3,0.0,1. Match ID Validado
2012,GO,5213053,131,1015,COLÉGIO ESTADUAL TIRADENTES,CENTRO,-48.1604694,-15.0579471,15.04,3,0.0,1. Match ID Validado
2010,PR,4101408,150,1104,ESCOLA MUNICIPAL WILSON DE AZEVEDO,CENTRO,-51.585898,-23.481291,15.02,11,0.763,Mantida Original (Inseguro para mover)
2012,PR,4101408,150,1104,ESCOLA MUNICIPAL WILSON DE AZEVEDO,CENTRO,-51.585898,-23.481291,15.02,11,0.763,Mantida Original (Inseguro para mover)
2006,RJ,3302502,148,1228,COLEGIO CENECISTA VISCONDE DE MAUA,CENTRO,-43.176941,-22.611171,14.97,26,0.459,Mantida Original (Inseguro para mover)
2014,MA,2111300,91,1449,U.E.B CONEGO SIDNEY CASTELO BRANCO FURTADO,ANJO DA GUARDA - ZONA URBANA,-44.2004464,-2.586801,14.97,6,0.33,geocode_v0.15 (propagada)
2016,MA,2111300,91,1449,U.E.B CONEGO SIDNEY CASTELO BRANCO FURTADO,ANJO DA GUARDA - ZONA URBANA,-44.2004464,-2.586801,14.97,6,0.33,geocode_v0.15 (propagada)
2008,AM,1302603,2,1511,COLEGIO N SRA AUXILIADORA,CENTRO,-59.94680294,-3.01505657,14.94,23,0.812,geocode_v0.15 (propagada)
2010,AM,1302603,2,1511,COLEGIO N SRA AUXILIADORA,CENTRO,-59.94680294,-3.01505657,14.94,23,0.812,geocode_v0.15 (propagada)
2012,AM,1302603,2,1511,COLEGIO N SRA AUXILIADORA,CENTRO,-59.94680294,-3.01505657,14.94,23,0.812,geocode_v0.15 (propagada)
2014,AM,1302603,2,1511,COLEGIO N SRA AUXILIADORA,CENTRO,-59.94680294,-3.01505657,14.94,19,0.789,geocode_v0.15 (propagada)
2006,RJ,3302502,148,1040,COLEGIO ARCO-IRIS,CENTRO,-43.176246,-22.610772,14.92,26,0.459,Mantida Original (Inseguro para mover)
2018,RS,4314902,114,1651,CENTRO DE ATENDIMENTO SOCIOEDUCATIVO - POA I - FASE,CRISTAL,-51.135007,-29.988266,14.89,9,1.09,Mantida Original (Inseguro para mover)
2018,RS,4314902,114,1678,CENTRO DE COMUNIDADE SOCIOEDUCATIVA - CSE - FASE,CRISTAL,-51.135007,-29.988266,14.89,9,1.09,Mantida Original (Inseguro para mover)
2018,RS,4314902,114,1660,CENTRO DE ATENDIMENTO SOCIOEDUCATIVO - POA II - FASE,CRISTAL,-51.135007,-29.988266,14.89,9,1.09,Mantida Original (Inseguro para mover)
2014,PA,1501402,30,1252,ESCOLA LIRIOS DO CAMPO,CRUZEIRO,-48.4440643,-1.4268203,14.84,7,0.156,geocode_v0.15 (propagada)
2016,PA,1501402,30,1252,ESCOLA LIRIOS DO CAMPO,CRUZEIRO,-48.4440643,-1.4268203,14.84,7,0.156,geocode_v0.15 (propagada)
2016,RJ,3302502,148,1376,COLEGIO MILENIUM,CENTRO,-43.1776307,-22.6096529,14.83,9,0.744,1. Match ID Validado
2018,RJ,3302502,148,1376,COLEGIO MILENIUM,CENTRO,-43.1776307,-22.6096529,14.83,9,0.744,1. Match ID Validado
2020,RJ,3302502,148,1376,COLEGIO MILENIUM,CENTRO,-43.1776307,-22.6096529,14.83,9,0.744,1. Match ID Validado
2022,RJ,3302502,148,1376,COLEGIO MILENIUM,CENTRO,-43.1776307,-22.6096529,14.83,9,0.744,Original (Não Aplicável)
2006,PA,1501402,30,1252,JARDIM ESCOLA LIRIOS DO CAMPO,CRUZEIRO,-48.4440643,-1.4268203,14.81,9,0.408,geocode_v0.15 (propagada)
2008,PA,1501402,30,1252,JARDIM ESCOLA LIRIOS DO CAMPO,CRUZEIRO,-48.4440643,-1.4268203,14.81,9,0.408,geocode_v0.15 (propagada)
2010,PA,1501402,30,1252,JARDIM ESCOLA LIRIOS DO CAMPO,CRUZEIRO,-48.4440643,-1.4268203,14.81,8,0.408,geocode_v0.15 (propagada)
2012,PA,1501402,30,1252,ESCOLA LIRIOS DO CAMPO,CRUZEIRO,-48.4440643,-1.4268203,14.81,8,0.408,geocode_v0.15 (propagada)
2018,PA,1501402,30,1252,ESCOLA LIRIOS DO CAMPO,CRUZEIRO,-48.4440643,-1.4268203,14.81,7,0.245,geocode_v0.15 (propagada)
2020,PA,1501402,30,1252,ESCOLA LÍRIOS DO CAMPO,CRUZEIRO,-48.4440643,-1.4268203,14.81,8,0.308,geocode_v0.15 (propagada)
2016,SE,2800308,27,1970,CENA - CENTRO EDUCACIONAL NOVO APRENDER,ATALAIA,-37.135988,-11.092682,14.8,4,0.342,Mantida Original (Inseguro para mover)
2018,SE,2800308,27,1970,CENA - CENTRO EDUCACIONAL NOVO APRENDER,ATALAIA,-37.135988,-11.092682,14.8,4,0.342,Mantida Original (Inseguro para mover)
2020,SE,2800308,27,1970,CENA - CENTRO EDUCACIONAL NOVO APRENDER,ATALAIA,-37.135988,-11.092682,14.8,4,0.342,Mantida Original (Inseguro para mover)
2016,RJ,3302502,148,1201,ESCOLA ESTADUAL PROFESSORA ALDA BERNARDO DOS SANTOS TAVARES,CENTRO,-43.1773173,-22.6097666,14.79,9,0.744,1. Match ID Validado
2018,RJ,3302502,148,1201,ESCOLA ESTADUAL PROFESSORA ALDA BERNARDO DOS SANTOS TAVARES,CENTRO,-43.1773173,-22.6097666,14.79,9,0.744,1. Match ID Validado
2020,RJ,3302502,148,1201,ESCOLA ESTADUAL PROFESSORA ALDA BERNARDO DOS SANTOS TAVARES,CENTRO,-43.1773173,-22.6097666,14.79,9,0.744,1. Match ID Validado
2022,RJ,3302502,148,1201,ESCOLA ESTADUAL PROFESSORA ALDA BERNARDO DOS SANTOS TAVARES,CENTRO,-43.1773173,-22.6097666,14.79,9,0.744,Original (Não Aplicável)
2024,RJ,3302502,148,1201,ESCOLA ESTADUAL PROFESSORA ALDA BERNARDO DOS SANTOS TAVARES,CENTRO,-43.1773173,-22.6097666,14.79,9,0.744,chave_exata_2022
2008,RJ,3302502,148,1376,COLEGIO MILENIUM,CENTRO,-43.1776307,-22.6096529,14.7,15,0.793,1. Match ID Validado
2010,RJ,3302502,148,1376,COLEGIO MILENIUM,CENTRO,-43.1776307,-22.6096529,14.7,11,0.792,1. Match ID Validado
2012,RJ,3302502,148,1376,COLEGIO MILENIUM,CENTRO,-43.1776307,-22.6096529,14.7,10,0.792,1. Match ID Validado
2014,RJ,3302502,148,1376,COLEGIO MILENIUM,CENTRO,-43.1776307,-22.6096529,14.7,10,0.792,1. Match ID Validado
2008,RJ,3302502,148,1252,SALAO PAROQUIAL DA IGREJA N. S. APARECIDA,CENTRO,-43.177878,-22.610657,14.69,15,0.793,Mantida Original (Inseguro para mover)
2010,RJ,3304557,192,1163,ESCOLA JOAO LUIZ ALVES,GALEAO,-43.3689851,-22.8214945,14.69,3,0.134,geocode_v0.15 (propagada)
2008,RJ,3302502,148,1201,ESCOLA ESTADUAL PROFESSORA ALDA BERNARDO DOS SANTOS TAVARES,CENTRO,-43.1773173,-22.6097666,14.67,15,0.793,1. Match ID Validado
2006,RJ,3304557,19,1236,CASA DOS SERVIDORES PUBLICOS DO BRASIL,MARACANA,-43.1844364,-22.7880421,14.66,10,0.989,geocode_v0.15 (propagada)
2018,BA,2927408,11,2283,ESCOLA MUNICIPAL DRA. MARIA DO CARMO VILAÇA,ÁGUAS CLARAS,-38.5009226,-13.0028586,14.64,6,0.977,geocode_v0.15 (propagada)
2020,BA,2927408,11,2283,ESCOLA MUNICIPAL DRA. MARIA DO CARMO VILAÇA,ÁGUAS CLARAS,-38.5009226,-13.0028586,14.64,4,0.977,geocode_v0.15 (propagada)
2022,BA,2927408,11,2283,ESCOLA MUNICIPAL DRA. MARIA DO CARMO VILAÇA,ÁGUAS CLARAS,-38.5009226,-13.0028586,14.64,4,0.977,geocode_v0.15 (propagada)
2012,CE,2304400,1,2410,EMEIF MARIA ALICE (ANTIGO MATER DEI),PAPICU,-38.570825,-3.8309179,14.63,5,0.837,geocode_v0.15 (propagada)
2008,RJ,3302502,148,1228,COLEGIO CENECISTA VISCONDE DE MAUA,CENTRO,-43.176941,-22.611171,14.58,15,0.793,Mantida Original (Inseguro para mover)
2024,RJ,3302502,148,1376,COLEGIO MILENIUM,CENTRO,-43.1766755,-22.6139188,14.58,9,0.744,chave_exata_2022
2010,BA,2927408,8,2003,ESCOLA MUNICIPAL DRA. MARIA DO CARMO VILAÇA,ÁGUAS CLARAS,-38.5009226,-13.0028586,14.57,6,1.009,geocode_v0.15 (propagada)
2012,BA,2927408,8,2003,ESCOLA MUNICIPAL DRA. MARIA DO CARMO VILAÇA,ÁGUAS CLARAS,-38.5009226,-13.0028586,14.57,6,1.009,geocode_v0.15 (propagada)
2014,BA,2927408,8,2003,ESCOLA MUNICIPAL DRA. MARIA DO CARMO VILAÇA,ÁGUAS CLARAS,-38.5009226,-13.0028586,14.57,6,1.009,geocode_v0.15 (propagada)
2006,BA,2927408,10,1090,ESCOLA ROTARY,ITAPUA,-38.4897436,-12.9824368,14.54,6,1.002,geocode_v0.15 (propagada)
2008,BA,2927408,10,1090,ESCOLA ROTARY,ITAPUA,-38.4897436,-12.9824368,14.54,6,1.002,geocode_v0.15 (propagada)
2010,BA,2927408,10,1090,ESCOLA ROTARY,ITAPUA,-38.4897436,-12.9824368,14.54,7,0.994,geocode_v0.15 (propagada)
2012,BA,2927408,10,1090,ESCOLA ROTARY,ITAPUA,-38.4897436,-12.9824368,14.54,8,0.994,geocode_v0.15 (propagada)
2014,BA,2927408,10,1090,ESCOLA ROTARY,ITAPUA,-38.4897436,-12.9824368,14.54,7,0.994,geocode_v0.15 (propagada)
2016,BA,2927408,12,1252,ESCOLA ROTARY,ITAPUA,-38.4897436,-12.9824368,14.54,7,0.994,geocode_v0.15 (propagada)
2008,RJ,3302502,148,1040,COLEGIO ARCO-IRIS,CENTRO,-43.176246,-22.610772,14.53,15,0.793,Mantida Original (Inseguro para mover)
2006,MA,2111201,47,1821,UNIDADE ESCOLAR SAO FRANCISCO,J. CAMARA - ZONA URBANA,-44.1987601,-2.5617269,14.51,3,0.238,1. Match ID Validado
2008,MA,2111201,47,1821,UNIDADE ESCOLAR SAO FRANCISCO,J. CAMARA - ZONA URBANA,-44.1987601,-2.5617269,14.51,3,0.238,1. Match ID Validado
2010,MA,2111201,47,1821,UNIDADE ESCOLAR SAO FRANCISCO,J. CAMARA - ZONA URBANA,-44.1987601,-2.5617269,14.51,3,0.238,1. Match ID Validado
2012,MA,2111201,47,1821,UNIDADE ESCOLAR SAO FRANCISCO,J. CAMARA - ZONA URBANA,-44.1987601,-2.5617269,14.51,3,0.238,1. Match ID Validado
2014,MA,2111201,47,1821,UNIDADE ESCOLAR SAO FRANCISCO,J. CAMARA - ZONA URBANA,-44.1987601,-2.5617269,14.51,3,0.238,1. Match ID Validado
2016,MA,2111201,47,1821,UNIDADE ESCOLAR SAO FRANCISCO,J. CAMARA - ZONA URBANA,-44.1987601,-2.5617269,14.51,3,0.238,1. Match ID Validado
2018,MA,2111201,47,1821,UNIDADE ESCOLAR SAO FRANCISCO,J. CAMARA - ZONA URBANA,-44.1987601,-2.5617269,14.51,3,0.238,1. Match ID Validado
2020,MA,2111201,47,1821,UNIDADE ESCOLAR SAO FRANCISCO,J. CAMARA - ZONA URBANA,-44.1987601,-2.5617269,14.51,3,0.238,1. Match ID Validado
2022,MA,2111201,47,1821,UNIDADE ESCOLAR SAO FRANCISCO,J. CAMARA - ZONA URBANA,-44.1987601,-2.5617269,14.51,3,0.238,Original (Não Aplicável)
2014,PA,1501402,1,1147,COLEGIO SALESIANO NOSSA SENHORA DO CARMO,CIDADE VELHA,-48.468948,-1.3353033,14.46,4,0.401,geocode_v0.15 (propagada)
2016,PA,1501402,1,1147,COLEGIO SALESIANO NOSSA SENHORA DO CARMO,CIDADE VELHA,-48.468948,-1.3353033,14.46,4,0.401,geocode_v0.15 (propagada)
2018,PA,1501402,1,1147,COLEGIO SALESIANO NOSSA SENHORA DO CARMO,CIDADE VELHA,-48.468948,-1.3353033,14.46,4,0.401,geocode_v0.15 (propagada)
2020,PA,1501402,1,1147,COLÉGIO SALESIANO NOSSA SENHORA DO CARMO,CIDADE VELHA,-48.468948,-1.3353033,14.46,4,0.401,geocode_v0.15 (propagada)
2006,RJ,3302502,148,1244,LOJA MACONICA EMANCIPADA DE PIABETA,CENTRO,-43.173689,-22.617586,14.43,26,0.459,Mantida Original (Inseguro para mover)
2006,RJ,3301702,200,1392,EDUCANDÁRIO SANTO ANTÔNIO (ANT CEBB),VILA SÃO LUIS,-43.300496,-22.6449789,14.42,9,0.289,geocode_v0.15 (propagada)
2008,RJ,3301702,200,1392,EDUCANDÁRIO SANTO ANTÔNIO (ANT CEBB),VILA SÃO LUIS,-43.300496,-22.6449789,14.42,8,0.289,geocode_v0.15 (propagada)
2010,RJ,3301702,200,1392,EDUCANDÁRIO SANTO ANTÔNIO (ANT CEBB),VILA SÃO LUIS,-43.300496,-22.6449789,14.42,8,0.289,geocode_v0.15 (propagada)
2018,BA,2927408,12,1414,ESCOLA MUNICIPAL DE SÃO CRISTOVÃO,SÃO CRISTÓVÃO,-38.4826792,-12.926869,14.41,9,0.301,geocode_v0.15 (propagada)
2006,AM,1302603,1,1260,ESCOLA ESTADUAL LEONOR SANTIAGO MOURAO,NOSSA SENHORA DAS GRACAS,-59.9275171,-3.02172085,14.39,5,0.436,geocode_v0.15 (propagada)
2008,AM,1302603,1,1260,ESCOLA ESTADUAL LEONOR SANTIAGO MOURAO,NOSSA SENHORA DAS GRACAS,-59.9275171,-3.02172085,14.39,5,0.436,geocode_v0.15 (propagada)
2010,AM,1302603,1,1260,ESCOLA ESTADUAL LEONOR SANTIAGO MOURAO,NOSSA SENHORA DAS GRACAS,-59.9275171,-3.02172085,14.39,4,0.436,geocode_v0.15 (propagada)
2006,PA,1501402,30,1015,CENTRO COMUNITARIO DA AGULHA,AGULHA,-48.488449,-1.432581,14.38,7,0.402,Mantida Original (Inseguro para mover)
2008,PA,1501402,30,1015,CENTRO COMUNITARIO DA AGULHA,AGULHA,-48.488449,-1.432581,14.38,5,0.285,Mantida Original (Inseguro para mover)
2010,PA,1501402,30,1015,CENTRO COMUNITARIO DA AGULHA,AGULHA,-48.488449,-1.432581,14.38,5,0.285,Mantida Original (Inseguro para mover)
2016,SP,3550308,250,2259,FUNDACAO CASA VILA LEOPOLDINA,VILA LEOPOLDINA,-46.711367007741,-23.6551923133227,14.38,7,1.005,Mantida Original (Inseguro para mover)
2016,SP,3550308,250,2267,CDP III CENTRO DE DETENÇÃO PROVISÓRIA DE PINHEIROS III,VILA LEOPOLDINA,-46.711367007741,-23.6551923133227,14.38,7,1.005,1. Match ID Validado
2018,SP,3550308,250,2259,FUNDACAO CASA VILA LEOPOLDINA,VILA LEOPOLDINA,-46.711367007741,-23.6551923133227,14.38,7,1.005,Mantida Original (Inseguro para mover)
2018,SP,3550308,250,2267,CDP III CENTRO DE DETENÇÃO PROVISÓRIA DE PINHEIROS III,VILA LEOPOLDINA,-46.711367007741,-23.6551923133227,14.38,7,1.005,1. Match ID Validado
2010,AM,1302603,65,1260,ESCOLA MUNICIPAL TEREZINHA MOURA BRASIL,COMPENSA II,-59.97494677,-3.010484,14.29,6,0.612,geocode_v0.15 (propagada)
2012,AM,1302603,65,1260,ESCOLA MUNICIPAL TEREZINHA MOURA BRASIL,COMPENSA II,-59.97494677,-3.010484,14.29,6,0.612,geocode_v0.15 (propagada)
2006,BA,2927408,19,1368,ESCOLA MUNICIPAL DE SÃO CRISTOVÃO,SÃO CRISTÓVÃO,-38.4826792,-12.926869,14.27,8,0.448,geocode_v0.15 (propagada)
2008,BA,2927408,19,1368,ESCOLA MUNICIPAL DE SÃO CRISTOVÃO,SÃO CRISTÓVÃO,-38.4826792,-12.926869,14.27,8,0.448,geocode_v0.15 (propagada)
2010,BA,2927408,19,1368,ESCOLA MUNICIPAL DE SÃO CRISTOVÃO,SÃO CRISTÓVÃO,-38.4826792,-12.926869,14.27,8,0.448,geocode_v0.15 (propagada)
2012,BA,2927408,19,1368,ESCOLA MUNICIPAL DE SÃO CRISTOVÃO,SÃO CRISTÓVÃO,-38.4826792,-12.926869,14.27,10,0.396,geocode_v0.15 (propagada)
2012,SP,3550308,250,2267,CDP III CENTRO DE DETENÇÃO PROVISÓRIA DE PINHEIROS III,VILA LEOPOLDINA,-46.711367007741,-23.6551923133227,14.27,6,0.851,1. Match ID Validado
2014,SP,3550308,250,2267,CDP III CENTRO DE DETENÇÃO PROVISÓRIA DE PINHEIROS III,VILA LEOPOLDINA,-46.711367007741,-23.6551923133227,14.27,5,0.41,1. Match ID Validado
2016,SP,3550308,374,1996,COLEGIO PORTO UNIAO,JARDIM ESMERALDA,-46.7035404,-23.4616651,14.27,3,0.067,geocode_v0.15 (propagada)
2010,SP,3550308,250,2267,CDP III CENTRO DE DETENÇÃO PROVISÓRIA DE PINHEIROS III,VILA LEOPOLDINA,-46.711367007741,-23.6551923133227,14.26,8,1.067,1. Match ID Validado
2006,GO,5208707,135,1031,CLUBE RECREATIVO DA COLONIA SANTA MARTA,JARDIM NOVO MUNDO,-49.33600339,-16.61757671,14.25,9,0.833,geocode_v0.15 (propagada)
2008,GO,5208707,135,1031,CLUBE RECREATIVO DA COLONIA SANTA MARTA,JARDIM NOVO MUNDO,-49.33600339,-16.61757671,14.25,9,0.833,geocode_v0.15 (propagada)
2008,TO,1721000,29,1830,PETI-PROGRAMA DE ERRADICACAO DO TRABALHO INFANTIL,JARDIM AURENY III,-48.3295818,-10.1875866,14.21,5,0.836,Mantida Original (Inseguro para mover)
2010,TO,1721000,29,1830,PETI-PROGRAMA DE ERRADICACAO DO TRABALHO INFANTIL,JARDIM AURENY III,-48.3295818,-10.1875866,14.21,6,0.836,Mantida Original (Inseguro para mover)
2012,TO,1721000,29,1830,PETI-PROGRAMA DE ERRADICACAO DO TRABALHO INFANTIL,JARDIM AURENY III,-48.3295818,-10.1875866,14.21,6,0.836,Mantida Original (Inseguro para mover)
2006,AM,1302603,2,1503,COLEGIO NORMAL AJURICABA,CENTRO,-59.896701,-3.092956,14.12,27,0.925,Mantida Original (Inseguro para mover)
2010,GO,5208707,135,1031,CLUBE RECREATIVO DA COLONIA SANTA MARTA,JARDIM NOVO MUNDO,-49.33600339,-16.61757671,14.09,10,1.348,geocode_v0.15 (propagada)
2012,GO,5208707,135,1031,CLUBE RECREATIVO DA COLONIA SANTA MARTA,JARDIM NOVO MUNDO,-49.33600339,-16.61757671,14.09,10,1.348,geocode_v0.15 (propagada)
2014,BA,2927408,19,1368,ESCOLA MUNICIPAL DE SÃO CRISTOVÃO,SÃO CRISTÓVÃO,-38.4826792,-12.926869,14.02,10,0.419,geocode_v0.15 (propagada)
2016,BA,2927408,12,1414,ESCOLA MUNICIPAL DE SÃO CRISTOVÃO,SÃO CRISTÓVÃO,-38.4826792,-12.926869,14.02,10,0.419,geocode_v0.15 (propagada)
2020,BA,2927408,12,1414,ESCOLA MUNICIPAL DE SÃO CRISTOVÃO,SÃO CRISTÓVÃO,-38.4826792,-12.926869,14.02,9,0.392,geocode_v0.15 (propagada)
2006,CE,2304400,1,2410,COLEGIO MATER DEI,PAPICU,-38.570825,-3.8309179,14.0,5,1.023,geocode_v0.15 (propagada)
2008,CE,2304400,1,2410,COLEGIO MATER DEI,PAPICU,-38.570825,-3.8309179,14.0,5,1.023,geocode_v0.15 (propagada)
2010,CE,2304400,1,2410,EMEIF MARIA ALICE (ANTIGO MATER DEI),PAPICU,-38.570825,-3.8309179,14.0,6,1.023,geocode_v0.15 (propagada)
2022,BA,2927408,12,1414,ESCOLA MUNICIPAL DE SÃO CRISTOVÃO,SÃO CRISTÓVÃO,-38.4826792,-12.926869,13.97,10,0.438,geocode_v0.15 (propagada)
2006,AM,1302603,32,1449,CENTRO INTERESCOLAR PADRE STELIO DALLISON,SAO JORGE,-60.009637,-2.986771,13.89,7,0.457,Mantida Original (Inseguro para mover)
2008,CE,2308351,55,1104,SINDICATO,CENTRO,-39.162655,-5.5607,13.78,6,0.665,Mantida Original (Inseguro para mover)
2010,CE,2308351,55,1104,SINDICATO,CENTRO,-39.162655,-5.5607,13.78,6,0.665,Mantida Original (Inseguro para mover)
2012,CE,2308351,55,1104,SINDICATO,CENTRO,-39.162655,-5.5607,13.78,6,0.665,Mantida Original (Inseguro para mover)
2006,RJ,3304557,166,1180,UFRJ - CAMPUS DA PRAIA VERMELHA,URCA,-43.2818943,-22.887123,13.73,5,0.031,geocode_v0.15 (propagada)
2008,RJ,3304557,166,1180,UFRJ - CAMPUS DA PRAIA VERMELHA,URCA,-43.2818943,-22.887123,13.73,5,0.031,geocode_v0.15 (propagada)
2010,RJ,3304557,166,1180,UFRJ - CAMPUS DA PRAIA VERMELHA,URCA,-43.2818943,-22.887123,13.73,5,0.031,geocode_v0.15 (propagada)
2012,RJ,3304557,166,1180,UFRJ - CAMPUS DA PRAIA VERMELHA,URCA,-43.2818943,-22.887123,13.73,5,0.031,geocode_v0.15 (propagada)
2020,RN,2408102,69,1813,E. E. PROFª. MARIA DE LOURDES CÂMARA SOUTO,LAGOA AZUL,-35.1994685,-5.8378076,13.7,16,0.815,geocode_v0.15 (propagada)
2006,RJ,3304557,210,1090,VALQUEIRE TENIS CLUB,VILA VALQUEIRE,-43.2397459,-22.914855,13.68,8,0.569,geocode_v0.15 (propagada)
2008,AM,1302603,65,1260,ESCOLA MUNICIPAL TEREZINHA MOURA BRASIL,COMPENSA II,-59.97494677,-3.010484,13.68,5,0.622,geocode_v0.15 (propagada)
2008,RJ,3304557,210,1090,VALQUEIRE TENIS CLUB,VILA VALQUEIRE,-43.2397459,-22.914855,13.68,8,0.569,geocode_v0.15 (propagada)
2014,AM,1302603,65,1260,ESCOLA MUNICIPAL TEREZINHA MOURA BRASIL,COMPENSA II,-59.97494677,-3.010484,13.68,5,0.622,geocode_v0.15 (propagada)
2010,SP,3550308,376,2607,E.E. PROFª RAQUEL ASSIS BARREIROS,VILA NOVA CACHOEIRINHA,-46.78496107,-23.44439999,13.67,3,0.174,geocode_v0.15 (propagada)
2012,SP,3550308,376,2607,E.E. PROFª RAQUEL ASSIS BARREIROS,VILA NOVA CACHOEIRINHA,-46.78496107,-23.44439999,13.67,3,0.174,geocode_v0.15 (propagada)
2016,AM,1302603,1,2038,E. E. LUIZINHA NASCIMENTO,PRACA 14 DE JANEIRO,-59.95575952,-3.01325057,13.67,4,0.616,geocode_v0.15 (propagada)
2018,AM,1302603,1,2038,E. E. LUIZINHA NASCIMENTO,PRACA 14 DE JANEIRO,-59.95575952,-3.01325057,13.67,4,0.616,geocode_v0.15 (propagada)
2018,BA,2927408,12,1252,ESCOLA ROTARY,ITAPUA,-38.4897436,-12.9824368,13.67,9,0.759,geocode_v0.15 (propagada)
2020,BA,2927408,12,1252,ESCOLA ROTARY,ITAPUÃ,-38.4897436,-12.9824368,13.67,7,0.759,geocode_v0.15 (propagada)
2014,PE,2607901,101,5506,FACULDADE DOS GUARARAPES-VOTO EM TRANSITO,PIEDADE,-35.01607194,-8.1011542,13.65,9,0.919,geocode_v0.15 (propagada)
2016,BA,2927408,8,1651,ESCOLA MUNICIPAL EDUARDO CAMPOS,AGUAS CLARAS,-38.5009226,-13.0028586,13.56,5,0.716,geocode_v0.15 (propagada)
2006,RJ,3303906,226,1147,UNIAO DE BANCOS BRASILEIROS S/A,PEDRO DO RIO,-43.1430649,-22.4543993,13.55,6,0.484,geocode_v0.15 (propagada)
2006,RJ,3304557,189,1040,IGREJA ASSEMBLEIA DE DEUS,RIO COMPRIDO,-43.2949743,-22.8289016,13.55,12,0.402,geocode_v0.15 (propagada)
2008,RJ,3303906,226,1147,UNIAO DE BANCOS BRASILEIROS S/A,PEDRO DO RIO,-43.1430649,-22.4543993,13.55,6,0.484,geocode_v0.15 (propagada)
2008,RJ,3304557,189,1040,IGREJA ASSEMBLEIA DE DEUS,RIO COMPRIDO,-43.2949743,-22.8289016,13.55,12,0.402,geocode_v0.15 (propagada)
2010,RJ,3304557,189,1040,IGREJA ASSEMBLEIA DE DEUS,RIO COMPRIDO,-43.2949743,-22.8289016,13.55,13,0.396,geocode_v0.15 (propagada)
2012,RJ,3304557,189,1040,IGREJA ASSEMBLEIA DE DEUS,RIO COMPRIDO,-43.2949743,-22.8289016,13.55,12,0.396,geocode_v0.15 (propagada)
2014,RJ,3304557,189,1040,IGREJA ASSEMBLEIA DE DEUS,RIO COMPRIDO,-43.2949743,-22.8289016,13.55,13,0.396,geocode_v0.15 (propagada)
2016,RJ,3304557,189,1040,IGREJA ASSEMBLEIA DE DEUS,RIO COMPRIDO,-43.2949743,-22.8289016,13.55,12,0.396,geocode_v0.15 (propagada)
2006,CE,2304400,1,2739,ESCOLA MUNICIPAL PROFESSORA MARIA GONDIM DOS SANTOS,PAPICU,-38.580458,-3.8134794,13.54,5,1.023,geocode_v0.15 (propagada)
2008,CE,2304400,1,2739,E M PROF MARIA GONDIM DOS SANTOS,PAPICU,-38.580458,-3.8134794,13.54,5,1.023,geocode_v0.15 (propagada)
2012,SP,3550308,260,1040,CENTRO UNIVERSITARIO SAO CAMILO - CAMPUS IPIRANGA II,IPIRANGA,-46.6446507,-23.7052372,13.37,13,0.488,geocode_v0.15 (propagada)
2006,RJ,3304557,7,1910,BANCO SANTANDER,TIJUCA,-43.345402,-22.865716,13.36,65,1.05,Mantida Original (Inseguro para mover)
2008,RJ,3304557,7,1910,BANCO SANTANDER,TIJUCA,-43.345402,-22.865716,13.36,65,1.05,Mantida Original (Inseguro para mover)
2010,RJ,3304557,7,1910,BANCO SANTANDER,TIJUCA,-43.345402,-22.865716,13.36,74,1.19,Mantida Original (Inseguro para mover)
2006,CE,2304400,3,1740,EEF MARCILIO DIAS,JACARECANGA,-38.51663504,-3.83847445,13.34,7,0.645,geocode_v0.15 (propagada)
2008,CE,2304400,3,1740,EEFM JUVENAL GALENO,JACARECANGA,-38.51663504,-3.83847445,13.34,7,0.645,geocode_v0.15 (propagada)
2008,AM,1302603,1,1112,ESCOLA ESTADUAL LUIZINHA NASCIMENTO,PRACA 14 DE JANEIRO,-59.95575952,-3.01325057,13.32,3,0.436,geocode_v0.15 (propagada)
2010,AM,1302603,1,1112,ESCOLA ESTADUAL LUIZINHA NASCIMENTO,PRACA 14 DE JANEIRO,-59.95575952,-3.01325057,13.32,3,0.436,geocode_v0.15 (propagada)
2012,AM,1302603,1,1112,ESCOLA ESTADUAL LUIZINHA NASCIMENTO,PRACA 14 DE JANEIRO,-59.95575952,-3.01325057,13.32,3,0.436,geocode_v0.15 (propagada)
2014,AM,1302603,1,1112,ESCOLA ESTADUAL LUIZINHA NASCIMENTO,PRACA 14 DE JANEIRO,-59.95575952,-3.01325057,13.32,3,0.436,geocode_v0.15 (propagada)
2006,MA,2108306,45,5500,ESCOLA MUNICIPAL,BAIRRO CENTRO - ZONA URBANA,-45.289703,-3.3257705,13.31,6,0.235,Mantida Original (Inseguro para mover)
2012,MA,2108306,45,5500,ESCOLA MUNICIPAL,BAIRRO CENTRO - ZONA URBANA,-45.289703,-3.3257705,13.31,6,0.235,Mantida Original (Inseguro para mover)
2006,CE,2304400,1,2623,COLONIA DE PESCADORES,VICENTE PINZON,-38.58242777,-3.75279774,13.28,8,0.979,geocode_v0.15 (propagada)
2006,SP,3550308,257,1970,CEL - CENTRO DE ESTUDOS DE LINGUAS PANTOJA,VILA PRUDENTE,-46.4950425,-23.4922124,13.28,9,0.664,geocode_v0.15 (propagada)
2008,CE,2304400,1,2623,COLONIA DE PESCADORES,VICENTE PINZON,-38.58242777,-3.75279774,13.28,8,0.979,geocode_v0.15 (propagada)
2008,SP,3550308,257,1970,CEL - CENTRO DE ESTUDOS DE LINGUAS PANTOJA,VILA PRUDENTE,-46.4950425,-23.4922124,13.28,9,0.664,geocode_v0.15 (propagada)
2010,SP,3550308,257,1970,CEL - CENTRO DE ESTUDOS DE LINGUAS PANTOJA,VILA PRUDENTE,-46.4950425,-23.4922124,13.28,9,0.664,geocode_v0.15 (propagada)
2012,CE,2304400,1,2623,COLONIA DE PESCADORES,VICENTE PINZON,-38.58242777,-3.75279774,13.28,6,0.979,geocode_v0.15 (propagada)
2012,SP,3550308,257,1970,CEL - CENTRO DE ESTUDOS DE LINGUAS PANTOJA,VILA PRUDENTE,-46.4950425,-23.4922124,13.28,9,0.664,geocode_v0.15 (propagada)
2014,SP,3550308,257,1970,CEL - CENTRO DE ESTUDOS DE LINGUAS PANTOJA,VILA PRUDENTE,-46.4950425,-23.4922124,13.28,9,0.664,geocode_v0.15 (propagada)
2016,SP,3550308,257,1970,CEL - CENTRO DE ESTUDOS DE LINGUAS PANTOJA,VILA PRUDENTE,-46.4950425,-23.4922124,13.28,9,0.664,geocode_v0.15 (propagada)
2012,RJ,3304557,6,1260,COLEGIO ESTADUAL PAULO DE FRONTIN,TIJUCA,-43.3533421,-22.883551,13.25,74,1.096,geocode_v0.15 (propagada)
2014,RJ,3304557,6,1260,COLEGIO ESTADUAL PAULO DE FRONTIN,TIJUCA,-43.3533421,-22.883551,13.25,72,1.096,geocode_v0.15 (propagada)
2006,RJ,3304557,6,1260,COLEGIO ESTADUAL PAULO DE FRONTIN,TIJUCA,-43.3533421,-22.883551,13.23,65,1.05,geocode_v0.15 (propagada)
2008,RJ,3304557,6,1260,COLEGIO ESTADUAL PAULO DE FRONTIN,TIJUCA,-43.3533421,-22.883551,13.23,65,1.05,geocode_v0.15 (propagada)
2010,RJ,3304557,6,1260,COLEGIO ESTADUAL PAULO DE FRONTIN,TIJUCA,-43.3533421,-22.883551,13.23,74,1.19,geocode_v0.15 (propagada)
2006,RJ,3304557,212,1082,BANCO BRADESCO S/A,TODOS OS SANTOS,-43.1820342,-22.9663154,13.2,10,1.125,geocode_v0.15 (propagada)
2008,RJ,3304557,212,1082,BANCO BRADESCO S/A,TODOS OS SANTOS,-43.1820342,-22.9663154,13.2,10,1.125,geocode_v0.15 (propagada)
2010,RJ,3304557,212,1082,BANCO BRADESCO S/A,TODOS OS SANTOS,-43.1820342,-22.9663154,13.2,9,1.125,geocode_v0.15 (propagada)
2014,RJ,3304557,212,1082,BANCO BRADESCO S/A,TODOS OS SANTOS,-43.1820342,-22.9663154,13.2,6,0.573,geocode_v0.15 (propagada)
2012,CE,2304400,1,2836,COLEGIO MESQUITA ROCHA,PAPICU,-38.59109282,-3.72152792,13.18,5,0.837,geocode_v0.15 (propagada)
2014,AL,2704302,2,1996,IATE CLUBE PAJUCARA VOTO EM TRANSITO,PAJUCARA,-35.72960251,-9.54821705,13.16,3,0.863,geocode_v0.15 (propagada)
2016,CE,2304400,94,2453,EEFM DOM HELDER CAMARA,VILA VELHA,-38.5256872,-3.8089727,13.16,15,0.573,geocode_v0.15 (propagada)
2018,CE,2304400,94,2453,EEFM DOM HELDER CAMARA,VILA VELHA,-38.5256872,-3.8089727,13.16,16,0.573,geocode_v0.15 (propagada)
2012,RJ,3304557,220,1090,ESCOLA MUNICIPAL ESGRAGNOLE DORIA,COSTA BARROS,-43.3465232,-22.939413,13.14,5,0.437,geocode_v0.15 (propagada)
2014,RJ,3304557,220,1090,E. M. ESGRAGNOLE DORIA,COSTA BARROS,-43.3465232,-22.939413,13.14,5,0.437,geocode_v0.15 (propagada)
2010,CE,2304400,94,2453,EEFM DOM HELDER CAMARA,VILA VELHA,-38.5256872,-3.8089727,13.1,12,0.641,geocode_v0.15 (propagada)
2012,CE,2304400,94,2453,EEFM DOM HELDER CAMARA,VILA VELHA,-38.5256872,-3.8089727,13.1,14,0.737,geocode_v0.15 (propagada)
2014,CE,2304400,94,2453,EEFM DOM HELDER CAMARA,VILA VELHA,-38.5256872,-3.8089727,13.1,14,0.737,geocode_v0.15 (propagada)
2006,MA,2111201,47,1120,ESCOLA SAGRADO CORACAO DE JESUS,CENTRO - ZONA URBANA,-44.173028,-2.565766,13.06,11,0.352,Mantida Original (Inseguro para mover)
2006,MA,2111201,47,5503,ESCOLA CORACAO DE JESUS,CENTRO - ZONA URBANA,-44.173028,-2.565766,13.06,11,0.352,Mantida Original (Inseguro para mover)
2006,SP,3550308,398,1198,E.M.E.F. ANTONIO CARLOS DE ANDRADA E SILVA,JARDIM PLANALTO,-46.44717501,-23.50897427,13.04,3,0.46,1. Match ID Validado
2008,SP,3550308,398,1198,E.M.E.F. ANTONIO CARLOS DE ANDRADA E SILVA,JARDIM PLANALTO,-46.44717501,-23.50897427,13.04,3,0.46,1. Match ID Validado
2010,SP,3550308,398,1198,E.M.E.F. ANTONIO CARLOS DE ANDRADA E SILVA,JARDIM PLANALTO,-46.44717501,-23.50897427,13.04,4,0.46,1. Match ID Validado
2012,SP,3550308,398,1198,E.M.E.F. ANTONIO CARLOS DE ANDRADA E SILVA,JARDIM PLANALTO,-46.44717501,-23.50897427,13.04,4,0.46,1. Match ID Validado
2014,SP,3550308,398,1198,E.M.E.F. ANTONIO CARLOS DE ANDRADA E SILVA,JARDIM PLANALTO,-46.44717501,-23.50897427,13.04,4,0.46,1. Match ID Validado
2016,SP,3550308,398,1198,E.M.E.F. ANTONIO CARLOS DE ANDRADA E SILVA,JARDIM PLANALTO,-46.44717501,-23.50897427,13.04,4,0.46,1. Match ID Validado
2018,SP,3550308,398,1198,E.M.E.F. ANTONIO CARLOS DE ANDRADA E SILVA,JARDIM PLANALTO,-46.44717501,-23.50897427,13.04,4,0.46,1. Match ID Validado
2020,SP,3550308,398,1198,E.M.E.F. ANTONIO CARLOS DE ANDRADA E SILVA,JARDIM PLANALTO,-46.44717501,-23.50897427,13.04,4,0.46,1. Match ID Validado
2022,SP,3550308,398,1198,E.M.E.F. ANTONIO CARLOS DE ANDRADA E SILVA,JARDIM PLANALTO,-46.44717501,-23.50897427,13.04,4,0.46,Original (Não Aplicável)
2024,SP,3550308,247,2046,E.M.E.F. ANTONIO CARLOS DE ANDRADA E SILVA,JARDIM PLANALTO,-46.44717501,-23.50897427,13.04,4,0.46,mesmo_municipio_nome_endereco
2006,RJ,3304557,188,1198,ESCOLA MONSENHOR ALVES ROCHA,PENHA,-43.3575695,-22.9336634,12.97,27,0.602,geocode_v0.15 (propagada)
2008,RJ,3304557,188,1198,ESCOLA MONSENHOR ALVES ROCHA,PENHA,-43.3575695,-22.9336634,12.97,27,0.602,geocode_v0.15 (propagada)
2010,RJ,3304557,188,1198,ESCOLA MONSENHOR ALVES ROCHA,PENHA,-43.3575695,-22.9336634,12.97,27,0.602,geocode_v0.15 (propagada)
2012,RJ,3304557,188,1198,ESCOLA MONSENHOR ROCHA,PENHA,-43.3575695,-22.9336634,12.97,28,0.642,geocode_v0.15 (propagada)
2014,RJ,3304557,188,1198,ESCOLA MONSENHOR ROCHA,PENHA,-43.3575695,-22.9336634,12.97,30,0.661,geocode_v0.15 (propagada)
2016,RJ,3304557,188,1260,ESCOLA MUNICIPAL MONSENHOR ROCHA,PENHA,-43.3575695,-22.9336634,12.97,30,0.661,geocode_v0.15 (propagada)
2018,BA,2927408,10,2135,ESCOLA ESTADUAL NOSSA SENHORA DA PAZ,BAIRRO DA PAZ,-38.4995219,-12.9549147,12.97,4,0.875,geocode_v0.15 (propagada)
2018,RJ,3304557,188,1260,ESCOLA MUNICIPAL MONSENHOR ROCHA,PENHA,-43.3575695,-22.9336634,12.97,29,0.642,geocode_v0.15 (propagada)
2016,CE,2304707,25,1554,C.E.I. DONA INAH ARRUDA,PARAZINHO,-40.567022,-3.0644125,12.96,3,0.244,Mantida Original (Inseguro para mover)
2018,CE,2304707,25,1554,C.E.I. DONA INAH ARRUDA,PARAZINHO,-40.567022,-3.0644125,12.96,3,0.244,Mantida Original (Inseguro para mover)
2008,RJ,3304557,220,1090,ESCOLA MUNICIPAL ESGRAGNOLE DORIA,COSTA BARROS,-43.3465232,-22.939413,12.95,3,0.262,geocode_v0.15 (propagada)
2010,RJ,3304557,220,1090,ESCOLA MUNICIPAL ESGRAGNOLE DORIA,COSTA BARROS,-43.3465232,-22.939413,12.95,4,0.262,geocode_v0.15 (propagada)
2006,BA,2927408,8,1848,ESPECIAL COLEGIO EDUARDO BAHIANA,CAJAZEIRAS,-38.4863463,-12.9792871,12.93,11,1.199,geocode_v0.15 (propagada)
2016,BA,2927408,19,1562,ESPECIAL COLEGIO ESTADUAL EDUARDO BAHIANA,CAJAZEIRAS,-38.4863463,-12.9792871,12.93,9,1.07,geocode_v0.15 (propagada)
2018,BA,2927408,19,1562,ESPECIAL COLEGIO ESTADUAL EDUARDO BAHIANA,CAJAZEIRAS,-38.4863463,-12.9792871,12.93,9,1.07,geocode_v0.15 (propagada)
2012,MA,2111201,47,5503,ESCOLA CORACAO DE JESUS,CENTRO - ZONA URBANA,-44.173028,-2.565766,12.92,11,0.695,Mantida Original (Inseguro para mover)
2006,SE,2800308,1,1511,"JOAO TELES MENEZES, ESC. MUN.",CIDADE NOVA,-37.103374,-11.0006849,12.91,3,0.547,geocode_v0.15 (propagada)
2008,SE,2800308,1,1511,"JOAO TELES MENEZES, ESC. MUN.",CIDADE NOVA,-37.103374,-11.0006849,12.91,3,0.547,geocode_v0.15 (propagada)
2010,SE,2800308,1,1511,"JOAO TELES MENEZES, ESC. MUN.",CIDADE NOVA,-37.103374,-11.0006849,12.91,3,0.547,geocode_v0.15 (propagada)
2012,SE,2800308,1,1511,"JOAO TELES MENEZES, ESC. MUN.",CIDADE NOVA,-37.103374,-11.0006849,12.91,3,0.547,geocode_v0.15 (propagada)
2014,SE,2800308,1,1511,"JOAO TELES MENEZES, ESC. MUN.",CIDADE NOVA,-37.103374,-11.0006849,12.91,3,0.547,geocode_v0.15 (propagada)
2016,SE,2800308,1,1511,"JOAO TELES MENEZES, ESC. MUN.",CIDADE NOVA,-37.103374,-11.0006849,12.91,3,0.547,geocode_v0.15 (propagada)
2018,SE,2800308,1,1511,"JOAO TELES MENEZES, ESC. MUN.",CIDADE NOVA,-37.103374,-11.0006849,12.91,3,0.547,geocode_v0.15 (propagada)
2020,SE,2800308,1,1511,"JOAO TELES MENEZES, ESC. MUN.",CIDADE NOVA,-37.103374,-11.0006849,12.91,3,0.547,geocode_v0.15 (propagada)
2022,SE,2800308,1,1511,"JOAO TELES MENEZES, ESC. MUN.",CIDADE NOVA,-37.103374,-11.0006849,12.91,3,0.547,geocode_v0.15 (propagada)
2010,AM,1302603,32,1449,CENTRO INTERESCOLAR PADRE STELIO DALLISON,SAO JORGE,-59.93266408,-3.05627044,12.87,7,0.457,geocode_v0.15 (propagada)
2010,CE,2304400,1,2623,COLONIA DE PESCADORES,VICENTE PINZON,-38.58242777,-3.75279774,12.87,7,0.601,geocode_v0.15 (propagada)
2012,AM,1302603,32,1449,CENTRO INTERESCOLAR PADRE STELIO DALLISON,SAO JORGE,-59.93266408,-3.05627044,12.87,7,0.457,geocode_v0.15 (propagada)
2014,AM,1302603,32,1449,CENTRO INTERESCOLAR PADRE STELIO DALLISON,SAO JORGE,-59.93266408,-3.05627044,12.87,7,0.457,geocode_v0.15 (propagada)
2010,MA,2111201,47,1120,JARD. DE INFANCIA PROF. MARIA ELISA/ ESCOLA STA. CATARINA,CENTRO - ZONA URBANA,-44.169275,-2.581193,12.86,6,0.348,Mantida Original (Inseguro para mover)
2014,BA,2927408,8,1848,ESPECIAL COLEGIO ESTADUAL EDUARDO BAHIANA,CAJAZEIRAS,-38.4863463,-12.9792871,12.86,10,1.07,geocode_v0.15 (propagada)
2016,RJ,3304557,229,1040,BANCO BRADESCO S/A,TODOS OS SANTOS,-43.189572,-22.974748,12.8,7,0.922,geocode_v0.15 (propagada)
2012,RJ,3304557,212,1082,BANCO BRADESCO S/A,TODOS OS SANTOS,-43.1820342,-22.9663154,12.78,10,1.202,geocode_v0.15 (propagada)
2016,RJ,3304557,212,1082,BANCO BRADESCO S/A,TODOS OS SANTOS,-43.1820342,-22.9663154,12.78,7,0.922,geocode_v0.15 (propagada)
2012,MA,2111201,47,1120,JARD. DE INFANCIA PROF. MARIA ELISA/ ESCOLA STA. CATARINA,CENTRO - ZONA URBANA,-44.169275,-2.581193,12.76,11,0.695,Mantida Original (Inseguro para mover)
2010,RJ,3304557,165,1066,BANCO BRADESCO S/A,TODOS OS SANTOS,-43.2085632,-22.9842482,12.75,9,1.125,geocode_v0.15 (propagada)
2006,PA,1501402,73,2607,EEEFM MAESTRO WALDEMAR HENRIQUE (CAIC),MANGUEIRÃO,-48.447211,-1.2635726,12.71,5,0.73,geocode_v0.15 (propagada)
2008,PA,1501402,73,2607,EEEFM MAESTRO WALDEMAR HENRIQUE (CAIC),MANGUEIRÃO,-48.447211,-1.2635726,12.71,5,0.73,geocode_v0.15 (propagada)
2010,PA,1501402,73,2607,EEEFM MAESTRO WALDEMAR HENRIQUE (CAIC),MANGUEIRÃO,-48.447211,-1.2635726,12.71,6,0.73,geocode_v0.15 (propagada)
2012,PA,1501402,73,2607,EEEFM MAESTRO WALDEMAR HENRIQUE (CAIC),MANGUEIRÃO,-48.447211,-1.2635726,12.71,6,0.73,geocode_v0.15 (propagada)
2014,PA,1501402,73,2607,EEEFM MAESTRO WALDEMAR HENRIQUE (CAIC),MANGUEIRÃO,-48.447211,-1.2635726,12.71,8,0.73,geocode_v0.15 (propagada)
2016,PA,1501402,73,2607,EEEFM MAESTRO WALDEMAR HENRIQUE (CAIC),MANGUEIRÃO,-48.447211,-1.2635726,12.71,8,0.73,geocode_v0.15 (propagada)
2014,SP,3550308,371,2305,COLEGIO SANTA RITA DE CASSIA,PARQUE GRAJAU,-46.7894687,-23.6835973,12.65,4,1.069,geocode_v0.15 (propagada)
2008,CE,2314003,62,1309,POSTO DE SAUDE JOSE SERGIO DA COSTA,RIACHO VERDE-SEDE DO DISTRITO,-39.287623,-6.792819,12.64,3,0.143,Mantida Original (Inseguro para mover)
2010,CE,2314003,62,1309,POSTO DE SAUDE JOSE SERGIO DA COSTA,RIACHO VERDE-SEDE DO DISTRITO,-39.287623,-6.792819,12.64,3,0.143,Mantida Original (Inseguro para mover)
2012,CE,2314003,62,1309,POSTO DE SAUDE JOSE SERGIO DA COSTA,RIACHO VERDE-SEDE DO DISTRITO,-39.287623,-6.792819,12.64,3,0.143,Mantida Original (Inseguro para mover)
2014,CE,2314003,62,1309,POSTO DE SAUDE JOSE SERGIO DA COSTA,RIACHO VERDE-SEDE DO DISTRITO,-39.287623,-6.792819,12.64,3,0.143,Mantida Original (Inseguro para mover)
2006,RJ,3304557,165,1066,BANCO BRADESCO S/A,TODOS OS SANTOS,-43.2085632,-22.9842482,12.47,10,1.125,geocode_v0.15 (propagada)
2008,RJ,3304557,165,1066,BANCO BRADESCO S/A,TODOS OS SANTOS,-43.2085632,-22.9842482,12.47,10,1.125,geocode_v0.15 (propagada)
2014,DF,5300108,7,1279,CENTRO DE ENSINO FUNDAMENTAL IRMA REGINA (RODEADOR),N.R.ALEX. GUSMAO,-48.102427,-15.83067,12.42,3,0.392,Mantida Original (Inseguro para mover)
2010,CE,2304400,3,2348,GINASIO PAULO SARASATE (LOCAL PROVISORIO),ALDEOTA,-38.6138533,-3.7706477,12.38,10,1.082,geocode_v0.15 (propagada)
2012,CE,2304400,3,2348,GINASIO PAULO SARASATE (LOCAL PROVISORIO),ALDEOTA,-38.6138533,-3.7706477,12.38,10,1.082,geocode_v0.15 (propagada)
2010,CE,2304400,1,2836,COLEGIO MESQUITA ROCHA,PAPICU,-38.59109282,-3.72152792,12.34,6,1.023,geocode_v0.15 (propagada)
2008,SP,3550308,376,2399,CEI VILA BRASILANDIA,BRASILANDIA,-46.80694109,-23.44112092,12.31,3,0.094,geocode_v0.15 (propagada)
2010,CE,2304400,1,2771,E.M.E.I.F. LUIZ ANGELO PEREIRA (JOAO DE MOURA),MUCURIPE,-38.581115,-3.775462,12.31,7,0.316,geocode_v0.15 (propagada)
2010,SP,3550308,376,2399,CEI VILA BRASILANDIA,BRASILANDIA,-46.80694109,-23.44112092,12.31,3,0.094,geocode_v0.15 (propagada)
2012,CE,2304400,1,2771,E.M.E.I.F. LUIZ ANGELO PEREIRA (JOAO DE MOURA),MUCURIPE,-38.581115,-3.775462,12.31,7,0.316,geocode_v0.15 (propagada)
2010,SP,3550308,256,1830,PRESIDIO DA POLICIA MILITAR ROMAO GOMES,VILA ALBERTINA,-46.74892476,-23.40081918,12.29,5,0.331,geocode_v0.15 (propagada)
2006,SP,3550308,348,1155,EE. PROFª ALMERINDA RODRIGUES DE MELLO,VILA GUARANI,-46.53389842,-23.57671238,12.27,6,0.811,1. Match ID Validado
2008,SP,3550308,348,1155,EE. PROFª ALMERINDA RODRIGUES DE MELLO,VILA GUARANI,-46.53389842,-23.57671238,12.27,6,0.811,1. Match ID Validado
2010,SP,3550308,348,1155,EE. PROFª ALMERINDA RODRIGUES DE MELLO,VILA GUARANI,-46.53389842,-23.57671238,12.27,6,0.811,1. Match ID Validado
2012,SP,3550308,348,1155,EE. PROFª ALMERINDA RODRIGUES DE MELLO,VILA GUARANI,-46.53389842,-23.57671238,12.27,6,0.811,1. Match ID Validado
2012,RJ,3304557,165,1066,BANCO BRADESCO S/A,TODOS OS SANTOS,-43.2085632,-22.9842482,12.27,10,0.503,geocode_v0.15 (propagada)
2014,SP,3550308,348,1155,EE. PROFª ALMERINDA RODRIGUES DE MELLO,VILA GUARANI,-46.53389842,-23.57671238,12.27,6,0.811,1. Match ID Validado
2016,SP,3550308,348,1155,EE. PROFª ALMERINDA RODRIGUES DE MELLO,VILA GUARANI,-46.53389842,-23.57671238,12.27,6,0.811,1. Match ID Validado
2018,SP,3550308,348,1155,EE. PROFª ALMERINDA RODRIGUES DE MELLO,VILA GUARANI,-46.53389842,-23.57671238,12.27,6,0.811,1. Match ID Validado
2020,SP,3550308,348,1155,EE. PROFª ALMERINDA RODRIGUES DE MELLO,VILA GUARANI,-46.53389842,-23.57671238,12.27,6,0.811,1. Match ID Validado
2022,SP,3550308,348,1155,EE. PROFª ALMERINDA RODRIGUES DE MELLO,VILA GUARANI,-46.53389842,-23.57671238,12.27,6,0.811,Original (Não Aplicável)
2024,SP,3550308,348,1155,EE. PROFª ALMERINDA RODRIGUES DE MELLO,VILA GUARANI,-46.53389842,-23.57671238,12.27,6,0.811,chave_exata_2022
2024,MG,3106200,37,1368,ESCOLA MUNICIPAL TEN. MANOEL TEIXEIRA MAGALHÃES PENIDO,boa vista,-43.9969601,-19.9625583,12.19,6,0.465,chave_exata_2022
2006,CE,2304400,82,1074,FACULDADE CENECISTA DE FORTALEZA - FACEFOR,PARQUELANDIA,-38.5026077,-3.8328729,12.16,10,0.751,geocode_v0.15 (propagada)
2008,CE,2304400,82,1074,FACULDADE CENECISTA DE FORTALEZA - FACEFOR,PARQUELANDIA,-38.5026077,-3.8328729,12.16,10,0.751,geocode_v0.15 (propagada)
2010,CE,2304400,82,1074,FACULDADE CENECISTA DE FORTALEZA - FACEFOR,PARQUELANDIA,-38.5026077,-3.8328729,12.16,9,0.47,geocode_v0.15 (propagada)
2014,AM,1302603,1,1260,ESCOLA ESTADUAL LEONOR SANTIAGO MOURAO,N S DAS GRACAS,-59.95146595,-3.02683016,12.16,3,0.356,geocode_v0.15 (propagada)
2022,BA,2924504,117,1040,COLÉGIO ESTADUAL PETRONÍLIO DA SILVA PRADO,CENTRO,-42.614825,-14.4063512,12.16,3,0.144,geocode_v0.15 (propagada)
2006,RJ,3304557,231,1112,POSTO DO INAMPS PADRE MIGUEL,PADRE MIGUEL,-43.3528165,-22.9340004,12.14,21,0.912,geocode_v0.15 (propagada)
2008,RJ,3304557,231,1112,POSTO DO INAMPS PADRE MIGUEL,PADRE MIGUEL,-43.3528165,-22.9340004,12.14,21,0.912,geocode_v0.15 (propagada)
2006,RJ,3304557,252,1031,BANCO DO BRASIL,JACARÉ,-43.1910813,-22.983183,12.1,8,0.861,geocode_v0.15 (propagada)
2008,RJ,3304557,252,1031,BANCO DO BRASIL,JACARÉ,-43.1910813,-22.983183,12.1,7,0.861,geocode_v0.15 (propagada)
2014,SP,3550308,254,1643,LAFER 2 (NAO USAR - TRANSFERIR P/ ORIGINAL),VILA MARIA,-46.7032319,-23.4824607,12.1,6,0.862,geocode_v0.15 (propagada)
2010,CE,2304400,82,1465,COLEGIO 21 DE ABRIL,MONTE CASTELO,-38.519486,-3.8269433,12.09,8,0.436,geocode_v0.15 (propagada)
2012,CE,2304400,82,1465,COLEGIO 21 DE ABRIL,MONTE CASTELO,-38.519486,-3.8269433,12.09,8,0.436,geocode_v0.15 (propagada)
2014,CE,2304400,82,1465,COLEGIO 21 DE ABRIL,MONTE CASTELO,-38.519486,-3.8269433,12.09,8,0.436,geocode_v0.15 (propagada)
2018,SP,3550308,320,1279,EE. PROFESSORA EDMÉA ATTAB,VL STA MARGARIDA,-46.6390164,-23.6730533,12.05,4,0.377,geocode_v0.15 (propagada)
2020,SP,3550308,320,1279,EE. PROFESSORA EDMÉA ATTAB,VL STA MARGARIDA,-46.6390164,-23.6730533,12.05,4,0.377,geocode_v0.15 (propagada)
2022,SP,3550308,320,1279,EE. PROFESSORA EDMÉA ATTAB,VL STA MARGARIDA,-46.6390164,-23.6730533,12.05,4,0.377,geocode_v0.15 (propagada)
2024,SP,3550308,320,1279,EE PROFESSORA EDMÉA ATTAB,VL STA MARGARIDA,-46.6390164,-23.6730533,12.05,4,0.377,chave_exata_2022
2006,PI,2211001,1,1686,CENTRO SOCIAL URBANO,BUENOS AIRES,-42.7813607,-5.1478734,12.02,4,0.703,geocode_v0.15 (propagada)
2008,PI,2211001,1,1686,CENTRO SOCIAL URBANO,BUENOS AIRES,-42.7813607,-5.1478734,12.02,4,0.703,geocode_v0.15 (propagada)
2010,PI,2211001,1,1686,CENTRO SOCIAL URBANO,BUENOS AIRES,-42.7813607,-5.1478734,12.02,4,0.703,geocode_v0.15 (propagada)
2012,PI,2211001,1,1686,CENTRO SOCIAL URBANO,BUENOS AIRES,-42.7813607,-5.1478734,12.02,4,0.703,geocode_v0.15 (propagada)
2014,PI,2211001,1,1686,CENTRO SOCIAL URBANO,BUENOS AIRES,-42.7813607,-5.1478734,12.02,4,0.703,geocode_v0.15 (propagada)
2006,PE,2607901,118,1392,ESCOLA MURILO BRAGA - ANEXO DEFICIENTE,CAVALEIRO,-34.92096206,-8.18889878,11.99,5,0.217,geocode_v0.15 (propagada)
2008,PE,2607901,118,1392,ESCOLA MURILO BRAGA - ANEXO DEFICIENTE,CAVALEIRO,-34.92096206,-8.18889878,11.99,5,0.217,geocode_v0.15 (propagada)
2010,PE,2607901,118,1392,ESCOLA MURILO BRAGA - ANEXO DEFICIENTE,CAVALEIRO,-34.92096206,-8.18889878,11.99,5,0.217,geocode_v0.15 (propagada)
2024,MG,3106200,37,1376,ESCOLA MUNICIPAL MESTRE ATAYDE,boa vista,-43.9887726,-19.9679589,11.95,6,0.465,chave_exata_2022
2006,SP,3550308,348,1341,EMEI. PROFª THEREZA THÉ DE CARVALHO,PARQUE CRUZEIRO DO SUL,-46.53156308,-23.58228405,11.94,4,0.719,1. Match ID Validado
2008,SP,3550308,348,1341,EMEI. PROFª THEREZA THÉ DE CARVALHO,PARQUE CRUZEIRO DO SUL,-46.53156308,-23.58228405,11.94,4,0.719,1. Match ID Validado
2010,CE,2304400,3,1740,EEFM JUVENAL GALENO,CENTRO,-38.51663504,-3.83847445,11.94,15,0.796,geocode_v0.15 (propagada)
2010,SP,3550308,348,1341,EMEI. PROFª THEREZA THÉ DE CARVALHO,PARQUE CRUZEIRO DO SUL,-46.53156308,-23.58228405,11.94,4,0.719,1. Match ID Validado
2012,CE,2304400,3,1740,EEFM JUVENAL GALENO,CENTRO,-38.51663504,-3.83847445,11.94,17,0.796,geocode_v0.15 (propagada)
2012,SP,3550308,348,1341,EMEI. PROFª THEREZA THÉ DE CARVALHO,PARQUE CRUZEIRO DO SUL,-46.53156308,-23.58228405,11.94,4,0.719,1. Match ID Validado
2014,SP,3550308,348,1341,EMEI. PROFª THEREZA THÉ DE CARVALHO,PARQUE CRUZEIRO DO SUL,-46.53156308,-23.58228405,11.94,4,0.719,1. Match ID Validado
2016,SP,3550308,348,1341,EMEI. PROFª THEREZA THÉ DE CARVALHO,PARQUE CRUZEIRO DO SUL,-46.53156308,-23.58228405,11.94,4,0.719,1. Match ID Validado
2018,SP,3550308,348,1341,EMEI. PROFª THEREZA THÉ DE CARVALHO,PARQUE CRUZEIRO DO SUL,-46.53156308,-23.58228405,11.94,4,0.719,1. Match ID Validado
2020,SP,3550308,348,1341,EMEI. PROFª THEREZA THÉ DE CARVALHO,PARQUE CRUZEIRO DO SUL,-46.53156308,-23.58228405,11.91,3,0.447,1. Match ID Validado
2022,SP,3550308,348,1341,EMEI. PROFª THEREZA THÉ DE CARVALHO,PARQUE CRUZEIRO DO SUL,-46.53156308,-23.58228405,11.91,3,0.447,Original (Não Aplicável)
2024,SP,3550308,348,1341,EMEI. PROFª THEREZA THÉ DE CARVALHO,PARQUE CRUZEIRO DO SUL,-46.53156308,-23.58228405,11.91,3,0.447,chave_exata_2022
2006,BA,2924504,117,1040,COLÉGIO ESTADUAL PETRONÍLIO DA SILVA PRADO,CENTRO,-42.614825,-14.4063512,11.9,4,0.281,geocode_v0.15 (propagada)
2008,BA,2924504,117,1040,COLÉGIO ESTADUAL PETRONÍLIO DA SILVA PRADO,CENTRO,-42.614825,-14.4063512,11.9,4,0.281,geocode_v0.15 (propagada)
2010,BA,2924504,117,1040,COLÉGIO ESTADUAL PETRONÍLIO DA SILVA PRADO,CENTRO,-42.614825,-14.4063512,11.9,4,0.281,geocode_v0.15 (propagada)
2012,BA,2924504,117,1040,COLÉGIO ESTADUAL PETRONÍLIO DA SILVA PRADO,CENTRO,-42.614825,-14.4063512,11.9,4,0.281,geocode_v0.15 (propagada)
2014,BA,2924504,117,1040,COLÉGIO ESTADUAL PETRONÍLIO DA SILVA PRADO,CENTRO,-42.614825,-14.4063512,11.9,4,0.281,geocode_v0.15 (propagada)
2016,BA,2924504,117,1040,COLÉGIO ESTADUAL PETRONÍLIO DA SILVA PRADO,CENTRO,-42.614825,-14.4063512,11.9,4,0.281,geocode_v0.15 (propagada)
2018,BA,2924504,117,1040,COLÉGIO ESTADUAL PETRONÍLIO DA SILVA PRADO,CENTRO,-42.614825,-14.4063512,11.9,4,0.281,geocode_v0.15 (propagada)
2020,BA,2924504,117,1040,COLÉGIO ESTADUAL PETRONÍLIO DA SILVA PRADO,CENTRO,-42.614825,-14.4063512,11.9,4,0.281,geocode_v0.15 (propagada)
2006,RJ,3304557,8,1201,MAGNATAS ATLETICO CLUB,ROCHA,-43.3512299,-22.8455591,11.86,4,0.577,geocode_v0.15 (propagada)
2008,RJ,3304557,8,1082,MAGNATAS ATLETICO CLUB,ROCHA,-43.3512299,-22.8455591,11.86,5,0.577,geocode_v0.15 (propagada)
2010,RJ,3304557,8,1201,MAGNATAS ATLETICO CLUB,ROCHA,-43.3512299,-22.8455591,11.86,5,0.577,geocode_v0.15 (propagada)
2012,RJ,3304557,8,1201,MAGNATAS ATLETICO CLUB,ROCHA,-43.3512299,-22.8455591,11.86,5,0.577,geocode_v0.15 (propagada)
2014,SP,3550308,320,1279,EE. PROFESSORA EDMÉA ATTAB,VL STA MARGARIDA,-46.6390164,-23.6730533,11.84,3,0.365,geocode_v0.15 (propagada)
2016,SP,3550308,320,1279,EE. PROFESSORA EDMÉA ATTAB,VL STA MARGARIDA,-46.6390164,-23.6730533,11.84,3,0.365,geocode_v0.15 (propagada)
2006,SP,3550308,327,1473,EMEI JARDIM MONJOLO I,FREGUESIA DO O,-46.80113438,-23.44481338,11.83,3,0.079,geocode_v0.15 (propagada)
2006,GO,5208707,127,1244,ESCOLA DE GOVERNO HENRIQUE SANTILLO,JARDIM AMÉRICA,-49.3349605,-16.6072804,11.8,12,0.957,geocode_v0.15 (propagada)
2008,GO,5208707,127,1244,ESCOLA DE GOVERNO HENRIQUE SANTILLO,JARDIM AMÉRICA,-49.3349605,-16.6072804,11.8,12,0.957,geocode_v0.15 (propagada)
2010,BA,2927408,6,1090,ESCOLA MUNICIPAL VISCONDE DE CAIRU,PARIPE,-38.4475431,-12.9459542,11.74,9,0.99,geocode_v0.15 (propagada)
2012,BA,2927408,6,1090,ESCOLA MUNICIPAL VISCONDE DE CAIRU,PARIPE,-38.4475431,-12.9459542,11.74,9,0.99,geocode_v0.15 (propagada)
2014,BA,2927408,6,1090,ESCOLA MUNICIPAL VISCONDE DE CAIRU,PARIPE,-38.4475431,-12.9459542,11.74,10,0.428,geocode_v0.15 (propagada)
2006,CE,2304400,94,2453,EEF DOM HELDER CAMARA,QUINTINO CUNHA,-38.5256872,-3.8089727,11.72,6,0.571,geocode_v0.15 (propagada)
2006,TO,1721000,29,1040,PALACIO DA CIDADANIA - OAB - TO,CENTRO,-48.3146067,-10.2959339,11.72,15,0.876,geocode_v0.15 (propagada)
2008,CE,2304400,94,2453,EEF DOM HELDER CAMARA,QUINTINO CUNHA,-38.5256872,-3.8089727,11.72,6,0.571,geocode_v0.15 (propagada)
2006,CE,2304400,114,1066,CENTRO EDUCACIONAL ANDRADE E SILVA,JARDIM IRACEMA,-38.6236675,-3.8196398,11.69,6,0.351,geocode_v0.15 (propagada)
2006,RN,2408102,3,1570,ESCOLA ESTADUAL REGULO TINOCO,LAGOA NOVA,-35.26459316,-5.73188334,11.65,17,1.118,geocode_v0.15 (propagada)
2006,PE,2611606,6,1449,JARDIM ESCOLA MARIA AMELIA,VASCO DA GAMA,-34.9394106,-8.11603221,11.65,10,0.486,geocode_v0.15 (propagada)
2008,RN,2408102,3,1570,ESCOLA ESTADUAL REGULO TINOCO,LAGOA NOVA,-35.26459316,-5.73188334,11.65,17,1.098,geocode_v0.15 (propagada)
2008,PE,2611606,6,1449,JARDIM ESCOLA MARIA AMELIA,VASCO DA GAMA,-34.9394106,-8.11603221,11.65,10,0.486,geocode_v0.15 (propagada)
2010,RN,2408102,3,1570,ESCOLA ESTADUAL REGULO TINOCO,LAGOA NOVA,-35.26459316,-5.73188334,11.65,18,1.118,geocode_v0.15 (propagada)
2012,RN,2408102,3,1570,ESCOLA ESTADUAL REGULO TINOCO,LAGOA NOVA,-35.26459316,-5.73188334,11.65,18,1.118,geocode_v0.15 (propagada)
2016,RN,2408102,3,1570,ESCOLA ESTADUAL REGULO TINOCO,LAGOA NOVA,-35.26459316,-5.73188334,11.65,17,1.118,geocode_v0.15 (propagada)
2012,AM,1302603,1,5503,UNINORTE - CENTRO UNIVERSITARIO DO NORTE,CENTRO,-60.0107061,-3.02428604,11.63,23,0.812,geocode_v0.15 (propagada)
2006,BA,2917102,137,1023,ESCOLA ESTADUAL FRANCISCO A. DE BRITO,CENTRO,-39.974634,-15.067304,11.55,7,0.084,1. Match ID Validado
2010,MA,2111300,89,1074,UNIDADE INTEGRADA ALUISIO AZEVEDO,SAO CRISTOVAO - ZONA URBANA,-44.3383498,-2.5586468,11.53,6,0.53,geocode_v0.15 (propagada)
2024,MG,3106200,37,1635,ESCOLA ESTADUAL DOM CABRAL,boa vista,-43.9885948,-19.9625836,11.53,6,0.465,chave_exata_2022
2008,BA,2917102,137,1023,ESCOLA ESTADUAL FRANCISCO A. DE BRITO,CENTRO,-39.974634,-15.067304,11.49,8,0.193,1. Match ID Validado
2010,BA,2917102,137,1023,ESCOLA ESTADUAL FRANCISCO A. DE BRITO,CENTRO,-39.974634,-15.067304,11.49,8,0.209,1. Match ID Validado
2012,BA,2917102,137,1023,ESCOLA ESTADUAL FRANCISCO A. DE BRITO,CENTRO,-39.974634,-15.067304,11.49,8,0.209,1. Match ID Validado
2012,SP,3550308,6,2151,POLIEDRO,VILA MARIANA,-46.5276785,-23.5601621,11.49,13,0.852,geocode_v0.15 (propagada)
2014,SP,3550308,6,2151,POLIEDRO,VILA MARIANA,-46.5276785,-23.5601621,11.49,13,0.852,geocode_v0.15 (propagada)
2022,BA,2917102,137,1023,ESCOLA ESTADUAL FRANCISCO A. DE BRITO,CENTRO,-39.974634,-15.067304,11.49,6,0.209,Original (Não Aplicável)
2006,SP,3550308,6,2020,COLEGIO MARCO POLO,VILA MARIANA,-46.7417197,-23.6325873,11.47,11,0.91,geocode_v0.15 (propagada)
2008,SP,3550308,6,2020,COLEGIO MARCO POLO,VILA MARIANA,-46.7417197,-23.6325873,11.47,12,0.91,geocode_v0.15 (propagada)
2006,RJ,3304557,1,1023,BANCO DO BRASIL,JACARÉ,-43.189572,-22.974748,11.44,8,0.861,geocode_v0.15 (propagada)
2008,RJ,3304557,1,1023,BANCO DO BRASIL,JACARÉ,-43.189572,-22.974748,11.44,7,0.861,geocode_v0.15 (propagada)
2014,BA,2917102,137,1023,ESCOLA ESTADUAL FRANCISCO A. DE BRITO,CENTRO,-39.974634,-15.067304,11.44,7,0.294,1. Match ID Validado
2016,BA,2917102,137,1023,ESCOLA ESTADUAL FRANCISCO A. DE BRITO,CENTRO,-39.974634,-15.067304,11.44,7,0.294,1. Match ID Validado
2018,BA,2917102,137,1023,ESCOLA ESTADUAL FRANCISCO A. DE BRITO,CENTRO,-39.974634,-15.067304,11.44,7,0.294,1. Match ID Validado
2020,BA,2917102,137,1023,ESCOLA ESTADUAL FRANCISCO A. DE BRITO,CENTRO,-39.974634,-15.067304,11.44,7,0.294,1. Match ID Validado
2006,PA,1501501,36,1139,E. E. DE 1 GRAU DE MURINIM,CENTRO,-48.3180121,-1.2928656,11.41,4,0.145,geocode_v0.15 (propagada)
2006,BA,2927408,4,1236,ESCOLA ANTONIO CARLOS MAGALHAES,PERIPERI,-38.4802082,-12.966975,11.28,14,0.379,geocode_v0.15 (propagada)
2008,BA,2927408,4,1236,ESCOLA ANTONIO CARLOS MAGALHAES,PERIPERI,-38.4802082,-12.966975,11.28,15,0.379,geocode_v0.15 (propagada)
2010,BA,2927408,4,1236,ESCOLA ANTONIO CARLOS MAGALHAES,PERIPERI,-38.4802082,-12.966975,11.28,16,0.486,geocode_v0.15 (propagada)
2012,BA,2927408,4,1236,ESCOLA ANTONIO CARLOS MAGALHAES,PERIPERI,-38.4802082,-12.966975,11.28,15,0.509,geocode_v0.15 (propagada)
2014,BA,2927408,4,1236,ESCOLA ANTONIO CARLOS MAGALHAES,PERIPERI,-38.4802082,-12.966975,11.28,17,0.509,geocode_v0.15 (propagada)
2014,RJ,3304557,1,1031,PALACIO GUSTAVO CAPANEMA (ANTIGO MINISTERIO DA EDUCACAO),CENTRO,-43.2872579,-22.8653597,11.25,20,0.662,geocode_v0.15 (propagada)
2020,PE,2611606,149,1546,ESCOLA CECÍLIA MEIRELES,IBURA DE BAIXO,-34.929269,-8.0153,11.19,9,0.609,1. Match ID Validado
2022,PE,2611606,149,1546,ESCOLA CECÍLIA MEIRELES,IBURA DE BAIXO,-34.929269,-8.0153,11.19,9,0.609,Original (Não Aplicável)
2024,PE,2611606,149,1546,ESCOLA CECÍLIA MEIRELES,IBURA DE BAIXO,-34.929269,-8.0153,11.19,9,0.609,chave_exata_2022
2020,SE,2800308,27,1805,"JOÃO BATISTA DOUGLAS DE SOUZA, EMEI",SANTA MARIA,-37.0593192,-10.8961592,11.17,7,0.426,geocode_v0.15 (propagada)
2022,SE,2800308,27,1805,"JOÃO BATISTA DOUGLAS DE SOUZA, EMEI",SANTA MARIA,-37.0593192,-10.8961592,11.17,9,0.426,geocode_v0.15 (propagada)
2006,RS,4318309,49,1040,E.M.E.F. JOSE FERREIRA DA FONSECA LIMA,CENTRO,-54.367148,-30.244009,11.12,12,0.542,Corrigido pelo GeoJSON de Votos (RS)
2008,RS,4318309,49,1040,E.M.E.F. JOSE FERREIRA DA FONSECA LIMA,CENTRO,-54.367148,-30.244009,11.12,11,0.435,Corrigido pelo GeoJSON de Votos (RS)
2010,RS,4318309,49,1040,E.M.E.F. JOSE FERREIRA DA FONSECA LIMA,CENTRO,-54.367148,-30.244009,11.12,11,0.435,Corrigido pelo GeoJSON de Votos (RS)
2016,AM,1302603,63,1775,CMEI BEATRIZ SVERNER (OPÇÃO PARA O ARTHUR ENGRÁCIO),TANCREDO NEVES,-60.02264622,-3.0027603,11.04,12,0.843,geocode_v0.15 (propagada)
2018,AM,1302603,63,1775,CMEI BEATRIZ SVERNER (OPÇÃO PARA O ARTHUR ENGRÁCIO),TANCREDO NEVES,-60.02264622,-3.0027603,11.04,12,0.843,geocode_v0.15 (propagada)
2010,AM,1302603,68,1406,CEMEJA SAMUEL BENCHIMOL,SAO JOSE OPERARIO,-60.04585107,-3.06731852,11.0,23,0.955,geocode_v0.15 (propagada)
2012,AM,1302603,68,1406,CEMEJA SAMUEL BENCHIMOL,SAO JOSE OPERARIO,-60.04585107,-3.06731852,11.0,23,0.955,geocode_v0.15 (propagada)
2014,AM,1302603,68,1406,CEMEJA SAMUEL BENCHIMOL,SAO JOSE OPERARIO,-60.04585107,-3.06731852,11.0,23,0.955,geocode_v0.15 (propagada)
2016,AM,1302603,63,1970,CMEJA SAMUEL BENCHIMOL,SAO JOSE OPERARIO,-60.04585107,-3.06731852,11.0,21,0.955,geocode_v0.15 (propagada)
2018,AM,1302603,63,1970,CEMEJA SAMUEL BENCHIMOL,SAO JOSE OPERARIO,-60.04585107,-3.06731852,11.0,22,0.955,geocode_v0.15 (propagada)
2016,RN,2408102,2,1724,ESCOLA ESTADUAL CONEGO MONTE,LAGOA NOVA,-35.2565616,-5.73454087,10.99,17,1.09,geocode_v0.15 (propagada)
2014,CE,2304400,112,1538,COELCE,JOAQUIM TAVORA,-38.60258658,-3.79543589,10.97,3,0.175,geocode_v0.15 (propagada)
2012,RJ,3304557,1,1279,MINISTERIO DA EDUCACAO,CENTRO,-43.2872579,-22.8653597,10.96,25,0.937,geocode_v0.15 (propagada)
2006,CE,2304400,116,1473,ANEXO NOVO MUNDO PIONEIRO I,GRANJA PORTUGAL,-38.50616143,-3.75545147,10.94,13,0.619,geocode_v0.15 (propagada)
2008,CE,2304400,116,1473,ANEXO NOVO MUNDO PIONEIRO I,GRANJA PORTUGAL,-38.50616143,-3.75545147,10.94,13,0.619,geocode_v0.15 (propagada)
2010,CE,2304400,116,1473,ANEXO NOVO MUNDO PIONEIRO I,GRANJA PORTUGAL,-38.50616143,-3.75545147,10.94,14,0.433,geocode_v0.15 (propagada)
2012,CE,2304400,116,1473,ANEXO NOVO MUNDO PIONEIRO I,GRANJA PORTUGAL,-38.50616143,-3.75545147,10.94,16,0.531,geocode_v0.15 (propagada)
2006,AM,1302603,2,1562,ESCOLA PRINCESA ISABEL,CENTRO,-59.93388803,-3.08002311,10.86,27,0.925,geocode_v0.15 (propagada)
2008,AM,1302603,2,1562,ESCOLA PRINCESA ISABEL,CENTRO,-59.93388803,-3.08002311,10.86,23,0.812,geocode_v0.15 (propagada)
2010,AM,1302603,2,1562,ESCOLA ESTADUAL PRINCESA ISABEL,CENTRO,-59.93388803,-3.08002311,10.86,23,0.812,geocode_v0.15 (propagada)
2012,AM,1302603,2,1562,ESCOLA ESTADUAL PRINCESA ISABEL,CENTRO,-59.93388803,-3.08002311,10.86,23,0.812,geocode_v0.15 (propagada)
2014,AM,1302603,2,1562,ESCOLA ESTADUAL PRINCESA ISABEL,CENTRO,-59.93388803,-3.08002311,10.86,19,0.789,geocode_v0.15 (propagada)
2006,RJ,3304557,8,1023,INSTITUTO IMACULADA CONCEICAO,CACHAMBI,-43.18159,-22.94324,10.85,8,0.407,Mantida Original (Inseguro para mover)
2008,RJ,3304557,8,1023,INSTITUTO IMACULADA CONCEICAO,CACHAMBI,-43.18159,-22.94324,10.85,8,0.407,Mantida Original (Inseguro para mover)
2010,RJ,3304557,8,1023,INSTITUTO IMACULADA CONCEICAO,CACHAMBI,-43.18159,-22.94324,10.85,9,0.407,Mantida Original (Inseguro para mover)
2012,RJ,3304557,8,1023,INSTITUTO IMACULADA CONCEICAO,CACHAMBI,-43.18159,-22.94324,10.85,10,0.41,Mantida Original (Inseguro para mover)
2014,RJ,3304557,8,1023,INSTITUTO IMACULADA CONCEICAO,CACHAMBI,-43.18159,-22.94324,10.85,12,0.459,Mantida Original (Inseguro para mover)
2006,RJ,3304557,205,1295,BANCO DO BRASIL,JACARÉ,-43.1876487,-22.9663437,10.84,8,0.861,geocode_v0.15 (propagada)
2008,CE,2304400,114,1066,CENTRO EDUCACIONAL ANDRADE E SILVA,PADRE ANDRADE,-38.6236675,-3.8196398,10.84,3,0.144,geocode_v0.15 (propagada)
2008,RJ,3304557,205,1295,BANCO DO BRASIL,JACARÉ,-43.1876487,-22.9663437,10.84,7,0.861,geocode_v0.15 (propagada)
2018,PR,4106902,178,1961,COLÉGIO ESTADUAL PADRE SILVESTRE KANDORA,SÃO BRAZ,-49.2557717,-25.4563791,10.79,5,0.823,1. Match ID Validado
2018,PR,4106902,178,2070,ESCOLA MUNICIPAL CEI PROFESSOR JÚLIO MOREIRA,SÃO BRAZ,-49.2557834,-25.4563829,10.79,5,0.823,1. Match ID Validado
2006,AM,1302603,68,1406,CEMEJA SAMUEL BENCHIMOL,SAO JOSE OPERARIO,-60.04585107,-3.06731852,10.77,22,1.005,geocode_v0.15 (propagada)
2006,SP,3550308,258,1422,COLEGIO CRIATIVA,CAMPO BELO,-46.7796795,-23.6375248,10.77,6,0.526,geocode_v0.15 (propagada)
2008,AM,1302603,68,1406,CEMEJA SAMUEL BENCHIMOL,SAO JOSE OPERARIO,-60.04585107,-3.06731852,10.77,22,1.005,geocode_v0.15 (propagada)
2008,SP,3550308,258,1422,COLEGIO CRIATIVA,CAMPO BELO,-46.7796795,-23.6375248,10.77,6,0.526,geocode_v0.15 (propagada)
2010,SP,3550308,258,1422,COLEGIO CRIATIVA,CAMPO BELO,-46.7796795,-23.6375248,10.77,6,0.526,geocode_v0.15 (propagada)
2012,SP,3550308,258,1422,COLEGIO CRIATIVA,CAMPO BELO,-46.7796795,-23.6375248,10.77,6,0.526,geocode_v0.15 (propagada)
2014,SP,3550308,258,1422,COLEGIO CRIATIVA,CAMPO BELO,-46.7796795,-23.6375248,10.77,6,0.526,geocode_v0.15 (propagada)
2016,SP,3550308,258,1422,COLEGIO CRIATIVA,CAMPO BELO,-46.7796795,-23.6375248,10.77,6,0.526,geocode_v0.15 (propagada)
2018,SP,3550308,258,1422,COLEGIO CRIATIVA,CAMPO BELO,-46.7796795,-23.6375248,10.77,6,0.526,geocode_v0.15 (propagada)
2020,SP,3550308,258,1422,COLÉGIO CRIATIVA,CAMPO BELO,-46.7796795,-23.6375248,10.77,5,0.516,geocode_v0.15 (propagada)
2018,CE,2304400,95,1104,ESCOLA SHALOM,BARROSO,-38.5873561,-3.7576534,10.76,7,0.261,geocode_v0.15 (propagada)
2020,CE,2304400,95,1104,ESCOLA SHALOM,BARROSO,-38.5873561,-3.7576534,10.76,7,0.261,geocode_v0.15 (propagada)
2012,SP,3550308,251,1490,EMEI PEDROSO DE MORAES,PINHEIROS,-46.79193195,-23.58364974,10.75,10,0.964,geocode_v0.15 (propagada)
2012,RN,2408102,69,5527,ESCOLA MUNICIPAL VEREADOR JOSE SOTERO - SECAO ESPECIAL,IGAPO,-35.27063288,-5.7436498,10.73,5,0.016,geocode_v0.15 (propagada)
2014,AM,1302603,68,1775,E. M. CLEONICE DE MENEZES FERNANDES,JORGE TEIXEIRA,-60.02264622,-3.0027603,10.7,17,0.97,
2006,CE,2304400,1,2356,AABEC - ASSOCIACAO ATLETICA DO BANCO DO ESTADO DO CEARA,VICENTE PINZON,-38.56205922,-3.72637449,10.69,8,0.979,geocode_v0.15 (propagada)
2006,SP,3541000,406,1309,E.M. JOAQUIM AUGUSTO FERREIRA MOURÃO,JARDIM MELVI,-46.43463185,-24.00825556,10.69,3,0.074,geocode_v0.15 (propagada)
2008,CE,2304400,1,2356,AABEC - ASSOC ATLETICA DO BANCO DO E DO CEARA,VICENTE PINZON,-38.56205922,-3.72637449,10.69,8,0.979,geocode_v0.15 (propagada)
2008,SP,3541000,406,1309,E.M. JOAQUIM AUGUSTO FERREIRA MOURÃO,JARDIM MELVI,-46.43463185,-24.00825556,10.69,3,0.074,geocode_v0.15 (propagada)
2006,RJ,3303302,115,1430,CRECHE MUNICIPAL RENATA MAGALDI,FONSECA,-43.0330724,-22.9615628,10.67,23,0.802,geocode_v0.15 (propagada)
2008,RJ,3303302,115,1430,CRECHE MUNICIPAL RENATA MAGALDI,FONSECA,-43.0330724,-22.9615628,10.67,23,0.802,geocode_v0.15 (propagada)
2022,CE,2304400,117,1775,CENTRO SOCIOEDUCATIVO DO CANINDEZINHO - CSC,CANINDEZINHO,-38.56811942,-3.71762275,10.67,6,1.002,geocode_v0.15 (propagada)
2024,CE,2304400,117,1775,CENTRO SOCIOEDUCATIVO DO CANINDEZINHO - CSC,CANINDEZINHO,-38.56811942,-3.71762275,10.67,7,0.718,geocode_v0.15 (propagada)
2006,AM,1302603,1,1635,ESCOLA ESTADUAL ANTONIO NUNES GIMENEZ,CENTRO,-59.937704,-3.077813,10.62,27,0.925,Mantida Original (Inseguro para mover)
2014,BA,2927408,4,1945,COLÉGIO CELESTIN FREINET,PERIPERI,-38.4819184,-12.9606342,10.59,17,0.509,geocode_v0.15 (propagada)
2020,PR,4106902,178,1961,COLÉGIO ESTADUAL PADRE SILVESTRE KANDORA,SÃO BRAZ,-49.2557717,-25.4563791,10.59,4,0.998,1. Match ID Validado
2020,PR,4106902,178,2070,ESCOLA MUNICIPAL CEI PROFESSOR JÚLIO MOREIRA,SÃO BRAZ,-49.2557834,-25.4563829,10.59,4,0.998,1. Match ID Validado
2022,PR,4106902,178,2070,ESCOLA MUNICIPAL CEI PROFESSOR JÚLIO MOREIRA,SÃO BRAZ,-49.2557834,-25.4563829,10.59,4,0.998,Original (Não Aplicável)
2022,PR,4106902,178,1961,COLÉGIO ESTADUAL PADRE SILVESTRE KANDORA,SÃO BRAZ,-49.2557717,-25.4563791,10.59,4,0.998,Original (Não Aplicável)
2024,PR,4106902,178,1961,COLÉGIO ESTADUAL PADRE SILVESTRE KANDORA,SÃO BRAZ,-49.2557717,-25.4563791,10.59,4,0.998,chave_exata_2022
2024,PR,4106902,178,2070,ESCOLA MUNICIPAL CEI PROFESSOR JÚLIO MOREIRA,SÃO BRAZ,-49.2557834,-25.4563829,10.59,4,0.998,chave_exata_2022
2018,RN,2408102,1,2569,COMPLEXO CULTURAL DA UERN,POTENGI,-35.2611381,-5.8482733,10.56,25,1.028,geocode_v0.15 (propagada)
2010,AL,2704302,2,1805,CRECHE ROSANE COLLOR,JACINTINHO,-35.78224731,-9.56788266,10.54,17,0.746,geocode_v0.15 (propagada)
2012,AM,1302603,1,1244,ESCOLA MUNICIPAL PADRE PEDRO GABRIEL DE OLIVEIRA NETO,NOSSA SENHORA DAS GRACAS,-59.95795724,-3.04399249,10.53,3,0.216,geocode_v0.15 (propagada)
2024,SP,3550308,256,1830,PRESÍDIO DA POLÍCIA MILITAR ROMÃO GOMES,VILA ALBERTINA,-46.7642485,-23.564653,10.48,5,0.331,geocode_v0.15 (propagada)
2006,PA,1501402,77,1619,EEEFM VISCONDE DE SOUZA FRANCO,MARCO,-48.46703215,-1.34709204,10.37,15,0.371,geocode_v0.15 (propagada)
2006,RJ,3304557,162,1171,ESCOLA CARVALHO MOURAO,CORDOVIL,-43.2279962,-22.8928164,10.37,16,1.014,geocode_v0.15 (propagada)
2008,PA,1501402,77,1619,EEEFM VISCONDE DE SOUZA FRANCO,MARCO,-48.46703215,-1.34709204,10.37,15,0.371,geocode_v0.15 (propagada)
2008,RJ,3304557,162,1171,ESCOLA CARVALHO MOURAO,CORDOVIL,-43.2279962,-22.8928164,10.37,16,1.014,geocode_v0.15 (propagada)
2010,RJ,3304557,162,1171,ESCOLA CARVALHO MOURAO,CORDOVIL,-43.2279962,-22.8928164,10.37,16,1.014,geocode_v0.15 (propagada)
2012,RJ,3304557,162,1171,ESCOLA CARVALHO MOURAO,CORDOVIL,-43.2279962,-22.8928164,10.37,15,1.014,geocode_v0.15 (propagada)
2014,RJ,3304557,162,1171,ESCOLA CARVALHO MOURAO,CORDOVIL,-43.2279962,-22.8928164,10.37,13,1.014,geocode_v0.15 (propagada)
2016,RJ,3304557,162,1171,ESCOLA CARVALHO MOURAO,CORDOVIL,-43.2279962,-22.8928164,10.37,13,1.014,geocode_v0.15 (propagada)
2006,BA,2927408,1,1015,ASSOCIAÇÃO ATLÉTICA DA BAHIA,BARRA,-38.4510866,-12.9495809,10.36,5,0.931,geocode_v0.15 (propagada)
2012,PE,2607901,147,1325,ESCOLA MUNICIPAL JESUS DE NAZARÉ,GUARARAPES,-35.01970692,-8.11263299,10.35,6,0.773,geocode_v0.15 (propagada)
2014,PE,2607901,147,1325,ESCOLA MUNICIPAL JESUS DE NAZARÉ,GUARARAPES,-35.01970692,-8.11263299,10.35,6,0.773,geocode_v0.15 (propagada)
2016,PA,1501402,97,1430,EEEF CARLOS DRUMMOND DE ANDRADE,CABANAGEM,-48.4681272,-1.4538258,10.29,3,0.505,geocode_v0.15 (propagada)
2018,PA,1501402,73,3220,EEEF CARLOS DRUMMOND DE ANDRADE,CABANAGEM,-48.4681272,-1.4538258,10.29,3,0.505,geocode_v0.15 (propagada)
2020,PA,1501402,73,3220,EEEF CARLOS DRUMMOND DE ANDRADE,CABANAGEM,-48.4681272,-1.4538258,10.29,3,0.505,geocode_v0.15 (propagada)
2014,RJ,3304557,3,1651,NUCLEO EXCELENCIA DE ENSINO E EDUCACAO,FLAMENGO,-43.2419756,-22.8660319,10.28,6,0.476,geocode_v0.15 (propagada)
2016,RJ,3304557,3,1651,NUCLEO EXCELENCIA DE ENSINO E EDUCACAO,FLAMENGO,-43.2419756,-22.8660319,10.28,6,0.476,geocode_v0.15 (propagada)
2012,AM,1302603,68,1490,CMEI BEATRIZ SVERNER,TANCREDO NEVES,-60.02264622,-3.0027603,10.27,8,0.803,geocode_v0.15 (propagada)
2014,AM,1302603,68,1775,CMEI BEATRIZ SVERNER,TANCREDO NEVES,-60.02264622,-3.0027603,10.27,8,0.803,geocode_v0.15 (propagada)
2006,AM,1302603,1,1244,ESCOLA MUNICIPAL PADRE PEDRO GABRIEL DE OLIVEIRA NETO,NOSSA SENHORA DAS GRACAS,-59.95795724,-3.04399249,10.25,5,0.436,geocode_v0.15 (propagada)
2008,AM,1302603,1,1244,ESCOLA MUNICIPAL PADRE PEDRO GABRIEL DE OLIVEIRA NETO,NOSSA SENHORA DAS GRACAS,-59.95795724,-3.04399249,10.25,5,0.436,geocode_v0.15 (propagada)
2010,AM,1302603,1,1244,ESCOLA MUNICIPAL PADRE PEDRO GABRIEL DE OLIVEIRA NETO,NOSSA SENHORA DAS GRACAS,-59.95795724,-3.04399249,10.25,4,0.436,geocode_v0.15 (propagada)
2014,AM,1302603,1,1244,ESCOLA MUNICIPAL PADRE PEDRO GABRIEL DE OLIVEIRA NETO,N S DAS GRACAS,-59.95795724,-3.04399249,10.25,3,0.356,geocode_v0.15 (propagada)
2006,PR,4106902,177,1481,PRIMEIRA IGREJA BATISTA DE CURITIBA,BATEL,-49.26666256,-25.53213869,10.17,4,0.659,geocode_v0.15 (propagada)
2008,PR,4106902,177,1481,PRIMEIRA IGREJA BATISTA DE CURITIBA,BATEL,-49.26666256,-25.53213869,10.17,4,0.659,geocode_v0.15 (propagada)
2010,PR,4106902,177,1481,PRIMEIRA IGREJA BATISTA DE CURITIBA,BATEL,-49.26666256,-25.53213869,10.17,4,0.659,geocode_v0.15 (propagada)
2012,PR,4106902,177,1481,PRIMEIRA IGREJA BATISTA DE CURITIBA,BATEL,-49.26666256,-25.53213869,10.17,4,0.659,geocode_v0.15 (propagada)
2006,PA,1501402,30,1287,ESCOLA PAROQUIAL SAO JOAO BATISTA,CRUZEIRO,-48.4376042,-1.3777861,10.15,9,0.408,geocode_v0.15 (propagada)
2006,CE,2304400,82,2402,CENTRO EDUCACIONAL MARANATA,PIRAMBU,-38.58414708,-3.79556726,10.15,5,0.623,geocode_v0.15 (propagada)
2008,PA,1501402,30,1287,ESCOLA PAROQUIAL SAO JOAO BATISTA,CRUZEIRO,-48.4376042,-1.3777861,10.15,9,0.408,geocode_v0.15 (propagada)
2008,CE,2304400,82,2402,CENTRO EDUCACIONAL MARANATA,PIRAMBU,-38.58414708,-3.79556726,10.15,5,0.623,geocode_v0.15 (propagada)
2014,PE,2607901,11,1325,SECAO ESPECIAL - CENTRO DE ATENDIMENTO EDUCAC ESPECIALIZADO,VILA RICA,-34.93472921,-8.14618851,10.13,5,0.113,geocode_v0.15 (propagada)
2016,PE,2607901,11,1325,SECAO ESPECIAL - CENTRO DE ATENDIMENTO EDUCAC ESPECIALIZADO,VILA RICA,-34.93472921,-8.14618851,10.13,4,0.113,geocode_v0.15 (propagada)
2018,PE,2607901,118,1660,TERMINAL INTEGRADO DE PASSAGEIROS - TIP - VOTO EM TRÂNSITO,CURADO IV,-34.9414959,-8.1410569,10.13,4,0.615,geocode_v0.15 (propagada)
2006,AM,1302603,62,1260,ESCOLA SAO JOAO,REDENCAO,-59.99501053,-3.13443005,10.09,4,0.275,geocode_v0.15 (propagada)
2008,AM,1302603,62,1260,ESCOLA SAO JOAO,REDENCAO,-59.99501053,-3.13443005,10.09,4,0.275,geocode_v0.15 (propagada)
2010,AM,1302603,62,1260,ESCOLA SAO JOAO,REDENCAO,-59.99501053,-3.13443005,10.09,4,0.275,geocode_v0.15 (propagada)
2010,SP,3550308,251,1490,EMEI PEDROSO DE MORAES,PINHEIROS,-46.79193195,-23.58364974,10.08,9,0.579,geocode_v0.15 (propagada)
2006,RJ,3304557,170,1171,ESCOLA MUNICIPAL MADRID,VILA ISABEL,-43.3021194,-22.8437686,10.02,25,0.669,geocode_v0.15 (propagada)
2012,PE,2611606,2,5564,ESCOLA JOAO PAULO II,IMBIRIBEIRA,-34.97336074,-8.037081,10.02,11,0.942,geocode_v0.15 (propagada)
2018,PE,2602902,15,1546,GRUPO ESCOLAR CLAUDIO GUEIROS - VOTO EM TRANSITO,CENTRO,-34.9698019,-8.222168,10.01,8,0.573,geocode_v0.15 (propagada)
2010,CE,2304400,112,1325,SALÃO PAROQUIAL SÃO JOAO DO TAUAPE,TAUAPE,-38.6017363,-3.732541,9.96,10,0.442,geocode_v0.15 (propagada)
2006,SP,3550308,251,1490,EMEI PEDROSO DE MORAES,PINHEIROS,-46.79193195,-23.58364974,9.95,9,0.767,geocode_v0.15 (propagada)
2008,SP,3550308,251,1490,EMEI PEDROSO DE MORAES,PINHEIROS,-46.79193195,-23.58364974,9.95,9,0.767,geocode_v0.15 (propagada)
2010,CE,2304400,112,1481,INSTITUTO DE PREVENCAO DO CANCER,DIONISIO TORRES,-38.5783747,-3.704284,9.94,6,0.938,geocode_v0.15 (propagada)
2012,CE,2304400,112,1481,INSTITUTO DE PREVENCAO DO CANCER,DIONISIO TORRES,-38.5783747,-3.704284,9.94,7,0.938,geocode_v0.15 (propagada)
2014,CE,2304400,112,1481,INSTITUTO DE PREVENCAO DO CANCER,DIONISIO TORRES,-38.5783747,-3.704284,9.94,7,0.734,geocode_v0.15 (propagada)
2006,SP,3550308,258,1023,UNIVERSIDADE IBIRAPUERA - UNIB,INDIANOPOLIS,-46.7355335,-23.5514857,9.92,7,0.945,geocode_v0.15 (propagada)
2008,SP,3550308,258,1023,UNIVERSIDADE IBIRAPUERA - UNIB,INDIANOPOLIS,-46.7355335,-23.5514857,9.92,7,0.945,geocode_v0.15 (propagada)
2022,PR,4106902,177,2160,FACULDADE DE DIREITO DA UNIVERSIDADE FEDERAL DO PARANÁ (VT),CENTRO,-49.2995953,-25.5187688,9.88,17,0.788,geocode_v0.15 (propagada)
2006,RJ,3304557,121,1430,IGREJA ASSEMBLEIA DE DEUS,RIO COMPRIDO,-43.2656722,-22.8499638,9.87,12,0.402,geocode_v0.15 (propagada)
2008,RJ,3304557,121,1430,IGREJA ASSEMBLEIA DE DEUS,RIO COMPRIDO,-43.2656722,-22.8499638,9.87,12,0.402,geocode_v0.15 (propagada)
2010,RJ,3304557,121,1430,IGREJA ASSEMBLEIA DE DEUS,RIO COMPRIDO,-43.2656722,-22.8499638,9.87,13,0.396,geocode_v0.15 (propagada)
2012,RJ,3304557,121,1430,IGREJA ASSEMBLEIA DE DEUS,RIO COMPRIDO,-43.2656722,-22.8499638,9.87,12,0.396,geocode_v0.15 (propagada)
2014,RJ,3304557,121,1430,IGREJA ASSEMBLEIA DE DEUS,RIO COMPRIDO,-43.2656722,-22.8499638,9.87,13,0.396,geocode_v0.15 (propagada)
2016,RJ,3304557,121,1430,IGREJA ASSEMBLEIA DE DEUS,RIO COMPRIDO,-43.2656722,-22.8499638,9.87,12,0.396,geocode_v0.15 (propagada)
2014,RJ,3301702,194,1198,COLEGIO OMEGA,JARDIM LEAL,-43.26177,-22.685282,9.85,4,0.236,Mantida Original (Inseguro para mover)
2006,RN,2408102,4,1961,CENTRO SOCIAL DE NOVA CIDADE,CIDADE NOVA,-35.16901483,-5.88518264,9.84,3,0.036,geocode_v0.15 (propagada)
2008,RN,2408102,4,1961,CENTRO SOCIAL DE NOVA CIDADE,CIDADE NOVA,-35.16901483,-5.88518264,9.84,3,0.036,geocode_v0.15 (propagada)
2010,RN,2408102,4,1961,CENTRO SOCIAL DE NOVA CIDADE,CIDADE NOVA,-35.16901483,-5.88518264,9.84,3,0.036,geocode_v0.15 (propagada)
2010,SP,3550308,374,2062,UI-IPE(UI-22),JARDIM ARPOADOR,-46.7861802,-23.6840082,9.84,7,0.423,geocode_v0.15 (propagada)
2012,RN,2408102,4,1961,CENTRO SOCIAL DE NOVA CIDADE,CIDADE NOVA,-35.16901483,-5.88518264,9.84,3,0.036,geocode_v0.15 (propagada)
2012,SP,3550308,374,2062,UI-IPE(UI-22),JARDIM ARPOADOR,-46.7861802,-23.6840082,9.84,8,0.12,geocode_v0.15 (propagada)
2014,SP,3550308,374,2062,UI-IPE(UI-22),JARDIM ARPOADOR,-46.7861802,-23.6840082,9.84,8,0.12,geocode_v0.15 (propagada)
2006,SP,3550308,348,1295,COLEGIO META LUX,VILA FORMOSA,-46.6401695,-23.5895369,9.81,14,0.697,geocode_v0.15 (propagada)
2016,CE,2304400,112,1325,SALÃO PAROQUIAL SÃO JOAO DO TAUAPE,TAUAPE,-38.6017363,-3.732541,9.74,6,0.388,geocode_v0.15 (propagada)
2006,RS,4314902,111,1570,DANILO ANTONIO ZAFFARI - E.E.E.F.,VILA FARRAPOS,-51.196635,-29.985255,9.68,3,0.315,geocode_v0.15 (propagada)
2008,RS,4314902,111,1570,DANILO ANTONIO ZAFFARI - E.E.E.F.,VILA FARRAPOS,-51.196635,-29.985255,9.68,3,0.315,geocode_v0.15 (propagada)
2006,MG,3106200,28,1570,E. M. SAO RAFAEL,PARAISO,-43.9825565,-19.9699948,9.66,3,0.486,geocode_v0.15 (propagada)
2008,MG,3106200,28,1570,E. M. SAO RAFAEL,PARAISO,-43.9825565,-19.9699948,9.66,3,0.486,geocode_v0.15 (propagada)
2010,MA,2107506,93,5515,UNIDADE INTEGRADA 'BANDEIRA TRIBUZI',MAIOBAO - ZONA URBANA,-44.101769,-2.496752,9.62,11,0.695,Mantida Original (Inseguro para mover)
2024,SP,3550308,1,1546,FACULDADE FINACI - LIBERDADE,LIBERDADE,-46.73068277,-23.5726232,9.62,7,0.228,geocode_v0.15 (propagada)
2014,CE,2304400,112,1325,SALÃO PAROQUIAL SÃO JOAO DO TAUAPE,TAUAPE,-38.6017363,-3.732541,9.61,4,0.223,geocode_v0.15 (propagada)
2006,BA,2927408,17,1198,ESCOLA MUNICIPAL ALEXANDRINA PITA,PIRAJÁ,-38.489674,-12.982382,9.54,5,0.167,2. Match Núcleo+Bairro
2024,BA,2927408,8,2291,ESCOLA MUNICIPAL ALEXANDRINA PITA,PIRAJÁ,-38.489674,-12.982382,9.54,5,0.238,chave_exata_2022
2006,SP,3550308,376,2364,CEI VILA PENTEADO,VILA PENTEADO,-46.5930495,-23.4923372,9.51,4,0.629,geocode_v0.15 (propagada)
2008,SP,3550308,376,2364,CEI VILA PENTEADO,VILA PENTEADO,-46.5930495,-23.4923372,9.51,4,0.629,geocode_v0.15 (propagada)
2010,SP,3550308,376,2364,CEI VILA PENTEADO,VILA PENTEADO,-46.5930495,-23.4923372,9.51,4,0.629,geocode_v0.15 (propagada)
2012,SP,3550308,376,2364,CEI VILA PENTEADO,VILA PENTEADO,-46.5930495,-23.4923372,9.51,4,0.629,geocode_v0.15 (propagada)
2014,SP,3550308,376,2364,CEI VILA PENTEADO,VILA PENTEADO,-46.5930495,-23.4923372,9.51,4,0.629,geocode_v0.15 (propagada)
2024,PE,2611606,149,1635,CMEI 8 DE MARÇO,IBURA,-34.8977,-8.055686,9.51,9,0.818,geocode_v0.15 (modelo)
2006,PR,4106902,178,1449,FACULDADE DE DIREITO DE CURITIBA,CENTRO,-49.29093456,-25.51703738,9.5,13,0.603,geocode_v0.15 (propagada)
2008,PR,4106902,178,1449,FACULDADE DE DIREITO DE CURITIBA,CENTRO,-49.29093456,-25.51703738,9.5,15,0.603,geocode_v0.15 (propagada)
2010,PR,4106902,178,1449,FACULDADE DE DIREITO DE CURITIBA,CENTRO,-49.29093456,-25.51703738,9.5,15,0.788,geocode_v0.15 (propagada)
2012,PR,4106902,178,1449,FACULDADE DE DIREITO DE CURITIBA,CENTRO,-49.29093456,-25.51703738,9.5,15,0.788,geocode_v0.15 (propagada)
2014,PR,4106902,178,1449,FACULDADE DE DIREITO DE CURITIBA,CENTRO,-49.29093456,-25.51703738,9.5,16,0.788,geocode_v0.15 (propagada)
2006,BA,2927408,1,1031,CENTRO CULTURAL E REC. ESPANHOL (CLUBE ESPANHOL),BARRA,-38.460219,-12.9514442,9.45,5,0.931,geocode_v0.15 (propagada)
2006,AM,1302603,65,1236,ESCOLA MUNICIPAL DE EDUCACAO INFANTIL BLANDINO JOSE RIBEIRO,COMPENSA II,-59.97489841,-3.11414303,9.44,6,0.612,geocode_v0.15 (propagada)
2010,AM,1302603,65,1236,ESCOLA MUNICIPAL DE EDUCACAO INFANTIL BLANDINO JOSE RIBEIRO,COMPENSA II,-59.97489841,-3.11414303,9.44,6,0.612,geocode_v0.15 (propagada)
2012,AM,1302603,65,1236,ESCOLA MUNICIPAL DE EDUCACAO INFANTIL BLANDINO JOSE RIBEIRO,COMPENSA II,-59.97489841,-3.11414303,9.44,6,0.612,geocode_v0.15 (propagada)
2008,BA,2927408,17,1198,ESCOLA MUNICIPAL ALEXANDRINA PITA,PIRAJÁ,-38.489674,-12.982382,9.4,6,0.167,2. Match Núcleo+Bairro
2010,BA,2927408,17,1198,ESCOLA MUNICIPAL ALEXANDRINA PITA,PIRAJÁ,-38.489674,-12.982382,9.4,6,0.167,2. Match Núcleo+Bairro
2012,BA,2927408,17,1198,ESCOLA MUNICIPAL ALEXANDRINA PITA,PIRAJÁ,-38.489674,-12.982382,9.4,6,0.167,2. Match Núcleo+Bairro
2014,BA,2927408,17,1198,ESCOLA MUNICIPAL ALEXANDRINA PITA,PIRAJÁ,-38.489674,-12.982382,9.4,6,0.167,2. Match Núcleo+Bairro
2016,BA,2927408,17,1198,ESCOLA MUNICIPAL ALEXANDRINA PITA,PIRAJÁ,-38.489674,-12.982382,9.4,6,0.167,2. Match Núcleo+Bairro
2018,BA,2927408,8,2291,ESCOLA MUNICIPAL ALEXANDRINA PITA,PIRAJÁ,-38.489674,-12.982382,9.4,6,0.167,1. Match ID Validado
2020,BA,2927408,8,2291,ESCOLA MUNICIPAL ALEXANDRINA PITA,PIRAJÁ,-38.489674,-12.982382,9.4,4,0.167,1. Match ID Validado
2022,BA,2927408,8,2291,ESCOLA MUNICIPAL ALEXANDRINA PITA,PIRAJÁ,-38.489674,-12.982382,9.4,4,0.167,Original (Não Aplicável)
2006,BA,2927408,17,1023,ESCOLA ESTADUAL ARTUR DE SALES,CAMPINAS,-38.477707,-13.0021,9.37,4,0.87,2. Match Núcleo+Bairro
2008,BA,2927408,17,1023,ESCOLA ESTADUAL ARTUR DE SALES,CAMPINAS,-38.477707,-13.0021,9.37,4,0.87,2. Match Núcleo+Bairro
2010,BA,2927408,17,1023,ESCOLA ESTADUAL ARTUR DE SALES,CAMPINAS,-38.477707,-13.0021,9.37,4,0.87,2. Match Núcleo+Bairro
2012,BA,2927408,17,1023,ESCOLA ESTADUAL ARTUR DE SALES,CAMPINAS,-38.477707,-13.0021,9.37,4,0.87,2. Match Núcleo+Bairro
2014,BA,2927408,17,1023,ESCOLA ESTADUAL ARTUR DE SALES,CAMPINAS,-38.477707,-13.0021,9.37,4,0.87,2. Match Núcleo+Bairro
2016,BA,2927408,17,1023,ESCOLA ESTADUAL ARTUR DE SALES,CAMPINAS,-38.477707,-13.0021,9.37,4,0.87,2. Match Núcleo+Bairro
2018,BA,2927408,8,2321,ESCOLA ESTADUAL ARTUR DE SALES,CAMPINAS,-38.477707,-13.0021,9.37,4,0.87,1. Match ID Validado
2018,PR,4106902,177,1376,PAROQUIA DO SANTISSIMO SACRAMENTO,AGUA VERDE,-49.3483101,-25.3963863,9.35,11,0.877,geocode_v0.15 (propagada)
2006,RJ,3304557,209,1023,COLEGIO ARTE E INSTRUCAO,CASCADURA,-43.417626,-22.8891389,9.3,13,0.885,geocode_v0.15 (propagada)
2008,RJ,3304557,209,1023,COLEGIO ARTE E INSTRUCAO,CASCADURA,-43.417626,-22.8891389,9.3,13,0.885,geocode_v0.15 (propagada)
2010,RJ,3304557,209,1023,COLEGIO ARTE E INSTRUCAO,CASCADURA,-43.417626,-22.8891389,9.3,12,0.885,geocode_v0.15 (propagada)
2012,RJ,3304557,209,1023,COLEGIO ARTE E INSTRUCAO,CASCADURA,-43.417626,-22.8891389,9.3,13,0.583,geocode_v0.15 (propagada)
2006,CE,2304400,113,1112,COLEGIO RAQUEL DE QUEIROZ,FATIMA,-38.557355,-3.829445,9.29,3,0.266,Mantida Original (Inseguro para mover)
2006,MS,5002704,54,1406,IGREJA PRESBITERIANA,VILA POPULAR,-54.6264812,-20.48972175,9.29,3,0.297,geocode_v0.15 (propagada)
2008,MS,5002704,54,1406,IGREJA PRESBITERIANA,VILA POPULAR,-54.6264812,-20.48972175,9.29,3,0.297,geocode_v0.15 (propagada)
2024,CE,2304400,117,1821,EM PROFESSOR JOSÉ FERREIRA DE ALENCAR,BOM JARDIM,-38.5851366,-3.7139708,9.27,14,0.661,geocode_v0.15 (propagada)
2006,CE,2304400,82,2070,CENTRO COMUNITARIO DONA LUIZA TAVORA,PIRAMBU,-38.6135306,-3.7658407,9.26,5,0.465,geocode_v0.15 (propagada)
2008,CE,2304400,82,2070,CENTRO COMUNITARIO DONA LUIZA TAVORA,PIRAMBU,-38.6135306,-3.7658407,9.26,5,0.465,geocode_v0.15 (propagada)
2006,PI,2211001,1,1724,UNIDADE ESCOLAR VAZ DA COSTA,BUENOS AIRES,-42.7605425,-5.1104626,9.25,4,0.703,geocode_v0.15 (propagada)
2008,PI,2211001,1,1724,UNIDADE ESCOLAR VAZ DA COSTA,BUENOS AIRES,-42.7605425,-5.1104626,9.25,4,0.703,geocode_v0.15 (propagada)
2010,PI,2211001,1,1724,UNIDADE ESCOLAR VAZ DA COSTA,BUENOS AIRES,-42.7605425,-5.1104626,9.25,4,0.703,geocode_v0.15 (propagada)
2012,PI,2211001,1,1724,UNIDADE ESCOLAR VAZ DA COSTA,BUENOS AIRES,-42.7605425,-5.1104626,9.25,4,0.703,geocode_v0.15 (propagada)
2014,PI,2211001,1,1724,UNIDADE ESCOLAR VAZ DA COSTA,BUENOS AIRES,-42.7605425,-5.1104626,9.25,4,0.703,geocode_v0.15 (propagada)
2014,CE,2304400,82,2070,CENTRO COMUNITARIO DONA LUIZA TAVORA,JACARECANGA,-38.6135306,-3.7658407,9.25,6,0.645,geocode_v0.15 (propagada)
2010,RJ,3304557,2,1627,CC PROF WALTER C DE M FRAENKEL,CAJU,-43.2939006,-22.8347663,9.24,4,0.356,geocode_v0.15 (propagada)
2012,RJ,3304557,2,1627,CC PROF WALTER C DE M FRAENKEL,CAJU,-43.2939006,-22.8347663,9.24,4,0.356,geocode_v0.15 (propagada)
2020,PI,2211001,1,1627,SEMEI HELENA MARIA DE RODRIGUES CARVALHO,AEROPORTO,-42.7903765,-5.1419894,9.24,3,0.687,geocode_v0.15 (propagada)
2006,RJ,3304557,118,1651,SETRA - COLÉGIO E CURSO,MADUREIRA,-43.33651,-22.9580614,9.22,16,0.429,geocode_v0.15 (propagada)
2008,RJ,3304557,118,1651,SETRA - COLÉGIO E CURSO,MADUREIRA,-43.33651,-22.9580614,9.22,16,0.429,geocode_v0.15 (propagada)
2006,RN,2408102,1,2003,ESCOLA ESTADUAL SELVA CAPISTRANO LOPES,MAE LUIZA,-35.253566,-5.748039,9.19,6,0.267,Mantida Original (Inseguro para mover)
2008,RN,2408102,1,2003,ESCOLA ESTADUAL SELVA CAPISTRANO LOPES,MAE LUIZA,-35.253566,-5.748039,9.19,6,0.267,Mantida Original (Inseguro para mover)
2010,RN,2408102,1,2003,ESCOLA ESTADUAL SELVA CAPISTRANO LOPES,MAE LUIZA,-35.253566,-5.748039,9.19,6,0.267,Mantida Original (Inseguro para mover)
2012,RN,2408102,1,2003,ESCOLA ESTADUAL SELVA CAPISTRANO LOPES,MAE LUIZA,-35.253566,-5.748039,9.19,6,0.267,Mantida Original (Inseguro para mover)
2014,RN,2408102,1,2003,ESCOLA ESTADUAL SELVA CAPISTRANO LOPES,MAE LUIZA,-35.253566,-5.748039,9.19,6,0.267,Mantida Original (Inseguro para mover)
2006,RJ,3303302,144,1422,CLUBE ONZE UNIDOS,ENGENHOCA,-43.0510643,-22.9429709,9.18,7,0.325,geocode_v0.15 (propagada)
2006,SP,3550308,256,1139,EE. PROFA. MARIA PAULA MARCONDES DOMINGUES,VILA ALBERTINA,-46.6196121,-23.4540135,9.18,3,0.473,1. Match ID Validado
2008,RJ,3303302,144,1422,CLUBE ONZE UNIDOS,ENGENHOCA,-43.0510643,-22.9429709,9.18,7,0.325,geocode_v0.15 (propagada)
2014,RJ,3304557,188,1082,SOCIEDADE EDUCACIONAL GILDA RIBEIRO,PENHA,-43.3605966,-22.8774672,9.18,30,0.661,geocode_v0.15 (propagada)
2016,RJ,3304557,188,1082,SOCIEDADE EDUCACIONAL GILDA RIBEIRO,PENHA,-43.3605966,-22.8774672,9.18,30,0.661,geocode_v0.15 (propagada)
2018,RJ,3304557,188,1082,SOCIEDADE EDUCACIONAL GILDA RIBEIRO,PENHA,-43.3605966,-22.8774672,9.18,29,0.642,geocode_v0.15 (propagada)
2024,SP,3550308,256,1139,E.M.E.F. MARIA PAULA MARCONDES DOMINGUES,VILA ALBERTINA,-46.6196121,-23.4540135,9.18,5,0.473,chave_exata_2022
2006,RJ,3304557,19,1414,EDUCANDARIO DA SAGRADA FAMILIA,VILA ISABEL,-43.3244067,-22.8787741,9.14,25,0.669,geocode_v0.15 (propagada)
2008,RJ,3304557,19,1414,EDUCANDARIO DA SAGRADA FAMILIA,VILA ISABEL,-43.3244067,-22.8787741,9.14,24,0.669,geocode_v0.15 (propagada)
2010,RJ,3304557,19,1414,EDUCANDARIO DA SAGRADA FAMILIA,VILA ISABEL,-43.3244067,-22.8787741,9.14,23,0.564,geocode_v0.15 (propagada)
2010,MS,5002704,54,1406,IGREJA PRESBITERIANA,VILA POPULAR,-54.6264812,-20.48972175,9.14,4,0.386,geocode_v0.15 (propagada)
2012,MS,5002704,54,1406,IGREJA PRESBITERIANA,VILA POPULAR,-54.6264812,-20.48972175,9.14,4,0.386,geocode_v0.15 (propagada)
2008,AM,1302603,65,1236,ESCOLA MUNICIPAL DE EDUCACAO INFANTIL BLANDINO JOSE RIBEIRO,COMPENSA II,-59.97489841,-3.11414303,9.13,5,0.622,geocode_v0.15 (propagada)
2010,AP,1600303,2,2186,E.E. PROFº ELCY RODRIGUES LACERDA - CESEIN,BEIROL,-51.1047903,-0.0470989,9.13,4,0.572,geocode_v0.15 (propagada)
2012,AP,1600303,2,2186,E.E. PROFº ELCY RODRIGUES LACERDA - CESEIN,BEIROL,-51.1047903,-0.0470989,9.13,4,0.572,geocode_v0.15 (propagada)
2014,AM,1302603,65,1236,ESCOLA MUNICIPAL DE EDUCACAO INFANTIL BLANDINO JOSE RIBEIRO,COMPENSA II,-59.97489841,-3.11414303,9.13,5,0.622,geocode_v0.15 (propagada)
2014,AP,1600303,2,2186,E.E. PROFº ELCY RODRIGUES LACERDA - CESEIN,BEIROL,-51.1047903,-0.0470989,9.13,4,0.572,geocode_v0.15 (propagada)
2016,AP,1600303,2,2186,E.E. PROFº ELCY RODRIGUES LACERDA - CESEIN,BEIROL,-51.1047903,-0.0470989,9.13,4,0.572,geocode_v0.15 (propagada)
2018,AP,1600303,2,2186,E.E. PROFº ELCY RODRIGUES LACERDA - CESEIN,BEIROL,-51.1047903,-0.0470989,9.13,4,0.572,geocode_v0.15 (propagada)
2008,BA,2927408,1,1031,CENTRO CULTURAL E REC. ESPANHOL (CLUBE ESPANHOL),BARRA,-38.460219,-12.9514442,9.12,3,0.12,geocode_v0.15 (propagada)
2010,MA,2111300,10,1422,UEB NEWTON NEVES,VILA PALMEIRA - ZONA URBANA,-44.2004464,-2.586801,9.11,3,0.001,geocode_v0.15 (propagada)
2012,MA,2111300,10,1422,UEB NEWTON NEVES,VILA PALMEIRA - ZONA URBANA,-44.2004464,-2.586801,9.11,3,0.001,geocode_v0.15 (propagada)
2020,BA,2927408,15,1830,COLÉGIO DA POLÍCIA MILITAR DO LOBATO,LOBATO,-38.40622,-12.90436,9.11,5,0.47,Mantida Original (Inseguro para mover)
2006,BA,2927408,20,1155,COLEGIO DA POLICIA MILITAR DO LOBATO,LOBATO,-38.40622,-12.90436,9.1,8,0.43,Mantida Original (Inseguro para mover)
2008,BA,2927408,20,1155,COLEGIO DA POLICIA MILITAR DO LOBATO,LOBATO,-38.40622,-12.90436,9.1,8,0.43,Mantida Original (Inseguro para mover)
2010,BA,2927408,20,1155,COLEGIO DA POLICIA MILITAR DO LOBATO,LOBATO,-38.40622,-12.90436,9.1,8,0.43,Mantida Original (Inseguro para mover)
2012,BA,2927408,20,1155,COLEGIO DA POLICIA MILITAR DO LOBATO,LOBATO,-38.40622,-12.90436,9.1,8,0.43,Mantida Original (Inseguro para mover)
2014,BA,2927408,20,1155,COLEGIO DA POLICIA MILITAR DO LOBATO,LOBATO,-38.40622,-12.90436,9.1,8,0.43,Mantida Original (Inseguro para mover)
2016,BA,2927408,20,1155,COLEGIO DA POLICIA MILITAR DO LOBATO,LOBATO,-38.40622,-12.90436,9.1,8,0.43,Mantida Original (Inseguro para mover)
2018,BA,2927408,15,1830,COLEGIO DA POLICIA MILITAR DO LOBATO,LOBATO,-38.40622,-12.90436,9.1,8,0.43,Mantida Original (Inseguro para mover)
2014,AM,1302603,31,2119,E. M. GRAZIELA RIBEIRO,CRESPO,-60.050389,-3.0787325,9.09,4,0.681,
2010,CE,2304400,82,2070,CENTRO COMUNITARIO DONA LUIZA TAVORA,JACARECANGA,-38.6135306,-3.7658407,9.08,7,0.645,geocode_v0.15 (propagada)
2012,CE,2304400,82,2070,CENTRO COMUNITARIO DONA LUIZA TAVORA,JACARECANGA,-38.6135306,-3.7658407,9.08,7,0.645,geocode_v0.15 (propagada)
2006,PA,1501501,36,1309,E.E. DE 1 G. LEAO IRINEU H. DELGADO,CENTRO,-48.3045265,-1.3098844,9.03,4,0.145,geocode_v0.15 (propagada)
2014,AM,1302603,70,5587,ESCOLA MUNICIPAL ZILDA ARNS NEUMANN,NOVO ISRAEL,-59.93765154,-3.05607159,9.0,6,0.772,geocode_v0.15 (propagada)
2006,RJ,3304557,216,1139,PINGO DE MEL EVENTOS SOCIAIS,TODOS OS SANTOS,-43.3596777,-22.9475153,8.97,10,0.297,geocode_v0.15 (propagada)
2008,RJ,3304557,216,1139,PINGO DE MEL EVENTOS SOCIAIS,TODOS OS SANTOS,-43.3596777,-22.9475153,8.97,10,0.297,geocode_v0.15 (propagada)
2020,RN,2408102,3,2097,ESCOLA ESTADUAL PROFESSOR JOSÉ FERNANDO MACHADO,PONTA NEGRA,-35.1995873,-5.8106926,8.97,5,0.429,Mantida Original (Inseguro para mover)
2008,SP,3550308,256,1139,EE. PROFA. MARIA PAULA MARCONDES DOMINGUES,VILA ALBERTINA,-46.6196121,-23.4540135,8.85,4,0.331,1. Match ID Validado
2010,SP,3550308,256,1139,EE. PROFA. MARIA PAULA MARCONDES DOMINGUES,VILA ALBERTINA,-46.6196121,-23.4540135,8.85,5,0.331,1. Match ID Validado
2012,SP,3550308,256,1139,EE. PROFA. MARIA PAULA MARCONDES DOMINGUES,VILA ALBERTINA,-46.6196121,-23.4540135,8.85,4,0.331,1. Match ID Validado
2014,SP,3550308,256,1139,EE. PROFA. MARIA PAULA MARCONDES DOMINGUES,VILA ALBERTINA,-46.6196121,-23.4540135,8.85,4,0.331,1. Match ID Validado
2016,SP,3550308,256,1139,EE. PROFA. MARIA PAULA MARCONDES DOMINGUES,VILA ALBERTINA,-46.6196121,-23.4540135,8.85,4,0.331,1. Match ID Validado
2018,SP,3550308,256,1139,EE. PROFA. MARIA PAULA MARCONDES DOMINGUES,VILA ALBERTINA,-46.6196121,-23.4540135,8.85,4,0.331,1. Match ID Validado
2020,SP,3550308,256,1139,EE. PROFA. MARIA PAULA MARCONDES DOMINGUES,VILA ALBERTINA,-46.6196121,-23.4540135,8.85,4,0.331,1. Match ID Validado
2022,SP,3550308,256,1139,EE. PROFA. MARIA PAULA MARCONDES DOMINGUES,VILA ALBERTINA,-46.6196121,-23.4540135,8.85,4,0.331,Original (Não Aplicável)
2006,RJ,3304557,20,1384,ESCOLA MUNICIPAL SÃO JOÃO BATISTA,CORDOVIL,-43.2825379,-22.9009639,8.84,16,0.483,geocode_v0.15 (propagada)
2008,RJ,3304557,20,1384,ESCOLA MUNICIPAL SÃO JOÃO BATISTA,CORDOVIL,-43.2825379,-22.9009639,8.84,16,0.645,geocode_v0.15 (propagada)
2010,RJ,3304557,20,1384,ESCOLA MUNICIPAL SÃO JOÃO BATISTA,CORDOVIL,-43.2825379,-22.9009639,8.84,16,0.645,geocode_v0.15 (propagada)
2012,RJ,3304557,20,1384,ESCOLA MUNICIPAL SÃO JOÃO BATISTA,CORDOVIL,-43.2825379,-22.9009639,8.84,15,0.645,geocode_v0.15 (propagada)
2014,RJ,3304557,20,1384,ESCOLA MUNICIPAL SÃO JOÃO BATISTA,CORDOVIL,-43.2825379,-22.9009639,8.84,13,0.852,geocode_v0.15 (propagada)
2016,RJ,3304557,20,1384,ESCOLA MUNICIPAL SÃO JOÃO BATISTA,CORDOVIL,-43.2825379,-22.9009639,8.84,13,0.852,geocode_v0.15 (propagada)
2014,RJ,3304557,2,1627,CC PROF WALTER C DE M FRAENKEL,CAJU,-43.2939006,-22.8347663,8.77,5,0.176,geocode_v0.15 (propagada)
2016,MG,3118601,92,1198,I. E. DE CONTAGEM CRUZ DO SUL (TIRADENTES),ELDORADO,-44.02121285,-19.86403175,8.73,9,0.67,geocode_v0.15 (propagada)
2024,RN,2408102,3,2151,CMEI HAYDEE MONTEIRO BEZERRA DE MELO,PONTA NEGRA,-35.200308,-5.8101775,8.73,5,0.703,novo_2024_csv
2006,BA,2927408,10,1988,ESCOLA MUNICIPAL JULIETA CALMON,BOCA DO RIO,-38.49509704,-12.93004948,8.69,6,0.64,geocode_v0.15 (propagada)
2010,AM,1302603,1,1546,CENTRO EDUCACIONAL BATISTA DAS AMERICAS,CACHOEIRINHA,-59.9404252,-3.0893161,8.66,8,0.415,Mantida Original (Inseguro para mover)
2006,PI,2211001,2,1678,ASSOCIACAO DOS MORADORES DO BAIRRO SAO PEDRO,SAO PEDRO,-42.7620933,-5.0565017,8.65,4,0.507,geocode_v0.15 (propagada)
2006,RJ,3304557,5,1937,BANCO DO BRASIL S/A,VILA ISABEL,-43.1869627,-22.9710109,8.65,25,0.731,geocode_v0.15 (propagada)
2010,BA,2927408,10,1988,ESCOLA MUNICIPAL JULIETA CALMON,BOCA DO RIO,-38.49509704,-12.93004948,8.64,6,0.64,geocode_v0.15 (propagada)
2014,BA,2927408,10,1988,ESCOLA MUNICIPAL JULIETA CALMON,BOCA DO RIO,-38.49509704,-12.93004948,8.64,7,0.55,geocode_v0.15 (propagada)
2016,BA,2927408,10,1988,ESCOLA MUNICIPAL JULIETA CALMON,BOCA DO RIO,-38.49509704,-12.93004948,8.64,7,0.55,geocode_v0.15 (propagada)
2018,BA,2927408,10,1988,ESCOLA MUNICIPAL JULIETA CALMON,BOCA DO RIO,-38.49509704,-12.93004948,8.64,9,0.64,geocode_v0.15 (propagada)
2020,BA,2927408,10,1988,ESCOLA MUNICIPAL JULIETA CALMON,BOCA DO RIO,-38.49509704,-12.93004948,8.64,6,0.64,geocode_v0.15 (propagada)
2014,GO,5208707,133,1392,ESCOLA PIAGET - PISO INFERIOR (RUA 1025),SETOR PEDRO LUDOVICO,-49.335929,-16.7242138,8.63,9,0.707,geocode_v0.15 (propagada)
2016,GO,5208707,133,1392,ESCOLA PIAGET - PISO INFERIOR (RUA 1025),SETOR PEDRO LUDOVICO,-49.335929,-16.7242138,8.63,9,0.707,geocode_v0.15 (propagada)
2018,GO,5208707,133,1392,ESCOLA PIAGET - PISO INFERIOR (RUA 1025),SETOR PEDRO LUDOVICO,-49.335929,-16.7242138,8.63,9,0.707,geocode_v0.15 (propagada)
2024,CE,2304400,83,2550,ESCOLA MUNICIPAL DE TEMPO INTEGRAL PROFESSOR JOSE JULIO DA PONTE,BELA VISTA,-38.5553817,-3.8264077,8.61,6,0.483,geocode_v0.15 (propagada)
2006,SE,2800308,1,1368,"OLAVO BILAC, ESC. ESTADUAL",SANTOS DUMONT,-37.0891313,-10.9706708,8.54,5,0.384,geocode_v0.15 (propagada)
2008,CE,2304400,83,1406,POSTO MEDICO DR WALDEMAR DE ALCANTARA,JOAO XXIII,-38.50332088,-3.78413931,8.54,6,0.8,geocode_v0.15 (propagada)
2008,SE,2800308,1,1368,"OLAVO BILAC, ESC. ESTADUAL",SANTOS DUMONT,-37.0891313,-10.9706708,8.54,5,0.384,geocode_v0.15 (propagada)
2010,SE,2800308,1,1368,"OLAVO BILAC, ESC. ESTADUAL",SANTOS DUMONT,-37.0891313,-10.9706708,8.54,5,0.384,geocode_v0.15 (propagada)
2012,SE,2800308,1,1368,"OLAVO BILAC, ESC. ESTADUAL",SANTOS DUMONT,-37.0891313,-10.9706708,8.54,5,0.384,geocode_v0.15 (propagada)
2014,SE,2800308,1,1368,"OLAVO BILAC, ESC. ESTADUAL",SANTOS DUMONT,-37.0891313,-10.9706708,8.54,5,0.384,geocode_v0.15 (propagada)
2006,GO,5208707,133,1392,ESCOLA PIAGET,SETOR PEDRO LUDOVICO,-49.335929,-16.7242138,8.52,7,0.639,geocode_v0.15 (propagada)
2008,GO,5208707,133,1392,ESCOLA PIAGET - PISO INFERIOR (RUA 1025),SETOR PEDRO LUDOVICO,-49.335929,-16.7242138,8.52,8,0.771,geocode_v0.15 (propagada)
2010,GO,5208707,133,1392,ESCOLA PIAGET - PISO INFERIOR (RUA 1025),SETOR PEDRO LUDOVICO,-49.335929,-16.7242138,8.52,8,0.771,geocode_v0.15 (propagada)
2012,GO,5208707,133,1392,ESCOLA PIAGET - PISO INFERIOR (RUA 1025),SETOR PEDRO LUDOVICO,-49.335929,-16.7242138,8.52,8,0.771,geocode_v0.15 (propagada)
2010,AM,1302603,1,1171,ESCOLA ESTADUAL CARVALHO LEAL,CACHOEIRINHA,-59.94219016,-3.08903429,8.51,8,0.415,geocode_v0.15 (propagada)
2012,AM,1302603,1,1171,ESCOLA ESTADUAL CARVALHO LEAL,CACHOEIRINHA,-59.94219016,-3.08903429,8.51,7,0.227,geocode_v0.15 (propagada)
2014,AM,1302603,1,1171,ESCOLA ESTADUAL CARVALHO LEAL,CACHOEIRINHA,-59.94219016,-3.08903429,8.51,7,0.227,geocode_v0.15 (propagada)
2006,SP,3550308,2,1112,COLEGIO COR JESU,SANTA CECILIA,-46.5704607,-23.5487034,8.5,4,0.35,geocode_v0.15 (propagada)
2008,RJ,3304557,5,1937,BANCO DO BRASIL S/A,VILA ISABEL,-43.1869627,-22.9710109,8.49,24,0.669,geocode_v0.15 (propagada)
2006,AC,1200401,9,1171,FUMBESA - FUNDACAO DO BEM-ESTAR SOCIAL DO ACRE,ESTACAO EXPERIMENTAL,-67.8000397,-10.0360884,8.46,13,0.366,geocode_v0.15 (propagada)
2008,AC,1200401,9,1171,FUMBESA - FUNDACAO DO BEM-ESTAR SOCIAL DO ACRE,ESTACAO EXPERIMENTAL,-67.8000397,-10.0360884,8.46,13,0.366,geocode_v0.15 (propagada)
2008,BA,2927408,10,1988,ESCOLA MUNICIPAL JULIETA CALMON,BOCA DO RIO,-38.49509704,-12.93004948,8.44,5,0.479,geocode_v0.15 (propagada)
2012,BA,2927408,10,1988,ESCOLA MUNICIPAL JULIETA CALMON,BOCA DO RIO,-38.49509704,-12.93004948,8.44,7,0.669,geocode_v0.15 (propagada)
2024,CE,2304400,116,1848,CRECHE PEQUENO MUNDO DE FLORA,GRANJA PORTUGAL,-38.5856896,-3.7065572,8.44,13,0.397,geocode_v0.15 (propagada)
2010,SP,3518800,185,1384,FUNDACAO CASA I,CIDADE ARACILIA,-46.4510995,-23.4143403,8.35,3,0.009,geocode_v0.15 (propagada)
2006,MA,2111201,47,5502,COLEGIO SILVA CARVALHO,CENTRO - ZONA URBANA,-44.1305855,-2.5568896,8.33,11,0.352,geocode_v0.15 (propagada)
2006,AM,1302603,1,1546,CENTRO EDUCACIONAL BATISTA DAS AMERICAS,CACHOEIRINHA,-59.9404252,-3.0893161,8.29,9,0.635,Mantida Original (Inseguro para mover)
2006,SE,2800308,1,1341,"17 DE MARCO, ESC. ESTADUAL",SANTO ANTONIO,-37.0737933,-10.970376,8.29,3,0.736,geocode_v0.15 (propagada)
2008,AM,1302603,1,1546,CENTRO EDUCACIONAL BATISTA DAS AMERICAS,CACHOEIRINHA,-59.9404252,-3.0893161,8.29,9,0.635,Mantida Original (Inseguro para mover)
2008,SE,2800308,1,1341,"17 DE MARCO, ESC. ESTADUAL",SANTO ANTONIO,-37.0737933,-10.970376,8.29,3,0.736,geocode_v0.15 (propagada)
2010,SE,2800308,1,1341,"17 DE MARCO, ESC. ESTADUAL",SANTO ANTONIO,-37.0737933,-10.970376,8.29,3,0.736,geocode_v0.15 (propagada)
2012,SE,2800308,1,1341,"17 DE MARCO, ESC. ESTADUAL",SANTO ANTONIO,-37.0737933,-10.970376,8.29,3,0.736,geocode_v0.15 (propagada)
2014,SE,2800308,1,1341,"17 DE MARCO, ESC. ESTADUAL",SANTO ANTONIO,-37.0737933,-10.970376,8.29,3,0.736,geocode_v0.15 (propagada)
2006,RJ,3304557,166,1015,FUNDACAO ESCOLA DE SERVICO PUBLICO (FESP),BOTAFOGO,-43.2521317,-22.9931011,8.27,23,0.741,geocode_v0.15 (propagada)
2008,RJ,3304557,166,1015,FUNDACAO ESCOLA DE SERVICO PUBLICO (FESP),BOTAFOGO,-43.2521317,-22.9931011,8.27,22,0.741,geocode_v0.15 (propagada)
2010,RJ,3304557,166,1015,FUNDACAO ESCOLA DE SERVICO PUBLICO (FESP),BOTAFOGO,-43.2521317,-22.9931011,8.27,19,0.635,geocode_v0.15 (propagada)
2012,RJ,3304557,166,1015,FUNDACAO CEPERJ,BOTAFOGO,-43.2521317,-22.9931011,8.27,21,0.635,geocode_v0.15 (propagada)
2006,RJ,3304557,160,1031,ISEC - INSTITUTO SOCIO-EDUCACIONAL PRO-CIDADANIA,RAMOS,-43.222152,-22.9218493,8.26,20,0.64,geocode_v0.15 (propagada)
2008,RJ,3304557,160,1031,ISEC - INSTITUTO SOCIO-EDUCACIONAL PRO-CIDADANIA,RAMOS,-43.222152,-22.9218493,8.26,20,0.64,geocode_v0.15 (propagada)
2010,RJ,3304557,160,1031,ISEC - INSTITUTO SOCIO-EDUCACIONAL PRO-CIDADANIA,RAMOS,-43.222152,-22.9218493,8.26,19,0.582,geocode_v0.15 (propagada)
2012,RJ,3304557,160,1031,ISEC - INSTITUTO SOCIO-EDUCACIONAL PRO-CIDADANIA,RAMOS,-43.222152,-22.9218493,8.26,19,0.582,geocode_v0.15 (propagada)
2014,RJ,3304557,160,1031,ISEC - INSTITUTO SOCIO-EDUCACIONAL PRO-CIDADANIA,RAMOS,-43.222152,-22.9218493,8.26,20,0.64,geocode_v0.15 (propagada)
2016,RJ,3304557,160,1031,ISEC - INSTITUTO SOCIO-EDUCACIONAL PRO-CIDADANIA,RAMOS,-43.222152,-22.9218493,8.26,20,0.64,geocode_v0.15 (propagada)
2018,RJ,3304557,162,1392,ASSOCIACAO JESUS DE NAZARE,RAMOS,-43.222152,-22.9218493,8.26,19,0.582,geocode_v0.15 (propagada)
2006,BA,2927408,18,1082,COLÉGIO ADVENTISTA DA LIBERDADE,LIBERDADE,-38.47725167,-12.88313333,8.24,7,0.815,geocode_v0.15 (propagada)
2006,MS,5002704,36,1570,SALAO PAROQUIAL DA IGREJA SAO FRANCISCO,SAO FRANCISCO,-54.64306,-20.5140495,8.22,3,0.392,geocode_v0.15 (propagada)
2008,MS,5002704,36,1570,SALAO PAROQUIAL DA IGREJA SAO FRANCISCO,SAO FRANCISCO,-54.64306,-20.5140495,8.22,3,0.392,geocode_v0.15 (propagada)
2010,MS,5002704,36,1570,SALAO PAROQUIAL DA IGREJA SAO FRANCISCO,SAO FRANCISCO,-54.64306,-20.5140495,8.22,3,0.392,geocode_v0.15 (propagada)
2012,MS,5002704,36,1570,SALAO PAROQUIAL DA IGREJA SAO FRANCISCO,SAO FRANCISCO,-54.64306,-20.5140495,8.22,3,0.392,geocode_v0.15 (propagada)
2014,MS,5002704,36,1570,SALAO PAROQUIAL DA IGREJA SAO FRANCISCO,SAO FRANCISCO,-54.64306,-20.5140495,8.22,3,0.392,geocode_v0.15 (propagada)
2016,MS,5002704,36,1570,SALAO PAROQUIAL DA IGREJA SAO FRANCISCO,SAO FRANCISCO,-54.64306,-20.5140495,8.22,4,0.417,geocode_v0.15 (propagada)
2018,MS,5002704,36,1570,SALAO PAROQUIAL DA IGREJA SAO FRANCISCO,SAO FRANCISCO,-54.64306,-20.5140495,8.22,4,0.417,geocode_v0.15 (propagada)
2006,BA,2929107,184,1120,POSTO DE SAUDE VILA CARAIPE,DISTRITO VILA CARAIPE,-39.093189,-12.832986,8.19,3,0.358,Mantida Original (Inseguro para mover)
2008,BA,2929107,184,1120,POSTO DE SAUDE VILA CARAIPE,DISTRITO VILA CARAIPE,-39.093189,-12.832986,8.19,3,0.358,Mantida Original (Inseguro para mover)
2010,BA,2929107,184,1120,POSTO DE SAUDE VILA CARAIPE,DISTRITO VILA CARAIPE,-39.093189,-12.832986,8.19,3,0.358,Mantida Original (Inseguro para mover)
2012,BA,2929107,184,1120,POSTO DE SAUDE VILA CARAIPE,DISTRITO VILA CARAIPE,-39.093189,-12.832986,8.19,3,0.358,Mantida Original (Inseguro para mover)
2014,PA,1501402,30,1392,ESCOLA EDUARDO MILLER,CRUZEIRO,-48.4646801,-1.3705982,8.17,7,0.156,geocode_v0.15 (propagada)
2016,PA,1501402,30,1392,ESCOLA EDUARDO MILLER,CRUZEIRO,-48.4646801,-1.3705982,8.17,7,0.156,geocode_v0.15 (propagada)
2006,PB,2507507,76,5518,COLEGIO E CURSO OMEGA,TAMBAU,-34.89965742,-7.1268664,8.16,3,0.082,geocode_v0.15 (propagada)
2008,MA,2111300,3,1279,UNID. EDUCACIONAL BÁSICA MIGUEL LINS,ALEMANHA - ZONA URBANA,-44.2019197,-2.5651519,8.16,4,0.233,geocode_v0.15 (propagada)
2010,MA,2111300,3,1279,UNID. EDUCACIONAL BÁSICA MIGUEL LINS,ALEMANHA - ZONA URBANA,-44.2019197,-2.5651519,8.16,4,0.233,geocode_v0.15 (propagada)
2012,MA,2111300,3,1279,UNID. EDUCACIONAL BÁSICA MIGUEL LINS,ALEMANHA - ZONA URBANA,-44.2019197,-2.5651519,8.16,4,0.233,geocode_v0.15 (propagada)
2014,MA,2111300,3,1279,UNID. EDUCACIONAL BÁSICA MIGUEL LINS,ALEMANHA - ZONA URBANA,-44.2019197,-2.5651519,8.16,4,0.233,geocode_v0.15 (propagada)
2016,MA,2111300,3,1279,UNID. EDUCACIONAL BÁSICA MIGUEL LINS,ALEMANHA - ZONA URBANA,-44.2019197,-2.5651519,8.16,4,0.233,geocode_v0.15 (propagada)
2018,MA,2111300,3,1279,UNID. EDUCACIONAL BÁSICA MIGUEL LINS,ALEMANHA - ZONA URBANA,-44.2019197,-2.5651519,8.16,4,0.233,geocode_v0.15 (propagada)
2020,MA,2111300,3,1279,UNID. EDUCACIONAL BÁSICA MIGUEL LINS,ALEMANHA - ZONA URBANA,-44.2019197,-2.5651519,8.16,4,0.233,geocode_v0.15 (propagada)
2022,MA,2111300,3,1279,UNID. EDUCACIONAL BÁSICA MIGUEL LINS,ALEMANHA - ZONA URBANA,-44.2019197,-2.5651519,8.16,4,0.233,geocode_v0.15 (propagada)
2006,PA,1501402,30,1392,ESCOLA EDUARDO MILLER,CRUZEIRO,-48.4646801,-1.3705982,8.15,9,0.408,geocode_v0.15 (propagada)
2008,PA,1501402,30,1392,ESCOLA EDUARDO MILLER,CRUZEIRO,-48.4646801,-1.3705982,8.15,9,0.408,geocode_v0.15 (propagada)
2010,PA,1501402,30,1392,ESCOLA EDUARDO MILLER,CRUZEIRO,-48.4646801,-1.3705982,8.15,8,0.408,geocode_v0.15 (propagada)
2012,PA,1501402,30,1392,ESCOLA EDUARDO MILLER,CRUZEIRO,-48.4646801,-1.3705982,8.15,8,0.408,geocode_v0.15 (propagada)
2024,CE,2304400,83,2542,CENTRO UNIVERSITÁRIO ESTÁCIO - CAMPUS PARANGABA,JÓQUEI CLUBE,-38.51967349,-3.72735133,8.15,4,0.315,geocode_v0.15 (propagada)
2024,MA,2111300,3,1740,UNIVERSIDADE FACAM - FACULDADE DO MARANHÃO,BEQUIMAO - ZONA URBANA,-44.2091262572725,-2.58237299722013,8.15,3,0.002,geocode_v0.15 (modelo)
2006,RN,2408102,2,1724,ESCOLA ESTADUAL CONEGO MONTE,QUINTAS,-35.2565616,-5.73454087,8.14,9,0.328,geocode_v0.15 (propagada)
2008,RN,2408102,2,1724,ESCOLA ESTADUAL CONEGO MONTE,QUINTAS,-35.2565616,-5.73454087,8.14,10,0.616,geocode_v0.15 (propagada)
2010,RN,2408102,2,1724,ESCOLA ESTADUAL CONEGO MONTE,QUINTAS,-35.2565616,-5.73454087,8.14,10,0.616,geocode_v0.15 (propagada)
2012,RN,2408102,2,1724,ESCOLA ESTADUAL CONEGO MONTE,QUINTAS,-35.2565616,-5.73454087,8.14,10,0.616,geocode_v0.15 (propagada)
2014,RN,2408102,2,1724,ESCOLA ESTADUAL CONEGO MONTE,QUINTAS,-35.2565616,-5.73454087,8.14,10,0.616,geocode_v0.15 (propagada)
2006,AM,1302603,1,1171,ESCOLA ESTADUAL CARVALHO LEAL,CACHOEIRINHA,-59.94219016,-3.08903429,8.13,9,0.635,geocode_v0.15 (propagada)
2008,AM,1302603,1,1171,ESCOLA ESTADUAL CARVALHO LEAL,CACHOEIRINHA,-59.94219016,-3.08903429,8.13,9,0.635,geocode_v0.15 (propagada)
2006,MA,2111300,3,1279,UNID. EDUCACIONAL BÁSICA MIGUEL LINS,ALEMANHA - ZONA URBANA,-44.2019197,-2.5651519,8.12,4,0.255,geocode_v0.15 (propagada)
2006,PI,2211001,2,2011,CREA-CONSELHO REGIONA DE ENGENHARIA E ARQUITETURA,CENTRO,-42.7542628,-5.0430863,8.11,48,0.633,geocode_v0.15 (propagada)
2012,CE,2304400,113,5552,TERMINAL RODOVIARIO ENG. JOAO TOME (VOTO EM TRANSITO),FATIMA,-38.4614039,-3.7288587,8.11,4,0.545,geocode_v0.15 (propagada)
2008,MA,2111300,3,1341,UNIDADE INTEGRADA SEN. MIGUEL LINS,ALEMANHA - ZONA URBANA,-44.3383498,-2.5586468,8.1,4,0.255,geocode_v0.15 (propagada)
2010,CE,2304400,117,1538,EMEIF ALAIDE AUGUSTO DE OLIVEIRA,CONJUNTO ESPERANCA,-38.52320862,-3.84562667,8.1,5,0.453,geocode_v0.15 (propagada)
2012,CE,2304400,117,1538,EMEIF ALAIDE AUGUSTO DE OLIVEIRA,CONJUNTO ESPERANCA,-38.52320862,-3.84562667,8.1,5,0.453,geocode_v0.15 (propagada)
2014,CE,2304400,117,1538,EMEIF ALAIDE AUGUSTO DE OLIVEIRA,CONJUNTO ESPERANCA,-38.52320862,-3.84562667,8.1,6,0.54,geocode_v0.15 (propagada)
2020,GO,5208707,133,1660,CMEI VILA REDENÇÃO,VILA REDENÇÃO,-49.31807619,-16.71418559,8.1,4,0.121,geocode_v0.15 (propagada)
2022,GO,5208707,133,1660,CMEI VILA REDENÇÃO,VILA REDENÇÃO,-49.31807619,-16.71418559,8.1,4,0.121,geocode_v0.15 (propagada)
2024,GO,5208707,133,1660,CMEI VILA REDENÇÃO,VILA REDENÇÃO,-49.31807619,-16.71418559,8.1,4,0.121,geocode_v0.15 (propagada)
2006,PI,2211001,2,2062,CENTRO FEDERAL DE EDUCACAO TECNOLOGICA DO PIAUI-CEFET,CENTRO,-42.7384479,-5.0897639,8.09,48,0.633,geocode_v0.15 (propagada)
2006,CE,2304400,83,1406,POSTO MEDICO DR WALDEMAR DE ALCANTARA,JOQUEI CLUBE,-38.50332088,-3.78413931,8.09,3,0.315,geocode_v0.15 (propagada)
2012,MG,3118601,93,1147,FUNEC - INSTITUTO EDUCACIONAL DE CONTAGEM,INCONFIDENTES,-44.03614057,-19.88179485,8.09,3,0.559,geocode_v0.15 (propagada)
2014,MG,3118601,93,1147,FUNEC - INSTITUTO EDUCACIONAL DE CONTAGEM,INCONFIDENTES,-44.03614057,-19.88179485,8.09,3,0.559,geocode_v0.15 (propagada)
2018,BA,2927408,8,2240,ESPECIAL ESCOLA MUNICIPAL AMAI PRO,CAMPINAS,-38.4528918,-12.9893487,8.07,4,0.233,Mantida Original (Inseguro para mover)
2008,CE,2304400,117,1015,CENTRO COMUNITARIO MIRIAN PORTO MOTA,JOAO XXIII,-38.50854,-3.781457,8.04,6,0.595,Mantida Original (Inseguro para mover)
2012,RJ,3304557,229,1180,BANCO BRADESCO S/A,TODOS OS SANTOS,-43.2098089,-22.9263991,8.02,10,0.503,geocode_v0.15 (propagada)
