ibge,municipio,ano,zona,local,nome,bairro,endereco,lon_antigo,lat_antigo,lon_novo,lat_novo,km,metodo,confianca,evidencia,motivo
2900801,Alcobaça,2006,112,1015,ESCOLA ESTADUAL LOMANTO JUNIOR,CENTRO,RUA VILA PENHA - ZONA URBANA,-39.22404667,-17.340315,-39.193774,-17.536845,22.11,localidade,media,"localidade CENTRO (1492 enderecos, raio 0.4 km)",fora do municipio (6.4 km alem da divisa)
2900801,Alcobaça,2008,112,1015,ESCOLA ESTADUAL LOMANTO JUNIOR,CENTRO,RUA VILA PENHA - ZONA URBANA,-39.22404667,-17.340315,-39.193774,-17.536845,22.11,localidade,media,"localidade CENTRO (1492 enderecos, raio 0.4 km)",fora do municipio (6.4 km alem da divisa)
2900801,Alcobaça,2010,112,1015,ESCOLA ESTADUAL LOMANTO JUNIOR,CENTRO,RUA VILA PENHA - ZONA URBANA,-39.22404667,-17.340315,-39.193774,-17.536845,22.11,localidade,media,"localidade CENTRO (1492 enderecos, raio 0.4 km)",fora do municipio (6.4 km alem da divisa)
2900801,Alcobaça,2012,112,1015,ESCOLA ESTADUAL LOMANTO JUNIOR,CENTRO,RUA VILA PENHA - ZONA URBANA,-39.22404667,-17.340315,-39.193774,-17.536845,22.11,localidade,media,"localidade CENTRO (1492 enderecos, raio 0.4 km)",fora do municipio (6.4 km alem da divisa)
2900801,Alcobaça,2014,112,1015,ESCOLA ESTADUAL LOMANTO JUNIOR,CENTRO,RUA VILA PENHA - ZONA URBANA,-39.22404667,-17.340315,-39.193774,-17.536845,22.11,localidade,media,"localidade CENTRO (1492 enderecos, raio 0.4 km)",fora do municipio (6.4 km alem da divisa)
2900801,Alcobaça,2016,112,1015,ESCOLA ESTADUAL LOMANTO JUNIOR,CENTRO,RUA VILA PENHA - ZONA URBANA,-39.22404667,-17.340315,-39.193774,-17.536845,22.11,localidade,media,"localidade CENTRO (1492 enderecos, raio 0.4 km)",fora do municipio (6.4 km alem da divisa)
2900801,Alcobaça,2018,112,1015,ESCOLA ESTADUAL LOMANTO JUNIOR,CENTRO,RUA VILA PENHA - ZONA URBANA,-39.22404667,-17.340315,-39.193774,-17.536845,22.11,localidade,media,"localidade CENTRO (1492 enderecos, raio 0.4 km)",fora do municipio (6.4 km alem da divisa)
2900801,Alcobaça,2020,112,1015,ESCOLA ESTADUAL LOMANTO JUNIOR,CENTRO,RUA VILA PENHA - ZONA URBANA,-39.22404667,-17.340315,-39.193774,-17.536845,22.11,localidade,media,"localidade CENTRO (1492 enderecos, raio 0.4 km)",fora do municipio (6.4 km alem da divisa)
2900801,Alcobaça,2022,112,1015,ESCOLA ESTADUAL LOMANTO JUNIOR,CENTRO,RUA VILA PENHA - ZONA URBANA,-39.22404667,-17.340315,-39.193774,-17.536845,22.11,localidade,media,"localidade CENTRO (1492 enderecos, raio 0.4 km)",fora do municipio (6.4 km alem da divisa)
2900801,Alcobaça,2024,112,1015,ESCOLA LOMANTO JUNIOR,CENTRO,RUA VILA PENHA   - ZONA URBANA,-39.22404667,-17.340315,-39.193774,-17.536845,22.11,localidade,media,"localidade CENTRO (1492 enderecos, raio 0.4 km)",fora do municipio (6.4 km alem da divisa)
2900801,Alcobaça,2006,112,1023,EMEF EUNICE GERÔNIMO DE OLIVEIRA,CENTRO,"RUA BRÁULIO NASCIMENTO, S/N - ZONA URBANA",-39.22407,-17.34028667,-39.19218,-17.53515,21.95,escola_inep,alta,"INEP: EMEF EUNICE JERONIMO DE OLIVEIRA [RUA BRAULIO NASCIMENTO, S/N CENTRO. 45910-00]",fora do municipio (6.4 km alem da divisa)
2900801,Alcobaça,2008,112,1023,EMEF EUNICE GERÔNIMO DE OLIVEIRA,CENTRO,"RUA BRÁULIO NASCIMENTO, S/N - ZONA URBANA",-39.22407,-17.34028667,-39.19218,-17.53515,21.95,escola_inep,alta,"INEP: EMEF EUNICE JERONIMO DE OLIVEIRA [RUA BRAULIO NASCIMENTO, S/N CENTRO. 45910-00]",fora do municipio (6.4 km alem da divisa)
2900801,Alcobaça,2010,112,1023,EMEF EUNICE GERÔNIMO DE OLIVEIRA,CENTRO,"RUA BRÁULIO NASCIMENTO, S/N - ZONA URBANA",-39.22407,-17.34028667,-39.19218,-17.53515,21.95,escola_inep,alta,"INEP: EMEF EUNICE JERONIMO DE OLIVEIRA [RUA BRAULIO NASCIMENTO, S/N CENTRO. 45910-00]",fora do municipio (6.4 km alem da divisa)
2900801,Alcobaça,2012,112,1023,EMEF EUNICE GERÔNIMO DE OLIVEIRA,CENTRO,"RUA BRÁULIO NASCIMENTO, S/N - ZONA URBANA",-39.22407,-17.34028667,-39.19218,-17.53515,21.95,escola_inep,alta,"INEP: EMEF EUNICE JERONIMO DE OLIVEIRA [RUA BRAULIO NASCIMENTO, S/N CENTRO. 45910-00]",fora do municipio (6.4 km alem da divisa)
2900801,Alcobaça,2014,112,1023,EMEF EUNICE GERÔNIMO DE OLIVEIRA,CENTRO,"RUA BRÁULIO NASCIMENTO, S/N - ZONA URBANA",-39.22407,-17.34028667,-39.19218,-17.53515,21.95,escola_inep,alta,"INEP: EMEF EUNICE JERONIMO DE OLIVEIRA [RUA BRAULIO NASCIMENTO, S/N CENTRO. 45910-00]",fora do municipio (6.4 km alem da divisa)
2900801,Alcobaça,2016,112,1023,EMEF EUNICE GERÔNIMO DE OLIVEIRA,CENTRO,"RUA BRÁULIO NASCIMENTO, S/N - ZONA URBANA",-39.22407,-17.34028667,-39.19218,-17.53515,21.95,escola_inep,alta,"INEP: EMEF EUNICE JERONIMO DE OLIVEIRA [RUA BRAULIO NASCIMENTO, S/N CENTRO. 45910-00]",fora do municipio (6.4 km alem da divisa)
2900801,Alcobaça,2018,112,1023,EMEF EUNICE GERÔNIMO DE OLIVEIRA,CENTRO,"RUA BRÁULIO NASCIMENTO, S/N - ZONA URBANA",-39.22407,-17.34028667,-39.19218,-17.53515,21.95,escola_inep,alta,"INEP: EMEF EUNICE JERONIMO DE OLIVEIRA [RUA BRAULIO NASCIMENTO, S/N CENTRO. 45910-00]",fora do municipio (6.4 km alem da divisa)
2900801,Alcobaça,2020,112,1023,EMEF EUNICE GERÔNIMO DE OLIVEIRA,CENTRO,"RUA BRÁULIO NASCIMENTO, S/N - ZONA URBANA",-39.22407,-17.34028667,-39.19218,-17.53515,21.95,escola_inep,alta,"INEP: EMEF EUNICE JERONIMO DE OLIVEIRA [RUA BRAULIO NASCIMENTO, S/N CENTRO. 45910-00]",fora do municipio (6.4 km alem da divisa)
2900801,Alcobaça,2022,112,1023,EMEF EUNICE GERÔNIMO DE OLIVEIRA,CENTRO,"RUA BRÁULIO NASCIMENTO, S/N - ZONA URBANA",-39.22407,-17.34028667,-39.19218,-17.53515,21.95,escola_inep,alta,"INEP: EMEF EUNICE JERONIMO DE OLIVEIRA [RUA BRAULIO NASCIMENTO, S/N CENTRO. 45910-00]",fora do municipio (6.4 km alem da divisa)
2900801,Alcobaça,2024,112,1023,EMEF EUNICE GERÔNIMO DE OLIVEIRA,CENTRO,"RUA BRÁULIO NASCIMENTO, S/N - ZONA URBANA",-39.22407,-17.34028667,-39.19218,-17.53515,21.95,escola_inep,alta,"INEP: EMEF EUNICE JERONIMO DE OLIVEIRA [RUA BRAULIO NASCIMENTO, S/N CENTRO. 45910-00]",fora do municipio (6.4 km alem da divisa)
2900801,Alcobaça,2006,112,1031,CENTRO EDUCACIONAL DE ALCOBAÇA,CENTRO,"RUA PEDRO ALVARES CABRAL, SN - ZONA URBANA",-39.22401,-17.34038167,,,,nao corrigido,,"descartado: localidade CENTRO (1492 enderecos, raio 0.4 km) cairia sobre outro local (< 50 m)",fora do municipio (6.4 km alem da divisa)
2900801,Alcobaça,2008,112,1031,CENTRO EDUCACIONAL DE ALCOBAÇA,CENTRO,"RUA PEDRO ALVARES CABRAL, SN - ZONA URBANA",-39.22401,-17.34038167,,,,nao corrigido,,"descartado: localidade CENTRO (1492 enderecos, raio 0.4 km) cairia sobre outro local (< 50 m)",fora do municipio (6.4 km alem da divisa)
2900801,Alcobaça,2010,112,1031,CENTRO EDUCACIONAL DE ALCOBAÇA,CENTRO,"RUA PEDRO ALVARES CABRAL, SN - ZONA URBANA",-39.22401,-17.34038167,,,,nao corrigido,,"descartado: localidade CENTRO (1492 enderecos, raio 0.4 km) cairia sobre outro local (< 50 m)",fora do municipio (6.4 km alem da divisa)
2900801,Alcobaça,2012,112,1031,CENTRO EDUCACIONAL DE ALCOBAÇA,CENTRO,"RUA PEDRO ALVARES CABRAL, SN - ZONA URBANA",-39.22401,-17.34038167,,,,nao corrigido,,"descartado: localidade CENTRO (1492 enderecos, raio 0.4 km) cairia sobre outro local (< 50 m)",fora do municipio (6.4 km alem da divisa)
2900801,Alcobaça,2014,112,1031,CENTRO EDUCACIONAL DE ALCOBAÇA,CENTRO,"RUA PEDRO ALVARES CABRAL, SN - ZONA URBANA",-39.22401,-17.34038167,,,,nao corrigido,,"descartado: localidade CENTRO (1492 enderecos, raio 0.4 km) cairia sobre outro local (< 50 m)",fora do municipio (6.4 km alem da divisa)
2900801,Alcobaça,2016,112,1031,CENTRO EDUCACIONAL DE ALCOBAÇA,CENTRO,"RUA PEDRO ALVARES CABRAL, SN - ZONA URBANA",-39.22401,-17.34038167,,,,nao corrigido,,"descartado: localidade CENTRO (1492 enderecos, raio 0.4 km) cairia sobre outro local (< 50 m)",fora do municipio (6.4 km alem da divisa)
2900801,Alcobaça,2018,112,1031,CENTRO EDUCACIONAL DE ALCOBAÇA,CENTRO,"RUA PEDRO ALVARES CABRAL, SN - ZONA URBANA",-39.22401,-17.34038167,,,,nao corrigido,,"descartado: localidade CENTRO (1492 enderecos, raio 0.4 km) cairia sobre outro local (< 50 m)",fora do municipio (6.4 km alem da divisa)
2900801,Alcobaça,2020,112,1031,CENTRO EDUCACIONAL DE ALCOBAÇA,CENTRO,"RUA PEDRO ALVARES CABRAL, SN - ZONA URBANA",-39.22401,-17.34038167,,,,nao corrigido,,"descartado: localidade CENTRO (1492 enderecos, raio 0.4 km) cairia sobre outro local (< 50 m)",fora do municipio (6.4 km alem da divisa)
2900801,Alcobaça,2022,112,1031,CENTRO EDUCACIONAL DE ALCOBAÇA,CENTRO,"RUA PEDRO ALVARES CABRAL, SN - ZONA URBANA",-39.22401,-17.34038167,,,,nao corrigido,,"descartado: localidade CENTRO (1492 enderecos, raio 0.4 km) cairia sobre outro local (< 50 m)",fora do municipio (6.4 km alem da divisa)
2900801,Alcobaça,2024,112,1031,CENTRO EDUCACIONAL DE ALCOBAÇA,CENTRO,"RUA PEDRO ALVARES CABRAL, SN - ZONA URBANA",-39.22401,-17.34038167,,,,nao corrigido,,"descartado: localidade CENTRO (1492 enderecos, raio 0.4 km) cairia sobre outro local (< 50 m)",fora do municipio (6.4 km alem da divisa)
2900801,Alcobaça,2006,112,1040,ESCOLA MUNICIPAL NOVO DESTINO,POVOADO NOVO DESTINO,POVOADO NOVO DESTINO - ZONA RURAL,-39.224045,-17.34047333,-39.484658,-17.421696,29.13,estabelecimento,alta,ESCOLA MUNICIPAL DO NOVO DESTINO [ARRAIAL NOVO DESTINO],fora do municipio (6.4 km alem da divisa)
2900801,Alcobaça,2008,112,1040,ESCOLA MUNICIPAL NOVO DESTINO,POVOADO NOVO DESTINO,POVOADO NOVO DESTINO - ZONA RURAL,-39.224045,-17.34047333,-39.484658,-17.421696,29.13,estabelecimento,alta,ESCOLA MUNICIPAL DO NOVO DESTINO [ARRAIAL NOVO DESTINO],fora do municipio (6.4 km alem da divisa)
2900801,Alcobaça,2010,112,1040,ESCOLA MUNICIPAL NOVO DESTINO,POVOADO NOVO DESTINO,POVOADO NOVO DESTINO - ZONA RURAL,-39.224045,-17.34047333,-39.484658,-17.421696,29.13,estabelecimento,alta,ESCOLA MUNICIPAL DO NOVO DESTINO [ARRAIAL NOVO DESTINO],fora do municipio (6.4 km alem da divisa)
2900801,Alcobaça,2012,112,1040,ESCOLA MUNICIPAL NOVO DESTINO,POVOADO NOVO DESTINO,POVOADO NOVO DESTINO - ZONA RURAL,-39.224045,-17.34047333,-39.484658,-17.421696,29.13,estabelecimento,alta,ESCOLA MUNICIPAL DO NOVO DESTINO [ARRAIAL NOVO DESTINO],fora do municipio (6.4 km alem da divisa)
2900801,Alcobaça,2014,112,1040,ESCOLA MUNICIPAL NOVO DESTINO,POVOADO NOVO DESTINO,POVOADO NOVO DESTINO - ZONA RURAL,-39.224045,-17.34047333,-39.484658,-17.421696,29.13,estabelecimento,alta,ESCOLA MUNICIPAL DO NOVO DESTINO [ARRAIAL NOVO DESTINO],fora do municipio (6.4 km alem da divisa)
2900801,Alcobaça,2016,112,1040,ESCOLA MUNICIPAL NOVO DESTINO,POVOADO NOVO DESTINO,POVOADO NOVO DESTINO - ZONA RURAL,-39.224045,-17.34047333,-39.484658,-17.421696,29.13,estabelecimento,alta,ESCOLA MUNICIPAL DO NOVO DESTINO [ARRAIAL NOVO DESTINO],fora do municipio (6.4 km alem da divisa)
2900801,Alcobaça,2018,112,1040,ESCOLA MUNICIPAL NOVO DESTINO,POVOADO NOVO DESTINO,POVOADO NOVO DESTINO - ZONA RURAL,-39.224045,-17.34047333,-39.484658,-17.421696,29.13,estabelecimento,alta,ESCOLA MUNICIPAL DO NOVO DESTINO [ARRAIAL NOVO DESTINO],fora do municipio (6.4 km alem da divisa)
2900801,Alcobaça,2020,112,1040,ESCOLA MUNICIPAL NOVO DESTINO,POVOADO NOVO DESTINO,POVOADO NOVO DESTINO - ZONA RURAL,-39.224045,-17.34047333,-39.484658,-17.421696,29.13,estabelecimento,alta,ESCOLA MUNICIPAL DO NOVO DESTINO [ARRAIAL NOVO DESTINO],fora do municipio (6.4 km alem da divisa)
2900801,Alcobaça,2022,112,1040,ESCOLA MUNICIPAL NOVO DESTINO,POVOADO NOVO DESTINO,POVOADO NOVO DESTINO - ZONA RURAL,-39.224045,-17.34047333,-39.484658,-17.421696,29.13,estabelecimento,alta,ESCOLA MUNICIPAL DO NOVO DESTINO [ARRAIAL NOVO DESTINO],fora do municipio (6.4 km alem da divisa)
2900801,Alcobaça,2024,112,1040,ESCOLA MUNICIPAL NOVO DESTINO,POVOADO NOVO DESTINO,POVOADO NOVO DESTINO - ZONA RURAL,-39.224045,-17.34047333,-39.484658,-17.421696,29.13,estabelecimento,alta,ESCOLA MUNICIPAL DO NOVO DESTINO [ARRAIAL NOVO DESTINO],fora do municipio (6.4 km alem da divisa)
2900801,Alcobaça,2006,112,1058,CENTRO EDUCACIONAL DE POUSO ALEGRE,POVOADO POUSO ALEGRE,POVOADO DE POUSO ALEGRE - ZONA RURAL,-39.22405667,-17.34029,-39.597952,-17.411862,40.51,estabelecimento,alta,EMEF POUSO ALEGRE [POUSO ALEGRE],fora do municipio (6.4 km alem da divisa)
2900801,Alcobaça,2008,112,1058,CENTRO EDUCACIONAL DE POUSO ALEGRE,POVOADO POUSO ALEGRE,POVOADO DE POUSO ALEGRE - ZONA RURAL,-39.22405667,-17.34029,-39.597952,-17.411862,40.51,estabelecimento,alta,EMEF POUSO ALEGRE [POUSO ALEGRE],fora do municipio (6.4 km alem da divisa)
2900801,Alcobaça,2010,112,1058,CENTRO EDUCACIONAL DE POUSO ALEGRE,POVOADO POUSO ALEGRE,POVOADO DE POUSO ALEGRE - ZONA RURAL,-39.22405667,-17.34029,-39.597952,-17.411862,40.51,estabelecimento,alta,EMEF POUSO ALEGRE [POUSO ALEGRE],fora do municipio (6.4 km alem da divisa)
2900801,Alcobaça,2012,112,1058,CENTRO EDUCACIONAL DE POUSO ALEGRE,POVOADO POUSO ALEGRE,POVOADO DE POUSO ALEGRE - ZONA RURAL,-39.22405667,-17.34029,-39.597952,-17.411862,40.51,estabelecimento,alta,EMEF POUSO ALEGRE [POUSO ALEGRE],fora do municipio (6.4 km alem da divisa)
2900801,Alcobaça,2014,112,1058,CENTRO EDUCACIONAL DE POUSO ALEGRE,POVOADO POUSO ALEGRE,POVOADO DE POUSO ALEGRE - ZONA RURAL,-39.22405667,-17.34029,-39.597952,-17.411862,40.51,estabelecimento,alta,EMEF POUSO ALEGRE [POUSO ALEGRE],fora do municipio (6.4 km alem da divisa)
2900801,Alcobaça,2016,112,1058,CENTRO EDUCACIONAL DE POUSO ALEGRE,POVOADO POUSO ALEGRE,POVOADO DE POUSO ALEGRE - ZONA RURAL,-39.22405667,-17.34029,-39.597952,-17.411862,40.51,estabelecimento,alta,EMEF POUSO ALEGRE [POUSO ALEGRE],fora do municipio (6.4 km alem da divisa)
2900801,Alcobaça,2018,112,1058,CENTRO EDUCACIONAL DE POUSO ALEGRE,POVOADO POUSO ALEGRE,POVOADO DE POUSO ALEGRE - ZONA RURAL,-39.22405667,-17.34029,-39.597952,-17.411862,40.51,estabelecimento,alta,EMEF POUSO ALEGRE [POUSO ALEGRE],fora do municipio (6.4 km alem da divisa)
2900801,Alcobaça,2020,112,1058,CENTRO EDUCACIONAL DE POUSO ALEGRE,POVOADO POUSO ALEGRE,POVOADO DE POUSO ALEGRE - ZONA RURAL,-39.22405667,-17.34029,-39.597952,-17.411862,40.51,estabelecimento,alta,EMEF POUSO ALEGRE [POUSO ALEGRE],fora do municipio (6.4 km alem da divisa)
2900801,Alcobaça,2022,112,1058,CENTRO EDUCACIONAL DE POUSO ALEGRE,POVOADO POUSO ALEGRE,POVOADO DE POUSO ALEGRE - ZONA RURAL,-39.22405667,-17.34029,-39.597952,-17.411862,40.51,estabelecimento,alta,EMEF POUSO ALEGRE [POUSO ALEGRE],fora do municipio (6.4 km alem da divisa)
2900801,Alcobaça,2024,112,1058,CENTRO EDUCACIONAL DE POUSO ALEGRE,POVOADO POUSO ALEGRE,POVOADO DE POUSO ALEGRE - ZONA RURAL,-39.22405667,-17.34029,-39.597952,-17.411862,40.51,estabelecimento,alta,EMEF POUSO ALEGRE [POUSO ALEGRE],fora do municipio (6.4 km alem da divisa)
2900801,Alcobaça,2006,112,1066,CENTRO EDUCACIONAL DE SAO JOSE,POVOADO SAO JOSE DE ALCOBACA,POVOADO DE SAO JOSE DE ALCOBACA - ZONA RURAL,-39.22391,-17.34059,-39.430466,-17.491434,27.63,estabelecimento,alta,EMEF SAO JOSE [SAO JOSE],fora do municipio (6.4 km alem da divisa)
2900801,Alcobaça,2008,112,1066,CENTRO EDUCACIONAL DE SAO JOSE,POVOADO SAO JOSE DE ALCOBACA,POVOADO DE SAO JOSE DE ALCOBACA - ZONA RURAL,-39.22391,-17.34059,-39.430466,-17.491434,27.63,estabelecimento,alta,EMEF SAO JOSE [SAO JOSE],fora do municipio (6.4 km alem da divisa)
2900801,Alcobaça,2010,112,1066,CENTRO EDUCACIONAL DE SAO JOSE,POVOADO SAO JOSE DE ALCOBACA,POVOADO DE SAO JOSE DE ALCOBACA - ZONA RURAL,-39.22391,-17.34059,-39.430466,-17.491434,27.63,estabelecimento,alta,EMEF SAO JOSE [SAO JOSE],fora do municipio (6.4 km alem da divisa)
2900801,Alcobaça,2012,112,1066,CENTRO EDUCACIONAL DE SAO JOSE,POVOADO SAO JOSE DE ALCOBACA,POVOADO DE SAO JOSE DE ALCOBACA - ZONA RURAL,-39.22391,-17.34059,-39.430466,-17.491434,27.63,estabelecimento,alta,EMEF SAO JOSE [SAO JOSE],fora do municipio (6.4 km alem da divisa)
2900801,Alcobaça,2014,112,1066,CENTRO EDUCACIONAL DE SAO JOSE,POVOADO SAO JOSE DE ALCOBACA,POVOADO DE SAO JOSE DE ALCOBACA - ZONA RURAL,-39.22391,-17.34059,-39.430466,-17.491434,27.63,estabelecimento,alta,EMEF SAO JOSE [SAO JOSE],fora do municipio (6.4 km alem da divisa)
2900801,Alcobaça,2016,112,1066,CENTRO EDUCACIONAL DE SAO JOSE,POVOADO SAO JOSE DE ALCOBACA,POVOADO DE SAO JOSE DE ALCOBACA - ZONA RURAL,-39.22391,-17.34059,-39.430466,-17.491434,27.63,estabelecimento,alta,EMEF SAO JOSE [SAO JOSE],fora do municipio (6.4 km alem da divisa)
2900801,Alcobaça,2018,112,1066,CENTRO EDUCACIONAL DE SAO JOSE,POVOADO SAO JOSE DE ALCOBACA,POVOADO DE SAO JOSE DE ALCOBACA - ZONA RURAL,-39.22391,-17.34059,-39.430466,-17.491434,27.63,estabelecimento,alta,EMEF SAO JOSE [SAO JOSE],fora do municipio (6.4 km alem da divisa)
2900801,Alcobaça,2020,112,1066,CENTRO EDUCACIONAL DE SAO JOSE,POVOADO SAO JOSE DE ALCOBACA,POVOADO DE SAO JOSE DE ALCOBACA - ZONA RURAL,-39.22391,-17.34059,-39.430466,-17.491434,27.63,estabelecimento,alta,EMEF SAO JOSE [SAO JOSE],fora do municipio (6.4 km alem da divisa)
2900801,Alcobaça,2022,112,1066,CENTRO EDUCACIONAL DE SAO JOSE,POVOADO SAO JOSE DE ALCOBACA,POVOADO DE SAO JOSE DE ALCOBACA - ZONA RURAL,-39.22391,-17.34059,-39.430466,-17.491434,27.63,estabelecimento,alta,EMEF SAO JOSE [SAO JOSE],fora do municipio (6.4 km alem da divisa)
2900801,Alcobaça,2024,112,1066,ESCOLA MUNICIPAL DE EF SÃO JOSÉ,POVOADO SAO JOSE DE ALCOBACA,"BA 290, S/N, RODOVIA - POVOADO SAO JOSE DE ALCOBACA - ZONA URBANA",-39.22391,-17.34059,-39.430466,-17.491434,27.63,estabelecimento,alta,EMEF SAO JOSE [SAO JOSE],fora do municipio (6.4 km alem da divisa)
2900801,Alcobaça,2006,112,1074,CRECHE MAE MITA,POVOADO SAO JOSE DE ALCOBACA,AVENIDA PRINCIPAL - ZONA RURAL,-39.22391,-17.34059,,,,nao corrigido,,descartado: CLECHE MAE MITA [SAO JOSE] cairia sobre outro local (< 50 m),fora do municipio (6.4 km alem da divisa)
2900801,Alcobaça,2008,112,1074,CRECHE MAE MITA,POVOADO SAO JOSE DE ALCOBACA,AVENIDA PRINCIPAL - ZONA RURAL,-39.22391,-17.34059,,,,nao corrigido,,descartado: CLECHE MAE MITA [SAO JOSE] cairia sobre outro local (< 50 m),fora do municipio (6.4 km alem da divisa)
2900801,Alcobaça,2010,112,1074,CRECHE MAE MITA,POVOADO SAO JOSE DE ALCOBACA,AVENIDA PRINCIPAL - ZONA RURAL,-39.22391,-17.34059,,,,nao corrigido,,descartado: CLECHE MAE MITA [SAO JOSE] cairia sobre outro local (< 50 m),fora do municipio (6.4 km alem da divisa)
2900801,Alcobaça,2012,112,1074,CRECHE MAE MITA,POVOADO SAO JOSE DE ALCOBACA,AVENIDA PRINCIPAL - ZONA RURAL,-39.22391,-17.34059,,,,nao corrigido,,descartado: CLECHE MAE MITA [SAO JOSE] cairia sobre outro local (< 50 m),fora do municipio (6.4 km alem da divisa)
2900801,Alcobaça,2014,112,1074,CRECHE MAE MITA,POVOADO SAO JOSE DE ALCOBACA,AVENIDA PRINCIPAL - ZONA RURAL,-39.22391,-17.34059,,,,nao corrigido,,descartado: CLECHE MAE MITA [SAO JOSE] cairia sobre outro local (< 50 m),fora do municipio (6.4 km alem da divisa)
2900801,Alcobaça,2016,112,1074,CRECHE MAE MITA,POVOADO SAO JOSE DE ALCOBACA,AVENIDA PRINCIPAL - ZONA RURAL,-39.22391,-17.34059,,,,nao corrigido,,descartado: CLECHE MAE MITA [SAO JOSE] cairia sobre outro local (< 50 m),fora do municipio (6.4 km alem da divisa)
2900801,Alcobaça,2018,112,1074,CRECHE MAE MITA,POVOADO SAO JOSE DE ALCOBACA,AVENIDA PRINCIPAL - ZONA RURAL,-39.22391,-17.34059,,,,nao corrigido,,descartado: CLECHE MAE MITA [SAO JOSE] cairia sobre outro local (< 50 m),fora do municipio (6.4 km alem da divisa)
2900801,Alcobaça,2020,112,1074,CRECHE MAE MITA,POVOADO SAO JOSE DE ALCOBACA,AVENIDA PRINCIPAL - ZONA RURAL,-39.22391,-17.34059,,,,nao corrigido,,descartado: CLECHE MAE MITA [SAO JOSE] cairia sobre outro local (< 50 m),fora do municipio (6.4 km alem da divisa)
2900801,Alcobaça,2022,112,1074,CRECHE MAE MITA,POVOADO SAO JOSE DE ALCOBACA,AVENIDA PRINCIPAL - ZONA RURAL,-39.22391,-17.34059,,,,nao corrigido,,descartado: CLECHE MAE MITA [SAO JOSE] cairia sobre outro local (< 50 m),fora do municipio (6.4 km alem da divisa)
2900801,Alcobaça,2006,112,1082,ESCOLA MUNICIPAL PARAISO,POVOADO IGREJINHA,POVOADO DE IGREJINHA - ZONA RURAL,-39.22411,-17.34033333,-39.5026884,-17.5689888,39.03,escola_inep,media,"INEP: EMEF PARAISO [FAZENDA PARAISO, S/N ZONA RURAL. POVOADO IGR]",fora do municipio (6.4 km alem da divisa)
2900801,Alcobaça,2008,112,1082,ESCOLA MUNICIPAL PARAISO,POVOADO IGREJINHA,POVOADO DE IGREJINHA - ZONA RURAL,-39.22411,-17.34033333,-39.5026884,-17.5689888,39.03,escola_inep,media,"INEP: EMEF PARAISO [FAZENDA PARAISO, S/N ZONA RURAL. POVOADO IGR]",fora do municipio (6.4 km alem da divisa)
2900801,Alcobaça,2010,112,1082,ESCOLA MUNICIPAL PARAISO,POVOADO IGREJINHA,POVOADO DE IGREJINHA - ZONA RURAL,-39.22411,-17.34033333,-39.5026884,-17.5689888,39.03,escola_inep,media,"INEP: EMEF PARAISO [FAZENDA PARAISO, S/N ZONA RURAL. POVOADO IGR]",fora do municipio (6.4 km alem da divisa)
2900801,Alcobaça,2012,112,1082,ESCOLA MUNICIPAL PARAISO,POVOADO IGREJINHA,POVOADO DE IGREJINHA - ZONA RURAL,-39.22411,-17.34033333,-39.5026884,-17.5689888,39.03,escola_inep,media,"INEP: EMEF PARAISO [FAZENDA PARAISO, S/N ZONA RURAL. POVOADO IGR]",fora do municipio (6.4 km alem da divisa)
2900801,Alcobaça,2014,112,1082,ESCOLA MUNICIPAL PARAISO,POVOADO IGREJINHA,POVOADO DE IGREJINHA - ZONA RURAL,-39.22411,-17.34033333,-39.5026884,-17.5689888,39.03,escola_inep,media,"INEP: EMEF PARAISO [FAZENDA PARAISO, S/N ZONA RURAL. POVOADO IGR]",fora do municipio (6.4 km alem da divisa)
2900801,Alcobaça,2016,112,1082,ESCOLA MUNICIPAL PARAISO,POVOADO IGREJINHA,POVOADO DE IGREJINHA - ZONA RURAL,-39.22411,-17.34033333,-39.5026884,-17.5689888,39.03,escola_inep,media,"INEP: EMEF PARAISO [FAZENDA PARAISO, S/N ZONA RURAL. POVOADO IGR]",fora do municipio (6.4 km alem da divisa)
2900801,Alcobaça,2018,112,1082,ESCOLA MUNICIPAL PARAISO,POVOADO IGREJINHA,POVOADO DE IGREJINHA - ZONA RURAL,-39.22411,-17.34033333,-39.5026884,-17.5689888,39.03,escola_inep,media,"INEP: EMEF PARAISO [FAZENDA PARAISO, S/N ZONA RURAL. POVOADO IGR]",fora do municipio (6.4 km alem da divisa)
2900801,Alcobaça,2020,112,1082,ESCOLA MUNICIPAL PARAISO,POVOADO IGREJINHA,POVOADO DE IGREJINHA - ZONA RURAL,-39.22411,-17.34033333,-39.5026884,-17.5689888,39.03,escola_inep,media,"INEP: EMEF PARAISO [FAZENDA PARAISO, S/N ZONA RURAL. POVOADO IGR]",fora do municipio (6.4 km alem da divisa)
2900801,Alcobaça,2022,112,1082,ESCOLA MUNICIPAL PARAISO,POVOADO IGREJINHA,POVOADO DE IGREJINHA - ZONA RURAL,-39.22411,-17.34033333,-39.5026884,-17.5689888,39.03,escola_inep,media,"INEP: EMEF PARAISO [FAZENDA PARAISO, S/N ZONA RURAL. POVOADO IGR]",fora do municipio (6.4 km alem da divisa)
2900801,Alcobaça,2024,112,1082,ESCOLA MUNICIPAL PARAISO,POVOADO IGREJINHA,POVOADO DE IGREJINHA - ZONA RURAL,-39.22411,-17.34033333,-39.5026884,-17.5689888,39.03,escola_inep,media,"INEP: EMEF PARAISO [FAZENDA PARAISO, S/N ZONA RURAL. POVOADO IGR]",fora do municipio (6.4 km alem da divisa)
2900801,Alcobaça,2006,112,1090,ESCOLA MUNICIPAL SANDRA LIMA,POVOADO COMUNIDADE CANTA GALO,POVOADO COMUNIDADE DE CANTA GALO,-39.224175,-17.34034667,-39.572761,-17.509127,41.52,localidade,media,"localidade CANTA GALO (572 enderecos, raio 1.3 km)",fora do municipio (6.4 km alem da divisa)
2900801,Alcobaça,2008,112,1090,ESCOLA MUNICIPAL SANDRA LIMA,POVOADO COMUNIDADE CANTA GALO,POVOADO COMUNIDADE DE CANTA GALO,-39.224175,-17.34034667,-39.572761,-17.509127,41.52,localidade,media,"localidade CANTA GALO (572 enderecos, raio 1.3 km)",fora do municipio (6.4 km alem da divisa)
2900801,Alcobaça,2010,112,1090,ESCOLA MUNICIPAL SANDRA LIMA,POVOADO COMUNIDADE CANTA GALO,POVOADO COMUNIDADE DE CANTA GALO,-39.224175,-17.34034667,-39.572761,-17.509127,41.52,localidade,media,"localidade CANTA GALO (572 enderecos, raio 1.3 km)",fora do municipio (6.4 km alem da divisa)
2900801,Alcobaça,2012,112,1090,ESCOLA MUNICIPAL SANDRA LIMA,POVOADO COMUNIDADE CANTA GALO,POVOADO COMUNIDADE DE CANTA GALO,-39.224175,-17.34034667,-39.572761,-17.509127,41.52,localidade,media,"localidade CANTA GALO (572 enderecos, raio 1.3 km)",fora do municipio (6.4 km alem da divisa)
2900801,Alcobaça,2014,112,1090,ESCOLA MUNICIPAL SANDRA LIMA,POVOADO COMUNIDADE CANTA GALO,POVOADO COMUNIDADE DE CANTA GALO,-39.224175,-17.34034667,-39.572761,-17.509127,41.52,localidade,media,"localidade CANTA GALO (572 enderecos, raio 1.3 km)",fora do municipio (6.4 km alem da divisa)
2900801,Alcobaça,2016,112,1090,ESCOLA MUNICIPAL SANDRA LIMA,POVOADO COMUNIDADE CANTA GALO,POVOADO COMUNIDADE DE CANTA GALO,-39.224175,-17.34034667,-39.572761,-17.509127,41.52,localidade,media,"localidade CANTA GALO (572 enderecos, raio 1.3 km)",fora do municipio (6.4 km alem da divisa)
2900801,Alcobaça,2018,112,1090,ESCOLA MUNICIPAL SANDRA LIMA,POVOADO COMUNIDADE CANTA GALO,POVOADO COMUNIDADE DE CANTA GALO,-39.224175,-17.34034667,-39.572761,-17.509127,41.52,localidade,media,"localidade CANTA GALO (572 enderecos, raio 1.3 km)",fora do municipio (6.4 km alem da divisa)
2900801,Alcobaça,2020,112,1090,ESCOLA MUNICIPAL SANDRA LIMA,POVOADO COMUNIDADE CANTA GALO,POVOADO COMUNIDADE DE CANTA GALO,-39.224175,-17.34034667,-39.572761,-17.509127,41.52,localidade,media,"localidade CANTA GALO (572 enderecos, raio 1.3 km)",fora do municipio (6.4 km alem da divisa)
2900801,Alcobaça,2022,112,1090,ESCOLA MUNICIPAL SANDRA LIMA,POVOADO COMUNIDADE CANTA GALO,POVOADO COMUNIDADE DE CANTA GALO,-39.224175,-17.34034667,-39.572761,-17.509127,41.52,localidade,media,"localidade CANTA GALO (572 enderecos, raio 1.3 km)",fora do municipio (6.4 km alem da divisa)
2900801,Alcobaça,2024,112,1090,ESCOLA MUNICIPAL SANDRA LIMA,POVOADO COMUNIDADE CANTA GALO,POVOADO COMUNIDADE DE CANTA GALO - ZONA URBANA,-39.224175,-17.34034667,-39.572761,-17.509127,41.52,localidade,media,"localidade CANTA GALO (572 enderecos, raio 1.3 km)",fora do municipio (6.4 km alem da divisa)
2900801,Alcobaça,2006,112,1139,ESCOLA MUNICIPAL ELOI FERREIRA,POVOADO PROJETO 40-45,POVOADO PROJETO 40-45 - ZONA RURAL,-39.22411667,-17.340355,-39.3812206,-17.3797852,17.26,escola_inep,media,"INEP: ESCOLA NUCLEO MUNICIPAL ELOI FERREIRA [ASSENTAMENTO 40 45, ZONA RURAL. 45910-000 Al]",fora do municipio (6.4 km alem da divisa)
2900801,Alcobaça,2008,112,1139,ESCOLA MUNICIPAL ELOI FERREIRA,POVOADO PROJETO 40-45,POVOADO PROJETO 40-45 - ZONA RURAL,-39.22411667,-17.340355,-39.3812206,-17.3797852,17.26,escola_inep,media,"INEP: ESCOLA NUCLEO MUNICIPAL ELOI FERREIRA [ASSENTAMENTO 40 45, ZONA RURAL. 45910-000 Al]",fora do municipio (6.4 km alem da divisa)
2900801,Alcobaça,2010,112,1139,ESCOLA MUNICIPAL ELOI FERREIRA,POVOADO PROJETO 40-45,POVOADO PROJETO 40-45 - ZONA RURAL,-39.22411667,-17.340355,-39.3812206,-17.3797852,17.26,escola_inep,media,"INEP: ESCOLA NUCLEO MUNICIPAL ELOI FERREIRA [ASSENTAMENTO 40 45, ZONA RURAL. 45910-000 Al]",fora do municipio (6.4 km alem da divisa)
2900801,Alcobaça,2012,112,1139,ESCOLA MUNICIPAL ELOI FERREIRA,POVOADO PROJETO 40-45,POVOADO PROJETO 40-45 - ZONA RURAL,-39.22411667,-17.340355,-39.3812206,-17.3797852,17.26,escola_inep,media,"INEP: ESCOLA NUCLEO MUNICIPAL ELOI FERREIRA [ASSENTAMENTO 40 45, ZONA RURAL. 45910-000 Al]",fora do municipio (6.4 km alem da divisa)
2900801,Alcobaça,2014,112,1139,ESCOLA MUNICIPAL ELOI FERREIRA,POVOADO PROJETO 40-45,POVOADO PROJETO 40-45 - ZONA RURAL,-39.22411667,-17.340355,-39.3812206,-17.3797852,17.26,escola_inep,media,"INEP: ESCOLA NUCLEO MUNICIPAL ELOI FERREIRA [ASSENTAMENTO 40 45, ZONA RURAL. 45910-000 Al]",fora do municipio (6.4 km alem da divisa)
2900801,Alcobaça,2016,112,1139,ESCOLA MUNICIPAL ELOI FERREIRA,POVOADO PROJETO 40-45,POVOADO PROJETO 40-45 - ZONA RURAL,-39.22411667,-17.340355,-39.3812206,-17.3797852,17.26,escola_inep,media,"INEP: ESCOLA NUCLEO MUNICIPAL ELOI FERREIRA [ASSENTAMENTO 40 45, ZONA RURAL. 45910-000 Al]",fora do municipio (6.4 km alem da divisa)
2900801,Alcobaça,2018,112,1139,ESCOLA MUNICIPAL ELOI FERREIRA,POVOADO PROJETO 40-45,POVOADO PROJETO 40-45 - ZONA RURAL,-39.22411667,-17.340355,-39.3812206,-17.3797852,17.26,escola_inep,media,"INEP: ESCOLA NUCLEO MUNICIPAL ELOI FERREIRA [ASSENTAMENTO 40 45, ZONA RURAL. 45910-000 Al]",fora do municipio (6.4 km alem da divisa)
2900801,Alcobaça,2020,112,1139,ESCOLA MUNICIPAL ELOI FERREIRA,POVOADO PROJETO 40-45,POVOADO PROJETO 40-45 - ZONA RURAL,-39.22411667,-17.340355,-39.3812206,-17.3797852,17.26,escola_inep,media,"INEP: ESCOLA NUCLEO MUNICIPAL ELOI FERREIRA [ASSENTAMENTO 40 45, ZONA RURAL. 45910-000 Al]",fora do municipio (6.4 km alem da divisa)
2900801,Alcobaça,2022,112,1139,ESCOLA MUNICIPAL ELOI FERREIRA,POVOADO PROJETO 40-45,POVOADO PROJETO 40-45 - ZONA RURAL,-39.22411667,-17.340355,-39.3812206,-17.3797852,17.26,escola_inep,media,"INEP: ESCOLA NUCLEO MUNICIPAL ELOI FERREIRA [ASSENTAMENTO 40 45, ZONA RURAL. 45910-000 Al]",fora do municipio (6.4 km alem da divisa)
2900801,Alcobaça,2024,112,1139,ESCOLA MUNICIPAL ELOI FERREIRA,POVOADO PROJETO 40-45,POVOADO PROJETO 40-45 - ZONA RURAL,-39.22411667,-17.340355,-39.3812206,-17.3797852,17.26,escola_inep,media,"INEP: ESCOLA NUCLEO MUNICIPAL ELOI FERREIRA [ASSENTAMENTO 40 45, ZONA RURAL. 45910-000 Al]",fora do municipio (6.4 km alem da divisa)
2900801,Alcobaça,2006,112,1155,GRUPO ESCOLAR TIRADENTES,POVOADO APARAJU,"AV. PRINCIPAL, S/N - ZONA RURAL",-39.224095,-17.34033333,-39.30378,-17.615711,31.8,estabelecimento,alta,ESCOLA MUNICIPAL DO ENSINO FUNDAMENTAL TIRADENTES [APARAJU],fora do municipio (6.4 km alem da divisa)
2900801,Alcobaça,2008,112,1155,GRUPO ESCOLAR TIRADENTES,POVOADO APARAJU,"AV. PRINCIPAL, S/N - ZONA RURAL",-39.224095,-17.34033333,-39.30378,-17.615711,31.8,estabelecimento,alta,ESCOLA MUNICIPAL DO ENSINO FUNDAMENTAL TIRADENTES [APARAJU],fora do municipio (6.4 km alem da divisa)
2900801,Alcobaça,2010,112,1155,GRUPO ESCOLAR TIRADENTES,POVOADO APARAJU,"AV. PRINCIPAL, S/N - ZONA RURAL",-39.224095,-17.34033333,-39.30378,-17.615711,31.8,estabelecimento,alta,ESCOLA MUNICIPAL DO ENSINO FUNDAMENTAL TIRADENTES [APARAJU],fora do municipio (6.4 km alem da divisa)
2900801,Alcobaça,2012,112,1155,GRUPO ESCOLAR TIRADENTES,POVOADO APARAJU,"AV. PRINCIPAL, S/N - ZONA RURAL",-39.224095,-17.34033333,-39.30378,-17.615711,31.8,estabelecimento,alta,ESCOLA MUNICIPAL DO ENSINO FUNDAMENTAL TIRADENTES [APARAJU],fora do municipio (6.4 km alem da divisa)
2900801,Alcobaça,2014,112,1155,GRUPO ESCOLAR TIRADENTES,POVOADO APARAJU,"AV. PRINCIPAL, S/N - ZONA RURAL",-39.224095,-17.34033333,-39.30378,-17.615711,31.8,estabelecimento,alta,ESCOLA MUNICIPAL DO ENSINO FUNDAMENTAL TIRADENTES [APARAJU],fora do municipio (6.4 km alem da divisa)
2900801,Alcobaça,2016,112,1155,GRUPO ESCOLAR TIRADENTES,POVOADO APARAJU,"AV. PRINCIPAL, S/N - ZONA RURAL",-39.224095,-17.34033333,-39.30378,-17.615711,31.8,estabelecimento,alta,ESCOLA MUNICIPAL DO ENSINO FUNDAMENTAL TIRADENTES [APARAJU],fora do municipio (6.4 km alem da divisa)
2900801,Alcobaça,2018,112,1155,GRUPO ESCOLAR TIRADENTES,POVOADO APARAJU,"AV. PRINCIPAL, S/N - ZONA RURAL",-39.224095,-17.34033333,-39.30378,-17.615711,31.8,estabelecimento,alta,ESCOLA MUNICIPAL DO ENSINO FUNDAMENTAL TIRADENTES [APARAJU],fora do municipio (6.4 km alem da divisa)
2900801,Alcobaça,2020,112,1155,GRUPO ESCOLAR TIRADENTES,POVOADO APARAJU,"AV. PRINCIPAL, S/N - ZONA RURAL",-39.224095,-17.34033333,-39.30378,-17.615711,31.8,estabelecimento,alta,ESCOLA MUNICIPAL DO ENSINO FUNDAMENTAL TIRADENTES [APARAJU],fora do municipio (6.4 km alem da divisa)
2900801,Alcobaça,2022,112,1155,GRUPO ESCOLAR TIRADENTES,POVOADO APARAJU,"AV. PRINCIPAL, S/N - ZONA RURAL",-39.224095,-17.34033333,-39.30378,-17.615711,31.8,estabelecimento,alta,ESCOLA MUNICIPAL DO ENSINO FUNDAMENTAL TIRADENTES [APARAJU],fora do municipio (6.4 km alem da divisa)
2900801,Alcobaça,2024,112,1155,GRUPO ESCOLAR TIRADENTES,POVOADO APARAJU,"AV. PRINCIPAL, S/N - ZONA RURAL",-39.224095,-17.34033333,-39.30378,-17.615711,31.8,estabelecimento,alta,ESCOLA MUNICIPAL DO ENSINO FUNDAMENTAL TIRADENTES [APARAJU],fora do municipio (6.4 km alem da divisa)
2900801,Alcobaça,2006,112,1163,ESCOLA MUNICIPAL MARIA QUITERIA,POVOADO TAQUARI,"AV. PRINCIPAL ,S/N - ZONA RURAL",-39.22400833,-17.34028667,-39.436811,-17.656062,41.79,estabelecimento,alta,ESCOLA MUNICIPAL DO ENSINO FUNDAMENTAL MARIA QUITERIA [TAQUARI ALCOBACA],fora do municipio (6.4 km alem da divisa)
2900801,Alcobaça,2008,112,1163,ESCOLA MUNICIPAL MARIA QUITERIA,POVOADO TAQUARI,"AV. PRINCIPAL ,S/N - ZONA RURAL",-39.22400833,-17.34028667,-39.436811,-17.656062,41.79,estabelecimento,alta,ESCOLA MUNICIPAL DO ENSINO FUNDAMENTAL MARIA QUITERIA [TAQUARI ALCOBACA],fora do municipio (6.4 km alem da divisa)
2900801,Alcobaça,2010,112,1163,ESCOLA MUNICIPAL MARIA QUITERIA,POVOADO TAQUARI,"AV. PRINCIPAL ,S/N - ZONA RURAL",-39.22400833,-17.34028667,-39.436811,-17.656062,41.79,estabelecimento,alta,ESCOLA MUNICIPAL DO ENSINO FUNDAMENTAL MARIA QUITERIA [TAQUARI ALCOBACA],fora do municipio (6.4 km alem da divisa)
2900801,Alcobaça,2012,112,1163,ESCOLA MUNICIPAL MARIA QUITERIA,POVOADO TAQUARI,"AV. PRINCIPAL ,S/N - ZONA RURAL",-39.22400833,-17.34028667,-39.436811,-17.656062,41.79,estabelecimento,alta,ESCOLA MUNICIPAL DO ENSINO FUNDAMENTAL MARIA QUITERIA [TAQUARI ALCOBACA],fora do municipio (6.4 km alem da divisa)
2900801,Alcobaça,2014,112,1163,ESCOLA MUNICIPAL MARIA QUITERIA,POVOADO TAQUARI,"AV. PRINCIPAL ,S/N - ZONA RURAL",-39.22400833,-17.34028667,-39.436811,-17.656062,41.79,estabelecimento,alta,ESCOLA MUNICIPAL DO ENSINO FUNDAMENTAL MARIA QUITERIA [TAQUARI ALCOBACA],fora do municipio (6.4 km alem da divisa)
2900801,Alcobaça,2016,112,1163,ESCOLA MUNICIPAL MARIA QUITERIA,POVOADO TAQUARI,"AV. PRINCIPAL ,S/N - ZONA RURAL",-39.22400833,-17.34028667,-39.436811,-17.656062,41.79,estabelecimento,alta,ESCOLA MUNICIPAL DO ENSINO FUNDAMENTAL MARIA QUITERIA [TAQUARI ALCOBACA],fora do municipio (6.4 km alem da divisa)
2900801,Alcobaça,2018,112,1163,ESCOLA MUNICIPAL MARIA QUITERIA,POVOADO TAQUARI,"AV. PRINCIPAL ,S/N - ZONA RURAL",-39.22400833,-17.34028667,-39.436811,-17.656062,41.79,estabelecimento,alta,ESCOLA MUNICIPAL DO ENSINO FUNDAMENTAL MARIA QUITERIA [TAQUARI ALCOBACA],fora do municipio (6.4 km alem da divisa)
2900801,Alcobaça,2020,112,1163,ESCOLA MUNICIPAL MARIA QUITERIA,POVOADO TAQUARI,"AV. PRINCIPAL ,S/N - ZONA RURAL",-39.22400833,-17.34028667,-39.436811,-17.656062,41.79,estabelecimento,alta,ESCOLA MUNICIPAL DO ENSINO FUNDAMENTAL MARIA QUITERIA [TAQUARI ALCOBACA],fora do municipio (6.4 km alem da divisa)
2900801,Alcobaça,2022,112,1163,ESCOLA MUNICIPAL MARIA QUITERIA,POVOADO TAQUARI,"AV. PRINCIPAL ,S/N - ZONA RURAL",-39.22400833,-17.34028667,-39.436811,-17.656062,41.79,estabelecimento,alta,ESCOLA MUNICIPAL DO ENSINO FUNDAMENTAL MARIA QUITERIA [TAQUARI ALCOBACA],fora do municipio (6.4 km alem da divisa)
2900801,Alcobaça,2024,112,1163,ESCOLA MUNICIPAL MARIA QUITERIA,POVOADO TAQUARI,"AV. PRINCIPAL ,S/N - ZONA RURAL",-39.22400833,-17.34028667,-39.436811,-17.656062,41.79,estabelecimento,alta,ESCOLA MUNICIPAL DO ENSINO FUNDAMENTAL MARIA QUITERIA [TAQUARI ALCOBACA],fora do municipio (6.4 km alem da divisa)
2900801,Alcobaça,2006,112,1171,ESCOLA MUNICIPAL BOM JESUS,BEIJA FLOR,REGIAO DO BEIJA FLOR - ZONA URBANA,-39.22411667,-17.34028,-39.1971,-17.52161,20.39,escola_inep,media,"INEP: ESCOLA MUNICIPAL DO ENSINO FUNDAMENTAL BOM JESUS [RUA MINAS GERAIS, 1288 PALMEIRAS. 45910-000 ]",fora do municipio (6.4 km alem da divisa)
2900801,Alcobaça,2008,112,1171,ESCOLA MUNICIPAL BOM JESUS,BEIJA FLOR,REGIAO DO BEIJA FLOR - ZONA URBANA,-39.22411667,-17.34028,-39.1971,-17.52161,20.39,escola_inep,media,"INEP: ESCOLA MUNICIPAL DO ENSINO FUNDAMENTAL BOM JESUS [RUA MINAS GERAIS, 1288 PALMEIRAS. 45910-000 ]",fora do municipio (6.4 km alem da divisa)
2900801,Alcobaça,2010,112,1171,ESCOLA MUNICIPAL BOM JESUS,BEIJA FLOR,REGIAO DO BEIJA FLOR - ZONA URBANA,-39.22411667,-17.34028,-39.1971,-17.52161,20.39,escola_inep,media,"INEP: ESCOLA MUNICIPAL DO ENSINO FUNDAMENTAL BOM JESUS [RUA MINAS GERAIS, 1288 PALMEIRAS. 45910-000 ]",fora do municipio (6.4 km alem da divisa)
2900801,Alcobaça,2012,112,1171,ESCOLA MUNICIPAL BOM JESUS,BEIJA FLOR,REGIAO DO BEIJA FLOR - ZONA URBANA,-39.22411667,-17.34028,-39.1971,-17.52161,20.39,escola_inep,media,"INEP: ESCOLA MUNICIPAL DO ENSINO FUNDAMENTAL BOM JESUS [RUA MINAS GERAIS, 1288 PALMEIRAS. 45910-000 ]",fora do municipio (6.4 km alem da divisa)
2900801,Alcobaça,2014,112,1171,ESCOLA MUNICIPAL BOM JESUS,BEIJA FLOR,REGIAO DO BEIJA FLOR - ZONA URBANA,-39.22411667,-17.34028,-39.1971,-17.52161,20.39,escola_inep,media,"INEP: ESCOLA MUNICIPAL DO ENSINO FUNDAMENTAL BOM JESUS [RUA MINAS GERAIS, 1288 PALMEIRAS. 45910-000 ]",fora do municipio (6.4 km alem da divisa)
2900801,Alcobaça,2016,112,1171,ESCOLA MUNICIPAL BOM JESUS,BEIJA FLOR,REGIAO DO BEIJA FLOR - ZONA URBANA,-39.22411667,-17.34028,-39.1971,-17.52161,20.39,escola_inep,media,"INEP: ESCOLA MUNICIPAL DO ENSINO FUNDAMENTAL BOM JESUS [RUA MINAS GERAIS, 1288 PALMEIRAS. 45910-000 ]",fora do municipio (6.4 km alem da divisa)
2900801,Alcobaça,2018,112,1171,ESCOLA MUNICIPAL BOM JESUS,BEIJA FLOR,REGIAO DO BEIJA FLOR - ZONA URBANA,-39.22411667,-17.34028,-39.1971,-17.52161,20.39,escola_inep,media,"INEP: ESCOLA MUNICIPAL DO ENSINO FUNDAMENTAL BOM JESUS [RUA MINAS GERAIS, 1288 PALMEIRAS. 45910-000 ]",fora do municipio (6.4 km alem da divisa)
2900801,Alcobaça,2020,112,1171,ESCOLA MUNICIPAL BOM JESUS,BEIJA FLOR,REGIAO DO BEIJA FLOR - ZONA URBANA,-39.22411667,-17.34028,-39.1971,-17.52161,20.39,escola_inep,media,"INEP: ESCOLA MUNICIPAL DO ENSINO FUNDAMENTAL BOM JESUS [RUA MINAS GERAIS, 1288 PALMEIRAS. 45910-000 ]",fora do municipio (6.4 km alem da divisa)
2900801,Alcobaça,2022,112,1171,ESCOLA MUNICIPAL BOM JESUS,BEIJA FLOR,REGIAO DO BEIJA FLOR - ZONA URBANA,-39.22411667,-17.34028,-39.1971,-17.52161,20.39,escola_inep,media,"INEP: ESCOLA MUNICIPAL DO ENSINO FUNDAMENTAL BOM JESUS [RUA MINAS GERAIS, 1288 PALMEIRAS. 45910-000 ]",fora do municipio (6.4 km alem da divisa)
2900801,Alcobaça,2024,112,1171,ESCOLA MUNICIPAL BOM JESUS,BEIJA FLOR,REGIAO DO BEIJA FLOR - ZONA URBANA,-39.22411667,-17.34028,-39.1971,-17.52161,20.39,escola_inep,media,"INEP: ESCOLA MUNICIPAL DO ENSINO FUNDAMENTAL BOM JESUS [RUA MINAS GERAIS, 1288 PALMEIRAS. 45910-000 ]",fora do municipio (6.4 km alem da divisa)
2900801,Alcobaça,2006,112,1198,ESCOLA MUNICIPAL D. PEDRO I,POVOADO RIBEIRAO,POVOADO RIBEIRAO - ZONA RURAL,-39.22404333,-17.34053667,,,,nao corrigido,,sem correspondencia no CNEFE,fora do municipio (6.4 km alem da divisa)
2900801,Alcobaça,2008,112,1198,ESCOLA MUNICIPAL D. PEDRO I,POVOADO RIBEIRAO,POVOADO RIBEIRAO - ZONA RURAL,-39.22404333,-17.34053667,,,,nao corrigido,,sem correspondencia no CNEFE,fora do municipio (6.4 km alem da divisa)
2900801,Alcobaça,2010,112,1198,ESCOLA MUNICIPAL D. PEDRO I,POVOADO RIBEIRAO,POVOADO RIBEIRAO - ZONA RURAL,-39.22404333,-17.34053667,,,,nao corrigido,,sem correspondencia no CNEFE,fora do municipio (6.4 km alem da divisa)
2900801,Alcobaça,2012,112,1198,ESCOLA MUNICIPAL D. PEDRO I,POVOADO RIBEIRAO,POVOADO RIBEIRAO - ZONA RURAL,-39.22404333,-17.34053667,,,,nao corrigido,,sem correspondencia no CNEFE,fora do municipio (6.4 km alem da divisa)
2900801,Alcobaça,2014,112,1198,ESCOLA MUNICIPAL D. PEDRO I,POVOADO RIBEIRAO,POVOADO RIBEIRAO - ZONA RURAL,-39.22404333,-17.34053667,,,,nao corrigido,,sem correspondencia no CNEFE,fora do municipio (6.4 km alem da divisa)
2900801,Alcobaça,2016,112,1198,ESCOLA MUNICIPAL D. PEDRO I,POVOADO RIBEIRAO,POVOADO RIBEIRAO - ZONA RURAL,-39.22404333,-17.34053667,,,,nao corrigido,,sem correspondencia no CNEFE,fora do municipio (6.4 km alem da divisa)
2900801,Alcobaça,2018,112,1198,ESCOLA MUNICIPAL D. PEDRO I,POVOADO RIBEIRAO,POVOADO RIBEIRAO - ZONA RURAL,-39.22404333,-17.34053667,,,,nao corrigido,,sem correspondencia no CNEFE,fora do municipio (6.4 km alem da divisa)
2900801,Alcobaça,2020,112,1198,ESCOLA MUNICIPAL D. PEDRO I,POVOADO RIBEIRAO,POVOADO RIBEIRAO - ZONA RURAL,-39.22404333,-17.34053667,,,,nao corrigido,,sem correspondencia no CNEFE,fora do municipio (6.4 km alem da divisa)
2900801,Alcobaça,2022,112,1198,ESCOLA MUNICIPAL D. PEDRO I,POVOADO RIBEIRAO,POVOADO RIBEIRAO - ZONA RURAL,-39.22404333,-17.34053667,,,,nao corrigido,,sem correspondencia no CNEFE,fora do municipio (6.4 km alem da divisa)
2900801,Alcobaça,2024,112,1198,ESCOLA MUNICIPAL D. PEDRO I,POVOADO RIBEIRAO,POVOADO RIBEIRAO - ZONA RURAL,-39.22404333,-17.34053667,,,,nao corrigido,,sem correspondencia no CNEFE,fora do municipio (6.4 km alem da divisa)
2900801,Alcobaça,2006,112,1201,ESCOLA MUNICIPAL CHICO MENDES,POVOADO ROSINHA DO PRADO,POVOADO ROSINHA DO PRADO - ZONA RURAL,-39.22395833,-17.34054,-39.455259,-17.33599,24.58,estabelecimento,media,ESCOLA CHICO MENDES [ESCOLA CHICO MENDES],fora do municipio (6.4 km alem da divisa)
2900801,Alcobaça,2008,112,1201,ESCOLA MUNICIPAL CHICO MENDES,POVOADO ROSINHA DO PRADO,POVOADO ROSINHA DO PRADO - ZONA RURAL,-39.22395833,-17.34054,-39.455259,-17.33599,24.58,estabelecimento,media,ESCOLA CHICO MENDES [ESCOLA CHICO MENDES],fora do municipio (6.4 km alem da divisa)
2900801,Alcobaça,2010,112,1201,ESCOLA MUNICIPAL CHICO MENDES,POVOADO ROSINHA DO PRADO,POVOADO ROSINHA DO PRADO - ZONA RURAL,-39.22395833,-17.34054,-39.455259,-17.33599,24.58,estabelecimento,media,ESCOLA CHICO MENDES [ESCOLA CHICO MENDES],fora do municipio (6.4 km alem da divisa)
2900801,Alcobaça,2012,112,1201,ESCOLA MUNICIPAL CHICO MENDES,POVOADO ROSINHA DO PRADO,POVOADO ROSINHA DO PRADO - ZONA RURAL,-39.22395833,-17.34054,-39.455259,-17.33599,24.58,estabelecimento,media,ESCOLA CHICO MENDES [ESCOLA CHICO MENDES],fora do municipio (6.4 km alem da divisa)
2900801,Alcobaça,2014,112,1201,ESCOLA MUNICIPAL CHICO MENDES,POVOADO ROSINHA DO PRADO,POVOADO ROSINHA DO PRADO - ZONA RURAL,-39.22395833,-17.34054,-39.455259,-17.33599,24.58,estabelecimento,media,ESCOLA CHICO MENDES [ESCOLA CHICO MENDES],fora do municipio (6.4 km alem da divisa)
2900801,Alcobaça,2016,112,1201,ESCOLA MUNICIPAL CHICO MENDES,POVOADO ROSINHA DO PRADO,POVOADO ROSINHA DO PRADO - ZONA RURAL,-39.22395833,-17.34054,-39.455259,-17.33599,24.58,estabelecimento,media,ESCOLA CHICO MENDES [ESCOLA CHICO MENDES],fora do municipio (6.4 km alem da divisa)
2900801,Alcobaça,2018,112,1201,ESCOLA MUNICIPAL CHICO MENDES,POVOADO ROSINHA DO PRADO,POVOADO ROSINHA DO PRADO - ZONA RURAL,-39.22395833,-17.34054,-39.455259,-17.33599,24.58,estabelecimento,media,ESCOLA CHICO MENDES [ESCOLA CHICO MENDES],fora do municipio (6.4 km alem da divisa)
2900801,Alcobaça,2020,112,1201,ESCOLA MUNICIPAL CHICO MENDES,POVOADO ROSINHA DO PRADO,POVOADO ROSINHA DO PRADO - ZONA RURAL,-39.22395833,-17.34054,-39.455259,-17.33599,24.58,estabelecimento,media,ESCOLA CHICO MENDES [ESCOLA CHICO MENDES],fora do municipio (6.4 km alem da divisa)
2900801,Alcobaça,2022,112,1201,ESCOLA MUNICIPAL CHICO MENDES,POVOADO ROSINHA DO PRADO,POVOADO ROSINHA DO PRADO - ZONA RURAL,-39.22395833,-17.34054,-39.455259,-17.33599,24.58,estabelecimento,media,ESCOLA CHICO MENDES [ESCOLA CHICO MENDES],fora do municipio (6.4 km alem da divisa)
2900801,Alcobaça,2024,112,1201,ESCOLA MUNICIPAL CHICO MENDES,POVOADO ROSINHA DO PRADO,POVOADO ROSINHA DO PRADO - ZONA RURAL,-39.22395833,-17.34054,-39.455259,-17.33599,24.58,estabelecimento,media,ESCOLA CHICO MENDES [ESCOLA CHICO MENDES],fora do municipio (6.4 km alem da divisa)
2900801,Alcobaça,2014,112,1210,ESPECIAL CENTRO EDUCACIONAL DE ALCOBACA,CENTRO,"RUA PEDRO ALVARES CABRAL, SN - ZONA URBANA",-39.223691,-17.3392919,,,,nao corrigido,,"descartado: localidade CENTRO (1492 enderecos, raio 0.4 km) cairia sobre outro local (< 50 m)",fora do municipio (6.5 km alem da divisa)
2900801,Alcobaça,2016,112,1210,ESPECIAL CENTRO EDUCACIONAL DE ALCOBACA,CENTRO,"RUA PEDRO ALVARES CABRAL, SN - ZONA URBANA",-39.223691,-17.3392919,,,,nao corrigido,,"descartado: localidade CENTRO (1492 enderecos, raio 0.4 km) cairia sobre outro local (< 50 m)",fora do municipio (6.5 km alem da divisa)
2900801,Alcobaça,2018,112,1210,ESPECIAL CENTRO EDUCACIONAL DE ALCOBACA,CENTRO,"RUA PEDRO ALVARES CABRAL, SN - ZONA URBANA",-39.223691,-17.3392919,,,,nao corrigido,,"descartado: localidade CENTRO (1492 enderecos, raio 0.4 km) cairia sobre outro local (< 50 m)",fora do municipio (6.5 km alem da divisa)
1501204,Baião,2006,35,1155,EMEF MANOEL FERREIRA DO ESPIRITO SANTO,CENTRO,LOCALIDADE DE CARDOSO,-49.673503,-2.7918399,-49.652709,-2.928979,15.44,localidade,media,"localidade CARDOSO (294 enderecos, raio 0.3 km)",movido por reposicionar_locais_fora_do_bairro.py
1501204,Baião,2008,35,1155,EMEF MANOEL FERREIRA DO ESPIRITO SANTO,CENTRO,LOCALIDADE DE CARDOSO,-49.673503,-2.7918399,-49.652709,-2.928979,15.44,localidade,media,"localidade CARDOSO (294 enderecos, raio 0.3 km)",movido por reposicionar_locais_fora_do_bairro.py
1501204,Baião,2010,35,1155,EMEF MANOEL FERREIRA DO ESPIRITO SANTO,CENTRO,LOCALIDADE DE CARDOSO,-49.673503,-2.7918399,-49.652709,-2.928979,15.44,localidade,media,"localidade CARDOSO (294 enderecos, raio 0.3 km)",movido por reposicionar_locais_fora_do_bairro.py
1501204,Baião,2012,35,1155,EMEF MANOEL FERREIRA DO ESPIRITO SANTO,CENTRO,LOCALIDADE DE CARDOSO,-49.673503,-2.7918399,-49.652709,-2.928979,15.44,localidade,media,"localidade CARDOSO (294 enderecos, raio 0.3 km)",movido por reposicionar_locais_fora_do_bairro.py
1501204,Baião,2014,35,1155,EMEF MANOEL FERREIRA DO ESPIRITO SANTO,CENTRO,LOCALIDADE DE CARDOSO,-49.673503,-2.7918399,-49.652709,-2.928979,15.44,localidade,media,"localidade CARDOSO (294 enderecos, raio 0.3 km)",movido por reposicionar_locais_fora_do_bairro.py
1501204,Baião,2016,35,1155,EMEF MANOEL FERREIRA DO ESPIRITO SANTO,CENTRO,LOCALIDADE DE CARDOSO,-49.673503,-2.7918399,-49.652709,-2.928979,15.44,localidade,media,"localidade CARDOSO (294 enderecos, raio 0.3 km)",movido por reposicionar_locais_fora_do_bairro.py
1501204,Baião,2018,35,1155,EMEF MANOEL FERREIRA DO ESPIRITO SANTO,CENTRO,LOCALIDADE DE CARDOSO,-49.6743076,-2.7919804,-49.652709,-2.928979,15.44,localidade,media,"localidade CARDOSO (294 enderecos, raio 0.3 km)",movido por reposicionar_locais_fora_do_bairro.py
1501204,Baião,2020,35,1155,EMEF MANOEL FERREIRA DO ESPIRITO SANTO,CENTRO,LOCALIDADE DE CARDOSO,-49.6743076,-2.7919804,-49.652709,-2.928979,15.44,localidade,media,"localidade CARDOSO (294 enderecos, raio 0.3 km)",movido por reposicionar_locais_fora_do_bairro.py
1501204,Baião,2022,35,1155,EMEF MANOEL FERREIRA DO ESPIRITO SANTO,CENTRO,LOCALIDADE DE CARDOSO,-49.6743076,-2.7919804,-49.652709,-2.928979,15.44,localidade,media,"localidade CARDOSO (294 enderecos, raio 0.3 km)",movido por reposicionar_locais_fora_do_bairro.py
1501204,Baião,2006,35,1279,EMEF PROF FRANCISCO LOPES DO ESPIRITO SANTO,IGARAPE PRETO,LOCALIDD DE IGARAPE PRETO,-49.79498982,-2.71296755,,,,nao corrigido,,sem correspondencia no CNEFE,fora do municipio (2.4 km alem da divisa)
1501204,Baião,2008,35,1279,EMEF PROF FRANCISCO LOPES DO ESPIRITO SANTO,IGARAPE PRETO,LOCALIDD DE IGARAPE PRETO,-49.79498982,-2.71296755,,,,nao corrigido,,sem correspondencia no CNEFE,fora do municipio (2.4 km alem da divisa)
1501204,Baião,2010,35,1279,EMEF PROF FRANCISCO LOPES DO ESPIRITO SANTO,IGARAPE PRETO,LOCALIDD DE IGARAPE PRETO,-49.79498982,-2.71296755,,,,nao corrigido,,sem correspondencia no CNEFE,fora do municipio (2.4 km alem da divisa)
1501204,Baião,2012,35,1279,EMEF PROF FRANCISCO LOPES DO ESPIRITO SANTO,IGARAPE PRETO,LOCALIDD DE IGARAPE PRETO,-49.79498982,-2.71296755,,,,nao corrigido,,sem correspondencia no CNEFE,fora do municipio (2.4 km alem da divisa)
1501204,Baião,2014,35,1279,EMEF PROF FRANCISCO LOPES DO ESPIRITO SANTO,IGARAPE PRETO,LOCALIDD DE IGARAPE PRETO,-49.79498982,-2.71296755,,,,nao corrigido,,sem correspondencia no CNEFE,fora do municipio (2.4 km alem da divisa)
1501204,Baião,2016,35,1279,EMEF PROF FRANCISCO LOPES DO ESPIRITO SANTO,IGARAPE PRETO,LOCALIDD DE IGARAPE PRETO,-49.79498982,-2.71296755,,,,nao corrigido,,sem correspondencia no CNEFE,fora do municipio (2.4 km alem da divisa)
1501204,Baião,2018,35,1279,EMEF PROF FRANCISCO LOPES DO ESPIRITO SANTO,IGARAPE PRETO,LOCALIDD DE IGARAPE PRETO,-49.79498982,-2.71296755,,,,nao corrigido,,sem correspondencia no CNEFE,fora do municipio (2.4 km alem da divisa)
1501204,Baião,2020,35,1279,EMEF PROF FRANCISCO LOPES DO ESPIRITO SANTO,IGARAPE PRETO,LOCALIDD DE IGARAPE PRETO,-49.79498982,-2.71296755,,,,nao corrigido,,sem correspondencia no CNEFE,fora do municipio (2.4 km alem da divisa)
1501204,Baião,2022,35,1279,EMEF PROF FRANCISCO LOPES DO ESPIRITO SANTO,IGARAPE PRETO,LOCALIDD DE IGARAPE PRETO,-49.79498982,-2.71296755,,,,nao corrigido,,sem correspondencia no CNEFE,fora do municipio (2.4 km alem da divisa)
1501204,Baião,2024,35,1279,EMEF DE IGARAPE PRETO,IGARAPE PRETO,LOCALIDADE DE IGARAPE PRETO,-49.7949138,-2.7129704,,,,nao corrigido,,sem correspondencia no CNEFE,fora do municipio (2.4 km alem da divisa)
1501204,Baião,2006,35,1414,EMEF DE IGARAPE SECO,ZONA RURAL,LOCALIDADE DE IGARAPE SECO,-49.57167009,-2.99226482,,,,nao corrigido,,sem correspondencia no CNEFE,fora do municipio (3.3 km alem da divisa)
1501204,Baião,2008,35,1414,EMEF DE IGARAPE SECO,ZONA RURAL,LOCALIDADE DE IGARAPE SECO,-49.57167009,-2.99226482,,,,nao corrigido,,sem correspondencia no CNEFE,fora do municipio (3.3 km alem da divisa)
1501204,Baião,2010,35,1414,EMEF DE IGARAPE SECO,ZONA RURAL,LOCALIDADE DE IGARAPE SECO,-49.57167009,-2.99226482,,,,nao corrigido,,sem correspondencia no CNEFE,fora do municipio (3.3 km alem da divisa)
1501204,Baião,2012,35,1414,EMEF DE IGARAPE SECO,ZONA RURAL,LOCALIDADE DE IGARAPE SECO,-49.57167009,-2.99226482,,,,nao corrigido,,sem correspondencia no CNEFE,fora do municipio (3.3 km alem da divisa)
1501204,Baião,2014,35,1414,EMEF DE IGARAPE SECO,ZONA RURAL,LOCALIDADE DE IGARAPE SECO,-49.57167009,-2.99226482,,,,nao corrigido,,sem correspondencia no CNEFE,fora do municipio (3.3 km alem da divisa)
1501204,Baião,2016,35,1414,EMEF DE IGARAPE SECO,ZONA RURAL,LOCALIDADE DE IGARAPE SECO,-49.57167009,-2.99226482,,,,nao corrigido,,sem correspondencia no CNEFE,fora do municipio (3.3 km alem da divisa)
1501204,Baião,2018,35,1414,EMEF DE IGARAPE SECO,ZONA RURAL,LOCALIDADE DE IGARAPE SECO,-49.57167009,-2.99226482,,,,nao corrigido,,sem correspondencia no CNEFE,fora do municipio (3.3 km alem da divisa)
1501204,Baião,2020,35,1414,EMEF DE IGARAPE SECO,ZONA RURAL,LOCALIDADE DE IGARAPE SECO,-49.57167009,-2.99226482,,,,nao corrigido,,sem correspondencia no CNEFE,fora do municipio (3.3 km alem da divisa)
1501204,Baião,2022,35,1414,EMEF DE IGARAPE SECO,ZONA RURAL,LOCALIDADE DE IGARAPE SECO,-49.57167009,-2.99226482,,,,nao corrigido,,sem correspondencia no CNEFE,fora do municipio (3.3 km alem da divisa)
1501204,Baião,2024,35,1414,EMEF DE IGARAPE SECO,ZONA RURAL,LOCALIDADE DE IGARAPE SECO,-49.57167009,-2.99226482,,,,nao corrigido,,sem correspondencia no CNEFE,fora do municipio (3.3 km alem da divisa)
1501204,Baião,2008,35,1465,EMEF DE CUPU,ZONA RURAL,LOCALIDADE DE CUPU,-49.78140519,-2.68189504,,,,nao corrigido,,sem correspondencia no CNEFE,fora do municipio (3.6 km alem da divisa)
1501204,Baião,2010,35,1465,EMEF DE CUPU,ZONA RURAL,LOCALIDADE DE CUPU,-49.78140519,-2.68189504,,,,nao corrigido,,sem correspondencia no CNEFE,fora do municipio (3.6 km alem da divisa)
1501204,Baião,2012,35,1465,EMEF DE CUPU,ZONA RURAL,LOCALIDADE DE CUPU,-49.78140519,-2.68189504,,,,nao corrigido,,sem correspondencia no CNEFE,fora do municipio (3.6 km alem da divisa)
1501204,Baião,2014,35,1465,EMEF DE CUPU,ZONA RURAL,LOCALIDADE DE CUPU,-49.78140519,-2.68189504,,,,nao corrigido,,sem correspondencia no CNEFE,fora do municipio (3.6 km alem da divisa)
1501204,Baião,2016,35,1465,EMEF DE CUPU,ZONA RURAL,LOCALIDADE DE CUPU,-49.78140519,-2.68189504,,,,nao corrigido,,sem correspondencia no CNEFE,fora do municipio (3.6 km alem da divisa)
1501204,Baião,2018,35,1465,EMEF DE CUPU,ZONA RURAL,LOCALIDADE DE CUPU,-49.78140519,-2.68189504,,,,nao corrigido,,sem correspondencia no CNEFE,fora do municipio (3.6 km alem da divisa)
1501204,Baião,2020,35,1465,EMEF DE CUPU,ZONA RURAL,LOCALIDADE DE CUPU,-49.78140519,-2.68189504,,,,nao corrigido,,sem correspondencia no CNEFE,fora do municipio (3.6 km alem da divisa)
1501204,Baião,2022,35,1465,EMEF DE CUPU,ZONA RURAL,LOCALIDADE DE CUPU,-49.78140519,-2.68189504,,,,nao corrigido,,sem correspondencia no CNEFE,fora do municipio (3.6 km alem da divisa)
1501204,Baião,2024,35,1465,EMEF DE CUPU,ZONA RURAL,LOCALIDADE DE CUPU,-49.7814322,-2.6819789,,,,nao corrigido,,sem correspondencia no CNEFE,fora do municipio (3.6 km alem da divisa)
1501204,Baião,2008,35,1473,EMEF DE POÇÃO,ZONA RURAL,LOCALIDADE DE POÇÃO,-49.80846111,-2.76202037,-49.623373,-3.11235,44.09,localidade,media,"localidade POCAO (13 enderecos, raio 0.1 km)",fora do municipio (2.3 km alem da divisa)
1501204,Baião,2010,35,1473,EMEF DE POÇÃO,ZONA RURAL,LOCALIDADE DE POÇÃO,-49.80846111,-2.76202037,-49.623373,-3.11235,44.09,localidade,media,"localidade POCAO (13 enderecos, raio 0.1 km)",fora do municipio (2.3 km alem da divisa)
1501204,Baião,2012,35,1473,EMEF DE POÇÃO,ZONA RURAL,LOCALIDADE DE POÇÃO,-49.80846111,-2.76202037,-49.623373,-3.11235,44.09,localidade,media,"localidade POCAO (13 enderecos, raio 0.1 km)",fora do municipio (2.3 km alem da divisa)
1501204,Baião,2014,35,1473,EMEF DE POÇÃO,ZONA RURAL,LOCALIDADE DE POÇÃO,-49.80846111,-2.76202037,-49.623373,-3.11235,44.09,localidade,media,"localidade POCAO (13 enderecos, raio 0.1 km)",fora do municipio (2.3 km alem da divisa)
1501204,Baião,2016,35,1473,EMEF DE POÇÃO,ZONA RURAL,LOCALIDADE DE POÇÃO,-49.80846111,-2.76202037,-49.623373,-3.11235,44.09,localidade,media,"localidade POCAO (13 enderecos, raio 0.1 km)",fora do municipio (2.3 km alem da divisa)
1501204,Baião,2018,35,1473,EMEF DE POÇÃO,ZONA RURAL,LOCALIDADE DE POÇÃO,-49.80846111,-2.76202037,-49.623373,-3.11235,44.09,localidade,media,"localidade POCAO (13 enderecos, raio 0.1 km)",fora do municipio (2.3 km alem da divisa)
1501204,Baião,2020,35,1473,EMEF DE POÇÃO,ZONA RURAL,LOCALIDADE DE POÇÃO,-49.80846111,-2.76202037,-49.623373,-3.11235,44.09,localidade,media,"localidade POCAO (13 enderecos, raio 0.1 km)",fora do municipio (2.3 km alem da divisa)
1501204,Baião,2022,35,1473,EMEF DE POÇÃO,ZONA RURAL,LOCALIDADE DE POÇÃO,-49.80846111,-2.76202037,-49.623373,-3.11235,44.09,localidade,media,"localidade POCAO (13 enderecos, raio 0.1 km)",fora do municipio (2.3 km alem da divisa)
1501204,Baião,2024,35,1473,EMEF DE POÇÃO,ZONA RURAL,LOCALIDADE DE POÇÃO,-49.80846111,-2.76202037,-49.623373,-3.11235,44.09,localidade,media,"localidade POCAO (13 enderecos, raio 0.1 km)",fora do municipio (2.3 km alem da divisa)
2903003,Barra do Mendes,2006,176,1201,ESCOLA MUNICIPAL MANOEL ELOI DA CRUZ,POVOADO SÃO PEDRO,POVOADO SAO PEDRO - ZONA RURAL,-42.1955853,-12.0785274,,,,nao corrigido,,sem correspondencia no CNEFE,fora do municipio (3.5 km alem da divisa)
2903003,Barra do Mendes,2008,176,1201,ESCOLA MUNICIPAL MANOEL ELOI DA CRUZ,POVOADO SÃO PEDRO,POVOADO SAO PEDRO - ZONA RURAL,-42.1955853,-12.0785274,,,,nao corrigido,,sem correspondencia no CNEFE,fora do municipio (3.5 km alem da divisa)
2903003,Barra do Mendes,2010,176,1201,ESCOLA MUNICIPAL MANOEL ELOI DA CRUZ,POVOADO SÃO PEDRO,POVOADO SAO PEDRO - ZONA RURAL,-42.1955853,-12.0785274,,,,nao corrigido,,sem correspondencia no CNEFE,fora do municipio (3.5 km alem da divisa)
2903003,Barra do Mendes,2012,176,1201,ESCOLA MUNICIPAL MANOEL ELOI DA CRUZ,POVOADO SÃO PEDRO,POVOADO SAO PEDRO - ZONA RURAL,-42.1955853,-12.0785274,,,,nao corrigido,,sem correspondencia no CNEFE,fora do municipio (3.5 km alem da divisa)
2903003,Barra do Mendes,2014,176,1201,ESCOLA MUNICIPAL MANOEL ELOI DA CRUZ,POVOADO SÃO PEDRO,POVOADO SAO PEDRO - ZONA RURAL,-42.1955853,-12.0785274,,,,nao corrigido,,sem correspondencia no CNEFE,fora do municipio (3.5 km alem da divisa)
2903003,Barra do Mendes,2016,176,1201,ESCOLA MUNICIPAL MANOEL ELOI DA CRUZ,POVOADO SÃO PEDRO,POVOADO SAO PEDRO - ZONA RURAL,-42.1955853,-12.0785274,,,,nao corrigido,,sem correspondencia no CNEFE,fora do municipio (3.5 km alem da divisa)
2903003,Barra do Mendes,2018,176,1201,ESCOLA MUNICIPAL MANOEL ELOI DA CRUZ,POVOADO SÃO PEDRO,POVOADO SAO PEDRO - ZONA RURAL,-42.1955853,-12.0785274,,,,nao corrigido,,sem correspondencia no CNEFE,fora do municipio (3.5 km alem da divisa)
2903003,Barra do Mendes,2020,176,1201,ESCOLA MUNICIPAL MANOEL ELOI DA CRUZ,POVOADO SÃO PEDRO,POVOADO SAO PEDRO - ZONA RURAL,-42.1955853,-12.0785274,,,,nao corrigido,,sem correspondencia no CNEFE,fora do municipio (3.5 km alem da divisa)
2903003,Barra do Mendes,2022,176,1201,ESCOLA MUNICIPAL MANOEL ELOI DA CRUZ,POVOADO SÃO PEDRO,POVOADO SAO PEDRO - ZONA RURAL,-42.1955853,-12.0785274,,,,nao corrigido,,sem correspondencia no CNEFE,fora do municipio (3.5 km alem da divisa)
2903003,Barra do Mendes,2006,176,1473,ESCOLA EDIVALDO SANTOS LOPES,POVOADO BAIXIO DA AGUADA,POVOADO BAIXIO DA AGUADA - ZONA RURAL,-41.9996016,-12.2898468,-42.006503,-12.260751,3.32,localidade,media,"localidade BAIXIO DA AGUADA (78 enderecos, raio 1.6 km)",fora do municipio (1.6 km alem da divisa)
2903003,Barra do Mendes,2008,176,1473,ESCOLA EDIVALDO SANTOS LOPES,POVOADO BAIXIO DA AGUADA,POVOADO BAIXIO DA AGUADA - ZONA RURAL,-41.9996016,-12.2898468,-42.006503,-12.260751,3.32,localidade,media,"localidade BAIXIO DA AGUADA (78 enderecos, raio 1.6 km)",fora do municipio (1.6 km alem da divisa)
2903003,Barra do Mendes,2010,176,1473,ESCOLA EDIVALDO SANTOS LOPES,POVOADO BAIXIO DA AGUADA,POVOADO BAIXIO DA AGUADA - ZONA RURAL,-41.9996016,-12.2898468,-42.006503,-12.260751,3.32,localidade,media,"localidade BAIXIO DA AGUADA (78 enderecos, raio 1.6 km)",fora do municipio (1.6 km alem da divisa)
2903003,Barra do Mendes,2012,176,1473,ESCOLA EDIVALDO SANTOS LOPES,POVOADO BAIXIO DA AGUADA,POVOADO BAIXIO DA AGUADA - ZONA RURAL,-41.9996016,-12.2898468,-42.006503,-12.260751,3.32,localidade,media,"localidade BAIXIO DA AGUADA (78 enderecos, raio 1.6 km)",fora do municipio (1.6 km alem da divisa)
2903003,Barra do Mendes,2014,176,1473,ESCOLA EDIVALDO SANTOS LOPES,POVOADO BAIXIO DA AGUADA,POVOADO BAIXIO DA AGUADA - ZONA RURAL,-41.9996016,-12.2898468,-42.006503,-12.260751,3.32,localidade,media,"localidade BAIXIO DA AGUADA (78 enderecos, raio 1.6 km)",fora do municipio (1.6 km alem da divisa)
2903003,Barra do Mendes,2016,176,1473,ESCOLA EDIVALDO SANTOS LOPES,POVOADO BAIXIO DA AGUADA,POVOADO BAIXIO DA AGUADA - ZONA RURAL,-41.9996016,-12.2898468,-42.006503,-12.260751,3.32,localidade,media,"localidade BAIXIO DA AGUADA (78 enderecos, raio 1.6 km)",fora do municipio (1.6 km alem da divisa)
2903003,Barra do Mendes,2018,176,1473,ESCOLA EDIVALDO SANTOS LOPES,POVOADO BAIXIO DA AGUADA,POVOADO BAIXIO DA AGUADA - ZONA RURAL,-41.9996016,-12.2898468,-42.006503,-12.260751,3.32,localidade,media,"localidade BAIXIO DA AGUADA (78 enderecos, raio 1.6 km)",fora do municipio (1.6 km alem da divisa)
2903003,Barra do Mendes,2020,176,1473,ESCOLA EDIVALDO SANTOS LOPES,POVOADO BAIXIO DA AGUADA,POVOADO BAIXIO DA AGUADA - ZONA RURAL,-41.9996016,-12.2898468,-42.006503,-12.260751,3.32,localidade,media,"localidade BAIXIO DA AGUADA (78 enderecos, raio 1.6 km)",fora do municipio (1.6 km alem da divisa)
2903003,Barra do Mendes,2022,176,1473,ESCOLA EDIVALDO SANTOS LOPES,POVOADO BAIXIO DA AGUADA,POVOADO BAIXIO DA AGUADA - ZONA RURAL,-41.9996016,-12.2898468,-42.006503,-12.260751,3.32,localidade,media,"localidade BAIXIO DA AGUADA (78 enderecos, raio 1.6 km)",fora do municipio (1.6 km alem da divisa)
2903003,Barra do Mendes,2024,176,1473,ESCOLA EDIVALDO SANTOS LOPES,POVOADO BAIXIO DA AGUADA,POVOADO BAIXIO DA AGUADA - ZONA RURAL,-41.9996016,-12.2898468,-42.006503,-12.260751,3.32,localidade,media,"localidade BAIXIO DA AGUADA (78 enderecos, raio 1.6 km)",fora do municipio (1.6 km alem da divisa)
2903003,Barra do Mendes,2016,176,1520,ESCOLA MUNICIPAL GENÉSIO GONÇALVES DE ARAÚJO II,POVOADO SANTO ANDRÉ,POVOADO SANTO ANDRÉ - ZONA RURAL,-42.1006862,-12.2694711,,,,nao corrigido,,sem correspondencia no CNEFE,fora do municipio (1.5 km alem da divisa)
2903003,Barra do Mendes,2018,176,1520,ESCOLA MUNICIPAL GENÉSIO GONÇALVES DE ARAÚJO II,POVOADO SANTO ANDRÉ,POVOADO SANTO ANDRÉ - ZONA RURAL,-42.1006862,-12.2694711,,,,nao corrigido,,sem correspondencia no CNEFE,fora do municipio (1.5 km alem da divisa)
2903003,Barra do Mendes,2020,176,1520,ESCOLA MUNICIPAL GENÉSIO GONÇALVES DE ARAÚJO II,POVOADO SANTO ANDRÉ,POVOADO SANTO ANDRÉ - ZONA RURAL,-42.1006862,-12.2694711,,,,nao corrigido,,sem correspondencia no CNEFE,fora do municipio (1.5 km alem da divisa)
2903003,Barra do Mendes,2022,176,1520,ESCOLA MUNICIPAL GENÉSIO GONÇALVES DE ARAÚJO II,POVOADO SANTO ANDRÉ,POVOADO SANTO ANDRÉ - ZONA RURAL,-42.1006862,-12.2694711,,,,nao corrigido,,sem correspondencia no CNEFE,fora do municipio (1.5 km alem da divisa)
2401404,Baía Formosa,2006,11,1015,ESCOLA ESTADUAL AGUIDA SUCUPIRA,CENTRO,"RUA ADAUTO DORNELAS CAMARA, 74",-35.1411117,-6.3774733,-35.007547,-6.369144,14.81,estabelecimento,alta,ESCOLA ESTADUAL AGUIDA SUCUPIRA [CENTRO],fora do municipio (3.5 km alem da divisa)
2401404,Baía Formosa,2008,11,1015,ESCOLA ESTADUAL AGUIDA SUCUPIRA,CENTRO,"RUA ADAUTO DORNELAS CAMARA, 74",-35.1411117,-6.3774733,-35.007547,-6.369144,14.81,estabelecimento,alta,ESCOLA ESTADUAL AGUIDA SUCUPIRA [CENTRO],fora do municipio (3.5 km alem da divisa)
2401404,Baía Formosa,2010,11,1015,ESCOLA ESTADUAL AGUIDA SUCUPIRA,CENTRO,"RUA ADAUTO DORNELAS CAMARA, 74",-35.1411117,-6.3774733,-35.007547,-6.369144,14.81,estabelecimento,alta,ESCOLA ESTADUAL AGUIDA SUCUPIRA [CENTRO],fora do municipio (3.5 km alem da divisa)
2401404,Baía Formosa,2012,11,1015,ESCOLA ESTADUAL AGUIDA SUCUPIRA,CENTRO,"RUA ADAUTO DORNELAS CAMARA, 74",-35.1411117,-6.3774733,-35.007547,-6.369144,14.81,estabelecimento,alta,ESCOLA ESTADUAL AGUIDA SUCUPIRA [CENTRO],fora do municipio (3.5 km alem da divisa)
2401404,Baía Formosa,2014,11,1015,ESCOLA ESTADUAL AGUIDA SUCUPIRA,CENTRO,"RUA ADAUTO DORNELAS CAMARA, 74",-35.1411117,-6.3774733,-35.007547,-6.369144,14.81,estabelecimento,alta,ESCOLA ESTADUAL AGUIDA SUCUPIRA [CENTRO],fora do municipio (3.5 km alem da divisa)
2401404,Baía Formosa,2016,11,1015,ESCOLA ESTADUAL AGUIDA SUCUPIRA,CENTRO,"RUA ADAUTO DORNELAS CAMARA, 74",-35.1411117,-6.3774733,-35.007547,-6.369144,14.81,estabelecimento,alta,ESCOLA ESTADUAL AGUIDA SUCUPIRA [CENTRO],fora do municipio (3.5 km alem da divisa)
2401404,Baía Formosa,2018,11,1015,ESCOLA ESTADUAL AGUIDA SUCUPIRA,CENTRO,"RUA ADAUTO DORNELAS CAMARA, 74",-35.1411117,-6.3774733,-35.007547,-6.369144,14.81,estabelecimento,alta,ESCOLA ESTADUAL AGUIDA SUCUPIRA [CENTRO],fora do municipio (3.5 km alem da divisa)
2401404,Baía Formosa,2020,11,1015,ESCOLA ESTADUAL AGUIDA SUCUPIRA,CENTRO,"RUA ADAUTO DORNELAS CAMARA, 74",-35.1411117,-6.3774733,-35.007547,-6.369144,14.81,estabelecimento,alta,ESCOLA ESTADUAL AGUIDA SUCUPIRA [CENTRO],fora do municipio (3.5 km alem da divisa)
2401404,Baía Formosa,2022,11,1015,ESCOLA ESTADUAL AGUIDA SUCUPIRA,CENTRO,"RUA ADAUTO DORNELAS CAMARA, 74",-35.1411117,-6.3774733,-35.007547,-6.369144,14.81,estabelecimento,alta,ESCOLA ESTADUAL AGUIDA SUCUPIRA [CENTRO],fora do municipio (3.5 km alem da divisa)
2401404,Baía Formosa,2024,11,1015,ESCOLA ESTADUAL AGUIDA SUCUPIRA,CENTRO,"RUA ADAUTO DORNELAS CAMARA, 74",-35.1411117,-6.3774733,-35.007547,-6.369144,14.81,estabelecimento,alta,ESCOLA ESTADUAL AGUIDA SUCUPIRA [CENTRO],fora do municipio (3.5 km alem da divisa)
2401404,Baía Formosa,2006,11,1023,ESCOLA ESTADUAL PAULO FREIRE,CENTRO,"RUA JOSE SEVERINO MARQUES, S/N",-35.1410617,-6.3774633,-35.0036317,-6.3740167,15.21,escola_inep,alta,"INEP: ESCOLA ESTADUAL PROFESSOR PAULO FREIRE [RUA JOSE SEVERINO MARQUES, SN CENTRO. 59194-]",fora do municipio (3.5 km alem da divisa)
2401404,Baía Formosa,2008,11,1023,ESCOLA ESTADUAL PAULO FREIRE,CENTRO,"RUA JOSE SEVERINO MARQUES, S/N",-35.1410617,-6.3774633,-35.0036317,-6.3740167,15.21,escola_inep,alta,"INEP: ESCOLA ESTADUAL PROFESSOR PAULO FREIRE [RUA JOSE SEVERINO MARQUES, SN CENTRO. 59194-]",fora do municipio (3.5 km alem da divisa)
2401404,Baía Formosa,2010,11,1023,ESCOLA ESTADUAL PAULO FREIRE,CENTRO,"RUA JOSE SEVERINO MARQUES, S/N",-35.1410617,-6.3774633,-35.0036317,-6.3740167,15.21,escola_inep,alta,"INEP: ESCOLA ESTADUAL PROFESSOR PAULO FREIRE [RUA JOSE SEVERINO MARQUES, SN CENTRO. 59194-]",fora do municipio (3.5 km alem da divisa)
2401404,Baía Formosa,2012,11,1023,ESCOLA ESTADUAL PAULO FREIRE,CENTRO,"RUA JOSE SEVERINO MARQUES, S/N",-35.1410617,-6.3774633,-35.0036317,-6.3740167,15.21,escola_inep,alta,"INEP: ESCOLA ESTADUAL PROFESSOR PAULO FREIRE [RUA JOSE SEVERINO MARQUES, SN CENTRO. 59194-]",fora do municipio (3.5 km alem da divisa)
2401404,Baía Formosa,2014,11,1023,ESCOLA ESTADUAL PAULO FREIRE,CENTRO,"RUA JOSE SEVERINO MARQUES, S/N",-35.1410617,-6.3774633,-35.0036317,-6.3740167,15.21,escola_inep,alta,"INEP: ESCOLA ESTADUAL PROFESSOR PAULO FREIRE [RUA JOSE SEVERINO MARQUES, SN CENTRO. 59194-]",fora do municipio (3.5 km alem da divisa)
2401404,Baía Formosa,2016,11,1023,ESCOLA ESTADUAL PAULO FREIRE,CENTRO,"RUA JOSE SEVERINO MARQUES, S/N",-35.1410617,-6.3774633,-35.0036317,-6.3740167,15.21,escola_inep,alta,"INEP: ESCOLA ESTADUAL PROFESSOR PAULO FREIRE [RUA JOSE SEVERINO MARQUES, SN CENTRO. 59194-]",fora do municipio (3.5 km alem da divisa)
2401404,Baía Formosa,2018,11,1023,ESCOLA ESTADUAL PAULO FREIRE,CENTRO,"RUA JOSE SEVERINO MARQUES, S/N",-35.1410617,-6.3774633,-35.0036317,-6.3740167,15.21,escola_inep,alta,"INEP: ESCOLA ESTADUAL PROFESSOR PAULO FREIRE [RUA JOSE SEVERINO MARQUES, SN CENTRO. 59194-]",fora do municipio (3.5 km alem da divisa)
2401404,Baía Formosa,2020,11,1023,ESCOLA ESTADUAL PAULO FREIRE,CENTRO,"RUA JOSE SEVERINO MARQUES, S/N",-35.1410617,-6.3774633,-35.0036317,-6.3740167,15.21,escola_inep,alta,"INEP: ESCOLA ESTADUAL PROFESSOR PAULO FREIRE [RUA JOSE SEVERINO MARQUES, SN CENTRO. 59194-]",fora do municipio (3.5 km alem da divisa)
2401404,Baía Formosa,2022,11,1023,ESCOLA ESTADUAL PAULO FREIRE,CENTRO,"RUA JOSE SEVERINO MARQUES, S/N",-35.1410617,-6.3774633,-35.0036317,-6.3740167,15.21,escola_inep,alta,"INEP: ESCOLA ESTADUAL PROFESSOR PAULO FREIRE [RUA JOSE SEVERINO MARQUES, SN CENTRO. 59194-]",fora do municipio (3.5 km alem da divisa)
2401404,Baía Formosa,2024,11,1023,ESCOLA ESTADUAL PROF. PAULO FREIRE,CENTRO,"RUA JOSE SEVERINO MARQUES, S/N",-35.1410617,-6.3774633,-35.0036317,-6.3740167,15.21,escola_inep,alta,"INEP: ESCOLA ESTADUAL PROFESSOR PAULO FREIRE [RUA JOSE SEVERINO MARQUES, SN CENTRO. 59194-]",fora do municipio (3.5 km alem da divisa)
2401404,Baía Formosa,2006,11,1058,ESCOLA MUNICIPAL JOAO ANACLETO FILHO,CENTRO,"LARGO ASCELINO GOMES DA CRUZ, S/N",-35.1411117,-6.3774467,-35.00655,-6.368807,14.92,escola_inep,alta,"INEP: EM JOAO ANACLETO FILHO [PRACA LARGO ACELINO GOMES DA CRUZ, SN ESCOLA]",fora do municipio (3.5 km alem da divisa)
2401404,Baía Formosa,2008,11,1058,ESCOLA MUNICIPAL JOAO ANACLETO FILHO,CENTRO,"LARGO ASCELINO GOMES DA CRUZ, S/N",-35.1411117,-6.3774467,-35.00655,-6.368807,14.92,escola_inep,alta,"INEP: EM JOAO ANACLETO FILHO [PRACA LARGO ACELINO GOMES DA CRUZ, SN ESCOLA]",fora do municipio (3.5 km alem da divisa)
2401404,Baía Formosa,2010,11,1058,ESCOLA MUNICIPAL JOAO ANACLETO FILHO,CENTRO,"LARGO ASCELINO GOMES DA CRUZ, S/N",-35.1411117,-6.3774467,-35.00655,-6.368807,14.92,escola_inep,alta,"INEP: EM JOAO ANACLETO FILHO [PRACA LARGO ACELINO GOMES DA CRUZ, SN ESCOLA]",fora do municipio (3.5 km alem da divisa)
2401404,Baía Formosa,2012,11,1058,ESCOLA MUNICIPAL JOAO ANACLETO FILHO,CENTRO,"LARGO ASCELINO GOMES DA CRUZ, S/N",-35.1411117,-6.3774467,-35.00655,-6.368807,14.92,escola_inep,alta,"INEP: EM JOAO ANACLETO FILHO [PRACA LARGO ACELINO GOMES DA CRUZ, SN ESCOLA]",fora do municipio (3.5 km alem da divisa)
2401404,Baía Formosa,2014,11,1058,ESCOLA MUNICIPAL JOAO ANACLETO FILHO,CENTRO,"LARGO ASCELINO GOMES DA CRUZ, S/N",-35.1411117,-6.3774467,-35.00655,-6.368807,14.92,escola_inep,alta,"INEP: EM JOAO ANACLETO FILHO [PRACA LARGO ACELINO GOMES DA CRUZ, SN ESCOLA]",fora do municipio (3.5 km alem da divisa)
2401404,Baía Formosa,2016,11,1058,ESCOLA MUNICIPAL JOAO ANACLETO FILHO,CENTRO,"LARGO ASCELINO GOMES DA CRUZ, S/N",-35.1411117,-6.3774467,-35.00655,-6.368807,14.92,escola_inep,alta,"INEP: EM JOAO ANACLETO FILHO [PRACA LARGO ACELINO GOMES DA CRUZ, SN ESCOLA]",fora do municipio (3.5 km alem da divisa)
2401404,Baía Formosa,2018,11,1058,ESCOLA MUNICIPAL JOAO ANACLETO FILHO,CENTRO,"LARGO ASCELINO GOMES DA CRUZ, S/N",-35.1411117,-6.3774467,-35.00655,-6.368807,14.92,escola_inep,alta,"INEP: EM JOAO ANACLETO FILHO [PRACA LARGO ACELINO GOMES DA CRUZ, SN ESCOLA]",fora do municipio (3.5 km alem da divisa)
2401404,Baía Formosa,2020,11,1058,ESCOLA MUNICIPAL JOAO ANACLETO FILHO,CENTRO,"LARGO ASCELINO GOMES DA CRUZ, S/N",-35.1411117,-6.3774467,-35.00655,-6.368807,14.92,escola_inep,alta,"INEP: EM JOAO ANACLETO FILHO [PRACA LARGO ACELINO GOMES DA CRUZ, SN ESCOLA]",fora do municipio (3.5 km alem da divisa)
2401404,Baía Formosa,2022,11,1058,ESCOLA MUNICIPAL JOAO ANACLETO FILHO,CENTRO,"LARGO ASCELINO GOMES DA CRUZ, S/N",-35.1411117,-6.3774467,-35.00655,-6.368807,14.92,escola_inep,alta,"INEP: EM JOAO ANACLETO FILHO [PRACA LARGO ACELINO GOMES DA CRUZ, SN ESCOLA]",fora do municipio (3.5 km alem da divisa)
2401404,Baía Formosa,2024,11,1058,ESCOLA MUNICIPAL JOAO ANACLETO FILHO,CENTRO,"LARGO ASCELINO GOMES DA CRUZ, S/N     ",-35.1411117,-6.3774467,-35.00655,-6.368807,14.92,escola_inep,alta,"INEP: EM JOAO ANACLETO FILHO [PRACA LARGO ACELINO GOMES DA CRUZ, SN ESCOLA]",fora do municipio (3.5 km alem da divisa)
2401404,Baía Formosa,2006,11,1066,ESCOLA MUNICIPAL MANOEL GERMANO DOS SANTOS,CENTRO,"LARGO ASCELINO GOMES DA CRUZ, S/N",-35.1411629,-6.3774782,-35.00453,-6.371364,15.13,escola_inep,media,"INEP: EM MANOEL GERMANO DOS SANTOS [RUA ASTROGILDO FREIRE, S/N CENTRO. 59194-000]",fora do municipio (3.5 km alem da divisa)
2401404,Baía Formosa,2008,11,1066,ESCOLA MUNICIPAL MANOEL GERMANO DOS SANTOS,CENTRO,"LARGO ASCELINO GOMES DA CRUZ, S/N",-35.1411629,-6.3774782,-35.00453,-6.371364,15.13,escola_inep,media,"INEP: EM MANOEL GERMANO DOS SANTOS [RUA ASTROGILDO FREIRE, S/N CENTRO. 59194-000]",fora do municipio (3.5 km alem da divisa)
2401404,Baía Formosa,2010,11,1066,ESCOLA MUNICIPAL MANOEL GERMANO DOS SANTOS,CENTRO,"LARGO ASCELINO GOMES DA CRUZ, S/N",-35.1411629,-6.3774782,-35.00453,-6.371364,15.13,escola_inep,media,"INEP: EM MANOEL GERMANO DOS SANTOS [RUA ASTROGILDO FREIRE, S/N CENTRO. 59194-000]",fora do municipio (3.5 km alem da divisa)
2401404,Baía Formosa,2012,11,1066,ESCOLA MUNICIPAL MANOEL GERMANO DOS SANTOS,CENTRO,"LARGO ASCELINO GOMES DA CRUZ, S/N",-35.1411629,-6.3774782,-35.00453,-6.371364,15.13,escola_inep,media,"INEP: EM MANOEL GERMANO DOS SANTOS [RUA ASTROGILDO FREIRE, S/N CENTRO. 59194-000]",fora do municipio (3.5 km alem da divisa)
2401404,Baía Formosa,2014,11,1066,ESCOLA MUNICIPAL MANOEL GERMANO DOS SANTOS,CENTRO,"LARGO ASCELINO GOMES DA CRUZ, S/N",-35.1411629,-6.3774782,-35.00453,-6.371364,15.13,escola_inep,media,"INEP: EM MANOEL GERMANO DOS SANTOS [RUA ASTROGILDO FREIRE, S/N CENTRO. 59194-000]",fora do municipio (3.5 km alem da divisa)
2401404,Baía Formosa,2016,11,1066,ESCOLA MUNICIPAL MANOEL GERMANO DOS SANTOS,CENTRO,"LARGO ASCELINO GOMES DA CRUZ, S/N",-35.1411629,-6.3774782,-35.00453,-6.371364,15.13,escola_inep,media,"INEP: EM MANOEL GERMANO DOS SANTOS [RUA ASTROGILDO FREIRE, S/N CENTRO. 59194-000]",fora do municipio (3.5 km alem da divisa)
2401404,Baía Formosa,2018,11,1066,ESCOLA MUNICIPAL MANOEL GERMANO DOS SANTOS,CENTRO,"LARGO ASCELINO GOMES DA CRUZ, S/N",-35.1411629,-6.3774782,-35.00453,-6.371364,15.13,escola_inep,media,"INEP: EM MANOEL GERMANO DOS SANTOS [RUA ASTROGILDO FREIRE, S/N CENTRO. 59194-000]",fora do municipio (3.5 km alem da divisa)
2401404,Baía Formosa,2020,11,1066,ESCOLA MUNICIPAL MANOEL GERMANO DOS SANTOS,CENTRO,"LARGO ASCELINO GOMES DA CRUZ, S/N",-35.1411629,-6.3774782,-35.00453,-6.371364,15.13,escola_inep,media,"INEP: EM MANOEL GERMANO DOS SANTOS [RUA ASTROGILDO FREIRE, S/N CENTRO. 59194-000]",fora do municipio (3.5 km alem da divisa)
2401404,Baía Formosa,2022,11,1066,ESCOLA MUNICIPAL MANOEL GERMANO DOS SANTOS,CENTRO,"LARGO ASCELINO GOMES DA CRUZ, S/N",-35.1411629,-6.3774782,-35.00453,-6.371364,15.13,escola_inep,media,"INEP: EM MANOEL GERMANO DOS SANTOS [RUA ASTROGILDO FREIRE, S/N CENTRO. 59194-000]",fora do municipio (3.5 km alem da divisa)
2401404,Baía Formosa,2024,11,1066,ESCOLA MUNICIPAL MANOEL GERMANO DOS SANTOS,CENTRO,"RUA ASTROGILDO FREIRE, S/N",-35.1411629,-6.3774782,-35.00453,-6.371364,15.13,escola_inep,media,"INEP: EM MANOEL GERMANO DOS SANTOS [RUA ASTROGILDO FREIRE, S/N CENTRO. 59194-000]",fora do municipio (3.5 km alem da divisa)
2401404,Baía Formosa,2006,11,1074,ESCOLA MUNICIPAL DO SAGI,ZONA RURAL,POVOADO DE SAGI,-35.141125,-6.3774547,-34.973998,-6.46465,20.88,localidade,media,"localidade SAGI (327 enderecos, raio 0.3 km)",fora do municipio (3.5 km alem da divisa)
2401404,Baía Formosa,2008,11,1074,ESCOLA MUNICIPAL DO SAGI,ZONA RURAL,POVOADO DE SAGI,-35.141125,-6.3774547,-34.973998,-6.46465,20.88,localidade,media,"localidade SAGI (327 enderecos, raio 0.3 km)",fora do municipio (3.5 km alem da divisa)
2401404,Baía Formosa,2010,11,1074,ESCOLA MUNICIPAL DO SAGI,ZONA RURAL,POVOADO DE SAGI,-35.141125,-6.3774547,-34.973998,-6.46465,20.88,localidade,media,"localidade SAGI (327 enderecos, raio 0.3 km)",fora do municipio (3.5 km alem da divisa)
2401404,Baía Formosa,2012,11,1074,ESCOLA MUNICIPAL DO SAGI,ZONA RURAL,POVOADO DE SAGI,-35.141125,-6.3774547,-34.973998,-6.46465,20.88,localidade,media,"localidade SAGI (327 enderecos, raio 0.3 km)",fora do municipio (3.5 km alem da divisa)
2401404,Baía Formosa,2014,11,1074,ESCOLA MUNICIPAL DO SAGI,ZONA RURAL,POVOADO DE SAGI,-35.141125,-6.3774547,-34.973998,-6.46465,20.88,localidade,media,"localidade SAGI (327 enderecos, raio 0.3 km)",fora do municipio (3.5 km alem da divisa)
2401404,Baía Formosa,2016,11,1074,ESCOLA MUNICIPAL DO SAGI,ZONA RURAL,POVOADO DE SAGI,-35.141125,-6.3774547,-34.973998,-6.46465,20.88,localidade,media,"localidade SAGI (327 enderecos, raio 0.3 km)",fora do municipio (3.5 km alem da divisa)
2401404,Baía Formosa,2018,11,1074,ESCOLA MUNICIPAL DO SAGI,ZONA RURAL,POVOADO DE SAGI,-35.141125,-6.3774547,-34.973998,-6.46465,20.88,localidade,media,"localidade SAGI (327 enderecos, raio 0.3 km)",fora do municipio (3.5 km alem da divisa)
2401404,Baía Formosa,2020,11,1074,ESCOLA MUNICIPAL DO SAGI,ZONA RURAL,POVOADO DE SAGI,-35.141125,-6.3774547,-34.973998,-6.46465,20.88,localidade,media,"localidade SAGI (327 enderecos, raio 0.3 km)",fora do municipio (3.5 km alem da divisa)
2401404,Baía Formosa,2022,11,1074,ESCOLA MUNICIPAL DO SAGI,ZONA RURAL,POVOADO DE SAGI,-35.141125,-6.3774547,-34.973998,-6.46465,20.88,localidade,media,"localidade SAGI (327 enderecos, raio 0.3 km)",fora do municipio (3.5 km alem da divisa)
2401404,Baía Formosa,2024,11,1074,ESCOLA MUNICIPAL DR. MANOEL FCO. DE MELO (SAGI),ZONA RURAL,POVOADO DE SAGI,-35.141125,-6.3774547,-34.973998,-6.46465,20.88,localidade,media,"localidade SAGI (327 enderecos, raio 0.3 km)",fora do municipio (3.5 km alem da divisa)
2401404,Baía Formosa,2016,11,1090,ESCOLA MUNICIPAL JARBAS PASSARINHO,ZONA RURAL,"FAZENDA PITUBA, S/N",-35.1410734,-6.3774622,-35.00595,-6.496054,19.94,escola_inep,media,"INEP: EM JARBAS PASSARINHO [VILA DA PITUBA, S/N ZONA RURAL. 59194-000 Ba]",fora do municipio (3.5 km alem da divisa)
2401404,Baía Formosa,2018,11,1090,ESCOLA MUNICIPAL JARBAS PASSARINHO,ZONA RURAL,"FAZENDA PITUBA, S/N",-35.1410734,-6.3774622,-35.00595,-6.496054,19.94,escola_inep,media,"INEP: EM JARBAS PASSARINHO [VILA DA PITUBA, S/N ZONA RURAL. 59194-000 Ba]",fora do municipio (3.5 km alem da divisa)
2401404,Baía Formosa,2020,11,1090,ESCOLA MUNICIPAL JARBAS PASSARINHO,ZONA RURAL,"FAZENDA PITUBA, S/N",-35.1410734,-6.3774622,-35.00595,-6.496054,19.94,escola_inep,media,"INEP: EM JARBAS PASSARINHO [VILA DA PITUBA, S/N ZONA RURAL. 59194-000 Ba]",fora do municipio (3.5 km alem da divisa)
2401404,Baía Formosa,2022,11,1090,ESCOLA MUNICIPAL JARBAS PASSARINHO,ZONA RURAL,"FAZENDA PITUBA, S/N",-35.1410734,-6.3774622,-35.00595,-6.496054,19.94,escola_inep,media,"INEP: EM JARBAS PASSARINHO [VILA DA PITUBA, S/N ZONA RURAL. 59194-000 Ba]",fora do municipio (3.5 km alem da divisa)
2401404,Baía Formosa,2024,11,1090,ESCOLA MUNICIPAL JARBAS PASSARINHO,ZONA RURAL,"FAZENDA PITUBA, S/N",-35.1410734,-6.3774622,-35.00595,-6.496054,19.94,escola_inep,media,"INEP: EM JARBAS PASSARINHO [VILA DA PITUBA, S/N ZONA RURAL. 59194-000 Ba]",fora do municipio (3.5 km alem da divisa)
2903508,Belo Campo,2006,165,1023,COLEGIO MUNICIPAL DE BELO CAMPO,ALVORADA,TRAVESSA SAO JOAO BATISTA S/N - ZONA URBANA,-41.4156899,-14.9735111,-41.262518,-15.042938,18.19,estabelecimento,alta,COLEGIO MUNICIPAL DE BELO CAMPO [ALVORADA],fora do municipio (13.4 km alem da divisa)
2903508,Belo Campo,2008,177,1023,COLEGIO MUNICIPAL DE BELO CAMPO,ALVORADA,TRAVESSA SAO JOAO BATISTA S/N - ZONA URBANA,-41.4156899,-14.9735111,-41.262518,-15.042938,18.19,estabelecimento,alta,COLEGIO MUNICIPAL DE BELO CAMPO [ALVORADA],fora do municipio (13.4 km alem da divisa)
2903508,Belo Campo,2010,177,1023,COLEGIO MUNICIPAL DE BELO CAMPO,ALVORADA,TRAVESSA SAO JOAO BATISTA S/N - ZONA URBANA,-41.4156899,-14.9735111,-41.262518,-15.042938,18.19,estabelecimento,alta,COLEGIO MUNICIPAL DE BELO CAMPO [ALVORADA],fora do municipio (13.4 km alem da divisa)
2903508,Belo Campo,2012,177,1023,COLEGIO MUNICIPAL DE BELO CAMPO,ALVORADA,TRAVESSA SAO JOAO BATISTA S/N - ZONA URBANA,-41.4156899,-14.9735111,-41.262518,-15.042938,18.19,estabelecimento,alta,COLEGIO MUNICIPAL DE BELO CAMPO [ALVORADA],fora do municipio (13.4 km alem da divisa)
2903508,Belo Campo,2014,177,1023,COLEGIO MUNICIPAL DE BELO CAMPO,ALVORADA,TRAVESSA SAO JOAO BATISTA S/N - ZONA URBANA,-41.4156899,-14.9735111,-41.262518,-15.042938,18.19,estabelecimento,alta,COLEGIO MUNICIPAL DE BELO CAMPO [ALVORADA],fora do municipio (13.4 km alem da divisa)
2903508,Belo Campo,2016,177,1023,COLEGIO MUNICIPAL DE BELO CAMPO,ALVORADA,TRAVESSA SAO JOAO BATISTA S/N - ZONA URBANA,-41.4156899,-14.9735111,-41.262518,-15.042938,18.19,estabelecimento,alta,COLEGIO MUNICIPAL DE BELO CAMPO [ALVORADA],fora do municipio (13.4 km alem da divisa)
2903508,Belo Campo,2018,177,1023,COLEGIO MUNICIPAL DE BELO CAMPO,ALVORADA,TRAVESSA SAO JOAO BATISTA S/N - ZONA URBANA,-41.4156899,-14.9735111,-41.262518,-15.042938,18.19,estabelecimento,alta,COLEGIO MUNICIPAL DE BELO CAMPO [ALVORADA],fora do municipio (13.4 km alem da divisa)
2903508,Belo Campo,2020,177,1023,COLEGIO MUNICIPAL DE BELO CAMPO,ALVORADA,TRAVESSA SAO JOAO BATISTA S/N - ZONA URBANA,-41.4156899,-14.9735111,-41.262518,-15.042938,18.19,estabelecimento,alta,COLEGIO MUNICIPAL DE BELO CAMPO [ALVORADA],fora do municipio (13.4 km alem da divisa)
2903508,Belo Campo,2022,177,1023,COLEGIO MUNICIPAL DE BELO CAMPO,ALVORADA,TRAVESSA SAO JOAO BATISTA S/N - ZONA URBANA,-41.4156899,-14.9735111,-41.262518,-15.042938,18.19,estabelecimento,alta,COLEGIO MUNICIPAL DE BELO CAMPO [ALVORADA],fora do municipio (13.4 km alem da divisa)
2903508,Belo Campo,2024,177,1023,COLEGIO MUNICIPAL DE BELO CAMPO,ALVORADA,TRAVESSA SAO JOAO BATISTA S/N - ZONA URBANA,-41.4156899,-14.9735111,-41.262518,-15.042938,18.19,estabelecimento,alta,COLEGIO MUNICIPAL DE BELO CAMPO [ALVORADA],fora do municipio (13.4 km alem da divisa)
2903508,Belo Campo,2006,165,1031,ESCOLA ESTADUAL ANTONIO CARLOS MAGALHAES,CENTRO,"AVENIDA VITORIA DA CONQUISTA, S/N - ZONA URBANA",-41.2601654,-15.0303195,-41.259408,-15.037765,0.83,localidade,media,"localidade CENTRO (1798 enderecos, raio 0.4 km)",movido por reposicionar_locais_fora_do_bairro.py
2903508,Belo Campo,2008,177,1031,ESCOLA ESTADUAL ANTONIO CARLOS MAGALHAES,CENTRO,"AVENIDA VITORIA DA CONQUISTA, S/N - ZONA URBANA",-41.2652083,-15.0189369,-41.259408,-15.037765,2.19,localidade,media,"localidade CENTRO (1798 enderecos, raio 0.4 km)",movido por reposicionar_locais_fora_do_bairro.py
2903508,Belo Campo,2010,177,1031,ESCOLA ESTADUAL ANTONIO CARLOS MAGALHAES,CENTRO,"AVENIDA VITORIA DA CONQUISTA, S/N - ZONA URBANA",-41.2652083,-15.0189369,-41.259408,-15.037765,2.19,localidade,media,"localidade CENTRO (1798 enderecos, raio 0.4 km)",movido por reposicionar_locais_fora_do_bairro.py
2903508,Belo Campo,2012,177,1031,ESCOLA ESTADUAL ANTONIO CARLOS MAGALHAES,CENTRO,"AVENIDA VITORIA DA CONQUISTA, S/N - ZONA URBANA",-41.2652083,-15.0189369,-41.259408,-15.037765,2.19,localidade,media,"localidade CENTRO (1798 enderecos, raio 0.4 km)",movido por reposicionar_locais_fora_do_bairro.py
2903508,Belo Campo,2014,177,1031,ESCOLA ESTADUAL ANTONIO CARLOS MAGALHAES,CENTRO,"AVENIDA VITORIA DA CONQUISTA, S/N - ZONA URBANA",-41.2652083,-15.0189369,-41.259408,-15.037765,2.19,localidade,media,"localidade CENTRO (1798 enderecos, raio 0.4 km)",movido por reposicionar_locais_fora_do_bairro.py
2903508,Belo Campo,2016,177,1031,ESCOLA ESTADUAL ANTONIO CARLOS MAGALHAES,CENTRO,"AVENIDA VITORIA DA CONQUISTA, S/N - ZONA URBANA",-41.2652083,-15.0189369,-41.259408,-15.037765,2.19,localidade,media,"localidade CENTRO (1798 enderecos, raio 0.4 km)",movido por reposicionar_locais_fora_do_bairro.py
2903508,Belo Campo,2018,177,1031,ESCOLA ESTADUAL ANTONIO CARLOS MAGALHAES,CENTRO,"AVENIDA VITORIA DA CONQUISTA, S/N - ZONA URBANA",-41.416409,-14.9726537,-41.259408,-15.037765,18.37,localidade,media,"localidade CENTRO (1798 enderecos, raio 0.4 km)",fora do municipio (13.5 km alem da divisa)
2903508,Belo Campo,2020,177,1031,ESCOLA ESTADUAL ANTONIO CARLOS MAGALHAES,CENTRO,"AVENIDA VITORIA DA CONQUISTA, S/N - ZONA URBANA",-41.416409,-14.9726537,-41.259408,-15.037765,18.37,localidade,media,"localidade CENTRO (1798 enderecos, raio 0.4 km)",fora do municipio (13.5 km alem da divisa)
2903508,Belo Campo,2006,165,1074,ESCOLA ESTADUAL CARLOS SANTANA,CENTRO,"AVENIDA VITORIA DA CONQUISTA, S/N - ZONA URBANA",-41.2594568,-15.0283206,,,,nao corrigido,,"descartado: localidade CENTRO (1798 enderecos, raio 0.4 km) cairia sobre outro local (< 50 m)",movido por reposicionar_locais_fora_do_bairro.py
2903508,Belo Campo,2008,177,1074,ESCOLA ESTADUAL CARLOS SANTANA,CENTRO,"AVENIDA VITORIA DA CONQUISTA, S/N - ZONA URBANA",-41.2653505,-15.0190698,,,,nao corrigido,,"descartado: localidade CENTRO (1798 enderecos, raio 0.4 km) cairia sobre outro local (< 50 m)",movido por reposicionar_locais_fora_do_bairro.py
2903508,Belo Campo,2010,177,1074,ESCOLA ESTADUAL CARLOS SANTANA,CENTRO,"AVENIDA VITORIA DA CONQUISTA, S/N - ZONA URBANA",-41.2653505,-15.0190698,,,,nao corrigido,,"descartado: localidade CENTRO (1798 enderecos, raio 0.4 km) cairia sobre outro local (< 50 m)",movido por reposicionar_locais_fora_do_bairro.py
2903508,Belo Campo,2012,177,1074,ESCOLA ESTADUAL CARLOS SANTANA,CENTRO,"AVENIDA VITORIA DA CONQUISTA, S/N - ZONA URBANA",-41.2653505,-15.0190698,,,,nao corrigido,,"descartado: localidade CENTRO (1798 enderecos, raio 0.4 km) cairia sobre outro local (< 50 m)",movido por reposicionar_locais_fora_do_bairro.py
2903508,Belo Campo,2014,177,1074,ESCOLA ESTADUAL CARLOS SANTANA,CENTRO,"AVENIDA VITORIA DA CONQUISTA, S/N - ZONA URBANA",-41.2653505,-15.0190698,,,,nao corrigido,,"descartado: localidade CENTRO (1798 enderecos, raio 0.4 km) cairia sobre outro local (< 50 m)",movido por reposicionar_locais_fora_do_bairro.py
2903508,Belo Campo,2016,177,1074,ESCOLA ESTADUAL CARLOS SANTANA,CENTRO,"AVENIDA VITORIA DA CONQUISTA, S/N - ZONA URBANA",-41.2653505,-15.0190698,,,,nao corrigido,,"descartado: localidade CENTRO (1798 enderecos, raio 0.4 km) cairia sobre outro local (< 50 m)",movido por reposicionar_locais_fora_do_bairro.py
2903508,Belo Campo,2018,177,1074,ESCOLA ESTADUAL CARLOS SANTANA,CENTRO,"AVENIDA VITORIA DA CONQUISTA, S/N - ZONA URBANA",-41.4165512,-14.9727866,,,,nao corrigido,,"descartado: localidade CENTRO (1798 enderecos, raio 0.4 km) cairia sobre outro local (< 50 m)",fora do municipio (13.6 km alem da divisa)
2903508,Belo Campo,2020,177,1074,ESCOLA ESTADUAL CARLOS SANTANA,CENTRO,"AVENIDA VITORIA DA CONQUISTA, S/N - ZONA URBANA",-41.4165512,-14.9727866,,,,nao corrigido,,"descartado: localidade CENTRO (1798 enderecos, raio 0.4 km) cairia sobre outro local (< 50 m)",fora do municipio (13.6 km alem da divisa)
2903508,Belo Campo,2006,165,1082,ESCOLA MUNICIPAL EDVALDO FLORES,CENTRO,AVENIDA VITORIA DA CONQUISTA S/N - ZONA URBANA,-41.4175968,-14.9752708,-41.258296,-15.034147,18.34,estabelecimento,alta,ESCOLA EDVALDO FLORES [CENTRO],fora do municipio (13.5 km alem da divisa)
2903508,Belo Campo,2008,177,1082,ESCOLA MUNICIPAL EDVALDO FLORES,CENTRO,AVENIDA VITORIA DA CONQUISTA S/N - ZONA URBANA,-41.4210358,-14.9727897,-41.258296,-15.034147,18.78,estabelecimento,alta,ESCOLA EDVALDO FLORES [CENTRO],fora do municipio (14.0 km alem da divisa)
2903508,Belo Campo,2010,177,1082,ESCOLA MUNICIPAL EDVALDO FLORES,CENTRO,AVENIDA VITORIA DA CONQUISTA S/N - ZONA URBANA,-41.4210358,-14.9727897,-41.258296,-15.034147,18.78,estabelecimento,alta,ESCOLA EDVALDO FLORES [CENTRO],fora do municipio (14.0 km alem da divisa)
2903508,Belo Campo,2012,177,1082,ESCOLA MUNICIPAL EDVALDO FLORES,CENTRO,AVENIDA VITORIA DA CONQUISTA S/N - ZONA URBANA,-41.4210358,-14.9727897,-41.258296,-15.034147,18.78,estabelecimento,alta,ESCOLA EDVALDO FLORES [CENTRO],fora do municipio (14.0 km alem da divisa)
2903508,Belo Campo,2014,177,1082,ESCOLA MUNICIPAL EDVALDO FLORES,CENTRO,AVENIDA VITORIA DA CONQUISTA S/N - ZONA URBANA,-41.4210358,-14.9727897,-41.258296,-15.034147,18.78,estabelecimento,alta,ESCOLA EDVALDO FLORES [CENTRO],fora do municipio (14.0 km alem da divisa)
2903508,Belo Campo,2016,177,1082,ESCOLA MUNICIPAL EDVALDO FLORES,CENTRO,AVENIDA VITORIA DA CONQUISTA S/N - ZONA URBANA,-41.4210358,-14.9727897,-41.258296,-15.034147,18.78,estabelecimento,alta,ESCOLA EDVALDO FLORES [CENTRO],fora do municipio (14.0 km alem da divisa)
2903508,Belo Campo,2018,177,1082,ESCOLA MUNICIPAL EDVALDO FLORES,CENTRO,AVENIDA VITORIA DA CONQUISTA S/N - ZONA URBANA,-41.4167833,-14.9716382,-41.258296,-15.034147,18.41,estabelecimento,alta,ESCOLA EDVALDO FLORES [CENTRO],fora do municipio (13.6 km alem da divisa)
2903508,Belo Campo,2020,177,1082,ESCOLA MUNICIPAL EDVALDO FLORES,CENTRO,AVENIDA VITORIA DA CONQUISTA S/N - ZONA URBANA,-41.4167833,-14.9716382,-41.258296,-15.034147,18.41,estabelecimento,alta,ESCOLA EDVALDO FLORES [CENTRO],fora do municipio (13.6 km alem da divisa)
2903508,Belo Campo,2022,177,1082,ESCOLA MUNICIPAL EDVALDO FLORES,CENTRO,AVENIDA VITORIA DA CONQUISTA S/N - ZONA URBANA,-41.4157117,-14.9734661,-41.258296,-15.034147,18.22,estabelecimento,alta,ESCOLA EDVALDO FLORES [CENTRO],fora do municipio (13.4 km alem da divisa)
2903508,Belo Campo,2024,177,1082,ESCOLA MUNICIPAL EDVALDO FLORES,CENTRO,AVENIDA VITORIA DA CONQUISTA S/N - ZONA URBANA,-41.4157117,-14.9734661,-41.258296,-15.034147,18.22,estabelecimento,alta,ESCOLA EDVALDO FLORES [CENTRO],fora do municipio (13.4 km alem da divisa)
2903508,Belo Campo,2006,165,1104,ESCOLA MUNICIPAL ODILON VIEIRA,POVOADO JATOBA,POVOADO JATOBA - ZONA RURAL,-41.4156788,-14.9735204,-41.174051,-14.989681,26.05,estabelecimento,alta,ESCOLA MUNICIPAL ODILON VIEIRA DOS SANTO [JATOBA],fora do municipio (13.4 km alem da divisa)
2903508,Belo Campo,2008,177,1104,ESCOLA MUNICIPAL ODILON VIEIRA,POVOADO JATOBA,POVOADO JATOBA - ZONA RURAL,-41.4156788,-14.9735204,-41.174051,-14.989681,26.05,estabelecimento,alta,ESCOLA MUNICIPAL ODILON VIEIRA DOS SANTO [JATOBA],fora do municipio (13.4 km alem da divisa)
2903508,Belo Campo,2010,177,1104,ESCOLA MUNICIPAL ODILON VIEIRA,POVOADO JATOBA,POVOADO JATOBA - ZONA RURAL,-41.4156788,-14.9735204,-41.174051,-14.989681,26.05,estabelecimento,alta,ESCOLA MUNICIPAL ODILON VIEIRA DOS SANTO [JATOBA],fora do municipio (13.4 km alem da divisa)
2903508,Belo Campo,2012,177,1104,ESCOLA MUNICIPAL ODILON VIEIRA,POVOADO JATOBA,POVOADO JATOBA - ZONA RURAL,-41.4156788,-14.9735204,-41.174051,-14.989681,26.05,estabelecimento,alta,ESCOLA MUNICIPAL ODILON VIEIRA DOS SANTO [JATOBA],fora do municipio (13.4 km alem da divisa)
2903508,Belo Campo,2014,177,1104,ESCOLA MUNICIPAL ODILON VIEIRA,POVOADO JATOBA,POVOADO JATOBA - ZONA RURAL,-41.4156788,-14.9735204,-41.174051,-14.989681,26.05,estabelecimento,alta,ESCOLA MUNICIPAL ODILON VIEIRA DOS SANTO [JATOBA],fora do municipio (13.4 km alem da divisa)
2903508,Belo Campo,2016,177,1104,ESCOLA MUNICIPAL ODILON VIEIRA,POVOADO JATOBA,POVOADO JATOBA - ZONA RURAL,-41.4156788,-14.9735204,-41.174051,-14.989681,26.05,estabelecimento,alta,ESCOLA MUNICIPAL ODILON VIEIRA DOS SANTO [JATOBA],fora do municipio (13.4 km alem da divisa)
2903508,Belo Campo,2018,177,1104,ESCOLA MUNICIPAL ODILON VIEIRA,POVOADO JATOBA,POVOADO JATOBA - ZONA RURAL,-41.4156788,-14.9735204,-41.174051,-14.989681,26.05,estabelecimento,alta,ESCOLA MUNICIPAL ODILON VIEIRA DOS SANTO [JATOBA],fora do municipio (13.4 km alem da divisa)
2903508,Belo Campo,2020,177,1104,ESCOLA MUNICIPAL ODILON VIEIRA,POVOADO JATOBA,POVOADO JATOBA - ZONA RURAL,-41.4156788,-14.9735204,-41.174051,-14.989681,26.05,estabelecimento,alta,ESCOLA MUNICIPAL ODILON VIEIRA DOS SANTO [JATOBA],fora do municipio (13.4 km alem da divisa)
2903508,Belo Campo,2022,177,1104,ESCOLA MUNICIPAL ODILON VIEIRA,POVOADO JATOBA,POVOADO JATOBA - ZONA RURAL,-41.4156788,-14.9735204,-41.174051,-14.989681,26.05,estabelecimento,alta,ESCOLA MUNICIPAL ODILON VIEIRA DOS SANTO [JATOBA],fora do municipio (13.4 km alem da divisa)
2903508,Belo Campo,2024,177,1104,ESCOLA MUNICIPAL ODILON VIEIRA,POVOADO JATOBA,POVOADO JATOBA - ZONA RURAL ,-41.4156788,-14.9735204,-41.174051,-14.989681,26.05,estabelecimento,alta,ESCOLA MUNICIPAL ODILON VIEIRA DOS SANTO [JATOBA],fora do municipio (13.4 km alem da divisa)
2903508,Belo Campo,2006,165,1112,ESCOLA MUNICIPAL GERSON ALMEIDA,POVOADO LAGOA SUJA,POVOADO LAGOA SUJA - ZONA RURAL,-41.4156678,-14.9735086,-41.136995,-15.035565,30.75,localidade,media,"localidade LAGOA SUJA (238 enderecos, raio 1.3 km)",fora do municipio (13.4 km alem da divisa)
2903508,Belo Campo,2008,177,1112,ESCOLA MUNICIPAL GERSON ALMEIDA,POVOADO LAGOA SUJA,POVOADO LAGOA SUJA - ZONA RURAL,-41.4156678,-14.9735086,-41.136995,-15.035565,30.75,localidade,media,"localidade LAGOA SUJA (238 enderecos, raio 1.3 km)",fora do municipio (13.4 km alem da divisa)
2903508,Belo Campo,2010,177,1112,ESCOLA MUNICIPAL GERSON ALMEIDA,POVOADO LAGOA SUJA,POVOADO LAGOA SUJA - ZONA RURAL,-41.4156678,-14.9735086,-41.136995,-15.035565,30.75,localidade,media,"localidade LAGOA SUJA (238 enderecos, raio 1.3 km)",fora do municipio (13.4 km alem da divisa)
2903508,Belo Campo,2012,177,1112,ESCOLA MUNICIPAL GERSON ALMEIDA,POVOADO LAGOA SUJA,POVOADO LAGOA SUJA - ZONA RURAL,-41.4156678,-14.9735086,-41.136995,-15.035565,30.75,localidade,media,"localidade LAGOA SUJA (238 enderecos, raio 1.3 km)",fora do municipio (13.4 km alem da divisa)
2903508,Belo Campo,2014,177,1112,ESCOLA MUNICIPAL GERSON ALMEIDA,POVOADO LAGOA SUJA,POVOADO LAGOA SUJA - ZONA RURAL,-41.4156678,-14.9735086,-41.136995,-15.035565,30.75,localidade,media,"localidade LAGOA SUJA (238 enderecos, raio 1.3 km)",fora do municipio (13.4 km alem da divisa)
2903508,Belo Campo,2016,177,1112,ESCOLA MUNICIPAL GERSON ALMEIDA,POVOADO LAGOA SUJA,POVOADO LAGOA SUJA - ZONA RURAL,-41.4156678,-14.9735086,-41.136995,-15.035565,30.75,localidade,media,"localidade LAGOA SUJA (238 enderecos, raio 1.3 km)",fora do municipio (13.4 km alem da divisa)
2903508,Belo Campo,2018,177,1112,ESCOLA MUNICIPAL GERSON ALMEIDA,POVOADO LAGOA SUJA,POVOADO LAGOA SUJA - ZONA RURAL,-41.4156678,-14.9735086,-41.136995,-15.035565,30.75,localidade,media,"localidade LAGOA SUJA (238 enderecos, raio 1.3 km)",fora do municipio (13.4 km alem da divisa)
2903508,Belo Campo,2020,177,1112,ESCOLA MUNICIPAL GERSON ALMEIDA,POVOADO LAGOA SUJA,POVOADO LAGOA SUJA - ZONA RURAL,-41.4156678,-14.9735086,-41.136995,-15.035565,30.75,localidade,media,"localidade LAGOA SUJA (238 enderecos, raio 1.3 km)",fora do municipio (13.4 km alem da divisa)
2903508,Belo Campo,2022,177,1112,ESCOLA MUNICIPAL GERSON ALMEIDA,POVOADO LAGOA SUJA,POVOADO LAGOA SUJA - ZONA RURAL,-41.4156678,-14.9735086,-41.136995,-15.035565,30.75,localidade,media,"localidade LAGOA SUJA (238 enderecos, raio 1.3 km)",fora do municipio (13.4 km alem da divisa)
2903508,Belo Campo,2024,177,1112,ESCOLA MUNICIPAL GERSON ALMEIDA,POVOADO LAGOA SUJA,POVOADO LAGOA SUJA - ZONA RURAL,-41.4156678,-14.9735086,-41.136995,-15.035565,30.75,localidade,media,"localidade LAGOA SUJA (238 enderecos, raio 1.3 km)",fora do municipio (13.4 km alem da divisa)
2903508,Belo Campo,2006,165,1147,ESCOLA MUNICIPAL LAURO FLROES,POVOADO PAU DE ESPINHO,POVOADO PAU DE ESPINHO - ZONA RURAL,-41.4156863,-14.9735536,-41.209026,-15.10552,26.64,localidade,media,"localidade PAU DE ESPINHO (207 enderecos, raio 1.2 km)",fora do municipio (13.4 km alem da divisa)
2903508,Belo Campo,2008,177,1147,ESCOLA MUNICIPAL LAURO FLROES,POVOADO PAU DE ESPINHO,POVOADO PAU DE ESPINHO - ZONA RURAL,-41.4156863,-14.9735536,-41.209026,-15.10552,26.64,localidade,media,"localidade PAU DE ESPINHO (207 enderecos, raio 1.2 km)",fora do municipio (13.4 km alem da divisa)
2903508,Belo Campo,2010,177,1147,ESCOLA MUNICIPAL LAURO FLROES,POVOADO PAU DE ESPINHO,POVOADO PAU DE ESPINHO - ZONA RURAL,-41.4156863,-14.9735536,-41.209026,-15.10552,26.64,localidade,media,"localidade PAU DE ESPINHO (207 enderecos, raio 1.2 km)",fora do municipio (13.4 km alem da divisa)
2903508,Belo Campo,2012,177,1147,ESCOLA MUNICIPAL LAURO FLROES,POVOADO PAU DE ESPINHO,POVOADO PAU DE ESPINHO - ZONA RURAL,-41.4156863,-14.9735536,-41.209026,-15.10552,26.64,localidade,media,"localidade PAU DE ESPINHO (207 enderecos, raio 1.2 km)",fora do municipio (13.4 km alem da divisa)
2903508,Belo Campo,2014,177,1147,ESCOLA MUNICIPAL LAURO FLROES,POVOADO PAU DE ESPINHO,POVOADO PAU DE ESPINHO - ZONA RURAL,-41.4156863,-14.9735536,-41.209026,-15.10552,26.64,localidade,media,"localidade PAU DE ESPINHO (207 enderecos, raio 1.2 km)",fora do municipio (13.4 km alem da divisa)
2903508,Belo Campo,2016,177,1147,ESCOLA MUNICIPAL LAURO FLROES,POVOADO PAU DE ESPINHO,POVOADO PAU DE ESPINHO - ZONA RURAL,-41.4156863,-14.9735536,-41.209026,-15.10552,26.64,localidade,media,"localidade PAU DE ESPINHO (207 enderecos, raio 1.2 km)",fora do municipio (13.4 km alem da divisa)
2903508,Belo Campo,2018,177,1147,ESCOLA MUNICIPAL LAURO FLROES,POVOADO PAU DE ESPINHO,POVOADO PAU DE ESPINHO - ZONA RURAL,-41.4156863,-14.9735536,-41.209026,-15.10552,26.64,localidade,media,"localidade PAU DE ESPINHO (207 enderecos, raio 1.2 km)",fora do municipio (13.4 km alem da divisa)
2903508,Belo Campo,2020,177,1147,ESCOLA MUNICIPAL LAURO FLROES,POVOADO PAU DE ESPINHO,POVOADO PAU DE ESPINHO - ZONA RURAL,-41.4156863,-14.9735536,-41.209026,-15.10552,26.64,localidade,media,"localidade PAU DE ESPINHO (207 enderecos, raio 1.2 km)",fora do municipio (13.4 km alem da divisa)
2903508,Belo Campo,2022,177,1147,ESCOLA MUNICIPAL LAURO FLROES,POVOADO PAU DE ESPINHO,POVOADO PAU DE ESPINHO - ZONA RURAL,-41.4156863,-14.9735536,-41.209026,-15.10552,26.64,localidade,media,"localidade PAU DE ESPINHO (207 enderecos, raio 1.2 km)",fora do municipio (13.4 km alem da divisa)
2903508,Belo Campo,2024,177,1147,ESCOLA MUNICIPAL LAURO FLROES,POVOADO PAU DE ESPINHO,POVOADO PAU DE ESPINHO - ZONA RURAL,-41.4156863,-14.9735536,-41.209026,-15.10552,26.64,localidade,media,"localidade PAU DE ESPINHO (207 enderecos, raio 1.2 km)",fora do municipio (13.4 km alem da divisa)
2903508,Belo Campo,2006,165,1155,ESCOLA MUNICIPAL MARIA FERRAZ DE OLIVEIRA,POVOADO PERI PERI,POVOADO DO PERIPERI - ZONA RURAL,-41.41568,-14.9735262,-41.236925,-15.139034,26.62,localidade,media,"localidade PERIPERI (373 enderecos, raio 0.9 km)",fora do municipio (13.4 km alem da divisa)
2903508,Belo Campo,2008,177,1155,ESCOLA MUNICIPAL MARIA FERRAZ DE OLIVEIRA,POVOADO PERI PERI,POVOADO DO PERIPERI - ZONA RURAL,-41.41568,-14.9735262,-41.236925,-15.139034,26.62,localidade,media,"localidade PERIPERI (373 enderecos, raio 0.9 km)",fora do municipio (13.4 km alem da divisa)
2903508,Belo Campo,2010,177,1155,ESCOLA MUNICIPAL MARIA FERRAZ DE OLIVEIRA,POVOADO PERI PERI,POVOADO DO PERIPERI - ZONA RURAL,-41.41568,-14.9735262,-41.236925,-15.139034,26.62,localidade,media,"localidade PERIPERI (373 enderecos, raio 0.9 km)",fora do municipio (13.4 km alem da divisa)
2903508,Belo Campo,2012,177,1155,ESCOLA MUNICIPAL MARIA FERRAZ DE OLIVEIRA,POVOADO PERI PERI,POVOADO DO PERIPERI - ZONA RURAL,-41.41568,-14.9735262,-41.236925,-15.139034,26.62,localidade,media,"localidade PERIPERI (373 enderecos, raio 0.9 km)",fora do municipio (13.4 km alem da divisa)
2903508,Belo Campo,2014,177,1155,ESCOLA MUNICIPAL MARIA FERRAZ DE OLIVEIRA,POVOADO PERI PERI,POVOADO DO PERIPERI - ZONA RURAL,-41.41568,-14.9735262,-41.236925,-15.139034,26.62,localidade,media,"localidade PERIPERI (373 enderecos, raio 0.9 km)",fora do municipio (13.4 km alem da divisa)
2903508,Belo Campo,2016,177,1155,ESCOLA MUNICIPAL MARIA FERRAZ DE OLIVEIRA,POVOADO PERI PERI,POVOADO DO PERIPERI - ZONA RURAL,-41.41568,-14.9735262,-41.236925,-15.139034,26.62,localidade,media,"localidade PERIPERI (373 enderecos, raio 0.9 km)",fora do municipio (13.4 km alem da divisa)
2903508,Belo Campo,2018,177,1155,ESCOLA MUNICIPAL MARIA FERRAZ DE OLIVEIRA,POVOADO PERI PERI,POVOADO DO PERIPERI - ZONA RURAL,-41.41568,-14.9735262,-41.236925,-15.139034,26.62,localidade,media,"localidade PERIPERI (373 enderecos, raio 0.9 km)",fora do municipio (13.4 km alem da divisa)
2903508,Belo Campo,2020,177,1155,ESCOLA MUNICIPAL MARIA FERRAZ DE OLIVEIRA,POVOADO PERI PERI,POVOADO DO PERIPERI - ZONA RURAL,-41.41568,-14.9735262,-41.236925,-15.139034,26.62,localidade,media,"localidade PERIPERI (373 enderecos, raio 0.9 km)",fora do municipio (13.4 km alem da divisa)
2903508,Belo Campo,2022,177,1155,ESCOLA MUNICIPAL MARIA FERRAZ DE OLIVEIRA,POVOADO PERI PERI,POVOADO DO PERIPERI - ZONA RURAL,-41.41568,-14.9735262,-41.236925,-15.139034,26.62,localidade,media,"localidade PERIPERI (373 enderecos, raio 0.9 km)",fora do municipio (13.4 km alem da divisa)
2903508,Belo Campo,2024,177,1155,ESCOLA MUNICIPAL MARIA FERRAZ DE OLIVEIRA,POVOADO PERI PERI,POVOADO DO PERIPERI - ZONA RURAL,-41.41568,-14.9735262,-41.236925,-15.139034,26.62,localidade,media,"localidade PERIPERI (373 enderecos, raio 0.9 km)",fora do municipio (13.4 km alem da divisa)
2903508,Belo Campo,2006,165,1171,ESCOLA MUNICIPAL ROBERTO SANTOS,POVOADO BELA VISTA,POVOADO BELA VISTA - ZONA RURAL,-41.4156898,-14.9735394,-41.258039,-15.029394,18.06,estabelecimento,media,ESCOLA DE ENSINO FUNDAMENTAL ROBERTO SANTOS [CIDADE NOVA],fora do municipio (13.4 km alem da divisa)
2903508,Belo Campo,2008,177,1171,ESCOLA MUNICIPAL ROBERTO SANTOS,POVOADO BELA VISTA,POVOADO BELA VISTA - ZONA RURAL,-41.4156898,-14.9735394,-41.258039,-15.029394,18.06,estabelecimento,media,ESCOLA DE ENSINO FUNDAMENTAL ROBERTO SANTOS [CIDADE NOVA],fora do municipio (13.4 km alem da divisa)
2903508,Belo Campo,2010,177,1171,ESCOLA MUNICIPAL ROBERTO SANTOS,POVOADO BELA VISTA,POVOADO BELA VISTA - ZONA RURAL,-41.4156898,-14.9735394,-41.258039,-15.029394,18.06,estabelecimento,media,ESCOLA DE ENSINO FUNDAMENTAL ROBERTO SANTOS [CIDADE NOVA],fora do municipio (13.4 km alem da divisa)
2903508,Belo Campo,2012,177,1171,ESCOLA MUNICIPAL ROBERTO SANTOS,POVOADO BELA VISTA,POVOADO BELA VISTA - ZONA RURAL,-41.4156898,-14.9735394,-41.258039,-15.029394,18.06,estabelecimento,media,ESCOLA DE ENSINO FUNDAMENTAL ROBERTO SANTOS [CIDADE NOVA],fora do municipio (13.4 km alem da divisa)
2903508,Belo Campo,2014,177,1171,ESCOLA MUNICIPAL ROBERTO SANTOS,POVOADO BELA VISTA,POVOADO BELA VISTA - ZONA RURAL,-41.4156898,-14.9735394,-41.258039,-15.029394,18.06,estabelecimento,media,ESCOLA DE ENSINO FUNDAMENTAL ROBERTO SANTOS [CIDADE NOVA],fora do municipio (13.4 km alem da divisa)
2903508,Belo Campo,2016,177,1171,ESCOLA MUNICIPAL ROBERTO SANTOS,POVOADO BELA VISTA,POVOADO BELA VISTA - ZONA RURAL,-41.4156898,-14.9735394,-41.258039,-15.029394,18.06,estabelecimento,media,ESCOLA DE ENSINO FUNDAMENTAL ROBERTO SANTOS [CIDADE NOVA],fora do municipio (13.4 km alem da divisa)
2903508,Belo Campo,2006,165,1198,ESCOLA MUNICIPAL JOAO FERREIRA DOS SANTOS,POVOADO SUSSUARANA,POVOADO SUSSUARANA - ZONA RURAL,-41.415662,-14.973499,-41.29363,-15.102371,19.44,estabelecimento,alta,ESCOLA MUNICIPAL JOAO FERREIRA DOS SANTOS [SUSSUARANA],fora do municipio (13.4 km alem da divisa)
2903508,Belo Campo,2008,177,1198,ESCOLA MUNICIPAL JOAO FERREIRA DOS SANTOS,POVOADO SUSSUARANA,POVOADO SUSSUARANA - ZONA RURAL,-41.415662,-14.973499,-41.29363,-15.102371,19.44,estabelecimento,alta,ESCOLA MUNICIPAL JOAO FERREIRA DOS SANTOS [SUSSUARANA],fora do municipio (13.4 km alem da divisa)
2903508,Belo Campo,2010,177,1198,ESCOLA MUNICIPAL JOAO FERREIRA DOS SANTOS,POVOADO SUSSUARANA,POVOADO SUSSUARANA - ZONA RURAL,-41.415662,-14.973499,-41.29363,-15.102371,19.44,estabelecimento,alta,ESCOLA MUNICIPAL JOAO FERREIRA DOS SANTOS [SUSSUARANA],fora do municipio (13.4 km alem da divisa)
2903508,Belo Campo,2012,177,1198,ESCOLA MUNICIPAL JOAO FERREIRA DOS SANTOS,POVOADO SUSSUARANA,POVOADO SUSSUARANA - ZONA RURAL,-41.415662,-14.973499,-41.29363,-15.102371,19.44,estabelecimento,alta,ESCOLA MUNICIPAL JOAO FERREIRA DOS SANTOS [SUSSUARANA],fora do municipio (13.4 km alem da divisa)
2903508,Belo Campo,2014,177,1198,ESCOLA MUNICIPAL JOAO FERREIRA DOS SANTOS,POVOADO SUSSUARANA,POVOADO SUSSUARANA - ZONA RURAL,-41.415662,-14.973499,-41.29363,-15.102371,19.44,estabelecimento,alta,ESCOLA MUNICIPAL JOAO FERREIRA DOS SANTOS [SUSSUARANA],fora do municipio (13.4 km alem da divisa)
2903508,Belo Campo,2016,177,1198,ESCOLA MUNICIPAL JOAO FERREIRA DOS SANTOS,POVOADO SUSSUARANA,POVOADO SUSSUARANA - ZONA RURAL,-41.415662,-14.973499,-41.29363,-15.102371,19.44,estabelecimento,alta,ESCOLA MUNICIPAL JOAO FERREIRA DOS SANTOS [SUSSUARANA],fora do municipio (13.4 km alem da divisa)
2903508,Belo Campo,2018,177,1198,ESCOLA MUNICIPAL JOAO FERREIRA DOS SANTOS,POVOADO SUSSUARANA,POVOADO SUSSUARANA - ZONA RURAL,-41.415662,-14.973499,-41.29363,-15.102371,19.44,estabelecimento,alta,ESCOLA MUNICIPAL JOAO FERREIRA DOS SANTOS [SUSSUARANA],fora do municipio (13.4 km alem da divisa)
2903508,Belo Campo,2020,177,1198,ESCOLA MUNICIPAL JOAO FERREIRA DOS SANTOS,POVOADO SUSSUARANA,POVOADO SUSSUARANA - ZONA RURAL,-41.415662,-14.973499,-41.29363,-15.102371,19.44,estabelecimento,alta,ESCOLA MUNICIPAL JOAO FERREIRA DOS SANTOS [SUSSUARANA],fora do municipio (13.4 km alem da divisa)
2903508,Belo Campo,2022,177,1198,ESCOLA MUNICIPAL JOAO FERREIRA DOS SANTOS,POVOADO SUSSUARANA,POVOADO SUSSUARANA - ZONA RURAL,-41.415662,-14.973499,-41.29363,-15.102371,19.44,estabelecimento,alta,ESCOLA MUNICIPAL JOAO FERREIRA DOS SANTOS [SUSSUARANA],fora do municipio (13.4 km alem da divisa)
2903508,Belo Campo,2024,177,1198,ESCOLA MUNICIPAL JOAO FERREIRA DOS SANTOS,POVOADO SUSSUARANA,POVOADO SUSSUARANA - ZONA RURAL,-41.415662,-14.973499,-41.29363,-15.102371,19.44,estabelecimento,alta,ESCOLA MUNICIPAL JOAO FERREIRA DOS SANTOS [SUSSUARANA],fora do municipio (13.4 km alem da divisa)
2903508,Belo Campo,2006,165,1210,ESCOLA MUNICIPAL LEONE LIMA,POVOADO TIMBO,POVOADO TIMBO - ZONA RURAL,-41.4157399,-14.9735087,-41.20093,-14.893585,24.76,localidade,media,"localidade TIMBO (140 enderecos, raio 1.8 km)",fora do municipio (13.4 km alem da divisa)
2903508,Belo Campo,2008,177,1210,ESCOLA MUNICIPAL LEONE LIMA,POVOADO TIMBO,POVOADO TIMBO - ZONA RURAL,-41.4157399,-14.9735087,-41.20093,-14.893585,24.76,localidade,media,"localidade TIMBO (140 enderecos, raio 1.8 km)",fora do municipio (13.4 km alem da divisa)
2903508,Belo Campo,2010,177,1210,ESCOLA MUNICIPAL LEONE LIMA,POVOADO TIMBO,POVOADO TIMBO - ZONA RURAL,-41.4157399,-14.9735087,-41.20093,-14.893585,24.76,localidade,media,"localidade TIMBO (140 enderecos, raio 1.8 km)",fora do municipio (13.4 km alem da divisa)
2903508,Belo Campo,2012,177,1210,ESCOLA MUNICIPAL LEONE LIMA,POVOADO TIMBO,POVOADO TIMBO - ZONA RURAL,-41.4157399,-14.9735087,-41.20093,-14.893585,24.76,localidade,media,"localidade TIMBO (140 enderecos, raio 1.8 km)",fora do municipio (13.4 km alem da divisa)
2903508,Belo Campo,2014,177,1210,ESCOLA MUNICIPAL LEONE LIMA,POVOADO TIMBO,POVOADO TIMBO - ZONA RURAL,-41.4157399,-14.9735087,-41.20093,-14.893585,24.76,localidade,media,"localidade TIMBO (140 enderecos, raio 1.8 km)",fora do municipio (13.4 km alem da divisa)
2903508,Belo Campo,2016,177,1210,ESCOLA MUNICIPAL LEONE LIMA,POVOADO TIMBO,POVOADO TIMBO - ZONA RURAL,-41.4157399,-14.9735087,-41.20093,-14.893585,24.76,localidade,media,"localidade TIMBO (140 enderecos, raio 1.8 km)",fora do municipio (13.4 km alem da divisa)
2903508,Belo Campo,2018,177,1210,ESCOLA MUNICIPAL LEONE LIMA,POVOADO TIMBO,POVOADO TIMBO - ZONA RURAL,-41.4157399,-14.9735087,-41.20093,-14.893585,24.76,localidade,media,"localidade TIMBO (140 enderecos, raio 1.8 km)",fora do municipio (13.4 km alem da divisa)
2903508,Belo Campo,2020,177,1210,ESCOLA MUNICIPAL LEONE LIMA,POVOADO TIMBO,POVOADO TIMBO - ZONA RURAL,-41.4157399,-14.9735087,-41.20093,-14.893585,24.76,localidade,media,"localidade TIMBO (140 enderecos, raio 1.8 km)",fora do municipio (13.4 km alem da divisa)
2903508,Belo Campo,2022,177,1210,ESCOLA MUNICIPAL LEONE LIMA,POVOADO TIMBO,POVOADO TIMBO - ZONA RURAL,-41.4157399,-14.9735087,-41.20093,-14.893585,24.76,localidade,media,"localidade TIMBO (140 enderecos, raio 1.8 km)",fora do municipio (13.4 km alem da divisa)
2903508,Belo Campo,2024,177,1210,ESCOLA MUNICIPAL LEONE LIMA,POVOADO TIMBO,POVOADO TIMBO - ZONA RURAL,-41.4157399,-14.9735087,-41.20093,-14.893585,24.76,localidade,media,"localidade TIMBO (140 enderecos, raio 1.8 km)",fora do municipio (13.4 km alem da divisa)
2903508,Belo Campo,2006,165,1287,ESCOLA MUNICIPAL CASTELO BRANCO,POVOADO SABIA,POVOADO SABIA - ZONA RURAL,-41.4157063,-14.973524,-41.121405,-15.095014,34.41,localidade,media,"localidade SABIA (118 enderecos, raio 1.3 km)",fora do municipio (13.4 km alem da divisa)
2903508,Belo Campo,2008,177,1287,ESCOLA MUNICIPAL CASTELO BRANCO,POVOADO SABIA,POVOADO SABIA - ZONA RURAL,-41.4157063,-14.973524,-41.121405,-15.095014,34.41,localidade,media,"localidade SABIA (118 enderecos, raio 1.3 km)",fora do municipio (13.4 km alem da divisa)
2903508,Belo Campo,2010,177,1287,ESCOLA MUNICIPAL CASTELO BRANCO,POVOADO SABIA,POVOADO SABIA - ZONA RURAL,-41.4157063,-14.973524,-41.121405,-15.095014,34.41,localidade,media,"localidade SABIA (118 enderecos, raio 1.3 km)",fora do municipio (13.4 km alem da divisa)
2903508,Belo Campo,2012,177,1287,ESCOLA MUNICIPAL CASTELO BRANCO,POVOADO SABIA,POVOADO SABIA - ZONA RURAL,-41.4157063,-14.973524,-41.121405,-15.095014,34.41,localidade,media,"localidade SABIA (118 enderecos, raio 1.3 km)",fora do municipio (13.4 km alem da divisa)
2903508,Belo Campo,2014,177,1287,ESCOLA MUNICIPAL CASTELO BRANCO,POVOADO SABIA,POVOADO SABIA - ZONA RURAL,-41.4157063,-14.973524,-41.121405,-15.095014,34.41,localidade,media,"localidade SABIA (118 enderecos, raio 1.3 km)",fora do municipio (13.4 km alem da divisa)
2903508,Belo Campo,2016,177,1287,ESCOLA MUNICIPAL CASTELO BRANCO,POVOADO SABIA,POVOADO SABIA - ZONA RURAL,-41.4157063,-14.973524,-41.121405,-15.095014,34.41,localidade,media,"localidade SABIA (118 enderecos, raio 1.3 km)",fora do municipio (13.4 km alem da divisa)
2903508,Belo Campo,2018,177,1287,ESCOLA MUNICIPAL CASTELO BRANCO,POVOADO SABIA,POVOADO SABIA - ZONA RURAL,-41.4157063,-14.973524,-41.121405,-15.095014,34.41,localidade,media,"localidade SABIA (118 enderecos, raio 1.3 km)",fora do municipio (13.4 km alem da divisa)
2903508,Belo Campo,2020,177,1287,ESCOLA MUNICIPAL CASTELO BRANCO,POVOADO SABIA,POVOADO SABIA - ZONA RURAL,-41.4157063,-14.973524,-41.121405,-15.095014,34.41,localidade,media,"localidade SABIA (118 enderecos, raio 1.3 km)",fora do municipio (13.4 km alem da divisa)
2903508,Belo Campo,2022,177,1287,ESCOLA MUNICIPAL CASTELO BRANCO,POVOADO SABIA,POVOADO SABIA - ZONA RURAL,-41.4157063,-14.973524,-41.121405,-15.095014,34.41,localidade,media,"localidade SABIA (118 enderecos, raio 1.3 km)",fora do municipio (13.4 km alem da divisa)
2903508,Belo Campo,2024,177,1287,ESCOLA MUNICIPAL CASTELO BRANCO,POVOADO SABIA,POVOADO SABIA - ZONA RURAL,-41.4157063,-14.973524,-41.121405,-15.095014,34.41,localidade,media,"localidade SABIA (118 enderecos, raio 1.3 km)",fora do municipio (13.4 km alem da divisa)
2903508,Belo Campo,2006,165,1295,ESCOLA MUNICIPAL ROBERTO SANTOS,POVOADO BELA VISTA,POVOADO BELA VISTA - ZONA RURAL,-41.4156898,-14.9735394,,,,nao corrigido,,descartado: ESCOLA DE ENSINO FUNDAMENTAL ROBERTO SANTOS [CIDADE NOVA] cairia sobre outro local (< 50 m),fora do municipio (13.4 km alem da divisa)
2903508,Belo Campo,2008,177,1295,ESCOLA MUNICIPAL ROBERTO SANTOS,POVOADO BELA VISTA,POVOADO BELA VISTA - ZONA RURAL,-41.4156898,-14.9735394,,,,nao corrigido,,descartado: ESCOLA DE ENSINO FUNDAMENTAL ROBERTO SANTOS [CIDADE NOVA] cairia sobre outro local (< 50 m),fora do municipio (13.4 km alem da divisa)
2903508,Belo Campo,2010,177,1295,ESCOLA MUNICIPAL ROBERTO SANTOS,POVOADO BELA VISTA,POVOADO BELA VISTA - ZONA RURAL,-41.4156898,-14.9735394,,,,nao corrigido,,descartado: ESCOLA DE ENSINO FUNDAMENTAL ROBERTO SANTOS [CIDADE NOVA] cairia sobre outro local (< 50 m),fora do municipio (13.4 km alem da divisa)
2903508,Belo Campo,2012,177,1295,ESCOLA MUNICIPAL ROBERTO SANTOS,POVOADO BELA VISTA,POVOADO BELA VISTA - ZONA RURAL,-41.4156898,-14.9735394,,,,nao corrigido,,descartado: ESCOLA DE ENSINO FUNDAMENTAL ROBERTO SANTOS [CIDADE NOVA] cairia sobre outro local (< 50 m),fora do municipio (13.4 km alem da divisa)
2903508,Belo Campo,2014,177,1295,ESCOLA MUNICIPAL ROBERTO SANTOS,POVOADO BELA VISTA,POVOADO BELA VISTA - ZONA RURAL,-41.4156898,-14.9735394,,,,nao corrigido,,descartado: ESCOLA DE ENSINO FUNDAMENTAL ROBERTO SANTOS [CIDADE NOVA] cairia sobre outro local (< 50 m),fora do municipio (13.4 km alem da divisa)
2903508,Belo Campo,2016,177,1295,ESCOLA MUNICIPAL ROBERTO SANTOS,POVOADO BELA VISTA,POVOADO BELA VISTA - ZONA RURAL,-41.4156898,-14.9735394,,,,nao corrigido,,descartado: ESCOLA DE ENSINO FUNDAMENTAL ROBERTO SANTOS [CIDADE NOVA] cairia sobre outro local (< 50 m),fora do municipio (13.4 km alem da divisa)
2903508,Belo Campo,2018,177,1295,ESCOLA MUNICIPAL ROBERTO SANTOS,POVOADO BELA VISTA,POVOADO BELA VISTA - ZONA RURAL,-41.4156898,-14.9735394,-41.258039,-15.029394,18.06,estabelecimento,media,ESCOLA DE ENSINO FUNDAMENTAL ROBERTO SANTOS [CIDADE NOVA],fora do municipio (13.4 km alem da divisa)
2903508,Belo Campo,2020,177,1295,ESCOLA MUNICIPAL ROBERTO SANTOS,POVOADO BELA VISTA,POVOADO BELA VISTA - ZONA RURAL,-41.4156898,-14.9735394,-41.258039,-15.029394,18.06,estabelecimento,media,ESCOLA DE ENSINO FUNDAMENTAL ROBERTO SANTOS [CIDADE NOVA],fora do municipio (13.4 km alem da divisa)
2903508,Belo Campo,2022,177,1295,ESCOLA MUNICIPAL ROBERTO SANTOS,POVOADO BELA VISTA,POVOADO BELA VISTA - ZONA RURAL,-41.4156898,-14.9735394,,,,nao corrigido,,descartado: ESCOLA DE ENSINO FUNDAMENTAL ROBERTO SANTOS [CIDADE NOVA] cairia sobre outro local (< 50 m),fora do municipio (13.4 km alem da divisa)
2903508,Belo Campo,2024,177,1295,ESCOLA MUNICIPAL ROBERTO SANTOS,POVOADO BELA VISTA,POVOADO BELA VISTA - ZONA RURAL,-41.4156898,-14.9735394,,,,nao corrigido,,descartado: ESCOLA DE ENSINO FUNDAMENTAL ROBERTO SANTOS [CIDADE NOVA] cairia sobre outro local (< 50 m),fora do municipio (13.4 km alem da divisa)
2903508,Belo Campo,2006,165,1325,ESCOLA MUNICIPAL EDVALDO FLORES,CENTRO,AVENIDA VITORIA DA CONQUISTA S/N - ZONA URBANA,-41.4168412,-14.9734426,,,,nao corrigido,,descartado: ESCOLA EDVALDO FLORES [CENTRO] cairia sobre outro local (< 50 m),fora do municipio (13.6 km alem da divisa)
2903508,Belo Campo,2008,177,1325,ESCOLA MUNICIPAL EDVALDO FLORES,CENTRO,AVENIDA VITORIA DA CONQUISTA S/N - ZONA URBANA,-41.4208102,-14.9748736,,,,nao corrigido,,descartado: ESCOLA EDVALDO FLORES [CENTRO] cairia sobre outro local (< 50 m),fora do municipio (13.9 km alem da divisa)
2903508,Belo Campo,2010,177,1325,ESCOLA MUNICIPAL EDVALDO FLORES,CENTRO,AVENIDA VITORIA DA CONQUISTA S/N - ZONA URBANA,-41.4208102,-14.9748736,,,,nao corrigido,,descartado: ESCOLA EDVALDO FLORES [CENTRO] cairia sobre outro local (< 50 m),fora do municipio (13.9 km alem da divisa)
2903508,Belo Campo,2012,177,1325,ESCOLA MUNICIPAL EDVALDO FLORES,CENTRO,AVENIDA VITORIA DA CONQUISTA S/N - ZONA URBANA,-41.4208102,-14.9748736,,,,nao corrigido,,descartado: ESCOLA EDVALDO FLORES [CENTRO] cairia sobre outro local (< 50 m),fora do municipio (13.9 km alem da divisa)
2903508,Belo Campo,2014,177,1325,ESCOLA MUNICIPAL EDVALDO FLORES,CENTRO,AVENIDA VITORIA DA CONQUISTA S/N - ZONA URBANA,-41.4208102,-14.9748736,,,,nao corrigido,,descartado: ESCOLA EDVALDO FLORES [CENTRO] cairia sobre outro local (< 50 m),fora do municipio (13.9 km alem da divisa)
2903508,Belo Campo,2016,177,1325,ESCOLA MUNICIPAL EDVALDO FLORES,CENTRO,AVENIDA VITORIA DA CONQUISTA S/N - ZONA URBANA,-41.4208102,-14.9748736,,,,nao corrigido,,descartado: ESCOLA EDVALDO FLORES [CENTRO] cairia sobre outro local (< 50 m),fora do municipio (13.9 km alem da divisa)
2903508,Belo Campo,2018,177,1325,ESCOLA MUNICIPAL EDVALDO FLORES,CENTRO,AVENIDA VITORIA DA CONQUISTA S/N - ZONA URBANA,-41.4157072,-14.9734918,,,,nao corrigido,,descartado: ESCOLA EDVALDO FLORES [CENTRO] cairia sobre outro local (< 50 m),fora do municipio (13.4 km alem da divisa)
2903508,Belo Campo,2020,177,1325,ESCOLA MUNICIPAL EDVALDO FLORES,CENTRO,AVENIDA VITORIA DA CONQUISTA S/N - ZONA URBANA,-41.4157072,-14.9734918,,,,nao corrigido,,descartado: ESCOLA EDVALDO FLORES [CENTRO] cairia sobre outro local (< 50 m),fora do municipio (13.4 km alem da divisa)
2903508,Belo Campo,2006,165,1350,ESCOLA MUNICIPAL TEODORICO ARCANJO CANTIL,POVOADO BAIXA DO PANELA,POVOADO BAIXA DO PANELA - ZONA RURAL,-41.4156923,-14.9734949,-41.147785,-14.996288,28.92,estabelecimento,media,ESCOLA MUNICIPAL TEODORICO ARCANJO CANTIL [CASA NOVA],fora do municipio (13.4 km alem da divisa)
2903508,Belo Campo,2008,177,1350,ESCOLA MUNICIPAL JOSÉ NUNES,POVOADO BAIXA DO PANELA,POVOADO DE BAIXA DO PANELA - ZONA RURAL,-41.4156923,-14.9734949,-41.110379,-15.015701,33.16,estabelecimento,alta,ESCOLA MUNICIPAL JOSE NUNES DE OLIVEIRA [BAIXA DO PANELA],fora do municipio (13.4 km alem da divisa)
2903508,Belo Campo,2010,177,1350,ESCOLA MUNICIPAL JOSÉ NUNES,POVOADO BAIXA DO PANELA,POVOADO DE BAIXA DO PANELA - ZONA RURAL,-41.4156923,-14.9734949,-41.110379,-15.015701,33.16,estabelecimento,alta,ESCOLA MUNICIPAL JOSE NUNES DE OLIVEIRA [BAIXA DO PANELA],fora do municipio (13.4 km alem da divisa)
2903508,Belo Campo,2012,177,1350,ESCOLA MUNICIPAL JOSÉ NUNES,POVOADO BAIXA DO PANELA,POVOADO DE BAIXA DO PANELA - ZONA RURAL,-41.4156923,-14.9734949,-41.110379,-15.015701,33.16,estabelecimento,alta,ESCOLA MUNICIPAL JOSE NUNES DE OLIVEIRA [BAIXA DO PANELA],fora do municipio (13.4 km alem da divisa)
2903508,Belo Campo,2014,177,1350,ESCOLA MUNICIPAL JOSÉ NUNES,POVOADO BAIXA DO PANELA,POVOADO DE BAIXA DO PANELA - ZONA RURAL,-41.4156923,-14.9734949,-41.110379,-15.015701,33.16,estabelecimento,alta,ESCOLA MUNICIPAL JOSE NUNES DE OLIVEIRA [BAIXA DO PANELA],fora do municipio (13.4 km alem da divisa)
2903508,Belo Campo,2016,177,1350,ESCOLA MUNICIPAL JOSÉ NUNES,POVOADO BAIXA DO PANELA,POVOADO DE BAIXA DO PANELA - ZONA RURAL,-41.4156923,-14.9734949,-41.110379,-15.015701,33.16,estabelecimento,alta,ESCOLA MUNICIPAL JOSE NUNES DE OLIVEIRA [BAIXA DO PANELA],fora do municipio (13.4 km alem da divisa)
2903508,Belo Campo,2018,177,1350,ESCOLA MUNICIPAL JOSÉ NUNES,POVOADO BAIXA DO PANELA,POVOADO DE BAIXA DO PANELA - ZONA RURAL,-41.4156923,-14.9734949,-41.110379,-15.015701,33.16,estabelecimento,alta,ESCOLA MUNICIPAL JOSE NUNES DE OLIVEIRA [BAIXA DO PANELA],fora do municipio (13.4 km alem da divisa)
2903508,Belo Campo,2020,177,1350,ESCOLA MUNICIPAL JOSÉ NUNES,POVOADO BAIXA DO PANELA,POVOADO DE BAIXA DO PANELA - ZONA RURAL,-41.4156923,-14.9734949,-41.110379,-15.015701,33.16,estabelecimento,alta,ESCOLA MUNICIPAL JOSE NUNES DE OLIVEIRA [BAIXA DO PANELA],fora do municipio (13.4 km alem da divisa)
2903508,Belo Campo,2022,177,1350,ESCOLA MUNICIPAL JOSÉ NUNES,POVOADO BAIXA DO PANELA,POVOADO DE BAIXA DO PANELA - ZONA RURAL,-41.4156923,-14.9734949,-41.110379,-15.015701,33.16,estabelecimento,alta,ESCOLA MUNICIPAL JOSE NUNES DE OLIVEIRA [BAIXA DO PANELA],fora do municipio (13.4 km alem da divisa)
2903508,Belo Campo,2024,177,1350,ESCOLA MUNICIPAL JOSÉ NUNES,POVOADO BAIXA DO PANELA,POVOADO DE BAIXA DO PANELA - ZONA RURAL,-41.4156923,-14.9734949,-41.110379,-15.015701,33.16,estabelecimento,alta,ESCOLA MUNICIPAL JOSE NUNES DE OLIVEIRA [BAIXA DO PANELA],fora do municipio (13.4 km alem da divisa)
2904100,Boquira,2006,65,1414,PREDIO ESCOLAR DE ARACAS,POVOADO DE ARACAS,POVOADO DE ARACAS - ZONA RURAL,-42.6986683,-12.8947033,-42.691864,-12.894315,0.74,localidade,media,"localidade ARACAS (9 enderecos, raio 0.3 km)",fora do municipio (2.1 km alem da divisa)
2904100,Boquira,2008,65,1414,PREDIO ESCOLAR DE ARACAS,POVOADO DE ARACAS,POVOADO DE ARACAS - ZONA RURAL,-42.6986683,-12.8947033,-42.691864,-12.894315,0.74,localidade,media,"localidade ARACAS (9 enderecos, raio 0.3 km)",fora do municipio (2.1 km alem da divisa)
2904100,Boquira,2012,65,1414,PREDIO ESCOLAR DE ARACAS,POVOADO DE ARACAS,POVOADO DE ARACAS - ZONA RURAL,-42.6986683,-12.8947033,-42.691864,-12.894315,0.74,localidade,media,"localidade ARACAS (9 enderecos, raio 0.3 km)",fora do municipio (2.1 km alem da divisa)
2904100,Boquira,2014,65,1414,PREDIO ESCOLAR DE ARACAS,POVOADO DE ARACAS,POVOADO DE ARACAS - ZONA RURAL,-42.6986683,-12.8947033,-42.691864,-12.894315,0.74,localidade,media,"localidade ARACAS (9 enderecos, raio 0.3 km)",fora do municipio (2.1 km alem da divisa)
2904100,Boquira,2016,65,1414,PREDIO ESCOLAR DE ARACAS,POVOADO DE ARACAS,POVOADO DE ARACAS - ZONA RURAL,-42.6986683,-12.8947033,-42.691864,-12.894315,0.74,localidade,media,"localidade ARACAS (9 enderecos, raio 0.3 km)",fora do municipio (2.1 km alem da divisa)
2904100,Boquira,2018,65,1414,PREDIO ESCOLAR DE ARACAS,POVOADO DE ARACAS,POVOADO DE ARACAS - ZONA RURAL,-42.6986683,-12.8947033,-42.691864,-12.894315,0.74,localidade,media,"localidade ARACAS (9 enderecos, raio 0.3 km)",fora do municipio (2.1 km alem da divisa)
2904100,Boquira,2020,65,1414,PREDIO ESCOLAR DE ARACAS,POVOADO DE ARACAS,POVOADO DE ARACAS - ZONA RURAL,-42.6986683,-12.8947033,-42.691864,-12.894315,0.74,localidade,media,"localidade ARACAS (9 enderecos, raio 0.3 km)",fora do municipio (2.1 km alem da divisa)
2904100,Boquira,2022,65,1414,PREDIO ESCOLAR DE ARACAS,POVOADO DE ARACAS,POVOADO DE ARACAS - ZONA RURAL,-42.6986683,-12.8947033,-42.691864,-12.894315,0.74,localidade,media,"localidade ARACAS (9 enderecos, raio 0.3 km)",fora do municipio (2.1 km alem da divisa)
2904100,Boquira,2024,65,1414,PREDIO ESCOLAR DE ARACAS,POVOADO ARAÇAS,POVOADO DE ARACAS - ZONA RURAL,-42.6986683,-12.8947033,-42.691864,-12.894315,0.74,localidade,media,"localidade ARACAS (9 enderecos, raio 0.3 km)",fora do municipio (2.1 km alem da divisa)
2904100,Boquira,2006,65,1473,PREDIO ESCOLAR MUNICIPAL DE SOBRADO,POVOADO DE SOBRADO,POVOADO DE SOBRADO - ZONA RURAL,-42.9088727,-12.7219684,,,,nao corrigido,,sem correspondencia no CNEFE,fora do municipio (3.3 km alem da divisa)
2904100,Boquira,2008,65,1473,PREDIO ESCOLAR MUNICIPAL DE SOBRADO,POVOADO DE SOBRADO,POVOADO DE SOBRADO - ZONA RURAL,-42.9088727,-12.7219684,,,,nao corrigido,,sem correspondencia no CNEFE,fora do municipio (3.3 km alem da divisa)
2904100,Boquira,2010,65,1473,PREDIO ESCOLAR MUNICIPAL DE SOBRADO,POVOADO DE SOBRADO,POVOADO DE SOBRADO - ZONA RURAL,-42.9088727,-12.7219684,,,,nao corrigido,,sem correspondencia no CNEFE,fora do municipio (3.3 km alem da divisa)
2904100,Boquira,2012,65,1473,PREDIO ESCOLAR MUNICIPAL DE SOBRADO,POVOADO DE SOBRADO,POVOADO DE SOBRADO - ZONA RURAL,-42.9088727,-12.7219684,,,,nao corrigido,,sem correspondencia no CNEFE,fora do municipio (3.3 km alem da divisa)
2904100,Boquira,2014,65,1473,PREDIO ESCOLAR MUNICIPAL DE SOBRADO,POVOADO DE SOBRADO,POVOADO DE SOBRADO - ZONA RURAL,-42.9088727,-12.7219684,,,,nao corrigido,,sem correspondencia no CNEFE,fora do municipio (3.3 km alem da divisa)
2904100,Boquira,2016,65,1473,PREDIO ESCOLAR MUNICIPAL DE SOBRADO,POVOADO DE SOBRADO,POVOADO DE SOBRADO - ZONA RURAL,-42.9088727,-12.7219684,,,,nao corrigido,,sem correspondencia no CNEFE,fora do municipio (3.3 km alem da divisa)
2904100,Boquira,2018,65,1473,PREDIO ESCOLAR MUNICIPAL DE SOBRADO,POVOADO DE SOBRADO,POVOADO DE SOBRADO - ZONA RURAL,-42.9088727,-12.7219684,,,,nao corrigido,,sem correspondencia no CNEFE,fora do municipio (3.3 km alem da divisa)
2904100,Boquira,2020,65,1473,PREDIO ESCOLAR MUNICIPAL DE SOBRADO,POVOADO DE SOBRADO,POVOADO DE SOBRADO - ZONA RURAL,-42.9088727,-12.7219684,,,,nao corrigido,,sem correspondencia no CNEFE,fora do municipio (3.3 km alem da divisa)
2904100,Boquira,2022,65,1473,PREDIO ESCOLAR MUNICIPAL DE SOBRADO,POVOADO DE SOBRADO,POVOADO DE SOBRADO - ZONA RURAL,-42.9088727,-12.7219684,,,,nao corrigido,,sem correspondencia no CNEFE,fora do municipio (3.3 km alem da divisa)
2904100,Boquira,2024,65,1473,PREDIO ESCOLAR MUNICIPAL DE SOBRADO,POVOADO SOBRADO,POVOADO DE SOBRADO - ZONA RURAL,-42.9088727,-12.7219684,,,,nao corrigido,,sem correspondencia no CNEFE,fora do municipio (3.3 km alem da divisa)
2904100,Boquira,2010,65,5885,PREDIO ESCOLAR DE ARACAS,POVOADO DE ARACAS,POVOADO DE ARACAS - ZONA RURAL,-42.6986683,-12.8947033,-42.691864,-12.894315,0.74,localidade,media,"localidade ARACAS (9 enderecos, raio 0.3 km)",fora do municipio (2.1 km alem da divisa)
3108602,Brasília de Minas,2006,50,1139,ESCOLA MUNICIPAL SANTA LUCIA,ZONA RURAL,FAZENDA SUCURIU I,-43.7908453,-17.930178,-44.418446,-16.318846,191.4,localidade,media,"localidade SUCURIU 2 (28 enderecos, raio 1.0 km)",fora do municipio (179.4 km alem da divisa)
3108602,Brasília de Minas,2008,50,1139,ESCOLA MUNICIPAL SANTA LUCIA,ZONA RURAL,FAZENDA SUCURIU I,-43.7908453,-17.930178,-44.418446,-16.318846,191.4,localidade,media,"localidade SUCURIU 2 (28 enderecos, raio 1.0 km)",fora do municipio (179.4 km alem da divisa)
3108602,Brasília de Minas,2010,50,1139,ESCOLA MUNICIPAL SANTA LUCIA,ZONA RURAL,FAZENDA SUCURIU I,-43.7908453,-17.930178,-44.418446,-16.318846,191.4,localidade,media,"localidade SUCURIU 2 (28 enderecos, raio 1.0 km)",fora do municipio (179.4 km alem da divisa)
3108602,Brasília de Minas,2012,50,1139,ESCOLA MUNICIPAL SANTA LUCIA,ZONA RURAL,FAZENDA SUCURIU I,-43.7908453,-17.930178,-44.418446,-16.318846,191.4,localidade,media,"localidade SUCURIU 2 (28 enderecos, raio 1.0 km)",fora do municipio (179.4 km alem da divisa)
3108602,Brasília de Minas,2014,50,1139,ESCOLA MUNICIPAL SANTA LUCIA,ZONA RURAL,FAZENDA SUCURIU I,-43.7908453,-17.930178,-44.418446,-16.318846,191.4,localidade,media,"localidade SUCURIU 2 (28 enderecos, raio 1.0 km)",fora do municipio (179.4 km alem da divisa)
3108602,Brasília de Minas,2016,50,1139,ESCOLA MUNICIPAL SANTA LUCIA,ZONA RURAL,FAZENDA SUCURIU I,-43.7908453,-17.930178,-44.418446,-16.318846,191.4,localidade,media,"localidade SUCURIU 2 (28 enderecos, raio 1.0 km)",fora do municipio (179.4 km alem da divisa)
3108602,Brasília de Minas,2018,50,1139,ESCOLA MUNICIPAL SANTA LUCIA,ZONA RURAL,FAZENDA SUCURIU I,-43.7908453,-17.930178,-44.418446,-16.318846,191.4,localidade,media,"localidade SUCURIU 2 (28 enderecos, raio 1.0 km)",fora do municipio (179.4 km alem da divisa)
3108602,Brasília de Minas,2020,50,1139,ESCOLA MUNICIPAL SANTA LUCIA,ZONA RURAL,FAZENDA SUCURIU I,-43.7908453,-17.930178,-44.418446,-16.318846,191.4,localidade,media,"localidade SUCURIU 2 (28 enderecos, raio 1.0 km)",fora do municipio (179.4 km alem da divisa)
3108602,Brasília de Minas,2022,50,1139,ESCOLA MUNICIPAL SANTA LUCIA,ZONA RURAL,FAZENDA SUCURIU I,-43.7908453,-17.930178,-44.418446,-16.318846,191.4,localidade,media,"localidade SUCURIU 2 (28 enderecos, raio 1.0 km)",fora do municipio (179.4 km alem da divisa)
3108602,Brasília de Minas,2024,50,1139,ESCOLA MUNICIPAL SANTA LUCIA,ZONA RURAL,FAZENDA SUCURIU I           ,-43.7908453,-17.930178,-44.418446,-16.318846,191.4,localidade,media,"localidade SUCURIU 2 (28 enderecos, raio 1.0 km)",fora do municipio (179.4 km alem da divisa)
3108602,Brasília de Minas,2006,50,1279,ASSOCIAÇÃO COMUNITÁRIA DO BURITIZINHO,ZONA RURAL,POVOADO DE BURITIZINHO,-43.7908453,-17.930178,-44.332288,-16.045871,217.54,estabelecimento,alta,ASSOCIACAO BURITIZINHO [BURITIZINHO],fora do municipio (179.4 km alem da divisa)
3108602,Brasília de Minas,2008,50,1279,ASSOCIAÇÃO COMUNITÁRIA DO BURITIZINHO,ZONA RURAL,POVOADO DE BURITIZINHO,-43.7908453,-17.930178,-44.332288,-16.045871,217.54,estabelecimento,alta,ASSOCIACAO BURITIZINHO [BURITIZINHO],fora do municipio (179.4 km alem da divisa)
3108602,Brasília de Minas,2010,50,1279,ASSOCIAÇÃO COMUNITÁRIA DO BURITIZINHO,ZONA RURAL,POVOADO DE BURITIZINHO,-43.7908453,-17.930178,-44.332288,-16.045871,217.54,estabelecimento,alta,ASSOCIACAO BURITIZINHO [BURITIZINHO],fora do municipio (179.4 km alem da divisa)
3108602,Brasília de Minas,2012,50,1279,ASSOCIAÇÃO COMUNITÁRIA DO BURITIZINHO,ZONA RURAL,POVOADO DE BURITIZINHO,-43.7908453,-17.930178,-44.332288,-16.045871,217.54,estabelecimento,alta,ASSOCIACAO BURITIZINHO [BURITIZINHO],fora do municipio (179.4 km alem da divisa)
3108602,Brasília de Minas,2014,50,1279,ASSOCIAÇÃO COMUNITÁRIA DO BURITIZINHO,ZONA RURAL,POVOADO DE BURITIZINHO,-43.7908453,-17.930178,-44.332288,-16.045871,217.54,estabelecimento,alta,ASSOCIACAO BURITIZINHO [BURITIZINHO],fora do municipio (179.4 km alem da divisa)
3108602,Brasília de Minas,2016,50,1279,ASSOCIAÇÃO COMUNITÁRIA DO BURITIZINHO,ZONA RURAL,POVOADO DE BURITIZINHO,-43.7908453,-17.930178,-44.332288,-16.045871,217.54,estabelecimento,alta,ASSOCIACAO BURITIZINHO [BURITIZINHO],fora do municipio (179.4 km alem da divisa)
3108602,Brasília de Minas,2018,50,1279,ASSOCIAÇÃO COMUNITÁRIA DO BURITIZINHO,ZONA RURAL,POVOADO DE BURITIZINHO,-43.7908453,-17.930178,-44.332288,-16.045871,217.54,estabelecimento,alta,ASSOCIACAO BURITIZINHO [BURITIZINHO],fora do municipio (179.4 km alem da divisa)
3108602,Brasília de Minas,2020,50,1279,ASSOCIAÇÃO COMUNITÁRIA DO BURITIZINHO,ZONA RURAL,POVOADO DE BURITIZINHO,-43.7908453,-17.930178,-44.332288,-16.045871,217.54,estabelecimento,alta,ASSOCIACAO BURITIZINHO [BURITIZINHO],fora do municipio (179.4 km alem da divisa)
3108602,Brasília de Minas,2022,50,1279,ASSOCIAÇÃO COMUNITÁRIA DO BURITIZINHO,ZONA RURAL,POVOADO DE BURITIZINHO,-43.7908453,-17.930178,-44.332288,-16.045871,217.54,estabelecimento,alta,ASSOCIACAO BURITIZINHO [BURITIZINHO],fora do municipio (179.4 km alem da divisa)
3108602,Brasília de Minas,2024,50,1279,ASSOCIAÇÃO COMUNITÁRIA DO BURITIZINHO,ZONA RURAL,POVOADO DE BURITIZINHO,-43.7908453,-17.930178,-44.332288,-16.045871,217.54,estabelecimento,alta,ASSOCIACAO BURITIZINHO [BURITIZINHO],fora do municipio (179.4 km alem da divisa)
3108602,Brasília de Minas,2006,50,1422,ESCOLA MUNICIPAL SAO PEDRO,ZONA RURAL,FAZENDA RIBEIRO ESTREITO,-43.7908453,-17.930178,-44.4809007,-16.0791375,218.76,escola_inep,media,"INEP: EM SAO PEDRO [FAZENDA RIBEIRAO ESTREITO, 39330-000 Brasíli]",fora do municipio (179.4 km alem da divisa)
3108602,Brasília de Minas,2008,50,1422,ESCOLA MUNICIPAL SAO PEDRO,ZONA RURAL,FAZENDA RIBEIRO ESTREITO,-43.7908453,-17.930178,-44.4809007,-16.0791375,218.76,escola_inep,media,"INEP: EM SAO PEDRO [FAZENDA RIBEIRAO ESTREITO, 39330-000 Brasíli]",fora do municipio (179.4 km alem da divisa)
3108602,Brasília de Minas,2010,50,1422,ESCOLA MUNICIPAL SAO PEDRO,ZONA RURAL,FAZENDA RIBEIRO ESTREITO,-43.7908453,-17.930178,-44.4809007,-16.0791375,218.76,escola_inep,media,"INEP: EM SAO PEDRO [FAZENDA RIBEIRAO ESTREITO, 39330-000 Brasíli]",fora do municipio (179.4 km alem da divisa)
3108602,Brasília de Minas,2012,50,1422,ESCOLA MUNICIPAL SAO PEDRO,ZONA RURAL,FAZENDA RIBEIRO ESTREITO,-43.7908453,-17.930178,-44.4809007,-16.0791375,218.76,escola_inep,media,"INEP: EM SAO PEDRO [FAZENDA RIBEIRAO ESTREITO, 39330-000 Brasíli]",fora do municipio (179.4 km alem da divisa)
3108602,Brasília de Minas,2014,50,1422,ESCOLA MUNICIPAL SAO PEDRO,ZONA RURAL,FAZENDA RIBEIRO ESTREITO,-43.7908453,-17.930178,-44.4809007,-16.0791375,218.76,escola_inep,media,"INEP: EM SAO PEDRO [FAZENDA RIBEIRAO ESTREITO, 39330-000 Brasíli]",fora do municipio (179.4 km alem da divisa)
3108602,Brasília de Minas,2016,50,1422,ESCOLA MUNICIPAL SAO PEDRO,ZONA RURAL,FAZENDA RIBEIRO ESTREITO,-43.7908453,-17.930178,-44.4809007,-16.0791375,218.76,escola_inep,media,"INEP: EM SAO PEDRO [FAZENDA RIBEIRAO ESTREITO, 39330-000 Brasíli]",fora do municipio (179.4 km alem da divisa)
3108602,Brasília de Minas,2018,50,1422,ESCOLA MUNICIPAL SAO PEDRO,ZONA RURAL,FAZENDA RIBEIRO ESTREITO,-43.7908453,-17.930178,-44.4809007,-16.0791375,218.76,escola_inep,media,"INEP: EM SAO PEDRO [FAZENDA RIBEIRAO ESTREITO, 39330-000 Brasíli]",fora do municipio (179.4 km alem da divisa)
3108602,Brasília de Minas,2020,50,1422,ESCOLA MUNICIPAL SAO PEDRO,ZONA RURAL,FAZENDA RIBEIRO ESTREITO,-43.7908453,-17.930178,-44.4809007,-16.0791375,218.76,escola_inep,media,"INEP: EM SAO PEDRO [FAZENDA RIBEIRAO ESTREITO, 39330-000 Brasíli]",fora do municipio (179.4 km alem da divisa)
3108602,Brasília de Minas,2022,50,1422,ESCOLA MUNICIPAL SAO PEDRO,ZONA RURAL,FAZENDA RIBEIRO ESTREITO,-43.7908453,-17.930178,-44.4809007,-16.0791375,218.76,escola_inep,media,"INEP: EM SAO PEDRO [FAZENDA RIBEIRAO ESTREITO, 39330-000 Brasíli]",fora do municipio (179.4 km alem da divisa)
3108602,Brasília de Minas,2024,50,1422,ESCOLA MUNICIPAL SAO PEDRO,ZONA RURAL,FAZENDA RIBEIRO ESTREITO                              ,-43.7908453,-17.930178,-44.4809007,-16.0791375,218.76,escola_inep,media,"INEP: EM SAO PEDRO [FAZENDA RIBEIRAO ESTREITO, 39330-000 Brasíli]",fora do municipio (179.4 km alem da divisa)
3108602,Brasília de Minas,2006,50,1449,ESCOLA MUNICIPAL BOM JESUS,ZONA RURAL,FAZENDA MIMOSO,-43.7908453,-17.930178,-44.317135,-16.110431,210.18,estabelecimento,alta,ESCOLA MUNICIPAL BOM JESUS [MIMOSO],fora do municipio (179.4 km alem da divisa)
3108602,Brasília de Minas,2008,50,1449,ESCOLA MUNICIPAL BOM JESUS,ZONA RURAL,FAZENDA MIMOSO,-43.7908453,-17.930178,-44.317135,-16.110431,210.18,estabelecimento,alta,ESCOLA MUNICIPAL BOM JESUS [MIMOSO],fora do municipio (179.4 km alem da divisa)
3108602,Brasília de Minas,2010,50,1449,ESCOLA MUNICIPAL BOM JESUS,ZONA RURAL,FAZENDA MIMOSO,-43.7908453,-17.930178,-44.317135,-16.110431,210.18,estabelecimento,alta,ESCOLA MUNICIPAL BOM JESUS [MIMOSO],fora do municipio (179.4 km alem da divisa)
3108602,Brasília de Minas,2012,50,1449,ESCOLA MUNICIPAL BOM JESUS,ZONA RURAL,FAZENDA MIMOSO,-43.7908453,-17.930178,-44.317135,-16.110431,210.18,estabelecimento,alta,ESCOLA MUNICIPAL BOM JESUS [MIMOSO],fora do municipio (179.4 km alem da divisa)
3108602,Brasília de Minas,2014,50,1449,ESCOLA MUNICIPAL BOM JESUS,ZONA RURAL,FAZENDA MIMOSO,-43.7908453,-17.930178,-44.317135,-16.110431,210.18,estabelecimento,alta,ESCOLA MUNICIPAL BOM JESUS [MIMOSO],fora do municipio (179.4 km alem da divisa)
3108602,Brasília de Minas,2016,50,1449,ESCOLA MUNICIPAL BOM JESUS,ZONA RURAL,FAZENDA MIMOSO,-43.7908453,-17.930178,-44.317135,-16.110431,210.18,estabelecimento,alta,ESCOLA MUNICIPAL BOM JESUS [MIMOSO],fora do municipio (179.4 km alem da divisa)
3108602,Brasília de Minas,2018,50,1449,ESCOLA MUNICIPAL BOM JESUS,ZONA RURAL,FAZENDA MIMOSO,-43.7908453,-17.930178,-44.317135,-16.110431,210.18,estabelecimento,alta,ESCOLA MUNICIPAL BOM JESUS [MIMOSO],fora do municipio (179.4 km alem da divisa)
3108602,Brasília de Minas,2020,50,1449,ESCOLA MUNICIPAL BOM JESUS,ZONA RURAL,FAZENDA MIMOSO,-43.7908453,-17.930178,-44.317135,-16.110431,210.18,estabelecimento,alta,ESCOLA MUNICIPAL BOM JESUS [MIMOSO],fora do municipio (179.4 km alem da divisa)
3108602,Brasília de Minas,2022,50,1449,ESCOLA MUNICIPAL BOM JESUS,ZONA RURAL,FAZENDA MIMOSO,-43.7908453,-17.930178,-44.317135,-16.110431,210.18,estabelecimento,alta,ESCOLA MUNICIPAL BOM JESUS [MIMOSO],fora do municipio (179.4 km alem da divisa)
3108602,Brasília de Minas,2024,50,1449,ESCOLA MUNICIPAL BOM JESUS,ZONA RURAL,FAZENDA MIMOSO                              ,-43.7908453,-17.930178,-44.317135,-16.110431,210.18,estabelecimento,alta,ESCOLA MUNICIPAL BOM JESUS [MIMOSO],fora do municipio (179.4 km alem da divisa)
3108602,Brasília de Minas,2006,50,1457,ESCOLA MUNICIPAL FLOR DO CAMPO,ZONA RURAL,FAZENDA MULUNGU,-43.7908453,-17.930178,-44.548649,-16.365623,191.92,estabelecimento,media,ESCOLA MUNICIPAL FLOR DO CAMPO [GARGELO],fora do municipio (179.4 km alem da divisa)
3108602,Brasília de Minas,2008,50,1457,ESCOLA MUNICIPAL FLOR DO CAMPO,ZONA RURAL,FAZENDA MULUNGU,-43.7908453,-17.930178,-44.548649,-16.365623,191.92,estabelecimento,media,ESCOLA MUNICIPAL FLOR DO CAMPO [GARGELO],fora do municipio (179.4 km alem da divisa)
3108602,Brasília de Minas,2010,50,1457,ESCOLA MUNICIPAL FLOR DO CAMPO,ZONA RURAL,FAZENDA MULUNGU,-43.7908453,-17.930178,-44.548649,-16.365623,191.92,estabelecimento,media,ESCOLA MUNICIPAL FLOR DO CAMPO [GARGELO],fora do municipio (179.4 km alem da divisa)
3108602,Brasília de Minas,2012,50,1457,ESCOLA MUNICIPAL FLOR DO CAMPO,ZONA RURAL,FAZENDA MULUNGU,-43.7908453,-17.930178,-44.548649,-16.365623,191.92,estabelecimento,media,ESCOLA MUNICIPAL FLOR DO CAMPO [GARGELO],fora do municipio (179.4 km alem da divisa)
3108602,Brasília de Minas,2014,50,1457,ESCOLA MUNICIPAL FLOR DO CAMPO,ZONA RURAL,FAZENDA MULUNGU,-43.7908453,-17.930178,-44.548649,-16.365623,191.92,estabelecimento,media,ESCOLA MUNICIPAL FLOR DO CAMPO [GARGELO],fora do municipio (179.4 km alem da divisa)
3108602,Brasília de Minas,2016,50,1457,ESCOLA MUNICIPAL FLOR DO CAMPO,ZONA RURAL,FAZENDA MULUNGU,-43.7908453,-17.930178,-44.548649,-16.365623,191.92,estabelecimento,media,ESCOLA MUNICIPAL FLOR DO CAMPO [GARGELO],fora do municipio (179.4 km alem da divisa)
3108602,Brasília de Minas,2018,50,1457,ESCOLA MUNICIPAL FLOR DO CAMPO,ZONA RURAL,FAZENDA MULUNGU,-43.7908453,-17.930178,-44.548649,-16.365623,191.92,estabelecimento,media,ESCOLA MUNICIPAL FLOR DO CAMPO [GARGELO],fora do municipio (179.4 km alem da divisa)
3108602,Brasília de Minas,2020,50,1457,ESCOLA MUNICIPAL FLOR DO CAMPO,ZONA RURAL,FAZENDA MULUNGU,-43.7908453,-17.930178,-44.548649,-16.365623,191.92,estabelecimento,media,ESCOLA MUNICIPAL FLOR DO CAMPO [GARGELO],fora do municipio (179.4 km alem da divisa)
3108602,Brasília de Minas,2022,50,1457,ESCOLA MUNICIPAL FLOR DO CAMPO,ZONA RURAL,FAZENDA MULUNGU,-43.7908453,-17.930178,-44.548649,-16.365623,191.92,estabelecimento,media,ESCOLA MUNICIPAL FLOR DO CAMPO [GARGELO],fora do municipio (179.4 km alem da divisa)
3108602,Brasília de Minas,2024,50,1457,ESCOLA MUNICIPAL FLOR DO CAMPO,ZONA RURAL,FAZENDA MULUNGU                              ,-43.7908453,-17.930178,-44.548649,-16.365623,191.92,estabelecimento,media,ESCOLA MUNICIPAL FLOR DO CAMPO [GARGELO],fora do municipio (179.4 km alem da divisa)
3108602,Brasília de Minas,2006,50,1481,PREDIO DA ASSOCIAÇÃO COMUNITÁRIA DA LAGOINHA I,ZONA RURAL,FAZENDA LAGOINHA I,-43.7908453,-17.930178,-44.283591,-16.069682,213.65,localidade,media,"localidade LAGOINHA I (32 enderecos, raio 1.8 km)",fora do municipio (179.4 km alem da divisa)
3108602,Brasília de Minas,2008,50,1481,PREDIO DA ASSOCIAÇÃO COMUNITÁRIA DA LAGOINHA I,ZONA RURAL,FAZENDA LAGOINHA I,-43.7908453,-17.930178,-44.283591,-16.069682,213.65,localidade,media,"localidade LAGOINHA I (32 enderecos, raio 1.8 km)",fora do municipio (179.4 km alem da divisa)
3108602,Brasília de Minas,2010,50,1481,PREDIO DA ASSOCIAÇÃO COMUNITÁRIA DA LAGOINHA I,ZONA RURAL,FAZENDA LAGOINHA I,-43.7908453,-17.930178,-44.283591,-16.069682,213.65,localidade,media,"localidade LAGOINHA I (32 enderecos, raio 1.8 km)",fora do municipio (179.4 km alem da divisa)
3108602,Brasília de Minas,2012,50,1481,PREDIO DA ASSOCIAÇÃO COMUNITÁRIA DA LAGOINHA I,ZONA RURAL,FAZENDA LAGOINHA I,-43.7908453,-17.930178,-44.283591,-16.069682,213.65,localidade,media,"localidade LAGOINHA I (32 enderecos, raio 1.8 km)",fora do municipio (179.4 km alem da divisa)
3108602,Brasília de Minas,2014,50,1481,PREDIO DA ASSOCIAÇÃO COMUNITÁRIA DA LAGOINHA I,ZONA RURAL,FAZENDA LAGOINHA I,-43.7908453,-17.930178,-44.283591,-16.069682,213.65,localidade,media,"localidade LAGOINHA I (32 enderecos, raio 1.8 km)",fora do municipio (179.4 km alem da divisa)
3108602,Brasília de Minas,2016,50,1481,PREDIO DA ASSOCIAÇÃO COMUNITÁRIA DA LAGOINHA I,ZONA RURAL,FAZENDA LAGOINHA I,-43.7908453,-17.930178,-44.283591,-16.069682,213.65,localidade,media,"localidade LAGOINHA I (32 enderecos, raio 1.8 km)",fora do municipio (179.4 km alem da divisa)
3108602,Brasília de Minas,2018,50,1481,PREDIO DA ASSOCIAÇÃO COMUNITÁRIA DA LAGOINHA I,ZONA RURAL,FAZENDA LAGOINHA I,-43.7908453,-17.930178,-44.283591,-16.069682,213.65,localidade,media,"localidade LAGOINHA I (32 enderecos, raio 1.8 km)",fora do municipio (179.4 km alem da divisa)
3108602,Brasília de Minas,2020,50,1481,PREDIO DA ASSOCIAÇÃO COMUNITÁRIA DA LAGOINHA I,ZONA RURAL,FAZENDA LAGOINHA I,-43.7908453,-17.930178,-44.283591,-16.069682,213.65,localidade,media,"localidade LAGOINHA I (32 enderecos, raio 1.8 km)",fora do municipio (179.4 km alem da divisa)
3108602,Brasília de Minas,2022,50,1481,PREDIO DA ASSOCIAÇÃO COMUNITÁRIA DA LAGOINHA I,ZONA RURAL,FAZENDA LAGOINHA I,-43.7908453,-17.930178,-44.283591,-16.069682,213.65,localidade,media,"localidade LAGOINHA I (32 enderecos, raio 1.8 km)",fora do municipio (179.4 km alem da divisa)
3108602,Brasília de Minas,2024,50,1481,PREDIO DA ASSOCIAÇÃO COMUNITÁRIA DA LAGOINHA I,ZONA RURAL,FAZENDA LAGOINHA I,-43.7908453,-17.930178,-44.283591,-16.069682,213.65,localidade,media,"localidade LAGOINHA I (32 enderecos, raio 1.8 km)",fora do municipio (179.4 km alem da divisa)
3108602,Brasília de Minas,2006,50,1490,ESCOLA MUNICIPAL SANTA TEREZA,ZONA RURAL,FAZENDA SANTA TEREZA,-43.7908453,-17.930178,-44.474366,-16.265683,199.05,estabelecimento,media,ESCOLA SANTA TEREZA [FAZENDA SANTA TERESA],fora do municipio (179.4 km alem da divisa)
3108602,Brasília de Minas,2008,50,1490,ESCOLA MUNICIPAL SANTA TEREZA,ZONA RURAL,FAZENDA SANTA TEREZA,-43.7908453,-17.930178,-44.474366,-16.265683,199.05,estabelecimento,media,ESCOLA SANTA TEREZA [FAZENDA SANTA TERESA],fora do municipio (179.4 km alem da divisa)
3108602,Brasília de Minas,2010,50,1490,ESCOLA MUNICIPAL SANTA TEREZA,ZONA RURAL,FAZENDA SANTA TEREZA,-43.7908453,-17.930178,-44.474366,-16.265683,199.05,estabelecimento,media,ESCOLA SANTA TEREZA [FAZENDA SANTA TERESA],fora do municipio (179.4 km alem da divisa)
3108602,Brasília de Minas,2012,50,1490,ESCOLA MUNICIPAL SANTA TEREZA,ZONA RURAL,FAZENDA SANTA TEREZA,-43.7908453,-17.930178,-44.474366,-16.265683,199.05,estabelecimento,media,ESCOLA SANTA TEREZA [FAZENDA SANTA TERESA],fora do municipio (179.4 km alem da divisa)
3108602,Brasília de Minas,2014,50,1490,ESCOLA MUNICIPAL SANTA TEREZA,ZONA RURAL,FAZENDA SANTA TEREZA,-43.7908453,-17.930178,-44.474366,-16.265683,199.05,estabelecimento,media,ESCOLA SANTA TEREZA [FAZENDA SANTA TERESA],fora do municipio (179.4 km alem da divisa)
3108602,Brasília de Minas,2016,50,1490,ESCOLA MUNICIPAL SANTA TEREZA,ZONA RURAL,FAZENDA SANTA TEREZA,-43.7908453,-17.930178,-44.474366,-16.265683,199.05,estabelecimento,media,ESCOLA SANTA TEREZA [FAZENDA SANTA TERESA],fora do municipio (179.4 km alem da divisa)
3108602,Brasília de Minas,2018,50,1490,ESCOLA MUNICIPAL SANTA TEREZA,ZONA RURAL,FAZENDA SANTA TEREZA,-43.7908453,-17.930178,-44.474366,-16.265683,199.05,estabelecimento,media,ESCOLA SANTA TEREZA [FAZENDA SANTA TERESA],fora do municipio (179.4 km alem da divisa)
3108602,Brasília de Minas,2020,50,1490,ESCOLA MUNICIPAL SANTA TEREZA,ZONA RURAL,FAZENDA SANTA TEREZA,-43.7908453,-17.930178,-44.474366,-16.265683,199.05,estabelecimento,media,ESCOLA SANTA TEREZA [FAZENDA SANTA TERESA],fora do municipio (179.4 km alem da divisa)
3108602,Brasília de Minas,2022,50,1490,ESCOLA MUNICIPAL SANTA TEREZA,ZONA RURAL,FAZENDA SANTA TEREZA,-43.7908453,-17.930178,-44.474366,-16.265683,199.05,estabelecimento,media,ESCOLA SANTA TEREZA [FAZENDA SANTA TERESA],fora do municipio (179.4 km alem da divisa)
3108602,Brasília de Minas,2024,50,1490,ESCOLA MUNICIPAL SANTA TEREZA,ZONA RURAL,FAZENDA SANTA TEREZA,-43.7908453,-17.930178,-44.474366,-16.265683,199.05,estabelecimento,media,ESCOLA SANTA TEREZA [FAZENDA SANTA TERESA],fora do municipio (179.4 km alem da divisa)
3108602,Brasília de Minas,2006,50,1562,ESCOLA MUNICIPAL SANTA TEREZINHA,ZONA RURAL,FAZENDA BAMBURRAL,-43.7908453,-17.930178,-44.487168,-16.110258,215.73,estabelecimento,media,ESCOLA M SANTA TEREZINHA [BOA SORTE],fora do municipio (179.4 km alem da divisa)
3108602,Brasília de Minas,2008,50,1562,ESCOLA MUNICIPAL SANTA TEREZINHA,ZONA RURAL,FAZENDA BAMBURRAL,-43.7908453,-17.930178,-44.487168,-16.110258,215.73,estabelecimento,media,ESCOLA M SANTA TEREZINHA [BOA SORTE],fora do municipio (179.4 km alem da divisa)
3108602,Brasília de Minas,2010,50,1562,ESCOLA MUNICIPAL SANTA TEREZINHA,ZONA RURAL,FAZENDA BAMBURRAL,-43.7908453,-17.930178,-44.487168,-16.110258,215.73,estabelecimento,media,ESCOLA M SANTA TEREZINHA [BOA SORTE],fora do municipio (179.4 km alem da divisa)
3108602,Brasília de Minas,2012,50,1562,ESCOLA MUNICIPAL SANTA TEREZINHA,ZONA RURAL,FAZENDA BAMBURRAL,-43.7908453,-17.930178,-44.487168,-16.110258,215.73,estabelecimento,media,ESCOLA M SANTA TEREZINHA [BOA SORTE],fora do municipio (179.4 km alem da divisa)
3108602,Brasília de Minas,2014,50,1562,ESCOLA MUNICIPAL SANTA TEREZINHA,ZONA RURAL,FAZENDA BAMBURRAL,-43.7908453,-17.930178,-44.487168,-16.110258,215.73,estabelecimento,media,ESCOLA M SANTA TEREZINHA [BOA SORTE],fora do municipio (179.4 km alem da divisa)
3108602,Brasília de Minas,2016,50,1562,ESCOLA MUNICIPAL SANTA TEREZINHA,ZONA RURAL,FAZENDA BAMBURRAL,-43.7908453,-17.930178,-44.487168,-16.110258,215.73,estabelecimento,media,ESCOLA M SANTA TEREZINHA [BOA SORTE],fora do municipio (179.4 km alem da divisa)
3108602,Brasília de Minas,2018,50,1562,ESCOLA MUNICIPAL SANTA TEREZINHA,ZONA RURAL,FAZENDA BAMBURRAL,-43.7908453,-17.930178,-44.487168,-16.110258,215.73,estabelecimento,media,ESCOLA M SANTA TEREZINHA [BOA SORTE],fora do municipio (179.4 km alem da divisa)
3108602,Brasília de Minas,2020,50,1562,ESCOLA MUNICIPAL SANTA TEREZINHA,ZONA RURAL,FAZENDA BAMBURRAL,-43.7908453,-17.930178,-44.487168,-16.110258,215.73,estabelecimento,media,ESCOLA M SANTA TEREZINHA [BOA SORTE],fora do municipio (179.4 km alem da divisa)
3108602,Brasília de Minas,2022,50,1562,ESCOLA MUNICIPAL SANTA TEREZINHA,ZONA RURAL,FAZENDA BAMBURRAL,-43.7908453,-17.930178,-44.487168,-16.110258,215.73,estabelecimento,media,ESCOLA M SANTA TEREZINHA [BOA SORTE],fora do municipio (179.4 km alem da divisa)
3108602,Brasília de Minas,2024,50,1562,ESCOLA MUNICIPAL SANTA TEREZINHA,ZONA RURAL,FAZENDA BAMBURRAL                           ,-43.7908453,-17.930178,-44.487168,-16.110258,215.73,estabelecimento,media,ESCOLA M SANTA TEREZINHA [BOA SORTE],fora do municipio (179.4 km alem da divisa)
3108602,Brasília de Minas,2006,50,1619,ASSOCIAÇÃO COMUNITÁRIA DE POÇÕES,ZONA RURAL,COMUNIDADE OLHOS D AGUA - POÇÕES,-43.7908453,-17.930178,-44.438713,-16.127824,212.16,localidade,media,"localidade OLHOS DAGUA ~ (105 enderecos, raio 1.5 km)",fora do municipio (179.4 km alem da divisa)
3108602,Brasília de Minas,2008,50,1619,ASSOCIAÇÃO COMUNITÁRIA DE POÇÕES,ZONA RURAL,COMUNIDADE OLHOS D AGUA - POÇÕES,-43.7908453,-17.930178,-44.438713,-16.127824,212.16,localidade,media,"localidade OLHOS DAGUA ~ (105 enderecos, raio 1.5 km)",fora do municipio (179.4 km alem da divisa)
3108602,Brasília de Minas,2010,50,1619,ASSOCIAÇÃO COMUNITÁRIA DE POÇÕES,ZONA RURAL,COMUNIDADE OLHOS D AGUA - POÇÕES,-43.7908453,-17.930178,-44.438713,-16.127824,212.16,localidade,media,"localidade OLHOS DAGUA ~ (105 enderecos, raio 1.5 km)",fora do municipio (179.4 km alem da divisa)
3108602,Brasília de Minas,2012,50,1619,ASSOCIAÇÃO COMUNITÁRIA DE POÇÕES,ZONA RURAL,COMUNIDADE OLHOS D AGUA - POÇÕES,-43.7908453,-17.930178,-44.438713,-16.127824,212.16,localidade,media,"localidade OLHOS DAGUA ~ (105 enderecos, raio 1.5 km)",fora do municipio (179.4 km alem da divisa)
3108602,Brasília de Minas,2014,50,1619,ASSOCIAÇÃO COMUNITÁRIA DE POÇÕES,ZONA RURAL,COMUNIDADE OLHOS D AGUA - POÇÕES,-43.7908453,-17.930178,-44.438713,-16.127824,212.16,localidade,media,"localidade OLHOS DAGUA ~ (105 enderecos, raio 1.5 km)",fora do municipio (179.4 km alem da divisa)
3108602,Brasília de Minas,2016,50,1619,ASSOCIAÇÃO COMUNITÁRIA DE POÇÕES,ZONA RURAL,COMUNIDADE OLHOS D AGUA - POÇÕES,-43.7908453,-17.930178,-44.438713,-16.127824,212.16,localidade,media,"localidade OLHOS DAGUA ~ (105 enderecos, raio 1.5 km)",fora do municipio (179.4 km alem da divisa)
3108602,Brasília de Minas,2018,50,1619,ASSOCIAÇÃO COMUNITÁRIA DE POÇÕES,ZONA RURAL,COMUNIDADE OLHOS D AGUA - POÇÕES,-43.7908453,-17.930178,-44.438713,-16.127824,212.16,localidade,media,"localidade OLHOS DAGUA ~ (105 enderecos, raio 1.5 km)",fora do municipio (179.4 km alem da divisa)
3108602,Brasília de Minas,2020,50,1619,ASSOCIAÇÃO COMUNITÁRIA DE POÇÕES,ZONA RURAL,COMUNIDADE OLHOS D AGUA - POÇÕES,-43.7908453,-17.930178,-44.438713,-16.127824,212.16,localidade,media,"localidade OLHOS DAGUA ~ (105 enderecos, raio 1.5 km)",fora do municipio (179.4 km alem da divisa)
3108602,Brasília de Minas,2022,50,1619,ASSOCIAÇÃO COMUNITÁRIA DE POÇÕES,ZONA RURAL,COMUNIDADE OLHOS D AGUA - POÇÕES,-43.7908453,-17.930178,-44.438713,-16.127824,212.16,localidade,media,"localidade OLHOS DAGUA ~ (105 enderecos, raio 1.5 km)",fora do municipio (179.4 km alem da divisa)
3108602,Brasília de Minas,2024,50,1619,ASSOCIAÇÃO COMUNITÁRIA DE OLHOS D AGUA,ZONA RURAL,COMUNIDADE OLHOS D AGUA - POÇÕES,-43.7908453,-17.930178,-44.438713,-16.127824,212.16,localidade,media,"localidade OLHOS DAGUA ~ (105 enderecos, raio 1.5 km)",fora do municipio (179.4 km alem da divisa)
3108602,Brasília de Minas,2006,50,1627,ESCOLA MUNICIPAL DOM AVELAR BRANDAO VILELA,ZONA RURAL,POVOADO DO ANGICAL,-43.7908453,-17.930178,,,,nao corrigido,,sem correspondencia no CNEFE,fora do municipio (179.4 km alem da divisa)
3108602,Brasília de Minas,2008,50,1627,ESCOLA MUNICIPAL DOM AVELAR BRANDAO VILELA,ZONA RURAL,POVOADO DO ANGICAL,-43.7908453,-17.930178,,,,nao corrigido,,sem correspondencia no CNEFE,fora do municipio (179.4 km alem da divisa)
3108602,Brasília de Minas,2010,50,1627,ESCOLA MUNICIPAL DOM AVELAR BRANDAO VILELA,ZONA RURAL,POVOADO DO ANGICAL,-43.7908453,-17.930178,,,,nao corrigido,,sem correspondencia no CNEFE,fora do municipio (179.4 km alem da divisa)
3108602,Brasília de Minas,2012,50,1627,ESCOLA MUNICIPAL DOM AVELAR BRANDAO VILELA,ZONA RURAL,POVOADO DO ANGICAL,-43.7908453,-17.930178,,,,nao corrigido,,sem correspondencia no CNEFE,fora do municipio (179.4 km alem da divisa)
3108602,Brasília de Minas,2014,50,1627,ESCOLA MUNICIPAL DOM AVELAR BRANDAO VILELA,ZONA RURAL,POVOADO DO ANGICAL,-43.7908453,-17.930178,,,,nao corrigido,,sem correspondencia no CNEFE,fora do municipio (179.4 km alem da divisa)
3108602,Brasília de Minas,2016,50,1627,ESCOLA MUNICIPAL DOM AVELAR BRANDAO VILELA,ZONA RURAL,POVOADO DO ANGICAL,-43.7908453,-17.930178,,,,nao corrigido,,sem correspondencia no CNEFE,fora do municipio (179.4 km alem da divisa)
3108602,Brasília de Minas,2018,50,1627,ESCOLA MUNICIPAL DOM AVELAR BRANDAO VILELA,ZONA RURAL,POVOADO DO ANGICAL,-43.7908453,-17.930178,,,,nao corrigido,,sem correspondencia no CNEFE,fora do municipio (179.4 km alem da divisa)
3108602,Brasília de Minas,2020,50,1627,ESCOLA MUNICIPAL DOM AVELAR BRANDAO VILELA,ZONA RURAL,POVOADO DO ANGICAL,-43.7908453,-17.930178,,,,nao corrigido,,sem correspondencia no CNEFE,fora do municipio (179.4 km alem da divisa)
3108602,Brasília de Minas,2022,50,1627,ESCOLA MUNICIPAL DOM AVELAR BRANDAO VILELA,ZONA RURAL,POVOADO DO ANGICAL,-43.7908453,-17.930178,,,,nao corrigido,,sem correspondencia no CNEFE,fora do municipio (179.4 km alem da divisa)
3108602,Brasília de Minas,2024,50,1627,ESCOLA MUNICIPAL DOM AVELAR BRANDAO VILELA,ZONA RURAL,POVOADO DO ANGICAL                             ,-43.7908453,-17.930178,,,,nao corrigido,,sem correspondencia no CNEFE,fora do municipio (179.4 km alem da divisa)
3108602,Brasília de Minas,2012,50,1694,ANEXO DA ESCOLA MUNICIPAL JOSÉ SIMÕES JÚNIOR,ZONA RURAL,COMUNIDADE CANA BRAVA,-43.7908453,-17.930178,-44.35608,-16.259516,195.46,estabelecimento,alta,ESCOLA MUNICIPAL JOSE SIMOES [CANA BRAVA],fora do municipio (179.4 km alem da divisa)
3108602,Brasília de Minas,2014,50,1694,ANEXO DA ESCOLA MUNICIPAL JOSÉ SIMÕES JÚNIOR,ZONA RURAL,COMUNIDADE CANA BRAVA,-43.7908453,-17.930178,-44.35608,-16.259516,195.46,estabelecimento,alta,ESCOLA MUNICIPAL JOSE SIMOES [CANA BRAVA],fora do municipio (179.4 km alem da divisa)
3108602,Brasília de Minas,2016,50,1694,ANEXO DA ESCOLA MUNICIPAL JOSÉ SIMÕES JÚNIOR,ZONA RURAL,COMUNIDADE CANA BRAVA,-43.7908453,-17.930178,-44.35608,-16.259516,195.46,estabelecimento,alta,ESCOLA MUNICIPAL JOSE SIMOES [CANA BRAVA],fora do municipio (179.4 km alem da divisa)
3108602,Brasília de Minas,2018,50,1694,ANEXO DA ESCOLA MUNICIPAL JOSÉ SIMÕES JÚNIOR,ZONA RURAL,COMUNIDADE CANA BRAVA,-43.7908453,-17.930178,-44.35608,-16.259516,195.46,estabelecimento,alta,ESCOLA MUNICIPAL JOSE SIMOES [CANA BRAVA],fora do municipio (179.4 km alem da divisa)
3108602,Brasília de Minas,2020,50,1694,ANEXO DA ESCOLA MUNICIPAL JOSÉ SIMÕES JÚNIOR,ZONA RURAL,COMUNIDADE CANA BRAVA,-43.7908453,-17.930178,-44.35608,-16.259516,195.46,estabelecimento,alta,ESCOLA MUNICIPAL JOSE SIMOES [CANA BRAVA],fora do municipio (179.4 km alem da divisa)
3108602,Brasília de Minas,2022,50,1694,ANEXO DA ESCOLA MUNICIPAL JOSÉ SIMÕES JÚNIOR,ZONA RURAL,COMUNIDADE CANA BRAVA,-43.7908453,-17.930178,-44.35608,-16.259516,195.46,estabelecimento,alta,ESCOLA MUNICIPAL JOSE SIMOES [CANA BRAVA],fora do municipio (179.4 km alem da divisa)
3108602,Brasília de Minas,2024,50,1694,ANEXO DA ESCOLA MUNICIPAL JOSÉ SIMÕES JÚNIOR,ZONA RURAL,COMUNIDADE CANA BRAVA,-43.7908453,-17.930178,-44.35608,-16.259516,195.46,estabelecimento,alta,ESCOLA MUNICIPAL JOSE SIMOES [CANA BRAVA],fora do municipio (179.4 km alem da divisa)
1501907,Bujaru,2006,87,1023,EMEF DE NOSSA SENHORA DO PERPÉTUO SOCORRO,ZONA RURAL,ROD PA 140 KM 29 RAMAL MARIQUITA,-47.7703844,-1.6885072,-48.0374768,-1.5159326,35.39,escola_inep,media,"INEP: E M E F NOSSA SENHORA DO PERPETUO SOCORRO [RUA NOSSA SENHORA DO PERPETUO SOCORRO, 253 P]",fora do municipio (11.0 km alem da divisa)
1501907,Bujaru,2008,87,1023,EMEF DE NOSSA SENHORA DO PERPÉTUO SOCORRO,ZONA RURAL,ROD PA 140 KM 29 RAMAL MARIQUITA,-47.7703844,-1.6885072,-48.0374768,-1.5159326,35.39,escola_inep,media,"INEP: E M E F NOSSA SENHORA DO PERPETUO SOCORRO [RUA NOSSA SENHORA DO PERPETUO SOCORRO, 253 P]",fora do municipio (11.0 km alem da divisa)
1501907,Bujaru,2010,87,1023,EMEF DE NOSSA SENHORA DO PERPÉTUO SOCORRO,ZONA RURAL,ROD PA 140 KM 29 RAMAL MARIQUITA,-47.7703844,-1.6885072,-48.0374768,-1.5159326,35.39,escola_inep,media,"INEP: E M E F NOSSA SENHORA DO PERPETUO SOCORRO [RUA NOSSA SENHORA DO PERPETUO SOCORRO, 253 P]",fora do municipio (11.0 km alem da divisa)
1501907,Bujaru,2012,87,1023,EMEF DE NOSSA SENHORA DO PERPÉTUO SOCORRO,ZONA RURAL,ROD PA 140 KM 29 RAMAL MARIQUITA,-47.7703844,-1.6885072,-48.0374768,-1.5159326,35.39,escola_inep,media,"INEP: E M E F NOSSA SENHORA DO PERPETUO SOCORRO [RUA NOSSA SENHORA DO PERPETUO SOCORRO, 253 P]",fora do municipio (11.0 km alem da divisa)
1501907,Bujaru,2014,87,1023,EMEF DE NOSSA SENHORA DO PERPÉTUO SOCORRO,ZONA RURAL,ROD PA 140 KM 29 RAMAL MARIQUITA,-47.7703844,-1.6885072,-48.0374768,-1.5159326,35.39,escola_inep,media,"INEP: E M E F NOSSA SENHORA DO PERPETUO SOCORRO [RUA NOSSA SENHORA DO PERPETUO SOCORRO, 253 P]",fora do municipio (11.0 km alem da divisa)
1501907,Bujaru,2016,87,1023,EMEF DE NOSSA SENHORA DO PERPÉTUO SOCORRO,ZONA RURAL,ROD PA 140 KM 29 RAMAL MARIQUITA,-47.7703844,-1.6885072,-48.0374768,-1.5159326,35.39,escola_inep,media,"INEP: E M E F NOSSA SENHORA DO PERPETUO SOCORRO [RUA NOSSA SENHORA DO PERPETUO SOCORRO, 253 P]",fora do municipio (11.0 km alem da divisa)
1501907,Bujaru,2018,87,1023,EMEF DE NOSSA SENHORA DO PERPÉTUO SOCORRO,ZONA RURAL,ROD PA 140 KM 29 RAMAL MARIQUITA,-47.7703844,-1.6885072,-48.0374768,-1.5159326,35.39,escola_inep,media,"INEP: E M E F NOSSA SENHORA DO PERPETUO SOCORRO [RUA NOSSA SENHORA DO PERPETUO SOCORRO, 253 P]",fora do municipio (11.0 km alem da divisa)
1501907,Bujaru,2020,87,1023,EMEF DE NOSSA SENHORA DO PERPÉTUO SOCORRO,ZONA RURAL,ROD PA 140 KM 29 RAMAL MARIQUITA,-47.7703844,-1.6885072,-48.0374768,-1.5159326,35.39,escola_inep,media,"INEP: E M E F NOSSA SENHORA DO PERPETUO SOCORRO [RUA NOSSA SENHORA DO PERPETUO SOCORRO, 253 P]",fora do municipio (11.0 km alem da divisa)
1501907,Bujaru,2022,87,1023,EMEF DE NOSSA SENHORA DO PERPÉTUO SOCORRO,ZONA RURAL,ROD PA 140 KM 29 RAMAL MARIQUITA,-47.7703844,-1.6885072,-48.0374768,-1.5159326,35.39,escola_inep,media,"INEP: E M E F NOSSA SENHORA DO PERPETUO SOCORRO [RUA NOSSA SENHORA DO PERPETUO SOCORRO, 253 P]",fora do municipio (11.0 km alem da divisa)
1501907,Bujaru,2024,87,1023,EMEF DE NOSSA SENHORA DO PERPÉTUO SOCORRO,ZONA RURAL,ROD PA 140 KM 29 RAMAL MARIQUITA,-48.1298338,-1.7977462,-48.0374768,-1.5159326,33.01,escola_inep,media,"INEP: E M E F NOSSA SENHORA DO PERPETUO SOCORRO [RUA NOSSA SENHORA DO PERPETUO SOCORRO, 253 P]",fora do municipio (1.4 km alem da divisa)
1501907,Bujaru,2006,87,1112,EMEF SÃO BENEDITO,ZONA RURAL,"VILA SÃO LOPES,RIO GUAMÁ",-47.9486066,-1.9878489,-47.899259,-1.608626,42.57,estabelecimento,alta,ESCOLA SAO BENEDITO [SAO LOPES],fora do municipio (22.7 km alem da divisa)
1501907,Bujaru,2008,87,1112,EMEF SÃO BENEDITO,ZONA RURAL,"VILA SÃO LOPES,RIO GUAMÁ",-47.9486066,-1.9878489,-47.899259,-1.608626,42.57,estabelecimento,alta,ESCOLA SAO BENEDITO [SAO LOPES],fora do municipio (22.7 km alem da divisa)
1501907,Bujaru,2010,87,1112,EMEF SÃO BENEDITO,ZONA RURAL,"VILA SÃO LOPES,RIO GUAMÁ",-47.9486066,-1.9878489,-47.899259,-1.608626,42.57,estabelecimento,alta,ESCOLA SAO BENEDITO [SAO LOPES],fora do municipio (22.7 km alem da divisa)
1501907,Bujaru,2012,87,1112,EMEF SÃO BENEDITO,ZONA RURAL,"VILA SÃO LOPES,RIO GUAMÁ",-47.9486066,-1.9878489,-47.899259,-1.608626,42.57,estabelecimento,alta,ESCOLA SAO BENEDITO [SAO LOPES],fora do municipio (22.7 km alem da divisa)
1501907,Bujaru,2014,87,1112,EMEF SÃO BENEDITO,ZONA RURAL,"VILA SÃO LOPES,RIO GUAMÁ",-47.9486066,-1.9878489,-47.899259,-1.608626,42.57,estabelecimento,alta,ESCOLA SAO BENEDITO [SAO LOPES],fora do municipio (22.7 km alem da divisa)
1501907,Bujaru,2016,87,1112,EMEF SÃO BENEDITO,ZONA RURAL,"VILA SÃO LOPES,RIO GUAMÁ",-47.9486066,-1.9878489,-47.899259,-1.608626,42.57,estabelecimento,alta,ESCOLA SAO BENEDITO [SAO LOPES],fora do municipio (22.7 km alem da divisa)
1501907,Bujaru,2018,87,1112,EMEF SÃO BENEDITO,ZONA RURAL,"VILA SÃO LOPES,RIO GUAMÁ",-47.9486066,-1.9878489,-47.899259,-1.608626,42.57,estabelecimento,alta,ESCOLA SAO BENEDITO [SAO LOPES],fora do municipio (22.7 km alem da divisa)
1501907,Bujaru,2020,87,1112,EMEF SÃO BENEDITO,ZONA RURAL,"VILA SÃO LOPES,RIO GUAMÁ",-47.9486066,-1.9878489,-47.899259,-1.608626,42.57,estabelecimento,alta,ESCOLA SAO BENEDITO [SAO LOPES],fora do municipio (22.7 km alem da divisa)
1501907,Bujaru,2022,87,1112,EMEF SÃO BENEDITO,ZONA RURAL,"VILA SÃO LOPES,RIO GUAMÁ",-47.9486066,-1.9878489,-47.899259,-1.608626,42.57,estabelecimento,alta,ESCOLA SAO BENEDITO [SAO LOPES],fora do municipio (22.7 km alem da divisa)
1501907,Bujaru,2006,87,1198,AG MUNC DA VILA DE SANTANA,ZONA RURAL,ROD PA 140 KM 29 RAMAL DE SANTANA,-47.9486066,-1.9878489,,,,nao corrigido,,"descartado: localidade ZONA RURAL (101 enderecos, raio 0.5 km) cairia sobre outro local (< 50 m)",fora do municipio (22.7 km alem da divisa)
1501907,Bujaru,2006,87,1236,EMEF CAJUÍRA,ZONA RURAL,GUAJARÁ AÇU - CAJUÍRA,-47.9486066,-1.9878489,,,,nao corrigido,,"descartado: localidade ZONA RURAL (101 enderecos, raio 0.5 km) cairia sobre outro local (< 50 m)",fora do municipio (22.7 km alem da divisa)
1501907,Bujaru,2008,87,1236,EMEF CAJUÍRA,ZONA RURAL,GUAJARÁ AÇU - CAJUÍRA,-47.9486066,-1.9878489,,,,nao corrigido,,"descartado: localidade ZONA RURAL (101 enderecos, raio 0.5 km) cairia sobre outro local (< 50 m)",fora do municipio (22.7 km alem da divisa)
1501907,Bujaru,2010,87,1236,EMEF CAJUÍRA,ZONA RURAL,GUAJARÁ AÇU - CAJUÍRA,-47.9486066,-1.9878489,,,,nao corrigido,,"descartado: localidade ZONA RURAL (101 enderecos, raio 0.5 km) cairia sobre outro local (< 50 m)",fora do municipio (22.7 km alem da divisa)
1501907,Bujaru,2012,87,1236,EMEF CAJUÍRA,ZONA RURAL,GUAJARÁ AÇU - CAJUÍRA,-47.9486066,-1.9878489,,,,nao corrigido,,"descartado: localidade ZONA RURAL (101 enderecos, raio 0.5 km) cairia sobre outro local (< 50 m)",fora do municipio (22.7 km alem da divisa)
1501907,Bujaru,2014,87,1236,EMEF CAJUÍRA,ZONA RURAL,GUAJARÁ AÇU - CAJUÍRA,-47.9486066,-1.9878489,,,,nao corrigido,,"descartado: localidade ZONA RURAL (101 enderecos, raio 0.5 km) cairia sobre outro local (< 50 m)",fora do municipio (22.7 km alem da divisa)
1501907,Bujaru,2016,87,1236,EMEF CAJUÍRA,ZONA RURAL,GUAJARÁ AÇU - CAJUÍRA,-47.9486066,-1.9878489,,,,nao corrigido,,"descartado: localidade ZONA RURAL (101 enderecos, raio 0.5 km) cairia sobre outro local (< 50 m)",fora do municipio (22.7 km alem da divisa)
1501907,Bujaru,2018,87,1236,EMEF CAJUÍRA,ZONA RURAL,GUAJARÁ AÇU - CAJUÍRA,-47.9486066,-1.9878489,,,,nao corrigido,,"descartado: localidade ZONA RURAL (101 enderecos, raio 0.5 km) cairia sobre outro local (< 50 m)",fora do municipio (22.7 km alem da divisa)
1501907,Bujaru,2020,87,1236,EMEF CAJUÍRA,ZONA RURAL,GUAJARÁ AÇU - CAJUÍRA,-47.9486066,-1.9878489,,,,nao corrigido,,"descartado: localidade ZONA RURAL (101 enderecos, raio 0.5 km) cairia sobre outro local (< 50 m)",fora do municipio (22.7 km alem da divisa)
1501907,Bujaru,2022,87,1236,EMEF CAJUÍRA,ZONA RURAL,GUAJARÁ AÇU - CAJUÍRA,-47.9486066,-1.9878489,,,,nao corrigido,,"descartado: localidade ZONA RURAL (101 enderecos, raio 0.5 km) cairia sobre outro local (< 50 m)",fora do municipio (22.7 km alem da divisa)
1501907,Bujaru,2012,87,1325,EMEF SÃO JUDAS TADEU,ZONA RURAL,"VILA SÃO JUDAS TADEU, COMUNIDADE BAIXO IGARAPEZINHO",-47.7703844,-1.6885072,,,,nao corrigido,,"descartado: localidade ZONA RURAL (101 enderecos, raio 0.5 km) cairia sobre outro local (< 50 m)",fora do municipio (11.0 km alem da divisa)
1501907,Bujaru,2014,87,1325,EMEF SÃO JUDAS TADEU,ZONA RURAL,"VILA SÃO JUDAS TADEU, COMUNIDADE BAIXO IGARAPEZINHO",-47.7703844,-1.6885072,,,,nao corrigido,,"descartado: localidade ZONA RURAL (101 enderecos, raio 0.5 km) cairia sobre outro local (< 50 m)",fora do municipio (11.0 km alem da divisa)
1501907,Bujaru,2016,87,1325,EMEF SÃO JUDAS TADEU,ZONA RURAL,"VILA SÃO JUDAS TADEU, COMUNIDADE BAIXO IGARAPEZINHO",-47.7703844,-1.6885072,,,,nao corrigido,,"descartado: localidade ZONA RURAL (101 enderecos, raio 0.5 km) cairia sobre outro local (< 50 m)",fora do municipio (11.0 km alem da divisa)
1501907,Bujaru,2018,87,1325,EMEF SÃO JUDAS TADEU,ZONA RURAL,"VILA SÃO JUDAS TADEU, COMUNIDADE BAIXO IGARAPEZINHO",-47.7703844,-1.6885072,,,,nao corrigido,,"descartado: localidade ZONA RURAL (101 enderecos, raio 0.5 km) cairia sobre outro local (< 50 m)",fora do municipio (11.0 km alem da divisa)
1501907,Bujaru,2020,87,1325,EMEF SÃO JUDAS TADEU,ZONA RURAL,"VILA SÃO JUDAS TADEU, COMUNIDADE BAIXO IGARAPEZINHO",-47.7703844,-1.6885072,,,,nao corrigido,,"descartado: localidade ZONA RURAL (101 enderecos, raio 0.5 km) cairia sobre outro local (< 50 m)",fora do municipio (11.0 km alem da divisa)
1501907,Bujaru,2022,87,1325,EMEF SÃO JUDAS TADEU,ZONA RURAL,"VILA SÃO JUDAS TADEU, COMUNIDADE BAIXO IGARAPEZINHO",-47.7703844,-1.6885072,,,,nao corrigido,,"descartado: localidade ZONA RURAL (101 enderecos, raio 0.5 km) cairia sobre outro local (< 50 m)",fora do municipio (11.0 km alem da divisa)
2202251,Canavieira,2006,25,1015,UNIDADE ESCOLAR MARIANO ROBERTO,CENTRO,CENTRO DE CANAVIEIRA,-43.5094169,-7.0909454,-43.719022,-7.691095,70.7,estabelecimento,alta,UNIDADE ESCOLAR MARIANO JOSE ROBERTO [CENTRO],fora do municipio (20.7 km alem da divisa)
2202251,Canavieira,2008,25,1015,UNIDADE ESCOLAR MARIANO ROBERTO,CENTRO,CENTRO DE CANAVIEIRA,-43.5094169,-7.0909454,-43.719022,-7.691095,70.7,estabelecimento,alta,UNIDADE ESCOLAR MARIANO JOSE ROBERTO [CENTRO],fora do municipio (20.7 km alem da divisa)
2202251,Canavieira,2010,25,1015,UNIDADE ESCOLAR MARIANO ROBERTO,CENTRO,CENTRO DE CANAVIEIRA,-43.5094169,-7.0909454,-43.719022,-7.691095,70.7,estabelecimento,alta,UNIDADE ESCOLAR MARIANO JOSE ROBERTO [CENTRO],fora do municipio (20.7 km alem da divisa)
2202251,Canavieira,2012,25,1015,UNIDADE ESCOLAR MARIANO ROBERTO,CENTRO,CENTRO DE CANAVIEIRA,-43.5094169,-7.0909454,-43.719022,-7.691095,70.7,estabelecimento,alta,UNIDADE ESCOLAR MARIANO JOSE ROBERTO [CENTRO],fora do municipio (20.7 km alem da divisa)
2202251,Canavieira,2014,25,1015,UNIDADE ESCOLAR MARIANO ROBERTO,CENTRO,CENTRO DE CANAVIEIRA,-43.5094169,-7.0909454,-43.719022,-7.691095,70.7,estabelecimento,alta,UNIDADE ESCOLAR MARIANO JOSE ROBERTO [CENTRO],fora do municipio (20.7 km alem da divisa)
2202251,Canavieira,2016,25,1015,UNIDADE ESCOLAR MARIANO ROBERTO,CENTRO,CENTRO DE CANAVIEIRA,-43.5094169,-7.0909454,-43.719022,-7.691095,70.7,estabelecimento,alta,UNIDADE ESCOLAR MARIANO JOSE ROBERTO [CENTRO],fora do municipio (20.7 km alem da divisa)
2202251,Canavieira,2018,25,1015,UNIDADE ESCOLAR MARIANO ROBERTO,CENTRO,CENTRO DE CANAVIEIRA,-43.5094169,-7.0909454,-43.719022,-7.691095,70.7,estabelecimento,alta,UNIDADE ESCOLAR MARIANO JOSE ROBERTO [CENTRO],fora do municipio (20.7 km alem da divisa)
2202251,Canavieira,2020,25,1015,UNIDADE ESCOLAR MARIANO ROBERTO,CENTRO,CENTRO DE CANAVIEIRA,-43.5094169,-7.0909454,-43.719022,-7.691095,70.7,estabelecimento,alta,UNIDADE ESCOLAR MARIANO JOSE ROBERTO [CENTRO],fora do municipio (20.7 km alem da divisa)
2202251,Canavieira,2022,25,1015,UNIDADE ESCOLAR MARIANO ROBERTO,CENTRO,CENTRO DE CANAVIEIRA,-43.5094169,-7.0909454,,,,nao corrigido,,descartado: UNIDADE ESCOLAR MARIANO JOSE ROBERTO [CENTRO] cairia sobre outro local (< 50 m),fora do municipio (20.7 km alem da divisa)
2202251,Canavieira,2006,25,1023,UNIDADE ESCOLAR ULYSSES GUIMARAES,ZONA RURAL,POVOADO VARZEA GRANDE S/N,-43.5094203,-7.0909367,-43.66832,-7.5781,57.0,localidade,media,"localidade VARZEA GRANDE (102 enderecos, raio 0.5 km)",fora do municipio (20.7 km alem da divisa)
2202251,Canavieira,2008,25,1023,UNIDADE ESCOLAR ULYSSES GUIMARAES,ZONA RURAL,POVOADO VARZEA GRANDE S/N,-43.5094203,-7.0909367,-43.66832,-7.5781,57.0,localidade,media,"localidade VARZEA GRANDE (102 enderecos, raio 0.5 km)",fora do municipio (20.7 km alem da divisa)
2202251,Canavieira,2010,25,1023,UNIDADE ESCOLAR ULYSSES GUIMARAES,ZONA RURAL,POVOADO VARZEA GRANDE S/N,-43.5094203,-7.0909367,-43.66832,-7.5781,57.0,localidade,media,"localidade VARZEA GRANDE (102 enderecos, raio 0.5 km)",fora do municipio (20.7 km alem da divisa)
2202251,Canavieira,2012,25,1023,UNIDADE ESCOLAR ULYSSES GUIMARAES,ZONA RURAL,POVOADO VARZEA GRANDE S/N,-43.5094203,-7.0909367,-43.66832,-7.5781,57.0,localidade,media,"localidade VARZEA GRANDE (102 enderecos, raio 0.5 km)",fora do municipio (20.7 km alem da divisa)
2202251,Canavieira,2014,25,1023,UNIDADE ESCOLAR ULYSSES GUIMARAES,ZONA RURAL,POVOADO VARZEA GRANDE S/N,-43.5094203,-7.0909367,-43.66832,-7.5781,57.0,localidade,media,"localidade VARZEA GRANDE (102 enderecos, raio 0.5 km)",fora do municipio (20.7 km alem da divisa)
2202251,Canavieira,2016,25,1023,UNIDADE ESCOLAR ULYSSES GUIMARAES,ZONA RURAL,POVOADO VARZEA GRANDE S/N,-43.5094203,-7.0909367,-43.66832,-7.5781,57.0,localidade,media,"localidade VARZEA GRANDE (102 enderecos, raio 0.5 km)",fora do municipio (20.7 km alem da divisa)
2202251,Canavieira,2018,25,1023,UNIDADE ESCOLAR ULYSSES GUIMARAES,ZONA RURAL,POVOADO VARZEA GRANDE S/N,-43.5094203,-7.0909367,-43.66832,-7.5781,57.0,localidade,media,"localidade VARZEA GRANDE (102 enderecos, raio 0.5 km)",fora do municipio (20.7 km alem da divisa)
2202251,Canavieira,2020,25,1023,UNIDADE ESCOLAR ULYSSES GUIMARAES,ZONA RURAL,POVOADO VARZEA GRANDE S/N,-43.5094203,-7.0909367,-43.66832,-7.5781,57.0,localidade,media,"localidade VARZEA GRANDE (102 enderecos, raio 0.5 km)",fora do municipio (20.7 km alem da divisa)
2202251,Canavieira,2022,25,1023,UNIDADE ESCOLAR ULYSSES GUIMARAES,ZONA RURAL,POVOADO VARZEA GRANDE S/N,-43.5094203,-7.0909367,-43.66832,-7.5781,57.0,localidade,media,"localidade VARZEA GRANDE (102 enderecos, raio 0.5 km)",fora do municipio (20.7 km alem da divisa)
2202251,Canavieira,2006,25,1031,UNIDADE ESCOLAR JOAO BATISTA DE ARAUJO DOS SANTOS,ZONA RURAL,POVOADO CAMPO GRANDE,-43.5094301,-7.0909264,-43.626592,-7.312956,27.9,estabelecimento,alta,ESCOLA JOAO BATISTA DE ARAUJO DOS SANTOS [CAMPO GRANDE],fora do municipio (20.7 km alem da divisa)
2202251,Canavieira,2008,25,1031,UNIDADE ESCOLAR JOAO BATISTA DE ARAUJO DOS SANTOS,ZONA RURAL,POVOADO CAMPO GRANDE,-43.5094301,-7.0909264,-43.626592,-7.312956,27.9,estabelecimento,alta,ESCOLA JOAO BATISTA DE ARAUJO DOS SANTOS [CAMPO GRANDE],fora do municipio (20.7 km alem da divisa)
2202251,Canavieira,2010,25,1031,UNIDADE ESCOLAR JOAO BATISTA DE ARAUJO DOS SANTOS,ZONA RURAL,POVOADO CAMPO GRANDE,-43.5094301,-7.0909264,-43.626592,-7.312956,27.9,estabelecimento,alta,ESCOLA JOAO BATISTA DE ARAUJO DOS SANTOS [CAMPO GRANDE],fora do municipio (20.7 km alem da divisa)
2202251,Canavieira,2012,25,1031,UNIDADE ESCOLAR JOAO BATISTA DE ARAUJO DOS SANTOS,ZONA RURAL,POVOADO CAMPO GRANDE,-43.5094301,-7.0909264,-43.626592,-7.312956,27.9,estabelecimento,alta,ESCOLA JOAO BATISTA DE ARAUJO DOS SANTOS [CAMPO GRANDE],fora do municipio (20.7 km alem da divisa)
2202251,Canavieira,2014,25,1031,UNIDADE ESCOLAR JOAO BATISTA DE ARAUJO DOS SANTOS,ZONA RURAL,POVOADO CAMPO GRANDE,-43.5094301,-7.0909264,-43.626592,-7.312956,27.9,estabelecimento,alta,ESCOLA JOAO BATISTA DE ARAUJO DOS SANTOS [CAMPO GRANDE],fora do municipio (20.7 km alem da divisa)
2202251,Canavieira,2016,25,1031,UNIDADE ESCOLAR JOAO BATISTA DE ARAUJO DOS SANTOS,ZONA RURAL,POVOADO CAMPO GRANDE,-43.5094301,-7.0909264,-43.626592,-7.312956,27.9,estabelecimento,alta,ESCOLA JOAO BATISTA DE ARAUJO DOS SANTOS [CAMPO GRANDE],fora do municipio (20.7 km alem da divisa)
2202251,Canavieira,2018,25,1031,UNIDADE ESCOLAR JOAO BATISTA DE ARAUJO DOS SANTOS,ZONA RURAL,POVOADO CAMPO GRANDE,-43.5094301,-7.0909264,-43.626592,-7.312956,27.9,estabelecimento,alta,ESCOLA JOAO BATISTA DE ARAUJO DOS SANTOS [CAMPO GRANDE],fora do municipio (20.7 km alem da divisa)
2202251,Canavieira,2020,25,1031,UNIDADE ESCOLAR JOAO BATISTA DE ARAUJO DOS SANTOS,ZONA RURAL,POVOADO CAMPO GRANDE,-43.5094301,-7.0909264,-43.626592,-7.312956,27.9,estabelecimento,alta,ESCOLA JOAO BATISTA DE ARAUJO DOS SANTOS [CAMPO GRANDE],fora do municipio (20.7 km alem da divisa)
2202251,Canavieira,2022,25,1031,UNIDADE ESCOLAR JOAO BATISTA DE ARAUJO DOS SANTOS,ZONA RURAL,POVOADO CAMPO GRANDE,-43.5094301,-7.0909264,-43.626592,-7.312956,27.9,estabelecimento,alta,ESCOLA JOAO BATISTA DE ARAUJO DOS SANTOS [CAMPO GRANDE],fora do municipio (20.7 km alem da divisa)
2202251,Canavieira,2006,25,1040,UNIDADE ESCOLAR ISAIAS RODRIGUES DE SOUSA,ZONA RURAL,POVOADO INCRA,-43.5095299,-7.0904052,-43.649349,-7.594811,58.23,estabelecimento,alta,UNIDADE ESCOLAR ISAIAS RODRIGUIES DE SOUSA [INCRA],fora do municipio (20.7 km alem da divisa)
2202251,Canavieira,2008,25,1040,UNIDADE ESCOLAR ISAIAS RODRIGUES DE SOUSA,ZONA RURAL,POVOADO INCRA,-43.5095299,-7.0904052,-43.649349,-7.594811,58.23,estabelecimento,alta,UNIDADE ESCOLAR ISAIAS RODRIGUIES DE SOUSA [INCRA],fora do municipio (20.7 km alem da divisa)
2202251,Canavieira,2010,25,1040,UNIDADE ESCOLAR ISAIAS RODRIGUES DE SOUSA,ZONA RURAL,POVOADO INCRA,-43.5095299,-7.0904052,-43.649349,-7.594811,58.23,estabelecimento,alta,UNIDADE ESCOLAR ISAIAS RODRIGUIES DE SOUSA [INCRA],fora do municipio (20.7 km alem da divisa)
2202251,Canavieira,2012,25,1040,UNIDADE ESCOLAR ISAIAS RODRIGUES DE SOUSA,ZONA RURAL,POVOADO INCRA,-43.5095299,-7.0904052,-43.649349,-7.594811,58.23,estabelecimento,alta,UNIDADE ESCOLAR ISAIAS RODRIGUIES DE SOUSA [INCRA],fora do municipio (20.7 km alem da divisa)
2202251,Canavieira,2014,25,1040,UNIDADE ESCOLAR ISAIAS RODRIGUES DE SOUSA,ZONA RURAL,POVOADO INCRA,-43.5095299,-7.0904052,-43.649349,-7.594811,58.23,estabelecimento,alta,UNIDADE ESCOLAR ISAIAS RODRIGUIES DE SOUSA [INCRA],fora do municipio (20.7 km alem da divisa)
2202251,Canavieira,2016,25,1040,UNIDADE ESCOLAR ISAIAS RODRIGUES DE SOUSA,ZONA RURAL,POVOADO INCRA,-43.5095299,-7.0904052,-43.649349,-7.594811,58.23,estabelecimento,alta,UNIDADE ESCOLAR ISAIAS RODRIGUIES DE SOUSA [INCRA],fora do municipio (20.7 km alem da divisa)
2202251,Canavieira,2018,25,1040,UNIDADE ESCOLAR ISAIAS RODRIGUES DE SOUSA,ZONA RURAL,POVOADO INCRA,-43.5095299,-7.0904052,-43.649349,-7.594811,58.23,estabelecimento,alta,UNIDADE ESCOLAR ISAIAS RODRIGUIES DE SOUSA [INCRA],fora do municipio (20.7 km alem da divisa)
2202251,Canavieira,2020,25,1040,UNIDADE ESCOLAR ISAIAS RODRIGUES DE SOUSA,ZONA RURAL,POVOADO INCRA,-43.5095299,-7.0904052,-43.649349,-7.594811,58.23,estabelecimento,alta,UNIDADE ESCOLAR ISAIAS RODRIGUIES DE SOUSA [INCRA],fora do municipio (20.7 km alem da divisa)
2202251,Canavieira,2022,25,1040,UNIDADE ESCOLAR ISAIAS RODRIGUES DE SOUSA,ZONA RURAL,POVOADO INCRA,-43.5095299,-7.0904052,-43.649349,-7.594811,58.23,estabelecimento,alta,UNIDADE ESCOLAR ISAIAS RODRIGUIES DE SOUSA [INCRA],fora do municipio (20.7 km alem da divisa)
2202251,Canavieira,2006,25,1058,UNIDADE ESCOLAR FRANCISCO MOURA,ZONA RURAL,POVOADO SAO MATEUS,-43.5112802,-7.0905612,,,,nao corrigido,,sem correspondencia no CNEFE,fora do municipio (20.6 km alem da divisa)
2202251,Canavieira,2008,25,1058,UNIDADE ESCOLAR FRANCISCO MOURA,ZONA RURAL,POVOADO SAO MATEUS,-43.5112802,-7.0905612,,,,nao corrigido,,sem correspondencia no CNEFE,fora do municipio (20.6 km alem da divisa)
2202251,Canavieira,2010,25,1058,UNIDADE ESCOLAR FRANCISCO MOURA,ZONA RURAL,POVOADO SAO MATEUS,-43.5112802,-7.0905612,,,,nao corrigido,,sem correspondencia no CNEFE,fora do municipio (20.6 km alem da divisa)
2202251,Canavieira,2012,25,1058,UNIDADE ESCOLAR FRANCISCO MOURA,ZONA RURAL,POVOADO SAO MATEUS,-43.5112802,-7.0905612,,,,nao corrigido,,sem correspondencia no CNEFE,fora do municipio (20.6 km alem da divisa)
2202251,Canavieira,2014,25,1058,UNIDADE ESCOLAR FRANCISCO MOURA,ZONA RURAL,POVOADO SAO MATEUS,-43.5112802,-7.0905612,,,,nao corrigido,,sem correspondencia no CNEFE,fora do municipio (20.6 km alem da divisa)
2202251,Canavieira,2016,25,1058,UNIDADE ESCOLAR FRANCISCO MOURA,ZONA RURAL,POVOADO SAO MATEUS,-43.5112802,-7.0905612,,,,nao corrigido,,sem correspondencia no CNEFE,fora do municipio (20.6 km alem da divisa)
2202251,Canavieira,2018,25,1058,UNIDADE ESCOLAR FRANCISCO MOURA,ZONA RURAL,POVOADO SAO MATEUS,-43.5112802,-7.0905612,,,,nao corrigido,,sem correspondencia no CNEFE,fora do municipio (20.6 km alem da divisa)
2202251,Canavieira,2020,25,1058,UNIDADE ESCOLAR FRANCISCO MOURA,ZONA RURAL,POVOADO SAO MATEUS,-43.5112802,-7.0905612,,,,nao corrigido,,sem correspondencia no CNEFE,fora do municipio (20.6 km alem da divisa)
2202251,Canavieira,2022,25,1058,UNIDADE ESCOLAR FRANCISCO MOURA,ZONA RURAL,POVOADO SAO MATEUS,-43.5112802,-7.0905612,,,,nao corrigido,,sem correspondencia no CNEFE,fora do municipio (20.6 km alem da divisa)
2907103,Carinhanha,2006,125,1376,ESCOLA MUNICIPAL BASILIO FERREIRA GONCALVES,POVOADO RIACHO DO CAPINAO,POVOADO RIACHO DO CAPINAO - ZONA RURAL,-43.7217488,-14.3297046,-43.862145,-13.920957,47.96,estabelecimento,alta,ANTIGA ESCOLA MUNICIPAL BASILIO FERREIRA GONCALVES [RIACHO DO CAPINAO],fora do municipio (4.9 km alem da divisa)
2907103,Carinhanha,2008,125,1376,ESCOLA MUNICIPAL BASILIO FERREIRA GONCALVES,POVOADO RIACHO DO CAPINAO,POVOADO RIACHO DO CAPINAO - ZONA RURAL,-43.7217488,-14.3297046,-43.862145,-13.920957,47.96,estabelecimento,alta,ANTIGA ESCOLA MUNICIPAL BASILIO FERREIRA GONCALVES [RIACHO DO CAPINAO],fora do municipio (4.9 km alem da divisa)
2907103,Carinhanha,2010,125,1376,ESCOLA MUNICIPAL BASILIO FERREIRA GONCALVES,POVOADO RIACHO DO CAPINAO,POVOADO RIACHO DO CAPINAO - ZONA RURAL,-43.7217488,-14.3297046,-43.862145,-13.920957,47.96,estabelecimento,alta,ANTIGA ESCOLA MUNICIPAL BASILIO FERREIRA GONCALVES [RIACHO DO CAPINAO],fora do municipio (4.9 km alem da divisa)
2907103,Carinhanha,2012,125,1376,ESCOLA MUNICIPAL BASILIO FERREIRA GONCALVES,POVOADO RIACHO DO CAPINAO,POVOADO RIACHO DO CAPINAO - ZONA RURAL,-43.7217488,-14.3297046,-43.862145,-13.920957,47.96,estabelecimento,alta,ANTIGA ESCOLA MUNICIPAL BASILIO FERREIRA GONCALVES [RIACHO DO CAPINAO],fora do municipio (4.9 km alem da divisa)
2907103,Carinhanha,2014,125,1376,ESCOLA MUNICIPAL BASILIO FERREIRA GONCALVES,POVOADO RIACHO DO CAPINAO,POVOADO RIACHO DO CAPINAO - ZONA RURAL,-43.7217488,-14.3297046,-43.862145,-13.920957,47.96,estabelecimento,alta,ANTIGA ESCOLA MUNICIPAL BASILIO FERREIRA GONCALVES [RIACHO DO CAPINAO],fora do municipio (4.9 km alem da divisa)
2907103,Carinhanha,2016,125,1376,ESCOLA MUNICIPAL BASILIO FERREIRA GONCALVES,POVOADO RIACHO DO CAPINAO,POVOADO RIACHO DO CAPINAO - ZONA RURAL,-43.7217488,-14.3297046,-43.862145,-13.920957,47.96,estabelecimento,alta,ANTIGA ESCOLA MUNICIPAL BASILIO FERREIRA GONCALVES [RIACHO DO CAPINAO],fora do municipio (4.9 km alem da divisa)
2907103,Carinhanha,2018,125,1376,ESCOLA MUNICIPAL BASILIO FERREIRA GONCALVES,POVOADO RIACHO DO CAPINAO,POVOADO RIACHO DO CAPINAO - ZONA RURAL,-43.7217488,-14.3297046,-43.862145,-13.920957,47.96,estabelecimento,alta,ANTIGA ESCOLA MUNICIPAL BASILIO FERREIRA GONCALVES [RIACHO DO CAPINAO],fora do municipio (4.9 km alem da divisa)
2907103,Carinhanha,2020,125,1376,ESCOLA MUNICIPAL BASILIO FERREIRA GONCALVES,POVOADO RIACHO DO CAPINAO,POVOADO RIACHO DO CAPINAO - ZONA RURAL,-43.7217488,-14.3297046,-43.862145,-13.920957,47.96,estabelecimento,alta,ANTIGA ESCOLA MUNICIPAL BASILIO FERREIRA GONCALVES [RIACHO DO CAPINAO],fora do municipio (4.9 km alem da divisa)
2907103,Carinhanha,2022,125,1376,ESCOLA MUNICIPAL BASILIO FERREIRA GONCALVES,POVOADO RIACHO DO CAPINAO,POVOADO RIACHO DO CAPINAO - ZONA RURAL,-43.7217488,-14.3297046,-43.862145,-13.920957,47.96,estabelecimento,alta,ANTIGA ESCOLA MUNICIPAL BASILIO FERREIRA GONCALVES [RIACHO DO CAPINAO],fora do municipio (4.9 km alem da divisa)
2907103,Carinhanha,2024,125,1376,ESCOLA MUNICIPAL BASILIO FERREIRA GONCALVES,POVOADO RIACHO DO CAPINAO,POVOADO RIACHO DO CAPINAO - ZONA RURAL,-43.7217488,-14.3297046,-43.862145,-13.920957,47.96,estabelecimento,alta,ANTIGA ESCOLA MUNICIPAL BASILIO FERREIRA GONCALVES [RIACHO DO CAPINAO],fora do municipio (4.9 km alem da divisa)
2910800,Feira de Santana,2006,156,1805,ANEXO DO COLEGIO ANTONIO BRANDAO,DISTRITO DE HUMILDES,"RUA DO BAMBU, S/N - ZONA RURAL",-38.8663485,-12.3457252,,,,nao corrigido,,descartado: ESCOLA ANTONIO BRANDAO DE SOUZA [HUMILDES] cairia sobre outro local (< 50 m),movido por reposicionar_locais_fora_do_bairro.py
2910800,Feira de Santana,2008,156,1805,PRE-ESCOLA MUNICIPAL MAE DOS HUMILDES,DISTRITO DE HUMILDES,"RUA DO BAMBU, S/N - ZONA RURAL",-38.8686468,-12.3536912,,,,nao corrigido,,descartado: ESCOLA ANTONIO BRANDAO DE SOUZA [HUMILDES] cairia sobre outro local (< 50 m),movido por reposicionar_locais_fora_do_bairro.py
2910800,Feira de Santana,2010,156,1805,PRE-ESCOLA MUNICIPAL MAE DOS HUMILDES,DISTRITO DE HUMILDES,"RUA DO BAMBU, S/N - ZONA RURAL",-38.8686468,-12.3536912,,,,nao corrigido,,descartado: ESCOLA ANTONIO BRANDAO DE SOUZA [HUMILDES] cairia sobre outro local (< 50 m),movido por reposicionar_locais_fora_do_bairro.py
2910800,Feira de Santana,2012,156,1805,PRE-ESCOLA MUNICIPAL MAE DOS HUMILDES,DISTRITO DE HUMILDES,"RUA DO BAMBU, S/N - ZONA RURAL",-38.8686468,-12.3536912,,,,nao corrigido,,descartado: ESCOLA ANTONIO BRANDAO DE SOUZA [HUMILDES] cairia sobre outro local (< 50 m),movido por reposicionar_locais_fora_do_bairro.py
3126703,Francisco Sá,2006,115,1040,ESCOLA ESTADUAL LOURDINHA SILVEIRA,SÃO JORGE,"RUA TENENTE MARQUES, 105",-43.7908453,-17.930178,-43.49027,-16.479985,164.57,estabelecimento,media,ESCOLA ESTADUAL LOURDINHA SILVEIRA [VILA VIEIRA],fora do municipio (128.1 km alem da divisa)
3126703,Francisco Sá,2008,115,1040,ESCOLA ESTADUAL LOURDINHA SILVEIRA,SÃO JORGE,"RUA TENENTE MARQUES, 105",-43.7908453,-17.930178,-43.49027,-16.479985,164.57,estabelecimento,media,ESCOLA ESTADUAL LOURDINHA SILVEIRA [VILA VIEIRA],fora do municipio (128.1 km alem da divisa)
3126703,Francisco Sá,2010,115,1040,ESCOLA ESTADUAL LOURDINHA SILVEIRA,SÃO JORGE,"RUA TENENTE MARQUES, 105",-43.7908453,-17.930178,-43.49027,-16.479985,164.57,estabelecimento,media,ESCOLA ESTADUAL LOURDINHA SILVEIRA [VILA VIEIRA],fora do municipio (128.1 km alem da divisa)
3126703,Francisco Sá,2012,115,1040,ESCOLA ESTADUAL LOURDINHA SILVEIRA,SÃO JORGE,"RUA TENENTE MARQUES, 105",-43.7908453,-17.930178,-43.49027,-16.479985,164.57,estabelecimento,media,ESCOLA ESTADUAL LOURDINHA SILVEIRA [VILA VIEIRA],fora do municipio (128.1 km alem da divisa)
3126703,Francisco Sá,2014,115,1040,ESCOLA ESTADUAL LOURDINHA SILVEIRA,SÃO JORGE,"RUA TENENTE MARQUES, 105",-43.7908453,-17.930178,-43.49027,-16.479985,164.57,estabelecimento,media,ESCOLA ESTADUAL LOURDINHA SILVEIRA [VILA VIEIRA],fora do municipio (128.1 km alem da divisa)
3126703,Francisco Sá,2016,115,1040,ESCOLA ESTADUAL LOURDINHA SILVEIRA,SÃO JORGE,"RUA TENENTE MARQUES, 105",-43.7908453,-17.930178,-43.49027,-16.479985,164.57,estabelecimento,media,ESCOLA ESTADUAL LOURDINHA SILVEIRA [VILA VIEIRA],fora do municipio (128.1 km alem da divisa)
3126703,Francisco Sá,2018,115,1040,ESCOLA ESTADUAL LOURDINHA SILVEIRA,SÃO JORGE,"RUA TENENTE MARQUES, 105",-43.7908453,-17.930178,-43.49027,-16.479985,164.57,estabelecimento,media,ESCOLA ESTADUAL LOURDINHA SILVEIRA [VILA VIEIRA],fora do municipio (128.1 km alem da divisa)
3126703,Francisco Sá,2020,115,1040,ESCOLA ESTADUAL LOURDINHA SILVEIRA,SÃO JORGE,"RUA TENENTE MARQUES, 105",-43.7908453,-17.930178,-43.49027,-16.479985,164.57,estabelecimento,media,ESCOLA ESTADUAL LOURDINHA SILVEIRA [VILA VIEIRA],fora do municipio (128.1 km alem da divisa)
3126703,Francisco Sá,2022,115,1040,ESCOLA ESTADUAL LOURDINHA SILVEIRA,SÃO JORGE,"RUA TENENTE MARQUES, 105",-43.7908453,-17.930178,-43.49027,-16.479985,164.57,estabelecimento,media,ESCOLA ESTADUAL LOURDINHA SILVEIRA [VILA VIEIRA],fora do municipio (128.1 km alem da divisa)
3126703,Francisco Sá,2024,115,1040,ESCOLA MUNICIPAL WALDEMIRA CELESTINO DE OLIVEIRA,SÃO JORGE,"RUA TENENTE MARQUES, 105",-43.7908453,-17.930178,-43.49027,-16.479985,164.57,estabelecimento,media,ESCOLA ESTADUAL LOURDINHA SILVEIRA [VILA VIEIRA],fora do municipio (128.1 km alem da divisa)
3126703,Francisco Sá,2006,115,1066,IGREJA DA COMUNIDADE DE SÃO PAULINO,POVOADO DE SÃO PAULINO,POVOADO DE SÃO PAULINO,-43.5606946,-16.4298262,-43.567998,-16.547789,13.15,localidade,media,"localidade SAO PAULINO (43 enderecos, raio 0.9 km)",pilha de 7 locais em 50 m (7 localidades rurais distintas)
3126703,Francisco Sá,2008,115,1066,IGREJA DA COMUNIDADE DE SÃO PAULINO,POVOADO DE SÃO PAULINO,POVOADO DE SÃO PAULINO,-43.5606946,-16.4298262,-43.567998,-16.547789,13.15,localidade,media,"localidade SAO PAULINO (43 enderecos, raio 0.9 km)",pilha de 7 locais em 50 m (7 localidades rurais distintas)
3126703,Francisco Sá,2010,115,1066,IGREJA DA COMUNIDADE DE SÃO PAULINO,POVOADO DE SÃO PAULINO,POVOADO DE SÃO PAULINO,-43.5606946,-16.4298262,-43.567998,-16.547789,13.15,localidade,media,"localidade SAO PAULINO (43 enderecos, raio 0.9 km)",pilha de 8 locais em 50 m (8 localidades rurais distintas)
3126703,Francisco Sá,2012,115,1066,IGREJA DA COMUNIDADE DE SÃO PAULINO,POVOADO DE SÃO PAULINO,POVOADO DE SÃO PAULINO,-43.5606946,-16.4298262,-43.567998,-16.547789,13.15,localidade,media,"localidade SAO PAULINO (43 enderecos, raio 0.9 km)",pilha de 8 locais em 50 m (8 localidades rurais distintas)
3126703,Francisco Sá,2014,115,1066,IGREJA DA COMUNIDADE DE SÃO PAULINO,POVOADO DE SÃO PAULINO,POVOADO DE SÃO PAULINO,-43.5606946,-16.4298262,-43.567998,-16.547789,13.15,localidade,media,"localidade SAO PAULINO (43 enderecos, raio 0.9 km)",pilha de 8 locais em 50 m (8 localidades rurais distintas)
3126703,Francisco Sá,2016,115,1066,IGREJA DA COMUNIDADE DE SÃO PAULINO,POVOADO DE SÃO PAULINO,POVOADO DE SÃO PAULINO,-43.5606946,-16.4298262,-43.567998,-16.547789,13.15,localidade,media,"localidade SAO PAULINO (43 enderecos, raio 0.9 km)",pilha de 9 locais em 50 m (8 localidades rurais distintas)
3126703,Francisco Sá,2018,115,1066,IGREJA DA COMUNIDADE DE SÃO PAULINO,POVOADO DE SÃO PAULINO,POVOADO DE SÃO PAULINO,-43.5606946,-16.4298262,-43.567998,-16.547789,13.15,localidade,media,"localidade SAO PAULINO (43 enderecos, raio 0.9 km)",pilha de 9 locais em 50 m (8 localidades rurais distintas)
3126703,Francisco Sá,2020,115,1066,IGREJA DA COMUNIDADE DE SÃO PAULINO,POVOADO DE SÃO PAULINO,POVOADO DE SÃO PAULINO,-43.5606946,-16.4298262,-43.567998,-16.547789,13.15,localidade,media,"localidade SAO PAULINO (43 enderecos, raio 0.9 km)",pilha de 9 locais em 50 m (8 localidades rurais distintas)
3126703,Francisco Sá,2022,115,1066,IGREJA DA COMUNIDADE DE SÃO PAULINO,POVOADO DE SÃO PAULINO,POVOADO DE SÃO PAULINO,-43.5606946,-16.4298262,-43.567998,-16.547789,13.15,localidade,media,"localidade SAO PAULINO (43 enderecos, raio 0.9 km)",pilha de 9 locais em 50 m (8 localidades rurais distintas)
3126703,Francisco Sá,2024,115,1066,IGREJA DA COMUNIDADE DE SÃO PAULINO,POVOADO DE SÃO PAULINO,POVOADO DE SÃO PAULINO,-43.5606946,-16.4298262,-43.567998,-16.547789,13.15,localidade,media,"localidade SAO PAULINO (43 enderecos, raio 0.9 km)",pilha de 9 locais em 50 m (8 localidades rurais distintas)
3126703,Francisco Sá,2006,115,1082,ESCOLA MUNICIPAL DE MUCAMBINHO,POVOADO DE MOCAMBINHO,PRAÇA DA IGREJA,-43.0610067,-15.8529927,-43.6677761,-16.6560653,110.44,escola_inep,media,"INEP: EM DE MUCAMBINHO [MUCAMBINHO, 39580-000 Francisco Sá - MG.]",fora do municipio (36.7 km alem da divisa)
3126703,Francisco Sá,2008,115,1082,ESCOLA MUNICIPAL DE MUCAMBINHO,POVOADO DE MOCAMBINHO,PRAÇA DA IGREJA,-43.0610067,-15.8529927,-43.6677761,-16.6560653,110.44,escola_inep,media,"INEP: EM DE MUCAMBINHO [MUCAMBINHO, 39580-000 Francisco Sá - MG.]",fora do municipio (36.7 km alem da divisa)
3126703,Francisco Sá,2010,115,1082,ESCOLA MUNICIPAL DE MUCAMBINHO,POVOADO DE MOCAMBINHO,PRAÇA DA IGREJA,-43.0610067,-15.8529927,-43.6677761,-16.6560653,110.44,escola_inep,media,"INEP: EM DE MUCAMBINHO [MUCAMBINHO, 39580-000 Francisco Sá - MG.]",fora do municipio (36.7 km alem da divisa)
3126703,Francisco Sá,2012,115,1082,ESCOLA MUNICIPAL DE MUCAMBINHO,POVOADO DE MOCAMBINHO,PRAÇA DA IGREJA,-43.0610067,-15.8529927,-43.6677761,-16.6560653,110.44,escola_inep,media,"INEP: EM DE MUCAMBINHO [MUCAMBINHO, 39580-000 Francisco Sá - MG.]",fora do municipio (36.7 km alem da divisa)
3126703,Francisco Sá,2014,115,1082,ESCOLA MUNICIPAL DE MUCAMBINHO,POVOADO DE MOCAMBINHO,PRAÇA DA IGREJA,-43.0610067,-15.8529927,-43.6677761,-16.6560653,110.44,escola_inep,media,"INEP: EM DE MUCAMBINHO [MUCAMBINHO, 39580-000 Francisco Sá - MG.]",fora do municipio (36.7 km alem da divisa)
3126703,Francisco Sá,2016,115,1082,ESCOLA MUNICIPAL DE MUCAMBINHO,POVOADO DE MOCAMBINHO,PRAÇA DA IGREJA,-43.0610067,-15.8529927,-43.6677761,-16.6560653,110.44,escola_inep,media,"INEP: EM DE MUCAMBINHO [MUCAMBINHO, 39580-000 Francisco Sá - MG.]",fora do municipio (36.7 km alem da divisa)
3126703,Francisco Sá,2018,115,1082,ESCOLA MUNICIPAL DE MUCAMBINHO,POVOADO DE MOCAMBINHO,PRAÇA DA IGREJA,-43.0610067,-15.8529927,-43.6677761,-16.6560653,110.44,escola_inep,media,"INEP: EM DE MUCAMBINHO [MUCAMBINHO, 39580-000 Francisco Sá - MG.]",fora do municipio (36.7 km alem da divisa)
3126703,Francisco Sá,2020,115,1082,ESCOLA MUNICIPAL DE MUCAMBINHO,POVOADO DE MOCAMBINHO,PRAÇA DA IGREJA,-43.0610067,-15.8529927,-43.6677761,-16.6560653,110.44,escola_inep,media,"INEP: EM DE MUCAMBINHO [MUCAMBINHO, 39580-000 Francisco Sá - MG.]",fora do municipio (36.7 km alem da divisa)
3126703,Francisco Sá,2022,115,1082,ESCOLA MUNICIPAL DE MUCAMBINHO,POVOADO DE MOCAMBINHO,PRAÇA DA IGREJA,-43.0610067,-15.8529927,-43.6677761,-16.6560653,110.44,escola_inep,media,"INEP: EM DE MUCAMBINHO [MUCAMBINHO, 39580-000 Francisco Sá - MG.]",fora do municipio (36.7 km alem da divisa)
3126703,Francisco Sá,2024,115,1082,ESCOLA MUNICIPAL DE MUCAMBINHO,POVOADO DE MOCAMBINHO,PRAÇA DA IGREJA,-43.0610067,-15.8529927,-43.6677761,-16.6560653,110.44,escola_inep,media,"INEP: EM DE MUCAMBINHO [MUCAMBINHO, 39580-000 Francisco Sá - MG.]",fora do municipio (36.7 km alem da divisa)
3126703,Francisco Sá,2006,115,1090,ESCOLA MUNICIPAL DE COQUEIRO,POVOADO DE COQUEIRO,POVOADO DE COQUEIRO,-43.5606946,-16.4298262,,,,nao corrigido,,sem correspondencia no CNEFE,pilha de 7 locais em 50 m (7 localidades rurais distintas)
3126703,Francisco Sá,2008,115,1090,ESCOLA MUNICIPAL DE COQUEIRO,POVOADO DE COQUEIRO,POVOADO DE COQUEIRO,-43.5606946,-16.4298262,,,,nao corrigido,,sem correspondencia no CNEFE,pilha de 7 locais em 50 m (7 localidades rurais distintas)
3126703,Francisco Sá,2010,115,1090,ESCOLA MUNICIPAL DE COQUEIRO,POVOADO DE COQUEIRO,POVOADO DE COQUEIRO,-43.5606946,-16.4298262,,,,nao corrigido,,sem correspondencia no CNEFE,pilha de 8 locais em 50 m (8 localidades rurais distintas)
3126703,Francisco Sá,2012,115,1090,ESCOLA MUNICIPAL DE COQUEIRO,POVOADO DE COQUEIRO,POVOADO DE COQUEIRO,-43.5606946,-16.4298262,,,,nao corrigido,,sem correspondencia no CNEFE,pilha de 8 locais em 50 m (8 localidades rurais distintas)
3126703,Francisco Sá,2014,115,1090,ESCOLA MUNICIPAL DE COQUEIRO,POVOADO DE COQUEIRO,POVOADO DE COQUEIRO,-43.5606946,-16.4298262,,,,nao corrigido,,sem correspondencia no CNEFE,pilha de 8 locais em 50 m (8 localidades rurais distintas)
3126703,Francisco Sá,2016,115,1090,ESCOLA MUNICIPAL DE COQUEIRO,POVOADO DE COQUEIRO,POVOADO DE COQUEIRO,-43.5606946,-16.4298262,,,,nao corrigido,,sem correspondencia no CNEFE,pilha de 9 locais em 50 m (8 localidades rurais distintas)
3126703,Francisco Sá,2018,115,1090,ESCOLA MUNICIPAL DE COQUEIRO,POVOADO DE COQUEIRO,POVOADO DE COQUEIRO,-43.5606946,-16.4298262,,,,nao corrigido,,sem correspondencia no CNEFE,pilha de 9 locais em 50 m (8 localidades rurais distintas)
3126703,Francisco Sá,2020,115,1090,ESCOLA MUNICIPAL DE COQUEIRO,POVOADO DE COQUEIRO,POVOADO DE COQUEIRO,-43.5606946,-16.4298262,,,,nao corrigido,,sem correspondencia no CNEFE,pilha de 9 locais em 50 m (8 localidades rurais distintas)
3126703,Francisco Sá,2022,115,1090,ESCOLA MUNICIPAL DE COQUEIRO,POVOADO DE COQUEIRO,POVOADO DE COQUEIRO,-43.5606946,-16.4298262,,,,nao corrigido,,sem correspondencia no CNEFE,pilha de 9 locais em 50 m (8 localidades rurais distintas)
3126703,Francisco Sá,2024,115,1090,ESCOLA MUNICIPAL DE COQUEIRO,POVOADO DE COQUEIRO,POVOADO DE COQUEIRO,-43.5606946,-16.4298262,,,,nao corrigido,,sem correspondencia no CNEFE,pilha de 9 locais em 50 m (8 localidades rurais distintas)
3126703,Francisco Sá,2018,115,1139,CENTRO COMUNITÁRIO DO MINGAU,COMUNIDADE DE BREJÃO E MINGAU,COMUNIDADE DE BREJÃO E MINGAU,-36.5664391,-9.0297885,,,,nao corrigido,,sem correspondencia no CNEFE,fora do municipio (1072.6 km alem da divisa)
3126703,Francisco Sá,2020,115,1139,CENTRO COMUNITÁRIO DO MINGAU,COMUNIDADE DE BREJÃO E MINGAU,COMUNIDADE DE BREJÃO E MINGAU,-36.5664391,-9.0297885,,,,nao corrigido,,sem correspondencia no CNEFE,fora do municipio (1072.6 km alem da divisa)
3126703,Francisco Sá,2022,115,1139,CENTRO COMUNITÁRIO DO MINGAU,COMUNIDADE DE BREJÃO E MINGAU,COMUNIDADE DE BREJÃO E MINGAU,-36.5664391,-9.0297885,,,,nao corrigido,,sem correspondencia no CNEFE,fora do municipio (1072.6 km alem da divisa)
3126703,Francisco Sá,2024,115,1139,CENTRO COMUNITÁRIO DO MINGAU,COMUNIDADE DE BREJÃO E MINGAU,COMUNIDADE DE BREJÃO E MINGAU,-36.5664391,-9.0297885,,,,nao corrigido,,sem correspondencia no CNEFE,fora do municipio (1072.6 km alem da divisa)
3126703,Francisco Sá,2006,115,1228,ESCOLA MUNICIPAL DE SANTO ANDRÉ,POVOADO DE SANTO ANDRÉ,POVOADO DE SANTO ANDRÉ,-46.536706,-23.6788863,,,,nao corrigido,,sem correspondencia no CNEFE,fora do municipio (827.5 km alem da divisa)
3126703,Francisco Sá,2008,115,1228,ESCOLA MUNICIPAL DE SANTO ANDRÉ,POVOADO DE SANTO ANDRÉ,POVOADO DE SANTO ANDRÉ,-46.536706,-23.6788863,,,,nao corrigido,,sem correspondencia no CNEFE,fora do municipio (827.5 km alem da divisa)
3126703,Francisco Sá,2010,115,1228,ESCOLA MUNICIPAL DE SANTO ANDRÉ,POVOADO DE SANTO ANDRÉ,POVOADO DE SANTO ANDRÉ,-46.536706,-23.6788863,,,,nao corrigido,,sem correspondencia no CNEFE,fora do municipio (827.5 km alem da divisa)
3126703,Francisco Sá,2012,115,1228,ESCOLA MUNICIPAL DE SANTO ANDRÉ,POVOADO DE SANTO ANDRÉ,POVOADO DE SANTO ANDRÉ,-46.536706,-23.6788863,,,,nao corrigido,,sem correspondencia no CNEFE,fora do municipio (827.5 km alem da divisa)
3126703,Francisco Sá,2014,115,1228,ESCOLA MUNICIPAL DE SANTO ANDRÉ,POVOADO DE SANTO ANDRÉ,POVOADO DE SANTO ANDRÉ,-46.536706,-23.6788863,,,,nao corrigido,,sem correspondencia no CNEFE,fora do municipio (827.5 km alem da divisa)
3126703,Francisco Sá,2016,115,1228,ESCOLA MUNICIPAL DE SANTO ANDRÉ,POVOADO DE SANTO ANDRÉ,POVOADO DE SANTO ANDRÉ,-46.536706,-23.6788863,,,,nao corrigido,,sem correspondencia no CNEFE,fora do municipio (827.5 km alem da divisa)
3126703,Francisco Sá,2018,115,1228,ESCOLA MUNICIPAL DE SANTO ANDRÉ,POVOADO DE SANTO ANDRÉ,POVOADO DE SANTO ANDRÉ,-46.536706,-23.6788863,,,,nao corrigido,,sem correspondencia no CNEFE,fora do municipio (827.5 km alem da divisa)
3126703,Francisco Sá,2020,115,1228,ESCOLA MUNICIPAL DE SANTO ANDRÉ,POVOADO DE SANTO ANDRÉ,POVOADO DE SANTO ANDRÉ,-46.536706,-23.6788863,,,,nao corrigido,,sem correspondencia no CNEFE,fora do municipio (827.5 km alem da divisa)
3126703,Francisco Sá,2022,115,1228,ESCOLA MUNICIPAL DE SANTO ANDRÉ,POVOADO DE SANTO ANDRÉ,POVOADO DE SANTO ANDRÉ,-46.536706,-23.6788863,,,,nao corrigido,,sem correspondencia no CNEFE,fora do municipio (827.5 km alem da divisa)
3126703,Francisco Sá,2024,115,1228,ESCOLA MUNICIPAL DE SANTO ANDRÉ,POVOADO DE SANTO ANDRÉ,POVOADO DE SANTO ANDRÉ,-46.536706,-23.6788863,,,,nao corrigido,,sem correspondencia no CNEFE,fora do municipio (827.5 km alem da divisa)
3126703,Francisco Sá,2006,115,1244,ESCOLA MUNICIPAL ANTÔNIO PEREIRA DA SILVA,POVOADO DE TERRA QUEBRADA,COMUNIDADE DE TERRA QUEBRADA,-43.5606946,-16.4298262,-43.469767,-16.25668,21.58,estabelecimento,alta,ESCOLA MUNIPAL ANTONIO PERREIRA DA SILVA [TERRA QUEBRADA],pilha de 7 locais em 50 m (7 localidades rurais distintas)
3126703,Francisco Sá,2008,115,1244,ESCOLA MUNICIPAL ANTÔNIO PEREIRA DA SILVA,POVOADO DE TERRA QUEBRADA,COMUNIDADE DE TERRA QUEBRADA,-43.5606946,-16.4298262,-43.469767,-16.25668,21.58,estabelecimento,alta,ESCOLA MUNIPAL ANTONIO PERREIRA DA SILVA [TERRA QUEBRADA],pilha de 7 locais em 50 m (7 localidades rurais distintas)
3126703,Francisco Sá,2010,115,1244,ESCOLA MUNICIPAL ANTÔNIO PEREIRA DA SILVA,POVOADO DE TERRA QUEBRADA,COMUNIDADE DE TERRA QUEBRADA,-43.5606946,-16.4298262,-43.469767,-16.25668,21.58,estabelecimento,alta,ESCOLA MUNIPAL ANTONIO PERREIRA DA SILVA [TERRA QUEBRADA],pilha de 8 locais em 50 m (8 localidades rurais distintas)
3126703,Francisco Sá,2012,115,1244,ESCOLA MUNICIPAL ANTÔNIO PEREIRA DA SILVA,POVOADO DE TERRA QUEBRADA,COMUNIDADE DE TERRA QUEBRADA,-43.5606946,-16.4298262,-43.469767,-16.25668,21.58,estabelecimento,alta,ESCOLA MUNIPAL ANTONIO PERREIRA DA SILVA [TERRA QUEBRADA],pilha de 8 locais em 50 m (8 localidades rurais distintas)
3126703,Francisco Sá,2014,115,1244,ESCOLA MUNICIPAL ANTÔNIO PEREIRA DA SILVA,POVOADO DE TERRA QUEBRADA,COMUNIDADE DE TERRA QUEBRADA,-43.5606946,-16.4298262,-43.469767,-16.25668,21.58,estabelecimento,alta,ESCOLA MUNIPAL ANTONIO PERREIRA DA SILVA [TERRA QUEBRADA],pilha de 8 locais em 50 m (8 localidades rurais distintas)
3126703,Francisco Sá,2016,115,1244,ESCOLA MUNICIPAL ANTÔNIO PEREIRA DA SILVA,POVOADO DE TERRA QUEBRADA,COMUNIDADE DE TERRA QUEBRADA,-43.5606946,-16.4298262,-43.469767,-16.25668,21.58,estabelecimento,alta,ESCOLA MUNIPAL ANTONIO PERREIRA DA SILVA [TERRA QUEBRADA],pilha de 9 locais em 50 m (8 localidades rurais distintas)
3126703,Francisco Sá,2018,115,1244,ESCOLA MUNICIPAL ANTÔNIO PEREIRA DA SILVA,POVOADO DE TERRA QUEBRADA,COMUNIDADE DE TERRA QUEBRADA,-43.5606946,-16.4298262,-43.469767,-16.25668,21.58,estabelecimento,alta,ESCOLA MUNIPAL ANTONIO PERREIRA DA SILVA [TERRA QUEBRADA],pilha de 9 locais em 50 m (8 localidades rurais distintas)
3126703,Francisco Sá,2020,115,1244,ESCOLA MUNICIPAL ANTÔNIO PEREIRA DA SILVA,POVOADO DE TERRA QUEBRADA,COMUNIDADE DE TERRA QUEBRADA,-43.5606946,-16.4298262,-43.469767,-16.25668,21.58,estabelecimento,alta,ESCOLA MUNIPAL ANTONIO PERREIRA DA SILVA [TERRA QUEBRADA],pilha de 9 locais em 50 m (8 localidades rurais distintas)
3126703,Francisco Sá,2022,115,1244,ESCOLA MUNICIPAL ANTÔNIO PEREIRA DA SILVA,POVOADO DE TERRA QUEBRADA,COMUNIDADE DE TERRA QUEBRADA,-43.5606946,-16.4298262,-43.469767,-16.25668,21.58,estabelecimento,alta,ESCOLA MUNIPAL ANTONIO PERREIRA DA SILVA [TERRA QUEBRADA],pilha de 9 locais em 50 m (8 localidades rurais distintas)
3126703,Francisco Sá,2024,115,1244,ESCOLA MUNICIPAL ANTÔNIO PEREIRA DA SILVA,POVOADO DE TERRA QUEBRADA,COMUNIDADE DE TERRA QUEBRADA,-43.5606946,-16.4298262,-43.469767,-16.25668,21.58,estabelecimento,alta,ESCOLA MUNIPAL ANTONIO PERREIRA DA SILVA [TERRA QUEBRADA],pilha de 9 locais em 50 m (8 localidades rurais distintas)
3126703,Francisco Sá,2016,115,1252,IGREJA DE NOSSA SENHORA DE BOA SORTE,COMUNIDADE DE BOA SORTE,BOA SORTE,-43.5606946,-16.4298262,,,,nao corrigido,,sem correspondencia no CNEFE,pilha de 9 locais em 50 m (8 localidades rurais distintas)
3126703,Francisco Sá,2018,115,1252,IGREJA DE NOSSA SENHORA DE BOA SORTE,COMUNIDADE DE BOA SORTE,BOA SORTE,-43.5606946,-16.4298262,,,,nao corrigido,,sem correspondencia no CNEFE,pilha de 9 locais em 50 m (8 localidades rurais distintas)
3126703,Francisco Sá,2020,115,1252,IGREJA DE NOSSA SENHORA DE BOA SORTE,COMUNIDADE DE BOA SORTE,BOA SORTE,-43.5606946,-16.4298262,,,,nao corrigido,,sem correspondencia no CNEFE,pilha de 9 locais em 50 m (8 localidades rurais distintas)
3126703,Francisco Sá,2022,115,1252,IGREJA DE NOSSA SENHORA DE BOA SORTE,COMUNIDADE DE BOA SORTE,BOA SORTE,-43.5606946,-16.4298262,,,,nao corrigido,,sem correspondencia no CNEFE,pilha de 9 locais em 50 m (8 localidades rurais distintas)
3126703,Francisco Sá,2024,115,1252,IGREJA DE NOSSA SENHORA DE BOA SORTE,COMUNIDADE DE BOA SORTE,BOA SORTE,-43.5606946,-16.4298262,,,,nao corrigido,,sem correspondencia no CNEFE,pilha de 9 locais em 50 m (8 localidades rurais distintas)
3126703,Francisco Sá,2006,115,1279,ESCOLA MUNICIPAL NOSSA SENHORA DE FÁTIMA,POVOADO DE CEDRO,POVOADO DE CEDRO,-43.7908453,-17.930178,,,,nao corrigido,,sem correspondencia no CNEFE,fora do municipio (128.1 km alem da divisa)
3126703,Francisco Sá,2008,115,1279,ESCOLA MUNICIPAL NOSSA SENHORA DE FÁTIMA,POVOADO DE CEDRO,POVOADO DE CEDRO,-43.7908453,-17.930178,,,,nao corrigido,,sem correspondencia no CNEFE,fora do municipio (128.1 km alem da divisa)
3126703,Francisco Sá,2010,115,1279,ESCOLA MUNICIPAL NOSSA SENHORA DE FÁTIMA,POVOADO DE CEDRO,POVOADO DE CEDRO,-43.7908453,-17.930178,,,,nao corrigido,,sem correspondencia no CNEFE,fora do municipio (128.1 km alem da divisa)
3126703,Francisco Sá,2012,115,1279,ESCOLA MUNICIPAL NOSSA SENHORA DE FÁTIMA,POVOADO DE CEDRO,POVOADO DE CEDRO,-43.7908453,-17.930178,,,,nao corrigido,,sem correspondencia no CNEFE,fora do municipio (128.1 km alem da divisa)
3126703,Francisco Sá,2014,115,1279,ESCOLA MUNICIPAL NOSSA SENHORA DE FÁTIMA,POVOADO DE CEDRO,POVOADO DE CEDRO,-43.7908453,-17.930178,,,,nao corrigido,,sem correspondencia no CNEFE,fora do municipio (128.1 km alem da divisa)
3126703,Francisco Sá,2016,115,1279,ESCOLA MUNICIPAL NOSSA SENHORA DE FÁTIMA,POVOADO DE CEDRO,POVOADO DE CEDRO,-43.7908453,-17.930178,,,,nao corrigido,,sem correspondencia no CNEFE,fora do municipio (128.1 km alem da divisa)
3126703,Francisco Sá,2018,115,1279,ESCOLA MUNICIPAL NOSSA SENHORA DE FÁTIMA,POVOADO DE CEDRO,POVOADO DE CEDRO,-43.7908453,-17.930178,,,,nao corrigido,,sem correspondencia no CNEFE,fora do municipio (128.1 km alem da divisa)
3126703,Francisco Sá,2020,115,1279,ESCOLA MUNICIPAL NOSSA SENHORA DE FÁTIMA,POVOADO DE CEDRO,POVOADO DE CEDRO,-43.7908453,-17.930178,,,,nao corrigido,,sem correspondencia no CNEFE,fora do municipio (128.1 km alem da divisa)
3126703,Francisco Sá,2022,115,1279,ESCOLA MUNICIPAL NOSSA SENHORA DE FÁTIMA,POVOADO DE CEDRO,POVOADO DE CEDRO,-43.7908453,-17.930178,,,,nao corrigido,,sem correspondencia no CNEFE,fora do municipio (128.1 km alem da divisa)
3126703,Francisco Sá,2024,115,1279,ASSOCIAÇÃO DOS PEQUENOS PRODUTORES RURAIS DA REGIÃO DO CEDRO,POVOADO DE CEDRO,POVOADO DE CEDRO,-43.7908453,-17.930178,,,,nao corrigido,,sem correspondencia no CNEFE,fora do municipio (128.1 km alem da divisa)
3126703,Francisco Sá,2006,115,1287,ANEXO DA IGREJA DE SÃO JOÃO BATISTA DE CHARQUINHO,POVOADO DE CHARQUINHO,POVOADO DE CHARQUINHO,-43.7908453,-17.930178,,,,nao corrigido,,sem correspondencia no CNEFE,fora do municipio (128.1 km alem da divisa)
3126703,Francisco Sá,2008,115,1287,ANEXO DA IGREJA DE SÃO JOÃO BATISTA DE CHARQUINHO,POVOADO DE CHARQUINHO,POVOADO DE CHARQUINHO,-43.7908453,-17.930178,,,,nao corrigido,,sem correspondencia no CNEFE,fora do municipio (128.1 km alem da divisa)
3126703,Francisco Sá,2010,115,1287,ANEXO DA IGREJA DE SÃO JOÃO BATISTA DE CHARQUINHO,POVOADO DE CHARQUINHO,POVOADO DE CHARQUINHO,-43.7908453,-17.930178,,,,nao corrigido,,sem correspondencia no CNEFE,fora do municipio (128.1 km alem da divisa)
3126703,Francisco Sá,2012,115,1287,ANEXO DA IGREJA DE SÃO JOÃO BATISTA DE CHARQUINHO,POVOADO DE CHARQUINHO,POVOADO DE CHARQUINHO,-43.7908453,-17.930178,,,,nao corrigido,,sem correspondencia no CNEFE,fora do municipio (128.1 km alem da divisa)
3126703,Francisco Sá,2014,115,1287,ANEXO DA IGREJA DE SÃO JOÃO BATISTA DE CHARQUINHO,POVOADO DE CHARQUINHO,POVOADO DE CHARQUINHO,-43.7908453,-17.930178,,,,nao corrigido,,sem correspondencia no CNEFE,fora do municipio (128.1 km alem da divisa)
3126703,Francisco Sá,2016,115,1287,ANEXO DA IGREJA DE SÃO JOÃO BATISTA DE CHARQUINHO,POVOADO DE CHARQUINHO,POVOADO DE CHARQUINHO,-43.7908453,-17.930178,,,,nao corrigido,,sem correspondencia no CNEFE,fora do municipio (128.1 km alem da divisa)
3126703,Francisco Sá,2018,115,1287,ANEXO DA IGREJA DE SÃO JOÃO BATISTA DE CHARQUINHO,POVOADO DE CHARQUINHO,POVOADO DE CHARQUINHO,-43.7908453,-17.930178,,,,nao corrigido,,sem correspondencia no CNEFE,fora do municipio (128.1 km alem da divisa)
3126703,Francisco Sá,2020,115,1287,ANEXO DA IGREJA DE SÃO JOÃO BATISTA DE CHARQUINHO,POVOADO DE CHARQUINHO,POVOADO DE CHARQUINHO,-43.7908453,-17.930178,,,,nao corrigido,,sem correspondencia no CNEFE,fora do municipio (128.1 km alem da divisa)
3126703,Francisco Sá,2022,115,1287,ANEXO DA IGREJA DE SÃO JOÃO BATISTA DE CHARQUINHO,POVOADO DE CHARQUINHO,POVOADO DE CHARQUINHO,-43.7908453,-17.930178,,,,nao corrigido,,sem correspondencia no CNEFE,fora do municipio (128.1 km alem da divisa)
3126703,Francisco Sá,2024,115,1287,ANEXO DA IGREJA DE  SÃO JOÃO BATISTA DE CHARQUINHO,POVOADO DE CHARQUINHO,POVOADO DE CHARQUINHO,-43.7908453,-17.930178,,,,nao corrigido,,sem correspondencia no CNEFE,fora do municipio (128.1 km alem da divisa)
3126703,Francisco Sá,2006,115,1368,ESCOLA MUNICIPAL MARCOLINA FERREIRA DOS REIS II,POVOADO DE BAIXA DO CHARQUINHO,POVOADO DE BAIXA DO CHARQUINHO,-43.7908453,-17.930178,-43.496777,-16.274418,186.96,estabelecimento,media,E M MARCOLINA FERREIRA DOS REIS 1 [FURADO DANTA],fora do municipio (128.1 km alem da divisa)
3126703,Francisco Sá,2008,115,1368,ESCOLA MUNICIPAL MARCOLINA FERREIRA DOS REIS II,POVOADO DE BAIXA DO CHARQUINHO,POVOADO DE BAIXA DO CHARQUINHO,-43.7908453,-17.930178,-43.496777,-16.274418,186.96,estabelecimento,media,E M MARCOLINA FERREIRA DOS REIS 1 [FURADO DANTA],fora do municipio (128.1 km alem da divisa)
3126703,Francisco Sá,2010,115,1368,ESCOLA MUNICIPAL MARCOLINA FERREIRA DOS REIS II,POVOADO DE BAIXA DO CHARQUINHO,POVOADO DE BAIXA DO CHARQUINHO,-43.7908453,-17.930178,-43.496777,-16.274418,186.96,estabelecimento,media,E M MARCOLINA FERREIRA DOS REIS 1 [FURADO DANTA],fora do municipio (128.1 km alem da divisa)
3126703,Francisco Sá,2012,115,1368,ESCOLA MUNICIPAL MARCOLINA FERREIRA DOS REIS II,POVOADO DE BAIXA DO CHARQUINHO,POVOADO DE BAIXA DO CHARQUINHO,-43.7908453,-17.930178,-43.496777,-16.274418,186.96,estabelecimento,media,E M MARCOLINA FERREIRA DOS REIS 1 [FURADO DANTA],fora do municipio (128.1 km alem da divisa)
3126703,Francisco Sá,2014,115,1368,ESCOLA MUNICIPAL MARCOLINA FERREIRA DOS REIS II,POVOADO DE BAIXA DO CHARQUINHO,POVOADO DE BAIXA DO CHARQUINHO,-43.7908453,-17.930178,-43.496777,-16.274418,186.96,estabelecimento,media,E M MARCOLINA FERREIRA DOS REIS 1 [FURADO DANTA],fora do municipio (128.1 km alem da divisa)
3126703,Francisco Sá,2016,115,1368,ASSOCIAÇÃO DE BAIXA DO CHARQUINHO,COMUNIDADE DE BAIXA DO CHARQUINHO,COMUNIDADE DE BAIXA DO CHARQUINHO,-43.7908453,-17.930178,-43.496777,-16.274418,186.96,estabelecimento,media,E M MARCOLINA FERREIRA DOS REIS 1 [FURADO DANTA],fora do municipio (128.1 km alem da divisa)
3126703,Francisco Sá,2018,115,1368,ASSOCIAÇÃO DE BAIXA DO CHARQUINHO,COMUNIDADE DE BAIXA DO CHARQUINHO,COMUNIDADE DE BAIXA DO CHARQUINHO,-43.7908453,-17.930178,-43.496777,-16.274418,186.96,estabelecimento,media,E M MARCOLINA FERREIRA DOS REIS 1 [FURADO DANTA],fora do municipio (128.1 km alem da divisa)
3126703,Francisco Sá,2020,115,1368,ASSOCIAÇÃO DE BAIXA DO CHARQUINHO,COMUNIDADE DE BAIXA DO CHARQUINHO,COMUNIDADE DE BAIXA DO CHARQUINHO,-43.7908453,-17.930178,-43.496777,-16.274418,186.96,estabelecimento,media,E M MARCOLINA FERREIRA DOS REIS 1 [FURADO DANTA],fora do municipio (128.1 km alem da divisa)
3126703,Francisco Sá,2022,115,1368,ASSOCIAÇÃO DE BAIXA DO CHARQUINHO,COMUNIDADE DE BAIXA DO CHARQUINHO,COMUNIDADE DE BAIXA DO CHARQUINHO,-43.7908453,-17.930178,-43.496777,-16.274418,186.96,estabelecimento,media,E M MARCOLINA FERREIRA DOS REIS 1 [FURADO DANTA],fora do municipio (128.1 km alem da divisa)
3126703,Francisco Sá,2024,115,1368,ASSOCIAÇÃO DE BAIXA DO CHARQUINHO,COMUNIDADE DE BAIXA DO CHARQUINHO,COMUNIDADE DE BAIXA DO CHARQUINHO,-43.7908453,-17.930178,-43.496777,-16.274418,186.96,estabelecimento,media,E M MARCOLINA FERREIRA DOS REIS 1 [FURADO DANTA],fora do municipio (128.1 km alem da divisa)
3126703,Francisco Sá,2006,115,1414,ESCOLA MUNICIPAL ALMIRANTE BARROSO,POVOADO DE JUNCO,POVOADO DE JUNCO,-43.5606946,-16.4298262,-43.526774,-16.379728,6.65,estabelecimento,alta,ESCOLA MUNICIPAL AMIRANTE BARROSO [JUNCO],pilha de 7 locais em 50 m (7 localidades rurais distintas)
3126703,Francisco Sá,2008,115,1414,ESCOLA MUNICIPAL ALMIRANTE BARROSO,POVOADO DE JUNCO,POVOADO DE JUNCO,-43.5606946,-16.4298262,-43.526774,-16.379728,6.65,estabelecimento,alta,ESCOLA MUNICIPAL AMIRANTE BARROSO [JUNCO],pilha de 7 locais em 50 m (7 localidades rurais distintas)
3126703,Francisco Sá,2010,115,1414,ESCOLA MUNICIPAL ALMIRANTE BARROSO,POVOADO DE JUNCO,POVOADO DE JUNCO,-43.5606946,-16.4298262,-43.526774,-16.379728,6.65,estabelecimento,alta,ESCOLA MUNICIPAL AMIRANTE BARROSO [JUNCO],pilha de 8 locais em 50 m (8 localidades rurais distintas)
3126703,Francisco Sá,2012,115,1414,ESCOLA MUNICIPAL ALMIRANTE BARROSO,POVOADO DE JUNCO,POVOADO DE JUNCO,-43.5606946,-16.4298262,-43.526774,-16.379728,6.65,estabelecimento,alta,ESCOLA MUNICIPAL AMIRANTE BARROSO [JUNCO],pilha de 8 locais em 50 m (8 localidades rurais distintas)
3126703,Francisco Sá,2014,115,1414,ESCOLA MUNICIPAL ALMIRANTE BARROSO,POVOADO DE JUNCO,POVOADO DE JUNCO,-43.5606946,-16.4298262,-43.526774,-16.379728,6.65,estabelecimento,alta,ESCOLA MUNICIPAL AMIRANTE BARROSO [JUNCO],pilha de 8 locais em 50 m (8 localidades rurais distintas)
3126703,Francisco Sá,2016,115,1414,ESCOLA MUNICIPAL ALMIRANTE BARROSO,POVOADO DE JUNCO,POVOADO DE JUNCO,-43.5606946,-16.4298262,-43.526774,-16.379728,6.65,estabelecimento,alta,ESCOLA MUNICIPAL AMIRANTE BARROSO [JUNCO],pilha de 9 locais em 50 m (8 localidades rurais distintas)
3126703,Francisco Sá,2018,115,1414,ESCOLA MUNICIPAL ALMIRANTE BARROSO,POVOADO DE JUNCO,POVOADO DE JUNCO,-43.5606946,-16.4298262,-43.526774,-16.379728,6.65,estabelecimento,alta,ESCOLA MUNICIPAL AMIRANTE BARROSO [JUNCO],pilha de 9 locais em 50 m (8 localidades rurais distintas)
3126703,Francisco Sá,2020,115,1414,ESCOLA MUNICIPAL ALMIRANTE BARROSO,POVOADO DE JUNCO,POVOADO DE JUNCO,-43.5606946,-16.4298262,-43.526774,-16.379728,6.65,estabelecimento,alta,ESCOLA MUNICIPAL AMIRANTE BARROSO [JUNCO],pilha de 9 locais em 50 m (8 localidades rurais distintas)
3126703,Francisco Sá,2022,115,1414,ESCOLA MUNICIPAL ALMIRANTE BARROSO,POVOADO DE JUNCO,POVOADO DE JUNCO,-43.5606946,-16.4298262,-43.526774,-16.379728,6.65,estabelecimento,alta,ESCOLA MUNICIPAL AMIRANTE BARROSO [JUNCO],pilha de 9 locais em 50 m (8 localidades rurais distintas)
3126703,Francisco Sá,2024,115,1414,ASS. PEQUENOS PRODUTORES RURAIS COQUEIRINHO JUNCO BAIXA VERDE ADJACÊNC,POVOADO DE JUNCO,POVOADO DE JUNCO,-43.5606946,-16.4298262,-43.526774,-16.379728,6.65,estabelecimento,alta,ESCOLA MUNICIPAL AMIRANTE BARROSO [JUNCO],pilha de 9 locais em 50 m (8 localidades rurais distintas)
3126703,Francisco Sá,2006,115,1430,ESCOLA MUNICIPAL MARCOLINA FERREIRA DOS REIS I,POVOADO DE FURADO DANTAS,POVOADO DE FURADO DANTA,-43.5606946,-16.4298262,,,,nao corrigido,,descartado: E M MARCOLINA FERREIRA DOS REIS 1 [FURADO DANTA] cairia sobre outro local (< 50 m),pilha de 7 locais em 50 m (7 localidades rurais distintas)
3126703,Francisco Sá,2008,115,1430,ESCOLA MUNICIPAL MARCOLINA FERREIRA DOS REIS I,POVOADO DE FURADO DANTAS,POVOADO DE FURADO DANTA,-43.5606946,-16.4298262,,,,nao corrigido,,descartado: E M MARCOLINA FERREIRA DOS REIS 1 [FURADO DANTA] cairia sobre outro local (< 50 m),pilha de 7 locais em 50 m (7 localidades rurais distintas)
3126703,Francisco Sá,2010,115,1430,ESCOLA MUNICIPAL MARCOLINA FERREIRA DOS REIS I,POVOADO DE FURADO DANTAS,POVOADO DE FURADO DANTA,-43.5606946,-16.4298262,,,,nao corrigido,,descartado: E M MARCOLINA FERREIRA DOS REIS 1 [FURADO DANTA] cairia sobre outro local (< 50 m),pilha de 8 locais em 50 m (8 localidades rurais distintas)
3126703,Francisco Sá,2012,115,1430,ESCOLA MUNICIPAL MARCOLINA FERREIRA DOS REIS I,POVOADO DE FURADO DANTAS,POVOADO DE FURADO DANTA,-43.5606946,-16.4298262,,,,nao corrigido,,descartado: E M MARCOLINA FERREIRA DOS REIS 1 [FURADO DANTA] cairia sobre outro local (< 50 m),pilha de 8 locais em 50 m (8 localidades rurais distintas)
3126703,Francisco Sá,2014,115,1430,ESCOLA MUNICIPAL MARCOLINA FERREIRA DOS REIS I,POVOADO DE FURADO DANTAS,POVOADO DE FURADO DANTA,-43.5606946,-16.4298262,,,,nao corrigido,,descartado: E M MARCOLINA FERREIRA DOS REIS 1 [FURADO DANTA] cairia sobre outro local (< 50 m),pilha de 8 locais em 50 m (8 localidades rurais distintas)
3126703,Francisco Sá,2016,115,1430,ESCOLA MUNICIPAL MARCOLINA FERREIRA DOS REIS I,POVOADO DE FURADO DANTAS,POVOADO DE FURADO DANTA,-43.5606946,-16.4298262,,,,nao corrigido,,descartado: E M MARCOLINA FERREIRA DOS REIS 1 [FURADO DANTA] cairia sobre outro local (< 50 m),pilha de 9 locais em 50 m (8 localidades rurais distintas)
3126703,Francisco Sá,2018,115,1430,ESCOLA MUNICIPAL MARCOLINA FERREIRA DOS REIS I,POVOADO DE FURADO DANTAS,POVOADO DE FURADO DANTA,-43.5606946,-16.4298262,,,,nao corrigido,,descartado: E M MARCOLINA FERREIRA DOS REIS 1 [FURADO DANTA] cairia sobre outro local (< 50 m),pilha de 9 locais em 50 m (8 localidades rurais distintas)
3126703,Francisco Sá,2020,115,1430,ESCOLA MUNICIPAL MARCOLINA FERREIRA DOS REIS I,POVOADO DE FURADO DANTAS,POVOADO DE FURADO DANTA,-43.5606946,-16.4298262,,,,nao corrigido,,descartado: E M MARCOLINA FERREIRA DOS REIS 1 [FURADO DANTA] cairia sobre outro local (< 50 m),pilha de 9 locais em 50 m (8 localidades rurais distintas)
3126703,Francisco Sá,2022,115,1430,ESCOLA MUNICIPAL MARCOLINA FERREIRA DOS REIS I,POVOADO DE FURADO DANTAS,POVOADO DE FURADO DANTA,-43.5606946,-16.4298262,,,,nao corrigido,,descartado: E M MARCOLINA FERREIRA DOS REIS 1 [FURADO DANTA] cairia sobre outro local (< 50 m),pilha de 9 locais em 50 m (8 localidades rurais distintas)
3126703,Francisco Sá,2024,115,1430,ESCOLA MUNICIPAL MARCOLINA FERREIRA DOS REIS I,POVOADO DE FURADO DANTAS,POVOADO DE FURADO DANTA,-43.5606946,-16.4298262,,,,nao corrigido,,descartado: E M MARCOLINA FERREIRA DOS REIS 1 [FURADO DANTA] cairia sobre outro local (< 50 m),pilha de 9 locais em 50 m (8 localidades rurais distintas)
3126703,Francisco Sá,2006,115,1449,ESCOLA MUNICIPAL PRESIDENTE CASTELO BRANCO II,POVOADO DE POCINHO,POVOADO DE POCINHO,-43.5606946,-16.4298262,-43.45276,-16.182319,29.87,localidade,media,"localidade PORCINHO ~ (54 enderecos, raio 1.2 km)",pilha de 7 locais em 50 m (7 localidades rurais distintas)
3126703,Francisco Sá,2008,115,1449,ESCOLA MUNICIPAL PRESIDENTE CASTELO BRANCO II,POVOADO DE POCINHO,POVOADO DE POCINHO,-43.5606946,-16.4298262,-43.45276,-16.182319,29.87,localidade,media,"localidade PORCINHO ~ (54 enderecos, raio 1.2 km)",pilha de 7 locais em 50 m (7 localidades rurais distintas)
3126703,Francisco Sá,2010,115,1449,ESCOLA MUNICIPAL PRESIDENTE CASTELO BRANCO II,POVOADO DE POCINHO,POVOADO DE POCINHO,-43.5606946,-16.4298262,-43.45276,-16.182319,29.87,localidade,media,"localidade PORCINHO ~ (54 enderecos, raio 1.2 km)",pilha de 8 locais em 50 m (8 localidades rurais distintas)
3126703,Francisco Sá,2012,115,1449,ESCOLA MUNICIPAL PRESIDENTE CASTELO BRANCO II,POVOADO DE POCINHO,POVOADO DE POCINHO,-43.5606946,-16.4298262,-43.45276,-16.182319,29.87,localidade,media,"localidade PORCINHO ~ (54 enderecos, raio 1.2 km)",pilha de 8 locais em 50 m (8 localidades rurais distintas)
3126703,Francisco Sá,2014,115,1449,ESCOLA MUNICIPAL PRESIDENTE CASTELO BRANCO II,POVOADO DE POCINHO,POVOADO DE POCINHO,-43.5606946,-16.4298262,-43.45276,-16.182319,29.87,localidade,media,"localidade PORCINHO ~ (54 enderecos, raio 1.2 km)",pilha de 8 locais em 50 m (8 localidades rurais distintas)
3126703,Francisco Sá,2016,115,1449,IGREJA DE POCINHO,COMUNIDADE DE POCINHO,COMUNIDADE DE POCINHO,-43.5606946,-16.4298262,-43.45276,-16.182319,29.87,localidade,media,"localidade PORCINHO ~ (54 enderecos, raio 1.2 km)",pilha de 9 locais em 50 m (8 localidades rurais distintas)
3126703,Francisco Sá,2018,115,1449,IGREJA DE POCINHO,COMUNIDADE DE POCINHO,COMUNIDADE DE POCINHO,-43.5606946,-16.4298262,-43.45276,-16.182319,29.87,localidade,media,"localidade PORCINHO ~ (54 enderecos, raio 1.2 km)",pilha de 9 locais em 50 m (8 localidades rurais distintas)
3126703,Francisco Sá,2020,115,1449,IGREJA DE POCINHO,COMUNIDADE DE POCINHO,COMUNIDADE DE POCINHO,-43.5606946,-16.4298262,-43.45276,-16.182319,29.87,localidade,media,"localidade PORCINHO ~ (54 enderecos, raio 1.2 km)",pilha de 9 locais em 50 m (8 localidades rurais distintas)
3126703,Francisco Sá,2022,115,1449,IGREJA DE POCINHO,COMUNIDADE DE POCINHO,COMUNIDADE DE POCINHO,-43.5606946,-16.4298262,-43.45276,-16.182319,29.87,localidade,media,"localidade PORCINHO ~ (54 enderecos, raio 1.2 km)",pilha de 9 locais em 50 m (8 localidades rurais distintas)
3126703,Francisco Sá,2024,115,1449,IGREJA DE POCINHO,COMUNIDADE DE POCINHO,COMUNIDADE DE POCINHO,-43.5606946,-16.4298262,-43.45276,-16.182319,29.87,localidade,media,"localidade PORCINHO ~ (54 enderecos, raio 1.2 km)",pilha de 9 locais em 50 m (8 localidades rurais distintas)
3126703,Francisco Sá,2006,115,1465,IGREJA DA COMUNIDADE DE BELVEDERE,POVOADO,POVOADO DE BELVEDERE,-43.5606946,-16.4298262,-43.648851,-16.61081,22.24,localidade,media,"localidade BELVEDERE (459 enderecos, raio 1.0 km)",pilha de 7 locais em 50 m (7 localidades rurais distintas)
3126703,Francisco Sá,2008,115,1465,IGREJA DA COMUNIDADE DE BELVEDERE,POVOADO,POVOADO DE BELVEDERE,-43.5606946,-16.4298262,-43.648851,-16.61081,22.24,localidade,media,"localidade BELVEDERE (459 enderecos, raio 1.0 km)",pilha de 7 locais em 50 m (7 localidades rurais distintas)
3126703,Francisco Sá,2010,115,1465,IGREJA DA COMUNIDADE DE BELVEDERE,POVOADO,POVOADO DE BELVEDERE,-43.5606946,-16.4298262,-43.648851,-16.61081,22.24,localidade,media,"localidade BELVEDERE (459 enderecos, raio 1.0 km)",pilha de 8 locais em 50 m (8 localidades rurais distintas)
3126703,Francisco Sá,2012,115,1465,IGREJA DA COMUNIDADE DE BELVEDERE,POVOADO,POVOADO DE BELVEDERE,-43.5606946,-16.4298262,-43.648851,-16.61081,22.24,localidade,media,"localidade BELVEDERE (459 enderecos, raio 1.0 km)",pilha de 8 locais em 50 m (8 localidades rurais distintas)
3126703,Francisco Sá,2014,115,1465,IGREJA DA COMUNIDADE DE BELVEDERE,POVOADO,POVOADO DE BELVEDERE,-43.5606946,-16.4298262,-43.648851,-16.61081,22.24,localidade,media,"localidade BELVEDERE (459 enderecos, raio 1.0 km)",pilha de 8 locais em 50 m (8 localidades rurais distintas)
3126703,Francisco Sá,2016,115,1465,IGREJA DA COMUNIDADE DE BELVEDERE,POVOADO,POVOADO DE BELVEDERE,-43.5606946,-16.4298262,-43.648851,-16.61081,22.24,localidade,media,"localidade BELVEDERE (459 enderecos, raio 1.0 km)",pilha de 9 locais em 50 m (8 localidades rurais distintas)
3126703,Francisco Sá,2018,115,1465,IGREJA DA COMUNIDADE DE BELVEDERE,POVOADO,POVOADO DE BELVEDERE,-43.5606946,-16.4298262,-43.648851,-16.61081,22.24,localidade,media,"localidade BELVEDERE (459 enderecos, raio 1.0 km)",pilha de 9 locais em 50 m (8 localidades rurais distintas)
3126703,Francisco Sá,2020,115,1465,IGREJA DA COMUNIDADE DE BELVEDERE,POVOADO,POVOADO DE BELVEDERE,-43.5606946,-16.4298262,-43.648851,-16.61081,22.24,localidade,media,"localidade BELVEDERE (459 enderecos, raio 1.0 km)",pilha de 9 locais em 50 m (8 localidades rurais distintas)
3126703,Francisco Sá,2022,115,1465,IGREJA DA COMUNIDADE DE BELVEDERE,POVOADO,POVOADO DE BELVEDERE,-43.5606946,-16.4298262,-43.648851,-16.61081,22.24,localidade,media,"localidade BELVEDERE (459 enderecos, raio 1.0 km)",pilha de 9 locais em 50 m (8 localidades rurais distintas)
3126703,Francisco Sá,2024,115,1465,IGREJA DA COMUNIDADE DE BELVEDERE,POVOADO,POVOADO DE BELVEDERE,-43.5606946,-16.4298262,-43.648851,-16.61081,22.24,localidade,media,"localidade BELVEDERE (459 enderecos, raio 1.0 km)",pilha de 9 locais em 50 m (8 localidades rurais distintas)
3126703,Francisco Sá,2008,115,1473,ESCOLA MUNICIPAL MANOEL MARTINS ROCHA,POVOADO,POVOADO DE JACARE,-43.2287292,-16.4045994,,,,nao corrigido,,"descartado: localidade JACARE (32 enderecos, raio 0.6 km) cairia sobre outro local (< 50 m)",fora do municipio (1.3 km alem da divisa)
3126703,Francisco Sá,2010,115,1473,ESCOLA MUNICIPAL MANOEL MARTINS ROCHA,POVOADO,POVOADO DE JACARE,-43.2287292,-16.4045994,,,,nao corrigido,,"descartado: localidade JACARE (32 enderecos, raio 0.6 km) cairia sobre outro local (< 50 m)",fora do municipio (1.3 km alem da divisa)
3126703,Francisco Sá,2012,115,1473,ESCOLA MUNICIPAL MANOEL MARTINS ROCHA,POVOADO,POVOADO DE JACARE,-43.2287292,-16.4045994,,,,nao corrigido,,"descartado: localidade JACARE (32 enderecos, raio 0.6 km) cairia sobre outro local (< 50 m)",fora do municipio (1.3 km alem da divisa)
3126703,Francisco Sá,2014,115,1473,ESCOLA MUNICIPAL MANOEL MARTINS ROCHA,POVOADO,POVOADO DE JACARE,-43.2287292,-16.4045994,,,,nao corrigido,,"descartado: localidade JACARE (32 enderecos, raio 0.6 km) cairia sobre outro local (< 50 m)",fora do municipio (1.3 km alem da divisa)
3126703,Francisco Sá,2016,115,1473,IGREJA DE BOM JESUS DA COMUNIDADE DE JACARÉ,COMUNIDADE DE JACARÉ,COMUNIDADE DE JACARÉ,-43.2287292,-16.4045994,,,,nao corrigido,,"descartado: localidade JACARE (32 enderecos, raio 0.6 km) cairia sobre outro local (< 50 m)",fora do municipio (1.3 km alem da divisa)
3126703,Francisco Sá,2018,115,1473,IGREJA DE BOM JESUS DA COMUNIDADE DE JACARÉ,COMUNIDADE DE JACARÉ,COMUNIDADE DE JACARÉ,-43.2287292,-16.4045994,,,,nao corrigido,,"descartado: localidade JACARE (32 enderecos, raio 0.6 km) cairia sobre outro local (< 50 m)",fora do municipio (1.3 km alem da divisa)
3126703,Francisco Sá,2020,115,1473,IGREJA DE BOM JESUS DA COMUNIDADE DE JACARÉ,COMUNIDADE DE JACARÉ,COMUNIDADE DE JACARÉ,-43.2287292,-16.4045994,,,,nao corrigido,,"descartado: localidade JACARE (32 enderecos, raio 0.6 km) cairia sobre outro local (< 50 m)",fora do municipio (1.3 km alem da divisa)
3126703,Francisco Sá,2022,115,1473,IGREJA DE BOM JESUS DA COMUNIDADE DE JACARÉ,COMUNIDADE DE JACARÉ,COMUNIDADE DE JACARÉ,-43.2287292,-16.4045994,,,,nao corrigido,,"descartado: localidade JACARE (32 enderecos, raio 0.6 km) cairia sobre outro local (< 50 m)",fora do municipio (1.3 km alem da divisa)
3126703,Francisco Sá,2024,115,1473,IGREJA DE BOM JESUS DA COMUNIDADE DE JACARÉ,COMUNIDADE DE JACARÉ,COMUNIDADE DE JACARÉ,-43.2287292,-16.4045994,-43.529304,-16.248783,36.5,localidade,media,"localidade JACARE (32 enderecos, raio 0.6 km)",fora do municipio (1.3 km alem da divisa)
3126703,Francisco Sá,2016,115,1481,"ASSOCIAÇÃO DE SANTOS REIS, CAPÃO VELHO E VALE DO GORUTUBA",POVOADO DE SANTOS REIS,COMUNIDADE DE SANTOS REIS,-43.5606946,-16.4298262,,,,nao corrigido,,sem correspondencia no CNEFE,pilha de 9 locais em 50 m (8 localidades rurais distintas)
3126703,Francisco Sá,2018,115,1481,"ASSOCIAÇÃO DE SANTOS REIS, CAPÃO VELHO E VALE DO GORUTUBA",POVOADO DE SANTOS REIS,COMUNIDADE DE SANTOS REIS,-43.5606946,-16.4298262,,,,nao corrigido,,sem correspondencia no CNEFE,pilha de 9 locais em 50 m (8 localidades rurais distintas)
3126703,Francisco Sá,2020,115,1481,"ASSOCIAÇÃO DE SANTOS REIS, CAPÃO VELHO E VALE DO GORUTUBA",POVOADO DE SANTOS REIS,COMUNIDADE DE SANTOS REIS,-43.5606946,-16.4298262,,,,nao corrigido,,sem correspondencia no CNEFE,pilha de 9 locais em 50 m (8 localidades rurais distintas)
3126703,Francisco Sá,2022,115,1481,"ASSOCIAÇÃO DE SANTOS REIS, CAPÃO VELHO E VALE DO GORUTUBA",POVOADO DE SANTOS REIS,COMUNIDADE DE SANTOS REIS,-43.5606946,-16.4298262,,,,nao corrigido,,sem correspondencia no CNEFE,pilha de 9 locais em 50 m (8 localidades rurais distintas)
3126703,Francisco Sá,2024,115,1481,"ASSOCIAÇÃO DE SANTOS REIS, CAPÃO VELHO E VALE DO GORUTUBA",POVOADO DE SANTOS REIS,COMUNIDADE DE SANTOS REIS,-43.5606946,-16.4298262,,,,nao corrigido,,sem correspondencia no CNEFE,pilha de 9 locais em 50 m (8 localidades rurais distintas)
3126703,Francisco Sá,2010,115,5500,IGREJA DOS SANTOS REIS,POVOADO DE SANTOS REIS,POVOADO DE SANTOS REIS,-43.5606946,-16.4298262,,,,nao corrigido,,sem correspondencia no CNEFE,pilha de 8 locais em 50 m (8 localidades rurais distintas)
3126703,Francisco Sá,2012,115,5500,IGREJA DOS SANTOS REIS,POVOADO DE SANTOS REIS,POVOADO DE SANTOS REIS,-43.5606946,-16.4298262,,,,nao corrigido,,sem correspondencia no CNEFE,pilha de 8 locais em 50 m (8 localidades rurais distintas)
3126703,Francisco Sá,2014,115,5500,IGREJA DOS SANTOS REIS,POVOADO DE SANTOS REIS,POVOADO DE SANTOS REIS,-43.5606946,-16.4298262,,,,nao corrigido,,sem correspondencia no CNEFE,pilha de 8 locais em 50 m (8 localidades rurais distintas)
3132305,Itaipé,2006,196,1023,ESCOLA ESTADUAL PROFESSORA FRANCISCA MATOS,CENTRO,"RUA 15 DE NOVEMBRO, N 160, CENTRO.",-49.2699665,-25.4372427,-41.6631298,-17.3943316,1192.93,escola_inep,alta,"INEP: EE PROFESSORA FRANCISCA MATOS [RUA QUINZE DE NOVEMBRO, 160 SAO PEDRO. 39815]",fora do municipio (1174.7 km alem da divisa)
3132305,Itaipé,2008,196,1023,ESCOLA ESTADUAL PROFESSORA FRANCISCA MATOS,CENTRO,"RUA 15 DE NOVEMBRO, N 160, CENTRO.",-49.2699665,-25.4372427,-41.6631298,-17.3943316,1192.93,escola_inep,alta,"INEP: EE PROFESSORA FRANCISCA MATOS [RUA QUINZE DE NOVEMBRO, 160 SAO PEDRO. 39815]",fora do municipio (1174.7 km alem da divisa)
3132305,Itaipé,2010,196,1023,ESCOLA ESTADUAL PROFESSORA FRANCISCA MATOS,CENTRO,"RUA 15 DE NOVEMBRO, N 160, CENTRO.",-49.2699665,-25.4372427,-41.6631298,-17.3943316,1192.93,escola_inep,alta,"INEP: EE PROFESSORA FRANCISCA MATOS [RUA QUINZE DE NOVEMBRO, 160 SAO PEDRO. 39815]",fora do municipio (1174.7 km alem da divisa)
3132305,Itaipé,2012,196,1023,ESCOLA ESTADUAL PROFESSORA FRANCISCA MATOS,CENTRO,"RUA 15 DE NOVEMBRO, N 160, CENTRO.",-49.2699665,-25.4372427,-41.6631298,-17.3943316,1192.93,escola_inep,alta,"INEP: EE PROFESSORA FRANCISCA MATOS [RUA QUINZE DE NOVEMBRO, 160 SAO PEDRO. 39815]",fora do municipio (1174.7 km alem da divisa)
3132305,Itaipé,2014,196,1023,ESCOLA ESTADUAL PROFESSORA FRANCISCA MATOS,CENTRO,"RUA 15 DE NOVEMBRO, N 160, CENTRO.",-49.2699665,-25.4372427,-41.6631298,-17.3943316,1192.93,escola_inep,alta,"INEP: EE PROFESSORA FRANCISCA MATOS [RUA QUINZE DE NOVEMBRO, 160 SAO PEDRO. 39815]",fora do municipio (1174.7 km alem da divisa)
3132305,Itaipé,2016,196,1023,ESCOLA ESTADUAL PROFESSORA FRANCISCA MATOS,CENTRO,"RUA 15 DE NOVEMBRO, N 160, CENTRO.",-49.2699665,-25.4372427,-41.6631298,-17.3943316,1192.93,escola_inep,alta,"INEP: EE PROFESSORA FRANCISCA MATOS [RUA QUINZE DE NOVEMBRO, 160 SAO PEDRO. 39815]",fora do municipio (1174.7 km alem da divisa)
3132305,Itaipé,2018,196,1023,ESCOLA ESTADUAL PROFESSORA FRANCISCA MATOS,CENTRO,"RUA 15 DE NOVEMBRO, N 160, CENTRO.",-49.2699665,-25.4372427,-41.6631298,-17.3943316,1192.93,escola_inep,alta,"INEP: EE PROFESSORA FRANCISCA MATOS [RUA QUINZE DE NOVEMBRO, 160 SAO PEDRO. 39815]",fora do municipio (1174.7 km alem da divisa)
3132305,Itaipé,2020,196,1023,ESCOLA ESTADUAL PROFESSORA FRANCISCA MATOS,CENTRO,"RUA 15 DE NOVEMBRO, N 160, CENTRO.",-49.2699665,-25.4372427,-41.6631298,-17.3943316,1192.93,escola_inep,alta,"INEP: EE PROFESSORA FRANCISCA MATOS [RUA QUINZE DE NOVEMBRO, 160 SAO PEDRO. 39815]",fora do municipio (1174.7 km alem da divisa)
3132305,Itaipé,2022,196,1023,ESCOLA ESTADUAL PROFESSORA FRANCISCA MATOS,CENTRO,"RUA 15 DE NOVEMBRO, N 160, CENTRO.",-49.2699665,-25.4372427,-41.6631298,-17.3943316,1192.93,escola_inep,alta,"INEP: EE PROFESSORA FRANCISCA MATOS [RUA QUINZE DE NOVEMBRO, 160 SAO PEDRO. 39815]",fora do municipio (1174.7 km alem da divisa)
3132305,Itaipé,2024,196,1023,ESCOLA ESTADUAL PROFESSORA FRANCISCA MATOS,CENTRO,"RUA 15 DE NOVEMBRO, N 160, CENTRO.",-49.2699665,-25.4372427,-41.6631298,-17.3943316,1192.93,escola_inep,alta,"INEP: EE PROFESSORA FRANCISCA MATOS [RUA QUINZE DE NOVEMBRO, 160 SAO PEDRO. 39815]",fora do municipio (1174.7 km alem da divisa)
3132305,Itaipé,2006,196,1031,ESCOLA MUNICIPAL MARIA ÂNGELA,ZONA RURAL,"COMUNIDADE DA BREJAÚBA,S/N, ZONA RURAL",-47.2097249,-19.598657,-41.71138,-17.456907,627.42,estabelecimento,alta,ESCOLA MUNICPAL MARIA ANGELA [BREJAUBA],fora do municipio (623.5 km alem da divisa)
3132305,Itaipé,2008,196,1031,ESCOLA MUNICIPAL MARIA ÂNGELA,ZONA RURAL,"COMUNIDADE DA BREJAÚBA,S/N, ZONA RURAL",-47.2097249,-19.598657,-41.71138,-17.456907,627.42,estabelecimento,alta,ESCOLA MUNICPAL MARIA ANGELA [BREJAUBA],fora do municipio (623.5 km alem da divisa)
3132305,Itaipé,2010,196,1031,ESCOLA MUNICIPAL MARIA ÂNGELA,ZONA RURAL,"COMUNIDADE DA BREJAÚBA,S/N, ZONA RURAL",-47.2097249,-19.598657,-41.71138,-17.456907,627.42,estabelecimento,alta,ESCOLA MUNICPAL MARIA ANGELA [BREJAUBA],fora do municipio (623.5 km alem da divisa)
3132305,Itaipé,2012,196,1031,ESCOLA MUNICIPAL MARIA ÂNGELA,ZONA RURAL,"COMUNIDADE DA BREJAÚBA,S/N, ZONA RURAL",-47.2097249,-19.598657,-41.71138,-17.456907,627.42,estabelecimento,alta,ESCOLA MUNICPAL MARIA ANGELA [BREJAUBA],fora do municipio (623.5 km alem da divisa)
3132305,Itaipé,2014,196,1031,ESCOLA MUNICIPAL MARIA ÂNGELA,ZONA RURAL,"COMUNIDADE DA BREJAÚBA,S/N, ZONA RURAL",-47.2097249,-19.598657,-41.71138,-17.456907,627.42,estabelecimento,alta,ESCOLA MUNICPAL MARIA ANGELA [BREJAUBA],fora do municipio (623.5 km alem da divisa)
3132305,Itaipé,2016,196,1031,ESCOLA MUNICIPAL MARIA ÂNGELA,ZONA RURAL,"COMUNIDADE DA BREJAÚBA,S/N, ZONA RURAL",-47.2097249,-19.598657,-41.71138,-17.456907,627.42,estabelecimento,alta,ESCOLA MUNICPAL MARIA ANGELA [BREJAUBA],fora do municipio (623.5 km alem da divisa)
3132305,Itaipé,2018,196,1031,ESCOLA MUNICIPAL MARIA ÂNGELA,ZONA RURAL,"COMUNIDADE DA BREJAÚBA,S/N, ZONA RURAL",-47.2097249,-19.598657,-41.71138,-17.456907,627.42,estabelecimento,alta,ESCOLA MUNICPAL MARIA ANGELA [BREJAUBA],fora do municipio (623.5 km alem da divisa)
3132305,Itaipé,2020,196,1031,ESCOLA MUNICIPAL MARIA ÂNGELA,ZONA RURAL,"COMUNIDADE DA BREJAÚBA,S/N, ZONA RURAL",-47.2097249,-19.598657,-41.71138,-17.456907,627.42,estabelecimento,alta,ESCOLA MUNICPAL MARIA ANGELA [BREJAUBA],fora do municipio (623.5 km alem da divisa)
3132305,Itaipé,2022,196,1031,ESCOLA MUNICIPAL MARIA ÂNGELA,ZONA RURAL,"COMUNIDADE DA BREJAÚBA,S/N, ZONA RURAL",-47.2097249,-19.598657,-41.71138,-17.456907,627.42,estabelecimento,alta,ESCOLA MUNICPAL MARIA ANGELA [BREJAUBA],fora do municipio (623.5 km alem da divisa)
3132305,Itaipé,2024,196,1031,ESCOLA MUNICIPAL MARIA ÂNGELA,ZONA RURAL,"COMUNIDADE DA BREJAÚBA,S/N, ZONA RURAL",-47.2097249,-19.598657,-41.71138,-17.456907,627.42,estabelecimento,alta,ESCOLA MUNICPAL MARIA ANGELA [BREJAUBA],fora do municipio (623.5 km alem da divisa)
3132305,Itaipé,2006,196,1040,ESCOLA MUNICIPAL SIMÃO TAVARES,ZONA RURAL,"COMUNIDADE DA PEDRA DO CHIFRE, S/N, ZONA RURAL",-47.2097249,-19.598657,-41.6031624,-17.4029142,640.35,escola_inep,alta,"INEP: EM SIMAO TAVARES [CORREGO PEDRA DO CHIFRE, 39815-000 Itaipé - ]",fora do municipio (623.5 km alem da divisa)
3132305,Itaipé,2008,196,1040,ESCOLA MUNICIPAL SIMÃO TAVARES,ZONA RURAL,"COMUNIDADE DA PEDRA DO CHIFRE, S/N, ZONA RURAL",-47.2097249,-19.598657,-41.6031624,-17.4029142,640.35,escola_inep,alta,"INEP: EM SIMAO TAVARES [CORREGO PEDRA DO CHIFRE, 39815-000 Itaipé - ]",fora do municipio (623.5 km alem da divisa)
3132305,Itaipé,2010,196,1040,ESCOLA MUNICIPAL SIMÃO TAVARES,ZONA RURAL,"COMUNIDADE DA PEDRA DO CHIFRE, S/N, ZONA RURAL",-47.2097249,-19.598657,-41.6031624,-17.4029142,640.35,escola_inep,alta,"INEP: EM SIMAO TAVARES [CORREGO PEDRA DO CHIFRE, 39815-000 Itaipé - ]",fora do municipio (623.5 km alem da divisa)
3132305,Itaipé,2012,196,1040,ESCOLA MUNICIPAL SIMÃO TAVARES,ZONA RURAL,"COMUNIDADE DA PEDRA DO CHIFRE, S/N, ZONA RURAL",-47.2097249,-19.598657,-41.6031624,-17.4029142,640.35,escola_inep,alta,"INEP: EM SIMAO TAVARES [CORREGO PEDRA DO CHIFRE, 39815-000 Itaipé - ]",fora do municipio (623.5 km alem da divisa)
3132305,Itaipé,2014,196,1040,ESCOLA MUNICIPAL SIMÃO TAVARES,ZONA RURAL,"COMUNIDADE DA PEDRA DO CHIFRE, S/N, ZONA RURAL",-47.2097249,-19.598657,-41.6031624,-17.4029142,640.35,escola_inep,alta,"INEP: EM SIMAO TAVARES [CORREGO PEDRA DO CHIFRE, 39815-000 Itaipé - ]",fora do municipio (623.5 km alem da divisa)
3132305,Itaipé,2016,196,1040,ESCOLA MUNICIPAL SIMÃO TAVARES,ZONA RURAL,"COMUNIDADE DA PEDRA DO CHIFRE, S/N, ZONA RURAL",-47.2097249,-19.598657,-41.6031624,-17.4029142,640.35,escola_inep,alta,"INEP: EM SIMAO TAVARES [CORREGO PEDRA DO CHIFRE, 39815-000 Itaipé - ]",fora do municipio (623.5 km alem da divisa)
3132305,Itaipé,2018,196,1040,ESCOLA MUNICIPAL SIMÃO TAVARES,ZONA RURAL,"COMUNIDADE DA PEDRA DO CHIFRE, S/N, ZONA RURAL",-47.2097249,-19.598657,-41.6031624,-17.4029142,640.35,escola_inep,alta,"INEP: EM SIMAO TAVARES [CORREGO PEDRA DO CHIFRE, 39815-000 Itaipé - ]",fora do municipio (623.5 km alem da divisa)
3132305,Itaipé,2020,196,1040,ESCOLA MUNICIPAL SIMÃO TAVARES,ZONA RURAL,"COMUNIDADE DA PEDRA DO CHIFRE, S/N, ZONA RURAL",-47.2097249,-19.598657,-41.6031624,-17.4029142,640.35,escola_inep,alta,"INEP: EM SIMAO TAVARES [CORREGO PEDRA DO CHIFRE, 39815-000 Itaipé - ]",fora do municipio (623.5 km alem da divisa)
3132305,Itaipé,2022,196,1040,ESCOLA MUNICIPAL SIMÃO TAVARES,ZONA RURAL,"COMUNIDADE DA PEDRA DO CHIFRE, S/N, ZONA RURAL",-47.2097249,-19.598657,-41.6031624,-17.4029142,640.35,escola_inep,alta,"INEP: EM SIMAO TAVARES [CORREGO PEDRA DO CHIFRE, 39815-000 Itaipé - ]",fora do municipio (623.5 km alem da divisa)
3132305,Itaipé,2024,196,1040,ESCOLA MUNICIPAL SIMÃO TAVARES,ZONA RURAL,"COMUNIDADE DA PEDRA DO CHIFRE, S/N, ZONA RURAL",-47.2097249,-19.598657,-41.6031624,-17.4029142,640.35,escola_inep,alta,"INEP: EM SIMAO TAVARES [CORREGO PEDRA DO CHIFRE, 39815-000 Itaipé - ]",fora do municipio (623.5 km alem da divisa)
3132305,Itaipé,2008,196,1074,ESCOLA MUNICIPAL JOSÉ RAMOS,ZONA RURAL,"COMUNIDADE RURAL DA LAGES,S/N, ZONA RURAL",-47.2097249,-19.598657,-41.641254,-17.361773,638.48,estabelecimento,media,ESCOLA MUNICIPAL JOSE RAMOS [COMUNIDADE LAJES],fora do municipio (623.5 km alem da divisa)
3132305,Itaipé,2010,196,1074,ESCOLA MUNICIPAL JOSÉ RAMOS,ZONA RURAL,"COMUNIDADE RURAL DA LAGES,S/N, ZONA RURAL",-47.2097249,-19.598657,-41.641254,-17.361773,638.48,estabelecimento,media,ESCOLA MUNICIPAL JOSE RAMOS [COMUNIDADE LAJES],fora do municipio (623.5 km alem da divisa)
3132305,Itaipé,2012,196,1074,ESCOLA MUNICIPAL JOSÉ RAMOS,ZONA RURAL,"COMUNIDADE RURAL DA LAGES,S/N, ZONA RURAL",-47.2097249,-19.598657,-41.641254,-17.361773,638.48,estabelecimento,media,ESCOLA MUNICIPAL JOSE RAMOS [COMUNIDADE LAJES],fora do municipio (623.5 km alem da divisa)
3132305,Itaipé,2014,196,1074,ESCOLA MUNICIPAL JOSÉ RAMOS,ZONA RURAL,"COMUNIDADE RURAL DA LAGES,S/N, ZONA RURAL",-47.2097249,-19.598657,-41.641254,-17.361773,638.48,estabelecimento,media,ESCOLA MUNICIPAL JOSE RAMOS [COMUNIDADE LAJES],fora do municipio (623.5 km alem da divisa)
3132305,Itaipé,2016,196,1074,ESCOLA MUNICIPAL JOSÉ RAMOS,ZONA RURAL,"COMUNIDADE RURAL DA LAGES,S/N, ZONA RURAL",-47.2097249,-19.598657,-41.641254,-17.361773,638.48,estabelecimento,media,ESCOLA MUNICIPAL JOSE RAMOS [COMUNIDADE LAJES],fora do municipio (623.5 km alem da divisa)
3132305,Itaipé,2018,196,1074,ESCOLA MUNICIPAL JOSÉ RAMOS,ZONA RURAL,"COMUNIDADE RURAL DA LAGES,S/N, ZONA RURAL",-47.2097249,-19.598657,-41.641254,-17.361773,638.48,estabelecimento,media,ESCOLA MUNICIPAL JOSE RAMOS [COMUNIDADE LAJES],fora do municipio (623.5 km alem da divisa)
3132305,Itaipé,2020,196,1074,ESCOLA MUNICIPAL JOSÉ RAMOS,ZONA RURAL,"COMUNIDADE RURAL DA LAGES,S/N, ZONA RURAL",-47.2097249,-19.598657,-41.641254,-17.361773,638.48,estabelecimento,media,ESCOLA MUNICIPAL JOSE RAMOS [COMUNIDADE LAJES],fora do municipio (623.5 km alem da divisa)
3132305,Itaipé,2022,196,1074,ESCOLA MUNICIPAL JOSÉ RAMOS,ZONA RURAL,"COMUNIDADE RURAL DA LAGES,S/N, ZONA RURAL",-47.2097249,-19.598657,-41.641254,-17.361773,638.48,estabelecimento,media,ESCOLA MUNICIPAL JOSE RAMOS [COMUNIDADE LAJES],fora do municipio (623.5 km alem da divisa)
3132305,Itaipé,2024,196,1074,ESCOLA MUNICIPAL JOSÉ RAMOS,ZONA RURAL,"COMUNIDADE RURAL DA LAGES,S/N, ZONA RURAL",-47.2097249,-19.598657,-41.641254,-17.361773,638.48,estabelecimento,media,ESCOLA MUNICIPAL JOSE RAMOS [COMUNIDADE LAJES],fora do municipio (623.5 km alem da divisa)
3132305,Itaipé,2008,196,1090,ESCOLA MUNICIPAL ANTÔNIO INÁCIO,ZONA RURAL,"COMUNIDADE RURAL MONTE ALTO,S/N, ZONA RURAL",-47.2097249,-19.598657,-41.732887,-17.408137,627.48,estabelecimento,alta,ESCOLA MUNICIPAL ANTONIO INACIO [MONTE ALTO],fora do municipio (623.5 km alem da divisa)
3132305,Itaipé,2010,196,1090,ESCOLA MUNICIPAL ANTÔNIO INÁCIO,ZONA RURAL,"COMUNIDADE RURAL MONTE ALTO,S/N, ZONA RURAL",-47.2097249,-19.598657,-41.732887,-17.408137,627.48,estabelecimento,alta,ESCOLA MUNICIPAL ANTONIO INACIO [MONTE ALTO],fora do municipio (623.5 km alem da divisa)
3132305,Itaipé,2012,196,1090,ESCOLA MUNICIPAL ANTÔNIO INÁCIO,ZONA RURAL,"COMUNIDADE RURAL MONTE ALTO,S/N, ZONA RURAL",-47.2097249,-19.598657,-41.732887,-17.408137,627.48,estabelecimento,alta,ESCOLA MUNICIPAL ANTONIO INACIO [MONTE ALTO],fora do municipio (623.5 km alem da divisa)
3132305,Itaipé,2014,196,1090,ESCOLA MUNICIPAL ANTÔNIO INÁCIO,ZONA RURAL,"COMUNIDADE RURAL MONTE ALTO,S/N, ZONA RURAL",-47.2097249,-19.598657,-41.732887,-17.408137,627.48,estabelecimento,alta,ESCOLA MUNICIPAL ANTONIO INACIO [MONTE ALTO],fora do municipio (623.5 km alem da divisa)
3132305,Itaipé,2016,196,1090,ESCOLA MUNICIPAL ANTÔNIO INÁCIO,ZONA RURAL,"COMUNIDADE RURAL MONTE ALTO,S/N, ZONA RURAL",-47.2097249,-19.598657,-41.732887,-17.408137,627.48,estabelecimento,alta,ESCOLA MUNICIPAL ANTONIO INACIO [MONTE ALTO],fora do municipio (623.5 km alem da divisa)
3132305,Itaipé,2018,196,1090,ESCOLA MUNICIPAL ANTÔNIO INÁCIO,ZONA RURAL,"COMUNIDADE RURAL MONTE ALTO,S/N, ZONA RURAL",-47.2097249,-19.598657,-41.732887,-17.408137,627.48,estabelecimento,alta,ESCOLA MUNICIPAL ANTONIO INACIO [MONTE ALTO],fora do municipio (623.5 km alem da divisa)
3132305,Itaipé,2020,196,1090,ESCOLA MUNICIPAL ANTÔNIO INÁCIO,ZONA RURAL,"COMUNIDADE RURAL MONTE ALTO,S/N, ZONA RURAL",-47.2097249,-19.598657,-41.732887,-17.408137,627.48,estabelecimento,alta,ESCOLA MUNICIPAL ANTONIO INACIO [MONTE ALTO],fora do municipio (623.5 km alem da divisa)
3132305,Itaipé,2022,196,1090,ESCOLA MUNICIPAL ANTÔNIO INÁCIO,ZONA RURAL,"COMUNIDADE RURAL MONTE ALTO,S/N, ZONA RURAL",-47.2097249,-19.598657,-41.732887,-17.408137,627.48,estabelecimento,alta,ESCOLA MUNICIPAL ANTONIO INACIO [MONTE ALTO],fora do municipio (623.5 km alem da divisa)
3132305,Itaipé,2024,196,1090,ESCOLA MUNICIPAL ANTÔNIO INÁCIO,ZONA RURAL,"COMUNIDADE RURAL MONTE ALTO,S/N, ZONA RURAL",-47.2097249,-19.598657,-41.732887,-17.408137,627.48,estabelecimento,alta,ESCOLA MUNICIPAL ANTONIO INACIO [MONTE ALTO],fora do municipio (623.5 km alem da divisa)
3132305,Itaipé,2008,196,1104,ESCOLA MUNICIPAL GERMANO BARBOSA,ZONA RURAL,"COMUNIDADE RURAL DA CAROCA II, S/N, ZONA RURAL",-47.2097249,-19.598657,-41.6766623,-17.4084965,632.94,escola_inep,media,"INEP: EM GERMANO BARBOSA [CORREGO CAROCA II, 39815-000 Itaipé - MG.]",fora do municipio (623.5 km alem da divisa)
3132305,Itaipé,2010,196,1104,ESCOLA MUNICIPAL GERMANO BARBOSA,ZONA RURAL,"COMUNIDADE RURAL DA CAROCA II, S/N, ZONA RURAL",-47.2097249,-19.598657,-41.6766623,-17.4084965,632.94,escola_inep,media,"INEP: EM GERMANO BARBOSA [CORREGO CAROCA II, 39815-000 Itaipé - MG.]",fora do municipio (623.5 km alem da divisa)
3132305,Itaipé,2012,196,1104,ESCOLA MUNICIPAL GERMANO BARBOSA,ZONA RURAL,"COMUNIDADE RURAL DA CAROCA II, S/N, ZONA RURAL",-47.2097249,-19.598657,-41.6766623,-17.4084965,632.94,escola_inep,media,"INEP: EM GERMANO BARBOSA [CORREGO CAROCA II, 39815-000 Itaipé - MG.]",fora do municipio (623.5 km alem da divisa)
3132305,Itaipé,2014,196,1104,ESCOLA MUNICIPAL GERMANO BARBOSA,ZONA RURAL,"COMUNIDADE RURAL DA CAROCA II, S/N, ZONA RURAL",-47.2097249,-19.598657,-41.6766623,-17.4084965,632.94,escola_inep,media,"INEP: EM GERMANO BARBOSA [CORREGO CAROCA II, 39815-000 Itaipé - MG.]",fora do municipio (623.5 km alem da divisa)
3132305,Itaipé,2016,196,1104,ESCOLA MUNICIPAL GERMANO BARBOSA,ZONA RURAL,"COMUNIDADE RURAL DA CAROCA II, S/N, ZONA RURAL",-47.2097249,-19.598657,-41.6766623,-17.4084965,632.94,escola_inep,media,"INEP: EM GERMANO BARBOSA [CORREGO CAROCA II, 39815-000 Itaipé - MG.]",fora do municipio (623.5 km alem da divisa)
3132305,Itaipé,2018,196,1104,ESCOLA MUNICIPAL GERMANO BARBOSA,ZONA RURAL,"COMUNIDADE RURAL DA CAROCA II, S/N, ZONA RURAL",-47.2097249,-19.598657,-41.6766623,-17.4084965,632.94,escola_inep,media,"INEP: EM GERMANO BARBOSA [CORREGO CAROCA II, 39815-000 Itaipé - MG.]",fora do municipio (623.5 km alem da divisa)
3132305,Itaipé,2020,196,1104,ESCOLA MUNICIPAL GERMANO BARBOSA,ZONA RURAL,"COMUNIDADE RURAL DA CAROCA II, S/N, ZONA RURAL",-47.2097249,-19.598657,-41.6766623,-17.4084965,632.94,escola_inep,media,"INEP: EM GERMANO BARBOSA [CORREGO CAROCA II, 39815-000 Itaipé - MG.]",fora do municipio (623.5 km alem da divisa)
3132305,Itaipé,2022,196,1104,ESCOLA MUNICIPAL GERMANO BARBOSA,ZONA RURAL,"COMUNIDADE RURAL DA CAROCA II, S/N, ZONA RURAL",-47.2097249,-19.598657,-41.6766623,-17.4084965,632.94,escola_inep,media,"INEP: EM GERMANO BARBOSA [CORREGO CAROCA II, 39815-000 Itaipé - MG.]",fora do municipio (623.5 km alem da divisa)
3132305,Itaipé,2024,196,1104,ESCOLA MUNICIPAL GERMANO BARBOSA,ZONA RURAL,"COMUNIDADE RURAL DA CAROCA II, S/N, ZONA RURAL",-47.2097249,-19.598657,-41.6766623,-17.4084965,632.94,escola_inep,media,"INEP: EM GERMANO BARBOSA [CORREGO CAROCA II, 39815-000 Itaipé - MG.]",fora do municipio (623.5 km alem da divisa)
3138682,Luislândia,2006,50,1015,ESCOLA ESTADUAL TEOFILO PIRES,CENTRO,"RUA SETE DE SETEMBRO, 246",-45.1877851,-22.7813616,-44.588431,-16.114903,744.77,estabelecimento,alta,ESCOLA ESTADUAL TEOFILO PIRES [CENTRO],fora do municipio (719.5 km alem da divisa)
3138682,Luislândia,2008,50,1015,ESCOLA ESTADUAL TEOFILO PIRES,CENTRO,"RUA SETE DE SETEMBRO, 246",-45.1877851,-22.7813616,-44.588431,-16.114903,744.77,estabelecimento,alta,ESCOLA ESTADUAL TEOFILO PIRES [CENTRO],fora do municipio (719.5 km alem da divisa)
3138682,Luislândia,2010,50,1015,ESCOLA ESTADUAL TEOFILO PIRES,CENTRO,"RUA SETE DE SETEMBRO, 246",-45.1877851,-22.7813616,-44.588431,-16.114903,744.77,estabelecimento,alta,ESCOLA ESTADUAL TEOFILO PIRES [CENTRO],fora do municipio (719.5 km alem da divisa)
3138682,Luislândia,2012,50,1015,ESCOLA ESTADUAL TEOFILO PIRES,CENTRO,"RUA SETE DE SETEMBRO, 246",-45.1877851,-22.7813616,-44.588431,-16.114903,744.77,estabelecimento,alta,ESCOLA ESTADUAL TEOFILO PIRES [CENTRO],fora do municipio (719.5 km alem da divisa)
3138682,Luislândia,2014,50,1015,ESCOLA ESTADUAL TEOFILO PIRES,CENTRO,"RUA SETE DE SETEMBRO, 246",-45.1877851,-22.7813616,-44.588431,-16.114903,744.77,estabelecimento,alta,ESCOLA ESTADUAL TEOFILO PIRES [CENTRO],fora do municipio (719.5 km alem da divisa)
3138682,Luislândia,2016,50,1015,ESCOLA ESTADUAL TEOFILO PIRES,CENTRO,"RUA SETE DE SETEMBRO, 246",-45.1877851,-22.7813616,-44.588431,-16.114903,744.77,estabelecimento,alta,ESCOLA ESTADUAL TEOFILO PIRES [CENTRO],fora do municipio (719.5 km alem da divisa)
3138682,Luislândia,2018,50,1015,ESCOLA ESTADUAL TEOFILO PIRES,CENTRO,"RUA SETE DE SETEMBRO, 246",-45.1877851,-22.7813616,-44.588431,-16.114903,744.77,estabelecimento,alta,ESCOLA ESTADUAL TEOFILO PIRES [CENTRO],fora do municipio (719.5 km alem da divisa)
3138682,Luislândia,2020,50,1015,ESCOLA ESTADUAL TEOFILO PIRES,CENTRO,"RUA SETE DE SETEMBRO, 246",-45.1877851,-22.7813616,-44.588431,-16.114903,744.77,estabelecimento,alta,ESCOLA ESTADUAL TEOFILO PIRES [CENTRO],fora do municipio (719.5 km alem da divisa)
3138682,Luislândia,2022,50,1015,ESCOLA ESTADUAL TEOFILO PIRES,CENTRO,"RUA SETE DE SETEMBRO, 246",-45.1877851,-22.7813616,-44.588431,-16.114903,744.77,estabelecimento,alta,ESCOLA ESTADUAL TEOFILO PIRES [CENTRO],fora do municipio (719.5 km alem da divisa)
3138682,Luislândia,2024,50,1015,ESCOLA ESTADUAL TEOFILO PIRES,CENTRO,"RUA SETE DE SETEMBRO, 246",-45.1877851,-22.7813616,-44.588431,-16.114903,744.77,estabelecimento,alta,ESCOLA ESTADUAL TEOFILO PIRES [CENTRO],fora do municipio (719.5 km alem da divisa)
3138682,Luislândia,2006,50,1082,ESCOLA MUNICIPAL SANTA RITA,ZONA RURAL,FAZENDA BREJAO,-43.7908453,-17.930178,-44.582799,-16.091111,221.4,localidade,media,"localidade BREJAO (65 enderecos, raio 1.8 km)",fora do municipio (199.0 km alem da divisa)
3138682,Luislândia,2008,50,1082,ESCOLA MUNICIPAL SANTA RITA,ZONA RURAL,FAZENDA BREJAO,-43.7908453,-17.930178,-44.582799,-16.091111,221.4,localidade,media,"localidade BREJAO (65 enderecos, raio 1.8 km)",fora do municipio (199.0 km alem da divisa)
3138682,Luislândia,2010,50,1082,ESCOLA MUNICIPAL SANTA RITA,ZONA RURAL,FAZENDA BREJAO,-43.7908453,-17.930178,-44.582799,-16.091111,221.4,localidade,media,"localidade BREJAO (65 enderecos, raio 1.8 km)",fora do municipio (199.0 km alem da divisa)
3138682,Luislândia,2012,50,1082,ESCOLA MUNICIPAL SANTA RITA,ZONA RURAL,FAZENDA BREJAO,-43.7908453,-17.930178,-44.582799,-16.091111,221.4,localidade,media,"localidade BREJAO (65 enderecos, raio 1.8 km)",fora do municipio (199.0 km alem da divisa)
3138682,Luislândia,2014,50,1082,ESCOLA MUNICIPAL SANTA RITA,ZONA RURAL,FAZENDA BREJAO,-43.7908453,-17.930178,-44.582799,-16.091111,221.4,localidade,media,"localidade BREJAO (65 enderecos, raio 1.8 km)",fora do municipio (199.0 km alem da divisa)
3138682,Luislândia,2016,50,1082,ESCOLA MUNICIPAL SANTA RITA,ZONA RURAL,FAZENDA BREJAO,-43.7908453,-17.930178,-44.582799,-16.091111,221.4,localidade,media,"localidade BREJAO (65 enderecos, raio 1.8 km)",fora do municipio (199.0 km alem da divisa)
3138682,Luislândia,2018,50,1082,ESCOLA MUNICIPAL SANTA RITA,ZONA RURAL,FAZENDA BREJAO,-43.7908453,-17.930178,-44.582799,-16.091111,221.4,localidade,media,"localidade BREJAO (65 enderecos, raio 1.8 km)",fora do municipio (199.0 km alem da divisa)
3138682,Luislândia,2020,50,1082,ESCOLA MUNICIPAL SANTA RITA,ZONA RURAL,FAZENDA BREJAO,-43.7908453,-17.930178,-44.582799,-16.091111,221.4,localidade,media,"localidade BREJAO (65 enderecos, raio 1.8 km)",fora do municipio (199.0 km alem da divisa)
3138682,Luislândia,2022,50,1082,ESCOLA MUNICIPAL SANTA RITA,ZONA RURAL,FAZENDA BREJAO,-43.7908453,-17.930178,-44.582799,-16.091111,221.4,localidade,media,"localidade BREJAO (65 enderecos, raio 1.8 km)",fora do municipio (199.0 km alem da divisa)
3138682,Luislândia,2024,50,1082,ESCOLA MUNICIPAL SANTA RITA,ZONA RURAL,FAZENDA BREJAO                              ,-43.7908453,-17.930178,-44.582799,-16.091111,221.4,localidade,media,"localidade BREJAO (65 enderecos, raio 1.8 km)",fora do municipio (199.0 km alem da divisa)
3138682,Luislândia,2006,50,1090,ESCOLA MUNICIPAL MANOEL GONCALVES PASSOS,ZONA RURAL,COMUNIDADE DE SUSSUARANA,-43.7908453,-17.930178,-44.5880747,-16.1178761,218.87,escola_inep,media,"INEP: EM MANOEL GONCALVES PASSOS [FAZENDA SUSSUARANA, AREA RURAL. 39336-000 Lu]",fora do municipio (199.0 km alem da divisa)
3138682,Luislândia,2008,50,1090,ESCOLA MUNICIPAL MANOEL GONCALVES PASSOS,ZONA RURAL,COMUNIDADE DE SUSSUARANA,-43.7908453,-17.930178,-44.5880747,-16.1178761,218.87,escola_inep,media,"INEP: EM MANOEL GONCALVES PASSOS [FAZENDA SUSSUARANA, AREA RURAL. 39336-000 Lu]",fora do municipio (199.0 km alem da divisa)
3138682,Luislândia,2010,50,1090,ESCOLA MUNICIPAL MANOEL GONCALVES PASSOS,ZONA RURAL,COMUNIDADE DE SUSSUARANA,-43.7908453,-17.930178,-44.5880747,-16.1178761,218.87,escola_inep,media,"INEP: EM MANOEL GONCALVES PASSOS [FAZENDA SUSSUARANA, AREA RURAL. 39336-000 Lu]",fora do municipio (199.0 km alem da divisa)
3138682,Luislândia,2012,50,1090,ESCOLA MUNICIPAL MANOEL GONCALVES PASSOS,ZONA RURAL,COMUNIDADE DE SUSSUARANA,-43.7908453,-17.930178,-44.5880747,-16.1178761,218.87,escola_inep,media,"INEP: EM MANOEL GONCALVES PASSOS [FAZENDA SUSSUARANA, AREA RURAL. 39336-000 Lu]",fora do municipio (199.0 km alem da divisa)
3138682,Luislândia,2014,50,1090,ESCOLA MUNICIPAL MANOEL GONCALVES PASSOS,ZONA RURAL,COMUNIDADE DE SUSSUARANA,-43.7908453,-17.930178,-44.5880747,-16.1178761,218.87,escola_inep,media,"INEP: EM MANOEL GONCALVES PASSOS [FAZENDA SUSSUARANA, AREA RURAL. 39336-000 Lu]",fora do municipio (199.0 km alem da divisa)
3138682,Luislândia,2016,50,1090,ESCOLA MUNICIPAL MANOEL GONCALVES PASSOS,ZONA RURAL,COMUNIDADE DE SUSSUARANA,-43.7908453,-17.930178,-44.5880747,-16.1178761,218.87,escola_inep,media,"INEP: EM MANOEL GONCALVES PASSOS [FAZENDA SUSSUARANA, AREA RURAL. 39336-000 Lu]",fora do municipio (199.0 km alem da divisa)
3138682,Luislândia,2018,50,1090,ESCOLA MUNICIPAL MANOEL GONCALVES PASSOS,ZONA RURAL,COMUNIDADE DE SUSSUARANA,-43.7908453,-17.930178,-44.5880747,-16.1178761,218.87,escola_inep,media,"INEP: EM MANOEL GONCALVES PASSOS [FAZENDA SUSSUARANA, AREA RURAL. 39336-000 Lu]",fora do municipio (199.0 km alem da divisa)
3138682,Luislândia,2020,50,1090,ESCOLA MUNICIPAL MANOEL GONCALVES PASSOS,ZONA RURAL,COMUNIDADE DE SUSSUARANA,-43.7908453,-17.930178,-44.5880747,-16.1178761,218.87,escola_inep,media,"INEP: EM MANOEL GONCALVES PASSOS [FAZENDA SUSSUARANA, AREA RURAL. 39336-000 Lu]",fora do municipio (199.0 km alem da divisa)
3138682,Luislândia,2022,50,1090,ESCOLA MUNICIPAL MANOEL GONCALVES PASSOS,ZONA RURAL,COMUNIDADE DE SUSSUARANA,-43.7908453,-17.930178,-44.5880747,-16.1178761,218.87,escola_inep,media,"INEP: EM MANOEL GONCALVES PASSOS [FAZENDA SUSSUARANA, AREA RURAL. 39336-000 Lu]",fora do municipio (199.0 km alem da divisa)
3138682,Luislândia,2024,50,1090,ESCOLA MUNICIPAL MANOEL GONCALVES PASSOS,ZONA RURAL,COMUNIDADE DE SUSSUARANA,-43.7908453,-17.930178,-44.5880747,-16.1178761,218.87,escola_inep,media,"INEP: EM MANOEL GONCALVES PASSOS [FAZENDA SUSSUARANA, AREA RURAL. 39336-000 Lu]",fora do municipio (199.0 km alem da divisa)
3138682,Luislândia,2006,50,1104,ASSOCIAÇÃO COMUNITÁRIA ALMAS CARAIBAS,ZONA RURAL,FAZENDA CARAIBAS E OLHOS DAGUA,-44.433649,-16.2131693,-44.571723,-16.259064,15.62,localidade,media,"localidade CARAIBAS E OLHOS DAGUA (62 enderecos, raio 1.8 km)",fora do municipio (9.2 km alem da divisa)
3138682,Luislândia,2008,50,1104,ASSOCIAÇÃO COMUNITÁRIA ALMAS CARAIBAS,ZONA RURAL,FAZENDA CARAIBAS E OLHOS DAGUA,-44.433649,-16.2131693,-44.571723,-16.259064,15.62,localidade,media,"localidade CARAIBAS E OLHOS DAGUA (62 enderecos, raio 1.8 km)",fora do municipio (9.2 km alem da divisa)
3138682,Luislândia,2010,50,1104,ASSOCIAÇÃO COMUNITÁRIA ALMAS CARAIBAS,ZONA RURAL,FAZENDA CARAIBAS E OLHOS DAGUA,-44.433649,-16.2131693,-44.571723,-16.259064,15.62,localidade,media,"localidade CARAIBAS E OLHOS DAGUA (62 enderecos, raio 1.8 km)",fora do municipio (9.2 km alem da divisa)
3138682,Luislândia,2012,50,1104,ASSOCIAÇÃO COMUNITÁRIA ALMAS CARAIBAS,ZONA RURAL,FAZENDA CARAIBAS E OLHOS DAGUA,-44.433649,-16.2131693,-44.571723,-16.259064,15.62,localidade,media,"localidade CARAIBAS E OLHOS DAGUA (62 enderecos, raio 1.8 km)",fora do municipio (9.2 km alem da divisa)
3138682,Luislândia,2014,50,1104,ASSOCIAÇÃO COMUNITÁRIA ALMAS CARAIBAS,ZONA RURAL,FAZENDA CARAIBAS E OLHOS DAGUA,-44.433649,-16.2131693,-44.571723,-16.259064,15.62,localidade,media,"localidade CARAIBAS E OLHOS DAGUA (62 enderecos, raio 1.8 km)",fora do municipio (9.2 km alem da divisa)
3138682,Luislândia,2016,50,1104,ASSOCIAÇÃO COMUNITÁRIA ALMAS CARAIBAS,ZONA RURAL,FAZENDA CARAIBAS E OLHOS DAGUA,-44.433649,-16.2131693,-44.571723,-16.259064,15.62,localidade,media,"localidade CARAIBAS E OLHOS DAGUA (62 enderecos, raio 1.8 km)",fora do municipio (9.2 km alem da divisa)
3138682,Luislândia,2018,50,1104,ASSOCIAÇÃO COMUNITÁRIA ALMAS CARAIBAS,ZONA RURAL,FAZENDA CARAIBAS E OLHOS DAGUA,-44.433649,-16.2131693,-44.571723,-16.259064,15.62,localidade,media,"localidade CARAIBAS E OLHOS DAGUA (62 enderecos, raio 1.8 km)",fora do municipio (9.2 km alem da divisa)
3138682,Luislândia,2020,50,1104,ASSOCIAÇÃO COMUNITÁRIA ALMAS CARAIBAS,ZONA RURAL,FAZENDA CARAIBAS E OLHOS DAGUA,-44.433649,-16.2131693,-44.571723,-16.259064,15.62,localidade,media,"localidade CARAIBAS E OLHOS DAGUA (62 enderecos, raio 1.8 km)",fora do municipio (9.2 km alem da divisa)
3138682,Luislândia,2022,50,1104,ASSOCIAÇÃO COMUNITÁRIA ALMAS CARAIBAS,ZONA RURAL,FAZENDA CARAIBAS E OLHOS DAGUA,-44.433649,-16.2131693,-44.571723,-16.259064,15.62,localidade,media,"localidade CARAIBAS E OLHOS DAGUA (62 enderecos, raio 1.8 km)",fora do municipio (9.2 km alem da divisa)
3138682,Luislândia,2024,50,1104,ASSOCIAÇÃO COMUNITÁRIA ALMAS CARAIBAS,ZONA RURAL,FAZENDA CARAIBAS E OLHOS D'AGUA,-44.433649,-16.2131693,-44.571723,-16.259064,15.62,localidade,media,"localidade CARAIBAS E OLHOS DAGUA (62 enderecos, raio 1.8 km)",fora do municipio (9.2 km alem da divisa)
3138682,Luislândia,2006,50,1112,POSTO DE SAUDE COMUNITARIO,ZONA RURAL,COMUNIDADE DE TAMANDUA,-43.3704037,-16.9603596,-44.514365,-16.076751,156.78,estabelecimento,alta,POSTO DE SAUDE COMUNITARIO [TAMANDUA],fora do municipio (144.7 km alem da divisa)
3138682,Luislândia,2008,50,1112,POSTO DE SAUDE COMUNITARIO,ZONA RURAL,COMUNIDADE DE TAMANDUA,-43.3704037,-16.9603596,-44.514365,-16.076751,156.78,estabelecimento,alta,POSTO DE SAUDE COMUNITARIO [TAMANDUA],fora do municipio (144.7 km alem da divisa)
3138682,Luislândia,2010,50,1112,POSTO DE SAUDE COMUNITARIO,ZONA RURAL,COMUNIDADE DE TAMANDUA,-43.3704037,-16.9603596,-44.514365,-16.076751,156.78,estabelecimento,alta,POSTO DE SAUDE COMUNITARIO [TAMANDUA],fora do municipio (144.7 km alem da divisa)
3138682,Luislândia,2012,50,1112,POSTO DE SAUDE COMUNITARIO,ZONA RURAL,COMUNIDADE DE TAMANDUA,-43.3704037,-16.9603596,-44.514365,-16.076751,156.78,estabelecimento,alta,POSTO DE SAUDE COMUNITARIO [TAMANDUA],fora do municipio (144.7 km alem da divisa)
3138682,Luislândia,2014,50,1112,POSTO DE SAUDE COMUNITARIO,ZONA RURAL,COMUNIDADE DE TAMANDUA,-43.3704037,-16.9603596,-44.514365,-16.076751,156.78,estabelecimento,alta,POSTO DE SAUDE COMUNITARIO [TAMANDUA],fora do municipio (144.7 km alem da divisa)
3138682,Luislândia,2016,50,1112,POSTO DE SAUDE COMUNITARIO,ZONA RURAL,COMUNIDADE DE TAMANDUA,-43.3704037,-16.9603596,-44.514365,-16.076751,156.78,estabelecimento,alta,POSTO DE SAUDE COMUNITARIO [TAMANDUA],fora do municipio (144.7 km alem da divisa)
3138682,Luislândia,2018,50,1112,POSTO DE SAUDE COMUNITARIO,ZONA RURAL,COMUNIDADE DE TAMANDUA,-43.3704037,-16.9603596,-44.514365,-16.076751,156.78,estabelecimento,alta,POSTO DE SAUDE COMUNITARIO [TAMANDUA],fora do municipio (144.7 km alem da divisa)
3138682,Luislândia,2020,50,1112,POSTO DE SAUDE COMUNITARIO,ZONA RURAL,COMUNIDADE DE TAMANDUA,-43.3704037,-16.9603596,-44.514365,-16.076751,156.78,estabelecimento,alta,POSTO DE SAUDE COMUNITARIO [TAMANDUA],fora do municipio (144.7 km alem da divisa)
3138682,Luislândia,2022,50,1112,POSTO DE SAUDE COMUNITARIO,ZONA RURAL,COMUNIDADE DE TAMANDUA,-43.3704037,-16.9603596,-44.514365,-16.076751,156.78,estabelecimento,alta,POSTO DE SAUDE COMUNITARIO [TAMANDUA],fora do municipio (144.7 km alem da divisa)
3138682,Luislândia,2024,50,1112,POSTO DE SAUDE COMUNITARIO,ZONA RURAL,COMUNIDADE DE TAMANDUA,-43.3704037,-16.9603596,-44.514365,-16.076751,156.78,estabelecimento,alta,POSTO DE SAUDE COMUNITARIO [TAMANDUA],fora do municipio (144.7 km alem da divisa)
3138682,Luislândia,2012,50,1139,ESCOLA MUNICIPAL JÚLIA MULATA,ZONA RURAL,COMUNIDADE JÚLIA MULATA,-44.4273193,-16.2047744,-44.666679,-16.329168,29.09,estabelecimento,alta,ESCOLA JULIA MULATA [JULIA MULATA],fora do municipio (9.1 km alem da divisa)
3138682,Luislândia,2014,50,1139,ESCOLA MUNICIPAL JÚLIA MULATA,ZONA RURAL,COMUNIDADE JÚLIA MULATA,-44.4273193,-16.2047744,-44.666679,-16.329168,29.09,estabelecimento,alta,ESCOLA JULIA MULATA [JULIA MULATA],fora do municipio (9.1 km alem da divisa)
3138682,Luislândia,2016,50,1139,ESCOLA MUNICIPAL JÚLIA MULATA,ZONA RURAL,COMUNIDADE JÚLIA MULATA,-44.4273193,-16.2047744,-44.666679,-16.329168,29.09,estabelecimento,alta,ESCOLA JULIA MULATA [JULIA MULATA],fora do municipio (9.1 km alem da divisa)
3138682,Luislândia,2018,50,1139,ESCOLA MUNICIPAL JÚLIA MULATA,ZONA RURAL,COMUNIDADE JÚLIA MULATA,-44.4273193,-16.2047744,-44.666679,-16.329168,29.09,estabelecimento,alta,ESCOLA JULIA MULATA [JULIA MULATA],fora do municipio (9.1 km alem da divisa)
3138682,Luislândia,2020,50,1139,ESCOLA MUNICIPAL JÚLIA MULATA,ZONA RURAL,COMUNIDADE JÚLIA MULATA,-44.4273193,-16.2047744,-44.666679,-16.329168,29.09,estabelecimento,alta,ESCOLA JULIA MULATA [JULIA MULATA],fora do municipio (9.1 km alem da divisa)
3138682,Luislândia,2022,50,1139,ESCOLA MUNICIPAL JÚLIA MULATA,ZONA RURAL,COMUNIDADE JÚLIA MULATA,-44.4273193,-16.2047744,-44.666679,-16.329168,29.09,estabelecimento,alta,ESCOLA JULIA MULATA [JULIA MULATA],fora do municipio (9.1 km alem da divisa)
3138682,Luislândia,2024,50,1139,ESCOLA MUNICIPAL JÚLIA MULATA,ZONA RURAL,COMUNIDADE JÚLIA MULATA,-44.4273193,-16.2047744,-44.666679,-16.329168,29.09,estabelecimento,alta,ESCOLA JULIA MULATA [JULIA MULATA],fora do municipio (9.1 km alem da divisa)
2920908,Mascote,2006,133,1015,GRUPO ESCOLAR CAROLINA SEVERIANA RIBEIRO,CENTRO,PRACA LUIZ VIANA FILHO - ZONA URBANA,-39.49710189,-15.41209295,-39.30198,-15.56474,26.96,escola_inep,media,"INEP: EE - COLEGIO ESTADUAL CAROLINA SEVERIANO RIBEIRO [R. RUA INACIO TOSTA FILHO, 00270 CS,CS,CS. C]",fora do municipio (10.1 km alem da divisa)
2920908,Mascote,2008,133,1015,GRUPO ESCOLAR CAROLINA SEVERIANA RIBEIRO,CENTRO,PRACA LUIZ VIANA FILHO - ZONA URBANA,-39.49710189,-15.41209295,-39.30198,-15.56474,26.96,escola_inep,media,"INEP: EE - COLEGIO ESTADUAL CAROLINA SEVERIANO RIBEIRO [R. RUA INACIO TOSTA FILHO, 00270 CS,CS,CS. C]",fora do municipio (10.1 km alem da divisa)
2920908,Mascote,2010,133,1015,GRUPO ESCOLAR CAROLINA SEVERIANA RIBEIRO,CENTRO,PRACA LUIZ VIANA FILHO - ZONA URBANA,-39.49710189,-15.41209295,-39.30198,-15.56474,26.96,escola_inep,media,"INEP: EE - COLEGIO ESTADUAL CAROLINA SEVERIANO RIBEIRO [R. RUA INACIO TOSTA FILHO, 00270 CS,CS,CS. C]",fora do municipio (10.1 km alem da divisa)
2920908,Mascote,2012,133,1015,GRUPO ESCOLAR CAROLINA SEVERIANA RIBEIRO,CENTRO,PRACA LUIZ VIANA FILHO - ZONA URBANA,-39.49710189,-15.41209295,-39.30198,-15.56474,26.96,escola_inep,media,"INEP: EE - COLEGIO ESTADUAL CAROLINA SEVERIANO RIBEIRO [R. RUA INACIO TOSTA FILHO, 00270 CS,CS,CS. C]",fora do municipio (10.1 km alem da divisa)
2920908,Mascote,2014,133,1015,COLEGIO ESTADUAL CAROLINA SEVERIANA RIBEIRO,CENTRO,PRACA LUIZ VIANA FILHO SN - ZONA URBANA,-39.49710189,-15.41209295,-39.30198,-15.56474,26.96,escola_inep,media,"INEP: EE - COLEGIO ESTADUAL CAROLINA SEVERIANO RIBEIRO [R. RUA INACIO TOSTA FILHO, 00270 CS,CS,CS. C]",fora do municipio (10.1 km alem da divisa)
2920908,Mascote,2016,133,1015,COLEGIO ESTADUAL CAROLINA SEVERIANA RIBEIRO,CENTRO,PRACA LUIZ VIANA FILHO SN - ZONA URBANA,-39.49710189,-15.41209295,-39.30198,-15.56474,26.96,escola_inep,media,"INEP: EE - COLEGIO ESTADUAL CAROLINA SEVERIANO RIBEIRO [R. RUA INACIO TOSTA FILHO, 00270 CS,CS,CS. C]",fora do municipio (10.1 km alem da divisa)
2920908,Mascote,2018,133,1015,COLEGIO ESTADUAL CAROLINA SEVERIANA RIBEIRO,CENTRO,PRACA LUIZ VIANA FILHO SN - ZONA URBANA,-39.49710189,-15.41209295,-39.30198,-15.56474,26.96,escola_inep,media,"INEP: EE - COLEGIO ESTADUAL CAROLINA SEVERIANO RIBEIRO [R. RUA INACIO TOSTA FILHO, 00270 CS,CS,CS. C]",fora do municipio (10.1 km alem da divisa)
2920908,Mascote,2020,133,1015,COLÉGIO ESTADUAL CAROLINA SEVERIANA RIBEIRO,CENTRO,PRAÇA LUIZ VIANA FILHO SN - ZONA URBANA,-39.49710189,-15.41209295,-39.30198,-15.56474,26.96,escola_inep,media,"INEP: EE - COLEGIO ESTADUAL CAROLINA SEVERIANO RIBEIRO [R. RUA INACIO TOSTA FILHO, 00270 CS,CS,CS. C]",fora do municipio (10.1 km alem da divisa)
2920908,Mascote,2006,133,1023,CENTRO EDUCACIONAL DE MASCOTE,CENTRO,"PÇA. LUIZ VIANA FILHO, 270, CENTRO",-39.4971545,-15.41207906,,,,nao corrigido,,sem correspondencia no CNEFE,fora do municipio (10.1 km alem da divisa)
2920908,Mascote,2008,133,1023,CENTRO EDUCACIONAL DE MASCOTE,CENTRO,"PÇA. LUIZ VIANA FILHO, 270, CENTRO",-39.4971545,-15.41207906,,,,nao corrigido,,sem correspondencia no CNEFE,fora do municipio (10.1 km alem da divisa)
2920908,Mascote,2010,133,1023,CENTRO EDUCACIONAL DE MASCOTE,CENTRO,"PÇA. LUIZ VIANA FILHO, 270, CENTRO",-39.4971545,-15.41207906,,,,nao corrigido,,sem correspondencia no CNEFE,fora do municipio (10.1 km alem da divisa)
2920908,Mascote,2012,133,1023,CENTRO EDUCACIONAL DE MASCOTE,CENTRO,"PÇA. LUIZ VIANA FILHO, 270, CENTRO",-39.4971545,-15.41207906,,,,nao corrigido,,sem correspondencia no CNEFE,fora do municipio (10.1 km alem da divisa)
2920908,Mascote,2014,133,1023,CENTRO EDUCACIONAL DE MASCOTE,CENTRO,"PÇA. LUIZ VIANA FILHO, 270, CENTRO",-39.4971545,-15.41207906,,,,nao corrigido,,sem correspondencia no CNEFE,fora do municipio (10.1 km alem da divisa)
2920908,Mascote,2016,133,1023,CENTRO EDUCACIONAL DE MASCOTE,CENTRO,"PÇA. LUIZ VIANA FILHO, 270, CENTRO",-39.4971545,-15.41207906,,,,nao corrigido,,sem correspondencia no CNEFE,fora do municipio (10.1 km alem da divisa)
2920908,Mascote,2018,133,1023,CENTRO EDUCACIONAL DE MASCOTE,CENTRO,"PÇA. LUIZ VIANA FILHO, 270, CENTRO",-39.4971545,-15.41207906,,,,nao corrigido,,sem correspondencia no CNEFE,fora do municipio (10.1 km alem da divisa)
2920908,Mascote,2020,133,1023,CENTRO EDUCACIONAL DE MASCOTE,CENTRO,"PÇA. LUIZ VIANA FILHO, 270, CENTRO",-39.4971545,-15.41207906,,,,nao corrigido,,sem correspondencia no CNEFE,fora do municipio (10.1 km alem da divisa)
2920908,Mascote,2022,133,1023,CENTRO EDUCACIONAL DE MASCOTE,CENTRO,"PÇA. LUIZ VIANA FILHO, 270, CENTRO",-39.4971545,-15.41207906,,,,nao corrigido,,sem correspondencia no CNEFE,fora do municipio (10.1 km alem da divisa)
2920908,Mascote,2024,133,1023,CENTRO EDUCACIONAL DE MASCOTE,CENTRO,"PÇA. LUIZ VIANA FILHO, 270, CENTRO",-39.4971545,-15.41207906,,,,nao corrigido,,sem correspondencia no CNEFE,fora do municipio (10.1 km alem da divisa)
2920908,Mascote,2006,133,1031,ESCOLA RUI BARBOSA,DISTRITO PIMENTA,"PÇA. DA ACLAMAÇÃO, S/N, DIST. PIMENTA",-39.4971344,-15.41207357,,,,nao corrigido,,descartado: ESCOLA RUI BARBOSA [PIMENTA] | distrito Pimenta cairia sobre outro local (< 50 m),fora do municipio (10.1 km alem da divisa)
2920908,Mascote,2008,133,1031,ESCOLA RUI BARBOSA,DISTRITO PIMENTA,"PÇA. DA ACLAMAÇÃO, S/N, DIST. PIMENTA",-39.4971344,-15.41207357,,,,nao corrigido,,descartado: ESCOLA RUI BARBOSA [PIMENTA] | distrito Pimenta cairia sobre outro local (< 50 m),fora do municipio (10.1 km alem da divisa)
2920908,Mascote,2010,133,1031,ESCOLA RUI BARBOSA,DISTRITO PIMENTA,"PÇA. DA ACLAMAÇÃO, S/N, DIST. PIMENTA",-39.4971344,-15.41207357,,,,nao corrigido,,descartado: ESCOLA RUI BARBOSA [PIMENTA] | distrito Pimenta cairia sobre outro local (< 50 m),fora do municipio (10.1 km alem da divisa)
2920908,Mascote,2012,133,1031,ESCOLA RUI BARBOSA,DISTRITO PIMENTA,"PÇA. DA ACLAMAÇÃO, S/N, DIST. PIMENTA",-39.4971344,-15.41207357,-39.406851,-15.485038,12.64,estabelecimento,alta,ESCOLA RUI BARBOSA [PIMENTA] | distrito Pimenta,fora do municipio (10.1 km alem da divisa)
2920908,Mascote,2014,133,1031,ESCOLA RUI BARBOSA,DISTRITO PIMENTA,"PÇA. DA ACLAMAÇÃO, S/N, DIST. PIMENTA",-39.4971344,-15.41207357,-39.406851,-15.485038,12.64,estabelecimento,alta,ESCOLA RUI BARBOSA [PIMENTA] | distrito Pimenta,fora do municipio (10.1 km alem da divisa)
2920908,Mascote,2016,133,1031,ESCOLA RUI BARBOSA,DISTRITO PIMENTA,"PÇA. DA ACLAMAÇÃO, S/N, DIST. PIMENTA",-39.4971344,-15.41207357,-39.406851,-15.485038,12.64,estabelecimento,alta,ESCOLA RUI BARBOSA [PIMENTA] | distrito Pimenta,fora do municipio (10.1 km alem da divisa)
2920908,Mascote,2018,133,1031,ESCOLA RUI BARBOSA,DISTRITO PIMENTA,"PÇA. DA ACLAMAÇÃO, S/N, DIST. PIMENTA",-39.4971344,-15.41207357,-39.406851,-15.485038,12.64,estabelecimento,alta,ESCOLA RUI BARBOSA [PIMENTA] | distrito Pimenta,fora do municipio (10.1 km alem da divisa)
2920908,Mascote,2020,133,1031,ESCOLA RUI BARBOSA,DISTRITO PIMENTA,"PÇA. DA ACLAMAÇÃO, S/N, DIST. PIMENTA",-39.4971344,-15.41207357,-39.406851,-15.485038,12.64,estabelecimento,alta,ESCOLA RUI BARBOSA [PIMENTA] | distrito Pimenta,fora do municipio (10.1 km alem da divisa)
2920908,Mascote,2022,133,1031,ESCOLA RUI BARBOSA,DISTRITO PIMENTA,"PÇA. DA ACLAMAÇÃO, S/N, DIST. PIMENTA",-39.4971344,-15.41207357,-39.406851,-15.485038,12.64,estabelecimento,alta,ESCOLA RUI BARBOSA [PIMENTA] | distrito Pimenta,fora do municipio (10.1 km alem da divisa)
2920908,Mascote,2024,133,1031,ESCOLA RUI BARBOSA,DISTRITO PIMENTA,"PÇA. DA ACLAMAÇÃO, S/N, DIST. PIMENTA",-39.4971344,-15.41207357,-39.406851,-15.485038,12.64,estabelecimento,alta,ESCOLA RUI BARBOSA [PIMENTA] | distrito Pimenta,fora do municipio (10.1 km alem da divisa)
2920908,Mascote,2006,133,1058,ESCOLA LEONÍDIO GUERREIRO,DISTRITO NOVO HORIZONTE,"RUA BEIRA RIO, S/N POVOADO NOVO HORIZONTE",-39.49718298,-15.41205043,,,,nao corrigido,,sem correspondencia no CNEFE,fora do municipio (10.1 km alem da divisa)
2920908,Mascote,2008,133,1058,ESCOLA LEONÍDIO GUERREIRO,DISTRITO NOVO HORIZONTE,"RUA BEIRA RIO, S/N POVOADO NOVO HORIZONTE",-39.49718298,-15.41205043,,,,nao corrigido,,sem correspondencia no CNEFE,fora do municipio (10.1 km alem da divisa)
2920908,Mascote,2010,133,1058,ESCOLA LEONÍDIO GUERREIRO,DISTRITO NOVO HORIZONTE,"RUA BEIRA RIO, S/N POVOADO NOVO HORIZONTE",-39.49718298,-15.41205043,,,,nao corrigido,,sem correspondencia no CNEFE,fora do municipio (10.1 km alem da divisa)
2920908,Mascote,2012,133,1058,ESCOLA LEONÍDIO GUERREIRO,DISTRITO NOVO HORIZONTE,"RUA BEIRA RIO, S/N POVOADO NOVO HORIZONTE",-39.49718298,-15.41205043,,,,nao corrigido,,sem correspondencia no CNEFE,fora do municipio (10.1 km alem da divisa)
2920908,Mascote,2014,133,1058,ESCOLA LEONÍDIO GUERREIRO,DISTRITO NOVO HORIZONTE,"RUA BEIRA RIO, S/N POVOADO NOVO HORIZONTE",-39.49718298,-15.41205043,,,,nao corrigido,,sem correspondencia no CNEFE,fora do municipio (10.1 km alem da divisa)
2920908,Mascote,2016,133,1058,ESCOLA LEONÍDIO GUERREIRO,DISTRITO NOVO HORIZONTE,"RUA BEIRA RIO, S/N POVOADO NOVO HORIZONTE",-39.49718298,-15.41205043,,,,nao corrigido,,sem correspondencia no CNEFE,fora do municipio (10.1 km alem da divisa)
2920908,Mascote,2018,133,1058,ESCOLA LEONÍDIO GUERREIRO,DISTRITO NOVO HORIZONTE,"RUA BEIRA RIO, S/N POVOADO NOVO HORIZONTE",-39.49718298,-15.41205043,,,,nao corrigido,,sem correspondencia no CNEFE,fora do municipio (10.1 km alem da divisa)
2920908,Mascote,2020,133,1058,ESCOLA LEONÍDIO GUERREIRO,DISTRITO NOVO HORIZONTE,"RUA BEIRA RIO, S/N POVOADO NOVO HORIZONTE",-39.49718298,-15.41205043,,,,nao corrigido,,sem correspondencia no CNEFE,fora do municipio (10.1 km alem da divisa)
2920908,Mascote,2022,133,1058,ESCOLA LEONÍDIO GUERREIRO,DISTRITO NOVO HORIZONTE,"RUA BEIRA RIO, S/N POVOADO NOVO HORIZONTE",-39.49718298,-15.41205043,,,,nao corrigido,,sem correspondencia no CNEFE,fora do municipio (10.1 km alem da divisa)
2920908,Mascote,2024,133,1058,ESCOLA LEONÍDIO GUERREIRO,DISTRITO NOVO HORIZONTE,"RUA BEIRA RIO, S/N POVOADO NOVO HORIZONTE",-39.49718298,-15.41205043,,,,nao corrigido,,sem correspondencia no CNEFE,fora do municipio (10.1 km alem da divisa)
2920908,Mascote,2006,133,1066,ESCOLA MUNICIPAL XISTO BARRETO,DISTRITO TEIXEIRA DO PROGRESSO,PÇA. EDMUNDO LOPES DE CASTRO,-39.49718561,-15.41203262,-39.459739,-15.725051,35.08,estabelecimento,alta,COLEGIO XISTO BARRETO [TEIXEIRA DO PROGRESSO] | distrito Teixeira do Progresso,fora do municipio (10.1 km alem da divisa)
2920908,Mascote,2008,133,1066,ESCOLA MUNICIPAL XISTO BARRETO,DISTRITO TEIXEIRA DO PROGRESSO,PÇA. EDMUNDO LOPES DE CASTRO,-39.49718561,-15.41203262,-39.459739,-15.725051,35.08,estabelecimento,alta,COLEGIO XISTO BARRETO [TEIXEIRA DO PROGRESSO] | distrito Teixeira do Progresso,fora do municipio (10.1 km alem da divisa)
2920908,Mascote,2010,133,1066,ESCOLA MUNICIPAL XISTO BARRETO,DISTRITO TEIXEIRA DO PROGRESSO,PÇA. EDMUNDO LOPES DE CASTRO,-39.49718561,-15.41203262,-39.459739,-15.725051,35.08,estabelecimento,alta,COLEGIO XISTO BARRETO [TEIXEIRA DO PROGRESSO] | distrito Teixeira do Progresso,fora do municipio (10.1 km alem da divisa)
2920908,Mascote,2012,133,1066,ESCOLA MUNICIPAL XISTO BARRETO,DISTRITO TEIXEIRA DO PROGRESSO,PÇA. EDMUNDO LOPES DE CASTRO,-39.49718561,-15.41203262,-39.459739,-15.725051,35.08,estabelecimento,alta,COLEGIO XISTO BARRETO [TEIXEIRA DO PROGRESSO] | distrito Teixeira do Progresso,fora do municipio (10.1 km alem da divisa)
2920908,Mascote,2014,133,1066,ESCOLA MUNICIPAL XISTO BARRETO,DISTRITO TEIXEIRA DO PROGRESSO,PÇA. EDMUNDO LOPES DE CASTRO,-39.49718561,-15.41203262,-39.459739,-15.725051,35.08,estabelecimento,alta,COLEGIO XISTO BARRETO [TEIXEIRA DO PROGRESSO] | distrito Teixeira do Progresso,fora do municipio (10.1 km alem da divisa)
2920908,Mascote,2016,133,1066,ESCOLA MUNICIPAL XISTO BARRETO,DISTRITO TEIXEIRA DO PROGRESSO,PÇA. EDMUNDO LOPES DE CASTRO,-39.49718561,-15.41203262,-39.459739,-15.725051,35.08,estabelecimento,alta,COLEGIO XISTO BARRETO [TEIXEIRA DO PROGRESSO] | distrito Teixeira do Progresso,fora do municipio (10.1 km alem da divisa)
2920908,Mascote,2018,133,1066,ESCOLA MUNICIPAL XISTO BARRETO,DISTRITO TEIXEIRA DO PROGRESSO,PÇA. EDMUNDO LOPES DE CASTRO,-39.49718561,-15.41203262,-39.459739,-15.725051,35.08,estabelecimento,alta,COLEGIO XISTO BARRETO [TEIXEIRA DO PROGRESSO] | distrito Teixeira do Progresso,fora do municipio (10.1 km alem da divisa)
2920908,Mascote,2020,133,1066,ESCOLA MUNICIPAL XISTO BARRETO,DISTRITO TEIXEIRA DO PROGRESSO,PÇA. EDMUNDO LOPES DE CASTRO,-39.49718561,-15.41203262,-39.459739,-15.725051,35.08,estabelecimento,alta,COLEGIO XISTO BARRETO [TEIXEIRA DO PROGRESSO] | distrito Teixeira do Progresso,fora do municipio (10.1 km alem da divisa)
2920908,Mascote,2022,133,1066,ESCOLA MUNICIPAL XISTO BARRETO,DISTRITO TEIXEIRA DO PROGRESSO,PÇA. EDMUNDO LOPES DE CASTRO,-39.49718561,-15.41203262,-39.459739,-15.725051,35.08,estabelecimento,alta,COLEGIO XISTO BARRETO [TEIXEIRA DO PROGRESSO] | distrito Teixeira do Progresso,fora do municipio (10.1 km alem da divisa)
2920908,Mascote,2024,133,1066,ESCOLA MUNICIPAL XISTO BARRETO,DISTRITO TEIXEIRA DO PROGRESSO,PÇA. EDMUNDO LOPES DE CASTRO,-39.49718561,-15.41203262,-39.459739,-15.725051,35.08,estabelecimento,alta,COLEGIO XISTO BARRETO [TEIXEIRA DO PROGRESSO] | distrito Teixeira do Progresso,fora do municipio (10.1 km alem da divisa)
2920908,Mascote,2006,133,1104,COLÉGIO ESTADUAL RÔMULO GALVÃO,DISTRITO SÃO JOÃO DO PARAÍSO,"RUA GUARANY, S/N, SÃO JOÃO DO PARAÍSO",-39.49758574,-15.41510079,,,,nao corrigido,,sem correspondencia no CNEFE,fora do municipio (9.9 km alem da divisa)
2920908,Mascote,2008,133,1104,COLÉGIO ESTADUAL RÔMULO GALVÃO,DISTRITO SÃO JOÃO DO PARAÍSO,"RUA GUARANY, S/N, SÃO JOÃO DO PARAÍSO",-39.49758574,-15.41510079,,,,nao corrigido,,sem correspondencia no CNEFE,fora do municipio (9.9 km alem da divisa)
2920908,Mascote,2010,133,1104,COLÉGIO ESTADUAL RÔMULO GALVÃO,DISTRITO SÃO JOÃO DO PARAÍSO,"RUA GUARANY, S/N, SÃO JOÃO DO PARAÍSO",-39.49758574,-15.41510079,,,,nao corrigido,,sem correspondencia no CNEFE,fora do municipio (9.9 km alem da divisa)
2920908,Mascote,2012,133,1104,COLÉGIO ESTADUAL RÔMULO GALVÃO,DISTRITO SÃO JOÃO DO PARAÍSO,"RUA GUARANY, S/N, SÃO JOÃO DO PARAÍSO",-39.49758574,-15.41510079,,,,nao corrigido,,sem correspondencia no CNEFE,fora do municipio (9.9 km alem da divisa)
2920908,Mascote,2014,133,1104,COLÉGIO ESTADUAL RÔMULO GALVÃO,DISTRITO SÃO JOÃO DO PARAÍSO,"RUA GUARANY, S/N, SÃO JOÃO DO PARAÍSO",-39.49758574,-15.41510079,,,,nao corrigido,,sem correspondencia no CNEFE,fora do municipio (9.9 km alem da divisa)
2920908,Mascote,2016,133,1104,COLÉGIO ESTADUAL RÔMULO GALVÃO,DISTRITO SÃO JOÃO DO PARAÍSO,"RUA GUARANY, S/N, SÃO JOÃO DO PARAÍSO",-39.49758574,-15.41510079,,,,nao corrigido,,sem correspondencia no CNEFE,fora do municipio (9.9 km alem da divisa)
2920908,Mascote,2018,133,1104,COLÉGIO ESTADUAL RÔMULO GALVÃO,DISTRITO SÃO JOÃO DO PARAÍSO,"RUA GUARANY, S/N, SÃO JOÃO DO PARAÍSO",-39.49758574,-15.41510079,,,,nao corrigido,,sem correspondencia no CNEFE,fora do municipio (9.9 km alem da divisa)
2920908,Mascote,2020,133,1104,COLÉGIO ESTADUAL RÔMULO GALVÃO,DISTRITO SÃO JOÃO DO PARAÍSO,"RUA GUARANY, S/N, SÃO JOÃO DO PARAÍSO",-39.49758574,-15.41510079,,,,nao corrigido,,sem correspondencia no CNEFE,fora do municipio (9.9 km alem da divisa)
2920908,Mascote,2022,133,1104,COLÉGIO ESTADUAL RÔMULO GALVÃO,DISTRITO SÃO JOÃO DO PARAÍSO,"RUA GUARANY, S/N, SÃO JOÃO DO PARAÍSO",-39.49758574,-15.41510079,,,,nao corrigido,,sem correspondencia no CNEFE,fora do municipio (9.9 km alem da divisa)
2920908,Mascote,2024,133,1104,COLÉGIO ESTADUAL RÔMULO GALVÃO,DISTRITO SÃO JOÃO DO PARAÍSO,"RUA GUARANY, S/N, SÃO JOÃO DO PARAÍSO",-39.49758574,-15.41510079,,,,nao corrigido,,sem correspondencia no CNEFE,fora do municipio (9.9 km alem da divisa)
2920908,Mascote,2006,133,1112,GRUPO ESCOLAR GERSON GARCEZ,DISTRITO SÃO JOÃO DO PARAÍSO,"AVENIDA BR 101, S/N, SÃO JOÃO DO PARAÍSO",-39.49713728,-15.41201545,-39.433093,-15.610988,23.19,estabelecimento,alta,GRUPO ESCOLAR GERSON GARCEZ [SAO JOAO DO PARAISO] | distrito São João do Paraíso,fora do municipio (10.1 km alem da divisa)
2920908,Mascote,2008,133,1112,GRUPO ESCOLAR GERSON GARCEZ,DISTRITO SÃO JOÃO DO PARAÍSO,"AVENIDA BR 101, S/N, SÃO JOÃO DO PARAÍSO",-39.49713728,-15.41201545,-39.433093,-15.610988,23.19,estabelecimento,alta,GRUPO ESCOLAR GERSON GARCEZ [SAO JOAO DO PARAISO] | distrito São João do Paraíso,fora do municipio (10.1 km alem da divisa)
2920908,Mascote,2010,133,1112,GRUPO ESCOLAR GERSON GARCEZ,DISTRITO SÃO JOÃO DO PARAÍSO,"AVENIDA BR 101, S/N, SÃO JOÃO DO PARAÍSO",-39.49713728,-15.41201545,-39.433093,-15.610988,23.19,estabelecimento,alta,GRUPO ESCOLAR GERSON GARCEZ [SAO JOAO DO PARAISO] | distrito São João do Paraíso,fora do municipio (10.1 km alem da divisa)
2920908,Mascote,2012,133,1112,GRUPO ESCOLAR GERSON GARCEZ,DISTRITO SÃO JOÃO DO PARAÍSO,"AVENIDA BR 101, S/N, SÃO JOÃO DO PARAÍSO",-39.49713728,-15.41201545,-39.433093,-15.610988,23.19,estabelecimento,alta,GRUPO ESCOLAR GERSON GARCEZ [SAO JOAO DO PARAISO] | distrito São João do Paraíso,fora do municipio (10.1 km alem da divisa)
2920908,Mascote,2014,133,1112,GRUPO ESCOLAR GERSON GARCEZ,DISTRITO SÃO JOÃO DO PARAÍSO,"AVENIDA BR 101, S/N, SÃO JOÃO DO PARAÍSO",-39.49713728,-15.41201545,-39.433093,-15.610988,23.19,estabelecimento,alta,GRUPO ESCOLAR GERSON GARCEZ [SAO JOAO DO PARAISO] | distrito São João do Paraíso,fora do municipio (10.1 km alem da divisa)
2920908,Mascote,2016,133,1112,GRUPO ESCOLAR GERSON GARCEZ,DISTRITO SÃO JOÃO DO PARAÍSO,"AVENIDA BR 101, S/N, SÃO JOÃO DO PARAÍSO",-39.49713728,-15.41201545,-39.433093,-15.610988,23.19,estabelecimento,alta,GRUPO ESCOLAR GERSON GARCEZ [SAO JOAO DO PARAISO] | distrito São João do Paraíso,fora do municipio (10.1 km alem da divisa)
2920908,Mascote,2018,133,1112,GRUPO ESCOLAR GERSON GARCEZ,DISTRITO SÃO JOÃO DO PARAÍSO,"AVENIDA BR 101, S/N, SÃO JOÃO DO PARAÍSO",-39.49713728,-15.41201545,-39.433093,-15.610988,23.19,estabelecimento,alta,GRUPO ESCOLAR GERSON GARCEZ [SAO JOAO DO PARAISO] | distrito São João do Paraíso,fora do municipio (10.1 km alem da divisa)
2920908,Mascote,2020,133,1112,GRUPO ESCOLAR GERSON GARCEZ,DISTRITO SÃO JOÃO DO PARAÍSO,"AVENIDA BR 101, S/N, SÃO JOÃO DO PARAÍSO",-39.49713728,-15.41201545,-39.433093,-15.610988,23.19,estabelecimento,alta,GRUPO ESCOLAR GERSON GARCEZ [SAO JOAO DO PARAISO] | distrito São João do Paraíso,fora do municipio (10.1 km alem da divisa)
2920908,Mascote,2022,133,1112,GRUPO ESCOLAR GERSON GARCEZ,DISTRITO SÃO JOÃO DO PARAÍSO,"AVENIDA BR 101, S/N, SÃO JOÃO DO PARAÍSO",-39.49713728,-15.41201545,-39.433093,-15.610988,23.19,estabelecimento,alta,GRUPO ESCOLAR GERSON GARCEZ [SAO JOAO DO PARAISO] | distrito São João do Paraíso,fora do municipio (10.1 km alem da divisa)
2920908,Mascote,2024,133,1112,GRUPO ESCOLAR GERSON GARCEZ,DISTRITO SÃO JOÃO DO PARAÍSO,"AVENIDA BR 101, S/N, SÃO JOÃO DO PARAÍSO",-39.49713728,-15.41201545,-39.433093,-15.610988,23.19,estabelecimento,alta,GRUPO ESCOLAR GERSON GARCEZ [SAO JOAO DO PARAISO] | distrito São João do Paraíso,fora do municipio (10.1 km alem da divisa)
2920908,Mascote,2006,133,1147,ESCOLA SÃO JOÃO,DISTRITO SÃO JOÃO DO PARAÍSO,"RUA CLÉRISTON ANDRADE, S/N, SÃO JOÃO DO PARAÍSO",-39.4972656,-15.4119933,-39.4354091,-15.6036969,22.35,escola_inep,media,"INEP: ESCOLA SAO JOAO [RUA CLERISTON ANDRADE, SN PREDIO. JAQUEIRA. ]",fora do municipio (10.1 km alem da divisa)
2920908,Mascote,2008,133,1147,ESCOLA SÃO JOÃO,DISTRITO SÃO JOÃO DO PARAÍSO,"RUA CLÉRISTON ANDRADE, S/N, SÃO JOÃO DO PARAÍSO",-39.4972656,-15.4119933,-39.4354091,-15.6036969,22.35,escola_inep,media,"INEP: ESCOLA SAO JOAO [RUA CLERISTON ANDRADE, SN PREDIO. JAQUEIRA. ]",fora do municipio (10.1 km alem da divisa)
2920908,Mascote,2010,133,1147,ESCOLA SÃO JOÃO,DISTRITO SÃO JOÃO DO PARAÍSO,"RUA CLÉRISTON ANDRADE, S/N, SÃO JOÃO DO PARAÍSO",-39.4972656,-15.4119933,-39.4354091,-15.6036969,22.35,escola_inep,media,"INEP: ESCOLA SAO JOAO [RUA CLERISTON ANDRADE, SN PREDIO. JAQUEIRA. ]",fora do municipio (10.1 km alem da divisa)
2920908,Mascote,2012,133,1147,ESCOLA SÃO JOÃO,DISTRITO SÃO JOÃO DO PARAÍSO,"RUA CLÉRISTON ANDRADE, S/N, SÃO JOÃO DO PARAÍSO",-39.4972656,-15.4119933,-39.4354091,-15.6036969,22.35,escola_inep,media,"INEP: ESCOLA SAO JOAO [RUA CLERISTON ANDRADE, SN PREDIO. JAQUEIRA. ]",fora do municipio (10.1 km alem da divisa)
2920908,Mascote,2014,133,1147,ESCOLA SÃO JOÃO,DISTRITO SÃO JOÃO DO PARAÍSO,"RUA CLÉRISTON ANDRADE, S/N, SÃO JOÃO DO PARAÍSO",-39.4972656,-15.4119933,-39.4354091,-15.6036969,22.35,escola_inep,media,"INEP: ESCOLA SAO JOAO [RUA CLERISTON ANDRADE, SN PREDIO. JAQUEIRA. ]",fora do municipio (10.1 km alem da divisa)
2920908,Mascote,2016,133,1147,ESCOLA SÃO JOÃO,DISTRITO SÃO JOÃO DO PARAÍSO,"RUA CLÉRISTON ANDRADE, S/N, SÃO JOÃO DO PARAÍSO",-39.4972656,-15.4119933,-39.4354091,-15.6036969,22.35,escola_inep,media,"INEP: ESCOLA SAO JOAO [RUA CLERISTON ANDRADE, SN PREDIO. JAQUEIRA. ]",fora do municipio (10.1 km alem da divisa)
2920908,Mascote,2018,133,1147,ESCOLA SÃO JOÃO,DISTRITO SÃO JOÃO DO PARAÍSO,"RUA CLÉRISTON ANDRADE, S/N, SÃO JOÃO DO PARAÍSO",-39.4972656,-15.4119933,-39.4354091,-15.6036969,22.35,escola_inep,media,"INEP: ESCOLA SAO JOAO [RUA CLERISTON ANDRADE, SN PREDIO. JAQUEIRA. ]",fora do municipio (10.1 km alem da divisa)
2920908,Mascote,2020,133,1147,ESCOLA SÃO JOÃO,DISTRITO SÃO JOÃO DO PARAÍSO,"RUA CLÉRISTON ANDRADE, S/N, SÃO JOÃO DO PARAÍSO",-39.4972656,-15.4119933,-39.4354091,-15.6036969,22.35,escola_inep,media,"INEP: ESCOLA SAO JOAO [RUA CLERISTON ANDRADE, SN PREDIO. JAQUEIRA. ]",fora do municipio (10.1 km alem da divisa)
2920908,Mascote,2022,133,1147,ESCOLA SÃO JOÃO,DISTRITO SÃO JOÃO DO PARAÍSO,"RUA CLÉRISTON ANDRADE, S/N, SÃO JOÃO DO PARAÍSO",-39.4972656,-15.4119933,-39.4354091,-15.6036969,22.35,escola_inep,media,"INEP: ESCOLA SAO JOAO [RUA CLERISTON ANDRADE, SN PREDIO. JAQUEIRA. ]",fora do municipio (10.1 km alem da divisa)
2920908,Mascote,2024,133,1147,ESCOLA SÃO JOÃO,DISTRITO SÃO JOÃO DO PARAÍSO,"RUA CLÉRISTON ANDRADE, S/N, SÃO JOÃO DO PARAÍSO",-39.4972656,-15.4119933,-39.4354091,-15.6036969,22.35,escola_inep,media,"INEP: ESCOLA SAO JOAO [RUA CLERISTON ANDRADE, SN PREDIO. JAQUEIRA. ]",fora do municipio (10.1 km alem da divisa)
2920908,Mascote,2006,133,1155,ESCOLA MUNICIPAL MANOEL SANTOS ANDRADE,DISTRITO SÃO JOÃO DO PARAÍSO,"RUA NAZARÉ, S/N, SÃO JOÃO DO PARAÍSO",-39.49711675,-15.41200915,-39.436521,-15.616778,23.7,estabelecimento,alta,ESCOLA MUNICIPAL MANOEL ANDRADE [SAO JOAO DO PARAISO] | distrito São João do Paraíso,fora do municipio (10.1 km alem da divisa)
2920908,Mascote,2008,133,1155,ESCOLA MUNICIPAL MANOEL SANTOS ANDRADE,DISTRITO SÃO JOÃO DO PARAÍSO,"RUA NAZARÉ, S/N, SÃO JOÃO DO PARAÍSO",-39.49711675,-15.41200915,-39.436521,-15.616778,23.7,estabelecimento,alta,ESCOLA MUNICIPAL MANOEL ANDRADE [SAO JOAO DO PARAISO] | distrito São João do Paraíso,fora do municipio (10.1 km alem da divisa)
2920908,Mascote,2010,133,1155,ESCOLA MUNICIPAL MANOEL SANTOS ANDRADE,DISTRITO SÃO JOÃO DO PARAÍSO,"RUA NAZARÉ, S/N, SÃO JOÃO DO PARAÍSO",-39.49711675,-15.41200915,-39.436521,-15.616778,23.7,estabelecimento,alta,ESCOLA MUNICIPAL MANOEL ANDRADE [SAO JOAO DO PARAISO] | distrito São João do Paraíso,fora do municipio (10.1 km alem da divisa)
2920908,Mascote,2012,133,1155,ESCOLA MUNICIPAL MANOEL SANTOS ANDRADE,DISTRITO SÃO JOÃO DO PARAÍSO,"RUA NAZARÉ, S/N, SÃO JOÃO DO PARAÍSO",-39.49711675,-15.41200915,-39.436521,-15.616778,23.7,estabelecimento,alta,ESCOLA MUNICIPAL MANOEL ANDRADE [SAO JOAO DO PARAISO] | distrito São João do Paraíso,fora do municipio (10.1 km alem da divisa)
2920908,Mascote,2014,133,1155,ESCOLA MUNICIPAL MANOEL SANTOS ANDRADE,DISTRITO SÃO JOÃO DO PARAÍSO,"RUA NAZARÉ, S/N, SÃO JOÃO DO PARAÍSO",-39.49711675,-15.41200915,-39.436521,-15.616778,23.7,estabelecimento,alta,ESCOLA MUNICIPAL MANOEL ANDRADE [SAO JOAO DO PARAISO] | distrito São João do Paraíso,fora do municipio (10.1 km alem da divisa)
2920908,Mascote,2016,133,1155,ESCOLA MUNICIPAL MANOEL SANTOS ANDRADE,DISTRITO SÃO JOÃO DO PARAÍSO,"RUA NAZARÉ, S/N, SÃO JOÃO DO PARAÍSO",-39.49711675,-15.41200915,-39.436521,-15.616778,23.7,estabelecimento,alta,ESCOLA MUNICIPAL MANOEL ANDRADE [SAO JOAO DO PARAISO] | distrito São João do Paraíso,fora do municipio (10.1 km alem da divisa)
2920908,Mascote,2018,133,1155,ESCOLA MUNICIPAL MANOEL SANTOS ANDRADE,DISTRITO SÃO JOÃO DO PARAÍSO,"RUA NAZARÉ, S/N, SÃO JOÃO DO PARAÍSO",-39.49711675,-15.41200915,-39.436521,-15.616778,23.7,estabelecimento,alta,ESCOLA MUNICIPAL MANOEL ANDRADE [SAO JOAO DO PARAISO] | distrito São João do Paraíso,fora do municipio (10.1 km alem da divisa)
2920908,Mascote,2020,133,1155,ESCOLA MUNICIPAL MANOEL SANTOS ANDRADE,DISTRITO SÃO JOÃO DO PARAÍSO,"RUA NAZARÉ, S/N, SÃO JOÃO DO PARAÍSO",-39.49711675,-15.41200915,-39.436521,-15.616778,23.7,estabelecimento,alta,ESCOLA MUNICIPAL MANOEL ANDRADE [SAO JOAO DO PARAISO] | distrito São João do Paraíso,fora do municipio (10.1 km alem da divisa)
2920908,Mascote,2022,133,1155,ESCOLA MUNICIPAL MANOEL SANTOS ANDRADE,DISTRITO SÃO JOÃO DO PARAÍSO,"RUA NAZARÉ, S/N, SÃO JOÃO DO PARAÍSO",-39.49711675,-15.41200915,-39.436521,-15.616778,23.7,estabelecimento,alta,ESCOLA MUNICIPAL MANOEL ANDRADE [SAO JOAO DO PARAISO] | distrito São João do Paraíso,fora do municipio (10.1 km alem da divisa)
2920908,Mascote,2024,133,1155,ESCOLA MUNICIPAL MANOEL SANTOS ANDRADE,DISTRITO SÃO JOÃO DO PARAÍSO,"RUA NAZARÉ, S/N, SÃO JOÃO DO PARAÍSO",-39.49711675,-15.41200915,-39.436521,-15.616778,23.7,estabelecimento,alta,ESCOLA MUNICIPAL MANOEL ANDRADE [SAO JOAO DO PARAISO] | distrito São João do Paraíso,fora do municipio (10.1 km alem da divisa)
2920908,Mascote,2006,133,1163,ESPECIAL GRUPO ESCOLAR MANOEL ANDRADE,DISTRITO SAO JOAO DO PARAISO,"BR 101, S/N - ZONA RURAL",-39.49719791,-15.41205121,,,,nao corrigido,,descartado: ESCOLA MUNICIPAL MANOEL ANDRADE [SAO JOAO DO PARAISO] | distrito São João do Paraíso cairia sobre outro local (< 50 m),fora do municipio (10.1 km alem da divisa)
2920908,Mascote,2008,133,1163,ESPECIAL GRUPO ESCOLAR MANOEL ANDRADE,DISTRITO SAO JOAO DO PARAISO,"BR 101, S/N - ZONA RURAL",-39.49719791,-15.41205121,,,,nao corrigido,,descartado: ESCOLA MUNICIPAL MANOEL ANDRADE [SAO JOAO DO PARAISO] | distrito São João do Paraíso cairia sobre outro local (< 50 m),fora do municipio (10.1 km alem da divisa)
2920908,Mascote,2010,133,1163,ESPECIAL GRUPO ESCOLAR MANOEL ANDRADE,DISTRITO SAO JOAO DO PARAISO,"BR 101, S/N - ZONA RURAL",-39.49719791,-15.41205121,,,,nao corrigido,,descartado: ESCOLA MUNICIPAL MANOEL ANDRADE [SAO JOAO DO PARAISO] | distrito São João do Paraíso cairia sobre outro local (< 50 m),fora do municipio (10.1 km alem da divisa)
2920908,Mascote,2012,133,1163,ESPECIAL GRUPO ESCOLAR MANOEL ANDRADE,DISTRITO SAO JOAO DO PARAISO,"BR 101, S/N - ZONA RURAL",-39.49719791,-15.41205121,,,,nao corrigido,,descartado: ESCOLA MUNICIPAL MANOEL ANDRADE [SAO JOAO DO PARAISO] | distrito São João do Paraíso cairia sobre outro local (< 50 m),fora do municipio (10.1 km alem da divisa)
2920908,Mascote,2014,133,1163,ESPECIAL GRUPO ESCOLAR MANOEL ANDRADE,DISTRITO SAO JOAO DO PARAISO,"BR 101, S/N - ZONA RURAL",-39.49719791,-15.41205121,,,,nao corrigido,,descartado: ESCOLA MUNICIPAL MANOEL ANDRADE [SAO JOAO DO PARAISO] | distrito São João do Paraíso cairia sobre outro local (< 50 m),fora do municipio (10.1 km alem da divisa)
2920908,Mascote,2016,133,1163,ESPECIAL GRUPO ESCOLAR MANOEL ANDRADE,DISTRITO SAO JOAO DO PARAISO,"BR 101, S/N - ZONA RURAL",-39.49719791,-15.41205121,,,,nao corrigido,,descartado: ESCOLA MUNICIPAL MANOEL ANDRADE [SAO JOAO DO PARAISO] | distrito São João do Paraíso cairia sobre outro local (< 50 m),fora do municipio (10.1 km alem da divisa)
2920908,Mascote,2018,133,1163,ESPECIAL GRUPO ESCOLAR MANOEL ANDRADE,DISTRITO SAO JOAO DO PARAISO,"BR 101, S/N - ZONA RURAL",-39.49719791,-15.41205121,,,,nao corrigido,,descartado: ESCOLA MUNICIPAL MANOEL ANDRADE [SAO JOAO DO PARAISO] | distrito São João do Paraíso cairia sobre outro local (< 50 m),fora do municipio (10.1 km alem da divisa)
2920908,Mascote,2020,133,1163,ESPECIAL GRUPO ESCOLAR MANOEL ANDRADE,DISTRITO SÃO JOÃO DO PARAÍSO,"BR 101, S/N - ZONA RURAL",-39.49719791,-15.41205121,,,,nao corrigido,,descartado: ESCOLA MUNICIPAL MANOEL ANDRADE [SAO JOAO DO PARAISO] | distrito São João do Paraíso cairia sobre outro local (< 50 m),fora do municipio (10.1 km alem da divisa)
2920908,Mascote,2006,133,1171,CENTRO EDUCACIONAL CASTRO ALVES,DISTRITO SÃO JOÃO DO PARAÍSO,"RUA MARECHAL CASTELO BRANCO, S/N, SÃO J. PARAÍSO",-39.49710605,-15.41211216,-39.435776,-15.61092,23.09,estabelecimento,alta,COLEGIO EDUCACIONA CASTRO ALVES [SAO JOAO DO PARAISO] | distrito São João do Paraíso,fora do municipio (10.1 km alem da divisa)
2920908,Mascote,2008,133,1171,CENTRO EDUCACIONAL CASTRO ALVES,DISTRITO SÃO JOÃO DO PARAÍSO,"RUA MARECHAL CASTELO BRANCO, S/N, SÃO J. PARAÍSO",-39.49710605,-15.41211216,-39.435776,-15.61092,23.09,estabelecimento,alta,COLEGIO EDUCACIONA CASTRO ALVES [SAO JOAO DO PARAISO] | distrito São João do Paraíso,fora do municipio (10.1 km alem da divisa)
2920908,Mascote,2010,133,1171,CENTRO EDUCACIONAL CASTRO ALVES,DISTRITO SÃO JOÃO DO PARAÍSO,"RUA MARECHAL CASTELO BRANCO, S/N, SÃO J. PARAÍSO",-39.49710605,-15.41211216,-39.435776,-15.61092,23.09,estabelecimento,alta,COLEGIO EDUCACIONA CASTRO ALVES [SAO JOAO DO PARAISO] | distrito São João do Paraíso,fora do municipio (10.1 km alem da divisa)
2920908,Mascote,2012,133,1171,CENTRO EDUCACIONAL CASTRO ALVES,DISTRITO SÃO JOÃO DO PARAÍSO,"RUA MARECHAL CASTELO BRANCO, S/N, SÃO J. PARAÍSO",-39.49710605,-15.41211216,-39.435776,-15.61092,23.09,estabelecimento,alta,COLEGIO EDUCACIONA CASTRO ALVES [SAO JOAO DO PARAISO] | distrito São João do Paraíso,fora do municipio (10.1 km alem da divisa)
2920908,Mascote,2014,133,1171,CENTRO EDUCACIONAL CASTRO ALVES,DISTRITO SÃO JOÃO DO PARAÍSO,"RUA MARECHAL CASTELO BRANCO, S/N, SÃO J. PARAÍSO",-39.49710605,-15.41211216,-39.435776,-15.61092,23.09,estabelecimento,alta,COLEGIO EDUCACIONA CASTRO ALVES [SAO JOAO DO PARAISO] | distrito São João do Paraíso,fora do municipio (10.1 km alem da divisa)
2920908,Mascote,2016,133,1171,CENTRO EDUCACIONAL CASTRO ALVES,DISTRITO SÃO JOÃO DO PARAÍSO,"RUA MARECHAL CASTELO BRANCO, S/N, SÃO J. PARAÍSO",-39.49710605,-15.41211216,-39.435776,-15.61092,23.09,estabelecimento,alta,COLEGIO EDUCACIONA CASTRO ALVES [SAO JOAO DO PARAISO] | distrito São João do Paraíso,fora do municipio (10.1 km alem da divisa)
2920908,Mascote,2018,133,1171,CENTRO EDUCACIONAL CASTRO ALVES,DISTRITO SÃO JOÃO DO PARAÍSO,"RUA MARECHAL CASTELO BRANCO, S/N, SÃO J. PARAÍSO",-39.49710605,-15.41211216,-39.435776,-15.61092,23.09,estabelecimento,alta,COLEGIO EDUCACIONA CASTRO ALVES [SAO JOAO DO PARAISO] | distrito São João do Paraíso,fora do municipio (10.1 km alem da divisa)
2920908,Mascote,2020,133,1171,CENTRO EDUCACIONAL CASTRO ALVES,DISTRITO SÃO JOÃO DO PARAÍSO,"RUA MARECHAL CASTELO BRANCO, S/N, SÃO J. PARAÍSO",-39.49710605,-15.41211216,-39.435776,-15.61092,23.09,estabelecimento,alta,COLEGIO EDUCACIONA CASTRO ALVES [SAO JOAO DO PARAISO] | distrito São João do Paraíso,fora do municipio (10.1 km alem da divisa)
2920908,Mascote,2022,133,1171,CENTRO EDUCACIONAL CASTRO ALVES,DISTRITO SÃO JOÃO DO PARAÍSO,"RUA MARECHAL CASTELO BRANCO, S/N, SÃO J. PARAÍSO",-39.49710605,-15.41211216,-39.435776,-15.61092,23.09,estabelecimento,alta,COLEGIO EDUCACIONA CASTRO ALVES [SAO JOAO DO PARAISO] | distrito São João do Paraíso,fora do municipio (10.1 km alem da divisa)
2920908,Mascote,2024,133,1171,CENTRO EDUCACIONAL CASTRO ALVES,DISTRITO SÃO JOÃO DO PARAÍSO,"RUA MARECHAL CASTELO BRANCO, S/N, SÃO J. PARAÍSO",-39.49710605,-15.41211216,-39.435776,-15.61092,23.09,estabelecimento,alta,COLEGIO EDUCACIONA CASTRO ALVES [SAO JOAO DO PARAISO] | distrito São João do Paraíso,fora do municipio (10.1 km alem da divisa)
1504802,Monte Alegre,2006,19,1031,CAMARA MUNICIPAL,CIDADE ALTA,RUA RUI BARBOSA,-54.0715286,-1.998886,-54.07268,-2.000935,0.26,estabelecimento,alta,CAMARA MUNICIPAL [CIDADE ALTA],movido por reposicionar_locais_fora_do_bairro.py
1504802,Monte Alegre,2008,19,1031,CAMARA MUNICIPAL,CIDADE ALTA,RUA RUI BARBOSA,-54.0715286,-1.998886,-54.07268,-2.000935,0.26,estabelecimento,alta,CAMARA MUNICIPAL [CIDADE ALTA],movido por reposicionar_locais_fora_do_bairro.py
1504802,Monte Alegre,2010,19,1031,CAMARA MUNICIPAL,CIDADE ALTA,RUA RUI BARBOSA,-54.0732393,-1.9983551,-54.07268,-2.000935,0.29,estabelecimento,alta,CAMARA MUNICIPAL [CIDADE ALTA],movido por reposicionar_locais_fora_do_bairro.py
1504802,Monte Alegre,2012,19,1031,CAMARA MUNICIPAL,CIDADE ALTA,RUA RUI BARBOSA,-54.0732393,-1.9983551,-54.07268,-2.000935,0.29,estabelecimento,alta,CAMARA MUNICIPAL [CIDADE ALTA],movido por reposicionar_locais_fora_do_bairro.py
1504802,Monte Alegre,2014,19,1031,CAMARA MUNICIPAL,CIDADE ALTA,RUA RUI BARBOSA,-54.0736943,-1.9980541,-54.07268,-2.000935,0.34,estabelecimento,alta,CAMARA MUNICIPAL [CIDADE ALTA],movido por reposicionar_locais_fora_do_bairro.py
1504802,Monte Alegre,2016,19,1031,CAMARA MUNICIPAL,CIDADE ALTA,RUA RUI BARBOSA,-54.0736943,-1.9980541,-54.07268,-2.000935,0.34,estabelecimento,alta,CAMARA MUNICIPAL [CIDADE ALTA],movido por reposicionar_locais_fora_do_bairro.py
1504802,Monte Alegre,2018,19,1031,CAMARA MUNICIPAL,CIDADE ALTA,RUA RUI BARBOSA,-54.0736943,-1.9980541,-54.07268,-2.000935,0.34,estabelecimento,alta,CAMARA MUNICIPAL [CIDADE ALTA],movido por reposicionar_locais_fora_do_bairro.py
1504802,Monte Alegre,2006,19,1090,SALAO PAROQUIAL,CIDADE ALTA,PRACA FERNANDO GUILHON S/N,-54.0731463,-1.9990125,-54.071404,-2.001347,0.32,estabelecimento,alta,SALAO PAROQUIAL [CIDADE ALTA],movido por reposicionar_locais_fora_do_bairro.py
1504802,Monte Alegre,2008,19,1090,SALAO PAROQUIAL,CIDADE ALTA,PRACA FERNANDO GUILHON S/N,-54.0731463,-1.9990125,-54.071404,-2.001347,0.32,estabelecimento,alta,SALAO PAROQUIAL [CIDADE ALTA],movido por reposicionar_locais_fora_do_bairro.py
1504802,Monte Alegre,2010,19,1090,SALAO PAROQUIAL,CIDADE ALTA,PRACA FERNANDO GUILHON S/N,-54.0748569,-1.9984816,-54.071404,-2.001347,0.5,estabelecimento,alta,SALAO PAROQUIAL [CIDADE ALTA],movido por reposicionar_locais_fora_do_bairro.py
1504802,Monte Alegre,2006,19,1287,EMEF CALVÁRIO,ZONA RURAL,DISTRITO CALVÁRIO ZONA DO LAGO,-54.4718553,-2.3066438,,,,nao corrigido,,sem correspondencia no CNEFE,fora do municipio (8.2 km alem da divisa)
1504802,Monte Alegre,2008,19,1287,EMEF CALVÁRIO,ZONA RURAL,DISTRITO CALVÁRIO ZONA DO LAGO,-54.4718553,-2.3066438,,,,nao corrigido,,sem correspondencia no CNEFE,fora do municipio (8.2 km alem da divisa)
1504802,Monte Alegre,2010,19,1287,EMEF CALVÁRIO,ZONA RURAL,DISTRITO CALVÁRIO ZONA DO LAGO,-54.4718553,-2.3066438,,,,nao corrigido,,sem correspondencia no CNEFE,fora do municipio (8.2 km alem da divisa)
1504802,Monte Alegre,2012,19,1287,EMEF CALVÁRIO,ZONA RURAL,DISTRITO CALVÁRIO ZONA DO LAGO,-54.4718553,-2.3066438,,,,nao corrigido,,sem correspondencia no CNEFE,fora do municipio (8.2 km alem da divisa)
1504802,Monte Alegre,2014,19,1287,EMEF CALVÁRIO,ZONA RURAL,DISTRITO CALVÁRIO ZONA DO LAGO,-54.4718553,-2.3066438,,,,nao corrigido,,sem correspondencia no CNEFE,fora do municipio (8.2 km alem da divisa)
1504802,Monte Alegre,2016,19,1287,EMEF CALVÁRIO,ZONA RURAL,DISTRITO CALVÁRIO ZONA DO LAGO,-54.4718553,-2.3066438,,,,nao corrigido,,sem correspondencia no CNEFE,fora do municipio (8.2 km alem da divisa)
1504802,Monte Alegre,2018,19,1287,EMEF CALVÁRIO,ZONA RURAL,DISTRITO CALVÁRIO ZONA DO LAGO,-54.4718553,-2.3066438,,,,nao corrigido,,sem correspondencia no CNEFE,fora do municipio (8.2 km alem da divisa)
1504802,Monte Alegre,2020,19,1287,EMEF CALVÁRIO,ZONA RURAL,DISTRITO CALVÁRIO ZONA DO LAGO,-54.4718553,-2.3066438,,,,nao corrigido,,sem correspondencia no CNEFE,fora do municipio (8.2 km alem da divisa)
1504802,Monte Alegre,2022,19,1287,EMEF CALVÁRIO,ZONA RURAL,DISTRITO CALVÁRIO ZONA DO LAGO,-54.4718553,-2.3066438,,,,nao corrigido,,sem correspondencia no CNEFE,fora do municipio (8.2 km alem da divisa)
1504802,Monte Alegre,2024,19,1287,EMEF CALVÁRIO,ZONA RURAL,DISTRITO CALVÁRIO                  ZONA DO LAGO,-54.4718553,-2.3066438,,,,nao corrigido,,sem correspondencia no CNEFE,fora do municipio (8.2 km alem da divisa)
1504802,Monte Alegre,2006,19,1295,EMEF D PEDRO II,ZONA RURAL,DISTRITO PASSAGEM ZONA DO LAGO,-54.4643332,-2.2534842,,,,nao corrigido,,sem correspondencia no CNEFE,fora do municipio (4.1 km alem da divisa)
1504802,Monte Alegre,2008,19,1295,EMEF D PEDRO II,ZONA RURAL,DISTRITO PASSAGEM ZONA DO LAGO,-54.4643332,-2.2534842,,,,nao corrigido,,sem correspondencia no CNEFE,fora do municipio (4.1 km alem da divisa)
1504802,Monte Alegre,2010,19,1295,EMEF D PEDRO II,ZONA RURAL,DISTRITO PASSAGEM ZONA DO LAGO,-54.4643332,-2.2534842,,,,nao corrigido,,sem correspondencia no CNEFE,fora do municipio (4.1 km alem da divisa)
1504802,Monte Alegre,2012,19,1295,EMEF D PEDRO II,ZONA RURAL,DISTRITO PASSAGEM ZONA DO LAGO,-54.4643332,-2.2534842,,,,nao corrigido,,sem correspondencia no CNEFE,fora do municipio (4.1 km alem da divisa)
1504802,Monte Alegre,2014,19,1295,EMEF D PEDRO II,ZONA RURAL,DISTRITO PASSAGEM ZONA DO LAGO,-54.4643332,-2.2534842,,,,nao corrigido,,sem correspondencia no CNEFE,fora do municipio (4.1 km alem da divisa)
1504802,Monte Alegre,2016,19,1295,EMEF D PEDRO II,ZONA RURAL,DISTRITO PASSAGEM ZONA DO LAGO,-54.4643332,-2.2534842,,,,nao corrigido,,sem correspondencia no CNEFE,fora do municipio (4.1 km alem da divisa)
1504802,Monte Alegre,2018,19,1295,EMEF D PEDRO II,ZONA RURAL,DISTRITO PASSAGEM ZONA DO LAGO,-54.4643332,-2.2534842,,,,nao corrigido,,sem correspondencia no CNEFE,fora do municipio (4.1 km alem da divisa)
1504802,Monte Alegre,2020,19,1295,EMEF D PEDRO II,ZONA RURAL,DISTRITO PASSAGEM ZONA DO LAGO,-54.4643332,-2.2534842,,,,nao corrigido,,sem correspondencia no CNEFE,fora do municipio (4.1 km alem da divisa)
1504802,Monte Alegre,2022,19,1295,EMEF D PEDRO II,ZONA RURAL,DISTRITO PASSAGEM ZONA DO LAGO,-54.4643332,-2.2534842,,,,nao corrigido,,sem correspondencia no CNEFE,fora do municipio (4.1 km alem da divisa)
1504802,Monte Alegre,2024,19,1295,EMEF D PEDRO II,ZONA RURAL,DISTRITO PASSAGEM     ZONA DO LAGO,-54.4643332,-2.2534842,,,,nao corrigido,,sem correspondencia no CNEFE,fora do municipio (4.1 km alem da divisa)
1504802,Monte Alegre,2006,19,1406,EMEF JAQUARA,ZONA RURAL,DISTRITO JAQUARA ZONA DO LAGO,-54.44563,-2.283618,,,,nao corrigido,,sem correspondencia no CNEFE,fora do municipio (4.8 km alem da divisa)
1504802,Monte Alegre,2008,19,1406,EMEF JAQUARA,ZONA RURAL,DISTRITO JAQUARA ZONA DO LAGO,-54.44563,-2.283618,,,,nao corrigido,,sem correspondencia no CNEFE,fora do municipio (4.8 km alem da divisa)
1504802,Monte Alegre,2012,19,1406,EMEF JAQUARA,ZONA RURAL,DISTRITO JAQUARA ZONA DO LAGO,-54.44563,-2.283618,,,,nao corrigido,,sem correspondencia no CNEFE,fora do municipio (4.8 km alem da divisa)
1504802,Monte Alegre,2014,19,1406,EMEF JAQUARA,ZONA RURAL,DISTRITO JAQUARA ZONA DO LAGO,-54.44563,-2.283618,,,,nao corrigido,,sem correspondencia no CNEFE,fora do municipio (4.8 km alem da divisa)
1504802,Monte Alegre,2016,19,1406,EMEF JAQUARA,ZONA RURAL,DISTRITO JAQUARA ZONA DO LAGO,-54.44563,-2.283618,,,,nao corrigido,,sem correspondencia no CNEFE,fora do municipio (4.8 km alem da divisa)
1504802,Monte Alegre,2018,19,1406,EMEF JAQUARA,ZONA RURAL,DISTRITO JAQUARA ZONA DO LAGO,-54.44563,-2.283618,,,,nao corrigido,,sem correspondencia no CNEFE,fora do municipio (4.8 km alem da divisa)
1504802,Monte Alegre,2020,19,1406,EMEF JAQUARA,ZONA RURAL,DISTRITO JAQUARA ZONA DO LAGO,-54.44563,-2.283618,,,,nao corrigido,,sem correspondencia no CNEFE,fora do municipio (4.8 km alem da divisa)
1504802,Monte Alegre,2022,19,1406,EMEF JAQUARA,ZONA RURAL,DISTRITO JAQUARA ZONA DO LAGO,-54.44563,-2.283618,,,,nao corrigido,,sem correspondencia no CNEFE,fora do municipio (4.8 km alem da divisa)
1504802,Monte Alegre,2024,19,1406,EMEF JAQUARA,ZONA RURAL,DISTRITO JAQUARA                       ZONA DO LAGO,-54.44563,-2.283618,,,,nao corrigido,,sem correspondencia no CNEFE,fora do municipio (4.8 km alem da divisa)
1504802,Monte Alegre,2006,19,1473,EMEF PADRE MANOEL ALBUQUERQUE,ZONA RURAL,DISTRITO CURRAL GRANDE ZONA DO LAGO,-54.4320199,-2.2665729,-54.408739,-2.264401,2.6,localidade,media,"localidade CURRAL GRANDE ~ (47 enderecos, raio 0.4 km)",fora do municipio (3.7 km alem da divisa)
1504802,Monte Alegre,2008,19,1473,EMEF PADRE MANOEL ALBUQUERQUE,ZONA RURAL,DISTRITO CURRAL GRANDE ZONA DO LAGO,-54.4320199,-2.2665729,-54.408739,-2.264401,2.6,localidade,media,"localidade CURRAL GRANDE ~ (47 enderecos, raio 0.4 km)",fora do municipio (3.7 km alem da divisa)
1504802,Monte Alegre,2010,19,1473,EMEF PADRE MANOEL ALBUQUERQUE,ZONA RURAL,DISTRITO CURRAL GRANDE ZONA DO LAGO,-54.4320199,-2.2665729,-54.408739,-2.264401,2.6,localidade,media,"localidade CURRAL GRANDE ~ (47 enderecos, raio 0.4 km)",fora do municipio (3.7 km alem da divisa)
1504802,Monte Alegre,2012,19,1473,EMEF PADRE MANOEL ALBUQUERQUE,ZONA RURAL,DISTRITO CURRAL GRANDE ZONA DO LAGO,-54.4320199,-2.2665729,-54.408739,-2.264401,2.6,localidade,media,"localidade CURRAL GRANDE ~ (47 enderecos, raio 0.4 km)",fora do municipio (3.7 km alem da divisa)
1504802,Monte Alegre,2014,19,1473,EMEF PADRE MANOEL ALBUQUERQUE,ZONA RURAL,DISTRITO CURRAL GRANDE ZONA DO LAGO,-54.4320199,-2.2665729,-54.408739,-2.264401,2.6,localidade,media,"localidade CURRAL GRANDE ~ (47 enderecos, raio 0.4 km)",fora do municipio (3.7 km alem da divisa)
1504802,Monte Alegre,2016,19,1473,EMEF PADRE MANOEL ALBUQUERQUE,ZONA RURAL,DISTRITO CURRAL GRANDE ZONA DO LAGO,-54.4320199,-2.2665729,-54.408739,-2.264401,2.6,localidade,media,"localidade CURRAL GRANDE ~ (47 enderecos, raio 0.4 km)",fora do municipio (3.7 km alem da divisa)
1504802,Monte Alegre,2018,19,1473,EMEF PADRE MANOEL ALBUQUERQUE,ZONA RURAL,DISTRITO CURRAL GRANDE ZONA DO LAGO,-54.4320199,-2.2665729,-54.408739,-2.264401,2.6,localidade,media,"localidade CURRAL GRANDE ~ (47 enderecos, raio 0.4 km)",fora do municipio (3.7 km alem da divisa)
1504802,Monte Alegre,2020,19,1473,EMEF PADRE MANOEL ALBUQUERQUE,ZONA RURAL,DISTRITO CURRAL GRANDE ZONA DO LAGO,-54.4320199,-2.2665729,-54.408739,-2.264401,2.6,localidade,media,"localidade CURRAL GRANDE ~ (47 enderecos, raio 0.4 km)",fora do municipio (3.7 km alem da divisa)
1504802,Monte Alegre,2022,19,1473,EMEF PADRE MANOEL ALBUQUERQUE,ZONA RURAL,DISTRITO CURRAL GRANDE ZONA DO LAGO,-54.4320199,-2.2665729,-54.408739,-2.264401,2.6,localidade,media,"localidade CURRAL GRANDE ~ (47 enderecos, raio 0.4 km)",fora do municipio (3.7 km alem da divisa)
1504802,Monte Alegre,2024,19,1473,EMEF PADRE MANOEL ALBUQUERQUE,ZONA RURAL,DISTRITO CURRAL GRANDE                 ZONA DO LAGO,-54.4320199,-2.2665729,-54.408739,-2.264401,2.6,localidade,media,"localidade CURRAL GRANDE ~ (47 enderecos, raio 0.4 km)",fora do municipio (3.7 km alem da divisa)
1504802,Monte Alegre,2006,19,1643,EMEF SETOR 09 KM 24,ZONA RURAL,DISTRITO RODOVIA PA 254 SETOR 09 B,-54.199501,-1.705201,-54.322831,-1.709523,13.73,escola_inep,media,"INEP: E M E I F SETOR 15 II [COMUNIDADE DE PA 254 SETOR 15 II, SN ZONA RU]",pilha de 3 locais em 50 m (3 localidades rurais distintas)
1504802,Monte Alegre,2008,19,1643,EMEF SETOR 09 KM 24,ZONA RURAL,DISTRITO RODOVIA PA 254 SETOR 09 B,-54.199501,-1.705201,-54.322831,-1.709523,13.73,escola_inep,media,"INEP: E M E I F SETOR 15 II [COMUNIDADE DE PA 254 SETOR 15 II, SN ZONA RU]",pilha de 3 locais em 50 m (3 localidades rurais distintas)
1504802,Monte Alegre,2006,19,1759,EMEF SETOR 04,ZONA RURAL,DISTRITO RODOVIA PA 254 SETOR 04,-54.1996572,-1.7052717,,,,nao corrigido,,"descartado: INEP: E M E I F SETOR 15 II [COMUNIDADE DE PA 254 SETOR 15 II, SN ZONA RU] cairia sobre outro local (< 50 m)",pilha de 3 locais em 50 m (3 localidades rurais distintas)
1504802,Monte Alegre,2008,19,1759,EMEF SETOR 04,ZONA RURAL,DISTRITO RODOVIA PA 254 SETOR 04,-54.1996572,-1.7052717,,,,nao corrigido,,"descartado: INEP: E M E I F SETOR 15 II [COMUNIDADE DE PA 254 SETOR 15 II, SN ZONA RU] cairia sobre outro local (< 50 m)",pilha de 3 locais em 50 m (3 localidades rurais distintas)
1504802,Monte Alegre,2006,19,1996,EMEF SETOR 09 A,ZONA RURAL,DISTRITO RODOVIA PA 254 SETOR 09 A,-54.199501,-1.705201,,,,nao corrigido,,"descartado: INEP: E M E I F SETOR 15 II [COMUNIDADE DE PA 254 SETOR 15 II, SN ZONA RU] cairia sobre outro local (< 50 m)",pilha de 3 locais em 50 m (3 localidades rurais distintas)
1504802,Monte Alegre,2008,19,1996,EMEF SETOR 09 A,ZONA RURAL,DISTRITO RODOVIA PA 254 SETOR 09 A,-54.199501,-1.705201,,,,nao corrigido,,"descartado: INEP: E M E I F SETOR 15 II [COMUNIDADE DE PA 254 SETOR 15 II, SN ZONA RU] cairia sobre outro local (< 50 m)",pilha de 3 locais em 50 m (3 localidades rurais distintas)
1504802,Monte Alegre,2006,19,2020,EMEF PIAPÓ,ZONA RURAL,DISTRITO PIAPÓ COSTA DO AMAZONAS,-54.3975204,-2.3658277,,,,nao corrigido,,sem correspondencia no CNEFE,fora do municipio (4.8 km alem da divisa)
1504802,Monte Alegre,2008,19,2020,EMEF PIAPÓ,ZONA RURAL,DISTRITO PIAPÓ COSTA DO AMAZONAS,-54.3975204,-2.3658277,,,,nao corrigido,,sem correspondencia no CNEFE,fora do municipio (4.8 km alem da divisa)
1504802,Monte Alegre,2010,19,2020,EMEF PIAPÓ,ZONA RURAL,DISTRITO PIAPÓ COSTA DO AMAZONAS,-54.3975204,-2.3658277,,,,nao corrigido,,sem correspondencia no CNEFE,fora do municipio (4.8 km alem da divisa)
1504802,Monte Alegre,2012,19,2020,EMEF PIAPÓ,ZONA RURAL,DISTRITO PIAPÓ COSTA DO AMAZONAS,-54.3975204,-2.3658277,,,,nao corrigido,,sem correspondencia no CNEFE,fora do municipio (4.8 km alem da divisa)
1504802,Monte Alegre,2014,19,2020,EMEF PIAPÓ,ZONA RURAL,DISTRITO PIAPÓ COSTA DO AMAZONAS,-54.3975204,-2.3658277,,,,nao corrigido,,sem correspondencia no CNEFE,fora do municipio (4.8 km alem da divisa)
1504802,Monte Alegre,2016,19,2020,EMEF PIAPÓ,ZONA RURAL,DISTRITO PIAPÓ COSTA DO AMAZONAS,-54.3975204,-2.3658277,,,,nao corrigido,,sem correspondencia no CNEFE,fora do municipio (4.8 km alem da divisa)
1504802,Monte Alegre,2018,19,2020,EMEF PIAPÓ,ZONA RURAL,DISTRITO PIAPÓ COSTA DO AMAZONAS,-54.3975204,-2.3658277,,,,nao corrigido,,sem correspondencia no CNEFE,fora do municipio (4.8 km alem da divisa)
1504802,Monte Alegre,2020,19,2020,EMEF PIAPÓ,ZONA RURAL,DISTRITO PIAPÓ COSTA DO AMAZONAS,-54.3975204,-2.3658277,,,,nao corrigido,,sem correspondencia no CNEFE,fora do municipio (4.8 km alem da divisa)
1504802,Monte Alegre,2022,19,2020,EMEF PIAPÓ,ZONA RURAL,DISTRITO PIAPÓ COSTA DO AMAZONAS,-54.3975204,-2.3658277,,,,nao corrigido,,sem correspondencia no CNEFE,fora do municipio (4.8 km alem da divisa)
1504802,Monte Alegre,2024,19,2020,EMEF PIAPÓ,ZONA RURAL,DISTRITO PIAPÓ                         COSTA DO AMAZONAS,-54.3975204,-2.3658277,,,,nao corrigido,,sem correspondencia no CNEFE,fora do municipio (4.8 km alem da divisa)
1504802,Monte Alegre,2006,19,2038,EMEF FLEXAL I,ZONA RURAL,FLEXAL I ZONA DO LAGO,-54.4901004,-2.3118024,,,,nao corrigido,,sem correspondencia no CNEFE,fora do municipio (10.3 km alem da divisa)
1504802,Monte Alegre,2008,19,2038,EMEF FLEXAL I,ZONA RURAL,FLEXAL I ZONA DO LAGO,-54.4901004,-2.3118024,,,,nao corrigido,,sem correspondencia no CNEFE,fora do municipio (10.3 km alem da divisa)
1504802,Monte Alegre,2010,19,2038,EMEF FLEXAL I,ZONA RURAL,FLEXAL I ZONA DO LAGO,-54.4901004,-2.3118024,,,,nao corrigido,,sem correspondencia no CNEFE,fora do municipio (10.3 km alem da divisa)
1504802,Monte Alegre,2012,19,2038,EMEF FLEXAL I,ZONA RURAL,FLEXAL I ZONA DO LAGO,-54.4901004,-2.3118024,,,,nao corrigido,,sem correspondencia no CNEFE,fora do municipio (10.3 km alem da divisa)
1504802,Monte Alegre,2014,19,2038,EMEF FLEXAL I,ZONA RURAL,FLEXAL I ZONA DO LAGO,-54.4901004,-2.3118024,,,,nao corrigido,,sem correspondencia no CNEFE,fora do municipio (10.3 km alem da divisa)
1504802,Monte Alegre,2016,19,2038,EMEF FLEXAL I,ZONA RURAL,FLEXAL I ZONA DO LAGO,-54.4901004,-2.3118024,,,,nao corrigido,,sem correspondencia no CNEFE,fora do municipio (10.3 km alem da divisa)
1504802,Monte Alegre,2018,19,2038,EMEF FLEXAL I,ZONA RURAL,FLEXAL I ZONA DO LAGO,-54.4901004,-2.3118024,,,,nao corrigido,,sem correspondencia no CNEFE,fora do municipio (10.3 km alem da divisa)
1504802,Monte Alegre,2020,19,2038,EMEF FLEXAL I,ZONA RURAL,FLEXAL I ZONA DO LAGO,-54.4901004,-2.3118024,,,,nao corrigido,,sem correspondencia no CNEFE,fora do municipio (10.3 km alem da divisa)
1504802,Monte Alegre,2022,19,2038,EMEF FLEXAL I,ZONA RURAL,FLEXAL I ZONA DO LAGO,-54.4901004,-2.3118024,,,,nao corrigido,,sem correspondencia no CNEFE,fora do municipio (10.3 km alem da divisa)
1504802,Monte Alegre,2024,19,2038,EMEF FLEXAL I,ZONA RURAL,FLEXAL I                               ZONA DO LAGO,-54.4901004,-2.3118024,,,,nao corrigido,,sem correspondencia no CNEFE,fora do municipio (10.3 km alem da divisa)
1504802,Monte Alegre,2010,19,2054,EMEF JABURÚ,ZONA RURAL,DISTRITO JABURÚ ZONA DO LAGO,-54.44563,-2.283618,,,,nao corrigido,,sem correspondencia no CNEFE,fora do municipio (4.8 km alem da divisa)
1504802,Monte Alegre,2020,19,2372,EMEF ÁGUA VERMELHA,ZONA RURAL,COMUNIDADE DE ÁGUA VERMELHA,-53.7292035,-1.2419641,,,,nao corrigido,,sem correspondencia no CNEFE,fora do municipio (14.0 km alem da divisa)
1504802,Monte Alegre,2022,19,2372,EMEF ÁGUA VERMELHA,ZONA RURAL,COMUNIDADE DE ÁGUA VERMELHA,-53.7292035,-1.2419641,,,,nao corrigido,,sem correspondencia no CNEFE,fora do municipio (14.0 km alem da divisa)
1504802,Monte Alegre,2024,19,2372,EMEF ÁGUA VERMELHA,ZONA RURAL,COMUNIDADE DE ÁGUA VERMELHA,-53.7292035,-1.2419641,,,,nao corrigido,,sem correspondencia no CNEFE,fora do municipio (14.0 km alem da divisa)
1504802,Monte Alegre,2008,19,2380,EMEF FLEXAL II,ZONA RURAL,DISTRITO FLEXAL II - ZONA DO LAGO,-54.4965219,-2.3035041,,,,nao corrigido,,sem correspondencia no CNEFE,fora do municipio (10.6 km alem da divisa)
1504802,Monte Alegre,2010,19,2380,EMEF FLEXAL II,ZONA RURAL,DISTRITO FLEXAL II - ZONA DO LAGO,-54.4965219,-2.3035041,,,,nao corrigido,,sem correspondencia no CNEFE,fora do municipio (10.6 km alem da divisa)
1504802,Monte Alegre,2012,19,2380,EMEF FLEXAL II,ZONA RURAL,DISTRITO FLEXAL II - ZONA DO LAGO,-54.4965219,-2.3035041,,,,nao corrigido,,sem correspondencia no CNEFE,fora do municipio (10.6 km alem da divisa)
1504802,Monte Alegre,2014,19,2380,EMEF FLEXAL II,ZONA RURAL,DISTRITO FLEXAL II - ZONA DO LAGO,-54.4965219,-2.3035041,,,,nao corrigido,,sem correspondencia no CNEFE,fora do municipio (10.6 km alem da divisa)
1504802,Monte Alegre,2016,19,2380,EMEF FLEXAL II,ZONA RURAL,DISTRITO FLEXAL II - ZONA DO LAGO,-54.4965219,-2.3035041,,,,nao corrigido,,sem correspondencia no CNEFE,fora do municipio (10.6 km alem da divisa)
1504802,Monte Alegre,2018,19,2380,EMEF FLEXAL II,ZONA RURAL,DISTRITO FLEXAL II - ZONA DO LAGO,-54.4965219,-2.3035041,,,,nao corrigido,,sem correspondencia no CNEFE,fora do municipio (10.6 km alem da divisa)
1504802,Monte Alegre,2020,19,2380,EMEF FLEXAL II,ZONA RURAL,DISTRITO FLEXAL II - ZONA DO LAGO,-54.4965219,-2.3035041,,,,nao corrigido,,sem correspondencia no CNEFE,fora do municipio (10.6 km alem da divisa)
1504802,Monte Alegre,2022,19,2380,EMEF FLEXAL II,ZONA RURAL,DISTRITO FLEXAL II - ZONA DO LAGO,-54.4965219,-2.3035041,,,,nao corrigido,,sem correspondencia no CNEFE,fora do municipio (10.6 km alem da divisa)
1504802,Monte Alegre,2024,19,2380,EMEF FLEXAL II,ZONA RURAL,DISTRITO FLEXAL II - ZONA DO LAGO,-54.4965219,-2.3035041,,,,nao corrigido,,sem correspondencia no CNEFE,fora do municipio (10.6 km alem da divisa)
1504802,Monte Alegre,2012,19,2470,EMEF CABECEIRA DO IGARAPÉ GRANDE,ZONA RURAL,COMUNIDADE DO IGARAPÉ GRANDE,-53.8749804,-1.670748,-53.844663,-1.6959027,4.38,escola_inep,media,"INEP: E M E F CABECEIRA DO IGARAPE GRANDE [COMUNIDADE DE IGARAPE GRANDE, SN ZONA RURAL.]",fora do municipio (1.7 km alem da divisa)
1504802,Monte Alegre,2014,19,2470,EMEF CABECEIRA DO IGARAPÉ GRANDE,ZONA RURAL,COMUNIDADE DO IGARAPÉ GRANDE,-53.8749804,-1.670748,-53.844663,-1.6959027,4.38,escola_inep,media,"INEP: E M E F CABECEIRA DO IGARAPE GRANDE [COMUNIDADE DE IGARAPE GRANDE, SN ZONA RURAL.]",fora do municipio (1.7 km alem da divisa)
1504802,Monte Alegre,2016,19,2470,EMEF CABECEIRA DO IGARAPÉ GRANDE,ZONA RURAL,COMUNIDADE DO IGARAPÉ GRANDE,-53.8749804,-1.670748,-53.844663,-1.6959027,4.38,escola_inep,media,"INEP: E M E F CABECEIRA DO IGARAPE GRANDE [COMUNIDADE DE IGARAPE GRANDE, SN ZONA RURAL.]",fora do municipio (1.7 km alem da divisa)
1504802,Monte Alegre,2018,19,2470,EMEF CABECEIRA DO IGARAPÉ GRANDE,ZONA RURAL,COMUNIDADE DO IGARAPÉ GRANDE,-53.8749804,-1.670748,-53.844663,-1.6959027,4.38,escola_inep,media,"INEP: E M E F CABECEIRA DO IGARAPE GRANDE [COMUNIDADE DE IGARAPE GRANDE, SN ZONA RURAL.]",fora do municipio (1.7 km alem da divisa)
1504802,Monte Alegre,2020,19,2470,EMEF CABECEIRA DO IGARAPÉ GRANDE,ZONA RURAL,COMUNIDADE DO IGARAPÉ GRANDE,-53.8749804,-1.670748,-53.844663,-1.6959027,4.38,escola_inep,media,"INEP: E M E F CABECEIRA DO IGARAPE GRANDE [COMUNIDADE DE IGARAPE GRANDE, SN ZONA RURAL.]",fora do municipio (1.7 km alem da divisa)
1504802,Monte Alegre,2022,19,2470,EMEF CABECEIRA DO IGARAPÉ GRANDE,ZONA RURAL,COMUNIDADE DO IGARAPÉ GRANDE,-53.8749804,-1.670748,-53.844663,-1.6959027,4.38,escola_inep,media,"INEP: E M E F CABECEIRA DO IGARAPE GRANDE [COMUNIDADE DE IGARAPE GRANDE, SN ZONA RURAL.]",fora do municipio (1.7 km alem da divisa)
1504802,Monte Alegre,2024,19,2470,EMEF CABECEIRA DO IGARAPÉ GRANDE,ZONA RURAL,COMUNIDADE DO IGARAPÉ GRANDE,-53.8749804,-1.670748,-53.844663,-1.6959027,4.38,escola_inep,media,"INEP: E M E F CABECEIRA DO IGARAPE GRANDE [COMUNIDADE DE IGARAPE GRANDE, SN ZONA RURAL.]",fora do municipio (1.7 km alem da divisa)
1505304,Oriximiná,2006,38,1040,CÂMARA MUNICIPAL DE ORIXIMINÁ,CENTRO,TRAV MAGALHÃES BARATA,-55.865039,-1.7630766,-55.865194,-1.768397,0.59,localidade,media,"localidade CENTRO (1488 enderecos, raio 0.4 km)",movido por reposicionar_locais_fora_do_bairro.py
1505304,Oriximiná,2008,38,1040,CÂMARA MUNICIPAL DE ORIXIMINÁ,CENTRO,TRAV MAGALHÃES BARATA,-55.865039,-1.7630766,-55.865194,-1.768397,0.59,localidade,media,"localidade CENTRO (1488 enderecos, raio 0.4 km)",movido por reposicionar_locais_fora_do_bairro.py
1505304,Oriximiná,2010,38,1040,CÂMARA MUNICIPAL DE ORIXIMINÁ,CENTRO,TRAV MAGALHÃES BARATA,-55.865039,-1.7630766,-55.865194,-1.768397,0.59,localidade,media,"localidade CENTRO (1488 enderecos, raio 0.4 km)",movido por reposicionar_locais_fora_do_bairro.py
1505304,Oriximiná,2012,38,1040,CÂMARA MUNICIPAL DE ORIXIMINÁ,CENTRO,TRAV MAGALHÃES BARATA,-55.865039,-1.7630766,-55.865194,-1.768397,0.59,localidade,media,"localidade CENTRO (1488 enderecos, raio 0.4 km)",movido por reposicionar_locais_fora_do_bairro.py
1505304,Oriximiná,2014,38,1040,CÂMARA MUNICIPAL DE ORIXIMINÁ,CENTRO,TRAV MAGALHÃES BARATA,-55.865039,-1.7630766,-55.865194,-1.768397,0.59,localidade,media,"localidade CENTRO (1488 enderecos, raio 0.4 km)",movido por reposicionar_locais_fora_do_bairro.py
1505304,Oriximiná,2020,38,1040,CÂMARA MUNICIPAL DE ORIXIMINÁ,CENTRO,TRAV MAGALHÃES BARATA,-55.865039,-1.7630766,-55.865194,-1.768397,0.59,localidade,media,"localidade CENTRO (1488 enderecos, raio 0.4 km)",movido por reposicionar_locais_fora_do_bairro.py
1505304,Oriximiná,2022,38,1040,CÂMARA MUNICIPAL DE ORIXIMINÁ,CENTRO,TRAV MAGALHÃES BARATA,-55.865039,-1.7630766,-55.865194,-1.768397,0.59,localidade,media,"localidade CENTRO (1488 enderecos, raio 0.4 km)",movido por reposicionar_locais_fora_do_bairro.py
1505304,Oriximiná,2024,38,1040,CÂMARA MUNICIPAL DE ORIXIMINÁ,CENTRO,TRAV MAGALHÃES BARATA,-55.865039,-1.7630766,-55.865194,-1.768397,0.59,localidade,media,"localidade CENTRO (1488 enderecos, raio 0.4 km)",movido por reposicionar_locais_fora_do_bairro.py
1505304,Oriximiná,2006,38,1082,SEC. MUN. DE MEIO AMBIENTE E TURISMO,CENTRO,"PRACA SANTO ANTONIO, 11",-55.8656661,-1.7629827,,,,nao corrigido,,"descartado: localidade CENTRO (1488 enderecos, raio 0.4 km) cairia sobre outro local (< 50 m)",movido por reposicionar_locais_fora_do_bairro.py
1505304,Oriximiná,2008,38,1082,SEC. MUN. DE MEIO AMBIENTE E TURISMO,CENTRO,"PRACA SANTO ANTONIO, 11",-55.8656661,-1.7629827,,,,nao corrigido,,"descartado: localidade CENTRO (1488 enderecos, raio 0.4 km) cairia sobre outro local (< 50 m)",movido por reposicionar_locais_fora_do_bairro.py
1505304,Oriximiná,2010,38,1082,SEC. MUN. DE MEIO AMBIENTE E TURISMO,CENTRO,"PRACA SANTO ANTONIO, 11",-55.8656661,-1.7629827,,,,nao corrigido,,"descartado: localidade CENTRO (1488 enderecos, raio 0.4 km) cairia sobre outro local (< 50 m)",movido por reposicionar_locais_fora_do_bairro.py
1505304,Oriximiná,2012,38,1082,SEC. MUN. DE MEIO AMBIENTE E TURISMO,CENTRO,"PRACA SANTO ANTONIO, 11",-55.8656661,-1.7629827,,,,nao corrigido,,"descartado: localidade CENTRO (1488 enderecos, raio 0.4 km) cairia sobre outro local (< 50 m)",movido por reposicionar_locais_fora_do_bairro.py
1505304,Oriximiná,2014,38,1082,SEC. MUN. DE MEIO AMBIENTE E TURISMO,CENTRO,"PRACA SANTO ANTONIO, 11",-55.8656661,-1.7629827,,,,nao corrigido,,"descartado: localidade CENTRO (1488 enderecos, raio 0.4 km) cairia sobre outro local (< 50 m)",movido por reposicionar_locais_fora_do_bairro.py
1505304,Oriximiná,2020,38,1082,SEC. MUN. DE MEIO AMBIENTE E TURISMO,CENTRO,"PRACA SANTO ANTONIO, 11",-55.8656661,-1.7629827,,,,nao corrigido,,"descartado: localidade CENTRO (1488 enderecos, raio 0.4 km) cairia sobre outro local (< 50 m)",movido por reposicionar_locais_fora_do_bairro.py
1505304,Oriximiná,2022,38,1082,SEC. MUN. DE MEIO AMBIENTE E TURISMO,CENTRO,"PRACA SANTO ANTONIO, 11",-55.8656661,-1.7629827,,,,nao corrigido,,"descartado: localidade CENTRO (1488 enderecos, raio 0.4 km) cairia sobre outro local (< 50 m)",movido por reposicionar_locais_fora_do_bairro.py
1505304,Oriximiná,2024,38,1082,SEC. MUN. DE MEIO AMBIENTE E TURISMO,CENTRO,"PRACA SANTO ANTONIO, 11",-55.8656661,-1.7629827,,,,nao corrigido,,"descartado: localidade CENTRO (1488 enderecos, raio 0.4 km) cairia sobre outro local (< 50 m)",movido por reposicionar_locais_fora_do_bairro.py
1505304,Oriximiná,2006,38,1775,EMEF CASINHA FELIZ - FERRUGEM,ZONA RURAL,RODOVIA PA 254 RAMAL DO FERRUGEM,-55.5987083,-1.4574854,,,,nao corrigido,,sem correspondencia no CNEFE,fora do municipio (11.5 km alem da divisa)
1505304,Oriximiná,2008,38,1775,EMEF CASINHA FELIZ - FERRUGEM,ZONA RURAL,RODOVIA PA 254 RAMAL DO FERRUGEM,-55.5987083,-1.4574854,,,,nao corrigido,,sem correspondencia no CNEFE,fora do municipio (11.5 km alem da divisa)
1505304,Oriximiná,2010,38,1775,EMEF CASINHA FELIZ - FERRUGEM,ZONA RURAL,RODOVIA PA 254 RAMAL DO FERRUGEM,-55.5987083,-1.4574854,,,,nao corrigido,,sem correspondencia no CNEFE,fora do municipio (11.5 km alem da divisa)
1505304,Oriximiná,2012,38,1775,EMEF CASINHA FELIZ - FERRUGEM,ZONA RURAL,RODOVIA PA 254 RAMAL DO FERRUGEM,-55.5987083,-1.4574854,,,,nao corrigido,,sem correspondencia no CNEFE,fora do municipio (11.5 km alem da divisa)
1505304,Oriximiná,2014,38,1775,EMEF CASINHA FELIZ - FERRUGEM,ZONA RURAL,RODOVIA PA 254 RAMAL DO FERRUGEM,-55.5987083,-1.4574854,,,,nao corrigido,,sem correspondencia no CNEFE,fora do municipio (11.5 km alem da divisa)
1505304,Oriximiná,2016,38,1775,EMEF CASINHA FELIZ - FERRUGEM,ZONA RURAL,RODOVIA PA 254 RAMAL DO FERRUGEM,-55.5987083,-1.4574854,,,,nao corrigido,,sem correspondencia no CNEFE,fora do municipio (11.5 km alem da divisa)
1505304,Oriximiná,2018,38,1775,EMEF CASINHA FELIZ - FERRUGEM,ZONA RURAL,RODOVIA PA 254 RAMAL DO FERRUGEM,-55.5987083,-1.4574854,,,,nao corrigido,,sem correspondencia no CNEFE,fora do municipio (11.5 km alem da divisa)
1505304,Oriximiná,2020,38,1775,EMEF CASINHA FELIZ - FERRUGEM,ZONA RURAL,RODOVIA PA 254 RAMAL DO FERRUGEM,-55.5987083,-1.4574854,,,,nao corrigido,,sem correspondencia no CNEFE,fora do municipio (11.5 km alem da divisa)
1505304,Oriximiná,2022,38,1775,EMEF CASINHA FELIZ - FERRUGEM,ZONA RURAL,RODOVIA PA 254 RAMAL DO FERRUGEM,-55.5987083,-1.4574854,,,,nao corrigido,,sem correspondencia no CNEFE,fora do municipio (11.5 km alem da divisa)
1505304,Oriximiná,2024,38,1775,EMEF CASINHA FELIZ - FERRUGEM,ZONA RURAL,RODOVIA PA 254 RAMAL DO FERRUGEM,-55.5987083,-1.4574854,,,,nao corrigido,,sem correspondencia no CNEFE,fora do municipio (11.5 km alem da divisa)
1505304,Oriximiná,2006,38,1864,EMEF SANTO ANTONIO - RAMAL DOS TRÊS,ZONA RURAL,ESTRADA DO BEC KM 38 RAMAL DOS TRÊS,-55.7899974,-1.2542717,,,,nao corrigido,,sem correspondencia no CNEFE,fora do municipio (3.4 km alem da divisa)
1505304,Oriximiná,2008,38,1864,EMEF SANTO ANTONIO - RAMAL DOS TRÊS,ZONA RURAL,ESTRADA DO BEC KM 38 RAMAL DOS TRÊS,-55.7899974,-1.2542717,,,,nao corrigido,,sem correspondencia no CNEFE,fora do municipio (3.4 km alem da divisa)
1505304,Oriximiná,2010,38,1864,EMEF SANTO ANTONIO - RAMAL DOS TRÊS,ZONA RURAL,ESTRADA DO BEC KM 38 RAMAL DOS TRÊS,-55.7899974,-1.2542717,,,,nao corrigido,,sem correspondencia no CNEFE,fora do municipio (3.4 km alem da divisa)
1505304,Oriximiná,2012,38,1864,EMEF SANTO ANTONIO - RAMAL DOS TRÊS,ZONA RURAL,ESTRADA DO BEC KM 38 RAMAL DOS TRÊS,-55.7899974,-1.2542717,,,,nao corrigido,,sem correspondencia no CNEFE,fora do municipio (3.4 km alem da divisa)
1505304,Oriximiná,2014,38,1864,EMEF SANTO ANTONIO - RAMAL DOS TRÊS,ZONA RURAL,ESTRADA DO BEC KM 38 RAMAL DOS TRÊS,-55.7899974,-1.2542717,,,,nao corrigido,,sem correspondencia no CNEFE,fora do municipio (3.4 km alem da divisa)
1505304,Oriximiná,2016,38,1864,EMEF SANTO ANTONIO - RAMAL DOS TRÊS,ZONA RURAL,ESTRADA DO BEC KM 38 RAMAL DOS TRÊS,-55.7899974,-1.2542717,,,,nao corrigido,,sem correspondencia no CNEFE,fora do municipio (3.4 km alem da divisa)
1505304,Oriximiná,2018,38,1864,EMEF SANTO ANTONIO - RAMAL DOS TRÊS,ZONA RURAL,ESTRADA DO BEC KM 38 RAMAL DOS TRÊS,-55.7899974,-1.2542717,,,,nao corrigido,,sem correspondencia no CNEFE,fora do municipio (3.4 km alem da divisa)
1505304,Oriximiná,2020,38,1864,EMEF SANTO ANTONIO - RAMAL DOS TRÊS,ZONA RURAL,ESTRADA DO BEC KM 38 RAMAL DOS TRÊS,-55.7899974,-1.2542717,,,,nao corrigido,,sem correspondencia no CNEFE,fora do municipio (3.4 km alem da divisa)
1505304,Oriximiná,2022,38,1864,EMEF SANTO ANTONIO - RAMAL DOS TRÊS,ZONA RURAL,ESTRADA DO BEC KM 38 RAMAL DOS TRÊS,-55.7899974,-1.2542717,,,,nao corrigido,,sem correspondencia no CNEFE,fora do municipio (3.4 km alem da divisa)
1505304,Oriximiná,2024,38,1864,EMEF SANTO ANTONIO - RAMAL DOS TRÊS,ZONA RURAL,ESTRADA DO BEC KM 38 RAMAL DOS TRÊS,-55.7899974,-1.2542717,,,,nao corrigido,,sem correspondencia no CNEFE,fora do municipio (3.4 km alem da divisa)
1505304,Oriximiná,2008,38,1880,EMEF ANTONIO CALDERARO - MURTA,ZONA RURAL,ESTRADA DO BEC KM 50 COMUNIDADE DO MURTA,-55.883935,-1.2291707,,,,nao corrigido,,sem correspondencia no CNEFE,fora do municipio (6.4 km alem da divisa)
1505304,Oriximiná,2010,38,1880,EMEF ANTONIO CALDERARO - MURTA,ZONA RURAL,ESTRADA DO BEC KM 50 COMUNIDADE DO MURTA,-55.883935,-1.2291707,,,,nao corrigido,,sem correspondencia no CNEFE,fora do municipio (6.4 km alem da divisa)
1505304,Oriximiná,2012,38,1880,EMEF ANTONIO CALDERARO - MURTA,ZONA RURAL,ESTRADA DO BEC KM 50 COMUNIDADE DO MURTA,-55.883935,-1.2291707,,,,nao corrigido,,sem correspondencia no CNEFE,fora do municipio (6.4 km alem da divisa)
1505304,Oriximiná,2014,38,1880,EMEF ANTONIO CALDERARO - MURTA,ZONA RURAL,ESTRADA DO BEC KM 50 COMUNIDADE DO MURTA,-55.883935,-1.2291707,,,,nao corrigido,,sem correspondencia no CNEFE,fora do municipio (6.4 km alem da divisa)
1505304,Oriximiná,2016,38,1880,EMEF ANTONIO CALDERARO - MURTA,ZONA RURAL,ESTRADA DO BEC KM 50 COMUNIDADE DO MURTA,-55.883935,-1.2291707,,,,nao corrigido,,sem correspondencia no CNEFE,fora do municipio (6.4 km alem da divisa)
1505304,Oriximiná,2018,38,1880,EMEF ANTONIO CALDERARO - MURTA,ZONA RURAL,ESTRADA DO BEC KM 50 COMUNIDADE DO MURTA,-55.883935,-1.2291707,,,,nao corrigido,,sem correspondencia no CNEFE,fora do municipio (6.4 km alem da divisa)
1505304,Oriximiná,2020,38,1880,EMEF ANTONIO CALDERARO - MURTA,ZONA RURAL,ESTRADA DO BEC KM 50 COMUNIDADE DO MURTA,-55.883935,-1.2291707,,,,nao corrigido,,sem correspondencia no CNEFE,fora do municipio (6.4 km alem da divisa)
1505304,Oriximiná,2022,38,1880,EMEF ANTONIO CALDERARO - MURTA,ZONA RURAL,ESTRADA DO BEC KM 50 COMUNIDADE DO MURTA,-55.883935,-1.2291707,,,,nao corrigido,,sem correspondencia no CNEFE,fora do municipio (6.4 km alem da divisa)
1505304,Oriximiná,2024,38,1880,EMEF ANTONIO CALDERARO - MURTA,ZONA RURAL,ESTRADA DO BEC KM 50 COMUNIDADE DO MURTA,-55.883935,-1.2291707,,,,nao corrigido,,sem correspondencia no CNEFE,fora do municipio (6.4 km alem da divisa)
1505304,Oriximiná,2008,38,1902,EMEF VITÓRIA RÉGIA - MONTE MURIÁ,ZONA RURAL,RAMAL DO JATUARANA KM 25,-55.6737388,-1.6527919,,,,nao corrigido,,sem correspondencia no CNEFE,fora do municipio (2.5 km alem da divisa)
1505304,Oriximiná,2010,38,1902,EMEF VITÓRIA RÉGIA - MONTE MURIÁ,ZONA RURAL,RAMAL DO JATUARANA KM 25,-55.6737388,-1.6527919,,,,nao corrigido,,sem correspondencia no CNEFE,fora do municipio (2.5 km alem da divisa)
1505304,Oriximiná,2012,38,1902,EMEF VITÓRIA RÉGIA - MONTE MURIÁ,ZONA RURAL,RAMAL DO JATUARANA KM 25,-55.6737388,-1.6527919,,,,nao corrigido,,sem correspondencia no CNEFE,fora do municipio (2.5 km alem da divisa)
1505304,Oriximiná,2014,38,1902,EMEF VITÓRIA RÉGIA - MONTE MURIÁ,ZONA RURAL,RAMAL DO JATUARANA KM 25,-55.6737388,-1.6527919,,,,nao corrigido,,sem correspondencia no CNEFE,fora do municipio (2.5 km alem da divisa)
1505304,Oriximiná,2016,38,1902,EMEF VITÓRIA RÉGIA - MONTE MURIÁ,ZONA RURAL,RAMAL DO JATUARANA KM 25,-55.6737388,-1.6527919,,,,nao corrigido,,sem correspondencia no CNEFE,fora do municipio (2.5 km alem da divisa)
1505304,Oriximiná,2018,38,1902,EMEF VITÓRIA RÉGIA - MONTE MURIÁ,ZONA RURAL,RAMAL DO JATUARANA KM 25,-55.6737388,-1.6527919,,,,nao corrigido,,sem correspondencia no CNEFE,fora do municipio (2.5 km alem da divisa)
1505304,Oriximiná,2020,38,1902,EMEF VITÓRIA RÉGIA - MONTE MURIÁ,ZONA RURAL,RAMAL DO JATUARANA KM 25,-55.6737388,-1.6527919,,,,nao corrigido,,sem correspondencia no CNEFE,fora do municipio (2.5 km alem da divisa)
1505304,Oriximiná,2022,38,1902,EMEF VITÓRIA RÉGIA - MONTE MURIÁ,ZONA RURAL,RAMAL DO JATUARANA KM 25,-55.6737388,-1.6527919,,,,nao corrigido,,sem correspondencia no CNEFE,fora do municipio (2.5 km alem da divisa)
1505304,Oriximiná,2024,38,1902,EMEF VITÓRIA RÉGIA - MONTE MURIÁ,ZONA RURAL,RAMAL DO JATUARANA KM 25,-55.6737388,-1.6527919,,,,nao corrigido,,sem correspondencia no CNEFE,fora do municipio (2.5 km alem da divisa)
1505304,Oriximiná,2016,38,2020,EMEF CUMINA - RAMAL CACHORRO SENTADO,ZONA RURAL,ESTRADA DO BEC KM 38 - RAMAL CACHORRO SENTADO,-55.8219041,-1.2340226,,,,nao corrigido,,sem correspondencia no CNEFE,fora do municipio (4.7 km alem da divisa)
1505304,Oriximiná,2018,38,2020,EMEF CUMINA - RAMAL CACHORRO SENTADO,ZONA RURAL,ESTRADA DO BEC KM 38 - RAMAL CACHORRO SENTADO,-55.8219041,-1.2340226,,,,nao corrigido,,sem correspondencia no CNEFE,fora do municipio (4.7 km alem da divisa)
1505304,Oriximiná,2020,38,2020,EMEF CUMINA - RAMAL CACHORRO SENTADO,ZONA RURAL,ESTRADA DO BEC KM 38 - RAMAL CACHORRO SENTADO,-55.8219041,-1.2340226,,,,nao corrigido,,sem correspondencia no CNEFE,fora do municipio (4.7 km alem da divisa)
1505304,Oriximiná,2022,38,2020,EMEF CUMINA - RAMAL CACHORRO SENTADO,ZONA RURAL,ESTRADA DO BEC KM 38 - RAMAL CACHORRO SENTADO,-55.8219041,-1.2340226,,,,nao corrigido,,sem correspondencia no CNEFE,fora do municipio (4.7 km alem da divisa)
1505304,Oriximiná,2024,38,2020,EMEF CUMINA - RAMAL CACHORRO SENTADO,ZONA RURAL,ESTRADA DO BEC KM 38 - RAMAL CACHORRO SENTADO,-55.8219041,-1.2340226,,,,nao corrigido,,sem correspondencia no CNEFE,fora do municipio (4.7 km alem da divisa)
1505304,Oriximiná,2014,38,5500,EMEF CUMINA,ZONA RURAL,ESTRADA DO BEC KM 38 - RAMAL CACHORRO SENTADO,-55.8219041,-1.2340226,,,,nao corrigido,,sem correspondencia no CNEFE,fora do municipio (4.7 km alem da divisa)
2409803,Pedro Velho,2006,61,1015,ESCOLA MUNICIPAL GRIMALDI RIBEIRO,CENTRO,"AV. PROF. GENAR BEZERRIL, S/N",-35.1411261,-6.3774561,-35.223477,-6.44154,11.57,estabelecimento,alta,ESCOLA M GRIMALDI RIBEIRO [CENTRO],fora do municipio (6.4 km alem da divisa)
2409803,Pedro Velho,2008,61,1015,ESCOLA MUNICIPAL GRIMALDI RIBEIRO,CENTRO,"AV. PROF. GENAR BEZERRIL, S/N",-35.1411261,-6.3774561,-35.223477,-6.44154,11.57,estabelecimento,alta,ESCOLA M GRIMALDI RIBEIRO [CENTRO],fora do municipio (6.4 km alem da divisa)
2409803,Pedro Velho,2010,61,1015,ESCOLA MUNICIPAL GRIMALDI RIBEIRO,CENTRO,"AV. PROF. GENAR BEZERRIL, S/N",-35.1411261,-6.3774561,-35.223477,-6.44154,11.57,estabelecimento,alta,ESCOLA M GRIMALDI RIBEIRO [CENTRO],fora do municipio (6.4 km alem da divisa)
2409803,Pedro Velho,2012,61,1015,ESCOLA MUNICIPAL GRIMALDI RIBEIRO,CENTRO,"AV. PROF. GENAR BEZERRIL, S/N",-35.1411261,-6.3774561,-35.223477,-6.44154,11.57,estabelecimento,alta,ESCOLA M GRIMALDI RIBEIRO [CENTRO],fora do municipio (6.4 km alem da divisa)
2409803,Pedro Velho,2014,61,1015,ESCOLA MUNICIPAL GRIMALDI RIBEIRO,CENTRO,"AV. PROF. GENAR BEZERRIL, S/N",-35.1411261,-6.3774561,-35.223477,-6.44154,11.57,estabelecimento,alta,ESCOLA M GRIMALDI RIBEIRO [CENTRO],fora do municipio (6.4 km alem da divisa)
2409803,Pedro Velho,2016,61,1015,ESCOLA MUNICIPAL GRIMALDI RIBEIRO,CENTRO,"AV. PROF. GENAR BEZERRIL, S/N",-35.1411261,-6.3774561,-35.223477,-6.44154,11.57,estabelecimento,alta,ESCOLA M GRIMALDI RIBEIRO [CENTRO],fora do municipio (6.4 km alem da divisa)
2409803,Pedro Velho,2018,11,1015,ESCOLA MUNICIPAL GRIMALDI RIBEIRO,CENTRO,"AV. PROF. GENAR BEZERRIL, S/N",-35.1411261,-6.3774561,-35.223477,-6.44154,11.57,estabelecimento,alta,ESCOLA M GRIMALDI RIBEIRO [CENTRO],fora do municipio (6.4 km alem da divisa)
2409803,Pedro Velho,2020,11,1015,ESCOLA MUNICIPAL GRIMALDI RIBEIRO,CENTRO,"AV. PROF. GENAR BEZERRIL, S/N",-35.1411261,-6.3774561,-35.223477,-6.44154,11.57,estabelecimento,alta,ESCOLA M GRIMALDI RIBEIRO [CENTRO],fora do municipio (6.4 km alem da divisa)
2409803,Pedro Velho,2022,11,1015,ESCOLA MUNICIPAL GRIMALDI RIBEIRO,CENTRO,"AV. PROF. GENAR BEZERRIL, S/N",-35.1411261,-6.3774561,-35.223477,-6.44154,11.57,estabelecimento,alta,ESCOLA M GRIMALDI RIBEIRO [CENTRO],fora do municipio (6.4 km alem da divisa)
2409803,Pedro Velho,2024,11,1015,ESCOLA MUNICIPAL DEP. GRIMALDI RIBEIRO,CENTRO,"AV. PROF. GENAR BEZERRIL, S/N",-35.1411261,-6.3774561,-35.223477,-6.44154,11.57,estabelecimento,alta,ESCOLA M GRIMALDI RIBEIRO [CENTRO],fora do municipio (6.4 km alem da divisa)
2409803,Pedro Velho,2018,11,1058,ESCOLA ESTADUAL DE PRIMEIRO GRAU DR. PEDRO VELHO,CENTRO,"AV. GENAR BEZERRIL, S/N",-35.1410984,-6.3774432,-35.22145,-6.438025,11.16,localidade,media,"localidade CENTRO (2139 enderecos, raio 0.4 km)",fora do municipio (6.4 km alem da divisa)
2409803,Pedro Velho,2020,11,1058,ESCOLA ESTADUAL DE PRIMEIRO GRAU DR. PEDRO VELHO,CENTRO,"AV. GENAR BEZERRIL, S/N",-35.1410984,-6.3774432,-35.22145,-6.438025,11.16,localidade,media,"localidade CENTRO (2139 enderecos, raio 0.4 km)",fora do municipio (6.4 km alem da divisa)
2409803,Pedro Velho,2022,11,1058,ESCOLA ESTADUAL DE PRIMEIRO GRAU DR. PEDRO VELHO,CENTRO,"AV. GENAR BEZERRIL, S/N",-35.1410984,-6.3774432,-35.22145,-6.438025,11.16,localidade,media,"localidade CENTRO (2139 enderecos, raio 0.4 km)",fora do municipio (6.4 km alem da divisa)
2409803,Pedro Velho,2024,11,1058,ESCOLA ESTADUAL DR. PEDRO VELHO- ENSINO FUND. E MÉDIO,CENTRO,"AV. GENAR BEZERRIL, S/N",-35.1410984,-6.3774432,-35.22145,-6.438025,11.16,localidade,media,"localidade CENTRO (2139 enderecos, raio 0.4 km)",fora do municipio (6.4 km alem da divisa)
2409803,Pedro Velho,2006,61,1066,ESCOLA ESTADUAL DE PRIMEIRO GRAU DR. PEDRO VELHO,CENTRO,"AV. GENAR BEZERRIL, S/N",-35.1410984,-6.3774432,-35.22145,-6.438025,11.16,localidade,media,"localidade CENTRO (2139 enderecos, raio 0.4 km)",fora do municipio (6.4 km alem da divisa)
2409803,Pedro Velho,2008,61,1066,ESCOLA ESTADUAL DE PRIMEIRO GRAU DR. PEDRO VELHO,CENTRO,"AV. GENAR BEZERRIL, S/N",-35.1410984,-6.3774432,-35.22145,-6.438025,11.16,localidade,media,"localidade CENTRO (2139 enderecos, raio 0.4 km)",fora do municipio (6.4 km alem da divisa)
2409803,Pedro Velho,2010,61,1066,ESCOLA ESTADUAL DE PRIMEIRO GRAU DR. PEDRO VELHO,CENTRO,"AV. GENAR BEZERRIL, S/N",-35.1410984,-6.3774432,-35.22145,-6.438025,11.16,localidade,media,"localidade CENTRO (2139 enderecos, raio 0.4 km)",fora do municipio (6.4 km alem da divisa)
2409803,Pedro Velho,2012,61,1066,ESCOLA ESTADUAL DE PRIMEIRO GRAU DR. PEDRO VELHO,CENTRO,"AV. GENAR BEZERRIL, S/N",-35.1410984,-6.3774432,-35.22145,-6.438025,11.16,localidade,media,"localidade CENTRO (2139 enderecos, raio 0.4 km)",fora do municipio (6.4 km alem da divisa)
2409803,Pedro Velho,2014,61,1066,ESCOLA ESTADUAL DE PRIMEIRO GRAU DR. PEDRO VELHO,CENTRO,"AV. GENAR BEZERRIL, S/N",-35.1410984,-6.3774432,-35.22145,-6.438025,11.16,localidade,media,"localidade CENTRO (2139 enderecos, raio 0.4 km)",fora do municipio (6.4 km alem da divisa)
2409803,Pedro Velho,2016,61,1066,ESCOLA ESTADUAL DE PRIMEIRO GRAU DR. PEDRO VELHO,CENTRO,"AV. GENAR BEZERRIL, S/N",-35.1410984,-6.3774432,-35.22145,-6.438025,11.16,localidade,media,"localidade CENTRO (2139 enderecos, raio 0.4 km)",fora do municipio (6.4 km alem da divisa)
2409803,Pedro Velho,2018,11,1066,ESCOLA ESTADUAL FABRICIO MARANHAO,CENTRO,"RUA JOAO PESSOA, 110",-35.1410831,-6.3774618,-35.218791,-6.438456,10.95,estabelecimento,alta,ESCOLA ESTADUAL FABRICIO MARANHAO [CENTRO],fora do municipio (6.4 km alem da divisa)
2409803,Pedro Velho,2020,11,1066,ESCOLA ESTADUAL FABRICIO MARANHAO,CENTRO,"RUA JOAO PESSOA, 110",-35.1410831,-6.3774618,-35.218791,-6.438456,10.95,estabelecimento,alta,ESCOLA ESTADUAL FABRICIO MARANHAO [CENTRO],fora do municipio (6.4 km alem da divisa)
2409803,Pedro Velho,2022,11,1066,ESCOLA ESTADUAL FABRICIO MARANHAO,CENTRO,"RUA JOAO PESSOA, 110",-35.1410831,-6.3774618,-35.218791,-6.438456,10.95,estabelecimento,alta,ESCOLA ESTADUAL FABRICIO MARANHAO [CENTRO],fora do municipio (6.4 km alem da divisa)
2409803,Pedro Velho,2024,11,1066,ESCOLA ESTADUAL FABRICIO MARANHAO,CENTRO,"RUA JOAO PESSOA, 110",-35.1410831,-6.3774618,-35.218791,-6.438456,10.95,estabelecimento,alta,ESCOLA ESTADUAL FABRICIO MARANHAO [CENTRO],fora do municipio (6.4 km alem da divisa)
2409803,Pedro Velho,2006,61,1074,ESCOLA ESTADUAL FABRICIO MARANHAO,CENTRO,"RUA JOAO PESSOA, 110",-35.1410831,-6.3774618,-35.218791,-6.438456,10.95,estabelecimento,alta,ESCOLA ESTADUAL FABRICIO MARANHAO [CENTRO],fora do municipio (6.4 km alem da divisa)
2409803,Pedro Velho,2008,61,1074,ESCOLA ESTADUAL FABRICIO MARANHAO,CENTRO,"RUA JOAO PESSOA, 110",-35.1410831,-6.3774618,-35.218791,-6.438456,10.95,estabelecimento,alta,ESCOLA ESTADUAL FABRICIO MARANHAO [CENTRO],fora do municipio (6.4 km alem da divisa)
2409803,Pedro Velho,2010,61,1074,ESCOLA ESTADUAL FABRICIO MARANHAO,CENTRO,"RUA JOAO PESSOA, 110",-35.1410831,-6.3774618,-35.218791,-6.438456,10.95,estabelecimento,alta,ESCOLA ESTADUAL FABRICIO MARANHAO [CENTRO],fora do municipio (6.4 km alem da divisa)
2409803,Pedro Velho,2012,61,1074,ESCOLA ESTADUAL FABRICIO MARANHAO,CENTRO,"RUA JOAO PESSOA, 110",-35.1410831,-6.3774618,-35.218791,-6.438456,10.95,estabelecimento,alta,ESCOLA ESTADUAL FABRICIO MARANHAO [CENTRO],fora do municipio (6.4 km alem da divisa)
2409803,Pedro Velho,2014,61,1074,ESCOLA ESTADUAL FABRICIO MARANHAO,CENTRO,"RUA JOAO PESSOA, 110",-35.1410831,-6.3774618,-35.218791,-6.438456,10.95,estabelecimento,alta,ESCOLA ESTADUAL FABRICIO MARANHAO [CENTRO],fora do municipio (6.4 km alem da divisa)
2409803,Pedro Velho,2016,61,1074,ESCOLA ESTADUAL FABRICIO MARANHAO,CENTRO,"RUA JOAO PESSOA, 110",-35.1410831,-6.3774618,-35.218791,-6.438456,10.95,estabelecimento,alta,ESCOLA ESTADUAL FABRICIO MARANHAO [CENTRO],fora do municipio (6.4 km alem da divisa)
2409803,Pedro Velho,2018,11,1074,ESCOLA MUNICIPAL DR. JOSE TARGINO,CENTRO,"AV. GENAR BEZERRIL, S/N",-35.1412019,-6.3772925,,,,nao corrigido,,"descartado: localidade CENTRO (2139 enderecos, raio 0.4 km) cairia sobre outro local (< 50 m)",fora do municipio (6.4 km alem da divisa)
2409803,Pedro Velho,2020,11,1074,ESCOLA MUNICIPAL DR. JOSE TARGINO,CENTRO,"AV. GENAR BEZERRIL, S/N",-35.1412019,-6.3772925,,,,nao corrigido,,"descartado: localidade CENTRO (2139 enderecos, raio 0.4 km) cairia sobre outro local (< 50 m)",fora do municipio (6.4 km alem da divisa)
2409803,Pedro Velho,2022,11,1074,ESCOLA MUNICIPAL DR. JOSE TARGINO,CENTRO,"AV. GENAR BEZERRIL, S/N",-35.1412019,-6.3772925,,,,nao corrigido,,"descartado: localidade CENTRO (2139 enderecos, raio 0.4 km) cairia sobre outro local (< 50 m)",fora do municipio (6.4 km alem da divisa)
2409803,Pedro Velho,2024,11,1074,ESCOLA MUNICIPAL DE 1º GRAU DR. JOSE TARGINO,CENTRO,"AV. GENAR BEZERRIL, S/N",-35.1412019,-6.3772925,,,,nao corrigido,,"descartado: localidade CENTRO (2139 enderecos, raio 0.4 km) cairia sobre outro local (< 50 m)",fora do municipio (6.4 km alem da divisa)
2409803,Pedro Velho,2006,61,1082,ESCOLA MUNICIPAL DR. JOSE TARGINO,CENTRO,"AV. GENAR BEZERRIL, S/N",-35.1412019,-6.3772925,,,,nao corrigido,,"descartado: localidade CENTRO (2139 enderecos, raio 0.4 km) cairia sobre outro local (< 50 m)",fora do municipio (6.4 km alem da divisa)
2409803,Pedro Velho,2008,61,1082,ESCOLA MUNICIPAL DR. JOSE TARGINO,CENTRO,"AV. GENAR BEZERRIL, S/N",-35.1412019,-6.3772925,,,,nao corrigido,,"descartado: localidade CENTRO (2139 enderecos, raio 0.4 km) cairia sobre outro local (< 50 m)",fora do municipio (6.4 km alem da divisa)
2409803,Pedro Velho,2010,61,1082,ESCOLA MUNICIPAL DR. JOSE TARGINO,CENTRO,"AV. GENAR BEZERRIL, S/N",-35.1412019,-6.3772925,,,,nao corrigido,,"descartado: localidade CENTRO (2139 enderecos, raio 0.4 km) cairia sobre outro local (< 50 m)",fora do municipio (6.4 km alem da divisa)
2409803,Pedro Velho,2012,61,1082,ESCOLA MUNICIPAL DR. JOSE TARGINO,CENTRO,"AV. GENAR BEZERRIL, S/N",-35.1412019,-6.3772925,,,,nao corrigido,,"descartado: localidade CENTRO (2139 enderecos, raio 0.4 km) cairia sobre outro local (< 50 m)",fora do municipio (6.4 km alem da divisa)
2409803,Pedro Velho,2014,61,1082,ESCOLA MUNICIPAL DR. JOSE TARGINO,CENTRO,"AV. GENAR BEZERRIL, S/N",-35.1412019,-6.3772925,,,,nao corrigido,,"descartado: localidade CENTRO (2139 enderecos, raio 0.4 km) cairia sobre outro local (< 50 m)",fora do municipio (6.4 km alem da divisa)
2409803,Pedro Velho,2016,61,1082,ESCOLA MUNICIPAL DR. JOSE TARGINO,CENTRO,"AV. GENAR BEZERRIL, S/N",-35.1412019,-6.3772925,,,,nao corrigido,,"descartado: localidade CENTRO (2139 enderecos, raio 0.4 km) cairia sobre outro local (< 50 m)",fora do municipio (6.4 km alem da divisa)
2409803,Pedro Velho,2018,11,1082,GRUPO ESCOLAR PADRE LEONCIO,ZONA RURAL,"RUA 15 DE AGOSTO, S/N - POVOADO DE CARNAUBA",-35.1415919,-6.3774223,,,,nao corrigido,,sem correspondencia no CNEFE,fora do municipio (6.4 km alem da divisa)
2409803,Pedro Velho,2020,11,1082,GRUPO ESCOLAR PADRE LEONCIO,ZONA RURAL,"RUA 15 DE AGOSTO, S/N - POVOADO DE CARNAUBA",-35.1415919,-6.3774223,,,,nao corrigido,,sem correspondencia no CNEFE,fora do municipio (6.4 km alem da divisa)
2409803,Pedro Velho,2022,11,1082,GRUPO ESCOLAR PADRE LEONCIO,ZONA RURAL,"RUA 15 DE AGOSTO, S/N - POVOADO DE CARNAUBA",-35.1415919,-6.3774223,,,,nao corrigido,,sem correspondencia no CNEFE,fora do municipio (6.4 km alem da divisa)
2409803,Pedro Velho,2024,11,1082,ESCOLA MUNICIPAL DE 1º GRAU PADRE LEONCIO,ZONA RURAL,"RUA 15 DE AGOSTO, S/N - POVOADO DE CARNAUBA",-35.1415919,-6.3774223,,,,nao corrigido,,sem correspondencia no CNEFE,fora do municipio (6.4 km alem da divisa)
2409803,Pedro Velho,2006,61,1090,GRUPO ESCOLAR PADRE LEONCIO,ZONA RURAL,"RUA 15 DE AGOSTO, S/N - POVOADO DE CARNAUBA",-35.1415919,-6.3774223,,,,nao corrigido,,sem correspondencia no CNEFE,fora do municipio (6.4 km alem da divisa)
2409803,Pedro Velho,2008,61,1090,GRUPO ESCOLAR PADRE LEONCIO,ZONA RURAL,"RUA 15 DE AGOSTO, S/N - POVOADO DE CARNAUBA",-35.1415919,-6.3774223,,,,nao corrigido,,sem correspondencia no CNEFE,fora do municipio (6.4 km alem da divisa)
2409803,Pedro Velho,2010,61,1090,GRUPO ESCOLAR PADRE LEONCIO,ZONA RURAL,"RUA 15 DE AGOSTO, S/N - POVOADO DE CARNAUBA",-35.1415919,-6.3774223,,,,nao corrigido,,sem correspondencia no CNEFE,fora do municipio (6.4 km alem da divisa)
2409803,Pedro Velho,2012,61,1090,GRUPO ESCOLAR PADRE LEONCIO,ZONA RURAL,"RUA 15 DE AGOSTO, S/N - POVOADO DE CARNAUBA",-35.1415919,-6.3774223,,,,nao corrigido,,sem correspondencia no CNEFE,fora do municipio (6.4 km alem da divisa)
2409803,Pedro Velho,2014,61,1090,GRUPO ESCOLAR PADRE LEONCIO,ZONA RURAL,"RUA 15 DE AGOSTO, S/N - POVOADO DE CARNAUBA",-35.1415919,-6.3774223,,,,nao corrigido,,sem correspondencia no CNEFE,fora do municipio (6.4 km alem da divisa)
2409803,Pedro Velho,2016,61,1090,GRUPO ESCOLAR PADRE LEONCIO,ZONA RURAL,"RUA 15 DE AGOSTO, S/N - POVOADO DE CARNAUBA",-35.1415919,-6.3774223,,,,nao corrigido,,sem correspondencia no CNEFE,fora do municipio (6.4 km alem da divisa)
2409803,Pedro Velho,2018,11,1090,GRUPO ESCOLAR PROFESSOR JOAQUIM SOARES,ZONA RURAL,"RUA PADRE LEONCIO, 80 - POVOADO DE CARNAUBA",-35.1415919,-6.3774223,,,,nao corrigido,,sem correspondencia no CNEFE,fora do municipio (6.4 km alem da divisa)
2409803,Pedro Velho,2020,11,1090,GRUPO ESCOLAR PROFESSOR JOAQUIM SOARES,ZONA RURAL,"RUA PADRE LEONCIO, 80 - POVOADO DE CARNAUBA",-35.1415919,-6.3774223,,,,nao corrigido,,sem correspondencia no CNEFE,fora do municipio (6.4 km alem da divisa)
2409803,Pedro Velho,2022,11,1090,GRUPO ESCOLAR PROFESSOR JOAQUIM SOARES,ZONA RURAL,"RUA PADRE LEONCIO, 80 - POVOADO DE CARNAUBA",-35.1415919,-6.3774223,,,,nao corrigido,,sem correspondencia no CNEFE,fora do municipio (6.4 km alem da divisa)
2409803,Pedro Velho,2006,61,1104,GRUPO ESCOLAR PROFESSOR JOAQUIM SOARES,ZONA RURAL,"RUA PADRE LEONCIO, 80 - POVOADO DE CARNAUBA",-35.1415919,-6.3774223,,,,nao corrigido,,sem correspondencia no CNEFE,fora do municipio (6.4 km alem da divisa)
2409803,Pedro Velho,2008,61,1104,GRUPO ESCOLAR PROFESSOR JOAQUIM SOARES,ZONA RURAL,"RUA PADRE LEONCIO, 80 - POVOADO DE CARNAUBA",-35.1415919,-6.3774223,,,,nao corrigido,,sem correspondencia no CNEFE,fora do municipio (6.4 km alem da divisa)
2409803,Pedro Velho,2010,61,1104,GRUPO ESCOLAR PROFESSOR JOAQUIM SOARES,ZONA RURAL,"RUA PADRE LEONCIO, 80 - POVOADO DE CARNAUBA",-35.1415919,-6.3774223,,,,nao corrigido,,sem correspondencia no CNEFE,fora do municipio (6.4 km alem da divisa)
2409803,Pedro Velho,2012,61,1104,GRUPO ESCOLAR PROFESSOR JOAQUIM SOARES,ZONA RURAL,"RUA PADRE LEONCIO, 80 - POVOADO DE CARNAUBA",-35.1415919,-6.3774223,,,,nao corrigido,,sem correspondencia no CNEFE,fora do municipio (6.4 km alem da divisa)
2409803,Pedro Velho,2014,61,1104,GRUPO ESCOLAR PROFESSOR JOAQUIM SOARES,ZONA RURAL,"RUA PADRE LEONCIO, 80 - POVOADO DE CARNAUBA",-35.1415919,-6.3774223,,,,nao corrigido,,sem correspondencia no CNEFE,fora do municipio (6.4 km alem da divisa)
2409803,Pedro Velho,2016,61,1104,GRUPO ESCOLAR PROFESSOR JOAQUIM SOARES,ZONA RURAL,"RUA PADRE LEONCIO, 80 - POVOADO DE CARNAUBA",-35.1415919,-6.3774223,,,,nao corrigido,,sem correspondencia no CNEFE,fora do municipio (6.4 km alem da divisa)
2409803,Pedro Velho,2018,11,1104,GRUPO ESCOLAR PRESIDENTE CASTELO BRANCO,ZONA RURAL,"RUA SAO SEBASTIAO, S/N POVOADO DE CUITE",-35.1410968,-6.3774708,-35.282181,-6.415705,16.18,estabelecimento,media,EM PRESIDENTE CASTELO BRANCO [CUITE],fora do municipio (6.4 km alem da divisa)
2409803,Pedro Velho,2020,11,1104,GRUPO ESCOLAR PRESIDENTE CASTELO BRANCO,ZONA RURAL,"RUA SAO SEBASTIAO, S/N POVOADO DE CUITE",-35.1410968,-6.3774708,-35.282181,-6.415705,16.18,estabelecimento,media,EM PRESIDENTE CASTELO BRANCO [CUITE],fora do municipio (6.4 km alem da divisa)
2409803,Pedro Velho,2022,11,1104,GRUPO ESCOLAR PRESIDENTE CASTELO BRANCO,ZONA RURAL,"RUA SAO SEBASTIAO, S/N POVOADO DE CUITE",-35.1410968,-6.3774708,-35.282181,-6.415705,16.18,estabelecimento,media,EM PRESIDENTE CASTELO BRANCO [CUITE],fora do municipio (6.4 km alem da divisa)
2409803,Pedro Velho,2024,11,1104,ESCOLA MUNICIPAL DE ENS. FUND. SÃO SEBASTIÃO (ANTIGO CASTELO BRANCO),ZONA RURAL,"RUA SAO SEBASTIAO, S/N POVOADO DE CUITE",-35.1410968,-6.3774708,-35.282181,-6.415705,16.18,estabelecimento,media,EM PRESIDENTE CASTELO BRANCO [CUITE],fora do municipio (6.4 km alem da divisa)
2409803,Pedro Velho,2006,61,1112,GRUPO ESCOLAR PRESIDENTE CASTELO BRANCO,ZONA RURAL,"RUA SAO SEBASTIAO, S/N POVOADO DE CUITE",-35.1410968,-6.3774708,-35.282181,-6.415705,16.18,estabelecimento,media,EM PRESIDENTE CASTELO BRANCO [CUITE],fora do municipio (6.4 km alem da divisa)
2409803,Pedro Velho,2008,61,1112,GRUPO ESCOLAR PRESIDENTE CASTELO BRANCO,ZONA RURAL,"RUA SAO SEBASTIAO, S/N POVOADO DE CUITE",-35.1410968,-6.3774708,-35.282181,-6.415705,16.18,estabelecimento,media,EM PRESIDENTE CASTELO BRANCO [CUITE],fora do municipio (6.4 km alem da divisa)
2409803,Pedro Velho,2010,61,1112,GRUPO ESCOLAR PRESIDENTE CASTELO BRANCO,ZONA RURAL,"RUA SAO SEBASTIAO, S/N POVOADO DE CUITE",-35.1410968,-6.3774708,-35.282181,-6.415705,16.18,estabelecimento,media,EM PRESIDENTE CASTELO BRANCO [CUITE],fora do municipio (6.4 km alem da divisa)
2409803,Pedro Velho,2012,61,1112,GRUPO ESCOLAR PRESIDENTE CASTELO BRANCO,ZONA RURAL,"RUA SAO SEBASTIAO, S/N POVOADO DE CUITE",-35.1410968,-6.3774708,-35.282181,-6.415705,16.18,estabelecimento,media,EM PRESIDENTE CASTELO BRANCO [CUITE],fora do municipio (6.4 km alem da divisa)
2409803,Pedro Velho,2014,61,1112,GRUPO ESCOLAR PRESIDENTE CASTELO BRANCO,ZONA RURAL,"RUA SAO SEBASTIAO, S/N POVOADO DE CUITE",-35.1410968,-6.3774708,-35.282181,-6.415705,16.18,estabelecimento,media,EM PRESIDENTE CASTELO BRANCO [CUITE],fora do municipio (6.4 km alem da divisa)
2409803,Pedro Velho,2016,61,1112,GRUPO ESCOLAR PRESIDENTE CASTELO BRANCO,ZONA RURAL,"RUA SAO SEBASTIAO, S/N POVOADO DE CUITE",-35.1410968,-6.3774708,-35.282181,-6.415705,16.18,estabelecimento,media,EM PRESIDENTE CASTELO BRANCO [CUITE],fora do municipio (6.4 km alem da divisa)
2409803,Pedro Velho,2018,11,1171,CENTRO DE CONVIVENCIA DE IDOSOS,CENTRO,"AV. JOSE TARGINO, S/N",-35.1411261,-6.3774561,,,,nao corrigido,,"descartado: localidade CENTRO (2139 enderecos, raio 0.4 km) cairia sobre outro local (< 50 m)",fora do municipio (6.4 km alem da divisa)
2409803,Pedro Velho,2020,11,1171,CENTRO DE CONVIVENCIA DE IDOSOS,CENTRO,"AV. JOSE TARGINO, S/N",-35.1411261,-6.3774561,,,,nao corrigido,,"descartado: localidade CENTRO (2139 enderecos, raio 0.4 km) cairia sobre outro local (< 50 m)",fora do municipio (6.4 km alem da divisa)
2409803,Pedro Velho,2022,11,1171,CENTRO DE CONVIVENCIA DE IDOSOS,CENTRO,"AV. JOSE TARGINO, S/N",-35.1411261,-6.3774561,,,,nao corrigido,,"descartado: localidade CENTRO (2139 enderecos, raio 0.4 km) cairia sobre outro local (< 50 m)",fora do municipio (6.4 km alem da divisa)
2409803,Pedro Velho,2018,11,1198,CRECHE JOANA DE CARVALHO DANTAS,CENTRO,"AV. JOSE TARGINO, S/N",-35.1410984,-6.3774432,-35.222518,-6.436786,11.17,estabelecimento,alta,CRECHE MUNICIPAL JOANA DE CARVALHO DANTA [CENTRO],fora do municipio (6.4 km alem da divisa)
2409803,Pedro Velho,2020,11,1198,CRECHE JOANA DE CARVALHO DANTAS,CENTRO,"AV. JOSE TARGINO, S/N",-35.1410984,-6.3774432,-35.222518,-6.436786,11.17,estabelecimento,alta,CRECHE MUNICIPAL JOANA DE CARVALHO DANTA [CENTRO],fora do municipio (6.4 km alem da divisa)
2409803,Pedro Velho,2022,11,1198,CRECHE JOANA DE CARVALHO DANTAS,CENTRO,"AV. JOSE TARGINO, S/N",-35.1410984,-6.3774432,-35.222518,-6.436786,11.17,estabelecimento,alta,CRECHE MUNICIPAL JOANA DE CARVALHO DANTA [CENTRO],fora do municipio (6.4 km alem da divisa)
2409803,Pedro Velho,2006,61,1201,CENTRO DE CONVIVENCIA DE IDOSOS,CENTRO,"AV. JOSE TARGINO, S/N",-35.1411261,-6.3774561,,,,nao corrigido,,"descartado: localidade CENTRO (2139 enderecos, raio 0.4 km) cairia sobre outro local (< 50 m)",fora do municipio (6.4 km alem da divisa)
2409803,Pedro Velho,2008,61,1201,CENTRO DE CONVIVENCIA DE IDOSOS,CENTRO,"AV. JOSE TARGINO, S/N",-35.1411261,-6.3774561,,,,nao corrigido,,"descartado: localidade CENTRO (2139 enderecos, raio 0.4 km) cairia sobre outro local (< 50 m)",fora do municipio (6.4 km alem da divisa)
2409803,Pedro Velho,2010,61,1201,CENTRO DE CONVIVENCIA DE IDOSOS,CENTRO,"AV. JOSE TARGINO, S/N",-35.1411261,-6.3774561,,,,nao corrigido,,"descartado: localidade CENTRO (2139 enderecos, raio 0.4 km) cairia sobre outro local (< 50 m)",fora do municipio (6.4 km alem da divisa)
2409803,Pedro Velho,2012,61,1201,CENTRO DE CONVIVENCIA DE IDOSOS,CENTRO,"AV. JOSE TARGINO, S/N",-35.1411261,-6.3774561,,,,nao corrigido,,"descartado: localidade CENTRO (2139 enderecos, raio 0.4 km) cairia sobre outro local (< 50 m)",fora do municipio (6.4 km alem da divisa)
2409803,Pedro Velho,2014,61,1201,CENTRO DE CONVIVENCIA DE IDOSOS,CENTRO,"AV. JOSE TARGINO, S/N",-35.1411261,-6.3774561,,,,nao corrigido,,"descartado: localidade CENTRO (2139 enderecos, raio 0.4 km) cairia sobre outro local (< 50 m)",fora do municipio (6.4 km alem da divisa)
2409803,Pedro Velho,2016,61,1201,CENTRO DE CONVIVENCIA DE IDOSOS,CENTRO,"AV. JOSE TARGINO, S/N",-35.1411261,-6.3774561,,,,nao corrigido,,"descartado: localidade CENTRO (2139 enderecos, raio 0.4 km) cairia sobre outro local (< 50 m)",fora do municipio (6.4 km alem da divisa)
2409803,Pedro Velho,2006,61,1236,CRECHE JOANA DE CARVALHO DANTAS,CENTRO,"AV. JOSE TARGINO, S/N",-35.1410984,-6.3774432,-35.222518,-6.436786,11.17,estabelecimento,alta,CRECHE MUNICIPAL JOANA DE CARVALHO DANTA [CENTRO],fora do municipio (6.4 km alem da divisa)
2409803,Pedro Velho,2008,61,1236,CRECHE JOANA DE CARVALHO DANTAS,CENTRO,"AV. JOSE TARGINO, S/N",-35.1410984,-6.3774432,-35.222518,-6.436786,11.17,estabelecimento,alta,CRECHE MUNICIPAL JOANA DE CARVALHO DANTA [CENTRO],fora do municipio (6.4 km alem da divisa)
2409803,Pedro Velho,2010,61,1236,CRECHE JOANA DE CARVALHO DANTAS,CENTRO,"AV. JOSE TARGINO, S/N",-35.1410984,-6.3774432,-35.222518,-6.436786,11.17,estabelecimento,alta,CRECHE MUNICIPAL JOANA DE CARVALHO DANTA [CENTRO],fora do municipio (6.4 km alem da divisa)
2409803,Pedro Velho,2012,61,1236,CRECHE JOANA DE CARVALHO DANTAS,CENTRO,"AV. JOSE TARGINO, S/N",-35.1410984,-6.3774432,-35.222518,-6.436786,11.17,estabelecimento,alta,CRECHE MUNICIPAL JOANA DE CARVALHO DANTA [CENTRO],fora do municipio (6.4 km alem da divisa)
2409803,Pedro Velho,2014,61,1236,CRECHE JOANA DE CARVALHO DANTAS,CENTRO,"AV. JOSE TARGINO, S/N",-35.1410984,-6.3774432,-35.222518,-6.436786,11.17,estabelecimento,alta,CRECHE MUNICIPAL JOANA DE CARVALHO DANTA [CENTRO],fora do municipio (6.4 km alem da divisa)
2409803,Pedro Velho,2016,61,1236,CRECHE JOANA DE CARVALHO DANTAS,CENTRO,"AV. JOSE TARGINO, S/N",-35.1410984,-6.3774432,-35.222518,-6.436786,11.17,estabelecimento,alta,CRECHE MUNICIPAL JOANA DE CARVALHO DANTA [CENTRO],fora do municipio (6.4 km alem da divisa)
2924702,Piripá,2006,60,1015,GRUPO ESCOLAR LUIZ LAGO CABRAL,CENTRO,"PRAÇA CENTRO EDUCACIONAL, S/N - ZONA URBANA",-41.4156906,-14.9734815,-41.713293,-14.943333,32.18,localidade,media,"localidade CENTRO (480 enderecos, raio 0.3 km)",fora do municipio (18.6 km alem da divisa)
2924702,Piripá,2008,60,1015,GRUPO ESCOLAR LUIZ LAGO CABRAL,CENTRO,"PRAÇA CENTRO EDUCACIONAL, S/N - ZONA URBANA",-41.4156906,-14.9734815,-41.713293,-14.943333,32.18,localidade,media,"localidade CENTRO (480 enderecos, raio 0.3 km)",fora do municipio (18.6 km alem da divisa)
2924702,Piripá,2010,60,1015,GRUPO ESCOLAR LUIZ LAGO CABRAL,CENTRO,"PRAÇA CENTRO EDUCACIONAL, S/N - ZONA URBANA",-41.4156906,-14.9734815,-41.713293,-14.943333,32.18,localidade,media,"localidade CENTRO (480 enderecos, raio 0.3 km)",fora do municipio (18.6 km alem da divisa)
2924702,Piripá,2012,60,1015,GRUPO ESCOLAR LUIZ LAGO CABRAL,CENTRO,"PRAÇA CENTRO EDUCACIONAL, S/N - ZONA URBANA",-41.4156906,-14.9734815,-41.713293,-14.943333,32.18,localidade,media,"localidade CENTRO (480 enderecos, raio 0.3 km)",fora do municipio (18.6 km alem da divisa)
2924702,Piripá,2014,60,1015,GRUPO ESCOLAR LUIZ LAGO CABRAL,CENTRO,"PRAÇA CENTRO EDUCACIONAL, S/N - ZONA URBANA",-41.4156906,-14.9734815,-41.713293,-14.943333,32.18,localidade,media,"localidade CENTRO (480 enderecos, raio 0.3 km)",fora do municipio (18.6 km alem da divisa)
2924702,Piripá,2016,177,1015,GRUPO ESCOLAR LUIZ LAGO CABRAL,CENTRO,"PRAÇA CENTRO EDUCACIONAL, S/N - ZONA URBANA",-41.4156906,-14.9734815,-41.713293,-14.943333,32.18,localidade,media,"localidade CENTRO (480 enderecos, raio 0.3 km)",fora do municipio (18.6 km alem da divisa)
2924702,Piripá,2018,177,1015,GRUPO ESCOLAR LUIZ LAGO CABRAL,CENTRO,"PRAÇA CENTRO EDUCACIONAL, S/N - ZONA URBANA",-41.4156906,-14.9734815,-41.713293,-14.943333,32.18,localidade,media,"localidade CENTRO (480 enderecos, raio 0.3 km)",fora do municipio (18.6 km alem da divisa)
2924702,Piripá,2020,177,1015,GRUPO ESCOLAR LUIZ LAGO CABRAL,CENTRO,"PRAÇA CENTRO EDUCACIONAL, S/N - ZONA URBANA",-41.4156906,-14.9734815,-41.713293,-14.943333,32.18,localidade,media,"localidade CENTRO (480 enderecos, raio 0.3 km)",fora do municipio (18.6 km alem da divisa)
2924702,Piripá,2022,177,1015,GRUPO ESCOLAR LUIZ LAGO CABRAL,CENTRO,"PRAÇA CENTRO EDUCACIONAL, S/N - ZONA URBANA",-41.4156906,-14.9734815,-41.713293,-14.943333,32.18,localidade,media,"localidade CENTRO (480 enderecos, raio 0.3 km)",fora do municipio (18.6 km alem da divisa)
2924702,Piripá,2024,177,1015,GRUPO ESCOLAR LUIZ LAGO CABRAL,CENTRO,"PRAÇA CENTRO EDUCACIONAL, S/N - ZONA URBANA",-41.4156906,-14.9734815,-41.713293,-14.943333,32.18,localidade,media,"localidade CENTRO (480 enderecos, raio 0.3 km)",fora do municipio (18.6 km alem da divisa)
2924702,Piripá,2006,60,1023,COLÉGIO ESTADUAL DE PIRIPÁ,CENTRO,"PRAÇA DO CENTRO EDUCACIONAL, S/N - ZONA URBANA",-41.4157085,-14.9735051,-41.7188646,-14.943719,32.77,escola_inep,media,"INEP: EE - COLEGIO ESTADUAL DE PIRIPA [R. PRACA DO COLEGIO, 344 CENTRO. 46270-000 P]",fora do municipio (18.6 km alem da divisa)
2924702,Piripá,2008,60,1023,COLÉGIO ESTADUAL DE PIRIPÁ,CENTRO,"PRAÇA DO CENTRO EDUCACIONAL, S/N - ZONA URBANA",-41.4157085,-14.9735051,-41.7188646,-14.943719,32.77,escola_inep,media,"INEP: EE - COLEGIO ESTADUAL DE PIRIPA [R. PRACA DO COLEGIO, 344 CENTRO. 46270-000 P]",fora do municipio (18.6 km alem da divisa)
2924702,Piripá,2010,60,1023,COLÉGIO ESTADUAL DE PIRIPÁ,CENTRO,"PRAÇA DO CENTRO EDUCACIONAL, S/N - ZONA URBANA",-41.4157085,-14.9735051,-41.7188646,-14.943719,32.77,escola_inep,media,"INEP: EE - COLEGIO ESTADUAL DE PIRIPA [R. PRACA DO COLEGIO, 344 CENTRO. 46270-000 P]",fora do municipio (18.6 km alem da divisa)
2924702,Piripá,2012,60,1023,COLÉGIO ESTADUAL DE PIRIPÁ,CENTRO,"PRAÇA DO CENTRO EDUCACIONAL, S/N - ZONA URBANA",-41.4157085,-14.9735051,-41.7188646,-14.943719,32.77,escola_inep,media,"INEP: EE - COLEGIO ESTADUAL DE PIRIPA [R. PRACA DO COLEGIO, 344 CENTRO. 46270-000 P]",fora do municipio (18.6 km alem da divisa)
2924702,Piripá,2014,60,1023,COLÉGIO ESTADUAL DE PIRIPÁ,CENTRO,"PRAÇA DO CENTRO EDUCACIONAL, S/N - ZONA URBANA",-41.4157085,-14.9735051,-41.7188646,-14.943719,32.77,escola_inep,media,"INEP: EE - COLEGIO ESTADUAL DE PIRIPA [R. PRACA DO COLEGIO, 344 CENTRO. 46270-000 P]",fora do municipio (18.6 km alem da divisa)
2924702,Piripá,2016,177,1023,COLÉGIO ESTADUAL DE PIRIPÁ,CENTRO,"PRAÇA DO CENTRO EDUCACIONAL, S/N - ZONA URBANA",-41.4157085,-14.9735051,-41.7188646,-14.943719,32.77,escola_inep,media,"INEP: EE - COLEGIO ESTADUAL DE PIRIPA [R. PRACA DO COLEGIO, 344 CENTRO. 46270-000 P]",fora do municipio (18.6 km alem da divisa)
2924702,Piripá,2018,177,1023,COLÉGIO ESTADUAL DE PIRIPÁ,CENTRO,"PRAÇA DO CENTRO EDUCACIONAL, S/N - ZONA URBANA",-41.4157085,-14.9735051,-41.7188646,-14.943719,32.77,escola_inep,media,"INEP: EE - COLEGIO ESTADUAL DE PIRIPA [R. PRACA DO COLEGIO, 344 CENTRO. 46270-000 P]",fora do municipio (18.6 km alem da divisa)
2924702,Piripá,2020,177,1023,COLÉGIO ESTADUAL DE PIRIPÁ,CENTRO,"PRAÇA DO CENTRO EDUCACIONAL, S/N - ZONA URBANA",-41.4157085,-14.9735051,-41.7188646,-14.943719,32.77,escola_inep,media,"INEP: EE - COLEGIO ESTADUAL DE PIRIPA [R. PRACA DO COLEGIO, 344 CENTRO. 46270-000 P]",fora do municipio (18.6 km alem da divisa)
2924702,Piripá,2022,177,1023,COLÉGIO ESTADUAL DE PIRIPÁ,CENTRO,"PRAÇA DO CENTRO EDUCACIONAL, S/N - ZONA URBANA",-41.4157085,-14.9735051,-41.7188646,-14.943719,32.77,escola_inep,media,"INEP: EE - COLEGIO ESTADUAL DE PIRIPA [R. PRACA DO COLEGIO, 344 CENTRO. 46270-000 P]",fora do municipio (18.6 km alem da divisa)
2924702,Piripá,2024,177,1023,COLÉGIO ESTADUAL DE PIRIPÁ,CENTRO,"PRAÇA DO CENTRO EDUCACIONAL, S/N - ZONA URBANA",-41.4157085,-14.9735051,-41.7188646,-14.943719,32.77,escola_inep,media,"INEP: EE - COLEGIO ESTADUAL DE PIRIPA [R. PRACA DO COLEGIO, 344 CENTRO. 46270-000 P]",fora do municipio (18.6 km alem da divisa)
2924702,Piripá,2006,60,1031,GRUPO ESCOLAR PROF. SOLON GUEMES,CENTRO,"PRAÇA CENTRO EDUCACIONAL, S/N - ZONA URBANA",-41.4157037,-14.9735188,,,,nao corrigido,,"descartado: localidade CENTRO (480 enderecos, raio 0.3 km) cairia sobre outro local (< 50 m)",fora do municipio (18.6 km alem da divisa)
2924702,Piripá,2008,60,1031,GRUPO ESCOLAR PROF. SOLON GUEMES,CENTRO,"PRAÇA CENTRO EDUCACIONAL, S/N - ZONA URBANA",-41.4157037,-14.9735188,,,,nao corrigido,,"descartado: localidade CENTRO (480 enderecos, raio 0.3 km) cairia sobre outro local (< 50 m)",fora do municipio (18.6 km alem da divisa)
2924702,Piripá,2010,60,1031,GRUPO ESCOLAR PROF. SOLON GUEMES,CENTRO,"PRAÇA CENTRO EDUCACIONAL, S/N - ZONA URBANA",-41.4157037,-14.9735188,,,,nao corrigido,,"descartado: localidade CENTRO (480 enderecos, raio 0.3 km) cairia sobre outro local (< 50 m)",fora do municipio (18.6 km alem da divisa)
2924702,Piripá,2012,60,1031,GRUPO ESCOLAR PROF. SOLON GUEMES,CENTRO,"PRAÇA CENTRO EDUCACIONAL, S/N - ZONA URBANA",-41.4157037,-14.9735188,,,,nao corrigido,,"descartado: localidade CENTRO (480 enderecos, raio 0.3 km) cairia sobre outro local (< 50 m)",fora do municipio (18.6 km alem da divisa)
2924702,Piripá,2014,60,1031,GRUPO ESCOLAR PROF. SOLON GUEMES,CENTRO,"PRAÇA CENTRO EDUCACIONAL, S/N - ZONA URBANA",-41.4157037,-14.9735188,,,,nao corrigido,,"descartado: localidade CENTRO (480 enderecos, raio 0.3 km) cairia sobre outro local (< 50 m)",fora do municipio (18.6 km alem da divisa)
2924702,Piripá,2016,177,1031,GRUPO ESCOLAR PROF. SOLON GUEMES,CENTRO,"PRAÇA CENTRO EDUCACIONAL, S/N - ZONA URBANA",-41.4157037,-14.9735188,,,,nao corrigido,,"descartado: localidade CENTRO (480 enderecos, raio 0.3 km) cairia sobre outro local (< 50 m)",fora do municipio (18.6 km alem da divisa)
2924702,Piripá,2018,177,1031,GRUPO ESCOLAR PROF. SOLON GUEMES,CENTRO,"PRAÇA CENTRO EDUCACIONAL, S/N - ZONA URBANA",-41.4157037,-14.9735188,,,,nao corrigido,,"descartado: localidade CENTRO (480 enderecos, raio 0.3 km) cairia sobre outro local (< 50 m)",fora do municipio (18.6 km alem da divisa)
2924702,Piripá,2020,177,1031,GRUPO ESCOLAR PROF. SOLON GUEMES,CENTRO,"PRAÇA CENTRO EDUCACIONAL, S/N - ZONA URBANA",-41.4157037,-14.9735188,,,,nao corrigido,,"descartado: localidade CENTRO (480 enderecos, raio 0.3 km) cairia sobre outro local (< 50 m)",fora do municipio (18.6 km alem da divisa)
2924702,Piripá,2022,177,1031,GRUPO ESCOLAR PROF. SOLON GUEMES,CENTRO,"PRAÇA CENTRO EDUCACIONAL, S/N - ZONA URBANA",-41.4157037,-14.9735188,,,,nao corrigido,,"descartado: localidade CENTRO (480 enderecos, raio 0.3 km) cairia sobre outro local (< 50 m)",fora do municipio (18.6 km alem da divisa)
2924702,Piripá,2024,177,1031,GRUPO ESCOLAR PROF. SOLON GUEMES,CENTRO,"PRAÇA CENTRO EDUCACIONAL, S/N - ZONA URBANA",-41.4157037,-14.9735188,,,,nao corrigido,,"descartado: localidade CENTRO (480 enderecos, raio 0.3 km) cairia sobre outro local (< 50 m)",fora do municipio (18.6 km alem da divisa)
2924702,Piripá,2006,60,1040,GRUPO ESCOLAR PROF. EDGAR SANTOS,CENTRO,"PRACA CENTRO EDUCACIONAL, S/N - ZONA URBANA",-41.4156708,-14.9735047,,,,nao corrigido,,"descartado: localidade CENTRO (480 enderecos, raio 0.3 km) cairia sobre outro local (< 50 m)",fora do municipio (18.6 km alem da divisa)
2924702,Piripá,2008,60,1040,GRUPO ESCOLAR PROF. EDGAR SANTOS,CENTRO,"PRACA CENTRO EDUCACIONAL, S/N - ZONA URBANA",-41.4156708,-14.9735047,,,,nao corrigido,,"descartado: localidade CENTRO (480 enderecos, raio 0.3 km) cairia sobre outro local (< 50 m)",fora do municipio (18.6 km alem da divisa)
2924702,Piripá,2010,60,1040,GRUPO ESCOLAR LUIZ EDUARDO MAGALHÃES (ANTIGO EDGAR SANTOS),CENTRO,"PRAÇA CENTRO EDUCACIONAL, S/N - ZONA URBANA",-41.4156947,-14.9735345,,,,nao corrigido,,"descartado: localidade CENTRO (480 enderecos, raio 0.3 km) cairia sobre outro local (< 50 m)",fora do municipio (18.6 km alem da divisa)
2924702,Piripá,2012,60,1040,GRUPO ESCOLAR LUIZ EDUARDO MAGALHÃES (ANTIGO EDGAR SANTOS),CENTRO,"PRAÇA CENTRO EDUCACIONAL, S/N - ZONA URBANA",-41.4156947,-14.9735345,,,,nao corrigido,,"descartado: localidade CENTRO (480 enderecos, raio 0.3 km) cairia sobre outro local (< 50 m)",fora do municipio (18.6 km alem da divisa)
2924702,Piripá,2014,60,1040,GRUPO ESCOLAR LUIZ EDUARDO MAGALHÃES (ANTIGO EDGAR SANTOS),CENTRO,"PRAÇA CENTRO EDUCACIONAL, S/N - ZONA URBANA",-41.4156947,-14.9735345,,,,nao corrigido,,"descartado: localidade CENTRO (480 enderecos, raio 0.3 km) cairia sobre outro local (< 50 m)",fora do municipio (18.6 km alem da divisa)
2924702,Piripá,2016,177,1040,GRUPO ESCOLAR LUIZ EDUARDO MAGALHÃES (ANTIGO EDGAR SANTOS),CENTRO,"PRAÇA CENTRO EDUCACIONAL, S/N - ZONA URBANA",-41.4156947,-14.9735345,,,,nao corrigido,,"descartado: localidade CENTRO (480 enderecos, raio 0.3 km) cairia sobre outro local (< 50 m)",fora do municipio (18.6 km alem da divisa)
2924702,Piripá,2018,177,1040,GRUPO ESCOLAR LUIZ EDUARDO MAGALHÃES (ANTIGO EDGAR SANTOS),CENTRO,"PRAÇA CENTRO EDUCACIONAL, S/N - ZONA URBANA",-41.4156947,-14.9735345,,,,nao corrigido,,"descartado: localidade CENTRO (480 enderecos, raio 0.3 km) cairia sobre outro local (< 50 m)",fora do municipio (18.6 km alem da divisa)
2924702,Piripá,2020,177,1040,GRUPO ESCOLAR LUIZ EDUARDO MAGALHÃES (ANTIGO EDGAR SANTOS),CENTRO,"PRAÇA CENTRO EDUCACIONAL, S/N - ZONA URBANA",-41.4156947,-14.9735345,,,,nao corrigido,,"descartado: localidade CENTRO (480 enderecos, raio 0.3 km) cairia sobre outro local (< 50 m)",fora do municipio (18.6 km alem da divisa)
2924702,Piripá,2022,177,1040,GRUPO ESCOLAR LUIZ EDUARDO MAGALHÃES (ANTIGO EDGAR SANTOS),CENTRO,"PRAÇA CENTRO EDUCACIONAL, S/N - ZONA URBANA",-41.4156947,-14.9735345,,,,nao corrigido,,"descartado: localidade CENTRO (480 enderecos, raio 0.3 km) cairia sobre outro local (< 50 m)",fora do municipio (18.6 km alem da divisa)
2924702,Piripá,2024,177,1040,GRUPO ESCOLAR LUIZ EDUARDO MAGALHÃES (ANTIGO EDGAR SANTOS),CENTRO,"PRAÇA CENTRO EDUCACIONAL, S/N - ZONA URBANA",-41.4156947,-14.9735345,,,,nao corrigido,,"descartado: localidade CENTRO (480 enderecos, raio 0.3 km) cairia sobre outro local (< 50 m)",fora do municipio (18.6 km alem da divisa)
2924702,Piripá,2006,60,1066,GRUPO ESCOLAR LUIZ EDUARDO MAGALHAES,CENTRO,"PRACA DO COLEGIO, S/N - ZONA URBANA",-41.4156947,-14.9735345,,,,nao corrigido,,"descartado: localidade CENTRO (480 enderecos, raio 0.3 km) cairia sobre outro local (< 50 m)",fora do municipio (18.6 km alem da divisa)
2924702,Piripá,2008,60,1066,GRUPO ESCOLAR LUIZ EDUARDO MAGALHAES,CENTRO,"PRACA DO COLEGIO, S/N - ZONA URBANA",-41.4156947,-14.9735345,,,,nao corrigido,,"descartado: localidade CENTRO (480 enderecos, raio 0.3 km) cairia sobre outro local (< 50 m)",fora do municipio (18.6 km alem da divisa)
2924702,Piripá,2010,60,1066,CENTRO MUNICIPAL DE EDUCAÇÃO INFANTIL TIA DENINHA,CENTRO,"PRAÇA LADISLAU KLENNER, N 596 - ZONA URBANA",-41.4156708,-14.9735047,,,,nao corrigido,,"descartado: localidade CENTRO (480 enderecos, raio 0.3 km) cairia sobre outro local (< 50 m)",fora do municipio (18.6 km alem da divisa)
2924702,Piripá,2012,60,1066,CENTRO MUNICIPAL DE EDUCAÇÃO INFANTIL TIA DENINHA,CENTRO,"PRAÇA LADISLAU KLENNER, N 596 - ZONA URBANA",-41.4156708,-14.9735047,,,,nao corrigido,,"descartado: localidade CENTRO (480 enderecos, raio 0.3 km) cairia sobre outro local (< 50 m)",fora do municipio (18.6 km alem da divisa)
2924702,Piripá,2014,60,1066,CENTRO MUNICIPAL DE EDUCAÇÃO INFANTIL TIA DENINHA,CENTRO,"PRAÇA LADISLAU KLENNER, N 596 - ZONA URBANA",-41.4156708,-14.9735047,,,,nao corrigido,,"descartado: localidade CENTRO (480 enderecos, raio 0.3 km) cairia sobre outro local (< 50 m)",fora do municipio (18.6 km alem da divisa)
2924702,Piripá,2016,177,1066,CENTRO MUNICIPAL DE EDUCAÇÃO INFANTIL TIA DENINHA,CENTRO,"PRAÇA LADISLAU KLENNER, N 596 - ZONA URBANA",-41.4156708,-14.9735047,-41.7154491,-14.9440368,32.41,escola_inep,alta,"INEP: CENTRO MUNICIPAL DE EDUCACAO INFANTIL TIA DENINHA [PRACA PADRE LADISLAU KLENER, 596 CENTRO. 462]",fora do municipio (18.6 km alem da divisa)
2924702,Piripá,2018,177,1066,CENTRO MUNICIPAL DE EDUCAÇÃO INFANTIL TIA DENINHA,CENTRO,"PRAÇA LADISLAU KLENNER, N 596 - ZONA URBANA",-41.4156708,-14.9735047,-41.7154491,-14.9440368,32.41,escola_inep,alta,"INEP: CENTRO MUNICIPAL DE EDUCACAO INFANTIL TIA DENINHA [PRACA PADRE LADISLAU KLENER, 596 CENTRO. 462]",fora do municipio (18.6 km alem da divisa)
2924702,Piripá,2020,177,1066,CENTRO MUNICIPAL DE EDUCAÇÃO INFANTIL TIA DENINHA,CENTRO,"PRAÇA LADISLAU KLENNER, N 596 - ZONA URBANA",-41.4156708,-14.9735047,-41.7154491,-14.9440368,32.41,escola_inep,alta,"INEP: CENTRO MUNICIPAL DE EDUCACAO INFANTIL TIA DENINHA [PRACA PADRE LADISLAU KLENER, 596 CENTRO. 462]",fora do municipio (18.6 km alem da divisa)
2924702,Piripá,2022,177,1066,CENTRO MUNICIPAL DE EDUCAÇÃO INFANTIL TIA DENINHA,CENTRO,"PRAÇA LADISLAU KLENNER, N 596 - ZONA URBANA",-41.4156708,-14.9735047,-41.7154491,-14.9440368,32.41,escola_inep,alta,"INEP: CENTRO MUNICIPAL DE EDUCACAO INFANTIL TIA DENINHA [PRACA PADRE LADISLAU KLENER, 596 CENTRO. 462]",fora do municipio (18.6 km alem da divisa)
2924702,Piripá,2024,177,1066,CENTRO MUNICIPAL DE EDUCAÇÃO INFANTIL TIA DENINHA,CENTRO,"PRAÇA LADISLAU KLENNER, N 596 - ZONA URBANA",-41.4156708,-14.9735047,-41.7154491,-14.9440368,32.41,escola_inep,alta,"INEP: CENTRO MUNICIPAL DE EDUCACAO INFANTIL TIA DENINHA [PRACA PADRE LADISLAU KLENER, 596 CENTRO. 462]",fora do municipio (18.6 km alem da divisa)
2924702,Piripá,2006,60,1074,GRUPO ESCOLAR PROF. SOLON GUEMES,CENTRO,"PRAÇA CENTRO EDUCACIONAL, S/N - ZONA URBANA",-41.4157233,-14.973539,,,,nao corrigido,,"descartado: localidade CENTRO (480 enderecos, raio 0.3 km) cairia sobre outro local (< 50 m)",fora do municipio (18.6 km alem da divisa)
2924702,Piripá,2008,60,1074,GRUPO ESCOLAR PROF. SOLON GUEMES,CENTRO,"PRAÇA CENTRO EDUCACIONAL, S/N - ZONA URBANA",-41.4157233,-14.973539,,,,nao corrigido,,"descartado: localidade CENTRO (480 enderecos, raio 0.3 km) cairia sobre outro local (< 50 m)",fora do municipio (18.6 km alem da divisa)
2924702,Piripá,2010,60,1074,GRUPO ESCOLAR PROF. SOLON GUEMES,CENTRO,"PRAÇA CENTRO EDUCACIONAL, S/N - ZONA URBANA",-41.4157233,-14.973539,,,,nao corrigido,,"descartado: localidade CENTRO (480 enderecos, raio 0.3 km) cairia sobre outro local (< 50 m)",fora do municipio (18.6 km alem da divisa)
2924702,Piripá,2012,60,1074,GRUPO ESCOLAR PROF. SOLON GUEMES,CENTRO,"PRAÇA CENTRO EDUCACIONAL, S/N - ZONA URBANA",-41.4157233,-14.973539,,,,nao corrigido,,"descartado: localidade CENTRO (480 enderecos, raio 0.3 km) cairia sobre outro local (< 50 m)",fora do municipio (18.6 km alem da divisa)
2924702,Piripá,2014,60,1074,GRUPO ESCOLAR PROF. SOLON GUEMES,CENTRO,"PRAÇA CENTRO EDUCACIONAL, S/N - ZONA URBANA",-41.4157233,-14.973539,,,,nao corrigido,,"descartado: localidade CENTRO (480 enderecos, raio 0.3 km) cairia sobre outro local (< 50 m)",fora do municipio (18.6 km alem da divisa)
2924702,Piripá,2016,177,1074,GRUPO ESCOLAR PROF. SOLON GUEMES,CENTRO,"PRAÇA CENTRO EDUCACIONAL, S/N - ZONA URBANA",-41.4157233,-14.973539,,,,nao corrigido,,"descartado: localidade CENTRO (480 enderecos, raio 0.3 km) cairia sobre outro local (< 50 m)",fora do municipio (18.6 km alem da divisa)
2924702,Piripá,2018,177,1074,GRUPO ESCOLAR PROF. SOLON GUEMES,CENTRO,"PRAÇA CENTRO EDUCACIONAL, S/N - ZONA URBANA",-41.4157233,-14.973539,,,,nao corrigido,,"descartado: localidade CENTRO (480 enderecos, raio 0.3 km) cairia sobre outro local (< 50 m)",fora do municipio (18.6 km alem da divisa)
2924702,Piripá,2020,177,1074,GRUPO ESCOLAR PROF. SOLON GUEMES,CENTRO,"PRAÇA CENTRO EDUCACIONAL, S/N - ZONA URBANA",-41.4157233,-14.973539,,,,nao corrigido,,"descartado: localidade CENTRO (480 enderecos, raio 0.3 km) cairia sobre outro local (< 50 m)",fora do municipio (18.6 km alem da divisa)
1506351,Santa Bárbara do Pará,2006,36,1015,EM ANTONIO PINTO,ARACY,LOCALIDADE DE ARACY,-48.1649586,-1.301241,-48.278527,-1.172136,19.14,estabelecimento,alta,ESCOLA ANTONIO PINTO [ARACY],fora do municipio (6.8 km alem da divisa)
1506351,Santa Bárbara do Pará,2008,36,1015,EM ANTONIO PINTO,ARACY,LOCALIDADE DE ARACY,-48.1649586,-1.301241,-48.278527,-1.172136,19.14,estabelecimento,alta,ESCOLA ANTONIO PINTO [ARACY],fora do municipio (6.8 km alem da divisa)
1506351,Santa Bárbara do Pará,2010,36,1015,EM ANTONIO PINTO,ARACY,LOCALIDADE DE ARACY,-48.1649586,-1.301241,-48.278527,-1.172136,19.14,estabelecimento,alta,ESCOLA ANTONIO PINTO [ARACY],fora do municipio (6.8 km alem da divisa)
1506351,Santa Bárbara do Pará,2012,36,1015,EM ANTONIO PINTO,ARACY,LOCALIDADE DE ARACY,-48.1649586,-1.301241,-48.278527,-1.172136,19.14,estabelecimento,alta,ESCOLA ANTONIO PINTO [ARACY],fora do municipio (6.8 km alem da divisa)
1506351,Santa Bárbara do Pará,2014,36,1015,EM ANTONIO PINTO,ARACY,LOCALIDADE DE ARACY,-48.1649586,-1.301241,-48.278527,-1.172136,19.14,estabelecimento,alta,ESCOLA ANTONIO PINTO [ARACY],fora do municipio (6.8 km alem da divisa)
1506351,Santa Bárbara do Pará,2016,36,1015,EM ANTONIO PINTO,ARACY,LOCALIDADE DE ARACY,-48.1649586,-1.301241,-48.278527,-1.172136,19.14,estabelecimento,alta,ESCOLA ANTONIO PINTO [ARACY],fora do municipio (6.8 km alem da divisa)
1506351,Santa Bárbara do Pará,2018,36,1015,EM ANTONIO PINTO,ARACY,LOCALIDADE DE ARACY,-48.1649586,-1.301241,-48.278527,-1.172136,19.14,estabelecimento,alta,ESCOLA ANTONIO PINTO [ARACY],fora do municipio (6.8 km alem da divisa)
1506351,Santa Bárbara do Pará,2020,36,1015,EM ANTONIO PINTO,ARACY,LOCALIDADE DE ARACY,-48.1649586,-1.301241,-48.278527,-1.172136,19.14,estabelecimento,alta,ESCOLA ANTONIO PINTO [ARACY],fora do municipio (6.8 km alem da divisa)
1506351,Santa Bárbara do Pará,2022,36,1015,EM ANTONIO PINTO,ARACY,LOCALIDADE DE ARACY,-48.1649586,-1.301241,-48.278527,-1.172136,19.14,estabelecimento,alta,ESCOLA ANTONIO PINTO [ARACY],fora do municipio (6.8 km alem da divisa)
1506351,Santa Bárbara do Pará,2024,36,1015,EM ANTONIO PINTO,ARACY,LOCALIDADE DE ARACY,-48.1649586,-1.301241,-48.278527,-1.172136,19.14,estabelecimento,alta,ESCOLA ANTONIO PINTO [ARACY],fora do municipio (6.8 km alem da divisa)
1506351,Santa Bárbara do Pará,2006,36,1023,EM DE 1 G. PROFA.DIONIZIA C. DE SOUZA,MORADA NOVA,ESTRADA DE GENIPAÚBA,-48.1649536,-1.3012498,-48.274384,-1.236332,14.16,localidade,media,"localidade ESTRADA DO GENIPAUBA (158 enderecos, raio 0.3 km)",fora do municipio (6.8 km alem da divisa)
1506351,Santa Bárbara do Pará,2008,36,1023,EM DE 1 G. PROFA.DIONIZIA C. DE SOUZA,MORADA NOVA,ESTRADA DE GENIPAÚBA,-48.1649536,-1.3012498,-48.274384,-1.236332,14.16,localidade,media,"localidade ESTRADA DO GENIPAUBA (158 enderecos, raio 0.3 km)",fora do municipio (6.8 km alem da divisa)
1506351,Santa Bárbara do Pará,2010,36,1023,EM DE 1 G. PROFA.DIONIZIA C. DE SOUZA,MORADA NOVA,ESTRADA DE GENIPAÚBA,-48.1649536,-1.3012498,-48.274384,-1.236332,14.16,localidade,media,"localidade ESTRADA DO GENIPAUBA (158 enderecos, raio 0.3 km)",fora do municipio (6.8 km alem da divisa)
1506351,Santa Bárbara do Pará,2012,36,1023,EM DE 1 G. PROFA.DIONIZIA C. DE SOUZA,MORADA NOVA,ESTRADA DE GENIPAÚBA,-48.1649536,-1.3012498,-48.274384,-1.236332,14.16,localidade,media,"localidade ESTRADA DO GENIPAUBA (158 enderecos, raio 0.3 km)",fora do municipio (6.8 km alem da divisa)
1506351,Santa Bárbara do Pará,2014,36,1023,EM DE 1 G. PROFA.DIONIZIA C. DE SOUZA,MORADA NOVA,ESTRADA DE GENIPAÚBA,-48.1649536,-1.3012498,-48.274384,-1.236332,14.16,localidade,media,"localidade ESTRADA DO GENIPAUBA (158 enderecos, raio 0.3 km)",fora do municipio (6.8 km alem da divisa)
1506351,Santa Bárbara do Pará,2016,36,1023,EM DE 1 G. PROFA.DIONIZIA C. DE SOUZA,MORADA NOVA,ESTRADA DE GENIPAÚBA,-48.1649536,-1.3012498,-48.274384,-1.236332,14.16,localidade,media,"localidade ESTRADA DO GENIPAUBA (158 enderecos, raio 0.3 km)",fora do municipio (6.8 km alem da divisa)
1506351,Santa Bárbara do Pará,2018,36,1023,EM DE 1 G. PROFA.DIONIZIA C. DE SOUZA,MORADA NOVA,ESTRADA DE GENIPAÚBA,-48.1649536,-1.3012498,-48.274384,-1.236332,14.16,localidade,media,"localidade ESTRADA DO GENIPAUBA (158 enderecos, raio 0.3 km)",fora do municipio (6.8 km alem da divisa)
1506351,Santa Bárbara do Pará,2020,36,1023,EM DE 1 G. PROFA.DIONIZIA C. DE SOUZA,MORADA NOVA,ESTRADA DE GENIPAÚBA,-48.1649536,-1.3012498,-48.274384,-1.236332,14.16,localidade,media,"localidade ESTRADA DO GENIPAUBA (158 enderecos, raio 0.3 km)",fora do municipio (6.8 km alem da divisa)
1506351,Santa Bárbara do Pará,2022,36,1023,EM DE 1 G. PROFA.DIONIZIA C. DE SOUZA,MORADA NOVA,ESTRADA DE GENIPAÚBA,-48.1649536,-1.3012498,-48.274384,-1.236332,14.16,localidade,media,"localidade ESTRADA DO GENIPAUBA (158 enderecos, raio 0.3 km)",fora do municipio (6.8 km alem da divisa)
1506351,Santa Bárbara do Pará,2024,36,1023,EM DE 1 G. PROFA.DIONIZIA C. DE SOUZA,MORADA NOVA,ESTRADA DE GENIPAÚBA,-48.1649536,-1.3012498,-48.274384,-1.236332,14.16,localidade,media,"localidade ESTRADA DO GENIPAUBA (158 enderecos, raio 0.3 km)",fora do municipio (6.8 km alem da divisa)
1506351,Santa Bárbara do Pará,2006,36,1180,EEEF DE SANTA BÁRBARA,CENTRO,"RUA FERNANDO FERRARI, S/N",-48.2971577,-1.2234627,-48.292275,-1.227431,0.7,estabelecimento,alta,SANTA BARBARA FM 87 9 [CENTRO],movido por reposicionar_locais_fora_do_bairro.py
1506351,Santa Bárbara do Pará,2008,36,1180,EEEF DE SANTA BÁRBARA,CENTRO,"RUA FERNANDO FERRARI, S/N",-48.2971577,-1.2234627,-48.292275,-1.227431,0.7,estabelecimento,alta,SANTA BARBARA FM 87 9 [CENTRO],movido por reposicionar_locais_fora_do_bairro.py
1506351,Santa Bárbara do Pará,2010,36,1180,EEEF DE SANTA BÁRBARA,CENTRO,"RUA FERNANDO FERRARI, S/N",-48.2971577,-1.2234627,-48.292275,-1.227431,0.7,estabelecimento,alta,SANTA BARBARA FM 87 9 [CENTRO],movido por reposicionar_locais_fora_do_bairro.py
1506351,Santa Bárbara do Pará,2012,36,1180,EEEF DE SANTA BÁRBARA,CENTRO,"RUA FERNANDO FERRARI, S/N",-48.2971577,-1.2234627,-48.292275,-1.227431,0.7,estabelecimento,alta,SANTA BARBARA FM 87 9 [CENTRO],movido por reposicionar_locais_fora_do_bairro.py
1506351,Santa Bárbara do Pará,2014,36,1180,EEEF DE SANTA BÁRBARA,CENTRO,"RUA FERNANDO FERRARI, S/N",-48.2971577,-1.2234627,-48.292275,-1.227431,0.7,estabelecimento,alta,SANTA BARBARA FM 87 9 [CENTRO],movido por reposicionar_locais_fora_do_bairro.py
1506351,Santa Bárbara do Pará,2016,36,1180,EEEF DE SANTA BÁRBARA,CENTRO,"RUA FERNANDO FERRARI, S/N",-48.2971577,-1.2234627,-48.292275,-1.227431,0.7,estabelecimento,alta,SANTA BARBARA FM 87 9 [CENTRO],movido por reposicionar_locais_fora_do_bairro.py
1506351,Santa Bárbara do Pará,2018,36,1180,EEEF DE SANTA BÁRBARA,CENTRO,"RUA FERNANDO FERRARI, S/N",-48.2971577,-1.2234627,-48.292275,-1.227431,0.7,estabelecimento,alta,SANTA BARBARA FM 87 9 [CENTRO],movido por reposicionar_locais_fora_do_bairro.py
1506351,Santa Bárbara do Pará,2020,36,1180,EEEF DE SANTA BÁRBARA,CENTRO,"RUA FERNANDO FERRARI, S/N",-48.2971577,-1.2234627,-48.292275,-1.227431,0.7,estabelecimento,alta,SANTA BARBARA FM 87 9 [CENTRO],movido por reposicionar_locais_fora_do_bairro.py
1506351,Santa Bárbara do Pará,2022,36,1180,EEEF DE SANTA BÁRBARA,CENTRO,"RUA FERNANDO FERRARI, S/N",-48.2971577,-1.2234627,-48.292275,-1.227431,0.7,estabelecimento,alta,SANTA BARBARA FM 87 9 [CENTRO],movido por reposicionar_locais_fora_do_bairro.py
1506351,Santa Bárbara do Pará,2024,36,1180,EEEF DE  SANTA BÁRBARA,CENTRO,"RUA FERNANDO FERRARI, S/N",-48.2971577,-1.2234627,-48.292275,-1.227431,0.7,estabelecimento,alta,SANTA BARBARA FM 87 9 [CENTRO],movido por reposicionar_locais_fora_do_bairro.py
1506351,Santa Bárbara do Pará,2006,36,1309,EM FRANCISCO MESCOUTO,COLÔNIA CHICANO,COLÔNIA CHICANA,-48.1649575,-1.3012475,-48.238034,-1.156192,18.08,localidade,media,"localidade COLONIA CHICANO ~ (283 enderecos, raio 0.8 km)",fora do municipio (6.8 km alem da divisa)
1506351,Santa Bárbara do Pará,2008,36,1309,EM FRANCISCO MESCOUTO,COLÔNIA CHICANO,COLÔNIA CHICANA,-48.1649575,-1.3012475,-48.238034,-1.156192,18.08,localidade,media,"localidade COLONIA CHICANO ~ (283 enderecos, raio 0.8 km)",fora do municipio (6.8 km alem da divisa)
1506351,Santa Bárbara do Pará,2010,36,1309,EM FRANCISCO MESCOUTO,COLÔNIA CHICANO,COLÔNIA CHICANA,-48.1649575,-1.3012475,-48.238034,-1.156192,18.08,localidade,media,"localidade COLONIA CHICANO ~ (283 enderecos, raio 0.8 km)",fora do municipio (6.8 km alem da divisa)
1506351,Santa Bárbara do Pará,2012,36,1309,EM FRANCISCO MESCOUTO,COLÔNIA CHICANO,COLÔNIA CHICANA,-48.1649575,-1.3012475,-48.238034,-1.156192,18.08,localidade,media,"localidade COLONIA CHICANO ~ (283 enderecos, raio 0.8 km)",fora do municipio (6.8 km alem da divisa)
1506351,Santa Bárbara do Pará,2014,36,1309,EM FRANCISCO MESCOUTO,COLÔNIA CHICANO,COLÔNIA CHICANA,-48.1649575,-1.3012475,-48.238034,-1.156192,18.08,localidade,media,"localidade COLONIA CHICANO ~ (283 enderecos, raio 0.8 km)",fora do municipio (6.8 km alem da divisa)
1506351,Santa Bárbara do Pará,2016,36,1309,EM FRANCISCO MESCOUTO,COLÔNIA CHICANO,COLÔNIA CHICANA,-48.1649575,-1.3012475,-48.238034,-1.156192,18.08,localidade,media,"localidade COLONIA CHICANO ~ (283 enderecos, raio 0.8 km)",fora do municipio (6.8 km alem da divisa)
1506351,Santa Bárbara do Pará,2018,36,1309,EM FRANCISCO MESCOUTO,COLÔNIA CHICANO,COLÔNIA CHICANA,-48.1649575,-1.3012475,-48.238034,-1.156192,18.08,localidade,media,"localidade COLONIA CHICANO ~ (283 enderecos, raio 0.8 km)",fora do municipio (6.8 km alem da divisa)
1506351,Santa Bárbara do Pará,2020,36,1309,EM FRANCISCO MESCOUTO,COLÔNIA CHICANO,COLÔNIA CHICANA,-48.1649575,-1.3012475,-48.238034,-1.156192,18.08,localidade,media,"localidade COLONIA CHICANO ~ (283 enderecos, raio 0.8 km)",fora do municipio (6.8 km alem da divisa)
1506351,Santa Bárbara do Pará,2022,36,1309,EM FRANCISCO MESCOUTO,COLÔNIA CHICANO,COLÔNIA CHICANA,-48.1649575,-1.3012475,-48.238034,-1.156192,18.08,localidade,media,"localidade COLONIA CHICANO ~ (283 enderecos, raio 0.8 km)",fora do municipio (6.8 km alem da divisa)
1506351,Santa Bárbara do Pará,2024,36,1309,EM FRANCISCO MESCOUTO,COLÔNIA CHICANO,COLÔNIA CHICANA,-48.1649575,-1.3012475,-48.238034,-1.156192,18.08,localidade,media,"localidade COLONIA CHICANO ~ (283 enderecos, raio 0.8 km)",fora do municipio (6.8 km alem da divisa)
1506351,Santa Bárbara do Pará,2006,36,1325,EM SÃO JOÃO BATISTA,SÃO JOÃO BATISTA,LOCALIDADE DE SÃO JOÃO BATISTA,-48.1649559,-1.3012464,-48.256139,-1.167684,18.0,estabelecimento,alta,EMEIEF SAO JOAO BATISTA [VILA SAO JOAO BATISTA],fora do municipio (6.8 km alem da divisa)
1506351,Santa Bárbara do Pará,2008,36,1325,EM SÃO JOÃO BATISTA,SÃO JOÃO BATISTA,LOCALIDADE DE SÃO JOÃO BATISTA,-48.1649559,-1.3012464,-48.256139,-1.167684,18.0,estabelecimento,alta,EMEIEF SAO JOAO BATISTA [VILA SAO JOAO BATISTA],fora do municipio (6.8 km alem da divisa)
1506351,Santa Bárbara do Pará,2010,36,1325,EM SÃO JOÃO BATISTA,SÃO JOÃO BATISTA,LOCALIDADE DE SÃO JOÃO BATISTA,-48.1649559,-1.3012464,-48.256139,-1.167684,18.0,estabelecimento,alta,EMEIEF SAO JOAO BATISTA [VILA SAO JOAO BATISTA],fora do municipio (6.8 km alem da divisa)
1506351,Santa Bárbara do Pará,2012,36,1325,EM SÃO JOÃO BATISTA,SÃO JOÃO BATISTA,LOCALIDADE DE SÃO JOÃO BATISTA,-48.1649559,-1.3012464,-48.256139,-1.167684,18.0,estabelecimento,alta,EMEIEF SAO JOAO BATISTA [VILA SAO JOAO BATISTA],fora do municipio (6.8 km alem da divisa)
1506351,Santa Bárbara do Pará,2014,36,1325,EM SÃO JOÃO BATISTA,SÃO JOÃO BATISTA,LOCALIDADE DE SÃO JOÃO BATISTA,-48.1649559,-1.3012464,-48.256139,-1.167684,18.0,estabelecimento,alta,EMEIEF SAO JOAO BATISTA [VILA SAO JOAO BATISTA],fora do municipio (6.8 km alem da divisa)
1506351,Santa Bárbara do Pará,2016,36,1325,EM SÃO JOÃO BATISTA,SÃO JOÃO BATISTA,LOCALIDADE DE SÃO JOÃO BATISTA,-48.1649559,-1.3012464,-48.256139,-1.167684,18.0,estabelecimento,alta,EMEIEF SAO JOAO BATISTA [VILA SAO JOAO BATISTA],fora do municipio (6.8 km alem da divisa)
1506351,Santa Bárbara do Pará,2018,36,1325,EM SÃO JOÃO BATISTA,SÃO JOÃO BATISTA,LOCALIDADE DE SÃO JOÃO BATISTA,-48.1649559,-1.3012464,-48.256139,-1.167684,18.0,estabelecimento,alta,EMEIEF SAO JOAO BATISTA [VILA SAO JOAO BATISTA],fora do municipio (6.8 km alem da divisa)
1506351,Santa Bárbara do Pará,2020,36,1325,EM SÃO JOÃO BATISTA,SÃO JOÃO BATISTA,LOCALIDADE DE SÃO JOÃO BATISTA,-48.1649559,-1.3012464,-48.256139,-1.167684,18.0,estabelecimento,alta,EMEIEF SAO JOAO BATISTA [VILA SAO JOAO BATISTA],fora do municipio (6.8 km alem da divisa)
1506351,Santa Bárbara do Pará,2022,36,1325,EM SÃO JOÃO BATISTA,SÃO JOÃO BATISTA,LOCALIDADE DE SÃO JOÃO BATISTA,-48.1649559,-1.3012464,-48.256139,-1.167684,18.0,estabelecimento,alta,EMEIEF SAO JOAO BATISTA [VILA SAO JOAO BATISTA],fora do municipio (6.8 km alem da divisa)
1506351,Santa Bárbara do Pará,2024,36,1325,EM SÃO JOÃO BATISTA,SÃO JOÃO BATISTA,LOCALIDADE DE SÃO JOÃO BATISTA,-48.1649559,-1.3012464,-48.256139,-1.167684,18.0,estabelecimento,alta,EMEIEF SAO JOAO BATISTA [VILA SAO JOAO BATISTA],fora do municipio (6.8 km alem da divisa)
1506351,Santa Bárbara do Pará,2006,36,1384,EM DO BAIRRO NOVO,NOVO,"RUA MARINA THAMER, S/N",-48.1648935,-1.3012322,-48.2939269,-1.2308544,16.36,escola_inep,media,"INEP: E M E I F BAIRRO NOVO [RUA MARINA THAMER SALAME, 377 BAIRRO NOVO. 6]",fora do municipio (6.8 km alem da divisa)
1506351,Santa Bárbara do Pará,2008,36,1384,EM DO BAIRRO NOVO,NOVO,"RUA MARINA THAMER, S/N",-48.1648935,-1.3012322,-48.2939269,-1.2308544,16.36,escola_inep,media,"INEP: E M E I F BAIRRO NOVO [RUA MARINA THAMER SALAME, 377 BAIRRO NOVO. 6]",fora do municipio (6.8 km alem da divisa)
1506351,Santa Bárbara do Pará,2010,36,1384,EM DO BAIRRO NOVO,NOVO,"RUA MARINA THAMER, S/N",-48.1648935,-1.3012322,-48.2939269,-1.2308544,16.36,escola_inep,media,"INEP: E M E I F BAIRRO NOVO [RUA MARINA THAMER SALAME, 377 BAIRRO NOVO. 6]",fora do municipio (6.8 km alem da divisa)
1506351,Santa Bárbara do Pará,2012,36,1384,EM DO BAIRRO NOVO,NOVO,"RUA MARINA THAMER, S/N",-48.1648935,-1.3012322,-48.2939269,-1.2308544,16.36,escola_inep,media,"INEP: E M E I F BAIRRO NOVO [RUA MARINA THAMER SALAME, 377 BAIRRO NOVO. 6]",fora do municipio (6.8 km alem da divisa)
1506351,Santa Bárbara do Pará,2014,36,1384,EM DO BAIRRO NOVO,NOVO,"RUA MARINA THAMER, S/N",-48.1648935,-1.3012322,-48.2939269,-1.2308544,16.36,escola_inep,media,"INEP: E M E I F BAIRRO NOVO [RUA MARINA THAMER SALAME, 377 BAIRRO NOVO. 6]",fora do municipio (6.8 km alem da divisa)
1506351,Santa Bárbara do Pará,2016,36,1384,EM DO BAIRRO NOVO,NOVO,"RUA MARINA THAMER, S/N",-48.1648935,-1.3012322,-48.2939269,-1.2308544,16.36,escola_inep,media,"INEP: E M E I F BAIRRO NOVO [RUA MARINA THAMER SALAME, 377 BAIRRO NOVO. 6]",fora do municipio (6.8 km alem da divisa)
1506351,Santa Bárbara do Pará,2018,36,1384,EM DO BAIRRO NOVO,NOVO,"RUA MARINA THAMER, S/N",-48.1648935,-1.3012322,-48.2939269,-1.2308544,16.36,escola_inep,media,"INEP: E M E I F BAIRRO NOVO [RUA MARINA THAMER SALAME, 377 BAIRRO NOVO. 6]",fora do municipio (6.8 km alem da divisa)
1506351,Santa Bárbara do Pará,2020,36,1384,EM DO BAIRRO NOVO,NOVO,"RUA MARINA THAMER, S/N",-48.1648935,-1.3012322,-48.2939269,-1.2308544,16.36,escola_inep,media,"INEP: E M E I F BAIRRO NOVO [RUA MARINA THAMER SALAME, 377 BAIRRO NOVO. 6]",fora do municipio (6.8 km alem da divisa)
1506351,Santa Bárbara do Pará,2022,36,1384,EM DO BAIRRO NOVO,NOVO,"RUA MARINA THAMER, S/N",-48.1648935,-1.3012322,-48.2939269,-1.2308544,16.36,escola_inep,media,"INEP: E M E I F BAIRRO NOVO [RUA MARINA THAMER SALAME, 377 BAIRRO NOVO. 6]",fora do municipio (6.8 km alem da divisa)
1506351,Santa Bárbara do Pará,2024,36,1384,EM DO  BAIRRO NOVO,NOVO,"RUA MARINA THAMER, S/N",-48.1648935,-1.3012322,-48.2939269,-1.2308544,16.36,escola_inep,media,"INEP: E M E I F BAIRRO NOVO [RUA MARINA THAMER SALAME, 377 BAIRRO NOVO. 6]",fora do municipio (6.8 km alem da divisa)
1506351,Santa Bárbara do Pará,2020,36,1414,EEIF VALENTINA MOREIRA DA SILVA,NOVA SANTA BÁRBARA,COMUNIDADE NOVA SANTA BÁRBARA,-48.1649583,-1.3012438,-48.288203,-1.217511,16.58,estabelecimento,alta,ESCOLA MUNICIAL PROF MARIA VALENTINA MOREIRA DA SILVA [NOVA SANTA BARBARA],fora do municipio (6.8 km alem da divisa)
1506351,Santa Bárbara do Pará,2022,36,1414,EEIF VALENTINA MOREIRA DA SILVA,NOVA SANTA BÁRBARA,COMUNIDADE NOVA SANTA BÁRBARA,-48.1649583,-1.3012438,-48.288203,-1.217511,16.58,estabelecimento,alta,ESCOLA MUNICIAL PROF MARIA VALENTINA MOREIRA DA SILVA [NOVA SANTA BARBARA],fora do municipio (6.8 km alem da divisa)
1506351,Santa Bárbara do Pará,2024,36,1414,EEIF VALENTINA MOREIRA DA SILVA,NOVA SANTA BÁRBARA,COMUNIDADE NOVA SANTA BÁRBARA,-48.1649583,-1.3012438,-48.288203,-1.217511,16.58,estabelecimento,alta,ESCOLA MUNICIAL PROF MARIA VALENTINA MOREIRA DA SILVA [NOVA SANTA BARBARA],fora do municipio (6.8 km alem da divisa)
1506351,Santa Bárbara do Pará,2020,36,1422,EEIF HELENA BARRA FARIAS,ABRIL VERMELHO,COMUNIDADE ABRIL VERMELHO,-48.1649557,-1.3012469,-48.209942,-1.20153,12.18,estabelecimento,alta,ESCOLA EMEIEF PROF HELENA BARRA FARIAS [ABRIL VERMELHO POLO II],fora do municipio (6.8 km alem da divisa)
1506351,Santa Bárbara do Pará,2022,36,1422,EEIF HELENA BARRA FARIAS,ABRIL VERMELHO,COMUNIDADE ABRIL VERMELHO,-48.1649557,-1.3012469,-48.209942,-1.20153,12.18,estabelecimento,alta,ESCOLA EMEIEF PROF HELENA BARRA FARIAS [ABRIL VERMELHO POLO II],fora do municipio (6.8 km alem da divisa)
1506351,Santa Bárbara do Pará,2024,36,1422,EEIF HELENA BARRA FARIAS,ABRIL VERMELHO,COMUNIDADE ABRIL VERMELHO,-48.1649557,-1.3012469,-48.209942,-1.20153,12.18,estabelecimento,alta,ESCOLA EMEIEF PROF HELENA BARRA FARIAS [ABRIL VERMELHO POLO II],fora do municipio (6.8 km alem da divisa)
1506351,Santa Bárbara do Pará,2024,36,1430,ASSOCIAÇÃO DOS TRABALHADORES RURAIS AGRO-ECOLÓGICO EXPEDITO RIBEIRO,ZONA RURAL,"PA 408, KM 03",-48.1649766,-1.3012121,,,,nao corrigido,,sem correspondencia no CNEFE,fora do municipio (6.8 km alem da divisa)
5107800,Santo Antônio de Leverger,2006,38,1090,ESCOLA ESTADUAL FAUSTINO DIAS DE AMORIM,VARGINHA (ZONA RURAL),"RUA BOM JESUS, S/NR",-56.10041467,-15.81357611,-56.081414,-15.806939,2.17,localidade,media,"localidade VARGINHA (26 enderecos, raio 1.2 km)",fora do municipio (1.3 km alem da divisa)
5107800,Santo Antônio de Leverger,2008,38,1090,ESCOLA ESTADUAL FAUSTINO DIAS DE AMORIM,VARGINHA (ZONA RURAL),"RUA BOM JESUS, S/NR",-56.10041467,-15.81357611,-56.081414,-15.806939,2.17,localidade,media,"localidade VARGINHA (26 enderecos, raio 1.2 km)",fora do municipio (1.3 km alem da divisa)
5107800,Santo Antônio de Leverger,2010,38,1090,ESCOLA ESTADUAL FAUSTINO DIAS DE AMORIM,VARGINHA (ZONA RURAL),"RUA BOM JESUS, S/NR",-56.10041467,-15.81357611,-56.081414,-15.806939,2.17,localidade,media,"localidade VARGINHA (26 enderecos, raio 1.2 km)",fora do municipio (1.3 km alem da divisa)
5107800,Santo Antônio de Leverger,2012,38,1090,ESCOLA ESTADUAL FAUSTINO DIAS DE AMORIM,VARGINHA (ZONA RURAL),"RUA BOM JESUS, S/NR",-56.10041467,-15.81357611,-56.081414,-15.806939,2.17,localidade,media,"localidade VARGINHA (26 enderecos, raio 1.2 km)",fora do municipio (1.3 km alem da divisa)
5107800,Santo Antônio de Leverger,2014,38,1090,ESCOLA ESTADUAL FAUSTINO DIAS DE AMORIM,VARGINHA (ZONA RURAL),"RUA BOM JESUS, S/NR",-56.10041467,-15.81357611,-56.081414,-15.806939,2.17,localidade,media,"localidade VARGINHA (26 enderecos, raio 1.2 km)",fora do municipio (1.3 km alem da divisa)
5107800,Santo Antônio de Leverger,2016,38,1090,ESCOLA ESTADUAL FAUSTINO DIAS DE AMORIM,VARGINHA (ZONA RURAL),"RUA BOM JESUS, S/NR",-56.10041467,-15.81357611,-56.081414,-15.806939,2.17,localidade,media,"localidade VARGINHA (26 enderecos, raio 1.2 km)",fora do municipio (1.3 km alem da divisa)
5107800,Santo Antônio de Leverger,2018,38,1090,ESCOLA ESTADUAL FAUSTINO DIAS DE AMORIM,VARGINHA (ZONA RURAL),"RUA BOM JESUS, S/NR",-56.10041467,-15.81357611,-56.081414,-15.806939,2.17,localidade,media,"localidade VARGINHA (26 enderecos, raio 1.2 km)",fora do municipio (1.3 km alem da divisa)
5107800,Santo Antônio de Leverger,2020,38,1090,ESCOLA ESTADUAL FAUSTINO DIAS DE AMORIM,VARGINHA (ZONA RURAL),"RUA BOM JESUS, S/NR",-56.10041467,-15.81357611,-56.081414,-15.806939,2.17,localidade,media,"localidade VARGINHA (26 enderecos, raio 1.2 km)",fora do municipio (1.3 km alem da divisa)
5107800,Santo Antônio de Leverger,2022,38,1090,ESCOLA ESTADUAL FAUSTINO DIAS DE AMORIM,VARGINHA (ZONA RURAL),"RUA BOM JESUS, S/NR",-56.10041467,-15.81357611,-56.081414,-15.806939,2.17,localidade,media,"localidade VARGINHA (26 enderecos, raio 1.2 km)",fora do municipio (1.3 km alem da divisa)
5107800,Santo Antônio de Leverger,2024,38,1090,ZONA RURAL - E. E. FAUSTINO DIAS DE AMORIM,ZONA RURAL - VARGINHA,"RUA BOM JESUS, S/N",-56.10041467,-15.81357611,-56.081414,-15.806939,2.17,localidade,media,"localidade VARGINHA (26 enderecos, raio 1.2 km)",fora do municipio (1.3 km alem da divisa)
5107800,Santo Antônio de Leverger,2010,38,1147,ESCOLA MUNICIPAL DO CAETE,CAETE (ZONA RURAL),"AV. PRINCIPAL, S/NR",-55.3375233055556,-16.0217783333333,,,,nao corrigido,,sem correspondencia no CNEFE,fora do municipio (1.3 km alem da divisa)
5107800,Santo Antônio de Leverger,2012,38,1147,ESCOLA MUNICIPAL DO CAETE,CAETE (ZONA RURAL),"AV. PRINCIPAL, S/NR",-55.3375233055556,-16.0217783333333,,,,nao corrigido,,sem correspondencia no CNEFE,fora do municipio (1.3 km alem da divisa)
5107800,Santo Antônio de Leverger,2006,38,1171,ESCOLA ESTADUAL SANTA CLAUDINA,MIMOSO (ZONA RURAL),"AV. PRINCIPAL, S/NR",-55.7989786,-16.27314102,,,,nao corrigido,,sem correspondencia no CNEFE,fora do municipio (5.7 km alem da divisa)
5107800,Santo Antônio de Leverger,2008,38,1171,ESCOLA ESTADUAL SANTA CLAUDINA,MIMOSO (ZONA RURAL),"AV. PRINCIPAL, S/NR",-55.7989786,-16.27314102,,,,nao corrigido,,sem correspondencia no CNEFE,fora do municipio (5.7 km alem da divisa)
5107800,Santo Antônio de Leverger,2010,38,1171,ESCOLA ESTADUAL SANTA CLAUDINA,MIMOSO (ZONA RURAL),"AV. PRINCIPAL, S/NR",-55.7989786,-16.27314102,,,,nao corrigido,,sem correspondencia no CNEFE,fora do municipio (5.7 km alem da divisa)
5107800,Santo Antônio de Leverger,2012,38,1171,ESCOLA ESTADUAL SANTA CLAUDINA,MIMOSO (ZONA RURAL),"AV. PRINCIPAL, S/NR",-55.7989786,-16.27314102,,,,nao corrigido,,sem correspondencia no CNEFE,fora do municipio (5.7 km alem da divisa)
5107800,Santo Antônio de Leverger,2014,38,1171,ESCOLA ESTADUAL SANTA CLAUDINA,MIMOSO (ZONA RURAL),"AV. PRINCIPAL, S/NR",-55.7989786,-16.27314102,,,,nao corrigido,,sem correspondencia no CNEFE,fora do municipio (5.7 km alem da divisa)
5107800,Santo Antônio de Leverger,2016,38,1171,ESCOLA ESTADUAL SANTA CLAUDINA,MIMOSO (ZONA RURAL),"AV. PRINCIPAL, S/NR",-55.7989786,-16.27314102,,,,nao corrigido,,sem correspondencia no CNEFE,fora do municipio (5.7 km alem da divisa)
5107800,Santo Antônio de Leverger,2018,38,1171,ESCOLA ESTADUAL SANTA CLAUDINA,MIMOSO (ZONA RURAL),"AV. PRINCIPAL, S/NR",-55.7989786,-16.27314102,,,,nao corrigido,,sem correspondencia no CNEFE,fora do municipio (5.7 km alem da divisa)
5107800,Santo Antônio de Leverger,2020,38,1171,ESCOLA ESTADUAL SANTA CLAUDINA,MIMOSO (ZONA RURAL),"AV. PRINCIPAL, S/NR",-55.7989786,-16.27314102,,,,nao corrigido,,sem correspondencia no CNEFE,fora do municipio (5.7 km alem da divisa)
5107800,Santo Antônio de Leverger,2022,38,1171,ESCOLA ESTADUAL SANTA CLAUDINA,MIMOSO (ZONA RURAL),"AV. PRINCIPAL, S/NR",-55.7989786,-16.27314102,,,,nao corrigido,,sem correspondencia no CNEFE,fora do municipio (5.7 km alem da divisa)
5107800,Santo Antônio de Leverger,2024,38,1171,ZONA RURAL - E. E. SANTA CLAUDINA,ZONA RURAL - MIMOSO,"AV. PRINCIPAL, S/N",-55.7989786,-16.27314102,,,,nao corrigido,,sem correspondencia no CNEFE,fora do municipio (5.7 km alem da divisa)
5107800,Santo Antônio de Leverger,2006,38,1198,E.E.P.G.ANTONIO FERREIRA DA SILVA NETO - ENG VELHO,ZONA RURAL,ENGENHO VELHO - PROXIMO AO DISTRITO DE VARGINHA,-56.08167,-15.75528,,,,nao corrigido,,sem correspondencia no CNEFE,fora do municipio (2.1 km alem da divisa)
5107800,Santo Antônio de Leverger,2008,38,1198,E.E.P.G.ANTONIO FERREIRA DA SILVA NETO - ENG VELHO,ZONA RURAL,ENGENHO VELHO - PROXIMO AO DISTRITO DE VARGINHA,-56.08167,-15.75528,,,,nao corrigido,,sem correspondencia no CNEFE,fora do municipio (2.1 km alem da divisa)
5107800,Santo Antônio de Leverger,2010,38,1198,ESCOLA ESTADUAL ANTONIO FERREIRA DA SILVA NETO,ENGENHO VELHO (ZONA RURAL),"AV. PRINCIPAL, S/NR",-56.08167,-15.75528,,,,nao corrigido,,sem correspondencia no CNEFE,fora do municipio (2.1 km alem da divisa)
5107800,Santo Antônio de Leverger,2012,38,1198,ESCOLA ESTADUAL ANTONIO FERREIRA DA SILVA NETO,ENGENHO VELHO (ZONA RURAL),"AV. PRINCIPAL, S/NR",-56.08167,-15.75528,,,,nao corrigido,,sem correspondencia no CNEFE,fora do municipio (2.1 km alem da divisa)
5107800,Santo Antônio de Leverger,2014,38,1198,ESCOLA ESTADUAL ANTONIO FERREIRA DA SILVA NETO,ENGENHO VELHO (ZONA RURAL),"AV. PRINCIPAL, S/NR",-56.08167,-15.75528,,,,nao corrigido,,sem correspondencia no CNEFE,fora do municipio (2.1 km alem da divisa)
5107800,Santo Antônio de Leverger,2016,38,1198,ESCOLA MUNICIPAL ANTONIO FERREIRA DA SILVA NETO,ENGENHO VELHO (ZONA RURAL),"AV. PRINCIPAL, S/NR",-56.08167,-15.75528,,,,nao corrigido,,sem correspondencia no CNEFE,fora do municipio (2.1 km alem da divisa)
5107800,Santo Antônio de Leverger,2018,38,1198,ESCOLA MUNICIPAL ANTONIO FERREIRA DA SILVA NETO,ENGENHO VELHO (ZONA RURAL),"AV. PRINCIPAL, S/NR",-56.08167,-15.75528,,,,nao corrigido,,sem correspondencia no CNEFE,fora do municipio (2.1 km alem da divisa)
5107800,Santo Antônio de Leverger,2006,38,1287,IFMT - CAMPUS SÃO VICENTE,SERRA DE SÃO VICENTE (ZONA RURAL),BR 364 - KM 329,-55.41769024,-15.82247952,,,,nao corrigido,,sem correspondencia no CNEFE,fora do municipio (7.1 km alem da divisa)
5107800,Santo Antônio de Leverger,2008,38,1287,IFMT - CAMPUS SÃO VICENTE,SERRA DE SÃO VICENTE (ZONA RURAL),BR 364 - KM 329,-55.41769024,-15.82247952,,,,nao corrigido,,sem correspondencia no CNEFE,fora do municipio (7.1 km alem da divisa)
5107800,Santo Antônio de Leverger,2010,38,1287,IFMT - CAMPUS SÃO VICENTE,SERRA DE SÃO VICENTE (ZONA RURAL),BR 364 - KM 329,-55.41769024,-15.82247952,,,,nao corrigido,,sem correspondencia no CNEFE,fora do municipio (7.1 km alem da divisa)
5107800,Santo Antônio de Leverger,2012,38,1287,IFMT - CAMPUS SÃO VICENTE,SERRA DE SÃO VICENTE (ZONA RURAL),BR 364 - KM 329,-55.41769024,-15.82247952,,,,nao corrigido,,sem correspondencia no CNEFE,fora do municipio (7.1 km alem da divisa)
5107800,Santo Antônio de Leverger,2014,38,1287,IFMT - CAMPUS SÃO VICENTE,SERRA DE SÃO VICENTE (ZONA RURAL),BR 364 - KM 329,-55.41769024,-15.82247952,,,,nao corrigido,,sem correspondencia no CNEFE,fora do municipio (7.1 km alem da divisa)
5107800,Santo Antônio de Leverger,2016,38,1287,IFMT - CAMPUS SÃO VICENTE,SERRA DE SÃO VICENTE (ZONA RURAL),BR 364 - KM 329,-55.41769024,-15.82247952,,,,nao corrigido,,sem correspondencia no CNEFE,fora do municipio (7.1 km alem da divisa)
5107800,Santo Antônio de Leverger,2018,38,1287,IFMT - CAMPUS SÃO VICENTE,SERRA DE SÃO VICENTE (ZONA RURAL),BR 364 - KM 329,-55.41769024,-15.82247952,,,,nao corrigido,,sem correspondencia no CNEFE,fora do municipio (7.1 km alem da divisa)
5107800,Santo Antônio de Leverger,2020,38,1287,IFMT - CAMPUS SÃO VICENTE,SERRA DE SÃO VICENTE (ZONA RURAL),BR 364 - KM 329,-55.41769024,-15.82247952,,,,nao corrigido,,sem correspondencia no CNEFE,fora do municipio (7.1 km alem da divisa)
5107800,Santo Antônio de Leverger,2022,38,1287,IFMT - CAMPUS SÃO VICENTE,SERRA DE SÃO VICENTE (ZONA RURAL),BR 364 - KM 329,-55.41769024,-15.82247952,,,,nao corrigido,,sem correspondencia no CNEFE,fora do municipio (7.1 km alem da divisa)
5107800,Santo Antônio de Leverger,2006,38,1295,ESCOLA ESTADUAL DO CÓRREGO DO OURO,CÓRREGO DO OURO (ZONA RURAL),"AV. PRINCIPAL, S/NR",-55.46403753,-15.72763564,,,,nao corrigido,,sem correspondencia no CNEFE,fora do municipio (7.8 km alem da divisa)
5107800,Santo Antônio de Leverger,2008,38,1295,ESCOLA ESTADUAL DO CÓRREGO DO OURO,CÓRREGO DO OURO (ZONA RURAL),"AV. PRINCIPAL, S/NR",-55.46403753,-15.72763564,,,,nao corrigido,,sem correspondencia no CNEFE,fora do municipio (7.8 km alem da divisa)
5107800,Santo Antônio de Leverger,2010,38,1295,ESCOLA ESTADUAL DO CÓRREGO DO OURO,CÓRREGO DO OURO (ZONA RURAL),"AV. PRINCIPAL, S/NR",-55.46403753,-15.72763564,,,,nao corrigido,,sem correspondencia no CNEFE,fora do municipio (7.8 km alem da divisa)
5107800,Santo Antônio de Leverger,2012,38,1295,ESCOLA ESTADUAL DO CÓRREGO DO OURO,CÓRREGO DO OURO (ZONA RURAL),"AV. PRINCIPAL, S/NR",-55.46403753,-15.72763564,,,,nao corrigido,,sem correspondencia no CNEFE,fora do municipio (7.8 km alem da divisa)
5107800,Santo Antônio de Leverger,2014,38,1295,ESCOLA ESTADUAL DO CÓRREGO DO OURO,CÓRREGO DO OURO (ZONA RURAL),"AV. PRINCIPAL, S/NR",-55.46403753,-15.72763564,,,,nao corrigido,,sem correspondencia no CNEFE,fora do municipio (7.8 km alem da divisa)
5107800,Santo Antônio de Leverger,2016,38,1295,ESCOLA ESTADUAL DO CÓRREGO DO OURO,CÓRREGO DO OURO (ZONA RURAL),"AV. PRINCIPAL, S/NR",-55.46403753,-15.72763564,,,,nao corrigido,,sem correspondencia no CNEFE,fora do municipio (7.8 km alem da divisa)
5107800,Santo Antônio de Leverger,2018,38,1295,ESCOLA ESTADUAL DO CÓRREGO DO OURO,CÓRREGO DO OURO (ZONA RURAL),"AV. PRINCIPAL, S/NR",-55.46403753,-15.72763564,,,,nao corrigido,,sem correspondencia no CNEFE,fora do municipio (7.8 km alem da divisa)
5107800,Santo Antônio de Leverger,2020,38,1295,ESCOLA ESTADUAL DO CÓRREGO DO OURO,CÓRREGO DO OURO (ZONA RURAL),"AV. PRINCIPAL, S/NR",-55.46403753,-15.72763564,,,,nao corrigido,,sem correspondencia no CNEFE,fora do municipio (7.8 km alem da divisa)
5107800,Santo Antônio de Leverger,2022,38,1295,ESCOLA ESTADUAL DO CÓRREGO DO OURO,CÓRREGO DO OURO (ZONA RURAL),"AV. PRINCIPAL, S/NR",-55.46403753,-15.72763564,,,,nao corrigido,,sem correspondencia no CNEFE,fora do municipio (7.8 km alem da divisa)
5107800,Santo Antônio de Leverger,2024,38,1295,ZONA RURAL - CENTRO COMUN. / CRECHE MUN. CÓRREGO DO OURO,ZONA RURAL - CÓRREGO DO OURO,"AV. PRINCIPAL, S/N",-55.46403753,-15.72763564,,,,nao corrigido,,sem correspondencia no CNEFE,fora do municipio (7.8 km alem da divisa)
5107800,Santo Antônio de Leverger,2006,38,1350,E.M.P.G. JOSE FERREIRA DA SILVA - MORRINHO,ZONA RURAL,AO LADO DA IGREJA IGREJA - MORRINHO - FONE 391-1398,-56.08167,-15.75528,,,,nao corrigido,,sem correspondencia no CNEFE,fora do municipio (2.1 km alem da divisa)
5107800,Santo Antônio de Leverger,2008,38,1350,E.M.P.G. JOSE FERREIRA DA SILVA - MORRINHO,ZONA RURAL,AO LADO DA IGREJA IGREJA - MORRINHO - FONE 391-1398,-56.08167,-15.75528,,,,nao corrigido,,sem correspondencia no CNEFE,fora do municipio (2.1 km alem da divisa)
5107800,Santo Antônio de Leverger,2010,38,1350,ESCOLA MUNICIPAL JOSE FERREIRA DA SILVA,MORRINHO (PROXIMO RODOVIA - ZONA RURAL),"AV. PRINCIPAL, S/NR",-56.08167,-15.75528,,,,nao corrigido,,sem correspondencia no CNEFE,fora do municipio (2.1 km alem da divisa)
5107800,Santo Antônio de Leverger,2012,38,1350,ESCOLA MUNICIPAL JOSE FERREIRA DA SILVA,MORRINHO (PROXIMO RODOVIA - ZONA RURAL),"AV. PRINCIPAL, S/NR",-56.08167,-15.75528,,,,nao corrigido,,sem correspondencia no CNEFE,fora do municipio (2.1 km alem da divisa)
5107800,Santo Antônio de Leverger,2014,38,1350,ESCOLA MUNICIPAL JOSE FERREIRA DA SILVA,MORRINHO (PROXIMO RODOVIA - ZONA RURAL),"AV. PRINCIPAL, S/NR",-56.08167,-15.75528,,,,nao corrigido,,sem correspondencia no CNEFE,fora do municipio (2.1 km alem da divisa)
5107800,Santo Antônio de Leverger,2016,38,1350,ESCOLA MUNICIPAL JOSE FERREIRA DA SILVA,MORRINHO (PROXIMO RODOVIA - ZONA RURAL),"AV. PRINCIPAL, S/NR",-56.08167,-15.75528,,,,nao corrigido,,sem correspondencia no CNEFE,fora do municipio (2.1 km alem da divisa)
5107800,Santo Antônio de Leverger,2018,38,1350,ESCOLA MUNICIPAL JOSE FERREIRA DA SILVA,MORRINHO (PROXIMO RODOVIA - ZONA RURAL),"AV. PRINCIPAL, S/NR",-56.08167,-15.75528,,,,nao corrigido,,sem correspondencia no CNEFE,fora do municipio (2.1 km alem da divisa)
5107800,Santo Antônio de Leverger,2006,38,1368,ESCOLA MUNICIPAL DE I GRAU MATO VERDE,ZONA RURAL,MATO VERDE PROXIMO MIMOSO,-56.1261484,-15.80382789,,,,nao corrigido,,sem correspondencia no CNEFE,fora do municipio (3.1 km alem da divisa)
5107800,Santo Antônio de Leverger,2008,38,1368,ESCOLA MUNICIPAL DE I GRAU MATO VERDE,ZONA RURAL,MATO VERDE PROXIMO MIMOSO,-56.1261484,-15.80382789,,,,nao corrigido,,sem correspondencia no CNEFE,fora do municipio (3.1 km alem da divisa)
5107800,Santo Antônio de Leverger,2010,38,1368,ESCOLA MUNICIPAL DO MATO VERDE,MATO VERDE (ZONA RURAL),"AV. PRINCIPAL, S/NR",-56.1261484,-15.80382789,,,,nao corrigido,,sem correspondencia no CNEFE,fora do municipio (3.1 km alem da divisa)
5107800,Santo Antônio de Leverger,2012,38,1368,ESCOLA MUNICIPAL DO MATO VERDE,MATO VERDE (ZONA RURAL),"AV. PRINCIPAL, S/NR",-56.1261484,-15.80382789,,,,nao corrigido,,sem correspondencia no CNEFE,fora do municipio (3.1 km alem da divisa)
5107800,Santo Antônio de Leverger,2014,38,1368,ESCOLA MUNICIPAL DO VALO VERDE,VALO VERDE (ZONA RURAL),"AV. PRINCIPAL, S/NR",-56.1261484,-15.80382789,,,,nao corrigido,,sem correspondencia no CNEFE,fora do municipio (3.1 km alem da divisa)
5107800,Santo Antônio de Leverger,2010,38,1406,ESCOLA MUNICIPAL DO VALE ABENCOADO,VALE ABENCOADO (ZONA RURAL),"AV. PRINCIPAL, S/NR",-55.4328239534583,-15.8789678782368,,,,nao corrigido,,sem correspondencia no CNEFE,fora do municipio (3.2 km alem da divisa)
5107800,Santo Antônio de Leverger,2012,38,1406,ESCOLA MUNICIPAL DO VALE ABENCOADO,VALE ABENCOADO (ZONA RURAL),"AV. PRINCIPAL, S/NR",-55.4328239534583,-15.8789678782368,,,,nao corrigido,,sem correspondencia no CNEFE,fora do municipio (3.2 km alem da divisa)
5107800,Santo Antônio de Leverger,2014,38,1406,ESCOLA MUNICIPAL DO VALE ABENCOADO,VALE ABENCOADO (ZONA RURAL),"AV. PRINCIPAL, S/NR",-55.4328239534583,-15.8789678782368,,,,nao corrigido,,sem correspondencia no CNEFE,fora do municipio (3.2 km alem da divisa)
5107800,Santo Antônio de Leverger,2016,38,1406,ESCOLA MUNICIPAL DO VALE ABENCOADO,VALE ABENCOADO (ZONA RURAL),"AV. PRINCIPAL, S/NR",-55.4328239534583,-15.8789678782368,,,,nao corrigido,,sem correspondencia no CNEFE,fora do municipio (3.2 km alem da divisa)
5107800,Santo Antônio de Leverger,2018,38,1406,ESCOLA MUNICIPAL DO VALE ABENCOADO,VALE ABENCOADO (ZONA RURAL),"AV. PRINCIPAL, S/NR",-55.4328239534583,-15.8789678782368,,,,nao corrigido,,sem correspondencia no CNEFE,fora do municipio (3.2 km alem da divisa)
5107800,Santo Antônio de Leverger,2016,38,1414,IGREJA CATOLICA DA BAIA SAO JOAO,BAIA SAO JOAO (ZONA RURAL),"AV. PRINCIPAL, S/NR",-55.57960243,-16.74339524,,,,nao corrigido,,sem correspondencia no CNEFE,fora do municipio (6.1 km alem da divisa)
5107800,Santo Antônio de Leverger,2018,38,1414,IGREJA CATOLICA DA BAIA SAO JOAO,BAIA SAO JOAO (ZONA RURAL),"AV. PRINCIPAL, S/NR",-55.57960243,-16.74339524,,,,nao corrigido,,sem correspondencia no CNEFE,fora do municipio (6.1 km alem da divisa)
5107800,Santo Antônio de Leverger,2006,38,1449,ESCOLA MUNICIPAL DE RIBEIRAO DA ESTIVA,ZONA RURAL,COMUNIDADE DE RIBEIRAO DA ESTIVA - FONE 3331-1268,-56.0816066666667,-15.7560633333333,,,,nao corrigido,,sem correspondencia no CNEFE,fora do municipio (2.1 km alem da divisa)
5107800,Santo Antônio de Leverger,2008,38,1449,ESCOLA MUNICIPAL DE RIBEIRAO DA ESTIVA,ZONA RURAL,COMUNIDADE DE RIBEIRAO DA ESTIVA - FONE 3331-1268,-56.0816066666667,-15.7560633333333,,,,nao corrigido,,sem correspondencia no CNEFE,fora do municipio (2.1 km alem da divisa)
5107800,Santo Antônio de Leverger,2008,38,1465,E.M. DE SAO JOSE DA BOA VISTA,SAO JOSE DA BOA VISTA - ZONA RURAL,MARGEM DIREITA RIO CUIABA,-55.57960243,-16.74339524,,,,nao corrigido,,sem correspondencia no CNEFE,fora do municipio (6.1 km alem da divisa)
5107800,Santo Antônio de Leverger,2016,38,1481,ESCOLA MUNICIPAL DO VALO VERDE,VALO VERDE (ZONA RURAL),"AV. PRINCIPAL, S/NR",-56.1261484,-15.80382789,,,,nao corrigido,,sem correspondencia no CNEFE,fora do municipio (3.1 km alem da divisa)
5107800,Santo Antônio de Leverger,2018,38,1481,ESCOLA MUNICIPAL DO VALO VERDE,VALO VERDE (ZONA RURAL),"AV. PRINCIPAL, S/NR",-56.1261484,-15.80382789,,,,nao corrigido,,sem correspondencia no CNEFE,fora do municipio (3.1 km alem da divisa)
5107800,Santo Antônio de Leverger,2020,38,1481,ESCOLA MUNICIPAL DO VALO VERDE,VALO VERDE (ZONA RURAL),"AV. PRINCIPAL, S/NR",-56.1261484,-15.80382789,,,,nao corrigido,,sem correspondencia no CNEFE,fora do municipio (3.1 km alem da divisa)
5107800,Santo Antônio de Leverger,2022,38,1481,ESCOLA MUNICIPAL DO VALO VERDE,VALO VERDE (ZONA RURAL),"AV. PRINCIPAL, S/NR",-56.1261484,-15.80382789,,,,nao corrigido,,sem correspondencia no CNEFE,fora do municipio (3.1 km alem da divisa)
5107800,Santo Antônio de Leverger,2020,38,1597,ESCOLA MUNICIPAL DE EDUCAÇÃO BÁSICA DA BAÍA SÃO JOÃO,BAÍA SÃO JOÃO (ZONA RURAL),AVENIDA PRINCIPAL,-55.57960243,-16.74339524,,,,nao corrigido,,sem correspondencia no CNEFE,fora do municipio (6.1 km alem da divisa)
5107800,Santo Antônio de Leverger,2022,38,1597,ESCOLA MUNICIPAL DE EDUCAÇÃO BÁSICA DA BAÍA SÃO JOÃO,BAÍA SÃO JOÃO (ZONA RURAL),AVENIDA PRINCIPAL,-55.57960243,-16.74339524,,,,nao corrigido,,sem correspondencia no CNEFE,fora do municipio (6.1 km alem da divisa)
5107800,Santo Antônio de Leverger,2010,38,5500,ASSOCIACAO DE PEQUENOS E MEDIOS PRODUTORES DA BAIA SAO JOAO,BAIA SAO JOAO (ZONA RURAL),"AV. PRINCIPAL, S/NR",-55.57960243,-16.74339524,,,,nao corrigido,,sem correspondencia no CNEFE,fora do municipio (6.1 km alem da divisa)
5107800,Santo Antônio de Leverger,2012,38,5500,ASSOCIACAO DE PEQUENOS E MEDIOS PRODUTORES DA BAIA SAO JOAO,BAIA SAO JOAO (ZONA RURAL),"AV. PRINCIPAL, S/NR",-55.57960243,-16.74339524,,,,nao corrigido,,sem correspondencia no CNEFE,fora do municipio (6.1 km alem da divisa)
5107800,Santo Antônio de Leverger,2014,38,5500,ASSOCIACAO DE PEQUENOS E MEDIOS PRODUTORES DA BAIA SAO JOAO,BAIA SAO JOAO (ZONA RURAL),"AV. PRINCIPAL, S/NR",-55.57960243,-16.74339524,,,,nao corrigido,,sem correspondencia no CNEFE,fora do municipio (6.1 km alem da divisa)
1507003,Santo Antônio do Tauá,2006,8,1023,E. M. E. F. BELEM DO TAUA,ZONA RURAL,LOC. DE BELEM DO TAUA,-48.1649899,-1.301233,,,,nao corrigido,,sem correspondencia no CNEFE,fora do municipio (11.7 km alem da divisa)
1507003,Santo Antônio do Tauá,2008,8,1023,EMEF BELEM DO TAUA,ZONA RURAL,LOCALIDADE DE BELEM DO TAUA,-48.1649899,-1.301233,,,,nao corrigido,,sem correspondencia no CNEFE,fora do municipio (11.7 km alem da divisa)
1507003,Santo Antônio do Tauá,2010,8,1023,EMEF BELEM DO TAUA,ZONA RURAL,LOCALIDADE DE BELEM DO TAUA,-48.1649899,-1.301233,,,,nao corrigido,,sem correspondencia no CNEFE,fora do municipio (11.7 km alem da divisa)
1507003,Santo Antônio do Tauá,2012,8,1023,EMEF BELEM DO TAUA,ZONA RURAL,LOCALIDADE DE BELEM DO TAUA,-48.1649899,-1.301233,,,,nao corrigido,,sem correspondencia no CNEFE,fora do municipio (11.7 km alem da divisa)
1507003,Santo Antônio do Tauá,2014,8,1023,EMEF BELEM DO TAUA,ZONA RURAL,LOCALIDADE DE BELEM DO TAUA,-48.1649899,-1.301233,,,,nao corrigido,,sem correspondencia no CNEFE,fora do municipio (11.7 km alem da divisa)
1507003,Santo Antônio do Tauá,2016,8,1023,EMEF MANOEL MARTINHO BENTES,ZONA RURAL,LOCALIDADE DE BELÉM DO TAUÁ,-48.1649899,-1.301233,,,,nao corrigido,,sem correspondencia no CNEFE,fora do municipio (11.7 km alem da divisa)
1507003,Santo Antônio do Tauá,2018,36,1023,EMEF MANOEL MARTINHO BENTES,ZONA RURAL,LOCALIDADE DE BELÉM DO TAUÁ,-48.1649899,-1.301233,-48.168749,-1.15314,16.49,estabelecimento,media,ESCOLA MANOEL MARTINHO BENTES [BELENZINHO],fora do municipio (11.7 km alem da divisa)
1507003,Santo Antônio do Tauá,2020,36,1023,EMEF MANOEL MARTINHO BENTES,ZONA RURAL,LOCALIDADE DE BELÉM DO TAUÁ,-48.1649899,-1.301233,-48.168749,-1.15314,16.49,estabelecimento,media,ESCOLA MANOEL MARTINHO BENTES [BELENZINHO],fora do municipio (11.7 km alem da divisa)
1507003,Santo Antônio do Tauá,2022,36,1023,EMEF MANOEL MARTINHO BENTES,ZONA RURAL,LOCALIDADE DE BELÉM DO TAUÁ,-48.1649899,-1.301233,-48.168749,-1.15314,16.49,estabelecimento,media,ESCOLA MANOEL MARTINHO BENTES [BELENZINHO],fora do municipio (11.7 km alem da divisa)
1507003,Santo Antônio do Tauá,2024,36,1023,EMEF MANOEL MARTINHO BENTES,ZONA RURAL,LOCALIDADE DE BELÉM DO TAUÁ,-48.1649899,-1.301233,-48.168749,-1.15314,16.49,estabelecimento,media,ESCOLA MANOEL MARTINHO BENTES [BELENZINHO],fora do municipio (11.7 km alem da divisa)
1507003,Santo Antônio do Tauá,2006,8,1066,EEEM INÁCIO MOURA,CENTRO,"AV. SENADOR LEMOS,S/N - CIDADE",-48.1334067,-1.1535198,-48.129277,-1.150052,0.6,estabelecimento,alta,ESCOLA INACIO MOURA [CENTRO],movido por reposicionar_locais_fora_do_bairro.py
1507003,Santo Antônio do Tauá,2008,8,1066,EEEM INÁCIO MOURA,CENTRO,"AV. SENADOR LEMOS,S/N - CIDADE",-48.1334067,-1.1535198,-48.129277,-1.150052,0.6,estabelecimento,alta,ESCOLA INACIO MOURA [CENTRO],movido por reposicionar_locais_fora_do_bairro.py
1507003,Santo Antônio do Tauá,2010,8,1066,EEEM INÁCIO MOURA,CENTRO,"AV. SENADOR LEMOS,S/N - CIDADE",-48.1334067,-1.1535198,-48.129277,-1.150052,0.6,estabelecimento,alta,ESCOLA INACIO MOURA [CENTRO],movido por reposicionar_locais_fora_do_bairro.py
1507003,Santo Antônio do Tauá,2012,8,1066,EEEM INÁCIO MOURA,CENTRO,"AV. SENADOR LEMOS,S/N - CIDADE",-48.1334067,-1.1535198,-48.129277,-1.150052,0.6,estabelecimento,alta,ESCOLA INACIO MOURA [CENTRO],movido por reposicionar_locais_fora_do_bairro.py
1507003,Santo Antônio do Tauá,2014,8,1066,EEEM INÁCIO MOURA,CENTRO,"AV. SENADOR LEMOS,S/N - CIDADE",-48.1334067,-1.1535198,-48.129277,-1.150052,0.6,estabelecimento,alta,ESCOLA INACIO MOURA [CENTRO],movido por reposicionar_locais_fora_do_bairro.py
1507003,Santo Antônio do Tauá,2016,8,1066,EEEM INÁCIO MOURA,CENTRO,"AV. SENADOR LEMOS,S/N - CIDADE",-48.1348548,-1.158985,-48.129277,-1.150052,1.17,estabelecimento,alta,ESCOLA INACIO MOURA [CENTRO],movido por reposicionar_locais_fora_do_bairro.py
1507003,Santo Antônio do Tauá,2018,36,1066,EEEM INÁCIO MOURA,CENTRO,"AV. SENADOR LEMOS,S/N - CIDADE",-48.1587594,-1.2902202,-48.129277,-1.150052,15.94,estabelecimento,alta,ESCOLA INACIO MOURA [CENTRO],fora do municipio (10.3 km alem da divisa)
1507003,Santo Antônio do Tauá,2020,36,1066,EEEM INÁCIO MOURA,CENTRO,"AV. SENADOR LEMOS,S/N - CIDADE",-48.1587594,-1.2902202,-48.129277,-1.150052,15.94,estabelecimento,alta,ESCOLA INACIO MOURA [CENTRO],fora do municipio (10.3 km alem da divisa)
1507003,Santo Antônio do Tauá,2022,36,1066,EEEM INÁCIO MOURA,CENTRO,"AV. SENADOR LEMOS,S/N - CIDADE",-48.1587594,-1.2902202,-48.129277,-1.150052,15.94,estabelecimento,alta,ESCOLA INACIO MOURA [CENTRO],fora do municipio (10.3 km alem da divisa)
1507003,Santo Antônio do Tauá,2024,36,1066,EEEM INÁCIO MOURA,CENTRO,"AV. SENADOR LEMOS,S/N - CIDADE",-48.1587594,-1.2902202,-48.129277,-1.150052,15.94,estabelecimento,alta,ESCOLA INACIO MOURA [CENTRO],fora do municipio (10.3 km alem da divisa)
1507003,Santo Antônio do Tauá,2006,8,1074,E. M. E. F. MARIA CLARA PALHETA CARDOSO,ZONA RURAL,LOCALIDADE DE ESPIRITO SANTO DO TAUA,-48.164819,-1.3013897,-48.223578,-1.107028,22.6,localidade,media,"localidade VILA DO ESPIRITO SANTO DO TAUA ~ (595 enderecos, raio 0.6 km)",fora do municipio (11.7 km alem da divisa)
1507003,Santo Antônio do Tauá,2008,8,1074,EMEF MARIA CLARA PALHETA CARDOSO,ZONA RURAL,LOCALIDADE DE ESPIRITO SANTO DO TAUA,-48.164819,-1.3013897,-48.223578,-1.107028,22.6,localidade,media,"localidade VILA DO ESPIRITO SANTO DO TAUA ~ (595 enderecos, raio 0.6 km)",fora do municipio (11.7 km alem da divisa)
1507003,Santo Antônio do Tauá,2010,8,1074,EMEF MARIA CLARA PALHETA CARDOSO,ZONA RURAL,LOCALIDADE DE ESPIRITO SANTO DO TAUA,-48.164819,-1.3013897,-48.223578,-1.107028,22.6,localidade,media,"localidade VILA DO ESPIRITO SANTO DO TAUA ~ (595 enderecos, raio 0.6 km)",fora do municipio (11.7 km alem da divisa)
1507003,Santo Antônio do Tauá,2012,8,1074,EMEF MARIA CLARA PALHETA CARDOSO,ZONA RURAL,LOCALIDADE DE ESPIRITO SANTO DO TAUA,-48.164819,-1.3013897,-48.223578,-1.107028,22.6,localidade,media,"localidade VILA DO ESPIRITO SANTO DO TAUA ~ (595 enderecos, raio 0.6 km)",fora do municipio (11.7 km alem da divisa)
1507003,Santo Antônio do Tauá,2014,8,1074,EMEF MARIA CLARA PALHETA CARDOSO,ZONA RURAL,LOCALIDADE DE ESPIRITO SANTO DO TAUA,-48.164819,-1.3013897,-48.223578,-1.107028,22.6,localidade,media,"localidade VILA DO ESPIRITO SANTO DO TAUA ~ (595 enderecos, raio 0.6 km)",fora do municipio (11.7 km alem da divisa)
1507003,Santo Antônio do Tauá,2018,36,1074,EMEF FRANCISCO SOLANO RAIOL PEREIRA,ZONA RURAL,LOCALIDADE DE ESPÍRITO SANTO DO TAUÁ,-48.164819,-1.3013897,-48.221116,-1.110917,22.11,estabelecimento,alta,ESCOLA FRANCISCO SOLANO RAIOL PEREIRA [VILA DO ESPIRITO SANTO DO TAUA],fora do municipio (11.7 km alem da divisa)
1507003,Santo Antônio do Tauá,2020,36,1074,EMEF FRANCISCO SOLANO RAIOL PEREIRA,ZONA RURAL,LOCALIDADE DE ESPÍRITO SANTO DO TAUÁ,-48.164819,-1.3013897,-48.221116,-1.110917,22.11,estabelecimento,alta,ESCOLA FRANCISCO SOLANO RAIOL PEREIRA [VILA DO ESPIRITO SANTO DO TAUA],fora do municipio (11.7 km alem da divisa)
1507003,Santo Antônio do Tauá,2022,36,1074,EMEF FRANCISCO SOLANO RAIOL PEREIRA,ZONA RURAL,LOCALIDADE DE ESPÍRITO SANTO DO TAUÁ,-48.164819,-1.3013897,-48.221116,-1.110917,22.11,estabelecimento,alta,ESCOLA FRANCISCO SOLANO RAIOL PEREIRA [VILA DO ESPIRITO SANTO DO TAUA],fora do municipio (11.7 km alem da divisa)
1507003,Santo Antônio do Tauá,2024,36,1074,EMEF FRANCISCO SOLANO RAIOL PEREIRA,ZONA RURAL,LOCALIDADE DE ESPÍRITO SANTO DO TAUÁ,-48.164819,-1.3013897,-48.221116,-1.110917,22.11,estabelecimento,alta,ESCOLA FRANCISCO SOLANO RAIOL PEREIRA [VILA DO ESPIRITO SANTO DO TAUA],fora do municipio (11.7 km alem da divisa)
1507003,Santo Antônio do Tauá,2016,8,1090,EEEF MAJOR CORNÉLIO PEIXOTO,CENTRO,"TRAVESSA MAJOR CORNELIO PEIXOTO,S/N",-48.1674299,-1.2895742,-48.133121,-1.153702,15.6,localidade,media,"localidade CENTRO (1845 enderecos, raio 0.4 km)",fora do municipio (10.5 km alem da divisa)
1507003,Santo Antônio do Tauá,2018,36,1090,EEEF MAJOR CORNÉLIO PEIXOTO,CENTRO,"TRAVESSA MAJOR CORNELIO PEIXOTO,S/N",-48.1291101,-1.1562281,-48.133121,-1.153702,0.53,localidade,media,"localidade CENTRO (1845 enderecos, raio 0.4 km)",movido por reposicionar_locais_fora_do_bairro.py
1507003,Santo Antônio do Tauá,2020,36,1090,EEEF MAJOR CORNÉLIO PEIXOTO,CENTRO,"TRAVESSA MAJOR CORNELIO PEIXOTO,S/N",-48.1291101,-1.1562281,-48.133121,-1.153702,0.53,localidade,media,"localidade CENTRO (1845 enderecos, raio 0.4 km)",movido por reposicionar_locais_fora_do_bairro.py
1507003,Santo Antônio do Tauá,2022,36,1090,EEEF MAJOR CORNÉLIO PEIXOTO,CENTRO,"TRAVESSA MAJOR CORNELIO PEIXOTO,S/N",-48.1291101,-1.1562281,-48.133121,-1.153702,0.53,localidade,media,"localidade CENTRO (1845 enderecos, raio 0.4 km)",movido por reposicionar_locais_fora_do_bairro.py
1507003,Santo Antônio do Tauá,2024,36,1090,EEEF MAJOR CORNÉLIO PEIXOTO,CENTRO,"TRAVESSA MAJOR CORNELIO PEIXOTO,S/N",-48.1291101,-1.1562281,-48.133121,-1.153702,0.53,localidade,media,"localidade CENTRO (1845 enderecos, raio 0.4 km)",movido por reposicionar_locais_fora_do_bairro.py
1507003,Santo Antônio do Tauá,2006,8,1139,EMEF SANTA LÚCIA,ZONA RURAL,LOCALIDADE DE TRAVESSA C,-47.998052,-1.0701313,,,,nao corrigido,,sem correspondencia no CNEFE,fora do municipio (7.4 km alem da divisa)
1507003,Santo Antônio do Tauá,2008,8,1139,EMEF SANTA LÚCIA,ZONA RURAL,LOCALIDADE DE TRAVESSA C,-47.998052,-1.0701313,,,,nao corrigido,,sem correspondencia no CNEFE,fora do municipio (7.4 km alem da divisa)
1507003,Santo Antônio do Tauá,2010,8,1139,EMEF SANTA LÚCIA,ZONA RURAL,LOCALIDADE DE TRAVESSA C,-47.998052,-1.0701313,,,,nao corrigido,,sem correspondencia no CNEFE,fora do municipio (7.4 km alem da divisa)
1507003,Santo Antônio do Tauá,2012,8,1139,EMEF SANTA LÚCIA,ZONA RURAL,LOCALIDADE DE TRAVESSA C,-47.998052,-1.0701313,,,,nao corrigido,,sem correspondencia no CNEFE,fora do municipio (7.4 km alem da divisa)
1507003,Santo Antônio do Tauá,2014,8,1139,EMEF SANTA LÚCIA,ZONA RURAL,LOCALIDADE DE TRAVESSA C,-47.998052,-1.0701313,,,,nao corrigido,,sem correspondencia no CNEFE,fora do municipio (7.4 km alem da divisa)
1507003,Santo Antônio do Tauá,2016,8,1139,EMEF SANTA LÚCIA,ZONA RURAL,LOCALIDADE DE TRAVESSA C,-47.998052,-1.0701313,,,,nao corrigido,,sem correspondencia no CNEFE,fora do municipio (7.4 km alem da divisa)
1507003,Santo Antônio do Tauá,2018,36,1139,EMEF SANTA LÚCIA,ZONA RURAL,LOCALIDADE DE TRAVESSA C,-47.998052,-1.0701313,,,,nao corrigido,,sem correspondencia no CNEFE,fora do municipio (7.4 km alem da divisa)
1507003,Santo Antônio do Tauá,2020,36,1139,EMEF SANTA LÚCIA,ZONA RURAL,LOCALIDADE DE TRAVESSA C,-47.998052,-1.0701313,,,,nao corrigido,,sem correspondencia no CNEFE,fora do municipio (7.4 km alem da divisa)
1507003,Santo Antônio do Tauá,2022,36,1139,EMEF SANTA LÚCIA,ZONA RURAL,LOCALIDADE DE TRAVESSA C,-47.998052,-1.0701313,,,,nao corrigido,,sem correspondencia no CNEFE,fora do municipio (7.4 km alem da divisa)
1507003,Santo Antônio do Tauá,2024,36,1139,EMEF SANTA LÚCIA,ZONA RURAL,LOCALIDADE DE TRAVESSA C,-47.998052,-1.0701313,,,,nao corrigido,,sem correspondencia no CNEFE,fora do municipio (7.4 km alem da divisa)
1507003,Santo Antônio do Tauá,2006,8,1171,EMEF DE COCAL,ZONA RURAL,LOCALIDADE DE COCAL DO TAUÁ,-48.1649889,-1.3012942,-48.25765,-1.091491,25.53,localidade,media,"localidade COCAL DO TAUA (101 enderecos, raio 0.2 km)",fora do municipio (11.7 km alem da divisa)
1507003,Santo Antônio do Tauá,2008,8,1171,EMEF DE COCAL,ZONA RURAL,LOCALIDADE DE COCAL DO TAUÁ,-48.1649889,-1.3012942,-48.25765,-1.091491,25.53,localidade,media,"localidade COCAL DO TAUA (101 enderecos, raio 0.2 km)",fora do municipio (11.7 km alem da divisa)
1507003,Santo Antônio do Tauá,2010,8,1171,EMEF DE COCAL,ZONA RURAL,LOCALIDADE DE COCAL DO TAUÁ,-48.1649889,-1.3012942,-48.25765,-1.091491,25.53,localidade,media,"localidade COCAL DO TAUA (101 enderecos, raio 0.2 km)",fora do municipio (11.7 km alem da divisa)
1507003,Santo Antônio do Tauá,2012,8,1171,EMEF DE COCAL,ZONA RURAL,LOCALIDADE DE COCAL DO TAUÁ,-48.1649889,-1.3012942,-48.25765,-1.091491,25.53,localidade,media,"localidade COCAL DO TAUA (101 enderecos, raio 0.2 km)",fora do municipio (11.7 km alem da divisa)
1507003,Santo Antônio do Tauá,2014,8,1171,EMEF DE COCAL,ZONA RURAL,LOCALIDADE DE COCAL DO TAUÁ,-48.1649889,-1.3012942,-48.25765,-1.091491,25.53,localidade,media,"localidade COCAL DO TAUA (101 enderecos, raio 0.2 km)",fora do municipio (11.7 km alem da divisa)
1507003,Santo Antônio do Tauá,2016,8,1171,EMEF DE COCAL,ZONA RURAL,LOCALIDADE DE COCAL DO TAUÁ,-48.1649889,-1.3012942,-48.25765,-1.091491,25.53,localidade,media,"localidade COCAL DO TAUA (101 enderecos, raio 0.2 km)",fora do municipio (11.7 km alem da divisa)
1507003,Santo Antônio do Tauá,2018,36,1171,EMEF DE COCAL,ZONA RURAL,LOCALIDADE DE COCAL DO TAUÁ,-48.1649889,-1.3012942,-48.25765,-1.091491,25.53,localidade,media,"localidade COCAL DO TAUA (101 enderecos, raio 0.2 km)",fora do municipio (11.7 km alem da divisa)
1507003,Santo Antônio do Tauá,2020,36,1171,EMEF DE COCAL,ZONA RURAL,LOCALIDADE DE COCAL DO TAUÁ,-48.1649889,-1.3012942,-48.25765,-1.091491,25.53,localidade,media,"localidade COCAL DO TAUA (101 enderecos, raio 0.2 km)",fora do municipio (11.7 km alem da divisa)
1507003,Santo Antônio do Tauá,2022,36,1171,EMEF DE COCAL,ZONA RURAL,LOCALIDADE DE COCAL DO TAUÁ,-48.1649889,-1.3012942,-48.25765,-1.091491,25.53,localidade,media,"localidade COCAL DO TAUA (101 enderecos, raio 0.2 km)",fora do municipio (11.7 km alem da divisa)
1507003,Santo Antônio do Tauá,2024,36,1171,EMEF ANTONIO PINTO,ZONA RURAL,LOCALIDADE DE COCAL DO TAUÁ,-48.1649889,-1.3012942,-48.25765,-1.091491,25.53,localidade,media,"localidade COCAL DO TAUA (101 enderecos, raio 0.2 km)",fora do municipio (11.7 km alem da divisa)
1507003,Santo Antônio do Tauá,2006,8,1180,EMEF SÃO LÁZARO,ZONA RURAL,LOCALIDADE DE FREJO,-48.1652013,-1.3012239,,,,nao corrigido,,sem correspondencia no CNEFE,fora do municipio (11.7 km alem da divisa)
1507003,Santo Antônio do Tauá,2008,8,1180,EMEF SÃO LÁZARO,ZONA RURAL,LOCALIDADE DE FREJO,-48.1652013,-1.3012239,,,,nao corrigido,,sem correspondencia no CNEFE,fora do municipio (11.7 km alem da divisa)
1507003,Santo Antônio do Tauá,2010,8,1180,EMEF SÃO LÁZARO,ZONA RURAL,LOCALIDADE DE FREJO,-48.1652013,-1.3012239,,,,nao corrigido,,sem correspondencia no CNEFE,fora do municipio (11.7 km alem da divisa)
1507003,Santo Antônio do Tauá,2012,8,1180,EMEF SÃO LÁZARO,ZONA RURAL,LOCALIDADE DE FREJO,-48.1652013,-1.3012239,,,,nao corrigido,,sem correspondencia no CNEFE,fora do municipio (11.7 km alem da divisa)
1507003,Santo Antônio do Tauá,2014,8,1180,EMEF SÃO LÁZARO,ZONA RURAL,LOCALIDADE DE FREJO,-48.1652013,-1.3012239,,,,nao corrigido,,sem correspondencia no CNEFE,fora do municipio (11.7 km alem da divisa)
1507003,Santo Antônio do Tauá,2016,8,1180,EMEF SÃO LÁZARO,ZONA RURAL,LOCALIDADE DE FREJO,-48.1652013,-1.3012239,,,,nao corrigido,,sem correspondencia no CNEFE,fora do municipio (11.7 km alem da divisa)
1507003,Santo Antônio do Tauá,2018,36,1180,EMEF SÃO LÁZARO,ZONA RURAL,LOCALIDADE DE FREJO,-48.1652013,-1.3012239,,,,nao corrigido,,sem correspondencia no CNEFE,fora do municipio (11.7 km alem da divisa)
1507003,Santo Antônio do Tauá,2020,36,1180,EMEF SÃO LÁZARO,ZONA RURAL,LOCALIDADE DE FREJO,-48.1652013,-1.3012239,,,,nao corrigido,,sem correspondencia no CNEFE,fora do municipio (11.7 km alem da divisa)
1507003,Santo Antônio do Tauá,2022,36,1180,EMEF SÃO LÁZARO,ZONA RURAL,LOCALIDADE DE FREJO,-48.1652013,-1.3012239,,,,nao corrigido,,sem correspondencia no CNEFE,fora do municipio (11.7 km alem da divisa)
1507003,Santo Antônio do Tauá,2024,36,1180,EMEF SÃO LÁZARO,ZONA RURAL,LOCALIDADE DE FREJO,-48.1652013,-1.3012239,,,,nao corrigido,,sem correspondencia no CNEFE,fora do municipio (11.7 km alem da divisa)
1507003,Santo Antônio do Tauá,2006,8,1210,EMEF CORAÇÃO DE JESUS,ZONA RURAL,LOCALIDADE DE CORAÇÃO DE JESUS,-48.07935,-1.0298833,,,,nao corrigido,,"descartado: INEP: E M E F CORACAO DE JESUS [CORACAO DE JESUS, MEIO RURAL. 68786-000 Sant] cairia sobre outro local (< 50 m)",fora do municipio (3.8 km alem da divisa)
1507003,Santo Antônio do Tauá,2008,8,1210,EMEF CORAÇÃO DE JESUS,ZONA RURAL,LOCALIDADE DE CORAÇÃO DE JESUS,-48.07935,-1.0298833,,,,nao corrigido,,"descartado: INEP: E M E F CORACAO DE JESUS [CORACAO DE JESUS, MEIO RURAL. 68786-000 Sant] cairia sobre outro local (< 50 m)",fora do municipio (3.8 km alem da divisa)
1507003,Santo Antônio do Tauá,2010,8,1210,EMEF CORAÇÃO DE JESUS,ZONA RURAL,LOCALIDADE DE CORAÇÃO DE JESUS,-48.07935,-1.0298833,,,,nao corrigido,,"descartado: INEP: E M E F CORACAO DE JESUS [CORACAO DE JESUS, MEIO RURAL. 68786-000 Sant] cairia sobre outro local (< 50 m)",fora do municipio (3.8 km alem da divisa)
1507003,Santo Antônio do Tauá,2012,8,1210,EMEF CORAÇÃO DE JESUS,ZONA RURAL,LOCALIDADE DE CORAÇÃO DE JESUS,-48.07935,-1.0298833,,,,nao corrigido,,"descartado: INEP: E M E F CORACAO DE JESUS [CORACAO DE JESUS, MEIO RURAL. 68786-000 Sant] cairia sobre outro local (< 50 m)",fora do municipio (3.8 km alem da divisa)
1507003,Santo Antônio do Tauá,2014,8,1210,EMEF CORAÇÃO DE JESUS,ZONA RURAL,LOCALIDADE DE CORAÇÃO DE JESUS,-48.07935,-1.0298833,,,,nao corrigido,,"descartado: INEP: E M E F CORACAO DE JESUS [CORACAO DE JESUS, MEIO RURAL. 68786-000 Sant] cairia sobre outro local (< 50 m)",fora do municipio (3.8 km alem da divisa)
1507003,Santo Antônio do Tauá,2016,8,1210,EMEF CORAÇÃO DE JESUS,ZONA RURAL,LOCALIDADE DE CORAÇÃO DE JESUS,-48.07935,-1.0298833,,,,nao corrigido,,"descartado: INEP: E M E F CORACAO DE JESUS [CORACAO DE JESUS, MEIO RURAL. 68786-000 Sant] cairia sobre outro local (< 50 m)",fora do municipio (3.8 km alem da divisa)
1507003,Santo Antônio do Tauá,2018,36,1210,EMEF CORAÇÃO DE JESUS,ZONA RURAL,LOCALIDADE DE CORAÇÃO DE JESUS,-48.07935,-1.0298833,,,,nao corrigido,,"descartado: INEP: E M E F CORACAO DE JESUS [CORACAO DE JESUS, MEIO RURAL. 68786-000 Sant] cairia sobre outro local (< 50 m)",fora do municipio (3.8 km alem da divisa)
1507003,Santo Antônio do Tauá,2020,36,1210,EMEF CORAÇÃO DE JESUS,ZONA RURAL,LOCALIDADE DE CORAÇÃO DE JESUS,-48.07935,-1.0298833,,,,nao corrigido,,"descartado: INEP: E M E F CORACAO DE JESUS [CORACAO DE JESUS, MEIO RURAL. 68786-000 Sant] cairia sobre outro local (< 50 m)",fora do municipio (3.8 km alem da divisa)
1507003,Santo Antônio do Tauá,2022,36,1210,EMEF CORAÇÃO DE JESUS,ZONA RURAL,LOCALIDADE DE CORAÇÃO DE JESUS,-48.07935,-1.0298833,,,,nao corrigido,,"descartado: INEP: E M E F CORACAO DE JESUS [CORACAO DE JESUS, MEIO RURAL. 68786-000 Sant] cairia sobre outro local (< 50 m)",fora do municipio (3.8 km alem da divisa)
1507003,Santo Antônio do Tauá,2024,36,1210,EMEF CORAÇÃO DE JESUS,ZONA RURAL,LOCALIDADE DE CORAÇÃO DE JESUS,-48.07935,-1.0298833,,,,nao corrigido,,"descartado: INEP: E M E F CORACAO DE JESUS [CORACAO DE JESUS, MEIO RURAL. 68786-000 Sant] cairia sobre outro local (< 50 m)",fora do municipio (3.8 km alem da divisa)
1507003,Santo Antônio do Tauá,2006,8,1236,EMEF MAGALHÃES BARATA,ZONA RURAL,LOC. DE JOAO COELHO,-48.0431517,-1.0772183,,,,nao corrigido,,sem correspondencia no CNEFE,fora do municipio (2.3 km alem da divisa)
1507003,Santo Antônio do Tauá,2008,8,1236,EMEF MAGALHÃES BARATA,ZONA RURAL,LOC. DE JOAO COELHO,-48.0431517,-1.0772183,,,,nao corrigido,,sem correspondencia no CNEFE,fora do municipio (2.3 km alem da divisa)
1507003,Santo Antônio do Tauá,2010,8,1236,EMEF MAGALHÃES BARATA,ZONA RURAL,LOC. DE JOAO COELHO,-48.0431517,-1.0772183,,,,nao corrigido,,sem correspondencia no CNEFE,fora do municipio (2.3 km alem da divisa)
1507003,Santo Antônio do Tauá,2012,8,1236,EMEF MAGALHÃES BARATA,ZONA RURAL,LOC. DE JOAO COELHO,-48.0431517,-1.0772183,,,,nao corrigido,,sem correspondencia no CNEFE,fora do municipio (2.3 km alem da divisa)
1507003,Santo Antônio do Tauá,2014,8,1236,EMEF MAGALHÃES BARATA,ZONA RURAL,LOC. DE JOAO COELHO,-48.0431517,-1.0772183,,,,nao corrigido,,sem correspondencia no CNEFE,fora do municipio (2.3 km alem da divisa)
1507003,Santo Antônio do Tauá,2016,8,1236,EMEF MAGALHÃES BARATA,ZONA RURAL,LOC. DE JOAO COELHO,-48.0431517,-1.0772183,,,,nao corrigido,,sem correspondencia no CNEFE,fora do municipio (2.3 km alem da divisa)
1507003,Santo Antônio do Tauá,2018,36,1236,EMEF MAGALHÃES BARATA,ZONA RURAL,LOC. DE JOAO COELHO,-48.0431517,-1.0772183,,,,nao corrigido,,sem correspondencia no CNEFE,fora do municipio (2.3 km alem da divisa)
1507003,Santo Antônio do Tauá,2020,36,1236,EMEF MAGALHÃES BARATA,ZONA RURAL,LOC. DE JOAO COELHO,-48.0431517,-1.0772183,,,,nao corrigido,,sem correspondencia no CNEFE,fora do municipio (2.3 km alem da divisa)
1507003,Santo Antônio do Tauá,2022,36,1236,EMEF MAGALHÃES BARATA,ZONA RURAL,LOC. DE JOAO COELHO,-48.0431517,-1.0772183,,,,nao corrigido,,sem correspondencia no CNEFE,fora do municipio (2.3 km alem da divisa)
1507003,Santo Antônio do Tauá,2024,36,1236,EMEF MAGALHÃES BARATA,ZONA RURAL,LOC. DE JOAO COELHO,-48.0431517,-1.0772183,,,,nao corrigido,,sem correspondencia no CNEFE,fora do municipio (2.3 km alem da divisa)
1507003,Santo Antônio do Tauá,2016,8,1252,EMEF ALUÍSIO DA COSTA CHAVES,CENTRO,SANTO ANTONIO DO TAUÁ,-48.1337767,-1.1589737,-48.127491,-1.148221,1.39,localidade,media,"localidade SANTO ANTONIO DO TAUA (30 enderecos, raio 0.1 km)",movido por reposicionar_locais_fora_do_bairro.py
1507003,Santo Antônio do Tauá,2018,36,1252,EMEF ALUÍSIO DA COSTA CHAVES,CENTRO,SANTO ANTONIO DO TAUÁ,-48.1298107,-1.1581271,-48.127491,-1.148221,1.13,localidade,media,"localidade SANTO ANTONIO DO TAUA (30 enderecos, raio 0.1 km)",movido por reposicionar_locais_fora_do_bairro.py
1507003,Santo Antônio do Tauá,2020,36,1252,EMEF ALUÍSIO DA COSTA CHAVES,CENTRO,SANTO ANTONIO DO TAUÁ,-48.1298107,-1.1581271,-48.127491,-1.148221,1.13,localidade,media,"localidade SANTO ANTONIO DO TAUA (30 enderecos, raio 0.1 km)",movido por reposicionar_locais_fora_do_bairro.py
1507003,Santo Antônio do Tauá,2022,36,1252,EMEF ALUÍSIO DA COSTA CHAVES,CENTRO,SANTO ANTONIO DO TAUÁ,-48.1298107,-1.1581271,-48.127491,-1.148221,1.13,localidade,media,"localidade SANTO ANTONIO DO TAUA (30 enderecos, raio 0.1 km)",movido por reposicionar_locais_fora_do_bairro.py
1507003,Santo Antônio do Tauá,2024,36,1252,EMEF ALUÍSIO DA COSTA CHAVES,CENTRO,SANTO ANTONIO DO TAUÁ,-48.1298107,-1.1581271,-48.127491,-1.148221,1.13,localidade,media,"localidade SANTO ANTONIO DO TAUA (30 enderecos, raio 0.1 km)",movido por reposicionar_locais_fora_do_bairro.py
1507003,Santo Antônio do Tauá,2006,8,1260,EMEF SÃO RAIMUNDO,ZONA RURAL,LOCALIDADE FURO DO ARAUE,-48.164949,-1.301354,-48.2263796,-1.0783043,25.75,escola_inep,media,"INEP: E M E I F SAO RAIMUNDO [FURO DO ARAUE, MEIO RURAL. 68786-000 Santo A]",fora do municipio (11.7 km alem da divisa)
1507003,Santo Antônio do Tauá,2008,8,1260,EMEF SÃO RAIMUNDO,ZONA RURAL,LOCALIDADE FURO DO ARAUE,-48.164949,-1.301354,-48.2263796,-1.0783043,25.75,escola_inep,media,"INEP: E M E I F SAO RAIMUNDO [FURO DO ARAUE, MEIO RURAL. 68786-000 Santo A]",fora do municipio (11.7 km alem da divisa)
1507003,Santo Antônio do Tauá,2010,8,1260,EMEF SÃO RAIMUNDO,ZONA RURAL,LOCALIDADE FURO DO ARAUE,-48.164949,-1.301354,-48.2263796,-1.0783043,25.75,escola_inep,media,"INEP: E M E I F SAO RAIMUNDO [FURO DO ARAUE, MEIO RURAL. 68786-000 Santo A]",fora do municipio (11.7 km alem da divisa)
1507003,Santo Antônio do Tauá,2012,8,1260,EMEF SÃO RAIMUNDO,ZONA RURAL,LOCALIDADE FURO DO ARAUE,-48.164949,-1.301354,-48.2263796,-1.0783043,25.75,escola_inep,media,"INEP: E M E I F SAO RAIMUNDO [FURO DO ARAUE, MEIO RURAL. 68786-000 Santo A]",fora do municipio (11.7 km alem da divisa)
1507003,Santo Antônio do Tauá,2014,8,1260,EMEF SÃO RAIMUNDO,ZONA RURAL,LOCALIDADE FURO DO ARAUE,-48.164949,-1.301354,-48.2263796,-1.0783043,25.75,escola_inep,media,"INEP: E M E I F SAO RAIMUNDO [FURO DO ARAUE, MEIO RURAL. 68786-000 Santo A]",fora do municipio (11.7 km alem da divisa)
1507003,Santo Antônio do Tauá,2016,8,1260,EMEF SÃO RAIMUNDO,ZONA RURAL,LOCALIDADE FURO DO ARAUE,-48.164949,-1.301354,-48.2263796,-1.0783043,25.75,escola_inep,media,"INEP: E M E I F SAO RAIMUNDO [FURO DO ARAUE, MEIO RURAL. 68786-000 Santo A]",fora do municipio (11.7 km alem da divisa)
1507003,Santo Antônio do Tauá,2018,36,1260,EMEF SÃO RAIMUNDO,ZONA RURAL,LOCALIDADE FURO DO ARAUE,-48.164949,-1.301354,-48.2263796,-1.0783043,25.75,escola_inep,media,"INEP: E M E I F SAO RAIMUNDO [FURO DO ARAUE, MEIO RURAL. 68786-000 Santo A]",fora do municipio (11.7 km alem da divisa)
1507003,Santo Antônio do Tauá,2020,36,1260,EMEF SÃO RAIMUNDO,ZONA RURAL,LOCALIDADE FURO DO ARAUE,-48.164949,-1.301354,-48.2263796,-1.0783043,25.75,escola_inep,media,"INEP: E M E I F SAO RAIMUNDO [FURO DO ARAUE, MEIO RURAL. 68786-000 Santo A]",fora do municipio (11.7 km alem da divisa)
1507003,Santo Antônio do Tauá,2022,36,1260,EMEF SÃO RAIMUNDO,ZONA RURAL,LOCALIDADE FURO DO ARAUE,-48.164949,-1.301354,-48.2263796,-1.0783043,25.75,escola_inep,media,"INEP: E M E I F SAO RAIMUNDO [FURO DO ARAUE, MEIO RURAL. 68786-000 Santo A]",fora do municipio (11.7 km alem da divisa)
1507003,Santo Antônio do Tauá,2024,36,1260,EMEF SÃO RAIMUNDO,ZONA RURAL,LOCALIDADE FURO DO ARAUE,-48.164949,-1.301354,-48.2263796,-1.0783043,25.75,escola_inep,media,"INEP: E M E I F SAO RAIMUNDO [FURO DO ARAUE, MEIO RURAL. 68786-000 Santo A]",fora do municipio (11.7 km alem da divisa)
1507003,Santo Antônio do Tauá,2016,8,1287,EEEM CELSO RODRIGUES,CENTRO,RUA PAES DE CARVALHO,-48.1677306,-1.288539,-48.1371976,-1.1504408,15.74,escola_inep,alta,"INEP: EEEM CELSO RODRIGUES [RUA PAES DE CARVALHO, SN MORAESZAO. 68786-00]",fora do municipio (10.4 km alem da divisa)
1507003,Santo Antônio do Tauá,2018,36,1287,EEEM CELSO RODRIGUES,CENTRO,RUA PAES DE CARVALHO,-48.1581819,-1.2907435,-48.1371976,-1.1504408,15.79,escola_inep,alta,"INEP: EEEM CELSO RODRIGUES [RUA PAES DE CARVALHO, SN MORAESZAO. 68786-00]",fora do municipio (10.4 km alem da divisa)
1507003,Santo Antônio do Tauá,2020,36,1287,EEEM CELSO RODRIGUES,CENTRO,RUA PAES DE CARVALHO,-48.1581819,-1.2907435,-48.1371976,-1.1504408,15.79,escola_inep,alta,"INEP: EEEM CELSO RODRIGUES [RUA PAES DE CARVALHO, SN MORAESZAO. 68786-00]",fora do municipio (10.4 km alem da divisa)
1507003,Santo Antônio do Tauá,2022,36,1287,EEEM CELSO RODRIGUES,CENTRO,RUA PAES DE CARVALHO,-48.1581819,-1.2907435,-48.1371976,-1.1504408,15.79,escola_inep,alta,"INEP: EEEM CELSO RODRIGUES [RUA PAES DE CARVALHO, SN MORAESZAO. 68786-00]",fora do municipio (10.4 km alem da divisa)
1507003,Santo Antônio do Tauá,2024,36,1287,EEEM CELSO RODRIGUES,CENTRO,RUA PAES DE CARVALHO,-48.1581819,-1.2907435,-48.1371976,-1.1504408,15.79,escola_inep,alta,"INEP: EEEM CELSO RODRIGUES [RUA PAES DE CARVALHO, SN MORAESZAO. 68786-00]",fora do municipio (10.4 km alem da divisa)
1507003,Santo Antônio do Tauá,2016,8,1295,EMEF FRANCISCO SOLANO RAIOL PEREIRA,ZONA RURAL,LOCALIDADE DE ESPÍRITO SANTO DO TAUÁ,-48.164819,-1.3013897,-48.221116,-1.110917,22.11,estabelecimento,alta,ESCOLA FRANCISCO SOLANO RAIOL PEREIRA [VILA DO ESPIRITO SANTO DO TAUA],fora do municipio (11.7 km alem da divisa)
1507003,Santo Antônio do Tauá,2024,36,1317,EMEI SÃO JOSÉ,ZONA RURAL,LOCALIDADE SÃO JOSÉ,-48.1651595,-1.3011048,-48.254608,-1.089428,25.58,estabelecimento,alta,SEDE DO SAO JOSE [SAO JOSE],fora do municipio (11.7 km alem da divisa)
1507003,Santo Antônio do Tauá,2024,36,1325,EMEF GABRIEL HERMES,ZONA RURAL,COMUNIDADE DA SÉTIMA TRAVESSA,-48.1649175,-1.3012864,-48.0913042,-1.097387,24.13,escola_inep,media,"INEP: E M E F GABRIEL HERMES [7ª TRAVESSA, LOCALIDADE. MEIO RURAL. 68786-0]",fora do municipio (11.7 km alem da divisa)
3170008,Ubaí,2006,50,1023,ESCOLA MUNICIPAL MARCIA MARILIA,CENTRO,"RUA D. ISABEL, S/N",-44.7786252,-16.2906419,-44.781128,-16.287147,0.47,estabelecimento,alta,ESCOL MUNICIPAL MARCIA MARILIA [CENTRO],movido por reposicionar_locais_fora_do_bairro.py
3170008,Ubaí,2008,50,1023,ESCOLA MUNICIPAL MARCIA MARILIA,CENTRO,"RUA D. ISABEL, S/N",-44.7786252,-16.2906419,-44.781128,-16.287147,0.47,estabelecimento,alta,ESCOL MUNICIPAL MARCIA MARILIA [CENTRO],movido por reposicionar_locais_fora_do_bairro.py
3170008,Ubaí,2010,50,1023,ESCOLA MUNICIPAL MARCIA MARILIA,CENTRO,"RUA D. ISABEL, S/N",-44.7786252,-16.2906419,-44.781128,-16.287147,0.47,estabelecimento,alta,ESCOL MUNICIPAL MARCIA MARILIA [CENTRO],movido por reposicionar_locais_fora_do_bairro.py
3170008,Ubaí,2012,50,1023,ESCOLA MUNICIPAL MARCIA MARILIA,CENTRO,"RUA D. ISABEL, S/N",-44.7786252,-16.2906419,-44.781128,-16.287147,0.47,estabelecimento,alta,ESCOL MUNICIPAL MARCIA MARILIA [CENTRO],movido por reposicionar_locais_fora_do_bairro.py
3170008,Ubaí,2014,50,1023,ESCOLA MUNICIPAL MARCIA MARILIA,CENTRO,"RUA D. ISABEL, S/N",-44.7786252,-16.2906419,-44.781128,-16.287147,0.47,estabelecimento,alta,ESCOL MUNICIPAL MARCIA MARILIA [CENTRO],movido por reposicionar_locais_fora_do_bairro.py
3170008,Ubaí,2016,50,1023,ESCOLA MUNICIPAL MARCIA MARILIA,CENTRO,"RUA D. ISABEL, S/N",-44.7786252,-16.2906419,-44.781128,-16.287147,0.47,estabelecimento,alta,ESCOL MUNICIPAL MARCIA MARILIA [CENTRO],movido por reposicionar_locais_fora_do_bairro.py
3170008,Ubaí,2018,50,1023,ESCOLA MUNICIPAL MARCIA MARILIA,CENTRO,"RUA D. ISABEL, S/N",-44.7786252,-16.2906419,-44.781128,-16.287147,0.47,estabelecimento,alta,ESCOL MUNICIPAL MARCIA MARILIA [CENTRO],movido por reposicionar_locais_fora_do_bairro.py
3170008,Ubaí,2020,50,1023,ESCOLA MUNICIPAL MARCIA MARILIA,CENTRO,"RUA D. ISABEL, S/N",-44.7786252,-16.2906419,-44.781128,-16.287147,0.47,estabelecimento,alta,ESCOL MUNICIPAL MARCIA MARILIA [CENTRO],movido por reposicionar_locais_fora_do_bairro.py
3170008,Ubaí,2022,50,1023,ESCOLA MUNICIPAL MARCIA MARILIA,CENTRO,"RUA D. ISABEL, S/N",-44.7786252,-16.2906419,-44.781128,-16.287147,0.47,estabelecimento,alta,ESCOL MUNICIPAL MARCIA MARILIA [CENTRO],movido por reposicionar_locais_fora_do_bairro.py
3170008,Ubaí,2024,50,1023,ESCOLA MUNICIPAL MARCIA MARILIA,CENTRO,"RUA D.  ISABEL, S/N",-44.7786252,-16.2906419,-44.781128,-16.287147,0.47,estabelecimento,alta,ESCOL MUNICIPAL MARCIA MARILIA [CENTRO],movido por reposicionar_locais_fora_do_bairro.py
3170008,Ubaí,2006,50,1074,ESCOLA MUNICIPAL MARIO DE ANDRADE,ZONA RURAL,FAZENDA REGIAO DO AREIAO/PILOES,-42.9413096,-21.1208656,,,,nao corrigido,,sem correspondencia no CNEFE,fora do municipio (551.1 km alem da divisa)
3170008,Ubaí,2008,50,1074,ESCOLA MUNICIPAL MARIO DE ANDRADE,ZONA RURAL,FAZENDA REGIAO DO AREIAO/PILOES,-42.9413096,-21.1208656,,,,nao corrigido,,sem correspondencia no CNEFE,fora do municipio (551.1 km alem da divisa)
3170008,Ubaí,2010,50,1074,ESCOLA MUNICIPAL MARIO DE ANDRADE,ZONA RURAL,FAZENDA REGIAO DO AREIAO/PILOES,-42.9413096,-21.1208656,,,,nao corrigido,,sem correspondencia no CNEFE,fora do municipio (551.1 km alem da divisa)
3170008,Ubaí,2012,50,1074,ESCOLA MUNICIPAL MARIO DE ANDRADE,ZONA RURAL,FAZENDA REGIAO DO AREIAO/PILOES,-42.9413096,-21.1208656,,,,nao corrigido,,sem correspondencia no CNEFE,fora do municipio (551.1 km alem da divisa)
3170008,Ubaí,2014,50,1074,ESCOLA MUNICIPAL MARIO DE ANDRADE,ZONA RURAL,FAZENDA REGIAO DO AREIAO/PILOES,-42.9413096,-21.1208656,,,,nao corrigido,,sem correspondencia no CNEFE,fora do municipio (551.1 km alem da divisa)
3170008,Ubaí,2016,50,1074,ESCOLA MUNICIPAL MARIO DE ANDRADE,ZONA RURAL,FAZENDA REGIAO DO AREIAO/PILOES,-42.9413096,-21.1208656,,,,nao corrigido,,sem correspondencia no CNEFE,fora do municipio (551.1 km alem da divisa)
3170008,Ubaí,2018,50,1074,ESCOLA MUNICIPAL MARIO DE ANDRADE,ZONA RURAL,FAZENDA REGIAO DO AREIAO/PILOES,-42.9413096,-21.1208656,,,,nao corrigido,,sem correspondencia no CNEFE,fora do municipio (551.1 km alem da divisa)
3170008,Ubaí,2020,50,1074,ESCOLA MUNICIPAL MARIO DE ANDRADE,ZONA RURAL,FAZENDA REGIAO DO AREIAO/PILOES,-42.9413096,-21.1208656,,,,nao corrigido,,sem correspondencia no CNEFE,fora do municipio (551.1 km alem da divisa)
3170008,Ubaí,2022,50,1074,ESCOLA MUNICIPAL MARIO DE ANDRADE,ZONA RURAL,FAZENDA REGIAO DO AREIAO/PILOES,-42.9413096,-21.1208656,,,,nao corrigido,,sem correspondencia no CNEFE,fora do municipio (551.1 km alem da divisa)
3170008,Ubaí,2024,50,1074,ESCOLA MUNICIPAL MARIO DE ANDRADE,ZONA RURAL,FAZENDA REGIAO DO AREIAO/PILOES,-42.9413096,-21.1208656,,,,nao corrigido,,sem correspondencia no CNEFE,fora do municipio (551.1 km alem da divisa)
3170008,Ubaí,2006,50,1090,ESCOLA MUNICIPAL GUERRA JUNQUEIRA,ZONA RURAL,FAZENDA TABULEIRO DO MEIO,-42.9413096,-21.1208656,,,,nao corrigido,,sem correspondencia no CNEFE,fora do municipio (551.1 km alem da divisa)
3170008,Ubaí,2008,50,1090,ESCOLA MUNICIPAL GUERRA JUNQUEIRA,ZONA RURAL,FAZENDA TABULEIRO DO MEIO,-42.9413096,-21.1208656,,,,nao corrigido,,sem correspondencia no CNEFE,fora do municipio (551.1 km alem da divisa)
3170008,Ubaí,2010,50,1090,ESCOLA MUNICIPAL GUERRA JUNQUEIRA,ZONA RURAL,FAZENDA TABULEIRO DO MEIO,-42.9413096,-21.1208656,,,,nao corrigido,,sem correspondencia no CNEFE,fora do municipio (551.1 km alem da divisa)
3170008,Ubaí,2012,50,1090,ESCOLA MUNICIPAL GUERRA JUNQUEIRA,ZONA RURAL,FAZENDA TABULEIRO DO MEIO,-42.9413096,-21.1208656,,,,nao corrigido,,sem correspondencia no CNEFE,fora do municipio (551.1 km alem da divisa)
3170008,Ubaí,2014,50,1090,ESCOLA MUNICIPAL GUERRA JUNQUEIRA,ZONA RURAL,FAZENDA TABULEIRO DO MEIO,-42.9413096,-21.1208656,,,,nao corrigido,,sem correspondencia no CNEFE,fora do municipio (551.1 km alem da divisa)
3170008,Ubaí,2016,50,1090,ESCOLA MUNICIPAL GUERRA JUNQUEIRA,ZONA RURAL,FAZENDA TABULEIRO DO MEIO,-42.9413096,-21.1208656,,,,nao corrigido,,sem correspondencia no CNEFE,fora do municipio (551.1 km alem da divisa)
3170008,Ubaí,2018,50,1090,ESCOLA MUNICIPAL GUERRA JUNQUEIRA,ZONA RURAL,FAZENDA TABULEIRO DO MEIO,-42.9413096,-21.1208656,,,,nao corrigido,,sem correspondencia no CNEFE,fora do municipio (551.1 km alem da divisa)
3170008,Ubaí,2020,50,1090,ESCOLA MUNICIPAL GUERRA JUNQUEIRA,ZONA RURAL,FAZENDA TABULEIRO DO MEIO,-42.9413096,-21.1208656,,,,nao corrigido,,sem correspondencia no CNEFE,fora do municipio (551.1 km alem da divisa)
3170008,Ubaí,2022,50,1090,ESCOLA MUNICIPAL GUERRA JUNQUEIRA,ZONA RURAL,FAZENDA TABULEIRO DO MEIO,-42.9413096,-21.1208656,,,,nao corrigido,,sem correspondencia no CNEFE,fora do municipio (551.1 km alem da divisa)
3170008,Ubaí,2024,50,1090,ESCOLA MUNICIPAL  GUERRA JUNQUEIRA,ZONA RURAL,FAZENDA MALHADA ALTA,-42.9413096,-21.1208656,,,,nao corrigido,,sem correspondencia no CNEFE,fora do municipio (551.1 km alem da divisa)
3170008,Ubaí,2006,50,1112,ESCOLA ESTADUAL GUSTAVO FREIRE,DISTRITO DE BENTOPOLIS,RUA PRINCIPAL,-44.4809668,-16.078773,-45.014148,-16.380885,66.17,estabelecimento,alta,ESCOLA ESTADUAL GUSTAVO FREIRE [BENTOPOLIS] | distrito Bentópolis de Minas,fora do municipio (24.8 km alem da divisa)
3170008,Ubaí,2008,50,1112,ESCOLA ESTADUAL GUSTAVO FREIRE,DISTRITO DE BENTOPOLIS,RUA PRINCIPAL,-44.4809668,-16.078773,-45.014148,-16.380885,66.17,estabelecimento,alta,ESCOLA ESTADUAL GUSTAVO FREIRE [BENTOPOLIS] | distrito Bentópolis de Minas,fora do municipio (24.8 km alem da divisa)
3170008,Ubaí,2010,50,1112,ESCOLA ESTADUAL GUSTAVO FREIRE,DISTRITO DE BENTOPOLIS,RUA PRINCIPAL,-44.4809668,-16.078773,-45.014148,-16.380885,66.17,estabelecimento,alta,ESCOLA ESTADUAL GUSTAVO FREIRE [BENTOPOLIS] | distrito Bentópolis de Minas,fora do municipio (24.8 km alem da divisa)
3170008,Ubaí,2012,50,1112,ESCOLA ESTADUAL GUSTAVO FREIRE,DISTRITO DE BENTOPOLIS,RUA PRINCIPAL,-44.4809668,-16.078773,-45.014148,-16.380885,66.17,estabelecimento,alta,ESCOLA ESTADUAL GUSTAVO FREIRE [BENTOPOLIS] | distrito Bentópolis de Minas,fora do municipio (24.8 km alem da divisa)
3170008,Ubaí,2014,50,1112,ESCOLA ESTADUAL GUSTAVO FREIRE,DISTRITO DE BENTOPOLIS,RUA PRINCIPAL,-44.4809668,-16.078773,-45.014148,-16.380885,66.17,estabelecimento,alta,ESCOLA ESTADUAL GUSTAVO FREIRE [BENTOPOLIS] | distrito Bentópolis de Minas,fora do municipio (24.8 km alem da divisa)
3170008,Ubaí,2016,50,1112,ESCOLA ESTADUAL GUSTAVO FREIRE,DISTRITO DE BENTOPOLIS,RUA PRINCIPAL,-44.4809668,-16.078773,-45.014148,-16.380885,66.17,estabelecimento,alta,ESCOLA ESTADUAL GUSTAVO FREIRE [BENTOPOLIS] | distrito Bentópolis de Minas,fora do municipio (24.8 km alem da divisa)
3170008,Ubaí,2018,50,1112,ESCOLA ESTADUAL GUSTAVO FREIRE,DISTRITO DE BENTOPOLIS,RUA PRINCIPAL,-44.4809668,-16.078773,-45.014148,-16.380885,66.17,estabelecimento,alta,ESCOLA ESTADUAL GUSTAVO FREIRE [BENTOPOLIS] | distrito Bentópolis de Minas,fora do municipio (24.8 km alem da divisa)
3170008,Ubaí,2020,50,1112,ESCOLA ESTADUAL GUSTAVO FREIRE,DISTRITO DE BENTOPOLIS,RUA PRINCIPAL,-44.4809668,-16.078773,-45.014148,-16.380885,66.17,estabelecimento,alta,ESCOLA ESTADUAL GUSTAVO FREIRE [BENTOPOLIS] | distrito Bentópolis de Minas,fora do municipio (24.8 km alem da divisa)
3170008,Ubaí,2022,50,1112,ESCOLA ESTADUAL GUSTAVO FREIRE,DISTRITO DE BENTOPOLIS,RUA PRINCIPAL,-44.4809668,-16.078773,-45.014148,-16.380885,66.17,estabelecimento,alta,ESCOLA ESTADUAL GUSTAVO FREIRE [BENTOPOLIS] | distrito Bentópolis de Minas,fora do municipio (24.8 km alem da divisa)
3170008,Ubaí,2024,50,1112,ESCOLA ESTADUAL  GUSTAVO FREIRE,DISTRITO DE BENTOPOLIS,RUA PRINCIPAL,-44.4809668,-16.078773,-45.014148,-16.380885,66.17,estabelecimento,alta,ESCOLA ESTADUAL GUSTAVO FREIRE [BENTOPOLIS] | distrito Bentópolis de Minas,fora do municipio (24.8 km alem da divisa)
3170008,Ubaí,2006,50,1155,ESCOLA ESTADUAL POVOADO DE SAO JUDAS,ZONA RURAL,FAZENDA FELICIANO,-42.9413096,-21.1208656,-44.853649,-16.46023,556.59,localidade,media,"localidade FELICIANO (51 enderecos, raio 1.5 km)",fora do municipio (551.1 km alem da divisa)
3170008,Ubaí,2008,50,1155,ESCOLA ESTADUAL POVOADO DE SAO JUDAS,ZONA RURAL,FAZENDA FELICIANO,-42.9413096,-21.1208656,-44.853649,-16.46023,556.59,localidade,media,"localidade FELICIANO (51 enderecos, raio 1.5 km)",fora do municipio (551.1 km alem da divisa)
3170008,Ubaí,2010,50,1155,ESCOLA ESTADUAL POVOADO DE SAO JUDAS,ZONA RURAL,FAZENDA FELICIANO,-42.9413096,-21.1208656,-44.853649,-16.46023,556.59,localidade,media,"localidade FELICIANO (51 enderecos, raio 1.5 km)",fora do municipio (551.1 km alem da divisa)
3170008,Ubaí,2012,50,1155,ESCOLA ESTADUAL POVOADO DE SAO JUDAS,ZONA RURAL,FAZENDA FELICIANO,-42.9413096,-21.1208656,-44.853649,-16.46023,556.59,localidade,media,"localidade FELICIANO (51 enderecos, raio 1.5 km)",fora do municipio (551.1 km alem da divisa)
3170008,Ubaí,2014,50,1155,ESCOLA ESTADUAL POVOADO DE SAO JUDAS,ZONA RURAL,FAZENDA FELICIANO,-42.9413096,-21.1208656,-44.853649,-16.46023,556.59,localidade,media,"localidade FELICIANO (51 enderecos, raio 1.5 km)",fora do municipio (551.1 km alem da divisa)
3170008,Ubaí,2016,50,1155,ESCOLA ESTADUAL POVOADO DE SAO JUDAS,ZONA RURAL,FAZENDA FELICIANO,-42.9413096,-21.1208656,-44.853649,-16.46023,556.59,localidade,media,"localidade FELICIANO (51 enderecos, raio 1.5 km)",fora do municipio (551.1 km alem da divisa)
3170008,Ubaí,2018,50,1155,ESCOLA ESTADUAL POVOADO DE SAO JUDAS,ZONA RURAL,FAZENDA FELICIANO,-42.9413096,-21.1208656,-44.853649,-16.46023,556.59,localidade,media,"localidade FELICIANO (51 enderecos, raio 1.5 km)",fora do municipio (551.1 km alem da divisa)
3170008,Ubaí,2020,50,1155,ESCOLA ESTADUAL POVOADO DE SAO JUDAS,ZONA RURAL,FAZENDA FELICIANO,-42.9413096,-21.1208656,-44.853649,-16.46023,556.59,localidade,media,"localidade FELICIANO (51 enderecos, raio 1.5 km)",fora do municipio (551.1 km alem da divisa)
3170008,Ubaí,2022,50,1155,ESCOLA ESTADUAL POVOADO DE SAO JUDAS,ZONA RURAL,FAZENDA FELICIANO,-42.9413096,-21.1208656,-44.853649,-16.46023,556.59,localidade,media,"localidade FELICIANO (51 enderecos, raio 1.5 km)",fora do municipio (551.1 km alem da divisa)
3170008,Ubaí,2024,50,1155,ESCOLA ESTADUAL POVOADO DE SAO JUDAS,ZONA RURAL,FAZENDA FELICIANO                      ,-42.9413096,-21.1208656,-44.853649,-16.46023,556.59,localidade,media,"localidade FELICIANO (51 enderecos, raio 1.5 km)",fora do municipio (551.1 km alem da divisa)
3170008,Ubaí,2006,50,1198,ESCOLA MUNICIPAL PADRE JOSE DE ANCHIETA,ZONA RURAL,FAZENDA BARREIRO,-42.9413096,-21.1208656,-44.886619,-16.299033,574.62,estabelecimento,alta,ESCOLA MUNICIPAL PADRE JOSE DE ANCHIETA [BARREIRO],fora do municipio (551.1 km alem da divisa)
3170008,Ubaí,2008,50,1198,ESCOLA MUNICIPAL PADRE JOSE DE ANCHIETA,ZONA RURAL,FAZENDA BARREIRO,-42.9413096,-21.1208656,-44.886619,-16.299033,574.62,estabelecimento,alta,ESCOLA MUNICIPAL PADRE JOSE DE ANCHIETA [BARREIRO],fora do municipio (551.1 km alem da divisa)
3170008,Ubaí,2010,50,1198,ESCOLA MUNICIPAL PADRE JOSE DE ANCHIETA,ZONA RURAL,FAZENDA BARREIRO,-42.9413096,-21.1208656,-44.886619,-16.299033,574.62,estabelecimento,alta,ESCOLA MUNICIPAL PADRE JOSE DE ANCHIETA [BARREIRO],fora do municipio (551.1 km alem da divisa)
3170008,Ubaí,2012,50,1198,ESCOLA MUNICIPAL PADRE JOSE DE ANCHIETA,ZONA RURAL,FAZENDA BARREIRO,-42.9413096,-21.1208656,-44.886619,-16.299033,574.62,estabelecimento,alta,ESCOLA MUNICIPAL PADRE JOSE DE ANCHIETA [BARREIRO],fora do municipio (551.1 km alem da divisa)
3170008,Ubaí,2014,50,1198,ESCOLA MUNICIPAL PADRE JOSE DE ANCHIETA,ZONA RURAL,FAZENDA BARREIRO,-42.9413096,-21.1208656,-44.886619,-16.299033,574.62,estabelecimento,alta,ESCOLA MUNICIPAL PADRE JOSE DE ANCHIETA [BARREIRO],fora do municipio (551.1 km alem da divisa)
3170008,Ubaí,2016,50,1198,ESCOLA MUNICIPAL PADRE JOSE DE ANCHIETA,ZONA RURAL,FAZENDA BARREIRO,-42.9413096,-21.1208656,-44.886619,-16.299033,574.62,estabelecimento,alta,ESCOLA MUNICIPAL PADRE JOSE DE ANCHIETA [BARREIRO],fora do municipio (551.1 km alem da divisa)
3170008,Ubaí,2018,50,1198,ESCOLA MUNICIPAL PADRE JOSE DE ANCHIETA,ZONA RURAL,FAZENDA BARREIRO,-42.9413096,-21.1208656,-44.886619,-16.299033,574.62,estabelecimento,alta,ESCOLA MUNICIPAL PADRE JOSE DE ANCHIETA [BARREIRO],fora do municipio (551.1 km alem da divisa)
3170008,Ubaí,2020,50,1198,ESCOLA MUNICIPAL PADRE JOSE DE ANCHIETA,ZONA RURAL,FAZENDA BARREIRO,-42.9413096,-21.1208656,-44.886619,-16.299033,574.62,estabelecimento,alta,ESCOLA MUNICIPAL PADRE JOSE DE ANCHIETA [BARREIRO],fora do municipio (551.1 km alem da divisa)
3170008,Ubaí,2022,50,1198,ESCOLA MUNICIPAL PADRE JOSE DE ANCHIETA,ZONA RURAL,FAZENDA BARREIRO,-42.9413096,-21.1208656,-44.886619,-16.299033,574.62,estabelecimento,alta,ESCOLA MUNICIPAL PADRE JOSE DE ANCHIETA [BARREIRO],fora do municipio (551.1 km alem da divisa)
3170008,Ubaí,2024,50,1198,ESCOLA MUNICIPAL PADRE JOSE DE ANCHIETA,ZONA RURAL,FAZENDA BARREIRO                          ,-42.9413096,-21.1208656,-44.886619,-16.299033,574.62,estabelecimento,alta,ESCOLA MUNICIPAL PADRE JOSE DE ANCHIETA [BARREIRO],fora do municipio (551.1 km alem da divisa)
3170008,Ubaí,2006,50,1201,ESCOLA MUNICIPAL ELAINE GUIMARAES,ZONA RURAL,FAZENDA RIACHO GRANDE,-42.9413096,-21.1208656,,,,nao corrigido,,sem correspondencia no CNEFE,fora do municipio (551.1 km alem da divisa)
3170008,Ubaí,2008,50,1201,ESCOLA MUNICIPAL ELAINE GUIMARAES,ZONA RURAL,FAZENDA RIACHO GRANDE,-42.9413096,-21.1208656,,,,nao corrigido,,sem correspondencia no CNEFE,fora do municipio (551.1 km alem da divisa)
3170008,Ubaí,2010,50,1201,ESCOLA MUNICIPAL ELAINE GUIMARAES,ZONA RURAL,FAZENDA RIACHO GRANDE,-42.9413096,-21.1208656,,,,nao corrigido,,sem correspondencia no CNEFE,fora do municipio (551.1 km alem da divisa)
3170008,Ubaí,2012,50,1201,ESCOLA MUNICIPAL ELAINE GUIMARAES,ZONA RURAL,FAZENDA RIACHO GRANDE,-42.9413096,-21.1208656,,,,nao corrigido,,sem correspondencia no CNEFE,fora do municipio (551.1 km alem da divisa)
3170008,Ubaí,2014,50,1201,ESCOLA MUNICIPAL ELAINE GUIMARAES,ZONA RURAL,FAZENDA RIACHO GRANDE,-42.9413096,-21.1208656,,,,nao corrigido,,sem correspondencia no CNEFE,fora do municipio (551.1 km alem da divisa)
3170008,Ubaí,2016,50,1201,ESCOLA MUNICIPAL ELAINE GUIMARAES,ZONA RURAL,FAZENDA RIACHO GRANDE,-42.9413096,-21.1208656,,,,nao corrigido,,sem correspondencia no CNEFE,fora do municipio (551.1 km alem da divisa)
3170008,Ubaí,2018,50,1201,ESCOLA MUNICIPAL ELAINE GUIMARAES,ZONA RURAL,FAZENDA RIACHO GRANDE,-42.9413096,-21.1208656,,,,nao corrigido,,sem correspondencia no CNEFE,fora do municipio (551.1 km alem da divisa)
3170008,Ubaí,2020,50,1201,ESCOLA MUNICIPAL ELAINE GUIMARAES,ZONA RURAL,FAZENDA RIACHO GRANDE,-42.9413096,-21.1208656,,,,nao corrigido,,sem correspondencia no CNEFE,fora do municipio (551.1 km alem da divisa)
3170008,Ubaí,2022,50,1201,ESCOLA MUNICIPAL ELAINE GUIMARAES,ZONA RURAL,FAZENDA RIACHO GRANDE,-42.9413096,-21.1208656,,,,nao corrigido,,sem correspondencia no CNEFE,fora do municipio (551.1 km alem da divisa)
3170008,Ubaí,2024,50,1201,ESCOLA MUNICIPAL ELAINE GUIMARAES,ZONA RURAL,FAZENDA RIACHO GRANDE                       ,-42.9413096,-21.1208656,,,,nao corrigido,,sem correspondencia no CNEFE,fora do municipio (551.1 km alem da divisa)
3170008,Ubaí,2006,50,1210,ESCOLA MUNICIPAL MONTEIRO LOBATO,ZONA RURAL,FAZENDA BREJINHO,-44.428008,-16.2143789,-44.921291,-16.32434,54.12,estabelecimento,alta,ESCOLA M MONTEIRO LOBATO [BREJINHO],fora do municipio (25.9 km alem da divisa)
3170008,Ubaí,2008,50,1210,ESCOLA MUNICIPAL MONTEIRO LOBATO,ZONA RURAL,FAZENDA BREJINHO,-44.428008,-16.2143789,-44.921291,-16.32434,54.12,estabelecimento,alta,ESCOLA M MONTEIRO LOBATO [BREJINHO],fora do municipio (25.9 km alem da divisa)
3170008,Ubaí,2010,50,1210,ESCOLA MUNICIPAL MONTEIRO LOBATO,ZONA RURAL,FAZENDA BREJINHO,-44.428008,-16.2143789,-44.921291,-16.32434,54.12,estabelecimento,alta,ESCOLA M MONTEIRO LOBATO [BREJINHO],fora do municipio (25.9 km alem da divisa)
3170008,Ubaí,2012,50,1210,ESCOLA MUNICIPAL MONTEIRO LOBATO,ZONA RURAL,FAZENDA BREJINHO,-44.428008,-16.2143789,-44.921291,-16.32434,54.12,estabelecimento,alta,ESCOLA M MONTEIRO LOBATO [BREJINHO],fora do municipio (25.9 km alem da divisa)
3170008,Ubaí,2014,50,1210,ESCOLA MUNICIPAL MONTEIRO LOBATO,ZONA RURAL,FAZENDA BREJINHO,-44.428008,-16.2143789,-44.921291,-16.32434,54.12,estabelecimento,alta,ESCOLA M MONTEIRO LOBATO [BREJINHO],fora do municipio (25.9 km alem da divisa)
3170008,Ubaí,2016,50,1210,ESCOLA MUNICIPAL MONTEIRO LOBATO,ZONA RURAL,FAZENDA BREJINHO,-44.428008,-16.2143789,-44.921291,-16.32434,54.12,estabelecimento,alta,ESCOLA M MONTEIRO LOBATO [BREJINHO],fora do municipio (25.9 km alem da divisa)
3170008,Ubaí,2018,50,1210,ESCOLA MUNICIPAL MONTEIRO LOBATO,ZONA RURAL,FAZENDA BREJINHO,-44.428008,-16.2143789,-44.921291,-16.32434,54.12,estabelecimento,alta,ESCOLA M MONTEIRO LOBATO [BREJINHO],fora do municipio (25.9 km alem da divisa)
3170008,Ubaí,2020,50,1210,ESCOLA MUNICIPAL MONTEIRO LOBATO,ZONA RURAL,FAZENDA BREJINHO,-44.428008,-16.2143789,-44.921291,-16.32434,54.12,estabelecimento,alta,ESCOLA M MONTEIRO LOBATO [BREJINHO],fora do municipio (25.9 km alem da divisa)
3170008,Ubaí,2022,50,1210,ESCOLA MUNICIPAL MONTEIRO LOBATO,ZONA RURAL,FAZENDA BREJINHO,-44.428008,-16.2143789,-44.921291,-16.32434,54.12,estabelecimento,alta,ESCOLA M MONTEIRO LOBATO [BREJINHO],fora do municipio (25.9 km alem da divisa)
3170008,Ubaí,2024,50,1210,ESCOLA MUNICIPAL MONTEIRO LOBATO,ZONA RURAL,FAZENDA BREJINHO                               ,-44.428008,-16.2143789,-44.921291,-16.32434,54.12,estabelecimento,alta,ESCOLA M MONTEIRO LOBATO [BREJINHO],fora do municipio (25.9 km alem da divisa)
3170008,Ubaí,2006,50,1236,ESCOLA MUNICIPAL JOSE LINS DO REGO,ZONA RURAL,FAZENDA ENGENHO,-42.9413096,-21.1208656,-44.854825,-16.40052,562.85,estabelecimento,alta,E M JOSE LINS DO REGO [ENGENHO],fora do municipio (551.1 km alem da divisa)
3170008,Ubaí,2008,50,1236,ESCOLA MUNICIPAL JOSE LINS DO REGO,ZONA RURAL,FAZENDA ENGENHO,-42.9413096,-21.1208656,-44.854825,-16.40052,562.85,estabelecimento,alta,E M JOSE LINS DO REGO [ENGENHO],fora do municipio (551.1 km alem da divisa)
3170008,Ubaí,2010,50,1236,ESCOLA MUNICIPAL JOSE LINS DO REGO,ZONA RURAL,FAZENDA ENGENHO,-42.9413096,-21.1208656,-44.854825,-16.40052,562.85,estabelecimento,alta,E M JOSE LINS DO REGO [ENGENHO],fora do municipio (551.1 km alem da divisa)
3170008,Ubaí,2012,50,1236,ESCOLA MUNICIPAL JOSE LINS DO REGO,ZONA RURAL,FAZENDA ENGENHO,-42.9413096,-21.1208656,-44.854825,-16.40052,562.85,estabelecimento,alta,E M JOSE LINS DO REGO [ENGENHO],fora do municipio (551.1 km alem da divisa)
3170008,Ubaí,2014,50,1236,ESCOLA MUNICIPAL JOSE LINS DO REGO,ZONA RURAL,FAZENDA ENGENHO,-42.9413096,-21.1208656,-44.854825,-16.40052,562.85,estabelecimento,alta,E M JOSE LINS DO REGO [ENGENHO],fora do municipio (551.1 km alem da divisa)
3170008,Ubaí,2016,50,1236,ESCOLA MUNICIPAL JOSE LINS DO REGO,ZONA RURAL,FAZENDA ENGENHO,-42.9413096,-21.1208656,-44.854825,-16.40052,562.85,estabelecimento,alta,E M JOSE LINS DO REGO [ENGENHO],fora do municipio (551.1 km alem da divisa)
3170008,Ubaí,2018,50,1236,ESCOLA MUNICIPAL JOSE LINS DO REGO,ZONA RURAL,FAZENDA ENGENHO,-42.9413096,-21.1208656,-44.854825,-16.40052,562.85,estabelecimento,alta,E M JOSE LINS DO REGO [ENGENHO],fora do municipio (551.1 km alem da divisa)
3170008,Ubaí,2020,50,1236,ESCOLA MUNICIPAL JOSE LINS DO REGO,ZONA RURAL,FAZENDA ENGENHO,-42.9413096,-21.1208656,-44.854825,-16.40052,562.85,estabelecimento,alta,E M JOSE LINS DO REGO [ENGENHO],fora do municipio (551.1 km alem da divisa)
3170008,Ubaí,2022,50,1236,ESCOLA MUNICIPAL JOSE LINS DO REGO,ZONA RURAL,FAZENDA ENGENHO,-42.9413096,-21.1208656,-44.854825,-16.40052,562.85,estabelecimento,alta,E M JOSE LINS DO REGO [ENGENHO],fora do municipio (551.1 km alem da divisa)
3170008,Ubaí,2024,50,1236,ESCOLA MUNICIPAL JOSE LINS DO REGO,ZONA RURAL,FAZENDA ENGENHO                        ,-42.9413096,-21.1208656,-44.854825,-16.40052,562.85,estabelecimento,alta,E M JOSE LINS DO REGO [ENGENHO],fora do municipio (551.1 km alem da divisa)
3170008,Ubaí,2006,50,1244,ESCOLA MUNICIPAL JOAQUIM MANOEL MACEDO,ZONA RURAL,SAO JOAO,-44.428008,-16.2143789,-44.73923,-16.404375,39.41,estabelecimento,alta,ESCOLA M JOAQUIM MANOEL DE MACEDO [SAO JOAO],fora do municipio (25.9 km alem da divisa)
3170008,Ubaí,2008,50,1244,ESCOLA MUNICIPAL JOAQUIM MANOEL MACEDO,ZONA RURAL,SAO JOAO,-44.428008,-16.2143789,-44.73923,-16.404375,39.41,estabelecimento,alta,ESCOLA M JOAQUIM MANOEL DE MACEDO [SAO JOAO],fora do municipio (25.9 km alem da divisa)
3170008,Ubaí,2010,50,1244,ESCOLA MUNICIPAL JOAQUIM MANOEL MACEDO,ZONA RURAL,SAO JOAO,-44.428008,-16.2143789,-44.73923,-16.404375,39.41,estabelecimento,alta,ESCOLA M JOAQUIM MANOEL DE MACEDO [SAO JOAO],fora do municipio (25.9 km alem da divisa)
3170008,Ubaí,2012,50,1244,ESCOLA MUNICIPAL JOAQUIM MANOEL MACEDO,ZONA RURAL,SAO JOAO,-44.428008,-16.2143789,-44.73923,-16.404375,39.41,estabelecimento,alta,ESCOLA M JOAQUIM MANOEL DE MACEDO [SAO JOAO],fora do municipio (25.9 km alem da divisa)
3170008,Ubaí,2014,50,1244,ESCOLA MUNICIPAL JOAQUIM MANOEL MACEDO,ZONA RURAL,SAO JOAO,-44.428008,-16.2143789,-44.73923,-16.404375,39.41,estabelecimento,alta,ESCOLA M JOAQUIM MANOEL DE MACEDO [SAO JOAO],fora do municipio (25.9 km alem da divisa)
3170008,Ubaí,2016,50,1244,ESCOLA MUNICIPAL JOAQUIM MANOEL MACEDO,ZONA RURAL,SAO JOAO,-44.428008,-16.2143789,-44.73923,-16.404375,39.41,estabelecimento,alta,ESCOLA M JOAQUIM MANOEL DE MACEDO [SAO JOAO],fora do municipio (25.9 km alem da divisa)
3170008,Ubaí,2018,50,1244,ESCOLA MUNICIPAL JOAQUIM MANOEL MACEDO,ZONA RURAL,SAO JOAO,-44.428008,-16.2143789,-44.73923,-16.404375,39.41,estabelecimento,alta,ESCOLA M JOAQUIM MANOEL DE MACEDO [SAO JOAO],fora do municipio (25.9 km alem da divisa)
3170008,Ubaí,2020,50,1244,ESCOLA MUNICIPAL JOAQUIM MANOEL MACEDO,ZONA RURAL,SAO JOAO,-44.428008,-16.2143789,-44.73923,-16.404375,39.41,estabelecimento,alta,ESCOLA M JOAQUIM MANOEL DE MACEDO [SAO JOAO],fora do municipio (25.9 km alem da divisa)
3170008,Ubaí,2022,50,1244,ESCOLA MUNICIPAL JOAQUIM MANOEL MACEDO,ZONA RURAL,SAO JOAO,-44.428008,-16.2143789,-44.73923,-16.404375,39.41,estabelecimento,alta,ESCOLA M JOAQUIM MANOEL DE MACEDO [SAO JOAO],fora do municipio (25.9 km alem da divisa)
3170008,Ubaí,2024,50,1244,ESCOLA MUNICIPAL JOAQUIM MANOEL MACEDO,ZONA RURAL,SAO JOAO                         ,-44.428008,-16.2143789,-44.73923,-16.404375,39.41,estabelecimento,alta,ESCOLA M JOAQUIM MANOEL DE MACEDO [SAO JOAO],fora do municipio (25.9 km alem da divisa)
3170008,Ubaí,2006,50,1260,ESCOLA MUNICIPAL GUIMARAES ROSA,ZONA RURAL,FAZENDA JATAI II - POVOADO DO RETIRO,-51.7263895,-17.8881027,-44.969949,-16.439809,736.49,estabelecimento,alta,E M GUIMARAES ROSA [JATAI],fora do municipio (725.5 km alem da divisa)
3170008,Ubaí,2008,50,1260,ESCOLA MUNICIPAL GUIMARAES ROSA,ZONA RURAL,FAZENDA JATAI II - POVOADO DO RETIRO,-51.7263895,-17.8881027,-44.969949,-16.439809,736.49,estabelecimento,alta,E M GUIMARAES ROSA [JATAI],fora do municipio (725.5 km alem da divisa)
3170008,Ubaí,2010,50,1260,ESCOLA MUNICIPAL GUIMARAES ROSA,ZONA RURAL,FAZENDA JATAI II - POVOADO DO RETIRO,-51.7263895,-17.8881027,-44.969949,-16.439809,736.49,estabelecimento,alta,E M GUIMARAES ROSA [JATAI],fora do municipio (725.5 km alem da divisa)
3170008,Ubaí,2012,50,1260,ESCOLA MUNICIPAL GUIMARAES ROSA,ZONA RURAL,FAZENDA JATAI II - POVOADO DO RETIRO,-51.7263895,-17.8881027,-44.969949,-16.439809,736.49,estabelecimento,alta,E M GUIMARAES ROSA [JATAI],fora do municipio (725.5 km alem da divisa)
3170008,Ubaí,2014,50,1260,ESCOLA MUNICIPAL GUIMARAES ROSA,ZONA RURAL,FAZENDA JATAI II - POVOADO DO RETIRO,-51.7263895,-17.8881027,-44.969949,-16.439809,736.49,estabelecimento,alta,E M GUIMARAES ROSA [JATAI],fora do municipio (725.5 km alem da divisa)
3170008,Ubaí,2016,50,1260,ESCOLA MUNICIPAL GUIMARAES ROSA,ZONA RURAL,FAZENDA JATAI II - POVOADO DO RETIRO,-51.7263895,-17.8881027,-44.969949,-16.439809,736.49,estabelecimento,alta,E M GUIMARAES ROSA [JATAI],fora do municipio (725.5 km alem da divisa)
3170008,Ubaí,2018,50,1260,ESCOLA MUNICIPAL GUIMARAES ROSA,ZONA RURAL,FAZENDA JATAI II - POVOADO DO RETIRO,-51.7263895,-17.8881027,-44.969949,-16.439809,736.49,estabelecimento,alta,E M GUIMARAES ROSA [JATAI],fora do municipio (725.5 km alem da divisa)
3170008,Ubaí,2020,50,1260,ESCOLA MUNICIPAL GUIMARAES ROSA,ZONA RURAL,FAZENDA JATAI II - POVOADO DO RETIRO,-51.7263895,-17.8881027,-44.969949,-16.439809,736.49,estabelecimento,alta,E M GUIMARAES ROSA [JATAI],fora do municipio (725.5 km alem da divisa)
3170008,Ubaí,2022,50,1260,ESCOLA MUNICIPAL GUIMARAES ROSA,ZONA RURAL,FAZENDA JATAI II - POVOADO DO RETIRO,-51.7263895,-17.8881027,-44.969949,-16.439809,736.49,estabelecimento,alta,E M GUIMARAES ROSA [JATAI],fora do municipio (725.5 km alem da divisa)
3170008,Ubaí,2024,50,1260,ESCOLA MUNICIPAL GUIMARAES ROSA,ZONA RURAL,FAZENDA JATAI II - POVOADO DO RETIRO,-51.7263895,-17.8881027,-44.969949,-16.439809,736.49,estabelecimento,alta,E M GUIMARAES ROSA [JATAI],fora do municipio (725.5 km alem da divisa)
3170008,Ubaí,2006,50,1309,ESCOLA MUNICIPAL ELIVALDETH MENDES,ZONA RURAL,FAZENDA GAMELEIRA,-42.9413096,-21.1208656,-44.675315,-16.334197,563.34,estabelecimento,alta,ESCOLA MUNICIPAL ELIVALDETE MENDES [GAMELEIRA],fora do municipio (551.1 km alem da divisa)
3170008,Ubaí,2008,50,1309,ESCOLA MUNICIPAL ELIVALDETH MENDES,ZONA RURAL,FAZENDA GAMELEIRA,-42.9413096,-21.1208656,-44.675315,-16.334197,563.34,estabelecimento,alta,ESCOLA MUNICIPAL ELIVALDETE MENDES [GAMELEIRA],fora do municipio (551.1 km alem da divisa)
3170008,Ubaí,2010,50,1309,ESCOLA MUNICIPAL ELIVALDETH MENDES,ZONA RURAL,FAZENDA GAMELEIRA,-42.9413096,-21.1208656,-44.675315,-16.334197,563.34,estabelecimento,alta,ESCOLA MUNICIPAL ELIVALDETE MENDES [GAMELEIRA],fora do municipio (551.1 km alem da divisa)
3170008,Ubaí,2012,50,1309,ESCOLA MUNICIPAL ELIVALDETH MENDES,ZONA RURAL,FAZENDA GAMELEIRA,-42.9413096,-21.1208656,-44.675315,-16.334197,563.34,estabelecimento,alta,ESCOLA MUNICIPAL ELIVALDETE MENDES [GAMELEIRA],fora do municipio (551.1 km alem da divisa)
3170008,Ubaí,2014,50,1309,ESCOLA MUNICIPAL ELIVALDETH MENDES,ZONA RURAL,FAZENDA GAMELEIRA,-42.9413096,-21.1208656,-44.675315,-16.334197,563.34,estabelecimento,alta,ESCOLA MUNICIPAL ELIVALDETE MENDES [GAMELEIRA],fora do municipio (551.1 km alem da divisa)
3170008,Ubaí,2016,50,1309,ESCOLA MUNICIPAL ELIVALDETH MENDES,ZONA RURAL,FAZENDA GAMELEIRA,-42.9413096,-21.1208656,-44.675315,-16.334197,563.34,estabelecimento,alta,ESCOLA MUNICIPAL ELIVALDETE MENDES [GAMELEIRA],fora do municipio (551.1 km alem da divisa)
3170008,Ubaí,2018,50,1309,ESCOLA MUNICIPAL ELIVALDETH MENDES,ZONA RURAL,FAZENDA GAMELEIRA,-42.9413096,-21.1208656,-44.675315,-16.334197,563.34,estabelecimento,alta,ESCOLA MUNICIPAL ELIVALDETE MENDES [GAMELEIRA],fora do municipio (551.1 km alem da divisa)
3170008,Ubaí,2020,50,1309,ESCOLA MUNICIPAL ELIVALDETH MENDES,ZONA RURAL,FAZENDA GAMELEIRA,-42.9413096,-21.1208656,-44.675315,-16.334197,563.34,estabelecimento,alta,ESCOLA MUNICIPAL ELIVALDETE MENDES [GAMELEIRA],fora do municipio (551.1 km alem da divisa)
3170008,Ubaí,2022,50,1309,ESCOLA MUNICIPAL ELIVALDETH MENDES,ZONA RURAL,FAZENDA GAMELEIRA,-42.9413096,-21.1208656,-44.675315,-16.334197,563.34,estabelecimento,alta,ESCOLA MUNICIPAL ELIVALDETE MENDES [GAMELEIRA],fora do municipio (551.1 km alem da divisa)
3170008,Ubaí,2024,50,1309,ESCOLA MUNICIPAL ELIVALDETH MENDES,ZONA RURAL,FAZENDA GAMELEIRA,-42.9413096,-21.1208656,-44.675315,-16.334197,563.34,estabelecimento,alta,ESCOLA MUNICIPAL ELIVALDETE MENDES [GAMELEIRA],fora do municipio (551.1 km alem da divisa)
3170008,Ubaí,2008,50,1325,ESCOLA MUNICIPAL MURILO RUBIÃO,ZONA RURAL,COMUNIDADE DO SALTO,-42.9413096,-21.1208656,-44.809157,-16.313547,570.24,estabelecimento,alta,ESCOLA M MURILO RUBIAO [SALTO],fora do municipio (551.1 km alem da divisa)
3170008,Ubaí,2010,50,1325,ESCOLA MUNICIPAL MURILO RUBIÃO,ZONA RURAL,COMUNIDADE DO SALTO,-42.9413096,-21.1208656,-44.809157,-16.313547,570.24,estabelecimento,alta,ESCOLA M MURILO RUBIAO [SALTO],fora do municipio (551.1 km alem da divisa)
3170008,Ubaí,2012,50,1325,ESCOLA MUNICIPAL MURILO RUBIÃO,ZONA RURAL,COMUNIDADE DO SALTO,-42.9413096,-21.1208656,-44.809157,-16.313547,570.24,estabelecimento,alta,ESCOLA M MURILO RUBIAO [SALTO],fora do municipio (551.1 km alem da divisa)
3170008,Ubaí,2014,50,1325,ESCOLA MUNICIPAL MURILO RUBIÃO,ZONA RURAL,COMUNIDADE DO SALTO,-42.9413096,-21.1208656,-44.809157,-16.313547,570.24,estabelecimento,alta,ESCOLA M MURILO RUBIAO [SALTO],fora do municipio (551.1 km alem da divisa)
3170008,Ubaí,2016,50,1325,ESCOLA MUNICIPAL MURILO RUBIÃO,ZONA RURAL,COMUNIDADE DO SALTO,-42.9413096,-21.1208656,-44.809157,-16.313547,570.24,estabelecimento,alta,ESCOLA M MURILO RUBIAO [SALTO],fora do municipio (551.1 km alem da divisa)
3170008,Ubaí,2018,50,1325,ESCOLA MUNICIPAL MURILO RUBIÃO,ZONA RURAL,COMUNIDADE DO SALTO,-42.9413096,-21.1208656,-44.809157,-16.313547,570.24,estabelecimento,alta,ESCOLA M MURILO RUBIAO [SALTO],fora do municipio (551.1 km alem da divisa)
3170008,Ubaí,2020,50,1325,ESCOLA MUNICIPAL MURILO RUBIÃO,ZONA RURAL,COMUNIDADE DO SALTO,-42.9413096,-21.1208656,-44.809157,-16.313547,570.24,estabelecimento,alta,ESCOLA M MURILO RUBIAO [SALTO],fora do municipio (551.1 km alem da divisa)
3170008,Ubaí,2022,50,1325,ESCOLA MUNICIPAL MURILO RUBIÃO,ZONA RURAL,COMUNIDADE DO SALTO,-42.9413096,-21.1208656,-44.809157,-16.313547,570.24,estabelecimento,alta,ESCOLA M MURILO RUBIAO [SALTO],fora do municipio (551.1 km alem da divisa)
3170008,Ubaí,2024,50,1325,ESCOLA MUNICIPAL MURILO RUBIÃO,ZONA RURAL,COMUNIDADE DO SALTO,-42.9413096,-21.1208656,-44.809157,-16.313547,570.24,estabelecimento,alta,ESCOLA M MURILO RUBIAO [SALTO],fora do municipio (551.1 km alem da divisa)
3170008,Ubaí,2014,50,1376,ESCOLA MUNICIPAL JOAQUIM MANOEL DE MACEDO,ZONA RURAL,COMUNIDADE LAGOA DA PONTE,-44.6801458,-16.1655807,-44.714416,-16.377575,23.88,estabelecimento,alta,ESCOLA M JOAQUIM MANOEL DE MACEDO [LAGOA DA PONTE],fora do municipio (3.2 km alem da divisa)
3170008,Ubaí,2016,50,1376,ESCOLA MUNICIPAL JOAQUIM MANOEL DE MACEDO,ZONA RURAL,COMUNIDADE LAGOA DA PONTE,-44.6801458,-16.1655807,-44.714416,-16.377575,23.88,estabelecimento,alta,ESCOLA M JOAQUIM MANOEL DE MACEDO [LAGOA DA PONTE],fora do municipio (3.2 km alem da divisa)
3170008,Ubaí,2018,50,1376,ESCOLA MUNICIPAL JOAQUIM MANOEL DE MACEDO,ZONA RURAL,COMUNIDADE LAGOA DA PONTE,-44.6801458,-16.1655807,-44.714416,-16.377575,23.88,estabelecimento,alta,ESCOLA M JOAQUIM MANOEL DE MACEDO [LAGOA DA PONTE],fora do municipio (3.2 km alem da divisa)
3170008,Ubaí,2020,50,1376,ESCOLA MUNICIPAL JOAQUIM MANOEL DE MACEDO,ZONA RURAL,COMUNIDADE LAGOA DA PONTE,-44.6801458,-16.1655807,-44.714416,-16.377575,23.88,estabelecimento,alta,ESCOLA M JOAQUIM MANOEL DE MACEDO [LAGOA DA PONTE],fora do municipio (3.2 km alem da divisa)
3170008,Ubaí,2022,50,1376,ESCOLA MUNICIPAL JOAQUIM MANOEL DE MACEDO,ZONA RURAL,COMUNIDADE LAGOA DA PONTE,-44.6801458,-16.1655807,-44.714416,-16.377575,23.88,estabelecimento,alta,ESCOLA M JOAQUIM MANOEL DE MACEDO [LAGOA DA PONTE],fora do municipio (3.2 km alem da divisa)
3170008,Ubaí,2024,50,1376,ESCOLA MUNICIPAL JOAQUIM MANOEL DE MACEDO,ZONA RURAL,COMUNIDADE LAGOA DA PONTE,-44.6801458,-16.1655807,-44.714416,-16.377575,23.88,estabelecimento,alta,ESCOLA M JOAQUIM MANOEL DE MACEDO [LAGOA DA PONTE],fora do municipio (3.2 km alem da divisa)
2933307,Vitória da Conquista,2006,40,1740,ESCOLA MUNICIPAL PROFESSOR JOSIAS CASAES FRANÇA,DISTRITO DANTELÂNDIA,POVOADO DANTELÂNDIA - ZONA RURAL,-40.820608,-14.870092,-40.99992,-15.096892,31.77,localidade,media,"localidade DANTILANDIA ~ (480 enderecos, raio 0.4 km) | distrito Dantilândia",pilha de 18 locais em 50 m (17 localidades rurais distintas)
2933307,Vitória da Conquista,2008,40,1740,ESCOLA MUNICIPAL PROFESSOR JOSIAS CASAES FRANÇA,DISTRITO DANTELÂNDIA,POVOADO DANTELÂNDIA - ZONA RURAL,-40.820608,-14.870092,-40.99992,-15.096892,31.77,localidade,media,"localidade DANTILANDIA ~ (480 enderecos, raio 0.4 km) | distrito Dantilândia",pilha de 18 locais em 50 m (17 localidades rurais distintas)
2933307,Vitória da Conquista,2010,40,1740,ESCOLA MUNICIPAL PROFESSOR JOSIAS CASAES FRANÇA,DISTRITO DANTELÂNDIA,POVOADO DANTELÂNDIA - ZONA RURAL,-40.820608,-14.870092,-40.99992,-15.096892,31.77,localidade,media,"localidade DANTILANDIA ~ (480 enderecos, raio 0.4 km) | distrito Dantilândia",pilha de 18 locais em 50 m (17 localidades rurais distintas)
2933307,Vitória da Conquista,2012,40,1740,ESCOLA MUNICIPAL PROFESSOR JOSIAS CASAES FRANÇA,DISTRITO DANTELÂNDIA,POVOADO DANTELÂNDIA - ZONA RURAL,-40.820608,-14.870092,-40.99992,-15.096892,31.77,localidade,media,"localidade DANTILANDIA ~ (480 enderecos, raio 0.4 km) | distrito Dantilândia",pilha de 18 locais em 50 m (17 localidades rurais distintas)
2933307,Vitória da Conquista,2014,40,1740,ESCOLA MUNICIPAL PROFESSOR JOSIAS CASAES FRANÇA,DISTRITO DANTELÂNDIA,POVOADO DANTELÂNDIA - ZONA RURAL,-40.820608,-14.870092,-40.99992,-15.096892,31.77,localidade,media,"localidade DANTILANDIA ~ (480 enderecos, raio 0.4 km) | distrito Dantilândia",pilha de 18 locais em 50 m (17 localidades rurais distintas)
2933307,Vitória da Conquista,2016,40,1740,ESCOLA MUNICIPAL PROFESSOR JOSIAS CASAES FRANÇA,DISTRITO DANTELÂNDIA,POVOADO DANTELÂNDIA - ZONA RURAL,-40.820608,-14.870092,-40.99992,-15.096892,31.77,localidade,media,"localidade DANTILANDIA ~ (480 enderecos, raio 0.4 km) | distrito Dantilândia",pilha de 19 locais em 50 m (18 localidades rurais distintas)
2933307,Vitória da Conquista,2018,40,1740,ESCOLA MUNICIPAL PROFESSOR JOSIAS CASAES FRANÇA,DISTRITO DANTELÂNDIA,POVOADO DANTELÂNDIA - ZONA RURAL,-40.820608,-14.870092,-40.99992,-15.096892,31.77,localidade,media,"localidade DANTILANDIA ~ (480 enderecos, raio 0.4 km) | distrito Dantilândia",pilha de 19 locais em 50 m (18 localidades rurais distintas)
2933307,Vitória da Conquista,2020,40,1740,ESCOLA MUNICIPAL PROFESSOR JOSIAS CASAES FRANÇA,DISTRITO DANTELÂNDIA,POVOADO DANTELÂNDIA - ZONA RURAL,-40.820608,-14.870092,-40.99992,-15.096892,31.77,localidade,media,"localidade DANTILANDIA ~ (480 enderecos, raio 0.4 km) | distrito Dantilândia",pilha de 20 locais em 50 m (19 localidades rurais distintas)
2933307,Vitória da Conquista,2022,40,1740,ESCOLA MUNICIPAL PROFESSOR JOSIAS CASAES FRANÇA,DISTRITO DANTELÂNDIA,POVOADO DANTELÂNDIA - ZONA RURAL,-40.820608,-14.870092,-40.99992,-15.096892,31.77,localidade,media,"localidade DANTILANDIA ~ (480 enderecos, raio 0.4 km) | distrito Dantilândia",pilha de 20 locais em 50 m (19 localidades rurais distintas)
2933307,Vitória da Conquista,2006,40,1759,ESCOLA MUNICIPAL FÉLIX PACHECO,DISTRITO IGUÁ,POVOADO LAGOA DE JOSÉ LUIZ - ZONA RURAL,-40.8204825,-14.8698889,-40.95726,-15.03289,23.36,estabelecimento,alta,ESCOLA MUNICIPAL FELIX PACHECO [LAGOA DE JOSE LUIS],pilha de 13 locais em 50 m (13 localidades rurais distintas)
2933307,Vitória da Conquista,2008,40,1759,ESCOLA MUNICIPAL FÉLIX PACHECO,DISTRITO IGUÁ,POVOADO LAGOA DE JOSÉ LUIZ - ZONA RURAL,-40.8204825,-14.8698889,-40.95726,-15.03289,23.36,estabelecimento,alta,ESCOLA MUNICIPAL FELIX PACHECO [LAGOA DE JOSE LUIS],pilha de 13 locais em 50 m (13 localidades rurais distintas)
2933307,Vitória da Conquista,2010,40,1759,ESCOLA MUNICIPAL FÉLIX PACHECO,DISTRITO IGUÁ,POVOADO LAGOA DE JOSÉ LUIZ - ZONA RURAL,-40.8204825,-14.8698889,-40.95726,-15.03289,23.36,estabelecimento,alta,ESCOLA MUNICIPAL FELIX PACHECO [LAGOA DE JOSE LUIS],pilha de 13 locais em 50 m (13 localidades rurais distintas)
2933307,Vitória da Conquista,2012,40,1759,ESCOLA MUNICIPAL FÉLIX PACHECO,DISTRITO IGUÁ,POVOADO LAGOA DE JOSÉ LUIZ - ZONA RURAL,-40.8204825,-14.8698889,-40.95726,-15.03289,23.36,estabelecimento,alta,ESCOLA MUNICIPAL FELIX PACHECO [LAGOA DE JOSE LUIS],pilha de 13 locais em 50 m (13 localidades rurais distintas)
2933307,Vitória da Conquista,2014,40,1759,ESCOLA MUNICIPAL FÉLIX PACHECO,DISTRITO IGUÁ,POVOADO LAGOA DE JOSÉ LUIZ - ZONA RURAL,-40.8204825,-14.8698889,-40.95726,-15.03289,23.36,estabelecimento,alta,ESCOLA MUNICIPAL FELIX PACHECO [LAGOA DE JOSE LUIS],pilha de 13 locais em 50 m (13 localidades rurais distintas)
2933307,Vitória da Conquista,2016,40,1759,ESCOLA MUNICIPAL FÉLIX PACHECO,DISTRITO IGUÁ,POVOADO LAGOA DE JOSÉ LUIZ - ZONA RURAL,-40.8204825,-14.8698889,-40.95726,-15.03289,23.36,estabelecimento,alta,ESCOLA MUNICIPAL FELIX PACHECO [LAGOA DE JOSE LUIS],pilha de 14 locais em 50 m (14 localidades rurais distintas)
2933307,Vitória da Conquista,2018,40,1759,ESCOLA MUNICIPAL FÉLIX PACHECO,DISTRITO IGUÁ,POVOADO LAGOA DE JOSÉ LUIZ - ZONA RURAL,-40.8204825,-14.8698889,-40.95726,-15.03289,23.36,estabelecimento,alta,ESCOLA MUNICIPAL FELIX PACHECO [LAGOA DE JOSE LUIS],pilha de 14 locais em 50 m (14 localidades rurais distintas)
2933307,Vitória da Conquista,2020,40,1759,ESCOLA MUNICIPAL FÉLIX PACHECO,DISTRITO IGUÁ,POVOADO LAGOA DE JOSÉ LUIZ - ZONA RURAL,-40.8204825,-14.8698889,-40.95726,-15.03289,23.36,estabelecimento,alta,ESCOLA MUNICIPAL FELIX PACHECO [LAGOA DE JOSE LUIS],pilha de 15 locais em 50 m (15 localidades rurais distintas)
2933307,Vitória da Conquista,2022,40,1759,ESCOLA MUNICIPAL FÉLIX PACHECO,DISTRITO IGUÁ,POVOADO LAGOA DE JOSÉ LUIZ - ZONA RURAL,-40.8204825,-14.8698889,-40.95726,-15.03289,23.36,estabelecimento,alta,ESCOLA MUNICIPAL FELIX PACHECO [LAGOA DE JOSE LUIS],pilha de 15 locais em 50 m (15 localidades rurais distintas)
2933307,Vitória da Conquista,2024,40,1783,CENTRO EDUCACIONAL MUNICIPAL EURÍPEDES PERI ROSA,DISTRITO BATE-PÉ,POVOADO BATE-PÉ - ZONA RURAL,-40.8206516,-14.8703094,-41.126868,-14.86794,32.95,estabelecimento,alta,CENTRO EDUCACIONAL EURIPEDES PERI ROSA [BATE PE] | distrito Bate-Pé,pilha de 14 locais em 50 m (14 localidades rurais distintas)
2933307,Vitória da Conquista,2006,40,1791,ESCOLA MUNICIPAL OLÍMPIO JOSÉ DIAS,DISTRITO BATE-PÉ,POVOADO POÇO COMPRIDO - ZONA RURAL,-41.1205508,-14.8221163,-41.127493,-14.847271,2.9,localidade,media,"localidade POCO COMPRIDO 2 (52 enderecos, raio 0.8 km) | distrito Bate-Pé",fora do municipio (1.9 km alem da divisa)
2933307,Vitória da Conquista,2008,40,1791,ESCOLA MUNICIPAL OLÍMPIO JOSÉ DIAS,DISTRITO BATE-PÉ,POVOADO POÇO COMPRIDO - ZONA RURAL,-41.1205508,-14.8221163,-41.127493,-14.847271,2.9,localidade,media,"localidade POCO COMPRIDO 2 (52 enderecos, raio 0.8 km) | distrito Bate-Pé",fora do municipio (1.9 km alem da divisa)
2933307,Vitória da Conquista,2010,40,1791,ESCOLA MUNICIPAL OLÍMPIO JOSÉ DIAS,DISTRITO BATE-PÉ,POVOADO POÇO COMPRIDO - ZONA RURAL,-41.1205508,-14.8221163,-41.127493,-14.847271,2.9,localidade,media,"localidade POCO COMPRIDO 2 (52 enderecos, raio 0.8 km) | distrito Bate-Pé",fora do municipio (1.9 km alem da divisa)
2933307,Vitória da Conquista,2012,40,1791,ESCOLA MUNICIPAL OLÍMPIO JOSÉ DIAS,DISTRITO BATE-PÉ,POVOADO POÇO COMPRIDO - ZONA RURAL,-41.1205508,-14.8221163,-41.127493,-14.847271,2.9,localidade,media,"localidade POCO COMPRIDO 2 (52 enderecos, raio 0.8 km) | distrito Bate-Pé",fora do municipio (1.9 km alem da divisa)
2933307,Vitória da Conquista,2014,40,1791,ESCOLA MUNICIPAL OLÍMPIO JOSÉ DIAS,DISTRITO BATE-PÉ,POVOADO POÇO COMPRIDO - ZONA RURAL,-41.1205508,-14.8221163,-41.127493,-14.847271,2.9,localidade,media,"localidade POCO COMPRIDO 2 (52 enderecos, raio 0.8 km) | distrito Bate-Pé",fora do municipio (1.9 km alem da divisa)
2933307,Vitória da Conquista,2016,40,1791,ESCOLA MUNICIPAL OLÍMPIO JOSÉ DIAS,DISTRITO BATE-PÉ,POVOADO POÇO COMPRIDO - ZONA RURAL,-41.1205508,-14.8221163,-41.127493,-14.847271,2.9,localidade,media,"localidade POCO COMPRIDO 2 (52 enderecos, raio 0.8 km) | distrito Bate-Pé",fora do municipio (1.9 km alem da divisa)
2933307,Vitória da Conquista,2018,40,1791,ESCOLA MUNICIPAL OLÍMPIO JOSÉ DIAS,DISTRITO BATE-PÉ,POVOADO POÇO COMPRIDO - ZONA RURAL,-41.1205508,-14.8221163,-41.127493,-14.847271,2.9,localidade,media,"localidade POCO COMPRIDO 2 (52 enderecos, raio 0.8 km) | distrito Bate-Pé",fora do municipio (1.9 km alem da divisa)
2933307,Vitória da Conquista,2020,40,1791,ESCOLA MUNICIPAL OLÍMPIO JOSÉ DIAS,DISTRITO BATE-PÉ,POVOADO POÇO COMPRIDO - ZONA RURAL,-41.1205508,-14.8221163,-41.127493,-14.847271,2.9,localidade,media,"localidade POCO COMPRIDO 2 (52 enderecos, raio 0.8 km) | distrito Bate-Pé",fora do municipio (1.9 km alem da divisa)
2933307,Vitória da Conquista,2022,40,1791,ESCOLA MUNICIPAL OLÍMPIO JOSÉ DIAS,DISTRITO BATE-PÉ,POVOADO POÇO COMPRIDO - ZONA RURAL,-41.1205508,-14.8221163,-41.127493,-14.847271,2.9,localidade,media,"localidade POCO COMPRIDO 2 (52 enderecos, raio 0.8 km) | distrito Bate-Pé",fora do municipio (1.9 km alem da divisa)
2933307,Vitória da Conquista,2024,40,1791,ESCOLA MUNICIPAL OLÍMPIO JOSÉ DIAS,DISTRITO BATE-PÉ,POVOADO POÇO COMPRIDO - ZONA RURAL,-40.8206701,-14.870268,-41.127493,-14.847271,33.11,localidade,media,"localidade POCO COMPRIDO 2 (52 enderecos, raio 0.8 km) | distrito Bate-Pé",pilha de 14 locais em 50 m (14 localidades rurais distintas)
2933307,Vitória da Conquista,2006,40,1821,ESCOLA MUNICIPAL AFONSO HOFFMAN,DISTRITO INHOBIM,POVOADO MATINHA - ZONA RURAL,-40.8204825,-14.8698889,-40.905956,-15.195987,37.45,estabelecimento,alta,ESCOLA AFONSO HOFFMAN [INHOBIM] | distrito Inhobim,pilha de 13 locais em 50 m (13 localidades rurais distintas)
2933307,Vitória da Conquista,2008,40,1821,ESCOLA MUNICIPAL AFONSO HOFFMAN,DISTRITO INHOBIM,POVOADO MATINHA - ZONA RURAL,-40.8204825,-14.8698889,-40.905956,-15.195987,37.45,estabelecimento,alta,ESCOLA AFONSO HOFFMAN [INHOBIM] | distrito Inhobim,pilha de 13 locais em 50 m (13 localidades rurais distintas)
2933307,Vitória da Conquista,2010,40,1821,ESCOLA MUNICIPAL AFONSO HOFFMAN,DISTRITO INHOBIM,POVOADO MATINHA - ZONA RURAL,-40.8204825,-14.8698889,-40.905956,-15.195987,37.45,estabelecimento,alta,ESCOLA AFONSO HOFFMAN [INHOBIM] | distrito Inhobim,pilha de 13 locais em 50 m (13 localidades rurais distintas)
2933307,Vitória da Conquista,2012,40,1821,ESCOLA MUNICIPAL AFONSO HOFFMAN,DISTRITO INHOBIM,POVOADO MATINHA - ZONA RURAL,-40.8204825,-14.8698889,-40.905956,-15.195987,37.45,estabelecimento,alta,ESCOLA AFONSO HOFFMAN [INHOBIM] | distrito Inhobim,pilha de 13 locais em 50 m (13 localidades rurais distintas)
2933307,Vitória da Conquista,2014,40,1821,ESCOLA MUNICIPAL AFONSO HOFFMAN,DISTRITO INHOBIM,POVOADO MATINHA - ZONA RURAL,-40.8204825,-14.8698889,-40.905956,-15.195987,37.45,estabelecimento,alta,ESCOLA AFONSO HOFFMAN [INHOBIM] | distrito Inhobim,pilha de 13 locais em 50 m (13 localidades rurais distintas)
2933307,Vitória da Conquista,2016,40,1821,ESCOLA MUNICIPAL AFONSO HOFFMAN,DISTRITO INHOBIM,POVOADO MATINHA - ZONA RURAL,-40.8204825,-14.8698889,-40.905956,-15.195987,37.45,estabelecimento,alta,ESCOLA AFONSO HOFFMAN [INHOBIM] | distrito Inhobim,pilha de 14 locais em 50 m (14 localidades rurais distintas)
2933307,Vitória da Conquista,2018,40,1821,ESCOLA MUNICIPAL AFONSO HOFFMAN,DISTRITO INHOBIM,POVOADO MATINHA - ZONA RURAL,-40.8204825,-14.8698889,-40.905956,-15.195987,37.45,estabelecimento,alta,ESCOLA AFONSO HOFFMAN [INHOBIM] | distrito Inhobim,pilha de 14 locais em 50 m (14 localidades rurais distintas)
2933307,Vitória da Conquista,2020,40,1821,ESCOLA MUNICIPAL AFONSO HOFFMAN,DISTRITO INHOBIM,POVOADO MATINHA - ZONA RURAL,-40.8204825,-14.8698889,-40.905956,-15.195987,37.45,estabelecimento,alta,ESCOLA AFONSO HOFFMAN [INHOBIM] | distrito Inhobim,pilha de 15 locais em 50 m (15 localidades rurais distintas)
2933307,Vitória da Conquista,2022,40,1821,ESCOLA MUNICIPAL AFONSO HOFFMAN,DISTRITO INHOBIM,POVOADO MATINHA - ZONA RURAL,-40.8204825,-14.8698889,-40.905956,-15.195987,37.45,estabelecimento,alta,ESCOLA AFONSO HOFFMAN [INHOBIM] | distrito Inhobim,pilha de 15 locais em 50 m (15 localidades rurais distintas)
2933307,Vitória da Conquista,2006,40,1864,ESCOLA MUNICIPAL PAULO SETÚBAL,DISTRITO INHOBIM,DISTRITO INHOBIM - ZONA RURAL,-40.8204878,-14.870417,-40.950859,-15.273702,47.03,estabelecimento,alta,ESCOLA MUNICIPAL PAULO SETUBA [INHOBIM] | distrito Inhobim,pilha de 9 locais em 50 m (8 localidades rurais distintas)
2933307,Vitória da Conquista,2008,40,1864,ESCOLA MUNICIPAL PAULO SETÚBAL,DISTRITO INHOBIM,DISTRITO INHOBIM - ZONA RURAL,-40.8204878,-14.870417,-40.950859,-15.273702,47.03,estabelecimento,alta,ESCOLA MUNICIPAL PAULO SETUBA [INHOBIM] | distrito Inhobim,pilha de 9 locais em 50 m (8 localidades rurais distintas)
2933307,Vitória da Conquista,2010,40,1864,ESCOLA MUNICIPAL PAULO SETÚBAL,DISTRITO INHOBIM,DISTRITO INHOBIM - ZONA RURAL,-40.8204878,-14.870417,-40.950859,-15.273702,47.03,estabelecimento,alta,ESCOLA MUNICIPAL PAULO SETUBA [INHOBIM] | distrito Inhobim,pilha de 9 locais em 50 m (8 localidades rurais distintas)
2933307,Vitória da Conquista,2012,40,1864,ESCOLA MUNICIPAL PAULO SETÚBAL,DISTRITO INHOBIM,DISTRITO INHOBIM - ZONA RURAL,-40.8204878,-14.870417,-40.950859,-15.273702,47.03,estabelecimento,alta,ESCOLA MUNICIPAL PAULO SETUBA [INHOBIM] | distrito Inhobim,pilha de 9 locais em 50 m (8 localidades rurais distintas)
2933307,Vitória da Conquista,2014,40,1864,ESCOLA MUNICIPAL PAULO SETÚBAL,DISTRITO INHOBIM,DISTRITO INHOBIM - ZONA RURAL,-40.8204878,-14.870417,-40.950859,-15.273702,47.03,estabelecimento,alta,ESCOLA MUNICIPAL PAULO SETUBA [INHOBIM] | distrito Inhobim,pilha de 9 locais em 50 m (8 localidades rurais distintas)
2933307,Vitória da Conquista,2016,40,1864,ESCOLA MUNICIPAL PAULO SETÚBAL,DISTRITO INHOBIM,DISTRITO INHOBIM - ZONA RURAL,-40.8204878,-14.870417,-40.950859,-15.273702,47.03,estabelecimento,alta,ESCOLA MUNICIPAL PAULO SETUBA [INHOBIM] | distrito Inhobim,pilha de 10 locais em 50 m (9 localidades rurais distintas)
2933307,Vitória da Conquista,2018,40,1864,ESCOLA MUNICIPAL PAULO SETÚBAL,DISTRITO INHOBIM,DISTRITO INHOBIM - ZONA RURAL,-40.8204878,-14.870417,-40.950859,-15.273702,47.03,estabelecimento,alta,ESCOLA MUNICIPAL PAULO SETUBA [INHOBIM] | distrito Inhobim,pilha de 11 locais em 50 m (10 localidades rurais distintas)
2933307,Vitória da Conquista,2020,40,1864,ESCOLA MUNICIPAL PAULO SETÚBAL,DISTRITO INHOBIM,DISTRITO INHOBIM - ZONA RURAL,-40.8204878,-14.870417,-40.950859,-15.273702,47.03,estabelecimento,alta,ESCOLA MUNICIPAL PAULO SETUBA [INHOBIM] | distrito Inhobim,pilha de 11 locais em 50 m (10 localidades rurais distintas)
2933307,Vitória da Conquista,2022,40,1864,ESCOLA MUNICIPAL PAULO SETÚBAL,DISTRITO INHOBIM,DISTRITO INHOBIM - ZONA RURAL,-40.8204878,-14.870417,-40.950859,-15.273702,47.03,estabelecimento,alta,ESCOLA MUNICIPAL PAULO SETUBA [INHOBIM] | distrito Inhobim,pilha de 11 locais em 50 m (10 localidades rurais distintas)
2933307,Vitória da Conquista,2006,40,1872,CENTRO EDUCACIONAL RUY BARBOSA,DISTRITO CERCADINHO,POVOADO CERCADINHO - ZONA RURAL,-40.8206504,-14.8703283,-40.846958,-14.888067,3.45,estabelecimento,media,INSTITUTO DE EDUCACAO RUY BARBOSA [FELICIA],pilha de 10 locais em 50 m (9 localidades rurais distintas)
2933307,Vitória da Conquista,2008,40,1872,CENTRO EDUCACIONAL RUY BARBOSA,DISTRITO CERCADINHO,POVOADO CERCADINHO - ZONA RURAL,-40.8206504,-14.8703283,-40.846958,-14.888067,3.45,estabelecimento,media,INSTITUTO DE EDUCACAO RUY BARBOSA [FELICIA],pilha de 10 locais em 50 m (9 localidades rurais distintas)
2933307,Vitória da Conquista,2010,40,1872,CENTRO EDUCACIONAL RUY BARBOSA,DISTRITO CERCADINHO,POVOADO CERCADINHO - ZONA RURAL,-40.8206504,-14.8703283,-40.846958,-14.888067,3.45,estabelecimento,media,INSTITUTO DE EDUCACAO RUY BARBOSA [FELICIA],pilha de 10 locais em 50 m (9 localidades rurais distintas)
2933307,Vitória da Conquista,2012,40,1872,CENTRO EDUCACIONAL RUY BARBOSA,DISTRITO CERCADINHO,POVOADO CERCADINHO - ZONA RURAL,-40.8206504,-14.8703283,-40.846958,-14.888067,3.45,estabelecimento,media,INSTITUTO DE EDUCACAO RUY BARBOSA [FELICIA],pilha de 10 locais em 50 m (9 localidades rurais distintas)
2933307,Vitória da Conquista,2014,40,1872,CENTRO EDUCACIONAL RUY BARBOSA,DISTRITO CERCADINHO,POVOADO CERCADINHO - ZONA RURAL,-40.8206504,-14.8703283,-40.846958,-14.888067,3.45,estabelecimento,media,INSTITUTO DE EDUCACAO RUY BARBOSA [FELICIA],pilha de 10 locais em 50 m (9 localidades rurais distintas)
2933307,Vitória da Conquista,2016,40,1872,CENTRO EDUCACIONAL RUY BARBOSA,DISTRITO CERCADINHO,POVOADO CERCADINHO - ZONA RURAL,-40.8206504,-14.8703283,-40.846958,-14.888067,3.45,estabelecimento,media,INSTITUTO DE EDUCACAO RUY BARBOSA [FELICIA],pilha de 11 locais em 50 m (10 localidades rurais distintas)
2933307,Vitória da Conquista,2018,40,1872,CENTRO EDUCACIONAL RUY BARBOSA,DISTRITO CERCADINHO,POVOADO CERCADINHO - ZONA RURAL,-40.8206504,-14.8703283,-40.846958,-14.888067,3.45,estabelecimento,media,INSTITUTO DE EDUCACAO RUY BARBOSA [FELICIA],pilha de 12 locais em 50 m (11 localidades rurais distintas)
2933307,Vitória da Conquista,2020,40,1872,CENTRO EDUCACIONAL RUY BARBOSA,DISTRITO CERCADINHO,POVOADO CERCADINHO - ZONA RURAL,-40.8206504,-14.8703283,-40.846958,-14.888067,3.45,estabelecimento,media,INSTITUTO DE EDUCACAO RUY BARBOSA [FELICIA],pilha de 12 locais em 50 m (11 localidades rurais distintas)
2933307,Vitória da Conquista,2022,40,1872,CENTRO EDUCACIONAL RUY BARBOSA,DISTRITO CERCADINHO,POVOADO CERCADINHO - ZONA RURAL,-40.8206504,-14.8703283,-40.846958,-14.888067,3.45,estabelecimento,media,INSTITUTO DE EDUCACAO RUY BARBOSA [FELICIA],pilha de 12 locais em 50 m (11 localidades rurais distintas)
2933307,Vitória da Conquista,2006,40,1880,CENTRO EDUCACIONAL TOBIAS BARRETO,DISTRITO VEREDINHA,POVOADO VEREDINHA - ZONA RURAL,-40.8208231,-14.869817,-41.085187,-15.211158,47.45,localidade,media,"localidade VEREDINHA (777 enderecos, raio 1.2 km) | distrito Veredinha",pilha de 12 locais em 50 m (12 localidades rurais distintas)
2933307,Vitória da Conquista,2008,40,1880,CENTRO EDUCACIONAL TOBIAS BARRETO,DISTRITO VEREDINHA,POVOADO VEREDINHA - ZONA RURAL,-40.8208231,-14.869817,-41.085187,-15.211158,47.45,localidade,media,"localidade VEREDINHA (777 enderecos, raio 1.2 km) | distrito Veredinha",pilha de 12 locais em 50 m (12 localidades rurais distintas)
2933307,Vitória da Conquista,2010,40,1880,CENTRO EDUCACIONAL TOBIAS BARRETO,DISTRITO VEREDINHA,POVOADO VEREDINHA - ZONA RURAL,-40.8208231,-14.869817,-41.085187,-15.211158,47.45,localidade,media,"localidade VEREDINHA (777 enderecos, raio 1.2 km) | distrito Veredinha",pilha de 12 locais em 50 m (12 localidades rurais distintas)
2933307,Vitória da Conquista,2012,40,1880,CENTRO EDUCACIONAL TOBIAS BARRETO,DISTRITO VEREDINHA,POVOADO VEREDINHA - ZONA RURAL,-40.8208231,-14.869817,-41.085187,-15.211158,47.45,localidade,media,"localidade VEREDINHA (777 enderecos, raio 1.2 km) | distrito Veredinha",pilha de 12 locais em 50 m (12 localidades rurais distintas)
2933307,Vitória da Conquista,2014,40,1880,CENTRO EDUCACIONAL TOBIAS BARRETO,DISTRITO VEREDINHA,POVOADO VEREDINHA - ZONA RURAL,-40.8208231,-14.869817,-41.085187,-15.211158,47.45,localidade,media,"localidade VEREDINHA (777 enderecos, raio 1.2 km) | distrito Veredinha",pilha de 12 locais em 50 m (12 localidades rurais distintas)
2933307,Vitória da Conquista,2016,40,1880,CENTRO EDUCACIONAL TOBIAS BARRETO,DISTRITO VEREDINHA,POVOADO VEREDINHA - ZONA RURAL,-40.8208231,-14.869817,-41.085187,-15.211158,47.45,localidade,media,"localidade VEREDINHA (777 enderecos, raio 1.2 km) | distrito Veredinha",pilha de 12 locais em 50 m (12 localidades rurais distintas)
2933307,Vitória da Conquista,2018,40,1880,CENTRO EDUCACIONAL TOBIAS BARRETO,DISTRITO VEREDINHA,POVOADO VEREDINHA - ZONA RURAL,-40.8208231,-14.869817,-41.085187,-15.211158,47.45,localidade,media,"localidade VEREDINHA (777 enderecos, raio 1.2 km) | distrito Veredinha",pilha de 12 locais em 50 m (12 localidades rurais distintas)
2933307,Vitória da Conquista,2020,40,1880,CENTRO EDUCACIONAL TOBIAS BARRETO,DISTRITO VEREDINHA,POVOADO VEREDINHA - ZONA RURAL,-40.8208231,-14.869817,-41.085187,-15.211158,47.45,localidade,media,"localidade VEREDINHA (777 enderecos, raio 1.2 km) | distrito Veredinha",pilha de 13 locais em 50 m (13 localidades rurais distintas)
2933307,Vitória da Conquista,2022,40,1880,CENTRO EDUCACIONAL TOBIAS BARRETO,DISTRITO VEREDINHA,POVOADO VEREDINHA - ZONA RURAL,-40.8208231,-14.869817,-41.085187,-15.211158,47.45,localidade,media,"localidade VEREDINHA (777 enderecos, raio 1.2 km) | distrito Veredinha",pilha de 13 locais em 50 m (13 localidades rurais distintas)
2933307,Vitória da Conquista,2006,40,1899,ESCOLA MUNICIPAL VIRGÍLIO FERRAZ,DISTRITO INHOBIM,POVOADO LAGOA DE MELQUÍADES - ZONA RURAL,-40.8207248,-14.8696662,-41.046647,-15.272371,50.98,localidade,media,"localidade LAGOA DE MELQUIDES ~ (293 enderecos, raio 0.4 km) | distrito Inhobim",pilha de 10 locais em 50 m (10 localidades rurais distintas)
2933307,Vitória da Conquista,2008,40,1899,ESCOLA MUNICIPAL VIRGÍLIO FERRAZ,DISTRITO INHOBIM,POVOADO LAGOA DE MELQUÍADES - ZONA RURAL,-40.8207248,-14.8696662,-41.046647,-15.272371,50.98,localidade,media,"localidade LAGOA DE MELQUIDES ~ (293 enderecos, raio 0.4 km) | distrito Inhobim",pilha de 10 locais em 50 m (10 localidades rurais distintas)
2933307,Vitória da Conquista,2010,40,1899,ESCOLA MUNICIPAL VIRGÍLIO FERRAZ,DISTRITO INHOBIM,POVOADO LAGOA DE MELQUÍADES - ZONA RURAL,-40.8207248,-14.8696662,-41.046647,-15.272371,50.98,localidade,media,"localidade LAGOA DE MELQUIDES ~ (293 enderecos, raio 0.4 km) | distrito Inhobim",pilha de 10 locais em 50 m (10 localidades rurais distintas)
2933307,Vitória da Conquista,2012,40,1899,ESCOLA MUNICIPAL VIRGÍLIO FERRAZ,DISTRITO INHOBIM,POVOADO LAGOA DE MELQUÍADES - ZONA RURAL,-40.8207248,-14.8696662,-41.046647,-15.272371,50.98,localidade,media,"localidade LAGOA DE MELQUIDES ~ (293 enderecos, raio 0.4 km) | distrito Inhobim",pilha de 10 locais em 50 m (10 localidades rurais distintas)
2933307,Vitória da Conquista,2014,40,1899,ESCOLA MUNICIPAL VIRGÍLIO FERRAZ,DISTRITO INHOBIM,POVOADO LAGOA DE MELQUÍADES - ZONA RURAL,-40.8207248,-14.8696662,-41.046647,-15.272371,50.98,localidade,media,"localidade LAGOA DE MELQUIDES ~ (293 enderecos, raio 0.4 km) | distrito Inhobim",pilha de 10 locais em 50 m (10 localidades rurais distintas)
2933307,Vitória da Conquista,2016,40,1899,ESCOLA MUNICIPAL VIRGÍLIO FERRAZ,DISTRITO INHOBIM,POVOADO LAGOA DE MELQUÍADES - ZONA RURAL,-40.8207248,-14.8696662,-41.046647,-15.272371,50.98,localidade,media,"localidade LAGOA DE MELQUIDES ~ (293 enderecos, raio 0.4 km) | distrito Inhobim",pilha de 10 locais em 50 m (10 localidades rurais distintas)
2933307,Vitória da Conquista,2018,40,1899,ESCOLA MUNICIPAL VIRGÍLIO FERRAZ,DISTRITO INHOBIM,POVOADO LAGOA DE MELQUÍADES - ZONA RURAL,-40.8207248,-14.8696662,-41.046647,-15.272371,50.98,localidade,media,"localidade LAGOA DE MELQUIDES ~ (293 enderecos, raio 0.4 km) | distrito Inhobim",pilha de 9 locais em 50 m (9 localidades rurais distintas)
2933307,Vitória da Conquista,2020,40,1899,ESCOLA MUNICIPAL VIRGÍLIO FERRAZ,DISTRITO INHOBIM,POVOADO LAGOA DE MELQUÍADES - ZONA RURAL,-40.8207248,-14.8696662,-41.046647,-15.272371,50.98,localidade,media,"localidade LAGOA DE MELQUIDES ~ (293 enderecos, raio 0.4 km) | distrito Inhobim",pilha de 10 locais em 50 m (10 localidades rurais distintas)
2933307,Vitória da Conquista,2022,40,1899,ESCOLA MUNICIPAL VIRGÍLIO FERRAZ,DISTRITO INHOBIM,POVOADO LAGOA DE MELQUÍADES - ZONA RURAL,-40.8207248,-14.8696662,-41.046647,-15.272371,50.98,localidade,media,"localidade LAGOA DE MELQUIDES ~ (293 enderecos, raio 0.4 km) | distrito Inhobim",pilha de 10 locais em 50 m (10 localidades rurais distintas)
2933307,Vitória da Conquista,2006,40,2011,ESCOLA MUNICIPAL ALICE VELOSO,DISTRITO JOSÉ GONÇALVES,POVOADO ROSEIRA - ZONA RURAL,-40.7165201,-14.6338686,,,,nao corrigido,,sem correspondencia no CNEFE,fora do municipio (5.8 km alem da divisa)
2933307,Vitória da Conquista,2008,40,2011,ESCOLA MUNICIPAL ALICE VELOSO,DISTRITO JOSÉ GONÇALVES,POVOADO ROSEIRA - ZONA RURAL,-40.7165201,-14.6338686,,,,nao corrigido,,sem correspondencia no CNEFE,fora do municipio (5.8 km alem da divisa)
2933307,Vitória da Conquista,2010,40,2011,ESCOLA MUNICIPAL ALICE VELOSO,DISTRITO JOSÉ GONÇALVES,POVOADO ROSEIRA - ZONA RURAL,-40.7165201,-14.6338686,,,,nao corrigido,,sem correspondencia no CNEFE,fora do municipio (5.8 km alem da divisa)
2933307,Vitória da Conquista,2012,40,2011,ESCOLA MUNICIPAL ALICE VELOSO,DISTRITO JOSÉ GONÇALVES,POVOADO ROSEIRA - ZONA RURAL,-40.7165201,-14.6338686,,,,nao corrigido,,sem correspondencia no CNEFE,fora do municipio (5.8 km alem da divisa)
2933307,Vitória da Conquista,2014,40,2011,ESCOLA MUNICIPAL ALICE VELOSO,DISTRITO JOSÉ GONÇALVES,POVOADO ROSEIRA - ZONA RURAL,-40.7165201,-14.6338686,,,,nao corrigido,,sem correspondencia no CNEFE,fora do municipio (5.8 km alem da divisa)
2933307,Vitória da Conquista,2016,40,2011,ESCOLA MUNICIPAL ALICE VELOSO,DISTRITO JOSÉ GONÇALVES,POVOADO ROSEIRA - ZONA RURAL,-40.7165201,-14.6338686,,,,nao corrigido,,sem correspondencia no CNEFE,fora do municipio (5.8 km alem da divisa)
2933307,Vitória da Conquista,2018,40,2011,ESCOLA MUNICIPAL ALICE VELOSO,DISTRITO JOSÉ GONÇALVES,POVOADO ROSEIRA - ZONA RURAL,-40.7165201,-14.6338686,,,,nao corrigido,,sem correspondencia no CNEFE,fora do municipio (5.8 km alem da divisa)
2933307,Vitória da Conquista,2020,40,2011,ESCOLA MUNICIPAL ALICE VELOSO,DISTRITO JOSÉ GONÇALVES,POVOADO ROSEIRA - ZONA RURAL,-40.7165201,-14.6338686,,,,nao corrigido,,sem correspondencia no CNEFE,fora do municipio (5.8 km alem da divisa)
2933307,Vitória da Conquista,2022,40,2011,ESCOLA MUNICIPAL ALICE VELOSO,DISTRITO JOSÉ GONÇALVES,POVOADO ROSEIRA - ZONA RURAL,-40.7165201,-14.6338686,,,,nao corrigido,,sem correspondencia no CNEFE,fora do municipio (5.8 km alem da divisa)
2933307,Vitória da Conquista,2024,40,2011,ESCOLA MUNICIPAL ALICE VELOSO,DISTRITO JOSÉ GONÇALVES,POVOADO ROSEIRA - ZONA RURAL,-40.8207685,-14.8701948,,,,nao corrigido,,sem correspondencia no CNEFE,pilha de 14 locais em 50 m (14 localidades rurais distintas)
2933307,Vitória da Conquista,2024,40,2020,ESCOLA MUNICIPAL ISMAEL DE SOUZA,DISTRITO JOSÉ GONÇALVES,POVOADO LAGOA FRANCISCO DAS CHAGAS - ZONA RURAL,-40.8205035,-14.8713948,-40.94571,-14.68573,24.67,localidade,media,"localidade LAGOA FRANCISCO DA CHAGAS (37 enderecos, raio 0.9 km) | distrito José Gonçalves",movido por reposicionar_locais_fora_do_bairro.py
2933307,Vitória da Conquista,2006,40,2038,ESCOLA MUNICIPAL BOA SORTE,DISTRITO JOSÉ GONÇALVES,POVOADO BOA SORTE - ZONA RURAL,-40.6758933,-14.5622529,,,,nao corrigido,,sem correspondencia no CNEFE,fora do municipio (12.4 km alem da divisa)
2933307,Vitória da Conquista,2008,40,2038,ESCOLA MUNICIPAL BOA SORTE,DISTRITO JOSÉ GONÇALVES,POVOADO BOA SORTE - ZONA RURAL,-40.6758933,-14.5622529,,,,nao corrigido,,sem correspondencia no CNEFE,fora do municipio (12.4 km alem da divisa)
2933307,Vitória da Conquista,2012,40,2038,ESCOLA MUNICIPAL BOA SORTE,DISTRITO JOSÉ GONÇALVES,POVOADO BOA SORTE - ZONA RURAL,-40.6758933,-14.5622529,,,,nao corrigido,,sem correspondencia no CNEFE,fora do municipio (12.4 km alem da divisa)
2933307,Vitória da Conquista,2014,40,2038,ESCOLA MUNICIPAL BOA SORTE,DISTRITO JOSÉ GONÇALVES,POVOADO BOA SORTE - ZONA RURAL,-40.6758933,-14.5622529,,,,nao corrigido,,sem correspondencia no CNEFE,fora do municipio (12.4 km alem da divisa)
2933307,Vitória da Conquista,2016,40,2038,ESCOLA MUNICIPAL BOA SORTE,DISTRITO JOSÉ GONÇALVES,POVOADO BOA SORTE - ZONA RURAL,-40.6758933,-14.5622529,,,,nao corrigido,,sem correspondencia no CNEFE,fora do municipio (12.4 km alem da divisa)
2933307,Vitória da Conquista,2018,40,2038,ESCOLA MUNICIPAL BOA SORTE,DISTRITO JOSÉ GONÇALVES,POVOADO BOA SORTE - ZONA RURAL,-40.6758933,-14.5622529,,,,nao corrigido,,sem correspondencia no CNEFE,fora do municipio (12.4 km alem da divisa)
2933307,Vitória da Conquista,2020,40,2038,ESCOLA MUNICIPAL BOA SORTE,DISTRITO JOSÉ GONÇALVES,POVOADO BOA SORTE - ZONA RURAL,-40.6758933,-14.5622529,,,,nao corrigido,,sem correspondencia no CNEFE,fora do municipio (12.4 km alem da divisa)
2933307,Vitória da Conquista,2022,40,2038,ESCOLA MUNICIPAL BOA SORTE,DISTRITO JOSÉ GONÇALVES,POVOADO BOA SORTE - ZONA RURAL,-40.6758933,-14.5622529,,,,nao corrigido,,sem correspondencia no CNEFE,fora do municipio (12.4 km alem da divisa)
2933307,Vitória da Conquista,2024,40,2038,POSTO DE SAÚDE DE BOA SORTE,DISTRITO JOSÉ GONÇALVES,POVOADO BOA SORTE - ZONA RURAL,-40.8216527,-14.8698838,,,,nao corrigido,,sem correspondencia no CNEFE,movido por reposicionar_locais_fora_do_bairro.py
2933307,Vitória da Conquista,2024,40,2054,ESCOLA MUNICIPAL FRANCISCO ANTÔNIO DE VASCONCELOS,DISTRITO JOSÉ GONÇALVES,POVOADO CABECEIRA - ZONA RURAL,-40.8206206,-14.8703315,-40.80642,-14.731063,15.58,estabelecimento,alta,ESCOLA MUNICIPAL FRANCISCO ANTONIO DE VASCONCELOS [CABECEIRA] | distrito José Gonçalves,pilha de 14 locais em 50 m (14 localidades rurais distintas)
2933307,Vitória da Conquista,2006,40,2089,ESCOLA MUNICIPAL JOVELINO ALVES DE OLIVEIRA,DISTRITO JOSÉ GONÇALVES,POVOADO BARREIRO - ZONA RURAL,-40.9212948,-14.6268053,,,,nao corrigido,,sem correspondencia no CNEFE,fora do municipio (6.4 km alem da divisa)
2933307,Vitória da Conquista,2008,40,2089,ESCOLA MUNICIPAL JOVELINO ALVES DE OLIVEIRA,DISTRITO JOSÉ GONÇALVES,POVOADO BARREIRO - ZONA RURAL,-40.9212948,-14.6268053,,,,nao corrigido,,sem correspondencia no CNEFE,fora do municipio (6.4 km alem da divisa)
2933307,Vitória da Conquista,2010,40,2089,ESCOLA MUNICIPAL JOVELINO ALVES DE OLIVEIRA,DISTRITO JOSÉ GONÇALVES,POVOADO BARREIRO - ZONA RURAL,-40.9212948,-14.6268053,,,,nao corrigido,,sem correspondencia no CNEFE,fora do municipio (6.4 km alem da divisa)
2933307,Vitória da Conquista,2012,40,2089,ESCOLA MUNICIPAL JOVELINO ALVES DE OLIVEIRA,DISTRITO JOSÉ GONÇALVES,POVOADO BARREIRO - ZONA RURAL,-40.9212948,-14.6268053,,,,nao corrigido,,sem correspondencia no CNEFE,fora do municipio (6.4 km alem da divisa)
2933307,Vitória da Conquista,2014,40,2089,ESCOLA MUNICIPAL JOVELINO ALVES DE OLIVEIRA,DISTRITO JOSÉ GONÇALVES,POVOADO BARREIRO - ZONA RURAL,-40.9212948,-14.6268053,,,,nao corrigido,,sem correspondencia no CNEFE,fora do municipio (6.4 km alem da divisa)
2933307,Vitória da Conquista,2016,40,2089,ESCOLA MUNICIPAL JOVELINO ALVES DE OLIVEIRA,DISTRITO JOSÉ GONÇALVES,POVOADO BARREIRO - ZONA RURAL,-40.9212948,-14.6268053,,,,nao corrigido,,sem correspondencia no CNEFE,fora do municipio (6.4 km alem da divisa)
2933307,Vitória da Conquista,2018,40,2089,ESCOLA MUNICIPAL JOVELINO ALVES DE OLIVEIRA,DISTRITO JOSÉ GONÇALVES,POVOADO BARREIRO - ZONA RURAL,-40.9212948,-14.6268053,,,,nao corrigido,,sem correspondencia no CNEFE,fora do municipio (6.4 km alem da divisa)
2933307,Vitória da Conquista,2020,40,2089,ESCOLA MUNICIPAL JOVELINO ALVES DE OLIVEIRA,DISTRITO JOSÉ GONÇALVES,POVOADO BARREIRO - ZONA RURAL,-40.9212948,-14.6268053,,,,nao corrigido,,sem correspondencia no CNEFE,fora do municipio (6.4 km alem da divisa)
2933307,Vitória da Conquista,2022,40,2089,ESCOLA MUNICIPAL JOVELINO ALVES DE OLIVEIRA,DISTRITO JOSÉ GONÇALVES,POVOADO BARREIRO - ZONA RURAL,-40.9212948,-14.6268053,,,,nao corrigido,,sem correspondencia no CNEFE,fora do municipio (6.4 km alem da divisa)
2933307,Vitória da Conquista,2024,40,2089,ESCOLA MUNICIPAL JOVELINO ALVES DE OLIVEIRA,DISTRITO JOSÉ GONÇALVES,POVOADO  BARREIRO - ZONA RURAL,-40.820142,-14.8693487,,,,nao corrigido,,sem correspondencia no CNEFE,movido por reposicionar_locais_fora_do_bairro.py
2933307,Vitória da Conquista,2006,40,2100,ESCOLA MUNICIPAL LEOPOLDO MIGUEZ,DISTRITO JOSÉ GONÇALVES,POVOADO ITAIPU - ZONA RURAL,-40.8206142,-14.870293,-40.657817,-14.691313,26.53,estabelecimento,alta,ESCOLA MUNICIPAL LEOPOLDO MIGUEZ [SAO JOAO] | distrito José Gonçalves,pilha de 12 locais em 50 m (11 localidades rurais distintas)
2933307,Vitória da Conquista,2008,40,2100,ESCOLA MUNICIPAL LEOPOLDO MIGUEZ,DISTRITO JOSÉ GONÇALVES,POVOADO ITAIPU - ZONA RURAL,-40.8206142,-14.870293,-40.657817,-14.691313,26.53,estabelecimento,alta,ESCOLA MUNICIPAL LEOPOLDO MIGUEZ [SAO JOAO] | distrito José Gonçalves,pilha de 12 locais em 50 m (11 localidades rurais distintas)
2933307,Vitória da Conquista,2010,40,2100,ESCOLA MUNICIPAL LEOPOLDO MIGUEZ,DISTRITO JOSÉ GONÇALVES,POVOADO ITAIPU - ZONA RURAL,-40.8206142,-14.870293,-40.657817,-14.691313,26.53,estabelecimento,alta,ESCOLA MUNICIPAL LEOPOLDO MIGUEZ [SAO JOAO] | distrito José Gonçalves,pilha de 12 locais em 50 m (11 localidades rurais distintas)
2933307,Vitória da Conquista,2012,40,2100,ESCOLA MUNICIPAL LEOPOLDO MIGUEZ,DISTRITO JOSÉ GONÇALVES,POVOADO ITAIPU - ZONA RURAL,-40.8206142,-14.870293,-40.657817,-14.691313,26.53,estabelecimento,alta,ESCOLA MUNICIPAL LEOPOLDO MIGUEZ [SAO JOAO] | distrito José Gonçalves,pilha de 12 locais em 50 m (11 localidades rurais distintas)
2933307,Vitória da Conquista,2014,40,2100,ESCOLA MUNICIPAL LEOPOLDO MIGUEZ,DISTRITO JOSÉ GONÇALVES,POVOADO ITAIPU - ZONA RURAL,-40.8206142,-14.870293,-40.657817,-14.691313,26.53,estabelecimento,alta,ESCOLA MUNICIPAL LEOPOLDO MIGUEZ [SAO JOAO] | distrito José Gonçalves,pilha de 12 locais em 50 m (11 localidades rurais distintas)
2933307,Vitória da Conquista,2016,40,2100,ESCOLA MUNICIPAL LEOPOLDO MIGUEZ,DISTRITO JOSÉ GONÇALVES,POVOADO ITAIPU - ZONA RURAL,-40.8206142,-14.870293,-40.657817,-14.691313,26.53,estabelecimento,alta,ESCOLA MUNICIPAL LEOPOLDO MIGUEZ [SAO JOAO] | distrito José Gonçalves,pilha de 13 locais em 50 m (12 localidades rurais distintas)
2933307,Vitória da Conquista,2018,40,2100,ESCOLA MUNICIPAL LEOPOLDO MIGUEZ,DISTRITO JOSÉ GONÇALVES,POVOADO ITAIPU - ZONA RURAL,-40.8206142,-14.870293,-40.657817,-14.691313,26.53,estabelecimento,alta,ESCOLA MUNICIPAL LEOPOLDO MIGUEZ [SAO JOAO] | distrito José Gonçalves,pilha de 14 locais em 50 m (13 localidades rurais distintas)
2933307,Vitória da Conquista,2020,40,2100,ESCOLA MUNICIPAL LEOPOLDO MIGUEZ,DISTRITO JOSÉ GONÇALVES,POVOADO ITAIPU - ZONA RURAL,-40.8206142,-14.870293,-40.657817,-14.691313,26.53,estabelecimento,alta,ESCOLA MUNICIPAL LEOPOLDO MIGUEZ [SAO JOAO] | distrito José Gonçalves,pilha de 14 locais em 50 m (13 localidades rurais distintas)
2933307,Vitória da Conquista,2022,40,2100,ESCOLA MUNICIPAL LEOPOLDO MIGUEZ,DISTRITO JOSÉ GONÇALVES,POVOADO ITAIPU - ZONA RURAL,-40.8206142,-14.870293,-40.657817,-14.691313,26.53,estabelecimento,alta,ESCOLA MUNICIPAL LEOPOLDO MIGUEZ [SAO JOAO] | distrito José Gonçalves,pilha de 14 locais em 50 m (13 localidades rurais distintas)
2933307,Vitória da Conquista,2024,40,2100,ESCOLA MUNICIPAL LEOPOLDO MIGUEZ,DISTRITO JOSÉ GONÇALVES,POVOADO ITAIPU - ZONA RURAL,-40.8196719,-14.8697835,-40.657817,-14.691313,26.42,estabelecimento,alta,ESCOLA MUNICIPAL LEOPOLDO MIGUEZ [SAO JOAO] | distrito José Gonçalves,movido por reposicionar_locais_fora_do_bairro.py
2933307,Vitória da Conquista,2006,40,2119,ESCOLA MUNICIPAL MARIA AMÉLIA RIBEIRO,DISTRITO JOSÉ GONÇALVES,POVOADO DEUSDARÁ - ZONA RURAL,-40.8083217,-14.6396697,,,,nao corrigido,,sem correspondencia no CNEFE,fora do municipio (4.0 km alem da divisa)
2933307,Vitória da Conquista,2008,40,2119,ESCOLA MUNICIPAL MARIA AMÉLIA RIBEIRO,DISTRITO JOSÉ GONÇALVES,POVOADO DEUSDARÁ - ZONA RURAL,-40.8083217,-14.6396697,,,,nao corrigido,,sem correspondencia no CNEFE,fora do municipio (4.0 km alem da divisa)
2933307,Vitória da Conquista,2010,40,2119,ESCOLA MUNICIPAL MARIA AMÉLIA RIBEIRO,DISTRITO JOSÉ GONÇALVES,POVOADO DEUSDARÁ - ZONA RURAL,-40.8083217,-14.6396697,,,,nao corrigido,,sem correspondencia no CNEFE,fora do municipio (4.0 km alem da divisa)
2933307,Vitória da Conquista,2012,40,2119,ESCOLA MUNICIPAL MARIA AMÉLIA RIBEIRO,DISTRITO JOSÉ GONÇALVES,POVOADO DEUSDARÁ - ZONA RURAL,-40.8083217,-14.6396697,,,,nao corrigido,,sem correspondencia no CNEFE,fora do municipio (4.0 km alem da divisa)
2933307,Vitória da Conquista,2014,40,2119,ESCOLA MUNICIPAL MARIA AMÉLIA RIBEIRO,DISTRITO JOSÉ GONÇALVES,POVOADO DEUSDARÁ - ZONA RURAL,-40.8083217,-14.6396697,,,,nao corrigido,,sem correspondencia no CNEFE,fora do municipio (4.0 km alem da divisa)
2933307,Vitória da Conquista,2016,40,2119,ESCOLA MUNICIPAL MARIA AMÉLIA RIBEIRO,DISTRITO JOSÉ GONÇALVES,POVOADO DEUSDARÁ - ZONA RURAL,-40.8083217,-14.6396697,,,,nao corrigido,,sem correspondencia no CNEFE,fora do municipio (4.0 km alem da divisa)
2933307,Vitória da Conquista,2018,40,2119,ESCOLA MUNICIPAL MARIA AMÉLIA RIBEIRO,DISTRITO JOSÉ GONÇALVES,POVOADO DEUSDARÁ - ZONA RURAL,-40.8083217,-14.6396697,,,,nao corrigido,,sem correspondencia no CNEFE,fora do municipio (4.0 km alem da divisa)
2933307,Vitória da Conquista,2020,40,2119,ESCOLA MUNICIPAL MARIA AMÉLIA RIBEIRO,DISTRITO JOSÉ GONÇALVES,POVOADO DEUSDARÁ - ZONA RURAL,-40.8083217,-14.6396697,,,,nao corrigido,,sem correspondencia no CNEFE,fora do municipio (4.0 km alem da divisa)
2933307,Vitória da Conquista,2022,40,2119,ESCOLA MUNICIPAL MARIA AMÉLIA RIBEIRO,DISTRITO JOSÉ GONÇALVES,POVOADO DEUSDARÁ - ZONA RURAL,-40.8083217,-14.6396697,,,,nao corrigido,,sem correspondencia no CNEFE,fora do municipio (4.0 km alem da divisa)
2933307,Vitória da Conquista,2024,40,2119,ESCOLA MUNICIPAL MARIA AMÉLIA RIBEIRO,DISTRITO JOSÉ GONÇALVES,POVOADO DEUSDARÁ - ZONA RURAL,-40.8202424,-14.8713349,,,,nao corrigido,,sem correspondencia no CNEFE,movido por reposicionar_locais_fora_do_bairro.py
2933307,Vitória da Conquista,2024,40,2127,ESCOLA MUNICIPAL MIGUEL CANDIDO GONÇALVES,POVOADO CAIÇARA,POVOADO CAIÇARA - ZONA RURAL,-40.8206372,-14.8703285,-40.832122,-14.772548,10.95,estabelecimento,alta,ESCOLA MUNICIPAL MIGUEL CANDIDO GONCALVES [CAICARA],pilha de 14 locais em 50 m (14 localidades rurais distintas)
2933307,Vitória da Conquista,2006,40,2151,ESCOLA MUNICIPAL PAULINO SANTOS,DISTRITO JOSÉ GONÇALVES,POVOADO ALGODÃO - ZONA RURAL,-40.7935736,-14.6220642,,,,nao corrigido,,sem correspondencia no CNEFE,fora do municipio (6.0 km alem da divisa)
2933307,Vitória da Conquista,2008,40,2151,ESCOLA MUNICIPAL PAULINO SANTOS,DISTRITO JOSÉ GONÇALVES,POVOADO ALGODÃO - ZONA RURAL,-40.7935736,-14.6220642,,,,nao corrigido,,sem correspondencia no CNEFE,fora do municipio (6.0 km alem da divisa)
2933307,Vitória da Conquista,2010,40,2151,ESCOLA MUNICIPAL PAULINO SANTOS,DISTRITO JOSÉ GONÇALVES,POVOADO ALGODÃO - ZONA RURAL,-40.7935736,-14.6220642,,,,nao corrigido,,sem correspondencia no CNEFE,fora do municipio (6.0 km alem da divisa)
2933307,Vitória da Conquista,2012,40,2151,ESCOLA MUNICIPAL PAULINO SANTOS,DISTRITO JOSÉ GONÇALVES,POVOADO ALGODÃO - ZONA RURAL,-40.7935736,-14.6220642,,,,nao corrigido,,sem correspondencia no CNEFE,fora do municipio (6.0 km alem da divisa)
2933307,Vitória da Conquista,2014,40,2151,ESCOLA MUNICIPAL PAULINO SANTOS,DISTRITO JOSÉ GONÇALVES,POVOADO ALGODÃO - ZONA RURAL,-40.7935736,-14.6220642,,,,nao corrigido,,sem correspondencia no CNEFE,fora do municipio (6.0 km alem da divisa)
2933307,Vitória da Conquista,2016,40,2151,ESCOLA MUNICIPAL PAULINO SANTOS,DISTRITO JOSÉ GONÇALVES,POVOADO ALGODÃO - ZONA RURAL,-40.7935736,-14.6220642,,,,nao corrigido,,sem correspondencia no CNEFE,fora do municipio (6.0 km alem da divisa)
2933307,Vitória da Conquista,2018,40,2151,ESCOLA MUNICIPAL PAULINO SANTOS,DISTRITO JOSÉ GONÇALVES,POVOADO ALGODÃO - ZONA RURAL,-40.7935736,-14.6220642,,,,nao corrigido,,sem correspondencia no CNEFE,fora do municipio (6.0 km alem da divisa)
2933307,Vitória da Conquista,2020,40,2151,ESCOLA MUNICIPAL PAULINO SANTOS,DISTRITO JOSÉ GONÇALVES,POVOADO ALGODÃO - ZONA RURAL,-40.7935736,-14.6220642,,,,nao corrigido,,sem correspondencia no CNEFE,fora do municipio (6.0 km alem da divisa)
2933307,Vitória da Conquista,2022,40,2151,ESCOLA MUNICIPAL PAULINO SANTOS,DISTRITO JOSÉ GONÇALVES,POVOADO ALGODÃO - ZONA RURAL,-40.7935736,-14.6220642,,,,nao corrigido,,sem correspondencia no CNEFE,fora do municipio (6.0 km alem da divisa)
2933307,Vitória da Conquista,2024,40,2151,ESCOLA MUNICIPAL PAULINO SANTOS,DISTRITO JOSÉ GONÇALVES,POVOADO ALGODÃO - ZONA RURAL,-40.8213009,-14.8711913,,,,nao corrigido,,sem correspondencia no CNEFE,movido por reposicionar_locais_fora_do_bairro.py
2933307,Vitória da Conquista,2024,40,2160,ESCOLA MUNICIPAL RAUL POMPÉIA,DISTRITO JOSÉ GONÇALVES,POVOADO ITAPIREMA - ZONA RURAL,-40.8206356,-14.8703261,-40.773442,-14.74466,14.88,estabelecimento,alta,ESCOLA MUNICIPAL RAUL POMPEIA [ITAPIREMA] | distrito José Gonçalves,pilha de 14 locais em 50 m (14 localidades rurais distintas)
2933307,Vitória da Conquista,2006,40,2178,ESCOLA MUNICIPAL EUCLIDES DA CUNHA,DISTRITO SÃO SEBASTIÃO,SÃO SEBASTIÃO - ZONA RURAL,-40.8208255,-14.8698138,-40.655876,-14.783164,20.2,estabelecimento,alta,ESCOLA MUNICIPAL EUCLIDES DA CUNHA [SAO SEBASTIAO] | distrito São Sebastião,pilha de 12 locais em 50 m (12 localidades rurais distintas)
2933307,Vitória da Conquista,2008,40,2178,ESCOLA MUNICIPAL EUCLIDES DA CUNHA,DISTRITO SÃO SEBASTIÃO,SÃO SEBASTIÃO - ZONA RURAL,-40.8208255,-14.8698138,-40.655876,-14.783164,20.2,estabelecimento,alta,ESCOLA MUNICIPAL EUCLIDES DA CUNHA [SAO SEBASTIAO] | distrito São Sebastião,pilha de 12 locais em 50 m (12 localidades rurais distintas)
2933307,Vitória da Conquista,2010,40,2178,ESCOLA MUNICIPAL EUCLIDES DA CUNHA,DISTRITO SÃO SEBASTIÃO,SÃO SEBASTIÃO - ZONA RURAL,-40.8208255,-14.8698138,-40.655876,-14.783164,20.2,estabelecimento,alta,ESCOLA MUNICIPAL EUCLIDES DA CUNHA [SAO SEBASTIAO] | distrito São Sebastião,pilha de 12 locais em 50 m (12 localidades rurais distintas)
2933307,Vitória da Conquista,2012,40,2178,ESCOLA MUNICIPAL EUCLIDES DA CUNHA,DISTRITO SÃO SEBASTIÃO,SÃO SEBASTIÃO - ZONA RURAL,-40.8208255,-14.8698138,-40.655876,-14.783164,20.2,estabelecimento,alta,ESCOLA MUNICIPAL EUCLIDES DA CUNHA [SAO SEBASTIAO] | distrito São Sebastião,pilha de 12 locais em 50 m (12 localidades rurais distintas)
2933307,Vitória da Conquista,2014,40,2178,ESCOLA MUNICIPAL EUCLIDES DA CUNHA,DISTRITO SÃO SEBASTIÃO,SÃO SEBASTIÃO - ZONA RURAL,-40.8208255,-14.8698138,-40.655876,-14.783164,20.2,estabelecimento,alta,ESCOLA MUNICIPAL EUCLIDES DA CUNHA [SAO SEBASTIAO] | distrito São Sebastião,pilha de 12 locais em 50 m (12 localidades rurais distintas)
2933307,Vitória da Conquista,2016,40,2178,ESCOLA MUNICIPAL EUCLIDES DA CUNHA,DISTRITO SÃO SEBASTIÃO,SÃO SEBASTIÃO - ZONA RURAL,-40.8208255,-14.8698138,-40.655876,-14.783164,20.2,estabelecimento,alta,ESCOLA MUNICIPAL EUCLIDES DA CUNHA [SAO SEBASTIAO] | distrito São Sebastião,pilha de 12 locais em 50 m (12 localidades rurais distintas)
2933307,Vitória da Conquista,2018,40,2178,ESCOLA MUNICIPAL EUCLIDES DA CUNHA,DISTRITO SÃO SEBASTIÃO,SÃO SEBASTIÃO - ZONA RURAL,-40.8208255,-14.8698138,-40.655876,-14.783164,20.2,estabelecimento,alta,ESCOLA MUNICIPAL EUCLIDES DA CUNHA [SAO SEBASTIAO] | distrito São Sebastião,pilha de 11 locais em 50 m (11 localidades rurais distintas)
2933307,Vitória da Conquista,2020,40,2178,ESCOLA MUNICIPAL EUCLIDES DA CUNHA,DISTRITO SÃO SEBASTIÃO,SÃO SEBASTIÃO - ZONA RURAL,-40.8208255,-14.8698138,-40.655876,-14.783164,20.2,estabelecimento,alta,ESCOLA MUNICIPAL EUCLIDES DA CUNHA [SAO SEBASTIAO] | distrito São Sebastião,pilha de 12 locais em 50 m (12 localidades rurais distintas)
2933307,Vitória da Conquista,2022,40,2178,ESCOLA MUNICIPAL EUCLIDES DA CUNHA,DISTRITO SÃO SEBASTIÃO,SÃO SEBASTIÃO - ZONA RURAL,-40.8208255,-14.8698138,-40.655876,-14.783164,20.2,estabelecimento,alta,ESCOLA MUNICIPAL EUCLIDES DA CUNHA [SAO SEBASTIAO] | distrito São Sebastião,pilha de 12 locais em 50 m (12 localidades rurais distintas)
2933307,Vitória da Conquista,2006,40,2186,ESCOLA MUNICIPAL RÉGIS PACHECO,DISTRITO JOSÉ GONÇALVES,POVOADO SERRA GRANDE - ZONA RURAL,-41.0386021,-14.6786294,-40.907147,-14.694941,14.27,estabelecimento,alta,ESCOLA MUNICIPAL REGIS PACHECO [MORRO VERDE] | distrito José Gonçalves,fora do municipio (8.6 km alem da divisa)
2933307,Vitória da Conquista,2008,40,2186,ESCOLA MUNICIPAL RÉGIS PACHECO,DISTRITO JOSÉ GONÇALVES,POVOADO SERRA GRANDE - ZONA RURAL,-41.0386021,-14.6786294,-40.907147,-14.694941,14.27,estabelecimento,alta,ESCOLA MUNICIPAL REGIS PACHECO [MORRO VERDE] | distrito José Gonçalves,fora do municipio (8.6 km alem da divisa)
2933307,Vitória da Conquista,2010,40,2186,ESCOLA MUNICIPAL RÉGIS PACHECO,DISTRITO JOSÉ GONÇALVES,POVOADO SERRA GRANDE - ZONA RURAL,-41.0386021,-14.6786294,-40.907147,-14.694941,14.27,estabelecimento,alta,ESCOLA MUNICIPAL REGIS PACHECO [MORRO VERDE] | distrito José Gonçalves,fora do municipio (8.6 km alem da divisa)
2933307,Vitória da Conquista,2012,40,2186,ESCOLA MUNICIPAL RÉGIS PACHECO,DISTRITO JOSÉ GONÇALVES,POVOADO SERRA GRANDE - ZONA RURAL,-41.0386021,-14.6786294,-40.907147,-14.694941,14.27,estabelecimento,alta,ESCOLA MUNICIPAL REGIS PACHECO [MORRO VERDE] | distrito José Gonçalves,fora do municipio (8.6 km alem da divisa)
2933307,Vitória da Conquista,2014,40,2186,ESCOLA MUNICIPAL RÉGIS PACHECO,DISTRITO JOSÉ GONÇALVES,POVOADO SERRA GRANDE - ZONA RURAL,-41.0386021,-14.6786294,-40.907147,-14.694941,14.27,estabelecimento,alta,ESCOLA MUNICIPAL REGIS PACHECO [MORRO VERDE] | distrito José Gonçalves,fora do municipio (8.6 km alem da divisa)
2933307,Vitória da Conquista,2016,40,2186,ESCOLA MUNICIPAL RÉGIS PACHECO,DISTRITO JOSÉ GONÇALVES,POVOADO SERRA GRANDE - ZONA RURAL,-41.0386021,-14.6786294,-40.907147,-14.694941,14.27,estabelecimento,alta,ESCOLA MUNICIPAL REGIS PACHECO [MORRO VERDE] | distrito José Gonçalves,fora do municipio (8.6 km alem da divisa)
2933307,Vitória da Conquista,2018,40,2186,ESCOLA MUNICIPAL RÉGIS PACHECO,DISTRITO JOSÉ GONÇALVES,POVOADO SERRA GRANDE - ZONA RURAL,-41.0386021,-14.6786294,-40.907147,-14.694941,14.27,estabelecimento,alta,ESCOLA MUNICIPAL REGIS PACHECO [MORRO VERDE] | distrito José Gonçalves,fora do municipio (8.6 km alem da divisa)
2933307,Vitória da Conquista,2020,40,2186,ESCOLA MUNICIPAL RÉGIS PACHECO,DISTRITO JOSÉ GONÇALVES,POVOADO SERRA GRANDE - ZONA RURAL,-41.0386021,-14.6786294,-40.907147,-14.694941,14.27,estabelecimento,alta,ESCOLA MUNICIPAL REGIS PACHECO [MORRO VERDE] | distrito José Gonçalves,fora do municipio (8.6 km alem da divisa)
2933307,Vitória da Conquista,2022,40,2186,ESCOLA MUNICIPAL RÉGIS PACHECO,DISTRITO JOSÉ GONÇALVES,POVOADO SERRA GRANDE - ZONA RURAL,-41.0386021,-14.6786294,-40.907147,-14.694941,14.27,estabelecimento,alta,ESCOLA MUNICIPAL REGIS PACHECO [MORRO VERDE] | distrito José Gonçalves,fora do municipio (8.6 km alem da divisa)
2933307,Vitória da Conquista,2024,40,2186,ESCOLA MUNICIPAL RÉGIS PACHECO,DISTRITO JOSÉ GONÇALVES,POVOADO SERRA GRANDE - ZONA RURAL,-40.8195076,-14.8704022,-40.907147,-14.694941,21.69,estabelecimento,alta,ESCOLA MUNICIPAL REGIS PACHECO [MORRO VERDE] | distrito José Gonçalves,movido por reposicionar_locais_fora_do_bairro.py
2933307,Vitória da Conquista,2024,40,2194,CENTRO EDUCACIONAL MUNICIPAL MOISÉS MEIRA,DISTRITO JOSÉ GONÇALVES,JOSÉ GONÇALVES - ZONA RURAL,-40.8206312,-14.8703476,-40.726712,-14.728317,18.77,estabelecimento,alta,CENTRO EDUCACIONAL MOISES MEIRA [JOSE GONCALVES] | distrito José Gonçalves,pilha de 14 locais em 50 m (14 localidades rurais distintas)
2933307,Vitória da Conquista,2006,40,2216,ESCOLA MUNICIPAL EUSTAQUIO BLEZZA SERRANO,DISTRITO JOSE GONCALVES,POVOADO BAIXA DO MUQUEM - ZONA RURAL,-40.8494992,-14.6274468,,,,nao corrigido,,sem correspondencia no CNEFE,fora do municipio (5.3 km alem da divisa)
2933307,Vitória da Conquista,2008,40,2216,ESCOLA MUNICIPAL EUSTAQUIO BLEZZA SERRANO,DISTRITO JOSE GONCALVES,POVOADO BAIXA DO MUQUEM - ZONA RURAL,-40.8494992,-14.6274468,,,,nao corrigido,,sem correspondencia no CNEFE,fora do municipio (5.3 km alem da divisa)
2933307,Vitória da Conquista,2010,40,2216,ESCOLA MUNICIPAL EUSTAQUIO BLEZZA SERRANO,DISTRITO JOSE GONCALVES,POVOADO BAIXA DO MUQUEM - ZONA RURAL,-40.8494992,-14.6274468,,,,nao corrigido,,sem correspondencia no CNEFE,fora do municipio (5.3 km alem da divisa)
2933307,Vitória da Conquista,2012,40,2216,ESCOLA MUNICIPAL EUSTAQUIO BLEZZA SERRANO,DISTRITO JOSE GONCALVES,POVOADO BAIXA DO MUQUEM - ZONA RURAL,-40.8494992,-14.6274468,,,,nao corrigido,,sem correspondencia no CNEFE,fora do municipio (5.3 km alem da divisa)
2933307,Vitória da Conquista,2014,40,2216,ESCOLA MUNICIPAL EUSTAQUIO BLEZZA SERRANO,DISTRITO JOSE GONCALVES,POVOADO BAIXA DO MUQUEM - ZONA RURAL,-40.8494992,-14.6274468,,,,nao corrigido,,sem correspondencia no CNEFE,fora do municipio (5.3 km alem da divisa)
2933307,Vitória da Conquista,2016,40,2216,ESCOLA MUNICIPAL EUSTAQUIO BLEZZA SERRANO,DISTRITO JOSE GONCALVES,POVOADO BAIXA DO MUQUEM - ZONA RURAL,-40.8494992,-14.6274468,,,,nao corrigido,,sem correspondencia no CNEFE,fora do municipio (5.3 km alem da divisa)
2933307,Vitória da Conquista,2018,40,2216,POSTO DE SAÚDE BAIXA DO MUQUÉM,DISTRITO JOSÉ GONÇALVES,POVOADO MUQUÉM - ZONA RURAL,-40.8494992,-14.6274468,,,,nao corrigido,,sem correspondencia no CNEFE,fora do municipio (5.3 km alem da divisa)
2933307,Vitória da Conquista,2020,40,2216,POSTO DE SAÚDE BAIXA DO MUQUÉM,DISTRITO JOSÉ GONÇALVES,POVOADO MUQUÉM - ZONA RURAL,-40.8494992,-14.6274468,,,,nao corrigido,,sem correspondencia no CNEFE,fora do municipio (5.3 km alem da divisa)
2933307,Vitória da Conquista,2022,40,2216,POSTO DE SAÚDE BAIXA DO MUQUÉM,DISTRITO JOSÉ GONÇALVES,POVOADO MUQUÉM - ZONA RURAL,-40.8494992,-14.6274468,,,,nao corrigido,,sem correspondencia no CNEFE,fora do municipio (5.3 km alem da divisa)
2933307,Vitória da Conquista,2024,40,2216,POSTO DE SAÚDE BAIXA DO MUQUÉM,DISTRITO JOSÉ GONÇALVES,POVOADO MUQUÉM - ZONA RURAL,-40.8212694,-14.8694391,,,,nao corrigido,,sem correspondencia no CNEFE,movido por reposicionar_locais_fora_do_bairro.py
2933307,Vitória da Conquista,2010,40,2240,ESCOLA MUNICIPAL JOSÉ MAXIMILIANO FERNANDES,DISTRITO CABECEIRA DA JIBÓIA,POVOADO BOA VISTA - ZONA RURAL,-40.776148,-15.0852528,-40.78118,-15.118078,3.69,localidade,media,"localidade BOA VISTA (217 enderecos, raio 1.4 km) | distrito Cabeceira da Jiboia",movido por reposicionar_locais_fora_do_bairro.py
2933307,Vitória da Conquista,2006,40,2526,ESCOLA MUNICIPAL PLÍNIO DE LIMA,DISTRITO SÃO SEBASTIÃO,POVOADO CALDEIRÃO - ZONA RURAL,-40.8206081,-14.8703604,-40.584638,-14.708695,31.13,estabelecimento,alta,ESCOLA MUNICIPAL PLINIO DE LIMA [CALDEIRAO BREJO] | distrito São Sebastião,pilha de 10 locais em 50 m (9 localidades rurais distintas)
2933307,Vitória da Conquista,2008,40,2526,ESCOLA MUNICIPAL PLÍNIO DE LIMA,DISTRITO SÃO SEBASTIÃO,POVOADO CALDEIRÃO - ZONA RURAL,-40.8206081,-14.8703604,-40.584638,-14.708695,31.13,estabelecimento,alta,ESCOLA MUNICIPAL PLINIO DE LIMA [CALDEIRAO BREJO] | distrito São Sebastião,pilha de 10 locais em 50 m (9 localidades rurais distintas)
2933307,Vitória da Conquista,2010,40,2526,ESCOLA MUNICIPAL PLÍNIO DE LIMA,DISTRITO SÃO SEBASTIÃO,POVOADO CALDEIRÃO - ZONA RURAL,-40.8206081,-14.8703604,-40.584638,-14.708695,31.13,estabelecimento,alta,ESCOLA MUNICIPAL PLINIO DE LIMA [CALDEIRAO BREJO] | distrito São Sebastião,pilha de 10 locais em 50 m (9 localidades rurais distintas)
2933307,Vitória da Conquista,2012,40,2526,ESCOLA MUNICIPAL PLÍNIO DE LIMA,DISTRITO SÃO SEBASTIÃO,POVOADO CALDEIRÃO - ZONA RURAL,-40.8206081,-14.8703604,-40.584638,-14.708695,31.13,estabelecimento,alta,ESCOLA MUNICIPAL PLINIO DE LIMA [CALDEIRAO BREJO] | distrito São Sebastião,pilha de 10 locais em 50 m (9 localidades rurais distintas)
2933307,Vitória da Conquista,2014,40,2526,ESCOLA MUNICIPAL PLÍNIO DE LIMA,DISTRITO SÃO SEBASTIÃO,POVOADO CALDEIRÃO - ZONA RURAL,-40.8206081,-14.8703604,-40.584638,-14.708695,31.13,estabelecimento,alta,ESCOLA MUNICIPAL PLINIO DE LIMA [CALDEIRAO BREJO] | distrito São Sebastião,pilha de 10 locais em 50 m (9 localidades rurais distintas)
2933307,Vitória da Conquista,2016,40,2526,ESCOLA MUNICIPAL PLÍNIO DE LIMA,DISTRITO SÃO SEBASTIÃO,POVOADO CALDEIRÃO - ZONA RURAL,-40.8206081,-14.8703604,-40.584638,-14.708695,31.13,estabelecimento,alta,ESCOLA MUNICIPAL PLINIO DE LIMA [CALDEIRAO BREJO] | distrito São Sebastião,pilha de 11 locais em 50 m (10 localidades rurais distintas)
2933307,Vitória da Conquista,2018,40,2526,ESCOLA MUNICIPAL PLÍNIO DE LIMA,DISTRITO SÃO SEBASTIÃO,POVOADO CALDEIRÃO - ZONA RURAL,-40.8206081,-14.8703604,-40.584638,-14.708695,31.13,estabelecimento,alta,ESCOLA MUNICIPAL PLINIO DE LIMA [CALDEIRAO BREJO] | distrito São Sebastião,pilha de 12 locais em 50 m (11 localidades rurais distintas)
2933307,Vitória da Conquista,2020,40,2526,ESCOLA MUNICIPAL PLÍNIO DE LIMA,DISTRITO SÃO SEBASTIÃO,POVOADO CALDEIRÃO - ZONA RURAL,-40.8206081,-14.8703604,-40.584638,-14.708695,31.13,estabelecimento,alta,ESCOLA MUNICIPAL PLINIO DE LIMA [CALDEIRAO BREJO] | distrito São Sebastião,pilha de 12 locais em 50 m (11 localidades rurais distintas)
2933307,Vitória da Conquista,2022,40,2526,ESCOLA MUNICIPAL PLÍNIO DE LIMA,DISTRITO SÃO SEBASTIÃO,POVOADO CALDEIRÃO - ZONA RURAL,-40.8206081,-14.8703604,-40.584638,-14.708695,31.13,estabelecimento,alta,ESCOLA MUNICIPAL PLINIO DE LIMA [CALDEIRAO BREJO] | distrito São Sebastião,pilha de 12 locais em 50 m (11 localidades rurais distintas)
2933307,Vitória da Conquista,2006,40,2593,ESCOLA MUNICIPAL SÃO DOMINGOS II,DISTRITO SÃO SEBASTIÃO,POVOADO SÃO DOMINGOS II - ZONA RURAL,-40.8208255,-14.8698138,-40.700925,-14.835256,13.46,estabelecimento,alta,ESCOLA MUNICIPAL SAO DOMINGOS II [SAO DOMINGOS] | distrito São Sebastião,pilha de 12 locais em 50 m (12 localidades rurais distintas)
2933307,Vitória da Conquista,2008,40,2593,ESCOLA MUNICIPAL SÃO DOMINGOS II,DISTRITO SÃO SEBASTIÃO,POVOADO SÃO DOMINGOS II - ZONA RURAL,-40.8208255,-14.8698138,-40.700925,-14.835256,13.46,estabelecimento,alta,ESCOLA MUNICIPAL SAO DOMINGOS II [SAO DOMINGOS] | distrito São Sebastião,pilha de 12 locais em 50 m (12 localidades rurais distintas)
2933307,Vitória da Conquista,2010,40,2593,ESCOLA MUNICIPAL SÃO DOMINGOS II,DISTRITO SÃO SEBASTIÃO,POVOADO SÃO DOMINGOS II - ZONA RURAL,-40.8208255,-14.8698138,-40.700925,-14.835256,13.46,estabelecimento,alta,ESCOLA MUNICIPAL SAO DOMINGOS II [SAO DOMINGOS] | distrito São Sebastião,pilha de 12 locais em 50 m (12 localidades rurais distintas)
2933307,Vitória da Conquista,2012,40,2593,ESCOLA MUNICIPAL SÃO DOMINGOS II,DISTRITO SÃO SEBASTIÃO,POVOADO SÃO DOMINGOS II - ZONA RURAL,-40.8208255,-14.8698138,-40.700925,-14.835256,13.46,estabelecimento,alta,ESCOLA MUNICIPAL SAO DOMINGOS II [SAO DOMINGOS] | distrito São Sebastião,pilha de 12 locais em 50 m (12 localidades rurais distintas)
2933307,Vitória da Conquista,2014,40,2593,ESCOLA MUNICIPAL SÃO DOMINGOS II,DISTRITO SÃO SEBASTIÃO,POVOADO SÃO DOMINGOS II - ZONA RURAL,-40.8208255,-14.8698138,-40.700925,-14.835256,13.46,estabelecimento,alta,ESCOLA MUNICIPAL SAO DOMINGOS II [SAO DOMINGOS] | distrito São Sebastião,pilha de 12 locais em 50 m (12 localidades rurais distintas)
2933307,Vitória da Conquista,2016,40,2593,ESCOLA MUNICIPAL SÃO DOMINGOS II,DISTRITO SÃO SEBASTIÃO,POVOADO SÃO DOMINGOS II - ZONA RURAL,-40.8208255,-14.8698138,-40.700925,-14.835256,13.46,estabelecimento,alta,ESCOLA MUNICIPAL SAO DOMINGOS II [SAO DOMINGOS] | distrito São Sebastião,pilha de 12 locais em 50 m (12 localidades rurais distintas)
2933307,Vitória da Conquista,2018,40,2593,ESCOLA MUNICIPAL SÃO DOMINGOS II,DISTRITO SÃO SEBASTIÃO,POVOADO SÃO DOMINGOS II - ZONA RURAL,-40.8208255,-14.8698138,-40.700925,-14.835256,13.46,estabelecimento,alta,ESCOLA MUNICIPAL SAO DOMINGOS II [SAO DOMINGOS] | distrito São Sebastião,pilha de 11 locais em 50 m (11 localidades rurais distintas)
2933307,Vitória da Conquista,2020,40,2593,ESCOLA MUNICIPAL SÃO DOMINGOS II,DISTRITO SÃO SEBASTIÃO,POVOADO SÃO DOMINGOS II - ZONA RURAL,-40.8208255,-14.8698138,-40.700925,-14.835256,13.46,estabelecimento,alta,ESCOLA MUNICIPAL SAO DOMINGOS II [SAO DOMINGOS] | distrito São Sebastião,pilha de 12 locais em 50 m (12 localidades rurais distintas)
2933307,Vitória da Conquista,2022,40,2593,ESCOLA MUNICIPAL SÃO DOMINGOS II,DISTRITO SÃO SEBASTIÃO,POVOADO SÃO DOMINGOS II - ZONA RURAL,-40.8208255,-14.8698138,-40.700925,-14.835256,13.46,estabelecimento,alta,ESCOLA MUNICIPAL SAO DOMINGOS II [SAO DOMINGOS] | distrito São Sebastião,pilha de 12 locais em 50 m (12 localidades rurais distintas)
2933307,Vitória da Conquista,2006,40,2682,ESCOLA MUNICIPAL D. PEDRO I,DISTRITO SEDE,POVOADO LAGOA DA JIBÓIA - ZONA RURAL,-40.9669139,-14.732827,,,,nao corrigido,,sem correspondencia no CNEFE,fora do municipio (4.2 km alem da divisa)
2933307,Vitória da Conquista,2008,40,2682,ESCOLA MUNICIPAL D. PEDRO I,DISTRITO SEDE,POVOADO LAGOA DA JIBÓIA - ZONA RURAL,-40.9669139,-14.732827,,,,nao corrigido,,sem correspondencia no CNEFE,fora do municipio (4.2 km alem da divisa)
2933307,Vitória da Conquista,2010,40,2682,ESCOLA MUNICIPAL D. PEDRO I,DISTRITO SEDE,POVOADO LAGOA DA JIBÓIA - ZONA RURAL,-40.9669139,-14.732827,,,,nao corrigido,,sem correspondencia no CNEFE,fora do municipio (4.2 km alem da divisa)
2933307,Vitória da Conquista,2012,40,2682,ESCOLA MUNICIPAL D. PEDRO I,DISTRITO SEDE,POVOADO LAGOA DA JIBÓIA - ZONA RURAL,-40.9669139,-14.732827,,,,nao corrigido,,sem correspondencia no CNEFE,fora do municipio (4.2 km alem da divisa)
2933307,Vitória da Conquista,2014,40,2682,ESCOLA MUNICIPAL D. PEDRO I,DISTRITO SEDE,POVOADO LAGOA DA JIBÓIA - ZONA RURAL,-40.9669139,-14.732827,,,,nao corrigido,,sem correspondencia no CNEFE,fora do municipio (4.2 km alem da divisa)
2933307,Vitória da Conquista,2016,40,2682,ESCOLA MUNICIPAL D. PEDRO I,DISTRITO SEDE,POVOADO LAGOA DA JIBÓIA - ZONA RURAL,-40.9669139,-14.732827,,,,nao corrigido,,sem correspondencia no CNEFE,fora do municipio (4.2 km alem da divisa)
2933307,Vitória da Conquista,2018,40,2682,ESCOLA MUNICIPAL D. PEDRO I,DISTRITO SEDE,POVOADO LAGOA DA JIBÓIA - ZONA RURAL,-40.9669139,-14.732827,,,,nao corrigido,,sem correspondencia no CNEFE,fora do municipio (4.2 km alem da divisa)
2933307,Vitória da Conquista,2020,40,2682,ESCOLA MUNICIPAL D. PEDRO I,DISTRITO SEDE,POVOADO LAGOA DA JIBÓIA - ZONA RURAL,-40.9669139,-14.732827,,,,nao corrigido,,sem correspondencia no CNEFE,fora do municipio (4.2 km alem da divisa)
2933307,Vitória da Conquista,2022,40,2682,ESCOLA MUNICIPAL D. PEDRO I,DISTRITO SEDE,POVOADO LAGOA DA JIBÓIA - ZONA RURAL,-40.9669139,-14.732827,,,,nao corrigido,,sem correspondencia no CNEFE,fora do municipio (4.2 km alem da divisa)
2933307,Vitória da Conquista,2024,40,2682,ESCOLA MUNICIPAL D. PEDRO I,DISTRITO SEDE,POVOADO LAGOA DA JIBÓIA - ZONA RURAL,-40.9669,-14.7329792,,,,nao corrigido,,sem correspondencia no CNEFE,fora do municipio (4.2 km alem da divisa)
2933307,Vitória da Conquista,2006,40,2798,ESCOLA MUNICIPAL CORONEL GUGÉ,DISTRITO JOSÉ GONÇALVES,POVOADO MÃE ELEOTÉRIA - ZONA RURAL,-40.7406068,-14.6388972,,,,nao corrigido,,sem correspondencia no CNEFE,fora do municipio (4.2 km alem da divisa)
2933307,Vitória da Conquista,2008,40,2798,ESCOLA MUNICIPAL CORONEL GUGÉ,DISTRITO JOSÉ GONÇALVES,POVOADO MÃE ELEOTÉRIA - ZONA RURAL,-40.7406068,-14.6388972,,,,nao corrigido,,sem correspondencia no CNEFE,fora do municipio (4.2 km alem da divisa)
2933307,Vitória da Conquista,2010,40,2798,ESCOLA MUNICIPAL CORONEL GUGÉ,DISTRITO JOSÉ GONÇALVES,POVOADO MÃE ELEOTÉRIA - ZONA RURAL,-40.7406068,-14.6388972,,,,nao corrigido,,sem correspondencia no CNEFE,fora do municipio (4.2 km alem da divisa)
2933307,Vitória da Conquista,2012,40,2798,ESCOLA MUNICIPAL CORONEL GUGÉ,DISTRITO JOSÉ GONÇALVES,POVOADO MÃE ELEOTÉRIA - ZONA RURAL,-40.7406068,-14.6388972,,,,nao corrigido,,sem correspondencia no CNEFE,fora do municipio (4.2 km alem da divisa)
2933307,Vitória da Conquista,2014,40,2798,ESCOLA MUNICIPAL CORONEL GUGÉ,DISTRITO JOSÉ GONÇALVES,POVOADO MÃE ELEOTÉRIA - ZONA RURAL,-40.7406068,-14.6388972,,,,nao corrigido,,sem correspondencia no CNEFE,fora do municipio (4.2 km alem da divisa)
2933307,Vitória da Conquista,2016,40,2798,ESCOLA MUNICIPAL CORONEL GUGÉ,DISTRITO JOSÉ GONÇALVES,POVOADO MÃE ELEOTÉRIA - ZONA RURAL,-40.7406068,-14.6388972,,,,nao corrigido,,sem correspondencia no CNEFE,fora do municipio (4.2 km alem da divisa)
2933307,Vitória da Conquista,2018,40,2798,ESCOLA MUNICIPAL CORONEL GUGÉ,DISTRITO JOSÉ GONÇALVES,POVOADO MÃE ELEOTÉRIA - ZONA RURAL,-40.7406068,-14.6388972,,,,nao corrigido,,sem correspondencia no CNEFE,fora do municipio (4.2 km alem da divisa)
2933307,Vitória da Conquista,2020,40,2798,ESCOLA MUNICIPAL CORONEL GUGÉ,DISTRITO JOSÉ GONÇALVES,POVOADO MÃE ELEOTÉRIA - ZONA RURAL,-40.7406068,-14.6388972,,,,nao corrigido,,sem correspondencia no CNEFE,fora do municipio (4.2 km alem da divisa)
2933307,Vitória da Conquista,2022,40,2798,ESCOLA MUNICIPAL CORONEL GUGÉ,DISTRITO JOSÉ GONÇALVES,POVOADO MÃE ELEOTÉRIA - ZONA RURAL,-40.7406068,-14.6388972,,,,nao corrigido,,sem correspondencia no CNEFE,fora do municipio (4.2 km alem da divisa)
2933307,Vitória da Conquista,2024,40,2798,ESCOLA MUNICIPAL CORONEL GUGÉ,DISTRITO JOSÉ GONÇALVES,POVOADO MÃE ELEOTÉRIA - ZONA RURAL,-40.8206199,-14.8703227,,,,nao corrigido,,sem correspondencia no CNEFE,pilha de 14 locais em 50 m (14 localidades rurais distintas)
2933307,Vitória da Conquista,2024,40,3239,ESCOLA MUNICIPAL LAUDIONOR BRASIL,DISTRITO JOSÉ GONÇALVES,POVOADO TIGRE - ZONA RURAL,-40.8206431,-14.870327,-40.832725,-14.743557,14.17,estabelecimento,alta,ESCOLA MUNICIPAL LAUDIONOR BRASIL [TIGRE] | distrito José Gonçalves,pilha de 14 locais em 50 m (14 localidades rurais distintas)
2933307,Vitória da Conquista,2006,40,3271,CENTRO EDUCACIONAL FÁBIO HENRIQUE,DISTRITO CERCADINHO,ASSENTAMENTO CALDEIRÃO- ZONA RURAL,-40.8207395,-14.8702924,-41.011037,-15.319276,54.0,localidade,media,"localidade CALDEIRAO (39 enderecos, raio 2.0 km) | distrito Cercadinho",pilha de 10 locais em 50 m (9 localidades rurais distintas)
2933307,Vitória da Conquista,2008,40,3271,CENTRO EDUCACIONAL FÁBIO HENRIQUE,DISTRITO CERCADINHO,ASSENTAMENTO CALDEIRÃO- ZONA RURAL,-40.8207395,-14.8702924,-41.011037,-15.319276,54.0,localidade,media,"localidade CALDEIRAO (39 enderecos, raio 2.0 km) | distrito Cercadinho",pilha de 10 locais em 50 m (9 localidades rurais distintas)
2933307,Vitória da Conquista,2010,40,3271,CENTRO EDUCACIONAL FÁBIO HENRIQUE,DISTRITO CERCADINHO,ASSENTAMENTO CALDEIRÃO- ZONA RURAL,-40.8207395,-14.8702924,-41.011037,-15.319276,54.0,localidade,media,"localidade CALDEIRAO (39 enderecos, raio 2.0 km) | distrito Cercadinho",pilha de 10 locais em 50 m (9 localidades rurais distintas)
2933307,Vitória da Conquista,2012,40,3271,CENTRO EDUCACIONAL FÁBIO HENRIQUE,DISTRITO CERCADINHO,ASSENTAMENTO CALDEIRÃO- ZONA RURAL,-40.8207395,-14.8702924,-41.011037,-15.319276,54.0,localidade,media,"localidade CALDEIRAO (39 enderecos, raio 2.0 km) | distrito Cercadinho",pilha de 10 locais em 50 m (9 localidades rurais distintas)
2933307,Vitória da Conquista,2014,40,3271,CENTRO EDUCACIONAL FÁBIO HENRIQUE,DISTRITO CERCADINHO,ASSENTAMENTO CALDEIRÃO- ZONA RURAL,-40.8207395,-14.8702924,-41.011037,-15.319276,54.0,localidade,media,"localidade CALDEIRAO (39 enderecos, raio 2.0 km) | distrito Cercadinho",pilha de 10 locais em 50 m (9 localidades rurais distintas)
2933307,Vitória da Conquista,2016,40,3271,CENTRO EDUCACIONAL FÁBIO HENRIQUE,DISTRITO CERCADINHO,ASSENTAMENTO CALDEIRÃO- ZONA RURAL,-40.8207395,-14.8702924,-41.011037,-15.319276,54.0,localidade,media,"localidade CALDEIRAO (39 enderecos, raio 2.0 km) | distrito Cercadinho",pilha de 11 locais em 50 m (10 localidades rurais distintas)
2933307,Vitória da Conquista,2018,40,3271,CENTRO EDUCACIONAL FÁBIO HENRIQUE,DISTRITO CERCADINHO,ASSENTAMENTO CALDEIRÃO- ZONA RURAL,-40.8207395,-14.8702924,-41.011037,-15.319276,54.0,localidade,media,"localidade CALDEIRAO (39 enderecos, raio 2.0 km) | distrito Cercadinho",pilha de 12 locais em 50 m (11 localidades rurais distintas)
2933307,Vitória da Conquista,2020,40,3271,CENTRO EDUCACIONAL FÁBIO HENRIQUE,DISTRITO CERCADINHO,ASSENTAMENTO CALDEIRÃO- ZONA RURAL,-40.8207395,-14.8702924,-41.011037,-15.319276,54.0,localidade,media,"localidade CALDEIRAO (39 enderecos, raio 2.0 km) | distrito Cercadinho",pilha de 12 locais em 50 m (11 localidades rurais distintas)
2933307,Vitória da Conquista,2022,40,3271,CENTRO EDUCACIONAL FÁBIO HENRIQUE,DISTRITO CERCADINHO,ASSENTAMENTO CALDEIRÃO- ZONA RURAL,-40.8207395,-14.8702924,-41.011037,-15.319276,54.0,localidade,media,"localidade CALDEIRAO (39 enderecos, raio 2.0 km) | distrito Cercadinho",pilha de 12 locais em 50 m (11 localidades rurais distintas)
2933307,Vitória da Conquista,2006,40,3310,ESCOLA MUNICIPAL MEDEIROS DE ALBUQUERQUE,DISTRITO IGUÁ,POVOADO PÉ DE GALINHA - ZONA RURAL,-40.820679,-14.870159,-40.895622,-14.937739,11.03,estabelecimento,alta,ESCOLA MUNICIPAL MEDEIROS DE ALBUQUERQUE [PE DE GALINHA],pilha de 17 locais em 50 m (16 localidades rurais distintas)
2933307,Vitória da Conquista,2008,40,3310,ESCOLA MUNICIPAL MEDEIROS DE ALBUQUERQUE,DISTRITO IGUÁ,POVOADO PÉ DE GALINHA - ZONA RURAL,-40.820679,-14.870159,-40.895622,-14.937739,11.03,estabelecimento,alta,ESCOLA MUNICIPAL MEDEIROS DE ALBUQUERQUE [PE DE GALINHA],pilha de 17 locais em 50 m (16 localidades rurais distintas)
2933307,Vitória da Conquista,2010,40,3310,ESCOLA MUNICIPAL MEDEIROS DE ALBUQUERQUE,DISTRITO IGUÁ,POVOADO PÉ DE GALINHA - ZONA RURAL,-40.820679,-14.870159,-40.895622,-14.937739,11.03,estabelecimento,alta,ESCOLA MUNICIPAL MEDEIROS DE ALBUQUERQUE [PE DE GALINHA],pilha de 17 locais em 50 m (16 localidades rurais distintas)
2933307,Vitória da Conquista,2012,40,3310,ESCOLA MUNICIPAL MEDEIROS DE ALBUQUERQUE,DISTRITO IGUÁ,POVOADO PÉ DE GALINHA - ZONA RURAL,-40.820679,-14.870159,-40.895622,-14.937739,11.03,estabelecimento,alta,ESCOLA MUNICIPAL MEDEIROS DE ALBUQUERQUE [PE DE GALINHA],pilha de 17 locais em 50 m (16 localidades rurais distintas)
2933307,Vitória da Conquista,2014,40,3310,ESCOLA MUNICIPAL MEDEIROS DE ALBUQUERQUE,DISTRITO IGUÁ,POVOADO PÉ DE GALINHA - ZONA RURAL,-40.820679,-14.870159,-40.895622,-14.937739,11.03,estabelecimento,alta,ESCOLA MUNICIPAL MEDEIROS DE ALBUQUERQUE [PE DE GALINHA],pilha de 17 locais em 50 m (16 localidades rurais distintas)
2933307,Vitória da Conquista,2016,40,3310,ESCOLA MUNICIPAL MEDEIROS DE ALBUQUERQUE,DISTRITO IGUÁ,POVOADO PÉ DE GALINHA - ZONA RURAL,-40.820679,-14.870159,-40.895622,-14.937739,11.03,estabelecimento,alta,ESCOLA MUNICIPAL MEDEIROS DE ALBUQUERQUE [PE DE GALINHA],pilha de 18 locais em 50 m (17 localidades rurais distintas)
2933307,Vitória da Conquista,2018,40,3310,ESCOLA MUNICIPAL MEDEIROS DE ALBUQUERQUE,DISTRITO IGUÁ,POVOADO PÉ DE GALINHA - ZONA RURAL,-40.820679,-14.870159,-40.895622,-14.937739,11.03,estabelecimento,alta,ESCOLA MUNICIPAL MEDEIROS DE ALBUQUERQUE [PE DE GALINHA],pilha de 18 locais em 50 m (17 localidades rurais distintas)
2933307,Vitória da Conquista,2020,40,3310,ESCOLA MUNICIPAL MEDEIROS DE ALBUQUERQUE,DISTRITO IGUÁ,POVOADO PÉ DE GALINHA - ZONA RURAL,-40.820679,-14.870159,-40.895622,-14.937739,11.03,estabelecimento,alta,ESCOLA MUNICIPAL MEDEIROS DE ALBUQUERQUE [PE DE GALINHA],pilha de 19 locais em 50 m (18 localidades rurais distintas)
2933307,Vitória da Conquista,2022,40,3310,ESCOLA MUNICIPAL MEDEIROS DE ALBUQUERQUE,DISTRITO IGUÁ,POVOADO PÉ DE GALINHA - ZONA RURAL,-40.820679,-14.870159,-40.895622,-14.937739,11.03,estabelecimento,alta,ESCOLA MUNICIPAL MEDEIROS DE ALBUQUERQUE [PE DE GALINHA],pilha de 19 locais em 50 m (18 localidades rurais distintas)
2933307,Vitória da Conquista,2006,40,3328,ESCOLA MUNICIPAL MANOEL MARTINS FERREIRA,DISTRITO INHOBIM,POVOADO ABELHAS - ZONA RURAL,-40.8208252,-14.8698101,-41.003883,-15.240946,45.76,estabelecimento,alta,ESCOLA MUNICIPALMANOEL MARTINS FERREIRA [ABELHAS] | distrito Inhobim,pilha de 12 locais em 50 m (12 localidades rurais distintas)
2933307,Vitória da Conquista,2008,40,3328,ESCOLA MUNICIPAL MANOEL MARTINS FERREIRA,DISTRITO INHOBIM,POVOADO ABELHAS - ZONA RURAL,-40.8208252,-14.8698101,-41.003883,-15.240946,45.76,estabelecimento,alta,ESCOLA MUNICIPALMANOEL MARTINS FERREIRA [ABELHAS] | distrito Inhobim,pilha de 12 locais em 50 m (12 localidades rurais distintas)
2933307,Vitória da Conquista,2010,40,3328,ESCOLA MUNICIPAL MANOEL MARTINS FERREIRA,DISTRITO INHOBIM,POVOADO ABELHAS - ZONA RURAL,-40.8208252,-14.8698101,-41.003883,-15.240946,45.76,estabelecimento,alta,ESCOLA MUNICIPALMANOEL MARTINS FERREIRA [ABELHAS] | distrito Inhobim,pilha de 12 locais em 50 m (12 localidades rurais distintas)
2933307,Vitória da Conquista,2012,40,3328,ESCOLA MUNICIPAL MANOEL MARTINS FERREIRA,DISTRITO INHOBIM,POVOADO ABELHAS - ZONA RURAL,-40.8208252,-14.8698101,-41.003883,-15.240946,45.76,estabelecimento,alta,ESCOLA MUNICIPALMANOEL MARTINS FERREIRA [ABELHAS] | distrito Inhobim,pilha de 12 locais em 50 m (12 localidades rurais distintas)
2933307,Vitória da Conquista,2014,40,3328,ESCOLA MUNICIPAL MANOEL MARTINS FERREIRA,DISTRITO INHOBIM,POVOADO ABELHAS - ZONA RURAL,-40.8208252,-14.8698101,-41.003883,-15.240946,45.76,estabelecimento,alta,ESCOLA MUNICIPALMANOEL MARTINS FERREIRA [ABELHAS] | distrito Inhobim,pilha de 12 locais em 50 m (12 localidades rurais distintas)
2933307,Vitória da Conquista,2016,40,3328,ESCOLA MUNICIPAL MANOEL MARTINS FERREIRA,DISTRITO INHOBIM,POVOADO ABELHAS - ZONA RURAL,-40.8208252,-14.8698101,-41.003883,-15.240946,45.76,estabelecimento,alta,ESCOLA MUNICIPALMANOEL MARTINS FERREIRA [ABELHAS] | distrito Inhobim,pilha de 12 locais em 50 m (12 localidades rurais distintas)
2933307,Vitória da Conquista,2018,40,3328,ESCOLA MUNICIPAL MANOEL MARTINS FERREIRA,DISTRITO INHOBIM,POVOADO ABELHAS - ZONA RURAL,-40.8208252,-14.8698101,-41.003883,-15.240946,45.76,estabelecimento,alta,ESCOLA MUNICIPALMANOEL MARTINS FERREIRA [ABELHAS] | distrito Inhobim,pilha de 11 locais em 50 m (11 localidades rurais distintas)
2933307,Vitória da Conquista,2020,40,3328,ESCOLA MUNICIPAL MANOEL MARTINS FERREIRA,DISTRITO INHOBIM,POVOADO ABELHAS - ZONA RURAL,-40.8208252,-14.8698101,-41.003883,-15.240946,45.76,estabelecimento,alta,ESCOLA MUNICIPALMANOEL MARTINS FERREIRA [ABELHAS] | distrito Inhobim,pilha de 12 locais em 50 m (12 localidades rurais distintas)
2933307,Vitória da Conquista,2022,40,3328,ESCOLA MUNICIPAL MANOEL MARTINS FERREIRA,DISTRITO INHOBIM,POVOADO ABELHAS - ZONA RURAL,-40.8208252,-14.8698101,-41.003883,-15.240946,45.76,estabelecimento,alta,ESCOLA MUNICIPALMANOEL MARTINS FERREIRA [ABELHAS] | distrito Inhobim,pilha de 12 locais em 50 m (12 localidades rurais distintas)
2933307,Vitória da Conquista,2006,40,3336,ESCOLA MUNICIPAL FAZENDA QUEIMADAS,DISTRITO INHOBIM,POVOADO FAZENDA QUEIMADAS - ZONA RURAL,-40.8204931,-14.8696518,,,,nao corrigido,,sem correspondencia no CNEFE,pilha de 9 locais em 50 m (9 localidades rurais distintas)
2933307,Vitória da Conquista,2008,40,3336,ESCOLA MUNICIPAL FAZENDA QUEIMADAS,DISTRITO INHOBIM,POVOADO FAZENDA QUEIMADAS - ZONA RURAL,-40.8204931,-14.8696518,,,,nao corrigido,,sem correspondencia no CNEFE,pilha de 9 locais em 50 m (9 localidades rurais distintas)
2933307,Vitória da Conquista,2010,40,3336,ESCOLA MUNICIPAL FAZENDA QUEIMADAS,DISTRITO INHOBIM,POVOADO FAZENDA QUEIMADAS - ZONA RURAL,-40.8204931,-14.8696518,,,,nao corrigido,,sem correspondencia no CNEFE,pilha de 9 locais em 50 m (9 localidades rurais distintas)
2933307,Vitória da Conquista,2012,40,3336,ESCOLA MUNICIPAL FAZENDA QUEIMADAS,DISTRITO INHOBIM,POVOADO FAZENDA QUEIMADAS - ZONA RURAL,-40.8204931,-14.8696518,,,,nao corrigido,,sem correspondencia no CNEFE,pilha de 9 locais em 50 m (9 localidades rurais distintas)
2933307,Vitória da Conquista,2014,40,3336,ESCOLA MUNICIPAL FAZENDA QUEIMADAS,DISTRITO INHOBIM,POVOADO FAZENDA QUEIMADAS - ZONA RURAL,-40.8204931,-14.8696518,,,,nao corrigido,,sem correspondencia no CNEFE,pilha de 9 locais em 50 m (9 localidades rurais distintas)
2933307,Vitória da Conquista,2016,40,3336,ESCOLA MUNICIPAL FAZENDA QUEIMADAS,DISTRITO INHOBIM,POVOADO FAZENDA QUEIMADAS - ZONA RURAL,-40.8204931,-14.8696518,,,,nao corrigido,,sem correspondencia no CNEFE,pilha de 9 locais em 50 m (9 localidades rurais distintas)
2933307,Vitória da Conquista,2018,40,3336,ESCOLA MUNICIPAL FAZENDA QUEIMADAS,DISTRITO INHOBIM,POVOADO FAZENDA QUEIMADAS - ZONA RURAL,-40.8204931,-14.8696518,,,,nao corrigido,,sem correspondencia no CNEFE,pilha de 8 locais em 50 m (8 localidades rurais distintas)
2933307,Vitória da Conquista,2020,40,3336,ESCOLA MUNICIPAL FAZENDA QUEIMADAS,DISTRITO INHOBIM,POVOADO FAZENDA QUEIMADAS - ZONA RURAL,-40.8204931,-14.8696518,,,,nao corrigido,,sem correspondencia no CNEFE,pilha de 9 locais em 50 m (9 localidades rurais distintas)
2933307,Vitória da Conquista,2022,40,3336,ESCOLA MUNICIPAL FAZENDA QUEIMADAS,DISTRITO INHOBIM,POVOADO FAZENDA QUEIMADAS - ZONA RURAL,-40.8204931,-14.8696518,,,,nao corrigido,,sem correspondencia no CNEFE,pilha de 9 locais em 50 m (9 localidades rurais distintas)
2933307,Vitória da Conquista,2006,40,3344,ESCOLA MUNICIPAL GENNY FERNANDES ROSA,DISTRITO INHOBIM,POVOADO SOSSEGO DE JOAQUIM VAQUEIRO - ZONA RURAL,-40.8208893,-14.8708926,-40.938098,-15.1609509,34.66,revertido,media,"coordenada original do TSE, anterior ao reposicionamento por bairro",movido por reposicionar_locais_fora_do_bairro.py
2933307,Vitória da Conquista,2008,40,3344,ESCOLA MUNICIPAL GENNY FERNANDES ROSA,DISTRITO INHOBIM,POVOADO SOSSEGO DE JOAQUIM VAQUEIRO - ZONA RURAL,-40.8208893,-14.8708926,-40.938098,-15.1609509,34.66,revertido,media,"coordenada original do TSE, anterior ao reposicionamento por bairro",movido por reposicionar_locais_fora_do_bairro.py
2933307,Vitória da Conquista,2010,40,3344,ESCOLA MUNICIPAL GENNY FERNANDES ROSA,DISTRITO INHOBIM,POVOADO SOSSEGO DE JOAQUIM VAQUEIRO - ZONA RURAL,-40.8208893,-14.8708926,-40.938098,-15.1609509,34.66,revertido,media,"coordenada original do TSE, anterior ao reposicionamento por bairro",movido por reposicionar_locais_fora_do_bairro.py
2933307,Vitória da Conquista,2012,40,3344,ESCOLA MUNICIPAL GENNY FERNANDES ROSA,DISTRITO INHOBIM,POVOADO SOSSEGO DE JOAQUIM VAQUEIRO - ZONA RURAL,-40.8208893,-14.8708926,-40.938098,-15.1609509,34.66,revertido,media,"coordenada original do TSE, anterior ao reposicionamento por bairro",movido por reposicionar_locais_fora_do_bairro.py
2933307,Vitória da Conquista,2014,40,3344,ESCOLA MUNICIPAL GENNY FERNANDES ROSA,DISTRITO INHOBIM,POVOADO SOSSEGO DE JOAQUIM VAQUEIRO - ZONA RURAL,-40.8208893,-14.8708926,-40.938098,-15.1609509,34.66,revertido,media,"coordenada original do TSE, anterior ao reposicionamento por bairro",movido por reposicionar_locais_fora_do_bairro.py
2933307,Vitória da Conquista,2016,40,3344,ESCOLA MUNICIPAL GENNY FERNANDES ROSA,DISTRITO INHOBIM,POVOADO SOSSEGO DE JOAQUIM VAQUEIRO - ZONA RURAL,-40.8208893,-14.8708926,-40.938098,-15.1609509,34.66,revertido,media,"coordenada original do TSE, anterior ao reposicionamento por bairro",movido por reposicionar_locais_fora_do_bairro.py
2933307,Vitória da Conquista,2018,40,3344,ESCOLA MUNICIPAL GENNY FERNANDES ROSA,DISTRITO INHOBIM,POVOADO SOSSEGO DE JOAQUIM VAQUEIRO - ZONA RURAL,-40.8208893,-14.8708926,-40.938098,-15.1609509,34.66,revertido,media,"coordenada original do TSE, anterior ao reposicionamento por bairro",movido por reposicionar_locais_fora_do_bairro.py
2933307,Vitória da Conquista,2020,40,3344,ESCOLA MUNICIPAL GENNY FERNANDES ROSA,DISTRITO INHOBIM,POVOADO SOSSEGO DE JOAQUIM VAQUEIRO - ZONA RURAL,-40.8208893,-14.8708926,-40.938098,-15.1609509,34.66,revertido,media,"coordenada original do TSE, anterior ao reposicionamento por bairro",movido por reposicionar_locais_fora_do_bairro.py
2933307,Vitória da Conquista,2022,40,3344,ESCOLA MUNICIPAL GENNY FERNANDES ROSA,DISTRITO INHOBIM,POVOADO SOSSEGO DE JOAQUIM VAQUEIRO - ZONA RURAL,-40.8208893,-14.8708926,-40.938098,-15.1609509,34.66,revertido,media,"coordenada original do TSE, anterior ao reposicionamento por bairro",movido por reposicionar_locais_fora_do_bairro.py
2933307,Vitória da Conquista,2006,40,3352,ESCOLA MUNICIPAL FAZENDA LIXA,DISTRITO INHOBIM,POVOADO FAZENDA LIXA - ZONA RURAL,-40.8206667,-14.8703946,,,,nao corrigido,,sem correspondencia no CNEFE,pilha de 10 locais em 50 m (9 localidades rurais distintas)
2933307,Vitória da Conquista,2008,40,3352,ESCOLA MUNICIPAL FAZENDA LIXA,DISTRITO INHOBIM,POVOADO FAZENDA LIXA - ZONA RURAL,-40.8206667,-14.8703946,,,,nao corrigido,,sem correspondencia no CNEFE,pilha de 10 locais em 50 m (9 localidades rurais distintas)
2933307,Vitória da Conquista,2010,40,3352,ESCOLA MUNICIPAL FAZENDA LIXA,DISTRITO INHOBIM,POVOADO FAZENDA LIXA - ZONA RURAL,-40.8206667,-14.8703946,,,,nao corrigido,,sem correspondencia no CNEFE,pilha de 10 locais em 50 m (9 localidades rurais distintas)
2933307,Vitória da Conquista,2012,40,3352,ESCOLA MUNICIPAL FAZENDA LIXA,DISTRITO INHOBIM,POVOADO FAZENDA LIXA - ZONA RURAL,-40.8206667,-14.8703946,,,,nao corrigido,,sem correspondencia no CNEFE,pilha de 10 locais em 50 m (9 localidades rurais distintas)
2933307,Vitória da Conquista,2014,40,3352,ESCOLA MUNICIPAL FAZENDA LIXA,DISTRITO INHOBIM,POVOADO FAZENDA LIXA - ZONA RURAL,-40.8206667,-14.8703946,,,,nao corrigido,,sem correspondencia no CNEFE,pilha de 10 locais em 50 m (9 localidades rurais distintas)
2933307,Vitória da Conquista,2016,40,3352,ESCOLA MUNICIPAL FAZENDA LIXA,DISTRITO INHOBIM,POVOADO FAZENDA LIXA - ZONA RURAL,-40.8206667,-14.8703946,,,,nao corrigido,,sem correspondencia no CNEFE,pilha de 11 locais em 50 m (10 localidades rurais distintas)
2933307,Vitória da Conquista,2018,40,3352,ESCOLA MUNICIPAL FAZENDA LIXA,DISTRITO INHOBIM,POVOADO FAZENDA LIXA - ZONA RURAL,-40.8206667,-14.8703946,,,,nao corrigido,,sem correspondencia no CNEFE,pilha de 12 locais em 50 m (11 localidades rurais distintas)
2933307,Vitória da Conquista,2020,40,3352,ESCOLA MUNICIPAL FAZENDA LIXA,DISTRITO INHOBIM,POVOADO FAZENDA LIXA - ZONA RURAL,-40.8206667,-14.8703946,,,,nao corrigido,,sem correspondencia no CNEFE,pilha de 12 locais em 50 m (11 localidades rurais distintas)
2933307,Vitória da Conquista,2022,40,3352,ESCOLA MUNICIPAL FAZENDA LIXA,DISTRITO INHOBIM,POVOADO FAZENDA LIXA - ZONA RURAL,-40.8206667,-14.8703946,,,,nao corrigido,,sem correspondencia no CNEFE,pilha de 12 locais em 50 m (11 localidades rurais distintas)
2933307,Vitória da Conquista,2006,40,3360,ESCOLA MUNICIPAL PADRE LUIS SOARES PALMEIRAS,DISTRITO SÃO JOÃO DA VITÓRIA,POVOADO CORTA LOTE - ZONA RURAL,-40.8208919,-14.8701062,-41.033919,-15.143107,38.06,localidade,media,"localidade CORTA LOTE (176 enderecos, raio 0.4 km) | distrito São João da Vitória",pilha de 14 locais em 50 m (13 localidades rurais distintas)
2933307,Vitória da Conquista,2008,40,3360,ESCOLA MUNICIPAL PADRE LUIS SOARES PALMEIRAS,DISTRITO SÃO JOÃO DA VITÓRIA,POVOADO CORTA LOTE - ZONA RURAL,-40.8208919,-14.8701062,-41.033919,-15.143107,38.06,localidade,media,"localidade CORTA LOTE (176 enderecos, raio 0.4 km) | distrito São João da Vitória",pilha de 14 locais em 50 m (13 localidades rurais distintas)
2933307,Vitória da Conquista,2010,40,3360,ESCOLA MUNICIPAL PADRE LUIS SOARES PALMEIRAS,DISTRITO SÃO JOÃO DA VITÓRIA,POVOADO CORTA LOTE - ZONA RURAL,-40.8208919,-14.8701062,-41.033919,-15.143107,38.06,localidade,media,"localidade CORTA LOTE (176 enderecos, raio 0.4 km) | distrito São João da Vitória",pilha de 14 locais em 50 m (13 localidades rurais distintas)
2933307,Vitória da Conquista,2012,40,3360,ESCOLA MUNICIPAL PADRE LUIS SOARES PALMEIRAS,DISTRITO SÃO JOÃO DA VITÓRIA,POVOADO CORTA LOTE - ZONA RURAL,-40.8208919,-14.8701062,-41.033919,-15.143107,38.06,localidade,media,"localidade CORTA LOTE (176 enderecos, raio 0.4 km) | distrito São João da Vitória",pilha de 14 locais em 50 m (13 localidades rurais distintas)
2933307,Vitória da Conquista,2014,40,3360,ESCOLA MUNICIPAL PADRE LUIS SOARES PALMEIRAS,DISTRITO SÃO JOÃO DA VITÓRIA,POVOADO CORTA LOTE - ZONA RURAL,-40.8208919,-14.8701062,-41.033919,-15.143107,38.06,localidade,media,"localidade CORTA LOTE (176 enderecos, raio 0.4 km) | distrito São João da Vitória",pilha de 14 locais em 50 m (13 localidades rurais distintas)
2933307,Vitória da Conquista,2016,40,3360,ESCOLA MUNICIPAL PADRE LUIS SOARES PALMEIRAS,DISTRITO SÃO JOÃO DA VITÓRIA,POVOADO CORTA LOTE - ZONA RURAL,-40.8208919,-14.8701062,-41.033919,-15.143107,38.06,localidade,media,"localidade CORTA LOTE (176 enderecos, raio 0.4 km) | distrito São João da Vitória",pilha de 15 locais em 50 m (14 localidades rurais distintas)
2933307,Vitória da Conquista,2018,40,3360,ESCOLA MUNICIPAL PADRE LUIS SOARES PALMEIRAS,DISTRITO SÃO JOÃO DA VITÓRIA,POVOADO CORTA LOTE - ZONA RURAL,-40.8208919,-14.8701062,-41.033919,-15.143107,38.06,localidade,media,"localidade CORTA LOTE (176 enderecos, raio 0.4 km) | distrito São João da Vitória",pilha de 15 locais em 50 m (14 localidades rurais distintas)
2933307,Vitória da Conquista,2020,40,3360,ESCOLA MUNICIPAL PADRE LUIS SOARES PALMEIRAS,DISTRITO SÃO JOÃO DA VITÓRIA,POVOADO CORTA LOTE - ZONA RURAL,-40.8208919,-14.8701062,-41.033919,-15.143107,38.06,localidade,media,"localidade CORTA LOTE (176 enderecos, raio 0.4 km) | distrito São João da Vitória",pilha de 16 locais em 50 m (15 localidades rurais distintas)
2933307,Vitória da Conquista,2022,40,3360,ESCOLA MUNICIPAL PADRE LUIS SOARES PALMEIRAS,DISTRITO SÃO JOÃO DA VITÓRIA,POVOADO CORTA LOTE - ZONA RURAL,-40.8208919,-14.8701062,-41.033919,-15.143107,38.06,localidade,media,"localidade CORTA LOTE (176 enderecos, raio 0.4 km) | distrito São João da Vitória",pilha de 16 locais em 50 m (15 localidades rurais distintas)
2933307,Vitória da Conquista,2006,40,3379,ESCOLA MUNICIPAL SÃO DOMINGOS I,DISTRITO SÃO SEBASTIÃO,POVOADO SÃO DOMINGOS I - ZONA RURAL,-40.8208255,-14.8698138,,,,nao corrigido,,descartado: ESCOLA MUNICIPAL SAO DOMINGOS II [SAO DOMINGOS] | distrito São Sebastião cairia sobre outro local (< 50 m),pilha de 12 locais em 50 m (12 localidades rurais distintas)
2933307,Vitória da Conquista,2008,40,3379,ESCOLA MUNICIPAL SÃO DOMINGOS I,DISTRITO SÃO SEBASTIÃO,POVOADO SÃO DOMINGOS I - ZONA RURAL,-40.8208255,-14.8698138,,,,nao corrigido,,descartado: ESCOLA MUNICIPAL SAO DOMINGOS II [SAO DOMINGOS] | distrito São Sebastião cairia sobre outro local (< 50 m),pilha de 12 locais em 50 m (12 localidades rurais distintas)
2933307,Vitória da Conquista,2010,40,3379,ESCOLA MUNICIPAL SÃO DOMINGOS I,DISTRITO SÃO SEBASTIÃO,POVOADO SÃO DOMINGOS I - ZONA RURAL,-40.8208255,-14.8698138,,,,nao corrigido,,descartado: ESCOLA MUNICIPAL SAO DOMINGOS II [SAO DOMINGOS] | distrito São Sebastião cairia sobre outro local (< 50 m),pilha de 12 locais em 50 m (12 localidades rurais distintas)
2933307,Vitória da Conquista,2012,40,3379,ESCOLA MUNICIPAL SÃO DOMINGOS I,DISTRITO SÃO SEBASTIÃO,POVOADO SÃO DOMINGOS I - ZONA RURAL,-40.8208255,-14.8698138,,,,nao corrigido,,descartado: ESCOLA MUNICIPAL SAO DOMINGOS II [SAO DOMINGOS] | distrito São Sebastião cairia sobre outro local (< 50 m),pilha de 12 locais em 50 m (12 localidades rurais distintas)
2933307,Vitória da Conquista,2014,40,3379,ESCOLA MUNICIPAL SÃO DOMINGOS I,DISTRITO SÃO SEBASTIÃO,POVOADO SÃO DOMINGOS I - ZONA RURAL,-40.8208255,-14.8698138,,,,nao corrigido,,descartado: ESCOLA MUNICIPAL SAO DOMINGOS II [SAO DOMINGOS] | distrito São Sebastião cairia sobre outro local (< 50 m),pilha de 12 locais em 50 m (12 localidades rurais distintas)
2933307,Vitória da Conquista,2016,40,3379,ESCOLA MUNICIPAL SÃO DOMINGOS I,DISTRITO SÃO SEBASTIÃO,POVOADO SÃO DOMINGOS I - ZONA RURAL,-40.8208255,-14.8698138,,,,nao corrigido,,descartado: ESCOLA MUNICIPAL SAO DOMINGOS II [SAO DOMINGOS] | distrito São Sebastião cairia sobre outro local (< 50 m),pilha de 12 locais em 50 m (12 localidades rurais distintas)
2933307,Vitória da Conquista,2020,40,3379,ESCOLA MUNICIPAL SÃO DOMINGOS I,DISTRITO SÃO SEBASTIÃO,POVOADO SÃO DOMINGOS I - ZONA RURAL,-40.8208255,-14.8698138,,,,nao corrigido,,descartado: ESCOLA MUNICIPAL SAO DOMINGOS II [SAO DOMINGOS] | distrito São Sebastião cairia sobre outro local (< 50 m),pilha de 12 locais em 50 m (12 localidades rurais distintas)
2933307,Vitória da Conquista,2022,40,3379,ESCOLA MUNICIPAL SÃO DOMINGOS I,DISTRITO SÃO SEBASTIÃO,POVOADO SÃO DOMINGOS I - ZONA RURAL,-40.8208255,-14.8698138,,,,nao corrigido,,descartado: ESCOLA MUNICIPAL SAO DOMINGOS II [SAO DOMINGOS] | distrito São Sebastião cairia sobre outro local (< 50 m),pilha de 12 locais em 50 m (12 localidades rurais distintas)
2933307,Vitória da Conquista,2006,40,3387,ESCOLA MUNICIPAL PADRE ISIDORO,DISTRITO SEDE,POVOADO ESTIVA - ZONA RURAL,-40.8206299,-14.8702856,-40.748821,-14.87605,7.75,estabelecimento,alta,ESCOLA MUNICIPAL PADRE ISIDORO [ESTIVA],pilha de 12 locais em 50 m (11 localidades rurais distintas)
2933307,Vitória da Conquista,2008,40,3387,ESCOLA MUNICIPAL PADRE ISIDORO,DISTRITO SEDE,POVOADO ESTIVA - ZONA RURAL,-40.8206299,-14.8702856,-40.748821,-14.87605,7.75,estabelecimento,alta,ESCOLA MUNICIPAL PADRE ISIDORO [ESTIVA],pilha de 12 locais em 50 m (11 localidades rurais distintas)
2933307,Vitória da Conquista,2010,40,3387,ESCOLA MUNICIPAL PADRE ISIDORO,DISTRITO SEDE,POVOADO ESTIVA - ZONA RURAL,-40.8206299,-14.8702856,-40.748821,-14.87605,7.75,estabelecimento,alta,ESCOLA MUNICIPAL PADRE ISIDORO [ESTIVA],pilha de 12 locais em 50 m (11 localidades rurais distintas)
2933307,Vitória da Conquista,2012,40,3387,ESCOLA MUNICIPAL PADRE ISIDORO,DISTRITO SEDE,POVOADO ESTIVA - ZONA RURAL,-40.8206299,-14.8702856,-40.748821,-14.87605,7.75,estabelecimento,alta,ESCOLA MUNICIPAL PADRE ISIDORO [ESTIVA],pilha de 12 locais em 50 m (11 localidades rurais distintas)
2933307,Vitória da Conquista,2014,40,3387,ESCOLA MUNICIPAL PADRE ISIDORO,DISTRITO SEDE,POVOADO ESTIVA - ZONA RURAL,-40.8206299,-14.8702856,-40.748821,-14.87605,7.75,estabelecimento,alta,ESCOLA MUNICIPAL PADRE ISIDORO [ESTIVA],pilha de 12 locais em 50 m (11 localidades rurais distintas)
2933307,Vitória da Conquista,2016,40,3387,ESCOLA MUNICIPAL PADRE ISIDORO,DISTRITO SEDE,POVOADO ESTIVA - ZONA RURAL,-40.8206299,-14.8702856,-40.748821,-14.87605,7.75,estabelecimento,alta,ESCOLA MUNICIPAL PADRE ISIDORO [ESTIVA],pilha de 13 locais em 50 m (12 localidades rurais distintas)
2933307,Vitória da Conquista,2018,40,3387,ESCOLA MUNICIPAL PADRE ISIDORO,DISTRITO SEDE,POVOADO ESTIVA - ZONA RURAL,-40.8206299,-14.8702856,-40.748821,-14.87605,7.75,estabelecimento,alta,ESCOLA MUNICIPAL PADRE ISIDORO [ESTIVA],pilha de 14 locais em 50 m (13 localidades rurais distintas)
2933307,Vitória da Conquista,2020,40,3387,ESCOLA MUNICIPAL PADRE ISIDORO,DISTRITO SEDE,POVOADO ESTIVA - ZONA RURAL,-40.8206299,-14.8702856,-40.748821,-14.87605,7.75,estabelecimento,alta,ESCOLA MUNICIPAL PADRE ISIDORO [ESTIVA],pilha de 14 locais em 50 m (13 localidades rurais distintas)
2933307,Vitória da Conquista,2022,40,3387,ESCOLA MUNICIPAL PADRE ISIDORO,DISTRITO SEDE,POVOADO ESTIVA - ZONA RURAL,-40.8206299,-14.8702856,-40.748821,-14.87605,7.75,estabelecimento,alta,ESCOLA MUNICIPAL PADRE ISIDORO [ESTIVA],pilha de 14 locais em 50 m (13 localidades rurais distintas)
2933307,Vitória da Conquista,2024,40,3484,ESCOLA MUNICIPAL ARTUR SALDANHA,DISTRITO SEDE,POVOADO DE VEREDA GRANDE - ZONA RURAL,-40.8206317,-14.8703219,-40.80897,-14.758298,12.53,estabelecimento,alta,ESCOLA MUNICIPAL ARTHUR SALDANHA [VEREDA],pilha de 14 locais em 50 m (14 localidades rurais distintas)
2933307,Vitória da Conquista,2010,40,3492,ESCOLA MUNICIPAL JOÃO XXIII,DISTRITO JOSÉ GONÇALVES,FAZENDA SANTO ANTONIO - ZONA RURAL,-40.8494992,-14.6274468,-40.865889,-14.682386,6.37,estabelecimento,alta,ESCOLA MUNICIPAL JOAO 23 [SANTO ANTONIO] | distrito José Gonçalves,fora do municipio (5.3 km alem da divisa)
2933307,Vitória da Conquista,2012,40,3492,ESCOLA MUNICIPAL JOÃO XXIII,DISTRITO JOSÉ GONÇALVES,FAZENDA SANTO ANTONIO - ZONA RURAL,-40.8494992,-14.6274468,-40.865889,-14.682386,6.37,estabelecimento,alta,ESCOLA MUNICIPAL JOAO 23 [SANTO ANTONIO] | distrito José Gonçalves,fora do municipio (5.3 km alem da divisa)
2933307,Vitória da Conquista,2014,40,3492,ESCOLA MUNICIPAL JOÃO XXIII,DISTRITO JOSÉ GONÇALVES,FAZENDA SANTO ANTONIO - ZONA RURAL,-40.8494992,-14.6274468,-40.865889,-14.682386,6.37,estabelecimento,alta,ESCOLA MUNICIPAL JOAO 23 [SANTO ANTONIO] | distrito José Gonçalves,fora do municipio (5.3 km alem da divisa)
2933307,Vitória da Conquista,2016,40,3492,ESCOLA MUNICIPAL JOÃO XXIII,DISTRITO JOSÉ GONÇALVES,FAZENDA SANTO ANTONIO - ZONA RURAL,-40.8494992,-14.6274468,-40.865889,-14.682386,6.37,estabelecimento,alta,ESCOLA MUNICIPAL JOAO 23 [SANTO ANTONIO] | distrito José Gonçalves,fora do municipio (5.3 km alem da divisa)
2933307,Vitória da Conquista,2018,40,3492,ESCOLA MUNICIPAL JOÃO XXIII,DISTRITO JOSÉ GONÇALVES,FAZENDA SANTO ANTONIO - ZONA RURAL,-40.8494992,-14.6274468,-40.865889,-14.682386,6.37,estabelecimento,alta,ESCOLA MUNICIPAL JOAO 23 [SANTO ANTONIO] | distrito José Gonçalves,fora do municipio (5.3 km alem da divisa)
2933307,Vitória da Conquista,2020,40,3492,ESCOLA MUNICIPAL JOÃO XXIII,DISTRITO JOSÉ GONÇALVES,FAZENDA SANTO ANTONIO - ZONA RURAL,-40.8494992,-14.6274468,-40.865889,-14.682386,6.37,estabelecimento,alta,ESCOLA MUNICIPAL JOAO 23 [SANTO ANTONIO] | distrito José Gonçalves,fora do municipio (5.3 km alem da divisa)
2933307,Vitória da Conquista,2022,40,3492,ESCOLA MUNICIPAL JOÃO XXIII,DISTRITO JOSÉ GONÇALVES,FAZENDA SANTO ANTONIO - ZONA RURAL,-40.8494992,-14.6274468,-40.865889,-14.682386,6.37,estabelecimento,alta,ESCOLA MUNICIPAL JOAO 23 [SANTO ANTONIO] | distrito José Gonçalves,fora do municipio (5.3 km alem da divisa)
2933307,Vitória da Conquista,2012,40,3530,ESCOLA MUNICIPAL JOAQUIM VIANA ANDRADE,DISTRITO JOSÉ GONÇALVES,POVOADO LAGOA DA VISÃO (LAGOA DA PEDRA) - ZONA RURAL,-40.7548379,-14.6005835,-40.718862,-14.746644,16.71,localidade,media,"localidade LOGOA DA PEDA ~ (17 enderecos, raio 0.2 km) | distrito José Gonçalves",fora do municipio (8.4 km alem da divisa)
2933307,Vitória da Conquista,2014,40,3530,ESCOLA MUNICIPAL JOAQUIM VIANA ANDRADE,DISTRITO JOSÉ GONÇALVES,POVOADO LAGOA DA VISÃO (LAGOA DA PEDRA) - ZONA RURAL,-40.7548379,-14.6005835,-40.718862,-14.746644,16.71,localidade,media,"localidade LOGOA DA PEDA ~ (17 enderecos, raio 0.2 km) | distrito José Gonçalves",fora do municipio (8.4 km alem da divisa)
2933307,Vitória da Conquista,2016,40,3530,ESCOLA MUNICIPAL JOAQUIM VIANA ANDRADE,DISTRITO JOSÉ GONÇALVES,POVOADO LAGOA DA VISÃO (LAGOA DA PEDRA) - ZONA RURAL,-40.7548379,-14.6005835,-40.718862,-14.746644,16.71,localidade,media,"localidade LOGOA DA PEDA ~ (17 enderecos, raio 0.2 km) | distrito José Gonçalves",fora do municipio (8.4 km alem da divisa)
2933307,Vitória da Conquista,2018,40,3530,ESCOLA MUNICIPAL JOAQUIM VIANA ANDRADE,DISTRITO JOSÉ GONÇALVES,POVOADO LAGOA DA VISÃO (LAGOA DA PEDRA) - ZONA RURAL,-40.7548379,-14.6005835,-40.718862,-14.746644,16.71,localidade,media,"localidade LOGOA DA PEDA ~ (17 enderecos, raio 0.2 km) | distrito José Gonçalves",fora do municipio (8.4 km alem da divisa)
2933307,Vitória da Conquista,2020,40,3530,ESCOLA MUNICIPAL JOAQUIM VIANA ANDRADE,DISTRITO JOSÉ GONÇALVES,POVOADO LAGOA DA VISÃO (LAGOA DA PEDRA) - ZONA RURAL,-40.7548379,-14.6005835,-40.718862,-14.746644,16.71,localidade,media,"localidade LOGOA DA PEDA ~ (17 enderecos, raio 0.2 km) | distrito José Gonçalves",fora do municipio (8.4 km alem da divisa)
2933307,Vitória da Conquista,2022,40,3530,ESCOLA MUNICIPAL JOAQUIM VIANA ANDRADE,DISTRITO JOSÉ GONÇALVES,POVOADO LAGOA DA VISÃO (LAGOA DA PEDRA) - ZONA RURAL,-40.7548379,-14.6005835,-40.718862,-14.746644,16.71,localidade,media,"localidade LOGOA DA PEDA ~ (17 enderecos, raio 0.2 km) | distrito José Gonçalves",fora do municipio (8.4 km alem da divisa)
2933307,Vitória da Conquista,2024,40,3530,ESCOLA MUNICIPAL JOAQUIM VIANA ANDRADE,DISTRITO JOSÉ GONÇALVES,POVOADO LAGOA DA VISÃO (LAGOA DA PEDRA) - ZONA RURAL,-40.8206193,-14.8703344,-40.718862,-14.746644,17.59,localidade,media,"localidade LOGOA DA PEDA ~ (17 enderecos, raio 0.2 km) | distrito José Gonçalves",pilha de 14 locais em 50 m (14 localidades rurais distintas)
2933307,Vitória da Conquista,2012,40,3549,ESCOLA MUNICIPAL LÍRIOS DOS VALES,DISTRITO JOSÉ GONÇALVES,POVOADO BOQUEIRÃO - ZONA RURAL,-40.7700631,-14.6323216,,,,nao corrigido,,sem correspondencia no CNEFE,fora do municipio (4.9 km alem da divisa)
2933307,Vitória da Conquista,2014,40,3549,ESCOLA MUNICIPAL LÍRIOS DOS VALES,DISTRITO JOSÉ GONÇALVES,POVOADO BOQUEIRÃO - ZONA RURAL,-40.7700631,-14.6323216,,,,nao corrigido,,sem correspondencia no CNEFE,fora do municipio (4.9 km alem da divisa)
2933307,Vitória da Conquista,2016,40,3549,ESCOLA MUNICIPAL LÍRIOS DOS VALES,DISTRITO JOSÉ GONÇALVES,POVOADO BOQUEIRÃO - ZONA RURAL,-40.7700631,-14.6323216,,,,nao corrigido,,sem correspondencia no CNEFE,fora do municipio (4.9 km alem da divisa)
2933307,Vitória da Conquista,2018,40,3549,ESCOLA MUNICIPAL LÍRIOS DOS VALES,DISTRITO JOSÉ GONÇALVES,POVOADO BOQUEIRÃO - ZONA RURAL,-40.7700631,-14.6323216,,,,nao corrigido,,sem correspondencia no CNEFE,fora do municipio (4.9 km alem da divisa)
2933307,Vitória da Conquista,2020,40,3549,ESCOLA MUNICIPAL LÍRIOS DOS VALES,DISTRITO JOSÉ GONÇALVES,POVOADO BOQUEIRÃO - ZONA RURAL,-40.7700631,-14.6323216,,,,nao corrigido,,sem correspondencia no CNEFE,fora do municipio (4.9 km alem da divisa)
2933307,Vitória da Conquista,2022,40,3549,ESCOLA MUNICIPAL LÍRIOS DOS VALES,DISTRITO JOSÉ GONÇALVES,POVOADO BOQUEIRÃO - ZONA RURAL,-40.7700631,-14.6323216,,,,nao corrigido,,sem correspondencia no CNEFE,fora do municipio (4.9 km alem da divisa)
2933307,Vitória da Conquista,2024,40,3549,ESCOLA MUNICIPAL LÍRIOS DOS VALES,DISTRITO JOSÉ GONÇALVES,POVOADO BOQUEIRÃO - ZONA RURAL,-40.8206316,-14.8703774,,,,nao corrigido,,sem correspondencia no CNEFE,pilha de 14 locais em 50 m (14 localidades rurais distintas)
2933307,Vitória da Conquista,2016,40,3581,ESCOLA MUNICIPAL ROBERTO KENNEDY,DISTRITO SEDE,POVOADO CHOÇA - ZONA RURAL,-40.8206737,-14.8702627,-40.756477,-14.822242,8.73,localidade,media,"localidade CHOCA (153 enderecos, raio 0.5 km)",pilha de 13 locais em 50 m (12 localidades rurais distintas)
2933307,Vitória da Conquista,2018,40,3581,ESCOLA MUNICIPAL ROBERTO KENNEDY,DISTRITO SEDE,POVOADO CHOÇA - ZONA RURAL,-40.8206737,-14.8702627,-40.756477,-14.822242,8.73,localidade,media,"localidade CHOCA (153 enderecos, raio 0.5 km)",pilha de 14 locais em 50 m (13 localidades rurais distintas)
2933307,Vitória da Conquista,2020,40,3581,ESCOLA MUNICIPAL ROBERTO KENNEDY,DISTRITO SEDE,POVOADO CHOÇA - ZONA RURAL,-40.8206737,-14.8702627,-40.756477,-14.822242,8.73,localidade,media,"localidade CHOCA (153 enderecos, raio 0.5 km)",pilha de 14 locais em 50 m (13 localidades rurais distintas)
2933307,Vitória da Conquista,2022,40,3581,ESCOLA MUNICIPAL ROBERTO KENNEDY,DISTRITO SEDE,POVOADO CHOÇA - ZONA RURAL,-40.8206737,-14.8702627,-40.756477,-14.822242,8.73,localidade,media,"localidade CHOCA (153 enderecos, raio 0.5 km)",pilha de 14 locais em 50 m (13 localidades rurais distintas)
2933307,Vitória da Conquista,2024,40,3581,ESCOLA MUNICIPAL ROBERTO KENNEDY,DISTRITO SEDE,POVOADO CHOÇA - ZONA RURAL,-40.8206737,-14.8702627,-40.756477,-14.822242,8.73,localidade,media,"localidade CHOCA (153 enderecos, raio 0.5 km)",pilha de 14 locais em 50 m (14 localidades rurais distintas)
2933307,Vitória da Conquista,2018,40,3590,PRISIONAL - CONJUNTO PENAL DE VITÓRIA DA CONQUISTA,POVOADO SAQUINHO,RODOVIA BA-265 - ZONA RURAL,-40.8205809,-14.8701989,-40.732077,-14.857747,9.62,localidade,media,"localidade SAQUINHO (193 enderecos, raio 1.1 km)",pilha de 15 locais em 50 m (14 localidades rurais distintas)
2933307,Vitória da Conquista,2020,40,3590,PRISIONAL - CONJUNTO PENAL DE VITÓRIA DA CONQUISTA,POVOADO SAQUINHO,RODOVIA BA-265 - ZONA RURAL,-40.8205809,-14.8701989,-40.732077,-14.857747,9.62,localidade,media,"localidade SAQUINHO (193 enderecos, raio 1.1 km)",pilha de 15 locais em 50 m (14 localidades rurais distintas)
2933307,Vitória da Conquista,2022,40,3590,PRISIONAL - CONJUNTO PENAL DE VITÓRIA DA CONQUISTA,POVOADO SAQUINHO,RODOVIA BA-265 - ZONA RURAL,-40.8205809,-14.8701989,-40.732077,-14.857747,9.62,localidade,media,"localidade SAQUINHO (193 enderecos, raio 1.1 km)",pilha de 15 locais em 50 m (14 localidades rurais distintas)
2933307,Vitória da Conquista,2024,40,3590,PRISIONAL - CONJUNTO PENAL DE VITÓRIA DA CONQUISTA,POVOADO SAQUINHO,RODOVIA BA-265 - ZONA RURAL,-40.8205809,-14.8701989,-40.732077,-14.857747,9.62,localidade,media,"localidade SAQUINHO (193 enderecos, raio 1.1 km)",pilha de 14 locais em 50 m (14 localidades rurais distintas)
