ano,uf,ibge,municipio,zona,local,nome,renda_antes,renda_depois,doador,doador_nome,distancia_km,motivo,situacao
2006,BA,2900801,ALCOBACA,112,1015,ESCOLA ESTADUAL LOMANTO JUNIOR,416.3,,,,,coordenada corrigida,sem doador (nenhum local intacto no municipio)
2008,BA,2900801,ALCOBACA,112,1015,ESCOLA ESTADUAL LOMANTO JUNIOR,416.3,,,,,coordenada corrigida,sem doador (nenhum local intacto no municipio)
2010,BA,2900801,ALCOBACA,112,1015,ESCOLA ESTADUAL LOMANTO JUNIOR,416.3,,,,,coordenada corrigida,sem doador (nenhum local intacto no municipio)
2012,BA,2900801,ALCOBACA,112,1015,ESCOLA ESTADUAL LOMANTO JUNIOR,416.3,,,,,coordenada corrigida,sem doador (nenhum local intacto no municipio)
2014,BA,2900801,ALCOBACA,112,1015,ESCOLA ESTADUAL LOMANTO JUNIOR,416.3,,,,,coordenada corrigida,sem doador (nenhum local intacto no municipio)
2016,BA,2900801,ALCOBACA,112,1015,ESCOLA ESTADUAL LOMANTO JUNIOR,2602.39,,,,,coordenada corrigida,sem doador (nenhum local intacto no municipio)
2018,BA,2900801,ALCOBACA,112,1015,ESCOLA ESTADUAL LOMANTO JUNIOR,2602.39,,,,,coordenada corrigida,sem doador (nenhum local intacto no municipio)
2020,BA,2900801,ALCOBACA,112,1015,ESCOLA ESTADUAL LOMANTO JUNIOR,2602.39,,,,,coordenada corrigida,sem doador (nenhum local intacto no municipio)
2022,BA,2900801,ALCOBACA,112,1015,ESCOLA ESTADUAL LOMANTO JUNIOR,2583.7,,,,,coordenada corrigida,sem doador (nenhum local intacto no municipio)
2024,BA,2900801,ALCOBACA,112,1015,ESCOLA ESTADUAL LOMANTO JUNIOR,2602.39,,,,,coordenada corrigida,sem doador (nenhum local intacto no municipio)
2006,BA,2900801,ALCOBACA,112,1023,ESCOLA DR. NESTOR DUARTE,932.98,,,,,coordenada corrigida,sem doador (nenhum local intacto no municipio)
2008,BA,2900801,ALCOBACA,112,1023,EMEF EUNICE GERONIMO DE OLIVEIRA,1006.93,,,,,coordenada corrigida,sem doador (nenhum local intacto no municipio)
2010,BA,2900801,ALCOBACA,112,1023,EMEF EUNICE GERONIMO DE OLIVEIRA,1006.93,,,,,coordenada corrigida,sem doador (nenhum local intacto no municipio)
2012,BA,2900801,ALCOBACA,112,1023,EMEF EUNICE GERONIMO DE OLIVEIRA,1006.93,,,,,coordenada corrigida,sem doador (nenhum local intacto no municipio)
2014,BA,2900801,ALCOBACA,112,1023,EMEF EUNICE GERONIMO DE OLIVEIRA,1006.93,,,,,coordenada corrigida,sem doador (nenhum local intacto no municipio)
2016,BA,2900801,ALCOBACA,112,1023,EMEF EUNICE GERONIMO DE OLIVEIRA,2572.29,,,,,coordenada corrigida,sem doador (nenhum local intacto no municipio)
2018,BA,2900801,ALCOBACA,112,1023,EMEF EUNICE GERONIMO DE OLIVEIRA,2572.29,,,,,coordenada corrigida,sem doador (nenhum local intacto no municipio)
2020,BA,2900801,ALCOBACA,112,1023,EMEF EUNICE GERÔNIMO DE OLIVEIRA,2572.29,,,,,coordenada corrigida,sem doador (nenhum local intacto no municipio)
2022,BA,2900801,ALCOBACA,112,1023,EMEF EUNICE GERÔNIMO DE OLIVEIRA,2572.29,,,,,coordenada corrigida,sem doador (nenhum local intacto no municipio)
2024,BA,2900801,ALCOBACA,112,1023,EMEF EUNICE GERÔNIMO DE OLIVEIRA,2572.29,,,,,coordenada corrigida,sem doador (nenhum local intacto no municipio)
2006,BA,2900801,ALCOBACA,112,1031,CENTRO EDUCACIONAL DE ALCOBACA,1181.26,,,,,coordenada corrigida,sem doador (nenhum local intacto no municipio)
2008,BA,2900801,ALCOBACA,112,1031,CENTRO EDUCACIONAL DE ALCOBACA,1181.26,,,,,coordenada corrigida,sem doador (nenhum local intacto no municipio)
2010,BA,2900801,ALCOBACA,112,1031,CENTRO EDUCACIONAL DE ALCOBACA,1181.26,,,,,coordenada corrigida,sem doador (nenhum local intacto no municipio)
2012,BA,2900801,ALCOBACA,112,1031,CENTRO EDUCACIONAL DE ALCOBACA,1181.26,,,,,coordenada corrigida,sem doador (nenhum local intacto no municipio)
2014,BA,2900801,ALCOBACA,112,1031,CENTRO EDUCACIONAL DE ALCOBACA,365.36,,,,,coordenada corrigida,sem doador (nenhum local intacto no municipio)
2016,BA,2900801,ALCOBACA,112,1031,CENTRO EDUCACIONAL DE ALCOBACA,2222.86,,,,,coordenada corrigida,sem doador (nenhum local intacto no municipio)
2018,BA,2900801,ALCOBACA,112,1031,CENTRO EDUCACIONAL DE ALCOBACA,2222.86,,,,,coordenada corrigida,sem doador (nenhum local intacto no municipio)
2020,BA,2900801,ALCOBACA,112,1031,CENTRO EDUCACIONAL DE ALCOBAÇA,2222.86,,,,,coordenada corrigida,sem doador (nenhum local intacto no municipio)
2022,BA,2900801,ALCOBACA,112,1031,CENTRO EDUCACIONAL DE ALCOBAÇA,2222.86,,,,,coordenada corrigida,sem doador (nenhum local intacto no municipio)
2024,BA,2900801,ALCOBACA,112,1031,CENTRO EDUCACIONAL DE ALCOBAÇA,2222.86,,,,,coordenada corrigida,sem doador (nenhum local intacto no municipio)
2006,BA,2900801,ALCOBACA,112,1040,ESCOLA MUNICIPAL NOVO DESTINO,505.14,,,,,coordenada corrigida,sem doador (nenhum local intacto no municipio)
2008,BA,2900801,ALCOBACA,112,1040,ESCOLA MUNICIPAL NOVO DESTINO,505.14,,,,,coordenada corrigida,sem doador (nenhum local intacto no municipio)
2010,BA,2900801,ALCOBACA,112,1040,ESCOLA MUNICIPAL NOVO DESTINO,505.14,,,,,coordenada corrigida,sem doador (nenhum local intacto no municipio)
2012,BA,2900801,ALCOBACA,112,1040,ESCOLA MUNICIPAL NOVO DESTINO,505.14,,,,,coordenada corrigida,sem doador (nenhum local intacto no municipio)
2014,BA,2900801,ALCOBACA,112,1040,ESCOLA MUNICIPAL NOVO DESTINO,505.14,,,,,coordenada corrigida,sem doador (nenhum local intacto no municipio)
2016,BA,2900801,ALCOBACA,112,1040,ESCOLA MUNICIPAL NOVO DESTINO,2404.38,,,,,coordenada corrigida,sem doador (nenhum local intacto no municipio)
2018,BA,2900801,ALCOBACA,112,1040,ESCOLA MUNICIPAL NOVO DESTINO,2404.38,,,,,coordenada corrigida,sem doador (nenhum local intacto no municipio)
2020,BA,2900801,ALCOBACA,112,1040,ESCOLA MUNICIPAL NOVO DESTINO,2404.38,,,,,coordenada corrigida,sem doador (nenhum local intacto no municipio)
2022,BA,2900801,ALCOBACA,112,1040,ESCOLA MUNICIPAL NOVO DESTINO,2404.38,,,,,coordenada corrigida,sem doador (nenhum local intacto no municipio)
2024,BA,2900801,ALCOBACA,112,1040,ESCOLA MUNICIPAL NOVO DESTINO,2404.38,,,,,coordenada corrigida,sem doador (nenhum local intacto no municipio)
2006,BA,2900801,ALCOBACA,112,1058,CENTRO EDUCACIONAL DE POUSO ALEGRE,490.24,,,,,coordenada corrigida,sem doador (nenhum local intacto no municipio)
2008,BA,2900801,ALCOBACA,112,1058,CENTRO EDUCACIONAL DE POUSO ALEGRE,490.24,,,,,coordenada corrigida,sem doador (nenhum local intacto no municipio)
2010,BA,2900801,ALCOBACA,112,1058,CENTRO EDUCACIONAL DE POUSO ALEGRE,490.24,,,,,coordenada corrigida,sem doador (nenhum local intacto no municipio)
2012,BA,2900801,ALCOBACA,112,1058,CENTRO EDUCACIONAL DE POUSO ALEGRE,490.24,,,,,coordenada corrigida,sem doador (nenhum local intacto no municipio)
2014,BA,2900801,ALCOBACA,112,1058,CENTRO EDUCACIONAL DE POUSO ALEGRE,490.24,,,,,coordenada corrigida,sem doador (nenhum local intacto no municipio)
2016,BA,2900801,ALCOBACA,112,1058,CENTRO EDUCACIONAL DE POUSO ALEGRE,2583.55,,,,,coordenada corrigida,sem doador (nenhum local intacto no municipio)
2018,BA,2900801,ALCOBACA,112,1058,CENTRO EDUCACIONAL DE POUSO ALEGRE,2583.55,,,,,coordenada corrigida,sem doador (nenhum local intacto no municipio)
2020,BA,2900801,ALCOBACA,112,1058,CENTRO EDUCACIONAL DE POUSO ALEGRE,2583.55,,,,,coordenada corrigida,sem doador (nenhum local intacto no municipio)
2022,BA,2900801,ALCOBACA,112,1058,CENTRO EDUCACIONAL DE POUSO ALEGRE,2583.55,,,,,coordenada corrigida,sem doador (nenhum local intacto no municipio)
2024,BA,2900801,ALCOBACA,112,1058,CENTRO EDUCACIONAL DE POUSO ALEGRE,2583.55,,,,,coordenada corrigida,sem doador (nenhum local intacto no municipio)
2006,BA,2900801,ALCOBACA,112,1066,CENTRO EDUCACIONAL DE SAO JOSE,433.62,,,,,coordenada corrigida,sem doador (nenhum local intacto no municipio)
2008,BA,2900801,ALCOBACA,112,1066,CENTRO EDUCACIONAL DE SAO JOSE,433.62,,,,,coordenada corrigida,sem doador (nenhum local intacto no municipio)
2010,BA,2900801,ALCOBACA,112,1066,CENTRO EDUCACIONAL DE SAO JOSE,433.62,,,,,coordenada corrigida,sem doador (nenhum local intacto no municipio)
2012,BA,2900801,ALCOBACA,112,1066,CENTRO EDUCACIONAL DE SAO JOSE,433.62,,,,,coordenada corrigida,sem doador (nenhum local intacto no municipio)
2014,BA,2900801,ALCOBACA,112,1066,CENTRO EDUCACIONAL DE SAO JOSE,433.62,,,,,coordenada corrigida,sem doador (nenhum local intacto no municipio)
2016,BA,2900801,ALCOBACA,112,1066,CENTRO EDUCACIONAL DE SAO JOSE,2455.79,,,,,coordenada corrigida,sem doador (nenhum local intacto no municipio)
2018,BA,2900801,ALCOBACA,112,1066,CENTRO EDUCACIONAL DE SAO JOSE,2455.79,,,,,coordenada corrigida,sem doador (nenhum local intacto no municipio)
2020,BA,2900801,ALCOBACA,112,1066,CENTRO EDUCACIONAL DE SAO JOSE,2455.79,,,,,coordenada corrigida,sem doador (nenhum local intacto no municipio)
2022,BA,2900801,ALCOBACA,112,1066,CENTRO EDUCACIONAL DE SAO JOSE,2455.79,,,,,coordenada corrigida,sem doador (nenhum local intacto no municipio)
2024,BA,2900801,ALCOBACA,112,1066,CENTRO EDUCACIONAL DE SAO JOSE,2455.79,,,,,coordenada corrigida,sem doador (nenhum local intacto no municipio)
2006,BA,2900801,ALCOBACA,112,1074,CRECHE MAE MITA,416.3,,,,,coordenada corrigida,sem doador (nenhum local intacto no municipio)
2008,BA,2900801,ALCOBACA,112,1074,CRECHE MAE MITA,416.3,,,,,coordenada corrigida,sem doador (nenhum local intacto no municipio)
2010,BA,2900801,ALCOBACA,112,1074,CRECHE MAE MITA,416.3,,,,,coordenada corrigida,sem doador (nenhum local intacto no municipio)
2012,BA,2900801,ALCOBACA,112,1074,CRECHE MAE MITA,416.3,,,,,coordenada corrigida,sem doador (nenhum local intacto no municipio)
2014,BA,2900801,ALCOBACA,112,1074,CRECHE MAE MITA,416.3,,,,,coordenada corrigida,sem doador (nenhum local intacto no municipio)
2016,BA,2900801,ALCOBACA,112,1074,CRECHE MAE MITA,2602.39,,,,,coordenada corrigida,sem doador (nenhum local intacto no municipio)
2018,BA,2900801,ALCOBACA,112,1074,CRECHE MAE MITA,2602.39,,,,,coordenada corrigida,sem doador (nenhum local intacto no municipio)
2020,BA,2900801,ALCOBACA,112,1074,CRECHE MAE MITA,2602.39,,,,,coordenada corrigida,sem doador (nenhum local intacto no municipio)
2022,BA,2900801,ALCOBACA,112,1074,CRECHE MAE MITA,2602.39,,,,,coordenada corrigida,sem doador (nenhum local intacto no municipio)
2006,BA,2900801,ALCOBACA,112,1082,ESCOLA MUNICIPAL PARAISO,446.8,,,,,coordenada corrigida,sem doador (nenhum local intacto no municipio)
2008,BA,2900801,ALCOBACA,112,1082,ESCOLA MUNICIPAL PARAISO,446.8,,,,,coordenada corrigida,sem doador (nenhum local intacto no municipio)
2010,BA,2900801,ALCOBACA,112,1082,ESCOLA MUNICIPAL PARAISO,446.8,,,,,coordenada corrigida,sem doador (nenhum local intacto no municipio)
2012,BA,2900801,ALCOBACA,112,1082,ESCOLA MUNICIPAL PARAISO,446.8,,,,,coordenada corrigida,sem doador (nenhum local intacto no municipio)
2014,BA,2900801,ALCOBACA,112,1082,ESCOLA MUNICIPAL PARAISO,446.8,,,,,coordenada corrigida,sem doador (nenhum local intacto no municipio)
2016,BA,2900801,ALCOBACA,112,1082,ESCOLA MUNICIPAL PARAISO,2548.56,,,,,coordenada corrigida,sem doador (nenhum local intacto no municipio)
2018,BA,2900801,ALCOBACA,112,1082,ESCOLA MUNICIPAL PARAISO,2548.56,,,,,coordenada corrigida,sem doador (nenhum local intacto no municipio)
2020,BA,2900801,ALCOBACA,112,1082,ESCOLA MUNICIPAL PARAISO,2548.56,,,,,coordenada corrigida,sem doador (nenhum local intacto no municipio)
2022,BA,2900801,ALCOBACA,112,1082,ESCOLA MUNICIPAL PARAISO,2548.56,,,,,coordenada corrigida,sem doador (nenhum local intacto no municipio)
2024,BA,2900801,ALCOBACA,112,1082,ESCOLA MUNICIPAL PARAISO,2548.56,,,,,coordenada corrigida,sem doador (nenhum local intacto no municipio)
2006,BA,2900801,ALCOBACA,112,1090,ESCOLA MUNICIPAL PROFA.  CECILIA CAIRES,433.62,,,,,coordenada corrigida,sem doador (nenhum local intacto no municipio)
2008,BA,2900801,ALCOBACA,112,1090,ESCOLA MUNICIPAL PROFA.  CECILIA CAIRES,433.62,,,,,coordenada corrigida,sem doador (nenhum local intacto no municipio)
2010,BA,2900801,ALCOBACA,112,1090,ESCOLA MUNICIPAL PROFA.  CECILIA CAIRES,433.62,,,,,coordenada corrigida,sem doador (nenhum local intacto no municipio)
2012,BA,2900801,ALCOBACA,112,1090,ESCOLA MUNICIPAL PROFA.  CECILIA CAIRES,433.62,,,,,coordenada corrigida,sem doador (nenhum local intacto no municipio)
2014,BA,2900801,ALCOBACA,112,1090,ESCOLA MUNICIPAL PROFA.  CECILIA CAIRES,433.62,,,,,coordenada corrigida,sem doador (nenhum local intacto no municipio)
2016,BA,2900801,ALCOBACA,112,1090,ESCOLA MUNICIPAL PROFA.  CECILIA CAIRES,2798.88,,,,,coordenada corrigida,sem doador (nenhum local intacto no municipio)
2018,BA,2900801,ALCOBACA,112,1090,ESCOLA MUNICIPAL PROFA.  CECILIA CAIRES,2798.88,,,,,coordenada corrigida,sem doador (nenhum local intacto no municipio)
2020,BA,2900801,ALCOBACA,112,1090,ESCOLA MUNICIPAL SANDRA LIMA,2582.09,,,,,coordenada corrigida,sem doador (nenhum local intacto no municipio)
2022,BA,2900801,ALCOBACA,112,1090,ESCOLA MUNICIPAL SANDRA LIMA,2582.09,,,,,coordenada corrigida,sem doador (nenhum local intacto no municipio)
2024,BA,2900801,ALCOBACA,112,1090,ESCOLA MUNICIPAL SANDRA LIMA,2582.09,,,,,coordenada corrigida,sem doador (nenhum local intacto no municipio)
2006,BA,2900801,ALCOBACA,112,1139,ESCOLA MUNICIPAL ELOI FERREIRA,456.64,,,,,coordenada corrigida,sem doador (nenhum local intacto no municipio)
2008,BA,2900801,ALCOBACA,112,1139,ESCOLA MUNICIPAL ELOI FERREIRA,456.64,,,,,coordenada corrigida,sem doador (nenhum local intacto no municipio)
2010,BA,2900801,ALCOBACA,112,1139,ESCOLA MUNICIPAL ELOI FERREIRA,456.64,,,,,coordenada corrigida,sem doador (nenhum local intacto no municipio)
2012,BA,2900801,ALCOBACA,112,1139,ESCOLA MUNICIPAL ELOI FERREIRA,456.64,,,,,coordenada corrigida,sem doador (nenhum local intacto no municipio)
2014,BA,2900801,ALCOBACA,112,1139,ESCOLA MUNICIPAL ELOI FERREIRA,456.64,,,,,coordenada corrigida,sem doador (nenhum local intacto no municipio)
2016,BA,2900801,ALCOBACA,112,1139,ESCOLA MUNICIPAL ELOI FERREIRA,2594.21,,,,,coordenada corrigida,sem doador (nenhum local intacto no municipio)
2018,BA,2900801,ALCOBACA,112,1139,ESCOLA MUNICIPAL ELOI FERREIRA,2594.21,,,,,coordenada corrigida,sem doador (nenhum local intacto no municipio)
2020,BA,2900801,ALCOBACA,112,1139,ESCOLA MUNICIPAL ELOI FERREIRA,2594.21,,,,,coordenada corrigida,sem doador (nenhum local intacto no municipio)
2022,BA,2900801,ALCOBACA,112,1139,ESCOLA MUNICIPAL ELOI FERREIRA,2594.21,,,,,coordenada corrigida,sem doador (nenhum local intacto no municipio)
2024,BA,2900801,ALCOBACA,112,1139,ESCOLA MUNICIPAL ELOI FERREIRA,2594.21,,,,,coordenada corrigida,sem doador (nenhum local intacto no municipio)
2006,BA,2900801,ALCOBACA,112,1155,GRUPO ESCOLAR TIRADENTES,368.25,,,,,coordenada corrigida,sem doador (nenhum local intacto no municipio)
2008,BA,2900801,ALCOBACA,112,1155,GRUPO ESCOLAR TIRADENTES,368.25,,,,,coordenada corrigida,sem doador (nenhum local intacto no municipio)
2010,BA,2900801,ALCOBACA,112,1155,GRUPO ESCOLAR TIRADENTES,368.25,,,,,coordenada corrigida,sem doador (nenhum local intacto no municipio)
2012,BA,2900801,ALCOBACA,112,1155,GRUPO ESCOLAR TIRADENTES,368.25,,,,,coordenada corrigida,sem doador (nenhum local intacto no municipio)
2014,BA,2900801,ALCOBACA,112,1155,GRUPO ESCOLAR TIRADENTES,368.25,,,,,coordenada corrigida,sem doador (nenhum local intacto no municipio)
2016,BA,2900801,ALCOBACA,112,1155,GRUPO ESCOLAR TIRADENTES,2494.79,,,,,coordenada corrigida,sem doador (nenhum local intacto no municipio)
2018,BA,2900801,ALCOBACA,112,1155,GRUPO ESCOLAR TIRADENTES,2494.79,,,,,coordenada corrigida,sem doador (nenhum local intacto no municipio)
2020,BA,2900801,ALCOBACA,112,1155,GRUPO ESCOLAR TIRADENTES,2494.79,,,,,coordenada corrigida,sem doador (nenhum local intacto no municipio)
2022,BA,2900801,ALCOBACA,112,1155,GRUPO ESCOLAR TIRADENTES,2494.79,,,,,coordenada corrigida,sem doador (nenhum local intacto no municipio)
2024,BA,2900801,ALCOBACA,112,1155,GRUPO ESCOLAR TIRADENTES,2494.79,,,,,coordenada corrigida,sem doador (nenhum local intacto no municipio)
2006,BA,2900801,ALCOBACA,112,1163,ESCOLA MUNICIPAL MARIA QUITERIA,1569.33,,,,,coordenada corrigida,sem doador (nenhum local intacto no municipio)
2008,BA,2900801,ALCOBACA,112,1163,ESCOLA MUNICIPAL MARIA QUITERIA,1569.33,,,,,coordenada corrigida,sem doador (nenhum local intacto no municipio)
2010,BA,2900801,ALCOBACA,112,1163,ESCOLA MUNICIPAL MARIA QUITERIA,1569.33,,,,,coordenada corrigida,sem doador (nenhum local intacto no municipio)
2012,BA,2900801,ALCOBACA,112,1163,ESCOLA MUNICIPAL MARIA QUITERIA,1569.33,,,,,coordenada corrigida,sem doador (nenhum local intacto no municipio)
2014,BA,2900801,ALCOBACA,112,1163,ESCOLA MUNICIPAL MARIA QUITERIA,1569.33,,,,,coordenada corrigida,sem doador (nenhum local intacto no municipio)
2016,BA,2900801,ALCOBACA,112,1163,ESCOLA MUNICIPAL MARIA QUITERIA,2494.0,,,,,coordenada corrigida,sem doador (nenhum local intacto no municipio)
2018,BA,2900801,ALCOBACA,112,1163,ESCOLA MUNICIPAL MARIA QUITERIA,2494.0,,,,,coordenada corrigida,sem doador (nenhum local intacto no municipio)
2020,BA,2900801,ALCOBACA,112,1163,ESCOLA MUNICIPAL MARIA QUITERIA,2494.0,,,,,coordenada corrigida,sem doador (nenhum local intacto no municipio)
2022,BA,2900801,ALCOBACA,112,1163,ESCOLA MUNICIPAL MARIA QUITERIA,2494.0,,,,,coordenada corrigida,sem doador (nenhum local intacto no municipio)
2024,BA,2900801,ALCOBACA,112,1163,ESCOLA MUNICIPAL MARIA QUITERIA,2494.0,,,,,coordenada corrigida,sem doador (nenhum local intacto no municipio)
2006,BA,2900801,ALCOBACA,112,1171,ESCOLA MUNICIPAL BOM JESUS,1362.8,,,,,coordenada corrigida,sem doador (nenhum local intacto no municipio)
2008,BA,2900801,ALCOBACA,112,1171,ESCOLA MUNICIPAL BOM JESUS,1362.8,,,,,coordenada corrigida,sem doador (nenhum local intacto no municipio)
2010,BA,2900801,ALCOBACA,112,1171,ESCOLA MUNICIPAL BOM JESUS,1362.8,,,,,coordenada corrigida,sem doador (nenhum local intacto no municipio)
2012,BA,2900801,ALCOBACA,112,1171,ESCOLA MUNICIPAL BOM JESUS,1362.8,,,,,coordenada corrigida,sem doador (nenhum local intacto no municipio)
2014,BA,2900801,ALCOBACA,112,1171,ESCOLA MUNICIPAL BOM JESUS,1362.8,,,,,coordenada corrigida,sem doador (nenhum local intacto no municipio)
2016,BA,2900801,ALCOBACA,112,1171,ESCOLA MUNICIPAL BOM JESUS,2596.27,,,,,coordenada corrigida,sem doador (nenhum local intacto no municipio)
2018,BA,2900801,ALCOBACA,112,1171,ESCOLA MUNICIPAL BOM JESUS,2596.27,,,,,coordenada corrigida,sem doador (nenhum local intacto no municipio)
2020,BA,2900801,ALCOBACA,112,1171,ESCOLA MUNICIPAL BOM JESUS,2596.27,,,,,coordenada corrigida,sem doador (nenhum local intacto no municipio)
2022,BA,2900801,ALCOBACA,112,1171,ESCOLA MUNICIPAL BOM JESUS,2596.27,,,,,coordenada corrigida,sem doador (nenhum local intacto no municipio)
2024,BA,2900801,ALCOBACA,112,1171,ESCOLA MUNICIPAL BOM JESUS,2596.27,,,,,coordenada corrigida,sem doador (nenhum local intacto no municipio)
2006,BA,2900801,ALCOBACA,112,1198,ESCOLA MUNICIPAL D. PEDRO I,435.78,,,,,coordenada corrigida,sem doador (nenhum local intacto no municipio)
2008,BA,2900801,ALCOBACA,112,1198,ESCOLA MUNICIPAL D. PEDRO I,435.78,,,,,coordenada corrigida,sem doador (nenhum local intacto no municipio)
2010,BA,2900801,ALCOBACA,112,1198,ESCOLA MUNICIPAL D. PEDRO I,435.78,,,,,coordenada corrigida,sem doador (nenhum local intacto no municipio)
2012,BA,2900801,ALCOBACA,112,1198,ESCOLA MUNICIPAL D. PEDRO I,435.78,,,,,coordenada corrigida,sem doador (nenhum local intacto no municipio)
2014,BA,2900801,ALCOBACA,112,1198,ESCOLA MUNICIPAL D. PEDRO I,435.78,,,,,coordenada corrigida,sem doador (nenhum local intacto no municipio)
2016,BA,2900801,ALCOBACA,112,1198,ESCOLA MUNICIPAL D. PEDRO I,2403.83,,,,,coordenada corrigida,sem doador (nenhum local intacto no municipio)
2018,BA,2900801,ALCOBACA,112,1198,ESCOLA MUNICIPAL D. PEDRO I,2403.83,,,,,coordenada corrigida,sem doador (nenhum local intacto no municipio)
2020,BA,2900801,ALCOBACA,112,1198,ESCOLA MUNICIPAL D. PEDRO I,2403.83,,,,,coordenada corrigida,sem doador (nenhum local intacto no municipio)
2022,BA,2900801,ALCOBACA,112,1198,ESCOLA MUNICIPAL D. PEDRO I,2403.83,,,,,coordenada corrigida,sem doador (nenhum local intacto no municipio)
2024,BA,2900801,ALCOBACA,112,1198,ESCOLA MUNICIPAL D. PEDRO I,2403.83,,,,,coordenada corrigida,sem doador (nenhum local intacto no municipio)
2006,BA,2900801,ALCOBACA,112,1201,ESCOLA MUNICIPAL CHICO MENDES,500.51,,,,,coordenada corrigida,sem doador (nenhum local intacto no municipio)
2008,BA,2900801,ALCOBACA,112,1201,ESCOLA MUNICIPAL CHICO MENDES,500.51,,,,,coordenada corrigida,sem doador (nenhum local intacto no municipio)
2010,BA,2900801,ALCOBACA,112,1201,ESCOLA MUNICIPAL CHICO MENDES,500.51,,,,,coordenada corrigida,sem doador (nenhum local intacto no municipio)
2012,BA,2900801,ALCOBACA,112,1201,ESCOLA MUNICIPAL CHICO MENDES,500.51,,,,,coordenada corrigida,sem doador (nenhum local intacto no municipio)
2014,BA,2900801,ALCOBACA,112,1201,ESCOLA MUNICIPAL CHICO MENDES,500.51,,,,,coordenada corrigida,sem doador (nenhum local intacto no municipio)
2016,BA,2900801,ALCOBACA,112,1201,ESCOLA MUNICIPAL CHICO MENDES,2403.96,,,,,coordenada corrigida,sem doador (nenhum local intacto no municipio)
2018,BA,2900801,ALCOBACA,112,1201,ESCOLA MUNICIPAL CHICO MENDES,2403.96,,,,,coordenada corrigida,sem doador (nenhum local intacto no municipio)
2020,BA,2900801,ALCOBACA,112,1201,ESCOLA MUNICIPAL CHICO MENDES,2403.96,,,,,coordenada corrigida,sem doador (nenhum local intacto no municipio)
2022,BA,2900801,ALCOBACA,112,1201,ESCOLA MUNICIPAL CHICO MENDES,2403.96,,,,,coordenada corrigida,sem doador (nenhum local intacto no municipio)
2024,BA,2900801,ALCOBACA,112,1201,ESCOLA MUNICIPAL CHICO MENDES,2403.96,,,,,coordenada corrigida,sem doador (nenhum local intacto no municipio)
2014,BA,2900801,ALCOBACA,112,1210,ESPECIAL CENTRO EDUCACIONAL DE ALCOBACA,365.36,,,,,coordenada corrigida,sem doador (nenhum local intacto no municipio)
2016,BA,2900801,ALCOBACA,112,1210,ESPECIAL CENTRO EDUCACIONAL DE ALCOBACA,2222.86,,,,,coordenada corrigida,sem doador (nenhum local intacto no municipio)
2018,BA,2900801,ALCOBACA,112,1210,ESPECIAL CENTRO EDUCACIONAL DE ALCOBACA,2222.86,,,,,coordenada corrigida,sem doador (nenhum local intacto no municipio)
2006,RN,2401404,BAIA FORMOSA,11,1015,ESCOLA ESTADUAL AGUIDA SUCUPIRA,675.52,641.24,11_16276_5500,ESCOLA SEVERINO DE ARRUDA,6.85,coordenada corrigida,perfil herdado
2008,RN,2401404,BAIA FORMOSA,11,1015,ESCOLA ESTADUAL AGUIDA SUCUPIRA,675.52,,,,,coordenada corrigida,sem doador (nenhum local intacto no municipio)
2010,RN,2401404,BAIA FORMOSA,11,1015,ESCOLA ESTADUAL AGUIDA SUCUPIRA,675.52,,,,,coordenada corrigida,sem doador (nenhum local intacto no municipio)
2012,RN,2401404,BAIA FORMOSA,11,1015,ESCOLA ESTADUAL AGUIDA SUCUPIRA,675.52,641.24,11_16276_5500,ESCOLA SEVERINO DE ARRUDA,6.85,coordenada corrigida,perfil herdado
2014,RN,2401404,BAIA FORMOSA,11,1015,ESCOLA ESTADUAL AGUIDA SUCUPIRA,675.52,,,,,coordenada corrigida,sem doador (nenhum local intacto no municipio)
2016,RN,2401404,BAIA FORMOSA,11,1015,ESCOLA ESTADUAL AGUIDA SUCUPIRA,1760.59,,,,,coordenada corrigida,sem doador (nenhum local intacto no municipio)
2018,RN,2401404,BAIA FORMOSA,11,1015,ESCOLA ESTADUAL AGUIDA SUCUPIRA,1760.59,,,,,coordenada corrigida,sem doador (nenhum local intacto no municipio)
2020,RN,2401404,BAIA FORMOSA,11,1015,ESCOLA ESTADUAL AGUIDA SUCUPIRA,1760.59,,,,,coordenada corrigida,sem doador (nenhum local intacto no municipio)
2022,RN,2401404,BAIA FORMOSA,11,1015,ESCOLA ESTADUAL AGUIDA SUCUPIRA,1760.59,,,,,coordenada corrigida,sem doador (nenhum local intacto no municipio)
2024,RN,2401404,BAIA FORMOSA,11,1015,ESCOLA ESTADUAL AGUIDA SUCUPIRA,1760.59,,,,,coordenada corrigida,sem doador (nenhum local intacto no municipio)
2006,RN,2401404,BAIA FORMOSA,11,1023,ESCOLA ESTADUAL PAULO FREIRE,655.24,641.24,11_16276_5500,ESCOLA SEVERINO DE ARRUDA,6.86,coordenada corrigida,perfil herdado
2008,RN,2401404,BAIA FORMOSA,11,1023,ESCOLA ESTADUAL PAULO FREIRE,655.24,,,,,coordenada corrigida,sem doador (nenhum local intacto no municipio)
2010,RN,2401404,BAIA FORMOSA,11,1023,ESCOLA ESTADUAL PAULO FREIRE,655.24,,,,,coordenada corrigida,sem doador (nenhum local intacto no municipio)
2012,RN,2401404,BAIA FORMOSA,11,1023,ESCOLA ESTADUAL PAULO FREIRE,655.24,641.24,11_16276_5500,ESCOLA SEVERINO DE ARRUDA,6.86,coordenada corrigida,perfil herdado
2014,RN,2401404,BAIA FORMOSA,11,1023,ESCOLA ESTADUAL PAULO FREIRE,655.24,,,,,coordenada corrigida,sem doador (nenhum local intacto no municipio)
2016,RN,2401404,BAIA FORMOSA,11,1023,ESCOLA ESTADUAL PAULO FREIRE,1675.43,,,,,coordenada corrigida,sem doador (nenhum local intacto no municipio)
2018,RN,2401404,BAIA FORMOSA,11,1023,ESCOLA ESTADUAL PAULO FREIRE,1675.43,,,,,coordenada corrigida,sem doador (nenhum local intacto no municipio)
2020,RN,2401404,BAIA FORMOSA,11,1023,ESCOLA ESTADUAL PAULO FREIRE,1675.43,,,,,coordenada corrigida,sem doador (nenhum local intacto no municipio)
2022,RN,2401404,BAIA FORMOSA,11,1023,ESCOLA ESTADUAL PAULO FREIRE,1675.43,,,,,coordenada corrigida,sem doador (nenhum local intacto no municipio)
2024,RN,2401404,BAIA FORMOSA,11,1023,ESCOLA ESTADUAL PAULO FREIRE,1675.43,,,,,coordenada corrigida,sem doador (nenhum local intacto no municipio)
2006,RN,2401404,BAIA FORMOSA,11,1058,ESCOLA MUNICIPAL JOAO ANACLETO FILHO,675.52,641.24,11_16276_5500,ESCOLA SEVERINO DE ARRUDA,6.96,coordenada corrigida,perfil herdado
2008,RN,2401404,BAIA FORMOSA,11,1058,ESCOLA MUNICIPAL JOAO ANACLETO FILHO,675.52,,,,,coordenada corrigida,sem doador (nenhum local intacto no municipio)
2010,RN,2401404,BAIA FORMOSA,11,1058,ESCOLA MUNICIPAL JOAO ANACLETO FILHO,675.52,,,,,coordenada corrigida,sem doador (nenhum local intacto no municipio)
2012,RN,2401404,BAIA FORMOSA,11,1058,ESCOLA MUNICIPAL JOAO ANACLETO FILHO,675.52,641.24,11_16276_5500,ESCOLA SEVERINO DE ARRUDA,6.96,coordenada corrigida,perfil herdado
2014,RN,2401404,BAIA FORMOSA,11,1058,ESCOLA MUNICIPAL JOAO ANACLETO FILHO,675.52,,,,,coordenada corrigida,sem doador (nenhum local intacto no municipio)
2016,RN,2401404,BAIA FORMOSA,11,1058,ESCOLA MUNICIPAL JOAO ANACLETO FILHO,1760.59,,,,,coordenada corrigida,sem doador (nenhum local intacto no municipio)
2018,RN,2401404,BAIA FORMOSA,11,1058,ESCOLA MUNICIPAL JOAO ANACLETO FILHO,1760.59,,,,,coordenada corrigida,sem doador (nenhum local intacto no municipio)
2020,RN,2401404,BAIA FORMOSA,11,1058,ESCOLA MUNICIPAL JOAO ANACLETO FILHO,1760.59,,,,,coordenada corrigida,sem doador (nenhum local intacto no municipio)
2022,RN,2401404,BAIA FORMOSA,11,1058,ESCOLA MUNICIPAL JOAO ANACLETO FILHO,1799.22,,,,,coordenada corrigida,sem doador (nenhum local intacto no municipio)
2024,RN,2401404,BAIA FORMOSA,11,1058,ESCOLA MUNICIPAL JOAO ANACLETO FILHO,1760.59,,,,,coordenada corrigida,sem doador (nenhum local intacto no municipio)
2006,RN,2401404,BAIA FORMOSA,11,1066,ESCOLA MUNICIPAL MANOEL GERMANO DOS SANTOS,703.09,641.24,11_16276_5500,ESCOLA SEVERINO DE ARRUDA,6.96,coordenada corrigida,perfil herdado
2008,RN,2401404,BAIA FORMOSA,11,1066,ESCOLA MUNICIPAL MANOEL GERMANO DOS SANTOS,703.09,,,,,coordenada corrigida,sem doador (nenhum local intacto no municipio)
2010,RN,2401404,BAIA FORMOSA,11,1066,ESCOLA MUNICIPAL MANOEL GERMANO DOS SANTOS,703.09,,,,,coordenada corrigida,sem doador (nenhum local intacto no municipio)
2012,RN,2401404,BAIA FORMOSA,11,1066,ESCOLA MUNICIPAL MANOEL GERMANO DOS SANTOS,703.09,641.24,11_16276_5500,ESCOLA SEVERINO DE ARRUDA,6.96,coordenada corrigida,perfil herdado
2014,RN,2401404,BAIA FORMOSA,11,1066,ESCOLA MUNICIPAL MANOEL GERMANO DOS SANTOS,703.09,,,,,coordenada corrigida,sem doador (nenhum local intacto no municipio)
2016,RN,2401404,BAIA FORMOSA,11,1066,ESCOLA MUNICIPAL MANOEL GERMANO DOS SANTOS,1675.43,,,,,coordenada corrigida,sem doador (nenhum local intacto no municipio)
2018,RN,2401404,BAIA FORMOSA,11,1066,ESCOLA MUNICIPAL MANOEL GERMANO DOS SANTOS,1675.43,,,,,coordenada corrigida,sem doador (nenhum local intacto no municipio)
2020,RN,2401404,BAIA FORMOSA,11,1066,ESCOLA MUNICIPAL MANOEL GERMANO DOS SANTOS,1675.43,,,,,coordenada corrigida,sem doador (nenhum local intacto no municipio)
2022,RN,2401404,BAIA FORMOSA,11,1066,ESCOLA MUNICIPAL MANOEL GERMANO DOS SANTOS,1732.8,,,,,coordenada corrigida,sem doador (nenhum local intacto no municipio)
2024,RN,2401404,BAIA FORMOSA,11,1066,ESCOLA MUNICIPAL MANOEL GERMANO DOS SANTOS,1675.43,,,,,coordenada corrigida,sem doador (nenhum local intacto no municipio)
2006,RN,2401404,BAIA FORMOSA,11,1074,ESCOLA MUNICIPAL DO SAGI,502.38,641.24,11_16276_5500,ESCOLA SEVERINO DE ARRUDA,10.84,coordenada corrigida,perfil herdado
2008,RN,2401404,BAIA FORMOSA,11,1074,ESCOLA MUNICIPAL DO SAGI,502.38,,,,,coordenada corrigida,sem doador (nenhum local intacto no municipio)
2010,RN,2401404,BAIA FORMOSA,11,1074,ESCOLA MUNICIPAL DO SAGI,502.38,,,,,coordenada corrigida,sem doador (nenhum local intacto no municipio)
2012,RN,2401404,BAIA FORMOSA,11,1074,ESCOLA MUNICIPAL DO SAGI,502.38,641.24,11_16276_5500,ESCOLA SEVERINO DE ARRUDA,10.84,coordenada corrigida,perfil herdado
2014,RN,2401404,BAIA FORMOSA,11,1074,ESCOLA MUNICIPAL DO SAGI,502.38,,,,,coordenada corrigida,sem doador (nenhum local intacto no municipio)
2016,RN,2401404,BAIA FORMOSA,11,1074,ESCOLA MUNICIPAL DO SAGI,1865.18,,,,,coordenada corrigida,sem doador (nenhum local intacto no municipio)
2018,RN,2401404,BAIA FORMOSA,11,1074,ESCOLA MUNICIPAL DO SAGI,1865.18,,,,,coordenada corrigida,sem doador (nenhum local intacto no municipio)
2020,RN,2401404,BAIA FORMOSA,11,1074,ESCOLA MUNICIPAL DO SAGI,1865.18,,,,,coordenada corrigida,sem doador (nenhum local intacto no municipio)
2022,RN,2401404,BAIA FORMOSA,11,1074,ESCOLA MUNICIPAL DO SAGI,1865.18,,,,,coordenada corrigida,sem doador (nenhum local intacto no municipio)
2024,RN,2401404,BAIA FORMOSA,11,1074,ESCOLA MUNICIPAL DO SAGI,1865.18,,,,,coordenada corrigida,sem doador (nenhum local intacto no municipio)
2016,RN,2401404,BAIA FORMOSA,11,1090,ESCOLA MUNICIPAL JARBAS PASSARINHO,1863.45,,,,,coordenada corrigida,sem doador (nenhum local intacto no municipio)
2018,RN,2401404,BAIA FORMOSA,11,1090,ESCOLA MUNICIPAL JARBAS PASSARINHO,1863.45,,,,,coordenada corrigida,sem doador (nenhum local intacto no municipio)
2020,RN,2401404,BAIA FORMOSA,11,1090,ESCOLA MUNICIPAL JARBAS PASSARINHO,1863.45,,,,,coordenada corrigida,sem doador (nenhum local intacto no municipio)
2022,RN,2401404,BAIA FORMOSA,11,1090,ESCOLA MUNICIPAL JARBAS PASSARINHO,1863.45,,,,,coordenada corrigida,sem doador (nenhum local intacto no municipio)
2024,RN,2401404,BAIA FORMOSA,11,1090,ESCOLA MUNICIPAL JARBAS PASSARINHO,1863.45,,,,,coordenada corrigida,sem doador (nenhum local intacto no municipio)
2006,PA,1501204,BAIAO,35,1155,EMEF MANOEL FERREIRA DO ESPIRITO SANTO,647.12,440.65,35_4235_1058,EMEF DE CALADOS,2.75,coordenada corrigida,perfil herdado
2008,PA,1501204,BAIAO,35,1155,EMEF MANOEL FERREIRA DO ESPIRITO SANTO,647.12,440.65,35_4235_1481,EMEF DE VILA DUTRA,1.75,coordenada corrigida,perfil herdado
2010,PA,1501204,BAIAO,35,1155,EMEF MANOEL FERREIRA DO ESPIRITO SANTO,647.12,440.65,35_4235_1481,EMEF DE VILA DUTRA,1.75,coordenada corrigida,perfil herdado
2012,PA,1501204,BAIAO,35,1155,EMEF MANOEL FERREIRA DO ESPIRITO SANTO,647.12,440.65,35_4235_1481,EMEF DE VILA DUTRA,1.75,coordenada corrigida,perfil herdado
2014,PA,1501204,BAIAO,35,1155,EMEF MANOEL FERREIRA DO ESPIRITO SANTO,647.12,440.65,35_4235_1481,EMEF DE VILA DUTRA,1.75,coordenada corrigida,perfil herdado
2016,PA,1501204,BAIAO,35,1155,EMEF MANOEL FERREIRA DO ESPIRITO SANTO,908.13,733.35,35_4235_1481,EMEF DE VILA DUTRA,1.75,coordenada corrigida,perfil herdado
2018,PA,1501204,BAIAO,35,1155,EMEF MANOEL FERREIRA DO ESPIRITO SANTO,908.13,733.35,35_4235_1481,EMEF DE VILA DUTRA,1.75,coordenada corrigida,perfil herdado
2020,PA,1501204,BAIAO,35,1155,EMEF MANOEL FERREIRA DO ESPIRITO SANTO,908.13,733.35,35_4235_1481,EMEF DE VILA DUTRA,1.75,coordenada corrigida,perfil herdado
2022,PA,1501204,BAIAO,35,1155,EMEF MANOEL FERREIRA DO ESPIRITO SANTO,777.1,733.35,35_4235_1481,EMEF DE VILA DUTRA,1.75,coordenada corrigida,perfil herdado
2008,PA,1501204,BAIAO,35,1473,EMEF DE POCAO,358.75,358.75,35_4235_1260,EMEF DE ACAIZAL ILHA,1.2,coordenada corrigida,perfil herdado
2010,PA,1501204,BAIAO,35,1473,EMEF DE POCAO,358.75,358.75,35_4235_1260,EMEF DE ACAIZAL ILHA,1.2,coordenada corrigida,perfil herdado
2012,PA,1501204,BAIAO,35,1473,EMEF DE POCAO,358.75,358.75,35_4235_1260,EMEF DE ACAIZAL ILHA,1.2,coordenada corrigida,perfil herdado
2014,PA,1501204,BAIAO,35,1473,EMEF DE POCAO,358.75,358.75,35_4235_1260,EMEF DE ACAIZAL ILHA,1.2,coordenada corrigida,perfil herdado
2016,PA,1501204,BAIAO,35,1473,EMEF DE POCAO,851.17,1194.63,35_4235_1260,EMEF DE ACAIZAL ILHA,1.2,coordenada corrigida,perfil herdado
2018,PA,1501204,BAIAO,35,1473,EMEF DE POCAO,851.17,1194.63,35_4235_1260,EMEF DE ACAIZAL ILHA,1.2,coordenada corrigida,perfil herdado
2020,PA,1501204,BAIAO,35,1473,EMEF DE POÇÃO,851.17,1194.63,35_4235_1260,EMEF DE ACAIZAL ILHA,1.2,coordenada corrigida,perfil herdado
2022,PA,1501204,BAIAO,35,1473,EMEF DE POÇÃO,851.17,1194.63,35_4235_1260,EMEF DE ACAIZAL ILHA,1.2,coordenada corrigida,perfil herdado
2024,PA,1501204,BAIAO,35,1473,EMEF DE POÇÃO,851.17,1014.14,35_4235_1236,ESCOLA POLO MATACURÁ,9.25,coordenada corrigida,perfil herdado
2006,BA,2903003,BARRA DO MENDES,176,1473,ESCOLA EDIVALDO SANTOS LOPES,333.62,327.58,176_33596_1287,COLEGIO MUNICIPAL EDIZIO MENDONCA,5.66,coordenada corrigida,perfil herdado
2008,BA,2903003,BARRA DO MENDES,176,1473,ESCOLA EDIVALDO SANTOS LOPES,333.62,327.58,176_33596_1287,COLEGIO MUNICIPAL EDIZIO MENDONCA,5.66,coordenada corrigida,perfil herdado
2010,BA,2903003,BARRA DO MENDES,176,1473,ESCOLA EDIVALDO SANTOS LOPES,333.62,327.58,176_33596_1287,COLEGIO MUNICIPAL EDIZIO MENDONCA,5.66,coordenada corrigida,perfil herdado
2012,BA,2903003,BARRA DO MENDES,176,1473,ESCOLA EDIVALDO SANTOS LOPES,333.62,327.58,176_33596_1287,COLEGIO MUNICIPAL EDIZIO MENDONCA,5.66,coordenada corrigida,perfil herdado
2014,BA,2903003,BARRA DO MENDES,176,1473,ESCOLA EDIVALDO SANTOS LOPES,333.62,327.58,176_33596_1287,COLEGIO MUNICIPAL EDIZIO MENDONCA,5.66,coordenada corrigida,perfil herdado
2016,BA,2903003,BARRA DO MENDES,176,1473,ESCOLA EDIVALDO SANTOS LOPES,969.58,1192.51,176_33596_1287,COLEGIO MUNICIPAL EDIZIO MENDONCA,5.66,coordenada corrigida,perfil herdado
2018,BA,2903003,BARRA DO MENDES,176,1473,ESCOLA EDIVALDO SANTOS LOPES,969.58,1192.51,176_33596_1287,COLEGIO MUNICIPAL EDIZIO MENDONCA,5.66,coordenada corrigida,perfil herdado
2020,BA,2903003,BARRA DO MENDES,176,1473,ESCOLA EDIVALDO SANTOS LOPES,969.58,1192.51,176_33596_1287,COLEGIO MUNICIPAL EDIZIO MENDONCA,5.66,coordenada corrigida,perfil herdado
2022,BA,2903003,BARRA DO MENDES,176,1473,ESCOLA EDIVALDO SANTOS LOPES,969.58,1091.83,176_33596_1287,COLEGIO MUNICIPAL EDIZIO MENDONCA,5.66,coordenada corrigida,perfil herdado
2024,BA,2903003,BARRA DO MENDES,176,1473,ESCOLA EDIVALDO SANTOS LOPES,969.58,1192.51,176_33596_1287,COLEGIO MUNICIPAL EDIZIO MENDONCA,5.66,coordenada corrigida,perfil herdado
2006,BA,2903508,BELO CAMPO,165,1023,COLEGIO MUNICIPAL DE BELO CAMPO,689.41,672.5,165_33693_1252,CENTRO DE CONVIVIO DE IDOSOS - CRECHE,0.25,coordenada corrigida,perfil herdado
2008,BA,2903508,BELO CAMPO,177,1023,COLEGIO MUNICIPAL DE BELO CAMPO,689.41,672.5,177_33693_1252,CENTRO DE CONVIVIO DE IDOSOS - CRECHE,0.25,coordenada corrigida,perfil herdado
2010,BA,2903508,BELO CAMPO,177,1023,COLEGIO MUNICIPAL DE BELO CAMPO,689.41,672.5,177_33693_1252,CENTRO DE CONVIVIO DE IDOSOS - CRECHE,0.25,coordenada corrigida,perfil herdado
2012,BA,2903508,BELO CAMPO,177,1023,COLEGIO MUNICIPAL DE BELO CAMPO,689.41,672.5,177_33693_1252,CENTRO DE CONVIVIO DE IDOSOS - CRECHE,0.25,coordenada corrigida,perfil herdado
2014,BA,2903508,BELO CAMPO,177,1023,COLEGIO MUNICIPAL DE BELO CAMPO,689.41,672.5,177_33693_1252,CENTRO DE CONVIVIO DE IDOSOS - CRECHE,0.25,coordenada corrigida,perfil herdado
2016,BA,2903508,BELO CAMPO,177,1023,COLEGIO MUNICIPAL DE BELO CAMPO,1404.47,351.38,177_33693_1341,ESCOLA MUNICIPAL JOSE FRANCISCO LACERDA,7.95,coordenada corrigida,perfil herdado
2018,BA,2903508,BELO CAMPO,177,1023,COLEGIO MUNICIPAL DE BELO CAMPO,1404.47,987.7,177_33693_1058,ESCOLA MUNICIPAL JUAREZ HORTELIO,10.41,coordenada corrigida,perfil herdado
2020,BA,2903508,BELO CAMPO,177,1023,COLEGIO MUNICIPAL DE BELO CAMPO,1404.47,987.7,177_33693_1058,ESCOLA MUNICIPAL JUAREZ HORTELIO,10.41,coordenada corrigida,perfil herdado
2022,BA,2903508,BELO CAMPO,177,1023,COLEGIO MUNICIPAL DE BELO CAMPO,1404.47,987.7,177_33693_1058,ESCOLA MUNICIPAL JUAREZ HORTELIO,10.41,coordenada corrigida,perfil herdado
2024,BA,2903508,BELO CAMPO,177,1023,COLEGIO MUNICIPAL DE BELO CAMPO,1404.47,987.7,177_33693_1058,ESCOLA MUNICIPAL JUAREZ HORTELIO,10.41,coordenada corrigida,perfil herdado
2006,BA,2903508,BELO CAMPO,165,1031,ESCOLA ESTADUAL ANTONIO CARLOS MAGALHAES,549.49,672.5,165_33693_1252,CENTRO DE CONVIVIO DE IDOSOS - CRECHE,0.53,coordenada corrigida,perfil herdado
2008,BA,2903508,BELO CAMPO,177,1031,ESCOLA ESTADUAL ANTONIO CARLOS MAGALHAES,549.49,672.5,177_33693_1252,CENTRO DE CONVIVIO DE IDOSOS - CRECHE,0.53,coordenada corrigida,perfil herdado
2010,BA,2903508,BELO CAMPO,177,1031,ESCOLA ESTADUAL ANTONIO CARLOS MAGALHAES,549.49,672.5,177_33693_1252,CENTRO DE CONVIVIO DE IDOSOS - CRECHE,0.53,coordenada corrigida,perfil herdado
2012,BA,2903508,BELO CAMPO,177,1031,ESCOLA ESTADUAL ANTONIO CARLOS MAGALHAES,549.49,672.5,177_33693_1252,CENTRO DE CONVIVIO DE IDOSOS - CRECHE,0.53,coordenada corrigida,perfil herdado
2014,BA,2903508,BELO CAMPO,177,1031,ESCOLA ESTADUAL ANTONIO CARLOS MAGALHAES,549.49,672.5,177_33693_1252,CENTRO DE CONVIVIO DE IDOSOS - CRECHE,0.53,coordenada corrigida,perfil herdado
2016,BA,2903508,BELO CAMPO,177,1031,ESCOLA ESTADUAL ANTONIO CARLOS MAGALHAES,1715.13,351.38,177_33693_1341,ESCOLA MUNICIPAL JOSE FRANCISCO LACERDA,8.35,coordenada corrigida,perfil herdado
2018,BA,2903508,BELO CAMPO,177,1031,ESCOLA ESTADUAL ANTONIO CARLOS MAGALHAES,1715.13,987.7,177_33693_1058,ESCOLA MUNICIPAL JUAREZ HORTELIO,9.74,coordenada corrigida,perfil herdado
2020,BA,2903508,BELO CAMPO,177,1031,ESCOLA ESTADUAL ANTONIO CARLOS MAGALHAES,1715.13,987.7,177_33693_1058,ESCOLA MUNICIPAL JUAREZ HORTELIO,9.74,coordenada corrigida,perfil herdado
2006,BA,2903508,BELO CAMPO,165,1074,ESCOLA ESTADUAL CARLOS SANTANA,549.49,672.5,165_33693_1252,CENTRO DE CONVIVIO DE IDOSOS - CRECHE,0.64,coordenada corrigida,perfil herdado
2008,BA,2903508,BELO CAMPO,177,1074,ESCOLA ESTADUAL CARLOS SANTANA,549.49,672.5,177_33693_1252,CENTRO DE CONVIVIO DE IDOSOS - CRECHE,0.87,coordenada corrigida,perfil herdado
2010,BA,2903508,BELO CAMPO,177,1074,ESCOLA ESTADUAL CARLOS SANTANA,549.49,672.5,177_33693_1252,CENTRO DE CONVIVIO DE IDOSOS - CRECHE,0.87,coordenada corrigida,perfil herdado
2012,BA,2903508,BELO CAMPO,177,1074,ESCOLA ESTADUAL CARLOS SANTANA,549.49,672.5,177_33693_1252,CENTRO DE CONVIVIO DE IDOSOS - CRECHE,0.87,coordenada corrigida,perfil herdado
2014,BA,2903508,BELO CAMPO,177,1074,ESCOLA ESTADUAL CARLOS SANTANA,549.49,672.5,177_33693_1252,CENTRO DE CONVIVIO DE IDOSOS - CRECHE,0.87,coordenada corrigida,perfil herdado
2016,BA,2903508,BELO CAMPO,177,1074,ESCOLA ESTADUAL CARLOS SANTANA,1715.13,351.38,177_33693_1341,ESCOLA MUNICIPAL JOSE FRANCISCO LACERDA,8.58,coordenada corrigida,perfil herdado
2018,BA,2903508,BELO CAMPO,177,1074,ESCOLA ESTADUAL CARLOS SANTANA,1715.13,987.7,177_33693_1058,ESCOLA MUNICIPAL JUAREZ HORTELIO,9.39,coordenada corrigida,perfil herdado
2020,BA,2903508,BELO CAMPO,177,1074,ESCOLA ESTADUAL CARLOS SANTANA,1715.13,987.7,177_33693_1058,ESCOLA MUNICIPAL JUAREZ HORTELIO,9.39,coordenada corrigida,perfil herdado
2006,BA,2903508,BELO CAMPO,165,1082,ESCOLA MUNICIPAL EDVALDO FLORES,640.97,672.5,165_33693_1252,CENTRO DE CONVIVIO DE IDOSOS - CRECHE,0.91,coordenada corrigida,perfil herdado
2008,BA,2903508,BELO CAMPO,177,1082,ESCOLA MUNICIPAL EDVALDO FLORES,640.97,672.5,177_33693_1252,CENTRO DE CONVIVIO DE IDOSOS - CRECHE,0.91,coordenada corrigida,perfil herdado
2010,BA,2903508,BELO CAMPO,177,1082,ESCOLA MUNICIPAL EDVALDO FLORES,640.97,672.5,177_33693_1252,CENTRO DE CONVIVIO DE IDOSOS - CRECHE,0.91,coordenada corrigida,perfil herdado
2012,BA,2903508,BELO CAMPO,177,1082,ESCOLA MUNICIPAL EDVALDO FLORES,640.97,672.5,177_33693_1252,CENTRO DE CONVIVIO DE IDOSOS - CRECHE,0.91,coordenada corrigida,perfil herdado
2014,BA,2903508,BELO CAMPO,177,1082,ESCOLA MUNICIPAL EDVALDO FLORES,640.97,672.5,177_33693_1252,CENTRO DE CONVIVIO DE IDOSOS - CRECHE,0.91,coordenada corrigida,perfil herdado
2016,BA,2903508,BELO CAMPO,177,1082,ESCOLA MUNICIPAL EDVALDO FLORES,1539.54,351.38,177_33693_1341,ESCOLA MUNICIPAL JOSE FRANCISCO LACERDA,8.69,coordenada corrigida,perfil herdado
2018,BA,2903508,BELO CAMPO,177,1082,ESCOLA MUNICIPAL EDVALDO FLORES,1539.54,987.7,177_33693_1058,ESCOLA MUNICIPAL JUAREZ HORTELIO,9.33,coordenada corrigida,perfil herdado
2020,BA,2903508,BELO CAMPO,177,1082,ESCOLA MUNICIPAL EDVALDO FLORES,1539.54,987.7,177_33693_1058,ESCOLA MUNICIPAL JUAREZ HORTELIO,9.33,coordenada corrigida,perfil herdado
2022,BA,2903508,BELO CAMPO,177,1082,ESCOLA MUNICIPAL EDVALDO FLORES,1539.54,987.7,177_33693_1058,ESCOLA MUNICIPAL JUAREZ HORTELIO,9.33,coordenada corrigida,perfil herdado
2024,BA,2903508,BELO CAMPO,177,1082,ESCOLA MUNICIPAL EDVALDO FLORES,1539.54,987.7,177_33693_1058,ESCOLA MUNICIPAL JUAREZ HORTELIO,9.33,coordenada corrigida,perfil herdado
2006,BA,2903508,BELO CAMPO,165,1104,ESCOLA MUNICIPAL ODILON VIEIRA,391.58,452.43,165_33693_1058,ESCOLA MUNICIPAL JUAREZ HORTELIO,5.48,coordenada corrigida,perfil herdado
2008,BA,2903508,BELO CAMPO,177,1104,ESCOLA MUNICIPAL ODILON VIEIRA,391.58,452.43,177_33693_1058,ESCOLA MUNICIPAL JUAREZ HORTELIO,5.48,coordenada corrigida,perfil herdado
2010,BA,2903508,BELO CAMPO,177,1104,ESCOLA MUNICIPAL ODILON VIEIRA,391.58,452.43,177_33693_1058,ESCOLA MUNICIPAL JUAREZ HORTELIO,5.48,coordenada corrigida,perfil herdado
2012,BA,2903508,BELO CAMPO,177,1104,ESCOLA MUNICIPAL ODILON VIEIRA,391.58,452.43,177_33693_1058,ESCOLA MUNICIPAL JUAREZ HORTELIO,5.48,coordenada corrigida,perfil herdado
2014,BA,2903508,BELO CAMPO,177,1104,ESCOLA MUNICIPAL ODILON VIEIRA,391.58,452.43,177_33693_1058,ESCOLA MUNICIPAL JUAREZ HORTELIO,5.48,coordenada corrigida,perfil herdado
2016,BA,2903508,BELO CAMPO,177,1104,ESCOLA MUNICIPAL ODILON VIEIRA,1715.69,987.7,177_33693_1058,ESCOLA MUNICIPAL JUAREZ HORTELIO,5.48,coordenada corrigida,perfil herdado
2018,BA,2903508,BELO CAMPO,177,1104,ESCOLA MUNICIPAL ODILON VIEIRA,1715.69,987.7,177_33693_1058,ESCOLA MUNICIPAL JUAREZ HORTELIO,5.48,coordenada corrigida,perfil herdado
2020,BA,2903508,BELO CAMPO,177,1104,ESCOLA MUNICIPAL ODILON VIEIRA,1715.69,987.7,177_33693_1058,ESCOLA MUNICIPAL JUAREZ HORTELIO,5.48,coordenada corrigida,perfil herdado
2022,BA,2903508,BELO CAMPO,177,1104,ESCOLA MUNICIPAL ODILON VIEIRA,1715.69,987.7,177_33693_1058,ESCOLA MUNICIPAL JUAREZ HORTELIO,5.48,coordenada corrigida,perfil herdado
2024,BA,2903508,BELO CAMPO,177,1104,ESCOLA MUNICIPAL ODILON VIEIRA,1715.69,987.7,177_33693_1058,ESCOLA MUNICIPAL JUAREZ HORTELIO,5.48,coordenada corrigida,perfil herdado
2006,BA,2903508,BELO CAMPO,165,1112,ESCOLA MUNICIPAL GERSON ALMEIDA,359.24,347.38,165_33693_1201,ESCOLA MUNICIPAL DOMINGOS FERRAZ,6.84,coordenada corrigida,perfil herdado
2008,BA,2903508,BELO CAMPO,177,1112,ESCOLA MUNICIPAL GERSON ALMEIDA,359.24,347.38,177_33693_1201,ESCOLA MUNICIPAL DOMINGOS FERRAZ,6.84,coordenada corrigida,perfil herdado
2010,BA,2903508,BELO CAMPO,177,1112,ESCOLA MUNICIPAL GERSON ALMEIDA,359.24,347.38,177_33693_1201,ESCOLA MUNICIPAL DOMINGOS FERRAZ,6.84,coordenada corrigida,perfil herdado
2012,BA,2903508,BELO CAMPO,177,1112,ESCOLA MUNICIPAL GERSON ALMEIDA,359.24,347.38,177_33693_1201,ESCOLA MUNICIPAL DOMINGOS FERRAZ,6.84,coordenada corrigida,perfil herdado
2014,BA,2903508,BELO CAMPO,177,1112,ESCOLA MUNICIPAL GERSON ALMEIDA,359.24,347.38,177_33693_1201,ESCOLA MUNICIPAL DOMINGOS FERRAZ,6.84,coordenada corrigida,perfil herdado
2016,BA,2903508,BELO CAMPO,177,1112,ESCOLA MUNICIPAL GERSON ALMEIDA,1716.08,952.87,177_33693_1201,ESCOLA MUNICIPAL DOMINGOS FERRAZ,6.84,coordenada corrigida,perfil herdado
2018,BA,2903508,BELO CAMPO,177,1112,ESCOLA MUNICIPAL GERSON ALMEIDA,1716.08,952.87,177_33693_1201,ESCOLA MUNICIPAL DOMINGOS FERRAZ,6.84,coordenada corrigida,perfil herdado
2020,BA,2903508,BELO CAMPO,177,1112,ESCOLA MUNICIPAL GERSON ALMEIDA,1716.08,952.87,177_33693_1201,ESCOLA MUNICIPAL DOMINGOS FERRAZ,6.84,coordenada corrigida,perfil herdado
2022,BA,2903508,BELO CAMPO,177,1112,ESCOLA MUNICIPAL GERSON ALMEIDA,1716.08,952.87,177_33693_1201,ESCOLA MUNICIPAL DOMINGOS FERRAZ,6.84,coordenada corrigida,perfil herdado
2024,BA,2903508,BELO CAMPO,177,1112,ESCOLA MUNICIPAL GERSON ALMEIDA,1716.08,952.87,177_33693_1201,ESCOLA MUNICIPAL DOMINGOS FERRAZ,6.84,coordenada corrigida,perfil herdado
2006,BA,2903508,BELO CAMPO,165,1147,ESCOLA MUNICIPAL LAURO FLROES,343.97,351.38,165_33693_1341,ESCOLA MUNICIPAL JOSE FRANCISCO LACERDA,2.43,coordenada corrigida,perfil herdado
2008,BA,2903508,BELO CAMPO,177,1147,ESCOLA MUNICIPAL LAURO FLROES,343.97,351.38,177_33693_1341,ESCOLA MUNICIPAL JOSE FRANCISCO LACERDA,2.43,coordenada corrigida,perfil herdado
2010,BA,2903508,BELO CAMPO,177,1147,ESCOLA MUNICIPAL LAURO FLROES,343.97,351.38,177_33693_1341,ESCOLA MUNICIPAL JOSE FRANCISCO LACERDA,2.43,coordenada corrigida,perfil herdado
2012,BA,2903508,BELO CAMPO,177,1147,ESCOLA MUNICIPAL LAURO FLROES,343.97,351.38,177_33693_1341,ESCOLA MUNICIPAL JOSE FRANCISCO LACERDA,2.43,coordenada corrigida,perfil herdado
2014,BA,2903508,BELO CAMPO,177,1147,ESCOLA MUNICIPAL LAURO FLROES,343.97,351.38,177_33693_1341,ESCOLA MUNICIPAL JOSE FRANCISCO LACERDA,2.43,coordenada corrigida,perfil herdado
2016,BA,2903508,BELO CAMPO,177,1147,ESCOLA MUNICIPAL LAURO FLROES,1714.87,351.38,177_33693_1341,ESCOLA MUNICIPAL JOSE FRANCISCO LACERDA,2.43,coordenada corrigida,perfil herdado
2018,BA,2903508,BELO CAMPO,177,1147,ESCOLA MUNICIPAL LAURO FLROES,1714.87,952.87,177_33693_1201,ESCOLA MUNICIPAL DOMINGOS FERRAZ,6.15,coordenada corrigida,perfil herdado
2020,BA,2903508,BELO CAMPO,177,1147,ESCOLA MUNICIPAL LAURO FLROES,1714.87,952.87,177_33693_1201,ESCOLA MUNICIPAL DOMINGOS FERRAZ,6.15,coordenada corrigida,perfil herdado
2022,BA,2903508,BELO CAMPO,177,1147,ESCOLA MUNICIPAL LAURO FLROES,1714.87,952.87,177_33693_1201,ESCOLA MUNICIPAL DOMINGOS FERRAZ,6.15,coordenada corrigida,perfil herdado
2024,BA,2903508,BELO CAMPO,177,1147,ESCOLA MUNICIPAL LAURO FLROES,1714.87,952.87,177_33693_1201,ESCOLA MUNICIPAL DOMINGOS FERRAZ,6.15,coordenada corrigida,perfil herdado
2006,BA,2903508,BELO CAMPO,165,1155,ESCOLA MUNICIPAL MARIA FERRAZ DE OLIVEIRA,340.37,351.38,165_33693_1341,ESCOLA MUNICIPAL JOSE FRANCISCO LACERDA,3.53,coordenada corrigida,perfil herdado
2008,BA,2903508,BELO CAMPO,177,1155,ESCOLA MUNICIPAL MARIA FERRAZ DE OLIVEIRA,340.37,351.38,177_33693_1341,ESCOLA MUNICIPAL JOSE FRANCISCO LACERDA,3.53,coordenada corrigida,perfil herdado
2010,BA,2903508,BELO CAMPO,177,1155,ESCOLA MUNICIPAL MARIA FERRAZ DE OLIVEIRA,340.37,351.38,177_33693_1341,ESCOLA MUNICIPAL JOSE FRANCISCO LACERDA,3.53,coordenada corrigida,perfil herdado
2012,BA,2903508,BELO CAMPO,177,1155,ESCOLA MUNICIPAL MARIA FERRAZ DE OLIVEIRA,340.37,351.38,177_33693_1341,ESCOLA MUNICIPAL JOSE FRANCISCO LACERDA,3.53,coordenada corrigida,perfil herdado
2014,BA,2903508,BELO CAMPO,177,1155,ESCOLA MUNICIPAL MARIA FERRAZ DE OLIVEIRA,340.37,351.38,177_33693_1341,ESCOLA MUNICIPAL JOSE FRANCISCO LACERDA,3.53,coordenada corrigida,perfil herdado
2016,BA,2903508,BELO CAMPO,177,1155,ESCOLA MUNICIPAL MARIA FERRAZ DE OLIVEIRA,1701.51,351.38,177_33693_1341,ESCOLA MUNICIPAL JOSE FRANCISCO LACERDA,3.53,coordenada corrigida,perfil herdado
2018,BA,2903508,BELO CAMPO,177,1155,ESCOLA MUNICIPAL MARIA FERRAZ DE OLIVEIRA,1701.51,952.87,177_33693_1201,ESCOLA MUNICIPAL DOMINGOS FERRAZ,10.28,coordenada corrigida,perfil herdado
2020,BA,2903508,BELO CAMPO,177,1155,ESCOLA MUNICIPAL MARIA FERRAZ DE OLIVEIRA,1701.51,952.87,177_33693_1201,ESCOLA MUNICIPAL DOMINGOS FERRAZ,10.28,coordenada corrigida,perfil herdado
2022,BA,2903508,BELO CAMPO,177,1155,ESCOLA MUNICIPAL MARIA FERRAZ DE OLIVEIRA,1701.51,952.87,177_33693_1201,ESCOLA MUNICIPAL DOMINGOS FERRAZ,10.28,coordenada corrigida,perfil herdado
2024,BA,2903508,BELO CAMPO,177,1155,ESCOLA MUNICIPAL MARIA FERRAZ DE OLIVEIRA,1701.51,952.87,177_33693_1201,ESCOLA MUNICIPAL DOMINGOS FERRAZ,10.28,coordenada corrigida,perfil herdado
2006,BA,2903508,BELO CAMPO,165,1171,ESCOLA ESTADUAL ROBERTO SANTOS,549.49,643.46,165_33693_1236,ESCOLA MUNICIPAL BENIGNO FERREIRA,6.42,coordenada corrigida,perfil herdado
2008,BA,2903508,BELO CAMPO,177,1171,ESCOLA ESTADUAL ROBERTO SANTOS,549.49,643.46,177_33693_1236,ESCOLA MUNICIPAL BENIGNO FERREIRA,6.42,coordenada corrigida,perfil herdado
2010,BA,2903508,BELO CAMPO,177,1171,ESCOLA ESTADUAL ROBERTO SANTOS,549.49,643.46,177_33693_1236,ESCOLA MUNICIPAL BENIGNO FERREIRA,6.42,coordenada corrigida,perfil herdado
2012,BA,2903508,BELO CAMPO,177,1171,ESCOLA ESTADUAL ROBERTO SANTOS,549.49,643.46,177_33693_1236,ESCOLA MUNICIPAL BENIGNO FERREIRA,6.42,coordenada corrigida,perfil herdado
2014,BA,2903508,BELO CAMPO,177,1171,ESCOLA ESTADUAL ROBERTO SANTOS,549.49,643.46,177_33693_1236,ESCOLA MUNICIPAL BENIGNO FERREIRA,6.42,coordenada corrigida,perfil herdado
2016,BA,2903508,BELO CAMPO,177,1171,ESCOLA ESTADUAL ROBERTO SANTOS,1715.13,987.7,177_33693_1058,ESCOLA MUNICIPAL JUAREZ HORTELIO,8.86,coordenada corrigida,perfil herdado
2006,BA,2903508,BELO CAMPO,165,1198,ESCOLA MUNICIPAL JOAO FERREIRA DOS SANTOS,482.9,643.46,165_33693_1236,ESCOLA MUNICIPAL BENIGNO FERREIRA,4.76,coordenada corrigida,perfil herdado
2008,BA,2903508,BELO CAMPO,177,1198,ESCOLA MUNICIPAL JOAO FERREIRA DOS SANTOS,482.9,643.46,177_33693_1236,ESCOLA MUNICIPAL BENIGNO FERREIRA,4.76,coordenada corrigida,perfil herdado
2010,BA,2903508,BELO CAMPO,177,1198,ESCOLA MUNICIPAL JOAO FERREIRA DOS SANTOS,482.9,643.46,177_33693_1236,ESCOLA MUNICIPAL BENIGNO FERREIRA,4.76,coordenada corrigida,perfil herdado
2012,BA,2903508,BELO CAMPO,177,1198,ESCOLA MUNICIPAL JOAO FERREIRA DOS SANTOS,482.9,643.46,177_33693_1236,ESCOLA MUNICIPAL BENIGNO FERREIRA,4.76,coordenada corrigida,perfil herdado
2014,BA,2903508,BELO CAMPO,177,1198,ESCOLA MUNICIPAL JOAO FERREIRA DOS SANTOS,482.9,643.46,177_33693_1236,ESCOLA MUNICIPAL BENIGNO FERREIRA,4.76,coordenada corrigida,perfil herdado
2016,BA,2903508,BELO CAMPO,177,1198,ESCOLA MUNICIPAL JOAO FERREIRA DOS SANTOS,1716.37,351.38,177_33693_1341,ESCOLA MUNICIPAL JOSE FRANCISCO LACERDA,6.7,coordenada corrigida,perfil herdado
2018,BA,2903508,BELO CAMPO,177,1198,ESCOLA MUNICIPAL JOAO FERREIRA DOS SANTOS,1716.37,952.87,177_33693_1201,ESCOLA MUNICIPAL DOMINGOS FERRAZ,15.15,coordenada corrigida,perfil herdado
2020,BA,2903508,BELO CAMPO,177,1198,ESCOLA MUNICIPAL JOAO FERREIRA DOS SANTOS,1716.37,952.87,177_33693_1201,ESCOLA MUNICIPAL DOMINGOS FERRAZ,15.15,coordenada corrigida,perfil herdado
2022,BA,2903508,BELO CAMPO,177,1198,ESCOLA MUNICIPAL JOAO FERREIRA DOS SANTOS,1716.37,952.87,177_33693_1201,ESCOLA MUNICIPAL DOMINGOS FERRAZ,15.15,coordenada corrigida,perfil herdado
2024,BA,2903508,BELO CAMPO,177,1198,ESCOLA MUNICIPAL JOAO FERREIRA DOS SANTOS,1716.37,952.87,177_33693_1201,ESCOLA MUNICIPAL DOMINGOS FERRAZ,15.15,coordenada corrigida,perfil herdado
2006,BA,2903508,BELO CAMPO,165,1210,ESCOLA MUNICIPAL LEONE LIMA,363.57,365.1,165_33693_1163,ESCOLA MUNICIPAL FRANCISCO FERREIRA DE MORAIS,4.13,coordenada corrigida,perfil herdado
2008,BA,2903508,BELO CAMPO,177,1210,ESCOLA MUNICIPAL LEONE LIMA,363.57,365.1,177_33693_1163,ESCOLA MUNICIPAL FRANCISCO FERREIRA DE MORAIS,4.13,coordenada corrigida,perfil herdado
2010,BA,2903508,BELO CAMPO,177,1210,ESCOLA MUNICIPAL LEONE LIMA,363.57,365.1,177_33693_1163,ESCOLA MUNICIPAL FRANCISCO FERREIRA DE MORAIS,4.13,coordenada corrigida,perfil herdado
2012,BA,2903508,BELO CAMPO,177,1210,ESCOLA MUNICIPAL LEONE LIMA,363.57,365.1,177_33693_1163,ESCOLA MUNICIPAL FRANCISCO FERREIRA DE MORAIS,4.13,coordenada corrigida,perfil herdado
2014,BA,2903508,BELO CAMPO,177,1210,ESCOLA MUNICIPAL LEONE LIMA,363.57,365.1,177_33693_1163,ESCOLA MUNICIPAL FRANCISCO FERREIRA DE MORAIS,4.13,coordenada corrigida,perfil herdado
2016,BA,2903508,BELO CAMPO,177,1210,ESCOLA MUNICIPAL LEONE LIMA,1715.15,365.1,177_33693_1163,ESCOLA MUNICIPAL FRANCISCO FERREIRA DE MORAIS,4.13,coordenada corrigida,perfil herdado
2018,BA,2903508,BELO CAMPO,177,1210,ESCOLA MUNICIPAL LEONE LIMA,1715.15,1069.18,177_33693_1015,ESCOLA MUNICIPAL DANIEL RODRIGUES,5.72,coordenada corrigida,perfil herdado
2020,BA,2903508,BELO CAMPO,177,1210,ESCOLA MUNICIPAL LEONE LIMA,1715.15,1069.18,177_33693_1015,ESCOLA MUNICIPAL DANIEL RODRIGUES,5.72,coordenada corrigida,perfil herdado
2022,BA,2903508,BELO CAMPO,177,1210,ESCOLA MUNICIPAL LEONE LIMA,1715.15,1069.18,177_33693_1015,ESCOLA MUNICIPAL DANIEL RODRIGUES,5.72,coordenada corrigida,perfil herdado
2024,BA,2903508,BELO CAMPO,177,1210,ESCOLA MUNICIPAL LEONE LIMA,1715.15,1069.18,177_33693_1015,ESCOLA MUNICIPAL DANIEL RODRIGUES,5.72,coordenada corrigida,perfil herdado
2006,BA,2903508,BELO CAMPO,165,1287,ESCOLA MUNICIPAL CASTELO BRANCO,398.23,347.38,165_33693_1201,ESCOLA MUNICIPAL DOMINGOS FERRAZ,3.38,coordenada corrigida,perfil herdado
2008,BA,2903508,BELO CAMPO,177,1287,ESCOLA MUNICIPAL CASTELO BRANCO,398.23,347.38,177_33693_1201,ESCOLA MUNICIPAL DOMINGOS FERRAZ,3.38,coordenada corrigida,perfil herdado
2010,BA,2903508,BELO CAMPO,177,1287,ESCOLA MUNICIPAL CASTELO BRANCO,398.23,347.38,177_33693_1201,ESCOLA MUNICIPAL DOMINGOS FERRAZ,3.38,coordenada corrigida,perfil herdado
2012,BA,2903508,BELO CAMPO,177,1287,ESCOLA MUNICIPAL CASTELO BRANCO,398.23,347.38,177_33693_1201,ESCOLA MUNICIPAL DOMINGOS FERRAZ,3.38,coordenada corrigida,perfil herdado
2014,BA,2903508,BELO CAMPO,177,1287,ESCOLA MUNICIPAL CASTELO BRANCO,398.23,347.38,177_33693_1201,ESCOLA MUNICIPAL DOMINGOS FERRAZ,3.38,coordenada corrigida,perfil herdado
2016,BA,2903508,BELO CAMPO,177,1287,ESCOLA MUNICIPAL CASTELO BRANCO,1715.25,952.87,177_33693_1201,ESCOLA MUNICIPAL DOMINGOS FERRAZ,3.38,coordenada corrigida,perfil herdado
2018,BA,2903508,BELO CAMPO,177,1287,ESCOLA MUNICIPAL CASTELO BRANCO,1715.25,952.87,177_33693_1201,ESCOLA MUNICIPAL DOMINGOS FERRAZ,3.38,coordenada corrigida,perfil herdado
2020,BA,2903508,BELO CAMPO,177,1287,ESCOLA MUNICIPAL CASTELO BRANCO,1715.25,952.87,177_33693_1201,ESCOLA MUNICIPAL DOMINGOS FERRAZ,3.38,coordenada corrigida,perfil herdado
2022,BA,2903508,BELO CAMPO,177,1287,ESCOLA MUNICIPAL CASTELO BRANCO,1715.25,952.87,177_33693_1201,ESCOLA MUNICIPAL DOMINGOS FERRAZ,3.38,coordenada corrigida,perfil herdado
2024,BA,2903508,BELO CAMPO,177,1287,ESCOLA MUNICIPAL CASTELO BRANCO,1715.25,952.87,177_33693_1201,ESCOLA MUNICIPAL DOMINGOS FERRAZ,3.38,coordenada corrigida,perfil herdado
2006,BA,2903508,BELO CAMPO,165,1295,ESCOLA MUNICIPAL ROBERTO SANTOS,549.49,643.46,165_33693_1236,ESCOLA MUNICIPAL BENIGNO FERREIRA,6.11,coordenada corrigida,perfil herdado
2008,BA,2903508,BELO CAMPO,177,1295,ESCOLA MUNICIPAL ROBERTO SANTOS,549.49,643.46,177_33693_1236,ESCOLA MUNICIPAL BENIGNO FERREIRA,6.11,coordenada corrigida,perfil herdado
2010,BA,2903508,BELO CAMPO,177,1295,ESCOLA MUNICIPAL ROBERTO SANTOS,549.49,643.46,177_33693_1236,ESCOLA MUNICIPAL BENIGNO FERREIRA,6.11,coordenada corrigida,perfil herdado
2012,BA,2903508,BELO CAMPO,177,1295,ESCOLA MUNICIPAL ROBERTO SANTOS,549.49,643.46,177_33693_1236,ESCOLA MUNICIPAL BENIGNO FERREIRA,6.11,coordenada corrigida,perfil herdado
2014,BA,2903508,BELO CAMPO,177,1295,ESCOLA MUNICIPAL ROBERTO SANTOS,549.49,643.46,177_33693_1236,ESCOLA MUNICIPAL BENIGNO FERREIRA,6.11,coordenada corrigida,perfil herdado
2016,BA,2903508,BELO CAMPO,177,1295,ESCOLA MUNICIPAL ROBERTO SANTOS,1715.13,351.38,177_33693_1341,ESCOLA MUNICIPAL JOSE FRANCISCO LACERDA,8.79,coordenada corrigida,perfil herdado
2018,BA,2903508,BELO CAMPO,177,1295,ESCOLA MUNICIPAL ROBERTO SANTOS,1715.13,987.7,177_33693_1058,ESCOLA MUNICIPAL JUAREZ HORTELIO,8.91,coordenada corrigida,perfil herdado
2020,BA,2903508,BELO CAMPO,177,1295,ESCOLA MUNICIPAL ROBERTO SANTOS,1715.13,987.7,177_33693_1058,ESCOLA MUNICIPAL JUAREZ HORTELIO,8.91,coordenada corrigida,perfil herdado
2022,BA,2903508,BELO CAMPO,177,1295,ESCOLA MUNICIPAL ROBERTO SANTOS,1715.13,987.7,177_33693_1058,ESCOLA MUNICIPAL JUAREZ HORTELIO,8.91,coordenada corrigida,perfil herdado
2024,BA,2903508,BELO CAMPO,177,1295,ESCOLA MUNICIPAL ROBERTO SANTOS,1715.13,987.7,177_33693_1058,ESCOLA MUNICIPAL JUAREZ HORTELIO,8.91,coordenada corrigida,perfil herdado
2006,BA,2903508,BELO CAMPO,165,1325,ESPECIAL ESCOLA MUNICIPAL EDVALDO FLORES,549.49,672.5,165_33693_1252,CENTRO DE CONVIVIO DE IDOSOS - CRECHE,0.88,coordenada corrigida,perfil herdado
2008,BA,2903508,BELO CAMPO,177,1325,ESPECIAL ESCOLA MUNICIPAL EDVALDO FLORES,549.49,672.5,177_33693_1252,CENTRO DE CONVIVIO DE IDOSOS - CRECHE,0.88,coordenada corrigida,perfil herdado
2010,BA,2903508,BELO CAMPO,177,1325,ESPECIAL ESCOLA MUNICIPAL EDVALDO FLORES,549.49,672.5,177_33693_1252,CENTRO DE CONVIVIO DE IDOSOS - CRECHE,0.88,coordenada corrigida,perfil herdado
2012,BA,2903508,BELO CAMPO,177,1325,ESPECIAL ESCOLA MUNICIPAL EDVALDO FLORES,549.49,672.5,177_33693_1252,CENTRO DE CONVIVIO DE IDOSOS - CRECHE,0.88,coordenada corrigida,perfil herdado
2014,BA,2903508,BELO CAMPO,177,1325,ESPECIAL ESCOLA MUNICIPAL EDVALDO FLORES,549.49,672.5,177_33693_1252,CENTRO DE CONVIVIO DE IDOSOS - CRECHE,0.88,coordenada corrigida,perfil herdado
2016,BA,2903508,BELO CAMPO,177,1325,ESPECIAL ESCOLA MUNICIPAL EDVALDO FLORES,1715.13,351.38,177_33693_1341,ESCOLA MUNICIPAL JOSE FRANCISCO LACERDA,8.47,coordenada corrigida,perfil herdado
2018,BA,2903508,BELO CAMPO,177,1325,ESPECIAL ESCOLA MUNICIPAL EDVALDO FLORES,1715.13,987.7,177_33693_1058,ESCOLA MUNICIPAL JUAREZ HORTELIO,9.41,coordenada corrigida,perfil herdado
2020,BA,2903508,BELO CAMPO,177,1325,ESPECIAL ESCOLA MUNICIPAL EDVALDO FLORES,1715.13,987.7,177_33693_1058,ESCOLA MUNICIPAL JUAREZ HORTELIO,9.41,coordenada corrigida,perfil herdado
2006,BA,2903508,BELO CAMPO,165,1350,ESCOLA MUNICIPAL TEODORICO ARCANJO CANTIL,391.58,452.43,165_33693_1058,ESCOLA MUNICIPAL JUAREZ HORTELIO,8.28,coordenada corrigida,perfil herdado
2008,BA,2903508,BELO CAMPO,177,1350,ESCOLA MUNICIPAL TEODORICO ARCANJO CANTIL,391.58,347.38,177_33693_1201,ESCOLA MUNICIPAL DOMINGOS FERRAZ,9.95,coordenada corrigida,perfil herdado
2010,BA,2903508,BELO CAMPO,177,1350,ESCOLA MUNICIPAL TEODORICO ARCANJO CANTIL,391.58,347.38,177_33693_1201,ESCOLA MUNICIPAL DOMINGOS FERRAZ,9.95,coordenada corrigida,perfil herdado
2012,BA,2903508,BELO CAMPO,177,1350,ESCOLA MUNICIPAL TEODORICO ARCANJO CANTIL,391.58,347.38,177_33693_1201,ESCOLA MUNICIPAL DOMINGOS FERRAZ,9.95,coordenada corrigida,perfil herdado
2014,BA,2903508,BELO CAMPO,177,1350,ESCOLA MUNICIPAL TEODORICO ARCANJO CANTIL,391.58,347.38,177_33693_1201,ESCOLA MUNICIPAL DOMINGOS FERRAZ,9.95,coordenada corrigida,perfil herdado
2016,BA,2903508,BELO CAMPO,177,1350,ESCOLA MUNICIPAL JOSE NUNES,1716.06,952.87,177_33693_1201,ESCOLA MUNICIPAL DOMINGOS FERRAZ,9.95,coordenada corrigida,perfil herdado
2018,BA,2903508,BELO CAMPO,177,1350,ESCOLA MUNICIPAL JOSE NUNES,1716.06,952.87,177_33693_1201,ESCOLA MUNICIPAL DOMINGOS FERRAZ,9.95,coordenada corrigida,perfil herdado
2020,BA,2903508,BELO CAMPO,177,1350,ESCOLA MUNICIPAL JOSÉ NUNES,1716.06,952.87,177_33693_1201,ESCOLA MUNICIPAL DOMINGOS FERRAZ,9.95,coordenada corrigida,perfil herdado
2022,BA,2903508,BELO CAMPO,177,1350,ESCOLA MUNICIPAL JOSÉ NUNES,1716.06,952.87,177_33693_1201,ESCOLA MUNICIPAL DOMINGOS FERRAZ,9.95,coordenada corrigida,perfil herdado
2024,BA,2903508,BELO CAMPO,177,1350,ESCOLA MUNICIPAL JOSÉ NUNES,1716.06,952.87,177_33693_1201,ESCOLA MUNICIPAL DOMINGOS FERRAZ,9.95,coordenada corrigida,perfil herdado
2006,BA,2904100,BOQUIRA,65,1414,PREDIO ESCOLAR DE ARACAS,332.66,372.69,65_33812_1112,PREDIO ESCOLAR DE LAGOA RASA,2.75,coordenada corrigida,perfil herdado
2008,BA,2904100,BOQUIRA,65,1414,PREDIO ESCOLAR DE ARACAS,332.66,372.69,65_33812_1112,PREDIO ESCOLAR DE LAGOA RASA,2.75,coordenada corrigida,perfil herdado
2012,BA,2904100,BOQUIRA,65,1414,PREDIO ESCOLAR DE ARACAS,332.66,372.69,65_33812_1112,PREDIO ESCOLAR DE LAGOA RASA,2.75,coordenada corrigida,perfil herdado
2014,BA,2904100,BOQUIRA,65,1414,PREDIO ESCOLAR DE ARACAS,332.66,372.69,65_33812_1112,PREDIO ESCOLAR DE LAGOA RASA,2.75,coordenada corrigida,perfil herdado
2016,BA,2904100,BOQUIRA,65,1414,PREDIO ESCOLAR DE ARACAS,1131.61,1061.93,65_33812_1112,PREDIO ESCOLAR DE LAGOA RASA,2.75,coordenada corrigida,perfil herdado
2018,BA,2904100,BOQUIRA,65,1414,PREDIO ESCOLAR DE ARACAS,1131.61,1061.93,65_33812_1112,PREDIO ESCOLAR DE LAGOA RASA,2.75,coordenada corrigida,perfil herdado
2020,BA,2904100,BOQUIRA,65,1414,PREDIO ESCOLAR DE ARACAS,1131.61,1061.93,65_33812_1112,PREDIO ESCOLAR DE LAGOA RASA,2.75,coordenada corrigida,perfil herdado
2022,BA,2904100,BOQUIRA,65,1414,PREDIO ESCOLAR DE ARACAS,1131.61,984.64,65_33812_1112,PREDIO ESCOLAR DE LAGOA RASA,2.75,coordenada corrigida,perfil herdado
2024,BA,2904100,BOQUIRA,65,1414,PREDIO ESCOLAR DE ARACAS,1131.61,1061.93,65_33812_1112,PREDIO ESCOLAR DE LAGOA RASA,2.75,coordenada corrigida,perfil herdado
2010,BA,2904100,BOQUIRA,65,5885,PREDIO ESCOLAR DE ARACAS,332.66,372.69,65_33812_1112,PREDIO ESCOLAR DE LAGOA RASA,2.75,coordenada corrigida,perfil herdado
2006,MG,3108602,BRASILIA DE MINAS,50,1139,ESCOLA MUNICIPAL SANTA LUCIA,337.13,456.35,50_41718_1520,ESCOLA MUNICIPAL RUI BARBOSA,0.95,coordenada corrigida,perfil herdado
2008,MG,3108602,BRASILIA DE MINAS,50,1139,ESCOLA MUNICIPAL SANTA LUCIA,337.13,456.35,50_41718_1520,ESCOLA MUNICIPAL RUI BARBOSA,0.95,coordenada corrigida,perfil herdado
2010,MG,3108602,BRASILIA DE MINAS,50,1139,ESCOLA MUNICIPAL SANTA LUCIA,337.13,456.35,50_41718_1520,ESCOLA MUNICIPAL RUI BARBOSA,0.95,coordenada corrigida,perfil herdado
2012,MG,3108602,BRASILIA DE MINAS,50,1139,ESCOLA MUNICIPAL SANTA LUCIA,337.13,456.35,50_41718_1520,ESCOLA MUNICIPAL RUI BARBOSA,0.95,coordenada corrigida,perfil herdado
2014,MG,3108602,BRASILIA DE MINAS,50,1139,ESCOLA MUNICIPAL SANTA LUCIA,337.13,456.35,50_41718_1520,ESCOLA MUNICIPAL RUI BARBOSA,0.95,coordenada corrigida,perfil herdado
2016,MG,3108602,BRASILIA DE MINAS,50,1139,ESCOLA MUNICIPAL SANTA LUCIA,1167.01,995.19,50_41718_1520,ESCOLA MUNICIPAL RUI BARBOSA,0.95,coordenada corrigida,perfil herdado
2018,MG,3108602,BRASILIA DE MINAS,50,1139,ESCOLA MUNICIPAL SANTA LUCIA,1167.01,995.19,50_41718_1520,ESCOLA MUNICIPAL RUI BARBOSA,0.95,coordenada corrigida,perfil herdado
2020,MG,3108602,BRASILIA DE MINAS,50,1139,ESCOLA MUNICIPAL SANTA LUCIA,1167.01,995.19,50_41718_1520,ESCOLA MUNICIPAL RUI BARBOSA,0.95,coordenada corrigida,perfil herdado
2022,MG,3108602,BRASILIA DE MINAS,50,1139,ESCOLA MUNICIPAL SANTA LUCIA,1167.01,995.19,50_41718_1520,ESCOLA MUNICIPAL RUI BARBOSA,0.95,coordenada corrigida,perfil herdado
2024,MG,3108602,BRASILIA DE MINAS,50,1139,ESCOLA MUNICIPAL SANTA LUCIA,1167.01,1072.01,50_41718_1147,ESCOLA MUNICIPAL EUZEBIA ROSA FREIRE,5.24,coordenada corrigida,perfil herdado
2006,MG,3108602,BRASILIA DE MINAS,50,1279,ESCOLA MUNICIPAL SANTA LUZIA,470.12,339.84,50_41718_1260,ESCOLA ESTADUAL CARLOS ANTONIO DOS SANTOS,8.14,coordenada corrigida,perfil herdado
2008,MG,3108602,BRASILIA DE MINAS,50,1279,ESCOLA MUNICIPAL SANTA LUZIA,470.12,339.84,50_41718_1260,ESCOLA ESTADUAL CARLOS ANTONIO DOS SANTOS,8.14,coordenada corrigida,perfil herdado
2010,MG,3108602,BRASILIA DE MINAS,50,1279,ESCOLA MUNICIPAL SANTA LUZIA,470.12,339.84,50_41718_1260,ESCOLA ESTADUAL CARLOS ANTONIO DOS SANTOS,8.14,coordenada corrigida,perfil herdado
2012,MG,3108602,BRASILIA DE MINAS,50,1279,ESCOLA MUNICIPAL SANTA LUZIA,470.12,339.84,50_41718_1260,ESCOLA ESTADUAL CARLOS ANTONIO DOS SANTOS,8.14,coordenada corrigida,perfil herdado
2014,MG,3108602,BRASILIA DE MINAS,50,1279,ESCOLA MUNICIPAL SANTA LUZIA,470.12,339.84,50_41718_1260,ESCOLA ESTADUAL CARLOS ANTONIO DOS SANTOS,8.14,coordenada corrigida,perfil herdado
2016,MG,3108602,BRASILIA DE MINAS,50,1279,ESCOLA MUNICIPAL SANTA LUZIA,1180.56,1129.95,50_41718_1260,ESCOLA ESTADUAL CARLOS ANTONIO DOS SANTOS,8.14,coordenada corrigida,perfil herdado
2018,MG,3108602,BRASILIA DE MINAS,50,1279,ESCOLA MUNICIPAL SANTA LUZIA,1180.56,1129.95,50_41718_1260,ESCOLA ESTADUAL CARLOS ANTONIO DOS SANTOS,8.14,coordenada corrigida,perfil herdado
2020,MG,3108602,BRASILIA DE MINAS,50,1279,ESCOLA MUNICIPAL SANTA LUZIA,1180.56,1129.95,50_41718_1260,ESCOLA ESTADUAL CARLOS ANTONIO DOS SANTOS,8.14,coordenada corrigida,perfil herdado
2022,MG,3108602,BRASILIA DE MINAS,50,1279,ASSOCIAÇÃO COMUNITÁRIA DO BURITIZINHO,1180.56,1129.95,50_41718_1260,ESCOLA ESTADUAL CARLOS ANTONIO DOS SANTOS,8.14,coordenada corrigida,perfil herdado
2024,MG,3108602,BRASILIA DE MINAS,50,1279,ASSOCIAÇÃO COMUNITÁRIA DO BURITIZINHO,1180.56,1129.95,50_41718_1260,ESCOLA ESTADUAL CARLOS ANTONIO DOS SANTOS,8.14,coordenada corrigida,perfil herdado
2006,MG,3108602,BRASILIA DE MINAS,50,1422,ESCOLA MUNICIPAL SAO PEDRO,372.68,350.55,50_41718_1511,ESCOLA MUNICIPAL AFONSO PENA,3.88,coordenada corrigida,perfil herdado
2008,MG,3108602,BRASILIA DE MINAS,50,1422,ESCOLA MUNICIPAL SAO PEDRO,372.68,350.55,50_41718_1511,ESCOLA MUNICIPAL AFONSO PENA,3.88,coordenada corrigida,perfil herdado
2010,MG,3108602,BRASILIA DE MINAS,50,1422,ESCOLA MUNICIPAL SAO PEDRO,372.68,350.55,50_41718_1511,ESCOLA MUNICIPAL AFONSO PENA,3.88,coordenada corrigida,perfil herdado
2012,MG,3108602,BRASILIA DE MINAS,50,1422,ESCOLA MUNICIPAL SAO PEDRO,372.68,350.55,50_41718_1511,ESCOLA MUNICIPAL AFONSO PENA,3.88,coordenada corrigida,perfil herdado
2014,MG,3108602,BRASILIA DE MINAS,50,1422,ESCOLA MUNICIPAL SAO PEDRO,372.68,350.55,50_41718_1511,ESCOLA MUNICIPAL AFONSO PENA,3.88,coordenada corrigida,perfil herdado
2016,MG,3108602,BRASILIA DE MINAS,50,1422,ESCOLA MUNICIPAL SAO PEDRO,1098.95,1164.26,50_41718_1511,ESCOLA MUNICIPAL AFONSO PENA,3.88,coordenada corrigida,perfil herdado
2018,MG,3108602,BRASILIA DE MINAS,50,1422,ESCOLA MUNICIPAL SAO PEDRO,1098.95,1164.26,50_41718_1511,ESCOLA MUNICIPAL AFONSO PENA,3.88,coordenada corrigida,perfil herdado
2020,MG,3108602,BRASILIA DE MINAS,50,1422,ESCOLA MUNICIPAL SAO PEDRO,1098.95,1164.26,50_41718_1511,ESCOLA MUNICIPAL AFONSO PENA,3.88,coordenada corrigida,perfil herdado
2022,MG,3108602,BRASILIA DE MINAS,50,1422,ESCOLA MUNICIPAL SAO PEDRO,1098.95,1164.26,50_41718_1511,ESCOLA MUNICIPAL AFONSO PENA,3.88,coordenada corrigida,perfil herdado
2024,MG,3108602,BRASILIA DE MINAS,50,1422,ESCOLA MUNICIPAL SAO PEDRO,1098.95,1164.26,50_41718_1511,ESCOLA MUNICIPAL AFONSO PENA,3.88,coordenada corrigida,perfil herdado
2006,MG,3108602,BRASILIA DE MINAS,50,1449,ESCOLA MUNICIPAL BOM JESUS,360.9,372.16,50_41718_1406,ESCOLA ESTADUAL MUNICIPAL CELESTINO SIMOES NETO,4.89,coordenada corrigida,perfil herdado
2008,MG,3108602,BRASILIA DE MINAS,50,1449,ESCOLA MUNICIPAL BOM JESUS,360.9,372.16,50_41718_1406,ESCOLA ESTADUAL MUNICIPAL CELESTINO SIMOES NETO,4.89,coordenada corrigida,perfil herdado
2010,MG,3108602,BRASILIA DE MINAS,50,1449,ESCOLA MUNICIPAL BOM JESUS,360.9,372.16,50_41718_1406,ESCOLA ESTADUAL MUNICIPAL CELESTINO SIMOES NETO,4.89,coordenada corrigida,perfil herdado
2012,MG,3108602,BRASILIA DE MINAS,50,1449,ESCOLA MUNICIPAL BOM JESUS,360.9,372.16,50_41718_1406,ESCOLA ESTADUAL MUNICIPAL CELESTINO SIMOES NETO,4.89,coordenada corrigida,perfil herdado
2014,MG,3108602,BRASILIA DE MINAS,50,1449,ESCOLA MUNICIPAL BOM JESUS,360.9,372.16,50_41718_1406,ESCOLA ESTADUAL MUNICIPAL CELESTINO SIMOES NETO,4.89,coordenada corrigida,perfil herdado
2016,MG,3108602,BRASILIA DE MINAS,50,1449,ESCOLA MUNICIPAL BOM JESUS,1056.55,1079.18,50_41718_1406,ESCOLA ESTADUAL MUNICIPAL CELESTINO SIMOES NETO,4.89,coordenada corrigida,perfil herdado
2018,MG,3108602,BRASILIA DE MINAS,50,1449,ESCOLA MUNICIPAL BOM JESUS,1056.55,1079.18,50_41718_1406,ESCOLA ESTADUAL MUNICIPAL CELESTINO SIMOES NETO,4.89,coordenada corrigida,perfil herdado
2020,MG,3108602,BRASILIA DE MINAS,50,1449,ESCOLA MUNICIPAL BOM JESUS,1056.55,1079.18,50_41718_1406,ESCOLA ESTADUAL MUNICIPAL CELESTINO SIMOES NETO,4.89,coordenada corrigida,perfil herdado
2022,MG,3108602,BRASILIA DE MINAS,50,1449,ESCOLA MUNICIPAL BOM JESUS,1056.55,1079.18,50_41718_1406,ESCOLA MUNICIPAL CELESTINO SIMOES NETO,4.89,coordenada corrigida,perfil herdado
2024,MG,3108602,BRASILIA DE MINAS,50,1449,ESCOLA MUNICIPAL BOM JESUS,1056.55,1079.18,50_41718_1406,ESCOLA MUNICIPAL CELESTINO SIMOES NETO,4.89,coordenada corrigida,perfil herdado
2006,MG,3108602,BRASILIA DE MINAS,50,1457,ESCOLA MUNICIPAL FLOR DO CAMPO,418.77,337.13,50_41718_1163,ESCOLA MUNICIPAL TANCREDO NEVES,9.69,coordenada corrigida,perfil herdado
2008,MG,3108602,BRASILIA DE MINAS,50,1457,ESCOLA MUNICIPAL FLOR DO CAMPO,418.77,337.13,50_41718_1163,ESCOLA MUNICIPAL TANCREDO NEVES,9.69,coordenada corrigida,perfil herdado
2010,MG,3108602,BRASILIA DE MINAS,50,1457,ESCOLA MUNICIPAL FLOR DO CAMPO,418.77,337.13,50_41718_1163,ESCOLA MUNICIPAL TANCREDO NEVES,9.69,coordenada corrigida,perfil herdado
2012,MG,3108602,BRASILIA DE MINAS,50,1457,ESCOLA MUNICIPAL FLOR DO CAMPO,418.77,337.13,50_41718_1163,ESCOLA MUNICIPAL TANCREDO NEVES,9.69,coordenada corrigida,perfil herdado
2014,MG,3108602,BRASILIA DE MINAS,50,1457,ESCOLA MUNICIPAL FLOR DO CAMPO,418.77,337.13,50_41718_1163,ESCOLA MUNICIPAL TANCREDO NEVES,9.69,coordenada corrigida,perfil herdado
2016,MG,3108602,BRASILIA DE MINAS,50,1457,ESCOLA MUNICIPAL FLOR DO CAMPO,1037.2,1167.01,50_41718_1163,ESCOLA MUNICIPAL TANCREDO NEVES,9.69,coordenada corrigida,perfil herdado
2018,MG,3108602,BRASILIA DE MINAS,50,1457,ESCOLA MUNICIPAL FLOR DO CAMPO,1037.2,1167.01,50_41718_1163,ESCOLA MUNICIPAL TANCREDO NEVES,9.69,coordenada corrigida,perfil herdado
2020,MG,3108602,BRASILIA DE MINAS,50,1457,ESCOLA MUNICIPAL FLOR DO CAMPO,1037.2,1167.01,50_41718_1163,ESCOLA MUNICIPAL TANCREDO NEVES,9.69,coordenada corrigida,perfil herdado
2022,MG,3108602,BRASILIA DE MINAS,50,1457,ESCOLA MUNICIPAL FLOR DO CAMPO,1037.2,1167.01,50_41718_1163,ESCOLA MUNICIPAL TANCREDO NEVES,9.69,coordenada corrigida,perfil herdado
2024,MG,3108602,BRASILIA DE MINAS,50,1457,ESCOLA MUNICIPAL FLOR DO CAMPO,1037.2,1167.01,50_41718_1163,ESCOLA MUNICIPAL TANCREDO NEVES,9.69,coordenada corrigida,perfil herdado
2006,MG,3108602,BRASILIA DE MINAS,50,1473,ESCOLA MUNICIPAL JOSE SIMOES JUNIOR,1200.08,339.59,50_41718_1155,ESCOLA MUNICIPAL MINERVINA MENDES BOTELHO,1.62,renda incoerente com os vizinhos rurais (R$ 386),perfil herdado
2008,MG,3108602,BRASILIA DE MINAS,50,1473,ESCOLA MUNICIPAL JOSE SIMOES JUNIOR,1200.08,339.59,50_41718_1155,ESCOLA MUNICIPAL MINERVINA MENDES BOTELHO,1.62,renda incoerente com os vizinhos rurais (R$ 379),perfil herdado
2010,MG,3108602,BRASILIA DE MINAS,50,1473,ESCOLA MUNICIPAL JOSE SIMOES JUNIOR,1200.08,660.6,50_41718_1651,ESCOLA MUNICIPAL JOAQUIM ALVES ANTUNES,0.99,renda incoerente com os vizinhos rurais (R$ 388),perfil herdado
2012,MG,3108602,BRASILIA DE MINAS,50,1473,ESCOLA MUNICIPAL JOSE SIMOES JUNIOR,1200.08,660.6,50_41718_1651,ESCOLA MUNICIPAL JOAQUIM ALVES ANTUNES,0.99,renda incoerente com os vizinhos rurais (R$ 386),perfil herdado
2014,MG,3108602,BRASILIA DE MINAS,50,1473,ESCOLA MUNICIPAL JOSE SIMOES JUNIOR,1200.08,660.6,50_41718_1651,ESCOLA MUNICIPAL JOAQUIM ALVES ANTUNES,0.99,renda incoerente com os vizinhos rurais (R$ 386),perfil herdado
2016,MG,3108602,BRASILIA DE MINAS,50,1473,ESCOLA MUNICIPAL JOSE SIMOES JUNIOR,3461.73,1097.06,50_41718_1651,ESCOLA MUNICIPAL JOAQUIM ALVES ANTUNES,0.99,renda incoerente com os vizinhos rurais (R$ 1072),perfil herdado
2018,MG,3108602,BRASILIA DE MINAS,50,1473,ESCOLA MUNICIPAL JOSE SIMOES JUNIOR,3461.73,1097.06,50_41718_1651,ESCOLA MUNICIPAL JOAQUIM ALVES ANTUNES,0.99,renda incoerente com os vizinhos rurais (R$ 1072),perfil herdado
2020,MG,3108602,BRASILIA DE MINAS,50,1473,ESCOLA MUNICIPAL JOSE SIMOES JUNIOR,3461.73,1097.06,50_41718_1651,ESCOLA MUNICIPAL JOAQUIM ALVES ANTUNES,0.99,renda incoerente com os vizinhos rurais (R$ 1072),perfil herdado
2022,MG,3108602,BRASILIA DE MINAS,50,1473,ESCOLA MUNICIPAL JOSE SIMOES JUNIOR,3461.73,1097.06,50_41718_1651,ESCOLA MUNICIPAL JOAQUIM ALVES ANTUNES,0.99,renda incoerente com os vizinhos rurais (R$ 1072),perfil herdado
2024,MG,3108602,BRASILIA DE MINAS,50,1473,ESCOLA MUNICIPAL JOSE SIMOES JUNIOR,3461.73,1097.06,50_41718_1651,ESCOLA MUNICIPAL JOAQUIM ALVES ANTUNES,0.99,renda incoerente com os vizinhos rurais (R$ 1072),perfil herdado
2006,MG,3108602,BRASILIA DE MINAS,50,1481,ESCOLA MUNICIPAL ANJO DA GUARDA,660.6,372.16,50_41718_1406,ESCOLA ESTADUAL MUNICIPAL CELESTINO SIMOES NETO,10.49,coordenada corrigida,perfil herdado
2008,MG,3108602,BRASILIA DE MINAS,50,1481,ESCOLA MUNICIPAL ANJO DA GUARDA,660.6,372.16,50_41718_1406,ESCOLA ESTADUAL MUNICIPAL CELESTINO SIMOES NETO,10.49,coordenada corrigida,perfil herdado
2010,MG,3108602,BRASILIA DE MINAS,50,1481,ESCOLA MUNICIPAL ANJO DA GUARDA,660.6,372.16,50_41718_1406,ESCOLA ESTADUAL MUNICIPAL CELESTINO SIMOES NETO,10.49,coordenada corrigida,perfil herdado
2012,MG,3108602,BRASILIA DE MINAS,50,1481,PREDIO DA ASSOCIACAO COMUNITARIA DA LAGOINHA I,660.6,372.16,50_41718_1406,ESCOLA ESTADUAL MUNICIPAL CELESTINO SIMOES NETO,10.49,coordenada corrigida,perfil herdado
2014,MG,3108602,BRASILIA DE MINAS,50,1481,PREDIO DA ASSOCIACAO COMUNITARIA DA LAGOINHA I,660.6,372.16,50_41718_1406,ESCOLA ESTADUAL MUNICIPAL CELESTINO SIMOES NETO,10.49,coordenada corrigida,perfil herdado
2016,MG,3108602,BRASILIA DE MINAS,50,1481,PREDIO DA ASSOCIACAO COMUNITARIA DA LAGOINHA I,1097.06,1079.18,50_41718_1406,ESCOLA ESTADUAL MUNICIPAL CELESTINO SIMOES NETO,10.49,coordenada corrigida,perfil herdado
2018,MG,3108602,BRASILIA DE MINAS,50,1481,PREDIO DA ASSOCIACAO COMUNITARIA DA LAGOINHA I,1097.06,1079.18,50_41718_1406,ESCOLA ESTADUAL MUNICIPAL CELESTINO SIMOES NETO,10.49,coordenada corrigida,perfil herdado
2020,MG,3108602,BRASILIA DE MINAS,50,1481,PREDIO DA ASSOCIAÇÃO COMUNITÁRIA DA LAGOINHA I,1097.06,1079.18,50_41718_1406,ESCOLA ESTADUAL MUNICIPAL CELESTINO SIMOES NETO,10.49,coordenada corrigida,perfil herdado
2022,MG,3108602,BRASILIA DE MINAS,50,1481,PREDIO DA ASSOCIAÇÃO COMUNITÁRIA DA LAGOINHA I,1097.06,1079.18,50_41718_1406,ESCOLA MUNICIPAL CELESTINO SIMOES NETO,10.49,coordenada corrigida,perfil herdado
2024,MG,3108602,BRASILIA DE MINAS,50,1481,PREDIO DA ASSOCIAÇÃO COMUNITÁRIA DA LAGOINHA I,1097.06,1079.18,50_41718_1406,ESCOLA MUNICIPAL CELESTINO SIMOES NETO,10.49,coordenada corrigida,perfil herdado
2006,MG,3108602,BRASILIA DE MINAS,50,1490,ESCOLA MUNICIPAL SANTA TEREZA,797.88,660.6,50_41718_1651,ESCOLA MUNICIPAL JOAQUIM ALVES ANTUNES,2.87,coordenada corrigida,perfil herdado
2008,MG,3108602,BRASILIA DE MINAS,50,1490,ESCOLA MUNICIPAL SANTA TEREZA,797.88,674.6,50_41718_1147,ESCOLA MUNICIPAL EUZEBIA ROSA FREIRE,3.25,coordenada corrigida,perfil herdado
2010,MG,3108602,BRASILIA DE MINAS,50,1490,ESCOLA MUNICIPAL SANTA TEREZA,797.88,674.6,50_41718_1147,ESCOLA MUNICIPAL EUZEBIA ROSA FREIRE,3.25,coordenada corrigida,perfil herdado
2012,MG,3108602,BRASILIA DE MINAS,50,1490,ESCOLA MUNICIPAL SANTA TEREZA,797.88,674.6,50_41718_1147,ESCOLA MUNICIPAL EUZEBIA ROSA FREIRE,3.25,coordenada corrigida,perfil herdado
2014,MG,3108602,BRASILIA DE MINAS,50,1490,ESCOLA MUNICIPAL SANTA TEREZA,797.88,674.6,50_41718_1147,ESCOLA MUNICIPAL EUZEBIA ROSA FREIRE,3.25,coordenada corrigida,perfil herdado
2016,MG,3108602,BRASILIA DE MINAS,50,1490,ESCOLA MUNICIPAL SANTA TEREZA,1079.54,1072.01,50_41718_1147,ESCOLA MUNICIPAL EUZEBIA ROSA FREIRE,3.25,coordenada corrigida,perfil herdado
2018,MG,3108602,BRASILIA DE MINAS,50,1490,ESCOLA MUNICIPAL SANTA TEREZA,1079.54,1072.01,50_41718_1147,ESCOLA MUNICIPAL EUZEBIA ROSA FREIRE,3.25,coordenada corrigida,perfil herdado
2020,MG,3108602,BRASILIA DE MINAS,50,1490,ESCOLA MUNICIPAL SANTA TEREZA,1079.54,1072.01,50_41718_1147,ESCOLA MUNICIPAL EUZEBIA ROSA FREIRE,3.25,coordenada corrigida,perfil herdado
2022,MG,3108602,BRASILIA DE MINAS,50,1490,ESCOLA MUNICIPAL SANTA TEREZA,1079.54,1072.01,50_41718_1147,ESCOLA MUNICIPAL EUZEBIA ROSA FREIRE,3.25,coordenada corrigida,perfil herdado
2024,MG,3108602,BRASILIA DE MINAS,50,1490,ESCOLA MUNICIPAL SANTA TEREZA,1079.54,1072.01,50_41718_1147,ESCOLA MUNICIPAL EUZEBIA ROSA FREIRE,3.25,coordenada corrigida,perfil herdado
2006,MG,3108602,BRASILIA DE MINAS,50,1562,ESCOLA MUNICIPAL SANTA TEREZINHA,390.53,368.84,50_41718_1341,ESCOLA ESTADUAL FELIPE DOS SANTOS,2.69,coordenada corrigida,perfil herdado
2008,MG,3108602,BRASILIA DE MINAS,50,1562,ESCOLA MUNICIPAL SANTA TEREZINHA,390.53,368.84,50_41718_1341,ESCOLA ESTADUAL FELIPE DOS SANTOS,2.69,coordenada corrigida,perfil herdado
2010,MG,3108602,BRASILIA DE MINAS,50,1562,ESCOLA MUNICIPAL SANTA TEREZINHA,390.53,368.84,50_41718_1341,ESCOLA ESTADUAL FELIPE DOS SANTOS,2.69,coordenada corrigida,perfil herdado
2012,MG,3108602,BRASILIA DE MINAS,50,1562,ESCOLA MUNICIPAL SANTA TEREZINHA,390.53,368.84,50_41718_1341,ESCOLA ESTADUAL FELIPE DOS SANTOS,2.69,coordenada corrigida,perfil herdado
2014,MG,3108602,BRASILIA DE MINAS,50,1562,ESCOLA MUNICIPAL SANTA TEREZINHA,390.53,368.84,50_41718_1341,ESCOLA ESTADUAL FELIPE DOS SANTOS,2.69,coordenada corrigida,perfil herdado
2016,MG,3108602,BRASILIA DE MINAS,50,1562,ESCOLA MUNICIPAL SANTA TEREZINHA,1118.33,1092.04,50_41718_1341,ESCOLA ESTADUAL FELIPE DOS SANTOS,2.69,coordenada corrigida,perfil herdado
2018,MG,3108602,BRASILIA DE MINAS,50,1562,ESCOLA MUNICIPAL SANTA TEREZINHA,1118.33,1092.04,50_41718_1341,ESCOLA ESTADUAL FELIPE DOS SANTOS,2.69,coordenada corrigida,perfil herdado
2020,MG,3108602,BRASILIA DE MINAS,50,1562,ESCOLA MUNICIPAL SANTA TEREZINHA,1118.33,1092.04,50_41718_1341,ESCOLA ESTADUAL FELIPE DOS SANTOS,2.69,coordenada corrigida,perfil herdado
2022,MG,3108602,BRASILIA DE MINAS,50,1562,ESCOLA MUNICIPAL SANTA TEREZINHA,1118.33,1092.04,50_41718_1341,ESCOLA ESTADUAL FELIPE DOS SANTOS,2.69,coordenada corrigida,perfil herdado
2024,MG,3108602,BRASILIA DE MINAS,50,1562,ESCOLA MUNICIPAL SANTA TEREZINHA,1118.33,1092.04,50_41718_1341,ESCOLA ESTADUAL FELIPE DOS SANTOS,2.69,coordenada corrigida,perfil herdado
2006,MG,3108602,BRASILIA DE MINAS,50,1619,ESCOLA MUNICIPAL GONCALVES DIAS,360.9,368.84,50_41718_1341,ESCOLA ESTADUAL FELIPE DOS SANTOS,3.07,coordenada corrigida,perfil herdado
2008,MG,3108602,BRASILIA DE MINAS,50,1619,ESCOLA MUNICIPAL GONCALVES DIAS,360.9,368.84,50_41718_1341,ESCOLA ESTADUAL FELIPE DOS SANTOS,3.07,coordenada corrigida,perfil herdado
2010,MG,3108602,BRASILIA DE MINAS,50,1619,ESCOLA MUNICIPAL GONCALVES DIAS,360.9,368.84,50_41718_1341,ESCOLA ESTADUAL FELIPE DOS SANTOS,3.07,coordenada corrigida,perfil herdado
2012,MG,3108602,BRASILIA DE MINAS,50,1619,ESCOLA MUNICIPAL GONCALVES DIAS,360.9,368.84,50_41718_1341,ESCOLA ESTADUAL FELIPE DOS SANTOS,3.07,coordenada corrigida,perfil herdado
2014,MG,3108602,BRASILIA DE MINAS,50,1619,ESCOLA MUNICIPAL GONCALVES DIAS,360.9,368.84,50_41718_1341,ESCOLA ESTADUAL FELIPE DOS SANTOS,3.07,coordenada corrigida,perfil herdado
2016,MG,3108602,BRASILIA DE MINAS,50,1619,ESCOLA MUNICIPAL GONCALVES DIAS,1056.55,1092.04,50_41718_1341,ESCOLA ESTADUAL FELIPE DOS SANTOS,3.07,coordenada corrigida,perfil herdado
2018,MG,3108602,BRASILIA DE MINAS,50,1619,ESCOLA MUNICIPAL GONCALVES DIAS,1056.55,1092.04,50_41718_1341,ESCOLA ESTADUAL FELIPE DOS SANTOS,3.07,coordenada corrigida,perfil herdado
2020,MG,3108602,BRASILIA DE MINAS,50,1619,ESCOLA MUNICIPAL GONCALVES DIAS,1056.55,1092.04,50_41718_1341,ESCOLA ESTADUAL FELIPE DOS SANTOS,3.07,coordenada corrigida,perfil herdado
2022,MG,3108602,BRASILIA DE MINAS,50,1619,ASSOCIAÇÃO COMUNITÁRIA DE POÇÕES,1015.3,1092.04,50_41718_1341,ESCOLA ESTADUAL FELIPE DOS SANTOS,3.07,coordenada corrigida,perfil herdado
2024,MG,3108602,BRASILIA DE MINAS,50,1619,ASSOCIAÇÃO COMUNITÁRIA DE POÇÕES,1015.3,1092.04,50_41718_1341,ESCOLA ESTADUAL FELIPE DOS SANTOS,3.07,coordenada corrigida,perfil herdado
2012,MG,3108602,BRASILIA DE MINAS,50,1694,ANEXO DA ESCOLA MUNICIPAL JOSE SIMOES JUNIOR,550.76,456.35,50_41718_1520,ESCOLA MUNICIPAL RUI BARBOSA,8.43,coordenada corrigida,perfil herdado
2014,MG,3108602,BRASILIA DE MINAS,50,1694,ANEXO DA ESCOLA MUNICIPAL JOSE SIMOES JUNIOR,550.76,456.35,50_41718_1520,ESCOLA MUNICIPAL RUI BARBOSA,8.43,coordenada corrigida,perfil herdado
2016,MG,3108602,BRASILIA DE MINAS,50,1694,ANEXO DA ESCOLA MUNICIPAL JOSE SIMOES JUNIOR,1371.33,995.19,50_41718_1520,ESCOLA MUNICIPAL RUI BARBOSA,8.43,coordenada corrigida,perfil herdado
2018,MG,3108602,BRASILIA DE MINAS,50,1694,ANEXO DA ESCOLA MUNICIPAL JOSE SIMOES JUNIOR,1371.33,995.19,50_41718_1520,ESCOLA MUNICIPAL RUI BARBOSA,8.43,coordenada corrigida,perfil herdado
2020,MG,3108602,BRASILIA DE MINAS,50,1694,ANEXO DA ESCOLA MUNICIPAL JOSÉ SIMÕES JÚNIOR,1371.33,995.19,50_41718_1520,ESCOLA MUNICIPAL RUI BARBOSA,8.43,coordenada corrigida,perfil herdado
2022,MG,3108602,BRASILIA DE MINAS,50,1694,ANEXO DA ESCOLA MUNICIPAL JOSÉ SIMÕES JÚNIOR,1371.33,995.19,50_41718_1520,ESCOLA MUNICIPAL RUI BARBOSA,8.43,coordenada corrigida,perfil herdado
2024,MG,3108602,BRASILIA DE MINAS,50,1694,ANEXO DA ESCOLA MUNICIPAL JOSÉ SIMÕES JÚNIOR,1371.33,1007.95,50_41718_1171,ESCOLA MUNICIPAL JOAQUIM ALVES CARDOSO,8.48,coordenada corrigida,perfil herdado
2006,PA,1501907,BUJARU,87,1023,EMEF DE N SRA DA CONCEICAO,430.08,411.94,87_4375_1279,EMEF SANTA TEREZINHA,0.79,coordenada corrigida,perfil herdado
2008,PA,1501907,BUJARU,87,1023,EMEF DE N. SRA DO PERPETUO SOCORRO,607.67,411.94,87_4375_1279,EMEF SANTA TEREZINHA,0.79,coordenada corrigida,perfil herdado
2010,PA,1501907,BUJARU,87,1023,EMEF DE N. SRA DO PERPETUO SOCORRO,607.67,411.94,87_4375_1279,EMEF SANTA TEREZINHA,0.79,coordenada corrigida,perfil herdado
2012,PA,1501907,BUJARU,87,1023,EMEF DE N. SRA DO PERPETUO SOCORRO,607.67,411.94,87_4375_1279,EMEF SANTA TEREZINHA,0.79,coordenada corrigida,perfil herdado
2014,PA,1501907,BUJARU,87,1023,EMEF DE N. SRA DO PERPETUO SOCORRO,607.67,411.94,87_4375_1279,EMEF SANTA TEREZINHA,0.79,coordenada corrigida,perfil herdado
2016,PA,1501907,BUJARU,87,1023,EMEF DE N. SRA DO PERPETUO SOCORRO,984.73,1145.27,87_4375_1279,EMEF SANTA TEREZINHA,0.79,coordenada corrigida,perfil herdado
2018,PA,1501907,BUJARU,87,1023,EMEF DE NOSSA SENHORA DO PERPETUO SOCORRO,984.73,1145.27,87_4375_1279,EMEF SANTA TEREZINHA,0.79,coordenada corrigida,perfil herdado
2020,PA,1501907,BUJARU,87,1023,EMEF DE NOSSA SENHORA DO PERPÉTUO SOCORRO,984.73,1145.27,87_4375_1279,EMEF SANTA TEREZINHA,0.79,coordenada corrigida,perfil herdado
2022,PA,1501907,BUJARU,87,1023,EMEF DE NOSSA SENHORA DO PERPÉTUO SOCORRO,984.73,1145.27,87_4375_1279,EMEF SANTA TEREZINHA,0.79,coordenada corrigida,perfil herdado
2024,PA,1501907,BUJARU,87,1023,EMEF DE NOSSA SENHORA DO PERPÉTUO SOCORRO,984.73,928.88,87_4375_1317,EMEF SÃO FRANCISCO,17.71,coordenada corrigida,perfil herdado
2006,PA,1501907,BUJARU,87,1112,EMEF DE VILA SAO LOPES,328.4,354.88,87_4375_1066,EMEF SANTO ANDRE,9.05,coordenada corrigida,perfil herdado
2008,PA,1501907,BUJARU,87,1112,EMEF SAO BENEDITO,328.4,354.88,87_4375_1066,EMEF SANTO ANDRE,9.05,coordenada corrigida,perfil herdado
2010,PA,1501907,BUJARU,87,1112,EMEF SAO BENEDITO,328.4,354.88,87_4375_1066,EMEF SANTO ANDRE,9.05,coordenada corrigida,perfil herdado
2012,PA,1501907,BUJARU,87,1112,EMEF SAO BENEDITO,328.4,354.88,87_4375_1066,EMEF SANTO ANDRE,9.05,coordenada corrigida,perfil herdado
2014,PA,1501907,BUJARU,87,1112,EMEF SAO BENEDITO,328.4,354.88,87_4375_1066,EMEF SANTO ANDRE,9.05,coordenada corrigida,perfil herdado
2016,PA,1501907,BUJARU,87,1112,EMEF SAO BENEDITO,1731.84,907.19,87_4375_1066,EMEF SANTO ANDRE,9.05,coordenada corrigida,perfil herdado
2018,PA,1501907,BUJARU,87,1112,EMEF SAO BENEDITO,1731.84,907.19,87_4375_1066,EMEF SANTO ANDRE,9.05,coordenada corrigida,perfil herdado
2020,PA,1501907,BUJARU,87,1112,EMEF SÃO BENEDITO,1731.84,907.19,87_4375_1066,EMEF SANTO ANDRE,9.05,coordenada corrigida,perfil herdado
2022,PA,1501907,BUJARU,87,1112,EMEF SÃO BENEDITO,1731.84,907.19,87_4375_1066,EMEF SANTO ANDRE,9.05,coordenada corrigida,perfil herdado
2006,PA,1501907,BUJARU,87,1198,AG MUNC DA VILA DE SANTANA,400.03,400.03,87_4375_1228,POSTO MEDICO DA VILA DE S SEBASTIAO,0.36,coordenada corrigida,perfil herdado
2006,PA,1501907,BUJARU,87,1236,POVOADO DE CAJUIRA DE GUAJARA ACU,337.1,333.96,87_4375_1260,EMEF DE VEREADOR JOAO MENDONCA,2.6,coordenada corrigida,perfil herdado
2008,PA,1501907,BUJARU,87,1236,EMEF CAJUIRA,337.1,333.96,87_4375_1260,EMEF DE VEREADOR JOAO MENDONCA,2.6,coordenada corrigida,perfil herdado
2010,PA,1501907,BUJARU,87,1236,EMEF CAJUIRA,337.1,333.96,87_4375_1260,EMEF DE VEREADOR JOAO MENDONCA,2.6,coordenada corrigida,perfil herdado
2012,PA,1501907,BUJARU,87,1236,EMEF CAJUIRA,337.1,333.96,87_4375_1260,EMEF DE VEREADOR JOAO MENDONCA,2.6,coordenada corrigida,perfil herdado
2014,PA,1501907,BUJARU,87,1236,EMEF CAJUIRA,337.1,333.96,87_4375_1260,EMEF DE VEREADOR JOAO MENDONCA,2.6,coordenada corrigida,perfil herdado
2016,PA,1501907,BUJARU,87,1236,EMEF CAJUIRA,1731.84,801.43,87_4375_1260,EMEF DE VEREADOR JOAO MENDONCA,2.6,coordenada corrigida,perfil herdado
2018,PA,1501907,BUJARU,87,1236,EMEF CAJUIRA,1731.84,801.43,87_4375_1260,EMEF DE VEREADOR JOAO MENDONCA,2.6,coordenada corrigida,perfil herdado
2020,PA,1501907,BUJARU,87,1236,EMEF CAJUÍRA,1731.84,801.43,87_4375_1260,EMEF DE VEREADOR JOÃO MENDONÇA,2.6,coordenada corrigida,perfil herdado
2022,PA,1501907,BUJARU,87,1236,EMEF CAJUÍRA,1731.84,801.43,87_4375_1260,EMEF DE VEREADOR JOÃO MENDONÇA,2.6,coordenada corrigida,perfil herdado
2012,PA,1501907,BUJARU,87,1325,EMEF SAO JUDAS TADEU,405.06,327.02,87_4375_1210,EMEF DA VILA DE SAO SEBASTIAO,0.35,coordenada corrigida,perfil herdado
2014,PA,1501907,BUJARU,87,1325,EMEF SAO JUDAS TADEU,405.06,327.02,87_4375_1210,EMEF DA VILA DE SAO SEBASTIAO,0.35,coordenada corrigida,perfil herdado
2016,PA,1501907,BUJARU,87,1325,EMEF SAO JUDAS TADEU,984.73,903.28,87_4375_1210,EMEF DA VILA DE SAO SEBASTIAO,0.35,coordenada corrigida,perfil herdado
2018,PA,1501907,BUJARU,87,1325,EMEF SAO JUDAS TADEU,984.73,903.28,87_4375_1210,EMEF DA VILA DE SAO SEBASTIAO,0.35,coordenada corrigida,perfil herdado
2020,PA,1501907,BUJARU,87,1325,EMEF SÃO JUDAS TADEU,984.73,903.28,87_4375_1210,EMEF DA VILA DE SÃO SEBASTIÃO,0.35,coordenada corrigida,perfil herdado
2022,PA,1501907,BUJARU,87,1325,EMEF SÃO JUDAS TADEU,984.73,903.28,87_4375_1210,EMEF DA VILA DE SÃO SEBASTIÃO,0.35,coordenada corrigida,perfil herdado
2006,PI,2202251,CANAVIEIRA,25,1015,UNIDADE ESCOLAR MARIANO ROBERTO,431.89,,,,,coordenada corrigida,sem doador (nenhum local intacto no municipio)
2008,PI,2202251,CANAVIEIRA,25,1015,UNIDADE ESCOLAR MARIANO ROBERTO,431.89,,,,,coordenada corrigida,sem doador (nenhum local intacto no municipio)
2010,PI,2202251,CANAVIEIRA,25,1015,UNIDADE ESCOLAR MARIANO ROBERTO,431.89,,,,,coordenada corrigida,sem doador (nenhum local intacto no municipio)
2012,PI,2202251,CANAVIEIRA,25,1015,UNIDADE ESCOLAR MARIANO ROBERTO,431.89,,,,,coordenada corrigida,sem doador (nenhum local intacto no municipio)
2014,PI,2202251,CANAVIEIRA,25,1015,UNIDADE ESCOLAR MARIANO ROBERTO,431.89,,,,,coordenada corrigida,sem doador (nenhum local intacto no municipio)
2016,PI,2202251,CANAVIEIRA,25,1015,UNIDADE ESCOLAR MARIANO ROBERTO,1299.14,,,,,coordenada corrigida,sem doador (nenhum local intacto no municipio)
2018,PI,2202251,CANAVIEIRA,25,1015,UNIDADE ESCOLAR MARIANO ROBERTO,1299.14,,,,,coordenada corrigida,sem doador (nenhum local intacto no municipio)
2020,PI,2202251,CANAVIEIRA,25,1015,UNIDADE ESCOLAR MARIANO ROBERTO,1299.14,,,,,coordenada corrigida,sem doador (nenhum local intacto no municipio)
2006,PI,2202251,CANAVIEIRA,25,1023,UNIDADE ESCOLAR ULYSSES GUIMARAES,434.78,,,,,coordenada corrigida,sem doador (nenhum local intacto no municipio)
2008,PI,2202251,CANAVIEIRA,25,1023,UNIDADE ESCOLAR ULYSSES GUIMARAES,434.78,,,,,coordenada corrigida,sem doador (nenhum local intacto no municipio)
2010,PI,2202251,CANAVIEIRA,25,1023,UNIDADE ESCOLAR ULYSSES GUIMARAES,434.78,,,,,coordenada corrigida,sem doador (nenhum local intacto no municipio)
2012,PI,2202251,CANAVIEIRA,25,1023,UNIDADE ESCOLAR ULYSSES GUIMARAES,434.78,,,,,coordenada corrigida,sem doador (nenhum local intacto no municipio)
2014,PI,2202251,CANAVIEIRA,25,1023,UNIDADE ESCOLAR ULYSSES GUIMARAES,434.78,,,,,coordenada corrigida,sem doador (nenhum local intacto no municipio)
2016,PI,2202251,CANAVIEIRA,25,1023,UNIDADE ESCOLAR ULYSSES GUIMARAES,1578.78,,,,,coordenada corrigida,sem doador (nenhum local intacto no municipio)
2018,PI,2202251,CANAVIEIRA,25,1023,UNIDADE ESCOLAR ULYSSES GUIMARAES,1578.78,,,,,coordenada corrigida,sem doador (nenhum local intacto no municipio)
2020,PI,2202251,CANAVIEIRA,25,1023,UNIDADE ESCOLAR ULYSSES GUIMARAES,1578.78,,,,,coordenada corrigida,sem doador (nenhum local intacto no municipio)
2022,PI,2202251,CANAVIEIRA,25,1023,UNIDADE ESCOLAR ULYSSES GUIMARAES,1578.78,1299.14,25_10162_1066,UNIDADE MARIANO ROBERTO,13.77,coordenada corrigida,perfil herdado
2006,PI,2202251,CANAVIEIRA,25,1031,UNIDADE ESCOLAR JOAO BATISTA DE ARAUJO DOS SANTOS,316.69,,,,,coordenada corrigida,sem doador (nenhum local intacto no municipio)
2008,PI,2202251,CANAVIEIRA,25,1031,UNIDADE ESCOLAR JOAO BATISTA DE ARAUJO DOS SANTOS,316.69,,,,,coordenada corrigida,sem doador (nenhum local intacto no municipio)
2010,PI,2202251,CANAVIEIRA,25,1031,UNIDADE ESCOLAR JOAO BATISTA DE ARAUJO DOS SANTOS,316.69,,,,,coordenada corrigida,sem doador (nenhum local intacto no municipio)
2012,PI,2202251,CANAVIEIRA,25,1031,UNIDADE ESCOLAR JOAO BATISTA DE ARAUJO DOS SANTOS,316.69,,,,,coordenada corrigida,sem doador (nenhum local intacto no municipio)
2014,PI,2202251,CANAVIEIRA,25,1031,UNIDADE ESCOLAR JOAO BATISTA DE ARAUJO DOS SANTOS,316.69,,,,,coordenada corrigida,sem doador (nenhum local intacto no municipio)
2016,PI,2202251,CANAVIEIRA,25,1031,UNIDADE ESCOLAR JOAO BATISTA DE ARAUJO DOS SANTOS,1680.62,,,,,coordenada corrigida,sem doador (nenhum local intacto no municipio)
2018,PI,2202251,CANAVIEIRA,25,1031,UNIDADE ESCOLAR JOAO BATISTA DE ARAUJO DOS SANTOS,1680.62,,,,,coordenada corrigida,sem doador (nenhum local intacto no municipio)
2020,PI,2202251,CANAVIEIRA,25,1031,UNIDADE ESCOLAR JOAO BATISTA DE ARAUJO DOS SANTOS,1680.62,,,,,coordenada corrigida,sem doador (nenhum local intacto no municipio)
2022,PI,2202251,CANAVIEIRA,25,1031,UNIDADE ESCOLAR JOAO BATISTA DE ARAUJO DOS SANTOS,1680.62,1299.14,25_10162_1066,UNIDADE MARIANO ROBERTO,43.31,coordenada corrigida,perfil herdado
2006,PI,2202251,CANAVIEIRA,25,1040,UNIDADE ESCOLAR ISAIAS RODRIGUES DE SOUSA,434.78,,,,,coordenada corrigida,sem doador (nenhum local intacto no municipio)
2008,PI,2202251,CANAVIEIRA,25,1040,UNIDADE ESCOLAR ISAIAS RODRIGUES DE SOUSA,434.78,,,,,coordenada corrigida,sem doador (nenhum local intacto no municipio)
2010,PI,2202251,CANAVIEIRA,25,1040,UNIDADE ESCOLAR ISAIAS RODRIGUES DE SOUSA,434.78,,,,,coordenada corrigida,sem doador (nenhum local intacto no municipio)
2012,PI,2202251,CANAVIEIRA,25,1040,UNIDADE ESCOLAR ISAIAS RODRIGUES DE SOUSA,434.78,,,,,coordenada corrigida,sem doador (nenhum local intacto no municipio)
2014,PI,2202251,CANAVIEIRA,25,1040,UNIDADE ESCOLAR ISAIAS RODRIGUES DE SOUSA,434.78,,,,,coordenada corrigida,sem doador (nenhum local intacto no municipio)
2016,PI,2202251,CANAVIEIRA,25,1040,UNIDADE ESCOLAR ISAIAS RODRIGUES DE SOUSA,1688.01,,,,,coordenada corrigida,sem doador (nenhum local intacto no municipio)
2018,PI,2202251,CANAVIEIRA,25,1040,UNIDADE ESCOLAR ISAIAS RODRIGUES DE SOUSA,1688.01,,,,,coordenada corrigida,sem doador (nenhum local intacto no municipio)
2020,PI,2202251,CANAVIEIRA,25,1040,UNIDADE ESCOLAR ISAIAS RODRIGUES DE SOUSA,1688.01,,,,,coordenada corrigida,sem doador (nenhum local intacto no municipio)
2022,PI,2202251,CANAVIEIRA,25,1040,UNIDADE ESCOLAR ISAIAS RODRIGUES DE SOUSA,1688.01,1299.14,25_10162_1066,UNIDADE MARIANO ROBERTO,13.19,coordenada corrigida,perfil herdado
2006,BA,2907103,CARINHANHA,125,1376,ESCOLA MUNICIPAL BASILIO FERREIRA GONCALVES,312.18,287.33,125_34410_1252,ESCOLA MUNICIPAL PADRE MANOEL DA NOBREGA,1.08,coordenada corrigida,perfil herdado
2008,BA,2907103,CARINHANHA,125,1376,ESCOLA MUNICIPAL BASILIO FERREIRA GONCALVES,312.18,287.33,125_34410_1252,ESCOLA MUNICIPAL PADRE MANOEL DA NOBREGA,1.08,coordenada corrigida,perfil herdado
2010,BA,2907103,CARINHANHA,125,1376,ESCOLA MUNICIPAL BASILIO FERREIRA GONCALVES,312.18,287.33,125_34410_1252,ESCOLA MUNICIPAL PADRE MANOEL DA NOBREGA,1.08,coordenada corrigida,perfil herdado
2012,BA,2907103,CARINHANHA,125,1376,ESCOLA MUNICIPAL BASILIO FERREIRA GONCALVES,312.18,287.33,125_34410_1252,ESCOLA MUNICIPAL PADRE MANOEL DA NOBREGA,1.08,coordenada corrigida,perfil herdado
2014,BA,2907103,CARINHANHA,125,1376,ESCOLA MUNICIPAL BASILIO FERREIRA GONCALVES,312.18,287.33,125_34410_1252,ESCOLA MUNICIPAL PADRE MANOEL DA NOBREGA,1.08,coordenada corrigida,perfil herdado
2016,BA,2907103,CARINHANHA,125,1376,ESCOLA MUNICIPAL BASILIO FERREIRA GONCALVES,786.07,903.61,125_34410_1252,ESCOLA MUNICIPAL PADRE MANOEL DA NOBREGA,1.08,coordenada corrigida,perfil herdado
2018,BA,2907103,CARINHANHA,125,1376,ESCOLA MUNICIPAL BASILIO FERREIRA GONCALVES,786.07,903.61,125_34410_1252,ESCOLA MUNICIPAL PADRE MANOEL DA NOBREGA,1.08,coordenada corrigida,perfil herdado
2020,BA,2907103,CARINHANHA,125,1376,ESCOLA MUNICIPAL BASILIO FERREIRA GONCALVES,786.07,903.61,125_34410_1252,ESCOLA MUNICIPAL PADRE MANOEL DA NOBREGA,1.08,coordenada corrigida,perfil herdado
2022,BA,2907103,CARINHANHA,125,1376,ESCOLA MUNICIPAL BASILIO FERREIRA GONCALVES,786.07,903.61,125_34410_1252,ESCOLA MUNICIPAL PADRE MANOEL DA NOBREGA,1.08,coordenada corrigida,perfil herdado
2024,BA,2907103,CARINHANHA,125,1376,ESCOLA MUNICIPAL BASILIO FERREIRA GONCALVES,786.07,903.61,125_34410_1252,ESCOLA MUNICIPAL PADRE MANOEL DA NOBREGA,1.08,coordenada corrigida,perfil herdado
2006,BA,2910800,FEIRA DE SANTANA,156,1287,COLEGIO JUSTINO ALVES GONCALVES DA SILVA,1806.83,454.37,156_35157_1260,ESCOLA MARIA AMALIA MARTINS DALTRO COELHO,1.67,renda incoerente com os vizinhos rurais (R$ 485),perfil herdado
2008,BA,2910800,FEIRA DE SANTANA,156,1287,COLEGIO JUSTINO ALVES GONCALVES DA SILVA,1806.83,454.37,156_35157_1260,ESCOLA MARIA AMALIA MARTINS DALTRO COELHO,1.67,renda incoerente com os vizinhos rurais (R$ 485),perfil herdado
2010,BA,2910800,FEIRA DE SANTANA,156,1287,COLEGIO JUSTINO ALVES GONCALVES DA SILVA,1806.83,454.37,156_35157_1260,ESCOLA MARIA AMALIA MARTINS DALTRO COELHO,1.67,renda incoerente com os vizinhos rurais (R$ 485),perfil herdado
2012,BA,2910800,FEIRA DE SANTANA,156,1287,COLEGIO JUSTINO ALVES GONCALVES DA SILVA,1806.83,454.37,156_35157_1260,ESCOLA MARIA AMALIA MARTINS DALTRO COELHO,1.67,renda incoerente com os vizinhos rurais (R$ 485),perfil herdado
2014,BA,2910800,FEIRA DE SANTANA,156,1287,ESCOLA MUNICIPAL JUSTINO ALVES GONCALVES DA SILVA,1806.83,454.37,156_35157_1260,ESCOLA MUNICIPAL MARIA AMALIA MARTINS DALTRO COELHO,1.67,renda incoerente com os vizinhos rurais (R$ 485),perfil herdado
2016,BA,2910800,FEIRA DE SANTANA,155,1309,ESCOLA MUNICIPAL SAO FRANCISCO DE ASSIS,6483.44,1460.22,155_35157_1325,ESCOLA MUNICIPAL AMBROSIO BISPO,4.02,renda incoerente com os vizinhos rurais (R$ 1522),perfil herdado
2018,BA,2910800,FEIRA DE SANTANA,155,1309,ESCOLA MUNICIPAL SAO FRANCISCO DE ASSIS,6483.44,1460.22,155_35157_1325,ESCOLA MUNICIPAL AMBROSIO BISPO,4.02,renda incoerente com os vizinhos rurais (R$ 1522),perfil herdado
2020,BA,2910800,FEIRA DE SANTANA,155,1309,ESCOLA MUNICIPAL SÃO FRANCISCO DE ASSIS,6483.44,1460.22,155_35157_1325,ESCOLA MUNICIPAL AMBRÓSIO BISPO,4.02,renda incoerente com os vizinhos rurais (R$ 1460),perfil herdado
2022,BA,2910800,FEIRA DE SANTANA,155,1309,ESCOLA MUNICIPAL SÃO FRANCISCO DE ASSIS,6483.44,1460.22,155_35157_1325,ESCOLA MUNICIPAL AMBRÓSIO BISPO,4.02,renda incoerente com os vizinhos rurais (R$ 1460),perfil herdado
2024,BA,2910800,FEIRA DE SANTANA,155,1309,ESCOLA MUNICIPAL SÃO FRANCISCO DE ASSIS,6483.44,1460.22,155_35157_1325,ESCOLA MUNICIPAL AMBRÓSIO BISPO,4.05,renda incoerente com os vizinhos rurais (R$ 1460),perfil herdado
2006,BA,2910800,FEIRA DE SANTANA,156,1805,ANEXO DO COLEGIO ANTONIO BRANDAO,564.66,509.89,156_35157_1333,ESCOLA GODOFREDO LEITE FILHO,1.94,coordenada corrigida,perfil herdado
2008,BA,2910800,FEIRA DE SANTANA,156,1805,PRE-ESCOLA MUNICIPAL MAE DOS HUMILDES,564.66,423.73,156_35157_1767,GRUPO ESCOLAR DR. CARLOS VALADARES,2.78,coordenada corrigida,perfil herdado
2010,BA,2910800,FEIRA DE SANTANA,156,1805,PRE-ESCOLA MUNICIPAL MAE DOS HUMILDES,564.66,423.73,156_35157_1767,GRUPO ESCOLAR DR. CARLOS VALADARES,2.78,coordenada corrigida,perfil herdado
2012,BA,2910800,FEIRA DE SANTANA,156,1805,PRE-ESCOLA MUNICIPAL MAE DOS HUMILDES,564.66,423.73,156_35157_1767,GRUPO ESCOLAR DR. CARLOS VALADARES,2.78,coordenada corrigida,perfil herdado
2008,BA,2910800,FEIRA DE SANTANA,156,1848,GUARDA MIRIM,3279.27,524.24,156_35157_1040,ESCOLA JOSE TAVARES CARNEIRO,0.07,renda incoerente com os vizinhos rurais (R$ 524),perfil herdado
2010,BA,2910800,FEIRA DE SANTANA,156,1848,GUARDA MIRIM,3279.27,524.24,156_35157_1040,ESCOLA JOSE TAVARES CARNEIRO,0.07,renda incoerente com os vizinhos rurais (R$ 524),perfil herdado
2012,BA,2910800,FEIRA DE SANTANA,156,1848,GUARDA MIRIM,3279.27,524.24,156_35157_1040,ESCOLA JOSE TAVARES CARNEIRO,0.07,renda incoerente com os vizinhos rurais (R$ 524),perfil herdado
2014,BA,2910800,FEIRA DE SANTANA,156,5501,ESCOLA MUNICIPAL GERALDO DIAS DE SOUZA,2627.54,564.66,156_35157_1180,COLEGIO ESTADUAL PADRE HENRIQUE ALVES BORGES,0.92,renda incoerente com os vizinhos rurais (R$ 565),perfil herdado
2006,MG,3126703,FRANCISCO SA,115,1040,ESCOLA ESTADUAL LOURDINHA SILVEIRA,1208.56,529.9,115_45330_1350,CRECHE NICE TOLENTINO,0.13,coordenada corrigida,perfil herdado
2008,MG,3126703,FRANCISCO SA,115,1040,ESCOLA ESTADUAL LOURDINHA SILVEIRA,1208.56,529.9,115_45330_1350,CRECHE NICE TOLENTINO,0.13,coordenada corrigida,perfil herdado
2010,MG,3126703,FRANCISCO SA,115,1040,ESCOLA ESTADUAL LOURDINHA SILVEIRA,1208.56,529.9,115_45330_1350,CRECHE NICE TOLENTINO,0.13,coordenada corrigida,perfil herdado
2012,MG,3126703,FRANCISCO SA,115,1040,ESCOLA ESTADUAL LOURDINHA SILVEIRA,1208.56,529.9,115_45330_1350,CRECHE NICE TOLENTINO,0.13,coordenada corrigida,perfil herdado
2014,MG,3126703,FRANCISCO SA,115,1040,ESCOLA ESTADUAL LOURDINHA SILVEIRA,1208.56,529.9,115_45330_1350,CRECHE NICE TOLENTINO,0.13,coordenada corrigida,perfil herdado
2016,MG,3126703,FRANCISCO SA,115,1040,ESCOLA ESTADUAL LOURDINHA SILVEIRA,2619.46,1155.37,115_45330_1350,ESCOLA MUNICIPAL GONCALO XAVIER,0.13,coordenada corrigida,perfil herdado
2018,MG,3126703,FRANCISCO SA,115,1040,ESCOLA ESTADUAL LOURDINHA SILVEIRA,2619.46,1155.37,115_45330_1350,ESCOLA MUNICIPAL GONCALO XAVIER,0.13,coordenada corrigida,perfil herdado
2020,MG,3126703,FRANCISCO SA,115,1040,ESCOLA ESTADUAL LOURDINHA SILVEIRA,2619.46,1155.37,115_45330_1350,ESCOLA MUNICIPAL GONÇALO XAVIER,0.13,coordenada corrigida,perfil herdado
2022,MG,3126703,FRANCISCO SA,115,1040,ESCOLA ESTADUAL LOURDINHA SILVEIRA,2461.52,1155.37,115_45330_1350,ESCOLA MUNICIPAL GONÇALO XAVIER,0.13,coordenada corrigida,perfil herdado
2024,MG,3126703,FRANCISCO SA,115,1040,ESCOLA ESTADUAL LOURDINHA SILVEIRA,2619.46,1155.37,115_45330_1350,ESCOLA MUNICIPAL GONÇALO XAVIER,0.13,coordenada corrigida,perfil herdado
2006,MG,3126703,FRANCISCO SA,115,1066,ESCOLA MUNICIPAL ELPIDIO FERREIRA LOPES,1209.2,579.96,115_45330_1104,ESCOLA MUNICIPAL GENTIL DIAS DE QUADROS,11.71,coordenada corrigida,perfil herdado
2008,MG,3126703,FRANCISCO SA,115,1066,ESCOLA MUNICIPAL ELPIDIO FERREIRA LOPES,1209.2,529.9,115_45330_1155,ESCOLA MUNICIPAL DE CAMARINHAS,12.59,coordenada corrigida,perfil herdado
2010,MG,3126703,FRANCISCO SA,115,1066,ESCOLA MUNICIPAL ELPIDIO FERREIRA LOPES,1209.2,901.28,115_45330_1406,ANEXO DA ESCOLA MUNICIPAL ELPIDIO FERREIRA LOPES,5.93,coordenada corrigida,perfil herdado
2012,MG,3126703,FRANCISCO SA,115,1066,ESCOLA MUNICIPAL ELPIDIO FERREIRA LOPES,1209.2,901.28,115_45330_1406,ANEXO DA ESCOLA MUNICIPAL ELPIDIO FERREIRA LOPES,5.93,coordenada corrigida,perfil herdado
2014,MG,3126703,FRANCISCO SA,115,1066,ESCOLA MUNICIPAL ELPIDIO FERREIRA LOPES,1209.2,901.28,115_45330_1406,ANEXO DA ESCOLA MUNICIPAL ELPIDIO FERREIRA LOPES,5.93,coordenada corrigida,perfil herdado
2016,MG,3126703,FRANCISCO SA,115,1066,IGREJA DA COMUNIDADE DE SAO PAULINO,2619.46,1786.07,115_45330_1406,ANEXO DA ESCOLA MUNICIPAL ELPIDIO FERREIRA LOPES,5.93,coordenada corrigida,perfil herdado
2018,MG,3126703,FRANCISCO SA,115,1066,IGREJA DA COMUNIDADE DE SAO PAULINO,2619.46,1786.07,115_45330_1406,ANEXO DA ESCOLA MUNICIPAL ELPIDIO FERREIRA LOPES,5.93,coordenada corrigida,perfil herdado
2020,MG,3126703,FRANCISCO SA,115,1066,IGREJA DA COMUNIDADE DE SÃO PAULINO,2619.46,1786.07,115_45330_1406,ANEXO DA ESCOLA MUNICIPAL ELPÍDIO FERREIRA LOPES,5.93,coordenada corrigida,perfil herdado
2022,MG,3126703,FRANCISCO SA,115,1066,IGREJA DA COMUNIDADE DE SÃO PAULINO,2391.4,1483.87,115_45330_1155,ESCOLA MUNICIPAL DE CAMARINHAS,12.59,coordenada corrigida,perfil herdado
2024,MG,3126703,FRANCISCO SA,115,1066,IGREJA DA COMUNIDADE DE SÃO PAULINO,2619.46,1320.77,115_45330_1155,ESCOLA MUNICIPAL DE CAMARINHAS,12.59,coordenada corrigida,perfil herdado
2006,MG,3126703,FRANCISCO SA,115,1082,ESCOLA ESTADUAL DE MUCAMBINHO,583.38,696.54,115_45330_1201,ESCOLA MUNICIPAL DE TABUAL,26.08,coordenada corrigida,perfil herdado
2008,MG,3126703,FRANCISCO SA,115,1082,ESCOLA MUNICIPAL DE MUCAMBINHO,583.38,696.54,115_45330_1201,ESCOLA MUNICIPAL DE TABUAL,26.08,coordenada corrigida,perfil herdado
2010,MG,3126703,FRANCISCO SA,115,1082,ESCOLA MUNICIPAL DE MUCAMBINHO,583.38,696.54,115_45330_1201,ESCOLA MUNICIPAL DE TABUAL,26.08,coordenada corrigida,perfil herdado
2012,MG,3126703,FRANCISCO SA,115,1082,ESCOLA MUNICIPAL DE MUCAMBINHO,583.38,696.54,115_45330_1201,ESCOLA MUNICIPAL DE TABUAL,26.08,coordenada corrigida,perfil herdado
2014,MG,3126703,FRANCISCO SA,115,1082,ESCOLA MUNICIPAL DE MUCAMBINHO,583.38,696.54,115_45330_1201,ESCOLA MUNICIPAL DE TABUAL,26.08,coordenada corrigida,perfil herdado
2016,MG,3126703,FRANCISCO SA,115,1082,ESCOLA MUNICIPAL DE MUCAMBINHO,1694.38,1383.49,115_45330_1201,ESCOLA MUNICIPAL DE TABUAL,26.08,coordenada corrigida,perfil herdado
2018,MG,3126703,FRANCISCO SA,115,1082,ESCOLA MUNICIPAL DE MUCAMBINHO,1694.38,1383.49,115_45330_1201,ESCOLA MUNICIPAL DE TABUAL,26.08,coordenada corrigida,perfil herdado
2020,MG,3126703,FRANCISCO SA,115,1082,ESCOLA MUNICIPAL DE MUCAMBINHO,1694.38,1383.49,115_45330_1201,ESCOLA MUNICIPAL DE TABUAL,26.08,coordenada corrigida,perfil herdado
2022,MG,3126703,FRANCISCO SA,115,1082,ESCOLA MUNICIPAL DE MUCAMBINHO,1694.38,1383.49,115_45330_1201,ESCOLA MUNICIPAL DE TABUAL,26.08,coordenada corrigida,perfil herdado
2024,MG,3126703,FRANCISCO SA,115,1082,ESCOLA MUNICIPAL DE MUCAMBINHO,1694.38,1383.49,115_45330_1201,ESCOLA MUNICIPAL DE TABUAL,26.08,coordenada corrigida,perfil herdado
2006,MG,3126703,FRANCISCO SA,115,1244,ESCOLA MUNICIPAL ANTONIO PEREIRA DA SILVA,328.34,474.65,115_45330_1236,ESCOLA MUNICIPAL DE POCOES,7.59,coordenada corrigida,perfil herdado
2008,MG,3126703,FRANCISCO SA,115,1244,ESCOLA MUNICIPAL ANTONIO PEREIRA DA SILVA,328.34,742.05,115_45330_1104,PREDIO DA ASSOCIACAO COMUNITARIA DO QUILOMBINHO E ADJACENCIAS,6.43,coordenada corrigida,perfil herdado
2010,MG,3126703,FRANCISCO SA,115,1244,ESCOLA MUNICIPAL ANTONIO PEREIRA DA SILVA,328.34,742.05,115_45330_1104,PREDIO DA ASSOCIACAO COMUNITARIA DO QUILOMBINHO E ADJACENCIAS,6.43,coordenada corrigida,perfil herdado
2012,MG,3126703,FRANCISCO SA,115,1244,ESCOLA MUNICIPAL ANTONIO PEREIRA DA SILVA,328.34,742.05,115_45330_1104,PREDIO DA ASSOCIACAO COMUNITARIA DO QUILOMBINHO E ADJACENCIAS,6.43,coordenada corrigida,perfil herdado
2014,MG,3126703,FRANCISCO SA,115,1244,ESCOLA MUNICIPAL ANTONIO PEREIRA DA SILVA,328.34,742.05,115_45330_1104,PREDIO DA ASSOCIACAO COMUNITARIA DO QUILOMBINHO E ADJACENCIAS,6.43,coordenada corrigida,perfil herdado
2016,MG,3126703,FRANCISCO SA,115,1244,ESCOLA MUNICIPAL ANTONIO PEREIRA DA SILVA,1108.12,1277.9,115_45330_1104,ASSOCIACAO COMUNITARIA DO QUILOMBINHO E ADJACENCIAS,6.43,coordenada corrigida,perfil herdado
2018,MG,3126703,FRANCISCO SA,115,1244,ESCOLA MUNICIPAL ANTONIO PEREIRA DA SILVA,1108.12,1277.9,115_45330_1104,ASSOCIACAO COMUNITARIA DO QUILOMBINHO E ADJACENCIAS,6.43,coordenada corrigida,perfil herdado
2020,MG,3126703,FRANCISCO SA,115,1244,ESCOLA MUNICIPAL ANTÔNIO PEREIRA DA SILVA,1108.12,1277.9,115_45330_1104,ASSOCIAÇÃO COMUNITÁRIA DO QUILOMBINHO E ADJACÊNCIAS,6.43,coordenada corrigida,perfil herdado
2022,MG,3126703,FRANCISCO SA,115,1244,ESCOLA MUNICIPAL ANTÔNIO PEREIRA DA SILVA,1108.12,1277.9,115_45330_1104,ASSOCIAÇÃO COMUNITÁRIA DO QUILOMBINHO E ADJACÊNCIAS,6.43,coordenada corrigida,perfil herdado
2024,MG,3126703,FRANCISCO SA,115,1244,ESCOLA MUNICIPAL ANTÔNIO PEREIRA DA SILVA,1108.12,1124.66,115_45330_1236,ESCOLA MUNICIPAL DE POÇÕES,7.59,coordenada corrigida,perfil herdado
2006,MG,3126703,FRANCISCO SA,115,1279,ESCOLA MUNICIPAL NOSSA SENHORA DE FATIMA,467.08,474.65,115_45330_1236,ESCOLA MUNICIPAL DE POCOES,22.16,coordenada corrigida,perfil herdado
2008,MG,3126703,FRANCISCO SA,115,1279,ESCOLA MUNICIPAL NOSSA SENHORA DE FATIMA,467.08,474.65,115_45330_1236,ESCOLA MUNICIPAL DE POCOES,22.16,coordenada corrigida,perfil herdado
2010,MG,3126703,FRANCISCO SA,115,1279,ESCOLA MUNICIPAL NOSSA SENHORA DE FATIMA,467.08,474.65,115_45330_1236,ESCOLA MUNICIPAL DE POCOES,22.16,coordenada corrigida,perfil herdado
2012,MG,3126703,FRANCISCO SA,115,1279,ESCOLA MUNICIPAL NOSSA SENHORA DE FATIMA,467.08,474.65,115_45330_1236,ESCOLA MUNICIPAL DE POCOES,22.16,coordenada corrigida,perfil herdado
2014,MG,3126703,FRANCISCO SA,115,1279,ESCOLA MUNICIPAL NOSSA SENHORA DE FATIMA,467.08,474.65,115_45330_1236,ESCOLA MUNICIPAL DE POCOES,22.16,coordenada corrigida,perfil herdado
2016,MG,3126703,FRANCISCO SA,115,1279,ESCOLA MUNICIPAL NOSSA SENHORA DE FATIMA,1232.31,1124.66,115_45330_1236,ESCOLA MUNICIPAL DE POCOES,22.16,coordenada corrigida,perfil herdado
2018,MG,3126703,FRANCISCO SA,115,1279,ESCOLA MUNICIPAL NOSSA SENHORA DE FATIMA,1232.31,1124.66,115_45330_1236,ESCOLA MUNICIPAL DE POCOES,22.16,coordenada corrigida,perfil herdado
2020,MG,3126703,FRANCISCO SA,115,1279,ESCOLA MUNICIPAL NOSSA SENHORA DE FÁTIMA,1232.31,1124.66,115_45330_1236,ESCOLA MUNICIPAL DE POÇÕES,22.16,coordenada corrigida,perfil herdado
2022,MG,3126703,FRANCISCO SA,115,1279,ESCOLA MUNICIPAL NOSSA SENHORA DE FÁTIMA,1232.31,1124.66,115_45330_1236,ESCOLA MUNICIPAL DE POÇÕES,22.16,coordenada corrigida,perfil herdado
2024,MG,3126703,FRANCISCO SA,115,1279,ESCOLA MUNICIPAL NOSSA SENHORA DE FÁTIMA,1232.31,1124.66,115_45330_1236,ESCOLA MUNICIPAL DE POÇÕES,22.16,coordenada corrigida,perfil herdado
2006,MG,3126703,FRANCISCO SA,115,1287,ESCOLA MUNICIPAL JOAO RODRIGUES VASCONCELOS,327.31,474.65,115_45330_1236,ESCOLA MUNICIPAL DE POCOES,7.25,coordenada corrigida,perfil herdado
2008,MG,3126703,FRANCISCO SA,115,1287,ESCOLA MUNICIPAL JOAO RODRIGUES VASCONCELOS,327.31,474.65,115_45330_1236,ESCOLA MUNICIPAL DE POCOES,7.25,coordenada corrigida,perfil herdado
2010,MG,3126703,FRANCISCO SA,115,1287,ESCOLA MUNICIPAL JOAO RODRIGUES VASCONCELOS,327.31,474.65,115_45330_1236,ESCOLA MUNICIPAL DE POCOES,7.25,coordenada corrigida,perfil herdado
2012,MG,3126703,FRANCISCO SA,115,1287,ESCOLA MUNICIPAL JOAO RODRIGUES VASCONCELOS,327.31,474.65,115_45330_1236,ESCOLA MUNICIPAL DE POCOES,7.25,coordenada corrigida,perfil herdado
2014,MG,3126703,FRANCISCO SA,115,1287,ESCOLA MUNICIPAL JOAO RODRIGUES VASCONCELOS,327.31,474.65,115_45330_1236,ESCOLA MUNICIPAL DE POCOES,7.25,coordenada corrigida,perfil herdado
2016,MG,3126703,FRANCISCO SA,115,1287,ANEXO DA IGREJA DE  SAO JOAO BATISTA DE CHARQUINHO,1131.31,1124.66,115_45330_1236,ESCOLA MUNICIPAL DE POCOES,7.25,coordenada corrigida,perfil herdado
2018,MG,3126703,FRANCISCO SA,115,1287,ANEXO DA IGREJA DE  SAO JOAO BATISTA DE CHARQUINHO,1131.31,1124.66,115_45330_1236,ESCOLA MUNICIPAL DE POCOES,7.25,coordenada corrigida,perfil herdado
2020,MG,3126703,FRANCISCO SA,115,1287,ANEXO DA IGREJA DE  SÃO JOÃO BATISTA DE CHARQUINHO,1131.31,1124.66,115_45330_1236,ESCOLA MUNICIPAL DE POÇÕES,7.25,coordenada corrigida,perfil herdado
2022,MG,3126703,FRANCISCO SA,115,1287,ANEXO DA IGREJA DE  SÃO JOÃO BATISTA DE CHARQUINHO,1131.31,1124.66,115_45330_1236,ESCOLA MUNICIPAL DE POÇÕES,7.25,coordenada corrigida,perfil herdado
2024,MG,3126703,FRANCISCO SA,115,1287,ANEXO DA IGREJA DE  SÃO JOÃO BATISTA DE CHARQUINHO,1131.31,1124.66,115_45330_1236,ESCOLA MUNICIPAL DE POÇÕES,7.25,coordenada corrigida,perfil herdado
2006,MG,3126703,FRANCISCO SA,115,1368,ESCOLA MUNICIPAL MARCOLINA FERREIRA DOS REIS II,448.06,474.65,115_45330_1236,ESCOLA MUNICIPAL DE POCOES,11.06,coordenada corrigida,perfil herdado
2008,MG,3126703,FRANCISCO SA,115,1368,ESCOLA MUNICIPAL MARCOLINA FERREIRA DOS REIS II,448.06,742.05,115_45330_1104,PREDIO DA ASSOCIACAO COMUNITARIA DO QUILOMBINHO E ADJACENCIAS,4.5,coordenada corrigida,perfil herdado
2010,MG,3126703,FRANCISCO SA,115,1368,ESCOLA MUNICIPAL MARCOLINA FERREIRA DOS REIS II,448.06,742.05,115_45330_1104,PREDIO DA ASSOCIACAO COMUNITARIA DO QUILOMBINHO E ADJACENCIAS,4.5,coordenada corrigida,perfil herdado
2012,MG,3126703,FRANCISCO SA,115,1368,ESCOLA MUNICIPAL MARCOLINA FERREIRA DOS REIS II,448.06,742.05,115_45330_1104,PREDIO DA ASSOCIACAO COMUNITARIA DO QUILOMBINHO E ADJACENCIAS,4.5,coordenada corrigida,perfil herdado
2014,MG,3126703,FRANCISCO SA,115,1368,ESCOLA MUNICIPAL MARCOLINA FERREIRA DOS REIS II,448.06,742.05,115_45330_1104,PREDIO DA ASSOCIACAO COMUNITARIA DO QUILOMBINHO E ADJACENCIAS,4.5,coordenada corrigida,perfil herdado
2016,MG,3126703,FRANCISCO SA,115,1368,ASSOCIACAO DE BAIXA DO CHARQUINHO,1121.56,1277.9,115_45330_1104,ASSOCIACAO COMUNITARIA DO QUILOMBINHO E ADJACENCIAS,4.5,coordenada corrigida,perfil herdado
2018,MG,3126703,FRANCISCO SA,115,1368,ASSOCIACAO DE BAIXA DO CHARQUINHO,1121.56,1277.9,115_45330_1104,ASSOCIACAO COMUNITARIA DO QUILOMBINHO E ADJACENCIAS,4.5,coordenada corrigida,perfil herdado
2020,MG,3126703,FRANCISCO SA,115,1368,ASSOCIAÇÃO DE BAIXA DO CHARQUINHO,1121.56,1277.9,115_45330_1104,ASSOCIAÇÃO COMUNITÁRIA DO QUILOMBINHO E ADJACÊNCIAS,4.5,coordenada corrigida,perfil herdado
2022,MG,3126703,FRANCISCO SA,115,1368,ASSOCIAÇÃO DE BAIXA DO CHARQUINHO,1121.56,1277.9,115_45330_1104,ASSOCIAÇÃO COMUNITÁRIA DO QUILOMBINHO E ADJACÊNCIAS,4.5,coordenada corrigida,perfil herdado
2024,MG,3126703,FRANCISCO SA,115,1368,ASSOCIAÇÃO DE BAIXA DO CHARQUINHO,1121.56,1124.66,115_45330_1236,ESCOLA MUNICIPAL DE POÇÕES,11.06,coordenada corrigida,perfil herdado
2006,MG,3126703,FRANCISCO SA,115,1414,ESCOLA MUNICIPAL ALMIRANTE BARROSO,441.94,529.9,115_45330_1155,ESCOLA ESTADUAL DE CAMARINHAS,21.99,coordenada corrigida,perfil herdado
2008,MG,3126703,FRANCISCO SA,115,1414,ESCOLA MUNICIPAL ALMIRANTE BARROSO,441.94,742.05,115_45330_1104,PREDIO DA ASSOCIACAO COMUNITARIA DO QUILOMBINHO E ADJACENCIAS,14.58,coordenada corrigida,perfil herdado
2010,MG,3126703,FRANCISCO SA,115,1414,ESCOLA MUNICIPAL ALMIRANTE BARROSO,441.94,901.28,115_45330_1406,ANEXO DA ESCOLA MUNICIPAL ELPIDIO FERREIRA LOPES,13.58,coordenada corrigida,perfil herdado
2012,MG,3126703,FRANCISCO SA,115,1414,ESCOLA MUNICIPAL ALMIRANTE BARROSO,441.94,963.11,115_45330_1511,ESCOLA MUNICIPAL JOAO DE DEUS E SILVA,11.23,coordenada corrigida,perfil herdado
2014,MG,3126703,FRANCISCO SA,115,1414,ESCOLA MUNICIPAL ALMIRANTE BARROSO,441.94,963.11,115_45330_1511,ESCOLA MUNICIPAL JOAO DE DEUS E SILVA,11.23,coordenada corrigida,perfil herdado
2016,MG,3126703,FRANCISCO SA,115,1414,ESCOLA MUNICIPAL ALMIRANTE BARROSO,1286.92,1689.04,115_45330_1511,ESCOLA MUNICIPAL JOAO DE DEUS E SILVA,11.23,coordenada corrigida,perfil herdado
2018,MG,3126703,FRANCISCO SA,115,1414,ESCOLA MUNICIPAL ALMIRANTE BARROSO,1286.92,1689.04,115_45330_1511,ESCOLA MUNICIPAL JOAO DE DEUS E SILVA,11.23,coordenada corrigida,perfil herdado
2020,MG,3126703,FRANCISCO SA,115,1414,ESCOLA MUNICIPAL ALMIRANTE BARROSO,1286.92,1689.04,115_45330_1511,ESCOLA MUNICIPAL JOÃO DE DEUS E SILVA,11.23,coordenada corrigida,perfil herdado
2022,MG,3126703,FRANCISCO SA,115,1414,ESCOLA MUNICIPAL ALMIRANTE BARROSO,1286.92,1277.9,115_45330_1104,ASSOCIAÇÃO COMUNITÁRIA DO QUILOMBINHO E ADJACÊNCIAS,14.58,coordenada corrigida,perfil herdado
2024,MG,3126703,FRANCISCO SA,115,1414,ESCOLA MUNICIPAL ALMIRANTE BARROSO,1286.92,1320.77,115_45330_1155,ESCOLA MUNICIPAL DE CAMARINHAS,21.99,coordenada corrigida,perfil herdado
2006,MG,3126703,FRANCISCO SA,115,1430,ESCOLA MUNICIPAL MARCOLINA FERREIRA DOS REIS I,448.06,474.65,115_45330_1236,ESCOLA MUNICIPAL DE POCOES,11.87,coordenada corrigida,perfil herdado
2008,MG,3126703,FRANCISCO SA,115,1430,ESCOLA MUNICIPAL MARCOLINA FERREIRA DOS REIS I,448.06,742.05,115_45330_1104,PREDIO DA ASSOCIACAO COMUNITARIA DO QUILOMBINHO E ADJACENCIAS,4.64,coordenada corrigida,perfil herdado
2010,MG,3126703,FRANCISCO SA,115,1430,ESCOLA MUNICIPAL MARCOLINA FERREIRA DOS REIS I,448.06,742.05,115_45330_1104,PREDIO DA ASSOCIACAO COMUNITARIA DO QUILOMBINHO E ADJACENCIAS,4.64,coordenada corrigida,perfil herdado
2012,MG,3126703,FRANCISCO SA,115,1430,ESCOLA MUNICIPAL MARCOLINA FERREIRA DOS REIS I,448.06,742.05,115_45330_1104,PREDIO DA ASSOCIACAO COMUNITARIA DO QUILOMBINHO E ADJACENCIAS,4.64,coordenada corrigida,perfil herdado
2014,MG,3126703,FRANCISCO SA,115,1430,ESCOLA MUNICIPAL MARCOLINA FERREIRA DOS REIS I,448.06,742.05,115_45330_1104,PREDIO DA ASSOCIACAO COMUNITARIA DO QUILOMBINHO E ADJACENCIAS,4.64,coordenada corrigida,perfil herdado
2016,MG,3126703,FRANCISCO SA,115,1430,ESCOLA MUNICIPAL MARCOLINA FERREIRA DOS REIS I,1155.4,1277.9,115_45330_1104,ASSOCIACAO COMUNITARIA DO QUILOMBINHO E ADJACENCIAS,4.64,coordenada corrigida,perfil herdado
2018,MG,3126703,FRANCISCO SA,115,1430,ESCOLA MUNICIPAL MARCOLINA FERREIRA DOS REIS I,1155.4,1277.9,115_45330_1104,ASSOCIACAO COMUNITARIA DO QUILOMBINHO E ADJACENCIAS,4.64,coordenada corrigida,perfil herdado
2020,MG,3126703,FRANCISCO SA,115,1430,ESCOLA MUNICIPAL MARCOLINA FERREIRA DOS REIS I,1155.4,1277.9,115_45330_1104,ASSOCIAÇÃO COMUNITÁRIA DO QUILOMBINHO E ADJACÊNCIAS,4.64,coordenada corrigida,perfil herdado
2022,MG,3126703,FRANCISCO SA,115,1430,ESCOLA MUNICIPAL MARCOLINA FERREIRA DOS REIS I,1155.4,1277.9,115_45330_1104,ASSOCIAÇÃO COMUNITÁRIA DO QUILOMBINHO E ADJACÊNCIAS,4.64,coordenada corrigida,perfil herdado
2024,MG,3126703,FRANCISCO SA,115,1430,ESCOLA MUNICIPAL MARCOLINA FERREIRA DOS REIS I,1155.4,1124.66,115_45330_1236,ESCOLA MUNICIPAL DE POÇÕES,11.87,coordenada corrigida,perfil herdado
2006,MG,3126703,FRANCISCO SA,115,1449,ESCOLA MUNICIPAL PRESIDENTE CASTELO BRANCO II,469.26,474.65,115_45330_1236,ESCOLA MUNICIPAL DE POCOES,7.55,coordenada corrigida,perfil herdado
2008,MG,3126703,FRANCISCO SA,115,1449,ESCOLA MUNICIPAL PRESIDENTE CASTELO BRANCO II,469.26,474.65,115_45330_1236,ESCOLA MUNICIPAL DE POCOES,7.55,coordenada corrigida,perfil herdado
2010,MG,3126703,FRANCISCO SA,115,1449,ESCOLA MUNICIPAL PRESIDENTE CASTELO BRANCO II,469.26,474.65,115_45330_1236,ESCOLA MUNICIPAL DE POCOES,7.55,coordenada corrigida,perfil herdado
2012,MG,3126703,FRANCISCO SA,115,1449,ESCOLA MUNICIPAL PRESIDENTE CASTELO BRANCO II,469.26,474.65,115_45330_1236,ESCOLA MUNICIPAL DE POCOES,7.55,coordenada corrigida,perfil herdado
2014,MG,3126703,FRANCISCO SA,115,1449,ESCOLA MUNICIPAL PRESIDENTE CASTELO BRANCO II,469.26,474.65,115_45330_1236,ESCOLA MUNICIPAL DE POCOES,7.55,coordenada corrigida,perfil herdado
2016,MG,3126703,FRANCISCO SA,115,1449,IGREJA DE POCINHO,1368.7,1124.66,115_45330_1236,ESCOLA MUNICIPAL DE POCOES,7.55,coordenada corrigida,perfil herdado
2018,MG,3126703,FRANCISCO SA,115,1449,IGREJA DE POCINHO,1368.7,1124.66,115_45330_1236,ESCOLA MUNICIPAL DE POCOES,7.55,coordenada corrigida,perfil herdado
2020,MG,3126703,FRANCISCO SA,115,1449,IGREJA DE POCINHO,1368.7,1124.66,115_45330_1236,ESCOLA MUNICIPAL DE POÇÕES,7.55,coordenada corrigida,perfil herdado
2022,MG,3126703,FRANCISCO SA,115,1449,IGREJA DE POCINHO,1368.7,1124.66,115_45330_1236,ESCOLA MUNICIPAL DE POÇÕES,7.55,coordenada corrigida,perfil herdado
2024,MG,3126703,FRANCISCO SA,115,1449,IGREJA DE POCINHO,1368.7,1124.66,115_45330_1236,ESCOLA MUNICIPAL DE POÇÕES,7.55,coordenada corrigida,perfil herdado
2006,MG,3126703,FRANCISCO SA,115,1465,ESCOLA MUNICIPAL TEREZINHA MARTINS DE SOUZA,591.4,591.4,115_45330_1422,ESCOLA MUNICIPAL TEREZINHA MARTINS DE SOUZA,9.35,coordenada corrigida,perfil herdado
2008,MG,3126703,FRANCISCO SA,115,1465,ESCOLA MUNICIPAL TEREZINHA MARTINS DE SOUZA,591.4,591.4,115_45330_1422,ESCOLA MUNICIPAL TEREZINHA MARTINS DE SOUZA,9.35,coordenada corrigida,perfil herdado
2010,MG,3126703,FRANCISCO SA,115,1465,ESCOLA MUNICIPAL TEREZINHA MARTINS DE SOUZA,591.4,591.4,115_45330_1422,ESCOLA MUNICIPAL TEREZINHA MARTINS DE SOUZA,9.35,coordenada corrigida,perfil herdado
2012,MG,3126703,FRANCISCO SA,115,1465,ESCOLA MUNICIPAL TEREZINHA MARTINS DE SOUZA,591.4,591.4,115_45330_1422,ESCOLA MUNICIPAL TEREZINHA MARTINS DE SOUZA,9.35,coordenada corrigida,perfil herdado
2014,MG,3126703,FRANCISCO SA,115,1465,ESCOLA MUNICIPAL TEREZINHA MARTINS DE SOUZA,591.4,591.4,115_45330_1422,ESCOLA MUNICIPAL TEREZINHA MARTINS DE SOUZA,9.35,coordenada corrigida,perfil herdado
2016,MG,3126703,FRANCISCO SA,115,1465,IGREJA DA COMUNIDADE DE BELVEDERE,2098.51,1320.77,115_45330_1155,ESCOLA MUNICIPAL DE CAMARINHAS,11.5,coordenada corrigida,perfil herdado
2018,MG,3126703,FRANCISCO SA,115,1465,IGREJA DA COMUNIDADE DE BELVEDERE,2098.51,1320.77,115_45330_1155,ESCOLA MUNICIPAL DE CAMARINHAS,11.5,coordenada corrigida,perfil herdado
2020,MG,3126703,FRANCISCO SA,115,1465,IGREJA DA COMUNIDADE DE BELVEDERE,2098.51,1320.77,115_45330_1155,ESCOLA MUNICIPAL DE CAMARINHAS,11.5,coordenada corrigida,perfil herdado
2022,MG,3126703,FRANCISCO SA,115,1465,IGREJA DA COMUNIDADE DE BELVEDERE,2098.51,1483.87,115_45330_1155,ESCOLA MUNICIPAL DE CAMARINHAS,11.5,coordenada corrigida,perfil herdado
2024,MG,3126703,FRANCISCO SA,115,1465,IGREJA DA COMUNIDADE DE BELVEDERE,2098.51,1320.77,115_45330_1155,ESCOLA MUNICIPAL DE CAMARINHAS,11.5,coordenada corrigida,perfil herdado
2008,MG,3126703,FRANCISCO SA,115,1473,ESCOLA MUNICIPAL MANOEL MARTINS ROCHA,474.65,742.05,115_45330_1104,PREDIO DA ASSOCIACAO COMUNITARIA DO QUILOMBINHO E ADJACENCIAS,0.35,coordenada corrigida,perfil herdado
2010,MG,3126703,FRANCISCO SA,115,1473,ESCOLA MUNICIPAL MANOEL MARTINS ROCHA,474.65,742.05,115_45330_1104,PREDIO DA ASSOCIACAO COMUNITARIA DO QUILOMBINHO E ADJACENCIAS,0.35,coordenada corrigida,perfil herdado
2012,MG,3126703,FRANCISCO SA,115,1473,ESCOLA MUNICIPAL MANOEL MARTINS ROCHA,474.65,742.05,115_45330_1104,PREDIO DA ASSOCIACAO COMUNITARIA DO QUILOMBINHO E ADJACENCIAS,0.35,coordenada corrigida,perfil herdado
2014,MG,3126703,FRANCISCO SA,115,1473,ESCOLA MUNICIPAL MANOEL MARTINS ROCHA,474.65,742.05,115_45330_1104,PREDIO DA ASSOCIACAO COMUNITARIA DO QUILOMBINHO E ADJACENCIAS,0.35,coordenada corrigida,perfil herdado
2016,MG,3126703,FRANCISCO SA,115,1473,IGREJA DE BOM JESUS DA COMUNIDADE DE JACARE,1277.9,1277.9,115_45330_1104,ASSOCIACAO COMUNITARIA DO QUILOMBINHO E ADJACENCIAS,0.35,coordenada corrigida,perfil herdado
2018,MG,3126703,FRANCISCO SA,115,1473,IGREJA DE BOM JESUS DA COMUNIDADE DE JACARE,1277.9,1277.9,115_45330_1104,ASSOCIACAO COMUNITARIA DO QUILOMBINHO E ADJACENCIAS,0.35,coordenada corrigida,perfil herdado
2020,MG,3126703,FRANCISCO SA,115,1473,IGREJA DE BOM JESUS DA COMUNIDADE DE JACARÉ,1277.9,1277.9,115_45330_1104,ASSOCIAÇÃO COMUNITÁRIA DO QUILOMBINHO E ADJACÊNCIAS,0.35,coordenada corrigida,perfil herdado
2022,MG,3126703,FRANCISCO SA,115,1473,IGREJA DE BOM JESUS DA COMUNIDADE DE JACARÉ,1277.9,1277.9,115_45330_1104,ASSOCIAÇÃO COMUNITÁRIA DO QUILOMBINHO E ADJACÊNCIAS,0.35,coordenada corrigida,perfil herdado
2024,MG,3126703,FRANCISCO SA,115,1473,IGREJA DE BOM JESUS DA COMUNIDADE DE JACARÉ,1277.9,1124.66,115_45330_1236,ESCOLA MUNICIPAL DE POÇÕES,12.99,coordenada corrigida,perfil herdado
2016,MG,3126703,FRANCISCO SA,115,1481,"ASSOCIACAO DE SANTOS REIS, CAPAO VELHO E VALE DO GORUTUBA",1375.68,453.74,115_45330_1422,IGREJA DE SERAFIM,20.09,coordenada corrigida,perfil herdado
2018,MG,3126703,FRANCISCO SA,115,1481,"ASSOCIACAO DE SANTOS REIS, CAPAO VELHO E VALE DO GORUTUBA",1375.68,453.74,115_45330_1422,IGREJA DE SERAFIM,20.09,coordenada corrigida,perfil herdado
2020,MG,3126703,FRANCISCO SA,115,1481,"ASSOCIAÇÃO DE SANTOS REIS, CAPÃO VELHO E VALE DO GORUTUBA",1375.68,453.74,115_45330_1422,IGREJA DE SERAFIM,20.09,coordenada corrigida,perfil herdado
2022,MG,3126703,FRANCISCO SA,115,1481,"ASSOCIAÇÃO DE SANTOS REIS, CAPÃO VELHO E VALE DO GORUTUBA",1375.68,1124.66,115_45330_1236,ESCOLA MUNICIPAL DE POÇÕES,20.56,coordenada corrigida,perfil herdado
2024,MG,3126703,FRANCISCO SA,115,1481,"ASSOCIAÇÃO DE SANTOS REIS, CAPÃO VELHO E VALE DO GORUTUBA",1375.68,1124.66,115_45330_1236,ESCOLA MUNICIPAL DE POÇÕES,20.56,coordenada corrigida,perfil herdado
2010,MG,3126703,FRANCISCO SA,115,5500,IGREJA DOS SANTOS REIS,424.8,474.65,115_45330_1236,ESCOLA MUNICIPAL DE POCOES,20.56,coordenada corrigida,perfil herdado
2012,MG,3126703,FRANCISCO SA,115,5500,IGREJA DOS SANTOS REIS,424.8,474.65,115_45330_1236,ESCOLA MUNICIPAL DE POCOES,20.56,coordenada corrigida,perfil herdado
2014,MG,3126703,FRANCISCO SA,115,5500,IGREJA DOS SANTOS REIS,424.8,474.65,115_45330_1236,ESCOLA MUNICIPAL DE POCOES,20.56,coordenada corrigida,perfil herdado
2006,MG,3132305,ITAIPE,196,1023,ESCOLA ESTADUAL PROFESSORA FRANCISCA MOTA,671.45,671.45,196_46450_1015,ESCOLA ESTADUAL CLEMENTE LUIZ,1.23,coordenada corrigida,perfil herdado
2008,MG,3132305,ITAIPE,196,1023,ESCOLA ESTADUAL PROFESSORA FRANCISCA MOTA,671.45,671.45,196_46450_1015,ESCOLA ESTADUAL CLEMENTE LUIZ,1.23,coordenada corrigida,perfil herdado
2010,MG,3132305,ITAIPE,196,1023,ESCOLA ESTADUAL PROFESSORA FRANCISCA MATOS,671.45,671.45,196_46450_1015,ESCOLA ESTADUAL CLEMENTE LUIZ,1.23,coordenada corrigida,perfil herdado
2012,MG,3132305,ITAIPE,196,1023,ESCOLA ESTADUAL PROFESSORA FRANCISCA MATOS,671.45,671.45,196_46450_1015,ESCOLA ESTADUAL CLEMENTE LUIZ,1.23,coordenada corrigida,perfil herdado
2014,MG,3132305,ITAIPE,196,1023,ESCOLA ESTADUAL PROFESSORA FRANCISCA MATOS,671.45,671.45,196_46450_1015,ESCOLA ESTADUAL CLEMENTE LUIZ,1.23,coordenada corrigida,perfil herdado
2016,MG,3132305,ITAIPE,196,1023,ESCOLA ESTADUAL PROFESSORA FRANCISCA MATOS,1715.67,1916.06,196_46450_1015,ESCOLA ESTADUAL CLEMENTE LUIZ,1.23,coordenada corrigida,perfil herdado
2018,MG,3132305,ITAIPE,196,1023,ESCOLA ESTADUAL PROFESSORA FRANCISCA MATOS,1715.67,1431.28,196_46450_1015,ESCOLA ESTADUAL CLEMENTE LUIZ,1.23,coordenada corrigida,perfil herdado
2020,MG,3132305,ITAIPE,196,1023,ESCOLA ESTADUAL PROFESSORA FRANCISCA MATOS,1715.67,1431.28,196_46450_1015,ESCOLA ESTADUAL CLEMENTE LUIZ,1.23,coordenada corrigida,perfil herdado
2022,MG,3132305,ITAIPE,196,1023,ESCOLA ESTADUAL PROFESSORA FRANCISCA MATOS,1715.67,1431.28,196_46450_1015,ESCOLA ESTADUAL CLEMENTE LUIZ,1.23,coordenada corrigida,perfil herdado
2024,MG,3132305,ITAIPE,196,1023,ESCOLA ESTADUAL PROFESSORA FRANCISCA MATOS,1715.67,1431.28,196_46450_1015,ESCOLA ESTADUAL CLEMENTE LUIZ,1.23,coordenada corrigida,perfil herdado
2006,MG,3132305,ITAIPE,196,1031,ESCOLA MUNICIPAL MARIA ANGELA,467.68,422.34,196_46450_1058,ESCOLA MUNICIPAL JOAQUIM LUIZ,5.05,coordenada corrigida,perfil herdado
2008,MG,3132305,ITAIPE,196,1031,ESCOLA MUNICIPAL MARIA ANGELA,467.68,422.34,196_46450_1058,ESCOLA MUNICIPAL JOAQUIM LUIZ,5.05,coordenada corrigida,perfil herdado
2010,MG,3132305,ITAIPE,196,1031,ESCOLA MUNICIPAL MARIA ANGELA,467.68,422.34,196_46450_1058,ESCOLA MUNICIPAL JOAQUIM LUIZ,5.05,coordenada corrigida,perfil herdado
2012,MG,3132305,ITAIPE,196,1031,ESCOLA MUNICIPAL MARIA ANGELA,467.68,422.34,196_46450_1058,ESCOLA MUNICIPAL JOAQUIM LUIZ,5.05,coordenada corrigida,perfil herdado
2014,MG,3132305,ITAIPE,196,1031,ESCOLA MUNICIPAL MARIA ANGELA,467.68,422.34,196_46450_1058,ESCOLA MUNICIPAL JOAQUIM LUIZ,5.05,coordenada corrigida,perfil herdado
2016,MG,3132305,ITAIPE,196,1031,ESCOLA MUNICIPAL MARIA ANGELA,1149.74,1163.14,196_46450_1058,ESCOLA MUNICIPAL JOAQUIM LUIZ,5.05,coordenada corrigida,perfil herdado
2018,MG,3132305,ITAIPE,196,1031,ESCOLA MUNICIPAL MARIA ANGELA,1149.74,1070.71,196_46450_1066,ESCOLA MUNICIPAL ANTONIO DOS SANTOS,7.26,coordenada corrigida,perfil herdado
2020,MG,3132305,ITAIPE,196,1031,ESCOLA MUNICIPAL MARIA ÂNGELA,1149.74,1163.14,196_46450_1058,ESCOLA MUNICIPAL JOAQUIM LUIZ,5.05,coordenada corrigida,perfil herdado
2022,MG,3132305,ITAIPE,196,1031,ESCOLA MUNICIPAL MARIA ÂNGELA,1149.74,1163.14,196_46450_1058,ESCOLA MUNICIPAL JOAQUIM LUIZ,5.05,coordenada corrigida,perfil herdado
2024,MG,3132305,ITAIPE,196,1031,ESCOLA MUNICIPAL MARIA ÂNGELA,1149.74,1070.71,196_46450_1066,ESCOLA MUNICIPAL ANTÔNIO DOS SANTOS,7.26,coordenada corrigida,perfil herdado
2006,MG,3132305,ITAIPE,196,1040,ESCOLA MUNICIPAL SIMAO TAVARES,447.26,422.34,196_46450_1058,ESCOLA MUNICIPAL JOAQUIM LUIZ,10.1,coordenada corrigida,perfil herdado
2008,MG,3132305,ITAIPE,196,1040,ESCOLA MUNICIPAL SIMAO TAVARES,447.26,355.94,196_46450_1066,ESCOLA MUNICIPAL ANTONIO DOS SANTOS (ANEXA) DO ASSENTAMENTO,7.21,coordenada corrigida,perfil herdado
2010,MG,3132305,ITAIPE,196,1040,ESCOLA MUNICIPAL SIMAO TAVARES,447.26,355.94,196_46450_1066,ESCOLA MUNICIPAL ANTONIO DOS SANTOS (ANEXA) DO ASSENTAMENTO,7.21,coordenada corrigida,perfil herdado
2012,MG,3132305,ITAIPE,196,1040,ESCOLA MUNICIPAL SIMAO TAVARES,447.26,355.94,196_46450_1066,ESCOLA MUNICIPAL ANTONIO DOS SANTOS (ANEXA) DO ASSENTAMENTO,7.21,coordenada corrigida,perfil herdado
2014,MG,3132305,ITAIPE,196,1040,ESCOLA MUNICIPAL SIMAO TAVARES,447.26,355.94,196_46450_1066,ESCOLA MUNICIPAL ANTONIO DOS SANTOS (ANEXA) DO ASSENTAMENTO,7.21,coordenada corrigida,perfil herdado
2016,MG,3132305,ITAIPE,196,1040,ESCOLA MUNICIPAL SIMAO TAVARES,1278.96,1070.71,196_46450_1066,ESCOLA MUNICIPAL ANTONIO DOS SANTOS (ANEXA) DO ASSENTAMENTO,7.21,coordenada corrigida,perfil herdado
2018,MG,3132305,ITAIPE,196,1040,ESCOLA MUNICIPAL SIMAO TAVARES,1278.96,1070.71,196_46450_1066,ESCOLA MUNICIPAL ANTONIO DOS SANTOS,7.21,coordenada corrigida,perfil herdado
2020,MG,3132305,ITAIPE,196,1040,ESCOLA MUNICIPAL SIMÃO TAVARES,1278.96,1070.71,196_46450_1066,ESCOLA MUNICIPAL ANTÔNIO DOS SANTOS,7.21,coordenada corrigida,perfil herdado
2022,MG,3132305,ITAIPE,196,1040,ESCOLA MUNICIPAL SIMÃO TAVARES,1278.96,1070.71,196_46450_1066,ESCOLA MUNICIPAL ANTÔNIO DOS SANTOS,7.21,coordenada corrigida,perfil herdado
2024,MG,3132305,ITAIPE,196,1040,ESCOLA MUNICIPAL SIMÃO TAVARES,1278.96,1070.71,196_46450_1066,ESCOLA MUNICIPAL ANTÔNIO DOS SANTOS,7.21,coordenada corrigida,perfil herdado
2008,MG,3132305,ITAIPE,196,1074,ESCOLA MUNICIPAL JOSE RAMOS,608.71,355.94,196_46450_1066,ESCOLA MUNICIPAL ANTONIO DOS SANTOS (ANEXA) DO ASSENTAMENTO,5.69,coordenada corrigida,perfil herdado
2010,MG,3132305,ITAIPE,196,1074,ESCOLA MUNICIPAL JOSE RAMOS,608.71,355.94,196_46450_1066,ESCOLA MUNICIPAL ANTONIO DOS SANTOS (ANEXA) DO ASSENTAMENTO,5.69,coordenada corrigida,perfil herdado
2012,MG,3132305,ITAIPE,196,1074,ESCOLA MUNICIPAL JOSE RAMOS,608.71,355.94,196_46450_1066,ESCOLA MUNICIPAL ANTONIO DOS SANTOS (ANEXA) DO ASSENTAMENTO,5.69,coordenada corrigida,perfil herdado
2014,MG,3132305,ITAIPE,196,1074,ESCOLA MUNICIPAL JOSE RAMOS,608.71,355.94,196_46450_1066,ESCOLA MUNICIPAL ANTONIO DOS SANTOS (ANEXA) DO ASSENTAMENTO,5.69,coordenada corrigida,perfil herdado
2016,MG,3132305,ITAIPE,196,1074,ESCOLA MUNICIPAL JOSE RAMOS,1145.62,1070.71,196_46450_1066,ESCOLA MUNICIPAL ANTONIO DOS SANTOS (ANEXA) DO ASSENTAMENTO,5.69,coordenada corrigida,perfil herdado
2018,MG,3132305,ITAIPE,196,1074,ESCOLA MUNICIPAL JOSE RAMOS,1145.62,1070.71,196_46450_1066,ESCOLA MUNICIPAL ANTONIO DOS SANTOS,5.69,coordenada corrigida,perfil herdado
2020,MG,3132305,ITAIPE,196,1074,ESCOLA MUNICIPAL JOSÉ RAMOS,1145.62,1070.71,196_46450_1066,ESCOLA MUNICIPAL ANTÔNIO DOS SANTOS,5.69,coordenada corrigida,perfil herdado
2022,MG,3132305,ITAIPE,196,1074,ESCOLA MUNICIPAL JOSÉ RAMOS,1145.62,1070.71,196_46450_1066,ESCOLA MUNICIPAL ANTÔNIO DOS SANTOS,5.69,coordenada corrigida,perfil herdado
2024,MG,3132305,ITAIPE,196,1074,ESCOLA MUNICIPAL JOSÉ RAMOS,1145.62,1070.71,196_46450_1066,ESCOLA MUNICIPAL ANTÔNIO DOS SANTOS,5.69,coordenada corrigida,perfil herdado
2008,MG,3132305,ITAIPE,196,1090,ESCOLA MUNICIPAL ANTONIO INACIO,583.64,355.94,196_46450_1066,ESCOLA MUNICIPAL ANTONIO DOS SANTOS (ANEXA) DO ASSENTAMENTO,6.58,coordenada corrigida,perfil herdado
2010,MG,3132305,ITAIPE,196,1090,ESCOLA MUNICIPAL ANTONIO INACIO,583.64,355.94,196_46450_1066,ESCOLA MUNICIPAL ANTONIO DOS SANTOS (ANEXA) DO ASSENTAMENTO,6.58,coordenada corrigida,perfil herdado
2012,MG,3132305,ITAIPE,196,1090,ESCOLA MUNICIPAL ANTONIO INACIO,583.64,355.94,196_46450_1066,ESCOLA MUNICIPAL ANTONIO DOS SANTOS (ANEXA) DO ASSENTAMENTO,6.58,coordenada corrigida,perfil herdado
2014,MG,3132305,ITAIPE,196,1090,ESCOLA MUNICIPAL ANTONIO INACIO,583.64,355.94,196_46450_1066,ESCOLA MUNICIPAL ANTONIO DOS SANTOS (ANEXA) DO ASSENTAMENTO,6.58,coordenada corrigida,perfil herdado
2016,MG,3132305,ITAIPE,196,1090,ESCOLA MUNICIPAL ANTONIO INACIO,1280.57,1070.71,196_46450_1066,ESCOLA MUNICIPAL ANTONIO DOS SANTOS (ANEXA) DO ASSENTAMENTO,6.58,coordenada corrigida,perfil herdado
2018,MG,3132305,ITAIPE,196,1090,ESCOLA MUNICIPAL ANTONIO INACIO,1280.57,1070.71,196_46450_1066,ESCOLA MUNICIPAL ANTONIO DOS SANTOS,6.58,coordenada corrigida,perfil herdado
2020,MG,3132305,ITAIPE,196,1090,ESCOLA MUNICIPAL ANTÔNIO INÁCIO,1280.57,1070.71,196_46450_1066,ESCOLA MUNICIPAL ANTÔNIO DOS SANTOS,6.58,coordenada corrigida,perfil herdado
2022,MG,3132305,ITAIPE,196,1090,ESCOLA MUNICIPAL ANTÔNIO INÁCIO,1280.57,1070.71,196_46450_1066,ESCOLA MUNICIPAL ANTÔNIO DOS SANTOS,6.58,coordenada corrigida,perfil herdado
2024,MG,3132305,ITAIPE,196,1090,ESCOLA MUNICIPAL ANTÔNIO INÁCIO,1280.57,1070.71,196_46450_1066,ESCOLA MUNICIPAL ANTÔNIO DOS SANTOS,6.58,coordenada corrigida,perfil herdado
2008,MG,3132305,ITAIPE,196,1104,ESCOLA MUNICIPAL GERMANO BARBOSA,671.45,355.94,196_46450_1066,ESCOLA MUNICIPAL ANTONIO DOS SANTOS (ANEXA) DO ASSENTAMENTO,0.76,coordenada corrigida,perfil herdado
2010,MG,3132305,ITAIPE,196,1104,ESCOLA MUNICIPAL GERMANO BARBOSA,671.45,355.94,196_46450_1066,ESCOLA MUNICIPAL ANTONIO DOS SANTOS (ANEXA) DO ASSENTAMENTO,0.76,coordenada corrigida,perfil herdado
2012,MG,3132305,ITAIPE,196,1104,ESCOLA MUNICIPAL GERMANO BARBOSA,671.45,355.94,196_46450_1066,ESCOLA MUNICIPAL ANTONIO DOS SANTOS (ANEXA) DO ASSENTAMENTO,0.76,coordenada corrigida,perfil herdado
2014,MG,3132305,ITAIPE,196,1104,ESCOLA MUNICIPAL GERMANO BARBOSA,671.45,355.94,196_46450_1066,ESCOLA MUNICIPAL ANTONIO DOS SANTOS (ANEXA) DO ASSENTAMENTO,0.76,coordenada corrigida,perfil herdado
2016,MG,3132305,ITAIPE,196,1104,ESCOLA MUNICIPAL GERMANO BARBOSA,1138.03,1070.71,196_46450_1066,ESCOLA MUNICIPAL ANTONIO DOS SANTOS (ANEXA) DO ASSENTAMENTO,0.76,coordenada corrigida,perfil herdado
2018,MG,3132305,ITAIPE,196,1104,ESCOLA MUNICIPAL GERMANO BARBOSA,1138.03,1070.71,196_46450_1066,ESCOLA MUNICIPAL ANTONIO DOS SANTOS,0.76,coordenada corrigida,perfil herdado
2020,MG,3132305,ITAIPE,196,1104,ESCOLA MUNICIPAL GERMANO BARBOSA,1138.03,1070.71,196_46450_1066,ESCOLA MUNICIPAL ANTÔNIO DOS SANTOS,0.76,coordenada corrigida,perfil herdado
2022,MG,3132305,ITAIPE,196,1104,ESCOLA MUNICIPAL GERMANO BARBOSA,1138.03,1070.71,196_46450_1066,ESCOLA MUNICIPAL ANTÔNIO DOS SANTOS,0.76,coordenada corrigida,perfil herdado
2024,MG,3132305,ITAIPE,196,1104,ESCOLA MUNICIPAL GERMANO BARBOSA,1138.03,1070.71,196_46450_1066,ESCOLA MUNICIPAL ANTÔNIO DOS SANTOS,0.76,coordenada corrigida,perfil herdado
2006,MG,3138682,LUISLANDIA,50,1015,ESCOLA ESTADUAL TEOFILO PIRES,534.49,470.0,50_41009_1058,ESCOLA MUNICIPAL JOAO GOMES DE SOUZA,5.52,coordenada corrigida,perfil herdado
2008,MG,3138682,LUISLANDIA,50,1015,ESCOLA ESTADUAL TEOFILO PIRES,534.49,534.49,50_41009_1120,ESCOLA MUNICIPAL PADRE FABIANO,0.79,coordenada corrigida,perfil herdado
2010,MG,3138682,LUISLANDIA,50,1015,ESCOLA ESTADUAL TEOFILO PIRES,534.49,534.49,50_41009_1120,ESCOLA MUNICIPAL PADRE FABIANO,0.79,coordenada corrigida,perfil herdado
2012,MG,3138682,LUISLANDIA,50,1015,ESCOLA ESTADUAL TEOFILO PIRES,534.49,534.49,50_41009_1120,ESCOLA MUNICIPAL PADRE FABIANO,0.79,coordenada corrigida,perfil herdado
2014,MG,3138682,LUISLANDIA,50,1015,ESCOLA ESTADUAL TEOFILO PIRES,534.49,534.49,50_41009_1120,ESCOLA MUNICIPAL PADRE FABIANO,0.79,coordenada corrigida,perfil herdado
2016,MG,3138682,LUISLANDIA,50,1015,ESCOLA ESTADUAL TEOFILO PIRES,1312.85,972.48,50_41009_1155,POSTO DE SAUDE MARTINHO PINHEIRO,9.16,coordenada corrigida,perfil herdado
2018,MG,3138682,LUISLANDIA,50,1015,ESCOLA ESTADUAL TEOFILO PIRES,1312.85,972.48,50_41009_1155,POSTO DE SAUDE MARTINHO PINHEIRO,9.16,coordenada corrigida,perfil herdado
2020,MG,3138682,LUISLANDIA,50,1015,ESCOLA ESTADUAL TEOFILO PIRES,1312.85,1247.73,50_41009_1163,ESCOLA MUNICIPAL PADRE FABIANO,0.79,coordenada corrigida,perfil herdado
2022,MG,3138682,LUISLANDIA,50,1015,ESCOLA ESTADUAL TEOFILO PIRES,1211.03,1247.73,50_41009_1163,ESCOLA MUNICIPAL PADRE FABIANO,0.79,coordenada corrigida,perfil herdado
2024,MG,3138682,LUISLANDIA,50,1015,ESCOLA ESTADUAL TEOFILO PIRES,1312.85,1247.73,50_41009_1163,ESCOLA MUNICIPAL PADRE FABIANO,0.79,coordenada corrigida,perfil herdado
2006,MG,3138682,LUISLANDIA,50,1082,ESCOLA MUNICIPAL SANTA RITA,419.74,470.0,50_41009_1058,ESCOLA MUNICIPAL JOAO GOMES DE SOUZA,8.2,coordenada corrigida,perfil herdado
2008,MG,3138682,LUISLANDIA,50,1082,ESCOLA MUNICIPAL SANTA RITA,419.74,534.49,50_41009_1120,ESCOLA MUNICIPAL PADRE FABIANO,3.15,coordenada corrigida,perfil herdado
2010,MG,3138682,LUISLANDIA,50,1082,ESCOLA MUNICIPAL SANTA RITA,419.74,534.49,50_41009_1120,ESCOLA MUNICIPAL PADRE FABIANO,3.15,coordenada corrigida,perfil herdado
2012,MG,3138682,LUISLANDIA,50,1082,ESCOLA MUNICIPAL SANTA RITA,419.74,534.49,50_41009_1120,ESCOLA MUNICIPAL PADRE FABIANO,3.15,coordenada corrigida,perfil herdado
2014,MG,3138682,LUISLANDIA,50,1082,ESCOLA MUNICIPAL SANTA RITA,419.74,534.49,50_41009_1120,ESCOLA MUNICIPAL PADRE FABIANO,3.15,coordenada corrigida,perfil herdado
2016,MG,3138682,LUISLANDIA,50,1082,ESCOLA MUNICIPAL SANTA RITA,986.1,1247.73,50_41009_1120,ESCOLA MUNICIPAL PADRE FABIANO,3.15,coordenada corrigida,perfil herdado
2018,MG,3138682,LUISLANDIA,50,1082,ESCOLA MUNICIPAL SANTA RITA,986.1,1247.73,50_41009_1120,ESCOLA MUNICIPAL PADRE FABIANO,3.15,coordenada corrigida,perfil herdado
2020,MG,3138682,LUISLANDIA,50,1082,ESCOLA MUNICIPAL SANTA RITA,986.1,1046.17,50_41009_1058,ESCOLA MUNICIPAL JOAO GOMES DE SOUZA,8.2,coordenada corrigida,perfil herdado
2022,MG,3138682,LUISLANDIA,50,1082,ESCOLA MUNICIPAL SANTA RITA,986.1,1046.17,50_41009_1058,ESCOLA MUNICIPAL JOAO GOMES DE SOUZA,8.2,coordenada corrigida,perfil herdado
2024,MG,3138682,LUISLANDIA,50,1082,ESCOLA MUNICIPAL SANTA RITA,986.1,1046.17,50_41009_1058,ESCOLA MUNICIPAL JOAO GOMES DE SOUZA,8.2,coordenada corrigida,perfil herdado
2006,MG,3138682,LUISLANDIA,50,1090,ESCOLA MUNICIPAL MANOEL GONCALVES PASSOS,534.49,470.0,50_41009_1058,ESCOLA MUNICIPAL JOAO GOMES DE SOUZA,5.24,coordenada corrigida,perfil herdado
2008,MG,3138682,LUISLANDIA,50,1090,ESCOLA MUNICIPAL MANOEL GONCALVES PASSOS,534.49,534.49,50_41009_1120,ESCOLA MUNICIPAL PADRE FABIANO,0.6,coordenada corrigida,perfil herdado
2010,MG,3138682,LUISLANDIA,50,1090,ESCOLA MUNICIPAL MANOEL GONCALVES PASSOS,534.49,534.49,50_41009_1120,ESCOLA MUNICIPAL PADRE FABIANO,0.6,coordenada corrigida,perfil herdado
2012,MG,3138682,LUISLANDIA,50,1090,ESCOLA MUNICIPAL MANOEL GONCALVES PASSOS,534.49,534.49,50_41009_1120,ESCOLA MUNICIPAL PADRE FABIANO,0.6,coordenada corrigida,perfil herdado
2014,MG,3138682,LUISLANDIA,50,1090,ESCOLA MUNICIPAL MANOEL GONCALVES PASSOS,534.49,534.49,50_41009_1120,ESCOLA MUNICIPAL PADRE FABIANO,0.6,coordenada corrigida,perfil herdado
2016,MG,3138682,LUISLANDIA,50,1090,ESCOLA MUNICIPAL MANOEL GONCALVES PASSOS,1312.85,1247.73,50_41009_1120,ESCOLA MUNICIPAL PADRE FABIANO,0.6,coordenada corrigida,perfil herdado
2018,MG,3138682,LUISLANDIA,50,1090,ESCOLA MUNICIPAL MANOEL GONCALVES PASSOS,1312.85,1247.73,50_41009_1120,ESCOLA MUNICIPAL PADRE FABIANO,0.6,coordenada corrigida,perfil herdado
2020,MG,3138682,LUISLANDIA,50,1090,ESCOLA MUNICIPAL MANOEL GONCALVES PASSOS,1312.85,1046.17,50_41009_1058,ESCOLA MUNICIPAL JOAO GOMES DE SOUZA,5.24,coordenada corrigida,perfil herdado
2022,MG,3138682,LUISLANDIA,50,1090,ESCOLA MUNICIPAL MANOEL GONCALVES PASSOS,1312.85,1046.17,50_41009_1058,ESCOLA MUNICIPAL JOAO GOMES DE SOUZA,5.24,coordenada corrigida,perfil herdado
2024,MG,3138682,LUISLANDIA,50,1090,ESCOLA MUNICIPAL MANOEL GONCALVES PASSOS,1312.85,1046.17,50_41009_1058,ESCOLA MUNICIPAL JOAO GOMES DE SOUZA,5.24,coordenada corrigida,perfil herdado
2006,MG,3138682,LUISLANDIA,50,1104,ESCOLA MARIA PROENCA,308.17,346.63,50_41009_1066,ESCOLA MUNICIPAL TIRADENTES,4.78,coordenada corrigida,perfil herdado
2008,MG,3138682,LUISLANDIA,50,1104,ESCOLA MARIA PROENCA,308.17,346.63,50_41009_1066,ESCOLA MUNICIPAL TIRADENTES,4.78,coordenada corrigida,perfil herdado
2010,MG,3138682,LUISLANDIA,50,1104,ESCOLA MARIA PROENCA,308.17,346.63,50_41009_1066,ESCOLA MUNICIPAL TIRADENTES,4.78,coordenada corrigida,perfil herdado
2012,MG,3138682,LUISLANDIA,50,1104,ESCOLA MARIA PROENCA,308.17,346.63,50_41009_1066,ESCOLA MUNICIPAL TIRADENTES,4.78,coordenada corrigida,perfil herdado
2014,MG,3138682,LUISLANDIA,50,1104,ESCOLA MARIA PROENCA,308.17,346.63,50_41009_1066,ESCOLA MUNICIPAL TIRADENTES,4.78,coordenada corrigida,perfil herdado
2016,MG,3138682,LUISLANDIA,50,1104,ESCOLA MARIA PROENCA,1170.0,1062.16,50_41009_1066,ESCOLA MUNICIPAL TIRADENTES,4.78,coordenada corrigida,perfil herdado
2018,MG,3138682,LUISLANDIA,50,1104,ESCOLA MARIA PROENCA,1170.0,1062.16,50_41009_1066,ESCOLA MUNICIPAL TIRADENTES,4.78,coordenada corrigida,perfil herdado
2020,MG,3138682,LUISLANDIA,50,1104,ESCOLA MARIA PROENCA,1170.0,1062.16,50_41009_1066,ESCOLA MUNICIPAL TIRADENTES,4.78,coordenada corrigida,perfil herdado
2022,MG,3138682,LUISLANDIA,50,1104,ASSOCIAÇÃO COMUNITÁRIA ALMAS CARAIBAS,1001.83,1062.16,50_41009_1066,ESCOLA MUNICIPAL TIRADENTES,4.78,coordenada corrigida,perfil herdado
2024,MG,3138682,LUISLANDIA,50,1104,ASSOCIAÇÃO COMUNITÁRIA ALMAS CARAIBAS,1001.83,1062.16,50_41009_1066,ESCOLA MUNICIPAL TIRADENTES,4.78,coordenada corrigida,perfil herdado
2006,MG,3138682,LUISLANDIA,50,1112,POSTO DE SAUDE COMUNITARIO,534.49,470.0,50_41009_1058,ESCOLA MUNICIPAL JOAO GOMES DE SOUZA,13.8,coordenada corrigida,perfil herdado
2008,MG,3138682,LUISLANDIA,50,1112,POSTO DE SAUDE COMUNITARIO,534.49,534.49,50_41009_1120,ESCOLA MUNICIPAL PADRE FABIANO,8.72,coordenada corrigida,perfil herdado
2010,MG,3138682,LUISLANDIA,50,1112,POSTO DE SAUDE COMUNITARIO,534.49,534.49,50_41009_1120,ESCOLA MUNICIPAL PADRE FABIANO,8.72,coordenada corrigida,perfil herdado
2012,MG,3138682,LUISLANDIA,50,1112,POSTO DE SAUDE COMUNITARIO,534.49,534.49,50_41009_1120,ESCOLA MUNICIPAL PADRE FABIANO,8.72,coordenada corrigida,perfil herdado
2014,MG,3138682,LUISLANDIA,50,1112,POSTO DE SAUDE COMUNITARIO,534.49,534.49,50_41009_1120,ESCOLA MUNICIPAL PADRE FABIANO,8.72,coordenada corrigida,perfil herdado
2016,MG,3138682,LUISLANDIA,50,1112,POSTO DE SAUDE COMUNITARIO,1312.85,1247.73,50_41009_1120,ESCOLA MUNICIPAL PADRE FABIANO,8.72,coordenada corrigida,perfil herdado
2018,MG,3138682,LUISLANDIA,50,1112,POSTO DE SAUDE COMUNITARIO,1312.85,1247.73,50_41009_1120,ESCOLA MUNICIPAL PADRE FABIANO,8.72,coordenada corrigida,perfil herdado
2020,MG,3138682,LUISLANDIA,50,1112,POSTO DE SAUDE COMUNITARIO,1312.85,1312.85,50_41009_1120,COMUNIDADE AGUA NOVA,8.69,coordenada corrigida,perfil herdado
2022,MG,3138682,LUISLANDIA,50,1112,POSTO DE SAUDE COMUNITARIO,1306.01,1306.01,50_41009_1120,COMUNIDADE AGUA NOVA,8.69,coordenada corrigida,perfil herdado
2024,MG,3138682,LUISLANDIA,50,1112,POSTO DE SAUDE COMUNITARIO,1312.85,1312.85,50_41009_1120,COMUNIDADE AGUA NOVA,8.69,coordenada corrigida,perfil herdado
2012,MG,3138682,LUISLANDIA,50,1139,ESCOLA MUNICIPAL JULIA MULATA,375.51,332.69,50_41009_1031,ESCOLA MUNICIPAL SAO JUDAS TADEU,14.47,coordenada corrigida,perfil herdado
2014,MG,3138682,LUISLANDIA,50,1139,ESCOLA MUNICIPAL JULIA MULATA,375.51,332.69,50_41009_1031,ESCOLA MUNICIPAL SAO JUDAS TADEU,14.47,coordenada corrigida,perfil herdado
2016,MG,3138682,LUISLANDIA,50,1139,ESCOLA MUNICIPAL JULIA MULATA,1019.03,1005.5,50_41009_1031,ESCOLA MUNICIPAL SAO JUDAS TADEU,14.47,coordenada corrigida,perfil herdado
2018,MG,3138682,LUISLANDIA,50,1139,ESCOLA MUNICIPAL JULIA MULATA,1019.03,1005.5,50_41009_1031,ESCOLA MUNICIPAL SAO JUDAS TADEU,14.47,coordenada corrigida,perfil herdado
2020,MG,3138682,LUISLANDIA,50,1139,ESCOLA MUNICIPAL JÚLIA MULATA,1019.03,1005.5,50_41009_1031,ESCOLA MUNICIPAL SAO JUDAS TADEU,14.47,coordenada corrigida,perfil herdado
2022,MG,3138682,LUISLANDIA,50,1139,ESCOLA MUNICIPAL JÚLIA MULATA,1019.03,1005.5,50_41009_1031,ESCOLA MUNICIPAL SAO JUDAS TADEU,14.47,coordenada corrigida,perfil herdado
2024,MG,3138682,LUISLANDIA,50,1139,ESCOLA MUNICIPAL JÚLIA MULATA,1019.03,1005.5,50_41009_1031,ESCOLA MUNICIPAL SAO JUDAS TADEU,14.47,coordenada corrigida,perfil herdado
2006,BA,2920908,MASCOTE,133,1015,GRUPO ESCOLAR CAROLINA SEVERIANA RIBEIRO,514.65,712.09,133_37192_1040,PREDIO ESCOLAR RUI BARBOSA,14.21,coordenada corrigida,perfil herdado
2008,BA,2920908,MASCOTE,133,1015,GRUPO ESCOLAR CAROLINA SEVERIANA RIBEIRO,514.65,712.09,133_37192_1040,PREDIO ESCOLAR RUI BARBOSA,14.21,coordenada corrigida,perfil herdado
2010,BA,2920908,MASCOTE,133,1015,GRUPO ESCOLAR CAROLINA SEVERIANA RIBEIRO,514.65,712.09,133_37192_1139,CLUBE POLIVALENTE,14.3,coordenada corrigida,perfil herdado
2012,BA,2920908,MASCOTE,133,1015,GRUPO ESCOLAR CAROLINA SEVERIANA RIBEIRO,514.65,,,,,coordenada corrigida,sem doador (nenhum local intacto no municipio)
2014,BA,2920908,MASCOTE,133,1015,COLEGIO ESTADUAL CAROLINA SEVERIANA RIBEIRO,514.65,,,,,coordenada corrigida,sem doador (nenhum local intacto no municipio)
2016,BA,2920908,MASCOTE,133,1015,COLEGIO ESTADUAL CAROLINA SEVERIANA RIBEIRO,1747.62,,,,,coordenada corrigida,sem doador (nenhum local intacto no municipio)
2018,BA,2920908,MASCOTE,133,1015,COLEGIO ESTADUAL CAROLINA SEVERIANA RIBEIRO,1747.62,,,,,coordenada corrigida,sem doador (nenhum local intacto no municipio)
2020,BA,2920908,MASCOTE,133,1015,COLÉGIO ESTADUAL CAROLINA SEVERIANA RIBEIRO,1747.62,,,,,coordenada corrigida,sem doador (nenhum local intacto no municipio)
2006,BA,2920908,MASCOTE,133,1066,GRUPO ESCOLAR XISTO BARRETO,438.94,712.09,133_37192_1040,PREDIO ESCOLAR RUI BARBOSA,27.18,coordenada corrigida,perfil herdado
2008,BA,2920908,MASCOTE,133,1066,GRUPO ESCOLAR XISTO BARRETO,438.94,712.09,133_37192_1040,PREDIO ESCOLAR RUI BARBOSA,27.18,coordenada corrigida,perfil herdado
2010,BA,2920908,MASCOTE,133,1066,GRUPO ESCOLAR XISTO BARRETO,438.94,712.09,133_37192_1139,CLUBE POLIVALENTE,27.29,coordenada corrigida,perfil herdado
2012,BA,2920908,MASCOTE,133,1066,GRUPO ESCOLAR XISTO BARRETO,438.94,,,,,coordenada corrigida,sem doador (nenhum local intacto no municipio)
2014,BA,2920908,MASCOTE,133,1066,ESCOLA XISTO BARRETO,438.94,,,,,coordenada corrigida,sem doador (nenhum local intacto no municipio)
2016,BA,2920908,MASCOTE,133,1066,ESCOLA XISTO BARRETO,1713.62,,,,,coordenada corrigida,sem doador (nenhum local intacto no municipio)
2018,BA,2920908,MASCOTE,133,1066,ESCOLA XISTO BARRETO,1713.62,,,,,coordenada corrigida,sem doador (nenhum local intacto no municipio)
2020,BA,2920908,MASCOTE,133,1066,ESCOLA XISTO BARRETO,1713.62,,,,,coordenada corrigida,sem doador (nenhum local intacto no municipio)
2022,BA,2920908,MASCOTE,133,1066,ESCOLA MUNICIPAL XISTO BARRETO,1713.62,,,,,coordenada corrigida,sem doador (nenhum local intacto no municipio)
2024,BA,2920908,MASCOTE,133,1066,ESCOLA MUNICIPAL XISTO BARRETO,1713.62,,,,,coordenada corrigida,sem doador (nenhum local intacto no municipio)
2006,BA,2920908,MASCOTE,133,1112,PREDIO ESCOLAR GERSON GARCEZ,493.88,712.09,133_37192_1040,PREDIO ESCOLAR RUI BARBOSA,14.17,coordenada corrigida,perfil herdado
2008,BA,2920908,MASCOTE,133,1112,PREDIO ESCOLAR GERSON GARCEZ,493.88,712.09,133_37192_1040,PREDIO ESCOLAR RUI BARBOSA,14.17,coordenada corrigida,perfil herdado
2010,BA,2920908,MASCOTE,133,1112,PREDIO ESCOLAR GERSON GARCEZ,493.88,712.09,133_37192_1139,CLUBE POLIVALENTE,14.27,coordenada corrigida,perfil herdado
2012,BA,2920908,MASCOTE,133,1112,PREDIO ESCOLAR GERSON GARCEZ,493.88,,,,,coordenada corrigida,sem doador (nenhum local intacto no municipio)
2014,BA,2920908,MASCOTE,133,1112,PREDIO ESCOLAR GERSON GARCEZ,493.88,,,,,coordenada corrigida,sem doador (nenhum local intacto no municipio)
2016,BA,2920908,MASCOTE,133,1112,PREDIO ESCOLAR GERSON GARCEZ,1711.83,,,,,coordenada corrigida,sem doador (nenhum local intacto no municipio)
2018,BA,2920908,MASCOTE,133,1112,PREDIO ESCOLAR GERSON GARCEZ,1711.83,,,,,coordenada corrigida,sem doador (nenhum local intacto no municipio)
2020,BA,2920908,MASCOTE,133,1112,PRÉDIO ESCOLAR GERSON GARCEZ,1711.83,,,,,coordenada corrigida,sem doador (nenhum local intacto no municipio)
2022,BA,2920908,MASCOTE,133,1112,GRUPO ESCOLAR GERSON GARCEZ,1711.83,,,,,coordenada corrigida,sem doador (nenhum local intacto no municipio)
2024,BA,2920908,MASCOTE,133,1112,GRUPO ESCOLAR GERSON GARCEZ,1711.83,,,,,coordenada corrigida,sem doador (nenhum local intacto no municipio)
2006,BA,2920908,MASCOTE,133,1147,COLEGIO SAO JOAO,448.07,712.09,133_37192_1040,PREDIO ESCOLAR RUI BARBOSA,13.43,coordenada corrigida,perfil herdado
2008,BA,2920908,MASCOTE,133,1147,COLEGIO SAO JOAO,448.07,712.09,133_37192_1040,PREDIO ESCOLAR RUI BARBOSA,13.43,coordenada corrigida,perfil herdado
2010,BA,2920908,MASCOTE,133,1147,COLEGIO SAO JOAO,448.07,712.09,133_37192_1139,CLUBE POLIVALENTE,13.53,coordenada corrigida,perfil herdado
2012,BA,2920908,MASCOTE,133,1147,COLEGIO SAO JOAO,448.07,,,,,coordenada corrigida,sem doador (nenhum local intacto no municipio)
2014,BA,2920908,MASCOTE,133,1147,COLEGIO SAO JOAO,448.07,,,,,coordenada corrigida,sem doador (nenhum local intacto no municipio)
2016,BA,2920908,MASCOTE,133,1147,COLEGIO SAO JOAO,1746.05,,,,,coordenada corrigida,sem doador (nenhum local intacto no municipio)
2018,BA,2920908,MASCOTE,133,1147,COLEGIO SAO JOAO,1746.05,,,,,coordenada corrigida,sem doador (nenhum local intacto no municipio)
2020,BA,2920908,MASCOTE,133,1147,COLÉGIO SÃO JOÃO,1746.05,,,,,coordenada corrigida,sem doador (nenhum local intacto no municipio)
2022,BA,2920908,MASCOTE,133,1147,ESCOLA SÃO JOÃO,1843.66,,,,,coordenada corrigida,sem doador (nenhum local intacto no municipio)
2024,BA,2920908,MASCOTE,133,1147,ESCOLA SÃO JOÃO,1746.05,,,,,coordenada corrigida,sem doador (nenhum local intacto no municipio)
2006,BA,2920908,MASCOTE,133,1155,GRUPO ESCOLAR MANOEL ANDRADE,448.07,712.09,133_37192_1040,PREDIO ESCOLAR RUI BARBOSA,14.88,coordenada corrigida,perfil herdado
2008,BA,2920908,MASCOTE,133,1155,GRUPO ESCOLAR MANOEL ANDRADE,448.07,712.09,133_37192_1040,PREDIO ESCOLAR RUI BARBOSA,14.88,coordenada corrigida,perfil herdado
2010,BA,2920908,MASCOTE,133,1155,GRUPO ESCOLAR MANOEL ANDRADE,448.07,712.09,133_37192_1139,CLUBE POLIVALENTE,14.98,coordenada corrigida,perfil herdado
2012,BA,2920908,MASCOTE,133,1155,GRUPO ESCOLAR MANOEL ANDRADE,448.07,,,,,coordenada corrigida,sem doador (nenhum local intacto no municipio)
2014,BA,2920908,MASCOTE,133,1155,GRUPO ESCOLAR MANOEL ANDRADE,448.07,,,,,coordenada corrigida,sem doador (nenhum local intacto no municipio)
2016,BA,2920908,MASCOTE,133,1155,GRUPO ESCOLAR MANOEL ANDRADE,1746.05,,,,,coordenada corrigida,sem doador (nenhum local intacto no municipio)
2018,BA,2920908,MASCOTE,133,1155,GRUPO ESCOLAR MANOEL ANDRADE,1746.05,,,,,coordenada corrigida,sem doador (nenhum local intacto no municipio)
2020,BA,2920908,MASCOTE,133,1155,GRUPO ESCOLAR MANOEL ANDRADE,1746.05,,,,,coordenada corrigida,sem doador (nenhum local intacto no municipio)
2022,BA,2920908,MASCOTE,133,1155,ESCOLA MUNICIPAL MANOEL SANTOS ANDRADE,1743.17,,,,,coordenada corrigida,sem doador (nenhum local intacto no municipio)
2024,BA,2920908,MASCOTE,133,1155,ESCOLA MUNICIPAL MANOEL SANTOS ANDRADE,1746.05,,,,,coordenada corrigida,sem doador (nenhum local intacto no municipio)
2006,BA,2920908,MASCOTE,133,1171,COLEGIO MUNICIPAL FABIO SOUTO,457.33,712.09,133_37192_1040,PREDIO ESCOLAR RUI BARBOSA,14.22,coordenada corrigida,perfil herdado
2008,BA,2920908,MASCOTE,133,1171,COLEGIO MUNICIPAL FABIO SOUTO,457.33,712.09,133_37192_1040,PREDIO ESCOLAR RUI BARBOSA,14.22,coordenada corrigida,perfil herdado
2010,BA,2920908,MASCOTE,133,1171,COLEGIO MUNICIPAL FABIO SOUTO,457.33,712.09,133_37192_1139,CLUBE POLIVALENTE,14.33,coordenada corrigida,perfil herdado
2012,BA,2920908,MASCOTE,133,1171,COLEGIO MUNICIPAL FABIO SOUTO,457.33,,,,,coordenada corrigida,sem doador (nenhum local intacto no municipio)
2014,BA,2920908,MASCOTE,133,1171,COLEGIO MUNICIPAL FABIO SOUTO,457.33,,,,,coordenada corrigida,sem doador (nenhum local intacto no municipio)
2016,BA,2920908,MASCOTE,133,1171,COLEGIO MUNICIPAL FABIO SOUTO,1711.83,,,,,coordenada corrigida,sem doador (nenhum local intacto no municipio)
2018,BA,2920908,MASCOTE,133,1171,COLEGIO MUNICIPAL FABIO SOUTO,1711.83,,,,,coordenada corrigida,sem doador (nenhum local intacto no municipio)
2020,BA,2920908,MASCOTE,133,1171,COLÉGIO MUNICIPAL FÁBIO SOUTO,1711.83,,,,,coordenada corrigida,sem doador (nenhum local intacto no municipio)
2022,BA,2920908,MASCOTE,133,1171,CENTRO EDUCACIONAL CASTRO ALVES,1746.05,,,,,coordenada corrigida,sem doador (nenhum local intacto no municipio)
2024,BA,2920908,MASCOTE,133,1171,CENTRO EDUCACIONAL CASTRO ALVES,1746.05,,,,,coordenada corrigida,sem doador (nenhum local intacto no municipio)
2006,PA,1504802,MONTE ALEGRE,19,1031,CAMARA MUNICIPAL,1018.06,1026.89,19_4952_1023,AGENCIA DA FAZENDA ESTADUAL,0.15,coordenada corrigida,perfil herdado
2008,PA,1504802,MONTE ALEGRE,19,1031,CAMARA MUNICIPAL,1018.06,1026.89,19_4952_1023,AGENCIA DA FAZENDA ESTADUAL,0.15,coordenada corrigida,perfil herdado
2010,PA,1504802,MONTE ALEGRE,19,1031,CAMARA MUNICIPAL,1018.06,1026.89,19_4952_1058,FORUM DE JUSTICA,0.15,coordenada corrigida,perfil herdado
2012,PA,1504802,MONTE ALEGRE,19,1031,CAMARA MUNICIPAL,1018.06,1026.89,19_4952_1058,FORUM DE JUSTICA,0.15,coordenada corrigida,perfil herdado
2014,PA,1504802,MONTE ALEGRE,19,1031,CAMARA MUNICIPAL,1018.06,327.45,19_4952_1066,EMEF IMACULADA CONCEICAO,0.19,coordenada corrigida,perfil herdado
2016,PA,1504802,MONTE ALEGRE,19,1031,CAMARA MUNICIPAL,2605.06,1081.63,19_4952_1066,EMEF IMACULADA CONCEICAO,0.19,coordenada corrigida,perfil herdado
2018,PA,1504802,MONTE ALEGRE,19,1031,CAMARA MUNICIPAL,2605.06,1081.63,19_4952_1066,EMEF IMACULADA CONCEICAO,0.19,coordenada corrigida,perfil herdado
2006,PA,1504802,MONTE ALEGRE,19,1090,SALAO PAROQUIAL,1026.89,327.45,19_4952_1066,EMEF IMACULADA CONCEICAO,0.08,coordenada corrigida,perfil herdado
2008,PA,1504802,MONTE ALEGRE,19,1090,SALAO PAROQUIAL,1026.89,327.45,19_4952_1066,EMEF IMACULADA CONCEICAO,0.08,coordenada corrigida,perfil herdado
2010,PA,1504802,MONTE ALEGRE,19,1090,SALAO PAROQUIAL,1026.89,327.45,19_4952_1066,EMEF IMACULADA CONCEICAO,0.08,coordenada corrigida,perfil herdado
2006,PA,1504802,MONTE ALEGRE,19,1473,EMEF PADRE MANOEL ALBUQUERQUE,348.38,289.24,19_4952_1457,EMEF SENHORA SANTANA,3.97,coordenada corrigida,perfil herdado
2008,PA,1504802,MONTE ALEGRE,19,1473,EMEF PADRE MANOEL ALBUQUERQUE,348.38,289.24,19_4952_1457,EMEF SENHORA SANTANA,3.97,coordenada corrigida,perfil herdado
2010,PA,1504802,MONTE ALEGRE,19,1473,EMEF PADRE MANOEL ALBUQUERQUE,348.38,289.24,19_4952_1457,EMEF SENHORA SANTANA,3.97,coordenada corrigida,perfil herdado
2012,PA,1504802,MONTE ALEGRE,19,1473,EMEF PADRE MANOEL ALBUQUERQUE,348.38,289.24,19_4952_1457,EMEF SENHORA SANTANA,3.97,coordenada corrigida,perfil herdado
2014,PA,1504802,MONTE ALEGRE,19,1473,EMEF PADRE MANOEL ALBUQUERQUE,348.38,289.24,19_4952_1457,EMEF SENHORA SANTANA,3.97,coordenada corrigida,perfil herdado
2016,PA,1504802,MONTE ALEGRE,19,1473,EMEF PADRE MANOEL ALBUQUERQUE,983.88,1067.01,19_4952_1457,EMEF SENHORA SANTANA,3.97,coordenada corrigida,perfil herdado
2018,PA,1504802,MONTE ALEGRE,19,1473,EMEF PADRE MANOEL ALBUQUERQUE,983.88,1067.01,19_4952_1457,EMEF SENHORA SANTANA,3.97,coordenada corrigida,perfil herdado
2020,PA,1504802,MONTE ALEGRE,19,1473,EMEF PADRE MANOEL ALBUQUERQUE,983.88,1067.01,19_4952_1457,EMEF SENHORA SANTANA,3.97,coordenada corrigida,perfil herdado
2022,PA,1504802,MONTE ALEGRE,19,1473,EMEF PADRE MANOEL ALBUQUERQUE,956.43,1067.01,19_4952_1457,EMEF SENHORA SANTANA,3.97,coordenada corrigida,perfil herdado
2024,PA,1504802,MONTE ALEGRE,19,1473,EMEF PADRE MANOEL ALBUQUERQUE,983.88,1067.01,19_4952_1457,EMEF SENHORA SANTANA,3.97,coordenada corrigida,perfil herdado
2006,PA,1504802,MONTE ALEGRE,19,1643,EMEF SETOR 09 KM 24,238.18,383.02,19_4952_1562,EMEF SANTA HELENA,5.12,coordenada corrigida,perfil herdado
2008,PA,1504802,MONTE ALEGRE,19,1643,EMEF SETOR 09 KM 24,238.18,246.47,19_4952_2402,EMEF DE IGARAPE DO FARTURA,3.61,coordenada corrigida,perfil herdado
2006,PA,1504802,MONTE ALEGRE,19,1759,EMEF SETOR 04,238.18,326.36,19_4952_1520,EMEF PADRE EDMUNDO DE LIMA CALVO,0.62,coordenada corrigida,perfil herdado
2008,PA,1504802,MONTE ALEGRE,19,1759,EMEF SETOR 04,238.18,326.36,19_4952_1520,EMEF PADRE EDMUNDO DE LIMA CALVO,0.62,coordenada corrigida,perfil herdado
2006,PA,1504802,MONTE ALEGRE,19,1996,EMEF SETOR 09 A,238.18,326.36,19_4952_1520,EMEF PADRE EDMUNDO DE LIMA CALVO,0.47,coordenada corrigida,perfil herdado
2008,PA,1504802,MONTE ALEGRE,19,1996,EMEF SETOR 09 A,238.18,326.36,19_4952_1520,EMEF PADRE EDMUNDO DE LIMA CALVO,0.47,coordenada corrigida,perfil herdado
2012,PA,1504802,MONTE ALEGRE,19,2470,EMEF DE CIPO,503.74,327.45,19_4952_2488,EMEF DAS PACAS,6.64,coordenada corrigida,perfil herdado
2014,PA,1504802,MONTE ALEGRE,19,2470,EMEF DE CIPO,503.74,327.45,19_4952_2488,EMEF DAS PACAS,6.64,coordenada corrigida,perfil herdado
2016,PA,1504802,MONTE ALEGRE,19,2470,EMEF DE CIPO,1037.59,1076.99,19_4952_2488,EMEF DAS PACAS,6.64,coordenada corrigida,perfil herdado
2018,PA,1504802,MONTE ALEGRE,19,2470,EMEF DE CIPO,1037.59,1076.99,19_4952_2488,EMEF DAS PACAS,6.64,coordenada corrigida,perfil herdado
2020,PA,1504802,MONTE ALEGRE,19,2470,EMEF CABECEIRA DO IGARAPÉ GRANDE,1037.59,1076.99,19_4952_2488,EMEF DAS PACAS,6.64,coordenada corrigida,perfil herdado
2022,PA,1504802,MONTE ALEGRE,19,2470,EMEF CABECEIRA DO IGARAPÉ GRANDE,1037.59,1076.99,19_4952_2488,EMEF DAS PACAS,6.64,coordenada corrigida,perfil herdado
2024,PA,1504802,MONTE ALEGRE,19,2470,EMEF CABECEIRA DO IGARAPÉ GRANDE,1037.59,1076.99,19_4952_2488,EMEF DAS PACAS,6.64,coordenada corrigida,perfil herdado
2006,PA,1505304,ORIXIMINA,38,1040,CAMARA MUNICIPAL DE ORIXIMINA,2655.43,1006.84,38_5053_1090,E.M.E.F.  PROFESSOR ASSUNCAO,0.22,coordenada corrigida,perfil herdado
2008,PA,1505304,ORIXIMINA,38,1040,CAMARA MUNICIPAL DE ORIXIMINA,2655.43,1006.84,38_5053_1090,EMEF  PROFESSOR ASSUNCAO,0.22,coordenada corrigida,perfil herdado
2010,PA,1505304,ORIXIMINA,38,1040,CAMARA MUNICIPAL DE ORIXIMINA,2655.43,1006.84,38_5053_1090,EMEF  PROFESSOR ASSUNCAO,0.22,coordenada corrigida,perfil herdado
2012,PA,1505304,ORIXIMINA,38,1040,CAMARA MUNICIPAL DE ORIXIMINA,2655.43,1006.84,38_5053_1090,EMEF  PROFESSOR ASSUNCAO,0.22,coordenada corrigida,perfil herdado
2014,PA,1505304,ORIXIMINA,38,1040,CAMARA MUNICIPAL DE ORIXIMINA,2655.43,1006.84,38_5053_1090,EMEF  PROFESSOR ASSUNCAO,0.22,coordenada corrigida,perfil herdado
2020,PA,1505304,ORIXIMINA,38,1040,CÂMARA MUNICIPAL DE ORIXIMINÁ,3681.13,2870.73,38_5053_1090,EMEF  PROFESSOR ASSUNCAO,0.22,coordenada corrigida,perfil herdado
2022,PA,1505304,ORIXIMINA,38,1040,CÂMARA MUNICIPAL DE ORIXIMINÁ,1192.75,2619.03,38_5053_1090,EMEF  PROFESSOR ASSUNCAO,0.22,coordenada corrigida,perfil herdado
2024,PA,1505304,ORIXIMINA,38,1040,CÂMARA MUNICIPAL DE ORIXIMINÁ,3681.13,2870.73,38_5053_1090,EMEF  PROFESSOR ASSUNCAO,0.22,coordenada corrigida,perfil herdado
2006,PA,1505304,ORIXIMINA,38,1082,SEC. MUN. DE MEIO AMBIENTE E TURISMO,157.46,1155.95,38_5053_1210,E.E.E.M. PADRE JOSE NICOLINO SOUZA,0.15,coordenada corrigida,perfil herdado
2008,PA,1505304,ORIXIMINA,38,1082,SEC. MUN. DE MEIO AMBIENTE E TURISMO,157.46,1155.95,38_5053_1210,EEEM PADRE JOSE NICOLINO SOUZA,0.15,coordenada corrigida,perfil herdado
2010,PA,1505304,ORIXIMINA,38,1082,SEC. MUN. DE MEIO AMBIENTE E TURISMO,157.46,1155.95,38_5053_1210,EEEM PADRE JOSE NICOLINO SOUZA,0.15,coordenada corrigida,perfil herdado
2012,PA,1505304,ORIXIMINA,38,1082,SEC. MUN. DE MEIO AMBIENTE E TURISMO,157.46,1155.95,38_5053_1210,EEEM PADRE JOSE NICOLINO SOUZA,0.15,coordenada corrigida,perfil herdado
2014,PA,1505304,ORIXIMINA,38,1082,SEC. MUN. DE MEIO AMBIENTE E TURISMO,157.46,1155.95,38_5053_1210,EEEM PADRE JOSE NICOLINO SOUZA,0.15,coordenada corrigida,perfil herdado
2020,PA,1505304,ORIXIMINA,38,1082,SEC. MUN. DE MEIO AMBIENTE E TURISMO,1580.02,2434.24,38_5053_1210,EEEM PADRE JOSE NICOLINO SOUZA,0.15,coordenada corrigida,perfil herdado
2022,PA,1505304,ORIXIMINA,38,1082,SEC. MUN. DE MEIO AMBIENTE E TURISMO,1580.02,2434.24,38_5053_1210,EEEM PADRE JOSE NICOLINO SOUZA,0.15,coordenada corrigida,perfil herdado
2024,PA,1505304,ORIXIMINA,38,1082,SEC. MUN. DE MEIO AMBIENTE E TURISMO,1580.02,2434.24,38_5053_1210,EEEM PADRE JOSE NICOLINO SOUZA,0.15,coordenada corrigida,perfil herdado
2006,PA,1505304,ORIXIMINA,38,1260,E.M.E.F. CORACAO DE JESUS - SANTO ANTONIO - CACHOEIRY,1884.38,303.86,38_5053_1430,E.M.E.F. SAO SEBASTIAO - TAPAGEM,31.07,renda incoerente com os vizinhos rurais (R$ 571),perfil herdado
2008,PA,1505304,ORIXIMINA,38,1260,EMEF CORACAO DE JESUS - SANTO ANTONIO - CACHOEIRY,1884.38,303.86,38_5053_1430,EMEF SAO SEBASTIAO - TAPAGEM,31.07,renda incoerente com os vizinhos rurais (R$ 337),perfil herdado
2010,PA,1505304,ORIXIMINA,38,1260,EMEF CORACAO DE JESUS - SANTO ANTONIO - CACHOEIRY,1884.38,303.86,38_5053_1430,EMEF SAO SEBASTIAO - TAPAGEM,31.07,renda incoerente com os vizinhos rurais (R$ 337),perfil herdado
2012,PA,1505304,ORIXIMINA,38,1260,EMEF CORACAO DE JESUS - SANTO ANTONIO - CACHOEIRY,1884.38,303.86,38_5053_1430,EMEF SAO SEBASTIAO - TAPAGEM,31.07,renda incoerente com os vizinhos rurais (R$ 337),perfil herdado
2014,PA,1505304,ORIXIMINA,38,1260,EMEF CORACAO DE JESUS - SANTO ANTONIO - CACHOEIRY,1884.38,303.86,38_5053_1430,EMEF SAO SEBASTIAO - TAPAGEM,31.07,renda incoerente com os vizinhos rurais (R$ 334),perfil herdado
2006,PA,1505304,ORIXIMINA,38,1376,E.M.E.F. SANTA INES - FLEXAL,2655.43,319.46,38_5053_1708,E.M.E.F. BOM SOCORRO - CACHOEIRY,19.2,renda incoerente com os vizinhos rurais (R$ 319),perfil herdado
2008,PA,1505304,ORIXIMINA,38,1376,EMEF SANTA INES - FLEXAL,2655.43,319.46,38_5053_1708,EMEF BOM SOCORRO - CACHOEIRY,19.2,renda incoerente com os vizinhos rurais (R$ 319),perfil herdado
2010,PA,1505304,ORIXIMINA,38,1376,EMEF SANTA INES - FLEXAL,2655.43,319.46,38_5053_1708,EMEF BOM SOCORRO - CACHOEIRY,19.2,renda incoerente com os vizinhos rurais (R$ 319),perfil herdado
2012,PA,1505304,ORIXIMINA,38,1376,EMEF SANTA INES - FLEXAL,2655.43,319.46,38_5053_1708,EMEF BOM SOCORRO - CACHOEIRY,19.2,renda incoerente com os vizinhos rurais (R$ 319),perfil herdado
2014,PA,1505304,ORIXIMINA,38,1376,EMEF SANTA INES - FLEXAL,2655.43,319.46,38_5053_1708,EMEF BOM SOCORRO - CACHOEIRY,19.2,renda incoerente com os vizinhos rurais (R$ 319),perfil herdado
2016,PA,1505304,ORIXIMINA,38,1376,EMEF SANTA INES - FLEXAL,3329.67,1124.98,38_5053_1899,EMEF NOVO PARAISO LAGO BATATA,4.27,renda incoerente com os vizinhos rurais (R$ 997),perfil herdado
2018,PA,1505304,ORIXIMINA,38,1376,EMEF SANTA INES - FLEXAL,3329.67,1124.98,38_5053_1899,EMEF NOVO PARAISO LAGO BATATA,4.27,renda incoerente com os vizinhos rurais (R$ 997),perfil herdado
2020,PA,1505304,ORIXIMINA,38,1376,EMEF SANTA INÊS - FLEXAL,3329.67,1124.98,38_5053_1899,EMEF NOVO PARAÍSO LAGO BATATA,4.27,renda incoerente com os vizinhos rurais (R$ 997),perfil herdado
2022,PA,1505304,ORIXIMINA,38,1376,EMEF SANTA INÊS - FLEXAL,3329.67,1124.08,38_5053_1899,EMEF NOVO PARAÍSO LAGO BATATA,4.27,renda incoerente com os vizinhos rurais (R$ 1003),perfil herdado
2024,PA,1505304,ORIXIMINA,38,1376,EMEF SANTA INÊS - FLEXAL,3329.67,1124.98,38_5053_1899,EMEF NOVO PARAÍSO LAGO BATATA,4.27,renda incoerente com os vizinhos rurais (R$ 997),perfil herdado
2006,PA,1505304,ORIXIMINA,38,1554,E.M.E.F. SANTO ANTONIO - JAMARI,1884.38,303.86,38_5053_1430,E.M.E.F. SAO SEBASTIAO - TAPAGEM,27.85,renda incoerente com os vizinhos rurais (R$ 571),perfil herdado
2008,PA,1505304,ORIXIMINA,38,1554,EMEF SANTO ANTONIO - JAMARI,1884.38,303.86,38_5053_1430,EMEF SAO SEBASTIAO - TAPAGEM,27.85,renda incoerente com os vizinhos rurais (R$ 337),perfil herdado
2010,PA,1505304,ORIXIMINA,38,1554,EMEF SANTO ANTONIO - JAMARI,1884.38,303.86,38_5053_1430,EMEF SAO SEBASTIAO - TAPAGEM,27.85,renda incoerente com os vizinhos rurais (R$ 337),perfil herdado
2012,PA,1505304,ORIXIMINA,38,1554,EMEF SANTO ANTONIO - JAMARI,1884.38,303.86,38_5053_1430,EMEF SAO SEBASTIAO - TAPAGEM,27.85,renda incoerente com os vizinhos rurais (R$ 337),perfil herdado
2014,PA,1505304,ORIXIMINA,38,1554,EMEF SANTO ANTONIO - JAMARI,1884.38,303.86,38_5053_1430,EMEF SAO SEBASTIAO - TAPAGEM,27.85,renda incoerente com os vizinhos rurais (R$ 334),perfil herdado
2006,PA,1505304,ORIXIMINA,38,1562,E.M.E.F. SANTA MARIA - TAPIXAUA,979.2,351.18,38_5053_1694,E.M.E.F. SANTA TEREZINHA - AXIPICA,6.16,renda incoerente com os vizinhos rurais (R$ 319),perfil herdado
2008,PA,1505304,ORIXIMINA,38,1562,EMEF SANTA MARIA - TAPIXAUA,979.2,351.18,38_5053_1694,EMEF SANTA TEREZINHA - AXIPICA,6.16,renda incoerente com os vizinhos rurais (R$ 319),perfil herdado
2010,PA,1505304,ORIXIMINA,38,1562,EMEF SANTA MARIA - TAPIXAUA,979.2,351.18,38_5053_1694,EMEF SANTA TEREZINHA - AXIPICA,6.16,renda incoerente com os vizinhos rurais (R$ 319),perfil herdado
2012,PA,1505304,ORIXIMINA,38,1562,EMEF SANTA MARIA - TAPIXAUA,979.2,351.18,38_5053_1694,EMEF SANTA TEREZINHA - AXIPICA,6.16,renda incoerente com os vizinhos rurais (R$ 319),perfil herdado
2014,PA,1505304,ORIXIMINA,38,1562,EMEF SANTA MARIA - TAPIXAUA,979.2,351.18,38_5053_1694,EMEF SANTA TEREZINHA - AXIPICA,6.16,renda incoerente com os vizinhos rurais (R$ 319),perfil herdado
2022,PA,1505304,ORIXIMINA,38,1562,EMEF SANTA MARIA - TAPIXAUA,2870.73,926.68,38_5053_1694,EMEF SANTA TEREZINHA - AXIPICA,6.16,renda incoerente com os vizinhos rurais (R$ 954),perfil herdado
2006,PA,1505304,ORIXIMINA,38,1732,E.M.E.F. SAO FRANCISCO DE ASSIS - POCO FUNDO,1817.78,281.08,38_5053_1490,E.M.E.F. SAO FRANCISCO DE CANINDE - JARAUACA,16.34,renda incoerente com os vizinhos rurais (R$ 304),perfil herdado
2008,PA,1505304,ORIXIMINA,38,1732,EMEF SAO FRANCISCO DE ASSIS - POCO FUNDO,1817.78,281.08,38_5053_1490,EMEF SAO FRANCISCO DE CANINDE - JARAUACA,16.34,renda incoerente com os vizinhos rurais (R$ 304),perfil herdado
2010,PA,1505304,ORIXIMINA,38,1732,EMEF SAO FRANCISCO DE ASSIS - POCO FUNDO,1817.78,281.08,38_5053_1490,EMEF SAO FRANCISCO DE CANINDE - JARAUACA,16.34,renda incoerente com os vizinhos rurais (R$ 304),perfil herdado
2012,PA,1505304,ORIXIMINA,38,1732,EMEF SAO FRANCISCO DE ASSIS - POCO FUNDO,1817.78,281.08,38_5053_1490,EMEF SAO FRANCISCO DE CANINDE - JARAUACA,16.34,renda incoerente com os vizinhos rurais (R$ 304),perfil herdado
2014,PA,1505304,ORIXIMINA,38,1732,EMEF SAO FRANCISCO DE ASSIS - POCO FUNDO,1817.78,281.08,38_5053_1490,EMEF SAO FRANCISCO DE CANINDE - JARAUACA,16.34,renda incoerente com os vizinhos rurais (R$ 304),perfil herdado
2006,PA,1505304,ORIXIMINA,38,1759,E.M.E.F. BOM JESUS - VARRE VENTO,1884.38,303.86,38_5053_1481,E.M.E.F. JOAO PAULO II - JAUARY,6.46,renda incoerente com os vizinhos rurais (R$ 304),perfil herdado
2008,PA,1505304,ORIXIMINA,38,1759,EMEF BOM JESUS - VARRE VENTO,1884.38,303.86,38_5053_1481,EMEF JOAO PAULO II - JAUARY,6.46,renda incoerente com os vizinhos rurais (R$ 304),perfil herdado
2010,PA,1505304,ORIXIMINA,38,1759,EMEF BOM JESUS - VARRE VENTO,1884.38,303.86,38_5053_1481,EMEF JOAO PAULO II - JAUARY,6.46,renda incoerente com os vizinhos rurais (R$ 304),perfil herdado
2012,PA,1505304,ORIXIMINA,38,1759,EMEF BOM JESUS - VARRE VENTO,1884.38,303.86,38_5053_1481,EMEF JOAO PAULO II - JAUARY,6.46,renda incoerente com os vizinhos rurais (R$ 304),perfil herdado
2014,PA,1505304,ORIXIMINA,38,1759,EMEF BOM JESUS - VARRE VENTO,1884.38,303.86,38_5053_1481,EMEF JOAO PAULO II - JAUARY,6.46,renda incoerente com os vizinhos rurais (R$ 304),perfil herdado
2006,PA,1505304,ORIXIMINA,38,1775,E.M.E.F. CASINHA FELIZ - FERRUGEM,1071.54,379.15,38_5053_1660,E.M.E.F. 'SAO JOAO BATISTA' - CAIPURU,36.06,renda incoerente com os vizinhos rurais (R$ 319),perfil herdado
2008,PA,1505304,ORIXIMINA,38,1775,EMEF CASINHA FELIZ - FERRUGEM,1071.54,334.7,38_5053_1937,BARRACAO COMUNITARIO DO COPAIBA,29.69,renda incoerente com os vizinhos rurais (R$ 337),perfil herdado
2010,PA,1505304,ORIXIMINA,38,1775,EMEF CASINHA FELIZ - FERRUGEM,1071.54,334.7,38_5053_1937,BARRACAO COMUNITARIO DO COPAIBA,29.69,renda incoerente com os vizinhos rurais (R$ 337),perfil herdado
2012,PA,1505304,ORIXIMINA,38,1775,EMEF CASINHA FELIZ - FERRUGEM,1071.54,334.7,38_5053_1937,BARRACAO COMUNITARIO DO COPAIBA,29.69,renda incoerente com os vizinhos rurais (R$ 337),perfil herdado
2014,PA,1505304,ORIXIMINA,38,1775,EMEF CASINHA FELIZ - FERRUGEM,1071.54,334.7,38_5053_1937,BARRACAO COMUNITARIO DO COPAIBA,29.69,renda incoerente com os vizinhos rurais (R$ 334),perfil herdado
2006,PA,1505304,ORIXIMINA,38,1856,BARRACAO COMUNITARIO DO CHINELO,1071.54,301.4,38_5053_1767,E.M.E.F. MONTE SIAO - CUNURY,0.48,renda incoerente com os vizinhos rurais (R$ 332),perfil herdado
2008,PA,1505304,ORIXIMINA,38,1856,BARRACAO COMUNITARIO DO CHINELO,1071.54,301.4,38_5053_1767,EMEF MONTE SIAO - CUNURY,0.48,renda incoerente com os vizinhos rurais (R$ 332),perfil herdado
2010,PA,1505304,ORIXIMINA,38,1856,BARRACAO COMUNITARIO DO CHINELO,1071.54,301.4,38_5053_1767,EMEF MONTE SIAO - CUNURY,0.48,renda incoerente com os vizinhos rurais (R$ 332),perfil herdado
2012,PA,1505304,ORIXIMINA,38,1856,BARRACAO COMUNITARIO DO CHINELO,1071.54,301.4,38_5053_1767,EMEF MONTE SIAO - CUNURY,0.48,renda incoerente com os vizinhos rurais (R$ 332),perfil herdado
2014,PA,1505304,ORIXIMINA,38,1856,BARRACAO COMUNITARIO DO CHINELO,1071.54,301.4,38_5053_1767,EMEF MONTE SIAO - CUNURY,0.48,renda incoerente com os vizinhos rurais (R$ 332),perfil herdado
2006,PA,1505304,ORIXIMINA,38,1864,E.M.E.F. SANTO ANTONIO - RAMAL DOS TRES,1884.38,319.46,38_5053_1600,E.M.E.F. N.SRA. APARECIDA - BOA VISTA,20.36,renda incoerente com os vizinhos rurais (R$ 319),perfil herdado
2008,PA,1505304,ORIXIMINA,38,1864,EMEF SANTO ANTONIO - RAMAL DOS TRES,1884.38,326.71,38_5053_1872,EMEF FE EM DEUS - BABACU,8.26,renda incoerente com os vizinhos rurais (R$ 327),perfil herdado
2010,PA,1505304,ORIXIMINA,38,1864,EMEF SANTO ANTONIO - RAMAL DOS TRES,1884.38,326.71,38_5053_1872,EMEF FE EM DEUS - BABACU,8.26,renda incoerente com os vizinhos rurais (R$ 327),perfil herdado
2012,PA,1505304,ORIXIMINA,38,1864,EMEF SANTO ANTONIO - RAMAL DOS TRES,1884.38,326.71,38_5053_1872,EMEF FE EM DEUS - BABACU,8.26,renda incoerente com os vizinhos rurais (R$ 327),perfil herdado
2014,PA,1505304,ORIXIMINA,38,1864,EMEF SANTO ANTONIO - RAMAL DOS TRES,1884.38,326.71,38_5053_1872,EMEF FE EM DEUS - BABACU,8.26,renda incoerente com os vizinhos rurais (R$ 327),perfil herdado
2008,PA,1505304,ORIXIMINA,38,1880,EMEF ANTONIO CALDERARO - MURTA,2655.43,326.71,38_5053_1872,EMEF FE EM DEUS - BABACU,10.69,renda incoerente com os vizinhos rurais (R$ 327),perfil herdado
2010,PA,1505304,ORIXIMINA,38,1880,EMEF ANTONIO CALDERARO - MURTA,2655.43,326.71,38_5053_1872,EMEF FE EM DEUS - BABACU,10.69,renda incoerente com os vizinhos rurais (R$ 327),perfil herdado
2012,PA,1505304,ORIXIMINA,38,1880,EMEF ANTONIO CALDERARO - MURTA,2655.43,326.71,38_5053_1872,EMEF FE EM DEUS - BABACU,10.69,renda incoerente com os vizinhos rurais (R$ 327),perfil herdado
2014,PA,1505304,ORIXIMINA,38,1880,EMEF ANTONIO CALDERARO - MURTA,2655.43,326.71,38_5053_1872,EMEF FE EM DEUS - BABACU,10.69,renda incoerente com os vizinhos rurais (R$ 327),perfil herdado
2008,PA,1505304,ORIXIMINA,38,1899,EMEF NOVO PARAISO LAGO BATATA,1884.38,319.46,38_5053_1708,EMEF BOM SOCORRO - CACHOEIRY,20.26,renda incoerente com os vizinhos rurais (R$ 319),perfil herdado
2010,PA,1505304,ORIXIMINA,38,1899,EMEF NOVO PARAISO LAGO BATATA,1884.38,319.46,38_5053_1708,EMEF BOM SOCORRO - CACHOEIRY,20.26,renda incoerente com os vizinhos rurais (R$ 319),perfil herdado
2012,PA,1505304,ORIXIMINA,38,1899,EMEF NOVO PARAISO LAGO BATATA,1884.38,319.46,38_5053_1708,EMEF BOM SOCORRO - CACHOEIRY,20.26,renda incoerente com os vizinhos rurais (R$ 319),perfil herdado
2014,PA,1505304,ORIXIMINA,38,1899,EMEF NOVO PARAISO LAGO BATATA,1884.38,319.46,38_5053_1708,EMEF BOM SOCORRO - CACHOEIRY,20.26,renda incoerente com os vizinhos rurais (R$ 319),perfil herdado
2008,PA,1505304,ORIXIMINA,38,1961,BARRACAO COMUNITARIO DA CONCEICAO,2655.43,332.44,38_5053_1511,BARRACAO COMUNITARIO DO AIMIM,5.53,renda incoerente com os vizinhos rurais (R$ 332),perfil herdado
2010,PA,1505304,ORIXIMINA,38,1961,BARRACAO COMUNITARIO DA CONCEICAO,2655.43,332.44,38_5053_1511,BARRACAO COMUNITARIO DO AIMIM,5.53,renda incoerente com os vizinhos rurais (R$ 332),perfil herdado
2012,PA,1505304,ORIXIMINA,38,1961,BARRACAO COMUNITARIO DA CONCEICAO,2655.43,332.44,38_5053_1511,BARRACAO COMUNITARIO DO AIMIM,5.53,renda incoerente com os vizinhos rurais (R$ 332),perfil herdado
2014,PA,1505304,ORIXIMINA,38,1961,BARRACAO COMUNITARIO DA CONCEICAO,2655.43,332.44,38_5053_1511,BARRACAO COMUNITARIO DO AIMIM,5.53,renda incoerente com os vizinhos rurais (R$ 332),perfil herdado
2008,PA,1505304,ORIXIMINA,38,1988,EMEF NOSSA SENHORA DE FATIMA,2112.77,319.46,38_5053_1708,EMEF BOM SOCORRO - CACHOEIRY,11.99,renda incoerente com os vizinhos rurais (R$ 319),perfil herdado
2010,PA,1505304,ORIXIMINA,38,1988,EMEF NOSSA SENHORA DE FATIMA,2112.77,319.46,38_5053_1708,EMEF BOM SOCORRO - CACHOEIRY,11.99,renda incoerente com os vizinhos rurais (R$ 319),perfil herdado
2012,PA,1505304,ORIXIMINA,38,1988,EMEF NOSSA SENHORA DE FATIMA,2112.77,319.46,38_5053_1708,EMEF BOM SOCORRO - CACHOEIRY,11.99,renda incoerente com os vizinhos rurais (R$ 319),perfil herdado
2014,PA,1505304,ORIXIMINA,38,1988,EMEF NOSSA SENHORA DE FATIMA,2112.77,319.46,38_5053_1708,EMEF BOM SOCORRO - CACHOEIRY,11.99,renda incoerente com os vizinhos rurais (R$ 319),perfil herdado
2008,PA,1505304,ORIXIMINA,38,2003,BARRACAO COMUNITARIO DE SAO MARCOS,2655.43,301.4,38_5053_1821,BARRACAO COM. N. S. APARECIDA - MATAPI,8.7,renda incoerente com os vizinhos rurais (R$ 301),perfil herdado
2010,PA,1505304,ORIXIMINA,38,2003,BARRACAO COMUNITARIO DE SAO MARCOS,2655.43,301.4,38_5053_1821,BARRACAO COM. N. S. APARECIDA - MATAPI,8.7,renda incoerente com os vizinhos rurais (R$ 301),perfil herdado
2012,PA,1505304,ORIXIMINA,38,2003,BARRACAO COMUNITARIO DE SAO MARCOS,2655.43,301.4,38_5053_1821,BARRACAO COM. N. S. APARECIDA - MATAPI,8.7,renda incoerente com os vizinhos rurais (R$ 301),perfil herdado
2014,PA,1505304,ORIXIMINA,38,2003,BARRACAO COMUNITARIO DE SAO MARCOS,2655.43,301.4,38_5053_1821,BARRACAO COM. N. S. APARECIDA - MATAPI,8.7,renda incoerente com os vizinhos rurais (R$ 301),perfil herdado
2006,RN,2409803,PEDRO VELHO,61,1015,ESCOLA MUNICIPAL GRIMALDI RIBEIRO,757.51,613.89,61_17957_1058,CRECHE MUNICIPAL JOAO CELSO PEIXOTO,3.83,coordenada corrigida,perfil herdado
2008,RN,2409803,PEDRO VELHO,61,1015,ESCOLA MUNICIPAL GRIMALDI RIBEIRO,757.51,613.89,61_17957_1058,CRECHE MUNICIPAL JOAO CELSO PEIXOTO,3.83,coordenada corrigida,perfil herdado
2010,RN,2409803,PEDRO VELHO,61,1015,ESCOLA MUNICIPAL GRIMALDI RIBEIRO,757.51,613.89,61_17957_1058,CRECHE MUNICIPAL JOAO CELSO PEIXOTO,3.83,coordenada corrigida,perfil herdado
2012,RN,2409803,PEDRO VELHO,61,1015,ESCOLA MUNICIPAL GRIMALDI RIBEIRO,757.51,613.89,61_17957_1058,CRECHE MUNICIPAL JOAO CELSO PEIXOTO,3.83,coordenada corrigida,perfil herdado
2014,RN,2409803,PEDRO VELHO,61,1015,ESCOLA MUNICIPAL GRIMALDI RIBEIRO,757.51,,,,,coordenada corrigida,sem doador (nenhum local intacto no municipio)
2016,RN,2409803,PEDRO VELHO,61,1015,ESCOLA MUNICIPAL GRIMALDI RIBEIRO,1730.29,,,,,coordenada corrigida,sem doador (nenhum local intacto no municipio)
2018,RN,2409803,PEDRO VELHO,11,1015,ESCOLA MUNICIPAL GRIMALDI RIBEIRO,1730.29,,,,,coordenada corrigida,sem doador (nenhum local intacto no municipio)
2020,RN,2409803,PEDRO VELHO,11,1015,ESCOLA MUNICIPAL GRIMALDI RIBEIRO,1730.29,,,,,coordenada corrigida,sem doador (nenhum local intacto no municipio)
2022,RN,2409803,PEDRO VELHO,11,1015,ESCOLA MUNICIPAL GRIMALDI RIBEIRO,1760.57,,,,,coordenada corrigida,sem doador (nenhum local intacto no municipio)
2024,RN,2409803,PEDRO VELHO,11,1015,ESCOLA MUNICIPAL GRIMALDI RIBEIRO,1730.29,,,,,coordenada corrigida,sem doador (nenhum local intacto no municipio)
2018,RN,2409803,PEDRO VELHO,11,1058,ESCOLA ESTADUAL DE PRIMEIRO GRAU DR. PEDRO VELHO,1730.29,,,,,coordenada corrigida,sem doador (nenhum local intacto no municipio)
2020,RN,2409803,PEDRO VELHO,11,1058,ESCOLA ESTADUAL DE PRIMEIRO GRAU DR. PEDRO VELHO,1730.29,,,,,coordenada corrigida,sem doador (nenhum local intacto no municipio)
2022,RN,2409803,PEDRO VELHO,11,1058,ESCOLA ESTADUAL DE PRIMEIRO GRAU DR. PEDRO VELHO,1730.29,,,,,coordenada corrigida,sem doador (nenhum local intacto no municipio)
2024,RN,2409803,PEDRO VELHO,11,1058,ESCOLA ESTADUAL DE PRIMEIRO GRAU DR. PEDRO VELHO,1730.29,,,,,coordenada corrigida,sem doador (nenhum local intacto no municipio)
2006,RN,2409803,PEDRO VELHO,61,1066,ESCOLA ESTADUAL DE PRIMEIRO GRAU DR. PEDRO VELHO,757.51,613.89,61_17957_1058,CRECHE MUNICIPAL JOAO CELSO PEIXOTO,4.01,coordenada corrigida,perfil herdado
2008,RN,2409803,PEDRO VELHO,61,1066,ESCOLA ESTADUAL DE PRIMEIRO GRAU DR. PEDRO VELHO,757.51,613.89,61_17957_1058,CRECHE MUNICIPAL JOAO CELSO PEIXOTO,4.01,coordenada corrigida,perfil herdado
2010,RN,2409803,PEDRO VELHO,61,1066,ESCOLA ESTADUAL DE PRIMEIRO GRAU DR. PEDRO VELHO,757.51,613.89,61_17957_1058,CRECHE MUNICIPAL JOAO CELSO PEIXOTO,4.01,coordenada corrigida,perfil herdado
2012,RN,2409803,PEDRO VELHO,61,1066,ESCOLA ESTADUAL DE PRIMEIRO GRAU DR. PEDRO VELHO,757.51,613.89,61_17957_1058,CRECHE MUNICIPAL JOAO CELSO PEIXOTO,4.01,coordenada corrigida,perfil herdado
2014,RN,2409803,PEDRO VELHO,61,1066,ESCOLA ESTADUAL DE PRIMEIRO GRAU DR. PEDRO VELHO,757.51,,,,,coordenada corrigida,sem doador (nenhum local intacto no municipio)
2016,RN,2409803,PEDRO VELHO,61,1066,ESCOLA ESTADUAL DE PRIMEIRO GRAU DR. PEDRO VELHO,1730.29,,,,,coordenada corrigida,sem doador (nenhum local intacto no municipio)
2018,RN,2409803,PEDRO VELHO,11,1066,ESCOLA ESTADUAL FABRICIO MARANHAO,1759.86,,,,,coordenada corrigida,sem doador (nenhum local intacto no municipio)
2020,RN,2409803,PEDRO VELHO,11,1066,ESCOLA ESTADUAL FABRICIO MARANHAO,1759.86,,,,,coordenada corrigida,sem doador (nenhum local intacto no municipio)
2022,RN,2409803,PEDRO VELHO,11,1066,ESCOLA ESTADUAL FABRICIO MARANHAO,1759.86,,,,,coordenada corrigida,sem doador (nenhum local intacto no municipio)
2024,RN,2409803,PEDRO VELHO,11,1066,ESCOLA ESTADUAL FABRICIO MARANHAO,1759.86,,,,,coordenada corrigida,sem doador (nenhum local intacto no municipio)
2006,RN,2409803,PEDRO VELHO,61,1074,ESCOLA ESTADUAL FABRICIO MARANHAO,789.33,613.89,61_17957_1058,CRECHE MUNICIPAL JOAO CELSO PEIXOTO,3.82,coordenada corrigida,perfil herdado
2008,RN,2409803,PEDRO VELHO,61,1074,ESCOLA ESTADUAL FABRICIO MARANHAO,789.33,613.89,61_17957_1058,CRECHE MUNICIPAL JOAO CELSO PEIXOTO,3.82,coordenada corrigida,perfil herdado
2010,RN,2409803,PEDRO VELHO,61,1074,ESCOLA ESTADUAL FABRICIO MARANHAO,789.33,613.89,61_17957_1058,CRECHE MUNICIPAL JOAO CELSO PEIXOTO,3.82,coordenada corrigida,perfil herdado
2012,RN,2409803,PEDRO VELHO,61,1074,ESCOLA ESTADUAL FABRICIO MARANHAO,789.33,613.89,61_17957_1058,CRECHE MUNICIPAL JOAO CELSO PEIXOTO,3.82,coordenada corrigida,perfil herdado
2014,RN,2409803,PEDRO VELHO,61,1074,ESCOLA ESTADUAL FABRICIO MARANHAO,789.33,,,,,coordenada corrigida,sem doador (nenhum local intacto no municipio)
2016,RN,2409803,PEDRO VELHO,61,1074,ESCOLA ESTADUAL FABRICIO MARANHAO,1759.86,,,,,coordenada corrigida,sem doador (nenhum local intacto no municipio)
2018,RN,2409803,PEDRO VELHO,11,1074,ESCOLA MUNICIPAL DR. JOSE TARGINO,1730.29,,,,,coordenada corrigida,sem doador (nenhum local intacto no municipio)
2020,RN,2409803,PEDRO VELHO,11,1074,ESCOLA MUNICIPAL DR. JOSE TARGINO,1730.29,,,,,coordenada corrigida,sem doador (nenhum local intacto no municipio)
2022,RN,2409803,PEDRO VELHO,11,1074,ESCOLA MUNICIPAL DR. JOSE TARGINO,1611.02,,,,,coordenada corrigida,sem doador (nenhum local intacto no municipio)
2024,RN,2409803,PEDRO VELHO,11,1074,ESCOLA MUNICIPAL DR. JOSE TARGINO,1730.29,,,,,coordenada corrigida,sem doador (nenhum local intacto no municipio)
2006,RN,2409803,PEDRO VELHO,61,1082,ESCOLA MUNICIPAL DR. JOSE TARGINO,757.51,613.89,61_17957_1058,CRECHE MUNICIPAL JOAO CELSO PEIXOTO,4.3,coordenada corrigida,perfil herdado
2008,RN,2409803,PEDRO VELHO,61,1082,ESCOLA MUNICIPAL DR. JOSE TARGINO,757.51,613.89,61_17957_1058,CRECHE MUNICIPAL JOAO CELSO PEIXOTO,4.3,coordenada corrigida,perfil herdado
2010,RN,2409803,PEDRO VELHO,61,1082,ESCOLA MUNICIPAL DR. JOSE TARGINO,757.51,613.89,61_17957_1058,CRECHE MUNICIPAL JOAO CELSO PEIXOTO,4.3,coordenada corrigida,perfil herdado
2012,RN,2409803,PEDRO VELHO,61,1082,ESCOLA MUNICIPAL DR. JOSE TARGINO,757.51,613.89,61_17957_1058,CRECHE MUNICIPAL JOAO CELSO PEIXOTO,4.3,coordenada corrigida,perfil herdado
2014,RN,2409803,PEDRO VELHO,61,1082,ESCOLA MUNICIPAL DR. JOSE TARGINO,757.51,,,,,coordenada corrigida,sem doador (nenhum local intacto no municipio)
2016,RN,2409803,PEDRO VELHO,61,1082,ESCOLA MUNICIPAL DR. JOSE TARGINO,1730.29,,,,,coordenada corrigida,sem doador (nenhum local intacto no municipio)
2018,RN,2409803,PEDRO VELHO,11,1082,GRUPO ESCOLAR PADRE LEONCIO,1817.73,,,,,coordenada corrigida,sem doador (nenhum local intacto no municipio)
2020,RN,2409803,PEDRO VELHO,11,1082,GRUPO ESCOLAR PADRE LEONCIO,1817.73,,,,,coordenada corrigida,sem doador (nenhum local intacto no municipio)
2022,RN,2409803,PEDRO VELHO,11,1082,GRUPO ESCOLAR PADRE LEONCIO,1817.73,,,,,coordenada corrigida,sem doador (nenhum local intacto no municipio)
2024,RN,2409803,PEDRO VELHO,11,1082,GRUPO ESCOLAR PADRE LEONCIO,1817.73,,,,,coordenada corrigida,sem doador (nenhum local intacto no municipio)
2006,RN,2409803,PEDRO VELHO,61,1090,GRUPO ESCOLAR PADRE LEONCIO,613.89,613.89,61_17957_1058,CRECHE MUNICIPAL JOAO CELSO PEIXOTO,5.86,coordenada corrigida,perfil herdado
2008,RN,2409803,PEDRO VELHO,61,1090,GRUPO ESCOLAR PADRE LEONCIO,613.89,613.89,61_17957_1058,CRECHE MUNICIPAL JOAO CELSO PEIXOTO,5.86,coordenada corrigida,perfil herdado
2010,RN,2409803,PEDRO VELHO,61,1090,GRUPO ESCOLAR PADRE LEONCIO,613.89,613.89,61_17957_1058,CRECHE MUNICIPAL JOAO CELSO PEIXOTO,5.86,coordenada corrigida,perfil herdado
2012,RN,2409803,PEDRO VELHO,61,1090,GRUPO ESCOLAR PADRE LEONCIO,613.89,613.89,61_17957_1058,CRECHE MUNICIPAL JOAO CELSO PEIXOTO,5.86,coordenada corrigida,perfil herdado
2014,RN,2409803,PEDRO VELHO,61,1090,GRUPO ESCOLAR PADRE LEONCIO,613.89,,,,,coordenada corrigida,sem doador (nenhum local intacto no municipio)
2016,RN,2409803,PEDRO VELHO,61,1090,GRUPO ESCOLAR PADRE LEONCIO,1817.73,,,,,coordenada corrigida,sem doador (nenhum local intacto no municipio)
2018,RN,2409803,PEDRO VELHO,11,1090,GRUPO ESCOLAR PROFESSOR JOAQUIM SOARES,1817.73,,,,,coordenada corrigida,sem doador (nenhum local intacto no municipio)
2020,RN,2409803,PEDRO VELHO,11,1090,GRUPO ESCOLAR PROFESSOR JOAQUIM SOARES,1817.73,,,,,coordenada corrigida,sem doador (nenhum local intacto no municipio)
2022,RN,2409803,PEDRO VELHO,11,1090,GRUPO ESCOLAR PROFESSOR JOAQUIM SOARES,1881.66,,,,,coordenada corrigida,sem doador (nenhum local intacto no municipio)
2006,RN,2409803,PEDRO VELHO,61,1104,GRUPO ESCOLAR PROFESSOR JOAQUIM SOARES,613.89,613.89,61_17957_1058,CRECHE MUNICIPAL JOAO CELSO PEIXOTO,5.65,coordenada corrigida,perfil herdado
2008,RN,2409803,PEDRO VELHO,61,1104,GRUPO ESCOLAR PROFESSOR JOAQUIM SOARES,613.89,613.89,61_17957_1058,CRECHE MUNICIPAL JOAO CELSO PEIXOTO,5.65,coordenada corrigida,perfil herdado
2010,RN,2409803,PEDRO VELHO,61,1104,GRUPO ESCOLAR PROFESSOR JOAQUIM SOARES,613.89,613.89,61_17957_1058,CRECHE MUNICIPAL JOAO CELSO PEIXOTO,5.65,coordenada corrigida,perfil herdado
2012,RN,2409803,PEDRO VELHO,61,1104,GRUPO ESCOLAR PROFESSOR JOAQUIM SOARES,613.89,613.89,61_17957_1058,CRECHE MUNICIPAL JOAO CELSO PEIXOTO,5.65,coordenada corrigida,perfil herdado
2014,RN,2409803,PEDRO VELHO,61,1104,GRUPO ESCOLAR PROFESSOR JOAQUIM SOARES,613.89,,,,,coordenada corrigida,sem doador (nenhum local intacto no municipio)
2016,RN,2409803,PEDRO VELHO,61,1104,GRUPO ESCOLAR PROFESSOR JOAQUIM SOARES,1817.73,,,,,coordenada corrigida,sem doador (nenhum local intacto no municipio)
2018,RN,2409803,PEDRO VELHO,11,1104,GRUPO ESCOLAR PRESIDENTE CASTELO BRANCO,1799.01,,,,,coordenada corrigida,sem doador (nenhum local intacto no municipio)
2020,RN,2409803,PEDRO VELHO,11,1104,GRUPO ESCOLAR PRESIDENTE CASTELO BRANCO,1799.01,,,,,coordenada corrigida,sem doador (nenhum local intacto no municipio)
2022,RN,2409803,PEDRO VELHO,11,1104,GRUPO ESCOLAR PRESIDENTE CASTELO BRANCO,1799.01,,,,,coordenada corrigida,sem doador (nenhum local intacto no municipio)
2024,RN,2409803,PEDRO VELHO,11,1104,GRUPO ESCOLAR PRESIDENTE CASTELO BRANCO,1799.01,,,,,coordenada corrigida,sem doador (nenhum local intacto no municipio)
2006,RN,2409803,PEDRO VELHO,61,1112,GRUPO ESCOLAR PRESIDENTE CASTELO BRANCO,417.22,613.89,61_17957_1058,CRECHE MUNICIPAL JOAO CELSO PEIXOTO,10.64,coordenada corrigida,perfil herdado
2008,RN,2409803,PEDRO VELHO,61,1112,GRUPO ESCOLAR PRESIDENTE CASTELO BRANCO,417.22,613.89,61_17957_1058,CRECHE MUNICIPAL JOAO CELSO PEIXOTO,10.64,coordenada corrigida,perfil herdado
2010,RN,2409803,PEDRO VELHO,61,1112,GRUPO ESCOLAR PRESIDENTE CASTELO BRANCO,417.22,613.89,61_17957_1058,CRECHE MUNICIPAL JOAO CELSO PEIXOTO,10.64,coordenada corrigida,perfil herdado
2012,RN,2409803,PEDRO VELHO,61,1112,GRUPO ESCOLAR PRESIDENTE CASTELO BRANCO,417.22,613.89,61_17957_1058,CRECHE MUNICIPAL JOAO CELSO PEIXOTO,10.64,coordenada corrigida,perfil herdado
2014,RN,2409803,PEDRO VELHO,61,1112,GRUPO ESCOLAR PRESIDENTE CASTELO BRANCO,417.22,,,,,coordenada corrigida,sem doador (nenhum local intacto no municipio)
2016,RN,2409803,PEDRO VELHO,61,1112,GRUPO ESCOLAR PRESIDENTE CASTELO BRANCO,1799.01,,,,,coordenada corrigida,sem doador (nenhum local intacto no municipio)
2018,RN,2409803,PEDRO VELHO,11,1171,CENTRO DE CONVIVENCIA DE IDOSOS,1864.38,,,,,coordenada corrigida,sem doador (nenhum local intacto no municipio)
2020,RN,2409803,PEDRO VELHO,11,1171,CENTRO DE CONVIVENCIA DE IDOSOS,1864.38,,,,,coordenada corrigida,sem doador (nenhum local intacto no municipio)
2022,RN,2409803,PEDRO VELHO,11,1171,CENTRO DE CONVIVENCIA DE IDOSOS,1865.2,,,,,coordenada corrigida,sem doador (nenhum local intacto no municipio)
2018,RN,2409803,PEDRO VELHO,11,1198,CRECHE JOANA DE CARVALHO DANTAS,1864.38,,,,,coordenada corrigida,sem doador (nenhum local intacto no municipio)
2020,RN,2409803,PEDRO VELHO,11,1198,CRECHE JOANA DE CARVALHO DANTAS,1864.38,,,,,coordenada corrigida,sem doador (nenhum local intacto no municipio)
2022,RN,2409803,PEDRO VELHO,11,1198,CRECHE JOANA DE CARVALHO DANTAS,1864.38,,,,,coordenada corrigida,sem doador (nenhum local intacto no municipio)
2006,RN,2409803,PEDRO VELHO,61,1201,CENTRO DE CONVIVENCIA DE IDOSOS,741.03,613.89,61_17957_1058,CRECHE MUNICIPAL JOAO CELSO PEIXOTO,4.27,coordenada corrigida,perfil herdado
2008,RN,2409803,PEDRO VELHO,61,1201,CENTRO DE CONVIVENCIA DE IDOSOS,741.03,613.89,61_17957_1058,CRECHE MUNICIPAL JOAO CELSO PEIXOTO,4.27,coordenada corrigida,perfil herdado
2010,RN,2409803,PEDRO VELHO,61,1201,CENTRO DE CONVIVENCIA DE IDOSOS,741.03,613.89,61_17957_1058,CRECHE MUNICIPAL JOAO CELSO PEIXOTO,4.27,coordenada corrigida,perfil herdado
2012,RN,2409803,PEDRO VELHO,61,1201,CENTRO DE CONVIVENCIA DE IDOSOS,741.03,613.89,61_17957_1058,CRECHE MUNICIPAL JOAO CELSO PEIXOTO,4.27,coordenada corrigida,perfil herdado
2014,RN,2409803,PEDRO VELHO,61,1201,CENTRO DE CONVIVENCIA DE IDOSOS,741.03,,,,,coordenada corrigida,sem doador (nenhum local intacto no municipio)
2016,RN,2409803,PEDRO VELHO,61,1201,CENTRO DE CONVIVENCIA DE IDOSOS,1864.38,,,,,coordenada corrigida,sem doador (nenhum local intacto no municipio)
2006,RN,2409803,PEDRO VELHO,61,1236,CRECHE JOANA DE CARVALHO DANTAS,741.03,613.89,61_17957_1058,CRECHE MUNICIPAL JOAO CELSO PEIXOTO,4.19,coordenada corrigida,perfil herdado
2008,RN,2409803,PEDRO VELHO,61,1236,CRECHE JOANA DE CARVALHO DANTAS,741.03,613.89,61_17957_1058,CRECHE MUNICIPAL JOAO CELSO PEIXOTO,4.19,coordenada corrigida,perfil herdado
2010,RN,2409803,PEDRO VELHO,61,1236,CRECHE JOANA DE CARVALHO DANTAS,741.03,613.89,61_17957_1058,CRECHE MUNICIPAL JOAO CELSO PEIXOTO,4.19,coordenada corrigida,perfil herdado
2012,RN,2409803,PEDRO VELHO,61,1236,CRECHE JOANA DE CARVALHO DANTAS,741.03,613.89,61_17957_1058,CRECHE MUNICIPAL JOAO CELSO PEIXOTO,4.19,coordenada corrigida,perfil herdado
2014,RN,2409803,PEDRO VELHO,61,1236,CRECHE JOANA DE CARVALHO DANTAS,741.03,,,,,coordenada corrigida,sem doador (nenhum local intacto no municipio)
2016,RN,2409803,PEDRO VELHO,61,1236,CRECHE JOANA DE CARVALHO DANTAS,1864.38,,,,,coordenada corrigida,sem doador (nenhum local intacto no municipio)
2006,BA,2924702,PIRIPA,60,1015,GRUPO ESCOLAR LUIZ LAGO CABRAL,549.04,,,,,coordenada corrigida,sem doador (nenhum local intacto no municipio)
2008,BA,2924702,PIRIPA,60,1015,GRUPO ESCOLAR LUIZ LAGO CABRAL,549.04,,,,,coordenada corrigida,sem doador (nenhum local intacto no municipio)
2010,BA,2924702,PIRIPA,60,1015,GRUPO ESCOLAR LUIZ LAGO CABRAL,549.04,,,,,coordenada corrigida,sem doador (nenhum local intacto no municipio)
2012,BA,2924702,PIRIPA,60,1015,GRUPO ESCOLAR LUIZ LAGO CABRAL,549.04,,,,,coordenada corrigida,sem doador (nenhum local intacto no municipio)
2014,BA,2924702,PIRIPA,60,1015,GRUPO ESCOLAR LUIZ LAGO CABRAL,549.04,,,,,coordenada corrigida,sem doador (nenhum local intacto no municipio)
2016,BA,2924702,PIRIPA,177,1015,GRUPO ESCOLAR LUIZ LAGO CABRAL,1590.73,,,,,coordenada corrigida,sem doador (nenhum local intacto no municipio)
2018,BA,2924702,PIRIPA,177,1015,GRUPO ESCOLAR LUIZ LAGO CABRAL,1590.73,,,,,coordenada corrigida,sem doador (nenhum local intacto no municipio)
2020,BA,2924702,PIRIPA,177,1015,GRUPO ESCOLAR LUIZ LAGO CABRAL,1590.73,,,,,coordenada corrigida,sem doador (nenhum local intacto no municipio)
2022,BA,2924702,PIRIPA,177,1015,GRUPO ESCOLAR LUIZ LAGO CABRAL,1590.73,,,,,coordenada corrigida,sem doador (nenhum local intacto no municipio)
2024,BA,2924702,PIRIPA,177,1015,GRUPO ESCOLAR LUIZ LAGO CABRAL,1590.73,,,,,coordenada corrigida,sem doador (nenhum local intacto no municipio)
2006,BA,2924702,PIRIPA,60,1023,COLEGIO ESTADUAL DE PIRIPA,549.04,,,,,coordenada corrigida,sem doador (nenhum local intacto no municipio)
2008,BA,2924702,PIRIPA,60,1023,COLEGIO ESTADUAL DE PIRIPA,549.04,,,,,coordenada corrigida,sem doador (nenhum local intacto no municipio)
2010,BA,2924702,PIRIPA,60,1023,COLEGIO ESTADUAL DE PIRIPA,549.04,,,,,coordenada corrigida,sem doador (nenhum local intacto no municipio)
2012,BA,2924702,PIRIPA,60,1023,COLEGIO ESTADUAL DE PIRIPA,549.04,,,,,coordenada corrigida,sem doador (nenhum local intacto no municipio)
2014,BA,2924702,PIRIPA,60,1023,COLEGIO ESTADUAL DE PIRIPA,549.04,,,,,coordenada corrigida,sem doador (nenhum local intacto no municipio)
2016,BA,2924702,PIRIPA,177,1023,COLEGIO ESTADUAL DE PIRIPA,1590.73,,,,,coordenada corrigida,sem doador (nenhum local intacto no municipio)
2018,BA,2924702,PIRIPA,177,1023,COLEGIO ESTADUAL DE PIRIPA,1590.73,,,,,coordenada corrigida,sem doador (nenhum local intacto no municipio)
2020,BA,2924702,PIRIPA,177,1023,COLÉGIO ESTADUAL DE PIRIPÁ,1590.73,,,,,coordenada corrigida,sem doador (nenhum local intacto no municipio)
2022,BA,2924702,PIRIPA,177,1023,COLÉGIO ESTADUAL DE PIRIPÁ,1520.53,,,,,coordenada corrigida,sem doador (nenhum local intacto no municipio)
2024,BA,2924702,PIRIPA,177,1023,COLÉGIO ESTADUAL DE PIRIPÁ,1590.73,,,,,coordenada corrigida,sem doador (nenhum local intacto no municipio)
2006,BA,2924702,PIRIPA,60,1031,GRUPO ESCOLAR PROF. SOLON GUEMES,549.04,,,,,coordenada corrigida,sem doador (nenhum local intacto no municipio)
2008,BA,2924702,PIRIPA,60,1031,GRUPO ESCOLAR PROF. SOLON GUEMES,549.04,,,,,coordenada corrigida,sem doador (nenhum local intacto no municipio)
2010,BA,2924702,PIRIPA,60,1031,GRUPO ESCOLAR PROF. SOLON GUEMES,549.04,,,,,coordenada corrigida,sem doador (nenhum local intacto no municipio)
2012,BA,2924702,PIRIPA,60,1031,GRUPO ESCOLAR PROF. SOLON GUEMES,549.04,,,,,coordenada corrigida,sem doador (nenhum local intacto no municipio)
2014,BA,2924702,PIRIPA,60,1031,GRUPO ESCOLAR PROF. SOLON GUEMES,549.04,,,,,coordenada corrigida,sem doador (nenhum local intacto no municipio)
2016,BA,2924702,PIRIPA,177,1031,GRUPO ESCOLAR PROF. SOLON GUEMES,1590.73,,,,,coordenada corrigida,sem doador (nenhum local intacto no municipio)
2018,BA,2924702,PIRIPA,177,1031,GRUPO ESCOLAR PROF. SOLON GUEMES,1590.73,,,,,coordenada corrigida,sem doador (nenhum local intacto no municipio)
2020,BA,2924702,PIRIPA,177,1031,GRUPO ESCOLAR PROF. SOLON GUEMES,1590.73,,,,,coordenada corrigida,sem doador (nenhum local intacto no municipio)
2022,BA,2924702,PIRIPA,177,1031,GRUPO ESCOLAR PROF. SOLON GUEMES,1669.61,,,,,coordenada corrigida,sem doador (nenhum local intacto no municipio)
2024,BA,2924702,PIRIPA,177,1031,GRUPO ESCOLAR PROF. SOLON GUEMES,1590.73,,,,,coordenada corrigida,sem doador (nenhum local intacto no municipio)
2006,BA,2924702,PIRIPA,60,1040,GRUPO ESCOLAR PROF. EDGAR SANTOS,553.91,,,,,coordenada corrigida,sem doador (nenhum local intacto no municipio)
2008,BA,2924702,PIRIPA,60,1040,GRUPO ESCOLAR PROF. EDGAR SANTOS,553.91,,,,,coordenada corrigida,sem doador (nenhum local intacto no municipio)
2010,BA,2924702,PIRIPA,60,1040,GRUPO ESCOLAR LUIZ EDUARDO MAGALHAES (ANTIGO EDGAR SANTOS),553.91,,,,,coordenada corrigida,sem doador (nenhum local intacto no municipio)
2012,BA,2924702,PIRIPA,60,1040,GRUPO ESCOLAR LUIZ EDUARDO MAGALHAES (ANTIGO EDGAR SANTOS),553.91,,,,,coordenada corrigida,sem doador (nenhum local intacto no municipio)
2014,BA,2924702,PIRIPA,60,1040,GRUPO ESCOLAR LUIZ EDUARDO MAGALHAES (ANTIGO EDGAR SANTOS),553.91,,,,,coordenada corrigida,sem doador (nenhum local intacto no municipio)
2016,BA,2924702,PIRIPA,177,1040,GRUPO ESCOLAR LUIZ EDUARDO MAGALHAES (ANTIGO EDGAR SANTOS),1398.6,,,,,coordenada corrigida,sem doador (nenhum local intacto no municipio)
2018,BA,2924702,PIRIPA,177,1040,GRUPO ESCOLAR LUIZ EDUARDO MAGALHAES (ANTIGO EDGAR SANTOS),1398.6,,,,,coordenada corrigida,sem doador (nenhum local intacto no municipio)
2020,BA,2924702,PIRIPA,177,1040,GRUPO ESCOLAR LUIZ EDUARDO MAGALHÃES (ANTIGO EDGAR SANTOS),1398.6,,,,,coordenada corrigida,sem doador (nenhum local intacto no municipio)
2022,BA,2924702,PIRIPA,177,1040,GRUPO ESCOLAR LUIZ EDUARDO MAGALHÃES (ANTIGO EDGAR SANTOS),1398.6,,,,,coordenada corrigida,sem doador (nenhum local intacto no municipio)
2024,BA,2924702,PIRIPA,177,1040,GRUPO ESCOLAR LUIZ EDUARDO MAGALHÃES (ANTIGO EDGAR SANTOS),1398.6,,,,,coordenada corrigida,sem doador (nenhum local intacto no municipio)
2006,BA,2924702,PIRIPA,60,1066,GRUPO ESCOLAR LUIZ EDUARDO MAGALHAES,549.04,,,,,coordenada corrigida,sem doador (nenhum local intacto no municipio)
2008,BA,2924702,PIRIPA,60,1066,GRUPO ESCOLAR LUIZ EDUARDO MAGALHAES,549.04,,,,,coordenada corrigida,sem doador (nenhum local intacto no municipio)
2010,BA,2924702,PIRIPA,60,1066,CENTRO MUNICIPAL DE EDUCACAO INFANTIL TIA DENINHA,553.91,,,,,coordenada corrigida,sem doador (nenhum local intacto no municipio)
2012,BA,2924702,PIRIPA,60,1066,CENTRO MUNICIPAL DE EDUCACAO INFANTIL TIA DENINHA,553.91,,,,,coordenada corrigida,sem doador (nenhum local intacto no municipio)
2014,BA,2924702,PIRIPA,60,1066,CENTRO MUNICIPAL DE EDUCACAO INFANTIL TIA DENINHA,553.91,,,,,coordenada corrigida,sem doador (nenhum local intacto no municipio)
2016,BA,2924702,PIRIPA,177,1066,CENTRO MUNICIPAL DE EDUCACAO INFANTIL TIA DENINHA,1398.6,,,,,coordenada corrigida,sem doador (nenhum local intacto no municipio)
2018,BA,2924702,PIRIPA,177,1066,CENTRO MUNICIPAL DE EDUCACAO INFANTIL TIA DENINHA,1398.6,,,,,coordenada corrigida,sem doador (nenhum local intacto no municipio)
2020,BA,2924702,PIRIPA,177,1066,CENTRO MUNICIPAL DE EDUCAÇÃO INFANTIL TIA DENINHA,1398.6,,,,,coordenada corrigida,sem doador (nenhum local intacto no municipio)
2022,BA,2924702,PIRIPA,177,1066,CENTRO MUNICIPAL DE EDUCAÇÃO INFANTIL TIA DENINHA,1677.41,,,,,coordenada corrigida,sem doador (nenhum local intacto no municipio)
2024,BA,2924702,PIRIPA,177,1066,CENTRO MUNICIPAL DE EDUCAÇÃO INFANTIL TIA DENINHA,1398.6,,,,,coordenada corrigida,sem doador (nenhum local intacto no municipio)
2006,BA,2924702,PIRIPA,60,1074,ESPECIAL GRUPO ESCOLAR PROF. SOLON GUEMES,553.91,,,,,coordenada corrigida,sem doador (nenhum local intacto no municipio)
2008,BA,2924702,PIRIPA,60,1074,ESPECIAL GRUPO ESCOLAR PROF. SOLON GUEMES,553.91,,,,,coordenada corrigida,sem doador (nenhum local intacto no municipio)
2010,BA,2924702,PIRIPA,60,1074,ESPECIAL GRUPO ESCOLAR PROF. SOLON GUEMES,553.91,,,,,coordenada corrigida,sem doador (nenhum local intacto no municipio)
2012,BA,2924702,PIRIPA,60,1074,ESPECIAL GRUPO ESCOLAR PROF. SOLON GUEMES,553.91,,,,,coordenada corrigida,sem doador (nenhum local intacto no municipio)
2014,BA,2924702,PIRIPA,60,1074,ESPECIAL GRUPO ESCOLAR PROF. SOLON GUEMES,553.91,,,,,coordenada corrigida,sem doador (nenhum local intacto no municipio)
2016,BA,2924702,PIRIPA,177,1074,ESPECIAL GRUPO ESCOLAR PROF. SOLON GUEMES,1398.6,,,,,coordenada corrigida,sem doador (nenhum local intacto no municipio)
2018,BA,2924702,PIRIPA,177,1074,ESPECIAL GRUPO ESCOLAR PROF. SOLON GUEMES,1398.6,,,,,coordenada corrigida,sem doador (nenhum local intacto no municipio)
2020,BA,2924702,PIRIPA,177,1074,ESPECIAL GRUPO ESCOLAR PROF. SOLON GUEMES,1398.6,,,,,coordenada corrigida,sem doador (nenhum local intacto no municipio)
2006,PA,1506351,SANTA BARBARA DO PARA,36,1015,E. M. ANTONIO PINTO,496.23,649.98,36_4243_1295,E.E.E.F.   S. PAULO DAS PEDRINHAS,1.74,coordenada corrigida,perfil herdado
2008,PA,1506351,SANTA BARBARA DO PARA,36,1015,E. M. ANTONIO PINTO,496.23,649.98,36_4243_1295,E.E.E.F.   S. PAULO DAS PEDRINHAS,1.74,coordenada corrigida,perfil herdado
2010,PA,1506351,SANTA BARBARA DO PARA,36,1015,EM ANTONIO PINTO,496.23,649.98,36_4243_1295,EEEF S. PAULO DAS PEDRINHAS,1.74,coordenada corrigida,perfil herdado
2012,PA,1506351,SANTA BARBARA DO PARA,36,1015,EM ANTONIO PINTO,496.23,519.35,36_4243_1295,EEEF S. PAULO DAS PEDRINHAS,1.74,coordenada corrigida,perfil herdado
2014,PA,1506351,SANTA BARBARA DO PARA,36,1015,EM ANTONIO PINTO,496.23,519.35,36_4243_1295,EEEF S. PAULO DAS PEDRINHAS,1.74,coordenada corrigida,perfil herdado
2016,PA,1506351,SANTA BARBARA DO PARA,36,1015,EM ANTONIO PINTO,1203.25,1458.1,36_4243_1295,EEEF S. PAULO DAS PEDRINHAS,1.74,coordenada corrigida,perfil herdado
2018,PA,1506351,SANTA BARBARA DO PARA,36,1015,EM ANTONIO PINTO,1203.25,1458.1,36_4243_1295,EEEF S. PAULO DAS PEDRINHAS,1.74,coordenada corrigida,perfil herdado
2020,PA,1506351,SANTA BARBARA DO PARA,36,1015,EM ANTONIO PINTO,1203.25,1458.1,36_4243_1295,EEEF S. PAULO DAS PEDRINHAS,1.74,coordenada corrigida,perfil herdado
2022,PA,1506351,SANTA BARBARA DO PARA,36,1015,EM ANTONIO PINTO,1203.25,1458.1,36_4243_1295,EEEF S. PAULO DAS PEDRINHAS,1.74,coordenada corrigida,perfil herdado
2024,PA,1506351,SANTA BARBARA DO PARA,36,1015,EM ANTONIO PINTO,1203.25,1458.1,36_4243_1295,EEEF S. PAULO DAS PEDRINHAS,1.74,coordenada corrigida,perfil herdado
2006,PA,1506351,SANTA BARBARA DO PARA,36,1023,E.M. DE 1 G. PROFA.DIONIZIA C. DE SOUZA,546.61,642.58,36_4243_1368,E.M. DA COLEIPA,0.25,coordenada corrigida,perfil herdado
2008,PA,1506351,SANTA BARBARA DO PARA,36,1023,EM DE 1 G. PROFA.DIONIZIA C. DE SOUZA,546.61,642.58,36_4243_1368,E.M. DA COLEIPA,0.25,coordenada corrigida,perfil herdado
2010,PA,1506351,SANTA BARBARA DO PARA,36,1023,EM DE 1 G. PROFA.DIONIZIA C. DE SOUZA,546.61,642.58,36_4243_1368,EM DA COLEIPA,0.25,coordenada corrigida,perfil herdado
2012,PA,1506351,SANTA BARBARA DO PARA,36,1023,EM DE 1 G. PROFA.DIONIZIA C. DE SOUZA,546.61,642.58,36_4243_1368,EM DA COLEIPA,0.25,coordenada corrigida,perfil herdado
2014,PA,1506351,SANTA BARBARA DO PARA,36,1023,EM DE 1 G. PROFA.DIONIZIA C. DE SOUZA,546.61,642.58,36_4243_1368,EM DA COLEIPA,0.25,coordenada corrigida,perfil herdado
2016,PA,1506351,SANTA BARBARA DO PARA,36,1023,EM DE 1 G. PROFA.DIONIZIA C. DE SOUZA,1368.43,1464.62,36_4243_1368,EM DA COLEIPA,0.25,coordenada corrigida,perfil herdado
2018,PA,1506351,SANTA BARBARA DO PARA,36,1023,EM DE 1 G. PROFA.DIONIZIA C. DE SOUZA,1368.43,1464.62,36_4243_1368,EM DA COLEIPA,0.25,coordenada corrigida,perfil herdado
2020,PA,1506351,SANTA BARBARA DO PARA,36,1023,EM DE 1 G. PROFA.DIONIZIA C. DE SOUZA,1368.43,1464.62,36_4243_1368,EM DA COLEIPA,0.25,coordenada corrigida,perfil herdado
2022,PA,1506351,SANTA BARBARA DO PARA,36,1023,EM DE 1 G. PROFA.DIONIZIA C. DE SOUZA,1368.43,1464.62,36_4243_1368,EM DA COLEIPA,0.25,coordenada corrigida,perfil herdado
2024,PA,1506351,SANTA BARBARA DO PARA,36,1023,EM DE 1 G. PROFA.DIONIZIA C. DE SOUZA,1368.43,1464.62,36_4243_1368,EM DA COLEIPA,0.25,coordenada corrigida,perfil herdado
2006,PA,1506351,SANTA BARBARA DO PARA,36,1180,E.E.E.F. DE  SANTA BARBARA,736.37,736.37,36_4243_1287,E.M. DA MONICA,0.76,coordenada corrigida,perfil herdado
2008,PA,1506351,SANTA BARBARA DO PARA,36,1180,E.E.E.F. DE  SANTA BARBARA,736.37,736.37,36_4243_1287,E.M. DA MONICA,0.76,coordenada corrigida,perfil herdado
2010,PA,1506351,SANTA BARBARA DO PARA,36,1180,EEEF DE  SANTA BARBARA,736.37,736.37,36_4243_1287,EM DA MONICA,0.76,coordenada corrigida,perfil herdado
2012,PA,1506351,SANTA BARBARA DO PARA,36,1180,EEEF DE  SANTA BARBARA,736.37,736.37,36_4243_1287,EM DA MONICA,0.76,coordenada corrigida,perfil herdado
2014,PA,1506351,SANTA BARBARA DO PARA,36,1180,EEEF DE  SANTA BARBARA,736.37,736.37,36_4243_1287,EM DA MONICA,0.76,coordenada corrigida,perfil herdado
2016,PA,1506351,SANTA BARBARA DO PARA,36,1180,EEEF DE  SANTA BARBARA,1555.8,1555.8,36_4243_1287,EM DA MONICA,0.76,coordenada corrigida,perfil herdado
2018,PA,1506351,SANTA BARBARA DO PARA,36,1180,EEEF DE  SANTA BARBARA,1555.8,1555.8,36_4243_1287,EM DA MONICA,0.76,coordenada corrigida,perfil herdado
2020,PA,1506351,SANTA BARBARA DO PARA,36,1180,EEEF DE  SANTA BÁRBARA,1555.8,1555.8,36_4243_1287,EM DA MÔNICA,0.76,coordenada corrigida,perfil herdado
2022,PA,1506351,SANTA BARBARA DO PARA,36,1180,EEEF DE  SANTA BÁRBARA,1655.09,1555.8,36_4243_1287,EM DA MÔNICA,0.76,coordenada corrigida,perfil herdado
2024,PA,1506351,SANTA BARBARA DO PARA,36,1180,EEEF DE  SANTA BÁRBARA,1555.8,1555.8,36_4243_1287,EM DA MÔNICA,0.76,coordenada corrigida,perfil herdado
2006,PA,1506351,SANTA BARBARA DO PARA,36,1309,E.M. FRANCISCO MESCOUTO,563.79,649.98,36_4243_1295,E.E.E.F.   S. PAULO DAS PEDRINHAS,3.97,coordenada corrigida,perfil herdado
2008,PA,1506351,SANTA BARBARA DO PARA,36,1309,E.M. FRANCISCO MESCOUTO,563.79,649.98,36_4243_1295,E.E.E.F.   S. PAULO DAS PEDRINHAS,3.97,coordenada corrigida,perfil herdado
2010,PA,1506351,SANTA BARBARA DO PARA,36,1309,EM FRANCISCO MESCOUTO,563.79,649.98,36_4243_1295,EEEF S. PAULO DAS PEDRINHAS,3.97,coordenada corrigida,perfil herdado
2012,PA,1506351,SANTA BARBARA DO PARA,36,1309,EM FRANCISCO MESCOUTO,563.79,519.35,36_4243_1295,EEEF S. PAULO DAS PEDRINHAS,3.97,coordenada corrigida,perfil herdado
2014,PA,1506351,SANTA BARBARA DO PARA,36,1309,EM FRANCISCO MESCOUTO,563.79,519.35,36_4243_1295,EEEF S. PAULO DAS PEDRINHAS,3.97,coordenada corrigida,perfil herdado
2016,PA,1506351,SANTA BARBARA DO PARA,36,1309,EM FRANCISCO MESCOUTO,1327.34,1458.1,36_4243_1295,EEEF S. PAULO DAS PEDRINHAS,3.97,coordenada corrigida,perfil herdado
2018,PA,1506351,SANTA BARBARA DO PARA,36,1309,EM FRANCISCO MESCOUTO,1327.34,1458.1,36_4243_1295,EEEF S. PAULO DAS PEDRINHAS,3.97,coordenada corrigida,perfil herdado
2020,PA,1506351,SANTA BARBARA DO PARA,36,1309,EM FRANCISCO MESCOUTO,1327.34,1458.1,36_4243_1295,EEEF S. PAULO DAS PEDRINHAS,3.97,coordenada corrigida,perfil herdado
2022,PA,1506351,SANTA BARBARA DO PARA,36,1309,EM FRANCISCO MESCOUTO,1327.34,1458.1,36_4243_1295,EEEF S. PAULO DAS PEDRINHAS,3.97,coordenada corrigida,perfil herdado
2024,PA,1506351,SANTA BARBARA DO PARA,36,1309,EM FRANCISCO MESCOUTO,1327.34,1458.1,36_4243_1295,EEEF S. PAULO DAS PEDRINHAS,3.97,coordenada corrigida,perfil herdado
2006,PA,1506351,SANTA BARBARA DO PARA,36,1325,E.M.  SAO JOAO BATISTA,494.47,649.98,36_4243_1295,E.E.E.F.   S. PAULO DAS PEDRINHAS,2.27,coordenada corrigida,perfil herdado
2008,PA,1506351,SANTA BARBARA DO PARA,36,1325,E.M.  SAO JOAO BATISTA,494.47,649.98,36_4243_1295,E.E.E.F.   S. PAULO DAS PEDRINHAS,2.27,coordenada corrigida,perfil herdado
2010,PA,1506351,SANTA BARBARA DO PARA,36,1325,EM SAO JOAO BATISTA,494.47,649.98,36_4243_1295,EEEF S. PAULO DAS PEDRINHAS,2.27,coordenada corrigida,perfil herdado
2012,PA,1506351,SANTA BARBARA DO PARA,36,1325,EM SAO JOAO BATISTA,494.47,519.35,36_4243_1295,EEEF S. PAULO DAS PEDRINHAS,2.27,coordenada corrigida,perfil herdado
2014,PA,1506351,SANTA BARBARA DO PARA,36,1325,EM SAO JOAO BATISTA,494.47,519.35,36_4243_1295,EEEF S. PAULO DAS PEDRINHAS,2.27,coordenada corrigida,perfil herdado
2016,PA,1506351,SANTA BARBARA DO PARA,36,1325,EM SAO JOAO BATISTA,1277.63,1458.1,36_4243_1295,EEEF S. PAULO DAS PEDRINHAS,2.27,coordenada corrigida,perfil herdado
2018,PA,1506351,SANTA BARBARA DO PARA,36,1325,EM SAO JOAO BATISTA,1277.63,1458.1,36_4243_1295,EEEF S. PAULO DAS PEDRINHAS,2.27,coordenada corrigida,perfil herdado
2020,PA,1506351,SANTA BARBARA DO PARA,36,1325,EM SÃO JOÃO BATISTA,1277.63,1458.1,36_4243_1295,EEEF S. PAULO DAS PEDRINHAS,2.27,coordenada corrigida,perfil herdado
2022,PA,1506351,SANTA BARBARA DO PARA,36,1325,EM SÃO JOÃO BATISTA,1277.63,1458.1,36_4243_1295,EEEF S. PAULO DAS PEDRINHAS,2.27,coordenada corrigida,perfil herdado
2024,PA,1506351,SANTA BARBARA DO PARA,36,1325,EM SÃO JOÃO BATISTA,1277.63,1458.1,36_4243_1295,EEEF S. PAULO DAS PEDRINHAS,2.27,coordenada corrigida,perfil herdado
2006,PA,1506351,SANTA BARBARA DO PARA,36,1384,E.M. DO  BAIRRO NOVO,736.37,736.37,36_4243_1287,E.M. DA MONICA,0.9,coordenada corrigida,perfil herdado
2008,PA,1506351,SANTA BARBARA DO PARA,36,1384,E.M. DO  BAIRRO NOVO,736.37,736.37,36_4243_1287,E.M. DA MONICA,0.9,coordenada corrigida,perfil herdado
2010,PA,1506351,SANTA BARBARA DO PARA,36,1384,EM DO  BAIRRO NOVO,736.37,736.37,36_4243_1287,EM DA MONICA,0.9,coordenada corrigida,perfil herdado
2012,PA,1506351,SANTA BARBARA DO PARA,36,1384,EM DO  BAIRRO NOVO,736.37,736.37,36_4243_1287,EM DA MONICA,0.9,coordenada corrigida,perfil herdado
2014,PA,1506351,SANTA BARBARA DO PARA,36,1384,EM DO  BAIRRO NOVO,736.37,736.37,36_4243_1287,EM DA MONICA,0.9,coordenada corrigida,perfil herdado
2016,PA,1506351,SANTA BARBARA DO PARA,36,1384,EM DO  BAIRRO NOVO,1650.88,1555.8,36_4243_1287,EM DA MONICA,0.9,coordenada corrigida,perfil herdado
2018,PA,1506351,SANTA BARBARA DO PARA,36,1384,EM DO  BAIRRO NOVO,1650.88,1555.8,36_4243_1287,EM DA MONICA,0.9,coordenada corrigida,perfil herdado
2020,PA,1506351,SANTA BARBARA DO PARA,36,1384,EM DO  BAIRRO NOVO,1650.88,1555.8,36_4243_1287,EM DA MÔNICA,0.9,coordenada corrigida,perfil herdado
2022,PA,1506351,SANTA BARBARA DO PARA,36,1384,EM DO  BAIRRO NOVO,1650.88,1555.8,36_4243_1287,EM DA MÔNICA,0.9,coordenada corrigida,perfil herdado
2024,PA,1506351,SANTA BARBARA DO PARA,36,1384,EM DO  BAIRRO NOVO,1650.88,1555.8,36_4243_1287,EM DA MÔNICA,0.9,coordenada corrigida,perfil herdado
2020,PA,1506351,SANTA BARBARA DO PARA,36,1414,EEIF VALENTINA MOREIRA DA SILVA,1209.38,1555.8,36_4243_1163,EM LIBÉLULA,1.08,coordenada corrigida,perfil herdado
2022,PA,1506351,SANTA BARBARA DO PARA,36,1414,EEIF VALENTINA MOREIRA DA SILVA,1209.38,1574.65,36_4243_1163,EM LIBÉLULA,1.08,coordenada corrigida,perfil herdado
2024,PA,1506351,SANTA BARBARA DO PARA,36,1414,EEIF VALENTINA MOREIRA DA SILVA,1209.38,1555.8,36_4243_1163,EM LIBÉLULA,1.08,coordenada corrigida,perfil herdado
2020,PA,1506351,SANTA BARBARA DO PARA,36,1422,EEIF HELENA BARRA FARIAS,1117.75,1464.62,36_4243_1368,EM DA COLEIPA,8.4,coordenada corrigida,perfil herdado
2022,PA,1506351,SANTA BARBARA DO PARA,36,1422,EEIF HELENA BARRA FARIAS,1117.75,1464.62,36_4243_1368,EM DA COLEIPA,8.4,coordenada corrigida,perfil herdado
2024,PA,1506351,SANTA BARBARA DO PARA,36,1422,EEIF HELENA BARRA FARIAS,1117.75,1464.62,36_4243_1368,EM DA COLEIPA,8.4,coordenada corrigida,perfil herdado
2018,PA,1507003,SANTO ANTONIO DO TAUA,36,1023,EMEF MANOEL MARTINHO BENTES,1061.16,1246.78,36_5398_1058,EMEIF KM 14 (KM 12).,6.04,coordenada corrigida,perfil herdado
2020,PA,1507003,SANTO ANTONIO DO TAUA,36,1023,EMEF MANOEL MARTINHO BENTES,1061.16,1246.78,36_5398_1058,EMEIF KM 14 (KM 12).,6.04,coordenada corrigida,perfil herdado
2022,PA,1507003,SANTO ANTONIO DO TAUA,36,1023,EMEF MANOEL MARTINHO BENTES,1061.16,1246.78,36_5398_1058,EMEIF KM 14 (KM 12).,6.04,coordenada corrigida,perfil herdado
2024,PA,1507003,SANTO ANTONIO DO TAUA,36,1023,EMEF MANOEL MARTINHO BENTES,1061.16,1246.78,36_5398_1058,EMEIF KM 14 (KM 12).,6.04,coordenada corrigida,perfil herdado
2006,PA,1507003,SANTO ANTONIO DO TAUA,8,1066,E. E. E. M. INACIO MOURA,809.12,887.98,8_5398_1015,BIBLIOTECA MUNICIPAL,0.48,coordenada corrigida,perfil herdado
2008,PA,1507003,SANTO ANTONIO DO TAUA,8,1066,EEEM INACIO MOURA,809.12,887.98,8_5398_1015,BIBLIOTECA MUNICIPAL,0.48,coordenada corrigida,perfil herdado
2010,PA,1507003,SANTO ANTONIO DO TAUA,8,1066,EEEM INACIO MOURA,809.12,887.98,8_5398_1015,BIBLIOTECA MUNICIPAL,0.48,coordenada corrigida,perfil herdado
2012,PA,1507003,SANTO ANTONIO DO TAUA,8,1066,EEEM INACIO MOURA,809.12,887.98,8_5398_1015,BIBLIOTECA MUNICIPAL,0.48,coordenada corrigida,perfil herdado
2014,PA,1507003,SANTO ANTONIO DO TAUA,8,1066,EEEM INACIO MOURA,809.12,887.98,8_5398_1015,BIBLIOTECA MUNICIPAL,0.48,coordenada corrigida,perfil herdado
2016,PA,1507003,SANTO ANTONIO DO TAUA,8,1066,EEEM INACIO MOURA,1558.11,1246.78,8_5398_1058,EMEIF KM 14 (KM 12).,4.61,coordenada corrigida,perfil herdado
2018,PA,1507003,SANTO ANTONIO DO TAUA,36,1066,EEEM INACIO MOURA,1558.11,1246.78,36_5398_1058,EMEIF KM 14 (KM 12).,4.61,coordenada corrigida,perfil herdado
2020,PA,1507003,SANTO ANTONIO DO TAUA,36,1066,EEEM INÁCIO MOURA,1558.11,1246.78,36_5398_1058,EMEIF KM 14 (KM 12).,4.61,coordenada corrigida,perfil herdado
2022,PA,1507003,SANTO ANTONIO DO TAUA,36,1066,EEEM INÁCIO MOURA,1558.11,1246.78,36_5398_1058,EMEIF KM 14 (KM 12).,4.61,coordenada corrigida,perfil herdado
2024,PA,1507003,SANTO ANTONIO DO TAUA,36,1066,EEEM INÁCIO MOURA,1558.11,1246.78,36_5398_1058,EMEIF KM 14 (KM 12).,4.61,coordenada corrigida,perfil herdado
2006,PA,1507003,SANTO ANTONIO DO TAUA,8,1074,E. M. E. F. MARIA CLARA PALHETA CARDOSO,553.21,496.5,8_5398_1040,E. M. E. F. CELINA HERMES,2.61,coordenada corrigida,perfil herdado
2008,PA,1507003,SANTO ANTONIO DO TAUA,8,1074,EMEF MARIA CLARA PALHETA CARDOSO,553.21,496.5,8_5398_1040,EMEF CELINA HERMES,2.61,coordenada corrigida,perfil herdado
2010,PA,1507003,SANTO ANTONIO DO TAUA,8,1074,EMEF MARIA CLARA PALHETA CARDOSO,553.21,496.5,8_5398_1040,EMEF CELINA HERMES,2.61,coordenada corrigida,perfil herdado
2012,PA,1507003,SANTO ANTONIO DO TAUA,8,1074,EMEF MARIA CLARA PALHETA CARDOSO,553.21,496.5,8_5398_1040,EMEF CELINA HERMES,2.61,coordenada corrigida,perfil herdado
2014,PA,1507003,SANTO ANTONIO DO TAUA,8,1074,EMEF MARIA CLARA PALHETA CARDOSO,553.21,496.5,8_5398_1040,EMEF CELINA HERMES,2.61,coordenada corrigida,perfil herdado
2018,PA,1507003,SANTO ANTONIO DO TAUA,36,1074,EMEF FRANCISCO SOLANO RAIOL PEREIRA,1343.04,961.42,36_5398_1040,EMEF CELINA HERMES,3.07,coordenada corrigida,perfil herdado
2020,PA,1507003,SANTO ANTONIO DO TAUA,36,1074,EMEF FRANCISCO SOLANO RAIOL PEREIRA,1343.04,961.42,36_5398_1040,EMEF CELINA HERMES,3.07,coordenada corrigida,perfil herdado
2022,PA,1507003,SANTO ANTONIO DO TAUA,36,1074,EMEF FRANCISCO SOLANO RAIOL PEREIRA,1343.04,961.42,36_5398_1040,EMEF CELINA HERMES,3.07,coordenada corrigida,perfil herdado
2024,PA,1507003,SANTO ANTONIO DO TAUA,36,1074,EMEF FRANCISCO SOLANO RAIOL PEREIRA,1343.04,961.42,36_5398_1040,EMEF CELINA HERMES,3.07,coordenada corrigida,perfil herdado
2016,PA,1507003,SANTO ANTONIO DO TAUA,8,1090,EEEF MAJOR CORNELIO PEIXOTO,1840.0,1246.78,8_5398_1058,EMEIF KM 14 (KM 12).,4.21,coordenada corrigida,perfil herdado
2018,PA,1507003,SANTO ANTONIO DO TAUA,36,1090,EEEF MAJOR CORNELIO PEIXOTO,1840.0,1246.78,36_5398_1058,EMEIF KM 14 (KM 12).,4.21,coordenada corrigida,perfil herdado
2020,PA,1507003,SANTO ANTONIO DO TAUA,36,1090,EEEF MAJOR CORNÉLIO PEIXOTO,1840.0,1246.78,36_5398_1058,EMEIF KM 14 (KM 12).,4.21,coordenada corrigida,perfil herdado
2022,PA,1507003,SANTO ANTONIO DO TAUA,36,1090,EEEF MAJOR CORNÉLIO PEIXOTO,1687.54,1246.78,36_5398_1058,EMEIF KM 14 (KM 12).,4.21,coordenada corrigida,perfil herdado
2024,PA,1507003,SANTO ANTONIO DO TAUA,36,1090,EEEF MAJOR CORNÉLIO PEIXOTO,1840.0,1246.78,36_5398_1058,EMEIF KM 14 (KM 12).,4.21,coordenada corrigida,perfil herdado
2006,PA,1507003,SANTO ANTONIO DO TAUA,8,1171,E. M. E. F. DE COCAL,523.92,496.5,8_5398_1040,E. M. E. F. CELINA HERMES,3.7,coordenada corrigida,perfil herdado
2008,PA,1507003,SANTO ANTONIO DO TAUA,8,1171,EMEF DE COCAL,523.92,496.5,8_5398_1040,EMEF CELINA HERMES,3.7,coordenada corrigida,perfil herdado
2010,PA,1507003,SANTO ANTONIO DO TAUA,8,1171,EMEF DE COCAL,523.92,496.5,8_5398_1040,EMEF CELINA HERMES,3.7,coordenada corrigida,perfil herdado
2012,PA,1507003,SANTO ANTONIO DO TAUA,8,1171,EMEF DE COCAL,523.92,496.5,8_5398_1040,EMEF CELINA HERMES,3.7,coordenada corrigida,perfil herdado
2014,PA,1507003,SANTO ANTONIO DO TAUA,8,1171,EMEF DE COCAL,523.92,496.5,8_5398_1040,EMEF CELINA HERMES,3.7,coordenada corrigida,perfil herdado
2016,PA,1507003,SANTO ANTONIO DO TAUA,8,1171,EMEF DE COCAL,1040.75,961.42,8_5398_1040,EMEF CELINA HERMES,3.7,coordenada corrigida,perfil herdado
2018,PA,1507003,SANTO ANTONIO DO TAUA,36,1171,EMEF DE COCAL,1040.75,961.42,36_5398_1040,EMEF CELINA HERMES,3.7,coordenada corrigida,perfil herdado
2020,PA,1507003,SANTO ANTONIO DO TAUA,36,1171,EMEF DE COCAL,1040.75,961.42,36_5398_1040,EMEF CELINA HERMES,3.7,coordenada corrigida,perfil herdado
2022,PA,1507003,SANTO ANTONIO DO TAUA,36,1171,EMEF DE COCAL,1040.75,961.42,36_5398_1040,EMEF CELINA HERMES,3.7,coordenada corrigida,perfil herdado
2024,PA,1507003,SANTO ANTONIO DO TAUA,36,1171,EMEF DE COCAL,1040.75,961.42,36_5398_1040,EMEF CELINA HERMES,3.7,coordenada corrigida,perfil herdado
2016,PA,1507003,SANTO ANTONIO DO TAUA,8,1252,EMEF ALUISIO DA COSTA CHAVES,1840.0,1246.78,8_5398_1058,EMEIF KM 14 (KM 12).,4.82,coordenada corrigida,perfil herdado
2018,PA,1507003,SANTO ANTONIO DO TAUA,36,1252,EMEF ALUISIO DA COSTA CHAVES,1840.0,1246.78,36_5398_1058,EMEIF KM 14 (KM 12).,4.82,coordenada corrigida,perfil herdado
2020,PA,1507003,SANTO ANTONIO DO TAUA,36,1252,EMEF ALUÍSIO DA COSTA CHAVES,1840.0,1246.78,36_5398_1058,EMEIF KM 14 (KM 12).,4.82,coordenada corrigida,perfil herdado
2022,PA,1507003,SANTO ANTONIO DO TAUA,36,1252,EMEF ALUÍSIO DA COSTA CHAVES,1840.0,1246.78,36_5398_1058,EMEIF KM 14 (KM 12).,4.82,coordenada corrigida,perfil herdado
2024,PA,1507003,SANTO ANTONIO DO TAUA,36,1252,EMEF ALUÍSIO DA COSTA CHAVES,1840.0,1246.78,36_5398_1058,EMEIF KM 14 (KM 12).,4.82,coordenada corrigida,perfil herdado
2006,PA,1507003,SANTO ANTONIO DO TAUA,8,1260,E. M. E. F. SAO RAIMUNDO,513.0,496.5,8_5398_1040,E. M. E. F. CELINA HERMES,0.61,coordenada corrigida,perfil herdado
2008,PA,1507003,SANTO ANTONIO DO TAUA,8,1260,EMEF SAO RAIMUNDO,513.0,496.5,8_5398_1040,EMEF CELINA HERMES,0.61,coordenada corrigida,perfil herdado
2010,PA,1507003,SANTO ANTONIO DO TAUA,8,1260,EMEF SAO RAIMUNDO,513.0,496.5,8_5398_1040,EMEF CELINA HERMES,0.61,coordenada corrigida,perfil herdado
2012,PA,1507003,SANTO ANTONIO DO TAUA,8,1260,EMEF SAO RAIMUNDO,513.0,496.5,8_5398_1040,EMEF CELINA HERMES,0.61,coordenada corrigida,perfil herdado
2014,PA,1507003,SANTO ANTONIO DO TAUA,8,1260,EMEF SAO RAIMUNDO,513.0,496.5,8_5398_1040,EMEF CELINA HERMES,0.61,coordenada corrigida,perfil herdado
2016,PA,1507003,SANTO ANTONIO DO TAUA,8,1260,EMEF SAO RAIMUNDO,1358.9,961.42,8_5398_1040,EMEF CELINA HERMES,0.61,coordenada corrigida,perfil herdado
2018,PA,1507003,SANTO ANTONIO DO TAUA,36,1260,EMEF SAO RAIMUNDO,1358.9,961.42,36_5398_1040,EMEF CELINA HERMES,0.61,coordenada corrigida,perfil herdado
2020,PA,1507003,SANTO ANTONIO DO TAUA,36,1260,EMEF SÃO RAIMUNDO,1358.9,961.42,36_5398_1040,EMEF CELINA HERMES,0.61,coordenada corrigida,perfil herdado
2022,PA,1507003,SANTO ANTONIO DO TAUA,36,1260,EMEF SÃO RAIMUNDO,1358.9,961.42,36_5398_1040,EMEF CELINA HERMES,0.61,coordenada corrigida,perfil herdado
2024,PA,1507003,SANTO ANTONIO DO TAUA,36,1260,EMEF SÃO RAIMUNDO,1358.9,961.42,36_5398_1040,EMEF CELINA HERMES,0.61,coordenada corrigida,perfil herdado
2016,PA,1507003,SANTO ANTONIO DO TAUA,8,1287,EEEM CELSO RODRIGUES,1840.0,1246.78,8_5398_1058,EMEIF KM 14 (KM 12).,4.63,coordenada corrigida,perfil herdado
2018,PA,1507003,SANTO ANTONIO DO TAUA,36,1287,EEEM CELSO RODRIGUES,1840.0,1246.78,36_5398_1058,EMEIF KM 14 (KM 12).,4.63,coordenada corrigida,perfil herdado
2020,PA,1507003,SANTO ANTONIO DO TAUA,36,1287,EEEM CELSO RODRIGUES,1840.0,1246.78,36_5398_1058,EMEIF KM 14 (KM 12).,4.63,coordenada corrigida,perfil herdado
2022,PA,1507003,SANTO ANTONIO DO TAUA,36,1287,EEEM CELSO RODRIGUES,1646.39,1246.78,36_5398_1058,EMEIF KM 14 (KM 12).,4.63,coordenada corrigida,perfil herdado
2024,PA,1507003,SANTO ANTONIO DO TAUA,36,1287,EEEM CELSO RODRIGUES,1840.0,1246.78,36_5398_1058,EMEIF KM 14 (KM 12).,4.63,coordenada corrigida,perfil herdado
2016,PA,1507003,SANTO ANTONIO DO TAUA,8,1295,E.M.E.F. FRANCISCO SOLANO RAIOL PEREIRA,1343.04,961.42,8_5398_1040,EMEF CELINA HERMES,3.07,coordenada corrigida,perfil herdado
2006,MG,3170008,UBAI,50,1023,ESCOLA MUNICIPAL MARCIA MARILIA,579.09,579.09,50_53996_1040,EMATER,0.11,coordenada corrigida,perfil herdado
2008,MG,3170008,UBAI,50,1023,ESCOLA MUNICIPAL MARCIA MARILIA,579.09,579.09,50_53996_1040,EMATER,0.11,coordenada corrigida,perfil herdado
2010,MG,3170008,UBAI,50,1023,ESCOLA MUNICIPAL MARCIA MARILIA,579.09,579.09,50_53996_1040,EMATER,0.11,coordenada corrigida,perfil herdado
2012,MG,3170008,UBAI,50,1023,ESCOLA MUNICIPAL MARCIA MARILIA,579.09,579.09,50_53996_1040,EMATER,0.11,coordenada corrigida,perfil herdado
2014,MG,3170008,UBAI,50,1023,ESCOLA MUNICIPAL MARCIA MARILIA,579.09,579.09,50_53996_1040,EMATER,0.11,coordenada corrigida,perfil herdado
2016,MG,3170008,UBAI,50,1023,ESCOLA MUNICIPAL MARCIA MARILIA,1795.53,1795.53,50_53996_1040,EMATER,0.11,coordenada corrigida,perfil herdado
2018,MG,3170008,UBAI,50,1023,ESCOLA MUNICIPAL MARCIA MARILIA,1795.53,1795.53,50_53996_1040,EMATER,0.11,coordenada corrigida,perfil herdado
2020,MG,3170008,UBAI,50,1023,ESCOLA MUNICIPAL MARCIA MARILIA,1795.53,1795.53,50_53996_1040,EMATER,0.11,coordenada corrigida,perfil herdado
2022,MG,3170008,UBAI,50,1023,ESCOLA MUNICIPAL MARCIA MARILIA,1797.1,1795.53,50_53996_1040,EMATER,0.11,coordenada corrigida,perfil herdado
2024,MG,3170008,UBAI,50,1023,ESCOLA MUNICIPAL MARCIA MARILIA,1795.53,1795.53,50_53996_1040,EMATER,0.11,coordenada corrigida,perfil herdado
2006,MG,3170008,UBAI,50,1112,ESCOLA ESTADUAL  GUSTAVO FREIRE,715.12,579.09,50_53996_1015,ESCOLA ESTADUAL MARIA BATISTA CAVALCANTE,26.72,coordenada corrigida,perfil herdado
2008,MG,3170008,UBAI,50,1112,ESCOLA ESTADUAL  GUSTAVO FREIRE,715.12,579.09,50_53996_1015,ESCOLA ESTADUAL MARIA BATISTA CAVALCANTE,26.72,coordenada corrigida,perfil herdado
2010,MG,3170008,UBAI,50,1112,ESCOLA ESTADUAL  GUSTAVO FREIRE,715.12,579.09,50_53996_1015,ESCOLA ESTADUAL MARIA BATISTA CAVALCANTE,26.72,coordenada corrigida,perfil herdado
2012,MG,3170008,UBAI,50,1112,ESCOLA ESTADUAL  GUSTAVO FREIRE,715.12,579.09,50_53996_1015,ESCOLA ESTADUAL MARIA BATISTA CAVALCANTE,26.72,coordenada corrigida,perfil herdado
2014,MG,3170008,UBAI,50,1112,ESCOLA ESTADUAL  GUSTAVO FREIRE,715.12,579.09,50_53996_1015,ESCOLA ESTADUAL MARIA BATISTA CAVALCANTE,26.72,coordenada corrigida,perfil herdado
2016,MG,3170008,UBAI,50,1112,ESCOLA ESTADUAL  GUSTAVO FREIRE,1369.68,1602.06,50_53996_1015,ESCOLA ESTADUAL MARIA BATISTA CAVALCANTE,26.72,coordenada corrigida,perfil herdado
2018,MG,3170008,UBAI,50,1112,ESCOLA ESTADUAL  GUSTAVO FREIRE,1369.68,1602.06,50_53996_1015,ESCOLA ESTADUAL MARIA BATISTA CAVALCANTE,26.72,coordenada corrigida,perfil herdado
2020,MG,3170008,UBAI,50,1112,ESCOLA ESTADUAL  GUSTAVO FREIRE,1369.68,1602.06,50_53996_1015,ESCOLA ESTADUAL MARIA BATISTA CAVALCANTE,26.72,coordenada corrigida,perfil herdado
2022,MG,3170008,UBAI,50,1112,ESCOLA ESTADUAL  GUSTAVO FREIRE,1369.68,944.3,50_53996_1384,COMUNIDADE DE COQUEIROS II,17.42,coordenada corrigida,perfil herdado
2024,MG,3170008,UBAI,50,1112,ESCOLA ESTADUAL  GUSTAVO FREIRE,1369.68,1602.06,50_53996_1015,ESCOLA ESTADUAL MARIA BATISTA CAVALCANTE,26.72,coordenada corrigida,perfil herdado
2006,MG,3170008,UBAI,50,1155,ESCOLA ESTADUAL POVOADO DE SAO JUDAS,432.54,457.85,50_53996_1147,ESCOLA ESTADUAL FAZENDA CAMPO LIMPO,6.86,coordenada corrigida,perfil herdado
2008,MG,3170008,UBAI,50,1155,ESCOLA ESTADUAL POVOADO DE SAO JUDAS,432.54,497.2,50_53996_1333,ESCOLA MUNICIPAL AURELIO BUARQUE DE HOLANDA,4.67,coordenada corrigida,perfil herdado
2010,MG,3170008,UBAI,50,1155,ESCOLA ESTADUAL POVOADO DE SAO JUDAS,432.54,457.85,50_53996_1147,ESCOLA ESTADUAL FAZENDA CAMPO LIMPO,6.86,coordenada corrigida,perfil herdado
2012,MG,3170008,UBAI,50,1155,ESCOLA ESTADUAL POVOADO DE SAO JUDAS,432.54,497.2,50_53996_1333,ESCOLA MUNICIPAL AURELIO BUARQUE DE HOLANDA,4.67,coordenada corrigida,perfil herdado
2014,MG,3170008,UBAI,50,1155,ESCOLA ESTADUAL POVOADO DE SAO JUDAS,432.54,497.2,50_53996_1333,ESCOLA MUNICIPAL AURELIO BUARQUE DE HOLANDA,4.67,coordenada corrigida,perfil herdado
2016,MG,3170008,UBAI,50,1155,ESCOLA ESTADUAL POVOADO DE SAO JUDAS,1637.82,1123.92,50_53996_1147,ESCOLA ESTADUAL FAZENDA CAMPO LIMPO,6.86,coordenada corrigida,perfil herdado
2018,MG,3170008,UBAI,50,1155,ESCOLA ESTADUAL POVOADO DE SAO JUDAS,1637.82,1123.92,50_53996_1147,ESCOLA ESTADUAL FAZENDA CAMPO LIMPO,6.86,coordenada corrigida,perfil herdado
2020,MG,3170008,UBAI,50,1155,ESCOLA ESTADUAL POVOADO DE SAO JUDAS,1637.82,1123.92,50_53996_1147,ESCOLA ESTADUAL FAZENDA CAMPO LIMPO,6.86,coordenada corrigida,perfil herdado
2022,MG,3170008,UBAI,50,1155,ESCOLA ESTADUAL POVOADO DE SAO JUDAS,1637.82,1123.92,50_53996_1147,ESCOLA ESTADUAL FAZENDA CAMPO LIMPO,6.86,coordenada corrigida,perfil herdado
2024,MG,3170008,UBAI,50,1155,ESCOLA ESTADUAL POVOADO DE SAO JUDAS,1637.82,1123.92,50_53996_1147,ESCOLA ESTADUAL FAZENDA CAMPO LIMPO,6.86,coordenada corrigida,perfil herdado
2006,MG,3170008,UBAI,50,1198,ESCOLA MUNICIPAL PADRE JOSE DE ANCHIETA,650.05,450.76,50_53996_1058,ESCOLA  MUNICIPAL VITALINA PEREIRA DA CRUZ,9.61,coordenada corrigida,perfil herdado
2008,MG,3170008,UBAI,50,1198,ESCOLA MUNICIPAL PADRE JOSE DE ANCHIETA,650.05,450.76,50_53996_1058,ESCOLA  MUNICIPAL VITALINA PEREIRA DA CRUZ,9.61,coordenada corrigida,perfil herdado
2010,MG,3170008,UBAI,50,1198,ESCOLA MUNICIPAL PADRE JOSE DE ANCHIETA,650.05,450.76,50_53996_1058,ESCOLA  MUNICIPAL VITALINA PEREIRA DA CRUZ,9.61,coordenada corrigida,perfil herdado
2012,MG,3170008,UBAI,50,1198,ESCOLA MUNICIPAL PADRE JOSE DE ANCHIETA,650.05,450.76,50_53996_1058,ESCOLA  MUNICIPAL VITALINA PEREIRA DA CRUZ,9.61,coordenada corrigida,perfil herdado
2014,MG,3170008,UBAI,50,1198,ESCOLA MUNICIPAL PADRE JOSE DE ANCHIETA,650.05,450.76,50_53996_1058,ESCOLA  MUNICIPAL VITALINA PEREIRA DA CRUZ,9.61,coordenada corrigida,perfil herdado
2016,MG,3170008,UBAI,50,1198,ESCOLA MUNICIPAL PADRE JOSE DE ANCHIETA,1056.68,1081.33,50_53996_1058,ESCOLA  MUNICIPAL VITALINA PEREIRA DA CRUZ,9.61,coordenada corrigida,perfil herdado
2018,MG,3170008,UBAI,50,1198,ESCOLA MUNICIPAL PADRE JOSE DE ANCHIETA,1056.68,1081.33,50_53996_1058,ESCOLA  MUNICIPAL VITALINA PEREIRA DA CRUZ,9.61,coordenada corrigida,perfil herdado
2020,MG,3170008,UBAI,50,1198,ESCOLA MUNICIPAL PADRE JOSE DE ANCHIETA,1056.68,1081.33,50_53996_1058,ESCOLA  MUNICIPAL VITALINA PEREIRA DA CRUZ,9.61,coordenada corrigida,perfil herdado
2022,MG,3170008,UBAI,50,1198,ESCOLA MUNICIPAL PADRE JOSE DE ANCHIETA,1056.68,1081.33,50_53996_1058,ESCOLA  MUNICIPAL VITALINA PEREIRA DA CRUZ,9.61,coordenada corrigida,perfil herdado
2024,MG,3170008,UBAI,50,1198,ESCOLA MUNICIPAL PADRE JOSE DE ANCHIETA,1056.68,1081.33,50_53996_1058,ESCOLA  MUNICIPAL VITALINA PEREIRA DA CRUZ,9.61,coordenada corrigida,perfil herdado
2006,MG,3170008,UBAI,50,1201,ESCOLA MUNICIPAL ELAINE GUIMARAES,650.05,463.85,50_53996_1228,ESCOLA MUNICIPAL ERICO VERISSIMO,8.4,coordenada corrigida,perfil herdado
2008,MG,3170008,UBAI,50,1201,ESCOLA MUNICIPAL ELAINE GUIMARAES,650.05,563.12,50_53996_1341,ESCOLA MUNICIPAL GUILHERME VIEIRA,6.6,coordenada corrigida,perfil herdado
2010,MG,3170008,UBAI,50,1201,ESCOLA MUNICIPAL ELAINE GUIMARAES,650.05,563.12,50_53996_1341,ESCOLA MUNICIPAL GUILHERME VIEIRA,6.6,coordenada corrigida,perfil herdado
2012,MG,3170008,UBAI,50,1201,ESCOLA MUNICIPAL ELAINE GUIMARAES,650.05,563.12,50_53996_1341,ESCOLA MUNICIPAL GUILHERME VIEIRA,6.6,coordenada corrigida,perfil herdado
2014,MG,3170008,UBAI,50,1201,ESCOLA MUNICIPAL ELAINE GUIMARAES,650.05,563.12,50_53996_1341,ESCOLA MUNICIPAL GUILHERME VIEIRA,6.6,coordenada corrigida,perfil herdado
2016,MG,3170008,UBAI,50,1201,ESCOLA MUNICIPAL ELAINE GUIMARAES,995.37,1704.44,50_53996_1341,ESCOLA MUNICIPAL GUILHERME VIEIRA,6.6,coordenada corrigida,perfil herdado
2018,MG,3170008,UBAI,50,1201,ESCOLA MUNICIPAL ELAINE GUIMARAES,995.37,1704.44,50_53996_1341,ESCOLA MUNICIPAL GUILHERME VIEIRA,6.6,coordenada corrigida,perfil herdado
2020,MG,3170008,UBAI,50,1201,ESCOLA MUNICIPAL ELAINE GUIMARAES,995.37,1704.44,50_53996_1341,ESCOLA MUNICIPAL GUILHERME VIEIRA,6.6,coordenada corrigida,perfil herdado
2022,MG,3170008,UBAI,50,1201,ESCOLA MUNICIPAL ELAINE GUIMARAES,995.37,1704.44,50_53996_1341,ESCOLA MUNICIPAL GUILHERME VIEIRA,6.6,coordenada corrigida,perfil herdado
2024,MG,3170008,UBAI,50,1201,ESCOLA MUNICIPAL ELAINE GUIMARAES,995.37,1704.44,50_53996_1341,ESCOLA MUNICIPAL GUILHERME VIEIRA,6.6,coordenada corrigida,perfil herdado
2006,MG,3170008,UBAI,50,1210,ESCOLA MUNICIPAL MONTEIRO LOBATO,517.17,450.76,50_53996_1058,ESCOLA  MUNICIPAL VITALINA PEREIRA DA CRUZ,6.72,coordenada corrigida,perfil herdado
2008,MG,3170008,UBAI,50,1210,ESCOLA MUNICIPAL MONTEIRO LOBATO,517.17,450.76,50_53996_1058,ESCOLA  MUNICIPAL VITALINA PEREIRA DA CRUZ,6.72,coordenada corrigida,perfil herdado
2010,MG,3170008,UBAI,50,1210,ESCOLA MUNICIPAL MONTEIRO LOBATO,517.17,450.76,50_53996_1058,ESCOLA  MUNICIPAL VITALINA PEREIRA DA CRUZ,6.72,coordenada corrigida,perfil herdado
2012,MG,3170008,UBAI,50,1210,ESCOLA MUNICIPAL MONTEIRO LOBATO,517.17,450.76,50_53996_1058,ESCOLA  MUNICIPAL VITALINA PEREIRA DA CRUZ,6.72,coordenada corrigida,perfil herdado
2014,MG,3170008,UBAI,50,1210,ESCOLA MUNICIPAL MONTEIRO LOBATO,517.17,450.76,50_53996_1058,ESCOLA  MUNICIPAL VITALINA PEREIRA DA CRUZ,6.72,coordenada corrigida,perfil herdado
2016,MG,3170008,UBAI,50,1210,ESCOLA MUNICIPAL MONTEIRO LOBATO,1345.02,1081.33,50_53996_1058,ESCOLA  MUNICIPAL VITALINA PEREIRA DA CRUZ,6.72,coordenada corrigida,perfil herdado
2018,MG,3170008,UBAI,50,1210,ESCOLA MUNICIPAL MONTEIRO LOBATO,1345.02,1081.33,50_53996_1058,ESCOLA  MUNICIPAL VITALINA PEREIRA DA CRUZ,6.72,coordenada corrigida,perfil herdado
2020,MG,3170008,UBAI,50,1210,ESCOLA MUNICIPAL MONTEIRO LOBATO,1345.02,1345.02,50_53996_1368,ESCOLA MUNICIPAL MONTEIRO LOBATO,5.97,coordenada corrigida,perfil herdado
2022,MG,3170008,UBAI,50,1210,ESCOLA MUNICIPAL MONTEIRO LOBATO,1345.02,1345.02,50_53996_1368,ESCOLA MUNICIPAL MONTEIRO LOBATO,5.97,coordenada corrigida,perfil herdado
2024,MG,3170008,UBAI,50,1210,ESCOLA MUNICIPAL MONTEIRO LOBATO,1345.02,1345.02,50_53996_1368,ESCOLA MUNICIPAL MONTEIRO LOBATO,5.97,coordenada corrigida,perfil herdado
2006,MG,3170008,UBAI,50,1236,ESCOLA MUNICIPAL JOSE LINS DO REGO,447.28,450.76,50_53996_1058,ESCOLA  MUNICIPAL VITALINA PEREIRA DA CRUZ,5.9,coordenada corrigida,perfil herdado
2008,MG,3170008,UBAI,50,1236,ESCOLA MUNICIPAL JOSE LINS DO REGO,447.28,497.2,50_53996_1333,ESCOLA MUNICIPAL AURELIO BUARQUE DE HOLANDA,2.52,coordenada corrigida,perfil herdado
2010,MG,3170008,UBAI,50,1236,ESCOLA MUNICIPAL JOSE LINS DO REGO,447.28,450.76,50_53996_1058,ESCOLA  MUNICIPAL VITALINA PEREIRA DA CRUZ,5.9,coordenada corrigida,perfil herdado
2012,MG,3170008,UBAI,50,1236,ESCOLA MUNICIPAL JOSE LINS DO REGO,447.28,497.2,50_53996_1333,ESCOLA MUNICIPAL AURELIO BUARQUE DE HOLANDA,2.52,coordenada corrigida,perfil herdado
2014,MG,3170008,UBAI,50,1236,ESCOLA MUNICIPAL JOSE LINS DO REGO,447.28,497.2,50_53996_1333,ESCOLA MUNICIPAL AURELIO BUARQUE DE HOLANDA,2.52,coordenada corrigida,perfil herdado
2016,MG,3170008,UBAI,50,1236,ESCOLA MUNICIPAL JOSE LINS DO REGO,1119.54,1081.33,50_53996_1058,ESCOLA  MUNICIPAL VITALINA PEREIRA DA CRUZ,5.9,coordenada corrigida,perfil herdado
2018,MG,3170008,UBAI,50,1236,ESCOLA MUNICIPAL JOSE LINS DO REGO,1119.54,1081.33,50_53996_1058,ESCOLA  MUNICIPAL VITALINA PEREIRA DA CRUZ,5.9,coordenada corrigida,perfil herdado
2020,MG,3170008,UBAI,50,1236,ESCOLA MUNICIPAL JOSE LINS DO REGO,1119.54,1081.33,50_53996_1058,ESCOLA  MUNICIPAL VITALINA PEREIRA DA CRUZ,5.9,coordenada corrigida,perfil herdado
2022,MG,3170008,UBAI,50,1236,ESCOLA MUNICIPAL JOSE LINS DO REGO,1119.54,1081.33,50_53996_1058,ESCOLA  MUNICIPAL VITALINA PEREIRA DA CRUZ,5.9,coordenada corrigida,perfil herdado
2024,MG,3170008,UBAI,50,1236,ESCOLA MUNICIPAL JOSE LINS DO REGO,1119.54,1081.33,50_53996_1058,ESCOLA  MUNICIPAL VITALINA PEREIRA DA CRUZ,5.9,coordenada corrigida,perfil herdado
2006,MG,3170008,UBAI,50,1244,ESCOLA MUNICIPAL JOAQUIM MANOEL MACEDO,352.91,579.09,50_53996_1015,ESCOLA ESTADUAL MARIA BATISTA CAVALCANTE,13.45,coordenada corrigida,perfil herdado
2008,MG,3170008,UBAI,50,1244,ESCOLA MUNICIPAL JOAQUIM MANOEL MACEDO,352.91,579.09,50_53996_1015,ESCOLA ESTADUAL MARIA BATISTA CAVALCANTE,13.45,coordenada corrigida,perfil herdado
2010,MG,3170008,UBAI,50,1244,ESCOLA MUNICIPAL JOAQUIM MANOEL MACEDO,352.91,579.09,50_53996_1015,ESCOLA ESTADUAL MARIA BATISTA CAVALCANTE,13.45,coordenada corrigida,perfil herdado
2012,MG,3170008,UBAI,50,1244,ESCOLA MUNICIPAL JOAQUIM MANOEL MACEDO,352.91,579.09,50_53996_1015,ESCOLA ESTADUAL MARIA BATISTA CAVALCANTE,13.45,coordenada corrigida,perfil herdado
2014,MG,3170008,UBAI,50,1244,ESCOLA MUNICIPAL JOAQUIM MANOEL MACEDO,352.91,579.09,50_53996_1015,ESCOLA ESTADUAL MARIA BATISTA CAVALCANTE,13.45,coordenada corrigida,perfil herdado
2016,MG,3170008,UBAI,50,1244,ESCOLA MUNICIPAL JOAQUIM MANOEL MACEDO,1527.7,1602.06,50_53996_1015,ESCOLA ESTADUAL MARIA BATISTA CAVALCANTE,13.45,coordenada corrigida,perfil herdado
2018,MG,3170008,UBAI,50,1244,ESCOLA MUNICIPAL JOAQUIM MANOEL MACEDO,1527.7,1602.06,50_53996_1015,ESCOLA ESTADUAL MARIA BATISTA CAVALCANTE,13.45,coordenada corrigida,perfil herdado
2020,MG,3170008,UBAI,50,1244,ESCOLA MUNICIPAL JOAQUIM MANOEL MACEDO,1527.7,1602.06,50_53996_1015,ESCOLA ESTADUAL MARIA BATISTA CAVALCANTE,13.45,coordenada corrigida,perfil herdado
2022,MG,3170008,UBAI,50,1244,ESCOLA MUNICIPAL JOAQUIM MANOEL MACEDO,1527.7,944.3,50_53996_1384,COMUNIDADE DE COQUEIROS II,13.01,coordenada corrigida,perfil herdado
2024,MG,3170008,UBAI,50,1244,ESCOLA MUNICIPAL JOAQUIM MANOEL MACEDO,1527.7,1602.06,50_53996_1015,ESCOLA ESTADUAL MARIA BATISTA CAVALCANTE,13.45,coordenada corrigida,perfil herdado
2006,MG,3170008,UBAI,50,1260,ESCOLA MUNICIPAL GUIMARAES ROSA,463.85,493.15,50_53996_1171,ESCOLA ESTADUAL LUCILIO MESQUITA,4.51,coordenada corrigida,perfil herdado
2008,MG,3170008,UBAI,50,1260,ESCOLA MUNICIPAL GUIMARAES ROSA,463.85,493.15,50_53996_1171,ESCOLA ESTADUAL LUCILIO MESQUITA,4.51,coordenada corrigida,perfil herdado
2010,MG,3170008,UBAI,50,1260,ESCOLA MUNICIPAL GUIMARAES ROSA,463.85,493.15,50_53996_1171,ESCOLA ESTADUAL LUCILIO MESQUITA,4.51,coordenada corrigida,perfil herdado
2012,MG,3170008,UBAI,50,1260,ESCOLA MUNICIPAL GUIMARAES ROSA,463.85,493.15,50_53996_1171,ESCOLA ESTADUAL LUCILIO MESQUITA,4.51,coordenada corrigida,perfil herdado
2014,MG,3170008,UBAI,50,1260,ESCOLA MUNICIPAL GUIMARAES ROSA,463.85,493.15,50_53996_1171,ESCOLA ESTADUAL LUCILIO MESQUITA,4.51,coordenada corrigida,perfil herdado
2016,MG,3170008,UBAI,50,1260,ESCOLA MUNICIPAL GUIMARAES ROSA,1183.41,1351.24,50_53996_1171,ESCOLA ESTADUAL LUCILIO MESQUITA,4.51,coordenada corrigida,perfil herdado
2018,MG,3170008,UBAI,50,1260,ESCOLA MUNICIPAL GUIMARAES ROSA,1183.41,1351.24,50_53996_1171,ESCOLA ESTADUAL LUCILIO MESQUITA,4.51,coordenada corrigida,perfil herdado
2020,MG,3170008,UBAI,50,1260,ESCOLA MUNICIPAL GUIMARAES ROSA,1183.41,1351.24,50_53996_1171,ESCOLA ESTADUAL LUCILIO MESQUITA,4.51,coordenada corrigida,perfil herdado
2022,MG,3170008,UBAI,50,1260,ESCOLA MUNICIPAL GUIMARAES ROSA,1183.41,1351.24,50_53996_1171,ESCOLA ESTADUAL LUCILIO MESQUITA,4.51,coordenada corrigida,perfil herdado
2024,MG,3170008,UBAI,50,1260,ESCOLA MUNICIPAL GUIMARAES ROSA,1183.41,1351.24,50_53996_1171,ESCOLA ESTADUAL LUCILIO MESQUITA,4.51,coordenada corrigida,perfil herdado
2006,MG,3170008,UBAI,50,1309,ESCOLA MUNICIPAL ELIVALDETH MENDES,375.51,463.85,50_53996_1228,ESCOLA MUNICIPAL ERICO VERISSIMO,12.41,coordenada corrigida,perfil herdado
2008,MG,3170008,UBAI,50,1309,ESCOLA MUNICIPAL ELIVALDETH MENDES,375.51,563.12,50_53996_1341,ESCOLA MUNICIPAL GUILHERME VIEIRA,10.54,coordenada corrigida,perfil herdado
2010,MG,3170008,UBAI,50,1309,ESCOLA MUNICIPAL ELIVALDETH MENDES,375.51,563.12,50_53996_1341,ESCOLA MUNICIPAL GUILHERME VIEIRA,10.54,coordenada corrigida,perfil herdado
2012,MG,3170008,UBAI,50,1309,ESCOLA MUNICIPAL ELIVALDETH MENDES,375.51,563.12,50_53996_1341,ESCOLA MUNICIPAL GUILHERME VIEIRA,10.54,coordenada corrigida,perfil herdado
2014,MG,3170008,UBAI,50,1309,ESCOLA MUNICIPAL ELIVALDETH MENDES,375.51,563.12,50_53996_1341,ESCOLA MUNICIPAL GUILHERME VIEIRA,10.54,coordenada corrigida,perfil herdado
2016,MG,3170008,UBAI,50,1309,ESCOLA MUNICIPAL ELIVALDETH MENDES,1015.26,1704.44,50_53996_1341,ESCOLA MUNICIPAL GUILHERME VIEIRA,10.54,coordenada corrigida,perfil herdado
2018,MG,3170008,UBAI,50,1309,ESCOLA MUNICIPAL ELIVALDETH MENDES,1015.26,1704.44,50_53996_1341,ESCOLA MUNICIPAL GUILHERME VIEIRA,10.54,coordenada corrigida,perfil herdado
2020,MG,3170008,UBAI,50,1309,ESCOLA MUNICIPAL ELIVALDETH MENDES,1015.26,1704.44,50_53996_1341,ESCOLA MUNICIPAL GUILHERME VIEIRA,10.54,coordenada corrigida,perfil herdado
2022,MG,3170008,UBAI,50,1309,ESCOLA MUNICIPAL ELIVALDETH MENDES,1015.26,1704.44,50_53996_1341,ESCOLA MUNICIPAL GUILHERME VIEIRA,10.54,coordenada corrigida,perfil herdado
2024,MG,3170008,UBAI,50,1309,ESCOLA MUNICIPAL ELIVALDETH MENDES,1015.26,1704.44,50_53996_1341,ESCOLA MUNICIPAL GUILHERME VIEIRA,10.54,coordenada corrigida,perfil herdado
2008,MG,3170008,UBAI,50,1325,ESCOLA MUNICIPAL MURILO RUBIAO,579.09,450.76,50_53996_1082,ESCOLA VITALINA PEREIRA DA CRUZ,3.18,coordenada corrigida,perfil herdado
2010,MG,3170008,UBAI,50,1325,ESCOLA MUNICIPAL MURILO RUBIAO,579.09,450.76,50_53996_1082,ESCOLA VITALINA PEREIRA DA CRUZ,3.18,coordenada corrigida,perfil herdado
2012,MG,3170008,UBAI,50,1325,ESCOLA MUNICIPAL MURILO RUBIAO,579.09,450.76,50_53996_1082,ESCOLA VITALINA PEREIRA DA CRUZ,3.18,coordenada corrigida,perfil herdado
2014,MG,3170008,UBAI,50,1325,ESCOLA MUNICIPAL MURILO RUBIAO,579.09,450.76,50_53996_1082,ESCOLA VITALINA PEREIRA DA CRUZ,3.18,coordenada corrigida,perfil herdado
2016,MG,3170008,UBAI,50,1325,ESCOLA MUNICIPAL MURILO RUBIAO,1829.01,1081.33,50_53996_1082,ESCOLA VITALINA PEREIRA DA CRUZ,3.18,coordenada corrigida,perfil herdado
2018,MG,3170008,UBAI,50,1325,ESCOLA MUNICIPAL MURILO RUBIAO,1829.01,1081.33,50_53996_1082,ESCOLA VITALINA PEREIRA DA CRUZ,3.18,coordenada corrigida,perfil herdado
2020,MG,3170008,UBAI,50,1325,ESCOLA MUNICIPAL MURILO RUBIÃO,1829.01,1081.33,50_53996_1082,ESCOLA VITALINA PEREIRA DA CRUZ,3.18,coordenada corrigida,perfil herdado
2022,MG,3170008,UBAI,50,1325,ESCOLA MUNICIPAL MURILO RUBIÃO,1829.01,1081.33,50_53996_1082,ESCOLA VITALINA PEREIRA DA CRUZ,3.18,coordenada corrigida,perfil herdado
2024,MG,3170008,UBAI,50,1325,ESCOLA MUNICIPAL MURILO RUBIÃO,1829.01,1081.33,50_53996_1082,ESCOLA VITALINA PEREIRA DA CRUZ,3.18,coordenada corrigida,perfil herdado
2014,MG,3170008,UBAI,50,1376,ESCOLA MUNICIPAL JOAQUIM MANOEL DE MACEDO,352.91,457.85,50_53996_1147,ESCOLA ESTADUAL FAZENDA CAMPO LIMPO,10.67,coordenada corrigida,perfil herdado
2016,MG,3170008,UBAI,50,1376,ESCOLA MUNICIPAL JOAQUIM MANOEL DE MACEDO,1527.7,1123.92,50_53996_1147,ESCOLA ESTADUAL FAZENDA CAMPO LIMPO,10.67,coordenada corrigida,perfil herdado
2018,MG,3170008,UBAI,50,1376,ESCOLA MUNICIPAL JOAQUIM MANOEL DE MACEDO,1527.7,1123.92,50_53996_1147,ESCOLA ESTADUAL FAZENDA CAMPO LIMPO,10.67,coordenada corrigida,perfil herdado
2020,MG,3170008,UBAI,50,1376,ESCOLA MUNICIPAL JOAQUIM MANOEL DE MACEDO,1527.7,1123.92,50_53996_1147,ESCOLA ESTADUAL FAZENDA CAMPO LIMPO,10.67,coordenada corrigida,perfil herdado
2022,MG,3170008,UBAI,50,1376,ESCOLA MUNICIPAL JOAQUIM MANOEL DE MACEDO,1527.7,1123.92,50_53996_1147,ESCOLA ESTADUAL FAZENDA CAMPO LIMPO,10.67,coordenada corrigida,perfil herdado
2024,MG,3170008,UBAI,50,1376,ESCOLA MUNICIPAL JOAQUIM MANOEL DE MACEDO,1527.7,1123.92,50_53996_1147,ESCOLA ESTADUAL FAZENDA CAMPO LIMPO,10.67,coordenada corrigida,perfil herdado
2006,BA,2933307,VITORIA DA CONQUISTA,40,1740,ESCOLA MUNICIPAL PROFESSOR JOSIAS CASAES FRANCA,557.19,390.68,40_39659_3301,ESCOLA MUNICIPAL OTAVIANO SALGADO,13.66,coordenada corrigida,perfil herdado
2008,BA,2933307,VITORIA DA CONQUISTA,40,1740,ESCOLA MUNICIPAL PROFESSOR JOSIAS CASAES FRANCA,557.19,420.66,40_39659_3476,ESCOLA MUNICIPAL JOHN KENNEDY,6.59,coordenada corrigida,perfil herdado
2010,BA,2933307,VITORIA DA CONQUISTA,40,1740,ESCOLA MUNICIPAL PROFESSOR JOSIAS CASAES FRANCA,557.19,420.66,40_39659_3476,ESCOLA MUNICIPAL JOHN KENNEDY,6.59,coordenada corrigida,perfil herdado
2012,BA,2933307,VITORIA DA CONQUISTA,40,1740,ESCOLA MUNICIPAL PROFESSOR JOSIAS CASAES FRANCA,557.19,420.66,40_39659_3476,ESCOLA MUNICIPAL JOHN KENNEDY,6.59,coordenada corrigida,perfil herdado
2014,BA,2933307,VITORIA DA CONQUISTA,40,1740,ESCOLA MUNICIPAL PROFESSOR JOSIAS CASAES FRANCA,557.19,420.66,40_39659_3476,ESCOLA MUNICIPAL JOHN KENNEDY,6.59,coordenada corrigida,perfil herdado
2016,BA,2933307,VITORIA DA CONQUISTA,40,1740,ESCOLA MUNICIPAL PROFESSOR JOSIAS CASAES FRANCA,6869.1,921.54,40_39659_3476,ESCOLA MUNICIPAL JOHN KENNEDY,6.59,coordenada corrigida,perfil herdado
2018,BA,2933307,VITORIA DA CONQUISTA,40,1740,ESCOLA MUNICIPAL PROFESSOR JOSIAS CASAES FRANCA,6869.1,921.54,40_39659_3476,ESCOLA MUNICIPAL JOHN KENNEDY,6.59,coordenada corrigida,perfil herdado
2020,BA,2933307,VITORIA DA CONQUISTA,40,1740,ESCOLA MUNICIPAL PROFESSOR JOSIAS CASAES FRANÇA,6869.1,921.54,40_39659_3476,ESCOLA MUNICIPAL JOHN KENNEDY,6.59,coordenada corrigida,perfil herdado
2022,BA,2933307,VITORIA DA CONQUISTA,40,1740,ESCOLA MUNICIPAL PROFESSOR JOSIAS CASAES FRANÇA,6869.1,921.54,40_39659_3476,ESCOLA MUNICIPAL JOHN KENNEDY,6.59,coordenada corrigida,perfil herdado
2024,BA,2933307,VITORIA DA CONQUISTA,40,1740,ESCOLA MUNICIPAL PROFESSOR JOSIAS CASAES FRANÇA,6869.1,921.54,40_39659_3476,ESCOLA MUNICIPAL JOHN KENNEDY,6.36,renda incoerente com os vizinhos rurais (R$ 1208),perfil herdado
2006,BA,2933307,VITORIA DA CONQUISTA,40,1759,ESCOLA MUNICIPAL FELIX PACHECO,397.11,359.12,40_39659_1813,ESCOLA MUNICIPAL SAO VICENTE DE PAULA,9.28,coordenada corrigida,perfil herdado
2008,BA,2933307,VITORIA DA CONQUISTA,40,1759,ESCOLA MUNICIPAL FELIX PACHECO,397.11,369.09,40_39659_3450,ESCOLA MUNICIPAL CASIMIRO DE ABREU,6.38,coordenada corrigida,perfil herdado
2010,BA,2933307,VITORIA DA CONQUISTA,40,1759,ESCOLA MUNICIPAL FELIX PACHECO,397.11,369.09,40_39659_3450,ESCOLA MUNICIPAL CASIMIRO DE ABREU,6.38,coordenada corrigida,perfil herdado
2012,BA,2933307,VITORIA DA CONQUISTA,40,1759,ESCOLA MUNICIPAL FELIX PACHECO,397.11,369.09,40_39659_3450,ESCOLA MUNICIPAL CASIMIRO DE ABREU,6.38,coordenada corrigida,perfil herdado
2014,BA,2933307,VITORIA DA CONQUISTA,40,1759,ESCOLA MUNICIPAL FELIX PACHECO,397.11,369.09,40_39659_3450,ESCOLA MUNICIPAL CASIMIRO DE ABREU,6.38,coordenada corrigida,perfil herdado
2016,BA,2933307,VITORIA DA CONQUISTA,40,1759,ESCOLA MUNICIPAL FELIX PACHECO,7205.25,1020.62,40_39659_3450,ESCOLA MUNICIPAL CASIMIRO DE ABREU,6.38,coordenada corrigida,perfil herdado
2018,BA,2933307,VITORIA DA CONQUISTA,40,1759,ESCOLA MUNICIPAL FELIX PACHECO,7205.25,1020.62,40_39659_3450,ESCOLA MUNICIPAL CASIMIRO DE ABREU,6.38,coordenada corrigida,perfil herdado
2020,BA,2933307,VITORIA DA CONQUISTA,40,1759,ESCOLA MUNICIPAL FÉLIX PACHECO,7205.25,1020.62,40_39659_3450,ESCOLA MUNICIPAL CASIMIRO DE ABREU,6.38,coordenada corrigida,perfil herdado
2022,BA,2933307,VITORIA DA CONQUISTA,40,1759,ESCOLA MUNICIPAL FÉLIX PACHECO,7205.25,1020.62,40_39659_3450,ESCOLA MUNICIPAL CASIMIRO DE ABREU,6.38,coordenada corrigida,perfil herdado
2024,BA,2933307,VITORIA DA CONQUISTA,40,1759,ESCOLA MUNICIPAL FÉLIX PACHECO,7205.25,1020.62,40_39659_3450,ESCOLA MUNICIPAL CASIMIRO DE ABREU,6.37,renda incoerente com os vizinhos rurais (R$ 1075),perfil herdado
2024,BA,2933307,VITORIA DA CONQUISTA,40,1783,CENTRO EDUCACIONAL MUNICIPAL EURÍPEDES PERI ROSA,1018.89,1015.41,40_39659_3565,ESCOLA MUNICIPAL EUCLIDES DANTAS,5.35,coordenada corrigida,perfil herdado
2006,BA,2933307,VITORIA DA CONQUISTA,40,1791,ESCOLA MUNICIPAL OLIMPIO JOSE DIAS,328.98,328.88,40_39659_2496,ESCOLA MUNICIPAL PROFESSOR ANTONIO MOURA,7.11,coordenada corrigida,perfil herdado
2008,BA,2933307,VITORIA DA CONQUISTA,40,1791,ESCOLA MUNICIPAL OLIMPIO JOSE DIAS,328.98,328.88,40_39659_2496,ESCOLA MUNICIPAL PROFESSOR ANTONIO MOURA,7.11,coordenada corrigida,perfil herdado
2010,BA,2933307,VITORIA DA CONQUISTA,40,1791,ESCOLA MUNICIPAL OLIMPIO JOSE DIAS,328.98,328.88,40_39659_2496,ESCOLA MUNICIPAL PROFESSOR ANTONIO MOURA,7.11,coordenada corrigida,perfil herdado
2012,BA,2933307,VITORIA DA CONQUISTA,40,1791,ESCOLA MUNICIPAL OLIMPIO JOSE DIAS,328.98,328.88,40_39659_2496,ESCOLA MUNICIPAL PROFESSOR ANTONIO MOURA,7.11,coordenada corrigida,perfil herdado
2014,BA,2933307,VITORIA DA CONQUISTA,40,1791,ESCOLA MUNICIPAL OLIMPIO JOSE DIAS,328.98,321.83,40_39659_3565,ESCOLA MUNICIPAL EUCLIDE DANTAS,4.97,coordenada corrigida,perfil herdado
2016,BA,2933307,VITORIA DA CONQUISTA,40,1791,ESCOLA MUNICIPAL OLIMPIO JOSE DIAS,911.74,1015.41,40_39659_3565,ESCOLA MUNICIPAL EUCLIDE DANTAS,4.97,coordenada corrigida,perfil herdado
2018,BA,2933307,VITORIA DA CONQUISTA,40,1791,ESCOLA MUNICIPAL OLIMPIO JOSE DIAS,911.74,1015.41,40_39659_3565,ESCOLA MUNICIPAL EUCLIDES DANTAS,4.97,coordenada corrigida,perfil herdado
2020,BA,2933307,VITORIA DA CONQUISTA,40,1791,ESCOLA MUNICIPAL OLÍMPIO JOSÉ DIAS,911.74,1015.41,40_39659_3565,ESCOLA MUNICIPAL EUCLIDES DANTAS,4.97,coordenada corrigida,perfil herdado
2022,BA,2933307,VITORIA DA CONQUISTA,40,1791,ESCOLA MUNICIPAL OLÍMPIO JOSÉ DIAS,911.74,1015.41,40_39659_3565,ESCOLA MUNICIPAL EUCLIDES DANTAS,4.97,coordenada corrigida,perfil herdado
2024,BA,2933307,VITORIA DA CONQUISTA,40,1791,ESCOLA MUNICIPAL OLÍMPIO JOSÉ DIAS,911.74,1015.41,40_39659_3565,ESCOLA MUNICIPAL EUCLIDES DANTAS,4.94,coordenada corrigida,perfil herdado
2006,BA,2933307,VITORIA DA CONQUISTA,40,1821,ESCOLA MUNICIPAL AFONSO HOFFMAN,411.52,417.84,40_39659_1937,ESCOLA MUNICIPAL EULALIO LEITE,18.25,coordenada corrigida,perfil herdado
2008,BA,2933307,VITORIA DA CONQUISTA,40,1821,ESCOLA MUNICIPAL AFONSO HOFFMAN,411.52,420.66,40_39659_3476,ESCOLA MUNICIPAL JOHN KENNEDY,12.87,coordenada corrigida,perfil herdado
2010,BA,2933307,VITORIA DA CONQUISTA,40,1821,ESCOLA MUNICIPAL AFONSO HOFFMAN,411.52,420.66,40_39659_3476,ESCOLA MUNICIPAL JOHN KENNEDY,12.87,coordenada corrigida,perfil herdado
2012,BA,2933307,VITORIA DA CONQUISTA,40,1821,ESCOLA MUNICIPAL AFONSO HOFFMAN,411.52,420.66,40_39659_3476,ESCOLA MUNICIPAL JOHN KENNEDY,12.87,coordenada corrigida,perfil herdado
2014,BA,2933307,VITORIA DA CONQUISTA,40,1821,ESCOLA MUNICIPAL AFONSO HOFFMAN,411.52,420.66,40_39659_3476,ESCOLA MUNICIPAL JOHN KENNEDY,12.87,coordenada corrigida,perfil herdado
2016,BA,2933307,VITORIA DA CONQUISTA,40,1821,ESCOLA MUNICIPAL AFONSO HOFFMAN,7205.25,921.54,40_39659_3476,ESCOLA MUNICIPAL JOHN KENNEDY,12.87,coordenada corrigida,perfil herdado
2018,BA,2933307,VITORIA DA CONQUISTA,40,1821,ESCOLA MUNICIPAL AFONSO HOFFMAN,7205.25,921.54,40_39659_3476,ESCOLA MUNICIPAL JOHN KENNEDY,12.87,coordenada corrigida,perfil herdado
2020,BA,2933307,VITORIA DA CONQUISTA,40,1821,ESCOLA MUNICIPAL AFONSO HOFFMAN,7205.25,921.54,40_39659_3476,ESCOLA MUNICIPAL JOHN KENNEDY,12.87,coordenada corrigida,perfil herdado
2022,BA,2933307,VITORIA DA CONQUISTA,40,1821,ESCOLA MUNICIPAL AFONSO HOFFMAN,7205.25,921.54,40_39659_3476,ESCOLA MUNICIPAL JOHN KENNEDY,12.87,coordenada corrigida,perfil herdado
2024,BA,2933307,VITORIA DA CONQUISTA,40,1821,ESCOLA MUNICIPAL AFONSO HOFFMAN,7205.25,921.54,40_39659_3476,ESCOLA MUNICIPAL JOHN KENNEDY,12.89,renda incoerente com os vizinhos rurais (R$ 1124),perfil herdado
2006,BA,2933307,VITORIA DA CONQUISTA,40,1830,ESCOLA MUNICIPAL ANTONIO MACHADO,328.88,390.68,40_39659_3301,ESCOLA MUNICIPAL OTAVIANO SALGADO,12.68,coordenada corrigida,perfil herdado
2008,BA,2933307,VITORIA DA CONQUISTA,40,1830,ESCOLA MUNICIPAL ANTONIO MACHADO,328.88,420.66,40_39659_3476,ESCOLA MUNICIPAL JOHN KENNEDY,8.57,coordenada corrigida,perfil herdado
2010,BA,2933307,VITORIA DA CONQUISTA,40,1830,ESCOLA MUNICIPAL ANTONIO MACHADO,328.88,420.66,40_39659_3476,ESCOLA MUNICIPAL JOHN KENNEDY,8.57,coordenada corrigida,perfil herdado
2012,BA,2933307,VITORIA DA CONQUISTA,40,1830,ESCOLA MUNICIPAL ANTONIO MACHADO,328.88,420.66,40_39659_3476,ESCOLA MUNICIPAL JOHN KENNEDY,8.57,coordenada corrigida,perfil herdado
2014,BA,2933307,VITORIA DA CONQUISTA,40,1830,ESCOLA MUNICIPAL ANTONIO MACHADO,328.88,420.66,40_39659_3476,ESCOLA MUNICIPAL JOHN KENNEDY,8.57,coordenada corrigida,perfil herdado
2016,BA,2933307,VITORIA DA CONQUISTA,40,1830,ESCOLA MUNICIPAL ANTONIO MACHADO,1208.36,921.54,40_39659_3476,ESCOLA MUNICIPAL JOHN KENNEDY,8.57,coordenada corrigida,perfil herdado
2018,BA,2933307,VITORIA DA CONQUISTA,40,1830,ESCOLA MUNICIPAL ANTONIO MACHADO,1208.36,921.54,40_39659_3476,ESCOLA MUNICIPAL JOHN KENNEDY,8.57,coordenada corrigida,perfil herdado
2020,BA,2933307,VITORIA DA CONQUISTA,40,1830,ESCOLA MUNICIPAL ANTÔNIO MACHADO,1208.36,921.54,40_39659_3476,ESCOLA MUNICIPAL JOHN KENNEDY,8.57,coordenada corrigida,perfil herdado
2022,BA,2933307,VITORIA DA CONQUISTA,40,1830,ESCOLA MUNICIPAL ANTÔNIO MACHADO,1208.36,921.54,40_39659_3476,ESCOLA MUNICIPAL JOHN KENNEDY,8.57,coordenada corrigida,perfil herdado
2006,BA,2933307,VITORIA DA CONQUISTA,40,1864,ESCOLA MUNICIPAL PAULO SETUBAL,350.99,417.84,40_39659_1961,ESCOLA MUNICIPAL J. J. SEABRA,28.03,coordenada corrigida,perfil herdado
2008,BA,2933307,VITORIA DA CONQUISTA,40,1864,ESCOLA MUNICIPAL PAULO SETUBAL,350.99,420.66,40_39659_3476,ESCOLA MUNICIPAL JOHN KENNEDY,15.16,coordenada corrigida,perfil herdado
2010,BA,2933307,VITORIA DA CONQUISTA,40,1864,ESCOLA MUNICIPAL PAULO SETUBAL,350.99,420.66,40_39659_3476,ESCOLA MUNICIPAL JOHN KENNEDY,15.16,coordenada corrigida,perfil herdado
2012,BA,2933307,VITORIA DA CONQUISTA,40,1864,ESCOLA MUNICIPAL PAULO SETUBAL,350.99,420.66,40_39659_3476,ESCOLA MUNICIPAL JOHN KENNEDY,15.16,coordenada corrigida,perfil herdado
2014,BA,2933307,VITORIA DA CONQUISTA,40,1864,ESCOLA MUNICIPAL PAULO SETUBAL,350.99,420.66,40_39659_3476,ESCOLA MUNICIPAL JOHN KENNEDY,15.16,coordenada corrigida,perfil herdado
2016,BA,2933307,VITORIA DA CONQUISTA,40,1864,ESCOLA MUNICIPAL PAULO SETUBAL,6722.85,921.54,40_39659_3476,ESCOLA MUNICIPAL JOHN KENNEDY,15.16,coordenada corrigida,perfil herdado
2018,BA,2933307,VITORIA DA CONQUISTA,40,1864,ESCOLA MUNICIPAL PAULO SETUBAL,6722.85,921.54,40_39659_3476,ESCOLA MUNICIPAL JOHN KENNEDY,15.16,coordenada corrigida,perfil herdado
2020,BA,2933307,VITORIA DA CONQUISTA,40,1864,ESCOLA MUNICIPAL PAULO SETÚBAL,6722.85,921.54,40_39659_3476,ESCOLA MUNICIPAL JOHN KENNEDY,15.16,coordenada corrigida,perfil herdado
2022,BA,2933307,VITORIA DA CONQUISTA,40,1864,ESCOLA MUNICIPAL PAULO SETÚBAL,6722.85,921.54,40_39659_3476,ESCOLA MUNICIPAL JOHN KENNEDY,15.16,coordenada corrigida,perfil herdado
2024,BA,2933307,VITORIA DA CONQUISTA,40,1864,ESCOLA MUNICIPAL PAULO SETÚBAL,6722.85,921.54,40_39659_3476,ESCOLA MUNICIPAL JOHN KENNEDY,15.09,renda incoerente com os vizinhos rurais (R$ 1124),perfil herdado
2006,BA,2933307,VITORIA DA CONQUISTA,40,1872,ESCOLA MUNICIPAL RUY BARBOSA,755.25,427.72,40_39659_1970,ESCOLA MUNICIPAL IDALIA TORRES,5.23,coordenada corrigida,perfil herdado
2008,BA,2933307,VITORIA DA CONQUISTA,40,1872,ESCOLA MUNICIPAL RUY BARBOSA,755.25,427.72,40_39659_1970,ESCOLA MUNICIPAL IDALIA TORRES,5.23,coordenada corrigida,perfil herdado
2010,BA,2933307,VITORIA DA CONQUISTA,40,1872,ESCOLA MUNICIPAL RUY BARBOSA,755.25,427.72,40_39659_1970,ESCOLA MUNICIPAL IDALIA TORRES,5.23,coordenada corrigida,perfil herdado
2012,BA,2933307,VITORIA DA CONQUISTA,40,1872,ESCOLA MUNICIPAL RUY BARBOSA,755.25,427.72,40_39659_1970,ESCOLA MUNICIPAL ZELIA SALDANHA,5.6,coordenada corrigida,perfil herdado
2014,BA,2933307,VITORIA DA CONQUISTA,40,1872,ESCOLA MUNICIPAL RUY BARBOSA,755.25,427.72,40_39659_1970,ESCOLA MUNICIPAL ZELIA SALDANHA,5.6,coordenada corrigida,perfil herdado
2016,BA,2933307,VITORIA DA CONQUISTA,40,1872,ESCOLA MUNICIPAL RUY BARBOSA,6815.4,1197.26,40_39659_1970,ESCOLA MUNICIPAL ZELIA SALDANHA,5.6,coordenada corrigida,perfil herdado
2018,BA,2933307,VITORIA DA CONQUISTA,40,1872,CENTRO EDUCACIONAL RUY BARBOSA,6815.4,1197.26,40_39659_1970,ESCOLA MUNICIPAL ZELIA SALDANHA,5.6,coordenada corrigida,perfil herdado
2020,BA,2933307,VITORIA DA CONQUISTA,40,1872,CENTRO EDUCACIONAL RUY BARBOSA,6815.4,1197.26,40_39659_1970,ESCOLA MUNICIPAL ZÉLIA SALDANHA,5.6,coordenada corrigida,perfil herdado
2022,BA,2933307,VITORIA DA CONQUISTA,40,1872,CENTRO EDUCACIONAL RUY BARBOSA,6815.4,1197.26,40_39659_1970,ESCOLA MUNICIPAL ZÉLIA SALDANHA,5.6,coordenada corrigida,perfil herdado
2024,BA,2933307,VITORIA DA CONQUISTA,40,1872,CENTRO EDUCACIONAL RUY BARBOSA,6815.4,921.54,40_39659_3476,ESCOLA MUNICIPAL JOHN KENNEDY,33.11,renda incoerente com os vizinhos rurais (R$ 1124),perfil herdado
2006,BA,2933307,VITORIA DA CONQUISTA,40,1880,ESCOLA MUNICIPAL TOBIAS BARRETO,401.84,390.68,40_39659_3301,ESCOLA MUNICIPAL OTAVIANO SALGADO,23.99,coordenada corrigida,perfil herdado
2008,BA,2933307,VITORIA DA CONQUISTA,40,1880,ESCOLA MUNICIPAL TOBIAS BARRETO,401.84,420.66,40_39659_3476,ESCOLA MUNICIPAL JOHN KENNEDY,9.7,coordenada corrigida,perfil herdado
2010,BA,2933307,VITORIA DA CONQUISTA,40,1880,ESCOLA MUNICIPAL TOBIAS BARRETO,401.84,420.66,40_39659_3476,ESCOLA MUNICIPAL JOHN KENNEDY,9.7,coordenada corrigida,perfil herdado
2012,BA,2933307,VITORIA DA CONQUISTA,40,1880,ESCOLA MUNICIPAL TOBIAS BARRETO,401.84,420.66,40_39659_3476,ESCOLA MUNICIPAL JOHN KENNEDY,9.7,coordenada corrigida,perfil herdado
2014,BA,2933307,VITORIA DA CONQUISTA,40,1880,ESCOLA MUNICIPAL TOBIAS BARRETO,401.84,420.66,40_39659_3476,ESCOLA MUNICIPAL JOHN KENNEDY,9.7,coordenada corrigida,perfil herdado
2016,BA,2933307,VITORIA DA CONQUISTA,40,1880,ESCOLA MUNICIPAL TOBIAS BARRETO,862.54,921.54,40_39659_3476,ESCOLA MUNICIPAL JOHN KENNEDY,9.7,coordenada corrigida,perfil herdado
2018,BA,2933307,VITORIA DA CONQUISTA,40,1880,CENTRO EDUCACIONAL TOBIAS BARRETO,862.54,921.54,40_39659_3476,ESCOLA MUNICIPAL JOHN KENNEDY,9.7,coordenada corrigida,perfil herdado
2020,BA,2933307,VITORIA DA CONQUISTA,40,1880,CENTRO EDUCACIONAL TOBIAS BARRETO,862.54,921.54,40_39659_3476,ESCOLA MUNICIPAL JOHN KENNEDY,9.7,coordenada corrigida,perfil herdado
2022,BA,2933307,VITORIA DA CONQUISTA,40,1880,CENTRO EDUCACIONAL TOBIAS BARRETO,6941.05,921.54,40_39659_3476,ESCOLA MUNICIPAL JOHN KENNEDY,9.7,coordenada corrigida,perfil herdado
2006,BA,2933307,VITORIA DA CONQUISTA,40,1899,ESCOLA MUNICIPAL VIRGILIO FERRAZ,382.78,390.68,40_39659_3301,ESCOLA MUNICIPAL OTAVIANO SALGADO,30.89,coordenada corrigida,perfil herdado
2008,BA,2933307,VITORIA DA CONQUISTA,40,1899,ESCOLA MUNICIPAL VIRGILIO FERRAZ,382.78,420.66,40_39659_3476,ESCOLA MUNICIPAL JOHN KENNEDY,13.59,coordenada corrigida,perfil herdado
2010,BA,2933307,VITORIA DA CONQUISTA,40,1899,ESCOLA MUNICIPAL VIRGILIO FERRAZ,382.78,420.66,40_39659_3476,ESCOLA MUNICIPAL JOHN KENNEDY,13.59,coordenada corrigida,perfil herdado
2012,BA,2933307,VITORIA DA CONQUISTA,40,1899,ESCOLA MUNICIPAL VIRGILIO FERRAZ,382.78,420.66,40_39659_3476,ESCOLA MUNICIPAL JOHN KENNEDY,13.59,coordenada corrigida,perfil herdado
2014,BA,2933307,VITORIA DA CONQUISTA,40,1899,ESCOLA MUNICIPAL VIRGILIO FERRAZ,382.78,420.66,40_39659_3476,ESCOLA MUNICIPAL JOHN KENNEDY,13.59,coordenada corrigida,perfil herdado
2016,BA,2933307,VITORIA DA CONQUISTA,40,1899,ESCOLA MUNICIPAL VIRGILIO FERRAZ,7236.46,921.54,40_39659_3476,ESCOLA MUNICIPAL JOHN KENNEDY,13.59,coordenada corrigida,perfil herdado
2018,BA,2933307,VITORIA DA CONQUISTA,40,1899,ESCOLA MUNICIPAL VIRGILIO FERRAZ,7236.46,921.54,40_39659_3476,ESCOLA MUNICIPAL JOHN KENNEDY,13.59,coordenada corrigida,perfil herdado
2020,BA,2933307,VITORIA DA CONQUISTA,40,1899,ESCOLA MUNICIPAL VIRGÍLIO FERRAZ,7236.46,921.54,40_39659_3476,ESCOLA MUNICIPAL JOHN KENNEDY,13.59,coordenada corrigida,perfil herdado
2022,BA,2933307,VITORIA DA CONQUISTA,40,1899,ESCOLA MUNICIPAL VIRGÍLIO FERRAZ,7236.46,921.54,40_39659_3476,ESCOLA MUNICIPAL JOHN KENNEDY,13.59,coordenada corrigida,perfil herdado
2024,BA,2933307,VITORIA DA CONQUISTA,40,1899,ESCOLA MUNICIPAL VIRGÍLIO FERRAZ,7236.46,921.54,40_39659_3476,ESCOLA MUNICIPAL JOHN KENNEDY,13.35,renda incoerente com os vizinhos rurais (R$ 1124),perfil herdado
2024,BA,2933307,VITORIA DA CONQUISTA,40,2020,ESCOLA MUNICIPAL BEATRIZ HOFFMAN,1122.18,1111.69,40_39659_3573,ESCOLA DO POVOADO DE LAGOA DO ARROZ,9.9,coordenada corrigida,perfil herdado
2024,BA,2933307,VITORIA DA CONQUISTA,40,2054,ESCOLA MUNICIPAL FRANCISCO ANTÔNIO DE VASCONCELOS,1096.95,1409.08,40_39659_3425,ESCOLA MUNICIPAL SANTA RITA DE CÁSSIA,8.25,coordenada corrigida,perfil herdado
2006,BA,2933307,VITORIA DA CONQUISTA,40,2100,ESCOLA MUNICIPAL LEOPOLDO MIGUEZ,398.73,611.21,40_39659_1929,ESCOLA MUNICIPAL CELENE FLORES,20.01,coordenada corrigida,perfil herdado
2008,BA,2933307,VITORIA DA CONQUISTA,40,2100,ESCOLA MUNICIPAL LEOPOLDO MIGUEZ,398.73,611.21,40_39659_1929,ESCOLA MUNICIPAL CELENE FLORES,20.01,coordenada corrigida,perfil herdado
2010,BA,2933307,VITORIA DA CONQUISTA,40,2100,ESCOLA MUNICIPAL LEOPOLDO MIGUEZ,398.73,611.21,40_39659_1929,ESCOLA MUNICIPAL CELENE FLORES,20.01,coordenada corrigida,perfil herdado
2012,BA,2933307,VITORIA DA CONQUISTA,40,2100,ESCOLA MUNICIPAL LEOPOLDO MIGUEZ,398.73,538.2,40_39659_3425,ESCOLA MUNICIPAL SANTA RITA DE CASSIA,21.76,coordenada corrigida,perfil herdado
2014,BA,2933307,VITORIA DA CONQUISTA,40,2100,ESCOLA MUNICIPAL LEOPOLDO MIGUEZ,398.73,538.2,40_39659_3425,ESCOLA MUNICIPAL SANTA RITA DE CASSIA,21.76,coordenada corrigida,perfil herdado
2016,BA,2933307,VITORIA DA CONQUISTA,40,2100,ESCOLA MUNICIPAL LEOPOLDO MIGUEZ,5833.84,1409.08,40_39659_3425,ESCOLA MUNICIPAL SANTA RITA DE CASSIA,21.76,coordenada corrigida,perfil herdado
2018,BA,2933307,VITORIA DA CONQUISTA,40,2100,ESCOLA MUNICIPAL LEOPOLDO MIGUEZ,5833.84,1409.08,40_39659_3425,ESCOLA MUNICIPAL SANTA RITA DE CASSIA,21.76,coordenada corrigida,perfil herdado
2020,BA,2933307,VITORIA DA CONQUISTA,40,2100,ESCOLA MUNICIPAL LEOPOLDO MIGUEZ,5833.84,1409.08,40_39659_3425,ESCOLA MUNICIPAL SANTA RITA DE CÁSSIA,21.76,coordenada corrigida,perfil herdado
2022,BA,2933307,VITORIA DA CONQUISTA,40,2100,ESCOLA MUNICIPAL LEOPOLDO MIGUEZ,5833.84,1409.08,40_39659_3425,ESCOLA MUNICIPAL SANTA RITA DE CÁSSIA,21.76,coordenada corrigida,perfil herdado
2024,BA,2933307,VITORIA DA CONQUISTA,40,2100,ESCOLA MUNICIPAL LEOPOLDO MIGUEZ,5833.84,1409.08,40_39659_3425,ESCOLA MUNICIPAL SANTA RITA DE CÁSSIA,21.76,coordenada corrigida,perfil herdado
2024,BA,2933307,VITORIA DA CONQUISTA,40,2127,ESCOLA MUNICIPAL MIGUEL CANDIDO GONÇALVES,1197.45,1409.08,40_39659_3425,ESCOLA MUNICIPAL SANTA RITA DE CÁSSIA,3.54,coordenada corrigida,perfil herdado
2024,BA,2933307,VITORIA DA CONQUISTA,40,2160,ESCOLA MUNICIPAL RAUL POMPÉIA,1234.99,1409.08,40_39659_3425,ESCOLA MUNICIPAL SANTA RITA DE CÁSSIA,8.46,coordenada corrigida,perfil herdado
2006,BA,2933307,VITORIA DA CONQUISTA,40,2178,ESCOLA MUNICIPAL EUCLIDES DA CUNHA,480.63,611.21,40_39659_1929,ESCOLA MUNICIPAL CELENE FLORES,15.02,coordenada corrigida,perfil herdado
2008,BA,2933307,VITORIA DA CONQUISTA,40,2178,ESCOLA MUNICIPAL EUCLIDES DA CUNHA,480.63,611.21,40_39659_1929,ESCOLA MUNICIPAL CELENE FLORES,15.02,coordenada corrigida,perfil herdado
2010,BA,2933307,VITORIA DA CONQUISTA,40,2178,ESCOLA MUNICIPAL EUCLIDES DA CUNHA,480.63,611.21,40_39659_1929,ESCOLA MUNICIPAL CELENE FLORES,15.02,coordenada corrigida,perfil herdado
2012,BA,2933307,VITORIA DA CONQUISTA,40,2178,ESCOLA MUNICIPAL EUCLIDES DA CUNHA,480.63,538.2,40_39659_3425,ESCOLA MUNICIPAL SANTA RITA DE CASSIA,18.18,coordenada corrigida,perfil herdado
2014,BA,2933307,VITORIA DA CONQUISTA,40,2178,ESCOLA MUNICIPAL EUCLIDES DA CUNHA,480.63,538.2,40_39659_3425,ESCOLA MUNICIPAL SANTA RITA DE CASSIA,18.18,coordenada corrigida,perfil herdado
2016,BA,2933307,VITORIA DA CONQUISTA,40,2178,ESCOLA MUNICIPAL EUCLIDES DA CUNHA,6943.67,1409.08,40_39659_3425,ESCOLA MUNICIPAL SANTA RITA DE CASSIA,18.18,coordenada corrigida,perfil herdado
2018,BA,2933307,VITORIA DA CONQUISTA,40,2178,ESCOLA MUNICIPAL EUCLIDES DA CUNHA,6943.67,1409.08,40_39659_3425,ESCOLA MUNICIPAL SANTA RITA DE CASSIA,18.18,coordenada corrigida,perfil herdado
2020,BA,2933307,VITORIA DA CONQUISTA,40,2178,ESCOLA MUNICIPAL EUCLIDES DA CUNHA,6943.67,1409.08,40_39659_3425,ESCOLA MUNICIPAL SANTA RITA DE CÁSSIA,18.18,coordenada corrigida,perfil herdado
2022,BA,2933307,VITORIA DA CONQUISTA,40,2178,ESCOLA MUNICIPAL EUCLIDES DA CUNHA,6943.67,1409.08,40_39659_3425,ESCOLA MUNICIPAL SANTA RITA DE CÁSSIA,18.18,coordenada corrigida,perfil herdado
2024,BA,2933307,VITORIA DA CONQUISTA,40,2178,ESCOLA MUNICIPAL EUCLIDES DA CUNHA,6943.67,1409.08,40_39659_3425,ESCOLA MUNICIPAL SANTA RITA DE CÁSSIA,18.19,renda incoerente com os vizinhos rurais (R$ 1013),perfil herdado
2006,BA,2933307,VITORIA DA CONQUISTA,40,2186,ESCOLA MUNICIPAL REGIS PACHECO,344.59,330.66,40_39659_2488,ESCOLA MUNICIPAL ALFREDO BRITO,11.6,coordenada corrigida,perfil herdado
2008,BA,2933307,VITORIA DA CONQUISTA,40,2186,ESCOLA MUNICIPAL REGIS PACHECO,344.59,330.66,40_39659_2488,ESCOLA MUNICIPAL ALFREDO BRITO,11.6,coordenada corrigida,perfil herdado
2010,BA,2933307,VITORIA DA CONQUISTA,40,2186,ESCOLA MUNICIPAL REGIS PACHECO,344.59,330.66,40_39659_2488,ESCOLA MUNICIPAL ALFREDO BRITO,11.6,coordenada corrigida,perfil herdado
2012,BA,2933307,VITORIA DA CONQUISTA,40,2186,ESCOLA MUNICIPAL REGIS PACHECO,344.59,330.66,40_39659_2488,ESCOLA MUNICIPAL ALFREDO BRITO,11.6,coordenada corrigida,perfil herdado
2014,BA,2933307,VITORIA DA CONQUISTA,40,2186,ESCOLA MUNICIPAL REGIS PACHECO,344.59,330.66,40_39659_2488,ESCOLA MUNICIPAL ALFREDO BRITO,11.6,coordenada corrigida,perfil herdado
2016,BA,2933307,VITORIA DA CONQUISTA,40,2186,ESCOLA MUNICIPAL REGIS PACHECO,1009.79,1111.69,40_39659_3573,ESCOLA DO POVOADO DE LAGOA DO ARROZ,8.21,coordenada corrigida,perfil herdado
2018,BA,2933307,VITORIA DA CONQUISTA,40,2186,ESCOLA MUNICIPAL REGIS PACHECO,1009.79,1111.69,40_39659_3573,ESCOLA DO POVOADO DE LAGOA DO ARROZ,8.21,coordenada corrigida,perfil herdado
2020,BA,2933307,VITORIA DA CONQUISTA,40,2186,ESCOLA MUNICIPAL RÉGIS PACHECO,1009.79,1111.69,40_39659_3573,ESCOLA DO POVOADO DE LAGOA DO ARROZ,8.21,coordenada corrigida,perfil herdado
2022,BA,2933307,VITORIA DA CONQUISTA,40,2186,ESCOLA MUNICIPAL RÉGIS PACHECO,1009.79,1111.69,40_39659_3573,ESCOLA DO POVOADO DE LAGOA DO ARROZ,8.21,coordenada corrigida,perfil herdado
2024,BA,2933307,VITORIA DA CONQUISTA,40,2186,ESCOLA MUNICIPAL RÉGIS PACHECO,1009.79,1111.69,40_39659_3573,ESCOLA DO POVOADO DE LAGOA DO ARROZ,8.23,coordenada corrigida,perfil herdado
2024,BA,2933307,VITORIA DA CONQUISTA,40,2194,CENTRO EDUCACIONAL MUNICIPAL MOISÉS MEIRA,2035.41,1409.08,40_39659_3425,ESCOLA MUNICIPAL SANTA RITA DE CÁSSIA,13.35,coordenada corrigida,perfil herdado
2006,BA,2933307,VITORIA DA CONQUISTA,40,2240,ESCOLA MUNICIPAL BOA VISTA,1246.66,417.84,40_39659_1961,ESCOLA MUNICIPAL J. J. SEABRA,2.77,renda incoerente com os vizinhos rurais (R$ 402),perfil herdado
2008,BA,2933307,VITORIA DA CONQUISTA,40,2240,ESCOLA MUNICIPAL BOA VISTA,1246.66,417.84,40_39659_1961,ESCOLA MUNICIPAL J. J. SEABRA,2.77,renda incoerente com os vizinhos rurais (R$ 402),perfil herdado
2010,BA,2933307,VITORIA DA CONQUISTA,40,2240,ESCOLA MUNICIPAL BOA SORTE,447.66,417.84,40_39659_1961,ESCOLA MUNICIPAL J. J. SEABRA,3.58,coordenada corrigida,perfil herdado
2018,BA,2933307,VITORIA DA CONQUISTA,40,2461,ESCOLA MUNICIPAL JESUINO JOSE DE DEUS,5838.31,965.31,40_39659_3441,ESCOLA MUNICIPAL ORLANDO SPINOLA,1.33,renda incoerente com os vizinhos rurais (R$ 1112),perfil herdado
2020,BA,2933307,VITORIA DA CONQUISTA,40,2461,ESCOLA MUNICIPAL JESUINO JOSÉ DE DEUS,5838.31,965.31,40_39659_3441,ESCOLA MUNICIPAL ORLANDO SPÍNOLA,1.33,renda incoerente com os vizinhos rurais (R$ 1112),perfil herdado
2024,BA,2933307,VITORIA DA CONQUISTA,40,2461,ESCOLA MUNICIPAL JESUINO JOSÉ DE DEUS,5838.31,965.31,40_39659_3441,ESCOLA MUNICIPAL ORLANDO SPÍNOLA,1.29,renda incoerente com os vizinhos rurais (R$ 1112),perfil herdado
2006,BA,2933307,VITORIA DA CONQUISTA,40,2526,ESCOLA MUNICIPAL PLINIO DE LIMA,392.65,611.21,40_39659_1929,ESCOLA MUNICIPAL CELENE FLORES,25.26,coordenada corrigida,perfil herdado
2008,BA,2933307,VITORIA DA CONQUISTA,40,2526,ESCOLA MUNICIPAL PLINIO DE LIMA,392.65,611.21,40_39659_1929,ESCOLA MUNICIPAL CELENE FLORES,25.26,coordenada corrigida,perfil herdado
2010,BA,2933307,VITORIA DA CONQUISTA,40,2526,ESCOLA MUNICIPAL PLINIO DE LIMA,392.65,611.21,40_39659_1929,ESCOLA MUNICIPAL CELENE FLORES,25.26,coordenada corrigida,perfil herdado
2012,BA,2933307,VITORIA DA CONQUISTA,40,2526,ESCOLA MUNICIPAL PLINIO DE LIMA,392.65,538.2,40_39659_3425,ESCOLA MUNICIPAL SANTA RITA DE CASSIA,27.79,coordenada corrigida,perfil herdado
2014,BA,2933307,VITORIA DA CONQUISTA,40,2526,ESCOLA MUNICIPAL PLINIO DE LIMA,392.65,538.2,40_39659_3425,ESCOLA MUNICIPAL SANTA RITA DE CASSIA,27.79,coordenada corrigida,perfil herdado
2016,BA,2933307,VITORIA DA CONQUISTA,40,2526,ESCOLA MUNICIPAL PLINIO DE LIMA,5830.46,1409.08,40_39659_3425,ESCOLA MUNICIPAL SANTA RITA DE CASSIA,27.79,coordenada corrigida,perfil herdado
2018,BA,2933307,VITORIA DA CONQUISTA,40,2526,ESCOLA MUNICIPAL PLINIO DE LIMA,5830.46,1409.08,40_39659_3425,ESCOLA MUNICIPAL SANTA RITA DE CASSIA,27.79,coordenada corrigida,perfil herdado
2020,BA,2933307,VITORIA DA CONQUISTA,40,2526,ESCOLA MUNICIPAL PLÍNIO DE LIMA,5830.46,1409.08,40_39659_3425,ESCOLA MUNICIPAL SANTA RITA DE CÁSSIA,27.79,coordenada corrigida,perfil herdado
2022,BA,2933307,VITORIA DA CONQUISTA,40,2526,ESCOLA MUNICIPAL PLÍNIO DE LIMA,5830.46,1409.08,40_39659_3425,ESCOLA MUNICIPAL SANTA RITA DE CÁSSIA,27.79,coordenada corrigida,perfil herdado
2024,BA,2933307,VITORIA DA CONQUISTA,40,2526,ESCOLA MUNICIPAL PLÍNIO DE LIMA,5830.46,1409.08,40_39659_3425,ESCOLA MUNICIPAL SANTA RITA DE CÁSSIA,27.77,renda incoerente com os vizinhos rurais (R$ 1124),perfil herdado
2006,BA,2933307,VITORIA DA CONQUISTA,40,2593,ESCOLA MUNICIPAL EDUARDO DALTRO,538.83,611.21,40_39659_1929,ESCOLA MUNICIPAL CELENE FLORES,9.92,coordenada corrigida,perfil herdado
2008,BA,2933307,VITORIA DA CONQUISTA,40,2593,ESCOLA MUNICIPAL EDUARDO DALTRO,538.83,611.21,40_39659_1929,ESCOLA MUNICIPAL CELENE FLORES,9.92,coordenada corrigida,perfil herdado
2010,BA,2933307,VITORIA DA CONQUISTA,40,2593,ESCOLA MUNICIPAL EDUARDO DALTRO,538.83,611.21,40_39659_1929,ESCOLA MUNICIPAL CELENE FLORES,9.92,coordenada corrigida,perfil herdado
2012,BA,2933307,VITORIA DA CONQUISTA,40,2593,ESCOLA MUNICIPAL SAO DOMINGOS II,472.07,538.2,40_39659_3425,ESCOLA MUNICIPAL SANTA RITA DE CASSIA,13.67,coordenada corrigida,perfil herdado
2014,BA,2933307,VITORIA DA CONQUISTA,40,2593,ESCOLA MUNICIPAL SAO DOMINGOS II,472.07,538.2,40_39659_3425,ESCOLA MUNICIPAL SANTA RITA DE CASSIA,13.67,coordenada corrigida,perfil herdado
2016,BA,2933307,VITORIA DA CONQUISTA,40,2593,ESCOLA MUNICIPAL SAO DOMINGOS II,7190.76,1409.08,40_39659_3425,ESCOLA MUNICIPAL SANTA RITA DE CASSIA,13.67,coordenada corrigida,perfil herdado
2018,BA,2933307,VITORIA DA CONQUISTA,40,2593,ESCOLA MUNICIPAL SAO DOMINGOS II,7190.76,1409.08,40_39659_3425,ESCOLA MUNICIPAL SANTA RITA DE CASSIA,13.67,coordenada corrigida,perfil herdado
2020,BA,2933307,VITORIA DA CONQUISTA,40,2593,ESCOLA MUNICIPAL SÃO DOMINGOS II,7190.76,1409.08,40_39659_3425,ESCOLA MUNICIPAL SANTA RITA DE CÁSSIA,13.67,coordenada corrigida,perfil herdado
2022,BA,2933307,VITORIA DA CONQUISTA,40,2593,ESCOLA MUNICIPAL SÃO DOMINGOS II,7190.76,1409.08,40_39659_3425,ESCOLA MUNICIPAL SANTA RITA DE CÁSSIA,13.67,coordenada corrigida,perfil herdado
2024,BA,2933307,VITORIA DA CONQUISTA,40,3239,ESCOLA MUNICIPAL LAUDIONOR BRASIL,1122.63,1385.23,40_39659_2810,ESCOLA MUNICIPAL GILDÁSIO CAIRO DOS SANTOS,6.65,coordenada corrigida,perfil herdado
2006,BA,2933307,VITORIA DA CONQUISTA,40,3271,ESCOLA MUNICIPAL FABIO HENRIQUE,382.78,417.84,40_39659_1937,ESCOLA MUNICIPAL EULALIO LEITE,36.01,coordenada corrigida,perfil herdado
2008,BA,2933307,VITORIA DA CONQUISTA,40,3271,ESCOLA MUNICIPAL FABIO HENRIQUE,382.78,420.66,40_39659_3476,ESCOLA MUNICIPAL JOHN KENNEDY,18.46,coordenada corrigida,perfil herdado
2010,BA,2933307,VITORIA DA CONQUISTA,40,3271,ESCOLA MUNICIPAL FABIO HENRIQUE,382.78,420.66,40_39659_3476,ESCOLA MUNICIPAL JOHN KENNEDY,18.46,coordenada corrigida,perfil herdado
2012,BA,2933307,VITORIA DA CONQUISTA,40,3271,ESCOLA MUNICIPAL FABIO HENRIQUE,382.78,420.66,40_39659_3476,ESCOLA MUNICIPAL JOHN KENNEDY,18.46,coordenada corrigida,perfil herdado
2014,BA,2933307,VITORIA DA CONQUISTA,40,3271,ESCOLA MUNICIPAL FABIO HENRIQUE,382.78,420.66,40_39659_3476,ESCOLA MUNICIPAL JOHN KENNEDY,18.46,coordenada corrigida,perfil herdado
2016,BA,2933307,VITORIA DA CONQUISTA,40,3271,ESCOLA MUNICIPAL FABIO HENRIQUE,7236.46,921.54,40_39659_3476,ESCOLA MUNICIPAL JOHN KENNEDY,18.46,coordenada corrigida,perfil herdado
2018,BA,2933307,VITORIA DA CONQUISTA,40,3271,CENTRO EDUCACIONAL FABIO HENRIQUE,5828.49,921.54,40_39659_3476,ESCOLA MUNICIPAL JOHN KENNEDY,18.46,coordenada corrigida,perfil herdado
2020,BA,2933307,VITORIA DA CONQUISTA,40,3271,CENTRO EDUCACIONAL FÁBIO HENRIQUE,5828.49,921.54,40_39659_3476,ESCOLA MUNICIPAL JOHN KENNEDY,18.46,coordenada corrigida,perfil herdado
2022,BA,2933307,VITORIA DA CONQUISTA,40,3271,CENTRO EDUCACIONAL FÁBIO HENRIQUE,5828.49,921.54,40_39659_3476,ESCOLA MUNICIPAL JOHN KENNEDY,18.46,coordenada corrigida,perfil herdado
2024,BA,2933307,VITORIA DA CONQUISTA,40,3271,CENTRO EDUCACIONAL FÁBIO HENRIQUE,5828.49,921.54,40_39659_3476,ESCOLA MUNICIPAL JOHN KENNEDY,19.52,renda incoerente com os vizinhos rurais (R$ 1124),perfil herdado
2006,BA,2933307,VITORIA DA CONQUISTA,40,3298,ESCOLA MUNICIPAL VENCESLAU RIBEIRO PRADO,314.94,327.47,40_39659_3395,ESCOLA MUNICIPAL EUNAPIO MOREIRA DOS SANTOS,3.86,coordenada corrigida,perfil herdado
2008,BA,2933307,VITORIA DA CONQUISTA,40,3298,ESCOLA MUNICIPAL VENCESLAU RIBEIRO PRADO,314.94,327.47,40_39659_3395,ESCOLA MUNICIPAL EUNAPIO MOREIRA DOS SANTOS,3.86,coordenada corrigida,perfil herdado
2010,BA,2933307,VITORIA DA CONQUISTA,40,3298,ESCOLA MUNICIPAL VENCESLAU RIBEIRO PRADO,314.94,327.47,40_39659_3395,ESCOLA MUNICIPAL EUNAPIO MOREIRA DOS SANTOS,3.86,coordenada corrigida,perfil herdado
2012,BA,2933307,VITORIA DA CONQUISTA,40,3298,ESCOLA MUNICIPAL VENCESLAU RIBEIRO PRADO,314.94,327.47,40_39659_3395,ESCOLA MUNICIPAL EUNAPIO MOREIRA DOS SANTOS,3.86,coordenada corrigida,perfil herdado
2014,BA,2933307,VITORIA DA CONQUISTA,40,3298,ESCOLA MUNICIPAL VENCESLAU RIBEIRO PRADO,314.94,327.47,40_39659_3395,ESCOLA MUNICIPAL EUNAPIO MOREIRA DOS SANTOS,3.86,coordenada corrigida,perfil herdado
2016,BA,2933307,VITORIA DA CONQUISTA,40,3298,ESCOLA MUNICIPAL VENCESLAU RIBEIRO PRADO,3583.77,993.72,40_39659_3395,ESCOLA MUNICIPAL EUNAPIO MOREIRA DOS SANTOS,3.86,coordenada corrigida,perfil herdado
2018,BA,2933307,VITORIA DA CONQUISTA,40,3298,ESCOLA MUNICIPAL VENCESLAU RIBEIRO PRADO,3583.77,993.72,40_39659_3395,ESCOLA MUNICIPAL EUNAPIO MOREIRA DOS SANTOS,3.86,coordenada corrigida,perfil herdado
2020,BA,2933307,VITORIA DA CONQUISTA,40,3298,ESCOLA MUNICIPAL VENCESLAU RIBEIRO PRADO,3583.77,993.72,40_39659_3395,ESCOLA MUNICIPAL EUNÁPIO MOREIRA DOS SANTOS,3.86,coordenada corrigida,perfil herdado
2022,BA,2933307,VITORIA DA CONQUISTA,40,3298,ESCOLA MUNICIPAL VENCESLAU RIBEIRO PRADO,3583.77,993.72,40_39659_3395,ESCOLA MUNICIPAL EUNÁPIO MOREIRA DOS SANTOS,3.86,coordenada corrigida,perfil herdado
2024,BA,2933307,VITORIA DA CONQUISTA,40,3298,ESCOLA MUNICIPAL VENCESLAU RIBEIRO PRADO,3583.77,993.72,40_39659_3395,ESCOLA MUNICIPAL EUNÁPIO MOREIRA DOS SANTOS,3.84,renda incoerente com os vizinhos rurais (R$ 1005),perfil herdado
2006,BA,2933307,VITORIA DA CONQUISTA,40,3310,ESCOLA MUNICIPAL MEDEIROS DE ALBUQUERQUE,475.79,378.82,40_39659_1724,CENTRO MUNICIPAL DE EDUCACAO ERATHOSTHENES MENEZES,5.12,coordenada corrigida,perfil herdado
2008,BA,2933307,VITORIA DA CONQUISTA,40,3310,ESCOLA MUNICIPAL MEDEIROS DE ALBUQUERQUE,475.79,378.82,40_39659_1724,CENTRO MUNICIPAL DE EDUCACAO ERATHOSTHENES MENEZES,5.12,coordenada corrigida,perfil herdado
2010,BA,2933307,VITORIA DA CONQUISTA,40,3310,ESCOLA MUNICIPAL MEDEIROS DE ALBUQUERQUE,475.79,378.82,40_39659_1724,CENTRO MUNICIPAL DE EDUCACAO ERATHOSTHENES MENEZES,5.12,coordenada corrigida,perfil herdado
2012,BA,2933307,VITORIA DA CONQUISTA,40,3310,ESCOLA MUNICIPAL MEDEIROS DE ALBUQUERQUE,475.79,378.82,40_39659_1724,CENTRO MUNICIPAL DE EDUCACAO ERATHOSTHENES MENEZES,5.12,coordenada corrigida,perfil herdado
2014,BA,2933307,VITORIA DA CONQUISTA,40,3310,ESCOLA MUNICIPAL MEDEIROS DE ALBUQUERQUE,475.79,378.82,40_39659_1724,CENTRO MUNICIPAL DE EDUCACAO ERATHOSTHENES MENEZES,5.12,coordenada corrigida,perfil herdado
2016,BA,2933307,VITORIA DA CONQUISTA,40,3310,ESCOLA MUNICIPAL MEDEIROS DE ALBUQUERQUE,5838.31,1240.0,40_39659_1724,CENTRO MUNICIPAL DE EDUCACAO ERATHOSTHENES MENEZES,5.12,coordenada corrigida,perfil herdado
2018,BA,2933307,VITORIA DA CONQUISTA,40,3310,ESCOLA MUNICIPAL MEDEIROS DE ALBUQUERQUE,5838.31,1240.0,40_39659_1724,CENTRO MUNICIPAL DE EDUCACAO ERATHOSTHENES MENEZES,5.12,coordenada corrigida,perfil herdado
2020,BA,2933307,VITORIA DA CONQUISTA,40,3310,ESCOLA MUNICIPAL MEDEIROS DE ALBUQUERQUE,5838.31,1240.0,40_39659_1724,CENTRO MUNICIPAL DE EDUCAÇÃO ERATHOSTHENES MENEZES,5.12,coordenada corrigida,perfil herdado
2022,BA,2933307,VITORIA DA CONQUISTA,40,3310,ESCOLA MUNICIPAL MEDEIROS DE ALBUQUERQUE,5838.31,1240.0,40_39659_1724,CENTRO MUNICIPAL DE EDUCAÇÃO ERATHOSTHENES MENEZES,5.12,coordenada corrigida,perfil herdado
2024,BA,2933307,VITORIA DA CONQUISTA,40,3310,ESCOLA MUNICIPAL MEDEIROS DE ALBUQUERQUE,5838.31,1240.0,40_39659_1724,CENTRO MUNICIPAL DE EDUCAÇÃO ERATHOSTHENES MENEZES,5.12,renda incoerente com os vizinhos rurais (R$ 1197),perfil herdado
2006,BA,2933307,VITORIA DA CONQUISTA,40,3328,ESCOLA MUNICIPAL MANOEL MARTINS FERREIRA,330.41,390.68,40_39659_3301,ESCOLA MUNICIPAL OTAVIANO SALGADO,28.24,coordenada corrigida,perfil herdado
2008,BA,2933307,VITORIA DA CONQUISTA,40,3328,ESCOLA MUNICIPAL MANOEL MARTINS FERREIRA,330.41,420.66,40_39659_3476,ESCOLA MUNICIPAL JOHN KENNEDY,9.83,coordenada corrigida,perfil herdado
2010,BA,2933307,VITORIA DA CONQUISTA,40,3328,ESCOLA MUNICIPAL MANOEL MARTINS FERREIRA,330.41,420.66,40_39659_3476,ESCOLA MUNICIPAL JOHN KENNEDY,9.83,coordenada corrigida,perfil herdado
2012,BA,2933307,VITORIA DA CONQUISTA,40,3328,ESCOLA MUNICIPAL MANOEL MARTINS FERREIRA,330.41,420.66,40_39659_3476,ESCOLA MUNICIPAL JOHN KENNEDY,9.83,coordenada corrigida,perfil herdado
2014,BA,2933307,VITORIA DA CONQUISTA,40,3328,ESCOLA MUNICIPAL MANOEL MARTINS FERREIRA,330.41,420.66,40_39659_3476,ESCOLA MUNICIPAL JOHN KENNEDY,9.83,coordenada corrigida,perfil herdado
2016,BA,2933307,VITORIA DA CONQUISTA,40,3328,ESCOLA MUNICIPAL MANOEL MARTINS FERREIRA,7191.68,921.54,40_39659_3476,ESCOLA MUNICIPAL JOHN KENNEDY,9.83,coordenada corrigida,perfil herdado
2018,BA,2933307,VITORIA DA CONQUISTA,40,3328,ESCOLA MUNICIPAL MANOEL MARTINS FERREIRA,7191.68,921.54,40_39659_3476,ESCOLA MUNICIPAL JOHN KENNEDY,9.83,coordenada corrigida,perfil herdado
2020,BA,2933307,VITORIA DA CONQUISTA,40,3328,ESCOLA MUNICIPAL MANOEL MARTINS FERREIRA,7191.68,921.54,40_39659_3476,ESCOLA MUNICIPAL JOHN KENNEDY,9.83,coordenada corrigida,perfil herdado
2022,BA,2933307,VITORIA DA CONQUISTA,40,3328,ESCOLA MUNICIPAL MANOEL MARTINS FERREIRA,7191.68,921.54,40_39659_3476,ESCOLA MUNICIPAL JOHN KENNEDY,9.83,coordenada corrigida,perfil herdado
2024,BA,2933307,VITORIA DA CONQUISTA,40,3328,ESCOLA MUNICIPAL MANOEL MARTINS FERREIRA,7191.68,921.54,40_39659_3476,ESCOLA MUNICIPAL JOHN KENNEDY,9.85,renda incoerente com os vizinhos rurais (R$ 1124),perfil herdado
2022,BA,2933307,VITORIA DA CONQUISTA,40,3336,ESCOLA MUNICIPAL FAZENDA QUEIMADAS,7261.79,921.54,40_39659_3476,ESCOLA MUNICIPAL JOHN KENNEDY,14.68,renda incoerente com os vizinhos rurais (R$ 1142),perfil herdado
2006,BA,2933307,VITORIA DA CONQUISTA,40,3344,ESCOLA MUNICIPAL GENNY FERNANDES ROSA,401.84,417.84,40_39659_1937,ESCOLA MUNICIPAL EULALIO LEITE,17.99,coordenada corrigida,perfil herdado
2008,BA,2933307,VITORIA DA CONQUISTA,40,3344,ESCOLA MUNICIPAL GENNY FERNANDES ROSA,401.84,420.66,40_39659_3476,ESCOLA MUNICIPAL JOHN KENNEDY,8.56,coordenada corrigida,perfil herdado
2010,BA,2933307,VITORIA DA CONQUISTA,40,3344,ESCOLA MUNICIPAL GENNY FERNANDES ROSA,401.84,420.66,40_39659_3476,ESCOLA MUNICIPAL JOHN KENNEDY,8.56,coordenada corrigida,perfil herdado
2012,BA,2933307,VITORIA DA CONQUISTA,40,3344,ESCOLA MUNICIPAL GENNY FERNANDES ROSA,401.84,420.66,40_39659_3476,ESCOLA MUNICIPAL JOHN KENNEDY,8.56,coordenada corrigida,perfil herdado
2014,BA,2933307,VITORIA DA CONQUISTA,40,3344,ESCOLA MUNICIPAL GENNY FERNANDES ROSA,401.84,420.66,40_39659_3476,ESCOLA MUNICIPAL JOHN KENNEDY,8.56,coordenada corrigida,perfil herdado
2016,BA,2933307,VITORIA DA CONQUISTA,40,3344,ESCOLA MUNICIPAL GENNY FERNANDES ROSA,862.54,921.54,40_39659_3476,ESCOLA MUNICIPAL JOHN KENNEDY,8.56,coordenada corrigida,perfil herdado
2018,BA,2933307,VITORIA DA CONQUISTA,40,3344,ESCOLA MUNICIPAL GENNY FERNANDES ROSA,862.54,921.54,40_39659_3476,ESCOLA MUNICIPAL JOHN KENNEDY,8.56,coordenada corrigida,perfil herdado
2020,BA,2933307,VITORIA DA CONQUISTA,40,3344,ESCOLA MUNICIPAL GENNY FERNANDES ROSA,862.54,921.54,40_39659_3476,ESCOLA MUNICIPAL JOHN KENNEDY,8.56,coordenada corrigida,perfil herdado
2022,BA,2933307,VITORIA DA CONQUISTA,40,3344,ESCOLA MUNICIPAL GENNY FERNANDES ROSA,862.54,921.54,40_39659_3476,ESCOLA MUNICIPAL JOHN KENNEDY,8.56,coordenada corrigida,perfil herdado
2016,BA,2933307,VITORIA DA CONQUISTA,40,3352,ESCOLA MUNICIPAL FAZENDA LIXA,5826.2,921.54,40_39659_3476,ESCOLA MUNICIPAL JOHN KENNEDY,14.97,renda incoerente com os vizinhos rurais (R$ 1133),perfil herdado
2018,BA,2933307,VITORIA DA CONQUISTA,40,3352,ESCOLA MUNICIPAL FAZENDA LIXA,5826.2,921.54,40_39659_3476,ESCOLA MUNICIPAL JOHN KENNEDY,14.97,renda incoerente com os vizinhos rurais (R$ 1126),perfil herdado
2020,BA,2933307,VITORIA DA CONQUISTA,40,3352,ESCOLA MUNICIPAL FAZENDA LIXA,5826.2,921.54,40_39659_3476,ESCOLA MUNICIPAL JOHN KENNEDY,14.97,renda incoerente com os vizinhos rurais (R$ 1128),perfil herdado
2022,BA,2933307,VITORIA DA CONQUISTA,40,3352,ESCOLA MUNICIPAL FAZENDA LIXA,5826.2,921.54,40_39659_3476,ESCOLA MUNICIPAL JOHN KENNEDY,14.97,renda incoerente com os vizinhos rurais (R$ 1142),perfil herdado
2024,BA,2933307,VITORIA DA CONQUISTA,40,3352,ESCOLA MUNICIPAL FAZENDA LIXA,5826.2,921.54,40_39659_3476,ESCOLA MUNICIPAL JOHN KENNEDY,14.97,renda incoerente com os vizinhos rurais (R$ 1124),perfil herdado
2006,BA,2933307,VITORIA DA CONQUISTA,40,3360,ESCOLA MUNICIPAL PADRE LUIS SOARES PALMEIRAS,1004.81,390.68,40_39659_3301,ESCOLA MUNICIPAL OTAVIANO SALGADO,16.89,coordenada corrigida,perfil herdado
2008,BA,2933307,VITORIA DA CONQUISTA,40,3360,ESCOLA MUNICIPAL PADRE LUIS SOARES PALMEIRAS,1004.81,420.66,40_39659_3476,ESCOLA MUNICIPAL JOHN KENNEDY,2.12,coordenada corrigida,perfil herdado
2010,BA,2933307,VITORIA DA CONQUISTA,40,3360,ESCOLA MUNICIPAL PADRE LUIS SOARES PALMEIRAS,1004.81,420.66,40_39659_3476,ESCOLA MUNICIPAL JOHN KENNEDY,2.12,coordenada corrigida,perfil herdado
2012,BA,2933307,VITORIA DA CONQUISTA,40,3360,ESCOLA MUNICIPAL PADRE LUIS SOARES PALMEIRAS,1004.81,420.66,40_39659_3476,ESCOLA MUNICIPAL JOHN KENNEDY,2.12,coordenada corrigida,perfil herdado
2014,BA,2933307,VITORIA DA CONQUISTA,40,3360,ESCOLA MUNICIPAL PADRE LUIS SOARES PALMEIRAS,1004.81,420.66,40_39659_3476,ESCOLA MUNICIPAL JOHN KENNEDY,2.12,coordenada corrigida,perfil herdado
2016,BA,2933307,VITORIA DA CONQUISTA,40,3360,ESCOLA MUNICIPAL PADRE LUIS SOARES PALMEIRAS,7114.72,921.54,40_39659_3476,ESCOLA MUNICIPAL JOHN KENNEDY,2.12,coordenada corrigida,perfil herdado
2018,BA,2933307,VITORIA DA CONQUISTA,40,3360,ESCOLA MUNICIPAL PADRE LUIS SOARES PALMEIRAS,7114.72,921.54,40_39659_3476,ESCOLA MUNICIPAL JOHN KENNEDY,2.12,coordenada corrigida,perfil herdado
2020,BA,2933307,VITORIA DA CONQUISTA,40,3360,ESCOLA MUNICIPAL PADRE LUIS SOARES PALMEIRAS,7114.72,921.54,40_39659_3476,ESCOLA MUNICIPAL JOHN KENNEDY,2.12,coordenada corrigida,perfil herdado
2022,BA,2933307,VITORIA DA CONQUISTA,40,3360,ESCOLA MUNICIPAL PADRE LUIS SOARES PALMEIRAS,7114.72,921.54,40_39659_3476,ESCOLA MUNICIPAL JOHN KENNEDY,2.12,coordenada corrigida,perfil herdado
2024,BA,2933307,VITORIA DA CONQUISTA,40,3360,ESCOLA MUNICIPAL PADRE LUIS SOARES PALMEIRAS,7114.72,921.54,40_39659_3476,ESCOLA MUNICIPAL JOHN KENNEDY,1.99,renda incoerente com os vizinhos rurais (R$ 922),perfil herdado
2006,BA,2933307,VITORIA DA CONQUISTA,40,3379,ESCOLA MUNICIPAL SAO DOMINGOS,472.07,611.21,40_39659_1929,ESCOLA MUNICIPAL CELENE FLORES,10.84,coordenada corrigida,perfil herdado
2008,BA,2933307,VITORIA DA CONQUISTA,40,3379,ESCOLA MUNICIPAL SAO DOMINGOS,472.07,611.21,40_39659_1929,ESCOLA MUNICIPAL CELENE FLORES,10.84,coordenada corrigida,perfil herdado
2010,BA,2933307,VITORIA DA CONQUISTA,40,3379,ESCOLA MUNICIPAL SAO DOMINGOS,472.07,611.21,40_39659_1929,ESCOLA MUNICIPAL CELENE FLORES,10.84,coordenada corrigida,perfil herdado
2012,BA,2933307,VITORIA DA CONQUISTA,40,3379,ESCOLA MUNICIPAL SAO DOMINGOS,472.07,538.2,40_39659_3425,ESCOLA MUNICIPAL SANTA RITA DE CASSIA,14.49,coordenada corrigida,perfil herdado
2014,BA,2933307,VITORIA DA CONQUISTA,40,3379,ESCOLA MUNICIPAL SAO DOMINGOS,472.07,538.2,40_39659_3425,ESCOLA MUNICIPAL SANTA RITA DE CASSIA,14.49,coordenada corrigida,perfil herdado
2016,BA,2933307,VITORIA DA CONQUISTA,40,3379,ESCOLA MUNICIPAL SAO DOMINGOS,7190.76,1409.08,40_39659_3425,ESCOLA MUNICIPAL SANTA RITA DE CASSIA,14.49,coordenada corrigida,perfil herdado
2020,BA,2933307,VITORIA DA CONQUISTA,40,3379,ESCOLA MUNICIPAL SÃO DOMINGOS I,7190.76,1409.08,40_39659_3425,ESCOLA MUNICIPAL SANTA RITA DE CÁSSIA,14.49,coordenada corrigida,perfil herdado
2022,BA,2933307,VITORIA DA CONQUISTA,40,3379,ESCOLA MUNICIPAL SÃO DOMINGOS I,7190.76,1409.08,40_39659_3425,ESCOLA MUNICIPAL SANTA RITA DE CÁSSIA,14.49,coordenada corrigida,perfil herdado
2006,BA,2933307,VITORIA DA CONQUISTA,40,3387,ESCOLA MUNICIPAL PADRE ISIDORO,633.32,427.72,40_39659_1970,ESCOLA MUNICIPAL IDALIA TORRES,7.57,coordenada corrigida,perfil herdado
2008,BA,2933307,VITORIA DA CONQUISTA,40,3387,ESCOLA MUNICIPAL PADRE ISIDORO,633.32,427.72,40_39659_1970,ESCOLA MUNICIPAL IDALIA TORRES,7.57,coordenada corrigida,perfil herdado
2010,BA,2933307,VITORIA DA CONQUISTA,40,3387,ESCOLA MUNICIPAL PADRE ISIDORO,633.32,427.72,40_39659_1970,ESCOLA MUNICIPAL IDALIA TORRES,7.57,coordenada corrigida,perfil herdado
2012,BA,2933307,VITORIA DA CONQUISTA,40,3387,ESCOLA MUNICIPAL PADRE ISIDORO,633.32,538.2,40_39659_3425,ESCOLA MUNICIPAL SANTA RITA DE CASSIA,11.41,coordenada corrigida,perfil herdado
2014,BA,2933307,VITORIA DA CONQUISTA,40,3387,ESCOLA MUNICIPAL PADRE ISIDORO,633.32,471.97,40_39659_3557,ESCOLA MUNICIPAL GOIABEIRA II,10.18,coordenada corrigida,perfil herdado
2016,BA,2933307,VITORIA DA CONQUISTA,40,3387,ESCOLA MUNICIPAL PADRE ISIDORO,5940.1,1290.44,40_39659_3557,ESCOLA MUNICIPAL GOIABEIRA II,10.18,coordenada corrigida,perfil herdado
2018,BA,2933307,VITORIA DA CONQUISTA,40,3387,ESCOLA MUNICIPAL PADRE ISIDORO,5940.1,1290.44,40_39659_3557,ESCOLA MUNICIPAL GOIABEIRA II,10.18,coordenada corrigida,perfil herdado
2020,BA,2933307,VITORIA DA CONQUISTA,40,3387,ESCOLA MUNICIPAL PADRE ISIDORO,5940.1,1290.44,40_39659_3557,ESCOLA MUNICIPAL GOIABEIRA II,10.18,coordenada corrigida,perfil herdado
2022,BA,2933307,VITORIA DA CONQUISTA,40,3387,ESCOLA MUNICIPAL PADRE ISIDORO,5940.1,1290.44,40_39659_3557,ESCOLA MUNICIPAL GOIABEIRA II,10.18,coordenada corrigida,perfil herdado
2024,BA,2933307,VITORIA DA CONQUISTA,40,3387,ESCOLA MUNICIPAL PADRE ISIDORO,5940.1,1290.44,40_39659_3557,ESCOLA MUNICIPAL GOIABEIRA II,10.16,renda incoerente com os vizinhos rurais (R$ 1124),perfil herdado
2024,BA,2933307,VITORIA DA CONQUISTA,40,3484,ESCOLA MUNICIPAL ARTUR SALDANHA,1141.52,1409.08,40_39659_3425,ESCOLA MUNICIPAL SANTA RITA DE CÁSSIA,5.25,coordenada corrigida,perfil herdado
2010,BA,2933307,VITORIA DA CONQUISTA,40,3492,ESCOLA MUNICIPAL JOAO XXIII,442.06,443.65,40_39659_2810,ESCOLA MUNICIPAL GILDASIO CAIRO DOS SANTOS,12.67,coordenada corrigida,perfil herdado
2012,BA,2933307,VITORIA DA CONQUISTA,40,3492,ESCOLA MUNICIPAL JOAO XXIII,442.06,443.65,40_39659_2810,ESCOLA MUNICIPAL GILDASIO CAIRO DOS SANTOS,12.67,coordenada corrigida,perfil herdado
2014,BA,2933307,VITORIA DA CONQUISTA,40,3492,ESCOLA MUNICIPAL JOAO XXIII,442.06,443.65,40_39659_2810,ESCOLA MUNICIPAL GILDASIO CAIRO DOS SANTOS,12.67,coordenada corrigida,perfil herdado
2016,BA,2933307,VITORIA DA CONQUISTA,40,3492,ESCOLA MUNICIPAL JOAO XXIII,1070.0,1111.69,40_39659_3573,ESCOLA DO POVOADO DE LAGOA DO ARROZ,10.83,coordenada corrigida,perfil herdado
2018,BA,2933307,VITORIA DA CONQUISTA,40,3492,ESCOLA MUNICIPAL JOAO XXIII,1070.0,1111.69,40_39659_3573,ESCOLA DO POVOADO DE LAGOA DO ARROZ,10.83,coordenada corrigida,perfil herdado
2020,BA,2933307,VITORIA DA CONQUISTA,40,3492,ESCOLA MUNICIPAL JOÃO XXIII,1070.0,1111.69,40_39659_3573,ESCOLA DO POVOADO DE LAGOA DO ARROZ,10.83,coordenada corrigida,perfil herdado
2022,BA,2933307,VITORIA DA CONQUISTA,40,3492,ESCOLA MUNICIPAL JOÃO XXIII,1070.0,1111.69,40_39659_3573,ESCOLA DO POVOADO DE LAGOA DO ARROZ,10.83,coordenada corrigida,perfil herdado
2012,BA,2933307,VITORIA DA CONQUISTA,40,3530,ESCOLA MUNICIPAL JOAQUIM VIANA ANDRADE,282.03,538.2,40_39659_3425,ESCOLA MUNICIPAL SANTA RITA DE CASSIA,12.91,coordenada corrigida,perfil herdado
2014,BA,2933307,VITORIA DA CONQUISTA,40,3530,ESCOLA MUNICIPAL JOAQUIM VIANA ANDRADE,282.03,538.2,40_39659_3425,ESCOLA MUNICIPAL SANTA RITA DE CASSIA,12.91,coordenada corrigida,perfil herdado
2016,BA,2933307,VITORIA DA CONQUISTA,40,3530,ESCOLA MUNICIPAL JOAQUIM VIANA ANDRADE,920.2,1409.08,40_39659_3425,ESCOLA MUNICIPAL SANTA RITA DE CASSIA,12.91,coordenada corrigida,perfil herdado
2018,BA,2933307,VITORIA DA CONQUISTA,40,3530,ESCOLA MUNICIPAL JOAQUIM VIANA ANDRADE,920.2,1409.08,40_39659_3425,ESCOLA MUNICIPAL SANTA RITA DE CASSIA,12.91,coordenada corrigida,perfil herdado
2020,BA,2933307,VITORIA DA CONQUISTA,40,3530,ESCOLA MUNICIPAL JOAQUIM VIANA ANDRADE,920.2,1409.08,40_39659_3425,ESCOLA MUNICIPAL SANTA RITA DE CÁSSIA,12.91,coordenada corrigida,perfil herdado
2022,BA,2933307,VITORIA DA CONQUISTA,40,3530,ESCOLA MUNICIPAL JOAQUIM VIANA ANDRADE,920.2,1409.08,40_39659_3425,ESCOLA MUNICIPAL SANTA RITA DE CÁSSIA,12.91,coordenada corrigida,perfil herdado
2024,BA,2933307,VITORIA DA CONQUISTA,40,3530,ESCOLA MUNICIPAL JOAQUIM VIANA ANDRADE,920.2,1409.08,40_39659_3425,ESCOLA MUNICIPAL SANTA RITA DE CÁSSIA,12.91,coordenada corrigida,perfil herdado
2016,BA,2933307,VITORIA DA CONQUISTA,40,3581,ESCOLA MUNICIPAL ROBERTO KENNEDY,5832.95,1409.08,40_39659_3425,ESCOLA MUNICIPAL SANTA RITA DE CASSIA,7.52,coordenada corrigida,perfil herdado
2018,BA,2933307,VITORIA DA CONQUISTA,40,3581,ESCOLA MUNICIPAL ROBERTO KENNEDY,5832.95,1409.08,40_39659_3425,ESCOLA MUNICIPAL SANTA RITA DE CASSIA,7.52,coordenada corrigida,perfil herdado
2020,BA,2933307,VITORIA DA CONQUISTA,40,3581,ESCOLA MUNICIPAL ROBERTO KENNEDY,5832.95,1409.08,40_39659_3425,ESCOLA MUNICIPAL SANTA RITA DE CÁSSIA,7.52,coordenada corrigida,perfil herdado
2022,BA,2933307,VITORIA DA CONQUISTA,40,3581,ESCOLA MUNICIPAL ROBERTO KENNEDY,5832.95,1409.08,40_39659_3425,ESCOLA MUNICIPAL SANTA RITA DE CÁSSIA,7.52,coordenada corrigida,perfil herdado
2024,BA,2933307,VITORIA DA CONQUISTA,40,3581,ESCOLA MUNICIPAL ROBERTO KENNEDY,5832.95,1409.08,40_39659_3425,ESCOLA MUNICIPAL SANTA RITA DE CÁSSIA,7.52,coordenada corrigida,perfil herdado
2018,BA,2933307,VITORIA DA CONQUISTA,40,3590,PRISIONAL - CONJUNTO PENAL DE VITORIA DA CONQUISTA,5944.74,1409.08,40_39659_3425,ESCOLA MUNICIPAL SANTA RITA DE CASSIA,11.56,coordenada corrigida,perfil herdado
2020,BA,2933307,VITORIA DA CONQUISTA,40,3590,PRISIONAL - CONJUNTO PENAL DE VITÓRIA DA CONQUISTA,5944.74,1409.08,40_39659_3425,ESCOLA MUNICIPAL SANTA RITA DE CÁSSIA,11.56,coordenada corrigida,perfil herdado
2022,BA,2933307,VITORIA DA CONQUISTA,40,3590,PRISIONAL - CONJUNTO PENAL DE VITÓRIA DA CONQUISTA,5944.74,1409.08,40_39659_3425,ESCOLA MUNICIPAL SANTA RITA DE CÁSSIA,11.56,coordenada corrigida,perfil herdado
2024,BA,2933307,VITORIA DA CONQUISTA,40,3590,PRISIONAL - CONJUNTO PENAL DE VITÓRIA DA CONQUISTA,5944.74,1409.08,40_39659_3425,ESCOLA MUNICIPAL SANTA RITA DE CÁSSIA,11.56,coordenada corrigida,perfil herdado
