{"type":"FeatureCollection","features":[{"type":"Feature","geometry":{"type":"Polygon","coordinates":[[[-56.76789,-3.24289],[-56.6563,-3.00038],[-56.64824,-2.98098],[-56.60976,-2.89634],[-56.57595,-2.82411],[-56.50049,-2.66051],[-56.4263,-2.50158],[-56.40211,-2.45652],[-56.40793,-2.45016],[-56.42543,-2.44913],[-56.43746,-2.44023],[-56.46449,-2.43159],[-56.46559,-2.42312],[-56.42565,-2.36915],[-56.41847,-2.35519],[-56.41276,-2.32172],[-56.38432,-2.27048],[-56.36421,-2.25929],[-56.3323,-2.25158],[-56.30724,-2.24245],[-56.2635,-2.22106],[-56.2203,-2.19584],[-56.20377,-2.18308],[-56.18118,-2.16057],[-56.16943,-2.14551],[-56.14193,-2.10021],[-56.11712,-2.06953],[-56.10242,-2.04802],[-56.09756,-2.03713],[-56.09817,-2.02694],[-56.10673,-2.02704],[-56.13671,-2.03732],[-56.16275,-2.04196],[-56.17253,-2.03919],[-56.1867,-2.04282],[-56.19707,-2.05692],[-56.20764,-2.05998],[-56.22838,-2.05622],[-56.25615,-2.08832],[-56.28067,-2.09307],[-56.29746,-2.10081],[-56.31676,-2.14013],[-56.33551,-2.1487],[-56.35115,-2.14887],[-56.36779,-2.13708],[-56.38204,-2.1442],[-56.39271,-2.15921],[-56.41388,-2.17595],[-56.42429,-2.1715],[-56.43681,-2.1576],[-56.44418,-2.15393],[-56.46104,-2.15756],[-56.46762,-2.16557],[-56.47789,-2.17038],[-56.50763,-2.1437],[-56.51948,-2.1383],[-56.52707,-2.1392],[-56.54084,-2.15384],[-56.55721,-2.16254],[-56.56959,-2.17476],[-56.58041,-2.17941],[-56.59779,-2.17496],[-56.60246,-2.18207],[-56.60752,-2.20498],[-56.61291,-2.21017],[-56.62443,-2.20448],[-56.63543,-2.2036],[-56.65801,-2.21059],[-56.67907,-2.21256],[-56.70257,-2.20175],[-56.70777,-2.1839],[-56.72772,-2.1768],[-56.74346,-2.17847],[-56.76096,-2.17406],[-56.76854,-2.16575],[-56.76943,-2.14067],[-56.75324,-2.11168],[-56.73276,-2.09174],[-56.7269,-2.08138],[-56.72138,-2.05917],[-56.72133,-2.04913],[-56.7266,-2.03096],[-56.73897,-2.01701],[-56.74788,-2.0115],[-56.76699,-2.0087],[-56.79321,-2.021],[-56.81676,-2.02297],[-56.84122,-2.02163],[-56.85904,-2.01593],[-56.8763,-1.99235],[-56.89737,-1.97622],[-56.92368,-1.96431],[-56.94454,-1.96386],[-56.96113,-1.95297],[-56.96632,-1.93495],[-56.98021,-1.92366],[-56.98835,-1.90716],[-57.01933,-1.91714],[-57.02842,-1.91802],[-57.03809,-1.90669],[-57.03956,-1.89556],[-57.05128,-1.8728],[-57.0676,-1.85449],[-57.06589,-1.84828],[-57.07254,-1.83857],[-57.07107,-1.82958],[-57.06154,-1.82157],[-57.06184,-1.81068],[-57.06883,-1.80443],[-57.07928,-1.80257],[-57.08441,-1.79036],[-57.08246,-1.7824],[-57.09164,-1.77796],[-57.10083,-1.7803],[-57.11026,-1.79227],[-57.11901,-1.78885],[-57.11918,-1.77969],[-57.12504,-1.76807],[-57.14571,-1.76474],[-57.15808,-1.7708],[-57.16423,-1.7685],[-57.16027,-1.75532],[-57.17112,-1.75087],[-57.17068,-1.7435],[-57.16169,-1.74032],[-57.159,-1.72958],[-57.16555,-1.71991],[-57.17083,-1.7204],[-57.17166,-1.73056],[-57.17767,-1.73158],[-57.18803,-1.71952],[-57.1913,-1.72777],[-57.20244,-1.73412],[-57.19961,-1.72274],[-57.20704,-1.71063],[-57.21872,-1.72323],[-57.23083,-1.72753],[-57.24715,-1.72084],[-57.24305,-1.70325],[-57.25864,-1.69685],[-57.25903,-1.71468],[-57.26362,-1.7222],[-57.27041,-1.72084],[-57.27437,-1.71195],[-57.29226,-1.70828],[-57.30115,-1.72308],[-57.30271,-1.73192],[-57.30867,-1.73251],[-57.32519,-1.71737],[-57.34459,-1.71502],[-57.34293,-1.72689],[-57.35338,-1.73681],[-57.37293,-1.71424],[-57.39238,-1.72479],[-57.39966,-1.71649],[-57.39076,-1.70872],[-57.38693,-1.69549],[-57.40032,-1.69226],[-57.40037,-1.67883],[-57.41761,-1.67429],[-57.42363,-1.69261],[-57.44053,-1.68709],[-57.43413,-1.67541],[-57.44346,-1.66462],[-57.46233,-1.67663],[-57.47308,-1.67888],[-57.47953,-1.66535],[-57.47786,-1.65934],[-57.48988,-1.65929],[-57.49917,-1.6547],[-57.50806,-1.64186],[-57.51935,-1.65524],[-57.5281,-1.65407],[-57.52883,-1.64777],[-57.52199,-1.63731],[-57.52184,-1.62921],[-57.5365,-1.62755],[-57.54324,-1.62183],[-57.54407,-1.61113],[-57.56338,-1.60688],[-57.57002,-1.6022],[-57.57945,-1.60439],[-57.58497,-1.59677],[-57.59509,-1.60019],[-57.59773,-1.59594],[-57.58805,-1.58061],[-57.60071,-1.57216],[-57.60813,-1.57289],[-57.60945,-1.58388],[-57.62191,-1.58915],[-57.6288,-1.58422],[-57.63462,-1.58979],[-57.64806,-1.59023],[-57.66042,-1.581],[-57.66174,-1.58818],[-57.67464,-1.59502],[-57.68881,-1.58701],[-57.69247,-1.57631],[-57.70361,-1.57704],[-57.70616,-1.57245],[-57.6977,-1.55853],[-57.70449,-1.54124],[-57.70977,-1.53533],[-57.71207,-1.50333],[-57.71573,-1.50245],[-57.72873,-1.51364],[-57.74012,-1.50304],[-57.75131,-1.50924],[-57.75805,-1.50221],[-57.77046,-1.50973],[-57.78204,-1.50812],[-57.77618,-1.48443],[-57.78815,-1.49068],[-57.79533,-1.48724],[-57.80193,-1.47126],[-57.81165,-1.46574],[-57.81036,-1.45382],[-57.81949,-1.45075],[-57.82472,-1.43775],[-57.8387,-1.43731],[-57.84178,-1.43189],[-57.85648,-1.42667],[-57.86518,-1.4293],[-57.87711,-1.42334],[-57.88624,-1.43414],[-57.90217,-1.42569],[-57.90965,-1.42862],[-57.91639,-1.4211],[-57.90887,-1.41035],[-57.91146,-1.40473],[-57.93955,-1.39907],[-57.94957,-1.40561],[-57.95788,-1.40346],[-57.95973,-1.39687],[-57.95338,-1.38583],[-57.95651,-1.3783],[-57.97326,-1.37476],[-57.96891,-1.35864],[-57.99124,-1.35127],[-57.99871,-1.33129],[-57.99437,-1.31614],[-57.98855,-1.31214],[-57.98723,-1.30056],[-57.99485,-1.29135],[-57.98313,-1.28173],[-57.97873,-1.26971],[-57.97834,-1.25691],[-57.97233,-1.24582],[-57.97516,-1.23981],[-57.97072,-1.22779],[-57.96505,-1.23165],[-57.9587,-1.22252],[-57.96417,-1.21529],[-57.96392,-1.2043],[-57.97575,-1.19291],[-57.97047,-1.17591],[-57.96578,-1.17103],[-57.96881,-1.16258],[-57.97839,-1.15266],[-58.00126,-1.14811],[-58.01411,-1.13106],[-58.00951,-1.11597],[-58.01733,-1.10361],[-58.02999,-1.10234],[-58.03331,-1.09799],[-58.053,-1.1104],[-58.05867,-1.10654],[-58.06742,-1.11944],[-58.08105,-1.13116],[-58.0788,-1.14587],[-58.09283,-1.1616],[-58.09972,-1.15833],[-58.11442,-1.16458],[-58.12361,-1.16414],[-58.11799,-1.18549],[-58.12591,-1.19628],[-58.1304,-1.1937],[-58.13763,-1.20503],[-58.14672,-1.21099],[-58.15611,-1.23278],[-58.16304,-1.23014],[-58.17003,-1.21959],[-58.17868,-1.21446],[-58.17731,-1.20801],[-58.18953,-1.20332],[-58.19559,-1.19575],[-58.19798,-1.1808],[-58.20619,-1.18637],[-58.20521,-1.16932],[-58.21929,-1.16868],[-58.23184,-1.16023],[-58.23497,-1.15251],[-58.24298,-1.15754],[-58.24147,-1.14592],[-58.2576,-1.13077],[-58.26771,-1.134],[-58.27421,-1.14157],[-58.29297,-1.13883],[-58.31672,-1.14768],[-58.32205,-1.14201],[-58.31955,-1.13419],[-58.33074,-1.1316],[-58.34125,-1.11103],[-58.34838,-1.11294],[-58.3583,-1.10771],[-58.3541,-1.09687],[-58.3604,-1.09569],[-58.36534,-1.08514],[-58.36373,-1.07112],[-58.37555,-1.06438],[-58.3909,-1.04772],[-58.39324,-1.04034],[-58.39945,-1.04415],[-58.40609,-1.04],[-58.41196,-1.04777],[-58.42891,-1.02862],[-58.41982,-1.01254],[-58.42618,-1.00712],[-58.42407,-0.99097],[-58.41059,-0.98223],[-58.41709,-0.96522],[-58.42666,-0.96151],[-58.43898,-0.94075],[-58.44904,-0.93542],[-58.45198,-0.92409],[-58.44528,-0.902],[-58.453,-0.90357],[-58.43419,-0.89218],[-58.4422,-0.88007],[-58.44176,-0.87293],[-58.46059,-0.86287],[-58.46694,-0.86419],[-58.46909,-0.87313],[-58.48155,-0.85666],[-58.48932,-0.85906],[-58.48771,-0.85139],[-58.49484,-0.84973],[-58.49118,-0.83199],[-58.50154,-0.83243],[-58.50906,-0.84083],[-58.51942,-0.83624],[-58.52001,-0.82676],[-58.53144,-0.82989],[-58.53344,-0.81777],[-58.54405,-0.80947],[-58.55597,-0.81372],[-58.56022,-0.79774],[-58.57371,-0.79061],[-58.5782,-0.78328],[-58.59877,-0.76188],[-58.60904,-0.76163],[-58.62047,-0.73886],[-58.62897,-0.73066],[-58.63405,-0.71917],[-58.64475,-0.71492],[-58.66371,-0.71761],[-58.66562,-0.70554],[-58.6749,-0.70066],[-58.68414,-0.6881],[-58.69367,-0.68189],[-58.70652,-0.67965],[-58.70364,-0.67188],[-58.71268,-0.64461],[-58.71815,-0.63611],[-58.72895,-0.63543],[-58.72924,-0.61964],[-58.73506,-0.6128],[-58.72567,-0.60841],[-58.73061,-0.60479],[-58.72665,-0.59062],[-58.73134,-0.58065],[-58.72978,-0.56355],[-58.72235,-0.56262],[-58.71556,-0.54875],[-58.70901,-0.54586],[-58.71116,-0.51845],[-58.71737,-0.50492],[-58.72543,-0.49959],[-58.73652,-0.47174],[-58.72455,-0.44189],[-58.73041,-0.4328],[-58.74009,-0.43158],[-58.74048,-0.42122],[-58.74668,-0.41482],[-58.75543,-0.41697],[-58.76784,-0.40666],[-58.7738,-0.39532],[-58.7932,-0.38521],[-58.81627,-0.3811],[-58.82423,-0.3748],[-58.83615,-0.37275],[-58.86948,-0.34748],[-58.87481,-0.33664],[-58.87179,-0.3286],[-58.87598,-0.31141],[-58.87498,-0.29582],[-58.86539,-0.26555],[-58.87176,-0.26109],[-58.87931,-0.22934],[-58.88104,-0.19658],[-58.87534,-0.18145],[-58.86526,-0.16894],[-58.86315,-0.14477],[-58.86681,-0.13788],[-58.86388,-0.07803],[-58.87209,-0.06449],[-58.88658,-0.05918],[-58.88672,-0.03432],[-58.89833,-0.01791],[-58.8955,0.00092],[-58.89546,0.26351],[-58.89556,0.59222],[-58.8955,1.22769],[-58.88216,1.22879],[-58.87106,1.21768],[-58.86689,1.20321],[-58.85939,1.20412],[-58.85439,1.18351],[-58.84605,1.18188],[-58.83188,1.18795],[-58.82411,1.18325],[-58.82522,1.17132],[-58.80606,1.18128],[-58.80022,1.17658],[-58.79161,1.19051],[-58.77939,1.1907],[-58.76995,1.18655],[-58.76411,1.19713],[-58.75133,1.20853],[-58.73966,1.19995],[-58.72522,1.21877],[-58.71633,1.24102],[-58.72105,1.24518],[-58.71828,1.26598],[-58.70995,1.28353],[-58.7105,1.28995],[-58.69467,1.29737],[-58.68022,1.2963],[-58.67606,1.28518],[-58.66411,1.2794],[-58.65272,1.28827],[-58.64605,1.28547],[-58.62883,1.28855],[-58.61272,1.28106],[-58.60828,1.27383],[-58.58856,1.26995],[-58.58272,1.26353],[-58.57771,1.28325],[-58.56994,1.28606],[-58.56466,1.29465],[-58.55967,1.29023],[-58.54688,1.29186],[-58.54022,1.28798],[-58.53605,1.26573],[-58.52994,1.27071],[-58.52299,1.25796],[-58.51299,1.27768],[-58.49633,1.26802],[-58.49516,1.29497],[-58.47805,1.30574],[-58.47105,1.3194],[-58.47438,1.34843],[-58.45797,1.37151],[-58.46494,1.37539],[-58.47016,1.37086],[-58.48514,1.38478],[-58.47974,1.39021],[-58.50522,1.40322],[-58.50164,1.41498],[-58.50327,1.42493],[-58.49816,1.43018],[-58.50244,1.44293],[-58.50799,1.44491],[-58.50883,1.463],[-58.49353,1.46826],[-58.48844,1.46211],[-58.47287,1.46113],[-58.46508,1.46629],[-58.44855,1.45608],[-58.4395,1.46449],[-58.41288,1.47274],[-58.40408,1.46976],[-58.38569,1.47004],[-58.37186,1.48163],[-58.37677,1.48805],[-58.38528,1.48868],[-58.39277,1.50161],[-58.38369,1.51093],[-58.39513,1.52295],[-58.38964,1.53543],[-58.36319,1.53807],[-58.35952,1.5464],[-58.36049,1.56024],[-58.34355,1.56658],[-58.34464,1.5758],[-58.33248,1.59073],[-58.32247,1.59707],[-58.31444,1.594],[-58.31724,1.56849],[-58.29292,1.56435],[-58.28424,1.57331],[-58.27183,1.56744],[-58.26236,1.57079],[-58.25457,1.56193],[-58.23327,1.54747],[-58.21296,1.56485],[-58.19744,1.56721],[-58.19314,1.57228],[-58.18391,1.56532],[-58.16074,1.56017],[-58.1553,1.53006],[-58.14616,1.51541],[-58.14966,1.51007],[-58.12952,1.49895],[-58.11141,1.50123],[-58.09769,1.51399],[-58.0856,1.5149],[-58.08505,1.50802],[-58.06955,1.5074],[-58.06532,1.52233],[-58.06103,1.5254],[-58.04066,1.52098],[-58.02727,1.50868],[-58.00433,1.50309],[-58.0056,1.51684],[-58.00133,1.52823],[-57.98947,1.54769],[-57.99441,1.55321],[-57.98996,1.56741],[-57.98263,1.56588],[-57.97866,1.57284],[-57.98397,1.58632],[-57.98146,1.59636],[-57.98538,1.6168],[-57.98041,1.63327],[-58.00246,1.64954],[-57.9903,1.65154],[-57.99019,1.6585],[-57.98113,1.65941],[-57.97052,1.65444],[-57.96196,1.65716],[-57.95952,1.65119],[-57.92685,1.64487],[-57.9136,1.64768],[-57.90219,1.66035],[-57.90218,1.66777],[-57.89508,1.67438],[-57.88474,1.66977],[-57.87724,1.67185],[-57.87722,1.68036],[-57.85215,1.66788],[-57.85315,1.67792],[-57.84427,1.68896],[-57.8196,1.68391],[-57.80918,1.68844],[-57.79766,1.68727],[-57.79843,1.69713],[-57.79235,1.72671],[-57.78047,1.7193],[-57.77711,1.72826],[-57.76891,1.72735],[-57.75832,1.71876],[-57.74506,1.72293],[-57.73629,1.7195],[-57.70827,1.72077],[-57.71199,1.72864],[-57.70519,1.731],[-57.69721,1.72087],[-57.69813,1.71381],[-57.6871,1.70649],[-57.67516,1.70604],[-57.67249,1.71093],[-57.66791,1.69573],[-57.65561,1.69049],[-57.65052,1.68244],[-57.63302,1.69149],[-57.62944,1.69855],[-57.60485,1.69304],[-57.59793,1.70055],[-57.57613,1.70272],[-57.57719,1.69042],[-57.5646,1.69594],[-57.55332,1.69251],[-57.55043,1.70074],[-57.53769,1.70056],[-57.53427,1.70826],[-57.54138,1.72047],[-57.53193,1.72155],[-57.52618,1.72807],[-57.51432,1.7231],[-57.5161,1.742],[-57.5086,1.75748],[-57.50188,1.75802],[-57.49704,1.77349],[-57.50196,1.78616],[-57.4938,1.79258],[-57.4741,1.79594],[-57.45099,1.80644],[-57.44485,1.82236],[-57.43779,1.83005],[-57.44508,1.84118],[-57.43202,1.85855],[-57.42932,1.87393],[-57.43621,1.88062],[-57.43257,1.89094],[-57.43352,1.90605],[-57.42779,1.90949],[-57.40296,1.91275],[-57.39852,1.92189],[-57.38512,1.9275],[-57.37582,1.92235],[-57.36499,1.92615],[-57.35713,1.94723],[-57.36921,1.95645],[-57.35432,1.96116],[-57.35632,1.97048],[-57.34571,1.98034],[-57.33827,1.97537],[-57.32935,1.97971],[-57.31329,1.97727],[-57.30441,1.99754],[-57.27732,1.98307],[-57.2689,1.98371],[-57.27352,1.97421],[-57.26238,1.96181],[-57.25654,1.96118],[-57.25296,1.94852],[-57.24426,1.94734],[-57.2376,1.93938],[-57.22932,1.93766],[-57.22921,1.95359],[-57.21482,1.96137],[-57.19999,1.97874],[-57.18343,1.97965],[-57.17918,1.99023],[-57.16404,1.99485],[-57.14755,1.98915],[-57.14093,2.00109],[-57.13218,2.00272],[-57.11641,2.01494],[-57.11668,2.02797],[-57.1066,2.02679],[-57.10018,2.01883],[-57.08677,2.02652],[-57.08166,2.01892],[-57.08263,2.00761],[-57.07354,2.00245],[-57.07024,1.98952],[-57.0713,1.9688],[-57.06402,1.95604],[-57.05654,1.95686],[-57.03472,1.94862],[-57.02502,1.93985],[-57.02448,1.92791],[-57.01429,1.91497],[-57.00924,1.91705],[-57.00079,1.90737],[-56.97157,1.90565],[-56.96829,1.91669],[-56.95926,1.92447],[-56.9499,1.91949],[-56.9198,1.93044],[-56.90638,1.91524],[-56.90729,1.91053],[-56.89357,1.8994],[-56.86668,1.89316],[-56.85873,1.89533],[-56.85634,1.88927],[-56.8459,1.89334],[-56.83104,1.88891],[-56.82871,1.88167],[-56.80935,1.87379],[-56.80152,1.87416],[-56.79584,1.8614],[-56.79802,1.85344],[-56.78812,1.85443],[-56.78874,1.8642],[-56.78166,1.86438],[-56.7682,1.87605],[-56.76499,1.88845],[-56.75063,1.89622],[-56.74985,1.90292],[-56.73769,1.90871],[-56.73482,1.9173],[-56.72693,1.91856],[-56.72104,1.92589],[-56.68243,1.9124],[-56.6816,1.91919],[-56.67354,1.91277],[-56.65113,1.9172],[-56.64923,1.93122],[-56.6411,1.9314],[-56.63002,1.94252],[-56.62154,1.94596],[-56.60793,1.93438],[-56.59848,1.93654],[-56.59468,1.92297],[-56.57984,1.90596],[-56.56104,1.91111],[-56.55563,1.91735],[-56.54673,1.91545],[-56.52499,1.92476],[-56.51807,1.93236],[-56.49565,1.93805],[-56.48293,1.95415],[-56.46904,1.94926],[-56.45424,1.95243],[-56.44476,1.94862],[-56.4371,1.95179],[-56.42393,1.9421],[-56.4119,1.92835],[-56.40368,1.93034],[-56.39007,1.92346],[-56.38871,1.93295],[-56.37215,1.93295],[-56.35829,1.94154],[-56.33943,1.93547],[-56.33501,1.93718],[-56.32148,1.9237],[-56.31215,1.92297],[-56.30282,1.91175],[-56.27237,1.89663],[-56.2632,1.88568],[-56.24151,1.8797],[-56.23454,1.89869],[-56.2151,1.90212],[-56.20903,1.89443],[-56.18251,1.8927],[-56.17098,1.90056],[-56.16537,1.88736],[-56.1527,1.89079],[-56.1412,1.87513],[-56.13263,1.86997],[-56.12998,1.85929],[-56.11292,1.85512],[-56.09873,1.84661],[-56.09026,1.85385],[-56.08143,1.84597],[-56.06653,1.85193],[-56.03673,1.85029],[-55.99904,1.83136],[-55.98329,1.8356],[-55.97018,1.84835],[-55.95645,1.84518],[-55.93537,1.8676],[-55.93437,1.87158],[-55.9099,1.88703],[-55.90393,1.88811],[-55.90201,1.90783],[-55.9206,1.91906],[-55.92389,1.93733],[-55.92962,1.93933],[-55.92306,1.94701],[-55.92832,1.96936],[-55.93612,1.98338],[-55.93521,1.99659],[-55.91382,1.99061],[-55.908,2.00137],[-55.90681,2.01349],[-55.91059,2.02208],[-55.90212,2.0294],[-55.90318,2.04116],[-55.90887,2.0475],[-55.92404,2.05176],[-55.93298,2.06135],[-55.92676,2.07519],[-55.94131,2.08117],[-55.94879,2.09176],[-55.96689,2.08851],[-55.97306,2.10326],[-55.96981,2.11312],[-55.97824,2.11521],[-55.9756,2.12606],[-55.9822,2.13194],[-55.99142,2.13141],[-55.99384,2.13964],[-55.98673,2.14588],[-55.99384,2.15873],[-56.00315,2.16769],[-56.01418,2.16544],[-56.03514,2.16889],[-56.05634,2.18943],[-56.04695,2.19603],[-56.03623,2.21358],[-56.04345,2.22136],[-56.04296,2.22787],[-56.05812,2.23349],[-56.06887,2.2429],[-56.0774,2.23757],[-56.08806,2.24997],[-56.0961,2.24147],[-56.12045,2.25035],[-56.1202,2.25506],[-56.13895,2.26583],[-56.12542,2.27831],[-56.12815,2.28654],[-56.11457,2.29866],[-56.11348,2.31114],[-56.10726,2.31837],[-56.09384,2.32126],[-56.09568,2.33836],[-56.08896,2.35156],[-56.09229,2.36016],[-56.0902,2.37237],[-56.07395,2.37091],[-56.06126,2.35498],[-56.05921,2.34304],[-56.05068,2.33507],[-56.02965,2.33252],[-56.02973,2.33967],[-56.02189,2.34256],[-56.03309,2.36428],[-56.04004,2.36636],[-56.03667,2.37432],[-56.02476,2.38245],[-56.02331,2.39095],[-56.01476,2.3999],[-56.00709,2.40162],[-56.00153,2.41301],[-55.98992,2.41735],[-55.98582,2.43399],[-56.00606,2.44685],[-56.01159,2.45291],[-55.9912,2.4671],[-55.9882,2.47876],[-55.97984,2.48518],[-55.97798,2.49649],[-55.99295,2.50464],[-55.98934,2.51775],[-55.97965,2.51892],[-55.97831,2.52742],[-55.93468,2.53354],[-55.92423,2.53063],[-55.9245,2.51869],[-55.91028,2.52013],[-55.90167,2.51732],[-55.89759,2.50565],[-55.88634,2.50356],[-55.88087,2.48899],[-55.86623,2.48147],[-55.85459,2.48065],[-55.85081,2.46915],[-55.8389,2.46227],[-55.81078,2.45763],[-55.80278,2.45943],[-55.78395,2.45661],[-55.78145,2.46176],[-55.7667,2.45533],[-55.76159,2.44058],[-55.76754,2.43796],[-55.75381,2.42583],[-55.74704,2.41054],[-55.72793,2.4069],[-55.71796,2.4021],[-55.7077,2.40321],[-55.69842,2.42164],[-55.67406,2.4137],[-55.65731,2.4207],[-55.64226,2.41606],[-55.61715,2.41993],[-55.61273,2.42626],[-55.5747,2.43784],[-55.57068,2.42361],[-55.5515,2.42954],[-55.528,2.42871],[-55.52481,2.43594],[-55.50431,2.43944],[-55.49978,2.44333],[-55.48231,2.4387],[-55.42945,2.43897],[-55.3854,2.41845],[-55.34564,2.44808],[-55.35623,2.47565],[-55.32026,2.51546],[-55.27736,2.51245],[-55.23481,2.50348],[-55.20762,2.52287],[-55.17287,2.55944],[-55.12347,2.56772],[-55.10309,2.52574],[-55.05631,2.55323],[-55.00381,2.59103],[-54.95431,2.58369],[-54.93542,2.51859],[-54.91117,2.48969],[-54.87225,2.43375],[-54.87625,2.42669],[-54.8747,2.41533],[-54.86608,2.40289],[-54.84258,2.38003],[-54.80756,2.34167],[-54.80505,2.32922],[-54.79617,2.31797],[-54.79584,2.30948],[-54.80203,2.30775],[-54.80722,2.29789],[-54.80292,2.29005],[-54.80909,2.28642],[-54.81142,2.26638],[-54.79895,2.24556],[-54.77511,2.22034],[-54.77064,2.20844],[-54.76311,2.20232],[-54.76284,2.19203],[-54.76948,2.18759],[-54.76789,2.18091],[-54.78322,2.17419],[-54.78353,2.16408],[-54.79853,2.15014],[-54.80625,2.13893],[-54.80358,2.13225],[-54.80922,2.12276],[-54.80469,2.10788],[-54.81383,2.10081],[-54.80617,2.07637],[-54.81283,2.06281],[-54.80597,2.05371],[-54.81134,2.03944],[-54.79097,2.00726],[-54.78087,1.99961],[-54.76903,1.9962],[-54.77214,1.97841],[-54.756,1.97421],[-54.75587,1.96031],[-54.76353,1.95036],[-54.7702,1.9257],[-54.76186,1.90558],[-54.76353,1.89249],[-54.75906,1.89015],[-54.75309,1.87572],[-54.7532,1.85099],[-54.74848,1.84233],[-54.73403,1.83198],[-54.75067,1.81425],[-54.74692,1.80577],[-54.75442,1.79781],[-54.74644,1.78645],[-54.74478,1.7758],[-54.72374,1.77133],[-54.69525,1.77346],[-54.69216,1.76787],[-54.67902,1.76889],[-54.6712,1.76566],[-54.65156,1.77165],[-54.64364,1.7686],[-54.62588,1.78064],[-54.61172,1.77932],[-54.60192,1.78457],[-54.58105,1.77766],[-54.57091,1.78445],[-54.56415,1.77426],[-54.53053,1.7671],[-54.52397,1.75601],[-54.50855,1.74827],[-54.49594,1.74694],[-54.48472,1.75545],[-54.47128,1.75151],[-54.46481,1.75919],[-54.43461,1.7541],[-54.42466,1.76044],[-54.41789,1.75657],[-54.40395,1.75976],[-54.38744,1.74516],[-54.37772,1.76369],[-54.35169,1.75407],[-54.34466,1.74063],[-54.32956,1.74382],[-54.32344,1.7375],[-54.3093,1.74105],[-54.31325,1.734],[-54.30044,1.72382],[-54.28989,1.72058],[-54.28164,1.72385],[-54.28294,1.71626],[-54.29236,1.70875],[-54.27449,1.71049],[-54.26274,1.68838],[-54.26366,1.68016],[-54.25383,1.68388],[-54.24445,1.67613],[-54.23014,1.67597],[-54.22836,1.66532],[-54.2193,1.65684],[-54.21013,1.65442],[-54.20088,1.64558],[-54.19747,1.63176],[-54.18741,1.62799],[-54.18575,1.65374],[-54.17836,1.65745],[-54.17613,1.64797],[-54.15247,1.63933],[-54.14366,1.64061],[-54.14236,1.62851],[-54.1298,1.62392],[-54.1335,1.61714],[-54.12308,1.6074],[-54.12258,1.6018],[-54.13138,1.59691],[-54.12283,1.59087],[-54.11855,1.58148],[-54.102,1.59063],[-54.10194,1.58431],[-54.11035,1.57499],[-54.11753,1.55817],[-54.11452,1.55122],[-54.09878,1.55052],[-54.08459,1.52633],[-54.08903,1.51368],[-54.08516,1.50546],[-54.08875,1.492],[-54.07797,1.48569],[-54.07944,1.4949],[-54.06916,1.50097],[-54.06244,1.49474],[-54.05197,1.49449],[-54.04,1.50616],[-54.02458,1.49986],[-54.02119,1.50682],[-54.02758,1.51684],[-54.01297,1.52002],[-54.00617,1.51732],[-53.99953,1.50477],[-54.00299,1.49492],[-54.00183,1.48362],[-53.99465,1.47478],[-53.98616,1.47904],[-53.97613,1.47228],[-53.96708,1.4844],[-53.9545,1.47709],[-53.95408,1.46797],[-53.94355,1.47133],[-53.92588,1.46548],[-53.93039,1.44993],[-53.94047,1.44332],[-53.9383,1.43546],[-53.9225,1.44226],[-53.91753,1.4569],[-53.896,1.45513],[-53.89325,1.44338],[-53.87674,1.43545],[-53.88775,1.40779],[-53.88283,1.40075],[-53.8763,1.40753],[-53.85497,1.40159],[-53.8443,1.40631],[-53.85108,1.39853],[-53.85034,1.39184],[-53.83077,1.39385],[-53.8236,1.38961],[-53.80705,1.3918],[-53.80749,1.40201],[-53.82277,1.41383],[-53.81567,1.42188],[-53.80399,1.42352],[-53.78847,1.41324],[-53.78372,1.40285],[-53.76805,1.39592],[-53.76247,1.40839],[-53.7551,1.39457],[-53.73233,1.38629],[-53.73135,1.39578],[-53.71541,1.40538],[-53.71602,1.41794],[-53.72405,1.42823],[-53.71719,1.43176],[-53.69988,1.42482],[-53.6958,1.41814],[-53.71344,1.39643],[-53.71146,1.38396],[-53.70146,1.37792],[-53.6875,1.3858],[-53.68047,1.37252],[-53.66485,1.37525],[-53.66263,1.39315],[-53.65524,1.40671],[-53.64461,1.40555],[-53.64094,1.38847],[-53.64513,1.38024],[-53.64352,1.36389],[-53.65475,1.35303],[-53.66308,1.3495],[-53.65097,1.33622],[-53.64188,1.33497],[-53.63325,1.34736],[-53.61263,1.35118],[-53.59522,1.35815],[-53.57069,1.3373],[-53.56386,1.34969],[-53.54849,1.34853],[-53.53855,1.34086],[-53.53339,1.32243],[-53.54411,1.31564],[-53.55666,1.31319],[-53.56263,1.30658],[-53.55922,1.29059],[-53.55271,1.28029],[-53.53052,1.27362],[-53.52333,1.26134],[-53.53058,1.24533],[-53.54632,1.22851],[-53.53899,1.21243],[-53.52521,1.21172],[-53.50305,1.22466],[-53.49302,1.22666],[-53.46991,1.23997],[-53.45091,1.23266],[-53.43375,1.23449],[-53.42652,1.24272],[-53.42607,1.22591],[-53.41744,1.20278],[-53.40299,1.19393],[-53.39608,1.17929],[-53.40207,1.15398],[-53.40746,1.149],[-53.42127,1.14736],[-53.43466,1.15368],[-53.44436,1.15132],[-53.45916,1.13368],[-53.45588,1.11036],[-53.45582,1.07737],[-53.45271,1.07123],[-53.43596,1.05958],[-53.43469,1.04801],[-53.42233,1.03374],[-53.42994,1.01981],[-53.42683,0.99243],[-53.4108,0.98204],[-53.4128,0.97174],[-53.41067,0.95664],[-53.41374,0.94742],[-53.41149,0.92934],[-53.38871,0.91209],[-53.36135,0.89611],[-53.35494,0.88825],[-53.32199,0.872],[-53.3023,0.859],[-53.28749,0.84572],[-53.27052,0.82358],[-53.25515,0.80921],[-53.21055,0.7823],[-53.18757,0.7645],[-53.18461,0.7475],[-53.17199,0.73702],[-53.15741,0.72907],[-53.15108,0.7194],[-53.14694,0.69979],[-53.1399,0.6931],[-53.12413,0.69735],[-53.10574,0.67946],[-53.11435,0.66156],[-53.11519,0.647],[-53.12271,0.63009],[-53.14732,0.60033],[-53.15485,0.56336],[-53.14816,0.55206],[-53.15206,0.53189],[-53.16271,0.52249],[-53.15963,0.51381],[-53.16977,0.49373],[-53.15955,0.48822],[-53.15513,0.48018],[-53.16775,0.44573],[-53.16521,0.43217],[-53.15924,0.42033],[-53.1612,0.39854],[-53.17531,0.38172],[-53.16635,0.36255],[-53.1513,0.35189],[-53.13646,0.32604],[-53.13661,0.30922],[-53.13138,0.2962],[-53.11193,0.28653],[-53.09413,0.25896],[-53.10585,0.23735],[-53.09429,0.19531],[-53.08338,0.18862],[-53.0701,0.16954],[-53.05213,0.15734],[-53.03961,0.136],[-53.03652,0.11982],[-53.02927,0.10472],[-53.01113,0.09505],[-53.01497,0.05969],[-53.00368,0.04387],[-52.98338,0.03338],[-52.97586,0.01846],[-52.97735,-0.00035],[-52.97513,-0.02239],[-52.96902,-0.04978],[-52.96002,-0.06322],[-52.94921,-0.09712],[-52.93732,-0.1232],[-52.93274,-0.14231],[-52.90401,-0.15494],[-52.8976,-0.15447],[-52.8818,-0.1437],[-52.87174,-0.1427],[-52.85154,-0.15016],[-52.84477,-0.15973],[-52.8361,-0.18615],[-52.81651,-0.19862],[-52.76044,-0.23757],[-52.75443,-0.26219],[-52.74021,-0.27661],[-52.71624,-0.2927],[-52.7009,-0.29284],[-52.69183,-0.29965],[-52.68417,-0.31431],[-52.68185,-0.33996],[-52.68513,-0.35215],[-52.69595,-0.372],[-52.69735,-0.39294],[-52.68108,-0.41508],[-52.67915,-0.42367],[-52.69307,-0.44215],[-52.70268,-0.45923],[-52.69102,-0.47716],[-52.69544,-0.4964],[-52.68218,-0.51627],[-52.66729,-0.52511],[-52.66985,-0.5382],[-52.64001,-0.58491],[-52.62919,-0.59385],[-52.61299,-0.59489],[-52.59893,-0.58512],[-52.57633,-0.57641],[-52.53518,-0.57409],[-52.52318,-0.58907],[-52.51746,-0.61308],[-52.51318,-0.61965],[-52.51007,-0.65141],[-52.51585,-0.66357],[-52.51039,-0.67918],[-52.50173,-0.69276],[-52.49741,-0.71128],[-52.49788,-0.73075],[-52.50182,-0.74676],[-52.51824,-0.77552],[-52.52285,-0.79609],[-52.51697,-0.80905],[-52.54185,-0.83654],[-52.54384,-0.85154],[-52.53748,-0.85838],[-52.51107,-0.85666],[-52.49684,-0.84954],[-52.46326,-0.83853],[-52.45552,-0.83027],[-52.44432,-0.83417],[-52.43215,-0.84783],[-52.4124,-0.86266],[-52.40121,-0.88191],[-52.40472,-0.91274],[-52.40854,-0.91674],[-52.4267,-0.91905],[-52.43768,-0.92888],[-52.43868,-0.94361],[-52.42479,-0.95952],[-52.41874,-0.97218],[-52.41821,-0.99903],[-52.41446,-1.00927],[-52.41679,-1.02561],[-52.42754,-1.0378],[-52.42832,-1.04812],[-52.42007,-1.0527],[-52.40018,-1.04363],[-52.38312,-1.05399],[-52.35816,-1.06258],[-52.35203,-1.06977],[-52.33879,-1.1056],[-52.33299,-1.11589],[-52.31279,-1.11421],[-52.29576,-1.11748],[-52.28537,-1.12491],[-52.27332,-1.12853],[-52.23866,-1.12624],[-52.22899,-1.13233],[-52.21473,-1.13496],[-52.18779,-1.13252],[-52.17893,-1.1296],[-52.16239,-1.13405],[-52.14673,-1.14879],[-52.12026,-1.1462],[-52.11665,-1.14996],[-52.10676,-1.18307],[-52.11099,-1.215],[-52.09879,-1.22793],[-52.07046,-1.23598],[-52.06023,-1.23618],[-52.05151,-1.23059],[-52.04756,-1.21428],[-52.06296,-1.19289],[-52.06398,-1.18593],[-52.05506,-1.17695],[-52.0409,-1.17013],[-52.01676,-1.16794],[-51.99112,-1.17182],[-51.98704,-1.16452],[-51.9934,-1.12898],[-51.98533,-1.12145],[-51.97498,-1.12062],[-51.96559,-1.12581],[-51.96196,-1.13444],[-51.96595,-1.15308],[-51.95893,-1.16903],[-51.94943,-1.16877],[-51.93096,-1.13414],[-51.9229,-1.13296],[-51.90839,-1.15148],[-51.89719,-1.16205],[-51.88729,-1.1664],[-51.84448,-1.15968],[-51.8091,-1.1571],[-51.78846,-1.14761],[-51.7784,-1.14041],[-51.77929,-1.16608],[-51.78299,-1.18387],[-51.7907,-1.19861],[-51.81631,-1.21718],[-51.86265,-1.24228],[-51.87575,-1.26358],[-51.88912,-1.27499],[-51.89093,-1.30948],[-51.89715,-1.33077],[-51.90968,-1.35297],[-51.93651,-1.38242],[-51.95581,-1.40597],[-51.99112,-1.4351],[-52.01735,-1.43888],[-52.04643,-1.44822],[-52.06182,-1.44969],[-52.11157,-1.47015],[-52.12441,-1.47005],[-52.13548,-1.47471],[-52.18996,-1.48193],[-52.23024,-1.48603],[-52.23879,-1.49044],[-52.25187,-1.50406],[-52.24824,-1.51181],[-52.24193,-1.54306],[-52.22492,-1.57037],[-52.21079,-1.59737],[-52.19982,-1.60423],[-52.17968,-1.60594],[-52.1624,-1.6045],[-52.13927,-1.60819],[-52.10498,-1.60487],[-52.09245,-1.60687],[-52.06871,-1.60245],[-52.0252,-1.59665],[-51.99354,-1.59887],[-51.96943,-1.59062],[-51.9599,-1.58948],[-51.95623,-1.59737],[-51.97003,-1.61027],[-51.9704,-1.62027],[-51.96081,-1.62444],[-51.95804,-1.63939],[-51.95204,-1.64659],[-51.96088,-1.65868],[-51.96368,-1.67544],[-51.9772,-1.68847],[-51.98607,-1.70099],[-51.98382,-1.72258],[-51.99004,-1.74298],[-51.9864,-1.75869],[-51.98573,-1.77922],[-51.9812,-1.78712],[-51.97718,-1.80609],[-51.96674,-1.82563],[-51.96618,-1.87596],[-51.93296,-1.89755],[-51.91157,-1.9173],[-51.88523,-1.92459],[-51.87437,-1.93734],[-51.87684,-1.95235],[-51.88462,-1.97079],[-51.90584,-2.00345],[-51.90934,-2.04367],[-51.91634,-2.07424],[-51.92361,-2.08695],[-51.93963,-2.10774],[-51.93962,-2.25709],[-51.92262,-2.27823],[-51.92145,-2.28666],[-51.92568,-2.31816],[-51.92054,-2.33155],[-51.88851,-2.34662],[-51.86645,-2.36431],[-51.86224,-2.3731],[-51.86162,-2.38684],[-51.87887,-2.41868],[-51.88085,-2.43843],[-51.87382,-2.46099],[-51.85627,-2.48601],[-51.84838,-2.50841],[-51.84823,-2.52435],[-51.85445,-2.55248],[-51.87224,-2.54928],[-51.87774,-2.53898],[-51.8947,-2.52376],[-51.90201,-2.50694],[-51.91262,-2.50423],[-51.91974,-2.49317],[-51.93045,-2.4965],[-51.93671,-2.5101],[-51.9574,-2.5221],[-51.96381,-2.53659],[-51.97873,-2.55283],[-51.98881,-2.57566],[-51.99738,-2.61859],[-52.00243,-2.63059],[-52.02935,-2.66327],[-52.04596,-2.67549],[-52.05493,-2.68624],[-52.05918,-2.71744],[-52.06498,-2.73785],[-52.06171,-2.76669],[-52.05682,-2.778],[-52.04385,-2.79251],[-52.10766,-2.79511],[-52.12709,-2.80401],[-52.15771,-2.81059],[-52.19896,-2.81389],[-52.23411,-2.80996],[-52.24971,-2.81105],[-52.26435,-2.8177],[-52.27649,-2.83022],[-52.29024,-2.8085],[-52.30504,-2.7969],[-52.33137,-2.78287],[-52.39016,-2.77004],[-52.40665,-2.77158],[-52.43349,-2.76881],[-52.48318,-2.77316],[-52.50129,-2.77367],[-52.52344,-2.75417],[-52.53748,-2.73675],[-52.55699,-2.72498],[-52.6232,-2.71642],[-52.63831,-2.71701],[-52.68399,-2.72291],[-52.75579,-2.74079],[-52.80249,-2.76353],[-52.82946,-2.76209],[-52.83787,-2.7587],[-52.86429,-2.73989],[-52.8819,-2.73085],[-52.90438,-2.71513],[-52.93563,-2.70055],[-52.96018,-2.68739],[-52.97677,-2.68916],[-53.00153,-2.67162],[-53.01058,-2.67791],[-53.0288,-2.68197],[-53.03485,-2.67772],[-53.04693,-2.68278],[-53.05122,-2.67783],[-53.06385,-2.68051],[-53.07613,-2.68824],[-53.08491,-2.6823],[-53.09966,-2.68126],[-53.11102,-2.68576],[-53.12691,-2.6698],[-53.14641,-2.66527],[-53.16535,-2.67712],[-53.1706,-2.68439],[-53.1701,-2.69517],[-53.20264,-2.71486],[-53.21213,-2.72986],[-53.2356,-2.7481],[-53.23308,-2.75347],[-53.24211,-2.75903],[-53.24699,-2.76971],[-53.25572,-2.77527],[-53.25955,-2.76945],[-53.27158,-2.77112],[-53.28338,-2.76217],[-53.28444,-2.75596],[-53.30975,-2.74334],[-53.32977,-2.74308],[-53.33624,-2.73734],[-53.35803,-2.73733],[-53.38632,-2.74279],[-53.39061,-2.73814],[-53.40852,-2.74986],[-53.41244,-2.7629],[-53.42763,-2.76244],[-53.45438,-2.77649],[-53.47869,-2.77244],[-53.48716,-2.76489],[-53.50171,-2.77158],[-53.50277,-2.78287],[-53.50816,-2.78342],[-53.52358,-2.77521],[-53.53947,-2.78453],[-53.54516,-2.79111],[-53.56489,-2.79179],[-53.58583,-2.80462],[-53.5943,-2.81311],[-53.59247,-2.82632],[-53.59933,-2.84244],[-53.60831,-2.85335],[-53.60838,-2.86515],[-53.85541,-2.88747],[-54.10302,-2.88653],[-54.10131,-2.90248],[-54.1025,-2.92061],[-54.09897,-2.93507],[-54.08877,-2.96101],[-54.07817,-2.9725],[-54.05736,-2.98552],[-54.04605,-2.99877],[-54.04541,-3.04848],[-54.0507,-3.08254],[-54.05828,-3.08464],[-54.06998,-3.11437],[-54.10295,-3.13225],[-54.09661,-3.15671],[-54.10986,-3.17041],[-54.17402,-3.19548],[-54.19266,-3.1983],[-54.20792,-3.2091],[-54.21391,-3.23339],[-54.23672,-3.25553],[-54.23942,-3.26305],[-54.25691,-3.27059],[-54.25733,-3.28699],[-54.26409,-3.31029],[-54.25711,-3.33421],[-54.25583,-3.35532],[-54.26764,-3.36521],[-54.289,-3.37819],[-54.28639,-3.39496],[-54.28753,-3.41752],[-54.29825,-3.43186],[-54.29284,-3.43548],[-54.27742,-3.43392],[-54.27209,-3.44388],[-54.26225,-3.44352],[-54.25799,-3.44903],[-54.2597,-3.45937],[-54.27566,-3.46673],[-54.27628,-3.47833],[-54.26977,-3.48041],[-54.263,-3.49037],[-54.26395,-3.5004],[-54.25922,-3.51359],[-54.26645,-3.5219],[-54.265,-3.54722],[-54.27247,-3.5549],[-54.27319,-3.56414],[-54.25619,-3.57038],[-54.25681,-3.58179],[-54.24697,-3.59218],[-54.24589,-3.60872],[-54.23999,-3.61916],[-54.21917,-3.63223],[-54.224,-3.64333],[-54.23277,-3.64777],[-54.24136,-3.6437],[-54.24328,-3.65123],[-54.25361,-3.66165],[-54.26394,-3.66285],[-54.25698,-3.67463],[-54.25436,-3.69288],[-54.24236,-3.70931],[-54.23661,-3.7087],[-54.22147,-3.71687],[-54.20539,-3.73162],[-54.20203,-3.74208],[-54.19197,-3.74749],[-54.18936,-3.7547],[-54.17605,-3.7684],[-54.15264,-3.77746],[-54.15017,-3.79037],[-54.15972,-3.80558],[-54.16219,-3.81791],[-54.16925,-3.82423],[-54.16108,-3.83772],[-54.14767,-3.83712],[-54.13055,-3.82082],[-54.11867,-3.81291],[-54.11005,-3.82557],[-54.11602,-3.83985],[-54.11236,-3.8456],[-54.1177,-3.87416],[-54.10842,-3.89848],[-54.11784,-3.90447],[-54.11327,-3.91599],[-54.12089,-3.92682],[-54.11253,-3.94268],[-54.11285,-3.96096],[-54.11019,-3.97396],[-54.118,-3.98509],[-54.13508,-3.98808],[-54.14233,-4.00702],[-54.15248,-4.01197],[-54.1372,-4.02036],[-54.13744,-4.03211],[-54.12575,-4.03778],[-54.1055,-4.04009],[-54.09923,-4.05321],[-54.07833,-4.06455],[-54.0545,-4.0725],[-54.05047,-4.07997],[-54.08583,-4.09932],[-54.09103,-4.10632],[-54.0877,-4.12825],[-54.07939,-4.14068],[-54.08144,-4.14791],[-54.09383,-4.15851],[-54.09317,-4.16505],[-54.08352,-4.17502],[-54.08286,-4.1827],[-54.09797,-4.1951],[-54.09913,-4.20684],[-54.11083,-4.21224],[-54.1095,-4.22218],[-54.10139,-4.22469],[-54.10006,-4.23192],[-54.11063,-4.23099],[-54.12097,-4.22329],[-54.13539,-4.22868],[-54.13849,-4.21717],[-54.13153,-4.2079],[-54.13397,-4.20158],[-54.15897,-4.20762],[-54.17087,-4.19065],[-54.18727,-4.18158],[-54.19039,-4.16778],[-54.19739,-4.17477],[-54.19158,-4.19671],[-54.20014,-4.20278],[-54.20241,-4.21385],[-54.21054,-4.22694],[-54.20402,-4.23532],[-54.20811,-4.24299],[-54.21711,-4.24706],[-54.21759,-4.25833],[-54.21175,-4.2649],[-54.22052,-4.26827],[-54.24375,-4.28494],[-54.24286,-4.2924],[-54.22581,-4.30441],[-54.23255,-4.31389],[-54.24808,-4.30323],[-54.26587,-4.30636],[-54.27983,-4.3165],[-54.29491,-4.3176],[-54.30167,-4.31235],[-54.30139,-4.29228],[-54.30476,-4.28052],[-54.32318,-4.28408],[-54.33086,-4.28136],[-54.33422,-4.2714],[-54.36661,-4.26455],[-54.37631,-4.27222],[-54.39122,-4.29523],[-54.40383,-4.29543],[-54.40303,-4.28735],[-54.41328,-4.2911],[-54.41728,-4.26782],[-54.42267,-4.26283],[-54.43708,-4.26686],[-54.44625,-4.24742],[-54.45097,-4.24334],[-54.46295,-4.2528],[-54.47597,-4.24847],[-54.48973,-4.25137],[-54.50326,-4.26603],[-54.50889,-4.26579],[-54.51636,-4.28023],[-54.51911,-4.29763],[-54.52611,-4.30981],[-54.53428,-4.3333],[-54.51692,-4.32951],[-54.49781,-4.33791],[-54.494,-4.34493],[-54.50347,-4.34855],[-54.50145,-4.35553],[-54.51589,-4.36251],[-54.52492,-4.37582],[-54.53731,-4.37058],[-54.54069,-4.38323],[-54.55244,-4.39563],[-54.55628,-4.39427],[-54.55781,-4.37754],[-54.56478,-4.3721],[-54.56997,-4.3827],[-54.58195,-4.3933],[-54.588,-4.38425],[-54.60309,-4.38149],[-54.60892,-4.37651],[-54.6093,-4.35616],[-54.63425,-4.33146],[-54.6322,-4.32401],[-54.643,-4.32669],[-54.66753,-4.3203],[-54.67472,-4.31598],[-54.68964,-4.3295],[-54.68203,-4.34738],[-54.6852,-4.35032],[-54.69598,-4.34397],[-54.71045,-4.36607],[-54.72084,-4.37576],[-54.72378,-4.38411],[-54.7445,-4.38066],[-54.75033,-4.37659],[-54.75442,-4.38969],[-54.7495,-4.39806],[-54.73398,-4.40646],[-54.74006,-4.41165],[-54.73131,-4.41597],[-54.73562,-4.42455],[-54.75251,-4.43106],[-54.74961,-4.43875],[-54.73189,-4.46024],[-54.74203,-4.46861],[-54.75665,-4.45862],[-54.77689,-4.45539],[-54.78864,-4.4635],[-54.79675,-4.46371],[-54.80525,-4.44921],[-54.81308,-4.4284],[-54.83849,-4.41747],[-54.84187,-4.41024],[-54.83642,-4.39646],[-54.83797,-4.39012],[-54.85885,-4.3677],[-54.8732,-4.34822],[-54.87567,-4.34051],[-54.85803,-4.3123],[-54.8582,-4.29445],[-54.84981,-4.27819],[-54.84305,-4.27663],[-54.84773,-4.25875],[-54.82651,-4.2344],[-54.81095,-4.23513],[-54.80576,-4.22723],[-54.7954,-4.22613],[-54.79131,-4.21326],[-54.79512,-4.20171],[-54.8122,-4.19376],[-54.81845,-4.17814],[-54.8132,-4.15193],[-54.81292,-4.13724],[-54.80434,-4.13274],[-54.7877,-4.13166],[-54.78497,-4.12511],[-54.77417,-4.12266],[-54.78042,-4.11043],[-54.77478,-4.10096],[-54.78014,-4.09054],[-54.77853,-4.08038],[-54.78728,-4.07266],[-54.77848,-4.06568],[-54.7877,-4.05751],[-54.7852,-4.05165],[-54.77325,-4.04625],[-54.74081,-4.03754],[-54.74073,-4.02374],[-54.76119,-3.98925],[-54.75467,-3.97856],[-54.76123,-3.96802],[-54.75064,-3.95927],[-54.75548,-3.95119],[-54.75514,-3.93614],[-54.77195,-3.94143],[-54.78487,-3.93893],[-54.78645,-3.9334],[-54.77731,-3.92682],[-54.77183,-3.9143],[-54.75776,-3.90405],[-54.75525,-3.89191],[-54.74684,-3.88668],[-54.75256,-3.87026],[-54.76003,-3.86107],[-54.75564,-3.85094],[-54.73233,-3.84278],[-54.72278,-3.84752],[-54.717,-3.84491],[-54.71892,-3.82868],[-54.70972,-3.82745],[-54.70508,-3.81587],[-54.69892,-3.81227],[-54.69975,-3.7906],[-54.74505,-3.76922],[-54.75519,-3.78241],[-54.78137,-3.77515],[-54.79679,-3.77374],[-54.80803,-3.7668],[-54.82231,-3.77409],[-54.82899,-3.76969],[-54.83956,-3.75517],[-54.84956,-3.74788],[-54.85381,-3.7301],[-54.8703,-3.72695],[-54.87589,-3.72203],[-54.89414,-3.72984],[-54.90189,-3.72428],[-54.91811,-3.73954],[-54.91478,-3.74671],[-54.90292,-3.757],[-54.91353,-3.77182],[-54.90994,-3.77846],[-54.92226,-3.78466],[-54.94153,-3.799],[-54.94103,-3.80671],[-54.96289,-3.81587],[-54.96556,-3.82629],[-54.97667,-3.83204],[-54.97501,-3.84328],[-54.98073,-3.84771],[-55.00342,-3.85311],[-55.01559,-3.85857],[-55.01834,-3.86525],[-55.01042,-3.86972],[-55.00778,-3.88448],[-55.00251,-3.8922],[-55.01276,-3.90617],[-55.01797,-3.92134],[-55.01761,-3.94423],[-55.02379,-3.94809],[-55.02851,-3.92346],[-55.04032,-3.92439],[-55.0498,-3.93042],[-55.05545,-3.92206],[-55.0722,-3.92008],[-55.0732,-3.92633],[-55.06334,-3.93641],[-55.07334,-3.93754],[-55.08062,-3.9328],[-55.08506,-3.91929],[-55.0942,-3.90867],[-55.08814,-3.88563],[-55.09323,-3.87267],[-55.1077,-3.86772],[-55.12412,-3.8717],[-55.12606,-3.86409],[-55.1466,-3.86608],[-55.14559,-3.84147],[-55.15148,-3.8513],[-55.15532,-3.8445],[-55.15073,-3.82832],[-55.15111,-3.81141],[-55.13854,-3.79916],[-55.12009,-3.78876],[-55.12081,-3.7693],[-55.12631,-3.75317],[-55.13838,-3.7334],[-55.14861,-3.72646],[-55.16114,-3.71265],[-55.16516,-3.70233],[-55.17423,-3.69675],[-55.15195,-3.6747],[-55.15389,-3.66582],[-55.1652,-3.65844],[-55.17245,-3.6479],[-55.16439,-3.64369],[-55.16128,-3.63086],[-55.14339,-3.62055],[-55.13973,-3.6098],[-55.13809,-3.589],[-55.12776,-3.58814],[-55.11578,-3.57355],[-55.11778,-3.55979],[-55.11553,-3.54243],[-55.09595,-3.53177],[-55.10384,-3.52485],[-55.09215,-3.51016],[-55.1139,-3.49321],[-55.11412,-3.48939],[-55.10173,-3.47661],[-55.12028,-3.45857],[-55.12601,-3.4401],[-55.11886,-3.4278],[-55.1098,-3.42154],[-55.08764,-3.4002],[-55.08542,-3.38216],[-55.07976,-3.3635],[-55.07897,-3.34417],[-55.08603,-3.33722],[-55.08578,-3.32578],[-55.05612,-3.3105],[-55.04665,-3.26955],[-55.0374,-3.25474],[-55.04281,-3.24172],[-55.05095,-3.23257],[-55.06731,-3.23398],[-55.13698,-3.24955],[-55.14745,-3.24992],[-55.16484,-3.24387],[-55.29167,-3.24029],[-55.32014,-3.22557],[-55.32856,-3.22731],[-55.33581,-3.22161],[-55.34692,-3.2217],[-55.35806,-3.23504],[-55.37514,-3.23625],[-55.88573,-3.25141],[-56.34463,-3.2648],[-56.50048,-3.30696],[-56.7024,-3.35749],[-56.72493,-3.34357],[-56.73338,-3.33341],[-56.7332,-3.32669],[-56.76157,-3.25177],[-56.76789,-3.24289]]]},"properties":{"CD_REG":"1501","NM_REG":"Baixo Amazonas","SIGLA_UF":"PA"}},{"type":"Feature","geometry":{"type":"MultiPolygon","coordinates":[[[[-48.40957,-0.90575],[-48.41948,-0.92367],[-48.42638,-0.94706],[-48.4393,-0.98248],[-48.45043,-1.00013],[-48.47421,-1.02384],[-48.49307,-1.03843],[-48.51352,-1.06614],[-48.52448,-1.08393],[-48.54799,-1.11131],[-48.57454,-1.13934],[-48.60752,-1.17211],[-48.62441,-1.19217],[-48.6516,-1.23203],[-48.66833,-1.26009],[-48.67824,-1.28241],[-48.7023,-1.32237],[-48.72194,-1.36044],[-48.73994,-1.40004],[-48.76066,-1.45254],[-48.77593,-1.47409],[-48.79563,-1.48756],[-48.82768,-1.51637],[-48.83741,-1.52144],[-48.8666,-1.53081],[-48.90677,-1.53747],[-49.00038,-1.56856],[-49.02557,-1.58185],[-49.03824,-1.59687],[-49.0638,-1.61146],[-49.08291,-1.63073],[-49.10432,-1.65749],[-49.1313,-1.68477],[-49.17169,-1.71612],[-49.18896,-1.71107],[-49.23296,-1.7049],[-49.26774,-1.70606],[-49.30124,-1.70293],[-49.3226,-1.70374],[-49.37258,-1.71017],[-49.41585,-1.71887],[-49.42919,-1.72684],[-49.4706,-1.74132],[-49.48713,-1.75296],[-49.50976,-1.7579],[-49.51871,-1.76259],[-49.52969,-1.77507],[-49.53972,-1.7801],[-49.58605,-1.77969],[-49.59905,-1.774],[-49.60778,-1.7604],[-49.62206,-1.76491],[-49.65953,-1.78917],[-49.67486,-1.80276],[-49.70836,-1.82379],[-49.71819,-1.8356],[-49.73141,-1.82337],[-49.75169,-1.81488],[-49.79707,-1.828],[-49.81658,-1.83152],[-49.84799,-1.83315],[-49.86788,-1.83039],[-49.88461,-1.82471],[-49.93119,-1.80148],[-49.96808,-1.78758],[-49.99158,-1.7831],[-50.03061,-1.78624],[-50.06467,-1.79187],[-50.07177,-1.79497],[-50.12089,-1.80843],[-50.1315,-1.815],[-50.12806,-1.82569],[-50.1153,-1.8429],[-50.10814,-1.86039],[-50.08802,-1.86134],[-50.08653,-1.8822],[-50.07461,-1.88235],[-50.07286,-1.89804],[-50.06644,-1.90537],[-50.05669,-1.90861],[-50.05514,-1.91867],[-50.06225,-1.92549],[-50.05761,-1.93501],[-50.06995,-1.94466],[-50.07172,-1.95491],[-50.06158,-1.97367],[-50.06894,-1.98639],[-50.07533,-1.99049],[-50.07872,-2.01936],[-50.06977,-2.03425],[-50.07494,-2.06942],[-50.06194,-2.07868],[-50.05641,-2.08973],[-50.06052,-2.10273],[-50.09253,-2.12678],[-50.1153,-2.13962],[-50.11616,-2.1437],[-50.10503,-2.16137],[-50.10233,-2.17688],[-50.1087,-2.194],[-50.10834,-2.20512],[-50.08819,-2.22134],[-50.07978,-2.24269],[-50.07922,-2.25895],[-50.08447,-2.28679],[-50.10525,-2.32018],[-50.10866,-2.33902],[-50.11191,-2.37831],[-50.10953,-2.41062],[-50.10466,-2.42168],[-50.08358,-2.44498],[-50.07441,-2.46354],[-50.07292,-2.48689],[-50.05414,-2.51626],[-50.03592,-2.51465],[-50.01986,-2.50843],[-50.0009,-2.50834],[-49.9835,-2.51882],[-49.96878,-2.5459],[-49.96642,-2.57471],[-49.97533,-2.6215],[-49.97436,-2.63487],[-49.96716,-2.65002],[-49.94575,-2.66973],[-49.94175,-2.68488],[-49.9408,-2.70873],[-49.94222,-2.75955],[-49.93606,-2.77489],[-49.91436,-2.8085],[-49.88108,-2.84048],[-49.85294,-2.84932],[-49.84945,-2.85768],[-49.84927,-2.89152],[-49.84633,-2.915],[-49.84758,-2.93103],[-49.85864,-2.94918],[-49.88084,-2.97478],[-49.8946,-2.98496],[-49.89917,-3.00368],[-49.9075,-3.00677],[-49.90297,-3.01549],[-49.90905,-3.03814],[-49.90211,-3.06487],[-49.91113,-3.07451],[-49.91003,-3.0913],[-49.91725,-3.09635],[-49.93113,-3.09773],[-49.94308,-3.12032],[-49.96941,-3.14023],[-49.97447,-3.15544],[-49.9675,-3.16696],[-49.97316,-3.19141],[-49.96584,-3.2107],[-49.94891,-3.21012],[-49.93488,-3.22041],[-49.93066,-3.22823],[-49.93636,-3.2487],[-49.93544,-3.25709],[-49.92413,-3.27398],[-49.92155,-3.28865],[-49.9228,-3.3048],[-49.90858,-3.32567],[-49.91919,-3.32893],[-49.9288,-3.32474],[-49.97336,-3.31994],[-49.97947,-3.32514],[-50.00042,-3.32443],[-50.00641,-3.33159],[-50.01847,-3.3216],[-50.02811,-3.32066],[-50.04231,-3.31033],[-50.05611,-3.30796],[-50.06975,-3.3008],[-50.07959,-3.28329],[-50.09839,-3.27216],[-50.11317,-3.26961],[-50.12889,-3.27948],[-50.14314,-3.29251],[-50.1567,-3.30046],[-50.17033,-3.2932],[-50.19278,-3.27322],[-50.20392,-3.24521],[-50.20963,-3.23755],[-50.22178,-3.24087],[-50.22939,-3.23385],[-50.23864,-3.2425],[-50.24845,-3.24337],[-50.2463,-3.25323],[-50.25242,-3.25734],[-50.25075,-3.26802],[-50.2553,-3.27429],[-50.27303,-3.28154],[-50.28164,-3.28883],[-50.28265,-3.30151],[-50.30005,-3.31238],[-50.31222,-3.31163],[-50.32489,-3.31677],[-50.32144,-3.32182],[-50.32922,-3.3511],[-50.34011,-3.35171],[-50.34378,-3.36123],[-50.35601,-3.36546],[-50.36292,-3.38443],[-50.3744,-3.38069],[-50.38109,-3.39104],[-50.39241,-3.39446],[-50.39844,-3.40127],[-50.42297,-3.41308],[-50.43292,-3.40571],[-50.43659,-3.39541],[-50.47567,-3.39878],[-50.48428,-3.40589],[-50.48739,-3.41641],[-50.49639,-3.41782],[-50.49561,-3.42895],[-50.4863,-3.44945],[-50.48592,-3.45833],[-50.80895,-3.49504],[-50.80531,-3.48887],[-50.81398,-3.46097],[-50.80906,-3.4488],[-50.81214,-3.42505],[-50.82392,-3.40515],[-50.83445,-3.37256],[-50.84095,-3.36835],[-50.83803,-3.33801],[-50.83436,-3.33363],[-50.84681,-3.29616],[-50.86462,-3.27926],[-50.8717,-3.27697],[-50.89906,-3.25541],[-50.91595,-3.24904],[-50.9362,-3.23118],[-50.93484,-3.21499],[-50.95148,-3.20135],[-50.94887,-3.1928],[-50.96581,-3.18948],[-50.97136,-3.16417],[-50.98023,-3.15476],[-50.97584,-3.14944],[-50.97273,-3.12465],[-50.97517,-3.12235],[-50.99765,-3.12805],[-51.01048,-3.12889],[-51.01671,-3.11144],[-51.03017,-3.10571],[-51.05565,-3.10981],[-51.06793,-3.10597],[-51.08262,-3.1065],[-51.10061,-3.12787],[-51.11428,-3.13647],[-51.15422,-3.11128],[-51.19776,-3.06855],[-51.1867,-3.0692],[-51.17011,-3.06564],[-51.16672,-3.05187],[-51.15531,-3.04206],[-51.15511,-3.02644],[-51.15136,-3.02224],[-51.18409,-3.00779],[-51.21032,-2.99947],[-51.22834,-2.98526],[-51.2342,-2.97689],[-51.24903,-2.97306],[-51.26712,-2.96106],[-51.27542,-2.95928],[-51.2899,-2.94351],[-51.30507,-2.93201],[-51.31695,-2.9343],[-51.31859,-2.94372],[-51.32715,-2.94045],[-51.35126,-2.91492],[-51.3629,-2.91114],[-51.39804,-2.88907],[-51.39781,-2.87727],[-51.41076,-2.8729],[-51.40826,-2.86423],[-51.41095,-2.85032],[-51.4217,-2.83092],[-51.43117,-2.8213],[-51.43501,-2.80676],[-51.44045,-2.80784],[-51.44056,-2.78997],[-51.44417,-2.77131],[-51.45851,-2.77222],[-51.47251,-2.76118],[-51.50395,-2.74641],[-51.53303,-2.74424],[-51.55176,-2.75259],[-51.57204,-2.76549],[-51.5839,-2.76703],[-51.60201,-2.76432],[-51.64451,-2.76957],[-51.66243,-2.78148],[-51.68493,-2.77957],[-51.69937,-2.79434],[-51.71412,-2.79317],[-51.7199,-2.79631],[-51.7344,-2.81404],[-51.74829,-2.84551],[-51.75802,-2.83262],[-51.77529,-2.78669],[-51.78154,-2.77654],[-51.7979,-2.72781],[-51.82015,-2.69757],[-51.83387,-2.65744],[-51.84007,-2.62797],[-51.85581,-2.59446],[-51.85923,-2.57462],[-51.85445,-2.55248],[-51.84823,-2.52435],[-51.84838,-2.50841],[-51.85627,-2.48601],[-51.87382,-2.46099],[-51.88085,-2.43843],[-51.87887,-2.41868],[-51.86162,-2.38684],[-51.86224,-2.3731],[-51.86645,-2.36431],[-51.88851,-2.34662],[-51.92054,-2.33155],[-51.92568,-2.31816],[-51.92145,-2.28666],[-51.92262,-2.27823],[-51.93962,-2.25709],[-51.93963,-2.10774],[-51.92361,-2.08695],[-51.91634,-2.07424],[-51.90934,-2.04367],[-51.90584,-2.00345],[-51.88462,-1.97079],[-51.87684,-1.95235],[-51.87437,-1.93734],[-51.88523,-1.92459],[-51.91157,-1.9173],[-51.93296,-1.89755],[-51.96618,-1.87596],[-51.96674,-1.82563],[-51.97718,-1.80609],[-51.9812,-1.78712],[-51.98573,-1.77922],[-51.9864,-1.75869],[-51.99004,-1.74298],[-51.98382,-1.72258],[-51.98607,-1.70099],[-51.9772,-1.68847],[-51.96368,-1.67544],[-51.96088,-1.65868],[-51.95204,-1.64659],[-51.95804,-1.63939],[-51.96081,-1.62444],[-51.9704,-1.62027],[-51.97003,-1.61027],[-51.95623,-1.59737],[-51.9599,-1.58948],[-51.96943,-1.59062],[-51.99354,-1.59887],[-52.0252,-1.59665],[-52.06871,-1.60245],[-52.09245,-1.60687],[-52.10498,-1.60487],[-52.13927,-1.60819],[-52.1624,-1.6045],[-52.17968,-1.60594],[-52.19982,-1.60423],[-52.21079,-1.59737],[-52.22492,-1.57037],[-52.24193,-1.54306],[-52.24824,-1.51181],[-52.25187,-1.50406],[-52.23879,-1.49044],[-52.23024,-1.48603],[-52.18996,-1.48193],[-52.13548,-1.47471],[-52.12441,-1.47005],[-52.11157,-1.47015],[-52.06182,-1.44969],[-52.04643,-1.44822],[-52.01735,-1.43888],[-51.99112,-1.4351],[-51.95581,-1.40597],[-51.93651,-1.38242],[-51.90968,-1.35297],[-51.89715,-1.33077],[-51.89093,-1.30948],[-51.88912,-1.27499],[-51.87575,-1.26358],[-51.86265,-1.24228],[-51.81631,-1.21718],[-51.7907,-1.19861],[-51.78299,-1.18387],[-51.77929,-1.16608],[-51.7784,-1.14041],[-51.75543,-1.11417],[-51.70954,-1.07308],[-51.70043,-1.06321],[-51.68819,-1.03925],[-51.68565,-1.01286],[-51.68976,-0.99759],[-51.6896,-0.98017],[-51.69559,-0.92472],[-51.69049,-0.89251],[-51.69162,-0.86693],[-51.68821,-0.82321],[-51.68345,-0.79403],[-51.67143,-0.7761],[-51.66548,-0.76189],[-51.64777,-0.73478],[-51.63401,-0.71053],[-51.62006,-0.69116],[-51.59554,-0.65044],[-51.57164,-0.62314],[-51.52622,-0.5802],[-51.51512,-0.56604],[-51.50087,-0.55391],[-51.4867,-0.54561],[-51.47817,-0.53426],[-51.45779,-0.51323],[-51.43248,-0.47334],[-51.42367,-0.43661],[-51.41668,-0.42435],[-51.40377,-0.41474],[-51.37856,-0.38758],[-51.36251,-0.36811],[-51.35445,-0.31852],[-51.34778,-0.29961],[-51.33212,-0.27378],[-51.32303,-0.26377],[-51.30248,-0.25264],[-51.2896,-0.22808],[-51.25998,-0.18699],[-51.24098,-0.15621],[-51.23504,-0.14364],[-51.21636,-0.11861],[-51.17173,-0.10399],[-51.15136,-0.10319],[-51.1132,-0.09661],[-51.08084,-0.08644],[-51.06893,-0.07913],[-51.03964,-0.0435],[-51.01734,-0.01072],[-51.00748,-0.00035],[-50.99691,0.00345],[-50.98512,0.02942],[-50.97483,0.04179],[-50.94624,0.06271],[-50.92109,0.07613],[-50.87192,0.08922],[-50.849,0.09429],[-50.7848,0.11211],[-50.76196,0.12098],[-50.74351,0.13049],[-50.71875,0.14697],[-50.70098,0.16161],[-50.6682,0.18503],[-50.6236,0.23178],[-50.60678,0.24574],[-50.59631,0.25037],[-50.57976,0.26999],[-50.55295,0.3125],[-50.53928,0.3458],[-50.52389,0.37239],[-50.51895,0.39384],[-50.50765,0.41761],[-50.504,0.43509],[-50.48937,0.45336],[-50.47621,0.4815],[-50.47128,0.49968],[-50.47117,0.51303],[-50.46726,0.53092],[-50.45232,0.57096],[-50.43655,0.60011],[-50.42512,0.61158],[-50.39789,0.63258],[-50.35857,0.66009],[-50.32859,0.67435],[-50.29377,0.68328],[-50.2587,0.69076],[-50.22609,0.69624],[-50.22273,0.67805],[-50.21351,0.65597],[-50.20404,0.64802],[-50.17914,0.63473],[-50.13349,0.61962],[-50.12352,0.62195],[-50.10435,0.63955],[-50.09542,0.64162],[-50.07264,0.63579],[-50.05271,0.62155],[-50.03731,0.60188],[-50.03226,0.59075],[-50.02786,0.56783],[-50.03379,0.55058],[-50.03641,0.53418],[-50.05552,0.50712],[-50.07743,0.46344],[-50.08822,0.45302],[-50.12005,0.43001],[-50.14112,0.41946],[-50.17274,0.39764],[-50.17763,0.37558],[-50.17462,0.34792],[-50.16782,0.34029],[-50.13169,0.33066],[-50.09844,0.34446],[-50.08076,0.33934],[-50.05138,0.33675],[-50.04222,0.34008],[-50.0144,0.33792],[-49.99291,0.33842],[-49.98623,0.34256],[-49.98051,0.3605],[-49.97062,0.36355],[-49.94591,0.36577],[-49.93143,0.36307],[-49.92189,0.35756],[-49.9077,0.3401],[-49.92094,0.32482],[-49.91416,0.3197],[-49.90478,0.32376],[-49.88921,0.3225],[-49.84656,0.3436],[-49.82828,0.35543],[-49.81395,0.34929],[-49.81403,0.33607],[-49.80779,0.33205],[-49.77777,0.34131],[-49.75146,0.36239],[-49.72475,0.37765],[-49.67809,0.38617],[-49.6615,0.39299],[-49.62893,0.39499],[-49.61813,0.39205],[-49.60607,0.4013],[-49.59063,0.40662],[-49.58517,0.41834],[-49.57317,0.41656],[-49.56425,0.40958],[-49.54776,0.39013],[-49.52863,0.38808],[-49.50318,0.37168],[-49.49663,0.3529],[-49.48944,0.34301],[-49.48863,0.3342],[-49.49503,0.31863],[-49.50755,0.30849],[-49.52071,0.30231],[-49.53398,0.2892],[-49.55981,0.27934],[-49.58374,0.27254],[-49.60693,0.25988],[-49.6192,0.24781],[-49.63329,0.24135],[-49.64445,0.21666],[-49.67162,0.19939],[-49.69272,0.1781],[-49.69989,0.15811],[-49.69958,0.15051],[-49.68952,0.12676],[-49.66566,0.09656],[-49.65071,0.08444],[-49.63223,0.07489],[-49.61751,0.07436],[-49.58258,0.08966],[-49.56934,0.08539],[-49.54871,0.0852],[-49.53174,0.08116],[-49.50372,0.08247],[-49.47896,0.08106],[-49.45128,0.07294],[-49.44126,0.07455],[-49.42629,0.07125],[-49.40754,0.06283],[-49.39701,0.06216],[-49.36948,0.0378],[-49.36617,0.02943],[-49.37052,0.01877],[-49.35834,0.00794],[-49.35433,-0.00958],[-49.35894,-0.02591],[-49.36658,-0.03198],[-49.37474,-0.03179],[-49.38761,-0.05739],[-49.39574,-0.05747],[-49.41548,-0.06623],[-49.43166,-0.0882],[-49.43174,-0.09714],[-49.43861,-0.12649],[-49.43271,-0.14697],[-49.42219,-0.16845],[-49.40835,-0.18201],[-49.39418,-0.19095],[-49.38256,-0.19153],[-49.34799,-0.17194],[-49.33456,-0.16052],[-49.31688,-0.15726],[-49.29407,-0.15718],[-49.25595,-0.15982],[-49.25049,-0.16553],[-49.22282,-0.15067],[-49.21289,-0.14869],[-49.20876,-0.13946],[-49.19617,-0.13135],[-49.17707,-0.13972],[-49.17583,-0.13244],[-49.16463,-0.13034],[-49.16342,-0.14791],[-49.15596,-0.1578],[-49.14833,-0.15924],[-49.13674,-0.16824],[-49.1255,-0.17151],[-49.12515,-0.1658],[-49.10946,-0.16125],[-49.08796,-0.16678],[-49.06618,-0.16109],[-49.03942,-0.16934],[-49.03514,-0.16491],[-49.01262,-0.15988],[-49.01069,-0.16911],[-48.99727,-0.18621],[-48.99157,-0.18741],[-48.964,-0.20399],[-48.95177,-0.21824],[-48.93957,-0.22576],[-48.91839,-0.22955],[-48.90288,-0.22251],[-48.83471,-0.22265],[-48.82382,-0.21694],[-48.81008,-0.21477],[-48.78829,-0.22454],[-48.77637,-0.2373],[-48.76266,-0.24009],[-48.74373,-0.24992],[-48.71197,-0.25185],[-48.69486,-0.24481],[-48.66977,-0.2405],[-48.65322,-0.24074],[-48.63846,-0.23228],[-48.62464,-0.23136],[-48.60213,-0.23623],[-48.58848,-0.2335],[-48.55743,-0.23981],[-48.54211,-0.24043],[-48.52325,-0.23734],[-48.50367,-0.24251],[-48.48589,-0.23198],[-48.44977,-0.23173],[-48.44024,-0.2254],[-48.42881,-0.22717],[-48.42308,-0.23786],[-48.39691,-0.25163],[-48.38112,-0.27673],[-48.37463,-0.30307],[-48.37919,-0.32906],[-48.38825,-0.35269],[-48.41374,-0.38418],[-48.44111,-0.41221],[-48.44941,-0.42795],[-48.45469,-0.46456],[-48.47051,-0.50802],[-48.47373,-0.52671],[-48.47525,-0.58663],[-48.47698,-0.60606],[-48.47059,-0.61405],[-48.4747,-0.63185],[-48.47304,-0.64431],[-48.47918,-0.66066],[-48.47868,-0.67735],[-48.48229,-0.68956],[-48.48803,-0.73396],[-48.49459,-0.7438],[-48.50304,-0.7451],[-48.51214,-0.75902],[-48.50606,-0.81044],[-48.50098,-0.82896],[-48.49164,-0.84843],[-48.47472,-0.8739],[-48.45475,-0.88666],[-48.40957,-0.90575]]],[[[-49.61808,0.19924],[-49.63211,0.20103],[-49.63188,0.21027],[-49.61383,0.23208],[-49.60214,0.24277],[-49.57407,0.24933],[-49.55782,0.24386],[-49.56194,0.23574],[-49.57632,0.21971],[-49.59926,0.21114],[-49.61808,0.19924]]],[[[-49.56835,0.18101],[-49.60261,0.18489],[-49.6079,0.19195],[-49.56482,0.20608],[-49.55493,0.20643],[-49.56835,0.18101]]],[[[-49.60662,0.18139],[-49.60236,0.16947],[-49.6154,0.15282],[-49.65346,0.14504],[-49.66485,0.14756],[-49.67745,0.15572],[-49.67562,0.1703],[-49.66068,0.18726],[-49.63286,0.1945],[-49.60662,0.18139]]],[[[-49.44953,0.11607],[-49.45243,0.11205],[-49.4743,0.11313],[-49.47883,0.11586],[-49.50237,0.11738],[-49.50521,0.12948],[-49.48763,0.14924],[-49.47691,0.14821],[-49.47127,0.13894],[-49.44953,0.11607]]],[[[-48.96856,-0.18941],[-48.98673,-0.17999],[-48.98547,-0.1709],[-48.97527,-0.17578],[-48.96856,-0.18941]]],[[[-49.13531,-0.16146],[-49.14335,-0.15905],[-49.15436,-0.14647],[-49.15114,-0.13575],[-49.12835,-0.14085],[-49.12193,-0.147],[-49.12166,-0.15691],[-49.13531,-0.16146]]],[[[-48.97705,-0.17233],[-48.98149,-0.16651],[-48.97496,-0.16683],[-48.97705,-0.17233]]],[[[-48.76091,-0.18485],[-48.77071,-0.17866],[-48.76171,-0.16536],[-48.75481,-0.16381],[-48.74717,-0.17145],[-48.76091,-0.18485]]],[[[-48.73647,-0.17206],[-48.73488,-0.16786],[-48.73178,-0.17296],[-48.73647,-0.17206]]],[[[-48.94823,-0.18179],[-48.94523,-0.17165],[-48.93768,-0.17194],[-48.94823,-0.18179]]],[[[-48.86556,-0.18373],[-48.86531,-0.1913],[-48.87261,-0.20012],[-48.88132,-0.20334],[-48.90189,-0.20322],[-48.92455,-0.21398],[-48.94599,-0.20886],[-48.94585,-0.19808],[-48.93001,-0.16046],[-48.91563,-0.15129],[-48.90136,-0.15043],[-48.88699,-0.1532],[-48.87724,-0.16054],[-48.87265,-0.17278],[-48.87737,-0.18183],[-48.86556,-0.18373]]],[[[-48.4328,-0.80717],[-48.42939,-0.80503],[-48.42793,-0.80745],[-48.4328,-0.80717]]]]},"properties":{"CD_REG":"1502","NM_REG":"Marajó","SIGLA_UF":"PA"}},{"type":"Feature","geometry":{"type":"Polygon","coordinates":[[[-48.4393,-0.98248],[-48.45043,-1.00013],[-48.47421,-1.02384],[-48.49307,-1.03843],[-48.51352,-1.06614],[-48.52448,-1.08393],[-48.54799,-1.11131],[-48.57454,-1.13934],[-48.60752,-1.17211],[-48.62441,-1.19217],[-48.6516,-1.23203],[-48.66833,-1.26009],[-48.67824,-1.28241],[-48.7023,-1.32237],[-48.72194,-1.36044],[-48.73994,-1.40004],[-48.76066,-1.45254],[-48.77593,-1.47409],[-48.79563,-1.48756],[-48.82768,-1.51637],[-48.83741,-1.52144],[-48.83549,-1.54682],[-48.82785,-1.57452],[-48.81824,-1.59417],[-48.80444,-1.60816],[-48.79179,-1.60131],[-48.78319,-1.60502],[-48.76563,-1.6016],[-48.7516,-1.61386],[-48.73737,-1.62066],[-48.72932,-1.63649],[-48.72974,-1.6455],[-48.71988,-1.64915],[-48.70852,-1.66366],[-48.70212,-1.68067],[-48.68385,-1.68892],[-48.67626,-1.686],[-48.66029,-1.69231],[-48.53041,-1.69932],[-48.53198,-1.68655],[-48.52715,-1.67817],[-48.51618,-1.67353],[-48.48988,-1.67666],[-48.47168,-1.66314],[-48.44716,-1.6595],[-48.43904,-1.6531],[-48.44796,-1.63697],[-48.48291,-1.56678],[-48.49732,-1.55021],[-48.5079,-1.53053],[-48.50035,-1.51818],[-48.49976,-1.50479],[-48.49246,-1.50485],[-48.47235,-1.52113],[-48.45365,-1.52033],[-48.43537,-1.51017],[-48.41037,-1.50944],[-48.39101,-1.49576],[-48.37288,-1.48996],[-48.36046,-1.47369],[-48.35112,-1.46956],[-48.33765,-1.4709],[-48.33175,-1.46695],[-48.30696,-1.47116],[-48.29302,-1.47054],[-48.28897,-1.48087],[-48.29968,-1.49162],[-48.28834,-1.52894],[-48.27685,-1.53716],[-48.28059,-1.55182],[-48.29123,-1.56965],[-48.26855,-1.58237],[-48.25096,-1.61963],[-48.23115,-1.63118],[-48.2316,-1.65071],[-48.23654,-1.65681],[-48.23382,-1.68106],[-48.22782,-1.6942],[-48.20074,-1.69382],[-48.19477,-1.69806],[-48.19046,-1.71449],[-48.17848,-1.73033],[-48.17448,-1.77428],[-48.15985,-1.7793],[-48.14599,-1.7728],[-48.13659,-1.77294],[-48.12184,-1.78305],[-48.11282,-1.79981],[-48.10913,-1.81814],[-48.09774,-1.82173],[-48.08223,-1.83278],[-48.07867,-1.83056],[-48.08174,-1.81528],[-48.06561,-1.80097],[-48.05293,-1.79621],[-48.05364,-1.78506],[-48.04343,-1.77401],[-48.02266,-1.7716],[-48.00697,-1.76532],[-47.99474,-1.73563],[-47.9879,-1.73019],[-47.98285,-1.73639],[-47.97863,-1.7305],[-47.97792,-1.7125],[-47.96151,-1.70617],[-47.9641,-1.69201],[-47.9549,-1.66992],[-47.94562,-1.66205],[-47.94142,-1.66959],[-47.9324,-1.67254],[-47.91099,-1.66393],[-47.90074,-1.6649],[-47.88625,-1.68345],[-47.88316,-1.69776],[-47.89023,-1.721],[-47.88705,-1.72948],[-47.88701,-1.74637],[-47.89282,-1.76805],[-47.88942,-1.76974],[-47.88526,-1.7533],[-47.87141,-1.73954],[-47.87832,-1.73293],[-47.87004,-1.72367],[-47.86963,-1.69989],[-47.88126,-1.68255],[-47.88089,-1.66194],[-47.86699,-1.63838],[-47.8577,-1.62927],[-47.86646,-1.61345],[-47.87379,-1.59326],[-47.89153,-1.57596],[-47.91326,-1.56707],[-47.92598,-1.56917],[-47.94406,-1.57863],[-47.94957,-1.57013],[-47.76001,-1.45259],[-47.74793,-1.48101],[-47.7335,-1.47433],[-47.72982,-1.48487],[-47.71042,-1.47617],[-47.70454,-1.49248],[-47.6961,-1.48934],[-47.69715,-1.4831],[-47.66701,-1.47013],[-47.66337,-1.46097],[-47.6672,-1.44971],[-47.6579,-1.44727],[-47.66231,-1.43421],[-47.65307,-1.43113],[-47.65607,-1.41862],[-47.6429,-1.40643],[-47.64051,-1.39451],[-47.64515,-1.38717],[-47.63844,-1.37477],[-47.77874,-1.30518],[-47.80693,-1.30256],[-47.84548,-1.28664],[-47.83995,-1.27264],[-47.8421,-1.2658],[-47.8354,-1.25901],[-47.83046,-1.22959],[-47.82284,-1.23011],[-47.80807,-1.20791],[-47.81315,-1.20269],[-47.83527,-1.15973],[-47.83825,-1.13374],[-47.83341,-1.11921],[-47.82464,-1.10456],[-47.82048,-1.10412],[-47.81026,-1.08118],[-47.81093,-1.06366],[-47.83143,-1.06194],[-47.84736,-1.06358],[-47.85926,-1.05963],[-47.87143,-1.06026],[-47.8761,-1.05284],[-47.8906,-1.04579],[-47.89946,-1.04683],[-47.93204,-1.03902],[-47.95095,-1.04115],[-47.97493,-1.06232],[-47.98124,-1.07243],[-47.98384,-1.08904],[-47.9917,-1.10291],[-48.01376,-1.12263],[-48.02148,-1.13381],[-48.11154,-1.01545],[-48.1141,-1.0247],[-48.12788,-1.03296],[-48.14879,-1.03304],[-48.16123,-1.02479],[-48.17676,-1.02602],[-48.17934,-1.01669],[-48.18591,-1.0188],[-48.19887,-1.01328],[-48.20866,-1.0138],[-48.21383,-1.00685],[-48.22357,-1.01943],[-48.23685,-1.01383],[-48.26199,-1.0158],[-48.27452,-1.02069],[-48.29126,-1.01695],[-48.30718,-1.01907],[-48.4393,-0.98248]]]},"properties":{"CD_REG":"1503","NM_REG":"Metropolitana de Belém","SIGLA_UF":"PA"}},{"type":"Feature","geometry":{"type":"MultiPolygon","coordinates":[[[[-46.10411,-1.20197],[-46.13304,-1.21037],[-46.14926,-1.226],[-46.15083,-1.23265],[-46.14008,-1.24769],[-46.14301,-1.25473],[-46.15884,-1.27466],[-46.16158,-1.28189],[-46.14731,-1.30944],[-46.12913,-1.31247],[-46.13138,-1.32654],[-46.12894,-1.33426],[-46.10978,-1.33279],[-46.10372,-1.33729],[-46.11457,-1.35194],[-46.11604,-1.36718],[-46.13021,-1.37685],[-46.14174,-1.41212],[-46.1518,-1.41896],[-46.15347,-1.42561],[-46.13773,-1.43713],[-46.1436,-1.44974],[-46.16314,-1.46312],[-46.17614,-1.47738],[-46.16451,-1.48745],[-46.16461,-1.49604],[-46.14408,-1.51783],[-46.14262,-1.5403],[-46.13558,-1.56287],[-46.13363,-1.58182],[-46.15493,-1.59374],[-46.14731,-1.60644],[-46.14936,-1.61503],[-46.16128,-1.62285],[-46.16588,-1.63438],[-46.16392,-1.65391],[-46.15738,-1.66368],[-46.15532,-1.6754],[-46.15933,-1.68507],[-46.17409,-1.70051],[-46.19285,-1.70764],[-46.2035,-1.7053],[-46.20487,-1.71751],[-46.21122,-1.72718],[-46.2251,-1.73167],[-46.24758,-1.72092],[-46.26585,-1.73284],[-46.29498,-1.72659],[-46.31188,-1.73323],[-46.32449,-1.7727],[-46.31769,-1.7963],[-46.31005,-1.80627],[-46.29549,-1.79441],[-46.28474,-1.8008],[-46.25891,-1.79497],[-46.23033,-1.80312],[-46.21103,-1.83106],[-46.21528,-1.84591],[-46.22608,-1.85685],[-46.24479,-1.8839],[-46.22876,-1.88849],[-46.22271,-1.91023],[-46.23394,-1.94241],[-46.23649,-1.96644],[-46.25168,-2.00238],[-46.25027,-2.01752],[-46.2595,-2.035],[-46.26043,-2.04608],[-46.2746,-2.05463],[-46.27357,-2.06635],[-46.27758,-2.07934],[-46.26927,-2.09067],[-46.26854,-2.104],[-46.27308,-2.12011],[-46.28887,-2.13515],[-46.29932,-2.13989],[-46.3002,-2.14594],[-46.2833,-2.15439],[-46.29629,-2.16543],[-46.32727,-2.18623],[-46.33558,-2.19404],[-46.34418,-2.20932],[-46.34721,-2.22197],[-46.36783,-2.23085],[-46.37697,-2.24589],[-46.39114,-2.25014],[-46.40609,-2.23833],[-46.41064,-2.22876],[-46.43194,-2.23706],[-46.43057,-2.24414],[-46.41782,-2.25849],[-46.4163,-2.27382],[-46.42271,-2.28754],[-46.43306,-2.30068],[-46.43165,-2.3348],[-46.45344,-2.35658],[-46.46331,-2.36224],[-46.46629,-2.37894],[-46.45779,-2.38612],[-46.44601,-2.38167],[-46.43189,-2.36449],[-46.41323,-2.36419],[-46.40941,-2.37137],[-46.41279,-2.37913],[-46.42246,-2.38538],[-46.42749,-2.40169],[-46.44215,-2.41941],[-46.43888,-2.44138],[-46.44059,-2.45241],[-46.4339,-2.46359],[-46.43585,-2.47092],[-46.44486,-2.46401],[-46.46425,-2.47092],[-46.47967,-2.48161],[-46.48466,-2.50131],[-46.48986,-2.50601],[-46.4947,-2.49503],[-46.50717,-2.49668],[-46.51456,-2.50654],[-46.5215,-2.50762],[-46.53112,-2.49809],[-46.54145,-2.50422],[-46.54072,-2.49767],[-46.55344,-2.4946],[-46.57111,-2.49605],[-46.58653,-2.48696],[-46.59614,-2.48813],[-46.60114,-2.47836],[-46.61242,-2.48046],[-46.6409,-2.46899],[-46.6409,-2.46144],[-46.66834,-2.44952],[-46.67636,-2.44199],[-46.69164,-2.43487],[-46.71453,-2.4313],[-46.73106,-2.41662],[-46.73653,-2.41745],[-46.75932,-2.41103],[-46.77462,-2.41055],[-46.81178,-2.41411],[-46.82939,-2.41781],[-46.83923,-2.42361],[-46.86325,-2.41722],[-46.86508,-2.41978],[-46.88688,-2.41747],[-46.90925,-2.42227],[-46.92392,-2.43272],[-46.93526,-2.4454],[-46.96481,-2.46475],[-46.97539,-2.4752],[-47.01106,-2.48747],[-47.02717,-2.49711],[-47.03702,-2.51343],[-47.04312,-2.52877],[-47.05015,-2.53198],[-47.04804,-2.54593],[-47.05101,-2.55432],[-47.0457,-2.56594],[-47.04611,-2.58098],[-47.05587,-2.60467],[-47.05728,-2.61884],[-47.38976,-2.88781],[-47.41129,-2.89642],[-47.42809,-2.88705],[-47.46489,-2.8756],[-47.48508,-2.87625],[-47.50017,-2.87164],[-47.5187,-2.86113],[-47.52975,-2.86018],[-47.5436,-2.84893],[-47.56599,-2.84362],[-47.5747,-2.83212],[-47.58823,-2.82486],[-47.61221,-2.80606],[-47.62857,-2.79921],[-47.63753,-2.77783],[-47.64526,-2.77528],[-47.6592,-2.75838],[-47.66395,-2.74489],[-47.68515,-2.73369],[-47.68929,-2.71977],[-47.6836,-2.71322],[-47.67536,-2.67255],[-47.68424,-2.64658],[-47.69168,-2.64018],[-47.69104,-2.6255],[-47.70148,-2.60941],[-47.7007,-2.60206],[-47.70959,-2.59032],[-47.70593,-2.57775],[-47.71149,-2.57677],[-47.71363,-2.56644],[-47.72887,-2.56261],[-47.72945,-2.5444],[-47.74115,-2.54414],[-47.73749,-2.52537],[-47.753,-2.5206],[-47.76467,-2.52263],[-47.76387,-2.53874],[-47.75792,-2.54233],[-47.77763,-2.55647],[-47.79588,-2.55305],[-47.80226,-2.55735],[-47.8009,-2.56618],[-47.78658,-2.56764],[-47.7787,-2.57593],[-47.77995,-2.58241],[-47.79059,-2.59366],[-47.8011,-2.58434],[-47.81009,-2.58727],[-47.82726,-2.58564],[-47.82222,-2.61492],[-47.82809,-2.62218],[-47.83667,-2.62238],[-47.85945,-2.61203],[-47.8714,-2.61179],[-47.86641,-2.62706],[-47.86468,-2.64581],[-47.87332,-2.65076],[-47.8796,-2.66256],[-47.89946,-2.67009],[-47.8945,-2.68487],[-47.88829,-2.68347],[-47.89485,-2.69864],[-47.88216,-2.70282],[-47.90329,-2.72951],[-47.90716,-2.73763],[-47.88329,-2.74743],[-47.88042,-2.75185],[-47.89022,-2.7672],[-47.88001,-2.77912],[-47.86603,-2.77847],[-47.85456,-2.77224],[-47.84104,-2.77964],[-47.84243,-2.78713],[-47.85057,-2.79495],[-47.85143,-2.81463],[-47.8638,-2.83032],[-47.86675,-2.83994],[-47.86094,-2.84805],[-47.85364,-2.83888],[-47.84709,-2.85504],[-47.84132,-2.85858],[-47.82142,-2.84674],[-47.80027,-2.84371],[-47.79512,-2.85009],[-47.79725,-2.85843],[-47.80532,-2.85935],[-47.79667,-2.87261],[-47.79685,-2.88609],[-47.78458,-2.89835],[-47.77543,-2.91323],[-47.78609,-2.91255],[-47.80188,-2.9184],[-47.81628,-2.93689],[-47.81107,-2.94671],[-47.80082,-2.93799],[-47.80243,-2.94972],[-47.79101,-2.9587],[-47.78803,-2.9714],[-47.79875,-2.97891],[-47.81037,-2.97901],[-47.81101,-2.96961],[-47.82101,-2.96763],[-47.82135,-2.99057],[-47.83729,-3.00607],[-47.85331,-3.00971],[-47.8731,-2.9984],[-47.88205,-3.01022],[-47.87579,-3.01923],[-47.87458,-3.02939],[-47.88711,-3.02992],[-47.88751,-3.02178],[-47.89974,-3.01718],[-47.90234,-3.00606],[-47.90979,-3.007],[-47.90786,-3.03322],[-47.91997,-3.03579],[-47.91562,-3.06629],[-47.91777,-3.07066],[-47.93773,-3.08167],[-47.95346,-3.0853],[-47.95484,-3.06903],[-47.95976,-3.07532],[-47.96975,-3.0771],[-47.98507,-3.06947],[-47.99477,-3.09284],[-48.00815,-3.09205],[-48.0219,-3.10104],[-48.00974,-3.09931],[-48.00201,-3.1046],[-48.00132,-3.11267],[-48.00676,-3.12296],[-48.01321,-3.11548],[-48.02468,-3.11403],[-48.0394,-3.09782],[-48.05568,-3.10529],[-48.05543,-3.11362],[-48.06905,-3.14167],[-48.0834,-3.13789],[-48.09668,-3.14668],[-48.09915,-3.15377],[-48.09096,-3.16576],[-48.08282,-3.16816],[-48.07107,-3.1823],[-48.07604,-3.19258],[-48.09013,-3.18045],[-48.10191,-3.18212],[-48.09801,-3.19574],[-48.11218,-3.2089],[-48.12204,-3.19493],[-48.13759,-3.18906],[-48.15049,-3.2015],[-48.16796,-3.20679],[-48.16024,-3.21381],[-48.15791,-3.22395],[-48.16121,-3.23957],[-48.17648,-3.22192],[-48.18454,-3.21925],[-48.2014,-3.22247],[-48.19882,-3.21809],[-48.20416,-3.20417],[-48.22182,-3.19432],[-48.2264,-3.19709],[-48.22267,-3.21029],[-48.22296,-3.22281],[-48.22865,-3.2332],[-48.24579,-3.23259],[-48.24082,-3.22177],[-48.24252,-3.21326],[-48.25129,-3.20815],[-48.25916,-3.2093],[-48.26757,-3.21752],[-48.26982,-3.23006],[-48.29263,-3.21907],[-48.29682,-3.22817],[-48.29308,-3.23467],[-48.30468,-3.25055],[-48.31786,-3.24962],[-48.32244,-3.24143],[-48.31579,-3.22433],[-48.33632,-3.22964],[-48.34376,-3.2249],[-48.35282,-3.23031],[-48.34268,-3.23713],[-48.35638,-3.2502],[-48.36443,-3.24709],[-48.35943,-3.24025],[-48.36496,-3.2257],[-48.37173,-3.22502],[-48.37682,-3.23204],[-48.37215,-3.23908],[-48.37499,-3.26114],[-48.38305,-3.25314],[-48.38696,-3.26268],[-48.39466,-3.26174],[-48.39707,-3.275],[-48.40868,-3.27989],[-48.41676,-3.27269],[-48.41051,-3.26277],[-48.41437,-3.25424],[-48.42065,-3.26093],[-48.42899,-3.25437],[-48.44059,-3.25918],[-48.4411,-3.26589],[-48.43082,-3.26418],[-48.43265,-3.27009],[-48.44501,-3.27354],[-48.4519,-3.26752],[-48.46126,-3.27039],[-48.46277,-3.27703],[-48.47423,-3.27583],[-48.48983,-3.26029],[-48.50285,-3.2597],[-48.5108,-3.27396],[-48.52375,-3.28229],[-48.54024,-3.27762],[-48.5697,-3.28709],[-48.5754,-3.29444],[-48.56477,-3.29486],[-48.55877,-3.30285],[-48.56268,-3.32509],[-48.5716,-3.32526],[-48.57063,-3.31609],[-48.57915,-3.30497],[-48.60369,-3.31288],[-48.60558,-3.33185],[-48.6131,-3.33287],[-48.60883,-3.31475],[-48.62562,-3.30779],[-48.63307,-3.32348],[-48.6228,-3.35266],[-48.63262,-3.35292],[-48.63832,-3.33912],[-48.6533,-3.35485],[-48.66726,-3.36291],[-48.6646,-3.35281],[-48.67672,-3.34649],[-48.68524,-3.33585],[-48.69973,-3.33504],[-48.70221,-3.34326],[-48.69657,-3.35963],[-48.70466,-3.36771],[-48.69771,-3.37572],[-48.68668,-3.37785],[-48.6868,-3.38429],[-48.69904,-3.3868],[-48.71071,-3.37291],[-48.7194,-3.38494],[-48.73027,-3.37845],[-48.73483,-3.38086],[-48.73796,-3.39465],[-48.74755,-3.39719],[-48.75293,-3.39258],[-48.76093,-3.39523],[-48.77225,-3.40587],[-48.77583,-3.42357],[-48.78921,-3.42583],[-48.79907,-3.44692],[-48.81034,-3.43775],[-48.81604,-3.43959],[-48.81226,-3.45261],[-48.81794,-3.46873],[-48.83116,-3.45792],[-48.84141,-3.45577],[-48.85043,-3.4636],[-48.83683,-3.4686],[-48.83091,-3.48804],[-48.84694,-3.48764],[-48.8428,-3.49717],[-48.84049,-3.52105],[-48.84666,-3.52656],[-48.85691,-3.52145],[-48.85919,-3.52759],[-48.8474,-3.53358],[-48.8726,-3.54073],[-48.86819,-3.547],[-48.85222,-3.55058],[-48.8508,-3.56264],[-48.8613,-3.56996],[-48.87924,-3.56093],[-48.89307,-3.57418],[-48.90326,-3.57392],[-48.91767,-3.56682],[-48.93517,-3.56481],[-48.94434,-3.56798],[-48.95475,-3.5612],[-48.96605,-3.54721],[-48.97922,-3.54305],[-49.00774,-3.54188],[-49.02906,-3.54714],[-49.02979,-3.52484],[-49.0248,-3.51117],[-48.97404,-3.45725],[-48.9559,-3.44654],[-48.92773,-3.43303],[-48.92422,-3.42825],[-48.92561,-3.41294],[-49.00088,-3.41212],[-49.52366,-3.41555],[-49.59652,-3.41511],[-49.61025,-3.4269],[-49.61291,-3.44626],[-49.60999,-3.46815],[-49.59761,-3.51311],[-49.60652,-3.52181],[-49.61921,-3.51399],[-49.63574,-3.53104],[-49.63705,-3.52499],[-49.65684,-3.53034],[-49.66214,-3.53588],[-49.66714,-3.56506],[-49.6745,-3.58572],[-49.69261,-3.59661],[-49.70041,-3.5921],[-49.71422,-3.59375],[-49.72141,-3.5997],[-49.73762,-3.59716],[-49.74182,-3.59271],[-49.75661,-3.60091],[-49.76802,-3.61902],[-49.78234,-3.62765],[-49.80742,-3.62604],[-49.81855,-3.63251],[-49.83602,-3.63541],[-49.84399,-3.64604],[-49.85814,-3.64375],[-49.87247,-3.66501],[-49.89094,-3.66002],[-49.9095,-3.6603],[-49.93045,-3.66936],[-49.93983,-3.66634],[-49.95414,-3.67355],[-49.96553,-3.66095],[-49.95997,-3.65702],[-49.9365,-3.65066],[-49.94078,-3.64162],[-49.93413,-3.634],[-49.9265,-3.63278],[-49.92977,-3.6204],[-49.91992,-3.61283],[-49.8985,-3.59064],[-49.88886,-3.58852],[-49.88045,-3.59934],[-49.8763,-3.5985],[-49.87753,-3.58557],[-49.87,-3.57639],[-49.85883,-3.57942],[-49.8473,-3.57565],[-49.82614,-3.55834],[-49.81308,-3.53873],[-49.80591,-3.53308],[-49.80894,-3.51889],[-49.81914,-3.51586],[-49.81783,-3.50935],[-49.80324,-3.50039],[-49.80824,-3.48103],[-49.81669,-3.47635],[-49.81616,-3.46828],[-49.82408,-3.45488],[-49.83661,-3.44726],[-49.83941,-3.43641],[-49.83447,-3.40411],[-49.85336,-3.39228],[-49.86664,-3.39373],[-49.87231,-3.3856],[-49.89025,-3.37708],[-49.903,-3.36774],[-49.90844,-3.35336],[-49.90858,-3.32567],[-49.9228,-3.3048],[-49.92155,-3.28865],[-49.92413,-3.27398],[-49.93544,-3.25709],[-49.93636,-3.2487],[-49.93066,-3.22823],[-49.93488,-3.22041],[-49.94891,-3.21012],[-49.96584,-3.2107],[-49.97316,-3.19141],[-49.9675,-3.16696],[-49.97447,-3.15544],[-49.96941,-3.14023],[-49.94308,-3.12032],[-49.93113,-3.09773],[-49.91725,-3.09635],[-49.91003,-3.0913],[-49.91113,-3.07451],[-49.90211,-3.06487],[-49.90905,-3.03814],[-49.90297,-3.01549],[-49.9075,-3.00677],[-49.89917,-3.00368],[-49.8946,-2.98496],[-49.88084,-2.97478],[-49.85864,-2.94918],[-49.84758,-2.93103],[-49.84633,-2.915],[-49.84927,-2.89152],[-49.84945,-2.85768],[-49.85294,-2.84932],[-49.88108,-2.84048],[-49.91436,-2.8085],[-49.93606,-2.77489],[-49.94222,-2.75955],[-49.9408,-2.70873],[-49.94175,-2.68488],[-49.94575,-2.66973],[-49.96716,-2.65002],[-49.97436,-2.63487],[-49.97533,-2.6215],[-49.96642,-2.57471],[-49.96878,-2.5459],[-49.9835,-2.51882],[-50.0009,-2.50834],[-50.01986,-2.50843],[-50.03592,-2.51465],[-50.05414,-2.51626],[-50.07292,-2.48689],[-50.07441,-2.46354],[-50.08358,-2.44498],[-50.10466,-2.42168],[-50.10953,-2.41062],[-50.11191,-2.37831],[-50.10866,-2.33902],[-50.10525,-2.32018],[-50.08447,-2.28679],[-50.07922,-2.25895],[-50.07978,-2.24269],[-50.08819,-2.22134],[-50.10834,-2.20512],[-50.1087,-2.194],[-50.10233,-2.17688],[-50.10503,-2.16137],[-50.11616,-2.1437],[-50.1153,-2.13962],[-50.09253,-2.12678],[-50.06052,-2.10273],[-50.05641,-2.08973],[-50.06194,-2.07868],[-50.07494,-2.06942],[-50.06977,-2.03425],[-50.07872,-2.01936],[-50.07533,-1.99049],[-50.06894,-1.98639],[-50.06158,-1.97367],[-50.07172,-1.95491],[-50.06995,-1.94466],[-50.05761,-1.93501],[-50.06225,-1.92549],[-50.05514,-1.91867],[-50.05669,-1.90861],[-50.06644,-1.90537],[-50.07286,-1.89804],[-50.07461,-1.88235],[-50.08653,-1.8822],[-50.08802,-1.86134],[-50.10814,-1.86039],[-50.1153,-1.8429],[-50.12806,-1.82569],[-50.1315,-1.815],[-50.12089,-1.80843],[-50.07177,-1.79497],[-50.06467,-1.79187],[-50.03061,-1.78624],[-49.99158,-1.7831],[-49.96808,-1.78758],[-49.93119,-1.80148],[-49.88461,-1.82471],[-49.86788,-1.83039],[-49.84799,-1.83315],[-49.81658,-1.83152],[-49.79707,-1.828],[-49.75169,-1.81488],[-49.73141,-1.82337],[-49.71819,-1.8356],[-49.70836,-1.82379],[-49.67486,-1.80276],[-49.65953,-1.78917],[-49.62206,-1.76491],[-49.60778,-1.7604],[-49.59905,-1.774],[-49.58605,-1.77969],[-49.53972,-1.7801],[-49.52969,-1.77507],[-49.51871,-1.76259],[-49.50976,-1.7579],[-49.48713,-1.75296],[-49.4706,-1.74132],[-49.42919,-1.72684],[-49.41585,-1.71887],[-49.37258,-1.71017],[-49.3226,-1.70374],[-49.30124,-1.70293],[-49.26774,-1.70606],[-49.23296,-1.7049],[-49.18896,-1.71107],[-49.17169,-1.71612],[-49.1313,-1.68477],[-49.10432,-1.65749],[-49.08291,-1.63073],[-49.0638,-1.61146],[-49.03824,-1.59687],[-49.02557,-1.58185],[-49.00038,-1.56856],[-48.90677,-1.53747],[-48.8666,-1.53081],[-48.83741,-1.52144],[-48.83549,-1.54682],[-48.82785,-1.57452],[-48.81824,-1.59417],[-48.80444,-1.60816],[-48.79179,-1.60131],[-48.78319,-1.60502],[-48.76563,-1.6016],[-48.7516,-1.61386],[-48.73737,-1.62066],[-48.72932,-1.63649],[-48.72974,-1.6455],[-48.71988,-1.64915],[-48.70852,-1.66366],[-48.70212,-1.68067],[-48.68385,-1.68892],[-48.67626,-1.686],[-48.66029,-1.69231],[-48.53041,-1.69932],[-48.53198,-1.68655],[-48.52715,-1.67817],[-48.51618,-1.67353],[-48.48988,-1.67666],[-48.47168,-1.66314],[-48.44716,-1.6595],[-48.43904,-1.6531],[-48.44796,-1.63697],[-48.48291,-1.56678],[-48.49732,-1.55021],[-48.5079,-1.53053],[-48.50035,-1.51818],[-48.49976,-1.50479],[-48.49246,-1.50485],[-48.47235,-1.52113],[-48.45365,-1.52033],[-48.43537,-1.51017],[-48.41037,-1.50944],[-48.39101,-1.49576],[-48.37288,-1.48996],[-48.36046,-1.47369],[-48.35112,-1.46956],[-48.33765,-1.4709],[-48.33175,-1.46695],[-48.30696,-1.47116],[-48.29302,-1.47054],[-48.28897,-1.48087],[-48.29968,-1.49162],[-48.28834,-1.52894],[-48.27685,-1.53716],[-48.28059,-1.55182],[-48.29123,-1.56965],[-48.26855,-1.58237],[-48.25096,-1.61963],[-48.23115,-1.63118],[-48.2316,-1.65071],[-48.23654,-1.65681],[-48.23382,-1.68106],[-48.22782,-1.6942],[-48.20074,-1.69382],[-48.19477,-1.69806],[-48.19046,-1.71449],[-48.17848,-1.73033],[-48.17448,-1.77428],[-48.15985,-1.7793],[-48.14599,-1.7728],[-48.13659,-1.77294],[-48.12184,-1.78305],[-48.11282,-1.79981],[-48.10913,-1.81814],[-48.09774,-1.82173],[-48.08223,-1.83278],[-48.07867,-1.83056],[-48.08174,-1.81528],[-48.06561,-1.80097],[-48.05293,-1.79621],[-48.05364,-1.78506],[-48.04343,-1.77401],[-48.02266,-1.7716],[-48.00697,-1.76532],[-47.99474,-1.73563],[-47.9879,-1.73019],[-47.98285,-1.73639],[-47.97863,-1.7305],[-47.97792,-1.7125],[-47.96151,-1.70617],[-47.9641,-1.69201],[-47.9549,-1.66992],[-47.94562,-1.66205],[-47.94142,-1.66959],[-47.9324,-1.67254],[-47.91099,-1.66393],[-47.90074,-1.6649],[-47.88625,-1.68345],[-47.88316,-1.69776],[-47.89023,-1.721],[-47.88705,-1.72948],[-47.88701,-1.74637],[-47.89282,-1.76805],[-47.88942,-1.76974],[-47.88526,-1.7533],[-47.87141,-1.73954],[-47.87832,-1.73293],[-47.87004,-1.72367],[-47.86963,-1.69989],[-47.88126,-1.68255],[-47.88089,-1.66194],[-47.86699,-1.63838],[-47.8577,-1.62927],[-47.86646,-1.61345],[-47.87379,-1.59326],[-47.89153,-1.57596],[-47.91326,-1.56707],[-47.92598,-1.56917],[-47.94406,-1.57863],[-47.94957,-1.57013],[-47.76001,-1.45259],[-47.74793,-1.48101],[-47.7335,-1.47433],[-47.72982,-1.48487],[-47.71042,-1.47617],[-47.70454,-1.49248],[-47.6961,-1.48934],[-47.69715,-1.4831],[-47.66701,-1.47013],[-47.66337,-1.46097],[-47.6672,-1.44971],[-47.6579,-1.44727],[-47.66231,-1.43421],[-47.65307,-1.43113],[-47.65607,-1.41862],[-47.6429,-1.40643],[-47.64051,-1.39451],[-47.64515,-1.38717],[-47.63844,-1.37477],[-47.77874,-1.30518],[-47.80693,-1.30256],[-47.84548,-1.28664],[-47.83995,-1.27264],[-47.8421,-1.2658],[-47.8354,-1.25901],[-47.83046,-1.22959],[-47.82284,-1.23011],[-47.80807,-1.20791],[-47.81315,-1.20269],[-47.83527,-1.15973],[-47.83825,-1.13374],[-47.83341,-1.11921],[-47.82464,-1.10456],[-47.82048,-1.10412],[-47.81026,-1.08118],[-47.81093,-1.06366],[-47.83143,-1.06194],[-47.84736,-1.06358],[-47.85926,-1.05963],[-47.87143,-1.06026],[-47.8761,-1.05284],[-47.8906,-1.04579],[-47.89946,-1.04683],[-47.93204,-1.03902],[-47.95095,-1.04115],[-47.97493,-1.06232],[-47.98124,-1.07243],[-47.98384,-1.08904],[-47.9917,-1.10291],[-48.01376,-1.12263],[-48.02148,-1.13381],[-48.11154,-1.01545],[-48.1141,-1.0247],[-48.12788,-1.03296],[-48.14879,-1.03304],[-48.16123,-1.02479],[-48.17676,-1.02602],[-48.17934,-1.01669],[-48.18591,-1.0188],[-48.19887,-1.01328],[-48.20866,-1.0138],[-48.21383,-1.00685],[-48.22357,-1.01943],[-48.23685,-1.01383],[-48.26199,-1.0158],[-48.27452,-1.02069],[-48.29126,-1.01695],[-48.30718,-1.01907],[-48.4393,-0.98248],[-48.42638,-0.94706],[-48.41948,-0.92367],[-48.40957,-0.90575],[-48.3658,-0.91893],[-48.33614,-0.92141],[-48.29377,-0.91968],[-48.26846,-0.90293],[-48.25145,-0.8779],[-48.2384,-0.8409],[-48.22949,-0.82782],[-48.22117,-0.8229],[-48.20326,-0.81927],[-48.1778,-0.82101],[-48.16653,-0.80715],[-48.16621,-0.79167],[-48.1584,-0.77421],[-48.13392,-0.7453],[-48.08799,-0.69808],[-48.06744,-0.67348],[-48.05139,-0.65947],[-48.03695,-0.66326],[-48.02367,-0.67088],[-48.0197,-0.68656],[-48.00137,-0.68646],[-47.99122,-0.69469],[-47.98335,-0.6926],[-47.97569,-0.68089],[-47.96649,-0.67565],[-47.96462,-0.64208],[-47.95551,-0.63197],[-47.93867,-0.63339],[-47.91735,-0.62324],[-47.91573,-0.61751],[-47.92056,-0.60295],[-47.90798,-0.60263],[-47.90936,-0.57742],[-47.91712,-0.56645],[-47.90598,-0.55969],[-47.89251,-0.5581],[-47.86994,-0.56123],[-47.85875,-0.57037],[-47.85839,-0.58934],[-47.84678,-0.58786],[-47.85083,-0.59833],[-47.84642,-0.62697],[-47.85364,-0.63597],[-47.85632,-0.64323],[-47.85562,-0.65294],[-47.8631,-0.65973],[-47.86568,-0.67058],[-47.85142,-0.66917],[-47.84396,-0.68094],[-47.83622,-0.6798],[-47.8261,-0.66107],[-47.82654,-0.65253],[-47.82088,-0.63747],[-47.83058,-0.60956],[-47.82687,-0.59834],[-47.81437,-0.5767],[-47.81772,-0.56469],[-47.80843,-0.55582],[-47.79824,-0.55843],[-47.80024,-0.57077],[-47.80671,-0.57648],[-47.80798,-0.58786],[-47.77758,-0.58179],[-47.77354,-0.58653],[-47.77593,-0.59913],[-47.77175,-0.6072],[-47.7611,-0.61054],[-47.75619,-0.60631],[-47.7573,-0.59468],[-47.7656,-0.58392],[-47.77115,-0.56429],[-47.76731,-0.56087],[-47.74077,-0.56367],[-47.74524,-0.55241],[-47.75545,-0.5464],[-47.7386,-0.53672],[-47.70388,-0.53458],[-47.69829,-0.54029],[-47.70429,-0.55331],[-47.69121,-0.55342],[-47.70213,-0.59341],[-47.69145,-0.59474],[-47.68132,-0.58708],[-47.68036,-0.58012],[-47.6662,-0.57573],[-47.6495,-0.58337],[-47.63273,-0.60211],[-47.63623,-0.61004],[-47.63017,-0.62596],[-47.63682,-0.63521],[-47.63491,-0.64554],[-47.64164,-0.65438],[-47.63513,-0.6574],[-47.63446,-0.66691],[-47.64469,-0.68295],[-47.6311,-0.69352],[-47.63527,-0.70304],[-47.62912,-0.70727],[-47.60677,-0.694],[-47.61041,-0.68535],[-47.58658,-0.63825],[-47.58832,-0.61923],[-47.58336,-0.60316],[-47.59107,-0.59522],[-47.58981,-0.57611],[-47.56428,-0.58159],[-47.53849,-0.60447],[-47.53153,-0.61636],[-47.53894,-0.62605],[-47.54045,-0.63809],[-47.53152,-0.64827],[-47.52148,-0.6477],[-47.51444,-0.67436],[-47.50102,-0.69111],[-47.50154,-0.70936],[-47.49413,-0.72422],[-47.48157,-0.73908],[-47.47345,-0.73485],[-47.46999,-0.69375],[-47.47464,-0.67815],[-47.47218,-0.6724],[-47.47901,-0.65715],[-47.47332,-0.62855],[-47.4847,-0.61817],[-47.47978,-0.60612],[-47.4711,-0.60034],[-47.47435,-0.59227],[-47.44329,-0.58457],[-47.42132,-0.58476],[-47.4149,-0.59149],[-47.41152,-0.60393],[-47.42042,-0.62482],[-47.43084,-0.6408],[-47.4271,-0.65726],[-47.42462,-0.64538],[-47.41866,-0.64538],[-47.40336,-0.65529],[-47.3953,-0.6538],[-47.38869,-0.63505],[-47.38925,-0.62814],[-47.37991,-0.63176],[-47.36988,-0.6299],[-47.36716,-0.62395],[-47.38469,-0.6134],[-47.38628,-0.60468],[-47.36851,-0.6003],[-47.35478,-0.61289],[-47.34693,-0.61148],[-47.35134,-0.60117],[-47.32619,-0.59556],[-47.32371,-0.59198],[-47.29629,-0.59575],[-47.28637,-0.60296],[-47.28573,-0.62591],[-47.29483,-0.63726],[-47.29448,-0.64475],[-47.28087,-0.63825],[-47.26066,-0.64924],[-47.25068,-0.64529],[-47.26196,-0.62429],[-47.21819,-0.63268],[-47.21169,-0.64563],[-47.20477,-0.64997],[-47.20673,-0.67554],[-47.21218,-0.68208],[-47.21111,-0.69238],[-47.20458,-0.69814],[-47.17474,-0.67286],[-47.17094,-0.67626],[-47.16752,-0.69564],[-47.16693,-0.72988],[-47.17791,-0.73676],[-47.17848,-0.74607],[-47.17209,-0.76288],[-47.16048,-0.76228],[-47.15604,-0.7428],[-47.14497,-0.74202],[-47.13724,-0.73255],[-47.13213,-0.71623],[-47.1273,-0.71476],[-47.13996,-0.69768],[-47.12364,-0.6937],[-47.13117,-0.68544],[-47.12119,-0.67621],[-47.09203,-0.67414],[-47.07538,-0.69395],[-47.07425,-0.70483],[-47.07801,-0.71327],[-47.08919,-0.71218],[-47.08784,-0.72076],[-47.09143,-0.73945],[-47.09939,-0.75348],[-47.08584,-0.75089],[-47.0771,-0.77138],[-47.07777,-0.78405],[-47.07228,-0.77444],[-47.06683,-0.77461],[-47.06338,-0.79229],[-47.04988,-0.79844],[-47.0354,-0.79062],[-47.03669,-0.78084],[-47.0279,-0.76367],[-47.0226,-0.76554],[-47.01558,-0.75803],[-47.01343,-0.77105],[-47.00266,-0.7608],[-47.00374,-0.74894],[-46.99617,-0.74281],[-46.9892,-0.71921],[-46.99066,-0.7119],[-46.97498,-0.7041],[-46.95812,-0.71075],[-46.94615,-0.73099],[-46.95258,-0.74778],[-46.97029,-0.76748],[-46.96316,-0.7799],[-46.94784,-0.79538],[-46.95063,-0.80057],[-46.94225,-0.80747],[-46.94502,-0.82552],[-46.9368,-0.85371],[-46.94258,-0.85928],[-46.94121,-0.86924],[-46.92864,-0.86516],[-46.91613,-0.85242],[-46.91838,-0.84002],[-46.91282,-0.82112],[-46.88367,-0.80765],[-46.88367,-0.76718],[-46.87727,-0.76136],[-46.86288,-0.75975],[-46.8616,-0.75423],[-46.87215,-0.75139],[-46.86236,-0.74169],[-46.8496,-0.73939],[-46.83602,-0.74671],[-46.82927,-0.76575],[-46.83225,-0.76991],[-46.82623,-0.77901],[-46.82434,-0.79121],[-46.83948,-0.79118],[-46.82466,-0.8034],[-46.82639,-0.81139],[-46.84415,-0.81818],[-46.83388,-0.82592],[-46.83473,-0.84032],[-46.82764,-0.84222],[-46.81256,-0.82705],[-46.80441,-0.82678],[-46.80726,-0.83448],[-46.80944,-0.86098],[-46.80175,-0.87241],[-46.78784,-0.86745],[-46.78633,-0.85102],[-46.77448,-0.84165],[-46.76615,-0.83959],[-46.7644,-0.804],[-46.76121,-0.79893],[-46.75388,-0.81415],[-46.73977,-0.82076],[-46.74176,-0.82864],[-46.73425,-0.83682],[-46.73544,-0.86223],[-46.72089,-0.8665],[-46.71747,-0.86202],[-46.71596,-0.84384],[-46.69219,-0.83386],[-46.67911,-0.84541],[-46.67631,-0.85265],[-46.67021,-0.84994],[-46.67607,-0.83118],[-46.67279,-0.81526],[-46.66288,-0.81302],[-46.66785,-0.8056],[-46.68067,-0.7983],[-46.66529,-0.79121],[-46.64509,-0.79272],[-46.63959,-0.79604],[-46.64053,-0.80506],[-46.63118,-0.81471],[-46.62674,-0.81079],[-46.62931,-0.80083],[-46.61867,-0.80607],[-46.61983,-0.81327],[-46.60366,-0.82689],[-46.59613,-0.84194],[-46.59566,-0.85184],[-46.60179,-0.85809],[-46.61586,-0.85905],[-46.62264,-0.88157],[-46.63024,-0.88298],[-46.62831,-0.89013],[-46.63744,-0.89565],[-46.63401,-0.90188],[-46.64212,-0.90949],[-46.62498,-0.92119],[-46.63015,-0.93647],[-46.64204,-0.94886],[-46.63641,-0.96908],[-46.62682,-0.96136],[-46.60196,-0.95694],[-46.58715,-0.97864],[-46.57629,-0.98058],[-46.56294,-0.94274],[-46.55912,-0.93602],[-46.5568,-0.91863],[-46.54352,-0.90761],[-46.53282,-0.90858],[-46.5328,-0.91906],[-46.53841,-0.94091],[-46.53835,-0.95237],[-46.53132,-0.95299],[-46.52217,-0.93316],[-46.51508,-0.92965],[-46.51518,-0.91864],[-46.50513,-0.8985],[-46.5148,-0.88773],[-46.49585,-0.8722],[-46.48034,-0.88264],[-46.47105,-0.88457],[-46.4664,-0.89404],[-46.45911,-0.88549],[-46.46967,-0.87585],[-46.46557,-0.87253],[-46.4474,-0.87237],[-46.44507,-0.86889],[-46.4238,-0.86645],[-46.41212,-0.87871],[-46.41026,-0.88764],[-46.42182,-0.89657],[-46.44606,-0.91086],[-46.45985,-0.90345],[-46.47161,-0.91867],[-46.48037,-0.9238],[-46.46838,-0.92953],[-46.4626,-0.94024],[-46.46536,-0.95171],[-46.47869,-0.96562],[-46.49134,-0.9676],[-46.49492,-0.97574],[-46.47418,-0.97697],[-46.4694,-0.98122],[-46.46483,-0.99805],[-46.46596,-1.00569],[-46.47539,-1.01701],[-46.46908,-1.02529],[-46.44783,-1.0285],[-46.42838,-1.02413],[-46.42402,-1.0119],[-46.41589,-1.00096],[-46.39623,-0.99691],[-46.3966,-1.00727],[-46.3895,-1.02068],[-46.3717,-1.02825],[-46.3666,-1.01419],[-46.34637,-1.00725],[-46.3346,-1.02479],[-46.31929,-1.02371],[-46.30973,-1.01754],[-46.30679,-1.00999],[-46.28773,-0.99942],[-46.28997,-0.98472],[-46.27376,-0.97363],[-46.26668,-0.96128],[-46.27125,-0.93426],[-46.26483,-0.91341],[-46.24725,-0.90287],[-46.22006,-0.89253],[-46.20758,-0.88562],[-46.20072,-0.88686],[-46.18191,-0.90948],[-46.1784,-0.91832],[-46.17574,-0.94281],[-46.18091,-0.95254],[-46.19073,-0.94894],[-46.19275,-0.95618],[-46.21276,-0.97934],[-46.2216,-0.98376],[-46.21768,-0.99318],[-46.21844,-1.00913],[-46.21545,-1.02632],[-46.20835,-1.03513],[-46.20474,-1.05233],[-46.20588,-1.06434],[-46.2186,-1.07436],[-46.23956,-1.09825],[-46.23013,-1.10452],[-46.21426,-1.09657],[-46.19348,-1.0796],[-46.18847,-1.07222],[-46.18412,-1.05305],[-46.18675,-1.03339],[-46.18369,-1.01405],[-46.17864,-1.00276],[-46.17052,-0.99938],[-46.1605,-1.00517],[-46.15624,-1.01843],[-46.15732,-1.03223],[-46.15147,-1.03591],[-46.1506,-1.04871],[-46.15488,-1.06257],[-46.16793,-1.06912],[-46.17174,-1.08485],[-46.16487,-1.08901],[-46.15277,-1.08867],[-46.1483,-1.07172],[-46.14129,-1.05816],[-46.1245,-1.04145],[-46.1131,-1.03816],[-46.09455,-1.02063],[-46.07634,-1.02494],[-46.06973,-1.03679],[-46.07235,-1.04583],[-46.08823,-1.04884],[-46.0938,-1.05464],[-46.0821,-1.06446],[-46.06561,-1.08607],[-46.06182,-1.09719],[-46.06341,-1.10619],[-46.07574,-1.1154],[-46.08714,-1.13442],[-46.0871,-1.15768],[-46.09817,-1.19606],[-46.10411,-1.20197]]],[[[-47.99223,-0.69349],[-47.99643,-0.68155],[-47.99292,-0.68154],[-47.99223,-0.69349]]],[[[-48.00618,-0.66711],[-48.00813,-0.68284],[-48.01537,-0.68365],[-48.01633,-0.6703],[-48.01224,-0.66194],[-48.00618,-0.66711]]],[[[-47.91398,-0.58438],[-47.92173,-0.58122],[-47.92157,-0.57674],[-47.91398,-0.58438]]],[[[-47.92086,-0.59453],[-47.9177,-0.58991],[-47.90992,-0.5993],[-47.92086,-0.59453]]],[[[-47.97081,-0.65497],[-47.98161,-0.67341],[-47.9845,-0.65621],[-47.97505,-0.64866],[-47.97081,-0.65497]]],[[[-47.8424,-0.67183],[-47.84613,-0.66264],[-47.84001,-0.6587],[-47.8424,-0.67183]]],[[[-47.85444,-0.64007],[-47.85259,-0.63598],[-47.85192,-0.63661],[-47.85444,-0.64007]]],[[[-47.82286,-0.63398],[-47.82718,-0.64877],[-47.82977,-0.63664],[-47.82286,-0.63398]]],[[[-47.83678,-0.66475],[-47.838,-0.65618],[-47.83476,-0.65903],[-47.83678,-0.66475]]],[[[-46.62685,-0.95924],[-46.62013,-0.94593],[-46.60255,-0.94149],[-46.60639,-0.95515],[-46.62685,-0.95924]]],[[[-46.48071,-0.9738],[-46.48621,-0.97289],[-46.48146,-0.97113],[-46.48071,-0.9738]]],[[[-46.72374,-0.79004],[-46.72814,-0.78245],[-46.72128,-0.78313],[-46.72374,-0.79004]]],[[[-46.476,-0.9687],[-46.46868,-0.96392],[-46.46977,-0.96779],[-46.476,-0.9687]]],[[[-46.46064,-0.91473],[-46.462,-0.90809],[-46.45591,-0.90813],[-46.46064,-0.91473]]],[[[-46.15565,-0.95264],[-46.15355,-0.9288],[-46.14587,-0.92364],[-46.13723,-0.92682],[-46.14446,-0.9479],[-46.15565,-0.95264]]],[[[-46.43623,-0.9904],[-46.43173,-0.97119],[-46.41852,-0.94897],[-46.41089,-0.9409],[-46.40163,-0.94764],[-46.40492,-0.96538],[-46.41374,-0.97527],[-46.43623,-0.9904]]],[[[-46.31281,-1.00733],[-46.33192,-0.98446],[-46.32784,-0.97298],[-46.33998,-0.95985],[-46.32213,-0.93641],[-46.30881,-0.93827],[-46.3066,-0.94325],[-46.31362,-0.95914],[-46.31351,-0.96998],[-46.30562,-0.99783],[-46.31281,-1.00733]]],[[[-46.43945,-1.0063],[-46.44048,-1.00604],[-46.43663,-1.00428],[-46.43945,-1.0063]]],[[[-46.44553,-1.01746],[-46.445,-1.01089],[-46.43393,-1.0058],[-46.43335,-1.01414],[-46.44553,-1.01746]]],[[[-46.44002,-1.01791],[-46.43754,-1.01779],[-46.43862,-1.01832],[-46.44002,-1.01791]]],[[[-46.38142,-1.02238],[-46.38586,-1.00717],[-46.37985,-1.00183],[-46.37478,-1.01879],[-46.38142,-1.02238]]],[[[-46.43676,-1.01905],[-46.43754,-1.01892],[-46.43676,-1.01845],[-46.43676,-1.01905]]]]},"properties":{"CD_REG":"1504","NM_REG":"Nordeste Paraense","SIGLA_UF":"PA"}},{"type":"Feature","geometry":{"type":"Polygon","coordinates":[[[-58.13706,-7.35612],[-58.14737,-7.34324],[-58.17001,-7.31322],[-58.17481,-7.27143],[-58.1678,-7.23925],[-58.16975,-7.22224],[-58.181,-7.18174],[-58.19967,-7.15577],[-58.20952,-7.13426],[-58.22278,-7.12427],[-58.22983,-7.10946],[-58.23992,-7.09551],[-58.25283,-7.08342],[-58.26858,-7.07952],[-58.28826,-7.06167],[-58.31289,-7.01893],[-58.33542,-6.98637],[-58.35561,-6.97166],[-58.38025,-6.9705],[-58.38656,-6.96532],[-58.39414,-6.9501],[-58.407,-6.94043],[-58.43456,-6.90881],[-58.44564,-6.87688],[-58.46289,-6.83728],[-58.47066,-6.80363],[-58.48176,-6.78142],[-58.4783,-6.72402],[-58.47847,-6.69961],[-58.46519,-6.67004],[-58.44758,-6.65134],[-58.42731,-6.61617],[-58.42178,-6.61071],[-58.39353,-6.59217],[-58.38062,-6.58051],[-58.34989,-6.5624],[-58.33969,-6.54854],[-58.33231,-6.533],[-58.32706,-6.50037],[-58.32,-6.495],[-58.29311,-6.49388],[-58.26672,-6.47556],[-58.25526,-6.45412],[-58.03407,-5.97844],[-58.03364,-5.97814],[-57.67381,-5.19345],[-57.58557,-5.00074],[-57.52356,-4.86979],[-57.25362,-4.29675],[-57.23264,-4.24799],[-57.21355,-4.21162],[-57.11426,-4.0005],[-57.00049,-3.75913],[-56.91375,-3.5623],[-56.88724,-3.49905],[-56.80969,-3.33347],[-56.8101,-3.33298],[-56.76789,-3.24289],[-56.76157,-3.25177],[-56.7332,-3.32669],[-56.73338,-3.33341],[-56.72493,-3.34357],[-56.7024,-3.35749],[-56.50048,-3.30696],[-56.34463,-3.2648],[-55.88573,-3.25141],[-55.37514,-3.23625],[-55.35806,-3.23504],[-55.34692,-3.2217],[-55.33581,-3.22161],[-55.32856,-3.22731],[-55.32014,-3.22557],[-55.29167,-3.24029],[-55.16484,-3.24387],[-55.14745,-3.24992],[-55.13698,-3.24955],[-55.06731,-3.23398],[-55.05095,-3.23257],[-55.04281,-3.24172],[-55.0374,-3.25474],[-55.04665,-3.26955],[-55.05612,-3.3105],[-55.08578,-3.32578],[-55.08603,-3.33722],[-55.07897,-3.34417],[-55.07976,-3.3635],[-55.08542,-3.38216],[-55.08764,-3.4002],[-55.1098,-3.42154],[-55.11886,-3.4278],[-55.12601,-3.4401],[-55.12028,-3.45857],[-55.10173,-3.47661],[-55.11412,-3.48939],[-55.1139,-3.49321],[-55.09215,-3.51016],[-55.10384,-3.52485],[-55.09595,-3.53177],[-55.11553,-3.54243],[-55.11778,-3.55979],[-55.11578,-3.57355],[-55.12776,-3.58814],[-55.13809,-3.589],[-55.13973,-3.6098],[-55.14339,-3.62055],[-55.16128,-3.63086],[-55.16439,-3.64369],[-55.17245,-3.6479],[-55.1652,-3.65844],[-55.15389,-3.66582],[-55.15195,-3.6747],[-55.17423,-3.69675],[-55.16516,-3.70233],[-55.16114,-3.71265],[-55.14861,-3.72646],[-55.13838,-3.7334],[-55.12631,-3.75317],[-55.12081,-3.7693],[-55.12009,-3.78876],[-55.13854,-3.79916],[-55.15111,-3.81141],[-55.15073,-3.82832],[-55.15532,-3.8445],[-55.15148,-3.8513],[-55.14559,-3.84147],[-55.1466,-3.86608],[-55.12606,-3.86409],[-55.12412,-3.8717],[-55.1077,-3.86772],[-55.09323,-3.87267],[-55.08814,-3.88563],[-55.0942,-3.90867],[-55.08506,-3.91929],[-55.08062,-3.9328],[-55.07334,-3.93754],[-55.06334,-3.93641],[-55.0732,-3.92633],[-55.0722,-3.92008],[-55.05545,-3.92206],[-55.0498,-3.93042],[-55.04032,-3.92439],[-55.02851,-3.92346],[-55.02379,-3.94809],[-55.01761,-3.94423],[-55.01797,-3.92134],[-55.01276,-3.90617],[-55.00251,-3.8922],[-55.00778,-3.88448],[-55.01042,-3.86972],[-55.01834,-3.86525],[-55.01559,-3.85857],[-55.00342,-3.85311],[-54.98073,-3.84771],[-54.97501,-3.84328],[-54.97667,-3.83204],[-54.96556,-3.82629],[-54.96289,-3.81587],[-54.94103,-3.80671],[-54.94153,-3.799],[-54.92226,-3.78466],[-54.90994,-3.77846],[-54.91353,-3.77182],[-54.90292,-3.757],[-54.91478,-3.74671],[-54.91811,-3.73954],[-54.90189,-3.72428],[-54.89414,-3.72984],[-54.87589,-3.72203],[-54.8703,-3.72695],[-54.85381,-3.7301],[-54.84956,-3.74788],[-54.83956,-3.75517],[-54.82899,-3.76969],[-54.82231,-3.77409],[-54.80803,-3.7668],[-54.79679,-3.77374],[-54.78137,-3.77515],[-54.75519,-3.78241],[-54.74505,-3.76922],[-54.69975,-3.7906],[-54.69892,-3.81227],[-54.70508,-3.81587],[-54.70972,-3.82745],[-54.71892,-3.82868],[-54.717,-3.84491],[-54.72278,-3.84752],[-54.73233,-3.84278],[-54.75564,-3.85094],[-54.76003,-3.86107],[-54.75256,-3.87026],[-54.74684,-3.88668],[-54.75525,-3.89191],[-54.75776,-3.90405],[-54.77183,-3.9143],[-54.77731,-3.92682],[-54.78645,-3.9334],[-54.78487,-3.93893],[-54.77195,-3.94143],[-54.75514,-3.93614],[-54.75548,-3.95119],[-54.75064,-3.95927],[-54.76123,-3.96802],[-54.75467,-3.97856],[-54.76119,-3.98925],[-54.74073,-4.02374],[-54.74081,-4.03754],[-54.77325,-4.04625],[-54.7852,-4.05165],[-54.7877,-4.05751],[-54.77848,-4.06568],[-54.78728,-4.07266],[-54.77853,-4.08038],[-54.78014,-4.09054],[-54.77478,-4.10096],[-54.78042,-4.11043],[-54.77417,-4.12266],[-54.78497,-4.12511],[-54.7877,-4.13166],[-54.80434,-4.13274],[-54.81292,-4.13724],[-54.8132,-4.15193],[-54.81845,-4.17814],[-54.8122,-4.19376],[-54.79512,-4.20171],[-54.79131,-4.21326],[-54.7954,-4.22613],[-54.80576,-4.22723],[-54.81095,-4.23513],[-54.82651,-4.2344],[-54.84773,-4.25875],[-54.84305,-4.27663],[-54.84981,-4.27819],[-54.8582,-4.29445],[-54.85803,-4.3123],[-54.87567,-4.34051],[-54.8732,-4.34822],[-54.85885,-4.3677],[-54.83797,-4.39012],[-54.83642,-4.39646],[-54.84187,-4.41024],[-54.83849,-4.41747],[-54.81308,-4.4284],[-54.80525,-4.44921],[-54.79675,-4.46371],[-54.78864,-4.4635],[-54.77689,-4.45539],[-54.75665,-4.45862],[-54.74203,-4.46861],[-54.73189,-4.46024],[-54.74961,-4.43875],[-54.75251,-4.43106],[-54.73562,-4.42455],[-54.73131,-4.41597],[-54.74006,-4.41165],[-54.73398,-4.40646],[-54.7495,-4.39806],[-54.75442,-4.38969],[-54.75033,-4.37659],[-54.7445,-4.38066],[-54.72378,-4.38411],[-54.72084,-4.37576],[-54.71045,-4.36607],[-54.69598,-4.34397],[-54.6852,-4.35032],[-54.68203,-4.34738],[-54.68964,-4.3295],[-54.67472,-4.31598],[-54.66753,-4.3203],[-54.643,-4.32669],[-54.6322,-4.32401],[-54.63425,-4.33146],[-54.6093,-4.35616],[-54.60892,-4.37651],[-54.60309,-4.38149],[-54.588,-4.38425],[-54.58195,-4.3933],[-54.56997,-4.3827],[-54.56478,-4.3721],[-54.55781,-4.37754],[-54.55628,-4.39427],[-54.55244,-4.39563],[-54.54069,-4.38323],[-54.53731,-4.37058],[-54.52492,-4.37582],[-54.51589,-4.36251],[-54.50145,-4.35553],[-54.50347,-4.34855],[-54.494,-4.34493],[-54.49781,-4.33791],[-54.51692,-4.32951],[-54.53428,-4.3333],[-54.52611,-4.30981],[-54.51911,-4.29763],[-54.51636,-4.28023],[-54.50889,-4.26579],[-54.50326,-4.26603],[-54.48973,-4.25137],[-54.47597,-4.24847],[-54.46295,-4.2528],[-54.45097,-4.24334],[-54.44625,-4.24742],[-54.43708,-4.26686],[-54.42267,-4.26283],[-54.41728,-4.26782],[-54.41328,-4.2911],[-54.40303,-4.28735],[-54.40383,-4.29543],[-54.39122,-4.29523],[-54.37631,-4.27222],[-54.36661,-4.26455],[-54.33422,-4.2714],[-54.33086,-4.28136],[-54.32318,-4.28408],[-54.30476,-4.28052],[-54.30139,-4.29228],[-54.30167,-4.31235],[-54.29491,-4.3176],[-54.27983,-4.3165],[-54.26587,-4.30636],[-54.24808,-4.30323],[-54.23255,-4.31389],[-54.22581,-4.30441],[-54.24286,-4.2924],[-54.24375,-4.28494],[-54.22052,-4.26827],[-54.21175,-4.2649],[-54.21759,-4.25833],[-54.21711,-4.24706],[-54.20811,-4.24299],[-54.20402,-4.23532],[-54.21054,-4.22694],[-54.20241,-4.21385],[-54.20014,-4.20278],[-54.19158,-4.19671],[-54.19739,-4.17477],[-54.19039,-4.16778],[-54.18727,-4.18158],[-54.17087,-4.19065],[-54.15897,-4.20762],[-54.13397,-4.20158],[-54.13153,-4.2079],[-54.13849,-4.21717],[-54.13539,-4.22868],[-54.12097,-4.22329],[-54.11063,-4.23099],[-54.10006,-4.23192],[-54.10139,-4.22469],[-54.1095,-4.22218],[-54.11083,-4.21224],[-54.09913,-4.20684],[-54.09797,-4.1951],[-54.08286,-4.1827],[-54.08352,-4.17502],[-54.09317,-4.16505],[-54.09383,-4.15851],[-54.08144,-4.14791],[-54.07939,-4.14068],[-54.0877,-4.12825],[-54.09103,-4.10632],[-54.08583,-4.09932],[-54.05047,-4.07997],[-54.0545,-4.0725],[-54.07833,-4.06455],[-54.09923,-4.05321],[-54.1055,-4.04009],[-54.12575,-4.03778],[-54.13744,-4.03211],[-54.1372,-4.02036],[-54.15248,-4.01197],[-54.14233,-4.00702],[-54.13508,-3.98808],[-54.118,-3.98509],[-54.11019,-3.97396],[-54.11285,-3.96096],[-54.11253,-3.94268],[-54.12089,-3.92682],[-54.11327,-3.91599],[-54.11784,-3.90447],[-54.10842,-3.89848],[-54.1177,-3.87416],[-54.11236,-3.8456],[-54.11602,-3.83985],[-54.11005,-3.82557],[-54.11867,-3.81291],[-54.13055,-3.82082],[-54.14767,-3.83712],[-54.16108,-3.83772],[-54.16925,-3.82423],[-54.16219,-3.81791],[-54.15972,-3.80558],[-54.15017,-3.79037],[-54.15264,-3.77746],[-54.17605,-3.7684],[-54.18936,-3.7547],[-54.19197,-3.74749],[-54.20203,-3.74208],[-54.20539,-3.73162],[-54.22147,-3.71687],[-54.23661,-3.7087],[-54.24236,-3.70931],[-54.25436,-3.69288],[-54.25698,-3.67463],[-54.26394,-3.66285],[-54.25361,-3.66165],[-54.24328,-3.65123],[-54.24136,-3.6437],[-54.23277,-3.64777],[-54.224,-3.64333],[-54.21917,-3.63223],[-54.23999,-3.61916],[-54.24589,-3.60872],[-54.24697,-3.59218],[-54.25681,-3.58179],[-54.25619,-3.57038],[-54.27319,-3.56414],[-54.27247,-3.5549],[-54.265,-3.54722],[-54.26645,-3.5219],[-54.25922,-3.51359],[-54.26395,-3.5004],[-54.263,-3.49037],[-54.26977,-3.48041],[-54.27628,-3.47833],[-54.27566,-3.46673],[-54.2597,-3.45937],[-54.25799,-3.44903],[-54.26225,-3.44352],[-54.27209,-3.44388],[-54.27742,-3.43392],[-54.29284,-3.43548],[-54.29825,-3.43186],[-54.28753,-3.41752],[-54.28639,-3.39496],[-54.289,-3.37819],[-54.26764,-3.36521],[-54.25583,-3.35532],[-54.25711,-3.33421],[-54.26409,-3.31029],[-54.25733,-3.28699],[-54.25691,-3.27059],[-54.23942,-3.26305],[-54.23672,-3.25553],[-54.21391,-3.23339],[-54.20792,-3.2091],[-54.19266,-3.1983],[-54.17402,-3.19548],[-54.10986,-3.17041],[-54.09661,-3.15671],[-54.10295,-3.13225],[-54.06998,-3.11437],[-54.05828,-3.08464],[-54.0507,-3.08254],[-54.04541,-3.04848],[-54.04605,-2.99877],[-54.05736,-2.98552],[-54.07817,-2.9725],[-54.08877,-2.96101],[-54.09897,-2.93507],[-54.1025,-2.92061],[-54.10131,-2.90248],[-54.10302,-2.88653],[-53.85541,-2.88747],[-53.60838,-2.86515],[-53.60831,-2.85335],[-53.59933,-2.84244],[-53.59247,-2.82632],[-53.5943,-2.81311],[-53.58583,-2.80462],[-53.56489,-2.79179],[-53.54516,-2.79111],[-53.53947,-2.78453],[-53.52358,-2.77521],[-53.50816,-2.78342],[-53.50277,-2.78287],[-53.50171,-2.77158],[-53.48716,-2.76489],[-53.47869,-2.77244],[-53.45438,-2.77649],[-53.42763,-2.76244],[-53.41244,-2.7629],[-53.40852,-2.74986],[-53.39061,-2.73814],[-53.38632,-2.74279],[-53.35803,-2.73733],[-53.33624,-2.73734],[-53.32977,-2.74308],[-53.30975,-2.74334],[-53.28444,-2.75596],[-53.28338,-2.76217],[-53.27158,-2.77112],[-53.25955,-2.76945],[-53.25572,-2.77527],[-53.24699,-2.76971],[-53.24211,-2.75903],[-53.23308,-2.75347],[-53.2356,-2.7481],[-53.21213,-2.72986],[-53.20264,-2.71486],[-53.1701,-2.69517],[-53.1706,-2.68439],[-53.16535,-2.67712],[-53.14641,-2.66527],[-53.12691,-2.6698],[-53.11102,-2.68576],[-53.09966,-2.68126],[-53.08491,-2.6823],[-53.07613,-2.68824],[-53.06385,-2.68051],[-53.05122,-2.67783],[-53.04693,-2.68278],[-53.03485,-2.67772],[-53.0288,-2.68197],[-53.01058,-2.67791],[-53.00153,-2.67162],[-52.97677,-2.68916],[-52.96018,-2.68739],[-52.93563,-2.70055],[-52.90438,-2.71513],[-52.8819,-2.73085],[-52.86429,-2.73989],[-52.83787,-2.7587],[-52.82946,-2.76209],[-52.80249,-2.76353],[-52.75579,-2.74079],[-52.68399,-2.72291],[-52.63831,-2.71701],[-52.6232,-2.71642],[-52.55699,-2.72498],[-52.53748,-2.73675],[-52.52344,-2.75417],[-52.50129,-2.77367],[-52.48318,-2.77316],[-52.43349,-2.76881],[-52.40665,-2.77158],[-52.39016,-2.77004],[-52.33137,-2.78287],[-52.30504,-2.7969],[-52.29024,-2.8085],[-52.27649,-2.83022],[-52.26435,-2.8177],[-52.24971,-2.81105],[-52.23411,-2.80996],[-52.19896,-2.81389],[-52.15771,-2.81059],[-52.12709,-2.80401],[-52.10766,-2.79511],[-52.04385,-2.79251],[-52.05682,-2.778],[-52.06171,-2.76669],[-52.06498,-2.73785],[-52.05918,-2.71744],[-52.05493,-2.68624],[-52.04596,-2.67549],[-52.02935,-2.66327],[-52.00243,-2.63059],[-51.99738,-2.61859],[-51.98881,-2.57566],[-51.97873,-2.55283],[-51.96381,-2.53659],[-51.9574,-2.5221],[-51.93671,-2.5101],[-51.93045,-2.4965],[-51.91974,-2.49317],[-51.91262,-2.50423],[-51.90201,-2.50694],[-51.8947,-2.52376],[-51.87774,-2.53898],[-51.87224,-2.54928],[-51.85445,-2.55248],[-51.85923,-2.57462],[-51.85581,-2.59446],[-51.84007,-2.62797],[-51.83387,-2.65744],[-51.82015,-2.69757],[-51.7979,-2.72781],[-51.78154,-2.77654],[-51.77529,-2.78669],[-51.75802,-2.83262],[-51.74829,-2.84551],[-51.7344,-2.81404],[-51.7199,-2.79631],[-51.71412,-2.79317],[-51.69937,-2.79434],[-51.68493,-2.77957],[-51.66243,-2.78148],[-51.64451,-2.76957],[-51.60201,-2.76432],[-51.5839,-2.76703],[-51.57204,-2.76549],[-51.55176,-2.75259],[-51.53303,-2.74424],[-51.50395,-2.74641],[-51.47251,-2.76118],[-51.45851,-2.77222],[-51.44417,-2.77131],[-51.44056,-2.78997],[-51.44045,-2.80784],[-51.43501,-2.80676],[-51.43117,-2.8213],[-51.4217,-2.83092],[-51.41095,-2.85032],[-51.40826,-2.86423],[-51.41076,-2.8729],[-51.39781,-2.87727],[-51.39804,-2.88907],[-51.3629,-2.91114],[-51.35126,-2.91492],[-51.32715,-2.94045],[-51.31859,-2.94372],[-51.31695,-2.9343],[-51.30507,-2.93201],[-51.2899,-2.94351],[-51.27542,-2.95928],[-51.26712,-2.96106],[-51.24903,-2.97306],[-51.2342,-2.97689],[-51.22834,-2.98526],[-51.21032,-2.99947],[-51.18409,-3.00779],[-51.15136,-3.02224],[-51.15511,-3.02644],[-51.15531,-3.04206],[-51.16672,-3.05187],[-51.17011,-3.06564],[-51.1867,-3.0692],[-51.19776,-3.06855],[-51.15422,-3.11128],[-51.11428,-3.13647],[-51.10061,-3.12787],[-51.08262,-3.1065],[-51.06793,-3.10597],[-51.05565,-3.10981],[-51.03017,-3.10571],[-51.01671,-3.11144],[-51.01048,-3.12889],[-50.99765,-3.12805],[-50.97517,-3.12235],[-50.97273,-3.12465],[-50.97584,-3.14944],[-50.98023,-3.15476],[-50.97136,-3.16417],[-50.96581,-3.18948],[-50.94887,-3.1928],[-50.95148,-3.20135],[-50.93484,-3.21499],[-50.9362,-3.23118],[-50.91595,-3.24904],[-50.89906,-3.25541],[-50.8717,-3.27697],[-50.86462,-3.27926],[-50.84681,-3.29616],[-50.83436,-3.33363],[-50.83803,-3.33801],[-50.84095,-3.36835],[-50.83445,-3.37256],[-50.82392,-3.40515],[-50.81214,-3.42505],[-50.80906,-3.4488],[-50.81398,-3.46097],[-50.80531,-3.48887],[-50.80895,-3.49504],[-50.48592,-3.45833],[-50.4863,-3.44945],[-50.49561,-3.42895],[-50.49639,-3.41782],[-50.48739,-3.41641],[-50.48428,-3.40589],[-50.47567,-3.39878],[-50.43659,-3.39541],[-50.43292,-3.40571],[-50.42297,-3.41308],[-50.39844,-3.40127],[-50.39241,-3.39446],[-50.38109,-3.39104],[-50.3744,-3.38069],[-50.36292,-3.38443],[-50.35601,-3.36546],[-50.34378,-3.36123],[-50.34011,-3.35171],[-50.32922,-3.3511],[-50.32144,-3.32182],[-50.32489,-3.31677],[-50.31222,-3.31163],[-50.30005,-3.31238],[-50.28265,-3.30151],[-50.28164,-3.28883],[-50.27303,-3.28154],[-50.2553,-3.27429],[-50.25075,-3.26802],[-50.25242,-3.25734],[-50.2463,-3.25323],[-50.24845,-3.24337],[-50.23864,-3.2425],[-50.22939,-3.23385],[-50.22178,-3.24087],[-50.20963,-3.23755],[-50.20392,-3.24521],[-50.19278,-3.27322],[-50.17033,-3.2932],[-50.1567,-3.30046],[-50.14314,-3.29251],[-50.12889,-3.27948],[-50.11317,-3.26961],[-50.09839,-3.27216],[-50.07959,-3.28329],[-50.06975,-3.3008],[-50.05611,-3.30796],[-50.04231,-3.31033],[-50.02811,-3.32066],[-50.01847,-3.3216],[-50.00641,-3.33159],[-50.00042,-3.32443],[-49.97947,-3.32514],[-49.97336,-3.31994],[-49.9288,-3.32474],[-49.91919,-3.32893],[-49.90858,-3.32567],[-49.90844,-3.35336],[-49.903,-3.36774],[-49.89025,-3.37708],[-49.87231,-3.3856],[-49.86664,-3.39373],[-49.85336,-3.39228],[-49.83447,-3.40411],[-49.83941,-3.43641],[-49.83661,-3.44726],[-49.82408,-3.45488],[-49.81616,-3.46828],[-49.81669,-3.47635],[-49.80824,-3.48103],[-49.80324,-3.50039],[-49.81783,-3.50935],[-49.81914,-3.51586],[-49.80894,-3.51889],[-49.80591,-3.53308],[-49.81308,-3.53873],[-49.82614,-3.55834],[-49.8473,-3.57565],[-49.85883,-3.57942],[-49.87,-3.57639],[-49.87753,-3.58557],[-49.8763,-3.5985],[-49.88045,-3.59934],[-49.88886,-3.58852],[-49.8985,-3.59064],[-49.91992,-3.61283],[-49.92977,-3.6204],[-49.9265,-3.63278],[-49.93413,-3.634],[-49.94078,-3.64162],[-49.9365,-3.65066],[-49.95997,-3.65702],[-49.96553,-3.66095],[-49.9698,-3.67091],[-49.96831,-3.68357],[-49.98989,-3.69201],[-49.998,-3.71377],[-49.98675,-3.72937],[-49.98895,-3.7416],[-49.98347,-3.75397],[-49.97614,-3.75892],[-49.97375,-3.76958],[-49.958,-3.7877],[-49.96236,-3.79514],[-49.97308,-3.79746],[-49.96731,-3.81915],[-49.96862,-3.82757],[-49.98266,-3.848],[-50.00228,-3.85089],[-50.01269,-3.8594],[-50.00572,-3.87655],[-50.0063,-3.88795],[-50.01781,-3.90499],[-50.03986,-3.91082],[-50.05578,-3.92196],[-50.0582,-3.93205],[-50.06767,-3.94054],[-50.06722,-3.95102],[-50.07422,-3.96201],[-50.08781,-3.95809],[-50.097,-3.96278],[-50.11492,-3.98183],[-50.12108,-3.98484],[-50.12823,-4.00533],[-50.1308,-4.02736],[-50.11797,-4.03352],[-50.10727,-4.03153],[-50.10961,-4.04388],[-50.11733,-4.05212],[-50.09867,-4.06043],[-50.09712,-4.06892],[-50.1085,-4.07798],[-50.50042,-3.9637],[-50.88145,-3.85357],[-50.79386,-4.00043],[-50.67329,-4.20873],[-50.68262,-4.21099],[-50.68089,-4.21871],[-50.69303,-4.22197],[-50.71045,-4.23422],[-50.7157,-4.24209],[-50.7307,-4.24258],[-50.74023,-4.24675],[-50.76164,-4.25012],[-50.80128,-4.27689],[-50.803,-4.2826],[-50.81842,-4.29495],[-50.8487,-4.29243],[-50.86695,-4.28669],[-50.88254,-4.28899],[-50.90976,-4.2823],[-50.91895,-4.27244],[-50.92576,-4.27596],[-50.93851,-4.27032],[-50.96567,-4.26632],[-50.97372,-4.25531],[-50.99034,-4.26369],[-50.9937,-4.2713],[-50.98615,-4.27343],[-50.98878,-4.28124],[-50.98214,-4.29029],[-50.98492,-4.30499],[-50.98198,-4.31592],[-50.98526,-4.3322],[-50.99615,-4.34668],[-50.99498,-4.36069],[-50.97848,-4.36173],[-50.97881,-4.37614],[-50.97384,-4.38498],[-50.96326,-4.3754],[-50.95434,-4.37272],[-50.94187,-4.37829],[-50.92998,-4.3881],[-50.91803,-4.40592],[-50.90045,-4.41234],[-50.89656,-4.43019],[-50.87978,-4.44753],[-50.88581,-4.46619],[-50.90318,-4.47051],[-50.90954,-4.48997],[-50.90264,-4.49834],[-50.89186,-4.49489],[-50.88998,-4.50036],[-50.90134,-4.51733],[-50.89873,-4.54432],[-50.90487,-4.56243],[-50.89462,-4.58195],[-50.91195,-4.61953],[-50.92011,-4.62598],[-50.91475,-4.64186],[-50.91729,-4.65639],[-50.9064,-4.67467],[-50.9055,-4.68776],[-50.9114,-4.68822],[-50.92279,-4.67787],[-50.9304,-4.68395],[-50.93315,-4.6955],[-50.93265,-4.71371],[-50.92357,-4.71212],[-50.91156,-4.72066],[-50.90657,-4.7288],[-50.91686,-4.73806],[-50.91653,-4.74969],[-50.93273,-4.75338],[-50.94528,-4.75241],[-50.94043,-4.76166],[-50.92723,-4.77575],[-50.92656,-4.78453],[-50.93406,-4.7911],[-50.92711,-4.8026],[-50.92806,-4.81181],[-50.92068,-4.81688],[-50.92295,-4.83224],[-50.91812,-4.83868],[-50.91228,-4.8647],[-50.89706,-4.86877],[-50.89331,-4.87569],[-50.88461,-4.87078],[-50.88003,-4.86124],[-50.85845,-4.86885],[-50.85973,-4.89997],[-50.84898,-4.90607],[-50.8472,-4.91244],[-50.85525,-4.94099],[-50.85109,-4.95987],[-50.85381,-4.96993],[-50.86756,-4.97873],[-50.8687,-4.98829],[-50.86059,-4.99347],[-50.86003,-5.00039],[-50.87823,-5.03739],[-50.88867,-5.04345],[-50.8842,-5.05067],[-50.88456,-5.06318],[-50.88987,-5.06686],[-50.88926,-5.07745],[-50.90259,-5.09505],[-50.89531,-5.11268],[-50.89906,-5.11861],[-50.91172,-5.11897],[-50.93234,-5.1446],[-50.9302,-5.15057],[-51.50046,-5.15016],[-51.83499,-5.15141],[-52.00957,-5.15186],[-52.05107,-5.1514],[-52.05835,-5.17247],[-52.05946,-5.18718],[-52.0684,-5.19193],[-52.07087,-5.2071],[-52.07602,-5.21565],[-52.06749,-5.22388],[-52.06852,-5.24303],[-52.07813,-5.2574],[-52.09423,-5.26263],[-52.10526,-5.27139],[-52.11379,-5.29147],[-52.11373,-5.30482],[-52.11951,-5.31419],[-52.11483,-5.33414],[-52.10735,-5.3431],[-52.10924,-5.35263],[-52.12304,-5.33998],[-52.13646,-5.33358],[-52.13693,-5.32595],[-52.1483,-5.3161],[-52.16215,-5.31487],[-52.17957,-5.30014],[-52.20177,-5.30384],[-52.21349,-5.29117],[-52.22824,-5.28714],[-52.23888,-5.27619],[-52.25863,-5.26954],[-52.27054,-5.27937],[-52.27927,-5.27487],[-52.28402,-5.25763],[-52.27396,-5.22939],[-52.28246,-5.21007],[-52.29535,-5.19441],[-52.30521,-5.19608],[-52.31357,-5.18994],[-52.33958,-5.17958],[-52.34618,-5.18033],[-52.3748,-5.20456],[-52.39349,-5.19681],[-52.39941,-5.18493],[-52.40799,-5.1836],[-52.41049,-5.16628],[-52.42638,-5.15398],[-52.44515,-5.16719],[-52.4501,-5.185],[-52.46735,-5.19485],[-52.47157,-5.20339],[-52.48554,-5.19835],[-52.49096,-5.20127],[-52.49283,-5.21498],[-52.50749,-5.2197],[-52.52731,-5.22987],[-52.54733,-5.2295],[-52.55608,-5.22586],[-52.56086,-5.21719],[-52.57191,-5.22537],[-52.57691,-5.23513],[-52.59427,-5.23901],[-52.60307,-5.24617],[-52.61225,-5.24307],[-52.62702,-5.25283],[-52.63108,-5.26549],[-52.65804,-5.29778],[-52.65985,-5.30833],[-52.6544,-5.32017],[-52.65518,-5.33453],[-52.64221,-5.35565],[-52.6506,-5.37108],[-52.64171,-5.38117],[-52.64599,-5.40054],[-52.66146,-5.41311],[-52.66413,-5.42749],[-52.67308,-5.43002],[-52.66641,-5.44648],[-52.67152,-5.46187],[-52.67269,-5.47587],[-52.68382,-5.49512],[-52.68232,-5.50521],[-52.69016,-5.5083],[-52.69186,-5.51628],[-52.68552,-5.52505],[-52.68688,-5.54319],[-52.68277,-5.58199],[-52.69686,-5.61007],[-52.69924,-5.62312],[-52.69024,-5.65371],[-52.70252,-5.66765],[-52.72358,-5.67088],[-52.73311,-5.68039],[-52.74266,-5.68401],[-52.74072,-5.69601],[-52.74744,-5.69848],[-52.75319,-5.7114],[-52.76435,-5.71264],[-52.77152,-5.72227],[-52.78438,-5.72223],[-52.79146,-5.71443],[-52.80227,-5.71567],[-52.83216,-5.68994],[-52.83822,-5.69776],[-52.83619,-5.7036],[-52.84952,-5.70391],[-52.85697,-5.71272],[-52.86518,-5.70256],[-52.876,-5.69807],[-52.88296,-5.70354],[-52.89621,-5.70566],[-52.91796,-5.72402],[-52.92166,-5.73705],[-52.93938,-5.74403],[-52.94013,-5.75264],[-52.9311,-5.757],[-52.92769,-5.76766],[-52.93133,-5.77533],[-52.93186,-5.79121],[-52.95224,-5.79861],[-52.96293,-5.816],[-52.96354,-5.82943],[-52.97586,-5.84508],[-53.0098,-5.85192],[-53.01951,-5.85695],[-53.02952,-5.87456],[-53.05399,-5.87696],[-53.05913,-5.88605],[-53.06858,-5.88544],[-53.07799,-5.87936],[-53.07749,-5.86911],[-53.08502,-5.86305],[-53.09416,-5.87195],[-53.10938,-5.87198],[-53.11244,-5.88233],[-53.128,-5.90087],[-53.14052,-5.90098],[-53.13874,-5.92212],[-53.14908,-5.93776],[-53.15813,-5.93422],[-53.16736,-5.94513],[-53.18567,-5.9555],[-53.20241,-5.95861],[-53.2183,-5.94285],[-53.24186,-5.95005],[-53.24539,-5.96594],[-53.25924,-5.96704],[-53.26975,-5.97169],[-53.27924,-5.98177],[-53.27403,-6.00043],[-53.27638,-6.01294],[-53.27097,-6.0198],[-53.28586,-6.02888],[-53.30377,-6.03074],[-53.31505,-6.03662],[-53.3228,-6.05218],[-53.33472,-6.04747],[-53.34513,-6.04782],[-53.36897,-6.05796],[-53.37188,-6.06813],[-53.38274,-6.08163],[-53.38805,-6.10007],[-53.37547,-6.10027],[-53.37117,-6.11772],[-53.35441,-6.11678],[-53.3536,-6.12675],[-53.34088,-6.13192],[-53.34075,-6.13953],[-53.34838,-6.14802],[-53.34722,-6.16143],[-53.35138,-6.17188],[-53.34544,-6.18073],[-53.32244,-6.16624],[-53.31635,-6.16946],[-53.30694,-6.16568],[-53.29908,-6.17713],[-53.28769,-6.20969],[-53.28905,-6.22429],[-53.28616,-6.23434],[-53.26716,-6.25432],[-53.26572,-6.26646],[-53.25494,-6.26702],[-53.2613,-6.2784],[-53.26021,-6.28927],[-53.24699,-6.28918],[-53.24277,-6.29504],[-53.22647,-6.29501],[-53.22452,-6.30143],[-53.23213,-6.31083],[-53.22336,-6.3124],[-53.23497,-6.32363],[-53.2341,-6.33959],[-53.2111,-6.33787],[-53.20647,-6.35117],[-53.20822,-6.36261],[-53.19436,-6.37148],[-53.19116,-6.40057],[-53.20236,-6.40581],[-53.2131,-6.42439],[-53.19938,-6.44251],[-53.19242,-6.44157],[-53.18177,-6.45871],[-53.19305,-6.47647],[-53.21458,-6.46946],[-53.2153,-6.48415],[-53.22852,-6.48507],[-53.2275,-6.50044],[-53.23735,-6.50044],[-53.24533,-6.49262],[-53.2486,-6.48095],[-53.2578,-6.47476],[-53.25741,-6.46505],[-53.27838,-6.46113],[-53.28827,-6.46971],[-53.29672,-6.45835],[-53.30325,-6.45695],[-53.31372,-6.46336],[-53.32558,-6.47669],[-53.31955,-6.49478],[-53.31427,-6.49954],[-53.32916,-6.52224],[-53.33158,-6.53109],[-53.34191,-6.54267],[-53.34238,-6.55302],[-53.36452,-6.57848],[-53.37386,-6.59402],[-53.38636,-6.58707],[-53.3998,-6.57397],[-53.40725,-6.56183],[-53.4173,-6.56252],[-53.42833,-6.55272],[-53.44188,-6.56157],[-53.45172,-6.58256],[-53.4631,-6.59906],[-53.4697,-6.60048],[-53.46691,-6.61029],[-53.45593,-6.61935],[-53.46852,-6.63472],[-53.46297,-6.63975],[-53.46377,-6.65137],[-53.45719,-6.66545],[-53.46452,-6.67677],[-53.44961,-6.68611],[-53.44069,-6.68391],[-53.42789,-6.67382],[-53.41869,-6.67858],[-53.40733,-6.69163],[-53.39492,-6.71763],[-53.37908,-6.72407],[-53.3685,-6.72325],[-53.34419,-6.74942],[-53.33402,-6.75371],[-53.32477,-6.75031],[-53.29761,-6.76326],[-53.27408,-6.76749],[-53.25686,-6.7756],[-53.24725,-6.78688],[-53.24991,-6.79701],[-53.24328,-6.81299],[-53.23547,-6.82015],[-53.24386,-6.82243],[-53.24801,-6.83149],[-53.26539,-6.84797],[-53.27425,-6.85217],[-53.28883,-6.86503],[-53.29247,-6.88307],[-53.29955,-6.89049],[-53.31888,-6.89349],[-53.31944,-6.90076],[-53.30883,-6.90423],[-53.31164,-6.91608],[-53.29913,-6.92698],[-53.28261,-6.937],[-53.27778,-6.9453],[-53.27879,-6.96564],[-53.30099,-6.99408],[-53.30364,-7.00622],[-53.31744,-7.02746],[-53.31725,-7.04127],[-53.31183,-7.0551],[-53.29938,-7.06872],[-53.30758,-7.07459],[-53.29355,-7.08504],[-53.28881,-7.09615],[-53.28089,-7.10228],[-53.26185,-7.10482],[-53.25372,-7.11458],[-53.2585,-7.12906],[-53.25603,-7.13723],[-53.2633,-7.14128],[-53.27172,-7.15937],[-53.28125,-7.16026],[-53.28652,-7.17587],[-53.30081,-7.18195],[-53.30697,-7.1953],[-53.31308,-7.19641],[-53.31358,-7.21385],[-53.30066,-7.21773],[-53.2998,-7.23087],[-53.28778,-7.22887],[-53.28144,-7.23273],[-53.25861,-7.26337],[-53.25705,-7.27469],[-53.24005,-7.2874],[-53.23489,-7.29853],[-53.22241,-7.30354],[-53.20814,-7.31377],[-53.18847,-7.33488],[-53.17374,-7.34194],[-53.16538,-7.35713],[-53.16902,-7.36776],[-53.17653,-7.37115],[-53.17835,-7.38043],[-53.16272,-7.38364],[-53.16,-7.39273],[-53.14755,-7.39884],[-53.13075,-7.38937],[-53.12007,-7.39551],[-53.11966,-7.41409],[-53.12332,-7.41974],[-53.1213,-7.43356],[-53.12427,-7.44579],[-53.11749,-7.45509],[-53.10753,-7.461],[-53.09235,-7.47757],[-53.09261,-7.48934],[-53.10578,-7.49271],[-53.10738,-7.50426],[-53.11308,-7.51308],[-53.129,-7.52505],[-53.13836,-7.54654],[-53.14542,-7.55151],[-53.16811,-7.55395],[-53.1611,-7.56347],[-53.16158,-7.57072],[-53.1466,-7.57913],[-53.15324,-7.59361],[-53.14622,-7.59817],[-53.1408,-7.61584],[-53.13055,-7.60454],[-53.11494,-7.62134],[-53.11291,-7.62882],[-53.12364,-7.65598],[-53.11277,-7.65533],[-53.10847,-7.67141],[-53.10011,-7.68207],[-53.07216,-7.68011],[-53.0581,-7.68783],[-53.05788,-7.69328],[-53.04566,-7.70372],[-53.0443,-7.71279],[-53.0373,-7.72141],[-53.02844,-7.72369],[-53.02894,-7.74544],[-53.03192,-7.75177],[-53.02263,-7.76493],[-53.03605,-7.7794],[-53.01769,-7.78555],[-52.99591,-7.7967],[-52.99211,-7.82774],[-52.99894,-7.82977],[-53.00441,-7.84403],[-53.01555,-7.84219],[-53.03058,-7.86005],[-53.02035,-7.86687],[-53.01766,-7.8816],[-53.02744,-7.88135],[-53.04041,-7.89105],[-53.05383,-7.8917],[-53.06614,-7.91206],[-53.06705,-7.91863],[-53.05821,-7.9259],[-53.03755,-7.93048],[-53.03122,-7.94137],[-53.021,-7.94048],[-53.01874,-7.94682],[-53.02944,-7.9613],[-53.01544,-7.98942],[-53.01477,-7.99802],[-52.99999,-7.9915],[-52.98227,-7.99154],[-52.9858,-8.00516],[-52.98074,-8.01194],[-52.96999,-8.01482],[-52.96789,-8.02616],[-52.98155,-8.02489],[-52.98424,-8.03354],[-52.96539,-8.06068],[-52.95619,-8.07107],[-52.95471,-8.08764],[-52.96336,-8.09246],[-52.95872,-8.10333],[-52.96483,-8.10859],[-52.96544,-8.12155],[-52.93905,-8.14659],[-52.93244,-8.14859],[-52.92527,-8.16262],[-52.93271,-8.1763],[-52.93444,-8.19176],[-52.94031,-8.20133],[-52.92902,-8.21534],[-52.92966,-8.22284],[-52.96311,-8.23646],[-52.9728,-8.2506],[-52.97133,-8.26808],[-52.98536,-8.28384],[-53.00811,-8.29534],[-53.0083,-8.29875],[-52.99068,-8.30749],[-52.99108,-8.31817],[-52.98261,-8.32334],[-52.97955,-8.33786],[-52.96467,-8.34686],[-52.95102,-8.34245],[-52.94119,-8.3467],[-52.94319,-8.38782],[-52.93289,-8.39481],[-52.93102,-8.40365],[-52.91658,-8.41356],[-52.91722,-8.42241],[-52.89936,-8.4298],[-52.90887,-8.43985],[-52.93288,-8.43183],[-52.95155,-8.4358],[-52.95519,-8.44128],[-52.94892,-8.45714],[-52.95029,-8.47414],[-52.94555,-8.48664],[-52.9206,-8.4958],[-52.90749,-8.5132],[-52.90494,-8.52046],[-52.91469,-8.53165],[-52.90013,-8.55813],[-52.89166,-8.56489],[-52.88833,-8.58327],[-52.89921,-8.59674],[-52.90046,-8.61401],[-52.89672,-8.62761],[-52.90582,-8.6329],[-52.91819,-8.62616],[-52.92888,-8.62964],[-52.94816,-8.64928],[-52.9335,-8.65873],[-52.93142,-8.66531],[-52.94071,-8.67218],[-52.94933,-8.68495],[-52.92916,-8.69618],[-52.92408,-8.70479],[-52.92993,-8.71709],[-52.93192,-8.73004],[-52.94241,-8.73056],[-52.94953,-8.72401],[-52.96346,-8.72138],[-52.9738,-8.71281],[-52.99022,-8.71382],[-53.00627,-8.70483],[-53.02175,-8.71287],[-53.03694,-8.72863],[-53.03519,-8.75178],[-53.01519,-8.77552],[-53.02406,-8.7851],[-53.01761,-8.7937],[-53.00644,-8.78999],[-52.99906,-8.80426],[-52.99802,-8.82061],[-52.99177,-8.83557],[-52.9926,-8.85078],[-52.99688,-8.86148],[-53.00416,-8.86561],[-53.00457,-8.87515],[-53.01375,-8.90246],[-53.01752,-8.92247],[-53.04869,-8.94559],[-53.05525,-8.95403],[-53.04216,-8.9644],[-53.04005,-8.97507],[-53.052,-9.00289],[-53.04594,-9.01708],[-53.0476,-9.02523],[-53.03825,-9.04219],[-53.02378,-9.05397],[-53.01608,-9.06442],[-53.02558,-9.07425],[-53.03205,-9.07049],[-53.03783,-9.07849],[-53.04141,-9.09226],[-53.05017,-9.08887],[-53.06287,-9.09867],[-53.05581,-9.10692],[-53.08236,-9.1134],[-53.0848,-9.11613],[-53.08127,-9.14344],[-53.07041,-9.14772],[-53.05994,-9.14722],[-53.04166,-9.15689],[-53.02299,-9.15669],[-53.01428,-9.1694],[-53.00569,-9.17514],[-53.0048,-9.18329],[-52.99213,-9.19783],[-52.97221,-9.21025],[-52.96283,-9.23384],[-52.97456,-9.24059],[-52.97174,-9.26065],[-52.96588,-9.27802],[-52.9577,-9.28308],[-52.94197,-9.33563],[-52.93469,-9.34706],[-52.934,-9.35627],[-52.92261,-9.38043],[-52.92833,-9.39327],[-52.93164,-9.41131],[-52.93961,-9.42142],[-52.93389,-9.44417],[-52.92588,-9.45036],[-52.92991,-9.45482],[-52.95283,-9.45787],[-52.96636,-9.44947],[-52.99508,-9.4753],[-53.00869,-9.4753],[-53.02581,-9.48092],[-53.03522,-9.47509],[-53.0425,-9.4773],[-53.05119,-9.49137],[-53.04708,-9.50317],[-53.05522,-9.51411],[-53.05672,-9.53051],[-53.08013,-9.53708],[-53.09703,-9.54449],[-53.10242,-9.55241],[-53.11253,-9.55243],[-53.12155,-9.56349],[-53.12413,-9.57261],[-53.12069,-9.59681],[-53.13339,-9.64518],[-53.58844,-9.61105],[-53.64531,-9.60708],[-54.10662,-9.57192],[-54.61345,-9.53583],[-54.85951,-9.51624],[-55.15217,-9.49273],[-55.79187,-9.44048],[-56.2738,-9.40072],[-56.67188,-9.3674],[-56.69788,-9.3741],[-56.70839,-9.37321],[-56.71833,-9.38389],[-56.75427,-9.40636],[-56.76111,-9.405],[-56.77232,-9.39096],[-56.77013,-9.37546],[-56.7756,-9.36622],[-56.77552,-9.32953],[-56.77917,-9.3172],[-56.78519,-9.31656],[-56.79221,-9.29364],[-56.80033,-9.2805],[-56.80341,-9.26745],[-56.82011,-9.24634],[-56.84419,-9.2408],[-56.86033,-9.23165],[-56.87236,-9.23916],[-56.94174,-9.22925],[-56.94933,-9.22399],[-56.96399,-9.22453],[-56.97258,-9.22942],[-56.99555,-9.23384],[-57.00822,-9.22332],[-57.02264,-9.2197],[-57.03405,-9.20974],[-57.03933,-9.19703],[-57.04733,-9.19432],[-57.06013,-9.18197],[-57.05855,-9.16959],[-57.05242,-9.15846],[-57.06044,-9.13713],[-57.0415,-9.11509],[-57.03924,-9.09829],[-57.04633,-9.08899],[-57.06325,-9.07858],[-57.05961,-9.06428],[-57.07631,-9.05454],[-57.09003,-9.03822],[-57.09461,-9.01711],[-57.10785,-9.01168],[-57.13827,-8.99461],[-57.14747,-8.98218],[-57.16233,-8.96908],[-57.18225,-8.94068],[-57.20377,-8.92082],[-57.2355,-8.90744],[-57.26241,-8.90781],[-57.28948,-8.91583],[-57.30603,-8.9099],[-57.31202,-8.88993],[-57.31789,-8.88571],[-57.34958,-8.88078],[-57.37711,-8.88182],[-57.38438,-8.87956],[-57.40342,-8.86252],[-57.41622,-8.859],[-57.41973,-8.84247],[-57.41422,-8.83045],[-57.41405,-8.81251],[-57.4175,-8.79261],[-57.42758,-8.78324],[-57.44961,-8.78621],[-57.46353,-8.78474],[-57.48486,-8.76938],[-57.50719,-8.76099],[-57.523,-8.74973],[-57.53039,-8.74817],[-57.54419,-8.75214],[-57.56237,-8.76125],[-57.58628,-8.75939],[-57.59294,-8.75648],[-57.60105,-8.74123],[-57.59361,-8.70742],[-57.59819,-8.68802],[-57.60334,-8.67855],[-57.6053,-8.66283],[-57.62259,-8.64501],[-57.6251,-8.6214],[-57.62089,-8.60346],[-57.62225,-8.59119],[-57.63086,-8.58539],[-57.64478,-8.58198],[-57.6505,-8.55337],[-57.63883,-8.54057],[-57.63342,-8.52681],[-57.63764,-8.51356],[-57.65905,-8.50039],[-57.6595,-8.48997],[-57.65183,-8.47884],[-57.65399,-8.46507],[-57.6639,-8.45691],[-57.68312,-8.43014],[-57.68656,-8.40701],[-57.67017,-8.37934],[-57.6678,-8.36394],[-57.68022,-8.32694],[-57.67794,-8.31214],[-57.66377,-8.29097],[-57.66308,-8.2685],[-57.64547,-8.23484],[-57.64167,-8.21988],[-57.64561,-8.20629],[-57.65819,-8.18649],[-57.67288,-8.17264],[-57.70464,-8.16802],[-57.71875,-8.15123],[-57.72575,-8.11828],[-57.72669,-8.09803],[-57.73253,-8.08916],[-57.77653,-8.05218],[-57.80631,-8.00031],[-57.817,-7.9905],[-57.82883,-7.9729],[-57.83186,-7.96152],[-57.83219,-7.9328],[-57.83502,-7.88141],[-57.84097,-7.86148],[-57.85472,-7.83365],[-57.86841,-7.81272],[-57.87964,-7.78191],[-57.883,-7.74672],[-57.88906,-7.71219],[-57.89675,-7.67788],[-57.90145,-7.66833],[-57.91619,-7.65734],[-57.93044,-7.65714],[-57.93956,-7.65313],[-57.94225,-7.64266],[-57.94228,-7.61878],[-57.94511,-7.60216],[-57.95206,-7.58014],[-57.97258,-7.53459],[-57.98716,-7.51514],[-58.00217,-7.48813],[-58.01958,-7.47264],[-58.03984,-7.44635],[-58.04827,-7.42224],[-58.06136,-7.39519],[-58.12142,-7.35177],[-58.13844,-7.34903],[-58.13706,-7.35612]]]},"properties":{"CD_REG":"1505","NM_REG":"Sudoeste Paraense","SIGLA_UF":"PA"}},{"type":"Feature","geometry":{"type":"Polygon","coordinates":[[[-50.22481,-9.84115],[-50.50059,-9.82399],[-50.84289,-9.80082],[-51.30429,-9.77286],[-51.48817,-9.76058],[-52.00032,-9.72584],[-52.35955,-9.70039],[-52.61926,-9.68225],[-53.00047,-9.65527],[-53.13339,-9.64518],[-53.12069,-9.59681],[-53.12413,-9.57261],[-53.12155,-9.56349],[-53.11253,-9.55243],[-53.10242,-9.55241],[-53.09703,-9.54449],[-53.08013,-9.53708],[-53.05672,-9.53051],[-53.05522,-9.51411],[-53.04708,-9.50317],[-53.05119,-9.49137],[-53.0425,-9.4773],[-53.03522,-9.47509],[-53.02581,-9.48092],[-53.00869,-9.4753],[-52.99508,-9.4753],[-52.96636,-9.44947],[-52.95283,-9.45787],[-52.92991,-9.45482],[-52.92588,-9.45036],[-52.93389,-9.44417],[-52.93961,-9.42142],[-52.93164,-9.41131],[-52.92833,-9.39327],[-52.92261,-9.38043],[-52.934,-9.35627],[-52.93469,-9.34706],[-52.94197,-9.33563],[-52.9577,-9.28308],[-52.96588,-9.27802],[-52.97174,-9.26065],[-52.97456,-9.24059],[-52.96283,-9.23384],[-52.97221,-9.21025],[-52.99213,-9.19783],[-53.0048,-9.18329],[-53.00569,-9.17514],[-53.01428,-9.1694],[-53.02299,-9.15669],[-53.04166,-9.15689],[-53.05994,-9.14722],[-53.07041,-9.14772],[-53.08127,-9.14344],[-53.0848,-9.11613],[-53.08236,-9.1134],[-53.05581,-9.10692],[-53.06287,-9.09867],[-53.05017,-9.08887],[-53.04141,-9.09226],[-53.03783,-9.07849],[-53.03205,-9.07049],[-53.02558,-9.07425],[-53.01608,-9.06442],[-53.02378,-9.05397],[-53.03825,-9.04219],[-53.0476,-9.02523],[-53.04594,-9.01708],[-53.052,-9.00289],[-53.04005,-8.97507],[-53.04216,-8.9644],[-53.05525,-8.95403],[-53.04869,-8.94559],[-53.01752,-8.92247],[-53.01375,-8.90246],[-53.00457,-8.87515],[-53.00416,-8.86561],[-52.99688,-8.86148],[-52.9926,-8.85078],[-52.99177,-8.83557],[-52.99802,-8.82061],[-52.99906,-8.80426],[-53.00644,-8.78999],[-53.01761,-8.7937],[-53.02406,-8.7851],[-53.01519,-8.77552],[-53.03519,-8.75178],[-53.03694,-8.72863],[-53.02175,-8.71287],[-53.00627,-8.70483],[-52.99022,-8.71382],[-52.9738,-8.71281],[-52.96346,-8.72138],[-52.94953,-8.72401],[-52.94241,-8.73056],[-52.93192,-8.73004],[-52.92993,-8.71709],[-52.92408,-8.70479],[-52.92916,-8.69618],[-52.94933,-8.68495],[-52.94071,-8.67218],[-52.93142,-8.66531],[-52.9335,-8.65873],[-52.94816,-8.64928],[-52.92888,-8.62964],[-52.91819,-8.62616],[-52.90582,-8.6329],[-52.89672,-8.62761],[-52.90046,-8.61401],[-52.89921,-8.59674],[-52.88833,-8.58327],[-52.89166,-8.56489],[-52.90013,-8.55813],[-52.91469,-8.53165],[-52.90494,-8.52046],[-52.90749,-8.5132],[-52.9206,-8.4958],[-52.94555,-8.48664],[-52.95029,-8.47414],[-52.94892,-8.45714],[-52.95519,-8.44128],[-52.95155,-8.4358],[-52.93288,-8.43183],[-52.90887,-8.43985],[-52.89936,-8.4298],[-52.91722,-8.42241],[-52.91658,-8.41356],[-52.93102,-8.40365],[-52.93289,-8.39481],[-52.94319,-8.38782],[-52.94119,-8.3467],[-52.95102,-8.34245],[-52.96467,-8.34686],[-52.97955,-8.33786],[-52.98261,-8.32334],[-52.99108,-8.31817],[-52.99068,-8.30749],[-53.0083,-8.29875],[-53.00811,-8.29534],[-52.98536,-8.28384],[-52.97133,-8.26808],[-52.9728,-8.2506],[-52.96311,-8.23646],[-52.92966,-8.22284],[-52.92902,-8.21534],[-52.94031,-8.20133],[-52.93444,-8.19176],[-52.93271,-8.1763],[-52.92527,-8.16262],[-52.93244,-8.14859],[-52.93905,-8.14659],[-52.96544,-8.12155],[-52.96483,-8.10859],[-52.95872,-8.10333],[-52.96336,-8.09246],[-52.95471,-8.08764],[-52.95619,-8.07107],[-52.96539,-8.06068],[-52.98424,-8.03354],[-52.98155,-8.02489],[-52.96789,-8.02616],[-52.96999,-8.01482],[-52.98074,-8.01194],[-52.9858,-8.00516],[-52.98227,-7.99154],[-52.99999,-7.9915],[-53.01477,-7.99802],[-53.01544,-7.98942],[-53.02944,-7.9613],[-53.01874,-7.94682],[-53.021,-7.94048],[-53.03122,-7.94137],[-53.03755,-7.93048],[-53.05821,-7.9259],[-53.06705,-7.91863],[-53.06614,-7.91206],[-53.05383,-7.8917],[-53.04041,-7.89105],[-53.02744,-7.88135],[-53.01766,-7.8816],[-53.02035,-7.86687],[-53.03058,-7.86005],[-53.01555,-7.84219],[-53.00441,-7.84403],[-52.99894,-7.82977],[-52.99211,-7.82774],[-52.99591,-7.7967],[-53.01769,-7.78555],[-53.03605,-7.7794],[-53.02263,-7.76493],[-53.03192,-7.75177],[-53.02894,-7.74544],[-53.02844,-7.72369],[-53.0373,-7.72141],[-53.0443,-7.71279],[-53.04566,-7.70372],[-53.05788,-7.69328],[-53.0581,-7.68783],[-53.07216,-7.68011],[-53.10011,-7.68207],[-53.10847,-7.67141],[-53.11277,-7.65533],[-53.12364,-7.65598],[-53.11291,-7.62882],[-53.11494,-7.62134],[-53.13055,-7.60454],[-53.1408,-7.61584],[-53.14622,-7.59817],[-53.15324,-7.59361],[-53.1466,-7.57913],[-53.16158,-7.57072],[-53.1611,-7.56347],[-53.16811,-7.55395],[-53.14542,-7.55151],[-53.13836,-7.54654],[-53.129,-7.52505],[-53.11308,-7.51308],[-53.10738,-7.50426],[-53.10578,-7.49271],[-53.09261,-7.48934],[-53.09235,-7.47757],[-53.10753,-7.461],[-53.11749,-7.45509],[-53.12427,-7.44579],[-53.1213,-7.43356],[-53.12332,-7.41974],[-53.11966,-7.41409],[-53.12007,-7.39551],[-53.13075,-7.38937],[-53.14755,-7.39884],[-53.16,-7.39273],[-53.16272,-7.38364],[-53.17835,-7.38043],[-53.17653,-7.37115],[-53.16902,-7.36776],[-53.16538,-7.35713],[-53.17374,-7.34194],[-53.18847,-7.33488],[-53.20814,-7.31377],[-53.22241,-7.30354],[-53.23489,-7.29853],[-53.24005,-7.2874],[-53.25705,-7.27469],[-53.25861,-7.26337],[-53.28144,-7.23273],[-53.28778,-7.22887],[-53.2998,-7.23087],[-53.30066,-7.21773],[-53.31358,-7.21385],[-53.31308,-7.19641],[-53.30697,-7.1953],[-53.30081,-7.18195],[-53.28652,-7.17587],[-53.28125,-7.16026],[-53.27172,-7.15937],[-53.2633,-7.14128],[-53.25603,-7.13723],[-53.2585,-7.12906],[-53.25372,-7.11458],[-53.26185,-7.10482],[-53.28089,-7.10228],[-53.28881,-7.09615],[-53.29355,-7.08504],[-53.30758,-7.07459],[-53.29938,-7.06872],[-53.31183,-7.0551],[-53.31725,-7.04127],[-53.31744,-7.02746],[-53.30364,-7.00622],[-53.30099,-6.99408],[-53.27879,-6.96564],[-53.27778,-6.9453],[-53.28261,-6.937],[-53.29913,-6.92698],[-53.31164,-6.91608],[-53.30883,-6.90423],[-53.31944,-6.90076],[-53.31888,-6.89349],[-53.29955,-6.89049],[-53.29247,-6.88307],[-53.28883,-6.86503],[-53.27425,-6.85217],[-53.26539,-6.84797],[-53.24801,-6.83149],[-53.24386,-6.82243],[-53.23547,-6.82015],[-53.24328,-6.81299],[-53.24991,-6.79701],[-53.24725,-6.78688],[-53.25686,-6.7756],[-53.27408,-6.76749],[-53.29761,-6.76326],[-53.32477,-6.75031],[-53.33402,-6.75371],[-53.34419,-6.74942],[-53.3685,-6.72325],[-53.37908,-6.72407],[-53.39492,-6.71763],[-53.40733,-6.69163],[-53.41869,-6.67858],[-53.42789,-6.67382],[-53.44069,-6.68391],[-53.44961,-6.68611],[-53.46452,-6.67677],[-53.45719,-6.66545],[-53.46377,-6.65137],[-53.46297,-6.63975],[-53.46852,-6.63472],[-53.45593,-6.61935],[-53.46691,-6.61029],[-53.4697,-6.60048],[-53.4631,-6.59906],[-53.45172,-6.58256],[-53.44188,-6.56157],[-53.42833,-6.55272],[-53.4173,-6.56252],[-53.40725,-6.56183],[-53.3998,-6.57397],[-53.38636,-6.58707],[-53.37386,-6.59402],[-53.36452,-6.57848],[-53.34238,-6.55302],[-53.34191,-6.54267],[-53.33158,-6.53109],[-53.32916,-6.52224],[-53.31427,-6.49954],[-53.31955,-6.49478],[-53.32558,-6.47669],[-53.31372,-6.46336],[-53.30325,-6.45695],[-53.29672,-6.45835],[-53.28827,-6.46971],[-53.27838,-6.46113],[-53.25741,-6.46505],[-53.2578,-6.47476],[-53.2486,-6.48095],[-53.24533,-6.49262],[-53.23735,-6.50044],[-53.2275,-6.50044],[-53.22852,-6.48507],[-53.2153,-6.48415],[-53.21458,-6.46946],[-53.19305,-6.47647],[-53.18177,-6.45871],[-53.19242,-6.44157],[-53.19938,-6.44251],[-53.2131,-6.42439],[-53.20236,-6.40581],[-53.19116,-6.40057],[-53.19436,-6.37148],[-53.20822,-6.36261],[-53.20647,-6.35117],[-53.2111,-6.33787],[-53.2341,-6.33959],[-53.23497,-6.32363],[-53.22336,-6.3124],[-53.23213,-6.31083],[-53.22452,-6.30143],[-53.22647,-6.29501],[-53.24277,-6.29504],[-53.24699,-6.28918],[-53.26021,-6.28927],[-53.2613,-6.2784],[-53.25494,-6.26702],[-53.26572,-6.26646],[-53.26716,-6.25432],[-53.28616,-6.23434],[-53.28905,-6.22429],[-53.28769,-6.20969],[-53.29908,-6.17713],[-53.30694,-6.16568],[-53.31635,-6.16946],[-53.32244,-6.16624],[-53.34544,-6.18073],[-53.35138,-6.17188],[-53.34722,-6.16143],[-53.34838,-6.14802],[-53.34075,-6.13953],[-53.34088,-6.13192],[-53.3536,-6.12675],[-53.35441,-6.11678],[-53.37117,-6.11772],[-53.37547,-6.10027],[-53.38805,-6.10007],[-53.38274,-6.08163],[-53.37188,-6.06813],[-53.36897,-6.05796],[-53.34513,-6.04782],[-53.33472,-6.04747],[-53.3228,-6.05218],[-53.31505,-6.03662],[-53.30377,-6.03074],[-53.28586,-6.02888],[-53.27097,-6.0198],[-53.27638,-6.01294],[-53.27403,-6.00043],[-53.27924,-5.98177],[-53.26975,-5.97169],[-53.25924,-5.96704],[-53.24539,-5.96594],[-53.24186,-5.95005],[-53.2183,-5.94285],[-53.20241,-5.95861],[-53.18567,-5.9555],[-53.16736,-5.94513],[-53.15813,-5.93422],[-53.14908,-5.93776],[-53.13874,-5.92212],[-53.14052,-5.90098],[-53.128,-5.90087],[-53.11244,-5.88233],[-53.10938,-5.87198],[-53.09416,-5.87195],[-53.08502,-5.86305],[-53.07749,-5.86911],[-53.07799,-5.87936],[-53.06858,-5.88544],[-53.05913,-5.88605],[-53.05399,-5.87696],[-53.02952,-5.87456],[-53.01951,-5.85695],[-53.0098,-5.85192],[-52.97586,-5.84508],[-52.96354,-5.82943],[-52.96293,-5.816],[-52.95224,-5.79861],[-52.93186,-5.79121],[-52.93133,-5.77533],[-52.92769,-5.76766],[-52.9311,-5.757],[-52.94013,-5.75264],[-52.93938,-5.74403],[-52.92166,-5.73705],[-52.91796,-5.72402],[-52.89621,-5.70566],[-52.88296,-5.70354],[-52.876,-5.69807],[-52.86518,-5.70256],[-52.85697,-5.71272],[-52.84952,-5.70391],[-52.83619,-5.7036],[-52.83822,-5.69776],[-52.83216,-5.68994],[-52.80227,-5.71567],[-52.79146,-5.71443],[-52.78438,-5.72223],[-52.77152,-5.72227],[-52.76435,-5.71264],[-52.75319,-5.7114],[-52.74744,-5.69848],[-52.74072,-5.69601],[-52.74266,-5.68401],[-52.73311,-5.68039],[-52.72358,-5.67088],[-52.70252,-5.66765],[-52.69024,-5.65371],[-52.69924,-5.62312],[-52.69686,-5.61007],[-52.68277,-5.58199],[-52.68688,-5.54319],[-52.68552,-5.52505],[-52.69186,-5.51628],[-52.69016,-5.5083],[-52.68232,-5.50521],[-52.68382,-5.49512],[-52.67269,-5.47587],[-52.67152,-5.46187],[-52.66641,-5.44648],[-52.67308,-5.43002],[-52.66413,-5.42749],[-52.66146,-5.41311],[-52.64599,-5.40054],[-52.64171,-5.38117],[-52.6506,-5.37108],[-52.64221,-5.35565],[-52.65518,-5.33453],[-52.6544,-5.32017],[-52.65985,-5.30833],[-52.65804,-5.29778],[-52.63108,-5.26549],[-52.62702,-5.25283],[-52.61225,-5.24307],[-52.60307,-5.24617],[-52.59427,-5.23901],[-52.57691,-5.23513],[-52.57191,-5.22537],[-52.56086,-5.21719],[-52.55608,-5.22586],[-52.54733,-5.2295],[-52.52731,-5.22987],[-52.50749,-5.2197],[-52.49283,-5.21498],[-52.49096,-5.20127],[-52.48554,-5.19835],[-52.47157,-5.20339],[-52.46735,-5.19485],[-52.4501,-5.185],[-52.44515,-5.16719],[-52.42638,-5.15398],[-52.41049,-5.16628],[-52.40799,-5.1836],[-52.39941,-5.18493],[-52.39349,-5.19681],[-52.3748,-5.20456],[-52.34618,-5.18033],[-52.33958,-5.17958],[-52.31357,-5.18994],[-52.30521,-5.19608],[-52.29535,-5.19441],[-52.28246,-5.21007],[-52.27396,-5.22939],[-52.28402,-5.25763],[-52.27927,-5.27487],[-52.27054,-5.27937],[-52.25863,-5.26954],[-52.23888,-5.27619],[-52.22824,-5.28714],[-52.21349,-5.29117],[-52.20177,-5.30384],[-52.17957,-5.30014],[-52.16215,-5.31487],[-52.1483,-5.3161],[-52.13693,-5.32595],[-52.13646,-5.33358],[-52.12304,-5.33998],[-52.10924,-5.35263],[-52.10735,-5.3431],[-52.11483,-5.33414],[-52.11951,-5.31419],[-52.11373,-5.30482],[-52.11379,-5.29147],[-52.10526,-5.27139],[-52.09423,-5.26263],[-52.07813,-5.2574],[-52.06852,-5.24303],[-52.06749,-5.22388],[-52.07602,-5.21565],[-52.07087,-5.2071],[-52.0684,-5.19193],[-52.05946,-5.18718],[-52.05835,-5.17247],[-52.05107,-5.1514],[-52.00957,-5.15186],[-51.83499,-5.15141],[-51.50046,-5.15016],[-50.9302,-5.15057],[-50.93234,-5.1446],[-50.91172,-5.11897],[-50.89906,-5.11861],[-50.89531,-5.11268],[-50.90259,-5.09505],[-50.88926,-5.07745],[-50.88987,-5.06686],[-50.88456,-5.06318],[-50.8842,-5.05067],[-50.88867,-5.04345],[-50.87823,-5.03739],[-50.86003,-5.00039],[-50.86059,-4.99347],[-50.8687,-4.98829],[-50.86756,-4.97873],[-50.85381,-4.96993],[-50.85109,-4.95987],[-50.85525,-4.94099],[-50.8472,-4.91244],[-50.84898,-4.90607],[-50.85973,-4.89997],[-50.85845,-4.86885],[-50.88003,-4.86124],[-50.88461,-4.87078],[-50.89331,-4.87569],[-50.89706,-4.86877],[-50.91228,-4.8647],[-50.91812,-4.83868],[-50.92295,-4.83224],[-50.92068,-4.81688],[-50.92806,-4.81181],[-50.92711,-4.8026],[-50.93406,-4.7911],[-50.92656,-4.78453],[-50.92723,-4.77575],[-50.94043,-4.76166],[-50.94528,-4.75241],[-50.93273,-4.75338],[-50.91653,-4.74969],[-50.91686,-4.73806],[-50.90657,-4.7288],[-50.91156,-4.72066],[-50.92357,-4.71212],[-50.93265,-4.71371],[-50.93315,-4.6955],[-50.9304,-4.68395],[-50.92279,-4.67787],[-50.9114,-4.68822],[-50.9055,-4.68776],[-50.9064,-4.67467],[-50.91729,-4.65639],[-50.91475,-4.64186],[-50.92011,-4.62598],[-50.91195,-4.61953],[-50.89462,-4.58195],[-50.90487,-4.56243],[-50.89873,-4.54432],[-50.90134,-4.51733],[-50.88998,-4.50036],[-50.89186,-4.49489],[-50.90264,-4.49834],[-50.90954,-4.48997],[-50.90318,-4.47051],[-50.88581,-4.46619],[-50.87978,-4.44753],[-50.89656,-4.43019],[-50.90045,-4.41234],[-50.91803,-4.40592],[-50.92998,-4.3881],[-50.94187,-4.37829],[-50.95434,-4.37272],[-50.96326,-4.3754],[-50.97384,-4.38498],[-50.97881,-4.37614],[-50.97848,-4.36173],[-50.99498,-4.36069],[-50.99615,-4.34668],[-50.98526,-4.3322],[-50.98198,-4.31592],[-50.98492,-4.30499],[-50.98214,-4.29029],[-50.98878,-4.28124],[-50.98615,-4.27343],[-50.9937,-4.2713],[-50.99034,-4.26369],[-50.97372,-4.25531],[-50.96567,-4.26632],[-50.93851,-4.27032],[-50.92576,-4.27596],[-50.91895,-4.27244],[-50.90976,-4.2823],[-50.88254,-4.28899],[-50.86695,-4.28669],[-50.8487,-4.29243],[-50.81842,-4.29495],[-50.803,-4.2826],[-50.80128,-4.27689],[-50.76164,-4.25012],[-50.74023,-4.24675],[-50.7307,-4.24258],[-50.7157,-4.24209],[-50.71045,-4.23422],[-50.69303,-4.22197],[-50.68089,-4.21871],[-50.68262,-4.21099],[-50.67329,-4.20873],[-50.79386,-4.00043],[-50.88145,-3.85357],[-50.50042,-3.9637],[-50.1085,-4.07798],[-50.09712,-4.06892],[-50.09867,-4.06043],[-50.11733,-4.05212],[-50.10961,-4.04388],[-50.10727,-4.03153],[-50.11797,-4.03352],[-50.1308,-4.02736],[-50.12823,-4.00533],[-50.12108,-3.98484],[-50.11492,-3.98183],[-50.097,-3.96278],[-50.08781,-3.95809],[-50.07422,-3.96201],[-50.06722,-3.95102],[-50.06767,-3.94054],[-50.0582,-3.93205],[-50.05578,-3.92196],[-50.03986,-3.91082],[-50.01781,-3.90499],[-50.0063,-3.88795],[-50.00572,-3.87655],[-50.01269,-3.8594],[-50.00228,-3.85089],[-49.98266,-3.848],[-49.96862,-3.82757],[-49.96731,-3.81915],[-49.97308,-3.79746],[-49.96236,-3.79514],[-49.958,-3.7877],[-49.97375,-3.76958],[-49.97614,-3.75892],[-49.98347,-3.75397],[-49.98895,-3.7416],[-49.98675,-3.72937],[-49.998,-3.71377],[-49.98989,-3.69201],[-49.96831,-3.68357],[-49.9698,-3.67091],[-49.96553,-3.66095],[-49.95414,-3.67355],[-49.93983,-3.66634],[-49.93045,-3.66936],[-49.9095,-3.6603],[-49.89094,-3.66002],[-49.87247,-3.66501],[-49.85814,-3.64375],[-49.84399,-3.64604],[-49.83602,-3.63541],[-49.81855,-3.63251],[-49.80742,-3.62604],[-49.78234,-3.62765],[-49.76802,-3.61902],[-49.75661,-3.60091],[-49.74182,-3.59271],[-49.73762,-3.59716],[-49.72141,-3.5997],[-49.71422,-3.59375],[-49.70041,-3.5921],[-49.69261,-3.59661],[-49.6745,-3.58572],[-49.66714,-3.56506],[-49.66214,-3.53588],[-49.65684,-3.53034],[-49.63705,-3.52499],[-49.63574,-3.53104],[-49.61921,-3.51399],[-49.60652,-3.52181],[-49.59761,-3.51311],[-49.60999,-3.46815],[-49.61291,-3.44626],[-49.61025,-3.4269],[-49.59652,-3.41511],[-49.52366,-3.41555],[-49.00088,-3.41212],[-48.92561,-3.41294],[-48.92422,-3.42825],[-48.92773,-3.43303],[-48.9559,-3.44654],[-48.97404,-3.45725],[-49.0248,-3.51117],[-49.02979,-3.52484],[-49.02906,-3.54714],[-49.00774,-3.54188],[-48.97922,-3.54305],[-48.96605,-3.54721],[-48.95475,-3.5612],[-48.94434,-3.56798],[-48.93517,-3.56481],[-48.91767,-3.56682],[-48.90326,-3.57392],[-48.89307,-3.57418],[-48.87924,-3.56093],[-48.8613,-3.56996],[-48.8508,-3.56264],[-48.85222,-3.55058],[-48.86819,-3.547],[-48.8726,-3.54073],[-48.8474,-3.53358],[-48.85919,-3.52759],[-48.85691,-3.52145],[-48.84666,-3.52656],[-48.84049,-3.52105],[-48.8428,-3.49717],[-48.84694,-3.48764],[-48.83091,-3.48804],[-48.83683,-3.4686],[-48.85043,-3.4636],[-48.84141,-3.45577],[-48.83116,-3.45792],[-48.81794,-3.46873],[-48.81226,-3.45261],[-48.81604,-3.43959],[-48.81034,-3.43775],[-48.79907,-3.44692],[-48.78921,-3.42583],[-48.77583,-3.42357],[-48.77225,-3.40587],[-48.76093,-3.39523],[-48.75293,-3.39258],[-48.74755,-3.39719],[-48.73796,-3.39465],[-48.73483,-3.38086],[-48.73027,-3.37845],[-48.7194,-3.38494],[-48.71071,-3.37291],[-48.69904,-3.3868],[-48.6868,-3.38429],[-48.68668,-3.37785],[-48.69771,-3.37572],[-48.70466,-3.36771],[-48.69657,-3.35963],[-48.70221,-3.34326],[-48.69973,-3.33504],[-48.68524,-3.33585],[-48.67672,-3.34649],[-48.6646,-3.35281],[-48.66726,-3.36291],[-48.6533,-3.35485],[-48.63832,-3.33912],[-48.63262,-3.35292],[-48.6228,-3.35266],[-48.63307,-3.32348],[-48.62562,-3.30779],[-48.60883,-3.31475],[-48.6131,-3.33287],[-48.60558,-3.33185],[-48.60369,-3.31288],[-48.57915,-3.30497],[-48.57063,-3.31609],[-48.5716,-3.32526],[-48.56268,-3.32509],[-48.55877,-3.30285],[-48.56477,-3.29486],[-48.5754,-3.29444],[-48.5697,-3.28709],[-48.54024,-3.27762],[-48.52375,-3.28229],[-48.5108,-3.27396],[-48.50285,-3.2597],[-48.48983,-3.26029],[-48.47423,-3.27583],[-48.46277,-3.27703],[-48.46126,-3.27039],[-48.4519,-3.26752],[-48.44501,-3.27354],[-48.43265,-3.27009],[-48.43082,-3.26418],[-48.4411,-3.26589],[-48.44059,-3.25918],[-48.42899,-3.25437],[-48.42065,-3.26093],[-48.41437,-3.25424],[-48.41051,-3.26277],[-48.41676,-3.27269],[-48.40868,-3.27989],[-48.39707,-3.275],[-48.39466,-3.26174],[-48.38696,-3.26268],[-48.38305,-3.25314],[-48.37499,-3.26114],[-48.37215,-3.23908],[-48.37682,-3.23204],[-48.37173,-3.22502],[-48.36496,-3.2257],[-48.35943,-3.24025],[-48.36443,-3.24709],[-48.35638,-3.2502],[-48.34268,-3.23713],[-48.35282,-3.23031],[-48.34376,-3.2249],[-48.33632,-3.22964],[-48.31579,-3.22433],[-48.32244,-3.24143],[-48.31786,-3.24962],[-48.30468,-3.25055],[-48.29308,-3.23467],[-48.29682,-3.22817],[-48.29263,-3.21907],[-48.26982,-3.23006],[-48.26757,-3.21752],[-48.25916,-3.2093],[-48.25129,-3.20815],[-48.24252,-3.21326],[-48.24082,-3.22177],[-48.24579,-3.23259],[-48.22865,-3.2332],[-48.22296,-3.22281],[-48.22267,-3.21029],[-48.2264,-3.19709],[-48.22182,-3.19432],[-48.20416,-3.20417],[-48.19882,-3.21809],[-48.2014,-3.22247],[-48.18454,-3.21925],[-48.17648,-3.22192],[-48.16121,-3.23957],[-48.15791,-3.22395],[-48.16024,-3.21381],[-48.16796,-3.20679],[-48.15049,-3.2015],[-48.13759,-3.18906],[-48.12204,-3.19493],[-48.11218,-3.2089],[-48.09801,-3.19574],[-48.10191,-3.18212],[-48.09013,-3.18045],[-48.07604,-3.19258],[-48.07107,-3.1823],[-48.08282,-3.16816],[-48.09096,-3.16576],[-48.09915,-3.15377],[-48.09668,-3.14668],[-48.0834,-3.13789],[-48.06905,-3.14167],[-48.05543,-3.11362],[-48.05568,-3.10529],[-48.0394,-3.09782],[-48.02468,-3.11403],[-48.01321,-3.11548],[-48.00676,-3.12296],[-48.00132,-3.11267],[-48.00201,-3.1046],[-48.00974,-3.09931],[-48.0219,-3.10104],[-48.00815,-3.09205],[-47.99477,-3.09284],[-47.98507,-3.06947],[-47.96975,-3.0771],[-47.95976,-3.07532],[-47.95484,-3.06903],[-47.95346,-3.0853],[-47.93773,-3.08167],[-47.91777,-3.07066],[-47.91562,-3.06629],[-47.91997,-3.03579],[-47.90786,-3.03322],[-47.90979,-3.007],[-47.90234,-3.00606],[-47.89974,-3.01718],[-47.88751,-3.02178],[-47.88711,-3.02992],[-47.87458,-3.02939],[-47.87579,-3.01923],[-47.88205,-3.01022],[-47.8731,-2.9984],[-47.85331,-3.00971],[-47.83729,-3.00607],[-47.82135,-2.99057],[-47.82101,-2.96763],[-47.81101,-2.96961],[-47.81037,-2.97901],[-47.79875,-2.97891],[-47.78803,-2.9714],[-47.79101,-2.9587],[-47.80243,-2.94972],[-47.80082,-2.93799],[-47.81107,-2.94671],[-47.81628,-2.93689],[-47.80188,-2.9184],[-47.78609,-2.91255],[-47.77543,-2.91323],[-47.78458,-2.89835],[-47.79685,-2.88609],[-47.79667,-2.87261],[-47.80532,-2.85935],[-47.79725,-2.85843],[-47.79512,-2.85009],[-47.80027,-2.84371],[-47.82142,-2.84674],[-47.84132,-2.85858],[-47.84709,-2.85504],[-47.85364,-2.83888],[-47.86094,-2.84805],[-47.86675,-2.83994],[-47.8638,-2.83032],[-47.85143,-2.81463],[-47.85057,-2.79495],[-47.84243,-2.78713],[-47.84104,-2.77964],[-47.85456,-2.77224],[-47.86603,-2.77847],[-47.88001,-2.77912],[-47.89022,-2.7672],[-47.88042,-2.75185],[-47.88329,-2.74743],[-47.90716,-2.73763],[-47.90329,-2.72951],[-47.88216,-2.70282],[-47.89485,-2.69864],[-47.88829,-2.68347],[-47.8945,-2.68487],[-47.89946,-2.67009],[-47.8796,-2.66256],[-47.87332,-2.65076],[-47.86468,-2.64581],[-47.86641,-2.62706],[-47.8714,-2.61179],[-47.85945,-2.61203],[-47.83667,-2.62238],[-47.82809,-2.62218],[-47.82222,-2.61492],[-47.82726,-2.58564],[-47.81009,-2.58727],[-47.8011,-2.58434],[-47.79059,-2.59366],[-47.77995,-2.58241],[-47.7787,-2.57593],[-47.78658,-2.56764],[-47.8009,-2.56618],[-47.80226,-2.55735],[-47.79588,-2.55305],[-47.77763,-2.55647],[-47.75792,-2.54233],[-47.76387,-2.53874],[-47.76467,-2.52263],[-47.753,-2.5206],[-47.73749,-2.52537],[-47.74115,-2.54414],[-47.72945,-2.5444],[-47.72887,-2.56261],[-47.71363,-2.56644],[-47.71149,-2.57677],[-47.70593,-2.57775],[-47.70959,-2.59032],[-47.7007,-2.60206],[-47.70148,-2.60941],[-47.69104,-2.6255],[-47.69168,-2.64018],[-47.68424,-2.64658],[-47.67536,-2.67255],[-47.6836,-2.71322],[-47.68929,-2.71977],[-47.68515,-2.73369],[-47.66395,-2.74489],[-47.6592,-2.75838],[-47.64526,-2.77528],[-47.63753,-2.77783],[-47.62857,-2.79921],[-47.61221,-2.80606],[-47.58823,-2.82486],[-47.5747,-2.83212],[-47.56599,-2.84362],[-47.5436,-2.84893],[-47.52975,-2.86018],[-47.5187,-2.86113],[-47.50017,-2.87164],[-47.48508,-2.87625],[-47.46489,-2.8756],[-47.42809,-2.88705],[-47.41129,-2.89642],[-47.38976,-2.88781],[-47.05728,-2.61884],[-47.05587,-2.60467],[-47.04611,-2.58098],[-47.0457,-2.56594],[-47.05101,-2.55432],[-47.04804,-2.54593],[-47.05015,-2.53198],[-47.04312,-2.52877],[-47.03702,-2.51343],[-47.02717,-2.49711],[-47.01106,-2.48747],[-46.97539,-2.4752],[-46.96481,-2.46475],[-46.93526,-2.4454],[-46.92392,-2.43272],[-46.90925,-2.42227],[-46.88688,-2.41747],[-46.86508,-2.41978],[-46.86325,-2.41722],[-46.83923,-2.42361],[-46.82939,-2.41781],[-46.81178,-2.41411],[-46.77462,-2.41055],[-46.75932,-2.41103],[-46.73653,-2.41745],[-46.73106,-2.41662],[-46.71453,-2.4313],[-46.69164,-2.43487],[-46.67636,-2.44199],[-46.66834,-2.44952],[-46.6409,-2.46144],[-46.6409,-2.46899],[-46.61242,-2.48046],[-46.60114,-2.47836],[-46.59614,-2.48813],[-46.58653,-2.48696],[-46.57111,-2.49605],[-46.55344,-2.4946],[-46.54072,-2.49767],[-46.54145,-2.50422],[-46.53112,-2.49809],[-46.5215,-2.50762],[-46.51456,-2.50654],[-46.50717,-2.49668],[-46.4947,-2.49503],[-46.48986,-2.50601],[-46.48466,-2.50131],[-46.47967,-2.48161],[-46.46425,-2.47092],[-46.44486,-2.46401],[-46.43585,-2.47092],[-46.43878,-2.48522],[-46.43008,-2.49596],[-46.43678,-2.50797],[-46.43238,-2.52129],[-46.42016,-2.52598],[-46.41933,-2.53243],[-46.42994,-2.53682],[-46.44523,-2.5377],[-46.47357,-2.54658],[-46.48911,-2.53653],[-46.50172,-2.54678],[-46.49693,-2.56313],[-46.48794,-2.56884],[-46.49258,-2.58358],[-46.50177,-2.58095],[-46.50944,-2.59061],[-46.50685,-2.61687],[-46.54731,-2.62571],[-46.55781,-2.63118],[-46.56734,-2.62678],[-46.57887,-2.63152],[-46.58674,-2.63996],[-46.59026,-2.66183],[-46.59681,-2.66373],[-46.60609,-2.63947],[-46.61117,-2.64445],[-46.62226,-2.64494],[-46.6186,-2.66539],[-46.63453,-2.67418],[-46.6381,-2.68721],[-46.6509,-2.6815],[-46.6467,-2.68843],[-46.66311,-2.69356],[-46.67137,-2.7062],[-46.67245,-2.71747],[-46.66756,-2.7267],[-46.66961,-2.7346],[-46.65398,-2.72904],[-46.65881,-2.74129],[-46.65246,-2.74876],[-46.65075,-2.75881],[-46.64225,-2.75022],[-46.63692,-2.75379],[-46.63135,-2.77087],[-46.63688,-2.77736],[-46.63849,-2.79093],[-46.62642,-2.80655],[-46.60976,-2.79883],[-46.60941,-2.79098],[-46.60252,-2.78922],[-46.59925,-2.79591],[-46.60111,-2.81318],[-46.59251,-2.81689],[-46.59133,-2.83212],[-46.58239,-2.82909],[-46.5757,-2.84154],[-46.58366,-2.84027],[-46.58957,-2.84578],[-46.60267,-2.83397],[-46.61484,-2.82939],[-46.61875,-2.83597],[-46.61068,-2.84578],[-46.61083,-2.85345],[-46.62095,-2.85964],[-46.64,-2.85091],[-46.63956,-2.8716],[-46.63463,-2.87053],[-46.63942,-2.88356],[-46.66844,-2.87594],[-46.68083,-2.88314],[-46.68115,-2.89361],[-46.67338,-2.89307],[-46.66314,-2.90242],[-46.66619,-2.90764],[-46.65481,-2.93229],[-46.66727,-2.93634],[-46.67303,-2.94507],[-46.66761,-2.95468],[-46.65535,-2.9562],[-46.64841,-2.96127],[-46.65017,-2.97303],[-46.66297,-2.97469],[-46.64924,-2.98343],[-46.64992,-2.99602],[-46.66849,-2.9928],[-46.67416,-3.00021],[-46.65921,-3.01192],[-46.6703,-3.01431],[-46.66917,-3.03286],[-46.67733,-3.03427],[-46.67318,-3.06731],[-46.68203,-3.07438],[-46.6765,-3.09414],[-46.68862,-3.09297],[-46.70675,-3.10063],[-46.70294,-3.11903],[-46.71042,-3.128],[-46.71647,-3.12639],[-46.71271,-3.1141],[-46.72439,-3.11146],[-46.73196,-3.12459],[-46.73602,-3.12103],[-46.7496,-3.12449],[-46.74447,-3.13737],[-46.73187,-3.12727],[-46.7282,-3.1303],[-46.73035,-3.1445],[-46.72029,-3.15152],[-46.72263,-3.15913],[-46.74955,-3.16591],[-46.74418,-3.17933],[-46.75156,-3.18884],[-46.7689,-3.1765],[-46.77306,-3.1786],[-46.76128,-3.18577],[-46.75933,-3.19567],[-46.76949,-3.19855],[-46.77154,-3.20407],[-46.75728,-3.20977],[-46.76016,-3.21441],[-46.77853,-3.21685],[-46.77897,-3.24107],[-46.78591,-3.24724],[-46.79727,-3.24024],[-46.80675,-3.24532],[-46.80206,-3.266],[-46.81291,-3.27239],[-46.81857,-3.2681],[-46.81848,-3.27732],[-46.80939,-3.28278],[-46.81134,-3.29098],[-46.82625,-3.29693],[-46.81222,-3.30205],[-46.81486,-3.31147],[-46.82991,-3.31147],[-46.841,-3.32449],[-46.84921,-3.31839],[-46.84931,-3.33703],[-46.85864,-3.34298],[-46.86534,-3.32854],[-46.86763,-3.34073],[-46.87448,-3.34591],[-46.88483,-3.33517],[-46.8904,-3.34337],[-46.90199,-3.34961],[-46.89881,-3.35561],[-46.90707,-3.35898],[-46.90384,-3.36454],[-46.91073,-3.36912],[-46.91244,-3.36161],[-46.92725,-3.37612],[-46.94425,-3.3772],[-46.93668,-3.38403],[-46.93946,-3.39676],[-46.94567,-3.39003],[-46.94689,-3.41105],[-46.94015,-3.41656],[-46.95632,-3.42588],[-46.95618,-3.43578],[-46.9488,-3.43797],[-46.94205,-3.44866],[-46.95632,-3.46129],[-46.9488,-3.46578],[-46.94845,-3.4768],[-46.95754,-3.47265],[-46.96971,-3.47577],[-46.96092,-3.48865],[-46.96272,-3.4965],[-46.96878,-3.48938],[-46.98242,-3.49616],[-46.96888,-3.51606],[-46.97836,-3.51772],[-46.9757,-3.52977],[-46.98628,-3.52957],[-46.99439,-3.53874],[-47.00377,-3.5342],[-47.00406,-3.54264],[-47.01027,-3.54942],[-47.01848,-3.54854],[-47.01847,-3.56554],[-47.03056,-3.5602],[-47.03885,-3.5621],[-47.03023,-3.58093],[-47.04025,-3.59227],[-47.03079,-3.59472],[-47.03175,-3.60542],[-47.03817,-3.6055],[-47.04115,-3.61631],[-47.05234,-3.63539],[-47.04601,-3.63277],[-47.04069,-3.64067],[-47.05705,-3.65458],[-47.04674,-3.65895],[-47.04889,-3.66865],[-47.03702,-3.66797],[-47.04803,-3.67572],[-47.05453,-3.68501],[-47.04878,-3.68896],[-47.05077,-3.69896],[-47.04628,-3.70544],[-47.05092,-3.71857],[-47.06033,-3.73118],[-47.05309,-3.73807],[-47.05927,-3.74331],[-47.05337,-3.74656],[-47.06507,-3.76058],[-47.05592,-3.77263],[-47.06387,-3.78009],[-47.05922,-3.78444],[-47.06807,-3.80332],[-47.07523,-3.80371],[-47.07825,-3.81168],[-47.07262,-3.81786],[-47.07896,-3.82694],[-47.08679,-3.82551],[-47.08153,-3.83543],[-47.08874,-3.86158],[-47.1002,-3.86075],[-47.10828,-3.88114],[-47.11636,-3.87819],[-47.13254,-3.87865],[-47.13702,-3.88491],[-47.13098,-3.89634],[-47.1381,-3.90431],[-47.14695,-3.8962],[-47.1485,-3.91449],[-47.17346,-3.92443],[-47.17581,-3.92988],[-47.16873,-3.94061],[-47.17879,-3.94159],[-47.18355,-3.95765],[-47.18155,-3.96705],[-47.19281,-3.96884],[-47.18755,-3.97957],[-47.19519,-3.98561],[-47.1978,-3.97408],[-47.20413,-3.97649],[-47.20343,-3.9868],[-47.21998,-3.98817],[-47.22266,-4.0013],[-47.24054,-4.00036],[-47.24467,-4.01224],[-47.26671,-4.02469],[-47.2674,-4.03346],[-47.27634,-4.03014],[-47.28583,-4.03708],[-47.28675,-4.04562],[-47.29391,-4.0432],[-47.29311,-4.05227],[-47.30341,-4.05374],[-47.30633,-4.0592],[-47.31868,-4.04763],[-47.32582,-4.06896],[-47.33127,-4.06947],[-47.33413,-4.0798],[-47.33141,-4.09143],[-47.3465,-4.10172],[-47.3502,-4.11782],[-47.34329,-4.12616],[-47.34945,-4.13918],[-47.34284,-4.15096],[-47.34719,-4.15724],[-47.34016,-4.17637],[-47.34771,-4.18377],[-47.35687,-4.17677],[-47.36583,-4.18064],[-47.36087,-4.19242],[-47.36683,-4.19255],[-47.36546,-4.20582],[-47.37915,-4.22114],[-47.37177,-4.24559],[-47.38864,-4.24988],[-47.40481,-4.27051],[-47.41138,-4.27049],[-47.42036,-4.27945],[-47.42967,-4.2762],[-47.42806,-4.28415],[-47.44205,-4.28743],[-47.44664,-4.29606],[-47.45934,-4.30773],[-47.47033,-4.31071],[-47.47175,-4.32072],[-47.47954,-4.3285],[-47.47644,-4.34102],[-47.48196,-4.35013],[-47.47631,-4.35644],[-47.48863,-4.36905],[-47.4891,-4.37846],[-47.49892,-4.38815],[-47.50145,-4.40109],[-47.51814,-4.42702],[-47.5373,-4.45156],[-47.56571,-4.47854],[-47.56869,-4.49225],[-47.58357,-4.52296],[-47.6086,-4.54971],[-47.61517,-4.55998],[-47.63078,-4.5677],[-47.6495,-4.58211],[-47.66302,-4.5972],[-47.67996,-4.60862],[-47.68212,-4.60638],[-47.71176,-4.60327],[-47.72481,-4.60642],[-47.74226,-4.59862],[-47.75079,-4.60049],[-47.75404,-4.59082],[-47.77087,-4.59331],[-47.78629,-4.58607],[-47.79257,-4.58641],[-47.80513,-4.59737],[-47.81615,-4.61473],[-48.00143,-4.75886],[-48.02538,-4.7783],[-48.21238,-4.92493],[-48.37374,-5.05235],[-48.40038,-5.07416],[-48.41905,-5.08571],[-48.4273,-5.0753],[-48.43679,-5.07867],[-48.43315,-5.09807],[-48.58337,-5.21499],[-48.75515,-5.34917],[-48.75676,-5.35288],[-48.7493,-5.36739],[-48.73688,-5.37396],[-48.71677,-5.37717],[-48.68055,-5.37876],[-48.65049,-5.38492],[-48.64369,-5.3897],[-48.62912,-5.41006],[-48.61169,-5.41864],[-48.59673,-5.42254],[-48.57605,-5.42146],[-48.55754,-5.41671],[-48.5139,-5.42982],[-48.49155,-5.42594],[-48.46459,-5.41229],[-48.41697,-5.40163],[-48.40144,-5.40341],[-48.39351,-5.39421],[-48.38474,-5.39421],[-48.37349,-5.40274],[-48.36835,-5.41454],[-48.35805,-5.42141],[-48.34724,-5.43536],[-48.34223,-5.44957],[-48.34108,-5.46706],[-48.32735,-5.48692],[-48.32552,-5.49375],[-48.31175,-5.50777],[-48.30071,-5.52301],[-48.27869,-5.54042],[-48.26151,-5.54807],[-48.23801,-5.55277],[-48.22619,-5.55065],[-48.2126,-5.55424],[-48.19474,-5.56309],[-48.18973,-5.5708],[-48.17702,-5.57487],[-48.13815,-5.60269],[-48.13225,-5.61813],[-48.13457,-5.63545],[-48.14123,-5.65435],[-48.16319,-5.69493],[-48.17598,-5.7123],[-48.2009,-5.72295],[-48.23065,-5.72926],[-48.26377,-5.72523],[-48.27571,-5.72651],[-48.29024,-5.74354],[-48.29764,-5.76512],[-48.29979,-5.79597],[-48.29197,-5.83684],[-48.28495,-5.85205],[-48.2704,-5.87144],[-48.2456,-5.89623],[-48.23013,-5.92252],[-48.23163,-5.94614],[-48.25196,-5.96037],[-48.29683,-5.96986],[-48.32146,-5.9855],[-48.33472,-6.00427],[-48.33838,-6.02836],[-48.32974,-6.03982],[-48.31038,-6.04363],[-48.29848,-6.05013],[-48.28688,-6.06577],[-48.28316,-6.08156],[-48.28805,-6.09756],[-48.30551,-6.1185],[-48.32452,-6.13272],[-48.36549,-6.14737],[-48.37826,-6.14912],[-48.39129,-6.1467],[-48.40827,-6.1534],[-48.43194,-6.17729],[-48.43616,-6.18796],[-48.43613,-6.20137],[-48.4303,-6.21573],[-48.42189,-6.24811],[-48.41899,-6.26824],[-48.41271,-6.28133],[-48.41712,-6.29859],[-48.41205,-6.30607],[-48.38872,-6.32159],[-48.37822,-6.33369],[-48.3753,-6.34675],[-48.38268,-6.37961],[-48.39944,-6.37407],[-48.42163,-6.35848],[-48.44771,-6.35118],[-48.50022,-6.35093],[-48.51124,-6.35693],[-48.52396,-6.37354],[-48.5308,-6.38967],[-48.54058,-6.40084],[-48.56507,-6.41512],[-48.57256,-6.42337],[-48.60719,-6.44801],[-48.61957,-6.46244],[-48.63471,-6.49346],[-48.64627,-6.50889],[-48.64671,-6.52383],[-48.6581,-6.53941],[-48.66455,-6.56767],[-48.66127,-6.58298],[-48.65393,-6.60154],[-48.65196,-6.63995],[-48.65528,-6.65054],[-48.67091,-6.669],[-48.68271,-6.67791],[-48.69766,-6.68372],[-48.72913,-6.68926],[-48.74785,-6.70265],[-48.75483,-6.71516],[-48.7691,-6.7307],[-48.79268,-6.74369],[-48.82586,-6.75465],[-48.85113,-6.74868],[-48.901,-6.75692],[-48.91385,-6.75737],[-48.92419,-6.76326],[-48.93951,-6.76669],[-48.96371,-6.77946],[-48.97738,-6.78209],[-49.01888,-6.78421],[-49.04377,-6.81577],[-49.06702,-6.83297],[-49.10305,-6.85717],[-49.11527,-6.86995],[-49.15047,-6.88885],[-49.17194,-6.89294],[-49.17949,-6.89806],[-49.18392,-6.90789],[-49.20953,-6.92542],[-49.21458,-6.93827],[-49.21745,-6.96147],[-49.21538,-6.97573],[-49.20927,-6.98299],[-49.19528,-7.02626],[-49.1914,-7.05545],[-49.1938,-7.12981],[-49.18719,-7.19248],[-49.1832,-7.2146],[-49.18528,-7.23517],[-49.19023,-7.2458],[-49.20679,-7.27073],[-49.21286,-7.29078],[-49.23394,-7.32891],[-49.25433,-7.34943],[-49.27385,-7.37842],[-49.28732,-7.39082],[-49.30079,-7.41086],[-49.34725,-7.46162],[-49.378,-7.49645],[-49.38405,-7.54349],[-49.38158,-7.5691],[-49.36364,-7.61082],[-49.35075,-7.63214],[-49.34366,-7.65297],[-49.33515,-7.66868],[-49.32323,-7.68175],[-49.29653,-7.69644],[-49.2682,-7.7205],[-49.24,-7.74072],[-49.22116,-7.7616],[-49.20314,-7.7745],[-49.18564,-7.78365],[-49.16074,-7.79137],[-49.15058,-7.8022],[-49.15006,-7.81211],[-49.16491,-7.83287],[-49.16778,-7.85435],[-49.16639,-7.88033],[-49.16278,-7.90053],[-49.16324,-7.92128],[-49.16964,-7.95479],[-49.18203,-7.97696],[-49.18185,-7.98487],[-49.17328,-8.02097],[-49.17672,-8.06151],[-49.18305,-8.07063],[-49.19316,-8.07647],[-49.19936,-8.08757],[-49.20002,-8.10171],[-49.20724,-8.12712],[-49.20386,-8.14001],[-49.20958,-8.17549],[-49.21585,-8.19421],[-49.23064,-8.21778],[-49.24866,-8.25538],[-49.25527,-8.28524],[-49.26175,-8.30387],[-49.26744,-8.33419],[-49.27624,-8.36368],[-49.28332,-8.37956],[-49.29913,-8.39537],[-49.3133,-8.4029],[-49.33808,-8.41074],[-49.34941,-8.41838],[-49.37701,-8.45529],[-49.38513,-8.47861],[-49.3915,-8.48978],[-49.39911,-8.53342],[-49.40058,-8.5588],[-49.40989,-8.58],[-49.43533,-8.59819],[-49.45147,-8.6125],[-49.45969,-8.63224],[-49.47136,-8.6481],[-49.4898,-8.69204],[-49.49994,-8.70263],[-49.51422,-8.72442],[-49.54345,-8.76139],[-49.55,-8.77719],[-49.56501,-8.80104],[-49.58078,-8.8187],[-49.59241,-8.83949],[-49.61267,-8.84623],[-49.6415,-8.84672],[-49.68436,-8.85647],[-49.69966,-8.87237],[-49.7335,-8.9027],[-49.74509,-8.90616],[-49.75455,-8.92196],[-49.76768,-8.93369],[-49.78153,-8.9621],[-49.79366,-8.97943],[-49.80917,-8.99243],[-49.84259,-9.02733],[-49.85034,-9.04672],[-49.85161,-9.06543],[-49.86264,-9.0815],[-49.86194,-9.08623],[-49.87128,-9.10397],[-49.88614,-9.12435],[-49.89688,-9.14367],[-49.91005,-9.15352],[-49.90542,-9.16974],[-49.91237,-9.17871],[-49.92487,-9.18623],[-49.94622,-9.20397],[-49.9539,-9.21737],[-49.96615,-9.23086],[-49.98656,-9.23139],[-49.99693,-9.23765],[-50.00272,-9.26531],[-50.01337,-9.27713],[-50.03778,-9.28941],[-50.05075,-9.31307],[-50.05547,-9.3347],[-50.05283,-9.37267],[-50.05856,-9.37985],[-50.06553,-9.4008],[-50.08183,-9.41825],[-50.09012,-9.4316],[-50.0969,-9.45527],[-50.10534,-9.47541],[-50.10531,-9.48955],[-50.10143,-9.50028],[-50.10795,-9.50863],[-50.09092,-9.53282],[-50.09107,-9.54951],[-50.10347,-9.56276],[-50.10733,-9.57251],[-50.10737,-9.59428],[-50.12259,-9.61036],[-50.12745,-9.62093],[-50.13775,-9.62482],[-50.13948,-9.6486],[-50.14283,-9.66324],[-50.15017,-9.67473],[-50.15004,-9.69278],[-50.15912,-9.69939],[-50.16128,-9.71283],[-50.18178,-9.73586],[-50.19907,-9.76174],[-50.20378,-9.79091],[-50.21439,-9.81322],[-50.21762,-9.83457],[-50.22481,-9.84115]]]},"properties":{"CD_REG":"1506","NM_REG":"Sudeste Paraense","SIGLA_UF":"PA"}}]}