{"type":"FeatureCollection","features":[{"type":"Feature","geometry":{"type":"Polygon","coordinates":[[[-47.89355,-16.91825],[-47.88247,-16.92628],[-47.87252,-16.92285],[-47.86313,-16.92616],[-47.83318,-16.92523],[-47.80757,-16.91715],[-47.80544,-16.9233],[-47.79141,-16.9227],[-47.78921,-16.92812],[-47.77121,-16.91921],[-47.74401,-16.92973],[-47.73207,-16.9295],[-47.69482,-16.91227],[-47.69113,-16.90161],[-47.68426,-16.94608],[-47.69646,-16.96131],[-47.69924,-17.00105],[-47.71938,-17.03333],[-47.70924,-17.04493],[-47.71285,-17.05435],[-47.69697,-17.06631],[-47.69382,-17.079],[-47.65674,-17.09255],[-47.65905,-17.10857],[-47.64319,-17.1283],[-47.64111,-17.14518],[-47.59791,-17.16699],[-47.58788,-17.18845],[-47.57233,-17.1999],[-47.57502,-17.20348],[-47.57116,-17.21075],[-47.53877,-17.23181],[-47.53038,-17.24262],[-47.52466,-17.27988],[-47.51811,-17.28835],[-47.5093,-17.28486],[-47.50636,-17.29385],[-47.50027,-17.29531],[-47.50405,-17.30053],[-47.50047,-17.30176],[-47.50255,-17.31837],[-47.51083,-17.3256],[-47.51177,-17.33497],[-47.50478,-17.34054],[-47.5213,-17.35285],[-47.51361,-17.35624],[-47.51416,-17.37608],[-47.52492,-17.38346],[-47.53014,-17.37761],[-47.52806,-17.38863],[-47.53844,-17.38883],[-47.52345,-17.4124],[-47.54931,-17.38526],[-47.55442,-17.35632],[-47.56994,-17.34419],[-47.607,-17.3304],[-47.63142,-17.30743],[-47.65678,-17.29729],[-47.67695,-17.27102],[-47.68892,-17.26476],[-47.69097,-17.25808],[-47.67603,-17.23052],[-47.68739,-17.19095],[-47.71347,-17.15381],[-47.72322,-17.14849],[-47.72352,-17.17294],[-47.73672,-17.19011],[-47.75886,-17.20165],[-47.77122,-17.20254],[-47.78145,-17.21106],[-47.79267,-17.21206],[-47.84561,-17.26095],[-47.88403,-17.26182],[-47.88876,-17.37818],[-47.89354,-17.38988],[-47.9116,-17.40485],[-47.91268,-17.43257],[-47.92913,-17.46389],[-47.94066,-17.47379],[-47.94385,-17.50076],[-47.94857,-17.51118],[-47.94446,-17.53246],[-47.96627,-17.55371],[-47.96569,-17.58765],[-47.95986,-17.6078],[-47.96369,-17.62545],[-47.94175,-17.66162],[-47.94556,-17.68034],[-47.93774,-17.68745],[-47.94017,-17.71203],[-47.93003,-17.7241],[-47.93239,-17.73882],[-47.9265,-17.74104],[-47.92995,-17.75525],[-47.93453,-17.7533],[-47.93789,-17.7619],[-47.93239,-17.76756],[-47.94048,-17.77225],[-47.938,-17.77698],[-47.94372,-17.77591],[-47.94095,-17.78791],[-47.95181,-17.79198],[-47.94195,-17.79769],[-47.94475,-17.8156],[-47.95831,-17.81054],[-47.954,-17.81817],[-47.95862,-17.82075],[-47.9552,-17.8423],[-47.9702,-17.86205],[-47.97067,-17.87839],[-47.98151,-17.88807],[-47.98309,-17.89769],[-47.98726,-17.89242],[-47.99382,-17.89408],[-48.0001,-17.90739],[-48.02179,-17.91654],[-48.02587,-17.9241],[-48.03446,-17.91865],[-48.04254,-17.92177],[-48.0576,-17.91171],[-48.06926,-17.91865],[-48.08529,-17.91239],[-48.10849,-17.93066],[-48.11143,-17.92247],[-48.11829,-17.92821],[-48.11507,-17.9204],[-48.11896,-17.91887],[-48.12563,-17.92596],[-48.12174,-17.93234],[-48.12815,-17.93694],[-48.12343,-17.94155],[-48.12599,-17.94582],[-48.14196,-17.94175],[-48.14143,-17.94995],[-48.16107,-17.95151],[-48.16574,-17.96651],[-48.17296,-17.96965],[-48.18858,-17.97415],[-48.18661,-17.98285],[-48.2016,-17.98961],[-48.19726,-18.00394],[-48.20866,-17.99639],[-48.21427,-17.99255],[-48.2243,-17.99849],[-48.23144,-17.99101],[-48.24605,-17.99643],[-48.25897,-17.99392],[-48.27027,-17.97459],[-48.29658,-17.9583],[-48.29922,-17.94317],[-48.28883,-17.91786],[-48.31489,-17.94362],[-48.33239,-17.93554],[-48.35783,-17.9478],[-48.38324,-17.94422],[-48.39538,-17.91495],[-48.41297,-17.91653],[-48.40305,-17.91157],[-48.3978,-17.89476],[-48.41072,-17.86343],[-48.42183,-17.85312],[-48.43055,-17.86075],[-48.43744,-17.85215],[-48.4443,-17.85275],[-48.44488,-17.84486],[-48.45177,-17.83857],[-48.45207,-17.84464],[-48.47144,-17.86619],[-48.48055,-17.87079],[-48.49383,-17.86673],[-48.51194,-17.87848],[-48.51305,-17.85122],[-48.53272,-17.84688],[-48.53444,-17.83577],[-48.55036,-17.82259],[-48.56164,-17.82157],[-48.56283,-17.81662],[-48.5445,-17.8088],[-48.54588,-17.79307],[-48.50947,-17.78553],[-48.52158,-17.76592],[-48.51288,-17.76052],[-48.52077,-17.75512],[-48.49908,-17.74052],[-48.49619,-17.71329],[-48.45921,-17.7116],[-48.46571,-17.70214],[-48.45799,-17.70144],[-48.45476,-17.6783],[-48.47079,-17.65746],[-48.45965,-17.64987],[-48.45785,-17.63812],[-48.45068,-17.63265],[-48.47702,-17.62942],[-48.47543,-17.62181],[-48.46271,-17.62274],[-48.45751,-17.61715],[-48.46604,-17.60145],[-48.45504,-17.59738],[-48.44979,-17.61333],[-48.44471,-17.61509],[-48.43637,-17.60941],[-48.43148,-17.59521],[-48.42095,-17.59338],[-48.41356,-17.58283],[-48.39601,-17.58668],[-48.39723,-17.58053],[-48.41029,-17.57593],[-48.41276,-17.56977],[-48.40501,-17.56672],[-48.39293,-17.57236],[-48.3849,-17.55276],[-48.37456,-17.544],[-48.37748,-17.53536],[-48.38823,-17.53547],[-48.38648,-17.52041],[-48.36576,-17.5236],[-48.36417,-17.51342],[-48.3352,-17.52821],[-48.316,-17.52357],[-48.3122,-17.5282],[-48.28542,-17.52837],[-48.22336,-17.5954],[-48.21392,-17.57713],[-48.20245,-17.57497],[-48.17961,-17.55663],[-48.16978,-17.55539],[-48.15733,-17.52985],[-48.14403,-17.53362],[-48.13175,-17.54414],[-48.11414,-17.54193],[-48.11036,-17.53347],[-48.11311,-17.524],[-48.10619,-17.51446],[-48.10439,-17.49711],[-48.10944,-17.48857],[-48.10371,-17.47339],[-48.11764,-17.46086],[-48.11697,-17.45522],[-48.10674,-17.44246],[-48.08627,-17.42902],[-48.05369,-17.41886],[-48.04285,-17.42511],[-48.04641,-17.39468],[-48.05874,-17.37674],[-48.07652,-17.36374],[-48.07563,-17.35532],[-48.08496,-17.33669],[-48.08124,-17.32601],[-48.08799,-17.29483],[-48.11877,-17.27433],[-48.11718,-17.26457],[-48.10101,-17.26208],[-48.09282,-17.24993],[-48.08468,-17.24748],[-48.08821,-17.2363],[-48.07512,-17.22866],[-48.07007,-17.20893],[-48.0542,-17.21302],[-48.06023,-17.2023],[-48.05707,-17.19612],[-48.03115,-17.19335],[-48.03154,-17.18645],[-48.01826,-17.17316],[-48.02095,-17.16288],[-48.00192,-17.14514],[-48.00373,-17.1308],[-47.99726,-17.12296],[-47.99467,-17.09895],[-47.98925,-17.09775],[-47.99222,-17.08903],[-47.98895,-17.0845],[-47.9782,-17.08605],[-47.98206,-17.07872],[-47.97925,-17.07333],[-47.95056,-17.04316],[-47.93661,-17.03477],[-47.93411,-17.02766],[-47.93808,-17.02229],[-47.92686,-17.0228],[-47.92878,-17.01408],[-47.9193,-17.01083],[-47.9191,-17.0043],[-47.921,-16.98225],[-47.90911,-16.97102],[-47.90019,-16.9518],[-47.91074,-16.9239],[-47.90243,-16.91552],[-47.89355,-16.91825]]]},"properties":{"CD_MUN":"5210109","NM_MUN":"Ipameri","SIGLA_UF":"GO"}},{"type":"Feature","geometry":{"type":"Polygon","coordinates":[[[-49.40426,-16.195],[-49.39435,-16.18968],[-49.38543,-16.19161],[-49.36865,-16.21374],[-49.37229,-16.22012],[-49.3693,-16.23621],[-49.37404,-16.27822],[-49.37891,-16.28304],[-49.37807,-16.30621],[-49.38166,-16.31603],[-49.39702,-16.33306],[-49.41458,-16.34379],[-49.43966,-16.37646],[-49.45436,-16.38252],[-49.45308,-16.38809],[-49.42302,-16.40557],[-49.44941,-16.43556],[-49.46336,-16.42994],[-49.465,-16.41752],[-49.48,-16.42693],[-49.48308,-16.41909],[-49.49202,-16.41573],[-49.50028,-16.425],[-49.5465,-16.42642],[-49.55564,-16.40737],[-49.58006,-16.40094],[-49.61661,-16.40413],[-49.63067,-16.39902],[-49.63781,-16.40885],[-49.63631,-16.42035],[-49.66048,-16.42723],[-49.65681,-16.42279],[-49.66537,-16.40487],[-49.65942,-16.39291],[-49.66195,-16.3853],[-49.65353,-16.35569],[-49.65322,-16.33095],[-49.64647,-16.32062],[-49.63114,-16.31568],[-49.62258,-16.29159],[-49.64078,-16.24013],[-49.65244,-16.22715],[-49.65202,-16.22149],[-49.63052,-16.23146],[-49.59402,-16.22591],[-49.58644,-16.21417],[-49.53579,-16.18354],[-49.45882,-16.21351],[-49.45277,-16.22549],[-49.40426,-16.195]]]},"properties":{"CD_MUN":"5210000","NM_MUN":"Inhumas","SIGLA_UF":"GO"}},{"type":"Feature","geometry":{"type":"Polygon","coordinates":[[[-49.45549,-16.81833],[-49.41462,-16.8161],[-49.39882,-16.82818],[-49.38457,-16.83187],[-49.37871,-16.84006],[-49.38398,-16.86201],[-49.37771,-16.86406],[-49.37546,-16.87732],[-49.36438,-16.89203],[-49.36012,-16.89646],[-49.36671,-16.91611],[-49.36221,-16.92039],[-49.3661,-16.92393],[-49.36226,-16.93898],[-49.36782,-16.95588],[-49.36504,-16.96468],[-49.37374,-16.98203],[-49.36849,-17.007],[-49.37488,-17.0265],[-49.36783,-17.03966],[-49.38316,-17.04132],[-49.39661,-17.0339],[-49.42225,-17.0473],[-49.4381,-17.03738],[-49.45572,-17.04137],[-49.47413,-17.02845],[-49.47533,-17.02302],[-49.48322,-17.02378],[-49.47783,-17.00025],[-49.46955,-16.99211],[-49.47921,-16.98005],[-49.48296,-16.92924],[-49.46374,-16.91666],[-49.47027,-16.89809],[-49.44635,-16.90073],[-49.43521,-16.86916],[-49.43887,-16.85627],[-49.43623,-16.83928],[-49.45549,-16.81833]]]},"properties":{"CD_MUN":"5201801","NM_MUN":"Aragoiânia","SIGLA_UF":"GO"}},{"type":"Feature","geometry":{"type":"Polygon","coordinates":[[[-50.06779,-17.08307],[-50.04251,-17.0815],[-50.0156,-17.06588],[-49.98982,-17.06042],[-49.95857,-17.03829],[-49.9434,-17.01642],[-49.94993,-17.006],[-49.94884,-16.99455],[-49.93579,-16.99169],[-49.92934,-16.96033],[-49.8994,-16.95477],[-49.88073,-16.97273],[-49.85481,-16.9884],[-49.85148,-17.01017],[-49.8384,-17.0035],[-49.82195,-17.00995],[-49.84559,-17.02424],[-49.85309,-17.04088],[-49.83093,-17.0477],[-49.82187,-17.06689],[-49.82443,-17.09656],[-49.83198,-17.11003],[-49.85093,-17.12425],[-49.85146,-17.14315],[-49.84554,-17.16224],[-49.83862,-17.16409],[-49.83029,-17.15761],[-49.81699,-17.16369],[-49.79985,-17.16109],[-49.78882,-17.15442],[-49.78476,-17.14569],[-49.7804,-17.14815],[-49.77087,-17.1391],[-49.75726,-17.1369],[-49.74595,-17.14468],[-49.74282,-17.15366],[-49.73198,-17.15434],[-49.72273,-17.18728],[-49.71018,-17.1927],[-49.71615,-17.19334],[-49.72165,-17.20447],[-49.76576,-17.22049],[-49.77827,-17.24338],[-49.79318,-17.25774],[-49.79629,-17.2686],[-49.81902,-17.26881],[-49.8236,-17.22759],[-49.8296,-17.21768],[-49.84907,-17.21811],[-49.85402,-17.20489],[-49.91535,-17.20597],[-49.93404,-17.21593],[-49.9965,-17.23494],[-50.01263,-17.2275],[-50.02064,-17.26771],[-50.01161,-17.27478],[-50.0045,-17.30667],[-49.99369,-17.31212],[-49.99375,-17.31705],[-49.99661,-17.32318],[-50.00653,-17.32036],[-50.02081,-17.3543],[-50.0397,-17.36033],[-50.05294,-17.37487],[-50.05084,-17.38206],[-50.05623,-17.39169],[-50.0505,-17.4205],[-50.0529,-17.44186],[-50.05834,-17.44537],[-50.06031,-17.45993],[-50.07334,-17.46149],[-50.07556,-17.45121],[-50.0842,-17.45474],[-50.09964,-17.43704],[-50.10992,-17.44482],[-50.11901,-17.43731],[-50.11567,-17.42907],[-50.12495,-17.42451],[-50.11542,-17.4076],[-50.12895,-17.40861],[-50.12401,-17.40089],[-50.12711,-17.39419],[-50.12259,-17.37795],[-50.13211,-17.36501],[-50.14156,-17.36668],[-50.1405,-17.34842],[-50.148,-17.33996],[-50.14156,-17.33233],[-50.13895,-17.31363],[-50.14628,-17.29923],[-50.12244,-17.27278],[-50.12183,-17.26066],[-50.10669,-17.24532],[-50.10755,-17.20099],[-50.0996,-17.18063],[-50.10736,-17.16599],[-50.09735,-17.1431],[-50.10072,-17.12841],[-50.06779,-17.08307]]]},"properties":{"CD_MUN":"5209952","NM_MUN":"Indiara","SIGLA_UF":"GO"}},{"type":"Feature","geometry":{"type":"Polygon","coordinates":[[[-50.04713,-18.38926],[-50.04235,-18.38305],[-50.0399,-18.38778],[-50.03693,-18.38381],[-50.02946,-18.38693],[-50.02724,-18.39438],[-50.01735,-18.39252],[-50.01946,-18.38181],[-50.00904,-18.37136],[-49.97726,-18.36415],[-49.95697,-18.35384],[-49.94768,-18.35529],[-49.93027,-18.36746],[-49.9218,-18.36677],[-49.87757,-18.3999],[-49.85867,-18.41916],[-49.8239,-18.4957],[-49.79288,-18.50301],[-49.77179,-18.49597],[-49.75645,-18.50227],[-49.75523,-18.52328],[-49.76401,-18.53544],[-49.76062,-18.55807],[-49.74513,-18.56644],[-49.74696,-18.5793],[-49.74068,-18.58589],[-49.75454,-18.58802],[-49.75313,-18.60631],[-49.75743,-18.60973],[-49.7719,-18.61325],[-49.77915,-18.63564],[-49.78455,-18.64227],[-49.79446,-18.64371],[-49.81952,-18.63259],[-49.83596,-18.63672],[-49.85252,-18.62318],[-49.86782,-18.6225],[-49.86994,-18.61436],[-49.87983,-18.60958],[-49.88913,-18.60997],[-49.9041,-18.62132],[-49.93128,-18.62402],[-49.97355,-18.61434],[-49.98119,-18.60466],[-50.0285,-18.60148],[-50.02999,-18.59166],[-50.04577,-18.5849],[-50.04989,-18.57713],[-50.04725,-18.5632],[-50.02975,-18.54018],[-50.03163,-18.53053],[-50.04294,-18.51976],[-50.03963,-18.50609],[-50.04407,-18.49762],[-50.03774,-18.48469],[-50.05108,-18.44528],[-50.06702,-18.42751],[-50.06447,-18.41148],[-50.04999,-18.40368],[-50.04713,-18.38926]]]},"properties":{"CD_MUN":"5209937","NM_MUN":"Inaciolândia","SIGLA_UF":"GO"}},{"type":"Feature","geometry":{"type":"Polygon","coordinates":[[[-48.57222,-17.12938],[-48.55958,-17.09855],[-48.53672,-17.07679],[-48.52702,-17.05374],[-48.49838,-17.02323],[-48.49879,-17.01377],[-48.48885,-17.00359],[-48.34666,-17.12482],[-48.34082,-17.13988],[-48.32979,-17.15153],[-48.28793,-17.16703],[-48.26907,-17.18396],[-48.23732,-17.18672],[-48.22054,-17.20659],[-48.2216,-17.23524],[-48.21585,-17.24664],[-48.2119,-17.24504],[-48.20482,-17.25616],[-48.19938,-17.25541],[-48.19638,-17.26687],[-48.18763,-17.27362],[-48.20874,-17.28745],[-48.20444,-17.29061],[-48.20563,-17.30036],[-48.19722,-17.29801],[-48.19841,-17.31005],[-48.20244,-17.32668],[-48.21966,-17.32379],[-48.24005,-17.32748],[-48.24313,-17.36242],[-48.25589,-17.35881],[-48.25919,-17.37549],[-48.26738,-17.38255],[-48.26308,-17.38834],[-48.26528,-17.39397],[-48.27461,-17.39687],[-48.27758,-17.41059],[-48.28766,-17.41269],[-48.28314,-17.42038],[-48.28536,-17.43205],[-48.30205,-17.43221],[-48.30725,-17.44616],[-48.31945,-17.45183],[-48.32717,-17.44645],[-48.35056,-17.4516],[-48.35837,-17.463],[-48.36486,-17.46461],[-48.37903,-17.50231],[-48.36417,-17.51342],[-48.36576,-17.5236],[-48.38648,-17.52041],[-48.38823,-17.53547],[-48.37748,-17.53536],[-48.37456,-17.544],[-48.3849,-17.55276],[-48.39293,-17.57236],[-48.40501,-17.56672],[-48.41276,-17.56977],[-48.41029,-17.57593],[-48.39723,-17.58053],[-48.39601,-17.58668],[-48.41356,-17.58283],[-48.42095,-17.59338],[-48.43148,-17.59521],[-48.43637,-17.60941],[-48.44471,-17.61509],[-48.44979,-17.61333],[-48.45504,-17.59738],[-48.46604,-17.60145],[-48.46951,-17.58879],[-48.48429,-17.59121],[-48.49621,-17.57456],[-48.50232,-17.57377],[-48.47579,-17.55572],[-48.45918,-17.51364],[-48.44159,-17.49612],[-48.43759,-17.45231],[-48.44525,-17.43726],[-48.41417,-17.34263],[-48.39189,-17.34668],[-48.38525,-17.37675],[-48.37534,-17.36646],[-48.36633,-17.33492],[-48.37119,-17.31024],[-48.38075,-17.30289],[-48.3735,-17.28281],[-48.3745,-17.27041],[-48.40405,-17.23896],[-48.41125,-17.23064],[-48.4515,-17.21211],[-48.45522,-17.20096],[-48.60606,-17.22288],[-48.60128,-17.20074],[-48.59425,-17.19816],[-48.59075,-17.20227],[-48.59039,-17.1809],[-48.57717,-17.16135],[-48.58067,-17.15033],[-48.57511,-17.1318],[-48.57069,-17.1338],[-48.57222,-17.12938]]]},"properties":{"CD_MUN":"5217401","NM_MUN":"Pires do Rio","SIGLA_UF":"GO"}},{"type":"Feature","geometry":{"type":"Polygon","coordinates":[[[-51.97237,-15.83782],[-51.95381,-15.83764],[-51.95623,-15.82257],[-51.9485,-15.81036],[-51.91169,-15.81355],[-51.88881,-15.83223],[-51.87928,-15.82537],[-51.87258,-15.82852],[-51.86383,-15.81875],[-51.8648,-15.82711],[-51.876,-15.84053],[-51.86603,-15.85964],[-51.84986,-15.86382],[-51.84778,-15.85273],[-51.84272,-15.85198],[-51.82998,-15.86699],[-51.84892,-15.88371],[-51.85059,-15.90597],[-51.86109,-15.90802],[-51.8632,-15.91331],[-51.85456,-15.91744],[-51.8327,-15.91678],[-51.821,-15.92435],[-51.83964,-15.94761],[-51.84014,-15.95696],[-51.84542,-15.95345],[-51.83978,-15.94007],[-51.85289,-15.9464],[-52.03507,-15.91485],[-52.29944,-16.16705],[-52.30942,-16.1628],[-52.31828,-16.14965],[-52.32969,-16.15139],[-52.33736,-16.13416],[-52.35433,-16.13133],[-52.35989,-16.11907],[-52.35564,-16.09475],[-52.36072,-16.08193],[-52.34995,-16.08391],[-52.32778,-16.07057],[-52.32052,-16.04586],[-52.32269,-16.03637],[-52.3151,-16.02779],[-52.31016,-16.00736],[-52.28891,-15.98353],[-52.28916,-15.96646],[-52.26538,-15.94741],[-52.26382,-15.93733],[-52.25557,-15.93049],[-52.25233,-15.89265],[-52.21273,-15.89077],[-52.19121,-15.88171],[-52.1282,-15.89492],[-52.1094,-15.88205],[-52.09757,-15.88863],[-52.09148,-15.88262],[-52.07826,-15.88038],[-52.05779,-15.88739],[-52.01031,-15.8861],[-51.9964,-15.8738],[-51.98406,-15.84513],[-51.97237,-15.83782]]]},"properties":{"CD_MUN":"5201702","NM_MUN":"Aragarças","SIGLA_UF":"GO"}},{"type":"Feature","geometry":{"type":"Polygon","coordinates":[[[-46.82514,-13.84462],[-46.81691,-13.83009],[-46.8003,-13.8319],[-46.79149,-13.82008],[-46.76927,-13.81434],[-46.75921,-13.8247],[-46.75435,-13.82974],[-46.75866,-13.83774],[-46.74191,-13.85077],[-46.74397,-13.86273],[-46.73241,-13.8595],[-46.72791,-13.86734],[-46.72077,-13.86939],[-46.72233,-13.87284],[-46.71433,-13.87795],[-46.71741,-13.88585],[-46.70866,-13.89195],[-46.70322,-13.90423],[-46.68099,-13.91624],[-46.66169,-13.91866],[-46.6568,-13.93185],[-46.64446,-13.93277],[-46.64116,-13.92758],[-46.6198,-13.94529],[-46.60666,-13.94258],[-46.6003,-13.95033],[-46.59032,-13.9452],[-46.57713,-13.951],[-46.57505,-13.95425],[-46.58177,-13.96371],[-46.57552,-13.96828],[-46.5701,-13.98691],[-46.56313,-13.98949],[-46.5566,-14.00047],[-46.54738,-14.00107],[-46.53516,-14.01767],[-46.52852,-14.01181],[-46.51986,-14.01528],[-46.51794,-14.011],[-46.49952,-14.01292],[-46.48635,-13.99759],[-46.48115,-13.99975],[-46.47605,-13.99447],[-46.46024,-13.99478],[-46.45541,-14.00237],[-46.44993,-13.9952],[-46.44455,-13.99573],[-46.4353,-14.00918],[-46.43871,-14.02067],[-46.43413,-14.03419],[-46.41646,-14.0466],[-46.43552,-14.10304],[-46.44722,-14.1172],[-46.49955,-14.1409],[-46.52052,-14.13532],[-46.52683,-14.12657],[-46.56144,-14.11033],[-46.56747,-14.11264],[-46.57969,-14.10711],[-46.59128,-14.12354],[-46.6317,-14.12675],[-46.64522,-14.14363],[-46.66706,-14.14543],[-46.69539,-14.16106],[-46.69773,-14.17105],[-46.71956,-14.18736],[-46.72392,-14.19819],[-46.72059,-14.21095],[-46.72696,-14.21708],[-46.72351,-14.22966],[-46.73168,-14.23498],[-46.73712,-14.25044],[-46.74068,-14.28748],[-46.7506,-14.29363],[-46.76073,-14.29298],[-46.77079,-14.30284],[-46.77071,-14.34212],[-46.78582,-14.34849],[-46.78474,-14.35728],[-46.81485,-14.35031],[-46.81554,-14.34415],[-46.82691,-14.34105],[-46.83057,-14.35132],[-46.83577,-14.35081],[-46.8483,-14.34345],[-46.84627,-14.33981],[-46.85427,-14.34205],[-46.85263,-14.33377],[-46.86991,-14.33969],[-46.87927,-14.3169],[-46.88193,-14.32272],[-46.88624,-14.32021],[-46.89863,-14.32972],[-46.93285,-14.30544],[-46.92852,-14.2967],[-46.93788,-14.28787],[-46.93213,-14.27287],[-46.93604,-14.27053],[-46.93935,-14.27563],[-46.94554,-14.26942],[-46.93927,-14.26239],[-46.94424,-14.25253],[-46.95693,-14.24898],[-46.96183,-14.2384],[-46.9574,-14.23248],[-46.97829,-14.22407],[-46.97582,-14.21381],[-46.97951,-14.20467],[-46.99252,-14.19413],[-46.98565,-14.18865],[-46.98246,-14.19644],[-46.97771,-14.19541],[-46.98229,-14.17721],[-46.95946,-14.1572],[-46.96732,-14.14944],[-46.9429,-14.14312],[-46.9451,-14.13507],[-46.93015,-14.11874],[-46.93751,-14.103],[-46.9219,-14.0882],[-46.92226,-14.07696],[-46.89948,-14.07844],[-46.88856,-14.07057],[-46.88345,-14.0416],[-46.87506,-14.03338],[-46.85545,-14.03479],[-46.85137,-14.04538],[-46.84262,-14.0485],[-46.82647,-14.03034],[-46.83267,-14.0224],[-46.83175,-14.00615],[-46.85042,-13.98645],[-46.83644,-13.96501],[-46.8407,-13.95028],[-46.83664,-13.91168],[-46.84505,-13.8986],[-46.86017,-13.89786],[-46.86766,-13.88441],[-46.85514,-13.86796],[-46.83222,-13.86023],[-46.82514,-13.84462]]]},"properties":{"CD_MUN":"5209903","NM_MUN":"Iaciara","SIGLA_UF":"GO"}},{"type":"Feature","geometry":{"type":"Polygon","coordinates":[[[-49.43453,-14.61956],[-49.42106,-14.63088],[-49.39092,-14.63794],[-49.38159,-14.62177],[-49.37206,-14.6232],[-49.35564,-14.60861],[-49.35062,-14.61168],[-49.33678,-14.63087],[-49.32272,-14.63791],[-49.31689,-14.67333],[-49.29467,-14.67928],[-49.28914,-14.67635],[-49.27836,-14.68336],[-49.28395,-14.68811],[-49.281,-14.70255],[-49.25664,-14.71271],[-49.23842,-14.72645],[-49.23211,-14.72477],[-49.23131,-14.73138],[-49.20003,-14.74627],[-49.19262,-14.76868],[-49.19675,-14.77911],[-49.1839,-14.79814],[-49.16911,-14.79617],[-49.16478,-14.80296],[-49.20987,-14.81867],[-49.21312,-14.8318],[-49.20523,-14.84559],[-49.22223,-14.85195],[-49.23443,-14.86519],[-49.24323,-14.8516],[-49.23985,-14.84082],[-49.24887,-14.82171],[-49.28909,-14.81499],[-49.30626,-14.8189],[-49.31412,-14.81345],[-49.32354,-14.82137],[-49.34568,-14.80725],[-49.36307,-14.82114],[-49.38504,-14.82216],[-49.39351,-14.83504],[-49.40426,-14.83781],[-49.40868,-14.84861],[-49.42773,-14.83006],[-49.42773,-14.81828],[-49.44134,-14.80478],[-49.44646,-14.80943],[-49.4554,-14.79774],[-49.46888,-14.80011],[-49.49348,-14.77805],[-49.52118,-14.78158],[-49.53143,-14.76972],[-49.52465,-14.7592],[-49.53182,-14.75241],[-49.53221,-14.73094],[-49.51846,-14.7234],[-49.51001,-14.69684],[-49.49348,-14.69544],[-49.48146,-14.68313],[-49.47807,-14.67263],[-49.4607,-14.66092],[-49.45967,-14.63615],[-49.44784,-14.63308],[-49.43453,-14.61956]]]},"properties":{"CD_MUN":"5209804","NM_MUN":"Hidrolina","SIGLA_UF":"GO"}},{"type":"Feature","geometry":{"type":"Polygon","coordinates":[[[-46.41646,-14.0466],[-46.37768,-14.02804],[-46.34221,-14.02259],[-46.3336,-14.02681],[-46.32921,-14.02093],[-46.30721,-14.02059],[-46.2921,-14.02554],[-46.29162,-14.04158],[-46.28509,-14.05276],[-46.27015,-14.05799],[-46.24787,-14.05655],[-46.24232,-14.05992],[-46.23221,-14.05652],[-46.22521,-14.07151],[-46.24146,-14.09273],[-46.24721,-14.09388],[-46.25293,-14.08706],[-46.26524,-14.09797],[-46.25432,-14.10491],[-46.23585,-14.10725],[-46.21632,-14.12002],[-46.20165,-14.11963],[-46.19673,-14.14321],[-46.1851,-14.15186],[-46.15076,-14.16043],[-46.13318,-14.15325],[-46.11759,-14.16038],[-46.11301,-14.16982],[-46.1156,-14.18784],[-46.10113,-14.19279],[-46.09568,-14.2055],[-46.06295,-14.19357],[-46.05204,-14.20484],[-46.06674,-14.20932],[-46.0861,-14.22365],[-46.1174,-14.22517],[-46.13446,-14.23797],[-46.13365,-14.24785],[-46.15868,-14.27294],[-46.17021,-14.27688],[-46.18369,-14.27456],[-46.18885,-14.28758],[-46.19555,-14.29109],[-46.191,-14.29513],[-46.19643,-14.30476],[-46.22597,-14.31841],[-46.24402,-14.3437],[-46.26405,-14.3544],[-46.27939,-14.37181],[-46.31739,-14.36945],[-46.33256,-14.37745],[-46.34639,-14.37303],[-46.36356,-14.38291],[-46.36642,-14.39966],[-46.39395,-14.40351],[-46.40723,-14.41395],[-46.41231,-14.41003],[-46.42495,-14.42691],[-46.4317,-14.42269],[-46.44073,-14.40957],[-46.43134,-14.40025],[-46.43676,-14.38522],[-46.46297,-14.38982],[-46.46839,-14.39891],[-46.49848,-14.38701],[-46.52615,-14.38778],[-46.53561,-14.37942],[-46.53934,-14.36738],[-46.55509,-14.36441],[-46.56186,-14.36583],[-46.57531,-14.38417],[-46.58351,-14.38523],[-46.59687,-14.36682],[-46.60262,-14.3802],[-46.61582,-14.38338],[-46.62859,-14.38166],[-46.65287,-14.36869],[-46.66682,-14.37215],[-46.67982,-14.38621],[-46.69212,-14.38367],[-46.71182,-14.39043],[-46.71854,-14.3854],[-46.73071,-14.39202],[-46.73779,-14.37519],[-46.7429,-14.37786],[-46.74396,-14.37242],[-46.75024,-14.37999],[-46.74768,-14.38433],[-46.75682,-14.38258],[-46.75929,-14.38985],[-46.76937,-14.38584],[-46.78262,-14.39056],[-46.79604,-14.3774],[-46.8128,-14.3767],[-46.8124,-14.36499],[-46.80713,-14.36115],[-46.81485,-14.35031],[-46.78474,-14.35728],[-46.78582,-14.34849],[-46.77071,-14.34212],[-46.77079,-14.30284],[-46.76073,-14.29298],[-46.7506,-14.29363],[-46.74068,-14.28748],[-46.73712,-14.25044],[-46.73168,-14.23498],[-46.72351,-14.22966],[-46.72696,-14.21708],[-46.72059,-14.21095],[-46.72392,-14.19819],[-46.71956,-14.18736],[-46.69773,-14.17105],[-46.69539,-14.16106],[-46.66706,-14.14543],[-46.64522,-14.14363],[-46.6317,-14.12675],[-46.59128,-14.12354],[-46.57969,-14.10711],[-46.56747,-14.11264],[-46.56144,-14.11033],[-46.52683,-14.12657],[-46.52052,-14.13532],[-46.49955,-14.1409],[-46.44722,-14.1172],[-46.43552,-14.10304],[-46.41646,-14.0466]]]},"properties":{"CD_MUN":"5218300","NM_MUN":"Posse","SIGLA_UF":"GO"}},{"type":"Feature","geometry":{"type":"Polygon","coordinates":[[[-49.73778,-16.28399],[-49.73645,-16.26912],[-49.72564,-16.2605],[-49.71142,-16.25948],[-49.69094,-16.2708],[-49.68689,-16.27405],[-49.68756,-16.28608],[-49.67953,-16.29086],[-49.6707,-16.30707],[-49.66939,-16.32512],[-49.65322,-16.33095],[-49.65353,-16.35569],[-49.66195,-16.3853],[-49.65942,-16.39291],[-49.66537,-16.40487],[-49.65681,-16.42279],[-49.66048,-16.42723],[-49.67384,-16.42985],[-49.68303,-16.42439],[-49.68695,-16.44001],[-49.69539,-16.44913],[-49.6957,-16.45453],[-49.68967,-16.45741],[-49.69642,-16.47177],[-49.70879,-16.4674],[-49.72006,-16.47302],[-49.7484,-16.46579],[-49.77324,-16.44942],[-49.7677,-16.43394],[-49.73857,-16.44197],[-49.7159,-16.43658],[-49.71464,-16.4231],[-49.72003,-16.42066],[-49.72673,-16.40519],[-49.72584,-16.38635],[-49.73653,-16.38616],[-49.7372,-16.37695],[-49.72634,-16.36082],[-49.7305,-16.3435],[-49.72419,-16.33667],[-49.73581,-16.31836],[-49.7312,-16.31279],[-49.73367,-16.30758],[-49.73792,-16.30909],[-49.73453,-16.29006],[-49.73778,-16.28399]]]},"properties":{"CD_MUN":"5201603","NM_MUN":"Araçu","SIGLA_UF":"GO"}},{"type":"Feature","geometry":{"type":"Polygon","coordinates":[[[-52.3121,-18.50168],[-52.29424,-18.49212],[-52.29188,-18.50223],[-52.2866,-18.49759],[-52.28427,-18.50297],[-52.27841,-18.49775],[-52.27527,-18.50275],[-52.27324,-18.49671],[-52.26688,-18.50181],[-52.26207,-18.49882],[-52.25921,-18.51076],[-52.23946,-18.50363],[-52.23715,-18.50869],[-52.22627,-18.5045],[-52.22255,-18.50869],[-52.2183,-18.50145],[-52.19969,-18.50856],[-52.19171,-18.49723],[-52.18821,-18.50276],[-52.18165,-18.49983],[-52.17546,-18.50527],[-52.17001,-18.49802],[-52.15935,-18.49497],[-52.15632,-18.50316],[-52.1394,-18.50634],[-52.1341,-18.5175],[-52.11182,-18.52627],[-52.09874,-18.51332],[-52.07171,-18.50492],[-52.05271,-18.5159],[-52.04923,-18.52678],[-52.03357,-18.53137],[-52.03265,-18.54168],[-52.02167,-18.54836],[-52.02715,-18.55842],[-52.00329,-18.57057],[-51.9911,-18.56864],[-51.98499,-18.57726],[-51.98618,-18.58539],[-51.96357,-18.59562],[-51.95709,-18.59332],[-51.95234,-18.59737],[-51.95302,-18.60604],[-51.94612,-18.60415],[-51.9409,-18.61691],[-51.91698,-18.62064],[-51.8964,-18.63307],[-51.89145,-18.63484],[-51.89285,-18.65021],[-51.88668,-18.64734],[-51.8891,-18.65107],[-51.87973,-18.66982],[-51.87218,-18.67657],[-51.8581,-18.67911],[-51.85573,-18.69233],[-51.8504,-18.68918],[-51.83784,-18.70005],[-51.83056,-18.7001],[-51.83137,-18.7059],[-51.82435,-18.70612],[-51.8267,-18.7135],[-51.82149,-18.7171],[-51.81312,-18.71792],[-51.80851,-18.72457],[-51.80868,-18.7211],[-51.8014,-18.72308],[-51.80265,-18.72783],[-51.79479,-18.73601],[-51.79679,-18.74167],[-51.77968,-18.74421],[-51.78243,-18.74677],[-51.76857,-18.7614],[-51.74935,-18.76336],[-51.74159,-18.75476],[-51.71737,-18.75333],[-51.69506,-18.76766],[-51.6902,-18.76362],[-51.68359,-18.76765],[-51.67976,-18.76079],[-51.66684,-18.76492],[-51.67026,-18.77588],[-51.66431,-18.78139],[-51.68212,-18.79895],[-51.70007,-18.80712],[-51.72388,-18.83316],[-51.6926,-19.06703],[-51.68671,-19.0736],[-51.69143,-19.08728],[-51.68657,-19.10174],[-51.69302,-19.11822],[-51.69977,-19.11968],[-51.70957,-19.11244],[-51.7111,-19.10849],[-51.70566,-19.10667],[-51.71296,-19.10284],[-51.71646,-19.10749],[-51.72852,-19.10824],[-51.73143,-19.09905],[-51.74015,-19.10087],[-51.74624,-19.09493],[-51.74682,-19.09035],[-51.74165,-19.09008],[-51.7441,-19.08598],[-51.76043,-19.08863],[-51.77588,-19.07706],[-51.78099,-19.08121],[-51.79112,-19.07813],[-51.78935,-19.074],[-51.79771,-19.07275],[-51.79621,-19.06662],[-51.81816,-19.05358],[-51.8411,-19.05713],[-51.84368,-19.05262],[-51.83541,-19.04598],[-51.84255,-19.0423],[-51.85069,-19.04438],[-51.85419,-19.05185],[-51.87186,-19.03],[-51.89102,-19.01697],[-51.88919,-19.00836],[-51.89861,-18.99418],[-51.9073,-18.9942],[-51.91455,-18.98363],[-51.92544,-18.98431],[-51.92502,-18.9766],[-51.93352,-18.97551],[-51.93988,-18.96766],[-51.94586,-18.97516],[-51.9521,-18.97492],[-51.9513,-18.98071],[-51.96807,-18.9667],[-51.96683,-18.97534],[-51.9728,-18.97467],[-51.97799,-18.98082],[-51.98119,-18.97123],[-51.99575,-18.97343],[-51.99869,-18.96774],[-52.01539,-18.98278],[-52.02047,-18.97929],[-52.01425,-18.97341],[-52.01844,-18.96349],[-52.03497,-18.95816],[-52.04147,-18.96042],[-52.04502,-18.9505],[-52.05644,-18.94638],[-52.06669,-18.95334],[-52.08116,-18.9509],[-52.09308,-18.94192],[-52.08875,-18.93562],[-52.09578,-18.93602],[-52.1042,-18.92806],[-52.10684,-18.92351],[-52.1027,-18.922],[-52.10881,-18.91894],[-52.10603,-18.9059],[-52.11167,-18.89909],[-52.11325,-18.90217],[-52.13131,-18.89773],[-52.13725,-18.88991],[-52.14786,-18.89392],[-52.15697,-18.88843],[-52.15492,-18.88256],[-52.16506,-18.87666],[-52.16581,-18.86551],[-52.17939,-18.85552],[-52.18128,-18.84791],[-52.20775,-18.85013],[-52.21911,-18.84255],[-52.25128,-18.83958],[-52.26356,-18.82781],[-52.29475,-18.82927],[-52.30614,-18.83989],[-52.33392,-18.82824],[-52.35426,-18.81269],[-52.35078,-18.81017],[-52.35384,-18.8002],[-52.36959,-18.79924],[-52.36753,-18.79389],[-52.37503,-18.79165],[-52.39528,-18.77025],[-52.39756,-18.75844],[-52.40964,-18.75498],[-52.41173,-18.74598],[-52.41239,-18.74023],[-52.43384,-18.71998],[-52.44892,-18.69095],[-52.50049,-18.67523],[-52.43311,-18.63891],[-52.41712,-18.61732],[-52.39795,-18.60442],[-52.38144,-18.57562],[-52.33601,-18.59987],[-52.29094,-18.6142],[-52.29013,-18.58727],[-52.32242,-18.56666],[-52.33337,-18.53853],[-52.32491,-18.50753],[-52.3121,-18.50168]]]},"properties":{"CD_MUN":"5201504","NM_MUN":"Aporé","SIGLA_UF":"GO"}},{"type":"Feature","geometry":{"type":"Polygon","coordinates":[[[-49.36438,-16.89203],[-49.36554,-16.886],[-49.35829,-16.88185],[-49.33801,-16.88616],[-49.32101,-16.88204],[-49.32576,-16.8622],[-49.30462,-16.86687],[-49.27973,-16.85125],[-49.25801,-16.84496],[-49.24001,-16.86014],[-49.23506,-16.85671],[-49.20454,-16.86111],[-49.18432,-16.86863],[-49.17842,-16.87363],[-49.17712,-16.88371],[-49.16826,-16.88903],[-49.14598,-16.88176],[-49.14053,-16.88785],[-49.14417,-16.90091],[-49.12757,-16.90561],[-49.12845,-16.91577],[-49.11356,-16.91417],[-49.12273,-16.93035],[-49.1137,-16.94662],[-49.10606,-16.95143],[-49.10557,-16.94711],[-49.09048,-16.94095],[-49.08612,-16.95092],[-49.09612,-16.94924],[-49.09601,-16.95602],[-49.08362,-16.96016],[-49.07453,-16.9565],[-49.0585,-16.97288],[-49.05673,-16.9821],[-49.06501,-16.98885],[-49.06507,-16.99505],[-49.07276,-16.99802],[-49.06918,-17.00749],[-49.07859,-17.00404],[-49.07843,-17.0107],[-49.08604,-17.01875],[-49.07926,-17.02153],[-49.08085,-17.02548],[-49.09107,-17.02747],[-49.09185,-17.03722],[-49.08059,-17.04627],[-49.09873,-17.05123],[-49.08321,-17.06115],[-49.08968,-17.07859],[-49.09165,-17.07316],[-49.10582,-17.07746],[-49.10765,-17.09405],[-49.12015,-17.09768],[-49.1211,-17.10603],[-49.11585,-17.10654],[-49.11901,-17.11793],[-49.1086,-17.12404],[-49.10788,-17.1331],[-49.11202,-17.13618],[-49.13335,-17.12691],[-49.14449,-17.13086],[-49.15508,-17.1227],[-49.17374,-17.12074],[-49.18263,-17.13337],[-49.19157,-17.13731],[-49.19665,-17.12292],[-49.21624,-17.1018],[-49.21544,-17.09212],[-49.22446,-17.08429],[-49.23135,-17.08255],[-49.26421,-17.09482],[-49.28277,-17.1077],[-49.29405,-17.10974],[-49.32044,-17.13115],[-49.36761,-17.14231],[-49.38669,-17.15641],[-49.39958,-17.15907],[-49.42417,-17.15892],[-49.43711,-17.14444],[-49.45261,-17.1456],[-49.4627,-17.16585],[-49.48881,-17.15958],[-49.489,-17.15343],[-49.47953,-17.14566],[-49.47964,-17.13227],[-49.49322,-17.12039],[-49.48036,-17.11406],[-49.47403,-17.09968],[-49.4912,-17.06753],[-49.48111,-17.04229],[-49.48322,-17.02378],[-49.47533,-17.02302],[-49.47413,-17.02845],[-49.45572,-17.04137],[-49.4381,-17.03738],[-49.42225,-17.0473],[-49.39661,-17.0339],[-49.38316,-17.04132],[-49.36783,-17.03966],[-49.37488,-17.0265],[-49.36849,-17.007],[-49.37374,-16.98203],[-49.36504,-16.96468],[-49.36782,-16.95588],[-49.36226,-16.93898],[-49.3661,-16.92393],[-49.36221,-16.92039],[-49.36671,-16.91611],[-49.36012,-16.89646],[-49.36438,-16.89203]]]},"properties":{"CD_MUN":"5209705","NM_MUN":"Hidrolândia","SIGLA_UF":"GO"}},{"type":"Feature","geometry":{"type":"Polygon","coordinates":[[[-52.80473,-17.34197],[-52.80179,-17.31761],[-52.81565,-17.29676],[-52.81093,-17.28788],[-52.79676,-17.2801],[-52.77734,-17.27713],[-52.77101,-17.26263],[-52.74242,-17.24543],[-52.74128,-17.23302],[-52.73525,-17.23194],[-52.72667,-17.21971],[-52.7212,-17.21745],[-52.71206,-17.22234],[-52.713,-17.21654],[-52.69678,-17.21618],[-52.69217,-17.20296],[-52.68405,-17.2007],[-52.65645,-17.24156],[-52.6457,-17.24373],[-52.64881,-17.24962],[-52.63295,-17.26847],[-52.62975,-17.28305],[-52.63306,-17.29103],[-52.62853,-17.29112],[-52.6272,-17.29873],[-52.61861,-17.29873],[-52.62098,-17.31204],[-52.61201,-17.32636],[-52.57625,-17.33658],[-52.56211,-17.33278],[-52.51983,-17.34327],[-52.5532,-17.40318],[-52.5715,-17.40817],[-52.58653,-17.403],[-52.59729,-17.40917],[-52.60453,-17.4224],[-52.60123,-17.43046],[-52.61067,-17.44306],[-52.6239,-17.44894],[-52.62993,-17.46444],[-52.64087,-17.46616],[-52.64031,-17.45647],[-52.64229,-17.45139],[-52.64937,-17.45049],[-52.64512,-17.44568],[-52.65079,-17.44559],[-52.64795,-17.43808],[-52.65276,-17.43373],[-52.65976,-17.43544],[-52.66373,-17.44822],[-52.68448,-17.4493],[-52.72857,-17.43234],[-52.73563,-17.42364],[-52.76801,-17.42],[-52.78952,-17.42551],[-52.84502,-17.42836],[-52.85522,-17.4356],[-52.88483,-17.47705],[-52.89046,-17.46852],[-52.87544,-17.44717],[-52.87202,-17.42679],[-52.89332,-17.41254],[-52.86349,-17.39953],[-52.82418,-17.36388],[-52.82068,-17.35274],[-52.80473,-17.34197]]]},"properties":{"CD_MUN":"5218102","NM_MUN":"Portelândia","SIGLA_UF":"GO"}},{"type":"Feature","geometry":{"type":"Polygon","coordinates":[[[-50.84098,-14.10489],[-50.83992,-14.11113],[-50.84823,-14.1216],[-50.83434,-14.12845],[-50.82637,-14.13866],[-50.8285,-14.14568],[-50.80675,-14.16772],[-50.80062,-14.17923],[-50.79987,-14.20198],[-50.79498,-14.19954],[-50.78978,-14.22131],[-50.78293,-14.22066],[-50.79084,-14.24182],[-50.77259,-14.24361],[-50.77309,-14.25713],[-50.76651,-14.26309],[-50.7714,-14.2755],[-50.76879,-14.29323],[-50.75895,-14.29707],[-50.76562,-14.30461],[-50.75923,-14.31393],[-50.77707,-14.35357],[-50.79535,-14.35023],[-50.7953,-14.35875],[-50.78776,-14.35845],[-50.79443,-14.36617],[-50.79596,-14.38125],[-50.80468,-14.38129],[-50.79863,-14.39371],[-50.80496,-14.39363],[-50.81076,-14.4026],[-50.81985,-14.39749],[-50.81821,-14.4068],[-50.83935,-14.42264],[-50.83797,-14.43939],[-50.84335,-14.44519],[-50.83833,-14.45671],[-50.84949,-14.46314],[-50.84202,-14.46384],[-50.83991,-14.46861],[-50.85368,-14.47935],[-50.85614,-14.50051],[-50.85316,-14.51593],[-50.86158,-14.52164],[-50.85966,-14.52552],[-50.85352,-14.52364],[-50.8598,-14.52843],[-50.85614,-14.54009],[-50.86419,-14.55233],[-50.85883,-14.55735],[-50.87208,-14.56212],[-50.86891,-14.57142],[-50.87686,-14.57704],[-50.87152,-14.57889],[-50.87194,-14.58442],[-50.87833,-14.5864],[-50.88005,-14.59921],[-50.86844,-14.60498],[-50.86789,-14.61132],[-50.86372,-14.60991],[-50.86408,-14.62025],[-50.84675,-14.62034],[-50.83986,-14.62625],[-50.84536,-14.63465],[-50.85714,-14.63161],[-50.86864,-14.64434],[-50.86903,-14.65831],[-50.87931,-14.66559],[-50.87359,-14.671],[-50.87283,-14.66688],[-50.86514,-14.66589],[-50.85392,-14.67656],[-50.85936,-14.68124],[-50.85917,-14.68877],[-50.85192,-14.68797],[-50.85297,-14.69469],[-50.84236,-14.69983],[-50.83906,-14.71222],[-50.83403,-14.71162],[-50.83486,-14.71997],[-50.84248,-14.72396],[-50.83836,-14.72427],[-50.84053,-14.72983],[-50.83042,-14.73344],[-50.83022,-14.74341],[-50.83847,-14.74568],[-50.83928,-14.7573],[-50.83034,-14.76636],[-50.83214,-14.76982],[-50.82531,-14.77247],[-50.82865,-14.78385],[-50.82481,-14.79142],[-50.8225,-14.80654],[-50.82848,-14.82166],[-50.81762,-14.83369],[-50.81634,-14.84683],[-50.81209,-14.84451],[-50.80195,-14.85574],[-50.80648,-14.86885],[-50.79945,-14.90187],[-50.81365,-14.91001],[-50.81598,-14.91594],[-50.81157,-14.91951],[-50.82079,-14.92143],[-50.83129,-14.94032],[-50.82571,-14.94787],[-50.8309,-14.95764],[-50.82698,-14.96512],[-50.81518,-14.96844],[-50.81629,-14.98659],[-50.81999,-14.9889],[-50.81556,-14.99166],[-50.82062,-14.99888],[-50.80318,-15.01705],[-50.79868,-15.01542],[-50.79699,-15.02502],[-50.78976,-15.04249],[-50.78079,-15.04734],[-50.77976,-15.04412],[-50.77296,-15.05384],[-50.76396,-15.05732],[-50.76452,-15.07013],[-50.74193,-15.09156],[-50.74188,-15.11447],[-50.77946,-15.17826],[-50.7978,-15.18804],[-50.80327,-15.2017],[-50.86566,-15.1963],[-50.89958,-15.22537],[-50.90972,-15.20193],[-50.91541,-15.22383],[-50.904,-15.24556],[-50.90775,-15.29422],[-50.90384,-15.31287],[-50.91023,-15.32143],[-50.92545,-15.31071],[-50.93289,-15.31546],[-50.93889,-15.30957],[-50.94942,-15.31827],[-50.96273,-15.31286],[-50.99011,-15.31856],[-51.00031,-15.32815],[-51.00761,-15.31088],[-51.01798,-15.31023],[-51.01381,-15.3044],[-51.02442,-15.29812],[-51.02503,-15.28816],[-51.04462,-15.27642],[-51.04231,-15.27178],[-51.04917,-15.26593],[-51.04989,-15.25497],[-51.05842,-15.26363],[-51.069,-15.25753],[-51.06309,-15.24989],[-51.07206,-15.24596],[-51.07042,-15.23942],[-51.07764,-15.23439],[-51.082,-15.23759],[-51.0885,-15.22957],[-51.08959,-15.23501],[-51.09917,-15.22664],[-51.10475,-15.22975],[-51.11323,-15.21748],[-51.1227,-15.22197],[-51.13348,-15.2147],[-51.13587,-15.22232],[-51.14098,-15.22263],[-51.15042,-15.20773],[-51.15923,-15.21449],[-51.15909,-15.22146],[-51.16664,-15.22259],[-51.16664,-15.209],[-51.17656,-15.20371],[-51.17051,-15.2015],[-51.17495,-15.19328],[-51.16692,-15.19405],[-51.1682,-15.1985],[-51.1607,-15.18858],[-51.16503,-15.18208],[-51.15564,-15.17423],[-51.15906,-15.16519],[-51.15142,-15.16461],[-51.15492,-15.15666],[-51.1483,-15.1529],[-51.14595,-15.15642],[-51.14425,-15.14418],[-51.15053,-15.14222],[-51.14545,-15.13558],[-51.15028,-15.1357],[-51.14764,-15.12735],[-51.13675,-15.12094],[-51.12861,-15.12497],[-51.12961,-15.11492],[-51.12531,-15.11625],[-51.11883,-15.10734],[-51.12447,-15.10284],[-51.11506,-15.10098],[-51.12052,-15.07627],[-51.10825,-15.07131],[-51.11389,-15.06518],[-51.10886,-15.06126],[-51.11375,-15.05757],[-51.11125,-15.05094],[-51.11947,-15.04818],[-51.12244,-15.05363],[-51.12842,-15.03464],[-51.13447,-15.03812],[-51.14066,-15.03],[-51.14325,-15.034],[-51.14603,-15.02051],[-51.13427,-15.00894],[-51.13561,-15.00143],[-51.11502,-14.97075],[-51.11916,-14.96024],[-51.10825,-14.95194],[-51.11096,-14.94539],[-51.09344,-14.93518],[-51.08366,-14.91644],[-51.08194,-14.90736],[-51.09116,-14.89182],[-51.08649,-14.8626],[-51.08943,-14.84113],[-51.06798,-14.81028],[-51.0484,-14.8],[-51.04257,-14.79136],[-51.05356,-14.74664],[-51.02681,-14.70677],[-51.03117,-14.68005],[-51.02615,-14.6657],[-51.01862,-14.66148],[-50.99156,-14.61472],[-50.99698,-14.57813],[-50.96314,-14.5298],[-50.97253,-14.50058],[-50.9678,-14.48228],[-50.9875,-14.45538],[-50.98619,-14.4375],[-50.99869,-14.41793],[-50.9868,-14.3939],[-50.98944,-14.36266],[-50.96888,-14.33388],[-50.97557,-14.29854],[-50.96182,-14.25082],[-50.93662,-14.21036],[-50.92673,-14.18473],[-50.91293,-14.16975],[-50.90993,-14.14948],[-50.91842,-14.11815],[-50.91462,-14.1122],[-50.90773,-14.11173],[-50.89234,-14.12736],[-50.86867,-14.12563],[-50.84098,-14.10489]]]},"properties":{"CD_MUN":"5202502","NM_MUN":"Aruanã","SIGLA_UF":"GO"}},{"type":"Feature","geometry":{"type":"Polygon","coordinates":[[[-49.2369,-12.88396],[-49.22209,-12.87657],[-49.21051,-12.87832],[-49.19598,-12.86722],[-49.19179,-12.85626],[-49.16087,-12.83447],[-49.14361,-12.81769],[-49.13642,-12.80086],[-49.1205,-12.79036],[-49.1057,-12.83607],[-49.06684,-12.84718],[-49.07181,-12.85273],[-49.07337,-12.86952],[-49.08478,-12.87911],[-49.08042,-12.88391],[-49.08726,-12.88786],[-49.07831,-12.90353],[-49.05297,-12.90858],[-49.04953,-12.91295],[-49.03303,-12.90342],[-49.0225,-12.90709],[-49.00936,-12.91668],[-49.00436,-12.93251],[-48.97967,-12.94821],[-48.97512,-12.95717],[-48.87935,-12.81908],[-48.87836,-12.83557],[-48.86813,-12.84893],[-48.86874,-12.85982],[-48.86128,-12.87247],[-48.84102,-12.8809],[-48.85086,-12.88693],[-48.84444,-12.89786],[-48.86041,-12.90329],[-48.85813,-12.91551],[-48.83225,-12.91893],[-48.83075,-12.92327],[-48.84047,-12.93347],[-48.81869,-12.94759],[-48.83658,-12.95448],[-48.83694,-12.96182],[-48.84797,-12.97148],[-48.84864,-12.9859],[-48.85547,-12.99028],[-48.86389,-12.98361],[-48.86997,-12.98799],[-48.87064,-13.00221],[-48.85911,-13.01401],[-48.87459,-13.02253],[-48.87992,-13.04059],[-48.87156,-13.05096],[-48.86978,-13.0689],[-48.89862,-13.06942],[-48.87739,-13.09377],[-48.87631,-13.10373],[-48.89228,-13.10953],[-48.88292,-13.11509],[-48.87867,-13.12721],[-48.88889,-13.13588],[-48.88882,-13.15037],[-48.89323,-13.15076],[-48.90115,-13.14021],[-48.91681,-13.14845],[-48.90679,-13.15592],[-48.91034,-13.16491],[-48.89171,-13.17712],[-48.8964,-13.17978],[-48.88646,-13.18561],[-48.88523,-13.19149],[-48.87796,-13.1871],[-48.86737,-13.19139],[-48.87473,-13.19768],[-48.85407,-13.21949],[-48.85724,-13.24706],[-48.88082,-13.24683],[-48.88724,-13.25684],[-48.89179,-13.25333],[-48.89993,-13.25592],[-48.90585,-13.2689],[-48.89832,-13.27466],[-48.89863,-13.28354],[-48.91035,-13.28859],[-48.91977,-13.30813],[-48.9261,-13.30354],[-48.92605,-13.30944],[-48.94027,-13.31803],[-48.94382,-13.34098],[-48.95021,-13.33966],[-48.95285,-13.32961],[-48.95738,-13.33109],[-48.96057,-13.33862],[-48.95563,-13.34548],[-48.96138,-13.36156],[-48.96922,-13.36903],[-48.97255,-13.36497],[-48.98186,-13.37499],[-48.97996,-13.38132],[-48.98555,-13.39169],[-48.99655,-13.39165],[-49.00286,-13.41895],[-48.99508,-13.4249],[-49.00914,-13.44814],[-49.00202,-13.46433],[-49.00661,-13.47984],[-49.01461,-13.48821],[-49.01375,-13.49944],[-49.02125,-13.50522],[-49.03208,-13.50088],[-49.032,-13.51611],[-49.04811,-13.52102],[-49.05903,-13.51713],[-49.07736,-13.54697],[-49.08439,-13.54933],[-49.08386,-13.55573],[-49.0892,-13.56302],[-49.12109,-13.55742],[-49.13359,-13.56786],[-49.13175,-13.57257],[-49.1485,-13.58482],[-49.15473,-13.57775],[-49.17976,-13.58809],[-49.21395,-13.58122],[-49.22265,-13.58729],[-49.23081,-13.58394],[-49.24037,-13.59219],[-49.24585,-13.58639],[-49.25509,-13.58585],[-49.26584,-13.56409],[-49.28198,-13.56844],[-49.30174,-13.56318],[-49.31498,-13.5727],[-49.32685,-13.57451],[-49.35168,-13.56344],[-49.36307,-13.56879],[-49.30785,-13.69646],[-49.31666,-13.69247],[-49.33644,-13.7107],[-49.35719,-13.71087],[-49.35913,-13.70434],[-49.36935,-13.70253],[-49.37296,-13.69418],[-49.38983,-13.70052],[-49.40161,-13.68547],[-49.41513,-13.6812],[-49.4156,-13.67367],[-49.43202,-13.66432],[-49.44147,-13.66994],[-49.45205,-13.6663],[-49.47191,-13.68488],[-49.4873,-13.68115],[-49.49649,-13.69048],[-49.51242,-13.69647],[-49.51491,-13.70798],[-49.52103,-13.70246],[-49.51789,-13.71206],[-49.52361,-13.71306],[-49.52528,-13.71986],[-49.53661,-13.71316],[-49.54356,-13.7233],[-49.54344,-13.73481],[-49.54836,-13.73445],[-49.54995,-13.73962],[-49.54058,-13.75158],[-49.55142,-13.76581],[-49.55392,-13.762],[-49.55959,-13.76482],[-49.55883,-13.77016],[-49.57442,-13.7669],[-49.57784,-13.7592],[-49.59306,-13.764],[-49.59156,-13.74288],[-49.59628,-13.73935],[-49.60825,-13.74687],[-49.60603,-13.75403],[-49.6192,-13.75476],[-49.62809,-13.74923],[-49.62392,-13.74714],[-49.62781,-13.73935],[-49.63895,-13.74026],[-49.65609,-13.72376],[-49.66256,-13.72955],[-49.68028,-13.73073],[-49.68317,-13.74967],[-49.69475,-13.74505],[-49.69976,-13.75338],[-49.71506,-13.74295],[-49.71309,-13.73624],[-49.73375,-13.71748],[-49.76111,-13.7219],[-49.76509,-13.72969],[-49.77373,-13.72099],[-49.7752,-13.72724],[-49.7827,-13.72706],[-49.79309,-13.72061],[-49.79512,-13.70946],[-49.8019,-13.71118],[-49.80801,-13.70438],[-49.81701,-13.70826],[-49.81931,-13.70192],[-49.81292,-13.70174],[-49.81245,-13.69721],[-49.82551,-13.68759],[-49.83015,-13.69403],[-49.83479,-13.68541],[-49.84312,-13.69954],[-49.85443,-13.69599],[-49.85601,-13.6881],[-49.87501,-13.69606],[-49.87593,-13.69053],[-49.88493,-13.6946],[-49.90893,-13.68107],[-49.91412,-13.69012],[-49.92635,-13.68485],[-49.93454,-13.69644],[-49.95112,-13.69587],[-49.94862,-13.70349],[-49.95298,-13.7072],[-49.96271,-13.70272],[-49.97084,-13.69022],[-49.98199,-13.68649],[-50.01882,-13.6885],[-50.03193,-13.67986],[-50.04084,-13.68759],[-50.04613,-13.70154],[-50.05741,-13.70584],[-50.06804,-13.68575],[-50.07582,-13.67976],[-50.07904,-13.68932],[-50.08368,-13.68847],[-50.09724,-13.67349],[-50.10102,-13.66156],[-50.11035,-13.65831],[-50.11629,-13.66419],[-50.11335,-13.68476],[-50.11802,-13.68925],[-50.13744,-13.67933],[-50.14902,-13.64498],[-50.15316,-13.64685],[-50.14701,-13.65467],[-50.1491,-13.6606],[-50.15821,-13.65172],[-50.17677,-13.6513],[-50.19052,-13.64212],[-50.19644,-13.64337],[-50.19541,-13.65189],[-50.20183,-13.65759],[-50.20858,-13.65204],[-50.21463,-13.63478],[-50.21619,-13.65086],[-50.22797,-13.65163],[-50.23427,-13.64599],[-50.23591,-13.65499],[-50.23916,-13.65403],[-50.24402,-13.64365],[-50.2361,-13.6324],[-50.24163,-13.62666],[-50.23318,-13.61984],[-50.24104,-13.60669],[-50.24632,-13.57662],[-50.2593,-13.56897],[-50.26785,-13.58395],[-50.27485,-13.57958],[-50.25455,-13.54732],[-50.25091,-13.5568],[-50.23393,-13.55779],[-50.23388,-13.54781],[-50.22805,-13.54647],[-50.22654,-13.53929],[-50.20368,-13.53493],[-50.16768,-13.55338],[-50.16082,-13.53108],[-50.15302,-13.53162],[-50.15087,-13.53976],[-50.14229,-13.53694],[-50.13645,-13.52135],[-50.12429,-13.52175],[-50.11854,-13.50852],[-50.10976,-13.51286],[-50.09726,-13.51081],[-50.08809,-13.51805],[-50.08395,-13.51373],[-50.05898,-13.5245],[-50.04895,-13.51022],[-50.03542,-13.5165],[-50.03545,-13.50134],[-50.0254,-13.50476],[-50.01982,-13.49609],[-50.01615,-13.50174],[-50.0152,-13.49621],[-50.01326,-13.50279],[-50.00881,-13.50256],[-50.01112,-13.4976],[-50.00162,-13.48732],[-49.99809,-13.48677],[-49.99778,-13.49229],[-49.98931,-13.48708],[-49.97861,-13.48879],[-49.97887,-13.49789],[-49.96853,-13.49384],[-49.9574,-13.49641],[-49.95131,-13.49039],[-49.93825,-13.49194],[-49.9135,-13.50777],[-49.88519,-13.49325],[-49.87583,-13.49645],[-49.87431,-13.50564],[-49.84881,-13.49601],[-49.84247,-13.47504],[-49.82253,-13.45299],[-49.81033,-13.46387],[-49.78272,-13.45436],[-49.77847,-13.45034],[-49.77939,-13.43875],[-49.77314,-13.43436],[-49.76791,-13.44004],[-49.76513,-13.42815],[-49.75252,-13.42978],[-49.73858,-13.42471],[-49.73227,-13.42829],[-49.73055,-13.4232],[-49.71797,-13.42095],[-49.70707,-13.40565],[-49.69835,-13.40921],[-49.68052,-13.37901],[-49.6701,-13.37423],[-49.67152,-13.37098],[-49.6558,-13.36896],[-49.6478,-13.35215],[-49.63643,-13.34926],[-49.6311,-13.35602],[-49.62454,-13.35424],[-49.60512,-13.32738],[-49.6059,-13.32222],[-49.58765,-13.31584],[-49.59018,-13.30136],[-49.5784,-13.29222],[-49.57879,-13.28742],[-49.5699,-13.2898],[-49.55259,-13.27862],[-49.53076,-13.28054],[-49.49992,-13.25982],[-49.48604,-13.25035],[-49.47826,-13.25469],[-49.46698,-13.24869],[-49.44181,-13.24637],[-49.43503,-13.25452],[-49.40856,-13.26778],[-49.38261,-13.27634],[-49.36903,-13.27459],[-49.33892,-13.25078],[-49.33942,-13.23456],[-49.34844,-13.21392],[-49.34339,-13.19986],[-49.34786,-13.18954],[-49.34436,-13.17729],[-49.35433,-13.15376],[-49.34144,-13.12717],[-49.34433,-13.11739],[-49.35397,-13.1098],[-49.35324,-13.10082],[-49.33696,-13.06626],[-49.30329,-13.02957],[-49.29724,-13.01379],[-49.27863,-12.98953],[-49.27521,-12.98067],[-49.27852,-12.96914],[-49.26696,-12.9446],[-49.25732,-12.94176],[-49.25065,-12.9303],[-49.24595,-12.91687],[-49.24923,-12.9029],[-49.23485,-12.89361],[-49.2369,-12.88396]]]},"properties":{"CD_MUN":"5218003","NM_MUN":"Porangatu","SIGLA_UF":"GO"}},{"type":"Feature","geometry":{"type":"Polygon","coordinates":[[[-49.68912,-15.82709],[-49.67609,-15.80019],[-49.67851,-15.77788],[-49.65917,-15.76834],[-49.64897,-15.7569],[-49.64392,-15.73465],[-49.64622,-15.71044],[-49.6357,-15.69322],[-49.6392,-15.6836],[-49.61192,-15.6907],[-49.60541,-15.69813],[-49.60017,-15.67482],[-49.55644,-15.63542],[-49.55164,-15.64134],[-49.55569,-15.65058],[-49.5518,-15.67426],[-49.55639,-15.68917],[-49.54869,-15.69678],[-49.54869,-15.70732],[-49.54406,-15.70518],[-49.53531,-15.71479],[-49.54253,-15.7317],[-49.53775,-15.73723],[-49.54508,-15.74249],[-49.54581,-15.75568],[-49.55311,-15.75231],[-49.55123,-15.76038],[-49.55789,-15.76681],[-49.55934,-15.77962],[-49.56192,-15.77644],[-49.57736,-15.78868],[-49.58111,-15.80769],[-49.57717,-15.8153],[-49.58673,-15.83674],[-49.5845,-15.84229],[-49.59417,-15.85109],[-49.59362,-15.86635],[-49.60407,-15.87147],[-49.60782,-15.8818],[-49.61326,-15.88542],[-49.61965,-15.88116],[-49.62562,-15.8669],[-49.64043,-15.87001],[-49.64907,-15.88361],[-49.66276,-15.88956],[-49.67354,-15.86753],[-49.6802,-15.86572],[-49.68818,-15.85873],[-49.67915,-15.84866],[-49.68745,-15.84186],[-49.68515,-15.83248],[-49.68912,-15.82709]]]},"properties":{"CD_MUN":"5210604","NM_MUN":"Itaguaru","SIGLA_UF":"GO"}},{"type":"Feature","geometry":{"type":"Polygon","coordinates":[[[-49.6802,-15.86572],[-49.67354,-15.86753],[-49.66276,-15.88956],[-49.64907,-15.88361],[-49.64043,-15.87001],[-49.62562,-15.8669],[-49.61965,-15.88116],[-49.61326,-15.88542],[-49.60782,-15.8818],[-49.60384,-15.88134],[-49.59693,-15.89732],[-49.59082,-15.89962],[-49.59615,-15.90669],[-49.59473,-15.9133],[-49.58026,-15.92348],[-49.57343,-15.92537],[-49.56723,-15.91789],[-49.55881,-15.92228],[-49.54476,-15.92096],[-49.54234,-15.93986],[-49.55162,-15.96819],[-49.56248,-15.97565],[-49.67499,-15.9731],[-49.68657,-15.96043],[-49.67946,-15.94847],[-49.67871,-15.92791],[-49.67126,-15.91771],[-49.68374,-15.90121],[-49.67832,-15.88237],[-49.6802,-15.86572]]]},"properties":{"CD_MUN":"5210562","NM_MUN":"Itaguari","SIGLA_UF":"GO"}},{"type":"Feature","geometry":{"type":"Polygon","coordinates":[[[-51.82859,-16.0821],[-51.83726,-16.0709],[-51.82345,-16.04292],[-51.81465,-16.04233],[-51.82031,-16.03457],[-51.79729,-16.02992],[-51.77112,-16.06568],[-51.76956,-16.07537],[-51.75609,-16.08871],[-51.7267,-16.07741],[-51.72125,-16.07956],[-51.71659,-16.09539],[-51.70098,-16.1031],[-51.70084,-16.1108],[-51.69137,-16.10976],[-51.68989,-16.11854],[-51.6739,-16.12987],[-51.64242,-16.13885],[-51.64679,-16.14957],[-51.64453,-16.16079],[-51.63131,-16.1793],[-51.6162,-16.18399],[-51.6117,-16.20855],[-51.60134,-16.21429],[-51.59704,-16.22904],[-51.57987,-16.2264],[-51.55415,-16.23024],[-51.55114,-16.24427],[-51.5367,-16.25804],[-51.54287,-16.2763],[-51.53273,-16.27633],[-51.51415,-16.29117],[-51.47912,-16.30475],[-51.46876,-16.30205],[-51.46356,-16.3265],[-51.44345,-16.32534],[-51.43892,-16.31604],[-51.43301,-16.31646],[-51.42873,-16.32013],[-51.43956,-16.34924],[-51.42925,-16.35143],[-51.41826,-16.36959],[-51.41179,-16.37192],[-51.41057,-16.3801],[-51.41726,-16.38212],[-51.41551,-16.39484],[-51.40829,-16.40398],[-51.40056,-16.40442],[-51.3962,-16.4198],[-51.39931,-16.42856],[-51.39229,-16.43172],[-51.39676,-16.44583],[-51.39173,-16.45023],[-51.38151,-16.44253],[-51.37381,-16.44541],[-51.37837,-16.46522],[-51.39973,-16.46821],[-51.40423,-16.47733],[-51.41276,-16.47462],[-51.4136,-16.48133],[-51.42096,-16.48452],[-51.4169,-16.49327],[-51.43524,-16.50675],[-51.44432,-16.52238],[-51.45588,-16.52894],[-51.47018,-16.52861],[-51.47365,-16.53488],[-51.48877,-16.54171],[-51.49696,-16.54155],[-51.50032,-16.53552],[-51.5053,-16.53754],[-51.50882,-16.54681],[-51.50305,-16.55458],[-51.50621,-16.58008],[-51.51685,-16.58258],[-51.52205,-16.59748],[-51.53922,-16.60544],[-51.53941,-16.62286],[-51.55108,-16.6278],[-51.55413,-16.6357],[-51.55091,-16.6424],[-51.56866,-16.64955],[-51.57252,-16.65691],[-51.581,-16.64787],[-51.58097,-16.63255],[-51.58861,-16.62632],[-51.59292,-16.60702],[-51.60197,-16.60234],[-51.57341,-16.57466],[-51.56891,-16.55151],[-51.6088,-16.5435],[-51.62216,-16.51943],[-51.63697,-16.50552],[-51.63361,-16.50125],[-51.63865,-16.49404],[-51.63744,-16.48207],[-51.64396,-16.47477],[-51.65383,-16.47464],[-51.65202,-16.46257],[-51.66732,-16.44534],[-51.66441,-16.43047],[-51.67391,-16.41511],[-51.61554,-16.39765],[-51.63396,-16.38806],[-51.64235,-16.36989],[-51.64904,-16.36557],[-51.64818,-16.34898],[-51.65823,-16.34795],[-51.67368,-16.32411],[-51.6666,-16.30259],[-51.67165,-16.28839],[-51.6656,-16.27956],[-51.6769,-16.27147],[-51.67259,-16.25486],[-51.7084,-16.22741],[-51.72209,-16.22975],[-51.73262,-16.22536],[-51.72876,-16.21347],[-51.73354,-16.19817],[-51.7419,-16.19505],[-51.74882,-16.18403],[-51.75415,-16.1856],[-51.7619,-16.1724],[-51.76904,-16.17271],[-51.76785,-16.16654],[-51.77235,-16.16829],[-51.78687,-16.13246],[-51.79148,-16.1305],[-51.78979,-16.11644],[-51.79851,-16.09464],[-51.79581,-16.09272],[-51.80604,-16.09286],[-51.8164,-16.0853],[-51.82676,-16.09115],[-51.82859,-16.0821]]]},"properties":{"CD_MUN":"5202353","NM_MUN":"Arenópolis","SIGLA_UF":"GO"}},{"type":"Feature","geometry":{"type":"Polygon","coordinates":[[[-49.82412,-15.80949],[-49.80076,-15.78899],[-49.6927,-15.80602],[-49.69704,-15.82567],[-49.68912,-15.82709],[-49.68515,-15.83248],[-49.68745,-15.84186],[-49.67915,-15.84866],[-49.68818,-15.85873],[-49.6802,-15.86572],[-49.67832,-15.88237],[-49.68374,-15.90121],[-49.67126,-15.91771],[-49.67871,-15.92791],[-49.67946,-15.94847],[-49.68657,-15.96043],[-49.67499,-15.9731],[-49.63776,-16.02061],[-49.64646,-16.03233],[-49.68066,-16.04208],[-49.66832,-16.06448],[-49.65535,-16.07673],[-49.6591,-16.10527],[-49.65338,-16.10564],[-49.64874,-16.11586],[-49.6431,-16.11586],[-49.73578,-16.19197],[-49.74111,-16.20589],[-49.75528,-16.22182],[-49.757,-16.24068],[-49.74923,-16.26247],[-49.75489,-16.27433],[-49.73778,-16.28399],[-49.73453,-16.29006],[-49.73792,-16.30909],[-49.73367,-16.30758],[-49.7312,-16.31279],[-49.73581,-16.31836],[-49.72419,-16.33667],[-49.7305,-16.3435],[-49.72634,-16.36082],[-49.7372,-16.37695],[-49.73653,-16.38616],[-49.72584,-16.38635],[-49.72673,-16.40519],[-49.72003,-16.42066],[-49.71464,-16.4231],[-49.7159,-16.43658],[-49.73857,-16.44197],[-49.7677,-16.43394],[-49.77451,-16.43628],[-49.77215,-16.42625],[-49.78809,-16.40851],[-49.80857,-16.4044],[-49.81462,-16.39811],[-49.81993,-16.38148],[-49.81382,-16.38038],[-49.8002,-16.36256],[-49.77451,-16.37147],[-49.7517,-16.36862],[-49.74342,-16.36242],[-49.74887,-16.33938],[-49.75439,-16.33836],[-49.75606,-16.32252],[-49.76892,-16.30677],[-49.78548,-16.29863],[-49.79842,-16.29953],[-49.8087,-16.29223],[-49.81123,-16.28337],[-49.82106,-16.27563],[-49.83634,-16.27645],[-49.84523,-16.28279],[-49.86265,-16.27826],[-49.87412,-16.2855],[-49.87823,-16.27562],[-49.87162,-16.26647],[-49.86645,-16.24788],[-49.87392,-16.22838],[-49.90039,-16.23031],[-49.91581,-16.21871],[-49.92564,-16.22661],[-49.94023,-16.22415],[-49.95015,-16.21791],[-49.96312,-16.21838],[-49.9717,-16.20141],[-50.00009,-16.2005],[-50.03201,-16.18247],[-50.03906,-16.12881],[-50.03084,-16.10131],[-50.03764,-16.09168],[-50.02898,-16.06671],[-50.04139,-16.03036],[-50.03586,-16.01885],[-50.02167,-16.01769],[-50.02203,-16.01152],[-50.00497,-16.01271],[-49.99308,-15.99842],[-49.97811,-15.9929],[-49.97264,-15.98212],[-49.96344,-15.98401],[-49.96283,-15.97323],[-49.94986,-15.97362],[-49.94232,-15.96552],[-49.93672,-15.97296],[-49.92466,-15.96754],[-49.92041,-15.97125],[-49.91322,-15.9692],[-49.90341,-15.97964],[-49.89246,-15.97387],[-49.88577,-15.97545],[-49.881,-15.98583],[-49.87802,-15.98051],[-49.86561,-15.98771],[-49.86349,-15.97693],[-49.85324,-15.96509],[-49.85446,-15.9582],[-49.8366,-15.94229],[-49.83227,-15.9275],[-49.84185,-15.91188],[-49.84002,-15.90644],[-49.83196,-15.90243],[-49.81593,-15.90674],[-49.81505,-15.89276],[-49.79571,-15.8847],[-49.79493,-15.86811],[-49.81196,-15.84611],[-49.80949,-15.82416],[-49.82412,-15.80949]]]},"properties":{"CD_MUN":"5210406","NM_MUN":"Itaberaí","SIGLA_UF":"GO"}},{"type":"Feature","geometry":{"type":"Polygon","coordinates":[[[-48.83834,-17.7215],[-48.80864,-17.72624],[-48.79523,-17.715],[-48.77194,-17.71514],[-48.74555,-17.70632],[-48.70989,-17.73033],[-48.72214,-17.7337],[-48.737,-17.74633],[-48.74801,-17.79209],[-48.73367,-17.81691],[-48.73203,-17.83453],[-48.7257,-17.83527],[-48.71814,-17.84468],[-48.72554,-17.92725],[-48.74492,-17.92297],[-48.76504,-17.9346],[-48.78259,-17.9357],[-48.78223,-17.92689],[-48.79379,-17.92024],[-48.81274,-17.92234],[-48.84665,-17.90785],[-48.84215,-17.89733],[-48.84673,-17.88993],[-48.85324,-17.88884],[-48.84818,-17.88383],[-48.85084,-17.87803],[-48.83317,-17.87179],[-48.83529,-17.86289],[-48.83123,-17.85883],[-48.84909,-17.85486],[-48.84098,-17.84058],[-48.83417,-17.83733],[-48.83048,-17.82438],[-48.8202,-17.82158],[-48.81525,-17.81277],[-48.81917,-17.81338],[-48.81954,-17.80567],[-48.82387,-17.8089],[-48.82879,-17.79926],[-48.82231,-17.79824],[-48.82559,-17.79285],[-48.8207,-17.78643],[-48.83231,-17.77354],[-48.83,-17.76902],[-48.84617,-17.74516],[-48.83459,-17.73908],[-48.83834,-17.7215]]]},"properties":{"CD_MUN":"5218789","NM_MUN":"Rio Quente","SIGLA_UF":"GO"}},{"type":"Feature","geometry":{"type":"Polygon","coordinates":[[[-50.94741,-17.09056],[-50.93066,-17.09429],[-50.92302,-17.10067],[-50.92566,-17.10659],[-50.91838,-17.1087],[-50.91677,-17.11721],[-50.90638,-17.12213],[-50.90505,-17.1349],[-50.90897,-17.1371],[-50.90161,-17.13862],[-50.90027,-17.14437],[-50.90463,-17.14737],[-50.90344,-17.15457],[-50.88449,-17.15649],[-50.878,-17.16582],[-50.87174,-17.16592],[-50.86966,-17.17292],[-50.83655,-17.1725],[-50.83638,-17.18414],[-50.82435,-17.18588],[-50.82119,-17.19214],[-50.81502,-17.18705],[-50.80302,-17.18864],[-50.79816,-17.18029],[-50.76585,-17.1988],[-50.76666,-17.21131],[-50.75185,-17.22489],[-50.75147,-17.23184],[-50.72866,-17.23697],[-50.72013,-17.24832],[-50.71883,-17.25243],[-50.7256,-17.24956],[-50.72857,-17.25323],[-50.72505,-17.25956],[-50.73741,-17.26663],[-50.72635,-17.27438],[-50.72427,-17.288],[-50.71782,-17.28294],[-50.71677,-17.29937],[-50.70588,-17.29965],[-50.70283,-17.3072],[-50.69974,-17.29827],[-50.68994,-17.2981],[-50.69869,-17.31077],[-50.69424,-17.31523],[-50.69675,-17.32031],[-50.67699,-17.33014],[-50.68127,-17.33708],[-50.66997,-17.35009],[-50.67008,-17.35829],[-50.66299,-17.36068],[-50.65994,-17.35037],[-50.6548,-17.34831],[-50.65405,-17.36103],[-50.63983,-17.36791],[-50.64797,-17.37784],[-50.64036,-17.37849],[-50.63466,-17.38659],[-50.6371,-17.37258],[-50.63119,-17.36765],[-50.61677,-17.3766],[-50.63011,-17.38355],[-50.63524,-17.40632],[-50.64414,-17.41369],[-50.65353,-17.4088],[-50.64646,-17.45599],[-50.65671,-17.46205],[-50.65987,-17.47344],[-50.6711,-17.48228],[-50.68815,-17.4774],[-50.69925,-17.48925],[-50.70123,-17.49856],[-50.73106,-17.50911],[-50.75108,-17.53134],[-50.75069,-17.57196],[-50.75456,-17.57528],[-50.73551,-17.58858],[-50.71899,-17.62684],[-50.70865,-17.63441],[-50.70955,-17.64634],[-50.70076,-17.65952],[-50.72182,-17.69932],[-50.73668,-17.71453],[-50.75801,-17.72398],[-50.77357,-17.74175],[-50.76996,-17.76946],[-50.77471,-17.78659],[-50.76618,-17.80079],[-50.75415,-17.8075],[-50.74451,-17.83222],[-50.73457,-17.83176],[-50.70454,-17.84508],[-50.69988,-17.84179],[-50.6756,-17.84585],[-50.66735,-17.86352],[-50.65932,-17.8629],[-50.65368,-17.87119],[-50.64149,-17.86319],[-50.65746,-17.88827],[-50.68752,-17.9129],[-50.70027,-17.97122],[-50.66727,-17.97608],[-50.64197,-17.97277],[-50.62524,-17.97974],[-50.5881,-17.98106],[-50.56757,-17.97004],[-50.54652,-17.9664],[-50.52574,-17.95053],[-50.49935,-17.95058],[-50.4886,-17.94445],[-50.48012,-17.95066],[-50.46734,-17.95187],[-50.46921,-17.97698],[-50.48049,-18.00033],[-50.50713,-18.0184],[-50.43782,-18.05102],[-50.43488,-18.0758],[-50.42674,-18.08728],[-50.42746,-18.09417],[-50.41524,-18.10777],[-50.44069,-18.12443],[-50.42577,-18.13162],[-50.4184,-18.12461],[-50.39882,-18.12919],[-50.39427,-18.14029],[-50.38652,-18.14243],[-50.37816,-18.15401],[-50.35488,-18.15889],[-50.36548,-18.16065],[-50.3736,-18.17994],[-50.38528,-18.18283],[-50.38704,-18.18938],[-50.39608,-18.18642],[-50.41275,-18.19056],[-50.42055,-18.18624],[-50.42812,-18.18961],[-50.42953,-18.19939],[-50.43758,-18.18856],[-50.44511,-18.18553],[-50.45493,-18.18943],[-50.46233,-18.17925],[-50.46736,-18.18227],[-50.4798,-18.17605],[-50.48887,-18.1611],[-50.50018,-18.15738],[-50.52589,-18.15786],[-50.58236,-18.11829],[-50.58444,-18.13797],[-50.59986,-18.15042],[-50.60183,-18.16373],[-50.6075,-18.16909],[-50.66355,-18.19165],[-50.67617,-18.19031],[-50.67609,-18.19385],[-50.68622,-18.1954],[-50.69258,-18.18717],[-50.70831,-18.18655],[-50.72387,-18.17932],[-50.73778,-18.18913],[-50.75059,-18.19004],[-50.77581,-18.17585],[-50.81487,-18.1738],[-50.82298,-18.19093],[-50.82195,-18.20814],[-50.80154,-18.2344],[-50.82029,-18.27192],[-50.85857,-18.2993],[-50.88741,-18.32079],[-50.91215,-18.31952],[-50.92716,-18.31156],[-50.94024,-18.31418],[-50.97902,-18.2823],[-50.98565,-18.29226],[-50.97988,-18.2948],[-50.97599,-18.30694],[-50.98083,-18.32533],[-51.0146,-18.33349],[-51.05144,-18.32449],[-51.0963,-18.34786],[-51.10433,-18.34573],[-51.11269,-18.33286],[-51.12638,-18.32959],[-51.14641,-18.30168],[-51.13291,-18.29539],[-51.13238,-18.28359],[-51.12424,-18.28273],[-51.12688,-18.26035],[-51.13744,-18.26148],[-51.13297,-18.2546],[-51.13724,-18.25244],[-51.13674,-18.24549],[-51.1288,-18.24215],[-51.13124,-18.23872],[-51.12099,-18.24227],[-51.12594,-18.21619],[-51.11299,-18.2052],[-51.12296,-18.1976],[-51.12127,-18.18117],[-51.12979,-18.18036],[-51.12938,-18.16648],[-51.13282,-18.16342],[-51.13235,-18.16832],[-51.13954,-18.17138],[-51.13769,-18.15303],[-51.14551,-18.15278],[-51.14418,-18.14187],[-51.15093,-18.14054],[-51.15516,-18.13203],[-51.15702,-18.1184],[-51.16396,-18.10996],[-51.15532,-18.10385],[-51.15935,-18.0909],[-51.16277,-18.08519],[-51.17182,-18.08402],[-51.16745,-18.07657],[-51.16979,-18.07043],[-51.16532,-18.07058],[-51.18968,-18.05392],[-51.19468,-18.04143],[-51.18929,-18.03387],[-51.19126,-18.02766],[-51.20101,-18.02953],[-51.20277,-18.00787],[-51.21199,-18.00855],[-51.21285,-18.00186],[-51.21185,-17.99022],[-51.21746,-17.98781],[-51.20864,-17.98539],[-51.2121,-17.97733],[-51.20603,-17.97611],[-51.22489,-17.95968],[-51.22363,-17.9471],[-51.23308,-17.94415],[-51.23462,-17.9261],[-51.22892,-17.91266],[-51.23398,-17.91506],[-51.24207,-17.90845],[-51.23069,-17.90201],[-51.23994,-17.89577],[-51.24181,-17.88576],[-51.24759,-17.88825],[-51.25835,-17.88139],[-51.279,-17.88869],[-51.2857,-17.86353],[-51.2914,-17.86103],[-51.30493,-17.86536],[-51.32493,-17.86084],[-51.32949,-17.86876],[-51.3409,-17.86646],[-51.34596,-17.87456],[-51.35209,-17.87495],[-51.36132,-17.86838],[-51.36615,-17.87194],[-51.37529,-17.86229],[-51.37829,-17.86802],[-51.38824,-17.86697],[-51.40188,-17.84592],[-51.40707,-17.84939],[-51.41157,-17.84216],[-51.41874,-17.84419],[-51.41757,-17.83412],[-51.42718,-17.82573],[-51.42426,-17.82137],[-51.43029,-17.8282],[-51.4324,-17.8185],[-51.45176,-17.80863],[-51.45388,-17.80383],[-51.45009,-17.80146],[-51.45776,-17.78635],[-51.45426,-17.78352],[-51.4614,-17.77839],[-51.45823,-17.76822],[-51.47118,-17.76928],[-51.4779,-17.74927],[-51.48102,-17.75273],[-51.50043,-17.74883],[-51.51263,-17.7486],[-51.51437,-17.73667],[-51.51946,-17.73763],[-51.52304,-17.73225],[-51.5244,-17.73688],[-51.52977,-17.73152],[-51.53904,-17.73634],[-51.54454,-17.72772],[-51.55312,-17.72746],[-51.55276,-17.72075],[-51.56438,-17.72044],[-51.5634,-17.71509],[-51.57668,-17.69705],[-51.58435,-17.69642],[-51.58107,-17.68624],[-51.59218,-17.68783],[-51.59681,-17.68037],[-51.61632,-17.67652],[-51.63671,-17.66192],[-51.63104,-17.64094],[-51.61612,-17.63316],[-51.61862,-17.62324],[-51.60965,-17.61498],[-51.60726,-17.603],[-51.6247,-17.59633],[-51.63381,-17.58486],[-51.65851,-17.57256],[-51.66096,-17.55973],[-51.6881,-17.5481],[-51.68631,-17.54482],[-51.70395,-17.52411],[-51.69326,-17.51096],[-51.69454,-17.50049],[-51.72606,-17.47991],[-51.73018,-17.46706],[-51.72465,-17.45843],[-51.72615,-17.44069],[-51.72048,-17.41648],[-51.73306,-17.38247],[-51.73159,-17.37341],[-51.71778,-17.36222],[-51.71483,-17.32099],[-51.68845,-17.27572],[-51.6593,-17.27766],[-51.63483,-17.28616],[-51.62558,-17.29165],[-51.62164,-17.3045],[-51.61258,-17.30935],[-51.59258,-17.30981],[-51.57914,-17.32043],[-51.56614,-17.31965],[-51.56183,-17.32923],[-51.54794,-17.31938],[-51.53727,-17.33573],[-51.54111,-17.38113],[-51.50891,-17.38586],[-51.50086,-17.38312],[-51.473,-17.39251],[-51.44985,-17.41013],[-51.44888,-17.43151],[-51.43163,-17.43984],[-51.43111,-17.44754],[-51.44727,-17.45661],[-51.45644,-17.47112],[-51.34188,-17.50851],[-51.31477,-17.50683],[-51.29688,-17.51571],[-51.26577,-17.5187],[-51.24072,-17.53279],[-51.20372,-17.52632],[-51.18421,-17.53074],[-51.1753,-17.52388],[-51.15235,-17.51857],[-51.13088,-17.52107],[-51.1229,-17.52654],[-51.10215,-17.52206],[-51.07999,-17.5289],[-51.05971,-17.52395],[-51.01887,-17.49615],[-51.0089,-17.4803],[-50.9884,-17.46558],[-50.93895,-17.41254],[-50.95853,-17.39289],[-50.97848,-17.39481],[-50.98728,-17.36747],[-50.9689,-17.32467],[-50.97209,-17.31689],[-50.98961,-17.3156],[-50.98912,-17.31972],[-50.9952,-17.32145],[-51.00045,-17.31492],[-51.00648,-17.31921],[-51.00342,-17.32372],[-51.00826,-17.32222],[-51.01056,-17.32777],[-51.01831,-17.32466],[-51.01678,-17.31594],[-51.02467,-17.31148],[-51.02864,-17.29891],[-51.03553,-17.29888],[-51.04431,-17.28744],[-51.05489,-17.28571],[-51.07303,-17.29356],[-51.09387,-17.28403],[-51.11432,-17.28826],[-51.12256,-17.27229],[-51.11578,-17.23625],[-51.1262,-17.21938],[-51.08864,-17.19018],[-51.02061,-17.17241],[-51.0125,-17.16282],[-51.01522,-17.14381],[-51.01141,-17.12728],[-50.99903,-17.11845],[-50.99075,-17.10267],[-50.96366,-17.10084],[-50.94833,-17.0956],[-50.94741,-17.09056]]]},"properties":{"CD_MUN":"5218805","NM_MUN":"Rio Verde","SIGLA_UF":"GO"}},{"type":"Feature","geometry":{"type":"Polygon","coordinates":[[[-50.79699,-15.02502],[-50.79868,-15.01542],[-50.80318,-15.01705],[-50.82062,-14.99888],[-50.81556,-14.99166],[-50.81999,-14.9889],[-50.81629,-14.98659],[-50.81518,-14.96844],[-50.82698,-14.96512],[-50.8309,-14.95764],[-50.82571,-14.94787],[-50.83129,-14.94032],[-50.82079,-14.92143],[-50.81157,-14.91951],[-50.81598,-14.91594],[-50.81365,-14.91001],[-50.79945,-14.90187],[-50.79723,-14.92634],[-50.79162,-14.92637],[-50.78079,-14.94384],[-50.77215,-14.94728],[-50.77057,-14.95533],[-50.73798,-14.95804],[-50.72917,-14.95304],[-50.69626,-14.96037],[-50.67687,-14.95915],[-50.64587,-14.98345],[-50.63295,-14.98547],[-50.62742,-14.98115],[-50.62381,-14.98682],[-50.60964,-14.98547],[-50.59353,-14.99063],[-50.59036,-15.00158],[-50.58109,-15.00535],[-50.57645,-15.0215],[-50.56537,-15.03194],[-50.55795,-15.03245],[-50.54726,-15.04509],[-50.53101,-15.0457],[-50.50731,-15.05719],[-50.48767,-15.04518],[-50.47909,-15.05123],[-50.46334,-15.0443],[-50.45067,-15.04616],[-50.40289,-15.02549],[-50.3141,-14.94376],[-50.30338,-14.93981],[-50.28685,-14.94805],[-50.28041,-14.94656],[-50.26813,-14.96008],[-50.25452,-14.95918],[-50.24394,-14.96628],[-50.24216,-14.98285],[-50.23541,-14.99151],[-50.23616,-15.01262],[-50.20241,-15.02002],[-50.20669,-15.03184],[-50.1843,-15.03729],[-50.1883,-15.04813],[-50.19888,-15.04914],[-50.19063,-15.05936],[-50.17285,-15.05866],[-50.15132,-15.08146],[-50.14436,-15.07921],[-50.14027,-15.08311],[-50.13491,-15.07688],[-50.12791,-15.07982],[-50.12416,-15.0922],[-50.1128,-15.09873],[-50.11252,-15.10547],[-50.12027,-15.11105],[-50.11503,-15.1179],[-50.11174,-15.11588],[-50.11277,-15.12086],[-50.10233,-15.11971],[-50.07933,-15.13637],[-50.06463,-15.13323],[-50.05449,-15.12441],[-50.0356,-15.14429],[-50.03988,-15.15493],[-50.05152,-15.16511],[-50.05519,-15.183],[-50.03863,-15.19744],[-50.05755,-15.2237],[-50.07894,-15.23599],[-50.08422,-15.24656],[-50.10822,-15.23599],[-50.11022,-15.24186],[-50.12128,-15.24474],[-50.13297,-15.24664],[-50.13577,-15.24112],[-50.14319,-15.24052],[-50.16819,-15.25035],[-50.25959,-15.23599],[-50.26323,-15.24696],[-50.282,-15.24416],[-50.28875,-15.24803],[-50.29411,-15.26253],[-50.30487,-15.26527],[-50.30787,-15.27622],[-50.32173,-15.27568],[-50.32056,-15.28357],[-50.33523,-15.29654],[-50.35218,-15.29381],[-50.35618,-15.31445],[-50.36421,-15.31521],[-50.37307,-15.32771],[-50.38271,-15.32619],[-50.40346,-15.34667],[-50.44468,-15.37016],[-50.44824,-15.36668],[-50.44702,-15.35132],[-50.46535,-15.34107],[-50.47232,-15.34814],[-50.48285,-15.34664],[-50.49996,-15.33022],[-50.51957,-15.30451],[-50.53671,-15.30794],[-50.54624,-15.29355],[-50.55166,-15.29435],[-50.5566,-15.27671],[-50.5791,-15.28323],[-50.58541,-15.27302],[-50.59407,-15.27919],[-50.60116,-15.26063],[-50.61488,-15.26536],[-50.64957,-15.24524],[-50.65132,-15.25067],[-50.6583,-15.24804],[-50.67102,-15.25345],[-50.67243,-15.24919],[-50.67782,-15.25023],[-50.67946,-15.2619],[-50.69138,-15.26252],[-50.6963,-15.27101],[-50.70255,-15.26577],[-50.71389,-15.2693],[-50.73121,-15.25496],[-50.72841,-15.24952],[-50.73624,-15.23902],[-50.73013,-15.2273],[-50.74016,-15.22007],[-50.73924,-15.20236],[-50.74788,-15.17567],[-50.72532,-15.16217],[-50.71766,-15.14927],[-50.71243,-15.11777],[-50.71982,-15.11684],[-50.72304,-15.10623],[-50.72249,-15.08377],[-50.71799,-15.08044],[-50.73121,-15.07169],[-50.73268,-15.06279],[-50.75035,-15.06004],[-50.74834,-15.04775],[-50.75491,-15.05043],[-50.75699,-15.04526],[-50.76871,-15.04297],[-50.7657,-15.0376],[-50.77296,-15.03894],[-50.77771,-15.03306],[-50.77479,-15.02834],[-50.7891,-15.02227],[-50.79699,-15.02502]]]},"properties":{"CD_MUN":"5202155","NM_MUN":"Araguapaz","SIGLA_UF":"GO"}},{"type":"Feature","geometry":{"type":"Polygon","coordinates":[[[-49.53915,-15.44766],[-49.52535,-15.45026],[-49.51018,-15.43794],[-49.50154,-15.44123],[-49.4826,-15.43318],[-49.4629,-15.43139],[-49.42512,-15.42947],[-49.40795,-15.43929],[-49.38532,-15.43981],[-49.36354,-15.43018],[-49.35929,-15.44481],[-49.3514,-15.45055],[-49.33284,-15.4489],[-49.32728,-15.45251],[-49.32881,-15.45906],[-49.34464,-15.46751],[-49.34329,-15.47875],[-49.33151,-15.48404],[-49.33871,-15.49797],[-49.37843,-15.49566],[-49.38698,-15.5025],[-49.42896,-15.49304],[-49.43615,-15.49829],[-49.44074,-15.52705],[-49.45502,-15.5327],[-49.48721,-15.51245],[-49.50671,-15.51598],[-49.50282,-15.50238],[-49.51143,-15.49762],[-49.51557,-15.5051],[-49.52024,-15.50375],[-49.51988,-15.47801],[-49.52846,-15.47087],[-49.52991,-15.4814],[-49.53493,-15.48128],[-49.53566,-15.47483],[-49.54479,-15.46805],[-49.53965,-15.45497],[-49.54304,-15.44876],[-49.53915,-15.44766]]]},"properties":{"CD_MUN":"5218706","NM_MUN":"Rianápolis","SIGLA_UF":"GO"}},{"type":"Feature","geometry":{"type":"Polygon","coordinates":[[[-51.06405,-16.30665],[-51.05768,-16.29736],[-51.04122,-16.29467],[-51.02282,-16.27503],[-51.01122,-16.27876],[-50.99601,-16.26959],[-50.9826,-16.28458],[-50.98104,-16.29383],[-50.9504,-16.30638],[-50.94685,-16.31366],[-50.93721,-16.31319],[-50.92749,-16.29291],[-50.92921,-16.27673],[-50.91315,-16.26408],[-50.90118,-16.24538],[-50.90712,-16.22825],[-50.89748,-16.2174],[-50.90815,-16.20199],[-50.86679,-16.20447],[-50.85406,-16.22453],[-50.84815,-16.22796],[-50.84698,-16.22476],[-50.84426,-16.22998],[-50.83554,-16.22848],[-50.83868,-16.23558],[-50.83234,-16.24961],[-50.83499,-16.25827],[-50.81673,-16.28235],[-50.81229,-16.28148],[-50.81676,-16.30522],[-50.81187,-16.31674],[-50.79215,-16.32178],[-50.79074,-16.33733],[-50.78185,-16.34635],[-50.7549,-16.34403],[-50.75118,-16.35777],[-50.75338,-16.40232],[-50.74271,-16.39696],[-50.72462,-16.39684],[-50.70201,-16.41461],[-50.70635,-16.44334],[-50.71976,-16.44925],[-50.73654,-16.44819],[-50.75635,-16.45929],[-50.7733,-16.48701],[-50.77622,-16.50016],[-50.77043,-16.51001],[-50.79349,-16.50391],[-50.81332,-16.47867],[-50.81952,-16.47958],[-50.82966,-16.47023],[-50.83696,-16.47781],[-50.85511,-16.45274],[-50.85724,-16.44135],[-50.88505,-16.42886],[-50.92122,-16.39861],[-50.94774,-16.39826],[-50.95399,-16.39755],[-50.96553,-16.40832],[-50.97549,-16.40403],[-50.97647,-16.41664],[-50.98061,-16.4146],[-50.98855,-16.42083],[-50.98827,-16.4153],[-51.00361,-16.41691],[-51.01555,-16.40538],[-51.02794,-16.40492],[-51.03175,-16.39845],[-51.02722,-16.38352],[-51.03224,-16.37967],[-51.0261,-16.36456],[-51.03599,-16.35532],[-51.0453,-16.35607],[-51.06597,-16.33449],[-51.06154,-16.32119],[-51.06405,-16.30665]]]},"properties":{"CD_MUN":"5210307","NM_MUN":"Israelândia","SIGLA_UF":"GO"}},{"type":"Feature","geometry":{"type":"Polygon","coordinates":[[[-51.11207,-16.30683],[-51.06405,-16.30665],[-51.06154,-16.32119],[-51.06597,-16.33449],[-51.0453,-16.35607],[-51.03599,-16.35532],[-51.0261,-16.36456],[-51.03224,-16.37967],[-51.02722,-16.38352],[-51.03175,-16.39845],[-51.02794,-16.40492],[-51.01555,-16.40538],[-51.00361,-16.41691],[-50.98827,-16.4153],[-50.98855,-16.42083],[-50.98061,-16.4146],[-50.97647,-16.41664],[-50.97549,-16.40403],[-50.96553,-16.40832],[-50.95399,-16.39755],[-50.94774,-16.39826],[-50.96327,-16.41862],[-50.96113,-16.42811],[-50.96744,-16.43804],[-50.96478,-16.4459],[-50.96988,-16.45129],[-50.96958,-16.4606],[-50.98005,-16.4667],[-50.97794,-16.47768],[-50.99605,-16.4862],[-50.9945,-16.49573],[-51.00108,-16.50519],[-50.98825,-16.52917],[-50.96355,-16.53235],[-50.96403,-16.5455],[-50.97689,-16.5699],[-50.95775,-16.57173],[-50.94619,-16.58616],[-50.96456,-16.62258],[-50.98951,-16.62607],[-50.99981,-16.63546],[-51.00884,-16.63616],[-51.01395,-16.63002],[-51.03026,-16.62582],[-51.0307,-16.61203],[-51.0235,-16.60075],[-51.02739,-16.59151],[-51.02336,-16.56917],[-51.06286,-16.54911],[-51.06533,-16.54439],[-51.06017,-16.54002],[-51.06709,-16.5336],[-51.0635,-16.53141],[-51.07161,-16.5309],[-51.0752,-16.52447],[-51.07042,-16.52019],[-51.09264,-16.51329],[-51.12622,-16.51551],[-51.14337,-16.51031],[-51.17326,-16.51977],[-51.1842,-16.53133],[-51.19786,-16.52521],[-51.20082,-16.51769],[-51.20617,-16.52052],[-51.21948,-16.50377],[-51.23162,-16.50463],[-51.23706,-16.49973],[-51.23373,-16.49513],[-51.23715,-16.48903],[-51.24692,-16.48903],[-51.24884,-16.48103],[-51.26701,-16.47452],[-51.26101,-16.46704],[-51.27642,-16.44785],[-51.2847,-16.45785],[-51.28684,-16.45311],[-51.28914,-16.45863],[-51.29303,-16.45432],[-51.29956,-16.45599],[-51.30359,-16.46539],[-51.31579,-16.46192],[-51.31778,-16.47578],[-51.32829,-16.47242],[-51.33267,-16.47783],[-51.35221,-16.45587],[-51.35206,-16.45061],[-51.3589,-16.44846],[-51.3567,-16.44421],[-51.37273,-16.43227],[-51.37442,-16.42227],[-51.38753,-16.42614],[-51.3962,-16.4198],[-51.40056,-16.40442],[-51.40829,-16.40398],[-51.41551,-16.39484],[-51.41726,-16.38212],[-51.41057,-16.3801],[-51.41179,-16.37192],[-51.41826,-16.36959],[-51.42925,-16.35143],[-51.43956,-16.34924],[-51.42873,-16.32013],[-51.43301,-16.31646],[-51.42939,-16.31105],[-51.42023,-16.31449],[-51.40862,-16.30154],[-51.41234,-16.27846],[-51.40064,-16.26541],[-51.38736,-16.28051],[-51.36739,-16.2846],[-51.11207,-16.30683]]]},"properties":{"CD_MUN":"5210208","NM_MUN":"Iporá","SIGLA_UF":"GO"}},{"type":"Feature","geometry":{"type":"Polygon","coordinates":[[[-50.13911,-15.40038],[-50.13073,-15.3963],[-50.12512,-15.3798],[-50.11353,-15.37096],[-50.09317,-15.37101],[-50.08784,-15.36576],[-50.05262,-15.36628],[-50.04444,-15.35832],[-50.01681,-15.35908],[-50.013,-15.37309],[-50.006,-15.36955],[-49.99472,-15.37205],[-49.98644,-15.36601],[-49.97717,-15.37191],[-49.93783,-15.35844],[-49.933,-15.36693],[-49.92233,-15.36428],[-49.90811,-15.3709],[-49.91519,-15.38184],[-49.8817,-15.40207],[-49.8725,-15.39456],[-49.85972,-15.39309],[-49.86311,-15.41013],[-49.86067,-15.44977],[-49.87541,-15.46164],[-49.88644,-15.47862],[-49.88908,-15.50751],[-49.88111,-15.51952],[-49.86328,-15.52456],[-49.85436,-15.53352],[-49.84278,-15.5303],[-49.83686,-15.53852],[-49.81089,-15.53251],[-49.7885,-15.54038],[-49.77933,-15.53452],[-49.77278,-15.54616],[-49.76419,-15.53762],[-49.75767,-15.54149],[-49.73283,-15.52533],[-49.72897,-15.53017],[-49.72172,-15.52351],[-49.72825,-15.53494],[-49.7142,-15.5315],[-49.70617,-15.53439],[-49.69328,-15.55471],[-49.69866,-15.58205],[-49.70383,-15.58634],[-49.70147,-15.61141],[-49.72984,-15.6523],[-49.7355,-15.65154],[-49.73736,-15.64203],[-49.74545,-15.64883],[-49.74803,-15.66454],[-49.74995,-15.65771],[-49.76734,-15.66084],[-49.76473,-15.66697],[-49.77953,-15.67015],[-49.7842,-15.67987],[-49.79442,-15.68189],[-49.80054,-15.69236],[-49.8092,-15.69263],[-49.80976,-15.70484],[-49.81562,-15.70544],[-49.81806,-15.71167],[-49.84157,-15.7119],[-49.84459,-15.70736],[-49.84671,-15.72083],[-49.8531,-15.71998],[-49.85782,-15.7125],[-49.85379,-15.70033],[-49.86748,-15.71136],[-49.86895,-15.71864],[-49.87654,-15.7212],[-49.87365,-15.73202],[-49.89096,-15.73644],[-49.8999,-15.72706],[-49.90245,-15.73623],[-49.89257,-15.74312],[-49.89768,-15.75287],[-49.91787,-15.73908],[-49.93238,-15.74019],[-49.92685,-15.74632],[-49.93824,-15.74909],[-49.96793,-15.76634],[-49.98315,-15.76286],[-49.99613,-15.77445],[-50.02285,-15.78104],[-50.00799,-15.75891],[-49.99798,-15.73797],[-50.00561,-15.7089],[-49.99393,-15.67436],[-49.98966,-15.64011],[-50.01938,-15.58635],[-50.03469,-15.57606],[-50.03878,-15.58133],[-50.05126,-15.58371],[-50.06254,-15.59636],[-50.09748,-15.59871],[-50.10648,-15.61184],[-50.11537,-15.61342],[-50.12838,-15.60343],[-50.12713,-15.58846],[-50.13127,-15.58362],[-50.13629,-15.57089],[-50.15629,-15.56039],[-50.15209,-15.55006],[-50.15918,-15.54457],[-50.15565,-15.52685],[-50.16537,-15.52353],[-50.15296,-15.4881],[-50.15854,-15.47842],[-50.15784,-15.45868],[-50.16829,-15.45282],[-50.16457,-15.43128],[-50.15409,-15.4077],[-50.13911,-15.40038]]]},"properties":{"CD_MUN":"5211206","NM_MUN":"Itapuranga","SIGLA_UF":"GO"}},{"type":"Feature","geometry":{"type":"Polygon","coordinates":[[[-49.5497,-15.18392],[-49.53278,-15.18434],[-49.52403,-15.17265],[-49.51051,-15.18262],[-49.50556,-15.17849],[-49.49706,-15.20265],[-49.50987,-15.20852],[-49.51009,-15.22973],[-49.50373,-15.237],[-49.48459,-15.23614],[-49.49756,-15.2512],[-49.50526,-15.24832],[-49.51934,-15.27035],[-49.51282,-15.29105],[-49.49845,-15.29652],[-49.49759,-15.3111],[-49.48401,-15.32425],[-49.49193,-15.3439],[-49.49009,-15.35121],[-49.45579,-15.37941],[-49.46518,-15.40848],[-49.46065,-15.42202],[-49.4629,-15.43139],[-49.4826,-15.43318],[-49.50154,-15.44123],[-49.51018,-15.43794],[-49.52535,-15.45026],[-49.53915,-15.44766],[-49.54127,-15.44374],[-49.55754,-15.44469],[-49.55438,-15.45718],[-49.5591,-15.46053],[-49.56174,-15.45021],[-49.56943,-15.45534],[-49.57682,-15.44342],[-49.58485,-15.44707],[-49.58485,-15.43741],[-49.57921,-15.43431],[-49.58604,-15.42588],[-49.5879,-15.41014],[-49.60602,-15.40842],[-49.60593,-15.38511],[-49.59965,-15.38864],[-49.58782,-15.37649],[-49.59179,-15.35394],[-49.59101,-15.34098],[-49.57512,-15.33627],[-49.5894,-15.31952],[-49.58849,-15.31017],[-49.57381,-15.3013],[-49.5674,-15.28114],[-49.55553,-15.27793],[-49.55026,-15.26221],[-49.56515,-15.24194],[-49.54831,-15.20594],[-49.5497,-15.18392]]]},"properties":{"CD_MUN":"5218607","NM_MUN":"Rialma","SIGLA_UF":"GO"}},{"type":"Feature","geometry":{"type":"Polygon","coordinates":[[[-50.58444,-18.13797],[-50.5641,-18.15569],[-50.56066,-18.17126],[-50.53678,-18.18154],[-50.52939,-18.174],[-50.52039,-18.17498],[-50.51486,-18.18801],[-50.51908,-18.2075],[-50.51147,-18.21473],[-50.4903,-18.21235],[-50.46669,-18.22505],[-50.45583,-18.22114],[-50.44719,-18.23],[-50.40924,-18.23328],[-50.39986,-18.24459],[-50.3768,-18.24277],[-50.371,-18.23093],[-50.35194,-18.21919],[-50.33957,-18.20296],[-50.31716,-18.21046],[-50.30169,-18.19861],[-50.28955,-18.19824],[-50.27621,-18.17793],[-50.2529,-18.1682],[-50.23276,-18.13697],[-50.22479,-18.13656],[-50.21045,-18.14645],[-50.20282,-18.13725],[-50.18501,-18.14161],[-50.17721,-18.15255],[-50.16123,-18.15764],[-50.15482,-18.16538],[-50.15443,-18.17708],[-50.16774,-18.19368],[-50.16682,-18.20093],[-50.14312,-18.20317],[-50.12487,-18.18124],[-50.11701,-18.18139],[-50.12823,-18.21676],[-50.12868,-18.24078],[-50.1144,-18.24749],[-50.09854,-18.24558],[-50.09565,-18.25267],[-50.09807,-18.27432],[-50.10571,-18.28234],[-50.11746,-18.31237],[-50.10874,-18.32498],[-50.12282,-18.33201],[-50.13627,-18.32522],[-50.14743,-18.33703],[-50.15966,-18.33433],[-50.16513,-18.34154],[-50.23541,-18.36059],[-50.25013,-18.37301],[-50.28805,-18.37819],[-50.27025,-18.40931],[-50.26722,-18.44986],[-50.27069,-18.45727],[-50.26247,-18.46321],[-50.26784,-18.48439],[-50.26631,-18.51563],[-50.2727,-18.52221],[-50.28803,-18.51669],[-50.28939,-18.52344],[-50.28667,-18.52935],[-50.27303,-18.53093],[-50.26806,-18.57485],[-50.26159,-18.57895],[-50.25912,-18.58578],[-50.26342,-18.59159],[-50.25695,-18.59606],[-50.26245,-18.60362],[-50.26,-18.60982],[-50.24884,-18.61498],[-50.24981,-18.62488],[-50.24562,-18.62152],[-50.24081,-18.62675],[-50.25328,-18.64436],[-50.25075,-18.64983],[-50.26042,-18.65124],[-50.26971,-18.68419],[-50.31423,-18.70076],[-50.35207,-18.76031],[-50.36421,-18.76149],[-50.39185,-18.74865],[-50.40537,-18.73664],[-50.42043,-18.73537],[-50.4264,-18.72136],[-50.42071,-18.71045],[-50.42693,-18.7086],[-50.4276,-18.70164],[-50.43963,-18.70364],[-50.48852,-18.68022],[-50.49599,-18.66308],[-50.52313,-18.63798],[-50.52085,-18.62111],[-50.54957,-18.61413],[-50.58632,-18.67913],[-50.58994,-18.69654],[-50.59127,-18.71268],[-50.5853,-18.72229],[-50.58805,-18.73208],[-50.57871,-18.73835],[-50.58177,-18.74678],[-50.57274,-18.74723],[-50.56913,-18.77072],[-50.58891,-18.76781],[-50.609,-18.75302],[-50.62919,-18.75428],[-50.63127,-18.74475],[-50.6428,-18.74901],[-50.64041,-18.75472],[-50.64516,-18.75745],[-50.65117,-18.74665],[-50.66525,-18.74274],[-50.67439,-18.74654],[-50.67447,-18.7304],[-50.68455,-18.73474],[-50.68264,-18.72378],[-50.69216,-18.72748],[-50.69483,-18.72168],[-50.70378,-18.72031],[-50.72438,-18.69444],[-50.74113,-18.68844],[-50.74169,-18.68364],[-50.75569,-18.68488],[-50.784,-18.65567],[-50.79158,-18.6453],[-50.80119,-18.65046],[-50.81528,-18.64581],[-50.82622,-18.64779],[-50.83314,-18.64433],[-50.83039,-18.6369],[-50.84236,-18.63751],[-50.85061,-18.62517],[-50.8583,-18.6208],[-50.86242,-18.62442],[-50.86725,-18.61779],[-50.86381,-18.60438],[-50.8708,-18.59502],[-50.90469,-18.56893],[-50.92361,-18.56317],[-50.93697,-18.54628],[-50.96033,-18.53235],[-50.96625,-18.51275],[-50.95274,-18.5049],[-50.9345,-18.50675],[-50.93269,-18.50051],[-50.92777,-18.49256],[-50.90071,-18.47996],[-50.89124,-18.44835],[-50.85771,-18.45322],[-50.83619,-18.44097],[-50.8063,-18.43443],[-50.78979,-18.42146],[-50.77668,-18.42516],[-50.75277,-18.41789],[-50.76449,-18.39652],[-50.76257,-18.39027],[-50.77387,-18.38457],[-50.77418,-18.37425],[-50.80807,-18.35824],[-50.82543,-18.35762],[-50.82343,-18.35101],[-50.82932,-18.35219],[-50.83929,-18.33625],[-50.84546,-18.33417],[-50.84682,-18.30971],[-50.85857,-18.2993],[-50.82029,-18.27192],[-50.80154,-18.2344],[-50.82195,-18.20814],[-50.82298,-18.19093],[-50.81487,-18.1738],[-50.77581,-18.17585],[-50.75059,-18.19004],[-50.73778,-18.18913],[-50.72387,-18.17932],[-50.70831,-18.18655],[-50.69258,-18.18717],[-50.68622,-18.1954],[-50.67609,-18.19385],[-50.67617,-18.19031],[-50.66355,-18.19165],[-50.6075,-18.16909],[-50.60183,-18.16373],[-50.59986,-18.15042],[-50.58444,-18.13797]]]},"properties":{"CD_MUN":"5218508","NM_MUN":"Quirinópolis","SIGLA_UF":"GO"}},{"type":"Feature","geometry":{"type":"Polygon","coordinates":[[[-49.32044,-17.13115],[-49.29405,-17.10974],[-49.28277,-17.1077],[-49.26421,-17.09482],[-49.23135,-17.08255],[-49.22446,-17.08429],[-49.21187,-17.11995],[-49.21651,-17.14653],[-49.20956,-17.18994],[-49.19652,-17.19177],[-49.19624,-17.20758],[-49.18514,-17.21554],[-49.17853,-17.24846],[-49.16892,-17.26966],[-49.17675,-17.27126],[-49.17986,-17.28681],[-49.18933,-17.29657],[-49.18128,-17.30065],[-49.1964,-17.31541],[-49.19014,-17.31871],[-49.20554,-17.32562],[-49.1962,-17.33456],[-49.19475,-17.34457],[-49.19971,-17.35341],[-49.22458,-17.35283],[-49.24831,-17.34445],[-49.24488,-17.36941],[-49.22317,-17.39793],[-49.23076,-17.45057],[-49.26312,-17.4597],[-49.26207,-17.47272],[-49.27336,-17.46846],[-49.27684,-17.47284],[-49.29373,-17.4572],[-49.29228,-17.43912],[-49.3054,-17.43446],[-49.29559,-17.42055],[-49.30384,-17.41082],[-49.29609,-17.40649],[-49.29864,-17.40102],[-49.2927,-17.39753],[-49.29198,-17.39035],[-49.29931,-17.38661],[-49.29653,-17.38047],[-49.30034,-17.37284],[-49.29789,-17.36389],[-49.29395,-17.36686],[-49.29128,-17.36142],[-49.29695,-17.35732],[-49.29356,-17.35327],[-49.29859,-17.34357],[-49.2887,-17.33799],[-49.29345,-17.33533],[-49.29375,-17.32072],[-49.30539,-17.31288],[-49.29345,-17.30577],[-49.29467,-17.29458],[-49.283,-17.28571],[-49.28678,-17.28024],[-49.28053,-17.27757],[-49.27678,-17.25331],[-49.26494,-17.24634],[-49.26705,-17.24286],[-49.26089,-17.2379],[-49.26383,-17.22103],[-49.26928,-17.21616],[-49.25664,-17.20003],[-49.26324,-17.19428],[-49.26369,-17.18517],[-49.27144,-17.18375],[-49.27641,-17.15967],[-49.28455,-17.15702],[-49.29908,-17.14113],[-49.318,-17.13827],[-49.32044,-17.13115]]]},"properties":{"CD_MUN":"5218391","NM_MUN":"Professor Jamil","SIGLA_UF":"GO"}},{"type":"Feature","geometry":{"type":"Polygon","coordinates":[[[-51.11876,-15.43658],[-50.92645,-15.44927],[-50.9212,-15.44945],[-50.92253,-15.45429],[-50.9174,-15.45455],[-50.90662,-15.47411],[-50.88984,-15.467],[-50.89062,-15.47235],[-50.88229,-15.4716],[-50.8727,-15.48173],[-50.87645,-15.48455],[-50.87329,-15.49748],[-50.864,-15.49427],[-50.8542,-15.50253],[-50.84245,-15.49724],[-50.85039,-15.49677],[-50.84867,-15.48987],[-50.84218,-15.49311],[-50.8427,-15.48426],[-50.82636,-15.47077],[-50.81734,-15.47069],[-50.81656,-15.46647],[-50.80914,-15.4698],[-50.80111,-15.48462],[-50.79673,-15.48043],[-50.78817,-15.48884],[-50.77947,-15.48019],[-50.77976,-15.49742],[-50.77389,-15.4912],[-50.75756,-15.48792],[-50.73845,-15.4928],[-50.6959,-15.54305],[-50.68003,-15.57445],[-50.65586,-15.57516],[-50.64862,-15.59323],[-50.63556,-15.59638],[-50.64667,-15.6077],[-50.62183,-15.61331],[-50.62423,-15.62444],[-50.61539,-15.62918],[-50.61628,-15.64582],[-50.60245,-15.64195],[-50.599,-15.64554],[-50.60195,-15.65976],[-50.59831,-15.6652],[-50.61342,-15.66624],[-50.6117,-15.68524],[-50.62798,-15.68401],[-50.62337,-15.69249],[-50.61059,-15.69585],[-50.61701,-15.70958],[-50.61326,-15.7181],[-50.61881,-15.72624],[-50.61298,-15.73082],[-50.60809,-15.72785],[-50.57817,-15.73373],[-50.57137,-15.76004],[-50.52395,-15.78416],[-50.50323,-15.81922],[-50.51262,-15.83303],[-50.50837,-15.85572],[-50.51456,-15.87428],[-50.50018,-15.88162],[-50.48998,-15.89062],[-50.49632,-15.89918],[-50.49065,-15.91569],[-50.47924,-15.91624],[-50.46407,-15.94228],[-50.46721,-15.95464],[-50.49002,-15.97117],[-50.48715,-15.98492],[-50.50199,-15.9951],[-50.50588,-16.0083],[-50.55535,-16.0286],[-50.57508,-16.04242],[-50.58105,-16.04107],[-50.59191,-16.00582],[-50.6033,-16.00066],[-50.61785,-15.96516],[-50.68308,-15.95211],[-50.67943,-15.94302],[-50.6838,-15.93667],[-50.68377,-15.90987],[-50.71077,-15.8999],[-50.7143,-15.88388],[-50.72313,-15.87709],[-50.74188,-15.89989],[-50.74613,-15.92273],[-50.77302,-15.92458],[-50.76294,-15.8987],[-50.77391,-15.87562],[-50.78518,-15.86487],[-50.78141,-15.84733],[-50.78596,-15.82998],[-50.79957,-15.8207],[-50.80802,-15.80147],[-50.83013,-15.78867],[-50.84332,-15.79123],[-50.86663,-15.78927],[-50.87177,-15.78252],[-50.87797,-15.78784],[-50.88716,-15.78436],[-50.89285,-15.77186],[-50.8948,-15.77482],[-50.9131,-15.77076],[-50.91383,-15.75716],[-50.94483,-15.73181],[-50.94332,-15.72556],[-50.99783,-15.7149],[-51.00846,-15.70218],[-51.01294,-15.7032],[-51.02024,-15.6748],[-51.01513,-15.66995],[-51.02655,-15.65608],[-51.01882,-15.63929],[-51.02282,-15.63639],[-51.02027,-15.62716],[-51.02891,-15.61903],[-51.02877,-15.61421],[-51.0233,-15.61508],[-51.02629,-15.60825],[-51.03508,-15.60539],[-51.03996,-15.58654],[-51.04629,-15.58052],[-51.04171,-15.56943],[-51.04704,-15.56294],[-51.05419,-15.56557],[-51.04468,-15.55609],[-51.05354,-15.54632],[-51.05904,-15.52585],[-51.05332,-15.51918],[-51.06329,-15.50309],[-51.06951,-15.50133],[-51.07163,-15.50628],[-51.07577,-15.50176],[-51.07355,-15.49675],[-51.08515,-15.49392],[-51.08137,-15.48493],[-51.09143,-15.47937],[-51.09887,-15.45341],[-51.10873,-15.44314],[-51.1174,-15.44564],[-51.11876,-15.43658]]]},"properties":{"CD_MUN":"5211008","NM_MUN":"Itapirapuã","SIGLA_UF":"GO"}},{"type":"Feature","geometry":{"type":"Polygon","coordinates":[[[-49.81462,-16.39811],[-49.80857,-16.4044],[-49.78809,-16.40851],[-49.77215,-16.42625],[-49.77451,-16.43628],[-49.7677,-16.43394],[-49.77324,-16.44942],[-49.7484,-16.46579],[-49.72006,-16.47302],[-49.70879,-16.4674],[-49.69642,-16.47177],[-49.6962,-16.50109],[-49.6912,-16.50699],[-49.69551,-16.52194],[-49.69851,-16.52904],[-49.70634,-16.53204],[-49.73057,-16.5797],[-49.74849,-16.5749],[-49.77271,-16.5551],[-49.79732,-16.51747],[-49.83302,-16.51763],[-49.83132,-16.49709],[-49.84021,-16.484],[-49.83415,-16.47046],[-49.81479,-16.46468],[-49.81385,-16.46081],[-49.82268,-16.45866],[-49.83109,-16.44523],[-49.81795,-16.42],[-49.81462,-16.39811]]]},"properties":{"CD_MUN":"5202809","NM_MUN":"Avelinópolis","SIGLA_UF":"GO"}},{"type":"Feature","geometry":{"type":"Polygon","coordinates":[[[-49.32454,-14.99096],[-49.28954,-14.9921],[-49.29024,-15.00048],[-49.29196,-15.03354],[-49.30246,-15.05637],[-49.29946,-15.06849],[-49.30835,-15.06902],[-49.31027,-15.07821],[-49.30616,-15.10206],[-49.31277,-15.14295],[-49.30819,-15.17087],[-49.32664,-15.21267],[-49.32364,-15.23449],[-49.34098,-15.26613],[-49.34286,-15.29565],[-49.35381,-15.31977],[-49.36028,-15.32432],[-49.3532,-15.32963],[-49.35414,-15.34028],[-49.34831,-15.33849],[-49.34251,-15.3436],[-49.3147,-15.33991],[-49.30614,-15.32936],[-49.28745,-15.32607],[-49.28028,-15.33897],[-49.26281,-15.33893],[-49.2597,-15.35214],[-49.2755,-15.35711],[-49.28539,-15.36845],[-49.28551,-15.37617],[-49.2762,-15.38753],[-49.29745,-15.41102],[-49.29525,-15.41542],[-49.28932,-15.42827],[-49.29142,-15.43323],[-49.28362,-15.43735],[-49.30287,-15.46615],[-49.31009,-15.467],[-49.31368,-15.49191],[-49.33151,-15.48404],[-49.34329,-15.47875],[-49.34464,-15.46751],[-49.32881,-15.45906],[-49.32728,-15.45251],[-49.33284,-15.4489],[-49.3514,-15.45055],[-49.35929,-15.44481],[-49.36354,-15.43018],[-49.38532,-15.43981],[-49.40795,-15.43929],[-49.42512,-15.42947],[-49.4629,-15.43139],[-49.46065,-15.42202],[-49.46518,-15.40848],[-49.45579,-15.37941],[-49.49009,-15.35121],[-49.49193,-15.3439],[-49.48401,-15.32425],[-49.49759,-15.3111],[-49.49845,-15.29652],[-49.51282,-15.29105],[-49.51934,-15.27035],[-49.50526,-15.24832],[-49.49756,-15.2512],[-49.48459,-15.23614],[-49.50373,-15.237],[-49.51009,-15.22973],[-49.50987,-15.20852],[-49.49706,-15.20265],[-49.50556,-15.17849],[-49.50181,-15.16835],[-49.48211,-15.17663],[-49.47464,-15.15584],[-49.47864,-15.13982],[-49.49531,-15.14338],[-49.50475,-15.13083],[-49.49564,-15.13364],[-49.47084,-15.12478],[-49.46458,-15.10759],[-49.45403,-15.09996],[-49.44839,-15.10108],[-49.44269,-15.11668],[-49.41292,-15.0922],[-49.40066,-15.09749],[-49.39292,-15.07895],[-49.39825,-15.0672],[-49.3875,-15.05721],[-49.38741,-15.04939],[-49.36611,-15.04273],[-49.32805,-15.00043],[-49.32454,-14.99096]]]},"properties":{"CD_MUN":"5219357","NM_MUN":"Santa Isabel","SIGLA_UF":"GO"}},{"type":"Feature","geometry":{"type":"Polygon","coordinates":[[[-49.6453,-14.84067],[-49.63749,-14.81737],[-49.62985,-14.81311],[-49.60947,-14.81391],[-49.59252,-14.80375],[-49.58616,-14.81064],[-49.55551,-14.8127],[-49.54535,-14.82139],[-49.52955,-14.81466],[-49.51657,-14.83523],[-49.50696,-14.83938],[-49.4873,-14.83832],[-49.47421,-14.85282],[-49.47482,-14.86317],[-49.46624,-14.86245],[-49.45338,-14.87151],[-49.44474,-14.87005],[-49.44418,-14.86152],[-49.43215,-14.84857],[-49.40868,-14.84861],[-49.41899,-14.8783],[-49.44119,-14.88666],[-49.41854,-14.90205],[-49.41896,-14.92055],[-49.43194,-14.95711],[-49.42705,-14.95872],[-49.42782,-14.97035],[-49.43274,-14.98714],[-49.44057,-14.99102],[-49.43475,-14.99806],[-49.4406,-15.00323],[-49.45077,-14.99922],[-49.4563,-15.00622],[-49.46101,-14.99267],[-49.47185,-15.00196],[-49.47827,-14.99573],[-49.49388,-14.99869],[-49.50372,-14.99516],[-49.50778,-15.00202],[-49.5213,-15.00278],[-49.53,-14.98938],[-49.54175,-14.98586],[-49.54266,-14.99402],[-49.55702,-14.9934],[-49.56153,-15.0086],[-49.57356,-15.01181],[-49.57427,-15.01784],[-49.58183,-15.02059],[-49.58231,-15.03],[-49.58781,-15.02988],[-49.5895,-15.03869],[-49.60822,-15.04306],[-49.61364,-15.03942],[-49.64383,-15.04736],[-49.64386,-15.05296],[-49.65003,-15.05005],[-49.67145,-15.06159],[-49.66528,-15.06392],[-49.66692,-15.06829],[-49.67658,-15.07254],[-49.68323,-15.07015],[-49.68653,-15.08084],[-49.69734,-15.06246],[-49.70556,-15.06283],[-49.70803,-15.06836],[-49.72767,-15.06664],[-49.73309,-15.07534],[-49.752,-15.08577],[-49.76293,-15.07884],[-49.76401,-15.07094],[-49.79176,-15.08365],[-49.79654,-15.07762],[-49.81715,-15.08665],[-49.82387,-15.08232],[-49.8371,-15.06008],[-49.85129,-15.05474],[-49.85134,-15.02708],[-49.83668,-15.00387],[-49.85337,-15.00021],[-49.85892,-14.98214],[-49.85061,-14.9826],[-49.84978,-14.97489],[-49.83811,-14.96384],[-49.84575,-14.95287],[-49.84259,-14.94635],[-49.8492,-14.94163],[-49.84445,-14.9159],[-49.84967,-14.90964],[-49.84295,-14.90584],[-49.85023,-14.90085],[-49.84517,-14.89976],[-49.84295,-14.8926],[-49.84872,-14.88336],[-49.83792,-14.87629],[-49.84303,-14.86152],[-49.83808,-14.85898],[-49.84283,-14.85399],[-49.83678,-14.85119],[-49.83872,-14.84258],[-49.83378,-14.84095],[-49.83742,-14.83424],[-49.83556,-14.82391],[-49.82828,-14.81721],[-49.8295,-14.80497],[-49.82419,-14.79926],[-49.81842,-14.80089],[-49.8145,-14.79193],[-49.82491,-14.78956],[-49.82436,-14.78159],[-49.81691,-14.7795],[-49.8155,-14.7689],[-49.79875,-14.76936],[-49.77555,-14.75559],[-49.77127,-14.76293],[-49.77733,-14.78531],[-49.78869,-14.79003],[-49.79483,-14.78531],[-49.79883,-14.7903],[-49.79297,-14.79619],[-49.79289,-14.80879],[-49.8065,-14.82791],[-49.801,-14.83362],[-49.81533,-14.8425],[-49.80955,-14.84458],[-49.81533,-14.8493],[-49.81031,-14.85111],[-49.81489,-14.86833],[-49.81395,-14.88826],[-49.80809,-14.89923],[-49.81928,-14.93204],[-49.81267,-14.94074],[-49.78612,-14.9276],[-49.76803,-14.93567],[-49.76905,-14.91818],[-49.75255,-14.90848],[-49.73736,-14.9131],[-49.68797,-14.85754],[-49.67438,-14.8569],[-49.67066,-14.83424],[-49.66283,-14.83768],[-49.66141,-14.84403],[-49.6453,-14.84067]]]},"properties":{"CD_MUN":"5210901","NM_MUN":"Itapaci","SIGLA_UF":"GO"}},{"type":"Feature","geometry":{"type":"Polygon","coordinates":[[[-50.55844,-17.59603],[-50.54661,-17.60445],[-50.52081,-17.64649],[-50.49711,-17.6516],[-50.48233,-17.64955],[-50.47664,-17.65703],[-50.47656,-17.66905],[-50.46459,-17.68075],[-50.46706,-17.69759],[-50.45533,-17.7048],[-50.46159,-17.71832],[-50.45675,-17.72703],[-50.44014,-17.72275],[-50.41589,-17.70056],[-50.40125,-17.69805],[-50.40191,-17.70766],[-50.419,-17.71367],[-50.42384,-17.73197],[-50.45248,-17.74169],[-50.45142,-17.75399],[-50.4402,-17.75416],[-50.43461,-17.76219],[-50.44106,-17.7999],[-50.41856,-17.8193],[-50.41226,-17.83088],[-50.40637,-17.83006],[-50.39681,-17.83817],[-50.40206,-17.8447],[-50.41561,-17.84789],[-50.42351,-17.88089],[-50.40398,-17.89909],[-50.39879,-17.89639],[-50.39923,-17.87996],[-50.36964,-17.89377],[-50.37134,-17.9008],[-50.3849,-17.9039],[-50.38693,-17.91306],[-50.36331,-17.91603],[-50.36407,-17.93043],[-50.35045,-17.93434],[-50.34509,-17.94235],[-50.36101,-17.94755],[-50.37273,-17.93266],[-50.38376,-17.93703],[-50.39812,-17.92859],[-50.42032,-17.94699],[-50.44076,-17.94107],[-50.46734,-17.95187],[-50.48012,-17.95066],[-50.4886,-17.94445],[-50.49935,-17.95058],[-50.52574,-17.95053],[-50.54652,-17.9664],[-50.56757,-17.97004],[-50.5881,-17.98106],[-50.62524,-17.97974],[-50.64197,-17.97277],[-50.66727,-17.97608],[-50.70027,-17.97122],[-50.68752,-17.9129],[-50.65746,-17.88827],[-50.64149,-17.86319],[-50.65368,-17.87119],[-50.65932,-17.8629],[-50.66735,-17.86352],[-50.6756,-17.84585],[-50.69988,-17.84179],[-50.70454,-17.84508],[-50.73457,-17.83176],[-50.74451,-17.83222],[-50.75415,-17.8075],[-50.76618,-17.80079],[-50.77471,-17.78659],[-50.76996,-17.76946],[-50.77357,-17.74175],[-50.75801,-17.72398],[-50.73668,-17.71453],[-50.72182,-17.69932],[-50.70076,-17.65952],[-50.66473,-17.65096],[-50.66348,-17.63837],[-50.64525,-17.63305],[-50.63506,-17.62379],[-50.62428,-17.62507],[-50.61767,-17.63257],[-50.6015,-17.61574],[-50.60372,-17.61156],[-50.58364,-17.60915],[-50.56144,-17.59303],[-50.55844,-17.59603]]]},"properties":{"CD_MUN":"5219308","NM_MUN":"Santa Helena de Goiás","SIGLA_UF":"GO"}},{"type":"Feature","geometry":{"type":"Polygon","coordinates":[[[-48.60606,-17.22288],[-48.45522,-17.20096],[-48.4515,-17.21211],[-48.41125,-17.23064],[-48.40405,-17.23896],[-48.41105,-17.24079],[-48.42663,-17.26008],[-48.4055,-17.28239],[-48.423,-17.31947],[-48.43661,-17.32294],[-48.43836,-17.32776],[-48.43058,-17.33979],[-48.41417,-17.34263],[-48.44525,-17.43726],[-48.43759,-17.45231],[-48.44159,-17.49612],[-48.45918,-17.51364],[-48.47579,-17.55572],[-48.50232,-17.57377],[-48.50987,-17.56959],[-48.49809,-17.5533],[-48.50621,-17.53311],[-48.50498,-17.52226],[-48.5169,-17.51492],[-48.50584,-17.51401],[-48.50976,-17.4996],[-48.49892,-17.49274],[-48.52215,-17.48101],[-48.53629,-17.47814],[-48.54674,-17.48228],[-48.58104,-17.47666],[-48.59851,-17.48453],[-48.6054,-17.47682],[-48.61449,-17.47628],[-48.70241,-17.49645],[-48.70532,-17.48335],[-48.71141,-17.4827],[-48.71974,-17.47225],[-48.73293,-17.44772],[-48.74668,-17.43956],[-48.75299,-17.42506],[-48.76885,-17.41923],[-48.77568,-17.41075],[-48.78151,-17.38938],[-48.79796,-17.38868],[-48.79379,-17.35385],[-48.75373,-17.27997],[-48.70286,-17.23822],[-48.60606,-17.22288]]]},"properties":{"CD_MUN":"5219209","NM_MUN":"Santa Cruz de Goiás","SIGLA_UF":"GO"}},{"type":"Feature","geometry":{"type":"Polygon","coordinates":[[[-51.23135,-15.48415],[-51.2166,-15.47944],[-51.21321,-15.47091],[-51.20088,-15.46867],[-51.18771,-15.45093],[-51.18193,-15.45135],[-51.17338,-15.44206],[-51.14318,-15.43229],[-51.14168,-15.4186],[-51.1229,-15.41886],[-51.12693,-15.43038],[-51.1164,-15.42887],[-51.11876,-15.43658],[-51.1174,-15.44564],[-51.10873,-15.44314],[-51.09887,-15.45341],[-51.09143,-15.47937],[-51.08137,-15.48493],[-51.08515,-15.49392],[-51.07355,-15.49675],[-51.07577,-15.50176],[-51.07163,-15.50628],[-51.06951,-15.50133],[-51.06329,-15.50309],[-51.05332,-15.51918],[-51.05904,-15.52585],[-51.05354,-15.54632],[-51.04468,-15.55609],[-51.05419,-15.56557],[-51.04704,-15.56294],[-51.04171,-15.56943],[-51.04629,-15.58052],[-51.03996,-15.58654],[-51.03508,-15.60539],[-51.02629,-15.60825],[-51.0233,-15.61508],[-51.02877,-15.61421],[-51.02891,-15.61903],[-51.02027,-15.62716],[-51.02282,-15.63639],[-51.01882,-15.63929],[-51.02655,-15.65608],[-51.01513,-15.66995],[-51.02024,-15.6748],[-51.01294,-15.7032],[-51.00846,-15.70218],[-50.99783,-15.7149],[-50.98863,-15.73904],[-50.99364,-15.74186],[-51.00425,-15.77776],[-51.02636,-15.78511],[-51.04545,-15.8],[-51.04836,-15.81749],[-51.05539,-15.82501],[-51.05714,-15.84438],[-51.05047,-15.8523],[-51.04831,-15.86622],[-51.05642,-15.87966],[-51.05339,-15.88404],[-51.07017,-15.88463],[-51.11859,-15.90785],[-51.12942,-15.89141],[-51.12319,-15.87049],[-51.13253,-15.862],[-51.134,-15.84117],[-51.15525,-15.81962],[-51.15684,-15.79825],[-51.18845,-15.80463],[-51.20317,-15.80344],[-51.21131,-15.79764],[-51.24445,-15.8065],[-51.29084,-15.77937],[-51.32526,-15.75204],[-51.33995,-15.73323],[-51.35662,-15.72618],[-51.38337,-15.72425],[-51.39125,-15.69621],[-51.40476,-15.68455],[-51.41773,-15.68203],[-51.43453,-15.66526],[-51.43745,-15.62632],[-51.44464,-15.60761],[-51.4092,-15.61325],[-51.39842,-15.62887],[-51.38462,-15.63455],[-51.38798,-15.62764],[-51.38509,-15.61169],[-51.37103,-15.59722],[-51.31969,-15.62443],[-51.24214,-15.6776],[-51.1745,-15.65304],[-51.24322,-15.54143],[-51.23135,-15.48415]]]},"properties":{"CD_MUN":"5219258","NM_MUN":"Santa Fé de Goiás","SIGLA_UF":"GO"}},{"type":"Feature","geometry":{"type":"Polygon","coordinates":[[[-51.66431,-18.78139],[-51.64898,-18.79388],[-51.64309,-18.79372],[-51.64075,-18.78724],[-51.63275,-18.79352],[-51.63011,-18.78598],[-51.61261,-18.78995],[-51.61686,-18.7988],[-51.61039,-18.80605],[-51.60408,-18.80183],[-51.60498,-18.79732],[-51.59586,-18.79457],[-51.59142,-18.80269],[-51.59417,-18.80758],[-51.58692,-18.80976],[-51.57936,-18.8221],[-51.58681,-18.82538],[-51.5645,-18.83382],[-51.55864,-18.83297],[-51.5567,-18.82668],[-51.55242,-18.82882],[-51.54317,-18.8439],[-51.53053,-18.84396],[-51.53439,-18.8513],[-51.52392,-18.85238],[-51.52478,-18.86013],[-51.51161,-18.86316],[-51.50397,-18.85863],[-51.49503,-18.88052],[-51.4895,-18.87637],[-51.4802,-18.88246],[-51.46992,-18.87196],[-51.46162,-18.87391],[-51.45325,-18.88624],[-51.43153,-18.89085],[-51.4275,-18.8974],[-51.43817,-18.90922],[-51.43795,-18.91681],[-51.43337,-18.91795],[-51.423,-18.90566],[-51.40625,-18.90951],[-51.38014,-18.92051],[-51.37945,-18.94097],[-51.35747,-18.93436],[-51.35664,-18.94409],[-51.35009,-18.9455],[-51.34786,-18.95526],[-51.33008,-18.95129],[-51.33055,-18.96219],[-51.32472,-18.96814],[-51.31575,-18.96245],[-51.311,-18.96326],[-51.31033,-18.97009],[-51.30486,-18.96801],[-51.30056,-18.98494],[-51.3118,-19.00192],[-51.30836,-19.00825],[-51.29181,-19.00495],[-51.29322,-19.01811],[-51.27669,-19.01458],[-51.2815,-19.02286],[-51.273,-19.02928],[-51.27053,-19.01852],[-51.25592,-19.02557],[-51.25381,-19.03383],[-51.24267,-19.02731],[-51.23866,-19.04501],[-51.22511,-19.03483],[-51.21692,-19.04536],[-51.21153,-19.04369],[-51.20995,-19.05681],[-51.206,-19.05071],[-51.20219,-19.0546],[-51.20086,-19.06094],[-51.20636,-19.06688],[-51.19694,-19.06822],[-51.18708,-19.0618],[-51.18825,-19.07195],[-51.17311,-19.06289],[-51.163,-19.07301],[-51.15358,-19.06992],[-51.15317,-19.0804],[-51.14728,-19.08406],[-51.14261,-19.09841],[-51.14939,-19.10076],[-51.14505,-19.10451],[-51.12489,-19.09742],[-51.12866,-19.10488],[-51.11872,-19.11073],[-51.12086,-19.11626],[-51.10775,-19.12065],[-51.10336,-19.127],[-51.09405,-19.12578],[-51.09511,-19.11755],[-51.08722,-19.11713],[-51.07939,-19.13323],[-51.05558,-19.13124],[-51.05797,-19.14004],[-51.05364,-19.15313],[-51.04139,-19.1515],[-51.03831,-19.16679],[-51.02847,-19.17211],[-51.01953,-19.15977],[-51.00972,-19.15931],[-51.00769,-19.16427],[-51.01541,-19.16978],[-51.01358,-19.17477],[-51.00625,-19.17873],[-51.00025,-19.17539],[-50.99436,-19.16776],[-50.98708,-19.16805],[-50.97652,-19.1836],[-50.96547,-19.18861],[-50.96036,-19.17647],[-50.95261,-19.17376],[-50.95114,-19.18738],[-50.9583,-19.19127],[-50.95842,-19.20189],[-50.93253,-19.2035],[-50.93283,-19.21003],[-50.92616,-19.21186],[-50.93094,-19.21757],[-50.9403,-19.21609],[-50.93403,-19.22346],[-50.91758,-19.21996],[-50.90555,-19.22325],[-50.89661,-19.24025],[-50.89769,-19.25705],[-50.877,-19.27197],[-50.88572,-19.28557],[-50.87453,-19.28251],[-50.8705,-19.27589],[-50.86602,-19.29088],[-50.85458,-19.29544],[-50.85289,-19.30888],[-50.82922,-19.31049],[-50.84006,-19.3513],[-50.87581,-19.41776],[-50.86837,-19.43393],[-50.83848,-19.45769],[-50.82473,-19.47505],[-50.82648,-19.48748],[-50.842,-19.49916],[-50.93479,-19.46749],[-50.93762,-19.45748],[-50.94651,-19.45291],[-50.95059,-19.44346],[-50.98509,-19.43139],[-50.98484,-19.41043],[-51.00026,-19.41274],[-51.00461,-19.41313],[-51.00492,-19.39938],[-51.03187,-19.40003],[-51.01779,-19.38388],[-51.02359,-19.38146],[-51.03273,-19.36167],[-51.04223,-19.36063],[-51.04242,-19.34669],[-51.05059,-19.33508],[-51.05762,-19.32946],[-51.06684,-19.33011],[-51.06761,-19.32494],[-51.0877,-19.3143],[-51.08775,-19.30834],[-51.10787,-19.3083],[-51.13289,-19.29719],[-51.14361,-19.28721],[-51.18117,-19.28311],[-51.18773,-19.26856],[-51.20276,-19.26124],[-51.20848,-19.26587],[-51.22406,-19.25819],[-51.22967,-19.26538],[-51.24073,-19.26907],[-51.24653,-19.26624],[-51.25201,-19.27408],[-51.25673,-19.26744],[-51.27454,-19.26212],[-51.27873,-19.25015],[-51.28592,-19.25266],[-51.29776,-19.23879],[-51.3077,-19.23795],[-51.30306,-19.22439],[-51.30759,-19.21854],[-51.33545,-19.22227],[-51.34378,-19.21394],[-51.36623,-19.22237],[-51.36926,-19.2207],[-51.36434,-19.21293],[-51.3749,-19.19465],[-51.39629,-19.19581],[-51.41104,-19.18178],[-51.40579,-19.17565],[-51.41645,-19.1743],[-51.42026,-19.16655],[-51.43787,-19.1717],[-51.44601,-19.15949],[-51.45684,-19.16296],[-51.45804,-19.16759],[-51.47403,-19.15406],[-51.4914,-19.16286],[-51.50023,-19.15813],[-51.50126,-19.14779],[-51.51126,-19.15107],[-51.52723,-19.13962],[-51.53957,-19.14332],[-51.5506,-19.14023],[-51.55437,-19.13248],[-51.57601,-19.13257],[-51.57645,-19.12656],[-51.57945,-19.13069],[-51.59229,-19.12742],[-51.59657,-19.13631],[-51.60899,-19.14088],[-51.61343,-19.13678],[-51.62368,-19.13803],[-51.63943,-19.12743],[-51.65774,-19.13792],[-51.69302,-19.11822],[-51.68657,-19.10174],[-51.69143,-19.08728],[-51.68671,-19.0736],[-51.6926,-19.06703],[-51.72388,-18.83316],[-51.70007,-18.80712],[-51.68212,-18.79895],[-51.66431,-18.78139]]]},"properties":{"CD_MUN":"5210802","NM_MUN":"Itajá","SIGLA_UF":"GO"}},{"type":"Feature","geometry":{"type":"Polygon","coordinates":[[[-50.59415,-16.50575],[-50.58306,-16.51021],[-50.57601,-16.50646],[-50.56437,-16.51657],[-50.56076,-16.5107],[-50.55548,-16.51907],[-50.55109,-16.52758],[-50.55463,-16.55336],[-50.5404,-16.54995],[-50.53598,-16.55833],[-50.53829,-16.57332],[-50.51498,-16.59206],[-50.51959,-16.60179],[-50.51473,-16.6045],[-50.52271,-16.61007],[-50.48368,-16.63735],[-50.49174,-16.65728],[-50.49015,-16.66345],[-50.47638,-16.67277],[-50.44993,-16.66513],[-50.43051,-16.64897],[-50.4289,-16.63552],[-50.41568,-16.62829],[-50.41095,-16.637],[-50.39121,-16.62943],[-50.38465,-16.63813],[-50.37393,-16.63491],[-50.36379,-16.65359],[-50.37143,-16.69159],[-50.3614,-16.69834],[-50.37693,-16.71785],[-50.40571,-16.71909],[-50.40507,-16.73304],[-50.42585,-16.74935],[-50.44886,-16.79716],[-50.47958,-16.80117],[-50.48146,-16.79755],[-50.50649,-16.81161],[-50.51646,-16.81095],[-50.52283,-16.8163],[-50.53569,-16.81367],[-50.55214,-16.82767],[-50.56933,-16.83123],[-50.57586,-16.84794],[-50.64089,-16.83498],[-50.62942,-16.81336],[-50.64842,-16.80284],[-50.62672,-16.78735],[-50.61691,-16.78721],[-50.61258,-16.77848],[-50.61508,-16.76607],[-50.60789,-16.75632],[-50.61455,-16.74584],[-50.60033,-16.71782],[-50.58696,-16.70955],[-50.58405,-16.69801],[-50.59627,-16.69004],[-50.59949,-16.67856],[-50.60743,-16.67387],[-50.6068,-16.63456],[-50.63771,-16.62032],[-50.65041,-16.62144],[-50.66057,-16.61191],[-50.65238,-16.59307],[-50.61646,-16.58931],[-50.59415,-16.50575]]]},"properties":{"CD_MUN":"5202601","NM_MUN":"Aurilândia","SIGLA_UF":"GO"}},{"type":"Feature","geometry":{"type":"Polygon","coordinates":[[[-49.73057,-16.5797],[-49.70634,-16.53204],[-49.69851,-16.52904],[-49.69551,-16.52194],[-49.68107,-16.53477],[-49.65884,-16.53843],[-49.65084,-16.54857],[-49.63831,-16.54259],[-49.62076,-16.55366],[-49.59473,-16.54556],[-49.60087,-16.56447],[-49.63688,-16.5959],[-49.64262,-16.61667],[-49.65401,-16.63006],[-49.65907,-16.66087],[-49.66952,-16.67196],[-49.68824,-16.67089],[-49.70615,-16.66302],[-49.71754,-16.67313],[-49.72755,-16.67012],[-49.71821,-16.64632],[-49.73016,-16.63804],[-49.72788,-16.63195],[-49.73332,-16.62872],[-49.72946,-16.62534],[-49.73024,-16.61184],[-49.73813,-16.60811],[-49.73218,-16.60779],[-49.72813,-16.60075],[-49.73057,-16.5797]]]},"properties":{"CD_MUN":"5219100","NM_MUN":"Santa Bárbara de Goiás","SIGLA_UF":"GO"}},{"type":"Feature","geometry":{"type":"Polygon","coordinates":[[[-50.2833,-16.89581],[-50.27696,-16.89955],[-50.26202,-16.89301],[-50.2541,-16.9013],[-50.22754,-16.90901],[-50.21332,-16.92207],[-50.19124,-16.91957],[-50.1759,-16.93344],[-50.15596,-16.9395],[-50.1434,-16.93236],[-50.12646,-16.94321],[-50.11666,-16.94308],[-50.1054,-16.95252],[-50.08768,-16.93673],[-50.09101,-16.9254],[-50.0876,-16.91999],[-50.06873,-16.91838],[-50.0379,-16.93468],[-50.03937,-16.94829],[-50.03409,-16.9606],[-50.06032,-16.99731],[-50.07066,-17.03557],[-50.08074,-17.04905],[-50.07376,-17.06601],[-50.07874,-17.07668],[-50.06779,-17.08307],[-50.10072,-17.12841],[-50.09735,-17.1431],[-50.10736,-17.16599],[-50.0996,-17.18063],[-50.10755,-17.20099],[-50.10669,-17.24532],[-50.12183,-17.26066],[-50.12244,-17.27278],[-50.14628,-17.29923],[-50.13895,-17.31363],[-50.14156,-17.33233],[-50.148,-17.33996],[-50.15703,-17.34309],[-50.16342,-17.35918],[-50.16884,-17.35878],[-50.17423,-17.35026],[-50.18554,-17.35119],[-50.19415,-17.35938],[-50.19664,-17.35458],[-50.20423,-17.364],[-50.20359,-17.3445],[-50.19909,-17.33932],[-50.19239,-17.34351],[-50.19528,-17.33265],[-50.17772,-17.32372],[-50.17217,-17.3155],[-50.17517,-17.30359],[-50.18722,-17.30174],[-50.18264,-17.29193],[-50.18606,-17.28175],[-50.1812,-17.27613],[-50.18623,-17.2685],[-50.19273,-17.27194],[-50.19975,-17.26715],[-50.20381,-17.27749],[-50.20001,-17.2964],[-50.20681,-17.29715],[-50.21164,-17.29182],[-50.22142,-17.29399],[-50.2242,-17.27945],[-50.23564,-17.28751],[-50.237,-17.27896],[-50.24498,-17.27122],[-50.22967,-17.25951],[-50.23764,-17.25495],[-50.23361,-17.23785],[-50.25067,-17.23386],[-50.24806,-17.22542],[-50.25973,-17.22499],[-50.25828,-17.21121],[-50.29592,-17.18182],[-50.28795,-17.17491],[-50.28578,-17.16504],[-50.27111,-17.15545],[-50.28514,-17.13799],[-50.29419,-17.1396],[-50.2955,-17.13222],[-50.28103,-17.12759],[-50.27883,-17.12206],[-50.28236,-17.1218],[-50.27339,-17.11434],[-50.28733,-17.10718],[-50.28325,-17.10184],[-50.29859,-17.10477],[-50.29736,-17.09084],[-50.29056,-17.08909],[-50.29339,-17.08497],[-50.28647,-17.07811],[-50.29956,-17.0818],[-50.30525,-17.07962],[-50.30791,-17.07107],[-50.29966,-17.05595],[-50.29367,-17.05774],[-50.28478,-17.04265],[-50.29139,-17.04027],[-50.29083,-17.03061],[-50.29791,-17.02176],[-50.29039,-17.00784],[-50.29555,-17.00285],[-50.29522,-16.99321],[-50.28011,-16.98111],[-50.27602,-16.97163],[-50.28452,-16.96457],[-50.27702,-16.94653],[-50.28952,-16.91444],[-50.28977,-16.90219],[-50.2833,-16.89581]]]},"properties":{"CD_MUN":"5211701","NM_MUN":"Jandaia","SIGLA_UF":"GO"}},{"type":"Feature","geometry":{"type":"Polygon","coordinates":[[[-49.54843,-18.20545],[-49.5431,-18.21755],[-49.5548,-18.21777],[-49.56394,-18.22483],[-49.5618,-18.26398],[-49.57824,-18.26865],[-49.56689,-18.27879],[-49.56778,-18.28469],[-49.57822,-18.28242],[-49.57566,-18.29492],[-49.58525,-18.28448],[-49.59486,-18.28963],[-49.57852,-18.30282],[-49.58019,-18.31916],[-49.58272,-18.31175],[-49.60147,-18.30464],[-49.61042,-18.29239],[-49.64091,-18.27604],[-49.696,-18.26077],[-49.70614,-18.22848],[-49.7273,-18.22701],[-49.75995,-18.21346],[-49.76539,-18.22021],[-49.79842,-18.23233],[-49.807,-18.22722],[-49.80867,-18.23312],[-49.8287,-18.2436],[-49.83481,-18.2518],[-49.84089,-18.24957],[-49.84764,-18.25969],[-49.86487,-18.26768],[-49.86681,-18.27568],[-49.87626,-18.28009],[-49.87742,-18.2898],[-49.91031,-18.29691],[-49.92057,-18.30985],[-49.92859,-18.30383],[-49.94079,-18.30997],[-49.94118,-18.3204],[-49.93573,-18.32771],[-49.95062,-18.33062],[-49.95437,-18.3379],[-49.96262,-18.33967],[-49.96246,-18.34937],[-49.96779,-18.34659],[-49.97554,-18.35018],[-49.97726,-18.36415],[-50.00904,-18.37136],[-50.01946,-18.38181],[-50.01735,-18.39252],[-50.02724,-18.39438],[-50.02946,-18.38693],[-50.03693,-18.38381],[-50.0399,-18.38778],[-50.04235,-18.38305],[-50.04713,-18.38926],[-50.05808,-18.35931],[-50.07599,-18.35857],[-50.09227,-18.33518],[-50.10874,-18.32498],[-50.11746,-18.31237],[-50.10571,-18.28234],[-50.09807,-18.27432],[-50.09565,-18.25267],[-50.09854,-18.24558],[-50.1144,-18.24749],[-50.12868,-18.24078],[-50.12823,-18.21676],[-50.11701,-18.18139],[-50.12487,-18.18124],[-50.14312,-18.20317],[-50.16682,-18.20093],[-50.16774,-18.19368],[-50.15443,-18.17708],[-50.15482,-18.16538],[-50.16123,-18.15764],[-50.17721,-18.15255],[-50.18501,-18.14161],[-50.18826,-18.13127],[-50.18143,-18.11753],[-50.16131,-18.11984],[-50.14201,-18.10481],[-50.13492,-18.11157],[-50.13701,-18.12279],[-50.11678,-18.11857],[-50.11028,-18.11226],[-50.10415,-18.11392],[-50.09651,-18.10726],[-50.09206,-18.12433],[-50.08592,-18.12709],[-50.07259,-18.11619],[-50.07851,-18.11018],[-50.07706,-18.10475],[-50.07006,-18.10841],[-50.06756,-18.10181],[-50.0389,-18.09381],[-50.04264,-18.10485],[-50.01606,-18.11198],[-50.00483,-18.12037],[-50.00584,-18.10043],[-50.00051,-18.10167],[-49.99295,-18.09758],[-49.97553,-18.1079],[-49.97981,-18.09243],[-49.9695,-18.08665],[-49.95928,-18.08822],[-49.95764,-18.07524],[-49.94644,-18.07817],[-49.94025,-18.07033],[-49.935,-18.07365],[-49.936,-18.06523],[-49.925,-18.06534],[-49.9263,-18.0552],[-49.91122,-18.04603],[-49.90777,-18.03558],[-49.89905,-18.03707],[-49.89899,-18.02764],[-49.89205,-18.03394],[-49.88441,-18.02809],[-49.87758,-18.0313],[-49.87013,-18.01077],[-49.86063,-18.0146],[-49.86402,-18.0059],[-49.84791,-18.0039],[-49.83546,-18.00917],[-49.83569,-18.03003],[-49.84016,-18.03786],[-49.80139,-18.06697],[-49.78436,-18.06332],[-49.74211,-18.08115],[-49.70347,-18.08839],[-49.68146,-18.0778],[-49.62138,-18.09973],[-49.58363,-18.14584],[-49.59316,-18.1704],[-49.58241,-18.17494],[-49.57938,-18.18561],[-49.55671,-18.20537],[-49.54843,-18.20545]]]},"properties":{"CD_MUN":"5203500","NM_MUN":"Bom Jesus de Goiás","SIGLA_UF":"GO"}},{"type":"Feature","geometry":{"type":"Polygon","coordinates":[[[-51.37837,-16.46522],[-51.37381,-16.44541],[-51.38151,-16.44253],[-51.39173,-16.45023],[-51.39676,-16.44583],[-51.39229,-16.43172],[-51.39931,-16.42856],[-51.3962,-16.4198],[-51.38753,-16.42614],[-51.37442,-16.42227],[-51.37273,-16.43227],[-51.3567,-16.44421],[-51.3589,-16.44846],[-51.35206,-16.45061],[-51.35221,-16.45587],[-51.33267,-16.47783],[-51.32829,-16.47242],[-51.31778,-16.47578],[-51.31579,-16.46192],[-51.30359,-16.46539],[-51.29956,-16.45599],[-51.29303,-16.45432],[-51.28914,-16.45863],[-51.28684,-16.45311],[-51.2847,-16.45785],[-51.27642,-16.44785],[-51.26101,-16.46704],[-51.26701,-16.47452],[-51.24884,-16.48103],[-51.24692,-16.48903],[-51.23715,-16.48903],[-51.23373,-16.49513],[-51.23706,-16.49973],[-51.23162,-16.50463],[-51.24406,-16.54596],[-51.23595,-16.55283],[-51.23462,-16.5609],[-51.21626,-16.56338],[-51.20245,-16.58094],[-51.20123,-16.6067],[-51.19501,-16.61086],[-51.19401,-16.6241],[-51.18293,-16.64584],[-51.16412,-16.63933],[-51.15792,-16.63196],[-51.13723,-16.63324],[-51.1327,-16.66144],[-51.1202,-16.67528],[-51.11751,-16.69015],[-51.12434,-16.69862],[-51.11445,-16.69948],[-51.11151,-16.70991],[-51.11454,-16.7287],[-51.1034,-16.73419],[-51.10198,-16.75633],[-51.10787,-16.76606],[-51.08821,-16.78304],[-51.09579,-16.79251],[-51.09041,-16.79984],[-51.07307,-16.7984],[-51.06493,-16.80554],[-51.0649,-16.81525],[-51.07288,-16.82381],[-51.05704,-16.8213],[-51.05115,-16.81247],[-51.04409,-16.78776],[-51.04721,-16.74758],[-51.03606,-16.73637],[-51.02287,-16.69766],[-51.02359,-16.68178],[-51.03448,-16.66568],[-51.03429,-16.64989],[-51.02795,-16.65594],[-51.01826,-16.65317],[-51.00212,-16.64204],[-50.99981,-16.63546],[-50.98951,-16.62607],[-50.96456,-16.62258],[-50.94619,-16.58616],[-50.95775,-16.57173],[-50.97689,-16.5699],[-50.96403,-16.5455],[-50.96355,-16.53235],[-50.98825,-16.52917],[-51.00108,-16.50519],[-50.9945,-16.49573],[-50.99605,-16.4862],[-50.97794,-16.47768],[-50.96861,-16.5018],[-50.94147,-16.50403],[-50.91627,-16.52714],[-50.87616,-16.52384],[-50.86519,-16.49689],[-50.85783,-16.49174],[-50.85305,-16.50695],[-50.83627,-16.5125],[-50.82049,-16.50895],[-50.80007,-16.52995],[-50.7993,-16.55562],[-50.80952,-16.56509],[-50.80136,-16.57642],[-50.79358,-16.57345],[-50.79086,-16.58194],[-50.78035,-16.58434],[-50.77819,-16.59142],[-50.76305,-16.58428],[-50.74474,-16.58841],[-50.73844,-16.58364],[-50.7373,-16.58802],[-50.73074,-16.58755],[-50.76819,-16.70076],[-50.77439,-16.69224],[-50.80086,-16.68792],[-50.81137,-16.69539],[-50.81859,-16.671],[-50.82917,-16.68526],[-50.82697,-16.69354],[-50.833,-16.69437],[-50.84336,-16.70799],[-50.84895,-16.72694],[-50.87439,-16.73944],[-50.88845,-16.75347],[-50.89675,-16.75471],[-50.92384,-16.78348],[-50.94334,-16.78638],[-50.94973,-16.79259],[-50.97087,-16.79355],[-50.97271,-16.80872],[-50.98529,-16.82828],[-51.00682,-16.84731],[-51.0164,-16.8498],[-51.01982,-16.86333],[-51.0541,-16.86257],[-51.05154,-16.87145],[-51.0596,-16.88446],[-51.05571,-16.89116],[-51.05952,-16.90097],[-51.05802,-16.92193],[-51.05279,-16.92708],[-51.05381,-16.95723],[-51.05427,-16.95721],[-51.07868,-16.9408],[-51.07627,-16.93144],[-51.08185,-16.92775],[-51.09399,-16.90656],[-51.10115,-16.90486],[-51.10366,-16.89453],[-51.13288,-16.89573],[-51.14843,-16.89144],[-51.15221,-16.86758],[-51.16852,-16.86637],[-51.17307,-16.86067],[-51.1698,-16.85421],[-51.17313,-16.84724],[-51.18332,-16.83984],[-51.1883,-16.84376],[-51.18879,-16.83986],[-51.19549,-16.83952],[-51.2053,-16.81052],[-51.21527,-16.80873],[-51.22355,-16.81439],[-51.2213,-16.8093],[-51.22538,-16.80423],[-51.22049,-16.80131],[-51.22063,-16.79206],[-51.22657,-16.76113],[-51.22007,-16.75703],[-51.22163,-16.74578],[-51.21729,-16.74595],[-51.21496,-16.73805],[-51.22057,-16.7299],[-51.22815,-16.71042],[-51.2226,-16.70904],[-51.21954,-16.69759],[-51.2284,-16.69418],[-51.24104,-16.66155],[-51.26057,-16.64764],[-51.25373,-16.63728],[-51.25635,-16.61669],[-51.27168,-16.61519],[-51.27946,-16.60197],[-51.28757,-16.599],[-51.29034,-16.58213],[-51.2992,-16.5788],[-51.2964,-16.57262],[-51.30751,-16.56476],[-51.29276,-16.56235],[-51.28731,-16.55471],[-51.29779,-16.5513],[-51.30226,-16.53135],[-51.31037,-16.52575],[-51.30579,-16.51884],[-51.31106,-16.51677],[-51.31715,-16.52232],[-51.3264,-16.51246],[-51.32237,-16.50773],[-51.33096,-16.50485],[-51.33176,-16.51084],[-51.33715,-16.50932],[-51.33634,-16.49675],[-51.34804,-16.49165],[-51.34231,-16.48254],[-51.34434,-16.47753],[-51.35512,-16.48333],[-51.36607,-16.46798],[-51.37837,-16.46522]]]},"properties":{"CD_MUN":"5211602","NM_MUN":"Ivolândia","SIGLA_UF":"GO"}},{"type":"Feature","geometry":{"type":"Polygon","coordinates":[[[-51.85289,-15.9464],[-51.85989,-15.97087],[-51.82739,-15.99069],[-51.82684,-16.0016],[-51.8197,-16.00909],[-51.82851,-16.02301],[-51.82031,-16.03457],[-51.81465,-16.04233],[-51.82345,-16.04292],[-51.83726,-16.0709],[-51.82859,-16.0821],[-51.85451,-16.09129],[-51.86598,-16.08672],[-51.86404,-16.09487],[-51.87207,-16.10551],[-51.89321,-16.11231],[-51.90163,-16.12223],[-51.90382,-16.13131],[-51.89604,-16.12891],[-51.89535,-16.13852],[-51.90329,-16.16303],[-51.9009,-16.17072],[-51.88399,-16.1759],[-51.89038,-16.19577],[-51.88444,-16.20318],[-51.90155,-16.21486],[-51.90574,-16.22167],[-51.90252,-16.22619],[-51.90777,-16.22676],[-51.90435,-16.23509],[-51.90958,-16.23991],[-51.91738,-16.23822],[-51.91875,-16.24584],[-51.9328,-16.25388],[-51.93749,-16.25136],[-51.94738,-16.25992],[-51.96119,-16.26107],[-51.96058,-16.27103],[-51.96619,-16.27704],[-51.96238,-16.28328],[-51.97488,-16.30101],[-51.97605,-16.29612],[-51.98813,-16.29617],[-52.0,-16.30766],[-52.00369,-16.31223],[-52.00608,-16.30773],[-52.01824,-16.31167],[-52.02564,-16.3382],[-52.03958,-16.34904],[-52.03936,-16.36027],[-52.04436,-16.36548],[-52.0515,-16.36602],[-52.05375,-16.37329],[-52.08395,-16.39181],[-52.11928,-16.42914],[-52.13331,-16.43336],[-52.14573,-16.44789],[-52.14559,-16.45378],[-52.12845,-16.45904],[-52.12154,-16.47228],[-52.12948,-16.46847],[-52.13731,-16.47308],[-52.15573,-16.46937],[-52.17048,-16.47794],[-52.1764,-16.46179],[-52.1939,-16.46622],[-52.2002,-16.45441],[-52.21026,-16.46231],[-52.24398,-16.45303],[-52.25079,-16.43942],[-52.2637,-16.43284],[-52.25562,-16.42361],[-52.25779,-16.41403],[-52.24932,-16.40861],[-52.25326,-16.39098],[-52.23529,-16.3851],[-52.23565,-16.35186],[-52.21587,-16.3398],[-52.23342,-16.33879],[-52.24462,-16.3456],[-52.26801,-16.34356],[-52.27753,-16.32926],[-52.31401,-16.32136],[-52.32062,-16.3081],[-52.31987,-16.29868],[-52.30292,-16.29463],[-52.30892,-16.28471],[-52.29686,-16.27174],[-52.30498,-16.25034],[-52.30131,-16.2418],[-52.29078,-16.23481],[-52.28325,-16.21807],[-52.26731,-16.21067],[-52.26978,-16.19684],[-52.29153,-16.18971],[-52.29542,-16.18322],[-52.293,-16.17369],[-52.29944,-16.16705],[-52.03507,-15.91485],[-51.85289,-15.9464]]]},"properties":{"CD_MUN":"5203401","NM_MUN":"Bom Jardim de Goiás","SIGLA_UF":"GO"}},{"type":"Feature","geometry":{"type":"Polygon","coordinates":[[[-50.46267,-16.26084],[-50.45731,-16.25323],[-50.46592,-16.24722],[-50.46247,-16.23614],[-50.44928,-16.22871],[-50.44169,-16.23036],[-50.43796,-16.22325],[-50.4295,-16.22627],[-50.41388,-16.20979],[-50.41024,-16.19356],[-50.40302,-16.19447],[-50.40005,-16.20147],[-50.39255,-16.1963],[-50.39263,-16.18831],[-50.39971,-16.1867],[-50.39985,-16.18169],[-50.39066,-16.16591],[-50.39316,-16.15732],[-50.38468,-16.15672],[-50.38202,-16.1515],[-50.3753,-16.15348],[-50.3696,-16.14236],[-50.3601,-16.15933],[-50.33521,-16.14735],[-50.31182,-16.15903],[-50.28168,-16.15761],[-50.27227,-16.16955],[-50.2626,-16.16997],[-50.25863,-16.19031],[-50.21054,-16.25851],[-50.20232,-16.26385],[-50.20927,-16.27559],[-50.22657,-16.28412],[-50.22816,-16.29769],[-50.21877,-16.30611],[-50.22135,-16.31613],[-50.21405,-16.34135],[-50.24702,-16.349],[-50.24588,-16.32172],[-50.29169,-16.31104],[-50.30755,-16.32492],[-50.36297,-16.29068],[-50.38288,-16.28562],[-50.40869,-16.28704],[-50.43128,-16.31236],[-50.43439,-16.32487],[-50.43883,-16.32472],[-50.43492,-16.33576],[-50.44386,-16.33311],[-50.44122,-16.35264],[-50.43603,-16.35278],[-50.43909,-16.37071],[-50.444,-16.37415],[-50.45481,-16.36592],[-50.46153,-16.3686],[-50.46281,-16.38083],[-50.46884,-16.38343],[-50.4642,-16.39018],[-50.47028,-16.38827],[-50.47298,-16.3923],[-50.47686,-16.41145],[-50.46031,-16.41504],[-50.46101,-16.42686],[-50.47409,-16.43203],[-50.47881,-16.44583],[-50.49045,-16.45551],[-50.49062,-16.47093],[-50.49501,-16.47426],[-50.49134,-16.47847],[-50.49365,-16.48358],[-50.50187,-16.48351],[-50.49751,-16.49114],[-50.5027,-16.4961],[-50.50276,-16.50805],[-50.50778,-16.50853],[-50.51454,-16.49662],[-50.53012,-16.49797],[-50.53206,-16.4905],[-50.52301,-16.48343],[-50.5347,-16.47281],[-50.53934,-16.4604],[-50.53387,-16.45944],[-50.53423,-16.4555],[-50.54493,-16.44639],[-50.5422,-16.44185],[-50.53568,-16.44242],[-50.52323,-16.42503],[-50.52978,-16.41501],[-50.53334,-16.42189],[-50.54048,-16.41668],[-50.53684,-16.40896],[-50.54092,-16.40071],[-50.52795,-16.40731],[-50.5349,-16.38921],[-50.51675,-16.39345],[-50.51742,-16.38746],[-50.51356,-16.38641],[-50.51892,-16.37789],[-50.51306,-16.37217],[-50.51398,-16.36563],[-50.4985,-16.35522],[-50.50189,-16.33798],[-50.48328,-16.32841],[-50.48597,-16.29295],[-50.46267,-16.26084]]]},"properties":{"CD_MUN":"5219001","NM_MUN":"Sanclerlândia","SIGLA_UF":"GO"}},{"type":"Feature","geometry":{"type":"Polygon","coordinates":[[[-49.82387,-15.08232],[-49.81715,-15.08665],[-49.79654,-15.07762],[-49.79176,-15.08365],[-49.76401,-15.07094],[-49.76293,-15.07884],[-49.752,-15.08577],[-49.73309,-15.07534],[-49.72767,-15.06664],[-49.70803,-15.06836],[-49.70556,-15.06283],[-49.69734,-15.06246],[-49.68653,-15.08084],[-49.68323,-15.07015],[-49.67658,-15.07254],[-49.66692,-15.06829],[-49.77032,-15.22865],[-49.7734,-15.2356],[-49.74854,-15.23742],[-49.74535,-15.25229],[-49.75474,-15.26159],[-49.74857,-15.27039],[-49.76418,-15.27228],[-49.7711,-15.2885],[-49.78957,-15.28087],[-49.80346,-15.29643],[-49.83177,-15.30861],[-49.8376,-15.3191],[-49.86025,-15.33229],[-49.89616,-15.32633],[-49.91427,-15.2996],[-49.91789,-15.2741],[-49.90257,-15.25645],[-49.91235,-15.24838],[-49.92449,-15.2471],[-49.9398,-15.25971],[-49.95922,-15.25668],[-49.98672,-15.27179],[-50.00503,-15.26325],[-50.02461,-15.24493],[-50.03269,-15.24776],[-50.03444,-15.25631],[-50.04747,-15.25657],[-50.06261,-15.26627],[-50.07025,-15.26479],[-50.08422,-15.24656],[-50.07894,-15.23599],[-50.05755,-15.2237],[-50.03863,-15.19744],[-50.05519,-15.183],[-50.05152,-15.16511],[-50.03988,-15.15493],[-50.0356,-15.14429],[-50.05449,-15.12441],[-50.04385,-15.10604],[-50.03041,-15.10604],[-50.01768,-15.09947],[-50.01629,-15.0946],[-50.00485,-15.0911],[-49.99965,-15.08097],[-49.98738,-15.08093],[-49.98354,-15.08569],[-49.95207,-15.08386],[-49.92254,-15.09438],[-49.91032,-15.08523],[-49.9019,-15.08404],[-49.89685,-15.08948],[-49.89545,-15.08302],[-49.88721,-15.09129],[-49.88182,-15.08634],[-49.87612,-15.09153],[-49.87315,-15.0847],[-49.86946,-15.09041],[-49.86377,-15.08405],[-49.8489,-15.0903],[-49.8327,-15.08252],[-49.82696,-15.08844],[-49.82387,-15.08232]]]},"properties":{"CD_MUN":"5218904","NM_MUN":"Rubiataba","SIGLA_UF":"GO"}},{"type":"Feature","geometry":{"type":"Polygon","coordinates":[[[-49.06057,-16.78601],[-49.06422,-16.79175],[-49.05266,-16.79708],[-49.06037,-16.80499],[-49.06099,-16.81305],[-49.06705,-16.81501],[-49.06785,-16.8229],[-49.05678,-16.82751],[-49.05062,-16.81647],[-49.0445,-16.81443],[-49.02971,-16.81829],[-49.02302,-16.82566],[-49.01247,-16.8253],[-49.0009,-16.81805],[-48.98997,-16.80004],[-48.97262,-16.79055],[-48.97046,-16.79427],[-48.93526,-16.7935],[-48.92541,-16.78709],[-48.8893,-16.79521],[-48.82062,-16.70583],[-48.82329,-16.69539],[-48.80749,-16.71046],[-48.81021,-16.73415],[-48.81663,-16.74496],[-48.82305,-16.78412],[-48.83658,-16.78669],[-48.82791,-16.79524],[-48.80696,-16.79123],[-48.80079,-16.79548],[-48.7891,-16.81028],[-48.78708,-16.83601],[-48.79166,-16.8437],[-48.79149,-16.86204],[-48.79899,-16.87038],[-48.79708,-16.88713],[-48.80341,-16.89141],[-48.80058,-16.90253],[-48.80544,-16.91241],[-48.77733,-16.92044],[-48.76905,-16.93708],[-48.78014,-16.97957],[-48.76583,-16.99266],[-48.77122,-17.0109],[-48.75136,-17.01738],[-48.73841,-17.02942],[-48.71486,-17.03963],[-48.70494,-17.0569],[-48.70672,-17.08039],[-48.69856,-17.09437],[-48.683,-17.09772],[-48.68056,-17.11953],[-48.64552,-17.12469],[-48.63933,-17.13109],[-48.63833,-17.13887],[-48.64703,-17.14968],[-48.63789,-17.16547],[-48.64542,-17.18434],[-48.66264,-17.17714],[-48.66928,-17.16777],[-48.69503,-17.16396],[-48.70306,-17.15844],[-48.72298,-17.15855],[-48.73522,-17.16824],[-48.74564,-17.16549],[-48.75979,-17.17078],[-48.78323,-17.18573],[-48.78781,-17.19417],[-48.79498,-17.18971],[-48.79992,-17.17776],[-48.81128,-17.15774],[-48.81123,-17.14493],[-48.82145,-17.12978],[-48.82173,-17.12093],[-48.82729,-17.11632],[-48.82715,-17.10564],[-48.83792,-17.09365],[-48.84362,-17.06449],[-48.84906,-17.05532],[-48.85962,-17.05229],[-48.86325,-17.03671],[-48.87928,-17.01667],[-48.899,-17.02358],[-48.92509,-17.0233],[-48.92656,-17.0343],[-48.93595,-17.04308],[-48.93834,-17.05299],[-48.93887,-17.09044],[-48.96173,-17.08709],[-48.98156,-17.09276],[-49.01273,-17.06899],[-49.0351,-17.06683],[-49.03829,-17.05539],[-49.04648,-17.05303],[-49.07323,-17.06216],[-49.08321,-17.06115],[-49.09873,-17.05123],[-49.08059,-17.04627],[-49.09185,-17.03722],[-49.09107,-17.02747],[-49.08085,-17.02548],[-49.07926,-17.02153],[-49.08604,-17.01875],[-49.07843,-17.0107],[-49.07859,-17.00404],[-49.06918,-17.00749],[-49.07276,-16.99802],[-49.06507,-16.99505],[-49.06501,-16.98885],[-49.05673,-16.9821],[-49.0585,-16.97288],[-49.07453,-16.9565],[-49.08362,-16.96016],[-49.09601,-16.95602],[-49.09612,-16.94924],[-49.08612,-16.95092],[-49.09048,-16.94095],[-49.10557,-16.94711],[-49.10606,-16.95143],[-49.1137,-16.94662],[-49.12273,-16.93035],[-49.11356,-16.91417],[-49.12845,-16.91577],[-49.12757,-16.90561],[-49.14417,-16.90091],[-49.14053,-16.88785],[-49.13826,-16.87865],[-49.14609,-16.87348],[-49.14872,-16.86169],[-49.15445,-16.86201],[-49.14639,-16.84883],[-49.14903,-16.83752],[-49.15747,-16.8402],[-49.15531,-16.82616],[-49.13408,-16.82759],[-49.12814,-16.81531],[-49.13025,-16.79795],[-49.116,-16.8029],[-49.09533,-16.77235],[-49.08411,-16.77321],[-49.06057,-16.78601]]]},"properties":{"CD_MUN":"5203302","NM_MUN":"Bela Vista de Goiás","SIGLA_UF":"GO"}},{"type":"Feature","geometry":{"type":"Polygon","coordinates":[[[-49.25078,-18.17781],[-49.2504,-18.16777],[-49.24584,-18.16661],[-49.22476,-18.17436],[-49.18345,-18.16571],[-49.15498,-18.12409],[-49.13175,-18.11761],[-49.12572,-18.10781],[-49.09956,-18.10481],[-49.0912,-18.1555],[-49.07645,-18.18113],[-49.05239,-18.19627],[-49.0223,-18.20188],[-49.02139,-18.208],[-49.00887,-18.20605],[-49.0098,-18.21283],[-49.00456,-18.21772],[-49.00753,-18.22011],[-49.00164,-18.22392],[-49.00084,-18.23522],[-48.99559,-18.24064],[-48.99559,-18.26035],[-48.98481,-18.26632],[-48.99259,-18.27791],[-48.98406,-18.27716],[-48.98314,-18.29139],[-48.96336,-18.31184],[-48.9592,-18.32351],[-48.97084,-18.3305],[-48.97642,-18.34183],[-48.98389,-18.34144],[-48.9812,-18.3564],[-48.99309,-18.35875],[-48.99423,-18.36905],[-49.01034,-18.3703],[-49.02743,-18.36437],[-49.04406,-18.37754],[-49.04606,-18.39064],[-49.05426,-18.4012],[-49.06785,-18.41073],[-49.08979,-18.40801],[-49.09812,-18.39873],[-49.11271,-18.39484],[-49.10851,-18.38387],[-49.12598,-18.38253],[-49.1543,-18.40278],[-49.15785,-18.41391],[-49.18549,-18.41647],[-49.20821,-18.41256],[-49.21057,-18.42016],[-49.19338,-18.43585],[-49.19135,-18.44729],[-49.22758,-18.47888],[-49.24538,-18.50696],[-49.24861,-18.52288],[-49.27135,-18.52774],[-49.28397,-18.53599],[-49.2923,-18.56402],[-49.30269,-18.56645],[-49.31995,-18.56005],[-49.3287,-18.56386],[-49.34294,-18.59804],[-49.36481,-18.61726],[-49.37303,-18.63504],[-49.37848,-18.64237],[-49.39128,-18.64663],[-49.41276,-18.64229],[-49.43212,-18.60676],[-49.48153,-18.56108],[-49.48589,-18.53228],[-49.4665,-18.54175],[-49.44023,-18.54073],[-49.42309,-18.52633],[-49.42219,-18.5008],[-49.42233,-18.44715],[-49.46433,-18.43081],[-49.47502,-18.41857],[-49.50683,-18.40676],[-49.52236,-18.41251],[-49.52914,-18.41021],[-49.54609,-18.42658],[-49.56292,-18.42227],[-49.57086,-18.43775],[-49.57923,-18.43591],[-49.58609,-18.44568],[-49.59562,-18.44022],[-49.60361,-18.4489],[-49.60876,-18.43897],[-49.6262,-18.45262],[-49.7069,-18.4139],[-49.74717,-18.36578],[-49.75978,-18.40305],[-49.75876,-18.42407],[-49.77779,-18.44497],[-49.76973,-18.46631],[-49.77368,-18.47214],[-49.77179,-18.49597],[-49.79288,-18.50301],[-49.8239,-18.4957],[-49.85867,-18.41916],[-49.87757,-18.3999],[-49.9218,-18.36677],[-49.93027,-18.36746],[-49.94768,-18.35529],[-49.95697,-18.35384],[-49.97726,-18.36415],[-49.97554,-18.35018],[-49.96779,-18.34659],[-49.96246,-18.34937],[-49.96262,-18.33967],[-49.95437,-18.3379],[-49.95062,-18.33062],[-49.93573,-18.32771],[-49.94118,-18.3204],[-49.94079,-18.30997],[-49.92859,-18.30383],[-49.92057,-18.30985],[-49.91031,-18.29691],[-49.87742,-18.2898],[-49.87626,-18.28009],[-49.86681,-18.27568],[-49.86487,-18.26768],[-49.84764,-18.25969],[-49.84089,-18.24957],[-49.83481,-18.2518],[-49.8287,-18.2436],[-49.80867,-18.23312],[-49.807,-18.22722],[-49.79842,-18.23233],[-49.76539,-18.22021],[-49.75995,-18.21346],[-49.7273,-18.22701],[-49.70614,-18.22848],[-49.696,-18.26077],[-49.64091,-18.27604],[-49.61042,-18.29239],[-49.60147,-18.30464],[-49.58272,-18.31175],[-49.58019,-18.31916],[-49.57852,-18.30282],[-49.59486,-18.28963],[-49.58525,-18.28448],[-49.57566,-18.29492],[-49.57822,-18.28242],[-49.56778,-18.28469],[-49.56689,-18.27879],[-49.57824,-18.26865],[-49.5618,-18.26398],[-49.56394,-18.22483],[-49.5548,-18.21777],[-49.5431,-18.21755],[-49.54213,-18.22383],[-49.52677,-18.21192],[-49.50807,-18.2143],[-49.50043,-18.22985],[-49.48585,-18.24331],[-49.47649,-18.27209],[-49.46802,-18.26985],[-49.46113,-18.27673],[-49.42613,-18.28262],[-49.4171,-18.29011],[-49.41091,-18.31324],[-49.41482,-18.32671],[-49.40599,-18.34061],[-49.39916,-18.3345],[-49.3931,-18.33625],[-49.39063,-18.32748],[-49.38266,-18.32397],[-49.38702,-18.31346],[-49.37532,-18.31091],[-49.36591,-18.2916],[-49.34166,-18.28865],[-49.32902,-18.27942],[-49.32671,-18.26569],[-49.29262,-18.24189],[-49.28501,-18.22801],[-49.25454,-18.22932],[-49.23754,-18.2213],[-49.23887,-18.20282],[-49.24404,-18.19738],[-49.24906,-18.20194],[-49.25648,-18.19047],[-49.25078,-18.17781]]]},"properties":{"CD_MUN":"5211503","NM_MUN":"Itumbiara","SIGLA_UF":"GO"}},{"type":"Feature","geometry":{"type":"Polygon","coordinates":[[[-49.6431,-16.11586],[-49.63663,-16.12216],[-49.61452,-16.12022],[-49.60738,-16.10902],[-49.57699,-16.10341],[-49.56046,-16.10874],[-49.56688,-16.10917],[-49.56849,-16.11726],[-49.55152,-16.1281],[-49.52805,-16.11346],[-49.52321,-16.12314],[-49.48813,-16.13222],[-49.47479,-16.15366],[-49.44801,-16.16787],[-49.42793,-16.16728],[-49.42543,-16.17351],[-49.41129,-16.17411],[-49.40426,-16.195],[-49.45277,-16.22549],[-49.45882,-16.21351],[-49.53579,-16.18354],[-49.58644,-16.21417],[-49.59402,-16.22591],[-49.63052,-16.23146],[-49.65202,-16.22149],[-49.65244,-16.22715],[-49.64078,-16.24013],[-49.62258,-16.29159],[-49.63114,-16.31568],[-49.64647,-16.32062],[-49.65322,-16.33095],[-49.66939,-16.32512],[-49.6707,-16.30707],[-49.67953,-16.29086],[-49.68756,-16.28608],[-49.68689,-16.27405],[-49.69094,-16.2708],[-49.71142,-16.25948],[-49.72564,-16.2605],[-49.73645,-16.26912],[-49.73778,-16.28399],[-49.75489,-16.27433],[-49.74923,-16.26247],[-49.757,-16.24068],[-49.75528,-16.22182],[-49.74111,-16.20589],[-49.73578,-16.19197],[-49.6431,-16.11586]]]},"properties":{"CD_MUN":"5211404","NM_MUN":"Itauçu","SIGLA_UF":"GO"}},{"type":"Feature","geometry":{"type":"Polygon","coordinates":[[[-49.36344,-15.90204],[-49.36047,-15.89731],[-49.3377,-15.89823],[-49.28894,-15.86992],[-49.27458,-15.85271],[-49.25197,-15.83891],[-49.25024,-15.83119],[-49.24491,-15.83748],[-49.22213,-15.84499],[-49.21691,-15.85611],[-49.21458,-15.86947],[-49.20477,-15.87393],[-49.2073,-15.87928],[-49.19975,-15.8867],[-49.19741,-15.92852],[-49.17819,-15.93435],[-49.17372,-15.94114],[-49.17619,-15.95053],[-49.18194,-15.95182],[-49.17722,-15.96176],[-49.15174,-15.98033],[-49.1525,-15.98883],[-49.13388,-15.99722],[-49.13075,-16.00687],[-49.15786,-16.02877],[-49.15889,-16.05736],[-49.1673,-16.07194],[-49.18089,-16.08302],[-49.19192,-16.08328],[-49.21959,-16.08107],[-49.22803,-16.06917],[-49.22462,-16.05637],[-49.23639,-16.04902],[-49.24686,-16.049],[-49.25036,-16.04361],[-49.25406,-16.04693],[-49.25492,-16.04102],[-49.26109,-16.03847],[-49.26303,-16.02127],[-49.27145,-16.0234],[-49.27448,-16.01223],[-49.28372,-16.01264],[-49.29036,-16.00661],[-49.36454,-16.00658],[-49.356,-15.97515],[-49.36435,-15.95553],[-49.35546,-15.93919],[-49.3468,-15.93999],[-49.33795,-15.93143],[-49.34283,-15.91793],[-49.36344,-15.90204]]]},"properties":{"CD_MUN":"5219902","NM_MUN":"São Francisco de Goiás","SIGLA_UF":"GO"}},{"type":"Feature","geometry":{"type":"Polygon","coordinates":[[[-46.44884,-13.05503],[-46.29533,-13.06394],[-46.32208,-13.09828],[-46.30903,-13.12287],[-46.29464,-13.12987],[-46.29125,-13.14731],[-46.30923,-13.15798],[-46.30337,-13.16719],[-46.31389,-13.17808],[-46.30245,-13.18225],[-46.30023,-13.1936],[-46.30392,-13.20555],[-46.31167,-13.21148],[-46.32059,-13.23936],[-46.33056,-13.24954],[-46.32959,-13.25281],[-46.29801,-13.25368],[-46.2984,-13.2818],[-46.31534,-13.30318],[-46.28809,-13.31462],[-46.27882,-13.3479],[-46.26446,-13.34818],[-46.23704,-13.33623],[-46.21762,-13.31722],[-46.20448,-13.32031],[-46.17173,-13.31228],[-46.1287,-13.29071],[-46.12234,-13.2824],[-46.11206,-13.28429],[-46.06328,-13.26129],[-46.04158,-13.27268],[-46.04789,-13.3092],[-46.08284,-13.33038],[-46.0945,-13.33248],[-46.11184,-13.35868],[-46.12587,-13.36449],[-46.13345,-13.37523],[-46.21379,-13.40071],[-46.21784,-13.41057],[-46.24171,-13.42827],[-46.24215,-13.43716],[-46.22518,-13.43447],[-46.22193,-13.44838],[-46.20593,-13.46464],[-46.20932,-13.47278],[-46.22968,-13.48143],[-46.21974,-13.48776],[-46.21801,-13.50051],[-46.24077,-13.52554],[-46.2341,-13.54094],[-46.23813,-13.55457],[-46.23493,-13.56291],[-46.2139,-13.57226],[-46.18377,-13.56758],[-46.16129,-13.59035],[-46.18705,-13.61779],[-46.21263,-13.62998],[-46.24036,-13.65653],[-46.25322,-13.68227],[-46.26072,-13.68721],[-46.25541,-13.6939],[-46.23783,-13.70063],[-46.23502,-13.70816],[-46.2685,-13.71099],[-46.28769,-13.70095],[-46.30341,-13.70112],[-46.31969,-13.71896],[-46.34105,-13.72071],[-46.35067,-13.73291],[-46.3685,-13.742],[-46.37703,-13.75807],[-46.39397,-13.76435],[-46.4087,-13.77733],[-46.42654,-13.77507],[-46.42831,-13.78256],[-46.43467,-13.78301],[-46.43314,-13.78874],[-46.43918,-13.78744],[-46.44029,-13.79456],[-46.44868,-13.79484],[-46.45632,-13.80697],[-46.46554,-13.81052],[-46.47221,-13.80644],[-46.50009,-13.81277],[-46.51312,-13.80805],[-46.51234,-13.81203],[-46.51607,-13.81124],[-46.52401,-13.80007],[-46.53954,-13.79265],[-46.55048,-13.80341],[-46.56043,-13.80067],[-46.57315,-13.80827],[-46.58521,-13.80671],[-46.59071,-13.81598],[-46.60163,-13.82094],[-46.61473,-13.81134],[-46.61979,-13.8197],[-46.62696,-13.8144],[-46.63202,-13.81851],[-46.65212,-13.8065],[-46.65882,-13.81749],[-46.68057,-13.81926],[-46.68421,-13.81529],[-46.68921,-13.81777],[-46.68932,-13.81297],[-46.70355,-13.82039],[-46.70452,-13.82701],[-46.73052,-13.83522],[-46.73838,-13.82313],[-46.75063,-13.81994],[-46.75143,-13.82475],[-46.75921,-13.8247],[-46.76927,-13.81434],[-46.79149,-13.82008],[-46.8003,-13.8319],[-46.81691,-13.83009],[-46.82514,-13.84462],[-46.85147,-13.82792],[-46.84588,-13.81657],[-46.81691,-13.79768],[-46.82496,-13.78061],[-46.83538,-13.77505],[-46.83702,-13.76392],[-46.82079,-13.75016],[-46.81027,-13.7253],[-46.78813,-13.72581],[-46.78363,-13.71944],[-46.78474,-13.70397],[-46.80043,-13.69554],[-46.8068,-13.68653],[-46.8089,-13.67676],[-46.79532,-13.66908],[-46.79577,-13.6584],[-46.8154,-13.65715],[-46.8421,-13.63494],[-46.84968,-13.63362],[-46.8539,-13.6245],[-46.85082,-13.61533],[-46.8367,-13.60349],[-46.84279,-13.59492],[-46.83432,-13.58844],[-46.82551,-13.58767],[-46.82112,-13.59453],[-46.81599,-13.58761],[-46.80196,-13.59424],[-46.79198,-13.5912],[-46.79287,-13.58069],[-46.78204,-13.56651],[-46.78815,-13.55097],[-46.77184,-13.54019],[-46.77376,-13.52834],[-46.77985,-13.53417],[-46.78381,-13.53175],[-46.77659,-13.51949],[-46.78426,-13.50812],[-46.77934,-13.507],[-46.77925,-13.49824],[-46.76523,-13.49712],[-46.76423,-13.4936],[-46.76834,-13.48536],[-46.76495,-13.48714],[-46.7625,-13.48037],[-46.76739,-13.48329],[-46.77112,-13.47896],[-46.76262,-13.46549],[-46.76384,-13.45113],[-46.76895,-13.44632],[-46.76175,-13.44808],[-46.7582,-13.44042],[-46.76148,-13.43792],[-46.75092,-13.43356],[-46.75278,-13.42799],[-46.7453,-13.42494],[-46.74853,-13.40864],[-46.73139,-13.39831],[-46.72875,-13.39145],[-46.73283,-13.38631],[-46.71392,-13.38545],[-46.38249,-13.38286],[-46.3829,-13.35519],[-46.3879,-13.35224],[-46.38157,-13.33678],[-46.39454,-13.31346],[-46.38973,-13.292],[-46.38207,-13.28561],[-46.38418,-13.27136],[-46.37929,-13.26259],[-46.3829,-13.22755],[-46.37528,-13.2174],[-46.40204,-13.13024],[-46.41103,-13.12119],[-46.40889,-13.10832],[-46.42178,-13.10287],[-46.42573,-13.08615],[-46.44114,-13.08176],[-46.44184,-13.06453],[-46.44884,-13.05503]]]},"properties":{"CD_MUN":"5219803","NM_MUN":"São Domingos","SIGLA_UF":"GO"}},{"type":"Feature","geometry":{"type":"Polygon","coordinates":[[[-49.03868,-14.57713],[-49.02532,-14.58635],[-49.0153,-14.58566],[-49.01763,-14.58082],[-49.01096,-14.57577],[-49.00646,-14.58174],[-49.00955,-14.59632],[-48.99991,-14.59834],[-48.99124,-14.59569],[-48.99916,-14.59408],[-48.9961,-14.58465],[-48.98493,-14.59414],[-48.97444,-14.62302],[-48.9896,-14.62224],[-48.98705,-14.64398],[-48.96638,-14.64547],[-48.97027,-14.65372],[-48.96541,-14.66513],[-48.94996,-14.6612],[-48.95775,-14.67472],[-48.94982,-14.68104],[-48.93727,-14.67684],[-48.92421,-14.67979],[-48.90591,-14.67096],[-48.88093,-14.68004],[-48.88407,-14.68884],[-48.87549,-14.69452],[-48.8611,-14.68796],[-48.84238,-14.68954],[-48.83765,-14.68273],[-48.8238,-14.68378],[-48.81557,-14.664],[-48.80663,-14.66543],[-48.79715,-14.66041],[-48.78223,-14.66653],[-48.77445,-14.6598],[-48.78006,-14.65212],[-48.7732,-14.64349],[-48.75915,-14.64516],[-48.75485,-14.64823],[-48.76023,-14.64879],[-48.75473,-14.65847],[-48.73954,-14.66629],[-48.73782,-14.67653],[-48.7326,-14.67796],[-48.72693,-14.67269],[-48.72429,-14.68536],[-48.73118,-14.7093],[-48.71232,-14.72654],[-48.7189,-14.73544],[-48.71338,-14.7423],[-48.72163,-14.75411],[-48.71182,-14.76332],[-48.71843,-14.76415],[-48.72768,-14.77931],[-48.72102,-14.79134],[-48.72229,-14.79805],[-48.71382,-14.79811],[-48.71299,-14.80191],[-48.72646,-14.80395],[-48.72635,-14.81093],[-48.73993,-14.8117],[-48.74015,-14.82674],[-48.75021,-14.83456],[-48.74505,-14.84315],[-48.76133,-14.84746],[-48.75699,-14.86167],[-48.7648,-14.86885],[-48.76208,-14.87482],[-48.76897,-14.87847],[-48.75874,-14.88976],[-48.76769,-14.89541],[-48.77136,-14.90674],[-48.77744,-14.9055],[-48.79275,-14.91859],[-48.79727,-14.92957],[-48.79333,-14.9368],[-48.80617,-14.95107],[-48.80794,-14.97064],[-48.80375,-14.97706],[-48.80863,-14.98786],[-48.8032,-14.99618],[-48.80764,-15.00512],[-48.831,-15.02444],[-48.83161,-15.04041],[-48.84317,-15.04925],[-48.84578,-15.04535],[-48.85576,-15.06596],[-48.85562,-15.07594],[-48.85178,-15.0768],[-48.85684,-15.09538],[-48.86148,-15.0918],[-48.86848,-15.09832],[-48.87056,-15.11173],[-48.88429,-15.12352],[-48.88509,-15.14244],[-48.90785,-15.16393],[-48.92473,-15.15957],[-48.96987,-15.16146],[-48.97263,-15.14255],[-48.97876,-15.13468],[-49.00446,-15.13832],[-49.01293,-15.14892],[-49.00898,-15.16026],[-49.01329,-15.17046],[-49.02368,-15.18616],[-49.04782,-15.20401],[-49.04198,-15.21584],[-49.05516,-15.24232],[-49.08291,-15.26972],[-49.10155,-15.26587],[-49.12696,-15.23802],[-49.12397,-15.22499],[-49.13841,-15.19786],[-49.1411,-15.16115],[-49.15877,-15.1571],[-49.16674,-15.14138],[-49.19252,-15.12916],[-49.17666,-15.11333],[-49.17674,-15.08448],[-49.16662,-15.05861],[-49.15404,-15.04178],[-49.15046,-15.03084],[-49.15332,-15.01859],[-49.14343,-15.01266],[-49.14343,-15.00281],[-49.13426,-14.99839],[-49.12437,-14.96742],[-49.11773,-14.96374],[-49.1207,-14.94586],[-49.09876,-14.93166],[-49.10012,-14.91773],[-49.08989,-14.9087],[-49.09187,-14.88862],[-49.08415,-14.88445],[-49.09403,-14.86908],[-49.08801,-14.85933],[-49.10298,-14.85315],[-49.09103,-14.83429],[-49.07639,-14.8315],[-49.08256,-14.8224],[-49.08709,-14.82386],[-49.09364,-14.81105],[-49.0905,-14.80617],[-49.09973,-14.80602],[-49.09745,-14.79291],[-49.10534,-14.7901],[-49.11355,-14.77732],[-49.11564,-14.75679],[-49.09836,-14.7621],[-49.08972,-14.75347],[-49.09181,-14.74446],[-49.10405,-14.73494],[-49.08627,-14.73082],[-49.07494,-14.74125],[-49.06491,-14.74284],[-49.06055,-14.72352],[-49.04153,-14.70866],[-49.00986,-14.72044],[-48.99925,-14.71558],[-49.02061,-14.68806],[-49.01444,-14.6627],[-49.02824,-14.63492],[-49.04358,-14.62838],[-49.05363,-14.6171],[-49.04235,-14.60605],[-49.01555,-14.62093],[-49.01804,-14.60676],[-49.02694,-14.60098],[-49.03396,-14.60295],[-49.04432,-14.58995],[-49.03868,-14.57713]]]},"properties":{"CD_MUN":"5203203","NM_MUN":"Barro Alto","SIGLA_UF":"GO"}},{"type":"Feature","geometry":{"type":"Polygon","coordinates":[[[-49.29638,-16.44335],[-49.29033,-16.4107],[-49.28024,-16.39912],[-49.2146,-16.45367],[-49.24885,-16.49167],[-49.25266,-16.49027],[-49.26141,-16.51043],[-49.27661,-16.52019],[-49.27788,-16.52742],[-49.28491,-16.53146],[-49.28844,-16.52469],[-49.31191,-16.52885],[-49.32965,-16.5558],[-49.34213,-16.54743],[-49.34004,-16.53788],[-49.34361,-16.5373],[-49.33899,-16.53173],[-49.3451,-16.52646],[-49.34164,-16.51964],[-49.35249,-16.51049],[-49.36376,-16.51012],[-49.36994,-16.50091],[-49.36135,-16.48355],[-49.34325,-16.47296],[-49.33682,-16.45319],[-49.32302,-16.43776],[-49.29638,-16.44335]]]},"properties":{"CD_MUN":"5219738","NM_MUN":"Santo Antônio de Goiás","SIGLA_UF":"GO"}},{"type":"Feature","geometry":{"type":"Polygon","coordinates":[[[-52.47073,-16.12651],[-52.45812,-16.12747],[-52.4372,-16.11008],[-52.39753,-16.09342],[-52.37481,-16.09837],[-52.36727,-16.08444],[-52.36072,-16.08193],[-52.35564,-16.09475],[-52.35989,-16.11907],[-52.35433,-16.13133],[-52.33736,-16.13416],[-52.32969,-16.15139],[-52.31828,-16.14965],[-52.30942,-16.1628],[-52.29944,-16.16705],[-52.293,-16.17369],[-52.29542,-16.18322],[-52.29153,-16.18971],[-52.26978,-16.19684],[-52.26731,-16.21067],[-52.28325,-16.21807],[-52.29078,-16.23481],[-52.30131,-16.2418],[-52.30498,-16.25034],[-52.29686,-16.27174],[-52.30892,-16.28471],[-52.30292,-16.29463],[-52.31987,-16.29868],[-52.32062,-16.3081],[-52.31401,-16.32136],[-52.27753,-16.32926],[-52.26801,-16.34356],[-52.24462,-16.3456],[-52.23342,-16.33879],[-52.21587,-16.3398],[-52.23565,-16.35186],[-52.23529,-16.3851],[-52.25326,-16.39098],[-52.24932,-16.40861],[-52.25779,-16.41403],[-52.25562,-16.42361],[-52.2637,-16.43284],[-52.25079,-16.43942],[-52.24398,-16.45303],[-52.21026,-16.46231],[-52.2002,-16.45441],[-52.1939,-16.46622],[-52.21048,-16.5084],[-52.24432,-16.56322],[-52.24502,-16.57943],[-52.26105,-16.5985],[-52.2859,-16.5825],[-52.30966,-16.57873],[-52.31921,-16.56747],[-52.32427,-16.56709],[-52.32702,-16.57433],[-52.33535,-16.56334],[-52.33288,-16.55302],[-52.33858,-16.54603],[-52.36399,-16.53618],[-52.37491,-16.53769],[-52.40455,-16.5549],[-52.41233,-16.55369],[-52.41699,-16.54253],[-52.43052,-16.54585],[-52.42938,-16.53933],[-52.43452,-16.5366],[-52.45949,-16.55898],[-52.47753,-16.5552],[-52.48205,-16.56207],[-52.49341,-16.56348],[-52.50833,-16.54112],[-52.51583,-16.54845],[-52.54589,-16.55233],[-52.55094,-16.54381],[-52.56561,-16.54688],[-52.58053,-16.53636],[-52.57083,-16.53021],[-52.56428,-16.51799],[-52.58989,-16.5244],[-52.59094,-16.53508],[-52.60472,-16.52728],[-52.61025,-16.51279],[-52.62914,-16.51774],[-52.63728,-16.50289],[-52.6123,-16.5021],[-52.60522,-16.48617],[-52.60616,-16.47612],[-52.61303,-16.46998],[-52.6041,-16.46463],[-52.61219,-16.45821],[-52.62044,-16.46482],[-52.61586,-16.45016],[-52.63827,-16.43705],[-52.64485,-16.4262],[-52.64316,-16.41271],[-52.65021,-16.40865],[-52.67636,-16.41228],[-52.68811,-16.39627],[-52.67741,-16.38196],[-52.69269,-16.36831],[-52.68944,-16.35681],[-52.69291,-16.35111],[-52.68202,-16.3435],[-52.68541,-16.32848],[-52.68138,-16.32106],[-52.68663,-16.31545],[-52.6819,-16.30402],[-52.65677,-16.28013],[-52.64749,-16.28538],[-52.62321,-16.28735],[-52.61049,-16.27231],[-52.58707,-16.26921],[-52.5779,-16.25029],[-52.5702,-16.25318],[-52.56204,-16.26502],[-52.54621,-16.26138],[-52.5696,-16.232],[-52.5664,-16.22502],[-52.54476,-16.22309],[-52.55015,-16.1907],[-52.54331,-16.18074],[-52.54832,-16.16509],[-52.52678,-16.15619],[-52.52523,-16.14053],[-52.51445,-16.13399],[-52.50011,-16.14277],[-52.48817,-16.13072],[-52.47073,-16.12651]]]},"properties":{"CD_MUN":"5203104","NM_MUN":"Baliza","SIGLA_UF":"GO"}},{"type":"Feature","geometry":{"type":"Polygon","coordinates":[[[-48.25159,-15.65921],[-48.23448,-15.65906],[-48.24226,-15.68916],[-48.24093,-15.7059],[-48.21771,-15.70804],[-48.20707,-15.71835],[-48.20648,-15.74617],[-48.2137,-15.76039],[-48.23785,-15.78474],[-48.24157,-15.79869],[-48.26749,-15.80689],[-48.27704,-15.81821],[-48.28669,-15.84315],[-48.27177,-15.88169],[-48.27694,-15.90633],[-48.27022,-15.9117],[-48.27635,-15.93055],[-48.2678,-15.93286],[-48.26143,-15.92865],[-48.25207,-15.93676],[-48.25213,-15.95411],[-48.25894,-15.96465],[-48.25997,-15.98223],[-48.27244,-16.00849],[-48.27122,-16.02872],[-48.27872,-16.05156],[-48.08627,-16.05177],[-48.1001,-16.06807],[-48.11852,-16.07342],[-48.14102,-16.08854],[-48.15028,-16.10233],[-48.15114,-16.13083],[-48.14377,-16.14816],[-48.14128,-16.17147],[-48.17447,-16.21377],[-48.17742,-16.24038],[-48.18709,-16.24921],[-48.19292,-16.27923],[-48.20273,-16.29876],[-48.20045,-16.31087],[-48.22045,-16.32246],[-48.24062,-16.32441],[-48.25651,-16.31296],[-48.26062,-16.32173],[-48.26776,-16.32456],[-48.27273,-16.32266],[-48.27198,-16.31813],[-48.29723,-16.3127],[-48.30634,-16.32119],[-48.32404,-16.31736],[-48.32062,-16.30123],[-48.32137,-16.27795],[-48.32881,-16.25895],[-48.33706,-16.25765],[-48.33598,-16.254],[-48.34737,-16.24857],[-48.34781,-16.24367],[-48.36246,-16.24142],[-48.37454,-16.21755],[-48.36692,-16.18923],[-48.35356,-16.18608],[-48.3567,-16.16872],[-48.35015,-16.15075],[-48.35456,-16.12886],[-48.35067,-16.11025],[-48.36714,-16.08008],[-48.36628,-16.01508],[-48.37339,-15.99505],[-48.39969,-15.97491],[-48.4093,-15.97667],[-48.41361,-15.95904],[-48.42275,-15.94831],[-48.41893,-15.91432],[-48.40719,-15.87762],[-48.38838,-15.85364],[-48.37788,-15.81593],[-48.36913,-15.80325],[-48.35257,-15.79388],[-48.35638,-15.77263],[-48.34874,-15.72475],[-48.33365,-15.72006],[-48.32829,-15.71348],[-48.31735,-15.7194],[-48.30721,-15.70587],[-48.29876,-15.71005],[-48.25159,-15.65921]]]},"properties":{"CD_MUN":"5219753","NM_MUN":"Santo Antônio do Descoberto","SIGLA_UF":"GO"}},{"type":"Feature","geometry":{"type":"Polygon","coordinates":[[[-51.63913,-18.49386],[-51.63766,-18.50026],[-51.61946,-18.49873],[-51.61544,-18.49416],[-51.59816,-18.50283],[-51.58997,-18.49943],[-51.58649,-18.51297],[-51.57254,-18.51089],[-51.5701,-18.5264],[-51.55255,-18.52346],[-51.52749,-18.53819],[-51.50494,-18.55161],[-51.50663,-18.56444],[-51.49685,-18.56252],[-51.48957,-18.5722],[-51.47435,-18.57369],[-51.46179,-18.58485],[-51.43313,-18.59527],[-51.43274,-18.6004],[-51.43838,-18.60361],[-51.4341,-18.6098],[-51.4211,-18.60996],[-51.41046,-18.6187],[-51.40455,-18.61257],[-51.39785,-18.62344],[-51.38646,-18.62058],[-51.37271,-18.63397],[-51.37035,-18.64237],[-51.35452,-18.63581],[-51.34935,-18.6527],[-51.33199,-18.66755],[-51.33524,-18.68174],[-51.32041,-18.67349],[-51.29477,-18.70608],[-51.27163,-18.71489],[-51.26363,-18.73182],[-51.24568,-18.73183],[-51.22719,-18.74322],[-51.21788,-18.77149],[-51.20924,-18.77273],[-51.21049,-18.78433],[-51.19499,-18.78155],[-51.17835,-18.79037],[-51.18491,-18.81024],[-51.17349,-18.80908],[-51.16466,-18.81782],[-51.15582,-18.81108],[-51.14068,-18.8388],[-51.1199,-18.85673],[-51.12513,-18.86884],[-51.12074,-18.87582],[-51.10377,-18.87597],[-51.09466,-18.86966],[-51.08483,-18.87812],[-51.07649,-18.87087],[-51.04412,-18.88726],[-51.03957,-18.90655],[-51.02179,-18.89762],[-51.00665,-18.90951],[-50.99132,-18.90668],[-50.9636,-18.94692],[-50.95832,-18.9628],[-50.96054,-18.97404],[-50.93518,-18.97799],[-50.94107,-19.00531],[-50.93144,-19.00542],[-50.92457,-18.99769],[-50.92185,-19.00072],[-50.92993,-19.01577],[-50.92393,-19.02269],[-50.91363,-19.01908],[-50.90182,-19.03427],[-50.89007,-19.02567],[-50.8791,-19.03087],[-50.8758,-19.04231],[-50.87893,-19.04775],[-50.8946,-19.05189],[-50.88041,-19.05656],[-50.86691,-19.04478],[-50.86388,-19.05505],[-50.84988,-19.06669],[-50.8408,-19.06462],[-50.82716,-19.07509],[-50.81846,-19.07238],[-50.78663,-19.09267],[-50.77885,-19.12464],[-50.77196,-19.12538],[-50.76832,-19.1184],[-50.76538,-19.12249],[-50.76424,-19.12938],[-50.77113,-19.13455],[-50.76963,-19.1459],[-50.76302,-19.14954],[-50.75327,-19.14038],[-50.73707,-19.16038],[-50.72732,-19.16293],[-50.73324,-19.18583],[-50.74238,-19.19695],[-50.74183,-19.21438],[-50.74855,-19.23979],[-50.77124,-19.25937],[-50.78855,-19.26269],[-50.81794,-19.28933],[-50.82922,-19.31049],[-50.85289,-19.30888],[-50.85458,-19.29544],[-50.86602,-19.29088],[-50.8705,-19.27589],[-50.87453,-19.28251],[-50.88572,-19.28557],[-50.877,-19.27197],[-50.89769,-19.25705],[-50.89661,-19.24025],[-50.90555,-19.22325],[-50.91758,-19.21996],[-50.93403,-19.22346],[-50.9403,-19.21609],[-50.93094,-19.21757],[-50.92616,-19.21186],[-50.93283,-19.21003],[-50.93253,-19.2035],[-50.95842,-19.20189],[-50.9583,-19.19127],[-50.95114,-19.18738],[-50.95261,-19.17376],[-50.96036,-19.17647],[-50.96547,-19.18861],[-50.97652,-19.1836],[-50.98708,-19.16805],[-50.99436,-19.16776],[-51.00025,-19.17539],[-51.00625,-19.17873],[-51.01358,-19.17477],[-51.01541,-19.16978],[-51.00769,-19.16427],[-51.00972,-19.15931],[-51.01953,-19.15977],[-51.02847,-19.17211],[-51.03831,-19.16679],[-51.04139,-19.1515],[-51.05364,-19.15313],[-51.05797,-19.14004],[-51.05558,-19.13124],[-51.07939,-19.13323],[-51.08722,-19.11713],[-51.09511,-19.11755],[-51.09405,-19.12578],[-51.10336,-19.127],[-51.10775,-19.12065],[-51.12086,-19.11626],[-51.11872,-19.11073],[-51.12866,-19.10488],[-51.12489,-19.09742],[-51.14505,-19.10451],[-51.14939,-19.10076],[-51.14261,-19.09841],[-51.14728,-19.08406],[-51.15317,-19.0804],[-51.15358,-19.06992],[-51.163,-19.07301],[-51.17311,-19.06289],[-51.18825,-19.07195],[-51.18708,-19.0618],[-51.19694,-19.06822],[-51.20636,-19.06688],[-51.20086,-19.06094],[-51.20219,-19.0546],[-51.206,-19.05071],[-51.20995,-19.05681],[-51.21153,-19.04369],[-51.21692,-19.04536],[-51.22511,-19.03483],[-51.23866,-19.04501],[-51.24267,-19.02731],[-51.25381,-19.03383],[-51.25592,-19.02557],[-51.27053,-19.01852],[-51.273,-19.02928],[-51.2815,-19.02286],[-51.27669,-19.01458],[-51.29322,-19.01811],[-51.29181,-19.00495],[-51.30836,-19.00825],[-51.3118,-19.00192],[-51.30056,-18.98494],[-51.30486,-18.96801],[-51.31033,-18.97009],[-51.311,-18.96326],[-51.31575,-18.96245],[-51.32472,-18.96814],[-51.33055,-18.96219],[-51.33008,-18.95129],[-51.34786,-18.95526],[-51.35009,-18.9455],[-51.35664,-18.94409],[-51.35747,-18.93436],[-51.37945,-18.94097],[-51.38014,-18.92051],[-51.40625,-18.90951],[-51.423,-18.90566],[-51.43337,-18.91795],[-51.43795,-18.91681],[-51.43817,-18.90922],[-51.4275,-18.8974],[-51.43153,-18.89085],[-51.45325,-18.88624],[-51.46162,-18.87391],[-51.46992,-18.87196],[-51.4802,-18.88246],[-51.4895,-18.87637],[-51.49503,-18.88052],[-51.50397,-18.85863],[-51.51161,-18.86316],[-51.52478,-18.86013],[-51.52392,-18.85238],[-51.53439,-18.8513],[-51.53053,-18.84396],[-51.54317,-18.8439],[-51.55242,-18.82882],[-51.5567,-18.82668],[-51.55864,-18.83297],[-51.5645,-18.83382],[-51.58681,-18.82538],[-51.57936,-18.8221],[-51.58692,-18.80976],[-51.59417,-18.80758],[-51.59142,-18.80269],[-51.59586,-18.79457],[-51.60498,-18.79732],[-51.60408,-18.80183],[-51.61039,-18.80605],[-51.61686,-18.7988],[-51.61261,-18.78995],[-51.63011,-18.78598],[-51.63275,-18.79352],[-51.64075,-18.78724],[-51.64309,-18.79372],[-51.64898,-18.79388],[-51.66431,-18.78139],[-51.67026,-18.77588],[-51.66684,-18.76492],[-51.67976,-18.76079],[-51.68359,-18.76765],[-51.6902,-18.76362],[-51.69506,-18.76766],[-51.71737,-18.75333],[-51.74159,-18.75476],[-51.74935,-18.76336],[-51.76857,-18.7614],[-51.78243,-18.74677],[-51.77968,-18.74421],[-51.79679,-18.74167],[-51.79479,-18.73601],[-51.80265,-18.72783],[-51.8014,-18.72308],[-51.80868,-18.7211],[-51.80851,-18.72457],[-51.81312,-18.71792],[-51.82149,-18.7171],[-51.8267,-18.7135],[-51.82435,-18.70612],[-51.83137,-18.7059],[-51.83056,-18.7001],[-51.83784,-18.70005],[-51.8504,-18.68918],[-51.85573,-18.69233],[-51.8581,-18.67911],[-51.87218,-18.67657],[-51.87973,-18.66982],[-51.8891,-18.65107],[-51.88668,-18.64734],[-51.89285,-18.65021],[-51.89145,-18.63484],[-51.8964,-18.63307],[-51.89471,-18.60997],[-51.90279,-18.59156],[-51.89996,-18.58585],[-51.9242,-18.54123],[-51.84604,-18.57204],[-51.81609,-18.5587],[-51.81142,-18.54868],[-51.7992,-18.5415],[-51.80172,-18.52673],[-51.79175,-18.5076],[-51.79808,-18.48942],[-51.75769,-18.47571],[-51.75511,-18.47064],[-51.7481,-18.47186],[-51.75413,-18.4747],[-51.74966,-18.47958],[-51.73516,-18.4805],[-51.72697,-18.473],[-51.72324,-18.48003],[-51.70788,-18.47693],[-51.70813,-18.48132],[-51.6906,-18.49119],[-51.68627,-18.48139],[-51.66241,-18.49613],[-51.63913,-18.49386]]]},"properties":{"CD_MUN":"5211305","NM_MUN":"Itarumã","SIGLA_UF":"GO"}},{"type":"Feature","geometry":{"type":"Polygon","coordinates":[[[-49.81796,-13.94046],[-49.81769,-13.9507],[-49.81138,-13.95034],[-49.80757,-13.95968],[-49.79738,-13.96177],[-49.80099,-13.96412],[-49.79394,-13.97455],[-49.81002,-13.98369],[-49.81113,-13.98867],[-49.80035,-13.99158],[-49.79824,-13.99675],[-49.80852,-14.00819],[-49.8008,-14.00889],[-49.79897,-14.01947],[-49.79013,-14.00328],[-49.78396,-14.00437],[-49.78266,-14.01686],[-49.77296,-14.01345],[-49.76916,-14.02971],[-49.75833,-14.03317],[-49.74566,-14.04658],[-49.74499,-14.05319],[-49.75936,-14.06792],[-49.75316,-14.071],[-49.75602,-14.08356],[-49.74961,-14.08509],[-49.74458,-14.08021],[-49.73802,-14.07666],[-49.73388,-14.08067],[-49.73305,-14.11294],[-49.7445,-14.13044],[-49.74797,-14.16233],[-49.7522,-14.16475],[-49.70678,-14.21234],[-49.70736,-14.21782],[-49.74097,-14.23196],[-49.7507,-14.24054],[-49.75314,-14.25028],[-49.77055,-14.24747],[-49.77522,-14.25226],[-49.76925,-14.2528],[-49.76706,-14.26909],[-49.7515,-14.2702],[-49.75431,-14.28032],[-49.74506,-14.28933],[-49.73683,-14.29056],[-49.72609,-14.30073],[-49.71981,-14.2971],[-49.71608,-14.30348],[-49.70331,-14.30573],[-49.70762,-14.31513],[-49.70303,-14.32258],[-49.70978,-14.33584],[-49.70022,-14.33469],[-49.69817,-14.3411],[-49.69028,-14.33962],[-49.68248,-14.34466],[-49.67847,-14.31657],[-49.66731,-14.31096],[-49.66314,-14.30019],[-49.62189,-14.292],[-49.58997,-14.29311],[-49.57464,-14.28724],[-49.56116,-14.26562],[-49.56303,-14.25378],[-49.55733,-14.23999],[-49.56118,-14.23282],[-49.50463,-14.24865],[-49.47772,-14.41028],[-49.50722,-14.46785],[-49.52244,-14.47527],[-49.54117,-14.46388],[-49.54945,-14.50038],[-49.5539,-14.50377],[-49.54114,-14.5159],[-49.54245,-14.53448],[-49.53517,-14.54689],[-49.54725,-14.5546],[-49.55162,-14.56982],[-49.55526,-14.56992],[-49.5569,-14.59883],[-49.56656,-14.60563],[-49.57495,-14.62694],[-49.56757,-14.64777],[-49.58973,-14.65459],[-49.59699,-14.66383],[-49.60554,-14.66583],[-49.61501,-14.68151],[-49.62443,-14.67654],[-49.63226,-14.64781],[-49.62604,-14.6334],[-49.64371,-14.62824],[-49.63462,-14.57849],[-49.63406,-14.56643],[-49.65101,-14.55293],[-49.65295,-14.53861],[-49.65826,-14.53871],[-49.65604,-14.53309],[-49.6619,-14.53091],[-49.65659,-14.51088],[-49.66009,-14.48096],[-49.66659,-14.47689],[-49.68628,-14.47902],[-49.69356,-14.46599],[-49.70418,-14.45536],[-49.71145,-14.45448],[-49.7099,-14.44094],[-49.72082,-14.45109],[-49.73304,-14.44901],[-49.73848,-14.42797],[-49.72867,-14.42546],[-49.741,-14.41105],[-49.76531,-14.41488],[-49.76545,-14.40736],[-49.75409,-14.39584],[-49.7814,-14.38792],[-49.77498,-14.38148],[-49.77903,-14.36676],[-49.77448,-14.34982],[-49.78417,-14.34807],[-49.78348,-14.33998],[-49.77318,-14.32731],[-49.77892,-14.32268],[-49.79098,-14.32994],[-49.79853,-14.32915],[-49.80015,-14.32138],[-49.79161,-14.31291],[-49.79164,-14.30548],[-49.78437,-14.30744],[-49.78006,-14.3032],[-49.79925,-14.28954],[-49.80965,-14.29178],[-49.8005,-14.2823],[-49.80364,-14.26022],[-49.80925,-14.25786],[-49.81425,-14.26591],[-49.82187,-14.25506],[-49.81825,-14.24158],[-49.82534,-14.2348],[-49.8075,-14.22192],[-49.80822,-14.20724],[-49.81725,-14.19967],[-49.83095,-14.20432],[-49.83508,-14.18307],[-49.83778,-14.19436],[-49.84369,-14.19681],[-49.86083,-14.1831],[-49.84617,-14.17653],[-49.83181,-14.14929],[-49.82005,-14.14113],[-49.83091,-14.13594],[-49.84611,-14.11504],[-49.86669,-14.11807],[-49.86922,-14.10505],[-49.87928,-14.10475],[-49.88039,-14.09906],[-49.86861,-14.08546],[-49.86994,-14.07786],[-49.88858,-14.07886],[-49.89591,-14.06863],[-49.89369,-14.06144],[-49.88047,-14.05779],[-49.87297,-14.04517],[-49.87541,-14.03749],[-49.88383,-14.03327],[-49.8728,-14.01405],[-49.87874,-14.00065],[-49.88138,-13.98634],[-49.87805,-13.98281],[-49.85186,-13.97985],[-49.85194,-13.97178],[-49.86641,-13.95972],[-49.86149,-13.95111],[-49.85527,-13.94794],[-49.83319,-13.95585],[-49.82946,-13.9476],[-49.81796,-13.94046]]]},"properties":{"CD_MUN":"5219704","NM_MUN":"Santa Terezinha de Goiás","SIGLA_UF":"GO"}},{"type":"Feature","geometry":{"type":"Polygon","coordinates":[[[-50.61677,-17.3766],[-50.60755,-17.37659],[-50.59871,-17.38441],[-50.5973,-17.39154],[-50.60352,-17.3984],[-50.59835,-17.40092],[-50.59035,-17.39459],[-50.58927,-17.40971],[-50.57893,-17.40376],[-50.5683,-17.40781],[-50.55677,-17.40413],[-50.55472,-17.40784],[-50.56005,-17.41375],[-50.55121,-17.41763],[-50.54152,-17.41476],[-50.53421,-17.43018],[-50.52708,-17.42926],[-50.52369,-17.43237],[-50.52794,-17.43579],[-50.52296,-17.44867],[-50.52458,-17.46437],[-50.54236,-17.47672],[-50.52883,-17.47381],[-50.5213,-17.47695],[-50.52536,-17.49304],[-50.51619,-17.50462],[-50.51519,-17.52129],[-50.52655,-17.53486],[-50.54905,-17.53339],[-50.55833,-17.5429],[-50.55838,-17.55647],[-50.54567,-17.57777],[-50.55844,-17.59603],[-50.56144,-17.59303],[-50.58364,-17.60915],[-50.60372,-17.61156],[-50.6015,-17.61574],[-50.61767,-17.63257],[-50.62428,-17.62507],[-50.63506,-17.62379],[-50.64525,-17.63305],[-50.66348,-17.63837],[-50.66473,-17.65096],[-50.70076,-17.65952],[-50.70955,-17.64634],[-50.70865,-17.63441],[-50.71899,-17.62684],[-50.73551,-17.58858],[-50.75456,-17.57528],[-50.75069,-17.57196],[-50.75108,-17.53134],[-50.73106,-17.50911],[-50.70123,-17.49856],[-50.69925,-17.48925],[-50.68815,-17.4774],[-50.6711,-17.48228],[-50.65987,-17.47344],[-50.65671,-17.46205],[-50.64646,-17.45599],[-50.65353,-17.4088],[-50.64414,-17.41369],[-50.63524,-17.40632],[-50.63011,-17.38355],[-50.61677,-17.3766]]]},"properties":{"CD_MUN":"5219712","NM_MUN":"Santo Antônio da Barra","SIGLA_UF":"GO"}},{"type":"Feature","geometry":{"type":"Polygon","coordinates":[[[-46.88216,-15.61015],[-46.85385,-15.6196],[-46.85854,-15.63966],[-46.85213,-15.65305],[-46.85527,-15.6831],[-46.84199,-15.71469],[-46.82669,-15.72999],[-46.8268,-15.75222],[-46.81266,-15.7873],[-46.82349,-15.80896],[-46.82277,-15.82465],[-46.80502,-15.85947],[-46.80566,-15.87202],[-46.81269,-15.87978],[-46.83119,-15.88003],[-47.05234,-15.93794],[-47.08462,-15.96151],[-47.10496,-15.95896],[-47.12526,-15.94598],[-47.13412,-15.95021],[-47.13062,-15.93783],[-47.13354,-15.92511],[-47.13095,-15.9153],[-47.12198,-15.91839],[-47.12204,-15.90636],[-47.11617,-15.90478],[-47.11315,-15.8969],[-47.11578,-15.89034],[-47.10956,-15.85451],[-47.12206,-15.84799],[-47.11634,-15.83982],[-47.11775,-15.79949],[-47.11042,-15.79037],[-47.11217,-15.77399],[-47.10144,-15.75122],[-47.10175,-15.73629],[-47.11408,-15.72818],[-47.12989,-15.66904],[-47.16039,-15.65012],[-47.18055,-15.61276],[-47.17969,-15.59825],[-47.16628,-15.60001],[-47.14505,-15.59463],[-47.12461,-15.58298],[-47.10374,-15.55913],[-47.0736,-15.55469],[-47.04821,-15.53494],[-47.04121,-15.53487],[-47.01816,-15.54554],[-47.01202,-15.62559],[-46.99899,-15.64532],[-46.99669,-15.65383],[-46.9918,-15.6499],[-46.97519,-15.65277],[-46.97383,-15.64884],[-46.96969,-15.65209],[-46.9701,-15.66224],[-46.96285,-15.65633],[-46.95824,-15.66334],[-46.94566,-15.64608],[-46.9321,-15.65048],[-46.93022,-15.64331],[-46.9266,-15.64425],[-46.91205,-15.62724],[-46.91438,-15.6252],[-46.88976,-15.61845],[-46.88216,-15.61015]]]},"properties":{"CD_MUN":"5204003","NM_MUN":"Cabeceiras","SIGLA_UF":"GO"}},{"type":"Feature","geometry":{"type":"Polygon","coordinates":[[[-48.95563,-13.34548],[-48.9346,-13.35198],[-48.93241,-13.36175],[-48.93894,-13.37049],[-48.93446,-13.37681],[-48.92355,-13.37602],[-48.91524,-13.38522],[-48.90369,-13.3837],[-48.90447,-13.39222],[-48.89432,-13.3995],[-48.89335,-13.4236],[-48.87133,-13.42292],[-48.87829,-13.43375],[-48.87077,-13.43561],[-48.86416,-13.42977],[-48.85652,-13.43652],[-48.84799,-13.45414],[-48.84994,-13.46529],[-48.84246,-13.47729],[-48.83358,-13.4777],[-48.82816,-13.48437],[-48.83161,-13.49426],[-48.82413,-13.50058],[-48.83802,-13.52999],[-48.83033,-13.53541],[-48.83208,-13.54642],[-48.84339,-13.54688],[-48.85853,-13.56355],[-48.86133,-13.57376],[-48.87436,-13.57733],[-48.88108,-13.59723],[-48.89542,-13.60055],[-48.89655,-13.60983],[-48.9075,-13.61073],[-48.91975,-13.62154],[-48.92042,-13.63227],[-48.91647,-13.63493],[-48.92956,-13.6631],[-48.92586,-13.66741],[-48.93086,-13.67356],[-48.95289,-13.67809],[-48.96787,-13.68886],[-48.97215,-13.69945],[-48.96765,-13.71846],[-48.97553,-13.72975],[-48.98942,-13.73369],[-48.98937,-13.74222],[-48.99982,-13.75792],[-49.00912,-13.75478],[-49.01031,-13.75949],[-49.01468,-13.7556],[-49.02868,-13.76486],[-49.05046,-13.76497],[-49.05623,-13.74531],[-49.07804,-13.73717],[-49.08323,-13.74787],[-49.11521,-13.77156],[-49.13954,-13.72081],[-49.12565,-13.69596],[-49.12684,-13.68118],[-49.10843,-13.66675],[-49.11965,-13.66114],[-49.11473,-13.64944],[-49.12104,-13.63875],[-49.11539,-13.62605],[-49.1192,-13.61935],[-49.09326,-13.61343],[-49.08576,-13.60445],[-49.08956,-13.59938],[-49.08242,-13.59167],[-49.08298,-13.58269],[-49.07615,-13.57797],[-49.07559,-13.56746],[-49.07948,-13.56538],[-49.07448,-13.55657],[-49.08386,-13.55573],[-49.08439,-13.54933],[-49.07736,-13.54697],[-49.05903,-13.51713],[-49.04811,-13.52102],[-49.032,-13.51611],[-49.03208,-13.50088],[-49.02125,-13.50522],[-49.01375,-13.49944],[-49.01461,-13.48821],[-49.00661,-13.47984],[-49.00202,-13.46433],[-49.00914,-13.44814],[-48.99508,-13.4249],[-49.00286,-13.41895],[-48.99655,-13.39165],[-48.98555,-13.39169],[-48.97996,-13.38132],[-48.98186,-13.37499],[-48.97255,-13.36497],[-48.96922,-13.36903],[-48.96138,-13.36156],[-48.95563,-13.34548]]]},"properties":{"CD_MUN":"5219605","NM_MUN":"Santa Tereza de Goiás","SIGLA_UF":"GO"}},{"type":"Feature","geometry":{"type":"Polygon","coordinates":[[[-50.4776,-16.11994],[-50.44346,-16.11735],[-50.44008,-16.10168],[-50.43379,-16.09555],[-50.40563,-16.09108],[-50.39768,-16.0818],[-50.39102,-16.08464],[-50.36707,-16.07572],[-50.35503,-16.07887],[-50.35897,-16.08281],[-50.36763,-16.08146],[-50.37864,-16.10582],[-50.37472,-16.10647],[-50.37551,-16.11407],[-50.36834,-16.12471],[-50.37213,-16.13018],[-50.36657,-16.13446],[-50.3696,-16.14236],[-50.3753,-16.15348],[-50.38202,-16.1515],[-50.38468,-16.15672],[-50.39316,-16.15732],[-50.39066,-16.16591],[-50.39985,-16.18169],[-50.39971,-16.1867],[-50.39263,-16.18831],[-50.39255,-16.1963],[-50.40005,-16.20147],[-50.40302,-16.19447],[-50.41024,-16.19356],[-50.41388,-16.20979],[-50.4295,-16.22627],[-50.43796,-16.22325],[-50.44169,-16.23036],[-50.44928,-16.22871],[-50.46247,-16.23614],[-50.46592,-16.24722],[-50.45731,-16.25323],[-50.46267,-16.26084],[-50.49163,-16.24843],[-50.50311,-16.22816],[-50.51253,-16.22499],[-50.52861,-16.23475],[-50.55708,-16.20157],[-50.53961,-16.17979],[-50.51814,-16.17529],[-50.4901,-16.14795],[-50.4776,-16.11994]]]},"properties":{"CD_MUN":"5203939","NM_MUN":"Buriti de Goiás","SIGLA_UF":"GO"}},{"type":"Feature","geometry":{"type":"Polygon","coordinates":[[[-46.4317,-14.42269],[-46.42495,-14.42691],[-46.41231,-14.41003],[-46.40723,-14.41395],[-46.39395,-14.40351],[-46.36642,-14.39966],[-46.36356,-14.38291],[-46.34639,-14.37303],[-46.33256,-14.37745],[-46.31739,-14.36945],[-46.27939,-14.37181],[-46.26405,-14.3544],[-46.24402,-14.3437],[-46.22597,-14.31841],[-46.19643,-14.30476],[-46.191,-14.29513],[-46.1855,-14.31907],[-46.19577,-14.35488],[-46.19098,-14.3719],[-46.18335,-14.37775],[-46.18167,-14.38722],[-46.14824,-14.41469],[-46.16506,-14.4345],[-46.19923,-14.4548],[-46.221,-14.45081],[-46.22598,-14.44028],[-46.25081,-14.44506],[-46.25561,-14.43861],[-46.27475,-14.43371],[-46.29023,-14.4427],[-46.31051,-14.44361],[-46.33406,-14.45318],[-46.3565,-14.44166],[-46.38025,-14.44544],[-46.38867,-14.45763],[-46.38559,-14.47395],[-46.39601,-14.47444],[-46.41228,-14.48849],[-46.42126,-14.48319],[-46.42654,-14.49258],[-46.43381,-14.48385],[-46.45279,-14.48411],[-46.45807,-14.47746],[-46.44554,-14.46811],[-46.44773,-14.46166],[-46.4372,-14.45792],[-46.4317,-14.42269]]]},"properties":{"CD_MUN":"5203962","NM_MUN":"Buritinópolis","SIGLA_UF":"GO"}},{"type":"Feature","geometry":{"type":"Polygon","coordinates":[[[-49.17444,-17.98907],[-49.15291,-17.96962],[-49.13205,-17.98383],[-49.114,-17.98384],[-49.08527,-17.95562],[-49.07016,-17.95961],[-49.05788,-17.94884],[-49.04029,-17.96379],[-49.03682,-17.97473],[-49.0268,-17.97077],[-49.01035,-17.97734],[-48.99838,-17.98879],[-48.9831,-17.97946],[-48.97357,-17.99212],[-48.96057,-17.98595],[-48.95171,-17.99802],[-48.94941,-18.01942],[-48.9416,-18.01403],[-48.93024,-18.02117],[-48.93619,-18.0324],[-48.9306,-18.03272],[-48.93402,-18.04169],[-48.92983,-18.04598],[-48.94269,-18.05421],[-48.93202,-18.05566],[-48.92972,-18.06087],[-48.92235,-18.05874],[-48.92205,-18.07318],[-48.90991,-18.08111],[-48.91585,-18.09082],[-48.90358,-18.09262],[-48.90182,-18.087],[-48.89374,-18.09407],[-48.88702,-18.08815],[-48.8741,-18.08579],[-48.88154,-18.0956],[-48.87118,-18.09515],[-48.879,-18.10712],[-48.87321,-18.11105],[-48.87266,-18.12052],[-48.86497,-18.12425],[-48.87477,-18.12541],[-48.8743,-18.13696],[-48.85674,-18.13727],[-48.85713,-18.14765],[-48.86194,-18.14778],[-48.86283,-18.15338],[-48.85766,-18.15171],[-48.83327,-18.17479],[-48.82477,-18.17634],[-48.83669,-18.18358],[-48.83655,-18.18791],[-48.8153,-18.19774],[-48.81035,-18.19175],[-48.79977,-18.19409],[-48.80347,-18.21199],[-48.81194,-18.22317],[-48.80755,-18.23345],[-48.82353,-18.23861],[-48.81855,-18.26419],[-48.84242,-18.27026],[-48.84861,-18.29251],[-48.86236,-18.29678],[-48.8685,-18.28916],[-48.86889,-18.27797],[-48.88853,-18.2664],[-48.90217,-18.27419],[-48.89758,-18.30185],[-48.90167,-18.30712],[-48.91745,-18.3059],[-48.93647,-18.30623],[-48.9592,-18.32351],[-48.96336,-18.31184],[-48.98314,-18.29139],[-48.98406,-18.27716],[-48.99259,-18.27791],[-48.98481,-18.26632],[-48.99559,-18.26035],[-48.99559,-18.24064],[-49.00084,-18.23522],[-49.00164,-18.22392],[-49.00753,-18.22011],[-49.00456,-18.21772],[-49.0098,-18.21283],[-49.00887,-18.20605],[-49.02139,-18.208],[-49.0223,-18.20188],[-49.05239,-18.19627],[-49.07645,-18.18113],[-49.0912,-18.1555],[-49.09956,-18.10481],[-49.12572,-18.10781],[-49.13175,-18.11761],[-49.15498,-18.12409],[-49.18345,-18.16571],[-49.22476,-18.17436],[-49.24584,-18.16661],[-49.24364,-18.15606],[-49.23215,-18.15603],[-49.23667,-18.14823],[-49.22612,-18.13973],[-49.22114,-18.11957],[-49.20995,-18.1171],[-49.21711,-18.10879],[-49.20948,-18.10835],[-49.20356,-18.09151],[-49.18623,-18.08051],[-49.17806,-18.06256],[-49.18197,-18.05692],[-49.179,-18.04624],[-49.17328,-18.04302],[-49.17639,-18.03431],[-49.1655,-18.02265],[-49.17583,-18.02627],[-49.17956,-18.02172],[-49.17484,-18.01391],[-49.17444,-17.98907]]]},"properties":{"CD_MUN":"5203906","NM_MUN":"Buriti Alegre","SIGLA_UF":"GO"}},{"type":"Feature","geometry":{"type":"Polygon","coordinates":[[[-49.53282,-15.97737],[-49.51659,-15.97802],[-49.50804,-15.97317],[-49.46612,-16.00453],[-49.43359,-16.01678],[-49.40178,-16.01547],[-49.40517,-16.03088],[-49.42106,-16.04458],[-49.42234,-16.05283],[-49.43356,-16.05816],[-49.43273,-16.06627],[-49.4412,-16.07608],[-49.43737,-16.08353],[-49.44404,-16.09519],[-49.44401,-16.11088],[-49.45418,-16.11439],[-49.4576,-16.13958],[-49.44801,-16.16787],[-49.47479,-16.15366],[-49.48813,-16.13222],[-49.52321,-16.12314],[-49.52805,-16.11346],[-49.53852,-16.09194],[-49.53668,-16.07838],[-49.54279,-16.07246],[-49.53632,-16.0314],[-49.52949,-16.02904],[-49.52001,-16.00028],[-49.52529,-15.98884],[-49.53518,-15.98633],[-49.53282,-15.97737]]]},"properties":{"CD_MUN":"5219506","NM_MUN":"Santa Rosa de Goiás","SIGLA_UF":"GO"}},{"type":"Feature","geometry":{"type":"Polygon","coordinates":[[[-51.08366,-14.91644],[-51.09344,-14.93518],[-51.11096,-14.94539],[-51.10825,-14.95194],[-51.11916,-14.96024],[-51.11502,-14.97075],[-51.13561,-15.00143],[-51.13427,-15.00894],[-51.14603,-15.02051],[-51.14325,-15.034],[-51.14066,-15.03],[-51.13447,-15.03812],[-51.12842,-15.03464],[-51.12244,-15.05363],[-51.11947,-15.04818],[-51.11125,-15.05094],[-51.11375,-15.05757],[-51.10886,-15.06126],[-51.11389,-15.06518],[-51.10825,-15.07131],[-51.12052,-15.07627],[-51.11506,-15.10098],[-51.12447,-15.10284],[-51.11883,-15.10734],[-51.12531,-15.11625],[-51.12961,-15.11492],[-51.12861,-15.12497],[-51.13675,-15.12094],[-51.14764,-15.12735],[-51.15028,-15.1357],[-51.14545,-15.13558],[-51.15053,-15.14222],[-51.14425,-15.14418],[-51.14595,-15.15642],[-51.1483,-15.1529],[-51.15492,-15.15666],[-51.15142,-15.16461],[-51.15906,-15.16519],[-51.15564,-15.17423],[-51.16503,-15.18208],[-51.1607,-15.18858],[-51.1682,-15.1985],[-51.16692,-15.19405],[-51.17495,-15.19328],[-51.17051,-15.2015],[-51.17656,-15.20371],[-51.16664,-15.209],[-51.16664,-15.22259],[-51.15909,-15.22146],[-51.15923,-15.21449],[-51.15042,-15.20773],[-51.14098,-15.22263],[-51.13587,-15.22232],[-51.13348,-15.2147],[-51.1227,-15.22197],[-51.11323,-15.21748],[-51.10475,-15.22975],[-51.09917,-15.22664],[-51.08959,-15.23501],[-51.0885,-15.22957],[-51.082,-15.23759],[-51.07764,-15.23439],[-51.07042,-15.23942],[-51.07206,-15.24596],[-51.06309,-15.24989],[-51.069,-15.25753],[-51.05842,-15.26363],[-51.06459,-15.26331],[-51.06976,-15.27122],[-51.06201,-15.27371],[-51.06259,-15.28522],[-51.05303,-15.28697],[-51.05081,-15.29901],[-51.04173,-15.30376],[-51.04598,-15.31185],[-51.03103,-15.32897],[-51.03261,-15.34357],[-51.02642,-15.3467],[-51.02692,-15.34099],[-51.01937,-15.34212],[-51.0222,-15.34848],[-51.01809,-15.35018],[-51.01253,-15.34281],[-51.00867,-15.34813],[-51.00103,-15.34699],[-51.001,-15.36398],[-50.99387,-15.36651],[-50.9804,-15.35382],[-50.97514,-15.35759],[-50.96501,-15.37121],[-50.96426,-15.38873],[-50.95948,-15.39182],[-50.96345,-15.41025],[-50.95751,-15.41246],[-50.95851,-15.42315],[-50.95431,-15.42214],[-50.94804,-15.4342],[-50.94829,-15.42667],[-50.94128,-15.42638],[-50.9352,-15.43816],[-50.92662,-15.44027],[-50.92645,-15.44927],[-51.11876,-15.43658],[-51.1164,-15.42887],[-51.12693,-15.43038],[-51.1229,-15.41886],[-51.14168,-15.4186],[-51.14318,-15.43229],[-51.17338,-15.44206],[-51.18193,-15.45135],[-51.18771,-15.45093],[-51.20088,-15.46867],[-51.21321,-15.47091],[-51.2166,-15.47944],[-51.23135,-15.48415],[-51.24113,-15.49027],[-51.25683,-15.48808],[-51.29252,-15.47069],[-51.31105,-15.48084],[-51.31538,-15.41191],[-51.30152,-15.41098],[-51.3064,-15.3234],[-51.2129,-15.30801],[-51.2304,-15.27073],[-51.27204,-15.27579],[-51.38165,-15.24145],[-51.38574,-15.20641],[-51.37962,-15.18046],[-51.38923,-15.15723],[-51.39859,-15.14911],[-51.39779,-15.14241],[-51.40218,-15.14188],[-51.40026,-15.13426],[-51.4094,-15.11691],[-51.40387,-15.09967],[-51.40712,-15.08745],[-51.39965,-15.07048],[-51.39423,-15.06982],[-51.39523,-15.03648],[-51.35517,-15.01292],[-51.35689,-15.00247],[-51.34706,-14.99011],[-51.33742,-14.97334],[-51.32325,-14.97146],[-51.30164,-14.98622],[-51.29825,-15.02231],[-51.29011,-15.03431],[-51.27153,-15.03778],[-51.24223,-15.03537],[-51.19828,-15.00485],[-51.15038,-14.98372],[-51.14558,-14.97744],[-51.14652,-14.95949],[-51.13144,-14.94055],[-51.08366,-14.91644]]]},"properties":{"CD_MUN":"5203807","NM_MUN":"Britânia","SIGLA_UF":"GO"}},{"type":"Feature","geometry":{"type":"Polygon","coordinates":[[[-53.0135,-16.86482],[-53.00947,-16.85813],[-53.00589,-16.86415],[-53.00125,-16.85964],[-52.99803,-16.86549],[-52.97603,-16.86347],[-52.96889,-16.86965],[-52.96191,-16.86587],[-52.96444,-16.85844],[-52.95316,-16.86037],[-52.95697,-16.85076],[-52.94947,-16.85359],[-52.95033,-16.86038],[-52.94438,-16.85623],[-52.94719,-16.84526],[-52.95272,-16.8419],[-52.92677,-16.84161],[-52.92724,-16.8378],[-52.92063,-16.83402],[-52.91808,-16.85612],[-52.913,-16.85659],[-52.91883,-16.86155],[-52.91575,-16.86916],[-52.92327,-16.87005],[-52.92103,-16.87368],[-52.92811,-16.88244],[-52.92202,-16.88716],[-52.92256,-16.90835],[-52.91308,-16.91498],[-52.9083,-16.92532],[-52.91283,-16.92594],[-52.90672,-16.93202],[-52.91256,-16.93491],[-52.91608,-16.94549],[-52.92492,-16.94827],[-52.93556,-16.94462],[-52.94383,-16.9503],[-52.94667,-16.9474],[-52.9465,-16.96197],[-52.95406,-16.96512],[-52.95417,-16.97082],[-52.96028,-16.97035],[-52.96342,-16.98039],[-52.95375,-17.00051],[-52.95495,-17.00897],[-52.95173,-17.00889],[-52.95664,-17.01848],[-52.95175,-17.02437],[-52.95711,-17.02745],[-52.95336,-17.03443],[-52.96951,-17.05334],[-52.96642,-17.06929],[-52.97189,-17.07472],[-52.96689,-17.07481],[-52.9687,-17.08025],[-52.95659,-17.09729],[-52.95915,-17.10553],[-52.95717,-17.10998],[-52.95198,-17.10772],[-52.95292,-17.11696],[-52.94287,-17.11797],[-52.94173,-17.1244],[-52.94779,-17.12956],[-52.9362,-17.13283],[-52.93065,-17.14897],[-52.92462,-17.1477],[-52.92134,-17.16818],[-52.91495,-17.17245],[-52.91431,-17.1893],[-52.92718,-17.21492],[-52.92537,-17.22018],[-52.90845,-17.24411],[-52.88817,-17.25012],[-52.89171,-17.26252],[-52.88359,-17.26942],[-52.88946,-17.28762],[-52.93202,-17.30604],[-52.9671,-17.3088],[-52.97185,-17.31685],[-53.00079,-17.33085],[-53.02127,-17.34532],[-53.03744,-17.34897],[-53.04538,-17.36297],[-53.05671,-17.36453],[-53.06096,-17.37044],[-53.08735,-17.36419],[-53.09294,-17.36828],[-53.09578,-17.38109],[-53.08461,-17.377],[-53.08413,-17.38463],[-53.07753,-17.38589],[-53.08166,-17.38662],[-53.07939,-17.39434],[-53.09338,-17.40407],[-53.09866,-17.41678],[-53.10261,-17.45366],[-53.11256,-17.4632],[-53.11547,-17.47583],[-53.13136,-17.49418],[-53.13569,-17.50694],[-53.14775,-17.50286],[-53.16264,-17.50812],[-53.17178,-17.51486],[-53.18289,-17.53692],[-53.18173,-17.55352],[-53.06978,-17.6654],[-53.11073,-17.66132],[-53.11764,-17.66499],[-53.13184,-17.64975],[-53.16559,-17.64598],[-53.17856,-17.62475],[-53.19626,-17.61329],[-53.22587,-17.61343],[-53.2427,-17.60179],[-53.24265,-17.59245],[-53.23845,-17.58985],[-53.2404,-17.57061],[-53.24732,-17.56321],[-53.2409,-17.55282],[-53.24559,-17.54753],[-53.24284,-17.53404],[-53.24665,-17.52756],[-53.23956,-17.51592],[-53.24309,-17.50546],[-53.23736,-17.49858],[-53.24134,-17.49285],[-53.22373,-17.45871],[-53.22714,-17.44545],[-53.2332,-17.44091],[-53.22847,-17.43819],[-53.23017,-17.42665],[-53.22373,-17.42629],[-53.22034,-17.41321],[-53.21381,-17.41212],[-53.21522,-17.40513],[-53.20633,-17.40186],[-53.20889,-17.39568],[-53.21361,-17.39568],[-53.20728,-17.39314],[-53.20936,-17.3856],[-53.20455,-17.38378],[-53.20303,-17.38996],[-53.1967,-17.38042],[-53.20122,-17.37188],[-53.20472,-17.37316],[-53.2033,-17.3678],[-53.19614,-17.36853],[-53.19539,-17.36153],[-53.20617,-17.36217],[-53.20097,-17.34437],[-53.20656,-17.34264],[-53.202,-17.34028],[-53.20503,-17.33184],[-53.21638,-17.3283],[-53.21497,-17.3243],[-53.20844,-17.31486],[-53.21411,-17.31331],[-53.21005,-17.3124],[-53.21374,-17.30805],[-53.21847,-17.30959],[-53.21902,-17.2977],[-53.20816,-17.29333],[-53.20844,-17.28498],[-53.19569,-17.27662],[-53.19789,-17.26],[-53.18569,-17.25763],[-53.1751,-17.24083],[-53.17096,-17.22202],[-53.16491,-17.22012],[-53.16783,-17.21222],[-53.15604,-17.1886],[-53.15718,-17.17061],[-53.14216,-17.17106],[-53.13999,-17.1617],[-53.1279,-17.15461],[-53.13199,-17.14544],[-53.12688,-17.14417],[-53.11529,-17.12572],[-53.11887,-17.11319],[-53.11057,-17.10782],[-53.09951,-17.10863],[-53.10199,-17.10137],[-53.08868,-17.10045],[-53.09207,-17.09255],[-53.08451,-17.09508],[-53.08981,-17.08537],[-53.07934,-17.0889],[-53.08132,-17.07991],[-53.07754,-17.07936],[-53.07179,-17.08572],[-53.07359,-17.07754],[-53.0682,-17.07817],[-53.06698,-17.07336],[-53.06112,-17.07762],[-53.06198,-17.07136],[-53.05576,-17.07034],[-53.05812,-17.05909],[-53.0669,-17.05792],[-53.06067,-17.04874],[-53.06351,-17.04556],[-53.07229,-17.04902],[-53.0657,-17.03893],[-53.06873,-17.02994],[-53.06278,-17.03076],[-53.06128,-17.02031],[-53.05562,-17.0203],[-53.06345,-17.01695],[-53.06215,-17.01195],[-53.05581,-17.01494],[-53.05467,-17.00022],[-53.04967,-16.9928],[-53.05372,-16.98797],[-53.05489,-16.96341],[-53.05142,-16.96127],[-53.04831,-16.96712],[-53.04628,-16.94868],[-53.03386,-16.94123],[-53.033,-16.93033],[-53.03883,-16.93169],[-53.03345,-16.92073],[-53.03937,-16.91193],[-53.03197,-16.90819],[-53.02897,-16.91213],[-53.03155,-16.90446],[-53.01867,-16.89863],[-53.01608,-16.8849],[-53.01155,-16.88411],[-53.0175,-16.87885],[-53.01264,-16.8765],[-53.0135,-16.86482]]]},"properties":{"CD_MUN":"5219407","NM_MUN":"Santa Rita do Araguaia","SIGLA_UF":"GO"}},{"type":"Feature","geometry":{"type":"Polygon","coordinates":[[[-50.7077,-18.99679],[-50.69109,-18.96623],[-50.68126,-18.95862],[-50.6735,-18.92916],[-50.67817,-18.91311],[-50.61567,-18.92693],[-50.59853,-18.92458],[-50.56803,-18.90637],[-50.54097,-18.91027],[-50.50564,-18.8944],[-50.48514,-18.89972],[-50.47286,-18.92155],[-50.50392,-18.93131],[-50.51078,-18.93992],[-50.51164,-18.95198],[-50.49981,-18.97899],[-50.50378,-19.0045],[-50.49483,-19.01288],[-50.50598,-19.05188],[-50.53493,-19.09745],[-50.55134,-19.11179],[-50.57226,-19.12104],[-50.58584,-19.13782],[-50.64535,-19.13392],[-50.64121,-19.12136],[-50.6559,-19.1041],[-50.65646,-19.0903],[-50.65046,-19.08186],[-50.65462,-19.07696],[-50.66484,-19.07931],[-50.66932,-19.06568],[-50.66434,-19.04908],[-50.66835,-19.03818],[-50.67893,-19.0349],[-50.67787,-19.02147],[-50.68626,-19.00884],[-50.70276,-19.00592],[-50.7077,-18.99679]]]},"properties":{"CD_MUN":"5220405","NM_MUN":"São Simão","SIGLA_UF":"GO"}},{"type":"Feature","geometry":{"type":"Polygon","coordinates":[[[-51.69839,-15.48493],[-51.70806,-15.45644],[-51.69254,-15.43322],[-51.69728,-15.40996],[-51.67103,-15.3717],[-51.67328,-15.3574],[-51.68589,-15.34589],[-51.68795,-15.30883],[-51.67844,-15.29063],[-51.64658,-15.26792],[-51.64719,-15.26067],[-51.66766,-15.24631],[-51.65255,-15.20668],[-51.65175,-15.17984],[-51.62666,-15.16444],[-51.60679,-15.16347],[-51.59863,-15.1567],[-51.57357,-15.11346],[-51.55238,-15.10586],[-51.5356,-15.06966],[-51.52187,-15.0584],[-51.51201,-15.0546],[-51.47737,-15.05669],[-51.45203,-15.03402],[-51.44132,-15.03008],[-51.43015,-15.01037],[-51.42259,-15.00617],[-51.39798,-15.00345],[-51.37642,-15.01284],[-51.35689,-15.00247],[-51.35517,-15.01292],[-51.39523,-15.03648],[-51.39423,-15.06982],[-51.39965,-15.07048],[-51.40712,-15.08745],[-51.40387,-15.09967],[-51.4094,-15.11691],[-51.40026,-15.13426],[-51.40218,-15.14188],[-51.39779,-15.14241],[-51.39859,-15.14911],[-51.38923,-15.15723],[-51.37962,-15.18046],[-51.38574,-15.20641],[-51.38165,-15.24145],[-51.27204,-15.27579],[-51.2304,-15.27073],[-51.2129,-15.30801],[-51.3064,-15.3234],[-51.30152,-15.41098],[-51.31538,-15.41191],[-51.31105,-15.48084],[-51.29252,-15.47069],[-51.25683,-15.48808],[-51.24113,-15.49027],[-51.23135,-15.48415],[-51.24322,-15.54143],[-51.1745,-15.65304],[-51.24214,-15.6776],[-51.31969,-15.62443],[-51.37103,-15.59722],[-51.38509,-15.61169],[-51.38798,-15.62764],[-51.38462,-15.63455],[-51.39842,-15.62887],[-51.4092,-15.61325],[-51.44464,-15.60761],[-51.43745,-15.62632],[-51.43453,-15.66526],[-51.41773,-15.68203],[-51.40476,-15.68455],[-51.39125,-15.69621],[-51.38337,-15.72425],[-51.35662,-15.72618],[-51.33995,-15.73323],[-51.32526,-15.75204],[-51.29084,-15.77937],[-51.24445,-15.8065],[-51.21131,-15.79764],[-51.20317,-15.80344],[-51.18845,-15.80463],[-51.15684,-15.79825],[-51.15525,-15.81962],[-51.134,-15.84117],[-51.13253,-15.862],[-51.12319,-15.87049],[-51.12942,-15.89141],[-51.11859,-15.90785],[-51.07017,-15.88463],[-51.05339,-15.88404],[-51.05642,-15.87966],[-51.04831,-15.86622],[-51.05047,-15.8523],[-51.05714,-15.84438],[-51.05539,-15.82501],[-51.04836,-15.81749],[-51.04545,-15.8],[-51.02636,-15.78511],[-51.00425,-15.77776],[-50.99364,-15.74186],[-50.98863,-15.73904],[-50.99783,-15.7149],[-50.94332,-15.72556],[-50.94483,-15.73181],[-50.91383,-15.75716],[-50.9131,-15.77076],[-50.8948,-15.77482],[-50.89285,-15.77186],[-50.88716,-15.78436],[-50.87797,-15.78784],[-50.87177,-15.78252],[-50.86663,-15.78927],[-50.84332,-15.79123],[-50.83013,-15.78867],[-50.80802,-15.80147],[-50.79957,-15.8207],[-50.78596,-15.82998],[-50.78141,-15.84733],[-50.78518,-15.86487],[-50.77391,-15.87562],[-50.76294,-15.8987],[-50.77302,-15.92458],[-50.77316,-15.93947],[-50.7938,-15.94351],[-50.78244,-15.95638],[-50.77991,-15.96815],[-50.78291,-15.99476],[-50.795,-15.99597],[-50.79636,-15.99989],[-50.81392,-16.02362],[-50.83942,-16.01037],[-50.85211,-16.01441],[-50.87172,-16.01094],[-50.88245,-16.02307],[-50.88006,-16.03356],[-50.8852,-16.04391],[-50.91287,-16.05373],[-50.92406,-16.04877],[-50.93995,-16.0209],[-50.96998,-16.01628],[-50.98528,-16.02986],[-51.00025,-16.01884],[-51.00717,-16.01883],[-51.00592,-16.01512],[-51.01903,-16.00096],[-51.02948,-15.99878],[-51.03331,-15.98853],[-51.06781,-15.96787],[-51.08073,-15.97952],[-51.08667,-15.97821],[-51.09139,-15.96935],[-51.10376,-15.97082],[-51.11431,-15.9611],[-51.13173,-15.96633],[-51.13723,-15.95983],[-51.14365,-15.96181],[-51.15112,-15.95191],[-51.16032,-15.96012],[-51.17818,-15.95383],[-51.19732,-15.96526],[-51.20476,-15.96335],[-51.21143,-15.94536],[-51.22118,-15.94123],[-51.22937,-15.9476],[-51.24098,-15.94814],[-51.25749,-15.9626],[-51.25723,-15.96921],[-51.2666,-15.97442],[-51.28293,-15.95829],[-51.29276,-15.95525],[-51.30007,-15.9596],[-51.3056,-15.95564],[-51.30463,-15.946],[-51.31157,-15.94898],[-51.30973,-15.9365],[-51.31385,-15.94068],[-51.31707,-15.93504],[-51.32207,-15.93806],[-51.33101,-15.92538],[-51.34585,-15.92863],[-51.35907,-15.94018],[-51.3721,-15.93558],[-51.37927,-15.92341],[-51.38635,-15.92085],[-51.38754,-15.91053],[-51.38168,-15.90042],[-51.39524,-15.91034],[-51.39482,-15.90417],[-51.4039,-15.90446],[-51.39993,-15.89775],[-51.40538,-15.89824],[-51.41601,-15.88423],[-51.4246,-15.88261],[-51.41968,-15.87651],[-51.43204,-15.87742],[-51.42143,-15.85795],[-51.43076,-15.85199],[-51.42826,-15.8474],[-51.43362,-15.84607],[-51.43651,-15.8514],[-51.43807,-15.84472],[-51.44232,-15.8508],[-51.4626,-15.85353],[-51.46876,-15.83144],[-51.48485,-15.82445],[-51.48445,-15.81755],[-51.50096,-15.80985],[-51.5321,-15.81197],[-51.52818,-15.79559],[-51.53254,-15.78844],[-51.5206,-15.78228],[-51.52779,-15.7707],[-51.53743,-15.77294],[-51.53318,-15.77809],[-51.53721,-15.78039],[-51.5426,-15.77307],[-51.53596,-15.75894],[-51.54602,-15.7541],[-51.53207,-15.7492],[-51.53413,-15.73886],[-51.52726,-15.72664],[-51.53201,-15.71877],[-51.57537,-15.70252],[-51.57576,-15.68644],[-51.56846,-15.6824],[-51.56907,-15.67832],[-51.55815,-15.68142],[-51.56818,-15.66941],[-51.5622,-15.65175],[-51.57826,-15.64822],[-51.57262,-15.63764],[-51.58254,-15.62944],[-51.57685,-15.62359],[-51.58192,-15.61945],[-51.57562,-15.61277],[-51.57915,-15.60062],[-51.5819,-15.59755],[-51.58587,-15.60748],[-51.59028,-15.60533],[-51.5934,-15.58909],[-51.58873,-15.58361],[-51.59554,-15.57648],[-51.61357,-15.58713],[-51.63148,-15.56962],[-51.63209,-15.56182],[-51.64123,-15.56687],[-51.64437,-15.56316],[-51.64028,-15.55723],[-51.65065,-15.56129],[-51.63562,-15.5394],[-51.63534,-15.52468],[-51.64765,-15.50741],[-51.66945,-15.50021],[-51.69839,-15.48493]]]},"properties":{"CD_MUN":"5212204","NM_MUN":"Jussara","SIGLA_UF":"GO"}},{"type":"Feature","geometry":{"type":"Polygon","coordinates":[[[-49.50844,-17.75061],[-49.45902,-17.75091],[-49.4488,-17.75761],[-49.44442,-17.7504],[-49.42822,-17.74838],[-49.4235,-17.75479],[-49.42839,-17.76182],[-49.42405,-17.76864],[-49.4375,-17.77086],[-49.44164,-17.77735],[-49.4365,-17.78108],[-49.42658,-17.77751],[-49.42372,-17.78745],[-49.44603,-17.79137],[-49.45438,-17.78691],[-49.44075,-17.80155],[-49.43753,-17.82519],[-49.45381,-17.85091],[-49.46428,-17.84145],[-49.48419,-17.84218],[-49.49675,-17.83453],[-49.51826,-17.85558],[-49.52995,-17.85591],[-49.52845,-17.85057],[-49.54034,-17.84039],[-49.54989,-17.84355],[-49.56431,-17.83283],[-49.59698,-17.84087],[-49.6444,-17.86753],[-49.65912,-17.88392],[-49.67318,-17.87169],[-49.67943,-17.85892],[-49.72926,-17.86706],[-49.75021,-17.86578],[-49.76201,-17.8694],[-49.78282,-17.88603],[-49.78443,-17.84514],[-49.77218,-17.82631],[-49.77545,-17.81004],[-49.78476,-17.79743],[-49.78298,-17.78006],[-49.77862,-17.77696],[-49.68387,-17.80781],[-49.68623,-17.80046],[-49.72328,-17.77231],[-49.73584,-17.75454],[-49.72989,-17.72326],[-49.70439,-17.70395],[-49.69386,-17.68699],[-49.65778,-17.70389],[-49.65267,-17.725],[-49.64556,-17.72387],[-49.61331,-17.75413],[-49.6012,-17.75259],[-49.56481,-17.78408],[-49.55964,-17.78411],[-49.55564,-17.78001],[-49.56181,-17.76566],[-49.56258,-17.74304],[-49.54636,-17.71559],[-49.54586,-17.70651],[-49.55744,-17.66912],[-49.5473,-17.65572],[-49.54111,-17.6572],[-49.53766,-17.66777],[-49.54047,-17.68269],[-49.53019,-17.71209],[-49.53717,-17.73221],[-49.51608,-17.75149],[-49.50844,-17.75061]]]},"properties":{"CD_MUN":"5212105","NM_MUN":"Joviânia","SIGLA_UF":"GO"}},{"type":"Feature","geometry":{"type":"Polygon","coordinates":[[[-49.46612,-16.00453],[-49.47045,-15.98277],[-49.46536,-15.97097],[-49.47273,-15.95946],[-49.46629,-15.9441],[-49.39403,-15.90558],[-49.39569,-15.88978],[-49.38975,-15.88737],[-49.38859,-15.90405],[-49.37855,-15.91462],[-49.36344,-15.90204],[-49.34283,-15.91793],[-49.33795,-15.93143],[-49.3468,-15.93999],[-49.35546,-15.93919],[-49.36435,-15.95553],[-49.356,-15.97515],[-49.36454,-16.00658],[-49.36986,-16.00619],[-49.37553,-15.99172],[-49.38173,-15.99221],[-49.38589,-16.00232],[-49.39929,-16.00425],[-49.40178,-16.01547],[-49.43359,-16.01678],[-49.46612,-16.00453]]]},"properties":{"CD_MUN":"5212055","NM_MUN":"Jesúpolis","SIGLA_UF":"GO"}},{"type":"Feature","geometry":{"type":"Polygon","coordinates":[[[-49.37807,-16.30621],[-49.35524,-16.30606],[-49.34605,-16.29307],[-49.33643,-16.29259],[-49.34577,-16.32198],[-49.36485,-16.33394],[-49.36724,-16.37867],[-49.36277,-16.38442],[-49.33885,-16.3879],[-49.33402,-16.40711],[-49.30349,-16.42811],[-49.29638,-16.44335],[-49.32302,-16.43776],[-49.35413,-16.45523],[-49.38627,-16.45633],[-49.39058,-16.44548],[-49.39633,-16.44436],[-49.39341,-16.4366],[-49.39858,-16.42677],[-49.42302,-16.40557],[-49.45308,-16.38809],[-49.45436,-16.38252],[-49.43966,-16.37646],[-49.41458,-16.34379],[-49.39702,-16.33306],[-49.38166,-16.31603],[-49.37807,-16.30621]]]},"properties":{"CD_MUN":"5203609","NM_MUN":"Brazabrantes","SIGLA_UF":"GO"}},{"type":"Feature","geometry":{"type":"Polygon","coordinates":[[[-48.78708,-16.83601],[-48.7771,-16.85588],[-48.76333,-16.84169],[-48.72255,-16.84517],[-48.7096,-16.86716],[-48.70063,-16.87701],[-48.69416,-16.87729],[-48.68833,-16.8888],[-48.67383,-16.89412],[-48.66894,-16.88785],[-48.64607,-16.88611],[-48.63741,-16.89466],[-48.63779,-16.90411],[-48.6318,-16.91197],[-48.61063,-16.92494],[-48.59663,-16.92422],[-48.59296,-16.93424],[-48.57924,-16.94391],[-48.58238,-16.94787],[-48.57557,-16.95945],[-48.54154,-16.97827],[-48.5381,-16.99328],[-48.53099,-16.99612],[-48.52757,-17.00786],[-48.54913,-17.03849],[-48.54591,-17.04153],[-48.5543,-17.05638],[-48.56746,-17.06501],[-48.58583,-17.09049],[-48.57958,-17.10822],[-48.58308,-17.11931],[-48.57222,-17.12938],[-48.60103,-17.11922],[-48.60216,-17.13131],[-48.61658,-17.15268],[-48.63789,-17.16547],[-48.64703,-17.14968],[-48.63833,-17.13887],[-48.63933,-17.13109],[-48.64552,-17.12469],[-48.68056,-17.11953],[-48.683,-17.09772],[-48.69856,-17.09437],[-48.70672,-17.08039],[-48.70494,-17.0569],[-48.71486,-17.03963],[-48.73841,-17.02942],[-48.75136,-17.01738],[-48.77122,-17.0109],[-48.76583,-16.99266],[-48.78014,-16.97957],[-48.76905,-16.93708],[-48.77733,-16.92044],[-48.80544,-16.91241],[-48.80058,-16.90253],[-48.80341,-16.89141],[-48.79708,-16.88713],[-48.79899,-16.87038],[-48.79149,-16.86204],[-48.79166,-16.8437],[-48.78708,-16.83601]]]},"properties":{"CD_MUN":"5220264","NM_MUN":"São Miguel do Passa Quatro","SIGLA_UF":"GO"}},{"type":"Feature","geometry":{"type":"Polygon","coordinates":[[[-51.20224,-16.07014],[-51.21124,-16.03087],[-51.19334,-16.03274],[-51.18465,-16.02756],[-51.17268,-16.03074],[-51.16593,-16.05031],[-51.14185,-16.06621],[-51.12165,-16.06383],[-51.0929,-16.10327],[-51.08556,-16.10087],[-51.06979,-16.11034],[-51.06143,-16.10851],[-51.04873,-16.11886],[-51.03699,-16.11505],[-51.02895,-16.1211],[-51.00651,-16.12019],[-51.00304,-16.1321],[-50.99309,-16.1325],[-50.9834,-16.16279],[-50.96337,-16.1732],[-50.92937,-16.17396],[-50.90982,-16.18497],[-50.90815,-16.20199],[-50.89748,-16.2174],[-50.90712,-16.22825],[-50.90118,-16.24538],[-50.91315,-16.26408],[-50.92921,-16.27673],[-50.92749,-16.29291],[-50.93721,-16.31319],[-50.94685,-16.31366],[-50.9504,-16.30638],[-50.98104,-16.29383],[-50.9826,-16.28458],[-50.99601,-16.26959],[-51.01122,-16.27876],[-51.02282,-16.27503],[-51.04122,-16.29467],[-51.05768,-16.29736],[-51.06405,-16.30665],[-51.11207,-16.30683],[-51.11619,-16.30588],[-51.12249,-16.29611],[-51.1191,-16.28352],[-51.12358,-16.26915],[-51.11922,-16.26555],[-51.12938,-16.25758],[-51.13427,-16.22496],[-51.14713,-16.20363],[-51.17057,-16.18972],[-51.17035,-16.1763],[-51.16113,-16.1644],[-51.1621,-16.15713],[-51.17702,-16.14703],[-51.17085,-16.13873],[-51.17465,-16.1328],[-51.17015,-16.12521],[-51.19224,-16.10661],[-51.19566,-16.09905],[-51.19218,-16.08955],[-51.19963,-16.08396],[-51.20224,-16.07014]]]},"properties":{"CD_MUN":"5212006","NM_MUN":"Jaupaci","SIGLA_UF":"GO"}},{"type":"Feature","geometry":{"type":"Polygon","coordinates":[[[-50.14216,-12.39588],[-50.15771,-12.41232],[-50.15905,-12.431],[-50.16505,-12.43736],[-50.17925,-12.43983],[-50.18375,-12.45525],[-50.2008,-12.46126],[-50.20447,-12.47704],[-50.21717,-12.48885],[-50.21939,-12.51755],[-50.22889,-12.53385],[-50.21328,-12.54835],[-50.21156,-12.56142],[-50.20595,-12.56194],[-50.203,-12.55354],[-50.19268,-12.56427],[-50.20356,-12.56415],[-50.20784,-12.57298],[-50.22673,-12.58646],[-50.23445,-12.57777],[-50.2377,-12.57954],[-50.2452,-12.59733],[-50.23648,-12.62398],[-50.24809,-12.63102],[-50.25467,-12.62496],[-50.25662,-12.63491],[-50.26192,-12.63766],[-50.25906,-12.64577],[-50.26931,-12.65481],[-50.2637,-12.66385],[-50.27003,-12.67756],[-50.26632,-12.68241],[-50.27976,-12.67881],[-50.2807,-12.68896],[-50.28551,-12.68201],[-50.2937,-12.68781],[-50.2934,-12.67666],[-50.29993,-12.68221],[-50.29379,-12.69561],[-50.2991,-12.70661],[-50.2837,-12.71811],[-50.28826,-12.7352],[-50.30176,-12.74566],[-50.29502,-12.75344],[-50.30618,-12.76728],[-50.30282,-12.78155],[-50.31079,-12.7985],[-50.30543,-12.80581],[-50.30668,-12.81958],[-50.30071,-12.82092],[-50.29216,-12.83987],[-50.28868,-12.83638],[-50.28415,-12.84341],[-50.26768,-12.84178],[-50.26304,-12.84772],[-50.2506,-12.84976],[-50.25035,-12.85385],[-50.24185,-12.85267],[-50.23563,-12.85763],[-50.23105,-12.85405],[-50.22954,-12.85915],[-50.22493,-12.86156],[-50.22463,-12.87425],[-50.21068,-12.87622],[-50.20424,-12.88535],[-50.19951,-12.88422],[-50.18293,-12.89673],[-50.18057,-12.89231],[-50.17249,-12.89712],[-50.16015,-12.89362],[-50.14934,-12.90289],[-50.10924,-12.91138],[-50.0784,-12.9059],[-50.07077,-12.91794],[-50.04984,-12.92251],[-50.04156,-12.93446],[-50.01746,-12.92918],[-50.00254,-12.93368],[-49.98929,-12.94593],[-49.97868,-12.93932],[-49.95223,-12.95979],[-49.93892,-12.95689],[-49.92118,-12.96242],[-49.91093,-12.96676],[-49.9087,-12.974],[-49.84212,-13.15459],[-49.84329,-13.16395],[-49.81899,-13.18225],[-49.82229,-13.19199],[-49.81691,-13.23837],[-49.82546,-13.26583],[-49.81782,-13.28007],[-49.82674,-13.29993],[-49.84952,-13.32807],[-49.85702,-13.34854],[-49.85558,-13.36711],[-49.86111,-13.38922],[-49.87252,-13.40593],[-49.8812,-13.40953],[-49.89969,-13.4484],[-49.92069,-13.45899],[-49.9485,-13.46189],[-49.97323,-13.48922],[-49.97861,-13.48879],[-49.98931,-13.48708],[-49.99778,-13.49229],[-49.99809,-13.48677],[-50.00162,-13.48732],[-50.01112,-13.4976],[-50.00881,-13.50256],[-50.01326,-13.50279],[-50.0152,-13.49621],[-50.01615,-13.50174],[-50.01982,-13.49609],[-50.0254,-13.50476],[-50.03545,-13.50134],[-50.03542,-13.5165],[-50.04895,-13.51022],[-50.05898,-13.5245],[-50.08395,-13.51373],[-50.08809,-13.51805],[-50.09726,-13.51081],[-50.10976,-13.51286],[-50.11854,-13.50852],[-50.12429,-13.52175],[-50.13645,-13.52135],[-50.14229,-13.53694],[-50.15087,-13.53976],[-50.15302,-13.53162],[-50.16082,-13.53108],[-50.16768,-13.55338],[-50.20368,-13.53493],[-50.22654,-13.53929],[-50.22805,-13.54647],[-50.23388,-13.54781],[-50.23393,-13.55779],[-50.25091,-13.5568],[-50.25455,-13.54732],[-50.25846,-13.53938],[-50.2736,-13.53547],[-50.28138,-13.54427],[-50.30441,-13.5507],[-50.35252,-13.55278],[-50.37377,-13.56009],[-50.38247,-13.57743],[-50.41438,-13.54357],[-50.42466,-13.5532],[-50.44358,-13.5457],[-50.45736,-13.55882],[-50.45238,-13.56367],[-50.46786,-13.56428],[-50.49675,-13.55289],[-50.51397,-13.52125],[-50.52683,-13.51823],[-50.53089,-13.5088],[-50.54216,-13.50561],[-50.52741,-13.49441],[-50.51738,-13.46529],[-50.54266,-13.45853],[-50.53972,-13.44507],[-50.54575,-13.44467],[-50.55569,-13.43133],[-50.55513,-13.42171],[-50.5703,-13.41558],[-50.57224,-13.40643],[-50.59369,-13.40416],[-50.59486,-13.39765],[-50.58805,-13.3906],[-50.57499,-13.38876],[-50.58922,-13.374],[-50.58791,-13.36591],[-50.60766,-13.35284],[-50.61168,-13.31658],[-50.60549,-13.30418],[-50.60474,-13.27351],[-50.58729,-13.24849],[-50.58404,-13.21652],[-50.60293,-13.19682],[-50.60132,-13.18074],[-50.59445,-13.1707],[-50.59868,-13.14343],[-50.58982,-13.10959],[-50.61087,-13.06268],[-50.60381,-13.05627],[-50.57645,-13.05104],[-50.5687,-13.03909],[-50.57153,-13.03249],[-50.58837,-13.02256],[-50.59253,-13.00282],[-50.57795,-12.99778],[-50.55801,-13.00315],[-50.54292,-12.98363],[-50.52545,-12.97638],[-50.52564,-12.93988],[-50.51639,-12.9205],[-50.51389,-12.90042],[-50.50139,-12.88265],[-50.50191,-12.87312],[-50.51058,-12.86073],[-50.49969,-12.8478],[-50.49058,-12.8288],[-50.49369,-12.81933],[-50.48435,-12.81191],[-50.49338,-12.7856],[-50.47527,-12.77204],[-50.47699,-12.76023],[-50.46804,-12.75535],[-50.48552,-12.74852],[-50.48191,-12.73923],[-50.47041,-12.73746],[-50.46574,-12.73144],[-50.46763,-12.72126],[-50.47829,-12.71624],[-50.47757,-12.7099],[-50.46391,-12.70344],[-50.46129,-12.69423],[-50.44129,-12.698],[-50.43488,-12.69427],[-50.43207,-12.68995],[-50.43635,-12.67802],[-50.4319,-12.66918],[-50.43651,-12.66124],[-50.42746,-12.65292],[-50.43232,-12.64996],[-50.43804,-12.65805],[-50.44038,-12.65322],[-50.42687,-12.64241],[-50.41801,-12.65158],[-50.41285,-12.6501],[-50.41815,-12.62456],[-50.40668,-12.61463],[-50.39059,-12.61164],[-50.39831,-12.60212],[-50.38176,-12.5772],[-50.36601,-12.5714],[-50.36823,-12.55741],[-50.35803,-12.55371],[-50.36543,-12.54601],[-50.35662,-12.54113],[-50.34584,-12.54307],[-50.34434,-12.5332],[-50.33078,-12.53544],[-50.33403,-12.52035],[-50.32973,-12.51496],[-50.31364,-12.52149],[-50.3142,-12.51396],[-50.32465,-12.50786],[-50.31028,-12.49615],[-50.28925,-12.48805],[-50.28086,-12.47888],[-50.26269,-12.47813],[-50.25339,-12.46225],[-50.22969,-12.45569],[-50.22436,-12.44697],[-50.20711,-12.44876],[-50.20766,-12.44242],[-50.21522,-12.44134],[-50.21183,-12.43707],[-50.18469,-12.43258],[-50.18425,-12.42561],[-50.19811,-12.41873],[-50.19608,-12.41329],[-50.18852,-12.41364],[-50.18369,-12.42343],[-50.17458,-12.42369],[-50.17091,-12.40691],[-50.14216,-12.39588]]]},"properties":{"CD_MUN":"5220207","NM_MUN":"São Miguel do Araguaia","SIGLA_UF":"GO"}},{"type":"Feature","geometry":{"type":"Polygon","coordinates":[[[-49.07766,-16.5935],[-49.07059,-16.59151],[-49.05989,-16.56449],[-49.02281,-16.54352],[-49.02121,-16.52494],[-48.99693,-16.53014],[-49.00913,-16.55488],[-48.99424,-16.57733],[-48.99474,-16.58703],[-48.97082,-16.56451],[-48.96062,-16.57331],[-48.94779,-16.60474],[-48.93341,-16.61827],[-48.91874,-16.62446],[-48.95954,-16.63324],[-48.98183,-16.64924],[-49.00469,-16.6359],[-49.00499,-16.64999],[-49.01138,-16.65846],[-49.02074,-16.65672],[-49.02291,-16.647],[-49.03474,-16.64869],[-49.04241,-16.63699],[-49.06188,-16.6416],[-49.07446,-16.63858],[-49.07075,-16.62992],[-49.07632,-16.61606],[-49.06918,-16.59961],[-49.07766,-16.5935]]]},"properties":{"CD_MUN":"5203559","NM_MUN":"Bonfinópolis","SIGLA_UF":"GO"}},{"type":"Feature","geometry":{"type":"Polygon","coordinates":[[[-50.24702,-16.349],[-50.24533,-16.35491],[-50.23485,-16.35419],[-50.22241,-16.36218],[-50.22988,-16.37035],[-50.223,-16.38216],[-50.22316,-16.39864],[-50.23394,-16.40396],[-50.24455,-16.42022],[-50.22427,-16.41053],[-50.20619,-16.41833],[-50.19124,-16.41452],[-50.17391,-16.43862],[-50.17955,-16.4503],[-50.17714,-16.45769],[-50.16878,-16.46155],[-50.16519,-16.47328],[-50.17761,-16.47441],[-50.18863,-16.46765],[-50.20764,-16.47823],[-50.22197,-16.47545],[-50.22636,-16.45214],[-50.24194,-16.44928],[-50.24861,-16.45366],[-50.26692,-16.4817],[-50.27069,-16.50015],[-50.28186,-16.50863],[-50.27803,-16.52952],[-50.29176,-16.53591],[-50.3042,-16.55609],[-50.32098,-16.56335],[-50.3407,-16.56416],[-50.34732,-16.57658],[-50.35395,-16.57396],[-50.36254,-16.5804],[-50.37395,-16.57526],[-50.37881,-16.58329],[-50.39437,-16.59117],[-50.4294,-16.58661],[-50.44543,-16.59606],[-50.46343,-16.63018],[-50.48368,-16.63735],[-50.52271,-16.61007],[-50.51473,-16.6045],[-50.51959,-16.60179],[-50.51498,-16.59206],[-50.53829,-16.57332],[-50.53598,-16.55833],[-50.5404,-16.54995],[-50.55463,-16.55336],[-50.55109,-16.52758],[-50.55548,-16.51907],[-50.55293,-16.52102],[-50.54496,-16.50998],[-50.53615,-16.51247],[-50.53012,-16.49797],[-50.51454,-16.49662],[-50.50778,-16.50853],[-50.50276,-16.50805],[-50.5027,-16.4961],[-50.49751,-16.49114],[-50.50187,-16.48351],[-50.49365,-16.48358],[-50.49134,-16.47847],[-50.49501,-16.47426],[-50.49062,-16.47093],[-50.49045,-16.45551],[-50.47881,-16.44583],[-50.47409,-16.43203],[-50.46101,-16.42686],[-50.46031,-16.41504],[-50.47686,-16.41145],[-50.47298,-16.3923],[-50.47028,-16.38827],[-50.4642,-16.39018],[-50.46884,-16.38343],[-50.46281,-16.38083],[-50.46153,-16.3686],[-50.45481,-16.36592],[-50.444,-16.37415],[-50.43909,-16.37071],[-50.43603,-16.35278],[-50.44122,-16.35264],[-50.44386,-16.33311],[-50.43492,-16.33576],[-50.43883,-16.32472],[-50.43439,-16.32487],[-50.43128,-16.31236],[-50.40869,-16.28704],[-50.38288,-16.28562],[-50.36297,-16.29068],[-50.30755,-16.32492],[-50.29169,-16.31104],[-50.24588,-16.32172],[-50.24702,-16.349]]]},"properties":{"CD_MUN":"5220108","NM_MUN":"São Luís de Montes Belos","SIGLA_UF":"GO"}},{"type":"Feature","geometry":{"type":"Polygon","coordinates":[[[-48.70241,-17.49645],[-48.61449,-17.47628],[-48.6054,-17.47682],[-48.59851,-17.48453],[-48.58104,-17.47666],[-48.54674,-17.48228],[-48.53629,-17.47814],[-48.52215,-17.48101],[-48.49892,-17.49274],[-48.50976,-17.4996],[-48.50584,-17.51401],[-48.5169,-17.51492],[-48.50498,-17.52226],[-48.50621,-17.53311],[-48.49809,-17.5533],[-48.50987,-17.56959],[-48.50232,-17.57377],[-48.49621,-17.57456],[-48.48429,-17.59121],[-48.46951,-17.58879],[-48.46604,-17.60145],[-48.45751,-17.61715],[-48.46271,-17.62274],[-48.47543,-17.62181],[-48.47702,-17.62942],[-48.45068,-17.63265],[-48.45785,-17.63812],[-48.45965,-17.64987],[-48.47079,-17.65746],[-48.45476,-17.6783],[-48.45799,-17.70144],[-48.46571,-17.70214],[-48.45921,-17.7116],[-48.49619,-17.71329],[-48.49908,-17.74052],[-48.52077,-17.75512],[-48.51288,-17.76052],[-48.52158,-17.76592],[-48.50947,-17.78553],[-48.54588,-17.79307],[-48.5445,-17.8088],[-48.56283,-17.81662],[-48.56164,-17.82157],[-48.55036,-17.82259],[-48.53444,-17.83577],[-48.53272,-17.84688],[-48.51305,-17.85122],[-48.51194,-17.87848],[-48.507,-17.9013],[-48.51219,-17.91487],[-48.52411,-17.92496],[-48.51842,-17.93392],[-48.51728,-17.94548],[-48.52392,-17.95486],[-48.51767,-17.98035],[-48.54395,-17.99364],[-48.5492,-18.01852],[-48.54329,-18.03209],[-48.56996,-18.05383],[-48.58973,-18.05474],[-48.60529,-18.06518],[-48.61718,-18.06529],[-48.62218,-18.05649],[-48.63843,-18.06251],[-48.6376,-18.04737],[-48.62904,-18.04068],[-48.63337,-18.0325],[-48.62501,-18.029],[-48.62851,-18.02786],[-48.62603,-18.01935],[-48.63237,-18.0195],[-48.63329,-18.01319],[-48.62581,-18.01502],[-48.62123,-18.00046],[-48.63465,-17.96139],[-48.6352,-17.94606],[-48.64364,-17.94081],[-48.64837,-17.92618],[-48.65645,-17.92458],[-48.66173,-17.91308],[-48.66828,-17.91184],[-48.68506,-17.89116],[-48.68651,-17.86918],[-48.70401,-17.86302],[-48.71814,-17.84468],[-48.7257,-17.83527],[-48.73203,-17.83453],[-48.73367,-17.81691],[-48.74801,-17.79209],[-48.737,-17.74633],[-48.72214,-17.7337],[-48.70989,-17.73033],[-48.74555,-17.70632],[-48.77194,-17.71514],[-48.79523,-17.715],[-48.80864,-17.72624],[-48.83834,-17.7215],[-48.83764,-17.70921],[-48.84525,-17.70534],[-48.84023,-17.69811],[-48.8487,-17.68933],[-48.84986,-17.68055],[-48.85895,-17.67291],[-48.86661,-17.67503],[-48.87259,-17.66754],[-48.88364,-17.66746],[-48.8927,-17.63427],[-48.91203,-17.62602],[-48.9172,-17.61572],[-48.91422,-17.61181],[-48.92456,-17.60835],[-48.92786,-17.5991],[-48.92172,-17.59046],[-48.92664,-17.58387],[-48.92317,-17.57827],[-48.92611,-17.56644],[-48.91295,-17.55719],[-48.91442,-17.54712],[-48.90233,-17.54458],[-48.90783,-17.54242],[-48.90197,-17.52999],[-48.88158,-17.53864],[-48.87397,-17.55071],[-48.84511,-17.56241],[-48.81972,-17.56499],[-48.81761,-17.57082],[-48.76385,-17.57059],[-48.73988,-17.55517],[-48.72713,-17.53517],[-48.70649,-17.54001],[-48.70224,-17.5362],[-48.6968,-17.5188],[-48.70241,-17.49645]]]},"properties":{"CD_MUN":"5204508","NM_MUN":"Caldas Novas","SIGLA_UF":"GO"}},{"type":"Feature","geometry":{"type":"Polygon","coordinates":[[[-49.19262,-14.76868],[-49.15675,-14.7715],[-49.15111,-14.76593],[-49.14894,-14.73597],[-49.13264,-14.73568],[-49.11905,-14.74716],[-49.10405,-14.73494],[-49.09181,-14.74446],[-49.08972,-14.75347],[-49.09836,-14.7621],[-49.11564,-14.75679],[-49.11355,-14.77732],[-49.10534,-14.7901],[-49.09745,-14.79291],[-49.09973,-14.80602],[-49.0905,-14.80617],[-49.09364,-14.81105],[-49.08709,-14.82386],[-49.08256,-14.8224],[-49.07639,-14.8315],[-49.09103,-14.83429],[-49.10298,-14.85315],[-49.08801,-14.85933],[-49.09403,-14.86908],[-49.08415,-14.88445],[-49.09187,-14.88862],[-49.08989,-14.9087],[-49.10012,-14.91773],[-49.09876,-14.93166],[-49.1207,-14.94586],[-49.11773,-14.96374],[-49.12437,-14.96742],[-49.13426,-14.99839],[-49.28954,-14.9921],[-49.32454,-14.99096],[-49.34735,-15.00183],[-49.35757,-15.00037],[-49.3653,-15.01026],[-49.38072,-15.0071],[-49.38486,-15.01075],[-49.39163,-15.00264],[-49.40755,-15.00471],[-49.42494,-14.99449],[-49.42782,-14.97035],[-49.42705,-14.95872],[-49.43194,-14.95711],[-49.41896,-14.92055],[-49.41854,-14.90205],[-49.44119,-14.88666],[-49.41899,-14.8783],[-49.40868,-14.84861],[-49.40426,-14.83781],[-49.39351,-14.83504],[-49.38504,-14.82216],[-49.36307,-14.82114],[-49.34568,-14.80725],[-49.32354,-14.82137],[-49.31412,-14.81345],[-49.30626,-14.8189],[-49.28909,-14.81499],[-49.24887,-14.82171],[-49.23985,-14.84082],[-49.24323,-14.8516],[-49.23443,-14.86519],[-49.22223,-14.85195],[-49.20523,-14.84559],[-49.21312,-14.8318],[-49.20987,-14.81867],[-49.16478,-14.80296],[-49.16911,-14.79617],[-49.1839,-14.79814],[-49.19675,-14.77911],[-49.19262,-14.76868]]]},"properties":{"CD_MUN":"5220157","NM_MUN":"São Luiz do Norte","SIGLA_UF":"GO"}},{"type":"Feature","geometry":{"type":"Polygon","coordinates":[[[-50.44886,-16.79716],[-50.42585,-16.74935],[-50.40507,-16.73304],[-50.40571,-16.71909],[-50.37693,-16.71785],[-50.3614,-16.69834],[-50.35293,-16.69653],[-50.32901,-16.70695],[-50.32312,-16.75426],[-50.29418,-16.76724],[-50.28579,-16.76654],[-50.28621,-16.79708],[-50.28224,-16.80223],[-50.28301,-16.81017],[-50.28724,-16.80787],[-50.30021,-16.82412],[-50.29493,-16.83834],[-50.30199,-16.85527],[-50.30096,-16.86008],[-50.2899,-16.86141],[-50.29182,-16.86976],[-50.28743,-16.86693],[-50.2861,-16.87019],[-50.28421,-16.88976],[-50.31121,-16.89337],[-50.3206,-16.89144],[-50.32796,-16.88216],[-50.34291,-16.88401],[-50.35838,-16.89463],[-50.37022,-16.89024],[-50.38752,-16.89509],[-50.39777,-16.91007],[-50.41791,-16.91537],[-50.42699,-16.9019],[-50.455,-16.88769],[-50.45089,-16.87571],[-50.45827,-16.84641],[-50.44349,-16.81099],[-50.44886,-16.79716]]]},"properties":{"CD_MUN":"5220058","NM_MUN":"São João da Paraúna","SIGLA_UF":"GO"}},{"type":"Feature","geometry":{"type":"Polygon","coordinates":[[[-52.02955,-17.49104],[-51.99174,-17.48725],[-51.98952,-17.47465],[-51.98113,-17.46901],[-51.97807,-17.44627],[-51.96104,-17.43147],[-51.94779,-17.40399],[-51.95057,-17.39276],[-51.96068,-17.38962],[-51.96213,-17.3736],[-51.95312,-17.35392],[-51.93929,-17.34836],[-51.92171,-17.36289],[-51.90915,-17.36657],[-51.90009,-17.36382],[-51.88856,-17.36977],[-51.88312,-17.36223],[-51.88009,-17.33415],[-51.85398,-17.33606],[-51.85203,-17.32048],[-51.84695,-17.31919],[-51.8477,-17.29691],[-51.83931,-17.29653],[-51.81256,-17.3131],[-51.78075,-17.32151],[-51.772,-17.31559],[-51.76128,-17.28729],[-51.74767,-17.26931],[-51.73672,-17.27099],[-51.72394,-17.28244],[-51.68845,-17.27572],[-51.71483,-17.32099],[-51.71778,-17.36222],[-51.73159,-17.37341],[-51.73306,-17.38247],[-51.72048,-17.41648],[-51.72615,-17.44069],[-51.72465,-17.45843],[-51.73018,-17.46706],[-51.72606,-17.47991],[-51.69454,-17.50049],[-51.69326,-17.51096],[-51.70395,-17.52411],[-51.68631,-17.54482],[-51.6881,-17.5481],[-51.66096,-17.55973],[-51.65851,-17.57256],[-51.63381,-17.58486],[-51.6247,-17.59633],[-51.60726,-17.603],[-51.60965,-17.61498],[-51.61862,-17.62324],[-51.61612,-17.63316],[-51.63104,-17.64094],[-51.63671,-17.66192],[-51.61632,-17.67652],[-51.59681,-17.68037],[-51.59218,-17.68783],[-51.58107,-17.68624],[-51.58435,-17.69642],[-51.57668,-17.69705],[-51.5634,-17.71509],[-51.56438,-17.72044],[-51.55276,-17.72075],[-51.55312,-17.72746],[-51.54454,-17.72772],[-51.53904,-17.73634],[-51.52977,-17.73152],[-51.5244,-17.73688],[-51.52304,-17.73225],[-51.51946,-17.73763],[-51.51437,-17.73667],[-51.51263,-17.7486],[-51.50043,-17.74883],[-51.48102,-17.75273],[-51.4779,-17.74927],[-51.47118,-17.76928],[-51.45823,-17.76822],[-51.4614,-17.77839],[-51.45426,-17.78352],[-51.45776,-17.78635],[-51.45009,-17.80146],[-51.45388,-17.80383],[-51.45176,-17.80863],[-51.4324,-17.8185],[-51.43029,-17.8282],[-51.42426,-17.82137],[-51.42718,-17.82573],[-51.41757,-17.83412],[-51.41874,-17.84419],[-51.41157,-17.84216],[-51.40707,-17.84939],[-51.40188,-17.84592],[-51.38824,-17.86697],[-51.37829,-17.86802],[-51.37529,-17.86229],[-51.36615,-17.87194],[-51.36132,-17.86838],[-51.35209,-17.87495],[-51.34596,-17.87456],[-51.3409,-17.86646],[-51.32949,-17.86876],[-51.32493,-17.86084],[-51.30493,-17.86536],[-51.2914,-17.86103],[-51.2857,-17.86353],[-51.279,-17.88869],[-51.25835,-17.88139],[-51.24759,-17.88825],[-51.24181,-17.88576],[-51.23994,-17.89577],[-51.23069,-17.90201],[-51.24207,-17.90845],[-51.23398,-17.91506],[-51.22892,-17.91266],[-51.23462,-17.9261],[-51.23308,-17.94415],[-51.22363,-17.9471],[-51.22489,-17.95968],[-51.20603,-17.97611],[-51.2121,-17.97733],[-51.20864,-17.98539],[-51.21746,-17.98781],[-51.21185,-17.99022],[-51.21285,-18.00186],[-51.21199,-18.00855],[-51.20277,-18.00787],[-51.20101,-18.02953],[-51.19126,-18.02766],[-51.18929,-18.03387],[-51.19468,-18.04143],[-51.18968,-18.05392],[-51.16532,-18.07058],[-51.16979,-18.07043],[-51.16745,-18.07657],[-51.17182,-18.08402],[-51.16277,-18.08519],[-51.15935,-18.0909],[-51.15532,-18.10385],[-51.16396,-18.10996],[-51.15702,-18.1184],[-51.15516,-18.13203],[-51.19283,-18.12123],[-51.20442,-18.10367],[-51.22677,-18.1045],[-51.23532,-18.09509],[-51.23671,-18.08501],[-51.28425,-18.08421],[-51.30567,-18.1064],[-51.30833,-18.12156],[-51.32606,-18.13535],[-51.32319,-18.16732],[-51.33205,-18.19872],[-51.36537,-18.19901],[-51.40273,-18.1694],[-51.43449,-18.16138],[-51.44076,-18.16358],[-51.45029,-18.17617],[-51.44849,-18.18109],[-51.43912,-18.18375],[-51.44755,-18.19246],[-51.44769,-18.21104],[-51.45512,-18.22379],[-51.43528,-18.24432],[-51.41691,-18.2448],[-51.41033,-18.25961],[-51.39271,-18.25867],[-51.36386,-18.28094],[-51.38478,-18.32424],[-51.37809,-18.3388],[-51.38376,-18.36416],[-51.50074,-18.49387],[-51.50479,-18.51359],[-51.52102,-18.52092],[-51.52749,-18.53819],[-51.55255,-18.52346],[-51.5701,-18.5264],[-51.57254,-18.51089],[-51.58649,-18.51297],[-51.58997,-18.49943],[-51.59816,-18.50283],[-51.61544,-18.49416],[-51.61946,-18.49873],[-51.63766,-18.50026],[-51.63913,-18.49386],[-51.63082,-18.48128],[-51.63024,-18.47113],[-51.65035,-18.42838],[-51.64549,-18.40145],[-51.64849,-18.3883],[-51.66801,-18.36814],[-51.69407,-18.3619],[-51.67204,-18.35277],[-51.66537,-18.33919],[-51.63801,-18.33143],[-51.64471,-18.32281],[-51.64313,-18.31125],[-51.64924,-18.30547],[-51.65218,-18.28692],[-51.65832,-18.2872],[-51.66521,-18.27577],[-51.68085,-18.26964],[-51.67971,-18.26305],[-51.70479,-18.26222],[-51.71229,-18.24933],[-51.73696,-18.24297],[-51.75073,-18.2505],[-51.76068,-18.24989],[-51.78724,-18.26965],[-51.78685,-18.2486],[-51.79196,-18.2434],[-51.78982,-18.22593],[-51.7944,-18.22374],[-51.79588,-18.21404],[-51.80965,-18.20693],[-51.82693,-18.20913],[-51.83632,-18.18544],[-51.8369,-18.16541],[-51.84318,-18.16064],[-51.8441,-18.14139],[-51.85579,-18.13522],[-51.89899,-18.13678],[-51.92204,-18.15671],[-51.9331,-18.15893],[-51.96432,-18.15515],[-51.97846,-18.16099],[-51.99988,-18.15473],[-52.02005,-18.14408],[-52.02657,-18.12042],[-52.02015,-18.11323],[-52.02032,-18.10268],[-52.03504,-18.0859],[-52.04624,-18.08369],[-52.07224,-18.06442],[-52.07807,-18.0501],[-52.08924,-18.04219],[-52.10974,-18.03657],[-52.12449,-18.04002],[-52.1321,-18.03371],[-52.13254,-18.02092],[-52.1556,-18.02479],[-52.16115,-17.96221],[-52.16599,-17.95479],[-52.19005,-17.9527],[-52.18767,-17.9458],[-52.19228,-17.93776],[-52.18413,-17.92857],[-52.18497,-17.90907],[-52.19705,-17.90144],[-52.2028,-17.89081],[-52.19889,-17.88215],[-52.18618,-17.87765],[-52.19904,-17.848],[-52.18692,-17.83014],[-52.22318,-17.81266],[-52.22545,-17.80388],[-52.24315,-17.80461],[-52.26682,-17.79718],[-52.27504,-17.78948],[-52.27162,-17.7844],[-52.27551,-17.77543],[-52.22698,-17.77433],[-52.21934,-17.75593],[-52.2359,-17.74352],[-52.24337,-17.72748],[-52.2307,-17.71542],[-52.23618,-17.70192],[-52.21209,-17.68061],[-52.24112,-17.65905],[-52.25464,-17.6383],[-52.30323,-17.61937],[-52.3062,-17.58579],[-52.292,-17.59904],[-52.27564,-17.60529],[-52.25793,-17.62422],[-52.22738,-17.64033],[-52.17616,-17.63892],[-52.16196,-17.64371],[-52.146,-17.63793],[-52.12202,-17.64713],[-52.10099,-17.64631],[-52.09566,-17.65088],[-52.06622,-17.64771],[-52.05744,-17.64093],[-52.05272,-17.64329],[-52.05173,-17.63503],[-52.04326,-17.6323],[-52.00903,-17.6409],[-52.00802,-17.65273],[-51.99274,-17.64478],[-51.99127,-17.63403],[-51.99276,-17.62428],[-52.0053,-17.61534],[-52.00423,-17.58698],[-51.99822,-17.5849],[-51.99862,-17.57509],[-51.98948,-17.56226],[-51.98934,-17.55871],[-51.99802,-17.55768],[-52.00314,-17.54337],[-51.99501,-17.53899],[-52.00001,-17.53684],[-52.01783,-17.51376],[-52.0077,-17.50178],[-52.02337,-17.5016],[-52.02955,-17.49104]]]},"properties":{"CD_MUN":"5211909","NM_MUN":"Jataí","SIGLA_UF":"GO"}},{"type":"Feature","geometry":{"type":"Polygon","coordinates":[[[-49.33151,-15.48404],[-49.31368,-15.49191],[-49.31009,-15.467],[-49.30287,-15.46615],[-49.28362,-15.43735],[-49.26898,-15.44053],[-49.26956,-15.4478],[-49.25273,-15.45818],[-49.23481,-15.45475],[-49.23331,-15.46555],[-49.22967,-15.46499],[-49.21932,-15.48866],[-49.22609,-15.49068],[-49.22853,-15.49847],[-49.22498,-15.51047],[-49.23281,-15.51276],[-49.22553,-15.5238],[-49.23151,-15.52826],[-49.23012,-15.54166],[-49.22631,-15.54301],[-49.22912,-15.55018],[-49.23823,-15.55256],[-49.23765,-15.55887],[-49.22509,-15.5718],[-49.21182,-15.56709],[-49.19224,-15.6011],[-49.18631,-15.60246],[-49.18831,-15.61053],[-49.17701,-15.61552],[-49.16987,-15.62747],[-49.16009,-15.62259],[-49.15409,-15.62723],[-49.15595,-15.61926],[-49.14904,-15.61584],[-49.14168,-15.61858],[-49.14442,-15.62407],[-49.12829,-15.62428],[-49.21691,-15.85611],[-49.22213,-15.84499],[-49.24491,-15.83748],[-49.25024,-15.83119],[-49.25197,-15.83891],[-49.27458,-15.85271],[-49.28894,-15.86992],[-49.3377,-15.89823],[-49.36047,-15.89731],[-49.36344,-15.90204],[-49.37855,-15.91462],[-49.38859,-15.90405],[-49.38975,-15.88737],[-49.39569,-15.88978],[-49.39403,-15.90558],[-49.46629,-15.9441],[-49.47273,-15.95946],[-49.46536,-15.97097],[-49.47045,-15.98277],[-49.46612,-16.00453],[-49.50804,-15.97317],[-49.51659,-15.97802],[-49.53282,-15.97737],[-49.54917,-15.9748],[-49.55162,-15.96819],[-49.54234,-15.93986],[-49.54476,-15.92096],[-49.55881,-15.92228],[-49.56723,-15.91789],[-49.57343,-15.92537],[-49.58026,-15.92348],[-49.59473,-15.9133],[-49.59615,-15.90669],[-49.59082,-15.89962],[-49.59693,-15.89732],[-49.60384,-15.88134],[-49.60782,-15.8818],[-49.60407,-15.87147],[-49.59362,-15.86635],[-49.59417,-15.85109],[-49.5845,-15.84229],[-49.58673,-15.83674],[-49.57717,-15.8153],[-49.58111,-15.80769],[-49.57736,-15.78868],[-49.56192,-15.77644],[-49.55934,-15.77962],[-49.55789,-15.76681],[-49.55123,-15.76038],[-49.55311,-15.75231],[-49.54581,-15.75568],[-49.54508,-15.74249],[-49.53775,-15.73723],[-49.54253,-15.7317],[-49.53531,-15.71479],[-49.54406,-15.70518],[-49.54869,-15.70732],[-49.54869,-15.69678],[-49.55639,-15.68917],[-49.5518,-15.67426],[-49.55569,-15.65058],[-49.55164,-15.64134],[-49.55644,-15.63542],[-49.56111,-15.61888],[-49.55727,-15.60582],[-49.56347,-15.59797],[-49.55744,-15.59299],[-49.55688,-15.58101],[-49.56205,-15.57839],[-49.56272,-15.56852],[-49.55674,-15.54745],[-49.55133,-15.54425],[-49.56336,-15.53358],[-49.56752,-15.519],[-49.57447,-15.5177],[-49.57524,-15.49919],[-49.56796,-15.4894],[-49.56863,-15.47678],[-49.55421,-15.46594],[-49.54479,-15.46805],[-49.53566,-15.47483],[-49.53493,-15.48128],[-49.52991,-15.4814],[-49.52846,-15.47087],[-49.51988,-15.47801],[-49.52024,-15.50375],[-49.51557,-15.5051],[-49.51143,-15.49762],[-49.50282,-15.50238],[-49.50671,-15.51598],[-49.48721,-15.51245],[-49.45502,-15.5327],[-49.44074,-15.52705],[-49.43615,-15.49829],[-49.42896,-15.49304],[-49.38698,-15.5025],[-49.37843,-15.49566],[-49.33871,-15.49797],[-49.33151,-15.48404]]]},"properties":{"CD_MUN":"5211800","NM_MUN":"Jaraguá","SIGLA_UF":"GO"}},{"type":"Feature","geometry":{"type":"Polygon","coordinates":[[[-47.11413,-14.0971],[-47.08963,-14.08101],[-47.09127,-14.07486],[-47.08412,-14.07274],[-47.08638,-14.06823],[-47.07881,-14.06183],[-47.07071,-14.0674],[-47.06787,-14.06258],[-47.06693,-14.06629],[-47.05679,-14.04132],[-47.04807,-14.04153],[-47.04848,-14.03456],[-47.04315,-14.04114],[-47.03998,-14.03107],[-47.02462,-14.03957],[-47.01712,-14.03798],[-47.01504,-14.04394],[-47.00623,-14.04316],[-46.99776,-14.05456],[-46.98784,-14.04834],[-46.9849,-14.07463],[-46.99443,-14.08221],[-47.00849,-14.08981],[-47.03159,-14.08951],[-47.0604,-14.11161],[-47.0676,-14.12968],[-47.08377,-14.14237],[-47.08488,-14.17072],[-47.13132,-14.20515],[-47.13938,-14.23879],[-47.13844,-14.25436],[-47.17114,-14.2675],[-47.17777,-14.28892],[-47.17497,-14.2946],[-47.18392,-14.30271],[-47.18297,-14.31964],[-47.18961,-14.33009],[-47.1817,-14.34915],[-47.19095,-14.37003],[-47.1887,-14.40307],[-47.18031,-14.42267],[-47.18328,-14.43871],[-47.1737,-14.45532],[-47.15673,-14.46627],[-47.14823,-14.51572],[-47.15187,-14.53005],[-47.14487,-14.53798],[-47.15948,-14.55109],[-47.15987,-14.54729],[-47.17028,-14.54816],[-47.16884,-14.53955],[-47.18481,-14.54397],[-47.18373,-14.55256],[-47.19126,-14.55622],[-47.18592,-14.55973],[-47.19798,-14.57038],[-47.19248,-14.57244],[-47.19273,-14.57932],[-47.2022,-14.57981],[-47.20393,-14.60744],[-47.21104,-14.60267],[-47.22004,-14.60398],[-47.21529,-14.62687],[-47.21926,-14.63123],[-47.23079,-14.63074],[-47.22454,-14.63406],[-47.23354,-14.64379],[-47.22979,-14.64903],[-47.23366,-14.6561],[-47.23148,-14.66207],[-47.22779,-14.66097],[-47.23174,-14.66923],[-47.22762,-14.67211],[-47.2361,-14.67395],[-47.23096,-14.67982],[-47.23565,-14.68916],[-47.24152,-14.68792],[-47.24057,-14.69326],[-47.2466,-14.69374],[-47.24985,-14.70027],[-47.2638,-14.70024],[-47.27835,-14.69233],[-47.28966,-14.70143],[-47.2898,-14.71076],[-47.29686,-14.7126],[-47.29802,-14.72519],[-47.30413,-14.7301],[-47.30732,-14.74949],[-47.31583,-14.73848],[-47.3146,-14.7449],[-47.32191,-14.74991],[-47.30941,-14.7601],[-47.31422,-14.76717],[-47.32169,-14.76186],[-47.32519,-14.77274],[-47.33311,-14.7658],[-47.33727,-14.77269],[-47.34166,-14.77009],[-47.35661,-14.77566],[-47.35416,-14.78851],[-47.35958,-14.80311],[-47.37508,-14.8162],[-47.39191,-14.81653],[-47.42389,-14.82941],[-47.45214,-14.81646],[-47.47792,-14.81736],[-47.47294,-14.80268],[-47.52314,-14.77622],[-47.53353,-14.7382],[-47.54247,-14.73041],[-47.55522,-14.73009],[-47.56647,-14.7572],[-47.57439,-14.75683],[-47.58406,-14.77432],[-47.61381,-14.79383],[-47.63381,-14.83026],[-47.64587,-14.83097],[-47.6409,-14.75915],[-47.63131,-14.7509],[-47.63092,-14.7441],[-47.65942,-14.70644],[-47.66948,-14.71433],[-47.67417,-14.72878],[-47.68909,-14.73599],[-47.6917,-14.7424],[-47.70487,-14.67171],[-47.71656,-14.65295],[-47.7467,-14.65116],[-47.75892,-14.64005],[-47.77081,-14.64101],[-47.77789,-14.63145],[-47.7652,-14.60733],[-47.76348,-14.59445],[-47.77209,-14.58892],[-47.77148,-14.57741],[-47.76558,-14.57129],[-47.77164,-14.56936],[-47.76886,-14.55013],[-47.76395,-14.54981],[-47.76114,-14.54163],[-47.77411,-14.52881],[-47.79739,-14.52369],[-47.79381,-14.51985],[-47.80534,-14.52078],[-47.80594,-14.51445],[-47.82428,-14.50185],[-47.82644,-14.47887],[-47.83436,-14.46402],[-47.83186,-14.45333],[-47.83641,-14.44852],[-47.83258,-14.44644],[-47.83817,-14.4411],[-47.83492,-14.43684],[-47.839,-14.43548],[-47.84552,-14.41465],[-47.85891,-14.40387],[-47.85697,-14.39572],[-47.86383,-14.38068],[-47.85147,-14.37325],[-47.85214,-14.3651],[-47.8395,-14.366],[-47.83411,-14.36283],[-47.83419,-14.35186],[-47.82611,-14.35189],[-47.80875,-14.35593],[-47.80974,-14.37686],[-47.80213,-14.38184],[-47.80278,-14.38619],[-47.79702,-14.38492],[-47.79655,-14.39062],[-47.78772,-14.39026],[-47.78763,-14.39759],[-47.7773,-14.40022],[-47.77813,-14.41607],[-47.77005,-14.40601],[-47.768,-14.41806],[-47.7613,-14.4099],[-47.75341,-14.41162],[-47.74225,-14.40599],[-47.72505,-14.42374],[-47.72319,-14.43877],[-47.72783,-14.44005],[-47.72149,-14.44883],[-47.71472,-14.44674],[-47.70225,-14.45725],[-47.70474,-14.46205],[-47.6893,-14.46475],[-47.68605,-14.46058],[-47.6853,-14.46493],[-47.66897,-14.45667],[-47.65883,-14.4582],[-47.66105,-14.45548],[-47.64527,-14.43599],[-47.62797,-14.43661],[-47.61535,-14.42689],[-47.60529,-14.43196],[-47.60093,-14.42769],[-47.59015,-14.42922],[-47.58922,-14.43483],[-47.58185,-14.43772],[-47.58054,-14.44715],[-47.57152,-14.4484],[-47.57085,-14.45891],[-47.5638,-14.45691],[-47.56602,-14.45256],[-47.56157,-14.44957],[-47.55282,-14.45381],[-47.5468,-14.44864],[-47.55385,-14.44448],[-47.54738,-14.42381],[-47.51652,-14.43192],[-47.49982,-14.42592],[-47.48632,-14.42342],[-47.4806,-14.41588],[-47.45715,-14.34525],[-47.43312,-14.34188],[-47.42431,-14.32319],[-47.40379,-14.32427],[-47.38925,-14.31089],[-47.38986,-14.28608],[-47.39778,-14.28051],[-47.39389,-14.27841],[-47.39278,-14.26129],[-47.40811,-14.23583],[-47.40281,-14.22449],[-47.40925,-14.21728],[-47.41323,-14.21947],[-47.42059,-14.21226],[-47.43089,-14.21087],[-47.4407,-14.19878],[-47.44931,-14.1847],[-47.44684,-14.17881],[-47.45425,-14.14634],[-47.44319,-14.149],[-47.44583,-14.15453],[-47.43998,-14.16121],[-47.41303,-14.16732],[-47.40489,-14.16312],[-47.403,-14.14862],[-47.36675,-14.13078],[-47.35278,-14.14166],[-47.33475,-14.14347],[-47.33741,-14.14701],[-47.33103,-14.14879],[-47.32464,-14.16207],[-47.31341,-14.15802],[-47.31033,-14.16154],[-47.30639,-14.15618],[-47.29494,-14.16001],[-47.28811,-14.15607],[-47.28547,-14.16005],[-47.26905,-14.14673],[-47.2541,-14.1443],[-47.25233,-14.149],[-47.24521,-14.14198],[-47.23002,-14.14063],[-47.22544,-14.14612],[-47.21841,-14.14229],[-47.21038,-14.1502],[-47.19747,-14.15049],[-47.20027,-14.1467],[-47.19424,-14.13408],[-47.18519,-14.14254],[-47.17508,-14.14257],[-47.17335,-14.14836],[-47.16805,-14.13855],[-47.15729,-14.13414],[-47.15993,-14.13062],[-47.15227,-14.12568],[-47.1556,-14.12344],[-47.14194,-14.11539],[-47.13299,-14.11814],[-47.13177,-14.10817],[-47.12094,-14.10566],[-47.11413,-14.0971]]]},"properties":{"CD_MUN":"5220009","NM_MUN":"São João d'Aliança","SIGLA_UF":"GO"}},{"type":"Feature","geometry":{"type":"Polygon","coordinates":[[[-52.1939,-16.46622],[-52.1764,-16.46179],[-52.17048,-16.47794],[-52.15573,-16.46937],[-52.13731,-16.47308],[-52.12948,-16.46847],[-52.12154,-16.47228],[-52.11101,-16.47244],[-52.10712,-16.47811],[-52.08734,-16.47383],[-52.07453,-16.48584],[-52.05176,-16.49148],[-52.04887,-16.49834],[-52.05298,-16.50551],[-52.04373,-16.53859],[-52.04714,-16.54565],[-52.02404,-16.54641],[-52.01701,-16.55439],[-52.0157,-16.5688],[-52.00321,-16.56772],[-51.99601,-16.58257],[-52.00184,-16.59282],[-51.98806,-16.60151],[-51.97571,-16.62742],[-51.96075,-16.62466],[-51.94718,-16.63788],[-51.93823,-16.63495],[-51.9354,-16.64274],[-51.92731,-16.64037],[-51.9177,-16.65087],[-51.90934,-16.6435],[-51.90918,-16.6367],[-51.8992,-16.63413],[-51.88779,-16.64617],[-51.87678,-16.64714],[-51.87478,-16.65666],[-51.86592,-16.65899],[-51.83267,-16.64212],[-51.82603,-16.63158],[-51.80739,-16.63007],[-51.77419,-16.60495],[-51.75945,-16.60018],[-51.7488,-16.59988],[-51.74308,-16.62153],[-51.70725,-16.64345],[-51.68914,-16.63341],[-51.68169,-16.63819],[-51.67417,-16.63653],[-51.67553,-16.62565],[-51.68392,-16.62133],[-51.67453,-16.61984],[-51.66877,-16.59906],[-51.65803,-16.60146],[-51.65439,-16.59719],[-51.63227,-16.5953],[-51.61986,-16.59941],[-51.60755,-16.5971],[-51.60197,-16.60234],[-51.59292,-16.60702],[-51.58861,-16.62632],[-51.58097,-16.63255],[-51.581,-16.64787],[-51.57252,-16.65691],[-51.5763,-16.66191],[-51.60394,-16.66828],[-51.60597,-16.68162],[-51.61469,-16.68374],[-51.60977,-16.69416],[-51.59797,-16.70191],[-51.59844,-16.72159],[-51.58775,-16.73978],[-51.60217,-16.75589],[-51.63303,-16.75846],[-51.63589,-16.77407],[-51.65839,-16.79537],[-51.65398,-16.82229],[-51.66159,-16.82277],[-51.66176,-16.83157],[-51.66973,-16.8394],[-51.66348,-16.84354],[-51.66487,-16.85172],[-51.65587,-16.86737],[-51.65745,-16.89794],[-51.65093,-16.90064],[-51.65698,-16.92088],[-51.6414,-16.9279],[-51.63276,-16.92524],[-51.60942,-16.88851],[-51.5767,-16.87423],[-51.56781,-16.88263],[-51.56142,-16.87925],[-51.55679,-16.88939],[-51.54856,-16.89371],[-51.53859,-16.89113],[-51.53803,-16.88623],[-51.53265,-16.89146],[-51.52803,-16.88872],[-51.52737,-16.89371],[-51.51456,-16.8922],[-51.50328,-16.884],[-51.49998,-16.88797],[-51.48303,-16.88949],[-51.47844,-16.8766],[-51.4692,-16.87277],[-51.46195,-16.87548],[-51.45528,-16.87065],[-51.455,-16.8643],[-51.44491,-16.865],[-51.43336,-16.85563],[-51.41695,-16.85568],[-51.41394,-16.85304],[-51.41836,-16.85314],[-51.41717,-16.84915],[-51.41858,-16.84344],[-51.41314,-16.83716],[-51.41616,-16.82783],[-51.40816,-16.82336],[-51.39997,-16.82597],[-51.39622,-16.8197],[-51.38258,-16.8164],[-51.37266,-16.82218],[-51.36711,-16.81972],[-51.36266,-16.82724],[-51.35705,-16.81071],[-51.34897,-16.81005],[-51.34746,-16.80197],[-51.32127,-16.80362],[-51.31802,-16.79399],[-51.30399,-16.7925],[-51.30174,-16.78551],[-51.2958,-16.78739],[-51.29685,-16.78359],[-51.27744,-16.78471],[-51.26313,-16.77976],[-51.25663,-16.78356],[-51.24388,-16.76619],[-51.23521,-16.73975],[-51.22057,-16.7299],[-51.21496,-16.73805],[-51.21729,-16.74595],[-51.22163,-16.74578],[-51.22007,-16.75703],[-51.22657,-16.76113],[-51.22063,-16.79206],[-51.22049,-16.80131],[-51.22538,-16.80423],[-51.2213,-16.8093],[-51.22355,-16.81439],[-51.21527,-16.80873],[-51.2053,-16.81052],[-51.19549,-16.83952],[-51.18879,-16.83986],[-51.1883,-16.84376],[-51.18332,-16.83984],[-51.17313,-16.84724],[-51.1698,-16.85421],[-51.17307,-16.86067],[-51.16852,-16.86637],[-51.15221,-16.86758],[-51.14843,-16.89144],[-51.13288,-16.89573],[-51.10366,-16.89453],[-51.10115,-16.90486],[-51.09399,-16.90656],[-51.08185,-16.92775],[-51.07627,-16.93144],[-51.07868,-16.9408],[-51.05427,-16.95721],[-51.0616,-16.96486],[-51.07435,-16.95983],[-51.1075,-16.96913],[-51.10727,-16.97503],[-51.09013,-16.99247],[-51.08644,-17.01586],[-51.09788,-17.0329],[-51.09774,-17.05982],[-51.10722,-17.06615],[-51.11636,-17.0654],[-51.11453,-17.08316],[-51.13622,-17.09139],[-51.13422,-17.11549],[-51.15414,-17.12452],[-51.17061,-17.11657],[-51.18723,-17.12613],[-51.20575,-17.11774],[-51.22809,-17.13068],[-51.23928,-17.14627],[-51.24617,-17.14532],[-51.24998,-17.15214],[-51.26598,-17.15624],[-51.27298,-17.16572],[-51.26615,-17.17165],[-51.26678,-17.18697],[-51.28026,-17.19015],[-51.29492,-17.18264],[-51.28496,-17.22335],[-51.31835,-17.25413],[-51.3221,-17.27019],[-51.3371,-17.26948],[-51.34373,-17.27831],[-51.34802,-17.27463],[-51.35382,-17.28055],[-51.36599,-17.27955],[-51.36474,-17.2838],[-51.37752,-17.29086],[-51.38602,-17.28992],[-51.41041,-17.31038],[-51.4228,-17.33483],[-51.47424,-17.34593],[-51.49894,-17.33547],[-51.53727,-17.33573],[-51.54794,-17.31938],[-51.56183,-17.32923],[-51.56614,-17.31965],[-51.57914,-17.32043],[-51.59258,-17.30981],[-51.61258,-17.30935],[-51.62164,-17.3045],[-51.62558,-17.29165],[-51.63483,-17.28616],[-51.6593,-17.27766],[-51.68845,-17.27572],[-51.72394,-17.28244],[-51.73672,-17.27099],[-51.74767,-17.26931],[-51.76128,-17.28729],[-51.772,-17.31559],[-51.78075,-17.32151],[-51.81256,-17.3131],[-51.83931,-17.29653],[-51.8477,-17.29691],[-51.84695,-17.31919],[-51.85203,-17.32048],[-51.85398,-17.33606],[-51.88009,-17.33415],[-51.88312,-17.36223],[-51.88856,-17.36977],[-51.90009,-17.36382],[-51.90915,-17.36657],[-51.92171,-17.36289],[-51.93929,-17.34836],[-51.95312,-17.35392],[-51.96213,-17.3736],[-51.96068,-17.38962],[-51.95057,-17.39276],[-51.94779,-17.40399],[-51.96104,-17.43147],[-51.97807,-17.44627],[-51.98113,-17.46901],[-51.98952,-17.47465],[-51.99174,-17.48725],[-52.02955,-17.49104],[-52.03166,-17.47928],[-52.0446,-17.47604],[-52.04394,-17.46852],[-52.03821,-17.4652],[-52.04174,-17.46134],[-52.05922,-17.46984],[-52.07097,-17.46641],[-52.06999,-17.45054],[-52.0643,-17.45303],[-52.06363,-17.44487],[-52.08432,-17.43101],[-52.09888,-17.43132],[-52.09469,-17.42421],[-52.10038,-17.41095],[-52.09849,-17.40096],[-52.10854,-17.38764],[-52.10585,-17.38118],[-52.11454,-17.38026],[-52.11777,-17.3696],[-52.12744,-17.36697],[-52.13732,-17.35627],[-52.14535,-17.35588],[-52.15257,-17.34054],[-52.15227,-17.32296],[-52.17393,-17.30783],[-52.19904,-17.31529],[-52.20391,-17.32141],[-52.24516,-17.31659],[-52.25885,-17.32585],[-52.26716,-17.32565],[-52.2771,-17.32074],[-52.29019,-17.30327],[-52.31174,-17.30906],[-52.31674,-17.29696],[-52.32543,-17.29385],[-52.3373,-17.29893],[-52.33752,-17.30555],[-52.34847,-17.30509],[-52.3523,-17.2956],[-52.36916,-17.28857],[-52.37827,-17.26943],[-52.39327,-17.25759],[-52.40916,-17.26414],[-52.41638,-17.28177],[-52.41094,-17.26397],[-52.41913,-17.25596],[-52.417,-17.2516],[-52.41474,-17.23672],[-52.42075,-17.22916],[-52.41833,-17.21492],[-52.42222,-17.21168],[-52.41672,-17.20349],[-52.41847,-17.19661],[-52.41188,-17.19611],[-52.40705,-17.1852],[-52.41819,-17.17287],[-52.4111,-17.17309],[-52.40174,-17.15571],[-52.40385,-17.15102],[-52.38418,-17.13492],[-52.38954,-17.13578],[-52.39276,-17.12357],[-52.40027,-17.11738],[-52.39538,-17.11498],[-52.40176,-17.10479],[-52.39546,-17.09188],[-52.40957,-17.08538],[-52.40432,-17.07074],[-52.40952,-17.0677],[-52.40799,-17.05827],[-52.41193,-17.04924],[-52.42185,-17.04415],[-52.41121,-17.03346],[-52.41249,-17.02523],[-52.41977,-17.01188],[-52.43029,-17.01304],[-52.42921,-17.00041],[-52.42404,-16.98699],[-52.42807,-16.9829],[-52.41657,-16.98267],[-52.41749,-16.97623],[-52.41342,-16.97471],[-52.41843,-16.97234],[-52.41256,-16.9662],[-52.42048,-16.94543],[-52.41587,-16.94164],[-52.40834,-16.94456],[-52.41171,-16.93549],[-52.40584,-16.9318],[-52.41743,-16.92859],[-52.41062,-16.92517],[-52.41453,-16.91755],[-52.41009,-16.90887],[-52.40337,-16.92528],[-52.38929,-16.93085],[-52.38098,-16.94882],[-52.37145,-16.94522],[-52.36234,-16.94869],[-52.35159,-16.94093],[-52.32362,-16.94138],[-52.31354,-16.93054],[-52.29978,-16.93221],[-52.29301,-16.92788],[-52.28976,-16.90859],[-52.27861,-16.90011],[-52.27545,-16.87838],[-52.26028,-16.86754],[-52.25694,-16.85369],[-52.26172,-16.84608],[-52.25508,-16.83196],[-52.22919,-16.81518],[-52.22119,-16.81818],[-52.20875,-16.8058],[-52.17658,-16.80777],[-52.16783,-16.80172],[-52.16847,-16.79212],[-52.17813,-16.78576],[-52.17822,-16.77407],[-52.1511,-16.7657],[-52.15663,-16.75663],[-52.14082,-16.7525],[-52.14719,-16.73962],[-52.1363,-16.73719],[-52.14585,-16.72939],[-52.1323,-16.72353],[-52.13088,-16.71555],[-52.13877,-16.71056],[-52.1286,-16.70922],[-52.13471,-16.70133],[-52.13552,-16.68737],[-52.14246,-16.68256],[-52.14471,-16.67331],[-52.13952,-16.6619],[-52.14663,-16.6532],[-52.14399,-16.64777],[-52.13149,-16.6468],[-52.13035,-16.64227],[-52.13468,-16.63592],[-52.1404,-16.64189],[-52.14518,-16.6349],[-52.13924,-16.62323],[-52.1511,-16.62511],[-52.15804,-16.62047],[-52.16329,-16.62409],[-52.17213,-16.61999],[-52.19274,-16.59531],[-52.20899,-16.59663],[-52.22265,-16.57849],[-52.24502,-16.57943],[-52.24432,-16.56322],[-52.21048,-16.5084],[-52.1939,-16.46622]]]},"properties":{"CD_MUN":"5204409","NM_MUN":"Caiapônia","SIGLA_UF":"GO"}},{"type":"Feature","geometry":{"type":"Polygon","coordinates":[[[-51.36386,-18.28094],[-51.35731,-18.28012],[-51.33494,-18.2997],[-51.29989,-18.30537],[-51.28275,-18.32377],[-51.27883,-18.31713],[-51.26992,-18.31739],[-51.27322,-18.32792],[-51.27,-18.3361],[-51.26017,-18.33335],[-51.25469,-18.35292],[-51.23767,-18.35751],[-51.2382,-18.37041],[-51.22622,-18.36788],[-51.22256,-18.37239],[-51.2232,-18.409],[-51.206,-18.41701],[-51.21528,-18.43099],[-51.20747,-18.43942],[-51.21145,-18.44409],[-51.21008,-18.45425],[-51.19362,-18.47164],[-51.18837,-18.48468],[-51.1697,-18.49058],[-51.17014,-18.50693],[-51.15059,-18.52272],[-51.14317,-18.5435],[-51.11292,-18.56325],[-51.10414,-18.58368],[-51.088,-18.6038],[-51.07864,-18.60571],[-51.07497,-18.61703],[-51.08048,-18.62776],[-51.0597,-18.6419],[-51.04978,-18.66169],[-51.0242,-18.69234],[-51.01854,-18.70785],[-51.00695,-18.71648],[-51.00356,-18.73326],[-50.99182,-18.74192],[-50.99157,-18.75888],[-50.98304,-18.77123],[-50.98557,-18.7929],[-50.96476,-18.80918],[-50.93837,-18.84135],[-50.94393,-18.85103],[-50.93899,-18.85965],[-50.93837,-18.87815],[-50.91887,-18.88962],[-50.91048,-18.88202],[-50.90029,-18.8854],[-50.88765,-18.89866],[-50.87298,-18.89634],[-50.87062,-18.90967],[-50.84893,-18.9224],[-50.84415,-18.92223],[-50.84023,-18.91153],[-50.83442,-18.91678],[-50.83359,-18.92298],[-50.8176,-18.93206],[-50.81523,-18.94023],[-50.78398,-18.94137],[-50.76676,-18.96415],[-50.73676,-18.97217],[-50.7077,-18.99679],[-50.70276,-19.00592],[-50.68626,-19.00884],[-50.67787,-19.02147],[-50.67893,-19.0349],[-50.66835,-19.03818],[-50.66434,-19.04908],[-50.66932,-19.06568],[-50.66484,-19.07931],[-50.65462,-19.07696],[-50.65046,-19.08186],[-50.65646,-19.0903],[-50.6559,-19.1041],[-50.64121,-19.12136],[-50.64535,-19.13392],[-50.67782,-19.13812],[-50.67229,-19.16372],[-50.68004,-19.17443],[-50.73324,-19.18583],[-50.72732,-19.16293],[-50.73707,-19.16038],[-50.75327,-19.14038],[-50.76302,-19.14954],[-50.76963,-19.1459],[-50.77113,-19.13455],[-50.76424,-19.12938],[-50.76538,-19.12249],[-50.76832,-19.1184],[-50.77196,-19.12538],[-50.77885,-19.12464],[-50.78663,-19.09267],[-50.81846,-19.07238],[-50.82716,-19.07509],[-50.8408,-19.06462],[-50.84988,-19.06669],[-50.86388,-19.05505],[-50.86691,-19.04478],[-50.88041,-19.05656],[-50.8946,-19.05189],[-50.87893,-19.04775],[-50.8758,-19.04231],[-50.8791,-19.03087],[-50.89007,-19.02567],[-50.90182,-19.03427],[-50.91363,-19.01908],[-50.92393,-19.02269],[-50.92993,-19.01577],[-50.92185,-19.00072],[-50.92457,-18.99769],[-50.93144,-19.00542],[-50.94107,-19.00531],[-50.93518,-18.97799],[-50.96054,-18.97404],[-50.95832,-18.9628],[-50.9636,-18.94692],[-50.99132,-18.90668],[-51.00665,-18.90951],[-51.02179,-18.89762],[-51.03957,-18.90655],[-51.04412,-18.88726],[-51.07649,-18.87087],[-51.08483,-18.87812],[-51.09466,-18.86966],[-51.10377,-18.87597],[-51.12074,-18.87582],[-51.12513,-18.86884],[-51.1199,-18.85673],[-51.14068,-18.8388],[-51.15582,-18.81108],[-51.16466,-18.81782],[-51.17349,-18.80908],[-51.18491,-18.81024],[-51.17835,-18.79037],[-51.19499,-18.78155],[-51.21049,-18.78433],[-51.20924,-18.77273],[-51.21788,-18.77149],[-51.22719,-18.74322],[-51.24568,-18.73183],[-51.26363,-18.73182],[-51.27163,-18.71489],[-51.29477,-18.70608],[-51.32041,-18.67349],[-51.33524,-18.68174],[-51.33199,-18.66755],[-51.34935,-18.6527],[-51.35452,-18.63581],[-51.37035,-18.64237],[-51.37271,-18.63397],[-51.38646,-18.62058],[-51.39785,-18.62344],[-51.40455,-18.61257],[-51.41046,-18.6187],[-51.4211,-18.60996],[-51.4341,-18.6098],[-51.43838,-18.60361],[-51.43274,-18.6004],[-51.43313,-18.59527],[-51.46179,-18.58485],[-51.47435,-18.57369],[-51.48957,-18.5722],[-51.49685,-18.56252],[-51.50663,-18.56444],[-51.50494,-18.55161],[-51.52749,-18.53819],[-51.52102,-18.52092],[-51.50479,-18.51359],[-51.50074,-18.49387],[-51.38376,-18.36416],[-51.37809,-18.3388],[-51.38478,-18.32424],[-51.36386,-18.28094]]]},"properties":{"CD_MUN":"5204300","NM_MUN":"Caçu","SIGLA_UF":"GO"}},{"type":"Feature","geometry":{"type":"Polygon","coordinates":[[[-49.77179,-18.49597],[-49.77368,-18.47214],[-49.76973,-18.46631],[-49.77779,-18.44497],[-49.75876,-18.42407],[-49.75978,-18.40305],[-49.74717,-18.36578],[-49.7069,-18.4139],[-49.6262,-18.45262],[-49.60876,-18.43897],[-49.60361,-18.4489],[-49.59562,-18.44022],[-49.58609,-18.44568],[-49.57923,-18.43591],[-49.57086,-18.43775],[-49.56292,-18.42227],[-49.54609,-18.42658],[-49.52914,-18.41021],[-49.52236,-18.41251],[-49.50683,-18.40676],[-49.47502,-18.41857],[-49.46433,-18.43081],[-49.42233,-18.44715],[-49.42219,-18.5008],[-49.42309,-18.52633],[-49.44023,-18.54073],[-49.4665,-18.54175],[-49.48589,-18.53228],[-49.486,-18.50648],[-49.49408,-18.49379],[-49.53406,-18.49247],[-49.54773,-18.50365],[-49.54212,-18.52744],[-49.54723,-18.53969],[-49.55684,-18.54661],[-49.57498,-18.54234],[-49.64651,-18.55775],[-49.65337,-18.57064],[-49.63526,-18.59004],[-49.64004,-18.60056],[-49.64754,-18.60186],[-49.66621,-18.59079],[-49.68168,-18.58886],[-49.70418,-18.59482],[-49.72338,-18.60979],[-49.73799,-18.61695],[-49.75743,-18.60973],[-49.75313,-18.60631],[-49.75454,-18.58802],[-49.74068,-18.58589],[-49.74696,-18.5793],[-49.74513,-18.56644],[-49.76062,-18.55807],[-49.76401,-18.53544],[-49.75523,-18.52328],[-49.75645,-18.50227],[-49.77179,-18.49597]]]},"properties":{"CD_MUN":"5204250","NM_MUN":"Cachoeira Dourada","SIGLA_UF":"GO"}},{"type":"Feature","geometry":{"type":"Polygon","coordinates":[[[-46.191,-14.29513],[-46.19555,-14.29109],[-46.18885,-14.28758],[-46.18369,-14.27456],[-46.17021,-14.27688],[-46.15868,-14.27294],[-46.13365,-14.24785],[-46.13446,-14.23797],[-46.1174,-14.22517],[-46.0861,-14.22365],[-46.06674,-14.20932],[-46.05204,-14.20484],[-46.06048,-14.23254],[-46.04576,-14.24455],[-46.02876,-14.24607],[-46.0214,-14.26041],[-45.99551,-14.25724],[-45.99126,-14.26281],[-45.99476,-14.27892],[-45.97549,-14.27755],[-45.96063,-14.28847],[-45.9554,-14.32009],[-45.94593,-14.33033],[-45.94212,-14.34379],[-45.92954,-14.35061],[-45.91304,-14.34721],[-45.90643,-14.35807],[-45.91229,-14.36654],[-45.9116,-14.37499],[-45.92357,-14.38178],[-45.92521,-14.40654],[-45.93477,-14.41535],[-45.9494,-14.41685],[-45.96132,-14.42845],[-45.98027,-14.43328],[-45.9983,-14.42941],[-46.00846,-14.40625],[-46.01705,-14.419],[-46.0003,-14.43455],[-46.00099,-14.44877],[-46.01172,-14.45463],[-46.01586,-14.46947],[-45.99313,-14.49541],[-46.00083,-14.50434],[-45.99833,-14.50973],[-46.00338,-14.51719],[-45.98236,-14.52873],[-45.97655,-14.53886],[-45.9803,-14.54647],[-45.99611,-14.54299],[-45.98861,-14.55032],[-45.99336,-14.55377],[-45.98905,-14.55654],[-45.99058,-14.56372],[-45.99528,-14.56616],[-45.98747,-14.5669],[-45.98477,-14.57357],[-45.98883,-14.58914],[-46.0005,-14.60162],[-45.9843,-14.62077],[-45.99472,-14.63921],[-45.98848,-14.64576],[-45.98836,-14.65699],[-45.99978,-14.66467],[-46.00672,-14.66346],[-46.00778,-14.65751],[-46.02045,-14.66335],[-46.01834,-14.64306],[-46.05058,-14.61601],[-46.07758,-14.60917],[-46.09506,-14.62077],[-46.10256,-14.61358],[-46.11934,-14.58658],[-46.10764,-14.56243],[-46.118,-14.55019],[-46.12303,-14.52824],[-46.13181,-14.52687],[-46.14136,-14.51701],[-46.14877,-14.50097],[-46.18489,-14.48349],[-46.18539,-14.47244],[-46.19923,-14.4548],[-46.16506,-14.4345],[-46.14824,-14.41469],[-46.18167,-14.38722],[-46.18335,-14.37775],[-46.19098,-14.3719],[-46.19577,-14.35488],[-46.1855,-14.31907],[-46.191,-14.29513]]]},"properties":{"CD_MUN":"5212709","NM_MUN":"Mambaí","SIGLA_UF":"GO"}},{"type":"Feature","geometry":{"type":"Polygon","coordinates":[[[-50.73074,-16.58755],[-50.71908,-16.59363],[-50.71552,-16.60747],[-50.7021,-16.62033],[-50.66846,-16.61705],[-50.66057,-16.61191],[-50.65041,-16.62144],[-50.63771,-16.62032],[-50.6068,-16.63456],[-50.60743,-16.67387],[-50.59949,-16.67856],[-50.59627,-16.69004],[-50.58405,-16.69801],[-50.58696,-16.70955],[-50.60033,-16.71782],[-50.61455,-16.74584],[-50.60789,-16.75632],[-50.61508,-16.76607],[-50.61258,-16.77848],[-50.61691,-16.78721],[-50.62672,-16.78735],[-50.64842,-16.80284],[-50.62942,-16.81336],[-50.64089,-16.83498],[-50.65106,-16.83976],[-50.65764,-16.83728],[-50.67645,-16.82204],[-50.68897,-16.81994],[-50.70137,-16.81021],[-50.73575,-16.80686],[-50.75992,-16.81682],[-50.77725,-16.80824],[-50.79681,-16.78717],[-50.80664,-16.75589],[-50.80375,-16.73426],[-50.81645,-16.72746],[-50.81137,-16.69539],[-50.80086,-16.68792],[-50.77439,-16.69224],[-50.76819,-16.70076],[-50.73074,-16.58755]]]},"properties":{"CD_MUN":"5204201","NM_MUN":"Cachoeira de Goiás","SIGLA_UF":"GO"}},{"type":"Feature","geometry":{"type":"Polygon","coordinates":[[[-49.48881,-17.15958],[-49.4627,-17.16585],[-49.45261,-17.1456],[-49.44583,-17.14562],[-49.43692,-17.16562],[-49.41219,-17.18322],[-49.4067,-17.20348],[-49.44012,-17.22972],[-49.44556,-17.24049],[-49.46614,-17.24295],[-49.47264,-17.25819],[-49.48926,-17.26127],[-49.48551,-17.29354],[-49.45662,-17.31424],[-49.42787,-17.30534],[-49.35167,-17.31859],[-49.34412,-17.34344],[-49.33823,-17.34215],[-49.33764,-17.35003],[-49.32365,-17.36235],[-49.31381,-17.36055],[-49.31195,-17.36947],[-49.30034,-17.37284],[-49.29653,-17.38047],[-49.29931,-17.38661],[-49.29198,-17.39035],[-49.2927,-17.39753],[-49.29864,-17.40102],[-49.29609,-17.40649],[-49.30384,-17.41082],[-49.29559,-17.42055],[-49.3054,-17.43446],[-49.29228,-17.43912],[-49.29373,-17.4572],[-49.27684,-17.47284],[-49.28306,-17.4787],[-49.29157,-17.5076],[-49.30163,-17.50703],[-49.44526,-17.32916],[-49.45287,-17.32503],[-49.51435,-17.354],[-49.51743,-17.34549],[-49.53135,-17.34304],[-49.54868,-17.32931],[-49.5579,-17.32837],[-49.55623,-17.32219],[-49.56454,-17.31379],[-49.5714,-17.31673],[-49.57659,-17.30423],[-49.58876,-17.30513],[-49.59532,-17.29647],[-49.60095,-17.29951],[-49.61601,-17.296],[-49.61812,-17.29042],[-49.63048,-17.28596],[-49.62618,-17.2785],[-49.61506,-17.27749],[-49.61307,-17.2707],[-49.61509,-17.25478],[-49.6272,-17.24417],[-49.61523,-17.24099],[-49.61956,-17.22804],[-49.60331,-17.22838],[-49.58342,-17.20678],[-49.56373,-17.2021],[-49.54842,-17.17985],[-49.51517,-17.15518],[-49.50583,-17.15137],[-49.48881,-17.15958]]]},"properties":{"CD_MUN":"5212600","NM_MUN":"Mairipotaba","SIGLA_UF":"GO"}},{"type":"Feature","geometry":{"type":"MultiPolygon","coordinates":[[[[-46.61816,-14.81856],[-46.61108,-14.82409],[-46.59049,-14.8124],[-46.5598,-14.81465],[-46.558,-14.82216],[-46.53339,-14.82829],[-46.52105,-14.85119],[-46.52992,-14.88372],[-46.54184,-14.89602],[-46.54603,-14.92546],[-46.53914,-14.93907],[-46.54034,-14.95162],[-46.51681,-14.97275],[-46.51625,-14.98203],[-46.52681,-14.98816],[-46.53031,-15.00529],[-46.52017,-15.01376],[-46.50214,-15.05228],[-46.51498,-15.0618],[-46.52554,-15.05649],[-46.53756,-15.04255],[-46.5597,-15.02863],[-46.56764,-15.00528],[-46.56295,-14.98611],[-46.565,-14.97368],[-46.57615,-14.95502],[-46.57423,-14.94428],[-46.5842,-14.93396],[-46.582,-14.9202],[-46.59164,-14.91106],[-46.58939,-14.89848],[-46.59781,-14.8893],[-46.59617,-14.87619],[-46.60278,-14.87269],[-46.60445,-14.85314],[-46.61214,-14.84849],[-46.60722,-14.83499],[-46.61014,-14.82953],[-46.61672,-14.82941],[-46.61816,-14.81856]]],[[[-46.31575,-14.52475],[-46.29239,-14.53796],[-46.28226,-14.55276],[-46.27926,-14.56931],[-46.26195,-14.58081],[-46.25228,-14.60345],[-46.21723,-14.61157],[-46.20923,-14.60828],[-46.1962,-14.61572],[-46.18293,-14.62535],[-46.18287,-14.63885],[-46.17181,-14.64645],[-46.16151,-14.66499],[-46.02537,-14.67803],[-46.02906,-14.68342],[-46.00598,-14.70166],[-46.00136,-14.71128],[-46.00287,-14.72422],[-46.01239,-14.73385],[-46.00692,-14.74211],[-46.00739,-14.76226],[-46.01253,-14.76939],[-46.00681,-14.79247],[-46.01981,-14.8107],[-46.02281,-14.81803],[-46.05232,-14.83139],[-46.03212,-14.85669],[-46.03707,-14.87468],[-46.03893,-14.87116],[-46.0524,-14.88516],[-46.06182,-14.90801],[-46.07901,-14.90501],[-46.08387,-14.93116],[-46.09568,-14.93879],[-46.10991,-14.93702],[-46.11979,-14.92007],[-46.13182,-14.92139],[-46.13824,-14.92852],[-46.14527,-14.92652],[-46.15896,-14.91383],[-46.1609,-14.90619],[-46.16591,-14.90848],[-46.16104,-14.93107],[-46.17505,-14.94944],[-46.2053,-14.93719],[-46.2108,-14.93698],[-46.21521,-14.94355],[-46.22396,-14.94174],[-46.23319,-14.92155],[-46.24688,-14.92237],[-46.25933,-14.93012],[-46.28499,-14.92867],[-46.29166,-14.92179],[-46.29416,-14.90864],[-46.30561,-14.91157],[-46.31883,-14.90046],[-46.31766,-14.88324],[-46.30838,-14.87758],[-46.29996,-14.8581],[-46.32441,-14.84781],[-46.31974,-14.83633],[-46.32169,-14.8146],[-46.3338,-14.81292],[-46.33588,-14.8033],[-46.35449,-14.79422],[-46.36527,-14.79542],[-46.40402,-14.76035],[-46.42902,-14.75282],[-46.44685,-14.73169],[-46.46263,-14.73119],[-46.46985,-14.70736],[-46.48966,-14.71002],[-46.50186,-14.70361],[-46.50521,-14.6998],[-46.49912,-14.69071],[-46.49169,-14.69419],[-46.46277,-14.68249],[-46.41502,-14.68815],[-46.40457,-14.66755],[-46.39985,-14.67391],[-46.38529,-14.67836],[-46.37887,-14.67487],[-46.37582,-14.67792],[-46.36815,-14.67134],[-46.36879,-14.67745],[-46.36385,-14.67987],[-46.34971,-14.66589],[-46.34798,-14.6691],[-46.34557,-14.66448],[-46.34015,-14.66572],[-46.34215,-14.66086],[-46.33554,-14.65537],[-46.3301,-14.65534],[-46.33212,-14.65933],[-46.32059,-14.65216],[-46.32476,-14.63934],[-46.31798,-14.6365],[-46.33004,-14.62706],[-46.32848,-14.62042],[-46.33415,-14.61725],[-46.32676,-14.60957],[-46.33215,-14.60541],[-46.32487,-14.59281],[-46.32654,-14.58257],[-46.33037,-14.58216],[-46.32431,-14.57776],[-46.3262,-14.56962],[-46.31418,-14.55123],[-46.32029,-14.5372],[-46.31575,-14.52475]]]]},"properties":{"CD_MUN":"5220702","NM_MUN":"Sítio d'Abadia","SIGLA_UF":"GO"}},{"type":"Feature","geometry":{"type":"Polygon","coordinates":[[[-46.73071,-14.39202],[-46.71854,-14.3854],[-46.71182,-14.39043],[-46.69212,-14.38367],[-46.67982,-14.38621],[-46.66682,-14.37215],[-46.65287,-14.36869],[-46.62859,-14.38166],[-46.61582,-14.38338],[-46.60262,-14.3802],[-46.59687,-14.36682],[-46.58351,-14.38523],[-46.57531,-14.38417],[-46.56186,-14.36583],[-46.55509,-14.36441],[-46.53934,-14.36738],[-46.53561,-14.37942],[-46.52615,-14.38778],[-46.49848,-14.38701],[-46.46839,-14.39891],[-46.46297,-14.38982],[-46.43676,-14.38522],[-46.43134,-14.40025],[-46.44073,-14.40957],[-46.4317,-14.42269],[-46.4372,-14.45792],[-46.44773,-14.46166],[-46.44554,-14.46811],[-46.45807,-14.47746],[-46.47698,-14.47021],[-46.48112,-14.47879],[-46.49609,-14.47672],[-46.5027,-14.48776],[-46.51351,-14.47478],[-46.54332,-14.48599],[-46.56881,-14.46378],[-46.57224,-14.46643],[-46.57054,-14.48338],[-46.57971,-14.47692],[-46.59654,-14.48032],[-46.59907,-14.48796],[-46.61268,-14.48534],[-46.61551,-14.49443],[-46.64296,-14.51439],[-46.65024,-14.50236],[-46.66168,-14.49785],[-46.67082,-14.50028],[-46.66774,-14.49644],[-46.67354,-14.48986],[-46.68532,-14.49829],[-46.69604,-14.49628],[-46.69852,-14.48786],[-46.69355,-14.49409],[-46.69174,-14.486],[-46.69671,-14.48277],[-46.69821,-14.46863],[-46.72365,-14.46227],[-46.7213,-14.45473],[-46.71616,-14.45632],[-46.7101,-14.44721],[-46.7154,-14.43563],[-46.71021,-14.42997],[-46.72173,-14.42071],[-46.71963,-14.41662],[-46.72557,-14.4172],[-46.72349,-14.4121],[-46.72829,-14.41468],[-46.7316,-14.40871],[-46.71832,-14.40508],[-46.71568,-14.39653],[-46.72777,-14.39752],[-46.73071,-14.39202]]]},"properties":{"CD_MUN":"5220686","NM_MUN":"Simolândia","SIGLA_UF":"GO"}},{"type":"Feature","geometry":{"type":"Polygon","coordinates":[[[-48.08627,-16.05177],[-47.93877,-16.05129],[-47.94627,-16.0724],[-47.96382,-16.09559],[-47.95652,-16.11977],[-47.93976,-16.13252],[-47.92472,-16.1292],[-47.8919,-16.1488],[-47.86405,-16.15478],[-47.85736,-16.17067],[-47.8602,-16.18457],[-47.85257,-16.19861],[-47.85361,-16.20622],[-47.83768,-16.23079],[-47.82442,-16.23715],[-47.82576,-16.24126],[-47.81695,-16.24765],[-47.79767,-16.25144],[-47.78838,-16.25818],[-47.78838,-16.24767],[-47.78229,-16.24253],[-47.78901,-16.23123],[-47.77556,-16.23178],[-47.74577,-16.20254],[-47.7316,-16.16609],[-47.65805,-16.16728],[-47.65612,-16.21703],[-47.66571,-16.24217],[-47.66057,-16.2555],[-47.64459,-16.2712],[-47.64049,-16.28451],[-47.64954,-16.29925],[-47.65388,-16.32706],[-47.64879,-16.38142],[-47.6626,-16.39456],[-47.66921,-16.41483],[-47.68866,-16.42731],[-47.70205,-16.4542],[-47.71541,-16.46452],[-47.71952,-16.5004],[-47.72044,-16.53555],[-47.73644,-16.55176],[-47.76261,-16.56024],[-47.76878,-16.56992],[-47.77781,-16.56457],[-47.77528,-16.54094],[-47.77884,-16.53239],[-47.79447,-16.52332],[-47.80102,-16.52815],[-47.79503,-16.52953],[-47.80211,-16.53884],[-47.79756,-16.54612],[-47.80592,-16.54731],[-47.80345,-16.55618],[-47.80886,-16.55833],[-47.80106,-16.56382],[-47.80881,-16.58542],[-47.80467,-16.59955],[-47.81192,-16.60461],[-47.81028,-16.61052],[-47.82209,-16.61652],[-47.82031,-16.63481],[-47.83195,-16.64597],[-47.83943,-16.64498],[-47.84318,-16.65754],[-47.86331,-16.67402],[-47.86037,-16.68026],[-47.86737,-16.68033],[-47.86734,-16.68806],[-47.88023,-16.70364],[-47.88112,-16.71465],[-47.87418,-16.71791],[-47.8864,-16.72604],[-47.89168,-16.74425],[-47.88401,-16.74504],[-47.8879,-16.75257],[-47.87998,-16.76734],[-47.88254,-16.76976],[-47.88365,-16.77814],[-47.87863,-16.78344],[-47.88618,-16.78506],[-47.88774,-16.79095],[-47.88057,-16.80043],[-47.88868,-16.80477],[-47.89943,-16.80295],[-47.89685,-16.80729],[-47.90391,-16.81402],[-47.88991,-16.82081],[-47.89932,-16.82911],[-47.89446,-16.841],[-47.88257,-16.84607],[-47.8896,-16.84701],[-47.88907,-16.85688],[-47.89407,-16.8626],[-47.8888,-16.87655],[-47.8956,-16.88265],[-47.88632,-16.88465],[-47.88924,-16.89499],[-47.89627,-16.89815],[-47.88752,-16.90608],[-47.89483,-16.91087],[-47.89355,-16.91825],[-47.90243,-16.91552],[-47.91074,-16.9239],[-47.90019,-16.9518],[-47.90911,-16.97102],[-47.921,-16.98225],[-47.9191,-17.0043],[-48.00144,-16.95163],[-48.00617,-16.93451],[-48.01558,-16.92926],[-48.03486,-16.92162],[-48.06622,-16.93251],[-48.07819,-16.92953],[-48.07856,-16.90772],[-48.08928,-16.89114],[-48.078,-16.87963],[-48.08847,-16.85764],[-48.07778,-16.84273],[-48.08352,-16.83231],[-48.0756,-16.8013],[-48.08122,-16.79618],[-48.08046,-16.78663],[-48.08985,-16.76848],[-48.10538,-16.76627],[-48.10063,-16.76228],[-48.10483,-16.74833],[-48.11216,-16.74901],[-48.12435,-16.74109],[-48.14586,-16.7427],[-48.15169,-16.73207],[-48.15608,-16.7371],[-48.15836,-16.73347],[-48.17103,-16.73583],[-48.17352,-16.73143],[-48.18205,-16.73746],[-48.19433,-16.73502],[-48.19102,-16.64848],[-48.22877,-16.60237],[-48.25715,-16.52963],[-48.26493,-16.49743],[-48.29693,-16.47504],[-48.30541,-16.45317],[-48.32732,-16.45317],[-48.34121,-16.44416],[-48.35826,-16.40156],[-48.36705,-16.4026],[-48.40021,-16.38493],[-48.39582,-16.3593],[-48.40232,-16.34058],[-48.39829,-16.32447],[-48.37382,-16.31005],[-48.3674,-16.31451],[-48.36571,-16.32346],[-48.35832,-16.31587],[-48.34751,-16.32135],[-48.34009,-16.31753],[-48.32942,-16.32692],[-48.32404,-16.31736],[-48.30634,-16.32119],[-48.29723,-16.3127],[-48.27198,-16.31813],[-48.27273,-16.32266],[-48.26776,-16.32456],[-48.26062,-16.32173],[-48.25651,-16.31296],[-48.24062,-16.32441],[-48.22045,-16.32246],[-48.20045,-16.31087],[-48.20273,-16.29876],[-48.19292,-16.27923],[-48.18709,-16.24921],[-48.17742,-16.24038],[-48.17447,-16.21377],[-48.14128,-16.17147],[-48.14377,-16.14816],[-48.15114,-16.13083],[-48.15028,-16.10233],[-48.14102,-16.08854],[-48.11852,-16.07342],[-48.1001,-16.06807],[-48.08627,-16.05177]]]},"properties":{"CD_MUN":"5212501","NM_MUN":"Luziânia","SIGLA_UF":"GO"}},{"type":"Feature","geometry":{"type":"Polygon","coordinates":[[[-51.14641,-18.30168],[-51.12638,-18.32959],[-51.11269,-18.33286],[-51.10433,-18.34573],[-51.0963,-18.34786],[-51.05144,-18.32449],[-51.0146,-18.33349],[-50.98083,-18.32533],[-50.97599,-18.30694],[-50.97988,-18.2948],[-50.98565,-18.29226],[-50.97902,-18.2823],[-50.94024,-18.31418],[-50.92716,-18.31156],[-50.91215,-18.31952],[-50.88741,-18.32079],[-50.85857,-18.2993],[-50.84682,-18.30971],[-50.84546,-18.33417],[-50.83929,-18.33625],[-50.82932,-18.35219],[-50.82343,-18.35101],[-50.82543,-18.35762],[-50.80807,-18.35824],[-50.77418,-18.37425],[-50.77387,-18.38457],[-50.76257,-18.39027],[-50.76449,-18.39652],[-50.75277,-18.41789],[-50.77668,-18.42516],[-50.78979,-18.42146],[-50.8063,-18.43443],[-50.83619,-18.44097],[-50.85771,-18.45322],[-50.89124,-18.44835],[-50.90071,-18.47996],[-50.92777,-18.49256],[-50.93269,-18.50051],[-50.9345,-18.50675],[-50.95274,-18.5049],[-50.96625,-18.51275],[-50.96033,-18.53235],[-50.93697,-18.54628],[-50.92361,-18.56317],[-50.90469,-18.56893],[-50.8708,-18.59502],[-50.86381,-18.60438],[-50.86725,-18.61779],[-50.86242,-18.62442],[-50.8583,-18.6208],[-50.85061,-18.62517],[-50.84236,-18.63751],[-50.83039,-18.6369],[-50.83314,-18.64433],[-50.82622,-18.64779],[-50.81528,-18.64581],[-50.80119,-18.65046],[-50.79158,-18.6453],[-50.784,-18.65567],[-50.79266,-18.66189],[-50.80575,-18.69416],[-50.8252,-18.71806],[-50.83878,-18.74461],[-50.81934,-18.87083],[-50.82979,-18.88281],[-50.8266,-18.90014],[-50.83442,-18.91678],[-50.84023,-18.91153],[-50.84415,-18.92223],[-50.84893,-18.9224],[-50.87062,-18.90967],[-50.87298,-18.89634],[-50.88765,-18.89866],[-50.90029,-18.8854],[-50.91048,-18.88202],[-50.91887,-18.88962],[-50.93837,-18.87815],[-50.93899,-18.85965],[-50.94393,-18.85103],[-50.93837,-18.84135],[-50.96476,-18.80918],[-50.98557,-18.7929],[-50.98304,-18.77123],[-50.99157,-18.75888],[-50.99182,-18.74192],[-51.00356,-18.73326],[-51.00695,-18.71648],[-51.01854,-18.70785],[-51.0242,-18.69234],[-51.04978,-18.66169],[-51.0597,-18.6419],[-51.08048,-18.62776],[-51.07497,-18.61703],[-51.07864,-18.60571],[-51.088,-18.6038],[-51.10414,-18.58368],[-51.11292,-18.56325],[-51.14317,-18.5435],[-51.15059,-18.52272],[-51.17014,-18.50693],[-51.1697,-18.49058],[-51.18837,-18.48468],[-51.19362,-18.47164],[-51.21008,-18.45425],[-51.21145,-18.44409],[-51.20747,-18.43942],[-51.21528,-18.43099],[-51.206,-18.41701],[-51.2232,-18.409],[-51.22256,-18.37239],[-51.22622,-18.36788],[-51.2382,-18.37041],[-51.23767,-18.35751],[-51.22675,-18.34783],[-51.21814,-18.33004],[-51.21028,-18.32905],[-51.2025,-18.31857],[-51.19961,-18.32464],[-51.19711,-18.31755],[-51.19147,-18.31617],[-51.18075,-18.29725],[-51.16977,-18.29478],[-51.15611,-18.30499],[-51.14641,-18.30168]]]},"properties":{"CD_MUN":"5204102","NM_MUN":"Cachoeira Alta","SIGLA_UF":"GO"}},{"type":"Feature","geometry":{"type":"Polygon","coordinates":[[[-49.89616,-15.32633],[-49.86025,-15.33229],[-49.8376,-15.3191],[-49.83177,-15.30861],[-49.80346,-15.29643],[-49.78957,-15.28087],[-49.7711,-15.2885],[-49.75791,-15.29666],[-49.74818,-15.29213],[-49.71554,-15.29575],[-49.70955,-15.30386],[-49.69529,-15.30109],[-49.67379,-15.30794],[-49.66318,-15.34019],[-49.6549,-15.33972],[-49.64451,-15.3525],[-49.62874,-15.35328],[-49.62785,-15.35761],[-49.61552,-15.35357],[-49.61063,-15.3613],[-49.59915,-15.35335],[-49.59179,-15.35394],[-49.58782,-15.37649],[-49.59965,-15.38864],[-49.60593,-15.38511],[-49.60602,-15.40842],[-49.6244,-15.41726],[-49.63052,-15.41087],[-49.62785,-15.40797],[-49.6351,-15.40938],[-49.63835,-15.40268],[-49.65052,-15.41255],[-49.65766,-15.40558],[-49.67047,-15.4174],[-49.6946,-15.42004],[-49.69602,-15.42789],[-49.70249,-15.42986],[-49.69235,-15.45323],[-49.68516,-15.45808],[-49.6836,-15.4828],[-49.70288,-15.50892],[-49.71008,-15.50239],[-49.71911,-15.50786],[-49.73236,-15.50503],[-49.73283,-15.52533],[-49.75767,-15.54149],[-49.76419,-15.53762],[-49.77278,-15.54616],[-49.77933,-15.53452],[-49.7885,-15.54038],[-49.81089,-15.53251],[-49.83686,-15.53852],[-49.84278,-15.5303],[-49.85436,-15.53352],[-49.86328,-15.52456],[-49.88111,-15.51952],[-49.88908,-15.50751],[-49.88644,-15.47862],[-49.87541,-15.46164],[-49.86067,-15.44977],[-49.86311,-15.41013],[-49.85972,-15.39309],[-49.8725,-15.39456],[-49.8817,-15.40207],[-49.91519,-15.38184],[-49.90811,-15.3709],[-49.9025,-15.36686],[-49.89716,-15.37116],[-49.89086,-15.36571],[-49.89172,-15.35863],[-49.9015,-15.34958],[-49.89616,-15.32633]]]},"properties":{"CD_MUN":"5205000","NM_MUN":"Carmo do Rio Verde","SIGLA_UF":"GO"}},{"type":"Feature","geometry":{"type":"Polygon","coordinates":[[[-50.18726,-18.0604],[-50.17012,-18.07336],[-50.16182,-18.08973],[-50.16131,-18.11984],[-50.18143,-18.11753],[-50.18826,-18.13127],[-50.18501,-18.14161],[-50.20282,-18.13725],[-50.21045,-18.14645],[-50.22479,-18.13656],[-50.23276,-18.13697],[-50.2529,-18.1682],[-50.27621,-18.17793],[-50.28955,-18.19824],[-50.30169,-18.19861],[-50.31716,-18.21046],[-50.33957,-18.20296],[-50.35194,-18.21919],[-50.371,-18.23093],[-50.3768,-18.24277],[-50.39986,-18.24459],[-50.40924,-18.23328],[-50.44719,-18.23],[-50.45583,-18.22114],[-50.46669,-18.22505],[-50.4903,-18.21235],[-50.51147,-18.21473],[-50.51908,-18.2075],[-50.51486,-18.18801],[-50.52039,-18.17498],[-50.52939,-18.174],[-50.53678,-18.18154],[-50.56066,-18.17126],[-50.5641,-18.15569],[-50.58444,-18.13797],[-50.58236,-18.11829],[-50.52589,-18.15786],[-50.50018,-18.15738],[-50.48887,-18.1611],[-50.4798,-18.17605],[-50.46736,-18.18227],[-50.46233,-18.17925],[-50.45493,-18.18943],[-50.44511,-18.18553],[-50.43758,-18.18856],[-50.42953,-18.19939],[-50.42812,-18.18961],[-50.42055,-18.18624],[-50.41275,-18.19056],[-50.39608,-18.18642],[-50.38704,-18.18938],[-50.38528,-18.18283],[-50.3736,-18.17994],[-50.36548,-18.16065],[-50.35488,-18.15889],[-50.33929,-18.12854],[-50.32343,-18.11405],[-50.31235,-18.11377],[-50.30037,-18.09952],[-50.30318,-18.09253],[-50.28354,-18.07961],[-50.26154,-18.07803],[-50.2519,-18.06985],[-50.24051,-18.0789],[-50.22918,-18.0739],[-50.22484,-18.07837],[-50.2064,-18.06688],[-50.19567,-18.06822],[-50.18726,-18.0604]]]},"properties":{"CD_MUN":"5205059","NM_MUN":"Castelândia","SIGLA_UF":"GO"}},{"type":"Feature","geometry":{"type":"Polygon","coordinates":[[[-49.74458,-14.08021],[-49.74483,-14.07014],[-49.7261,-14.07357],[-49.72188,-14.06317],[-49.71207,-14.06147],[-49.71021,-14.05681],[-49.69785,-14.05571],[-49.69341,-14.06163],[-49.67949,-14.05978],[-49.68193,-14.07542],[-49.6633,-14.08373],[-49.65882,-14.09082],[-49.64577,-14.09361],[-49.65807,-14.10741],[-49.64432,-14.10764],[-49.63894,-14.11844],[-49.62554,-14.10779],[-49.61896,-14.11304],[-49.62138,-14.12958],[-49.60729,-14.13733],[-49.59507,-14.1356],[-49.59264,-14.12628],[-49.58857,-14.12379],[-49.57241,-14.12979],[-49.56955,-14.13981],[-49.56438,-14.14199],[-49.57035,-14.14716],[-49.56719,-14.15292],[-49.54835,-14.15515],[-49.54546,-14.16762],[-49.55277,-14.17454],[-49.55227,-14.18169],[-49.5588,-14.18135],[-49.56268,-14.19184],[-49.55994,-14.20032],[-49.56333,-14.20336],[-49.55733,-14.21759],[-49.56118,-14.23282],[-49.55733,-14.23999],[-49.56303,-14.25378],[-49.56116,-14.26562],[-49.57464,-14.28724],[-49.58997,-14.29311],[-49.62189,-14.292],[-49.66314,-14.30019],[-49.66731,-14.31096],[-49.67847,-14.31657],[-49.68248,-14.34466],[-49.69028,-14.33962],[-49.69817,-14.3411],[-49.70022,-14.33469],[-49.70978,-14.33584],[-49.70303,-14.32258],[-49.70762,-14.31513],[-49.70331,-14.30573],[-49.71608,-14.30348],[-49.71981,-14.2971],[-49.72609,-14.30073],[-49.73683,-14.29056],[-49.74506,-14.28933],[-49.75431,-14.28032],[-49.7515,-14.2702],[-49.76706,-14.26909],[-49.76925,-14.2528],[-49.77522,-14.25226],[-49.77055,-14.24747],[-49.75314,-14.25028],[-49.7507,-14.24054],[-49.74097,-14.23196],[-49.70736,-14.21782],[-49.70678,-14.21234],[-49.7522,-14.16475],[-49.74797,-14.16233],[-49.7445,-14.13044],[-49.73305,-14.11294],[-49.73388,-14.08067],[-49.73802,-14.07666],[-49.74458,-14.08021]]]},"properties":{"CD_MUN":"5204953","NM_MUN":"Campos Verdes","SIGLA_UF":"GO"}},{"type":"Feature","geometry":{"type":"Polygon","coordinates":[[[-48.41115,-16.28669],[-48.39831,-16.29232],[-48.39321,-16.30395],[-48.37934,-16.30082],[-48.37382,-16.31005],[-48.39829,-16.32447],[-48.40232,-16.34058],[-48.39582,-16.3593],[-48.40021,-16.38493],[-48.36705,-16.4026],[-48.35826,-16.40156],[-48.34121,-16.44416],[-48.32732,-16.45317],[-48.30541,-16.45317],[-48.29693,-16.47504],[-48.26493,-16.49743],[-48.25715,-16.52963],[-48.22877,-16.60237],[-48.19102,-16.64848],[-48.19433,-16.73502],[-48.2066,-16.73397],[-48.21263,-16.74097],[-48.21997,-16.7363],[-48.22533,-16.74239],[-48.23869,-16.73486],[-48.25944,-16.73877],[-48.26447,-16.73667],[-48.2673,-16.72031],[-48.29452,-16.70496],[-48.29686,-16.6973],[-48.31097,-16.687],[-48.30983,-16.67606],[-48.31827,-16.67152],[-48.3203,-16.66251],[-48.32727,-16.66404],[-48.34619,-16.64784],[-48.36914,-16.64301],[-48.37172,-16.63207],[-48.38005,-16.63607],[-48.38564,-16.62743],[-48.39444,-16.63243],[-48.40572,-16.62877],[-48.42652,-16.63196],[-48.43131,-16.62801],[-48.442,-16.63398],[-48.44906,-16.63111],[-48.46586,-16.64323],[-48.49781,-16.6481],[-48.50309,-16.64451],[-48.52628,-16.68528],[-48.53237,-16.7315],[-48.54453,-16.74763],[-48.53701,-16.7511],[-48.54026,-16.7721],[-48.54731,-16.79333],[-48.55454,-16.79693],[-48.56481,-16.81995],[-48.57287,-16.85706],[-48.59326,-16.89713],[-48.59663,-16.92422],[-48.61063,-16.92494],[-48.6318,-16.91197],[-48.63779,-16.90411],[-48.63741,-16.89466],[-48.64607,-16.88611],[-48.66894,-16.88785],[-48.67383,-16.89412],[-48.68833,-16.8888],[-48.69416,-16.87729],[-48.70063,-16.87701],[-48.7096,-16.86716],[-48.72255,-16.84517],[-48.76333,-16.84169],[-48.7771,-16.85588],[-48.78708,-16.83601],[-48.7891,-16.81028],[-48.80079,-16.79548],[-48.80696,-16.79123],[-48.82791,-16.79524],[-48.83658,-16.78669],[-48.82305,-16.78412],[-48.81663,-16.74496],[-48.81021,-16.73415],[-48.80749,-16.71046],[-48.82329,-16.69539],[-48.83182,-16.6908],[-48.85035,-16.69501],[-48.85193,-16.68348],[-48.84604,-16.68175],[-48.84468,-16.67341],[-48.85279,-16.65711],[-48.83093,-16.65768],[-48.81849,-16.65085],[-48.80534,-16.63304],[-48.78535,-16.63153],[-48.7231,-16.68651],[-48.71845,-16.67659],[-48.71923,-16.62005],[-48.72676,-16.60449],[-48.7547,-16.60568],[-48.7854,-16.58772],[-48.7952,-16.55845],[-48.80407,-16.56208],[-48.82876,-16.52217],[-48.83859,-16.52193],[-48.8399,-16.50262],[-48.86445,-16.48647],[-48.86851,-16.46733],[-48.86281,-16.45157],[-48.8827,-16.44221],[-48.90754,-16.40774],[-48.9162,-16.40404],[-48.90901,-16.39635],[-48.89959,-16.4038],[-48.88362,-16.40476],[-48.8715,-16.39378],[-48.85381,-16.40388],[-48.82073,-16.39873],[-48.80072,-16.38288],[-48.76622,-16.38589],[-48.75534,-16.3823],[-48.74986,-16.37542],[-48.75097,-16.3687],[-48.7623,-16.36007],[-48.76236,-16.35439],[-48.75047,-16.33217],[-48.76739,-16.30758],[-48.76922,-16.29128],[-48.71858,-16.28164],[-48.7018,-16.29013],[-48.67174,-16.28648],[-48.6583,-16.2915],[-48.64983,-16.29049],[-48.64066,-16.28212],[-48.63088,-16.28272],[-48.62097,-16.29406],[-48.62255,-16.30428],[-48.61766,-16.31002],[-48.59816,-16.3172],[-48.59588,-16.32604],[-48.58591,-16.33215],[-48.57282,-16.32772],[-48.55896,-16.33159],[-48.55024,-16.3463],[-48.5428,-16.34067],[-48.52291,-16.34119],[-48.5171,-16.33802],[-48.51988,-16.33241],[-48.50516,-16.32841],[-48.50088,-16.32112],[-48.49613,-16.32399],[-48.4938,-16.30613],[-48.48835,-16.3044],[-48.48951,-16.29583],[-48.46746,-16.29626],[-48.45643,-16.28495],[-48.44488,-16.29165],[-48.43593,-16.28365],[-48.42404,-16.28997],[-48.41115,-16.28669]]]},"properties":{"CD_MUN":"5220603","NM_MUN":"Silvânia","SIGLA_UF":"GO"}},{"type":"Feature","geometry":{"type":"Polygon","coordinates":[[[-52.22318,-17.81266],[-52.18692,-17.83014],[-52.19904,-17.848],[-52.18618,-17.87765],[-52.19889,-17.88215],[-52.2028,-17.89081],[-52.19705,-17.90144],[-52.18497,-17.90907],[-52.18413,-17.92857],[-52.19228,-17.93776],[-52.18767,-17.9458],[-52.19005,-17.9527],[-52.16599,-17.95479],[-52.16115,-17.96221],[-52.1556,-18.02479],[-52.13254,-18.02092],[-52.1321,-18.03371],[-52.12449,-18.04002],[-52.10974,-18.03657],[-52.08924,-18.04219],[-52.07807,-18.0501],[-52.07224,-18.06442],[-52.04624,-18.08369],[-52.03504,-18.0859],[-52.02032,-18.10268],[-52.02015,-18.11323],[-52.02657,-18.12042],[-52.02005,-18.14408],[-51.99988,-18.15473],[-51.97846,-18.16099],[-51.96432,-18.15515],[-51.9331,-18.15893],[-51.92204,-18.15671],[-51.89899,-18.13678],[-51.85579,-18.13522],[-51.8441,-18.14139],[-51.84318,-18.16064],[-51.8369,-18.16541],[-51.83632,-18.18544],[-51.82693,-18.20913],[-51.80965,-18.20693],[-51.79588,-18.21404],[-51.7944,-18.22374],[-51.78982,-18.22593],[-51.79196,-18.2434],[-51.78685,-18.2486],[-51.78724,-18.26965],[-51.76068,-18.24989],[-51.75073,-18.2505],[-51.73696,-18.24297],[-51.71229,-18.24933],[-51.70479,-18.26222],[-51.67971,-18.26305],[-51.68085,-18.26964],[-51.66521,-18.27577],[-51.65832,-18.2872],[-51.65218,-18.28692],[-51.64924,-18.30547],[-51.64313,-18.31125],[-51.64471,-18.32281],[-51.63801,-18.33143],[-51.66537,-18.33919],[-51.67204,-18.35277],[-51.69407,-18.3619],[-51.66801,-18.36814],[-51.64849,-18.3883],[-51.64549,-18.40145],[-51.65035,-18.42838],[-51.63024,-18.47113],[-51.63082,-18.48128],[-51.63913,-18.49386],[-51.66241,-18.49613],[-51.68627,-18.48139],[-51.6906,-18.49119],[-51.70813,-18.48132],[-51.70788,-18.47693],[-51.72324,-18.48003],[-51.72697,-18.473],[-51.73516,-18.4805],[-51.74966,-18.47958],[-51.75413,-18.4747],[-51.7481,-18.47186],[-51.75511,-18.47064],[-51.75769,-18.47571],[-51.79808,-18.48942],[-51.79175,-18.5076],[-51.80172,-18.52673],[-51.7992,-18.5415],[-51.81142,-18.54868],[-51.81609,-18.5587],[-51.84604,-18.57204],[-51.9242,-18.54123],[-51.89996,-18.58585],[-51.90279,-18.59156],[-51.89471,-18.60997],[-51.8964,-18.63307],[-51.91698,-18.62064],[-51.9409,-18.61691],[-51.94612,-18.60415],[-51.95302,-18.60604],[-51.95234,-18.59737],[-51.95709,-18.59332],[-51.96357,-18.59562],[-51.98618,-18.58539],[-51.98499,-18.57726],[-51.9911,-18.56864],[-52.00329,-18.57057],[-52.02715,-18.55842],[-52.02167,-18.54836],[-52.03265,-18.54168],[-52.03357,-18.53137],[-52.04923,-18.52678],[-52.05271,-18.5159],[-52.07171,-18.50492],[-52.09874,-18.51332],[-52.11182,-18.52627],[-52.1341,-18.5175],[-52.1394,-18.50634],[-52.15632,-18.50316],[-52.15935,-18.49497],[-52.17001,-18.49802],[-52.17546,-18.50527],[-52.18165,-18.49983],[-52.18821,-18.50276],[-52.19171,-18.49723],[-52.19969,-18.50856],[-52.2183,-18.50145],[-52.22255,-18.50869],[-52.22627,-18.5045],[-52.23715,-18.50869],[-52.23946,-18.50363],[-52.25921,-18.51076],[-52.26207,-18.49882],[-52.26688,-18.50181],[-52.27324,-18.49671],[-52.27527,-18.50275],[-52.27841,-18.49775],[-52.28427,-18.50297],[-52.2866,-18.49759],[-52.29188,-18.50223],[-52.29424,-18.49212],[-52.3121,-18.50168],[-52.30949,-18.49658],[-52.317,-18.49452],[-52.31479,-18.48978],[-52.31924,-18.48425],[-52.32413,-18.48538],[-52.32885,-18.47726],[-52.33288,-18.47928],[-52.33032,-18.47429],[-52.33721,-18.46907],[-52.37041,-18.46821],[-52.37355,-18.46331],[-52.38991,-18.46108],[-52.39474,-18.45321],[-52.40213,-18.45628],[-52.39985,-18.44813],[-52.40722,-18.44787],[-52.41221,-18.44061],[-52.41938,-18.44144],[-52.42469,-18.43427],[-52.43258,-18.4352],[-52.44791,-18.4153],[-52.45071,-18.41851],[-52.45455,-18.411],[-52.46224,-18.41222],[-52.46858,-18.40614],[-52.46335,-18.39909],[-52.47205,-18.3955],[-52.46743,-18.38437],[-52.47344,-18.37304],[-52.47788,-18.37368],[-52.47324,-18.36782],[-52.47693,-18.35893],[-52.48585,-18.35611],[-52.49249,-18.34479],[-52.5006,-18.34734],[-52.52638,-18.34082],[-52.52194,-18.32999],[-52.52949,-18.31549],[-52.53735,-18.31058],[-52.54707,-18.31234],[-52.55561,-18.30072],[-52.57257,-18.29035],[-52.60077,-18.25786],[-52.59821,-18.25401],[-52.60688,-18.2472],[-52.60602,-18.2396],[-52.62077,-18.23865],[-52.63265,-18.22202],[-52.64302,-18.22729],[-52.65302,-18.2074],[-52.65702,-18.20899],[-52.66635,-18.20104],[-52.67332,-18.18012],[-52.68254,-18.17905],[-52.6821,-18.1731],[-52.69235,-18.16815],[-52.69693,-18.17409],[-52.70321,-18.16377],[-52.7071,-18.16713],[-52.70896,-18.15341],[-52.71298,-18.15477],[-52.73235,-18.1416],[-52.74082,-18.12979],[-52.7461,-18.12998],[-52.76487,-18.10596],[-52.76646,-18.09699],[-52.77598,-18.09145],[-52.77913,-18.07367],[-52.78446,-18.07132],[-52.71608,-17.97598],[-52.69507,-17.97329],[-52.66821,-17.98111],[-52.66119,-17.96106],[-52.65089,-17.95258],[-52.59214,-17.93016],[-52.58008,-17.91298],[-52.54314,-17.9045],[-52.52555,-17.90561],[-52.50036,-17.91603],[-52.48186,-17.90194],[-52.46594,-17.88048],[-52.44199,-17.87117],[-52.4276,-17.87072],[-52.42285,-17.86248],[-52.40232,-17.84936],[-52.39588,-17.83078],[-52.38508,-17.82489],[-52.3848,-17.83804],[-52.3776,-17.83831],[-52.37221,-17.83097],[-52.37316,-17.84266],[-52.3601,-17.84321],[-52.35869,-17.85535],[-52.35046,-17.85472],[-52.35066,-17.84865],[-52.31393,-17.83071],[-52.29765,-17.83878],[-52.28476,-17.83633],[-52.26179,-17.84394],[-52.23662,-17.81693],[-52.22318,-17.81266]]]},"properties":{"CD_MUN":"5220504","NM_MUN":"Serranópolis","SIGLA_UF":"GO"}},{"type":"Feature","geometry":{"type":"Polygon","coordinates":[[[-48.9961,-16.4856],[-48.9162,-16.40404],[-48.90754,-16.40774],[-48.8827,-16.44221],[-48.86281,-16.45157],[-48.86851,-16.46733],[-48.86445,-16.48647],[-48.8399,-16.50262],[-48.83859,-16.52193],[-48.82876,-16.52217],[-48.80407,-16.56208],[-48.7952,-16.55845],[-48.7854,-16.58772],[-48.7547,-16.60568],[-48.72676,-16.60449],[-48.71923,-16.62005],[-48.71845,-16.67659],[-48.7231,-16.68651],[-48.78535,-16.63153],[-48.80534,-16.63304],[-48.81849,-16.65085],[-48.83093,-16.65768],[-48.85279,-16.65711],[-48.8487,-16.63533],[-48.85807,-16.63096],[-48.87605,-16.63936],[-48.90257,-16.66487],[-48.91966,-16.69238],[-48.97502,-16.69293],[-49.01138,-16.65846],[-49.00499,-16.64999],[-49.00469,-16.6359],[-48.98183,-16.64924],[-48.95954,-16.63324],[-48.91874,-16.62446],[-48.93341,-16.61827],[-48.94779,-16.60474],[-48.96062,-16.57331],[-48.97082,-16.56451],[-48.99474,-16.58703],[-48.99424,-16.57733],[-49.00913,-16.55488],[-48.99693,-16.53014],[-49.02121,-16.52494],[-48.9961,-16.4856]]]},"properties":{"CD_MUN":"5212303","NM_MUN":"Leopoldo de Bulhões","SIGLA_UF":"GO"}},{"type":"Feature","geometry":{"type":"Polygon","coordinates":[[[-46.45892,-12.93044],[-46.41699,-12.8233],[-46.41088,-12.82795],[-46.4105,-12.84052],[-46.40613,-12.83883],[-46.40769,-12.84578],[-46.39697,-12.85139],[-46.38308,-12.84896],[-46.37683,-12.85346],[-46.37558,-12.85018],[-46.37366,-12.85978],[-46.36577,-12.86433],[-46.36855,-12.87754],[-46.36366,-12.88204],[-46.36711,-12.88797],[-46.36141,-12.89045],[-46.36777,-12.9025],[-46.36011,-12.90883],[-46.36494,-12.91321],[-46.364,-12.9315],[-46.37166,-12.94475],[-46.37089,-12.95844],[-46.37644,-12.96318],[-46.36766,-12.9725],[-46.37156,-12.9867],[-46.3637,-12.99136],[-46.3538,-12.98911],[-46.24183,-12.96068],[-46.1941,-12.95675],[-46.17943,-12.94756],[-46.17641,-12.93962],[-46.16074,-12.93401],[-46.14846,-12.93703],[-46.11935,-12.92586],[-46.11355,-12.91777],[-46.11262,-12.93341],[-46.12521,-12.96146],[-46.15399,-12.97656],[-46.16566,-12.97596],[-46.21374,-13.00398],[-46.23213,-12.99533],[-46.23972,-12.99986],[-46.24588,-12.99768],[-46.25272,-13.00606],[-46.27277,-13.0149],[-46.28011,-13.04343],[-46.29533,-13.06394],[-46.44884,-13.05503],[-46.45053,-13.05498],[-46.4482,-13.03771],[-46.45817,-13.03455],[-46.45434,-13.0187],[-46.47025,-13.00996],[-46.50159,-13.00469],[-46.52848,-13.01797],[-46.53865,-13.01709],[-46.54795,-13.02629],[-46.55704,-13.02678],[-46.57004,-13.04018],[-46.60498,-13.04316],[-46.61124,-13.05649],[-46.62248,-13.06484],[-46.67204,-13.06066],[-46.70557,-13.08253],[-46.71593,-13.10441],[-46.73082,-13.10244],[-46.73468,-13.107],[-46.75265,-13.10152],[-46.76285,-13.09082],[-46.80221,-13.08598],[-46.81327,-13.07345],[-46.81243,-13.06321],[-46.82019,-13.06589],[-46.82104,-13.05807],[-46.82855,-13.06329],[-46.82469,-13.06499],[-46.82763,-13.06903],[-46.8323,-13.06486],[-46.84091,-13.07162],[-46.85399,-13.0673],[-46.85444,-13.05568],[-46.84813,-13.05089],[-46.84691,-13.0539],[-46.84693,-13.04547],[-46.8396,-13.03452],[-46.83368,-13.03381],[-46.82727,-13.01667],[-46.81832,-13.01401],[-46.82257,-13.00812],[-46.81913,-13.00247],[-46.61242,-12.94748],[-46.58975,-12.9489],[-46.4687,-12.95649],[-46.45892,-12.93044]]]},"properties":{"CD_MUN":"5204904","NM_MUN":"Campos Belos","SIGLA_UF":"GO"}},{"type":"Feature","geometry":{"type":"Polygon","coordinates":[[[-49.07766,-16.5935],[-49.06918,-16.59961],[-49.07632,-16.61606],[-49.07075,-16.62992],[-49.07446,-16.63858],[-49.06188,-16.6416],[-49.04241,-16.63699],[-49.03474,-16.64869],[-49.02291,-16.647],[-49.02074,-16.65672],[-49.01138,-16.65846],[-49.03136,-16.69233],[-49.03975,-16.69611],[-49.05158,-16.71246],[-49.05492,-16.73014],[-49.06397,-16.73162],[-49.06877,-16.74074],[-49.06883,-16.74601],[-49.05753,-16.7549],[-49.06431,-16.77275],[-49.06057,-16.78601],[-49.08411,-16.77321],[-49.09533,-16.77235],[-49.116,-16.8029],[-49.13025,-16.79795],[-49.12814,-16.81531],[-49.13408,-16.82759],[-49.15531,-16.82616],[-49.15678,-16.82302],[-49.16215,-16.82956],[-49.17039,-16.82389],[-49.1709,-16.81637],[-49.16495,-16.81221],[-49.15914,-16.81686],[-49.16384,-16.80741],[-49.15989,-16.79042],[-49.15367,-16.77546],[-49.15936,-16.76544],[-49.15453,-16.74967],[-49.14447,-16.75092],[-49.14128,-16.74467],[-49.14905,-16.74333],[-49.14378,-16.74185],[-49.15489,-16.73045],[-49.15516,-16.7174],[-49.16614,-16.71579],[-49.16906,-16.72397],[-49.17717,-16.72452],[-49.17691,-16.71129],[-49.18453,-16.70857],[-49.19647,-16.69297],[-49.18197,-16.67741],[-49.169,-16.65328],[-49.16269,-16.6566],[-49.14125,-16.6435],[-49.12591,-16.62353],[-49.10397,-16.61457],[-49.07766,-16.5935]]]},"properties":{"CD_MUN":"5220454","NM_MUN":"Senador Canedo","SIGLA_UF":"GO"}},{"type":"Feature","geometry":{"type":"Polygon","coordinates":[[[-49.6912,-16.50699],[-49.68618,-16.5018],[-49.66453,-16.49928],[-49.66156,-16.50825],[-49.65604,-16.50944],[-49.63587,-16.49354],[-49.62109,-16.48975],[-49.61495,-16.50596],[-49.59481,-16.52622],[-49.46014,-16.49603],[-49.45573,-16.53655],[-49.42625,-16.53691],[-49.40545,-16.54317],[-49.41195,-16.56514],[-49.4012,-16.57446],[-49.39125,-16.59968],[-49.39308,-16.61409],[-49.37983,-16.62983],[-49.39775,-16.64447],[-49.41164,-16.64299],[-49.43015,-16.66497],[-49.44223,-16.66986],[-49.43959,-16.69557],[-49.44834,-16.72767],[-49.44626,-16.74331],[-49.4354,-16.7596],[-49.43526,-16.77516],[-49.44654,-16.80423],[-49.4729,-16.79096],[-49.48704,-16.79116],[-49.50613,-16.80211],[-49.54468,-16.81151],[-49.54618,-16.79743],[-49.5658,-16.78771],[-49.57887,-16.772],[-49.59238,-16.78391],[-49.5986,-16.80221],[-49.63221,-16.80426],[-49.6371,-16.80023],[-49.63733,-16.78926],[-49.61657,-16.77923],[-49.64066,-16.77062],[-49.6379,-16.7614],[-49.65316,-16.76049],[-49.65502,-16.73795],[-49.67535,-16.72459],[-49.67285,-16.71279],[-49.6903,-16.69107],[-49.69252,-16.68048],[-49.68824,-16.67089],[-49.66952,-16.67196],[-49.65907,-16.66087],[-49.65401,-16.63006],[-49.64262,-16.61667],[-49.63688,-16.5959],[-49.60087,-16.56447],[-49.59473,-16.54556],[-49.62076,-16.55366],[-49.63831,-16.54259],[-49.65084,-16.54857],[-49.65884,-16.53843],[-49.68107,-16.53477],[-49.69551,-16.52194],[-49.6912,-16.50699]]]},"properties":{"CD_MUN":"5221403","NM_MUN":"Trindade","SIGLA_UF":"GO"}},{"type":"Feature","geometry":{"type":"Polygon","coordinates":[[[-47.52345,-17.4124],[-47.53739,-17.40933],[-47.5295,-17.41386],[-47.52733,-17.42407],[-47.52105,-17.4239],[-47.52681,-17.42977],[-47.52695,-17.44039],[-47.53997,-17.44589],[-47.54081,-17.45433],[-47.53637,-17.45716],[-47.53689,-17.46453],[-47.54659,-17.47512],[-47.53897,-17.47992],[-47.53964,-17.48576],[-47.55517,-17.4872],[-47.5487,-17.49725],[-47.55687,-17.50045],[-47.56148,-17.51899],[-47.55059,-17.52508],[-47.55795,-17.52944],[-47.55715,-17.54142],[-47.56384,-17.53767],[-47.56778,-17.54388],[-47.59376,-17.54912],[-47.58745,-17.55953],[-47.60009,-17.55821],[-47.59384,-17.56996],[-47.59862,-17.56964],[-47.60112,-17.5764],[-47.59151,-17.58141],[-47.58848,-17.59293],[-47.60668,-17.59703],[-47.61421,-17.59346],[-47.61723,-17.61312],[-47.60971,-17.61927],[-47.62723,-17.62128],[-47.63243,-17.61615],[-47.62912,-17.62799],[-47.6406,-17.64057],[-47.64071,-17.65067],[-47.63023,-17.6498],[-47.63718,-17.66525],[-47.63005,-17.67045],[-47.62874,-17.68175],[-47.62152,-17.68341],[-47.61843,-17.69397],[-47.62355,-17.71023],[-47.61771,-17.7167],[-47.62149,-17.72254],[-47.6169,-17.72401],[-47.61021,-17.74551],[-47.62013,-17.74572],[-47.62846,-17.75241],[-47.62088,-17.7705],[-47.63335,-17.77011],[-47.63371,-17.77939],[-47.62663,-17.77861],[-47.62316,-17.78393],[-47.63402,-17.78935],[-47.64227,-17.78315],[-47.6501,-17.79127],[-47.64294,-17.79846],[-47.64919,-17.81178],[-47.6423,-17.81596],[-47.65758,-17.82214],[-47.66364,-17.824],[-47.65519,-17.82836],[-47.65502,-17.83708],[-47.67452,-17.8356],[-47.67135,-17.84221],[-47.68544,-17.83746],[-47.70758,-17.84246],[-47.73302,-17.8398],[-47.74472,-17.82907],[-47.75375,-17.80003],[-47.75433,-17.77901],[-47.76377,-17.79174],[-47.76736,-17.80651],[-47.76181,-17.81658],[-47.77436,-17.82303],[-47.77494,-17.83187],[-47.78072,-17.83175],[-47.78903,-17.84357],[-47.81764,-17.84308],[-47.80333,-17.85711],[-47.80419,-17.86592],[-47.79914,-17.87189],[-47.84298,-17.89055],[-47.8617,-17.90954],[-47.86106,-17.91769],[-47.86726,-17.91959],[-47.8869,-17.91614],[-47.89253,-17.91016],[-47.89792,-17.91523],[-47.90781,-17.90947],[-47.91743,-17.91391],[-47.92626,-17.90874],[-47.92523,-17.90202],[-47.93426,-17.90391],[-47.94092,-17.89535],[-47.9524,-17.89942],[-47.96373,-17.89687],[-47.97201,-17.9027],[-47.97651,-17.89704],[-47.98309,-17.89769],[-47.98151,-17.88807],[-47.97067,-17.87839],[-47.9702,-17.86205],[-47.9552,-17.8423],[-47.95862,-17.82075],[-47.954,-17.81817],[-47.95831,-17.81054],[-47.94475,-17.8156],[-47.94195,-17.79769],[-47.95181,-17.79198],[-47.94095,-17.78791],[-47.94372,-17.77591],[-47.938,-17.77698],[-47.94048,-17.77225],[-47.93239,-17.76756],[-47.93789,-17.7619],[-47.93453,-17.7533],[-47.92995,-17.75525],[-47.9265,-17.74104],[-47.93239,-17.73882],[-47.93003,-17.7241],[-47.94017,-17.71203],[-47.93774,-17.68745],[-47.94556,-17.68034],[-47.94175,-17.66162],[-47.96369,-17.62545],[-47.95986,-17.6078],[-47.96569,-17.58765],[-47.96627,-17.55371],[-47.94446,-17.53246],[-47.94857,-17.51118],[-47.94385,-17.50076],[-47.94066,-17.47379],[-47.92913,-17.46389],[-47.91268,-17.43257],[-47.9116,-17.40485],[-47.89354,-17.38988],[-47.88876,-17.37818],[-47.88403,-17.26182],[-47.84561,-17.26095],[-47.79267,-17.21206],[-47.78145,-17.21106],[-47.77122,-17.20254],[-47.75886,-17.20165],[-47.73672,-17.19011],[-47.72352,-17.17294],[-47.72322,-17.14849],[-47.71347,-17.15381],[-47.68739,-17.19095],[-47.67603,-17.23052],[-47.69097,-17.25808],[-47.68892,-17.26476],[-47.67695,-17.27102],[-47.65678,-17.29729],[-47.63142,-17.30743],[-47.607,-17.3304],[-47.56994,-17.34419],[-47.55442,-17.35632],[-47.54931,-17.38526],[-47.52345,-17.4124]]]},"properties":{"CD_MUN":"5204805","NM_MUN":"Campo Alegre de Goiás","SIGLA_UF":"GO"}},{"type":"Feature","geometry":{"type":"Polygon","coordinates":[[[-48.70121,-13.63896],[-48.66083,-13.64419],[-48.65688,-13.65674],[-48.66716,-13.68506],[-48.67202,-13.68387],[-48.67622,-13.69274],[-48.69655,-13.70861],[-48.7088,-13.709],[-48.70686,-13.71868],[-48.72066,-13.74796],[-48.71695,-13.75316],[-48.72414,-13.76191],[-48.72642,-13.77493],[-48.73836,-13.78766],[-48.74634,-13.7877],[-48.75036,-13.79703],[-48.764,-13.79743],[-48.76509,-13.80517],[-48.77437,-13.8055],[-48.77289,-13.81075],[-48.784,-13.81792],[-48.76737,-13.84524],[-48.77945,-13.87776],[-48.79807,-14.06195],[-49.00833,-14.09198],[-49.08143,-14.3177],[-49.08009,-14.32755],[-49.13615,-14.37261],[-49.14718,-14.36786],[-49.17723,-14.38498],[-49.19143,-14.3856],[-49.19959,-14.37963],[-49.18788,-14.37289],[-49.18937,-14.34339],[-49.17204,-14.31973],[-49.17367,-14.30662],[-49.16434,-14.2884],[-49.17362,-14.26669],[-49.15937,-14.2428],[-49.16075,-14.22779],[-49.15326,-14.21176],[-49.15587,-14.20491],[-49.17501,-14.2017],[-49.18162,-14.19291],[-49.18014,-14.18456],[-49.18754,-14.18076],[-49.17954,-14.17423],[-49.18651,-14.1736],[-49.18843,-14.16845],[-49.18642,-14.15811],[-49.17534,-14.15463],[-49.18312,-14.1405],[-49.17656,-14.13047],[-49.18333,-14.10158],[-49.17728,-14.06592],[-49.18117,-14.03129],[-49.17722,-14.02065],[-49.13458,-14.01842],[-49.12747,-14.02331],[-49.10788,-14.00459],[-49.05735,-14.01827],[-49.02497,-14.01171],[-49.01447,-14.01429],[-49.01602,-14.02391],[-49.01094,-14.02783],[-48.96707,-14.03363],[-48.95335,-14.02867],[-48.95174,-14.01635],[-48.9426,-14.01005],[-48.93024,-14.01263],[-48.91452,-14.00748],[-48.91449,-13.98246],[-48.92407,-13.96491],[-48.90115,-13.95756],[-48.8809,-13.93362],[-48.88613,-13.92263],[-48.86809,-13.90591],[-48.86459,-13.88233],[-48.86887,-13.86488],[-48.84709,-13.85081],[-48.83595,-13.83329],[-48.80937,-13.82351],[-48.79995,-13.81419],[-48.79076,-13.8144],[-48.78095,-13.8017],[-48.78081,-13.79372],[-48.78975,-13.78124],[-48.80534,-13.77188],[-48.78289,-13.73755],[-48.78673,-13.70847],[-48.76819,-13.69991],[-48.75975,-13.68887],[-48.72641,-13.66852],[-48.7173,-13.64695],[-48.70121,-13.63896]]]},"properties":{"CD_MUN":"5204706","NM_MUN":"Campinorte","SIGLA_UF":"GO"}},{"type":"Feature","geometry":{"type":"Polygon","coordinates":[[[-48.14612,-13.15199],[-48.16524,-13.18998],[-48.16215,-13.20702],[-48.15279,-13.21965],[-48.16651,-13.23265],[-48.16813,-13.2436],[-48.15596,-13.25027],[-48.15321,-13.27918],[-48.1693,-13.29932],[-48.17146,-13.31101],[-48.16433,-13.33296],[-48.17011,-13.36736],[-48.14602,-13.38448],[-48.14633,-13.43758],[-48.16053,-13.44931],[-48.16958,-13.4481],[-48.17566,-13.44074],[-48.17783,-13.42233],[-48.18644,-13.42067],[-48.19225,-13.44366],[-48.18933,-13.456],[-48.19819,-13.47146],[-48.17936,-13.48213],[-48.16139,-13.47857],[-48.15478,-13.49771],[-48.13105,-13.50496],[-48.13089,-13.52117],[-48.14031,-13.54785],[-48.13464,-13.54885],[-48.12192,-13.53978],[-48.10755,-13.54038],[-48.09206,-13.5483],[-48.09305,-13.55601],[-48.10961,-13.56867],[-48.11078,-13.61769],[-48.11759,-13.61969],[-48.11914,-13.6275],[-48.1417,-13.65302],[-48.1462,-13.66695],[-48.14045,-13.68425],[-48.1452,-13.71358],[-48.13629,-13.7378],[-48.13734,-13.75349],[-48.14412,-13.76392],[-48.15379,-13.7733],[-48.17251,-13.77268],[-48.17968,-13.78293],[-48.18721,-13.78141],[-48.1936,-13.78721],[-48.19487,-13.80045],[-48.20493,-13.80912],[-48.2089,-13.82186],[-48.23007,-13.83694],[-48.24552,-13.85773],[-48.28579,-13.83097],[-48.30116,-13.83318],[-48.3168,-13.846],[-48.33207,-13.83626],[-48.3388,-13.84469],[-48.33543,-13.8518],[-48.34538,-13.86263],[-48.36044,-13.84917],[-48.35904,-13.83629],[-48.37271,-13.82742],[-48.36746,-13.82409],[-48.38457,-13.82107],[-48.37577,-13.80211],[-48.4008,-13.79005],[-48.40366,-13.77822],[-48.4169,-13.77886],[-48.41791,-13.76683],[-48.43505,-13.76036],[-48.43063,-13.74717],[-48.43632,-13.74417],[-48.43505,-13.72956],[-48.45471,-13.709],[-48.42832,-13.70121],[-48.44413,-13.69817],[-48.46493,-13.66793],[-48.46385,-13.6536],[-48.45888,-13.65108],[-48.46404,-13.64626],[-48.45932,-13.63342],[-48.46076,-13.61759],[-48.45551,-13.60819],[-48.47821,-13.61475],[-48.4936,-13.61405],[-48.49754,-13.60949],[-48.50893,-13.61571],[-48.53182,-13.59705],[-48.53565,-13.60011],[-48.5479,-13.59523],[-48.55899,-13.60287],[-48.55602,-13.59356],[-48.56235,-13.59185],[-48.58127,-13.61315],[-48.57924,-13.62791],[-48.61521,-13.63524],[-48.63099,-13.62062],[-48.64097,-13.62234],[-48.64244,-13.61882],[-48.65144,-13.62896],[-48.65916,-13.62855],[-48.66402,-13.63716],[-48.66083,-13.64419],[-48.70121,-13.63896],[-48.69836,-13.63701],[-48.6926,-13.61059],[-48.6843,-13.59692],[-48.64738,-13.58096],[-48.62299,-13.54314],[-48.62543,-13.53619],[-48.61451,-13.53392],[-48.60716,-13.52054],[-48.59946,-13.52041],[-48.59193,-13.51011],[-48.58574,-13.50901],[-48.58457,-13.48501],[-48.5699,-13.46823],[-48.56876,-13.45799],[-48.56101,-13.45349],[-48.55015,-13.45758],[-48.54009,-13.45533],[-48.53912,-13.4498],[-48.55262,-13.43912],[-48.54648,-13.43074],[-48.56201,-13.43293],[-48.56906,-13.41867],[-48.58029,-13.42491],[-48.57921,-13.41068],[-48.56,-13.38952],[-48.56443,-13.35848],[-48.57042,-13.34893],[-48.57095,-13.3242],[-48.57839,-13.32036],[-48.57768,-13.31474],[-48.57742,-13.31428],[-48.55309,-13.30196],[-48.55334,-13.28049],[-48.55922,-13.27393],[-48.55495,-13.26348],[-48.55522,-13.23856],[-48.54936,-13.23055],[-48.55408,-13.20495],[-48.54647,-13.19565],[-48.52986,-13.19254],[-48.52072,-13.16675],[-48.52155,-13.14094],[-48.50824,-13.12888],[-48.48749,-13.14275],[-48.48007,-13.14188],[-48.4791,-13.13319],[-48.47311,-13.13739],[-48.46808,-13.16233],[-48.47705,-13.1787],[-48.47722,-13.19691],[-48.4713,-13.21153],[-48.47475,-13.23571],[-48.45658,-13.24867],[-48.46022,-13.24956],[-48.46089,-13.25853],[-48.45591,-13.25964],[-48.46138,-13.26315],[-48.45972,-13.28074],[-48.44633,-13.28371],[-48.44119,-13.29234],[-48.43469,-13.28884],[-48.42934,-13.27155],[-48.41619,-13.2747],[-48.40672,-13.2674],[-48.39063,-13.26794],[-48.38791,-13.26106],[-48.38517,-13.26605],[-48.37891,-13.25584],[-48.37355,-13.25587],[-48.36035,-13.24261],[-48.35035,-13.24184],[-48.34169,-13.24976],[-48.33641,-13.24707],[-48.34341,-13.2416],[-48.3416,-13.22838],[-48.32794,-13.23252],[-48.31699,-13.22994],[-48.3161,-13.23456],[-48.30658,-13.23542],[-48.30846,-13.22689],[-48.28827,-13.21557],[-48.28738,-13.20397],[-48.27774,-13.19939],[-48.27952,-13.20663],[-48.26491,-13.20497],[-48.26226,-13.19719],[-48.25035,-13.19697],[-48.23135,-13.16814],[-48.22462,-13.1737],[-48.21637,-13.16857],[-48.21104,-13.17412],[-48.19532,-13.173],[-48.19638,-13.16357],[-48.18629,-13.15799],[-48.18829,-13.15364],[-48.18323,-13.15574],[-48.1734,-13.14808],[-48.16484,-13.1579],[-48.14612,-13.15199]]]},"properties":{"CD_MUN":"5213087","NM_MUN":"Minaçu","SIGLA_UF":"GO"}},{"type":"Feature","geometry":{"type":"Polygon","coordinates":[[[-47.87636,-18.28406],[-47.77149,-18.28511],[-47.76324,-18.29273],[-47.7104,-18.29377],[-47.61105,-18.31541],[-47.62393,-18.32267],[-47.62585,-18.33433],[-47.64585,-18.34026],[-47.6466,-18.33034],[-47.65724,-18.32784],[-47.67038,-18.35751],[-47.67905,-18.35643],[-47.68613,-18.35749],[-47.69372,-18.375],[-47.70391,-18.3801],[-47.71224,-18.37692],[-47.71652,-18.36213],[-47.74024,-18.36387],[-47.73296,-18.37593],[-47.74227,-18.37655],[-47.7568,-18.39659],[-47.74647,-18.40996],[-47.7588,-18.41031],[-47.76983,-18.41853],[-47.77869,-18.42417],[-47.79816,-18.41634],[-47.79722,-18.40694],[-47.81024,-18.40015],[-47.83086,-18.41409],[-47.83044,-18.42523],[-47.83672,-18.43586],[-47.83053,-18.44353],[-47.83161,-18.44982],[-47.83847,-18.45179],[-47.84914,-18.44135],[-47.86011,-18.4402],[-47.85967,-18.42328],[-47.85339,-18.41873],[-47.86666,-18.40305],[-47.85749,-18.39302],[-47.8635,-18.38249],[-47.85322,-18.36948],[-47.85374,-18.36119],[-47.86564,-18.35786],[-47.87072,-18.34632],[-47.91358,-18.34001],[-47.91116,-18.32799],[-47.90244,-18.31733],[-47.88641,-18.30822],[-47.89027,-18.3011],[-47.87952,-18.29637],[-47.87636,-18.28406]]]},"properties":{"CD_MUN":"5221304","NM_MUN":"Três Ranchos","SIGLA_UF":"GO"}},{"type":"Feature","geometry":{"type":"MultiPolygon","coordinates":[[[[-52.92093,-18.61339],[-52.93968,-18.61325],[-52.93426,-18.59909],[-52.95162,-18.57665],[-52.95342,-18.56237],[-52.96473,-18.55002],[-52.96215,-18.54081],[-52.94231,-18.51702],[-52.91556,-18.50889],[-52.90429,-18.48254],[-52.88076,-18.46548],[-52.87309,-18.42677],[-52.83808,-18.42365],[-52.87326,-18.64618],[-52.91657,-18.64029],[-52.91412,-18.61981],[-52.92093,-18.61339]]],[[[-52.91455,-16.81221],[-52.90741,-16.81024],[-52.90569,-16.79784],[-52.89213,-16.79335],[-52.88827,-16.78748],[-52.89399,-16.78511],[-52.88202,-16.77608],[-52.8671,-16.78119],[-52.86227,-16.76988],[-52.85869,-16.7679],[-52.85382,-16.77325],[-52.84771,-16.76611],[-52.8321,-16.77231],[-52.82543,-16.77621],[-52.83251,-16.78362],[-52.82841,-16.79677],[-52.83565,-16.80453],[-52.83249,-16.80952],[-52.83616,-16.81558],[-52.83016,-16.81731],[-52.82874,-16.81134],[-52.82676,-16.82085],[-52.82085,-16.82213],[-52.82727,-16.82828],[-52.82321,-16.82964],[-52.82307,-16.84386],[-52.8293,-16.84728],[-52.81541,-16.86334],[-52.82199,-16.86487],[-52.82297,-16.87573],[-52.82852,-16.87861],[-52.8211,-16.88723],[-52.82433,-16.89438],[-52.80122,-16.90629],[-52.78738,-16.90587],[-52.76188,-16.93797],[-52.74616,-16.94325],[-52.75249,-16.95148],[-52.74685,-16.9514],[-52.74299,-16.96101],[-52.73424,-16.95632],[-52.73302,-16.95967],[-52.72841,-16.95307],[-52.7226,-16.96476],[-52.70819,-16.95953],[-52.69383,-16.96843],[-52.68732,-16.96418],[-52.6688,-16.96874],[-52.66416,-16.96223],[-52.6416,-16.96742],[-52.63057,-16.96445],[-52.62891,-16.97124],[-52.61749,-16.96582],[-52.60972,-16.97452],[-52.61377,-16.98973],[-52.6276,-16.9927],[-52.62799,-16.99959],[-52.63299,-17.00218],[-52.63757,-16.99803],[-52.64163,-17.00038],[-52.63583,-17.0059],[-52.63752,-17.01007],[-52.63252,-17.00726],[-52.6233,-17.02202],[-52.61435,-17.02075],[-52.62027,-17.02547],[-52.61227,-17.02936],[-52.60444,-17.04558],[-52.59916,-17.04666],[-52.59635,-17.03968],[-52.59049,-17.04331],[-52.58579,-17.04022],[-52.58438,-17.04738],[-52.57666,-17.04602],[-52.57674,-17.05164],[-52.56988,-17.05],[-52.56535,-17.05806],[-52.5448,-17.06512],[-52.5446,-17.07563],[-52.55102,-17.08288],[-52.54319,-17.08369],[-52.53743,-17.09166],[-52.53329,-17.08994],[-52.5316,-17.09773],[-52.52077,-17.10062],[-52.52444,-17.1066],[-52.51075,-17.12643],[-52.51783,-17.13125],[-52.51527,-17.13741],[-52.50819,-17.13803],[-52.50641,-17.14718],[-52.5013,-17.16804],[-52.51097,-17.20635],[-52.50022,-17.22583],[-52.49808,-17.25237],[-52.49291,-17.26148],[-52.485,-17.26061],[-52.47899,-17.2458],[-52.46786,-17.24626],[-52.46639,-17.25241],[-52.44872,-17.25845],[-52.44538,-17.28687],[-52.41638,-17.28177],[-52.40916,-17.26414],[-52.39327,-17.25759],[-52.37827,-17.26943],[-52.36916,-17.28857],[-52.3523,-17.2956],[-52.34847,-17.30509],[-52.33752,-17.30555],[-52.3373,-17.29893],[-52.32543,-17.29385],[-52.31674,-17.29696],[-52.31174,-17.30906],[-52.29019,-17.30327],[-52.2771,-17.32074],[-52.26716,-17.32565],[-52.25885,-17.32585],[-52.24516,-17.31659],[-52.20391,-17.32141],[-52.19904,-17.31529],[-52.17393,-17.30783],[-52.15227,-17.32296],[-52.15257,-17.34054],[-52.14535,-17.35588],[-52.13732,-17.35627],[-52.12744,-17.36697],[-52.11777,-17.3696],[-52.11454,-17.38026],[-52.10585,-17.38118],[-52.10854,-17.38764],[-52.09849,-17.40096],[-52.10038,-17.41095],[-52.10794,-17.41183],[-52.1071,-17.4178],[-52.11396,-17.41161],[-52.12485,-17.41904],[-52.1313,-17.41665],[-52.13394,-17.42556],[-52.15472,-17.42637],[-52.16138,-17.43776],[-52.17186,-17.43866],[-52.17174,-17.43277],[-52.17869,-17.43564],[-52.18477,-17.43098],[-52.1948,-17.44012],[-52.20413,-17.43105],[-52.20122,-17.42912],[-52.20524,-17.42282],[-52.21897,-17.41677],[-52.21144,-17.40619],[-52.2203,-17.40491],[-52.22524,-17.39163],[-52.23338,-17.39016],[-52.24847,-17.40052],[-52.2628,-17.40127],[-52.27263,-17.39012],[-52.27022,-17.38701],[-52.28297,-17.37407],[-52.28833,-17.37475],[-52.28363,-17.36284],[-52.2893,-17.3627],[-52.28755,-17.35798],[-52.29313,-17.35539],[-52.29589,-17.34255],[-52.30397,-17.34742],[-52.32869,-17.33312],[-52.35766,-17.3337],[-52.3778,-17.32778],[-52.39964,-17.33419],[-52.42936,-17.32209],[-52.45439,-17.32753],[-52.47803,-17.32316],[-52.48517,-17.33907],[-52.49973,-17.34031],[-52.5137,-17.35033],[-52.52823,-17.37063],[-52.51103,-17.37687],[-52.5007,-17.38888],[-52.48511,-17.39661],[-52.4802,-17.40944],[-52.46106,-17.4055],[-52.43714,-17.42526],[-52.43056,-17.42258],[-52.42014,-17.42659],[-52.40603,-17.41896],[-52.40017,-17.42154],[-52.37483,-17.4132],[-52.35222,-17.43069],[-52.35378,-17.44883],[-52.36556,-17.46378],[-52.36594,-17.4723],[-52.37622,-17.47428],[-52.37925,-17.484],[-52.3702,-17.50182],[-52.37067,-17.51831],[-52.36331,-17.5242],[-52.34253,-17.52547],[-52.31578,-17.55149],[-52.30162,-17.56925],[-52.3062,-17.58579],[-52.30323,-17.61937],[-52.25464,-17.6383],[-52.24112,-17.65905],[-52.21209,-17.68061],[-52.23618,-17.70192],[-52.2307,-17.71542],[-52.24337,-17.72748],[-52.2359,-17.74352],[-52.21934,-17.75593],[-52.22698,-17.77433],[-52.27551,-17.77543],[-52.27162,-17.7844],[-52.27504,-17.78948],[-52.26682,-17.79718],[-52.24315,-17.80461],[-52.22545,-17.80388],[-52.22318,-17.81266],[-52.23662,-17.81693],[-52.26179,-17.84394],[-52.28476,-17.83633],[-52.29765,-17.83878],[-52.31393,-17.83071],[-52.35066,-17.84865],[-52.35046,-17.85472],[-52.35869,-17.85535],[-52.3601,-17.84321],[-52.37316,-17.84266],[-52.37221,-17.83097],[-52.3776,-17.83831],[-52.3848,-17.83804],[-52.38508,-17.82489],[-52.39588,-17.83078],[-52.40232,-17.84936],[-52.42285,-17.86248],[-52.4276,-17.87072],[-52.44199,-17.87117],[-52.46594,-17.88048],[-52.48186,-17.90194],[-52.50036,-17.91603],[-52.52555,-17.90561],[-52.54314,-17.9045],[-52.58008,-17.91298],[-52.59214,-17.93016],[-52.65089,-17.95258],[-52.66119,-17.96106],[-52.66821,-17.98111],[-52.69507,-17.97329],[-52.71608,-17.97598],[-52.78446,-18.07132],[-52.82061,-18.31088],[-52.873,-18.31482],[-52.94758,-18.29611],[-52.97889,-18.3047],[-53.00017,-18.31872],[-53.01453,-18.32687],[-53.02098,-18.34702],[-53.02862,-18.35153],[-53.04434,-18.34391],[-53.06973,-18.34286],[-53.10095,-18.31082],[-53.10998,-18.21955],[-53.12953,-18.16069],[-53.12881,-18.13847],[-53.14303,-18.08182],[-53.12991,-18.06239],[-53.08164,-18.05475],[-53.07177,-18.03946],[-53.06983,-17.9859],[-53.0768,-17.96861],[-53.08577,-17.96193],[-53.10027,-17.9368],[-53.13158,-17.91644],[-53.12738,-17.89996],[-53.13263,-17.88142],[-53.14279,-17.87164],[-53.13546,-17.84058],[-53.14735,-17.82217],[-53.14646,-17.81728],[-53.16324,-17.79548],[-53.15938,-17.78681],[-53.16457,-17.77461],[-53.1684,-17.76624],[-53.1754,-17.76583],[-53.17713,-17.75584],[-53.18276,-17.75018],[-53.18685,-17.75205],[-53.20418,-17.72825],[-53.23812,-17.71412],[-53.23893,-17.6948],[-53.24666,-17.69066],[-53.24074,-17.68625],[-53.24554,-17.67234],[-53.24004,-17.66785],[-53.24465,-17.66536],[-53.2439,-17.6563],[-53.24834,-17.655],[-53.24529,-17.65175],[-53.25062,-17.64418],[-53.24704,-17.62307],[-53.25098,-17.61906],[-53.24621,-17.61174],[-53.24957,-17.60628],[-53.2427,-17.60179],[-53.22587,-17.61343],[-53.19626,-17.61329],[-53.17856,-17.62475],[-53.16559,-17.64598],[-53.13184,-17.64975],[-53.11764,-17.66499],[-53.11073,-17.66132],[-53.06978,-17.6654],[-53.18173,-17.55352],[-53.18289,-17.53692],[-53.17178,-17.51486],[-53.16264,-17.50812],[-53.14775,-17.50286],[-53.13569,-17.50694],[-53.13136,-17.49418],[-53.11547,-17.47583],[-53.11256,-17.4632],[-53.10261,-17.45366],[-53.09866,-17.41678],[-53.09338,-17.40407],[-53.07939,-17.39434],[-53.08166,-17.38662],[-53.07753,-17.38589],[-53.08413,-17.38463],[-53.08461,-17.377],[-53.09578,-17.38109],[-53.09294,-17.36828],[-53.08735,-17.36419],[-53.06096,-17.37044],[-53.05671,-17.36453],[-53.04538,-17.36297],[-53.03744,-17.34897],[-53.02127,-17.34532],[-53.00079,-17.33085],[-52.97185,-17.31685],[-52.9671,-17.3088],[-52.93202,-17.30604],[-52.88946,-17.28762],[-52.88359,-17.26942],[-52.89171,-17.26252],[-52.88817,-17.25012],[-52.90845,-17.24411],[-52.92537,-17.22018],[-52.92718,-17.21492],[-52.91431,-17.1893],[-52.91495,-17.17245],[-52.92134,-17.16818],[-52.92462,-17.1477],[-52.93065,-17.14897],[-52.9362,-17.13283],[-52.94779,-17.12956],[-52.94173,-17.1244],[-52.94287,-17.11797],[-52.95292,-17.11696],[-52.95198,-17.10772],[-52.95717,-17.10998],[-52.95915,-17.10553],[-52.95659,-17.09729],[-52.9687,-17.08025],[-52.96689,-17.07481],[-52.97189,-17.07472],[-52.96642,-17.06929],[-52.96951,-17.05334],[-52.95336,-17.03443],[-52.95711,-17.02745],[-52.95175,-17.02437],[-52.95664,-17.01848],[-52.95173,-17.00889],[-52.95495,-17.00897],[-52.95375,-17.00051],[-52.96342,-16.98039],[-52.96028,-16.97035],[-52.95417,-16.97082],[-52.95406,-16.96512],[-52.9465,-16.96197],[-52.94667,-16.9474],[-52.94383,-16.9503],[-52.93556,-16.94462],[-52.92492,-16.94827],[-52.91608,-16.94549],[-52.91256,-16.93491],[-52.90672,-16.93202],[-52.91283,-16.92594],[-52.9083,-16.92532],[-52.91308,-16.91498],[-52.92256,-16.90835],[-52.92202,-16.88716],[-52.92811,-16.88244],[-52.92103,-16.87368],[-52.92327,-16.87005],[-52.91575,-16.86916],[-52.91883,-16.86155],[-52.913,-16.85659],[-52.91808,-16.85612],[-52.92063,-16.83402],[-52.92724,-16.8378],[-52.93191,-16.8358],[-52.92869,-16.82739],[-52.94294,-16.8106],[-52.93541,-16.81044],[-52.93238,-16.80284],[-52.92591,-16.80531],[-52.92633,-16.81834],[-52.91455,-16.81221]]],[[[-52.80473,-17.34197],[-52.82068,-17.35274],[-52.82418,-17.36388],[-52.86349,-17.39953],[-52.89332,-17.41254],[-52.87202,-17.42679],[-52.87544,-17.44717],[-52.89046,-17.46852],[-52.88483,-17.47705],[-52.85522,-17.4356],[-52.84502,-17.42836],[-52.78952,-17.42551],[-52.76801,-17.42],[-52.73563,-17.42364],[-52.72857,-17.43234],[-52.68448,-17.4493],[-52.66373,-17.44822],[-52.65976,-17.43544],[-52.65276,-17.43373],[-52.64795,-17.43808],[-52.65079,-17.44559],[-52.64512,-17.44568],[-52.64937,-17.45049],[-52.64229,-17.45139],[-52.64031,-17.45647],[-52.64087,-17.46616],[-52.62993,-17.46444],[-52.6239,-17.44894],[-52.61067,-17.44306],[-52.60123,-17.43046],[-52.60453,-17.4224],[-52.59729,-17.40917],[-52.58653,-17.403],[-52.5715,-17.40817],[-52.5532,-17.40318],[-52.51983,-17.34327],[-52.56211,-17.33278],[-52.57625,-17.33658],[-52.61201,-17.32636],[-52.62098,-17.31204],[-52.61861,-17.29873],[-52.6272,-17.29873],[-52.62853,-17.29112],[-52.63306,-17.29103],[-52.62975,-17.28305],[-52.63295,-17.26847],[-52.64881,-17.24962],[-52.6457,-17.24373],[-52.65645,-17.24156],[-52.68405,-17.2007],[-52.69217,-17.20296],[-52.69678,-17.21618],[-52.713,-17.21654],[-52.71206,-17.22234],[-52.7212,-17.21745],[-52.72667,-17.21971],[-52.73525,-17.23194],[-52.74128,-17.23302],[-52.74242,-17.24543],[-52.77101,-17.26263],[-52.77734,-17.27713],[-52.79676,-17.2801],[-52.81093,-17.28788],[-52.81565,-17.29676],[-52.80179,-17.31761],[-52.80473,-17.34197]]]]},"properties":{"CD_MUN":"5213103","NM_MUN":"Mineiros","SIGLA_UF":"GO"}},{"type":"Feature","geometry":{"type":"Polygon","coordinates":[[[-48.66083,-13.64419],[-48.66402,-13.63716],[-48.65916,-13.62855],[-48.65144,-13.62896],[-48.64244,-13.61882],[-48.64097,-13.62234],[-48.63099,-13.62062],[-48.61521,-13.63524],[-48.57924,-13.62791],[-48.58127,-13.61315],[-48.56235,-13.59185],[-48.55602,-13.59356],[-48.55899,-13.60287],[-48.5479,-13.59523],[-48.53565,-13.60011],[-48.53182,-13.59705],[-48.50893,-13.61571],[-48.49754,-13.60949],[-48.4936,-13.61405],[-48.47821,-13.61475],[-48.45551,-13.60819],[-48.46076,-13.61759],[-48.45932,-13.63342],[-48.46404,-13.64626],[-48.45888,-13.65108],[-48.46385,-13.6536],[-48.46493,-13.66793],[-48.44413,-13.69817],[-48.42832,-13.70121],[-48.45471,-13.709],[-48.43505,-13.72956],[-48.43632,-13.74417],[-48.43063,-13.74717],[-48.43505,-13.76036],[-48.41791,-13.76683],[-48.4169,-13.77886],[-48.40366,-13.77822],[-48.4008,-13.79005],[-48.37577,-13.80211],[-48.38457,-13.82107],[-48.36746,-13.82409],[-48.37271,-13.82742],[-48.35904,-13.83629],[-48.36044,-13.84917],[-48.34538,-13.86263],[-48.33843,-13.87422],[-48.33999,-13.88801],[-48.32575,-13.90474],[-48.32641,-13.92767],[-48.31708,-13.93849],[-48.32355,-13.95145],[-48.31797,-13.97718],[-48.33603,-13.97201],[-48.35897,-13.97551],[-48.39044,-14.00134],[-48.42553,-14.01183],[-48.42709,-14.01935],[-48.43348,-14.02292],[-48.44612,-14.01391],[-48.47281,-14.01938],[-48.47237,-14.03487],[-48.48289,-14.04524],[-48.48431,-14.06327],[-48.50331,-14.07243],[-48.49359,-14.08133],[-48.50176,-14.10882],[-48.52576,-14.12582],[-48.54031,-14.11432],[-48.5484,-14.12714],[-48.5634,-14.13122],[-48.57601,-14.14479],[-48.58415,-14.16431],[-48.59879,-14.16974],[-48.59849,-14.18577],[-48.61663,-14.179],[-48.62357,-14.18248],[-48.63521,-14.17558],[-48.67246,-14.17155],[-48.68529,-14.16456],[-48.69104,-14.15092],[-48.6979,-14.15114],[-48.70668,-14.16061],[-48.71966,-14.14701],[-48.71824,-14.13378],[-48.72268,-14.12752],[-48.70829,-14.12412],[-48.70207,-14.10725],[-48.70438,-14.09476],[-48.71668,-14.08713],[-48.71162,-14.07705],[-48.72307,-14.03882],[-48.71779,-14.03851],[-48.71351,-14.02282],[-48.71982,-14.00647],[-48.73012,-14.00107],[-48.73385,-13.99248],[-48.72704,-13.9625],[-48.72984,-13.95574],[-48.7382,-13.95597],[-48.73473,-13.94202],[-48.75182,-13.93314],[-48.76859,-13.91399],[-48.77212,-13.88781],[-48.77945,-13.87776],[-48.76737,-13.84524],[-48.784,-13.81792],[-48.77289,-13.81075],[-48.77437,-13.8055],[-48.76509,-13.80517],[-48.764,-13.79743],[-48.75036,-13.79703],[-48.74634,-13.7877],[-48.73836,-13.78766],[-48.72642,-13.77493],[-48.72414,-13.76191],[-48.71695,-13.75316],[-48.72066,-13.74796],[-48.70686,-13.71868],[-48.7088,-13.709],[-48.69655,-13.70861],[-48.67622,-13.69274],[-48.67202,-13.68387],[-48.66716,-13.68506],[-48.65688,-13.65674],[-48.66083,-13.64419]]]},"properties":{"CD_MUN":"5204656","NM_MUN":"Campinaçu","SIGLA_UF":"GO"}},{"type":"Feature","geometry":{"type":"Polygon","coordinates":[[[-49.1136,-16.42748],[-49.09798,-16.41548],[-49.09507,-16.40242],[-49.09962,-16.38496],[-49.09315,-16.38147],[-49.09065,-16.3862],[-49.0769,-16.38785],[-49.06735,-16.37625],[-49.04973,-16.37628],[-49.04154,-16.39814],[-49.02901,-16.40346],[-49.02309,-16.41294],[-49.00951,-16.39834],[-48.99231,-16.40271],[-48.98054,-16.399],[-48.98161,-16.40461],[-49.0111,-16.41617],[-49.02214,-16.4462],[-49.04825,-16.44994],[-49.06403,-16.46236],[-49.07984,-16.50055],[-49.11442,-16.53663],[-49.12732,-16.51298],[-49.12285,-16.50837],[-49.1218,-16.48396],[-49.11285,-16.47314],[-49.11749,-16.44309],[-49.10874,-16.4317],[-49.1136,-16.42748]]]},"properties":{"CD_MUN":"5221197","NM_MUN":"Terezópolis de Goiás","SIGLA_UF":"GO"}},{"type":"Feature","geometry":{"type":"Polygon","coordinates":[[[-50.46734,-17.95187],[-50.44076,-17.94107],[-50.42032,-17.94699],[-50.39812,-17.92859],[-50.38376,-17.93703],[-50.37273,-17.93266],[-50.36101,-17.94755],[-50.34509,-17.94235],[-50.32479,-17.98742],[-50.30981,-17.9893],[-50.30707,-18.00039],[-50.28593,-17.99852],[-50.28412,-18.00662],[-50.29581,-18.02205],[-50.29112,-18.02915],[-50.25256,-18.03195],[-50.22698,-18.01292],[-50.19531,-18.05571],[-50.18726,-18.0604],[-50.19567,-18.06822],[-50.2064,-18.06688],[-50.22484,-18.07837],[-50.22918,-18.0739],[-50.24051,-18.0789],[-50.2519,-18.06985],[-50.26154,-18.07803],[-50.28354,-18.07961],[-50.30318,-18.09253],[-50.30037,-18.09952],[-50.31235,-18.11377],[-50.32343,-18.11405],[-50.33929,-18.12854],[-50.35488,-18.15889],[-50.37816,-18.15401],[-50.38652,-18.14243],[-50.39427,-18.14029],[-50.39882,-18.12919],[-50.4184,-18.12461],[-50.42577,-18.13162],[-50.44069,-18.12443],[-50.41524,-18.10777],[-50.42746,-18.09417],[-50.42674,-18.08728],[-50.43488,-18.0758],[-50.43782,-18.05102],[-50.50713,-18.0184],[-50.48049,-18.00033],[-50.46921,-17.97698],[-50.46734,-17.95187]]]},"properties":{"CD_MUN":"5213004","NM_MUN":"Maurilândia","SIGLA_UF":"GO"}},{"type":"Feature","geometry":{"type":"Polygon","coordinates":[[[-49.01138,-16.65846],[-48.97502,-16.69293],[-48.91966,-16.69238],[-48.90257,-16.66487],[-48.87605,-16.63936],[-48.85807,-16.63096],[-48.8487,-16.63533],[-48.85279,-16.65711],[-48.84468,-16.67341],[-48.84604,-16.68175],[-48.85193,-16.68348],[-48.85035,-16.69501],[-48.83182,-16.6908],[-48.82329,-16.69539],[-48.82062,-16.70583],[-48.8893,-16.79521],[-48.92541,-16.78709],[-48.93526,-16.7935],[-48.97046,-16.79427],[-48.97262,-16.79055],[-48.98997,-16.80004],[-49.0009,-16.81805],[-49.01247,-16.8253],[-49.02302,-16.82566],[-49.02971,-16.81829],[-49.0445,-16.81443],[-49.05062,-16.81647],[-49.05678,-16.82751],[-49.06785,-16.8229],[-49.06705,-16.81501],[-49.06099,-16.81305],[-49.06037,-16.80499],[-49.05266,-16.79708],[-49.06422,-16.79175],[-49.06057,-16.78601],[-49.06431,-16.77275],[-49.05753,-16.7549],[-49.06883,-16.74601],[-49.06877,-16.74074],[-49.06397,-16.73162],[-49.05492,-16.73014],[-49.05158,-16.71246],[-49.03975,-16.69611],[-49.03136,-16.69233],[-49.01138,-16.65846]]]},"properties":{"CD_MUN":"5204557","NM_MUN":"Caldazinha","SIGLA_UF":"GO"}},{"type":"Feature","geometry":{"type":"Polygon","coordinates":[[[-48.07722,-14.89507],[-48.07086,-14.90568],[-48.05853,-14.90924],[-48.05422,-14.91942],[-48.04578,-14.92293],[-48.04183,-14.93339],[-48.04475,-14.94528],[-48.03506,-14.96019],[-48.03992,-14.9654],[-48.04297,-14.96074],[-48.0515,-14.96256],[-48.0485,-14.97954],[-48.05917,-14.98954],[-48.05734,-15.01115],[-48.06281,-15.02457],[-48.05575,-15.03208],[-48.05922,-15.0363],[-48.05731,-15.05051],[-48.06184,-15.06361],[-48.08295,-15.08289],[-48.07375,-15.09133],[-48.08476,-15.09782],[-48.08684,-15.10865],[-48.09843,-15.11157],[-48.09131,-15.11727],[-48.09076,-15.13575],[-48.10787,-15.14672],[-48.11415,-15.15398],[-48.12065,-15.13989],[-48.13907,-15.13457],[-48.13973,-15.1401],[-48.14635,-15.14205],[-48.15476,-15.13481],[-48.16362,-15.14615],[-48.16926,-15.13936],[-48.18162,-15.141],[-48.19876,-15.12753],[-48.21223,-15.12473],[-48.2156,-15.11332],[-48.21979,-15.12057],[-48.23201,-15.12024],[-48.23021,-15.12787],[-48.24579,-15.12653],[-48.26338,-15.11888],[-48.27599,-15.10465],[-48.2861,-15.10153],[-48.28679,-15.11196],[-48.30401,-15.09682],[-48.30546,-15.11078],[-48.31699,-15.10218],[-48.32268,-15.11278],[-48.32799,-15.1024],[-48.33952,-15.10699],[-48.33893,-15.0957],[-48.35207,-15.09888],[-48.35571,-15.10577],[-48.3549,-15.09584],[-48.36046,-15.09951],[-48.36466,-15.08981],[-48.37399,-15.09461],[-48.38054,-15.09215],[-48.38496,-15.09956],[-48.39904,-15.09795],[-48.40596,-15.10565],[-48.42396,-15.0865],[-48.42807,-15.09656],[-48.44872,-15.10034],[-48.46755,-15.11126],[-48.47485,-15.10996],[-48.47625,-15.11653],[-48.48866,-15.11752],[-48.48821,-15.13071],[-48.49619,-15.13012],[-48.49719,-15.14156],[-48.50583,-15.14375],[-48.49913,-15.15226],[-48.51172,-15.16178],[-48.51389,-15.15609],[-48.53225,-15.16356],[-48.53547,-15.17106],[-48.5453,-15.17466],[-48.54752,-15.16706],[-48.55567,-15.17288],[-48.55603,-15.16798],[-48.56922,-15.15827],[-48.57416,-15.17137],[-48.58889,-15.15352],[-48.60828,-15.15338],[-48.61383,-15.15495],[-48.62036,-15.1434],[-48.63008,-15.11027],[-48.63997,-15.11],[-48.64289,-15.0989],[-48.64839,-15.10494],[-48.65359,-15.10119],[-48.6443,-15.08738],[-48.64942,-15.07767],[-48.64613,-15.06668],[-48.65455,-15.06199],[-48.6565,-15.04679],[-48.65494,-15.04389],[-48.65,-15.04855],[-48.6446,-15.03933],[-48.63572,-15.04049],[-48.64358,-15.02978],[-48.63958,-15.02392],[-48.63094,-15.03095],[-48.62416,-15.02882],[-48.62322,-15.02202],[-48.61307,-15.02458],[-48.61589,-15.0186],[-48.60888,-15.01872],[-48.59841,-15.00698],[-48.61052,-15.0025],[-48.60555,-14.99028],[-48.587,-14.99772],[-48.57499,-14.9935],[-48.57191,-15.00846],[-48.56561,-15.0118],[-48.5558,-15.01481],[-48.54791,-15.00646],[-48.52163,-15.01775],[-48.50708,-15.00877],[-48.4999,-14.98465],[-48.4809,-14.98784],[-48.47932,-14.97198],[-48.47371,-14.96459],[-48.43032,-14.94866],[-48.41806,-14.93576],[-48.38071,-14.94442],[-48.37154,-14.9397],[-48.37131,-14.9272],[-48.35671,-14.91836],[-48.3542,-14.90855],[-48.33845,-14.91146],[-48.3247,-14.89918],[-48.29159,-14.89691],[-48.25622,-14.87307],[-48.23639,-14.8809],[-48.18531,-14.84891],[-48.12572,-14.84396],[-48.11439,-14.84971],[-48.10089,-14.84864],[-48.08103,-14.86081],[-48.08169,-14.8734],[-48.09039,-14.88527],[-48.07722,-14.89507]]]},"properties":{"CD_MUN":"5213053","NM_MUN":"Mimoso de Goiás","SIGLA_UF":"GO"}},{"type":"Feature","geometry":{"type":"Polygon","coordinates":[[[-49.72755,-16.67012],[-49.71754,-16.67313],[-49.70615,-16.66302],[-49.68824,-16.67089],[-49.69252,-16.68048],[-49.6903,-16.69107],[-49.67285,-16.71279],[-49.67535,-16.72459],[-49.65502,-16.73795],[-49.65316,-16.76049],[-49.6379,-16.7614],[-49.64066,-16.77062],[-49.61657,-16.77923],[-49.63733,-16.78926],[-49.6371,-16.80023],[-49.63221,-16.80426],[-49.5986,-16.80221],[-49.59679,-16.81441],[-49.61038,-16.84183],[-49.62852,-16.84631],[-49.63888,-16.85884],[-49.64636,-16.85934],[-49.66497,-16.87532],[-49.68544,-16.87295],[-49.69675,-16.88215],[-49.7145,-16.88079],[-49.7193,-16.8899],[-49.73458,-16.8994],[-49.74106,-16.89348],[-49.73955,-16.88258],[-49.72877,-16.87194],[-49.73261,-16.86297],[-49.74489,-16.85992],[-49.75464,-16.851],[-49.75486,-16.8303],[-49.76744,-16.82464],[-49.75875,-16.82028],[-49.759,-16.81587],[-49.77461,-16.79889],[-49.78166,-16.78016],[-49.77967,-16.76439],[-49.77047,-16.76101],[-49.77072,-16.75246],[-49.76172,-16.74601],[-49.76419,-16.73142],[-49.75072,-16.71518],[-49.74552,-16.70018],[-49.73372,-16.69474],[-49.73532,-16.67928],[-49.72755,-16.67012]]]},"properties":{"CD_MUN":"5204607","NM_MUN":"Campestre de Goiás","SIGLA_UF":"GO"}},{"type":"Feature","geometry":{"type":"Polygon","coordinates":[[[-50.79699,-15.02502],[-50.7891,-15.02227],[-50.77479,-15.02834],[-50.77771,-15.03306],[-50.77296,-15.03894],[-50.7657,-15.0376],[-50.76871,-15.04297],[-50.75699,-15.04526],[-50.75491,-15.05043],[-50.74834,-15.04775],[-50.75035,-15.06004],[-50.73268,-15.06279],[-50.73121,-15.07169],[-50.71799,-15.08044],[-50.72249,-15.08377],[-50.72304,-15.10623],[-50.71982,-15.11684],[-50.71243,-15.11777],[-50.71766,-15.14927],[-50.72532,-15.16217],[-50.74788,-15.17567],[-50.73924,-15.20236],[-50.74016,-15.22007],[-50.73013,-15.2273],[-50.73624,-15.23902],[-50.72841,-15.24952],[-50.73121,-15.25496],[-50.71991,-15.28238],[-50.72989,-15.30421],[-50.72049,-15.31711],[-50.71244,-15.31556],[-50.70613,-15.3206],[-50.68811,-15.37992],[-50.67536,-15.38892],[-50.65841,-15.42499],[-50.61925,-15.45062],[-50.61011,-15.46482],[-50.58694,-15.47375],[-50.55858,-15.46831],[-50.55055,-15.46162],[-50.52788,-15.41989],[-50.51627,-15.43],[-50.52705,-15.44063],[-50.52413,-15.45024],[-50.53397,-15.45701],[-50.5178,-15.52937],[-50.51758,-15.54487],[-50.52661,-15.55714],[-50.54947,-15.56817],[-50.558,-15.56656],[-50.56361,-15.57635],[-50.57822,-15.56894],[-50.58794,-15.57013],[-50.61742,-15.59818],[-50.63556,-15.59638],[-50.64862,-15.59323],[-50.65586,-15.57516],[-50.68003,-15.57445],[-50.6959,-15.54305],[-50.73845,-15.4928],[-50.75756,-15.48792],[-50.77389,-15.4912],[-50.77976,-15.49742],[-50.77947,-15.48019],[-50.78817,-15.48884],[-50.79673,-15.48043],[-50.80111,-15.48462],[-50.80914,-15.4698],[-50.81656,-15.46647],[-50.81734,-15.47069],[-50.82636,-15.47077],[-50.8427,-15.48426],[-50.84218,-15.49311],[-50.84867,-15.48987],[-50.85039,-15.49677],[-50.84245,-15.49724],[-50.8542,-15.50253],[-50.864,-15.49427],[-50.87329,-15.49748],[-50.87645,-15.48455],[-50.8727,-15.48173],[-50.88229,-15.4716],[-50.89062,-15.47235],[-50.88984,-15.467],[-50.90662,-15.47411],[-50.9174,-15.45455],[-50.92253,-15.45429],[-50.9212,-15.44945],[-50.92645,-15.44927],[-50.92662,-15.44027],[-50.9352,-15.43816],[-50.94128,-15.42638],[-50.94829,-15.42667],[-50.94804,-15.4342],[-50.95431,-15.42214],[-50.95851,-15.42315],[-50.95751,-15.41246],[-50.96345,-15.41025],[-50.95948,-15.39182],[-50.96426,-15.38873],[-50.96501,-15.37121],[-50.97514,-15.35759],[-50.9804,-15.35382],[-50.99387,-15.36651],[-51.001,-15.36398],[-51.00103,-15.34699],[-51.00867,-15.34813],[-51.01253,-15.34281],[-51.01809,-15.35018],[-51.0222,-15.34848],[-51.01937,-15.34212],[-51.02692,-15.34099],[-51.02642,-15.3467],[-51.03261,-15.34357],[-51.03103,-15.32897],[-51.04598,-15.31185],[-51.04173,-15.30376],[-51.05081,-15.29901],[-51.05303,-15.28697],[-51.06259,-15.28522],[-51.06201,-15.27371],[-51.06976,-15.27122],[-51.06459,-15.26331],[-51.05842,-15.26363],[-51.04989,-15.25497],[-51.04917,-15.26593],[-51.04231,-15.27178],[-51.04462,-15.27642],[-51.02503,-15.28816],[-51.02442,-15.29812],[-51.01381,-15.3044],[-51.01798,-15.31023],[-51.00761,-15.31088],[-51.00031,-15.32815],[-50.99011,-15.31856],[-50.96273,-15.31286],[-50.94942,-15.31827],[-50.93889,-15.30957],[-50.93289,-15.31546],[-50.92545,-15.31071],[-50.91023,-15.32143],[-50.90384,-15.31287],[-50.90775,-15.29422],[-50.904,-15.24556],[-50.91541,-15.22383],[-50.90972,-15.20193],[-50.89958,-15.22537],[-50.86566,-15.1963],[-50.80327,-15.2017],[-50.7978,-15.18804],[-50.77946,-15.17826],[-50.74188,-15.11447],[-50.74193,-15.09156],[-50.76452,-15.07013],[-50.76396,-15.05732],[-50.77296,-15.05384],[-50.77976,-15.04412],[-50.78079,-15.04734],[-50.78976,-15.04249],[-50.79699,-15.02502]]]},"properties":{"CD_MUN":"5212956","NM_MUN":"Matrinchã","SIGLA_UF":"GO"}},{"type":"Feature","geometry":{"type":"Polygon","coordinates":[[[-48.59231,-15.36425],[-48.58412,-15.37354],[-48.57123,-15.374],[-48.56495,-15.38704],[-48.57026,-15.3934],[-48.56273,-15.39424],[-48.56682,-15.39729],[-48.56037,-15.39968],[-48.56498,-15.41017],[-48.55864,-15.41725],[-48.56157,-15.42156],[-48.56512,-15.41935],[-48.56165,-15.43254],[-48.57087,-15.43683],[-48.56932,-15.44535],[-48.55415,-15.45546],[-48.5592,-15.46911],[-48.58115,-15.4816],[-48.58071,-15.50855],[-48.58921,-15.51388],[-48.58907,-15.52331],[-48.59365,-15.52251],[-48.59196,-15.52958],[-48.59793,-15.53409],[-48.5914,-15.54025],[-48.58649,-15.53645],[-48.58821,-15.54368],[-48.58016,-15.5456],[-48.57982,-15.55862],[-48.56182,-15.56898],[-48.56587,-15.57402],[-48.55888,-15.58352],[-48.54582,-15.58292],[-48.54635,-15.60625],[-48.53079,-15.60907],[-48.52521,-15.60472],[-48.52835,-15.61339],[-48.51985,-15.61009],[-48.50037,-15.61538],[-48.4894,-15.62145],[-48.47868,-15.61938],[-48.46868,-15.62964],[-48.4564,-15.62997],[-48.45254,-15.63539],[-48.43779,-15.63809],[-48.40857,-15.65439],[-48.39276,-15.64324],[-48.38821,-15.63474],[-48.39179,-15.63218],[-48.38276,-15.62168],[-48.38426,-15.61139],[-48.36579,-15.61888],[-48.35031,-15.63655],[-48.34698,-15.63054],[-48.3087,-15.62169],[-48.28762,-15.63763],[-48.28187,-15.636],[-48.25523,-15.64682],[-48.25159,-15.65921],[-48.29876,-15.71005],[-48.30721,-15.70587],[-48.31735,-15.7194],[-48.32829,-15.71348],[-48.33365,-15.72006],[-48.34874,-15.72475],[-48.35638,-15.77263],[-48.35257,-15.79388],[-48.36913,-15.80325],[-48.37788,-15.81593],[-48.38838,-15.85364],[-48.40719,-15.87762],[-48.41893,-15.91432],[-48.43946,-15.90363],[-48.43664,-15.89876],[-48.45815,-15.88894],[-48.46425,-15.86426],[-48.4602,-15.8447],[-48.46329,-15.83004],[-48.49572,-15.82815],[-48.50056,-15.82111],[-48.51192,-15.81377],[-48.53114,-15.81035],[-48.54277,-15.80068],[-48.54467,-15.78994],[-48.55313,-15.78059],[-48.56161,-15.77884],[-48.57225,-15.76652],[-48.62673,-15.75319],[-48.6412,-15.75507],[-48.64126,-15.76169],[-48.64769,-15.76619],[-48.665,-15.76636],[-48.68339,-15.79392],[-48.69971,-15.80708],[-48.69442,-15.81684],[-48.68077,-15.82228],[-48.67865,-15.83366],[-48.66242,-15.84715],[-48.664,-15.85485],[-48.67416,-15.86205],[-48.70063,-15.85598],[-48.7174,-15.86517],[-48.75703,-15.8575],[-48.76256,-15.85425],[-48.76164,-15.84009],[-48.77781,-15.83425],[-48.77699,-15.8238],[-48.78173,-15.81975],[-48.79754,-15.82641],[-48.83712,-15.83103],[-48.85632,-15.81242],[-48.85609,-15.80333],[-48.84067,-15.80395],[-48.8337,-15.79918],[-48.81603,-15.74946],[-48.82742,-15.74128],[-48.83422,-15.72449],[-48.82531,-15.71758],[-48.83139,-15.70413],[-48.83031,-15.69157],[-48.80973,-15.66778],[-48.81472,-15.65219],[-48.81008,-15.63351],[-48.82375,-15.63079],[-48.82681,-15.62205],[-48.79525,-15.59005],[-48.79444,-15.58282],[-48.80488,-15.57183],[-48.79188,-15.55542],[-48.80866,-15.54522],[-48.82769,-15.54635],[-48.82953,-15.54106],[-48.80975,-15.50675],[-48.80146,-15.50055],[-48.76508,-15.48557],[-48.74877,-15.49501],[-48.7403,-15.49454],[-48.7373,-15.4826],[-48.74766,-15.47093],[-48.74321,-15.46484],[-48.73077,-15.46236],[-48.71138,-15.38995],[-48.70163,-15.39993],[-48.68932,-15.39917],[-48.6729,-15.38634],[-48.66137,-15.36942],[-48.61815,-15.35883],[-48.59231,-15.36425]]]},"properties":{"CD_MUN":"5205513","NM_MUN":"Cocalzinho de Goiás","SIGLA_UF":"GO"}},{"type":"Feature","geometry":{"type":"Polygon","coordinates":[[[-48.34538,-13.86263],[-48.33543,-13.8518],[-48.3388,-13.84469],[-48.33207,-13.83626],[-48.3168,-13.846],[-48.30116,-13.83318],[-48.28579,-13.83097],[-48.24552,-13.85773],[-48.23007,-13.83694],[-48.2089,-13.82186],[-48.20493,-13.80912],[-48.19487,-13.80045],[-48.1936,-13.78721],[-48.18721,-13.78141],[-48.17968,-13.78293],[-48.17251,-13.77268],[-48.15379,-13.7733],[-48.14412,-13.76392],[-48.13734,-13.75349],[-48.13629,-13.7378],[-48.1452,-13.71358],[-48.14045,-13.68425],[-48.1462,-13.66695],[-48.1417,-13.65302],[-48.11914,-13.6275],[-48.09473,-13.6543],[-48.09395,-13.6858],[-48.07956,-13.68105],[-48.06319,-13.70182],[-48.05709,-13.70281],[-48.05609,-13.71746],[-48.0512,-13.72318],[-48.05962,-13.73445],[-48.04645,-13.7415],[-48.042,-13.73454],[-48.03942,-13.74655],[-48.02642,-13.7429],[-48.02506,-13.73536],[-48.01909,-13.73736],[-48.02767,-13.75135],[-48.02359,-13.7626],[-48.03456,-13.76512],[-48.02784,-13.76982],[-48.03098,-13.7754],[-48.02276,-13.77354],[-48.01578,-13.78095],[-48.02723,-13.81727],[-48.01953,-13.81243],[-48.01095,-13.81574],[-47.99895,-13.83197],[-47.97789,-13.83996],[-47.9742,-13.84793],[-47.96167,-13.85045],[-47.95492,-13.85859],[-47.95657,-13.86828],[-47.94653,-13.88657],[-47.95717,-13.90115],[-47.96479,-13.90071],[-47.95559,-13.91772],[-47.96237,-13.92805],[-47.95818,-13.93981],[-47.94398,-13.94252],[-47.92931,-13.95618],[-47.93423,-13.96551],[-47.92923,-13.9722],[-47.92226,-13.97193],[-47.92123,-13.98396],[-47.92818,-13.98823],[-47.91901,-13.99455],[-47.91837,-14.0006],[-47.90785,-14.01471],[-47.9124,-14.0149],[-47.91352,-14.02232],[-47.92324,-14.02477],[-47.92613,-14.036],[-47.91637,-14.03981],[-47.91277,-14.04669],[-47.90579,-14.04044],[-47.89957,-14.04524],[-47.89846,-14.07839],[-47.89176,-14.08401],[-47.89854,-14.0937],[-47.90829,-14.09914],[-47.91693,-14.09651],[-47.91876,-14.10177],[-47.9031,-14.112],[-47.90335,-14.11817],[-47.9131,-14.12043],[-47.90874,-14.13031],[-47.91626,-14.1496],[-47.91068,-14.14978],[-47.8963,-14.16518],[-47.89882,-14.17023],[-47.9316,-14.17697],[-47.90169,-14.23639],[-47.83805,-14.33442],[-47.86561,-14.33829],[-47.86672,-14.34689],[-47.86311,-14.34888],[-47.87239,-14.35314],[-47.88744,-14.33584],[-47.90102,-14.33385],[-47.90649,-14.33901],[-47.90872,-14.33077],[-47.91355,-14.33222],[-47.9128,-14.31963],[-47.92583,-14.30151],[-47.91113,-14.29798],[-47.90864,-14.28186],[-47.91728,-14.28303],[-47.9223,-14.27615],[-47.92972,-14.28095],[-47.93483,-14.27769],[-47.93966,-14.28629],[-47.94941,-14.28548],[-47.9573,-14.27307],[-47.96621,-14.26936],[-47.96788,-14.26201],[-47.97755,-14.26355],[-47.9808,-14.25685],[-47.98452,-14.26065],[-47.99436,-14.25766],[-47.99919,-14.26813],[-48.00536,-14.26438],[-48.00097,-14.25539],[-48.0043,-14.24292],[-48.02008,-14.24203],[-48.02722,-14.23238],[-48.04364,-14.23449],[-48.05253,-14.22078],[-48.04913,-14.21369],[-48.06286,-14.21586],[-48.08613,-14.19047],[-48.09506,-14.19053],[-48.1273,-14.16972],[-48.11903,-14.15563],[-48.13658,-14.14098],[-48.13908,-14.12524],[-48.14769,-14.13009],[-48.1625,-14.11858],[-48.15894,-14.10843],[-48.16889,-14.10576],[-48.17427,-14.08968],[-48.17022,-14.06829],[-48.18411,-14.05958],[-48.17896,-14.04742],[-48.19494,-14.03021],[-48.19183,-14.02385],[-48.20466,-14.02031],[-48.20897,-14.02477],[-48.21821,-14.01784],[-48.21272,-14.00188],[-48.21783,-13.99762],[-48.2448,-13.99331],[-48.24738,-13.98203],[-48.25308,-13.97958],[-48.24741,-13.96844],[-48.2523,-13.95792],[-48.27555,-13.94912],[-48.28227,-13.93889],[-48.28869,-13.94423],[-48.3018,-13.93673],[-48.3028,-13.94299],[-48.30963,-13.94508],[-48.31708,-13.93849],[-48.32641,-13.92767],[-48.32575,-13.90474],[-48.33999,-13.88801],[-48.33843,-13.87422],[-48.34538,-13.86263]]]},"properties":{"CD_MUN":"5205521","NM_MUN":"Colinas do Sul","SIGLA_UF":"GO"}},{"type":"Feature","geometry":{"type":"Polygon","coordinates":[[[-47.24666,-13.44743],[-47.21468,-13.44697],[-47.19688,-13.45205],[-47.17541,-13.43273],[-47.1646,-13.42969],[-47.15055,-13.41067],[-47.12621,-13.43918],[-47.12921,-13.4682],[-47.14013,-13.48701],[-47.13632,-13.50436],[-47.14282,-13.51042],[-47.13671,-13.52636],[-47.13741,-13.56665],[-47.161,-13.63164],[-47.16044,-13.64749],[-47.15583,-13.65365],[-47.15892,-13.66913],[-47.14939,-13.67059],[-47.14816,-13.67783],[-47.16728,-13.69121],[-47.17072,-13.70135],[-47.1937,-13.72287],[-47.19762,-13.86131],[-47.21579,-13.86698],[-47.21951,-13.87521],[-47.22237,-13.87204],[-47.22812,-13.87873],[-47.24062,-13.8741],[-47.24426,-13.8788],[-47.24965,-13.89861],[-47.2402,-13.90587],[-47.24571,-13.92597],[-47.24185,-13.93847],[-47.26343,-13.97682],[-47.26749,-13.96775],[-47.27471,-13.96639],[-47.27488,-13.95589],[-47.28349,-13.94844],[-47.29118,-13.9449],[-47.30452,-13.94804],[-47.30785,-13.9426],[-47.31824,-13.94747],[-47.33213,-13.94021],[-47.33351,-13.92852],[-47.3281,-13.9136],[-47.30896,-13.89118],[-47.31282,-13.88203],[-47.30835,-13.86665],[-47.31148,-13.85216],[-47.3172,-13.84753],[-47.31673,-13.83793],[-47.33707,-13.82169],[-47.34912,-13.81931],[-47.3527,-13.80762],[-47.33923,-13.78593],[-47.32904,-13.78422],[-47.31826,-13.77411],[-47.30534,-13.74669],[-47.28579,-13.74193],[-47.27797,-13.72601],[-47.29718,-13.72924],[-47.30237,-13.73448],[-47.31079,-13.7303],[-47.33098,-13.73189],[-47.32779,-13.71859],[-47.33334,-13.7069],[-47.30556,-13.6644],[-47.31434,-13.64918],[-47.32267,-13.64545],[-47.32364,-13.63213],[-47.29889,-13.60139],[-47.29161,-13.57678],[-47.28042,-13.5701],[-47.25908,-13.53274],[-47.2548,-13.49324],[-47.24419,-13.4707],[-47.24666,-13.44743]]]},"properties":{"CD_MUN":"5221080","NM_MUN":"Teresina de Goiás","SIGLA_UF":"GO"}},{"type":"Feature","geometry":{"type":"Polygon","coordinates":[[[-52.78446,-18.07132],[-52.77913,-18.07367],[-52.77598,-18.09145],[-52.76646,-18.09699],[-52.76487,-18.10596],[-52.7461,-18.12998],[-52.74082,-18.12979],[-52.73235,-18.1416],[-52.71298,-18.15477],[-52.70896,-18.15341],[-52.7071,-18.16713],[-52.70321,-18.16377],[-52.69693,-18.17409],[-52.69235,-18.16815],[-52.6821,-18.1731],[-52.68254,-18.17905],[-52.67332,-18.18012],[-52.66635,-18.20104],[-52.65702,-18.20899],[-52.65302,-18.2074],[-52.64302,-18.22729],[-52.63265,-18.22202],[-52.62077,-18.23865],[-52.60602,-18.2396],[-52.60688,-18.2472],[-52.59821,-18.25401],[-52.60077,-18.25786],[-52.57257,-18.29035],[-52.55561,-18.30072],[-52.54707,-18.31234],[-52.53735,-18.31058],[-52.52949,-18.31549],[-52.52194,-18.32999],[-52.52638,-18.34082],[-52.5006,-18.34734],[-52.49249,-18.34479],[-52.48585,-18.35611],[-52.47693,-18.35893],[-52.47324,-18.36782],[-52.47788,-18.37368],[-52.47344,-18.37304],[-52.46743,-18.38437],[-52.47205,-18.3955],[-52.46335,-18.39909],[-52.46858,-18.40614],[-52.46224,-18.41222],[-52.45455,-18.411],[-52.45071,-18.41851],[-52.44791,-18.4153],[-52.43258,-18.4352],[-52.42469,-18.43427],[-52.41938,-18.44144],[-52.41221,-18.44061],[-52.40722,-18.44787],[-52.39985,-18.44813],[-52.40213,-18.45628],[-52.39474,-18.45321],[-52.38991,-18.46108],[-52.37355,-18.46331],[-52.37041,-18.46821],[-52.33721,-18.46907],[-52.33032,-18.47429],[-52.33288,-18.47928],[-52.32885,-18.47726],[-52.32413,-18.48538],[-52.31924,-18.48425],[-52.31479,-18.48978],[-52.317,-18.49452],[-52.30949,-18.49658],[-52.3121,-18.50168],[-52.32491,-18.50753],[-52.33337,-18.53853],[-52.32242,-18.56666],[-52.29013,-18.58727],[-52.29094,-18.6142],[-52.33601,-18.59987],[-52.38144,-18.57562],[-52.39795,-18.60442],[-52.41712,-18.61732],[-52.43311,-18.63891],[-52.50049,-18.67523],[-52.52159,-18.66931],[-52.53106,-18.65801],[-52.55284,-18.65698],[-52.59267,-18.68988],[-52.62243,-18.68915],[-52.63348,-18.69555],[-52.64318,-18.68843],[-52.68115,-18.67867],[-52.71929,-18.69173],[-52.74729,-18.69202],[-52.76571,-18.68116],[-52.78654,-18.68129],[-52.80924,-18.66697],[-52.82746,-18.67188],[-52.84632,-18.66711],[-52.87326,-18.64618],[-52.83808,-18.42365],[-52.79831,-18.41485],[-52.78586,-18.39029],[-52.7673,-18.37824],[-52.75875,-18.36435],[-52.75911,-18.34807],[-52.77569,-18.32874],[-52.79599,-18.31621],[-52.82061,-18.31088],[-52.78446,-18.07132]]]},"properties":{"CD_MUN":"5205471","NM_MUN":"Chapadão do Céu","SIGLA_UF":"GO"}},{"type":"Feature","geometry":{"type":"Polygon","coordinates":[[[-49.74897,-16.94418],[-49.743,-16.95643],[-49.73989,-16.96779],[-49.7482,-16.98229],[-49.74695,-16.9951],[-49.75164,-16.99619],[-49.74798,-17.01472],[-49.73914,-17.02309],[-49.73631,-17.04177],[-49.72898,-17.05348],[-49.72881,-17.07617],[-49.71728,-17.06923],[-49.70489,-17.07553],[-49.71659,-17.07744],[-49.71951,-17.08226],[-49.70606,-17.08198],[-49.70106,-17.0862],[-49.69909,-17.10648],[-49.68476,-17.11332],[-49.68562,-17.13772],[-49.67512,-17.14667],[-49.67034,-17.14042],[-49.6654,-17.14753],[-49.65223,-17.15049],[-49.6532,-17.15487],[-49.66282,-17.15573],[-49.65792,-17.15808],[-49.66098,-17.1624],[-49.65554,-17.17073],[-49.66596,-17.17767],[-49.64259,-17.18326],[-49.64365,-17.19666],[-49.63181,-17.20187],[-49.63609,-17.21047],[-49.63301,-17.22579],[-49.61956,-17.22804],[-49.61523,-17.24099],[-49.6272,-17.24417],[-49.61509,-17.25478],[-49.61307,-17.2707],[-49.61506,-17.27749],[-49.62618,-17.2785],[-49.63048,-17.28596],[-49.61812,-17.29042],[-49.61601,-17.296],[-49.6224,-17.29214],[-49.63459,-17.2959],[-49.63768,-17.30583],[-49.6484,-17.3021],[-49.6446,-17.29619],[-49.65171,-17.2891],[-49.6594,-17.25321],[-49.66887,-17.25125],[-49.67859,-17.24072],[-49.68718,-17.21573],[-49.70846,-17.20696],[-49.71018,-17.1927],[-49.72273,-17.18728],[-49.73198,-17.15434],[-49.74282,-17.15366],[-49.74595,-17.14468],[-49.75726,-17.1369],[-49.77087,-17.1391],[-49.7804,-17.14815],[-49.78476,-17.14569],[-49.78882,-17.15442],[-49.79985,-17.16109],[-49.81699,-17.16369],[-49.83029,-17.15761],[-49.83862,-17.16409],[-49.84554,-17.16224],[-49.85146,-17.14315],[-49.85093,-17.12425],[-49.83198,-17.11003],[-49.82443,-17.09656],[-49.82187,-17.06689],[-49.83093,-17.0477],[-49.85309,-17.04088],[-49.84559,-17.02424],[-49.82195,-17.00995],[-49.8384,-17.0035],[-49.85148,-17.01017],[-49.85481,-16.9884],[-49.88073,-16.97273],[-49.85629,-16.94397],[-49.84873,-16.94489],[-49.84606,-16.95253],[-49.83662,-16.95833],[-49.82315,-16.95557],[-49.82345,-16.92396],[-49.81675,-16.91201],[-49.80337,-16.90322],[-49.78053,-16.90674],[-49.77995,-16.92012],[-49.75903,-16.94317],[-49.74897,-16.94418]]]},"properties":{"CD_MUN":"5205455","NM_MUN":"Cezarina","SIGLA_UF":"GO"}},{"type":"Feature","geometry":{"type":"Polygon","coordinates":[[[-47.93877,-16.05129],[-47.68298,-16.05061],[-47.68895,-16.0598],[-47.68445,-16.0588],[-47.67665,-16.06945],[-47.68626,-16.07204],[-47.69265,-16.08506],[-47.72412,-16.09445],[-47.72054,-16.10292],[-47.72498,-16.10556],[-47.72896,-16.1265],[-47.72573,-16.15113],[-47.7316,-16.16609],[-47.74577,-16.20254],[-47.77556,-16.23178],[-47.78901,-16.23123],[-47.78229,-16.24253],[-47.78838,-16.24767],[-47.78838,-16.25818],[-47.79767,-16.25144],[-47.81695,-16.24765],[-47.82576,-16.24126],[-47.82442,-16.23715],[-47.83768,-16.23079],[-47.85361,-16.20622],[-47.85257,-16.19861],[-47.8602,-16.18457],[-47.85736,-16.17067],[-47.86405,-16.15478],[-47.8919,-16.1488],[-47.92472,-16.1292],[-47.93976,-16.13252],[-47.95652,-16.11977],[-47.96382,-16.09559],[-47.94627,-16.0724],[-47.93877,-16.05129]]]},"properties":{"CD_MUN":"5205497","NM_MUN":"Cidade Ocidental","SIGLA_UF":"GO"}},{"type":"Feature","geometry":{"type":"Polygon","coordinates":[[[-48.76504,-17.9346],[-48.74492,-17.92297],[-48.72554,-17.92725],[-48.71814,-17.84468],[-48.70401,-17.86302],[-48.68651,-17.86918],[-48.68506,-17.89116],[-48.66828,-17.91184],[-48.66173,-17.91308],[-48.65645,-17.92458],[-48.64837,-17.92618],[-48.64364,-17.94081],[-48.6352,-17.94606],[-48.63465,-17.96139],[-48.62123,-18.00046],[-48.62581,-18.01502],[-48.63329,-18.01319],[-48.63237,-18.0195],[-48.62603,-18.01935],[-48.62851,-18.02786],[-48.62501,-18.029],[-48.63337,-18.0325],[-48.62904,-18.04068],[-48.6376,-18.04737],[-48.66012,-18.0647],[-48.65793,-18.08561],[-48.67859,-18.09212],[-48.68949,-18.09033],[-48.69149,-18.09431],[-48.71171,-18.08538],[-48.71963,-18.07562],[-48.71738,-18.0654],[-48.7379,-18.03084],[-48.73257,-18.02673],[-48.7376,-18.01279],[-48.73762,-17.99026],[-48.73187,-17.98343],[-48.74984,-17.9708],[-48.74862,-17.96267],[-48.76045,-17.95298],[-48.76504,-17.9346]]]},"properties":{"CD_MUN":"5212907","NM_MUN":"Marzagão","SIGLA_UF":"GO"}},{"type":"Feature","geometry":{"type":"Polygon","coordinates":[[[-49.66692,-15.06829],[-49.66528,-15.06392],[-49.67145,-15.06159],[-49.65003,-15.05005],[-49.64386,-15.05296],[-49.64383,-15.04736],[-49.61364,-15.03942],[-49.60822,-15.04306],[-49.619,-15.04699],[-49.61836,-15.05479],[-49.6237,-15.05887],[-49.62303,-15.08181],[-49.62703,-15.0933],[-49.63661,-15.09817],[-49.62959,-15.12428],[-49.60467,-15.14646],[-49.60598,-15.15522],[-49.59367,-15.17165],[-49.60001,-15.18028],[-49.57578,-15.18989],[-49.5497,-15.18392],[-49.54831,-15.20594],[-49.56515,-15.24194],[-49.55026,-15.26221],[-49.55553,-15.27793],[-49.5674,-15.28114],[-49.57381,-15.3013],[-49.58849,-15.31017],[-49.5894,-15.31952],[-49.57512,-15.33627],[-49.59101,-15.34098],[-49.59179,-15.35394],[-49.59915,-15.35335],[-49.61063,-15.3613],[-49.61552,-15.35357],[-49.62785,-15.35761],[-49.62874,-15.35328],[-49.64451,-15.3525],[-49.6549,-15.33972],[-49.66318,-15.34019],[-49.67379,-15.30794],[-49.69529,-15.30109],[-49.70955,-15.30386],[-49.71554,-15.29575],[-49.74818,-15.29213],[-49.75791,-15.29666],[-49.7711,-15.2885],[-49.76418,-15.27228],[-49.74857,-15.27039],[-49.75474,-15.26159],[-49.74535,-15.25229],[-49.74854,-15.23742],[-49.7734,-15.2356],[-49.77032,-15.22865],[-49.66692,-15.06829]]]},"properties":{"CD_MUN":"5205406","NM_MUN":"Ceres","SIGLA_UF":"GO"}},{"type":"Feature","geometry":{"type":"Polygon","coordinates":[[[-49.67499,-15.9731],[-49.56248,-15.97565],[-49.55162,-15.96819],[-49.54917,-15.9748],[-49.53282,-15.97737],[-49.53518,-15.98633],[-49.52529,-15.98884],[-49.52001,-16.00028],[-49.52949,-16.02904],[-49.53632,-16.0314],[-49.54279,-16.07246],[-49.53668,-16.07838],[-49.53852,-16.09194],[-49.52805,-16.11346],[-49.55152,-16.1281],[-49.56849,-16.11726],[-49.56688,-16.10917],[-49.56046,-16.10874],[-49.57699,-16.10341],[-49.60738,-16.10902],[-49.61452,-16.12022],[-49.63663,-16.12216],[-49.6431,-16.11586],[-49.64874,-16.11586],[-49.65338,-16.10564],[-49.6591,-16.10527],[-49.65535,-16.07673],[-49.66832,-16.06448],[-49.68066,-16.04208],[-49.64646,-16.03233],[-49.63776,-16.02061],[-49.67499,-15.9731]]]},"properties":{"CD_MUN":"5221007","NM_MUN":"Taquaral de Goiás","SIGLA_UF":"GO"}},{"type":"Feature","geometry":{"type":"Polygon","coordinates":[[[-49.96271,-13.70272],[-49.95298,-13.7072],[-49.94862,-13.70349],[-49.95112,-13.69587],[-49.93454,-13.69644],[-49.92635,-13.68485],[-49.91412,-13.69012],[-49.90893,-13.68107],[-49.88493,-13.6946],[-49.87593,-13.69053],[-49.87501,-13.69606],[-49.85601,-13.6881],[-49.85443,-13.69599],[-49.84312,-13.69954],[-49.83479,-13.68541],[-49.83015,-13.69403],[-49.82551,-13.68759],[-49.81245,-13.69721],[-49.81292,-13.70174],[-49.81931,-13.70192],[-49.81701,-13.70826],[-49.80801,-13.70438],[-49.8019,-13.71118],[-49.79512,-13.70946],[-49.79309,-13.72061],[-49.7827,-13.72706],[-49.7752,-13.72724],[-49.77373,-13.72099],[-49.76509,-13.72969],[-49.76111,-13.7219],[-49.73375,-13.71748],[-49.71309,-13.73624],[-49.71506,-13.74295],[-49.69976,-13.75338],[-49.69475,-13.74505],[-49.68317,-13.74967],[-49.68028,-13.73073],[-49.66256,-13.72955],[-49.65609,-13.72376],[-49.63895,-13.74026],[-49.62781,-13.73935],[-49.62392,-13.74714],[-49.62809,-13.74923],[-49.6192,-13.75476],[-49.60603,-13.75403],[-49.60825,-13.74687],[-49.59628,-13.73935],[-49.59156,-13.74288],[-49.59306,-13.764],[-49.57784,-13.7592],[-49.57442,-13.7669],[-49.59136,-13.77868],[-49.58898,-13.78239],[-49.58256,-13.78602],[-49.581,-13.77986],[-49.57256,-13.78566],[-49.56301,-13.78212],[-49.55697,-13.80197],[-49.54381,-13.80459],[-49.54678,-13.81248],[-49.54286,-13.82045],[-49.52311,-13.83594],[-49.50709,-13.82678],[-49.47944,-13.82877],[-49.45753,-13.81174],[-49.45317,-13.81701],[-49.44789,-13.8132],[-49.44203,-13.8239],[-49.43005,-13.81575],[-49.42303,-13.82038],[-49.41867,-13.81621],[-49.41094,-13.81875],[-49.39897,-13.7999],[-49.39878,-13.79174],[-49.37502,-13.79202],[-49.35841,-13.77089],[-49.3306,-13.76492],[-49.3126,-13.77353],[-49.30971,-13.77988],[-49.30044,-13.78006],[-49.28152,-13.79275],[-49.28013,-13.79828],[-49.13991,-13.8606],[-49.13685,-13.8674],[-49.11046,-13.88651],[-49.10952,-13.92159],[-49.11424,-13.93184],[-49.10133,-13.94208],[-49.02343,-13.89],[-49.02146,-13.89558],[-49.0079,-13.89701],[-48.99971,-13.9058],[-48.98655,-13.90888],[-48.97018,-13.90436],[-48.93432,-13.93657],[-48.91943,-13.94214],[-48.8809,-13.93362],[-48.90115,-13.95756],[-48.92407,-13.96491],[-48.91449,-13.98246],[-48.91452,-14.00748],[-48.93024,-14.01263],[-48.9426,-14.01005],[-48.95174,-14.01635],[-48.95335,-14.02867],[-48.96707,-14.03363],[-49.01094,-14.02783],[-49.01602,-14.02391],[-49.01447,-14.01429],[-49.02497,-14.01171],[-49.05735,-14.01827],[-49.10788,-14.00459],[-49.12747,-14.02331],[-49.13458,-14.01842],[-49.17722,-14.02065],[-49.18117,-14.03129],[-49.17728,-14.06592],[-49.18333,-14.10158],[-49.17656,-14.13047],[-49.18509,-14.10957],[-49.19554,-14.10773],[-49.20198,-14.0961],[-49.21682,-14.10259],[-49.22693,-14.12548],[-49.21952,-14.13648],[-49.23389,-14.14902],[-49.24062,-14.14937],[-49.23546,-14.17083],[-49.23785,-14.18074],[-49.24944,-14.18959],[-49.26193,-14.21185],[-49.2782,-14.22005],[-49.27417,-14.1834],[-49.28039,-14.16361],[-49.31044,-14.1421],[-49.31287,-14.13431],[-49.33091,-14.12529],[-49.36013,-14.12688],[-49.38982,-14.0829],[-49.38801,-14.06682],[-49.43544,-14.06667],[-49.44464,-14.07989],[-49.45485,-14.08278],[-49.52062,-14.08241],[-49.56866,-14.09872],[-49.57339,-14.10982],[-49.58403,-14.11019],[-49.59264,-14.12628],[-49.59507,-14.1356],[-49.60729,-14.13733],[-49.62138,-14.12958],[-49.61896,-14.11304],[-49.62554,-14.10779],[-49.63894,-14.11844],[-49.64432,-14.10764],[-49.65807,-14.10741],[-49.64577,-14.09361],[-49.65882,-14.09082],[-49.6633,-14.08373],[-49.68193,-14.07542],[-49.67949,-14.05978],[-49.69341,-14.06163],[-49.69785,-14.05571],[-49.71021,-14.05681],[-49.71207,-14.06147],[-49.72188,-14.06317],[-49.7261,-14.07357],[-49.74483,-14.07014],[-49.74458,-14.08021],[-49.74961,-14.08509],[-49.75602,-14.08356],[-49.75316,-14.071],[-49.75936,-14.06792],[-49.74499,-14.05319],[-49.74566,-14.04658],[-49.75833,-14.03317],[-49.76916,-14.02971],[-49.77296,-14.01345],[-49.78266,-14.01686],[-49.78396,-14.00437],[-49.79013,-14.00328],[-49.79897,-14.01947],[-49.8008,-14.00889],[-49.80852,-14.00819],[-49.79824,-13.99675],[-49.80035,-13.99158],[-49.81113,-13.98867],[-49.81002,-13.98369],[-49.79394,-13.97455],[-49.80099,-13.96412],[-49.79738,-13.96177],[-49.80757,-13.95968],[-49.81138,-13.95034],[-49.81769,-13.9507],[-49.81796,-13.94046],[-49.82908,-13.92957],[-49.82852,-13.91525],[-49.83935,-13.89893],[-49.84788,-13.89982],[-49.84846,-13.91251],[-49.85513,-13.91541],[-49.86496,-13.91295],[-49.87247,-13.89735],[-49.90307,-13.90149],[-49.91819,-13.8944],[-49.92246,-13.88597],[-49.92571,-13.8904],[-49.93611,-13.8845],[-49.95216,-13.88529],[-49.95513,-13.89481],[-49.94966,-13.90152],[-49.94577,-13.90071],[-49.94585,-13.8921],[-49.9363,-13.89574],[-49.94263,-13.91458],[-49.9506,-13.91439],[-49.9745,-13.88245],[-49.96047,-13.86752],[-49.95841,-13.84667],[-49.94105,-13.83474],[-49.93852,-13.82822],[-49.95715,-13.81731],[-49.95554,-13.81197],[-49.94166,-13.81407],[-49.94099,-13.7993],[-49.92707,-13.79696],[-49.93104,-13.78653],[-49.92015,-13.76742],[-49.92691,-13.75255],[-49.93571,-13.74746],[-49.9499,-13.75315],[-49.95999,-13.74354],[-49.95543,-13.72904],[-49.96271,-13.70272]]]},"properties":{"CD_MUN":"5212808","NM_MUN":"Mara Rosa","SIGLA_UF":"GO"}},{"type":"Feature","geometry":{"type":"Polygon","coordinates":[[[-49.47921,-16.98005],[-49.46955,-16.99211],[-49.47783,-17.00025],[-49.48322,-17.02378],[-49.48111,-17.04229],[-49.4912,-17.06753],[-49.47403,-17.09968],[-49.48036,-17.11406],[-49.49322,-17.12039],[-49.47964,-17.13227],[-49.47953,-17.14566],[-49.489,-17.15343],[-49.48881,-17.15958],[-49.50583,-17.15137],[-49.51517,-17.15518],[-49.54842,-17.17985],[-49.56373,-17.2021],[-49.58342,-17.20678],[-49.60331,-17.22838],[-49.61956,-17.22804],[-49.63301,-17.22579],[-49.63609,-17.21047],[-49.63181,-17.20187],[-49.64365,-17.19666],[-49.64259,-17.18326],[-49.66596,-17.17767],[-49.65554,-17.17073],[-49.66098,-17.1624],[-49.65792,-17.15808],[-49.66282,-17.15573],[-49.6532,-17.15487],[-49.65223,-17.15049],[-49.6654,-17.14753],[-49.67034,-17.14042],[-49.67512,-17.14667],[-49.68562,-17.13772],[-49.68476,-17.11332],[-49.69909,-17.10648],[-49.70106,-17.0862],[-49.70606,-17.08198],[-49.71951,-17.08226],[-49.71659,-17.07744],[-49.70489,-17.07553],[-49.71728,-17.06923],[-49.72881,-17.07617],[-49.72898,-17.05348],[-49.73631,-17.04177],[-49.73914,-17.02309],[-49.74798,-17.01472],[-49.75164,-16.99619],[-49.74695,-16.9951],[-49.7482,-16.98229],[-49.73989,-16.96779],[-49.743,-16.95643],[-49.73269,-16.95184],[-49.72789,-16.95602],[-49.72044,-16.95432],[-49.69944,-16.94251],[-49.69283,-16.95132],[-49.67317,-16.95685],[-49.59478,-16.95272],[-49.63389,-17.01053],[-49.61964,-17.04721],[-49.6062,-17.05786],[-49.60592,-17.0639],[-49.57664,-17.04828],[-49.56822,-17.03547],[-49.5593,-17.03989],[-49.55386,-17.03708],[-49.54706,-17.04587],[-49.54311,-17.04467],[-49.53519,-17.02514],[-49.52386,-17.02322],[-49.52622,-17.01779],[-49.51997,-17.00052],[-49.50303,-16.99635],[-49.48927,-16.98113],[-49.47921,-16.98005]]]},"properties":{"CD_MUN":"5221908","NM_MUN":"Varjão","SIGLA_UF":"GO"}},{"type":"Feature","geometry":{"type":"Polygon","coordinates":[[[-51.69839,-15.48493],[-51.66945,-15.50021],[-51.64765,-15.50741],[-51.63534,-15.52468],[-51.63562,-15.5394],[-51.65065,-15.56129],[-51.64028,-15.55723],[-51.64437,-15.56316],[-51.64123,-15.56687],[-51.63209,-15.56182],[-51.63148,-15.56962],[-51.61357,-15.58713],[-51.59554,-15.57648],[-51.58873,-15.58361],[-51.5934,-15.58909],[-51.59028,-15.60533],[-51.58587,-15.60748],[-51.5819,-15.59755],[-51.57915,-15.60062],[-51.57562,-15.61277],[-51.58192,-15.61945],[-51.57685,-15.62359],[-51.58254,-15.62944],[-51.57262,-15.63764],[-51.57826,-15.64822],[-51.5622,-15.65175],[-51.56818,-15.66941],[-51.55815,-15.68142],[-51.56907,-15.67832],[-51.56846,-15.6824],[-51.57576,-15.68644],[-51.57537,-15.70252],[-51.53201,-15.71877],[-51.52726,-15.72664],[-51.53413,-15.73886],[-51.53207,-15.7492],[-51.54602,-15.7541],[-51.53596,-15.75894],[-51.5426,-15.77307],[-51.53721,-15.78039],[-51.53318,-15.77809],[-51.53743,-15.77294],[-51.52779,-15.7707],[-51.5206,-15.78228],[-51.53254,-15.78844],[-51.52818,-15.79559],[-51.5321,-15.81197],[-51.50096,-15.80985],[-51.48445,-15.81755],[-51.48485,-15.82445],[-51.46876,-15.83144],[-51.4626,-15.85353],[-51.44232,-15.8508],[-51.43807,-15.84472],[-51.43651,-15.8514],[-51.43362,-15.84607],[-51.42826,-15.8474],[-51.43076,-15.85199],[-51.42143,-15.85795],[-51.43204,-15.87742],[-51.41968,-15.87651],[-51.4246,-15.88261],[-51.41601,-15.88423],[-51.40538,-15.89824],[-51.39993,-15.89775],[-51.4039,-15.90446],[-51.39482,-15.90417],[-51.39524,-15.91034],[-51.38168,-15.90042],[-51.38754,-15.91053],[-51.38635,-15.92085],[-51.37927,-15.92341],[-51.3721,-15.93558],[-51.35907,-15.94018],[-51.34585,-15.92863],[-51.33101,-15.92538],[-51.32207,-15.93806],[-51.31707,-15.93504],[-51.31385,-15.94068],[-51.30973,-15.9365],[-51.31157,-15.94898],[-51.30463,-15.946],[-51.3056,-15.95564],[-51.30007,-15.9596],[-51.29276,-15.95525],[-51.28293,-15.95829],[-51.2666,-15.97442],[-51.25723,-15.96921],[-51.23846,-15.96323],[-51.23532,-15.99437],[-51.21973,-15.99501],[-51.20632,-16.00359],[-51.21052,-16.02162],[-51.21713,-16.02682],[-51.21124,-16.03087],[-51.20224,-16.07014],[-51.22007,-16.08178],[-51.22682,-16.09206],[-51.22604,-16.10741],[-51.23227,-16.12069],[-51.22616,-16.13063],[-51.23449,-16.13773],[-51.23774,-16.15467],[-51.25633,-16.18417],[-51.26241,-16.1824],[-51.26886,-16.16755],[-51.27963,-16.16591],[-51.29633,-16.1849],[-51.30655,-16.21158],[-51.31377,-16.21015],[-51.312,-16.20237],[-51.31999,-16.19494],[-51.33669,-16.20096],[-51.33664,-16.20504],[-51.34055,-16.20201],[-51.35094,-16.207],[-51.35419,-16.20334],[-51.36083,-16.21071],[-51.36178,-16.20309],[-51.36744,-16.2043],[-51.36861,-16.18959],[-51.37492,-16.1928],[-51.37817,-16.18787],[-51.38147,-16.19156],[-51.38783,-16.18832],[-51.39114,-16.19119],[-51.38772,-16.19631],[-51.40341,-16.20659],[-51.41564,-16.20639],[-51.41842,-16.20237],[-51.41872,-16.20617],[-51.4252,-16.20656],[-51.43022,-16.20053],[-51.43225,-16.20659],[-51.43619,-16.20573],[-51.44341,-16.18026],[-51.43811,-16.17486],[-51.42836,-16.1746],[-51.423,-16.16521],[-51.4415,-16.15687],[-51.44483,-16.15248],[-51.43855,-16.14456],[-51.45275,-16.13806],[-51.4618,-16.12319],[-51.47044,-16.12474],[-51.46966,-16.11412],[-51.4748,-16.11054],[-51.48461,-16.11416],[-51.48444,-16.12514],[-51.49714,-16.12746],[-51.50003,-16.14301],[-51.51125,-16.14975],[-51.52494,-16.15038],[-51.54122,-16.13997],[-51.53597,-16.1548],[-51.54748,-16.1613],[-51.54814,-16.17418],[-51.55333,-16.16895],[-51.56956,-16.16787],[-51.57884,-16.17065],[-51.57801,-16.18116],[-51.58828,-16.1892],[-51.6162,-16.18399],[-51.63131,-16.1793],[-51.64453,-16.16079],[-51.64679,-16.14957],[-51.64242,-16.13885],[-51.6739,-16.12987],[-51.68989,-16.11854],[-51.69137,-16.10976],[-51.70084,-16.1108],[-51.70098,-16.1031],[-51.71659,-16.09539],[-51.72125,-16.07956],[-51.7267,-16.07741],[-51.75609,-16.08871],[-51.76956,-16.07537],[-51.77112,-16.06568],[-51.79729,-16.02992],[-51.82031,-16.03457],[-51.82851,-16.02301],[-51.8197,-16.00909],[-51.82684,-16.0016],[-51.82739,-15.99069],[-51.85989,-15.97087],[-51.85289,-15.9464],[-51.83978,-15.94007],[-51.84542,-15.95345],[-51.84014,-15.95696],[-51.83964,-15.94761],[-51.821,-15.92435],[-51.8327,-15.91678],[-51.85456,-15.91744],[-51.8632,-15.91331],[-51.86109,-15.90802],[-51.85059,-15.90597],[-51.84892,-15.88371],[-51.82998,-15.86699],[-51.84272,-15.85198],[-51.84778,-15.85273],[-51.84986,-15.86382],[-51.86603,-15.85964],[-51.876,-15.84053],[-51.8648,-15.82711],[-51.86383,-15.81875],[-51.87258,-15.82852],[-51.87928,-15.82537],[-51.87461,-15.80182],[-51.85855,-15.78857],[-51.83794,-15.75076],[-51.822,-15.73224],[-51.80346,-15.72487],[-51.80319,-15.70916],[-51.75776,-15.63705],[-51.75335,-15.61014],[-51.77729,-15.55423],[-51.77638,-15.53733],[-51.76151,-15.53162],[-51.75473,-15.55102],[-51.74721,-15.55642],[-51.72737,-15.55077],[-51.72565,-15.54258],[-51.73395,-15.53018],[-51.73512,-15.51084],[-51.72562,-15.50243],[-51.70431,-15.49666],[-51.69839,-15.48493]]]},"properties":{"CD_MUN":"5213707","NM_MUN":"Montes Claros de Goiás","SIGLA_UF":"GO"}},{"type":"Feature","geometry":{"type":"Polygon","coordinates":[[[-51.05427,-16.95721],[-51.05381,-16.95723],[-51.04682,-16.95763],[-51.03141,-16.97009],[-51.02727,-16.98659],[-51.00169,-17.02288],[-50.97944,-17.0381],[-50.95522,-17.07231],[-50.94805,-17.07394],[-50.94444,-17.08428],[-50.94741,-17.09056],[-50.94833,-17.0956],[-50.96366,-17.10084],[-50.99075,-17.10267],[-50.99903,-17.11845],[-51.01141,-17.12728],[-51.01522,-17.14381],[-51.0125,-17.16282],[-51.02061,-17.17241],[-51.08864,-17.19018],[-51.1262,-17.21938],[-51.11578,-17.23625],[-51.12256,-17.27229],[-51.11432,-17.28826],[-51.09387,-17.28403],[-51.07303,-17.29356],[-51.05489,-17.28571],[-51.04431,-17.28744],[-51.03553,-17.29888],[-51.02864,-17.29891],[-51.02467,-17.31148],[-51.01678,-17.31594],[-51.01831,-17.32466],[-51.01056,-17.32777],[-51.00826,-17.32222],[-51.00342,-17.32372],[-51.00648,-17.31921],[-51.00045,-17.31492],[-50.9952,-17.32145],[-50.98912,-17.31972],[-50.98961,-17.3156],[-50.97209,-17.31689],[-50.9689,-17.32467],[-50.98728,-17.36747],[-50.97848,-17.39481],[-50.95853,-17.39289],[-50.93895,-17.41254],[-50.9884,-17.46558],[-51.0089,-17.4803],[-51.01887,-17.49615],[-51.05971,-17.52395],[-51.07999,-17.5289],[-51.10215,-17.52206],[-51.1229,-17.52654],[-51.13088,-17.52107],[-51.15235,-17.51857],[-51.1753,-17.52388],[-51.18421,-17.53074],[-51.20372,-17.52632],[-51.24072,-17.53279],[-51.26577,-17.5187],[-51.29688,-17.51571],[-51.31477,-17.50683],[-51.34188,-17.50851],[-51.45644,-17.47112],[-51.44727,-17.45661],[-51.43111,-17.44754],[-51.43163,-17.43984],[-51.44888,-17.43151],[-51.44985,-17.41013],[-51.473,-17.39251],[-51.50086,-17.38312],[-51.50891,-17.38586],[-51.54111,-17.38113],[-51.53727,-17.33573],[-51.49894,-17.33547],[-51.47424,-17.34593],[-51.4228,-17.33483],[-51.41041,-17.31038],[-51.38602,-17.28992],[-51.37752,-17.29086],[-51.36474,-17.2838],[-51.36599,-17.27955],[-51.35382,-17.28055],[-51.34802,-17.27463],[-51.34373,-17.27831],[-51.3371,-17.26948],[-51.3221,-17.27019],[-51.31835,-17.25413],[-51.28496,-17.22335],[-51.29492,-17.18264],[-51.28026,-17.19015],[-51.26678,-17.18697],[-51.26615,-17.17165],[-51.27298,-17.16572],[-51.26598,-17.15624],[-51.24998,-17.15214],[-51.24617,-17.14532],[-51.23928,-17.14627],[-51.22809,-17.13068],[-51.20575,-17.11774],[-51.18723,-17.12613],[-51.17061,-17.11657],[-51.15414,-17.12452],[-51.13422,-17.11549],[-51.13622,-17.09139],[-51.11453,-17.08316],[-51.11636,-17.0654],[-51.10722,-17.06615],[-51.09774,-17.05982],[-51.09788,-17.0329],[-51.08644,-17.01586],[-51.09013,-16.99247],[-51.10727,-16.97503],[-51.1075,-16.96913],[-51.07435,-16.95983],[-51.0616,-16.96486],[-51.05427,-16.95721]]]},"properties":{"CD_MUN":"5213756","NM_MUN":"Montividiu","SIGLA_UF":"GO"}},{"type":"Feature","geometry":{"type":"Polygon","coordinates":[[[-47.39188,-13.26251],[-47.37899,-13.26499],[-47.37063,-13.27301],[-47.37644,-13.2821],[-47.3723,-13.29413],[-47.34824,-13.31405],[-47.35197,-13.34677],[-47.32813,-13.35926],[-47.32944,-13.37983],[-47.32238,-13.38207],[-47.31919,-13.39274],[-47.2961,-13.41774],[-47.26741,-13.43554],[-47.26247,-13.44693],[-47.24666,-13.44743],[-47.24419,-13.4707],[-47.2548,-13.49324],[-47.25908,-13.53274],[-47.28042,-13.5701],[-47.29161,-13.57678],[-47.29889,-13.60139],[-47.32364,-13.63213],[-47.32267,-13.64545],[-47.31434,-13.64918],[-47.30556,-13.6644],[-47.33334,-13.7069],[-47.32779,-13.71859],[-47.33098,-13.73189],[-47.31079,-13.7303],[-47.30237,-13.73448],[-47.29718,-13.72924],[-47.27797,-13.72601],[-47.28579,-13.74193],[-47.30534,-13.74669],[-47.31826,-13.77411],[-47.32904,-13.78422],[-47.33923,-13.78593],[-47.3527,-13.80762],[-47.34912,-13.81931],[-47.33707,-13.82169],[-47.31673,-13.83793],[-47.3172,-13.84753],[-47.31148,-13.85216],[-47.30835,-13.86665],[-47.31282,-13.88203],[-47.30896,-13.89118],[-47.3281,-13.9136],[-47.33351,-13.92852],[-47.33213,-13.94021],[-47.31824,-13.94747],[-47.30785,-13.9426],[-47.30452,-13.94804],[-47.29118,-13.9449],[-47.28349,-13.94844],[-47.27488,-13.95589],[-47.27471,-13.96639],[-47.26749,-13.96775],[-47.26343,-13.97682],[-47.50483,-13.96004],[-47.53966,-14.00039],[-47.55078,-14.01651],[-47.55353,-14.03047],[-47.56095,-14.03719],[-47.56847,-14.03412],[-47.57236,-14.04237],[-47.57858,-14.03686],[-47.59089,-14.05654],[-47.60101,-14.05556],[-47.60853,-14.0466],[-47.62503,-14.05777],[-47.65612,-14.06452],[-47.65706,-14.06996],[-47.66717,-14.07323],[-47.67134,-14.06744],[-47.6979,-14.06856],[-47.72867,-14.09677],[-47.75681,-14.09452],[-47.76479,-14.09861],[-47.79838,-14.13859],[-47.80893,-14.1473],[-47.82034,-14.14413],[-47.84616,-14.16679],[-47.85915,-14.17405],[-47.86091,-14.18039],[-47.86352,-14.17477],[-47.8844,-14.17822],[-47.89249,-14.17596],[-47.8913,-14.16898],[-47.89882,-14.17023],[-47.8963,-14.16518],[-47.91068,-14.14978],[-47.91626,-14.1496],[-47.90874,-14.13031],[-47.9131,-14.12043],[-47.90335,-14.11817],[-47.9031,-14.112],[-47.91876,-14.10177],[-47.91693,-14.09651],[-47.90829,-14.09914],[-47.89854,-14.0937],[-47.89176,-14.08401],[-47.89846,-14.07839],[-47.89957,-14.04524],[-47.90579,-14.04044],[-47.91277,-14.04669],[-47.91637,-14.03981],[-47.92613,-14.036],[-47.92324,-14.02477],[-47.91352,-14.02232],[-47.9124,-14.0149],[-47.90785,-14.01471],[-47.91837,-14.0006],[-47.91901,-13.99455],[-47.92818,-13.98823],[-47.92123,-13.98396],[-47.92226,-13.97193],[-47.92923,-13.9722],[-47.93423,-13.96551],[-47.92931,-13.95618],[-47.94398,-13.94252],[-47.95818,-13.93981],[-47.96237,-13.92805],[-47.95559,-13.91772],[-47.96479,-13.90071],[-47.95717,-13.90115],[-47.94653,-13.88657],[-47.95657,-13.86828],[-47.95492,-13.85859],[-47.96167,-13.85045],[-47.9742,-13.84793],[-47.97789,-13.83996],[-47.99895,-13.83197],[-48.01095,-13.81574],[-48.01953,-13.81243],[-48.02723,-13.81727],[-48.01578,-13.78095],[-48.02276,-13.77354],[-48.03098,-13.7754],[-48.02784,-13.76982],[-48.03456,-13.76512],[-48.02359,-13.7626],[-48.02767,-13.75135],[-48.01909,-13.73736],[-48.02506,-13.73536],[-48.02642,-13.7429],[-48.03942,-13.74655],[-48.042,-13.73454],[-48.04645,-13.7415],[-48.05962,-13.73445],[-48.0512,-13.72318],[-48.05609,-13.71746],[-48.05709,-13.70281],[-48.06319,-13.70182],[-48.07956,-13.68105],[-48.09395,-13.6858],[-48.09473,-13.6543],[-48.11914,-13.6275],[-48.11759,-13.61969],[-48.11078,-13.61769],[-48.10961,-13.56867],[-48.09305,-13.55601],[-48.09206,-13.5483],[-48.10755,-13.54038],[-48.12192,-13.53978],[-48.13464,-13.54885],[-48.14031,-13.54785],[-48.13089,-13.52117],[-48.13105,-13.50496],[-48.15478,-13.49771],[-48.16139,-13.47857],[-48.17936,-13.48213],[-48.19819,-13.47146],[-48.18933,-13.456],[-48.19225,-13.44366],[-48.18644,-13.42067],[-48.17783,-13.42233],[-48.17566,-13.44074],[-48.16958,-13.4481],[-48.16053,-13.44931],[-48.14633,-13.43758],[-48.14602,-13.38448],[-48.17011,-13.36736],[-48.16433,-13.33296],[-48.17146,-13.31101],[-48.1693,-13.29932],[-48.16488,-13.30577],[-48.15949,-13.30244],[-48.15702,-13.31051],[-48.1558,-13.303],[-48.14405,-13.3054],[-48.12135,-13.29742],[-48.11782,-13.29072],[-48.08249,-13.28877],[-48.07754,-13.28199],[-48.07685,-13.26641],[-48.07177,-13.2676],[-48.0786,-13.24294],[-48.06193,-13.23538],[-48.05835,-13.24065],[-48.05446,-13.23894],[-48.05193,-13.2558],[-48.0326,-13.25397],[-48.02846,-13.26439],[-48.03373,-13.26583],[-48.03221,-13.27398],[-48.02857,-13.27146],[-48.02379,-13.27918],[-47.98626,-13.27685],[-47.96579,-13.31525],[-47.94754,-13.3053],[-47.94329,-13.30705],[-47.93534,-13.29071],[-47.92937,-13.29454],[-47.92379,-13.29141],[-47.91948,-13.29876],[-47.90776,-13.29892],[-47.90165,-13.3118],[-47.89265,-13.30723],[-47.88304,-13.3205],[-47.86081,-13.31437],[-47.84392,-13.31862],[-47.82068,-13.31259],[-47.80126,-13.32798],[-47.67845,-13.4677],[-47.67531,-13.44925],[-47.6569,-13.42869],[-47.65406,-13.41504],[-47.64245,-13.40296],[-47.63839,-13.39103],[-47.62664,-13.38438],[-47.6222,-13.36765],[-47.63672,-13.36479],[-47.64959,-13.35124],[-47.65366,-13.31564],[-47.66167,-13.30384],[-47.65647,-13.29988],[-47.65628,-13.27689],[-47.63994,-13.2632],[-47.64755,-13.25059],[-47.64614,-13.24199],[-47.65692,-13.2347],[-47.65408,-13.22032],[-47.66572,-13.21864],[-47.66836,-13.2094],[-47.66058,-13.20735],[-47.66489,-13.2038],[-47.66052,-13.19821],[-47.66533,-13.19674],[-47.65736,-13.19242],[-47.6548,-13.17786],[-47.66944,-13.16829],[-47.65397,-13.15831],[-47.65135,-13.15009],[-47.64397,-13.14985],[-47.65016,-13.13334],[-47.64496,-13.12857],[-47.64613,-13.12059],[-47.63541,-13.1143],[-47.63516,-13.10371],[-47.62708,-13.11045],[-47.61485,-13.10507],[-47.59238,-13.11665],[-47.57113,-13.11674],[-47.5619,-13.12266],[-47.56793,-13.14952],[-47.56252,-13.18422],[-47.54086,-13.19236],[-47.53252,-13.18379],[-47.52335,-13.18193],[-47.50932,-13.18985],[-47.48913,-13.18255],[-47.47833,-13.18514],[-47.48738,-13.20846],[-47.4851,-13.22213],[-47.46268,-13.22765],[-47.44291,-13.22241],[-47.43149,-13.23305],[-47.43074,-13.23803],[-47.44774,-13.24073],[-47.45454,-13.24936],[-47.4343,-13.26821],[-47.43722,-13.27901],[-47.43199,-13.2885],[-47.42652,-13.29065],[-47.4221,-13.28674],[-47.4156,-13.27031],[-47.39188,-13.26251]]]},"properties":{"CD_MUN":"5205307","NM_MUN":"Cavalcante","SIGLA_UF":"GO"}},{"type":"Feature","geometry":{"type":"Polygon","coordinates":[[[-49.66048,-16.42723],[-49.63631,-16.42035],[-49.63781,-16.40885],[-49.63067,-16.39902],[-49.61661,-16.40413],[-49.58006,-16.40094],[-49.55564,-16.40737],[-49.5465,-16.42642],[-49.50028,-16.425],[-49.49202,-16.41573],[-49.48308,-16.41909],[-49.48,-16.42693],[-49.465,-16.41752],[-49.46336,-16.42994],[-49.44941,-16.43556],[-49.44605,-16.45339],[-49.45922,-16.45906],[-49.48097,-16.45905],[-49.49747,-16.47413],[-49.49725,-16.48061],[-49.52164,-16.49903],[-49.55606,-16.50258],[-49.56945,-16.49626],[-49.57637,-16.4981],[-49.58559,-16.48398],[-49.60131,-16.4933],[-49.62109,-16.48975],[-49.63587,-16.49354],[-49.65604,-16.50944],[-49.66156,-16.50825],[-49.66453,-16.49928],[-49.68618,-16.5018],[-49.6912,-16.50699],[-49.6962,-16.50109],[-49.69642,-16.47177],[-49.68967,-16.45741],[-49.6957,-16.45453],[-49.69539,-16.44913],[-49.68695,-16.44001],[-49.68303,-16.42439],[-49.67384,-16.42985],[-49.66048,-16.42723]]]},"properties":{"CD_MUN":"5205208","NM_MUN":"Caturaí","SIGLA_UF":"GO"}},{"type":"Feature","geometry":{"type":"Polygon","coordinates":[[[-48.19841,-17.31005],[-48.17241,-17.29835],[-48.16516,-17.29948],[-48.14787,-17.29101],[-48.13746,-17.27894],[-48.12832,-17.28175],[-48.11877,-17.27433],[-48.08799,-17.29483],[-48.08124,-17.32601],[-48.08496,-17.33669],[-48.07563,-17.35532],[-48.07652,-17.36374],[-48.05874,-17.37674],[-48.04641,-17.39468],[-48.04285,-17.42511],[-48.05369,-17.41886],[-48.08627,-17.42902],[-48.10674,-17.44246],[-48.11697,-17.45522],[-48.11764,-17.46086],[-48.10371,-17.47339],[-48.10944,-17.48857],[-48.10439,-17.49711],[-48.10619,-17.51446],[-48.11311,-17.524],[-48.11036,-17.53347],[-48.11414,-17.54193],[-48.13175,-17.54414],[-48.14403,-17.53362],[-48.15733,-17.52985],[-48.16978,-17.55539],[-48.17961,-17.55663],[-48.20245,-17.57497],[-48.21392,-17.57713],[-48.22336,-17.5954],[-48.28542,-17.52837],[-48.3122,-17.5282],[-48.316,-17.52357],[-48.3352,-17.52821],[-48.36417,-17.51342],[-48.37903,-17.50231],[-48.36486,-17.46461],[-48.35837,-17.463],[-48.35056,-17.4516],[-48.32717,-17.44645],[-48.31945,-17.45183],[-48.30725,-17.44616],[-48.30205,-17.43221],[-48.28536,-17.43205],[-48.28314,-17.42038],[-48.28766,-17.41269],[-48.27758,-17.41059],[-48.27461,-17.39687],[-48.26528,-17.39397],[-48.26308,-17.38834],[-48.26738,-17.38255],[-48.25919,-17.37549],[-48.25589,-17.35881],[-48.24313,-17.36242],[-48.24005,-17.32748],[-48.21966,-17.32379],[-48.20244,-17.32668],[-48.19841,-17.31005]]]},"properties":{"CD_MUN":"5221809","NM_MUN":"Urutaí","SIGLA_UF":"GO"}},{"type":"Feature","geometry":{"type":"Polygon","coordinates":[[[-47.53637,-17.45716],[-47.51392,-17.46084],[-47.51217,-17.47299],[-47.50286,-17.48181],[-47.5032,-17.51553],[-47.49526,-17.52641],[-47.47734,-17.51136],[-47.46745,-17.53309],[-47.45459,-17.53842],[-47.44603,-17.5308],[-47.39511,-17.51216],[-47.38453,-17.51438],[-47.37417,-17.52395],[-47.34652,-17.52697],[-47.33169,-17.52376],[-47.31275,-17.54346],[-47.30625,-17.55849],[-47.2835,-17.57759],[-47.26514,-17.61104],[-47.26789,-17.63775],[-47.27836,-17.64425],[-47.28101,-17.65328],[-47.26956,-17.67449],[-47.28623,-17.68425],[-47.29798,-17.68404],[-47.29914,-17.69149],[-47.31331,-17.69905],[-47.31173,-17.71155],[-47.31748,-17.72667],[-47.34237,-17.74449],[-47.33256,-17.76784],[-47.35412,-17.78757],[-47.35387,-17.79378],[-47.34765,-17.79734],[-47.35765,-17.80538],[-47.35026,-17.8113],[-47.35168,-17.81517],[-47.36298,-17.81701],[-47.36429,-17.82453],[-47.37271,-17.82998],[-47.36607,-17.83645],[-47.35596,-17.86064],[-47.35918,-17.86607],[-47.35335,-17.87096],[-47.3581,-17.88918],[-47.35671,-17.89783],[-47.34488,-17.8987],[-47.34385,-17.90901],[-47.33805,-17.91253],[-47.34446,-17.92087],[-47.33904,-17.9282],[-47.34024,-17.93744],[-47.33435,-17.93765],[-47.33332,-17.95156],[-47.31349,-17.96326],[-47.3136,-17.97708],[-47.3226,-17.98453],[-47.31882,-17.99607],[-47.31524,-17.99543],[-47.3093,-18.00731],[-47.29649,-18.00943],[-47.29538,-18.02663],[-47.30044,-18.02705],[-47.29299,-18.02965],[-47.28644,-18.04284],[-47.28352,-18.0411],[-47.28285,-18.05827],[-47.2921,-18.0641],[-47.30519,-18.06374],[-47.30208,-18.07378],[-47.32241,-18.06972],[-47.34308,-18.08084],[-47.34653,-18.08828],[-47.35744,-18.08506],[-47.36102,-18.09625],[-47.35436,-18.09686],[-47.35552,-18.10519],[-47.38575,-18.12124],[-47.39344,-18.11627],[-47.39547,-18.12718],[-47.40697,-18.13179],[-47.39619,-18.13741],[-47.39653,-18.1419],[-47.40764,-18.14156],[-47.4157,-18.12924],[-47.42608,-18.12538],[-47.4408,-18.1008],[-47.44733,-18.10194],[-47.48211,-18.05298],[-47.48936,-18.05585],[-47.49761,-18.02794],[-47.5198,-18.01124],[-47.51566,-18.00744],[-47.51347,-17.98598],[-47.58488,-17.92324],[-47.58855,-17.92446],[-47.58102,-17.93297],[-47.58208,-17.95204],[-47.56797,-17.98402],[-47.5758,-17.99114],[-47.59017,-17.99419],[-47.60717,-18.02052],[-47.60492,-18.02895],[-47.61586,-18.03378],[-47.61661,-18.04289],[-47.66881,-18.04261],[-47.67478,-18.04645],[-47.67639,-18.05141],[-47.66706,-18.05964],[-47.6737,-18.06792],[-47.66428,-18.07583],[-47.67606,-18.08825],[-47.67534,-18.09858],[-47.68962,-18.10024],[-47.6944,-18.10698],[-47.68495,-18.11831],[-47.69726,-18.12645],[-47.70762,-18.1225],[-47.71118,-18.13149],[-47.71946,-18.13122],[-47.7239,-18.12571],[-47.7309,-18.13125],[-47.74551,-18.12816],[-47.75962,-18.11892],[-47.78765,-18.12119],[-47.83535,-18.1502],[-47.84927,-18.18994],[-47.86204,-18.1991],[-47.86274,-18.21746],[-47.87638,-18.2242],[-47.87205,-18.23062],[-47.8798,-18.24579],[-47.87405,-18.2538],[-47.87955,-18.27228],[-47.87636,-18.28406],[-47.87952,-18.29637],[-47.89027,-18.3011],[-47.88641,-18.30822],[-47.90244,-18.31733],[-47.91116,-18.32799],[-47.91358,-18.34001],[-47.87072,-18.34632],[-47.86564,-18.35786],[-47.85374,-18.36119],[-47.85322,-18.36948],[-47.8635,-18.38249],[-47.85749,-18.39302],[-47.86666,-18.40305],[-47.85339,-18.41873],[-47.85967,-18.42328],[-47.86011,-18.4402],[-47.86422,-18.44945],[-47.87333,-18.45918],[-47.863,-18.46487],[-47.86786,-18.47444],[-47.87517,-18.47571],[-47.88525,-18.46855],[-47.88986,-18.47693],[-47.91395,-18.46661],[-47.92512,-18.47126],[-47.92923,-18.48787],[-47.95234,-18.49387],[-47.95462,-18.50032],[-47.96192,-18.49606],[-47.96459,-18.47744],[-47.97889,-18.476],[-47.97573,-18.45265],[-47.98059,-18.44289],[-48.00441,-18.45512],[-48.01143,-18.45387],[-48.01409,-18.44321],[-48.02769,-18.43494],[-48.02288,-18.42206],[-47.99881,-18.40417],[-47.98514,-18.40593],[-47.97697,-18.38368],[-47.96717,-18.38647],[-47.96398,-18.37901],[-47.95553,-18.37822],[-47.94745,-18.38481],[-47.94044,-18.38107],[-47.93847,-18.37388],[-47.94644,-18.36566],[-47.93694,-18.35364],[-47.94222,-18.34009],[-47.93902,-18.32902],[-47.96166,-18.31775],[-47.96625,-18.29757],[-48.00517,-18.29724],[-48.02176,-18.30189],[-48.01937,-18.28601],[-48.03067,-18.27971],[-48.04355,-18.28054],[-48.04632,-18.26771],[-48.05625,-18.25763],[-48.04543,-18.24213],[-48.05026,-18.23183],[-48.04694,-18.23296],[-48.04311,-18.22538],[-48.04575,-18.22105],[-48.0093,-18.17852],[-48.01841,-18.16206],[-48.0228,-18.1593],[-48.02566,-18.16384],[-48.04797,-18.15059],[-48.05108,-18.14423],[-48.03116,-18.13913],[-48.02352,-18.12444],[-48.02219,-18.09189],[-48.03152,-18.07597],[-48.03035,-18.06523],[-48.06418,-18.05572],[-48.07199,-18.04338],[-48.07638,-18.04622],[-48.07307,-18.0387],[-48.07674,-18.03307],[-48.08849,-18.03366],[-48.08683,-18.02436],[-48.07802,-18.02038],[-48.0886,-18.0178],[-48.09807,-18.0005],[-48.09538,-17.99335],[-48.1023,-17.99345],[-48.10782,-17.98671],[-48.11802,-17.98838],[-48.12693,-17.9742],[-48.15883,-17.98154],[-48.17296,-17.96965],[-48.16574,-17.96651],[-48.16107,-17.95151],[-48.14143,-17.94995],[-48.14196,-17.94175],[-48.12599,-17.94582],[-48.12343,-17.94155],[-48.12815,-17.93694],[-48.12174,-17.93234],[-48.12563,-17.92596],[-48.11896,-17.91887],[-48.11507,-17.9204],[-48.11829,-17.92821],[-48.11143,-17.92247],[-48.10849,-17.93066],[-48.08529,-17.91239],[-48.06926,-17.91865],[-48.0576,-17.91171],[-48.04254,-17.92177],[-48.03446,-17.91865],[-48.02587,-17.9241],[-48.02179,-17.91654],[-48.0001,-17.90739],[-47.99382,-17.89408],[-47.98726,-17.89242],[-47.98309,-17.89769],[-47.97651,-17.89704],[-47.97201,-17.9027],[-47.96373,-17.89687],[-47.9524,-17.89942],[-47.94092,-17.89535],[-47.93426,-17.90391],[-47.92523,-17.90202],[-47.92626,-17.90874],[-47.91743,-17.91391],[-47.90781,-17.90947],[-47.89792,-17.91523],[-47.89253,-17.91016],[-47.8869,-17.91614],[-47.86726,-17.91959],[-47.86106,-17.91769],[-47.8617,-17.90954],[-47.84298,-17.89055],[-47.79914,-17.87189],[-47.80419,-17.86592],[-47.80333,-17.85711],[-47.81764,-17.84308],[-47.78903,-17.84357],[-47.78072,-17.83175],[-47.77494,-17.83187],[-47.77436,-17.82303],[-47.76181,-17.81658],[-47.76736,-17.80651],[-47.76377,-17.79174],[-47.75433,-17.77901],[-47.75375,-17.80003],[-47.74472,-17.82907],[-47.73302,-17.8398],[-47.70758,-17.84246],[-47.68544,-17.83746],[-47.67135,-17.84221],[-47.67452,-17.8356],[-47.65502,-17.83708],[-47.65519,-17.82836],[-47.66364,-17.824],[-47.65758,-17.82214],[-47.6423,-17.81596],[-47.64919,-17.81178],[-47.64294,-17.79846],[-47.6501,-17.79127],[-47.64227,-17.78315],[-47.63402,-17.78935],[-47.62316,-17.78393],[-47.62663,-17.77861],[-47.63371,-17.77939],[-47.63335,-17.77011],[-47.62088,-17.7705],[-47.62846,-17.75241],[-47.62013,-17.74572],[-47.61021,-17.74551],[-47.6169,-17.72401],[-47.62149,-17.72254],[-47.61771,-17.7167],[-47.62355,-17.71023],[-47.61843,-17.69397],[-47.62152,-17.68341],[-47.62874,-17.68175],[-47.63005,-17.67045],[-47.63718,-17.66525],[-47.63023,-17.6498],[-47.64071,-17.65067],[-47.6406,-17.64057],[-47.62912,-17.62799],[-47.63243,-17.61615],[-47.62723,-17.62128],[-47.60971,-17.61927],[-47.61723,-17.61312],[-47.61421,-17.59346],[-47.60668,-17.59703],[-47.58848,-17.59293],[-47.59151,-17.58141],[-47.60112,-17.5764],[-47.59862,-17.56964],[-47.59384,-17.56996],[-47.60009,-17.55821],[-47.58745,-17.55953],[-47.59376,-17.54912],[-47.56778,-17.54388],[-47.56384,-17.53767],[-47.55715,-17.54142],[-47.55795,-17.52944],[-47.55059,-17.52508],[-47.56148,-17.51899],[-47.55687,-17.50045],[-47.5487,-17.49725],[-47.55517,-17.4872],[-47.53964,-17.48576],[-47.53897,-17.47992],[-47.54659,-17.47512],[-47.53689,-17.46453],[-47.53637,-17.45716]]]},"properties":{"CD_MUN":"5205109","NM_MUN":"Catalão","SIGLA_UF":"GO"}},{"type":"Feature","geometry":{"type":"Polygon","coordinates":[[[-49.60602,-15.40842],[-49.5879,-15.41014],[-49.58604,-15.42588],[-49.57921,-15.43431],[-49.58485,-15.43741],[-49.58485,-15.44707],[-49.57682,-15.44342],[-49.56943,-15.45534],[-49.56174,-15.45021],[-49.5591,-15.46053],[-49.55438,-15.45718],[-49.55754,-15.44469],[-49.54127,-15.44374],[-49.53915,-15.44766],[-49.54304,-15.44876],[-49.53965,-15.45497],[-49.54479,-15.46805],[-49.55421,-15.46594],[-49.56863,-15.47678],[-49.56796,-15.4894],[-49.57524,-15.49919],[-49.57447,-15.5177],[-49.56752,-15.519],[-49.56336,-15.53358],[-49.55133,-15.54425],[-49.55674,-15.54745],[-49.56272,-15.56852],[-49.56205,-15.57839],[-49.55688,-15.58101],[-49.55744,-15.59299],[-49.56347,-15.59797],[-49.55727,-15.60582],[-49.56111,-15.61888],[-49.55644,-15.63542],[-49.60017,-15.67482],[-49.60541,-15.69813],[-49.61192,-15.6907],[-49.6392,-15.6836],[-49.6357,-15.69322],[-49.64622,-15.71044],[-49.64392,-15.73465],[-49.64897,-15.7569],[-49.65917,-15.76834],[-49.67851,-15.77788],[-49.67609,-15.80019],[-49.68912,-15.82709],[-49.69704,-15.82567],[-49.6927,-15.80602],[-49.69051,-15.79892],[-49.69745,-15.78475],[-49.6847,-15.76413],[-49.68442,-15.75477],[-49.70276,-15.73981],[-49.69798,-15.72231],[-49.70331,-15.71255],[-49.71984,-15.69018],[-49.74867,-15.6738],[-49.74803,-15.66454],[-49.74545,-15.64883],[-49.73736,-15.64203],[-49.7355,-15.65154],[-49.72984,-15.6523],[-49.70147,-15.61141],[-49.70383,-15.58634],[-49.69866,-15.58205],[-49.69328,-15.55471],[-49.70617,-15.53439],[-49.7142,-15.5315],[-49.72825,-15.53494],[-49.72172,-15.52351],[-49.72897,-15.53017],[-49.73283,-15.52533],[-49.73236,-15.50503],[-49.71911,-15.50786],[-49.71008,-15.50239],[-49.70288,-15.50892],[-49.6836,-15.4828],[-49.68516,-15.45808],[-49.69235,-15.45323],[-49.70249,-15.42986],[-49.69602,-15.42789],[-49.6946,-15.42004],[-49.67047,-15.4174],[-49.65766,-15.40558],[-49.65052,-15.41255],[-49.63835,-15.40268],[-49.6351,-15.40938],[-49.62785,-15.40797],[-49.63052,-15.41087],[-49.6244,-15.41726],[-49.60602,-15.40842]]]},"properties":{"CD_MUN":"5221700","NM_MUN":"Uruana","SIGLA_UF":"GO"}},{"type":"Feature","geometry":{"type":"Polygon","coordinates":[[[-46.85399,-13.0673],[-46.84091,-13.07162],[-46.8323,-13.06486],[-46.82763,-13.06903],[-46.82469,-13.06499],[-46.82855,-13.06329],[-46.82104,-13.05807],[-46.82019,-13.06589],[-46.81243,-13.06321],[-46.81327,-13.07345],[-46.80221,-13.08598],[-46.76285,-13.09082],[-46.75265,-13.10152],[-46.73468,-13.107],[-46.73082,-13.10244],[-46.71593,-13.10441],[-46.70557,-13.08253],[-46.67204,-13.06066],[-46.62248,-13.06484],[-46.61124,-13.05649],[-46.60498,-13.04316],[-46.57004,-13.04018],[-46.55704,-13.02678],[-46.54795,-13.02629],[-46.53865,-13.01709],[-46.52848,-13.01797],[-46.50159,-13.00469],[-46.47025,-13.00996],[-46.45434,-13.0187],[-46.45817,-13.03455],[-46.4482,-13.03771],[-46.45053,-13.05498],[-46.45251,-13.06589],[-46.46023,-13.07318],[-46.47304,-13.07516],[-46.48026,-13.08681],[-46.5057,-13.09712],[-46.51862,-13.13268],[-46.5239,-13.13351],[-46.52371,-13.14358],[-46.52801,-13.14016],[-46.53076,-13.15509],[-46.54001,-13.1613],[-46.54193,-13.16971],[-46.55443,-13.17613],[-46.55804,-13.18533],[-46.57279,-13.19372],[-46.58963,-13.21377],[-46.59318,-13.21045],[-46.60143,-13.21558],[-46.60571,-13.2117],[-46.60677,-13.2184],[-46.61518,-13.2238],[-46.62846,-13.22058],[-46.64253,-13.23312],[-46.68261,-13.24365],[-46.67777,-13.24727],[-46.68483,-13.25959],[-46.67691,-13.28368],[-46.68847,-13.29756],[-46.70247,-13.29805],[-46.70103,-13.31105],[-46.70822,-13.33081],[-46.69997,-13.34157],[-46.70125,-13.34989],[-46.69591,-13.35316],[-46.70041,-13.36071],[-46.69849,-13.36891],[-46.70678,-13.37558],[-46.70466,-13.38079],[-46.71392,-13.38545],[-46.73283,-13.38631],[-46.72875,-13.39145],[-46.73139,-13.39831],[-46.74853,-13.40864],[-46.7453,-13.42494],[-46.75278,-13.42799],[-46.75092,-13.43356],[-46.76148,-13.43792],[-46.7582,-13.44042],[-46.76175,-13.44808],[-46.76895,-13.44632],[-46.76384,-13.45113],[-46.76262,-13.46549],[-46.77112,-13.47896],[-46.76739,-13.48329],[-46.7625,-13.48037],[-46.76495,-13.48714],[-46.76834,-13.48536],[-46.76423,-13.4936],[-46.76523,-13.49712],[-46.77925,-13.49824],[-46.77934,-13.507],[-46.78426,-13.50812],[-46.77659,-13.51949],[-46.78381,-13.53175],[-46.77985,-13.53417],[-46.77376,-13.52834],[-46.77184,-13.54019],[-46.78815,-13.55097],[-46.78204,-13.56651],[-46.79287,-13.58069],[-46.79198,-13.5912],[-46.80196,-13.59424],[-46.81599,-13.58761],[-46.82112,-13.59453],[-46.82551,-13.58767],[-46.83432,-13.58844],[-46.84279,-13.59492],[-46.8367,-13.60349],[-46.85082,-13.61533],[-46.86232,-13.61286],[-46.86607,-13.60328],[-46.86855,-13.60864],[-46.88529,-13.60501],[-46.90457,-13.58665],[-46.91935,-13.5936],[-46.92804,-13.59075],[-46.94207,-13.56647],[-46.9519,-13.55955],[-46.96749,-13.55537],[-46.9794,-13.56041],[-46.98446,-13.54903],[-47.02429,-13.54238],[-47.03593,-13.52879],[-47.05371,-13.52289],[-47.06324,-13.50795],[-47.07971,-13.49493],[-47.08257,-13.48054],[-47.06904,-13.46588],[-47.07557,-13.45684],[-47.06626,-13.44746],[-47.08824,-13.4416],[-47.10071,-13.43279],[-47.12621,-13.43918],[-47.15055,-13.41067],[-47.1646,-13.42969],[-47.17541,-13.43273],[-47.19688,-13.45205],[-47.21468,-13.44697],[-47.24666,-13.44743],[-47.26247,-13.44693],[-47.26741,-13.43554],[-47.2961,-13.41774],[-47.31919,-13.39274],[-47.32238,-13.38207],[-47.32944,-13.37983],[-47.32813,-13.35926],[-47.35197,-13.34677],[-47.34824,-13.31405],[-47.3723,-13.29413],[-47.37644,-13.2821],[-47.37063,-13.27301],[-47.37899,-13.26499],[-47.39188,-13.26251],[-47.39379,-13.24666],[-47.38744,-13.24056],[-47.38319,-13.24145],[-47.37879,-13.2311],[-47.37105,-13.22871],[-47.35188,-13.24883],[-47.3371,-13.24631],[-47.32243,-13.2583],[-47.31293,-13.25109],[-47.29454,-13.24874],[-47.29302,-13.25652],[-47.28507,-13.25631],[-47.28976,-13.26104],[-47.28438,-13.265],[-47.27937,-13.26362],[-47.27482,-13.25091],[-47.26651,-13.24715],[-47.26729,-13.23837],[-47.24765,-13.23012],[-47.25098,-13.21237],[-47.23204,-13.20512],[-47.22767,-13.19432],[-47.19632,-13.19361],[-47.18304,-13.18792],[-47.17467,-13.19512],[-47.18264,-13.20568],[-47.16717,-13.21122],[-47.16156,-13.20575],[-47.15248,-13.20996],[-47.13439,-13.20288],[-47.13326,-13.18983],[-47.13993,-13.18778],[-47.13203,-13.1785],[-47.1177,-13.17788],[-47.1084,-13.17102],[-47.10548,-13.18189],[-47.09675,-13.17178],[-47.08942,-13.174],[-47.08678,-13.18241],[-47.07959,-13.17811],[-47.08425,-13.17053],[-47.08053,-13.16199],[-47.06853,-13.15549],[-47.06092,-13.16161],[-47.04697,-13.15763],[-47.04131,-13.14862],[-47.03536,-13.15086],[-47.02228,-13.14199],[-47.01883,-13.14577],[-47.00917,-13.14082],[-47.00484,-13.12511],[-46.99939,-13.12128],[-46.98675,-13.12179],[-46.98786,-13.12813],[-46.9783,-13.13157],[-46.97803,-13.12159],[-46.95339,-13.11113],[-46.94577,-13.09929],[-46.92852,-13.09288],[-46.92833,-13.08308],[-46.90177,-13.0673],[-46.89047,-13.05224],[-46.87847,-13.04882],[-46.87969,-13.05933],[-46.87015,-13.06058],[-46.86827,-13.06851],[-46.85399,-13.0673]]]},"properties":{"CD_MUN":"5213509","NM_MUN":"Monte Alegre de Goiás","SIGLA_UF":"GO"}},{"type":"Feature","geometry":{"type":"Polygon","coordinates":[[[-48.77945,-13.87776],[-48.77212,-13.88781],[-48.76859,-13.91399],[-48.75182,-13.93314],[-48.73473,-13.94202],[-48.7382,-13.95597],[-48.72984,-13.95574],[-48.72704,-13.9625],[-48.73385,-13.99248],[-48.73012,-14.00107],[-48.71982,-14.00647],[-48.71351,-14.02282],[-48.71779,-14.03851],[-48.72307,-14.03882],[-48.71162,-14.07705],[-48.71668,-14.08713],[-48.70438,-14.09476],[-48.70207,-14.10725],[-48.70829,-14.12412],[-48.72268,-14.12752],[-48.76574,-14.12064],[-48.76699,-14.14827],[-48.7781,-14.14969],[-48.79774,-14.14074],[-48.80252,-14.16268],[-48.82555,-14.17756],[-48.83719,-14.17173],[-48.84163,-14.16034],[-48.84886,-14.15858],[-48.86913,-14.18449],[-48.88008,-14.19043],[-48.87547,-14.19946],[-48.88125,-14.21199],[-48.89269,-14.20788],[-48.89186,-14.22753],[-48.89747,-14.23408],[-48.92989,-14.25398],[-48.94622,-14.25089],[-48.9657,-14.29337],[-48.9897,-14.30634],[-49.00759,-14.30535],[-49.01584,-14.31433],[-49.01609,-14.32185],[-49.0082,-14.32971],[-48.98561,-14.34128],[-48.98056,-14.36834],[-48.99284,-14.38814],[-48.97701,-14.41442],[-48.99379,-14.45615],[-49.02552,-14.46989],[-49.02741,-14.48187],[-49.02265,-14.49584],[-49.05291,-14.49913],[-49.03977,-14.5281],[-49.01563,-14.53725],[-49.00927,-14.53484],[-49.00593,-14.54174],[-49.00626,-14.55852],[-49.0364,-14.56294],[-49.03868,-14.57713],[-49.04432,-14.58995],[-49.03396,-14.60295],[-49.02694,-14.60098],[-49.01804,-14.60676],[-49.01555,-14.62093],[-49.04235,-14.60605],[-49.05363,-14.6171],[-49.04358,-14.62838],[-49.02824,-14.63492],[-49.01444,-14.6627],[-49.02061,-14.68806],[-48.99925,-14.71558],[-49.00986,-14.72044],[-49.04153,-14.70866],[-49.06055,-14.72352],[-49.06491,-14.74284],[-49.07494,-14.74125],[-49.08627,-14.73082],[-49.10405,-14.73494],[-49.11905,-14.74716],[-49.13264,-14.73568],[-49.14894,-14.73597],[-49.15111,-14.76593],[-49.15675,-14.7715],[-49.19262,-14.76868],[-49.20003,-14.74627],[-49.23131,-14.73138],[-49.23211,-14.72477],[-49.23842,-14.72645],[-49.25664,-14.71271],[-49.281,-14.70255],[-49.28395,-14.68811],[-49.27836,-14.68336],[-49.28914,-14.67635],[-49.29467,-14.67928],[-49.31689,-14.67333],[-49.32272,-14.63791],[-49.33678,-14.63087],[-49.35062,-14.61168],[-49.35564,-14.60861],[-49.37206,-14.6232],[-49.38159,-14.62177],[-49.39092,-14.63794],[-49.42106,-14.63088],[-49.43453,-14.61956],[-49.42831,-14.6022],[-49.45392,-14.58533],[-49.45031,-14.57691],[-49.45317,-14.56954],[-49.44637,-14.5576],[-49.41675,-14.53739],[-49.39186,-14.53422],[-49.39608,-14.52425],[-49.388,-14.50757],[-49.37492,-14.5052],[-49.36954,-14.51477],[-49.36755,-14.52281],[-49.34805,-14.5116],[-49.34983,-14.49151],[-49.34553,-14.47842],[-49.32349,-14.47183],[-49.33335,-14.45583],[-49.29896,-14.4337],[-49.30574,-14.41911],[-49.3008,-14.41171],[-49.30238,-14.40395],[-49.2861,-14.40602],[-49.2808,-14.41411],[-49.26935,-14.40908],[-49.26163,-14.39568],[-49.22863,-14.38922],[-49.21585,-14.39386],[-49.20885,-14.38201],[-49.19959,-14.37963],[-49.19143,-14.3856],[-49.17723,-14.38498],[-49.14718,-14.36786],[-49.13615,-14.37261],[-49.08009,-14.32755],[-49.08143,-14.3177],[-49.00833,-14.09198],[-48.79807,-14.06195],[-48.77945,-13.87776]]]},"properties":{"CD_MUN":"5221601","NM_MUN":"Uruaçu","SIGLA_UF":"GO"}},{"type":"Feature","geometry":{"type":"Polygon","coordinates":[[[-50.70201,-16.41461],[-50.68082,-16.41408],[-50.67615,-16.40657],[-50.67034,-16.4092],[-50.67523,-16.41949],[-50.67323,-16.44613],[-50.68154,-16.45003],[-50.67487,-16.45316],[-50.65651,-16.44984],[-50.65251,-16.45922],[-50.6569,-16.46497],[-50.65232,-16.47018],[-50.65423,-16.49056],[-50.64993,-16.497],[-50.63843,-16.50049],[-50.64265,-16.50813],[-50.6344,-16.51451],[-50.62529,-16.51241],[-50.63004,-16.50183],[-50.62315,-16.49361],[-50.61576,-16.50988],[-50.60782,-16.50938],[-50.61193,-16.49601],[-50.59929,-16.4925],[-50.59415,-16.50575],[-50.61646,-16.58931],[-50.65238,-16.59307],[-50.66057,-16.61191],[-50.66846,-16.61705],[-50.7021,-16.62033],[-50.71552,-16.60747],[-50.71908,-16.59363],[-50.73074,-16.58755],[-50.7373,-16.58802],[-50.73844,-16.58364],[-50.74474,-16.58841],[-50.76305,-16.58428],[-50.77819,-16.59142],[-50.78035,-16.58434],[-50.79086,-16.58194],[-50.79358,-16.57345],[-50.80136,-16.57642],[-50.80952,-16.56509],[-50.7993,-16.55562],[-50.80007,-16.52995],[-50.82049,-16.50895],[-50.83627,-16.5125],[-50.85305,-16.50695],[-50.85783,-16.49174],[-50.86519,-16.49689],[-50.87616,-16.52384],[-50.91627,-16.52714],[-50.94147,-16.50403],[-50.96861,-16.5018],[-50.97794,-16.47768],[-50.98005,-16.4667],[-50.96958,-16.4606],[-50.96988,-16.45129],[-50.96478,-16.4459],[-50.96744,-16.43804],[-50.96113,-16.42811],[-50.96327,-16.41862],[-50.94774,-16.39826],[-50.92122,-16.39861],[-50.88505,-16.42886],[-50.85724,-16.44135],[-50.85511,-16.45274],[-50.83696,-16.47781],[-50.82966,-16.47023],[-50.81952,-16.47958],[-50.81332,-16.47867],[-50.79349,-16.50391],[-50.77043,-16.51001],[-50.77622,-16.50016],[-50.7733,-16.48701],[-50.75635,-16.45929],[-50.73654,-16.44819],[-50.71976,-16.44925],[-50.70635,-16.44334],[-50.70201,-16.41461]]]},"properties":{"CD_MUN":"5213400","NM_MUN":"Moiporá","SIGLA_UF":"GO"}},{"type":"Feature","geometry":{"type":"Polygon","coordinates":[[[-49.94263,-13.91458],[-49.9363,-13.89574],[-49.94585,-13.8921],[-49.94577,-13.90071],[-49.94966,-13.90152],[-49.95513,-13.89481],[-49.95216,-13.88529],[-49.93611,-13.8845],[-49.92571,-13.8904],[-49.92246,-13.88597],[-49.91819,-13.8944],[-49.90307,-13.90149],[-49.87247,-13.89735],[-49.86496,-13.91295],[-49.85513,-13.91541],[-49.84846,-13.91251],[-49.84788,-13.89982],[-49.83935,-13.89893],[-49.82852,-13.91525],[-49.82908,-13.92957],[-49.81796,-13.94046],[-49.82946,-13.9476],[-49.83319,-13.95585],[-49.85527,-13.94794],[-49.86149,-13.95111],[-49.86641,-13.95972],[-49.85194,-13.97178],[-49.85186,-13.97985],[-49.87805,-13.98281],[-49.88138,-13.98634],[-49.87874,-14.00065],[-49.8728,-14.01405],[-49.88383,-14.03327],[-49.87541,-14.03749],[-49.87297,-14.04517],[-49.88047,-14.05779],[-49.89369,-14.06144],[-49.89591,-14.06863],[-49.88858,-14.07886],[-49.86994,-14.07786],[-49.86861,-14.08546],[-49.88039,-14.09906],[-49.87928,-14.10475],[-49.86922,-14.10505],[-49.86669,-14.11807],[-49.84611,-14.11504],[-49.83091,-14.13594],[-49.82005,-14.14113],[-49.83181,-14.14929],[-49.84617,-14.17653],[-49.86083,-14.1831],[-49.84369,-14.19681],[-49.83778,-14.19436],[-49.83508,-14.18307],[-49.83095,-14.20432],[-49.81725,-14.19967],[-49.80822,-14.20724],[-49.8075,-14.22192],[-49.82534,-14.2348],[-49.81825,-14.24158],[-49.82187,-14.25506],[-49.81425,-14.26591],[-49.80925,-14.25786],[-49.80364,-14.26022],[-49.8005,-14.2823],[-49.80965,-14.29178],[-49.79925,-14.28954],[-49.78006,-14.3032],[-49.78437,-14.30744],[-49.79164,-14.30548],[-49.80211,-14.30417],[-49.81511,-14.31557],[-49.82208,-14.33613],[-49.83245,-14.33231],[-49.83927,-14.34421],[-49.87342,-14.3332],[-49.89144,-14.34293],[-49.90182,-14.33837],[-49.90559,-14.34379],[-49.90982,-14.34168],[-49.9107,-14.34904],[-49.91962,-14.34733],[-49.92111,-14.35351],[-49.91611,-14.35998],[-49.92308,-14.36411],[-49.91953,-14.37421],[-49.92752,-14.37394],[-49.92122,-14.38027],[-49.92763,-14.3885],[-50.00523,-14.31513],[-50.0115,-14.31468],[-50.01335,-14.30591],[-50.02084,-14.31181],[-50.03514,-14.30181],[-50.03318,-14.27362],[-50.05569,-14.25319],[-50.06037,-14.24197],[-50.07258,-14.24041],[-50.07341,-14.2284],[-50.08006,-14.23219],[-50.08135,-14.22855],[-50.0996,-14.2288],[-50.11794,-14.22197],[-50.1222,-14.2091],[-50.11977,-14.19901],[-50.12548,-14.19965],[-50.12671,-14.19478],[-50.11857,-14.17836],[-50.12573,-14.15676],[-50.12515,-14.13782],[-50.14334,-14.12553],[-50.14609,-14.12156],[-50.14179,-14.11075],[-50.15092,-14.08242],[-50.14604,-14.07316],[-50.14878,-14.04235],[-50.1579,-14.01864],[-50.15808,-14.00466],[-49.95061,-14.02174],[-49.94,-14.01034],[-49.93752,-13.97875],[-49.92488,-13.96364],[-49.9258,-13.9504],[-49.91946,-13.93826],[-49.92399,-13.92856],[-49.94263,-13.91458]]]},"properties":{"CD_MUN":"5221577","NM_MUN":"Uirapuru","SIGLA_UF":"GO"}},{"type":"Feature","geometry":{"type":"Polygon","coordinates":[[[-48.51194,-17.87848],[-48.49383,-17.86673],[-48.48055,-17.87079],[-48.47144,-17.86619],[-48.45207,-17.84464],[-48.45177,-17.83857],[-48.44488,-17.84486],[-48.4443,-17.85275],[-48.43744,-17.85215],[-48.43055,-17.86075],[-48.42183,-17.85312],[-48.41072,-17.86343],[-48.3978,-17.89476],[-48.40305,-17.91157],[-48.41297,-17.91653],[-48.39538,-17.91495],[-48.38324,-17.94422],[-48.35783,-17.9478],[-48.33239,-17.93554],[-48.31489,-17.94362],[-48.30916,-17.95411],[-48.3133,-17.96004],[-48.30783,-17.96742],[-48.31369,-17.97106],[-48.32011,-17.98753],[-48.29745,-18.0333],[-48.30855,-18.05027],[-48.32275,-18.05303],[-48.3292,-18.07491],[-48.33889,-18.08304],[-48.36712,-18.08765],[-48.36859,-18.1075],[-48.38361,-18.11189],[-48.38739,-18.12049],[-48.39845,-18.12719],[-48.39526,-18.14266],[-48.37595,-18.15003],[-48.37051,-18.16349],[-48.35676,-18.17128],[-48.33359,-18.20186],[-48.32462,-18.24332],[-48.31945,-18.24938],[-48.31931,-18.25308],[-48.30615,-18.25754],[-48.31218,-18.26553],[-48.30928,-18.27163],[-48.30281,-18.2685],[-48.29845,-18.27782],[-48.30442,-18.28311],[-48.31532,-18.28053],[-48.32184,-18.2869],[-48.33207,-18.28386],[-48.33207,-18.29143],[-48.32234,-18.29917],[-48.32665,-18.31093],[-48.32843,-18.3068],[-48.33865,-18.30898],[-48.33885,-18.31674],[-48.3339,-18.31984],[-48.3381,-18.32475],[-48.34004,-18.31972],[-48.35429,-18.3196],[-48.35557,-18.33864],[-48.34043,-18.34217],[-48.34463,-18.35483],[-48.32993,-18.35386],[-48.34137,-18.36979],[-48.35329,-18.3661],[-48.40021,-18.37191],[-48.4054,-18.35637],[-48.43626,-18.36534],[-48.44535,-18.35533],[-48.48007,-18.38101],[-48.4866,-18.37198],[-48.48385,-18.35563],[-48.49435,-18.3533],[-48.51966,-18.36146],[-48.52971,-18.34975],[-48.5511,-18.34752],[-48.55524,-18.34161],[-48.55341,-18.32815],[-48.56085,-18.31983],[-48.59852,-18.33103],[-48.60955,-18.32608],[-48.63563,-18.32561],[-48.64127,-18.33686],[-48.66577,-18.34524],[-48.68258,-18.34356],[-48.69744,-18.3502],[-48.70827,-18.34506],[-48.7303,-18.3533],[-48.75741,-18.34479],[-48.76989,-18.35564],[-48.78392,-18.35116],[-48.798,-18.35859],[-48.81069,-18.37621],[-48.81984,-18.37926],[-48.82773,-18.37527],[-48.83178,-18.34616],[-48.83683,-18.34151],[-48.87244,-18.33287],[-48.88259,-18.31888],[-48.90681,-18.31637],[-48.91745,-18.3059],[-48.90167,-18.30712],[-48.89758,-18.30185],[-48.90217,-18.27419],[-48.88853,-18.2664],[-48.86889,-18.27797],[-48.8685,-18.28916],[-48.86236,-18.29678],[-48.84861,-18.29251],[-48.84242,-18.27026],[-48.81855,-18.26419],[-48.82353,-18.23861],[-48.80755,-18.23345],[-48.7963,-18.23142],[-48.78363,-18.24043],[-48.77761,-18.23875],[-48.76266,-18.22337],[-48.74332,-18.22031],[-48.71944,-18.19961],[-48.70974,-18.19744],[-48.71016,-18.19402],[-48.72699,-18.19219],[-48.71255,-18.17148],[-48.71741,-18.16665],[-48.72494,-18.17087],[-48.72988,-18.16713],[-48.71441,-18.13757],[-48.70985,-18.14926],[-48.70496,-18.14822],[-48.68499,-18.12376],[-48.6839,-18.11906],[-48.69149,-18.1167],[-48.71152,-18.12482],[-48.71546,-18.11736],[-48.69149,-18.09431],[-48.68949,-18.09033],[-48.67859,-18.09212],[-48.65793,-18.08561],[-48.66012,-18.0647],[-48.6376,-18.04737],[-48.63843,-18.06251],[-48.62218,-18.05649],[-48.61718,-18.06529],[-48.60529,-18.06518],[-48.58973,-18.05474],[-48.56996,-18.05383],[-48.54329,-18.03209],[-48.5492,-18.01852],[-48.54395,-17.99364],[-48.51767,-17.98035],[-48.52392,-17.95486],[-48.51728,-17.94548],[-48.51842,-17.93392],[-48.52411,-17.92496],[-48.51219,-17.91487],[-48.507,-17.9013],[-48.51194,-17.87848]]]},"properties":{"CD_MUN":"5205901","NM_MUN":"Corumbaíba","SIGLA_UF":"GO"}},{"type":"Feature","geometry":{"type":"Polygon","coordinates":[[[-50.47664,-17.65703],[-50.46567,-17.64283],[-50.45392,-17.63915],[-50.43253,-17.61748],[-50.39538,-17.61813],[-50.37739,-17.60383],[-50.36108,-17.60744],[-50.33347,-17.59702],[-50.31969,-17.61256],[-50.29513,-17.61371],[-50.27774,-17.60321],[-50.27263,-17.59093],[-50.27716,-17.58304],[-50.26691,-17.57076],[-50.25446,-17.58038],[-50.23057,-17.56497],[-50.20049,-17.57171],[-50.18337,-17.56773],[-50.17188,-17.571],[-50.1681,-17.56625],[-50.14774,-17.58666],[-50.15527,-17.58972],[-50.15001,-17.59861],[-50.14726,-17.61186],[-50.15296,-17.61187],[-50.17413,-17.64441],[-50.16044,-17.65318],[-50.15732,-17.66506],[-50.1651,-17.66451],[-50.17113,-17.67366],[-50.18897,-17.67514],[-50.18274,-17.68157],[-50.18722,-17.69571],[-50.20455,-17.7015],[-50.20058,-17.72077],[-50.18222,-17.73286],[-50.19269,-17.74218],[-50.20977,-17.74743],[-50.19952,-17.76029],[-50.18952,-17.76199],[-50.20844,-17.77109],[-50.236,-17.79172],[-50.26369,-17.78265],[-50.27003,-17.79586],[-50.26467,-17.8031],[-50.26825,-17.81817],[-50.256,-17.82271],[-50.24192,-17.83611],[-50.243,-17.84164],[-50.2545,-17.84411],[-50.25509,-17.8526],[-50.24378,-17.85547],[-50.23284,-17.86675],[-50.23997,-17.8886],[-50.23858,-17.90107],[-50.25767,-17.91203],[-50.26509,-17.9076],[-50.27109,-17.9158],[-50.27659,-17.90893],[-50.28364,-17.91466],[-50.29117,-17.9107],[-50.29725,-17.92264],[-50.29512,-17.93592],[-50.28079,-17.95173],[-50.28284,-17.96658],[-50.29262,-17.97467],[-50.28559,-17.98968],[-50.27598,-17.98803],[-50.26487,-17.97282],[-50.24603,-17.98149],[-50.23842,-17.97817],[-50.23095,-17.98773],[-50.20154,-17.98173],[-50.20709,-18.00036],[-50.22698,-18.01292],[-50.25256,-18.03195],[-50.29112,-18.02915],[-50.29581,-18.02205],[-50.28412,-18.00662],[-50.28593,-17.99852],[-50.30707,-18.00039],[-50.30981,-17.9893],[-50.32479,-17.98742],[-50.34509,-17.94235],[-50.35045,-17.93434],[-50.36407,-17.93043],[-50.36331,-17.91603],[-50.38693,-17.91306],[-50.3849,-17.9039],[-50.37134,-17.9008],[-50.36964,-17.89377],[-50.39923,-17.87996],[-50.39879,-17.89639],[-50.40398,-17.89909],[-50.42351,-17.88089],[-50.41561,-17.84789],[-50.40206,-17.8447],[-50.39681,-17.83817],[-50.40637,-17.83006],[-50.41226,-17.83088],[-50.41856,-17.8193],[-50.44106,-17.7999],[-50.43461,-17.76219],[-50.4402,-17.75416],[-50.45142,-17.75399],[-50.45248,-17.74169],[-50.42384,-17.73197],[-50.419,-17.71367],[-50.40191,-17.70766],[-50.40125,-17.69805],[-50.41589,-17.70056],[-50.44014,-17.72275],[-50.45675,-17.72703],[-50.46159,-17.71832],[-50.45533,-17.7048],[-50.46706,-17.69759],[-50.46459,-17.68075],[-50.47656,-17.66905],[-50.47664,-17.65703]]]},"properties":{"CD_MUN":"5221551","NM_MUN":"Turvelândia","SIGLA_UF":"GO"}},{"type":"Feature","geometry":{"type":"Polygon","coordinates":[[[-48.95563,-13.34548],[-48.96057,-13.33862],[-48.95738,-13.33109],[-48.95285,-13.32961],[-48.95021,-13.33966],[-48.94382,-13.34098],[-48.94027,-13.31803],[-48.92605,-13.30944],[-48.9261,-13.30354],[-48.91977,-13.30813],[-48.91035,-13.28859],[-48.89863,-13.28354],[-48.89832,-13.27466],[-48.90585,-13.2689],[-48.89993,-13.25592],[-48.89179,-13.25333],[-48.88724,-13.25684],[-48.88082,-13.24683],[-48.85724,-13.24706],[-48.85407,-13.21949],[-48.83598,-13.21718],[-48.83606,-13.22119],[-48.82103,-13.23033],[-48.79363,-13.24252],[-48.79592,-13.2579],[-48.77063,-13.29063],[-48.76314,-13.29319],[-48.8244,-13.31961],[-48.81794,-13.33232],[-48.80352,-13.33457],[-48.80155,-13.34378],[-48.77799,-13.34512],[-48.76318,-13.35601],[-48.74832,-13.3447],[-48.74033,-13.34969],[-48.73454,-13.3474],[-48.72979,-13.35567],[-48.71421,-13.35779],[-48.71813,-13.36754],[-48.70852,-13.37429],[-48.67441,-13.38768],[-48.66985,-13.39491],[-48.66545,-13.39325],[-48.66089,-13.40004],[-48.64436,-13.40594],[-48.62196,-13.40597],[-48.61739,-13.39709],[-48.6087,-13.39334],[-48.5982,-13.39182],[-48.59169,-13.39659],[-48.58113,-13.39319],[-48.56,-13.38952],[-48.57921,-13.41068],[-48.58029,-13.42491],[-48.56906,-13.41867],[-48.56201,-13.43293],[-48.54648,-13.43074],[-48.55262,-13.43912],[-48.53912,-13.4498],[-48.54009,-13.45533],[-48.55015,-13.45758],[-48.56101,-13.45349],[-48.56876,-13.45799],[-48.5699,-13.46823],[-48.58457,-13.48501],[-48.58574,-13.50901],[-48.59193,-13.51011],[-48.59946,-13.52041],[-48.60716,-13.52054],[-48.61451,-13.53392],[-48.62543,-13.53619],[-48.62299,-13.54314],[-48.64738,-13.58096],[-48.6843,-13.59692],[-48.6926,-13.61059],[-48.69836,-13.63701],[-48.70752,-13.61755],[-48.72752,-13.60427],[-48.7251,-13.59887],[-48.73141,-13.57337],[-48.74572,-13.57216],[-48.74319,-13.56204],[-48.74791,-13.56312],[-48.752,-13.55229],[-48.77455,-13.52942],[-48.78924,-13.4737],[-48.80091,-13.47523],[-48.81197,-13.46922],[-48.83358,-13.4777],[-48.84246,-13.47729],[-48.84994,-13.46529],[-48.84799,-13.45414],[-48.85652,-13.43652],[-48.86416,-13.42977],[-48.87077,-13.43561],[-48.87829,-13.43375],[-48.87133,-13.42292],[-48.89335,-13.4236],[-48.89432,-13.3995],[-48.90447,-13.39222],[-48.90369,-13.3837],[-48.91524,-13.38522],[-48.92355,-13.37602],[-48.93446,-13.37681],[-48.93894,-13.37049],[-48.93241,-13.36175],[-48.9346,-13.35198],[-48.95563,-13.34548]]]},"properties":{"CD_MUN":"5221452","NM_MUN":"Trombas","SIGLA_UF":"GO"}},{"type":"Feature","geometry":{"type":"Polygon","coordinates":[[[-50.22636,-16.45214],[-50.22197,-16.47545],[-50.20764,-16.47823],[-50.18863,-16.46765],[-50.17761,-16.47441],[-50.16519,-16.47328],[-50.17124,-16.48244],[-50.1293,-16.50296],[-50.11686,-16.49398],[-50.10427,-16.50437],[-50.09866,-16.49394],[-50.08352,-16.4921],[-50.0798,-16.50265],[-50.06952,-16.49803],[-50.04397,-16.51993],[-50.03338,-16.50987],[-50.01238,-16.50526],[-49.99994,-16.52883],[-50.00522,-16.62012],[-50.14964,-16.67957],[-50.15864,-16.68625],[-50.19389,-16.68586],[-50.20089,-16.69835],[-50.21303,-16.70274],[-50.20951,-16.6799],[-50.21742,-16.67425],[-50.21937,-16.66401],[-50.22884,-16.66136],[-50.23562,-16.64016],[-50.23954,-16.63922],[-50.23231,-16.61265],[-50.24028,-16.59898],[-50.24378,-16.58128],[-50.24059,-16.57021],[-50.24689,-16.55168],[-50.24242,-16.52979],[-50.23189,-16.5153],[-50.23475,-16.49674],[-50.242,-16.49218],[-50.24225,-16.48483],[-50.22636,-16.45214]]]},"properties":{"CD_MUN":"5221502","NM_MUN":"Turvânia","SIGLA_UF":"GO"}},{"type":"Feature","geometry":{"type":"Polygon","coordinates":[[[-48.85609,-15.80333],[-48.85632,-15.81242],[-48.83712,-15.83103],[-48.79754,-15.82641],[-48.78173,-15.81975],[-48.77699,-15.8238],[-48.77781,-15.83425],[-48.76164,-15.84009],[-48.76256,-15.85425],[-48.75703,-15.8575],[-48.7174,-15.86517],[-48.70063,-15.85598],[-48.67416,-15.86205],[-48.664,-15.85485],[-48.66242,-15.84715],[-48.67865,-15.83366],[-48.68077,-15.82228],[-48.69442,-15.81684],[-48.69971,-15.80708],[-48.68339,-15.79392],[-48.665,-15.76636],[-48.64769,-15.76619],[-48.64126,-15.76169],[-48.6412,-15.75507],[-48.62673,-15.75319],[-48.57225,-15.76652],[-48.56161,-15.77884],[-48.55313,-15.78059],[-48.54467,-15.78994],[-48.54277,-15.80068],[-48.53114,-15.81035],[-48.51192,-15.81377],[-48.50056,-15.82111],[-48.49572,-15.82815],[-48.46329,-15.83004],[-48.4602,-15.8447],[-48.46425,-15.86426],[-48.45815,-15.88894],[-48.43664,-15.89876],[-48.43946,-15.90363],[-48.41893,-15.91432],[-48.42275,-15.94831],[-48.41361,-15.95904],[-48.4093,-15.97667],[-48.42806,-15.98673],[-48.45489,-15.96743],[-48.45983,-15.95809],[-48.477,-15.94876],[-48.48619,-15.93542],[-48.52406,-15.93319],[-48.54147,-15.91561],[-48.56775,-15.91467],[-48.59028,-15.92056],[-48.60792,-15.94],[-48.62834,-15.92786],[-48.62934,-15.9411],[-48.64817,-15.96354],[-48.65073,-15.97502],[-48.64815,-15.98784],[-48.63089,-16.0094],[-48.62606,-16.03363],[-48.62012,-16.03822],[-48.61617,-16.08385],[-48.62396,-16.10313],[-48.61974,-16.10659],[-48.6229,-16.12464],[-48.61987,-16.13776],[-48.61257,-16.14284],[-48.62246,-16.14836],[-48.65032,-16.14467],[-48.65549,-16.1506],[-48.66768,-16.15227],[-48.68693,-16.1437],[-48.69246,-16.13326],[-48.69943,-16.133],[-48.6981,-16.12948],[-48.71171,-16.12054],[-48.72066,-16.10494],[-48.72012,-16.09667],[-48.73562,-16.08994],[-48.75677,-16.0719],[-48.76529,-16.05573],[-48.78401,-16.038],[-48.79379,-16.01352],[-48.90701,-15.98948],[-48.89727,-15.98088],[-48.89649,-15.9642],[-48.88802,-15.95855],[-48.90177,-15.94772],[-48.89707,-15.94463],[-48.90349,-15.91123],[-48.89882,-15.8819],[-48.89432,-15.87743],[-48.87276,-15.87653],[-48.87062,-15.84903],[-48.84321,-15.83509],[-48.85595,-15.8236],[-48.86173,-15.80722],[-48.85609,-15.80333]]]},"properties":{"CD_MUN":"5205802","NM_MUN":"Corumbá de Goiás","SIGLA_UF":"GO"}},{"type":"Feature","geometry":{"type":"Polygon","coordinates":[[[-50.59458,-16.23395],[-50.55708,-16.20157],[-50.52861,-16.23475],[-50.51253,-16.22499],[-50.50311,-16.22816],[-50.49163,-16.24843],[-50.46267,-16.26084],[-50.48597,-16.29295],[-50.48328,-16.32841],[-50.50189,-16.33798],[-50.4985,-16.35522],[-50.51398,-16.36563],[-50.51306,-16.37217],[-50.51892,-16.37789],[-50.51356,-16.38641],[-50.51742,-16.38746],[-50.51675,-16.39345],[-50.5349,-16.38921],[-50.52795,-16.40731],[-50.54092,-16.40071],[-50.53684,-16.40896],[-50.54048,-16.41668],[-50.53334,-16.42189],[-50.52978,-16.41501],[-50.52323,-16.42503],[-50.53568,-16.44242],[-50.5422,-16.44185],[-50.54493,-16.44639],[-50.53423,-16.4555],[-50.53387,-16.45944],[-50.53934,-16.4604],[-50.5347,-16.47281],[-50.52301,-16.48343],[-50.53206,-16.4905],[-50.53012,-16.49797],[-50.53615,-16.51247],[-50.54496,-16.50998],[-50.55293,-16.52102],[-50.55548,-16.51907],[-50.56076,-16.5107],[-50.56437,-16.51657],[-50.57601,-16.50646],[-50.58306,-16.51021],[-50.59415,-16.50575],[-50.59929,-16.4925],[-50.61193,-16.49601],[-50.60782,-16.50938],[-50.61576,-16.50988],[-50.62315,-16.49361],[-50.63004,-16.50183],[-50.62529,-16.51241],[-50.6344,-16.51451],[-50.64265,-16.50813],[-50.63843,-16.50049],[-50.64993,-16.497],[-50.65423,-16.49056],[-50.65232,-16.47018],[-50.6569,-16.46497],[-50.65251,-16.45922],[-50.65651,-16.44984],[-50.67487,-16.45316],[-50.68154,-16.45003],[-50.67323,-16.44613],[-50.67523,-16.41949],[-50.67034,-16.4092],[-50.67615,-16.40657],[-50.6782,-16.39133],[-50.6831,-16.39066],[-50.68229,-16.37007],[-50.67584,-16.35723],[-50.68151,-16.34802],[-50.67626,-16.33311],[-50.66509,-16.33224],[-50.64895,-16.3204],[-50.61881,-16.31636],[-50.61042,-16.32204],[-50.6047,-16.31974],[-50.5957,-16.3038],[-50.6002,-16.2862],[-50.6092,-16.27452],[-50.59458,-16.23395]]]},"properties":{"CD_MUN":"5205703","NM_MUN":"Córrego do Ouro","SIGLA_UF":"GO"}},{"type":"Feature","geometry":{"type":"Polygon","coordinates":[[[-49.08386,-13.55573],[-49.07448,-13.55657],[-49.07948,-13.56538],[-49.07559,-13.56746],[-49.07615,-13.57797],[-49.08298,-13.58269],[-49.08242,-13.59167],[-49.08956,-13.59938],[-49.08576,-13.60445],[-49.09326,-13.61343],[-49.1192,-13.61935],[-49.11539,-13.62605],[-49.12104,-13.63875],[-49.11473,-13.64944],[-49.11965,-13.66114],[-49.10843,-13.66675],[-49.12684,-13.68118],[-49.16154,-13.69851],[-49.16151,-13.71257],[-49.16996,-13.71112],[-49.17618,-13.71557],[-49.17385,-13.72364],[-49.18079,-13.72473],[-49.17605,-13.75954],[-49.18199,-13.76825],[-49.1586,-13.78201],[-49.16149,-13.79317],[-49.15766,-13.80105],[-49.16221,-13.81039],[-49.1573,-13.81882],[-49.15893,-13.83406],[-49.14946,-13.84792],[-49.14046,-13.85226],[-49.13991,-13.8606],[-49.28013,-13.79828],[-49.28152,-13.79275],[-49.30044,-13.78006],[-49.30971,-13.77988],[-49.3126,-13.77353],[-49.3306,-13.76492],[-49.35841,-13.77089],[-49.37502,-13.79202],[-49.39878,-13.79174],[-49.39897,-13.7999],[-49.41094,-13.81875],[-49.41867,-13.81621],[-49.42303,-13.82038],[-49.43005,-13.81575],[-49.44203,-13.8239],[-49.44789,-13.8132],[-49.45317,-13.81701],[-49.45753,-13.81174],[-49.47944,-13.82877],[-49.50709,-13.82678],[-49.52311,-13.83594],[-49.54286,-13.82045],[-49.54678,-13.81248],[-49.54381,-13.80459],[-49.55697,-13.80197],[-49.56301,-13.78212],[-49.57256,-13.78566],[-49.581,-13.77986],[-49.58256,-13.78602],[-49.58898,-13.78239],[-49.59136,-13.77868],[-49.57442,-13.7669],[-49.55883,-13.77016],[-49.55959,-13.76482],[-49.55392,-13.762],[-49.55142,-13.76581],[-49.54058,-13.75158],[-49.54995,-13.73962],[-49.54836,-13.73445],[-49.54344,-13.73481],[-49.54356,-13.7233],[-49.53661,-13.71316],[-49.52528,-13.71986],[-49.52361,-13.71306],[-49.51789,-13.71206],[-49.52103,-13.70246],[-49.51491,-13.70798],[-49.51242,-13.69647],[-49.49649,-13.69048],[-49.4873,-13.68115],[-49.47191,-13.68488],[-49.45205,-13.6663],[-49.44147,-13.66994],[-49.43202,-13.66432],[-49.4156,-13.67367],[-49.41513,-13.6812],[-49.40161,-13.68547],[-49.38983,-13.70052],[-49.37296,-13.69418],[-49.36935,-13.70253],[-49.35913,-13.70434],[-49.35719,-13.71087],[-49.33644,-13.7107],[-49.31666,-13.69247],[-49.30785,-13.69646],[-49.36307,-13.56879],[-49.35168,-13.56344],[-49.32685,-13.57451],[-49.31498,-13.5727],[-49.30174,-13.56318],[-49.28198,-13.56844],[-49.26584,-13.56409],[-49.25509,-13.58585],[-49.24585,-13.58639],[-49.24037,-13.59219],[-49.23081,-13.58394],[-49.22265,-13.58729],[-49.21395,-13.58122],[-49.17976,-13.58809],[-49.15473,-13.57775],[-49.1485,-13.58482],[-49.13175,-13.57257],[-49.13359,-13.56786],[-49.12109,-13.55742],[-49.0892,-13.56302],[-49.08386,-13.55573]]]},"properties":{"CD_MUN":"5214101","NM_MUN":"Mutunópolis","SIGLA_UF":"GO"}},{"type":"Feature","geometry":{"type":"Polygon","coordinates":[[[-50.46786,-13.56428],[-50.45238,-13.56367],[-50.45736,-13.55882],[-50.44358,-13.5457],[-50.42466,-13.5532],[-50.41438,-13.54357],[-50.38247,-13.57743],[-50.37377,-13.56009],[-50.35252,-13.55278],[-50.30441,-13.5507],[-50.28138,-13.54427],[-50.2736,-13.53547],[-50.25846,-13.53938],[-50.25455,-13.54732],[-50.27485,-13.57958],[-50.26785,-13.58395],[-50.2593,-13.56897],[-50.24632,-13.57662],[-50.24104,-13.60669],[-50.23318,-13.61984],[-50.24163,-13.62666],[-50.2361,-13.6324],[-50.24402,-13.64365],[-50.23916,-13.65403],[-50.23591,-13.65499],[-50.23427,-13.64599],[-50.22797,-13.65163],[-50.21619,-13.65086],[-50.21463,-13.63478],[-50.20858,-13.65204],[-50.20183,-13.65759],[-50.19541,-13.65189],[-50.19644,-13.64337],[-50.19052,-13.64212],[-50.17677,-13.6513],[-50.15821,-13.65172],[-50.1491,-13.6606],[-50.14701,-13.65467],[-50.15316,-13.64685],[-50.14902,-13.64498],[-50.13744,-13.67933],[-50.11802,-13.68925],[-50.11335,-13.68476],[-50.11629,-13.66419],[-50.11035,-13.65831],[-50.10102,-13.66156],[-50.09724,-13.67349],[-50.08368,-13.68847],[-50.07904,-13.68932],[-50.07582,-13.67976],[-50.06804,-13.68575],[-50.05741,-13.70584],[-50.04613,-13.70154],[-50.04084,-13.68759],[-50.03193,-13.67986],[-50.01882,-13.6885],[-49.98199,-13.68649],[-49.97084,-13.69022],[-49.96271,-13.70272],[-49.95543,-13.72904],[-49.95999,-13.74354],[-49.9499,-13.75315],[-49.93571,-13.74746],[-49.92691,-13.75255],[-49.92015,-13.76742],[-49.93104,-13.78653],[-49.92707,-13.79696],[-49.94099,-13.7993],[-49.94166,-13.81407],[-49.95554,-13.81197],[-49.95715,-13.81731],[-49.93852,-13.82822],[-49.94105,-13.83474],[-49.95841,-13.84667],[-49.96047,-13.86752],[-49.9745,-13.88245],[-49.9506,-13.91439],[-49.94263,-13.91458],[-49.92399,-13.92856],[-49.91946,-13.93826],[-49.9258,-13.9504],[-49.92488,-13.96364],[-49.93752,-13.97875],[-49.94,-14.01034],[-49.95061,-14.02174],[-50.15808,-14.00466],[-50.28595,-13.99499],[-50.30148,-13.98609],[-50.32559,-13.98346],[-50.34251,-13.96796],[-50.36306,-13.93226],[-50.3672,-13.91143],[-50.3857,-13.8778],[-50.37234,-13.85279],[-50.42206,-13.8252],[-50.43512,-13.80302],[-50.43989,-13.77458],[-50.45961,-13.7562],[-50.48448,-13.74884],[-50.46695,-13.73849],[-50.46473,-13.73039],[-50.47017,-13.72373],[-50.46673,-13.71725],[-50.47145,-13.71785],[-50.47267,-13.70715],[-50.46739,-13.69957],[-50.45839,-13.69874],[-50.46328,-13.68446],[-50.47656,-13.67616],[-50.47397,-13.66633],[-50.45942,-13.65674],[-50.46578,-13.65028],[-50.46064,-13.63843],[-50.47058,-13.62774],[-50.46872,-13.62073],[-50.45936,-13.61972],[-50.45847,-13.60874],[-50.46425,-13.60435],[-50.4525,-13.6025],[-50.45889,-13.59522],[-50.46786,-13.56428]]]},"properties":{"CD_MUN":"5214051","NM_MUN":"Mundo Novo","SIGLA_UF":"GO"}},{"type":"Feature","geometry":{"type":"Polygon","coordinates":[[[-47.10893,-14.67671],[-47.10173,-14.6795],[-47.10001,-14.68955],[-47.10143,-14.70214],[-47.11185,-14.70672],[-47.11115,-14.71224],[-47.1034,-14.72081],[-47.09513,-14.71986],[-47.0991,-14.74053],[-47.09271,-14.75164],[-47.11393,-14.77085],[-47.11399,-14.779],[-47.10577,-14.78566],[-47.10535,-14.79408],[-47.09749,-14.80373],[-47.08141,-14.80003],[-47.08232,-14.80402],[-47.07232,-14.81013],[-47.06694,-14.82667],[-47.0723,-14.83422],[-47.06515,-14.84569],[-47.06779,-14.85511],[-47.05422,-14.90287],[-46.98385,-14.91059],[-46.92458,-15.05752],[-46.92555,-15.07357],[-46.89794,-15.09346],[-46.88771,-15.11509],[-46.93594,-15.20276],[-46.933,-15.2235],[-46.94039,-15.23071],[-46.92822,-15.25512],[-46.91236,-15.24689],[-46.90589,-15.23664],[-46.891,-15.23528],[-46.89042,-15.27969],[-46.87319,-15.28542],[-46.89995,-15.30096],[-46.91401,-15.30228],[-46.9157,-15.30793],[-46.92156,-15.30494],[-46.94278,-15.31394],[-46.95258,-15.29266],[-46.95983,-15.28316],[-46.96762,-15.28111],[-46.97076,-15.26946],[-46.98409,-15.26347],[-46.99273,-15.24773],[-46.99903,-15.24845],[-47.00016,-15.2237],[-47.01308,-15.21403],[-47.00976,-15.20894],[-47.01758,-15.20414],[-47.01802,-15.19663],[-47.01341,-15.19472],[-47.01649,-15.19323],[-47.01714,-15.17734],[-47.0122,-15.17833],[-47.00893,-15.17121],[-47.0211,-15.15828],[-47.01931,-15.15451],[-47.03067,-15.14791],[-47.02857,-15.13399],[-47.03337,-15.1333],[-47.03283,-15.12678],[-47.03598,-15.12851],[-47.04102,-15.11937],[-47.04419,-15.1223],[-47.04913,-15.11678],[-47.04037,-15.10614],[-47.04204,-15.09943],[-47.04851,-15.09716],[-47.04834,-15.08716],[-47.06014,-15.08473],[-47.05907,-15.08043],[-47.0649,-15.07978],[-47.07394,-15.0615],[-47.07804,-15.06282],[-47.12422,-15.1108],[-47.12669,-15.12219],[-47.13206,-15.12319],[-47.14971,-15.07733],[-47.15796,-15.07335],[-47.15581,-15.06853],[-47.17109,-15.04762],[-47.17253,-15.03254],[-47.18724,-15.01226],[-47.18523,-15.00232],[-47.1851,-14.99648],[-47.17229,-14.99013],[-47.1707,-14.979],[-47.18093,-14.971],[-47.19847,-14.96843],[-47.20701,-14.95746],[-47.21397,-14.95629],[-47.21094,-14.94305],[-47.21639,-14.93963],[-47.20947,-14.93096],[-47.21482,-14.92075],[-47.20915,-14.91481],[-47.20977,-14.9035],[-47.22129,-14.90571],[-47.22921,-14.9014],[-47.22953,-14.90448],[-47.23434,-14.89848],[-47.22795,-14.87841],[-47.21407,-14.8725],[-47.21457,-14.86402],[-47.21938,-14.86464],[-47.21495,-14.86001],[-47.21733,-14.85519],[-47.2039,-14.84687],[-47.21788,-14.83792],[-47.2098,-14.8261],[-47.22062,-14.81299],[-47.21398,-14.79105],[-47.20389,-14.78886],[-47.20564,-14.78498],[-47.19263,-14.77705],[-47.1947,-14.76486],[-47.18138,-14.75879],[-47.17776,-14.74528],[-47.17144,-14.74137],[-47.1697,-14.72801],[-47.16152,-14.72837],[-47.15527,-14.71508],[-47.14853,-14.71271],[-47.14782,-14.69679],[-47.131,-14.69021],[-47.13286,-14.68045],[-47.12524,-14.68515],[-47.1189,-14.67403],[-47.11011,-14.67195],[-47.1161,-14.67779],[-47.10921,-14.67686],[-47.10893,-14.67671]]]},"properties":{"CD_MUN":"5222203","NM_MUN":"Vila Boa","SIGLA_UF":"GO"}},{"type":"Feature","geometry":{"type":"Polygon","coordinates":[[[-50.84675,-14.62034],[-50.84536,-14.61016],[-50.83505,-14.60851],[-50.82039,-14.61152],[-50.81077,-14.62166],[-50.80558,-14.61961],[-50.78208,-14.62878],[-50.78233,-14.66279],[-50.77825,-14.67073],[-50.78341,-14.68149],[-50.77916,-14.68715],[-50.77186,-14.68372],[-50.76916,-14.68967],[-50.76119,-14.68523],[-50.74611,-14.70882],[-50.73217,-14.70657],[-50.72958,-14.71942],[-50.72505,-14.71511],[-50.71719,-14.71892],[-50.71461,-14.70973],[-50.70783,-14.70775],[-50.69994,-14.7131],[-50.68919,-14.69937],[-50.66452,-14.70506],[-50.65822,-14.69501],[-50.66091,-14.68761],[-50.64785,-14.68963],[-50.63969,-14.67148],[-50.6351,-14.67442],[-50.62983,-14.67037],[-50.62941,-14.67508],[-50.61713,-14.68119],[-50.60483,-14.67397],[-50.59366,-14.67882],[-50.58735,-14.67648],[-50.58885,-14.67042],[-50.57271,-14.6646],[-50.57574,-14.66037],[-50.56997,-14.65351],[-50.5801,-14.65508],[-50.57049,-14.64798],[-50.57418,-14.64331],[-50.56949,-14.63926],[-50.57082,-14.62994],[-50.56227,-14.6282],[-50.55852,-14.61654],[-50.55085,-14.61781],[-50.55149,-14.61183],[-50.54304,-14.62388],[-50.54441,-14.64159],[-50.53574,-14.64973],[-50.51904,-14.64925],[-50.50385,-14.66584],[-50.51021,-14.67689],[-50.49993,-14.68146],[-50.48593,-14.69142],[-50.48507,-14.69829],[-50.50246,-14.71317],[-50.50277,-14.71979],[-50.4938,-14.72389],[-50.48674,-14.71888],[-50.47604,-14.7306],[-50.4686,-14.73219],[-50.46035,-14.72273],[-50.44526,-14.72435],[-50.44815,-14.7407],[-50.43657,-14.74816],[-50.43865,-14.75778],[-50.43379,-14.76382],[-50.42346,-14.76268],[-50.41905,-14.76973],[-50.41249,-14.79226],[-50.41499,-14.79789],[-50.40677,-14.80147],[-50.39555,-14.79099],[-50.39207,-14.79604],[-50.38651,-14.7913],[-50.37961,-14.81247],[-50.36463,-14.80795],[-50.36282,-14.81265],[-50.35669,-14.81198],[-50.35299,-14.82311],[-50.35671,-14.8224],[-50.35688,-14.82902],[-50.33968,-14.83599],[-50.35033,-14.85155],[-50.34018,-14.84932],[-50.33266,-14.86114],[-50.33585,-14.87067],[-50.31924,-14.87629],[-50.31935,-14.88871],[-50.30318,-14.89695],[-50.30535,-14.9062],[-50.31282,-14.90688],[-50.31363,-14.91178],[-50.30572,-14.92614],[-50.31586,-14.9291],[-50.3211,-14.93782],[-50.3141,-14.94376],[-50.40289,-15.02549],[-50.45067,-15.04616],[-50.46334,-15.0443],[-50.47909,-15.05123],[-50.48767,-15.04518],[-50.50731,-15.05719],[-50.53101,-15.0457],[-50.54726,-15.04509],[-50.55795,-15.03245],[-50.56537,-15.03194],[-50.57645,-15.0215],[-50.58109,-15.00535],[-50.59036,-15.00158],[-50.59353,-14.99063],[-50.60964,-14.98547],[-50.62381,-14.98682],[-50.62742,-14.98115],[-50.63295,-14.98547],[-50.64587,-14.98345],[-50.67687,-14.95915],[-50.69626,-14.96037],[-50.72917,-14.95304],[-50.73798,-14.95804],[-50.77057,-14.95533],[-50.77215,-14.94728],[-50.78079,-14.94384],[-50.79162,-14.92637],[-50.79723,-14.92634],[-50.79945,-14.90187],[-50.80648,-14.86885],[-50.80195,-14.85574],[-50.81209,-14.84451],[-50.81634,-14.84683],[-50.81762,-14.83369],[-50.82848,-14.82166],[-50.8225,-14.80654],[-50.82481,-14.79142],[-50.82865,-14.78385],[-50.82531,-14.77247],[-50.83214,-14.76982],[-50.83034,-14.76636],[-50.83928,-14.7573],[-50.83847,-14.74568],[-50.83022,-14.74341],[-50.83042,-14.73344],[-50.84053,-14.72983],[-50.83836,-14.72427],[-50.84248,-14.72396],[-50.83486,-14.71997],[-50.83403,-14.71162],[-50.83906,-14.71222],[-50.84236,-14.69983],[-50.85297,-14.69469],[-50.85192,-14.68797],[-50.85917,-14.68877],[-50.85936,-14.68124],[-50.85392,-14.67656],[-50.86514,-14.66589],[-50.87283,-14.66688],[-50.87359,-14.671],[-50.87931,-14.66559],[-50.86903,-14.65831],[-50.86864,-14.64434],[-50.85714,-14.63161],[-50.84536,-14.63465],[-50.83986,-14.62625],[-50.84675,-14.62034]]]},"properties":{"CD_MUN":"5214002","NM_MUN":"Mozarlândia","SIGLA_UF":"GO"}},{"type":"Feature","geometry":{"type":"Polygon","coordinates":[[[-50.35503,-16.07887],[-50.34752,-16.08845],[-50.33696,-16.09164],[-50.29549,-16.08333],[-50.28007,-16.09319],[-50.25701,-16.09424],[-50.22621,-16.07658],[-50.21251,-16.07889],[-50.1854,-16.07252],[-50.1729,-16.06212],[-50.13842,-16.05445],[-50.10742,-16.03519],[-50.09711,-16.03364],[-50.08395,-16.04477],[-50.05856,-16.02825],[-50.04139,-16.03036],[-50.02898,-16.06671],[-50.03764,-16.09168],[-50.03084,-16.10131],[-50.03906,-16.12881],[-50.03201,-16.18247],[-50.00009,-16.2005],[-49.9717,-16.20141],[-49.96312,-16.21838],[-49.95015,-16.21791],[-49.94023,-16.22415],[-49.9662,-16.23792],[-49.9932,-16.23628],[-50.00118,-16.24074],[-50.02165,-16.23288],[-50.03165,-16.23579],[-50.0472,-16.22486],[-50.08799,-16.22158],[-50.10554,-16.24575],[-50.0949,-16.26803],[-50.09893,-16.28036],[-50.13482,-16.30961],[-50.13869,-16.32902],[-50.14102,-16.32139],[-50.16224,-16.32146],[-50.18438,-16.3002],[-50.20207,-16.29927],[-50.21877,-16.30611],[-50.22816,-16.29769],[-50.22657,-16.28412],[-50.20927,-16.27559],[-50.20232,-16.26385],[-50.21054,-16.25851],[-50.25863,-16.19031],[-50.2626,-16.16997],[-50.27227,-16.16955],[-50.28168,-16.15761],[-50.31182,-16.15903],[-50.33521,-16.14735],[-50.3601,-16.15933],[-50.3696,-16.14236],[-50.36657,-16.13446],[-50.37213,-16.13018],[-50.36834,-16.12471],[-50.37551,-16.11407],[-50.37472,-16.10647],[-50.37864,-16.10582],[-50.36763,-16.08146],[-50.35897,-16.08281],[-50.35503,-16.07887]]]},"properties":{"CD_MUN":"5213905","NM_MUN":"Mossâmedes","SIGLA_UF":"GO"}},{"type":"Feature","geometry":{"type":"Polygon","coordinates":[[[-49.45261,-17.1456],[-49.43711,-17.14444],[-49.42417,-17.15892],[-49.39958,-17.15907],[-49.38669,-17.15641],[-49.36761,-17.14231],[-49.32044,-17.13115],[-49.318,-17.13827],[-49.29908,-17.14113],[-49.28455,-17.15702],[-49.27641,-17.15967],[-49.27144,-17.18375],[-49.26369,-17.18517],[-49.26324,-17.19428],[-49.25664,-17.20003],[-49.26928,-17.21616],[-49.26383,-17.22103],[-49.26089,-17.2379],[-49.26705,-17.24286],[-49.26494,-17.24634],[-49.27678,-17.25331],[-49.28053,-17.27757],[-49.28678,-17.28024],[-49.283,-17.28571],[-49.29467,-17.29458],[-49.29345,-17.30577],[-49.30539,-17.31288],[-49.29375,-17.32072],[-49.29345,-17.33533],[-49.2887,-17.33799],[-49.29859,-17.34357],[-49.29356,-17.35327],[-49.29695,-17.35732],[-49.29128,-17.36142],[-49.29395,-17.36686],[-49.29789,-17.36389],[-49.30034,-17.37284],[-49.31195,-17.36947],[-49.31381,-17.36055],[-49.32365,-17.36235],[-49.33764,-17.35003],[-49.33823,-17.34215],[-49.34412,-17.34344],[-49.35167,-17.31859],[-49.42787,-17.30534],[-49.45662,-17.31424],[-49.48551,-17.29354],[-49.48926,-17.26127],[-49.47264,-17.25819],[-49.46614,-17.24295],[-49.44556,-17.24049],[-49.44012,-17.22972],[-49.4067,-17.20348],[-49.41219,-17.18322],[-49.43692,-17.16562],[-49.44583,-17.14562],[-49.45261,-17.1456]]]},"properties":{"CD_MUN":"5206503","NM_MUN":"Cromínia","SIGLA_UF":"GO"}},{"type":"Feature","geometry":{"type":"Polygon","coordinates":[[[-49.92359,-17.60564],[-49.90556,-17.61534],[-49.90298,-17.5974],[-49.89873,-17.59585],[-49.89651,-17.61106],[-49.88709,-17.61019],[-49.88373,-17.61777],[-49.88023,-17.60596],[-49.86156,-17.60793],[-49.86076,-17.59131],[-49.85331,-17.58828],[-49.8502,-17.57728],[-49.84326,-17.58295],[-49.83217,-17.57848],[-49.82514,-17.58517],[-49.79195,-17.60777],[-49.78159,-17.62843],[-49.77303,-17.62819],[-49.7607,-17.64296],[-49.74639,-17.6397],[-49.73414,-17.64708],[-49.7175,-17.67025],[-49.70525,-17.67413],[-49.69386,-17.68699],[-49.70439,-17.70395],[-49.72989,-17.72326],[-49.73584,-17.75454],[-49.72328,-17.77231],[-49.68623,-17.80046],[-49.68387,-17.80781],[-49.77862,-17.77696],[-49.78298,-17.78006],[-49.78476,-17.79743],[-49.77545,-17.81004],[-49.77218,-17.82631],[-49.78443,-17.84514],[-49.78282,-17.88603],[-49.78679,-17.89905],[-49.82796,-17.85459],[-49.86341,-17.85902],[-49.88813,-17.83421],[-49.88863,-17.81195],[-49.9169,-17.79584],[-49.94252,-17.79727],[-49.95476,-17.79265],[-49.97532,-17.77609],[-49.98541,-17.78264],[-50.01391,-17.78155],[-50.01902,-17.79599],[-50.05222,-17.7952],[-50.05997,-17.80005],[-50.08046,-17.79747],[-50.08669,-17.78527],[-50.08341,-17.77452],[-50.07077,-17.77762],[-50.0601,-17.76837],[-50.06896,-17.76394],[-50.0668,-17.75723],[-50.07271,-17.75969],[-50.07332,-17.74858],[-50.06615,-17.73192],[-50.07757,-17.72517],[-50.07829,-17.71501],[-50.06646,-17.71652],[-50.06121,-17.72667],[-50.05735,-17.719],[-50.02874,-17.71389],[-50.02335,-17.70298],[-50.03752,-17.68747],[-50.03321,-17.67666],[-50.01143,-17.68257],[-50.01035,-17.65621],[-49.9916,-17.66412],[-49.97554,-17.66361],[-49.9674,-17.6538],[-49.96801,-17.64385],[-49.95926,-17.63917],[-49.95473,-17.62762],[-49.94212,-17.6285],[-49.94443,-17.64279],[-49.93187,-17.64486],[-49.92245,-17.61576],[-49.93826,-17.61042],[-49.94271,-17.6021],[-49.92359,-17.60564]]]},"properties":{"CD_MUN":"5222054","NM_MUN":"Vicentinópolis","SIGLA_UF":"GO"}},{"type":"Feature","geometry":{"type":"Polygon","coordinates":[[[-50.08422,-15.24656],[-50.07025,-15.26479],[-50.06261,-15.26627],[-50.04747,-15.25657],[-50.03444,-15.25631],[-50.03269,-15.24776],[-50.02461,-15.24493],[-50.00503,-15.26325],[-49.98672,-15.27179],[-49.95922,-15.25668],[-49.9398,-15.25971],[-49.92449,-15.2471],[-49.91235,-15.24838],[-49.90257,-15.25645],[-49.91789,-15.2741],[-49.91427,-15.2996],[-49.89616,-15.32633],[-49.9015,-15.34958],[-49.89172,-15.35863],[-49.89086,-15.36571],[-49.89716,-15.37116],[-49.9025,-15.36686],[-49.90811,-15.3709],[-49.92233,-15.36428],[-49.933,-15.36693],[-49.93783,-15.35844],[-49.97717,-15.37191],[-49.98644,-15.36601],[-49.99472,-15.37205],[-50.006,-15.36955],[-50.013,-15.37309],[-50.01681,-15.35908],[-50.04444,-15.35832],[-50.05262,-15.36628],[-50.08784,-15.36576],[-50.09317,-15.37101],[-50.11353,-15.37096],[-50.12512,-15.3798],[-50.13073,-15.3963],[-50.13911,-15.40038],[-50.12334,-15.36646],[-50.12339,-15.35659],[-50.13109,-15.35115],[-50.13145,-15.33802],[-50.10189,-15.3154],[-50.10564,-15.28605],[-50.08486,-15.26063],[-50.08422,-15.24656]]]},"properties":{"CD_MUN":"5213855","NM_MUN":"Morro Agudo de Goiás","SIGLA_UF":"GO"}},{"type":"Feature","geometry":{"type":"Polygon","coordinates":[[[-48.87935,-12.81908],[-48.86802,-12.81585],[-48.8735,-12.80736],[-48.86946,-12.80466],[-48.86233,-12.80496],[-48.86205,-12.80966],[-48.85697,-12.80538],[-48.84624,-12.80977],[-48.84183,-12.84438],[-48.82041,-12.84428],[-48.81166,-12.8582],[-48.81402,-12.8641],[-48.80477,-12.86687],[-48.79083,-12.8842],[-48.78622,-12.88509],[-48.78549,-12.88055],[-48.77419,-12.88919],[-48.74835,-12.91762],[-48.73605,-12.921],[-48.73347,-12.9364],[-48.73869,-12.94612],[-48.73019,-12.96148],[-48.73314,-12.98062],[-48.71733,-13.00228],[-48.71188,-12.99973],[-48.7066,-13.00493],[-48.69461,-12.99574],[-48.69083,-13.00293],[-48.68611,-13.00244],[-48.68288,-12.99387],[-48.67113,-12.99571],[-48.66764,-13.00068],[-48.65652,-13.00542],[-48.65602,-13.01276],[-48.64733,-13.0108],[-48.63816,-13.01554],[-48.63672,-13.03456],[-48.62719,-13.05216],[-48.61933,-13.05238],[-48.61225,-13.05976],[-48.6018,-13.05915],[-48.60225,-13.07826],[-48.59613,-13.07813],[-48.59777,-13.08367],[-48.58841,-13.09955],[-48.59611,-13.10685],[-48.58513,-13.10605],[-48.57694,-13.12384],[-48.58172,-13.1419],[-48.59625,-13.1526],[-48.58594,-13.15905],[-48.58672,-13.16703],[-48.57742,-13.17412],[-48.58319,-13.18087],[-48.57742,-13.18744],[-48.57922,-13.20739],[-48.58472,-13.226],[-48.60006,-13.23861],[-48.58712,-13.25473],[-48.59117,-13.25639],[-48.58906,-13.2639],[-48.60003,-13.29514],[-48.58589,-13.3176],[-48.57768,-13.31474],[-48.57839,-13.32036],[-48.57095,-13.3242],[-48.57042,-13.34893],[-48.56443,-13.35848],[-48.56,-13.38952],[-48.58113,-13.39319],[-48.59169,-13.39659],[-48.5982,-13.39182],[-48.6087,-13.39334],[-48.61739,-13.39709],[-48.62196,-13.40597],[-48.64436,-13.40594],[-48.66089,-13.40004],[-48.66545,-13.39325],[-48.66985,-13.39491],[-48.67441,-13.38768],[-48.70852,-13.37429],[-48.71813,-13.36754],[-48.71421,-13.35779],[-48.72979,-13.35567],[-48.73454,-13.3474],[-48.74033,-13.34969],[-48.74832,-13.3447],[-48.76318,-13.35601],[-48.77799,-13.34512],[-48.80155,-13.34378],[-48.80352,-13.33457],[-48.81794,-13.33232],[-48.8244,-13.31961],[-48.76314,-13.29319],[-48.77063,-13.29063],[-48.79592,-13.2579],[-48.79363,-13.24252],[-48.82103,-13.23033],[-48.83606,-13.22119],[-48.83598,-13.21718],[-48.85407,-13.21949],[-48.87473,-13.19768],[-48.86737,-13.19139],[-48.87796,-13.1871],[-48.88523,-13.19149],[-48.88646,-13.18561],[-48.8964,-13.17978],[-48.89171,-13.17712],[-48.91034,-13.16491],[-48.90679,-13.15592],[-48.91681,-13.14845],[-48.90115,-13.14021],[-48.89323,-13.15076],[-48.88882,-13.15037],[-48.88889,-13.13588],[-48.87867,-13.12721],[-48.88292,-13.11509],[-48.89228,-13.10953],[-48.87631,-13.10373],[-48.87739,-13.09377],[-48.89862,-13.06942],[-48.86978,-13.0689],[-48.87156,-13.05096],[-48.87992,-13.04059],[-48.87459,-13.02253],[-48.85911,-13.01401],[-48.87064,-13.00221],[-48.86997,-12.98799],[-48.86389,-12.98361],[-48.85547,-12.99028],[-48.84864,-12.9859],[-48.84797,-12.97148],[-48.83694,-12.96182],[-48.83658,-12.95448],[-48.81869,-12.94759],[-48.84047,-12.93347],[-48.83075,-12.92327],[-48.83225,-12.91893],[-48.85813,-12.91551],[-48.86041,-12.90329],[-48.84444,-12.89786],[-48.85086,-12.88693],[-48.84102,-12.8809],[-48.86128,-12.87247],[-48.86874,-12.85982],[-48.86813,-12.84893],[-48.87836,-12.83557],[-48.87935,-12.81908]]]},"properties":{"CD_MUN":"5213772","NM_MUN":"Montividiu do Norte","SIGLA_UF":"GO"}},{"type":"Feature","geometry":{"type":"Polygon","coordinates":[[[-48.59663,-16.92422],[-48.59326,-16.89713],[-48.57287,-16.85706],[-48.56481,-16.81995],[-48.55454,-16.79693],[-48.54731,-16.79333],[-48.54026,-16.7721],[-48.53701,-16.7511],[-48.54453,-16.74763],[-48.53237,-16.7315],[-48.52628,-16.68528],[-48.50309,-16.64451],[-48.49781,-16.6481],[-48.46586,-16.64323],[-48.44906,-16.63111],[-48.442,-16.63398],[-48.43131,-16.62801],[-48.42652,-16.63196],[-48.40572,-16.62877],[-48.39444,-16.63243],[-48.38564,-16.62743],[-48.38005,-16.63607],[-48.37172,-16.63207],[-48.36914,-16.64301],[-48.34619,-16.64784],[-48.32727,-16.66404],[-48.3203,-16.66251],[-48.31827,-16.67152],[-48.30983,-16.67606],[-48.31097,-16.687],[-48.29686,-16.6973],[-48.29452,-16.70496],[-48.2673,-16.72031],[-48.26447,-16.73667],[-48.25944,-16.73877],[-48.26492,-16.75493],[-48.25539,-16.77843],[-48.26397,-16.79636],[-48.30189,-16.80928],[-48.30609,-16.83687],[-48.34095,-16.86403],[-48.36337,-16.89231],[-48.36629,-16.91059],[-48.39879,-16.91972],[-48.4094,-16.93348],[-48.41698,-16.93606],[-48.45468,-16.93324],[-48.4611,-16.94498],[-48.47096,-16.94884],[-48.47363,-16.97915],[-48.48885,-17.00359],[-48.49879,-17.01377],[-48.49838,-17.02323],[-48.52702,-17.05374],[-48.53672,-17.07679],[-48.55958,-17.09855],[-48.57222,-17.12938],[-48.58308,-17.11931],[-48.57958,-17.10822],[-48.58583,-17.09049],[-48.56746,-17.06501],[-48.5543,-17.05638],[-48.54591,-17.04153],[-48.54913,-17.03849],[-48.52757,-17.00786],[-48.53099,-16.99612],[-48.5381,-16.99328],[-48.54154,-16.97827],[-48.57557,-16.95945],[-48.58238,-16.94787],[-48.57924,-16.94391],[-48.59296,-16.93424],[-48.59663,-16.92422]]]},"properties":{"CD_MUN":"5222005","NM_MUN":"Vianópolis","SIGLA_UF":"GO"}},{"type":"Feature","geometry":{"type":"Polygon","coordinates":[[[-50.14334,-14.12553],[-50.12515,-14.13782],[-50.12573,-14.15676],[-50.11857,-14.17836],[-50.12671,-14.19478],[-50.12548,-14.19965],[-50.11977,-14.19901],[-50.1222,-14.2091],[-50.11794,-14.22197],[-50.0996,-14.2288],[-50.08135,-14.22855],[-50.08006,-14.23219],[-50.07341,-14.2284],[-50.07258,-14.24041],[-50.06037,-14.24197],[-50.05569,-14.25319],[-50.03318,-14.27362],[-50.03514,-14.30181],[-50.02084,-14.31181],[-50.01335,-14.30591],[-50.0115,-14.31468],[-50.00523,-14.31513],[-49.92763,-14.3885],[-49.92122,-14.38027],[-49.92752,-14.37394],[-49.91953,-14.37421],[-49.92308,-14.36411],[-49.91611,-14.35998],[-49.92111,-14.35351],[-49.91962,-14.34733],[-49.9107,-14.34904],[-49.90982,-14.34168],[-49.90559,-14.34379],[-49.90182,-14.33837],[-49.89144,-14.34293],[-49.87342,-14.3332],[-49.83927,-14.34421],[-49.83245,-14.33231],[-49.82208,-14.33613],[-49.81511,-14.31557],[-49.80211,-14.30417],[-49.79164,-14.30548],[-49.79161,-14.31291],[-49.80015,-14.32138],[-49.79853,-14.32915],[-49.79098,-14.32994],[-49.77892,-14.32268],[-49.77318,-14.32731],[-49.78348,-14.33998],[-49.78417,-14.34807],[-49.77448,-14.34982],[-49.77903,-14.36676],[-49.77498,-14.38148],[-49.7814,-14.38792],[-49.75409,-14.39584],[-49.76545,-14.40736],[-49.76531,-14.41488],[-49.741,-14.41105],[-49.72867,-14.42546],[-49.73848,-14.42797],[-49.73304,-14.44901],[-49.72082,-14.45109],[-49.7099,-14.44094],[-49.71145,-14.45448],[-49.70418,-14.45536],[-49.69356,-14.46599],[-49.69968,-14.47388],[-49.71501,-14.46433],[-49.72306,-14.47271],[-49.72537,-14.4848],[-49.74668,-14.4738],[-49.77007,-14.47698],[-49.77015,-14.48279],[-49.75304,-14.48288],[-49.75648,-14.49427],[-49.74823,-14.50056],[-49.75501,-14.50382],[-49.75176,-14.52503],[-49.75513,-14.53237],[-49.76051,-14.53246],[-49.76348,-14.51216],[-49.77065,-14.50681],[-49.78071,-14.52349],[-49.77801,-14.54007],[-49.79112,-14.53245],[-49.81988,-14.54903],[-49.82351,-14.56842],[-49.81674,-14.56707],[-49.81571,-14.57586],[-49.8066,-14.57822],[-49.81999,-14.5832],[-49.81907,-14.59163],[-49.82419,-14.59552],[-49.81721,-14.60142],[-49.82224,-14.60241],[-49.8203,-14.60803],[-49.81274,-14.60795],[-49.81629,-14.61221],[-49.81202,-14.62027],[-49.80157,-14.61411],[-49.78446,-14.61973],[-49.77635,-14.64049],[-49.76846,-14.64548],[-49.77674,-14.65463],[-49.76277,-14.65662],[-49.75588,-14.64738],[-49.75421,-14.65889],[-49.74416,-14.65781],[-49.74518,-14.67285],[-49.73355,-14.67412],[-49.73849,-14.68554],[-49.73169,-14.68717],[-49.73169,-14.69124],[-49.74621,-14.70665],[-49.75255,-14.70529],[-49.76391,-14.71979],[-49.7611,-14.73003],[-49.77294,-14.74145],[-49.77555,-14.75559],[-49.79875,-14.76936],[-49.8155,-14.7689],[-49.81691,-14.7795],[-49.82436,-14.78159],[-49.82491,-14.78956],[-49.8145,-14.79193],[-49.81842,-14.80089],[-49.82419,-14.79926],[-49.8295,-14.80497],[-49.82828,-14.81721],[-49.83556,-14.82391],[-49.83742,-14.83424],[-49.83378,-14.84095],[-49.83872,-14.84258],[-49.83678,-14.85119],[-49.84283,-14.85399],[-49.83808,-14.85898],[-49.84303,-14.86152],[-49.83792,-14.87629],[-49.84872,-14.88336],[-49.84295,-14.8926],[-49.84517,-14.89976],[-49.85023,-14.90085],[-49.84295,-14.90584],[-49.84967,-14.90964],[-49.84445,-14.9159],[-49.8492,-14.94163],[-49.84259,-14.94635],[-49.84575,-14.95287],[-49.83811,-14.96384],[-49.84978,-14.97489],[-49.85061,-14.9826],[-49.85892,-14.98214],[-49.86787,-14.98114],[-49.86917,-14.98467],[-49.8742,-14.98023],[-49.87954,-14.98793],[-49.88942,-14.98204],[-49.89687,-14.98466],[-49.90692,-14.97867],[-49.91057,-14.96534],[-49.92437,-14.97051],[-49.92148,-14.97631],[-49.9296,-14.984],[-49.96554,-14.99997],[-49.96893,-15.02019],[-49.98738,-15.01479],[-50.04794,-15.06305],[-50.06066,-15.10668],[-50.05449,-15.12441],[-50.06463,-15.13323],[-50.07933,-15.13637],[-50.10233,-15.11971],[-50.11277,-15.12086],[-50.11174,-15.11588],[-50.11503,-15.1179],[-50.12027,-15.11105],[-50.11252,-15.10547],[-50.1128,-15.09873],[-50.12416,-15.0922],[-50.12791,-15.07982],[-50.13491,-15.07688],[-50.14027,-15.08311],[-50.14436,-15.07921],[-50.15132,-15.08146],[-50.17285,-15.05866],[-50.19063,-15.05936],[-50.19888,-15.04914],[-50.1883,-15.04813],[-50.1843,-15.03729],[-50.20669,-15.03184],[-50.20241,-15.02002],[-50.23616,-15.01262],[-50.23541,-14.99151],[-50.24216,-14.98285],[-50.24394,-14.96628],[-50.25452,-14.95918],[-50.26813,-14.96008],[-50.28041,-14.94656],[-50.28685,-14.94805],[-50.30338,-14.93981],[-50.3141,-14.94376],[-50.3211,-14.93782],[-50.31586,-14.9291],[-50.30572,-14.92614],[-50.31363,-14.91178],[-50.31282,-14.90688],[-50.30535,-14.9062],[-50.30318,-14.89695],[-50.31935,-14.88871],[-50.31924,-14.87629],[-50.33585,-14.87067],[-50.33266,-14.86114],[-50.34018,-14.84932],[-50.35033,-14.85155],[-50.33968,-14.83599],[-50.35688,-14.82902],[-50.35671,-14.8224],[-50.35299,-14.82311],[-50.35669,-14.81198],[-50.36282,-14.81265],[-50.36463,-14.80795],[-50.37961,-14.81247],[-50.38651,-14.7913],[-50.39207,-14.79604],[-50.39555,-14.79099],[-50.40677,-14.80147],[-50.41499,-14.79789],[-50.41249,-14.79226],[-50.41905,-14.76973],[-50.42346,-14.76268],[-50.43379,-14.76382],[-50.43865,-14.75778],[-50.43657,-14.74816],[-50.44815,-14.7407],[-50.44526,-14.72435],[-50.42127,-14.73658],[-50.41415,-14.73038],[-50.36621,-14.72532],[-50.33901,-14.72853],[-50.33132,-14.72467],[-50.30004,-14.73981],[-50.28571,-14.73855],[-50.2764,-14.73437],[-50.23464,-14.64877],[-50.24112,-14.64632],[-50.23925,-14.61858],[-50.25295,-14.61332],[-50.27198,-14.59367],[-50.28267,-14.59147],[-50.29437,-14.5813],[-50.29484,-14.56689],[-50.2862,-14.56358],[-50.28792,-14.55661],[-50.2772,-14.54549],[-50.26881,-14.54581],[-50.26653,-14.5381],[-50.27167,-14.53496],[-50.27089,-14.52661],[-50.27703,-14.52719],[-50.28078,-14.52178],[-50.28261,-14.50856],[-50.29608,-14.50035],[-50.30675,-14.49209],[-50.30658,-14.48756],[-50.30083,-14.48627],[-50.29928,-14.47811],[-50.30403,-14.47432],[-50.29737,-14.46577],[-50.30309,-14.45619],[-50.29989,-14.44367],[-50.31153,-14.43854],[-50.31175,-14.42767],[-50.32286,-14.41764],[-50.32991,-14.39193],[-50.33281,-14.39457],[-50.33469,-14.38886],[-50.33783,-14.39024],[-50.33725,-14.37084],[-50.34658,-14.36652],[-50.34613,-14.35555],[-50.35225,-14.35226],[-50.14334,-14.12553]]]},"properties":{"CD_MUN":"5206404","NM_MUN":"Crixás","SIGLA_UF":"GO"}},{"type":"Feature","geometry":{"type":"Polygon","coordinates":[[[-49.30163,-17.50703],[-49.2982,-17.51179],[-49.25623,-17.51934],[-49.24568,-17.50909],[-49.23367,-17.50599],[-49.23117,-17.51026],[-49.22631,-17.50603],[-49.21709,-17.51925],[-49.21329,-17.51698],[-49.19582,-17.53284],[-49.17656,-17.53275],[-49.17442,-17.5397],[-49.15645,-17.54535],[-49.127,-17.53017],[-49.11579,-17.53428],[-49.10953,-17.54315],[-49.09803,-17.54531],[-49.08923,-17.5407],[-49.08172,-17.52418],[-49.07623,-17.52245],[-49.06039,-17.53825],[-49.04433,-17.54355],[-49.02458,-17.55822],[-49.005,-17.56067],[-48.9767,-17.57271],[-48.96189,-17.57099],[-48.92786,-17.5991],[-48.92456,-17.60835],[-48.91422,-17.61181],[-48.9172,-17.61572],[-48.91203,-17.62602],[-48.8927,-17.63427],[-48.88364,-17.66746],[-48.87259,-17.66754],[-48.86661,-17.67503],[-48.85895,-17.67291],[-48.84986,-17.68055],[-48.8487,-17.68933],[-48.84023,-17.69811],[-48.84525,-17.70534],[-48.83764,-17.70921],[-48.83834,-17.7215],[-48.83459,-17.73908],[-48.84617,-17.74516],[-48.83,-17.76902],[-48.83231,-17.77354],[-48.8207,-17.78643],[-48.82559,-17.79285],[-48.82231,-17.79824],[-48.82879,-17.79926],[-48.82387,-17.8089],[-48.81954,-17.80567],[-48.81917,-17.81338],[-48.81525,-17.81277],[-48.8202,-17.82158],[-48.83048,-17.82438],[-48.83417,-17.83733],[-48.84098,-17.84058],[-48.84909,-17.85486],[-48.83123,-17.85883],[-48.83529,-17.86289],[-48.83317,-17.87179],[-48.85084,-17.87803],[-48.84818,-17.88383],[-48.85324,-17.88884],[-48.84673,-17.88993],[-48.84215,-17.89733],[-48.84665,-17.90785],[-48.84393,-17.9146],[-48.84976,-17.9223],[-48.83374,-17.93535],[-48.84507,-17.94183],[-48.85171,-17.95885],[-48.85062,-17.96879],[-48.85702,-17.97716],[-48.85124,-17.98158],[-48.86449,-17.9918],[-48.85735,-17.99645],[-48.86332,-18.01467],[-48.86135,-18.03271],[-48.86691,-18.03383],[-48.86202,-18.04508],[-48.87777,-18.05405],[-48.87261,-18.06276],[-48.88305,-18.0753],[-48.87783,-18.0804],[-48.88702,-18.08815],[-48.89374,-18.09407],[-48.90182,-18.087],[-48.90358,-18.09262],[-48.91585,-18.09082],[-48.90991,-18.08111],[-48.92205,-18.07318],[-48.92235,-18.05874],[-48.92972,-18.06087],[-48.93202,-18.05566],[-48.94269,-18.05421],[-48.92983,-18.04598],[-48.93402,-18.04169],[-48.9306,-18.03272],[-48.93619,-18.0324],[-48.93024,-18.02117],[-48.9416,-18.01403],[-48.94941,-18.01942],[-48.95171,-17.99802],[-48.96057,-17.98595],[-48.97357,-17.99212],[-48.9831,-17.97946],[-48.99838,-17.98879],[-49.01035,-17.97734],[-49.0268,-17.97077],[-49.03682,-17.97473],[-49.04029,-17.96379],[-49.05788,-17.94884],[-49.07016,-17.95961],[-49.08527,-17.95562],[-49.114,-17.98384],[-49.13205,-17.98383],[-49.15291,-17.96962],[-49.17444,-17.98907],[-49.28889,-17.94629],[-49.34931,-17.95446],[-49.36181,-17.96091],[-49.38447,-17.93426],[-49.39119,-17.93398],[-49.39539,-17.91593],[-49.435,-17.91729],[-49.44597,-17.89679],[-49.45473,-17.89496],[-49.44787,-17.87582],[-49.4507,-17.87118],[-49.45992,-17.87298],[-49.45064,-17.85826],[-49.45381,-17.85091],[-49.43753,-17.82519],[-49.44075,-17.80155],[-49.45438,-17.78691],[-49.44603,-17.79137],[-49.42372,-17.78745],[-49.42658,-17.77751],[-49.4365,-17.78108],[-49.44164,-17.77735],[-49.4375,-17.77086],[-49.42405,-17.76864],[-49.42839,-17.76182],[-49.4235,-17.75479],[-49.42822,-17.74838],[-49.44442,-17.7504],[-49.4488,-17.75761],[-49.45902,-17.75091],[-49.45408,-17.74235],[-49.43236,-17.73852],[-49.43233,-17.73403],[-49.4455,-17.72767],[-49.44525,-17.7205],[-49.44055,-17.70993],[-49.4295,-17.71787],[-49.41974,-17.71278],[-49.42247,-17.69883],[-49.41391,-17.69103],[-49.41688,-17.67957],[-49.40858,-17.66764],[-49.41133,-17.65502],[-49.40485,-17.62862],[-49.38099,-17.61217],[-49.36465,-17.60901],[-49.36088,-17.60462],[-49.36729,-17.59725],[-49.35371,-17.59582],[-49.34638,-17.58341],[-49.33565,-17.5871],[-49.33046,-17.58329],[-49.32843,-17.5906],[-49.32262,-17.59101],[-49.31743,-17.5814],[-49.3184,-17.57082],[-49.30157,-17.56779],[-49.31121,-17.52967],[-49.29626,-17.5231],[-49.30163,-17.50703]]]},"properties":{"CD_MUN":"5213806","NM_MUN":"Morrinhos","SIGLA_UF":"GO"}},{"type":"Feature","geometry":{"type":"Polygon","coordinates":[[[-48.63789,-17.16547],[-48.61658,-17.15268],[-48.60216,-17.13131],[-48.60103,-17.11922],[-48.57222,-17.12938],[-48.57069,-17.1338],[-48.57511,-17.1318],[-48.58067,-17.15033],[-48.57717,-17.16135],[-48.59039,-17.1809],[-48.59075,-17.20227],[-48.59425,-17.19816],[-48.60128,-17.20074],[-48.60606,-17.22288],[-48.70286,-17.23822],[-48.75373,-17.27997],[-48.79379,-17.35385],[-48.79132,-17.34321],[-48.80384,-17.31577],[-48.78487,-17.28726],[-48.79687,-17.24546],[-48.80934,-17.22401],[-48.80012,-17.21212],[-48.80351,-17.18879],[-48.79992,-17.17776],[-48.79498,-17.18971],[-48.78781,-17.19417],[-48.78323,-17.18573],[-48.75979,-17.17078],[-48.74564,-17.16549],[-48.73522,-17.16824],[-48.72298,-17.15855],[-48.70306,-17.15844],[-48.69503,-17.16396],[-48.66928,-17.16777],[-48.66264,-17.17714],[-48.64542,-17.18434],[-48.63789,-17.16547]]]},"properties":{"CD_MUN":"5206305","NM_MUN":"Cristianópolis","SIGLA_UF":"GO"}},{"type":"Feature","geometry":{"type":"Polygon","coordinates":[[[-49.85892,-14.98214],[-49.85337,-15.00021],[-49.83668,-15.00387],[-49.85134,-15.02708],[-49.85129,-15.05474],[-49.8371,-15.06008],[-49.82387,-15.08232],[-49.82696,-15.08844],[-49.8327,-15.08252],[-49.8489,-15.0903],[-49.86377,-15.08405],[-49.86946,-15.09041],[-49.87315,-15.0847],[-49.87612,-15.09153],[-49.88182,-15.08634],[-49.88721,-15.09129],[-49.89545,-15.08302],[-49.89685,-15.08948],[-49.9019,-15.08404],[-49.91032,-15.08523],[-49.92254,-15.09438],[-49.95207,-15.08386],[-49.98354,-15.08569],[-49.98738,-15.08093],[-49.99965,-15.08097],[-50.00485,-15.0911],[-50.01629,-15.0946],[-50.01768,-15.09947],[-50.03041,-15.10604],[-50.04385,-15.10604],[-50.05449,-15.12441],[-50.06066,-15.10668],[-50.04794,-15.06305],[-49.98738,-15.01479],[-49.96893,-15.02019],[-49.96554,-14.99997],[-49.9296,-14.984],[-49.92148,-14.97631],[-49.92437,-14.97051],[-49.91057,-14.96534],[-49.90692,-14.97867],[-49.89687,-14.98466],[-49.88942,-14.98204],[-49.87954,-14.98793],[-49.8742,-14.98023],[-49.86917,-14.98467],[-49.86787,-14.98114],[-49.85892,-14.98214]]]},"properties":{"CD_MUN":"5214705","NM_MUN":"Nova América","SIGLA_UF":"GO"}},{"type":"Feature","geometry":{"type":"Polygon","coordinates":[[[-48.72268,-14.12752],[-48.71824,-14.13378],[-48.71966,-14.14701],[-48.70668,-14.16061],[-48.6979,-14.15114],[-48.69104,-14.15092],[-48.68529,-14.16456],[-48.67246,-14.17155],[-48.63521,-14.17558],[-48.62357,-14.18248],[-48.61663,-14.179],[-48.59849,-14.18577],[-48.59879,-14.16974],[-48.58415,-14.16431],[-48.57601,-14.14479],[-48.5634,-14.13122],[-48.5484,-14.12714],[-48.54031,-14.11432],[-48.52576,-14.12582],[-48.50176,-14.10882],[-48.49359,-14.08133],[-48.50331,-14.07243],[-48.48431,-14.06327],[-48.48289,-14.04524],[-48.47237,-14.03487],[-48.47281,-14.01938],[-48.44612,-14.01391],[-48.43348,-14.02292],[-48.42709,-14.01935],[-48.42553,-14.01183],[-48.39044,-14.00134],[-48.35897,-13.97551],[-48.33603,-13.97201],[-48.31797,-13.97718],[-48.32355,-13.95145],[-48.31708,-13.93849],[-48.30963,-13.94508],[-48.3028,-13.94299],[-48.3018,-13.93673],[-48.28869,-13.94423],[-48.28227,-13.93889],[-48.27555,-13.94912],[-48.2523,-13.95792],[-48.24741,-13.96844],[-48.25308,-13.97958],[-48.24738,-13.98203],[-48.2448,-13.99331],[-48.21783,-13.99762],[-48.21272,-14.00188],[-48.21821,-14.01784],[-48.20897,-14.02477],[-48.20466,-14.02031],[-48.19183,-14.02385],[-48.19494,-14.03021],[-48.17896,-14.04742],[-48.18411,-14.05958],[-48.17022,-14.06829],[-48.17427,-14.08968],[-48.16889,-14.10576],[-48.15894,-14.10843],[-48.1625,-14.11858],[-48.14769,-14.13009],[-48.13908,-14.12524],[-48.13658,-14.14098],[-48.11903,-14.15563],[-48.1273,-14.16972],[-48.09506,-14.19053],[-48.08613,-14.19047],[-48.06286,-14.21586],[-48.04913,-14.21369],[-48.05253,-14.22078],[-48.04364,-14.23449],[-48.02722,-14.23238],[-48.02008,-14.24203],[-48.0043,-14.24292],[-48.00097,-14.25539],[-48.00536,-14.26438],[-47.99919,-14.26813],[-47.99436,-14.25766],[-47.98452,-14.26065],[-47.9808,-14.25685],[-47.97755,-14.26355],[-47.96788,-14.26201],[-47.96621,-14.26936],[-47.9573,-14.27307],[-47.94941,-14.28548],[-47.93966,-14.28629],[-47.93483,-14.27769],[-47.92972,-14.28095],[-47.9223,-14.27615],[-47.91728,-14.28303],[-47.90864,-14.28186],[-47.91113,-14.29798],[-47.92583,-14.30151],[-47.9128,-14.31963],[-47.91355,-14.33222],[-47.90872,-14.33077],[-47.90649,-14.33901],[-47.90102,-14.33385],[-47.88744,-14.33584],[-47.87239,-14.35314],[-47.86311,-14.34888],[-47.86672,-14.34689],[-47.86561,-14.33829],[-47.83805,-14.33442],[-47.83672,-14.3313],[-47.8318,-14.33465],[-47.83541,-14.34208],[-47.82611,-14.35189],[-47.83419,-14.35186],[-47.83411,-14.36283],[-47.8395,-14.366],[-47.85214,-14.3651],[-47.85147,-14.37325],[-47.86383,-14.38068],[-47.85697,-14.39572],[-47.85891,-14.40387],[-47.84552,-14.41465],[-47.839,-14.43548],[-47.83492,-14.43684],[-47.83817,-14.4411],[-47.83258,-14.44644],[-47.83641,-14.44852],[-47.83186,-14.45333],[-47.83436,-14.46402],[-47.82644,-14.47887],[-47.82428,-14.50185],[-47.80594,-14.51445],[-47.80534,-14.52078],[-47.79381,-14.51985],[-47.79739,-14.52369],[-47.77411,-14.52881],[-47.76114,-14.54163],[-47.76395,-14.54981],[-47.76886,-14.55013],[-47.77164,-14.56936],[-47.76558,-14.57129],[-47.77148,-14.57741],[-47.77209,-14.58892],[-47.76348,-14.59445],[-47.7652,-14.60733],[-47.77789,-14.63145],[-47.77081,-14.64101],[-47.77595,-14.66557],[-47.78076,-14.6686],[-47.78026,-14.68227],[-47.79073,-14.69533],[-47.80323,-14.69182],[-47.81184,-14.69724],[-47.82401,-14.71719],[-47.82098,-14.72178],[-47.82537,-14.72952],[-47.82854,-14.72837],[-47.8349,-14.7441],[-47.85035,-14.75538],[-47.8561,-14.76566],[-47.8759,-14.77717],[-47.88893,-14.77837],[-47.90724,-14.79882],[-47.92218,-14.79433],[-47.95113,-14.80292],[-47.98977,-14.80262],[-48.00357,-14.81009],[-48.01255,-14.82305],[-48.02752,-14.82387],[-48.04044,-14.83814],[-48.03572,-14.85176],[-48.04261,-14.85854],[-48.059,-14.85846],[-48.07722,-14.89507],[-48.09039,-14.88527],[-48.08169,-14.8734],[-48.08103,-14.86081],[-48.10089,-14.84864],[-48.11439,-14.84971],[-48.12572,-14.84396],[-48.18531,-14.84891],[-48.23639,-14.8809],[-48.25622,-14.87307],[-48.29159,-14.89691],[-48.3247,-14.89918],[-48.33845,-14.91146],[-48.3542,-14.90855],[-48.35671,-14.91836],[-48.37131,-14.9272],[-48.37154,-14.9397],[-48.38071,-14.94442],[-48.41806,-14.93576],[-48.43032,-14.94866],[-48.47371,-14.96459],[-48.47932,-14.97198],[-48.4809,-14.98784],[-48.4999,-14.98465],[-48.50708,-15.00877],[-48.52163,-15.01775],[-48.54791,-15.00646],[-48.5558,-15.01481],[-48.56561,-15.0118],[-48.57191,-15.00846],[-48.57499,-14.9935],[-48.587,-14.99772],[-48.60555,-14.99028],[-48.61052,-15.0025],[-48.62113,-15.00256],[-48.61588,-14.99494],[-48.61788,-14.98689],[-48.62691,-14.98656],[-48.62661,-14.99752],[-48.63441,-14.99719],[-48.63252,-14.98378],[-48.64905,-14.97768],[-48.63957,-14.96669],[-48.64833,-14.96735],[-48.64957,-14.95875],[-48.66774,-14.98256],[-48.67519,-14.98422],[-48.67549,-14.9767],[-48.69599,-14.98139],[-48.69602,-14.97279],[-48.68199,-14.96332],[-48.68316,-14.95191],[-48.69527,-14.95376],[-48.70432,-14.94637],[-48.71958,-14.95132],[-48.72458,-14.9411],[-48.74869,-14.93928],[-48.74883,-14.93475],[-48.74238,-14.93373],[-48.74986,-14.9276],[-48.73916,-14.92213],[-48.74541,-14.92006],[-48.75152,-14.90623],[-48.74358,-14.88563],[-48.73624,-14.88271],[-48.75025,-14.87261],[-48.74944,-14.86264],[-48.75699,-14.86167],[-48.76133,-14.84746],[-48.74505,-14.84315],[-48.75021,-14.83456],[-48.74015,-14.82674],[-48.73993,-14.8117],[-48.72635,-14.81093],[-48.72646,-14.80395],[-48.71299,-14.80191],[-48.71382,-14.79811],[-48.72229,-14.79805],[-48.72102,-14.79134],[-48.72768,-14.77931],[-48.71843,-14.76415],[-48.71182,-14.76332],[-48.72163,-14.75411],[-48.71338,-14.7423],[-48.7189,-14.73544],[-48.71232,-14.72654],[-48.73118,-14.7093],[-48.72429,-14.68536],[-48.72693,-14.67269],[-48.7326,-14.67796],[-48.73782,-14.67653],[-48.73954,-14.66629],[-48.75473,-14.65847],[-48.76023,-14.64879],[-48.75485,-14.64823],[-48.75915,-14.64516],[-48.7732,-14.64349],[-48.78006,-14.65212],[-48.77445,-14.6598],[-48.78223,-14.66653],[-48.79715,-14.66041],[-48.80663,-14.66543],[-48.81557,-14.664],[-48.8238,-14.68378],[-48.83765,-14.68273],[-48.84238,-14.68954],[-48.8611,-14.68796],[-48.87549,-14.69452],[-48.88407,-14.68884],[-48.88093,-14.68004],[-48.90591,-14.67096],[-48.92421,-14.67979],[-48.93727,-14.67684],[-48.94982,-14.68104],[-48.95775,-14.67472],[-48.94996,-14.6612],[-48.96541,-14.66513],[-48.97027,-14.65372],[-48.96638,-14.64547],[-48.98705,-14.64398],[-48.9896,-14.62224],[-48.97444,-14.62302],[-48.98493,-14.59414],[-48.9961,-14.58465],[-48.99916,-14.59408],[-48.99124,-14.59569],[-48.99991,-14.59834],[-49.00955,-14.59632],[-49.00646,-14.58174],[-49.01096,-14.57577],[-49.01763,-14.58082],[-49.0153,-14.58566],[-49.02532,-14.58635],[-49.03868,-14.57713],[-49.0364,-14.56294],[-49.00626,-14.55852],[-49.00593,-14.54174],[-49.00927,-14.53484],[-49.01563,-14.53725],[-49.03977,-14.5281],[-49.05291,-14.49913],[-49.02265,-14.49584],[-49.02741,-14.48187],[-49.02552,-14.46989],[-48.99379,-14.45615],[-48.97701,-14.41442],[-48.99284,-14.38814],[-48.98056,-14.36834],[-48.98561,-14.34128],[-49.0082,-14.32971],[-49.01609,-14.32185],[-49.01584,-14.31433],[-49.00759,-14.30535],[-48.9897,-14.30634],[-48.9657,-14.29337],[-48.94622,-14.25089],[-48.92989,-14.25398],[-48.89747,-14.23408],[-48.89186,-14.22753],[-48.89269,-14.20788],[-48.88125,-14.21199],[-48.87547,-14.19946],[-48.88008,-14.19043],[-48.86913,-14.18449],[-48.84886,-14.15858],[-48.84163,-14.16034],[-48.83719,-14.17173],[-48.82555,-14.17756],[-48.80252,-14.16268],[-48.79774,-14.14074],[-48.7781,-14.14969],[-48.76699,-14.14827],[-48.76574,-14.12064],[-48.72268,-14.12752]]]},"properties":{"CD_MUN":"5214606","NM_MUN":"Niquelândia","SIGLA_UF":"GO"}},{"type":"Feature","geometry":{"type":"Polygon","coordinates":[[[-47.68298,-16.05061],[-47.30705,-16.05055],[-47.3031,-16.0602],[-47.31533,-16.06735],[-47.30674,-16.07385],[-47.3066,-16.0792],[-47.31438,-16.08027],[-47.30835,-16.08207],[-47.3088,-16.08742],[-47.32035,-16.09037],[-47.32191,-16.08419],[-47.32672,-16.09043],[-47.33052,-16.08662],[-47.33536,-16.09377],[-47.32966,-16.0948],[-47.3303,-16.10754],[-47.34094,-16.12593],[-47.33733,-16.12851],[-47.3523,-16.13285],[-47.34675,-16.1359],[-47.3472,-16.14936],[-47.34053,-16.14812],[-47.34789,-16.15372],[-47.33958,-16.15819],[-47.34458,-16.16409],[-47.33153,-16.17176],[-47.33097,-16.1796],[-47.3375,-16.18508],[-47.32953,-16.18497],[-47.33189,-16.19178],[-47.32741,-16.1953],[-47.33322,-16.20167],[-47.32211,-16.2078],[-47.32867,-16.21662],[-47.32008,-16.23053],[-47.32545,-16.24977],[-47.33167,-16.24884],[-47.33234,-16.25877],[-47.34553,-16.26896],[-47.34528,-16.28707],[-47.35378,-16.29484],[-47.35109,-16.30658],[-47.36429,-16.33207],[-47.37954,-16.34412],[-47.38731,-16.36209],[-47.4014,-16.37679],[-47.41748,-16.38127],[-47.42012,-16.39179],[-47.42573,-16.3948],[-47.42182,-16.41346],[-47.43143,-16.44016],[-47.42793,-16.44369],[-47.44504,-16.45094],[-47.44751,-16.46472],[-47.45341,-16.46561],[-47.45257,-16.49071],[-47.4596,-16.50186],[-47.44171,-16.52923],[-47.44329,-16.54161],[-47.43013,-16.54121],[-47.43363,-16.54488],[-47.42866,-16.55241],[-47.42597,-16.54836],[-47.42016,-16.55181],[-47.4131,-16.54814],[-47.40466,-16.55652],[-47.41196,-16.55851],[-47.40871,-16.56687],[-47.41246,-16.57591],[-47.3936,-16.57416],[-47.39601,-16.58002],[-47.38649,-16.58888],[-47.38738,-16.57933],[-47.37696,-16.57953],[-47.37627,-16.60089],[-47.3666,-16.60115],[-47.35646,-16.58875],[-47.34191,-16.59246],[-47.3444,-16.59547],[-47.33655,-16.598],[-47.33807,-16.60385],[-47.33249,-16.60721],[-47.33754,-16.61169],[-47.33494,-16.61693],[-47.31813,-16.60358],[-47.31499,-16.60759],[-47.32085,-16.61869],[-47.31588,-16.61662],[-47.30404,-16.6241],[-47.30668,-16.63214],[-47.2964,-16.62566],[-47.29368,-16.63679],[-47.2861,-16.63408],[-47.28301,-16.64043],[-47.2866,-16.64444],[-47.27791,-16.64823],[-47.27682,-16.66007],[-47.26349,-16.66232],[-47.25785,-16.65557],[-47.25343,-16.66369],[-47.2594,-16.66781],[-47.25038,-16.66602],[-47.24805,-16.67399],[-47.25854,-16.679],[-47.25374,-16.68701],[-47.24721,-16.68209],[-47.24532,-16.68564],[-47.24904,-16.70809],[-47.24113,-16.70454],[-47.22724,-16.71351],[-47.22307,-16.72265],[-47.22268,-16.73144],[-47.23069,-16.7344],[-47.22649,-16.74284],[-47.2341,-16.74471],[-47.23558,-16.75542],[-47.23169,-16.76511],[-47.22302,-16.76185],[-47.23049,-16.77543],[-47.21682,-16.78009],[-47.21527,-16.80215],[-47.2206,-16.80576],[-47.20705,-16.8199],[-47.21249,-16.82802],[-47.1931,-16.82526],[-47.20555,-16.83989],[-47.19883,-16.8596],[-47.20894,-16.86552],[-47.2073,-16.87609],[-47.2005,-16.8754],[-47.20122,-16.88225],[-47.19277,-16.88314],[-47.20258,-16.89042],[-47.19302,-16.89751],[-47.19738,-16.91005],[-47.18053,-16.90236],[-47.17247,-16.91852],[-47.16552,-16.91505],[-47.15966,-16.92063],[-47.1738,-16.93197],[-47.16794,-16.94121],[-47.164,-16.93815],[-47.15652,-16.94145],[-47.16567,-16.95371],[-47.15247,-16.95442],[-47.15794,-16.96473],[-47.14397,-16.96465],[-47.14288,-16.97191],[-47.12572,-16.97953],[-47.1295,-16.99034],[-47.1485,-16.99793],[-47.13978,-16.99721],[-47.14436,-17.00975],[-47.13553,-17.00559],[-47.13072,-17.0082],[-47.14028,-17.01737],[-47.13803,-17.02002],[-47.14858,-17.02417],[-47.14644,-17.03128],[-47.15142,-17.03279],[-47.15464,-17.02634],[-47.15678,-17.03384],[-47.16116,-17.02938],[-47.16227,-17.04158],[-47.16806,-17.03918],[-47.16656,-17.04754],[-47.18406,-17.03599],[-47.18133,-17.05285],[-47.17575,-17.05665],[-47.18169,-17.06398],[-47.18706,-17.05768],[-47.18989,-17.06173],[-47.19581,-17.0601],[-47.19586,-17.06666],[-47.19064,-17.06966],[-47.19672,-17.07205],[-47.20748,-17.06688],[-47.20728,-17.08038],[-47.22339,-17.07573],[-47.22339,-17.08258],[-47.22848,-17.07906],[-47.23378,-17.08238],[-47.22192,-17.08556],[-47.23037,-17.08987],[-47.2392,-17.08368],[-47.24317,-17.08733],[-47.24734,-17.0818],[-47.24779,-17.09859],[-47.25367,-17.09894],[-47.25612,-17.09317],[-47.25895,-17.10079],[-47.26406,-17.09756],[-47.26553,-17.11364],[-47.2732,-17.1036],[-47.28156,-17.11492],[-47.27476,-17.11786],[-47.27554,-17.12312],[-47.28179,-17.12279],[-47.27595,-17.12743],[-47.28303,-17.1306],[-47.28148,-17.14326],[-47.29543,-17.13866],[-47.30387,-17.14703],[-47.30256,-17.15449],[-47.30698,-17.15904],[-47.31065,-17.14635],[-47.32329,-17.15566],[-47.32729,-17.14836],[-47.33351,-17.16532],[-47.35159,-17.16652],[-47.34809,-17.17625],[-47.35282,-17.18026],[-47.33979,-17.18742],[-47.36218,-17.1857],[-47.34932,-17.20145],[-47.35104,-17.20603],[-47.36046,-17.20464],[-47.36226,-17.22275],[-47.3756,-17.21718],[-47.37393,-17.2221],[-47.37821,-17.22],[-47.38493,-17.22708],[-47.37863,-17.23631],[-47.38688,-17.23916],[-47.38154,-17.24339],[-47.38385,-17.24783],[-47.38719,-17.24984],[-47.39702,-17.24264],[-47.40744,-17.24598],[-47.41068,-17.25116],[-47.40697,-17.25675],[-47.42252,-17.2606],[-47.41655,-17.26472],[-47.41746,-17.2705],[-47.43407,-17.27625],[-47.43238,-17.28352],[-47.42088,-17.28816],[-47.41952,-17.30163],[-47.429,-17.30806],[-47.42132,-17.316],[-47.42271,-17.32352],[-47.43499,-17.31703],[-47.4545,-17.32977],[-47.44041,-17.34773],[-47.45966,-17.34418],[-47.45616,-17.35085],[-47.46364,-17.35587],[-47.47281,-17.34473],[-47.48758,-17.34954],[-47.49825,-17.33585],[-47.50958,-17.33202],[-47.51083,-17.3256],[-47.50255,-17.31837],[-47.50047,-17.30176],[-47.50405,-17.30053],[-47.50027,-17.29531],[-47.50636,-17.29385],[-47.5093,-17.28486],[-47.51811,-17.28835],[-47.52466,-17.27988],[-47.53038,-17.24262],[-47.53877,-17.23181],[-47.57116,-17.21075],[-47.57502,-17.20348],[-47.57233,-17.1999],[-47.58788,-17.18845],[-47.59791,-17.16699],[-47.64111,-17.14518],[-47.64319,-17.1283],[-47.65905,-17.10857],[-47.65674,-17.09255],[-47.69382,-17.079],[-47.69697,-17.06631],[-47.71285,-17.05435],[-47.70924,-17.04493],[-47.71938,-17.03333],[-47.69924,-17.00105],[-47.69646,-16.96131],[-47.68426,-16.94608],[-47.69113,-16.90161],[-47.69482,-16.91227],[-47.73207,-16.9295],[-47.74401,-16.92973],[-47.77121,-16.91921],[-47.78921,-16.92812],[-47.79141,-16.9227],[-47.80544,-16.9233],[-47.80757,-16.91715],[-47.83318,-16.92523],[-47.86313,-16.92616],[-47.87252,-16.92285],[-47.88247,-16.92628],[-47.89355,-16.91825],[-47.89483,-16.91087],[-47.88752,-16.90608],[-47.89627,-16.89815],[-47.88924,-16.89499],[-47.88632,-16.88465],[-47.8956,-16.88265],[-47.8888,-16.87655],[-47.89407,-16.8626],[-47.88907,-16.85688],[-47.8896,-16.84701],[-47.88257,-16.84607],[-47.89446,-16.841],[-47.89932,-16.82911],[-47.88991,-16.82081],[-47.90391,-16.81402],[-47.89685,-16.80729],[-47.89943,-16.80295],[-47.88868,-16.80477],[-47.88057,-16.80043],[-47.88774,-16.79095],[-47.88618,-16.78506],[-47.87863,-16.78344],[-47.88365,-16.77814],[-47.88254,-16.76976],[-47.87998,-16.76734],[-47.8879,-16.75257],[-47.88401,-16.74504],[-47.89168,-16.74425],[-47.8864,-16.72604],[-47.87418,-16.71791],[-47.88112,-16.71465],[-47.88023,-16.70364],[-47.86734,-16.68806],[-47.86737,-16.68033],[-47.86037,-16.68026],[-47.86331,-16.67402],[-47.84318,-16.65754],[-47.83943,-16.64498],[-47.83195,-16.64597],[-47.82031,-16.63481],[-47.82209,-16.61652],[-47.81028,-16.61052],[-47.81192,-16.60461],[-47.80467,-16.59955],[-47.80881,-16.58542],[-47.80106,-16.56382],[-47.80886,-16.55833],[-47.80345,-16.55618],[-47.80592,-16.54731],[-47.79756,-16.54612],[-47.80211,-16.53884],[-47.79503,-16.52953],[-47.80102,-16.52815],[-47.79447,-16.52332],[-47.77884,-16.53239],[-47.77528,-16.54094],[-47.77781,-16.56457],[-47.76878,-16.56992],[-47.76261,-16.56024],[-47.73644,-16.55176],[-47.72044,-16.53555],[-47.71952,-16.5004],[-47.71541,-16.46452],[-47.70205,-16.4542],[-47.68866,-16.42731],[-47.66921,-16.41483],[-47.6626,-16.39456],[-47.64879,-16.38142],[-47.65388,-16.32706],[-47.64954,-16.29925],[-47.64049,-16.28451],[-47.64459,-16.2712],[-47.66057,-16.2555],[-47.66571,-16.24217],[-47.65612,-16.21703],[-47.65805,-16.16728],[-47.7316,-16.16609],[-47.72573,-16.15113],[-47.72896,-16.1265],[-47.72498,-16.10556],[-47.72054,-16.10292],[-47.72412,-16.09445],[-47.69265,-16.08506],[-47.68626,-16.07204],[-47.67665,-16.06945],[-47.68445,-16.0588],[-47.68895,-16.0598],[-47.68298,-16.05061]]]},"properties":{"CD_MUN":"5206206","NM_MUN":"Cristalina","SIGLA_UF":"GO"}},{"type":"Feature","geometry":{"type":"Polygon","coordinates":[[[-51.6162,-16.18399],[-51.58828,-16.1892],[-51.57801,-16.18116],[-51.57884,-16.17065],[-51.56956,-16.16787],[-51.55333,-16.16895],[-51.54814,-16.17418],[-51.54748,-16.1613],[-51.53597,-16.1548],[-51.54122,-16.13997],[-51.52494,-16.15038],[-51.51125,-16.14975],[-51.50003,-16.14301],[-51.49714,-16.12746],[-51.48444,-16.12514],[-51.48461,-16.11416],[-51.4748,-16.11054],[-51.46966,-16.11412],[-51.47044,-16.12474],[-51.4618,-16.12319],[-51.45275,-16.13806],[-51.43855,-16.14456],[-51.44483,-16.15248],[-51.4415,-16.15687],[-51.423,-16.16521],[-51.42836,-16.1746],[-51.43811,-16.17486],[-51.44341,-16.18026],[-51.43619,-16.20573],[-51.43225,-16.20659],[-51.43022,-16.20053],[-51.4252,-16.20656],[-51.41872,-16.20617],[-51.41842,-16.20237],[-51.41564,-16.20639],[-51.40341,-16.20659],[-51.38772,-16.19631],[-51.39114,-16.19119],[-51.38783,-16.18832],[-51.38147,-16.19156],[-51.37817,-16.18787],[-51.37492,-16.1928],[-51.36861,-16.18959],[-51.36744,-16.2043],[-51.36178,-16.20309],[-51.36083,-16.21071],[-51.35419,-16.20334],[-51.35094,-16.207],[-51.34055,-16.20201],[-51.33664,-16.20504],[-51.33669,-16.20096],[-51.31999,-16.19494],[-51.312,-16.20237],[-51.31377,-16.21015],[-51.30655,-16.21158],[-51.29633,-16.1849],[-51.27963,-16.16591],[-51.26886,-16.16755],[-51.26241,-16.1824],[-51.25633,-16.18417],[-51.23774,-16.15467],[-51.23449,-16.13773],[-51.22616,-16.13063],[-51.23227,-16.12069],[-51.22604,-16.10741],[-51.22682,-16.09206],[-51.22007,-16.08178],[-51.20224,-16.07014],[-51.19963,-16.08396],[-51.19218,-16.08955],[-51.19566,-16.09905],[-51.19224,-16.10661],[-51.17015,-16.12521],[-51.17465,-16.1328],[-51.17085,-16.13873],[-51.17702,-16.14703],[-51.1621,-16.15713],[-51.16113,-16.1644],[-51.17035,-16.1763],[-51.17057,-16.18972],[-51.14713,-16.20363],[-51.13427,-16.22496],[-51.12938,-16.25758],[-51.11922,-16.26555],[-51.12358,-16.26915],[-51.1191,-16.28352],[-51.12249,-16.29611],[-51.11619,-16.30588],[-51.11207,-16.30683],[-51.36739,-16.2846],[-51.38736,-16.28051],[-51.40064,-16.26541],[-51.41234,-16.27846],[-51.40862,-16.30154],[-51.42023,-16.31449],[-51.42939,-16.31105],[-51.43301,-16.31646],[-51.43892,-16.31604],[-51.44345,-16.32534],[-51.46356,-16.3265],[-51.46876,-16.30205],[-51.47912,-16.30475],[-51.51415,-16.29117],[-51.53273,-16.27633],[-51.54287,-16.2763],[-51.5367,-16.25804],[-51.55114,-16.24427],[-51.55415,-16.23024],[-51.57987,-16.2264],[-51.59704,-16.22904],[-51.60134,-16.21429],[-51.6117,-16.20855],[-51.6162,-16.18399]]]},"properties":{"CD_MUN":"5207105","NM_MUN":"Diorama","SIGLA_UF":"GO"}},{"type":"Feature","geometry":{"type":"Polygon","coordinates":[[[-49.23021,-16.32102],[-49.21196,-16.3408],[-49.19421,-16.3472],[-49.1834,-16.34711],[-49.17593,-16.36569],[-49.13384,-16.40674],[-49.13118,-16.41571],[-49.1136,-16.42748],[-49.10874,-16.4317],[-49.11749,-16.44309],[-49.11285,-16.47314],[-49.1218,-16.48396],[-49.12285,-16.50837],[-49.12732,-16.51298],[-49.14485,-16.52437],[-49.1513,-16.5198],[-49.15385,-16.5315],[-49.17633,-16.53844],[-49.19547,-16.518],[-49.19613,-16.50437],[-49.19269,-16.48844],[-49.17327,-16.47693],[-49.17618,-16.4652],[-49.2146,-16.45367],[-49.28024,-16.39912],[-49.2708,-16.39657],[-49.25755,-16.40265],[-49.25693,-16.36943],[-49.25188,-16.35574],[-49.26146,-16.33655],[-49.24363,-16.32768],[-49.2359,-16.3294],[-49.23021,-16.32102]]]},"properties":{"CD_MUN":"5214507","NM_MUN":"Nerópolis","SIGLA_UF":"GO"}},{"type":"Feature","geometry":{"type":"Polygon","coordinates":[[[-49.99994,-16.52883],[-49.98686,-16.52884],[-49.97425,-16.53899],[-49.94885,-16.54144],[-49.94693,-16.54572],[-49.91357,-16.52529],[-49.90491,-16.53232],[-49.89779,-16.52944],[-49.89332,-16.52049],[-49.84188,-16.51421],[-49.83302,-16.51763],[-49.79732,-16.51747],[-49.77271,-16.5551],[-49.74849,-16.5749],[-49.73057,-16.5797],[-49.72813,-16.60075],[-49.73218,-16.60779],[-49.73813,-16.60811],[-49.73024,-16.61184],[-49.72946,-16.62534],[-49.73332,-16.62872],[-49.72788,-16.63195],[-49.73016,-16.63804],[-49.7451,-16.65272],[-49.7579,-16.65153],[-49.77646,-16.63847],[-49.88622,-16.64015],[-49.91033,-16.61444],[-49.92052,-16.6202],[-49.92458,-16.62951],[-49.92763,-16.62797],[-49.93652,-16.6108],[-49.94391,-16.61097],[-49.94596,-16.60092],[-49.97244,-16.5902],[-50.00055,-16.61136],[-50.00522,-16.62012],[-49.99994,-16.52883]]]},"properties":{"CD_MUN":"5214408","NM_MUN":"Nazário","SIGLA_UF":"GO"}},{"type":"Feature","geometry":{"type":"Polygon","coordinates":[[[-47.71118,-18.13149],[-47.70762,-18.1225],[-47.69726,-18.12645],[-47.68495,-18.11831],[-47.6944,-18.10698],[-47.68962,-18.10024],[-47.67534,-18.09858],[-47.67606,-18.08825],[-47.66428,-18.07583],[-47.6737,-18.06792],[-47.66706,-18.05964],[-47.67639,-18.05141],[-47.67478,-18.04645],[-47.66881,-18.04261],[-47.61661,-18.04289],[-47.61586,-18.03378],[-47.60492,-18.02895],[-47.60717,-18.02052],[-47.59017,-17.99419],[-47.5758,-17.99114],[-47.56797,-17.98402],[-47.58208,-17.95204],[-47.58102,-17.93297],[-47.58855,-17.92446],[-47.58488,-17.92324],[-47.51347,-17.98598],[-47.51566,-18.00744],[-47.5198,-18.01124],[-47.49761,-18.02794],[-47.48936,-18.05585],[-47.48211,-18.05298],[-47.44733,-18.10194],[-47.4408,-18.1008],[-47.42608,-18.12538],[-47.4157,-18.12924],[-47.40764,-18.14156],[-47.41205,-18.14774],[-47.418,-18.14074],[-47.42844,-18.13932],[-47.43503,-18.15201],[-47.427,-18.16134],[-47.42969,-18.16585],[-47.43553,-18.16763],[-47.44419,-18.15897],[-47.45089,-18.15921],[-47.46362,-18.17739],[-47.47965,-18.17726],[-47.48539,-18.18239],[-47.48459,-18.19356],[-47.48956,-18.19247],[-47.49684,-18.19914],[-47.503,-18.19221],[-47.51525,-18.19642],[-47.51767,-18.21064],[-47.53031,-18.21788],[-47.52715,-18.22628],[-47.5334,-18.23074],[-47.53884,-18.22779],[-47.53979,-18.21737],[-47.5359,-18.19491],[-47.54345,-18.19527],[-47.5574,-18.20807],[-47.56723,-18.2039],[-47.57059,-18.22034],[-47.57614,-18.22604],[-47.58828,-18.22708],[-47.58145,-18.23514],[-47.59045,-18.23584],[-47.60709,-18.24697],[-47.63643,-18.23946],[-47.62754,-18.22645],[-47.64104,-18.22197],[-47.62968,-18.22029],[-47.62678,-18.21554],[-47.63104,-18.20901],[-47.65223,-18.21709],[-47.65195,-18.20975],[-47.63831,-18.19876],[-47.63973,-18.1729],[-47.65107,-18.18589],[-47.66468,-18.15869],[-47.67648,-18.16237],[-47.68268,-18.17181],[-47.68803,-18.17116],[-47.68982,-18.16681],[-47.67754,-18.15406],[-47.68829,-18.14816],[-47.69095,-18.1332],[-47.71118,-18.13149]]]},"properties":{"CD_MUN":"5206909","NM_MUN":"Davinópolis","SIGLA_UF":"GO"}},{"type":"Feature","geometry":{"type":"Polygon","coordinates":[[[-49.9087,-12.974],[-49.36903,-13.27459],[-49.38261,-13.27634],[-49.40856,-13.26778],[-49.43503,-13.25452],[-49.44181,-13.24637],[-49.46698,-13.24869],[-49.47826,-13.25469],[-49.48604,-13.25035],[-49.49992,-13.25982],[-49.53076,-13.28054],[-49.55259,-13.27862],[-49.5699,-13.2898],[-49.57879,-13.28742],[-49.5784,-13.29222],[-49.59018,-13.30136],[-49.58765,-13.31584],[-49.6059,-13.32222],[-49.60512,-13.32738],[-49.62454,-13.35424],[-49.6311,-13.35602],[-49.63643,-13.34926],[-49.6478,-13.35215],[-49.6558,-13.36896],[-49.67152,-13.37098],[-49.6701,-13.37423],[-49.68052,-13.37901],[-49.69835,-13.40921],[-49.70707,-13.40565],[-49.71797,-13.42095],[-49.73055,-13.4232],[-49.73227,-13.42829],[-49.73858,-13.42471],[-49.75252,-13.42978],[-49.76513,-13.42815],[-49.76791,-13.44004],[-49.77314,-13.43436],[-49.77939,-13.43875],[-49.77847,-13.45034],[-49.78272,-13.45436],[-49.81033,-13.46387],[-49.82253,-13.45299],[-49.84247,-13.47504],[-49.84881,-13.49601],[-49.87431,-13.50564],[-49.87583,-13.49645],[-49.88519,-13.49325],[-49.9135,-13.50777],[-49.93825,-13.49194],[-49.95131,-13.49039],[-49.9574,-13.49641],[-49.96853,-13.49384],[-49.97887,-13.49789],[-49.97861,-13.48879],[-49.97323,-13.48922],[-49.9485,-13.46189],[-49.92069,-13.45899],[-49.89969,-13.4484],[-49.8812,-13.40953],[-49.87252,-13.40593],[-49.86111,-13.38922],[-49.85558,-13.36711],[-49.85702,-13.34854],[-49.84952,-13.32807],[-49.82674,-13.29993],[-49.81782,-13.28007],[-49.82546,-13.26583],[-49.81691,-13.23837],[-49.82229,-13.19199],[-49.81899,-13.18225],[-49.84329,-13.16395],[-49.84212,-13.15459],[-49.9087,-12.974]]]},"properties":{"CD_MUN":"5215256","NM_MUN":"Novo Planalto","SIGLA_UF":"GO"}},{"type":"Feature","geometry":{"type":"Polygon","coordinates":[[[-49.39435,-16.18968],[-49.38548,-16.18828],[-49.37926,-16.19658],[-49.34757,-16.20917],[-49.34776,-16.20427],[-49.34284,-16.20362],[-49.33702,-16.21449],[-49.31977,-16.21588],[-49.31279,-16.23072],[-49.30282,-16.23451],[-49.28901,-16.23167],[-49.27557,-16.26647],[-49.30757,-16.31119],[-49.31915,-16.31065],[-49.31732,-16.28217],[-49.34496,-16.27036],[-49.33643,-16.29259],[-49.34605,-16.29307],[-49.35524,-16.30606],[-49.37807,-16.30621],[-49.37891,-16.28304],[-49.37404,-16.27822],[-49.3693,-16.23621],[-49.37229,-16.22012],[-49.36865,-16.21374],[-49.38543,-16.19161],[-49.39435,-16.18968]]]},"properties":{"CD_MUN":"5206800","NM_MUN":"Damolândia","SIGLA_UF":"GO"}},{"type":"Feature","geometry":{"type":"Polygon","coordinates":[[[-50.79636,-15.99989],[-50.795,-15.99597],[-50.78291,-15.99476],[-50.77991,-15.96815],[-50.78244,-15.95638],[-50.7938,-15.94351],[-50.77316,-15.93947],[-50.77302,-15.92458],[-50.74613,-15.92273],[-50.74188,-15.89989],[-50.72313,-15.87709],[-50.7143,-15.88388],[-50.71077,-15.8999],[-50.68377,-15.90987],[-50.6838,-15.93667],[-50.67943,-15.94302],[-50.68308,-15.95211],[-50.61785,-15.96516],[-50.6033,-16.00066],[-50.59191,-16.00582],[-50.58105,-16.04107],[-50.57508,-16.04242],[-50.55535,-16.0286],[-50.50588,-16.0083],[-50.50477,-16.01854],[-50.51379,-16.03317],[-50.48927,-16.04069],[-50.47496,-16.06818],[-50.4776,-16.11994],[-50.4901,-16.14795],[-50.51814,-16.17529],[-50.53961,-16.17979],[-50.55708,-16.20157],[-50.59458,-16.23395],[-50.59547,-16.1997],[-50.61606,-16.17832],[-50.61316,-16.1613],[-50.60886,-16.16089],[-50.60513,-16.14881],[-50.61463,-16.14471],[-50.63053,-16.15719],[-50.62844,-16.14316],[-50.64203,-16.13103],[-50.65097,-16.10894],[-50.6683,-16.10715],[-50.6785,-16.11235],[-50.81017,-16.08842],[-50.81864,-16.07896],[-50.82203,-16.0693],[-50.8093,-16.04386],[-50.8038,-16.04232],[-50.79533,-16.00578],[-50.79106,-16.00501],[-50.79636,-15.99989]]]},"properties":{"CD_MUN":"5215207","NM_MUN":"Novo Brasil","SIGLA_UF":"GO"}},{"type":"Feature","geometry":{"type":"Polygon","coordinates":[[[-46.33406,-14.45318],[-46.31051,-14.44361],[-46.29023,-14.4427],[-46.27475,-14.43371],[-46.25561,-14.43861],[-46.25081,-14.44506],[-46.22598,-14.44028],[-46.221,-14.45081],[-46.19923,-14.4548],[-46.18539,-14.47244],[-46.18489,-14.48349],[-46.14877,-14.50097],[-46.14136,-14.51701],[-46.13181,-14.52687],[-46.12303,-14.52824],[-46.118,-14.55019],[-46.10764,-14.56243],[-46.11934,-14.58658],[-46.10256,-14.61358],[-46.09506,-14.62077],[-46.07758,-14.60917],[-46.05058,-14.61601],[-46.01834,-14.64306],[-46.02045,-14.66335],[-46.02537,-14.67803],[-46.16151,-14.66499],[-46.17181,-14.64645],[-46.18287,-14.63885],[-46.18293,-14.62535],[-46.1962,-14.61572],[-46.20923,-14.60828],[-46.21723,-14.61157],[-46.25228,-14.60345],[-46.26195,-14.58081],[-46.27926,-14.56931],[-46.28226,-14.55276],[-46.29239,-14.53796],[-46.31575,-14.52475],[-46.3169,-14.49549],[-46.33284,-14.46714],[-46.33406,-14.45318]]]},"properties":{"CD_MUN":"5206701","NM_MUN":"Damianópolis","SIGLA_UF":"GO"}},{"type":"Feature","geometry":{"type":"Polygon","coordinates":[[[-48.31945,-18.24938],[-48.30012,-18.23981],[-48.29556,-18.24372],[-48.28539,-18.24136],[-48.29034,-18.23853],[-48.29186,-18.22809],[-48.2752,-18.23368],[-48.2807,-18.23121],[-48.27992,-18.22661],[-48.27465,-18.22593],[-48.2752,-18.21935],[-48.26828,-18.2214],[-48.24431,-18.20738],[-48.23778,-18.20884],[-48.23956,-18.20147],[-48.2237,-18.19661],[-48.18956,-18.21947],[-48.16114,-18.22888],[-48.13942,-18.22539],[-48.05625,-18.25763],[-48.04632,-18.26771],[-48.04355,-18.28054],[-48.03067,-18.27971],[-48.01937,-18.28601],[-48.02176,-18.30189],[-48.00517,-18.29724],[-47.96625,-18.29757],[-47.96166,-18.31775],[-47.93902,-18.32902],[-47.94222,-18.34009],[-47.93694,-18.35364],[-47.94644,-18.36566],[-47.93847,-18.37388],[-47.94044,-18.38107],[-47.94745,-18.38481],[-47.95553,-18.37822],[-47.96398,-18.37901],[-47.96717,-18.38647],[-47.97697,-18.38368],[-47.98514,-18.40593],[-47.99881,-18.40417],[-48.02288,-18.42206],[-48.02769,-18.43494],[-48.03991,-18.43313],[-48.04954,-18.41325],[-48.06042,-18.41031],[-48.06617,-18.42469],[-48.10776,-18.42525],[-48.14368,-18.40693],[-48.1587,-18.38457],[-48.15859,-18.37052],[-48.16915,-18.37307],[-48.19031,-18.36178],[-48.22132,-18.35907],[-48.22556,-18.35182],[-48.2234,-18.34395],[-48.21039,-18.33488],[-48.20362,-18.33949],[-48.20367,-18.32877],[-48.18659,-18.32957],[-48.16987,-18.32171],[-48.17562,-18.30772],[-48.18567,-18.30297],[-48.19514,-18.27703],[-48.21756,-18.28171],[-48.22401,-18.2779],[-48.22525,-18.26818],[-48.24103,-18.28233],[-48.26087,-18.2894],[-48.2675,-18.3001],[-48.26634,-18.31956],[-48.27054,-18.32603],[-48.28992,-18.35082],[-48.31443,-18.3637],[-48.31543,-18.37308],[-48.30437,-18.38315],[-48.32401,-18.38183],[-48.34137,-18.36979],[-48.32993,-18.35386],[-48.34463,-18.35483],[-48.34043,-18.34217],[-48.35557,-18.33864],[-48.35429,-18.3196],[-48.34004,-18.31972],[-48.3381,-18.32475],[-48.3339,-18.31984],[-48.33885,-18.31674],[-48.33865,-18.30898],[-48.32843,-18.3068],[-48.32665,-18.31093],[-48.32234,-18.29917],[-48.33207,-18.29143],[-48.33207,-18.28386],[-48.32184,-18.2869],[-48.31532,-18.28053],[-48.30442,-18.28311],[-48.29845,-18.27782],[-48.30281,-18.2685],[-48.30928,-18.27163],[-48.31218,-18.26553],[-48.30615,-18.25754],[-48.31931,-18.25308],[-48.31945,-18.24938]]]},"properties":{"CD_MUN":"5206602","NM_MUN":"Cumari","SIGLA_UF":"GO"}},{"type":"Feature","geometry":{"type":"Polygon","coordinates":[[[-49.33643,-16.29259],[-49.34496,-16.27036],[-49.31732,-16.28217],[-49.31915,-16.31065],[-49.30757,-16.31119],[-49.29449,-16.32212],[-49.23021,-16.32102],[-49.2359,-16.3294],[-49.24363,-16.32768],[-49.26146,-16.33655],[-49.25188,-16.35574],[-49.25693,-16.36943],[-49.25755,-16.40265],[-49.2708,-16.39657],[-49.28024,-16.39912],[-49.29033,-16.4107],[-49.29638,-16.44335],[-49.30349,-16.42811],[-49.33402,-16.40711],[-49.33885,-16.3879],[-49.36277,-16.38442],[-49.36724,-16.37867],[-49.36485,-16.33394],[-49.34577,-16.32198],[-49.33643,-16.29259]]]},"properties":{"CD_MUN":"5215009","NM_MUN":"Nova Veneza","SIGLA_UF":"GO"}},{"type":"Feature","geometry":{"type":"Polygon","coordinates":[[[-51.25723,-15.96921],[-51.25749,-15.9626],[-51.24098,-15.94814],[-51.22937,-15.9476],[-51.22118,-15.94123],[-51.21143,-15.94536],[-51.20476,-15.96335],[-51.19732,-15.96526],[-51.17818,-15.95383],[-51.16032,-15.96012],[-51.15112,-15.95191],[-51.14365,-15.96181],[-51.13723,-15.95983],[-51.13173,-15.96633],[-51.11431,-15.9611],[-51.10376,-15.97082],[-51.09139,-15.96935],[-51.08667,-15.97821],[-51.08073,-15.97952],[-51.06781,-15.96787],[-51.03331,-15.98853],[-51.02948,-15.99878],[-51.01903,-16.00096],[-51.00592,-16.01512],[-51.00717,-16.01883],[-51.00025,-16.01884],[-50.98528,-16.02986],[-50.96998,-16.01628],[-50.93995,-16.0209],[-50.92406,-16.04877],[-50.91287,-16.05373],[-50.8852,-16.04391],[-50.88006,-16.03356],[-50.88245,-16.02307],[-50.87172,-16.01094],[-50.85211,-16.01441],[-50.83942,-16.01037],[-50.81392,-16.02362],[-50.79636,-15.99989],[-50.79106,-16.00501],[-50.79533,-16.00578],[-50.8038,-16.04232],[-50.8093,-16.04386],[-50.82203,-16.0693],[-50.81864,-16.07896],[-50.81017,-16.08842],[-50.6785,-16.11235],[-50.6683,-16.10715],[-50.65097,-16.10894],[-50.64203,-16.13103],[-50.62844,-16.14316],[-50.63053,-16.15719],[-50.61463,-16.14471],[-50.60513,-16.14881],[-50.60886,-16.16089],[-50.61316,-16.1613],[-50.61606,-16.17832],[-50.59547,-16.1997],[-50.59458,-16.23395],[-50.6092,-16.27452],[-50.6002,-16.2862],[-50.5957,-16.3038],[-50.6047,-16.31974],[-50.61042,-16.32204],[-50.61881,-16.31636],[-50.64895,-16.3204],[-50.66509,-16.33224],[-50.67626,-16.33311],[-50.68151,-16.34802],[-50.67584,-16.35723],[-50.68229,-16.37007],[-50.6831,-16.39066],[-50.6782,-16.39133],[-50.67615,-16.40657],[-50.68082,-16.41408],[-50.70201,-16.41461],[-50.72462,-16.39684],[-50.74271,-16.39696],[-50.75338,-16.40232],[-50.75118,-16.35777],[-50.7549,-16.34403],[-50.78185,-16.34635],[-50.79074,-16.33733],[-50.79215,-16.32178],[-50.81187,-16.31674],[-50.81676,-16.30522],[-50.81229,-16.28148],[-50.81673,-16.28235],[-50.83499,-16.25827],[-50.83234,-16.24961],[-50.83868,-16.23558],[-50.83554,-16.22848],[-50.84426,-16.22998],[-50.84698,-16.22476],[-50.84815,-16.22796],[-50.85406,-16.22453],[-50.86679,-16.20447],[-50.90815,-16.20199],[-50.90982,-16.18497],[-50.92937,-16.17396],[-50.96337,-16.1732],[-50.9834,-16.16279],[-50.99309,-16.1325],[-51.00304,-16.1321],[-51.00651,-16.12019],[-51.02895,-16.1211],[-51.03699,-16.11505],[-51.04873,-16.11886],[-51.06143,-16.10851],[-51.06979,-16.11034],[-51.08556,-16.10087],[-51.0929,-16.10327],[-51.12165,-16.06383],[-51.14185,-16.06621],[-51.16593,-16.05031],[-51.17268,-16.03074],[-51.18465,-16.02756],[-51.19334,-16.03274],[-51.21124,-16.03087],[-51.21713,-16.02682],[-51.21052,-16.02162],[-51.20632,-16.00359],[-51.21973,-15.99501],[-51.23532,-15.99437],[-51.23846,-15.96323],[-51.25723,-15.96921]]]},"properties":{"CD_MUN":"5207600","NM_MUN":"Fazenda Nova","SIGLA_UF":"GO"}},{"type":"Feature","geometry":{"type":"Polygon","coordinates":[[[-49.12684,-13.68118],[-49.12565,-13.69596],[-49.13954,-13.72081],[-49.11521,-13.77156],[-49.08323,-13.74787],[-49.07804,-13.73717],[-49.05623,-13.74531],[-49.05046,-13.76497],[-49.02868,-13.76486],[-49.01468,-13.7556],[-49.01031,-13.75949],[-49.00912,-13.75478],[-48.99982,-13.75792],[-48.98937,-13.74222],[-48.97767,-13.74812],[-48.97643,-13.76681],[-48.9804,-13.77377],[-48.99698,-13.78256],[-48.99571,-13.78663],[-49.00287,-13.78777],[-48.99148,-13.79973],[-48.99115,-13.80944],[-49.01485,-13.841],[-49.01327,-13.84535],[-49.02468,-13.8498],[-49.02343,-13.89],[-49.10133,-13.94208],[-49.11424,-13.93184],[-49.10952,-13.92159],[-49.11046,-13.88651],[-49.13685,-13.8674],[-49.13991,-13.8606],[-49.14046,-13.85226],[-49.14946,-13.84792],[-49.15893,-13.83406],[-49.1573,-13.81882],[-49.16221,-13.81039],[-49.15766,-13.80105],[-49.16149,-13.79317],[-49.1586,-13.78201],[-49.18199,-13.76825],[-49.17605,-13.75954],[-49.18079,-13.72473],[-49.17385,-13.72364],[-49.17618,-13.71557],[-49.16996,-13.71112],[-49.16151,-13.71257],[-49.16154,-13.69851],[-49.12684,-13.68118]]]},"properties":{"CD_MUN":"5207501","NM_MUN":"Estrela do Norte","SIGLA_UF":"GO"}},{"type":"Feature","geometry":{"type":"Polygon","coordinates":[[[-50.73121,-15.25496],[-50.71389,-15.2693],[-50.70255,-15.26577],[-50.6963,-15.27101],[-50.69138,-15.26252],[-50.67946,-15.2619],[-50.67782,-15.25023],[-50.67243,-15.24919],[-50.67102,-15.25345],[-50.6583,-15.24804],[-50.65132,-15.25067],[-50.64957,-15.24524],[-50.61488,-15.26536],[-50.60116,-15.26063],[-50.59407,-15.27919],[-50.58541,-15.27302],[-50.5791,-15.28323],[-50.5566,-15.27671],[-50.55166,-15.29435],[-50.54624,-15.29355],[-50.53671,-15.30794],[-50.51957,-15.30451],[-50.49996,-15.33022],[-50.48285,-15.34664],[-50.47232,-15.34814],[-50.46535,-15.34107],[-50.44702,-15.35132],[-50.44824,-15.36668],[-50.44468,-15.37016],[-50.40346,-15.34667],[-50.38271,-15.32619],[-50.37307,-15.32771],[-50.36421,-15.31521],[-50.35618,-15.31445],[-50.35218,-15.29381],[-50.33523,-15.29654],[-50.32056,-15.28357],[-50.32173,-15.27568],[-50.30787,-15.27622],[-50.30487,-15.26527],[-50.29411,-15.26253],[-50.28875,-15.24803],[-50.282,-15.24416],[-50.26323,-15.24696],[-50.25959,-15.23599],[-50.16819,-15.25035],[-50.14319,-15.24052],[-50.13577,-15.24112],[-50.13297,-15.24664],[-50.12128,-15.24474],[-50.11022,-15.24186],[-50.10822,-15.23599],[-50.08422,-15.24656],[-50.08486,-15.26063],[-50.10564,-15.28605],[-50.10189,-15.3154],[-50.13145,-15.33802],[-50.13109,-15.35115],[-50.12339,-15.35659],[-50.12334,-15.36646],[-50.13911,-15.40038],[-50.15409,-15.4077],[-50.16457,-15.43128],[-50.16829,-15.45282],[-50.15784,-15.45868],[-50.15854,-15.47842],[-50.15296,-15.4881],[-50.16537,-15.52353],[-50.15565,-15.52685],[-50.15918,-15.54457],[-50.15209,-15.55006],[-50.15629,-15.56039],[-50.13629,-15.57089],[-50.13127,-15.58362],[-50.13488,-15.59759],[-50.12485,-15.61715],[-50.1236,-15.64738],[-50.16162,-15.62525],[-50.1986,-15.6298],[-50.20438,-15.63861],[-50.21472,-15.64066],[-50.22404,-15.63414],[-50.23699,-15.6421],[-50.26038,-15.62971],[-50.26482,-15.63574],[-50.27369,-15.63481],[-50.27716,-15.64681],[-50.28347,-15.64232],[-50.29399,-15.64536],[-50.3066,-15.6574],[-50.31305,-15.64151],[-50.3218,-15.64302],[-50.3238,-15.63944],[-50.32944,-15.64589],[-50.33808,-15.63457],[-50.34363,-15.63888],[-50.34755,-15.63488],[-50.34474,-15.63251],[-50.35085,-15.63226],[-50.34616,-15.62634],[-50.35074,-15.62023],[-50.36274,-15.62136],[-50.35899,-15.63356],[-50.36461,-15.63127],[-50.37339,-15.64535],[-50.37133,-15.65234],[-50.38091,-15.65069],[-50.38294,-15.64505],[-50.38561,-15.64962],[-50.39447,-15.64684],[-50.40122,-15.63331],[-50.40502,-15.6385],[-50.42103,-15.63438],[-50.42544,-15.64251],[-50.44155,-15.63159],[-50.45925,-15.6406],[-50.46784,-15.63906],[-50.46969,-15.63123],[-50.48228,-15.63763],[-50.49145,-15.61913],[-50.48933,-15.61549],[-50.49711,-15.60903],[-50.49414,-15.59894],[-50.49603,-15.59223],[-50.50158,-15.59085],[-50.49955,-15.58463],[-50.50889,-15.5869],[-50.51447,-15.56925],[-50.52886,-15.56868],[-50.52661,-15.55714],[-50.51758,-15.54487],[-50.5178,-15.52937],[-50.53397,-15.45701],[-50.52413,-15.45024],[-50.52705,-15.44063],[-50.51627,-15.43],[-50.52788,-15.41989],[-50.55055,-15.46162],[-50.55858,-15.46831],[-50.58694,-15.47375],[-50.61011,-15.46482],[-50.61925,-15.45062],[-50.65841,-15.42499],[-50.67536,-15.38892],[-50.68811,-15.37992],[-50.70613,-15.3206],[-50.71244,-15.31556],[-50.72049,-15.31711],[-50.72989,-15.30421],[-50.71991,-15.28238],[-50.73121,-15.25496]]]},"properties":{"CD_MUN":"5207535","NM_MUN":"Faina","SIGLA_UF":"GO"}},{"type":"Feature","geometry":{"type":"Polygon","coordinates":[[[-49.2782,-14.22005],[-49.26193,-14.21185],[-49.24944,-14.18959],[-49.23785,-14.18074],[-49.23546,-14.17083],[-49.24062,-14.14937],[-49.23389,-14.14902],[-49.21952,-14.13648],[-49.22693,-14.12548],[-49.21682,-14.10259],[-49.20198,-14.0961],[-49.19554,-14.10773],[-49.18509,-14.10957],[-49.17656,-14.13047],[-49.18312,-14.1405],[-49.17534,-14.15463],[-49.18642,-14.15811],[-49.18843,-14.16845],[-49.18651,-14.1736],[-49.17954,-14.17423],[-49.18754,-14.18076],[-49.18014,-14.18456],[-49.18162,-14.19291],[-49.17501,-14.2017],[-49.15587,-14.20491],[-49.15326,-14.21176],[-49.16075,-14.22779],[-49.15937,-14.2428],[-49.17362,-14.26669],[-49.16434,-14.2884],[-49.17367,-14.30662],[-49.17204,-14.31973],[-49.18937,-14.34339],[-49.18788,-14.37289],[-49.19959,-14.37963],[-49.20885,-14.38201],[-49.21585,-14.39386],[-49.22863,-14.38922],[-49.26163,-14.39568],[-49.26935,-14.40908],[-49.2808,-14.41411],[-49.2861,-14.40602],[-49.30238,-14.40395],[-49.3008,-14.41171],[-49.30574,-14.41911],[-49.29896,-14.4337],[-49.33335,-14.45583],[-49.32349,-14.47183],[-49.34553,-14.47842],[-49.34983,-14.49151],[-49.34805,-14.5116],[-49.36755,-14.52281],[-49.36954,-14.51477],[-49.3552,-14.50532],[-49.35633,-14.50031],[-49.40178,-14.44447],[-49.40891,-14.42971],[-49.40694,-14.41646],[-49.3968,-14.40231],[-49.40713,-14.40089],[-49.40814,-14.39348],[-49.42011,-14.38736],[-49.41269,-14.38664],[-49.40961,-14.37865],[-49.39963,-14.37382],[-49.40638,-14.36892],[-49.41458,-14.34393],[-49.41186,-14.33847],[-49.42049,-14.32987],[-49.4141,-14.3278],[-49.41474,-14.30491],[-49.42597,-14.29951],[-49.41797,-14.29245],[-49.4293,-14.28451],[-49.42216,-14.27466],[-49.42363,-14.26887],[-49.40465,-14.26292],[-49.40043,-14.25714],[-49.38277,-14.25712],[-49.38023,-14.24907],[-49.37423,-14.25451],[-49.36545,-14.25085],[-49.36157,-14.26394],[-49.34575,-14.26314],[-49.33886,-14.25809],[-49.32896,-14.26055],[-49.31757,-14.24084],[-49.31171,-14.24296],[-49.30087,-14.23567],[-49.29704,-14.22597],[-49.2782,-14.22005]]]},"properties":{"CD_MUN":"5214879","NM_MUN":"Nova Iguaçu de Goiás","SIGLA_UF":"GO"}},{"type":"Feature","geometry":{"type":"Polygon","coordinates":[[[-49.42782,-14.97035],[-49.42494,-14.99449],[-49.40755,-15.00471],[-49.39163,-15.00264],[-49.38486,-15.01075],[-49.38072,-15.0071],[-49.3653,-15.01026],[-49.35757,-15.00037],[-49.34735,-15.00183],[-49.32454,-14.99096],[-49.32805,-15.00043],[-49.36611,-15.04273],[-49.38741,-15.04939],[-49.3875,-15.05721],[-49.39825,-15.0672],[-49.39292,-15.07895],[-49.40066,-15.09749],[-49.41292,-15.0922],[-49.44269,-15.11668],[-49.44839,-15.10108],[-49.45403,-15.09996],[-49.46458,-15.10759],[-49.47084,-15.12478],[-49.49564,-15.13364],[-49.50475,-15.13083],[-49.49531,-15.14338],[-49.47864,-15.13982],[-49.47464,-15.15584],[-49.48211,-15.17663],[-49.50181,-15.16835],[-49.50556,-15.17849],[-49.51051,-15.18262],[-49.52403,-15.17265],[-49.53278,-15.18434],[-49.5497,-15.18392],[-49.57578,-15.18989],[-49.60001,-15.18028],[-49.59367,-15.17165],[-49.60598,-15.15522],[-49.60467,-15.14646],[-49.62959,-15.12428],[-49.63661,-15.09817],[-49.62703,-15.0933],[-49.62303,-15.08181],[-49.6237,-15.05887],[-49.61836,-15.05479],[-49.619,-15.04699],[-49.60822,-15.04306],[-49.5895,-15.03869],[-49.58781,-15.02988],[-49.58231,-15.03],[-49.58183,-15.02059],[-49.57427,-15.01784],[-49.57356,-15.01181],[-49.56153,-15.0086],[-49.55702,-14.9934],[-49.54266,-14.99402],[-49.54175,-14.98586],[-49.53,-14.98938],[-49.5213,-15.00278],[-49.50778,-15.00202],[-49.50372,-14.99516],[-49.49388,-14.99869],[-49.47827,-14.99573],[-49.47185,-15.00196],[-49.46101,-14.99267],[-49.4563,-15.00622],[-49.45077,-14.99922],[-49.4406,-15.00323],[-49.43475,-14.99806],[-49.44057,-14.99102],[-49.43274,-14.98714],[-49.42782,-14.97035]]]},"properties":{"CD_MUN":"5214861","NM_MUN":"Nova Glória","SIGLA_UF":"GO"}},{"type":"Feature","geometry":{"type":"Polygon","coordinates":[[[-47.12621,-13.43918],[-47.10071,-13.43279],[-47.08824,-13.4416],[-47.06626,-13.44746],[-47.07557,-13.45684],[-47.06904,-13.46588],[-47.08257,-13.48054],[-47.07971,-13.49493],[-47.06324,-13.50795],[-47.05371,-13.52289],[-47.03593,-13.52879],[-47.02429,-13.54238],[-46.98446,-13.54903],[-46.9794,-13.56041],[-46.96749,-13.55537],[-46.9519,-13.55955],[-46.94207,-13.56647],[-46.92804,-13.59075],[-46.91935,-13.5936],[-46.90457,-13.58665],[-46.88529,-13.60501],[-46.86855,-13.60864],[-46.86607,-13.60328],[-46.86232,-13.61286],[-46.85082,-13.61533],[-46.8539,-13.6245],[-46.84968,-13.63362],[-46.8421,-13.63494],[-46.8154,-13.65715],[-46.79577,-13.6584],[-46.79532,-13.66908],[-46.8089,-13.67676],[-46.8068,-13.68653],[-46.80043,-13.69554],[-46.78474,-13.70397],[-46.78363,-13.71944],[-46.78813,-13.72581],[-46.81027,-13.7253],[-46.82079,-13.75016],[-46.83702,-13.76392],[-46.83538,-13.77505],[-46.82496,-13.78061],[-46.81691,-13.79768],[-46.84588,-13.81657],[-46.85147,-13.82792],[-46.82514,-13.84462],[-46.83222,-13.86023],[-46.85514,-13.86796],[-46.86766,-13.88441],[-46.86017,-13.89786],[-46.84505,-13.8986],[-46.83664,-13.91168],[-46.8407,-13.95028],[-46.83644,-13.96501],[-46.85042,-13.98645],[-46.83175,-14.00615],[-46.83267,-14.0224],[-46.82647,-14.03034],[-46.84262,-14.0485],[-46.85137,-14.04538],[-46.85545,-14.03479],[-46.87506,-14.03338],[-46.88345,-14.0416],[-46.88856,-14.07057],[-46.89948,-14.07844],[-46.92226,-14.07696],[-46.9219,-14.0882],[-46.93751,-14.103],[-46.96204,-14.08936],[-46.96796,-14.09575],[-46.97718,-14.08918],[-46.97751,-14.09762],[-46.98537,-14.0886],[-46.98487,-14.09431],[-46.98887,-14.09442],[-46.99443,-14.08221],[-46.9849,-14.07463],[-46.98784,-14.04834],[-46.99776,-14.05456],[-47.00623,-14.04316],[-47.01504,-14.04394],[-47.01712,-14.03798],[-47.02462,-14.03957],[-47.03998,-14.03107],[-47.04315,-14.04114],[-47.04848,-14.03456],[-47.04807,-14.04153],[-47.05679,-14.04132],[-47.06693,-14.06629],[-47.06787,-14.06258],[-47.07071,-14.0674],[-47.07881,-14.06183],[-47.08638,-14.06823],[-47.08412,-14.07274],[-47.09127,-14.07486],[-47.08963,-14.08101],[-47.11413,-14.0971],[-47.12651,-14.08812],[-47.12424,-14.0815],[-47.14198,-14.04865],[-47.14904,-14.01881],[-47.15704,-14.01424],[-47.17979,-13.9783],[-47.19951,-13.96424],[-47.17568,-13.95368],[-47.17137,-13.91412],[-47.18293,-13.89826],[-47.18273,-13.88278],[-47.19234,-13.88078],[-47.18817,-13.86974],[-47.19373,-13.86583],[-47.19334,-13.8595],[-47.19762,-13.86131],[-47.1937,-13.72287],[-47.17072,-13.70135],[-47.16728,-13.69121],[-47.14816,-13.67783],[-47.14939,-13.67059],[-47.15892,-13.66913],[-47.15583,-13.65365],[-47.16044,-13.64749],[-47.161,-13.63164],[-47.13741,-13.56665],[-47.13671,-13.52636],[-47.14282,-13.51042],[-47.13632,-13.50436],[-47.14013,-13.48701],[-47.12921,-13.4682],[-47.12621,-13.43918]]]},"properties":{"CD_MUN":"5214903","NM_MUN":"Nova Roma","SIGLA_UF":"GO"}},{"type":"Feature","geometry":{"type":"Polygon","coordinates":[[[-48.31489,-17.94362],[-48.28883,-17.91786],[-48.29922,-17.94317],[-48.29658,-17.9583],[-48.27027,-17.97459],[-48.25897,-17.99392],[-48.24605,-17.99643],[-48.23144,-17.99101],[-48.2243,-17.99849],[-48.21427,-17.99255],[-48.20866,-17.99639],[-48.20488,-18.00056],[-48.21038,-18.01081],[-48.20163,-18.01838],[-48.21194,-18.01551],[-48.23422,-18.03442],[-48.22408,-18.03863],[-48.20828,-18.06982],[-48.2168,-18.07334],[-48.2215,-18.08213],[-48.22822,-18.0786],[-48.23572,-18.08301],[-48.23,-18.10421],[-48.23278,-18.12227],[-48.23997,-18.11991],[-48.24586,-18.1244],[-48.2485,-18.11731],[-48.25859,-18.12589],[-48.262,-18.12376],[-48.25975,-18.13013],[-48.26575,-18.14147],[-48.27528,-18.14707],[-48.27197,-18.15731],[-48.27634,-18.16114],[-48.27111,-18.1728],[-48.27583,-18.18033],[-48.27325,-18.19075],[-48.26731,-18.19222],[-48.27319,-18.19689],[-48.26259,-18.20884],[-48.27342,-18.20879],[-48.26828,-18.2214],[-48.2752,-18.21935],[-48.27465,-18.22593],[-48.27992,-18.22661],[-48.2807,-18.23121],[-48.2752,-18.23368],[-48.29186,-18.22809],[-48.29034,-18.23853],[-48.28539,-18.24136],[-48.29556,-18.24372],[-48.30012,-18.23981],[-48.31945,-18.24938],[-48.32462,-18.24332],[-48.33359,-18.20186],[-48.35676,-18.17128],[-48.37051,-18.16349],[-48.37595,-18.15003],[-48.39526,-18.14266],[-48.39845,-18.12719],[-48.38739,-18.12049],[-48.38361,-18.11189],[-48.36859,-18.1075],[-48.36712,-18.08765],[-48.33889,-18.08304],[-48.3292,-18.07491],[-48.32275,-18.05303],[-48.30855,-18.05027],[-48.29745,-18.0333],[-48.32011,-17.98753],[-48.31369,-17.97106],[-48.30783,-17.96742],[-48.3133,-17.96004],[-48.30916,-17.95411],[-48.31489,-17.94362]]]},"properties":{"CD_MUN":"5214804","NM_MUN":"Nova Aurora","SIGLA_UF":"GO"}},{"type":"Feature","geometry":{"type":"Polygon","coordinates":[[[-50.07334,-17.46149],[-50.06031,-17.45993],[-50.05834,-17.44537],[-50.0529,-17.44186],[-50.0505,-17.4205],[-50.05623,-17.39169],[-50.05084,-17.38206],[-50.05294,-17.37487],[-50.0397,-17.36033],[-50.02081,-17.3543],[-50.00653,-17.32036],[-49.99661,-17.32318],[-49.99375,-17.31705],[-49.99369,-17.31212],[-50.0045,-17.30667],[-50.01161,-17.27478],[-50.02064,-17.26771],[-50.01263,-17.2275],[-49.9965,-17.23494],[-49.93404,-17.21593],[-49.91535,-17.20597],[-49.85402,-17.20489],[-49.84907,-17.21811],[-49.8296,-17.21768],[-49.8236,-17.22759],[-49.81902,-17.26881],[-49.79629,-17.2686],[-49.78658,-17.2906],[-49.78702,-17.30353],[-49.79533,-17.31201],[-49.79652,-17.32397],[-49.75213,-17.3206],[-49.74127,-17.33833],[-49.74335,-17.36875],[-49.74688,-17.37686],[-49.76511,-17.38706],[-49.7636,-17.40298],[-49.74058,-17.41537],[-49.73085,-17.41574],[-49.73463,-17.44374],[-49.71089,-17.45494],[-49.71536,-17.4604],[-49.729,-17.46228],[-49.74605,-17.45322],[-49.77194,-17.46669],[-49.77872,-17.4598],[-49.79819,-17.48277],[-49.81683,-17.48687],[-49.83186,-17.49905],[-49.87359,-17.50608],[-49.88447,-17.50398],[-49.89195,-17.51541],[-49.88839,-17.52721],[-49.89473,-17.53876],[-49.90381,-17.5857],[-49.91536,-17.59187],[-49.92359,-17.60564],[-49.94271,-17.6021],[-49.93826,-17.61042],[-49.92245,-17.61576],[-49.93187,-17.64486],[-49.94443,-17.64279],[-49.94212,-17.6285],[-49.95473,-17.62762],[-49.95926,-17.63917],[-49.96801,-17.64385],[-49.9674,-17.6538],[-49.97554,-17.66361],[-49.9916,-17.66412],[-50.01035,-17.65621],[-50.01143,-17.68257],[-50.03321,-17.67666],[-50.03752,-17.68747],[-50.02335,-17.70298],[-50.02874,-17.71389],[-50.05735,-17.719],[-50.06121,-17.72667],[-50.06646,-17.71652],[-50.07829,-17.71501],[-50.07757,-17.72517],[-50.06615,-17.73192],[-50.07332,-17.74858],[-50.07271,-17.75969],[-50.0668,-17.75723],[-50.06896,-17.76394],[-50.0601,-17.76837],[-50.07077,-17.77762],[-50.08341,-17.77452],[-50.08669,-17.78527],[-50.09208,-17.79037],[-50.10472,-17.78964],[-50.10952,-17.78506],[-50.10699,-17.77694],[-50.11352,-17.77852],[-50.12375,-17.78981],[-50.13416,-17.78744],[-50.13208,-17.79863],[-50.14955,-17.80777],[-50.18016,-17.77914],[-50.19394,-17.774],[-50.20208,-17.7773],[-50.20844,-17.77109],[-50.18952,-17.76199],[-50.19952,-17.76029],[-50.20977,-17.74743],[-50.19269,-17.74218],[-50.18222,-17.73286],[-50.20058,-17.72077],[-50.20455,-17.7015],[-50.18722,-17.69571],[-50.18274,-17.68157],[-50.18897,-17.67514],[-50.17113,-17.67366],[-50.1651,-17.66451],[-50.15732,-17.66506],[-50.16044,-17.65318],[-50.17413,-17.64441],[-50.15296,-17.61187],[-50.14726,-17.61186],[-50.15001,-17.59861],[-50.14568,-17.59417],[-50.12904,-17.60615],[-50.12226,-17.59684],[-50.11465,-17.59868],[-50.11226,-17.59108],[-50.09973,-17.59148],[-50.10448,-17.57931],[-50.09201,-17.56409],[-50.09343,-17.54391],[-50.08015,-17.54272],[-50.07249,-17.52919],[-50.07995,-17.52409],[-50.06946,-17.51862],[-50.07564,-17.50348],[-50.06492,-17.49273],[-50.07026,-17.486],[-50.06795,-17.4823],[-50.07856,-17.47267],[-50.07334,-17.46149]]]},"properties":{"CD_MUN":"5207402","NM_MUN":"Edéia","SIGLA_UF":"GO"}},{"type":"Feature","geometry":{"type":"Polygon","coordinates":[[[-50.61168,-13.31658],[-50.60766,-13.35284],[-50.58791,-13.36591],[-50.58922,-13.374],[-50.57499,-13.38876],[-50.58805,-13.3906],[-50.59486,-13.39765],[-50.59369,-13.40416],[-50.57224,-13.40643],[-50.5703,-13.41558],[-50.55513,-13.42171],[-50.55569,-13.43133],[-50.54575,-13.44467],[-50.53972,-13.44507],[-50.54266,-13.45853],[-50.51738,-13.46529],[-50.52741,-13.49441],[-50.54216,-13.50561],[-50.53089,-13.5088],[-50.52683,-13.51823],[-50.51397,-13.52125],[-50.49675,-13.55289],[-50.46786,-13.56428],[-50.45889,-13.59522],[-50.4525,-13.6025],[-50.46425,-13.60435],[-50.45847,-13.60874],[-50.45936,-13.61972],[-50.46872,-13.62073],[-50.47058,-13.62774],[-50.46064,-13.63843],[-50.46578,-13.65028],[-50.45942,-13.65674],[-50.47397,-13.66633],[-50.47656,-13.67616],[-50.46328,-13.68446],[-50.45839,-13.69874],[-50.46739,-13.69957],[-50.47267,-13.70715],[-50.47145,-13.71785],[-50.46673,-13.71725],[-50.47017,-13.72373],[-50.46473,-13.73039],[-50.46695,-13.73849],[-50.48448,-13.74884],[-50.45961,-13.7562],[-50.43989,-13.77458],[-50.43512,-13.80302],[-50.42206,-13.8252],[-50.37234,-13.85279],[-50.3857,-13.8778],[-50.3672,-13.91143],[-50.36306,-13.93226],[-50.34251,-13.96796],[-50.32559,-13.98346],[-50.30148,-13.98609],[-50.28595,-13.99499],[-50.15808,-14.00466],[-50.1579,-14.01864],[-50.14878,-14.04235],[-50.14604,-14.07316],[-50.15092,-14.08242],[-50.14179,-14.11075],[-50.14609,-14.12156],[-50.14334,-14.12553],[-50.35225,-14.35226],[-50.34613,-14.35555],[-50.34658,-14.36652],[-50.33725,-14.37084],[-50.33783,-14.39024],[-50.33469,-14.38886],[-50.33281,-14.39457],[-50.32991,-14.39193],[-50.32286,-14.41764],[-50.31175,-14.42767],[-50.31153,-14.43854],[-50.29989,-14.44367],[-50.30309,-14.45619],[-50.29737,-14.46577],[-50.30403,-14.47432],[-50.29928,-14.47811],[-50.30083,-14.48627],[-50.30658,-14.48756],[-50.30675,-14.49209],[-50.29608,-14.50035],[-50.28261,-14.50856],[-50.28078,-14.52178],[-50.27703,-14.52719],[-50.27089,-14.52661],[-50.27167,-14.53496],[-50.26653,-14.5381],[-50.26881,-14.54581],[-50.2772,-14.54549],[-50.28792,-14.55661],[-50.2862,-14.56358],[-50.29484,-14.56689],[-50.29437,-14.5813],[-50.28267,-14.59147],[-50.27198,-14.59367],[-50.25295,-14.61332],[-50.23925,-14.61858],[-50.24112,-14.64632],[-50.23464,-14.64877],[-50.2764,-14.73437],[-50.28571,-14.73855],[-50.30004,-14.73981],[-50.33132,-14.72467],[-50.33901,-14.72853],[-50.36621,-14.72532],[-50.41415,-14.73038],[-50.42127,-14.73658],[-50.44526,-14.72435],[-50.46035,-14.72273],[-50.4686,-14.73219],[-50.47604,-14.7306],[-50.48674,-14.71888],[-50.4938,-14.72389],[-50.50277,-14.71979],[-50.50246,-14.71317],[-50.48507,-14.69829],[-50.48593,-14.69142],[-50.49993,-14.68146],[-50.51021,-14.67689],[-50.50385,-14.66584],[-50.51904,-14.64925],[-50.53574,-14.64973],[-50.54441,-14.64159],[-50.54304,-14.62388],[-50.55149,-14.61183],[-50.55085,-14.61781],[-50.55852,-14.61654],[-50.56227,-14.6282],[-50.57082,-14.62994],[-50.56949,-14.63926],[-50.57418,-14.64331],[-50.57049,-14.64798],[-50.5801,-14.65508],[-50.56997,-14.65351],[-50.57574,-14.66037],[-50.57271,-14.6646],[-50.58885,-14.67042],[-50.58735,-14.67648],[-50.59366,-14.67882],[-50.60483,-14.67397],[-50.61713,-14.68119],[-50.62941,-14.67508],[-50.62983,-14.67037],[-50.6351,-14.67442],[-50.63969,-14.67148],[-50.64785,-14.68963],[-50.66091,-14.68761],[-50.65822,-14.69501],[-50.66452,-14.70506],[-50.68919,-14.69937],[-50.69994,-14.7131],[-50.70783,-14.70775],[-50.71461,-14.70973],[-50.71719,-14.71892],[-50.72505,-14.71511],[-50.72958,-14.71942],[-50.73217,-14.70657],[-50.74611,-14.70882],[-50.76119,-14.68523],[-50.76916,-14.68967],[-50.77186,-14.68372],[-50.77916,-14.68715],[-50.78341,-14.68149],[-50.77825,-14.67073],[-50.78233,-14.66279],[-50.78208,-14.62878],[-50.80558,-14.61961],[-50.81077,-14.62166],[-50.82039,-14.61152],[-50.83505,-14.60851],[-50.84536,-14.61016],[-50.84675,-14.62034],[-50.86408,-14.62025],[-50.86372,-14.60991],[-50.86789,-14.61132],[-50.86844,-14.60498],[-50.88005,-14.59921],[-50.87833,-14.5864],[-50.87194,-14.58442],[-50.87152,-14.57889],[-50.87686,-14.57704],[-50.86891,-14.57142],[-50.87208,-14.56212],[-50.85883,-14.55735],[-50.86419,-14.55233],[-50.85614,-14.54009],[-50.8598,-14.52843],[-50.85352,-14.52364],[-50.85966,-14.52552],[-50.86158,-14.52164],[-50.85316,-14.51593],[-50.85614,-14.50051],[-50.85368,-14.47935],[-50.83991,-14.46861],[-50.84202,-14.46384],[-50.84949,-14.46314],[-50.83833,-14.45671],[-50.84335,-14.44519],[-50.83797,-14.43939],[-50.83935,-14.42264],[-50.81821,-14.4068],[-50.81985,-14.39749],[-50.81076,-14.4026],[-50.80496,-14.39363],[-50.79863,-14.39371],[-50.80468,-14.38129],[-50.79596,-14.38125],[-50.79443,-14.36617],[-50.78776,-14.35845],[-50.7953,-14.35875],[-50.79535,-14.35023],[-50.77707,-14.35357],[-50.75923,-14.31393],[-50.76562,-14.30461],[-50.75895,-14.29707],[-50.76879,-14.29323],[-50.7714,-14.2755],[-50.76651,-14.26309],[-50.77309,-14.25713],[-50.77259,-14.24361],[-50.79084,-14.24182],[-50.78293,-14.22066],[-50.78978,-14.22131],[-50.79498,-14.19954],[-50.79987,-14.20198],[-50.80062,-14.17923],[-50.80675,-14.16772],[-50.8285,-14.14568],[-50.82637,-14.13866],[-50.83434,-14.12845],[-50.84823,-14.1216],[-50.83992,-14.11113],[-50.84098,-14.10489],[-50.83089,-14.074],[-50.85139,-14.0298],[-50.8488,-14.00073],[-50.86334,-13.98452],[-50.86553,-13.97518],[-50.8623,-13.95689],[-50.84528,-13.94163],[-50.84086,-13.92724],[-50.84524,-13.90349],[-50.84019,-13.86581],[-50.8563,-13.8315],[-50.85338,-13.76573],[-50.87135,-13.73305],[-50.86232,-13.71976],[-50.85218,-13.71418],[-50.82251,-13.71319],[-50.80374,-13.69141],[-50.7809,-13.61908],[-50.76804,-13.59701],[-50.7617,-13.52725],[-50.74461,-13.50755],[-50.71472,-13.49165],[-50.6965,-13.47589],[-50.68369,-13.44412],[-50.66417,-13.44124],[-50.66278,-13.42],[-50.66869,-13.39917],[-50.66519,-13.37609],[-50.64641,-13.36187],[-50.63849,-13.34556],[-50.62377,-13.33464],[-50.61168,-13.31658]]]},"properties":{"CD_MUN":"5214838","NM_MUN":"Nova Crixás","SIGLA_UF":"GO"}},{"type":"Feature","geometry":{"type":"Polygon","coordinates":[[[-48.41417,-17.34263],[-48.43058,-17.33979],[-48.43836,-17.32776],[-48.43661,-17.32294],[-48.423,-17.31947],[-48.4055,-17.28239],[-48.42663,-17.26008],[-48.41105,-17.24079],[-48.40405,-17.23896],[-48.3745,-17.27041],[-48.3735,-17.28281],[-48.38075,-17.30289],[-48.37119,-17.31024],[-48.36633,-17.33492],[-48.37534,-17.36646],[-48.38525,-17.37675],[-48.39189,-17.34668],[-48.41417,-17.34263]]]},"properties":{"CD_MUN":"5215801","NM_MUN":"Palmelo","SIGLA_UF":"GO"}},{"type":"Feature","geometry":{"type":"Polygon","coordinates":[[[-49.79629,-17.2686],[-49.79318,-17.25774],[-49.77827,-17.24338],[-49.76576,-17.22049],[-49.72165,-17.20447],[-49.71615,-17.19334],[-49.71018,-17.1927],[-49.70846,-17.20696],[-49.68718,-17.21573],[-49.67859,-17.24072],[-49.66887,-17.25125],[-49.6594,-17.25321],[-49.65171,-17.2891],[-49.6446,-17.29619],[-49.6484,-17.3021],[-49.65321,-17.30903],[-49.64729,-17.32234],[-49.65054,-17.33178],[-49.64054,-17.37279],[-49.65193,-17.37915],[-49.64616,-17.38289],[-49.65504,-17.39182],[-49.64077,-17.39897],[-49.63421,-17.39513],[-49.63074,-17.40156],[-49.64263,-17.40191],[-49.64421,-17.40616],[-49.63838,-17.41605],[-49.62413,-17.41939],[-49.63063,-17.43984],[-49.63907,-17.44499],[-49.63891,-17.4372],[-49.64724,-17.43229],[-49.65249,-17.44094],[-49.64627,-17.44917],[-49.64922,-17.45758],[-49.63918,-17.46048],[-49.64727,-17.47661],[-49.62805,-17.48297],[-49.63402,-17.48719],[-49.64041,-17.48384],[-49.65043,-17.49505],[-49.66613,-17.49108],[-49.66813,-17.50047],[-49.6485,-17.5184],[-49.66822,-17.5194],[-49.68,-17.53037],[-49.67736,-17.53718],[-49.68316,-17.53603],[-49.68639,-17.54178],[-49.68141,-17.54797],[-49.70817,-17.55638],[-49.71672,-17.55081],[-49.72456,-17.55435],[-49.72767,-17.56301],[-49.72875,-17.55747],[-49.73292,-17.56508],[-49.73786,-17.56082],[-49.74625,-17.57916],[-49.75136,-17.5769],[-49.75914,-17.58493],[-49.76822,-17.58597],[-49.78006,-17.57752],[-49.79034,-17.57663],[-49.79125,-17.58392],[-49.80044,-17.58729],[-49.81372,-17.57737],[-49.82514,-17.58517],[-49.83217,-17.57848],[-49.84326,-17.58295],[-49.8502,-17.57728],[-49.85331,-17.58828],[-49.86076,-17.59131],[-49.86156,-17.60793],[-49.88023,-17.60596],[-49.88373,-17.61777],[-49.88709,-17.61019],[-49.89651,-17.61106],[-49.89873,-17.59585],[-49.90298,-17.5974],[-49.90556,-17.61534],[-49.92359,-17.60564],[-49.91536,-17.59187],[-49.90381,-17.5857],[-49.89473,-17.53876],[-49.88839,-17.52721],[-49.89195,-17.51541],[-49.88447,-17.50398],[-49.87359,-17.50608],[-49.83186,-17.49905],[-49.81683,-17.48687],[-49.79819,-17.48277],[-49.77872,-17.4598],[-49.77194,-17.46669],[-49.74605,-17.45322],[-49.729,-17.46228],[-49.71536,-17.4604],[-49.71089,-17.45494],[-49.73463,-17.44374],[-49.73085,-17.41574],[-49.74058,-17.41537],[-49.7636,-17.40298],[-49.76511,-17.38706],[-49.74688,-17.37686],[-49.74335,-17.36875],[-49.74127,-17.33833],[-49.75213,-17.3206],[-49.79652,-17.32397],[-49.79533,-17.31201],[-49.78702,-17.30353],[-49.78658,-17.2906],[-49.79629,-17.2686]]]},"properties":{"CD_MUN":"5207352","NM_MUN":"Edealina","SIGLA_UF":"GO"}},{"type":"Feature","geometry":{"type":"Polygon","coordinates":[[[-50.00522,-16.62012],[-50.00055,-16.61136],[-49.97244,-16.5902],[-49.94596,-16.60092],[-49.94391,-16.61097],[-49.93652,-16.6108],[-49.92763,-16.62797],[-49.92458,-16.62951],[-49.92052,-16.6202],[-49.91033,-16.61444],[-49.88622,-16.64015],[-49.77646,-16.63847],[-49.7579,-16.65153],[-49.7451,-16.65272],[-49.73016,-16.63804],[-49.71821,-16.64632],[-49.72755,-16.67012],[-49.73532,-16.67928],[-49.73372,-16.69474],[-49.74552,-16.70018],[-49.75072,-16.71518],[-49.76419,-16.73142],[-49.76172,-16.74601],[-49.77072,-16.75246],[-49.77047,-16.76101],[-49.77967,-16.76439],[-49.78166,-16.78016],[-49.77461,-16.79889],[-49.759,-16.81587],[-49.75875,-16.82028],[-49.76744,-16.82464],[-49.75486,-16.8303],[-49.75464,-16.851],[-49.74489,-16.85992],[-49.73261,-16.86297],[-49.72877,-16.87194],[-49.73955,-16.88258],[-49.74106,-16.89348],[-49.73458,-16.8994],[-49.73172,-16.90621],[-49.73647,-16.91219],[-49.726,-16.93264],[-49.73467,-16.93714],[-49.73714,-16.94554],[-49.74392,-16.94166],[-49.74897,-16.94418],[-49.75903,-16.94317],[-49.77995,-16.92012],[-49.78053,-16.90674],[-49.80337,-16.90322],[-49.81675,-16.91201],[-49.82345,-16.92396],[-49.82315,-16.95557],[-49.83662,-16.95833],[-49.84606,-16.95253],[-49.84873,-16.94489],[-49.85629,-16.94397],[-49.88073,-16.97273],[-49.8994,-16.95477],[-49.92934,-16.96033],[-49.93579,-16.99169],[-49.94884,-16.99455],[-49.94993,-17.006],[-49.9434,-17.01642],[-49.95857,-17.03829],[-49.98982,-17.06042],[-50.0156,-17.06588],[-50.04251,-17.0815],[-50.06779,-17.08307],[-50.07874,-17.07668],[-50.07376,-17.06601],[-50.08074,-17.04905],[-50.07066,-17.03557],[-50.06032,-16.99731],[-50.03409,-16.9606],[-50.03937,-16.94829],[-50.0379,-16.93468],[-50.06873,-16.91838],[-50.0876,-16.91999],[-50.09101,-16.9254],[-50.08768,-16.93673],[-50.1054,-16.95252],[-50.11666,-16.94308],[-50.12646,-16.94321],[-50.1434,-16.93236],[-50.14463,-16.9209],[-50.1551,-16.91363],[-50.13988,-16.9126],[-50.12746,-16.90225],[-50.10104,-16.89365],[-50.11026,-16.79684],[-50.15843,-16.71948],[-50.14964,-16.67957],[-50.00522,-16.62012]]]},"properties":{"CD_MUN":"5215702","NM_MUN":"Palmeiras de Goiás","SIGLA_UF":"GO"}},{"type":"Feature","geometry":{"type":"Polygon","coordinates":[[[-52.62914,-16.51774],[-52.61025,-16.51279],[-52.60472,-16.52728],[-52.59094,-16.53508],[-52.58989,-16.5244],[-52.56428,-16.51799],[-52.57083,-16.53021],[-52.58053,-16.53636],[-52.56561,-16.54688],[-52.55094,-16.54381],[-52.54589,-16.55233],[-52.51583,-16.54845],[-52.50833,-16.54112],[-52.49341,-16.56348],[-52.48205,-16.56207],[-52.47753,-16.5552],[-52.45949,-16.55898],[-52.43452,-16.5366],[-52.42938,-16.53933],[-52.43052,-16.54585],[-52.41699,-16.54253],[-52.41233,-16.55369],[-52.40455,-16.5549],[-52.37491,-16.53769],[-52.36399,-16.53618],[-52.33858,-16.54603],[-52.33288,-16.55302],[-52.33535,-16.56334],[-52.32702,-16.57433],[-52.32427,-16.56709],[-52.31921,-16.56747],[-52.30966,-16.57873],[-52.2859,-16.5825],[-52.26105,-16.5985],[-52.24502,-16.57943],[-52.22265,-16.57849],[-52.20899,-16.59663],[-52.19274,-16.59531],[-52.17213,-16.61999],[-52.16329,-16.62409],[-52.15804,-16.62047],[-52.1511,-16.62511],[-52.13924,-16.62323],[-52.14518,-16.6349],[-52.1404,-16.64189],[-52.13468,-16.63592],[-52.13035,-16.64227],[-52.13149,-16.6468],[-52.14399,-16.64777],[-52.14663,-16.6532],[-52.13952,-16.6619],[-52.14471,-16.67331],[-52.14246,-16.68256],[-52.13552,-16.68737],[-52.13471,-16.70133],[-52.1286,-16.70922],[-52.13877,-16.71056],[-52.13088,-16.71555],[-52.1323,-16.72353],[-52.14585,-16.72939],[-52.1363,-16.73719],[-52.14719,-16.73962],[-52.14082,-16.7525],[-52.15663,-16.75663],[-52.1511,-16.7657],[-52.17822,-16.77407],[-52.17813,-16.78576],[-52.16847,-16.79212],[-52.16783,-16.80172],[-52.17658,-16.80777],[-52.20875,-16.8058],[-52.22119,-16.81818],[-52.22919,-16.81518],[-52.25508,-16.83196],[-52.26172,-16.84608],[-52.25694,-16.85369],[-52.26028,-16.86754],[-52.27545,-16.87838],[-52.27861,-16.90011],[-52.28976,-16.90859],[-52.29301,-16.92788],[-52.29978,-16.93221],[-52.31354,-16.93054],[-52.32362,-16.94138],[-52.35159,-16.94093],[-52.36234,-16.94869],[-52.37145,-16.94522],[-52.38098,-16.94882],[-52.38929,-16.93085],[-52.40337,-16.92528],[-52.41009,-16.90887],[-52.41453,-16.91755],[-52.41062,-16.92517],[-52.41743,-16.92859],[-52.40584,-16.9318],[-52.41171,-16.93549],[-52.40834,-16.94456],[-52.41587,-16.94164],[-52.42048,-16.94543],[-52.41256,-16.9662],[-52.41843,-16.97234],[-52.41342,-16.97471],[-52.41749,-16.97623],[-52.41657,-16.98267],[-52.42807,-16.9829],[-52.42404,-16.98699],[-52.42921,-17.00041],[-52.43029,-17.01304],[-52.41977,-17.01188],[-52.41249,-17.02523],[-52.41121,-17.03346],[-52.42185,-17.04415],[-52.41193,-17.04924],[-52.40799,-17.05827],[-52.40952,-17.0677],[-52.40432,-17.07074],[-52.40957,-17.08538],[-52.39546,-17.09188],[-52.40176,-17.10479],[-52.39538,-17.11498],[-52.40027,-17.11738],[-52.39276,-17.12357],[-52.38954,-17.13578],[-52.38418,-17.13492],[-52.40385,-17.15102],[-52.40174,-17.15571],[-52.4111,-17.17309],[-52.41819,-17.17287],[-52.40705,-17.1852],[-52.41188,-17.19611],[-52.41847,-17.19661],[-52.41672,-17.20349],[-52.42222,-17.21168],[-52.41833,-17.21492],[-52.42075,-17.22916],[-52.41474,-17.23672],[-52.417,-17.2516],[-52.41913,-17.25596],[-52.41094,-17.26397],[-52.41638,-17.28177],[-52.44538,-17.28687],[-52.44872,-17.25845],[-52.46639,-17.25241],[-52.46786,-17.24626],[-52.47899,-17.2458],[-52.485,-17.26061],[-52.49291,-17.26148],[-52.49808,-17.25237],[-52.50022,-17.22583],[-52.51097,-17.20635],[-52.5013,-17.16804],[-52.50641,-17.14718],[-52.50819,-17.13803],[-52.51527,-17.13741],[-52.51783,-17.13125],[-52.51075,-17.12643],[-52.52444,-17.1066],[-52.52077,-17.10062],[-52.5316,-17.09773],[-52.53329,-17.08994],[-52.53743,-17.09166],[-52.54319,-17.08369],[-52.55102,-17.08288],[-52.5446,-17.07563],[-52.5448,-17.06512],[-52.56535,-17.05806],[-52.56988,-17.05],[-52.57674,-17.05164],[-52.57666,-17.04602],[-52.58438,-17.04738],[-52.58579,-17.04022],[-52.59049,-17.04331],[-52.59635,-17.03968],[-52.59916,-17.04666],[-52.60444,-17.04558],[-52.61227,-17.02936],[-52.62027,-17.02547],[-52.61435,-17.02075],[-52.6233,-17.02202],[-52.63252,-17.00726],[-52.63752,-17.01007],[-52.63583,-17.0059],[-52.64163,-17.00038],[-52.63757,-16.99803],[-52.63299,-17.00218],[-52.62799,-16.99959],[-52.6276,-16.9927],[-52.61377,-16.98973],[-52.60972,-16.97452],[-52.61749,-16.96582],[-52.62891,-16.97124],[-52.63057,-16.96445],[-52.6416,-16.96742],[-52.66416,-16.96223],[-52.6688,-16.96874],[-52.68732,-16.96418],[-52.69383,-16.96843],[-52.70819,-16.95953],[-52.7226,-16.96476],[-52.72841,-16.95307],[-52.73302,-16.95967],[-52.73424,-16.95632],[-52.74299,-16.96101],[-52.74685,-16.9514],[-52.75249,-16.95148],[-52.74616,-16.94325],[-52.76188,-16.93797],[-52.78738,-16.90587],[-52.80122,-16.90629],[-52.82433,-16.89438],[-52.8211,-16.88723],[-52.82852,-16.87861],[-52.82297,-16.87573],[-52.82199,-16.86487],[-52.81541,-16.86334],[-52.8293,-16.84728],[-52.82307,-16.84386],[-52.82321,-16.82964],[-52.82727,-16.82828],[-52.82085,-16.82213],[-52.82676,-16.82085],[-52.82874,-16.81134],[-52.83016,-16.81731],[-52.83616,-16.81558],[-52.83249,-16.80952],[-52.83565,-16.80453],[-52.82841,-16.79677],[-52.83251,-16.78362],[-52.82543,-16.77621],[-52.8321,-16.77231],[-52.83002,-16.76036],[-52.80713,-16.74139],[-52.80018,-16.7482],[-52.79229,-16.73971],[-52.78571,-16.74116],[-52.78868,-16.72051],[-52.77943,-16.70795],[-52.76054,-16.70518],[-52.76245,-16.68208],[-52.75493,-16.67223],[-52.76893,-16.67238],[-52.77098,-16.66849],[-52.74626,-16.65531],[-52.74015,-16.65677],[-52.74773,-16.63883],[-52.74659,-16.63068],[-52.73634,-16.63169],[-52.72426,-16.64674],[-52.71542,-16.63924],[-52.72582,-16.6146],[-52.74081,-16.60932],[-52.74054,-16.60389],[-52.73084,-16.59801],[-52.74003,-16.5904],[-52.73308,-16.5855],[-52.70776,-16.59932],[-52.70342,-16.5957],[-52.70562,-16.57125],[-52.70017,-16.57117],[-52.68998,-16.58423],[-52.67137,-16.58298],[-52.67361,-16.56904],[-52.65989,-16.57032],[-52.67003,-16.55917],[-52.66834,-16.55048],[-52.66242,-16.55103],[-52.65322,-16.56164],[-52.64672,-16.54589],[-52.63547,-16.55161],[-52.63442,-16.53793],[-52.62586,-16.53342],[-52.62914,-16.51774]]]},"properties":{"CD_MUN":"5207253","NM_MUN":"Doverlândia","SIGLA_UF":"GO"}},{"type":"Feature","geometry":{"type":"Polygon","coordinates":[[[-51.57252,-16.65691],[-51.56866,-16.64955],[-51.55091,-16.6424],[-51.55413,-16.6357],[-51.55108,-16.6278],[-51.53941,-16.62286],[-51.53922,-16.60544],[-51.52205,-16.59748],[-51.51685,-16.58258],[-51.50621,-16.58008],[-51.50305,-16.55458],[-51.50882,-16.54681],[-51.5053,-16.53754],[-51.50032,-16.53552],[-51.49696,-16.54155],[-51.48877,-16.54171],[-51.47365,-16.53488],[-51.47018,-16.52861],[-51.45588,-16.52894],[-51.44432,-16.52238],[-51.43524,-16.50675],[-51.4169,-16.49327],[-51.42096,-16.48452],[-51.4136,-16.48133],[-51.41276,-16.47462],[-51.40423,-16.47733],[-51.39973,-16.46821],[-51.37837,-16.46522],[-51.36607,-16.46798],[-51.35512,-16.48333],[-51.34434,-16.47753],[-51.34231,-16.48254],[-51.34804,-16.49165],[-51.33634,-16.49675],[-51.33715,-16.50932],[-51.33176,-16.51084],[-51.33096,-16.50485],[-51.32237,-16.50773],[-51.3264,-16.51246],[-51.31715,-16.52232],[-51.31106,-16.51677],[-51.30579,-16.51884],[-51.31037,-16.52575],[-51.30226,-16.53135],[-51.29779,-16.5513],[-51.28731,-16.55471],[-51.29276,-16.56235],[-51.30751,-16.56476],[-51.2964,-16.57262],[-51.2992,-16.5788],[-51.29034,-16.58213],[-51.28757,-16.599],[-51.27946,-16.60197],[-51.27168,-16.61519],[-51.25635,-16.61669],[-51.25373,-16.63728],[-51.26057,-16.64764],[-51.24104,-16.66155],[-51.2284,-16.69418],[-51.21954,-16.69759],[-51.2226,-16.70904],[-51.22815,-16.71042],[-51.22057,-16.7299],[-51.23521,-16.73975],[-51.24388,-16.76619],[-51.25663,-16.78356],[-51.26313,-16.77976],[-51.27744,-16.78471],[-51.29685,-16.78359],[-51.2958,-16.78739],[-51.30174,-16.78551],[-51.30399,-16.7925],[-51.31802,-16.79399],[-51.32127,-16.80362],[-51.34746,-16.80197],[-51.34897,-16.81005],[-51.35705,-16.81071],[-51.36266,-16.82724],[-51.36711,-16.81972],[-51.37266,-16.82218],[-51.38258,-16.8164],[-51.39622,-16.8197],[-51.39997,-16.82597],[-51.40816,-16.82336],[-51.41616,-16.82783],[-51.41314,-16.83716],[-51.41858,-16.84344],[-51.41717,-16.84915],[-51.41836,-16.85314],[-51.41394,-16.85304],[-51.41695,-16.85568],[-51.43336,-16.85563],[-51.44491,-16.865],[-51.455,-16.8643],[-51.45528,-16.87065],[-51.46195,-16.87548],[-51.4692,-16.87277],[-51.47844,-16.8766],[-51.48303,-16.88949],[-51.49998,-16.88797],[-51.50328,-16.884],[-51.51456,-16.8922],[-51.52737,-16.89371],[-51.52803,-16.88872],[-51.53265,-16.89146],[-51.53803,-16.88623],[-51.53859,-16.89113],[-51.54856,-16.89371],[-51.55679,-16.88939],[-51.56142,-16.87925],[-51.56781,-16.88263],[-51.5767,-16.87423],[-51.60942,-16.88851],[-51.63276,-16.92524],[-51.6414,-16.9279],[-51.65698,-16.92088],[-51.65093,-16.90064],[-51.65745,-16.89794],[-51.65587,-16.86737],[-51.66487,-16.85172],[-51.66348,-16.84354],[-51.66973,-16.8394],[-51.66176,-16.83157],[-51.66159,-16.82277],[-51.65398,-16.82229],[-51.65839,-16.79537],[-51.63589,-16.77407],[-51.63303,-16.75846],[-51.60217,-16.75589],[-51.58775,-16.73978],[-51.59844,-16.72159],[-51.59797,-16.70191],[-51.60977,-16.69416],[-51.61469,-16.68374],[-51.60597,-16.68162],[-51.60394,-16.66828],[-51.5763,-16.66191],[-51.57252,-16.65691]]]},"properties":{"CD_MUN":"5215652","NM_MUN":"Palestina de Goiás","SIGLA_UF":"GO"}},{"type":"Feature","geometry":{"type":"Polygon","coordinates":[[[-48.10787,-15.14672],[-48.09354,-15.16999],[-48.08893,-15.17076],[-48.08171,-15.19592],[-48.07296,-15.19513],[-48.07165,-15.19975],[-48.0559,-15.19781],[-48.03701,-15.21035],[-48.03073,-15.21127],[-48.02687,-15.20612],[-48.01576,-15.21018],[-48.02021,-15.21245],[-48.01176,-15.22569],[-48.01365,-15.2377],[-48.01042,-15.2439],[-48.00278,-15.2426],[-48.00651,-15.24752],[-47.99982,-15.25115],[-47.99512,-15.26658],[-47.99062,-15.26705],[-47.99626,-15.27277],[-47.98054,-15.28264],[-47.97168,-15.28155],[-47.97318,-15.29883],[-47.96784,-15.30679],[-47.97154,-15.31126],[-47.96604,-15.31198],[-47.96987,-15.3143],[-47.96793,-15.32946],[-47.95996,-15.3385],[-47.95346,-15.33474],[-47.92354,-15.36076],[-47.94099,-15.39931],[-47.95091,-15.40852],[-47.95452,-15.44099],[-47.9683,-15.44406],[-47.96888,-15.44962],[-47.97416,-15.44284],[-47.98449,-15.44868],[-47.98705,-15.44456],[-47.98672,-15.44969],[-48.0056,-15.45199],[-48.00955,-15.45895],[-48.01597,-15.45695],[-48.02208,-15.46437],[-48.0421,-15.46435],[-48.04924,-15.48322],[-48.04558,-15.49118],[-48.0528,-15.50017],[-48.20011,-15.50018],[-48.19989,-15.62187],[-48.21854,-15.62264],[-48.22356,-15.6278],[-48.23526,-15.64513],[-48.23448,-15.65906],[-48.25159,-15.65921],[-48.25523,-15.64682],[-48.28187,-15.636],[-48.28762,-15.63763],[-48.3087,-15.62169],[-48.34698,-15.63054],[-48.35031,-15.63655],[-48.36579,-15.61888],[-48.38426,-15.61139],[-48.38276,-15.62168],[-48.39179,-15.63218],[-48.38821,-15.63474],[-48.39276,-15.64324],[-48.40857,-15.65439],[-48.43779,-15.63809],[-48.45254,-15.63539],[-48.4564,-15.62997],[-48.46868,-15.62964],[-48.47868,-15.61938],[-48.4894,-15.62145],[-48.50037,-15.61538],[-48.51985,-15.61009],[-48.52835,-15.61339],[-48.52521,-15.60472],[-48.53079,-15.60907],[-48.54635,-15.60625],[-48.54582,-15.58292],[-48.55888,-15.58352],[-48.56587,-15.57402],[-48.56182,-15.56898],[-48.57982,-15.55862],[-48.58016,-15.5456],[-48.58821,-15.54368],[-48.58649,-15.53645],[-48.5914,-15.54025],[-48.59793,-15.53409],[-48.59196,-15.52958],[-48.59365,-15.52251],[-48.58907,-15.52331],[-48.58921,-15.51388],[-48.58071,-15.50855],[-48.58115,-15.4816],[-48.5592,-15.46911],[-48.55415,-15.45546],[-48.56932,-15.44535],[-48.57087,-15.43683],[-48.56165,-15.43254],[-48.56512,-15.41935],[-48.56157,-15.42156],[-48.55864,-15.41725],[-48.56498,-15.41017],[-48.56037,-15.39968],[-48.56682,-15.39729],[-48.56273,-15.39424],[-48.57026,-15.3934],[-48.56495,-15.38704],[-48.57123,-15.374],[-48.58412,-15.37354],[-48.59231,-15.36425],[-48.58642,-15.35615],[-48.57284,-15.35647],[-48.57987,-15.34107],[-48.58684,-15.33946],[-48.58042,-15.32656],[-48.5757,-15.3275],[-48.5825,-15.31609],[-48.58786,-15.31851],[-48.58786,-15.30613],[-48.59417,-15.30468],[-48.58717,-15.2989],[-48.59465,-15.28898],[-48.58334,-15.27929],[-48.57448,-15.27986],[-48.58411,-15.26916],[-48.57512,-15.26881],[-48.57145,-15.25774],[-48.56697,-15.25741],[-48.57256,-15.25157],[-48.56984,-15.24388],[-48.56139,-15.24075],[-48.56172,-15.23449],[-48.58297,-15.22639],[-48.57764,-15.21755],[-48.58514,-15.2198],[-48.58905,-15.19717],[-48.59762,-15.19407],[-48.59903,-15.18477],[-48.61169,-15.18082],[-48.61831,-15.17184],[-48.60828,-15.15338],[-48.58889,-15.15352],[-48.57416,-15.17137],[-48.56922,-15.15827],[-48.55603,-15.16798],[-48.55567,-15.17288],[-48.54752,-15.16706],[-48.5453,-15.17466],[-48.53547,-15.17106],[-48.53225,-15.16356],[-48.51389,-15.15609],[-48.51172,-15.16178],[-48.49913,-15.15226],[-48.50583,-15.14375],[-48.49719,-15.14156],[-48.49619,-15.13012],[-48.48821,-15.13071],[-48.48866,-15.11752],[-48.47625,-15.11653],[-48.47485,-15.10996],[-48.46755,-15.11126],[-48.44872,-15.10034],[-48.42807,-15.09656],[-48.42396,-15.0865],[-48.40596,-15.10565],[-48.39904,-15.09795],[-48.38496,-15.09956],[-48.38054,-15.09215],[-48.37399,-15.09461],[-48.36466,-15.08981],[-48.36046,-15.09951],[-48.3549,-15.09584],[-48.35571,-15.10577],[-48.35207,-15.09888],[-48.33893,-15.0957],[-48.33952,-15.10699],[-48.32799,-15.1024],[-48.32268,-15.11278],[-48.31699,-15.10218],[-48.30546,-15.11078],[-48.30401,-15.09682],[-48.28679,-15.11196],[-48.2861,-15.10153],[-48.27599,-15.10465],[-48.26338,-15.11888],[-48.24579,-15.12653],[-48.23021,-15.12787],[-48.23201,-15.12024],[-48.21979,-15.12057],[-48.2156,-15.11332],[-48.21223,-15.12473],[-48.19876,-15.12753],[-48.18162,-15.141],[-48.16926,-15.13936],[-48.16362,-15.14615],[-48.15476,-15.13481],[-48.14635,-15.14205],[-48.13973,-15.1401],[-48.13907,-15.13457],[-48.12065,-15.13989],[-48.11415,-15.15398],[-48.10787,-15.14672]]]},"properties":{"CD_MUN":"5215603","NM_MUN":"Padre Bernardo","SIGLA_UF":"GO"}},{"type":"Feature","geometry":{"type":"Polygon","coordinates":[[[-47.71118,-18.13149],[-47.69095,-18.1332],[-47.68829,-18.14816],[-47.67754,-18.15406],[-47.68982,-18.16681],[-47.68803,-18.17116],[-47.68268,-18.17181],[-47.67648,-18.16237],[-47.66468,-18.15869],[-47.65107,-18.18589],[-47.63973,-18.1729],[-47.63831,-18.19876],[-47.65195,-18.20975],[-47.65223,-18.21709],[-47.63104,-18.20901],[-47.62678,-18.21554],[-47.62968,-18.22029],[-47.64104,-18.22197],[-47.62754,-18.22645],[-47.63643,-18.23946],[-47.60709,-18.24697],[-47.60287,-18.25868],[-47.61237,-18.26433],[-47.61423,-18.25092],[-47.62054,-18.25313],[-47.62557,-18.26168],[-47.61868,-18.27175],[-47.63843,-18.28772],[-47.61105,-18.31541],[-47.7104,-18.29377],[-47.76324,-18.29273],[-47.77149,-18.28511],[-47.87636,-18.28406],[-47.87955,-18.27228],[-47.87405,-18.2538],[-47.8798,-18.24579],[-47.87205,-18.23062],[-47.87638,-18.2242],[-47.86274,-18.21746],[-47.86204,-18.1991],[-47.84927,-18.18994],[-47.83535,-18.1502],[-47.78765,-18.12119],[-47.75962,-18.11892],[-47.74551,-18.12816],[-47.7309,-18.13125],[-47.7239,-18.12571],[-47.71946,-18.13122],[-47.71118,-18.13149]]]},"properties":{"CD_MUN":"5215504","NM_MUN":"Ouvidor","SIGLA_UF":"GO"}},{"type":"Feature","geometry":{"type":"Polygon","coordinates":[[[-48.83358,-13.4777],[-48.81197,-13.46922],[-48.80091,-13.47523],[-48.78924,-13.4737],[-48.77455,-13.52942],[-48.752,-13.55229],[-48.74791,-13.56312],[-48.74319,-13.56204],[-48.74572,-13.57216],[-48.73141,-13.57337],[-48.7251,-13.59887],[-48.72752,-13.60427],[-48.70752,-13.61755],[-48.69836,-13.63701],[-48.70121,-13.63896],[-48.7173,-13.64695],[-48.72641,-13.66852],[-48.75975,-13.68887],[-48.76819,-13.69991],[-48.78673,-13.70847],[-48.78289,-13.73755],[-48.80534,-13.77188],[-48.78975,-13.78124],[-48.78081,-13.79372],[-48.78095,-13.8017],[-48.79076,-13.8144],[-48.79995,-13.81419],[-48.80937,-13.82351],[-48.83595,-13.83329],[-48.84709,-13.85081],[-48.86887,-13.86488],[-48.86459,-13.88233],[-48.86809,-13.90591],[-48.88613,-13.92263],[-48.8809,-13.93362],[-48.91943,-13.94214],[-48.93432,-13.93657],[-48.97018,-13.90436],[-48.98655,-13.90888],[-48.99971,-13.9058],[-49.0079,-13.89701],[-49.02146,-13.89558],[-49.02343,-13.89],[-49.02468,-13.8498],[-49.01327,-13.84535],[-49.01485,-13.841],[-48.99115,-13.80944],[-48.99148,-13.79973],[-49.00287,-13.78777],[-48.99571,-13.78663],[-48.99698,-13.78256],[-48.9804,-13.77377],[-48.97643,-13.76681],[-48.97767,-13.74812],[-48.98937,-13.74222],[-48.98942,-13.73369],[-48.97553,-13.72975],[-48.96765,-13.71846],[-48.97215,-13.69945],[-48.96787,-13.68886],[-48.95289,-13.67809],[-48.93086,-13.67356],[-48.92586,-13.66741],[-48.92956,-13.6631],[-48.91647,-13.63493],[-48.92042,-13.63227],[-48.91975,-13.62154],[-48.9075,-13.61073],[-48.89655,-13.60983],[-48.89542,-13.60055],[-48.88108,-13.59723],[-48.87436,-13.57733],[-48.86133,-13.57376],[-48.85853,-13.56355],[-48.84339,-13.54688],[-48.83208,-13.54642],[-48.83033,-13.53541],[-48.83802,-13.52999],[-48.82413,-13.50058],[-48.83161,-13.49426],[-48.82816,-13.48437],[-48.83358,-13.4777]]]},"properties":{"CD_MUN":"5208103","NM_MUN":"Formoso","SIGLA_UF":"GO"}},{"type":"Feature","geometry":{"type":"Polygon","coordinates":[[[-49.31279,-16.23072],[-49.2724,-16.21975],[-49.27298,-16.2083],[-49.26012,-16.19725],[-49.2532,-16.19973],[-49.25265,-16.21011],[-49.23193,-16.19917],[-49.22928,-16.19214],[-49.2162,-16.19137],[-49.21023,-16.17599],[-49.20392,-16.17339],[-49.20792,-16.16109],[-49.19542,-16.15276],[-49.19189,-16.14394],[-49.17767,-16.16223],[-49.17417,-16.1777],[-49.1657,-16.18354],[-49.16604,-16.19334],[-49.15628,-16.19367],[-49.15723,-16.20525],[-49.14531,-16.22106],[-49.14365,-16.23234],[-49.15812,-16.25351],[-49.17046,-16.26291],[-49.17982,-16.26244],[-49.16623,-16.31018],[-49.17093,-16.32016],[-49.18435,-16.3269],[-49.19421,-16.3472],[-49.21196,-16.3408],[-49.23021,-16.32102],[-49.29449,-16.32212],[-49.30757,-16.31119],[-49.27557,-16.26647],[-49.28901,-16.23167],[-49.30282,-16.23451],[-49.31279,-16.23072]]]},"properties":{"CD_MUN":"5215405","NM_MUN":"Ouro Verde de Goiás","SIGLA_UF":"GO"}},{"type":"Feature","geometry":{"type":"Polygon","coordinates":[[[-47.14487,-14.53798],[-47.1324,-14.53648],[-47.10837,-14.54569],[-47.1057,-14.53834],[-47.09992,-14.54547],[-47.09303,-14.5458],[-47.09509,-14.56356],[-47.08317,-14.5644],[-47.0809,-14.57308],[-47.08115,-14.57961],[-47.08506,-14.57727],[-47.08904,-14.58309],[-47.07215,-14.59523],[-47.07629,-14.6034],[-47.08076,-14.59826],[-47.08598,-14.59946],[-47.07873,-14.61527],[-47.0929,-14.62368],[-47.09028,-14.62656],[-47.10023,-14.62724],[-47.09695,-14.63447],[-47.09715,-14.63031],[-47.0872,-14.63143],[-47.08601,-14.64501],[-47.08971,-14.64928],[-47.09354,-14.64569],[-47.10126,-14.64889],[-47.09746,-14.66363],[-47.10923,-14.66786],[-47.10893,-14.67671],[-47.10921,-14.67686],[-47.1161,-14.67779],[-47.11011,-14.67195],[-47.1189,-14.67403],[-47.12524,-14.68515],[-47.13286,-14.68045],[-47.131,-14.69021],[-47.14782,-14.69679],[-47.14853,-14.71271],[-47.15527,-14.71508],[-47.16152,-14.72837],[-47.1697,-14.72801],[-47.17144,-14.74137],[-47.17776,-14.74528],[-47.18138,-14.75879],[-47.1947,-14.76486],[-47.19263,-14.77705],[-47.20564,-14.78498],[-47.20389,-14.78886],[-47.21398,-14.79105],[-47.22062,-14.81299],[-47.2098,-14.8261],[-47.21788,-14.83792],[-47.2039,-14.84687],[-47.21733,-14.85519],[-47.21495,-14.86001],[-47.21938,-14.86464],[-47.21457,-14.86402],[-47.21407,-14.8725],[-47.22795,-14.87841],[-47.23434,-14.89848],[-47.22953,-14.90448],[-47.22921,-14.9014],[-47.22129,-14.90571],[-47.20977,-14.9035],[-47.20915,-14.91481],[-47.21482,-14.92075],[-47.20947,-14.93096],[-47.21639,-14.93963],[-47.21094,-14.94305],[-47.21397,-14.95629],[-47.20701,-14.95746],[-47.19847,-14.96843],[-47.18093,-14.971],[-47.1707,-14.979],[-47.17229,-14.99013],[-47.1851,-14.99648],[-47.18523,-15.00232],[-47.18724,-15.01226],[-47.17253,-15.03254],[-47.17109,-15.04762],[-47.15581,-15.06853],[-47.15796,-15.07335],[-47.14971,-15.07733],[-47.13206,-15.12319],[-47.12669,-15.12219],[-47.12422,-15.1108],[-47.07804,-15.06282],[-47.07394,-15.0615],[-47.0649,-15.07978],[-47.05907,-15.08043],[-47.06014,-15.08473],[-47.04834,-15.08716],[-47.04851,-15.09716],[-47.04204,-15.09943],[-47.04037,-15.10614],[-47.04913,-15.11678],[-47.04419,-15.1223],[-47.04102,-15.11937],[-47.03598,-15.12851],[-47.03283,-15.12678],[-47.03337,-15.1333],[-47.02857,-15.13399],[-47.03067,-15.14791],[-47.01931,-15.15451],[-47.0211,-15.15828],[-47.00893,-15.17121],[-47.0122,-15.17833],[-47.01714,-15.17734],[-47.01649,-15.19323],[-47.01341,-15.19472],[-47.01802,-15.19663],[-47.01758,-15.20414],[-47.00976,-15.20894],[-47.01308,-15.21403],[-47.00016,-15.2237],[-46.99903,-15.24845],[-46.99273,-15.24773],[-46.98409,-15.26347],[-46.97076,-15.26946],[-46.96762,-15.28111],[-46.95983,-15.28316],[-46.95258,-15.29266],[-46.94278,-15.31394],[-46.92156,-15.30494],[-46.9157,-15.30793],[-46.91401,-15.30228],[-46.89995,-15.30096],[-46.87319,-15.28542],[-46.83548,-15.32357],[-46.84747,-15.34678],[-46.86048,-15.35098],[-46.869,-15.3615],[-46.85025,-15.36853],[-46.849,-15.37323],[-46.91465,-15.41485],[-46.92998,-15.443],[-46.93234,-15.48628],[-46.93848,-15.50083],[-46.94715,-15.56082],[-46.91838,-15.58949],[-46.8966,-15.5932],[-46.88216,-15.61015],[-46.88976,-15.61845],[-46.91438,-15.6252],[-46.91205,-15.62724],[-46.9266,-15.64425],[-46.93022,-15.64331],[-46.9321,-15.65048],[-46.94566,-15.64608],[-46.95824,-15.66334],[-46.96285,-15.65633],[-46.9701,-15.66224],[-46.96969,-15.65209],[-46.97383,-15.64884],[-46.97519,-15.65277],[-46.9918,-15.6499],[-46.99669,-15.65383],[-46.99899,-15.64532],[-47.01202,-15.62559],[-47.01816,-15.54554],[-47.04121,-15.53487],[-47.04821,-15.53494],[-47.0736,-15.55469],[-47.10374,-15.55913],[-47.12461,-15.58298],[-47.14505,-15.59463],[-47.16628,-15.60001],[-47.17969,-15.59825],[-47.18055,-15.61276],[-47.16039,-15.65012],[-47.12989,-15.66904],[-47.11408,-15.72818],[-47.10175,-15.73629],[-47.10144,-15.75122],[-47.11217,-15.77399],[-47.11042,-15.79037],[-47.11775,-15.79949],[-47.11634,-15.83982],[-47.12206,-15.84799],[-47.10956,-15.85451],[-47.11578,-15.89034],[-47.11315,-15.8969],[-47.11617,-15.90478],[-47.12204,-15.90636],[-47.12198,-15.91839],[-47.13095,-15.9153],[-47.13354,-15.92511],[-47.14012,-15.92464],[-47.14004,-15.93333],[-47.14934,-15.93399],[-47.14715,-15.9396],[-47.15556,-15.93921],[-47.15809,-15.94564],[-47.16423,-15.94621],[-47.17004,-15.95805],[-47.16435,-15.96469],[-47.16826,-15.97271],[-47.17565,-15.97612],[-47.17748,-15.9702],[-47.18401,-15.96904],[-47.18193,-15.9822],[-47.19149,-15.97725],[-47.19068,-15.9839],[-47.20529,-15.98602],[-47.20407,-15.99511],[-47.20904,-15.99935],[-47.2151,-16.01346],[-47.23607,-16.01258],[-47.25296,-16.0189],[-47.26566,-16.01131],[-47.27685,-16.01208],[-47.27515,-16.00627],[-47.2806,-16.01173],[-47.28505,-16.00852],[-47.28841,-16.01597],[-47.2988,-16.01668],[-47.29805,-16.02661],[-47.30941,-16.03004],[-47.30858,-16.0361],[-47.31868,-16.03671],[-47.3214,-16.02622],[-47.32463,-16.02881],[-47.3348,-16.01687],[-47.3391,-16.01902],[-47.33691,-16.01203],[-47.34432,-16.01132],[-47.34735,-16.00603],[-47.35838,-16.00799],[-47.36363,-16.00077],[-47.36821,-16.00196],[-47.36813,-15.99409],[-47.37541,-15.98664],[-47.37108,-15.98044],[-47.37646,-15.97841],[-47.37316,-15.96673],[-47.37632,-15.96284],[-47.36674,-15.94666],[-47.37207,-15.93658],[-47.36035,-15.93171],[-47.35935,-15.92484],[-47.36713,-15.9177],[-47.36324,-15.909],[-47.37227,-15.90674],[-47.37074,-15.90018],[-47.37566,-15.89582],[-47.37899,-15.88177],[-47.37271,-15.87801],[-47.36551,-15.8282],[-47.35963,-15.82064],[-47.35343,-15.82226],[-47.34815,-15.80381],[-47.33829,-15.79465],[-47.32151,-15.75396],[-47.31306,-15.74526],[-47.31942,-15.72032],[-47.31159,-15.69659],[-47.33109,-15.6817],[-47.32653,-15.67362],[-47.32614,-15.64882],[-47.33267,-15.62993],[-47.31653,-15.58956],[-47.34722,-15.57982],[-47.37378,-15.57784],[-47.38,-15.5674],[-47.38917,-15.56744],[-47.40436,-15.54646],[-47.41728,-15.54684],[-47.41689,-15.50033],[-47.49551,-15.50031],[-47.48981,-15.48348],[-47.48964,-15.42178],[-47.48319,-15.39488],[-47.46644,-15.3767],[-47.47572,-15.36669],[-47.47761,-15.32777],[-47.4873,-15.29992],[-47.50544,-15.28753],[-47.53978,-15.29553],[-47.54644,-15.29192],[-47.53685,-15.28143],[-47.51322,-15.26983],[-47.50555,-15.24223],[-47.50869,-15.23069],[-47.52657,-15.21046],[-47.52513,-15.17869],[-47.55329,-15.11348],[-47.55605,-15.09192],[-47.56893,-15.07438],[-47.57313,-15.04711],[-47.57454,-14.96479],[-47.56373,-14.94665],[-47.56456,-14.93906],[-47.54784,-14.92593],[-47.53762,-14.93135],[-47.51601,-14.92342],[-47.49914,-14.90714],[-47.48984,-14.84293],[-47.47792,-14.81736],[-47.45214,-14.81646],[-47.42389,-14.82941],[-47.39191,-14.81653],[-47.37508,-14.8162],[-47.35958,-14.80311],[-47.35416,-14.78851],[-47.35661,-14.77566],[-47.34166,-14.77009],[-47.33727,-14.77269],[-47.33311,-14.7658],[-47.32519,-14.77274],[-47.32169,-14.76186],[-47.31422,-14.76717],[-47.30941,-14.7601],[-47.32191,-14.74991],[-47.3146,-14.7449],[-47.31583,-14.73848],[-47.30732,-14.74949],[-47.30413,-14.7301],[-47.29802,-14.72519],[-47.29686,-14.7126],[-47.2898,-14.71076],[-47.28966,-14.70143],[-47.27835,-14.69233],[-47.2638,-14.70024],[-47.24985,-14.70027],[-47.2466,-14.69374],[-47.24057,-14.69326],[-47.24152,-14.68792],[-47.23565,-14.68916],[-47.23096,-14.67982],[-47.2361,-14.67395],[-47.22762,-14.67211],[-47.23174,-14.66923],[-47.22779,-14.66097],[-47.23148,-14.66207],[-47.23366,-14.6561],[-47.22979,-14.64903],[-47.23354,-14.64379],[-47.22454,-14.63406],[-47.23079,-14.63074],[-47.21926,-14.63123],[-47.21529,-14.62687],[-47.22004,-14.60398],[-47.21104,-14.60267],[-47.20393,-14.60744],[-47.2022,-14.57981],[-47.19273,-14.57932],[-47.19248,-14.57244],[-47.19798,-14.57038],[-47.18592,-14.55973],[-47.19126,-14.55622],[-47.18373,-14.55256],[-47.18481,-14.54397],[-47.16884,-14.53955],[-47.17028,-14.54816],[-47.15987,-14.54729],[-47.15948,-14.55109],[-47.14487,-14.53798]]]},"properties":{"CD_MUN":"5208004","NM_MUN":"Formosa","SIGLA_UF":"GO"}},{"type":"Feature","geometry":{"type":"Polygon","coordinates":[[[-48.25944,-16.73877],[-48.23869,-16.73486],[-48.22533,-16.74239],[-48.21997,-16.7363],[-48.21263,-16.74097],[-48.2066,-16.73397],[-48.19433,-16.73502],[-48.18205,-16.73746],[-48.17352,-16.73143],[-48.17103,-16.73583],[-48.15836,-16.73347],[-48.15608,-16.7371],[-48.15169,-16.73207],[-48.14586,-16.7427],[-48.12435,-16.74109],[-48.11216,-16.74901],[-48.10483,-16.74833],[-48.10063,-16.76228],[-48.10538,-16.76627],[-48.08985,-16.76848],[-48.08046,-16.78663],[-48.08122,-16.79618],[-48.0756,-16.8013],[-48.08352,-16.83231],[-48.07778,-16.84273],[-48.08847,-16.85764],[-48.078,-16.87963],[-48.08928,-16.89114],[-48.07856,-16.90772],[-48.07819,-16.92953],[-48.06622,-16.93251],[-48.03486,-16.92162],[-48.01558,-16.92926],[-48.00617,-16.93451],[-48.00144,-16.95163],[-47.9191,-17.0043],[-47.9193,-17.01083],[-47.92878,-17.01408],[-47.92686,-17.0228],[-47.93808,-17.02229],[-47.93411,-17.02766],[-47.93661,-17.03477],[-47.95056,-17.04316],[-47.97925,-17.07333],[-47.98206,-17.07872],[-47.9782,-17.08605],[-47.98895,-17.0845],[-47.99222,-17.08903],[-47.98925,-17.09775],[-47.99467,-17.09895],[-47.99726,-17.12296],[-48.00373,-17.1308],[-48.00192,-17.14514],[-48.02095,-17.16288],[-48.01826,-17.17316],[-48.03154,-17.18645],[-48.03115,-17.19335],[-48.05707,-17.19612],[-48.06023,-17.2023],[-48.0542,-17.21302],[-48.07007,-17.20893],[-48.07512,-17.22866],[-48.08821,-17.2363],[-48.08468,-17.24748],[-48.09282,-17.24993],[-48.10101,-17.26208],[-48.11718,-17.26457],[-48.11877,-17.27433],[-48.12832,-17.28175],[-48.13746,-17.27894],[-48.14787,-17.29101],[-48.16516,-17.29948],[-48.17241,-17.29835],[-48.19841,-17.31005],[-48.19722,-17.29801],[-48.20563,-17.30036],[-48.20444,-17.29061],[-48.20874,-17.28745],[-48.18763,-17.27362],[-48.19638,-17.26687],[-48.19938,-17.25541],[-48.20482,-17.25616],[-48.2119,-17.24504],[-48.21585,-17.24664],[-48.2216,-17.23524],[-48.22054,-17.20659],[-48.23732,-17.18672],[-48.26907,-17.18396],[-48.28793,-17.16703],[-48.32979,-17.15153],[-48.34082,-17.13988],[-48.34666,-17.12482],[-48.48885,-17.00359],[-48.47363,-16.97915],[-48.47096,-16.94884],[-48.4611,-16.94498],[-48.45468,-16.93324],[-48.41698,-16.93606],[-48.4094,-16.93348],[-48.39879,-16.91972],[-48.36629,-16.91059],[-48.36337,-16.89231],[-48.34095,-16.86403],[-48.30609,-16.83687],[-48.30189,-16.80928],[-48.26397,-16.79636],[-48.25539,-16.77843],[-48.26492,-16.75493],[-48.25944,-16.73877]]]},"properties":{"CD_MUN":"5215306","NM_MUN":"Orizona","SIGLA_UF":"GO"}},{"type":"Feature","geometry":{"type":"Polygon","coordinates":[[[-46.99443,-14.08221],[-46.98887,-14.09442],[-46.98487,-14.09431],[-46.98537,-14.0886],[-46.97751,-14.09762],[-46.97718,-14.08918],[-46.96796,-14.09575],[-46.96204,-14.08936],[-46.93751,-14.103],[-46.93015,-14.11874],[-46.9451,-14.13507],[-46.9429,-14.14312],[-46.96732,-14.14944],[-46.95946,-14.1572],[-46.98229,-14.17721],[-46.97771,-14.19541],[-46.98246,-14.19644],[-46.98565,-14.18865],[-46.99252,-14.19413],[-46.97951,-14.20467],[-46.97582,-14.21381],[-46.97829,-14.22407],[-46.9574,-14.23248],[-46.96183,-14.2384],[-46.95693,-14.24898],[-46.94424,-14.25253],[-46.93927,-14.26239],[-46.94554,-14.26942],[-46.93935,-14.27563],[-46.93604,-14.27053],[-46.93213,-14.27287],[-46.93788,-14.28787],[-46.92852,-14.2967],[-46.93285,-14.30544],[-46.89863,-14.32972],[-46.88727,-14.3575],[-46.87907,-14.36025],[-46.87688,-14.36822],[-46.88096,-14.37033],[-46.8761,-14.38536],[-46.86902,-14.38903],[-46.88035,-14.39192],[-46.87207,-14.40566],[-46.87971,-14.4038],[-46.88852,-14.41148],[-46.89208,-14.40833],[-46.88546,-14.41908],[-46.88777,-14.43733],[-46.87091,-14.44021],[-46.86844,-14.43611],[-46.86663,-14.44127],[-46.8591,-14.43896],[-46.8558,-14.44365],[-46.86083,-14.44632],[-46.86325,-14.4711],[-46.85055,-14.48988],[-46.8568,-14.48965],[-46.85825,-14.49546],[-46.8668,-14.49906],[-46.86813,-14.50059],[-46.86619,-14.51102],[-46.87258,-14.51791],[-46.86263,-14.51618],[-46.84955,-14.52803],[-46.8445,-14.52557],[-46.85597,-14.53401],[-46.84861,-14.53593],[-46.8458,-14.54587],[-46.83847,-14.54652],[-46.83536,-14.54203],[-46.83905,-14.55339],[-46.83327,-14.55017],[-46.83283,-14.55681],[-46.82602,-14.55338],[-46.81508,-14.56047],[-46.81172,-14.55762],[-46.81036,-14.56943],[-46.80116,-14.56244],[-46.79122,-14.56993],[-46.78619,-14.56191],[-46.78664,-14.56721],[-46.77305,-14.58233],[-46.7691,-14.57288],[-46.76019,-14.56836],[-46.76047,-14.58051],[-46.75358,-14.57953],[-46.7523,-14.58606],[-46.74605,-14.58291],[-46.74786,-14.58726],[-46.74285,-14.58845],[-46.74844,-14.59194],[-46.74691,-14.59727],[-46.73452,-14.59572],[-46.7353,-14.60697],[-46.72844,-14.60518],[-46.7286,-14.59852],[-46.72405,-14.60247],[-46.71602,-14.59443],[-46.70827,-14.59843],[-46.70333,-14.61066],[-46.6978,-14.61064],[-46.7023,-14.6202],[-46.68097,-14.64671],[-46.68305,-14.66558],[-46.68642,-14.68313],[-46.66725,-14.71637],[-46.67303,-14.72497],[-46.66541,-14.73501],[-46.66725,-14.75615],[-46.65831,-14.77152],[-46.63966,-14.77376],[-46.63311,-14.76833],[-46.62309,-14.80017],[-46.62694,-14.80222],[-46.61917,-14.80231],[-46.61586,-14.80775],[-46.61816,-14.81856],[-46.61672,-14.82941],[-46.61014,-14.82953],[-46.60722,-14.83499],[-46.61214,-14.84849],[-46.60445,-14.85314],[-46.60278,-14.87269],[-46.59617,-14.87619],[-46.59781,-14.8893],[-46.58939,-14.89848],[-46.59164,-14.91106],[-46.582,-14.9202],[-46.5842,-14.93396],[-46.57423,-14.94428],[-46.57615,-14.95502],[-46.565,-14.97368],[-46.56295,-14.98611],[-46.56764,-15.00528],[-46.5597,-15.02863],[-46.53756,-15.04255],[-46.52554,-15.05649],[-46.54493,-15.06565],[-46.55173,-15.06426],[-46.57481,-15.08365],[-46.58751,-15.08114],[-46.59982,-15.08782],[-46.61013,-15.08402],[-46.62496,-15.08953],[-46.64021,-15.08769],[-46.65596,-15.08149],[-46.68118,-15.05864],[-46.72598,-15.03843],[-46.75277,-15.03276],[-46.78126,-15.01936],[-46.83957,-15.00905],[-46.85641,-15.01028],[-46.86369,-15.0204],[-46.91758,-15.04904],[-46.92458,-15.05752],[-46.98385,-14.91059],[-47.05422,-14.90287],[-47.06779,-14.85511],[-47.06515,-14.84569],[-47.0723,-14.83422],[-47.06694,-14.82667],[-47.07232,-14.81013],[-47.08232,-14.80402],[-47.08141,-14.80003],[-47.09749,-14.80373],[-47.10535,-14.79408],[-47.10577,-14.78566],[-47.11399,-14.779],[-47.11393,-14.77085],[-47.09271,-14.75164],[-47.0991,-14.74053],[-47.09513,-14.71986],[-47.1034,-14.72081],[-47.11115,-14.71224],[-47.11185,-14.70672],[-47.10143,-14.70214],[-47.10001,-14.68955],[-47.10173,-14.6795],[-47.10893,-14.67671],[-47.10923,-14.66786],[-47.09746,-14.66363],[-47.10126,-14.64889],[-47.09354,-14.64569],[-47.08971,-14.64928],[-47.08601,-14.64501],[-47.0872,-14.63143],[-47.09715,-14.63031],[-47.09695,-14.63447],[-47.10023,-14.62724],[-47.09028,-14.62656],[-47.0929,-14.62368],[-47.07873,-14.61527],[-47.08598,-14.59946],[-47.08076,-14.59826],[-47.07629,-14.6034],[-47.07215,-14.59523],[-47.08904,-14.58309],[-47.08506,-14.57727],[-47.08115,-14.57961],[-47.0809,-14.57308],[-47.08317,-14.5644],[-47.09509,-14.56356],[-47.09303,-14.5458],[-47.09992,-14.54547],[-47.1057,-14.53834],[-47.10837,-14.54569],[-47.1324,-14.53648],[-47.14487,-14.53798],[-47.15187,-14.53005],[-47.14823,-14.51572],[-47.15673,-14.46627],[-47.1737,-14.45532],[-47.18328,-14.43871],[-47.18031,-14.42267],[-47.1887,-14.40307],[-47.19095,-14.37003],[-47.1817,-14.34915],[-47.18961,-14.33009],[-47.18297,-14.31964],[-47.18392,-14.30271],[-47.17497,-14.2946],[-47.17777,-14.28892],[-47.17114,-14.2675],[-47.13844,-14.25436],[-47.13938,-14.23879],[-47.13132,-14.20515],[-47.08488,-14.17072],[-47.08377,-14.14237],[-47.0676,-14.12968],[-47.0604,-14.11161],[-47.03159,-14.08951],[-47.00849,-14.08981],[-46.99443,-14.08221]]]},"properties":{"CD_MUN":"5207907","NM_MUN":"Flores de Goiás","SIGLA_UF":"GO"}},{"type":"Feature","geometry":{"type":"Polygon","coordinates":[[[-50.35207,-18.76031],[-50.36857,-18.80157],[-50.37832,-18.81466],[-50.42324,-18.83267],[-50.44035,-18.88926],[-50.47286,-18.92155],[-50.48514,-18.89972],[-50.50564,-18.8944],[-50.54097,-18.91027],[-50.56803,-18.90637],[-50.59853,-18.92458],[-50.61567,-18.92693],[-50.67817,-18.91311],[-50.6735,-18.92916],[-50.68126,-18.95862],[-50.69109,-18.96623],[-50.7077,-18.99679],[-50.73676,-18.97217],[-50.76676,-18.96415],[-50.78398,-18.94137],[-50.81523,-18.94023],[-50.8176,-18.93206],[-50.83359,-18.92298],[-50.83442,-18.91678],[-50.8266,-18.90014],[-50.82979,-18.88281],[-50.81934,-18.87083],[-50.83878,-18.74461],[-50.8252,-18.71806],[-50.80575,-18.69416],[-50.79266,-18.66189],[-50.784,-18.65567],[-50.75569,-18.68488],[-50.74169,-18.68364],[-50.74113,-18.68844],[-50.72438,-18.69444],[-50.70378,-18.72031],[-50.69483,-18.72168],[-50.69216,-18.72748],[-50.68264,-18.72378],[-50.68455,-18.73474],[-50.67447,-18.7304],[-50.67439,-18.74654],[-50.66525,-18.74274],[-50.65117,-18.74665],[-50.64516,-18.75745],[-50.64041,-18.75472],[-50.6428,-18.74901],[-50.63127,-18.74475],[-50.62919,-18.75428],[-50.609,-18.75302],[-50.58891,-18.76781],[-50.56913,-18.77072],[-50.57274,-18.74723],[-50.58177,-18.74678],[-50.57871,-18.73835],[-50.58805,-18.73208],[-50.5853,-18.72229],[-50.59127,-18.71268],[-50.58994,-18.69654],[-50.58632,-18.67913],[-50.54957,-18.61413],[-50.52085,-18.62111],[-50.52313,-18.63798],[-50.49599,-18.66308],[-50.48852,-18.68022],[-50.43963,-18.70364],[-50.4276,-18.70164],[-50.42693,-18.7086],[-50.42071,-18.71045],[-50.4264,-18.72136],[-50.42043,-18.73537],[-50.40537,-18.73664],[-50.39185,-18.74865],[-50.36421,-18.76149],[-50.35207,-18.76031]]]},"properties":{"CD_MUN":"5216304","NM_MUN":"Paranaiguara","SIGLA_UF":"GO"}},{"type":"Feature","geometry":{"type":"Polygon","coordinates":[[[-50.48368,-16.63735],[-50.46343,-16.63018],[-50.44543,-16.59606],[-50.4294,-16.58661],[-50.39437,-16.59117],[-50.37881,-16.58329],[-50.37395,-16.57526],[-50.36254,-16.5804],[-50.35395,-16.57396],[-50.34732,-16.57658],[-50.3407,-16.56416],[-50.32098,-16.56335],[-50.3042,-16.55609],[-50.29176,-16.53591],[-50.27803,-16.52952],[-50.28186,-16.50863],[-50.27069,-16.50015],[-50.26692,-16.4817],[-50.24861,-16.45366],[-50.24194,-16.44928],[-50.22636,-16.45214],[-50.24225,-16.48483],[-50.242,-16.49218],[-50.23475,-16.49674],[-50.23189,-16.5153],[-50.24242,-16.52979],[-50.24689,-16.55168],[-50.24059,-16.57021],[-50.24378,-16.58128],[-50.24028,-16.59898],[-50.23231,-16.61265],[-50.23954,-16.63922],[-50.23562,-16.64016],[-50.22884,-16.66136],[-50.21937,-16.66401],[-50.21742,-16.67425],[-50.20951,-16.6799],[-50.21303,-16.70274],[-50.22495,-16.71629],[-50.25295,-16.73316],[-50.25848,-16.77245],[-50.26873,-16.78592],[-50.2691,-16.79363],[-50.28224,-16.80223],[-50.28621,-16.79708],[-50.28579,-16.76654],[-50.29418,-16.76724],[-50.32312,-16.75426],[-50.32901,-16.70695],[-50.35293,-16.69653],[-50.3614,-16.69834],[-50.37143,-16.69159],[-50.36379,-16.65359],[-50.37393,-16.63491],[-50.38465,-16.63813],[-50.39121,-16.62943],[-50.41095,-16.637],[-50.41568,-16.62829],[-50.4289,-16.63552],[-50.43051,-16.64897],[-50.44993,-16.66513],[-50.47638,-16.67277],[-50.49015,-16.66345],[-50.49174,-16.65728],[-50.48368,-16.63735]]]},"properties":{"CD_MUN":"5207808","NM_MUN":"Firminópolis","SIGLA_UF":"GO"}},{"type":"Feature","geometry":{"type":"Polygon","coordinates":[[[-49.28954,-14.9921],[-49.13426,-14.99839],[-49.14343,-15.00281],[-49.14343,-15.01266],[-49.15332,-15.01859],[-49.15046,-15.03084],[-49.15404,-15.04178],[-49.16662,-15.05861],[-49.17674,-15.08448],[-49.17666,-15.11333],[-49.19252,-15.12916],[-49.16674,-15.14138],[-49.15877,-15.1571],[-49.1411,-15.16115],[-49.13841,-15.19786],[-49.12397,-15.22499],[-49.12696,-15.23802],[-49.10155,-15.26587],[-49.08291,-15.26972],[-49.05516,-15.24232],[-49.04198,-15.21584],[-49.04782,-15.20401],[-49.02368,-15.18616],[-49.01329,-15.17046],[-49.00898,-15.16026],[-49.01293,-15.14892],[-49.00446,-15.13832],[-48.97876,-15.13468],[-48.97263,-15.14255],[-48.96987,-15.16146],[-48.92473,-15.15957],[-48.90785,-15.16393],[-48.9149,-15.18995],[-48.9142,-15.20991],[-48.92012,-15.2164],[-48.92093,-15.24088],[-48.92771,-15.25187],[-48.94299,-15.26053],[-49.00024,-15.26526],[-49.01349,-15.2822],[-49.02677,-15.27702],[-49.03871,-15.28834],[-49.04583,-15.30456],[-49.04911,-15.30108],[-49.06211,-15.3076],[-49.06299,-15.32131],[-49.08097,-15.34911],[-49.07908,-15.3617],[-49.08502,-15.37332],[-49.0843,-15.38508],[-49.07083,-15.39636],[-49.07533,-15.4213],[-49.06741,-15.42598],[-49.07744,-15.44112],[-49.06689,-15.44712],[-49.07459,-15.44946],[-49.07441,-15.45518],[-49.09164,-15.46901],[-49.0917,-15.48046],[-49.08114,-15.48601],[-49.08223,-15.51286],[-49.09381,-15.52392],[-49.11939,-15.52514],[-49.08862,-15.53864],[-49.10737,-15.5445],[-49.12973,-15.57395],[-49.14732,-15.58682],[-49.1694,-15.59133],[-49.18631,-15.60246],[-49.19224,-15.6011],[-49.21182,-15.56709],[-49.22509,-15.5718],[-49.23765,-15.55887],[-49.23823,-15.55256],[-49.22912,-15.55018],[-49.22631,-15.54301],[-49.23012,-15.54166],[-49.23151,-15.52826],[-49.22553,-15.5238],[-49.23281,-15.51276],[-49.22498,-15.51047],[-49.22853,-15.49847],[-49.22609,-15.49068],[-49.21932,-15.48866],[-49.22967,-15.46499],[-49.23331,-15.46555],[-49.23481,-15.45475],[-49.25273,-15.45818],[-49.26956,-15.4478],[-49.26898,-15.44053],[-49.28362,-15.43735],[-49.29142,-15.43323],[-49.28932,-15.42827],[-49.29525,-15.41542],[-49.29745,-15.41102],[-49.2762,-15.38753],[-49.28551,-15.37617],[-49.28539,-15.36845],[-49.2755,-15.35711],[-49.2597,-15.35214],[-49.26281,-15.33893],[-49.28028,-15.33897],[-49.28745,-15.32607],[-49.30614,-15.32936],[-49.3147,-15.33991],[-49.34251,-15.3436],[-49.34831,-15.33849],[-49.35414,-15.34028],[-49.3532,-15.32963],[-49.36028,-15.32432],[-49.35381,-15.31977],[-49.34286,-15.29565],[-49.34098,-15.26613],[-49.32364,-15.23449],[-49.32664,-15.21267],[-49.30819,-15.17087],[-49.31277,-15.14295],[-49.30616,-15.10206],[-49.31027,-15.07821],[-49.30835,-15.06902],[-49.29946,-15.06849],[-49.30246,-15.05637],[-49.29196,-15.03354],[-49.29024,-15.00048],[-49.28954,-14.9921]]]},"properties":{"CD_MUN":"5208608","NM_MUN":"Goianésia","SIGLA_UF":"GO"}},{"type":"Feature","geometry":{"type":"Polygon","coordinates":[[[-49.54843,-18.20545],[-49.53754,-18.19478],[-49.53971,-18.17613],[-49.52624,-18.17855],[-49.51263,-18.16148],[-49.52518,-18.15697],[-49.52296,-18.1516],[-49.51077,-18.14896],[-49.5191,-18.13969],[-49.50846,-18.13072],[-49.51154,-18.1166],[-49.49485,-18.11684],[-49.49179,-18.1105],[-49.51193,-18.0933],[-49.50879,-18.08376],[-49.49765,-18.07934],[-49.49068,-18.08892],[-49.45726,-18.09277],[-49.44849,-18.11109],[-49.42148,-18.12283],[-49.4129,-18.13989],[-49.38295,-18.14402],[-49.37409,-18.13347],[-49.34395,-18.18125],[-49.3356,-18.17739],[-49.33354,-18.16879],[-49.31684,-18.16818],[-49.31112,-18.15567],[-49.28737,-18.14388],[-49.27703,-18.14928],[-49.28112,-18.15627],[-49.26217,-18.16239],[-49.2614,-18.17095],[-49.25078,-18.17781],[-49.25648,-18.19047],[-49.24906,-18.20194],[-49.24404,-18.19738],[-49.23887,-18.20282],[-49.23754,-18.2213],[-49.25454,-18.22932],[-49.28501,-18.22801],[-49.29262,-18.24189],[-49.32671,-18.26569],[-49.32902,-18.27942],[-49.34166,-18.28865],[-49.36591,-18.2916],[-49.37532,-18.31091],[-49.38702,-18.31346],[-49.38266,-18.32397],[-49.39063,-18.32748],[-49.3931,-18.33625],[-49.39916,-18.3345],[-49.40599,-18.34061],[-49.41482,-18.32671],[-49.41091,-18.31324],[-49.4171,-18.29011],[-49.42613,-18.28262],[-49.46113,-18.27673],[-49.46802,-18.26985],[-49.47649,-18.27209],[-49.48585,-18.24331],[-49.50043,-18.22985],[-49.50807,-18.2143],[-49.52677,-18.21192],[-49.54213,-18.22383],[-49.5431,-18.21755],[-49.54843,-18.20545]]]},"properties":{"CD_MUN":"5216007","NM_MUN":"Panamá","SIGLA_UF":"GO"}},{"type":"Feature","geometry":{"type":"Polygon","coordinates":[[[-50.21303,-16.70274],[-50.20089,-16.69835],[-50.19389,-16.68586],[-50.15864,-16.68625],[-50.14964,-16.67957],[-50.15843,-16.71948],[-50.11026,-16.79684],[-50.10104,-16.89365],[-50.12746,-16.90225],[-50.13988,-16.9126],[-50.1551,-16.91363],[-50.14463,-16.9209],[-50.1434,-16.93236],[-50.15596,-16.9395],[-50.1759,-16.93344],[-50.19124,-16.91957],[-50.21332,-16.92207],[-50.22754,-16.90901],[-50.2541,-16.9013],[-50.26202,-16.89301],[-50.27696,-16.89955],[-50.2833,-16.89581],[-50.28421,-16.88976],[-50.2861,-16.87019],[-50.28743,-16.86693],[-50.29182,-16.86976],[-50.2899,-16.86141],[-50.30096,-16.86008],[-50.30199,-16.85527],[-50.29493,-16.83834],[-50.30021,-16.82412],[-50.28724,-16.80787],[-50.28301,-16.81017],[-50.28224,-16.80223],[-50.2691,-16.79363],[-50.26873,-16.78592],[-50.25848,-16.77245],[-50.25295,-16.73316],[-50.22495,-16.71629],[-50.21303,-16.70274]]]},"properties":{"CD_MUN":"5215900","NM_MUN":"Palminópolis","SIGLA_UF":"GO"}},{"type":"Feature","geometry":{"type":"Polygon","coordinates":[[[-48.20866,-17.99639],[-48.19726,-18.00394],[-48.2016,-17.98961],[-48.18661,-17.98285],[-48.18858,-17.97415],[-48.17296,-17.96965],[-48.15883,-17.98154],[-48.12693,-17.9742],[-48.11802,-17.98838],[-48.10782,-17.98671],[-48.1023,-17.99345],[-48.09538,-17.99335],[-48.09807,-18.0005],[-48.0886,-18.0178],[-48.07802,-18.02038],[-48.08683,-18.02436],[-48.08849,-18.03366],[-48.07674,-18.03307],[-48.07307,-18.0387],[-48.07638,-18.04622],[-48.07199,-18.04338],[-48.06418,-18.05572],[-48.03035,-18.06523],[-48.03152,-18.07597],[-48.02219,-18.09189],[-48.02352,-18.12444],[-48.03116,-18.13913],[-48.05108,-18.14423],[-48.04797,-18.15059],[-48.02566,-18.16384],[-48.0228,-18.1593],[-48.01841,-18.16206],[-48.0093,-18.17852],[-48.04575,-18.22105],[-48.04311,-18.22538],[-48.04694,-18.23296],[-48.05026,-18.23183],[-48.04543,-18.24213],[-48.05625,-18.25763],[-48.13942,-18.22539],[-48.16114,-18.22888],[-48.18956,-18.21947],[-48.2237,-18.19661],[-48.23956,-18.20147],[-48.23778,-18.20884],[-48.24431,-18.20738],[-48.26828,-18.2214],[-48.27342,-18.20879],[-48.26259,-18.20884],[-48.27319,-18.19689],[-48.26731,-18.19222],[-48.27325,-18.19075],[-48.27583,-18.18033],[-48.27111,-18.1728],[-48.27634,-18.16114],[-48.27197,-18.15731],[-48.27528,-18.14707],[-48.26575,-18.14147],[-48.25975,-18.13013],[-48.262,-18.12376],[-48.25859,-18.12589],[-48.2485,-18.11731],[-48.24586,-18.1244],[-48.23997,-18.11991],[-48.23278,-18.12227],[-48.23,-18.10421],[-48.23572,-18.08301],[-48.22822,-18.0786],[-48.2215,-18.08213],[-48.2168,-18.07334],[-48.20828,-18.06982],[-48.22408,-18.03863],[-48.23422,-18.03442],[-48.21194,-18.01551],[-48.20163,-18.01838],[-48.21038,-18.01081],[-48.20488,-18.00056],[-48.20866,-17.99639]]]},"properties":{"CD_MUN":"5208509","NM_MUN":"Goiandira","SIGLA_UF":"GO"}},{"type":"Feature","geometry":{"type":"Polygon","coordinates":[[[-48.61257,-16.14284],[-48.61987,-16.13776],[-48.6229,-16.12464],[-48.61974,-16.10659],[-48.62396,-16.10313],[-48.61617,-16.08385],[-48.62012,-16.03822],[-48.62606,-16.03363],[-48.63089,-16.0094],[-48.64815,-15.98784],[-48.65073,-15.97502],[-48.64817,-15.96354],[-48.62934,-15.9411],[-48.62834,-15.92786],[-48.60792,-15.94],[-48.59028,-15.92056],[-48.56775,-15.91467],[-48.54147,-15.91561],[-48.52406,-15.93319],[-48.48619,-15.93542],[-48.477,-15.94876],[-48.45983,-15.95809],[-48.45489,-15.96743],[-48.42806,-15.98673],[-48.4093,-15.97667],[-48.39969,-15.97491],[-48.37339,-15.99505],[-48.36628,-16.01508],[-48.36714,-16.08008],[-48.35067,-16.11025],[-48.35456,-16.12886],[-48.35015,-16.15075],[-48.3567,-16.16872],[-48.35356,-16.18608],[-48.36692,-16.18923],[-48.37454,-16.21755],[-48.36246,-16.24142],[-48.34781,-16.24367],[-48.34737,-16.24857],[-48.33598,-16.254],[-48.33706,-16.25765],[-48.32881,-16.25895],[-48.32137,-16.27795],[-48.32062,-16.30123],[-48.32404,-16.31736],[-48.32942,-16.32692],[-48.34009,-16.31753],[-48.34751,-16.32135],[-48.35832,-16.31587],[-48.36571,-16.32346],[-48.3674,-16.31451],[-48.37382,-16.31005],[-48.37934,-16.30082],[-48.39321,-16.30395],[-48.39831,-16.29232],[-48.41115,-16.28669],[-48.41693,-16.27054],[-48.41301,-16.26831],[-48.42182,-16.26433],[-48.42192,-16.24028],[-48.42915,-16.23198],[-48.43454,-16.23236],[-48.44281,-16.20654],[-48.45296,-16.20717],[-48.46262,-16.19992],[-48.47331,-16.20619],[-48.48823,-16.19643],[-48.48829,-16.20019],[-48.51631,-16.1976],[-48.51684,-16.18914],[-48.53121,-16.181],[-48.5339,-16.17355],[-48.5469,-16.16636],[-48.55087,-16.17074],[-48.56218,-16.16945],[-48.56501,-16.16404],[-48.56932,-16.16708],[-48.5881,-16.14898],[-48.61257,-16.14284]]]},"properties":{"CD_MUN":"5200308","NM_MUN":"Alexânia","SIGLA_UF":"GO"}},{"type":"Feature","geometry":{"type":"Polygon","coordinates":[[[-48.98161,-16.40461],[-48.9961,-16.4856],[-49.02121,-16.52494],[-49.02281,-16.54352],[-49.05989,-16.56449],[-49.07059,-16.59151],[-49.07766,-16.5935],[-49.09633,-16.5913],[-49.09543,-16.56751],[-49.10502,-16.56183],[-49.11969,-16.56413],[-49.12319,-16.57647],[-49.13933,-16.57888],[-49.14791,-16.57388],[-49.16727,-16.57841],[-49.16591,-16.56261],[-49.18885,-16.54838],[-49.17633,-16.53844],[-49.15385,-16.5315],[-49.1513,-16.5198],[-49.14485,-16.52437],[-49.12732,-16.51298],[-49.11442,-16.53663],[-49.07984,-16.50055],[-49.06403,-16.46236],[-49.04825,-16.44994],[-49.02214,-16.4462],[-49.0111,-16.41617],[-48.98161,-16.40461]]]},"properties":{"CD_MUN":"5208400","NM_MUN":"Goianápolis","SIGLA_UF":"GO"}},{"type":"Feature","geometry":{"type":"Polygon","coordinates":[[[-48.84665,-17.90785],[-48.81274,-17.92234],[-48.79379,-17.92024],[-48.78223,-17.92689],[-48.78259,-17.9357],[-48.76504,-17.9346],[-48.76045,-17.95298],[-48.74862,-17.96267],[-48.74984,-17.9708],[-48.73187,-17.98343],[-48.73762,-17.99026],[-48.7376,-18.01279],[-48.73257,-18.02673],[-48.7379,-18.03084],[-48.71738,-18.0654],[-48.71963,-18.07562],[-48.71171,-18.08538],[-48.69149,-18.09431],[-48.71546,-18.11736],[-48.71152,-18.12482],[-48.69149,-18.1167],[-48.6839,-18.11906],[-48.68499,-18.12376],[-48.70496,-18.14822],[-48.70985,-18.14926],[-48.71441,-18.13757],[-48.72988,-18.16713],[-48.72494,-18.17087],[-48.71741,-18.16665],[-48.71255,-18.17148],[-48.72699,-18.19219],[-48.71016,-18.19402],[-48.70974,-18.19744],[-48.71944,-18.19961],[-48.74332,-18.22031],[-48.76266,-18.22337],[-48.77761,-18.23875],[-48.78363,-18.24043],[-48.7963,-18.23142],[-48.80755,-18.23345],[-48.81194,-18.22317],[-48.80347,-18.21199],[-48.79977,-18.19409],[-48.81035,-18.19175],[-48.8153,-18.19774],[-48.83655,-18.18791],[-48.83669,-18.18358],[-48.82477,-18.17634],[-48.83327,-18.17479],[-48.85766,-18.15171],[-48.86283,-18.15338],[-48.86194,-18.14778],[-48.85713,-18.14765],[-48.85674,-18.13727],[-48.8743,-18.13696],[-48.87477,-18.12541],[-48.86497,-18.12425],[-48.87266,-18.12052],[-48.87321,-18.11105],[-48.879,-18.10712],[-48.87118,-18.09515],[-48.88154,-18.0956],[-48.8741,-18.08579],[-48.88702,-18.08815],[-48.87783,-18.0804],[-48.88305,-18.0753],[-48.87261,-18.06276],[-48.87777,-18.05405],[-48.86202,-18.04508],[-48.86691,-18.03383],[-48.86135,-18.03271],[-48.86332,-18.01467],[-48.85735,-17.99645],[-48.86449,-17.9918],[-48.85124,-17.98158],[-48.85702,-17.97716],[-48.85062,-17.96879],[-48.85171,-17.95885],[-48.84507,-17.94183],[-48.83374,-17.93535],[-48.84976,-17.9223],[-48.84393,-17.9146],[-48.84665,-17.90785]]]},"properties":{"CD_MUN":"5200209","NM_MUN":"Água Limpa","SIGLA_UF":"GO"}},{"type":"Feature","geometry":{"type":"Polygon","coordinates":[[[-50.21877,-16.30611],[-50.20207,-16.29927],[-50.18438,-16.3002],[-50.16224,-16.32146],[-50.14102,-16.32139],[-50.13869,-16.32902],[-50.13318,-16.33689],[-50.13127,-16.36388],[-50.13371,-16.37068],[-50.14677,-16.37201],[-50.15008,-16.39135],[-50.15857,-16.39469],[-50.15874,-16.41525],[-50.16541,-16.42606],[-50.14883,-16.44346],[-50.16519,-16.47328],[-50.16878,-16.46155],[-50.17714,-16.45769],[-50.17955,-16.4503],[-50.17391,-16.43862],[-50.19124,-16.41452],[-50.20619,-16.41833],[-50.22427,-16.41053],[-50.24455,-16.42022],[-50.23394,-16.40396],[-50.22316,-16.39864],[-50.223,-16.38216],[-50.22988,-16.37035],[-50.22241,-16.36218],[-50.23485,-16.35419],[-50.24533,-16.35491],[-50.24702,-16.349],[-50.21405,-16.34135],[-50.22135,-16.31613],[-50.21877,-16.30611]]]},"properties":{"CD_MUN":"5200159","NM_MUN":"Adelândia","SIGLA_UF":"GO"}},{"type":"Feature","geometry":{"type":"Polygon","coordinates":[[[-49.40178,-16.01547],[-49.39929,-16.00425],[-49.38589,-16.00232],[-49.38173,-15.99221],[-49.37553,-15.99172],[-49.36986,-16.00619],[-49.36454,-16.00658],[-49.29036,-16.00661],[-49.28372,-16.01264],[-49.27448,-16.01223],[-49.27145,-16.0234],[-49.26303,-16.02127],[-49.26109,-16.03847],[-49.25492,-16.04102],[-49.25406,-16.04693],[-49.25036,-16.04361],[-49.24686,-16.049],[-49.23639,-16.04902],[-49.22462,-16.05637],[-49.22803,-16.06917],[-49.21959,-16.08107],[-49.19192,-16.08328],[-49.18089,-16.08302],[-49.1673,-16.07194],[-49.15889,-16.05736],[-49.15786,-16.02877],[-49.13075,-16.00687],[-49.11808,-16.00907],[-49.11827,-16.04105],[-49.13139,-16.05269],[-49.14528,-16.05741],[-49.14806,-16.07433],[-49.15264,-16.07756],[-49.14947,-16.08333],[-49.1637,-16.09258],[-49.15478,-16.11984],[-49.16006,-16.13222],[-49.17734,-16.14373],[-49.1882,-16.14027],[-49.19189,-16.14394],[-49.19542,-16.15276],[-49.20792,-16.16109],[-49.20392,-16.17339],[-49.21023,-16.17599],[-49.2162,-16.19137],[-49.22928,-16.19214],[-49.23193,-16.19917],[-49.25265,-16.21011],[-49.2532,-16.19973],[-49.26012,-16.19725],[-49.27298,-16.2083],[-49.2724,-16.21975],[-49.31279,-16.23072],[-49.31977,-16.21588],[-49.33702,-16.21449],[-49.34284,-16.20362],[-49.34776,-16.20427],[-49.34757,-16.20917],[-49.37926,-16.19658],[-49.38548,-16.18828],[-49.39435,-16.18968],[-49.40426,-16.195],[-49.41129,-16.17411],[-49.42543,-16.17351],[-49.42793,-16.16728],[-49.44801,-16.16787],[-49.4576,-16.13958],[-49.45418,-16.11439],[-49.44401,-16.11088],[-49.44404,-16.09519],[-49.43737,-16.08353],[-49.4412,-16.07608],[-49.43273,-16.06627],[-49.43356,-16.05816],[-49.42234,-16.05283],[-49.42106,-16.04458],[-49.40517,-16.03088],[-49.40178,-16.01547]]]},"properties":{"CD_MUN":"5216809","NM_MUN":"Petrolina de Goiás","SIGLA_UF":"GO"}},{"type":"Feature","geometry":{"type":"Polygon","coordinates":[[[-47.77081,-14.64101],[-47.75892,-14.64005],[-47.7467,-14.65116],[-47.71656,-14.65295],[-47.70487,-14.67171],[-47.6917,-14.7424],[-47.68909,-14.73599],[-47.67417,-14.72878],[-47.66948,-14.71433],[-47.65942,-14.70644],[-47.63092,-14.7441],[-47.63131,-14.7509],[-47.6409,-14.75915],[-47.64587,-14.83097],[-47.63381,-14.83026],[-47.61381,-14.79383],[-47.58406,-14.77432],[-47.57439,-14.75683],[-47.56647,-14.7572],[-47.55522,-14.73009],[-47.54247,-14.73041],[-47.53353,-14.7382],[-47.52314,-14.77622],[-47.47294,-14.80268],[-47.47792,-14.81736],[-47.48984,-14.84293],[-47.49914,-14.90714],[-47.51601,-14.92342],[-47.53762,-14.93135],[-47.54784,-14.92593],[-47.56456,-14.93906],[-47.56373,-14.94665],[-47.57454,-14.96479],[-47.57313,-15.04711],[-47.67949,-15.03924],[-47.70599,-15.02114],[-47.72046,-15.01776],[-47.72477,-15.02926],[-47.72994,-15.02574],[-47.73749,-15.03516],[-47.74413,-15.03471],[-47.74344,-15.04127],[-47.76197,-15.04216],[-47.77891,-15.06196],[-47.78258,-15.07478],[-47.79286,-15.07378],[-47.82072,-15.09654],[-47.83969,-15.09121],[-47.85406,-15.09889],[-47.8535,-15.09061],[-47.85822,-15.08783],[-47.87725,-15.09373],[-47.88486,-15.08593],[-47.88972,-15.08985],[-47.89981,-15.08559],[-47.90797,-15.0905],[-47.917,-15.08056],[-47.92978,-15.08021],[-47.92992,-15.07323],[-47.93586,-15.08658],[-47.94486,-15.08147],[-47.94422,-15.08683],[-47.95078,-15.08569],[-47.95367,-15.09528],[-47.96256,-15.09767],[-47.9655,-15.09418],[-47.96256,-15.09912],[-47.9707,-15.10104],[-47.96912,-15.10595],[-47.98948,-15.10381],[-47.99576,-15.11993],[-48.00617,-15.11556],[-48.00662,-15.12331],[-48.01362,-15.12522],[-48.00998,-15.12875],[-48.0169,-15.12754],[-48.01773,-15.13266],[-48.029,-15.13686],[-48.05067,-15.13624],[-48.05556,-15.13163],[-48.05845,-15.14072],[-48.07012,-15.14287],[-48.07262,-15.14989],[-48.09076,-15.13575],[-48.09131,-15.11727],[-48.09843,-15.11157],[-48.08684,-15.10865],[-48.08476,-15.09782],[-48.07375,-15.09133],[-48.08295,-15.08289],[-48.06184,-15.06361],[-48.05731,-15.05051],[-48.05922,-15.0363],[-48.05575,-15.03208],[-48.06281,-15.02457],[-48.05734,-15.01115],[-48.05917,-14.98954],[-48.0485,-14.97954],[-48.0515,-14.96256],[-48.04297,-14.96074],[-48.03992,-14.9654],[-48.03506,-14.96019],[-48.04475,-14.94528],[-48.04183,-14.93339],[-48.04578,-14.92293],[-48.05422,-14.91942],[-48.05853,-14.90924],[-48.07086,-14.90568],[-48.07722,-14.89507],[-48.059,-14.85846],[-48.04261,-14.85854],[-48.03572,-14.85176],[-48.04044,-14.83814],[-48.02752,-14.82387],[-48.01255,-14.82305],[-48.00357,-14.81009],[-47.98977,-14.80262],[-47.95113,-14.80292],[-47.92218,-14.79433],[-47.90724,-14.79882],[-47.88893,-14.77837],[-47.8759,-14.77717],[-47.8561,-14.76566],[-47.85035,-14.75538],[-47.8349,-14.7441],[-47.82854,-14.72837],[-47.82537,-14.72952],[-47.82098,-14.72178],[-47.82401,-14.71719],[-47.81184,-14.69724],[-47.80323,-14.69182],[-47.79073,-14.69533],[-47.78026,-14.68227],[-47.78076,-14.6686],[-47.77595,-14.66557],[-47.77081,-14.64101]]]},"properties":{"CD_MUN":"5200175","NM_MUN":"Água Fria de Goiás","SIGLA_UF":"GO"}},{"type":"Feature","geometry":{"type":"Polygon","coordinates":[[[-48.93947,-16.13448],[-48.91369,-16.08696],[-48.90227,-16.05447],[-48.9011,-16.0301],[-48.91374,-16.01662],[-48.90701,-15.98948],[-48.79379,-16.01352],[-48.78401,-16.038],[-48.76529,-16.05573],[-48.75677,-16.0719],[-48.73562,-16.08994],[-48.72012,-16.09667],[-48.72066,-16.10494],[-48.71171,-16.12054],[-48.6981,-16.12948],[-48.69943,-16.133],[-48.69246,-16.13326],[-48.68693,-16.1437],[-48.66768,-16.15227],[-48.65549,-16.1506],[-48.65032,-16.14467],[-48.62246,-16.14836],[-48.61257,-16.14284],[-48.5881,-16.14898],[-48.56932,-16.16708],[-48.56501,-16.16404],[-48.56218,-16.16945],[-48.55087,-16.17074],[-48.5469,-16.16636],[-48.5339,-16.17355],[-48.53121,-16.181],[-48.51684,-16.18914],[-48.51631,-16.1976],[-48.48829,-16.20019],[-48.48823,-16.19643],[-48.47331,-16.20619],[-48.46262,-16.19992],[-48.45296,-16.20717],[-48.44281,-16.20654],[-48.43454,-16.23236],[-48.42915,-16.23198],[-48.42192,-16.24028],[-48.42182,-16.26433],[-48.41301,-16.26831],[-48.41693,-16.27054],[-48.41115,-16.28669],[-48.42404,-16.28997],[-48.43593,-16.28365],[-48.44488,-16.29165],[-48.45643,-16.28495],[-48.46746,-16.29626],[-48.48951,-16.29583],[-48.48835,-16.3044],[-48.4938,-16.30613],[-48.49613,-16.32399],[-48.50088,-16.32112],[-48.50516,-16.32841],[-48.51988,-16.33241],[-48.5171,-16.33802],[-48.52291,-16.34119],[-48.5428,-16.34067],[-48.55024,-16.3463],[-48.55896,-16.33159],[-48.57282,-16.32772],[-48.58591,-16.33215],[-48.59588,-16.32604],[-48.59816,-16.3172],[-48.61766,-16.31002],[-48.62255,-16.30428],[-48.62097,-16.29406],[-48.63088,-16.28272],[-48.64066,-16.28212],[-48.64983,-16.29049],[-48.6583,-16.2915],[-48.67174,-16.28648],[-48.7018,-16.29013],[-48.71858,-16.28164],[-48.76922,-16.29128],[-48.77302,-16.27757],[-48.78711,-16.26847],[-48.80517,-16.26932],[-48.81605,-16.25709],[-48.82575,-16.25591],[-48.82594,-16.23754],[-48.84294,-16.22836],[-48.85303,-16.22863],[-48.87144,-16.23851],[-48.89684,-16.23717],[-48.9218,-16.21904],[-48.94192,-16.23558],[-48.95478,-16.2315],[-48.95989,-16.21973],[-48.93314,-16.1923],[-48.92928,-16.17019],[-48.92225,-16.16358],[-48.93947,-16.13448]]]},"properties":{"CD_MUN":"5200100","NM_MUN":"Abadiânia","SIGLA_UF":"GO"}},{"type":"Feature","geometry":{"type":"Polygon","coordinates":[[[-46.45053,-13.05498],[-46.44884,-13.05503],[-46.44184,-13.06453],[-46.44114,-13.08176],[-46.42573,-13.08615],[-46.42178,-13.10287],[-46.40889,-13.10832],[-46.41103,-13.12119],[-46.40204,-13.13024],[-46.37528,-13.2174],[-46.3829,-13.22755],[-46.37929,-13.26259],[-46.38418,-13.27136],[-46.38207,-13.28561],[-46.38973,-13.292],[-46.39454,-13.31346],[-46.38157,-13.33678],[-46.3879,-13.35224],[-46.3829,-13.35519],[-46.38249,-13.38286],[-46.71392,-13.38545],[-46.70466,-13.38079],[-46.70678,-13.37558],[-46.69849,-13.36891],[-46.70041,-13.36071],[-46.69591,-13.35316],[-46.70125,-13.34989],[-46.69997,-13.34157],[-46.70822,-13.33081],[-46.70103,-13.31105],[-46.70247,-13.29805],[-46.68847,-13.29756],[-46.67691,-13.28368],[-46.68483,-13.25959],[-46.67777,-13.24727],[-46.68261,-13.24365],[-46.64253,-13.23312],[-46.62846,-13.22058],[-46.61518,-13.2238],[-46.60677,-13.2184],[-46.60571,-13.2117],[-46.60143,-13.21558],[-46.59318,-13.21045],[-46.58963,-13.21377],[-46.57279,-13.19372],[-46.55804,-13.18533],[-46.55443,-13.17613],[-46.54193,-13.16971],[-46.54001,-13.1613],[-46.53076,-13.15509],[-46.52801,-13.14016],[-46.52371,-13.14358],[-46.5239,-13.13351],[-46.51862,-13.13268],[-46.5057,-13.09712],[-46.48026,-13.08681],[-46.47304,-13.07516],[-46.46023,-13.07318],[-46.45251,-13.06589],[-46.45053,-13.05498]]]},"properties":{"CD_MUN":"5208301","NM_MUN":"Divinópolis de Goiás","SIGLA_UF":"GO"}},{"type":"Feature","geometry":{"type":"Polygon","coordinates":[[[-50.24498,-17.27122],[-50.237,-17.27896],[-50.23564,-17.28751],[-50.2242,-17.27945],[-50.22142,-17.29399],[-50.21164,-17.29182],[-50.20681,-17.29715],[-50.20001,-17.2964],[-50.20381,-17.27749],[-50.19975,-17.26715],[-50.19273,-17.27194],[-50.18623,-17.2685],[-50.1812,-17.27613],[-50.18606,-17.28175],[-50.18264,-17.29193],[-50.18722,-17.30174],[-50.17517,-17.30359],[-50.17217,-17.3155],[-50.17772,-17.32372],[-50.19528,-17.33265],[-50.19239,-17.34351],[-50.19909,-17.33932],[-50.20359,-17.3445],[-50.20423,-17.364],[-50.19664,-17.35458],[-50.19415,-17.35938],[-50.18554,-17.35119],[-50.17423,-17.35026],[-50.16884,-17.35878],[-50.16342,-17.35918],[-50.15703,-17.34309],[-50.148,-17.33996],[-50.1405,-17.34842],[-50.14156,-17.36668],[-50.13211,-17.36501],[-50.12259,-17.37795],[-50.12711,-17.39419],[-50.12401,-17.40089],[-50.12895,-17.40861],[-50.11542,-17.4076],[-50.12495,-17.42451],[-50.11567,-17.42907],[-50.11901,-17.43731],[-50.10992,-17.44482],[-50.09964,-17.43704],[-50.0842,-17.45474],[-50.07556,-17.45121],[-50.07334,-17.46149],[-50.07856,-17.47267],[-50.06795,-17.4823],[-50.07026,-17.486],[-50.06492,-17.49273],[-50.07564,-17.50348],[-50.06946,-17.51862],[-50.07995,-17.52409],[-50.07249,-17.52919],[-50.08015,-17.54272],[-50.09343,-17.54391],[-50.09201,-17.56409],[-50.10448,-17.57931],[-50.09973,-17.59148],[-50.11226,-17.59108],[-50.11465,-17.59868],[-50.12226,-17.59684],[-50.12904,-17.60615],[-50.14568,-17.59417],[-50.15001,-17.59861],[-50.15527,-17.58972],[-50.14774,-17.58666],[-50.1681,-17.56625],[-50.17188,-17.571],[-50.18337,-17.56773],[-50.20049,-17.57171],[-50.23057,-17.56497],[-50.25446,-17.58038],[-50.26691,-17.57076],[-50.27716,-17.58304],[-50.27263,-17.59093],[-50.27774,-17.60321],[-50.29513,-17.61371],[-50.31969,-17.61256],[-50.33347,-17.59702],[-50.36108,-17.60744],[-50.37739,-17.60383],[-50.39538,-17.61813],[-50.43253,-17.61748],[-50.45392,-17.63915],[-50.46567,-17.64283],[-50.47664,-17.65703],[-50.48233,-17.64955],[-50.49711,-17.6516],[-50.52081,-17.64649],[-50.54661,-17.60445],[-50.55844,-17.59603],[-50.54567,-17.57777],[-50.55838,-17.55647],[-50.55833,-17.5429],[-50.54905,-17.53339],[-50.52655,-17.53486],[-50.51519,-17.52129],[-50.51619,-17.50462],[-50.52536,-17.49304],[-50.5213,-17.47695],[-50.52883,-17.47381],[-50.54236,-17.47672],[-50.52458,-17.46437],[-50.52296,-17.44867],[-50.52794,-17.43579],[-50.52369,-17.43237],[-50.52708,-17.42926],[-50.52652,-17.40912],[-50.52263,-17.40353],[-50.50999,-17.4004],[-50.5021,-17.37495],[-50.50185,-17.36487],[-50.50885,-17.36146],[-50.51321,-17.34599],[-50.49554,-17.34342],[-50.4816,-17.33287],[-50.4671,-17.33691],[-50.45918,-17.33108],[-50.44815,-17.30607],[-50.43054,-17.28871],[-50.42203,-17.23104],[-50.39197,-17.18902],[-50.35234,-17.30252],[-50.33315,-17.29611],[-50.31884,-17.27633],[-50.27845,-17.24918],[-50.26103,-17.24799],[-50.25403,-17.25222],[-50.25203,-17.26608],[-50.24498,-17.27122]]]},"properties":{"CD_MUN":"5200134","NM_MUN":"Acreúna","SIGLA_UF":"GO"}},{"type":"Feature","geometry":{"type":"Polygon","coordinates":[[[-50.20844,-17.77109],[-50.20208,-17.7773],[-50.19394,-17.774],[-50.18016,-17.77914],[-50.14955,-17.80777],[-50.13208,-17.79863],[-50.13416,-17.78744],[-50.12375,-17.78981],[-50.11352,-17.77852],[-50.10699,-17.77694],[-50.10952,-17.78506],[-50.10472,-17.78964],[-50.09208,-17.79037],[-50.08669,-17.78527],[-50.08046,-17.79747],[-50.05997,-17.80005],[-50.05222,-17.7952],[-50.01902,-17.79599],[-50.01391,-17.78155],[-49.98541,-17.78264],[-49.97532,-17.77609],[-49.95476,-17.79265],[-49.94252,-17.79727],[-49.9169,-17.79584],[-49.88863,-17.81195],[-49.88813,-17.83421],[-49.86341,-17.85902],[-49.82796,-17.85459],[-49.78679,-17.89905],[-49.78282,-17.88603],[-49.76201,-17.8694],[-49.75021,-17.86578],[-49.72926,-17.86706],[-49.67943,-17.85892],[-49.67318,-17.87169],[-49.65912,-17.88392],[-49.6444,-17.86753],[-49.59698,-17.84087],[-49.56431,-17.83283],[-49.54989,-17.84355],[-49.54034,-17.84039],[-49.52845,-17.85057],[-49.52995,-17.85591],[-49.51826,-17.85558],[-49.49675,-17.83453],[-49.48419,-17.84218],[-49.46428,-17.84145],[-49.45381,-17.85091],[-49.45064,-17.85826],[-49.45992,-17.87298],[-49.4507,-17.87118],[-49.44787,-17.87582],[-49.45473,-17.89496],[-49.44597,-17.89679],[-49.435,-17.91729],[-49.39539,-17.91593],[-49.39119,-17.93398],[-49.38447,-17.93426],[-49.36181,-17.96091],[-49.34931,-17.95446],[-49.28889,-17.94629],[-49.17444,-17.98907],[-49.17484,-18.01391],[-49.17956,-18.02172],[-49.17583,-18.02627],[-49.1655,-18.02265],[-49.17639,-18.03431],[-49.17328,-18.04302],[-49.179,-18.04624],[-49.18197,-18.05692],[-49.17806,-18.06256],[-49.18623,-18.08051],[-49.20356,-18.09151],[-49.20948,-18.10835],[-49.21711,-18.10879],[-49.20995,-18.1171],[-49.22114,-18.11957],[-49.22612,-18.13973],[-49.23667,-18.14823],[-49.23215,-18.15603],[-49.24364,-18.15606],[-49.24584,-18.16661],[-49.2504,-18.16777],[-49.25078,-18.17781],[-49.2614,-18.17095],[-49.26217,-18.16239],[-49.28112,-18.15627],[-49.27703,-18.14928],[-49.28737,-18.14388],[-49.31112,-18.15567],[-49.31684,-18.16818],[-49.33354,-18.16879],[-49.3356,-18.17739],[-49.34395,-18.18125],[-49.37409,-18.13347],[-49.38295,-18.14402],[-49.4129,-18.13989],[-49.42148,-18.12283],[-49.44849,-18.11109],[-49.45726,-18.09277],[-49.49068,-18.08892],[-49.49765,-18.07934],[-49.50879,-18.08376],[-49.51193,-18.0933],[-49.49179,-18.1105],[-49.49485,-18.11684],[-49.51154,-18.1166],[-49.50846,-18.13072],[-49.5191,-18.13969],[-49.51077,-18.14896],[-49.52296,-18.1516],[-49.52518,-18.15697],[-49.51263,-18.16148],[-49.52624,-18.17855],[-49.53971,-18.17613],[-49.53754,-18.19478],[-49.54843,-18.20545],[-49.55671,-18.20537],[-49.57938,-18.18561],[-49.58241,-18.17494],[-49.59316,-18.1704],[-49.58363,-18.14584],[-49.62138,-18.09973],[-49.68146,-18.0778],[-49.70347,-18.08839],[-49.74211,-18.08115],[-49.78436,-18.06332],[-49.80139,-18.06697],[-49.84016,-18.03786],[-49.83569,-18.03003],[-49.83546,-18.00917],[-49.84791,-18.0039],[-49.86402,-18.0059],[-49.86063,-18.0146],[-49.87013,-18.01077],[-49.87758,-18.0313],[-49.88441,-18.02809],[-49.89205,-18.03394],[-49.89899,-18.02764],[-49.89905,-18.03707],[-49.90777,-18.03558],[-49.91122,-18.04603],[-49.9263,-18.0552],[-49.925,-18.06534],[-49.936,-18.06523],[-49.935,-18.07365],[-49.94025,-18.07033],[-49.94644,-18.07817],[-49.95764,-18.07524],[-49.95928,-18.08822],[-49.9695,-18.08665],[-49.97981,-18.09243],[-49.97553,-18.1079],[-49.99295,-18.09758],[-50.00051,-18.10167],[-50.00584,-18.10043],[-50.00483,-18.12037],[-50.01606,-18.11198],[-50.04264,-18.10485],[-50.0389,-18.09381],[-50.06756,-18.10181],[-50.07006,-18.10841],[-50.07706,-18.10475],[-50.07851,-18.11018],[-50.07259,-18.11619],[-50.08592,-18.12709],[-50.09206,-18.12433],[-50.09651,-18.10726],[-50.10415,-18.11392],[-50.11028,-18.11226],[-50.11678,-18.11857],[-50.13701,-18.12279],[-50.13492,-18.11157],[-50.14201,-18.10481],[-50.16131,-18.11984],[-50.16182,-18.08973],[-50.17012,-18.07336],[-50.18726,-18.0604],[-50.19531,-18.05571],[-50.22698,-18.01292],[-50.20709,-18.00036],[-50.20154,-17.98173],[-50.23095,-17.98773],[-50.23842,-17.97817],[-50.24603,-17.98149],[-50.26487,-17.97282],[-50.27598,-17.98803],[-50.28559,-17.98968],[-50.29262,-17.97467],[-50.28284,-17.96658],[-50.28079,-17.95173],[-50.29512,-17.93592],[-50.29725,-17.92264],[-50.29117,-17.9107],[-50.28364,-17.91466],[-50.27659,-17.90893],[-50.27109,-17.9158],[-50.26509,-17.9076],[-50.25767,-17.91203],[-50.23858,-17.90107],[-50.23997,-17.8886],[-50.23284,-17.86675],[-50.24378,-17.85547],[-50.25509,-17.8526],[-50.2545,-17.84411],[-50.243,-17.84164],[-50.24192,-17.83611],[-50.256,-17.82271],[-50.26825,-17.81817],[-50.26467,-17.8031],[-50.27003,-17.79586],[-50.26369,-17.78265],[-50.236,-17.79172],[-50.20844,-17.77109]]]},"properties":{"CD_MUN":"5209101","NM_MUN":"Goiatuba","SIGLA_UF":"GO"}},{"type":"Feature","geometry":{"type":"Polygon","coordinates":[[[-50.10874,-18.32498],[-50.09227,-18.33518],[-50.07599,-18.35857],[-50.05808,-18.35931],[-50.04713,-18.38926],[-50.04999,-18.40368],[-50.06447,-18.41148],[-50.06702,-18.42751],[-50.05108,-18.44528],[-50.03774,-18.48469],[-50.04407,-18.49762],[-50.03963,-18.50609],[-50.04294,-18.51976],[-50.03163,-18.53053],[-50.02975,-18.54018],[-50.04725,-18.5632],[-50.04989,-18.57713],[-50.04577,-18.5849],[-50.02999,-18.59166],[-50.0285,-18.60148],[-50.03983,-18.61385],[-50.04994,-18.64356],[-50.06811,-18.65625],[-50.07983,-18.67232],[-50.16403,-18.66437],[-50.19861,-18.67909],[-50.2249,-18.68164],[-50.25001,-18.6779],[-50.26971,-18.68419],[-50.26042,-18.65124],[-50.25075,-18.64983],[-50.25328,-18.64436],[-50.24081,-18.62675],[-50.24562,-18.62152],[-50.24981,-18.62488],[-50.24884,-18.61498],[-50.26,-18.60982],[-50.26245,-18.60362],[-50.25695,-18.59606],[-50.26342,-18.59159],[-50.25912,-18.58578],[-50.26159,-18.57895],[-50.26806,-18.57485],[-50.27303,-18.53093],[-50.28667,-18.52935],[-50.28939,-18.52344],[-50.28803,-18.51669],[-50.2727,-18.52221],[-50.26631,-18.51563],[-50.26784,-18.48439],[-50.26247,-18.46321],[-50.27069,-18.45727],[-50.26722,-18.44986],[-50.27025,-18.40931],[-50.28805,-18.37819],[-50.25013,-18.37301],[-50.23541,-18.36059],[-50.16513,-18.34154],[-50.15966,-18.33433],[-50.14743,-18.33703],[-50.13627,-18.32522],[-50.12282,-18.33201],[-50.10874,-18.32498]]]},"properties":{"CD_MUN":"5209150","NM_MUN":"Gouvelândia","SIGLA_UF":"GO"}},{"type":"Feature","geometry":{"type":"Polygon","coordinates":[[[-49.94023,-16.22415],[-49.92564,-16.22661],[-49.91581,-16.21871],[-49.90039,-16.23031],[-49.87392,-16.22838],[-49.86645,-16.24788],[-49.87162,-16.26647],[-49.88076,-16.25845],[-49.91953,-16.261],[-49.93537,-16.24493],[-49.94462,-16.24536],[-49.95907,-16.26033],[-49.96857,-16.28044],[-49.97715,-16.27987],[-49.98648,-16.29378],[-49.98692,-16.30722],[-49.97965,-16.32345],[-49.98282,-16.33147],[-50.00873,-16.33051],[-50.01307,-16.31758],[-50.02143,-16.31503],[-50.02752,-16.30254],[-50.04529,-16.31079],[-50.03007,-16.28036],[-50.0304,-16.25189],[-50.04993,-16.26169],[-50.04817,-16.26577],[-50.06304,-16.29054],[-50.07324,-16.29118],[-50.09893,-16.28036],[-50.0949,-16.26803],[-50.10554,-16.24575],[-50.08799,-16.22158],[-50.0472,-16.22486],[-50.03165,-16.23579],[-50.02165,-16.23288],[-50.00118,-16.24074],[-49.9932,-16.23628],[-49.9662,-16.23792],[-49.94023,-16.22415]]]},"properties":{"CD_MUN":"5200852","NM_MUN":"Americano do Brasil","SIGLA_UF":"GO"}},{"type":"Feature","geometry":{"type":"Polygon","coordinates":[[[-51.23162,-16.50463],[-51.21948,-16.50377],[-51.20617,-16.52052],[-51.20082,-16.51769],[-51.19786,-16.52521],[-51.1842,-16.53133],[-51.17326,-16.51977],[-51.14337,-16.51031],[-51.12622,-16.51551],[-51.09264,-16.51329],[-51.07042,-16.52019],[-51.0752,-16.52447],[-51.07161,-16.5309],[-51.0635,-16.53141],[-51.06709,-16.5336],[-51.06017,-16.54002],[-51.06533,-16.54439],[-51.06286,-16.54911],[-51.02336,-16.56917],[-51.02739,-16.59151],[-51.0235,-16.60075],[-51.0307,-16.61203],[-51.03026,-16.62582],[-51.01395,-16.63002],[-51.00884,-16.63616],[-50.99981,-16.63546],[-51.00212,-16.64204],[-51.01826,-16.65317],[-51.02795,-16.65594],[-51.03429,-16.64989],[-51.03448,-16.66568],[-51.02359,-16.68178],[-51.02287,-16.69766],[-51.03606,-16.73637],[-51.04721,-16.74758],[-51.04409,-16.78776],[-51.05115,-16.81247],[-51.05704,-16.8213],[-51.07288,-16.82381],[-51.0649,-16.81525],[-51.06493,-16.80554],[-51.07307,-16.7984],[-51.09041,-16.79984],[-51.09579,-16.79251],[-51.08821,-16.78304],[-51.10787,-16.76606],[-51.10198,-16.75633],[-51.1034,-16.73419],[-51.11454,-16.7287],[-51.11151,-16.70991],[-51.11445,-16.69948],[-51.12434,-16.69862],[-51.11751,-16.69015],[-51.1202,-16.67528],[-51.1327,-16.66144],[-51.13723,-16.63324],[-51.15792,-16.63196],[-51.16412,-16.63933],[-51.18293,-16.64584],[-51.19401,-16.6241],[-51.19501,-16.61086],[-51.20123,-16.6067],[-51.20245,-16.58094],[-51.21626,-16.56338],[-51.23462,-16.5609],[-51.23595,-16.55283],[-51.24406,-16.54596],[-51.23162,-16.50463]]]},"properties":{"CD_MUN":"5200902","NM_MUN":"Amorinópolis","SIGLA_UF":"GO"}},{"type":"Feature","geometry":{"type":"Polygon","coordinates":[[[-50.81137,-16.69539],[-50.81645,-16.72746],[-50.80375,-16.73426],[-50.80664,-16.75589],[-50.79681,-16.78717],[-50.77725,-16.80824],[-50.75992,-16.81682],[-50.73575,-16.80686],[-50.70137,-16.81021],[-50.68897,-16.81994],[-50.67645,-16.82204],[-50.65764,-16.83728],[-50.65106,-16.83976],[-50.64089,-16.83498],[-50.57586,-16.84794],[-50.56933,-16.83123],[-50.55214,-16.82767],[-50.53569,-16.81367],[-50.52283,-16.8163],[-50.51646,-16.81095],[-50.50649,-16.81161],[-50.48146,-16.79755],[-50.47958,-16.80117],[-50.44886,-16.79716],[-50.44349,-16.81099],[-50.45827,-16.84641],[-50.45089,-16.87571],[-50.455,-16.88769],[-50.42699,-16.9019],[-50.41791,-16.91537],[-50.39777,-16.91007],[-50.38752,-16.89509],[-50.37022,-16.89024],[-50.35838,-16.89463],[-50.34291,-16.88401],[-50.32796,-16.88216],[-50.3206,-16.89144],[-50.31121,-16.89337],[-50.28421,-16.88976],[-50.2833,-16.89581],[-50.28977,-16.90219],[-50.28952,-16.91444],[-50.27702,-16.94653],[-50.28452,-16.96457],[-50.27602,-16.97163],[-50.28011,-16.98111],[-50.29522,-16.99321],[-50.29555,-17.00285],[-50.29039,-17.00784],[-50.29791,-17.02176],[-50.29083,-17.03061],[-50.29139,-17.04027],[-50.28478,-17.04265],[-50.29367,-17.05774],[-50.29966,-17.05595],[-50.30791,-17.07107],[-50.30525,-17.07962],[-50.29956,-17.0818],[-50.28647,-17.07811],[-50.29339,-17.08497],[-50.29056,-17.08909],[-50.29736,-17.09084],[-50.29859,-17.10477],[-50.28325,-17.10184],[-50.28733,-17.10718],[-50.27339,-17.11434],[-50.28236,-17.1218],[-50.27883,-17.12206],[-50.28103,-17.12759],[-50.2955,-17.13222],[-50.29419,-17.1396],[-50.28514,-17.13799],[-50.27111,-17.15545],[-50.28578,-17.16504],[-50.28795,-17.17491],[-50.29592,-17.18182],[-50.25828,-17.21121],[-50.25973,-17.22499],[-50.24806,-17.22542],[-50.25067,-17.23386],[-50.23361,-17.23785],[-50.23764,-17.25495],[-50.22967,-17.25951],[-50.24498,-17.27122],[-50.25203,-17.26608],[-50.25403,-17.25222],[-50.26103,-17.24799],[-50.27845,-17.24918],[-50.31884,-17.27633],[-50.33315,-17.29611],[-50.35234,-17.30252],[-50.39197,-17.18902],[-50.42203,-17.23104],[-50.43054,-17.28871],[-50.44815,-17.30607],[-50.45918,-17.33108],[-50.4671,-17.33691],[-50.4816,-17.33287],[-50.49554,-17.34342],[-50.51321,-17.34599],[-50.50885,-17.36146],[-50.50185,-17.36487],[-50.5021,-17.37495],[-50.50999,-17.4004],[-50.52263,-17.40353],[-50.52652,-17.40912],[-50.52708,-17.42926],[-50.53421,-17.43018],[-50.54152,-17.41476],[-50.55121,-17.41763],[-50.56005,-17.41375],[-50.55472,-17.40784],[-50.55677,-17.40413],[-50.5683,-17.40781],[-50.57893,-17.40376],[-50.58927,-17.40971],[-50.59035,-17.39459],[-50.59835,-17.40092],[-50.60352,-17.3984],[-50.5973,-17.39154],[-50.59871,-17.38441],[-50.60755,-17.37659],[-50.61677,-17.3766],[-50.63119,-17.36765],[-50.6371,-17.37258],[-50.63466,-17.38659],[-50.64036,-17.37849],[-50.64797,-17.37784],[-50.63983,-17.36791],[-50.65405,-17.36103],[-50.6548,-17.34831],[-50.65994,-17.35037],[-50.66299,-17.36068],[-50.67008,-17.35829],[-50.66997,-17.35009],[-50.68127,-17.33708],[-50.67699,-17.33014],[-50.69675,-17.32031],[-50.69424,-17.31523],[-50.69869,-17.31077],[-50.68994,-17.2981],[-50.69974,-17.29827],[-50.70283,-17.3072],[-50.70588,-17.29965],[-50.71677,-17.29937],[-50.71782,-17.28294],[-50.72427,-17.288],[-50.72635,-17.27438],[-50.73741,-17.26663],[-50.72505,-17.25956],[-50.72857,-17.25323],[-50.7256,-17.24956],[-50.71883,-17.25243],[-50.72013,-17.24832],[-50.72866,-17.23697],[-50.75147,-17.23184],[-50.75185,-17.22489],[-50.76666,-17.21131],[-50.76585,-17.1988],[-50.79816,-17.18029],[-50.80302,-17.18864],[-50.81502,-17.18705],[-50.82119,-17.19214],[-50.82435,-17.18588],[-50.83638,-17.18414],[-50.83655,-17.1725],[-50.86966,-17.17292],[-50.87174,-17.16592],[-50.878,-17.16582],[-50.88449,-17.15649],[-50.90344,-17.15457],[-50.90463,-17.14737],[-50.90027,-17.14437],[-50.90161,-17.13862],[-50.90897,-17.1371],[-50.90505,-17.1349],[-50.90638,-17.12213],[-50.91677,-17.11721],[-50.91838,-17.1087],[-50.92566,-17.10659],[-50.92302,-17.10067],[-50.93066,-17.09429],[-50.94741,-17.09056],[-50.94444,-17.08428],[-50.94805,-17.07394],[-50.95522,-17.07231],[-50.97944,-17.0381],[-51.00169,-17.02288],[-51.02727,-16.98659],[-51.03141,-16.97009],[-51.04682,-16.95763],[-51.05381,-16.95723],[-51.05279,-16.92708],[-51.05802,-16.92193],[-51.05952,-16.90097],[-51.05571,-16.89116],[-51.0596,-16.88446],[-51.05154,-16.87145],[-51.0541,-16.86257],[-51.01982,-16.86333],[-51.0164,-16.8498],[-51.00682,-16.84731],[-50.98529,-16.82828],[-50.97271,-16.80872],[-50.97087,-16.79355],[-50.94973,-16.79259],[-50.94334,-16.78638],[-50.92384,-16.78348],[-50.89675,-16.75471],[-50.88845,-16.75347],[-50.87439,-16.73944],[-50.84895,-16.72694],[-50.84336,-16.70799],[-50.833,-16.69437],[-50.82697,-16.69354],[-50.82917,-16.68526],[-50.81859,-16.671],[-50.81137,-16.69539]]]},"properties":{"CD_MUN":"5216403","NM_MUN":"Paraúna","SIGLA_UF":"GO"}},{"type":"Feature","geometry":{"type":"Polygon","coordinates":[[[-46.89863,-14.32972],[-46.88624,-14.32021],[-46.88193,-14.32272],[-46.87927,-14.3169],[-46.86991,-14.33969],[-46.85263,-14.33377],[-46.85427,-14.34205],[-46.84627,-14.33981],[-46.8483,-14.34345],[-46.83577,-14.35081],[-46.83057,-14.35132],[-46.82691,-14.34105],[-46.81554,-14.34415],[-46.81485,-14.35031],[-46.80713,-14.36115],[-46.8124,-14.36499],[-46.8128,-14.3767],[-46.79604,-14.3774],[-46.78262,-14.39056],[-46.76937,-14.38584],[-46.75929,-14.38985],[-46.75682,-14.38258],[-46.74768,-14.38433],[-46.75024,-14.37999],[-46.74396,-14.37242],[-46.7429,-14.37786],[-46.73779,-14.37519],[-46.73071,-14.39202],[-46.72777,-14.39752],[-46.71568,-14.39653],[-46.71832,-14.40508],[-46.7316,-14.40871],[-46.72829,-14.41468],[-46.72349,-14.4121],[-46.72557,-14.4172],[-46.71963,-14.41662],[-46.72173,-14.42071],[-46.71021,-14.42997],[-46.7154,-14.43563],[-46.7101,-14.44721],[-46.71616,-14.45632],[-46.7213,-14.45473],[-46.72365,-14.46227],[-46.69821,-14.46863],[-46.69671,-14.48277],[-46.69174,-14.486],[-46.69355,-14.49409],[-46.69852,-14.48786],[-46.69604,-14.49628],[-46.68532,-14.49829],[-46.67354,-14.48986],[-46.66774,-14.49644],[-46.67082,-14.50028],[-46.66168,-14.49785],[-46.65024,-14.50236],[-46.64296,-14.51439],[-46.61551,-14.49443],[-46.61268,-14.48534],[-46.59907,-14.48796],[-46.59654,-14.48032],[-46.57971,-14.47692],[-46.57054,-14.48338],[-46.57224,-14.46643],[-46.56881,-14.46378],[-46.54332,-14.48599],[-46.51351,-14.47478],[-46.5027,-14.48776],[-46.49609,-14.47672],[-46.48112,-14.47879],[-46.47698,-14.47021],[-46.45807,-14.47746],[-46.45279,-14.48411],[-46.43381,-14.48385],[-46.42654,-14.49258],[-46.42126,-14.48319],[-46.41228,-14.48849],[-46.39601,-14.47444],[-46.38559,-14.47395],[-46.38867,-14.45763],[-46.38025,-14.44544],[-46.3565,-14.44166],[-46.33406,-14.45318],[-46.33284,-14.46714],[-46.3169,-14.49549],[-46.31575,-14.52475],[-46.32029,-14.5372],[-46.31418,-14.55123],[-46.3262,-14.56962],[-46.32431,-14.57776],[-46.33037,-14.58216],[-46.32654,-14.58257],[-46.32487,-14.59281],[-46.33215,-14.60541],[-46.32676,-14.60957],[-46.33415,-14.61725],[-46.32848,-14.62042],[-46.33004,-14.62706],[-46.31798,-14.6365],[-46.32476,-14.63934],[-46.32059,-14.65216],[-46.33212,-14.65933],[-46.3301,-14.65534],[-46.33554,-14.65537],[-46.34215,-14.66086],[-46.34015,-14.66572],[-46.34557,-14.66448],[-46.34798,-14.6691],[-46.34971,-14.66589],[-46.36385,-14.67987],[-46.36879,-14.67745],[-46.36815,-14.67134],[-46.37582,-14.67792],[-46.37887,-14.67487],[-46.38529,-14.67836],[-46.39985,-14.67391],[-46.40457,-14.66755],[-46.41502,-14.68815],[-46.46277,-14.68249],[-46.49169,-14.69419],[-46.49912,-14.69071],[-46.50521,-14.6998],[-46.50186,-14.70361],[-46.50922,-14.71609],[-46.50977,-14.73828],[-46.54369,-14.75303],[-46.54272,-14.76868],[-46.56539,-14.78639],[-46.55716,-14.80708],[-46.5598,-14.81465],[-46.59049,-14.8124],[-46.61108,-14.82409],[-46.61816,-14.81856],[-46.61586,-14.80775],[-46.61917,-14.80231],[-46.62694,-14.80222],[-46.62309,-14.80017],[-46.63311,-14.76833],[-46.63966,-14.77376],[-46.65831,-14.77152],[-46.66725,-14.75615],[-46.66541,-14.73501],[-46.67303,-14.72497],[-46.66725,-14.71637],[-46.68642,-14.68313],[-46.68305,-14.66558],[-46.68097,-14.64671],[-46.7023,-14.6202],[-46.6978,-14.61064],[-46.70333,-14.61066],[-46.70827,-14.59843],[-46.71602,-14.59443],[-46.72405,-14.60247],[-46.7286,-14.59852],[-46.72844,-14.60518],[-46.7353,-14.60697],[-46.73452,-14.59572],[-46.74691,-14.59727],[-46.74844,-14.59194],[-46.74285,-14.58845],[-46.74786,-14.58726],[-46.74605,-14.58291],[-46.7523,-14.58606],[-46.75358,-14.57953],[-46.76047,-14.58051],[-46.76019,-14.56836],[-46.7691,-14.57288],[-46.77305,-14.58233],[-46.78664,-14.56721],[-46.78619,-14.56191],[-46.79122,-14.56993],[-46.80116,-14.56244],[-46.81036,-14.56943],[-46.81172,-14.55762],[-46.81508,-14.56047],[-46.82602,-14.55338],[-46.83283,-14.55681],[-46.83327,-14.55017],[-46.83905,-14.55339],[-46.83536,-14.54203],[-46.83847,-14.54652],[-46.8458,-14.54587],[-46.84861,-14.53593],[-46.85597,-14.53401],[-46.8445,-14.52557],[-46.84955,-14.52803],[-46.86263,-14.51618],[-46.87258,-14.51791],[-46.86619,-14.51102],[-46.86813,-14.50059],[-46.8668,-14.49906],[-46.85825,-14.49546],[-46.8568,-14.48965],[-46.85055,-14.48988],[-46.86325,-14.4711],[-46.86083,-14.44632],[-46.8558,-14.44365],[-46.8591,-14.43896],[-46.86663,-14.44127],[-46.86844,-14.43611],[-46.87091,-14.44021],[-46.88777,-14.43733],[-46.88546,-14.41908],[-46.89208,-14.40833],[-46.88852,-14.41148],[-46.87971,-14.4038],[-46.87207,-14.40566],[-46.88035,-14.39192],[-46.86902,-14.38903],[-46.8761,-14.38536],[-46.88096,-14.37033],[-46.87688,-14.36822],[-46.87907,-14.36025],[-46.88727,-14.3575],[-46.89863,-14.32972]]]},"properties":{"CD_MUN":"5200803","NM_MUN":"Alvorada do Norte","SIGLA_UF":"GO"}},{"type":"Feature","geometry":{"type":"Polygon","coordinates":[[[-52.10038,-17.41095],[-52.09469,-17.42421],[-52.09888,-17.43132],[-52.08432,-17.43101],[-52.06363,-17.44487],[-52.0643,-17.45303],[-52.06999,-17.45054],[-52.07097,-17.46641],[-52.05922,-17.46984],[-52.04174,-17.46134],[-52.03821,-17.4652],[-52.04394,-17.46852],[-52.0446,-17.47604],[-52.03166,-17.47928],[-52.02955,-17.49104],[-52.02337,-17.5016],[-52.0077,-17.50178],[-52.01783,-17.51376],[-52.00001,-17.53684],[-51.99501,-17.53899],[-52.00314,-17.54337],[-51.99802,-17.55768],[-51.98934,-17.55871],[-51.98948,-17.56226],[-51.99862,-17.57509],[-51.99822,-17.5849],[-52.00423,-17.58698],[-52.0053,-17.61534],[-51.99276,-17.62428],[-51.99127,-17.63403],[-51.99274,-17.64478],[-52.00802,-17.65273],[-52.00903,-17.6409],[-52.04326,-17.6323],[-52.05173,-17.63503],[-52.05272,-17.64329],[-52.05744,-17.64093],[-52.06622,-17.64771],[-52.09566,-17.65088],[-52.10099,-17.64631],[-52.12202,-17.64713],[-52.146,-17.63793],[-52.16196,-17.64371],[-52.17616,-17.63892],[-52.22738,-17.64033],[-52.25793,-17.62422],[-52.27564,-17.60529],[-52.292,-17.59904],[-52.3062,-17.58579],[-52.30162,-17.56925],[-52.31578,-17.55149],[-52.34253,-17.52547],[-52.36331,-17.5242],[-52.37067,-17.51831],[-52.3702,-17.50182],[-52.37925,-17.484],[-52.37622,-17.47428],[-52.36594,-17.4723],[-52.36556,-17.46378],[-52.35378,-17.44883],[-52.35222,-17.43069],[-52.37483,-17.4132],[-52.40017,-17.42154],[-52.40603,-17.41896],[-52.42014,-17.42659],[-52.43056,-17.42258],[-52.43714,-17.42526],[-52.46106,-17.4055],[-52.4802,-17.40944],[-52.48511,-17.39661],[-52.5007,-17.38888],[-52.51103,-17.37687],[-52.52823,-17.37063],[-52.5137,-17.35033],[-52.49973,-17.34031],[-52.48517,-17.33907],[-52.47803,-17.32316],[-52.45439,-17.32753],[-52.42936,-17.32209],[-52.39964,-17.33419],[-52.3778,-17.32778],[-52.35766,-17.3337],[-52.32869,-17.33312],[-52.30397,-17.34742],[-52.29589,-17.34255],[-52.29313,-17.35539],[-52.28755,-17.35798],[-52.2893,-17.3627],[-52.28363,-17.36284],[-52.28833,-17.37475],[-52.28297,-17.37407],[-52.27022,-17.38701],[-52.27263,-17.39012],[-52.2628,-17.40127],[-52.24847,-17.40052],[-52.23338,-17.39016],[-52.22524,-17.39163],[-52.2203,-17.40491],[-52.21144,-17.40619],[-52.21897,-17.41677],[-52.20524,-17.42282],[-52.20122,-17.42912],[-52.20413,-17.43105],[-52.1948,-17.44012],[-52.18477,-17.43098],[-52.17869,-17.43564],[-52.17174,-17.43277],[-52.17186,-17.43866],[-52.16138,-17.43776],[-52.15472,-17.42637],[-52.13394,-17.42556],[-52.1313,-17.41665],[-52.12485,-17.41904],[-52.11396,-17.41161],[-52.1071,-17.4178],[-52.10794,-17.41183],[-52.10038,-17.41095]]]},"properties":{"CD_MUN":"5216452","NM_MUN":"Perolândia","SIGLA_UF":"GO"}},{"type":"Feature","geometry":{"type":"Polygon","coordinates":[[[-50.63556,-15.59638],[-50.61742,-15.59818],[-50.58794,-15.57013],[-50.57822,-15.56894],[-50.56361,-15.57635],[-50.558,-15.56656],[-50.54947,-15.56817],[-50.52661,-15.55714],[-50.52886,-15.56868],[-50.51447,-15.56925],[-50.50889,-15.5869],[-50.49955,-15.58463],[-50.50158,-15.59085],[-50.49603,-15.59223],[-50.49414,-15.59894],[-50.49711,-15.60903],[-50.48933,-15.61549],[-50.49145,-15.61913],[-50.48228,-15.63763],[-50.46969,-15.63123],[-50.46784,-15.63906],[-50.45925,-15.6406],[-50.44155,-15.63159],[-50.42544,-15.64251],[-50.42103,-15.63438],[-50.40502,-15.6385],[-50.40122,-15.63331],[-50.39447,-15.64684],[-50.38561,-15.64962],[-50.38294,-15.64505],[-50.38091,-15.65069],[-50.37133,-15.65234],[-50.37339,-15.64535],[-50.36461,-15.63127],[-50.35899,-15.63356],[-50.36274,-15.62136],[-50.35074,-15.62023],[-50.34616,-15.62634],[-50.35085,-15.63226],[-50.34474,-15.63251],[-50.34755,-15.63488],[-50.34363,-15.63888],[-50.33808,-15.63457],[-50.32944,-15.64589],[-50.3238,-15.63944],[-50.3218,-15.64302],[-50.31305,-15.64151],[-50.3066,-15.6574],[-50.29399,-15.64536],[-50.28347,-15.64232],[-50.27716,-15.64681],[-50.27369,-15.63481],[-50.26482,-15.63574],[-50.26038,-15.62971],[-50.23699,-15.6421],[-50.22404,-15.63414],[-50.21472,-15.64066],[-50.20438,-15.63861],[-50.1986,-15.6298],[-50.16162,-15.62525],[-50.1236,-15.64738],[-50.12201,-15.65961],[-50.09605,-15.67206],[-50.08991,-15.68744],[-50.07852,-15.68836],[-50.0761,-15.69995],[-50.06704,-15.70335],[-50.06096,-15.72811],[-50.08524,-15.76527],[-50.08096,-15.77707],[-50.06827,-15.78845],[-50.06513,-15.78165],[-50.04894,-15.77293],[-50.02285,-15.78104],[-49.99613,-15.77445],[-49.98315,-15.76286],[-49.96793,-15.76634],[-49.93824,-15.74909],[-49.93077,-15.75583],[-49.93326,-15.76525],[-49.91866,-15.75408],[-49.91612,-15.76713],[-49.90979,-15.77119],[-49.90449,-15.7682],[-49.90301,-15.75929],[-49.89465,-15.76102],[-49.88329,-15.75389],[-49.87285,-15.76697],[-49.85254,-15.77673],[-49.85504,-15.78592],[-49.84459,-15.78135],[-49.84726,-15.78936],[-49.83896,-15.79298],[-49.83835,-15.80253],[-49.83348,-15.80107],[-49.82412,-15.80949],[-49.80949,-15.82416],[-49.81196,-15.84611],[-49.79493,-15.86811],[-49.79571,-15.8847],[-49.81505,-15.89276],[-49.81593,-15.90674],[-49.83196,-15.90243],[-49.84002,-15.90644],[-49.84185,-15.91188],[-49.83227,-15.9275],[-49.8366,-15.94229],[-49.85446,-15.9582],[-49.85324,-15.96509],[-49.86349,-15.97693],[-49.86561,-15.98771],[-49.87802,-15.98051],[-49.881,-15.98583],[-49.88577,-15.97545],[-49.89246,-15.97387],[-49.90341,-15.97964],[-49.91322,-15.9692],[-49.92041,-15.97125],[-49.92466,-15.96754],[-49.93672,-15.97296],[-49.94232,-15.96552],[-49.94986,-15.97362],[-49.96283,-15.97323],[-49.96344,-15.98401],[-49.97264,-15.98212],[-49.97811,-15.9929],[-49.99308,-15.99842],[-50.00497,-16.01271],[-50.02203,-16.01152],[-50.02167,-16.01769],[-50.03586,-16.01885],[-50.04139,-16.03036],[-50.05856,-16.02825],[-50.08395,-16.04477],[-50.09711,-16.03364],[-50.10742,-16.03519],[-50.13842,-16.05445],[-50.1729,-16.06212],[-50.1854,-16.07252],[-50.21251,-16.07889],[-50.22621,-16.07658],[-50.25701,-16.09424],[-50.28007,-16.09319],[-50.29549,-16.08333],[-50.33696,-16.09164],[-50.34752,-16.08845],[-50.35503,-16.07887],[-50.36707,-16.07572],[-50.39102,-16.08464],[-50.39768,-16.0818],[-50.40563,-16.09108],[-50.43379,-16.09555],[-50.44008,-16.10168],[-50.44346,-16.11735],[-50.4776,-16.11994],[-50.47496,-16.06818],[-50.48927,-16.04069],[-50.51379,-16.03317],[-50.50477,-16.01854],[-50.50588,-16.0083],[-50.50199,-15.9951],[-50.48715,-15.98492],[-50.49002,-15.97117],[-50.46721,-15.95464],[-50.46407,-15.94228],[-50.47924,-15.91624],[-50.49065,-15.91569],[-50.49632,-15.89918],[-50.48998,-15.89062],[-50.50018,-15.88162],[-50.51456,-15.87428],[-50.50837,-15.85572],[-50.51262,-15.83303],[-50.50323,-15.81922],[-50.52395,-15.78416],[-50.57137,-15.76004],[-50.57817,-15.73373],[-50.60809,-15.72785],[-50.61298,-15.73082],[-50.61881,-15.72624],[-50.61326,-15.7181],[-50.61701,-15.70958],[-50.61059,-15.69585],[-50.62337,-15.69249],[-50.62798,-15.68401],[-50.6117,-15.68524],[-50.61342,-15.66624],[-50.59831,-15.6652],[-50.60195,-15.65976],[-50.599,-15.64554],[-50.60245,-15.64195],[-50.61628,-15.64582],[-50.61539,-15.62918],[-50.62423,-15.62444],[-50.62183,-15.61331],[-50.64667,-15.6077],[-50.63556,-15.59638]]]},"properties":{"CD_MUN":"5208905","NM_MUN":"Goiás","SIGLA_UF":"GO"}},{"type":"Feature","geometry":{"type":"Polygon","coordinates":[[[-48.75699,-14.86167],[-48.74944,-14.86264],[-48.75025,-14.87261],[-48.73624,-14.88271],[-48.74358,-14.88563],[-48.75152,-14.90623],[-48.74541,-14.92006],[-48.73916,-14.92213],[-48.74986,-14.9276],[-48.74238,-14.93373],[-48.74883,-14.93475],[-48.74869,-14.93928],[-48.72458,-14.9411],[-48.71958,-14.95132],[-48.70432,-14.94637],[-48.69527,-14.95376],[-48.68316,-14.95191],[-48.68199,-14.96332],[-48.69602,-14.97279],[-48.69599,-14.98139],[-48.67549,-14.9767],[-48.67519,-14.98422],[-48.66774,-14.98256],[-48.64957,-14.95875],[-48.64833,-14.96735],[-48.63957,-14.96669],[-48.64905,-14.97768],[-48.63252,-14.98378],[-48.63441,-14.99719],[-48.62661,-14.99752],[-48.62691,-14.98656],[-48.61788,-14.98689],[-48.61588,-14.99494],[-48.62113,-15.00256],[-48.61052,-15.0025],[-48.59841,-15.00698],[-48.60888,-15.01872],[-48.61589,-15.0186],[-48.61307,-15.02458],[-48.62322,-15.02202],[-48.62416,-15.02882],[-48.63094,-15.03095],[-48.63958,-15.02392],[-48.64358,-15.02978],[-48.63572,-15.04049],[-48.6446,-15.03933],[-48.65,-15.04855],[-48.65494,-15.04389],[-48.6565,-15.04679],[-48.65455,-15.06199],[-48.64613,-15.06668],[-48.64942,-15.07767],[-48.6443,-15.08738],[-48.65359,-15.10119],[-48.64839,-15.10494],[-48.64289,-15.0989],[-48.63997,-15.11],[-48.63008,-15.11027],[-48.62036,-15.1434],[-48.61383,-15.15495],[-48.60828,-15.15338],[-48.61831,-15.17184],[-48.61169,-15.18082],[-48.59903,-15.18477],[-48.59762,-15.19407],[-48.58905,-15.19717],[-48.58514,-15.2198],[-48.57764,-15.21755],[-48.58297,-15.22639],[-48.56172,-15.23449],[-48.56139,-15.24075],[-48.56984,-15.24388],[-48.57256,-15.25157],[-48.56697,-15.25741],[-48.57145,-15.25774],[-48.57512,-15.26881],[-48.58411,-15.26916],[-48.57448,-15.27986],[-48.58334,-15.27929],[-48.59465,-15.28898],[-48.58717,-15.2989],[-48.59417,-15.30468],[-48.58786,-15.30613],[-48.58786,-15.31851],[-48.5825,-15.31609],[-48.5757,-15.3275],[-48.58042,-15.32656],[-48.58684,-15.33946],[-48.57987,-15.34107],[-48.57284,-15.35647],[-48.58642,-15.35615],[-48.59231,-15.36425],[-48.61815,-15.35883],[-48.66137,-15.36942],[-48.6729,-15.38634],[-48.68932,-15.39917],[-48.70163,-15.39993],[-48.71138,-15.38995],[-48.73077,-15.46236],[-48.74321,-15.46484],[-48.74766,-15.47093],[-48.7373,-15.4826],[-48.7403,-15.49454],[-48.74877,-15.49501],[-48.76508,-15.48557],[-48.80146,-15.50055],[-48.80975,-15.50675],[-48.82953,-15.54106],[-48.82769,-15.54635],[-48.80866,-15.54522],[-48.79188,-15.55542],[-48.80488,-15.57183],[-48.79444,-15.58282],[-48.79525,-15.59005],[-48.82681,-15.62205],[-48.82375,-15.63079],[-48.81008,-15.63351],[-48.81472,-15.65219],[-48.80973,-15.66778],[-48.83031,-15.69157],[-48.83139,-15.70413],[-48.82531,-15.71758],[-48.83422,-15.72449],[-48.82742,-15.74128],[-48.81603,-15.74946],[-48.8337,-15.79918],[-48.84067,-15.80395],[-48.85609,-15.80333],[-48.86173,-15.80722],[-48.85595,-15.8236],[-48.84321,-15.83509],[-48.87062,-15.84903],[-48.87276,-15.87653],[-48.89432,-15.87743],[-48.89882,-15.8819],[-48.90349,-15.91123],[-48.89707,-15.94463],[-48.90177,-15.94772],[-48.88802,-15.95855],[-48.89649,-15.9642],[-48.89727,-15.98088],[-48.90701,-15.98948],[-48.91374,-16.01662],[-48.9011,-16.0301],[-48.90227,-16.05447],[-48.91369,-16.08696],[-48.93947,-16.13448],[-48.96288,-16.12607],[-48.98067,-16.12536],[-49.01944,-16.14252],[-49.02317,-16.1355],[-49.02858,-16.13825],[-49.05647,-16.12851],[-49.06619,-16.13675],[-49.08186,-16.14002],[-49.09875,-16.13426],[-49.10589,-16.14613],[-49.12262,-16.13282],[-49.14756,-16.12446],[-49.15175,-16.13305],[-49.16006,-16.13222],[-49.15478,-16.11984],[-49.1637,-16.09258],[-49.14947,-16.08333],[-49.15264,-16.07756],[-49.14806,-16.07433],[-49.14528,-16.05741],[-49.13139,-16.05269],[-49.11827,-16.04105],[-49.11808,-16.00907],[-49.13075,-16.00687],[-49.13388,-15.99722],[-49.1525,-15.98883],[-49.15174,-15.98033],[-49.17722,-15.96176],[-49.18194,-15.95182],[-49.17619,-15.95053],[-49.17372,-15.94114],[-49.17819,-15.93435],[-49.19741,-15.92852],[-49.19975,-15.8867],[-49.2073,-15.87928],[-49.20477,-15.87393],[-49.21458,-15.86947],[-49.21691,-15.85611],[-49.12829,-15.62428],[-49.14442,-15.62407],[-49.14168,-15.61858],[-49.14904,-15.61584],[-49.15595,-15.61926],[-49.15409,-15.62723],[-49.16009,-15.62259],[-49.16987,-15.62747],[-49.17701,-15.61552],[-49.18831,-15.61053],[-49.18631,-15.60246],[-49.1694,-15.59133],[-49.14732,-15.58682],[-49.12973,-15.57395],[-49.10737,-15.5445],[-49.08862,-15.53864],[-49.11939,-15.52514],[-49.09381,-15.52392],[-49.08223,-15.51286],[-49.08114,-15.48601],[-49.0917,-15.48046],[-49.09164,-15.46901],[-49.07441,-15.45518],[-49.07459,-15.44946],[-49.06689,-15.44712],[-49.07744,-15.44112],[-49.06741,-15.42598],[-49.07533,-15.4213],[-49.07083,-15.39636],[-49.0843,-15.38508],[-49.08502,-15.37332],[-49.07908,-15.3617],[-49.08097,-15.34911],[-49.06299,-15.32131],[-49.06211,-15.3076],[-49.04911,-15.30108],[-49.04583,-15.30456],[-49.03871,-15.28834],[-49.02677,-15.27702],[-49.01349,-15.2822],[-49.00024,-15.26526],[-48.94299,-15.26053],[-48.92771,-15.25187],[-48.92093,-15.24088],[-48.92012,-15.2164],[-48.9142,-15.20991],[-48.9149,-15.18995],[-48.90785,-15.16393],[-48.88509,-15.14244],[-48.88429,-15.12352],[-48.87056,-15.11173],[-48.86848,-15.09832],[-48.86148,-15.0918],[-48.85684,-15.09538],[-48.85178,-15.0768],[-48.85562,-15.07594],[-48.85576,-15.06596],[-48.84578,-15.04535],[-48.84317,-15.04925],[-48.83161,-15.04041],[-48.831,-15.02444],[-48.80764,-15.00512],[-48.8032,-14.99618],[-48.80863,-14.98786],[-48.80375,-14.97706],[-48.80794,-14.97064],[-48.80617,-14.95107],[-48.79333,-14.9368],[-48.79727,-14.92957],[-48.79275,-14.91859],[-48.77744,-14.9055],[-48.77136,-14.90674],[-48.76769,-14.89541],[-48.75874,-14.88976],[-48.76897,-14.87847],[-48.76208,-14.87482],[-48.7648,-14.86885],[-48.75699,-14.86167]]]},"properties":{"CD_MUN":"5217302","NM_MUN":"Pirenópolis","SIGLA_UF":"GO"}},{"type":"Feature","geometry":{"type":"Polygon","coordinates":[[[-49.44941,-16.43556],[-49.42302,-16.40557],[-49.39858,-16.42677],[-49.39341,-16.4366],[-49.39633,-16.44436],[-49.39058,-16.44548],[-49.38627,-16.45633],[-49.35413,-16.45523],[-49.32302,-16.43776],[-49.33682,-16.45319],[-49.34325,-16.47296],[-49.36135,-16.48355],[-49.36994,-16.50091],[-49.36376,-16.51012],[-49.35249,-16.51049],[-49.34164,-16.51964],[-49.3451,-16.52646],[-49.33899,-16.53173],[-49.34361,-16.5373],[-49.34004,-16.53788],[-49.34213,-16.54743],[-49.32965,-16.5558],[-49.33131,-16.57149],[-49.35044,-16.5692],[-49.35856,-16.5602],[-49.37825,-16.55981],[-49.4012,-16.57446],[-49.41195,-16.56514],[-49.40545,-16.54317],[-49.42625,-16.53691],[-49.45573,-16.53655],[-49.46014,-16.49603],[-49.59481,-16.52622],[-49.61495,-16.50596],[-49.62109,-16.48975],[-49.60131,-16.4933],[-49.58559,-16.48398],[-49.57637,-16.4981],[-49.56945,-16.49626],[-49.55606,-16.50258],[-49.52164,-16.49903],[-49.49725,-16.48061],[-49.49747,-16.47413],[-49.48097,-16.45905],[-49.45922,-16.45906],[-49.44605,-16.45339],[-49.44941,-16.43556]]]},"properties":{"CD_MUN":"5208806","NM_MUN":"Goianira","SIGLA_UF":"GO"}},{"type":"Feature","geometry":{"type":"Polygon","coordinates":[[[-47.26343,-13.97682],[-47.24185,-13.93847],[-47.24571,-13.92597],[-47.2402,-13.90587],[-47.24965,-13.89861],[-47.24426,-13.8788],[-47.24062,-13.8741],[-47.22812,-13.87873],[-47.22237,-13.87204],[-47.21951,-13.87521],[-47.21579,-13.86698],[-47.19762,-13.86131],[-47.19334,-13.8595],[-47.19373,-13.86583],[-47.18817,-13.86974],[-47.19234,-13.88078],[-47.18273,-13.88278],[-47.18293,-13.89826],[-47.17137,-13.91412],[-47.17568,-13.95368],[-47.19951,-13.96424],[-47.17979,-13.9783],[-47.15704,-14.01424],[-47.14904,-14.01881],[-47.14198,-14.04865],[-47.12424,-14.0815],[-47.12651,-14.08812],[-47.11413,-14.0971],[-47.12094,-14.10566],[-47.13177,-14.10817],[-47.13299,-14.11814],[-47.14194,-14.11539],[-47.1556,-14.12344],[-47.15227,-14.12568],[-47.15993,-14.13062],[-47.15729,-14.13414],[-47.16805,-14.13855],[-47.17335,-14.14836],[-47.17508,-14.14257],[-47.18519,-14.14254],[-47.19424,-14.13408],[-47.20027,-14.1467],[-47.19747,-14.15049],[-47.21038,-14.1502],[-47.21841,-14.14229],[-47.22544,-14.14612],[-47.23002,-14.14063],[-47.24521,-14.14198],[-47.25233,-14.149],[-47.2541,-14.1443],[-47.26905,-14.14673],[-47.28547,-14.16005],[-47.28811,-14.15607],[-47.29494,-14.16001],[-47.30639,-14.15618],[-47.31033,-14.16154],[-47.31341,-14.15802],[-47.32464,-14.16207],[-47.33103,-14.14879],[-47.33741,-14.14701],[-47.33475,-14.14347],[-47.35278,-14.14166],[-47.36675,-14.13078],[-47.403,-14.14862],[-47.40489,-14.16312],[-47.41303,-14.16732],[-47.43998,-14.16121],[-47.44583,-14.15453],[-47.44319,-14.149],[-47.45425,-14.14634],[-47.44684,-14.17881],[-47.44931,-14.1847],[-47.4407,-14.19878],[-47.43089,-14.21087],[-47.42059,-14.21226],[-47.41323,-14.21947],[-47.40925,-14.21728],[-47.40281,-14.22449],[-47.40811,-14.23583],[-47.39278,-14.26129],[-47.39389,-14.27841],[-47.39778,-14.28051],[-47.38986,-14.28608],[-47.38925,-14.31089],[-47.40379,-14.32427],[-47.42431,-14.32319],[-47.43312,-14.34188],[-47.45715,-14.34525],[-47.4806,-14.41588],[-47.48632,-14.42342],[-47.49982,-14.42592],[-47.51652,-14.43192],[-47.54738,-14.42381],[-47.55385,-14.44448],[-47.5468,-14.44864],[-47.55282,-14.45381],[-47.56157,-14.44957],[-47.56602,-14.45256],[-47.5638,-14.45691],[-47.57085,-14.45891],[-47.57152,-14.4484],[-47.58054,-14.44715],[-47.58185,-14.43772],[-47.58922,-14.43483],[-47.59015,-14.42922],[-47.60093,-14.42769],[-47.60529,-14.43196],[-47.61535,-14.42689],[-47.62797,-14.43661],[-47.64527,-14.43599],[-47.66105,-14.45548],[-47.65883,-14.4582],[-47.66897,-14.45667],[-47.6853,-14.46493],[-47.68605,-14.46058],[-47.6893,-14.46475],[-47.70474,-14.46205],[-47.70225,-14.45725],[-47.71472,-14.44674],[-47.72149,-14.44883],[-47.72783,-14.44005],[-47.72319,-14.43877],[-47.72505,-14.42374],[-47.74225,-14.40599],[-47.75341,-14.41162],[-47.7613,-14.4099],[-47.768,-14.41806],[-47.77005,-14.40601],[-47.77813,-14.41607],[-47.7773,-14.40022],[-47.78763,-14.39759],[-47.78772,-14.39026],[-47.79655,-14.39062],[-47.79702,-14.38492],[-47.80278,-14.38619],[-47.80213,-14.38184],[-47.80974,-14.37686],[-47.80875,-14.35593],[-47.82611,-14.35189],[-47.83541,-14.34208],[-47.8318,-14.33465],[-47.83672,-14.3313],[-47.83805,-14.33442],[-47.90169,-14.23639],[-47.9316,-14.17697],[-47.89882,-14.17023],[-47.8913,-14.16898],[-47.89249,-14.17596],[-47.8844,-14.17822],[-47.86352,-14.17477],[-47.86091,-14.18039],[-47.85915,-14.17405],[-47.84616,-14.16679],[-47.82034,-14.14413],[-47.80893,-14.1473],[-47.79838,-14.13859],[-47.76479,-14.09861],[-47.75681,-14.09452],[-47.72867,-14.09677],[-47.6979,-14.06856],[-47.67134,-14.06744],[-47.66717,-14.07323],[-47.65706,-14.06996],[-47.65612,-14.06452],[-47.62503,-14.05777],[-47.60853,-14.0466],[-47.60101,-14.05556],[-47.59089,-14.05654],[-47.57858,-14.03686],[-47.57236,-14.04237],[-47.56847,-14.03412],[-47.56095,-14.03719],[-47.55353,-14.03047],[-47.55078,-14.01651],[-47.53966,-14.00039],[-47.50483,-13.96004],[-47.26343,-13.97682]]]},"properties":{"CD_MUN":"5200605","NM_MUN":"Alto Paraíso de Goiás","SIGLA_UF":"GO"}},{"type":"Feature","geometry":{"type":"Polygon","coordinates":[[[-51.82859,-16.0821],[-51.82676,-16.09115],[-51.8164,-16.0853],[-51.80604,-16.09286],[-51.79581,-16.09272],[-51.79851,-16.09464],[-51.78979,-16.11644],[-51.79148,-16.1305],[-51.78687,-16.13246],[-51.77235,-16.16829],[-51.76785,-16.16654],[-51.76904,-16.17271],[-51.7619,-16.1724],[-51.75415,-16.1856],[-51.74882,-16.18403],[-51.7419,-16.19505],[-51.73354,-16.19817],[-51.72876,-16.21347],[-51.73262,-16.22536],[-51.72209,-16.22975],[-51.7084,-16.22741],[-51.67259,-16.25486],[-51.6769,-16.27147],[-51.6656,-16.27956],[-51.67165,-16.28839],[-51.6666,-16.30259],[-51.67368,-16.32411],[-51.65823,-16.34795],[-51.64818,-16.34898],[-51.64904,-16.36557],[-51.64235,-16.36989],[-51.63396,-16.38806],[-51.61554,-16.39765],[-51.67391,-16.41511],[-51.66441,-16.43047],[-51.66732,-16.44534],[-51.65202,-16.46257],[-51.65383,-16.47464],[-51.64396,-16.47477],[-51.63744,-16.48207],[-51.63865,-16.49404],[-51.63361,-16.50125],[-51.63697,-16.50552],[-51.62216,-16.51943],[-51.6088,-16.5435],[-51.56891,-16.55151],[-51.57341,-16.57466],[-51.60197,-16.60234],[-51.60755,-16.5971],[-51.61986,-16.59941],[-51.63227,-16.5953],[-51.65439,-16.59719],[-51.65803,-16.60146],[-51.66877,-16.59906],[-51.67453,-16.61984],[-51.68392,-16.62133],[-51.67553,-16.62565],[-51.67417,-16.63653],[-51.68169,-16.63819],[-51.68914,-16.63341],[-51.70725,-16.64345],[-51.74308,-16.62153],[-51.7488,-16.59988],[-51.75945,-16.60018],[-51.77419,-16.60495],[-51.80739,-16.63007],[-51.82603,-16.63158],[-51.83267,-16.64212],[-51.86592,-16.65899],[-51.87478,-16.65666],[-51.87678,-16.64714],[-51.88779,-16.64617],[-51.8992,-16.63413],[-51.90918,-16.6367],[-51.90934,-16.6435],[-51.9177,-16.65087],[-51.92731,-16.64037],[-51.9354,-16.64274],[-51.93823,-16.63495],[-51.94718,-16.63788],[-51.96075,-16.62466],[-51.97571,-16.62742],[-51.98806,-16.60151],[-52.00184,-16.59282],[-51.99601,-16.58257],[-52.00321,-16.56772],[-52.0157,-16.5688],[-52.01701,-16.55439],[-52.02404,-16.54641],[-52.04714,-16.54565],[-52.04373,-16.53859],[-52.05298,-16.50551],[-52.04887,-16.49834],[-52.05176,-16.49148],[-52.07453,-16.48584],[-52.08734,-16.47383],[-52.10712,-16.47811],[-52.11101,-16.47244],[-52.12154,-16.47228],[-52.12845,-16.45904],[-52.14559,-16.45378],[-52.14573,-16.44789],[-52.13331,-16.43336],[-52.11928,-16.42914],[-52.08395,-16.39181],[-52.05375,-16.37329],[-52.0515,-16.36602],[-52.04436,-16.36548],[-52.03936,-16.36027],[-52.03958,-16.34904],[-52.02564,-16.3382],[-52.01824,-16.31167],[-52.00608,-16.30773],[-52.00369,-16.31223],[-52.0,-16.30766],[-51.98813,-16.29617],[-51.97605,-16.29612],[-51.97488,-16.30101],[-51.96238,-16.28328],[-51.96619,-16.27704],[-51.96058,-16.27103],[-51.96119,-16.26107],[-51.94738,-16.25992],[-51.93749,-16.25136],[-51.9328,-16.25388],[-51.91875,-16.24584],[-51.91738,-16.23822],[-51.90958,-16.23991],[-51.90435,-16.23509],[-51.90777,-16.22676],[-51.90252,-16.22619],[-51.90574,-16.22167],[-51.90155,-16.21486],[-51.88444,-16.20318],[-51.89038,-16.19577],[-51.88399,-16.1759],[-51.9009,-16.17072],[-51.90329,-16.16303],[-51.89535,-16.13852],[-51.89604,-16.12891],[-51.90382,-16.13131],[-51.90163,-16.12223],[-51.89321,-16.11231],[-51.87207,-16.10551],[-51.86404,-16.09487],[-51.86598,-16.08672],[-51.85451,-16.09129],[-51.82859,-16.0821]]]},"properties":{"CD_MUN":"5217203","NM_MUN":"Piranhas","SIGLA_UF":"GO"}},{"type":"Feature","geometry":{"type":"Polygon","coordinates":[[[-49.55994,-14.20032],[-49.56268,-14.19184],[-49.5588,-14.18135],[-49.55227,-14.18169],[-49.55277,-14.17454],[-49.54546,-14.16762],[-49.54835,-14.15515],[-49.56719,-14.15292],[-49.57035,-14.14716],[-49.56438,-14.14199],[-49.56955,-14.13981],[-49.57241,-14.12979],[-49.58857,-14.12379],[-49.59264,-14.12628],[-49.58403,-14.11019],[-49.57339,-14.10982],[-49.56866,-14.09872],[-49.52062,-14.08241],[-49.45485,-14.08278],[-49.44464,-14.07989],[-49.43544,-14.06667],[-49.38801,-14.06682],[-49.38982,-14.0829],[-49.36013,-14.12688],[-49.33091,-14.12529],[-49.31287,-14.13431],[-49.31044,-14.1421],[-49.28039,-14.16361],[-49.27417,-14.1834],[-49.2782,-14.22005],[-49.29704,-14.22597],[-49.30087,-14.23567],[-49.31171,-14.24296],[-49.31757,-14.24084],[-49.32896,-14.26055],[-49.33886,-14.25809],[-49.34575,-14.26314],[-49.36157,-14.26394],[-49.36545,-14.25085],[-49.37423,-14.25451],[-49.38023,-14.24907],[-49.38277,-14.25712],[-49.40043,-14.25714],[-49.40465,-14.26292],[-49.42363,-14.26887],[-49.42996,-14.25799],[-49.43899,-14.27185],[-49.44393,-14.27173],[-49.44085,-14.27957],[-49.4506,-14.28077],[-49.44997,-14.28755],[-49.45471,-14.28506],[-49.45946,-14.29209],[-49.46366,-14.28263],[-49.48132,-14.27376],[-49.47361,-14.25911],[-49.47535,-14.25052],[-49.48177,-14.24932],[-49.48219,-14.23792],[-49.49063,-14.23946],[-49.51694,-14.21475],[-49.55994,-14.20032]]]},"properties":{"CD_MUN":"5200555","NM_MUN":"Alto Horizonte","SIGLA_UF":"GO"}},{"type":"Feature","geometry":{"type":"Polygon","coordinates":[[[-49.22446,-17.08429],[-49.21544,-17.09212],[-49.21624,-17.1018],[-49.19665,-17.12292],[-49.19157,-17.13731],[-49.18263,-17.13337],[-49.17374,-17.12074],[-49.15508,-17.1227],[-49.14449,-17.13086],[-49.13335,-17.12691],[-49.11202,-17.13618],[-49.10788,-17.1331],[-49.1086,-17.12404],[-49.11901,-17.11793],[-49.11585,-17.10654],[-49.1211,-17.10603],[-49.12015,-17.09768],[-49.10765,-17.09405],[-49.10582,-17.07746],[-49.09165,-17.07316],[-49.08968,-17.07859],[-49.08321,-17.06115],[-49.07323,-17.06216],[-49.04648,-17.05303],[-49.03829,-17.05539],[-49.0351,-17.06683],[-49.01273,-17.06899],[-48.98156,-17.09276],[-48.96173,-17.08709],[-48.93887,-17.09044],[-48.93834,-17.05299],[-48.93595,-17.04308],[-48.92656,-17.0343],[-48.92509,-17.0233],[-48.899,-17.02358],[-48.87928,-17.01667],[-48.86325,-17.03671],[-48.85962,-17.05229],[-48.84906,-17.05532],[-48.84362,-17.06449],[-48.83792,-17.09365],[-48.82715,-17.10564],[-48.82729,-17.11632],[-48.82173,-17.12093],[-48.82145,-17.12978],[-48.81123,-17.14493],[-48.81128,-17.15774],[-48.79992,-17.17776],[-48.80351,-17.18879],[-48.80012,-17.21212],[-48.80934,-17.22401],[-48.79687,-17.24546],[-48.78487,-17.28726],[-48.80384,-17.31577],[-48.79132,-17.34321],[-48.79379,-17.35385],[-48.79796,-17.38868],[-48.78151,-17.38938],[-48.77568,-17.41075],[-48.76885,-17.41923],[-48.75299,-17.42506],[-48.74668,-17.43956],[-48.73293,-17.44772],[-48.71974,-17.47225],[-48.71141,-17.4827],[-48.70532,-17.48335],[-48.70241,-17.49645],[-48.6968,-17.5188],[-48.70224,-17.5362],[-48.70649,-17.54001],[-48.72713,-17.53517],[-48.73988,-17.55517],[-48.76385,-17.57059],[-48.81761,-17.57082],[-48.81972,-17.56499],[-48.84511,-17.56241],[-48.87397,-17.55071],[-48.88158,-17.53864],[-48.90197,-17.52999],[-48.90783,-17.54242],[-48.90233,-17.54458],[-48.91442,-17.54712],[-48.91295,-17.55719],[-48.92611,-17.56644],[-48.92317,-17.57827],[-48.92664,-17.58387],[-48.92172,-17.59046],[-48.92786,-17.5991],[-48.96189,-17.57099],[-48.9767,-17.57271],[-49.005,-17.56067],[-49.02458,-17.55822],[-49.04433,-17.54355],[-49.06039,-17.53825],[-49.07623,-17.52245],[-49.08172,-17.52418],[-49.08923,-17.5407],[-49.09803,-17.54531],[-49.10953,-17.54315],[-49.11579,-17.53428],[-49.127,-17.53017],[-49.15645,-17.54535],[-49.17442,-17.5397],[-49.17656,-17.53275],[-49.19582,-17.53284],[-49.21329,-17.51698],[-49.21709,-17.51925],[-49.22631,-17.50603],[-49.23117,-17.51026],[-49.23367,-17.50599],[-49.24568,-17.50909],[-49.25623,-17.51934],[-49.2982,-17.51179],[-49.30163,-17.50703],[-49.29157,-17.5076],[-49.28306,-17.4787],[-49.27684,-17.47284],[-49.27336,-17.46846],[-49.26207,-17.47272],[-49.26312,-17.4597],[-49.23076,-17.45057],[-49.22317,-17.39793],[-49.24488,-17.36941],[-49.24831,-17.34445],[-49.22458,-17.35283],[-49.19971,-17.35341],[-49.19475,-17.34457],[-49.1962,-17.33456],[-49.20554,-17.32562],[-49.19014,-17.31871],[-49.1964,-17.31541],[-49.18128,-17.30065],[-49.18933,-17.29657],[-49.17986,-17.28681],[-49.17675,-17.27126],[-49.16892,-17.26966],[-49.17853,-17.24846],[-49.18514,-17.21554],[-49.19624,-17.20758],[-49.19652,-17.19177],[-49.20956,-17.18994],[-49.21651,-17.14653],[-49.21187,-17.11995],[-49.22446,-17.08429]]]},"properties":{"CD_MUN":"5217104","NM_MUN":"Piracanjuba","SIGLA_UF":"GO"}},{"type":"Feature","geometry":{"type":"Polygon","coordinates":[[[-49.2146,-16.45367],[-49.17618,-16.4652],[-49.17327,-16.47693],[-49.19269,-16.48844],[-49.19613,-16.50437],[-49.19547,-16.518],[-49.17633,-16.53844],[-49.18885,-16.54838],[-49.16591,-16.56261],[-49.16727,-16.57841],[-49.14791,-16.57388],[-49.13933,-16.57888],[-49.12319,-16.57647],[-49.11969,-16.56413],[-49.10502,-16.56183],[-49.09543,-16.56751],[-49.09633,-16.5913],[-49.07766,-16.5935],[-49.10397,-16.61457],[-49.12591,-16.62353],[-49.14125,-16.6435],[-49.16269,-16.6566],[-49.169,-16.65328],[-49.18197,-16.67741],[-49.19647,-16.69297],[-49.18453,-16.70857],[-49.17691,-16.71129],[-49.17717,-16.72452],[-49.16906,-16.72397],[-49.16614,-16.71579],[-49.15516,-16.7174],[-49.15489,-16.73045],[-49.14378,-16.74185],[-49.14905,-16.74333],[-49.14128,-16.74467],[-49.14447,-16.75092],[-49.15453,-16.74967],[-49.15936,-16.76544],[-49.15367,-16.77546],[-49.15989,-16.79042],[-49.18217,-16.78146],[-49.18836,-16.76685],[-49.20826,-16.74594],[-49.22731,-16.7363],[-49.25592,-16.73297],[-49.28764,-16.74798],[-49.33862,-16.74861],[-49.34795,-16.7546],[-49.36432,-16.81449],[-49.38457,-16.83187],[-49.39882,-16.82818],[-49.41462,-16.8161],[-49.45549,-16.81833],[-49.44654,-16.80423],[-49.43526,-16.77516],[-49.4354,-16.7596],[-49.44626,-16.74331],[-49.44834,-16.72767],[-49.43959,-16.69557],[-49.44223,-16.66986],[-49.43015,-16.66497],[-49.41164,-16.64299],[-49.39775,-16.64447],[-49.37983,-16.62983],[-49.39308,-16.61409],[-49.39125,-16.59968],[-49.4012,-16.57446],[-49.37825,-16.55981],[-49.35856,-16.5602],[-49.35044,-16.5692],[-49.33131,-16.57149],[-49.32965,-16.5558],[-49.31191,-16.52885],[-49.28844,-16.52469],[-49.28491,-16.53146],[-49.27788,-16.52742],[-49.27661,-16.52019],[-49.26141,-16.51043],[-49.25266,-16.49027],[-49.24885,-16.49167],[-49.2146,-16.45367]]]},"properties":{"CD_MUN":"5208707","NM_MUN":"Goiânia","SIGLA_UF":"GO"}},{"type":"Feature","geometry":{"type":"Polygon","coordinates":[[[-49.50844,-17.75061],[-49.51299,-17.6711],[-49.504,-17.65752],[-49.48325,-17.65499],[-49.46247,-17.64029],[-49.44274,-17.63413],[-49.43874,-17.63785],[-49.43035,-17.63485],[-49.42083,-17.66018],[-49.41133,-17.65502],[-49.40858,-17.66764],[-49.41688,-17.67957],[-49.41391,-17.69103],[-49.42247,-17.69883],[-49.41974,-17.71278],[-49.4295,-17.71787],[-49.44055,-17.70993],[-49.44525,-17.7205],[-49.4455,-17.72767],[-49.43233,-17.73403],[-49.43236,-17.73852],[-49.45408,-17.74235],[-49.45902,-17.75091],[-49.50844,-17.75061]]]},"properties":{"CD_MUN":"5200506","NM_MUN":"Aloândia","SIGLA_UF":"GO"}},{"type":"Feature","geometry":{"type":"Polygon","coordinates":[[[-51.36386,-18.28094],[-51.39271,-18.25867],[-51.41033,-18.25961],[-51.41691,-18.2448],[-51.43528,-18.24432],[-51.45512,-18.22379],[-51.44769,-18.21104],[-51.44755,-18.19246],[-51.43912,-18.18375],[-51.44849,-18.18109],[-51.45029,-18.17617],[-51.44076,-18.16358],[-51.43449,-18.16138],[-51.40273,-18.1694],[-51.36537,-18.19901],[-51.33205,-18.19872],[-51.32319,-18.16732],[-51.32606,-18.13535],[-51.30833,-18.12156],[-51.30567,-18.1064],[-51.28425,-18.08421],[-51.23671,-18.08501],[-51.23532,-18.09509],[-51.22677,-18.1045],[-51.20442,-18.10367],[-51.19283,-18.12123],[-51.15516,-18.13203],[-51.15093,-18.14054],[-51.14418,-18.14187],[-51.14551,-18.15278],[-51.13769,-18.15303],[-51.13954,-18.17138],[-51.13235,-18.16832],[-51.13282,-18.16342],[-51.12938,-18.16648],[-51.12979,-18.18036],[-51.12127,-18.18117],[-51.12296,-18.1976],[-51.11299,-18.2052],[-51.12594,-18.21619],[-51.12099,-18.24227],[-51.13124,-18.23872],[-51.1288,-18.24215],[-51.13674,-18.24549],[-51.13724,-18.25244],[-51.13297,-18.2546],[-51.13744,-18.26148],[-51.12688,-18.26035],[-51.12424,-18.28273],[-51.13238,-18.28359],[-51.13291,-18.29539],[-51.14641,-18.30168],[-51.15611,-18.30499],[-51.16977,-18.29478],[-51.18075,-18.29725],[-51.19147,-18.31617],[-51.19711,-18.31755],[-51.19961,-18.32464],[-51.2025,-18.31857],[-51.21028,-18.32905],[-51.21814,-18.33004],[-51.22675,-18.34783],[-51.23767,-18.35751],[-51.25469,-18.35292],[-51.26017,-18.33335],[-51.27,-18.3361],[-51.27322,-18.32792],[-51.26992,-18.31739],[-51.27883,-18.31713],[-51.28275,-18.32377],[-51.29989,-18.30537],[-51.33494,-18.2997],[-51.35731,-18.28012],[-51.36386,-18.28094]]]},"properties":{"CD_MUN":"5201454","NM_MUN":"Aparecida do Rio Doce","SIGLA_UF":"GO"}},{"type":"Feature","geometry":{"type":"Polygon","coordinates":[[[-49.93824,-15.74909],[-49.92685,-15.74632],[-49.93238,-15.74019],[-49.91787,-15.73908],[-49.89768,-15.75287],[-49.89257,-15.74312],[-49.90245,-15.73623],[-49.8999,-15.72706],[-49.89096,-15.73644],[-49.87365,-15.73202],[-49.87654,-15.7212],[-49.86895,-15.71864],[-49.86748,-15.71136],[-49.85379,-15.70033],[-49.85782,-15.7125],[-49.8531,-15.71998],[-49.84671,-15.72083],[-49.84459,-15.70736],[-49.84157,-15.7119],[-49.81806,-15.71167],[-49.81562,-15.70544],[-49.80976,-15.70484],[-49.8092,-15.69263],[-49.80054,-15.69236],[-49.79442,-15.68189],[-49.7842,-15.67987],[-49.77953,-15.67015],[-49.76473,-15.66697],[-49.76734,-15.66084],[-49.74995,-15.65771],[-49.74803,-15.66454],[-49.74867,-15.6738],[-49.71984,-15.69018],[-49.70331,-15.71255],[-49.69798,-15.72231],[-49.70276,-15.73981],[-49.68442,-15.75477],[-49.6847,-15.76413],[-49.69745,-15.78475],[-49.69051,-15.79892],[-49.6927,-15.80602],[-49.80076,-15.78899],[-49.82412,-15.80949],[-49.83348,-15.80107],[-49.83835,-15.80253],[-49.83896,-15.79298],[-49.84726,-15.78936],[-49.84459,-15.78135],[-49.85504,-15.78592],[-49.85254,-15.77673],[-49.87285,-15.76697],[-49.88329,-15.75389],[-49.89465,-15.76102],[-49.90301,-15.75929],[-49.90449,-15.7682],[-49.90979,-15.77119],[-49.91612,-15.76713],[-49.91866,-15.75408],[-49.93326,-15.76525],[-49.93077,-15.75583],[-49.93824,-15.74909]]]},"properties":{"CD_MUN":"5209606","NM_MUN":"Heitoraí","SIGLA_UF":"GO"}},{"type":"Feature","geometry":{"type":"Polygon","coordinates":[[[-49.15989,-16.79042],[-49.16384,-16.80741],[-49.15914,-16.81686],[-49.16495,-16.81221],[-49.1709,-16.81637],[-49.17039,-16.82389],[-49.16215,-16.82956],[-49.15678,-16.82302],[-49.15531,-16.82616],[-49.15747,-16.8402],[-49.14903,-16.83752],[-49.14639,-16.84883],[-49.15445,-16.86201],[-49.14872,-16.86169],[-49.14609,-16.87348],[-49.13826,-16.87865],[-49.14053,-16.88785],[-49.14598,-16.88176],[-49.16826,-16.88903],[-49.17712,-16.88371],[-49.17842,-16.87363],[-49.18432,-16.86863],[-49.20454,-16.86111],[-49.23506,-16.85671],[-49.24001,-16.86014],[-49.25801,-16.84496],[-49.27973,-16.85125],[-49.30462,-16.86687],[-49.32576,-16.8622],[-49.32101,-16.88204],[-49.33801,-16.88616],[-49.35829,-16.88185],[-49.36554,-16.886],[-49.36438,-16.89203],[-49.37546,-16.87732],[-49.37771,-16.86406],[-49.38398,-16.86201],[-49.37871,-16.84006],[-49.38457,-16.83187],[-49.36432,-16.81449],[-49.34795,-16.7546],[-49.33862,-16.74861],[-49.28764,-16.74798],[-49.25592,-16.73297],[-49.22731,-16.7363],[-49.20826,-16.74594],[-49.18836,-16.76685],[-49.18217,-16.78146],[-49.15989,-16.79042]]]},"properties":{"CD_MUN":"5201405","NM_MUN":"Aparecida de Goiânia","SIGLA_UF":"GO"}},{"type":"Feature","geometry":{"type":"Polygon","coordinates":[[[-49.56118,-14.23282],[-49.55733,-14.21759],[-49.56333,-14.20336],[-49.55994,-14.20032],[-49.51694,-14.21475],[-49.49063,-14.23946],[-49.48219,-14.23792],[-49.48177,-14.24932],[-49.47535,-14.25052],[-49.47361,-14.25911],[-49.48132,-14.27376],[-49.46366,-14.28263],[-49.45946,-14.29209],[-49.45471,-14.28506],[-49.44997,-14.28755],[-49.4506,-14.28077],[-49.44085,-14.27957],[-49.44393,-14.27173],[-49.43899,-14.27185],[-49.42996,-14.25799],[-49.42363,-14.26887],[-49.42216,-14.27466],[-49.4293,-14.28451],[-49.41797,-14.29245],[-49.42597,-14.29951],[-49.41474,-14.30491],[-49.4141,-14.3278],[-49.42049,-14.32987],[-49.41186,-14.33847],[-49.41458,-14.34393],[-49.40638,-14.36892],[-49.39963,-14.37382],[-49.40961,-14.37865],[-49.41269,-14.38664],[-49.42011,-14.38736],[-49.40814,-14.39348],[-49.40713,-14.40089],[-49.3968,-14.40231],[-49.40694,-14.41646],[-49.40891,-14.42971],[-49.40178,-14.44447],[-49.35633,-14.50031],[-49.3552,-14.50532],[-49.36954,-14.51477],[-49.37492,-14.5052],[-49.388,-14.50757],[-49.39608,-14.52425],[-49.39186,-14.53422],[-49.41675,-14.53739],[-49.44637,-14.5576],[-49.45317,-14.56954],[-49.45031,-14.57691],[-49.45392,-14.58533],[-49.42831,-14.6022],[-49.43453,-14.61956],[-49.44784,-14.63308],[-49.45967,-14.63615],[-49.4607,-14.66092],[-49.47807,-14.67263],[-49.48146,-14.68313],[-49.49348,-14.69544],[-49.51001,-14.69684],[-49.51846,-14.7234],[-49.53221,-14.73094],[-49.53182,-14.75241],[-49.52465,-14.7592],[-49.53143,-14.76972],[-49.52118,-14.78158],[-49.49348,-14.77805],[-49.46888,-14.80011],[-49.4554,-14.79774],[-49.44646,-14.80943],[-49.44134,-14.80478],[-49.42773,-14.81828],[-49.42773,-14.83006],[-49.40868,-14.84861],[-49.43215,-14.84857],[-49.44418,-14.86152],[-49.44474,-14.87005],[-49.45338,-14.87151],[-49.46624,-14.86245],[-49.47482,-14.86317],[-49.47421,-14.85282],[-49.4873,-14.83832],[-49.50696,-14.83938],[-49.51657,-14.83523],[-49.52955,-14.81466],[-49.54535,-14.82139],[-49.55551,-14.8127],[-49.58616,-14.81064],[-49.59252,-14.80375],[-49.60947,-14.81391],[-49.62985,-14.81311],[-49.63749,-14.81737],[-49.6453,-14.84067],[-49.65596,-14.73056],[-49.66268,-14.72214],[-49.66343,-14.70936],[-49.68941,-14.66097],[-49.69715,-14.6568],[-49.70135,-14.64167],[-49.70896,-14.63243],[-49.7181,-14.63198],[-49.73596,-14.60741],[-49.70404,-14.59635],[-49.69743,-14.60297],[-49.67232,-14.58901],[-49.63462,-14.57849],[-49.64371,-14.62824],[-49.62604,-14.6334],[-49.63226,-14.64781],[-49.62443,-14.67654],[-49.61501,-14.68151],[-49.60554,-14.66583],[-49.59699,-14.66383],[-49.58973,-14.65459],[-49.56757,-14.64777],[-49.57495,-14.62694],[-49.56656,-14.60563],[-49.5569,-14.59883],[-49.55526,-14.56992],[-49.55162,-14.56982],[-49.54725,-14.5546],[-49.53517,-14.54689],[-49.54245,-14.53448],[-49.54114,-14.5159],[-49.5539,-14.50377],[-49.54945,-14.50038],[-49.54117,-14.46388],[-49.52244,-14.47527],[-49.50722,-14.46785],[-49.47772,-14.41028],[-49.50463,-14.24865],[-49.56118,-14.23282]]]},"properties":{"CD_MUN":"5216908","NM_MUN":"Pilar de Goiás","SIGLA_UF":"GO"}},{"type":"Feature","geometry":{"type":"Polygon","coordinates":[[[-50.13869,-16.32902],[-50.13482,-16.30961],[-50.09893,-16.28036],[-50.07324,-16.29118],[-50.06304,-16.29054],[-50.04817,-16.26577],[-50.04993,-16.26169],[-50.0304,-16.25189],[-50.03007,-16.28036],[-50.04529,-16.31079],[-50.02752,-16.30254],[-50.02143,-16.31503],[-50.01307,-16.31758],[-50.00873,-16.33051],[-49.98282,-16.33147],[-49.97965,-16.32345],[-49.98692,-16.30722],[-49.98648,-16.29378],[-49.97715,-16.27987],[-49.96857,-16.28044],[-49.95907,-16.26033],[-49.94462,-16.24536],[-49.93537,-16.24493],[-49.91953,-16.261],[-49.88076,-16.25845],[-49.87162,-16.26647],[-49.87823,-16.27562],[-49.87412,-16.2855],[-49.86265,-16.27826],[-49.84523,-16.28279],[-49.83634,-16.27645],[-49.82106,-16.27563],[-49.81123,-16.28337],[-49.8087,-16.29223],[-49.79842,-16.29953],[-49.78548,-16.29863],[-49.76892,-16.30677],[-49.75606,-16.32252],[-49.75439,-16.33836],[-49.74887,-16.33938],[-49.74342,-16.36242],[-49.7517,-16.36862],[-49.77451,-16.37147],[-49.8002,-16.36256],[-49.81382,-16.38038],[-49.81993,-16.38148],[-49.81462,-16.39811],[-49.81795,-16.42],[-49.83109,-16.44523],[-49.82268,-16.45866],[-49.81385,-16.46081],[-49.81479,-16.46468],[-49.83415,-16.47046],[-49.84021,-16.484],[-49.83132,-16.49709],[-49.83302,-16.51763],[-49.84188,-16.51421],[-49.89332,-16.52049],[-49.89779,-16.52944],[-49.90491,-16.53232],[-49.91357,-16.52529],[-49.94693,-16.54572],[-49.94885,-16.54144],[-49.97425,-16.53899],[-49.98686,-16.52884],[-49.99994,-16.52883],[-50.01238,-16.50526],[-50.03338,-16.50987],[-50.04397,-16.51993],[-50.06952,-16.49803],[-50.0798,-16.50265],[-50.08352,-16.4921],[-50.09866,-16.49394],[-50.10427,-16.50437],[-50.11686,-16.49398],[-50.1293,-16.50296],[-50.17124,-16.48244],[-50.16519,-16.47328],[-50.14883,-16.44346],[-50.16541,-16.42606],[-50.15874,-16.41525],[-50.15857,-16.39469],[-50.15008,-16.39135],[-50.14677,-16.37201],[-50.13371,-16.37068],[-50.13127,-16.36388],[-50.13318,-16.33689],[-50.13869,-16.32902]]]},"properties":{"CD_MUN":"5201306","NM_MUN":"Anicuns","SIGLA_UF":"GO"}},{"type":"Feature","geometry":{"type":"Polygon","coordinates":[[[-49.69356,-14.46599],[-49.68628,-14.47902],[-49.66659,-14.47689],[-49.66009,-14.48096],[-49.65659,-14.51088],[-49.6619,-14.53091],[-49.65604,-14.53309],[-49.65826,-14.53871],[-49.65295,-14.53861],[-49.65101,-14.55293],[-49.63406,-14.56643],[-49.63462,-14.57849],[-49.67232,-14.58901],[-49.69743,-14.60297],[-49.70404,-14.59635],[-49.73596,-14.60741],[-49.7181,-14.63198],[-49.70896,-14.63243],[-49.70135,-14.64167],[-49.69715,-14.6568],[-49.68941,-14.66097],[-49.66343,-14.70936],[-49.66268,-14.72214],[-49.65596,-14.73056],[-49.6453,-14.84067],[-49.66141,-14.84403],[-49.66283,-14.83768],[-49.67066,-14.83424],[-49.67438,-14.8569],[-49.68797,-14.85754],[-49.73736,-14.9131],[-49.75255,-14.90848],[-49.76905,-14.91818],[-49.76803,-14.93567],[-49.78612,-14.9276],[-49.81267,-14.94074],[-49.81928,-14.93204],[-49.80809,-14.89923],[-49.81395,-14.88826],[-49.81489,-14.86833],[-49.81031,-14.85111],[-49.81533,-14.8493],[-49.80955,-14.84458],[-49.81533,-14.8425],[-49.801,-14.83362],[-49.8065,-14.82791],[-49.79289,-14.80879],[-49.79297,-14.79619],[-49.79883,-14.7903],[-49.79483,-14.78531],[-49.78869,-14.79003],[-49.77733,-14.78531],[-49.77127,-14.76293],[-49.77555,-14.75559],[-49.77294,-14.74145],[-49.7611,-14.73003],[-49.76391,-14.71979],[-49.75255,-14.70529],[-49.74621,-14.70665],[-49.73169,-14.69124],[-49.73169,-14.68717],[-49.73849,-14.68554],[-49.73355,-14.67412],[-49.74518,-14.67285],[-49.74416,-14.65781],[-49.75421,-14.65889],[-49.75588,-14.64738],[-49.76277,-14.65662],[-49.77674,-14.65463],[-49.76846,-14.64548],[-49.77635,-14.64049],[-49.78446,-14.61973],[-49.80157,-14.61411],[-49.81202,-14.62027],[-49.81629,-14.61221],[-49.81274,-14.60795],[-49.8203,-14.60803],[-49.82224,-14.60241],[-49.81721,-14.60142],[-49.82419,-14.59552],[-49.81907,-14.59163],[-49.81999,-14.5832],[-49.8066,-14.57822],[-49.81571,-14.57586],[-49.81674,-14.56707],[-49.82351,-14.56842],[-49.81988,-14.54903],[-49.79112,-14.53245],[-49.77801,-14.54007],[-49.78071,-14.52349],[-49.77065,-14.50681],[-49.76348,-14.51216],[-49.76051,-14.53246],[-49.75513,-14.53237],[-49.75176,-14.52503],[-49.75501,-14.50382],[-49.74823,-14.50056],[-49.75648,-14.49427],[-49.75304,-14.48288],[-49.77015,-14.48279],[-49.77007,-14.47698],[-49.74668,-14.4738],[-49.72537,-14.4848],[-49.72306,-14.47271],[-49.71501,-14.46433],[-49.69968,-14.47388],[-49.69356,-14.46599]]]},"properties":{"CD_MUN":"5209457","NM_MUN":"Guarinos","SIGLA_UF":"GO"}},{"type":"Feature","geometry":{"type":"Polygon","coordinates":[[[-46.23502,-13.70816],[-46.23775,-13.71688],[-46.26414,-13.73334],[-46.26633,-13.74033],[-46.25469,-13.74872],[-46.23661,-13.74483],[-46.22303,-13.76947],[-46.22847,-13.77485],[-46.27097,-13.7862],[-46.28189,-13.79523],[-46.26203,-13.80858],[-46.27086,-13.82695],[-46.24828,-13.83104],[-46.23308,-13.84567],[-46.23653,-13.85958],[-46.26162,-13.90262],[-46.2617,-13.92831],[-46.26743,-13.93932],[-46.26618,-13.9463],[-46.21818,-13.97406],[-46.21832,-14.00249],[-46.20945,-14.01286],[-46.21332,-14.02607],[-46.22582,-14.04206],[-46.24787,-14.05655],[-46.27015,-14.05799],[-46.28509,-14.05276],[-46.29162,-14.04158],[-46.2921,-14.02554],[-46.30721,-14.02059],[-46.32921,-14.02093],[-46.3336,-14.02681],[-46.34221,-14.02259],[-46.37768,-14.02804],[-46.41646,-14.0466],[-46.43413,-14.03419],[-46.43871,-14.02067],[-46.4353,-14.00918],[-46.44455,-13.99573],[-46.44993,-13.9952],[-46.45541,-14.00237],[-46.46024,-13.99478],[-46.47605,-13.99447],[-46.48115,-13.99975],[-46.48635,-13.99759],[-46.49952,-14.01292],[-46.51794,-14.011],[-46.51986,-14.01528],[-46.52852,-14.01181],[-46.53516,-14.01767],[-46.54738,-14.00107],[-46.5566,-14.00047],[-46.56313,-13.98949],[-46.5701,-13.98691],[-46.57552,-13.96828],[-46.58177,-13.96371],[-46.57505,-13.95425],[-46.57713,-13.951],[-46.59032,-13.9452],[-46.6003,-13.95033],[-46.60666,-13.94258],[-46.6198,-13.94529],[-46.64116,-13.92758],[-46.64446,-13.93277],[-46.6568,-13.93185],[-46.66169,-13.91866],[-46.68099,-13.91624],[-46.70322,-13.90423],[-46.70866,-13.89195],[-46.71741,-13.88585],[-46.71433,-13.87795],[-46.72233,-13.87284],[-46.72077,-13.86939],[-46.72791,-13.86734],[-46.73241,-13.8595],[-46.74397,-13.86273],[-46.74191,-13.85077],[-46.75866,-13.83774],[-46.75435,-13.82974],[-46.75921,-13.8247],[-46.75143,-13.82475],[-46.75063,-13.81994],[-46.73838,-13.82313],[-46.73052,-13.83522],[-46.70452,-13.82701],[-46.70355,-13.82039],[-46.68932,-13.81297],[-46.68921,-13.81777],[-46.68421,-13.81529],[-46.68057,-13.81926],[-46.65882,-13.81749],[-46.65212,-13.8065],[-46.63202,-13.81851],[-46.62696,-13.8144],[-46.61979,-13.8197],[-46.61473,-13.81134],[-46.60163,-13.82094],[-46.59071,-13.81598],[-46.58521,-13.80671],[-46.57315,-13.80827],[-46.56043,-13.80067],[-46.55048,-13.80341],[-46.53954,-13.79265],[-46.52401,-13.80007],[-46.51607,-13.81124],[-46.51234,-13.81203],[-46.51312,-13.80805],[-46.50009,-13.81277],[-46.47221,-13.80644],[-46.46554,-13.81052],[-46.45632,-13.80697],[-46.44868,-13.79484],[-46.44029,-13.79456],[-46.43918,-13.78744],[-46.43314,-13.78874],[-46.43467,-13.78301],[-46.42831,-13.78256],[-46.42654,-13.77507],[-46.4087,-13.77733],[-46.39397,-13.76435],[-46.37703,-13.75807],[-46.3685,-13.742],[-46.35067,-13.73291],[-46.34105,-13.72071],[-46.31969,-13.71896],[-46.30341,-13.70112],[-46.28769,-13.70095],[-46.2685,-13.71099],[-46.23502,-13.70816]]]},"properties":{"CD_MUN":"5209408","NM_MUN":"Guarani de Goiás","SIGLA_UF":"GO"}},{"type":"Feature","geometry":{"type":"Polygon","coordinates":[[[-48.27054,-18.32603],[-48.26634,-18.31956],[-48.2675,-18.3001],[-48.26087,-18.2894],[-48.24103,-18.28233],[-48.22525,-18.26818],[-48.22401,-18.2779],[-48.21756,-18.28171],[-48.19514,-18.27703],[-48.18567,-18.30297],[-48.17562,-18.30772],[-48.16987,-18.32171],[-48.18659,-18.32957],[-48.20367,-18.32877],[-48.20362,-18.33949],[-48.21039,-18.33488],[-48.2234,-18.34395],[-48.26015,-18.34085],[-48.25581,-18.33954],[-48.25779,-18.33208],[-48.27054,-18.32603]]]},"properties":{"CD_MUN":"5201207","NM_MUN":"Anhanguera","SIGLA_UF":"GO"}},{"type":"Feature","geometry":{"type":"Polygon","coordinates":[[[-50.1236,-15.64738],[-50.12485,-15.61715],[-50.13488,-15.59759],[-50.13127,-15.58362],[-50.12713,-15.58846],[-50.12838,-15.60343],[-50.11537,-15.61342],[-50.10648,-15.61184],[-50.09748,-15.59871],[-50.06254,-15.59636],[-50.05126,-15.58371],[-50.03878,-15.58133],[-50.03469,-15.57606],[-50.01938,-15.58635],[-49.98966,-15.64011],[-49.99393,-15.67436],[-50.00561,-15.7089],[-49.99798,-15.73797],[-50.00799,-15.75891],[-50.02285,-15.78104],[-50.04894,-15.77293],[-50.06513,-15.78165],[-50.06827,-15.78845],[-50.08096,-15.77707],[-50.08524,-15.76527],[-50.06096,-15.72811],[-50.06704,-15.70335],[-50.0761,-15.69995],[-50.07852,-15.68836],[-50.08991,-15.68744],[-50.09605,-15.67206],[-50.12201,-15.65961],[-50.1236,-15.64738]]]},"properties":{"CD_MUN":"5209291","NM_MUN":"Guaraíta","SIGLA_UF":"GO"}},{"type":"Feature","geometry":{"type":"Polygon","coordinates":[[[-49.19189,-16.14394],[-49.1882,-16.14027],[-49.17734,-16.14373],[-49.16006,-16.13222],[-49.15175,-16.13305],[-49.14756,-16.12446],[-49.12262,-16.13282],[-49.10589,-16.14613],[-49.09875,-16.13426],[-49.08186,-16.14002],[-49.06619,-16.13675],[-49.05647,-16.12851],[-49.02858,-16.13825],[-49.02317,-16.1355],[-49.01944,-16.14252],[-48.98067,-16.12536],[-48.96288,-16.12607],[-48.93947,-16.13448],[-48.92225,-16.16358],[-48.92928,-16.17019],[-48.93314,-16.1923],[-48.95989,-16.21973],[-48.95478,-16.2315],[-48.94192,-16.23558],[-48.9218,-16.21904],[-48.89684,-16.23717],[-48.87144,-16.23851],[-48.85303,-16.22863],[-48.84294,-16.22836],[-48.82594,-16.23754],[-48.82575,-16.25591],[-48.81605,-16.25709],[-48.80517,-16.26932],[-48.78711,-16.26847],[-48.77302,-16.27757],[-48.76922,-16.29128],[-48.76739,-16.30758],[-48.75047,-16.33217],[-48.76236,-16.35439],[-48.7623,-16.36007],[-48.75097,-16.3687],[-48.74986,-16.37542],[-48.75534,-16.3823],[-48.76622,-16.38589],[-48.80072,-16.38288],[-48.82073,-16.39873],[-48.85381,-16.40388],[-48.8715,-16.39378],[-48.88362,-16.40476],[-48.89959,-16.4038],[-48.90901,-16.39635],[-48.9162,-16.40404],[-48.9961,-16.4856],[-48.98161,-16.40461],[-48.98054,-16.399],[-48.99231,-16.40271],[-49.00951,-16.39834],[-49.02309,-16.41294],[-49.02901,-16.40346],[-49.04154,-16.39814],[-49.04973,-16.37628],[-49.06735,-16.37625],[-49.0769,-16.38785],[-49.09065,-16.3862],[-49.09315,-16.38147],[-49.09962,-16.38496],[-49.09507,-16.40242],[-49.09798,-16.41548],[-49.1136,-16.42748],[-49.13118,-16.41571],[-49.13384,-16.40674],[-49.17593,-16.36569],[-49.1834,-16.34711],[-49.19421,-16.3472],[-49.18435,-16.3269],[-49.17093,-16.32016],[-49.16623,-16.31018],[-49.17982,-16.26244],[-49.17046,-16.26291],[-49.15812,-16.25351],[-49.14365,-16.23234],[-49.14531,-16.22106],[-49.15723,-16.20525],[-49.15628,-16.19367],[-49.16604,-16.19334],[-49.1657,-16.18354],[-49.17417,-16.1777],[-49.17767,-16.16223],[-49.19189,-16.14394]]]},"properties":{"CD_MUN":"5201108","NM_MUN":"Anápolis","SIGLA_UF":"GO"}},{"type":"Feature","geometry":{"type":"Polygon","coordinates":[[[-49.6484,-17.3021],[-49.63768,-17.30583],[-49.63459,-17.2959],[-49.6224,-17.29214],[-49.61601,-17.296],[-49.60095,-17.29951],[-49.59532,-17.29647],[-49.58876,-17.30513],[-49.57659,-17.30423],[-49.5714,-17.31673],[-49.56454,-17.31379],[-49.55623,-17.32219],[-49.5579,-17.32837],[-49.54868,-17.32931],[-49.53135,-17.34304],[-49.51743,-17.34549],[-49.51435,-17.354],[-49.45287,-17.32503],[-49.44526,-17.32916],[-49.30163,-17.50703],[-49.29626,-17.5231],[-49.31121,-17.52967],[-49.30157,-17.56779],[-49.3184,-17.57082],[-49.31743,-17.5814],[-49.32262,-17.59101],[-49.32843,-17.5906],[-49.33046,-17.58329],[-49.33565,-17.5871],[-49.34638,-17.58341],[-49.35371,-17.59582],[-49.36729,-17.59725],[-49.36088,-17.60462],[-49.36465,-17.60901],[-49.38099,-17.61217],[-49.40485,-17.62862],[-49.41133,-17.65502],[-49.42083,-17.66018],[-49.43035,-17.63485],[-49.43874,-17.63785],[-49.44274,-17.63413],[-49.46247,-17.64029],[-49.48325,-17.65499],[-49.504,-17.65752],[-49.51299,-17.6711],[-49.50844,-17.75061],[-49.51608,-17.75149],[-49.53717,-17.73221],[-49.53019,-17.71209],[-49.54047,-17.68269],[-49.53766,-17.66777],[-49.54111,-17.6572],[-49.5473,-17.65572],[-49.55744,-17.66912],[-49.54586,-17.70651],[-49.54636,-17.71559],[-49.56258,-17.74304],[-49.56181,-17.76566],[-49.55564,-17.78001],[-49.55964,-17.78411],[-49.56481,-17.78408],[-49.6012,-17.75259],[-49.61331,-17.75413],[-49.64556,-17.72387],[-49.65267,-17.725],[-49.65778,-17.70389],[-49.69386,-17.68699],[-49.70525,-17.67413],[-49.7175,-17.67025],[-49.73414,-17.64708],[-49.74639,-17.6397],[-49.7607,-17.64296],[-49.77303,-17.62819],[-49.78159,-17.62843],[-49.79195,-17.60777],[-49.82514,-17.58517],[-49.81372,-17.57737],[-49.80044,-17.58729],[-49.79125,-17.58392],[-49.79034,-17.57663],[-49.78006,-17.57752],[-49.76822,-17.58597],[-49.75914,-17.58493],[-49.75136,-17.5769],[-49.74625,-17.57916],[-49.73786,-17.56082],[-49.73292,-17.56508],[-49.72875,-17.55747],[-49.72767,-17.56301],[-49.72456,-17.55435],[-49.71672,-17.55081],[-49.70817,-17.55638],[-49.68141,-17.54797],[-49.68639,-17.54178],[-49.68316,-17.53603],[-49.67736,-17.53718],[-49.68,-17.53037],[-49.66822,-17.5194],[-49.6485,-17.5184],[-49.66813,-17.50047],[-49.66613,-17.49108],[-49.65043,-17.49505],[-49.64041,-17.48384],[-49.63402,-17.48719],[-49.62805,-17.48297],[-49.64727,-17.47661],[-49.63918,-17.46048],[-49.64922,-17.45758],[-49.64627,-17.44917],[-49.65249,-17.44094],[-49.64724,-17.43229],[-49.63891,-17.4372],[-49.63907,-17.44499],[-49.63063,-17.43984],[-49.62413,-17.41939],[-49.63838,-17.41605],[-49.64421,-17.40616],[-49.64263,-17.40191],[-49.63074,-17.40156],[-49.63421,-17.39513],[-49.64077,-17.39897],[-49.65504,-17.39182],[-49.64616,-17.38289],[-49.65193,-17.37915],[-49.64054,-17.37279],[-49.65054,-17.33178],[-49.64729,-17.32234],[-49.65321,-17.30903],[-49.6484,-17.3021]]]},"properties":{"CD_MUN":"5217708","NM_MUN":"Pontalina","SIGLA_UF":"GO"}},{"type":"Feature","geometry":{"type":"Polygon","coordinates":[[[-47.57313,-15.04711],[-47.56893,-15.07438],[-47.55605,-15.09192],[-47.55329,-15.11348],[-47.52513,-15.17869],[-47.52657,-15.21046],[-47.50869,-15.23069],[-47.50555,-15.24223],[-47.51322,-15.26983],[-47.53685,-15.28143],[-47.54644,-15.29192],[-47.53978,-15.29553],[-47.50544,-15.28753],[-47.4873,-15.29992],[-47.47761,-15.32777],[-47.47572,-15.36669],[-47.46644,-15.3767],[-47.48319,-15.39488],[-47.48964,-15.42178],[-47.48981,-15.48348],[-47.49551,-15.50031],[-48.0528,-15.50017],[-48.04558,-15.49118],[-48.04924,-15.48322],[-48.0421,-15.46435],[-48.02208,-15.46437],[-48.01597,-15.45695],[-48.00955,-15.45895],[-48.0056,-15.45199],[-47.98672,-15.44969],[-47.98705,-15.44456],[-47.98449,-15.44868],[-47.97416,-15.44284],[-47.96888,-15.44962],[-47.9683,-15.44406],[-47.95452,-15.44099],[-47.95091,-15.40852],[-47.94099,-15.39931],[-47.92354,-15.36076],[-47.95346,-15.33474],[-47.95996,-15.3385],[-47.96793,-15.32946],[-47.96987,-15.3143],[-47.96604,-15.31198],[-47.97154,-15.31126],[-47.96784,-15.30679],[-47.97318,-15.29883],[-47.97168,-15.28155],[-47.98054,-15.28264],[-47.99626,-15.27277],[-47.99062,-15.26705],[-47.99512,-15.26658],[-47.99982,-15.25115],[-48.00651,-15.24752],[-48.00278,-15.2426],[-48.01042,-15.2439],[-48.01365,-15.2377],[-48.01176,-15.22569],[-48.02021,-15.21245],[-48.01576,-15.21018],[-48.02687,-15.20612],[-48.03073,-15.21127],[-48.03701,-15.21035],[-48.0559,-15.19781],[-48.07165,-15.19975],[-48.07296,-15.19513],[-48.08171,-15.19592],[-48.08893,-15.17076],[-48.09354,-15.16999],[-48.10787,-15.14672],[-48.09076,-15.13575],[-48.07262,-15.14989],[-48.07012,-15.14287],[-48.05845,-15.14072],[-48.05556,-15.13163],[-48.05067,-15.13624],[-48.029,-15.13686],[-48.01773,-15.13266],[-48.0169,-15.12754],[-48.00998,-15.12875],[-48.01362,-15.12522],[-48.00662,-15.12331],[-48.00617,-15.11556],[-47.99576,-15.11993],[-47.98948,-15.10381],[-47.96912,-15.10595],[-47.9707,-15.10104],[-47.96256,-15.09912],[-47.9655,-15.09418],[-47.96256,-15.09767],[-47.95367,-15.09528],[-47.95078,-15.08569],[-47.94422,-15.08683],[-47.94486,-15.08147],[-47.93586,-15.08658],[-47.92992,-15.07323],[-47.92978,-15.08021],[-47.917,-15.08056],[-47.90797,-15.0905],[-47.89981,-15.08559],[-47.88972,-15.08985],[-47.88486,-15.08593],[-47.87725,-15.09373],[-47.85822,-15.08783],[-47.8535,-15.09061],[-47.85406,-15.09889],[-47.83969,-15.09121],[-47.82072,-15.09654],[-47.79286,-15.07378],[-47.78258,-15.07478],[-47.77891,-15.06196],[-47.76197,-15.04216],[-47.74344,-15.04127],[-47.74413,-15.03471],[-47.73749,-15.03516],[-47.72994,-15.02574],[-47.72477,-15.02926],[-47.72046,-15.01776],[-47.70599,-15.02114],[-47.67949,-15.03924],[-47.57313,-15.04711]]]},"properties":{"CD_MUN":"5217609","NM_MUN":"Planaltina","SIGLA_UF":"GO"}},{"type":"Feature","geometry":{"type":"Polygon","coordinates":[[[-49.5986,-16.80221],[-49.59238,-16.78391],[-49.57887,-16.772],[-49.5658,-16.78771],[-49.54618,-16.79743],[-49.54468,-16.81151],[-49.50613,-16.80211],[-49.48704,-16.79116],[-49.4729,-16.79096],[-49.44654,-16.80423],[-49.45549,-16.81833],[-49.43623,-16.83928],[-49.43887,-16.85627],[-49.43521,-16.86916],[-49.44635,-16.90073],[-49.47027,-16.89809],[-49.46374,-16.91666],[-49.48296,-16.92924],[-49.47921,-16.98005],[-49.48927,-16.98113],[-49.50303,-16.99635],[-49.51997,-17.00052],[-49.52622,-17.01779],[-49.52386,-17.02322],[-49.53519,-17.02514],[-49.54311,-17.04467],[-49.54706,-17.04587],[-49.55386,-17.03708],[-49.5593,-17.03989],[-49.56822,-17.03547],[-49.57664,-17.04828],[-49.60592,-17.0639],[-49.6062,-17.05786],[-49.61964,-17.04721],[-49.63389,-17.01053],[-49.59478,-16.95272],[-49.67317,-16.95685],[-49.69283,-16.95132],[-49.69944,-16.94251],[-49.72044,-16.95432],[-49.72789,-16.95602],[-49.73269,-16.95184],[-49.743,-16.95643],[-49.74897,-16.94418],[-49.74392,-16.94166],[-49.73714,-16.94554],[-49.73467,-16.93714],[-49.726,-16.93264],[-49.73647,-16.91219],[-49.73172,-16.90621],[-49.73458,-16.8994],[-49.7193,-16.8899],[-49.7145,-16.88079],[-49.69675,-16.88215],[-49.68544,-16.87295],[-49.66497,-16.87532],[-49.64636,-16.85934],[-49.63888,-16.85884],[-49.62852,-16.84631],[-49.61038,-16.84183],[-49.59679,-16.81441],[-49.5986,-16.80221]]]},"properties":{"CD_MUN":"5209200","NM_MUN":"Guapó","SIGLA_UF":"GO"}}]}