{"type":"FeatureCollection","features":[{"type":"Feature","geometry":{"type":"Polygon","coordinates":[[[-36.56401,-5.75649],[-36.53261,-5.6908],[-36.5235,-5.69941],[-36.4872,-5.69703],[-36.48008,-5.70373],[-36.44589,-5.69827],[-36.42216,-5.70676],[-36.36158,-5.70653],[-36.35519,-5.71737],[-36.32452,-5.72172],[-36.31102,-5.71898],[-36.30397,-5.70715],[-36.28983,-5.70526],[-36.2783,-5.71453],[-36.27199,-5.70863],[-36.28314,-5.85838],[-36.35656,-5.8494],[-36.38911,-5.7977],[-36.50728,-5.75336],[-36.52098,-5.76428],[-36.54972,-5.76896],[-36.56401,-5.75649]]]},"properties":{"CD_MUN":"2403756","NM_MUN":"Fernando Pedroza","SIGLA_UF":"RN"}},{"type":"Feature","geometry":{"type":"Polygon","coordinates":[[[-36.03732,-5.05154],[-35.97859,-5.04148],[-35.94829,-5.04431],[-35.89985,-5.06235],[-35.94982,-5.23778],[-36.00644,-5.2528],[-36.064,-5.23488],[-36.05338,-5.20981],[-36.04055,-5.08418],[-36.03218,-5.07403],[-36.0429,-5.06738],[-36.03732,-5.05154]]]},"properties":{"CD_MUN":"2401859","NM_MUN":"Caiçara do Norte","SIGLA_UF":"RN"}},{"type":"Feature","geometry":{"type":"Polygon","coordinates":[[[-36.33367,-5.89211],[-36.37101,-5.89549],[-36.36215,-5.96813],[-36.36989,-5.96961],[-36.3794,-5.98721],[-36.39223,-5.99092],[-36.39248,-6.01151],[-36.39934,-6.01977],[-36.44731,-6.01211],[-36.44331,-6.03594],[-36.52001,-6.04508],[-36.54666,-6.05689],[-36.53918,-5.98975],[-36.47462,-5.92735],[-36.43048,-5.90779],[-36.41486,-5.86058],[-36.38589,-5.85182],[-36.36495,-5.8761],[-36.33262,-5.87203],[-36.33367,-5.89211]]]},"properties":{"CD_MUN":"2401651","NM_MUN":"Bodó","SIGLA_UF":"RN"}},{"type":"Feature","geometry":{"type":"Polygon","coordinates":[[[-37.04002,-5.85838],[-37.06278,-5.98567],[-37.12725,-5.95609],[-37.12997,-5.96777],[-37.1537,-5.99232],[-37.16253,-6.02118],[-37.26214,-5.90915],[-37.19611,-5.82805],[-37.14858,-5.86553],[-37.13108,-5.87195],[-37.09908,-5.87243],[-37.04002,-5.85838]]]},"properties":{"CD_MUN":"2414456","NM_MUN":"Triunfo Potiguar","SIGLA_UF":"RN"}},{"type":"Feature","geometry":{"type":"Polygon","coordinates":[[[-36.71772,-6.09667],[-36.69164,-6.10576],[-36.68789,-6.09707],[-36.65213,-6.09353],[-36.67827,-6.13215],[-36.70677,-6.14186],[-36.71811,-6.16535],[-36.71214,-6.18382],[-36.71639,-6.20895],[-36.7028,-6.22152],[-36.7848,-6.19502],[-36.76156,-6.18084],[-36.75292,-6.16335],[-36.74433,-6.16393],[-36.7285,-6.14982],[-36.7303,-6.11296],[-36.73808,-6.11183],[-36.71772,-6.09667]]]},"properties":{"CD_MUN":"2414159","NM_MUN":"Tenente Laurentino Cruz","SIGLA_UF":"RN"}},{"type":"Feature","geometry":{"type":"Polygon","coordinates":[[[-38.569,-6.29292],[-38.5435,-6.28702],[-38.49292,-6.29471],[-38.45917,-6.32848],[-38.47973,-6.3426],[-38.48606,-6.34051],[-38.50311,-6.35579],[-38.51681,-6.3528],[-38.53575,-6.38615],[-38.55553,-6.37238],[-38.57162,-6.37122],[-38.57551,-6.36345],[-38.56142,-6.35466],[-38.5759,-6.34746],[-38.58092,-6.3193],[-38.56508,-6.30362],[-38.569,-6.29292]]]},"properties":{"CD_MUN":"2414753","NM_MUN":"Venha-Ver","SIGLA_UF":"RN"}},{"type":"Feature","geometry":{"type":"Polygon","coordinates":[[[-38.27483,-6.38209],[-38.29667,-6.40409],[-38.29592,-6.41743],[-38.30442,-6.42961],[-38.33856,-6.44409],[-38.34542,-6.44897],[-38.33889,-6.42693],[-38.34228,-6.38924],[-38.33264,-6.37562],[-38.31416,-6.3841],[-38.30703,-6.37764],[-38.27483,-6.38209]]]},"properties":{"CD_MUN":"2407252","NM_MUN":"Major Sales","SIGLA_UF":"RN"}},{"type":"Feature","geometry":{"type":"Polygon","coordinates":[[[-35.79026,-5.0769],[-35.63498,-5.12147],[-35.63273,-5.13256],[-35.64373,-5.13298],[-35.65976,-5.17944],[-35.62826,-5.19983],[-35.62159,-5.21176],[-35.64178,-5.20995],[-35.68354,-5.22307],[-35.70893,-5.26785],[-35.71391,-5.2918],[-35.75015,-5.28692],[-35.75779,-5.29211],[-35.77802,-5.27268],[-35.80866,-5.26015],[-35.81129,-5.24994],[-35.8381,-5.22797],[-35.83196,-5.21126],[-35.79026,-5.0769]]]},"properties":{"CD_MUN":"2412559","NM_MUN":"São Miguel do Gostoso","SIGLA_UF":"RN"}},{"type":"Feature","geometry":{"type":"Polygon","coordinates":[[[-36.89701,-5.60389],[-36.81573,-5.64246],[-36.75048,-5.64665],[-36.73814,-5.65723],[-36.73909,-5.66795],[-36.72531,-5.69168],[-36.70259,-5.70185],[-36.73873,-5.73294],[-36.75504,-5.75827],[-36.77226,-5.76423],[-36.78671,-5.75526],[-36.8024,-5.7569],[-36.8474,-5.72356],[-36.85882,-5.72556],[-36.8939,-5.71188],[-36.88103,-5.6528],[-36.89701,-5.60389]]]},"properties":{"CD_MUN":"2404853","NM_MUN":"Itajá","SIGLA_UF":"RN"}},{"type":"Feature","geometry":{"type":"Polygon","coordinates":[[[-35.86953,-6.36256],[-35.8682,-6.36721],[-35.84167,-6.37683],[-35.85342,-6.44355],[-35.82192,-6.4857],[-35.84214,-6.48195],[-35.94679,-6.49229],[-35.96193,-6.48435],[-35.97576,-6.48841],[-36.00182,-6.48399],[-36.0054,-6.47054],[-35.9877,-6.43093],[-35.96803,-6.39426],[-35.89061,-6.36127],[-35.86953,-6.36256]]]},"properties":{"CD_MUN":"2405405","NM_MUN":"Japi","SIGLA_UF":"RN"}},{"type":"Feature","geometry":{"type":"Polygon","coordinates":[[[-38.05552,-5.74766],[-37.90107,-5.72265],[-37.90269,-5.75169],[-37.90969,-5.78215],[-37.97292,-5.81437],[-37.97981,-5.83111],[-37.98833,-5.82851],[-37.99666,-5.83818],[-38.00214,-5.8368],[-38.014,-5.85437],[-38.01736,-5.843],[-38.04597,-5.81676],[-38.03761,-5.77812],[-38.05552,-5.74766]]]},"properties":{"CD_MUN":"2413607","NM_MUN":"Severiano Melo","SIGLA_UF":"RN"}},{"type":"Feature","geometry":{"type":"Polygon","coordinates":[[[-35.67485,-6.20109],[-35.66535,-6.20624],[-35.6511,-6.20019],[-35.64227,-6.20573],[-35.62432,-6.20234],[-35.62038,-6.20581],[-35.61232,-6.19741],[-35.6029,-6.20794],[-35.59051,-6.21166],[-35.56668,-6.2053],[-35.47537,-6.229],[-35.47301,-6.2729],[-35.50238,-6.29695],[-35.50913,-6.28898],[-35.52304,-6.28387],[-35.5481,-6.28791],[-35.55277,-6.28443],[-35.56199,-6.29581],[-35.57921,-6.3024],[-35.59802,-6.30107],[-35.60827,-6.31598],[-35.62047,-6.30579],[-35.6336,-6.31302],[-35.65044,-6.26802],[-35.67293,-6.26238],[-35.66307,-6.24608],[-35.67485,-6.20109]]]},"properties":{"CD_MUN":"2413508","NM_MUN":"Serrinha","SIGLA_UF":"RN"}},{"type":"Feature","geometry":{"type":"Polygon","coordinates":[[[-35.56651,-6.07092],[-35.54951,-6.04903],[-35.53514,-6.07456],[-35.54065,-6.09671],[-35.53393,-6.14189],[-35.54676,-6.19695],[-35.56668,-6.2053],[-35.59051,-6.21166],[-35.6029,-6.20794],[-35.61232,-6.19741],[-35.62038,-6.20581],[-35.62432,-6.20234],[-35.64227,-6.20573],[-35.6511,-6.20019],[-35.66535,-6.20624],[-35.67485,-6.20109],[-35.74035,-6.18438],[-35.70735,-6.16611],[-35.66643,-6.16699],[-35.66835,-6.15905],[-35.66421,-6.1558],[-35.65282,-6.15795],[-35.64963,-6.17015],[-35.63632,-6.12823],[-35.58842,-6.09704],[-35.57062,-6.07972],[-35.56651,-6.07092]]]},"properties":{"CD_MUN":"2405306","NM_MUN":"Januário Cicco","SIGLA_UF":"RN"}},{"type":"Feature","geometry":{"type":"Polygon","coordinates":[[[-37.3962,-6.44603],[-37.37917,-6.43674],[-37.36809,-6.4462],[-37.32514,-6.44577],[-37.29286,-6.47386],[-37.26083,-6.51869],[-37.25334,-6.58174],[-37.22995,-6.58869],[-37.22903,-6.59861],[-37.21436,-6.59825],[-37.21247,-6.61259],[-37.25895,-6.61612],[-37.25914,-6.63795],[-37.26642,-6.63744],[-37.30904,-6.67548],[-37.30674,-6.69368],[-37.34487,-6.7031],[-37.36012,-6.70004],[-37.38549,-6.68299],[-37.39232,-6.68795],[-37.39952,-6.68392],[-37.41716,-6.6901],[-37.47476,-6.69628],[-37.47663,-6.69174],[-37.46735,-6.67651],[-37.47321,-6.67211],[-37.46577,-6.65877],[-37.47626,-6.63884],[-37.47454,-6.61605],[-37.47982,-6.60447],[-37.47593,-6.56124],[-37.48218,-6.54835],[-37.47679,-6.53953],[-37.44409,-6.54297],[-37.43537,-6.53994],[-37.42731,-6.54422],[-37.41934,-6.53699],[-37.41565,-6.54718],[-37.40731,-6.55176],[-37.40551,-6.54117],[-37.39306,-6.52862],[-37.38973,-6.51787],[-37.38914,-6.50027],[-37.396,-6.48641],[-37.39067,-6.46597],[-37.3962,-6.44603]]]},"properties":{"CD_MUN":"2413409","NM_MUN":"Serra Negra do Norte","SIGLA_UF":"RN"}},{"type":"Feature","geometry":{"type":"Polygon","coordinates":[[[-37.59186,-5.98066],[-37.57604,-5.97983],[-37.57563,-5.97029],[-37.55302,-5.95874],[-37.52746,-5.91734],[-37.5296,-5.92427],[-37.51682,-5.91013],[-37.50943,-5.91342],[-37.49371,-5.8952],[-37.45276,-5.89966],[-37.44812,-5.97363],[-37.40212,-5.94291],[-37.37398,-5.96092],[-37.33265,-6.02988],[-37.44127,-6.09784],[-37.51471,-6.06353],[-37.54463,-6.02814],[-37.57674,-6.01666],[-37.59186,-5.98066]]]},"properties":{"CD_MUN":"2405207","NM_MUN":"Janduís","SIGLA_UF":"RN"}},{"type":"Feature","geometry":{"type":"Polygon","coordinates":[[[-37.10836,-5.17047],[-37.10399,-5.13468],[-37.10858,-5.13438],[-37.10908,-5.09833],[-37.04777,-5.09793],[-37.0476,-5.06228],[-37.0246,-5.0616],[-37.02429,-5.04326],[-37.00648,-5.0435],[-37.00632,-5.02547],[-36.9611,-5.02579],[-36.96193,-4.99063],[-36.90767,-4.99013],[-36.90826,-5.08143],[-36.95221,-5.08188],[-36.97463,-5.10495],[-36.9741,-5.13098],[-36.9293,-5.13163],[-36.92738,-5.29402],[-37.03816,-5.2928],[-37.11872,-5.29337],[-37.1535,-5.29326],[-37.15344,-5.17148],[-37.10836,-5.17047]]]},"properties":{"CD_MUN":"2413359","NM_MUN":"Serra do Mel","SIGLA_UF":"RN"}},{"type":"Feature","geometry":{"type":"Polygon","coordinates":[[[-35.74136,-6.40158],[-35.68114,-6.35306],[-35.67519,-6.37794],[-35.67972,-6.39089],[-35.6708,-6.41025],[-35.66511,-6.42449],[-35.66875,-6.43337],[-35.66247,-6.44684],[-35.66997,-6.45153],[-35.68214,-6.44901],[-35.70795,-6.47073],[-35.72464,-6.46965],[-35.76848,-6.48262],[-35.77473,-6.47276],[-35.77445,-6.45575],[-35.76194,-6.41976],[-35.74136,-6.40158]]]},"properties":{"CD_MUN":"2413300","NM_MUN":"Serra de São Bento","SIGLA_UF":"RN"}},{"type":"Feature","geometry":{"type":"Polygon","coordinates":[[[-36.15711,-5.25644],[-36.11483,-5.25175],[-36.08008,-5.2736],[-36.02436,-5.40443],[-35.99461,-5.47376],[-36.07164,-5.41646],[-36.13178,-5.43544],[-36.22367,-5.43707],[-36.27486,-5.28944],[-36.15711,-5.25644]]]},"properties":{"CD_MUN":"2405108","NM_MUN":"Jandaíra","SIGLA_UF":"RN"}},{"type":"Feature","geometry":{"type":"Polygon","coordinates":[[[-35.15866,-6.14709],[-35.16408,-6.13524],[-35.14872,-6.13536],[-35.13994,-6.14187],[-35.13302,-6.13633],[-35.12944,-6.14687],[-35.10461,-6.14664],[-35.0993,-6.15502],[-35.09536,-6.183],[-35.10122,-6.18814],[-35.11416,-6.18824],[-35.15866,-6.14709]]]},"properties":{"CD_MUN":"2413201","NM_MUN":"Senador Georgino Avelino","SIGLA_UF":"RN"}},{"type":"Feature","geometry":{"type":"Polygon","coordinates":[[[-36.29713,-6.38691],[-36.08529,-6.41683],[-36.08337,-6.41889],[-36.09438,-6.42793],[-36.09818,-6.44064],[-36.17165,-6.42865],[-36.22049,-6.42946],[-36.24957,-6.43031],[-36.2521,-6.4163],[-36.26885,-6.39918],[-36.28418,-6.39788],[-36.29713,-6.38691]]]},"properties":{"CD_MUN":"2405009","NM_MUN":"Jaçanã","SIGLA_UF":"RN"}},{"type":"Feature","geometry":{"type":"Polygon","coordinates":[[[-38.25317,-6.38514],[-38.13869,-6.38445],[-38.1215,-6.36903],[-38.11986,-6.38622],[-38.09286,-6.39651],[-38.10805,-6.43579],[-38.11847,-6.44218],[-38.10839,-6.46154],[-38.08297,-6.48576],[-38.09186,-6.49435],[-38.09039,-6.50577],[-38.12317,-6.52715],[-38.13303,-6.52676],[-38.1492,-6.50483],[-38.14625,-6.49068],[-38.14967,-6.48704],[-38.16067,-6.48602],[-38.16398,-6.49202],[-38.17315,-6.49022],[-38.1892,-6.49924],[-38.20081,-6.48814],[-38.21843,-6.48749],[-38.22145,-6.4834],[-38.22778,-6.48413],[-38.22767,-6.48951],[-38.23482,-6.49292],[-38.24159,-6.49445],[-38.25312,-6.45991],[-38.24198,-6.42151],[-38.25317,-6.38514]]]},"properties":{"CD_MUN":"2414100","NM_MUN":"Tenente Ananias","SIGLA_UF":"RN"}},{"type":"Feature","geometry":{"type":"Polygon","coordinates":[[[-37.77787,-6.24183],[-37.77209,-6.24387],[-37.7639,-6.25541],[-37.76295,-6.26886],[-37.75326,-6.27223],[-37.74503,-6.2681],[-37.74404,-6.27619],[-37.76009,-6.29112],[-37.77284,-6.29336],[-37.77751,-6.304],[-37.7904,-6.29844],[-37.79642,-6.29019],[-37.81615,-6.29559],[-37.81113,-6.30291],[-37.82282,-6.30613],[-37.82118,-6.31494],[-37.83604,-6.32424],[-37.87427,-6.32765],[-37.8851,-6.30823],[-37.88609,-6.26454],[-37.84418,-6.26559],[-37.83598,-6.26991],[-37.82029,-6.26741],[-37.79021,-6.25531],[-37.78465,-6.24208],[-37.77787,-6.24183]]]},"properties":{"CD_MUN":"2405900","NM_MUN":"João Dias","SIGLA_UF":"RN"}},{"type":"Feature","geometry":{"type":"Polygon","coordinates":[[[-35.82118,-6.07331],[-35.7771,-6.01741],[-35.81591,-6.12347],[-35.73085,-6.14161],[-35.74035,-6.18438],[-35.76186,-6.18979],[-35.76721,-6.20106],[-35.77465,-6.19692],[-35.77311,-6.21019],[-35.77788,-6.22028],[-35.78993,-6.22269],[-35.79675,-6.23046],[-35.78907,-6.24725],[-35.78976,-6.26647],[-35.79933,-6.28315],[-35.80971,-6.31935],[-35.84891,-6.35944],[-35.85835,-6.36403],[-35.86953,-6.36256],[-35.92097,-6.15156],[-35.82118,-6.07331]]]},"properties":{"CD_MUN":"2414001","NM_MUN":"Tangará","SIGLA_UF":"RN"}},{"type":"Feature","geometry":{"type":"Polygon","coordinates":[[[-36.02436,-5.40443],[-35.97518,-5.33227],[-35.83071,-5.30663],[-35.78732,-5.45291],[-35.77652,-5.44321],[-35.7633,-5.45229],[-35.74935,-5.45978],[-35.7328,-5.45772],[-35.71935,-5.46209],[-35.72174,-5.52308],[-35.74813,-5.6197],[-35.75525,-5.62742],[-35.77128,-5.61899],[-35.76166,-5.6381],[-35.77419,-5.63474],[-35.78116,-5.62672],[-35.82408,-5.61743],[-35.82886,-5.61076],[-35.85261,-5.60844],[-35.86011,-5.61222],[-35.86733,-5.60514],[-35.87206,-5.6081],[-35.86881,-5.62047],[-35.88286,-5.63139],[-35.8965,-5.6243],[-35.90972,-5.62915],[-35.99461,-5.47376],[-36.02436,-5.40443]]]},"properties":{"CD_MUN":"2405801","NM_MUN":"João Câmara","SIGLA_UF":"RN"}},{"type":"Feature","geometry":{"type":"Polygon","coordinates":[[[-35.67204,-5.4693],[-35.65568,-5.4788],[-35.64224,-5.48],[-35.62365,-5.49269],[-35.59426,-5.48693],[-35.57585,-5.49931],[-35.56595,-5.49387],[-35.55582,-5.49506],[-35.5374,-5.51232],[-35.51209,-5.5014],[-35.50373,-5.53937],[-35.52026,-5.57912],[-35.51096,-5.65001],[-35.49349,-5.66572],[-35.54777,-5.68503],[-35.5463,-5.70276],[-35.63111,-5.71427],[-35.64316,-5.61184],[-35.65624,-5.58702],[-35.67204,-5.4693]]]},"properties":{"CD_MUN":"2413904","NM_MUN":"Taipu","SIGLA_UF":"RN"}},{"type":"Feature","geometry":{"type":"Polygon","coordinates":[[[-36.95785,-6.5228],[-36.93794,-6.51385],[-36.91741,-6.52398],[-36.89693,-6.51693],[-36.87793,-6.52846],[-36.83357,-6.53802],[-36.81015,-6.53322],[-36.78829,-6.52141],[-36.77804,-6.52562],[-36.76876,-6.51432],[-36.74832,-6.51447],[-36.71573,-6.53434],[-36.6824,-6.54231],[-36.67901,-6.54739],[-36.70198,-6.5459],[-36.68757,-6.56681],[-36.69057,-6.58146],[-36.6964,-6.62368],[-36.70988,-6.63143],[-36.71729,-6.64735],[-36.85269,-6.70507],[-36.82721,-6.67609],[-36.85102,-6.66714],[-36.87055,-6.6482],[-36.8691,-6.62761],[-36.90922,-6.60562],[-36.91824,-6.59526],[-36.93978,-6.5913],[-36.94277,-6.5794],[-36.95785,-6.5228]]]},"properties":{"CD_MUN":"2405702","NM_MUN":"Jardim do Seridó","SIGLA_UF":"RN"}},{"type":"Feature","geometry":{"type":"Polygon","coordinates":[[[-37.16012,-6.15198],[-37.14515,-6.15047],[-37.12806,-6.15697],[-37.13543,-6.16894],[-37.13296,-6.17508],[-37.14015,-6.18163],[-37.14896,-6.185],[-37.1581,-6.20039],[-37.1724,-6.20211],[-37.1751,-6.20826],[-37.18715,-6.2091],[-37.20471,-6.22463],[-37.21618,-6.2274],[-37.22446,-6.24238],[-37.20957,-6.28044],[-37.22264,-6.36148],[-37.26758,-6.40077],[-37.28639,-6.43211],[-37.32514,-6.44577],[-37.36809,-6.4462],[-37.37917,-6.43674],[-37.3962,-6.44603],[-37.40003,-6.42647],[-37.39719,-6.42066],[-37.40508,-6.40721],[-37.40225,-6.40267],[-37.3603,-6.33143],[-37.30527,-6.28716],[-37.27977,-6.25876],[-37.27896,-6.22981],[-37.24777,-6.20039],[-37.18868,-6.14513],[-37.17543,-6.15453],[-37.16012,-6.15198]]]},"properties":{"CD_MUN":"2405603","NM_MUN":"Jardim de Piranhas","SIGLA_UF":"RN"}},{"type":"Feature","geometry":{"type":"Polygon","coordinates":[[[-38.0045,-5.85769],[-37.95836,-5.87258],[-37.9857,-5.88462],[-38.00967,-5.91645],[-38.0312,-5.9244],[-38.03056,-5.9339],[-38.03598,-5.93729],[-38.04167,-5.93478],[-38.02576,-5.97702],[-38.10234,-5.99982],[-38.11476,-5.95949],[-38.12065,-5.94582],[-38.09812,-5.92043],[-38.05461,-5.90052],[-38.0045,-5.85769]]]},"properties":{"CD_MUN":"2413805","NM_MUN":"Taboleiro Grande","SIGLA_UF":"RN"}},{"type":"Feature","geometry":{"type":"Polygon","coordinates":[[[-36.01197,-6.05954],[-35.92374,-6.01106],[-35.82118,-6.07331],[-35.92097,-6.15156],[-35.92158,-6.16235],[-35.93092,-6.1686],[-35.94152,-6.16681],[-35.9483,-6.17203],[-35.96705,-6.17362],[-35.96672,-6.15745],[-35.95842,-6.15444],[-35.96117,-6.14823],[-35.98564,-6.14586],[-35.9778,-6.12219],[-35.98769,-6.10866],[-35.98427,-6.09931],[-35.99453,-6.08814],[-35.99358,-6.0752],[-36.0003,-6.07429],[-36.00933,-6.08405],[-36.02966,-6.07021],[-36.01197,-6.05954]]]},"properties":{"CD_MUN":"2413706","NM_MUN":"Sítio Novo","SIGLA_UF":"RN"}},{"type":"Feature","geometry":{"type":"Polygon","coordinates":[[[-35.99461,-5.47376],[-35.90972,-5.62915],[-35.9227,-5.63496],[-35.92231,-5.64895],[-35.93164,-5.65326],[-35.94064,-5.66792],[-35.9392,-5.7096],[-35.9677,-5.71445],[-35.99987,-5.70569],[-36.0652,-5.65953],[-35.99461,-5.47376]]]},"properties":{"CD_MUN":"2405504","NM_MUN":"Jardim de Angicos","SIGLA_UF":"RN"}},{"type":"Feature","geometry":{"type":"Polygon","coordinates":[[[-37.29893,-5.48693],[-37.16898,-5.4941],[-37.08388,-5.67772],[-37.12891,-5.67878],[-37.17505,-5.72157],[-37.18141,-5.71745],[-37.22044,-5.71517],[-37.24138,-5.7081],[-37.25177,-5.71812],[-37.3103,-5.71069],[-37.33528,-5.7199],[-37.36336,-5.72112],[-37.42453,-5.74161],[-37.46172,-5.74308],[-37.43936,-5.62625],[-37.43305,-5.59224],[-37.38477,-5.48218],[-37.29893,-5.48693]]]},"properties":{"CD_MUN":"2414605","NM_MUN":"Upanema","SIGLA_UF":"RN"}},{"type":"Feature","geometry":{"type":"Polygon","coordinates":[[[-35.92374,-6.01106],[-35.83134,-5.94723],[-35.7771,-6.01741],[-35.82118,-6.07331],[-35.92374,-6.01106]]]},"properties":{"CD_MUN":"2406403","NM_MUN":"Lagoa de Velhos","SIGLA_UF":"RN"}},{"type":"Feature","geometry":{"type":"Polygon","coordinates":[[[-35.43798,-6.13582],[-35.41892,-6.13278],[-35.38662,-6.15943],[-35.40609,-6.20777],[-35.44124,-6.25556],[-35.47537,-6.229],[-35.56668,-6.2053],[-35.54676,-6.19695],[-35.45243,-6.15567],[-35.45198,-6.14079],[-35.44192,-6.14093],[-35.43798,-6.13582]]]},"properties":{"CD_MUN":"2406304","NM_MUN":"Lagoa de Pedras","SIGLA_UF":"RN"}},{"type":"Feature","geometry":{"type":"Polygon","coordinates":[[[-37.89925,-5.93401],[-37.79672,-5.92198],[-37.73808,-5.90839],[-37.74888,-5.93685],[-37.77202,-5.95996],[-37.76477,-5.99311],[-37.77069,-6.00282],[-37.77803,-6.013],[-37.78397,-6.0389],[-37.77583,-6.06771],[-37.78197,-6.083],[-37.81142,-6.08683],[-37.83161,-6.08327],[-37.8482,-6.04847],[-37.88187,-6.0082],[-37.92939,-6.00656],[-37.91006,-5.95944],[-37.89925,-5.93401]]]},"properties":{"CD_MUN":"2414506","NM_MUN":"Umarizal","SIGLA_UF":"RN"}},{"type":"Feature","geometry":{"type":"Polygon","coordinates":[[[-35.83206,-5.21121],[-35.79036,-5.07686],[-35.78278,-5.07564],[-35.76888,-5.08303],[-35.79026,-5.0769],[-35.83196,-5.21126],[-35.8381,-5.22797],[-35.81129,-5.24994],[-35.80866,-5.26015],[-35.77802,-5.27268],[-35.75779,-5.29211],[-35.75015,-5.28692],[-35.71391,-5.2918],[-35.70893,-5.26785],[-35.68354,-5.22307],[-35.64178,-5.20995],[-35.62159,-5.21176],[-35.62826,-5.19983],[-35.65976,-5.17944],[-35.64373,-5.13298],[-35.63273,-5.13256],[-35.63498,-5.12147],[-35.69942,-5.10297],[-35.69628,-5.10229],[-35.63417,-5.12169],[-35.61758,-5.11858],[-35.61544,-5.11183],[-35.5673,-5.13534],[-35.48733,-5.15804],[-35.46577,-5.18047],[-35.45614,-5.19902],[-35.4158,-5.22158],[-35.39378,-5.24629],[-35.38255,-5.26778],[-35.41664,-5.33257],[-35.43795,-5.32709],[-35.44219,-5.31579],[-35.49561,-5.33597],[-35.53278,-5.33653],[-35.57892,-5.30018],[-35.58445,-5.30991],[-35.64209,-5.33567],[-35.72001,-5.39107],[-35.7633,-5.45229],[-35.77652,-5.44321],[-35.78732,-5.45291],[-35.83071,-5.30663],[-35.84679,-5.25121],[-35.83206,-5.21121]]]},"properties":{"CD_MUN":"2414407","NM_MUN":"Touros","SIGLA_UF":"RN"}},{"type":"Feature","geometry":{"type":"Polygon","coordinates":[[[-35.68114,-6.35306],[-35.66213,-6.33705],[-35.66216,-6.31364],[-35.64877,-6.31898],[-35.64719,-6.32665],[-35.62905,-6.34107],[-35.59583,-6.38401],[-35.53463,-6.40648],[-35.56277,-6.4343],[-35.61347,-6.42678],[-35.6708,-6.41025],[-35.67972,-6.39089],[-35.67519,-6.37794],[-35.68114,-6.35306]]]},"properties":{"CD_MUN":"2406205","NM_MUN":"Lagoa d'Anta","SIGLA_UF":"RN"}},{"type":"Feature","geometry":{"type":"Polygon","coordinates":[[[-37.26758,-6.40077],[-37.21438,-6.43239],[-37.18741,-6.4394],[-37.20333,-6.47134],[-37.20467,-6.50048],[-37.19992,-6.51433],[-37.2157,-6.5591],[-37.23611,-6.56678],[-37.25334,-6.58174],[-37.26083,-6.51869],[-37.29286,-6.47386],[-37.32514,-6.44577],[-37.28639,-6.43211],[-37.26758,-6.40077]]]},"properties":{"CD_MUN":"2414308","NM_MUN":"Timbaúba dos Batistas","SIGLA_UF":"RN"}},{"type":"Feature","geometry":{"type":"Polygon","coordinates":[[[-37.04013,-5.85835],[-37.031,-5.86028],[-37.01902,-5.85294],[-36.99888,-5.85502],[-36.99113,-5.84906],[-36.97563,-5.85378],[-36.96469,-5.84639],[-36.93685,-5.86466],[-36.93844,-5.87178],[-36.95502,-5.88577],[-36.95891,-5.89919],[-36.96969,-5.9048],[-36.97088,-5.9133],[-36.96219,-5.92788],[-36.94991,-5.93203],[-36.93594,-5.96796],[-36.92522,-5.97175],[-36.91546,-5.96548],[-36.90594,-5.97552],[-36.87772,-5.97752],[-36.86757,-5.97333],[-36.86469,-5.98248],[-36.85774,-5.98462],[-36.85561,-5.99472],[-36.84552,-6.0012],[-36.8407,-5.99854],[-36.81955,-6.03087],[-36.82289,-6.04326],[-36.835,-6.05238],[-36.84003,-6.05009],[-36.84066,-6.03953],[-36.84771,-6.03935],[-36.86116,-6.04745],[-36.87005,-6.06163],[-36.89783,-6.08604],[-36.93086,-6.0735],[-36.93667,-6.10112],[-36.88825,-6.16955],[-36.89428,-6.17958],[-36.93189,-6.19494],[-36.93814,-6.18705],[-36.9724,-6.19381],[-37.01787,-6.24104],[-37.04309,-6.2456],[-37.04968,-6.24004],[-37.05546,-6.24897],[-37.06487,-6.23933],[-37.08046,-6.2403],[-37.09262,-6.2319],[-37.10326,-6.21461],[-37.11512,-6.21292],[-37.1159,-6.20618],[-37.13226,-6.20772],[-37.12957,-6.18938],[-37.14015,-6.18163],[-37.13296,-6.17508],[-37.13543,-6.16894],[-37.12806,-6.15697],[-37.14515,-6.15047],[-37.16012,-6.15198],[-37.18229,-6.10018],[-37.16486,-6.03906],[-37.16064,-6.02536],[-37.16542,-6.01793],[-37.16253,-6.02118],[-37.15719,-6.00371],[-37.1515,-5.99751],[-37.15384,-5.9928],[-37.1537,-5.99232],[-37.12997,-5.96777],[-37.12725,-5.95609],[-37.06324,-5.98545],[-37.06289,-5.98563],[-37.06289,-5.98562],[-37.06278,-5.98567],[-37.04002,-5.85838],[-37.04014,-5.85841],[-37.04013,-5.85835]]]},"properties":{"CD_MUN":"2406106","NM_MUN":"Jucurutu","SIGLA_UF":"RN"}},{"type":"Feature","geometry":{"type":"Polygon","coordinates":[[[-35.11416,-6.18824],[-35.10122,-6.18814],[-35.09536,-6.183],[-35.09047,-6.18024],[-35.08477,-6.18791],[-35.07369,-6.22092],[-35.06097,-6.22669],[-35.04452,-6.22623],[-35.03697,-6.23581],[-35.03475,-6.2856],[-35.04464,-6.28307],[-35.06097,-6.27879],[-35.07833,-6.26473],[-35.1038,-6.26934],[-35.12428,-6.28367],[-35.14717,-6.29858],[-35.15073,-6.27435],[-35.15745,-6.26771],[-35.15161,-6.21994],[-35.11416,-6.18824]]]},"properties":{"CD_MUN":"2414209","NM_MUN":"Tibau do Sul","SIGLA_UF":"RN"}},{"type":"Feature","geometry":{"type":"Polygon","coordinates":[[[-38.35309,-6.3373],[-38.3307,-6.33442],[-38.33023,-6.30267],[-38.31633,-6.28921],[-38.30858,-6.29036],[-38.30544,-6.28145],[-38.30094,-6.28364],[-38.29597,-6.2775],[-38.27955,-6.28411],[-38.2588,-6.27852],[-38.25317,-6.38514],[-38.26353,-6.38774],[-38.27485,-6.3821],[-38.27483,-6.38209],[-38.2749,-6.38208],[-38.27495,-6.38205],[-38.30714,-6.37761],[-38.31427,-6.38405],[-38.33264,-6.37562],[-38.33268,-6.37569],[-38.33398,-6.3751],[-38.34842,-6.3513],[-38.36087,-6.34806],[-38.35309,-6.3373]]]},"properties":{"CD_MUN":"2406007","NM_MUN":"José da Penha","SIGLA_UF":"RN"}},{"type":"Feature","geometry":{"type":"Polygon","coordinates":[[[-37.83161,-6.08327],[-37.81142,-6.08683],[-37.78197,-6.083],[-37.79411,-6.09755],[-37.80517,-6.0988],[-37.80939,-6.11376],[-37.80737,-6.13306],[-37.79734,-6.14611],[-37.80037,-6.15229],[-37.80376,-6.14399],[-37.81367,-6.14368],[-37.83423,-6.11981],[-37.87106,-6.11098],[-37.83161,-6.08327]]]},"properties":{"CD_MUN":"2406908","NM_MUN":"Lucrécia","SIGLA_UF":"RN"}},{"type":"Feature","geometry":{"type":"Polygon","coordinates":[[[-35.12428,-6.28367],[-35.1038,-6.26934],[-35.07833,-6.26473],[-35.06097,-6.27879],[-35.04464,-6.28307],[-35.05853,-6.32732],[-35.08701,-6.34189],[-35.12428,-6.28367]]]},"properties":{"CD_MUN":"2415008","NM_MUN":"Vila Flor","SIGLA_UF":"RN"}},{"type":"Feature","geometry":{"type":"Polygon","coordinates":[[[-36.20934,-6.13508],[-36.20581,-6.1306],[-36.1702,-6.12165],[-36.15934,-6.1066],[-36.12075,-6.08868],[-36.11383,-6.10493],[-36.09956,-6.09838],[-36.07797,-6.10279],[-36.06805,-6.10002],[-36.04683,-6.08615],[-36.07073,-6.20596],[-36.1477,-6.22602],[-36.10539,-6.16973],[-36.1137,-6.1661],[-36.11803,-6.17175],[-36.12734,-6.16945],[-36.20934,-6.13508]]]},"properties":{"CD_MUN":"2406809","NM_MUN":"Lajes Pintadas","SIGLA_UF":"RN"}},{"type":"Feature","geometry":{"type":"Polygon","coordinates":[[[-37.98459,-5.9562],[-37.91006,-5.95944],[-37.92939,-6.00656],[-37.94192,-6.00306],[-37.94989,-6.01366],[-37.96909,-6.01505],[-37.98689,-6.00235],[-37.99245,-5.98634],[-37.98267,-5.97016],[-37.9745,-5.96644],[-37.98459,-5.9562]]]},"properties":{"CD_MUN":"2414902","NM_MUN":"Viçosa","SIGLA_UF":"RN"}},{"type":"Feature","geometry":{"type":"Polygon","coordinates":[[[-36.22367,-5.43707],[-36.13178,-5.43544],[-36.07164,-5.41646],[-36.17134,-5.54118],[-36.15273,-5.57946],[-36.0652,-5.65953],[-36.10098,-5.72355],[-36.1191,-5.80778],[-36.10935,-5.81646],[-36.11202,-5.8395],[-36.11633,-5.85643],[-36.1341,-5.86443],[-36.13935,-5.85681],[-36.15071,-5.85809],[-36.14966,-5.84435],[-36.15696,-5.83741],[-36.18585,-5.85747],[-36.20463,-5.84268],[-36.23158,-5.88432],[-36.24177,-5.88246],[-36.25238,-5.88003],[-36.2525,-5.83355],[-36.25964,-5.83172],[-36.28313,-5.85822],[-36.27199,-5.70863],[-36.27211,-5.70875],[-36.26996,-5.67981],[-36.17931,-5.47898],[-36.22367,-5.43707]]]},"properties":{"CD_MUN":"2406700","NM_MUN":"Lajes","SIGLA_UF":"RN"}},{"type":"Feature","geometry":{"type":"Polygon","coordinates":[[[-35.54951,-6.04903],[-35.46061,-5.99824],[-35.43689,-6.00865],[-35.41875,-5.99266],[-35.40233,-5.99851],[-35.38555,-5.98948],[-35.38544,-6.002],[-35.39161,-6.00039],[-35.3912,-6.0047],[-35.3792,-6.01083],[-35.39717,-6.02417],[-35.38511,-6.03966],[-35.40036,-6.03933],[-35.40247,-6.05071],[-35.41837,-6.05353],[-35.43239,-6.04485],[-35.432,-6.05134],[-35.45192,-6.04849],[-35.48173,-6.07141],[-35.49903,-6.07435],[-35.50467,-6.08318],[-35.52553,-6.09052],[-35.54065,-6.09671],[-35.53514,-6.07456],[-35.54951,-6.04903]]]},"properties":{"CD_MUN":"2414803","NM_MUN":"Vera Cruz","SIGLA_UF":"RN"}},{"type":"Feature","geometry":{"type":"Polygon","coordinates":[[[-35.54065,-6.09671],[-35.52553,-6.09052],[-35.49181,-6.11925],[-35.44459,-6.126],[-35.43798,-6.13582],[-35.44192,-6.14093],[-35.45198,-6.14079],[-35.45243,-6.15567],[-35.54676,-6.19695],[-35.53393,-6.14189],[-35.54065,-6.09671]]]},"properties":{"CD_MUN":"2406601","NM_MUN":"Lagoa Salgada","SIGLA_UF":"RN"}},{"type":"Feature","geometry":{"type":"Polygon","coordinates":[[[-36.65224,-6.0935],[-36.63132,-6.09614],[-36.52527,-6.04741],[-36.52001,-6.04508],[-36.44342,-6.03595],[-36.43087,-6.10584],[-36.4564,-6.10935],[-36.48415,-6.12794],[-36.48576,-6.11947],[-36.47271,-6.10783],[-36.48407,-6.10624],[-36.4994,-6.09351],[-36.50979,-6.09757],[-36.52146,-6.09013],[-36.5219,-6.10397],[-36.53135,-6.10434],[-36.53101,-6.12024],[-36.54249,-6.12692],[-36.5438,-6.13591],[-36.54779,-6.12956],[-36.56257,-6.12448],[-36.58683,-6.12788],[-36.60179,-6.11995],[-36.62007,-6.13094],[-36.6106,-6.10969],[-36.62893,-6.10091],[-36.64824,-6.10309],[-36.65219,-6.09362],[-36.65213,-6.09353],[-36.65222,-6.09354],[-36.65224,-6.0935]]]},"properties":{"CD_MUN":"2406502","NM_MUN":"Lagoa Nova","SIGLA_UF":"RN"}},{"type":"Feature","geometry":{"type":"Polygon","coordinates":[[[-35.35512,-6.18298],[-35.32389,-6.19013],[-35.35137,-6.33668],[-35.35143,-6.35824],[-35.33782,-6.36844],[-35.33818,-6.37745],[-35.31296,-6.40088],[-35.3801,-6.40524],[-35.3944,-6.38767],[-35.42521,-6.38781],[-35.41602,-6.34212],[-35.40224,-6.32173],[-35.35843,-6.27122],[-35.35567,-6.24795],[-35.35512,-6.18298]]]},"properties":{"CD_MUN":"2414704","NM_MUN":"Várzea","SIGLA_UF":"RN"}},{"type":"Feature","geometry":{"type":"Polygon","coordinates":[[[-37.94989,-6.01366],[-37.94192,-6.00306],[-37.92939,-6.00656],[-37.88187,-6.0082],[-37.8482,-6.04847],[-37.83161,-6.08327],[-37.87106,-6.11098],[-37.88951,-6.12856],[-37.89593,-6.1495],[-37.90695,-6.15941],[-37.92359,-6.16873],[-37.95245,-6.16661],[-37.98135,-6.2017],[-38.00085,-6.21363],[-38.02154,-6.20907],[-38.03007,-6.19321],[-38.0456,-6.17963],[-38.04093,-6.16015],[-38.05448,-6.16081],[-38.04287,-6.1253],[-38.02934,-6.10343],[-37.98118,-6.08193],[-37.98018,-6.06934],[-37.96475,-6.05404],[-37.95067,-6.02681],[-37.94989,-6.01366]]]},"properties":{"CD_MUN":"2407401","NM_MUN":"Martins","SIGLA_UF":"RN"}},{"type":"Feature","geometry":{"type":"Polygon","coordinates":[[[-38.17324,-6.21802],[-38.15232,-6.20889],[-38.13257,-6.18941],[-38.06157,-6.20465],[-38.0688,-6.25242],[-38.11369,-6.31722],[-38.08969,-6.31639],[-38.1215,-6.36903],[-38.13869,-6.38445],[-38.25317,-6.38514],[-38.2588,-6.27852],[-38.17324,-6.21802]]]},"properties":{"CD_MUN":"2407302","NM_MUN":"Marcelino Vieira","SIGLA_UF":"RN"}},{"type":"Feature","geometry":{"type":"Polygon","coordinates":[[[-36.72562,-5.15303],[-36.72098,-5.1378],[-36.72945,-5.13422],[-36.73012,-5.12231],[-36.72767,-5.11788],[-36.71804,-5.12056],[-36.71709,-5.11372],[-36.73795,-5.10876],[-36.75118,-5.09922],[-36.74276,-5.08975],[-36.71723,-5.08351],[-36.71234,-5.07591],[-36.70326,-5.06775],[-36.7012,-5.08623],[-36.67725,-5.10754],[-36.67804,-5.10156],[-36.67006,-5.10349],[-36.68175,-5.09669],[-36.68245,-5.09104],[-36.66509,-5.08716],[-36.62564,-5.09162],[-36.60981,-5.09671],[-36.60731,-5.10467],[-36.60006,-5.10013],[-36.62012,-5.07805],[-36.60631,-5.08396],[-36.596,-5.07668],[-36.59731,-5.08578],[-36.59058,-5.09012],[-36.59144,-5.08232],[-36.55861,-5.08468],[-36.5345,-5.07853],[-36.50622,-5.07838],[-36.50994,-5.07569],[-36.50486,-5.0709],[-36.47716,-5.06759],[-36.48333,-5.0637],[-36.4842,-5.0636],[-36.51558,-5.07262],[-36.50989,-5.06456],[-36.49914,-5.06207],[-36.48393,-5.06356],[-36.48348,-5.0636],[-36.41799,-5.07367],[-36.44461,-5.13323],[-36.36831,-5.25102],[-36.36953,-5.30894],[-36.35962,-5.34486],[-36.4382,-5.3556],[-36.43965,-5.36813],[-36.51038,-5.40014],[-36.50918,-5.33074],[-36.53295,-5.33032],[-36.53253,-5.31574],[-36.54251,-5.29856],[-36.53468,-5.26467],[-36.54253,-5.26097],[-36.5419,-5.2444],[-36.5585,-5.22876],[-36.55712,-5.2215],[-36.5729,-5.21961],[-36.62531,-5.18612],[-36.72562,-5.15303]]]},"properties":{"CD_MUN":"2407203","NM_MUN":"Macau","SIGLA_UF":"RN"}},{"type":"Feature","geometry":{"type":"Polygon","coordinates":[[[-35.48675,-5.82919],[-35.40158,-5.84878],[-35.29991,-5.83974],[-35.28143,-5.82633],[-35.2814,-5.85074],[-35.28358,-5.88435],[-35.30808,-5.96152],[-35.328,-5.97471],[-35.34299,-5.97384],[-35.3733,-5.98849],[-35.38555,-5.98948],[-35.40233,-5.99851],[-35.41875,-5.99266],[-35.43689,-6.00865],[-35.46061,-5.99824],[-35.54951,-6.04903],[-35.56651,-6.07092],[-35.53634,-5.99542],[-35.5547,-5.94845],[-35.57742,-5.92664],[-35.53458,-5.88014],[-35.48675,-5.82919]]]},"properties":{"CD_MUN":"2407104","NM_MUN":"Macaíba","SIGLA_UF":"RN"}},{"type":"Feature","geometry":{"type":"MultiPolygon","coordinates":[[[[-38.45924,-6.32841],[-38.4137,-6.29726],[-38.37736,-6.3387],[-38.35309,-6.3373],[-38.36087,-6.34806],[-38.34842,-6.3513],[-38.33398,-6.3751],[-38.33268,-6.37569],[-38.34228,-6.38924],[-38.33889,-6.42693],[-38.34537,-6.44882],[-38.35884,-6.4584],[-38.37265,-6.45585],[-38.37367,-6.43768],[-38.3814,-6.43094],[-38.38526,-6.41744],[-38.40065,-6.41014],[-38.41917,-6.41193],[-38.43687,-6.42655],[-38.45107,-6.4299],[-38.48582,-6.42458],[-38.48137,-6.39485],[-38.48931,-6.36538],[-38.48054,-6.35237],[-38.47984,-6.34257],[-38.47984,-6.34257],[-38.47973,-6.3426],[-38.45917,-6.32848],[-38.45924,-6.32841]]],[[[-38.31427,-6.38405],[-38.30714,-6.37761],[-38.27495,-6.38205],[-38.27497,-6.38207],[-38.30703,-6.37764],[-38.31416,-6.3841],[-38.31427,-6.38405]]],[[[-38.2858,-6.39314],[-38.28686,-6.39855],[-38.29645,-6.40387],[-38.2858,-6.39314]]]]},"properties":{"CD_MUN":"2407005","NM_MUN":"Luís Gomes","SIGLA_UF":"RN"}},{"type":"Feature","geometry":{"type":"Polygon","coordinates":[[[-37.46536,-4.88584],[-37.44552,-4.88058],[-37.20877,-4.99924],[-37.17691,-4.97521],[-37.17383,-5.01052],[-37.16722,-5.01873],[-37.13416,-5.00568],[-37.12974,-5.03027],[-37.15982,-5.04269],[-37.18113,-5.06136],[-37.16047,-5.07805],[-37.15391,-5.10277],[-37.14655,-5.10947],[-37.14528,-5.12512],[-37.10836,-5.17047],[-37.15344,-5.17148],[-37.1535,-5.29326],[-37.11872,-5.29337],[-37.14178,-5.33087],[-37.13687,-5.38959],[-37.16898,-5.4941],[-37.29893,-5.48693],[-37.30076,-5.48223],[-37.29354,-5.47658],[-37.30104,-5.46316],[-37.29735,-5.45176],[-37.30085,-5.44295],[-37.29212,-5.4177],[-37.29579,-5.40303],[-37.30252,-5.39828],[-37.29434,-5.39089],[-37.42548,-5.31861],[-37.58402,-5.298],[-37.48672,-5.01652],[-37.49386,-5.01136],[-37.49717,-5.00007],[-37.4915,-4.9248],[-37.46769,-4.89837],[-37.46536,-4.88584]]]},"properties":{"CD_MUN":"2408003","NM_MUN":"Mossoró","SIGLA_UF":"RN"}},{"type":"Feature","geometry":{"type":"Polygon","coordinates":[[[-35.84167,-6.37683],[-35.81995,-6.38562],[-35.74136,-6.40158],[-35.76194,-6.41976],[-35.77445,-6.45575],[-35.77473,-6.47276],[-35.76848,-6.48262],[-35.82192,-6.4857],[-35.85342,-6.44355],[-35.84167,-6.37683]]]},"properties":{"CD_MUN":"2407906","NM_MUN":"Monte das Gameleiras","SIGLA_UF":"RN"}},{"type":"Feature","geometry":{"type":"Polygon","coordinates":[[[-35.52553,-6.09052],[-35.50467,-6.08318],[-35.49903,-6.07435],[-35.48173,-6.07141],[-35.45192,-6.04849],[-35.432,-6.05134],[-35.43239,-6.04485],[-35.41837,-6.05353],[-35.40247,-6.05071],[-35.33703,-6.04717],[-35.29383,-6.07183],[-35.35512,-6.18298],[-35.38662,-6.15943],[-35.41892,-6.13278],[-35.43798,-6.13582],[-35.44459,-6.126],[-35.49181,-6.11925],[-35.52553,-6.09052]]]},"properties":{"CD_MUN":"2407807","NM_MUN":"Monte Alegre","SIGLA_UF":"RN"}},{"type":"Feature","geometry":{"type":"Polygon","coordinates":[[[-35.3181,-6.44872],[-35.29088,-6.44798],[-35.25107,-6.53436],[-35.27304,-6.54473],[-35.33085,-6.54463],[-35.33971,-6.5384],[-35.32172,-6.5063],[-35.3181,-6.44872]]]},"properties":{"CD_MUN":"2407708","NM_MUN":"Montanhas","SIGLA_UF":"RN"}},{"type":"Feature","geometry":{"type":"Polygon","coordinates":[[[-37.33265,-6.02988],[-37.38974,-6.08379],[-37.3951,-6.12521],[-37.43799,-6.12625],[-37.47297,-6.14305],[-37.49535,-6.1342],[-37.54166,-6.14925],[-37.57607,-6.0351],[-37.57674,-6.01666],[-37.54463,-6.02814],[-37.51471,-6.06353],[-37.44127,-6.09784],[-37.33265,-6.02988]]]},"properties":{"CD_MUN":"2407609","NM_MUN":"Messias Targino","SIGLA_UF":"RN"}},{"type":"Feature","geometry":{"type":"Polygon","coordinates":[[[-35.41664,-5.33257],[-35.38255,-5.26778],[-35.36678,-5.29398],[-35.35222,-5.35939],[-35.33428,-5.37936],[-35.32478,-5.38167],[-35.31866,-5.37755],[-35.30839,-5.39164],[-35.30945,-5.40868],[-35.29708,-5.42679],[-35.29156,-5.42813],[-35.28783,-5.46065],[-35.27089,-5.48052],[-35.259,-5.48196],[-35.25972,-5.50641],[-35.25431,-5.51901],[-35.25526,-5.5305],[-35.26089,-5.52866],[-35.26895,-5.51711],[-35.2695,-5.50771],[-35.28206,-5.49293],[-35.29414,-5.49284],[-35.29895,-5.48707],[-35.30847,-5.49151],[-35.32572,-5.49072],[-35.3567,-5.46995],[-35.37042,-5.4646],[-35.38125,-5.46904],[-35.40204,-5.46462],[-35.41129,-5.45733],[-35.43512,-5.46988],[-35.45312,-5.47009],[-35.46968,-5.48571],[-35.49062,-5.48677],[-35.50109,-5.49284],[-35.41664,-5.33257]]]},"properties":{"CD_MUN":"2407500","NM_MUN":"Maxaranguape","SIGLA_UF":"RN"}},{"type":"Feature","geometry":{"type":"Polygon","coordinates":[[[-36.94277,-6.5794],[-36.93978,-6.5913],[-36.91824,-6.59526],[-36.90922,-6.60562],[-36.8691,-6.62761],[-36.87055,-6.6482],[-36.85102,-6.66714],[-36.82721,-6.67609],[-36.85269,-6.70507],[-36.87242,-6.72582],[-36.86649,-6.74104],[-36.9095,-6.75562],[-36.95814,-6.79076],[-36.95928,-6.78624],[-36.98014,-6.70118],[-37.00223,-6.70942],[-36.96189,-6.67517],[-36.97602,-6.6084],[-36.94277,-6.5794]]]},"properties":{"CD_MUN":"2408508","NM_MUN":"Ouro Branco","SIGLA_UF":"RN"}},{"type":"Feature","geometry":{"type":"Polygon","coordinates":[[[-37.73808,-5.90839],[-37.71244,-5.91262],[-37.64568,-5.93823],[-37.67466,-6.0575],[-37.71203,-6.04798],[-37.727,-6.03348],[-37.73458,-6.03369],[-37.74127,-6.00771],[-37.74936,-6.00987],[-37.77069,-6.00282],[-37.76477,-5.99311],[-37.77202,-5.95996],[-37.74888,-5.93685],[-37.73808,-5.90839]]]},"properties":{"CD_MUN":"2408409","NM_MUN":"Olho d'Água do Borges","SIGLA_UF":"RN"}},{"type":"Feature","geometry":{"type":"Polygon","coordinates":[[[-36.51038,-5.40014],[-36.43965,-5.36813],[-36.42846,-5.40551],[-36.46438,-5.58085],[-36.68391,-5.5067],[-36.78236,-5.45909],[-36.81672,-5.4376],[-36.85933,-5.43377],[-36.8485,-5.41439],[-36.83944,-5.40853],[-36.51038,-5.40014]]]},"properties":{"CD_MUN":"2400307","NM_MUN":"Afonso Bezerra","SIGLA_UF":"RN"}},{"type":"Feature","geometry":{"type":"Polygon","coordinates":[[[-37.11872,-5.29337],[-37.03816,-5.2928],[-37.029,-5.32411],[-36.96572,-5.34007],[-36.83899,-5.3868],[-36.83558,-5.39949],[-36.83944,-5.40853],[-36.8485,-5.41439],[-36.85933,-5.43377],[-36.86136,-5.44734],[-36.87386,-5.46062],[-36.86911,-5.48169],[-36.88487,-5.49319],[-36.90314,-5.53046],[-36.89845,-5.55559],[-36.882,-5.5723],[-36.89731,-5.60261],[-36.89168,-5.63134],[-36.88612,-5.63721],[-36.88126,-5.65212],[-36.88115,-5.65276],[-36.88131,-5.65404],[-36.89383,-5.71155],[-36.89401,-5.71184],[-36.96057,-5.75347],[-36.97563,-5.85378],[-36.99113,-5.84906],[-36.99888,-5.85502],[-37.01902,-5.85294],[-37.031,-5.86028],[-37.04013,-5.85835],[-36.99274,-5.77169],[-37.01068,-5.7514],[-37.01018,-5.73059],[-37.07921,-5.68784],[-37.08388,-5.67772],[-37.16898,-5.4941],[-37.13687,-5.38959],[-37.14178,-5.33087],[-37.11872,-5.29337]]]},"properties":{"CD_MUN":"2400208","NM_MUN":"Açu","SIGLA_UF":"RN"}},{"type":"Feature","geometry":{"type":"Polygon","coordinates":[[[-35.42521,-6.38781],[-35.3944,-6.38767],[-35.3801,-6.40524],[-35.31296,-6.40088],[-35.31557,-6.41051],[-35.3049,-6.41842],[-35.31643,-6.43616],[-35.3181,-6.44872],[-35.32172,-6.5063],[-35.33971,-6.5384],[-35.37605,-6.53025],[-35.39194,-6.49518],[-35.41116,-6.48699],[-35.43861,-6.48869],[-35.44008,-6.48481],[-35.44033,-6.47826],[-35.44571,-6.48647],[-35.45744,-6.47617],[-35.47444,-6.48605],[-35.48777,-6.47946],[-35.52444,-6.47686],[-35.53297,-6.4834],[-35.54602,-6.48178],[-35.55711,-6.49318],[-35.56331,-6.49274],[-35.56411,-6.48731],[-35.58027,-6.48641],[-35.58011,-6.47004],[-35.56277,-6.4343],[-35.53463,-6.40648],[-35.45496,-6.41894],[-35.4523,-6.40517],[-35.42521,-6.38781]]]},"properties":{"CD_MUN":"2408300","NM_MUN":"Nova Cruz","SIGLA_UF":"RN"}},{"type":"Feature","geometry":{"type":"Polygon","coordinates":[[[-36.73331,-6.29184],[-36.70186,-6.27398],[-36.67739,-6.26705],[-36.66086,-6.27256],[-36.64611,-6.2648],[-36.62594,-6.26478],[-36.6073,-6.28971],[-36.58789,-6.29627],[-36.58436,-6.30475],[-36.56392,-6.31287],[-36.54886,-6.34318],[-36.55055,-6.36142],[-36.54472,-6.36383],[-36.54122,-6.3732],[-36.51708,-6.37795],[-36.50475,-6.39],[-36.50775,-6.40402],[-36.51903,-6.41673],[-36.52122,-6.43042],[-36.53045,-6.44416],[-36.54561,-6.43533],[-36.69057,-6.58146],[-36.68757,-6.56681],[-36.70198,-6.5459],[-36.67901,-6.54739],[-36.6824,-6.54231],[-36.71573,-6.53434],[-36.74832,-6.51447],[-36.76876,-6.51432],[-36.76476,-6.46819],[-36.76034,-6.47293],[-36.74443,-6.4648],[-36.73873,-6.43831],[-36.74728,-6.30651],[-36.73331,-6.29184]]]},"properties":{"CD_MUN":"2400109","NM_MUN":"Acari","SIGLA_UF":"RN"}},{"type":"Feature","geometry":{"type":"Polygon","coordinates":[[[-35.24566,-5.95581],[-35.21196,-5.93527],[-35.18263,-5.93814],[-35.12924,-5.98246],[-35.12077,-5.98308],[-35.11338,-5.98831],[-35.10788,-6.00581],[-35.11099,-6.04966],[-35.09863,-6.05747],[-35.10233,-6.07373],[-35.0993,-6.15502],[-35.10461,-6.14664],[-35.12944,-6.14687],[-35.13302,-6.13633],[-35.13994,-6.14187],[-35.14872,-6.13536],[-35.16408,-6.13524],[-35.15866,-6.14709],[-35.17647,-6.16425],[-35.1982,-6.16279],[-35.21561,-6.174],[-35.227,-6.16793],[-35.23222,-6.12319],[-35.23778,-6.11209],[-35.23791,-6.10159],[-35.22883,-6.10788],[-35.23136,-6.0748],[-35.24119,-6.06863],[-35.23338,-6.02148],[-35.23669,-6.00502],[-35.22816,-5.99443],[-35.22796,-5.98632],[-35.2333,-5.955],[-35.24566,-5.95581]]]},"properties":{"CD_MUN":"2408201","NM_MUN":"Nísia Floresta","SIGLA_UF":"RN"}},{"type":"Feature","geometry":{"type":"Polygon","coordinates":[[[-35.27946,-5.70525],[-35.27296,-5.70072],[-35.24315,-5.71595],[-35.2364,-5.71428],[-35.20362,-5.74088],[-35.20296,-5.7554],[-35.19534,-5.75976],[-35.19262,-5.78148],[-35.17912,-5.7992],[-35.17838,-5.86993],[-35.17018,-5.88236],[-35.15946,-5.88044],[-35.15254,-5.89033],[-35.1913,-5.89897],[-35.21607,-5.87387],[-35.22451,-5.8813],[-35.24354,-5.86497],[-35.25302,-5.86662],[-35.26363,-5.85637],[-35.2814,-5.85074],[-35.28143,-5.82633],[-35.27929,-5.81952],[-35.25437,-5.80506],[-35.24721,-5.78344],[-35.25221,-5.77546],[-35.28654,-5.76378],[-35.29034,-5.73249],[-35.27932,-5.72305],[-35.27946,-5.70525]]]},"properties":{"CD_MUN":"2408102","NM_MUN":"Natal","SIGLA_UF":"RN"}},{"type":"Feature","geometry":{"type":"MultiPolygon","coordinates":[[[[-36.68391,-5.5067],[-36.46438,-5.58085],[-36.30407,-5.65168],[-36.26996,-5.67981],[-36.27211,-5.70875],[-36.2783,-5.71453],[-36.28983,-5.70526],[-36.30397,-5.70715],[-36.31102,-5.71898],[-36.32452,-5.72172],[-36.35519,-5.71737],[-36.36158,-5.70653],[-36.42216,-5.70676],[-36.44589,-5.69827],[-36.48008,-5.70373],[-36.4872,-5.69703],[-36.5235,-5.69941],[-36.53261,-5.6908],[-36.56398,-5.75644],[-36.62028,-5.76088],[-36.66278,-5.73912],[-36.67567,-5.71162],[-36.69025,-5.70171],[-36.70267,-5.7018],[-36.71451,-5.69652],[-36.71481,-5.69489],[-36.71823,-5.69485],[-36.72343,-5.69252],[-36.72694,-5.68888],[-36.73128,-5.68141],[-36.73376,-5.66857],[-36.73904,-5.66741],[-36.73814,-5.65723],[-36.75048,-5.64665],[-36.75077,-5.64663],[-36.75506,-5.62338],[-36.77056,-5.61715],[-36.77044,-5.6069],[-36.75531,-5.60054],[-36.73825,-5.58491],[-36.72453,-5.5813],[-36.68391,-5.5067]]],[[[-36.35657,-5.84938],[-36.35667,-5.84936],[-36.38922,-5.79767],[-36.50728,-5.75336],[-36.38911,-5.7977],[-36.35657,-5.84938]]],[[[-36.54978,-5.76891],[-36.54983,-5.76892],[-36.55599,-5.76349],[-36.54978,-5.76891]]]]},"properties":{"CD_MUN":"2400802","NM_MUN":"Angicos","SIGLA_UF":"RN"}},{"type":"Feature","geometry":{"type":"Polygon","coordinates":[[[-36.69057,-6.58146],[-36.68221,-6.58972],[-36.66432,-6.5906],[-36.63815,-6.58172],[-36.63973,-6.59272],[-36.6282,-6.5902],[-36.6189,-6.5994],[-36.58679,-6.58197],[-36.57442,-6.59582],[-36.56051,-6.59704],[-36.54889,-6.60632],[-36.5227,-6.60224],[-36.52251,-6.61675],[-36.53748,-6.63703],[-36.53476,-6.64162],[-36.54368,-6.67567],[-36.53923,-6.68334],[-36.5399,-6.68995],[-36.55796,-6.70699],[-36.55584,-6.71314],[-36.54476,-6.73056],[-36.52915,-6.7325],[-36.5212,-6.74422],[-36.50259,-6.75365],[-36.50388,-6.76694],[-36.4941,-6.78469],[-36.5069,-6.81175],[-36.51688,-6.816],[-36.51843,-6.82211],[-36.53104,-6.82458],[-36.54044,-6.84315],[-36.55955,-6.84119],[-36.56943,-6.83304],[-36.5764,-6.8048],[-36.60246,-6.80486],[-36.61038,-6.79979],[-36.62435,-6.80546],[-36.63088,-6.81483],[-36.63222,-6.83501],[-36.72297,-6.84479],[-36.73903,-6.85052],[-36.73008,-6.83924],[-36.73058,-6.80412],[-36.73097,-6.78778],[-36.70955,-6.74308],[-36.71327,-6.72046],[-36.70357,-6.69538],[-36.70996,-6.67026],[-36.72301,-6.66577],[-36.71729,-6.64735],[-36.70988,-6.63143],[-36.6964,-6.62368],[-36.69057,-6.58146]]]},"properties":{"CD_MUN":"2408904","NM_MUN":"Parelhas","SIGLA_UF":"RN"}},{"type":"Feature","geometry":{"type":"Polygon","coordinates":[[[-36.83899,-5.3868],[-36.84166,-5.37623],[-36.83522,-5.3687],[-36.81144,-5.36815],[-36.8098,-5.34452],[-36.78157,-5.31202],[-36.77677,-5.29434],[-36.75257,-5.27158],[-36.66346,-5.37144],[-36.51038,-5.40014],[-36.83944,-5.40853],[-36.83558,-5.39949],[-36.83899,-5.3868]]]},"properties":{"CD_MUN":"2400703","NM_MUN":"Alto do Rodrigues","SIGLA_UF":"RN"}},{"type":"Feature","geometry":{"type":"Polygon","coordinates":[[[-35.9498,-5.23771],[-35.83206,-5.21121],[-35.84679,-5.25121],[-35.83071,-5.30663],[-35.97518,-5.33227],[-36.02436,-5.40443],[-36.08008,-5.2736],[-35.95664,-5.23959],[-35.94982,-5.23778],[-35.9498,-5.23771]]]},"properties":{"CD_MUN":"2408805","NM_MUN":"Parazinho","SIGLA_UF":"RN"}},{"type":"Feature","geometry":{"type":"Polygon","coordinates":[[[-37.78197,-6.083],[-37.77583,-6.06771],[-37.74125,-6.12156],[-37.72264,-6.12069],[-37.71222,-6.13005],[-37.70147,-6.12591],[-37.68597,-6.10838],[-37.70425,-6.18706],[-37.71103,-6.18095],[-37.72587,-6.18748],[-37.7434,-6.18652],[-37.75354,-6.20216],[-37.75148,-6.21459],[-37.77128,-6.22793],[-37.75881,-6.24068],[-37.77209,-6.24387],[-37.77787,-6.24183],[-37.77998,-6.23621],[-37.79093,-6.23211],[-37.79564,-6.21427],[-37.79634,-6.18898],[-37.8087,-6.16618],[-37.80067,-6.16089],[-37.80037,-6.15229],[-37.79734,-6.14611],[-37.80737,-6.13306],[-37.80939,-6.11376],[-37.80517,-6.0988],[-37.79411,-6.09755],[-37.78197,-6.083]]]},"properties":{"CD_MUN":"2400604","NM_MUN":"Almino Afonso","SIGLA_UF":"RN"}},{"type":"Feature","geometry":{"type":"Polygon","coordinates":[[[-37.22044,-5.71517],[-37.18141,-5.71745],[-37.17505,-5.72157],[-37.12891,-5.67878],[-37.08388,-5.67772],[-37.07921,-5.68784],[-37.01018,-5.73059],[-37.01068,-5.7514],[-36.99274,-5.77169],[-37.04013,-5.85835],[-37.09919,-5.87239],[-37.13118,-5.87191],[-37.14858,-5.86553],[-37.19611,-5.82805],[-37.19613,-5.82807],[-37.22469,-5.80555],[-37.22044,-5.71517]]]},"properties":{"CD_MUN":"2408706","NM_MUN":"Paraú","SIGLA_UF":"RN"}},{"type":"Feature","geometry":{"type":"Polygon","coordinates":[[[-37.96248,-6.25611],[-37.88609,-6.26454],[-37.8851,-6.30823],[-37.87427,-6.32765],[-37.83604,-6.32424],[-37.84218,-6.33309],[-37.84657,-6.33749],[-37.83268,-6.34152],[-37.83249,-6.34751],[-37.83954,-6.34861],[-37.85855,-6.37503],[-37.86899,-6.37097],[-37.87224,-6.38443],[-37.88927,-6.40097],[-37.89452,-6.39767],[-37.90605,-6.40056],[-37.9131,-6.39173],[-37.93255,-6.39457],[-37.93616,-6.39942],[-37.94532,-6.40373],[-37.96405,-6.40258],[-37.96983,-6.4222],[-37.97997,-6.42216],[-37.98366,-6.42837],[-38.00461,-6.4298],[-38.0206,-6.44515],[-38.0138,-6.4655],[-38.0238,-6.46749],[-38.02611,-6.47401],[-38.04025,-6.47292],[-38.03633,-6.45608],[-38.04158,-6.4528],[-38.04344,-6.44244],[-38.04883,-6.44121],[-38.05394,-6.45314],[-38.07067,-6.46071],[-38.08297,-6.48576],[-38.10839,-6.46154],[-38.11847,-6.44218],[-38.10805,-6.43579],[-38.09286,-6.39651],[-38.11986,-6.38622],[-38.1215,-6.36903],[-38.08969,-6.31639],[-38.08866,-6.30808],[-38.03852,-6.30026],[-38.03108,-6.30511],[-37.98346,-6.31023],[-37.96248,-6.25611]]]},"properties":{"CD_MUN":"2400505","NM_MUN":"Alexandria","SIGLA_UF":"RN"}},{"type":"Feature","geometry":{"type":"MultiPolygon","coordinates":[[[[-38.27495,-6.38205],[-38.2749,-6.38208],[-38.27497,-6.38207],[-38.27495,-6.38205]]],[[[-38.27485,-6.3821],[-38.26353,-6.38774],[-38.25317,-6.38514],[-38.24198,-6.42151],[-38.25312,-6.45991],[-38.24159,-6.49445],[-38.28548,-6.4979],[-38.29595,-6.48798],[-38.30851,-6.4895],[-38.31634,-6.48528],[-38.31609,-6.47588],[-38.3275,-6.46035],[-38.34184,-6.45705],[-38.33871,-6.44419],[-38.33856,-6.44409],[-38.30442,-6.42961],[-38.29592,-6.41743],[-38.29667,-6.40409],[-38.29645,-6.40387],[-38.28686,-6.39855],[-38.2858,-6.39314],[-38.27485,-6.3821]]]]},"properties":{"CD_MUN":"2408607","NM_MUN":"Paraná","SIGLA_UF":"RN"}},{"type":"Feature","geometry":{"type":"Polygon","coordinates":[[[-38.352,-6.21054],[-38.31347,-6.17539],[-38.26935,-6.17556],[-38.26661,-6.22714],[-38.27364,-6.2365],[-38.29606,-6.23291],[-38.31388,-6.22149],[-38.35995,-6.22822],[-38.352,-6.21054]]]},"properties":{"CD_MUN":"2400406","NM_MUN":"Água Nova","SIGLA_UF":"RN"}},{"type":"Feature","geometry":{"type":"Polygon","coordinates":[[[-35.79036,-5.07686],[-35.83206,-5.21121],[-35.9498,-5.23771],[-35.89985,-5.06235],[-35.89995,-5.06232],[-35.89995,-5.06231],[-35.79036,-5.07686]]]},"properties":{"CD_MUN":"2409506","NM_MUN":"Pedra Grande","SIGLA_UF":"RN"}},{"type":"Feature","geometry":{"type":"MultiPolygon","coordinates":[[[[-37.46172,-5.74308],[-37.42453,-5.74161],[-37.36336,-5.72112],[-37.33528,-5.7199],[-37.3103,-5.71069],[-37.25177,-5.71812],[-37.24138,-5.7081],[-37.22044,-5.71517],[-37.22469,-5.80555],[-37.19613,-5.82807],[-37.26214,-5.90915],[-37.16542,-6.01793],[-37.16064,-6.02536],[-37.16486,-6.03906],[-37.17654,-6.0497],[-37.18395,-6.04926],[-37.20284,-6.0391],[-37.22448,-6.04296],[-37.22287,-6.03597],[-37.23293,-6.02913],[-37.25382,-6.02743],[-37.27423,-6.05592],[-37.28554,-6.05974],[-37.29148,-6.05644],[-37.29937,-6.06285],[-37.32229,-6.06027],[-37.35577,-6.08349],[-37.38974,-6.08379],[-37.33265,-6.02988],[-37.37398,-5.96092],[-37.40212,-5.94291],[-37.44812,-5.97363],[-37.45276,-5.89966],[-37.46172,-5.74308]]],[[[-37.13118,-5.87191],[-37.09919,-5.87239],[-37.04013,-5.85835],[-37.04014,-5.85841],[-37.09908,-5.87243],[-37.13108,-5.87195],[-37.13118,-5.87191]]],[[[-37.06289,-5.98562],[-37.06289,-5.98563],[-37.06324,-5.98545],[-37.06289,-5.98562]]],[[[-37.15384,-5.9928],[-37.1515,-5.99751],[-37.15719,-6.00371],[-37.15384,-5.9928]]]]},"properties":{"CD_MUN":"2401305","NM_MUN":"Augusto Severo","SIGLA_UF":"RN"}},{"type":"Feature","geometry":{"type":"Polygon","coordinates":[[[-38.23713,-5.99425],[-38.19498,-6.04301],[-38.19123,-6.04199],[-38.15988,-6.09805],[-38.04287,-6.1253],[-38.05448,-6.16081],[-38.06157,-6.20465],[-38.13257,-6.18941],[-38.15232,-6.20889],[-38.17324,-6.21802],[-38.16494,-6.20881],[-38.1693,-6.19643],[-38.16088,-6.18473],[-38.17955,-6.16029],[-38.24511,-6.16809],[-38.26411,-6.11924],[-38.25688,-6.07819],[-38.27466,-6.06609],[-38.25324,-6.04402],[-38.25243,-6.01115],[-38.23713,-5.99425]]]},"properties":{"CD_MUN":"2409407","NM_MUN":"Pau dos Ferros","SIGLA_UF":"RN"}},{"type":"Feature","geometry":{"type":"Polygon","coordinates":[[[-37.64568,-5.93823],[-37.63641,-5.94543],[-37.61843,-5.97578],[-37.60468,-5.98385],[-37.59186,-5.98066],[-37.57674,-6.01666],[-37.57607,-6.0351],[-37.54166,-6.14925],[-37.5578,-6.16473],[-37.56652,-6.15568],[-37.59072,-6.15501],[-37.59086,-6.16923],[-37.6245,-6.19266],[-37.65017,-6.20606],[-37.673,-6.19858],[-37.68217,-6.20085],[-37.69508,-6.18653],[-37.70425,-6.18706],[-37.68597,-6.10838],[-37.67466,-6.0575],[-37.64568,-5.93823]]]},"properties":{"CD_MUN":"2409308","NM_MUN":"Patu","SIGLA_UF":"RN"}},{"type":"Feature","geometry":{"type":"Polygon","coordinates":[[[-35.227,-6.16793],[-35.21561,-6.174],[-35.1982,-6.16279],[-35.17647,-6.16425],[-35.15866,-6.14709],[-35.11416,-6.18824],[-35.15161,-6.21994],[-35.17156,-6.21432],[-35.18878,-6.21731],[-35.19008,-6.214],[-35.19417,-6.22063],[-35.20045,-6.21853],[-35.21181,-6.23276],[-35.23167,-6.24286],[-35.2907,-6.20507],[-35.29336,-6.16249],[-35.26356,-6.17042],[-35.2402,-6.16396],[-35.227,-6.16793]]]},"properties":{"CD_MUN":"2401206","NM_MUN":"Arês","SIGLA_UF":"RN"}},{"type":"Feature","geometry":{"type":"Polygon","coordinates":[[[-36.87834,-4.95142],[-36.88739,-4.96653],[-36.89779,-4.96714],[-36.90767,-4.99013],[-36.96193,-4.99063],[-36.9611,-5.02579],[-37.00632,-5.02547],[-37.00648,-5.0435],[-37.02429,-5.04326],[-37.0246,-5.0616],[-37.0476,-5.06228],[-37.04777,-5.09793],[-37.10908,-5.09833],[-37.10858,-5.13438],[-37.10399,-5.13468],[-37.10836,-5.17047],[-37.14528,-5.12512],[-37.14655,-5.10947],[-37.15391,-5.10277],[-37.16047,-5.07805],[-37.18113,-5.06136],[-37.15982,-5.04269],[-37.12974,-5.03027],[-37.13416,-5.00568],[-37.1321,-4.99208],[-37.14754,-4.97741],[-37.13726,-4.95072],[-37.15371,-4.93757],[-37.1246,-4.93626],[-37.10293,-4.92288],[-37.08293,-4.93218],[-37.08107,-4.92974],[-37.0581,-4.94525],[-37.0359,-4.95024],[-36.99967,-4.93038],[-36.97318,-4.93288],[-36.96298,-4.92706],[-36.96245,-4.92003],[-36.91834,-4.94943],[-36.87834,-4.95142]]]},"properties":{"CD_MUN":"2401107","NM_MUN":"Areia Branca","SIGLA_UF":"RN"}},{"type":"Feature","geometry":{"type":"Polygon","coordinates":[[[-35.42901,-6.27373],[-35.41057,-6.26342],[-35.40723,-6.24599],[-35.35567,-6.24795],[-35.35843,-6.27122],[-35.40224,-6.32173],[-35.41585,-6.31968],[-35.42901,-6.27373]]]},"properties":{"CD_MUN":"2409209","NM_MUN":"Passagem","SIGLA_UF":"RN"}},{"type":"Feature","geometry":{"type":"Polygon","coordinates":[[[-37.89423,-5.412],[-37.64086,-5.41345],[-37.75515,-5.5722],[-37.67242,-5.63732],[-37.6787,-5.65056],[-37.68973,-5.65423],[-37.70668,-5.72185],[-37.71957,-5.73894],[-37.73808,-5.90839],[-37.79672,-5.92198],[-37.89925,-5.93401],[-37.89592,-5.92854],[-37.91025,-5.91474],[-37.91155,-5.90046],[-37.87861,-5.87297],[-37.87669,-5.85167],[-37.85019,-5.82439],[-37.86074,-5.81633],[-37.87597,-5.81646],[-37.87221,-5.75298],[-37.90269,-5.75169],[-37.90107,-5.72265],[-38.05552,-5.74766],[-38.04427,-5.73896],[-38.04571,-5.73206],[-38.07166,-5.72376],[-38.08336,-5.72685],[-38.08897,-5.72053],[-38.08155,-5.67243],[-38.06586,-5.65422],[-38.03224,-5.63378],[-38.02085,-5.60899],[-38.02488,-5.59207],[-37.99893,-5.58692],[-37.98896,-5.55826],[-37.96701,-5.54763],[-37.98151,-5.52567],[-37.97848,-5.50746],[-37.98171,-5.50065],[-37.98054,-5.47774],[-37.97582,-5.4695],[-37.93643,-5.46976],[-37.92273,-5.45134],[-37.90359,-5.44707],[-37.90009,-5.43714],[-37.90123,-5.42543],[-37.89423,-5.412]]]},"properties":{"CD_MUN":"2401008","NM_MUN":"Apodi","SIGLA_UF":"RN"}},{"type":"Feature","geometry":{"type":"Polygon","coordinates":[[[-35.6708,-6.41025],[-35.61347,-6.42678],[-35.56277,-6.4343],[-35.58011,-6.47004],[-35.58027,-6.48641],[-35.59944,-6.46057],[-35.61491,-6.46336],[-35.61764,-6.45788],[-35.63678,-6.45424],[-35.66247,-6.44684],[-35.66875,-6.43337],[-35.66511,-6.42449],[-35.6708,-6.41025]]]},"properties":{"CD_MUN":"2409100","NM_MUN":"Passa e Fica","SIGLA_UF":"RN"}},{"type":"Feature","geometry":{"type":"Polygon","coordinates":[[[-38.06157,-6.20465],[-38.05448,-6.16081],[-38.04093,-6.16015],[-38.0456,-6.17963],[-38.03007,-6.19321],[-38.02154,-6.20907],[-38.00085,-6.21363],[-37.98135,-6.2017],[-37.95245,-6.16661],[-37.92359,-6.16873],[-37.90695,-6.15941],[-37.89048,-6.15951],[-37.87667,-6.15324],[-37.85423,-6.17023],[-37.85729,-6.17416],[-37.85304,-6.18026],[-37.86529,-6.18843],[-37.79564,-6.21427],[-37.79093,-6.23211],[-37.77998,-6.23621],[-37.77787,-6.24183],[-37.78465,-6.24208],[-37.79021,-6.25531],[-37.82029,-6.26741],[-37.83598,-6.26991],[-37.84418,-6.26559],[-37.88609,-6.26454],[-37.96248,-6.25611],[-38.0688,-6.25242],[-38.06157,-6.20465]]]},"properties":{"CD_MUN":"2400901","NM_MUN":"Antônio Martins","SIGLA_UF":"RN"}},{"type":"Feature","geometry":{"type":"Polygon","coordinates":[[[-38.0688,-6.25242],[-37.96248,-6.25611],[-37.98346,-6.31023],[-38.03108,-6.30511],[-38.03852,-6.30026],[-38.08866,-6.30808],[-38.08969,-6.31639],[-38.11369,-6.31722],[-38.0688,-6.25242]]]},"properties":{"CD_MUN":"2410009","NM_MUN":"Pilões","SIGLA_UF":"RN"}},{"type":"Feature","geometry":{"type":"Polygon","coordinates":[[[-35.38662,-6.15943],[-35.35512,-6.18298],[-35.35567,-6.24795],[-35.40723,-6.24599],[-35.41057,-6.26342],[-35.42901,-6.27373],[-35.44124,-6.25556],[-35.40609,-6.20777],[-35.38662,-6.15943]]]},"properties":{"CD_MUN":"2401800","NM_MUN":"Brejinho","SIGLA_UF":"RN"}},{"type":"Feature","geometry":{"type":"Polygon","coordinates":[[[-35.64245,-5.9621],[-35.57742,-5.92664],[-35.5547,-5.94845],[-35.53634,-5.99542],[-35.56651,-6.07092],[-35.57062,-6.07972],[-35.64745,-6.01739],[-35.64245,-5.9621]]]},"properties":{"CD_MUN":"2401701","NM_MUN":"Bom Jesus","SIGLA_UF":"RN"}},{"type":"Feature","geometry":{"type":"Polygon","coordinates":[[[-36.75257,-5.27158],[-36.72571,-5.26235],[-36.72146,-5.25358],[-36.72621,-5.23395],[-36.71546,-5.21337],[-36.72465,-5.20198],[-36.72226,-5.19368],[-36.72843,-5.17645],[-36.74926,-5.14876],[-36.74498,-5.14286],[-36.74104,-5.15165],[-36.73429,-5.14953],[-36.72795,-5.15655],[-36.72562,-5.15303],[-36.62531,-5.18612],[-36.5729,-5.21961],[-36.55712,-5.2215],[-36.5585,-5.22876],[-36.5419,-5.2444],[-36.54253,-5.26097],[-36.53468,-5.26467],[-36.54251,-5.29856],[-36.53253,-5.31574],[-36.53295,-5.33032],[-36.50918,-5.33074],[-36.51038,-5.40014],[-36.66346,-5.37144],[-36.75257,-5.27158]]]},"properties":{"CD_MUN":"2409902","NM_MUN":"Pendências","SIGLA_UF":"RN"}},{"type":"Feature","geometry":{"type":"Polygon","coordinates":[[[-35.31296,-6.40088],[-35.27596,-6.37116],[-35.26018,-6.389],[-35.2354,-6.40084],[-35.23201,-6.42016],[-35.18582,-6.41634],[-35.1696,-6.5572],[-35.19349,-6.54948],[-35.20743,-6.54056],[-35.21849,-6.51657],[-35.2296,-6.53151],[-35.25107,-6.53436],[-35.29088,-6.44798],[-35.3181,-6.44872],[-35.31643,-6.43616],[-35.3049,-6.41842],[-35.31557,-6.41051],[-35.31296,-6.40088]]]},"properties":{"CD_MUN":"2409803","NM_MUN":"Pedro Velho","SIGLA_UF":"RN"}},{"type":"Feature","geometry":{"type":"Polygon","coordinates":[[[-35.90972,-5.62915],[-35.8965,-5.6243],[-35.88286,-5.63139],[-35.86881,-5.62047],[-35.87206,-5.6081],[-35.86733,-5.60514],[-35.86011,-5.61222],[-35.85261,-5.60844],[-35.82886,-5.61076],[-35.82408,-5.61743],[-35.78116,-5.62672],[-35.77419,-5.63474],[-35.76166,-5.6381],[-35.77128,-5.61899],[-35.75525,-5.62742],[-35.74813,-5.6197],[-35.74216,-5.63456],[-35.72552,-5.63127],[-35.70103,-5.64092],[-35.66583,-5.64656],[-35.63111,-5.71427],[-35.66491,-5.71626],[-35.77997,-5.72314],[-35.93848,-5.73303],[-35.9392,-5.7096],[-35.94064,-5.66792],[-35.93164,-5.65326],[-35.92231,-5.64895],[-35.9227,-5.63496],[-35.90972,-5.62915]]]},"properties":{"CD_MUN":"2401602","NM_MUN":"Bento Fernandes","SIGLA_UF":"RN"}},{"type":"Feature","geometry":{"type":"Polygon","coordinates":[[[-35.97368,-5.91556],[-35.92007,-5.90386],[-35.9224,-5.89908],[-35.91563,-5.89411],[-35.9046,-5.89414],[-35.89499,-5.90338],[-35.88984,-5.90268],[-35.89185,-5.90821],[-35.88632,-5.91],[-35.87134,-5.90192],[-35.86115,-5.91249],[-35.84935,-5.91577],[-35.85054,-5.92654],[-35.83134,-5.94723],[-35.92374,-6.01106],[-36.01197,-6.05954],[-36.00313,-6.04105],[-35.98972,-6.03418],[-35.97763,-6.01679],[-35.98074,-5.99185],[-35.97693,-5.98011],[-35.9619,-5.96447],[-35.97368,-5.91556]]]},"properties":{"CD_MUN":"2401503","NM_MUN":"Barcelona","SIGLA_UF":"RN"}},{"type":"Feature","geometry":{"type":"Polygon","coordinates":[[[-36.36831,-5.25102],[-36.27486,-5.28944],[-36.22367,-5.43707],[-36.17931,-5.47898],[-36.26996,-5.67981],[-36.30407,-5.65168],[-36.46438,-5.58085],[-36.42846,-5.40551],[-36.43965,-5.36813],[-36.4382,-5.3556],[-36.35962,-5.34486],[-36.36953,-5.30894],[-36.36831,-5.25102]]]},"properties":{"CD_MUN":"2409704","NM_MUN":"Pedro Avelino","SIGLA_UF":"RN"}},{"type":"Feature","geometry":{"type":"Polygon","coordinates":[[[-37.63904,-4.92627],[-37.46536,-4.88584],[-37.46769,-4.89837],[-37.4915,-4.9248],[-37.49717,-5.00007],[-37.49386,-5.01136],[-37.48672,-5.01652],[-37.58402,-5.298],[-37.78769,-5.21949],[-37.70734,-5.04496],[-37.68759,-5.00074],[-37.63904,-4.92627]]]},"properties":{"CD_MUN":"2401453","NM_MUN":"Baraúna","SIGLA_UF":"RN"}},{"type":"Feature","geometry":{"type":"Polygon","coordinates":[[[-36.07164,-5.41646],[-35.99461,-5.47376],[-36.0652,-5.65953],[-36.15273,-5.57946],[-36.17134,-5.54118],[-36.07164,-5.41646]]]},"properties":{"CD_MUN":"2409605","NM_MUN":"Pedra Preta","SIGLA_UF":"RN"}},{"type":"Feature","geometry":{"type":"Polygon","coordinates":[[[-35.11046,-6.50608],[-35.11162,-6.4461],[-35.12989,-6.41166],[-35.12437,-6.40846],[-35.1177,-6.41137],[-35.11401,-6.4056],[-35.11714,-6.40152],[-35.1052,-6.39832],[-35.10251,-6.3899],[-35.09814,-6.39151],[-35.09451,-6.37882],[-35.06384,-6.36389],[-35.07109,-6.34949],[-35.03892,-6.31411],[-35.03475,-6.31613],[-35.02953,-6.34605],[-35.02045,-6.36544],[-35.01389,-6.37059],[-35.00331,-6.36621],[-34.99303,-6.37177],[-34.98078,-6.39895],[-34.97147,-6.43853],[-34.968,-6.48633],[-34.97779,-6.48702],[-34.99148,-6.50151],[-34.99612,-6.49865],[-35.01039,-6.5057],[-35.01726,-6.50174],[-35.05701,-6.5273],[-35.09218,-6.49684],[-35.11046,-6.50608]]]},"properties":{"CD_MUN":"2401404","NM_MUN":"Baía Formosa","SIGLA_UF":"RN"}},{"type":"Feature","geometry":{"type":"Polygon","coordinates":[[[-38.26935,-6.17556],[-38.24511,-6.16809],[-38.17955,-6.16029],[-38.16088,-6.18473],[-38.1693,-6.19643],[-38.16494,-6.20881],[-38.17324,-6.21802],[-38.2588,-6.27852],[-38.24794,-6.2566],[-38.26661,-6.22714],[-38.26935,-6.17556]]]},"properties":{"CD_MUN":"2410504","NM_MUN":"Rafael Fernandes","SIGLA_UF":"RN"}},{"type":"Feature","geometry":{"type":"Polygon","coordinates":[[[-37.57764,-5.5707],[-37.4913,-5.56692],[-37.43936,-5.62625],[-37.46172,-5.74308],[-37.45276,-5.89966],[-37.49371,-5.8952],[-37.50943,-5.91342],[-37.51682,-5.91013],[-37.5296,-5.92427],[-37.52746,-5.91734],[-37.55302,-5.95874],[-37.57563,-5.97029],[-37.57604,-5.97983],[-37.59186,-5.98066],[-37.60468,-5.98385],[-37.61843,-5.97578],[-37.63641,-5.94543],[-37.64568,-5.93823],[-37.71244,-5.91262],[-37.73808,-5.90839],[-37.71957,-5.73894],[-37.70668,-5.72185],[-37.68973,-5.65423],[-37.6787,-5.65056],[-37.67242,-5.63732],[-37.57764,-5.5707]]]},"properties":{"CD_MUN":"2402303","NM_MUN":"Caraúbas","SIGLA_UF":"RN"}},{"type":"Feature","geometry":{"type":"Polygon","coordinates":[[[-35.7633,-5.45229],[-35.72001,-5.39107],[-35.64209,-5.33567],[-35.58445,-5.30991],[-35.57892,-5.30018],[-35.53278,-5.33653],[-35.49561,-5.33597],[-35.44219,-5.31579],[-35.43795,-5.32709],[-35.41664,-5.33257],[-35.50109,-5.49284],[-35.51209,-5.5014],[-35.5374,-5.51232],[-35.55582,-5.49506],[-35.56595,-5.49387],[-35.57585,-5.49931],[-35.59426,-5.48693],[-35.62365,-5.49269],[-35.64224,-5.48],[-35.65568,-5.4788],[-35.67204,-5.4693],[-35.68363,-5.46373],[-35.71935,-5.46209],[-35.7328,-5.45772],[-35.74935,-5.45978],[-35.7633,-5.45229]]]},"properties":{"CD_MUN":"2410405","NM_MUN":"Pureza","SIGLA_UF":"RN"}},{"type":"Feature","geometry":{"type":"Polygon","coordinates":[[[-35.04464,-6.28307],[-35.03475,-6.2856],[-35.03192,-6.30698],[-35.03892,-6.31411],[-35.07109,-6.34949],[-35.06384,-6.36389],[-35.09451,-6.37882],[-35.09814,-6.39151],[-35.10251,-6.3899],[-35.1052,-6.39832],[-35.11714,-6.40152],[-35.11401,-6.4056],[-35.1177,-6.41137],[-35.12437,-6.40846],[-35.12989,-6.41166],[-35.11162,-6.4461],[-35.11046,-6.50608],[-35.12227,-6.52925],[-35.1444,-6.55153],[-35.15851,-6.55087],[-35.1696,-6.5572],[-35.18582,-6.41634],[-35.23201,-6.42016],[-35.2354,-6.40084],[-35.26018,-6.389],[-35.27596,-6.37116],[-35.23826,-6.34876],[-35.22012,-6.35774],[-35.1697,-6.35406],[-35.16431,-6.33792],[-35.16937,-6.32128],[-35.15787,-6.31311],[-35.14731,-6.31702],[-35.14717,-6.29858],[-35.12428,-6.28367],[-35.08701,-6.34189],[-35.05853,-6.32732],[-35.04464,-6.28307]]]},"properties":{"CD_MUN":"2402204","NM_MUN":"Canguaretama","SIGLA_UF":"RN"}},{"type":"Feature","geometry":{"type":"Polygon","coordinates":[[[-35.7771,-6.01741],[-35.75029,-6.06482],[-35.58842,-6.09704],[-35.63632,-6.12823],[-35.64963,-6.17015],[-35.65282,-6.15795],[-35.66421,-6.1558],[-35.66835,-6.15905],[-35.66643,-6.16699],[-35.70735,-6.16611],[-35.74035,-6.18438],[-35.73085,-6.14161],[-35.81591,-6.12347],[-35.7771,-6.01741]]]},"properties":{"CD_MUN":"2410306","NM_MUN":"Serra Caiada","SIGLA_UF":"RN"}},{"type":"Feature","geometry":{"type":"Polygon","coordinates":[[[-36.25662,-6.19092],[-36.23806,-6.16874],[-36.22539,-6.16455],[-36.22128,-6.13912],[-36.20934,-6.13508],[-36.12734,-6.16945],[-36.11803,-6.17175],[-36.1137,-6.1661],[-36.10539,-6.16973],[-36.1477,-6.22602],[-36.15095,-6.28592],[-36.15798,-6.28706],[-36.1632,-6.297],[-36.17557,-6.29584],[-36.18843,-6.30346],[-36.20071,-6.30065],[-36.2144,-6.30863],[-36.23357,-6.3101],[-36.24529,-6.30227],[-36.28012,-6.30752],[-36.2836,-6.30414],[-36.2901,-6.27862],[-36.27938,-6.2705],[-36.27487,-6.25375],[-36.28165,-6.24855],[-36.28001,-6.24088],[-36.25662,-6.19092]]]},"properties":{"CD_MUN":"2402105","NM_MUN":"Campo Redondo","SIGLA_UF":"RN"}},{"type":"Feature","geometry":{"type":"Polygon","coordinates":[[[-38.02576,-5.97702],[-38.02501,-5.97183],[-38.0237,-5.97598],[-38.016,-5.9708],[-38.01606,-5.96513],[-38.00862,-5.95946],[-37.99987,-5.96685],[-37.99734,-5.9554],[-37.98803,-5.96259],[-37.98459,-5.9562],[-37.9745,-5.96644],[-37.98267,-5.97016],[-37.99245,-5.98634],[-37.98689,-6.00235],[-37.96909,-6.01505],[-37.94989,-6.01366],[-37.95067,-6.02681],[-37.96475,-6.05404],[-37.98018,-6.06934],[-37.98118,-6.08193],[-38.02934,-6.10343],[-38.03395,-6.07465],[-38.04904,-6.03812],[-38.06026,-6.03489],[-38.06909,-6.02504],[-38.07979,-6.02454],[-38.10234,-5.99982],[-38.02576,-5.97702]]]},"properties":{"CD_MUN":"2410207","NM_MUN":"Portalegre","SIGLA_UF":"RN"}},{"type":"Feature","geometry":{"type":"Polygon","coordinates":[[[-36.93189,-6.19494],[-36.94078,-6.22891],[-36.90479,-6.23142],[-36.91492,-6.2456],[-36.91254,-6.25861],[-36.92776,-6.28209],[-36.91801,-6.30947],[-36.91317,-6.30698],[-36.89895,-6.3236],[-36.90429,-6.3425],[-36.8807,-6.35737],[-36.88209,-6.37113],[-36.86324,-6.39122],[-36.87323,-6.41843],[-36.93255,-6.44858],[-36.93338,-6.46647],[-36.95571,-6.49036],[-36.96049,-6.50203],[-36.95785,-6.5228],[-36.94277,-6.5794],[-36.97602,-6.6084],[-36.96189,-6.67517],[-37.00223,-6.70942],[-37.03544,-6.73256],[-37.04392,-6.72441],[-37.06331,-6.71786],[-37.06967,-6.70339],[-37.08392,-6.69731],[-37.08511,-6.68954],[-37.10426,-6.68077],[-37.10825,-6.65731],[-37.11103,-6.65414],[-37.12122,-6.65956],[-37.13264,-6.65259],[-37.13812,-6.63875],[-37.15006,-6.62627],[-37.17536,-6.61333],[-37.21247,-6.61259],[-37.21436,-6.59825],[-37.22903,-6.59861],[-37.22995,-6.58869],[-37.25334,-6.58174],[-37.23611,-6.56678],[-37.2157,-6.5591],[-37.19992,-6.51433],[-37.20467,-6.50048],[-37.20333,-6.47134],[-37.18741,-6.4394],[-37.17708,-6.43729],[-37.13922,-6.44805],[-37.13986,-6.42876],[-37.0718,-6.40346],[-37.0806,-6.3544],[-37.07382,-6.30682],[-37.07968,-6.29002],[-37.05546,-6.24897],[-37.04968,-6.24004],[-37.04309,-6.2456],[-37.01787,-6.24104],[-36.9724,-6.19381],[-36.93814,-6.18705],[-36.93189,-6.19494]]]},"properties":{"CD_MUN":"2402006","NM_MUN":"Caicó","SIGLA_UF":"RN"}},{"type":"Feature","geometry":{"type":"Polygon","coordinates":[[[-35.71935,-5.46209],[-35.68363,-5.46373],[-35.67204,-5.4693],[-35.65624,-5.58702],[-35.64316,-5.61184],[-35.63111,-5.71427],[-35.66583,-5.64656],[-35.70103,-5.64092],[-35.72552,-5.63127],[-35.74216,-5.63456],[-35.74813,-5.6197],[-35.72174,-5.52308],[-35.71935,-5.46209]]]},"properties":{"CD_MUN":"2410108","NM_MUN":"Poço Branco","SIGLA_UF":"RN"}},{"type":"Feature","geometry":{"type":"Polygon","coordinates":[[[-36.0652,-5.65953],[-35.99987,-5.70569],[-35.9677,-5.71445],[-35.9392,-5.7096],[-35.93848,-5.73303],[-35.93373,-5.74954],[-35.92576,-5.75312],[-35.92281,-5.76687],[-35.93754,-5.79404],[-35.92379,-5.80143],[-35.9594,-5.80953],[-35.96968,-5.80539],[-35.99624,-5.81327],[-36.0424,-5.84539],[-36.06513,-5.86087],[-36.06418,-5.84609],[-36.0791,-5.8361],[-36.08343,-5.84066],[-36.10035,-5.82833],[-36.11202,-5.8395],[-36.10935,-5.81646],[-36.1191,-5.80778],[-36.10098,-5.72355],[-36.0652,-5.65953]]]},"properties":{"CD_MUN":"2401909","NM_MUN":"Caiçara do Rio do Vento","SIGLA_UF":"RN"}},{"type":"Feature","geometry":{"type":"Polygon","coordinates":[[[-38.05552,-5.74766],[-38.03761,-5.77812],[-38.04597,-5.81676],[-38.01736,-5.843],[-38.014,-5.85437],[-38.0045,-5.85769],[-38.05461,-5.90052],[-38.09812,-5.92043],[-38.12065,-5.94582],[-38.13043,-5.93948],[-38.136,-5.91351],[-38.14295,-5.91024],[-38.14256,-5.90385],[-38.12789,-5.8962],[-38.12034,-5.88435],[-38.1187,-5.86837],[-38.12576,-5.85988],[-38.11578,-5.84982],[-38.11942,-5.83678],[-38.11378,-5.82109],[-38.09564,-5.80934],[-38.0895,-5.792],[-38.08194,-5.7891],[-38.06058,-5.76371],[-38.05552,-5.74766]]]},"properties":{"CD_MUN":"2411007","NM_MUN":"Rodolfo Fernandes","SIGLA_UF":"RN"}},{"type":"Feature","geometry":{"type":"Polygon","coordinates":[[[-36.28012,-6.30752],[-36.24529,-6.30227],[-36.23357,-6.3101],[-36.2144,-6.30863],[-36.20071,-6.30065],[-36.18843,-6.30346],[-36.17557,-6.29584],[-36.1632,-6.297],[-36.15798,-6.28706],[-36.15095,-6.28592],[-36.13121,-6.32521],[-36.08529,-6.41683],[-36.29713,-6.38691],[-36.29727,-6.37481],[-36.27969,-6.35666],[-36.27296,-6.3412],[-36.28012,-6.30752]]]},"properties":{"CD_MUN":"2402808","NM_MUN":"Coronel Ezequiel","SIGLA_UF":"RN"}},{"type":"Feature","geometry":{"type":"Polygon","coordinates":[[[-35.93848,-5.73303],[-35.77997,-5.72314],[-35.77848,-5.81495],[-35.82154,-5.90977],[-35.84935,-5.91577],[-35.86115,-5.91249],[-35.87134,-5.90192],[-35.92379,-5.80143],[-35.93754,-5.79404],[-35.92281,-5.76687],[-35.92576,-5.75312],[-35.93373,-5.74954],[-35.93848,-5.73303]]]},"properties":{"CD_MUN":"2410900","NM_MUN":"Riachuelo","SIGLA_UF":"RN"}},{"type":"Feature","geometry":{"type":"Polygon","coordinates":[[[-36.28313,-5.85822],[-36.25964,-5.83172],[-36.2525,-5.83355],[-36.25238,-5.88003],[-36.24177,-5.88246],[-36.24345,-5.99396],[-36.25295,-6.00465],[-36.26472,-6.03256],[-36.28064,-6.04764],[-36.29861,-6.0854],[-36.30031,-6.12187],[-36.36262,-6.0919],[-36.37987,-6.10367],[-36.39276,-6.09751],[-36.41732,-6.11045],[-36.43087,-6.10584],[-36.44342,-6.03595],[-36.44331,-6.03594],[-36.44731,-6.01211],[-36.44723,-6.01212],[-36.41018,-6.02172],[-36.39951,-6.01974],[-36.39934,-6.01977],[-36.39248,-6.01151],[-36.3924,-6.00481],[-36.39048,-6.00074],[-36.3923,-5.99661],[-36.39223,-5.99092],[-36.3794,-5.98721],[-36.37096,-5.97158],[-36.36809,-5.97123],[-36.36867,-5.96937],[-36.36215,-5.96813],[-36.37101,-5.89549],[-36.33367,-5.89211],[-36.33365,-5.89185],[-36.31928,-5.8658],[-36.28332,-5.85836],[-36.28314,-5.85838],[-36.28313,-5.85822]]]},"properties":{"CD_MUN":"2402709","NM_MUN":"Cerro Corá","SIGLA_UF":"RN"}},{"type":"Feature","geometry":{"type":"Polygon","coordinates":[[[-38.35995,-6.22822],[-38.31388,-6.22149],[-38.29606,-6.23291],[-38.27364,-6.2365],[-38.26661,-6.22714],[-38.24794,-6.2566],[-38.2588,-6.27852],[-38.27955,-6.28411],[-38.29597,-6.2775],[-38.30094,-6.28364],[-38.30544,-6.28145],[-38.30858,-6.29036],[-38.31633,-6.28921],[-38.33023,-6.30267],[-38.3307,-6.33442],[-38.35309,-6.3373],[-38.37736,-6.3387],[-38.4137,-6.29726],[-38.39756,-6.28593],[-38.37986,-6.26429],[-38.37992,-6.25751],[-38.35995,-6.22822]]]},"properties":{"CD_MUN":"2410801","NM_MUN":"Riacho de Santana","SIGLA_UF":"RN"}},{"type":"Feature","geometry":{"type":"Polygon","coordinates":[[[-35.51209,-5.5014],[-35.50109,-5.49284],[-35.49062,-5.48677],[-35.46968,-5.48571],[-35.45312,-5.47009],[-35.43512,-5.46988],[-35.41129,-5.45733],[-35.40204,-5.46462],[-35.38125,-5.46904],[-35.37042,-5.4646],[-35.3567,-5.46995],[-35.32572,-5.49072],[-35.30847,-5.49151],[-35.29895,-5.48707],[-35.29414,-5.49284],[-35.28206,-5.49293],[-35.2695,-5.50771],[-35.26895,-5.51711],[-35.26089,-5.52866],[-35.25526,-5.5305],[-35.25431,-5.51901],[-35.2452,-5.55677],[-35.23509,-5.57379],[-35.22717,-5.57801],[-35.2272,-5.61222],[-35.28859,-5.63315],[-35.36002,-5.72851],[-35.4051,-5.73797],[-35.44563,-5.73314],[-35.45971,-5.7161],[-35.4751,-5.71273],[-35.48763,-5.72119],[-35.49427,-5.71645],[-35.54618,-5.70961],[-35.5463,-5.70276],[-35.54777,-5.68503],[-35.49349,-5.66572],[-35.51096,-5.65001],[-35.52026,-5.57912],[-35.50373,-5.53937],[-35.51209,-5.5014]]]},"properties":{"CD_MUN":"2402600","NM_MUN":"Ceará-Mirim","SIGLA_UF":"RN"}},{"type":"Feature","geometry":{"type":"Polygon","coordinates":[[[-37.95836,-5.87258],[-37.94691,-5.86084],[-37.91524,-5.85262],[-37.90439,-5.87072],[-37.91386,-5.87877],[-37.91564,-5.89571],[-37.91155,-5.90046],[-37.91025,-5.91474],[-37.89592,-5.92854],[-37.89925,-5.93401],[-37.91006,-5.95944],[-37.98459,-5.9562],[-37.98803,-5.96259],[-37.99734,-5.9554],[-37.99987,-5.96685],[-38.00862,-5.95946],[-38.01606,-5.96513],[-38.016,-5.9708],[-38.0237,-5.97598],[-38.02501,-5.97183],[-38.02576,-5.97702],[-38.04167,-5.93478],[-38.03598,-5.93729],[-38.03056,-5.9339],[-38.0312,-5.9244],[-38.00967,-5.91645],[-37.9857,-5.88462],[-37.95836,-5.87258]]]},"properties":{"CD_MUN":"2410702","NM_MUN":"Riacho da Cruz","SIGLA_UF":"RN"}},{"type":"Feature","geometry":{"type":"Polygon","coordinates":[[[-36.90767,-4.99013],[-36.89779,-4.96714],[-36.88739,-4.96653],[-36.87834,-4.95142],[-36.85892,-4.96826],[-36.80595,-5.03432],[-36.7764,-5.05244],[-36.77054,-5.06205],[-36.77517,-5.06955],[-36.76581,-5.06206],[-36.76467,-5.05432],[-36.73832,-5.06389],[-36.73276,-5.06134],[-36.73509,-5.06506],[-36.72906,-5.07537],[-36.71859,-5.08034],[-36.71234,-5.07591],[-36.71723,-5.08351],[-36.74276,-5.08975],[-36.75118,-5.09922],[-36.73795,-5.10876],[-36.71709,-5.11372],[-36.71804,-5.12056],[-36.72767,-5.11788],[-36.73012,-5.12231],[-36.72945,-5.13422],[-36.72098,-5.1378],[-36.72562,-5.15303],[-36.72795,-5.15655],[-36.73429,-5.14953],[-36.74104,-5.15165],[-36.74498,-5.14286],[-36.74926,-5.14876],[-36.72843,-5.17645],[-36.72226,-5.19368],[-36.72465,-5.20198],[-36.71546,-5.21337],[-36.72621,-5.23395],[-36.72146,-5.25358],[-36.72571,-5.26235],[-36.75257,-5.27158],[-36.77677,-5.29434],[-36.78157,-5.31202],[-36.8098,-5.34452],[-36.81144,-5.36815],[-36.83522,-5.3687],[-36.84166,-5.37623],[-36.83899,-5.3868],[-36.96572,-5.34007],[-37.029,-5.32411],[-37.03816,-5.2928],[-36.92738,-5.29402],[-36.9293,-5.13163],[-36.9741,-5.13098],[-36.97463,-5.10495],[-36.95221,-5.08188],[-36.90826,-5.08143],[-36.90767,-4.99013]]]},"properties":{"CD_MUN":"2402501","NM_MUN":"Carnaubais","SIGLA_UF":"RN"}},{"type":"Feature","geometry":{"type":"Polygon","coordinates":[[[-36.53045,-6.44416],[-36.52828,-6.48835],[-36.53634,-6.4918],[-36.538,-6.50315],[-36.53495,-6.50692],[-36.5207,-6.50135],[-36.51042,-6.5094],[-36.48286,-6.51796],[-36.47748,-6.53954],[-36.45958,-6.54044],[-36.45761,-6.54588],[-36.4595,-6.54846],[-36.44492,-6.55373],[-36.43195,-6.57748],[-36.43903,-6.60667],[-36.44545,-6.6141],[-36.43514,-6.6283],[-36.45142,-6.62347],[-36.46131,-6.63674],[-36.4724,-6.6128],[-36.4899,-6.60863],[-36.50895,-6.59173],[-36.52104,-6.59325],[-36.52515,-6.59682],[-36.5227,-6.60224],[-36.54889,-6.60632],[-36.56051,-6.59704],[-36.57442,-6.59582],[-36.58679,-6.58197],[-36.6189,-6.5994],[-36.6282,-6.5902],[-36.63973,-6.59272],[-36.63815,-6.58172],[-36.66432,-6.5906],[-36.68221,-6.58972],[-36.69057,-6.58146],[-36.54561,-6.43533],[-36.53045,-6.44416]]]},"properties":{"CD_MUN":"2402402","NM_MUN":"Carnaúba dos Dantas","SIGLA_UF":"RN"}},{"type":"Feature","geometry":{"type":"Polygon","coordinates":[[[-37.77069,-6.00282],[-37.74936,-6.00987],[-37.74127,-6.00771],[-37.73458,-6.03369],[-37.727,-6.03348],[-37.71203,-6.04798],[-37.67466,-6.0575],[-37.68597,-6.10838],[-37.70147,-6.12591],[-37.71222,-6.13005],[-37.72264,-6.12069],[-37.74125,-6.12156],[-37.77583,-6.06771],[-37.78397,-6.0389],[-37.77803,-6.013],[-37.77069,-6.00282]]]},"properties":{"CD_MUN":"2410603","NM_MUN":"Rafael Godeiro","SIGLA_UF":"RN"}},{"type":"Feature","geometry":{"type":"Polygon","coordinates":[[[-38.33924,-6.07722],[-38.31741,-6.07727],[-38.30588,-6.08652],[-38.27466,-6.06609],[-38.25688,-6.07819],[-38.26411,-6.11924],[-38.24511,-6.16809],[-38.26935,-6.17556],[-38.31347,-6.17539],[-38.352,-6.21054],[-38.37642,-6.19379],[-38.35555,-6.15465],[-38.35858,-6.14039],[-38.34644,-6.12137],[-38.33196,-6.11761],[-38.33924,-6.07722]]]},"properties":{"CD_MUN":"2403301","NM_MUN":"Encanto","SIGLA_UF":"RN"}},{"type":"Feature","geometry":{"type":"Polygon","coordinates":[[[-35.47537,-6.229],[-35.44124,-6.25556],[-35.42901,-6.27373],[-35.41585,-6.31968],[-35.40224,-6.32173],[-35.41602,-6.34212],[-35.42521,-6.38781],[-35.4523,-6.40517],[-35.45496,-6.41894],[-35.53463,-6.40648],[-35.59583,-6.38401],[-35.62905,-6.34107],[-35.64719,-6.32665],[-35.6421,-6.32627],[-35.6336,-6.31302],[-35.62047,-6.30579],[-35.60827,-6.31598],[-35.59802,-6.30107],[-35.57921,-6.3024],[-35.56199,-6.29581],[-35.55277,-6.28443],[-35.5481,-6.28791],[-35.52304,-6.28387],[-35.50913,-6.28898],[-35.50238,-6.29695],[-35.47301,-6.2729],[-35.47537,-6.229]]]},"properties":{"CD_MUN":"2411502","NM_MUN":"Santo Antônio","SIGLA_UF":"RN"}},{"type":"Feature","geometry":{"type":"Polygon","coordinates":[[[-36.85269,-6.70507],[-36.71729,-6.64735],[-36.72301,-6.66577],[-36.70996,-6.67026],[-36.70357,-6.69538],[-36.71327,-6.72046],[-36.70955,-6.74308],[-36.73097,-6.78778],[-36.73058,-6.80412],[-36.751,-6.82102],[-36.76542,-6.81414],[-36.77372,-6.79982],[-36.77149,-6.76496],[-36.79552,-6.75576],[-36.81127,-6.76109],[-36.82355,-6.73182],[-36.83519,-6.73041],[-36.86649,-6.74104],[-36.87242,-6.72582],[-36.85269,-6.70507]]]},"properties":{"CD_MUN":"2411429","NM_MUN":"Santana do Seridó","SIGLA_UF":"RN"}},{"type":"Feature","geometry":{"type":"MultiPolygon","coordinates":[[[[-36.78675,-5.75526],[-36.77237,-5.76419],[-36.77235,-5.76418],[-36.77226,-5.76423],[-36.75504,-5.75827],[-36.73873,-5.73294],[-36.70259,-5.70185],[-36.70267,-5.7018],[-36.69025,-5.70171],[-36.67567,-5.71162],[-36.66278,-5.73912],[-36.62028,-5.76088],[-36.56398,-5.75644],[-36.56401,-5.75649],[-36.55599,-5.76349],[-36.54983,-5.76892],[-36.54978,-5.76891],[-36.54972,-5.76896],[-36.52098,-5.76428],[-36.50728,-5.75336],[-36.38922,-5.79767],[-36.35667,-5.84936],[-36.35657,-5.84938],[-36.35656,-5.8494],[-36.28332,-5.85836],[-36.31928,-5.8658],[-36.33365,-5.89185],[-36.33262,-5.87203],[-36.36495,-5.8761],[-36.38589,-5.85182],[-36.41486,-5.86058],[-36.43048,-5.90779],[-36.47462,-5.92735],[-36.53918,-5.98975],[-36.54666,-6.05689],[-36.52527,-6.04741],[-36.63132,-6.09614],[-36.65224,-6.0935],[-36.66199,-6.09054],[-36.67101,-6.09539],[-36.68777,-6.09706],[-36.68799,-6.09703],[-36.69174,-6.10572],[-36.71772,-6.09667],[-36.7183,-6.0971],[-36.72505,-6.08815],[-36.71988,-6.06941],[-36.7361,-6.06049],[-36.77483,-6.06182],[-36.78902,-6.03819],[-36.80252,-6.05021],[-36.81697,-6.05205],[-36.81916,-6.05913],[-36.835,-6.05238],[-36.82289,-6.04326],[-36.81955,-6.03087],[-36.8407,-5.99854],[-36.84552,-6.0012],[-36.85561,-5.99472],[-36.85774,-5.98462],[-36.86469,-5.98248],[-36.86757,-5.97333],[-36.87772,-5.97752],[-36.90594,-5.97552],[-36.85327,-5.91353],[-36.77207,-5.85046],[-36.77534,-5.80334],[-36.76812,-5.79283],[-36.78679,-5.75527],[-36.78675,-5.75526]]],[[[-36.36867,-5.96937],[-36.36809,-5.97123],[-36.37096,-5.97158],[-36.36989,-5.96961],[-36.36867,-5.96937]]],[[[-36.3923,-5.99661],[-36.39048,-6.00074],[-36.3924,-6.00481],[-36.3923,-5.99661]]],[[[-36.39951,-6.01974],[-36.41018,-6.02172],[-36.44723,-6.01212],[-36.39951,-6.01974]]]]},"properties":{"CD_MUN":"2411403","NM_MUN":"Santana do Matos","SIGLA_UF":"RN"}},{"type":"Feature","geometry":{"type":"Polygon","coordinates":[[[-35.2814,-5.85074],[-35.26363,-5.85637],[-35.25302,-5.86662],[-35.24354,-5.86497],[-35.22451,-5.8813],[-35.21607,-5.87387],[-35.1913,-5.89897],[-35.15254,-5.89033],[-35.15704,-5.92388],[-35.15024,-5.95721],[-35.14513,-5.96487],[-35.12846,-5.96803],[-35.12077,-5.98308],[-35.12924,-5.98246],[-35.18263,-5.93814],[-35.21196,-5.93527],[-35.24566,-5.95581],[-35.25091,-5.96302],[-35.28122,-5.95789],[-35.30808,-5.96152],[-35.28358,-5.88435],[-35.2814,-5.85074]]]},"properties":{"CD_MUN":"2403251","NM_MUN":"Parnamirim","SIGLA_UF":"RN"}},{"type":"Feature","geometry":{"type":"Polygon","coordinates":[[[-38.3993,-6.05415],[-38.38163,-6.05475],[-38.38452,-6.06498],[-38.37794,-6.06647],[-38.37713,-6.0754],[-38.36413,-6.08791],[-38.34966,-6.08146],[-38.34768,-6.06703],[-38.33924,-6.07722],[-38.33196,-6.11761],[-38.34644,-6.12137],[-38.35858,-6.14039],[-38.37672,-6.17017],[-38.38783,-6.16279],[-38.39509,-6.17364],[-38.40531,-6.17537],[-38.42175,-6.19126],[-38.43336,-6.19477],[-38.42886,-6.17364],[-38.41766,-6.16522],[-38.45994,-6.11545],[-38.4495,-6.10389],[-38.441,-6.10155],[-38.44561,-6.08788],[-38.44025,-6.07941],[-38.43183,-6.07802],[-38.42663,-6.06962],[-38.3993,-6.05415]]]},"properties":{"CD_MUN":"2403202","NM_MUN":"Doutor Severiano","SIGLA_UF":"RN"}},{"type":"Feature","geometry":{"type":"Polygon","coordinates":[[[-36.43087,-6.10584],[-36.41732,-6.11045],[-36.39276,-6.09751],[-36.37987,-6.10367],[-36.36262,-6.0919],[-36.30031,-6.12187],[-36.25662,-6.19092],[-36.28001,-6.24088],[-36.28165,-6.24855],[-36.27487,-6.25375],[-36.27938,-6.2705],[-36.2901,-6.27862],[-36.2836,-6.30414],[-36.30473,-6.28234],[-36.34202,-6.30231],[-36.35602,-6.31493],[-36.39321,-6.29405],[-36.43077,-6.36362],[-36.49761,-6.35899],[-36.50094,-6.36179],[-36.49697,-6.3747],[-36.50475,-6.39],[-36.51708,-6.37795],[-36.54122,-6.3732],[-36.54472,-6.36383],[-36.55055,-6.36142],[-36.54886,-6.34318],[-36.56392,-6.31287],[-36.58436,-6.30475],[-36.58789,-6.29627],[-36.6073,-6.28971],[-36.60697,-6.27977],[-36.59077,-6.24644],[-36.59678,-6.24126],[-36.59819,-6.23137],[-36.60727,-6.2266],[-36.60191,-6.22556],[-36.59819,-6.21562],[-36.61686,-6.19499],[-36.61583,-6.16899],[-36.62677,-6.1519],[-36.62007,-6.13094],[-36.60179,-6.11995],[-36.58683,-6.12788],[-36.56257,-6.12448],[-36.54779,-6.12956],[-36.5438,-6.13591],[-36.54249,-6.12692],[-36.53101,-6.12024],[-36.53135,-6.10434],[-36.5219,-6.10397],[-36.52146,-6.09013],[-36.50979,-6.09757],[-36.4994,-6.09351],[-36.48407,-6.10624],[-36.47271,-6.10783],[-36.48576,-6.11947],[-36.48415,-6.12794],[-36.4564,-6.10935],[-36.43087,-6.10584]]]},"properties":{"CD_MUN":"2403103","NM_MUN":"Currais Novos","SIGLA_UF":"RN"}},{"type":"Feature","geometry":{"type":"Polygon","coordinates":[[[-36.04683,-6.08615],[-36.02966,-6.07021],[-36.00933,-6.08405],[-36.0003,-6.07429],[-35.99358,-6.0752],[-35.99453,-6.08814],[-35.98427,-6.09931],[-35.98769,-6.10866],[-35.9778,-6.12219],[-35.98564,-6.14586],[-35.96117,-6.14823],[-35.95842,-6.15444],[-35.96672,-6.15745],[-35.96705,-6.17362],[-35.9483,-6.17203],[-35.94152,-6.16681],[-35.93092,-6.1686],[-35.92158,-6.16235],[-35.92097,-6.15156],[-35.86953,-6.36256],[-35.89061,-6.36127],[-35.96803,-6.39426],[-35.9877,-6.43093],[-36.03187,-6.29859],[-36.05326,-6.30829],[-36.0684,-6.30261],[-36.07704,-6.3044],[-36.12215,-6.32576],[-36.13121,-6.32521],[-36.15095,-6.28592],[-36.1477,-6.22602],[-36.07073,-6.20596],[-36.04683,-6.08615]]]},"properties":{"CD_MUN":"2411205","NM_MUN":"Santa Cruz","SIGLA_UF":"RN"}},{"type":"Feature","geometry":{"type":"Polygon","coordinates":[[[-36.90479,-6.23142],[-36.85064,-6.2687],[-36.83978,-6.2685],[-36.80092,-6.31422],[-36.74728,-6.30651],[-36.73873,-6.43831],[-36.74443,-6.4648],[-36.76034,-6.47293],[-36.76476,-6.46819],[-36.78451,-6.44728],[-36.81568,-6.44574],[-36.87323,-6.41843],[-36.86324,-6.39122],[-36.88209,-6.37113],[-36.8807,-6.35737],[-36.90429,-6.3425],[-36.89895,-6.3236],[-36.91317,-6.30698],[-36.91801,-6.30947],[-36.92776,-6.28209],[-36.91254,-6.25861],[-36.91492,-6.2456],[-36.90479,-6.23142]]]},"properties":{"CD_MUN":"2403004","NM_MUN":"Cruzeta","SIGLA_UF":"RN"}},{"type":"Feature","geometry":{"type":"Polygon","coordinates":[[[-36.0424,-5.84539],[-35.99624,-5.81327],[-35.96968,-5.80539],[-35.9594,-5.80953],[-35.92379,-5.80143],[-35.87134,-5.90192],[-35.88632,-5.91],[-35.89185,-5.90821],[-35.88984,-5.90268],[-35.89499,-5.90338],[-35.9046,-5.89414],[-35.91563,-5.89411],[-35.9224,-5.89908],[-35.92007,-5.90386],[-35.97368,-5.91556],[-36.0424,-5.84539]]]},"properties":{"CD_MUN":"2411106","NM_MUN":"Ruy Barbosa","SIGLA_UF":"RN"}},{"type":"Feature","geometry":{"type":"Polygon","coordinates":[[[-38.37642,-6.19379],[-38.352,-6.21054],[-38.35995,-6.22822],[-38.37992,-6.25751],[-38.37986,-6.26429],[-38.39756,-6.28593],[-38.4137,-6.29726],[-38.45924,-6.32841],[-38.49292,-6.29471],[-38.49305,-6.29469],[-38.4757,-6.25764],[-38.4567,-6.2308],[-38.44667,-6.2294],[-38.4425,-6.23456],[-38.42097,-6.20806],[-38.37642,-6.19379]]]},"properties":{"CD_MUN":"2402907","NM_MUN":"Coronel João Pessoa","SIGLA_UF":"RN"}},{"type":"Feature","geometry":{"type":"Polygon","coordinates":[[[-38.11476,-5.95949],[-38.10234,-5.99982],[-38.07979,-6.02454],[-38.06909,-6.02504],[-38.06026,-6.03489],[-38.04904,-6.03812],[-38.03395,-6.07465],[-38.02934,-6.10343],[-38.04287,-6.1253],[-38.15988,-6.09805],[-38.19123,-6.04199],[-38.18237,-6.03277],[-38.18257,-6.01629],[-38.16207,-6.00953],[-38.16626,-6.0001],[-38.15832,-5.99475],[-38.14759,-5.97478],[-38.13081,-5.97075],[-38.12395,-5.96068],[-38.11476,-5.95949]]]},"properties":{"CD_MUN":"2403905","NM_MUN":"Francisco Dantas","SIGLA_UF":"RN"}},{"type":"Feature","geometry":{"type":"Polygon","coordinates":[[[-35.44563,-5.73314],[-35.4051,-5.73797],[-35.36002,-5.72851],[-35.34515,-5.73092],[-35.33866,-5.73826],[-35.32054,-5.73437],[-35.31204,-5.73799],[-35.28582,-5.72197],[-35.27946,-5.70525],[-35.27932,-5.72305],[-35.29034,-5.73249],[-35.28654,-5.76378],[-35.25221,-5.77546],[-35.24721,-5.78344],[-35.25437,-5.80506],[-35.27929,-5.81952],[-35.28143,-5.82633],[-35.29991,-5.83974],[-35.40158,-5.84878],[-35.48675,-5.82919],[-35.44563,-5.73314]]]},"properties":{"CD_MUN":"2412005","NM_MUN":"São Gonçalo do Amarante","SIGLA_UF":"RN"}},{"type":"Feature","geometry":{"type":"MultiPolygon","coordinates":[[[[-36.835,-6.05238],[-36.81916,-6.05913],[-36.81697,-6.05205],[-36.80252,-6.05021],[-36.78902,-6.03819],[-36.77483,-6.06182],[-36.7361,-6.06049],[-36.71988,-6.06941],[-36.72505,-6.08815],[-36.7183,-6.0971],[-36.73808,-6.11183],[-36.7303,-6.11296],[-36.7285,-6.14982],[-36.74433,-6.16393],[-36.75292,-6.16335],[-36.76156,-6.18084],[-36.7848,-6.19502],[-36.70291,-6.22149],[-36.71527,-6.25335],[-36.73428,-6.28106],[-36.73331,-6.29184],[-36.74728,-6.30651],[-36.80092,-6.31422],[-36.83978,-6.2685],[-36.85064,-6.2687],[-36.90479,-6.23142],[-36.94078,-6.22891],[-36.93189,-6.19494],[-36.89428,-6.17958],[-36.88825,-6.16955],[-36.93667,-6.10112],[-36.93086,-6.0735],[-36.89783,-6.08604],[-36.87005,-6.06163],[-36.86116,-6.04745],[-36.84771,-6.03935],[-36.84066,-6.03953],[-36.84003,-6.05009],[-36.835,-6.05238]]],[[[-36.69174,-6.10572],[-36.68799,-6.09703],[-36.68777,-6.09706],[-36.68789,-6.09707],[-36.69164,-6.10576],[-36.69174,-6.10572]]],[[[-36.67101,-6.09539],[-36.66199,-6.09054],[-36.65224,-6.0935],[-36.65227,-6.09354],[-36.67101,-6.09539]]]]},"properties":{"CD_MUN":"2403806","NM_MUN":"Florânia","SIGLA_UF":"RN"}},{"type":"Feature","geometry":{"type":"Polygon","coordinates":[[[-38.15645,-5.92483],[-38.14295,-5.91024],[-38.136,-5.91351],[-38.13043,-5.93948],[-38.12065,-5.94582],[-38.11476,-5.95949],[-38.12395,-5.96068],[-38.13081,-5.97075],[-38.14759,-5.97478],[-38.15832,-5.99475],[-38.16626,-6.0001],[-38.16207,-6.00953],[-38.18257,-6.01629],[-38.18237,-6.03277],[-38.19123,-6.04199],[-38.19498,-6.04301],[-38.23713,-5.99425],[-38.18348,-5.94993],[-38.17668,-5.9557],[-38.16437,-5.94709],[-38.16562,-5.93155],[-38.15645,-5.92483]]]},"properties":{"CD_MUN":"2411908","NM_MUN":"São Francisco do Oeste","SIGLA_UF":"RN"}},{"type":"Feature","geometry":{"type":"Polygon","coordinates":[[[-37.64086,-5.41345],[-37.56361,-5.50388],[-37.57764,-5.5707],[-37.67242,-5.63732],[-37.75515,-5.5722],[-37.64086,-5.41345]]]},"properties":{"CD_MUN":"2403707","NM_MUN":"Felipe Guerra","SIGLA_UF":"RN"}},{"type":"Feature","geometry":{"type":"Polygon","coordinates":[[[-37.14015,-6.18163],[-37.12957,-6.18938],[-37.13226,-6.20772],[-37.1159,-6.20618],[-37.11512,-6.21292],[-37.10326,-6.21461],[-37.09262,-6.2319],[-37.08046,-6.2403],[-37.06487,-6.23933],[-37.05546,-6.24897],[-37.07968,-6.29002],[-37.07382,-6.30682],[-37.0806,-6.3544],[-37.0718,-6.40346],[-37.13986,-6.42876],[-37.13922,-6.44805],[-37.17708,-6.43729],[-37.18741,-6.4394],[-37.21438,-6.43239],[-37.26758,-6.40077],[-37.22264,-6.36148],[-37.20957,-6.28044],[-37.22446,-6.24238],[-37.21618,-6.2274],[-37.20471,-6.22463],[-37.18715,-6.2091],[-37.1751,-6.20826],[-37.1724,-6.20211],[-37.1581,-6.20039],[-37.14896,-6.185],[-37.14015,-6.18163]]]},"properties":{"CD_MUN":"2411809","NM_MUN":"São Fernando","SIGLA_UF":"RN"}},{"type":"Feature","geometry":{"type":"Polygon","coordinates":[[[-35.36002,-5.72851],[-35.28859,-5.63315],[-35.2272,-5.61222],[-35.22378,-5.62673],[-35.21617,-5.63141],[-35.21604,-5.68084],[-35.19245,-5.70018],[-35.20362,-5.74088],[-35.2364,-5.71428],[-35.24315,-5.71595],[-35.27296,-5.70072],[-35.27946,-5.70525],[-35.28582,-5.72197],[-35.31204,-5.73799],[-35.32054,-5.73437],[-35.33866,-5.73826],[-35.34515,-5.73092],[-35.36002,-5.72851]]]},"properties":{"CD_MUN":"2403608","NM_MUN":"Extremoz","SIGLA_UF":"RN"}},{"type":"Feature","geometry":{"type":"Polygon","coordinates":[[[-36.08529,-6.41683],[-36.13121,-6.32521],[-36.12215,-6.32576],[-36.07704,-6.3044],[-36.0684,-6.30261],[-36.05326,-6.30829],[-36.03187,-6.29859],[-35.9877,-6.43093],[-36.0054,-6.47054],[-36.01526,-6.4544],[-36.02271,-6.44923],[-36.03676,-6.44864],[-36.04526,-6.43587],[-36.05143,-6.44018],[-36.05113,-6.44656],[-36.06007,-6.44887],[-36.05663,-6.45733],[-36.07096,-6.46036],[-36.06921,-6.44769],[-36.07479,-6.44109],[-36.07227,-6.42452],[-36.08337,-6.41889],[-36.08529,-6.41683]]]},"properties":{"CD_MUN":"2411700","NM_MUN":"São Bento do Trairí","SIGLA_UF":"RN"}},{"type":"Feature","geometry":{"type":"Polygon","coordinates":[[[-35.32389,-6.19013],[-35.2907,-6.20507],[-35.26898,-6.3091],[-35.23826,-6.34876],[-35.27596,-6.37116],[-35.31296,-6.40088],[-35.33818,-6.37745],[-35.33782,-6.36844],[-35.35143,-6.35824],[-35.35137,-6.33668],[-35.32389,-6.19013]]]},"properties":{"CD_MUN":"2403509","NM_MUN":"Espírito Santo","SIGLA_UF":"RN"}},{"type":"Feature","geometry":{"type":"MultiPolygon","coordinates":[[[[-35.89995,-5.06231],[-35.89995,-5.06232],[-35.94829,-5.04431],[-35.96098,-5.04312],[-35.9484,-5.04426],[-35.89995,-5.06231]]],[[[-35.95664,-5.23959],[-36.08008,-5.2736],[-36.11483,-5.25175],[-36.15711,-5.25644],[-36.09921,-5.0769],[-36.07493,-5.06486],[-36.04662,-5.05938],[-36.03743,-5.05149],[-35.99965,-5.04475],[-35.99855,-5.0449],[-36.03732,-5.05154],[-36.0429,-5.06738],[-36.03218,-5.07403],[-36.04055,-5.08418],[-36.05338,-5.20981],[-36.064,-5.23488],[-36.00644,-5.2528],[-35.95664,-5.23959]]],[[[-35.97999,-5.04172],[-35.9797,-5.04143],[-35.97876,-5.04151],[-35.97999,-5.04172]]]]},"properties":{"CD_MUN":"2411601","NM_MUN":"São Bento do Norte","SIGLA_UF":"RN"}},{"type":"Feature","geometry":{"type":"Polygon","coordinates":[[[-36.73903,-6.85052],[-36.72297,-6.84479],[-36.63222,-6.83501],[-36.63088,-6.81483],[-36.62435,-6.80546],[-36.61038,-6.79979],[-36.60246,-6.80486],[-36.5764,-6.8048],[-36.56943,-6.83304],[-36.55955,-6.84119],[-36.54044,-6.84315],[-36.54902,-6.85373],[-36.53215,-6.85536],[-36.53283,-6.86091],[-36.55333,-6.88745],[-36.55513,-6.91679],[-36.56103,-6.92153],[-36.5738,-6.92102],[-36.59672,-6.9377],[-36.64641,-6.93238],[-36.66661,-6.93266],[-36.68644,-6.92445],[-36.69478,-6.93681],[-36.68177,-6.96554],[-36.70106,-6.96916],[-36.70667,-6.96594],[-36.7145,-6.98296],[-36.72567,-6.97053],[-36.73133,-6.97577],[-36.74106,-6.97557],[-36.76025,-6.94944],[-36.76175,-6.92763],[-36.76584,-6.92074],[-36.75681,-6.89883],[-36.76333,-6.892],[-36.76361,-6.88073],[-36.73903,-6.85052]]]},"properties":{"CD_MUN":"2403400","NM_MUN":"Equador","SIGLA_UF":"RN"}},{"type":"Feature","geometry":{"type":"Polygon","coordinates":[[[-35.77997,-5.72314],[-35.66491,-5.71626],[-35.63989,-5.79049],[-35.66275,-5.79585],[-35.68731,-5.89993],[-35.69117,-5.98253],[-35.7771,-6.01741],[-35.83134,-5.94723],[-35.85054,-5.92654],[-35.84935,-5.91577],[-35.82154,-5.90977],[-35.77848,-5.81495],[-35.77997,-5.72314]]]},"properties":{"CD_MUN":"2412609","NM_MUN":"São Paulo do Potengi","SIGLA_UF":"RN"}},{"type":"Feature","geometry":{"type":"Polygon","coordinates":[[[-37.35569,-4.85804],[-37.25246,-4.8318],[-37.2091,-4.89665],[-37.17707,-4.9199],[-37.15979,-4.93916],[-37.15371,-4.93757],[-37.13726,-4.95072],[-37.14754,-4.97741],[-37.1321,-4.99208],[-37.13416,-5.00568],[-37.16722,-5.01873],[-37.17383,-5.01052],[-37.17691,-4.97521],[-37.20877,-4.99924],[-37.44552,-4.88058],[-37.35569,-4.85804]]]},"properties":{"CD_MUN":"2404408","NM_MUN":"Grossos","SIGLA_UF":"RN"}},{"type":"Feature","geometry":{"type":"MultiPolygon","coordinates":[[[[-38.35858,-6.14039],[-38.35555,-6.15465],[-38.37642,-6.19379],[-38.42097,-6.20806],[-38.4425,-6.23456],[-38.44667,-6.2294],[-38.4567,-6.2308],[-38.4757,-6.25764],[-38.49305,-6.29469],[-38.5435,-6.28702],[-38.569,-6.29292],[-38.56561,-6.30219],[-38.56923,-6.29999],[-38.57415,-6.27791],[-38.56012,-6.2723],[-38.54926,-6.2595],[-38.54478,-6.24542],[-38.53873,-6.2458],[-38.52284,-6.23254],[-38.51912,-6.22315],[-38.52745,-6.20619],[-38.51878,-6.19503],[-38.51406,-6.18959],[-38.50861,-6.19645],[-38.50444,-6.19471],[-38.49939,-6.17858],[-38.4755,-6.15794],[-38.46989,-6.12897],[-38.45994,-6.11545],[-38.41766,-6.16522],[-38.42886,-6.17364],[-38.43336,-6.19477],[-38.42175,-6.19126],[-38.40531,-6.17537],[-38.39509,-6.17364],[-38.38783,-6.16279],[-38.37672,-6.17017],[-38.35858,-6.14039]]],[[[-38.47984,-6.34257],[-38.47984,-6.34257],[-38.48606,-6.34052],[-38.48606,-6.34051],[-38.47984,-6.34257]]],[[[-38.51729,-6.35365],[-38.5289,-6.38173],[-38.53567,-6.38598],[-38.51729,-6.35365]]],[[[-38.53583,-6.38609],[-38.53587,-6.38612],[-38.55561,-6.37238],[-38.55553,-6.37238],[-38.53583,-6.38609]]],[[[-38.57163,-6.37118],[-38.57174,-6.37118],[-38.57562,-6.36341],[-38.57536,-6.36336],[-38.57551,-6.36345],[-38.57163,-6.37118]]],[[[-38.56167,-6.35482],[-38.56154,-6.35463],[-38.57601,-6.34743],[-38.58048,-6.33104],[-38.58034,-6.32255],[-38.5759,-6.34746],[-38.56142,-6.35466],[-38.56167,-6.35482]]],[[[-38.58027,-6.31866],[-38.58023,-6.31621],[-38.56534,-6.30293],[-38.56508,-6.30362],[-38.58027,-6.31866]]]]},"properties":{"CD_MUN":"2412500","NM_MUN":"São Miguel","SIGLA_UF":"RN"}},{"type":"Feature","geometry":{"type":"Polygon","coordinates":[[[-37.79055,-5.22453],[-37.78769,-5.21949],[-37.58402,-5.298],[-37.42548,-5.31861],[-37.29434,-5.39089],[-37.30252,-5.39828],[-37.29579,-5.40303],[-37.29212,-5.4177],[-37.30085,-5.44295],[-37.29735,-5.45176],[-37.30104,-5.46316],[-37.29354,-5.47658],[-37.30076,-5.48223],[-37.29893,-5.48693],[-37.38477,-5.48218],[-37.43305,-5.59224],[-37.43936,-5.62625],[-37.4913,-5.56692],[-37.57764,-5.5707],[-37.56361,-5.50388],[-37.64086,-5.41345],[-37.89423,-5.412],[-37.87823,-5.38746],[-37.86011,-5.37091],[-37.84911,-5.33444],[-37.82444,-5.30989],[-37.81844,-5.29702],[-37.81461,-5.29146],[-37.81755,-5.28344],[-37.79055,-5.22453]]]},"properties":{"CD_MUN":"2404309","NM_MUN":"Governador Dix-Sept Rosado","SIGLA_UF":"RN"}},{"type":"Feature","geometry":{"type":"Polygon","coordinates":[[[-36.87323,-6.41843],[-36.81568,-6.44574],[-36.78451,-6.44728],[-36.76476,-6.46819],[-36.76876,-6.51432],[-36.77804,-6.52562],[-36.78829,-6.52141],[-36.81015,-6.53322],[-36.83357,-6.53802],[-36.87793,-6.52846],[-36.89693,-6.51693],[-36.91741,-6.52398],[-36.93794,-6.51385],[-36.95785,-6.5228],[-36.96049,-6.50203],[-36.95571,-6.49036],[-36.93338,-6.46647],[-36.93255,-6.44858],[-36.87323,-6.41843]]]},"properties":{"CD_MUN":"2412401","NM_MUN":"São José do Seridó","SIGLA_UF":"RN"}},{"type":"Feature","geometry":{"type":"Polygon","coordinates":[[[-35.2907,-6.20507],[-35.23167,-6.24286],[-35.21181,-6.23276],[-35.20045,-6.21853],[-35.19417,-6.22063],[-35.19008,-6.214],[-35.18878,-6.21731],[-35.17156,-6.21432],[-35.15161,-6.21994],[-35.15745,-6.26771],[-35.15073,-6.27435],[-35.14717,-6.29858],[-35.14731,-6.31702],[-35.15787,-6.31311],[-35.16937,-6.32128],[-35.16431,-6.33792],[-35.1697,-6.35406],[-35.22012,-6.35774],[-35.23826,-6.34876],[-35.26898,-6.3091],[-35.2907,-6.20507]]]},"properties":{"CD_MUN":"2404200","NM_MUN":"Goianinha","SIGLA_UF":"RN"}},{"type":"Feature","geometry":{"type":"Polygon","coordinates":[[[-35.74035,-6.18438],[-35.67485,-6.20109],[-35.66307,-6.24608],[-35.67293,-6.26238],[-35.65044,-6.26802],[-35.6336,-6.31302],[-35.6421,-6.32627],[-35.64719,-6.32665],[-35.64877,-6.31898],[-35.66216,-6.31364],[-35.66213,-6.33705],[-35.68114,-6.35306],[-35.74136,-6.40158],[-35.81995,-6.38562],[-35.84167,-6.37683],[-35.8682,-6.36721],[-35.86953,-6.36256],[-35.85835,-6.36403],[-35.84891,-6.35944],[-35.80971,-6.31935],[-35.79933,-6.28315],[-35.78976,-6.26647],[-35.78907,-6.24725],[-35.79675,-6.23046],[-35.78993,-6.22269],[-35.77788,-6.22028],[-35.77311,-6.21019],[-35.77465,-6.19692],[-35.76721,-6.20106],[-35.76186,-6.18979],[-35.74035,-6.18438]]]},"properties":{"CD_MUN":"2412302","NM_MUN":"São José do Campestre","SIGLA_UF":"RN"}},{"type":"Feature","geometry":{"type":"Polygon","coordinates":[[[-36.09921,-5.0769],[-36.15711,-5.25644],[-36.27486,-5.28944],[-36.27663,-5.20186],[-36.285,-5.16017],[-36.3103,-5.13366],[-36.30897,-5.1299],[-36.28924,-5.13021],[-36.2868,-5.12646],[-36.29258,-5.11436],[-36.30625,-5.11186],[-36.30732,-5.10559],[-36.28305,-5.1029],[-36.28396,-5.0975],[-36.27163,-5.10051],[-36.26543,-5.1092],[-36.2673,-5.10167],[-36.25477,-5.1073],[-36.26269,-5.09943],[-36.25863,-5.09711],[-36.29435,-5.08796],[-36.2541,-5.09499],[-36.15526,-5.0955],[-36.12465,-5.09069],[-36.09921,-5.0769]]]},"properties":{"CD_MUN":"2404101","NM_MUN":"Galinhos","SIGLA_UF":"RN"}},{"type":"Feature","geometry":{"type":"Polygon","coordinates":[[[-37.87106,-6.11098],[-37.83423,-6.11981],[-37.81367,-6.14368],[-37.80376,-6.14399],[-37.80037,-6.15229],[-37.80067,-6.16089],[-37.8087,-6.16618],[-37.79634,-6.18898],[-37.79564,-6.21427],[-37.86529,-6.18843],[-37.85304,-6.18026],[-37.85729,-6.17416],[-37.85423,-6.17023],[-37.87667,-6.15324],[-37.89048,-6.15951],[-37.90695,-6.15941],[-37.89593,-6.1495],[-37.88951,-6.12856],[-37.87106,-6.11098]]]},"properties":{"CD_MUN":"2404002","NM_MUN":"Frutuoso Gomes","SIGLA_UF":"RN"}},{"type":"Feature","geometry":{"type":"Polygon","coordinates":[[[-35.30808,-5.96152],[-35.28122,-5.95789],[-35.25091,-5.96302],[-35.24566,-5.95581],[-35.2333,-5.955],[-35.22796,-5.98632],[-35.22816,-5.99443],[-35.23669,-6.00502],[-35.23338,-6.02148],[-35.24119,-6.06863],[-35.23136,-6.0748],[-35.22883,-6.10788],[-35.23791,-6.10159],[-35.23778,-6.11209],[-35.23222,-6.12319],[-35.227,-6.16793],[-35.2402,-6.16396],[-35.26356,-6.17042],[-35.29336,-6.16249],[-35.2907,-6.20507],[-35.32389,-6.19013],[-35.35512,-6.18298],[-35.29383,-6.07183],[-35.33703,-6.04717],[-35.40247,-6.05071],[-35.40036,-6.03933],[-35.38511,-6.03966],[-35.39717,-6.02417],[-35.3792,-6.01083],[-35.3912,-6.0047],[-35.39161,-6.00039],[-35.38544,-6.002],[-35.38555,-5.98948],[-35.3733,-5.98849],[-35.34299,-5.97384],[-35.328,-5.97471],[-35.30808,-5.96152]]]},"properties":{"CD_MUN":"2412203","NM_MUN":"São José de Mipibu","SIGLA_UF":"RN"}},{"type":"Feature","geometry":{"type":"Polygon","coordinates":[[[-37.30674,-6.69368],[-37.30904,-6.67548],[-37.26642,-6.63744],[-37.25914,-6.63795],[-37.25895,-6.61612],[-37.21247,-6.61259],[-37.17536,-6.61333],[-37.15006,-6.62627],[-37.13812,-6.63875],[-37.13264,-6.65259],[-37.12122,-6.65956],[-37.11103,-6.65414],[-37.10825,-6.65731],[-37.10426,-6.68077],[-37.08511,-6.68954],[-37.08392,-6.69731],[-37.06967,-6.70339],[-37.06331,-6.71786],[-37.04392,-6.72441],[-37.03544,-6.73256],[-37.06887,-6.75806],[-37.07545,-6.75638],[-37.07584,-6.74496],[-37.08314,-6.73212],[-37.09773,-6.72404],[-37.12606,-6.73059],[-37.15126,-6.72825],[-37.16428,-6.74335],[-37.26746,-6.74938],[-37.26218,-6.73378],[-37.28476,-6.71553],[-37.30549,-6.70686],[-37.30674,-6.69368]]]},"properties":{"CD_MUN":"2412104","NM_MUN":"São João do Sabugi","SIGLA_UF":"RN"}},{"type":"Feature","geometry":{"type":"Polygon","coordinates":[[[-35.69117,-5.98253],[-35.64245,-5.9621],[-35.64745,-6.01739],[-35.57062,-6.07972],[-35.58842,-6.09704],[-35.75029,-6.06482],[-35.7771,-6.01741],[-35.69117,-5.98253]]]},"properties":{"CD_MUN":"2413102","NM_MUN":"Senador Elói de Souza","SIGLA_UF":"RN"}},{"type":"Feature","geometry":{"type":"Polygon","coordinates":[[[-38.014,-5.85437],[-38.00214,-5.8368],[-37.99666,-5.83818],[-37.98833,-5.82851],[-37.97981,-5.83111],[-37.97292,-5.81437],[-37.90969,-5.78215],[-37.90269,-5.75169],[-37.87221,-5.75298],[-37.87597,-5.81646],[-37.86074,-5.81633],[-37.85019,-5.82439],[-37.87669,-5.85167],[-37.87861,-5.87297],[-37.91155,-5.90046],[-37.91564,-5.89571],[-37.91386,-5.87877],[-37.90439,-5.87072],[-37.91524,-5.85262],[-37.94691,-5.86084],[-37.95836,-5.87258],[-38.0045,-5.85769],[-38.014,-5.85437]]]},"properties":{"CD_MUN":"2404903","NM_MUN":"Itaú","SIGLA_UF":"RN"}},{"type":"Feature","geometry":{"type":"MultiPolygon","coordinates":[[[[-36.65224,-6.0935],[-36.65222,-6.09354],[-36.65227,-6.09354],[-36.65224,-6.0935]]],[[[-36.65219,-6.09362],[-36.64824,-6.10309],[-36.62893,-6.10091],[-36.6106,-6.10969],[-36.62007,-6.13094],[-36.62677,-6.1519],[-36.61583,-6.16899],[-36.61686,-6.19499],[-36.59819,-6.21562],[-36.60191,-6.22556],[-36.60727,-6.2266],[-36.59819,-6.23137],[-36.59678,-6.24126],[-36.59077,-6.24644],[-36.60697,-6.27977],[-36.6073,-6.28971],[-36.62594,-6.26478],[-36.64611,-6.2648],[-36.66086,-6.27256],[-36.67739,-6.26705],[-36.70186,-6.27398],[-36.73331,-6.29184],[-36.73428,-6.28106],[-36.71527,-6.25335],[-36.70291,-6.22149],[-36.7028,-6.22152],[-36.71639,-6.20895],[-36.71214,-6.18382],[-36.71811,-6.16535],[-36.70677,-6.14186],[-36.67827,-6.13215],[-36.65219,-6.09362]]]]},"properties":{"CD_MUN":"2413003","NM_MUN":"São Vicente","SIGLA_UF":"RN"}},{"type":"Feature","geometry":{"type":"Polygon","coordinates":[[[-37.26746,-6.74938],[-37.16428,-6.74335],[-37.15126,-6.72825],[-37.12606,-6.73059],[-37.09773,-6.72404],[-37.08314,-6.73212],[-37.07584,-6.74496],[-37.07545,-6.75638],[-37.06887,-6.75806],[-37.04995,-6.75944],[-37.04892,-6.77345],[-37.07793,-6.79963],[-37.10059,-6.81436],[-37.10928,-6.80032],[-37.13696,-6.78865],[-37.1384,-6.7831],[-37.14479,-6.78378],[-37.15543,-6.79962],[-37.1709,-6.8006],[-37.18676,-6.82461],[-37.20399,-6.83134],[-37.22407,-6.8319],[-37.24571,-6.81626],[-37.25429,-6.81078],[-37.25854,-6.77833],[-37.27327,-6.76827],[-37.26746,-6.74938]]]},"properties":{"CD_MUN":"2404804","NM_MUN":"Ipueira","SIGLA_UF":"RN"}},{"type":"Feature","geometry":{"type":"MultiPolygon","coordinates":[[[[-36.85933,-5.43377],[-36.81672,-5.4376],[-36.78236,-5.45909],[-36.68391,-5.5067],[-36.72453,-5.5813],[-36.73825,-5.58491],[-36.75531,-5.60054],[-36.77044,-5.6069],[-36.77056,-5.61715],[-36.75506,-5.62338],[-36.75077,-5.64663],[-36.81573,-5.64246],[-36.89701,-5.60389],[-36.88612,-5.63721],[-36.89168,-5.63134],[-36.89731,-5.60261],[-36.882,-5.5723],[-36.89845,-5.55559],[-36.90314,-5.53046],[-36.88487,-5.49319],[-36.86911,-5.48169],[-36.87386,-5.46062],[-36.86136,-5.44734],[-36.85933,-5.43377]]],[[[-36.73904,-5.66741],[-36.73376,-5.66857],[-36.73128,-5.68141],[-36.73909,-5.66795],[-36.73904,-5.66741]]],[[[-36.72694,-5.68888],[-36.72343,-5.69252],[-36.72531,-5.69168],[-36.72694,-5.68888]]],[[[-36.71823,-5.69485],[-36.71481,-5.69489],[-36.71451,-5.69652],[-36.71823,-5.69485]]],[[[-36.77235,-5.76418],[-36.77237,-5.76419],[-36.78675,-5.75526],[-36.78671,-5.75526],[-36.77235,-5.76418]]],[[[-36.80246,-5.75685],[-36.80251,-5.75685],[-36.80262,-5.75673],[-36.80246,-5.75685]]],[[[-36.82559,-5.73972],[-36.8381,-5.7348],[-36.84747,-5.72357],[-36.8474,-5.72356],[-36.82559,-5.73972]]],[[[-36.85892,-5.72552],[-36.85893,-5.72552],[-36.85894,-5.72551],[-36.85892,-5.72552]]],[[[-36.8939,-5.71187],[-36.89401,-5.71184],[-36.89383,-5.71155],[-36.8939,-5.71187]]],[[[-36.88131,-5.65404],[-36.88115,-5.65276],[-36.88126,-5.65212],[-36.88103,-5.6528],[-36.88131,-5.65404]]]]},"properties":{"CD_MUN":"2404705","NM_MUN":"Ipanguaçu","SIGLA_UF":"RN"}},{"type":"Feature","geometry":{"type":"Polygon","coordinates":[[[-36.11202,-5.8395],[-36.10035,-5.82833],[-36.08343,-5.84066],[-36.0791,-5.8361],[-36.06418,-5.84609],[-36.06513,-5.86087],[-36.0424,-5.84539],[-35.97368,-5.91556],[-35.9619,-5.96447],[-35.97693,-5.98011],[-35.98074,-5.99185],[-35.97763,-6.01679],[-35.98972,-6.03418],[-36.00313,-6.04105],[-36.01197,-6.05954],[-36.02966,-6.07021],[-36.04683,-6.08615],[-36.06805,-6.10002],[-36.07797,-6.10279],[-36.09956,-6.09838],[-36.11383,-6.10493],[-36.12075,-6.08868],[-36.15934,-6.1066],[-36.1702,-6.12165],[-36.20581,-6.1306],[-36.20934,-6.13508],[-36.22128,-6.13912],[-36.22539,-6.16455],[-36.23806,-6.16874],[-36.25662,-6.19092],[-36.30031,-6.12187],[-36.29861,-6.0854],[-36.28064,-6.04764],[-36.26472,-6.03256],[-36.25295,-6.00465],[-36.24345,-5.99396],[-36.24177,-5.88246],[-36.23158,-5.88432],[-36.20463,-5.84268],[-36.18585,-5.85747],[-36.15696,-5.83741],[-36.14966,-5.84435],[-36.15071,-5.85809],[-36.13935,-5.85681],[-36.1341,-5.86443],[-36.11633,-5.85643],[-36.11202,-5.8395]]]},"properties":{"CD_MUN":"2412906","NM_MUN":"São Tomé","SIGLA_UF":"RN"}},{"type":"Feature","geometry":{"type":"Polygon","coordinates":[[[-36.89401,-5.71184],[-36.8939,-5.71187],[-36.8939,-5.71188],[-36.85894,-5.72551],[-36.85893,-5.72552],[-36.85892,-5.72552],[-36.85882,-5.72556],[-36.84747,-5.72357],[-36.8381,-5.7348],[-36.82559,-5.73972],[-36.80262,-5.75673],[-36.80251,-5.75685],[-36.80246,-5.75685],[-36.8024,-5.7569],[-36.78679,-5.75527],[-36.76812,-5.79283],[-36.77534,-5.80334],[-36.77207,-5.85046],[-36.85327,-5.91353],[-36.90594,-5.97552],[-36.91546,-5.96548],[-36.92522,-5.97175],[-36.93594,-5.96796],[-36.94991,-5.93203],[-36.96219,-5.92788],[-36.97088,-5.9133],[-36.96969,-5.9048],[-36.95891,-5.89919],[-36.95502,-5.88577],[-36.93844,-5.87178],[-36.93685,-5.86466],[-36.96469,-5.84639],[-36.97563,-5.85378],[-36.96057,-5.75347],[-36.89401,-5.71184]]]},"properties":{"CD_MUN":"2412807","NM_MUN":"São Rafael","SIGLA_UF":"RN"}},{"type":"Feature","geometry":{"type":"Polygon","coordinates":[[[-35.63111,-5.71427],[-35.5463,-5.70276],[-35.54618,-5.70961],[-35.49427,-5.71645],[-35.48763,-5.72119],[-35.4751,-5.71273],[-35.45971,-5.7161],[-35.44563,-5.73314],[-35.48675,-5.82919],[-35.53458,-5.88014],[-35.5942,-5.86747],[-35.63522,-5.80439],[-35.63989,-5.79049],[-35.66491,-5.71626],[-35.63111,-5.71427]]]},"properties":{"CD_MUN":"2404606","NM_MUN":"Ielmo Marinho","SIGLA_UF":"RN"}},{"type":"Feature","geometry":{"type":"Polygon","coordinates":[[[-35.63989,-5.79049],[-35.63522,-5.80439],[-35.5942,-5.86747],[-35.53458,-5.88014],[-35.57742,-5.92664],[-35.64245,-5.9621],[-35.69117,-5.98253],[-35.68731,-5.89993],[-35.66275,-5.79585],[-35.63989,-5.79049]]]},"properties":{"CD_MUN":"2412708","NM_MUN":"São Pedro","SIGLA_UF":"RN"}},{"type":"Feature","geometry":{"type":"Polygon","coordinates":[[[-36.36831,-5.25102],[-36.44461,-5.13323],[-36.41799,-5.07367],[-36.36877,-5.09107],[-36.34483,-5.0824],[-36.33674,-5.08445],[-36.30788,-5.09955],[-36.30732,-5.10559],[-36.30625,-5.11186],[-36.29258,-5.11436],[-36.2868,-5.12646],[-36.28924,-5.13021],[-36.30897,-5.1299],[-36.3103,-5.13366],[-36.285,-5.16017],[-36.27663,-5.20186],[-36.27486,-5.28944],[-36.36831,-5.25102]]]},"properties":{"CD_MUN":"2404507","NM_MUN":"Guamaré","SIGLA_UF":"RN"}}]}