{"type":"FeatureCollection","features":[{"type":"Feature","geometry":{"type":"Polygon","coordinates":[[[-46.33726,-11.81642],[-46.35028,-11.82222],[-46.34689,-11.83594],[-46.35143,-11.84053],[-46.37278,-11.83665],[-46.37395,-11.86857],[-46.36484,-11.88442],[-46.35065,-11.88254],[-46.31734,-11.89847],[-46.28437,-11.88593],[-46.2375,-11.90259],[-46.21278,-11.89859],[-46.18875,-11.88388],[-46.17681,-11.88777],[-46.17061,-11.90097],[-46.19192,-11.92949],[-46.20925,-11.93],[-46.24734,-11.94751],[-46.29498,-11.94926],[-46.32062,-11.95587],[-46.35557,-11.98146],[-46.3729,-12.00431],[-46.37299,-12.01546],[-46.39479,-12.02624],[-46.39724,-12.04033],[-46.3779,-12.05979],[-46.38766,-12.07163],[-46.38088,-12.08286],[-46.38535,-12.09178],[-46.36752,-12.09826],[-46.38033,-12.10611],[-46.40027,-12.10681],[-46.41538,-12.11303],[-46.43302,-12.1031],[-46.44347,-12.10548],[-46.45107,-12.11468],[-46.45874,-12.11252],[-46.46572,-12.1021],[-46.48297,-12.09797],[-46.49983,-12.10838],[-46.5195,-12.12156],[-46.5273,-12.12197],[-46.55452,-12.16104],[-46.56058,-12.17224],[-46.55878,-12.17932],[-46.59542,-12.19359],[-46.59522,-12.20709],[-46.60764,-12.21698],[-46.60956,-12.22748],[-46.61775,-12.23078],[-46.62948,-12.24593],[-46.64081,-12.2484],[-46.64806,-12.25832],[-46.65414,-12.259],[-46.65826,-12.26985],[-46.67548,-12.26811],[-46.68815,-12.277],[-46.69762,-12.27313],[-46.69923,-12.26697],[-46.7334,-12.26303],[-46.73179,-12.2586],[-46.73668,-12.25875],[-46.74495,-12.26875],[-46.75537,-12.27094],[-46.75401,-12.27476],[-46.77696,-12.27588],[-46.77943,-12.30005],[-46.78482,-12.30744],[-46.77876,-12.31038],[-46.78026,-12.31372],[-46.80015,-12.31186],[-46.81021,-12.30101],[-46.81226,-12.30553],[-46.82249,-12.3051],[-46.82418,-12.3127],[-46.83043,-12.3103],[-46.83237,-12.32324],[-46.83921,-12.3259],[-46.83907,-12.33342],[-46.84876,-12.33517],[-46.8491,-12.34341],[-46.86721,-12.34926],[-46.86852,-12.35369],[-46.88619,-12.33835],[-46.89199,-12.34863],[-46.89705,-12.34688],[-46.89663,-12.35186],[-46.90272,-12.35308],[-46.90285,-12.34937],[-46.90994,-12.3572],[-46.91852,-12.35876],[-46.92933,-12.37526],[-46.93574,-12.37295],[-46.93652,-12.37838],[-46.94574,-12.37741],[-46.96008,-12.37404],[-46.96619,-12.37834],[-46.96844,-12.37172],[-46.97883,-12.36738],[-46.96096,-12.35646],[-46.9443,-12.32298],[-46.94841,-12.31625],[-46.94499,-12.30396],[-46.91754,-12.27952],[-46.90971,-12.28039],[-46.90976,-12.27613],[-46.89849,-12.27033],[-46.8894,-12.24784],[-46.88087,-12.2402],[-46.88393,-12.23066],[-46.87737,-12.22682],[-46.87724,-12.22048],[-46.85387,-12.21312],[-46.85254,-12.20561],[-46.8394,-12.19629],[-46.83484,-12.17801],[-46.82456,-12.16993],[-46.81909,-12.15258],[-46.80862,-12.1531],[-46.7987,-12.14665],[-46.7847,-12.10598],[-46.7687,-12.0934],[-46.77353,-12.08458],[-46.76742,-12.06605],[-46.75614,-12.06241],[-46.75153,-12.04523],[-46.74106,-12.04556],[-46.73813,-12.03826],[-46.71575,-12.0371],[-46.70571,-12.02522],[-46.68352,-12.02303],[-46.67988,-12.00631],[-46.67284,-12.00543],[-46.6703,-11.99428],[-46.65767,-11.98629],[-46.64935,-11.98695],[-46.63635,-11.97999],[-46.62154,-11.96232],[-46.61117,-11.95959],[-46.60258,-11.9656],[-46.59253,-11.96363],[-46.59426,-11.94486],[-46.59936,-11.94129],[-46.59146,-11.93654],[-46.59046,-11.92152],[-46.57856,-11.90781],[-46.56238,-11.90071],[-46.54782,-11.87467],[-46.53849,-11.86776],[-46.53276,-11.85793],[-46.54059,-11.84404],[-46.53651,-11.81424],[-46.51884,-11.78981],[-46.50011,-11.77689],[-46.48282,-11.76452],[-46.43762,-11.75543],[-46.42408,-11.76526],[-46.41092,-11.76779],[-46.39342,-11.76305],[-46.38283,-11.77714],[-46.35815,-11.78264],[-46.35388,-11.80092],[-46.33726,-11.81642]]]},"properties":{"CD_MUN":"1717800","NM_MUN":"Ponte Alta do Bom Jesus","SIGLA_UF":"TO"}},{"type":"Feature","geometry":{"type":"Polygon","coordinates":[[[-48.56834,-11.39521],[-48.58995,-11.41989],[-48.58121,-11.46349],[-48.60676,-11.5004],[-48.62671,-11.52016],[-48.63324,-11.51802],[-48.63754,-11.52203],[-48.63713,-11.51713],[-48.64463,-11.52124],[-48.65315,-11.50796],[-48.65913,-11.50762],[-48.66299,-11.51091],[-48.65857,-11.51125],[-48.66146,-11.52069],[-48.6779,-11.52394],[-48.67254,-11.52682],[-48.67985,-11.53709],[-48.68805,-11.53895],[-48.69157,-11.55039],[-48.70066,-11.55261],[-48.71199,-11.56463],[-48.70561,-11.57457],[-48.71816,-11.58188],[-48.71055,-11.59563],[-48.71539,-11.60517],[-48.71316,-11.61223],[-48.72177,-11.61527],[-48.72505,-11.64166],[-48.70741,-11.65699],[-48.72486,-11.66297],[-48.73014,-11.67305],[-48.72533,-11.68328],[-48.73645,-11.68741],[-48.73453,-11.69892],[-48.74978,-11.70425],[-48.74583,-11.72073],[-48.75703,-11.72776],[-48.75433,-11.73455],[-48.76348,-11.74375],[-48.78347,-11.7365],[-48.8082,-11.74431],[-48.81028,-11.75357],[-48.81837,-11.7556],[-48.81512,-11.76556],[-48.82456,-11.77231],[-48.83267,-11.76972],[-48.83506,-11.7754],[-48.83488,-11.77603],[-48.84198,-11.78554],[-48.83987,-11.80375],[-48.83348,-11.81079],[-48.83862,-11.81862],[-48.83237,-11.83327],[-48.84542,-11.8395],[-48.84079,-11.84909],[-48.84565,-11.85011],[-48.84443,-11.85563],[-48.87585,-11.84969],[-48.89132,-11.86699],[-48.90812,-11.85754],[-48.92293,-11.86023],[-48.92501,-11.8723],[-48.93546,-11.88377],[-48.94082,-11.89929],[-48.96093,-11.90962],[-48.96488,-11.91679],[-48.98952,-11.92606],[-48.99102,-11.93676],[-48.98673,-11.94171],[-48.99149,-11.95771],[-49.00087,-11.96242],[-49.02509,-11.93379],[-49.0615,-11.90674],[-49.07938,-11.90563],[-49.09007,-11.91106],[-49.09417,-11.90195],[-49.08641,-11.88834],[-49.08861,-11.88271],[-49.11322,-11.89035],[-49.12112,-11.88795],[-49.12031,-11.87757],[-49.10126,-11.85727],[-49.11552,-11.84412],[-49.1176,-11.83317],[-49.13577,-11.82764],[-49.1134,-11.76604],[-49.11462,-11.75217],[-49.14835,-11.73599],[-49.17163,-11.73965],[-49.17954,-11.72751],[-49.16982,-11.71416],[-49.16243,-11.67344],[-49.14515,-11.66353],[-49.13334,-11.66786],[-49.12601,-11.65815],[-49.1091,-11.65567],[-49.1112,-11.64761],[-49.09901,-11.62755],[-49.09684,-11.60315],[-49.07912,-11.59622],[-49.05884,-11.60616],[-49.04818,-11.60615],[-49.0415,-11.58419],[-49.02789,-11.5907],[-49.00986,-11.58894],[-49.00398,-11.59146],[-49.00137,-11.60053],[-48.99309,-11.59337],[-48.97839,-11.5905],[-48.97036,-11.59609],[-48.95933,-11.57402],[-48.9418,-11.56017],[-48.90689,-11.55586],[-48.88319,-11.54561],[-48.87438,-11.48875],[-48.86664,-11.48516],[-48.86002,-11.47122],[-48.81222,-11.46128],[-48.78585,-11.44762],[-48.77921,-11.42705],[-48.78385,-11.41813],[-48.77341,-11.40493],[-48.7694,-11.37664],[-48.76596,-11.36866],[-48.74638,-11.35378],[-48.72746,-11.35723],[-48.70381,-11.37821],[-48.70101,-11.38857],[-48.68601,-11.38437],[-48.66229,-11.38574],[-48.65637,-11.37942],[-48.63518,-11.39157],[-48.62726,-11.39125],[-48.60587,-11.37836],[-48.56834,-11.39521]]]},"properties":{"CD_MUN":"1709500","NM_MUN":"Gurupi","SIGLA_UF":"TO"}},{"type":"Feature","geometry":{"type":"Polygon","coordinates":[[[-48.66481,-6.66358],[-48.6648,-6.66368],[-48.65436,-6.68442],[-48.65901,-6.68689],[-48.65401,-6.70546],[-48.65844,-6.70724],[-48.65022,-6.70912],[-48.64128,-6.72565],[-48.64537,-6.73514],[-48.65178,-6.73685],[-48.64957,-6.74292],[-48.66414,-6.75573],[-48.65906,-6.76369],[-48.64943,-6.76614],[-48.64745,-6.77789],[-48.6514,-6.78557],[-48.64174,-6.79709],[-48.64549,-6.80681],[-48.63253,-6.81566],[-48.63212,-6.82681],[-48.64311,-6.83612],[-48.64106,-6.84821],[-48.63269,-6.84962],[-48.61042,-6.83441],[-48.60063,-6.83298],[-48.59385,-6.84011],[-48.59147,-6.85332],[-48.56374,-6.8569],[-48.55513,-6.84914],[-48.55072,-6.85891],[-48.5545,-6.86712],[-48.548,-6.88037],[-48.5518,-6.89535],[-48.55825,-6.90055],[-48.5541,-6.93593],[-48.56405,-6.94899],[-48.55669,-6.95405],[-48.54529,-6.94993],[-48.5303,-6.95944],[-48.50533,-6.98362],[-48.50563,-6.99323],[-48.50046,-7.00003],[-48.43417,-7.00026],[-48.4427,-7.01713],[-48.45051,-7.02546],[-48.4583,-7.02625],[-48.44197,-7.04421],[-48.45084,-7.05129],[-48.46045,-7.05124],[-48.465,-7.07006],[-48.46524,-7.14948],[-48.46437,-7.26713],[-48.56015,-7.28267],[-48.54993,-7.23729],[-48.55564,-7.22025],[-48.56301,-7.22066],[-48.55984,-7.20254],[-48.56332,-7.1899],[-48.55212,-7.15676],[-48.56362,-7.08029],[-48.58801,-7.06595],[-48.59946,-7.06424],[-48.59931,-7.05251],[-48.60494,-7.05486],[-48.60911,-7.0273],[-48.62061,-7.02374],[-48.6161,-7.01085],[-48.62348,-7.01083],[-48.62085,-6.98761],[-48.62614,-6.96837],[-48.63014,-6.9751],[-48.63843,-6.97373],[-48.62818,-6.96244],[-48.63039,-6.94904],[-48.64216,-6.94625],[-48.65565,-6.95142],[-48.67726,-6.94477],[-48.86957,-6.85539],[-48.86036,-6.82183],[-48.87103,-6.81301],[-48.86921,-6.79872],[-48.8546,-6.77489],[-48.85345,-6.76067],[-48.8391,-6.75054],[-48.82507,-6.75454],[-48.79191,-6.74358],[-48.76835,-6.73063],[-48.7361,-6.69267],[-48.68582,-6.67971],[-48.66481,-6.66358]]]},"properties":{"CD_MUN":"1701309","NM_MUN":"Aragominas","SIGLA_UF":"TO"}},{"type":"Feature","geometry":{"type":"Polygon","coordinates":[[[-49.96549,-9.23077],[-49.96697,-9.24292],[-49.96158,-9.25697],[-49.97475,-9.28052],[-49.96183,-9.30409],[-49.97141,-9.32103],[-49.97117,-9.34569],[-49.97591,-9.35456],[-49.97264,-9.37015],[-50.00075,-9.38959],[-49.98767,-9.41038],[-49.98878,-9.42841],[-49.98092,-9.44047],[-49.98542,-9.4643],[-49.97659,-9.48044],[-50.00562,-9.50339],[-49.99606,-9.507],[-49.9862,-9.49828],[-49.9817,-9.50463],[-49.99467,-9.53224],[-50.00098,-9.53547],[-49.99428,-9.53642],[-49.99226,-9.55158],[-49.97973,-9.56727],[-49.99126,-9.57227],[-49.98209,-9.58262],[-49.98365,-9.58661],[-49.98795,-9.58444],[-49.99882,-9.60297],[-49.98854,-9.63691],[-49.98918,-9.65216],[-49.99476,-9.65198],[-49.99887,-9.66116],[-49.99418,-9.67395],[-50.00246,-9.67739],[-49.9999,-9.68705],[-50.01387,-9.69119],[-50.01607,-9.70118],[-50.0286,-9.70237],[-50.01271,-9.72066],[-50.00582,-9.73676],[-50.00882,-9.75093],[-50.02193,-9.74614],[-50.02085,-9.75566],[-50.02855,-9.75336],[-50.03244,-9.75802],[-50.02416,-9.76467],[-50.02507,-9.77684],[-50.01246,-9.77474],[-50.00796,-9.78949],[-50.01138,-9.79397],[-49.99988,-9.79814],[-49.99766,-9.80459],[-49.99199,-9.80468],[-49.99169,-9.81094],[-49.98302,-9.8054],[-49.97971,-9.81347],[-49.98766,-9.82629],[-49.97841,-9.83018],[-49.98068,-9.83227],[-49.9751,-9.83499],[-49.97913,-9.83472],[-49.97849,-9.83853],[-49.96768,-9.84433],[-49.97216,-9.8496],[-49.9621,-9.85386],[-49.96483,-9.86112],[-49.94752,-9.87009],[-49.93899,-9.88842],[-49.93185,-9.88996],[-49.93421,-9.89432],[-49.92313,-9.89948],[-49.92069,-9.89067],[-49.91316,-9.89838],[-49.90941,-9.89393],[-49.90355,-9.90581],[-49.90425,-9.92043],[-49.89838,-9.92605],[-49.88411,-9.91623],[-49.87421,-9.92003],[-49.86966,-9.9144],[-49.84163,-9.92643],[-49.84402,-9.92018],[-49.8356,-9.90745],[-49.82718,-9.90354],[-49.81977,-9.90753],[-49.80713,-9.89797],[-49.79341,-9.90503],[-49.78952,-9.92391],[-49.78154,-9.92589],[-49.7799,-9.93479],[-49.77091,-9.94095],[-49.77254,-9.94994],[-49.74707,-9.95525],[-49.7436,-9.95951],[-49.74688,-9.9675],[-49.73699,-9.96686],[-49.72332,-9.97918],[-49.71407,-9.97508],[-49.70435,-9.98595],[-49.68952,-9.99046],[-49.6854,-9.98701],[-49.68226,-9.99154],[-49.67862,-9.98754],[-49.6711,-9.99497],[-49.6559,-9.98623],[-49.64796,-9.98794],[-49.64121,-10.00101],[-49.62118,-9.99533],[-49.60776,-9.98313],[-49.59896,-9.98448],[-49.58354,-9.9633],[-49.57512,-9.95847],[-49.56567,-9.96099],[-49.56368,-9.95463],[-49.5507,-9.94943],[-49.54279,-9.95858],[-49.53373,-9.9581],[-49.51823,-9.97695],[-49.49479,-9.9717],[-49.49282,-9.97979],[-49.48651,-9.983],[-49.4809,-9.97849],[-49.47153,-9.98072],[-49.46615,-9.98565],[-49.4654,-9.99801],[-49.45215,-10.0038],[-49.45414,-10.00734],[-49.44428,-10.00811],[-49.43095,-10.00234],[-49.42612,-9.99084],[-49.41306,-9.98345],[-49.40951,-9.96892],[-49.4042,-9.96904],[-49.39756,-9.96025],[-49.37742,-9.97025],[-49.36959,-9.97947],[-49.35198,-9.98],[-49.31781,-10.0048],[-49.30861,-10.01754],[-49.30515,-10.03438],[-49.29231,-10.04166],[-49.29086,-10.03784],[-49.2765,-10.04013],[-49.27792,-10.04865],[-49.26122,-10.0597],[-49.24322,-10.05772],[-49.23,-10.06681],[-49.22122,-10.06459],[-49.2167,-10.07336],[-49.21306,-10.07016],[-49.21011,-10.07414],[-49.21059,-10.0861],[-49.20562,-10.09224],[-49.19464,-10.09472],[-49.19031,-10.10059],[-49.17259,-10.09723],[-49.15825,-10.10857],[-49.15059,-10.12475],[-49.13439,-10.13736],[-49.13206,-10.14758],[-49.12075,-10.14281],[-49.1155,-10.14948],[-49.10892,-10.14891],[-49.07937,-10.18127],[-49.06709,-10.18474],[-49.06308,-10.19731],[-49.03853,-10.21919],[-49.03753,-10.23269],[-49.03267,-10.23275],[-49.02478,-10.25327],[-49.00939,-10.25382],[-49.0134,-10.27686],[-49.00631,-10.28053],[-49.00479,-10.29385],[-48.99247,-10.28773],[-48.99028,-10.29063],[-48.98631,-10.34979],[-48.97864,-10.35887],[-48.97709,-10.37284],[-48.9902,-10.37469],[-49.00498,-10.39552],[-49.02084,-10.39199],[-49.03198,-10.41081],[-49.05387,-10.42345],[-49.05529,-10.43089],[-49.06932,-10.44475],[-49.05204,-10.47038],[-49.06015,-10.47695],[-49.07107,-10.47421],[-49.08793,-10.48537],[-49.10716,-10.48529],[-49.11429,-10.47374],[-49.11379,-10.46304],[-49.12571,-10.45975],[-49.12732,-10.46538],[-49.14463,-10.46756],[-49.16391,-10.45788],[-49.17202,-10.46336],[-49.17644,-10.47916],[-49.19041,-10.48168],[-49.20144,-10.49516],[-49.21774,-10.50044],[-49.23933,-10.50346],[-49.29805,-10.47591],[-49.32728,-10.47506],[-49.33508,-10.47021],[-49.34147,-10.47413],[-49.37008,-10.4644],[-49.38939,-10.45117],[-49.39927,-10.45321],[-49.40497,-10.44418],[-49.41919,-10.43962],[-49.45781,-10.44886],[-49.49895,-10.47968],[-49.51359,-10.48902],[-49.52833,-10.47687],[-49.54314,-10.48713],[-49.56297,-10.47659],[-49.59686,-10.50454],[-49.60815,-10.50522],[-49.61292,-10.51019],[-49.61595,-10.50527],[-49.6234,-10.50887],[-49.62803,-10.50458],[-49.63523,-10.5129],[-49.64706,-10.50876],[-49.65101,-10.51028],[-49.6492,-10.51628],[-49.67207,-10.51962],[-49.68273,-10.50895],[-49.68598,-10.51656],[-49.69512,-10.51252],[-49.70645,-10.519],[-49.7044,-10.51629],[-49.71557,-10.51061],[-49.7181,-10.50315],[-49.7247,-10.50121],[-49.72923,-10.50672],[-49.73561,-10.50328],[-49.74695,-10.51362],[-49.75812,-10.50839],[-49.76282,-10.51409],[-49.93936,-10.57143],[-50.60286,-10.66089],[-50.58199,-10.64401],[-50.57674,-10.6291],[-50.5626,-10.61125],[-50.54085,-10.60924],[-50.53521,-10.60314],[-50.53346,-10.58452],[-50.51916,-10.5624],[-50.52246,-10.54072],[-50.51437,-10.52588],[-50.51557,-10.50383],[-50.48203,-10.48996],[-50.48728,-10.46789],[-50.47314,-10.40482],[-50.4477,-10.3915],[-50.44047,-10.37548],[-50.4177,-10.3562],[-50.42339,-10.33033],[-50.38097,-10.21884],[-50.3888,-10.17485],[-50.39816,-10.16402],[-50.39154,-10.13394],[-50.37721,-10.11064],[-50.3588,-10.09442],[-50.35407,-10.0771],[-50.33735,-10.05928],[-50.30204,-10.03533],[-50.29368,-10.01602],[-50.29006,-9.99073],[-50.27732,-9.97067],[-50.27834,-9.95517],[-50.26659,-9.93457],[-50.26367,-9.90842],[-50.24317,-9.87115],[-50.22484,-9.85387],[-50.22419,-9.84107],[-50.21555,-9.83175],[-50.19727,-9.75875],[-50.16066,-9.71275],[-50.15849,-9.6993],[-50.15038,-9.69552],[-50.14954,-9.67464],[-50.13943,-9.65442],[-50.13838,-9.62737],[-50.12682,-9.62085],[-50.10674,-9.59419],[-50.10671,-9.57242],[-50.08893,-9.54561],[-50.09354,-9.52595],[-50.10731,-9.50855],[-50.10078,-9.5002],[-50.1047,-9.47532],[-50.08948,-9.43151],[-50.06489,-9.40071],[-50.05219,-9.37258],[-50.05508,-9.33932],[-50.05006,-9.31275],[-50.03717,-9.28933],[-50.00436,-9.26867],[-49.99341,-9.23401],[-49.96549,-9.23077]]]},"properties":{"CD_MUN":"1717503","NM_MUN":"Pium","SIGLA_UF":"TO"}},{"type":"Feature","geometry":{"type":"Polygon","coordinates":[[[-48.29251,-8.52319],[-48.28916,-8.52138],[-48.28005,-8.52905],[-48.27802,-8.54235],[-48.26927,-8.55211],[-48.2513,-8.54963],[-48.24691,-8.5555],[-48.24063,-8.5525],[-48.2351,-8.55566],[-48.23274,-8.54914],[-48.21666,-8.54638],[-48.21271,-8.55995],[-48.19935,-8.56055],[-48.19541,-8.57412],[-48.18652,-8.57075],[-48.18796,-8.57899],[-48.18249,-8.57771],[-48.17538,-8.58574],[-48.17185,-8.58202],[-48.16374,-8.58698],[-48.1543,-8.58343],[-48.13221,-8.54484],[-48.1351,-8.59587],[-48.12899,-8.63629],[-48.12255,-8.6712],[-48.12819,-8.73518],[-48.10944,-8.77358],[-48.12424,-8.82156],[-48.14039,-8.83989],[-48.16661,-8.89279],[-48.17819,-8.9566],[-48.17992,-8.99525],[-48.1882,-9.02615],[-48.20326,-9.04513],[-48.22926,-9.06595],[-48.25875,-9.10385],[-48.27562,-9.09696],[-48.27708,-9.08216],[-48.29096,-9.05897],[-48.29501,-9.02904],[-48.30302,-9.01811],[-48.30339,-9.00793],[-48.29698,-9.00047],[-48.30639,-8.98471],[-48.29621,-8.96607],[-48.29812,-8.95722],[-48.32329,-8.95757],[-48.34812,-8.9724],[-48.36439,-8.97622],[-48.39497,-8.97504],[-48.45934,-8.93184],[-48.49977,-8.9518],[-48.5439,-9.00036],[-48.55317,-9.00252],[-48.55503,-9.01593],[-48.54632,-9.0324],[-48.51927,-9.03221],[-48.54798,-9.05502],[-48.55604,-9.05319],[-48.56156,-9.05818],[-48.56344,-9.0499],[-48.5782,-9.05403],[-48.58889,-9.04595],[-48.59527,-9.05524],[-48.58963,-9.06452],[-48.59791,-9.0618],[-48.60702,-9.06799],[-48.61013,-9.07744],[-48.62127,-9.06757],[-48.63604,-9.07019],[-48.63739,-9.05641],[-48.65021,-9.06375],[-48.65136,-9.07094],[-48.67203,-9.07812],[-48.66111,-9.06048],[-48.6775,-9.05551],[-48.67072,-9.05026],[-48.67336,-9.03696],[-48.65903,-9.02327],[-48.64972,-9.0217],[-48.66177,-9.00734],[-48.66032,-8.99905],[-48.64852,-8.99583],[-48.6481,-8.98394],[-48.64058,-8.97071],[-48.64407,-8.95808],[-48.63705,-8.95584],[-48.63546,-8.94813],[-48.62669,-8.94217],[-48.63546,-8.92189],[-48.61696,-8.9107],[-48.63232,-8.88958],[-48.61729,-8.87811],[-48.61029,-8.86197],[-48.61051,-8.84791],[-48.60079,-8.83287],[-48.5941,-8.83062],[-48.60479,-8.76277],[-48.61781,-8.75636],[-48.62243,-8.745],[-48.65129,-8.77112],[-48.65821,-8.7493],[-48.6687,-8.75108],[-48.67243,-8.74298],[-48.68457,-8.74111],[-48.70702,-8.72186],[-48.69168,-8.69868],[-48.67615,-8.69212],[-48.67657,-8.68549],[-48.6619,-8.66476],[-48.64717,-8.65746],[-48.63675,-8.6349],[-48.62806,-8.62331],[-48.63167,-8.61704],[-48.62787,-8.60361],[-48.63487,-8.59641],[-48.64114,-8.56725],[-48.57784,-8.56795],[-48.55914,-8.59317],[-48.53248,-8.60608],[-48.53011,-8.61317],[-48.49878,-8.59858],[-48.48603,-8.6048],[-48.4715,-8.59202],[-48.45794,-8.59616],[-48.45358,-8.59054],[-48.44567,-8.59044],[-48.44242,-8.58093],[-48.41889,-8.57573],[-48.4068,-8.56757],[-48.39997,-8.56918],[-48.39091,-8.56048],[-48.37572,-8.56245],[-48.36091,-8.55672],[-48.35535,-8.56051],[-48.34835,-8.55552],[-48.34358,-8.54248],[-48.33494,-8.54545],[-48.33549,-8.53785],[-48.32493,-8.53086],[-48.29251,-8.52319]]]},"properties":{"CD_MUN":"1709302","NM_MUN":"Guaraí","SIGLA_UF":"TO"}},{"type":"Feature","geometry":{"type":"Polygon","coordinates":[[[-47.89467,-9.77182],[-47.875,-9.84593],[-47.85659,-9.86881],[-47.84,-9.87972],[-47.84198,-9.90952],[-47.85137,-9.91509],[-47.86006,-9.93141],[-47.85276,-9.93861],[-47.85001,-9.95167],[-47.83334,-9.96219],[-47.83259,-9.99445],[-47.82092,-10.00507],[-47.81904,-10.01954],[-47.83351,-10.02721],[-47.83123,-10.05395],[-47.84637,-10.06507],[-47.84551,-10.07871],[-47.85448,-10.07817],[-47.87221,-10.08925],[-47.87179,-10.09489],[-47.87646,-10.09239],[-47.88288,-10.11186],[-47.90193,-10.10794],[-47.89849,-10.11279],[-47.90566,-10.11472],[-47.89929,-10.12096],[-47.90437,-10.12364],[-47.89707,-10.1278],[-47.89571,-10.1369],[-47.90221,-10.1371],[-47.90282,-10.13201],[-47.90479,-10.13644],[-47.9131,-10.13509],[-47.91366,-10.14408],[-47.92793,-10.14847],[-47.9266,-10.15312],[-47.92999,-10.15136],[-47.93943,-10.16035],[-47.95349,-10.15611],[-47.94983,-10.16497],[-47.96341,-10.16473],[-47.95735,-10.17333],[-47.96143,-10.17738],[-47.97018,-10.17348],[-47.97836,-10.18275],[-47.97935,-10.17156],[-47.98758,-10.17693],[-47.99241,-10.16833],[-48.0138,-10.17393],[-48.01899,-10.14775],[-48.01113,-10.13225],[-48.01257,-10.12385],[-48.02041,-10.119],[-48.04166,-10.11409],[-48.04705,-10.12052],[-48.05072,-10.11754],[-48.06555,-10.12116],[-48.07305,-10.1153],[-48.09114,-10.11801],[-48.12755,-10.10847],[-48.1493,-10.13455],[-48.15986,-10.13104],[-48.17086,-10.13473],[-48.18254,-10.11309],[-48.16994,-10.10726],[-48.16936,-10.08027],[-48.16138,-10.06177],[-48.17421,-10.03807],[-48.20044,-10.01632],[-48.20611,-10.00431],[-48.20308,-9.98856],[-48.2088,-9.97807],[-48.21586,-9.97592],[-48.22565,-9.94928],[-48.18235,-9.93252],[-48.15799,-9.9424],[-48.13141,-9.93214],[-48.10079,-9.90743],[-48.10076,-9.89165],[-47.95484,-9.79527],[-47.94631,-9.79947],[-47.9322,-9.79821],[-47.91672,-9.78331],[-47.89467,-9.77182]]]},"properties":{"CD_MUN":"1701101","NM_MUN":"Aparecida do Rio Negro","SIGLA_UF":"TO"}},{"type":"Feature","geometry":{"type":"Polygon","coordinates":[[[-48.23079,-5.94602],[-48.22624,-5.95569],[-48.23899,-5.98795],[-48.2278,-5.99247],[-48.23516,-6.00856],[-48.2298,-6.00342],[-48.22294,-6.00535],[-48.22808,-6.02128],[-48.21847,-6.01662],[-48.22205,-6.0253],[-48.21416,-6.02533],[-48.20824,-6.03651],[-48.19769,-6.03991],[-48.19672,-6.04717],[-48.20691,-6.04295],[-48.20933,-6.05172],[-48.20455,-6.05555],[-48.20838,-6.06522],[-48.20416,-6.06733],[-48.2058,-6.07493],[-48.1975,-6.07416],[-48.19508,-6.08015],[-48.20461,-6.08572],[-48.20194,-6.09524],[-48.19466,-6.09139],[-48.19572,-6.10117],[-48.18514,-6.10502],[-48.17472,-6.1019],[-48.16897,-6.11171],[-48.15264,-6.12121],[-48.13449,-6.11306],[-48.09155,-6.12195],[-48.08625,-6.12832],[-48.07536,-6.12429],[-48.06099,-6.13323],[-48.0551,-6.12801],[-48.03735,-6.12727],[-48.02827,-6.13845],[-47.99941,-6.15685],[-47.99911,-6.38008],[-48.03255,-6.38125],[-48.05131,-6.4016],[-48.08449,-6.40714],[-48.11789,-6.3567],[-48.14082,-6.34391],[-48.15445,-6.34875],[-48.17048,-6.34638],[-48.18942,-6.35116],[-48.2118,-6.3471],[-48.27969,-6.35605],[-48.29103,-6.37338],[-48.31536,-6.38016],[-48.3347,-6.37644],[-48.34537,-6.35693],[-48.3574,-6.35615],[-48.37449,-6.34664],[-48.38037,-6.32849],[-48.41662,-6.29795],[-48.4119,-6.28121],[-48.43531,-6.20126],[-48.43412,-6.18305],[-48.42673,-6.17113],[-48.40745,-6.15329],[-48.39048,-6.14658],[-48.36467,-6.14726],[-48.33367,-6.13691],[-48.29342,-6.10676],[-48.28281,-6.08542],[-48.28605,-6.06566],[-48.30117,-6.04719],[-48.33433,-6.0356],[-48.33778,-6.02073],[-48.33389,-6.00416],[-48.30891,-5.97602],[-48.25122,-5.9603],[-48.23079,-5.94602]]]},"properties":{"CD_MUN":"1701002","NM_MUN":"Ananás","SIGLA_UF":"TO"}},{"type":"Feature","geometry":{"type":"Polygon","coordinates":[[[-47.99941,-6.15685],[-47.99066,-6.15733],[-47.99277,-6.16267],[-47.98769,-6.16603],[-47.99269,-6.17308],[-47.98494,-6.18288],[-47.97171,-6.18445],[-47.97947,-6.20272],[-47.97558,-6.21196],[-47.9621,-6.21698],[-47.95685,-6.2266],[-47.9568,-6.24077],[-47.95122,-6.24373],[-47.95248,-6.25296],[-47.94433,-6.26997],[-47.94895,-6.27217],[-47.93609,-6.29274],[-47.93646,-6.31402],[-47.90636,-6.3332],[-47.90379,-6.34561],[-47.88696,-6.33497],[-47.88262,-6.34157],[-47.86986,-6.34644],[-47.86502,-6.3311],[-47.8584,-6.32689],[-47.85339,-6.3047],[-47.84137,-6.30351],[-47.83204,-6.29369],[-47.82787,-6.29379],[-47.81833,-6.3149],[-47.82286,-6.32],[-47.82135,-6.33416],[-47.80054,-6.37298],[-47.81539,-6.40148],[-47.82471,-6.40467],[-47.85812,-6.54007],[-47.8726,-6.54547],[-47.90478,-6.54571],[-47.92185,-6.55124],[-47.92619,-6.54836],[-47.92807,-6.55291],[-47.94171,-6.54987],[-47.94692,-6.55671],[-47.94996,-6.55229],[-47.96303,-6.5606],[-47.96876,-6.55665],[-47.98624,-6.56049],[-47.99134,-6.56775],[-47.99892,-6.5661],[-47.99911,-6.38008],[-47.99941,-6.15685]]]},"properties":{"CD_MUN":"1701051","NM_MUN":"Angico","SIGLA_UF":"TO"}},{"type":"Feature","geometry":{"type":"Polygon","coordinates":[[[-47.82668,-5.38646],[-47.7675,-5.37808],[-47.74615,-5.37945],[-47.6849,-5.4126],[-47.70428,-5.44567],[-47.70218,-5.4616],[-47.70998,-5.50053],[-47.72375,-5.51386],[-47.72979,-5.53037],[-47.77946,-5.54641],[-47.83794,-5.59962],[-47.83755,-5.58998],[-47.85882,-5.57042],[-47.86152,-5.54357],[-47.85588,-5.52508],[-47.86465,-5.51149],[-47.85871,-5.49389],[-47.86515,-5.48639],[-47.85152,-5.47473],[-47.85234,-5.4496],[-47.82493,-5.43935],[-47.82982,-5.41768],[-47.82507,-5.4065],[-47.82668,-5.38646]]]},"properties":{"CD_MUN":"1718303","NM_MUN":"Praia Norte","SIGLA_UF":"TO"}},{"type":"Feature","geometry":{"type":"Polygon","coordinates":[[[-49.39897,-8.54702],[-49.3915,-8.54694],[-49.39122,-8.54122],[-49.3865,-8.54803],[-49.38375,-8.54187],[-49.35433,-8.54471],[-49.34953,-8.55495],[-49.34125,-8.55569],[-49.33469,-8.57255],[-49.33781,-8.57672],[-49.33389,-8.58225],[-49.32261,-8.58435],[-49.32317,-8.60012],[-49.31753,-8.6023],[-49.31481,-8.61254],[-49.30806,-8.613],[-49.3075,-8.62089],[-49.30294,-8.61727],[-49.29794,-8.62488],[-49.29439,-8.62235],[-49.28747,-8.64254],[-49.24481,-8.69716],[-49.24645,-8.70296],[-49.23372,-8.72354],[-49.22245,-8.76923],[-49.22656,-8.79596],[-49.24279,-8.81236],[-49.24406,-8.83692],[-49.26831,-8.86056],[-49.25504,-8.87544],[-49.25068,-8.88795],[-49.22659,-8.89321],[-49.22743,-8.90699],[-49.2197,-8.92585],[-49.22143,-8.94234],[-49.2527,-8.95384],[-49.27012,-8.94631],[-49.29701,-8.95118],[-49.3146,-8.93767],[-49.32835,-8.93675],[-49.36563,-8.91859],[-49.37118,-8.91977],[-49.40224,-8.89264],[-49.40663,-8.90125],[-49.39735,-8.91675],[-49.40382,-8.92364],[-49.39974,-8.93243],[-49.39343,-8.93153],[-49.39215,-8.93906],[-49.38224,-8.94659],[-49.37485,-8.94215],[-49.37229,-8.9485],[-49.37788,-8.95674],[-49.37488,-8.96844],[-49.38155,-8.97886],[-49.37808,-8.98457],[-49.38355,-8.98511],[-49.38122,-9.00328],[-49.38099,-9.0192],[-49.37452,-9.02444],[-49.38566,-9.04495],[-49.38019,-9.04548],[-49.3798,-9.05073],[-49.38699,-9.06009],[-49.38003,-9.06931],[-49.38466,-9.07005],[-49.38247,-9.08046],[-49.39153,-9.09924],[-49.39178,-9.10613],[-49.38619,-9.10937],[-49.39736,-9.12608],[-49.39155,-9.14174],[-49.39519,-9.14601],[-49.39136,-9.14717],[-49.39042,-9.15922],[-49.39378,-9.16086],[-49.39929,-9.16565],[-49.39481,-9.17248],[-49.39957,-9.18544],[-49.42852,-9.21298],[-49.4333,-9.22799],[-49.45119,-9.24063],[-49.45944,-9.27824],[-49.49563,-9.26974],[-49.51965,-9.25804],[-49.53482,-9.26056],[-49.54019,-9.27118],[-49.54805,-9.27466],[-49.57166,-9.26333],[-49.5974,-9.25987],[-49.61922,-9.22176],[-49.6607,-9.20497],[-49.67513,-9.18224],[-49.68313,-9.18356],[-49.7034,-9.16345],[-49.70389,-9.17115],[-49.70951,-9.17456],[-49.85001,-9.05881],[-49.84192,-9.02724],[-49.793,-8.97934],[-49.77022,-8.93841],[-49.74442,-8.90608],[-49.72936,-8.89998],[-49.68369,-8.85638],[-49.59174,-8.8394],[-49.56132,-8.7969],[-49.54276,-8.7613],[-49.48912,-8.69195],[-49.48109,-8.67364],[-49.45334,-8.6153],[-49.4092,-8.57991],[-49.39897,-8.54702]]]},"properties":{"CD_MUN":"1701903","NM_MUN":"Araguacema","SIGLA_UF":"TO"}},{"type":"Feature","geometry":{"type":"Polygon","coordinates":[[[-48.66957,-10.09204],[-48.6541,-10.08121],[-48.64843,-10.08584],[-48.63715,-10.08303],[-48.6357,-10.07296],[-48.62454,-10.07949],[-48.61457,-10.06408],[-48.59762,-10.06425],[-48.5947,-10.04539],[-48.58637,-10.04512],[-48.57776,-10.02716],[-48.56934,-10.02816],[-48.56101,-10.03986],[-48.55407,-10.04167],[-48.53834,-10.03541],[-48.52698,-10.03931],[-48.5192,-10.0325],[-48.51828,-10.03849],[-48.50995,-10.04384],[-48.502,-10.03794],[-48.49681,-10.04132],[-48.49678,-10.03259],[-48.48292,-10.02675],[-48.46375,-10.03293],[-48.46034,-10.02792],[-48.46459,-10.02732],[-48.45797,-10.02049],[-48.44908,-10.01733],[-48.44598,-10.02415],[-48.44292,-10.01852],[-48.43533,-10.01739],[-48.42966,-10.02604],[-48.42472,-10.02282],[-48.41767,-10.03243],[-48.41061,-10.03195],[-48.40181,-10.04478],[-48.40336,-10.05155],[-48.39614,-10.04416],[-48.39706,-10.04783],[-48.38561,-10.05604],[-48.36533,-10.05709],[-48.36753,-10.06351],[-48.38442,-10.08171],[-48.42209,-10.19792],[-48.4212,-10.2098],[-48.4132,-10.22293],[-48.38637,-10.23351],[-48.38199,-10.24283],[-48.38376,-10.25706],[-48.40318,-10.29869],[-48.40307,-10.33348],[-48.40871,-10.35718],[-48.40043,-10.38275],[-48.36646,-10.41029],[-48.33951,-10.40914],[-48.3209,-10.41478],[-48.31154,-10.41169],[-48.30515,-10.41695],[-48.29488,-10.41084],[-48.26393,-10.41147],[-48.23743,-10.38889],[-48.20987,-10.38335],[-48.20437,-10.37765],[-48.18837,-10.37899],[-48.18054,-10.38884],[-48.17326,-10.4197],[-48.16648,-10.4284],[-48.16629,-10.44692],[-48.15743,-10.45829],[-48.17704,-10.45287],[-48.18329,-10.45588],[-48.19357,-10.46781],[-48.21515,-10.47327],[-48.2169,-10.48222],[-48.23551,-10.49813],[-48.2606,-10.50221],[-48.26787,-10.49027],[-48.28352,-10.48664],[-48.30218,-10.49755],[-48.3046,-10.50041],[-48.29127,-10.51651],[-48.2813,-10.51673],[-48.26299,-10.52949],[-48.30571,-10.58398],[-48.27127,-10.61874],[-48.23569,-10.62813],[-48.21436,-10.64413],[-48.20944,-10.65315],[-48.20191,-10.65447],[-48.20002,-10.66442],[-48.19035,-10.66083],[-48.17805,-10.66401],[-48.15744,-10.68181],[-48.17791,-10.70251],[-48.21756,-10.71887],[-48.29231,-10.80807],[-48.31534,-10.81626],[-48.23203,-10.86676],[-48.27664,-10.94085],[-48.26976,-10.94361],[-48.26109,-10.93812],[-48.24039,-10.94678],[-48.23648,-10.96007],[-48.22503,-10.97105],[-48.22106,-10.98977],[-48.24712,-10.99998],[-48.26087,-11.02259],[-48.28843,-11.04211],[-48.29085,-11.05066],[-48.31488,-11.06024],[-48.32757,-11.08601],[-48.31846,-11.09154],[-48.32299,-11.1046],[-48.31627,-11.13103],[-48.32188,-11.14383],[-48.36504,-11.15722],[-48.34846,-11.1732],[-48.34941,-11.17966],[-48.39055,-11.20233],[-48.40888,-11.20334],[-48.41166,-11.21581],[-48.44644,-11.23679],[-48.45286,-11.24752],[-48.45322,-11.26379],[-48.49608,-11.20653],[-48.51633,-11.1585],[-48.52022,-11.12437],[-48.5373,-11.10025],[-48.54341,-11.06901],[-48.55643,-11.04237],[-48.55727,-11.0244],[-48.55096,-11.01099],[-48.53365,-10.9972],[-48.51243,-10.95395],[-48.45757,-10.92803],[-48.41843,-10.88098],[-48.39692,-10.82597],[-48.39995,-10.80787],[-48.3964,-10.78802],[-48.40253,-10.75445],[-48.41534,-10.74092],[-48.41792,-10.75815],[-48.45334,-10.7636],[-48.47228,-10.78245],[-48.50493,-10.78238],[-48.5122,-10.79275],[-48.52823,-10.79718],[-48.54035,-10.80921],[-48.58773,-10.75635],[-48.59809,-10.75404],[-48.60517,-10.76586],[-48.61245,-10.76127],[-48.63543,-10.76673],[-48.64515,-10.76479],[-48.65226,-10.75395],[-48.67632,-10.74654],[-48.71149,-10.74806],[-48.72607,-10.72937],[-48.73651,-10.72896],[-48.74179,-10.7366],[-48.87129,-10.62268],[-48.86446,-10.61577],[-48.86487,-10.60308],[-48.85554,-10.57712],[-48.83651,-10.56934],[-48.80895,-10.54439],[-48.81306,-10.53036],[-48.80526,-10.48998],[-48.80223,-10.48726],[-48.80845,-10.47002],[-48.79462,-10.46313],[-48.78592,-10.46767],[-48.77792,-10.45751],[-48.76831,-10.45996],[-48.76325,-10.44654],[-48.75739,-10.43575],[-48.76464,-10.4235],[-48.75895,-10.41461],[-48.70553,-10.40147],[-48.70728,-10.39258],[-48.69619,-10.39276],[-48.69663,-10.37743],[-48.69436,-10.38306],[-48.68133,-10.37136],[-48.67355,-10.37562],[-48.66183,-10.37027],[-48.65908,-10.35422],[-48.65441,-10.35639],[-48.64724,-10.34714],[-48.62627,-10.34343],[-48.62252,-10.33481],[-48.62555,-10.33082],[-48.62041,-10.32583],[-48.61399,-10.33145],[-48.60521,-10.33127],[-48.59513,-10.32283],[-48.60374,-10.30588],[-48.59633,-10.29036],[-48.61885,-10.27549],[-48.62435,-10.26044],[-48.63755,-10.25654],[-48.64385,-10.24402],[-48.6468,-10.24873],[-48.66127,-10.24855],[-48.68168,-10.22524],[-48.69157,-10.2236],[-48.68791,-10.20946],[-48.69935,-10.18841],[-48.69063,-10.14578],[-48.67579,-10.12284],[-48.66957,-10.09204]]]},"properties":{"CD_MUN":"1718204","NM_MUN":"Porto Nacional","SIGLA_UF":"TO"}},{"type":"Feature","geometry":{"type":"Polygon","coordinates":[[[-46.92034,-11.36888],[-46.9249,-11.37701],[-46.92087,-11.38939],[-46.92509,-11.39081],[-46.9263,-11.40304],[-46.91615,-11.46589],[-46.92132,-11.47077],[-46.92132,-11.46378],[-46.92876,-11.46479],[-46.92824,-11.45671],[-46.93587,-11.44783],[-46.93709,-11.45429],[-46.94679,-11.45052],[-46.95012,-11.46172],[-46.95537,-11.46206],[-46.96138,-11.47321],[-46.95785,-11.50046],[-46.9569,-11.50853],[-46.96648,-11.51522],[-46.96687,-11.52302],[-46.98132,-11.52508],[-46.98646,-11.53631],[-46.98327,-11.54765],[-46.99505,-11.54509],[-47.0086,-11.51604],[-47.02871,-11.51655],[-47.03563,-11.5295],[-47.0368,-11.57071],[-47.04702,-11.58999],[-47.0428,-11.60792],[-47.04514,-11.62015],[-47.03788,-11.62867],[-47.04075,-11.63664],[-47.05102,-11.63843],[-47.05058,-11.64441],[-47.05941,-11.64857],[-47.07278,-11.68441],[-47.07966,-11.68838],[-47.07969,-11.70125],[-47.08255,-11.69726],[-47.09238,-11.70168],[-47.08972,-11.71092],[-47.10972,-11.7377],[-47.11661,-11.73669],[-47.12222,-11.74718],[-47.13316,-11.74907],[-47.13447,-11.75531],[-47.14211,-11.75422],[-47.14447,-11.74325],[-47.15247,-11.74813],[-47.15356,-11.73473],[-47.13328,-11.70578],[-47.13958,-11.6892],[-47.15069,-11.68392],[-47.14508,-11.67053],[-47.15139,-11.65331],[-47.14361,-11.6286],[-47.14755,-11.618],[-47.0821,-11.53297],[-47.09091,-11.51457],[-47.08885,-11.49579],[-47.10154,-11.47501],[-47.07335,-11.45565],[-47.07688,-11.44443],[-47.08896,-11.43452],[-47.07918,-11.42423],[-47.09046,-11.3951],[-47.09887,-11.38462],[-47.10262,-11.38908],[-47.1156,-11.38416],[-47.12079,-11.37258],[-47.10959,-11.37425],[-47.09071,-11.36337],[-47.07601,-11.36402],[-47.0642,-11.35708],[-47.04654,-11.35998],[-47.03904,-11.35332],[-47.01921,-11.3543],[-47.00882,-11.36984],[-46.99562,-11.37025],[-46.9782,-11.37963],[-46.96034,-11.37413],[-46.93337,-11.37622],[-46.92879,-11.36954],[-46.92034,-11.36888]]]},"properties":{"CD_MUN":"1718006","NM_MUN":"Porto Alegre do Tocantins","SIGLA_UF":"TO"}},{"type":"Feature","geometry":{"type":"Polygon","coordinates":[[[-46.9369,-10.18405],[-46.9369,-10.18405],[-46.92996,-10.19202],[-46.92326,-10.19185],[-46.91315,-10.2119],[-46.88832,-10.22368],[-46.88977,-10.23823],[-46.88249,-10.24487],[-46.88673,-10.25174],[-46.87661,-10.27374],[-46.88141,-10.27979],[-46.87468,-10.30925],[-46.88078,-10.3206],[-46.87331,-10.33157],[-46.87047,-10.34674],[-46.87415,-10.36153],[-46.86807,-10.36767],[-46.87368,-10.37988],[-46.87098,-10.39091],[-46.88884,-10.42516],[-46.88562,-10.44133],[-46.87825,-10.45134],[-46.84765,-10.45806],[-46.80508,-10.48136],[-46.7953,-10.47884],[-46.79782,-10.48339],[-46.7936,-10.49143],[-46.78779,-10.48326],[-46.78093,-10.48867],[-46.78014,-10.49795],[-46.77312,-10.50051],[-46.7737,-10.50836],[-46.75893,-10.52413],[-46.75979,-10.56503],[-46.75242,-10.58292],[-46.75687,-10.60954],[-46.75017,-10.61668],[-46.74896,-10.62733],[-46.75519,-10.63272],[-46.75831,-10.6535],[-46.71617,-10.64528],[-46.7032,-10.66543],[-46.70493,-10.67138],[-46.71272,-10.67419],[-46.70638,-10.69155],[-46.7112,-10.70513],[-46.70804,-10.71225],[-46.71135,-10.73358],[-46.70497,-10.73323],[-46.7076,-10.74139],[-46.70312,-10.74836],[-46.70738,-10.75648],[-46.718,-10.77533],[-46.71045,-10.79466],[-46.71311,-10.80556],[-46.69982,-10.8177],[-46.70075,-10.80816],[-46.69511,-10.80783],[-46.69256,-10.79473],[-46.68194,-10.79434],[-46.66094,-10.80743],[-46.65408,-10.80415],[-46.63001,-10.81726],[-46.57147,-10.81079],[-46.55886,-10.80325],[-46.53893,-10.80349],[-46.52524,-10.7962],[-46.51005,-10.79821],[-46.50005,-10.79419],[-46.49629,-10.78635],[-46.47522,-10.77318],[-46.4464,-10.76302],[-46.43806,-10.74089],[-46.4328,-10.73808],[-46.41186,-10.76896],[-46.35882,-10.74707],[-46.30487,-10.74656],[-46.28948,-10.75337],[-46.28129,-10.77361],[-46.28189,-10.78819],[-46.29276,-10.80494],[-46.28454,-10.82119],[-46.30288,-10.85388],[-46.30469,-10.87418],[-46.28732,-10.90433],[-46.28921,-10.91093],[-46.3028,-10.914],[-46.30841,-10.92493],[-46.35994,-10.9198],[-46.37819,-10.94088],[-46.3815,-10.95109],[-46.39875,-10.95285],[-46.41903,-10.97245],[-46.44486,-10.97968],[-46.45028,-10.98915],[-46.47292,-10.99794],[-46.47339,-11.00616],[-46.50287,-11.03537],[-46.51228,-11.05873],[-46.50762,-11.06973],[-46.51301,-11.08372],[-46.49273,-11.08875],[-46.48915,-11.10177],[-46.49326,-11.10972],[-46.47934,-11.12478],[-46.48367,-11.13764],[-46.50918,-11.1665],[-46.53506,-11.17333],[-46.54368,-11.19334],[-46.56065,-11.18959],[-46.55993,-11.21245],[-46.58441,-11.23014],[-46.59927,-11.24987],[-46.70576,-11.1262],[-46.74413,-11.12375],[-46.75968,-11.10183],[-46.78071,-11.10222],[-46.79477,-11.09089],[-46.81166,-11.09721],[-46.83249,-11.09151],[-46.84335,-11.09802],[-46.85325,-11.11267],[-46.86402,-11.11046],[-46.88178,-11.12259],[-46.9073,-11.12276],[-46.92091,-11.13438],[-46.92755,-11.13256],[-46.93389,-11.14072],[-46.93886,-11.1397],[-46.96253,-11.15508],[-46.97053,-11.15355],[-46.98253,-11.16414],[-46.99972,-11.16175],[-47.00722,-11.15572],[-47.01867,-11.16295],[-47.0287,-11.15982],[-47.05381,-11.13403],[-47.06337,-11.13372],[-47.06681,-11.13854],[-47.07144,-11.1314],[-47.09067,-11.12471],[-47.10683,-11.10539],[-47.12867,-11.10541],[-47.14709,-11.07387],[-47.14675,-11.06589],[-47.15809,-11.05915],[-47.15492,-11.05097],[-47.15936,-11.04402],[-47.16889,-11.04542],[-47.18361,-11.0367],[-47.1927,-11.0392],[-47.18994,-11.03692],[-47.19522,-11.02724],[-47.19962,-11.03035],[-47.21278,-11.02316],[-47.21964,-11.02582],[-47.221,-11.00806],[-47.23184,-11.00974],[-47.2442,-11.0005],[-47.25086,-10.99575],[-47.25644,-11.00442],[-47.26517,-10.978],[-47.26789,-10.98369],[-47.28331,-10.98252],[-47.29797,-10.98917],[-47.30258,-10.99792],[-47.31837,-10.98922],[-47.3182,-10.99903],[-47.32673,-10.99594],[-47.3324,-11.00522],[-47.34845,-10.99443],[-47.35345,-10.99656],[-47.34992,-11.00167],[-47.35503,-11.00958],[-47.36237,-10.99864],[-47.36817,-11.00293],[-47.37956,-11.00153],[-47.38548,-11.00781],[-47.40009,-11.00325],[-47.39493,-11.00912],[-47.39792,-11.01474],[-47.40306,-11.01396],[-47.40195,-11.01866],[-47.41584,-11.01283],[-47.41715,-11.00486],[-47.44596,-11.02518],[-47.45093,-11.02122],[-47.45742,-11.02568],[-47.4557,-11.01933],[-47.45909,-11.01844],[-47.46623,-11.02735],[-47.47404,-11.02349],[-47.47693,-11.01506],[-47.4997,-11.01833],[-47.51102,-11.01534],[-47.51918,-11.01858],[-47.52415,-11.01179],[-47.52507,-10.99548],[-47.53092,-10.99975],[-47.53126,-11.00976],[-47.53912,-11.01232],[-47.5436,-10.99561],[-47.54807,-10.99888],[-47.54418,-11.00919],[-47.55379,-11.00869],[-47.5599,-11.01465],[-47.56738,-11.01012],[-47.56929,-10.98931],[-47.5764,-10.99802],[-47.58459,-10.9916],[-47.58524,-11.00089],[-47.59329,-10.9928],[-47.60512,-11.00007],[-47.61993,-10.97753],[-47.6301,-10.978],[-47.63415,-10.97076],[-47.64898,-10.97902],[-47.65276,-10.97233],[-47.64479,-10.96923],[-47.65452,-10.96572],[-47.6621,-10.97841],[-47.66588,-10.97244],[-47.66257,-10.96219],[-47.68496,-10.9586],[-47.69057,-10.94656],[-47.70093,-10.95518],[-47.70882,-10.94432],[-47.71604,-10.95367],[-47.72605,-10.95114],[-47.73677,-10.95106],[-47.7456,-10.93803],[-47.73535,-10.9199],[-47.74271,-10.90786],[-47.74343,-10.9007],[-47.75446,-10.89402],[-47.75541,-10.87109],[-47.76126,-10.86938],[-47.75688,-10.86131],[-47.76926,-10.84801],[-47.76726,-10.83641],[-47.7816,-10.82212],[-47.78968,-10.79458],[-47.79757,-10.79106],[-47.79712,-10.78762],[-47.78896,-10.78869],[-47.79393,-10.77593],[-47.80078,-10.76905],[-47.80657,-10.77277],[-47.80796,-10.76127],[-47.82409,-10.75033],[-47.80607,-10.72639],[-47.79773,-10.72393],[-47.79904,-10.71397],[-47.78978,-10.71957],[-47.7844,-10.70941],[-47.79356,-10.702],[-47.79201,-10.68986],[-47.8109,-10.68055],[-47.80367,-10.66678],[-47.80762,-10.65881],[-47.8199,-10.65447],[-47.83001,-10.63193],[-47.83167,-10.62296],[-47.82528,-10.60819],[-47.84573,-10.59453],[-47.84912,-10.58602],[-47.84545,-10.57995],[-47.85684,-10.5642],[-47.84584,-10.56256],[-47.83992,-10.54688],[-47.848,-10.53221],[-47.83931,-10.5139],[-47.83975,-10.49693],[-47.81936,-10.48878],[-47.82686,-10.47662],[-47.83006,-10.4486],[-47.83903,-10.43832],[-47.83269,-10.42776],[-47.84239,-10.40849],[-47.83722,-10.39537],[-47.82569,-10.39994],[-47.82291,-10.40778],[-47.80505,-10.40887],[-47.79791,-10.40431],[-47.77892,-10.41104],[-47.7761,-10.40707],[-47.77124,-10.41602],[-47.76888,-10.41141],[-47.76264,-10.41829],[-47.75233,-10.41567],[-47.75258,-10.42175],[-47.74577,-10.4121],[-47.73755,-10.41536],[-47.72299,-10.40197],[-47.71614,-10.40448],[-47.70902,-10.39965],[-47.69513,-10.40496],[-47.67699,-10.40069],[-47.67674,-10.39442],[-47.66963,-10.39839],[-47.67244,-10.39355],[-47.66737,-10.39392],[-47.65574,-10.39571],[-47.6558,-10.40244],[-47.64574,-10.40553],[-47.64302,-10.39893],[-47.63132,-10.4044],[-47.63055,-10.4005],[-47.61913,-10.40734],[-47.62102,-10.41304],[-47.61585,-10.41873],[-47.60302,-10.41094],[-47.58716,-10.41336],[-47.58151,-10.4086],[-47.56621,-10.42138],[-47.54796,-10.423],[-47.54341,-10.42822],[-47.53943,-10.42453],[-47.53074,-10.43716],[-47.52121,-10.44133],[-47.52049,-10.45261],[-47.50918,-10.44899],[-47.51182,-10.45724],[-47.49582,-10.4607],[-47.49571,-10.47094],[-47.4884,-10.47181],[-47.48671,-10.48994],[-47.47988,-10.4957],[-47.47888,-10.50529],[-47.46835,-10.50794],[-47.46318,-10.53014],[-47.44919,-10.54072],[-47.4413,-10.54063],[-47.30187,-10.441],[-46.9369,-10.18405]]]},"properties":{"CD_MUN":"1717909","NM_MUN":"Ponte Alta do Tocantins","SIGLA_UF":"TO"}},{"type":"Feature","geometry":{"type":"Polygon","coordinates":[[[-47.95789,-5.23962],[-47.92712,-5.24114],[-47.8847,-5.26057],[-47.87381,-5.26997],[-47.8659,-5.3026],[-47.86676,-5.3427],[-47.8429,-5.37609],[-47.82668,-5.38646],[-47.8834,-5.36707],[-47.90104,-5.39798],[-47.91088,-5.40291],[-47.90907,-5.40708],[-47.93693,-5.38395],[-47.93999,-5.39113],[-47.93215,-5.40271],[-47.93418,-5.41596],[-47.95302,-5.42002],[-47.96638,-5.4285],[-48.00683,-5.4076],[-47.95639,-5.36288],[-47.95789,-5.23962]]]},"properties":{"CD_MUN":"1718808","NM_MUN":"Sampaio","SIGLA_UF":"TO"}},{"type":"Feature","geometry":{"type":"Polygon","coordinates":[[[-50.14216,-12.39588],[-50.12924,-12.3867],[-50.13565,-12.37094],[-50.12005,-12.37453],[-50.1148,-12.36781],[-50.12285,-12.35523],[-50.12066,-12.34181],[-50.12632,-12.32749],[-50.1159,-12.32194],[-50.10457,-12.32409],[-50.1044,-12.31575],[-50.1131,-12.30253],[-50.1174,-12.27144],[-50.1141,-12.26355],[-50.13071,-12.25696],[-50.12352,-12.25187],[-50.13085,-12.22441],[-50.11057,-12.22056],[-50.10393,-12.22554],[-50.09629,-12.21908],[-50.10056,-12.20305],[-50.08306,-12.19657],[-50.09159,-12.1712],[-50.08612,-12.14381],[-50.09737,-12.13287],[-50.07584,-12.1253],[-50.06873,-12.13045],[-50.06331,-12.11847],[-50.04862,-12.10493],[-50.04892,-12.09151],[-50.04173,-12.08461],[-50.02573,-12.08022],[-50.023,-12.05936],[-50.01517,-12.06225],[-50.00895,-12.07928],[-49.748,-12.12147],[-49.74486,-12.12903],[-49.73505,-12.12934],[-49.73989,-12.13535],[-49.73122,-12.13877],[-49.73758,-12.14337],[-49.73247,-12.15206],[-49.73444,-12.15819],[-49.72241,-12.17406],[-49.71833,-12.17541],[-49.71763,-12.16986],[-49.71558,-12.17788],[-49.70847,-12.18171],[-49.69964,-12.17333],[-49.67646,-12.18175],[-49.67236,-12.20153],[-49.64694,-12.22579],[-49.64302,-12.23876],[-49.63436,-12.23855],[-49.63583,-12.24885],[-49.64369,-12.24523],[-49.6483,-12.24879],[-49.64966,-12.27124],[-49.62253,-12.26849],[-49.59666,-12.28311],[-49.59841,-12.29404],[-49.59053,-12.30384],[-49.58147,-12.30416],[-49.57889,-12.32615],[-49.58966,-12.32687],[-49.61033,-12.34172],[-49.59111,-12.37483],[-49.57628,-12.38482],[-49.59364,-12.39214],[-49.59359,-12.40104],[-49.58464,-12.40744],[-49.58842,-12.41933],[-49.57175,-12.41012],[-49.56633,-12.4236],[-49.55786,-12.41894],[-49.55784,-12.41895],[-49.55075,-12.42202],[-49.55547,-12.44975],[-49.54143,-12.45689],[-49.55715,-12.46753],[-49.55442,-12.47224],[-49.54394,-12.47377],[-49.54583,-12.49187],[-49.53326,-12.50704],[-49.51906,-12.50935],[-49.51673,-12.5219],[-49.52262,-12.5322],[-49.54113,-12.53995],[-49.54646,-12.55089],[-49.55472,-12.55379],[-49.56599,-12.57046],[-49.58528,-12.58147],[-49.59055,-12.59114],[-49.60676,-12.59622],[-49.61514,-12.61189],[-49.63992,-12.61065],[-49.65734,-12.62031],[-49.66488,-12.61545],[-49.70384,-12.63201],[-49.71626,-12.64371],[-49.74733,-12.69326],[-49.76976,-12.70603],[-49.78902,-12.70623],[-49.79465,-12.72184],[-49.80054,-12.67398],[-49.80534,-12.68574],[-49.83782,-12.68727],[-49.84946,-12.67765],[-49.86854,-12.67453],[-49.89464,-12.66021],[-49.9068,-12.66875],[-49.9262,-12.66467],[-49.94809,-12.64803],[-49.96964,-12.642],[-49.98459,-12.64091],[-49.98313,-12.64564],[-49.98692,-12.64677],[-49.99854,-12.64459],[-50.03758,-12.66015],[-50.07438,-12.62371],[-50.10176,-12.61168],[-50.10989,-12.611],[-50.13946,-12.62347],[-50.16929,-12.60902],[-50.18704,-12.58524],[-50.19268,-12.56427],[-50.203,-12.55354],[-50.20595,-12.56194],[-50.21156,-12.56142],[-50.21328,-12.54835],[-50.22889,-12.53385],[-50.21939,-12.51755],[-50.21717,-12.48885],[-50.20447,-12.47704],[-50.2008,-12.46126],[-50.18375,-12.45525],[-50.17925,-12.43983],[-50.16505,-12.43736],[-50.15905,-12.431],[-50.15771,-12.41232],[-50.14216,-12.39588]]]},"properties":{"CD_MUN":"1718840","NM_MUN":"Sandolândia","SIGLA_UF":"TO"}},{"type":"Feature","geometry":{"type":"Polygon","coordinates":[[[-47.90443,-9.34006],[-47.89085,-9.34069],[-47.8772,-9.33379],[-47.86184,-9.35008],[-47.85142,-9.35299],[-47.82529,-9.3345],[-47.81593,-9.32103],[-47.81826,-9.3108],[-47.80806,-9.3197],[-47.78778,-9.32362],[-47.76448,-9.32118],[-47.75654,-9.33109],[-47.74165,-9.33478],[-47.73514,-9.31534],[-47.72492,-9.315],[-47.7237,-9.31888],[-47.72578,-9.33493],[-47.71792,-9.3365],[-47.70956,-9.33082],[-47.682,-9.33351],[-47.65383,-9.35503],[-47.64725,-9.3548],[-47.64092,-9.34723],[-47.6385,-9.33018],[-47.61661,-9.33055],[-47.59786,-9.30194],[-47.56128,-9.31551],[-47.52866,-9.2993],[-47.51625,-9.2866],[-47.51716,-9.27492],[-47.52875,-9.2655],[-47.51999,-9.2551],[-47.49636,-9.26319],[-47.46577,-9.24379],[-47.46208,-9.24988],[-47.45321,-9.24912],[-47.4326,-9.23256],[-47.38277,-9.2497],[-47.3743,-9.26406],[-47.35691,-9.27096],[-47.36154,-9.28589],[-47.34577,-9.28788],[-47.33502,-9.28957],[-47.33244,-9.30346],[-47.3248,-9.30993],[-47.32444,-9.32244],[-47.31316,-9.33184],[-47.29963,-9.32747],[-47.26191,-9.33819],[-47.2548,-9.35971],[-47.2381,-9.3753],[-47.24069,-9.38399],[-47.2268,-9.39485],[-47.20983,-9.39657],[-47.20519,-9.40158],[-47.19805,-9.39826],[-47.19146,-9.41162],[-47.17591,-9.42221],[-47.15143,-9.4237],[-47.14746,-9.43115],[-47.12085,-9.4438],[-47.11663,-9.44019],[-47.11512,-9.44899],[-47.08899,-9.45991],[-47.10291,-9.46954],[-47.10457,-9.47633],[-47.10232,-9.48142],[-47.08466,-9.47135],[-47.08138,-9.47599],[-47.08082,-9.48787],[-47.09302,-9.49815],[-47.0966,-9.5153],[-47.08874,-9.54527],[-47.08622,-9.58553],[-47.07949,-9.59156],[-47.06938,-9.62616],[-47.05375,-9.6229],[-47.06063,-9.6302],[-47.06327,-9.64524],[-47.07619,-9.64797],[-47.08355,-9.65754],[-47.08283,-9.68819],[-47.09472,-9.68893],[-47.09966,-9.69443],[-47.08522,-9.72171],[-47.08653,-9.7441],[-47.07997,-9.74495],[-47.08828,-9.75923],[-47.08911,-9.77436],[-47.07075,-9.79215],[-47.0755,-9.79448],[-47.07136,-9.80149],[-47.07675,-9.80372],[-47.07378,-9.81217],[-47.07711,-9.81786],[-47.09336,-9.83],[-47.11058,-9.83343],[-47.11299,-9.84126],[-47.12098,-9.84253],[-47.12403,-9.84822],[-47.11795,-9.85696],[-47.12298,-9.85675],[-47.12795,-9.86497],[-47.13803,-9.86599],[-47.14273,-9.87449],[-47.13398,-9.8904],[-47.13981,-9.90189],[-47.14723,-9.90265],[-47.13912,-9.91041],[-47.13982,-9.91548],[-47.15551,-9.91157],[-47.15115,-9.933],[-47.16562,-9.93373],[-47.17635,-9.95451],[-47.18474,-9.9511],[-47.18807,-9.95797],[-47.20143,-9.95834],[-47.20113,-9.96785],[-47.19201,-9.97172],[-47.2029,-9.97473],[-47.20599,-9.98423],[-47.19212,-9.98976],[-47.20266,-9.99187],[-47.20974,-10.00236],[-47.20035,-10.0104],[-47.20235,-10.02108],[-47.22607,-10.02828],[-47.23618,-10.03782],[-47.25249,-10.0398],[-47.26896,-10.05638],[-47.29652,-10.04959],[-47.30708,-10.03937],[-47.32391,-10.04334],[-47.33713,-10.03791],[-47.35344,-10.0417],[-47.36933,-10.0377],[-47.38099,-10.04858],[-47.41194,-10.0404],[-47.42161,-10.0243],[-47.44122,-10.01511],[-47.4476,-10.00401],[-47.47919,-9.99196],[-47.48167,-9.98161],[-47.49672,-9.98894],[-47.51705,-9.98451],[-47.53044,-9.98894],[-47.55178,-9.98115],[-47.57722,-9.98339],[-47.59605,-9.97885],[-47.61094,-9.99009],[-47.62806,-9.9886],[-47.63658,-9.98102],[-47.65864,-9.97716],[-47.66608,-9.96543],[-47.67528,-9.96112],[-47.71519,-9.95301],[-47.7237,-9.94226],[-47.75253,-9.92829],[-47.78839,-9.92342],[-47.81817,-9.88676],[-47.84,-9.87972],[-47.85659,-9.86881],[-47.875,-9.84593],[-47.89467,-9.77182],[-47.90755,-9.65707],[-47.9193,-9.62881],[-47.91075,-9.60793],[-47.92472,-9.58317],[-47.92302,-9.5587],[-47.93588,-9.53878],[-47.92421,-9.51619],[-47.92782,-9.47556],[-47.89926,-9.3999],[-47.89698,-9.36075],[-47.90443,-9.34006]]]},"properties":{"CD_MUN":"1718758","NM_MUN":"Rio Sono","SIGLA_UF":"TO"}},{"type":"Feature","geometry":{"type":"Polygon","coordinates":[[[-46.97883,-12.36738],[-46.96844,-12.37172],[-46.96619,-12.37834],[-46.96008,-12.37404],[-46.94574,-12.37741],[-46.9323,-12.39055],[-46.89941,-12.40392],[-46.90302,-12.42165],[-46.89669,-12.4226],[-46.89802,-12.43084],[-46.89008,-12.44049],[-46.8956,-12.45277],[-46.89338,-12.46212],[-46.88622,-12.46462],[-46.8716,-12.45693],[-46.85663,-12.47841],[-46.85374,-12.47327],[-46.83614,-12.48571],[-46.82083,-12.48555],[-46.80707,-12.49534],[-46.80644,-12.50721],[-46.79891,-12.50895],[-46.77838,-12.53862],[-46.76069,-12.54891],[-46.74983,-12.54984],[-46.74124,-12.5736],[-46.73663,-12.57654],[-46.73113,-12.5704],[-46.72725,-12.57676],[-46.71725,-12.57477],[-46.713,-12.58915],[-46.70558,-12.58493],[-46.7038,-12.59595],[-46.69502,-12.59504],[-46.68683,-12.60367],[-46.68677,-12.61033],[-46.67808,-12.6114],[-46.68047,-12.62788],[-46.68852,-12.62928],[-46.68166,-12.63202],[-46.68211,-12.64342],[-46.67316,-12.64722],[-46.66217,-12.63884],[-46.65336,-12.65486],[-46.64719,-12.65869],[-46.63766,-12.65532],[-46.62408,-12.66509],[-46.62511,-12.67531],[-46.61891,-12.67603],[-46.61689,-12.68263],[-46.62186,-12.68533],[-46.61461,-12.69078],[-46.61078,-12.71093],[-46.60552,-12.71457],[-46.61075,-12.72541],[-46.60597,-12.73235],[-46.59272,-12.75968],[-46.59311,-12.77209],[-46.60069,-12.78466],[-46.59275,-12.80463],[-46.60026,-12.81421],[-46.60077,-12.82502],[-46.61651,-12.83775],[-46.61622,-12.84675],[-46.62191,-12.84819],[-46.62507,-12.86217],[-46.62427,-12.87135],[-46.59452,-12.89792],[-46.59174,-12.90596],[-46.59976,-12.93437],[-46.58975,-12.9489],[-46.61242,-12.94748],[-46.81913,-13.00247],[-46.82257,-13.00812],[-46.81832,-13.01401],[-46.82727,-13.01667],[-46.83368,-13.03381],[-46.8396,-13.03452],[-46.84693,-13.04547],[-46.84691,-13.0539],[-46.84813,-13.05089],[-46.85444,-13.05568],[-46.85399,-13.0673],[-46.86827,-13.06851],[-46.87015,-13.06058],[-46.87969,-13.05933],[-46.87847,-13.04882],[-46.89047,-13.05224],[-46.90177,-13.0673],[-46.92833,-13.08308],[-46.92852,-13.09288],[-46.94577,-13.09929],[-46.95339,-13.11113],[-46.97803,-13.12159],[-46.9783,-13.13157],[-46.98786,-13.12813],[-46.98675,-13.12179],[-46.99939,-13.12128],[-47.00484,-13.12511],[-47.00917,-13.14082],[-47.01883,-13.14577],[-47.02228,-13.14199],[-47.03536,-13.15086],[-47.04131,-13.14862],[-47.04697,-13.15763],[-47.06092,-13.16161],[-47.06853,-13.15549],[-47.08053,-13.16199],[-47.08425,-13.17053],[-47.07959,-13.17811],[-47.08678,-13.18241],[-47.08942,-13.174],[-47.09675,-13.17178],[-47.10548,-13.18189],[-47.1084,-13.17102],[-47.1177,-13.17788],[-47.13203,-13.1785],[-47.13993,-13.18778],[-47.13326,-13.18983],[-47.13439,-13.20288],[-47.15248,-13.20996],[-47.16156,-13.20575],[-47.16717,-13.21122],[-47.18264,-13.20568],[-47.17467,-13.19512],[-47.18304,-13.18792],[-47.19632,-13.19361],[-47.22767,-13.19432],[-47.23204,-13.20512],[-47.25098,-13.21237],[-47.24765,-13.23012],[-47.26729,-13.23837],[-47.26651,-13.24715],[-47.27482,-13.25091],[-47.27937,-13.26362],[-47.28438,-13.265],[-47.28976,-13.26104],[-47.28507,-13.25631],[-47.29302,-13.25652],[-47.29454,-13.24874],[-47.31293,-13.25109],[-47.32243,-13.2583],[-47.3371,-13.24631],[-47.35188,-13.24883],[-47.37105,-13.22871],[-47.37879,-13.2311],[-47.38319,-13.24145],[-47.38744,-13.24056],[-47.2698,-12.74751],[-47.29206,-12.4489],[-47.28723,-12.43268],[-47.27234,-12.42247],[-47.26292,-12.42177],[-47.23548,-12.43336],[-47.20048,-12.42174],[-47.19197,-12.41404],[-47.18992,-12.4078],[-47.16406,-12.39643],[-47.14361,-12.36854],[-47.10339,-12.36181],[-47.08925,-12.35196],[-47.08122,-12.35143],[-47.07341,-12.36042],[-47.05891,-12.36189],[-47.04364,-12.37081],[-47.03136,-12.3672],[-47.01152,-12.37267],[-46.99213,-12.36194],[-46.97883,-12.36738]]]},"properties":{"CD_MUN":"1702406","NM_MUN":"Arraias","SIGLA_UF":"TO"}},{"type":"Feature","geometry":{"type":"Polygon","coordinates":[[[-48.52432,-7.62724],[-48.51407,-7.66307],[-48.52107,-7.67878],[-48.52988,-7.6858],[-48.52691,-7.69548],[-48.53443,-7.70195],[-48.52091,-7.71847],[-48.5161,-7.73304],[-48.51777,-7.75009],[-48.51013,-7.76609],[-48.50677,-7.79009],[-48.51297,-7.80171],[-48.50241,-7.80492],[-48.49602,-7.82202],[-48.49891,-7.85291],[-48.50536,-7.8565],[-48.50572,-7.87662],[-48.51305,-7.88327],[-48.52433,-7.88042],[-48.53319,-7.8888],[-48.54509,-7.89058],[-48.54934,-7.8954],[-48.54586,-7.90191],[-48.56586,-7.91877],[-48.58637,-7.9272],[-48.59206,-7.93665],[-48.61367,-7.94047],[-48.61395,-7.95669],[-48.62909,-7.96655],[-48.61973,-7.9849],[-48.62973,-8.01752],[-48.64742,-8.02371],[-48.65996,-8.04145],[-48.65565,-8.05228],[-48.64368,-8.04888],[-48.62998,-8.05372],[-48.62579,-8.06819],[-48.62704,-8.07909],[-48.63265,-8.0816],[-48.65163,-8.11955],[-48.63832,-8.12131],[-48.62974,-8.13164],[-48.61857,-8.12934],[-48.61493,-8.13511],[-48.62082,-8.14706],[-48.61566,-8.16142],[-48.62804,-8.17625],[-48.62271,-8.1977],[-48.61368,-8.20603],[-48.63546,-8.2217],[-48.63741,-8.23505],[-48.63052,-8.23897],[-48.6286,-8.25528],[-48.61582,-8.25694],[-48.60996,-8.26795],[-48.61255,-8.27523],[-48.62535,-8.27003],[-48.63438,-8.27666],[-48.63255,-8.28517],[-48.62097,-8.28767],[-48.6143,-8.29512],[-48.62641,-8.3212],[-48.61677,-8.3269],[-48.62224,-8.33421],[-48.6293,-8.33929],[-48.62691,-8.34697],[-48.63194,-8.35319],[-48.6198,-8.3888],[-48.62638,-8.40094],[-48.65475,-8.39918],[-48.68,-8.38857],[-48.68091,-8.37344],[-48.68886,-8.364],[-48.68488,-8.35325],[-48.69103,-8.32529],[-48.68561,-8.31352],[-48.69208,-8.30497],[-48.6841,-8.28312],[-48.69522,-8.26836],[-48.6918,-8.26479],[-48.69538,-8.24523],[-48.68852,-8.23989],[-48.7018,-8.21564],[-48.69796,-8.21051],[-48.71005,-8.1965],[-48.70593,-8.18783],[-48.71796,-8.17971],[-48.72729,-8.18326],[-48.73371,-8.17952],[-48.73136,-8.17088],[-48.73805,-8.16732],[-48.74321,-8.15259],[-48.73835,-8.14618],[-48.7541,-8.1488],[-48.75927,-8.12536],[-48.7646,-8.12742],[-48.76574,-8.1238],[-48.7656,-8.11917],[-48.76132,-8.11922],[-48.76316,-8.11134],[-48.76802,-8.11421],[-48.77443,-8.11047],[-48.77543,-8.11991],[-48.78274,-8.11011],[-48.78349,-8.09968],[-48.78129,-8.09149],[-48.78821,-8.09147],[-48.79029,-8.08515],[-48.78596,-8.07249],[-48.79266,-8.07664],[-48.79768,-8.06663],[-48.78751,-8.04611],[-48.79552,-8.03966],[-48.78879,-8.02979],[-48.79593,-8.0256],[-48.80163,-8.02893],[-48.80671,-8.00458],[-48.80276,-8.00023],[-48.79473,-7.98721],[-48.81351,-7.95828],[-48.81821,-7.93945],[-48.80937,-7.92672],[-48.81123,-7.91513],[-48.81971,-7.91072],[-48.82037,-7.90393],[-48.84193,-7.89975],[-48.85454,-7.88023],[-48.86062,-7.88315],[-48.87221,-7.8745],[-48.8872,-7.87256],[-48.9064,-7.84825],[-48.91329,-7.85408],[-48.92193,-7.85049],[-48.93062,-7.85723],[-48.94065,-7.85237],[-48.95312,-7.86791],[-49.00007,-7.8775],[-49.00229,-7.88042],[-49.01057,-7.87334],[-49.03221,-7.86923],[-49.03732,-7.87065],[-49.0329,-7.87414],[-49.0363,-7.87927],[-49.0566,-7.88197],[-49.08416,-7.87193],[-49.09171,-7.88883],[-49.09277,-7.88266],[-49.11796,-7.87205],[-49.12069,-7.86636],[-49.12655,-7.87133],[-49.13285,-7.8714],[-49.13279,-7.86777],[-49.14671,-7.87029],[-49.15096,-7.86643],[-49.14841,-7.85868],[-49.15935,-7.85816],[-49.16611,-7.84942],[-49.16419,-7.83277],[-49.14771,-7.80721],[-49.15449,-7.79657],[-49.1981,-7.77716],[-49.22043,-7.7615],[-49.23927,-7.74062],[-49.2958,-7.69634],[-49.32735,-7.6777],[-49.34093,-7.65718],[-49.3159,-7.64709],[-49.30761,-7.65323],[-49.29401,-7.63906],[-49.28099,-7.64042],[-49.27941,-7.63585],[-49.26537,-7.63358],[-49.26047,-7.62116],[-49.24871,-7.62452],[-49.24269,-7.61936],[-49.24493,-7.61323],[-49.22687,-7.60685],[-49.21226,-7.61001],[-49.20855,-7.61682],[-49.1959,-7.60702],[-49.18157,-7.61308],[-49.15626,-7.60494],[-49.14941,-7.61405],[-49.12719,-7.59825],[-49.09542,-7.60441],[-49.08185,-7.61379],[-49.06644,-7.60818],[-49.03468,-7.62007],[-49.02642,-7.61717],[-49.02573,-7.60923],[-49.01627,-7.61194],[-49.00553,-7.60387],[-48.99981,-7.60576],[-48.99464,-7.59764],[-48.97995,-7.6054],[-48.96535,-7.59564],[-48.95213,-7.60369],[-48.9444,-7.58841],[-48.93437,-7.59107],[-48.92045,-7.58443],[-48.9033,-7.58616],[-48.86919,-7.57692],[-48.84395,-7.58443],[-48.82563,-7.58143],[-48.81553,-7.5719],[-48.80342,-7.5703],[-48.79489,-7.57305],[-48.79375,-7.58134],[-48.7802,-7.58633],[-48.77533,-7.60422],[-48.75317,-7.60366],[-48.7516,-7.59677],[-48.73403,-7.58983],[-48.73017,-7.58002],[-48.72698,-7.58685],[-48.70613,-7.58009],[-48.68738,-7.58468],[-48.65957,-7.62429],[-48.61801,-7.62261],[-48.6026,-7.6347],[-48.5856,-7.62712],[-48.57198,-7.63119],[-48.56487,-7.62726],[-48.55451,-7.58347],[-48.53954,-7.61656],[-48.52432,-7.62724]]]},"properties":{"CD_MUN":"1702307","NM_MUN":"Arapoema","SIGLA_UF":"TO"}},{"type":"Feature","geometry":{"type":"Polygon","coordinates":[[[-48.51713,-9.06022],[-48.50435,-9.06749],[-48.50504,-9.06351],[-48.49708,-9.06467],[-48.4764,-9.04994],[-48.46982,-9.06433],[-48.46463,-9.06178],[-48.46532,-9.07175],[-48.45333,-9.06212],[-48.44666,-9.065],[-48.44338,-9.06119],[-48.43735,-9.0686],[-48.43627,-9.06452],[-48.42541,-9.06739],[-48.40993,-9.06056],[-48.41346,-9.07054],[-48.40827,-9.07043],[-48.40726,-9.0756],[-48.39188,-9.0684],[-48.38649,-9.06884],[-48.3809,-9.07816],[-48.35529,-9.0751],[-48.35082,-9.08197],[-48.35354,-9.08724],[-48.34649,-9.09582],[-48.35013,-9.09792],[-48.34493,-9.10007],[-48.34463,-9.10959],[-48.34974,-9.11051],[-48.34652,-9.11893],[-48.33868,-9.11637],[-48.3298,-9.13002],[-48.30649,-9.12796],[-48.29832,-9.14045],[-48.29315,-9.133],[-48.28221,-9.13605],[-48.31177,-9.18533],[-48.31716,-9.22149],[-48.33466,-9.24772],[-48.34769,-9.287],[-48.36641,-9.34294],[-48.37782,-9.33772],[-48.38233,-9.34231],[-48.3768,-9.35502],[-48.38224,-9.36396],[-48.40743,-9.36207],[-48.40929,-9.3574],[-48.42373,-9.36156],[-48.42583,-9.35418],[-48.44359,-9.34823],[-48.44423,-9.34294],[-48.45571,-9.34396],[-48.47286,-9.3393],[-48.47365,-9.33371],[-48.48732,-9.33044],[-48.48991,-9.32175],[-48.50176,-9.32326],[-48.50572,-9.31357],[-48.51554,-9.31102],[-48.51798,-9.31665],[-48.53546,-9.32513],[-48.5276,-9.34195],[-48.53802,-9.34914],[-48.53278,-9.33874],[-48.55189,-9.29509],[-48.55137,-9.28529],[-48.54525,-9.26381],[-48.54703,-9.23273],[-48.54209,-9.22649],[-48.53269,-9.16915],[-48.53428,-9.13897],[-48.51713,-9.06022]]]},"properties":{"CD_MUN":"1718709","NM_MUN":"Rio dos Bois","SIGLA_UF":"TO"}},{"type":"Feature","geometry":{"type":"Polygon","coordinates":[[[-47.90077,-8.1655],[-47.90947,-8.17626],[-47.90224,-8.18125],[-47.89421,-8.17908],[-47.88397,-8.2015],[-47.88379,-8.21156],[-47.89441,-8.20962],[-47.89727,-8.2191],[-47.89255,-8.22631],[-47.88508,-8.22568],[-47.8776,-8.23166],[-47.87138,-8.22087],[-47.86457,-8.22186],[-47.86121,-8.22988],[-47.87205,-8.24632],[-47.84824,-8.26982],[-47.85002,-8.28647],[-47.83274,-8.28895],[-47.8353,-8.30251],[-47.83135,-8.30782],[-47.83852,-8.32068],[-47.83622,-8.3257],[-47.83136,-8.32838],[-47.82005,-8.31974],[-47.80647,-8.32425],[-47.8171,-8.3311],[-47.82116,-8.34229],[-47.79911,-8.33939],[-47.79188,-8.34582],[-47.79252,-8.35243],[-47.78513,-8.35841],[-47.79286,-8.38659],[-47.7868,-8.38966],[-47.77552,-8.38363],[-47.76594,-8.38738],[-47.76369,-8.39611],[-47.74383,-8.40922],[-47.74063,-8.4233],[-47.71378,-8.45245],[-47.70322,-8.45249],[-47.69647,-8.45855],[-47.68138,-8.45258],[-47.67705,-8.45643],[-47.67399,-8.45131],[-47.66091,-8.454],[-47.65483,-8.44737],[-47.64338,-8.4495],[-47.62574,-8.43449],[-47.6228,-8.44042],[-47.61327,-8.436],[-47.58624,-8.44992],[-47.57574,-8.44833],[-47.56744,-8.4613],[-47.54982,-8.47265],[-47.54157,-8.46867],[-47.53244,-8.47957],[-47.52932,-8.46365],[-47.49938,-8.45981],[-47.4944,-8.45659],[-47.49696,-8.46131],[-47.49204,-8.47029],[-47.47702,-8.4771],[-47.47655,-8.48436],[-47.46307,-8.48391],[-47.44013,-8.49271],[-47.43518,-8.4919],[-47.43393,-8.48455],[-47.42207,-8.48229],[-47.41396,-8.48773],[-47.40724,-8.48637],[-47.40176,-8.47658],[-47.39174,-8.48339],[-47.38462,-8.47939],[-47.36712,-8.48031],[-47.34762,-8.46815],[-47.33979,-8.47949],[-47.32696,-8.47323],[-47.31729,-8.47523],[-47.30737,-8.47215],[-47.30473,-8.45844],[-47.29523,-8.45445],[-47.26245,-8.46778],[-47.25056,-8.47939],[-47.24963,-8.48425],[-47.25801,-8.48444],[-47.25449,-8.48834],[-47.26178,-8.49466],[-47.25771,-8.50053],[-47.2586,-8.51361],[-47.26628,-8.51193],[-47.26616,-8.52694],[-47.27151,-8.52967],[-47.26093,-8.53368],[-47.27102,-8.54168],[-47.27778,-8.5413],[-47.2722,-8.55093],[-47.27692,-8.54798],[-47.28686,-8.55459],[-47.28716,-8.56722],[-47.2705,-8.57704],[-47.2672,-8.58771],[-47.27402,-8.59582],[-47.27014,-8.60161],[-47.27998,-8.62156],[-47.27411,-8.6216],[-47.26911,-8.62853],[-47.26867,-8.64399],[-47.27341,-8.65039],[-47.26718,-8.65631],[-47.2713,-8.66172],[-47.26664,-8.66574],[-47.26989,-8.67404],[-47.26095,-8.67956],[-47.25355,-8.69553],[-47.26199,-8.69854],[-47.26202,-8.70243],[-47.25513,-8.70343],[-47.25838,-8.72159],[-47.24491,-8.73329],[-47.24705,-8.73663],[-47.24177,-8.74301],[-47.24452,-8.78419],[-47.23375,-8.79503],[-47.23668,-8.80662],[-47.22876,-8.80474],[-47.21123,-8.81141],[-47.22072,-8.84048],[-47.21742,-8.86222],[-47.22583,-8.87381],[-47.2254,-8.88976],[-47.23177,-8.8942],[-47.22907,-8.91533],[-47.4718,-8.7975],[-47.48247,-8.80193],[-47.49747,-8.80056],[-47.50136,-8.80773],[-47.51881,-8.81452],[-47.52659,-8.82924],[-47.55278,-8.83807],[-47.56103,-8.83158],[-47.57114,-8.83326],[-47.58359,-8.82053],[-47.58795,-8.82391],[-47.59698,-8.82078],[-47.60798,-8.80931],[-47.61287,-8.81223],[-47.62328,-8.80548],[-47.63879,-8.8051],[-47.64943,-8.80886],[-47.66103,-8.79785],[-47.67834,-8.80319],[-47.68784,-8.79417],[-47.69012,-8.77577],[-47.69531,-8.77344],[-47.7004,-8.7547],[-47.6972,-8.73602],[-47.67753,-8.71536],[-47.67823,-8.7004],[-47.7497,-8.7318],[-47.76556,-8.72897],[-47.78718,-8.74392],[-47.8087,-8.73594],[-47.85204,-8.7458],[-47.87812,-8.73648],[-47.90271,-8.73929],[-47.92165,-8.73365],[-47.94079,-8.68733],[-47.95018,-8.67966],[-47.9781,-8.67125],[-47.98532,-8.66267],[-48.00329,-8.65912],[-48.01132,-8.64684],[-48.01549,-8.65049],[-48.02296,-8.6405],[-48.02363,-8.62165],[-48.00219,-8.60921],[-47.98833,-8.60919],[-47.98,-8.60299],[-47.97166,-8.60519],[-47.95177,-8.58918],[-47.94274,-8.57357],[-47.96866,-8.55171],[-47.96179,-8.54253],[-47.97379,-8.53101],[-47.99322,-8.52442],[-47.99156,-8.51804],[-47.98347,-8.51626],[-47.98725,-8.50529],[-47.9729,-8.50861],[-47.95667,-8.48243],[-47.95818,-8.46404],[-47.97546,-8.45929],[-47.96582,-8.43957],[-47.96846,-8.42553],[-47.97682,-8.41484],[-47.98443,-8.41343],[-47.98518,-8.40097],[-47.99135,-8.39898],[-47.98785,-8.35612],[-47.94835,-8.32329],[-47.96259,-8.29921],[-47.96029,-8.28019],[-47.9771,-8.26419],[-47.97398,-8.25054],[-47.96695,-8.24327],[-47.97614,-8.20504],[-47.96266,-8.19484],[-47.95978,-8.17361],[-47.93016,-8.18524],[-47.92354,-8.17804],[-47.91869,-8.17989],[-47.90744,-8.16494],[-47.90077,-8.1655]]]},"properties":{"CD_MUN":"1710508","NM_MUN":"Itacajá","SIGLA_UF":"TO"}},{"type":"Feature","geometry":{"type":"Polygon","coordinates":[[[-46.92034,-11.36888],[-46.92473,-11.3556],[-46.9212,-11.34621],[-46.90298,-11.33308],[-46.88756,-11.2994],[-46.8242,-11.2685],[-46.81239,-11.25862],[-46.80633,-11.23205],[-46.78514,-11.21642],[-46.77377,-11.2207],[-46.75727,-11.21721],[-46.74241,-11.19649],[-46.72774,-11.1952],[-46.71999,-11.20298],[-46.70788,-11.20172],[-46.61119,-11.25664],[-46.61316,-11.28001],[-46.62741,-11.29138],[-46.62599,-11.30688],[-46.60869,-11.32042],[-46.60102,-11.34716],[-46.59061,-11.36226],[-46.56033,-11.3746],[-46.5804,-11.388],[-46.60966,-11.39345],[-46.65212,-11.4186],[-46.66363,-11.42982],[-46.66658,-11.44204],[-46.70555,-11.46614],[-46.72845,-11.46597],[-46.75025,-11.48008],[-46.77569,-11.4687],[-46.77986,-11.47274],[-46.80829,-11.47267],[-46.822,-11.46721],[-46.83189,-11.47132],[-46.84313,-11.45666],[-46.8549,-11.4533],[-46.86473,-11.43383],[-46.88822,-11.41876],[-46.89944,-11.40028],[-46.90571,-11.39626],[-46.91218,-11.40166],[-46.9263,-11.40304],[-46.92509,-11.39081],[-46.92087,-11.38939],[-46.9249,-11.37701],[-46.92034,-11.36888]]]},"properties":{"CD_MUN":"1718659","NM_MUN":"Rio da Conceição","SIGLA_UF":"TO"}},{"type":"Feature","geometry":{"type":"Polygon","coordinates":[[[-48.3347,-6.37644],[-48.31536,-6.38016],[-48.29103,-6.37338],[-48.27969,-6.35605],[-48.2118,-6.3471],[-48.18942,-6.35116],[-48.17048,-6.34638],[-48.15445,-6.34875],[-48.14082,-6.34391],[-48.11789,-6.3567],[-48.08449,-6.40714],[-48.05131,-6.4016],[-48.03255,-6.38125],[-47.99911,-6.38008],[-47.99892,-6.5661],[-48.03949,-6.68988],[-48.05043,-6.67418],[-48.06176,-6.66917],[-48.06115,-6.6621],[-48.09132,-6.65907],[-48.11391,-6.64805],[-48.11396,-6.63845],[-48.12474,-6.63506],[-48.1284,-6.62322],[-48.11877,-6.59476],[-48.13352,-6.57781],[-48.13382,-6.56786],[-48.12573,-6.5556],[-48.13102,-6.54377],[-48.13718,-6.54126],[-48.14068,-6.52688],[-48.15129,-6.52485],[-48.15196,-6.51734],[-48.16096,-6.5086],[-48.18079,-6.50497],[-48.18976,-6.49148],[-48.18879,-6.47944],[-48.20101,-6.47359],[-48.2024,-6.46425],[-48.21412,-6.45133],[-48.22535,-6.46804],[-48.24132,-6.45682],[-48.24568,-6.44267],[-48.26065,-6.4465],[-48.26877,-6.43758],[-48.2736,-6.44489],[-48.27865,-6.44315],[-48.27968,-6.44948],[-48.28676,-6.44982],[-48.29418,-6.4466],[-48.28901,-6.42896],[-48.30101,-6.41994],[-48.3049,-6.40207],[-48.31826,-6.4078],[-48.32332,-6.40615],[-48.32868,-6.39172],[-48.33877,-6.39602],[-48.34179,-6.38386],[-48.3347,-6.37644]]]},"properties":{"CD_MUN":"1718550","NM_MUN":"Riachinho","SIGLA_UF":"TO"}},{"type":"Feature","geometry":{"type":"Polygon","coordinates":[[[-48.66481,-6.66358],[-48.65115,-6.63975],[-48.65142,-6.61194],[-48.66356,-6.57046],[-48.66256,-6.55769],[-48.65731,-6.5393],[-48.64592,-6.52372],[-48.64547,-6.50877],[-48.63109,-6.48777],[-48.62519,-6.49289],[-48.63258,-6.53296],[-48.62906,-6.54663],[-48.63403,-6.55089],[-48.63767,-6.54817],[-48.64039,-6.55651],[-48.63367,-6.56674],[-48.63214,-6.55922],[-48.62661,-6.55958],[-48.62578,-6.56918],[-48.63323,-6.57109],[-48.6352,-6.58241],[-48.60495,-6.58267],[-48.59978,-6.59064],[-48.60106,-6.59879],[-48.5912,-6.59526],[-48.59337,-6.60223],[-48.58603,-6.60757],[-48.586,-6.62569],[-48.56998,-6.62604],[-48.57214,-6.63737],[-48.55712,-6.63718],[-48.54025,-6.65311],[-48.5245,-6.65989],[-48.52411,-6.66524],[-48.50023,-6.66684],[-48.49917,-6.65777],[-48.49151,-6.65249],[-48.48686,-6.66161],[-48.47153,-6.6649],[-48.46797,-6.67558],[-48.46356,-6.67094],[-48.46411,-6.68679],[-48.45667,-6.69219],[-48.45897,-6.70506],[-48.44945,-6.71289],[-48.45723,-6.71618],[-48.45592,-6.72677],[-48.46595,-6.73188],[-48.46131,-6.73956],[-48.46631,-6.75297],[-48.47973,-6.75031],[-48.47462,-6.75871],[-48.46512,-6.76175],[-48.47189,-6.7635],[-48.46381,-6.77061],[-48.47031,-6.77101],[-48.45887,-6.78554],[-48.45959,-6.80564],[-48.4652,-6.80702],[-48.46443,-6.82241],[-48.45637,-6.82074],[-48.45631,-6.81359],[-48.44862,-6.81021],[-48.42795,-6.83765],[-48.42334,-6.83627],[-48.42554,-6.8285],[-48.4222,-6.82713],[-48.41554,-6.84131],[-48.40168,-6.8399],[-48.38523,-6.8525],[-48.355,-6.86668],[-48.35134,-6.87563],[-48.36045,-6.88508],[-48.34018,-6.88536],[-48.34201,-6.89704],[-48.32937,-6.89319],[-48.31276,-6.89882],[-48.31645,-6.92526],[-48.33263,-6.9236],[-48.33548,-6.93231],[-48.34325,-6.93661],[-48.36505,-6.94094],[-48.41213,-6.96421],[-48.41517,-6.97345],[-48.42262,-6.97538],[-48.42848,-6.99631],[-48.43417,-7.00026],[-48.50046,-7.00003],[-48.50563,-6.99323],[-48.50533,-6.98362],[-48.5303,-6.95944],[-48.54529,-6.94993],[-48.55669,-6.95405],[-48.56405,-6.94899],[-48.5541,-6.93593],[-48.55825,-6.90055],[-48.5518,-6.89535],[-48.548,-6.88037],[-48.5545,-6.86712],[-48.55072,-6.85891],[-48.55513,-6.84914],[-48.56374,-6.8569],[-48.59147,-6.85332],[-48.59385,-6.84011],[-48.60063,-6.83298],[-48.61042,-6.83441],[-48.63269,-6.84962],[-48.64106,-6.84821],[-48.64311,-6.83612],[-48.63212,-6.82681],[-48.63253,-6.81566],[-48.64549,-6.80681],[-48.64174,-6.79709],[-48.6514,-6.78557],[-48.64745,-6.77789],[-48.64943,-6.76614],[-48.65906,-6.76369],[-48.66414,-6.75573],[-48.64957,-6.74292],[-48.65178,-6.73685],[-48.64537,-6.73514],[-48.64128,-6.72565],[-48.65022,-6.70912],[-48.65844,-6.70724],[-48.65401,-6.70546],[-48.65901,-6.68689],[-48.65436,-6.68442],[-48.6648,-6.66368],[-48.66481,-6.66358]]]},"properties":{"CD_MUN":"1702158","NM_MUN":"Araguanã","SIGLA_UF":"TO"}},{"type":"Feature","geometry":{"type":"Polygon","coordinates":[[[-47.25056,-8.47939],[-47.23784,-8.48565],[-47.2394,-8.4744],[-47.22654,-8.47359],[-47.22034,-8.46161],[-47.20814,-8.45879],[-47.2065,-8.44582],[-47.2135,-8.44409],[-47.19667,-8.42712],[-47.20295,-8.42141],[-47.18592,-8.41605],[-47.1792,-8.40353],[-47.16588,-8.39373],[-47.15303,-8.41005],[-47.14875,-8.42393],[-47.12742,-8.43408],[-47.1212,-8.4613],[-47.11576,-8.45957],[-47.1059,-8.47263],[-47.10417,-8.46655],[-47.09222,-8.4757],[-47.08003,-8.47452],[-47.06517,-8.46335],[-47.04803,-8.48039],[-47.04364,-8.49346],[-47.03697,-8.49881],[-47.03281,-8.49453],[-47.02995,-8.50303],[-47.01543,-8.49499],[-46.99154,-8.50163],[-46.98048,-8.49664],[-46.95773,-8.49937],[-46.95289,-8.49129],[-46.93989,-8.50576],[-46.93694,-8.50163],[-46.92658,-8.50855],[-46.89575,-8.51619],[-46.88451,-8.52868],[-46.86859,-8.52645],[-46.84589,-8.53206],[-46.85225,-8.54457],[-46.85936,-8.5452],[-46.86208,-8.55902],[-46.87469,-8.55523],[-46.87214,-8.56269],[-46.87617,-8.56345],[-46.87403,-8.56747],[-46.87791,-8.56551],[-46.878,-8.57249],[-46.88258,-8.56672],[-46.88828,-8.57688],[-46.89228,-8.57049],[-46.89283,-8.57836],[-46.89708,-8.57667],[-46.89681,-8.58338],[-46.9015,-8.58621],[-46.89986,-8.59222],[-46.91361,-8.58705],[-46.91564,-8.59571],[-46.90316,-8.5957],[-46.89697,-8.60095],[-46.903,-8.60295],[-46.89703,-8.6062],[-46.90461,-8.60873],[-46.90114,-8.61312],[-46.90714,-8.61395],[-46.9065,-8.61966],[-46.91173,-8.62267],[-46.91634,-8.63285],[-46.91095,-8.63962],[-46.91564,-8.64835],[-46.90187,-8.65315],[-46.90314,-8.66165],[-46.89495,-8.65968],[-46.89548,-8.66519],[-46.88842,-8.66972],[-46.8862,-8.68642],[-46.91362,-8.70852],[-46.9165,-8.72605],[-46.92784,-8.72337],[-46.93053,-8.72668],[-46.9172,-8.75123],[-46.91656,-8.76238],[-46.90884,-8.76447],[-46.91054,-8.76871],[-46.90426,-8.77541],[-46.90206,-8.81448],[-46.91293,-8.82276],[-46.90654,-8.82837],[-46.91734,-8.83964],[-46.91271,-8.84776],[-46.9174,-8.85693],[-46.94082,-8.85942],[-46.95899,-8.87539],[-46.96482,-8.86761],[-46.97738,-8.86771],[-46.99218,-8.87883],[-46.98532,-8.88834],[-46.98565,-8.89866],[-46.97488,-8.90298],[-46.96988,-8.91156],[-46.97068,-8.91635],[-46.98165,-8.91991],[-46.98402,-8.93229],[-46.9921,-8.92357],[-47.01116,-8.92416],[-47.02822,-8.89961],[-47.05335,-8.88801],[-47.06327,-8.89534],[-47.06519,-8.90658],[-47.07649,-8.90884],[-47.09235,-8.89805],[-47.09891,-8.90059],[-47.10327,-8.91119],[-47.10019,-8.9139],[-47.11758,-8.92233],[-47.12077,-8.93818],[-47.129,-8.93854],[-47.13955,-8.92259],[-47.15358,-8.92476],[-47.15275,-8.91779],[-47.15805,-8.92467],[-47.16388,-8.92467],[-47.16005,-8.93146],[-47.17463,-8.93091],[-47.22907,-8.91533],[-47.23177,-8.8942],[-47.2254,-8.88976],[-47.22583,-8.87381],[-47.21742,-8.86222],[-47.22072,-8.84048],[-47.21123,-8.81141],[-47.22876,-8.80474],[-47.23668,-8.80662],[-47.23375,-8.79503],[-47.24452,-8.78419],[-47.24177,-8.74301],[-47.24705,-8.73663],[-47.24491,-8.73329],[-47.25838,-8.72159],[-47.25513,-8.70343],[-47.26202,-8.70243],[-47.26199,-8.69854],[-47.25355,-8.69553],[-47.26095,-8.67956],[-47.26989,-8.67404],[-47.26664,-8.66574],[-47.2713,-8.66172],[-47.26718,-8.65631],[-47.27341,-8.65039],[-47.26867,-8.64399],[-47.26911,-8.62853],[-47.27411,-8.6216],[-47.27998,-8.62156],[-47.27014,-8.60161],[-47.27402,-8.59582],[-47.2672,-8.58771],[-47.2705,-8.57704],[-47.28716,-8.56722],[-47.28686,-8.55459],[-47.27692,-8.54798],[-47.2722,-8.55093],[-47.27778,-8.5413],[-47.27102,-8.54168],[-47.26093,-8.53368],[-47.27151,-8.52967],[-47.26616,-8.52694],[-47.26628,-8.51193],[-47.2586,-8.51361],[-47.25771,-8.50053],[-47.26178,-8.49466],[-47.25449,-8.48834],[-47.25801,-8.48444],[-47.24963,-8.48425],[-47.25056,-8.47939]]]},"properties":{"CD_MUN":"1718501","NM_MUN":"Recursolândia","SIGLA_UF":"TO"}},{"type":"Feature","geometry":{"type":"Polygon","coordinates":[[[-48.40687,-5.28485],[-48.38969,-5.27983],[-48.37294,-5.28523],[-48.36889,-5.27924],[-48.36319,-5.28159],[-48.35252,-5.27522],[-48.34646,-5.28037],[-48.32847,-5.28124],[-48.32119,-5.29582],[-48.31333,-5.29989],[-48.27541,-5.30406],[-48.2743,-5.30886],[-48.2573,-5.31046],[-48.24977,-5.31869],[-48.21938,-5.32333],[-48.21847,-5.33022],[-48.23552,-5.33679],[-48.23877,-5.34622],[-48.22511,-5.34737],[-48.21966,-5.35914],[-48.20816,-5.36301],[-48.20686,-5.38023],[-48.19186,-5.37222],[-48.18141,-5.38724],[-48.16152,-5.38792],[-48.16141,-5.39272],[-48.1386,-5.40055],[-48.1228,-5.42825],[-48.11402,-5.42904],[-48.10841,-5.42105],[-48.09405,-5.42065],[-48.08913,-5.43033],[-48.07075,-5.44442],[-48.05302,-5.44347],[-48.04594,-5.44816],[-48.04555,-5.46312],[-48.03677,-5.46237],[-48.02852,-5.46905],[-48.02038,-5.46667],[-48.02152,-5.47701],[-48.01247,-5.48278],[-48.00983,-5.50261],[-47.99688,-5.51864],[-47.98566,-5.5241],[-47.97883,-5.54125],[-47.96852,-5.54806],[-47.97205,-5.5667],[-47.9533,-5.56146],[-47.93624,-5.56759],[-47.92821,-5.5804],[-47.93041,-5.59022],[-47.91663,-5.5948],[-47.90799,-5.61611],[-47.88591,-5.60937],[-47.88627,-5.62136],[-47.8801,-5.62759],[-47.88619,-5.63144],[-47.87497,-5.64922],[-47.87658,-5.65743],[-47.8683,-5.66442],[-47.84355,-5.66292],[-47.83852,-5.64879],[-47.83269,-5.64923],[-47.83269,-5.65921],[-47.82307,-5.66628],[-47.81372,-5.66391],[-47.80069,-5.67006],[-47.7846,-5.69366],[-47.77816,-5.70018],[-47.7786,-5.70925],[-47.76772,-5.7206],[-47.77102,-5.73313],[-47.76472,-5.74088],[-47.77202,-5.75088],[-47.78053,-5.75206],[-47.7788,-5.75619],[-47.78411,-5.76112],[-47.7925,-5.7657],[-47.80761,-5.76484],[-47.81877,-5.74997],[-47.84356,-5.75664],[-47.86425,-5.75338],[-47.86628,-5.74499],[-47.88008,-5.73873],[-47.88794,-5.74495],[-47.8965,-5.73764],[-47.90039,-5.74238],[-47.89611,-5.7465],[-47.90217,-5.75413],[-47.91998,-5.7568],[-47.92364,-5.75203],[-47.93183,-5.75233],[-47.93345,-5.76442],[-47.94683,-5.76138],[-47.95222,-5.76644],[-47.96409,-5.75635],[-47.97381,-5.75812],[-47.97078,-5.75371],[-47.97461,-5.7543],[-47.98036,-5.74328],[-47.98362,-5.75037],[-47.99,-5.74556],[-47.99414,-5.74959],[-47.99914,-5.74295],[-48.00313,-5.73982],[-48.01754,-5.74607],[-48.03365,-5.73868],[-48.05044,-5.74454],[-48.04466,-5.76651],[-48.02999,-5.77236],[-48.01613,-5.78967],[-47.99863,-5.79591],[-47.98945,-5.81782],[-47.99856,-5.83272],[-48.02142,-5.84046],[-48.03718,-5.85855],[-48.06711,-5.87941],[-48.07783,-5.88122],[-48.082,-5.90875],[-48.09083,-5.92423],[-48.08612,-5.93663],[-48.06885,-5.95264],[-48.07446,-5.96554],[-48.08833,-5.9646],[-48.10389,-5.97299],[-48.11874,-5.97419],[-48.13628,-5.98703],[-48.14606,-6.00134],[-48.16302,-6.00886],[-48.17757,-6.00797],[-48.19245,-5.99884],[-48.20596,-6.00407],[-48.21585,-5.99873],[-48.22294,-6.00535],[-48.2298,-6.00342],[-48.23516,-6.00856],[-48.2278,-5.99247],[-48.23899,-5.98795],[-48.22624,-5.95569],[-48.23079,-5.94602],[-48.2288,-5.92657],[-48.23346,-5.91318],[-48.27813,-5.86097],[-48.29113,-5.83676],[-48.29896,-5.79581],[-48.29679,-5.76492],[-48.2894,-5.74342],[-48.27488,-5.7264],[-48.2192,-5.72804],[-48.1727,-5.70989],[-48.14037,-5.6542],[-48.13759,-5.64001],[-48.1452,-5.62229],[-48.16012,-5.60547],[-48.223,-5.55877],[-48.29731,-5.53769],[-48.32681,-5.5022],[-48.31323,-5.49626],[-48.33936,-5.46504],[-48.34248,-5.44474],[-48.3572,-5.42129],[-48.36914,-5.41542],[-48.43548,-5.41094],[-48.44528,-5.39628],[-48.43954,-5.37948],[-48.44279,-5.3576],[-48.45162,-5.34596],[-48.44971,-5.33699],[-48.4392,-5.32062],[-48.40709,-5.31398],[-48.40687,-5.28485]]]},"properties":{"CD_MUN":"1702208","NM_MUN":"Araguatins","SIGLA_UF":"TO"}},{"type":"Feature","geometry":{"type":"Polygon","coordinates":[[[-48.29182,-6.94226],[-48.2847,-6.95672],[-48.28834,-6.96896],[-48.27862,-6.97824],[-48.27265,-6.97513],[-48.25681,-6.99081],[-48.2254,-6.98904],[-48.20565,-7.00808],[-48.18231,-7.01498],[-48.19359,-7.04494],[-48.1884,-7.05559],[-48.19629,-7.06669],[-48.18945,-7.0812],[-48.19257,-7.10722],[-48.18232,-7.12663],[-48.19659,-7.14624],[-48.0566,-7.35704],[-48.07704,-7.37982],[-48.08002,-7.39114],[-48.0943,-7.39679],[-48.10288,-7.40872],[-48.12152,-7.40515],[-48.15572,-7.41405],[-48.17622,-7.44834],[-48.192,-7.46274],[-48.21236,-7.469],[-48.23648,-7.48842],[-48.26517,-7.48901],[-48.2825,-7.48022],[-48.27867,-7.47023],[-48.29272,-7.45138],[-48.33545,-7.44454],[-48.34006,-7.45836],[-48.37267,-7.46948],[-48.37803,-7.48622],[-48.39009,-7.5009],[-48.41981,-7.49485],[-48.43279,-7.50519],[-48.44479,-7.49842],[-48.44459,-7.51554],[-48.45768,-7.52552],[-48.45532,-7.53322],[-48.47373,-7.55263],[-48.47282,-7.57158],[-48.49107,-7.58528],[-48.50926,-7.58485],[-48.51213,-7.59329],[-48.5271,-7.59489],[-48.53849,-7.5858],[-48.5389,-7.57582],[-48.56349,-7.56071],[-48.5699,-7.54977],[-48.58543,-7.54667],[-48.58702,-7.55882],[-48.59355,-7.56229],[-48.61091,-7.55875],[-48.60869,-7.54722],[-48.61307,-7.54108],[-48.63216,-7.54107],[-48.62504,-7.52437],[-48.61371,-7.51879],[-48.61429,-7.51145],[-48.62387,-7.50162],[-48.65079,-7.50907],[-48.68082,-7.48398],[-48.72566,-7.49971],[-48.73627,-7.48576],[-48.75713,-7.48466],[-48.76393,-7.49036],[-48.76782,-7.48465],[-48.78788,-7.48419],[-48.78516,-7.46961],[-48.79429,-7.46344],[-48.79502,-7.45403],[-48.80871,-7.44098],[-48.81724,-7.44015],[-48.82141,-7.44957],[-48.83169,-7.45563],[-48.85036,-7.45352],[-48.85744,-7.448],[-48.86244,-7.4527],[-48.86677,-7.44591],[-48.88219,-7.44344],[-48.88866,-7.4525],[-48.90888,-7.46144],[-48.91244,-7.47674],[-48.92388,-7.48388],[-48.93947,-7.4624],[-48.93763,-7.4462],[-48.94324,-7.43278],[-48.96794,-7.44652],[-48.98574,-7.46543],[-48.99208,-7.46189],[-48.99961,-7.47261],[-49.00497,-7.47708],[-49.01086,-7.49979],[-49.01775,-7.50456],[-49.15523,-7.49428],[-49.18248,-7.49406],[-49.19498,-7.49984],[-49.21584,-7.48995],[-49.23709,-7.48821],[-49.23865,-7.45282],[-49.25953,-7.41611],[-49.25356,-7.39329],[-49.25509,-7.3819],[-49.26501,-7.36736],[-49.26492,-7.36727],[-49.2283,-7.32216],[-49.1843,-7.23495],[-49.18624,-7.19248],[-49.17279,-7.20068],[-49.11598,-7.21208],[-49.10655,-7.21614],[-49.1056,-7.22334],[-49.06948,-7.22933],[-49.04374,-7.24505],[-49.03521,-7.24327],[-49.0328,-7.25029],[-49.0232,-7.25254],[-49.01532,-7.26098],[-49.00912,-7.25176],[-48.9971,-7.25174],[-48.98955,-7.24169],[-48.97132,-7.23276],[-48.96028,-7.23109],[-48.95395,-7.23527],[-48.93128,-7.23093],[-48.88501,-7.24946],[-48.88114,-7.26037],[-48.86897,-7.24412],[-48.86243,-7.24391],[-48.85162,-7.26001],[-48.83484,-7.26401],[-48.75891,-7.26978],[-48.75352,-7.26437],[-48.72817,-7.27552],[-48.70942,-7.2718],[-48.68248,-7.28062],[-48.67467,-7.27869],[-48.66717,-7.26925],[-48.66548,-7.28543],[-48.56015,-7.28267],[-48.46437,-7.26713],[-48.46524,-7.14948],[-48.45473,-7.15866],[-48.42951,-7.1591],[-48.42476,-7.15016],[-48.41751,-7.15178],[-48.39634,-7.13958],[-48.37329,-7.13542],[-48.36483,-7.14194],[-48.35204,-7.14073],[-48.34426,-7.13478],[-48.33471,-7.13876],[-48.30668,-7.12132],[-48.30548,-7.11301],[-48.31607,-7.10626],[-48.31002,-7.10123],[-48.30403,-7.10525],[-48.30422,-7.0726],[-48.30884,-7.06936],[-48.30129,-7.06303],[-48.29578,-7.04691],[-48.30755,-7.03135],[-48.30317,-7.02274],[-48.3096,-6.98783],[-48.30501,-6.98595],[-48.29649,-6.95989],[-48.29909,-6.94661],[-48.29182,-6.94226]]]},"properties":{"CD_MUN":"1702109","NM_MUN":"Araguaína","SIGLA_UF":"TO"}},{"type":"Feature","geometry":{"type":"Polygon","coordinates":[[[-48.65475,-8.39918],[-48.62638,-8.40094],[-48.6198,-8.3888],[-48.63194,-8.35319],[-48.62691,-8.34697],[-48.6293,-8.33929],[-48.62224,-8.33421],[-48.60473,-8.34523],[-48.60061,-8.35565],[-48.56862,-8.36043],[-48.57145,-8.37356],[-48.55576,-8.37086],[-48.55538,-8.37883],[-48.53297,-8.39167],[-48.53035,-8.39949],[-48.52236,-8.39506],[-48.48162,-8.42317],[-48.46483,-8.40323],[-48.45317,-8.4013],[-48.44677,-8.3918],[-48.43683,-8.39893],[-48.43469,-8.39382],[-48.42854,-8.4005],[-48.40977,-8.39149],[-48.37757,-8.39198],[-48.35932,-8.38013],[-48.33038,-8.33796],[-48.29461,-8.3432],[-48.28185,-8.33723],[-48.27354,-8.33538],[-48.27072,-8.34],[-48.26607,-8.36782],[-48.27232,-8.39815],[-48.29509,-8.42965],[-48.29522,-8.45751],[-48.27632,-8.47521],[-48.2922,-8.49638],[-48.29786,-8.51565],[-48.29251,-8.52319],[-48.32493,-8.53086],[-48.33549,-8.53785],[-48.33494,-8.54545],[-48.34358,-8.54248],[-48.34835,-8.55552],[-48.35535,-8.56051],[-48.36091,-8.55672],[-48.37572,-8.56245],[-48.39091,-8.56048],[-48.39997,-8.56918],[-48.4068,-8.56757],[-48.41889,-8.57573],[-48.44242,-8.58093],[-48.44567,-8.59044],[-48.45358,-8.59054],[-48.45794,-8.59616],[-48.4715,-8.59202],[-48.48603,-8.6048],[-48.49878,-8.59858],[-48.53011,-8.61317],[-48.53248,-8.60608],[-48.55914,-8.59317],[-48.57784,-8.56795],[-48.64114,-8.56725],[-48.65245,-8.54441],[-48.64236,-8.53119],[-48.64151,-8.5223],[-48.65325,-8.50053],[-48.65081,-8.49602],[-48.66017,-8.49141],[-48.67278,-8.47177],[-48.6635,-8.46159],[-48.65341,-8.43517],[-48.653,-8.41784],[-48.66063,-8.40323],[-48.65475,-8.39918]]]},"properties":{"CD_MUN":"1718402","NM_MUN":"Presidente Kennedy","SIGLA_UF":"TO"}},{"type":"Feature","geometry":{"type":"Polygon","coordinates":[[[-49.55786,-12.41894],[-49.55292,-12.40593],[-49.53772,-12.41863],[-49.53689,-12.43359],[-49.51906,-12.43078],[-49.52258,-12.44067],[-49.50847,-12.45094],[-49.51586,-12.4612],[-49.49528,-12.45991],[-49.50692,-12.47532],[-49.49436,-12.48774],[-49.48653,-12.48626],[-49.48561,-12.47548],[-49.47878,-12.48008],[-49.47559,-12.47118],[-49.46755,-12.46781],[-49.4595,-12.48437],[-49.42997,-12.48528],[-49.42742,-12.51675],[-49.41014,-12.5086],[-49.39431,-12.51135],[-49.39136,-12.51936],[-49.37561,-12.53163],[-49.36211,-12.53331],[-49.36378,-12.53736],[-49.35603,-12.54545],[-49.35908,-12.55367],[-49.35478,-12.55612],[-49.36025,-12.56303],[-49.34784,-12.58706],[-49.34712,-12.60717],[-49.32903,-12.63261],[-49.33503,-12.65014],[-49.33173,-12.66992],[-49.33931,-12.67362],[-49.34173,-12.69043],[-49.34981,-12.69187],[-49.34448,-12.70327],[-49.35034,-12.72632],[-49.3459,-12.73584],[-49.34848,-12.7532],[-49.3539,-12.75866],[-49.34356,-12.77947],[-49.34598,-12.79203],[-49.32123,-12.80429],[-49.32301,-12.81574],[-49.31737,-12.81997],[-49.31543,-12.81567],[-49.29201,-12.81454],[-49.27896,-12.83674],[-49.26326,-12.84066],[-49.25565,-12.85038],[-49.25157,-12.86035],[-49.25365,-12.87463],[-49.2479,-12.87097],[-49.2369,-12.88396],[-49.23485,-12.89361],[-49.24923,-12.9029],[-49.24595,-12.91687],[-49.25065,-12.9303],[-49.25732,-12.94176],[-49.26696,-12.9446],[-49.27852,-12.96914],[-49.27521,-12.98067],[-49.27863,-12.98953],[-49.29724,-13.01379],[-49.30329,-13.02957],[-49.33696,-13.06626],[-49.35324,-13.10082],[-49.35397,-13.1098],[-49.34433,-13.11739],[-49.34144,-13.12717],[-49.35433,-13.15376],[-49.34436,-13.17729],[-49.34786,-13.18954],[-49.34339,-13.19986],[-49.34844,-13.21392],[-49.33942,-13.23456],[-49.33892,-13.25078],[-49.36903,-13.27459],[-49.9087,-12.974],[-49.91093,-12.96676],[-49.92118,-12.96242],[-49.93892,-12.95689],[-49.95223,-12.95979],[-49.97868,-12.93932],[-49.98929,-12.94593],[-50.00254,-12.93368],[-50.01746,-12.92918],[-50.04156,-12.93446],[-50.04984,-12.92251],[-50.07077,-12.91794],[-50.0784,-12.9059],[-50.10924,-12.91138],[-50.14934,-12.90289],[-50.16015,-12.89362],[-50.17249,-12.89712],[-50.18057,-12.89231],[-50.18293,-12.89673],[-50.19951,-12.88422],[-50.20424,-12.88535],[-50.21068,-12.87622],[-50.22463,-12.87425],[-50.22493,-12.86156],[-50.22954,-12.85915],[-50.23105,-12.85405],[-50.23563,-12.85763],[-50.24185,-12.85267],[-50.25035,-12.85385],[-50.2506,-12.84976],[-50.26304,-12.84772],[-50.26768,-12.84178],[-50.28415,-12.84341],[-50.28868,-12.83638],[-50.29216,-12.83987],[-50.30071,-12.82092],[-50.30668,-12.81958],[-50.30543,-12.80581],[-50.31079,-12.7985],[-50.30282,-12.78155],[-50.30618,-12.76728],[-50.29502,-12.75344],[-50.30176,-12.74566],[-50.28826,-12.7352],[-50.2837,-12.71811],[-50.2991,-12.70661],[-50.29379,-12.69561],[-50.29993,-12.68221],[-50.2934,-12.67666],[-50.2937,-12.68781],[-50.28551,-12.68201],[-50.2807,-12.68896],[-50.27976,-12.67881],[-50.26632,-12.68241],[-50.27003,-12.67756],[-50.2637,-12.66385],[-50.26931,-12.65481],[-50.25906,-12.64577],[-50.26192,-12.63766],[-50.25662,-12.63491],[-50.25467,-12.62496],[-50.24809,-12.63102],[-50.23648,-12.62398],[-50.2452,-12.59733],[-50.2377,-12.57954],[-50.23445,-12.57777],[-50.22673,-12.58646],[-50.20784,-12.57298],[-50.20356,-12.56415],[-50.19268,-12.56427],[-50.18704,-12.58524],[-50.16929,-12.60902],[-50.13946,-12.62347],[-50.10989,-12.611],[-50.10176,-12.61168],[-50.07438,-12.62371],[-50.03758,-12.66015],[-49.99854,-12.64459],[-49.98692,-12.64677],[-49.98313,-12.64564],[-49.98459,-12.64091],[-49.96964,-12.642],[-49.94809,-12.64803],[-49.9262,-12.66467],[-49.9068,-12.66875],[-49.89464,-12.66021],[-49.86854,-12.67453],[-49.84946,-12.67765],[-49.83782,-12.68727],[-49.80534,-12.68574],[-49.80054,-12.67398],[-49.79465,-12.72184],[-49.78902,-12.70623],[-49.76976,-12.70603],[-49.74733,-12.69326],[-49.71626,-12.64371],[-49.70384,-12.63201],[-49.66488,-12.61545],[-49.65734,-12.62031],[-49.63992,-12.61065],[-49.61514,-12.61189],[-49.60676,-12.59622],[-49.59055,-12.59114],[-49.58528,-12.58147],[-49.56599,-12.57046],[-49.55472,-12.55379],[-49.54646,-12.55089],[-49.54113,-12.53995],[-49.52262,-12.5322],[-49.51673,-12.5219],[-49.51906,-12.50935],[-49.53326,-12.50704],[-49.54583,-12.49187],[-49.54394,-12.47377],[-49.55442,-12.47224],[-49.55715,-12.46753],[-49.54143,-12.45689],[-49.55547,-12.44975],[-49.55075,-12.42202],[-49.55784,-12.41895],[-49.55786,-12.41894]]]},"properties":{"CD_MUN":"1702000","NM_MUN":"Araguaçu","SIGLA_UF":"TO"}},{"type":"Feature","geometry":{"type":"Polygon","coordinates":[[[-48.7018,-8.21564],[-48.68852,-8.23989],[-48.69538,-8.24523],[-48.6918,-8.26479],[-48.69522,-8.26836],[-48.6841,-8.28312],[-48.69208,-8.30497],[-48.68561,-8.31352],[-48.69103,-8.32529],[-48.68488,-8.35325],[-48.68886,-8.364],[-48.68091,-8.37344],[-48.68,-8.38857],[-48.65475,-8.39918],[-48.66063,-8.40323],[-48.653,-8.41784],[-48.65341,-8.43517],[-48.6635,-8.46159],[-48.67278,-8.47177],[-48.66017,-8.49141],[-48.65081,-8.49602],[-48.65325,-8.50053],[-48.64151,-8.5223],[-48.64236,-8.53119],[-48.65245,-8.54441],[-48.64114,-8.56725],[-48.63487,-8.59641],[-48.62787,-8.60361],[-48.63167,-8.61704],[-48.62806,-8.62331],[-48.63675,-8.6349],[-48.64229,-8.62144],[-48.67051,-8.63267],[-48.67312,-8.62622],[-48.68445,-8.62717],[-48.70082,-8.61384],[-48.7259,-8.63453],[-48.73604,-8.63449],[-48.74045,-8.62621],[-48.75643,-8.62568],[-48.75457,-8.61924],[-48.76665,-8.60729],[-48.77759,-8.60888],[-48.79874,-8.59816],[-48.80604,-8.60231],[-48.82096,-8.59107],[-48.83915,-8.60325],[-48.84596,-8.5935],[-48.84471,-8.59977],[-48.85712,-8.59744],[-48.87293,-8.58792],[-48.87182,-8.58112],[-48.88229,-8.57944],[-48.88151,-8.57081],[-48.88676,-8.56134],[-48.89406,-8.56049],[-48.89376,-8.55277],[-48.89732,-8.55639],[-48.89996,-8.55057],[-48.90271,-8.55346],[-48.90623,-8.54972],[-48.89763,-8.53959],[-48.90862,-8.53654],[-48.91151,-8.50892],[-48.91982,-8.5076],[-48.91701,-8.49551],[-48.85562,-8.40974],[-48.763,-8.23346],[-48.7018,-8.21564]]]},"properties":{"CD_MUN":"1711100","NM_MUN":"Itaporã do Tocantins","SIGLA_UF":"TO"}},{"type":"Feature","geometry":{"type":"Polygon","coordinates":[[[-47.83852,-5.64879],[-47.83416,-5.63641],[-47.83994,-5.62152],[-47.83585,-5.61206],[-47.83793,-5.59963],[-47.7014,-5.6033],[-47.68899,-5.61492],[-47.69299,-5.63488],[-47.71054,-5.63824],[-47.71463,-5.65017],[-47.75955,-5.6534],[-47.76888,-5.67084],[-47.76855,-5.68199],[-47.7846,-5.69366],[-47.80069,-5.67006],[-47.81372,-5.66391],[-47.82307,-5.66628],[-47.83269,-5.65921],[-47.83269,-5.64923],[-47.83852,-5.64879]]]},"properties":{"CD_MUN":"1702901","NM_MUN":"Axixá do Tocantins","SIGLA_UF":"TO"}},{"type":"Feature","geometry":{"type":"Polygon","coordinates":[[[-48.1533,-8.15524],[-48.12803,-8.10695],[-48.10983,-8.08784],[-48.06705,-8.0908],[-48.02974,-8.08686],[-47.98707,-8.07471],[-47.94623,-8.05194],[-47.94943,-7.99259],[-47.95834,-7.94579],[-47.95287,-7.92639],[-47.93567,-7.9324],[-47.94507,-7.94722],[-47.93062,-7.95055],[-47.93682,-7.96036],[-47.92592,-7.96833],[-47.92301,-7.98305],[-47.91051,-7.97897],[-47.8984,-7.98322],[-47.90495,-7.99422],[-47.90515,-8.0144],[-47.8941,-8.011],[-47.88804,-8.01389],[-47.88798,-8.02331],[-47.89356,-8.02769],[-47.88612,-8.05007],[-47.89618,-8.06036],[-47.88393,-8.06894],[-47.88254,-8.07503],[-47.8874,-8.0862],[-47.89785,-8.09205],[-47.89396,-8.10171],[-47.89815,-8.1089],[-47.89013,-8.11407],[-47.89799,-8.1254],[-47.89257,-8.13525],[-47.90027,-8.14041],[-47.89671,-8.15368],[-47.90077,-8.1655],[-47.90744,-8.16494],[-47.91869,-8.17989],[-47.92354,-8.17804],[-47.93016,-8.18524],[-47.95978,-8.17361],[-47.96266,-8.19484],[-47.97614,-8.20504],[-47.96695,-8.24327],[-47.97398,-8.25054],[-47.9771,-8.26419],[-47.96029,-8.28019],[-47.96259,-8.29921],[-47.94835,-8.32329],[-47.98785,-8.35612],[-47.99135,-8.39898],[-47.98518,-8.40097],[-47.98443,-8.41343],[-47.97682,-8.41484],[-47.96846,-8.42553],[-47.96582,-8.43957],[-47.97546,-8.45929],[-47.95818,-8.46404],[-47.95667,-8.48243],[-47.9729,-8.50861],[-47.98725,-8.50529],[-47.98347,-8.51626],[-47.99156,-8.51804],[-47.99322,-8.52442],[-47.97379,-8.53101],[-47.96179,-8.54253],[-47.96866,-8.55171],[-47.94274,-8.57357],[-47.95177,-8.58918],[-47.97166,-8.60519],[-47.98,-8.60299],[-47.98833,-8.60919],[-48.00219,-8.60921],[-48.02363,-8.62165],[-48.02296,-8.6405],[-48.01549,-8.65049],[-48.01577,-8.65725],[-48.02429,-8.65855],[-48.02063,-8.66704],[-48.02538,-8.66488],[-48.02843,-8.67095],[-48.03318,-8.66834],[-48.03799,-8.67197],[-48.04962,-8.6682],[-48.05807,-8.6742],[-48.0651,-8.66435],[-48.07638,-8.66249],[-48.07973,-8.66711],[-48.08029,-8.65924],[-48.08821,-8.65673],[-48.09474,-8.66371],[-48.09765,-8.65766],[-48.10193,-8.65921],[-48.1114,-8.65127],[-48.11207,-8.64512],[-48.12899,-8.63629],[-48.1351,-8.59587],[-48.13221,-8.54484],[-48.12943,-8.52755],[-48.10754,-8.52433],[-48.09596,-8.51209],[-48.08223,-8.46089],[-48.08012,-8.42245],[-48.1152,-8.38551],[-48.12664,-8.36682],[-48.13176,-8.28765],[-48.14386,-8.23106],[-48.16119,-8.19603],[-48.16017,-8.17454],[-48.1533,-8.15524]]]},"properties":{"CD_MUN":"1710904","NM_MUN":"Itapiratins","SIGLA_UF":"TO"}},{"type":"Feature","geometry":{"type":"Polygon","coordinates":[[[-47.79349,-10.16637],[-47.77252,-10.16239],[-47.77054,-10.16677],[-47.76082,-10.16741],[-47.76218,-10.17476],[-47.75515,-10.17683],[-47.75365,-10.18448],[-47.73548,-10.18383],[-47.71502,-10.19848],[-47.71065,-10.19343],[-47.67451,-10.19578],[-47.65937,-10.20465],[-47.64421,-10.2217],[-47.63151,-10.21691],[-47.62495,-10.23033],[-47.61318,-10.23753],[-47.60082,-10.23992],[-47.59754,-10.23286],[-47.56888,-10.24975],[-47.57197,-10.25438],[-47.59673,-10.2501],[-47.61878,-10.25633],[-47.62721,-10.26655],[-47.64413,-10.26775],[-47.64411,-10.28308],[-47.63399,-10.29208],[-47.64028,-10.3277],[-47.62118,-10.33977],[-47.61983,-10.34881],[-47.6651,-10.38097],[-47.66737,-10.39392],[-47.67244,-10.39355],[-47.66963,-10.39839],[-47.67674,-10.39442],[-47.67699,-10.40069],[-47.69513,-10.40496],[-47.70902,-10.39965],[-47.71614,-10.40448],[-47.72299,-10.40197],[-47.73755,-10.41536],[-47.74577,-10.4121],[-47.75258,-10.42175],[-47.75233,-10.41567],[-47.76264,-10.41829],[-47.76888,-10.41141],[-47.77124,-10.41602],[-47.7761,-10.40707],[-47.77892,-10.41104],[-47.79791,-10.40431],[-47.80505,-10.40887],[-47.82291,-10.40778],[-47.82569,-10.39994],[-47.83722,-10.39537],[-47.84166,-10.3816],[-47.86455,-10.37664],[-47.8658,-10.33783],[-47.86736,-10.32927],[-47.85619,-10.32248],[-47.85444,-10.31541],[-47.85794,-10.28939],[-47.82968,-10.26278],[-47.81705,-10.23774],[-47.81435,-10.20723],[-47.7946,-10.17789],[-47.79349,-10.16637]]]},"properties":{"CD_MUN":"1719004","NM_MUN":"Santa Tereza do Tocantins","SIGLA_UF":"TO"}},{"type":"Feature","geometry":{"type":"Polygon","coordinates":[[[-46.15316,-12.48327],[-46.16145,-12.49555],[-46.15675,-12.50018],[-46.15136,-12.51382],[-46.16006,-12.52858],[-46.20112,-12.53028],[-46.25576,-12.54726],[-46.26087,-12.55014],[-46.26573,-12.57234],[-46.27934,-12.58489],[-46.27259,-12.59394],[-46.29048,-12.63203],[-46.26076,-12.64643],[-46.25551,-12.65762],[-46.28371,-12.67885],[-46.29265,-12.69281],[-46.28559,-12.69857],[-46.2861,-12.70525],[-46.27607,-12.7058],[-46.26432,-12.71694],[-46.26632,-12.73799],[-46.27974,-12.75071],[-46.27377,-12.77268],[-46.28266,-12.78452],[-46.27713,-12.79346],[-46.28026,-12.80593],[-46.27119,-12.81286],[-46.26171,-12.83168],[-46.27274,-12.84714],[-46.29246,-12.86035],[-46.28393,-12.87846],[-46.2856,-12.89521],[-46.29697,-12.90728],[-46.29183,-12.91955],[-46.30227,-12.95025],[-46.27808,-12.94253],[-46.27508,-12.93523],[-46.26499,-12.93219],[-46.22202,-12.94123],[-46.19754,-12.9253],[-46.13835,-12.90937],[-46.1251,-12.90998],[-46.11355,-12.91777],[-46.11935,-12.92586],[-46.14846,-12.93703],[-46.16074,-12.93401],[-46.17641,-12.93962],[-46.17943,-12.94756],[-46.1941,-12.95675],[-46.24183,-12.96068],[-46.3538,-12.98911],[-46.3637,-12.99136],[-46.37156,-12.9867],[-46.36766,-12.9725],[-46.37644,-12.96318],[-46.37089,-12.95844],[-46.37166,-12.94475],[-46.364,-12.9315],[-46.36494,-12.91321],[-46.36011,-12.90883],[-46.36777,-12.9025],[-46.36141,-12.89045],[-46.36711,-12.88797],[-46.36366,-12.88204],[-46.36855,-12.87754],[-46.36577,-12.86433],[-46.37366,-12.85978],[-46.37558,-12.85018],[-46.37683,-12.85346],[-46.38308,-12.84896],[-46.39697,-12.85139],[-46.40769,-12.84578],[-46.40613,-12.83883],[-46.4105,-12.84052],[-46.41088,-12.82795],[-46.41699,-12.8233],[-46.42083,-12.82862],[-46.42733,-12.8233],[-46.43127,-12.827],[-46.43291,-12.81974],[-46.45516,-12.82232],[-46.47591,-12.80175],[-46.48716,-12.79696],[-46.50699,-12.7996],[-46.50763,-12.7933],[-46.52336,-12.78554],[-46.54642,-12.78861],[-46.54172,-12.78402],[-46.55325,-12.78333],[-46.55797,-12.76807],[-46.56889,-12.76533],[-46.56939,-12.75631],[-46.58336,-12.75063],[-46.58463,-12.74191],[-46.60597,-12.73235],[-46.61075,-12.72541],[-46.60552,-12.71457],[-46.61078,-12.71093],[-46.61461,-12.69078],[-46.62186,-12.68533],[-46.61689,-12.68263],[-46.61891,-12.67603],[-46.62511,-12.67531],[-46.62408,-12.66509],[-46.63766,-12.65532],[-46.64719,-12.65869],[-46.65336,-12.65486],[-46.66217,-12.63884],[-46.67316,-12.64722],[-46.68211,-12.64342],[-46.68166,-12.63202],[-46.68852,-12.62928],[-46.68047,-12.62788],[-46.67808,-12.6114],[-46.68677,-12.61033],[-46.68683,-12.60367],[-46.69502,-12.59504],[-46.7038,-12.59595],[-46.70558,-12.58493],[-46.70025,-12.57749],[-46.69272,-12.57927],[-46.68346,-12.57195],[-46.67211,-12.57798],[-46.67658,-12.58406],[-46.65874,-12.59685],[-46.61655,-12.59662],[-46.61141,-12.5858],[-46.60693,-12.58984],[-46.59293,-12.58244],[-46.5701,-12.59662],[-46.5616,-12.59536],[-46.56324,-12.59155],[-46.55677,-12.58487],[-46.54563,-12.58148],[-46.54496,-12.58508],[-46.5386,-12.57674],[-46.51915,-12.58031],[-46.50002,-12.57323],[-46.49121,-12.56659],[-46.46965,-12.57052],[-46.46446,-12.56507],[-46.43499,-12.582],[-46.41896,-12.57949],[-46.41799,-12.58287],[-46.40037,-12.57598],[-46.39532,-12.57937],[-46.38232,-12.57426],[-46.38112,-12.56444],[-46.37201,-12.56619],[-46.36073,-12.56099],[-46.35523,-12.5498],[-46.34312,-12.54998],[-46.3389,-12.54038],[-46.32703,-12.53524],[-46.28265,-12.52672],[-46.26711,-12.52876],[-46.22251,-12.51395],[-46.21334,-12.50659],[-46.18153,-12.50026],[-46.15316,-12.48327]]]},"properties":{"CD_MUN":"1702703","NM_MUN":"Aurora do Tocantins","SIGLA_UF":"TO"}},{"type":"Feature","geometry":{"type":"Polygon","coordinates":[[[-48.04313,-5.38984],[-48.00683,-5.4076],[-47.96638,-5.4285],[-47.95302,-5.42002],[-47.93418,-5.41596],[-47.93215,-5.40271],[-47.93999,-5.39113],[-47.93693,-5.38395],[-47.90907,-5.40708],[-47.91088,-5.40291],[-47.90104,-5.39798],[-47.8834,-5.36707],[-47.82668,-5.38646],[-47.82507,-5.4065],[-47.82982,-5.41768],[-47.82493,-5.43935],[-47.85234,-5.4496],[-47.85152,-5.47473],[-47.86515,-5.48639],[-47.85871,-5.49389],[-47.86465,-5.51149],[-47.85588,-5.52508],[-47.86152,-5.54357],[-47.85882,-5.57042],[-47.83755,-5.58998],[-47.83794,-5.59962],[-47.83793,-5.59963],[-47.83585,-5.61206],[-47.83994,-5.62152],[-47.83416,-5.63641],[-47.83852,-5.64879],[-47.84355,-5.66292],[-47.8683,-5.66442],[-47.87658,-5.65743],[-47.87497,-5.64922],[-47.88619,-5.63144],[-47.8801,-5.62759],[-47.88627,-5.62136],[-47.88591,-5.60937],[-47.90799,-5.61611],[-47.91663,-5.5948],[-47.93041,-5.59022],[-47.92821,-5.5804],[-47.93624,-5.56759],[-47.9533,-5.56146],[-47.97205,-5.5667],[-47.96852,-5.54806],[-47.97883,-5.54125],[-47.98566,-5.5241],[-47.99688,-5.51864],[-48.00983,-5.50261],[-48.01247,-5.48278],[-48.02152,-5.47701],[-48.02038,-5.46667],[-48.02852,-5.46905],[-48.03677,-5.46237],[-48.04555,-5.46312],[-48.04594,-5.44816],[-48.05302,-5.44347],[-48.03299,-5.42402],[-48.04313,-5.38984]]]},"properties":{"CD_MUN":"1702554","NM_MUN":"Augustinópolis","SIGLA_UF":"TO"}},{"type":"Feature","geometry":{"type":"Polygon","coordinates":[[[-48.12899,-8.63629],[-48.11207,-8.64512],[-48.1114,-8.65127],[-48.10193,-8.65921],[-48.09765,-8.65766],[-48.09474,-8.66371],[-48.08821,-8.65673],[-48.08029,-8.65924],[-48.07973,-8.66711],[-48.07638,-8.66249],[-48.0651,-8.66435],[-48.05807,-8.6742],[-48.04962,-8.6682],[-48.03799,-8.67197],[-48.03318,-8.66834],[-48.02843,-8.67095],[-48.02538,-8.66488],[-48.02063,-8.66704],[-48.02429,-8.65855],[-48.01577,-8.65725],[-48.01549,-8.65049],[-48.01132,-8.64684],[-48.00329,-8.65912],[-47.98532,-8.66267],[-47.9781,-8.67125],[-47.95018,-8.67966],[-47.94079,-8.68733],[-47.92165,-8.73365],[-47.90271,-8.73929],[-47.87812,-8.73648],[-47.85204,-8.7458],[-47.8087,-8.73594],[-47.78718,-8.74392],[-47.76556,-8.72897],[-47.7497,-8.7318],[-47.67823,-8.7004],[-47.67753,-8.71536],[-47.6972,-8.73602],[-47.7004,-8.7547],[-47.69531,-8.77344],[-47.69012,-8.77577],[-47.68784,-8.79417],[-47.67834,-8.80319],[-47.66103,-8.79785],[-47.64943,-8.80886],[-47.63879,-8.8051],[-47.62328,-8.80548],[-47.61287,-8.81223],[-47.60798,-8.80931],[-47.59698,-8.82078],[-47.58795,-8.82391],[-47.58359,-8.82053],[-47.57114,-8.83326],[-47.56103,-8.83158],[-47.55278,-8.83807],[-47.52659,-8.82924],[-47.51881,-8.81452],[-47.50136,-8.80773],[-47.49747,-8.80056],[-47.48247,-8.80193],[-47.4718,-8.7975],[-47.54535,-8.92899],[-47.54592,-8.92877],[-47.55912,-8.91607],[-47.56675,-8.91675],[-47.57208,-8.88618],[-47.5877,-8.88445],[-47.60944,-8.93989],[-47.6223,-8.95003],[-47.65626,-8.9545],[-47.65646,-8.96024],[-47.66208,-8.95448],[-47.67587,-8.95334],[-47.67752,-8.95706],[-47.69033,-8.95084],[-47.70325,-8.96636],[-47.72115,-8.95528],[-47.73504,-8.96731],[-47.74653,-8.96853],[-47.7748,-8.96008],[-47.79678,-8.94614],[-47.80185,-8.95153],[-47.81158,-8.94894],[-47.81388,-8.95624],[-47.82815,-8.95206],[-47.82984,-8.95659],[-47.8395,-8.95862],[-47.85107,-8.94886],[-47.85476,-8.95237],[-47.86854,-8.94898],[-47.88144,-8.95936],[-47.8914,-8.9554],[-47.89328,-8.96074],[-47.90241,-8.95489],[-47.91134,-8.95927],[-47.9209,-8.95566],[-47.91918,-8.94756],[-47.92513,-8.94343],[-47.92474,-8.93754],[-47.94562,-8.91857],[-47.95763,-8.91923],[-47.95539,-8.91422],[-47.96315,-8.91095],[-47.95671,-8.90475],[-47.96702,-8.90174],[-47.96687,-8.89635],[-47.97401,-8.89687],[-47.98017,-8.88984],[-47.97879,-8.8798],[-47.98892,-8.88239],[-47.98747,-8.8726],[-47.99401,-8.88198],[-48.0002,-8.88104],[-48.0044,-8.88602],[-48.00858,-8.87949],[-48.01022,-8.88913],[-48.01802,-8.88364],[-48.01779,-8.87769],[-48.05043,-8.88074],[-48.05721,-8.87004],[-48.07368,-8.87145],[-48.07395,-8.86661],[-48.08277,-8.86404],[-48.08718,-8.86463],[-48.08746,-8.87332],[-48.09223,-8.87238],[-48.09487,-8.86195],[-48.10574,-8.86831],[-48.10986,-8.86612],[-48.10595,-8.85137],[-48.11539,-8.84655],[-48.11603,-8.83201],[-48.12057,-8.82967],[-48.12321,-8.83646],[-48.12424,-8.82156],[-48.10944,-8.77358],[-48.12819,-8.73518],[-48.12255,-8.6712],[-48.12899,-8.63629]]]},"properties":{"CD_MUN":"1718881","NM_MUN":"Santa Maria do Tocantins","SIGLA_UF":"TO"}},{"type":"Feature","geometry":{"type":"Polygon","coordinates":[[[-49.08264,-6.84314],[-49.043,-6.81566],[-49.03038,-6.80135],[-49.01955,-6.82701],[-49.01936,-6.84104],[-49.02694,-6.86052],[-49.01881,-6.86899],[-49.01626,-6.91684],[-49.00345,-6.95214],[-48.98773,-6.96767],[-48.97111,-6.96927],[-48.95532,-6.98495],[-48.92617,-6.99711],[-48.92665,-7.00426],[-48.91028,-7.03218],[-48.87305,-7.04901],[-48.86254,-7.04858],[-48.84585,-7.09523],[-48.83601,-7.09414],[-48.82629,-7.08298],[-48.79394,-7.09311],[-48.77366,-7.09148],[-48.76121,-7.07109],[-48.75259,-7.08861],[-48.7337,-7.09884],[-48.70558,-7.09766],[-48.69193,-7.10467],[-48.68308,-7.10336],[-48.66743,-7.11903],[-48.66423,-7.13324],[-48.66717,-7.26925],[-48.67467,-7.27869],[-48.68248,-7.28062],[-48.70942,-7.2718],[-48.72817,-7.27552],[-48.75352,-7.26437],[-48.75891,-7.26978],[-48.83484,-7.26401],[-48.85162,-7.26001],[-48.86243,-7.24391],[-48.86897,-7.24412],[-48.88114,-7.26037],[-48.88501,-7.24946],[-48.93128,-7.23093],[-48.95395,-7.23527],[-48.96028,-7.23109],[-48.97132,-7.23276],[-48.98955,-7.24169],[-48.9971,-7.25174],[-49.00912,-7.25176],[-49.01532,-7.26098],[-49.0232,-7.25254],[-49.0328,-7.25029],[-49.03521,-7.24327],[-49.04374,-7.24505],[-49.06948,-7.22933],[-49.1056,-7.22334],[-49.10655,-7.21614],[-49.11598,-7.21208],[-49.17279,-7.20068],[-49.18624,-7.19248],[-49.18625,-7.1924],[-49.19288,-7.12974],[-49.19302,-7.12992],[-49.19305,-7.12971],[-49.1926,-7.04056],[-49.21668,-6.96136],[-49.20876,-6.92531],[-49.18315,-6.90778],[-49.17118,-6.89282],[-49.1497,-6.88874],[-49.11451,-6.86983],[-49.08264,-6.84314]]]},"properties":{"CD_MUN":"1718865","NM_MUN":"Santa Fé do Araguaia","SIGLA_UF":"TO"}},{"type":"Feature","geometry":{"type":"Polygon","coordinates":[[[-47.803,-11.21066],[-47.7942,-11.2165],[-47.79339,-11.22377],[-47.77209,-11.23663],[-47.76803,-11.24801],[-47.77275,-11.25963],[-47.7682,-11.26793],[-47.78064,-11.28039],[-47.80876,-11.2927],[-47.80359,-11.30423],[-47.81078,-11.32825],[-47.81578,-11.32913],[-47.81729,-11.34425],[-47.80381,-11.35058],[-47.85196,-11.37683],[-47.88343,-11.3833],[-47.90682,-11.39513],[-47.90879,-11.40543],[-47.9246,-11.42146],[-47.92235,-11.4419],[-47.92968,-11.46812],[-47.94619,-11.4823],[-47.95285,-11.50034],[-47.96677,-11.52058],[-47.96824,-11.54156],[-47.97449,-11.54572],[-47.97608,-11.55777],[-47.99044,-11.5597],[-47.98694,-11.56331],[-47.99086,-11.57126],[-47.98852,-11.581],[-48.01747,-11.596],[-48.01791,-11.6011],[-48.03452,-11.58072],[-48.04125,-11.58149],[-48.04494,-11.58912],[-48.05225,-11.58533],[-48.05231,-11.59436],[-48.05886,-11.58999],[-48.06303,-11.59784],[-48.07911,-11.58186],[-48.08986,-11.59361],[-48.10253,-11.58974],[-48.10194,-11.59957],[-48.11194,-11.59244],[-48.12831,-11.60526],[-48.13747,-11.60271],[-48.14009,-11.62028],[-48.153,-11.61525],[-48.15764,-11.60478],[-48.16825,-11.6077],[-48.17831,-11.60174],[-48.17953,-11.59398],[-48.19551,-11.57826],[-48.21231,-11.58928],[-48.21725,-11.58799],[-48.23984,-11.57065],[-48.25198,-11.5473],[-48.28615,-11.53408],[-48.29337,-11.49645],[-48.29895,-11.48868],[-48.33559,-11.47321],[-48.33881,-11.46348],[-48.35734,-11.44799],[-48.35739,-11.44074],[-48.34067,-11.42816],[-48.37478,-11.3954],[-48.38589,-11.36607],[-48.39842,-11.36823],[-48.42775,-11.35413],[-48.43686,-11.34434],[-48.45722,-11.30132],[-48.4505,-11.27544],[-48.45322,-11.26379],[-48.44741,-11.26014],[-48.4215,-11.27449],[-48.40433,-11.27832],[-48.3988,-11.27367],[-48.39161,-11.27996],[-48.38742,-11.27399],[-48.37741,-11.27751],[-48.37139,-11.2723],[-48.36561,-11.28071],[-48.35983,-11.2756],[-48.34972,-11.28882],[-48.33847,-11.28714],[-48.33753,-11.29682],[-48.33044,-11.29314],[-48.31741,-11.31001],[-48.30974,-11.29045],[-48.30533,-11.29499],[-48.2823,-11.29778],[-48.27691,-11.28824],[-48.25685,-11.28456],[-48.24916,-11.28812],[-48.23855,-11.28138],[-48.22627,-11.28465],[-48.20233,-11.27446],[-48.19238,-11.27634],[-48.16774,-11.2683],[-48.15841,-11.27118],[-48.14599,-11.28525],[-48.13488,-11.3065],[-48.09657,-11.31956],[-48.08838,-11.31558],[-48.08229,-11.29587],[-48.07057,-11.28248],[-48.03899,-11.26875],[-48.01957,-11.26652],[-48.01007,-11.25626],[-48.00059,-11.25454],[-47.99273,-11.24736],[-47.96837,-11.25632],[-47.92951,-11.24794],[-47.91664,-11.23684],[-47.90262,-11.23509],[-47.87148,-11.20507],[-47.86225,-11.20665],[-47.84814,-11.22094],[-47.81189,-11.21662],[-47.8065,-11.20889],[-47.803,-11.21066]]]},"properties":{"CD_MUN":"1718907","NM_MUN":"Santa Rosa do Tocantins","SIGLA_UF":"TO"}},{"type":"Feature","geometry":{"type":"Polygon","coordinates":[[[-47.59254,-5.67979],[-47.5538,-5.67778],[-47.52228,-5.65374],[-47.51709,-5.63822],[-47.50851,-5.63643],[-47.4904,-5.64327],[-47.47631,-5.63492],[-47.47284,-5.66187],[-47.49223,-5.70987],[-47.49601,-5.73483],[-47.48812,-5.75207],[-47.46565,-5.77819],[-47.44142,-5.83068],[-47.43702,-5.85776],[-47.4536,-5.87401],[-47.46618,-5.87138],[-47.47027,-5.87701],[-47.49563,-5.88518],[-47.49844,-5.88091],[-47.51872,-5.88033],[-47.51805,-5.88893],[-47.52691,-5.8969],[-47.55597,-5.88968],[-47.56766,-5.86913],[-47.60283,-5.88883],[-47.62172,-5.88577],[-47.62929,-5.88952],[-47.70561,-5.92709],[-47.72755,-5.91715],[-47.73219,-5.90746],[-47.7219,-5.87767],[-47.73605,-5.85442],[-47.73461,-5.82041],[-47.75164,-5.80064],[-47.76559,-5.8045],[-47.77808,-5.79031],[-47.80425,-5.79466],[-47.80847,-5.78864],[-47.8215,-5.79187],[-47.82558,-5.78757],[-47.83581,-5.79649],[-47.85075,-5.79561],[-47.86197,-5.77776],[-47.85808,-5.76831],[-47.86533,-5.76279],[-47.86425,-5.75338],[-47.84356,-5.75664],[-47.81877,-5.74997],[-47.80761,-5.76484],[-47.7925,-5.7657],[-47.78411,-5.76112],[-47.7788,-5.75619],[-47.78053,-5.75206],[-47.77202,-5.75088],[-47.76472,-5.74088],[-47.77102,-5.73313],[-47.76772,-5.7206],[-47.7786,-5.70925],[-47.77816,-5.70018],[-47.7846,-5.69366],[-47.59254,-5.67979]]]},"properties":{"CD_MUN":"1710706","NM_MUN":"Itaguatins","SIGLA_UF":"TO"}},{"type":"Feature","geometry":{"type":"Polygon","coordinates":[[[-48.52422,-12.63261],[-48.51928,-12.64435],[-48.52545,-12.66132],[-48.52122,-12.67209],[-48.52509,-12.6928],[-48.52381,-12.70364],[-48.52787,-12.70864],[-48.53837,-12.70861],[-48.53667,-12.71803],[-48.54628,-12.73131],[-48.5394,-12.74106],[-48.53976,-12.75819],[-48.53198,-12.76023],[-48.53351,-12.76568],[-48.5287,-12.76954],[-48.53393,-12.77392],[-48.52673,-12.77633],[-48.52623,-12.78131],[-48.50687,-12.7773],[-48.5012,-12.78316],[-48.50081,-12.79856],[-48.51317,-12.80162],[-48.51821,-12.80963],[-48.52773,-12.80805],[-48.53157,-12.81414],[-48.51988,-12.82468],[-48.51742,-12.83409],[-48.52826,-12.84448],[-48.54099,-12.84682],[-48.54484,-12.85255],[-48.54029,-12.85642],[-48.55454,-12.86692],[-48.55168,-12.88069],[-48.5378,-12.88631],[-48.53757,-12.89329],[-48.5471,-12.89171],[-48.54632,-12.89859],[-48.55465,-12.9097],[-48.55012,-12.91103],[-48.54991,-12.9181],[-48.56312,-12.93158],[-48.55804,-12.94823],[-48.54174,-12.95511],[-48.54424,-12.98222],[-48.52802,-12.97678],[-48.51366,-12.98495],[-48.50713,-12.99487],[-48.49677,-12.9955],[-48.49982,-13.00139],[-48.50668,-13.00276],[-48.51324,-13.01459],[-48.5036,-13.01896],[-48.52046,-13.02624],[-48.51146,-13.04402],[-48.51374,-13.06025],[-48.48991,-13.07912],[-48.49769,-13.11334],[-48.50824,-13.12888],[-48.52155,-13.14094],[-48.52072,-13.16675],[-48.52986,-13.19254],[-48.54647,-13.19565],[-48.55408,-13.20495],[-48.54936,-13.23055],[-48.55522,-13.23856],[-48.55495,-13.26348],[-48.55922,-13.27393],[-48.55334,-13.28049],[-48.55309,-13.30196],[-48.57742,-13.31428],[-48.57768,-13.31474],[-48.58589,-13.3176],[-48.60003,-13.29514],[-48.58906,-13.2639],[-48.59117,-13.25639],[-48.58712,-13.25473],[-48.60006,-13.23861],[-48.58472,-13.226],[-48.57922,-13.20739],[-48.57742,-13.18744],[-48.58319,-13.18087],[-48.57742,-13.17412],[-48.58672,-13.16703],[-48.58594,-13.15905],[-48.59625,-13.1526],[-48.58172,-13.1419],[-48.57694,-13.12384],[-48.58513,-13.10605],[-48.59611,-13.10685],[-48.58841,-13.09955],[-48.59777,-13.08367],[-48.59613,-13.07813],[-48.60225,-13.07826],[-48.6018,-13.05915],[-48.61225,-13.05976],[-48.61933,-13.05238],[-48.62719,-13.05216],[-48.63672,-13.03456],[-48.63816,-13.01554],[-48.64733,-13.0108],[-48.65602,-13.01276],[-48.65652,-13.00542],[-48.66764,-13.00068],[-48.67113,-12.99571],[-48.68288,-12.99387],[-48.68611,-13.00244],[-48.69083,-13.00293],[-48.69461,-12.99574],[-48.7066,-13.00493],[-48.71188,-12.99973],[-48.71733,-13.00228],[-48.73314,-12.98062],[-48.73019,-12.96148],[-48.73869,-12.94612],[-48.73347,-12.9364],[-48.73605,-12.921],[-48.74835,-12.91762],[-48.77419,-12.88919],[-48.78549,-12.88055],[-48.78622,-12.88509],[-48.79083,-12.8842],[-48.80477,-12.86687],[-48.81402,-12.8641],[-48.81166,-12.8582],[-48.82041,-12.84428],[-48.84183,-12.84438],[-48.84624,-12.80977],[-48.85697,-12.80538],[-48.86205,-12.80966],[-48.86233,-12.80496],[-48.86946,-12.80466],[-48.85326,-12.78518],[-48.82434,-12.79],[-48.82108,-12.80205],[-48.81654,-12.80046],[-48.81111,-12.79289],[-48.81567,-12.78098],[-48.81291,-12.77049],[-48.83283,-12.75154],[-48.8357,-12.74204],[-48.81951,-12.73699],[-48.81078,-12.71864],[-48.80208,-12.73598],[-48.7802,-12.742],[-48.77103,-12.73886],[-48.77472,-12.73206],[-48.77054,-12.72655],[-48.78306,-12.71788],[-48.77785,-12.7069],[-48.7905,-12.6857],[-48.77887,-12.67671],[-48.78874,-12.66702],[-48.76609,-12.64575],[-48.75331,-12.65385],[-48.74218,-12.6492],[-48.72726,-12.65029],[-48.70198,-12.6197],[-48.68927,-12.61554],[-48.68409,-12.59355],[-48.64408,-12.60653],[-48.58156,-12.59549],[-48.57229,-12.61257],[-48.53774,-12.61197],[-48.53093,-12.6217],[-48.53069,-12.63233],[-48.52422,-12.63261]]]},"properties":{"CD_MUN":"1711506","NM_MUN":"Jaú do Tocantins","SIGLA_UF":"TO"}},{"type":"Feature","geometry":{"type":"Polygon","coordinates":[[[-48.12424,-8.82156],[-48.12321,-8.83646],[-48.12057,-8.82967],[-48.11603,-8.83201],[-48.11539,-8.84655],[-48.10595,-8.85137],[-48.10986,-8.86612],[-48.10574,-8.86831],[-48.09487,-8.86195],[-48.09223,-8.87238],[-48.08746,-8.87332],[-48.08718,-8.86463],[-48.08277,-8.86404],[-48.07395,-8.86661],[-48.07368,-8.87145],[-48.05721,-8.87004],[-48.05043,-8.88074],[-48.01779,-8.87769],[-48.01802,-8.88364],[-48.01022,-8.88913],[-48.00858,-8.87949],[-48.0044,-8.88602],[-48.0002,-8.88104],[-47.99401,-8.88198],[-47.98747,-8.8726],[-47.98892,-8.88239],[-47.97879,-8.8798],[-47.98017,-8.88984],[-47.97401,-8.89687],[-47.96687,-8.89635],[-47.96702,-8.90174],[-47.95671,-8.90475],[-47.96315,-8.91095],[-47.95539,-8.91422],[-47.95763,-8.91923],[-47.94562,-8.91857],[-47.92474,-8.93754],[-47.92513,-8.94343],[-47.91918,-8.94756],[-47.9209,-8.95566],[-47.91134,-8.95927],[-47.90241,-8.95489],[-47.89328,-8.96074],[-47.8914,-8.9554],[-47.88144,-8.95936],[-47.86854,-8.94898],[-47.85476,-8.95237],[-47.85107,-8.94886],[-47.8395,-8.95862],[-47.82984,-8.95659],[-47.82815,-8.95206],[-47.81388,-8.95624],[-47.81158,-8.94894],[-47.80185,-8.95153],[-47.79678,-8.94614],[-47.7748,-8.96008],[-47.74653,-8.96853],[-47.73504,-8.96731],[-47.72115,-8.95528],[-47.70325,-8.96636],[-47.69033,-8.95084],[-47.67752,-8.95706],[-47.67587,-8.95334],[-47.66208,-8.95448],[-47.65646,-8.96024],[-47.65626,-8.9545],[-47.6223,-8.95003],[-47.60944,-8.93989],[-47.5877,-8.88445],[-47.57208,-8.88618],[-47.56675,-8.91675],[-47.55912,-8.91607],[-47.54592,-8.92877],[-47.54535,-8.92899],[-47.60888,-9.03934],[-47.60665,-9.05347],[-47.62474,-9.0818],[-47.61855,-9.09316],[-47.62083,-9.12471],[-47.61669,-9.14108],[-47.62513,-9.14649],[-47.6256,-9.15528],[-47.64811,-9.16752],[-47.6496,-9.17351],[-47.66188,-9.16917],[-47.67869,-9.1771],[-47.68216,-9.17241],[-47.68466,-9.18275],[-47.71187,-9.16973],[-47.71953,-9.15697],[-47.71664,-9.13293],[-47.70399,-9.12073],[-47.70408,-9.10259],[-47.72495,-9.08785],[-47.72318,-9.09328],[-47.73389,-9.10169],[-47.77382,-9.12124],[-47.79112,-9.12164],[-47.80043,-9.1134],[-47.83867,-9.1196],[-47.8586,-9.11407],[-47.87101,-9.1166],[-47.89084,-9.13517],[-47.92905,-9.13737],[-47.93371,-9.12777],[-47.96178,-9.11558],[-47.97378,-9.11774],[-47.97587,-9.12242],[-47.99175,-9.11781],[-47.99797,-9.12342],[-47.99423,-9.12924],[-47.99997,-9.13051],[-48.00895,-9.11794],[-48.02185,-9.11496],[-48.02589,-9.10371],[-48.03089,-9.10484],[-48.03226,-9.09767],[-48.03677,-9.09748],[-48.04329,-9.08643],[-48.04938,-9.0864],[-48.04957,-9.08149],[-48.06274,-9.08475],[-48.07419,-9.07342],[-48.08003,-9.07834],[-48.08395,-9.065],[-48.09415,-9.06504],[-48.09486,-9.0548],[-48.10152,-9.05531],[-48.09951,-9.05992],[-48.10404,-9.06076],[-48.1389,-9.00712],[-48.13836,-8.99169],[-48.1445,-8.98427],[-48.15925,-8.98316],[-48.17819,-8.9566],[-48.16661,-8.89279],[-48.14039,-8.83989],[-48.12424,-8.82156]]]},"properties":{"CD_MUN":"1703305","NM_MUN":"Bom Jesus do Tocantins","SIGLA_UF":"TO"}},{"type":"Feature","geometry":{"type":"Polygon","coordinates":[[[-49.16611,-7.84942],[-49.15935,-7.85816],[-49.14841,-7.85868],[-49.15096,-7.86643],[-49.14671,-7.87029],[-49.13279,-7.86777],[-49.13285,-7.8714],[-49.12655,-7.87133],[-49.12069,-7.86636],[-49.11796,-7.87205],[-49.09277,-7.88266],[-49.09171,-7.88883],[-49.08416,-7.87193],[-49.0566,-7.88197],[-49.0363,-7.87927],[-49.0329,-7.87414],[-49.03732,-7.87065],[-49.03221,-7.86923],[-49.01057,-7.87334],[-49.00229,-7.88042],[-49.00007,-7.8775],[-48.95312,-7.86791],[-48.94065,-7.85237],[-48.93062,-7.85723],[-48.92193,-7.85049],[-48.91329,-7.85408],[-48.9064,-7.84825],[-48.8872,-7.87256],[-48.87221,-7.8745],[-48.86062,-7.88315],[-48.85454,-7.88023],[-48.84193,-7.89975],[-48.82037,-7.90393],[-48.81971,-7.91072],[-48.81123,-7.91513],[-48.80937,-7.92672],[-48.81821,-7.93945],[-48.81351,-7.95828],[-48.79473,-7.98721],[-48.80276,-8.00023],[-48.80671,-8.00458],[-48.80163,-8.02893],[-48.79593,-8.0256],[-48.78879,-8.02979],[-48.79552,-8.03966],[-48.78751,-8.04611],[-48.79768,-8.06663],[-48.79266,-8.07664],[-48.78596,-8.07249],[-48.79029,-8.08515],[-48.78821,-8.09147],[-48.78129,-8.09149],[-48.78349,-8.09968],[-48.79977,-8.10884],[-48.81738,-8.12953],[-48.82752,-8.12656],[-48.84296,-8.13126],[-48.85352,-8.12393],[-48.85966,-8.11193],[-48.87274,-8.11415],[-48.89599,-8.10224],[-48.90708,-8.11261],[-48.92255,-8.1125],[-48.92752,-8.11682],[-48.94069,-8.10244],[-48.97525,-8.10552],[-49.00169,-8.08465],[-49.00841,-8.08507],[-49.0448,-8.08743],[-49.05277,-8.08404],[-49.05878,-8.06381],[-49.07572,-8.05358],[-49.08277,-8.03226],[-49.09186,-8.03067],[-49.09347,-8.02614],[-49.10683,-8.02607],[-49.11222,-8.01037],[-49.13511,-8.00699],[-49.14859,-8.01264],[-49.15136,-8.00583],[-49.15519,-8.00961],[-49.17491,-8.00915],[-49.18131,-7.97687],[-49.16888,-7.95463],[-49.16252,-7.9212],[-49.16611,-7.84942]]]},"properties":{"CD_MUN":"1703206","NM_MUN":"Bernardo Sayão","SIGLA_UF":"TO"}},{"type":"Feature","geometry":{"type":"Polygon","coordinates":[[[-48.88881,-9.76163],[-48.88365,-9.77415],[-48.87587,-9.77322],[-48.86045,-9.75712],[-48.86111,-9.73943],[-48.84556,-9.73703],[-48.81625,-9.75122],[-48.81317,-9.74014],[-48.80795,-9.74349],[-48.80111,-9.73648],[-48.78984,-9.74726],[-48.78536,-9.73999],[-48.76394,-9.73513],[-48.75408,-9.73828],[-48.74575,-9.73282],[-48.75019,-9.75053],[-48.75414,-9.75135],[-48.74944,-9.7606],[-48.73189,-9.75902],[-48.71722,-9.76914],[-48.70339,-9.77129],[-48.69361,-9.73568],[-48.67761,-9.76233],[-48.64972,-9.75799],[-48.65381,-9.77025],[-48.652,-9.79031],[-48.64142,-9.81804],[-48.62736,-9.83262],[-48.62269,-9.86446],[-48.64172,-9.89764],[-48.69631,-9.89371],[-48.72923,-9.90695],[-48.73345,-9.93146],[-48.7432,-9.94792],[-48.74262,-9.96915],[-48.80474,-10.05031],[-48.80921,-10.04813],[-48.82085,-10.05982],[-48.82898,-10.05419],[-48.8356,-10.0638],[-48.84641,-10.06806],[-48.85454,-10.0627],[-48.86241,-10.06442],[-48.87552,-10.07384],[-48.88594,-10.07229],[-48.89327,-10.06203],[-48.89454,-10.06938],[-48.91233,-10.08342],[-48.91699,-10.09476],[-48.9288,-10.09575],[-48.93514,-10.11016],[-48.94578,-10.11705],[-48.94808,-10.12376],[-48.9433,-10.12966],[-48.96335,-10.12791],[-48.97397,-10.12164],[-48.98114,-10.13334],[-48.99294,-10.13142],[-49.0058,-10.12068],[-49.01783,-10.13153],[-49.02342,-10.12902],[-49.024,-10.13791],[-49.03158,-10.1413],[-49.02906,-10.14972],[-49.04225,-10.14408],[-49.04367,-10.15152],[-49.05053,-10.15165],[-49.058,-10.14155],[-49.06375,-10.14385],[-49.07467,-10.13829],[-49.10028,-10.14043],[-49.10892,-10.14891],[-49.1155,-10.14948],[-49.12075,-10.14281],[-49.13206,-10.14758],[-49.13439,-10.13736],[-49.15059,-10.12475],[-49.15825,-10.10857],[-49.17259,-10.09723],[-49.19031,-10.10059],[-49.19464,-10.09472],[-49.20562,-10.09224],[-49.21059,-10.0861],[-49.21011,-10.07414],[-49.20159,-10.07618],[-49.18353,-10.0672],[-49.1752,-10.07205],[-49.14044,-10.06996],[-49.09305,-10.02738],[-49.06719,-10.02415],[-49.0633,-10.0176],[-49.0503,-10.01998],[-49.05244,-10.03069],[-49.04522,-10.04424],[-49.03147,-10.04733],[-49.02352,-10.06324],[-48.94494,-9.9805],[-48.94802,-9.9569],[-48.93824,-9.94164],[-48.94571,-9.92095],[-48.94149,-9.91514],[-48.94446,-9.90425],[-48.96313,-9.90092],[-48.96635,-9.89394],[-48.96315,-9.89021],[-48.96754,-9.88968],[-48.96501,-9.87914],[-48.97051,-9.8699],[-48.99051,-9.87443],[-49.00368,-9.87061],[-49.01221,-9.86012],[-48.98473,-9.8586],[-48.96624,-9.85346],[-48.97101,-9.84085],[-48.96062,-9.82513],[-48.9631,-9.81696],[-48.94995,-9.80278],[-48.94318,-9.80422],[-48.94034,-9.80003],[-48.94648,-9.78834],[-48.93993,-9.77943],[-48.93932,-9.76708],[-48.93117,-9.75962],[-48.92909,-9.74528],[-48.91895,-9.74254],[-48.91601,-9.7537],[-48.90645,-9.76221],[-48.88881,-9.76163]]]},"properties":{"CD_MUN":"1703107","NM_MUN":"Barrolândia","SIGLA_UF":"TO"}},{"type":"Feature","geometry":{"type":"Polygon","coordinates":[[[-47.73349,-6.96699],[-47.71288,-6.96437],[-47.70937,-6.95214],[-47.70365,-6.9528],[-47.69707,-6.94177],[-47.68682,-6.93837],[-47.65823,-6.9597],[-47.6531,-6.97424],[-47.63955,-6.9859],[-47.63032,-6.99002],[-47.6271,-6.98423],[-47.61676,-6.98473],[-47.60293,-6.99404],[-47.60082,-6.99096],[-47.58215,-6.99739],[-47.57207,-6.99535],[-47.57423,-7.00408],[-47.56413,-7.00663],[-47.58618,-7.02857],[-47.59338,-7.0583],[-47.61763,-7.09107],[-47.62666,-7.12149],[-47.64366,-7.14352],[-47.65958,-7.15127],[-47.70394,-7.13576],[-47.72644,-7.14719],[-47.74714,-7.1677],[-47.74903,-7.19527],[-47.73667,-7.21677],[-47.69022,-7.23821],[-47.67369,-7.25971],[-47.6822,-7.26253],[-47.68172,-7.26707],[-47.69564,-7.27005],[-47.69714,-7.2856],[-47.72153,-7.29608],[-47.72175,-7.30747],[-47.73339,-7.32245],[-47.74853,-7.32298],[-47.74759,-7.33087],[-47.75265,-7.33466],[-47.74967,-7.34458],[-47.75745,-7.34371],[-47.76537,-7.35469],[-47.78334,-7.36077],[-47.78998,-7.35249],[-47.79662,-7.36223],[-47.8204,-7.36854],[-47.83737,-7.36477],[-47.8481,-7.38393],[-47.85668,-7.37896],[-47.86573,-7.3825],[-47.87387,-7.37229],[-47.88307,-7.38315],[-47.89282,-7.38124],[-47.89751,-7.39345],[-47.91671,-7.38375],[-47.92862,-7.39012],[-47.93029,-7.39615],[-47.93624,-7.39042],[-47.95171,-7.39373],[-47.96274,-7.41433],[-47.97235,-7.41974],[-47.99299,-7.39508],[-48.01229,-7.39909],[-48.01379,-7.38707],[-48.0361,-7.37199],[-48.04529,-7.35538],[-48.05543,-7.35338],[-48.0566,-7.35704],[-48.19659,-7.14624],[-47.99869,-7.07297],[-47.73374,-6.98359],[-47.73349,-6.96699]]]},"properties":{"CD_MUN":"1703008","NM_MUN":"Babaçulândia","SIGLA_UF":"TO"}},{"type":"Feature","geometry":{"type":"Polygon","coordinates":[[[-49.86202,-9.08123],[-49.85001,-9.05881],[-49.70951,-9.17456],[-49.72004,-9.18551],[-49.70102,-9.1996],[-49.70132,-9.21144],[-49.71466,-9.22042],[-49.70425,-9.2321],[-49.70573,-9.24273],[-49.71486,-9.26121],[-49.72497,-9.26958],[-49.72178,-9.28355],[-49.7064,-9.29424],[-49.72236,-9.30188],[-49.72406,-9.31138],[-49.71722,-9.31263],[-49.73121,-9.3468],[-49.72272,-9.34938],[-49.59211,-9.57137],[-49.62416,-9.55382],[-49.65038,-9.55432],[-49.66625,-9.54373],[-49.66505,-9.53873],[-49.67447,-9.53621],[-49.68216,-9.54312],[-49.67911,-9.55528],[-49.68275,-9.56064],[-49.69127,-9.56265],[-49.71711,-9.58765],[-49.73028,-9.5914],[-49.7483,-9.58253],[-49.76975,-9.60462],[-49.78678,-9.61009],[-49.78812,-9.63088],[-49.80239,-9.6348],[-49.79642,-9.6495],[-49.80031,-9.66712],[-49.82284,-9.66425],[-49.83592,-9.66898],[-49.84962,-9.68143],[-49.87359,-9.6811],[-49.87651,-9.685],[-49.88695,-9.68157],[-49.89298,-9.68557],[-49.91268,-9.6767],[-49.92473,-9.68279],[-49.94643,-9.67627],[-49.95357,-9.66811],[-49.97551,-9.67503],[-49.99418,-9.67395],[-49.99887,-9.66116],[-49.99476,-9.65198],[-49.98918,-9.65216],[-49.98854,-9.63691],[-49.99882,-9.60297],[-49.98795,-9.58444],[-49.98365,-9.58661],[-49.98209,-9.58262],[-49.99126,-9.57227],[-49.97973,-9.56727],[-49.99226,-9.55158],[-49.99428,-9.53642],[-50.00098,-9.53547],[-49.99467,-9.53224],[-49.9817,-9.50463],[-49.9862,-9.49828],[-49.99606,-9.507],[-50.00562,-9.50339],[-49.97659,-9.48044],[-49.98542,-9.4643],[-49.98092,-9.44047],[-49.98878,-9.42841],[-49.98767,-9.41038],[-50.00075,-9.38959],[-49.97264,-9.37015],[-49.97591,-9.35456],[-49.97117,-9.34569],[-49.97141,-9.32103],[-49.96183,-9.30409],[-49.97475,-9.28052],[-49.96158,-9.25697],[-49.96697,-9.24292],[-49.96549,-9.23077],[-49.94282,-9.2008],[-49.90704,-9.17373],[-49.9046,-9.16522],[-49.9094,-9.15343],[-49.89627,-9.14365],[-49.86668,-9.097],[-49.86202,-9.08123]]]},"properties":{"CD_MUN":"1703909","NM_MUN":"Caseara","SIGLA_UF":"TO"}},{"type":"Feature","geometry":{"type":"Polygon","coordinates":[[[-48.31645,-6.92526],[-48.3159,-6.92934],[-48.30395,-6.92503],[-48.30193,-6.93344],[-48.29182,-6.94226],[-48.29909,-6.94661],[-48.29649,-6.95989],[-48.30501,-6.98595],[-48.3096,-6.98783],[-48.30317,-7.02274],[-48.30755,-7.03135],[-48.29578,-7.04691],[-48.30129,-7.06303],[-48.30884,-7.06936],[-48.30422,-7.0726],[-48.30403,-7.10525],[-48.31002,-7.10123],[-48.31607,-7.10626],[-48.30548,-7.11301],[-48.30668,-7.12132],[-48.33471,-7.13876],[-48.34426,-7.13478],[-48.35204,-7.14073],[-48.36483,-7.14194],[-48.37329,-7.13542],[-48.39634,-7.13958],[-48.41751,-7.15178],[-48.42476,-7.15016],[-48.42951,-7.1591],[-48.45473,-7.15866],[-48.46524,-7.14948],[-48.465,-7.07006],[-48.46045,-7.05124],[-48.45084,-7.05129],[-48.44197,-7.04421],[-48.4583,-7.02625],[-48.45051,-7.02546],[-48.4427,-7.01713],[-48.43417,-7.00026],[-48.42848,-6.99631],[-48.42262,-6.97538],[-48.41517,-6.97345],[-48.41213,-6.96421],[-48.36505,-6.94094],[-48.34325,-6.93661],[-48.33548,-6.93231],[-48.33263,-6.9236],[-48.31645,-6.92526]]]},"properties":{"CD_MUN":"1703883","NM_MUN":"Carmolândia","SIGLA_UF":"TO"}},{"type":"Feature","geometry":{"type":"Polygon","coordinates":[[[-48.0784,-5.27494],[-48.0484,-5.26597],[-48.01179,-5.23669],[-47.99526,-5.23431],[-47.95789,-5.23962],[-47.95639,-5.36288],[-48.00683,-5.4076],[-48.04313,-5.38984],[-48.09209,-5.3654],[-48.07218,-5.34184],[-48.06008,-5.33734],[-48.05379,-5.31883],[-48.06815,-5.28624],[-48.0784,-5.27494]]]},"properties":{"CD_MUN":"1703891","NM_MUN":"Carrasco Bonito","SIGLA_UF":"TO"}},{"type":"Feature","geometry":{"type":"Polygon","coordinates":[[[-48.48546,-5.19369],[-48.4653,-5.18532],[-48.36305,-5.16825],[-48.32005,-5.20126],[-48.29255,-5.20392],[-48.27216,-5.21584],[-48.23408,-5.22818],[-48.20563,-5.24887],[-48.17769,-5.26065],[-48.17229,-5.26864],[-48.24977,-5.31869],[-48.2573,-5.31046],[-48.2743,-5.30886],[-48.27541,-5.30406],[-48.31333,-5.29989],[-48.32119,-5.29582],[-48.32847,-5.28124],[-48.34646,-5.28037],[-48.35252,-5.27522],[-48.36319,-5.28159],[-48.36889,-5.27924],[-48.37294,-5.28523],[-48.38969,-5.27983],[-48.40687,-5.28485],[-48.42819,-5.23955],[-48.45621,-5.24491],[-48.47107,-5.21024],[-48.48546,-5.19369]]]},"properties":{"CD_MUN":"1720309","NM_MUN":"São Sebastião do Tocantins","SIGLA_UF":"TO"}},{"type":"Feature","geometry":{"type":"Polygon","coordinates":[[[-47.72979,-5.53037],[-47.72375,-5.51386],[-47.70998,-5.50053],[-47.70218,-5.4616],[-47.70428,-5.44567],[-47.6849,-5.4126],[-47.6654,-5.42196],[-47.61428,-5.46132],[-47.57964,-5.4699],[-47.5594,-5.4631],[-47.54767,-5.47067],[-47.49926,-5.52549],[-47.4872,-5.54936],[-47.47631,-5.63492],[-47.4904,-5.64327],[-47.50851,-5.63643],[-47.51709,-5.63822],[-47.52228,-5.65374],[-47.5538,-5.67778],[-47.59254,-5.67979],[-47.58302,-5.55929],[-47.73927,-5.55801],[-47.73887,-5.54586],[-47.72979,-5.53037]]]},"properties":{"CD_MUN":"1720200","NM_MUN":"São Miguel do Tocantins","SIGLA_UF":"TO"}},{"type":"Feature","geometry":{"type":"Polygon","coordinates":[[[-48.36229,-9.74889],[-48.3588,-9.72656],[-48.36718,-9.70536],[-48.36488,-9.69539],[-48.3411,-9.71131],[-48.33801,-9.72194],[-48.34769,-9.71542],[-48.35199,-9.72769],[-48.35121,-9.74871],[-48.34676,-9.75541],[-48.33358,-9.75946],[-48.2965,-9.75073],[-48.277,-9.73229],[-48.27556,-9.73859],[-48.25905,-9.74321],[-48.25063,-9.75534],[-48.2523,-9.7738],[-48.23265,-9.86276],[-48.18508,-9.90617],[-48.22565,-9.94928],[-48.21586,-9.97592],[-48.2088,-9.97807],[-48.20308,-9.98856],[-48.20611,-10.00431],[-48.20044,-10.01632],[-48.17421,-10.03807],[-48.16138,-10.06177],[-48.16936,-10.08027],[-48.16994,-10.10726],[-48.18254,-10.11309],[-48.18106,-10.12025],[-48.19355,-10.12467],[-48.19921,-10.14227],[-48.22075,-10.12493],[-48.22772,-10.10033],[-48.22775,-10.07181],[-48.2488,-10.05743],[-48.24672,-10.01658],[-48.25777,-10.00164],[-48.25855,-9.98307],[-48.28541,-9.96621],[-48.28197,-9.95712],[-48.2843,-9.92675],[-48.28852,-9.92187],[-48.28441,-9.9156],[-48.29132,-9.90655],[-48.28268,-9.89092],[-48.28757,-9.87715],[-48.28094,-9.86688],[-48.28054,-9.85446],[-48.29385,-9.83954],[-48.28582,-9.80495],[-48.28826,-9.7909],[-48.30857,-9.78499],[-48.31649,-9.77586],[-48.32048,-9.77786],[-48.32073,-9.76072],[-48.33746,-9.76287],[-48.34818,-9.75737],[-48.3521,-9.76255],[-48.36229,-9.74889]]]},"properties":{"CD_MUN":"1712009","NM_MUN":"Lajeado","SIGLA_UF":"TO"}},{"type":"Feature","geometry":{"type":"Polygon","coordinates":[[[-48.36087,-12.2402],[-48.31262,-12.26901],[-48.25576,-12.31536],[-48.2562,-12.35516],[-48.25173,-12.36407],[-48.23373,-12.37796],[-48.23106,-12.39025],[-48.24446,-12.42152],[-48.26432,-12.4383],[-48.26723,-12.44731],[-48.2614,-12.45575],[-48.24979,-12.46084],[-48.21959,-12.46187],[-48.20993,-12.46753],[-48.20593,-12.4769],[-48.23646,-12.50131],[-48.22863,-12.52824],[-48.23954,-12.54317],[-48.28966,-12.56268],[-48.25288,-12.5948],[-48.25474,-12.59933],[-48.27458,-12.60139],[-48.2713,-12.63338],[-48.29091,-12.66108],[-48.28586,-12.67631],[-48.27783,-12.68203],[-48.24866,-12.68505],[-48.24425,-12.6779],[-48.23991,-12.68471],[-48.24555,-12.70735],[-48.26764,-12.72545],[-48.26978,-12.73695],[-48.2625,-12.74702],[-48.2433,-12.74061],[-48.22427,-12.74869],[-48.22542,-12.76364],[-48.24039,-12.79189],[-48.2325,-12.82833],[-48.23774,-12.83307],[-48.25723,-12.82597],[-48.27123,-12.82768],[-48.28891,-12.81884],[-48.30982,-12.81798],[-48.32717,-12.8082],[-48.33733,-12.82795],[-48.34901,-12.83897],[-48.35918,-12.84046],[-48.37451,-12.86239],[-48.38796,-12.86042],[-48.37301,-12.81],[-48.38277,-12.81242],[-48.39135,-12.80674],[-48.40297,-12.81181],[-48.41276,-12.80831],[-48.42732,-12.79236],[-48.43131,-12.77741],[-48.44114,-12.77194],[-48.47087,-12.73055],[-48.47298,-12.71987],[-48.48154,-12.71728],[-48.48764,-12.72437],[-48.49755,-12.72211],[-48.50183,-12.714],[-48.50031,-12.69829],[-48.5161,-12.70064],[-48.52509,-12.6928],[-48.52122,-12.67209],[-48.52545,-12.66132],[-48.51928,-12.64435],[-48.52422,-12.63261],[-48.51456,-12.61514],[-48.50995,-12.61666],[-48.50639,-12.60993],[-48.47519,-12.60785],[-48.47355,-12.58275],[-48.45703,-12.573],[-48.45672,-12.55723],[-48.46511,-12.55649],[-48.47255,-12.54233],[-48.46544,-12.53627],[-48.45649,-12.50039],[-48.45511,-12.48938],[-48.4623,-12.48213],[-48.45652,-12.47253],[-48.45933,-12.44846],[-48.4418,-12.43626],[-48.4388,-12.42661],[-48.42938,-12.42712],[-48.42674,-12.41802],[-48.40824,-12.4214],[-48.40419,-12.41527],[-48.40821,-12.40935],[-48.39613,-12.40393],[-48.39132,-12.39063],[-48.39949,-12.3804],[-48.38613,-12.37379],[-48.38988,-12.36976],[-48.3839,-12.355],[-48.3944,-12.34136],[-48.39685,-12.32535],[-48.3929,-12.31686],[-48.39871,-12.31114],[-48.38784,-12.30918],[-48.38662,-12.30481],[-48.39499,-12.29931],[-48.39001,-12.29307],[-48.39243,-12.2835],[-48.40479,-12.26943],[-48.39304,-12.26067],[-48.39693,-12.25156],[-48.38876,-12.24193],[-48.39504,-12.24084],[-48.3879,-12.23757],[-48.36087,-12.2402]]]},"properties":{"CD_MUN":"1720259","NM_MUN":"São Salvador do Tocantins","SIGLA_UF":"TO"}},{"type":"Feature","geometry":{"type":"Polygon","coordinates":[[[-47.01377,-8.05756],[-47.00776,-8.0621],[-47.00129,-8.05756],[-47.00092,-8.06536],[-46.99665,-8.06716],[-46.98845,-8.04779],[-46.9812,-8.05045],[-46.97948,-8.04549],[-46.96204,-8.03941],[-46.96532,-8.03465],[-46.95354,-8.02613],[-46.95262,-8.00656],[-46.94542,-8.00604],[-46.94062,-7.9968],[-46.9227,-7.99182],[-46.92061,-7.99526],[-46.92206,-7.9853],[-46.91706,-7.9814],[-46.89542,-7.98684],[-46.87198,-7.95549],[-46.86553,-7.96926],[-46.85717,-7.95875],[-46.85,-7.95729],[-46.83917,-7.96545],[-46.83736,-7.95947],[-46.83,-7.96327],[-46.81327,-7.95131],[-46.80581,-7.95103],[-46.79991,-7.95067],[-46.79936,-7.95538],[-46.79155,-7.95329],[-46.79008,-7.94722],[-46.78264,-7.9513],[-46.781,-7.94495],[-46.76747,-7.93553],[-46.76255,-7.9387],[-46.75538,-7.92229],[-46.74591,-7.92664],[-46.73211,-7.91884],[-46.72574,-7.92346],[-46.7213,-7.91485],[-46.70766,-7.90986],[-46.69622,-7.91673],[-46.6723,-7.91437],[-46.66741,-7.90403],[-46.65977,-7.90049],[-46.64822,-7.90882],[-46.63052,-7.89866],[-46.60388,-7.8961],[-46.5828,-7.90669],[-46.57524,-7.9162],[-46.5616,-7.92045],[-46.55694,-7.93866],[-46.54865,-7.94944],[-46.51794,-7.95902],[-46.4918,-7.98063],[-46.4856,-8.00303],[-46.47618,-8.01205],[-46.47741,-8.05197],[-46.46541,-8.0703],[-46.46963,-8.08468],[-46.48161,-8.08831],[-46.48838,-8.09766],[-46.49119,-8.11556],[-46.51444,-8.16833],[-46.51069,-8.18144],[-46.49772,-8.1853],[-46.48678,-8.19983],[-46.49978,-8.21729],[-46.50895,-8.24176],[-46.5068,-8.27071],[-46.51672,-8.28869],[-46.53309,-8.30052],[-46.54395,-8.3204],[-46.60604,-8.32837],[-46.63448,-8.31926],[-46.70604,-8.35146],[-46.72707,-8.38106],[-46.72732,-8.38632],[-46.73132,-8.38635],[-46.73793,-8.37746],[-46.74926,-8.37393],[-46.76043,-8.37839],[-46.78165,-8.36801],[-46.79096,-8.38609],[-46.78624,-8.39903],[-46.79424,-8.4048],[-46.80607,-8.39891],[-46.79716,-8.41636],[-46.79471,-8.4299],[-46.80121,-8.44394],[-46.79579,-8.44656],[-46.81474,-8.4703],[-46.82002,-8.46541],[-46.82436,-8.47414],[-46.83158,-8.46487],[-46.83438,-8.469],[-46.83978,-8.46557],[-46.84035,-8.47344],[-46.85033,-8.4761],[-46.84558,-8.50136],[-46.85024,-8.50365],[-46.84617,-8.51086],[-46.85149,-8.51568],[-46.84258,-8.52277],[-46.85008,-8.52575],[-46.84589,-8.53206],[-46.86859,-8.52645],[-46.88451,-8.52868],[-46.89575,-8.51619],[-46.92658,-8.50855],[-46.93694,-8.50163],[-46.93989,-8.50576],[-46.95289,-8.49129],[-46.95773,-8.49937],[-46.98048,-8.49664],[-46.99154,-8.50163],[-47.01543,-8.49499],[-47.02995,-8.50303],[-47.03281,-8.49453],[-47.03697,-8.49881],[-47.04364,-8.49346],[-47.04803,-8.48039],[-47.06517,-8.46335],[-47.08003,-8.47452],[-47.09222,-8.4757],[-47.10417,-8.46655],[-47.1059,-8.47263],[-47.11576,-8.45957],[-47.1212,-8.4613],[-47.12742,-8.43408],[-47.14875,-8.42393],[-47.15303,-8.41005],[-47.16588,-8.39373],[-47.17022,-8.38916],[-47.17291,-8.35857],[-47.15275,-8.35423],[-47.14993,-8.32378],[-47.13674,-8.31029],[-47.14092,-8.2919],[-47.10999,-8.28001],[-47.1042,-8.27277],[-47.0957,-8.27705],[-47.0911,-8.27202],[-47.08616,-8.27899],[-47.06873,-8.27454],[-47.0594,-8.24563],[-47.04396,-8.23073],[-47.04688,-8.20878],[-47.05723,-8.2004],[-47.03942,-8.18341],[-47.03456,-8.1577],[-47.01926,-8.14362],[-47.01486,-8.1223],[-47.00584,-8.11097],[-47.01615,-8.08188],[-47.01377,-8.05756]]]},"properties":{"CD_MUN":"1703842","NM_MUN":"Campos Lindos","SIGLA_UF":"TO"}},{"type":"Feature","geometry":{"type":"Polygon","coordinates":[[[-47.69192,-6.01845],[-47.71148,-6.03399],[-47.7179,-6.07085],[-47.73712,-6.09418],[-47.74578,-6.0977],[-47.74676,-6.12577],[-47.76488,-6.15284],[-47.813,-6.15123],[-47.82336,-6.14591],[-47.86384,-6.17486],[-47.87444,-6.17474],[-47.87805,-6.19544],[-47.89183,-6.20222],[-47.89938,-6.21773],[-47.91607,-6.21952],[-47.92838,-6.22837],[-47.92969,-6.23724],[-47.93791,-6.24003],[-47.9455,-6.23005],[-47.95122,-6.23049],[-47.95463,-6.22379],[-47.95685,-6.2266],[-47.9621,-6.21698],[-47.97558,-6.21196],[-47.97947,-6.20272],[-47.97171,-6.18445],[-47.98494,-6.18288],[-47.99269,-6.17308],[-47.98769,-6.16603],[-47.99277,-6.16267],[-47.99066,-6.15733],[-47.97172,-6.15393],[-47.95484,-6.13308],[-47.95996,-6.10814],[-47.9545,-6.10096],[-47.95528,-6.0905],[-47.9693,-6.07423],[-47.96958,-6.06522],[-47.90758,-6.07226],[-47.90511,-6.04891],[-47.891,-6.01896],[-47.8799,-6.02193],[-47.87715,-6.02715],[-47.86249,-6.0286],[-47.8291,-6.02094],[-47.78963,-6.0238],[-47.76227,-6.00963],[-47.74062,-6.01646],[-47.72645,-6.01223],[-47.69192,-6.01845]]]},"properties":{"CD_MUN":"1703826","NM_MUN":"Cachoeirinha","SIGLA_UF":"TO"}},{"type":"Feature","geometry":{"type":"Polygon","coordinates":[[[-49.40605,-11.76105],[-49.3254,-11.74439],[-49.28888,-11.75337],[-49.27619,-11.74664],[-49.26496,-11.75083],[-49.2523,-11.74536],[-49.24035,-11.74932],[-49.22246,-11.73818],[-49.21644,-11.74324],[-49.16825,-11.74673],[-49.17163,-11.73965],[-49.14835,-11.73599],[-49.11462,-11.75217],[-49.1134,-11.76604],[-49.13577,-11.82764],[-49.1176,-11.83317],[-49.11552,-11.84412],[-49.10126,-11.85727],[-49.12031,-11.87757],[-49.12112,-11.88795],[-49.11322,-11.89035],[-49.08861,-11.88271],[-49.08641,-11.88834],[-49.09417,-11.90195],[-49.09007,-11.91106],[-49.07938,-11.90563],[-49.0615,-11.90674],[-49.02509,-11.93379],[-49.00087,-11.96242],[-49.00963,-11.96235],[-49.00954,-11.97051],[-49.02413,-11.98523],[-49.03535,-12.01076],[-49.05458,-12.01773],[-49.06069,-12.02727],[-49.06658,-12.07216],[-49.07739,-12.0839],[-49.09839,-12.08879],[-49.11736,-12.08515],[-49.14616,-12.07067],[-49.19186,-12.112],[-49.22006,-12.11364],[-49.24556,-12.14138],[-49.26962,-12.14111],[-49.28567,-12.15485],[-49.32059,-12.15279],[-49.34085,-12.15948],[-49.35885,-12.14974],[-49.37912,-12.15207],[-49.39451,-12.14741],[-49.38393,-12.14574],[-49.34512,-12.12359],[-49.34701,-12.10674],[-49.3357,-12.07742],[-49.3254,-12.06651],[-49.32637,-12.05165],[-49.3187,-12.03531],[-49.28928,-12.01698],[-49.27772,-11.99767],[-49.23676,-11.99904],[-49.20199,-11.9869],[-49.20091,-11.96396],[-49.2638,-11.93617],[-49.27256,-11.93625],[-49.27788,-11.91684],[-49.28621,-11.90508],[-49.30125,-11.8955],[-49.30804,-11.88066],[-49.30834,-11.8746],[-49.29985,-11.86712],[-49.30322,-11.85463],[-49.33414,-11.85276],[-49.33266,-11.84677],[-49.34033,-11.83997],[-49.34955,-11.81332],[-49.3768,-11.80844],[-49.3855,-11.78224],[-49.40605,-11.76105]]]},"properties":{"CD_MUN":"1703867","NM_MUN":"Cariri do Tocantins","SIGLA_UF":"TO"}},{"type":"Feature","geometry":{"type":"Polygon","coordinates":[[[-46.47493,-9.90648],[-46.4779,-9.92383],[-46.46501,-9.93702],[-46.4763,-9.9527],[-46.47116,-9.97365],[-46.47688,-9.98826],[-46.45638,-10.01793],[-46.45671,-10.04723],[-46.44619,-10.07433],[-46.41991,-10.08086],[-46.38327,-10.1201],[-46.36719,-10.16878],[-46.32682,-10.18366],[-46.31238,-10.17279],[-46.2723,-10.18157],[-46.2401,-10.17184],[-46.21021,-10.16969],[-46.19418,-10.18297],[-46.2113,-10.20262],[-46.21907,-10.19571],[-46.26296,-10.19712],[-46.28235,-10.22736],[-46.29383,-10.23029],[-46.32358,-10.2073],[-46.34622,-10.20962],[-46.35994,-10.2216],[-46.36905,-10.22338],[-46.39416,-10.2117],[-46.41952,-10.21089],[-46.43575,-10.21766],[-46.45275,-10.20926],[-46.47219,-10.21071],[-46.47742,-10.20402],[-46.49386,-10.20814],[-46.49978,-10.20406],[-46.51272,-10.20581],[-46.52461,-10.20077],[-46.54542,-10.20703],[-46.54778,-10.20248],[-46.56264,-10.20885],[-46.56286,-10.21511],[-46.57356,-10.21225],[-46.57642,-10.21768],[-46.59081,-10.21988],[-46.59812,-10.21485],[-46.60531,-10.22806],[-46.61417,-10.22394],[-46.61734,-10.21196],[-46.62147,-10.21774],[-46.63214,-10.20961],[-46.64278,-10.20929],[-46.64756,-10.19521],[-46.65498,-10.19653],[-46.65787,-10.18609],[-46.66839,-10.18495],[-46.66734,-10.17797],[-46.67972,-10.16267],[-46.68978,-10.16407],[-46.6907,-10.16007],[-46.70434,-10.15937],[-46.71273,-10.15225],[-46.72164,-10.15983],[-46.75537,-10.1485],[-46.7685,-10.15795],[-46.77698,-10.15238],[-46.78556,-10.16294],[-46.80761,-10.16028],[-46.82465,-10.16518],[-46.83804,-10.18407],[-46.85517,-10.18724],[-46.8596,-10.19338],[-46.9009,-10.19451],[-46.90607,-10.18641],[-46.92554,-10.18122],[-46.92615,-10.17632],[-46.9369,-10.18405],[-46.9369,-10.18405],[-46.95099,-10.17274],[-46.95334,-10.16485],[-46.97002,-10.16173],[-46.97175,-10.15648],[-46.98146,-10.15366],[-46.99298,-10.1373],[-47.01545,-10.13283],[-47.0255,-10.12298],[-47.03952,-10.12585],[-47.04692,-10.12221],[-47.05036,-10.10203],[-47.07388,-10.08188],[-47.09483,-10.07238],[-47.0846,-10.07298],[-47.07368,-10.06516],[-47.06902,-10.06764],[-47.06668,-10.05985],[-47.07246,-10.05801],[-47.05707,-10.05465],[-47.05557,-10.04822],[-47.04573,-10.04321],[-47.04654,-10.03658],[-47.03729,-10.03364],[-47.04023,-10.02203],[-47.03201,-10.02389],[-47.03673,-10.01661],[-47.02951,-10.01656],[-47.02443,-10.00797],[-47.02015,-10.01036],[-47.00939,-10.00144],[-47.00684,-10.0058],[-47.00273,-10.0032],[-47.00729,-10.00071],[-47.00028,-9.99917],[-46.99834,-10.00377],[-46.99404,-10.00035],[-46.98292,-9.99707],[-46.98165,-9.99121],[-46.98884,-9.99072],[-46.985,-9.98653],[-46.98086,-9.98996],[-46.98126,-9.98588],[-46.97651,-9.9904],[-46.97878,-9.99516],[-46.97312,-9.98956],[-46.96709,-9.99438],[-46.96598,-9.98924],[-46.95561,-9.99143],[-46.9517,-9.98725],[-46.94556,-9.99651],[-46.94308,-9.99148],[-46.9457,-9.99378],[-46.94575,-9.98672],[-46.93923,-9.98087],[-46.92406,-9.9854],[-46.90711,-9.97223],[-46.89834,-9.98253],[-46.878,-9.96969],[-46.87167,-9.97297],[-46.86767,-9.9639],[-46.86423,-9.96931],[-46.8545,-9.96759],[-46.85278,-9.96309],[-46.83847,-9.96997],[-46.83269,-9.97903],[-46.82542,-9.9712],[-46.81119,-9.97635],[-46.798,-9.97007],[-46.79577,-9.96268],[-46.78197,-9.95705],[-46.77988,-9.94821],[-46.76361,-9.9476],[-46.76383,-9.93963],[-46.7495,-9.94469],[-46.74572,-9.9338],[-46.74261,-9.93747],[-46.73688,-9.93432],[-46.73666,-9.9278],[-46.73002,-9.92964],[-46.73047,-9.92311],[-46.72563,-9.9232],[-46.72736,-9.91856],[-46.72291,-9.91999],[-46.72136,-9.91404],[-46.70591,-9.91831],[-46.69172,-9.91249],[-46.68288,-9.91808],[-46.68124,-9.91404],[-46.66988,-9.91632],[-46.66888,-9.91118],[-46.65791,-9.91056],[-46.65649,-9.91882],[-46.64483,-9.91559],[-46.63888,-9.91968],[-46.63563,-9.91159],[-46.62418,-9.91487],[-46.61265,-9.90357],[-46.59602,-9.89716],[-46.57946,-9.87572],[-46.55365,-9.85751],[-46.50824,-9.86527],[-46.49965,-9.88219],[-46.47493,-9.90648]]]},"properties":{"CD_MUN":"1720150","NM_MUN":"São Félix do Tocantins","SIGLA_UF":"TO"}},{"type":"Feature","geometry":{"type":"Polygon","coordinates":[[[-47.56888,-10.24975],[-47.56672,-10.2415],[-47.57799,-10.22643],[-47.58052,-10.18571],[-47.56933,-10.16407],[-47.55219,-10.17052],[-47.53974,-10.18363],[-47.52406,-10.15359],[-47.51379,-10.17289],[-47.50003,-10.1771],[-47.47341,-10.1903],[-47.4622,-10.18596],[-47.46216,-10.17709],[-47.44966,-10.16203],[-47.43538,-10.1643],[-47.42763,-10.23648],[-47.39935,-10.23754],[-47.39023,-10.24566],[-47.36992,-10.23938],[-47.36043,-10.25044],[-47.36508,-10.25476],[-47.35968,-10.26833],[-47.36185,-10.27544],[-47.35517,-10.27421],[-47.35044,-10.27897],[-47.35938,-10.28172],[-47.36056,-10.29773],[-47.36825,-10.30137],[-47.37725,-10.32837],[-47.37017,-10.33233],[-47.37411,-10.34008],[-47.36885,-10.34981],[-47.37465,-10.35343],[-47.37664,-10.36471],[-47.37138,-10.36157],[-47.36642,-10.36731],[-47.36171,-10.36608],[-47.36526,-10.37037],[-47.35522,-10.38228],[-47.33455,-10.38044],[-47.32894,-10.38462],[-47.32263,-10.42419],[-47.31614,-10.42528],[-47.31207,-10.43647],[-47.30187,-10.441],[-47.4413,-10.54063],[-47.44919,-10.54072],[-47.46318,-10.53014],[-47.46835,-10.50794],[-47.47888,-10.50529],[-47.47988,-10.4957],[-47.48671,-10.48994],[-47.4884,-10.47181],[-47.49571,-10.47094],[-47.49582,-10.4607],[-47.51182,-10.45724],[-47.50918,-10.44899],[-47.52049,-10.45261],[-47.52121,-10.44133],[-47.53074,-10.43716],[-47.53943,-10.42453],[-47.54341,-10.42822],[-47.54796,-10.423],[-47.56621,-10.42138],[-47.58151,-10.4086],[-47.58716,-10.41336],[-47.60302,-10.41094],[-47.61585,-10.41873],[-47.62102,-10.41304],[-47.61913,-10.40734],[-47.63055,-10.4005],[-47.63132,-10.4044],[-47.64302,-10.39893],[-47.64574,-10.40553],[-47.6558,-10.40244],[-47.65574,-10.39571],[-47.66737,-10.39392],[-47.6651,-10.38097],[-47.61983,-10.34881],[-47.62118,-10.33977],[-47.64028,-10.3277],[-47.63399,-10.29208],[-47.64411,-10.28308],[-47.64413,-10.26775],[-47.62721,-10.26655],[-47.61878,-10.25633],[-47.59673,-10.2501],[-47.57197,-10.25438],[-47.56888,-10.24975]]]},"properties":{"CD_MUN":"1711951","NM_MUN":"Lagoa do Tocantins","SIGLA_UF":"TO"}},{"type":"Feature","geometry":{"type":"Polygon","coordinates":[[[-48.17769,-5.26065],[-48.11143,-5.2655],[-48.0784,-5.27494],[-48.06815,-5.28624],[-48.05379,-5.31883],[-48.06008,-5.33734],[-48.07218,-5.34184],[-48.09209,-5.3654],[-48.04313,-5.38984],[-48.03299,-5.42402],[-48.05302,-5.44347],[-48.07075,-5.44442],[-48.08913,-5.43033],[-48.09405,-5.42065],[-48.10841,-5.42105],[-48.11402,-5.42904],[-48.1228,-5.42825],[-48.1386,-5.40055],[-48.16141,-5.39272],[-48.16152,-5.38792],[-48.18141,-5.38724],[-48.19186,-5.37222],[-48.20686,-5.38023],[-48.20816,-5.36301],[-48.21966,-5.35914],[-48.22511,-5.34737],[-48.23877,-5.34622],[-48.23552,-5.33679],[-48.21847,-5.33022],[-48.21938,-5.32333],[-48.24977,-5.31869],[-48.17229,-5.26864],[-48.17769,-5.26065]]]},"properties":{"CD_MUN":"1703800","NM_MUN":"Buriti do Tocantins","SIGLA_UF":"TO"}},{"type":"Feature","geometry":{"type":"Polygon","coordinates":[[[-47.86425,-5.75338],[-47.86533,-5.76279],[-47.85808,-5.76831],[-47.86197,-5.77776],[-47.85075,-5.79561],[-47.83581,-5.79649],[-47.82558,-5.78757],[-47.8215,-5.79187],[-47.80847,-5.78864],[-47.80425,-5.79466],[-47.77808,-5.79031],[-47.76559,-5.8045],[-47.75164,-5.80064],[-47.73461,-5.82041],[-47.73605,-5.85442],[-47.7219,-5.87767],[-47.73219,-5.90746],[-47.72755,-5.91715],[-47.70561,-5.92709],[-47.62929,-5.88952],[-47.63691,-5.89971],[-47.64113,-5.92689],[-47.649,-5.91752],[-47.66813,-5.91349],[-47.66605,-5.93219],[-47.69292,-5.93483],[-47.69659,-5.94802],[-47.70273,-5.9515],[-47.69928,-5.98742],[-47.70792,-6.00583],[-47.70159,-6.01499],[-47.69192,-6.01845],[-47.72645,-6.01223],[-47.74062,-6.01646],[-47.76227,-6.00963],[-47.78963,-6.0238],[-47.8291,-6.02094],[-47.86249,-6.0286],[-47.87715,-6.02715],[-47.8799,-6.02193],[-47.891,-6.01896],[-47.90511,-6.04891],[-47.90758,-6.07226],[-47.96958,-6.06522],[-47.9693,-6.07423],[-47.95528,-6.0905],[-47.9545,-6.10096],[-47.95996,-6.10814],[-47.95484,-6.13308],[-47.97172,-6.15393],[-47.99066,-6.15733],[-47.99941,-6.15685],[-48.02827,-6.13845],[-48.03735,-6.12727],[-48.0551,-6.12801],[-48.06099,-6.13323],[-48.07536,-6.12429],[-48.08625,-6.12832],[-48.09155,-6.12195],[-48.13449,-6.11306],[-48.15264,-6.12121],[-48.16897,-6.11171],[-48.17472,-6.1019],[-48.18514,-6.10502],[-48.19572,-6.10117],[-48.19466,-6.09139],[-48.20194,-6.09524],[-48.20461,-6.08572],[-48.19508,-6.08015],[-48.1975,-6.07416],[-48.2058,-6.07493],[-48.20416,-6.06733],[-48.20838,-6.06522],[-48.20455,-6.05555],[-48.20933,-6.05172],[-48.20691,-6.04295],[-48.19672,-6.04717],[-48.19769,-6.03991],[-48.20824,-6.03651],[-48.21416,-6.02533],[-48.22205,-6.0253],[-48.21847,-6.01662],[-48.22808,-6.02128],[-48.22294,-6.00535],[-48.21585,-5.99873],[-48.20596,-6.00407],[-48.19245,-5.99884],[-48.17757,-6.00797],[-48.16302,-6.00886],[-48.14606,-6.00134],[-48.13628,-5.98703],[-48.11874,-5.97419],[-48.10389,-5.97299],[-48.08833,-5.9646],[-48.07446,-5.96554],[-48.06885,-5.95264],[-48.08612,-5.93663],[-48.09083,-5.92423],[-48.082,-5.90875],[-48.07783,-5.88122],[-48.06711,-5.87941],[-48.03718,-5.85855],[-48.02142,-5.84046],[-47.99856,-5.83272],[-47.98945,-5.81782],[-47.99863,-5.79591],[-48.01613,-5.78967],[-48.02999,-5.77236],[-48.04466,-5.76651],[-48.05044,-5.74454],[-48.03365,-5.73868],[-48.01754,-5.74607],[-48.00313,-5.73982],[-47.99914,-5.74295],[-47.99414,-5.74959],[-47.99,-5.74556],[-47.98362,-5.75037],[-47.98036,-5.74328],[-47.97461,-5.7543],[-47.97078,-5.75371],[-47.97381,-5.75812],[-47.96409,-5.75635],[-47.95222,-5.76644],[-47.94683,-5.76138],[-47.93345,-5.76442],[-47.93183,-5.75233],[-47.92364,-5.75203],[-47.91998,-5.7568],[-47.90217,-5.75413],[-47.89611,-5.7465],[-47.90039,-5.74238],[-47.8965,-5.73764],[-47.88794,-5.74495],[-47.88008,-5.73873],[-47.86628,-5.74499],[-47.86425,-5.75338]]]},"properties":{"CD_MUN":"1720101","NM_MUN":"São Bento do Tocantins","SIGLA_UF":"TO"}},{"type":"Feature","geometry":{"type":"Polygon","coordinates":[[[-50.60286,-10.66089],[-49.93936,-10.57143],[-49.76282,-10.51409],[-49.74188,-10.52775],[-49.71323,-10.52994],[-49.70052,-10.54287],[-49.68942,-10.54124],[-49.67241,-10.55084],[-49.64999,-10.54758],[-49.6418,-10.56776],[-49.63701,-10.56583],[-49.61755,-10.5761],[-49.58514,-10.57028],[-49.58209,-10.58286],[-49.56496,-10.59145],[-49.54517,-10.61862],[-49.54633,-10.64217],[-49.5286,-10.67929],[-49.51336,-10.69118],[-49.49014,-10.69213],[-49.47674,-10.70486],[-49.45201,-10.71208],[-49.44674,-10.72842],[-49.46703,-10.73718],[-49.47028,-10.7548],[-49.50494,-10.76342],[-49.5198,-10.7812],[-49.52681,-10.80758],[-49.5391,-10.81162],[-49.56086,-10.8328],[-49.55915,-10.84276],[-49.57077,-10.8512],[-49.5693,-10.85602],[-49.57732,-10.86774],[-49.57466,-10.88366],[-49.58628,-10.90022],[-49.60405,-10.9108],[-49.62044,-10.91172],[-49.63177,-10.92908],[-49.66514,-10.91515],[-49.67732,-10.92201],[-49.68623,-10.91847],[-49.69163,-10.92693],[-49.70939,-10.90893],[-49.7131,-10.91353],[-49.70971,-10.9157],[-49.71687,-10.91773],[-49.71795,-10.92317],[-49.72721,-10.91626],[-49.72971,-10.90776],[-49.75902,-10.9032],[-49.76485,-10.90907],[-49.76049,-10.91841],[-49.78292,-10.93801],[-49.77835,-10.94998],[-49.78839,-10.97209],[-49.79498,-10.97672],[-49.79399,-10.98967],[-49.79865,-10.99696],[-49.8072,-11.00044],[-49.80731,-11.00938],[-49.81648,-11.01181],[-49.82306,-11.02573],[-49.81037,-11.04486],[-49.81059,-11.05166],[-49.81565,-11.05034],[-49.81578,-11.04363],[-49.82806,-11.04535],[-49.81406,-11.07636],[-49.82193,-11.09419],[-49.80304,-11.10222],[-49.80096,-11.11308],[-49.79162,-11.12181],[-49.78373,-11.11794],[-49.78254,-11.13199],[-49.76979,-11.14033],[-49.76479,-11.15943],[-49.75848,-11.16518],[-49.76712,-11.1647],[-49.75821,-11.17915],[-49.76535,-11.19489],[-49.75618,-11.20435],[-49.76401,-11.20014],[-49.76898,-11.21197],[-49.7611,-11.20882],[-49.74851,-11.22224],[-49.76062,-11.22379],[-49.75137,-11.23043],[-49.76107,-11.23939],[-49.74946,-11.24365],[-49.76299,-11.25164],[-49.74282,-11.25893],[-49.75127,-11.26017],[-49.74329,-11.26583],[-49.75099,-11.28239],[-49.73976,-11.27233],[-49.7418,-11.28476],[-49.73471,-11.28508],[-49.73768,-11.29235],[-49.72779,-11.30044],[-49.73465,-11.31446],[-49.7249,-11.31574],[-49.71957,-11.33919],[-49.70627,-11.33818],[-49.70299,-11.34632],[-49.70946,-11.35435],[-49.69946,-11.35182],[-49.6939,-11.35541],[-49.69771,-11.36305],[-49.68094,-11.37952],[-49.67738,-11.38992],[-50.66936,-11.58149],[-50.71545,-11.57888],[-50.74045,-11.53718],[-50.73425,-11.51419],[-50.74153,-11.46028],[-50.73872,-11.43532],[-50.7268,-11.41353],[-50.72797,-11.38249],[-50.71172,-11.35978],[-50.70522,-11.34144],[-50.70655,-11.32811],[-50.69811,-11.31049],[-50.69627,-11.30458],[-50.67077,-11.28666],[-50.65549,-11.24017],[-50.65371,-11.21712],[-50.66127,-11.20307],[-50.65929,-11.18755],[-50.66419,-11.16587],[-50.6594,-11.13165],[-50.64331,-11.12309],[-50.63648,-11.10048],[-50.61704,-11.08574],[-50.6089,-11.06739],[-50.61087,-11.0429],[-50.61687,-11.03193],[-50.61703,-11.00235],[-50.62428,-10.98377],[-50.61967,-10.96887],[-50.63242,-10.93433],[-50.61773,-10.91403],[-50.60023,-10.90061],[-50.59883,-10.88435],[-50.60439,-10.8724],[-50.61848,-10.86402],[-50.62144,-10.83934],[-50.61114,-10.8215],[-50.61164,-10.81025],[-50.60661,-10.8046],[-50.59278,-10.80264],[-50.58964,-10.78637],[-50.57002,-10.75243],[-50.58705,-10.68588],[-50.60224,-10.67369],[-50.60286,-10.66089]]]},"properties":{"CD_MUN":"1711902","NM_MUN":"Lagoa da Confusão","SIGLA_UF":"TO"}},{"type":"Feature","geometry":{"type":"Polygon","coordinates":[[[-48.99647,-10.84333],[-48.89183,-10.846],[-48.88427,-10.85313],[-48.87897,-10.87268],[-48.86939,-10.88624],[-48.87108,-10.91779],[-48.85755,-10.92743],[-48.85144,-10.93973],[-48.85364,-10.96629],[-48.83769,-10.96396],[-48.81002,-10.93148],[-48.80591,-10.90817],[-48.798,-10.89337],[-48.79438,-10.86598],[-48.80874,-10.85063],[-48.8096,-10.84267],[-48.74179,-10.7366],[-48.73651,-10.72896],[-48.72607,-10.72937],[-48.71149,-10.74806],[-48.67632,-10.74654],[-48.65226,-10.75395],[-48.64515,-10.76479],[-48.63543,-10.76673],[-48.61245,-10.76127],[-48.60517,-10.76586],[-48.59809,-10.75404],[-48.58773,-10.75635],[-48.54035,-10.80921],[-48.52823,-10.79718],[-48.5122,-10.79275],[-48.50493,-10.78238],[-48.47228,-10.78245],[-48.45334,-10.7636],[-48.41792,-10.75815],[-48.41534,-10.74092],[-48.40253,-10.75445],[-48.3964,-10.78802],[-48.39995,-10.80787],[-48.39692,-10.82597],[-48.41843,-10.88098],[-48.45757,-10.92803],[-48.51243,-10.95395],[-48.53365,-10.9972],[-48.55096,-11.01099],[-48.55727,-11.0244],[-48.55643,-11.04237],[-48.54341,-11.06901],[-48.5373,-11.10025],[-48.52022,-11.12437],[-48.51633,-11.1585],[-48.49608,-11.20653],[-48.45322,-11.26379],[-48.4505,-11.27544],[-48.45722,-11.30132],[-48.47837,-11.3633],[-48.51275,-11.39144],[-48.54193,-11.38331],[-48.54745,-11.36989],[-48.54781,-11.34956],[-48.56564,-11.32644],[-48.56551,-11.31383],[-48.57264,-11.30472],[-48.58303,-11.30359],[-48.59186,-11.28559],[-48.60067,-11.28365],[-48.60128,-11.2762],[-48.62284,-11.28509],[-48.71447,-11.12497],[-48.71889,-11.12513],[-48.73489,-11.14701],[-48.74075,-11.13909],[-48.74958,-11.14223],[-48.76253,-11.12401],[-48.76745,-11.13079],[-48.77717,-11.12793],[-48.78898,-11.13749],[-48.7987,-11.13391],[-48.80289,-11.12553],[-48.81164,-11.12885],[-48.81551,-11.11567],[-48.82075,-11.11755],[-48.82945,-11.10815],[-48.84945,-11.10478],[-48.85381,-11.10866],[-48.87589,-11.09711],[-48.88226,-11.10008],[-48.90004,-11.09536],[-48.90973,-11.09957],[-48.9277,-11.09647],[-48.94115,-11.11419],[-48.97226,-11.12564],[-48.99798,-11.12223],[-49.00829,-11.12799],[-49.02548,-11.12615],[-49.05173,-11.13215],[-49.0721,-11.12071],[-49.14985,-11.112],[-49.17354,-11.05709],[-49.16205,-11.04],[-49.14718,-11.03632],[-49.13993,-11.02813],[-49.12112,-11.02634],[-49.1149,-11.01824],[-49.11204,-11.00055],[-49.09162,-10.99446],[-49.07556,-10.97884],[-49.07695,-10.9566],[-49.06576,-10.94452],[-49.06253,-10.92827],[-49.05592,-10.923],[-49.04823,-10.92381],[-49.0372,-10.89911],[-49.02142,-10.89629],[-49.00845,-10.91226],[-49.00267,-10.91262],[-48.99792,-10.89609],[-48.985,-10.88988],[-48.991,-10.87938],[-48.98381,-10.87038],[-48.98192,-10.85777],[-48.98381,-10.84772],[-48.99647,-10.84333]]]},"properties":{"CD_MUN":"1703701","NM_MUN":"Brejinho de Nazaré","SIGLA_UF":"TO"}},{"type":"Feature","geometry":{"type":"Polygon","coordinates":[[[-49.17491,-8.00915],[-49.15519,-8.00961],[-49.15136,-8.00583],[-49.14859,-8.01264],[-49.13511,-8.00699],[-49.11222,-8.01037],[-49.10683,-8.02607],[-49.09347,-8.02614],[-49.09186,-8.03067],[-49.08277,-8.03226],[-49.07572,-8.05358],[-49.05878,-8.06381],[-49.05277,-8.08404],[-49.0448,-8.08743],[-49.00841,-8.08507],[-49.00536,-8.09369],[-48.98755,-8.10564],[-48.98363,-8.139],[-48.99725,-8.15429],[-48.99161,-8.16113],[-48.99297,-8.1782],[-48.98597,-8.17885],[-48.97517,-8.19208],[-48.99151,-8.19624],[-48.99575,-8.20265],[-49.01496,-8.20522],[-49.02717,-8.22047],[-49.06875,-8.2262],[-49.09278,-8.22052],[-49.1431,-8.25315],[-49.15884,-8.25641],[-49.17322,-8.2563],[-49.20251,-8.23693],[-49.21001,-8.24033],[-49.21758,-8.23176],[-49.21202,-8.22359],[-49.22141,-8.20542],[-49.20887,-8.1754],[-49.20314,-8.13991],[-49.20661,-8.12241],[-49.1987,-8.08757],[-49.176,-8.06141],[-49.17491,-8.00915]]]},"properties":{"CD_MUN":"1711803","NM_MUN":"Juarina","SIGLA_UF":"TO"}},{"type":"Feature","geometry":{"type":"Polygon","coordinates":[[[-48.37781,-8.13789],[-48.37009,-8.14453],[-48.36734,-8.13873],[-48.36078,-8.14155],[-48.35931,-8.13313],[-48.35231,-8.13577],[-48.34356,-8.124],[-48.33819,-8.13371],[-48.32236,-8.13446],[-48.32364,-8.12875],[-48.31773,-8.13357],[-48.30361,-8.13287],[-48.30545,-8.13749],[-48.29944,-8.13795],[-48.29628,-8.14531],[-48.31351,-8.16985],[-48.33298,-8.23887],[-48.35445,-8.25429],[-48.35129,-8.26576],[-48.34016,-8.26734],[-48.31982,-8.2815],[-48.28829,-8.32669],[-48.28872,-8.33259],[-48.28185,-8.33723],[-48.29461,-8.3432],[-48.33038,-8.33796],[-48.35932,-8.38013],[-48.37757,-8.39198],[-48.40977,-8.39149],[-48.42854,-8.4005],[-48.43469,-8.39382],[-48.43683,-8.39893],[-48.44677,-8.3918],[-48.45317,-8.4013],[-48.46483,-8.40323],[-48.48162,-8.42317],[-48.52236,-8.39506],[-48.53035,-8.39949],[-48.53297,-8.39167],[-48.55538,-8.37883],[-48.55576,-8.37086],[-48.57145,-8.37356],[-48.56862,-8.36043],[-48.60061,-8.35565],[-48.60473,-8.34523],[-48.62224,-8.33421],[-48.61677,-8.3269],[-48.62641,-8.3212],[-48.6143,-8.29512],[-48.62097,-8.28767],[-48.63255,-8.28517],[-48.63438,-8.27666],[-48.62649,-8.28065],[-48.61888,-8.27739],[-48.60318,-8.2871],[-48.59493,-8.28428],[-48.58191,-8.27035],[-48.58324,-8.2563],[-48.57757,-8.25742],[-48.53699,-8.23246],[-48.5234,-8.2343],[-48.51424,-8.26232],[-48.50132,-8.2628],[-48.48913,-8.25684],[-48.48546,-8.2465],[-48.47559,-8.23872],[-48.47137,-8.21905],[-48.43326,-8.19955],[-48.42723,-8.18087],[-48.41676,-8.18135],[-48.39482,-8.17223],[-48.39264,-8.14512],[-48.38801,-8.13942],[-48.37781,-8.13789]]]},"properties":{"CD_MUN":"1703602","NM_MUN":"Brasilândia do Tocantins","SIGLA_UF":"TO"}},{"type":"Feature","geometry":{"type":"Polygon","coordinates":[[[-48.98673,-11.94171],[-48.99102,-11.93676],[-48.98952,-11.92606],[-48.96488,-11.91679],[-48.96093,-11.90962],[-48.94082,-11.89929],[-48.93546,-11.88377],[-48.92501,-11.8723],[-48.92293,-11.86023],[-48.90812,-11.85754],[-48.89132,-11.86699],[-48.87585,-11.84969],[-48.84443,-11.85563],[-48.84565,-11.85011],[-48.84079,-11.84909],[-48.84542,-11.8395],[-48.83237,-11.83327],[-48.83862,-11.81862],[-48.83348,-11.81079],[-48.83987,-11.80375],[-48.84198,-11.78554],[-48.83488,-11.77603],[-48.82093,-11.78562],[-48.80867,-11.81313],[-48.77907,-11.84015],[-48.77559,-11.85011],[-48.77807,-11.87075],[-48.76612,-11.87041],[-48.75947,-11.878],[-48.72939,-11.88504],[-48.7099,-11.91912],[-48.69885,-11.92404],[-48.70551,-11.9336],[-48.71784,-11.93067],[-48.72242,-11.9393],[-48.7454,-11.94603],[-48.75065,-11.96682],[-48.76293,-11.97667],[-48.78056,-12.19706],[-48.83594,-12.26089],[-48.83898,-12.29061],[-48.86003,-12.2835],[-48.86122,-12.29035],[-48.87219,-12.29675],[-48.88349,-12.2891],[-48.89116,-12.2946],[-48.91063,-12.29543],[-48.92614,-12.2938],[-48.9405,-12.27729],[-48.97309,-12.26526],[-48.95615,-12.14997],[-48.95058,-12.14006],[-48.93718,-12.13746],[-48.92714,-12.12443],[-48.93482,-12.0914],[-48.966,-12.05402],[-48.96299,-12.03982],[-48.97789,-12.01593],[-48.97052,-11.95373],[-48.98673,-11.94171]]]},"properties":{"CD_MUN":"1720853","NM_MUN":"Sucupira","SIGLA_UF":"TO"}},{"type":"Feature","geometry":{"type":"Polygon","coordinates":[[[-46.9369,-10.18405],[-46.92615,-10.17632],[-46.92554,-10.18122],[-46.90607,-10.18641],[-46.9009,-10.19451],[-46.8596,-10.19338],[-46.85517,-10.18724],[-46.83804,-10.18407],[-46.82465,-10.16518],[-46.80761,-10.16028],[-46.78556,-10.16294],[-46.77698,-10.15238],[-46.7685,-10.15795],[-46.75537,-10.1485],[-46.72164,-10.15983],[-46.71273,-10.15225],[-46.70434,-10.15937],[-46.6907,-10.16007],[-46.68978,-10.16407],[-46.67972,-10.16267],[-46.66734,-10.17797],[-46.66839,-10.18495],[-46.65787,-10.18609],[-46.65498,-10.19653],[-46.64756,-10.19521],[-46.64278,-10.20929],[-46.63214,-10.20961],[-46.62147,-10.21774],[-46.61734,-10.21196],[-46.61417,-10.22394],[-46.60531,-10.22806],[-46.59812,-10.21485],[-46.59081,-10.21988],[-46.57642,-10.21768],[-46.57356,-10.21225],[-46.56286,-10.21511],[-46.56264,-10.20885],[-46.54778,-10.20248],[-46.54542,-10.20703],[-46.52461,-10.20077],[-46.51272,-10.20581],[-46.49978,-10.20406],[-46.49386,-10.20814],[-46.47742,-10.20402],[-46.47219,-10.21071],[-46.45275,-10.20926],[-46.43575,-10.21766],[-46.41952,-10.21089],[-46.39416,-10.2117],[-46.36905,-10.22338],[-46.35994,-10.2216],[-46.34622,-10.20962],[-46.32358,-10.2073],[-46.29383,-10.23029],[-46.28235,-10.22736],[-46.26296,-10.19712],[-46.21907,-10.19571],[-46.2113,-10.20262],[-46.19418,-10.18297],[-46.16499,-10.21311],[-46.13521,-10.20632],[-46.10243,-10.2131],[-46.05015,-10.18163],[-46.02756,-10.17684],[-46.02251,-10.18335],[-46.01701,-10.2404],[-46.00482,-10.26043],[-45.99554,-10.25028],[-45.97323,-10.24834],[-45.94579,-10.25855],[-45.87715,-10.2393],[-45.8395,-10.26017],[-45.79037,-10.26641],[-45.74648,-10.24215],[-45.73289,-10.22827],[-45.72564,-10.20295],[-45.73428,-10.17214],[-45.7225,-10.15478],[-45.71513,-10.16687],[-45.69856,-10.16682],[-45.70519,-10.18825],[-45.69742,-10.21541],[-45.69536,-10.25766],[-45.71378,-10.28446],[-45.72334,-10.31719],[-45.73773,-10.34241],[-45.75042,-10.35195],[-45.79673,-10.35266],[-45.82312,-10.36463],[-45.82837,-10.37227],[-45.83015,-10.39404],[-45.81895,-10.41226],[-45.82701,-10.43594],[-45.8336,-10.44056],[-45.8641,-10.43886],[-45.88693,-10.44915],[-45.90002,-10.46085],[-45.90599,-10.47366],[-45.96138,-10.50968],[-45.97049,-10.52856],[-46.01872,-10.53847],[-46.02433,-10.5427],[-46.02708,-10.56707],[-46.05919,-10.57446],[-46.05878,-10.59342],[-46.06536,-10.60381],[-46.09472,-10.60441],[-46.11131,-10.61845],[-46.15567,-10.62991],[-46.1667,-10.61931],[-46.1872,-10.62651],[-46.21132,-10.65263],[-46.18726,-10.683],[-46.19142,-10.70048],[-46.21057,-10.72137],[-46.26985,-10.74976],[-46.26879,-10.76854],[-46.26307,-10.77457],[-46.24546,-10.78404],[-46.2279,-10.78055],[-46.2231,-10.78884],[-46.25563,-10.81734],[-46.28454,-10.82119],[-46.29276,-10.80494],[-46.28189,-10.78819],[-46.28129,-10.77361],[-46.28948,-10.75337],[-46.30487,-10.74656],[-46.35882,-10.74707],[-46.41186,-10.76896],[-46.4328,-10.73808],[-46.43806,-10.74089],[-46.4464,-10.76302],[-46.47522,-10.77318],[-46.49629,-10.78635],[-46.50005,-10.79419],[-46.51005,-10.79821],[-46.52524,-10.7962],[-46.53893,-10.80349],[-46.55886,-10.80325],[-46.57147,-10.81079],[-46.63001,-10.81726],[-46.65408,-10.80415],[-46.66094,-10.80743],[-46.68194,-10.79434],[-46.69256,-10.79473],[-46.69511,-10.80783],[-46.70075,-10.80816],[-46.69982,-10.8177],[-46.71311,-10.80556],[-46.71045,-10.79466],[-46.718,-10.77533],[-46.70738,-10.75648],[-46.70312,-10.74836],[-46.7076,-10.74139],[-46.70497,-10.73323],[-46.71135,-10.73358],[-46.70804,-10.71225],[-46.7112,-10.70513],[-46.70638,-10.69155],[-46.71272,-10.67419],[-46.70493,-10.67138],[-46.7032,-10.66543],[-46.71617,-10.64528],[-46.75831,-10.6535],[-46.75519,-10.63272],[-46.74896,-10.62733],[-46.75017,-10.61668],[-46.75687,-10.60954],[-46.75242,-10.58292],[-46.75979,-10.56503],[-46.75893,-10.52413],[-46.7737,-10.50836],[-46.77312,-10.50051],[-46.78014,-10.49795],[-46.78093,-10.48867],[-46.78779,-10.48326],[-46.7936,-10.49143],[-46.79782,-10.48339],[-46.7953,-10.47884],[-46.80508,-10.48136],[-46.84765,-10.45806],[-46.87825,-10.45134],[-46.88562,-10.44133],[-46.88884,-10.42516],[-46.87098,-10.39091],[-46.87368,-10.37988],[-46.86807,-10.36767],[-46.87415,-10.36153],[-46.87047,-10.34674],[-46.87331,-10.33157],[-46.88078,-10.3206],[-46.87468,-10.30925],[-46.88141,-10.27979],[-46.87661,-10.27374],[-46.88673,-10.25174],[-46.88249,-10.24487],[-46.88977,-10.23823],[-46.88832,-10.22368],[-46.91315,-10.2119],[-46.92326,-10.19185],[-46.92996,-10.19202],[-46.9369,-10.18405]]]},"properties":{"CD_MUN":"1712702","NM_MUN":"Mateiros","SIGLA_UF":"TO"}},{"type":"Feature","geometry":{"type":"Polygon","coordinates":[[[-47.83794,-5.59962],[-47.77946,-5.54641],[-47.72979,-5.53037],[-47.73887,-5.54586],[-47.73927,-5.55801],[-47.58302,-5.55929],[-47.59254,-5.67979],[-47.7846,-5.69366],[-47.76855,-5.68199],[-47.76888,-5.67084],[-47.75955,-5.6534],[-47.71463,-5.65017],[-47.71054,-5.63824],[-47.69299,-5.63488],[-47.68899,-5.61492],[-47.7014,-5.6033],[-47.83793,-5.59963],[-47.83794,-5.59962]]]},"properties":{"CD_MUN":"1720804","NM_MUN":"Sítio Novo do Tocantins","SIGLA_UF":"TO"}},{"type":"Feature","geometry":{"type":"Polygon","coordinates":[[[-47.74271,-10.90786],[-47.73535,-10.9199],[-47.7456,-10.93803],[-47.73677,-10.95106],[-47.72605,-10.95114],[-47.7296,-10.96881],[-47.7239,-10.97478],[-47.73032,-10.98358],[-47.71205,-10.9996],[-47.71296,-11.00933],[-47.70805,-11.01469],[-47.71257,-11.01998],[-47.71035,-11.02797],[-47.70705,-11.03357],[-47.69946,-11.03156],[-47.69605,-11.04086],[-47.69091,-11.04181],[-47.69549,-11.05672],[-47.68968,-11.06235],[-47.72938,-11.11622],[-47.74333,-11.11947],[-47.76558,-11.16151],[-47.77994,-11.17381],[-47.78022,-11.18129],[-47.78803,-11.18469],[-47.803,-11.21066],[-47.8065,-11.20889],[-47.81189,-11.21662],[-47.84814,-11.22094],[-47.86225,-11.20665],[-47.87148,-11.20507],[-47.90262,-11.23509],[-47.91664,-11.23684],[-47.92951,-11.24794],[-47.96837,-11.25632],[-47.99273,-11.24736],[-48.00059,-11.25454],[-48.01007,-11.25626],[-48.01957,-11.26652],[-48.03899,-11.26875],[-48.07057,-11.28248],[-48.08229,-11.29587],[-48.08838,-11.31558],[-48.09657,-11.31956],[-48.13488,-11.3065],[-48.14599,-11.28525],[-48.15841,-11.27118],[-48.16774,-11.2683],[-48.19238,-11.27634],[-48.20233,-11.27446],[-48.22627,-11.28465],[-48.23855,-11.28138],[-48.24916,-11.28812],[-48.25685,-11.28456],[-48.27691,-11.28824],[-48.2823,-11.29778],[-48.30533,-11.29499],[-48.30974,-11.29045],[-48.31741,-11.31001],[-48.33044,-11.29314],[-48.33753,-11.29682],[-48.33847,-11.28714],[-48.34972,-11.28882],[-48.35983,-11.2756],[-48.36561,-11.28071],[-48.37139,-11.2723],[-48.37741,-11.27751],[-48.38742,-11.27399],[-48.39161,-11.27996],[-48.3988,-11.27367],[-48.40433,-11.27832],[-48.4215,-11.27449],[-48.44741,-11.26014],[-48.45322,-11.26379],[-48.45286,-11.24752],[-48.44644,-11.23679],[-48.41166,-11.21581],[-48.40888,-11.20334],[-48.39055,-11.20233],[-48.34941,-11.17966],[-48.34846,-11.1732],[-48.36504,-11.15722],[-48.32188,-11.14383],[-48.31627,-11.13103],[-48.32299,-11.1046],[-48.31846,-11.09154],[-48.32757,-11.08601],[-48.31488,-11.06024],[-48.29085,-11.05066],[-48.28843,-11.04211],[-48.26087,-11.02259],[-48.24712,-10.99998],[-48.22106,-10.98977],[-48.21487,-11.01663],[-48.20954,-11.02133],[-48.19979,-11.01786],[-48.16423,-11.05085],[-48.1549,-11.07975],[-48.12729,-11.10864],[-48.11281,-11.13335],[-48.08587,-11.13097],[-48.06762,-11.15569],[-48.03798,-11.16314],[-48.01475,-11.17615],[-47.99239,-11.17402],[-47.98001,-11.1707],[-47.96162,-11.15524],[-47.94826,-11.15407],[-47.92478,-11.11853],[-47.92178,-11.09825],[-47.90534,-11.08242],[-47.91119,-11.07749],[-47.88424,-10.99271],[-47.88208,-10.97287],[-47.86658,-10.96027],[-47.82682,-10.94772],[-47.79574,-10.95005],[-47.78355,-10.93844],[-47.78199,-10.93001],[-47.77274,-10.92882],[-47.76221,-10.91667],[-47.75735,-10.91993],[-47.75551,-10.91268],[-47.74271,-10.90786]]]},"properties":{"CD_MUN":"1720655","NM_MUN":"Silvanópolis","SIGLA_UF":"TO"}},{"type":"Feature","geometry":{"type":"Polygon","coordinates":[[[-49.99418,-9.67395],[-49.97551,-9.67503],[-49.95357,-9.66811],[-49.94643,-9.67627],[-49.92473,-9.68279],[-49.91268,-9.6767],[-49.89298,-9.68557],[-49.88695,-9.68157],[-49.87651,-9.685],[-49.87359,-9.6811],[-49.84962,-9.68143],[-49.83592,-9.66898],[-49.82284,-9.66425],[-49.80031,-9.66712],[-49.79642,-9.6495],[-49.80239,-9.6348],[-49.78812,-9.63088],[-49.78678,-9.61009],[-49.76975,-9.60462],[-49.7483,-9.58253],[-49.73028,-9.5914],[-49.71711,-9.58765],[-49.69127,-9.56265],[-49.68275,-9.56064],[-49.67911,-9.55528],[-49.68216,-9.54312],[-49.67447,-9.53621],[-49.66505,-9.53873],[-49.66625,-9.54373],[-49.65038,-9.55432],[-49.62416,-9.55382],[-49.59211,-9.57137],[-49.39756,-9.96025],[-49.4042,-9.96904],[-49.40951,-9.96892],[-49.41306,-9.98345],[-49.42612,-9.99084],[-49.43095,-10.00234],[-49.44428,-10.00811],[-49.45414,-10.00734],[-49.45215,-10.0038],[-49.4654,-9.99801],[-49.46615,-9.98565],[-49.47153,-9.98072],[-49.4809,-9.97849],[-49.48651,-9.983],[-49.49282,-9.97979],[-49.49479,-9.9717],[-49.51823,-9.97695],[-49.53373,-9.9581],[-49.54279,-9.95858],[-49.5507,-9.94943],[-49.56368,-9.95463],[-49.56567,-9.96099],[-49.57512,-9.95847],[-49.58354,-9.9633],[-49.59896,-9.98448],[-49.60776,-9.98313],[-49.62118,-9.99533],[-49.64121,-10.00101],[-49.64796,-9.98794],[-49.6559,-9.98623],[-49.6711,-9.99497],[-49.67862,-9.98754],[-49.68226,-9.99154],[-49.6854,-9.98701],[-49.68952,-9.99046],[-49.70435,-9.98595],[-49.71407,-9.97508],[-49.72332,-9.97918],[-49.73699,-9.96686],[-49.74688,-9.9675],[-49.7436,-9.95951],[-49.74707,-9.95525],[-49.77254,-9.94994],[-49.77091,-9.94095],[-49.7799,-9.93479],[-49.78154,-9.92589],[-49.78952,-9.92391],[-49.79341,-9.90503],[-49.80713,-9.89797],[-49.81977,-9.90753],[-49.82718,-9.90354],[-49.8356,-9.90745],[-49.84402,-9.92018],[-49.84163,-9.92643],[-49.86966,-9.9144],[-49.87421,-9.92003],[-49.88411,-9.91623],[-49.89838,-9.92605],[-49.90425,-9.92043],[-49.90355,-9.90581],[-49.90941,-9.89393],[-49.91316,-9.89838],[-49.92069,-9.89067],[-49.92313,-9.89948],[-49.93421,-9.89432],[-49.93185,-9.88996],[-49.93899,-9.88842],[-49.94752,-9.87009],[-49.96483,-9.86112],[-49.9621,-9.85386],[-49.97216,-9.8496],[-49.96768,-9.84433],[-49.97849,-9.83853],[-49.97913,-9.83472],[-49.9751,-9.83499],[-49.98068,-9.83227],[-49.97841,-9.83018],[-49.98766,-9.82629],[-49.97971,-9.81347],[-49.98302,-9.8054],[-49.99169,-9.81094],[-49.99199,-9.80468],[-49.99766,-9.80459],[-49.99988,-9.79814],[-50.01138,-9.79397],[-50.00796,-9.78949],[-50.01246,-9.77474],[-50.02507,-9.77684],[-50.02416,-9.76467],[-50.03244,-9.75802],[-50.02855,-9.75336],[-50.02085,-9.75566],[-50.02193,-9.74614],[-50.00882,-9.75093],[-50.00582,-9.73676],[-50.01271,-9.72066],[-50.0286,-9.70237],[-50.01607,-9.70118],[-50.01387,-9.69119],[-49.9999,-9.68705],[-50.00246,-9.67739],[-49.99418,-9.67395]]]},"properties":{"CD_MUN":"1712504","NM_MUN":"Marianópolis do Tocantins","SIGLA_UF":"TO"}},{"type":"Feature","geometry":{"type":"Polygon","coordinates":[[[-47.17463,-8.93091],[-47.16005,-8.93146],[-47.16388,-8.92467],[-47.15805,-8.92467],[-47.15275,-8.91779],[-47.15358,-8.92476],[-47.13955,-8.92259],[-47.129,-8.93854],[-47.12077,-8.93818],[-47.11758,-8.92233],[-47.10019,-8.9139],[-47.10327,-8.91119],[-47.09891,-8.90059],[-47.09235,-8.89805],[-47.07649,-8.90884],[-47.06519,-8.90658],[-47.06327,-8.89534],[-47.05335,-8.88801],[-47.02822,-8.89961],[-47.01116,-8.92416],[-46.9921,-8.92357],[-46.98402,-8.93229],[-46.99455,-8.93051],[-46.99394,-8.94547],[-47.01052,-8.94654],[-47.01227,-8.95225],[-47.01755,-8.95288],[-47.01235,-8.96565],[-47.01463,-8.97626],[-47.02566,-8.99003],[-47.03497,-8.97888],[-47.03169,-8.98622],[-47.04133,-9.00295],[-47.06777,-9.01196],[-47.05574,-9.01881],[-47.04788,-9.01558],[-47.04275,-9.02648],[-47.05336,-9.03369],[-47.05352,-9.04811],[-47.061,-9.04807],[-47.057,-9.05289],[-47.06725,-9.05593],[-47.068,-9.06381],[-47.04769,-9.07125],[-47.03364,-9.06941],[-47.02283,-9.07599],[-47.00947,-9.07024],[-47.01289,-9.07803],[-47.00661,-9.08213],[-46.98861,-9.07511],[-46.97519,-9.08167],[-46.94227,-9.06442],[-46.9226,-9.0656],[-46.91141,-9.08267],[-46.91822,-9.08713],[-46.9308,-9.08583],[-46.92985,-9.09561],[-46.92283,-9.09783],[-46.92953,-9.10593],[-46.92547,-9.11587],[-46.93075,-9.12069],[-46.9285,-9.13227],[-46.906,-9.13543],[-46.89283,-9.12224],[-46.88805,-9.12865],[-46.89094,-9.14044],[-46.86039,-9.14637],[-46.85169,-9.15439],[-46.84708,-9.16796],[-46.85116,-9.18998],[-46.83855,-9.19753],[-46.82708,-9.19422],[-46.81863,-9.2093],[-46.82816,-9.24004],[-46.81822,-9.26001],[-46.82203,-9.26627],[-46.83103,-9.26866],[-46.832,-9.27954],[-46.84392,-9.28412],[-46.84439,-9.29987],[-46.83458,-9.30817],[-46.81803,-9.30338],[-46.81033,-9.3067],[-46.79844,-9.33879],[-46.76758,-9.36545],[-46.75795,-9.38116],[-46.76551,-9.4033],[-46.76264,-9.4089],[-46.74531,-9.41435],[-46.72658,-9.3975],[-46.6955,-9.39854],[-46.6742,-9.39073],[-46.66525,-9.39187],[-46.64272,-9.41023],[-46.63205,-9.41154],[-46.64547,-9.42311],[-46.64736,-9.44693],[-46.62686,-9.46567],[-46.60119,-9.46944],[-46.59192,-9.48342],[-46.57253,-9.47771],[-46.56328,-9.48038],[-46.55847,-9.49295],[-46.57505,-9.5082],[-46.57494,-9.51772],[-46.53603,-9.55706],[-46.57859,-9.58403],[-46.59111,-9.58617],[-46.59061,-9.60529],[-46.60539,-9.63011],[-46.60614,-9.65184],[-46.61234,-9.66577],[-46.65262,-9.6934],[-46.6449,-9.71654],[-46.64568,-9.734],[-46.63151,-9.74883],[-46.59543,-9.7472],[-46.57437,-9.75853],[-46.56931,-9.77745],[-46.57896,-9.7963],[-46.57104,-9.80794],[-46.54168,-9.81027],[-46.5107,-9.79867],[-46.50815,-9.80922],[-46.49293,-9.82738],[-46.49535,-9.84596],[-46.47962,-9.85521],[-46.48943,-9.86111],[-46.49093,-9.87003],[-46.47218,-9.8774],[-46.47012,-9.898],[-46.47493,-9.90648],[-46.49965,-9.88219],[-46.50824,-9.86527],[-46.55365,-9.85751],[-46.57946,-9.87572],[-46.59602,-9.89716],[-46.61265,-9.90357],[-46.62418,-9.91487],[-46.63563,-9.91159],[-46.63888,-9.91968],[-46.64483,-9.91559],[-46.65649,-9.91882],[-46.65791,-9.91056],[-46.66888,-9.91118],[-46.66988,-9.91632],[-46.68124,-9.91404],[-46.68288,-9.91808],[-46.69172,-9.91249],[-46.70591,-9.91831],[-46.72136,-9.91404],[-46.72291,-9.91999],[-46.72736,-9.91856],[-46.72563,-9.9232],[-46.73047,-9.92311],[-46.73002,-9.92964],[-46.73666,-9.9278],[-46.73688,-9.93432],[-46.74261,-9.93747],[-46.74572,-9.9338],[-46.7495,-9.94469],[-46.76383,-9.93963],[-46.76361,-9.9476],[-46.77988,-9.94821],[-46.78197,-9.95705],[-46.79577,-9.96268],[-46.798,-9.97007],[-46.81119,-9.97635],[-46.82542,-9.9712],[-46.83269,-9.97903],[-46.83847,-9.96997],[-46.85278,-9.96309],[-46.8545,-9.96759],[-46.86423,-9.96931],[-46.86767,-9.9639],[-46.87167,-9.97297],[-46.878,-9.96969],[-46.89834,-9.98253],[-46.90711,-9.97223],[-46.92406,-9.9854],[-46.93923,-9.98087],[-46.94575,-9.98672],[-46.9457,-9.99378],[-46.94308,-9.99148],[-46.94556,-9.99651],[-46.9517,-9.98725],[-46.95561,-9.99143],[-46.96598,-9.98924],[-46.96709,-9.99438],[-46.97312,-9.98956],[-46.97878,-9.99516],[-46.97651,-9.9904],[-46.98126,-9.98588],[-46.98086,-9.98996],[-46.985,-9.98653],[-46.98884,-9.99072],[-46.98165,-9.99121],[-46.98292,-9.99707],[-46.99404,-10.00035],[-46.99834,-10.00377],[-47.00028,-9.99917],[-47.00729,-10.00071],[-47.00273,-10.0032],[-47.00684,-10.0058],[-47.00939,-10.00144],[-47.02015,-10.01036],[-47.02443,-10.00797],[-47.02951,-10.01656],[-47.03673,-10.01661],[-47.03201,-10.02389],[-47.04023,-10.02203],[-47.03729,-10.03364],[-47.04654,-10.03658],[-47.04573,-10.04321],[-47.05557,-10.04822],[-47.05707,-10.05465],[-47.07246,-10.05801],[-47.06668,-10.05985],[-47.06902,-10.06764],[-47.07368,-10.06516],[-47.0846,-10.07298],[-47.09483,-10.07238],[-47.09484,-10.07238],[-47.11679,-10.04198],[-47.17018,-10.03831],[-47.18041,-10.02194],[-47.20235,-10.02108],[-47.20035,-10.0104],[-47.20974,-10.00236],[-47.20266,-9.99187],[-47.19212,-9.98976],[-47.20599,-9.98423],[-47.2029,-9.97473],[-47.19201,-9.97172],[-47.20113,-9.96785],[-47.20143,-9.95834],[-47.18807,-9.95797],[-47.18474,-9.9511],[-47.17635,-9.95451],[-47.16562,-9.93373],[-47.15115,-9.933],[-47.15551,-9.91157],[-47.13982,-9.91548],[-47.13912,-9.91041],[-47.14723,-9.90265],[-47.13981,-9.90189],[-47.13398,-9.8904],[-47.14273,-9.87449],[-47.13803,-9.86599],[-47.12795,-9.86497],[-47.12298,-9.85675],[-47.11795,-9.85696],[-47.12403,-9.84822],[-47.12098,-9.84253],[-47.11299,-9.84126],[-47.11058,-9.83343],[-47.09336,-9.83],[-47.07711,-9.81786],[-47.07378,-9.81217],[-47.07675,-9.80372],[-47.07136,-9.80149],[-47.0755,-9.79448],[-47.07075,-9.79215],[-47.08911,-9.77436],[-47.08828,-9.75923],[-47.07997,-9.74495],[-47.08653,-9.7441],[-47.08522,-9.72171],[-47.09966,-9.69443],[-47.09472,-9.68893],[-47.08283,-9.68819],[-47.08355,-9.65754],[-47.07619,-9.64797],[-47.06327,-9.64524],[-47.06063,-9.6302],[-47.05375,-9.6229],[-47.06938,-9.62616],[-47.07949,-9.59156],[-47.08622,-9.58553],[-47.08874,-9.54527],[-47.0966,-9.5153],[-47.09302,-9.49815],[-47.08082,-9.48787],[-47.08138,-9.47599],[-47.08466,-9.47135],[-47.10232,-9.48142],[-47.10457,-9.47633],[-47.10291,-9.46954],[-47.08899,-9.45991],[-47.11512,-9.44899],[-47.11663,-9.44019],[-47.12085,-9.4438],[-47.14746,-9.43115],[-47.15143,-9.4237],[-47.17591,-9.42221],[-47.19146,-9.41162],[-47.19805,-9.39826],[-47.20519,-9.40158],[-47.20983,-9.39657],[-47.2268,-9.39485],[-47.24069,-9.38399],[-47.2381,-9.3753],[-47.2548,-9.35971],[-47.26191,-9.33819],[-47.29963,-9.32747],[-47.31316,-9.33184],[-47.32444,-9.32244],[-47.3248,-9.30993],[-47.33244,-9.30346],[-47.33502,-9.28957],[-47.34577,-9.28788],[-47.3393,-9.27404],[-47.32987,-9.26866],[-47.33505,-9.26129],[-47.33218,-9.25677],[-47.30004,-9.25323],[-47.28601,-9.23852],[-47.27677,-9.2354],[-47.28968,-9.22799],[-47.28254,-9.22041],[-47.28276,-9.21389],[-47.26448,-9.20473],[-47.26909,-9.199],[-47.26062,-9.18255],[-47.26478,-9.16068],[-47.25956,-9.15681],[-47.27134,-9.14052],[-47.25857,-9.13986],[-47.26229,-9.13621],[-47.2557,-9.13099],[-47.25929,-9.12254],[-47.25642,-9.11549],[-47.26445,-9.11236],[-47.25276,-9.10898],[-47.25073,-9.08877],[-47.25656,-9.08929],[-47.25701,-9.08357],[-47.24659,-9.06495],[-47.25278,-9.0632],[-47.24853,-9.05216],[-47.25853,-9.04386],[-47.25045,-9.03203],[-47.249,-9.01744],[-47.23164,-9.01444],[-47.23417,-9.00763],[-47.22411,-9.00415],[-47.22825,-8.99466],[-47.23884,-9.01132],[-47.24653,-9.00257],[-47.23953,-8.98795],[-47.24783,-8.9826],[-47.245,-8.97734],[-47.23989,-8.98052],[-47.2345,-8.975],[-47.24034,-8.97164],[-47.24041,-8.96358],[-47.22283,-8.95154],[-47.22164,-8.94611],[-47.2162,-8.94811],[-47.22228,-8.94004],[-47.2087,-8.93751],[-47.20505,-8.94956],[-47.19158,-8.94513],[-47.1893,-8.93852],[-47.17463,-8.93091]]]},"properties":{"CD_MUN":"1712405","NM_MUN":"Lizarda","SIGLA_UF":"TO"}},{"type":"Feature","geometry":{"type":"Polygon","coordinates":[[[-48.47837,-11.3633],[-48.45722,-11.30132],[-48.43686,-11.34434],[-48.42775,-11.35413],[-48.39842,-11.36823],[-48.38589,-11.36607],[-48.37478,-11.3954],[-48.34067,-11.42816],[-48.35739,-11.44074],[-48.35734,-11.44799],[-48.33881,-11.46348],[-48.33559,-11.47321],[-48.29895,-11.48868],[-48.29337,-11.49645],[-48.28615,-11.53408],[-48.25198,-11.5473],[-48.23984,-11.57065],[-48.21725,-11.58799],[-48.21231,-11.58928],[-48.19551,-11.57826],[-48.17953,-11.59398],[-48.17831,-11.60174],[-48.15833,-11.63551],[-48.15514,-11.65354],[-48.16151,-11.65332],[-48.16206,-11.65728],[-48.14484,-11.66273],[-48.14551,-11.67553],[-48.15412,-11.68792],[-48.14973,-11.69676],[-48.13754,-11.70912],[-48.09014,-11.71974],[-48.08873,-11.72616],[-48.09951,-11.74354],[-48.0894,-11.74513],[-48.08014,-11.754],[-48.08212,-11.76946],[-48.07545,-11.77602],[-48.0599,-11.77244],[-48.05468,-11.77935],[-48.03928,-11.78264],[-48.03881,-11.78786],[-48.02006,-11.77578],[-48.00817,-11.78051],[-48.01317,-11.79226],[-48.00476,-11.79291],[-48.00539,-11.80203],[-48.00009,-11.80305],[-47.99923,-11.81933],[-47.99028,-11.82234],[-47.98467,-11.83236],[-47.96648,-11.83584],[-47.94942,-11.84721],[-47.94834,-11.85297],[-47.90306,-11.86681],[-47.89259,-11.86475],[-47.8697,-11.87826],[-47.85173,-11.91802],[-47.85812,-11.93846],[-47.84676,-11.94435],[-47.84448,-11.95241],[-47.85545,-11.97068],[-47.85565,-11.99025],[-47.86248,-12.001],[-47.87167,-12.02304],[-47.85951,-12.02965],[-47.85257,-12.05589],[-47.76545,-12.03912],[-47.76792,-12.04925],[-47.75942,-12.06407],[-47.76162,-12.08245],[-47.76623,-12.09283],[-47.77584,-12.09353],[-47.80548,-12.12594],[-47.80782,-12.13401],[-47.7991,-12.14443],[-47.79904,-12.15343],[-47.80479,-12.15548],[-47.8139,-12.17488],[-47.81052,-12.2068],[-47.81832,-12.21643],[-47.83285,-12.2185],[-47.85618,-12.21285],[-47.86874,-12.22588],[-47.86955,-12.24258],[-47.87458,-12.2433],[-47.88152,-12.23914],[-47.88102,-12.21998],[-47.86326,-12.21157],[-47.85321,-12.20254],[-47.85451,-12.19039],[-47.84132,-12.16543],[-47.85518,-12.1557],[-47.84899,-12.13685],[-47.8529,-12.13182],[-47.84879,-12.12357],[-47.85174,-12.11709],[-47.86743,-12.12022],[-47.87196,-12.11616],[-47.86824,-12.10867],[-47.87076,-12.10091],[-47.88037,-12.09032],[-47.90685,-12.08082],[-47.90999,-12.06685],[-47.9226,-12.06777],[-47.93007,-12.05668],[-47.94176,-12.05002],[-47.95276,-12.05588],[-47.97802,-12.05301],[-47.98832,-12.06101],[-47.99979,-12.05059],[-48.03343,-12.03843],[-48.03641,-12.04345],[-48.03096,-12.04283],[-48.03074,-12.05153],[-48.03729,-12.06359],[-48.05432,-12.06383],[-48.05816,-12.05364],[-48.06608,-12.05421],[-48.07941,-12.07352],[-48.0933,-12.07481],[-48.09955,-12.08178],[-48.1108,-12.0814],[-48.11283,-12.08714],[-48.14583,-12.07165],[-48.14647,-12.06514],[-48.15852,-12.06594],[-48.15736,-12.0574],[-48.17077,-12.04826],[-48.1833,-12.06647],[-48.19344,-12.0648],[-48.19853,-12.05762],[-48.20224,-12.06139],[-48.21208,-12.05672],[-48.21567,-12.04335],[-48.20774,-12.03101],[-48.21991,-12.01676],[-48.21708,-12.00866],[-48.22108,-11.99856],[-48.25924,-11.97897],[-48.28244,-11.95574],[-48.29188,-11.95861],[-48.30116,-11.95255],[-48.30261,-11.9432],[-48.30972,-11.93818],[-48.31841,-11.94019],[-48.32819,-11.92514],[-48.33519,-11.92315],[-48.33705,-11.91333],[-48.34255,-11.91053],[-48.33844,-11.90843],[-48.33944,-11.89613],[-48.34838,-11.88444],[-48.34685,-11.86671],[-48.33582,-11.85491],[-48.34513,-11.84494],[-48.35644,-11.84589],[-48.36013,-11.84078],[-48.3601,-11.82141],[-48.36574,-11.81801],[-48.36382,-11.79842],[-48.36846,-11.78601],[-48.37496,-11.78307],[-48.37899,-11.76785],[-48.37974,-11.75014],[-48.37596,-11.74573],[-48.3791,-11.73862],[-48.37338,-11.73298],[-48.37849,-11.71962],[-48.37585,-11.71487],[-48.3841,-11.70596],[-48.37496,-11.68161],[-48.37873,-11.67629],[-48.37568,-11.66777],[-48.38215,-11.66358],[-48.38432,-11.65255],[-48.38215,-11.64329],[-48.39532,-11.64059],[-48.39838,-11.63323],[-48.40818,-11.63463],[-48.40351,-11.62026],[-48.41493,-11.61771],[-48.4204,-11.60923],[-48.41751,-11.60046],[-48.42409,-11.59788],[-48.42804,-11.58629],[-48.42631,-11.56817],[-48.4557,-11.54208],[-48.45857,-11.52978],[-48.46379,-11.52838],[-48.45784,-11.50831],[-48.45981,-11.50044],[-48.47484,-11.47675],[-48.46165,-11.4579],[-48.46742,-11.42637],[-48.48167,-11.40916],[-48.48173,-11.39193],[-48.46984,-11.36694],[-48.47228,-11.36409],[-48.47673,-11.36781],[-48.47837,-11.3633]]]},"properties":{"CD_MUN":"1720499","NM_MUN":"São Valério","SIGLA_UF":"TO"}},{"type":"Feature","geometry":{"type":"Polygon","coordinates":[[[-47.4718,-8.7975],[-47.22907,-8.91533],[-47.17463,-8.93091],[-47.1893,-8.93852],[-47.19158,-8.94513],[-47.20505,-8.94956],[-47.2087,-8.93751],[-47.22228,-8.94004],[-47.2162,-8.94811],[-47.22164,-8.94611],[-47.22283,-8.95154],[-47.24041,-8.96358],[-47.24034,-8.97164],[-47.2345,-8.975],[-47.23989,-8.98052],[-47.245,-8.97734],[-47.24783,-8.9826],[-47.23953,-8.98795],[-47.24653,-9.00257],[-47.23884,-9.01132],[-47.22825,-8.99466],[-47.22411,-9.00415],[-47.23417,-9.00763],[-47.23164,-9.01444],[-47.249,-9.01744],[-47.25045,-9.03203],[-47.25853,-9.04386],[-47.24853,-9.05216],[-47.25278,-9.0632],[-47.24659,-9.06495],[-47.25701,-9.08357],[-47.25656,-9.08929],[-47.25073,-9.08877],[-47.25276,-9.10898],[-47.26445,-9.11236],[-47.25642,-9.11549],[-47.25929,-9.12254],[-47.2557,-9.13099],[-47.26229,-9.13621],[-47.25857,-9.13986],[-47.27134,-9.14052],[-47.25956,-9.15681],[-47.26478,-9.16068],[-47.26062,-9.18255],[-47.26909,-9.199],[-47.26448,-9.20473],[-47.28276,-9.21389],[-47.28254,-9.22041],[-47.28968,-9.22799],[-47.27677,-9.2354],[-47.28601,-9.23852],[-47.30004,-9.25323],[-47.33218,-9.25677],[-47.33505,-9.26129],[-47.32987,-9.26866],[-47.3393,-9.27404],[-47.34577,-9.28788],[-47.36154,-9.28589],[-47.35691,-9.27096],[-47.3743,-9.26406],[-47.38277,-9.2497],[-47.4326,-9.23256],[-47.45321,-9.24912],[-47.46208,-9.24988],[-47.46577,-9.24379],[-47.49636,-9.26319],[-47.51999,-9.2551],[-47.52875,-9.2655],[-47.51716,-9.27492],[-47.51625,-9.2866],[-47.52866,-9.2993],[-47.56128,-9.31551],[-47.59786,-9.30194],[-47.61661,-9.33055],[-47.6385,-9.33018],[-47.64092,-9.34723],[-47.64725,-9.3548],[-47.65383,-9.35503],[-47.682,-9.33351],[-47.70956,-9.33082],[-47.71792,-9.3365],[-47.72578,-9.33493],[-47.7237,-9.31888],[-47.72067,-9.31251],[-47.69839,-9.30066],[-47.69117,-9.28148],[-47.68572,-9.27809],[-47.68778,-9.25835],[-47.6947,-9.24952],[-47.68947,-9.2406],[-47.69397,-9.23955],[-47.69475,-9.23005],[-47.69103,-9.23011],[-47.69828,-9.22427],[-47.69002,-9.21877],[-47.68819,-9.20752],[-47.69314,-9.19333],[-47.68466,-9.18275],[-47.68216,-9.17241],[-47.67869,-9.1771],[-47.66188,-9.16917],[-47.6496,-9.17351],[-47.64811,-9.16752],[-47.6256,-9.15528],[-47.62513,-9.14649],[-47.61669,-9.14108],[-47.62083,-9.12471],[-47.61855,-9.09316],[-47.62474,-9.0818],[-47.60665,-9.05347],[-47.60888,-9.03934],[-47.54535,-8.92899],[-47.4718,-8.7975]]]},"properties":{"CD_MUN":"1704105","NM_MUN":"Centenário","SIGLA_UF":"TO"}},{"type":"Feature","geometry":{"type":"Polygon","coordinates":[[[-48.29628,-8.14531],[-48.28514,-8.13689],[-48.27833,-8.14171],[-48.2695,-8.13502],[-48.26467,-8.13956],[-48.25395,-8.13713],[-48.24528,-8.12898],[-48.23908,-8.13026],[-48.23761,-8.12419],[-48.22933,-8.12493],[-48.21608,-8.14163],[-48.1968,-8.15436],[-48.18981,-8.15138],[-48.18944,-8.16208],[-48.1848,-8.16481],[-48.16608,-8.16357],[-48.16478,-8.15659],[-48.1533,-8.15524],[-48.16017,-8.17454],[-48.16119,-8.19603],[-48.14386,-8.23106],[-48.13176,-8.28765],[-48.12664,-8.36682],[-48.1152,-8.38551],[-48.08012,-8.42245],[-48.08223,-8.46089],[-48.09596,-8.51209],[-48.10754,-8.52433],[-48.12943,-8.52755],[-48.13221,-8.54484],[-48.1543,-8.58343],[-48.16374,-8.58698],[-48.17185,-8.58202],[-48.17538,-8.58574],[-48.18249,-8.57771],[-48.18796,-8.57899],[-48.18652,-8.57075],[-48.19541,-8.57412],[-48.19935,-8.56055],[-48.21271,-8.55995],[-48.21666,-8.54638],[-48.23274,-8.54914],[-48.2351,-8.55566],[-48.24063,-8.5525],[-48.24691,-8.5555],[-48.2513,-8.54963],[-48.26927,-8.55211],[-48.27802,-8.54235],[-48.28005,-8.52905],[-48.28916,-8.52138],[-48.29251,-8.52319],[-48.29786,-8.51565],[-48.2922,-8.49638],[-48.27632,-8.47521],[-48.29522,-8.45751],[-48.29509,-8.42965],[-48.27232,-8.39815],[-48.26607,-8.36782],[-48.27072,-8.34],[-48.27354,-8.33538],[-48.28185,-8.33723],[-48.28872,-8.33259],[-48.28829,-8.32669],[-48.31982,-8.2815],[-48.34016,-8.26734],[-48.35129,-8.26576],[-48.35445,-8.25429],[-48.33298,-8.23887],[-48.31351,-8.16985],[-48.29628,-8.14531]]]},"properties":{"CD_MUN":"1721307","NM_MUN":"Tupiratins","SIGLA_UF":"TO"}},{"type":"Feature","geometry":{"type":"Polygon","coordinates":[[[-48.53802,-9.34914],[-48.5276,-9.34195],[-48.53546,-9.32513],[-48.51798,-9.31665],[-48.51554,-9.31102],[-48.50572,-9.31357],[-48.50176,-9.32326],[-48.48991,-9.32175],[-48.48732,-9.33044],[-48.47365,-9.33371],[-48.47286,-9.3393],[-48.45571,-9.34396],[-48.44423,-9.34294],[-48.44359,-9.34823],[-48.42583,-9.35418],[-48.42373,-9.36156],[-48.40929,-9.3574],[-48.40743,-9.36207],[-48.38224,-9.36396],[-48.3768,-9.35502],[-48.38233,-9.34231],[-48.37782,-9.33772],[-48.36641,-9.34294],[-48.35661,-9.39184],[-48.37636,-9.43756],[-48.36881,-9.4871],[-48.37018,-9.51299],[-48.37926,-9.56201],[-48.40135,-9.60453],[-48.40393,-9.62031],[-48.3994,-9.64044],[-48.37937,-9.67103],[-48.37085,-9.67654],[-48.36488,-9.69539],[-48.36718,-9.70536],[-48.3588,-9.72656],[-48.36229,-9.74889],[-48.37593,-9.77043],[-48.37746,-9.78159],[-48.37157,-9.79264],[-48.33369,-9.82235],[-48.33163,-9.8627],[-48.34324,-9.8925],[-48.36652,-9.90591],[-48.37369,-9.94439],[-48.36761,-9.95753],[-48.3473,-9.97922],[-48.33375,-10.02446],[-48.34698,-10.0551],[-48.36753,-10.06351],[-48.36533,-10.05709],[-48.38561,-10.05604],[-48.39706,-10.04783],[-48.39614,-10.04416],[-48.40336,-10.05155],[-48.40181,-10.04478],[-48.41061,-10.03195],[-48.41767,-10.03243],[-48.42472,-10.02282],[-48.42966,-10.02604],[-48.43533,-10.01739],[-48.44292,-10.01852],[-48.44598,-10.02415],[-48.44908,-10.01733],[-48.45797,-10.02049],[-48.46459,-10.02732],[-48.46034,-10.02792],[-48.46375,-10.03293],[-48.48292,-10.02675],[-48.49678,-10.03259],[-48.49681,-10.04132],[-48.502,-10.03794],[-48.50995,-10.04384],[-48.51828,-10.03849],[-48.5192,-10.0325],[-48.52698,-10.03931],[-48.53834,-10.03541],[-48.55407,-10.04167],[-48.56101,-10.03986],[-48.56934,-10.02816],[-48.57776,-10.02716],[-48.58637,-10.04512],[-48.5947,-10.04539],[-48.59762,-10.06425],[-48.61457,-10.06408],[-48.62454,-10.07949],[-48.6357,-10.07296],[-48.63715,-10.08303],[-48.64843,-10.08584],[-48.6541,-10.08121],[-48.66957,-10.09204],[-48.70599,-10.08283],[-48.70765,-10.07503],[-48.72473,-10.06069],[-48.72629,-10.04427],[-48.74104,-10.03229],[-48.75421,-10.03628],[-48.77735,-10.02801],[-48.80474,-10.05031],[-48.74262,-9.96915],[-48.7432,-9.94792],[-48.73345,-9.93146],[-48.72923,-9.90695],[-48.69631,-9.89371],[-48.64172,-9.89764],[-48.62269,-9.86446],[-48.62736,-9.83262],[-48.64142,-9.81804],[-48.652,-9.79031],[-48.65381,-9.77025],[-48.64972,-9.75799],[-48.67761,-9.76233],[-48.69361,-9.73568],[-48.70339,-9.77129],[-48.71722,-9.76914],[-48.73189,-9.75902],[-48.74944,-9.7606],[-48.75414,-9.75135],[-48.75019,-9.75053],[-48.74575,-9.73282],[-48.75408,-9.73828],[-48.76394,-9.73513],[-48.78536,-9.73999],[-48.78984,-9.74726],[-48.80111,-9.73648],[-48.80795,-9.74349],[-48.81317,-9.74014],[-48.81625,-9.75122],[-48.84556,-9.73703],[-48.86111,-9.73943],[-48.86045,-9.75712],[-48.87587,-9.77322],[-48.88365,-9.77415],[-48.88881,-9.76163],[-48.88353,-9.73974],[-48.90268,-9.73669],[-48.90498,-9.72091],[-48.91131,-9.71474],[-48.86564,-9.71393],[-48.86842,-9.70912],[-48.86203,-9.70003],[-48.86714,-9.6956],[-48.86873,-9.67875],[-48.85978,-9.67815],[-48.85242,-9.65408],[-48.86139,-9.65074],[-48.85589,-9.61034],[-48.87313,-9.58332],[-48.72563,-9.58319],[-48.68027,-9.61322],[-48.6568,-9.60925],[-48.65283,-9.61623],[-48.65088,-9.5939],[-48.64302,-9.59034],[-48.62135,-9.59383],[-48.59715,-9.57461],[-48.57568,-9.53907],[-48.57874,-9.52483],[-48.57246,-9.52],[-48.57649,-9.51402],[-48.57121,-9.50466],[-48.56071,-9.50272],[-48.56127,-9.49418],[-48.55804,-9.49533],[-48.55201,-9.4821],[-48.57768,-9.46012],[-48.55781,-9.3796],[-48.53802,-9.34914]]]},"properties":{"CD_MUN":"1713205","NM_MUN":"Miracema do Tocantins","SIGLA_UF":"TO"}},{"type":"Feature","geometry":{"type":"Polygon","coordinates":[[[-47.43783,-6.01259],[-47.42758,-6.03628],[-47.42938,-6.06825],[-47.43286,-6.10606],[-47.42236,-6.16009],[-47.40058,-6.20926],[-47.38453,-6.23029],[-47.37639,-6.26667],[-47.40778,-6.32797],[-47.40912,-6.36956],[-47.43337,-6.43109],[-47.41549,-6.48363],[-47.42429,-6.49692],[-47.44162,-6.51816],[-47.44119,-6.5379],[-47.45724,-6.55442],[-47.46358,-6.58542],[-47.47968,-6.58875],[-47.51475,-6.5671],[-47.5187,-6.56934],[-47.63028,-6.46982],[-47.63564,-6.45867],[-47.63421,-6.44994],[-47.63066,-6.4428],[-47.62161,-6.44327],[-47.62057,-6.43059],[-47.60349,-6.43288],[-47.58343,-6.41562],[-47.56685,-6.40957],[-47.56821,-6.40577],[-47.55835,-6.40715],[-47.55979,-6.40252],[-47.57977,-6.39044],[-47.5921,-6.39151],[-47.60566,-6.3788],[-47.63335,-6.38537],[-47.63963,-6.39124],[-47.64713,-6.38063],[-47.64843,-6.36587],[-47.66063,-6.34538],[-47.67771,-6.33248],[-47.6871,-6.31589],[-47.68627,-6.30919],[-47.71685,-6.29935],[-47.72279,-6.28213],[-47.75446,-6.28325],[-47.82446,-6.25685],[-47.85091,-6.2567],[-47.85669,-6.2498],[-47.85385,-6.24239],[-47.86599,-6.24073],[-47.86713,-6.22832],[-47.87544,-6.22423],[-47.88341,-6.22702],[-47.88357,-6.22167],[-47.89938,-6.21773],[-47.89183,-6.20222],[-47.87805,-6.19544],[-47.87444,-6.17474],[-47.86384,-6.17486],[-47.82336,-6.14591],[-47.813,-6.15123],[-47.76488,-6.15284],[-47.72412,-6.18413],[-47.70708,-6.17973],[-47.69662,-6.16422],[-47.68639,-6.16016],[-47.66053,-6.17075],[-47.65124,-6.16849],[-47.63765,-6.15571],[-47.62411,-6.15476],[-47.60164,-6.1397],[-47.56049,-6.12912],[-47.53342,-6.10483],[-47.5271,-6.08988],[-47.51531,-6.07862],[-47.50423,-6.07667],[-47.49162,-6.05865],[-47.47548,-6.05999],[-47.46541,-6.05432],[-47.44812,-6.03661],[-47.44717,-6.02595],[-47.43783,-6.01259]]]},"properties":{"CD_MUN":"1721208","NM_MUN":"Tocantinópolis","SIGLA_UF":"TO"}},{"type":"Feature","geometry":{"type":"Polygon","coordinates":[[[-48.36641,-9.34294],[-48.34769,-9.287],[-48.33449,-9.30516],[-48.32411,-9.30912],[-48.3158,-9.30466],[-48.30549,-9.30952],[-48.29897,-9.32436],[-48.28738,-9.32414],[-48.29047,-9.33113],[-48.28197,-9.33255],[-48.27247,-9.34402],[-48.2578,-9.33682],[-48.25699,-9.32867],[-48.24761,-9.32411],[-48.21766,-9.3328],[-48.21663,-9.34439],[-48.20502,-9.35241],[-48.19572,-9.38337],[-48.19153,-9.40274],[-48.19431,-9.41887],[-48.1875,-9.43697],[-48.16885,-9.44397],[-48.1628,-9.4521],[-47.90443,-9.34006],[-47.89698,-9.36075],[-47.89926,-9.3999],[-47.92782,-9.47556],[-47.92421,-9.51619],[-47.93588,-9.53878],[-47.92302,-9.5587],[-47.92472,-9.58317],[-47.91075,-9.60793],[-47.9193,-9.62881],[-47.90755,-9.65707],[-47.89467,-9.77182],[-47.91672,-9.78331],[-47.9322,-9.79821],[-47.94631,-9.79947],[-47.95484,-9.79527],[-48.10076,-9.89165],[-48.10079,-9.90743],[-48.13141,-9.93214],[-48.15799,-9.9424],[-48.18235,-9.93252],[-48.22565,-9.94928],[-48.18508,-9.90617],[-48.23265,-9.86276],[-48.2523,-9.7738],[-48.25063,-9.75534],[-48.25905,-9.74321],[-48.27556,-9.73859],[-48.277,-9.73229],[-48.2965,-9.75073],[-48.33358,-9.75946],[-48.34676,-9.75541],[-48.35121,-9.74871],[-48.35199,-9.72769],[-48.34769,-9.71542],[-48.33801,-9.72194],[-48.3411,-9.71131],[-48.36488,-9.69539],[-48.37085,-9.67654],[-48.37937,-9.67103],[-48.3994,-9.64044],[-48.40393,-9.62031],[-48.40135,-9.60453],[-48.37926,-9.56201],[-48.37018,-9.51299],[-48.36881,-9.4871],[-48.37636,-9.43756],[-48.35661,-9.39184],[-48.36641,-9.34294]]]},"properties":{"CD_MUN":"1721109","NM_MUN":"Tocantínia","SIGLA_UF":"TO"}},{"type":"Feature","geometry":{"type":"Polygon","coordinates":[[[-47.62929,-5.88952],[-47.62172,-5.88577],[-47.60283,-5.88883],[-47.56766,-5.86913],[-47.55597,-5.88968],[-47.52691,-5.8969],[-47.51805,-5.88893],[-47.51872,-5.88033],[-47.49844,-5.88091],[-47.49563,-5.88518],[-47.47027,-5.87701],[-47.46618,-5.87138],[-47.4536,-5.87401],[-47.43702,-5.85776],[-47.43021,-5.8691],[-47.42866,-5.93199],[-47.44713,-5.99288],[-47.43783,-6.01259],[-47.44717,-6.02595],[-47.44812,-6.03661],[-47.46541,-6.05432],[-47.47548,-6.05999],[-47.49162,-6.05865],[-47.50423,-6.07667],[-47.51531,-6.07862],[-47.5271,-6.08988],[-47.53342,-6.10483],[-47.56049,-6.12912],[-47.60164,-6.1397],[-47.62411,-6.15476],[-47.63765,-6.15571],[-47.65124,-6.16849],[-47.66053,-6.17075],[-47.68639,-6.16016],[-47.69662,-6.16422],[-47.70708,-6.17973],[-47.72412,-6.18413],[-47.76488,-6.15284],[-47.74676,-6.12577],[-47.74578,-6.0977],[-47.73712,-6.09418],[-47.7179,-6.07085],[-47.71148,-6.03399],[-47.69192,-6.01845],[-47.70159,-6.01499],[-47.70792,-6.00583],[-47.69928,-5.98742],[-47.70273,-5.9515],[-47.69659,-5.94802],[-47.69292,-5.93483],[-47.66605,-5.93219],[-47.66813,-5.91349],[-47.649,-5.91752],[-47.64113,-5.92689],[-47.63691,-5.89971],[-47.62929,-5.88952]]]},"properties":{"CD_MUN":"1712801","NM_MUN":"Maurilândia do Tocantins","SIGLA_UF":"TO"}},{"type":"Feature","geometry":{"type":"Polygon","coordinates":[[[-48.36753,-10.06351],[-48.34698,-10.0551],[-48.33375,-10.02446],[-48.3473,-9.97922],[-48.36761,-9.95753],[-48.37369,-9.94439],[-48.36652,-9.90591],[-48.34324,-9.8925],[-48.33163,-9.8627],[-48.33369,-9.82235],[-48.37157,-9.79264],[-48.37746,-9.78159],[-48.37593,-9.77043],[-48.36229,-9.74889],[-48.3521,-9.76255],[-48.34818,-9.75737],[-48.33746,-9.76287],[-48.32073,-9.76072],[-48.32048,-9.77786],[-48.31649,-9.77586],[-48.30857,-9.78499],[-48.28826,-9.7909],[-48.28582,-9.80495],[-48.29385,-9.83954],[-48.28054,-9.85446],[-48.28094,-9.86688],[-48.28757,-9.87715],[-48.28268,-9.89092],[-48.29132,-9.90655],[-48.28441,-9.9156],[-48.28852,-9.92187],[-48.2843,-9.92675],[-48.28197,-9.95712],[-48.28541,-9.96621],[-48.25855,-9.98307],[-48.25777,-10.00164],[-48.24672,-10.01658],[-48.2488,-10.05743],[-48.22775,-10.07181],[-48.22772,-10.10033],[-48.22075,-10.12493],[-48.19921,-10.14227],[-48.19355,-10.12467],[-48.18106,-10.12025],[-48.18254,-10.11309],[-48.17086,-10.13473],[-48.15986,-10.13104],[-48.1493,-10.13455],[-48.12755,-10.10847],[-48.09114,-10.11801],[-48.07305,-10.1153],[-48.06555,-10.12116],[-48.05072,-10.11754],[-48.04705,-10.12052],[-48.04166,-10.11409],[-48.02041,-10.119],[-48.01257,-10.12385],[-48.01113,-10.13225],[-48.01899,-10.14775],[-48.0138,-10.17393],[-47.99241,-10.16833],[-47.98758,-10.17693],[-47.97935,-10.17156],[-47.97836,-10.18275],[-47.97018,-10.17348],[-47.96143,-10.17738],[-47.95735,-10.17333],[-47.96341,-10.16473],[-47.94983,-10.16497],[-47.95349,-10.15611],[-47.93943,-10.16035],[-47.92999,-10.15136],[-47.9266,-10.15312],[-47.92793,-10.14847],[-47.91366,-10.14408],[-47.9131,-10.13509],[-47.90479,-10.13644],[-47.90282,-10.13201],[-47.90221,-10.1371],[-47.89571,-10.1369],[-47.89707,-10.1278],[-47.90437,-10.12364],[-47.89929,-10.12096],[-47.90566,-10.11472],[-47.89849,-10.11279],[-47.90193,-10.10794],[-47.88288,-10.11186],[-47.87646,-10.09239],[-47.87179,-10.09489],[-47.87221,-10.08925],[-47.85448,-10.07817],[-47.84551,-10.07871],[-47.84637,-10.06507],[-47.83123,-10.05395],[-47.83351,-10.02721],[-47.81904,-10.01954],[-47.81673,-10.03592],[-47.80293,-10.04796],[-47.80976,-10.09906],[-47.7999,-10.12305],[-47.79349,-10.16637],[-47.7946,-10.17789],[-47.81435,-10.20723],[-47.81705,-10.23774],[-47.82968,-10.26278],[-47.85794,-10.28939],[-47.85444,-10.31541],[-47.85619,-10.32248],[-47.86736,-10.32927],[-47.8658,-10.33783],[-47.87455,-10.34237],[-47.89111,-10.37919],[-47.93058,-10.41684],[-47.97337,-10.44101],[-47.97981,-10.45175],[-48.02762,-10.47411],[-48.04495,-10.47699],[-48.04673,-10.48213],[-48.15743,-10.45829],[-48.16629,-10.44692],[-48.16648,-10.4284],[-48.17326,-10.4197],[-48.18054,-10.38884],[-48.18837,-10.37899],[-48.20437,-10.37765],[-48.20987,-10.38335],[-48.23743,-10.38889],[-48.26393,-10.41147],[-48.29488,-10.41084],[-48.30515,-10.41695],[-48.31154,-10.41169],[-48.3209,-10.41478],[-48.33951,-10.40914],[-48.36646,-10.41029],[-48.40043,-10.38275],[-48.40871,-10.35718],[-48.40307,-10.33348],[-48.40318,-10.29869],[-48.38376,-10.25706],[-48.38199,-10.24283],[-48.38637,-10.23351],[-48.4132,-10.22293],[-48.4212,-10.2098],[-48.42209,-10.19792],[-48.38442,-10.08171],[-48.36753,-10.06351]]]},"properties":{"CD_MUN":"1721000","NM_MUN":"Palmas","SIGLA_UF":"TO"}},{"type":"Feature","geometry":{"type":"Polygon","coordinates":[[[-46.36752,-12.09826],[-46.36574,-12.11124],[-46.37438,-12.15222],[-46.38927,-12.16789],[-46.3801,-12.17939],[-46.39038,-12.19386],[-46.36802,-12.19979],[-46.36769,-12.21477],[-46.35899,-12.22518],[-46.36586,-12.24146],[-46.38044,-12.24822],[-46.3655,-12.2667],[-46.37439,-12.28807],[-46.3498,-12.29734],[-46.32875,-12.29809],[-46.3228,-12.30352],[-46.32566,-12.30916],[-46.35008,-12.31814],[-46.35233,-12.33658],[-46.33672,-12.33826],[-46.32697,-12.35412],[-46.31228,-12.35634],[-46.28533,-12.37831],[-46.29372,-12.3847],[-46.29542,-12.39769],[-46.30408,-12.40553],[-46.30036,-12.41587],[-46.29378,-12.41811],[-46.2828,-12.41118],[-46.26433,-12.41266],[-46.24967,-12.43213],[-46.247,-12.44874],[-46.25297,-12.4602],[-46.25425,-12.49426],[-46.223,-12.49733],[-46.17558,-12.475],[-46.15689,-12.47519],[-46.15316,-12.48327],[-46.18153,-12.50026],[-46.21334,-12.50659],[-46.22251,-12.51395],[-46.26711,-12.52876],[-46.28265,-12.52672],[-46.32703,-12.53524],[-46.3389,-12.54038],[-46.34312,-12.54998],[-46.35523,-12.5498],[-46.36073,-12.56099],[-46.37201,-12.56619],[-46.38112,-12.56444],[-46.38232,-12.57426],[-46.39532,-12.57937],[-46.40037,-12.57598],[-46.41799,-12.58287],[-46.41896,-12.57949],[-46.43499,-12.582],[-46.46446,-12.56507],[-46.46965,-12.57052],[-46.49121,-12.56659],[-46.50002,-12.57323],[-46.51915,-12.58031],[-46.5386,-12.57674],[-46.54496,-12.58508],[-46.54563,-12.58148],[-46.55677,-12.58487],[-46.56324,-12.59155],[-46.5616,-12.59536],[-46.5701,-12.59662],[-46.59293,-12.58244],[-46.60693,-12.58984],[-46.61141,-12.5858],[-46.61655,-12.59662],[-46.65874,-12.59685],[-46.67658,-12.58406],[-46.67211,-12.57798],[-46.68346,-12.57195],[-46.69272,-12.57927],[-46.70025,-12.57749],[-46.70558,-12.58493],[-46.713,-12.58915],[-46.71725,-12.57477],[-46.72725,-12.57676],[-46.73113,-12.5704],[-46.73663,-12.57654],[-46.74124,-12.5736],[-46.74983,-12.54984],[-46.76069,-12.54891],[-46.77838,-12.53862],[-46.79891,-12.50895],[-46.80644,-12.50721],[-46.80707,-12.49534],[-46.82083,-12.48555],[-46.83614,-12.48571],[-46.85374,-12.47327],[-46.85663,-12.47841],[-46.8716,-12.45693],[-46.88622,-12.46462],[-46.89338,-12.46212],[-46.8956,-12.45277],[-46.89008,-12.44049],[-46.89802,-12.43084],[-46.89669,-12.4226],[-46.90302,-12.42165],[-46.89941,-12.40392],[-46.9323,-12.39055],[-46.94574,-12.37741],[-46.93652,-12.37838],[-46.93574,-12.37295],[-46.92933,-12.37526],[-46.91852,-12.35876],[-46.90994,-12.3572],[-46.90285,-12.34937],[-46.90272,-12.35308],[-46.89663,-12.35186],[-46.89705,-12.34688],[-46.89199,-12.34863],[-46.88619,-12.33835],[-46.86852,-12.35369],[-46.86721,-12.34926],[-46.8491,-12.34341],[-46.84876,-12.33517],[-46.83907,-12.33342],[-46.83921,-12.3259],[-46.83237,-12.32324],[-46.83043,-12.3103],[-46.82418,-12.3127],[-46.82249,-12.3051],[-46.81226,-12.30553],[-46.81021,-12.30101],[-46.80015,-12.31186],[-46.78026,-12.31372],[-46.77876,-12.31038],[-46.78482,-12.30744],[-46.77943,-12.30005],[-46.77696,-12.27588],[-46.75401,-12.27476],[-46.75537,-12.27094],[-46.74495,-12.26875],[-46.73668,-12.25875],[-46.73179,-12.2586],[-46.7334,-12.26303],[-46.69923,-12.26697],[-46.69762,-12.27313],[-46.68815,-12.277],[-46.67548,-12.26811],[-46.65826,-12.26985],[-46.65414,-12.259],[-46.64806,-12.25832],[-46.64081,-12.2484],[-46.62948,-12.24593],[-46.61775,-12.23078],[-46.60956,-12.22748],[-46.60764,-12.21698],[-46.59522,-12.20709],[-46.59542,-12.19359],[-46.55878,-12.17932],[-46.56058,-12.17224],[-46.55452,-12.16104],[-46.5273,-12.12197],[-46.5195,-12.12156],[-46.49983,-12.10838],[-46.48297,-12.09797],[-46.46572,-12.1021],[-46.45874,-12.11252],[-46.45107,-12.11468],[-46.44347,-12.10548],[-46.43302,-12.1031],[-46.41538,-12.11303],[-46.40027,-12.10681],[-46.38033,-12.10611],[-46.36752,-12.09826]]]},"properties":{"CD_MUN":"1720903","NM_MUN":"Taguatinga","SIGLA_UF":"TO"}},{"type":"Feature","geometry":{"type":"Polygon","coordinates":[[[-47.05593,-11.95143],[-47.03872,-11.95435],[-47.02064,-11.94326],[-46.98117,-11.94695],[-46.97225,-11.93774],[-46.96156,-11.93752],[-46.9481,-11.94205],[-46.93282,-11.96155],[-46.91197,-11.95796],[-46.88864,-11.9667],[-46.87881,-11.98146],[-46.85847,-11.99198],[-46.86009,-12.01622],[-46.85384,-12.02291],[-46.844,-12.0587],[-46.84079,-12.09042],[-46.84885,-12.09971],[-46.86198,-12.09949],[-46.86659,-12.11113],[-46.86187,-12.12104],[-46.86323,-12.13226],[-46.86923,-12.14589],[-46.8619,-12.1531],[-46.85854,-12.17106],[-46.87826,-12.18687],[-46.88081,-12.19527],[-46.87412,-12.20002],[-46.87832,-12.20525],[-46.87346,-12.20981],[-46.87976,-12.2152],[-46.87724,-12.22048],[-46.87737,-12.22682],[-46.88393,-12.23066],[-46.88087,-12.2402],[-46.8894,-12.24784],[-46.89849,-12.27033],[-46.90976,-12.27613],[-46.90971,-12.28039],[-46.91754,-12.27952],[-46.94499,-12.30396],[-46.94841,-12.31625],[-46.9443,-12.32298],[-46.96096,-12.35646],[-46.97883,-12.36738],[-46.99213,-12.36194],[-47.01152,-12.37267],[-47.03136,-12.3672],[-47.04364,-12.37081],[-47.05891,-12.36189],[-47.07341,-12.36042],[-47.08122,-12.35143],[-47.08925,-12.35196],[-47.10339,-12.36181],[-47.14361,-12.36854],[-47.16406,-12.39643],[-47.18992,-12.4078],[-47.19197,-12.41404],[-47.19417,-12.40872],[-47.18719,-12.39197],[-47.17077,-12.37859],[-47.15987,-12.35226],[-47.15211,-12.34871],[-47.14847,-12.33179],[-47.15128,-12.32091],[-47.15209,-12.30604],[-47.14442,-12.28227],[-47.15503,-12.24904],[-47.15144,-12.23418],[-47.15567,-12.22132],[-47.16301,-12.21548],[-47.14695,-12.17846],[-47.15799,-12.17323],[-47.17129,-12.17469],[-47.177,-12.14734],[-47.1715,-12.1379],[-47.17623,-12.12074],[-47.17453,-12.1176],[-47.16107,-12.1233],[-47.14637,-12.13242],[-47.14117,-12.14136],[-47.12111,-12.1439],[-47.10746,-12.13142],[-47.10972,-12.09523],[-47.08466,-12.11933],[-47.08136,-12.10218],[-47.07084,-12.08642],[-47.10031,-12.05319],[-47.11612,-12.04924],[-47.11866,-12.03969],[-47.13018,-12.02936],[-47.12817,-12.0033],[-47.13884,-11.9878],[-47.14019,-11.97687],[-47.14509,-11.97505],[-47.1341,-11.96226],[-47.13547,-11.95189],[-47.12581,-11.94076],[-47.07749,-11.96114],[-47.05593,-11.95143]]]},"properties":{"CD_MUN":"1720937","NM_MUN":"Taipas do Tocantins","SIGLA_UF":"TO"}},{"type":"Feature","geometry":{"type":"Polygon","coordinates":[[[-48.49891,-7.85291],[-48.48019,-7.85555],[-48.47508,-7.85093],[-48.46663,-7.8502],[-48.45269,-7.88083],[-48.4503,-7.90448],[-48.4443,-7.90784],[-48.44183,-7.92506],[-48.446,-7.95616],[-48.43823,-7.99387],[-48.44634,-8.01477],[-48.44061,-8.02313],[-48.44672,-8.03236],[-48.44295,-8.04598],[-48.45109,-8.06129],[-48.45084,-8.07126],[-48.43548,-8.08064],[-48.4284,-8.09308],[-48.43259,-8.10105],[-48.42984,-8.12346],[-48.42745,-8.12065],[-48.41773,-8.12911],[-48.41006,-8.12142],[-48.3837,-8.126],[-48.37781,-8.13789],[-48.38801,-8.13942],[-48.39264,-8.14512],[-48.39482,-8.17223],[-48.41676,-8.18135],[-48.42723,-8.18087],[-48.43326,-8.19955],[-48.47137,-8.21905],[-48.47559,-8.23872],[-48.48546,-8.2465],[-48.48913,-8.25684],[-48.50132,-8.2628],[-48.51424,-8.26232],[-48.5234,-8.2343],[-48.53699,-8.23246],[-48.57757,-8.25742],[-48.58324,-8.2563],[-48.58191,-8.27035],[-48.59493,-8.28428],[-48.60318,-8.2871],[-48.61888,-8.27739],[-48.62649,-8.28065],[-48.63438,-8.27666],[-48.62535,-8.27003],[-48.61255,-8.27523],[-48.60996,-8.26795],[-48.61582,-8.25694],[-48.6286,-8.25528],[-48.63052,-8.23897],[-48.63741,-8.23505],[-48.63546,-8.2217],[-48.61368,-8.20603],[-48.62271,-8.1977],[-48.62804,-8.17625],[-48.61566,-8.16142],[-48.62082,-8.14706],[-48.61493,-8.13511],[-48.61857,-8.12934],[-48.62974,-8.13164],[-48.63832,-8.12131],[-48.65163,-8.11955],[-48.63265,-8.0816],[-48.62704,-8.07909],[-48.62579,-8.06819],[-48.62998,-8.05372],[-48.64368,-8.04888],[-48.65565,-8.05228],[-48.65996,-8.04145],[-48.64742,-8.02371],[-48.62973,-8.01752],[-48.61973,-7.9849],[-48.62909,-7.96655],[-48.61395,-7.95669],[-48.61367,-7.94047],[-48.59206,-7.93665],[-48.58637,-7.9272],[-48.56586,-7.91877],[-48.54586,-7.90191],[-48.54934,-7.8954],[-48.54509,-7.89058],[-48.53319,-7.8888],[-48.52433,-7.88042],[-48.51305,-7.88327],[-48.50572,-7.87662],[-48.50536,-7.8565],[-48.49891,-7.85291]]]},"properties":{"CD_MUN":"1705508","NM_MUN":"Colinas do Tocantins","SIGLA_UF":"TO"}},{"type":"Feature","geometry":{"type":"Polygon","coordinates":[[[-47.8658,-10.33783],[-47.86455,-10.37664],[-47.84166,-10.3816],[-47.83722,-10.39537],[-47.84239,-10.40849],[-47.83269,-10.42776],[-47.83903,-10.43832],[-47.83006,-10.4486],[-47.82686,-10.47662],[-47.81936,-10.48878],[-47.83975,-10.49693],[-47.83931,-10.5139],[-47.848,-10.53221],[-47.83992,-10.54688],[-47.84584,-10.56256],[-47.85684,-10.5642],[-47.84545,-10.57995],[-47.84912,-10.58602],[-47.84573,-10.59453],[-47.82528,-10.60819],[-47.83167,-10.62296],[-47.83001,-10.63193],[-47.8199,-10.65447],[-47.80762,-10.65881],[-47.80367,-10.66678],[-47.8109,-10.68055],[-47.79201,-10.68986],[-47.79356,-10.702],[-47.7844,-10.70941],[-47.78978,-10.71957],[-47.79904,-10.71397],[-47.79773,-10.72393],[-47.80607,-10.72639],[-47.82409,-10.75033],[-47.80796,-10.76127],[-47.80657,-10.77277],[-47.80078,-10.76905],[-47.79393,-10.77593],[-47.78896,-10.78869],[-47.79712,-10.78762],[-47.79757,-10.79106],[-47.78968,-10.79458],[-47.7816,-10.82212],[-47.76726,-10.83641],[-47.76926,-10.84801],[-47.75688,-10.86131],[-47.76126,-10.86938],[-47.75541,-10.87109],[-47.75446,-10.89402],[-47.74343,-10.9007],[-47.74271,-10.90786],[-47.75551,-10.91268],[-47.75735,-10.91993],[-47.76221,-10.91667],[-47.77274,-10.92882],[-47.78199,-10.93001],[-47.78355,-10.93844],[-47.79574,-10.95005],[-47.82682,-10.94772],[-47.86658,-10.96027],[-47.88208,-10.97287],[-47.88424,-10.99271],[-47.91119,-11.07749],[-47.90534,-11.08242],[-47.92178,-11.09825],[-47.92478,-11.11853],[-47.94826,-11.15407],[-47.96162,-11.15524],[-47.98001,-11.1707],[-47.99239,-11.17402],[-48.01475,-11.17615],[-48.03798,-11.16314],[-48.06762,-11.15569],[-48.08587,-11.13097],[-48.11281,-11.13335],[-48.12729,-11.10864],[-48.1549,-11.07975],[-48.16423,-11.05085],[-48.19979,-11.01786],[-48.20954,-11.02133],[-48.21487,-11.01663],[-48.22106,-10.98977],[-48.22503,-10.97105],[-48.23648,-10.96007],[-48.24039,-10.94678],[-48.26109,-10.93812],[-48.26976,-10.94361],[-48.27664,-10.94085],[-48.23203,-10.86676],[-48.31534,-10.81626],[-48.29231,-10.80807],[-48.21756,-10.71887],[-48.17791,-10.70251],[-48.15744,-10.68181],[-48.17805,-10.66401],[-48.19035,-10.66083],[-48.20002,-10.66442],[-48.20191,-10.65447],[-48.20944,-10.65315],[-48.21436,-10.64413],[-48.23569,-10.62813],[-48.27127,-10.61874],[-48.30571,-10.58398],[-48.26299,-10.52949],[-48.2813,-10.51673],[-48.29127,-10.51651],[-48.3046,-10.50041],[-48.30218,-10.49755],[-48.28352,-10.48664],[-48.26787,-10.49027],[-48.2606,-10.50221],[-48.23551,-10.49813],[-48.2169,-10.48222],[-48.21515,-10.47327],[-48.19357,-10.46781],[-48.18329,-10.45588],[-48.17704,-10.45287],[-48.15743,-10.45829],[-48.04673,-10.48213],[-48.04495,-10.47699],[-48.02762,-10.47411],[-47.97981,-10.45175],[-47.97337,-10.44101],[-47.93058,-10.41684],[-47.89111,-10.37919],[-47.87455,-10.34237],[-47.8658,-10.33783]]]},"properties":{"CD_MUN":"1713601","NM_MUN":"Monte do Carmo","SIGLA_UF":"TO"}},{"type":"Feature","geometry":{"type":"Polygon","coordinates":[[[-48.6635,-9.11765],[-48.64497,-9.1322],[-48.634,-9.13451],[-48.6283,-9.14406],[-48.61686,-9.14573],[-48.60461,-9.13279],[-48.59967,-9.1359],[-48.59222,-9.13227],[-48.5928,-9.12829],[-48.57199,-9.12204],[-48.56944,-9.11503],[-48.56083,-9.11709],[-48.55655,-9.10906],[-48.54544,-9.10755],[-48.54508,-9.09322],[-48.53027,-9.0875],[-48.52997,-9.06863],[-48.51713,-9.06022],[-48.53428,-9.13897],[-48.53269,-9.16915],[-48.54209,-9.22649],[-48.54703,-9.23273],[-48.54525,-9.26381],[-48.55137,-9.28529],[-48.55189,-9.29509],[-48.53278,-9.33874],[-48.53802,-9.34914],[-48.55781,-9.3796],[-48.57768,-9.46012],[-48.55201,-9.4821],[-48.55804,-9.49533],[-48.56127,-9.49418],[-48.56071,-9.50272],[-48.57121,-9.50466],[-48.57649,-9.51402],[-48.57246,-9.52],[-48.57874,-9.52483],[-48.57568,-9.53907],[-48.59715,-9.57461],[-48.62135,-9.59383],[-48.64302,-9.59034],[-48.65088,-9.5939],[-48.65283,-9.61623],[-48.6568,-9.60925],[-48.68027,-9.61322],[-48.72563,-9.58319],[-48.87313,-9.58332],[-48.86422,-9.55962],[-48.83963,-9.54958],[-48.82989,-9.53459],[-48.82928,-9.51933],[-48.81794,-9.51269],[-48.82386,-9.50091],[-48.81025,-9.4847],[-48.81946,-9.47039],[-48.81902,-9.46177],[-48.81424,-9.44992],[-48.79807,-9.44101],[-48.79818,-9.41915],[-48.78551,-9.4073],[-48.77121,-9.41211],[-48.75468,-9.40592],[-48.75315,-9.41135],[-48.74879,-9.40939],[-48.74974,-9.3841],[-48.75971,-9.37542],[-48.75359,-9.35185],[-48.75988,-9.3405],[-48.75818,-9.32107],[-48.76854,-9.31095],[-48.76415,-9.30346],[-48.77009,-9.28911],[-48.76198,-9.28048],[-48.77168,-9.26446],[-48.75598,-9.25638],[-48.75206,-9.24744],[-48.74862,-9.23134],[-48.75128,-9.19999],[-48.73414,-9.19663],[-48.72823,-9.17413],[-48.72337,-9.1689],[-48.71559,-9.17125],[-48.69251,-9.15528],[-48.68511,-9.15592],[-48.676,-9.13132],[-48.6635,-9.11765]]]},"properties":{"CD_MUN":"1713304","NM_MUN":"Miranorte","SIGLA_UF":"TO"}},{"type":"Feature","geometry":{"type":"Polygon","coordinates":[[[-47.40899,-11.26791],[-47.39574,-11.2742],[-47.40705,-11.31838],[-47.42683,-11.35334],[-47.43872,-11.3688],[-47.44716,-11.36956],[-47.4603,-11.39054],[-47.46441,-11.39871],[-47.45953,-11.40548],[-47.46897,-11.40933],[-47.47214,-11.4222],[-47.4685,-11.43451],[-47.47436,-11.4427],[-47.48134,-11.44308],[-47.47828,-11.45331],[-47.48153,-11.46773],[-47.47225,-11.48791],[-47.47451,-11.50012],[-47.47739,-11.51838],[-47.45961,-11.52784],[-47.46475,-11.5329],[-47.46275,-11.54105],[-47.45761,-11.536],[-47.44514,-11.53983],[-47.4302,-11.55282],[-47.42931,-11.56315],[-47.42253,-11.56452],[-47.42873,-11.58433],[-47.43523,-11.58369],[-47.43728,-11.59165],[-47.43317,-11.59808],[-47.44948,-11.61823],[-47.43793,-11.62732],[-47.44042,-11.63239],[-47.43109,-11.64337],[-47.44301,-11.67176],[-47.44051,-11.69106],[-47.44767,-11.68959],[-47.44412,-11.70137],[-47.45412,-11.70025],[-47.45765,-11.71111],[-47.43545,-11.75436],[-47.43724,-11.7645],[-47.42248,-11.78573],[-47.43546,-11.78913],[-47.43457,-11.79683],[-47.43926,-11.80062],[-47.43596,-11.80407],[-47.44343,-11.81555],[-47.44163,-11.82316],[-47.4501,-11.8282],[-47.44873,-11.83418],[-47.45535,-11.83308],[-47.45582,-11.83751],[-47.46465,-11.84021],[-47.46421,-11.84845],[-47.47504,-11.84198],[-47.4836,-11.84648],[-47.4904,-11.84167],[-47.4998,-11.84895],[-47.51188,-11.84679],[-47.5126,-11.86113],[-47.52586,-11.86591],[-47.52266,-11.87594],[-47.54058,-11.87535],[-47.55346,-11.90092],[-47.55286,-11.91092],[-47.53447,-11.91936],[-47.52061,-11.91797],[-47.49872,-11.93734],[-47.50163,-11.94576],[-47.4948,-11.94922],[-47.49452,-11.95447],[-47.47489,-11.9643],[-47.46096,-11.982],[-47.44755,-11.99065],[-47.4463,-12.00428],[-47.47486,-12.06295],[-47.47328,-12.08453],[-47.47908,-12.09022],[-47.47614,-12.11806],[-47.48572,-12.14351],[-47.48303,-12.16591],[-47.48911,-12.16571],[-47.48998,-12.18094],[-47.50059,-12.1876],[-47.5125,-12.18703],[-47.52789,-12.17198],[-47.55601,-12.1677],[-47.56142,-12.17934],[-47.57232,-12.18735],[-47.5724,-12.19741],[-47.57865,-12.1969],[-47.58976,-12.20836],[-47.60012,-12.20815],[-47.60565,-12.20686],[-47.61137,-12.19278],[-47.62479,-12.18622],[-47.63026,-12.18903],[-47.6582,-12.12951],[-47.67518,-12.14972],[-47.67929,-12.13844],[-47.68776,-12.13399],[-47.71229,-12.14393],[-47.72221,-12.15551],[-47.73429,-12.14405],[-47.75199,-12.1381],[-47.76796,-12.13908],[-47.77534,-12.13384],[-47.79904,-12.15343],[-47.7991,-12.14443],[-47.80782,-12.13401],[-47.80548,-12.12594],[-47.77584,-12.09353],[-47.76623,-12.09283],[-47.76162,-12.08245],[-47.75942,-12.06407],[-47.76792,-12.04925],[-47.76545,-12.03912],[-47.85257,-12.05589],[-47.85951,-12.02965],[-47.87167,-12.02304],[-47.86248,-12.001],[-47.85565,-11.99025],[-47.85545,-11.97068],[-47.84448,-11.95241],[-47.84676,-11.94435],[-47.85812,-11.93846],[-47.85173,-11.91802],[-47.8697,-11.87826],[-47.89259,-11.86475],[-47.90306,-11.86681],[-47.94834,-11.85297],[-47.94942,-11.84721],[-47.96648,-11.83584],[-47.98467,-11.83236],[-47.99028,-11.82234],[-47.99923,-11.81933],[-48.00009,-11.80305],[-48.00539,-11.80203],[-48.00476,-11.79291],[-48.01317,-11.79226],[-48.00817,-11.78051],[-48.02006,-11.77578],[-48.03881,-11.78786],[-48.03928,-11.78264],[-48.05468,-11.77935],[-48.0599,-11.77244],[-48.07545,-11.77602],[-48.08212,-11.76946],[-48.08014,-11.754],[-48.0894,-11.74513],[-48.09951,-11.74354],[-48.08873,-11.72616],[-48.09014,-11.71974],[-48.13754,-11.70912],[-48.14973,-11.69676],[-48.15412,-11.68792],[-48.14551,-11.67553],[-48.14484,-11.66273],[-48.16206,-11.65728],[-48.16151,-11.65332],[-48.15514,-11.65354],[-48.15833,-11.63551],[-48.17831,-11.60174],[-48.16825,-11.6077],[-48.15764,-11.60478],[-48.153,-11.61525],[-48.14009,-11.62028],[-48.13747,-11.60271],[-48.12831,-11.60526],[-48.11194,-11.59244],[-48.10194,-11.59957],[-48.10253,-11.58974],[-48.08986,-11.59361],[-48.07911,-11.58186],[-48.06303,-11.59784],[-48.05886,-11.58999],[-48.05231,-11.59436],[-48.05225,-11.58533],[-48.04494,-11.58912],[-48.04125,-11.58149],[-48.03452,-11.58072],[-48.01791,-11.6011],[-48.01747,-11.596],[-47.98852,-11.581],[-47.99086,-11.57126],[-47.98694,-11.56331],[-47.99044,-11.5597],[-47.97608,-11.55777],[-47.97449,-11.54572],[-47.96824,-11.54156],[-47.96677,-11.52058],[-47.95285,-11.50034],[-47.94619,-11.4823],[-47.92968,-11.46812],[-47.92235,-11.4419],[-47.9246,-11.42146],[-47.90879,-11.40543],[-47.90682,-11.39513],[-47.88343,-11.3833],[-47.85196,-11.37683],[-47.80381,-11.35058],[-47.81729,-11.34425],[-47.81578,-11.32913],[-47.81078,-11.32825],[-47.80359,-11.30423],[-47.80876,-11.2927],[-47.78064,-11.28039],[-47.7682,-11.26793],[-47.74147,-11.30627],[-47.73514,-11.29852],[-47.67094,-11.26166],[-47.671,-11.26918],[-47.68798,-11.28919],[-47.67945,-11.31006],[-47.68456,-11.3261],[-47.67986,-11.33376],[-47.66961,-11.33053],[-47.66328,-11.31842],[-47.65173,-11.31832],[-47.6412,-11.30755],[-47.62036,-11.30355],[-47.61834,-11.3214],[-47.60439,-11.33981],[-47.59678,-11.38046],[-47.62151,-11.44279],[-47.61798,-11.44782],[-47.5967,-11.42832],[-47.5865,-11.39689],[-47.58764,-11.38453],[-47.57697,-11.38214],[-47.57547,-11.36959],[-47.56825,-11.36855],[-47.55566,-11.37602],[-47.53256,-11.36832],[-47.49558,-11.33738],[-47.48144,-11.31821],[-47.48077,-11.30117],[-47.47033,-11.28917],[-47.4551,-11.24362],[-47.40899,-11.26791]]]},"properties":{"CD_MUN":"1714203","NM_MUN":"Natividade","SIGLA_UF":"TO"}},{"type":"Feature","geometry":{"type":"Polygon","coordinates":[[[-49.22141,-8.20542],[-49.21202,-8.22359],[-49.21758,-8.23176],[-49.21001,-8.24033],[-49.20251,-8.23693],[-49.17322,-8.2563],[-49.15884,-8.25641],[-49.1431,-8.25315],[-49.09278,-8.22052],[-49.06875,-8.2262],[-49.02717,-8.22047],[-49.01496,-8.20522],[-48.99575,-8.20265],[-48.99151,-8.19624],[-48.97517,-8.19208],[-48.97643,-8.45449],[-48.98659,-8.46513],[-48.99093,-8.49584],[-49.01479,-8.50365],[-49.03601,-8.53065],[-49.05185,-8.53845],[-49.05057,-8.54443],[-49.11872,-8.64818],[-49.12411,-8.64637],[-49.12555,-8.65189],[-49.1323,-8.65181],[-49.13094,-8.65543],[-49.13786,-8.66376],[-49.14305,-8.6634],[-49.14905,-8.67564],[-49.16344,-8.67327],[-49.17347,-8.68016],[-49.17831,-8.67571],[-49.17958,-8.68405],[-49.20297,-8.66845],[-49.20708,-8.65612],[-49.21519,-8.65358],[-49.2128,-8.64896],[-49.22264,-8.64406],[-49.23467,-8.64523],[-49.2365,-8.64949],[-49.25178,-8.63942],[-49.2638,-8.64911],[-49.27464,-8.64457],[-49.27894,-8.64973],[-49.28058,-8.64176],[-49.28747,-8.64254],[-49.29439,-8.62235],[-49.29794,-8.62488],[-49.30294,-8.61727],[-49.3075,-8.62089],[-49.30806,-8.613],[-49.31481,-8.61254],[-49.31753,-8.6023],[-49.32317,-8.60012],[-49.32261,-8.58435],[-49.33389,-8.58225],[-49.33781,-8.57672],[-49.33469,-8.57255],[-49.34125,-8.55569],[-49.34953,-8.55495],[-49.35433,-8.54471],[-49.38375,-8.54187],[-49.3865,-8.54803],[-49.39122,-8.54122],[-49.3915,-8.54694],[-49.39897,-8.54702],[-49.39077,-8.48955],[-49.37639,-8.45529],[-49.34872,-8.41829],[-49.29843,-8.39527],[-49.28271,-8.37968],[-49.26674,-8.3341],[-49.24796,-8.25528],[-49.22141,-8.20542]]]},"properties":{"CD_MUN":"1706001","NM_MUN":"Couto Magalhães","SIGLA_UF":"TO"}},{"type":"Feature","geometry":{"type":"Polygon","coordinates":[[[-49.03038,-6.80135],[-49.01811,-6.78409],[-48.96294,-6.77935],[-48.90855,-6.75635],[-48.8391,-6.75054],[-48.85345,-6.76067],[-48.8546,-6.77489],[-48.86921,-6.79872],[-48.87103,-6.81301],[-48.86036,-6.82183],[-48.86957,-6.85539],[-48.67726,-6.94477],[-48.65565,-6.95142],[-48.64216,-6.94625],[-48.63039,-6.94904],[-48.62818,-6.96244],[-48.63843,-6.97373],[-48.63014,-6.9751],[-48.62614,-6.96837],[-48.62085,-6.98761],[-48.62348,-7.01083],[-48.6161,-7.01085],[-48.62061,-7.02374],[-48.60911,-7.0273],[-48.60494,-7.05486],[-48.59931,-7.05251],[-48.59946,-7.06424],[-48.58801,-7.06595],[-48.56362,-7.08029],[-48.55212,-7.15676],[-48.56332,-7.1899],[-48.55984,-7.20254],[-48.56301,-7.22066],[-48.55564,-7.22025],[-48.54993,-7.23729],[-48.56015,-7.28267],[-48.66548,-7.28543],[-48.66717,-7.26925],[-48.66423,-7.13324],[-48.66743,-7.11903],[-48.68308,-7.10336],[-48.69193,-7.10467],[-48.70558,-7.09766],[-48.7337,-7.09884],[-48.75259,-7.08861],[-48.76121,-7.07109],[-48.77366,-7.09148],[-48.79394,-7.09311],[-48.82629,-7.08298],[-48.83601,-7.09414],[-48.84585,-7.09523],[-48.86254,-7.04858],[-48.87305,-7.04901],[-48.91028,-7.03218],[-48.92665,-7.00426],[-48.92617,-6.99711],[-48.95532,-6.98495],[-48.97111,-6.96927],[-48.98773,-6.96767],[-49.00345,-6.95214],[-49.01626,-6.91684],[-49.01881,-6.86899],[-49.02694,-6.86052],[-49.01936,-6.84104],[-49.01955,-6.82701],[-49.03038,-6.80135]]]},"properties":{"CD_MUN":"1713957","NM_MUN":"Muricilândia","SIGLA_UF":"TO"}},{"type":"Feature","geometry":{"type":"Polygon","coordinates":[[[-48.1284,-6.62322],[-48.12474,-6.63506],[-48.11396,-6.63845],[-48.11391,-6.64805],[-48.09132,-6.65907],[-48.06115,-6.6621],[-48.06176,-6.66917],[-48.05043,-6.67418],[-48.03949,-6.68988],[-48.0174,-6.69105],[-48.0151,-6.70298],[-48.00068,-6.70372],[-47.99418,-6.71103],[-47.9804,-6.71381],[-47.98366,-6.72504],[-47.97679,-6.73459],[-47.96874,-6.73953],[-47.96354,-6.73447],[-47.94596,-6.75269],[-47.9451,-6.7604],[-47.9428,-6.75687],[-47.93001,-6.75865],[-47.91316,-6.77696],[-47.89893,-6.78219],[-47.89771,-6.79171],[-47.90465,-6.80519],[-47.8811,-6.83096],[-47.88241,-6.83866],[-47.8381,-6.96217],[-47.81313,-6.96346],[-47.80671,-6.96793],[-47.78738,-6.96276],[-47.76752,-6.96847],[-47.75452,-6.96309],[-47.73349,-6.96699],[-47.73374,-6.98359],[-47.99869,-7.07297],[-48.19659,-7.14624],[-48.18232,-7.12663],[-48.19257,-7.10722],[-48.18945,-7.0812],[-48.19629,-7.06669],[-48.1884,-7.05559],[-48.19359,-7.04494],[-48.18231,-7.01498],[-48.17178,-7.01524],[-48.12909,-7.03261],[-48.1284,-6.62322]]]},"properties":{"CD_MUN":"1722081","NM_MUN":"Wanderlândia","SIGLA_UF":"TO"}},{"type":"Feature","geometry":{"type":"Polygon","coordinates":[[[-48.37449,-6.34664],[-48.3574,-6.35615],[-48.34537,-6.35693],[-48.3347,-6.37644],[-48.34179,-6.38386],[-48.33877,-6.39602],[-48.32868,-6.39172],[-48.32332,-6.40615],[-48.31826,-6.4078],[-48.3049,-6.40207],[-48.30101,-6.41994],[-48.28901,-6.42896],[-48.29418,-6.4466],[-48.28676,-6.44982],[-48.27416,-6.4683],[-48.28382,-6.4868],[-48.27796,-6.48913],[-48.27899,-6.50407],[-48.29259,-6.51087],[-48.29129,-6.52398],[-48.30122,-6.53914],[-48.29252,-6.5473],[-48.30121,-6.55908],[-48.29944,-6.57574],[-48.28565,-6.59305],[-48.28283,-6.62066],[-48.28604,-6.65781],[-48.29686,-6.67223],[-48.29996,-6.68663],[-48.29658,-6.70151],[-48.31058,-6.71655],[-48.31044,-6.72816],[-48.32561,-6.75209],[-48.32765,-6.77308],[-48.33641,-6.79216],[-48.353,-6.78328],[-48.36659,-6.78568],[-48.3599,-6.8148],[-48.37855,-6.83694],[-48.38523,-6.8525],[-48.40168,-6.8399],[-48.41554,-6.84131],[-48.4222,-6.82713],[-48.42554,-6.8285],[-48.42334,-6.83627],[-48.42795,-6.83765],[-48.44862,-6.81021],[-48.45631,-6.81359],[-48.45637,-6.82074],[-48.46443,-6.82241],[-48.4652,-6.80702],[-48.45959,-6.80564],[-48.45887,-6.78554],[-48.47031,-6.77101],[-48.46381,-6.77061],[-48.47189,-6.7635],[-48.46512,-6.76175],[-48.47462,-6.75871],[-48.47973,-6.75031],[-48.46631,-6.75297],[-48.46131,-6.73956],[-48.46595,-6.73188],[-48.45592,-6.72677],[-48.45723,-6.71618],[-48.44945,-6.71289],[-48.45897,-6.70506],[-48.45667,-6.69219],[-48.46411,-6.68679],[-48.46356,-6.67094],[-48.46797,-6.67558],[-48.47153,-6.6649],[-48.48686,-6.66161],[-48.49151,-6.65249],[-48.49917,-6.65777],[-48.50023,-6.66684],[-48.52411,-6.66524],[-48.5245,-6.65989],[-48.54025,-6.65311],[-48.55712,-6.63718],[-48.57214,-6.63737],[-48.56998,-6.62604],[-48.586,-6.62569],[-48.58603,-6.60757],[-48.59337,-6.60223],[-48.5912,-6.59526],[-48.60106,-6.59879],[-48.59978,-6.59064],[-48.60495,-6.58267],[-48.6352,-6.58241],[-48.63323,-6.57109],[-48.62578,-6.56918],[-48.62661,-6.55958],[-48.63214,-6.55922],[-48.63367,-6.56674],[-48.64039,-6.55651],[-48.63767,-6.54817],[-48.63403,-6.55089],[-48.62906,-6.54663],[-48.63258,-6.53296],[-48.62519,-6.49289],[-48.63109,-6.48777],[-48.61236,-6.45362],[-48.53977,-6.40073],[-48.50519,-6.353],[-48.44677,-6.35108],[-48.42351,-6.35691],[-48.38552,-6.38011],[-48.38052,-6.37552],[-48.37449,-6.34664]]]},"properties":{"CD_MUN":"1722107","NM_MUN":"Xambioá","SIGLA_UF":"TO"}},{"type":"Feature","geometry":{"type":"Polygon","coordinates":[[[-47.84271,-6.57896],[-47.82325,-6.56675],[-47.77153,-6.5579],[-47.76595,-6.54713],[-47.76781,-6.53443],[-47.76236,-6.53364],[-47.74767,-6.5084],[-47.72991,-6.49749],[-47.72014,-6.49896],[-47.71636,-6.50572],[-47.71119,-6.49979],[-47.70792,-6.50348],[-47.70619,-6.49917],[-47.69778,-6.50144],[-47.68452,-6.47992],[-47.6713,-6.47768],[-47.66122,-6.4691],[-47.64819,-6.47012],[-47.64391,-6.45364],[-47.63421,-6.44994],[-47.63564,-6.45867],[-47.63028,-6.46982],[-47.5187,-6.56934],[-47.51475,-6.5671],[-47.47968,-6.58875],[-47.46358,-6.58542],[-47.46388,-6.61122],[-47.49783,-6.67114],[-47.49247,-6.68965],[-47.49533,-6.69677],[-47.51249,-6.72284],[-47.51815,-6.72228],[-47.51977,-6.71559],[-47.53228,-6.70563],[-47.55553,-6.70759],[-47.56653,-6.70206],[-47.59238,-6.71127],[-47.62096,-6.7013],[-47.63876,-6.70931],[-47.64979,-6.70442],[-47.65264,-6.7093],[-47.66676,-6.70835],[-47.67196,-6.71258],[-47.67966,-6.70822],[-47.68952,-6.71131],[-47.69477,-6.70393],[-47.70765,-6.70785],[-47.72272,-6.69225],[-47.74615,-6.6836],[-47.75947,-6.66913],[-47.7746,-6.67474],[-47.76687,-6.65032],[-47.77048,-6.64362],[-47.81989,-6.58993],[-47.84271,-6.57896]]]},"properties":{"CD_MUN":"1713809","NM_MUN":"Palmeiras do Tocantins","SIGLA_UF":"TO"}},{"type":"Feature","geometry":{"type":"Polygon","coordinates":[[[-47.20912,-11.84492],[-47.05593,-11.95143],[-47.07749,-11.96114],[-47.12581,-11.94076],[-47.13547,-11.95189],[-47.1341,-11.96226],[-47.14509,-11.97505],[-47.14019,-11.97687],[-47.13884,-11.9878],[-47.12817,-12.0033],[-47.13018,-12.02936],[-47.11866,-12.03969],[-47.11612,-12.04924],[-47.10031,-12.05319],[-47.07084,-12.08642],[-47.08136,-12.10218],[-47.08466,-12.11933],[-47.10972,-12.09523],[-47.10746,-12.13142],[-47.12111,-12.1439],[-47.14117,-12.14136],[-47.14637,-12.13242],[-47.16107,-12.1233],[-47.17453,-12.1176],[-47.17623,-12.12074],[-47.1715,-12.1379],[-47.177,-12.14734],[-47.17129,-12.17469],[-47.15799,-12.17323],[-47.14695,-12.17846],[-47.16301,-12.21548],[-47.15567,-12.22132],[-47.15144,-12.23418],[-47.15503,-12.24904],[-47.14442,-12.28227],[-47.15209,-12.30604],[-47.15128,-12.32091],[-47.14847,-12.33179],[-47.15211,-12.34871],[-47.15987,-12.35226],[-47.17077,-12.37859],[-47.18719,-12.39197],[-47.19417,-12.40872],[-47.19197,-12.41404],[-47.20048,-12.42174],[-47.23548,-12.43336],[-47.26292,-12.42177],[-47.27234,-12.42247],[-47.28723,-12.43268],[-47.29206,-12.4489],[-47.44564,-12.20638],[-47.5724,-12.19741],[-47.57232,-12.18735],[-47.56142,-12.17934],[-47.55601,-12.1677],[-47.52789,-12.17198],[-47.5125,-12.18703],[-47.50059,-12.1876],[-47.48998,-12.18094],[-47.48911,-12.16571],[-47.48303,-12.16591],[-47.48572,-12.14351],[-47.47614,-12.11806],[-47.47908,-12.09022],[-47.47328,-12.08453],[-47.47486,-12.06295],[-47.4463,-12.00428],[-47.44755,-11.99065],[-47.46096,-11.982],[-47.47489,-11.9643],[-47.4491,-11.95787],[-47.44252,-11.96866],[-47.43141,-11.96869],[-47.42144,-11.9631],[-47.42179,-11.95423],[-47.41296,-11.95417],[-47.39021,-11.94182],[-47.37966,-11.91614],[-47.34707,-11.90545],[-47.33893,-11.88781],[-47.32863,-11.88277],[-47.29671,-11.88076],[-47.26859,-11.84887],[-47.24884,-11.85208],[-47.23126,-11.83881],[-47.22245,-11.84779],[-47.21159,-11.84672],[-47.20931,-11.85026],[-47.20912,-11.84492]]]},"properties":{"CD_MUN":"1705607","NM_MUN":"Conceição do Tocantins","SIGLA_UF":"TO"}},{"type":"Feature","geometry":{"type":"Polygon","coordinates":[[[-46.59275,-12.80463],[-46.60069,-12.78466],[-46.59311,-12.77209],[-46.59272,-12.75968],[-46.60597,-12.73235],[-46.58463,-12.74191],[-46.58336,-12.75063],[-46.56939,-12.75631],[-46.56889,-12.76533],[-46.55797,-12.76807],[-46.55325,-12.78333],[-46.54172,-12.78402],[-46.54642,-12.78861],[-46.52336,-12.78554],[-46.50763,-12.7933],[-46.50699,-12.7996],[-46.48716,-12.79696],[-46.47591,-12.80175],[-46.45516,-12.82232],[-46.43291,-12.81974],[-46.43127,-12.827],[-46.42733,-12.8233],[-46.42083,-12.82862],[-46.41699,-12.8233],[-46.45892,-12.93044],[-46.48644,-12.92303],[-46.49492,-12.91619],[-46.49389,-12.90926],[-46.50072,-12.90158],[-46.53711,-12.89931],[-46.5387,-12.89123],[-46.56372,-12.87222],[-46.55756,-12.8483],[-46.55939,-12.8215],[-46.57561,-12.81377],[-46.58458,-12.81568],[-46.59275,-12.80463]]]},"properties":{"CD_MUN":"1705557","NM_MUN":"Combinado","SIGLA_UF":"TO"}},{"type":"Feature","geometry":{"type":"Polygon","coordinates":[[[-47.99892,-6.5661],[-47.99134,-6.56775],[-47.98624,-6.56049],[-47.96876,-6.55665],[-47.96303,-6.5606],[-47.94996,-6.55229],[-47.94692,-6.55671],[-47.94171,-6.54987],[-47.92807,-6.55291],[-47.92619,-6.54836],[-47.92185,-6.55124],[-47.90478,-6.54571],[-47.8726,-6.54547],[-47.85812,-6.54007],[-47.87209,-6.59064],[-47.8552,-6.57981],[-47.84271,-6.57896],[-47.81989,-6.58993],[-47.77048,-6.64362],[-47.76687,-6.65032],[-47.7746,-6.67474],[-47.75947,-6.66913],[-47.74615,-6.6836],[-47.72272,-6.69225],[-47.70765,-6.70785],[-47.69477,-6.70393],[-47.68952,-6.71131],[-47.67966,-6.70822],[-47.67196,-6.71258],[-47.66676,-6.70835],[-47.65264,-6.7093],[-47.64979,-6.70442],[-47.63876,-6.70931],[-47.62096,-6.7013],[-47.59238,-6.71127],[-47.56653,-6.70206],[-47.55553,-6.70759],[-47.53228,-6.70563],[-47.51977,-6.71559],[-47.51815,-6.72228],[-47.51249,-6.72284],[-47.49533,-6.69677],[-47.49331,-6.75474],[-47.51589,-6.79017],[-47.52834,-6.8362],[-47.5172,-6.84693],[-47.50623,-6.87191],[-47.50534,-6.90103],[-47.52876,-6.94592],[-47.52915,-6.98002],[-47.54748,-6.99995],[-47.56413,-7.00663],[-47.57423,-7.00408],[-47.57207,-6.99535],[-47.58215,-6.99739],[-47.60082,-6.99096],[-47.60293,-6.99404],[-47.61676,-6.98473],[-47.6271,-6.98423],[-47.63032,-6.99002],[-47.63955,-6.9859],[-47.6531,-6.97424],[-47.65823,-6.9597],[-47.68682,-6.93837],[-47.69707,-6.94177],[-47.70365,-6.9528],[-47.70937,-6.95214],[-47.71288,-6.96437],[-47.73349,-6.96699],[-47.75452,-6.96309],[-47.76752,-6.96847],[-47.78738,-6.96276],[-47.80671,-6.96793],[-47.81313,-6.96346],[-47.8381,-6.96217],[-47.88241,-6.83866],[-47.8811,-6.83096],[-47.90465,-6.80519],[-47.89771,-6.79171],[-47.89893,-6.78219],[-47.91316,-6.77696],[-47.93001,-6.75865],[-47.9428,-6.75687],[-47.9451,-6.7604],[-47.94596,-6.75269],[-47.96354,-6.73447],[-47.96874,-6.73953],[-47.97679,-6.73459],[-47.98366,-6.72504],[-47.9804,-6.71381],[-47.99418,-6.71103],[-48.00068,-6.70372],[-48.0151,-6.70298],[-48.0174,-6.69105],[-48.03949,-6.68988],[-47.99892,-6.5661]]]},"properties":{"CD_MUN":"1706506","NM_MUN":"Darcinópolis","SIGLA_UF":"TO"}},{"type":"Feature","geometry":{"type":"Polygon","coordinates":[[[-47.95685,-6.2266],[-47.95463,-6.22379],[-47.95122,-6.23049],[-47.9455,-6.23005],[-47.93791,-6.24003],[-47.92969,-6.23724],[-47.92838,-6.22837],[-47.91607,-6.21952],[-47.89938,-6.21773],[-47.88357,-6.22167],[-47.88341,-6.22702],[-47.87544,-6.22423],[-47.86713,-6.22832],[-47.86599,-6.24073],[-47.85385,-6.24239],[-47.85669,-6.2498],[-47.85091,-6.2567],[-47.82446,-6.25685],[-47.75446,-6.28325],[-47.72279,-6.28213],[-47.71685,-6.29935],[-47.68627,-6.30919],[-47.6871,-6.31589],[-47.67771,-6.33248],[-47.66063,-6.34538],[-47.64843,-6.36587],[-47.64713,-6.38063],[-47.63963,-6.39124],[-47.63335,-6.38537],[-47.60566,-6.3788],[-47.5921,-6.39151],[-47.57977,-6.39044],[-47.55979,-6.40252],[-47.55835,-6.40715],[-47.56821,-6.40577],[-47.56685,-6.40957],[-47.58343,-6.41562],[-47.60349,-6.43288],[-47.62057,-6.43059],[-47.62161,-6.44327],[-47.63066,-6.4428],[-47.63421,-6.44994],[-47.64391,-6.45364],[-47.64819,-6.47012],[-47.66122,-6.4691],[-47.6713,-6.47768],[-47.68452,-6.47992],[-47.69778,-6.50144],[-47.70619,-6.49917],[-47.70792,-6.50348],[-47.71119,-6.49979],[-47.71636,-6.50572],[-47.72014,-6.49896],[-47.72991,-6.49749],[-47.74767,-6.5084],[-47.76236,-6.53364],[-47.76781,-6.53443],[-47.76595,-6.54713],[-47.77153,-6.5579],[-47.82325,-6.56675],[-47.84271,-6.57896],[-47.8552,-6.57981],[-47.87209,-6.59064],[-47.85812,-6.54007],[-47.82471,-6.40467],[-47.81539,-6.40148],[-47.80054,-6.37298],[-47.82135,-6.33416],[-47.82286,-6.32],[-47.81833,-6.3149],[-47.82787,-6.29379],[-47.83204,-6.29369],[-47.84137,-6.30351],[-47.85339,-6.3047],[-47.8584,-6.32689],[-47.86502,-6.3311],[-47.86986,-6.34644],[-47.88262,-6.34157],[-47.88696,-6.33497],[-47.90379,-6.34561],[-47.90636,-6.3332],[-47.93646,-6.31402],[-47.93609,-6.29274],[-47.94895,-6.27217],[-47.94433,-6.26997],[-47.95248,-6.25296],[-47.95122,-6.24373],[-47.9568,-6.24077],[-47.95685,-6.2266]]]},"properties":{"CD_MUN":"1714302","NM_MUN":"Nazaré","SIGLA_UF":"TO"}},{"type":"Feature","geometry":{"type":"Polygon","coordinates":[[[-49.05204,-10.47038],[-49.07262,-10.53458],[-49.06446,-10.54865],[-49.07244,-10.55737],[-49.07216,-10.57979],[-49.05427,-10.5924],[-49.05435,-10.59767],[-49.0593,-10.60484],[-49.06427,-10.60375],[-49.06336,-10.61482],[-49.07683,-10.62763],[-49.07802,-10.64696],[-49.08169,-10.64797],[-49.07086,-10.65259],[-49.06819,-10.66067],[-49.05938,-10.65649],[-49.05066,-10.66157],[-49.04672,-10.65176],[-49.02836,-10.6611],[-49.02238,-10.67372],[-49.02441,-10.67881],[-49.01741,-10.68061],[-49.01191,-10.69032],[-49.01474,-10.69323],[-49.00786,-10.70893],[-48.98977,-10.72474],[-48.99466,-10.73528],[-48.98394,-10.76333],[-49.00919,-10.76911],[-49.01405,-10.78001],[-48.99647,-10.84333],[-48.98381,-10.84772],[-48.98192,-10.85777],[-48.98381,-10.87038],[-48.991,-10.87938],[-48.985,-10.88988],[-48.99792,-10.89609],[-49.00267,-10.91262],[-49.00845,-10.91226],[-49.02142,-10.89629],[-49.0372,-10.89911],[-49.04823,-10.92381],[-49.05592,-10.923],[-49.06253,-10.92827],[-49.06576,-10.94452],[-49.07695,-10.9566],[-49.07556,-10.97884],[-49.09162,-10.99446],[-49.11204,-11.00055],[-49.1149,-11.01824],[-49.12112,-11.02634],[-49.13993,-11.02813],[-49.14718,-11.03632],[-49.16205,-11.04],[-49.17354,-11.05709],[-49.18124,-11.06602],[-49.19026,-11.06305],[-49.19901,-11.08259],[-49.19649,-11.08993],[-49.20751,-11.0955],[-49.21599,-11.11395],[-49.22824,-11.10446],[-49.23799,-11.10476],[-49.26382,-11.1229],[-49.2868,-11.12714],[-49.29324,-11.11872],[-49.29191,-11.10193],[-49.29644,-11.0965],[-49.31766,-11.09674],[-49.34638,-11.11017],[-49.37505,-11.11188],[-49.38188,-11.1266],[-49.39108,-11.12898],[-49.4182,-11.16281],[-49.42589,-11.16891],[-49.43819,-11.16821],[-49.44178,-11.17376],[-49.45445,-11.17461],[-49.45911,-11.18487],[-49.47745,-11.17557],[-49.50244,-11.18856],[-49.51197,-11.17794],[-49.51919,-11.18344],[-49.52826,-11.17826],[-49.5305,-11.18281],[-49.5407,-11.18371],[-49.5404,-11.17618],[-49.55848,-11.17651],[-49.56187,-11.16584],[-49.55437,-11.16242],[-49.56967,-11.15574],[-49.57256,-11.16176],[-49.58042,-11.15302],[-49.58523,-11.16177],[-49.59701,-11.15778],[-49.62951,-11.1253],[-49.65328,-11.12494],[-49.66151,-11.12065],[-49.66403,-11.11169],[-49.69251,-11.10039],[-49.69637,-11.08954],[-49.70953,-11.08193],[-49.72148,-11.06035],[-49.72981,-11.06223],[-49.7407,-11.05278],[-49.7369,-11.03535],[-49.75009,-11.03771],[-49.75387,-11.02559],[-49.76589,-11.02477],[-49.77245,-11.00668],[-49.79315,-11.01545],[-49.79284,-11.00501],[-49.79865,-10.99696],[-49.79399,-10.98967],[-49.79498,-10.97672],[-49.78839,-10.97209],[-49.77835,-10.94998],[-49.78292,-10.93801],[-49.76049,-10.91841],[-49.76485,-10.90907],[-49.75902,-10.9032],[-49.72971,-10.90776],[-49.72721,-10.91626],[-49.71795,-10.92317],[-49.71687,-10.91773],[-49.70971,-10.9157],[-49.7131,-10.91353],[-49.70939,-10.90893],[-49.69163,-10.92693],[-49.68623,-10.91847],[-49.67732,-10.92201],[-49.66514,-10.91515],[-49.63177,-10.92908],[-49.62044,-10.91172],[-49.60405,-10.9108],[-49.58628,-10.90022],[-49.57466,-10.88366],[-49.57732,-10.86774],[-49.5693,-10.85602],[-49.57077,-10.8512],[-49.55915,-10.84276],[-49.56086,-10.8328],[-49.5391,-10.81162],[-49.52681,-10.80758],[-49.5198,-10.7812],[-49.50494,-10.76342],[-49.47028,-10.7548],[-49.46703,-10.73718],[-49.44674,-10.72842],[-49.45201,-10.71208],[-49.47674,-10.70486],[-49.49014,-10.69213],[-49.51336,-10.69118],[-49.5286,-10.67929],[-49.54633,-10.64217],[-49.54517,-10.61862],[-49.56496,-10.59145],[-49.58209,-10.58286],[-49.58514,-10.57028],[-49.61755,-10.5761],[-49.63701,-10.56583],[-49.6418,-10.56776],[-49.64999,-10.54758],[-49.67241,-10.55084],[-49.68942,-10.54124],[-49.70052,-10.54287],[-49.71323,-10.52994],[-49.74188,-10.52775],[-49.76282,-10.51409],[-49.75812,-10.50839],[-49.74695,-10.51362],[-49.73561,-10.50328],[-49.72923,-10.50672],[-49.7247,-10.50121],[-49.7181,-10.50315],[-49.71557,-10.51061],[-49.7044,-10.51629],[-49.70645,-10.519],[-49.69512,-10.51252],[-49.68598,-10.51656],[-49.68273,-10.50895],[-49.67207,-10.51962],[-49.6492,-10.51628],[-49.65101,-10.51028],[-49.64706,-10.50876],[-49.63523,-10.5129],[-49.62803,-10.50458],[-49.6234,-10.50887],[-49.61595,-10.50527],[-49.61292,-10.51019],[-49.60815,-10.50522],[-49.59686,-10.50454],[-49.56297,-10.47659],[-49.54314,-10.48713],[-49.52833,-10.47687],[-49.51359,-10.48902],[-49.49895,-10.47968],[-49.45781,-10.44886],[-49.41919,-10.43962],[-49.40497,-10.44418],[-49.39927,-10.45321],[-49.38939,-10.45117],[-49.37008,-10.4644],[-49.34147,-10.47413],[-49.33508,-10.47021],[-49.32728,-10.47506],[-49.29805,-10.47591],[-49.23933,-10.50346],[-49.21774,-10.50044],[-49.20144,-10.49516],[-49.19041,-10.48168],[-49.17644,-10.47916],[-49.17202,-10.46336],[-49.16391,-10.45788],[-49.14463,-10.46756],[-49.12732,-10.46538],[-49.12571,-10.45975],[-49.11379,-10.46304],[-49.11429,-10.47374],[-49.10716,-10.48529],[-49.08793,-10.48537],[-49.07107,-10.47421],[-49.06015,-10.47695],[-49.05204,-10.47038]]]},"properties":{"CD_MUN":"1706100","NM_MUN":"Cristalândia","SIGLA_UF":"TO"}},{"type":"Feature","geometry":{"type":"Polygon","coordinates":[[[-46.08693,-11.62493],[-46.08254,-11.63611],[-46.08635,-11.64262],[-46.11969,-11.64376],[-46.15335,-11.65697],[-46.2008,-11.65192],[-46.2211,-11.64471],[-46.25563,-11.62116],[-46.29083,-11.62871],[-46.31088,-11.6272],[-46.31544,-11.63388],[-46.3145,-11.64459],[-46.30091,-11.66157],[-46.29369,-11.6813],[-46.29416,-11.69472],[-46.30833,-11.70405],[-46.32872,-11.73729],[-46.37284,-11.75111],[-46.36831,-11.7613],[-46.34672,-11.75385],[-46.33845,-11.76652],[-46.32209,-11.77072],[-46.33492,-11.78677],[-46.33098,-11.80295],[-46.33726,-11.81642],[-46.35388,-11.80092],[-46.35815,-11.78264],[-46.38283,-11.77714],[-46.39342,-11.76305],[-46.41092,-11.76779],[-46.42408,-11.76526],[-46.43762,-11.75543],[-46.48282,-11.76452],[-46.50011,-11.77689],[-46.51884,-11.78981],[-46.53651,-11.81424],[-46.54059,-11.84404],[-46.53276,-11.85793],[-46.53849,-11.86776],[-46.54782,-11.87467],[-46.56238,-11.90071],[-46.57856,-11.90781],[-46.59046,-11.92152],[-46.59146,-11.93654],[-46.59936,-11.94129],[-46.59426,-11.94486],[-46.59253,-11.96363],[-46.60258,-11.9656],[-46.61117,-11.95959],[-46.62154,-11.96232],[-46.63635,-11.97999],[-46.64935,-11.98695],[-46.65767,-11.98629],[-46.6703,-11.99428],[-46.67284,-12.00543],[-46.67988,-12.00631],[-46.68352,-12.02303],[-46.70571,-12.02522],[-46.71575,-12.0371],[-46.73813,-12.03826],[-46.74106,-12.04556],[-46.75153,-12.04523],[-46.74278,-12.03143],[-46.74517,-12.02725],[-46.73719,-12.02113],[-46.74214,-12.00516],[-46.73592,-11.98731],[-46.74714,-11.97324],[-46.74647,-11.962],[-46.75363,-11.95854],[-46.75261,-11.94149],[-46.75758,-11.93442],[-46.75288,-11.92762],[-46.75361,-11.91601],[-46.77316,-11.88244],[-46.767,-11.87238],[-46.77121,-11.86549],[-46.76696,-11.85715],[-46.7818,-11.8516],[-46.78158,-11.83238],[-46.77827,-11.83148],[-46.78772,-11.81814],[-46.78202,-11.81406],[-46.78433,-11.81007],[-46.77493,-11.80781],[-46.77491,-11.79748],[-46.76533,-11.79431],[-46.77105,-11.78841],[-46.76091,-11.77718],[-46.76346,-11.76339],[-46.75802,-11.76068],[-46.76088,-11.75578],[-46.75193,-11.73602],[-46.75171,-11.70963],[-46.73974,-11.70321],[-46.72116,-11.6811],[-46.69226,-11.69554],[-46.68784,-11.6892],[-46.68085,-11.69156],[-46.66879,-11.68712],[-46.66779,-11.67461],[-46.66335,-11.67579],[-46.65709,-11.66827],[-46.64945,-11.67244],[-46.6454,-11.66302],[-46.64007,-11.66837],[-46.63445,-11.66284],[-46.62387,-11.66493],[-46.62131,-11.66049],[-46.61009,-11.66512],[-46.60648,-11.65796],[-46.58992,-11.6605],[-46.57751,-11.65716],[-46.57484,-11.65117],[-46.53748,-11.6568],[-46.52056,-11.65127],[-46.52056,-11.64746],[-46.51698,-11.65127],[-46.5002,-11.65064],[-46.48956,-11.65796],[-46.45981,-11.65602],[-46.44958,-11.64123],[-46.43989,-11.64066],[-46.43125,-11.6303],[-46.41836,-11.62904],[-46.40883,-11.62022],[-46.39424,-11.6158],[-46.36802,-11.59132],[-46.32969,-11.57091],[-46.30044,-11.57221],[-46.2866,-11.58111],[-46.2423,-11.58478],[-46.21408,-11.61491],[-46.19499,-11.62139],[-46.08693,-11.62493]]]},"properties":{"CD_MUN":"1715259","NM_MUN":"Novo Jardim","SIGLA_UF":"TO"}},{"type":"Feature","geometry":{"type":"Polygon","coordinates":[[[-46.59275,-12.80463],[-46.58458,-12.81568],[-46.57561,-12.81377],[-46.55939,-12.8215],[-46.55756,-12.8483],[-46.56372,-12.87222],[-46.5387,-12.89123],[-46.53711,-12.89931],[-46.50072,-12.90158],[-46.49389,-12.90926],[-46.49492,-12.91619],[-46.48644,-12.92303],[-46.45892,-12.93044],[-46.4687,-12.95649],[-46.58975,-12.9489],[-46.59976,-12.93437],[-46.59174,-12.90596],[-46.59452,-12.89792],[-46.62427,-12.87135],[-46.62507,-12.86217],[-46.62191,-12.84819],[-46.61622,-12.84675],[-46.61651,-12.83775],[-46.60077,-12.82502],[-46.60026,-12.81421],[-46.59275,-12.80463]]]},"properties":{"CD_MUN":"1715150","NM_MUN":"Novo Alegre","SIGLA_UF":"TO"}},{"type":"Feature","geometry":{"type":"Polygon","coordinates":[[[-46.56033,-11.3746],[-46.56032,-11.3746],[-46.54866,-11.3807],[-46.54541,-11.41286],[-46.52752,-11.42249],[-46.52622,-11.46593],[-46.52017,-11.48226],[-46.5016,-11.4995],[-46.48563,-11.50506],[-46.47727,-11.5171],[-46.44489,-11.51463],[-46.41069,-11.54193],[-46.38405,-11.53441],[-46.35941,-11.53559],[-46.3456,-11.54486],[-46.3128,-11.53947],[-46.28924,-11.55134],[-46.25232,-11.55841],[-46.22894,-11.569],[-46.21824,-11.57933],[-46.21283,-11.59569],[-46.20213,-11.60257],[-46.18641,-11.60612],[-46.16574,-11.59937],[-46.1578,-11.60722],[-46.14052,-11.60815],[-46.12641,-11.60425],[-46.09794,-11.61324],[-46.08693,-11.62493],[-46.19499,-11.62139],[-46.21408,-11.61491],[-46.2423,-11.58478],[-46.2866,-11.58111],[-46.30044,-11.57221],[-46.32969,-11.57091],[-46.36802,-11.59132],[-46.39424,-11.6158],[-46.40883,-11.62022],[-46.41836,-11.62904],[-46.43125,-11.6303],[-46.43989,-11.64066],[-46.44958,-11.64123],[-46.45981,-11.65602],[-46.48956,-11.65796],[-46.5002,-11.65064],[-46.51698,-11.65127],[-46.52056,-11.64746],[-46.52056,-11.65127],[-46.53748,-11.6568],[-46.57484,-11.65117],[-46.57751,-11.65716],[-46.58992,-11.6605],[-46.60648,-11.65796],[-46.61009,-11.66512],[-46.62131,-11.66049],[-46.62387,-11.66493],[-46.63445,-11.66284],[-46.64007,-11.66837],[-46.6454,-11.66302],[-46.64945,-11.67244],[-46.65709,-11.66827],[-46.66335,-11.67579],[-46.66779,-11.67461],[-46.66879,-11.68712],[-46.68085,-11.69156],[-46.68784,-11.6892],[-46.69226,-11.69554],[-46.72116,-11.6811],[-46.73974,-11.70321],[-46.75171,-11.70963],[-46.75193,-11.73602],[-46.76088,-11.75578],[-46.75802,-11.76068],[-46.76346,-11.76339],[-46.76091,-11.77718],[-46.77105,-11.78841],[-46.76533,-11.79431],[-46.77491,-11.79748],[-46.77493,-11.80781],[-46.78433,-11.81007],[-46.78202,-11.81406],[-46.78772,-11.81814],[-46.77827,-11.83148],[-46.78158,-11.83238],[-46.7818,-11.8516],[-46.76696,-11.85715],[-46.77121,-11.86549],[-46.767,-11.87238],[-46.77316,-11.88244],[-46.75361,-11.91601],[-46.75288,-11.92762],[-46.75758,-11.93442],[-46.75261,-11.94149],[-46.75363,-11.95854],[-46.74647,-11.962],[-46.74714,-11.97324],[-46.73592,-11.98731],[-46.74214,-12.00516],[-46.73719,-12.02113],[-46.74517,-12.02725],[-46.74278,-12.03143],[-46.75153,-12.04523],[-46.75614,-12.06241],[-46.76742,-12.06605],[-46.77353,-12.08458],[-46.7687,-12.0934],[-46.7847,-12.10598],[-46.7987,-12.14665],[-46.80862,-12.1531],[-46.81909,-12.15258],[-46.82456,-12.16993],[-46.83484,-12.17801],[-46.8394,-12.19629],[-46.85254,-12.20561],[-46.85387,-12.21312],[-46.87724,-12.22048],[-46.87976,-12.2152],[-46.87346,-12.20981],[-46.87832,-12.20525],[-46.87412,-12.20002],[-46.88081,-12.19527],[-46.87826,-12.18687],[-46.85854,-12.17106],[-46.8619,-12.1531],[-46.86923,-12.14589],[-46.86323,-12.13226],[-46.86187,-12.12104],[-46.86659,-12.11113],[-46.86198,-12.09949],[-46.84885,-12.09971],[-46.84079,-12.09042],[-46.844,-12.0587],[-46.85384,-12.02291],[-46.86009,-12.01622],[-46.85847,-11.99198],[-46.87881,-11.98146],[-46.88864,-11.9667],[-46.91197,-11.95796],[-46.93282,-11.96155],[-46.9481,-11.94205],[-46.96156,-11.93752],[-46.97225,-11.93774],[-46.98117,-11.94695],[-47.02064,-11.94326],[-47.03872,-11.95435],[-47.05593,-11.95143],[-47.20912,-11.84492],[-47.19914,-11.83172],[-47.1757,-11.82099],[-47.18759,-11.79344],[-47.17692,-11.78856],[-47.17817,-11.77253],[-47.16692,-11.76096],[-47.15572,-11.75853],[-47.15247,-11.74813],[-47.14447,-11.74325],[-47.14211,-11.75422],[-47.13447,-11.75531],[-47.13316,-11.74907],[-47.12222,-11.74718],[-47.11661,-11.73669],[-47.10972,-11.7377],[-47.08972,-11.71092],[-47.09238,-11.70168],[-47.08255,-11.69726],[-47.07969,-11.70125],[-47.07966,-11.68838],[-47.07278,-11.68441],[-47.05941,-11.64857],[-47.05058,-11.64441],[-47.05102,-11.63843],[-47.04075,-11.63664],[-47.03788,-11.62867],[-47.04514,-11.62015],[-47.0428,-11.60792],[-47.04702,-11.58999],[-47.0368,-11.57071],[-47.03563,-11.5295],[-47.02871,-11.51655],[-47.0086,-11.51604],[-46.99505,-11.54509],[-46.98327,-11.54765],[-46.98646,-11.53631],[-46.98132,-11.52508],[-46.96687,-11.52302],[-46.96648,-11.51522],[-46.9569,-11.50853],[-46.95785,-11.50046],[-46.96138,-11.47321],[-46.95537,-11.46206],[-46.95012,-11.46172],[-46.94679,-11.45052],[-46.93709,-11.45429],[-46.93587,-11.44783],[-46.92824,-11.45671],[-46.92876,-11.46479],[-46.92132,-11.46378],[-46.92132,-11.47077],[-46.91615,-11.46589],[-46.9263,-11.40304],[-46.91218,-11.40166],[-46.90571,-11.39626],[-46.89944,-11.40028],[-46.88822,-11.41876],[-46.86473,-11.43383],[-46.8549,-11.4533],[-46.84313,-11.45666],[-46.83189,-11.47132],[-46.822,-11.46721],[-46.80829,-11.47267],[-46.77986,-11.47274],[-46.77569,-11.4687],[-46.75025,-11.48008],[-46.72845,-11.46597],[-46.70555,-11.46614],[-46.66658,-11.44204],[-46.66363,-11.42982],[-46.65212,-11.4186],[-46.60966,-11.39345],[-46.5804,-11.388],[-46.56033,-11.3746]]]},"properties":{"CD_MUN":"1707009","NM_MUN":"Dianópolis","SIGLA_UF":"TO"}},{"type":"Feature","geometry":{"type":"Polygon","coordinates":[[[-47.81904,-10.01954],[-47.82092,-10.00507],[-47.83259,-9.99445],[-47.83334,-9.96219],[-47.85001,-9.95167],[-47.85276,-9.93861],[-47.86006,-9.93141],[-47.85137,-9.91509],[-47.84198,-9.90952],[-47.84,-9.87972],[-47.81817,-9.88676],[-47.78839,-9.92342],[-47.75253,-9.92829],[-47.7237,-9.94226],[-47.71519,-9.95301],[-47.67528,-9.96112],[-47.66608,-9.96543],[-47.65864,-9.97716],[-47.63658,-9.98102],[-47.62806,-9.9886],[-47.61094,-9.99009],[-47.59605,-9.97885],[-47.57722,-9.98339],[-47.55178,-9.98115],[-47.53044,-9.98894],[-47.51705,-9.98451],[-47.49672,-9.98894],[-47.48167,-9.98161],[-47.47919,-9.99196],[-47.4476,-10.00401],[-47.44122,-10.01511],[-47.42161,-10.0243],[-47.41194,-10.0404],[-47.38099,-10.04858],[-47.36933,-10.0377],[-47.35344,-10.0417],[-47.33713,-10.03791],[-47.32391,-10.04334],[-47.30708,-10.03937],[-47.29652,-10.04959],[-47.26896,-10.05638],[-47.25249,-10.0398],[-47.23618,-10.03782],[-47.22607,-10.02828],[-47.20235,-10.02108],[-47.18041,-10.02194],[-47.17018,-10.03831],[-47.11679,-10.04198],[-47.09484,-10.07238],[-47.09483,-10.07238],[-47.07388,-10.08188],[-47.05036,-10.10203],[-47.04692,-10.12221],[-47.03952,-10.12585],[-47.0255,-10.12298],[-47.01545,-10.13283],[-46.99298,-10.1373],[-46.98146,-10.15366],[-46.97175,-10.15648],[-46.97002,-10.16173],[-46.95334,-10.16485],[-46.95099,-10.17274],[-46.9369,-10.18405],[-47.30187,-10.441],[-47.31207,-10.43647],[-47.31614,-10.42528],[-47.32263,-10.42419],[-47.32894,-10.38462],[-47.33455,-10.38044],[-47.35522,-10.38228],[-47.36526,-10.37037],[-47.36171,-10.36608],[-47.36642,-10.36731],[-47.37138,-10.36157],[-47.37664,-10.36471],[-47.37465,-10.35343],[-47.36885,-10.34981],[-47.37411,-10.34008],[-47.37017,-10.33233],[-47.37725,-10.32837],[-47.36825,-10.30137],[-47.36056,-10.29773],[-47.35938,-10.28172],[-47.35044,-10.27897],[-47.35517,-10.27421],[-47.36185,-10.27544],[-47.35968,-10.26833],[-47.36508,-10.25476],[-47.36043,-10.25044],[-47.36992,-10.23938],[-47.39023,-10.24566],[-47.39935,-10.23754],[-47.42763,-10.23648],[-47.43538,-10.1643],[-47.44966,-10.16203],[-47.46216,-10.17709],[-47.4622,-10.18596],[-47.47341,-10.1903],[-47.50003,-10.1771],[-47.51379,-10.17289],[-47.52406,-10.15359],[-47.53974,-10.18363],[-47.55219,-10.17052],[-47.56933,-10.16407],[-47.58052,-10.18571],[-47.57799,-10.22643],[-47.56672,-10.2415],[-47.56888,-10.24975],[-47.59754,-10.23286],[-47.60082,-10.23992],[-47.61318,-10.23753],[-47.62495,-10.23033],[-47.63151,-10.21691],[-47.64421,-10.2217],[-47.65937,-10.20465],[-47.67451,-10.19578],[-47.71065,-10.19343],[-47.71502,-10.19848],[-47.73548,-10.18383],[-47.75365,-10.18448],[-47.75515,-10.17683],[-47.76218,-10.17476],[-47.76082,-10.16741],[-47.77054,-10.16677],[-47.77252,-10.16239],[-47.79349,-10.16637],[-47.7999,-10.12305],[-47.80976,-10.09906],[-47.80293,-10.04796],[-47.81673,-10.03592],[-47.81904,-10.01954]]]},"properties":{"CD_MUN":"1715101","NM_MUN":"Novo Acordo","SIGLA_UF":"TO"}},{"type":"Feature","geometry":{"type":"Polygon","coordinates":[[[-49.05204,-10.47038],[-49.06932,-10.44475],[-49.05529,-10.43089],[-49.05387,-10.42345],[-49.03198,-10.41081],[-49.02084,-10.39199],[-49.00498,-10.39552],[-48.9902,-10.37469],[-48.97709,-10.37284],[-48.98176,-10.37901],[-48.96229,-10.41667],[-48.96331,-10.4281],[-48.98148,-10.45294],[-48.94071,-10.47829],[-48.93979,-10.51627],[-48.93535,-10.52359],[-48.9251,-10.52519],[-48.92132,-10.53242],[-48.89818,-10.5443],[-48.88692,-10.53855],[-48.87968,-10.54241],[-48.86665,-10.52958],[-48.85045,-10.52263],[-48.84198,-10.51045],[-48.80526,-10.48998],[-48.81306,-10.53036],[-48.80895,-10.54439],[-48.83651,-10.56934],[-48.85554,-10.57712],[-48.86487,-10.60308],[-48.86446,-10.61577],[-48.87129,-10.62268],[-48.88832,-10.62819],[-48.89721,-10.64708],[-48.90846,-10.65392],[-48.9269,-10.64538],[-48.96163,-10.67143],[-48.96516,-10.71033],[-48.96161,-10.74884],[-48.98394,-10.76333],[-48.99466,-10.73528],[-48.98977,-10.72474],[-49.00786,-10.70893],[-49.01474,-10.69323],[-49.01191,-10.69032],[-49.01741,-10.68061],[-49.02441,-10.67881],[-49.02238,-10.67372],[-49.02836,-10.6611],[-49.04672,-10.65176],[-49.05066,-10.66157],[-49.05938,-10.65649],[-49.06819,-10.66067],[-49.07086,-10.65259],[-49.08169,-10.64797],[-49.07802,-10.64696],[-49.07683,-10.62763],[-49.06336,-10.61482],[-49.06427,-10.60375],[-49.0593,-10.60484],[-49.05435,-10.59767],[-49.05427,-10.5924],[-49.07216,-10.57979],[-49.07244,-10.55737],[-49.06446,-10.54865],[-49.07262,-10.53458],[-49.05204,-10.47038]]]},"properties":{"CD_MUN":"1715002","NM_MUN":"Nova Rosalândia","SIGLA_UF":"TO"}},{"type":"Feature","geometry":{"type":"Polygon","coordinates":[[[-48.5271,-7.59489],[-48.51213,-7.59329],[-48.50926,-7.58485],[-48.49107,-7.58528],[-48.47282,-7.57158],[-48.47373,-7.55263],[-48.45532,-7.53322],[-48.45768,-7.52552],[-48.44459,-7.51554],[-48.44479,-7.49842],[-48.43279,-7.50519],[-48.41981,-7.49485],[-48.39009,-7.5009],[-48.37803,-7.48622],[-48.37267,-7.46948],[-48.34006,-7.45836],[-48.33545,-7.44454],[-48.29272,-7.45138],[-48.27867,-7.47023],[-48.2825,-7.48022],[-48.26517,-7.48901],[-48.23648,-7.48842],[-48.21236,-7.469],[-48.192,-7.46274],[-48.17622,-7.44834],[-48.15572,-7.41405],[-48.12152,-7.40515],[-48.10288,-7.40872],[-48.0943,-7.39679],[-48.08002,-7.39114],[-48.07704,-7.37982],[-48.0566,-7.35704],[-48.19637,-7.70105],[-48.18818,-7.70638],[-48.19062,-7.7121],[-48.1719,-7.71995],[-48.16787,-7.74606],[-48.15632,-7.75465],[-48.15392,-7.76725],[-48.14629,-7.76651],[-48.13865,-7.77656],[-48.14146,-7.78345],[-48.13754,-7.79523],[-48.14295,-7.80612],[-48.13951,-7.81227],[-48.14784,-7.82343],[-48.15329,-7.82235],[-48.15174,-7.83396],[-48.15929,-7.82952],[-48.16573,-7.83371],[-48.17237,-7.82846],[-48.1714,-7.82274],[-48.18993,-7.81652],[-48.21682,-7.82879],[-48.23849,-7.8174],[-48.24265,-7.81949],[-48.25599,-7.83709],[-48.26365,-7.88189],[-48.27674,-7.88934],[-48.29263,-7.91646],[-48.30072,-7.91855],[-48.45955,-7.85563],[-48.46891,-7.84657],[-48.47508,-7.85093],[-48.48019,-7.85555],[-48.49891,-7.85291],[-48.49602,-7.82202],[-48.50241,-7.80492],[-48.51297,-7.80171],[-48.50677,-7.79009],[-48.51013,-7.76609],[-48.51777,-7.75009],[-48.5161,-7.73304],[-48.52091,-7.71847],[-48.53443,-7.70195],[-48.52691,-7.69548],[-48.52988,-7.6858],[-48.52107,-7.67878],[-48.51407,-7.66307],[-48.52432,-7.62724],[-48.52396,-7.60657],[-48.53054,-7.59917],[-48.5271,-7.59489]]]},"properties":{"CD_MUN":"1714880","NM_MUN":"Nova Olinda","SIGLA_UF":"TO"}},{"type":"Feature","geometry":{"type":"Polygon","coordinates":[[[-48.87129,-10.62268],[-48.74179,-10.7366],[-48.8096,-10.84267],[-48.80874,-10.85063],[-48.79438,-10.86598],[-48.798,-10.89337],[-48.80591,-10.90817],[-48.81002,-10.93148],[-48.83769,-10.96396],[-48.85364,-10.96629],[-48.85144,-10.93973],[-48.85755,-10.92743],[-48.87108,-10.91779],[-48.86939,-10.88624],[-48.87897,-10.87268],[-48.88427,-10.85313],[-48.89183,-10.846],[-48.99647,-10.84333],[-49.01405,-10.78001],[-49.00919,-10.76911],[-48.98394,-10.76333],[-48.96161,-10.74884],[-48.96516,-10.71033],[-48.96163,-10.67143],[-48.9269,-10.64538],[-48.90846,-10.65392],[-48.89721,-10.64708],[-48.88832,-10.62819],[-48.87129,-10.62268]]]},"properties":{"CD_MUN":"1707553","NM_MUN":"Fátima","SIGLA_UF":"TO"}},{"type":"Feature","geometry":{"type":"Polygon","coordinates":[[[-48.52509,-12.6928],[-48.5161,-12.70064],[-48.50031,-12.69829],[-48.50183,-12.714],[-48.49755,-12.72211],[-48.48764,-12.72437],[-48.48154,-12.71728],[-48.47298,-12.71987],[-48.47087,-12.73055],[-48.44114,-12.77194],[-48.43131,-12.77741],[-48.42732,-12.79236],[-48.41276,-12.80831],[-48.40297,-12.81181],[-48.39135,-12.80674],[-48.38277,-12.81242],[-48.37301,-12.81],[-48.38796,-12.86042],[-48.37451,-12.86239],[-48.35918,-12.84046],[-48.34901,-12.83897],[-48.33733,-12.82795],[-48.32717,-12.8082],[-48.30982,-12.81798],[-48.28891,-12.81884],[-48.27123,-12.82768],[-48.25723,-12.82597],[-48.23774,-12.83307],[-48.2325,-12.82833],[-48.2132,-12.83813],[-48.19642,-12.86414],[-48.18917,-12.90728],[-48.17706,-12.91816],[-48.18122,-12.93238],[-48.16297,-12.96211],[-48.14726,-12.96991],[-48.13923,-12.98849],[-48.14842,-13.00973],[-48.1422,-13.02552],[-48.15265,-13.05221],[-48.12782,-13.10196],[-48.13942,-13.11877],[-48.13923,-13.13662],[-48.14612,-13.15199],[-48.16484,-13.1579],[-48.1734,-13.14808],[-48.18323,-13.15574],[-48.18829,-13.15364],[-48.18629,-13.15799],[-48.19638,-13.16357],[-48.19532,-13.173],[-48.21104,-13.17412],[-48.21637,-13.16857],[-48.22462,-13.1737],[-48.23135,-13.16814],[-48.25035,-13.19697],[-48.26226,-13.19719],[-48.26491,-13.20497],[-48.27952,-13.20663],[-48.27774,-13.19939],[-48.28738,-13.20397],[-48.28827,-13.21557],[-48.30846,-13.22689],[-48.30658,-13.23542],[-48.3161,-13.23456],[-48.31699,-13.22994],[-48.32794,-13.23252],[-48.3416,-13.22838],[-48.34341,-13.2416],[-48.33641,-13.24707],[-48.34169,-13.24976],[-48.35035,-13.24184],[-48.36035,-13.24261],[-48.37355,-13.25587],[-48.37891,-13.25584],[-48.38517,-13.26605],[-48.38791,-13.26106],[-48.39063,-13.26794],[-48.40672,-13.2674],[-48.41619,-13.2747],[-48.42934,-13.27155],[-48.43469,-13.28884],[-48.44119,-13.29234],[-48.44633,-13.28371],[-48.45972,-13.28074],[-48.46138,-13.26315],[-48.45591,-13.25964],[-48.46089,-13.25853],[-48.46022,-13.24956],[-48.45658,-13.24867],[-48.47475,-13.23571],[-48.4713,-13.21153],[-48.47722,-13.19691],[-48.47705,-13.1787],[-48.46808,-13.16233],[-48.47311,-13.13739],[-48.4791,-13.13319],[-48.48007,-13.14188],[-48.48749,-13.14275],[-48.50824,-13.12888],[-48.49769,-13.11334],[-48.48991,-13.07912],[-48.51374,-13.06025],[-48.51146,-13.04402],[-48.52046,-13.02624],[-48.5036,-13.01896],[-48.51324,-13.01459],[-48.50668,-13.00276],[-48.49982,-13.00139],[-48.49677,-12.9955],[-48.50713,-12.99487],[-48.51366,-12.98495],[-48.52802,-12.97678],[-48.54424,-12.98222],[-48.54174,-12.95511],[-48.55804,-12.94823],[-48.56312,-12.93158],[-48.54991,-12.9181],[-48.55012,-12.91103],[-48.55465,-12.9097],[-48.54632,-12.89859],[-48.5471,-12.89171],[-48.53757,-12.89329],[-48.5378,-12.88631],[-48.55168,-12.88069],[-48.55454,-12.86692],[-48.54029,-12.85642],[-48.54484,-12.85255],[-48.54099,-12.84682],[-48.52826,-12.84448],[-48.51742,-12.83409],[-48.51988,-12.82468],[-48.53157,-12.81414],[-48.52773,-12.80805],[-48.51821,-12.80963],[-48.51317,-12.80162],[-48.50081,-12.79856],[-48.5012,-12.78316],[-48.50687,-12.7773],[-48.52623,-12.78131],[-48.52673,-12.77633],[-48.53393,-12.77392],[-48.5287,-12.76954],[-48.53351,-12.76568],[-48.53198,-12.76023],[-48.53976,-12.75819],[-48.5394,-12.74106],[-48.54628,-12.73131],[-48.53667,-12.71803],[-48.53837,-12.70861],[-48.52787,-12.70864],[-48.52381,-12.70364],[-48.52509,-12.6928]]]},"properties":{"CD_MUN":"1715754","NM_MUN":"Palmeirópolis","SIGLA_UF":"TO"}},{"type":"Feature","geometry":{"type":"Polygon","coordinates":[[[-48.0566,-7.35704],[-48.05504,-7.38201],[-48.06462,-7.41994],[-48.06836,-7.42579],[-48.0766,-7.42679],[-48.07691,-7.44789],[-48.10475,-7.48034],[-48.10531,-7.48688],[-48.09594,-7.49977],[-48.08986,-7.51514],[-48.09306,-7.52462],[-48.08219,-7.53742],[-48.08282,-7.5521],[-48.05647,-7.56472],[-48.04571,-7.57638],[-48.04237,-7.57423],[-48.02184,-7.59575],[-48.01174,-7.59325],[-47.98329,-7.60265],[-47.97955,-7.6115],[-47.98324,-7.61189],[-47.98437,-7.62085],[-47.98021,-7.62796],[-47.97379,-7.62693],[-47.97482,-7.63302],[-47.96793,-7.63303],[-47.96411,-7.63901],[-47.95411,-7.63414],[-47.95421,-7.64002],[-47.94331,-7.64239],[-47.94865,-7.65019],[-47.94566,-7.65307],[-47.93773,-7.65295],[-47.93284,-7.65855],[-47.92928,-7.65608],[-47.92899,-7.66175],[-47.91619,-7.66024],[-47.9134,-7.67427],[-47.90257,-7.67933],[-47.89928,-7.67605],[-47.89521,-7.68504],[-47.88908,-7.68046],[-47.87861,-7.7101],[-47.86982,-7.71455],[-47.87183,-7.72596],[-47.86377,-7.73188],[-47.85329,-7.72743],[-47.84868,-7.73538],[-47.83852,-7.73562],[-47.83929,-7.74934],[-47.84853,-7.76078],[-47.83566,-7.76089],[-47.82861,-7.76784],[-47.90003,-7.79758],[-47.90628,-7.81066],[-47.90945,-7.84416],[-47.91723,-7.85879],[-47.93814,-7.87289],[-47.93653,-7.90454],[-47.95287,-7.92639],[-47.95834,-7.94579],[-47.94943,-7.99259],[-47.94623,-8.05194],[-47.98707,-8.07471],[-48.02974,-8.08686],[-48.06705,-8.0908],[-48.10983,-8.08784],[-48.12803,-8.10695],[-48.1533,-8.15524],[-48.16478,-8.15659],[-48.16608,-8.16357],[-48.1848,-8.16481],[-48.18944,-8.16208],[-48.18981,-8.15138],[-48.1968,-8.15436],[-48.21608,-8.14163],[-48.22933,-8.12493],[-48.23761,-8.12419],[-48.23908,-8.13026],[-48.24528,-8.12898],[-48.25395,-8.13713],[-48.26467,-8.13956],[-48.2695,-8.13502],[-48.27833,-8.14171],[-48.28514,-8.13689],[-48.29628,-8.14531],[-48.29944,-8.13795],[-48.30545,-8.13749],[-48.30361,-8.13287],[-48.31773,-8.13357],[-48.32364,-8.12875],[-48.32236,-8.13446],[-48.33819,-8.13371],[-48.34356,-8.124],[-48.35231,-8.13577],[-48.35931,-8.13313],[-48.36078,-8.14155],[-48.36734,-8.13873],[-48.37009,-8.14453],[-48.37781,-8.13789],[-48.3837,-8.126],[-48.41006,-8.12142],[-48.41773,-8.12911],[-48.42745,-8.12065],[-48.42984,-8.12346],[-48.43259,-8.10105],[-48.4284,-8.09308],[-48.43548,-8.08064],[-48.45084,-8.07126],[-48.45109,-8.06129],[-48.44295,-8.04598],[-48.44672,-8.03236],[-48.44061,-8.02313],[-48.44634,-8.01477],[-48.43823,-7.99387],[-48.446,-7.95616],[-48.44183,-7.92506],[-48.4443,-7.90784],[-48.4503,-7.90448],[-48.45269,-7.88083],[-48.46663,-7.8502],[-48.47508,-7.85093],[-48.46891,-7.84657],[-48.45955,-7.85563],[-48.30072,-7.91855],[-48.29263,-7.91646],[-48.27674,-7.88934],[-48.26365,-7.88189],[-48.25599,-7.83709],[-48.24265,-7.81949],[-48.23849,-7.8174],[-48.21682,-7.82879],[-48.18993,-7.81652],[-48.1714,-7.82274],[-48.17237,-7.82846],[-48.16573,-7.83371],[-48.15929,-7.82952],[-48.15174,-7.83396],[-48.15329,-7.82235],[-48.14784,-7.82343],[-48.13951,-7.81227],[-48.14295,-7.80612],[-48.13754,-7.79523],[-48.14146,-7.78345],[-48.13865,-7.77656],[-48.14629,-7.76651],[-48.15392,-7.76725],[-48.15632,-7.75465],[-48.16787,-7.74606],[-48.1719,-7.71995],[-48.19062,-7.7121],[-48.18818,-7.70638],[-48.19637,-7.70105],[-48.0566,-7.35704]]]},"properties":{"CD_MUN":"1715705","NM_MUN":"Palmeirante","SIGLA_UF":"TO"}},{"type":"Feature","geometry":{"type":"Polygon","coordinates":[[[-48.48546,-5.19369],[-48.47107,-5.21024],[-48.45621,-5.24491],[-48.42819,-5.23955],[-48.40687,-5.28485],[-48.40709,-5.31398],[-48.4392,-5.32062],[-48.44971,-5.33699],[-48.45162,-5.34596],[-48.44279,-5.3576],[-48.43954,-5.37948],[-48.44528,-5.39628],[-48.46709,-5.39668],[-48.59584,-5.42242],[-48.62829,-5.40993],[-48.64965,-5.38479],[-48.73604,-5.37383],[-48.74846,-5.36725],[-48.75432,-5.34904],[-48.74009,-5.3527],[-48.7296,-5.34786],[-48.71129,-5.35288],[-48.70362,-5.3446],[-48.69837,-5.31999],[-48.67859,-5.30569],[-48.65062,-5.31131],[-48.62926,-5.33283],[-48.60529,-5.33637],[-48.58328,-5.31117],[-48.56772,-5.28281],[-48.5677,-5.26267],[-48.55689,-5.2238],[-48.52891,-5.19649],[-48.51861,-5.192],[-48.49986,-5.19301],[-48.48546,-5.19369]]]},"properties":{"CD_MUN":"1707405","NM_MUN":"Esperantina","SIGLA_UF":"TO"}},{"type":"Feature","geometry":{"type":"Polygon","coordinates":[[[-49.79865,-10.99696],[-49.79284,-11.00501],[-49.79315,-11.01545],[-49.77245,-11.00668],[-49.76589,-11.02477],[-49.75387,-11.02559],[-49.75009,-11.03771],[-49.7369,-11.03535],[-49.7407,-11.05278],[-49.72981,-11.06223],[-49.72148,-11.06035],[-49.70953,-11.08193],[-49.69637,-11.08954],[-49.69251,-11.10039],[-49.66403,-11.11169],[-49.66151,-11.12065],[-49.65328,-11.12494],[-49.62951,-11.1253],[-49.59701,-11.15778],[-49.58523,-11.16177],[-49.58042,-11.15302],[-49.57256,-11.16176],[-49.56967,-11.15574],[-49.55437,-11.16242],[-49.56187,-11.16584],[-49.55848,-11.17651],[-49.5404,-11.17618],[-49.5407,-11.18371],[-49.5305,-11.18281],[-49.52826,-11.17826],[-49.51919,-11.18344],[-49.51197,-11.17794],[-49.50244,-11.18856],[-49.47745,-11.17557],[-49.45911,-11.18487],[-49.45445,-11.17461],[-49.44178,-11.17376],[-49.42591,-11.19023],[-49.4038,-11.17902],[-49.39064,-11.1847],[-49.38758,-11.20075],[-49.37711,-11.19918],[-49.3688,-11.20614],[-49.36905,-11.21522],[-49.36355,-11.21584],[-49.35864,-11.22499],[-49.36147,-11.23199],[-49.34917,-11.2314],[-49.33881,-11.25116],[-49.32997,-11.25114],[-49.32619,-11.2582],[-49.31442,-11.26198],[-49.31245,-11.27168],[-49.30261,-11.27537],[-49.29556,-11.2954],[-49.27486,-11.29607],[-49.26445,-11.30529],[-49.26278,-11.3091],[-49.27167,-11.32155],[-49.25611,-11.32241],[-49.24734,-11.3359],[-49.23311,-11.32569],[-49.22466,-11.32576],[-49.20528,-11.3461],[-49.18575,-11.32862],[-49.18005,-11.32733],[-49.17333,-11.33302],[-49.16158,-11.32545],[-49.14841,-11.32922],[-49.11458,-11.37773],[-49.11592,-11.3937],[-49.10558,-11.4001],[-49.09283,-11.39488],[-49.08186,-11.39956],[-49.07266,-11.3978],[-49.06388,-11.41255],[-49.05522,-11.4157],[-49.05186,-11.4292],[-49.04514,-11.42935],[-49.03497,-11.44002],[-49.01186,-11.45163],[-49.00724,-11.47112],[-48.99508,-11.48077],[-48.99436,-11.48712],[-48.92508,-11.5348],[-48.90689,-11.55586],[-48.9418,-11.56017],[-48.95933,-11.57402],[-48.97036,-11.59609],[-48.97839,-11.5905],[-48.99309,-11.59337],[-49.00137,-11.60053],[-49.00398,-11.59146],[-49.00986,-11.58894],[-49.02789,-11.5907],[-49.0415,-11.58419],[-49.04818,-11.60615],[-49.05884,-11.60616],[-49.07912,-11.59622],[-49.09684,-11.60315],[-49.09901,-11.62755],[-49.1112,-11.64761],[-49.1091,-11.65567],[-49.12601,-11.65815],[-49.13334,-11.66786],[-49.14515,-11.66353],[-49.16243,-11.67344],[-49.16982,-11.71416],[-49.17954,-11.72751],[-49.17163,-11.73965],[-49.16825,-11.74673],[-49.21644,-11.74324],[-49.22246,-11.73818],[-49.24035,-11.74932],[-49.2523,-11.74536],[-49.26496,-11.75083],[-49.27619,-11.74664],[-49.28888,-11.75337],[-49.3254,-11.74439],[-49.40605,-11.76105],[-49.41286,-11.75069],[-49.42786,-11.7468],[-49.42786,-11.73193],[-49.45463,-11.72124],[-49.45669,-11.70918],[-49.47133,-11.69566],[-49.49074,-11.69096],[-49.49413,-11.68434],[-49.48127,-11.6769],[-49.48466,-11.65486],[-49.49269,-11.65041],[-49.4913,-11.63926],[-49.49647,-11.63073],[-49.49344,-11.6174],[-49.49933,-11.60679],[-49.49333,-11.60461],[-49.49491,-11.59227],[-49.5126,-11.57751],[-49.51918,-11.54954],[-49.52966,-11.55049],[-49.53905,-11.54053],[-49.53783,-11.53008],[-49.55129,-11.52274],[-49.54846,-11.51851],[-49.55307,-11.50882],[-49.56519,-11.502],[-49.57283,-11.51413],[-49.58263,-11.50113],[-49.57883,-11.48997],[-49.57141,-11.4881],[-49.57738,-11.47754],[-49.57696,-11.4623],[-49.58138,-11.46107],[-49.58035,-11.45308],[-49.57293,-11.44803],[-49.57457,-11.42809],[-49.58494,-11.41956],[-49.58518,-11.41349],[-49.59282,-11.41174],[-49.59302,-11.39913],[-49.60296,-11.39668],[-49.60596,-11.38818],[-49.61277,-11.39023],[-49.62038,-11.37941],[-49.62763,-11.37992],[-49.63402,-11.39674],[-49.64299,-11.40089],[-49.6703,-11.39957],[-49.67738,-11.38992],[-49.68094,-11.37952],[-49.69771,-11.36305],[-49.6939,-11.35541],[-49.69946,-11.35182],[-49.70946,-11.35435],[-49.70299,-11.34632],[-49.70627,-11.33818],[-49.71957,-11.33919],[-49.7249,-11.31574],[-49.73465,-11.31446],[-49.72779,-11.30044],[-49.73768,-11.29235],[-49.73471,-11.28508],[-49.7418,-11.28476],[-49.73976,-11.27233],[-49.75099,-11.28239],[-49.74329,-11.26583],[-49.75127,-11.26017],[-49.74282,-11.25893],[-49.76299,-11.25164],[-49.74946,-11.24365],[-49.76107,-11.23939],[-49.75137,-11.23043],[-49.76062,-11.22379],[-49.74851,-11.22224],[-49.7611,-11.20882],[-49.76898,-11.21197],[-49.76401,-11.20014],[-49.75618,-11.20435],[-49.76535,-11.19489],[-49.75821,-11.17915],[-49.76712,-11.1647],[-49.75848,-11.16518],[-49.76479,-11.15943],[-49.76979,-11.14033],[-49.78254,-11.13199],[-49.78373,-11.11794],[-49.79162,-11.12181],[-49.80096,-11.11308],[-49.80304,-11.10222],[-49.82193,-11.09419],[-49.81406,-11.07636],[-49.82806,-11.04535],[-49.81578,-11.04363],[-49.81565,-11.05034],[-49.81059,-11.05166],[-49.81037,-11.04486],[-49.82306,-11.02573],[-49.81648,-11.01181],[-49.80731,-11.00938],[-49.8072,-11.00044],[-49.79865,-10.99696]]]},"properties":{"CD_MUN":"1707306","NM_MUN":"Dueré","SIGLA_UF":"TO"}},{"type":"Feature","geometry":{"type":"Polygon","coordinates":[[[-49.22143,-8.94234],[-49.20757,-8.94262],[-49.19318,-8.93374],[-49.18307,-8.93356],[-49.16884,-8.94544],[-49.14795,-8.95351],[-49.13321,-8.96829],[-49.12473,-8.96955],[-49.11462,-8.98034],[-49.11387,-8.99303],[-49.10979,-8.99566],[-49.09356,-8.99421],[-49.08668,-9.00405],[-49.06982,-9.00798],[-49.06093,-9.01809],[-49.04481,-9.01703],[-49.03623,-9.02161],[-49.02656,-9.04404],[-49.02062,-9.04991],[-49.00576,-9.04948],[-49.00207,-9.05989],[-48.99554,-9.06245],[-48.99184,-9.05815],[-48.97284,-9.05875],[-48.9662,-9.06493],[-48.9357,-9.07374],[-48.93017,-9.08012],[-48.9054,-9.06731],[-48.85959,-9.06596],[-48.84784,-9.07335],[-48.73414,-9.19663],[-48.75128,-9.19999],[-48.74862,-9.23134],[-48.75206,-9.24744],[-48.75598,-9.25638],[-48.77168,-9.26446],[-48.76198,-9.28048],[-48.77009,-9.28911],[-48.76415,-9.30346],[-48.76854,-9.31095],[-48.75818,-9.32107],[-48.75988,-9.3405],[-48.75359,-9.35185],[-48.75971,-9.37542],[-48.74974,-9.3841],[-48.74879,-9.40939],[-48.75315,-9.41135],[-48.75468,-9.40592],[-48.77121,-9.41211],[-48.78551,-9.4073],[-48.79818,-9.41915],[-48.79807,-9.44101],[-48.81424,-9.44992],[-48.81902,-9.46177],[-48.81946,-9.47039],[-48.81025,-9.4847],[-48.82386,-9.50091],[-48.81794,-9.51269],[-48.82928,-9.51933],[-48.82989,-9.53459],[-48.83963,-9.54958],[-48.86422,-9.55962],[-48.87313,-9.58332],[-48.85589,-9.61034],[-48.86139,-9.65074],[-48.85242,-9.65408],[-48.85978,-9.67815],[-48.86873,-9.67875],[-48.87809,-9.6808],[-48.88508,-9.67197],[-48.90542,-9.67683],[-48.90728,-9.66584],[-48.90059,-9.65947],[-48.90464,-9.65599],[-48.91517,-9.65847],[-48.92039,-9.6534],[-48.92292,-9.66284],[-48.94042,-9.65625],[-48.93962,-9.64626],[-48.95526,-9.64719],[-48.95556,-9.62478],[-48.96647,-9.61462],[-48.9707,-9.59757],[-48.9805,-9.59486],[-48.99073,-9.5986],[-48.99578,-9.58871],[-49.0098,-9.58364],[-49.01798,-9.58952],[-49.03528,-9.589],[-49.04556,-9.57406],[-49.07056,-9.5736],[-49.08398,-9.56546],[-49.09473,-9.57369],[-49.10084,-9.56676],[-49.11615,-9.56897],[-49.11967,-9.56314],[-49.13314,-9.56354],[-49.14526,-9.57167],[-49.15276,-9.56964],[-49.1627,-9.5576],[-49.15881,-9.54917],[-49.17545,-9.54329],[-49.18173,-9.51699],[-49.19175,-9.50232],[-49.19831,-9.50071],[-49.207,-9.49138],[-49.22298,-9.49452],[-49.22018,-9.48726],[-49.23134,-9.47543],[-49.23331,-9.46276],[-49.24236,-9.45681],[-49.24931,-9.45838],[-49.24772,-9.4388],[-49.25339,-9.43366],[-49.25445,-9.42016],[-49.26479,-9.41204],[-49.26786,-9.3953],[-49.26234,-9.38522],[-49.26911,-9.37428],[-49.26784,-9.35063],[-49.27831,-9.33363],[-49.29017,-9.32842],[-49.28948,-9.32325],[-49.2982,-9.3175],[-49.31103,-9.31653],[-49.31086,-9.30946],[-49.32514,-9.29782],[-49.32409,-9.28649],[-49.33158,-9.27927],[-49.3325,-9.27076],[-49.33673,-9.2656],[-49.35006,-9.26338],[-49.35164,-9.2536],[-49.3637,-9.24911],[-49.36589,-9.24341],[-49.36008,-9.23506],[-49.36364,-9.23335],[-49.36222,-9.22446],[-49.36733,-9.22303],[-49.37014,-9.1983],[-49.37664,-9.19551],[-49.37428,-9.1869],[-49.39083,-9.17445],[-49.38764,-9.16972],[-49.39378,-9.16086],[-49.39042,-9.15922],[-49.39136,-9.14717],[-49.39519,-9.14601],[-49.39155,-9.14174],[-49.39736,-9.12608],[-49.38619,-9.10937],[-49.39178,-9.10613],[-49.39153,-9.09924],[-49.38247,-9.08046],[-49.38466,-9.07005],[-49.38003,-9.06931],[-49.38699,-9.06009],[-49.3798,-9.05073],[-49.38019,-9.04548],[-49.38566,-9.04495],[-49.37452,-9.02444],[-49.38099,-9.0192],[-49.38122,-9.00328],[-49.38355,-8.98511],[-49.37808,-8.98457],[-49.38155,-8.97886],[-49.37488,-8.96844],[-49.37788,-8.95674],[-49.37229,-8.9485],[-49.37485,-8.94215],[-49.38224,-8.94659],[-49.39215,-8.93906],[-49.39343,-8.93153],[-49.39974,-8.93243],[-49.40382,-8.92364],[-49.39735,-8.91675],[-49.40663,-8.90125],[-49.40224,-8.89264],[-49.37118,-8.91977],[-49.36563,-8.91859],[-49.32835,-8.93675],[-49.3146,-8.93767],[-49.29701,-8.95118],[-49.27012,-8.94631],[-49.2527,-8.95384],[-49.22143,-8.94234]]]},"properties":{"CD_MUN":"1707207","NM_MUN":"Dois Irmãos do Tocantins","SIGLA_UF":"TO"}},{"type":"Feature","geometry":{"type":"Polygon","coordinates":[[[-49.72272,-9.34938],[-49.70801,-9.34085],[-49.69632,-9.32518],[-49.67068,-9.32373],[-49.66102,-9.31576],[-49.62974,-9.3144],[-49.62599,-9.30824],[-49.59715,-9.31539],[-49.58612,-9.32491],[-49.57838,-9.35037],[-49.56596,-9.36405],[-49.56557,-9.40111],[-49.55216,-9.40953],[-49.53901,-9.40762],[-49.53362,-9.4147],[-49.51549,-9.41405],[-49.49826,-9.42585],[-49.48868,-9.42636],[-49.47257,-9.44154],[-49.46335,-9.44133],[-49.43229,-9.47884],[-49.4261,-9.50052],[-49.42426,-9.51662],[-49.40746,-9.52542],[-49.40671,-9.54006],[-49.39273,-9.54867],[-49.3871,-9.55969],[-49.36757,-9.56879],[-49.36321,-9.57626],[-49.35551,-9.57647],[-49.33696,-9.60655],[-49.32535,-9.61133],[-49.31854,-9.62418],[-49.31507,-9.62337],[-49.3081,-9.63958],[-49.30896,-9.65139],[-49.29946,-9.65698],[-49.29791,-9.67216],[-49.26862,-9.69892],[-49.26527,-9.70984],[-49.25721,-9.71078],[-49.24994,-9.71845],[-49.22938,-9.71217],[-49.1996,-9.72829],[-49.1884,-9.72779],[-49.18202,-9.73327],[-49.17624,-9.73048],[-49.16538,-9.74306],[-49.09496,-9.7248],[-49.05401,-9.7226],[-49.03637,-9.72865],[-49.02151,-9.72798],[-48.99943,-9.71766],[-48.97473,-9.71268],[-48.96712,-9.71902],[-48.93984,-9.71825],[-48.93645,-9.73304],[-48.9197,-9.73364],[-48.91131,-9.71474],[-48.90498,-9.72091],[-48.90268,-9.73669],[-48.88353,-9.73974],[-48.88881,-9.76163],[-48.90645,-9.76221],[-48.91601,-9.7537],[-48.91895,-9.74254],[-48.92909,-9.74528],[-48.93117,-9.75962],[-48.93932,-9.76708],[-48.93993,-9.77943],[-48.94648,-9.78834],[-48.94034,-9.80003],[-48.94318,-9.80422],[-48.94995,-9.80278],[-48.9631,-9.81696],[-48.96062,-9.82513],[-48.97101,-9.84085],[-48.96624,-9.85346],[-48.98473,-9.8586],[-49.01221,-9.86012],[-49.00368,-9.87061],[-48.99051,-9.87443],[-48.97051,-9.8699],[-48.96501,-9.87914],[-48.96754,-9.88968],[-48.96315,-9.89021],[-48.96635,-9.89394],[-48.96313,-9.90092],[-48.94446,-9.90425],[-48.94149,-9.91514],[-48.94571,-9.92095],[-48.93824,-9.94164],[-48.94802,-9.9569],[-48.94494,-9.9805],[-49.02352,-10.06324],[-49.03147,-10.04733],[-49.04522,-10.04424],[-49.05244,-10.03069],[-49.0503,-10.01998],[-49.0633,-10.0176],[-49.06719,-10.02415],[-49.09305,-10.02738],[-49.14044,-10.06996],[-49.1752,-10.07205],[-49.18353,-10.0672],[-49.20159,-10.07618],[-49.21011,-10.07414],[-49.21306,-10.07016],[-49.2167,-10.07336],[-49.22122,-10.06459],[-49.23,-10.06681],[-49.24322,-10.05772],[-49.26122,-10.0597],[-49.27792,-10.04865],[-49.2765,-10.04013],[-49.29086,-10.03784],[-49.29231,-10.04166],[-49.30515,-10.03438],[-49.30861,-10.01754],[-49.31781,-10.0048],[-49.35198,-9.98],[-49.36959,-9.97947],[-49.37742,-9.97025],[-49.39756,-9.96025],[-49.59211,-9.57137],[-49.72272,-9.34938]]]},"properties":{"CD_MUN":"1707108","NM_MUN":"Divinópolis do Tocantins","SIGLA_UF":"TO"}},{"type":"Feature","geometry":{"type":"Polygon","coordinates":[[[-48.11283,-12.08714],[-48.1108,-12.0814],[-48.09955,-12.08178],[-48.0933,-12.07481],[-48.07941,-12.07352],[-48.06608,-12.05421],[-48.05816,-12.05364],[-48.05432,-12.06383],[-48.03729,-12.06359],[-48.03074,-12.05153],[-48.03096,-12.04283],[-48.03641,-12.04345],[-48.03343,-12.03843],[-47.99979,-12.05059],[-47.98832,-12.06101],[-47.97802,-12.05301],[-47.95276,-12.05588],[-47.94176,-12.05002],[-47.93007,-12.05668],[-47.9226,-12.06777],[-47.90999,-12.06685],[-47.90685,-12.08082],[-47.88037,-12.09032],[-47.87076,-12.10091],[-47.86824,-12.10867],[-47.87196,-12.11616],[-47.86743,-12.12022],[-47.85174,-12.11709],[-47.84879,-12.12357],[-47.8529,-12.13182],[-47.84899,-12.13685],[-47.85518,-12.1557],[-47.84132,-12.16543],[-47.85451,-12.19039],[-47.85321,-12.20254],[-47.86326,-12.21157],[-47.88102,-12.21998],[-47.88152,-12.23914],[-47.87458,-12.2433],[-47.86955,-12.24258],[-47.86874,-12.22588],[-47.85618,-12.21285],[-47.83285,-12.2185],[-47.81832,-12.21643],[-47.81052,-12.2068],[-47.8139,-12.17488],[-47.80479,-12.15548],[-47.79904,-12.15343],[-47.77534,-12.13384],[-47.76796,-12.13908],[-47.75199,-12.1381],[-47.73429,-12.14405],[-47.72221,-12.15551],[-47.71229,-12.14393],[-47.68776,-12.13399],[-47.67929,-12.13844],[-47.67518,-12.14972],[-47.6582,-12.12951],[-47.63026,-12.18903],[-47.62479,-12.18622],[-47.61137,-12.19278],[-47.60565,-12.20686],[-47.60012,-12.20815],[-47.58976,-12.20836],[-47.57865,-12.1969],[-47.5724,-12.19741],[-47.44564,-12.20638],[-47.29206,-12.4489],[-47.2698,-12.74751],[-47.38744,-13.24056],[-47.39379,-13.24666],[-47.39188,-13.26251],[-47.4156,-13.27031],[-47.4221,-13.28674],[-47.42652,-13.29065],[-47.43199,-13.2885],[-47.43722,-13.27901],[-47.4343,-13.26821],[-47.45454,-13.24936],[-47.44774,-13.24073],[-47.43074,-13.23803],[-47.43149,-13.23305],[-47.44291,-13.22241],[-47.46268,-13.22765],[-47.4851,-13.22213],[-47.48738,-13.20846],[-47.47833,-13.18514],[-47.48913,-13.18255],[-47.50932,-13.18985],[-47.52335,-13.18193],[-47.53252,-13.18379],[-47.54086,-13.19236],[-47.56252,-13.18422],[-47.56793,-13.14952],[-47.5619,-13.12266],[-47.57113,-13.11674],[-47.59238,-13.11665],[-47.61485,-13.10507],[-47.62708,-13.11045],[-47.63516,-13.10371],[-47.63541,-13.1143],[-47.64613,-13.12059],[-47.64496,-13.12857],[-47.65016,-13.13334],[-47.64397,-13.14985],[-47.65135,-13.15009],[-47.65397,-13.15831],[-47.66944,-13.16829],[-47.6548,-13.17786],[-47.65736,-13.19242],[-47.66533,-13.19674],[-47.66052,-13.19821],[-47.66489,-13.2038],[-47.66058,-13.20735],[-47.66836,-13.2094],[-47.66572,-13.21864],[-47.65408,-13.22032],[-47.65692,-13.2347],[-47.64614,-13.24199],[-47.64755,-13.25059],[-47.63994,-13.2632],[-47.65628,-13.27689],[-47.65647,-13.29988],[-47.66167,-13.30384],[-47.65366,-13.31564],[-47.64959,-13.35124],[-47.63672,-13.36479],[-47.6222,-13.36765],[-47.62664,-13.38438],[-47.63839,-13.39103],[-47.64245,-13.40296],[-47.65406,-13.41504],[-47.6569,-13.42869],[-47.67531,-13.44925],[-47.67845,-13.4677],[-47.80126,-13.32798],[-47.82068,-13.31259],[-47.84392,-13.31862],[-47.86081,-13.31437],[-47.88304,-13.3205],[-47.89265,-13.30723],[-47.90165,-13.3118],[-47.90776,-13.29892],[-47.91948,-13.29876],[-47.92379,-13.29141],[-47.92937,-13.29454],[-47.93534,-13.29071],[-47.94329,-13.30705],[-47.94754,-13.3053],[-47.96579,-13.31525],[-47.98626,-13.27685],[-48.02379,-13.27918],[-48.02857,-13.27146],[-48.03221,-13.27398],[-48.03373,-13.26583],[-48.02846,-13.26439],[-48.0326,-13.25397],[-48.05193,-13.2558],[-48.05446,-13.23894],[-48.05835,-13.24065],[-48.06193,-13.23538],[-48.0786,-13.24294],[-48.07177,-13.2676],[-48.07685,-13.26641],[-48.07754,-13.28199],[-48.08249,-13.28877],[-48.11782,-13.29072],[-48.12135,-13.29742],[-48.14405,-13.3054],[-48.1558,-13.303],[-48.15702,-13.31051],[-48.15949,-13.30244],[-48.16488,-13.30577],[-48.1693,-13.29932],[-48.15321,-13.27918],[-48.15596,-13.25027],[-48.16813,-13.2436],[-48.16651,-13.23265],[-48.15279,-13.21965],[-48.16215,-13.20702],[-48.16524,-13.18998],[-48.14612,-13.15199],[-48.13923,-13.13662],[-48.13942,-13.11877],[-48.12782,-13.10196],[-48.15265,-13.05221],[-48.1422,-13.02552],[-48.14842,-13.00973],[-48.13923,-12.98849],[-48.14726,-12.96991],[-48.16297,-12.96211],[-48.18122,-12.93238],[-48.17706,-12.91816],[-48.18917,-12.90728],[-48.19642,-12.86414],[-48.2132,-12.83813],[-48.2325,-12.82833],[-48.24039,-12.79189],[-48.22542,-12.76364],[-48.22427,-12.74869],[-48.2433,-12.74061],[-48.2625,-12.74702],[-48.26978,-12.73695],[-48.26764,-12.72545],[-48.24555,-12.70735],[-48.23991,-12.68471],[-48.24425,-12.6779],[-48.24866,-12.68505],[-48.27783,-12.68203],[-48.28586,-12.67631],[-48.29091,-12.66108],[-48.2713,-12.63338],[-48.27458,-12.60139],[-48.25474,-12.59933],[-48.25288,-12.5948],[-48.28966,-12.56268],[-48.23954,-12.54317],[-48.22863,-12.52824],[-48.23646,-12.50131],[-48.20593,-12.4769],[-48.20993,-12.46753],[-48.21959,-12.46187],[-48.24979,-12.46084],[-48.2614,-12.45575],[-48.26723,-12.44731],[-48.26432,-12.4383],[-48.24446,-12.42152],[-48.23106,-12.39025],[-48.23373,-12.37796],[-48.25173,-12.36407],[-48.2562,-12.35516],[-48.25576,-12.31536],[-48.31262,-12.26901],[-48.36087,-12.2402],[-48.36751,-12.21917],[-48.35406,-12.21183],[-48.35201,-12.19376],[-48.11244,-12.13182],[-48.11283,-12.08714]]]},"properties":{"CD_MUN":"1716208","NM_MUN":"Paranã","SIGLA_UF":"TO"}},{"type":"Feature","geometry":{"type":"Polygon","coordinates":[[[-48.80474,-10.05031],[-48.77735,-10.02801],[-48.75421,-10.03628],[-48.74104,-10.03229],[-48.72629,-10.04427],[-48.72473,-10.06069],[-48.70765,-10.07503],[-48.70599,-10.08283],[-48.66957,-10.09204],[-48.67579,-10.12284],[-48.69063,-10.14578],[-48.69935,-10.18841],[-48.68791,-10.20946],[-48.69157,-10.2236],[-48.68168,-10.22524],[-48.66127,-10.24855],[-48.6468,-10.24873],[-48.64385,-10.24402],[-48.63755,-10.25654],[-48.62435,-10.26044],[-48.61885,-10.27549],[-48.59633,-10.29036],[-48.60374,-10.30588],[-48.59513,-10.32283],[-48.60521,-10.33127],[-48.61399,-10.33145],[-48.62041,-10.32583],[-48.62555,-10.33082],[-48.62252,-10.33481],[-48.62627,-10.34343],[-48.64724,-10.34714],[-48.65441,-10.35639],[-48.65908,-10.35422],[-48.66183,-10.37027],[-48.67355,-10.37562],[-48.68133,-10.37136],[-48.69436,-10.38306],[-48.69663,-10.37743],[-48.69619,-10.39276],[-48.70728,-10.39258],[-48.70553,-10.40147],[-48.75895,-10.41461],[-48.76464,-10.4235],[-48.75739,-10.43575],[-48.76325,-10.44654],[-48.76831,-10.45996],[-48.77792,-10.45751],[-48.78592,-10.46767],[-48.79462,-10.46313],[-48.80845,-10.47002],[-48.80223,-10.48726],[-48.80526,-10.48998],[-48.84198,-10.51045],[-48.85045,-10.52263],[-48.86665,-10.52958],[-48.87968,-10.54241],[-48.88692,-10.53855],[-48.89818,-10.5443],[-48.92132,-10.53242],[-48.9251,-10.52519],[-48.93535,-10.52359],[-48.93979,-10.51627],[-48.94071,-10.47829],[-48.98148,-10.45294],[-48.96331,-10.4281],[-48.96229,-10.41667],[-48.98176,-10.37901],[-48.97709,-10.37284],[-48.97864,-10.35887],[-48.98631,-10.34979],[-48.99028,-10.29063],[-48.99247,-10.28773],[-49.00479,-10.29385],[-49.00631,-10.28053],[-49.0134,-10.27686],[-49.00939,-10.25382],[-49.02478,-10.25327],[-49.03267,-10.23275],[-49.03753,-10.23269],[-49.03853,-10.21919],[-49.06308,-10.19731],[-49.06709,-10.18474],[-49.07937,-10.18127],[-49.10892,-10.14891],[-49.10028,-10.14043],[-49.07467,-10.13829],[-49.06375,-10.14385],[-49.058,-10.14155],[-49.05053,-10.15165],[-49.04367,-10.15152],[-49.04225,-10.14408],[-49.02906,-10.14972],[-49.03158,-10.1413],[-49.024,-10.13791],[-49.02342,-10.12902],[-49.01783,-10.13153],[-49.0058,-10.12068],[-48.99294,-10.13142],[-48.98114,-10.13334],[-48.97397,-10.12164],[-48.96335,-10.12791],[-48.9433,-10.12966],[-48.94808,-10.12376],[-48.94578,-10.11705],[-48.93514,-10.11016],[-48.9288,-10.09575],[-48.91699,-10.09476],[-48.91233,-10.08342],[-48.89454,-10.06938],[-48.89327,-10.06203],[-48.88594,-10.07229],[-48.87552,-10.07384],[-48.86241,-10.06442],[-48.85454,-10.0627],[-48.84641,-10.06806],[-48.8356,-10.0638],[-48.82898,-10.05419],[-48.82085,-10.05982],[-48.80921,-10.04813],[-48.80474,-10.05031]]]},"properties":{"CD_MUN":"1716109","NM_MUN":"Paraíso do Tocantins","SIGLA_UF":"TO"}},{"type":"Feature","geometry":{"type":"Polygon","coordinates":[[[-48.0566,-7.35704],[-48.05543,-7.35338],[-48.04529,-7.35538],[-48.0361,-7.37199],[-48.01379,-7.38707],[-48.01229,-7.39909],[-47.99299,-7.39508],[-47.97235,-7.41974],[-47.96274,-7.41433],[-47.95171,-7.39373],[-47.93624,-7.39042],[-47.93029,-7.39615],[-47.92862,-7.39012],[-47.91671,-7.38375],[-47.89751,-7.39345],[-47.89282,-7.38124],[-47.88307,-7.38315],[-47.87387,-7.37229],[-47.86573,-7.3825],[-47.85668,-7.37896],[-47.8481,-7.38393],[-47.83737,-7.36477],[-47.8204,-7.36854],[-47.79662,-7.36223],[-47.78998,-7.35249],[-47.78334,-7.36077],[-47.76537,-7.35469],[-47.75745,-7.34371],[-47.74967,-7.34458],[-47.75265,-7.33466],[-47.74759,-7.33087],[-47.74853,-7.32298],[-47.73339,-7.32245],[-47.72175,-7.30747],[-47.72153,-7.29608],[-47.69714,-7.2856],[-47.69564,-7.27005],[-47.68172,-7.26707],[-47.6822,-7.26253],[-47.67369,-7.25971],[-47.65314,-7.29812],[-47.64167,-7.30539],[-47.62628,-7.3008],[-47.59933,-7.26665],[-47.53938,-7.2657],[-47.499,-7.29377],[-47.48227,-7.32171],[-47.47817,-7.34699],[-47.48966,-7.3726],[-47.52283,-7.39265],[-47.56881,-7.41043],[-47.58256,-7.42275],[-47.5902,-7.43943],[-47.63287,-7.50141],[-47.62162,-7.53346],[-47.63193,-7.5769],[-47.6289,-7.61859],[-47.64138,-7.64323],[-47.67582,-7.67747],[-47.72307,-7.69979],[-47.77497,-7.73798],[-47.78539,-7.752],[-47.81524,-7.75931],[-47.82861,-7.76784],[-47.83566,-7.76089],[-47.84853,-7.76078],[-47.83929,-7.74934],[-47.83852,-7.73562],[-47.84868,-7.73538],[-47.85329,-7.72743],[-47.86377,-7.73188],[-47.87183,-7.72596],[-47.86982,-7.71455],[-47.87861,-7.7101],[-47.88908,-7.68046],[-47.89521,-7.68504],[-47.89928,-7.67605],[-47.90257,-7.67933],[-47.9134,-7.67427],[-47.91619,-7.66024],[-47.92899,-7.66175],[-47.92928,-7.65608],[-47.93284,-7.65855],[-47.93773,-7.65295],[-47.94566,-7.65307],[-47.94865,-7.65019],[-47.94331,-7.64239],[-47.95421,-7.64002],[-47.95411,-7.63414],[-47.96411,-7.63901],[-47.96793,-7.63303],[-47.97482,-7.63302],[-47.97379,-7.62693],[-47.98021,-7.62796],[-47.98437,-7.62085],[-47.98324,-7.61189],[-47.97955,-7.6115],[-47.98329,-7.60265],[-48.01174,-7.59325],[-48.02184,-7.59575],[-48.04237,-7.57423],[-48.04571,-7.57638],[-48.05647,-7.56472],[-48.08282,-7.5521],[-48.08219,-7.53742],[-48.09306,-7.52462],[-48.08986,-7.51514],[-48.09594,-7.49977],[-48.10531,-7.48688],[-48.10475,-7.48034],[-48.07691,-7.44789],[-48.0766,-7.42679],[-48.06836,-7.42579],[-48.06462,-7.41994],[-48.05504,-7.38201],[-48.0566,-7.35704]]]},"properties":{"CD_MUN":"1707702","NM_MUN":"Filadélfia","SIGLA_UF":"TO"}},{"type":"Feature","geometry":{"type":"Polygon","coordinates":[[[-49.00087,-11.96242],[-48.99149,-11.95771],[-48.98673,-11.94171],[-48.97052,-11.95373],[-48.97789,-12.01593],[-48.96299,-12.03982],[-48.966,-12.05402],[-48.93482,-12.0914],[-48.92714,-12.12443],[-48.93718,-12.13746],[-48.95058,-12.14006],[-48.95615,-12.14997],[-48.97309,-12.26526],[-48.98417,-12.26711],[-49.0042,-12.25932],[-49.02367,-12.23258],[-49.03717,-12.22602],[-49.03856,-12.20201],[-49.04995,-12.19263],[-49.056,-12.17535],[-49.07748,-12.19855],[-49.08375,-12.21199],[-49.09279,-12.21457],[-49.09912,-12.24134],[-49.10662,-12.25197],[-49.12303,-12.25467],[-49.14776,-12.24543],[-49.16414,-12.22619],[-49.19168,-12.21116],[-49.20998,-12.19229],[-49.20242,-12.21664],[-49.19373,-12.2244],[-49.19479,-12.23519],[-49.18595,-12.25519],[-49.22234,-12.28823],[-49.23846,-12.31803],[-49.22918,-12.35461],[-49.23849,-12.38293],[-49.2541,-12.39377],[-49.26227,-12.40939],[-49.26013,-12.41573],[-49.26977,-12.426],[-49.26788,-12.43543],[-49.29997,-12.48621],[-49.30716,-12.48723],[-49.31674,-12.50049],[-49.33133,-12.50977],[-49.33572,-12.53306],[-49.34017,-12.53687],[-49.34811,-12.53205],[-49.352,-12.53549],[-49.36211,-12.53331],[-49.37561,-12.53163],[-49.39136,-12.51936],[-49.39431,-12.51135],[-49.41014,-12.5086],[-49.42742,-12.51675],[-49.42997,-12.48528],[-49.4595,-12.48437],[-49.46755,-12.46781],[-49.47559,-12.47118],[-49.47878,-12.48008],[-49.48561,-12.47548],[-49.48653,-12.48626],[-49.49436,-12.48774],[-49.50692,-12.47532],[-49.49528,-12.45991],[-49.51586,-12.4612],[-49.50847,-12.45094],[-49.52258,-12.44067],[-49.51906,-12.43078],[-49.53689,-12.43359],[-49.53772,-12.41863],[-49.55292,-12.40593],[-49.55786,-12.41894],[-49.56633,-12.4236],[-49.57175,-12.41012],[-49.58842,-12.41933],[-49.58464,-12.40744],[-49.59359,-12.40104],[-49.59364,-12.39214],[-49.57628,-12.38482],[-49.59111,-12.37483],[-49.61033,-12.34172],[-49.58966,-12.32687],[-49.57889,-12.32615],[-49.58147,-12.30416],[-49.59053,-12.30384],[-49.59841,-12.29404],[-49.59666,-12.28311],[-49.62253,-12.26849],[-49.64966,-12.27124],[-49.6483,-12.24879],[-49.64369,-12.24523],[-49.63583,-12.24885],[-49.63436,-12.23855],[-49.64302,-12.23876],[-49.64694,-12.22579],[-49.67236,-12.20153],[-49.67646,-12.18175],[-49.69964,-12.17333],[-49.70847,-12.18171],[-49.71558,-12.17788],[-49.71763,-12.16986],[-49.71833,-12.17541],[-49.72241,-12.17406],[-49.73444,-12.15819],[-49.73247,-12.15206],[-49.73758,-12.14337],[-49.73122,-12.13877],[-49.73989,-12.13535],[-49.73505,-12.12934],[-49.74486,-12.12903],[-49.748,-12.12147],[-49.39451,-12.14741],[-49.37912,-12.15207],[-49.35885,-12.14974],[-49.34085,-12.15948],[-49.32059,-12.15279],[-49.28567,-12.15485],[-49.26962,-12.14111],[-49.24556,-12.14138],[-49.22006,-12.11364],[-49.19186,-12.112],[-49.14616,-12.07067],[-49.11736,-12.08515],[-49.09839,-12.08879],[-49.07739,-12.0839],[-49.06658,-12.07216],[-49.06069,-12.02727],[-49.05458,-12.01773],[-49.03535,-12.01076],[-49.02413,-11.98523],[-49.00954,-11.97051],[-49.00963,-11.96235],[-49.00087,-11.96242]]]},"properties":{"CD_MUN":"1707652","NM_MUN":"Figueirópolis","SIGLA_UF":"TO"}},{"type":"Feature","geometry":{"type":"Polygon","coordinates":[[[-48.85712,-8.59744],[-48.84471,-8.59977],[-48.84596,-8.5935],[-48.83915,-8.60325],[-48.82096,-8.59107],[-48.80604,-8.60231],[-48.79874,-8.59816],[-48.77759,-8.60888],[-48.76665,-8.60729],[-48.75457,-8.61924],[-48.75643,-8.62568],[-48.74045,-8.62621],[-48.73604,-8.63449],[-48.7259,-8.63453],[-48.70082,-8.61384],[-48.68445,-8.62717],[-48.67312,-8.62622],[-48.67051,-8.63267],[-48.64229,-8.62144],[-48.63675,-8.6349],[-48.64717,-8.65746],[-48.6619,-8.66476],[-48.67657,-8.68549],[-48.67615,-8.69212],[-48.69168,-8.69868],[-48.70702,-8.72186],[-48.68457,-8.74111],[-48.67243,-8.74298],[-48.6687,-8.75108],[-48.65821,-8.7493],[-48.65129,-8.77112],[-48.62243,-8.745],[-48.61781,-8.75636],[-48.60479,-8.76277],[-48.5941,-8.83062],[-48.60079,-8.83287],[-48.61051,-8.84791],[-48.61029,-8.86197],[-48.61729,-8.87811],[-48.63232,-8.88958],[-48.61696,-8.9107],[-48.63546,-8.92189],[-48.62669,-8.94217],[-48.63546,-8.94813],[-48.63705,-8.95584],[-48.64407,-8.95808],[-48.64058,-8.97071],[-48.6481,-8.98394],[-48.64852,-8.99583],[-48.66032,-8.99905],[-48.66177,-9.00734],[-48.64972,-9.0217],[-48.65903,-9.02327],[-48.67336,-9.03696],[-48.67072,-9.05026],[-48.6775,-9.05551],[-48.66111,-9.06048],[-48.67203,-9.07812],[-48.66011,-9.07462],[-48.65328,-9.08115],[-48.65834,-9.11369],[-48.6635,-9.11765],[-48.676,-9.13132],[-48.68511,-9.15592],[-48.69251,-9.15528],[-48.71559,-9.17125],[-48.72337,-9.1689],[-48.72823,-9.17413],[-48.73414,-9.19663],[-48.74198,-9.18528],[-48.7392,-9.17282],[-48.74595,-9.16555],[-48.73836,-9.15113],[-48.74822,-9.15252],[-48.74353,-9.14012],[-48.76197,-9.13282],[-48.76553,-9.12579],[-48.7642,-9.11444],[-48.75428,-9.11277],[-48.76037,-9.09969],[-48.7585,-9.08824],[-48.75231,-9.08753],[-48.75269,-9.05507],[-48.746,-9.05054],[-48.7483,-9.02608],[-48.75422,-9.02779],[-48.75855,-9.02357],[-48.7688,-8.99435],[-48.77608,-8.99369],[-48.77058,-8.98681],[-48.76864,-8.9781],[-48.77586,-8.97771],[-48.78147,-8.96933],[-48.778,-8.9688],[-48.77939,-8.95363],[-48.79177,-8.94595],[-48.80019,-8.92948],[-48.81463,-8.93105],[-48.81,-8.91437],[-48.81685,-8.89818],[-48.81194,-8.87949],[-48.82086,-8.8681],[-48.81183,-8.85652],[-48.81666,-8.84969],[-48.82441,-8.85292],[-48.82597,-8.84856],[-48.83397,-8.86115],[-48.83111,-8.85471],[-48.83463,-8.85161],[-48.82622,-8.8422],[-48.83135,-8.8272],[-48.83469,-8.82319],[-48.84741,-8.83003],[-48.85286,-8.82347],[-48.84627,-8.82187],[-48.84899,-8.81459],[-48.84469,-8.80916],[-48.85783,-8.8091],[-48.85733,-8.80284],[-48.85205,-8.80195],[-48.85769,-8.79838],[-48.86902,-8.80015],[-48.86605,-8.79181],[-48.87455,-8.79567],[-48.88161,-8.78002],[-48.88636,-8.78037],[-48.87963,-8.76669],[-48.88982,-8.76092],[-48.89014,-8.768],[-48.90127,-8.74815],[-48.91438,-8.74401],[-48.9261,-8.71589],[-48.9346,-8.71274],[-48.85712,-8.59744]]]},"properties":{"CD_MUN":"1716703","NM_MUN":"Colméia","SIGLA_UF":"TO"}},{"type":"Feature","geometry":{"type":"Polygon","coordinates":[[[-47.3324,-11.00522],[-47.32673,-10.99594],[-47.3182,-10.99903],[-47.31837,-10.98922],[-47.30258,-10.99792],[-47.29797,-10.98917],[-47.28331,-10.98252],[-47.26789,-10.98369],[-47.26517,-10.978],[-47.25644,-11.00442],[-47.25086,-10.99575],[-47.2442,-11.0005],[-47.23184,-11.00974],[-47.221,-11.00806],[-47.21964,-11.02582],[-47.21278,-11.02316],[-47.19962,-11.03035],[-47.19522,-11.02724],[-47.18994,-11.03692],[-47.1927,-11.0392],[-47.18361,-11.0367],[-47.16889,-11.04542],[-47.15936,-11.04402],[-47.15492,-11.05097],[-47.15809,-11.05915],[-47.14675,-11.06589],[-47.14709,-11.07387],[-47.12867,-11.10541],[-47.10683,-11.10539],[-47.09067,-11.12471],[-47.07144,-11.1314],[-47.06681,-11.13854],[-47.06337,-11.13372],[-47.05381,-11.13403],[-47.0287,-11.15982],[-47.01867,-11.16295],[-47.00722,-11.15572],[-46.99972,-11.16175],[-46.98253,-11.16414],[-46.97053,-11.15355],[-46.96253,-11.15508],[-46.93886,-11.1397],[-46.93389,-11.14072],[-46.92755,-11.13256],[-46.92091,-11.13438],[-46.9073,-11.12276],[-46.88178,-11.12259],[-46.86402,-11.11046],[-46.85325,-11.11267],[-46.84335,-11.09802],[-46.83249,-11.09151],[-46.81166,-11.09721],[-46.79477,-11.09089],[-46.78071,-11.10222],[-46.75968,-11.10183],[-46.74413,-11.12375],[-46.70576,-11.1262],[-46.59927,-11.24987],[-46.61119,-11.25664],[-46.70788,-11.20172],[-46.71999,-11.20298],[-46.72774,-11.1952],[-46.74241,-11.19649],[-46.75727,-11.21721],[-46.77377,-11.2207],[-46.78514,-11.21642],[-46.80633,-11.23205],[-46.81239,-11.25862],[-46.8242,-11.2685],[-46.88756,-11.2994],[-46.90298,-11.33308],[-46.9212,-11.34621],[-46.92473,-11.3556],[-46.92034,-11.36888],[-46.92879,-11.36954],[-46.93337,-11.37622],[-46.96034,-11.37413],[-46.9782,-11.37963],[-46.99562,-11.37025],[-47.00882,-11.36984],[-47.01921,-11.3543],[-47.03904,-11.35332],[-47.04654,-11.35998],[-47.0642,-11.35708],[-47.07601,-11.36402],[-47.09071,-11.36337],[-47.10959,-11.37425],[-47.12079,-11.37258],[-47.1156,-11.38416],[-47.10262,-11.38908],[-47.09887,-11.38462],[-47.09046,-11.3951],[-47.07918,-11.42423],[-47.08896,-11.43452],[-47.07688,-11.44443],[-47.07335,-11.45565],[-47.10154,-11.47501],[-47.08885,-11.49579],[-47.09091,-11.51457],[-47.0821,-11.53297],[-47.14755,-11.618],[-47.14361,-11.6286],[-47.15139,-11.65331],[-47.14508,-11.67053],[-47.15069,-11.68392],[-47.13958,-11.6892],[-47.13328,-11.70578],[-47.15356,-11.73473],[-47.15247,-11.74813],[-47.15572,-11.75853],[-47.16692,-11.76096],[-47.17817,-11.77253],[-47.17692,-11.78856],[-47.18759,-11.79344],[-47.1757,-11.82099],[-47.19914,-11.83172],[-47.20912,-11.84492],[-47.20931,-11.85026],[-47.21159,-11.84672],[-47.22245,-11.84779],[-47.23126,-11.83881],[-47.24884,-11.85208],[-47.26859,-11.84887],[-47.29671,-11.88076],[-47.32863,-11.88277],[-47.33893,-11.88781],[-47.34707,-11.90545],[-47.37966,-11.91614],[-47.39021,-11.94182],[-47.41296,-11.95417],[-47.42179,-11.95423],[-47.42144,-11.9631],[-47.43141,-11.96869],[-47.44252,-11.96866],[-47.4491,-11.95787],[-47.47489,-11.9643],[-47.49452,-11.95447],[-47.4948,-11.94922],[-47.50163,-11.94576],[-47.49872,-11.93734],[-47.52061,-11.91797],[-47.53447,-11.91936],[-47.55286,-11.91092],[-47.55346,-11.90092],[-47.54058,-11.87535],[-47.52266,-11.87594],[-47.52586,-11.86591],[-47.5126,-11.86113],[-47.51188,-11.84679],[-47.4998,-11.84895],[-47.4904,-11.84167],[-47.4836,-11.84648],[-47.47504,-11.84198],[-47.46421,-11.84845],[-47.46465,-11.84021],[-47.45582,-11.83751],[-47.45535,-11.83308],[-47.44873,-11.83418],[-47.4501,-11.8282],[-47.44163,-11.82316],[-47.44343,-11.81555],[-47.43596,-11.80407],[-47.43926,-11.80062],[-47.43457,-11.79683],[-47.43546,-11.78913],[-47.42248,-11.78573],[-47.43724,-11.7645],[-47.43545,-11.75436],[-47.45765,-11.71111],[-47.45412,-11.70025],[-47.44412,-11.70137],[-47.44767,-11.68959],[-47.44051,-11.69106],[-47.44301,-11.67176],[-47.43109,-11.64337],[-47.44042,-11.63239],[-47.43793,-11.62732],[-47.44948,-11.61823],[-47.43317,-11.59808],[-47.43728,-11.59165],[-47.43523,-11.58369],[-47.42873,-11.58433],[-47.42253,-11.56452],[-47.42931,-11.56315],[-47.4302,-11.55282],[-47.44514,-11.53983],[-47.45761,-11.536],[-47.46275,-11.54105],[-47.46475,-11.5329],[-47.45961,-11.52784],[-47.47739,-11.51838],[-47.47451,-11.50012],[-47.47225,-11.48791],[-47.48153,-11.46773],[-47.47828,-11.45331],[-47.48134,-11.44308],[-47.47436,-11.4427],[-47.4685,-11.43451],[-47.47214,-11.4222],[-47.46897,-11.40933],[-47.45953,-11.40548],[-47.46441,-11.39871],[-47.4603,-11.39054],[-47.44716,-11.36956],[-47.43872,-11.3688],[-47.42683,-11.35334],[-47.40705,-11.31838],[-47.39574,-11.2742],[-47.40899,-11.26791],[-47.39618,-11.25961],[-47.38882,-11.26004],[-47.38168,-11.25384],[-47.38174,-11.24641],[-47.37493,-11.24403],[-47.37426,-11.23324],[-47.36265,-11.21697],[-47.37204,-11.21121],[-47.35602,-11.1835],[-47.33465,-11.17616],[-47.31334,-11.15785],[-47.3132,-11.14697],[-47.32046,-11.1325],[-47.31812,-11.12044],[-47.32607,-11.10434],[-47.33609,-11.09831],[-47.3387,-11.08836],[-47.32656,-11.05867],[-47.3324,-11.00522]]]},"properties":{"CD_MUN":"1700400","NM_MUN":"Almas","SIGLA_UF":"TO"}},{"type":"Feature","geometry":{"type":"Polygon","coordinates":[[[-49.44178,-11.17376],[-49.43819,-11.16821],[-49.42589,-11.16891],[-49.4182,-11.16281],[-49.39108,-11.12898],[-49.38188,-11.1266],[-49.37505,-11.11188],[-49.34638,-11.11017],[-49.31766,-11.09674],[-49.29644,-11.0965],[-49.29191,-11.10193],[-49.29324,-11.11872],[-49.2868,-11.12714],[-49.26382,-11.1229],[-49.23799,-11.10476],[-49.22824,-11.10446],[-49.21599,-11.11395],[-49.20751,-11.0955],[-49.19649,-11.08993],[-49.19901,-11.08259],[-49.19026,-11.06305],[-49.18124,-11.06602],[-49.17354,-11.05709],[-49.14985,-11.112],[-49.0721,-11.12071],[-49.05173,-11.13215],[-49.02548,-11.12615],[-49.00829,-11.12799],[-48.99798,-11.12223],[-48.97226,-11.12564],[-48.94115,-11.11419],[-48.9277,-11.09647],[-48.90973,-11.09957],[-48.90004,-11.09536],[-48.88226,-11.10008],[-48.87589,-11.09711],[-48.85381,-11.10866],[-48.84945,-11.10478],[-48.82945,-11.10815],[-48.82075,-11.11755],[-48.81551,-11.11567],[-48.81164,-11.12885],[-48.80289,-11.12553],[-48.7987,-11.13391],[-48.78898,-11.13749],[-48.77717,-11.12793],[-48.76745,-11.13079],[-48.76253,-11.12401],[-48.74958,-11.14223],[-48.74075,-11.13909],[-48.73489,-11.14701],[-48.71889,-11.12513],[-48.71447,-11.12497],[-48.62284,-11.28509],[-48.60128,-11.2762],[-48.60067,-11.28365],[-48.59186,-11.28559],[-48.58303,-11.30359],[-48.57264,-11.30472],[-48.56551,-11.31383],[-48.56564,-11.32644],[-48.54781,-11.34956],[-48.54745,-11.36989],[-48.54193,-11.38331],[-48.56834,-11.39521],[-48.60587,-11.37836],[-48.62726,-11.39125],[-48.63518,-11.39157],[-48.65637,-11.37942],[-48.66229,-11.38574],[-48.68601,-11.38437],[-48.70101,-11.38857],[-48.70381,-11.37821],[-48.72746,-11.35723],[-48.74638,-11.35378],[-48.76596,-11.36866],[-48.7694,-11.37664],[-48.77341,-11.40493],[-48.78385,-11.41813],[-48.77921,-11.42705],[-48.78585,-11.44762],[-48.81222,-11.46128],[-48.86002,-11.47122],[-48.86664,-11.48516],[-48.87438,-11.48875],[-48.88319,-11.54561],[-48.90689,-11.55586],[-48.92508,-11.5348],[-48.99436,-11.48712],[-48.99508,-11.48077],[-49.00724,-11.47112],[-49.01186,-11.45163],[-49.03497,-11.44002],[-49.04514,-11.42935],[-49.05186,-11.4292],[-49.05522,-11.4157],[-49.06388,-11.41255],[-49.07266,-11.3978],[-49.08186,-11.39956],[-49.09283,-11.39488],[-49.10558,-11.4001],[-49.11592,-11.3937],[-49.11458,-11.37773],[-49.14841,-11.32922],[-49.16158,-11.32545],[-49.17333,-11.33302],[-49.18005,-11.32733],[-49.18575,-11.32862],[-49.20528,-11.3461],[-49.22466,-11.32576],[-49.23311,-11.32569],[-49.24734,-11.3359],[-49.25611,-11.32241],[-49.27167,-11.32155],[-49.26278,-11.3091],[-49.26445,-11.30529],[-49.27486,-11.29607],[-49.29556,-11.2954],[-49.30261,-11.27537],[-49.31245,-11.27168],[-49.31442,-11.26198],[-49.32619,-11.2582],[-49.32997,-11.25114],[-49.33881,-11.25116],[-49.34917,-11.2314],[-49.36147,-11.23199],[-49.35864,-11.22499],[-49.36355,-11.21584],[-49.36905,-11.21522],[-49.3688,-11.20614],[-49.37711,-11.19918],[-49.38758,-11.20075],[-49.39064,-11.1847],[-49.4038,-11.17902],[-49.42591,-11.19023],[-49.44178,-11.17376]]]},"properties":{"CD_MUN":"1700350","NM_MUN":"Aliança do Tocantins","SIGLA_UF":"TO"}},{"type":"Feature","geometry":{"type":"Polygon","coordinates":[[[-49.70951,-9.17456],[-49.70389,-9.17115],[-49.7034,-9.16345],[-49.68313,-9.18356],[-49.67513,-9.18224],[-49.6607,-9.20497],[-49.61922,-9.22176],[-49.5974,-9.25987],[-49.57166,-9.26333],[-49.54805,-9.27466],[-49.54019,-9.27118],[-49.53482,-9.26056],[-49.51965,-9.25804],[-49.49563,-9.26974],[-49.45944,-9.27824],[-49.45119,-9.24063],[-49.4333,-9.22799],[-49.42852,-9.21298],[-49.39957,-9.18544],[-49.39481,-9.17248],[-49.39929,-9.16565],[-49.39378,-9.16086],[-49.38764,-9.16972],[-49.39083,-9.17445],[-49.37428,-9.1869],[-49.37664,-9.19551],[-49.37014,-9.1983],[-49.36733,-9.22303],[-49.36222,-9.22446],[-49.36364,-9.23335],[-49.36008,-9.23506],[-49.36589,-9.24341],[-49.3637,-9.24911],[-49.35164,-9.2536],[-49.35006,-9.26338],[-49.33673,-9.2656],[-49.3325,-9.27076],[-49.33158,-9.27927],[-49.32409,-9.28649],[-49.32514,-9.29782],[-49.31086,-9.30946],[-49.31103,-9.31653],[-49.2982,-9.3175],[-49.28948,-9.32325],[-49.29017,-9.32842],[-49.27831,-9.33363],[-49.26784,-9.35063],[-49.26911,-9.37428],[-49.26234,-9.38522],[-49.26786,-9.3953],[-49.26479,-9.41204],[-49.25445,-9.42016],[-49.25339,-9.43366],[-49.24772,-9.4388],[-49.24931,-9.45838],[-49.24236,-9.45681],[-49.23331,-9.46276],[-49.23134,-9.47543],[-49.22018,-9.48726],[-49.22298,-9.49452],[-49.207,-9.49138],[-49.19831,-9.50071],[-49.19175,-9.50232],[-49.18173,-9.51699],[-49.17545,-9.54329],[-49.15881,-9.54917],[-49.1627,-9.5576],[-49.15276,-9.56964],[-49.14526,-9.57167],[-49.13314,-9.56354],[-49.11967,-9.56314],[-49.11615,-9.56897],[-49.10084,-9.56676],[-49.09473,-9.57369],[-49.08398,-9.56546],[-49.07056,-9.5736],[-49.04556,-9.57406],[-49.03528,-9.589],[-49.01798,-9.58952],[-49.0098,-9.58364],[-48.99578,-9.58871],[-48.99073,-9.5986],[-48.9805,-9.59486],[-48.9707,-9.59757],[-48.96647,-9.61462],[-48.95556,-9.62478],[-48.95526,-9.64719],[-48.93962,-9.64626],[-48.94042,-9.65625],[-48.92292,-9.66284],[-48.92039,-9.6534],[-48.91517,-9.65847],[-48.90464,-9.65599],[-48.90059,-9.65947],[-48.90728,-9.66584],[-48.90542,-9.67683],[-48.88508,-9.67197],[-48.87809,-9.6808],[-48.86873,-9.67875],[-48.86714,-9.6956],[-48.86203,-9.70003],[-48.86842,-9.70912],[-48.86564,-9.71393],[-48.91131,-9.71474],[-48.9197,-9.73364],[-48.93645,-9.73304],[-48.93984,-9.71825],[-48.96712,-9.71902],[-48.97473,-9.71268],[-48.99943,-9.71766],[-49.02151,-9.72798],[-49.03637,-9.72865],[-49.05401,-9.7226],[-49.09496,-9.7248],[-49.16538,-9.74306],[-49.17624,-9.73048],[-49.18202,-9.73327],[-49.1884,-9.72779],[-49.1996,-9.72829],[-49.22938,-9.71217],[-49.24994,-9.71845],[-49.25721,-9.71078],[-49.26527,-9.70984],[-49.26862,-9.69892],[-49.29791,-9.67216],[-49.29946,-9.65698],[-49.30896,-9.65139],[-49.3081,-9.63958],[-49.31507,-9.62337],[-49.31854,-9.62418],[-49.32535,-9.61133],[-49.33696,-9.60655],[-49.35551,-9.57647],[-49.36321,-9.57626],[-49.36757,-9.56879],[-49.3871,-9.55969],[-49.39273,-9.54867],[-49.40671,-9.54006],[-49.40746,-9.52542],[-49.42426,-9.51662],[-49.4261,-9.50052],[-49.43229,-9.47884],[-49.46335,-9.44133],[-49.47257,-9.44154],[-49.48868,-9.42636],[-49.49826,-9.42585],[-49.51549,-9.41405],[-49.53362,-9.4147],[-49.53901,-9.40762],[-49.55216,-9.40953],[-49.56557,-9.40111],[-49.56596,-9.36405],[-49.57838,-9.35037],[-49.58612,-9.32491],[-49.59715,-9.31539],[-49.62599,-9.30824],[-49.62974,-9.3144],[-49.66102,-9.31576],[-49.67068,-9.32373],[-49.69632,-9.32518],[-49.70801,-9.34085],[-49.72272,-9.34938],[-49.73121,-9.3468],[-49.71722,-9.31263],[-49.72406,-9.31138],[-49.72236,-9.30188],[-49.7064,-9.29424],[-49.72178,-9.28355],[-49.72497,-9.26958],[-49.71486,-9.26121],[-49.70573,-9.24273],[-49.70425,-9.2321],[-49.71466,-9.22042],[-49.70132,-9.21144],[-49.70102,-9.1996],[-49.72004,-9.18551],[-49.70951,-9.17456]]]},"properties":{"CD_MUN":"1700251","NM_MUN":"Abreulândia","SIGLA_UF":"TO"}},{"type":"Feature","geometry":{"type":"Polygon","coordinates":[[[-49.00841,-8.08507],[-49.00169,-8.08465],[-48.97525,-8.10552],[-48.94069,-8.10244],[-48.92752,-8.11682],[-48.92255,-8.1125],[-48.90708,-8.11261],[-48.89599,-8.10224],[-48.87274,-8.11415],[-48.85966,-8.11193],[-48.85352,-8.12393],[-48.84296,-8.13126],[-48.82752,-8.12656],[-48.81738,-8.12953],[-48.79977,-8.10884],[-48.78349,-8.09968],[-48.78274,-8.11011],[-48.77543,-8.11991],[-48.77443,-8.11047],[-48.76802,-8.11421],[-48.76316,-8.11134],[-48.76132,-8.11922],[-48.7656,-8.11917],[-48.76574,-8.1238],[-48.7646,-8.12742],[-48.75927,-8.12536],[-48.7541,-8.1488],[-48.73835,-8.14618],[-48.74321,-8.15259],[-48.73805,-8.16732],[-48.73136,-8.17088],[-48.73371,-8.17952],[-48.72729,-8.18326],[-48.71796,-8.17971],[-48.70593,-8.18783],[-48.71005,-8.1965],[-48.69796,-8.21051],[-48.7018,-8.21564],[-48.763,-8.23346],[-48.85562,-8.40974],[-48.91701,-8.49551],[-48.91982,-8.5076],[-48.91151,-8.50892],[-48.90862,-8.53654],[-48.89763,-8.53959],[-48.90623,-8.54972],[-48.90271,-8.55346],[-48.89996,-8.55057],[-48.89732,-8.55639],[-48.89376,-8.55277],[-48.89406,-8.56049],[-48.88676,-8.56134],[-48.88151,-8.57081],[-48.88229,-8.57944],[-48.87182,-8.58112],[-48.87293,-8.58792],[-48.85712,-8.59744],[-48.9346,-8.71274],[-48.94574,-8.71507],[-48.94841,-8.69935],[-48.95705,-8.69713],[-48.96944,-8.70805],[-48.97158,-8.69778],[-48.97666,-8.69494],[-48.97244,-8.69087],[-48.98849,-8.68526],[-48.99135,-8.67598],[-49.00488,-8.6743],[-49.00827,-8.66777],[-49.03094,-8.66913],[-49.03313,-8.66333],[-49.05696,-8.65708],[-49.06163,-8.64919],[-49.07038,-8.6472],[-49.06991,-8.64321],[-49.07966,-8.64719],[-49.07958,-8.64375],[-49.0873,-8.64655],[-49.09369,-8.64139],[-49.09761,-8.64619],[-49.1058,-8.6461],[-49.10661,-8.65299],[-49.11455,-8.65888],[-49.11872,-8.64818],[-49.05057,-8.54443],[-49.05185,-8.53845],[-49.03601,-8.53065],[-49.01479,-8.50365],[-48.99093,-8.49584],[-48.98659,-8.46513],[-48.97643,-8.45449],[-48.97517,-8.19208],[-48.98597,-8.17885],[-48.99297,-8.1782],[-48.99161,-8.16113],[-48.99725,-8.15429],[-48.98363,-8.139],[-48.98755,-8.10564],[-49.00536,-8.09369],[-49.00841,-8.08507]]]},"properties":{"CD_MUN":"1716653","NM_MUN":"Pequizeiro","SIGLA_UF":"TO"}},{"type":"Feature","geometry":{"type":"Polygon","coordinates":[[[-48.54193,-11.38331],[-48.51275,-11.39144],[-48.47837,-11.3633],[-48.47673,-11.36781],[-48.47228,-11.36409],[-48.46984,-11.36694],[-48.48173,-11.39193],[-48.48167,-11.40916],[-48.46742,-11.42637],[-48.46165,-11.4579],[-48.47484,-11.47675],[-48.45981,-11.50044],[-48.45784,-11.50831],[-48.46379,-11.52838],[-48.45857,-11.52978],[-48.4557,-11.54208],[-48.42631,-11.56817],[-48.42804,-11.58629],[-48.42409,-11.59788],[-48.41751,-11.60046],[-48.4204,-11.60923],[-48.41493,-11.61771],[-48.40351,-11.62026],[-48.40818,-11.63463],[-48.39838,-11.63323],[-48.39532,-11.64059],[-48.38215,-11.64329],[-48.38432,-11.65255],[-48.38215,-11.66358],[-48.37568,-11.66777],[-48.37873,-11.67629],[-48.37496,-11.68161],[-48.3841,-11.70596],[-48.37585,-11.71487],[-48.37849,-11.71962],[-48.37338,-11.73298],[-48.3791,-11.73862],[-48.37596,-11.74573],[-48.37974,-11.75014],[-48.37899,-11.76785],[-48.37496,-11.78307],[-48.36846,-11.78601],[-48.36382,-11.79842],[-48.36574,-11.81801],[-48.3601,-11.82141],[-48.36013,-11.84078],[-48.35644,-11.84589],[-48.34513,-11.84494],[-48.33582,-11.85491],[-48.34685,-11.86671],[-48.34838,-11.88444],[-48.33944,-11.89613],[-48.33844,-11.90843],[-48.34255,-11.91053],[-48.33705,-11.91333],[-48.33519,-11.92315],[-48.32819,-11.92514],[-48.31841,-11.94019],[-48.30972,-11.93818],[-48.30261,-11.9432],[-48.30116,-11.95255],[-48.29188,-11.95861],[-48.28244,-11.95574],[-48.25924,-11.97897],[-48.22108,-11.99856],[-48.21708,-12.00866],[-48.21991,-12.01676],[-48.20774,-12.03101],[-48.21567,-12.04335],[-48.21208,-12.05672],[-48.20224,-12.06139],[-48.19853,-12.05762],[-48.19344,-12.0648],[-48.1833,-12.06647],[-48.17077,-12.04826],[-48.15736,-12.0574],[-48.15852,-12.06594],[-48.14647,-12.06514],[-48.14583,-12.07165],[-48.11283,-12.08714],[-48.11244,-12.13182],[-48.35201,-12.19376],[-48.35406,-12.21183],[-48.36751,-12.21917],[-48.36087,-12.2402],[-48.3879,-12.23757],[-48.39504,-12.24084],[-48.38876,-12.24193],[-48.39693,-12.25156],[-48.39304,-12.26067],[-48.40479,-12.26943],[-48.39243,-12.2835],[-48.39001,-12.29307],[-48.39499,-12.29931],[-48.38662,-12.30481],[-48.38784,-12.30918],[-48.39871,-12.31114],[-48.3929,-12.31686],[-48.39685,-12.32535],[-48.3944,-12.34136],[-48.3839,-12.355],[-48.38988,-12.36976],[-48.38613,-12.37379],[-48.39949,-12.3804],[-48.39132,-12.39063],[-48.39613,-12.40393],[-48.40821,-12.40935],[-48.40419,-12.41527],[-48.40824,-12.4214],[-48.42674,-12.41802],[-48.42938,-12.42712],[-48.4388,-12.42661],[-48.4418,-12.43626],[-48.45933,-12.44846],[-48.45652,-12.47253],[-48.4623,-12.48213],[-48.45511,-12.48938],[-48.45649,-12.50039],[-48.46544,-12.53627],[-48.47255,-12.54233],[-48.46511,-12.55649],[-48.45672,-12.55723],[-48.45703,-12.573],[-48.47355,-12.58275],[-48.47519,-12.60785],[-48.50639,-12.60993],[-48.50995,-12.61666],[-48.51456,-12.61514],[-48.52422,-12.63261],[-48.53069,-12.63233],[-48.53093,-12.6217],[-48.53774,-12.61197],[-48.57229,-12.61257],[-48.58156,-12.59549],[-48.64408,-12.60653],[-48.68409,-12.59355],[-48.68927,-12.61554],[-48.70198,-12.6197],[-48.72726,-12.65029],[-48.74218,-12.6492],[-48.75331,-12.65385],[-48.76609,-12.64575],[-48.78874,-12.66702],[-48.77887,-12.67671],[-48.7905,-12.6857],[-48.77785,-12.7069],[-48.78306,-12.71788],[-48.77054,-12.72655],[-48.77472,-12.73206],[-48.77103,-12.73886],[-48.7802,-12.742],[-48.80208,-12.73598],[-48.81078,-12.71864],[-48.81951,-12.73699],[-48.8357,-12.74204],[-48.83283,-12.75154],[-48.81291,-12.77049],[-48.81567,-12.78098],[-48.81111,-12.79289],[-48.81654,-12.80046],[-48.82108,-12.80205],[-48.82434,-12.79],[-48.85326,-12.78518],[-48.86946,-12.80466],[-48.8735,-12.80736],[-48.86802,-12.81585],[-48.87935,-12.81908],[-48.97512,-12.95717],[-48.97967,-12.94821],[-49.00436,-12.93251],[-49.00936,-12.91668],[-49.0225,-12.90709],[-49.03303,-12.90342],[-49.04953,-12.91295],[-49.05297,-12.90858],[-49.07831,-12.90353],[-49.08726,-12.88786],[-49.08042,-12.88391],[-49.08478,-12.87911],[-49.07337,-12.86952],[-49.07181,-12.85273],[-49.06684,-12.84718],[-49.0617,-12.84643],[-49.05956,-12.83895],[-49.07083,-12.83395],[-49.0615,-12.82613],[-49.05339,-12.80937],[-49.03439,-12.80541],[-49.03317,-12.79777],[-49.02194,-12.80006],[-49.02308,-12.77906],[-49.03,-12.77106],[-49.0268,-12.76537],[-49.04716,-12.75087],[-49.0408,-12.74302],[-49.01955,-12.73603],[-49.01997,-12.70197],[-49.01155,-12.69879],[-49.00872,-12.68957],[-48.99989,-12.68727],[-48.99055,-12.68457],[-48.99585,-12.67898],[-48.99322,-12.66727],[-48.98971,-12.66716],[-48.99483,-12.65984],[-48.99657,-12.63338],[-48.98946,-12.63426],[-48.98871,-12.61903],[-48.98057,-12.61719],[-48.97288,-12.60337],[-48.99415,-12.5488],[-48.98526,-12.53073],[-48.9971,-12.52434],[-49.00182,-12.50366],[-48.99757,-12.49548],[-48.98751,-12.49352],[-48.99743,-12.48732],[-48.99615,-12.48288],[-48.9824,-12.4818],[-48.99235,-12.47316],[-48.99682,-12.44436],[-49.00926,-12.4387],[-49.00537,-12.42609],[-49.00015,-12.42326],[-48.98432,-12.42091],[-48.9784,-12.42441],[-48.96662,-12.40604],[-48.95709,-12.41206],[-48.94792,-12.39878],[-48.93053,-12.39551],[-48.93075,-12.37177],[-48.94267,-12.36667],[-48.92203,-12.35151],[-48.93476,-12.33599],[-48.92556,-12.32787],[-48.91125,-12.33232],[-48.90273,-12.32376],[-48.91063,-12.29543],[-48.89116,-12.2946],[-48.88349,-12.2891],[-48.87219,-12.29675],[-48.86122,-12.29035],[-48.86003,-12.2835],[-48.83898,-12.29061],[-48.83594,-12.26089],[-48.78056,-12.19706],[-48.76293,-11.97667],[-48.75065,-11.96682],[-48.7454,-11.94603],[-48.72242,-11.9393],[-48.71784,-11.93067],[-48.70551,-11.9336],[-48.69885,-11.92404],[-48.7099,-11.91912],[-48.72939,-11.88504],[-48.75947,-11.878],[-48.76612,-11.87041],[-48.77807,-11.87075],[-48.77559,-11.85011],[-48.77907,-11.84015],[-48.80867,-11.81313],[-48.82093,-11.78562],[-48.83488,-11.77603],[-48.83506,-11.7754],[-48.83267,-11.76972],[-48.82456,-11.77231],[-48.81512,-11.76556],[-48.81837,-11.7556],[-48.81028,-11.75357],[-48.8082,-11.74431],[-48.78347,-11.7365],[-48.76348,-11.74375],[-48.75433,-11.73455],[-48.75703,-11.72776],[-48.74583,-11.72073],[-48.74978,-11.70425],[-48.73453,-11.69892],[-48.73645,-11.68741],[-48.72533,-11.68328],[-48.73014,-11.67305],[-48.72486,-11.66297],[-48.70741,-11.65699],[-48.72505,-11.64166],[-48.72177,-11.61527],[-48.71316,-11.61223],[-48.71539,-11.60517],[-48.71055,-11.59563],[-48.71816,-11.58188],[-48.70561,-11.57457],[-48.71199,-11.56463],[-48.70066,-11.55261],[-48.69157,-11.55039],[-48.68805,-11.53895],[-48.67985,-11.53709],[-48.67254,-11.52682],[-48.6779,-11.52394],[-48.66146,-11.52069],[-48.65857,-11.51125],[-48.66299,-11.51091],[-48.65913,-11.50762],[-48.65315,-11.50796],[-48.64463,-11.52124],[-48.63713,-11.51713],[-48.63754,-11.52203],[-48.63324,-11.51802],[-48.62671,-11.52016],[-48.60676,-11.5004],[-48.58121,-11.46349],[-48.58995,-11.41989],[-48.56834,-11.39521],[-48.54193,-11.38331]]]},"properties":{"CD_MUN":"1716604","NM_MUN":"Peixe","SIGLA_UF":"TO"}},{"type":"Feature","geometry":{"type":"Polygon","coordinates":[[[-48.25875,-9.10385],[-48.22926,-9.06595],[-48.20326,-9.04513],[-48.1882,-9.02615],[-48.17992,-8.99525],[-48.17819,-8.9566],[-48.15925,-8.98316],[-48.1445,-8.98427],[-48.13836,-8.99169],[-48.1389,-9.00712],[-48.10404,-9.06076],[-48.09951,-9.05992],[-48.10152,-9.05531],[-48.09486,-9.0548],[-48.09415,-9.06504],[-48.08395,-9.065],[-48.08003,-9.07834],[-48.07419,-9.07342],[-48.06274,-9.08475],[-48.04957,-9.08149],[-48.04938,-9.0864],[-48.04329,-9.08643],[-48.03677,-9.09748],[-48.03226,-9.09767],[-48.03089,-9.10484],[-48.02589,-9.10371],[-48.02185,-9.11496],[-48.00895,-9.11794],[-47.99997,-9.13051],[-47.99423,-9.12924],[-47.99797,-9.12342],[-47.99175,-9.11781],[-47.97587,-9.12242],[-47.97378,-9.11774],[-47.96178,-9.11558],[-47.93371,-9.12777],[-47.92905,-9.13737],[-47.89084,-9.13517],[-47.87101,-9.1166],[-47.8586,-9.11407],[-47.83867,-9.1196],[-47.80043,-9.1134],[-47.79112,-9.12164],[-47.77382,-9.12124],[-47.73389,-9.10169],[-47.72318,-9.09328],[-47.72495,-9.08785],[-47.70408,-9.10259],[-47.70399,-9.12073],[-47.71664,-9.13293],[-47.71953,-9.15697],[-47.71187,-9.16973],[-47.68466,-9.18275],[-47.69314,-9.19333],[-47.68819,-9.20752],[-47.69002,-9.21877],[-47.69828,-9.22427],[-47.69103,-9.23011],[-47.69475,-9.23005],[-47.69397,-9.23955],[-47.68947,-9.2406],[-47.6947,-9.24952],[-47.68778,-9.25835],[-47.68572,-9.27809],[-47.69117,-9.28148],[-47.69839,-9.30066],[-47.72067,-9.31251],[-47.7237,-9.31888],[-47.72492,-9.315],[-47.73514,-9.31534],[-47.74165,-9.33478],[-47.75654,-9.33109],[-47.76448,-9.32118],[-47.78778,-9.32362],[-47.80806,-9.3197],[-47.81826,-9.3108],[-47.81593,-9.32103],[-47.82529,-9.3345],[-47.85142,-9.35299],[-47.86184,-9.35008],[-47.8772,-9.33379],[-47.89085,-9.34069],[-47.90443,-9.34006],[-48.1628,-9.4521],[-48.16885,-9.44397],[-48.1875,-9.43697],[-48.19431,-9.41887],[-48.19153,-9.40274],[-48.19572,-9.38337],[-48.20502,-9.35241],[-48.21663,-9.34439],[-48.21766,-9.3328],[-48.24761,-9.32411],[-48.25699,-9.32867],[-48.2578,-9.33682],[-48.27247,-9.34402],[-48.28197,-9.33255],[-48.29047,-9.33113],[-48.28738,-9.32414],[-48.29897,-9.32436],[-48.30549,-9.30952],[-48.3158,-9.30466],[-48.32411,-9.30912],[-48.33449,-9.30516],[-48.34769,-9.287],[-48.33466,-9.24772],[-48.31716,-9.22149],[-48.31177,-9.18533],[-48.28221,-9.13605],[-48.27732,-9.12299],[-48.25875,-9.10385]]]},"properties":{"CD_MUN":"1716505","NM_MUN":"Pedro Afonso","SIGLA_UF":"TO"}},{"type":"Feature","geometry":{"type":"Polygon","coordinates":[[[-49.28747,-8.64254],[-49.28058,-8.64176],[-49.27894,-8.64973],[-49.27464,-8.64457],[-49.2638,-8.64911],[-49.25178,-8.63942],[-49.2365,-8.64949],[-49.23467,-8.64523],[-49.22264,-8.64406],[-49.2128,-8.64896],[-49.21519,-8.65358],[-49.20708,-8.65612],[-49.20297,-8.66845],[-49.17958,-8.68405],[-49.17831,-8.67571],[-49.17347,-8.68016],[-49.16344,-8.67327],[-49.14905,-8.67564],[-49.14305,-8.6634],[-49.13786,-8.66376],[-49.13094,-8.65543],[-49.1323,-8.65181],[-49.12555,-8.65189],[-49.12411,-8.64637],[-49.11872,-8.64818],[-49.11455,-8.65888],[-49.10661,-8.65299],[-49.1058,-8.6461],[-49.09761,-8.64619],[-49.09369,-8.64139],[-49.0873,-8.64655],[-49.07958,-8.64375],[-49.07966,-8.64719],[-49.06991,-8.64321],[-49.07038,-8.6472],[-49.06163,-8.64919],[-49.05696,-8.65708],[-49.03313,-8.66333],[-49.03094,-8.66913],[-49.00827,-8.66777],[-49.00488,-8.6743],[-48.99135,-8.67598],[-48.98849,-8.68526],[-48.97244,-8.69087],[-48.97666,-8.69494],[-48.97158,-8.69778],[-48.96944,-8.70805],[-48.95705,-8.69713],[-48.94841,-8.69935],[-48.94574,-8.71507],[-48.9346,-8.71274],[-48.9261,-8.71589],[-48.91438,-8.74401],[-48.90127,-8.74815],[-48.89014,-8.768],[-48.88982,-8.76092],[-48.87963,-8.76669],[-48.88636,-8.78037],[-48.88161,-8.78002],[-48.87455,-8.79567],[-48.86605,-8.79181],[-48.86902,-8.80015],[-48.85769,-8.79838],[-48.85205,-8.80195],[-48.85733,-8.80284],[-48.85783,-8.8091],[-48.84469,-8.80916],[-48.84899,-8.81459],[-48.84627,-8.82187],[-48.85286,-8.82347],[-48.84741,-8.83003],[-48.83469,-8.82319],[-48.83135,-8.8272],[-48.82622,-8.8422],[-48.83463,-8.85161],[-48.83111,-8.85471],[-48.83397,-8.86115],[-48.82597,-8.84856],[-48.82441,-8.85292],[-48.81666,-8.84969],[-48.81183,-8.85652],[-48.82086,-8.8681],[-48.81194,-8.87949],[-48.81685,-8.89818],[-48.81,-8.91437],[-48.81463,-8.93105],[-48.80019,-8.92948],[-48.79177,-8.94595],[-48.77939,-8.95363],[-48.778,-8.9688],[-48.78147,-8.96933],[-48.77586,-8.97771],[-48.76864,-8.9781],[-48.77058,-8.98681],[-48.77608,-8.99369],[-48.7688,-8.99435],[-48.75855,-9.02357],[-48.75422,-9.02779],[-48.7483,-9.02608],[-48.746,-9.05054],[-48.75269,-9.05507],[-48.75231,-9.08753],[-48.7585,-9.08824],[-48.76037,-9.09969],[-48.75428,-9.11277],[-48.7642,-9.11444],[-48.76553,-9.12579],[-48.76197,-9.13282],[-48.74353,-9.14012],[-48.74822,-9.15252],[-48.73836,-9.15113],[-48.74595,-9.16555],[-48.7392,-9.17282],[-48.74198,-9.18528],[-48.73414,-9.19663],[-48.84784,-9.07335],[-48.85959,-9.06596],[-48.9054,-9.06731],[-48.93017,-9.08012],[-48.9357,-9.07374],[-48.9662,-9.06493],[-48.97284,-9.05875],[-48.99184,-9.05815],[-48.99554,-9.06245],[-49.00207,-9.05989],[-49.00576,-9.04948],[-49.02062,-9.04991],[-49.02656,-9.04404],[-49.03623,-9.02161],[-49.04481,-9.01703],[-49.06093,-9.01809],[-49.06982,-9.00798],[-49.08668,-9.00405],[-49.09356,-8.99421],[-49.10979,-8.99566],[-49.11387,-8.99303],[-49.11462,-8.98034],[-49.12473,-8.96955],[-49.13321,-8.96829],[-49.14795,-8.95351],[-49.16884,-8.94544],[-49.18307,-8.93356],[-49.19318,-8.93374],[-49.20757,-8.94262],[-49.22143,-8.94234],[-49.2197,-8.92585],[-49.22743,-8.90699],[-49.22659,-8.89321],[-49.25068,-8.88795],[-49.25504,-8.87544],[-49.26831,-8.86056],[-49.24406,-8.83692],[-49.24279,-8.81236],[-49.22656,-8.79596],[-49.22245,-8.76923],[-49.23372,-8.72354],[-49.24645,-8.70296],[-49.24481,-8.69716],[-49.28747,-8.64254]]]},"properties":{"CD_MUN":"1708304","NM_MUN":"Goianorte","SIGLA_UF":"TO"}},{"type":"Feature","geometry":{"type":"Polygon","coordinates":[[[-48.67203,-9.07812],[-48.65136,-9.07094],[-48.65021,-9.06375],[-48.63739,-9.05641],[-48.63604,-9.07019],[-48.62127,-9.06757],[-48.61013,-9.07744],[-48.60702,-9.06799],[-48.59791,-9.0618],[-48.58963,-9.06452],[-48.59527,-9.05524],[-48.58889,-9.04595],[-48.5782,-9.05403],[-48.56344,-9.0499],[-48.56156,-9.05818],[-48.55604,-9.05319],[-48.54798,-9.05502],[-48.51927,-9.03221],[-48.54632,-9.0324],[-48.55503,-9.01593],[-48.55317,-9.00252],[-48.5439,-9.00036],[-48.49977,-8.9518],[-48.45934,-8.93184],[-48.39497,-8.97504],[-48.36439,-8.97622],[-48.34812,-8.9724],[-48.32329,-8.95757],[-48.29812,-8.95722],[-48.29621,-8.96607],[-48.30639,-8.98471],[-48.29698,-9.00047],[-48.30339,-9.00793],[-48.30302,-9.01811],[-48.29501,-9.02904],[-48.29096,-9.05897],[-48.27708,-9.08216],[-48.27562,-9.09696],[-48.25875,-9.10385],[-48.27732,-9.12299],[-48.28221,-9.13605],[-48.29315,-9.133],[-48.29832,-9.14045],[-48.30649,-9.12796],[-48.3298,-9.13002],[-48.33868,-9.11637],[-48.34652,-9.11893],[-48.34974,-9.11051],[-48.34463,-9.10959],[-48.34493,-9.10007],[-48.35013,-9.09792],[-48.34649,-9.09582],[-48.35354,-9.08724],[-48.35082,-9.08197],[-48.35529,-9.0751],[-48.3809,-9.07816],[-48.38649,-9.06884],[-48.39188,-9.0684],[-48.40726,-9.0756],[-48.40827,-9.07043],[-48.41346,-9.07054],[-48.40993,-9.06056],[-48.42541,-9.06739],[-48.43627,-9.06452],[-48.43735,-9.0686],[-48.44338,-9.06119],[-48.44666,-9.065],[-48.45333,-9.06212],[-48.46532,-9.07175],[-48.46463,-9.06178],[-48.46982,-9.06433],[-48.4764,-9.04994],[-48.49708,-9.06467],[-48.50504,-9.06351],[-48.50435,-9.06749],[-48.51713,-9.06022],[-48.52997,-9.06863],[-48.53027,-9.0875],[-48.54508,-9.09322],[-48.54544,-9.10755],[-48.55655,-9.10906],[-48.56083,-9.11709],[-48.56944,-9.11503],[-48.57199,-9.12204],[-48.5928,-9.12829],[-48.59222,-9.13227],[-48.59967,-9.1359],[-48.60461,-9.13279],[-48.61686,-9.14573],[-48.6283,-9.14406],[-48.634,-9.13451],[-48.64497,-9.1322],[-48.6635,-9.11765],[-48.65834,-9.11369],[-48.65328,-9.08115],[-48.66011,-9.07462],[-48.67203,-9.07812]]]},"properties":{"CD_MUN":"1708254","NM_MUN":"Fortaleza do Tabocão","SIGLA_UF":"TO"}},{"type":"Feature","geometry":{"type":"Polygon","coordinates":[[[-49.67738,-11.38992],[-49.6703,-11.39957],[-49.64299,-11.40089],[-49.63402,-11.39674],[-49.62763,-11.37992],[-49.62038,-11.37941],[-49.61277,-11.39023],[-49.60596,-11.38818],[-49.60296,-11.39668],[-49.59302,-11.39913],[-49.59282,-11.41174],[-49.58518,-11.41349],[-49.58494,-11.41956],[-49.57457,-11.42809],[-49.57293,-11.44803],[-49.58035,-11.45308],[-49.58138,-11.46107],[-49.57696,-11.4623],[-49.57738,-11.47754],[-49.57141,-11.4881],[-49.57883,-11.48997],[-49.58263,-11.50113],[-49.57283,-11.51413],[-49.56519,-11.502],[-49.55307,-11.50882],[-49.54846,-11.51851],[-49.55129,-11.52274],[-49.53783,-11.53008],[-49.53905,-11.54053],[-49.52966,-11.55049],[-49.51918,-11.54954],[-49.5126,-11.57751],[-49.49491,-11.59227],[-49.49333,-11.60461],[-49.49933,-11.60679],[-49.49344,-11.6174],[-49.49647,-11.63073],[-49.4913,-11.63926],[-49.49269,-11.65041],[-49.48466,-11.65486],[-49.48127,-11.6769],[-49.49413,-11.68434],[-49.49074,-11.69096],[-49.47133,-11.69566],[-49.45669,-11.70918],[-49.45463,-11.72124],[-49.42786,-11.73193],[-49.42786,-11.7468],[-49.41286,-11.75069],[-49.40605,-11.76105],[-49.3855,-11.78224],[-49.3768,-11.80844],[-49.34955,-11.81332],[-49.34033,-11.83997],[-49.33266,-11.84677],[-49.33414,-11.85276],[-49.30322,-11.85463],[-49.29985,-11.86712],[-49.30834,-11.8746],[-49.30804,-11.88066],[-49.30125,-11.8955],[-49.28621,-11.90508],[-49.27788,-11.91684],[-49.27256,-11.93625],[-49.2638,-11.93617],[-49.20091,-11.96396],[-49.20199,-11.9869],[-49.23676,-11.99904],[-49.27772,-11.99767],[-49.28928,-12.01698],[-49.3187,-12.03531],[-49.32637,-12.05165],[-49.3254,-12.06651],[-49.3357,-12.07742],[-49.34701,-12.10674],[-49.34512,-12.12359],[-49.38393,-12.14574],[-49.39451,-12.14741],[-49.748,-12.12147],[-50.00895,-12.07928],[-50.01517,-12.06225],[-50.023,-12.05936],[-50.02573,-12.08022],[-50.04173,-12.08461],[-50.04892,-12.09151],[-50.04862,-12.10493],[-50.06331,-12.11847],[-50.06873,-12.13045],[-50.07584,-12.1253],[-50.09737,-12.13287],[-50.08612,-12.14381],[-50.09159,-12.1712],[-50.08306,-12.19657],[-50.10056,-12.20305],[-50.09629,-12.21908],[-50.10393,-12.22554],[-50.11057,-12.22056],[-50.13085,-12.22441],[-50.12352,-12.25187],[-50.13071,-12.25696],[-50.1141,-12.26355],[-50.1174,-12.27144],[-50.1131,-12.30253],[-50.1044,-12.31575],[-50.10457,-12.32409],[-50.1159,-12.32194],[-50.12632,-12.32749],[-50.12066,-12.34181],[-50.12285,-12.35523],[-50.1148,-12.36781],[-50.12005,-12.37453],[-50.13565,-12.37094],[-50.12924,-12.3867],[-50.14216,-12.39588],[-50.17091,-12.40691],[-50.17458,-12.42369],[-50.18369,-12.42343],[-50.18852,-12.41364],[-50.19608,-12.41329],[-50.19811,-12.41873],[-50.18425,-12.42561],[-50.18469,-12.43258],[-50.21183,-12.43707],[-50.21522,-12.44134],[-50.20766,-12.44242],[-50.20711,-12.44876],[-50.22436,-12.44697],[-50.22969,-12.45569],[-50.25339,-12.46225],[-50.26269,-12.47813],[-50.28086,-12.47888],[-50.28925,-12.48805],[-50.31028,-12.49615],[-50.32465,-12.50786],[-50.3142,-12.51396],[-50.31364,-12.52149],[-50.32973,-12.51496],[-50.33403,-12.52035],[-50.33078,-12.53544],[-50.34434,-12.5332],[-50.34584,-12.54307],[-50.35662,-12.54113],[-50.36543,-12.54601],[-50.35803,-12.55371],[-50.36823,-12.55741],[-50.36601,-12.5714],[-50.38176,-12.5772],[-50.39831,-12.60212],[-50.39059,-12.61164],[-50.40668,-12.61463],[-50.41815,-12.62456],[-50.41285,-12.6501],[-50.41801,-12.65158],[-50.42687,-12.64241],[-50.44038,-12.65322],[-50.43804,-12.65805],[-50.43232,-12.64996],[-50.42746,-12.65292],[-50.43651,-12.66124],[-50.4319,-12.66918],[-50.43635,-12.67802],[-50.43207,-12.68995],[-50.43488,-12.69427],[-50.44129,-12.698],[-50.46129,-12.69423],[-50.46391,-12.70344],[-50.47757,-12.7099],[-50.47829,-12.71624],[-50.46763,-12.72126],[-50.46574,-12.73144],[-50.47041,-12.73746],[-50.48191,-12.73923],[-50.48552,-12.74852],[-50.46804,-12.75535],[-50.47699,-12.76023],[-50.47527,-12.77204],[-50.49338,-12.7856],[-50.48435,-12.81191],[-50.49369,-12.81933],[-50.49058,-12.8288],[-50.49969,-12.8478],[-50.51058,-12.86073],[-50.51261,-12.84439],[-50.51986,-12.83635],[-50.53149,-12.84358],[-50.56647,-12.84338],[-50.59736,-12.82673],[-50.60017,-12.81884],[-50.58319,-12.80968],[-50.57858,-12.80267],[-50.58138,-12.79932],[-50.60283,-12.80042],[-50.61303,-12.81836],[-50.62228,-12.81966],[-50.62486,-12.79989],[-50.61128,-12.77585],[-50.61436,-12.7716],[-50.62977,-12.77602],[-50.63552,-12.77178],[-50.62672,-12.76085],[-50.62247,-12.73459],[-50.6368,-12.7204],[-50.62963,-12.70448],[-50.64463,-12.70219],[-50.65427,-12.67916],[-50.64582,-12.66369],[-50.64643,-12.65107],[-50.65572,-12.64594],[-50.69591,-12.64965],[-50.70047,-12.64504],[-50.70066,-12.62415],[-50.70596,-12.61247],[-50.70288,-12.59847],[-50.69394,-12.59262],[-50.67338,-12.60007],[-50.66749,-12.59596],[-50.66893,-12.58071],[-50.68599,-12.56916],[-50.66321,-12.53738],[-50.65699,-12.50045],[-50.64551,-12.48204],[-50.65115,-12.45738],[-50.64176,-12.45245],[-50.62659,-12.45837],[-50.61929,-12.44119],[-50.61887,-12.4264],[-50.63323,-12.41449],[-50.62626,-12.38815],[-50.63029,-12.37174],[-50.64368,-12.34848],[-50.63731,-12.32523],[-50.64831,-12.30041],[-50.62867,-12.27792],[-50.64945,-12.24907],[-50.6432,-12.22291],[-50.65492,-12.21815],[-50.67817,-12.21879],[-50.68636,-12.20213],[-50.67867,-12.18803],[-50.67853,-12.15528],[-50.6702,-12.14037],[-50.67553,-12.12388],[-50.66666,-12.08066],[-50.66711,-12.06451],[-50.68608,-12.04507],[-50.68494,-12.03064],[-50.67733,-12.01945],[-50.68397,-12.00184],[-50.68172,-11.99083],[-50.66258,-11.97558],[-50.65563,-11.96402],[-50.65422,-11.94788],[-50.66738,-11.92771],[-50.65718,-11.91292],[-50.64005,-11.90264],[-50.63802,-11.89068],[-50.64232,-11.87984],[-50.65924,-11.86716],[-50.68579,-11.85893],[-50.68751,-11.82498],[-50.70002,-11.80354],[-50.7134,-11.75723],[-50.72106,-11.73165],[-50.69195,-11.70107],[-50.67076,-11.69019],[-50.66317,-11.67747],[-50.66409,-11.62655],[-50.65764,-11.61762],[-50.65653,-11.59612],[-50.65911,-11.58839],[-50.66936,-11.58149],[-49.67738,-11.38992]]]},"properties":{"CD_MUN":"1708205","NM_MUN":"Formoso do Araguaia","SIGLA_UF":"TO"}},{"type":"Feature","geometry":{"type":"Polygon","coordinates":[[[-49.26501,-7.36736],[-49.25509,-7.3819],[-49.25356,-7.39329],[-49.25953,-7.41611],[-49.23865,-7.45282],[-49.23709,-7.48821],[-49.21584,-7.48995],[-49.19498,-7.49984],[-49.18248,-7.49406],[-49.15523,-7.49428],[-49.01775,-7.50456],[-49.01086,-7.49979],[-49.00497,-7.47708],[-48.99961,-7.47261],[-48.99208,-7.46189],[-48.98574,-7.46543],[-48.96794,-7.44652],[-48.94324,-7.43278],[-48.93763,-7.4462],[-48.93947,-7.4624],[-48.92388,-7.48388],[-48.91244,-7.47674],[-48.90888,-7.46144],[-48.88866,-7.4525],[-48.88219,-7.44344],[-48.86677,-7.44591],[-48.86244,-7.4527],[-48.85744,-7.448],[-48.85036,-7.45352],[-48.83169,-7.45563],[-48.82141,-7.44957],[-48.81724,-7.44015],[-48.80871,-7.44098],[-48.79502,-7.45403],[-48.79429,-7.46344],[-48.78516,-7.46961],[-48.78788,-7.48419],[-48.76782,-7.48465],[-48.76393,-7.49036],[-48.75713,-7.48466],[-48.73627,-7.48576],[-48.72566,-7.49971],[-48.68082,-7.48398],[-48.65079,-7.50907],[-48.62387,-7.50162],[-48.61429,-7.51145],[-48.61371,-7.51879],[-48.62504,-7.52437],[-48.63216,-7.54107],[-48.61307,-7.54108],[-48.60869,-7.54722],[-48.61091,-7.55875],[-48.59355,-7.56229],[-48.58702,-7.55882],[-48.58543,-7.54667],[-48.5699,-7.54977],[-48.56349,-7.56071],[-48.5389,-7.57582],[-48.53849,-7.5858],[-48.5271,-7.59489],[-48.53054,-7.59917],[-48.52396,-7.60657],[-48.52432,-7.62724],[-48.53954,-7.61656],[-48.55451,-7.58347],[-48.56487,-7.62726],[-48.57198,-7.63119],[-48.5856,-7.62712],[-48.6026,-7.6347],[-48.61801,-7.62261],[-48.65957,-7.62429],[-48.68738,-7.58468],[-48.70613,-7.58009],[-48.72698,-7.58685],[-48.73017,-7.58002],[-48.73403,-7.58983],[-48.7516,-7.59677],[-48.75317,-7.60366],[-48.77533,-7.60422],[-48.7802,-7.58633],[-48.79375,-7.58134],[-48.79489,-7.57305],[-48.80342,-7.5703],[-48.81553,-7.5719],[-48.82563,-7.58143],[-48.84395,-7.58443],[-48.86919,-7.57692],[-48.9033,-7.58616],[-48.92045,-7.58443],[-48.93437,-7.59107],[-48.9444,-7.58841],[-48.95213,-7.60369],[-48.96535,-7.59564],[-48.97995,-7.6054],[-48.99464,-7.59764],[-48.99981,-7.60576],[-49.00553,-7.60387],[-49.01627,-7.61194],[-49.02573,-7.60923],[-49.02642,-7.61717],[-49.03468,-7.62007],[-49.06644,-7.60818],[-49.08185,-7.61379],[-49.09542,-7.60441],[-49.12719,-7.59825],[-49.14941,-7.61405],[-49.15626,-7.60494],[-49.18157,-7.61308],[-49.1959,-7.60702],[-49.20855,-7.61682],[-49.21226,-7.61001],[-49.22687,-7.60685],[-49.24493,-7.61323],[-49.24269,-7.61936],[-49.24871,-7.62452],[-49.26047,-7.62116],[-49.26537,-7.63358],[-49.27941,-7.63585],[-49.28099,-7.64042],[-49.29401,-7.63906],[-49.30761,-7.65323],[-49.3159,-7.64709],[-49.34093,-7.65718],[-49.36008,-7.61487],[-49.36008,-7.61486],[-49.38176,-7.55952],[-49.38233,-7.55364],[-49.3771,-7.49637],[-49.26501,-7.36736]]]},"properties":{"CD_MUN":"1716307","NM_MUN":"Pau D'Arco","SIGLA_UF":"TO"}},{"type":"Feature","geometry":{"type":"Polygon","coordinates":[[[-48.28676,-6.44982],[-48.27968,-6.44948],[-48.27865,-6.44315],[-48.2736,-6.44489],[-48.26877,-6.43758],[-48.26065,-6.4465],[-48.24568,-6.44267],[-48.24132,-6.45682],[-48.22535,-6.46804],[-48.21412,-6.45133],[-48.2024,-6.46425],[-48.20101,-6.47359],[-48.18879,-6.47944],[-48.18976,-6.49148],[-48.18079,-6.50497],[-48.16096,-6.5086],[-48.15196,-6.51734],[-48.15129,-6.52485],[-48.14068,-6.52688],[-48.13718,-6.54126],[-48.13102,-6.54377],[-48.12573,-6.5556],[-48.13382,-6.56786],[-48.13352,-6.57781],[-48.11877,-6.59476],[-48.1284,-6.62322],[-48.12909,-7.03261],[-48.17178,-7.01524],[-48.18231,-7.01498],[-48.20565,-7.00808],[-48.2254,-6.98904],[-48.25681,-6.99081],[-48.27265,-6.97513],[-48.27862,-6.97824],[-48.28834,-6.96896],[-48.2847,-6.95672],[-48.29182,-6.94226],[-48.30193,-6.93344],[-48.30395,-6.92503],[-48.3159,-6.92934],[-48.31645,-6.92526],[-48.31276,-6.89882],[-48.32937,-6.89319],[-48.34201,-6.89704],[-48.34018,-6.88536],[-48.36045,-6.88508],[-48.35134,-6.87563],[-48.355,-6.86668],[-48.38523,-6.8525],[-48.37855,-6.83694],[-48.3599,-6.8148],[-48.36659,-6.78568],[-48.353,-6.78328],[-48.33641,-6.79216],[-48.32765,-6.77308],[-48.32561,-6.75209],[-48.31044,-6.72816],[-48.31058,-6.71655],[-48.29658,-6.70151],[-48.29996,-6.68663],[-48.29686,-6.67223],[-48.28604,-6.65781],[-48.28283,-6.62066],[-48.28565,-6.59305],[-48.29944,-6.57574],[-48.30121,-6.55908],[-48.29252,-6.5473],[-48.30122,-6.53914],[-48.29129,-6.52398],[-48.29259,-6.51087],[-48.27899,-6.50407],[-48.27796,-6.48913],[-48.28382,-6.4868],[-48.27416,-6.4683],[-48.28676,-6.44982]]]},"properties":{"CD_MUN":"1717206","NM_MUN":"Piraquê","SIGLA_UF":"TO"}},{"type":"Feature","geometry":{"type":"Polygon","coordinates":[[[-47.5902,-7.43943],[-47.56248,-7.44992],[-47.54959,-7.43949],[-47.5285,-7.43282],[-47.50392,-7.43655],[-47.49717,-7.4791],[-47.47995,-7.4911],[-47.47881,-7.50051],[-47.47934,-7.52587],[-47.47442,-7.53329],[-47.46786,-7.53129],[-47.46109,-7.51859],[-47.42686,-7.52568],[-47.42456,-7.54171],[-47.43831,-7.55696],[-47.40809,-7.5627],[-47.39781,-7.56902],[-47.40339,-7.58706],[-47.38131,-7.59988],[-47.3865,-7.63505],[-47.38112,-7.65397],[-47.36431,-7.65575],[-47.35142,-7.64676],[-47.35206,-7.64123],[-47.37209,-7.62533],[-47.35767,-7.61596],[-47.34772,-7.63126],[-47.335,-7.63694],[-47.32262,-7.65494],[-47.31425,-7.65946],[-47.31542,-7.66354],[-47.33695,-7.66693],[-47.3302,-7.67399],[-47.33073,-7.68513],[-47.30175,-7.68897],[-47.30189,-7.70192],[-47.30973,-7.69823],[-47.31526,-7.70141],[-47.30514,-7.71335],[-47.31431,-7.71699],[-47.31348,-7.72904],[-47.30348,-7.73545],[-47.29259,-7.72782],[-47.28167,-7.73486],[-47.27278,-7.73095],[-47.27173,-7.74617],[-47.26048,-7.74107],[-47.26598,-7.7612],[-47.25817,-7.75584],[-47.24545,-7.75843],[-47.25426,-7.76507],[-47.24012,-7.79395],[-47.24629,-7.80084],[-47.23437,-7.80399],[-47.24626,-7.81126],[-47.23351,-7.81949],[-47.22889,-7.81657],[-47.23379,-7.82384],[-47.22187,-7.82752],[-47.21532,-7.83503],[-47.20584,-7.83455],[-47.20667,-7.83972],[-47.19976,-7.84025],[-47.19573,-7.84921],[-47.18648,-7.84303],[-47.18637,-7.8577],[-47.17373,-7.85623],[-47.17926,-7.86177],[-47.17451,-7.871],[-47.16267,-7.87949],[-47.15501,-7.8937],[-47.14201,-7.89476],[-47.14451,-7.9128],[-47.14032,-7.9252],[-47.12076,-7.92189],[-47.11573,-7.93883],[-47.10645,-7.9369],[-47.11515,-7.95251],[-47.11151,-7.95911],[-47.10123,-7.95447],[-47.10093,-7.96643],[-47.10593,-7.96925],[-47.09701,-7.98001],[-47.1057,-7.99073],[-47.07771,-7.99139],[-47.06115,-8.00563],[-47.05824,-8.02776],[-47.04273,-8.05351],[-47.02004,-8.06039],[-47.01377,-8.05756],[-47.01615,-8.08188],[-47.00584,-8.11097],[-47.01486,-8.1223],[-47.01926,-8.14362],[-47.03456,-8.1577],[-47.03942,-8.18341],[-47.05723,-8.2004],[-47.04688,-8.20878],[-47.04396,-8.23073],[-47.0594,-8.24563],[-47.06873,-8.27454],[-47.08616,-8.27899],[-47.0911,-8.27202],[-47.0957,-8.27705],[-47.1042,-8.27277],[-47.10999,-8.28001],[-47.14092,-8.2919],[-47.13674,-8.31029],[-47.14993,-8.32378],[-47.15275,-8.35423],[-47.17291,-8.35857],[-47.17022,-8.38916],[-47.16588,-8.39373],[-47.1792,-8.40353],[-47.18592,-8.41605],[-47.20295,-8.42141],[-47.19667,-8.42712],[-47.2135,-8.44409],[-47.2065,-8.44582],[-47.20814,-8.45879],[-47.22034,-8.46161],[-47.22654,-8.47359],[-47.2394,-8.4744],[-47.23784,-8.48565],[-47.25056,-8.47939],[-47.26245,-8.46778],[-47.29523,-8.45445],[-47.30473,-8.45844],[-47.30737,-8.47215],[-47.31729,-8.47523],[-47.32696,-8.47323],[-47.33979,-8.47949],[-47.34762,-8.46815],[-47.36712,-8.48031],[-47.38462,-8.47939],[-47.39174,-8.48339],[-47.40176,-8.47658],[-47.40724,-8.48637],[-47.41396,-8.48773],[-47.42207,-8.48229],[-47.43393,-8.48455],[-47.43518,-8.4919],[-47.44013,-8.49271],[-47.46307,-8.48391],[-47.47655,-8.48436],[-47.47702,-8.4771],[-47.49204,-8.47029],[-47.49696,-8.46131],[-47.4944,-8.45659],[-47.49938,-8.45981],[-47.52932,-8.46365],[-47.53244,-8.47957],[-47.54157,-8.46867],[-47.54982,-8.47265],[-47.56744,-8.4613],[-47.57574,-8.44833],[-47.58624,-8.44992],[-47.61327,-8.436],[-47.6228,-8.44042],[-47.62574,-8.43449],[-47.64338,-8.4495],[-47.65483,-8.44737],[-47.66091,-8.454],[-47.67399,-8.45131],[-47.67705,-8.45643],[-47.68138,-8.45258],[-47.69647,-8.45855],[-47.70322,-8.45249],[-47.71378,-8.45245],[-47.74063,-8.4233],[-47.74383,-8.40922],[-47.76369,-8.39611],[-47.76594,-8.38738],[-47.77552,-8.38363],[-47.7868,-8.38966],[-47.79286,-8.38659],[-47.78513,-8.35841],[-47.79252,-8.35243],[-47.79188,-8.34582],[-47.79911,-8.33939],[-47.82116,-8.34229],[-47.8171,-8.3311],[-47.80647,-8.32425],[-47.82005,-8.31974],[-47.83136,-8.32838],[-47.83622,-8.3257],[-47.83852,-8.32068],[-47.83135,-8.30782],[-47.8353,-8.30251],[-47.83274,-8.28895],[-47.85002,-8.28647],[-47.84824,-8.26982],[-47.87205,-8.24632],[-47.86121,-8.22988],[-47.86457,-8.22186],[-47.87138,-8.22087],[-47.8776,-8.23166],[-47.88508,-8.22568],[-47.89255,-8.22631],[-47.89727,-8.2191],[-47.89441,-8.20962],[-47.88379,-8.21156],[-47.88397,-8.2015],[-47.89421,-8.17908],[-47.90224,-8.18125],[-47.90947,-8.17626],[-47.90077,-8.1655],[-47.89671,-8.15368],[-47.90027,-8.14041],[-47.89257,-8.13525],[-47.89799,-8.1254],[-47.89013,-8.11407],[-47.89815,-8.1089],[-47.89396,-8.10171],[-47.89785,-8.09205],[-47.8874,-8.0862],[-47.88254,-8.07503],[-47.88393,-8.06894],[-47.89618,-8.06036],[-47.88612,-8.05007],[-47.89356,-8.02769],[-47.88798,-8.02331],[-47.88804,-8.01389],[-47.8941,-8.011],[-47.90515,-8.0144],[-47.90495,-7.99422],[-47.8984,-7.98322],[-47.91051,-7.97897],[-47.92301,-7.98305],[-47.92592,-7.96833],[-47.93682,-7.96036],[-47.93062,-7.95055],[-47.94507,-7.94722],[-47.93567,-7.9324],[-47.95287,-7.92639],[-47.93653,-7.90454],[-47.93814,-7.87289],[-47.91723,-7.85879],[-47.90945,-7.84416],[-47.90628,-7.81066],[-47.90003,-7.79758],[-47.82861,-7.76784],[-47.81524,-7.75931],[-47.78539,-7.752],[-47.77497,-7.73798],[-47.72307,-7.69979],[-47.67582,-7.67747],[-47.64138,-7.64323],[-47.6289,-7.61859],[-47.63193,-7.5769],[-47.62162,-7.53346],[-47.63287,-7.50141],[-47.5902,-7.43943]]]},"properties":{"CD_MUN":"1709005","NM_MUN":"Goiatins","SIGLA_UF":"TO"}},{"type":"Feature","geometry":{"type":"Polygon","coordinates":[[[-48.97309,-12.26526],[-48.9405,-12.27729],[-48.92614,-12.2938],[-48.91063,-12.29543],[-48.90273,-12.32376],[-48.91125,-12.33232],[-48.92556,-12.32787],[-48.93476,-12.33599],[-48.92203,-12.35151],[-48.94267,-12.36667],[-48.93075,-12.37177],[-48.93053,-12.39551],[-48.94792,-12.39878],[-48.95709,-12.41206],[-48.96662,-12.40604],[-48.9784,-12.42441],[-48.98432,-12.42091],[-49.00015,-12.42326],[-49.00537,-12.42609],[-49.00926,-12.4387],[-48.99682,-12.44436],[-48.99235,-12.47316],[-48.9824,-12.4818],[-48.99615,-12.48288],[-48.99743,-12.48732],[-48.98751,-12.49352],[-48.99757,-12.49548],[-49.00182,-12.50366],[-48.9971,-12.52434],[-48.98526,-12.53073],[-48.99415,-12.5488],[-48.97288,-12.60337],[-48.98057,-12.61719],[-48.98871,-12.61903],[-48.98946,-12.63426],[-48.99657,-12.63338],[-48.99483,-12.65984],[-48.98971,-12.66716],[-48.99322,-12.66727],[-48.99585,-12.67898],[-48.99055,-12.68457],[-48.99989,-12.68727],[-49.00872,-12.68957],[-49.01155,-12.69879],[-49.01997,-12.70197],[-49.01955,-12.73603],[-49.0408,-12.74302],[-49.04716,-12.75087],[-49.0268,-12.76537],[-49.03,-12.77106],[-49.02308,-12.77906],[-49.02194,-12.80006],[-49.03317,-12.79777],[-49.03439,-12.80541],[-49.05339,-12.80937],[-49.0615,-12.82613],[-49.07083,-12.83395],[-49.05956,-12.83895],[-49.0617,-12.84643],[-49.06684,-12.84718],[-49.1057,-12.83607],[-49.1205,-12.79036],[-49.13642,-12.80086],[-49.14361,-12.81769],[-49.16087,-12.83447],[-49.19179,-12.85626],[-49.19598,-12.86722],[-49.21051,-12.87832],[-49.22209,-12.87657],[-49.2369,-12.88396],[-49.2479,-12.87097],[-49.25365,-12.87463],[-49.25157,-12.86035],[-49.25565,-12.85038],[-49.26326,-12.84066],[-49.27896,-12.83674],[-49.29201,-12.81454],[-49.31543,-12.81567],[-49.31737,-12.81997],[-49.32301,-12.81574],[-49.32123,-12.80429],[-49.34598,-12.79203],[-49.34356,-12.77947],[-49.3539,-12.75866],[-49.34848,-12.7532],[-49.3459,-12.73584],[-49.35034,-12.72632],[-49.34448,-12.70327],[-49.34981,-12.69187],[-49.34173,-12.69043],[-49.33931,-12.67362],[-49.33173,-12.66992],[-49.33503,-12.65014],[-49.32903,-12.63261],[-49.34712,-12.60717],[-49.34784,-12.58706],[-49.36025,-12.56303],[-49.35478,-12.55612],[-49.35908,-12.55367],[-49.35603,-12.54545],[-49.36378,-12.53736],[-49.36211,-12.53331],[-49.352,-12.53549],[-49.34811,-12.53205],[-49.34017,-12.53687],[-49.33572,-12.53306],[-49.33133,-12.50977],[-49.31674,-12.50049],[-49.30716,-12.48723],[-49.29997,-12.48621],[-49.26788,-12.43543],[-49.26977,-12.426],[-49.26013,-12.41573],[-49.26227,-12.40939],[-49.2541,-12.39377],[-49.23849,-12.38293],[-49.22918,-12.35461],[-49.23846,-12.31803],[-49.22234,-12.28823],[-49.18595,-12.25519],[-49.19479,-12.23519],[-49.19373,-12.2244],[-49.20242,-12.21664],[-49.20998,-12.19229],[-49.19168,-12.21116],[-49.16414,-12.22619],[-49.14776,-12.24543],[-49.12303,-12.25467],[-49.10662,-12.25197],[-49.09912,-12.24134],[-49.09279,-12.21457],[-49.08375,-12.21199],[-49.07748,-12.19855],[-49.056,-12.17535],[-49.04995,-12.19263],[-49.03856,-12.20201],[-49.03717,-12.22602],[-49.02367,-12.23258],[-49.0042,-12.25932],[-48.98417,-12.26711],[-48.97309,-12.26526]]]},"properties":{"CD_MUN":"1700707","NM_MUN":"Alvorada","SIGLA_UF":"TO"}},{"type":"Feature","geometry":{"type":"Polygon","coordinates":[[[-47.72605,-10.95114],[-47.71604,-10.95367],[-47.70882,-10.94432],[-47.70093,-10.95518],[-47.69057,-10.94656],[-47.68496,-10.9586],[-47.66257,-10.96219],[-47.66588,-10.97244],[-47.6621,-10.97841],[-47.65452,-10.96572],[-47.64479,-10.96923],[-47.65276,-10.97233],[-47.64898,-10.97902],[-47.63415,-10.97076],[-47.6301,-10.978],[-47.61993,-10.97753],[-47.60512,-11.00007],[-47.59329,-10.9928],[-47.58524,-11.00089],[-47.58459,-10.9916],[-47.5764,-10.99802],[-47.56929,-10.98931],[-47.56738,-11.01012],[-47.5599,-11.01465],[-47.55379,-11.00869],[-47.54418,-11.00919],[-47.54807,-10.99888],[-47.5436,-10.99561],[-47.53912,-11.01232],[-47.53126,-11.00976],[-47.53092,-10.99975],[-47.52507,-10.99548],[-47.52415,-11.01179],[-47.51918,-11.01858],[-47.51102,-11.01534],[-47.4997,-11.01833],[-47.47693,-11.01506],[-47.47404,-11.02349],[-47.46623,-11.02735],[-47.45909,-11.01844],[-47.4557,-11.01933],[-47.45742,-11.02568],[-47.45093,-11.02122],[-47.44596,-11.02518],[-47.41715,-11.00486],[-47.41584,-11.01283],[-47.40195,-11.01866],[-47.40306,-11.01396],[-47.39792,-11.01474],[-47.39493,-11.00912],[-47.40009,-11.00325],[-47.38548,-11.00781],[-47.37956,-11.00153],[-47.36817,-11.00293],[-47.36237,-10.99864],[-47.35503,-11.00958],[-47.34992,-11.00167],[-47.35345,-10.99656],[-47.34845,-10.99443],[-47.3324,-11.00522],[-47.32656,-11.05867],[-47.3387,-11.08836],[-47.33609,-11.09831],[-47.32607,-11.10434],[-47.31812,-11.12044],[-47.32046,-11.1325],[-47.3132,-11.14697],[-47.31334,-11.15785],[-47.33465,-11.17616],[-47.35602,-11.1835],[-47.37204,-11.21121],[-47.36265,-11.21697],[-47.37426,-11.23324],[-47.37493,-11.24403],[-47.38174,-11.24641],[-47.38168,-11.25384],[-47.38882,-11.26004],[-47.39618,-11.25961],[-47.40899,-11.26791],[-47.4551,-11.24362],[-47.47033,-11.28917],[-47.48077,-11.30117],[-47.48144,-11.31821],[-47.49558,-11.33738],[-47.53256,-11.36832],[-47.55566,-11.37602],[-47.56825,-11.36855],[-47.57547,-11.36959],[-47.57697,-11.38214],[-47.58764,-11.38453],[-47.5865,-11.39689],[-47.5967,-11.42832],[-47.61798,-11.44782],[-47.62151,-11.44279],[-47.59678,-11.38046],[-47.60439,-11.33981],[-47.61834,-11.3214],[-47.62036,-11.30355],[-47.6412,-11.30755],[-47.65173,-11.31832],[-47.66328,-11.31842],[-47.66961,-11.33053],[-47.67986,-11.33376],[-47.68456,-11.3261],[-47.67945,-11.31006],[-47.68798,-11.28919],[-47.671,-11.26918],[-47.67094,-11.26166],[-47.73514,-11.29852],[-47.74147,-11.30627],[-47.7682,-11.26793],[-47.77275,-11.25963],[-47.76803,-11.24801],[-47.77209,-11.23663],[-47.79339,-11.22377],[-47.7942,-11.2165],[-47.803,-11.21066],[-47.78803,-11.18469],[-47.78022,-11.18129],[-47.77994,-11.17381],[-47.76558,-11.16151],[-47.74333,-11.11947],[-47.72938,-11.11622],[-47.68968,-11.06235],[-47.69549,-11.05672],[-47.69091,-11.04181],[-47.69605,-11.04086],[-47.69946,-11.03156],[-47.70705,-11.03357],[-47.71035,-11.02797],[-47.71257,-11.01998],[-47.70805,-11.01469],[-47.71296,-11.00933],[-47.71205,-10.9996],[-47.73032,-10.98358],[-47.7239,-10.97478],[-47.7296,-10.96881],[-47.72605,-10.95114]]]},"properties":{"CD_MUN":"1717008","NM_MUN":"Pindorama do Tocantins","SIGLA_UF":"TO"}}]}