{"type":"FeatureCollection","features":[{"type":"Feature","geometry":{"type":"Polygon","coordinates":[[[-63.52795,-11.04549],[-63.50008,-11.04245],[-63.48089,-11.02697],[-63.46658,-11.03146],[-63.43289,-11.02972],[-63.41367,-11.04887],[-63.40234,-11.04873],[-63.38397,-11.05704],[-63.38381,-11.07182],[-63.37734,-11.07517],[-63.36403,-11.07454],[-63.35311,-11.06568],[-63.34114,-11.06357],[-63.32781,-11.07577],[-63.33519,-11.08887],[-63.33111,-11.0998],[-63.3027,-11.13014],[-63.30591,-11.14145],[-63.2885,-11.15301],[-63.25161,-11.15084],[-63.23636,-11.13626],[-63.23308,-11.12706],[-63.2063,-11.10595],[-63.19525,-11.10317],[-63.17658,-11.11065],[-63.17338,-11.11664],[-63.14949,-11.11416],[-63.13905,-11.12898],[-63.14958,-11.16009],[-63.14947,-11.17513],[-63.13966,-11.18604],[-63.14077,-11.19672],[-63.11289,-11.21418],[-63.1133,-11.247],[-63.1177,-11.25845],[-63.10311,-11.27953],[-63.09581,-11.30773],[-63.1018,-11.333],[-63.08842,-11.35593],[-63.04514,-11.33769],[-63.02981,-11.336],[-63.00886,-11.34537],[-63.00097,-11.33946],[-62.99186,-11.34615],[-62.97186,-11.34541],[-62.95955,-11.35696],[-62.95156,-11.35769],[-62.93986,-11.35476],[-62.89374,-11.31582],[-62.87052,-11.30941],[-62.8633,-11.31262],[-62.83774,-11.303],[-62.83046,-11.31177],[-62.8291,-11.32908],[-62.82433,-11.33453],[-62.80235,-11.33702],[-62.79852,-11.35497],[-62.78574,-11.36474],[-62.77555,-11.38617],[-62.73241,-11.39411],[-62.72799,-11.41234],[-62.75447,-11.43986],[-62.75272,-11.44405],[-62.71891,-11.44857],[-62.69433,-11.43257],[-62.67922,-11.43182],[-62.66894,-11.43372],[-62.65052,-11.44885],[-62.63999,-11.44328],[-62.60502,-11.48016],[-62.58538,-11.49104],[-62.57699,-11.47852],[-62.55513,-11.46843],[-62.54366,-11.47819],[-62.52682,-11.47687],[-62.5193,-11.49259],[-62.50852,-11.50011],[-62.50549,-11.51942],[-62.48763,-11.53926],[-62.48971,-11.55783],[-62.4793,-11.57433],[-62.46732,-11.57971],[-62.46163,-11.58916],[-62.46352,-11.60193],[-62.44269,-11.60402],[-62.43902,-11.6155],[-62.44316,-11.62534],[-62.43882,-11.63396],[-62.41824,-11.6471],[-62.41552,-11.66621],[-62.40485,-11.66774],[-62.40713,-11.69629],[-62.40141,-11.70214],[-62.4013,-11.71526],[-62.40291,-11.72444],[-62.41477,-11.73469],[-62.40975,-11.75158],[-62.39388,-11.74685],[-62.39178,-11.76741],[-62.37021,-11.76392],[-62.35619,-11.77159],[-62.34896,-11.76275],[-62.34169,-11.76497],[-62.34127,-11.7711],[-62.32308,-11.7718],[-62.32047,-11.77915],[-62.3088,-11.77543],[-62.30121,-11.7912],[-62.28285,-11.80559],[-62.24824,-11.79608],[-62.24319,-11.78744],[-62.22844,-11.78843],[-62.22213,-11.80867],[-62.20777,-11.80721],[-62.21061,-11.82497],[-62.20649,-11.83179],[-62.23228,-11.90858],[-62.24114,-11.90808],[-62.2413,-11.90307],[-62.24886,-11.9002],[-62.26744,-11.9059],[-62.27827,-11.90405],[-62.29674,-11.89233],[-62.31564,-11.90445],[-62.33703,-11.8953],[-62.3502,-11.90464],[-62.37433,-11.90877],[-62.37959,-11.90465],[-62.39914,-11.91011],[-62.40708,-11.91525],[-62.40861,-11.9261],[-62.43514,-11.94028],[-62.44106,-11.95857],[-62.4799,-11.98696],[-62.47931,-11.99575],[-62.48837,-12.00464],[-62.53773,-12.02897],[-62.54721,-12.039],[-62.54501,-12.04849],[-62.56912,-12.06508],[-62.58154,-12.07247],[-62.58835,-12.06904],[-62.61001,-12.08305],[-62.60613,-12.09224],[-62.60616,-12.1006],[-62.60965,-12.10105],[-62.60444,-12.11164],[-62.61374,-12.11973],[-62.60663,-12.12601],[-62.6096,-12.12835],[-62.60294,-12.14667],[-62.60377,-12.15856],[-62.62077,-12.18314],[-62.61433,-12.18864],[-62.61535,-12.20599],[-62.63416,-12.21842],[-62.64197,-12.23682],[-62.71897,-12.12223],[-62.71899,-12.14153],[-62.73175,-12.16179],[-62.74653,-12.16205],[-62.75864,-12.1743],[-62.79867,-12.18576],[-62.81375,-12.20195],[-62.82881,-12.20278],[-62.85545,-12.1944],[-62.88578,-12.195],[-62.89345,-12.19919],[-62.91506,-12.19688],[-62.9537,-12.20624],[-63.03012,-12.19491],[-63.11112,-12.20515],[-63.12869,-12.20185],[-63.12968,-12.19415],[-63.11921,-12.18349],[-63.11788,-12.16309],[-63.11199,-12.15502],[-63.11982,-12.14884],[-63.12192,-12.13982],[-63.11624,-12.1345],[-63.11873,-12.12885],[-63.12444,-12.12905],[-63.12207,-12.11806],[-63.1275,-12.11785],[-63.12626,-12.10853],[-63.1172,-12.10174],[-63.12133,-12.08297],[-63.11111,-12.07937],[-63.11274,-12.0726],[-63.09772,-12.06809],[-63.10343,-12.05939],[-63.10156,-12.05258],[-63.08366,-12.04551],[-63.0856,-12.04032],[-63.08072,-12.03534],[-63.04814,-12.02683],[-63.04907,-12.01856],[-63.04109,-12.01795],[-63.03663,-12.01168],[-63.03841,-12.00506],[-63.03455,-12.00858],[-63.02844,-12.00495],[-63.02959,-12.00015],[-63.01351,-11.98876],[-63.015,-11.97565],[-62.98396,-11.9613],[-62.95952,-11.955],[-62.9561,-11.9458],[-62.94376,-11.94854],[-62.92885,-11.94335],[-62.91507,-11.95014],[-62.89823,-11.94006],[-62.88991,-11.94536],[-62.89464,-11.94688],[-62.89213,-11.95328],[-62.87957,-11.94459],[-62.87513,-11.94722],[-62.8729,-11.93491],[-62.86579,-11.93233],[-62.86652,-11.92723],[-62.85026,-11.90873],[-62.8499,-11.89857],[-62.84041,-11.89129],[-62.8373,-11.88066],[-62.85367,-11.85526],[-62.85972,-11.81676],[-62.86602,-11.80981],[-62.88285,-11.81875],[-62.912,-11.80978],[-62.93767,-11.77144],[-62.95384,-11.7655],[-62.96887,-11.75033],[-62.99056,-11.75062],[-62.99026,-11.7171],[-62.99818,-11.66701],[-62.98846,-11.63577],[-62.97076,-11.62115],[-62.96846,-11.60482],[-62.97889,-11.59519],[-62.99994,-11.55501],[-63.04717,-11.56078],[-63.0474,-11.5519],[-63.05673,-11.54709],[-63.05466,-11.53604],[-63.06976,-11.52842],[-63.09002,-11.54239],[-63.10115,-11.53793],[-63.1195,-11.54607],[-63.1166,-11.53033],[-63.12217,-11.50889],[-63.13289,-11.50716],[-63.13811,-11.49419],[-63.1558,-11.4925],[-63.17011,-11.48208],[-63.21936,-11.51188],[-63.23705,-11.51253],[-63.24532,-11.50726],[-63.27007,-11.51716],[-63.29723,-11.51925],[-63.33048,-11.53261],[-63.36997,-11.53236],[-63.43547,-11.55741],[-63.46525,-11.55497],[-63.47601,-11.53756],[-63.49211,-11.53985],[-63.5203,-11.58008],[-63.53658,-11.58767],[-63.54189,-11.59766],[-63.55228,-11.59371],[-63.57456,-11.60884],[-63.60174,-11.60458],[-63.60378,-11.6015],[-63.59848,-11.59347],[-63.60816,-11.57003],[-63.60445,-11.56332],[-63.61533,-11.55424],[-63.61461,-11.54458],[-63.62308,-11.538],[-63.61219,-11.53695],[-63.61614,-11.53147],[-63.61072,-11.52874],[-63.61253,-11.51992],[-63.60397,-11.50734],[-63.59433,-11.50425],[-63.59947,-11.49995],[-63.60597,-11.49099],[-63.61686,-11.48946],[-63.61433,-11.48184],[-63.60722,-11.48105],[-63.60478,-11.45493],[-63.59853,-11.44175],[-63.59141,-11.44512],[-63.59964,-11.4368],[-63.59555,-11.42398],[-63.60155,-11.41331],[-63.59371,-11.41596],[-63.58208,-11.41123],[-63.57988,-11.41645],[-63.56533,-11.41221],[-63.55485,-11.41834],[-63.54866,-11.41327],[-63.5573,-11.40294],[-63.54857,-11.38817],[-63.54071,-11.38997],[-63.54052,-11.38005],[-63.51936,-11.3713],[-63.5291,-11.33785],[-63.54288,-11.3261],[-63.5371,-11.316],[-63.54037,-11.30673],[-63.51759,-11.27963],[-63.52157,-11.27226],[-63.52032,-11.2523],[-63.49976,-11.24088],[-63.49162,-11.2294],[-63.48304,-11.18263],[-63.50242,-11.14285],[-63.50398,-11.12535],[-63.52654,-11.10668],[-63.53629,-11.0866],[-63.5342,-11.0594],[-63.52795,-11.04549]]]},"properties":{"CD_MUN":"1100320","NM_MUN":"São Miguel do Guaporé","SIGLA_UF":"RO"}},{"type":"Feature","geometry":{"type":"Polygon","coordinates":[[[-61.89062,-11.90834],[-61.88329,-11.88491],[-61.86923,-11.88475],[-61.86612,-11.875],[-61.83879,-11.86826],[-61.8367,-11.86198],[-61.56539,-11.86034],[-61.53136,-11.85977],[-61.53029,-12.08881],[-61.6784,-12.08952],[-61.67558,-12.42904],[-61.68675,-12.41925],[-61.69069,-12.39918],[-61.71672,-12.38101],[-61.71766,-12.36946],[-61.726,-12.35974],[-61.72416,-12.34681],[-61.72944,-12.33891],[-61.72577,-12.3315],[-61.75316,-12.27478],[-61.7403,-12.25151],[-61.74733,-12.199],[-61.77135,-12.16231],[-61.7741,-12.1504],[-61.79666,-12.12597],[-61.8031,-12.09935],[-61.81502,-12.09543],[-61.81691,-12.08547],[-61.82513,-12.08284],[-61.83558,-12.07016],[-61.83224,-12.02117],[-61.84874,-11.999],[-61.84335,-11.98634],[-61.86062,-11.97587],[-61.87337,-11.98416],[-61.88002,-11.97067],[-61.89279,-11.96515],[-61.89062,-11.90834]]]},"properties":{"CD_MUN":"1100296","NM_MUN":"Santa Luzia D'Oeste","SIGLA_UF":"RO"}},{"type":"Feature","geometry":{"type":"Polygon","coordinates":[[[-60.46311,-11.46471],[-60.45583,-11.45259],[-60.43775,-11.44669],[-60.43714,-11.42419],[-60.44205,-11.4227],[-60.44316,-11.40518],[-60.44769,-11.40451],[-60.44678,-11.39914],[-60.4585,-11.38411],[-60.46055,-11.358],[-60.47552,-11.36822],[-60.4838,-11.36831],[-60.48472,-11.34975],[-60.49539,-11.34704],[-60.49067,-11.33405],[-60.49319,-11.31838],[-60.48858,-11.31247],[-60.4926,-11.30555],[-60.48352,-11.29271],[-60.51019,-11.27743],[-60.51441,-11.26647],[-60.52305,-11.26167],[-60.52777,-11.25433],[-60.52474,-11.24358],[-60.52849,-11.2426],[-60.53169,-11.22068],[-60.53727,-11.21582],[-60.53288,-11.18494],[-60.52205,-11.17668],[-60.5181,-11.14803],[-60.52035,-11.14303],[-60.53157,-11.14294],[-60.5354,-11.1359],[-60.51988,-11.13],[-60.52693,-11.11494],[-60.50754,-11.10166],[-60.51396,-11.09147],[-60.51035,-11.08305],[-60.51254,-11.06616],[-60.50091,-11.06397],[-60.47496,-11.04587],[-60.4647,-11.0229],[-60.46776,-10.99545],[-60.45976,-10.98967],[-60.45218,-10.9931],[-60.4499,-11.00828],[-60.43765,-11.0165],[-60.44634,-11.04196],[-60.42959,-11.03725],[-60.41381,-11.0433],[-60.4141,-11.06729],[-60.40385,-11.06918],[-60.39126,-11.09361],[-60.37295,-11.09394],[-60.34767,-11.10885],[-60.34168,-11.08245],[-60.34815,-11.07386],[-60.33426,-11.0827],[-60.31723,-11.06491],[-60.30095,-11.05697],[-60.29115,-11.06531],[-60.28206,-11.06383],[-60.27773,-11.0794],[-60.28054,-11.09135],[-60.2707,-11.09851],[-60.26487,-11.09348],[-60.23856,-11.09476],[-60.2272,-11.10525],[-60.21025,-11.10662],[-60.20306,-11.11328],[-60.19117,-11.11393],[-60.17731,-11.09908],[-60.15898,-11.09547],[-60.1422,-11.10556],[-60.13603,-11.10121],[-60.12011,-11.10672],[-60.11239,-11.10236],[-60.09589,-11.1106],[-60.08906,-11.10873],[-60.08955,-11.10028],[-60.08395,-11.09666],[-60.07472,-11.10485],[-60.06642,-11.12532],[-60.04375,-11.12409],[-60.03714,-11.11717],[-60.03172,-11.1276],[-60.02261,-11.13039],[-60.01544,-11.1161],[-60.01284,-11.12235],[-59.99503,-11.125],[-59.98655,-11.11434],[-59.97647,-11.12221],[-59.97964,-11.13962],[-59.98881,-11.13786],[-59.98464,-11.14686],[-59.99747,-11.15118],[-59.98011,-11.17942],[-59.97092,-11.18003],[-59.96372,-11.18893],[-59.96756,-11.19769],[-59.98084,-11.20358],[-59.98172,-11.23332],[-59.96761,-11.25275],[-59.96822,-11.26623],[-59.96014,-11.27722],[-59.95917,-11.29456],[-59.94973,-11.30423],[-59.92747,-11.31025],[-59.92011,-11.32673],[-59.91756,-11.34618],[-59.92423,-11.35209],[-59.92515,-11.3616],[-59.91962,-11.37585],[-59.92034,-11.39783],[-59.92562,-11.41531],[-59.93412,-11.42349],[-59.94174,-11.42262],[-59.94448,-11.43214],[-59.95207,-11.43625],[-59.97596,-11.43904],[-59.98512,-11.46916],[-60.01535,-11.48842],[-60.01768,-11.49586],[-60.03096,-11.493],[-60.03252,-11.49938],[-60.02768,-11.50773],[-60.05241,-11.52837],[-60.05718,-11.54193],[-60.08641,-11.56077],[-60.0905,-11.55471],[-60.09388,-11.56267],[-60.08693,-11.56796],[-60.0981,-11.56772],[-60.09136,-11.57593],[-60.10133,-11.57719],[-60.09416,-11.58571],[-60.11064,-11.58232],[-60.11385,-11.58732],[-60.10964,-11.61537],[-60.11502,-11.61911],[-60.11077,-11.62066],[-60.11136,-11.64274],[-60.11761,-11.64562],[-60.11427,-11.66121],[-60.12214,-11.68223],[-60.11722,-11.68886],[-60.11592,-11.70654],[-60.12139,-11.71193],[-60.11222,-11.72208],[-60.11642,-11.72913],[-60.11094,-11.74809],[-60.10711,-11.7488],[-60.11211,-11.75909],[-60.10273,-11.77234],[-60.10889,-11.78039],[-60.10081,-11.78045],[-60.10523,-11.78233],[-60.10261,-11.78987],[-60.10822,-11.79295],[-60.09839,-11.79416],[-60.09556,-11.79961],[-60.1005,-11.79784],[-60.10439,-11.80268],[-60.09864,-11.80371],[-60.10134,-11.8144],[-60.09539,-11.81805],[-60.10309,-11.81901],[-60.099,-11.82985],[-60.10851,-11.8394],[-60.10003,-11.83609],[-60.09362,-11.84899],[-60.09598,-11.85868],[-60.09234,-11.85298],[-60.09087,-11.86096],[-60.08306,-11.85832],[-60.07967,-11.86375],[-60.08517,-11.86751],[-60.07825,-11.87005],[-60.07637,-11.88512],[-60.06025,-11.89484],[-60.05012,-11.8977],[-60.03939,-11.89254],[-60.03317,-11.89852],[-60.01181,-11.89287],[-59.99517,-11.90915],[-59.98553,-11.91191],[-59.9832,-11.92037],[-59.98848,-11.92932],[-59.97989,-11.94352],[-59.98672,-11.95993],[-59.97109,-11.96978],[-59.97406,-11.97615],[-59.97012,-11.98885],[-59.97931,-11.99112],[-59.9694,-12.00019],[-59.96673,-12.00837],[-59.9744,-12.01494],[-59.97909,-12.02938],[-59.96931,-12.0323],[-59.96173,-12.0562],[-59.92901,-12.07829],[-59.92351,-12.0936],[-59.91229,-12.09898],[-59.89954,-12.11706],[-59.8999,-12.17071],[-59.91057,-12.18623],[-59.89207,-12.24529],[-59.88654,-12.24492],[-59.7741,-12.3408],[-59.79268,-12.34562],[-59.80524,-12.36846],[-59.81904,-12.3786],[-59.81852,-12.38973],[-59.83229,-12.40124],[-59.8423,-12.42469],[-59.8411,-12.45921],[-59.84772,-12.47189],[-59.86825,-12.48221],[-59.90255,-12.47175],[-59.90742,-12.48006],[-59.92105,-12.47951],[-59.93497,-12.48692],[-59.93613,-12.49491],[-59.95722,-12.50205],[-59.97314,-12.5302],[-60.0007,-12.53607],[-60.02245,-12.55616],[-60.03431,-12.59481],[-60.0589,-12.60412],[-60.0677,-12.61302],[-60.06142,-12.63864],[-60.07784,-12.6644],[-60.07751,-12.69666],[-60.09031,-12.72779],[-60.07396,-12.78085],[-60.08446,-12.83715],[-60.07896,-12.87377],[-60.08105,-12.88914],[-60.10491,-12.9193],[-60.11694,-12.9594],[-60.13063,-12.96151],[-60.14011,-12.97035],[-60.15094,-12.9642],[-60.15633,-12.9686],[-60.18314,-12.96747],[-60.18905,-12.97098],[-60.19192,-12.98213],[-60.20119,-12.98796],[-60.20564,-13.00027],[-60.21398,-13.00724],[-60.21561,-13.02718],[-60.24111,-13.0383],[-60.24831,-13.05546],[-60.25537,-13.05853],[-60.26698,-13.07758],[-60.28329,-13.08069],[-60.28498,-13.09788],[-60.27951,-13.10283],[-60.2827,-13.10643],[-60.27745,-13.11295],[-60.28134,-13.12023],[-60.27648,-13.12711],[-60.28095,-13.13591],[-60.26884,-13.14527],[-60.29651,-13.1775],[-60.30418,-13.1787],[-60.30857,-13.19983],[-60.32823,-13.23013],[-60.32543,-13.25311],[-60.33293,-13.25788],[-60.34732,-13.25024],[-60.34318,-13.23237],[-60.34923,-13.21669],[-60.35735,-13.20993],[-60.35393,-13.20667],[-60.35379,-13.17439],[-60.36029,-13.16465],[-60.34712,-13.15181],[-60.34515,-13.12773],[-60.35573,-13.10164],[-60.35037,-13.08189],[-60.35851,-13.07814],[-60.36026,-13.07111],[-60.35376,-13.04796],[-60.35853,-13.05095],[-60.3642,-13.04517],[-60.35012,-13.01762],[-60.36148,-12.99213],[-60.38137,-12.98478],[-60.38734,-12.97026],[-60.38547,-12.95641],[-60.40923,-12.94585],[-60.41098,-12.94036],[-60.43184,-12.93901],[-60.43762,-12.93445],[-60.43717,-12.91885],[-60.44217,-12.92575],[-60.47173,-12.92492],[-60.48156,-12.9344],[-60.48853,-12.95256],[-60.50609,-12.94871],[-60.52559,-12.97039],[-60.54559,-12.95755],[-60.56907,-12.97635],[-60.58609,-12.96916],[-60.59379,-12.97058],[-60.60451,-12.98986],[-60.61324,-12.99426],[-60.59921,-12.94581],[-60.58916,-12.93362],[-60.59672,-12.91455],[-60.58137,-12.86516],[-60.58561,-12.84952],[-60.57487,-12.82947],[-60.57672,-12.80533],[-60.56159,-12.77101],[-60.56158,-12.76334],[-60.56793,-12.76282],[-60.57172,-12.74938],[-60.59185,-12.74146],[-60.60391,-12.74653],[-60.60519,-12.74179],[-60.6113,-12.74335],[-60.61137,-12.73434],[-60.61697,-12.73155],[-60.621,-12.73683],[-60.62604,-12.73228],[-60.63052,-12.74065],[-60.63915,-12.74128],[-60.65125,-12.73535],[-60.67156,-12.73554],[-60.68175,-12.72859],[-60.68857,-12.73253],[-60.69655,-12.72552],[-60.71866,-12.73301],[-60.72819,-12.72962],[-60.73596,-12.7366],[-60.74243,-12.73577],[-60.74351,-12.74063],[-60.76582,-12.73689],[-60.77134,-12.74184],[-60.77843,-12.7374],[-60.78473,-12.74185],[-60.78374,-12.74761],[-60.78969,-12.74787],[-60.78975,-12.7556],[-60.80085,-12.75191],[-60.80365,-12.7583],[-60.81675,-12.75192],[-60.82066,-12.75878],[-60.82237,-12.7505],[-60.83639,-12.74727],[-60.83533,-12.73834],[-60.84427,-12.73668],[-60.84039,-12.72619],[-60.84973,-12.72471],[-60.8556,-12.7325],[-60.85397,-12.72048],[-60.87011,-12.71956],[-60.87255,-12.71057],[-60.88521,-12.70334],[-60.88289,-12.68989],[-60.89632,-12.69062],[-60.90519,-12.67712],[-60.91303,-12.67389],[-60.90995,-12.65424],[-60.91504,-12.65176],[-60.91425,-12.64214],[-60.92159,-12.64094],[-60.9219,-12.63515],[-60.92992,-12.63724],[-60.93722,-12.62397],[-60.94723,-12.6252],[-60.94724,-12.61631],[-60.96478,-12.61097],[-60.96794,-12.59901],[-60.97773,-12.60236],[-60.9741,-12.59357],[-60.99044,-12.58652],[-60.99415,-12.54583],[-61.00825,-12.53365],[-61.00677,-12.52289],[-61.01824,-12.5138],[-61.02893,-12.5124],[-61.03297,-12.4997],[-61.04806,-12.49559],[-61.0432,-12.47241],[-61.05182,-12.45514],[-61.03995,-12.45754],[-61.04434,-12.43943],[-61.04137,-12.43563],[-61.05098,-12.42215],[-61.05517,-12.40444],[-61.04973,-12.40234],[-61.04242,-12.37425],[-61.04317,-12.3695],[-61.05122,-12.37021],[-61.06033,-12.34868],[-61.07184,-12.36018],[-61.07781,-12.35789],[-61.07773,-12.34946],[-61.06658,-12.33944],[-61.07506,-12.32841],[-61.0725,-12.32253],[-61.06059,-12.32375],[-61.05069,-12.31524],[-61.05286,-12.30982],[-61.0732,-12.30998],[-61.08011,-12.29342],[-61.07303,-12.28755],[-61.05575,-12.29435],[-61.05058,-12.28532],[-61.04564,-12.29011],[-61.03242,-12.28895],[-61.02389,-12.282],[-61.01975,-12.28828],[-61.01244,-12.28642],[-61.00033,-12.29954],[-60.9898,-12.30132],[-60.98703,-12.30801],[-60.97075,-12.30355],[-60.97102,-12.31247],[-60.96191,-12.31531],[-60.96324,-12.3235],[-60.93636,-12.32891],[-60.92122,-12.34325],[-60.91575,-12.3421],[-60.91161,-12.34971],[-60.89466,-12.35388],[-60.88413,-12.37149],[-60.87574,-12.37345],[-60.87189,-12.3663],[-60.86797,-12.37828],[-60.86541,-12.37139],[-60.85953,-12.37384],[-60.85272,-12.36862],[-60.84272,-12.38151],[-60.83106,-12.38446],[-60.82153,-12.37672],[-60.79139,-12.37178],[-60.77183,-12.35386],[-60.7603,-12.35214],[-60.75477,-12.34272],[-60.6994,-12.32388],[-60.69568,-12.30968],[-60.68446,-12.29712],[-60.68068,-12.27511],[-60.69235,-12.24762],[-60.50031,-12.24742],[-60.30631,-12.24738],[-60.30256,-12.23653],[-60.30878,-12.22365],[-60.30567,-12.19722],[-60.31525,-12.167],[-60.31083,-12.1508],[-60.32472,-12.13527],[-60.33486,-12.0983],[-60.36391,-12.07312],[-60.36011,-12.06369],[-60.37436,-12.05032],[-60.3773,-12.00859],[-60.38283,-12.00045],[-60.38638,-11.98681],[-60.36805,-11.97699],[-60.36341,-11.96453],[-60.34644,-11.95428],[-60.35283,-11.95459],[-60.35279,-11.94682],[-60.37443,-11.93276],[-60.37074,-11.92232],[-60.3766,-11.91501],[-60.37021,-11.90191],[-60.37582,-11.90081],[-60.37471,-11.89001],[-60.38671,-11.8726],[-60.38471,-11.86534],[-60.37707,-11.86301],[-60.38757,-11.85378],[-60.39393,-11.86055],[-60.39438,-11.85309],[-60.40354,-11.84779],[-60.39974,-11.84453],[-60.40407,-11.83894],[-60.42129,-11.82481],[-60.42596,-11.8277],[-60.43357,-11.82333],[-60.42599,-11.81121],[-60.43832,-11.80715],[-60.45193,-11.78725],[-60.46288,-11.78178],[-60.46146,-11.76992],[-60.45465,-11.76412],[-60.45663,-11.74564],[-60.45254,-11.74672],[-60.44376,-11.73053],[-60.4366,-11.73503],[-60.43115,-11.72964],[-60.44112,-11.7271],[-60.4402,-11.71744],[-60.42935,-11.71864],[-60.42504,-11.71475],[-60.4416,-11.71091],[-60.43921,-11.70344],[-60.44498,-11.69749],[-60.45276,-11.70408],[-60.45895,-11.70153],[-60.44979,-11.6911],[-60.44598,-11.67118],[-60.46065,-11.66312],[-60.46098,-11.65779],[-60.45742,-11.65129],[-60.45437,-11.65392],[-60.45407,-11.62715],[-60.43698,-11.61077],[-60.43565,-11.59135],[-60.44151,-11.57372],[-60.43567,-11.5653],[-60.45131,-11.5626],[-60.44034,-11.53755],[-60.44528,-11.53043],[-60.44039,-11.51947],[-60.44589,-11.51122],[-60.44019,-11.50745],[-60.43875,-11.49579],[-60.4465,-11.49735],[-60.4713,-11.48431],[-60.46311,-11.46471]]]},"properties":{"CD_MUN":"1100304","NM_MUN":"Vilhena","SIGLA_UF":"RO"}},{"type":"Feature","geometry":{"type":"Polygon","coordinates":[[[-62.69109,-11.1296],[-62.58392,-11.22456],[-62.4451,-11.17638],[-62.26462,-11.17213],[-62.25236,-11.14011],[-62.25806,-11.13238],[-62.24405,-11.12728],[-62.23871,-11.10773],[-62.22413,-11.10303],[-62.21407,-11.1101],[-62.21741,-11.07635],[-62.21407,-11.07269],[-62.21135,-11.07645],[-62.20268,-11.07344],[-62.2001,-11.06416],[-62.18779,-11.05279],[-62.18601,-11.07072],[-62.17177,-11.06628],[-62.17513,-11.07539],[-62.15899,-11.06755],[-62.15318,-11.0746],[-62.15827,-11.07775],[-62.16032,-11.08919],[-62.16679,-11.09189],[-62.14583,-11.1148],[-62.14955,-11.15121],[-62.13343,-11.17089],[-62.12996,-11.18479],[-62.11963,-11.18509],[-62.11685,-11.19091],[-62.12072,-11.19771],[-62.13935,-11.20753],[-62.14871,-11.22896],[-62.16705,-11.24184],[-62.17296,-11.25958],[-62.18225,-11.25993],[-62.18247,-11.2829],[-62.15722,-11.27768],[-62.14319,-11.28067],[-62.13591,-11.29809],[-62.12028,-11.2945],[-62.11027,-11.28234],[-62.10036,-11.28288],[-62.09963,-11.29145],[-62.09305,-11.29561],[-62.09469,-11.29985],[-62.10205,-11.29772],[-62.10483,-11.30386],[-62.1063,-11.32712],[-62.11428,-11.33509],[-62.11983,-11.36844],[-62.12705,-11.37246],[-62.12877,-11.38186],[-62.13869,-11.38339],[-62.14053,-11.39243],[-62.15086,-11.394],[-62.15703,-11.40755],[-62.17297,-11.4182],[-62.17825,-11.43038],[-62.19014,-11.43042],[-62.19711,-11.42327],[-62.21723,-11.43486],[-62.237,-11.43423],[-62.23981,-11.42875],[-62.252,-11.43394],[-62.25806,-11.43032],[-62.26448,-11.43738],[-62.27551,-11.43791],[-62.27809,-11.44402],[-62.2857,-11.44298],[-62.29585,-11.46363],[-62.30604,-11.46836],[-62.30559,-11.4795],[-62.32148,-11.49763],[-62.33993,-11.50635],[-62.35082,-11.5288],[-62.36946,-11.5373],[-62.38082,-11.56075],[-62.41071,-11.56603],[-62.42068,-11.57403],[-62.42563,-11.59738],[-62.43902,-11.6155],[-62.44269,-11.60402],[-62.46352,-11.60193],[-62.46163,-11.58916],[-62.46732,-11.57971],[-62.4793,-11.57433],[-62.48971,-11.55783],[-62.48763,-11.53926],[-62.50549,-11.51942],[-62.50852,-11.50011],[-62.5193,-11.49259],[-62.52682,-11.47687],[-62.54366,-11.47819],[-62.55513,-11.46843],[-62.57699,-11.47852],[-62.58538,-11.49104],[-62.60502,-11.48016],[-62.63999,-11.44328],[-62.65052,-11.44885],[-62.66894,-11.43372],[-62.67922,-11.43182],[-62.69433,-11.43257],[-62.71891,-11.44857],[-62.75272,-11.44405],[-62.75447,-11.43986],[-62.72799,-11.41234],[-62.73241,-11.39411],[-62.77555,-11.38617],[-62.78574,-11.36474],[-62.79852,-11.35497],[-62.80235,-11.33702],[-62.82433,-11.33453],[-62.8291,-11.32908],[-62.83046,-11.31177],[-62.83774,-11.303],[-62.8633,-11.31262],[-62.87052,-11.30941],[-62.89374,-11.31582],[-62.93986,-11.35476],[-62.95156,-11.35769],[-62.95955,-11.35696],[-62.97186,-11.34541],[-62.99186,-11.34615],[-63.00097,-11.33946],[-63.00886,-11.34537],[-63.02981,-11.336],[-63.04514,-11.33769],[-63.08842,-11.35593],[-63.1018,-11.333],[-63.09581,-11.30773],[-63.10311,-11.27953],[-63.1177,-11.25845],[-63.1133,-11.247],[-63.10553,-11.24095],[-63.10225,-11.22586],[-63.08097,-11.20808],[-63.06547,-11.20712],[-63.05613,-11.19366],[-63.0248,-11.18343],[-63.0163,-11.18435],[-63.00021,-11.2011],[-62.99013,-11.20361],[-62.96805,-11.19957],[-62.93874,-11.20794],[-62.90969,-11.2021],[-62.89235,-11.21194],[-62.88213,-11.20166],[-62.86846,-11.20217],[-62.86888,-11.19818],[-62.86238,-11.1986],[-62.86326,-11.19377],[-62.8551,-11.19155],[-62.85455,-11.19761],[-62.84132,-11.19689],[-62.83379,-11.20177],[-62.82443,-11.19927],[-62.8256,-11.19539],[-62.81396,-11.18714],[-62.79765,-11.19168],[-62.79632,-11.19646],[-62.78668,-11.19047],[-62.77979,-11.19337],[-62.77391,-11.19009],[-62.7681,-11.19573],[-62.76387,-11.18287],[-62.75482,-11.17806],[-62.75315,-11.18307],[-62.74615,-11.17656],[-62.73627,-11.18314],[-62.73668,-11.17724],[-62.72907,-11.17809],[-62.73745,-11.16896],[-62.73579,-11.1653],[-62.72837,-11.16647],[-62.72818,-11.15865],[-62.73432,-11.15585],[-62.72857,-11.14781],[-62.72415,-11.15055],[-62.72231,-11.14106],[-62.71473,-11.14243],[-62.71337,-11.13795],[-62.70865,-11.14119],[-62.71048,-11.1348],[-62.69795,-11.12764],[-62.69109,-11.1296]]]},"properties":{"CD_MUN":"1100346","NM_MUN":"Alvorada D'Oeste","SIGLA_UF":"RO"}},{"type":"Feature","geometry":{"type":"Polygon","coordinates":[[[-65.33277,-9.944],[-65.32513,-9.94386],[-65.3178,-9.93627],[-65.29169,-9.95394],[-65.2845,-9.95404],[-65.27694,-9.96311],[-65.25099,-9.96064],[-65.22755,-9.9688],[-65.21202,-9.96172],[-65.19421,-9.96189],[-65.18499,-9.96924],[-65.18182,-9.98003],[-65.1716,-9.98647],[-65.16654,-9.99997],[-64.26451,-10.00016],[-64.25735,-10.01273],[-64.26065,-10.01418],[-64.2566,-10.03597],[-64.24852,-10.03964],[-64.24346,-10.04899],[-64.24399,-10.06836],[-64.23163,-10.08074],[-64.24219,-10.09698],[-64.24202,-10.11793],[-64.22968,-10.13194],[-64.23227,-10.14224],[-64.22821,-10.15134],[-64.23494,-10.16779],[-64.20896,-10.19613],[-64.21241,-10.21803],[-64.20197,-10.21784],[-64.20113,-10.23556],[-64.20558,-10.24076],[-64.20191,-10.23872],[-64.19686,-10.24543],[-64.19088,-10.2709],[-64.20555,-10.30116],[-64.21983,-10.30702],[-64.22477,-10.31736],[-64.21833,-10.33346],[-64.22103,-10.35242],[-64.20547,-10.35929],[-64.19472,-10.37323],[-64.18369,-10.39278],[-64.18508,-10.40147],[-64.17328,-10.40197],[-64.16767,-10.40965],[-64.15531,-10.41163],[-64.15462,-10.42074],[-64.14583,-10.42523],[-64.14508,-10.4328],[-64.13625,-10.43421],[-64.13794,-10.44105],[-64.12858,-10.44548],[-64.12517,-10.43644],[-64.10917,-10.44446],[-64.10755,-10.44962],[-64.10064,-10.44781],[-64.08697,-10.46608],[-64.07961,-10.46292],[-64.06269,-10.47276],[-64.05625,-10.46609],[-64.0465,-10.47083],[-64.02639,-10.46312],[-64.0217,-10.47003],[-64.0083,-10.47426],[-64.00761,-10.49044],[-63.99281,-10.4991],[-63.98847,-10.51118],[-63.97769,-10.51277],[-63.96886,-10.52153],[-63.97236,-10.52619],[-63.98258,-10.52394],[-63.98858,-10.5329],[-63.97939,-10.53652],[-63.99942,-10.54871],[-64.00942,-10.54472],[-64.00744,-10.55752],[-64.01503,-10.5651],[-64.0167,-10.58509],[-64.00034,-10.60367],[-63.98883,-10.60842],[-63.99206,-10.61235],[-63.98531,-10.61973],[-63.98536,-10.63371],[-63.97731,-10.62509],[-63.97795,-10.61861],[-63.95494,-10.62368],[-63.95639,-10.62928],[-63.93525,-10.63124],[-63.93025,-10.63754],[-63.92695,-10.64867],[-63.9327,-10.65783],[-63.93089,-10.66485],[-63.9152,-10.67671],[-63.91278,-10.68853],[-63.90562,-10.69059],[-63.9025,-10.69956],[-63.9035,-10.71292],[-63.89631,-10.72882],[-63.89859,-10.75083],[-63.88251,-10.75534],[-63.87692,-10.76867],[-63.86314,-10.77268],[-63.85984,-10.7688],[-63.85165,-10.78393],[-63.84848,-10.77994],[-63.83853,-10.78115],[-63.83686,-10.79012],[-63.81234,-10.80136],[-63.79964,-10.79373],[-63.78672,-10.79616],[-63.76764,-10.81699],[-63.74914,-10.81429],[-63.74228,-10.82615],[-63.73392,-10.82713],[-63.70653,-10.83975],[-63.93062,-10.87307],[-63.95102,-10.86216],[-63.96671,-10.86851],[-63.97121,-10.86187],[-63.9694,-10.85028],[-63.97718,-10.84727],[-63.98279,-10.8365],[-64.0084,-10.83804],[-64.01371,-10.86126],[-64.04785,-10.87144],[-64.05835,-10.86684],[-64.06457,-10.86994],[-64.08354,-10.86009],[-64.10824,-10.86214],[-64.1138,-10.86706],[-64.12438,-10.8574],[-64.12752,-10.86146],[-64.13618,-10.86069],[-64.15263,-10.83564],[-64.15493,-10.83078],[-64.16146,-10.83451],[-64.19008,-10.79892],[-64.19769,-10.79795],[-64.20496,-10.7847],[-64.20374,-10.77633],[-64.2181,-10.76625],[-64.21727,-10.7618],[-64.23246,-10.76379],[-64.23504,-10.75322],[-64.25152,-10.75269],[-64.26199,-10.76099],[-64.27246,-10.75522],[-64.29077,-10.76084],[-64.31785,-10.75403],[-64.32499,-10.75903],[-64.34319,-10.75696],[-64.36569,-10.77529],[-64.38113,-10.76819],[-64.39458,-10.7897],[-64.41208,-10.79675],[-64.40972,-10.82418],[-64.43191,-10.82656],[-64.44614,-10.83515],[-64.45583,-10.83463],[-64.4637,-10.8269],[-64.48034,-10.83276],[-64.49406,-10.831],[-64.50906,-10.81441],[-64.52472,-10.81642],[-64.54064,-10.79257],[-64.55209,-10.79496],[-64.56667,-10.8082],[-64.59325,-10.8095],[-64.60031,-10.8002],[-64.61536,-10.79961],[-64.61545,-10.79521],[-64.62698,-10.79251],[-64.62626,-10.78836],[-64.64034,-10.78722],[-64.65886,-10.76853],[-64.65961,-10.76026],[-64.74371,-10.4548],[-64.77335,-10.47773],[-64.79055,-10.47806],[-64.80391,-10.4926],[-64.81105,-10.51068],[-64.82328,-10.51038],[-64.82597,-10.50019],[-64.83303,-10.49713],[-64.84169,-10.5078],[-64.90086,-10.54256],[-64.92626,-10.53947],[-64.94031,-10.51824],[-64.97489,-10.51243],[-65.00439,-10.52221],[-65.04701,-10.52213],[-65.06612,-10.5293],[-65.08843,-10.5249],[-65.11734,-10.52778],[-65.13826,-10.53943],[-65.18215,-10.5384],[-65.20554,-10.56335],[-65.21776,-10.55355],[-65.23068,-10.55674],[-65.23507,-10.54658],[-65.24393,-10.55499],[-65.26026,-10.55293],[-65.26232,-10.55881],[-65.28349,-10.5511],[-65.28593,-10.54432],[-65.28863,-10.54697],[-65.29818,-10.54206],[-65.29924,-10.53414],[-65.30505,-10.53528],[-65.30871,-10.5265],[-65.29751,-10.50774],[-65.30323,-10.5018],[-65.31054,-10.50377],[-65.30871,-10.49739],[-65.32249,-10.48086],[-65.33771,-10.47896],[-65.33435,-10.46723],[-65.33927,-10.44743],[-65.35501,-10.43247],[-65.38132,-10.42881],[-65.38018,-10.40067],[-65.39162,-10.37417],[-65.37573,-10.35193],[-65.32178,-10.29739],[-65.31084,-10.25795],[-65.29465,-10.23884],[-65.28864,-10.2196],[-65.30683,-10.16472],[-65.30009,-10.13926],[-65.30039,-10.10063],[-65.31891,-10.08043],[-65.32933,-10.05357],[-65.31986,-10.00069],[-65.32202,-9.97738],[-65.33288,-9.96543],[-65.33277,-9.944]]]},"properties":{"CD_MUN":"1100338","NM_MUN":"Nova Mamoré","SIGLA_UF":"RO"}},{"type":"Feature","geometry":{"type":"Polygon","coordinates":[[[-62.15899,-11.06755],[-62.15777,-11.06114],[-62.16635,-11.05744],[-62.15938,-11.05495],[-62.16912,-11.03653],[-62.1519,-11.04514],[-62.14374,-11.03804],[-62.14421,-11.0302],[-62.12224,-11.01505],[-62.11457,-11.00031],[-62.10779,-11.00403],[-62.10364,-11.00075],[-62.08948,-11.0098],[-62.09301,-11.01152],[-62.09107,-11.02431],[-62.09751,-11.02982],[-62.09601,-11.04476],[-62.07596,-11.06779],[-62.07699,-11.08116],[-62.0666,-11.09516],[-62.06087,-11.09605],[-62.06135,-11.10406],[-62.05493,-11.1083],[-62.05615,-11.12061],[-62.0419,-11.13087],[-62.04732,-11.14582],[-62.04321,-11.15157],[-62.05051,-11.16566],[-62.04446,-11.17558],[-62.04307,-11.21083],[-62.03254,-11.21179],[-62.0381,-11.19534],[-62.02629,-11.18608],[-62.02007,-11.17387],[-62.02621,-11.144],[-62.01454,-11.1278],[-62.00482,-11.12519],[-61.97659,-11.10276],[-61.97623,-11.09086],[-61.94798,-11.08421],[-61.94426,-11.05784],[-61.95087,-11.02666],[-61.95776,-11.0159],[-61.95114,-10.99585],[-61.94189,-10.98655],[-61.74678,-10.98639],[-61.73964,-10.9981],[-61.7505,-11.00295],[-61.75044,-11.03187],[-61.74069,-11.03309],[-61.73219,-11.02573],[-61.72575,-11.02833],[-61.72242,-11.04605],[-61.70867,-11.04206],[-61.70478,-11.05836],[-61.6678,-11.07413],[-61.65261,-11.0905],[-61.65497,-11.10575],[-61.64558,-11.1267],[-61.64719,-11.14098],[-61.64319,-11.14864],[-61.64817,-11.15966],[-61.64175,-11.17525],[-61.64073,-11.21161],[-61.62453,-11.22591],[-61.62701,-11.23257],[-61.64131,-11.23253],[-61.64236,-11.24113],[-61.66081,-11.2589],[-61.67554,-11.25434],[-61.6797,-11.26135],[-61.70084,-11.26769],[-61.7069,-11.27793],[-61.70693,-11.29502],[-61.71995,-11.30656],[-61.72676,-11.30087],[-61.73051,-11.30353],[-61.74412,-11.32329],[-61.74206,-11.33327],[-61.74501,-11.34025],[-61.74054,-11.34609],[-61.74432,-11.35589],[-61.74926,-11.3558],[-61.75488,-11.37813],[-61.76666,-11.38045],[-61.76912,-11.38916],[-61.77821,-11.3922],[-61.78279,-11.40179],[-61.79571,-11.39752],[-61.80118,-11.38812],[-61.82227,-11.38159],[-61.83466,-11.38405],[-61.85996,-11.36855],[-61.88293,-11.33264],[-61.89907,-11.32391],[-61.91774,-11.29225],[-61.92363,-11.29156],[-61.9271,-11.29814],[-61.95224,-11.29021],[-61.97113,-11.30153],[-62.0011,-11.28868],[-62.01933,-11.30463],[-62.02607,-11.30545],[-62.04227,-11.29698],[-62.0423,-11.3017],[-62.0563,-11.30604],[-62.07119,-11.29419],[-62.08094,-11.29161],[-62.09305,-11.29561],[-62.09963,-11.29145],[-62.10036,-11.28288],[-62.11027,-11.28234],[-62.12028,-11.2945],[-62.13591,-11.29809],[-62.14319,-11.28067],[-62.15722,-11.27768],[-62.18247,-11.2829],[-62.18225,-11.25993],[-62.17296,-11.25958],[-62.16705,-11.24184],[-62.14871,-11.22896],[-62.13935,-11.20753],[-62.12072,-11.19771],[-62.11685,-11.19091],[-62.11963,-11.18509],[-62.12996,-11.18479],[-62.13343,-11.17089],[-62.14955,-11.15121],[-62.14583,-11.1148],[-62.16679,-11.09189],[-62.16032,-11.08919],[-62.15827,-11.07775],[-62.15318,-11.0746],[-62.15899,-11.06755]]]},"properties":{"CD_MUN":"1100254","NM_MUN":"Presidente Médici","SIGLA_UF":"RO"}},{"type":"Feature","geometry":{"type":"Polygon","coordinates":[[[-62.76386,-8.79781],[-62.76384,-8.79781],[-62.72625,-8.79975],[-62.71516,-8.81103],[-62.70344,-8.81295],[-62.66438,-8.79766],[-62.65472,-8.77596],[-62.62894,-8.77621],[-62.62555,-8.75751],[-62.60354,-8.75007],[-62.58787,-8.76296],[-62.58849,-8.75488],[-62.58163,-8.74479],[-62.57299,-8.74652],[-62.55921,-8.7405],[-62.55224,-8.75076],[-62.53604,-8.75127],[-62.49096,-8.72855],[-62.47659,-8.73508],[-62.4754,-8.75964],[-62.44882,-8.76863],[-62.44768,-8.75274],[-62.43512,-8.75432],[-62.43487,-8.73666],[-62.41632,-8.73574],[-62.40834,-8.747],[-62.39423,-8.74005],[-62.37556,-8.74587],[-62.36883,-8.74351],[-62.36569,-8.75155],[-62.34368,-8.75747],[-62.33963,-8.7651],[-62.34269,-8.78556],[-62.33872,-8.79124],[-62.31139,-8.8035],[-62.31109,-8.80998],[-62.29735,-8.8217],[-62.29811,-8.82796],[-62.28944,-8.82953],[-62.29614,-8.85459],[-62.33343,-8.88088],[-62.32857,-8.9051],[-62.3438,-8.92266],[-62.34483,-8.93248],[-62.32378,-8.94398],[-62.32483,-8.95767],[-62.3298,-8.97728],[-62.34946,-8.99453],[-62.34881,-9.00611],[-62.33737,-9.0192],[-62.32768,-9.05175],[-62.33743,-9.07102],[-62.3274,-9.11708],[-62.33516,-9.21943],[-62.32767,-9.25954],[-62.30722,-9.30958],[-62.3229,-9.3274],[-62.3261,-9.34146],[-62.33389,-9.35019],[-62.34873,-9.35267],[-62.36162,-9.34897],[-62.37281,-9.37544],[-62.38601,-9.36902],[-62.38948,-9.37713],[-62.38601,-9.39521],[-62.41159,-9.42289],[-62.42076,-9.47192],[-62.41621,-9.47883],[-62.42646,-9.49254],[-62.41679,-9.49768],[-62.4279,-9.5128],[-62.42229,-9.5222],[-62.42588,-9.54117],[-62.43627,-9.55659],[-62.45954,-9.56972],[-62.45527,-9.58626],[-62.45899,-9.59742],[-62.47699,-9.61477],[-62.50052,-9.62788],[-62.50533,-9.6483],[-62.51458,-9.65808],[-62.50669,-9.66216],[-62.50941,-9.66806],[-62.5368,-9.6745],[-62.55447,-9.67053],[-62.55844,-9.66966],[-62.5579,-9.67918],[-62.56564,-9.68602],[-62.56701,-9.69674],[-62.58421,-9.7032],[-62.58269,-9.72239],[-62.59888,-9.73629],[-62.60986,-9.73576],[-62.62957,-9.7689],[-62.65434,-9.78064],[-62.6605,-9.81103],[-62.67479,-9.83093],[-62.68004,-9.84743],[-62.71245,-9.82542],[-62.73046,-9.82253],[-62.73737,-9.81569],[-62.74465,-9.82293],[-62.75504,-9.82097],[-62.76082,-9.82489],[-62.76863,-9.82074],[-62.77669,-9.80438],[-62.79604,-9.80022],[-62.80689,-9.77916],[-62.83193,-9.75953],[-62.83662,-9.75083],[-62.99603,-9.75168],[-63.02031,-9.7457],[-63.03382,-9.75157],[-63.10827,-9.75342],[-63.11923,-9.71991],[-63.109,-9.7033],[-63.09845,-9.66803],[-63.07504,-9.64934],[-63.07136,-9.61454],[-63.07779,-9.50777],[-63.09929,-9.48053],[-62.5087,-9.33344],[-62.51608,-9.31378],[-62.50967,-9.28067],[-62.53474,-9.24933],[-62.53324,-9.23154],[-62.56312,-9.20436],[-62.5665,-9.17865],[-62.57517,-9.16289],[-62.57684,-9.13237],[-62.57122,-9.12462],[-62.5637,-9.12333],[-62.565,-9.09545],[-62.54181,-9.08174],[-62.54767,-9.07453],[-62.54272,-9.06715],[-62.54606,-9.06032],[-62.55539,-9.05689],[-62.55405,-9.04921],[-62.57169,-9.03846],[-62.58608,-9.0199],[-62.59459,-9.02574],[-62.60325,-9.01873],[-62.61141,-9.02233],[-62.62297,-9.0121],[-62.62697,-9.00034],[-62.63694,-8.99082],[-62.63391,-8.97196],[-62.64167,-8.96095],[-62.63786,-8.93355],[-62.66252,-8.92339],[-62.65661,-8.91155],[-62.67172,-8.9044],[-62.66197,-8.89172],[-62.6808,-8.88618],[-62.67811,-8.87024],[-62.68694,-8.86409],[-62.68641,-8.85542],[-62.69994,-8.85352],[-62.70147,-8.84318],[-62.70761,-8.8527],[-62.7138,-8.85331],[-62.72991,-8.81915],[-62.7293,-8.82778],[-62.73661,-8.82654],[-62.74591,-8.8149],[-62.75575,-8.81346],[-62.74811,-8.80388],[-62.76283,-8.8033],[-62.76386,-8.79781]]]},"properties":{"CD_MUN":"1100262","NM_MUN":"Rio Crespo","SIGLA_UF":"RO"}},{"type":"Feature","geometry":{"type":"Polygon","coordinates":[[[-61.91283,-11.58481],[-61.59653,-11.58595],[-61.59885,-11.59127],[-61.5906,-11.59709],[-61.5819,-11.59059],[-61.58079,-11.59761],[-61.56663,-11.60269],[-61.54874,-11.61891],[-61.55838,-11.63379],[-61.55516,-11.6436],[-61.55899,-11.65644],[-61.57558,-11.66923],[-61.5681,-11.67498],[-61.56258,-11.69655],[-61.5568,-11.70137],[-61.54391,-11.70041],[-61.54799,-11.70955],[-61.5431,-11.71747],[-61.54805,-11.72164],[-61.54371,-11.72908],[-61.53488,-11.72926],[-61.53705,-11.73794],[-61.53294,-11.7415],[-61.54027,-11.75156],[-61.52116,-11.75912],[-61.52819,-11.77066],[-61.52508,-11.78653],[-61.53794,-11.78815],[-61.5325,-11.79609],[-61.53945,-11.80867],[-61.53789,-11.81528],[-61.56539,-11.86034],[-61.8367,-11.86198],[-61.83879,-11.86826],[-61.86612,-11.875],[-61.86923,-11.88475],[-61.88329,-11.88491],[-61.89062,-11.90834],[-61.90026,-11.89185],[-61.91879,-11.89048],[-61.92315,-11.87711],[-61.92088,-11.86667],[-61.93268,-11.86251],[-61.9616,-11.86889],[-61.96662,-11.86342],[-61.97449,-11.86797],[-61.97796,-11.86427],[-61.99118,-11.86985],[-62.00701,-11.86791],[-62.01957,-11.85761],[-62.04546,-11.86816],[-62.05854,-11.8671],[-62.07363,-11.87862],[-62.09085,-11.87193],[-62.08977,-11.85711],[-62.07236,-11.86197],[-62.06794,-11.85072],[-62.0487,-11.83178],[-62.02657,-11.81977],[-62.01836,-11.79608],[-61.99496,-11.7705],[-61.98891,-11.75233],[-61.95859,-11.73508],[-61.97268,-11.72902],[-61.97706,-11.72164],[-61.97938,-11.71081],[-61.97186,-11.68849],[-61.98067,-11.67545],[-61.95744,-11.6563],[-61.96465,-11.64317],[-61.96223,-11.63117],[-61.9404,-11.62719],[-61.94064,-11.61973],[-61.92669,-11.61584],[-61.92252,-11.6038],[-61.91442,-11.59776],[-61.91283,-11.58481]]]},"properties":{"CD_MUN":"1100288","NM_MUN":"Rolim de Moura","SIGLA_UF":"RO"}},{"type":"Feature","geometry":{"type":"Polygon","coordinates":[[[-61.54874,-11.61891],[-61.35245,-11.61726],[-61.35018,-11.60494],[-61.37012,-11.5784],[-61.36215,-11.56266],[-61.37253,-11.53668],[-61.36717,-11.53455],[-61.37331,-11.50906],[-61.36634,-11.50625],[-61.36042,-11.51384],[-61.35481,-11.50432],[-61.34545,-11.50429],[-61.33081,-11.51309],[-61.32695,-11.50569],[-61.31709,-11.50839],[-61.30681,-11.49897],[-61.30153,-11.5035],[-61.29325,-11.498],[-61.28737,-11.50022],[-61.28961,-11.50443],[-61.28197,-11.50281],[-61.28072,-11.50707],[-61.26903,-11.50774],[-61.26423,-11.51441],[-61.25245,-11.51669],[-61.24945,-11.52563],[-61.22772,-11.52655],[-61.22,-11.51773],[-61.21153,-11.52892],[-60.92084,-11.74905],[-60.92281,-11.73718],[-60.91833,-11.72593],[-60.91128,-11.7221],[-60.90283,-11.72564],[-60.89122,-11.72195],[-60.88961,-11.73086],[-60.88136,-11.72025],[-60.85777,-11.72197],[-60.8575,-11.7278],[-60.84897,-11.72816],[-60.84147,-11.7249],[-60.84322,-11.71933],[-60.82166,-11.69787],[-60.80632,-11.69643],[-60.79849,-11.70219],[-60.78291,-11.6997],[-60.7698,-11.70942],[-60.73349,-11.69484],[-60.71277,-11.69816],[-60.71154,-11.69277],[-60.70296,-11.6997],[-60.67135,-11.69492],[-60.66449,-11.68241],[-60.65865,-11.68215],[-60.65649,-11.66873],[-60.64032,-11.6601],[-60.63963,-11.64971],[-60.59026,-11.62056],[-60.59504,-11.59976],[-60.59235,-11.58889],[-60.57693,-11.58438],[-60.56373,-11.56051],[-60.54253,-11.55003],[-60.51317,-11.48064],[-60.50609,-11.47736],[-60.49101,-11.48265],[-60.47358,-11.46358],[-60.46311,-11.46471],[-60.4713,-11.48431],[-60.4465,-11.49735],[-60.43875,-11.49579],[-60.44019,-11.50745],[-60.44589,-11.51122],[-60.44039,-11.51947],[-60.44528,-11.53043],[-60.44034,-11.53755],[-60.45131,-11.5626],[-60.43567,-11.5653],[-60.44151,-11.57372],[-60.43565,-11.59135],[-60.43698,-11.61077],[-60.45407,-11.62715],[-60.45437,-11.65392],[-60.45742,-11.65129],[-60.46098,-11.65779],[-60.46065,-11.66312],[-60.44598,-11.67118],[-60.44979,-11.6911],[-60.45895,-11.70153],[-60.45276,-11.70408],[-60.44498,-11.69749],[-60.43921,-11.70344],[-60.4416,-11.71091],[-60.42504,-11.71475],[-60.42935,-11.71864],[-60.4402,-11.71744],[-60.44112,-11.7271],[-60.43115,-11.72964],[-60.4366,-11.73503],[-60.44376,-11.73053],[-60.45254,-11.74672],[-60.45663,-11.74564],[-60.45465,-11.76412],[-60.46146,-11.76992],[-60.46288,-11.78178],[-60.45193,-11.78725],[-60.43832,-11.80715],[-60.42599,-11.81121],[-60.43357,-11.82333],[-60.42596,-11.8277],[-60.42129,-11.82481],[-60.40407,-11.83894],[-60.39974,-11.84453],[-60.40354,-11.84779],[-60.39438,-11.85309],[-60.39393,-11.86055],[-60.38757,-11.85378],[-60.37707,-11.86301],[-60.38471,-11.86534],[-60.38671,-11.8726],[-60.37471,-11.89001],[-60.37582,-11.90081],[-60.37021,-11.90191],[-60.3766,-11.91501],[-60.37074,-11.92232],[-60.37443,-11.93276],[-60.35279,-11.94682],[-60.35283,-11.95459],[-60.34644,-11.95428],[-60.36341,-11.96453],[-60.36805,-11.97699],[-60.38638,-11.98681],[-60.38283,-12.00045],[-60.3773,-12.00859],[-60.37436,-12.05032],[-60.36011,-12.06369],[-60.36391,-12.07312],[-60.33486,-12.0983],[-60.32472,-12.13527],[-60.31083,-12.1508],[-60.31525,-12.167],[-60.30567,-12.19722],[-60.30878,-12.22365],[-60.30256,-12.23653],[-60.30631,-12.24738],[-60.50031,-12.24742],[-60.69235,-12.24762],[-60.68068,-12.27511],[-60.68446,-12.29712],[-60.69568,-12.30968],[-60.6994,-12.32388],[-60.75477,-12.34272],[-60.7603,-12.35214],[-60.77183,-12.35386],[-60.79139,-12.37178],[-60.82153,-12.37672],[-60.83106,-12.38446],[-60.84272,-12.38151],[-60.85272,-12.36862],[-60.85953,-12.37384],[-60.86541,-12.37139],[-60.86797,-12.37828],[-60.87189,-12.3663],[-60.87574,-12.37345],[-60.88413,-12.37149],[-60.89466,-12.35388],[-60.91161,-12.34971],[-60.91575,-12.3421],[-60.92122,-12.34325],[-60.93636,-12.32891],[-60.96324,-12.3235],[-60.96191,-12.31531],[-60.97102,-12.31247],[-60.97075,-12.30355],[-60.98703,-12.30801],[-60.9898,-12.30132],[-61.00033,-12.29954],[-61.01244,-12.28642],[-61.01975,-12.28828],[-61.02389,-12.282],[-61.03242,-12.28895],[-61.04564,-12.29011],[-61.05058,-12.28532],[-61.05575,-12.29435],[-61.07303,-12.28755],[-61.08011,-12.29342],[-61.0732,-12.30998],[-61.05286,-12.30982],[-61.05069,-12.31524],[-61.06059,-12.32375],[-61.0725,-12.32253],[-61.07506,-12.32841],[-61.06658,-12.33944],[-61.07773,-12.34946],[-61.07781,-12.35789],[-61.07184,-12.36018],[-61.06033,-12.34868],[-61.05122,-12.37021],[-61.04317,-12.3695],[-61.04242,-12.37425],[-61.04973,-12.40234],[-61.05517,-12.40444],[-61.05098,-12.42215],[-61.04137,-12.43563],[-61.04434,-12.43943],[-61.03995,-12.45754],[-61.05182,-12.45514],[-61.0432,-12.47241],[-61.04806,-12.49559],[-61.06343,-12.50019],[-61.06226,-12.50624],[-61.0484,-12.51148],[-61.05498,-12.51324],[-61.04973,-12.51655],[-61.05254,-12.52324],[-61.0749,-12.53688],[-61.09215,-12.55532],[-61.0931,-12.5647],[-61.12548,-12.58345],[-61.13029,-12.58125],[-61.13974,-12.58762],[-61.14784,-12.58444],[-61.14976,-12.58813],[-61.15641,-12.58345],[-61.17182,-12.59003],[-61.18566,-12.60148],[-61.18413,-12.60574],[-61.19349,-12.60244],[-61.20035,-12.60789],[-61.19474,-12.61608],[-61.20908,-12.63237],[-61.20518,-12.63636],[-61.2135,-12.65407],[-61.20999,-12.66206],[-61.21708,-12.66379],[-61.21391,-12.67514],[-61.22058,-12.68291],[-61.21436,-12.69347],[-61.21589,-12.70784],[-61.21221,-12.712],[-61.20505,-12.71034],[-61.20655,-12.72848],[-61.19211,-12.7489],[-61.18483,-12.75187],[-61.18775,-12.75874],[-61.18161,-12.76675],[-61.19204,-12.78322],[-61.19063,-12.77544],[-61.19527,-12.77052],[-61.19133,-12.76282],[-61.19886,-12.74887],[-61.22825,-12.7471],[-61.23538,-12.73209],[-61.24503,-12.72885],[-61.25161,-12.73197],[-61.2698,-12.72301],[-61.27424,-12.72672],[-61.28194,-12.71986],[-61.29375,-12.72219],[-61.32055,-12.70287],[-61.32847,-12.70364],[-61.34408,-12.69413],[-61.34469,-12.6845],[-61.33952,-12.68137],[-61.34894,-12.6681],[-61.338,-12.65968],[-61.33164,-12.63781],[-61.33785,-12.62639],[-61.34735,-12.6224],[-61.35035,-12.60007],[-61.35505,-12.59603],[-61.35505,-12.57454],[-61.36999,-12.56644],[-61.36716,-12.53563],[-61.38152,-12.52296],[-61.38585,-12.48713],[-61.40019,-12.48685],[-61.41975,-12.50747],[-61.43524,-12.50857],[-61.45046,-12.48512],[-61.47586,-12.46414],[-61.52638,-12.46908],[-61.56314,-12.46472],[-61.57144,-12.47301],[-61.58819,-12.47183],[-61.59425,-12.46649],[-61.60444,-12.46661],[-61.60684,-12.46067],[-61.62558,-12.46453],[-61.63777,-12.45111],[-61.67558,-12.42904],[-61.6784,-12.08952],[-61.53029,-12.08881],[-61.53136,-11.85977],[-61.56539,-11.86034],[-61.53789,-11.81528],[-61.53945,-11.80867],[-61.5325,-11.79609],[-61.53794,-11.78815],[-61.52508,-11.78653],[-61.52819,-11.77066],[-61.52116,-11.75912],[-61.54027,-11.75156],[-61.53294,-11.7415],[-61.53705,-11.73794],[-61.53488,-11.72926],[-61.54371,-11.72908],[-61.54805,-11.72164],[-61.5431,-11.71747],[-61.54799,-11.70955],[-61.54391,-11.70041],[-61.5568,-11.70137],[-61.56258,-11.69655],[-61.5681,-11.67498],[-61.57558,-11.66923],[-61.55899,-11.65644],[-61.55516,-11.6436],[-61.55838,-11.63379],[-61.54874,-11.61891]]]},"properties":{"CD_MUN":"1100189","NM_MUN":"Pimenta Bueno","SIGLA_UF":"RO"}},{"type":"Feature","geometry":{"type":"Polygon","coordinates":[[[-63.62047,-7.96902],[-63.50021,-7.97605],[-62.86627,-7.97561],[-62.85302,-7.9873],[-62.84471,-7.98627],[-62.84127,-7.99471],[-62.83249,-7.99411],[-62.80966,-8.02508],[-62.78586,-8.02608],[-62.74363,-8.04502],[-62.71249,-8.08032],[-62.69194,-8.09265],[-62.69021,-8.10064],[-62.67849,-8.11118],[-62.68516,-8.11618],[-62.67269,-8.14505],[-62.68491,-8.16546],[-62.68266,-8.18031],[-62.67319,-8.19248],[-62.65955,-8.19938],[-62.64961,-8.23676],[-62.61003,-8.25955],[-62.59972,-8.27198],[-62.58505,-8.27162],[-62.56888,-8.28702],[-62.56158,-8.28375],[-62.55561,-8.3065],[-62.56083,-8.31358],[-62.55494,-8.31913],[-62.54878,-8.34189],[-62.55119,-8.35794],[-62.53921,-8.35786],[-62.52514,-8.37509],[-62.5258,-8.3828],[-62.51813,-8.38448],[-62.5005,-8.36587],[-62.4866,-8.35896],[-62.47858,-8.34542],[-62.46514,-8.33949],[-62.43191,-8.37178],[-62.38369,-8.3773],[-62.36474,-8.39076],[-62.35963,-8.40674],[-62.36894,-8.44587],[-62.36339,-8.47798],[-62.36572,-8.49331],[-62.35364,-8.51145],[-62.33702,-8.51639],[-62.334,-8.54594],[-62.32547,-8.56345],[-62.34167,-8.59459],[-62.33545,-8.60923],[-62.28917,-8.63885],[-62.28097,-8.63834],[-62.279,-8.62892],[-62.29397,-8.60519],[-62.29295,-8.59575],[-62.26855,-8.57551],[-62.25572,-8.59081],[-62.24527,-8.5935],[-62.24086,-8.60433],[-62.23817,-8.62174],[-62.2433,-8.62829],[-62.24047,-8.63988],[-62.24467,-8.65137],[-62.23672,-8.66324],[-62.24492,-8.67768],[-62.24425,-8.6887],[-62.25778,-8.69047],[-62.27462,-8.70196],[-62.29206,-8.7001],[-62.33045,-8.70906],[-62.3447,-8.69989],[-62.34489,-8.6787],[-62.36689,-8.67262],[-62.36162,-8.68395],[-62.36679,-8.68809],[-62.36259,-8.70326],[-62.37301,-8.71298],[-62.36879,-8.71862],[-62.37751,-8.72804],[-62.37056,-8.72781],[-62.37487,-8.7318],[-62.36656,-8.73685],[-62.36948,-8.74183],[-62.36883,-8.74351],[-62.37556,-8.74587],[-62.39423,-8.74005],[-62.40834,-8.747],[-62.41632,-8.73574],[-62.43487,-8.73666],[-62.43512,-8.75432],[-62.44768,-8.75274],[-62.44882,-8.76863],[-62.4754,-8.75964],[-62.47659,-8.73508],[-62.49096,-8.72855],[-62.53604,-8.75127],[-62.55224,-8.75076],[-62.55921,-8.7405],[-62.57299,-8.74652],[-62.58163,-8.74479],[-62.58849,-8.75488],[-62.58787,-8.76296],[-62.60354,-8.75007],[-62.62555,-8.75751],[-62.62894,-8.77621],[-62.65472,-8.77596],[-62.66438,-8.79766],[-62.70344,-8.81295],[-62.71516,-8.81103],[-62.72625,-8.79975],[-62.76384,-8.79781],[-62.75564,-8.78004],[-62.76121,-8.77877],[-62.76728,-8.76029],[-62.75168,-8.75062],[-62.75608,-8.74853],[-62.75902,-8.73429],[-62.76767,-8.73327],[-62.77017,-8.72188],[-62.78013,-8.71398],[-62.77417,-8.70678],[-62.76432,-8.7078],[-62.76271,-8.71554],[-62.77343,-8.71711],[-62.76486,-8.71821],[-62.76155,-8.72602],[-62.75741,-8.72405],[-62.75227,-8.70355],[-62.76208,-8.68888],[-62.75533,-8.68429],[-62.74502,-8.68853],[-62.74717,-8.67893],[-62.73537,-8.67481],[-62.73147,-8.65576],[-62.72187,-8.65906],[-62.71628,-8.65427],[-62.72545,-8.64924],[-62.73666,-8.6509],[-62.73955,-8.63981],[-62.72679,-8.6395],[-62.74518,-8.62774],[-62.75494,-8.62779],[-62.75545,-8.61702],[-62.74148,-8.60686],[-62.74929,-8.60626],[-62.76915,-8.59087],[-62.77397,-8.60378],[-62.78309,-8.59651],[-62.7646,-8.57482],[-62.77732,-8.57193],[-62.78124,-8.56569],[-62.77217,-8.56824],[-62.76956,-8.56285],[-62.78317,-8.55805],[-62.78683,-8.57084],[-62.79475,-8.57838],[-62.80415,-8.57238],[-62.80393,-8.5595],[-62.81309,-8.56339],[-62.82025,-8.54493],[-62.81349,-8.53923],[-62.82324,-8.53697],[-62.83177,-8.52145],[-62.84201,-8.51888],[-62.84323,-8.50759],[-62.82192,-8.50007],[-63.45024,-8.50016],[-63.4517,-8.5145],[-63.4653,-8.5283],[-63.46607,-8.54558],[-63.48291,-8.5617],[-63.47243,-8.5698],[-63.44665,-8.57145],[-63.4451,-8.58486],[-63.45885,-8.5957],[-63.50061,-8.6051],[-63.51173,-8.60859],[-63.51657,-8.61977],[-63.52395,-8.62385],[-63.52163,-8.63674],[-63.53046,-8.64541],[-63.54399,-8.63177],[-63.54836,-8.63618],[-63.56433,-8.62691],[-63.56738,-8.63567],[-63.56031,-8.65835],[-63.56191,-8.67843],[-63.57211,-8.66912],[-63.58142,-8.66932],[-63.57614,-8.66055],[-63.58631,-8.65779],[-63.59131,-8.68445],[-63.61246,-8.70247],[-63.61584,-8.69407],[-63.63583,-8.70907],[-63.62685,-8.71971],[-63.63024,-8.7267],[-63.64476,-8.72187],[-63.65363,-8.73297],[-63.65399,-8.72056],[-63.64006,-8.71558],[-63.65557,-8.70572],[-63.67145,-8.71443],[-63.66865,-8.69738],[-63.67982,-8.70076],[-63.68334,-8.7134],[-63.6951,-8.70907],[-63.69671,-8.69899],[-63.69801,-8.70581],[-63.71173,-8.7159],[-63.69591,-8.71582],[-63.68667,-8.73134],[-63.70036,-8.73984],[-63.70727,-8.73724],[-63.7041,-8.76215],[-63.71196,-8.77249],[-63.71549,-8.75873],[-63.72375,-8.76484],[-63.72036,-8.77637],[-63.70429,-8.77655],[-63.70552,-8.78971],[-63.71024,-8.79405],[-63.71786,-8.79004],[-63.71974,-8.79971],[-63.6991,-8.80565],[-63.7064,-8.82033],[-63.71904,-8.82139],[-63.72807,-8.82808],[-63.72842,-8.83497],[-63.74267,-8.82288],[-63.749,-8.83896],[-63.74481,-8.84484],[-63.73931,-8.83878],[-63.72877,-8.84278],[-63.74892,-8.85107],[-63.73934,-8.85996],[-63.74736,-8.86282],[-63.75091,-8.87211],[-63.74028,-8.8808],[-63.73855,-8.87395],[-63.7226,-8.88704],[-63.73645,-8.88728],[-63.7377,-8.89133],[-63.74475,-8.88819],[-63.74398,-8.89515],[-63.73591,-8.90112],[-63.74274,-8.91061],[-63.73996,-8.91803],[-63.72831,-8.91864],[-63.72335,-8.92379],[-63.7442,-8.92514],[-63.73997,-8.93349],[-63.75398,-8.93419],[-63.75248,-8.94009],[-63.74645,-8.93661],[-63.73699,-8.9567],[-63.73198,-8.95245],[-63.72936,-8.95562],[-63.73551,-8.96276],[-63.74853,-8.95668],[-63.74276,-8.96703],[-63.75082,-8.969],[-63.75399,-8.98027],[-63.75962,-8.9828],[-63.76195,-8.97135],[-63.76678,-8.96965],[-63.7632,-8.98616],[-63.77424,-8.99582],[-63.78341,-8.99627],[-63.77977,-9.00294],[-63.76902,-9.00289],[-63.77083,-9.01512],[-63.78108,-9.00909],[-63.78612,-9.01096],[-63.78321,-9.01951],[-63.79009,-9.02095],[-63.7927,-9.02778],[-63.78439,-9.04016],[-63.7966,-9.0468],[-63.79411,-9.05569],[-63.78079,-9.05911],[-63.7745,-9.0672],[-63.777,-9.07148],[-63.78279,-9.0689],[-63.78701,-9.08247],[-63.7839,-9.08778],[-63.79251,-9.10386],[-63.78591,-9.11109],[-63.77568,-9.11321],[-63.79449,-9.12861],[-63.77676,-9.13885],[-63.76987,-9.15261],[-63.78507,-9.15992],[-63.78124,-9.1678],[-63.78543,-9.18195],[-63.78079,-9.19114],[-63.76269,-9.18749],[-63.77728,-9.19898],[-63.77754,-9.20263],[-63.77105,-9.20328],[-63.776,-9.21537],[-63.77057,-9.22918],[-63.78023,-9.22996],[-63.7794,-9.24658],[-63.78831,-9.25099],[-63.78508,-9.25746],[-63.77855,-9.25438],[-63.77951,-9.26037],[-63.77333,-9.26467],[-63.7707,-9.25708],[-63.76382,-9.25705],[-63.76997,-9.26294],[-63.76109,-9.2795],[-63.77885,-9.28552],[-63.78303,-9.29341],[-63.77347,-9.29441],[-63.78135,-9.30601],[-63.78568,-9.32777],[-63.78981,-9.3343],[-63.77286,-9.3403],[-63.78198,-9.35112],[-63.77751,-9.35821],[-63.77928,-9.36568],[-63.77187,-9.35964],[-63.7675,-9.3626],[-63.77121,-9.36969],[-63.7841,-9.36995],[-63.78643,-9.37462],[-63.77551,-9.37724],[-63.7652,-9.37042],[-63.77087,-9.3809],[-63.7595,-9.3844],[-63.76278,-9.39299],[-63.75728,-9.39476],[-63.74725,-9.39845],[-63.75312,-9.41007],[-63.74599,-9.40755],[-63.7342,-9.41673],[-63.7453,-9.42308],[-63.73553,-9.43121],[-63.73572,-9.44507],[-63.72188,-9.4433],[-63.71082,-9.44873],[-63.70905,-9.4574],[-63.7041,-9.4534],[-63.70667,-9.44324],[-63.70185,-9.43405],[-63.69045,-9.43674],[-63.68586,-9.41855],[-63.67684,-9.41371],[-63.67839,-9.42251],[-63.66302,-9.42737],[-63.67213,-9.43376],[-63.67068,-9.44225],[-63.65977,-9.44137],[-63.65943,-9.43379],[-63.65589,-9.43731],[-63.64612,-9.43149],[-63.64007,-9.43517],[-63.64261,-9.42083],[-63.6306,-9.43529],[-63.62075,-9.43725],[-63.62467,-9.43032],[-63.62172,-9.4227],[-63.61134,-9.41824],[-63.59739,-9.42531],[-63.59539,-9.41471],[-63.58612,-9.41035],[-63.58241,-9.41034],[-63.5822,-9.41872],[-63.57512,-9.42625],[-63.58207,-9.44385],[-63.56508,-9.43246],[-63.55458,-9.44106],[-63.56605,-9.44527],[-63.55383,-9.46681],[-63.55941,-9.47228],[-63.55305,-9.47434],[-63.553,-9.48258],[-63.55483,-9.48915],[-63.56516,-9.48957],[-63.56789,-9.49482],[-63.54755,-9.50569],[-63.56141,-9.517],[-63.56269,-9.52781],[-63.55058,-9.53351],[-63.54789,-9.55059],[-63.55756,-9.55397],[-63.56097,-9.54511],[-63.5603,-9.55889],[-63.56633,-9.56461],[-63.56364,-9.57676],[-63.56936,-9.58031],[-63.57272,-9.59397],[-63.56687,-9.59856],[-63.57544,-9.60914],[-63.56208,-9.61342],[-63.5642,-9.62319],[-63.55006,-9.62893],[-63.55531,-9.63597],[-63.56772,-9.63972],[-63.57634,-9.65806],[-63.57901,-9.67715],[-63.57332,-9.71572],[-63.5654,-9.73202],[-63.5647,-9.75237],[-63.57151,-9.75967],[-63.57168,-9.78088],[-63.58037,-9.79062],[-63.58029,-9.82982],[-63.58876,-9.85311],[-63.5789,-9.87637],[-63.60126,-9.91455],[-63.61669,-9.92869],[-63.6166,-9.96357],[-63.60597,-9.97226],[-63.60749,-9.9814],[-63.59671,-10.00013],[-64.26451,-10.00016],[-65.16654,-9.99997],[-65.1716,-9.98647],[-65.18182,-9.98003],[-65.18499,-9.96924],[-65.19421,-9.96189],[-65.21202,-9.96172],[-65.22755,-9.9688],[-65.25099,-9.96064],[-65.27694,-9.96311],[-65.2845,-9.95404],[-65.29169,-9.95394],[-65.3178,-9.93627],[-65.32513,-9.94386],[-65.33277,-9.944],[-65.33027,-9.92577],[-65.31207,-9.89285],[-65.28938,-9.86791],[-65.28654,-9.8415],[-65.32032,-9.81426],[-65.32787,-9.77974],[-65.3544,-9.72341],[-65.37518,-9.69935],[-65.39473,-9.6855],[-65.44588,-9.66878],[-65.4413,-9.68607],[-65.44688,-9.69683],[-65.47166,-9.71341],[-65.48143,-9.71392],[-65.48638,-9.70758],[-65.48968,-9.71507],[-65.48274,-9.72733],[-65.50033,-9.72864],[-65.50402,-9.76742],[-65.49891,-9.78109],[-65.51333,-9.79289],[-65.53238,-9.78124],[-65.53911,-9.80168],[-65.56413,-9.80998],[-65.56444,-9.81951],[-65.5528,-9.83513],[-65.55783,-9.84436],[-65.56978,-9.83777],[-65.5968,-9.84163],[-65.60091,-9.8239],[-65.62742,-9.83653],[-65.632,-9.82979],[-65.63377,-9.80663],[-65.638,-9.80455],[-65.64911,-9.81595],[-65.65367,-9.80731],[-65.64399,-9.79387],[-65.65997,-9.79314],[-65.66869,-9.78087],[-65.68919,-9.79958],[-65.6915,-9.81273],[-65.71036,-9.80704],[-65.69983,-9.7879],[-65.70967,-9.77229],[-65.70488,-9.76372],[-65.68767,-9.76885],[-65.68047,-9.76633],[-65.67886,-9.75987],[-65.68586,-9.76081],[-65.68478,-9.74873],[-65.69558,-9.74936],[-65.70488,-9.75706],[-65.72889,-9.75938],[-65.73583,-9.76643],[-65.73714,-9.77956],[-65.74405,-9.7818],[-65.75681,-9.76597],[-65.77247,-9.75791],[-65.76642,-9.73936],[-65.77078,-9.73403],[-65.7795,-9.74056],[-65.77497,-9.76553],[-65.78434,-9.78669],[-65.79433,-9.79151],[-65.79747,-9.78585],[-65.80553,-9.78781],[-65.81292,-9.77096],[-65.80311,-9.76736],[-65.79897,-9.75766],[-65.80808,-9.76179],[-65.81675,-9.75438],[-65.82031,-9.76616],[-65.83001,-9.76716],[-65.84334,-9.78317],[-65.84125,-9.78952],[-65.85848,-9.79488],[-65.87203,-9.78869],[-65.86862,-9.77356],[-65.86167,-9.7675],[-65.87117,-9.75311],[-65.88348,-9.75168],[-65.90289,-9.76654],[-65.91517,-9.76256],[-65.9142,-9.75488],[-65.92011,-9.75238],[-65.92509,-9.75813],[-65.92259,-9.76344],[-65.93387,-9.76865],[-65.94301,-9.75981],[-65.95315,-9.76856],[-65.96698,-9.77037],[-65.97293,-9.77601],[-65.97487,-9.78916],[-65.97395,-9.79763],[-65.96393,-9.80126],[-65.96551,-9.80445],[-65.98176,-9.80127],[-65.98195,-9.8085],[-65.98851,-9.80165],[-65.99848,-9.80201],[-65.99956,-9.79412],[-66.02398,-9.81197],[-66.03468,-9.78724],[-66.07334,-9.78451],[-66.08696,-9.78976],[-66.07815,-9.79581],[-66.09226,-9.81386],[-66.1011,-9.80557],[-66.09734,-9.78946],[-66.10101,-9.78393],[-66.12268,-9.79082],[-66.12757,-9.78625],[-66.14476,-9.79115],[-66.15276,-9.78546],[-66.17229,-9.793],[-66.1769,-9.80362],[-66.19424,-9.80536],[-66.19643,-9.81446],[-66.18565,-9.82207],[-66.19574,-9.81997],[-66.1943,-9.82848],[-66.20349,-9.83434],[-66.21397,-9.8335],[-66.23749,-9.81431],[-66.24171,-9.82669],[-66.24816,-9.82075],[-66.25491,-9.83303],[-66.26316,-9.83036],[-66.27466,-9.83456],[-66.27513,-9.82669],[-66.27955,-9.82843],[-66.28602,-9.84443],[-66.30472,-9.83505],[-66.30811,-9.84018],[-66.31564,-9.83113],[-66.31933,-9.83664],[-66.34847,-9.83961],[-66.3558,-9.84849],[-66.35944,-9.86587],[-66.40397,-9.86394],[-66.41192,-9.88174],[-66.42336,-9.88966],[-66.42142,-9.89483],[-66.41233,-9.89467],[-66.42609,-9.89935],[-66.43214,-9.89273],[-66.42464,-9.87371],[-66.43361,-9.8659],[-66.45992,-9.87386],[-66.45506,-9.87962],[-66.47145,-9.86828],[-66.48703,-9.86916],[-66.49097,-9.8822],[-66.50042,-9.88301],[-66.50042,-9.87507],[-66.51317,-9.87613],[-66.51659,-9.88289],[-66.52783,-9.88675],[-66.5437,-9.87716],[-66.54878,-9.88853],[-66.5617,-9.8806],[-66.56573,-9.88602],[-66.56209,-9.88914],[-66.56714,-9.89437],[-66.5742,-9.88979],[-66.58218,-9.90559],[-66.58742,-9.90002],[-66.61973,-9.8937],[-66.80612,-9.81413],[-66.78042,-9.7911],[-66.77709,-9.76836],[-66.78198,-9.75828],[-66.7752,-9.75279],[-66.75831,-9.76007],[-66.72523,-9.75579],[-66.69164,-9.7336],[-66.68478,-9.71435],[-66.624,-9.68053],[-66.60927,-9.66461],[-66.58614,-9.67327],[-66.55155,-9.65777],[-66.53671,-9.64326],[-66.50044,-9.63327],[-66.49474,-9.60129],[-66.43899,-9.55445],[-66.42341,-9.5255],[-66.39224,-9.50019],[-66.38987,-9.45534],[-66.39593,-9.43723],[-66.41454,-9.42165],[-66.40867,-9.40666],[-66.37459,-9.42608],[-66.35312,-9.41633],[-66.34142,-9.42673],[-66.33303,-9.42738],[-66.31873,-9.41968],[-66.31342,-9.42579],[-66.31467,-9.43353],[-66.30731,-9.43656],[-66.284,-9.43187],[-66.29026,-9.4122],[-66.26761,-9.40947],[-66.25947,-9.41071],[-66.24322,-9.4291],[-66.20456,-9.42569],[-66.17344,-9.43413],[-66.15417,-9.42018],[-66.12369,-9.40849],[-66.05955,-9.41793],[-66.04222,-9.40208],[-66.02644,-9.40055],[-66.00238,-9.40397],[-65.98624,-9.41284],[-65.9701,-9.41288],[-65.95296,-9.42848],[-65.95144,-9.43598],[-65.93168,-9.44731],[-65.91244,-9.48347],[-65.89783,-9.48876],[-65.88071,-9.48718],[-65.86016,-9.51049],[-65.84641,-9.51613],[-65.84805,-9.53204],[-65.82488,-9.52981],[-65.81783,-9.56197],[-65.80519,-9.57023],[-65.79983,-9.58474],[-65.79133,-9.58536],[-65.7768,-9.57628],[-65.77053,-9.56507],[-65.75635,-9.56867],[-65.75013,-9.55334],[-65.74257,-9.55269],[-65.72977,-9.5628],[-65.72335,-9.55878],[-65.69588,-9.50739],[-65.68079,-9.50012],[-65.67924,-9.45111],[-65.67257,-9.44607],[-65.64967,-9.44699],[-65.64143,-9.43319],[-65.59657,-9.41358],[-65.55542,-9.42217],[-65.5222,-9.44662],[-65.50634,-9.44742],[-65.50296,-9.46969],[-65.49259,-9.47338],[-65.47676,-9.47239],[-65.46767,-9.45901],[-65.45645,-9.47024],[-65.44231,-9.46436],[-65.4345,-9.46606],[-65.43189,-9.45836],[-65.44311,-9.41987],[-65.45639,-9.40093],[-65.44592,-9.3704],[-65.44747,-9.34551],[-65.44341,-9.33007],[-65.44889,-9.3243],[-65.4468,-9.3161],[-65.44,-9.31146],[-65.41658,-9.31926],[-65.39331,-9.33932],[-65.385,-9.33775],[-65.3773,-9.32415],[-65.35102,-9.32283],[-65.34247,-9.30919],[-65.30021,-9.2868],[-65.28396,-9.26999],[-65.24643,-9.25738],[-65.21155,-9.27872],[-65.2078,-9.28535],[-65.20874,-9.30936],[-65.1881,-9.34458],[-65.19594,-9.37499],[-65.17333,-9.38517],[-65.1866,-9.41475],[-65.18524,-9.42676],[-65.17711,-9.42636],[-65.14266,-9.44654],[-65.1135,-9.43251],[-65.09763,-9.43224],[-65.08868,-9.4248],[-65.09207,-9.40912],[-65.08585,-9.40452],[-65.07771,-9.40071],[-65.05332,-9.40187],[-65.03546,-9.37455],[-65.03909,-9.35931],[-65.02418,-9.35361],[-65.02179,-9.34574],[-65.00562,-9.34326],[-65.01248,-9.3284],[-65.00163,-9.31763],[-65.00029,-9.30434],[-64.98595,-9.29166],[-64.96265,-9.29251],[-64.95342,-9.271],[-64.93584,-9.25553],[-64.93259,-9.24032],[-64.91945,-9.22],[-64.92631,-9.20519],[-64.9235,-9.19786],[-64.93167,-9.18465],[-64.92876,-9.17736],[-64.93339,-9.15413],[-64.93908,-9.14803],[-64.93969,-9.12429],[-64.93322,-9.12006],[-64.91544,-9.07433],[-64.91703,-9.04286],[-64.9013,-9.04641],[-64.89386,-9.04343],[-64.88699,-9.02893],[-64.87033,-9.01192],[-64.81607,-8.98632],[-64.78371,-8.98899],[-64.76093,-9.02031],[-64.75333,-9.02048],[-64.73029,-9.01223],[-64.71343,-8.99358],[-64.69901,-8.98799],[-64.68309,-8.99334],[-64.67113,-9.01453],[-64.64129,-9.00638],[-64.61082,-9.01618],[-64.58771,-9.00924],[-64.57915,-9.00098],[-64.5786,-8.98814],[-64.56862,-8.99151],[-64.55771,-8.98103],[-64.53337,-8.976],[-64.44631,-8.9766],[-64.37967,-8.94646],[-64.32314,-8.92859],[-64.3093,-8.93422],[-64.32581,-8.97957],[-64.32503,-8.9878],[-64.31106,-8.9962],[-64.2648,-8.98811],[-64.23294,-8.99204],[-64.17475,-8.96031],[-64.14919,-8.95867],[-64.14317,-8.95327],[-64.15144,-8.89697],[-64.14852,-8.87282],[-64.15793,-8.8429],[-64.15493,-8.83514],[-64.13549,-8.82012],[-64.12918,-8.8049],[-64.14449,-8.77618],[-64.14279,-8.74276],[-64.12431,-8.71644],[-64.09448,-8.72809],[-64.06712,-8.71045],[-64.02759,-8.7154],[-64.0352,-8.69329],[-64.01614,-8.66741],[-64.01889,-8.66017],[-64.0049,-8.64147],[-64.00456,-8.62564],[-63.99081,-8.61714],[-63.98592,-8.58537],[-63.97997,-8.58042],[-63.97225,-8.58218],[-63.96531,-8.59566],[-63.94567,-8.60922],[-63.92428,-8.57526],[-63.92289,-8.55902],[-63.94533,-8.55023],[-63.9435,-8.52633],[-63.97061,-8.49907],[-63.97422,-8.48696],[-63.97289,-8.47818],[-63.94055,-8.45199],[-63.9388,-8.44128],[-63.94366,-8.43499],[-63.9776,-8.41986],[-63.97666,-8.40947],[-63.94508,-8.38755],[-63.94382,-8.33092],[-63.93149,-8.32441],[-63.91054,-8.32825],[-63.89462,-8.30176],[-63.8817,-8.29095],[-63.87046,-8.28854],[-63.82504,-8.30588],[-63.79093,-8.33294],[-63.7732,-8.32046],[-63.74626,-8.2699],[-63.72245,-8.24922],[-63.74826,-8.2076],[-63.74673,-8.19831],[-63.72986,-8.17992],[-63.69312,-8.15807],[-63.66959,-8.12147],[-63.66214,-8.10089],[-63.66864,-8.09162],[-63.66669,-8.08133],[-63.63844,-8.04692],[-63.6263,-8.04091],[-63.62147,-8.02934],[-63.62613,-8.01584],[-63.62047,-7.96902]]]},"properties":{"CD_MUN":"1100205","NM_MUN":"Porto Velho","SIGLA_UF":"RO"}},{"type":"Feature","geometry":{"type":"Polygon","coordinates":[[[-61.57433,-9.71757],[-61.56646,-9.72917],[-61.55494,-9.72886],[-61.53119,-9.73969],[-61.5323,-9.75777],[-61.54705,-9.78732],[-61.5246,-9.79551],[-61.52496,-9.80741],[-61.5318,-9.81954],[-61.51794,-9.8228],[-61.50761,-9.86086],[-61.50889,-9.8914],[-61.52467,-9.90636],[-61.52284,-9.92781],[-61.52842,-9.93586],[-61.5227,-9.94738],[-61.53211,-9.95242],[-61.53911,-9.96389],[-61.52767,-9.97023],[-61.5309,-9.98965],[-61.54128,-9.99543],[-61.53981,-9.99931],[-61.55556,-10.03874],[-61.57142,-10.0463],[-61.58406,-10.05938],[-61.5784,-10.07902],[-61.58279,-10.08226],[-61.59524,-10.14397],[-61.60157,-10.15417],[-61.59651,-10.16216],[-61.57826,-10.16298],[-61.56035,-10.17317],[-61.55949,-10.19287],[-61.55143,-10.19757],[-61.57268,-10.20722],[-61.57766,-10.23512],[-61.5716,-10.2591],[-61.55435,-10.27925],[-61.54379,-10.30078],[-61.55252,-10.30802],[-61.53352,-10.33164],[-61.51621,-10.33366],[-61.51161,-10.35019],[-61.50143,-10.35357],[-61.50283,-10.37574],[-61.49677,-10.38937],[-61.48927,-10.39005],[-61.48377,-10.39994],[-61.47122,-10.40494],[-61.47663,-10.41042],[-61.47588,-10.41823],[-61.46691,-10.41509],[-61.46149,-10.4197],[-61.46679,-10.44828],[-61.47577,-10.45452],[-61.46991,-10.46121],[-61.48052,-10.48754],[-61.47869,-10.50038],[-61.47878,-10.52967],[-61.46602,-10.541],[-61.48083,-10.5758],[-61.47717,-10.58948],[-61.48122,-10.59656],[-61.47594,-10.60745],[-61.4893,-10.6296],[-61.47867,-10.64284],[-61.48142,-10.66893],[-61.49384,-10.67655],[-61.49914,-10.69741],[-61.48067,-10.71457],[-61.47211,-10.71477],[-61.47609,-10.7223],[-61.48606,-10.72697],[-61.48811,-10.73627],[-61.48059,-10.74399],[-61.48134,-10.75953],[-61.47615,-10.76758],[-61.48001,-10.78538],[-61.47356,-10.79732],[-61.48798,-10.79938],[-61.49348,-10.78354],[-61.5004,-10.78419],[-61.51082,-10.79461],[-61.50315,-10.80824],[-61.51226,-10.82196],[-61.5086,-10.83423],[-61.52149,-10.84279],[-61.52487,-10.8556],[-61.52265,-10.87872],[-61.52659,-10.88551],[-61.51879,-10.89406],[-61.52404,-10.90455],[-61.51404,-10.90719],[-61.52074,-10.92076],[-61.52299,-10.94005],[-61.51921,-10.94995],[-61.52735,-10.95699],[-61.52983,-10.97882],[-61.54652,-10.97738],[-61.54999,-10.98589],[-61.74678,-10.98639],[-61.94189,-10.98655],[-61.95114,-10.99585],[-61.95776,-11.0159],[-61.95087,-11.02666],[-61.94426,-11.05784],[-61.94798,-11.08421],[-61.97623,-11.09086],[-61.97659,-11.10276],[-62.00482,-11.12519],[-62.01454,-11.1278],[-62.02621,-11.144],[-62.02007,-11.17387],[-62.02629,-11.18608],[-62.0381,-11.19534],[-62.03254,-11.21179],[-62.04307,-11.21083],[-62.04446,-11.17558],[-62.05051,-11.16566],[-62.04321,-11.15157],[-62.04732,-11.14582],[-62.0419,-11.13087],[-62.05615,-11.12061],[-62.05493,-11.1083],[-62.06135,-11.10406],[-62.06087,-11.09605],[-62.0666,-11.09516],[-62.07699,-11.08116],[-62.07596,-11.06779],[-62.09601,-11.04476],[-62.09751,-11.02982],[-62.09107,-11.02431],[-62.09301,-11.01152],[-62.08948,-11.0098],[-62.10364,-11.00075],[-62.10779,-11.00403],[-62.11457,-11.00031],[-62.12224,-11.01505],[-62.14421,-11.0302],[-62.15476,-11.02757],[-62.15882,-11.02039],[-62.16404,-11.01462],[-62.16351,-11.00045],[-61.9602,-10.49782],[-61.92751,-10.48598],[-61.92612,-10.47589],[-61.91251,-10.4566],[-61.91468,-10.42466],[-61.90384,-10.40573],[-61.90817,-10.39439],[-61.89834,-10.38088],[-61.90606,-10.36905],[-61.90384,-10.33964],[-61.90936,-10.32941],[-61.85573,-10.30439],[-61.84053,-10.30895],[-61.82753,-10.30289],[-61.86067,-10.2278],[-61.86569,-10.2057],[-61.8905,-10.19366],[-61.91591,-10.16606],[-61.90961,-10.15072],[-61.91322,-10.1128],[-61.93308,-10.0862],[-61.96827,-10.07767],[-61.97238,-10.06729],[-61.97219,-10.04949],[-61.99458,-10.01439],[-61.96413,-9.98663],[-61.9541,-9.94935],[-61.95021,-9.95503],[-61.93685,-9.94762],[-61.91054,-9.98584],[-61.90924,-9.99569],[-61.91388,-10.00299],[-61.90169,-10.02445],[-61.90541,-10.03946],[-61.89804,-10.04469],[-61.88996,-10.0427],[-61.88782,-10.03549],[-61.88238,-10.03807],[-61.87119,-10.01211],[-61.87355,-10.0001],[-61.85835,-9.9783],[-61.86637,-9.93527],[-61.87676,-9.90754],[-61.86812,-9.89718],[-61.83851,-9.85828],[-61.83701,-9.84863],[-61.84448,-9.83412],[-61.83995,-9.81248],[-61.80636,-9.79962],[-61.80753,-9.77961],[-61.7942,-9.76099],[-61.79808,-9.73812],[-61.791,-9.71891],[-61.77425,-9.71686],[-61.76106,-9.7283],[-61.73386,-9.72539],[-61.71181,-9.73132],[-61.68994,-9.71923],[-61.64464,-9.70666],[-61.60724,-9.68395],[-61.60091,-9.69596],[-61.57433,-9.71757]]]},"properties":{"CD_MUN":"1100122","NM_MUN":"Ji-Paraná","SIGLA_UF":"RO"}},{"type":"Feature","geometry":{"type":"Polygon","coordinates":[[[-62.26855,-8.57551],[-62.24247,-8.58041],[-62.22827,-8.59033],[-62.20281,-8.5947],[-62.18805,-8.59032],[-62.17436,-8.62796],[-62.1763,-8.63667],[-62.19547,-8.63659],[-62.2002,-8.64405],[-62.18111,-8.65763],[-62.16475,-8.67915],[-62.17144,-8.69483],[-62.14847,-8.71807],[-62.1567,-8.73197],[-62.1547,-8.7394],[-62.12464,-8.80143],[-62.09767,-8.80867],[-62.07397,-8.79832],[-62.03072,-8.79946],[-62.021,-8.82336],[-62.00364,-8.82984],[-61.9967,-8.8405],[-61.98489,-8.87837],[-61.97881,-8.873],[-61.9298,-8.88025],[-61.90555,-8.87427],[-61.90267,-8.86264],[-61.87896,-8.8622],[-61.8594,-8.85273],[-61.86341,-8.83122],[-61.85652,-8.818],[-61.86068,-8.80338],[-61.85535,-8.78879],[-61.84296,-8.77917],[-61.84377,-8.74714],[-61.83616,-8.73249],[-61.82777,-8.73239],[-61.8059,-8.74755],[-61.77426,-8.74799],[-61.76176,-8.73691],[-61.76326,-8.72856],[-61.74854,-8.72353],[-61.74404,-8.71717],[-61.73979,-8.70963],[-61.7441,-8.70232],[-61.74151,-8.69496],[-61.71293,-8.68762],[-61.70501,-8.70729],[-61.67323,-8.70478],[-61.65007,-8.71332],[-61.64573,-8.72046],[-61.6302,-8.72173],[-61.62613,-8.72862],[-61.6292,-8.75272],[-61.60568,-8.79448],[-61.58279,-8.79845],[-61.57976,-8.80246],[-61.56801,-8.80085],[-61.54274,-8.81886],[-61.52323,-8.81836],[-61.51337,-8.83671],[-61.51115,-8.86341],[-61.49179,-8.8846],[-61.48413,-8.9059],[-61.46815,-8.91714],[-61.49149,-8.94009],[-61.51988,-8.99951],[-61.53032,-9.04181],[-61.53999,-9.05122],[-61.55433,-9.08877],[-61.55866,-9.11495],[-61.55494,-9.13178],[-61.52295,-9.17998],[-61.51924,-9.19711],[-61.52775,-9.23094],[-61.52478,-9.24385],[-61.53122,-9.24888],[-61.53878,-9.24378],[-61.57664,-9.2373],[-61.59928,-9.25581],[-61.628,-9.25686],[-61.63272,-9.26629],[-61.62709,-9.28327],[-61.61504,-9.27839],[-61.61153,-9.28138],[-61.61509,-9.30602],[-61.61101,-9.3155],[-61.62509,-9.33811],[-61.62598,-9.36194],[-61.61193,-9.3557],[-61.60981,-9.36228],[-61.59431,-9.36848],[-61.57342,-9.37052],[-61.55217,-9.38811],[-61.56117,-9.40033],[-61.54993,-9.4167],[-61.55556,-9.42157],[-61.5564,-9.4354],[-61.56435,-9.43813],[-61.5814,-9.4589],[-61.57215,-9.46338],[-61.57796,-9.47236],[-61.5624,-9.48554],[-61.52982,-9.50001],[-61.52584,-9.50332],[-61.54924,-9.51499],[-61.52679,-9.53304],[-61.51313,-9.5283],[-61.51376,-9.53903],[-61.50771,-9.54024],[-61.51005,-9.56488],[-61.49612,-9.57416],[-61.49446,-9.58167],[-61.5034,-9.61335],[-61.49612,-9.62428],[-61.48002,-9.62316],[-61.4764,-9.62913],[-61.49374,-9.65916],[-61.50658,-9.66174],[-61.50182,-9.68049],[-61.50574,-9.69189],[-61.51935,-9.69681],[-61.5321,-9.71156],[-61.54577,-9.71518],[-61.55274,-9.70697],[-61.57433,-9.71757],[-61.60091,-9.69596],[-61.60724,-9.68395],[-61.64464,-9.70666],[-61.68994,-9.71923],[-61.71181,-9.73132],[-61.73386,-9.72539],[-61.76106,-9.7283],[-61.77425,-9.71686],[-61.791,-9.71891],[-61.79808,-9.73812],[-61.7942,-9.76099],[-61.80753,-9.77961],[-61.80636,-9.79962],[-61.83995,-9.81248],[-61.84448,-9.83412],[-61.83701,-9.84863],[-61.83851,-9.85828],[-61.86812,-9.89718],[-61.87676,-9.90754],[-61.86637,-9.93527],[-61.85835,-9.9783],[-61.87355,-10.0001],[-61.87119,-10.01211],[-61.88238,-10.03807],[-61.88782,-10.03549],[-61.88996,-10.0427],[-61.89804,-10.04469],[-61.90541,-10.03946],[-61.90169,-10.02445],[-61.91388,-10.00299],[-61.90924,-9.99569],[-61.91054,-9.98584],[-61.93685,-9.94762],[-61.95021,-9.95503],[-61.9541,-9.94935],[-62.01605,-9.94854],[-62.0246,-9.95846],[-62.02758,-9.97223],[-62.06155,-9.99009],[-62.06836,-9.98864],[-62.07897,-10.00048],[-62.08724,-10.00915],[-62.08574,-10.01623],[-62.09319,-10.01836],[-62.0958,-10.03361],[-62.10602,-10.04171],[-62.12011,-10.038],[-62.1485,-10.05406],[-62.16361,-10.05439],[-62.18533,-10.0471],[-62.19642,-10.03643],[-62.20922,-10.033],[-62.21789,-10.0201],[-62.24395,-10.00021],[-62.24936,-9.97209],[-62.26117,-9.96112],[-62.2568,-9.95394],[-62.28222,-9.93824],[-62.28692,-9.93964],[-62.29178,-9.92981],[-62.31755,-9.92173],[-62.32978,-9.91256],[-62.34714,-9.91239],[-62.35853,-9.90538],[-62.37847,-9.90769],[-62.38581,-9.91997],[-62.39986,-9.91104],[-62.40497,-9.86429],[-62.41417,-9.85501],[-62.42125,-9.8326],[-62.43045,-9.82704],[-62.42275,-9.80558],[-62.43552,-9.78029],[-62.44908,-9.77999],[-62.45664,-9.7736],[-62.46589,-9.77811],[-62.49436,-9.77232],[-62.51939,-9.74317],[-62.5362,-9.73198],[-62.53722,-9.71759],[-62.55447,-9.67053],[-62.5368,-9.6745],[-62.50941,-9.66806],[-62.50669,-9.66216],[-62.51458,-9.65808],[-62.50533,-9.6483],[-62.50052,-9.62788],[-62.47699,-9.61477],[-62.45899,-9.59742],[-62.45527,-9.58626],[-62.45954,-9.56972],[-62.43627,-9.55659],[-62.42588,-9.54117],[-62.42229,-9.5222],[-62.4279,-9.5128],[-62.41679,-9.49768],[-62.42646,-9.49254],[-62.41621,-9.47883],[-62.42076,-9.47192],[-62.41159,-9.42289],[-62.38601,-9.39521],[-62.38948,-9.37713],[-62.38601,-9.36902],[-62.37281,-9.37544],[-62.36162,-9.34897],[-62.34873,-9.35267],[-62.33389,-9.35019],[-62.3261,-9.34146],[-62.3229,-9.3274],[-62.30722,-9.30958],[-62.32767,-9.25954],[-62.33516,-9.21943],[-62.3274,-9.11708],[-62.33743,-9.07102],[-62.32768,-9.05175],[-62.33737,-9.0192],[-62.34881,-9.00611],[-62.34946,-8.99453],[-62.3298,-8.97728],[-62.32483,-8.95767],[-62.32378,-8.94398],[-62.34483,-8.93248],[-62.3438,-8.92266],[-62.32857,-8.9051],[-62.33343,-8.88088],[-62.29614,-8.85459],[-62.28944,-8.82953],[-62.29811,-8.82796],[-62.29735,-8.8217],[-62.31109,-8.80998],[-62.31139,-8.8035],[-62.33872,-8.79124],[-62.34269,-8.78556],[-62.33963,-8.7651],[-62.34368,-8.75747],[-62.36569,-8.75155],[-62.36883,-8.74351],[-62.36948,-8.74183],[-62.36656,-8.73685],[-62.37487,-8.7318],[-62.37056,-8.72781],[-62.37751,-8.72804],[-62.36879,-8.71862],[-62.37301,-8.71298],[-62.36259,-8.70326],[-62.36679,-8.68809],[-62.36162,-8.68395],[-62.36689,-8.67262],[-62.34489,-8.6787],[-62.3447,-8.69989],[-62.33045,-8.70906],[-62.29206,-8.7001],[-62.27462,-8.70196],[-62.25778,-8.69047],[-62.24425,-8.6887],[-62.24492,-8.67768],[-62.23672,-8.66324],[-62.24467,-8.65137],[-62.24047,-8.63988],[-62.2433,-8.62829],[-62.23817,-8.62174],[-62.24086,-8.60433],[-62.24527,-8.5935],[-62.25572,-8.59081],[-62.26855,-8.57551]]]},"properties":{"CD_MUN":"1100130","NM_MUN":"Machadinho D'Oeste","SIGLA_UF":"RO"}},{"type":"Feature","geometry":{"type":"Polygon","coordinates":[[[-65.38132,-10.42881],[-65.35501,-10.43247],[-65.33927,-10.44743],[-65.33435,-10.46723],[-65.33771,-10.47896],[-65.32249,-10.48086],[-65.30871,-10.49739],[-65.31054,-10.50377],[-65.30323,-10.5018],[-65.29751,-10.50774],[-65.30871,-10.5265],[-65.30505,-10.53528],[-65.29924,-10.53414],[-65.29818,-10.54206],[-65.28863,-10.54697],[-65.28593,-10.54432],[-65.28349,-10.5511],[-65.26232,-10.55881],[-65.26026,-10.55293],[-65.24393,-10.55499],[-65.23507,-10.54658],[-65.23068,-10.55674],[-65.21776,-10.55355],[-65.20554,-10.56335],[-65.18215,-10.5384],[-65.13826,-10.53943],[-65.11734,-10.52778],[-65.08843,-10.5249],[-65.06612,-10.5293],[-65.04701,-10.52213],[-65.00439,-10.52221],[-64.97489,-10.51243],[-64.94031,-10.51824],[-64.92626,-10.53947],[-64.90086,-10.54256],[-64.84169,-10.5078],[-64.83303,-10.49713],[-64.82597,-10.50019],[-64.82328,-10.51038],[-64.81105,-10.51068],[-64.80391,-10.4926],[-64.79055,-10.47806],[-64.77335,-10.47773],[-64.74371,-10.4548],[-64.65961,-10.76026],[-64.65886,-10.76853],[-64.64034,-10.78722],[-64.62626,-10.78836],[-64.62698,-10.79251],[-64.61545,-10.79521],[-64.61536,-10.79961],[-64.60031,-10.8002],[-64.59325,-10.8095],[-64.56667,-10.8082],[-64.55209,-10.79496],[-64.54064,-10.79257],[-64.52472,-10.81642],[-64.50906,-10.81441],[-64.49406,-10.831],[-64.48034,-10.83276],[-64.4637,-10.8269],[-64.45583,-10.83463],[-64.44614,-10.83515],[-64.43191,-10.82656],[-64.40972,-10.82418],[-64.41208,-10.79675],[-64.39458,-10.7897],[-64.38113,-10.76819],[-64.36569,-10.77529],[-64.34319,-10.75696],[-64.32499,-10.75903],[-64.31785,-10.75403],[-64.29077,-10.76084],[-64.27246,-10.75522],[-64.26199,-10.76099],[-64.25152,-10.75269],[-64.23504,-10.75322],[-64.23246,-10.76379],[-64.21727,-10.7618],[-64.2181,-10.76625],[-64.20374,-10.77633],[-64.20496,-10.7847],[-64.19769,-10.79795],[-64.19008,-10.79892],[-64.16146,-10.83451],[-64.15493,-10.83078],[-64.15263,-10.83564],[-64.13618,-10.86069],[-64.12752,-10.86146],[-64.12438,-10.8574],[-64.1138,-10.86706],[-64.10824,-10.86214],[-64.08354,-10.86009],[-64.06457,-10.86994],[-64.05835,-10.86684],[-64.04785,-10.87144],[-64.01371,-10.86126],[-64.0084,-10.83804],[-63.98279,-10.8365],[-63.97718,-10.84727],[-63.9694,-10.85028],[-63.97121,-10.86187],[-63.96671,-10.86851],[-63.95102,-10.86216],[-63.93062,-10.87307],[-63.70653,-10.83975],[-63.67992,-10.83266],[-63.62408,-10.84149],[-63.61022,-10.82667],[-63.5963,-10.82392],[-63.57686,-10.83134],[-63.57202,-10.83969],[-63.57147,-10.87609],[-63.5885,-10.88761],[-63.60478,-10.88657],[-63.60436,-10.90731],[-63.60867,-10.91317],[-63.60153,-10.94161],[-63.60442,-10.95626],[-63.59167,-10.9577],[-63.57673,-10.99359],[-63.58934,-11.00376],[-63.61575,-11.00083],[-63.62759,-11.00442],[-63.58348,-11.00991],[-63.56939,-11.02263],[-63.56637,-11.03367],[-63.55778,-11.03163],[-63.55323,-11.03917],[-63.54117,-11.03485],[-63.52795,-11.04549],[-63.5342,-11.0594],[-63.53629,-11.0866],[-63.52654,-11.10668],[-63.50398,-11.12535],[-63.50242,-11.14285],[-63.48304,-11.18263],[-63.49162,-11.2294],[-63.49976,-11.24088],[-63.52032,-11.2523],[-63.52157,-11.27226],[-63.51759,-11.27963],[-63.54037,-11.30673],[-63.5371,-11.316],[-63.54288,-11.3261],[-63.5291,-11.33785],[-63.51936,-11.3713],[-63.54052,-11.38005],[-63.54071,-11.38997],[-63.54857,-11.38817],[-63.5573,-11.40294],[-63.54866,-11.41327],[-63.55485,-11.41834],[-63.56533,-11.41221],[-63.57988,-11.41645],[-63.58208,-11.41123],[-63.59371,-11.41596],[-63.60155,-11.41331],[-63.59555,-11.42398],[-63.59964,-11.4368],[-63.59141,-11.44512],[-63.59853,-11.44175],[-63.60478,-11.45493],[-63.60722,-11.48105],[-63.61433,-11.48184],[-63.61686,-11.48946],[-63.60597,-11.49099],[-63.59947,-11.49995],[-63.59433,-11.50425],[-63.60397,-11.50734],[-63.61253,-11.51992],[-63.61072,-11.52874],[-63.61614,-11.53147],[-63.61219,-11.53695],[-63.62308,-11.538],[-63.61461,-11.54458],[-63.61533,-11.55424],[-63.60445,-11.56332],[-63.60816,-11.57003],[-63.59848,-11.59347],[-63.60378,-11.6015],[-63.61678,-11.60005],[-63.61981,-11.606],[-63.63634,-11.60736],[-63.64634,-11.62659],[-63.65923,-11.60896],[-63.66675,-11.63008],[-63.67979,-11.62464],[-63.67637,-11.64025],[-63.68731,-11.6506],[-63.69362,-11.64134],[-63.70762,-11.65089],[-63.71906,-11.6481],[-63.72595,-11.64035],[-63.7284,-11.64656],[-63.74171,-11.64896],[-63.74481,-11.66208],[-63.7647,-11.66614],[-63.77673,-11.66176],[-63.80621,-11.67421],[-63.81109,-11.6708],[-63.8214,-11.67402],[-63.83191,-11.68411],[-63.8386,-11.68028],[-63.86035,-11.70531],[-63.86926,-11.70948],[-63.87952,-11.7281],[-63.90366,-11.71879],[-63.92385,-11.73016],[-63.93502,-11.72607],[-63.96613,-11.73525],[-63.96791,-11.74632],[-63.97546,-11.75407],[-63.97999,-11.74756],[-63.99102,-11.74734],[-64.0205,-11.76357],[-64.02463,-11.75952],[-64.02489,-11.74551],[-64.04114,-11.74547],[-64.0438,-11.75144],[-64.03605,-11.75294],[-64.04019,-11.76389],[-64.0462,-11.75789],[-64.05025,-11.7665],[-64.07717,-11.77009],[-64.08881,-11.78357],[-64.10267,-11.78355],[-64.09756,-11.79349],[-64.11009,-11.80749],[-64.10764,-11.81469],[-64.12011,-11.83075],[-64.12726,-11.82911],[-64.12775,-11.83641],[-64.12103,-11.84136],[-64.12981,-11.86376],[-64.13553,-11.86457],[-64.13065,-11.87211],[-64.14482,-11.88306],[-64.14037,-11.88543],[-64.14448,-11.8957],[-64.15445,-11.90289],[-64.1557,-11.91291],[-64.16367,-11.90991],[-64.16492,-11.91676],[-64.17003,-11.9121],[-64.17437,-11.91749],[-64.17565,-11.91187],[-64.20004,-11.90812],[-64.20718,-11.9128],[-64.20256,-11.91903],[-64.20823,-11.91648],[-64.21276,-11.92307],[-64.21609,-11.91737],[-64.21548,-11.92521],[-64.21907,-11.92237],[-64.22565,-11.93278],[-64.23712,-11.93524],[-64.24506,-11.94717],[-64.25743,-11.95462],[-64.25829,-11.96024],[-64.24229,-11.96619],[-64.24537,-11.97119],[-64.23951,-11.97338],[-64.24165,-11.97729],[-64.2541,-11.98083],[-64.26007,-11.99253],[-64.27693,-11.99882],[-64.28568,-11.99627],[-64.28651,-12.00024],[-64.29088,-12.00988],[-64.30132,-12.01017],[-64.30046,-12.01574],[-64.31832,-12.00763],[-64.32291,-12.00981],[-64.34874,-12.03794],[-64.35347,-12.03617],[-64.36507,-12.05259],[-64.37418,-12.05736],[-64.37997,-12.07932],[-64.37494,-12.07939],[-64.37669,-12.0892],[-64.38186,-12.09259],[-64.37985,-12.10142],[-64.38477,-12.11098],[-64.38847,-12.11127],[-64.38702,-12.10636],[-64.39811,-12.10512],[-64.40041,-12.11206],[-64.41105,-12.10811],[-64.41869,-12.11396],[-64.42174,-12.10825],[-64.42647,-12.13549],[-64.43225,-12.13047],[-64.44764,-12.1438],[-64.44872,-12.15007],[-64.43717,-12.15673],[-64.44761,-12.16363],[-64.44766,-12.17427],[-64.45545,-12.18386],[-64.47345,-12.18256],[-64.47598,-12.1864],[-64.47445,-12.19073],[-64.46828,-12.18964],[-64.46861,-12.19897],[-64.48586,-12.20905],[-64.50042,-12.19588],[-64.51145,-12.19827],[-64.51701,-12.21278],[-64.53903,-12.21517],[-64.54331,-12.19113],[-64.55287,-12.18078],[-64.57837,-12.17852],[-64.58662,-12.1848],[-64.59442,-12.21547],[-64.61609,-12.21449],[-64.67262,-12.19205],[-64.69493,-12.18915],[-64.71217,-12.17421],[-64.7174,-12.15374],[-64.71523,-12.12831],[-64.69734,-12.10037],[-64.69848,-12.0939],[-64.70906,-12.08687],[-64.72139,-12.08787],[-64.73842,-12.09986],[-64.73356,-12.11788],[-64.73643,-12.13829],[-64.74407,-12.15415],[-64.75409,-12.15773],[-64.76879,-12.14468],[-64.75737,-12.11207],[-64.76562,-12.09607],[-64.78834,-12.08556],[-64.80087,-12.08585],[-64.82707,-12.1219],[-64.83248,-12.12148],[-64.84215,-12.10723],[-64.84229,-12.09436],[-64.83418,-12.08325],[-64.8099,-12.06426],[-64.81256,-12.04465],[-64.83017,-12.01644],[-64.84465,-12.00883],[-64.87737,-12.01211],[-64.9169,-12.02815],[-64.92982,-12.02038],[-64.94562,-11.99412],[-64.96593,-12.00006],[-64.97501,-12.0185],[-64.98404,-12.01414],[-65.00043,-11.99314],[-65.02879,-11.9974],[-65.03529,-11.98666],[-65.02613,-11.96934],[-65.03198,-11.96605],[-65.04124,-11.96876],[-65.04151,-11.96062],[-65.02573,-11.9414],[-65.01498,-11.89901],[-65.02592,-11.88821],[-65.05981,-11.88257],[-65.07057,-11.86887],[-65.05975,-11.80411],[-65.06014,-11.78665],[-65.07961,-11.73591],[-65.08042,-11.72013],[-65.0904,-11.70753],[-65.10236,-11.70645],[-65.12812,-11.72027],[-65.18284,-11.72147],[-65.18601,-11.7281],[-65.17337,-11.74974],[-65.18132,-11.75633],[-65.21462,-11.74388],[-65.25582,-11.71528],[-65.25926,-11.69952],[-65.2312,-11.67348],[-65.218,-11.65288],[-65.21845,-11.64049],[-65.23167,-11.61806],[-65.22475,-11.59859],[-65.23481,-11.57423],[-65.21389,-11.54779],[-65.21178,-11.53025],[-65.22486,-11.5162],[-65.25933,-11.51386],[-65.30512,-11.50017],[-65.33169,-11.36854],[-65.33527,-11.3547],[-65.33147,-11.34245],[-65.29561,-11.33406],[-65.29166,-11.32392],[-65.29847,-11.31583],[-65.33858,-11.31265],[-65.34677,-11.30262],[-65.36119,-11.25111],[-65.36055,-11.22306],[-65.34872,-11.21109],[-65.32455,-11.21123],[-65.31852,-11.1969],[-65.32546,-11.18637],[-65.34957,-11.18764],[-65.36374,-11.14176],[-65.35632,-11.12682],[-65.33651,-11.10988],[-65.2842,-11.08933],[-65.27965,-11.07887],[-65.2807,-11.06333],[-65.30159,-11.03433],[-65.26984,-11.00017],[-65.25482,-10.99459],[-65.25026,-10.98646],[-65.27337,-10.94684],[-65.28598,-10.92533],[-65.28331,-10.91878],[-65.26645,-10.92155],[-65.27639,-10.8691],[-65.32023,-10.82208],[-65.33936,-10.80775],[-65.35453,-10.80474],[-65.36681,-10.796],[-65.36536,-10.77981],[-65.35033,-10.78033],[-65.34458,-10.76933],[-65.34942,-10.7432],[-65.3433,-10.71509],[-65.34544,-10.68353],[-65.35819,-10.6571],[-65.3756,-10.64632],[-65.40244,-10.64331],[-65.4163,-10.62051],[-65.40911,-10.61416],[-65.40811,-10.59631],[-65.39697,-10.58635],[-65.40452,-10.55349],[-65.42013,-10.53427],[-65.41024,-10.5117],[-65.41541,-10.50011],[-65.42907,-10.48471],[-65.42383,-10.46474],[-65.4028,-10.46252],[-65.38132,-10.42881]]]},"properties":{"CD_MUN":"1100106","NM_MUN":"Guajará-Mirim","SIGLA_UF":"RO"}},{"type":"Feature","geometry":{"type":"Polygon","coordinates":[[[-62.66234,-10.29369],[-62.55789,-10.37247],[-62.51977,-10.31824],[-62.51183,-10.32708],[-62.50306,-10.32788],[-62.49312,-10.31457],[-62.45619,-10.29838],[-62.42532,-10.29821],[-62.40583,-10.31281],[-62.39075,-10.30712],[-62.3837,-10.30943],[-62.37913,-10.3182],[-62.37209,-10.31639],[-62.36837,-10.3244],[-62.35357,-10.32057],[-62.35243,-10.32492],[-62.33868,-10.31157],[-62.33276,-10.29841],[-62.31792,-10.29222],[-62.31063,-10.28144],[-62.29154,-10.27414],[-62.29044,-10.27954],[-62.28219,-10.26458],[-62.26355,-10.26304],[-62.25217,-10.24676],[-62.24908,-10.25043],[-62.23731,-10.24641],[-62.23159,-10.25227],[-62.226,-10.24354],[-62.20205,-10.24149],[-62.19783,-10.23],[-62.17604,-10.22321],[-62.17544,-10.22702],[-62.17034,-10.22266],[-62.13437,-10.22451],[-62.13987,-10.26035],[-62.14573,-10.26527],[-62.14181,-10.27325],[-62.13345,-10.27457],[-62.14065,-10.28951],[-62.14095,-10.30918],[-62.1351,-10.32156],[-62.13993,-10.32714],[-62.13699,-10.33802],[-62.12173,-10.35478],[-62.27306,-10.4887],[-62.71693,-10.87799],[-62.89118,-11.03039],[-62.90562,-11.02773],[-62.91145,-11.03373],[-62.93179,-11.03368],[-62.94748,-11.029],[-62.95476,-11.03615],[-62.96901,-11.03047],[-63.00665,-11.03975],[-63.04096,-11.0374],[-63.06607,-11.05938],[-63.09232,-11.05348],[-63.11746,-11.07043],[-63.13294,-11.07452],[-63.14242,-11.07117],[-63.14267,-11.02949],[-63.13005,-11.01172],[-63.12025,-11.00894],[-63.11668,-10.99846],[-63.09871,-10.99211],[-63.09347,-10.97222],[-63.08145,-10.97601],[-63.06253,-10.96898],[-63.06295,-10.96459],[-63.05377,-10.96466],[-63.04725,-10.94877],[-63.02913,-10.95244],[-63.02327,-10.94679],[-63.00185,-10.94171],[-63.00004,-10.9124],[-62.97957,-10.90027],[-62.97709,-10.89086],[-62.93255,-10.87131],[-62.93217,-10.85352],[-62.92234,-10.84843],[-62.91594,-10.8311],[-62.90666,-10.82347],[-62.89538,-10.82399],[-62.88935,-10.83439],[-62.86416,-10.83873],[-62.85856,-10.8303],[-62.84548,-10.82736],[-62.84459,-10.82064],[-62.83634,-10.82132],[-62.81476,-10.79432],[-62.79991,-10.79572],[-62.79333,-10.79141],[-62.79885,-10.78355],[-62.79029,-10.77706],[-62.79175,-10.76799],[-62.78806,-10.76611],[-62.78815,-10.75104],[-62.79563,-10.73608],[-62.78932,-10.72338],[-62.7835,-10.72579],[-62.77931,-10.71941],[-62.76838,-10.71697],[-62.76603,-10.7107],[-62.76146,-10.71248],[-62.762,-10.70201],[-62.75397,-10.70563],[-62.73591,-10.70025],[-62.73002,-10.68696],[-62.72252,-10.68514],[-62.72377,-10.67979],[-62.71565,-10.67738],[-62.71344,-10.67138],[-62.69961,-10.67863],[-62.69592,-10.67195],[-62.68599,-10.675],[-62.67136,-10.67069],[-62.6673,-10.65478],[-62.64978,-10.65253],[-62.65366,-10.6408],[-62.64347,-10.63007],[-62.649,-10.61001],[-62.62487,-10.59378],[-62.63116,-10.58598],[-62.62075,-10.57302],[-62.62636,-10.56153],[-62.61854,-10.55545],[-62.6136,-10.5599],[-62.61197,-10.55512],[-62.58081,-10.54606],[-62.57166,-10.52848],[-62.57406,-10.51013],[-62.58673,-10.49989],[-62.59134,-10.4989],[-62.59691,-10.51028],[-62.61384,-10.51907],[-62.62971,-10.51718],[-62.66532,-10.53353],[-62.68244,-10.53225],[-62.69934,-10.52283],[-62.71546,-10.52911],[-62.72235,-10.52512],[-62.73455,-10.52869],[-62.74198,-10.52438],[-62.74097,-10.51757],[-62.75054,-10.51659],[-62.75447,-10.50668],[-62.76154,-10.51127],[-62.77178,-10.50647],[-62.76726,-10.49235],[-62.66234,-10.29369]]]},"properties":{"CD_MUN":"1100114","NM_MUN":"Jaru","SIGLA_UF":"RO"}},{"type":"Feature","geometry":{"type":"Polygon","coordinates":[[[-62.27306,-10.4887],[-62.21573,-10.52451],[-62.23984,-10.61504],[-62.09784,-10.6601],[-61.96037,-10.15964],[-61.91322,-10.1128],[-61.90961,-10.15072],[-61.91591,-10.16606],[-61.8905,-10.19366],[-61.86569,-10.2057],[-61.86067,-10.2278],[-61.82753,-10.30289],[-61.84053,-10.30895],[-61.85573,-10.30439],[-61.90936,-10.32941],[-61.90384,-10.33964],[-61.90606,-10.36905],[-61.89834,-10.38088],[-61.90817,-10.39439],[-61.90384,-10.40573],[-61.91468,-10.42466],[-61.91251,-10.4566],[-61.92612,-10.47589],[-61.92751,-10.48598],[-61.9602,-10.49782],[-62.16351,-11.00045],[-62.16404,-11.01462],[-62.15882,-11.02039],[-62.17603,-11.01747],[-62.21312,-11.00064],[-62.40118,-11.01211],[-62.49991,-11.02888],[-62.54865,-11.06562],[-62.60262,-11.00029],[-62.71693,-10.87799],[-62.27306,-10.4887]]]},"properties":{"CD_MUN":"1100155","NM_MUN":"Ouro Preto do Oeste","SIGLA_UF":"RO"}},{"type":"Feature","geometry":{"type":"Polygon","coordinates":[[[-62.09305,-11.29561],[-62.08094,-11.29161],[-62.07119,-11.29419],[-62.0563,-11.30604],[-62.0423,-11.3017],[-62.04227,-11.29698],[-62.02607,-11.30545],[-62.01933,-11.30463],[-62.0011,-11.28868],[-61.97113,-11.30153],[-61.95224,-11.29021],[-61.95763,-11.30236],[-61.96421,-11.30367],[-61.97796,-11.32371],[-61.9903,-11.32743],[-61.99699,-11.34764],[-62.00963,-11.35702],[-62.00824,-11.366],[-62.02038,-11.37238],[-62.01911,-11.38124],[-62.024,-11.38169],[-62.02486,-11.38771],[-62.02108,-11.39661],[-62.02866,-11.40601],[-62.02647,-11.41367],[-62.03166,-11.42488],[-62.06241,-11.44269],[-62.06128,-11.44816],[-62.07942,-11.45993],[-62.08586,-11.47661],[-62.08181,-11.49644],[-62.08589,-11.50034],[-62.0995,-11.51008],[-62.10789,-11.50877],[-62.11998,-11.52699],[-62.14017,-11.52262],[-62.17248,-11.54719],[-62.16353,-11.56524],[-62.1729,-11.57477],[-62.17576,-11.5858],[-62.17137,-11.61325],[-62.18407,-11.62558],[-62.19051,-11.65162],[-62.20346,-11.66588],[-62.19338,-11.68431],[-62.21274,-11.71242],[-62.20954,-11.72473],[-62.20255,-11.73115],[-62.20385,-11.74429],[-62.19344,-11.76092],[-62.18968,-11.77554],[-62.19582,-11.78974],[-62.1883,-11.8019],[-62.18794,-11.81213],[-62.20649,-11.83179],[-62.21061,-11.82497],[-62.20777,-11.80721],[-62.22213,-11.80867],[-62.22844,-11.78843],[-62.24319,-11.78744],[-62.24824,-11.79608],[-62.28285,-11.80559],[-62.30121,-11.7912],[-62.3088,-11.77543],[-62.32047,-11.77915],[-62.32308,-11.7718],[-62.34127,-11.7711],[-62.34169,-11.76497],[-62.34896,-11.76275],[-62.35619,-11.77159],[-62.37021,-11.76392],[-62.39178,-11.76741],[-62.39388,-11.74685],[-62.40975,-11.75158],[-62.41477,-11.73469],[-62.40291,-11.72444],[-62.4013,-11.71526],[-62.40141,-11.70214],[-62.40713,-11.69629],[-62.40485,-11.66774],[-62.41552,-11.66621],[-62.41824,-11.6471],[-62.43882,-11.63396],[-62.44316,-11.62534],[-62.43902,-11.6155],[-62.42563,-11.59738],[-62.42068,-11.57403],[-62.41071,-11.56603],[-62.38082,-11.56075],[-62.36946,-11.5373],[-62.35082,-11.5288],[-62.33993,-11.50635],[-62.32148,-11.49763],[-62.30559,-11.4795],[-62.30604,-11.46836],[-62.29585,-11.46363],[-62.2857,-11.44298],[-62.27809,-11.44402],[-62.27551,-11.43791],[-62.26448,-11.43738],[-62.25806,-11.43032],[-62.252,-11.43394],[-62.23981,-11.42875],[-62.237,-11.43423],[-62.21723,-11.43486],[-62.19711,-11.42327],[-62.19014,-11.43042],[-62.17825,-11.43038],[-62.17297,-11.4182],[-62.15703,-11.40755],[-62.15086,-11.394],[-62.14053,-11.39243],[-62.13869,-11.38339],[-62.12877,-11.38186],[-62.12705,-11.37246],[-62.11983,-11.36844],[-62.11428,-11.33509],[-62.1063,-11.32712],[-62.10483,-11.30386],[-62.10205,-11.29772],[-62.09469,-11.29985],[-62.09305,-11.29561]]]},"properties":{"CD_MUN":"1100148","NM_MUN":"Nova Brasilândia D'Oeste","SIGLA_UF":"RO"}},{"type":"Feature","geometry":{"type":"Polygon","coordinates":[[[-61.63777,-12.45111],[-61.62558,-12.46453],[-61.60684,-12.46067],[-61.60444,-12.46661],[-61.59425,-12.46649],[-61.58819,-12.47183],[-61.57144,-12.47301],[-61.56314,-12.46472],[-61.52638,-12.46908],[-61.47586,-12.46414],[-61.45046,-12.48512],[-61.43524,-12.50857],[-61.41975,-12.50747],[-61.40019,-12.48685],[-61.38585,-12.48713],[-61.38152,-12.52296],[-61.36716,-12.53563],[-61.36999,-12.56644],[-61.35505,-12.57454],[-61.35505,-12.59603],[-61.35035,-12.60007],[-61.34735,-12.6224],[-61.33785,-12.62639],[-61.35813,-12.64647],[-61.36678,-12.67053],[-61.37903,-12.66625],[-61.39261,-12.6825],[-61.3825,-12.688],[-61.38828,-12.69305],[-61.38556,-12.70871],[-61.37722,-12.70311],[-61.371,-12.70843],[-61.37342,-12.71658],[-61.42695,-12.73331],[-61.44181,-12.76689],[-61.44195,-12.79893],[-61.45973,-12.81473],[-61.46917,-12.84358],[-61.46035,-12.86374],[-61.47021,-12.89759],[-61.48654,-12.91274],[-61.48629,-12.92653],[-61.49968,-12.954],[-61.5071,-12.96227],[-61.50643,-12.97726],[-61.51563,-12.99195],[-61.49957,-13.00507],[-61.47935,-13.01122],[-61.43418,-13.01175],[-61.37832,-13.04434],[-61.35968,-13.04097],[-61.33793,-13.0486],[-61.33238,-13.05749],[-61.3162,-13.05552],[-61.29846,-13.06845],[-61.27143,-13.06843],[-61.2544,-13.08181],[-61.2219,-13.09009],[-61.20523,-13.0875],[-61.18118,-13.10976],[-61.15328,-13.11088],[-61.12551,-13.11866],[-61.11295,-13.11538],[-61.10406,-13.12103],[-61.09881,-13.11752],[-61.04618,-13.12329],[-61.01728,-13.11528],[-61.00034,-13.10499],[-60.9632,-13.13531],[-60.95098,-13.1338],[-60.93258,-13.1216],[-60.91906,-13.1225],[-60.89878,-13.11288],[-60.87466,-13.1111],[-60.85117,-13.09665],[-60.8227,-13.10722],[-60.81753,-13.12079],[-60.8038,-13.1186],[-60.78764,-13.12863],[-60.78011,-13.12567],[-60.76247,-13.13107],[-60.73989,-13.12098],[-60.72639,-13.14577],[-60.72514,-13.1574],[-60.73475,-13.16212],[-60.75567,-13.1926],[-60.75472,-13.20552],[-60.76267,-13.21517],[-60.76973,-13.25329],[-60.75964,-13.27088],[-60.77595,-13.28746],[-60.78325,-13.29069],[-60.79687,-13.32628],[-60.83473,-13.32958],[-60.84076,-13.33748],[-60.88618,-13.36254],[-60.89835,-13.37613],[-60.91846,-13.38395],[-60.92318,-13.37884],[-60.95763,-13.39191],[-60.99118,-13.39061],[-61.00015,-13.39459],[-61.00024,-13.49483],[-61.01474,-13.48738],[-61.02533,-13.49037],[-61.0468,-13.48452],[-61.0508,-13.49522],[-61.03541,-13.49691],[-61.03533,-13.50086],[-61.04097,-13.50755],[-61.06019,-13.51169],[-61.06341,-13.50191],[-61.0945,-13.49205],[-61.09766,-13.49568],[-61.09483,-13.50593],[-61.10408,-13.52021],[-61.10075,-13.52831],[-61.10599,-13.5315],[-61.12577,-13.51973],[-61.13945,-13.52882],[-61.13828,-13.5122],[-61.14722,-13.51889],[-61.14677,-13.5318],[-61.15656,-13.51695],[-61.17111,-13.51045],[-61.18231,-13.51414],[-61.18036,-13.5086],[-61.18389,-13.50773],[-61.18764,-13.51671],[-61.18264,-13.5275],[-61.19411,-13.53629],[-61.20775,-13.52527],[-61.22156,-13.52999],[-61.23336,-13.52486],[-61.24361,-13.51264],[-61.24175,-13.50095],[-61.24817,-13.49611],[-61.2802,-13.50547],[-61.28542,-13.50195],[-61.28814,-13.48269],[-61.29614,-13.47766],[-61.30517,-13.48186],[-61.30094,-13.49805],[-61.30606,-13.50293],[-61.3362,-13.5054],[-61.34203,-13.51822],[-61.35034,-13.521],[-61.38962,-13.5196],[-61.40479,-13.52818],[-61.40484,-13.53953],[-61.41301,-13.53772],[-61.46976,-13.55508],[-61.49179,-13.54628],[-61.50809,-13.54777],[-61.52157,-13.5353],[-61.55621,-13.51805],[-61.56304,-13.52125],[-61.57226,-13.5184],[-61.57876,-13.50973],[-61.57293,-13.49392],[-61.57657,-13.48845],[-61.5841,-13.49045],[-61.58546,-13.50046],[-61.59934,-13.50155],[-61.60785,-13.51153],[-61.61571,-13.51124],[-61.62301,-13.49655],[-61.62604,-13.49969],[-61.62265,-13.51445],[-61.6449,-13.50665],[-61.64577,-13.51636],[-61.65129,-13.51854],[-61.66879,-13.50966],[-61.66863,-13.50489],[-61.68602,-13.509],[-61.69568,-13.50028],[-61.69369,-13.50791],[-61.70415,-13.51166],[-61.70288,-13.51495],[-61.72499,-13.52214],[-61.73455,-13.51845],[-61.73066,-13.52637],[-61.74413,-13.52579],[-61.75155,-13.52025],[-61.75763,-13.52403],[-61.75352,-13.5314],[-61.75719,-13.5404],[-61.76435,-13.53903],[-61.76908,-13.51914],[-61.77643,-13.51759],[-61.77799,-13.53282],[-61.78357,-13.53675],[-61.81697,-13.52727],[-61.8111,-13.54006],[-61.8183,-13.53918],[-61.82102,-13.53365],[-61.83349,-13.53912],[-61.84094,-13.54874],[-61.84019,-13.5268],[-61.84699,-13.52732],[-61.85275,-13.53831],[-61.861,-13.53523],[-61.86869,-13.52805],[-61.87194,-13.51319],[-61.88305,-13.49712],[-61.88319,-13.45665],[-61.89283,-13.43075],[-61.89911,-13.42666],[-61.90744,-13.43397],[-61.91419,-13.43356],[-61.92866,-13.4254],[-61.94022,-13.40768],[-61.94783,-13.41521],[-61.95613,-13.40808],[-61.96744,-13.40774],[-61.97047,-13.406],[-61.96219,-13.39097],[-61.96735,-13.38665],[-61.97716,-13.3879],[-61.97122,-13.37407],[-61.97635,-13.36817],[-61.9976,-13.36306],[-61.99421,-13.37063],[-61.99658,-13.37421],[-62.00038,-13.3708],[-62.01402,-13.35218],[-62.01352,-13.33028],[-62.02491,-13.3274],[-62.03255,-13.33346],[-62.04608,-13.31607],[-62.05675,-13.3116],[-62.0568,-13.28803],[-62.0711,-13.29596],[-62.08413,-13.29013],[-62.08499,-13.28191],[-62.09263,-13.28154],[-62.11552,-13.25828],[-62.10977,-13.24996],[-62.10891,-13.21886],[-62.11482,-13.2037],[-62.1161,-13.15912],[-62.12855,-13.1482],[-62.14985,-13.16304],[-62.15091,-13.15103],[-62.16941,-13.13403],[-62.16591,-13.1189],[-62.17032,-13.11374],[-62.1813,-13.11758],[-62.18358,-13.12769],[-62.17804,-13.14283],[-62.19077,-13.15365],[-62.20004,-13.15041],[-62.20088,-13.12436],[-62.21463,-13.11116],[-62.22941,-13.12138],[-62.24324,-13.11716],[-62.24577,-13.14498],[-62.26438,-13.14588],[-62.26449,-13.15305],[-62.2765,-13.146],[-62.27202,-13.15567],[-62.27838,-13.1553],[-62.28724,-13.14038],[-62.29919,-13.15037],[-62.30569,-13.13931],[-62.31661,-13.13429],[-62.32127,-13.1519],[-62.33036,-13.1398],[-62.34086,-13.14974],[-62.33725,-13.14031],[-62.34539,-13.13695],[-62.3518,-13.14312],[-62.37241,-13.14052],[-62.38238,-13.13065],[-62.39189,-13.13457],[-62.39722,-13.12992],[-62.39597,-13.11424],[-62.41383,-13.1282],[-62.41755,-13.11876],[-62.41036,-13.10712],[-62.38319,-13.10392],[-62.36366,-13.07719],[-62.36294,-13.08525],[-62.35649,-13.08329],[-62.35346,-13.05803],[-62.34558,-13.05734],[-62.33627,-13.07946],[-62.326,-13.0764],[-62.31969,-13.08017],[-62.31683,-13.1093],[-62.31044,-13.10607],[-62.30897,-13.09635],[-62.29874,-13.0954],[-62.29586,-13.07779],[-62.29235,-13.08454],[-62.28088,-13.08765],[-62.25483,-13.08015],[-62.24535,-13.06578],[-62.24918,-13.06031],[-62.24141,-13.0479],[-62.21635,-13.03962],[-62.20674,-13.02722],[-62.19359,-13.02838],[-62.17974,-13.0203],[-62.16532,-13.00415],[-62.16043,-12.98006],[-62.13032,-12.96243],[-62.12426,-12.96576],[-62.10396,-12.94776],[-62.09906,-12.92911],[-62.09156,-12.92339],[-62.09209,-12.91434],[-62.07114,-12.90694],[-62.04039,-12.90757],[-62.03159,-12.89765],[-62.02361,-12.87204],[-62.025,-12.84808],[-62.01758,-12.81641],[-61.9975,-12.78804],[-61.99052,-12.76397],[-61.95774,-12.72908],[-61.96202,-12.69534],[-61.9368,-12.65372],[-61.94507,-12.60904],[-61.93107,-12.57226],[-61.91321,-12.55527],[-61.91346,-12.52193],[-61.90001,-12.49986],[-61.9062,-12.49071],[-61.89351,-12.48645],[-61.86317,-12.44782],[-61.84992,-12.44191],[-61.8437,-12.43191],[-61.83195,-12.42746],[-61.81567,-12.41032],[-61.80503,-12.4128],[-61.79514,-12.4069],[-61.74406,-12.44676],[-61.74903,-12.45871],[-61.74609,-12.4608],[-61.73383,-12.45854],[-61.70136,-12.4716],[-61.67528,-12.47493],[-61.65158,-12.46423],[-61.63777,-12.45111]]]},"properties":{"CD_MUN":"1100056","NM_MUN":"Cerejeiras","SIGLA_UF":"RO"}},{"type":"Feature","geometry":{"type":"Polygon","coordinates":[[[-60.73989,-13.12098],[-60.73559,-13.09592],[-60.72656,-13.08098],[-60.73497,-13.07279],[-60.73292,-13.04935],[-60.70992,-13.02535],[-60.7051,-12.99915],[-60.63629,-12.98587],[-60.61324,-12.99426],[-60.60451,-12.98986],[-60.59379,-12.97058],[-60.58609,-12.96916],[-60.56907,-12.97635],[-60.54559,-12.95755],[-60.52559,-12.97039],[-60.50609,-12.94871],[-60.48853,-12.95256],[-60.48156,-12.9344],[-60.47173,-12.92492],[-60.44217,-12.92575],[-60.43717,-12.91885],[-60.43762,-12.93445],[-60.43184,-12.93901],[-60.41098,-12.94036],[-60.40923,-12.94585],[-60.38547,-12.95641],[-60.38734,-12.97026],[-60.38137,-12.98478],[-60.36148,-12.99213],[-60.35012,-13.01762],[-60.3642,-13.04517],[-60.35853,-13.05095],[-60.35376,-13.04796],[-60.36026,-13.07111],[-60.35851,-13.07814],[-60.35037,-13.08189],[-60.35573,-13.10164],[-60.34515,-13.12773],[-60.34712,-13.15181],[-60.36029,-13.16465],[-60.35379,-13.17439],[-60.35393,-13.20667],[-60.35735,-13.20993],[-60.34923,-13.21669],[-60.34318,-13.23237],[-60.34732,-13.25024],[-60.33293,-13.25788],[-60.33882,-13.27218],[-60.3516,-13.27285],[-60.35193,-13.2841],[-60.77595,-13.28746],[-60.75964,-13.27088],[-60.76973,-13.25329],[-60.76267,-13.21517],[-60.75472,-13.20552],[-60.75567,-13.1926],[-60.73475,-13.16212],[-60.72514,-13.1574],[-60.72639,-13.14577],[-60.73989,-13.12098]]]},"properties":{"CD_MUN":"1100064","NM_MUN":"Colorado do Oeste","SIGLA_UF":"RO"}},{"type":"Feature","geometry":{"type":"Polygon","coordinates":[[[-61.42872,-10.9873],[-61.00028,-10.99205],[-61.00054,-11.39768],[-61.01821,-11.41771],[-61.03041,-11.42008],[-61.03727,-11.41505],[-61.05624,-11.42454],[-61.06316,-11.44601],[-61.07594,-11.4441],[-61.08263,-11.43804],[-61.08958,-11.44778],[-61.107,-11.45802],[-61.11144,-11.47329],[-61.11702,-11.47559],[-61.11722,-11.48554],[-61.12697,-11.49331],[-61.15372,-11.49795],[-61.17228,-11.51078],[-61.18986,-11.51009],[-61.19631,-11.5234],[-61.21153,-11.52892],[-61.22,-11.51773],[-61.22772,-11.52655],[-61.24945,-11.52563],[-61.25245,-11.51669],[-61.26423,-11.51441],[-61.26903,-11.50774],[-61.28072,-11.50707],[-61.28197,-11.50281],[-61.28961,-11.50443],[-61.28737,-11.50022],[-61.29325,-11.498],[-61.30153,-11.5035],[-61.30681,-11.49897],[-61.31709,-11.50839],[-61.32695,-11.50569],[-61.33081,-11.51309],[-61.34545,-11.50429],[-61.35481,-11.50432],[-61.36042,-11.51384],[-61.36634,-11.50625],[-61.37331,-11.50906],[-61.36717,-11.53455],[-61.37253,-11.53668],[-61.36215,-11.56266],[-61.37012,-11.5784],[-61.35018,-11.60494],[-61.35245,-11.61726],[-61.54874,-11.61891],[-61.56663,-11.60269],[-61.58079,-11.59761],[-61.5819,-11.59059],[-61.5906,-11.59709],[-61.59885,-11.59127],[-61.59653,-11.58595],[-61.59835,-11.57777],[-61.60474,-11.58118],[-61.60855,-11.57428],[-61.61466,-11.58338],[-61.61938,-11.5696],[-61.6303,-11.56056],[-61.65249,-11.55961],[-61.68324,-11.546],[-61.68766,-11.53226],[-61.69632,-11.53484],[-61.6973,-11.52322],[-61.70621,-11.52148],[-61.7061,-11.51528],[-61.7166,-11.51135],[-61.71341,-11.49073],[-61.72118,-11.47553],[-61.71627,-11.47211],[-61.71585,-11.46302],[-61.72696,-11.46592],[-61.72943,-11.46088],[-61.7319,-11.44947],[-61.7281,-11.44027],[-61.7378,-11.43684],[-61.7326,-11.42697],[-61.73851,-11.41277],[-61.7851,-11.40829],[-61.79418,-11.40434],[-61.79571,-11.39752],[-61.78279,-11.40179],[-61.77821,-11.3922],[-61.76912,-11.38916],[-61.76666,-11.38045],[-61.75488,-11.37813],[-61.74926,-11.3558],[-61.74432,-11.35589],[-61.74054,-11.34609],[-61.74501,-11.34025],[-61.74206,-11.33327],[-61.50083,-11.33331],[-61.50065,-11.11413],[-61.42653,-11.11378],[-61.42872,-10.9873]]]},"properties":{"CD_MUN":"1100049","NM_MUN":"Cacoal","SIGLA_UF":"RO"}},{"type":"Feature","geometry":{"type":"Polygon","coordinates":[[[-61.00028,-10.99205],[-60.45976,-10.98967],[-60.46776,-10.99545],[-60.4647,-11.0229],[-60.47496,-11.04587],[-60.50091,-11.06397],[-60.51254,-11.06616],[-60.51035,-11.08305],[-60.51396,-11.09147],[-60.50754,-11.10166],[-60.52693,-11.11494],[-60.51988,-11.13],[-60.5354,-11.1359],[-60.53157,-11.14294],[-60.52035,-11.14303],[-60.5181,-11.14803],[-60.52205,-11.17668],[-60.53288,-11.18494],[-60.53727,-11.21582],[-60.53169,-11.22068],[-60.52849,-11.2426],[-60.52474,-11.24358],[-60.52777,-11.25433],[-60.52305,-11.26167],[-60.51441,-11.26647],[-60.51019,-11.27743],[-60.48352,-11.29271],[-60.4926,-11.30555],[-60.48858,-11.31247],[-60.49319,-11.31838],[-60.49067,-11.33405],[-60.49539,-11.34704],[-60.48472,-11.34975],[-60.4838,-11.36831],[-60.47552,-11.36822],[-60.46055,-11.358],[-60.4585,-11.38411],[-60.44678,-11.39914],[-60.44769,-11.40451],[-60.44316,-11.40518],[-60.44205,-11.4227],[-60.43714,-11.42419],[-60.43775,-11.44669],[-60.45583,-11.45259],[-60.46311,-11.46471],[-60.47358,-11.46358],[-60.49101,-11.48265],[-60.50609,-11.47736],[-60.51317,-11.48064],[-60.54253,-11.55003],[-60.56373,-11.56051],[-60.57693,-11.58438],[-60.59235,-11.58889],[-60.59504,-11.59976],[-60.59026,-11.62056],[-60.63963,-11.64971],[-60.64032,-11.6601],[-60.65649,-11.66873],[-60.65865,-11.68215],[-60.66449,-11.68241],[-60.67135,-11.69492],[-60.70296,-11.6997],[-60.71154,-11.69277],[-60.71277,-11.69816],[-60.73349,-11.69484],[-60.7698,-11.70942],[-60.78291,-11.6997],[-60.79849,-11.70219],[-60.80632,-11.69643],[-60.82166,-11.69787],[-60.84322,-11.71933],[-60.84147,-11.7249],[-60.84897,-11.72816],[-60.8575,-11.7278],[-60.85777,-11.72197],[-60.88136,-11.72025],[-60.88961,-11.73086],[-60.89122,-11.72195],[-60.90283,-11.72564],[-60.91128,-11.7221],[-60.91833,-11.72593],[-60.92281,-11.73718],[-60.92084,-11.74905],[-61.21153,-11.52892],[-61.19631,-11.5234],[-61.18986,-11.51009],[-61.17228,-11.51078],[-61.15372,-11.49795],[-61.12697,-11.49331],[-61.11722,-11.48554],[-61.11702,-11.47559],[-61.11144,-11.47329],[-61.107,-11.45802],[-61.08958,-11.44778],[-61.08263,-11.43804],[-61.07594,-11.4441],[-61.06316,-11.44601],[-61.05624,-11.42454],[-61.03727,-11.41505],[-61.03041,-11.42008],[-61.01821,-11.41771],[-61.00054,-11.39768],[-61.00028,-10.99205]]]},"properties":{"CD_MUN":"1100098","NM_MUN":"Espigão D'Oeste","SIGLA_UF":"RO"}},{"type":"Feature","geometry":{"type":"Polygon","coordinates":[[[-61.04806,-12.49559],[-61.03297,-12.4997],[-61.02893,-12.5124],[-61.01824,-12.5138],[-61.00677,-12.52289],[-61.00825,-12.53365],[-60.99415,-12.54583],[-60.99044,-12.58652],[-60.9741,-12.59357],[-60.97773,-12.60236],[-60.96794,-12.59901],[-60.96478,-12.61097],[-60.94724,-12.61631],[-60.94723,-12.6252],[-60.93722,-12.62397],[-60.92992,-12.63724],[-60.9219,-12.63515],[-60.92159,-12.64094],[-60.91425,-12.64214],[-60.91504,-12.65176],[-60.90995,-12.65424],[-60.91303,-12.67389],[-60.90519,-12.67712],[-60.89632,-12.69062],[-60.88289,-12.68989],[-60.88521,-12.70334],[-60.87255,-12.71057],[-60.87011,-12.71956],[-60.85397,-12.72048],[-60.8556,-12.7325],[-60.84973,-12.72471],[-60.84039,-12.72619],[-60.84427,-12.73668],[-60.83533,-12.73834],[-60.83639,-12.74727],[-60.82237,-12.7505],[-60.82066,-12.75878],[-60.81675,-12.75192],[-60.80365,-12.7583],[-60.80085,-12.75191],[-60.78975,-12.7556],[-60.78969,-12.74787],[-60.78374,-12.74761],[-60.78473,-12.74185],[-60.77843,-12.7374],[-60.77134,-12.74184],[-60.76582,-12.73689],[-60.74351,-12.74063],[-60.74243,-12.73577],[-60.73596,-12.7366],[-60.72819,-12.72962],[-60.71866,-12.73301],[-60.69655,-12.72552],[-60.68857,-12.73253],[-60.68175,-12.72859],[-60.67156,-12.73554],[-60.65125,-12.73535],[-60.63915,-12.74128],[-60.63052,-12.74065],[-60.62604,-12.73228],[-60.621,-12.73683],[-60.61697,-12.73155],[-60.61137,-12.73434],[-60.6113,-12.74335],[-60.60519,-12.74179],[-60.60391,-12.74653],[-60.59185,-12.74146],[-60.57172,-12.74938],[-60.56793,-12.76282],[-60.56158,-12.76334],[-60.56159,-12.77101],[-60.57672,-12.80533],[-60.57487,-12.82947],[-60.58561,-12.84952],[-60.58137,-12.86516],[-60.59672,-12.91455],[-60.58916,-12.93362],[-60.59921,-12.94581],[-60.61324,-12.99426],[-60.63629,-12.98587],[-60.7051,-12.99915],[-60.70992,-13.02535],[-60.73292,-13.04935],[-60.73497,-13.07279],[-60.72656,-13.08098],[-60.73559,-13.09592],[-60.73989,-13.12098],[-60.76247,-13.13107],[-60.78011,-13.12567],[-60.78764,-13.12863],[-60.8038,-13.1186],[-60.81753,-13.12079],[-60.8227,-13.10722],[-60.85117,-13.09665],[-60.87466,-13.1111],[-60.89878,-13.11288],[-60.91906,-13.1225],[-60.93258,-13.1216],[-60.95098,-13.1338],[-60.9632,-13.13531],[-61.00034,-13.10499],[-61.01728,-13.11528],[-61.04618,-13.12329],[-61.09881,-13.11752],[-61.10406,-13.12103],[-61.11295,-13.11538],[-61.12551,-13.11866],[-61.15328,-13.11088],[-61.18118,-13.10976],[-61.20523,-13.0875],[-61.2219,-13.09009],[-61.2544,-13.08181],[-61.27143,-13.06843],[-61.29846,-13.06845],[-61.3162,-13.05552],[-61.33238,-13.05749],[-61.33793,-13.0486],[-61.35968,-13.04097],[-61.37832,-13.04434],[-61.43418,-13.01175],[-61.47935,-13.01122],[-61.49957,-13.00507],[-61.51563,-12.99195],[-61.50643,-12.97726],[-61.5071,-12.96227],[-61.49968,-12.954],[-61.48629,-12.92653],[-61.48654,-12.91274],[-61.47021,-12.89759],[-61.46035,-12.86374],[-61.46917,-12.84358],[-61.45973,-12.81473],[-61.44195,-12.79893],[-61.44181,-12.76689],[-61.42695,-12.73331],[-61.37342,-12.71658],[-61.371,-12.70843],[-61.37722,-12.70311],[-61.38556,-12.70871],[-61.38828,-12.69305],[-61.3825,-12.688],[-61.39261,-12.6825],[-61.37903,-12.66625],[-61.36678,-12.67053],[-61.35813,-12.64647],[-61.33785,-12.62639],[-61.33164,-12.63781],[-61.338,-12.65968],[-61.34894,-12.6681],[-61.33952,-12.68137],[-61.34469,-12.6845],[-61.34408,-12.69413],[-61.32847,-12.70364],[-61.32055,-12.70287],[-61.29375,-12.72219],[-61.28194,-12.71986],[-61.27424,-12.72672],[-61.2698,-12.72301],[-61.25161,-12.73197],[-61.24503,-12.72885],[-61.23538,-12.73209],[-61.22825,-12.7471],[-61.19886,-12.74887],[-61.19133,-12.76282],[-61.19527,-12.77052],[-61.19063,-12.77544],[-61.19204,-12.78322],[-61.18161,-12.76675],[-61.18775,-12.75874],[-61.18483,-12.75187],[-61.19211,-12.7489],[-61.20655,-12.72848],[-61.20505,-12.71034],[-61.21221,-12.712],[-61.21589,-12.70784],[-61.21436,-12.69347],[-61.22058,-12.68291],[-61.21391,-12.67514],[-61.21708,-12.66379],[-61.20999,-12.66206],[-61.2135,-12.65407],[-61.20518,-12.63636],[-61.20908,-12.63237],[-61.19474,-12.61608],[-61.20035,-12.60789],[-61.19349,-12.60244],[-61.18413,-12.60574],[-61.18566,-12.60148],[-61.17182,-12.59003],[-61.15641,-12.58345],[-61.14976,-12.58813],[-61.14784,-12.58444],[-61.13974,-12.58762],[-61.13029,-12.58125],[-61.12548,-12.58345],[-61.0931,-12.5647],[-61.09215,-12.55532],[-61.0749,-12.53688],[-61.05254,-12.52324],[-61.04973,-12.51655],[-61.05498,-12.51324],[-61.0484,-12.51148],[-61.06226,-12.50624],[-61.06343,-12.50019],[-61.04806,-12.49559]]]},"properties":{"CD_MUN":"1100072","NM_MUN":"Corumbiara","SIGLA_UF":"RO"}},{"type":"Feature","geometry":{"type":"Polygon","coordinates":[[[-63.60378,-11.6015],[-63.60174,-11.60458],[-63.59435,-11.62574],[-63.584,-11.62927],[-63.57433,-11.64803],[-63.56159,-11.65327],[-63.55595,-11.67681],[-63.58084,-11.7292],[-63.5743,-11.76379],[-63.58813,-11.77926],[-63.60089,-11.78504],[-63.60678,-11.79852],[-63.60548,-11.80607],[-63.58456,-11.83111],[-63.5768,-11.8597],[-63.57722,-11.88117],[-63.58689,-11.91392],[-63.58485,-11.92574],[-63.55423,-11.94387],[-63.53914,-11.93533],[-63.51356,-11.93953],[-63.49075,-11.95859],[-63.48479,-11.97809],[-63.47506,-11.98974],[-63.44431,-12.00036],[-63.44289,-12.03167],[-63.45978,-12.05519],[-63.46562,-12.07524],[-63.45787,-12.11899],[-63.47021,-12.14192],[-63.50054,-12.15485],[-63.50042,-12.16656],[-63.30909,-12.16693],[-63.31088,-12.1795],[-63.32357,-12.18605],[-63.3183,-12.20256],[-63.32915,-12.21856],[-63.32891,-12.2522],[-63.33763,-12.26918],[-63.3283,-12.28578],[-63.33405,-12.29514],[-63.32833,-12.30014],[-63.3183,-12.28901],[-63.30888,-12.29377],[-63.30791,-12.29997],[-63.30347,-12.29781],[-63.29791,-12.30921],[-63.28808,-12.28547],[-63.28102,-12.29035],[-63.27588,-12.28092],[-63.26663,-12.28606],[-63.26721,-12.29277],[-63.26068,-12.28852],[-63.25952,-12.29347],[-63.25191,-12.29024],[-63.24885,-12.29832],[-63.24266,-12.29945],[-63.23863,-12.28162],[-63.22966,-12.27521],[-63.23546,-12.25186],[-63.20966,-12.24062],[-63.2086,-12.23269],[-63.20238,-12.22906],[-63.19888,-12.23589],[-63.19429,-12.23009],[-63.19176,-12.23622],[-63.17649,-12.23466],[-63.1719,-12.24124],[-63.16396,-12.23367],[-63.15879,-12.23641],[-63.15398,-12.21715],[-63.14337,-12.21768],[-63.14363,-12.2245],[-63.13434,-12.20422],[-63.12869,-12.20185],[-63.11112,-12.20515],[-63.03012,-12.19491],[-62.9537,-12.20624],[-62.91506,-12.19688],[-62.89345,-12.19919],[-62.88578,-12.195],[-62.85545,-12.1944],[-62.82881,-12.20278],[-62.81375,-12.20195],[-62.79867,-12.18576],[-62.75864,-12.1743],[-62.74653,-12.16205],[-62.73175,-12.16179],[-62.71899,-12.14153],[-62.71897,-12.12223],[-62.64197,-12.23682],[-62.62211,-12.25413],[-62.60825,-12.25602],[-62.59272,-12.24887],[-62.58255,-12.25266],[-62.57616,-12.26741],[-62.5675,-12.27195],[-62.55988,-12.26908],[-62.53547,-12.28474],[-62.51683,-12.28338],[-62.49813,-12.29684],[-62.48925,-12.29586],[-62.48533,-12.30186],[-62.46599,-12.29988],[-62.41741,-12.32398],[-62.39449,-12.34328],[-62.36343,-12.33851],[-62.35513,-12.33195],[-62.30029,-12.31618],[-62.29124,-12.31863],[-62.25074,-12.40184],[-62.25555,-12.41016],[-62.25185,-12.40958],[-62.25499,-12.4142],[-62.2519,-12.42236],[-62.26404,-12.42715],[-62.25871,-12.43306],[-62.26194,-12.43592],[-62.25863,-12.45073],[-62.26724,-12.45635],[-62.27491,-12.47302],[-62.26821,-12.48082],[-62.26902,-12.50023],[-62.26816,-12.51151],[-62.28002,-12.52963],[-62.32547,-12.57272],[-62.34597,-12.58239],[-62.36156,-12.59986],[-62.37792,-12.63912],[-62.39081,-12.66014],[-62.40162,-12.66115],[-62.42665,-12.71],[-62.45209,-12.72729],[-62.46504,-12.74872],[-62.47293,-12.74688],[-62.49934,-12.75428],[-62.5176,-12.78268],[-62.52176,-12.8094],[-62.54746,-12.79653],[-62.5601,-12.81027],[-62.57791,-12.80969],[-62.61755,-12.86663],[-62.64475,-12.88214],[-62.65247,-12.9019],[-62.66511,-12.906],[-62.69392,-12.90209],[-62.70328,-12.92069],[-62.73028,-12.92711],[-62.73411,-12.91362],[-62.74117,-12.91151],[-62.73419,-12.89149],[-62.74406,-12.88282],[-62.754,-12.88569],[-62.75189,-12.87296],[-62.76636,-12.87797],[-62.76722,-12.88368],[-62.77761,-12.8756],[-62.78836,-12.87728],[-62.78828,-12.86115],[-62.79483,-12.85935],[-62.80097,-12.86079],[-62.79756,-12.86449],[-62.81753,-12.8679],[-62.84247,-12.86335],[-62.85856,-12.87026],[-62.86567,-12.87905],[-62.87187,-12.87818],[-62.88103,-12.86297],[-62.892,-12.85865],[-62.90581,-12.85451],[-62.9212,-12.84067],[-62.9377,-12.84279],[-62.94734,-12.85843],[-62.95145,-12.8498],[-62.95928,-12.84691],[-62.97076,-12.85871],[-62.9789,-12.85829],[-62.98329,-12.84394],[-63.00087,-12.84167],[-63.01206,-12.83391],[-63.00837,-12.8106],[-63.02117,-12.80525],[-63.0212,-12.78805],[-63.03367,-12.78052],[-63.04175,-12.7499],[-63.05442,-12.73094],[-63.06011,-12.72769],[-63.07273,-12.73067],[-63.08111,-12.72387],[-63.08184,-12.70656],[-63.06194,-12.69379],[-63.0625,-12.68463],[-63.09559,-12.68346],[-63.09873,-12.67692],[-63.09186,-12.66846],[-63.09331,-12.65776],[-63.11533,-12.65883],[-63.12703,-12.64553],[-63.13939,-12.64625],[-63.13731,-12.63953],[-63.15172,-12.63365],[-63.15822,-12.61394],[-63.16733,-12.62109],[-63.1635,-12.64004],[-63.17334,-12.64078],[-63.18311,-12.62658],[-63.19287,-12.62351],[-63.19734,-12.63012],[-63.1897,-12.64681],[-63.19601,-12.65427],[-63.21809,-12.65554],[-63.23184,-12.66499],[-63.24456,-12.66097],[-63.23956,-12.67722],[-63.23153,-12.68262],[-63.23984,-12.69083],[-63.2617,-12.68329],[-63.2954,-12.68166],[-63.35015,-12.6565],[-63.37409,-12.65735],[-63.40079,-12.63602],[-63.40979,-12.61088],[-63.44023,-12.606],[-63.4404,-12.6001],[-63.42576,-12.5964],[-63.43715,-12.58447],[-63.43454,-12.56564],[-63.47384,-12.56136],[-63.50159,-12.56712],[-63.53415,-12.53553],[-63.55034,-12.50823],[-63.61385,-12.48506],[-63.62184,-12.4727],[-63.65665,-12.46161],[-63.67293,-12.46297],[-63.6914,-12.44921],[-63.7336,-12.4384],[-63.76416,-12.44186],[-63.78616,-12.42773],[-63.80299,-12.44703],[-63.8179,-12.4468],[-63.83383,-12.46322],[-63.85019,-12.46018],[-63.87297,-12.44687],[-63.88716,-12.44704],[-63.88922,-12.4655],[-63.90057,-12.48171],[-63.90058,-12.5058],[-63.9208,-12.51112],[-63.95283,-12.53156],[-63.96983,-12.52522],[-63.99575,-12.50303],[-64.00042,-12.50281],[-64.00341,-12.51447],[-64.00917,-12.51775],[-64.02008,-12.50797],[-64.04003,-12.51492],[-64.05986,-12.49074],[-64.07564,-12.50093],[-64.08369,-12.5005],[-64.09092,-12.48387],[-64.09878,-12.48534],[-64.1047,-12.49521],[-64.12244,-12.50554],[-64.12244,-12.48593],[-64.13375,-12.47624],[-64.14364,-12.48147],[-64.14817,-12.50458],[-64.16175,-12.51441],[-64.17326,-12.5068],[-64.17386,-12.46576],[-64.19664,-12.47262],[-64.20876,-12.46237],[-64.23436,-12.45527],[-64.27801,-12.49961],[-64.28659,-12.50274],[-64.2987,-12.49053],[-64.29065,-12.4687],[-64.29459,-12.4576],[-64.34904,-12.45971],[-64.40604,-12.44683],[-64.44746,-12.40909],[-64.4599,-12.38693],[-64.50043,-12.36598],[-64.51295,-12.3465],[-64.50043,-12.32991],[-64.49273,-12.29405],[-64.50617,-12.22748],[-64.51264,-12.22265],[-64.52267,-12.22532],[-64.54925,-12.24217],[-64.5757,-12.21508],[-64.59442,-12.21547],[-64.58662,-12.1848],[-64.57837,-12.17852],[-64.55287,-12.18078],[-64.54331,-12.19113],[-64.53903,-12.21517],[-64.51701,-12.21278],[-64.51145,-12.19827],[-64.50042,-12.19588],[-64.48586,-12.20905],[-64.46861,-12.19897],[-64.46828,-12.18964],[-64.47445,-12.19073],[-64.47598,-12.1864],[-64.47345,-12.18256],[-64.45545,-12.18386],[-64.44766,-12.17427],[-64.44761,-12.16363],[-64.43717,-12.15673],[-64.44872,-12.15007],[-64.44764,-12.1438],[-64.43225,-12.13047],[-64.42647,-12.13549],[-64.42174,-12.10825],[-64.41869,-12.11396],[-64.41105,-12.10811],[-64.40041,-12.11206],[-64.39811,-12.10512],[-64.38702,-12.10636],[-64.38847,-12.11127],[-64.38477,-12.11098],[-64.37985,-12.10142],[-64.38186,-12.09259],[-64.37669,-12.0892],[-64.37494,-12.07939],[-64.37997,-12.07932],[-64.37418,-12.05736],[-64.36507,-12.05259],[-64.35347,-12.03617],[-64.34874,-12.03794],[-64.32291,-12.00981],[-64.31832,-12.00763],[-64.30046,-12.01574],[-64.30132,-12.01017],[-64.29088,-12.00988],[-64.28651,-12.00024],[-64.28568,-11.99627],[-64.27693,-11.99882],[-64.26007,-11.99253],[-64.2541,-11.98083],[-64.24165,-11.97729],[-64.23951,-11.97338],[-64.24537,-11.97119],[-64.24229,-11.96619],[-64.25829,-11.96024],[-64.25743,-11.95462],[-64.24506,-11.94717],[-64.23712,-11.93524],[-64.22565,-11.93278],[-64.21907,-11.92237],[-64.21548,-11.92521],[-64.21609,-11.91737],[-64.21276,-11.92307],[-64.20823,-11.91648],[-64.20256,-11.91903],[-64.20718,-11.9128],[-64.20004,-11.90812],[-64.17565,-11.91187],[-64.17437,-11.91749],[-64.17003,-11.9121],[-64.16492,-11.91676],[-64.16367,-11.90991],[-64.1557,-11.91291],[-64.15445,-11.90289],[-64.14448,-11.8957],[-64.14037,-11.88543],[-64.14482,-11.88306],[-64.13065,-11.87211],[-64.13553,-11.86457],[-64.12981,-11.86376],[-64.12103,-11.84136],[-64.12775,-11.83641],[-64.12726,-11.82911],[-64.12011,-11.83075],[-64.10764,-11.81469],[-64.11009,-11.80749],[-64.09756,-11.79349],[-64.10267,-11.78355],[-64.08881,-11.78357],[-64.07717,-11.77009],[-64.05025,-11.7665],[-64.0462,-11.75789],[-64.04019,-11.76389],[-64.03605,-11.75294],[-64.0438,-11.75144],[-64.04114,-11.74547],[-64.02489,-11.74551],[-64.02463,-11.75952],[-64.0205,-11.76357],[-63.99102,-11.74734],[-63.97999,-11.74756],[-63.97546,-11.75407],[-63.96791,-11.74632],[-63.96613,-11.73525],[-63.93502,-11.72607],[-63.92385,-11.73016],[-63.90366,-11.71879],[-63.87952,-11.7281],[-63.86926,-11.70948],[-63.86035,-11.70531],[-63.8386,-11.68028],[-63.83191,-11.68411],[-63.8214,-11.67402],[-63.81109,-11.6708],[-63.80621,-11.67421],[-63.77673,-11.66176],[-63.7647,-11.66614],[-63.74481,-11.66208],[-63.74171,-11.64896],[-63.7284,-11.64656],[-63.72595,-11.64035],[-63.71906,-11.6481],[-63.70762,-11.65089],[-63.69362,-11.64134],[-63.68731,-11.6506],[-63.67637,-11.64025],[-63.67979,-11.62464],[-63.66675,-11.63008],[-63.65923,-11.60896],[-63.64634,-11.62659],[-63.63634,-11.60736],[-63.61981,-11.606],[-63.61678,-11.60005],[-63.60378,-11.6015]]]},"properties":{"CD_MUN":"1100080","NM_MUN":"Costa Marques","SIGLA_UF":"RO"}},{"type":"Feature","geometry":{"type":"Polygon","coordinates":[[[-63.57332,-9.71572],[-63.49982,-9.71501],[-63.49994,-9.7601],[-63.22749,-9.75967],[-63.10827,-9.75342],[-63.03382,-9.75157],[-63.02031,-9.7457],[-62.99603,-9.75168],[-62.83662,-9.75083],[-62.83193,-9.75953],[-62.80689,-9.77916],[-62.79604,-9.80022],[-62.77669,-9.80438],[-62.76863,-9.82074],[-62.76082,-9.82489],[-62.75504,-9.82097],[-62.74465,-9.82293],[-62.73737,-9.81569],[-62.73046,-9.82253],[-62.71245,-9.82542],[-62.68004,-9.84743],[-62.67479,-9.83093],[-62.6605,-9.81103],[-62.65434,-9.78064],[-62.62957,-9.7689],[-62.60986,-9.73576],[-62.59888,-9.73629],[-62.58269,-9.72239],[-62.58421,-9.7032],[-62.56701,-9.69674],[-62.56564,-9.68602],[-62.5579,-9.67918],[-62.55844,-9.66966],[-62.55447,-9.67053],[-62.53722,-9.71759],[-62.5362,-9.73198],[-62.51939,-9.74317],[-62.49436,-9.77232],[-62.46589,-9.77811],[-62.45664,-9.7736],[-62.44908,-9.77999],[-62.43552,-9.78029],[-62.42275,-9.80558],[-62.44528,-9.8193],[-62.45031,-9.82864],[-62.455,-9.86231],[-62.44945,-9.89304],[-62.45309,-9.90593],[-62.46306,-9.91562],[-62.46281,-9.93028],[-62.48912,-9.95633],[-62.50395,-9.96475],[-62.50921,-9.99512],[-62.52398,-10.01254],[-62.53396,-10.05194],[-62.55973,-10.05375],[-62.56493,-10.06408],[-62.57226,-10.0676],[-62.57599,-10.07906],[-62.57241,-10.08761],[-62.57657,-10.09297],[-62.56777,-10.09896],[-62.58613,-10.10854],[-62.57977,-10.1291],[-62.59044,-10.15191],[-62.59279,-10.18346],[-62.5986,-10.19175],[-62.61177,-10.19797],[-62.66234,-10.29369],[-62.69874,-10.26634],[-62.70437,-10.26733],[-62.72618,-10.2465],[-62.73914,-10.24785],[-62.74652,-10.23398],[-62.7686,-10.2205],[-62.77886,-10.20658],[-62.82831,-10.17619],[-62.83223,-10.16721],[-63.20902,-10.16677],[-63.21408,-10.16197],[-63.20555,-10.15399],[-63.21383,-10.15116],[-63.20522,-10.14249],[-63.20145,-10.14546],[-63.19423,-10.14177],[-63.19006,-10.13296],[-63.18092,-10.13951],[-63.17297,-10.13463],[-63.17507,-10.1176],[-63.15827,-10.11163],[-63.14605,-10.09605],[-63.14597,-10.07379],[-63.12886,-10.05249],[-63.12729,-10.03784],[-63.12035,-10.03435],[-63.12253,-10.02902],[-63.11419,-10.02002],[-63.11781,-10.01021],[-63.11196,-10.00012],[-63.59671,-10.00013],[-63.60749,-9.9814],[-63.60597,-9.97226],[-63.6166,-9.96357],[-63.61669,-9.92869],[-63.60126,-9.91455],[-63.5789,-9.87637],[-63.58876,-9.85311],[-63.58029,-9.82982],[-63.58037,-9.79062],[-63.57168,-9.78088],[-63.57151,-9.75967],[-63.5647,-9.75237],[-63.5654,-9.73202],[-63.57332,-9.71572]]]},"properties":{"CD_MUN":"1100023","NM_MUN":"Ariquemes","SIGLA_UF":"RO"}},{"type":"Feature","geometry":{"type":"Polygon","coordinates":[[[-60.77595,-13.28746],[-60.35193,-13.2841],[-60.35377,-13.29444],[-60.36302,-13.29638],[-60.36141,-13.30841],[-60.37327,-13.32429],[-60.36588,-13.33208],[-60.36508,-13.3408],[-60.37096,-13.34822],[-60.37114,-13.36739],[-60.37938,-13.37508],[-60.37869,-13.39429],[-60.37166,-13.40871],[-60.37911,-13.41517],[-60.38139,-13.44198],[-60.38772,-13.45454],[-60.39972,-13.4561],[-60.40228,-13.46272],[-60.41133,-13.4615],[-60.4318,-13.48829],[-60.45617,-13.49337],[-60.46539,-13.48896],[-60.51075,-13.50344],[-60.53148,-13.51795],[-60.53287,-13.53609],[-60.54384,-13.53635],[-60.54818,-13.54825],[-60.55465,-13.54803],[-60.55584,-13.55321],[-60.57745,-13.56508],[-60.58457,-13.56387],[-60.60012,-13.57257],[-60.61107,-13.56619],[-60.63201,-13.57154],[-60.6332,-13.57908],[-60.6412,-13.5849],[-60.64098,-13.59639],[-60.64532,-13.59267],[-60.68585,-13.62508],[-60.69029,-13.6487],[-60.7019,-13.66012],[-60.69674,-13.66637],[-60.70946,-13.67156],[-60.71663,-13.68206],[-60.70913,-13.69284],[-60.73946,-13.68514],[-60.76936,-13.68405],[-60.77397,-13.6611],[-60.80988,-13.65512],[-60.81888,-13.63677],[-60.82841,-13.62934],[-60.84091,-13.62756],[-60.8448,-13.63141],[-60.87505,-13.62125],[-60.88694,-13.60177],[-60.92058,-13.56879],[-60.92458,-13.55686],[-60.91633,-13.54652],[-60.92286,-13.5407],[-60.93371,-13.54055],[-60.95085,-13.55173],[-60.97197,-13.53681],[-60.98585,-13.53854],[-60.98686,-13.54798],[-61.00544,-13.55012],[-61.01225,-13.52802],[-61.00855,-13.52317],[-61.00075,-13.53083],[-60.99752,-13.52744],[-61.00658,-13.51826],[-61.00883,-13.50624],[-60.99952,-13.49978],[-60.99308,-13.50502],[-60.98816,-13.50016],[-61.00024,-13.49483],[-61.00015,-13.39459],[-60.99118,-13.39061],[-60.95763,-13.39191],[-60.92318,-13.37884],[-60.91846,-13.38395],[-60.89835,-13.37613],[-60.88618,-13.36254],[-60.84076,-13.33748],[-60.83473,-13.32958],[-60.79687,-13.32628],[-60.78325,-13.29069],[-60.77595,-13.28746]]]},"properties":{"CD_MUN":"1100031","NM_MUN":"Cabixi","SIGLA_UF":"RO"}},{"type":"Feature","geometry":{"type":"Polygon","coordinates":[[[-62.20649,-11.83179],[-62.18924,-11.82775],[-62.1731,-11.85202],[-62.18241,-11.86706],[-62.16983,-11.87091],[-62.15738,-11.87062],[-62.14049,-11.85246],[-62.11982,-11.84273],[-62.10224,-11.84512],[-62.0921,-11.83931],[-62.08977,-11.85711],[-62.09085,-11.87193],[-62.07363,-11.87862],[-62.05854,-11.8671],[-62.04546,-11.86816],[-62.01957,-11.85761],[-62.00701,-11.86791],[-61.99118,-11.86985],[-61.97796,-11.86427],[-61.97449,-11.86797],[-61.96662,-11.86342],[-61.9616,-11.86889],[-61.93268,-11.86251],[-61.92088,-11.86667],[-61.92315,-11.87711],[-61.91879,-11.89048],[-61.90026,-11.89185],[-61.89062,-11.90834],[-61.89279,-11.96515],[-61.88002,-11.97067],[-61.87337,-11.98416],[-61.86062,-11.97587],[-61.84335,-11.98634],[-61.84874,-11.999],[-61.83224,-12.02117],[-61.83558,-12.07016],[-61.82513,-12.08284],[-61.81691,-12.08547],[-61.81502,-12.09543],[-61.8031,-12.09935],[-61.79666,-12.12597],[-61.7741,-12.1504],[-61.77135,-12.16231],[-61.74733,-12.199],[-61.7403,-12.25151],[-61.75316,-12.27478],[-61.72577,-12.3315],[-61.72944,-12.33891],[-61.72416,-12.34681],[-61.726,-12.35974],[-61.71766,-12.36946],[-61.71672,-12.38101],[-61.69069,-12.39918],[-61.68675,-12.41925],[-61.67558,-12.42904],[-61.63777,-12.45111],[-61.65158,-12.46423],[-61.67528,-12.47493],[-61.70136,-12.4716],[-61.73383,-12.45854],[-61.74609,-12.4608],[-61.74903,-12.45871],[-61.74406,-12.44676],[-61.79514,-12.4069],[-61.80503,-12.4128],[-61.81567,-12.41032],[-61.83195,-12.42746],[-61.8437,-12.43191],[-61.84992,-12.44191],[-61.86317,-12.44782],[-61.89351,-12.48645],[-61.9062,-12.49071],[-61.90001,-12.49986],[-61.91346,-12.52193],[-61.91321,-12.55527],[-61.93107,-12.57226],[-61.94507,-12.60904],[-61.9368,-12.65372],[-61.96202,-12.69534],[-61.95774,-12.72908],[-61.99052,-12.76397],[-61.9975,-12.78804],[-62.01758,-12.81641],[-62.025,-12.84808],[-62.02361,-12.87204],[-62.03159,-12.89765],[-62.04039,-12.90757],[-62.07114,-12.90694],[-62.09209,-12.91434],[-62.09156,-12.92339],[-62.09906,-12.92911],[-62.10396,-12.94776],[-62.12426,-12.96576],[-62.13032,-12.96243],[-62.16043,-12.98006],[-62.16532,-13.00415],[-62.17974,-13.0203],[-62.19359,-13.02838],[-62.20674,-13.02722],[-62.21635,-13.03962],[-62.24141,-13.0479],[-62.24918,-13.06031],[-62.24535,-13.06578],[-62.25483,-13.08015],[-62.28088,-13.08765],[-62.29235,-13.08454],[-62.29586,-13.07779],[-62.29874,-13.0954],[-62.30897,-13.09635],[-62.31044,-13.10607],[-62.31683,-13.1093],[-62.31969,-13.08017],[-62.326,-13.0764],[-62.33627,-13.07946],[-62.34558,-13.05734],[-62.35346,-13.05803],[-62.35649,-13.08329],[-62.36294,-13.08525],[-62.36366,-13.07719],[-62.38319,-13.10392],[-62.41036,-13.10712],[-62.41755,-13.11876],[-62.4343,-13.10178],[-62.43683,-13.08038],[-62.45731,-13.08648],[-62.45386,-13.06461],[-62.46025,-13.06534],[-62.46538,-13.07701],[-62.47189,-13.0787],[-62.47341,-13.06017],[-62.47878,-13.05726],[-62.48336,-13.06196],[-62.48288,-13.07593],[-62.50247,-13.08298],[-62.52366,-13.06531],[-62.54109,-13.07536],[-62.609,-13.04386],[-62.61464,-13.03629],[-62.61397,-13.02605],[-62.59983,-13.01548],[-62.60666,-13.01085],[-62.62136,-13.01752],[-62.62908,-13.01606],[-62.63286,-13.01045],[-62.63131,-12.99003],[-62.64634,-12.99296],[-62.65203,-12.98915],[-62.64511,-12.97441],[-62.64531,-12.96753],[-62.65067,-12.96539],[-62.66053,-12.96928],[-62.67475,-12.99076],[-62.69422,-12.99204],[-62.69842,-13.00263],[-62.725,-13.00107],[-62.729,-13.02058],[-62.73387,-13.02168],[-62.74675,-12.99872],[-62.75206,-13.00186],[-62.75625,-13.01701],[-62.77895,-13.00938],[-62.7942,-12.99503],[-62.80673,-12.96788],[-62.80581,-12.94044],[-62.82283,-12.93358],[-62.8457,-12.94853],[-62.85012,-12.94074],[-62.84298,-12.92693],[-62.87006,-12.91042],[-62.88039,-12.88701],[-62.89301,-12.87693],[-62.892,-12.85865],[-62.88103,-12.86297],[-62.87187,-12.87818],[-62.86567,-12.87905],[-62.85856,-12.87026],[-62.84247,-12.86335],[-62.81753,-12.8679],[-62.79756,-12.86449],[-62.80097,-12.86079],[-62.79483,-12.85935],[-62.78828,-12.86115],[-62.78836,-12.87728],[-62.77761,-12.8756],[-62.76722,-12.88368],[-62.76636,-12.87797],[-62.75189,-12.87296],[-62.754,-12.88569],[-62.74406,-12.88282],[-62.73419,-12.89149],[-62.74117,-12.91151],[-62.73411,-12.91362],[-62.73028,-12.92711],[-62.70328,-12.92069],[-62.69392,-12.90209],[-62.66511,-12.906],[-62.65247,-12.9019],[-62.64475,-12.88214],[-62.61755,-12.86663],[-62.57791,-12.80969],[-62.5601,-12.81027],[-62.54746,-12.79653],[-62.52176,-12.8094],[-62.5176,-12.78268],[-62.49934,-12.75428],[-62.47293,-12.74688],[-62.46504,-12.74872],[-62.45209,-12.72729],[-62.42665,-12.71],[-62.40162,-12.66115],[-62.39081,-12.66014],[-62.37792,-12.63912],[-62.36156,-12.59986],[-62.34597,-12.58239],[-62.32547,-12.57272],[-62.28002,-12.52963],[-62.26816,-12.51151],[-62.26902,-12.50023],[-62.26821,-12.48082],[-62.27491,-12.47302],[-62.26724,-12.45635],[-62.25863,-12.45073],[-62.26194,-12.43592],[-62.25871,-12.43306],[-62.26404,-12.42715],[-62.2519,-12.42236],[-62.25499,-12.4142],[-62.25185,-12.40958],[-62.25555,-12.41016],[-62.25074,-12.40184],[-62.29124,-12.31863],[-62.30029,-12.31618],[-62.35513,-12.33195],[-62.36343,-12.33851],[-62.39449,-12.34328],[-62.41741,-12.32398],[-62.46599,-12.29988],[-62.48533,-12.30186],[-62.48925,-12.29586],[-62.49813,-12.29684],[-62.51683,-12.28338],[-62.53547,-12.28474],[-62.55988,-12.26908],[-62.5675,-12.27195],[-62.57616,-12.26741],[-62.58255,-12.25266],[-62.59272,-12.24887],[-62.60825,-12.25602],[-62.62211,-12.25413],[-62.64197,-12.23682],[-62.63416,-12.21842],[-62.61535,-12.20599],[-62.61433,-12.18864],[-62.62077,-12.18314],[-62.60377,-12.15856],[-62.60294,-12.14667],[-62.6096,-12.12835],[-62.60663,-12.12601],[-62.61374,-12.11973],[-62.60444,-12.11164],[-62.60965,-12.10105],[-62.60616,-12.1006],[-62.60613,-12.09224],[-62.61001,-12.08305],[-62.58835,-12.06904],[-62.58154,-12.07247],[-62.56912,-12.06508],[-62.54501,-12.04849],[-62.54721,-12.039],[-62.53773,-12.02897],[-62.48837,-12.00464],[-62.47931,-11.99575],[-62.4799,-11.98696],[-62.44106,-11.95857],[-62.43514,-11.94028],[-62.40861,-11.9261],[-62.40708,-11.91525],[-62.39914,-11.91011],[-62.37959,-11.90465],[-62.37433,-11.90877],[-62.3502,-11.90464],[-62.33703,-11.8953],[-62.31564,-11.90445],[-62.29674,-11.89233],[-62.27827,-11.90405],[-62.26744,-11.9059],[-62.24886,-11.9002],[-62.2413,-11.90307],[-62.24114,-11.90808],[-62.23228,-11.90858],[-62.20649,-11.83179]]]},"properties":{"CD_MUN":"1100015","NM_MUN":"Alta Floresta D'Oeste","SIGLA_UF":"RO"}},{"type":"Feature","geometry":{"type":"Polygon","coordinates":[[[-62.76384,-8.79781],[-62.76386,-8.79781],[-62.77026,-8.79463],[-62.77427,-8.78399],[-62.77588,-8.79327],[-62.79162,-8.79152],[-62.79001,-8.80367],[-62.78224,-8.80243],[-62.78987,-8.81247],[-62.80188,-8.81751],[-62.78999,-8.82508],[-62.80447,-8.83976],[-62.81188,-8.84105],[-62.81196,-8.85619],[-62.81648,-8.86087],[-62.8085,-8.85963],[-62.80831,-8.86542],[-62.81395,-8.86737],[-62.81239,-8.87435],[-62.82211,-8.87967],[-62.82182,-8.89296],[-62.8329,-8.89564],[-62.83381,-8.90783],[-62.82938,-8.9128],[-62.84115,-8.90448],[-62.84924,-8.90913],[-62.85387,-8.9214],[-62.85891,-8.92013],[-62.85634,-8.92707],[-62.86033,-8.92785],[-62.86391,-8.91908],[-62.86875,-8.9263],[-62.86418,-8.931],[-62.87358,-8.93226],[-62.87877,-8.92418],[-62.88833,-8.92117],[-62.90126,-8.93078],[-62.9306,-8.92028],[-62.93394,-8.94708],[-62.95077,-8.96788],[-62.96856,-8.98131],[-62.98297,-8.98271],[-62.99049,-9.00001],[-63.00024,-9.00007],[-63.20926,-9.00025],[-63.21133,-8.99636],[-63.20168,-8.98548],[-63.2117,-8.96725],[-63.23161,-8.95722],[-63.24671,-8.93695],[-63.25189,-8.93982],[-63.25349,-8.93313],[-63.26299,-8.93017],[-63.26788,-8.91986],[-63.26215,-8.91105],[-63.26258,-8.89844],[-63.28245,-8.88495],[-63.29225,-8.8706],[-63.28985,-8.8635],[-63.30001,-8.85948],[-63.29827,-8.85164],[-63.30222,-8.84818],[-63.30811,-8.85372],[-63.31835,-8.8505],[-63.31865,-8.85664],[-63.29949,-8.86313],[-63.29743,-8.87119],[-63.31677,-8.86742],[-63.31781,-8.88038],[-63.31267,-8.88308],[-63.31779,-8.89526],[-63.29066,-8.92898],[-63.31437,-8.92629],[-63.33062,-8.93607],[-63.32653,-8.96038],[-63.3317,-8.96956],[-63.32434,-8.99071],[-63.34279,-8.99994],[-63.3397,-9.01151],[-63.35139,-9.01693],[-63.35146,-9.02724],[-63.36093,-9.04503],[-63.35552,-9.06415],[-63.36559,-9.07874],[-63.37566,-9.07807],[-63.38257,-9.08809],[-63.39548,-9.09435],[-63.41472,-9.09406],[-63.42955,-9.08618],[-63.44526,-9.08934],[-63.42023,-9.008],[-63.44596,-8.9986],[-63.45092,-9.00638],[-63.47923,-9.01959],[-63.48161,-9.02919],[-63.50224,-9.05682],[-63.50927,-9.05938],[-63.51218,-9.06875],[-63.53369,-9.06229],[-63.5253,-9.08309],[-63.53105,-9.09681],[-63.52669,-9.1038],[-63.52335,-9.09809],[-63.51487,-9.09711],[-63.51955,-9.10475],[-63.50915,-9.11897],[-63.51339,-9.12252],[-63.51347,-9.13374],[-63.50833,-9.13728],[-63.51308,-9.13893],[-63.508,-9.14391],[-63.5123,-9.15105],[-63.49961,-9.153],[-63.49824,-9.14584],[-63.49329,-9.14584],[-63.49301,-9.14139],[-63.49762,-9.14112],[-63.49526,-9.13704],[-63.48596,-9.13609],[-63.4807,-9.14469],[-63.47144,-9.14306],[-63.46622,-9.14968],[-63.45519,-9.15132],[-63.45029,-9.15778],[-63.45372,-9.16718],[-63.44602,-9.17334],[-63.45528,-9.1719],[-63.46022,-9.18014],[-63.45258,-9.20255],[-63.43898,-9.19795],[-63.4332,-9.18973],[-63.41864,-9.18907],[-63.41699,-9.18403],[-63.4095,-9.1935],[-63.39326,-9.18944],[-63.39782,-9.19466],[-63.39379,-9.20773],[-63.40599,-9.22801],[-63.38918,-9.23293],[-63.40429,-9.25358],[-63.39567,-9.27519],[-63.39038,-9.27235],[-63.39123,-9.27806],[-63.38317,-9.28001],[-63.3751,-9.27373],[-63.35435,-9.27242],[-63.34794,-9.26343],[-63.34473,-9.27872],[-63.33298,-9.28006],[-63.32833,-9.28786],[-63.32054,-9.28979],[-63.3198,-9.29882],[-63.31219,-9.29536],[-63.31284,-9.29026],[-63.30457,-9.28904],[-63.30331,-9.29612],[-63.31214,-9.31038],[-63.30721,-9.32993],[-63.31101,-9.333],[-63.30943,-9.34308],[-63.29873,-9.34469],[-63.30133,-9.3545],[-63.29164,-9.3616],[-63.29361,-9.36844],[-63.30744,-9.37112],[-63.31076,-9.3765],[-63.30656,-9.40263],[-63.3257,-9.42825],[-63.75728,-9.39476],[-63.76278,-9.39299],[-63.7595,-9.3844],[-63.77087,-9.3809],[-63.7652,-9.37042],[-63.77551,-9.37724],[-63.78643,-9.37462],[-63.7841,-9.36995],[-63.77121,-9.36969],[-63.7675,-9.3626],[-63.77187,-9.35964],[-63.77928,-9.36568],[-63.77751,-9.35821],[-63.78198,-9.35112],[-63.77286,-9.3403],[-63.78981,-9.3343],[-63.78568,-9.32777],[-63.78135,-9.30601],[-63.77347,-9.29441],[-63.78303,-9.29341],[-63.77885,-9.28552],[-63.76109,-9.2795],[-63.76997,-9.26294],[-63.76382,-9.25705],[-63.7707,-9.25708],[-63.77333,-9.26467],[-63.77951,-9.26037],[-63.77855,-9.25438],[-63.78508,-9.25746],[-63.78831,-9.25099],[-63.7794,-9.24658],[-63.78023,-9.22996],[-63.77057,-9.22918],[-63.776,-9.21537],[-63.77105,-9.20328],[-63.77754,-9.20263],[-63.77728,-9.19898],[-63.76269,-9.18749],[-63.78079,-9.19114],[-63.78543,-9.18195],[-63.78124,-9.1678],[-63.78507,-9.15992],[-63.76987,-9.15261],[-63.77676,-9.13885],[-63.79449,-9.12861],[-63.77568,-9.11321],[-63.78591,-9.11109],[-63.79251,-9.10386],[-63.7839,-9.08778],[-63.78701,-9.08247],[-63.78279,-9.0689],[-63.777,-9.07148],[-63.7745,-9.0672],[-63.78079,-9.05911],[-63.79411,-9.05569],[-63.7966,-9.0468],[-63.78439,-9.04016],[-63.7927,-9.02778],[-63.79009,-9.02095],[-63.78321,-9.01951],[-63.78612,-9.01096],[-63.78108,-9.00909],[-63.77083,-9.01512],[-63.76902,-9.00289],[-63.77977,-9.00294],[-63.78341,-8.99627],[-63.77424,-8.99582],[-63.7632,-8.98616],[-63.76678,-8.96965],[-63.76195,-8.97135],[-63.75962,-8.9828],[-63.75399,-8.98027],[-63.75082,-8.969],[-63.74276,-8.96703],[-63.74853,-8.95668],[-63.73551,-8.96276],[-63.72936,-8.95562],[-63.73198,-8.95245],[-63.73699,-8.9567],[-63.74645,-8.93661],[-63.75248,-8.94009],[-63.75398,-8.93419],[-63.73997,-8.93349],[-63.7442,-8.92514],[-63.72335,-8.92379],[-63.72831,-8.91864],[-63.73996,-8.91803],[-63.74274,-8.91061],[-63.73591,-8.90112],[-63.74398,-8.89515],[-63.74475,-8.88819],[-63.7377,-8.89133],[-63.73645,-8.88728],[-63.7226,-8.88704],[-63.73855,-8.87395],[-63.74028,-8.8808],[-63.75091,-8.87211],[-63.74736,-8.86282],[-63.73934,-8.85996],[-63.74892,-8.85107],[-63.72877,-8.84278],[-63.73931,-8.83878],[-63.74481,-8.84484],[-63.749,-8.83896],[-63.74267,-8.82288],[-63.72842,-8.83497],[-63.72807,-8.82808],[-63.71904,-8.82139],[-63.7064,-8.82033],[-63.6991,-8.80565],[-63.71974,-8.79971],[-63.71786,-8.79004],[-63.71024,-8.79405],[-63.70552,-8.78971],[-63.70429,-8.77655],[-63.72036,-8.77637],[-63.72375,-8.76484],[-63.71549,-8.75873],[-63.71196,-8.77249],[-63.7041,-8.76215],[-63.70727,-8.73724],[-63.70036,-8.73984],[-63.68667,-8.73134],[-63.69591,-8.71582],[-63.71173,-8.7159],[-63.69801,-8.70581],[-63.69671,-8.69899],[-63.6951,-8.70907],[-63.68334,-8.7134],[-63.67982,-8.70076],[-63.66865,-8.69738],[-63.67145,-8.71443],[-63.65557,-8.70572],[-63.64006,-8.71558],[-63.65399,-8.72056],[-63.65363,-8.73297],[-63.64476,-8.72187],[-63.63024,-8.7267],[-63.62685,-8.71971],[-63.63583,-8.70907],[-63.61584,-8.69407],[-63.61246,-8.70247],[-63.59131,-8.68445],[-63.58631,-8.65779],[-63.57614,-8.66055],[-63.58142,-8.66932],[-63.57211,-8.66912],[-63.56191,-8.67843],[-63.56031,-8.65835],[-63.56738,-8.63567],[-63.56433,-8.62691],[-63.54836,-8.63618],[-63.54399,-8.63177],[-63.53046,-8.64541],[-63.52163,-8.63674],[-63.52395,-8.62385],[-63.51657,-8.61977],[-63.51173,-8.60859],[-63.50061,-8.6051],[-63.45885,-8.5957],[-63.4451,-8.58486],[-63.44665,-8.57145],[-63.47243,-8.5698],[-63.48291,-8.5617],[-63.46607,-8.54558],[-63.4653,-8.5283],[-63.4517,-8.5145],[-63.45024,-8.50016],[-62.82192,-8.50007],[-62.84323,-8.50759],[-62.84201,-8.51888],[-62.83177,-8.52145],[-62.82324,-8.53697],[-62.81349,-8.53923],[-62.82025,-8.54493],[-62.81309,-8.56339],[-62.80393,-8.5595],[-62.80415,-8.57238],[-62.79475,-8.57838],[-62.78683,-8.57084],[-62.78317,-8.55805],[-62.76956,-8.56285],[-62.77217,-8.56824],[-62.78124,-8.56569],[-62.77732,-8.57193],[-62.7646,-8.57482],[-62.78309,-8.59651],[-62.77397,-8.60378],[-62.76915,-8.59087],[-62.74929,-8.60626],[-62.74148,-8.60686],[-62.75545,-8.61702],[-62.75494,-8.62779],[-62.74518,-8.62774],[-62.72679,-8.6395],[-62.73955,-8.63981],[-62.73666,-8.6509],[-62.72545,-8.64924],[-62.71628,-8.65427],[-62.72187,-8.65906],[-62.73147,-8.65576],[-62.73537,-8.67481],[-62.74717,-8.67893],[-62.74502,-8.68853],[-62.75533,-8.68429],[-62.76208,-8.68888],[-62.75227,-8.70355],[-62.75741,-8.72405],[-62.76155,-8.72602],[-62.76486,-8.71821],[-62.77343,-8.71711],[-62.76271,-8.71554],[-62.76432,-8.7078],[-62.77417,-8.70678],[-62.78013,-8.71398],[-62.77017,-8.72188],[-62.76767,-8.73327],[-62.75902,-8.73429],[-62.75608,-8.74853],[-62.75168,-8.75062],[-62.76728,-8.76029],[-62.76121,-8.77877],[-62.75564,-8.78004],[-62.76384,-8.79781]]]},"properties":{"CD_MUN":"1100809","NM_MUN":"Candeias do Jamari","SIGLA_UF":"RO"}},{"type":"Feature","geometry":{"type":"Polygon","coordinates":[[[-64.26451,-10.00016],[-63.59671,-10.00013],[-63.58316,-10.02981],[-63.58938,-10.05851],[-63.58488,-10.07224],[-63.58716,-10.09893],[-63.57616,-10.11555],[-63.58149,-10.12576],[-63.57997,-10.14075],[-63.58514,-10.15997],[-63.58239,-10.19526],[-63.58911,-10.20854],[-63.57419,-10.21758],[-63.56147,-10.24372],[-63.54986,-10.24484],[-63.53842,-10.23791],[-63.51189,-10.2584],[-63.48567,-10.26992],[-63.47033,-10.27026],[-63.47167,-10.28913],[-63.46069,-10.3077],[-63.46311,-10.32132],[-63.47156,-10.32199],[-63.47689,-10.33714],[-63.47128,-10.34],[-63.47311,-10.35274],[-63.46245,-10.37322],[-63.44542,-10.37579],[-63.44256,-10.39254],[-63.44462,-10.40278],[-63.45381,-10.40421],[-63.45886,-10.39735],[-63.47434,-10.40393],[-63.49084,-10.4008],[-63.48606,-10.40795],[-63.49406,-10.41468],[-63.49706,-10.42993],[-63.51309,-10.43054],[-63.51317,-10.4347],[-63.5044,-10.44638],[-63.49712,-10.44429],[-63.48676,-10.45825],[-63.48887,-10.46949],[-63.49454,-10.4744],[-63.50137,-10.46352],[-63.50642,-10.466],[-63.51626,-10.46011],[-63.5327,-10.46469],[-63.52979,-10.49234],[-63.54057,-10.50617],[-63.53262,-10.5282],[-63.5571,-10.53357],[-63.54751,-10.54331],[-63.55821,-10.55378],[-63.54596,-10.58249],[-63.52904,-10.59155],[-63.53824,-10.60189],[-63.53665,-10.61032],[-63.54829,-10.6127],[-63.54443,-10.62824],[-63.56124,-10.64174],[-63.56171,-10.66092],[-63.55469,-10.67192],[-63.55785,-10.68207],[-63.54991,-10.70007],[-63.55721,-10.71032],[-63.55202,-10.7271],[-63.56933,-10.7381],[-63.58022,-10.73113],[-63.57991,-10.76221],[-63.58583,-10.76872],[-63.57344,-10.79829],[-63.5665,-10.80112],[-63.57702,-10.81885],[-63.57686,-10.83134],[-63.5963,-10.82392],[-63.61022,-10.82667],[-63.62408,-10.84149],[-63.67992,-10.83266],[-63.70653,-10.83975],[-63.73392,-10.82713],[-63.74228,-10.82615],[-63.74914,-10.81429],[-63.76764,-10.81699],[-63.78672,-10.79616],[-63.79964,-10.79373],[-63.81234,-10.80136],[-63.83686,-10.79012],[-63.83853,-10.78115],[-63.84848,-10.77994],[-63.85165,-10.78393],[-63.85984,-10.7688],[-63.86314,-10.77268],[-63.87692,-10.76867],[-63.88251,-10.75534],[-63.89859,-10.75083],[-63.89631,-10.72882],[-63.9035,-10.71292],[-63.9025,-10.69956],[-63.90562,-10.69059],[-63.91278,-10.68853],[-63.9152,-10.67671],[-63.93089,-10.66485],[-63.9327,-10.65783],[-63.92695,-10.64867],[-63.93025,-10.63754],[-63.93525,-10.63124],[-63.95639,-10.62928],[-63.95494,-10.62368],[-63.97795,-10.61861],[-63.97731,-10.62509],[-63.98536,-10.63371],[-63.98531,-10.61973],[-63.99206,-10.61235],[-63.98883,-10.60842],[-64.00034,-10.60367],[-64.0167,-10.58509],[-64.01503,-10.5651],[-64.00744,-10.55752],[-64.00942,-10.54472],[-63.99942,-10.54871],[-63.97939,-10.53652],[-63.98858,-10.5329],[-63.98258,-10.52394],[-63.97236,-10.52619],[-63.96886,-10.52153],[-63.97769,-10.51277],[-63.98847,-10.51118],[-63.99281,-10.4991],[-64.00761,-10.49044],[-64.0083,-10.47426],[-64.0217,-10.47003],[-64.02639,-10.46312],[-64.0465,-10.47083],[-64.05625,-10.46609],[-64.06269,-10.47276],[-64.07961,-10.46292],[-64.08697,-10.46608],[-64.10064,-10.44781],[-64.10755,-10.44962],[-64.10917,-10.44446],[-64.12517,-10.43644],[-64.12858,-10.44548],[-64.13794,-10.44105],[-64.13625,-10.43421],[-64.14508,-10.4328],[-64.14583,-10.42523],[-64.15462,-10.42074],[-64.15531,-10.41163],[-64.16767,-10.40965],[-64.17328,-10.40197],[-64.18508,-10.40147],[-64.18369,-10.39278],[-64.19472,-10.37323],[-64.20547,-10.35929],[-64.22103,-10.35242],[-64.21833,-10.33346],[-64.22477,-10.31736],[-64.21983,-10.30702],[-64.20555,-10.30116],[-64.19088,-10.2709],[-64.19686,-10.24543],[-64.20191,-10.23872],[-64.20558,-10.24076],[-64.20113,-10.23556],[-64.20197,-10.21784],[-64.21241,-10.21803],[-64.20896,-10.19613],[-64.23494,-10.16779],[-64.22821,-10.15134],[-64.23227,-10.14224],[-64.22968,-10.13194],[-64.24202,-10.11793],[-64.24219,-10.09698],[-64.23163,-10.08074],[-64.24399,-10.06836],[-64.24346,-10.04899],[-64.24852,-10.03964],[-64.2566,-10.03597],[-64.26065,-10.01418],[-64.25735,-10.01273],[-64.26451,-10.00016]]]},"properties":{"CD_MUN":"1100700","NM_MUN":"Campo Novo de Rondônia","SIGLA_UF":"RO"}},{"type":"Feature","geometry":{"type":"Polygon","coordinates":[[[-63.20902,-10.16677],[-62.83223,-10.16721],[-62.82831,-10.17619],[-62.77886,-10.20658],[-62.7686,-10.2205],[-62.74652,-10.23398],[-62.73914,-10.24785],[-62.72618,-10.2465],[-62.70437,-10.26733],[-62.69874,-10.26634],[-62.66234,-10.29369],[-62.76726,-10.49235],[-63.21342,-10.49224],[-63.23503,-10.48289],[-63.2325,-10.46493],[-63.23961,-10.46391],[-63.24147,-10.45207],[-63.23236,-10.44875],[-63.23132,-10.44211],[-63.24027,-10.43],[-63.25373,-10.42273],[-63.24323,-10.40319],[-63.2585,-10.39649],[-63.25046,-10.37575],[-63.26199,-10.37055],[-63.25688,-10.36453],[-63.25821,-10.33471],[-63.24374,-10.3368],[-63.23882,-10.32442],[-63.23623,-10.30166],[-63.24435,-10.28857],[-63.24327,-10.28484],[-63.23049,-10.28331],[-63.23131,-10.27483],[-63.23839,-10.27015],[-63.23046,-10.25109],[-63.23385,-10.23103],[-63.22925,-10.21903],[-63.21738,-10.20994],[-63.22318,-10.19609],[-63.20831,-10.19581],[-63.21536,-10.18747],[-63.20902,-10.16677]]]},"properties":{"CD_MUN":"1100601","NM_MUN":"Cacaulândia","SIGLA_UF":"RO"}},{"type":"Feature","geometry":{"type":"Polygon","coordinates":[[[-62.08589,-11.50034],[-62.00019,-11.50004],[-62.00105,-11.58388],[-61.91283,-11.58481],[-61.91442,-11.59776],[-61.92252,-11.6038],[-61.92669,-11.61584],[-61.94064,-11.61973],[-61.9404,-11.62719],[-61.96223,-11.63117],[-61.96465,-11.64317],[-61.95744,-11.6563],[-61.98067,-11.67545],[-61.97186,-11.68849],[-61.97938,-11.71081],[-61.97706,-11.72164],[-61.97268,-11.72902],[-61.95859,-11.73508],[-61.98891,-11.75233],[-61.99496,-11.7705],[-62.01836,-11.79608],[-62.02657,-11.81977],[-62.0487,-11.83178],[-62.06794,-11.85072],[-62.07236,-11.86197],[-62.08977,-11.85711],[-62.0921,-11.83931],[-62.10224,-11.84512],[-62.11982,-11.84273],[-62.14049,-11.85246],[-62.15738,-11.87062],[-62.16983,-11.87091],[-62.18241,-11.86706],[-62.1731,-11.85202],[-62.18924,-11.82775],[-62.20649,-11.83179],[-62.18794,-11.81213],[-62.1883,-11.8019],[-62.19582,-11.78974],[-62.18968,-11.77554],[-62.19344,-11.76092],[-62.20385,-11.74429],[-62.20255,-11.73115],[-62.20954,-11.72473],[-62.21274,-11.71242],[-62.19338,-11.68431],[-62.20346,-11.66588],[-62.19051,-11.65162],[-62.18407,-11.62558],[-62.17137,-11.61325],[-62.17576,-11.5858],[-62.1729,-11.57477],[-62.16353,-11.56524],[-62.17248,-11.54719],[-62.14017,-11.52262],[-62.11998,-11.52699],[-62.10789,-11.50877],[-62.0995,-11.51008],[-62.08589,-11.50034]]]},"properties":{"CD_MUN":"1100502","NM_MUN":"Novo Horizonte do Oeste","SIGLA_UF":"RO"}},{"type":"Feature","geometry":{"type":"Polygon","coordinates":[[[-63.75728,-9.39476],[-63.3257,-9.42825],[-63.10092,-9.44625],[-63.09929,-9.48053],[-63.07779,-9.50777],[-63.07136,-9.61454],[-63.07504,-9.64934],[-63.09845,-9.66803],[-63.109,-9.7033],[-63.11923,-9.71991],[-63.10827,-9.75342],[-63.22749,-9.75967],[-63.49994,-9.7601],[-63.49982,-9.71501],[-63.57332,-9.71572],[-63.57901,-9.67715],[-63.57634,-9.65806],[-63.56772,-9.63972],[-63.55531,-9.63597],[-63.55006,-9.62893],[-63.5642,-9.62319],[-63.56208,-9.61342],[-63.57544,-9.60914],[-63.56687,-9.59856],[-63.57272,-9.59397],[-63.56936,-9.58031],[-63.56364,-9.57676],[-63.56633,-9.56461],[-63.5603,-9.55889],[-63.56097,-9.54511],[-63.55756,-9.55397],[-63.54789,-9.55059],[-63.55058,-9.53351],[-63.56269,-9.52781],[-63.56141,-9.517],[-63.54755,-9.50569],[-63.56789,-9.49482],[-63.56516,-9.48957],[-63.55483,-9.48915],[-63.553,-9.48258],[-63.55305,-9.47434],[-63.55941,-9.47228],[-63.55383,-9.46681],[-63.56605,-9.44527],[-63.55458,-9.44106],[-63.56508,-9.43246],[-63.58207,-9.44385],[-63.57512,-9.42625],[-63.5822,-9.41872],[-63.58241,-9.41034],[-63.58612,-9.41035],[-63.59539,-9.41471],[-63.59739,-9.42531],[-63.61134,-9.41824],[-63.62172,-9.4227],[-63.62467,-9.43032],[-63.62075,-9.43725],[-63.6306,-9.43529],[-63.64261,-9.42083],[-63.64007,-9.43517],[-63.64612,-9.43149],[-63.65589,-9.43731],[-63.65943,-9.43379],[-63.65977,-9.44137],[-63.67068,-9.44225],[-63.67213,-9.43376],[-63.66302,-9.42737],[-63.67839,-9.42251],[-63.67684,-9.41371],[-63.68586,-9.41855],[-63.69045,-9.43674],[-63.70185,-9.43405],[-63.70667,-9.44324],[-63.7041,-9.4534],[-63.70905,-9.4574],[-63.71082,-9.44873],[-63.72188,-9.4433],[-63.73572,-9.44507],[-63.73553,-9.43121],[-63.7453,-9.42308],[-63.7342,-9.41673],[-63.74599,-9.40755],[-63.75312,-9.41007],[-63.74725,-9.39845],[-63.75728,-9.39476]]]},"properties":{"CD_MUN":"1100403","NM_MUN":"Alto Paraíso","SIGLA_UF":"RO"}},{"type":"Feature","geometry":{"type":"Polygon","coordinates":[[[-62.71693,-10.87799],[-62.60262,-11.00029],[-62.54865,-11.06562],[-62.5725,-11.08451],[-62.58737,-11.06241],[-62.59741,-11.07241],[-62.60259,-11.06951],[-62.60345,-11.07878],[-62.61114,-11.07787],[-62.61025,-11.08337],[-62.61784,-11.08888],[-62.63023,-11.08672],[-62.62573,-11.07549],[-62.63017,-11.0677],[-62.63328,-11.076],[-62.64337,-11.07503],[-62.64787,-11.08241],[-62.66364,-11.07768],[-62.66848,-11.10499],[-62.66186,-11.10879],[-62.67676,-11.11714],[-62.68718,-11.11244],[-62.68395,-11.1151],[-62.69109,-11.1296],[-62.69795,-11.12764],[-62.71048,-11.1348],[-62.70865,-11.14119],[-62.71337,-11.13795],[-62.71473,-11.14243],[-62.72231,-11.14106],[-62.72415,-11.15055],[-62.72857,-11.14781],[-62.73432,-11.15585],[-62.72818,-11.15865],[-62.72837,-11.16647],[-62.73579,-11.1653],[-62.73745,-11.16896],[-62.72907,-11.17809],[-62.73668,-11.17724],[-62.73627,-11.18314],[-62.74615,-11.17656],[-62.75315,-11.18307],[-62.75482,-11.17806],[-62.76387,-11.18287],[-62.7681,-11.19573],[-62.77391,-11.19009],[-62.77979,-11.19337],[-62.78668,-11.19047],[-62.79632,-11.19646],[-62.79765,-11.19168],[-62.81396,-11.18714],[-62.8256,-11.19539],[-62.82443,-11.19927],[-62.83379,-11.20177],[-62.84132,-11.19689],[-62.85455,-11.19761],[-62.8551,-11.19155],[-62.86326,-11.19377],[-62.86238,-11.1986],[-62.86888,-11.19818],[-62.86846,-11.20217],[-62.88213,-11.20166],[-62.89235,-11.21194],[-62.90969,-11.2021],[-62.93874,-11.20794],[-62.96805,-11.19957],[-62.99013,-11.20361],[-63.00021,-11.2011],[-63.0163,-11.18435],[-63.0248,-11.18343],[-63.05613,-11.19366],[-63.06547,-11.20712],[-63.08097,-11.20808],[-63.10225,-11.22586],[-63.10553,-11.24095],[-63.1133,-11.247],[-63.11289,-11.21418],[-63.14077,-11.19672],[-63.13966,-11.18604],[-63.14947,-11.17513],[-63.14958,-11.16009],[-63.13905,-11.12898],[-63.14949,-11.11416],[-63.17338,-11.11664],[-63.17658,-11.11065],[-63.19525,-11.10317],[-63.1898,-11.09142],[-63.19669,-11.07994],[-63.18138,-11.06618],[-63.16471,-11.06686],[-63.14296,-11.07873],[-63.13107,-11.07874],[-63.11746,-11.07043],[-63.09232,-11.05348],[-63.06607,-11.05938],[-63.04096,-11.0374],[-63.00665,-11.03975],[-62.96901,-11.03047],[-62.95476,-11.03615],[-62.94748,-11.029],[-62.93179,-11.03368],[-62.91145,-11.03373],[-62.90562,-11.02773],[-62.89118,-11.03039],[-62.71693,-10.87799]]]},"properties":{"CD_MUN":"1101302","NM_MUN":"Mirante da Serra","SIGLA_UF":"RO"}},{"type":"Feature","geometry":{"type":"Polygon","coordinates":[[[-61.74678,-10.98639],[-61.54999,-10.98589],[-61.42872,-10.9873],[-61.42653,-11.11378],[-61.50065,-11.11413],[-61.50083,-11.33331],[-61.74206,-11.33327],[-61.74412,-11.32329],[-61.73051,-11.30353],[-61.72676,-11.30087],[-61.71995,-11.30656],[-61.70693,-11.29502],[-61.7069,-11.27793],[-61.70084,-11.26769],[-61.6797,-11.26135],[-61.67554,-11.25434],[-61.66081,-11.2589],[-61.64236,-11.24113],[-61.64131,-11.23253],[-61.62701,-11.23257],[-61.62453,-11.22591],[-61.64073,-11.21161],[-61.64175,-11.17525],[-61.64817,-11.15966],[-61.64319,-11.14864],[-61.64719,-11.14098],[-61.64558,-11.1267],[-61.65497,-11.10575],[-61.65261,-11.0905],[-61.6678,-11.07413],[-61.70478,-11.05836],[-61.70867,-11.04206],[-61.72242,-11.04605],[-61.72575,-11.02833],[-61.73219,-11.02573],[-61.74069,-11.03309],[-61.75044,-11.03187],[-61.7505,-11.00295],[-61.73964,-10.9981],[-61.74678,-10.98639]]]},"properties":{"CD_MUN":"1101203","NM_MUN":"Ministro Andreazza","SIGLA_UF":"RO"}},{"type":"Feature","geometry":{"type":"Polygon","coordinates":[[[-62.76386,-8.79781],[-62.76283,-8.8033],[-62.74811,-8.80388],[-62.75575,-8.81346],[-62.74591,-8.8149],[-62.73661,-8.82654],[-62.7293,-8.82778],[-62.72991,-8.81915],[-62.7138,-8.85331],[-62.70761,-8.8527],[-62.70147,-8.84318],[-62.69994,-8.85352],[-62.68641,-8.85542],[-62.68694,-8.86409],[-62.67811,-8.87024],[-62.6808,-8.88618],[-62.66197,-8.89172],[-62.67172,-8.9044],[-62.65661,-8.91155],[-62.66252,-8.92339],[-62.63786,-8.93355],[-62.64167,-8.96095],[-62.63391,-8.97196],[-62.63694,-8.99082],[-62.62697,-9.00034],[-62.62297,-9.0121],[-62.61141,-9.02233],[-62.60325,-9.01873],[-62.59459,-9.02574],[-62.58608,-9.0199],[-62.57169,-9.03846],[-62.55405,-9.04921],[-62.55539,-9.05689],[-62.54606,-9.06032],[-62.54272,-9.06715],[-62.54767,-9.07453],[-62.54181,-9.08174],[-62.565,-9.09545],[-62.5637,-9.12333],[-62.57122,-9.12462],[-62.57684,-9.13237],[-62.57517,-9.16289],[-62.5665,-9.17865],[-62.56312,-9.20436],[-62.53324,-9.23154],[-62.53474,-9.24933],[-62.50967,-9.28067],[-62.51608,-9.31378],[-62.5087,-9.33344],[-63.09929,-9.48053],[-63.10092,-9.44625],[-63.3257,-9.42825],[-63.30656,-9.40263],[-63.31076,-9.3765],[-63.30744,-9.37112],[-63.29361,-9.36844],[-63.29164,-9.3616],[-63.30133,-9.3545],[-63.29873,-9.34469],[-63.30943,-9.34308],[-63.31101,-9.333],[-63.30721,-9.32993],[-63.31214,-9.31038],[-63.30331,-9.29612],[-63.30457,-9.28904],[-63.31284,-9.29026],[-63.31219,-9.29536],[-63.3198,-9.29882],[-63.32054,-9.28979],[-63.32833,-9.28786],[-63.33298,-9.28006],[-63.34473,-9.27872],[-63.34794,-9.26343],[-63.35435,-9.27242],[-63.3751,-9.27373],[-63.38317,-9.28001],[-63.39123,-9.27806],[-63.39038,-9.27235],[-63.39567,-9.27519],[-63.40429,-9.25358],[-63.38918,-9.23293],[-63.40599,-9.22801],[-63.39379,-9.20773],[-63.39782,-9.19466],[-63.39326,-9.18944],[-63.4095,-9.1935],[-63.41699,-9.18403],[-63.41864,-9.18907],[-63.4332,-9.18973],[-63.43898,-9.19795],[-63.45258,-9.20255],[-63.46022,-9.18014],[-63.45528,-9.1719],[-63.44602,-9.17334],[-63.45372,-9.16718],[-63.45029,-9.15778],[-63.45519,-9.15132],[-63.46622,-9.14968],[-63.47144,-9.14306],[-63.4807,-9.14469],[-63.48596,-9.13609],[-63.49526,-9.13704],[-63.49762,-9.14112],[-63.49301,-9.14139],[-63.49329,-9.14584],[-63.49824,-9.14584],[-63.49961,-9.153],[-63.5123,-9.15105],[-63.508,-9.14391],[-63.51308,-9.13893],[-63.50833,-9.13728],[-63.51347,-9.13374],[-63.51339,-9.12252],[-63.50915,-9.11897],[-63.51955,-9.10475],[-63.51487,-9.09711],[-63.52335,-9.09809],[-63.52669,-9.1038],[-63.53105,-9.09681],[-63.5253,-9.08309],[-63.53369,-9.06229],[-63.51218,-9.06875],[-63.50927,-9.05938],[-63.50224,-9.05682],[-63.48161,-9.02919],[-63.47923,-9.01959],[-63.45092,-9.00638],[-63.44596,-8.9986],[-63.42023,-9.008],[-63.44526,-9.08934],[-63.42955,-9.08618],[-63.41472,-9.09406],[-63.39548,-9.09435],[-63.38257,-9.08809],[-63.37566,-9.07807],[-63.36559,-9.07874],[-63.35552,-9.06415],[-63.36093,-9.04503],[-63.35146,-9.02724],[-63.35139,-9.01693],[-63.3397,-9.01151],[-63.34279,-8.99994],[-63.32434,-8.99071],[-63.3317,-8.96956],[-63.32653,-8.96038],[-63.33062,-8.93607],[-63.31437,-8.92629],[-63.29066,-8.92898],[-63.31779,-8.89526],[-63.31267,-8.88308],[-63.31781,-8.88038],[-63.31677,-8.86742],[-63.29743,-8.87119],[-63.29949,-8.86313],[-63.31865,-8.85664],[-63.31835,-8.8505],[-63.30811,-8.85372],[-63.30222,-8.84818],[-63.29827,-8.85164],[-63.30001,-8.85948],[-63.28985,-8.8635],[-63.29225,-8.8706],[-63.28245,-8.88495],[-63.26258,-8.89844],[-63.26215,-8.91105],[-63.26788,-8.91986],[-63.26299,-8.93017],[-63.25349,-8.93313],[-63.25189,-8.93982],[-63.24671,-8.93695],[-63.23161,-8.95722],[-63.2117,-8.96725],[-63.20168,-8.98548],[-63.21133,-8.99636],[-63.20926,-9.00025],[-63.00024,-9.00007],[-62.99049,-9.00001],[-62.98297,-8.98271],[-62.96856,-8.98131],[-62.95077,-8.96788],[-62.93394,-8.94708],[-62.9306,-8.92028],[-62.90126,-8.93078],[-62.88833,-8.92117],[-62.87877,-8.92418],[-62.87358,-8.93226],[-62.86418,-8.931],[-62.86875,-8.9263],[-62.86391,-8.91908],[-62.86033,-8.92785],[-62.85634,-8.92707],[-62.85891,-8.92013],[-62.85387,-8.9214],[-62.84924,-8.90913],[-62.84115,-8.90448],[-62.82938,-8.9128],[-62.83381,-8.90783],[-62.8329,-8.89564],[-62.82182,-8.89296],[-62.82211,-8.87967],[-62.81239,-8.87435],[-62.81395,-8.86737],[-62.80831,-8.86542],[-62.8085,-8.85963],[-62.81648,-8.86087],[-62.81196,-8.85619],[-62.81188,-8.84105],[-62.80447,-8.83976],[-62.78999,-8.82508],[-62.80188,-8.81751],[-62.78987,-8.81247],[-62.78224,-8.80243],[-62.79001,-8.80367],[-62.79162,-8.79152],[-62.77588,-8.79327],[-62.77427,-8.78399],[-62.77026,-8.79463],[-62.76386,-8.79781]]]},"properties":{"CD_MUN":"1101104","NM_MUN":"Itapuã do Oeste","SIGLA_UF":"RO"}},{"type":"Feature","geometry":{"type":"Polygon","coordinates":[[[-63.52979,-10.49234],[-63.21342,-10.49224],[-62.76726,-10.49235],[-62.77178,-10.50647],[-62.76154,-10.51127],[-62.75447,-10.50668],[-62.75054,-10.51659],[-62.74097,-10.51757],[-62.74198,-10.52438],[-62.73455,-10.52869],[-62.72235,-10.52512],[-62.71546,-10.52911],[-62.69934,-10.52283],[-62.68244,-10.53225],[-62.66532,-10.53353],[-62.62971,-10.51718],[-62.61384,-10.51907],[-62.59691,-10.51028],[-62.59134,-10.4989],[-62.58673,-10.49989],[-62.57406,-10.51013],[-62.57166,-10.52848],[-62.58081,-10.54606],[-62.61197,-10.55512],[-62.6136,-10.5599],[-62.61854,-10.55545],[-62.62636,-10.56153],[-62.62075,-10.57302],[-62.63116,-10.58598],[-62.62487,-10.59378],[-62.649,-10.61001],[-62.64347,-10.63007],[-62.65366,-10.6408],[-62.64978,-10.65253],[-62.6673,-10.65478],[-62.67136,-10.67069],[-62.68599,-10.675],[-62.69592,-10.67195],[-62.69961,-10.67863],[-62.71344,-10.67138],[-62.71565,-10.67738],[-62.72377,-10.67979],[-62.72252,-10.68514],[-62.73002,-10.68696],[-62.73591,-10.70025],[-62.75397,-10.70563],[-62.762,-10.70201],[-62.76146,-10.71248],[-62.76603,-10.7107],[-62.76838,-10.71697],[-62.77931,-10.71941],[-62.7835,-10.72579],[-62.78932,-10.72338],[-62.79563,-10.73608],[-62.78815,-10.75104],[-62.78806,-10.76611],[-62.79175,-10.76799],[-62.79029,-10.77706],[-62.79885,-10.78355],[-62.79333,-10.79141],[-62.79991,-10.79572],[-62.81476,-10.79432],[-62.83634,-10.82132],[-62.84459,-10.82064],[-62.84548,-10.82736],[-62.85856,-10.8303],[-62.86416,-10.83873],[-62.88935,-10.83439],[-62.89538,-10.82399],[-62.90666,-10.82347],[-62.91594,-10.8311],[-62.92234,-10.84843],[-62.93217,-10.85352],[-62.93255,-10.87131],[-62.97709,-10.89086],[-62.97957,-10.90027],[-63.00004,-10.9124],[-63.00185,-10.94171],[-63.02327,-10.94679],[-63.02913,-10.95244],[-63.04725,-10.94877],[-63.05377,-10.96466],[-63.06295,-10.96459],[-63.06253,-10.96898],[-63.08145,-10.97601],[-63.09347,-10.97222],[-63.09871,-10.99211],[-63.11668,-10.99846],[-63.12025,-11.00894],[-63.13005,-11.01172],[-63.14267,-11.02949],[-63.14242,-11.07117],[-63.13294,-11.07452],[-63.11746,-11.07043],[-63.13107,-11.07874],[-63.14296,-11.07873],[-63.16471,-11.06686],[-63.18138,-11.06618],[-63.19669,-11.07994],[-63.1898,-11.09142],[-63.19525,-11.10317],[-63.2063,-11.10595],[-63.23308,-11.12706],[-63.23636,-11.13626],[-63.25161,-11.15084],[-63.2885,-11.15301],[-63.30591,-11.14145],[-63.3027,-11.13014],[-63.33111,-11.0998],[-63.33519,-11.08887],[-63.32781,-11.07577],[-63.34114,-11.06357],[-63.35311,-11.06568],[-63.36403,-11.07454],[-63.37734,-11.07517],[-63.38381,-11.07182],[-63.38397,-11.05704],[-63.40234,-11.04873],[-63.41367,-11.04887],[-63.43289,-11.02972],[-63.46658,-11.03146],[-63.48089,-11.02697],[-63.50008,-11.04245],[-63.52795,-11.04549],[-63.54117,-11.03485],[-63.55323,-11.03917],[-63.55778,-11.03163],[-63.56637,-11.03367],[-63.56939,-11.02263],[-63.58348,-11.00991],[-63.62759,-11.00442],[-63.61575,-11.00083],[-63.58934,-11.00376],[-63.57673,-10.99359],[-63.59167,-10.9577],[-63.60442,-10.95626],[-63.60153,-10.94161],[-63.60867,-10.91317],[-63.60436,-10.90731],[-63.60478,-10.88657],[-63.5885,-10.88761],[-63.57147,-10.87609],[-63.57202,-10.83969],[-63.57686,-10.83134],[-63.57702,-10.81885],[-63.5665,-10.80112],[-63.57344,-10.79829],[-63.58583,-10.76872],[-63.57991,-10.76221],[-63.58022,-10.73113],[-63.56933,-10.7381],[-63.55202,-10.7271],[-63.55721,-10.71032],[-63.54991,-10.70007],[-63.55785,-10.68207],[-63.55469,-10.67192],[-63.56171,-10.66092],[-63.56124,-10.64174],[-63.54443,-10.62824],[-63.54829,-10.6127],[-63.53665,-10.61032],[-63.53824,-10.60189],[-63.52904,-10.59155],[-63.54596,-10.58249],[-63.55821,-10.55378],[-63.54751,-10.54331],[-63.5571,-10.53357],[-63.53262,-10.5282],[-63.54057,-10.50617],[-63.52979,-10.49234]]]},"properties":{"CD_MUN":"1101005","NM_MUN":"Governador Jorge Teixeira","SIGLA_UF":"RO"}},{"type":"Feature","geometry":{"type":"Polygon","coordinates":[[[-61.95224,-11.29021],[-61.9271,-11.29814],[-61.92363,-11.29156],[-61.91774,-11.29225],[-61.89907,-11.32391],[-61.88293,-11.33264],[-61.85996,-11.36855],[-61.83466,-11.38405],[-61.82227,-11.38159],[-61.80118,-11.38812],[-61.79571,-11.39752],[-61.79418,-11.40434],[-61.7851,-11.40829],[-61.73851,-11.41277],[-61.7326,-11.42697],[-61.7378,-11.43684],[-61.7281,-11.44027],[-61.7319,-11.44947],[-61.72943,-11.46088],[-61.72696,-11.46592],[-61.71585,-11.46302],[-61.71627,-11.47211],[-61.72118,-11.47553],[-61.71341,-11.49073],[-61.7166,-11.51135],[-61.7061,-11.51528],[-61.70621,-11.52148],[-61.6973,-11.52322],[-61.69632,-11.53484],[-61.68766,-11.53226],[-61.68324,-11.546],[-61.65249,-11.55961],[-61.6303,-11.56056],[-61.61938,-11.5696],[-61.61466,-11.58338],[-61.60855,-11.57428],[-61.60474,-11.58118],[-61.59835,-11.57777],[-61.59653,-11.58595],[-61.91283,-11.58481],[-62.00105,-11.58388],[-62.00019,-11.50004],[-62.08589,-11.50034],[-62.08181,-11.49644],[-62.08586,-11.47661],[-62.07942,-11.45993],[-62.06128,-11.44816],[-62.06241,-11.44269],[-62.03166,-11.42488],[-62.02647,-11.41367],[-62.02866,-11.40601],[-62.02108,-11.39661],[-62.02486,-11.38771],[-62.024,-11.38169],[-62.01911,-11.38124],[-62.02038,-11.37238],[-62.00824,-11.366],[-62.00963,-11.35702],[-61.99699,-11.34764],[-61.9903,-11.32743],[-61.97796,-11.32371],[-61.96421,-11.30367],[-61.95763,-11.30236],[-61.95224,-11.29021]]]},"properties":{"CD_MUN":"1100908","NM_MUN":"Castanheiras","SIGLA_UF":"RO"}},{"type":"Feature","geometry":{"type":"Polygon","coordinates":[[[-61.97238,-10.06729],[-61.96827,-10.07767],[-61.93308,-10.0862],[-61.91322,-10.1128],[-61.96037,-10.15964],[-62.09784,-10.6601],[-62.23984,-10.61504],[-62.21573,-10.52451],[-62.27306,-10.4887],[-62.12173,-10.35478],[-62.13699,-10.33802],[-62.13993,-10.32714],[-62.1351,-10.32156],[-62.14095,-10.30918],[-62.14065,-10.28951],[-62.13345,-10.27457],[-62.14181,-10.27325],[-62.14573,-10.26527],[-62.13987,-10.26035],[-62.13437,-10.22451],[-62.12112,-10.20949],[-62.12584,-10.19155],[-62.11239,-10.19536],[-62.10545,-10.17818],[-62.09611,-10.18447],[-62.09108,-10.17957],[-62.08187,-10.18282],[-62.06289,-10.17421],[-62.052,-10.15626],[-62.02986,-10.14679],[-62.0255,-10.13587],[-62.02869,-10.133],[-62.02022,-10.12205],[-62.00553,-10.13251],[-61.98961,-10.12983],[-61.99786,-10.10543],[-61.98902,-10.09822],[-61.98675,-10.08818],[-61.9783,-10.09293],[-61.98305,-10.06627],[-61.97238,-10.06729]]]},"properties":{"CD_MUN":"1101807","NM_MUN":"Vale do Paraíso","SIGLA_UF":"RO"}},{"type":"Feature","geometry":{"type":"Polygon","coordinates":[[[-62.15882,-11.02039],[-62.15476,-11.02757],[-62.14421,-11.0302],[-62.14374,-11.03804],[-62.1519,-11.04514],[-62.16912,-11.03653],[-62.15938,-11.05495],[-62.16635,-11.05744],[-62.15777,-11.06114],[-62.15899,-11.06755],[-62.17513,-11.07539],[-62.17177,-11.06628],[-62.18601,-11.07072],[-62.18779,-11.05279],[-62.2001,-11.06416],[-62.20268,-11.07344],[-62.21135,-11.07645],[-62.21407,-11.07269],[-62.21741,-11.07635],[-62.21407,-11.1101],[-62.22413,-11.10303],[-62.23871,-11.10773],[-62.24405,-11.12728],[-62.25806,-11.13238],[-62.25236,-11.14011],[-62.26462,-11.17213],[-62.4451,-11.17638],[-62.58392,-11.22456],[-62.69109,-11.1296],[-62.68395,-11.1151],[-62.68718,-11.11244],[-62.67676,-11.11714],[-62.66186,-11.10879],[-62.66848,-11.10499],[-62.66364,-11.07768],[-62.64787,-11.08241],[-62.64337,-11.07503],[-62.63328,-11.076],[-62.63017,-11.0677],[-62.62573,-11.07549],[-62.63023,-11.08672],[-62.61784,-11.08888],[-62.61025,-11.08337],[-62.61114,-11.07787],[-62.60345,-11.07878],[-62.60259,-11.06951],[-62.59741,-11.07241],[-62.58737,-11.06241],[-62.5725,-11.08451],[-62.54865,-11.06562],[-62.49991,-11.02888],[-62.40118,-11.01211],[-62.21312,-11.00064],[-62.17603,-11.01747],[-62.15882,-11.02039]]]},"properties":{"CD_MUN":"1101708","NM_MUN":"Urupá","SIGLA_UF":"RO"}},{"type":"Feature","geometry":{"type":"Polygon","coordinates":[[[-61.9541,-9.94935],[-61.96413,-9.98663],[-61.99458,-10.01439],[-61.97219,-10.04949],[-61.97238,-10.06729],[-61.98305,-10.06627],[-61.9783,-10.09293],[-61.98675,-10.08818],[-61.98902,-10.09822],[-61.99786,-10.10543],[-61.98961,-10.12983],[-62.00553,-10.13251],[-62.02022,-10.12205],[-62.02869,-10.133],[-62.0255,-10.13587],[-62.02986,-10.14679],[-62.052,-10.15626],[-62.06289,-10.17421],[-62.08187,-10.18282],[-62.09108,-10.17957],[-62.09611,-10.18447],[-62.10545,-10.17818],[-62.11239,-10.19536],[-62.12584,-10.19155],[-62.12112,-10.20949],[-62.13437,-10.22451],[-62.17034,-10.22266],[-62.17544,-10.22702],[-62.17604,-10.22321],[-62.19783,-10.23],[-62.20205,-10.24149],[-62.226,-10.24354],[-62.23159,-10.25227],[-62.23731,-10.24641],[-62.24908,-10.25043],[-62.25217,-10.24676],[-62.26355,-10.26304],[-62.28219,-10.26458],[-62.29044,-10.27954],[-62.29154,-10.27414],[-62.31063,-10.28144],[-62.31792,-10.29222],[-62.33276,-10.29841],[-62.33868,-10.31157],[-62.35243,-10.32492],[-62.35357,-10.32057],[-62.36837,-10.3244],[-62.37209,-10.31639],[-62.37913,-10.3182],[-62.3837,-10.30943],[-62.39075,-10.30712],[-62.40583,-10.31281],[-62.42532,-10.29821],[-62.45619,-10.29838],[-62.49312,-10.31457],[-62.50306,-10.32788],[-62.51183,-10.32708],[-62.51977,-10.31824],[-62.55789,-10.37247],[-62.66234,-10.29369],[-62.61177,-10.19797],[-62.5986,-10.19175],[-62.59279,-10.18346],[-62.59044,-10.15191],[-62.57977,-10.1291],[-62.58613,-10.10854],[-62.56777,-10.09896],[-62.57657,-10.09297],[-62.57241,-10.08761],[-62.57599,-10.07906],[-62.57226,-10.0676],[-62.56493,-10.06408],[-62.55973,-10.05375],[-62.53396,-10.05194],[-62.52398,-10.01254],[-62.50921,-9.99512],[-62.50395,-9.96475],[-62.48912,-9.95633],[-62.46281,-9.93028],[-62.46306,-9.91562],[-62.45309,-9.90593],[-62.44945,-9.89304],[-62.455,-9.86231],[-62.45031,-9.82864],[-62.44528,-9.8193],[-62.42275,-9.80558],[-62.43045,-9.82704],[-62.42125,-9.8326],[-62.41417,-9.85501],[-62.40497,-9.86429],[-62.39986,-9.91104],[-62.38581,-9.91997],[-62.37847,-9.90769],[-62.35853,-9.90538],[-62.34714,-9.91239],[-62.32978,-9.91256],[-62.31755,-9.92173],[-62.29178,-9.92981],[-62.28692,-9.93964],[-62.28222,-9.93824],[-62.2568,-9.95394],[-62.26117,-9.96112],[-62.24936,-9.97209],[-62.24395,-10.00021],[-62.21789,-10.0201],[-62.20922,-10.033],[-62.19642,-10.03643],[-62.18533,-10.0471],[-62.16361,-10.05439],[-62.1485,-10.05406],[-62.12011,-10.038],[-62.10602,-10.04171],[-62.0958,-10.03361],[-62.09319,-10.01836],[-62.08574,-10.01623],[-62.08724,-10.00915],[-62.07897,-10.00048],[-62.06836,-9.98864],[-62.06155,-9.99009],[-62.02758,-9.97223],[-62.0246,-9.95846],[-62.01605,-9.94854],[-61.9541,-9.94935]]]},"properties":{"CD_MUN":"1101609","NM_MUN":"Theobroma","SIGLA_UF":"RO"}},{"type":"Feature","geometry":{"type":"Polygon","coordinates":[[[-63.60174,-11.60458],[-63.57456,-11.60884],[-63.55228,-11.59371],[-63.54189,-11.59766],[-63.53658,-11.58767],[-63.5203,-11.58008],[-63.49211,-11.53985],[-63.47601,-11.53756],[-63.46525,-11.55497],[-63.43547,-11.55741],[-63.36997,-11.53236],[-63.33048,-11.53261],[-63.29723,-11.51925],[-63.27007,-11.51716],[-63.24532,-11.50726],[-63.23705,-11.51253],[-63.21936,-11.51188],[-63.17011,-11.48208],[-63.1558,-11.4925],[-63.13811,-11.49419],[-63.13289,-11.50716],[-63.12217,-11.50889],[-63.1166,-11.53033],[-63.1195,-11.54607],[-63.10115,-11.53793],[-63.09002,-11.54239],[-63.06976,-11.52842],[-63.05466,-11.53604],[-63.05673,-11.54709],[-63.0474,-11.5519],[-63.04717,-11.56078],[-62.99994,-11.55501],[-62.97889,-11.59519],[-62.96846,-11.60482],[-62.97076,-11.62115],[-62.98846,-11.63577],[-62.99818,-11.66701],[-62.99026,-11.7171],[-62.99056,-11.75062],[-62.96887,-11.75033],[-62.95384,-11.7655],[-62.93767,-11.77144],[-62.912,-11.80978],[-62.88285,-11.81875],[-62.86602,-11.80981],[-62.85972,-11.81676],[-62.85367,-11.85526],[-62.8373,-11.88066],[-62.84041,-11.89129],[-62.8499,-11.89857],[-62.85026,-11.90873],[-62.86652,-11.92723],[-62.86579,-11.93233],[-62.8729,-11.93491],[-62.87513,-11.94722],[-62.87957,-11.94459],[-62.89213,-11.95328],[-62.89464,-11.94688],[-62.88991,-11.94536],[-62.89823,-11.94006],[-62.91507,-11.95014],[-62.92885,-11.94335],[-62.94376,-11.94854],[-62.9561,-11.9458],[-62.95952,-11.955],[-62.98396,-11.9613],[-63.015,-11.97565],[-63.01351,-11.98876],[-63.02959,-12.00015],[-63.02844,-12.00495],[-63.03455,-12.00858],[-63.03841,-12.00506],[-63.03663,-12.01168],[-63.04109,-12.01795],[-63.04907,-12.01856],[-63.04814,-12.02683],[-63.08072,-12.03534],[-63.0856,-12.04032],[-63.08366,-12.04551],[-63.10156,-12.05258],[-63.10343,-12.05939],[-63.09772,-12.06809],[-63.11274,-12.0726],[-63.11111,-12.07937],[-63.12133,-12.08297],[-63.1172,-12.10174],[-63.12626,-12.10853],[-63.1275,-12.11785],[-63.12207,-12.11806],[-63.12444,-12.12905],[-63.11873,-12.12885],[-63.11624,-12.1345],[-63.12192,-12.13982],[-63.11982,-12.14884],[-63.11199,-12.15502],[-63.11788,-12.16309],[-63.11921,-12.18349],[-63.12968,-12.19415],[-63.12869,-12.20185],[-63.13434,-12.20422],[-63.14363,-12.2245],[-63.14337,-12.21768],[-63.15398,-12.21715],[-63.15879,-12.23641],[-63.16396,-12.23367],[-63.1719,-12.24124],[-63.17649,-12.23466],[-63.19176,-12.23622],[-63.19429,-12.23009],[-63.19888,-12.23589],[-63.20238,-12.22906],[-63.2086,-12.23269],[-63.20966,-12.24062],[-63.23546,-12.25186],[-63.22966,-12.27521],[-63.23863,-12.28162],[-63.24266,-12.29945],[-63.24885,-12.29832],[-63.25191,-12.29024],[-63.25952,-12.29347],[-63.26068,-12.28852],[-63.26721,-12.29277],[-63.26663,-12.28606],[-63.27588,-12.28092],[-63.28102,-12.29035],[-63.28808,-12.28547],[-63.29791,-12.30921],[-63.30347,-12.29781],[-63.30791,-12.29997],[-63.30888,-12.29377],[-63.3183,-12.28901],[-63.32833,-12.30014],[-63.33405,-12.29514],[-63.3283,-12.28578],[-63.33763,-12.26918],[-63.32891,-12.2522],[-63.32915,-12.21856],[-63.3183,-12.20256],[-63.32357,-12.18605],[-63.31088,-12.1795],[-63.30909,-12.16693],[-63.50042,-12.16656],[-63.50054,-12.15485],[-63.47021,-12.14192],[-63.45787,-12.11899],[-63.46562,-12.07524],[-63.45978,-12.05519],[-63.44289,-12.03167],[-63.44431,-12.00036],[-63.47506,-11.98974],[-63.48479,-11.97809],[-63.49075,-11.95859],[-63.51356,-11.93953],[-63.53914,-11.93533],[-63.55423,-11.94387],[-63.58485,-11.92574],[-63.58689,-11.91392],[-63.57722,-11.88117],[-63.5768,-11.8597],[-63.58456,-11.83111],[-63.60548,-11.80607],[-63.60678,-11.79852],[-63.60089,-11.78504],[-63.58813,-11.77926],[-63.5743,-11.76379],[-63.58084,-11.7292],[-63.55595,-11.67681],[-63.56159,-11.65327],[-63.57433,-11.64803],[-63.584,-11.62927],[-63.59435,-11.62574],[-63.60174,-11.60458]]]},"properties":{"CD_MUN":"1101500","NM_MUN":"Seringueiras","SIGLA_UF":"RO"}},{"type":"Feature","geometry":{"type":"Polygon","coordinates":[[[-63.59671,-10.00013],[-63.11196,-10.00012],[-63.11781,-10.01021],[-63.11419,-10.02002],[-63.12253,-10.02902],[-63.12035,-10.03435],[-63.12729,-10.03784],[-63.12886,-10.05249],[-63.14597,-10.07379],[-63.14605,-10.09605],[-63.15827,-10.11163],[-63.17507,-10.1176],[-63.17297,-10.13463],[-63.18092,-10.13951],[-63.19006,-10.13296],[-63.19423,-10.14177],[-63.20145,-10.14546],[-63.20522,-10.14249],[-63.21383,-10.15116],[-63.20555,-10.15399],[-63.21408,-10.16197],[-63.20902,-10.16677],[-63.21536,-10.18747],[-63.20831,-10.19581],[-63.22318,-10.19609],[-63.21738,-10.20994],[-63.22925,-10.21903],[-63.23385,-10.23103],[-63.23046,-10.25109],[-63.23839,-10.27015],[-63.23131,-10.27483],[-63.23049,-10.28331],[-63.24327,-10.28484],[-63.24435,-10.28857],[-63.23623,-10.30166],[-63.23882,-10.32442],[-63.24374,-10.3368],[-63.25821,-10.33471],[-63.25688,-10.36453],[-63.26199,-10.37055],[-63.25046,-10.37575],[-63.2585,-10.39649],[-63.24323,-10.40319],[-63.25373,-10.42273],[-63.24027,-10.43],[-63.23132,-10.44211],[-63.23236,-10.44875],[-63.24147,-10.45207],[-63.23961,-10.46391],[-63.2325,-10.46493],[-63.23503,-10.48289],[-63.21342,-10.49224],[-63.52979,-10.49234],[-63.5327,-10.46469],[-63.51626,-10.46011],[-63.50642,-10.466],[-63.50137,-10.46352],[-63.49454,-10.4744],[-63.48887,-10.46949],[-63.48676,-10.45825],[-63.49712,-10.44429],[-63.5044,-10.44638],[-63.51317,-10.4347],[-63.51309,-10.43054],[-63.49706,-10.42993],[-63.49406,-10.41468],[-63.48606,-10.40795],[-63.49084,-10.4008],[-63.47434,-10.40393],[-63.45886,-10.39735],[-63.45381,-10.40421],[-63.44462,-10.40278],[-63.44256,-10.39254],[-63.44542,-10.37579],[-63.46245,-10.37322],[-63.47311,-10.35274],[-63.47128,-10.34],[-63.47689,-10.33714],[-63.47156,-10.32199],[-63.46311,-10.32132],[-63.46069,-10.3077],[-63.47167,-10.28913],[-63.47033,-10.27026],[-63.48567,-10.26992],[-63.51189,-10.2584],[-63.53842,-10.23791],[-63.54986,-10.24484],[-63.56147,-10.24372],[-63.57419,-10.21758],[-63.58911,-10.20854],[-63.58239,-10.19526],[-63.58514,-10.15997],[-63.57997,-10.14075],[-63.58149,-10.12576],[-63.57616,-10.11555],[-63.58716,-10.09893],[-63.58488,-10.07224],[-63.58938,-10.05851],[-63.58316,-10.02981],[-63.59671,-10.00013]]]},"properties":{"CD_MUN":"1101401","NM_MUN":"Monte Negro","SIGLA_UF":"RO"}}]}