{"type": "FeatureCollection", "features": [{"type": "Feature", "geometry": {"type": "Point", "coordinates": [-49.156314, -9.624307]}, "properties": {"i": 0, "mun": 73008, "ibge": 1700251, "z": 7, "l": 1015, "nm": "COLÉGIO ESTADUAL SÃO PEDRO", "nm_mun": "ABREULÂNDIA", "aptos": 1232, "imp": 0}}, {"type": "Feature", "geometry": {"type": "Point", "coordinates": [-49.580751, -9.27385]}, "properties": {"i": 1, "mun": 73008, "ibge": 1700251, "z": 7, "l": 1023, "nm": "ESCOLA MUNICIPAL PAULO FREIRE", "nm_mun": "ABREULÂNDIA", "aptos": 160, "imp": 0}}, {"type": "Feature", "geometry": {"type": "Point", "coordinates": [-49.15571, -9.620572]}, "properties": {"i": 2, "mun": 73008, "ibge": 1700251, "z": 7, "l": 1031, "nm": "ESCOLA MUNICIPAL JÚLIO PINHEIRO", "nm_mun": "ABREULÂNDIA", "aptos": 1130, "imp": 0}}, {"type": "Feature", "geometry": {"type": "Point", "coordinates": [-48.29378, -6.768969]}, "properties": {"i": 3, "mun": 73016, "ibge": 1717206, "z": 27, "l": 1015, "nm": "ESCOLA ESTADUAL SAO JOSE", "nm_mun": "PIRAQUÊ", "aptos": 1325, "imp": 0}}, {"type": "Feature", "geometry": {"type": "Point", "coordinates": [-48.294306, -6.769549]}, "properties": {"i": 4, "mun": 73016, "ibge": 1717206, "z": 27, "l": 1023, "nm": "ESCOLA MUNICIPAL PADRE ANTONIO", "nm_mun": "PIRAQUÊ", "aptos": 617, "imp": 0}}, {"type": "Feature", "geometry": {"type": "Point", "coordinates": [-48.254358, -6.964982]}, "properties": {"i": 5, "mun": 73016, "ibge": 1717206, "z": 27, "l": 1066, "nm": "ESCOLA MUNICIPAL MONTE SINAI", "nm_mun": "PIRAQUÊ", "aptos": 229, "imp": 0}}, {"type": "Feature", "geometry": {"type": "Point", "coordinates": [-48.194796, -6.947023]}, "properties": {"i": 6, "mun": 73016, "ibge": 1717206, "z": 27, "l": 1074, "nm": "ESCOLA MUNICIPAL GILMAR ALVES BATISTA", "nm_mun": "PIRAQUÊ", "aptos": 226, "imp": 0}}, {"type": "Feature", "geometry": {"type": "Point", "coordinates": [-48.139476, -6.441847]}, "properties": {"i": 7, "mun": 73024, "ibge": 1718550, "z": 27, "l": 1015, "nm": "COLÉGIO ESTADUAL JOÃO XXIII", "nm_mun": "RIACHINHO", "aptos": 1241, "imp": 0}}, {"type": "Feature", "geometry": {"type": "Point", "coordinates": [-48.056342, -6.501901]}, "properties": {"i": 8, "mun": 73024, "ibge": 1718550, "z": 27, "l": 1023, "nm": "ESCOLA MUNICIPAL TANCREDO NEVES", "nm_mun": "RIACHINHO", "aptos": 911, "imp": 0}}, {"type": "Feature", "geometry": {"type": "Point", "coordinates": [-48.090317, -6.482983]}, "properties": {"i": 9, "mun": 73024, "ibge": 1718550, "z": 27, "l": 1031, "nm": "POSTO DE SAÚDE DO POVOADO SOROROCA", "nm_mun": "RIACHINHO", "aptos": 154, "imp": 0}}, {"type": "Feature", "geometry": {"type": "Point", "coordinates": [-48.155478, -6.375121]}, "properties": {"i": 10, "mun": 73024, "ibge": 1718550, "z": 27, "l": 1040, "nm": "ESCOLA MUNICIPAL TIRADENTES", "nm_mun": "RIACHINHO", "aptos": 125, "imp": 0}}, {"type": "Feature", "geometry": {"type": "Point", "coordinates": [-48.138858, -6.442193]}, "properties": {"i": 11, "mun": 73024, "ibge": 1718550, "z": 27, "l": 1066, "nm": "ESCOLA MUNICIPAL TEODORO SÁ", "nm_mun": "RIACHINHO", "aptos": 792, "imp": 0}}, {"type": "Feature", "geometry": {"type": "Point", "coordinates": [-48.099545, -6.548819]}, "properties": {"i": 12, "mun": 73024, "ibge": 1718550, "z": 27, "l": 1074, "nm": "POSTO DE SAUDE PA CANOA", "nm_mun": "RIACHINHO", "aptos": 278, "imp": 0}}, {"type": "Feature", "geometry": {"type": "Point", "coordinates": [-47.750083, -6.71042]}, "properties": {"i": 13, "mun": 73032, "ibge": 1706506, "z": 27, "l": 1015, "nm": "COLEGIO ESTADUAL JOSE DE SOUSA PORTO", "nm_mun": "DARCINÓPOLIS", "aptos": 2487, "imp": 0}}, {"type": "Feature", "geometry": {"type": "Point", "coordinates": [-48.691346, -10.426965]}, "properties": {"i": 14, "mun": 73032, "ibge": 1706506, "z": 27, "l": 1023, "nm": "GRUPO MUNICIPAL DOS MACACOS", "nm_mun": "DARCINÓPOLIS", "aptos": 9, "imp": 1}}, {"type": "Feature", "geometry": {"type": "Point", "coordinates": [-47.564867, -6.996912]}, "properties": {"i": 15, "mun": 73032, "ibge": 1706506, "z": 27, "l": 1031, "nm": "ESCOLA MUNICIPAL DOM PEDRO I", "nm_mun": "DARCINÓPOLIS", "aptos": 121, "imp": 0}}, {"type": "Feature", "geometry": {"type": "Point", "coordinates": [-47.752617, -6.709072]}, "properties": {"i": 16, "mun": 73032, "ibge": 1706506, "z": 27, "l": 1040, "nm": "ESCOLA MUNICIPAL VITOR DIAS", "nm_mun": "DARCINÓPOLIS", "aptos": 1737, "imp": 0}}, {"type": "Feature", "geometry": {"type": "Point", "coordinates": [-47.871001, -6.671529]}, "properties": {"i": 17, "mun": 73032, "ibge": 1706506, "z": 27, "l": 1058, "nm": "ESCOLA MUNICIPAL MARIA ZILDA PEREIRA ALVES", "nm_mun": "DARCINÓPOLIS", "aptos": 393, "imp": 0}}, {"type": "Feature", "geometry": {"type": "Point", "coordinates": [-47.544216, -6.60856]}, "properties": {"i": 18, "mun": 73040, "ibge": 1713809, "z": 27, "l": 1015, "nm": "ESCOLA ESTADUAL RAIMUNDO NEIVA DE CARVALHO", "nm_mun": "PALMEIRAS DO TOCANTINS", "aptos": 3453, "imp": 0}}, {"type": "Feature", "geometry": {"type": "Point", "coordinates": [-47.662649, -6.628569]}, "properties": {"i": 19, "mun": 73040, "ibge": 1713809, "z": 27, "l": 1031, "nm": "ESCOLA MUNICIPAL PADRE JOSIMO", "nm_mun": "PALMEIRAS DO TOCANTINS", "aptos": 460, "imp": 0}}, {"type": "Feature", "geometry": {"type": "Point", "coordinates": [-47.775276, -6.625268]}, "properties": {"i": 20, "mun": 73040, "ibge": 1713809, "z": 27, "l": 1040, "nm": "ESCOLA MUNICIPAL DUQUE DE CAXIAS", "nm_mun": "PALMEIRAS DO TOCANTINS", "aptos": 327, "imp": 0}}, {"type": "Feature", "geometry": {"type": "Point", "coordinates": [-47.511473, -5.95173]}, "properties": {"i": 21, "mun": 73059, "ibge": 1712801, "z": 11, "l": 1023, "nm": "ESCOLA MUNICIPAL CONSTANCIA DE MORAES", "nm_mun": "MAURILÂNDIA DO TOCANTINS", "aptos": 1293, "imp": 0}}, {"type": "Feature", "geometry": {"type": "Point", "coordinates": [-47.507759, -5.947781]}, "properties": {"i": 22, "mun": 73059, "ibge": 1712801, "z": 11, "l": 1031, "nm": "ESCOLA ESTADUAL PEDRO LUDOVICO TEIXEIRA", "nm_mun": "MAURILÂNDIA DO TOCANTINS", "aptos": 1028, "imp": 0}}, {"type": "Feature", "geometry": {"type": "Point", "coordinates": [-47.513913, -5.950912]}, "properties": {"i": 23, "mun": 73059, "ibge": 1712801, "z": 11, "l": 1066, "nm": "SECRETARIA DE SANEAMENTO E MEIO AMBIENTE - SEÇÃO ESPECIAL INDÍGENA", "nm_mun": "MAURILÂNDIA DO TOCANTINS", "aptos": 260, "imp": 0}}, {"type": "Feature", "geometry": {"type": "Point", "coordinates": [-48.528842, -11.593683]}, "properties": {"i": 24, "mun": 73059, "ibge": 1712801, "z": 11, "l": 1074, "nm": "CRECHE VOVÓ TIMÓTEA - CMEI TIMÓTEA ALVES DE LIMA", "nm_mun": "MAURILÂNDIA DO TOCANTINS", "aptos": 1009, "imp": 1}}, {"type": "Feature", "geometry": {"type": "Point", "coordinates": [-47.915475, -6.113155]}, "properties": {"i": 25, "mun": 73067, "ibge": 1703826, "z": 10, "l": 1015, "nm": "ESCOLA ESTADUAL RAIMUNDO NONATO TORRES", "nm_mun": "CACHOEIRINHA", "aptos": 1979, "imp": 0}}, {"type": "Feature", "geometry": {"type": "Point", "coordinates": [-50.017057, -11.44791]}, "properties": {"i": 26, "mun": 73067, "ibge": 1703826, "z": 10, "l": 1023, "nm": "ESCOLA MUNICIPAL PEQUENO PRINCIPE", "nm_mun": "CACHOEIRINHA", "aptos": 62, "imp": 1}}, {"type": "Feature", "geometry": {"type": "Point", "coordinates": [-47.867097, -6.391937]}, "properties": {"i": 27, "mun": 73075, "ibge": 1701051, "z": 9, "l": 1015, "nm": "COLÉGIO ESTADUAL DULCE COELHO DE SOUSA", "nm_mun": "ANGICO", "aptos": 2560, "imp": 0}}, {"type": "Feature", "geometry": {"type": "Point", "coordinates": [-47.990627, -6.550047]}, "properties": {"i": 28, "mun": 73075, "ibge": 1701051, "z": 9, "l": 1058, "nm": "ESCOLA MUNICIPAL RAIMUNDO BARBOSA LIMA", "nm_mun": "ANGICO", "aptos": 258, "imp": 0}}, {"type": "Feature", "geometry": {"type": "Point", "coordinates": [-47.928537, -7.859527]}, "properties": {"i": 29, "mun": 73083, "ibge": 1715705, "z": 8, "l": 1015, "nm": "ESCOLA ESTADUAL JOÃO AIRES GABRIEL", "nm_mun": "PALMEIRANTE", "aptos": 1662, "imp": 0}}, {"type": "Feature", "geometry": {"type": "Point", "coordinates": [-48.08889, -7.929043]}, "properties": {"i": 30, "mun": 73083, "ibge": 1715705, "z": 8, "l": 1023, "nm": "ESCOLA MUNICIPAL BARNABÉ PEREIRA DO NASCIMENTO", "nm_mun": "PALMEIRANTE", "aptos": 366, "imp": 0}}, {"type": "Feature", "geometry": {"type": "Point", "coordinates": [-48.188017, -8.077763]}, "properties": {"i": 31, "mun": 73083, "ibge": 1715705, "z": 8, "l": 1031, "nm": "ESCOLA MUNICIPAL FIRMINO COELHO DE ARAÚJO", "nm_mun": "PALMEIRANTE", "aptos": 942, "imp": 0}}, {"type": "Feature", "geometry": {"type": "Point", "coordinates": [-48.025942, -7.697498]}, "properties": {"i": 32, "mun": 73083, "ibge": 1715705, "z": 8, "l": 1058, "nm": "ESCOLA MUNICIPAL MARGARIDA OLIVEIRA DE SOUSA", "nm_mun": "PALMEIRANTE", "aptos": 553, "imp": 0}}, {"type": "Feature", "geometry": {"type": "Point", "coordinates": [-47.929672, -7.861318]}, "properties": {"i": 33, "mun": 73083, "ibge": 1715705, "z": 8, "l": 1074, "nm": "ESCOLA MUNICIPAL MENINO JESUS", "nm_mun": "PALMEIRANTE", "aptos": 787, "imp": 0}}, {"type": "Feature", "geometry": {"type": "Point", "coordinates": [-46.979053, -8.303395]}, "properties": {"i": 34, "mun": 73091, "ibge": 1703842, "z": 32, "l": 1015, "nm": "ESCOLA MUNICIPAL DUARTE ARAUJO", "nm_mun": "CAMPOS LINDOS", "aptos": 168, "imp": 0}}, {"type": "Feature", "geometry": {"type": "Point", "coordinates": [-46.949752, -8.207818]}, "properties": {"i": 35, "mun": 73091, "ibge": 1703842, "z": 32, "l": 1031, "nm": "ESCOLA MUNICIPAL JOSÉ RAMOS DE SOUSA", "nm_mun": "CAMPOS LINDOS", "aptos": 487, "imp": 0}}, {"type": "Feature", "geometry": {"type": "Point", "coordinates": [-46.808038, -7.966735]}, "properties": {"i": 36, "mun": 73091, "ibge": 1703842, "z": 32, "l": 1040, "nm": "ESCOLA ESTADUAL MANOEL ALVES GRANDE", "nm_mun": "CAMPOS LINDOS", "aptos": 3420, "imp": 0}}, {"type": "Feature", "geometry": {"type": "Point", "coordinates": [-46.484547, -8.045977]}, "properties": {"i": 37, "mun": 73091, "ibge": 1703842, "z": 32, "l": 1058, "nm": "ESCOLA MUNICIPAL ARCANJO SOARES", "nm_mun": "CAMPOS LINDOS", "aptos": 193, "imp": 0}}, {"type": "Feature", "geometry": {"type": "Point", "coordinates": [-46.802462, -7.976048]}, "properties": {"i": 38, "mun": 73091, "ibge": 1703842, "z": 32, "l": 1074, "nm": "ESCOLA MUNICIPAL  PROFESSORA SAFIRA CAMÊLO GOMES", "nm_mun": "CAMPOS LINDOS", "aptos": 2629, "imp": 0}}, {"type": "Feature", "geometry": {"type": "Point", "coordinates": [-46.65855, -10.170282]}, "properties": {"i": 39, "mun": 73105, "ibge": 1720150, "z": 35, "l": 1015, "nm": "ESCOLA ESTADUAL SAGRADO CORAÇÃO DE JESUS", "nm_mun": "SÃO FÉLIX DO TOCANTINS", "aptos": 1684, "imp": 0}}, {"type": "Feature", "geometry": {"type": "Point", "coordinates": [-46.498773, -10.139862]}, "properties": {"i": 40, "mun": 73105, "ibge": 1720150, "z": 35, "l": 1031, "nm": "ESCOLA MUNICIPAL MIGUEL RODRIGUES DE SOUSA", "nm_mun": "SÃO FÉLIX DO TOCANTINS", "aptos": 190, "imp": 0}}, {"type": "Feature", "geometry": {"type": "Point", "coordinates": [-47.565548, -10.298388]}, "properties": {"i": 41, "mun": 73113, "ibge": 1711951, "z": 35, "l": 1015, "nm": "ESCOLA MUNICIPAL DELCI RIBEIRO BARROS", "nm_mun": "LAGOA DO TOCANTINS", "aptos": 1484, "imp": 0}}, {"type": "Feature", "geometry": {"type": "Point", "coordinates": [-47.564522, -10.296343]}, "properties": {"i": 42, "mun": 73113, "ibge": 1711951, "z": 35, "l": 1023, "nm": "ESCOLA ESTADUAL SALMON DO AMARAL BRITO", "nm_mun": "LAGOA DO TOCANTINS", "aptos": 1827, "imp": 0}}, {"type": "Feature", "geometry": {"type": "Point", "coordinates": [-48.166928, -8.963723]}, "properties": {"i": 43, "mun": 73121, "ibge": 1703305, "z": 23, "l": 1015, "nm": "ESCOLA ESTADUAL ALFREDO NASSER", "nm_mun": "BOM JESUS DO TOCANTINS", "aptos": 2112, "imp": 0}}, {"type": "Feature", "geometry": {"type": "Point", "coordinates": [-48.162285, -8.967057]}, "properties": {"i": 44, "mun": 73121, "ibge": 1703305, "z": 23, "l": 1023, "nm": "ESCOLA MUNICIPAL MARIA LIMA BARBOSA (GUARDA LUPE)", "nm_mun": "BOM JESUS DO TOCANTINS", "aptos": 1429, "imp": 0}}, {"type": "Feature", "geometry": {"type": "Point", "coordinates": [-47.838205, -9.022397]}, "properties": {"i": 45, "mun": 73121, "ibge": 1703305, "z": 23, "l": 1040, "nm": "ESCOLA MUNICIPAL SANTA LUZIA", "nm_mun": "BOM JESUS DO TOCANTINS", "aptos": 142, "imp": 0}}, {"type": "Feature", "geometry": {"type": "Point", "coordinates": [-47.746092, -8.774593]}, "properties": {"i": 46, "mun": 73130, "ibge": 1718881, "z": 33, "l": 1015, "nm": "COLÉGIO ESTADUAL GIRASSOL DE TEMPO INTEGRAL SANTA MARIA", "nm_mun": "SANTA MARIA DO TOCANTINS", "aptos": 1742, "imp": 0}}, {"type": "Feature", "geometry": {"type": "Point", "coordinates": [-47.746063, -8.777168]}, "properties": {"i": 47, "mun": 73130, "ibge": 1718881, "z": 33, "l": 1023, "nm": "CENTRO EDUCACIONAL ZEFERINO PEREIRA DA SILVA", "nm_mun": "SANTA MARIA DO TOCANTINS", "aptos": 815, "imp": 0}}, {"type": "Feature", "geometry": {"type": "Point", "coordinates": [-46.574707, -12.91186]}, "properties": {"i": 48, "mun": 73148, "ibge": 1715150, "z": 22, "l": 1015, "nm": "COLEGIO ESTADUAL DR JOAO D'ABREU", "nm_mun": "NOVO ALEGRE", "aptos": 2133, "imp": 0}}, {"type": "Feature", "geometry": {"type": "Point", "coordinates": [-49.931706, -12.543009]}, "properties": {"i": 49, "mun": 73156, "ibge": 1718840, "z": 14, "l": 1015, "nm": "COLÉGIO ESTADUAL NOSSA SENHORA APARECIDA", "nm_mun": "SANDOLÂNDIA", "aptos": 1531, "imp": 0}}, {"type": "Feature", "geometry": {"type": "Point", "coordinates": [-49.926617, -12.536223]}, "properties": {"i": 50, "mun": 73156, "ibge": 1718840, "z": 14, "l": 1023, "nm": "ESCOLA MUNICIPAL CANTINHO DO SABER", "nm_mun": "SANDOLÂNDIA", "aptos": 1647, "imp": 0}}, {"type": "Feature", "geometry": {"type": "Point", "coordinates": [-49.746463, -12.240773]}, "properties": {"i": 51, "mun": 73156, "ibge": 1718840, "z": 14, "l": 1058, "nm": "COLÉGIO ESTADUAL PADRE JOSÉ DE ANCHIETA - POVOADO DE DORILÂNDIA", "nm_mun": "SANDOLÂNDIA", "aptos": 392, "imp": 0}}, {"type": "Feature", "geometry": {"type": "Point", "coordinates": [-46.98925, -12.195386]}, "properties": {"i": 52, "mun": 73164, "ibge": 1720937, "z": 25, "l": 1015, "nm": "ESCOLA ESTADUAL JOAQUIM FRANCISCO DE AZEVEDO", "nm_mun": "TAIPAS DO TOCANTINS", "aptos": 2037, "imp": 0}}, {"type": "Feature", "geometry": {"type": "Point", "coordinates": [-46.628642, -11.822178]}, "properties": {"i": 53, "mun": 73172, "ibge": 1715259, "z": 25, "l": 1015, "nm": "ESCOLA ESTADUAL  JARDIM", "nm_mun": "NOVO JARDIM", "aptos": 1520, "imp": 0}}, {"type": "Feature", "geometry": {"type": "Point", "coordinates": [-46.741379, -11.713404]}, "properties": {"i": 54, "mun": 73172, "ibge": 1715259, "z": 25, "l": 1023, "nm": "ESCOLA MUNICIPAL MYRTHES AIRES SILVA", "nm_mun": "NOVO JARDIM", "aptos": 221, "imp": 0}}, {"type": "Feature", "geometry": {"type": "Point", "coordinates": [-46.625231, -11.819636]}, "properties": {"i": 55, "mun": 73172, "ibge": 1715259, "z": 25, "l": 1031, "nm": "ESCOLA MUNICIPAL PROFESSORA ANORELINA", "nm_mun": "NOVO JARDIM", "aptos": 610, "imp": 0}}, {"type": "Feature", "geometry": {"type": "Point", "coordinates": [-47.515577, -5.543017]}, "properties": {"i": 56, "mun": 73180, "ibge": 1720200, "z": 11, "l": 1015, "nm": "ESCOLA MUNICIPAL BELA VISTA - POVOADO ALTO BONITO", "nm_mun": "SÃO MIGUEL DO TOCANTINS", "aptos": 824, "imp": 0}}, {"type": "Feature", "geometry": {"type": "Point", "coordinates": [-47.576969, -5.556161]}, "properties": {"i": 57, "mun": 73180, "ibge": 1720200, "z": 11, "l": 1023, "nm": "ESCOLA MUNICIPAL JOAO PESSOA", "nm_mun": "SÃO MIGUEL DO TOCANTINS", "aptos": 1539, "imp": 0}}, {"type": "Feature", "geometry": {"type": "Point", "coordinates": [-47.506164, -5.540337]}, "properties": {"i": 58, "mun": 73180, "ibge": 1720200, "z": 11, "l": 1031, "nm": "ESCOLA ESTADUAL BELA VISTA", "nm_mun": "SÃO MIGUEL DO TOCANTINS", "aptos": 2137, "imp": 0}}, {"type": "Feature", "geometry": {"type": "Point", "coordinates": [-47.536774, -5.548172]}, "properties": {"i": 59, "mun": 73180, "ibge": 1720200, "z": 11, "l": 1040, "nm": "ESCOLA MUNICIPAL JOAO  XXIII - POVOADO GROTA DO MEIO", "nm_mun": "SÃO MIGUEL DO TOCANTINS", "aptos": 1649, "imp": 0}}, {"type": "Feature", "geometry": {"type": "Point", "coordinates": [-47.57723, -5.55347]}, "properties": {"i": 60, "mun": 73180, "ibge": 1720200, "z": 11, "l": 1058, "nm": "ESCOLA ESTADUAL SAO MIGUEL", "nm_mun": "SÃO MIGUEL DO TOCANTINS", "aptos": 1501, "imp": 0}}, {"type": "Feature", "geometry": {"type": "Point", "coordinates": [-47.561195, -5.582865]}, "properties": {"i": 61, "mun": 73180, "ibge": 1720200, "z": 11, "l": 1066, "nm": "ESCOLA MUNICIPAL GERCINA SILVA DE ABREU", "nm_mun": "SÃO MIGUEL DO TOCANTINS", "aptos": 323, "imp": 0}}, {"type": "Feature", "geometry": {"type": "Point", "coordinates": [-47.559543, -5.467976]}, "properties": {"i": 62, "mun": 73180, "ibge": 1720200, "z": 11, "l": 1074, "nm": "ESCOLA MUNICIPAL BOA ESPERANCA - POVOADO IMBIRAL", "nm_mun": "SÃO MIGUEL DO TOCANTINS", "aptos": 297, "imp": 0}}, {"type": "Feature", "geometry": {"type": "Point", "coordinates": [-47.557992, -5.626957]}, "properties": {"i": 63, "mun": 73180, "ibge": 1720200, "z": 11, "l": 1082, "nm": "ESCOLA MUNICIPAL RUI BARBOSA - POVOADO BURITI", "nm_mun": "SÃO MIGUEL DO TOCANTINS", "aptos": 199, "imp": 0}}, {"type": "Feature", "geometry": {"type": "Point", "coordinates": [-47.579323, -5.520324]}, "properties": {"i": 64, "mun": 73180, "ibge": 1720200, "z": 11, "l": 1090, "nm": "ESCOLA MUNICIPAL SETE BARRACAS", "nm_mun": "SÃO MIGUEL DO TOCANTINS", "aptos": 300, "imp": 0}}, {"type": "Feature", "geometry": {"type": "Point", "coordinates": [-47.522998, -5.590456]}, "properties": {"i": 65, "mun": 73180, "ibge": 1720200, "z": 11, "l": 1104, "nm": "ESCOLA MUNICIPAL PESO DURO", "nm_mun": "SÃO MIGUEL DO TOCANTINS", "aptos": 295, "imp": 0}}, {"type": "Feature", "geometry": {"type": "Point", "coordinates": [-47.752617, -6.709072]}, "properties": {"i": 66, "mun": 73180, "ibge": 1720200, "z": 11, "l": 1120, "nm": "ESCOLA MUNICIPAL TURMA DA MÔNICA - POVOADO BELA VISTA", "nm_mun": "SÃO MIGUEL DO TOCANTINS", "aptos": 737, "imp": 1}}, {"type": "Feature", "geometry": {"type": "Point", "coordinates": [-47.813512, -5.400638]}, "properties": {"i": 67, "mun": 73180, "ibge": 1720200, "z": 11, "l": 1139, "nm": "ESCOLA MUNICIPAL BIANOR RODRIGUES BANDEIRA ", "nm_mun": "SÃO MIGUEL DO TOCANTINS", "aptos": 43, "imp": 1}}, {"type": "Feature", "geometry": {"type": "Point", "coordinates": [-48.519831, -9.05771]}, "properties": {"i": 68, "mun": 73199, "ibge": 1708254, "z": 6, "l": 1015, "nm": "COLÉGIO ESTADUAL MAJOR JUVENAL PEREIRA DE SOUSA", "nm_mun": "TABOCÃO", "aptos": 2921, "imp": 0}}, {"type": "Feature", "geometry": {"type": "Point", "coordinates": [-47.632848, -5.60335]}, "properties": {"i": 69, "mun": 73199, "ibge": 1708254, "z": 6, "l": 1023, "nm": "ESC. MUNICIPAL FRANCISCO PINHEIRO DA SILVEIRA", "nm_mun": "TABOCÃO", "aptos": 155, "imp": 1}}, {"type": "Feature", "geometry": {"type": "Point", "coordinates": [-48.107255, -8.384797]}, "properties": {"i": 70, "mun": 73202, "ibge": 1710904, "z": 33, "l": 1015, "nm": "COLEGIO ESTADUAL REZENDE DE ALMEIDA", "nm_mun": "ITAPIRATINS", "aptos": 1768, "imp": 0}}, {"type": "Feature", "geometry": {"type": "Point", "coordinates": [-48.099572, -8.39107]}, "properties": {"i": 71, "mun": 73202, "ibge": 1710904, "z": 33, "l": 1023, "nm": "ESCOLA MUNICIPAL HERMES DA SILVA PIRES", "nm_mun": "ITAPIRATINS", "aptos": 1635, "imp": 0}}, {"type": "Feature", "geometry": {"type": "Point", "coordinates": [-47.332618, -8.957092]}, "properties": {"i": 72, "mun": 73210, "ibge": 1704105, "z": 33, "l": 1015, "nm": "ESCOLA MUNICIPAL GUSTAVO COSTA", "nm_mun": "CENTENÁRIO", "aptos": 911, "imp": 0}}, {"type": "Feature", "geometry": {"type": "Point", "coordinates": [-47.333008, -8.955658]}, "properties": {"i": 73, "mun": 73210, "ibge": 1704105, "z": 33, "l": 1023, "nm": "COLEGIO ESTADUAL OTONIEL CAVALCANTE DE JESUS", "nm_mun": "CENTENÁRIO", "aptos": 1022, "imp": 0}}, {"type": "Feature", "geometry": {"type": "Point", "coordinates": [-47.241812, -8.737728]}, "properties": {"i": 74, "mun": 73229, "ibge": 1718501, "z": 33, "l": 1015, "nm": "ESCOLA ESTADUAL RECURSO I", "nm_mun": "RECURSOLÂNDIA", "aptos": 1760, "imp": 0}}, {"type": "Feature", "geometry": {"type": "Point", "coordinates": [-47.242085, -8.735637]}, "properties": {"i": 75, "mun": 73229, "ibge": 1718501, "z": 33, "l": 1023, "nm": "ESCOLA MUNICIPAL RECURSO", "nm_mun": "RECURSOLÂNDIA", "aptos": 1192, "imp": 0}}, {"type": "Feature", "geometry": {"type": "Point", "coordinates": [-48.115283, -8.395259]}, "properties": {"i": 76, "mun": 73237, "ibge": 1721307, "z": 6, "l": 1015, "nm": "ESCOLA ESTADUAL SÃO TOMÁS DE AQUINO", "nm_mun": "TUPIRATINS", "aptos": 1804, "imp": 0}}, {"type": "Feature", "geometry": {"type": "Point", "coordinates": [-48.471059, -8.288708]}, "properties": {"i": 77, "mun": 73245, "ibge": 1703602, "z": 4, "l": 1015, "nm": "ESCOLA MUNICIPAL NESTOR PEREIRA DE SOUSA", "nm_mun": "BRASILÂNDIA DO TOCANTINS", "aptos": 466, "imp": 0}}, {"type": "Feature", "geometry": {"type": "Point", "coordinates": [-48.485768, -8.389006]}, "properties": {"i": 78, "mun": 73245, "ibge": 1703602, "z": 4, "l": 1023, "nm": "COLÉGIO ESTADUAL SEBASTIÃO RODRIGUES SALES", "nm_mun": "BRASILÂNDIA DO TOCANTINS", "aptos": 751, "imp": 0}}, {"type": "Feature", "geometry": {"type": "Point", "coordinates": [-48.482027, -8.391684]}, "properties": {"i": 79, "mun": 73245, "ibge": 1703602, "z": 4, "l": 1031, "nm": "ESCOLA MUNICIPAL PAULO VI", "nm_mun": "BRASILÂNDIA DO TOCANTINS", "aptos": 774, "imp": 0}}, {"type": "Feature", "geometry": {"type": "Point", "coordinates": [-49.093465, -8.11915]}, "properties": {"i": 80, "mun": 73253, "ibge": 1711803, "z": 4, "l": 1015, "nm": "COLEGIO ESTADUAL ZICO DORNELAS", "nm_mun": "JUARINA", "aptos": 1169, "imp": 0}}, {"type": "Feature", "geometry": {"type": "Point", "coordinates": [-49.656076, -9.800707]}, "properties": {"i": 81, "mun": 73253, "ibge": 1711803, "z": 4, "l": 1040, "nm": "ESCOLA MUNICIPAL PINGO DE GENTE", "nm_mun": "JUARINA", "aptos": 1104, "imp": 1}}, {"type": "Feature", "geometry": {"type": "Point", "coordinates": [-49.37159, -7.54008]}, "properties": {"i": 82, "mun": 73261, "ibge": 1716307, "z": 31, "l": 1015, "nm": "ESCOLA MUNICIPAL DOMINGAS RIBEIRO", "nm_mun": "PAU D'ARCO", "aptos": 438, "imp": 0}}, {"type": "Feature", "geometry": {"type": "Point", "coordinates": [-49.370263, -7.540855]}, "properties": {"i": 83, "mun": 73261, "ibge": 1716307, "z": 31, "l": 1023, "nm": "ESCOLA ESTADUAL JUSCELINO KUBSTCHEK DE OLIVEIRA", "nm_mun": "PAU D'ARCO", "aptos": 817, "imp": 0}}, {"type": "Feature", "geometry": {"type": "Point", "coordinates": [-49.366702, -7.537663]}, "properties": {"i": 84, "mun": 73261, "ibge": 1716307, "z": 31, "l": 1031, "nm": "ESCOLA ESTADUAL ULISSES GUIMARAES", "nm_mun": "PAU D'ARCO", "aptos": 1760, "imp": 0}}, {"type": "Feature", "geometry": {"type": "Point", "coordinates": [-48.862388, -7.485148]}, "properties": {"i": 85, "mun": 73261, "ibge": 1716307, "z": 31, "l": 1040, "nm": "ESCOLA MUNICIPAL POLIANA KENIA", "nm_mun": "PAU D'ARCO", "aptos": 323, "imp": 0}}, {"type": "Feature", "geometry": {"type": "Point", "coordinates": [-48.839648, -7.513573]}, "properties": {"i": 86, "mun": 73261, "ibge": 1716307, "z": 31, "l": 1058, "nm": "ESCOLA MUNICIPAL DE 1 GRAU OSVALDO FREITAS", "nm_mun": "PAU D'ARCO", "aptos": 217, "imp": 0}}, {"type": "Feature", "geometry": {"type": "Point", "coordinates": [-46.421883, -10.545973]}, "properties": {"i": 87, "mun": 73270, "ibge": 1712702, "z": 26, "l": 1015, "nm": "ESCOLA ESTADUAL ESTEFANIO TELLES DAS CHAGAS", "nm_mun": "MATEIROS", "aptos": 694, "imp": 0}}, {"type": "Feature", "geometry": {"type": "Point", "coordinates": [-46.417933, -10.544467]}, "properties": {"i": 88, "mun": 73270, "ibge": 1712702, "z": 26, "l": 1023, "nm": "ESCOLA MUNICIPAL PROFESSORA ERNESTINA VIEIRA SOARES", "nm_mun": "MATEIROS", "aptos": 566, "imp": 0}}, {"type": "Feature", "geometry": {"type": "Point", "coordinates": [-46.571096, -10.344957]}, "properties": {"i": 89, "mun": 73270, "ibge": 1712702, "z": 26, "l": 1040, "nm": "ESCOLA ESTADUAL SILVÉRIO RIBEIRO MATOS", "nm_mun": "MATEIROS", "aptos": 174, "imp": 0}}, {"type": "Feature", "geometry": {"type": "Point", "coordinates": [-48.3776, -5.361285]}, "properties": {"i": 90, "mun": 73270, "ibge": 1712702, "z": 26, "l": 1066, "nm": "ESCOLA MUNICIPAL DA COMUNIDADE GALHÃO", "nm_mun": "MATEIROS", "aptos": 39, "imp": 1}}, {"type": "Feature", "geometry": {"type": "Point", "coordinates": [-46.432043, -12.397343]}, "properties": {"i": 91, "mun": 73270, "ibge": 1712702, "z": 26, "l": 1074, "nm": "CENTRO DE REFERÊNCIA DE ASSISTÊNCIA SOCIAL - CRAS", "nm_mun": "MATEIROS", "aptos": 217, "imp": 1}}, {"type": "Feature", "geometry": {"type": "Point", "coordinates": [-49.93497, -11.782613]}, "properties": {"i": 92, "mun": 73270, "ibge": 1712702, "z": 26, "l": 1082, "nm": "ANEXO I DA SECRETARIA DE SAÚDE (ANTIGO CRAS)", "nm_mun": "MATEIROS", "aptos": 205, "imp": 1}}, {"type": "Feature", "geometry": {"type": "Point", "coordinates": [-48.906039, -10.710643]}, "properties": {"i": 93, "mun": 73270, "ibge": 1712702, "z": 26, "l": 1090, "nm": "CRECHE COMEÇO DE VIDA", "nm_mun": "MATEIROS", "aptos": 114, "imp": 1}}, {"type": "Feature", "geometry": {"type": "Point", "coordinates": [-47.924326, -6.026658]}, "properties": {"i": 94, "mun": 73288, "ibge": 1720101, "z": 10, "l": 1015, "nm": "COLEGIO ESTADUAL IRMAOS FILGUEIRAS", "nm_mun": "SÃO BENTO DO TOCANTINS", "aptos": 2554, "imp": 0}}, {"type": "Feature", "geometry": {"type": "Point", "coordinates": [-48.146994, -6.025409]}, "properties": {"i": 95, "mun": 73288, "ibge": 1720101, "z": 10, "l": 1023, "nm": "ESCOLA ESTADUAL ANAIDES BRITO DE MIRANDA", "nm_mun": "SÃO BENTO DO TOCANTINS", "aptos": 808, "imp": 0}}, {"type": "Feature", "geometry": {"type": "Point", "coordinates": [-47.821773, -5.89526]}, "properties": {"i": 96, "mun": 73288, "ibge": 1720101, "z": 10, "l": 1031, "nm": "ESCOLA MUN. N. SENHORA DA CONSOLAÇÃO", "nm_mun": "SÃO BENTO DO TOCANTINS", "aptos": 405, "imp": 1}}, {"type": "Feature", "geometry": {"type": "Point", "coordinates": [-48.3776, -5.361285]}, "properties": {"i": 97, "mun": 73288, "ibge": 1720101, "z": 10, "l": 1040, "nm": "ESCOLA MUNICIPAL JOSÉ PEREIRA DE ARAÚJO", "nm_mun": "SÃO BENTO DO TOCANTINS", "aptos": 64, "imp": 1}}, {"type": "Feature", "geometry": {"type": "Point", "coordinates": [-49.93497, -11.782613]}, "properties": {"i": 98, "mun": 73288, "ibge": 1720101, "z": 10, "l": 1058, "nm": "ESCOLA MUNICIPAL TRANSBICO", "nm_mun": "SÃO BENTO DO TOCANTINS", "aptos": 19, "imp": 1}}, {"type": "Feature", "geometry": {"type": "Point", "coordinates": [-46.883007, -11.401062]}, "properties": {"i": 99, "mun": 73288, "ibge": 1720101, "z": 10, "l": 1074, "nm": "ESC. MUNIC. JOÃO PAULO CARNEIRO RODRIGUES", "nm_mun": "SÃO BENTO DO TOCANTINS", "aptos": 1612, "imp": 1}}, {"type": "Feature", "geometry": {"type": "Point", "coordinates": [-48.541933, -5.370552]}, "properties": {"i": 100, "mun": 73296, "ibge": 1707405, "z": 10, "l": 1015, "nm": "ESCOLA MUNICIPAL BOAS NOVAS", "nm_mun": "ESPERANTINA", "aptos": 1615, "imp": 0}}, {"type": "Feature", "geometry": {"type": "Point", "coordinates": [-48.466926, -5.315495]}, "properties": {"i": 101, "mun": 73296, "ibge": 1707405, "z": 10, "l": 1023, "nm": "ESCOLA ESTADUAL DOUTOR ULISSES GUIMARAES", "nm_mun": "ESPERANTINA", "aptos": 1666, "imp": 0}}, {"type": "Feature", "geometry": {"type": "Point", "coordinates": [-48.546501, -5.365171]}, "properties": {"i": 102, "mun": 73296, "ibge": 1707405, "z": 10, "l": 1031, "nm": "COLEGIO ESTADUAL JOAQUINA MARIA DA SILVA", "nm_mun": "ESPERANTINA", "aptos": 1145, "imp": 0}}, {"type": "Feature", "geometry": {"type": "Point", "coordinates": [-48.120728, -5.64778]}, "properties": {"i": 103, "mun": 73296, "ibge": 1707405, "z": 10, "l": 1040, "nm": "ESCOLA MUNICIPAL NOVA UNIAO", "nm_mun": "ESPERANTINA", "aptos": 1257, "imp": 0}}, {"type": "Feature", "geometry": {"type": "Point", "coordinates": [-48.464978, -5.314105]}, "properties": {"i": 104, "mun": 73296, "ibge": 1707405, "z": 10, "l": 1058, "nm": "ESCOLA MUNICIPAL D. PEDRO I", "nm_mun": "ESPERANTINA", "aptos": 946, "imp": 0}}, {"type": "Feature", "geometry": {"type": "Point", "coordinates": [-49.162934, -11.890064]}, "properties": {"i": 105, "mun": 73300, "ibge": 1703867, "z": 2, "l": 1015, "nm": "ESCOLA DE 1. GRAU TARSO DUTRA", "nm_mun": "CARIRI DO TOCANTINS", "aptos": 1584, "imp": 0}}, {"type": "Feature", "geometry": {"type": "Point", "coordinates": [-49.162689, -11.890678]}, "properties": {"i": 106, "mun": 73300, "ibge": 1703867, "z": 2, "l": 1031, "nm": "ESCOLA MUNICIPAL DIVINA RIBEIRO BORGES", "nm_mun": "CARIRI DO TOCANTINS", "aptos": 2216, "imp": 0}}, {"type": "Feature", "geometry": {"type": "Point", "coordinates": [-48.61629, -6.793717]}, "properties": {"i": 107, "mun": 73318, "ibge": 1702158, "z": 12, "l": 1015, "nm": "ESCOLA MUNICIPAL JOSE DE ALENCAR", "nm_mun": "ARAGUANÃ", "aptos": 164, "imp": 0}}, {"type": "Feature", "geometry": {"type": "Point", "coordinates": [-48.643347, -6.581642]}, "properties": {"i": 108, "mun": 73318, "ibge": 1702158, "z": 12, "l": 1023, "nm": "ESCOLA ESTADUAL MACHADO DE ASSIS", "nm_mun": "ARAGUANÃ", "aptos": 1383, "imp": 0}}, {"type": "Feature", "geometry": {"type": "Point", "coordinates": [-48.516805, -6.847585]}, "properties": {"i": 109, "mun": 73318, "ibge": 1702158, "z": 12, "l": 1031, "nm": "ESCOLA ESTADUAL SÃO PEDRO", "nm_mun": "ARAGUANÃ", "aptos": 628, "imp": 0}}, {"type": "Feature", "geometry": {"type": "Point", "coordinates": [-48.574978, -6.767907]}, "properties": {"i": 110, "mun": 73318, "ibge": 1702158, "z": 12, "l": 1058, "nm": "ESCOLA MUNICIPAL CASTRO ALVES", "nm_mun": "ARAGUANÃ", "aptos": 157, "imp": 0}}, {"type": "Feature", "geometry": {"type": "Point", "coordinates": [-48.642532, -6.5797]}, "properties": {"i": 111, "mun": 73318, "ibge": 1702158, "z": 12, "l": 1066, "nm": "CMEI - CENTRO MUNICIPAL DE EDUC. INFANTIL MARIA DE NAZARÉ SILVA COSTA", "nm_mun": "ARAGUANÃ", "aptos": 760, "imp": 0}}, {"type": "Feature", "geometry": {"type": "Point", "coordinates": [-49.821691, -12.943072]}, "properties": {"i": 112, "mun": 73318, "ibge": 1702158, "z": 12, "l": 1074, "nm": "ESCOLA MUNICIPAL TIRADENTES", "nm_mun": "ARAGUANÃ", "aptos": 457, "imp": 1}}, {"type": "Feature", "geometry": {"type": "Point", "coordinates": [-48.395346, -7.036154]}, "properties": {"i": 113, "mun": 73326, "ibge": 1703883, "z": 34, "l": 1015, "nm": "ESCOLA ESTADUAL BARTOLOMEU BUENO DA SILVA", "nm_mun": "CARMOLÂNDIA", "aptos": 2412, "imp": 0}}, {"type": "Feature", "geometry": {"type": "Point", "coordinates": [-48.526816, -7.165822]}, "properties": {"i": 114, "mun": 73334, "ibge": 1701309, "z": 34, "l": 1015, "nm": "COLEGIO ESTADUAL GETULIO VARGAS", "nm_mun": "ARAGOMINAS", "aptos": 1649, "imp": 0}}, {"type": "Feature", "geometry": {"type": "Point", "coordinates": [-48.523629, -7.167988]}, "properties": {"i": 115, "mun": 73334, "ibge": 1701309, "z": 34, "l": 1023, "nm": "ESCOLA MUNICIPAL INFANTIL CRECHE MARIA MOTA", "nm_mun": "ARAGOMINAS", "aptos": 722, "imp": 0}}, {"type": "Feature", "geometry": {"type": "Point", "coordinates": [-48.699375, -6.842179]}, "properties": {"i": 116, "mun": 73334, "ibge": 1701309, "z": 34, "l": 1040, "nm": "ESCOLA ESTADUAL JOSÉ DOMINGOS CARVALHO BARBOSA", "nm_mun": "ARAGOMINAS", "aptos": 1109, "imp": 0}}, {"type": "Feature", "geometry": {"type": "Point", "coordinates": [-48.829557, -6.833088]}, "properties": {"i": 117, "mun": 73334, "ibge": 1701309, "z": 34, "l": 1058, "nm": "ESCOLA MUNICIPAL JOSÉ MOTA GOMES DA SILVA", "nm_mun": "ARAGOMINAS", "aptos": 570, "imp": 0}}, {"type": "Feature", "geometry": {"type": "Point", "coordinates": [-48.697104, -6.690616]}, "properties": {"i": 118, "mun": 73334, "ibge": 1701309, "z": 34, "l": 1066, "nm": "EXTENSÃO DA ESCOLA MUNICIPAL CIRILO RIBEIRO DA SILVA", "nm_mun": "ARAGOMINAS", "aptos": 399, "imp": 0}}, {"type": "Feature", "geometry": {"type": "Point", "coordinates": [-48.606348, -7.144865]}, "properties": {"i": 119, "mun": 73342, "ibge": 1713957, "z": 34, "l": 1015, "nm": "COLEGIO ESTADUAL MARECHAL COSTA E SILVA", "nm_mun": "MURICILÂNDIA", "aptos": 1381, "imp": 0}}, {"type": "Feature", "geometry": {"type": "Point", "coordinates": [-48.622076, -7.223742]}, "properties": {"i": 120, "mun": 73342, "ibge": 1713957, "z": 34, "l": 1023, "nm": "ESCOLA MUNICIPAL DOM PEDRO I", "nm_mun": "MURICILÂNDIA", "aptos": 218, "imp": 0}}, {"type": "Feature", "geometry": {"type": "Point", "coordinates": [-48.647031, -7.007229]}, "properties": {"i": 121, "mun": 73342, "ibge": 1713957, "z": 34, "l": 1031, "nm": "ESCOLA MUNICIPAL AIRTON SENA", "nm_mun": "MURICILÂNDIA", "aptos": 245, "imp": 0}}, {"type": "Feature", "geometry": {"type": "Point", "coordinates": [-48.919246, -11.102699]}, "properties": {"i": 122, "mun": 73342, "ibge": 1713957, "z": 34, "l": 1040, "nm": "ESCOLA ESTADUAL DE MURICILÂNDIA", "nm_mun": "MURICILÂNDIA", "aptos": 1026, "imp": 1}}, {"type": "Feature", "geometry": {"type": "Point", "coordinates": [-48.6929, -7.153655]}, "properties": {"i": 123, "mun": 73350, "ibge": 1718865, "z": 34, "l": 1015, "nm": "ESCOLA ESTADUAL CASTRO ALVES", "nm_mun": "SANTA FÉ DO ARAGUAIA", "aptos": 1359, "imp": 0}}, {"type": "Feature", "geometry": {"type": "Point", "coordinates": [-48.707311, -7.098664]}, "properties": {"i": 124, "mun": 73350, "ibge": 1718865, "z": 34, "l": 1023, "nm": "ESCOLA MUNICIPAL EMMANUEL", "nm_mun": "SANTA FÉ DO ARAGUAIA", "aptos": 441, "imp": 0}}, {"type": "Feature", "geometry": {"type": "Point", "coordinates": [-49.182769, -7.150376]}, "properties": {"i": 125, "mun": 73350, "ibge": 1718865, "z": 34, "l": 1031, "nm": "ESCOLA INDÍGENA MANOEL ACHURÊ", "nm_mun": "SANTA FÉ DO ARAGUAIA", "aptos": 140, "imp": 0}}, {"type": "Feature", "geometry": {"type": "Point", "coordinates": [-49.099088, -6.869571]}, "properties": {"i": 126, "mun": 73350, "ibge": 1718865, "z": 34, "l": 1040, "nm": "ESCOLA MUNICIPAL SAO PAULO", "nm_mun": "SANTA FÉ DO ARAGUAIA", "aptos": 101, "imp": 0}}, {"type": "Feature", "geometry": {"type": "Point", "coordinates": [-48.690805, -7.152963]}, "properties": {"i": 127, "mun": 73350, "ibge": 1718865, "z": 34, "l": 1058, "nm": "ESCOLA ESTADUAL ANAIDES BRITO MIRANDA", "nm_mun": "SANTA FÉ DO ARAGUAIA", "aptos": 1688, "imp": 0}}, {"type": "Feature", "geometry": {"type": "Point", "coordinates": [-49.178559, -7.125811]}, "properties": {"i": 128, "mun": 73350, "ibge": 1718865, "z": 34, "l": 1074, "nm": "CENTRO DE ENSINO MÉDIO INDÍGENA KARAJÁ XAMBIOÁ - CEMI KARAJÁ", "nm_mun": "SANTA FÉ DO ARAGUAIA", "aptos": 176, "imp": 0}}, {"type": "Feature", "geometry": {"type": "Point", "coordinates": [-47.860062, -7.485767]}, "properties": {"i": 129, "mun": 73350, "ibge": 1718865, "z": 34, "l": 1082, "nm": "ESCOLA MUNICIPAL CRISTIANO RAMIRO DA SILVA", "nm_mun": "SANTA FÉ DO ARAGUAIA", "aptos": 27, "imp": 1}}, {"type": "Feature", "geometry": {"type": "Point", "coordinates": [-48.340027, -7.186312]}, "properties": {"i": 130, "mun": 73350, "ibge": 1718865, "z": 34, "l": 1090, "nm": "ESCOLA MUNICIPAL EURIPIA PEREIRA LOPES", "nm_mun": "SANTA FÉ DO ARAGUAIA", "aptos": 1586, "imp": 1}}, {"type": "Feature", "geometry": {"type": "Point", "coordinates": [-48.594103, -12.651932]}, "properties": {"i": 131, "mun": 73369, "ibge": 1711506, "z": 20, "l": 1015, "nm": "ESCOLA MUNICIPAL PEDRO LUIZ BOMFIM", "nm_mun": "JAÚ DO TOCANTINS", "aptos": 1113, "imp": 0}}, {"type": "Feature", "geometry": {"type": "Point", "coordinates": [-48.588152, -12.655647]}, "properties": {"i": 132, "mun": 73369, "ibge": 1711506, "z": 20, "l": 1023, "nm": "COLÉGIO ESTADUAL ADELAIDE FRANCISCO SOARES", "nm_mun": "JAÚ DO TOCANTINS", "aptos": 1008, "imp": 0}}, {"type": "Feature", "geometry": {"type": "Point", "coordinates": [-48.577607, -12.839385]}, "properties": {"i": 133, "mun": 73369, "ibge": 1711506, "z": 20, "l": 1031, "nm": "ESCOLA MUNICIPAL ANIZIO BRAGA", "nm_mun": "JAÚ DO TOCANTINS", "aptos": 738, "imp": 0}}, {"type": "Feature", "geometry": {"type": "Point", "coordinates": [-48.761818, -12.855882]}, "properties": {"i": 134, "mun": 73369, "ibge": 1711506, "z": 20, "l": 1066, "nm": "ESCOLA MUNICIPAL LOURENÇO BORGES", "nm_mun": "JAÚ DO TOCANTINS", "aptos": 235, "imp": 0}}, {"type": "Feature", "geometry": {"type": "Point", "coordinates": [-48.910225, -11.987262]}, "properties": {"i": 135, "mun": 73377, "ibge": 1720853, "z": 20, "l": 1015, "nm": "ESCOLA ESTADUAL PROFESSORA DIVA GOMES DA SILVEIRA COSTA", "nm_mun": "SUCUPIRA", "aptos": 1026, "imp": 0}}, {"type": "Feature", "geometry": {"type": "Point", "coordinates": [-48.162285, -8.967057]}, "properties": {"i": 136, "mun": 73377, "ibge": 1720853, "z": 20, "l": 1023, "nm": "ESCOLA MUNICIPAL MACHADO DE ASSIS", "nm_mun": "SUCUPIRA", "aptos": 736, "imp": 1}}, {"type": "Feature", "geometry": {"type": "Point", "coordinates": [-49.625476, -10.792361]}, "properties": {"i": 137, "mun": 73385, "ibge": 1711902, "z": 13, "l": 1015, "nm": "COLEGIO ESTADUAL LAGOA DA CONFUSAO", "nm_mun": "LAGOA DA CONFUSÃO", "aptos": 3028, "imp": 0}}, {"type": "Feature", "geometry": {"type": "Point", "coordinates": [-49.624264, -10.794122]}, "properties": {"i": 138, "mun": 73385, "ibge": 1711902, "z": 13, "l": 1031, "nm": "COLEGIO MUNICIPAL PEDRO GUERRA", "nm_mun": "LAGOA DA CONFUSÃO", "aptos": 2059, "imp": 0}}, {"type": "Feature", "geometry": {"type": "Point", "coordinates": [-49.873632, -11.173007]}, "properties": {"i": 139, "mun": 73385, "ibge": 1711902, "z": 13, "l": 1040, "nm": "ESCOLA MUNICIPAL ASSENTAMENTO LOROTY", "nm_mun": "LAGOA DA CONFUSÃO", "aptos": 883, "imp": 0}}, {"type": "Feature", "geometry": {"type": "Point", "coordinates": [-50.667485, -11.576724]}, "properties": {"i": 140, "mun": 73385, "ibge": 1711902, "z": 13, "l": 1058, "nm": "ESCOLA ESTADUAL INDÍGENA MALUA", "nm_mun": "LAGOA DA CONFUSÃO", "aptos": 572, "imp": 0}}, {"type": "Feature", "geometry": {"type": "Point", "coordinates": [-50.69813, -11.342823]}, "properties": {"i": 141, "mun": 73385, "ibge": 1711902, "z": 13, "l": 1066, "nm": "ESCOLA ESTADUAL INDÍGENA KUMANA", "nm_mun": "LAGOA DA CONFUSÃO", "aptos": 432, "imp": 0}}, {"type": "Feature", "geometry": {"type": "Point", "coordinates": [-49.615966, -10.781658]}, "properties": {"i": 142, "mun": 73385, "ibge": 1711902, "z": 13, "l": 1074, "nm": "ESCOLA MUNICIPAL DONA JÚLIA PELEGRIN", "nm_mun": "LAGOA DA CONFUSÃO", "aptos": 2575, "imp": 0}}, {"type": "Feature", "geometry": {"type": "Point", "coordinates": [-49.960556, -10.567987]}, "properties": {"i": 143, "mun": 73385, "ibge": 1711902, "z": 13, "l": 1090, "nm": "ESCOLA INDÍGENA INY WEBOHONA", "nm_mun": "LAGOA DA CONFUSÃO", "aptos": 125, "imp": 0}}, {"type": "Feature", "geometry": {"type": "Point", "coordinates": [-46.943347, -12.933372]}, "properties": {"i": 144, "mun": 73385, "ibge": 1711902, "z": 13, "l": 1104, "nm": "IFTO - INSTITUTO FEDERAL DE EDUCAÇÃO CIÊNCIA E TECNOLOGIA DO TOCANTINS", "nm_mun": "LAGOA DA CONFUSÃO", "aptos": 559, "imp": 1}}, {"type": "Feature", "geometry": {"type": "Point", "coordinates": [-48.238004, -12.747499]}, "properties": {"i": 145, "mun": 73393, "ibge": 1720259, "z": 18, "l": 1015, "nm": "COLÉGIO ESTADUAL PORTO DO RIO MARANHÃO", "nm_mun": "SÃO SALVADOR DO TOCANTINS", "aptos": 1216, "imp": 0}}, {"type": "Feature", "geometry": {"type": "Point", "coordinates": [-48.283647, -12.610357]}, "properties": {"i": 146, "mun": 73393, "ibge": 1720259, "z": 18, "l": 1023, "nm": "COLÉGIO ESTADUAL RETIRO", "nm_mun": "SÃO SALVADOR DO TOCANTINS", "aptos": 915, "imp": 0}}, {"type": "Feature", "geometry": {"type": "Point", "coordinates": [-48.239699, -12.747834]}, "properties": {"i": 147, "mun": 73393, "ibge": 1720259, "z": 18, "l": 1090, "nm": "COLÉGIO MUNICIPAL BRASIL PARA TODOS", "nm_mun": "SÃO SALVADOR DO TOCANTINS", "aptos": 584, "imp": 0}}, {"type": "Feature", "geometry": {"type": "Point", "coordinates": [-48.356253, -9.752601]}, "properties": {"i": 148, "mun": 73407, "ibge": 1712009, "z": 5, "l": 1015, "nm": "ESCOLA MUN. SEBASTIÃO DE SALES MONTEIRO", "nm_mun": "LAJEADO", "aptos": 1323, "imp": 0}}, {"type": "Feature", "geometry": {"type": "Point", "coordinates": [-48.358215, -9.753452]}, "properties": {"i": 149, "mun": 73407, "ibge": 1712009, "z": 5, "l": 1023, "nm": "COL. EST. NOSSA SENHORA DA PROVIDENCIA", "nm_mun": "LAJEADO", "aptos": 795, "imp": 0}}, {"type": "Feature", "geometry": {"type": "Point", "coordinates": [-48.266094, -9.926735]}, "properties": {"i": 150, "mun": 73407, "ibge": 1712009, "z": 5, "l": 1031, "nm": "ESC. MUN. JK (POV. PEDREIRA)", "nm_mun": "LAJEADO", "aptos": 560, "imp": 0}}, {"type": "Feature", "geometry": {"type": "Point", "coordinates": [-48.359381, -9.759737]}, "properties": {"i": 151, "mun": 73407, "ibge": 1712009, "z": 5, "l": 1040, "nm": "COLÉGIO NATIVIDADE", "nm_mun": "LAJEADO", "aptos": 837, "imp": 0}}, {"type": "Feature", "geometry": {"type": "Point", "coordinates": [-48.5348, -9.34132]}, "properties": {"i": 152, "mun": 73415, "ibge": 1718709, "z": 28, "l": 1015, "nm": "ESCOLA ESTADUAL VALDECY PINHEIRO", "nm_mun": "RIO DOS BOIS", "aptos": 1725, "imp": 0}}, {"type": "Feature", "geometry": {"type": "Point", "coordinates": [-48.538042, -9.344302]}, "properties": {"i": 153, "mun": 73415, "ibge": 1718709, "z": 28, "l": 1023, "nm": "ESCOLA MUNICIPAL ILANNA TAVARES DA COSTA", "nm_mun": "RIO DOS BOIS", "aptos": 942, "imp": 0}}, {"type": "Feature", "geometry": {"type": "Point", "coordinates": [-48.039272, -5.319]}, "properties": {"i": 154, "mun": 73423, "ibge": 1703891, "z": 21, "l": 1015, "nm": "ESCOLA MUNICIPAL ALINE MARTINS DE SOUSA", "nm_mun": "CARRASCO BONITO", "aptos": 744, "imp": 0}}, {"type": "Feature", "geometry": {"type": "Point", "coordinates": [-48.007197, -5.406943]}, "properties": {"i": 155, "mun": 73423, "ibge": 1703891, "z": 21, "l": 1023, "nm": "ESCOLA ESTADUAL INÊS VIANA COSTA", "nm_mun": "CARRASCO BONITO", "aptos": 660, "imp": 0}}, {"type": "Feature", "geometry": {"type": "Point", "coordinates": [-48.035205, -5.323408]}, "properties": {"i": 156, "mun": 73423, "ibge": 1703891, "z": 21, "l": 1031, "nm": "ESCOLA ESTADUAL CÍCERO GOMES DE JESUS", "nm_mun": "CARRASCO BONITO", "aptos": 1215, "imp": 0}}, {"type": "Feature", "geometry": {"type": "Point", "coordinates": [-47.999633, -5.410898]}, "properties": {"i": 157, "mun": 73423, "ibge": 1703891, "z": 21, "l": 1040, "nm": "ESCOLA MUNICIPAL JOÃO FIRMINO SANTOS", "nm_mun": "CARRASCO BONITO", "aptos": 385, "imp": 0}}, {"type": "Feature", "geometry": {"type": "Point", "coordinates": [-48.051593, -5.384155]}, "properties": {"i": 158, "mun": 73423, "ibge": 1703891, "z": 21, "l": 1058, "nm": "ESCOLA MUNICIPAL JOÃO DEMETIL TOBIAS", "nm_mun": "CARRASCO BONITO", "aptos": 566, "imp": 0}}, {"type": "Feature", "geometry": {"type": "Point", "coordinates": [-46.885317, -11.396587]}, "properties": {"i": 159, "mun": 73431, "ibge": 1718659, "z": 25, "l": 1015, "nm": "ESCOLA ESTADUAL VIRGILIO FERREIRA DE FRANCA", "nm_mun": "RIO DA CONCEIÇÃO", "aptos": 1185, "imp": 0}}, {"type": "Feature", "geometry": {"type": "Point", "coordinates": [-46.883007, -11.401062]}, "properties": {"i": 160, "mun": 73431, "ibge": 1718659, "z": 25, "l": 1023, "nm": "ESCOLA MUNICIPAL PROFESSOR AURELINO RODRIGUES DE ARAÚJO", "nm_mun": "RIO DA CONCEIÇÃO", "aptos": 960, "imp": 0}}, {"type": "Feature", "geometry": {"type": "Point", "coordinates": [-48.324365, -10.187533]}, "properties": {"i": 161, "mun": 73440, "ibge": 1721000, "z": 29, "l": 1015, "nm": "COLÉGIO ESTADUAL FREDERICO PEDREIRA NETO", "nm_mun": "PALMAS", "aptos": 3274, "imp": 0}}, {"type": "Feature", "geometry": {"type": "Point", "coordinates": [-48.298772, -10.317913]}, "properties": {"i": 162, "mun": 73440, "ibge": 1721000, "z": 29, "l": 1023, "nm": "CENTRO DE ENSINO MÉDIO SANTA RITA DE CÁSSIA", "nm_mun": "PALMAS", "aptos": 5011, "imp": 0}}, {"type": "Feature", "geometry": {"type": "Point", "coordinates": [-48.301696, -10.327585]}, "properties": {"i": 163, "mun": 73440, "ibge": 1721000, "z": 29, "l": 1058, "nm": "ESCOLA MUNICIPAL THIAGO BARBOSA", "nm_mun": "PALMAS", "aptos": 3528, "imp": 0}}, {"type": "Feature", "geometry": {"type": "Point", "coordinates": [-48.154188, -10.320686]}, "properties": {"i": 164, "mun": 73440, "ibge": 1721000, "z": 29, "l": 1082, "nm": "COLÉGIO ESTADUAL DUQUE DE CAXIAS", "nm_mun": "PALMAS", "aptos": 2552, "imp": 0}}, {"type": "Feature", "geometry": {"type": "Point", "coordinates": [-47.888196, -10.252194]}, "properties": {"i": 165, "mun": 73440, "ibge": 1721000, "z": 29, "l": 1104, "nm": "ESCOLA MUNICIPAL DE TEMPO INTEGRAL LUIZ NUNES DE OLIVEIRA", "nm_mun": "PALMAS", "aptos": 1004, "imp": 0}}, {"type": "Feature", "geometry": {"type": "Point", "coordinates": [-48.290913, -10.350367]}, "properties": {"i": 166, "mun": 73440, "ibge": 1721000, "z": 29, "l": 1112, "nm": "ESCOLA MUNICIPAL BENEDITA GALVÃO", "nm_mun": "PALMAS", "aptos": 3101, "imp": 0}}, {"type": "Feature", "geometry": {"type": "Point", "coordinates": [-48.31897, -10.314773]}, "properties": {"i": 167, "mun": 73440, "ibge": 1721000, "z": 29, "l": 1120, "nm": "ESCOLA MUNICIPAL ESTEVÃO CASTRO", "nm_mun": "PALMAS", "aptos": 3331, "imp": 0}}, {"type": "Feature", "geometry": {"type": "Point", "coordinates": [-48.15423, -10.316579]}, "properties": {"i": 168, "mun": 73440, "ibge": 1721000, "z": 29, "l": 1139, "nm": "ESCOLA MUNICIPAL CRISPIM PEREIRA ALENCAR", "nm_mun": "PALMAS", "aptos": 1807, "imp": 0}}, {"type": "Feature", "geometry": {"type": "Point", "coordinates": [-48.318954, -10.195303]}, "properties": {"i": 169, "mun": 73440, "ibge": 1721000, "z": 29, "l": 1147, "nm": "COLÉGIO ESTADUAL DOM ALANO MARIE DU NODAY", "nm_mun": "PALMAS", "aptos": 3163, "imp": 0}}, {"type": "Feature", "geometry": {"type": "Point", "coordinates": [-48.314576, -10.310996]}, "properties": {"i": 170, "mun": 73440, "ibge": 1721000, "z": 29, "l": 1155, "nm": "ESCOLA ESTADUAL LIBERDADE", "nm_mun": "PALMAS", "aptos": 3487, "imp": 0}}, {"type": "Feature", "geometry": {"type": "Point", "coordinates": [-48.300764, -10.306058]}, "properties": {"i": 171, "mun": 73440, "ibge": 1721000, "z": 29, "l": 1163, "nm": "ESCOLA ESTADUAL NOVO HORIZONTE", "nm_mun": "PALMAS", "aptos": 4204, "imp": 0}}, {"type": "Feature", "geometry": {"type": "Point", "coordinates": [-48.339809, -10.168872]}, "properties": {"i": 172, "mun": 73440, "ibge": 1721000, "z": 29, "l": 1171, "nm": "COLÉGIO ESTADUAL CRIANÇA ESPERANÇA", "nm_mun": "PALMAS", "aptos": 3246, "imp": 0}}, {"type": "Feature", "geometry": {"type": "Point", "coordinates": [-48.347771, -10.16535]}, "properties": {"i": 173, "mun": 73440, "ibge": 1721000, "z": 29, "l": 1180, "nm": "ESCOLA ESTADUAL VILA UNIÃO", "nm_mun": "PALMAS", "aptos": 2754, "imp": 0}}, {"type": "Feature", "geometry": {"type": "Point", "coordinates": [-48.321505, -10.232923]}, "properties": {"i": 174, "mun": 73440, "ibge": 1721000, "z": 29, "l": 1198, "nm": "CENTRO DE ENSINO MÉDIO TIRADENTES", "nm_mun": "PALMAS", "aptos": 3736, "imp": 0}}, {"type": "Feature", "geometry": {"type": "Point", "coordinates": [-48.295648, -10.325269]}, "properties": {"i": 175, "mun": 73440, "ibge": 1721000, "z": 29, "l": 1201, "nm": "ESCOLA ESTADUAL SANTA FÉ", "nm_mun": "PALMAS", "aptos": 2061, "imp": 0}}, {"type": "Feature", "geometry": {"type": "Point", "coordinates": [-48.284396, -10.334325]}, "properties": {"i": 176, "mun": 73440, "ibge": 1721000, "z": 29, "l": 1210, "nm": "ESCOLA ESTADUAL VALE DO SOL", "nm_mun": "PALMAS", "aptos": 2219, "imp": 0}}, {"type": "Feature", "geometry": {"type": "Point", "coordinates": [-48.31734, -10.177077]}, "properties": {"i": 177, "mun": 73440, "ibge": 1721000, "z": 29, "l": 1228, "nm": "COLEGIO MILITAR DO ESTADO DO TOCANTINS - SENADOR ANTONIO LUIZ MAYA", "nm_mun": "PALMAS", "aptos": 3783, "imp": 0}}, {"type": "Feature", "geometry": {"type": "Point", "coordinates": [-48.314783, -10.18346]}, "properties": {"i": 178, "mun": 73440, "ibge": 1721000, "z": 29, "l": 1244, "nm": "COLÉGIO PRESBITERIANO MACKENZIE PALMAS", "nm_mun": "PALMAS", "aptos": 4613, "imp": 0}}, {"type": "Feature", "geometry": {"type": "Point", "coordinates": [-48.321593, -10.252958]}, "properties": {"i": 179, "mun": 73440, "ibge": 1721000, "z": 29, "l": 1252, "nm": "COLÉGIO  ESTADUAL SÃO JOSÉ", "nm_mun": "PALMAS", "aptos": 3967, "imp": 0}}, {"type": "Feature", "geometry": {"type": "Point", "coordinates": [-48.327882, -10.15663]}, "properties": {"i": 180, "mun": 73440, "ibge": 1721000, "z": 29, "l": 1260, "nm": "ESCOLA MUNICIPAL LUIZ GONZAGA", "nm_mun": "PALMAS", "aptos": 2549, "imp": 0}}, {"type": "Feature", "geometry": {"type": "Point", "coordinates": [-48.330412, -10.205977]}, "properties": {"i": 181, "mun": 73440, "ibge": 1721000, "z": 29, "l": 1279, "nm": "MAPLE BEAR PALMAS", "nm_mun": "PALMAS", "aptos": 3139, "imp": 0}}, {"type": "Feature", "geometry": {"type": "Point", "coordinates": [-48.320666, -10.224516]}, "properties": {"i": 182, "mun": 73440, "ibge": 1721000, "z": 29, "l": 1287, "nm": "ESCOLA MUNICIPAL DE TEMPO INTEGRAL VINÍCIUS DE MORAES", "nm_mun": "PALMAS", "aptos": 3809, "imp": 0}}, {"type": "Feature", "geometry": {"type": "Point", "coordinates": [-48.32672, -10.239996]}, "properties": {"i": 183, "mun": 73440, "ibge": 1721000, "z": 29, "l": 1295, "nm": "ESCOLA MUNICIPAL DARCY RIBEIRO", "nm_mun": "PALMAS", "aptos": 2755, "imp": 0}}, {"type": "Feature", "geometry": {"type": "Point", "coordinates": [-48.327517, -10.245838]}, "properties": {"i": 184, "mun": 73440, "ibge": 1721000, "z": 29, "l": 1309, "nm": "ESCOLA MUNICIPAL DEGRAUS DO SABER", "nm_mun": "PALMAS", "aptos": 1737, "imp": 0}}, {"type": "Feature", "geometry": {"type": "Point", "coordinates": [-48.321148, -10.257043]}, "properties": {"i": 185, "mun": 73440, "ibge": 1721000, "z": 29, "l": 1317, "nm": "ESCOLA MUNICIPAL ANTÔNIO CARLOS JOBIM", "nm_mun": "PALMAS", "aptos": 3462, "imp": 0}}, {"type": "Feature", "geometry": {"type": "Point", "coordinates": [-48.348466, -10.161156]}, "properties": {"i": 186, "mun": 73440, "ibge": 1721000, "z": 29, "l": 1325, "nm": "ESCOLA MUNICIPAL PASTOR PAULO LEIVAS MACALÃO", "nm_mun": "PALMAS", "aptos": 2531, "imp": 0}}, {"type": "Feature", "geometry": {"type": "Point", "coordinates": [-48.344344, -10.167491]}, "properties": {"i": 187, "mun": 73440, "ibge": 1721000, "z": 29, "l": 1333, "nm": "ESCOLA MUNICIPAL PAULO FREIRE", "nm_mun": "PALMAS", "aptos": 3046, "imp": 0}}, {"type": "Feature", "geometry": {"type": "Point", "coordinates": [-48.338778, -10.16368]}, "properties": {"i": 188, "mun": 73440, "ibge": 1721000, "z": 29, "l": 1341, "nm": "CMEI PEQUENOS BRILHANTES", "nm_mun": "PALMAS", "aptos": 1715, "imp": 0}}, {"type": "Feature", "geometry": {"type": "Point", "coordinates": [-48.32211, -10.168733]}, "properties": {"i": 189, "mun": 73440, "ibge": 1721000, "z": 29, "l": 1350, "nm": "ESCOLA MUNICIPAL DE TEMPO INTEGRAL MONSENHOR PEDRO PEREIRA PIAGEM", "nm_mun": "PALMAS", "aptos": 3568, "imp": 0}}, {"type": "Feature", "geometry": {"type": "Point", "coordinates": [-48.326376, -10.153111]}, "properties": {"i": 190, "mun": 73440, "ibge": 1721000, "z": 29, "l": 1368, "nm": "ESCOLA MUNICIPAL DE TEMPO INTEGRAL CORA CORALINA", "nm_mun": "PALMAS", "aptos": 3777, "imp": 0}}, {"type": "Feature", "geometry": {"type": "Point", "coordinates": [-48.311041, -10.179434]}, "properties": {"i": 191, "mun": 73440, "ibge": 1721000, "z": 29, "l": 1376, "nm": "ESCOLA MUNICIPAL ANNE FRANK", "nm_mun": "PALMAS", "aptos": 1880, "imp": 0}}, {"type": "Feature", "geometry": {"type": "Point", "coordinates": [-48.310396, -10.194241]}, "properties": {"i": 192, "mun": 73440, "ibge": 1721000, "z": 29, "l": 1384, "nm": "ESCOLA MUNICIPAL HENRIQUE TALONE PINHEIRO", "nm_mun": "PALMAS", "aptos": 2178, "imp": 0}}, {"type": "Feature", "geometry": {"type": "Point", "coordinates": [-48.342281, -10.218813]}, "properties": {"i": 193, "mun": 73440, "ibge": 1721000, "z": 29, "l": 1392, "nm": "ESCOLA MUNICIPAL DE TEMPO INTEGRAL OLGA BENÁRIO", "nm_mun": "PALMAS", "aptos": 3524, "imp": 0}}, {"type": "Feature", "geometry": {"type": "Point", "coordinates": [-48.319029, -10.322281]}, "properties": {"i": 194, "mun": 73440, "ibge": 1721000, "z": 29, "l": 1406, "nm": "ESCOLA MUNICIPAL ROSEMIR FERNANDES DE SOUZA", "nm_mun": "PALMAS", "aptos": 3300, "imp": 0}}, {"type": "Feature", "geometry": {"type": "Point", "coordinates": [-48.301752, -10.317398]}, "properties": {"i": 195, "mun": 73440, "ibge": 1721000, "z": 29, "l": 1414, "nm": "ESCOLA MUNICIPAL AURÉLIO BUARQUE DE HOLANDA", "nm_mun": "PALMAS", "aptos": 3022, "imp": 0}}, {"type": "Feature", "geometry": {"type": "Point", "coordinates": [-48.313135, -10.191022]}, "properties": {"i": 196, "mun": 73440, "ibge": 1721000, "z": 29, "l": 1422, "nm": "COLÉGIO MARISTA DE PALMAS", "nm_mun": "PALMAS", "aptos": 4197, "imp": 0}}, {"type": "Feature", "geometry": {"type": "Point", "coordinates": [-48.297884, -10.333093]}, "properties": {"i": 197, "mun": 73440, "ibge": 1721000, "z": 29, "l": 1430, "nm": "ESCOLA MUNICIPAL JORGE AMADO", "nm_mun": "PALMAS", "aptos": 2924, "imp": 0}}, {"type": "Feature", "geometry": {"type": "Point", "coordinates": [-48.296217, -10.341613]}, "properties": {"i": 198, "mun": 73440, "ibge": 1721000, "z": 29, "l": 1449, "nm": "ESCOLA ESTADUAL SETOR SUL", "nm_mun": "PALMAS", "aptos": 2811, "imp": 0}}, {"type": "Feature", "geometry": {"type": "Point", "coordinates": [-48.331982, -10.208699]}, "properties": {"i": 199, "mun": 73440, "ibge": 1721000, "z": 29, "l": 1465, "nm": "UNOPAR - UNIVERSIDADE NORTE DO PARANÁ", "nm_mun": "PALMAS", "aptos": 3739, "imp": 0}}, {"type": "Feature", "geometry": {"type": "Point", "coordinates": [-48.310569, -10.18251]}, "properties": {"i": 200, "mun": 73440, "ibge": 1721000, "z": 29, "l": 1481, "nm": "COLÉGIO MADRE CLÉLIA MERLONI", "nm_mun": "PALMAS", "aptos": 2518, "imp": 0}}, {"type": "Feature", "geometry": {"type": "Point", "coordinates": [-48.345225, -10.164873]}, "properties": {"i": 201, "mun": 73440, "ibge": 1721000, "z": 29, "l": 1511, "nm": "CENTRO DE ENSINO MÉDIO CASTRO ALVES", "nm_mun": "PALMAS", "aptos": 3232, "imp": 0}}, {"type": "Feature", "geometry": {"type": "Point", "coordinates": [-48.320366, -10.245089]}, "properties": {"i": 202, "mun": 73440, "ibge": 1721000, "z": 29, "l": 1520, "nm": "ESCOLA MUNICIPAL MONTEIRO LOBATO", "nm_mun": "PALMAS", "aptos": 3469, "imp": 0}}, {"type": "Feature", "geometry": {"type": "Point", "coordinates": [-48.188019, -10.35839]}, "properties": {"i": 203, "mun": 73440, "ibge": 1721000, "z": 29, "l": 1554, "nm": "ESCOLA MUNICIPAL DE TEMPO INTEGRAL MARCOS FREIRE", "nm_mun": "PALMAS", "aptos": 425, "imp": 0}}, {"type": "Feature", "geometry": {"type": "Point", "coordinates": [-48.292832, -10.334488]}, "properties": {"i": 204, "mun": 73440, "ibge": 1721000, "z": 29, "l": 1570, "nm": "CENTRO DE ENSINO MÉDIO DE TAQUARALTO", "nm_mun": "PALMAS", "aptos": 4105, "imp": 0}}, {"type": "Feature", "geometry": {"type": "Point", "coordinates": [-48.325277, -10.249847]}, "properties": {"i": 205, "mun": 73440, "ibge": 1721000, "z": 29, "l": 1660, "nm": "CENTRO MUNICIPAL DE EDUCAÇÃO INFANTIL SONHO ENCANTADO", "nm_mun": "PALMAS", "aptos": 1727, "imp": 0}}, {"type": "Feature", "geometry": {"type": "Point", "coordinates": [-48.321071, -10.229117]}, "properties": {"i": 206, "mun": 73440, "ibge": 1721000, "z": 29, "l": 1694, "nm": "COLÉGIO ALBERT EINSTEIN", "nm_mun": "PALMAS", "aptos": 2519, "imp": 0}}, {"type": "Feature", "geometry": {"type": "Point", "coordinates": [-48.345076, -10.155375]}, "properties": {"i": 207, "mun": 73440, "ibge": 1721000, "z": 29, "l": 1724, "nm": "ESCOLA MUNICIPAL MESTRE PACÍFICO SIQUEIRA CAMPOS", "nm_mun": "PALMAS", "aptos": 2408, "imp": 0}}, {"type": "Feature", "geometry": {"type": "Point", "coordinates": [-48.311387, -10.195208]}, "properties": {"i": 208, "mun": 73440, "ibge": 1721000, "z": 29, "l": 1759, "nm": "ESCOLA ADVENTISTA DE PALMAS", "nm_mun": "PALMAS", "aptos": 1469, "imp": 0}}, {"type": "Feature", "geometry": {"type": "Point", "coordinates": [-48.312084, -10.198365]}, "properties": {"i": 209, "mun": 73440, "ibge": 1721000, "z": 29, "l": 1767, "nm": "IFTO - INSTITUTO FEDERAL DE EDUCAÇÃO CIÊNCIA E TECNOLOGIA DO TOCANTINS", "nm_mun": "PALMAS", "aptos": 5285, "imp": 0}}, {"type": "Feature", "geometry": {"type": "Point", "coordinates": [-48.326996, -10.227137]}, "properties": {"i": 210, "mun": 73440, "ibge": 1721000, "z": 29, "l": 1783, "nm": "COLÉGIO BATISTA DE PALMAS", "nm_mun": "PALMAS", "aptos": 2083, "imp": 0}}, {"type": "Feature", "geometry": {"type": "Point", "coordinates": [-48.308365, -10.165315]}, "properties": {"i": 211, "mun": 73440, "ibge": 1721000, "z": 29, "l": 1791, "nm": "ESCOLA MUNICIPAL DE TEMPO INTEGRAL DANIEL BATISTA", "nm_mun": "PALMAS", "aptos": 3034, "imp": 0}}, {"type": "Feature", "geometry": {"type": "Point", "coordinates": [-48.321805, -10.324176]}, "properties": {"i": 212, "mun": 73440, "ibge": 1721000, "z": 29, "l": 1813, "nm": "ESCOLA MUNICIPAL MARIA JULIA AMORIM SOARES RODRIGUES", "nm_mun": "PALMAS", "aptos": 3357, "imp": 0}}, {"type": "Feature", "geometry": {"type": "Point", "coordinates": [-48.305321, -10.337882]}, "properties": {"i": 213, "mun": 73440, "ibge": 1721000, "z": 29, "l": 1848, "nm": "ESCOLA MUNICIPAL DE TEMPO INTEGRAL SANTA BÁRBARA", "nm_mun": "PALMAS", "aptos": 4206, "imp": 0}}, {"type": "Feature", "geometry": {"type": "Point", "coordinates": [-48.286937, -10.342044]}, "properties": {"i": 214, "mun": 73440, "ibge": 1721000, "z": 29, "l": 1856, "nm": "ESCOLA MUNICIPAL MARIA ROSA DE CASTRO SALES", "nm_mun": "PALMAS", "aptos": 2829, "imp": 0}}, {"type": "Feature", "geometry": {"type": "Point", "coordinates": [-48.318393, -10.183972]}, "properties": {"i": 215, "mun": 73440, "ibge": 1721000, "z": 29, "l": 1864, "nm": "CENTRO EDUCACIONAL SÃO FRANCISCO DE ASSIS", "nm_mun": "PALMAS", "aptos": 2535, "imp": 0}}, {"type": "Feature", "geometry": {"type": "Point", "coordinates": [-48.340309, -10.162786]}, "properties": {"i": 216, "mun": 73440, "ibge": 1721000, "z": 29, "l": 1970, "nm": "ESCOLA MUNICIPAL BEATRIZ RODRIGUES DA SILVA", "nm_mun": "PALMAS", "aptos": 2714, "imp": 0}}, {"type": "Feature", "geometry": {"type": "Point", "coordinates": [-48.340273, -10.251739]}, "properties": {"i": 217, "mun": 73440, "ibge": 1721000, "z": 29, "l": 1988, "nm": "ESCOLA MUNICIPAL ANTONIO GONÇALVES DE CARVALHO FILHO", "nm_mun": "PALMAS", "aptos": 3360, "imp": 0}}, {"type": "Feature", "geometry": {"type": "Point", "coordinates": [-48.221726, -10.243638]}, "properties": {"i": 218, "mun": 73440, "ibge": 1721000, "z": 29, "l": 1996, "nm": "EMTI - PROFESSOR FIDÊNCIO BOGO", "nm_mun": "PALMAS", "aptos": 1024, "imp": 0}}, {"type": "Feature", "geometry": {"type": "Point", "coordinates": [-48.335081, -10.170887]}, "properties": {"i": 219, "mun": 73440, "ibge": 1721000, "z": 29, "l": 2011, "nm": "ESCOLA MUNICIPAL DE TEMPO INTEGRAL PADRE JOSIMO TAVARES", "nm_mun": "PALMAS", "aptos": 2449, "imp": 0}}, {"type": "Feature", "geometry": {"type": "Point", "coordinates": [-48.338523, -10.345249]}, "properties": {"i": 220, "mun": 73440, "ibge": 1721000, "z": 29, "l": 2020, "nm": "ESCOLA ESTADUAL MARIA DOS REIS ALVES BARROS", "nm_mun": "PALMAS", "aptos": 4197, "imp": 0}}, {"type": "Feature", "geometry": {"type": "Point", "coordinates": [-48.324595, -10.256351]}, "properties": {"i": 221, "mun": 73440, "ibge": 1721000, "z": 29, "l": 2038, "nm": "ESCOLA MUNICIPAL PROFESSORA FRANCISCA BRANDÃO RAMALHO", "nm_mun": "PALMAS", "aptos": 2849, "imp": 0}}, {"type": "Feature", "geometry": {"type": "Point", "coordinates": [-48.320867, -10.31274]}, "properties": {"i": 222, "mun": 73440, "ibge": 1721000, "z": 29, "l": 2046, "nm": "ESCOLA MUNICIPAL DE TEMPO INTEGRAL EURÍDICE FERREIRA DE MELLO", "nm_mun": "PALMAS", "aptos": 4038, "imp": 0}}, {"type": "Feature", "geometry": {"type": "Point", "coordinates": [-48.28749, -10.332261]}, "properties": {"i": 223, "mun": 73440, "ibge": 1721000, "z": 29, "l": 2097, "nm": "ESCOLA MUNICIPAL DE TEMPO INTEGRAL CAROLINE CAMPELO CRUZ DA SILVA", "nm_mun": "PALMAS", "aptos": 2243, "imp": 0}}, {"type": "Feature", "geometry": {"type": "Point", "coordinates": [-48.303916, -10.301802]}, "properties": {"i": 224, "mun": 73440, "ibge": 1721000, "z": 29, "l": 2119, "nm": "ESCOLA MUNICIPAL MARIA VERÔNICA ALVES DE SOUSA", "nm_mun": "PALMAS", "aptos": 1959, "imp": 0}}, {"type": "Feature", "geometry": {"type": "Point", "coordinates": [-48.294883, -10.351733]}, "properties": {"i": 225, "mun": 73440, "ibge": 1721000, "z": 29, "l": 2127, "nm": "ESCOLA MUNICIPAL SÁVIA FERNANDES JÁCOME", "nm_mun": "PALMAS", "aptos": 1340, "imp": 0}}, {"type": "Feature", "geometry": {"type": "Point", "coordinates": [-48.340629, -10.342452]}, "properties": {"i": 226, "mun": 73440, "ibge": 1721000, "z": 29, "l": 2135, "nm": "ESCOLA MUNICIPAL LÚCIA SALES PEREIRA RAMOS", "nm_mun": "PALMAS", "aptos": 2055, "imp": 0}}, {"type": "Feature", "geometry": {"type": "Point", "coordinates": [-48.336312, -10.207231]}, "properties": {"i": 227, "mun": 73440, "ibge": 1721000, "z": 29, "l": 2194, "nm": "ETI ESTADUAL PROFESSORA ELIZÂNGELA GLÓRIA CARDOSO", "nm_mun": "PALMAS", "aptos": 5260, "imp": 0}}, {"type": "Feature", "geometry": {"type": "Point", "coordinates": [-48.323492, -10.26723]}, "properties": {"i": 228, "mun": 73440, "ibge": 1721000, "z": 29, "l": 2216, "nm": "EMTI - COLÉGIO FORÇAS NO ESPORTE ALMIRANTE TAMANDARÉ", "nm_mun": "PALMAS", "aptos": 3363, "imp": 0}}, {"type": "Feature", "geometry": {"type": "Point", "coordinates": [-48.314292, -10.295979]}, "properties": {"i": 229, "mun": 73440, "ibge": 1721000, "z": 29, "l": 2224, "nm": "EMTI - ANÍSIO SPÍNOLA TEIXEIRA", "nm_mun": "PALMAS", "aptos": 3924, "imp": 0}}, {"type": "Feature", "geometry": {"type": "Point", "coordinates": [-48.319969, -10.331116]}, "properties": {"i": 230, "mun": 73440, "ibge": 1721000, "z": 29, "l": 2232, "nm": "EMTI - LUIZ RODRIGUES MONTEIRO", "nm_mun": "PALMAS", "aptos": 872, "imp": 1}}, {"type": "Feature", "geometry": {"type": "Point", "coordinates": [-48.319969, -10.331116]}, "properties": {"i": 231, "mun": 73440, "ibge": 1721000, "z": 29, "l": 2240, "nm": "CEMIL - PROFESSORA MARGARIDA LEMOS GONÇALVES", "nm_mun": "PALMAS", "aptos": 1385, "imp": 0}}, {"type": "Feature", "geometry": {"type": "Point", "coordinates": [-48.224425, -7.199165]}, "properties": {"i": 232, "mun": 73440, "ibge": 1721000, "z": 29, "l": 2259, "nm": "FACULDADE CATÓLICA DO TOCANTINS", "nm_mun": "PALMAS", "aptos": 1015, "imp": 1}}, {"type": "Feature", "geometry": {"type": "Point", "coordinates": [-48.319969, -10.331116]}, "properties": {"i": 233, "mun": 73440, "ibge": 1721000, "z": 29, "l": 2267, "nm": "COLÉGIO ESTADUAL GIRASSOL DE TEMPO INTEGRAL RACHEL DE QUEIROZ", "nm_mun": "PALMAS", "aptos": 1514, "imp": 1}}, {"type": "Feature", "geometry": {"type": "Point", "coordinates": [-48.192192, -7.132242]}, "properties": {"i": 234, "mun": 73440, "ibge": 1721000, "z": 29, "l": 2283, "nm": "CENTRO MUNICIPAL DE EDUCAÇÃO INFANTIL FONTES DO SABER", "nm_mun": "PALMAS", "aptos": 1763, "imp": 1}}, {"type": "Feature", "geometry": {"type": "Point", "coordinates": [-48.193132, -7.188668]}, "properties": {"i": 235, "mun": 73440, "ibge": 1721000, "z": 29, "l": 2291, "nm": "CENTRO MUNICIPAL DE EDUCAÇÃO INFANTIL IRMÃ MARIA CUSTÓDIA DE JESUS", "nm_mun": "PALMAS", "aptos": 211, "imp": 1}}, {"type": "Feature", "geometry": {"type": "Point", "coordinates": [-48.192192, -7.132242]}, "properties": {"i": 236, "mun": 73440, "ibge": 1721000, "z": 29, "l": 2305, "nm": "CMEI VITÓRIA-RÉGIA", "nm_mun": "PALMAS", "aptos": 369, "imp": 1}}, {"type": "Feature", "geometry": {"type": "Point", "coordinates": [-48.894558, -10.202314]}, "properties": {"i": 237, "mun": 73440, "ibge": 1721000, "z": 29, "l": 2313, "nm": "CENTRO MUNICIPAL DE EDUCACAO INFANTIL SITIO DO PICA-PAU AMARELO", "nm_mun": "PALMAS", "aptos": 429, "imp": 1}}, {"type": "Feature", "geometry": {"type": "Point", "coordinates": [-48.22364, -7.228875]}, "properties": {"i": 238, "mun": 73440, "ibge": 1721000, "z": 29, "l": 2321, "nm": "CENTRO MUNICIPAL DE EDUCACAO INFANTIL SONHO DE CRIANCA", "nm_mun": "PALMAS", "aptos": 424, "imp": 1}}, {"type": "Feature", "geometry": {"type": "Point", "coordinates": [-48.224425, -7.199165]}, "properties": {"i": 239, "mun": 73440, "ibge": 1721000, "z": 29, "l": 2330, "nm": "CENTRO MUNICIPAL DE EDUCACAO INFANTIL SEMENTINHAS DO SABER", "nm_mun": "PALMAS", "aptos": 135, "imp": 1}}, {"type": "Feature", "geometry": {"type": "Point", "coordinates": [-48.192192, -7.132242]}, "properties": {"i": 240, "mun": 73440, "ibge": 1721000, "z": 29, "l": 2348, "nm": "CENTRO MUNICIPAL DE EDUCACAO INFANTIL CANTINHO DA ALEGRIA", "nm_mun": "PALMAS", "aptos": 763, "imp": 1}}, {"type": "Feature", "geometry": {"type": "Point", "coordinates": [-48.323492, -10.26723]}, "properties": {"i": 241, "mun": 73440, "ibge": 1721000, "z": 29, "l": 2356, "nm": "INSTITUTO PRESBITERIANO EDUCACIONAL E SOCIAL - IPES", "nm_mun": "PALMAS", "aptos": 1199, "imp": 1}}, {"type": "Feature", "geometry": {"type": "Point", "coordinates": [-48.398606, -10.692158]}, "properties": {"i": 242, "mun": 73440, "ibge": 1721000, "z": 29, "l": 2429, "nm": "UNIVERSIDADE DO ESTADO DO TOCANTINS - UNITINS", "nm_mun": "PALMAS", "aptos": 636, "imp": 1}}, {"type": "Feature", "geometry": {"type": "Point", "coordinates": [-48.224425, -7.199165]}, "properties": {"i": 243, "mun": 73440, "ibge": 1721000, "z": 29, "l": 2437, "nm": "CENTRO MUNICIPAL DE EDUCACAO INFANTIL CIRANDA CIRANDINHA", "nm_mun": "PALMAS", "aptos": 466, "imp": 1}}, {"type": "Feature", "geometry": {"type": "Point", "coordinates": [-48.398606, -10.692158]}, "properties": {"i": 244, "mun": 73440, "ibge": 1721000, "z": 29, "l": 2445, "nm": "COLÉGIO SELLETUS", "nm_mun": "PALMAS", "aptos": 553, "imp": 1}}, {"type": "Feature", "geometry": {"type": "Point", "coordinates": [-48.311387, -10.195208]}, "properties": {"i": 245, "mun": 73440, "ibge": 1721000, "z": 29, "l": 2453, "nm": "ESCOLA SESI DE REFERÊNCIA", "nm_mun": "PALMAS", "aptos": 290, "imp": 1}}, {"type": "Feature", "geometry": {"type": "Point", "coordinates": [-48.191033, -8.975208]}, "properties": {"i": 246, "mun": 73458, "ibge": 1721257, "z": 23, "l": 1015, "nm": "ESCOLA ESTADUAL GIRASSOL DE TEMPO INTEGRAL MARIA DA GLÓRIA", "nm_mun": "TUPIRAMA", "aptos": 984, "imp": 0}}, {"type": "Feature", "geometry": {"type": "Point", "coordinates": [-48.919246, -11.102699]}, "properties": {"i": 247, "mun": 73458, "ibge": 1721257, "z": 23, "l": 1023, "nm": "ESCOLA MUNICIPAL DE TEMPO INTEGRAL MARIA JOSÉ ALVES MIRANDA", "nm_mun": "TUPIRAMA", "aptos": 870, "imp": 1}}, {"type": "Feature", "geometry": {"type": "Point", "coordinates": [-48.906039, -10.710643]}, "properties": {"i": 248, "mun": 73466, "ibge": 1715507, "z": 13, "l": 1015, "nm": "ESCOLA ESTADUAL RIACHUELO", "nm_mun": "OLIVEIRA DE FÁTIMA", "aptos": 873, "imp": 0}}, {"type": "Feature", "geometry": {"type": "Point", "coordinates": [-48.396253, -9.558423]}, "properties": {"i": 249, "mun": 73466, "ibge": 1715507, "z": 13, "l": 1031, "nm": "ESCOLA MUNICIPAL COMANDANTE SILVINO MASCARENHAS REIS", "nm_mun": "OLIVEIRA DE FÁTIMA", "aptos": 820, "imp": 1}}, {"type": "Feature", "geometry": {"type": "Point", "coordinates": [-49.177568, -10.141834]}, "properties": {"i": 250, "mun": 73474, "ibge": 1704600, "z": 13, "l": 1015, "nm": "ESCOLA MUNICIPAL AMERICA ALVES DE OLIVEIRA", "nm_mun": "CHAPADA DE AREIA", "aptos": 1360, "imp": 0}}, {"type": "Feature", "geometry": {"type": "Point", "coordinates": [-49.656076, -9.800707]}, "properties": {"i": 251, "mun": 73474, "ibge": 1704600, "z": 13, "l": 1031, "nm": "CMEI RICARDO AIRES", "nm_mun": "CHAPADA DE AREIA", "aptos": 1184, "imp": 1}}, {"type": "Feature", "geometry": {"type": "Point", "coordinates": [-47.749487, -11.613303]}, "properties": {"i": 252, "mun": 73482, "ibge": 1705102, "z": 19, "l": 1015, "nm": "COLÉGIO QUILOMBOLA ESTADUAL FULGÊNCIO NUNES", "nm_mun": "CHAPADA DA NATIVIDADE", "aptos": 2170, "imp": 0}}, {"type": "Feature", "geometry": {"type": "Point", "coordinates": [-47.752186, -11.616133]}, "properties": {"i": 253, "mun": 73482, "ibge": 1705102, "z": 19, "l": 1058, "nm": "ESCOLA MUNICIPAL MARCOLINA PINTO RABELO", "nm_mun": "CHAPADA DA NATIVIDADE", "aptos": 940, "imp": 0}}, {"type": "Feature", "geometry": {"type": "Point", "coordinates": [-49.091787, -12.800919]}, "properties": {"i": 254, "mun": 73504, "ibge": 1720978, "z": 14, "l": 1015, "nm": "COLÉGIO ESTADUAL DE TALISMÃ", "nm_mun": "TALISMÃ", "aptos": 1197, "imp": 0}}, {"type": "Feature", "geometry": {"type": "Point", "coordinates": [-48.816976, -12.395101]}, "properties": {"i": 255, "mun": 73504, "ibge": 1720978, "z": 14, "l": 1023, "nm": "ESCOLA MUNICIPAL VILA UNIÃO", "nm_mun": "TALISMÃ", "aptos": 271, "imp": 0}}, {"type": "Feature", "geometry": {"type": "Point", "coordinates": [-49.091487, -12.795282]}, "properties": {"i": 256, "mun": 73504, "ibge": 1720978, "z": 14, "l": 1031, "nm": "ESCOLA MUNICIPAL ANTÔNIA DOS REIS RODRIGUES BATISTA", "nm_mun": "TALISMÃ", "aptos": 889, "imp": 0}}, {"type": "Feature", "geometry": {"type": "Point", "coordinates": [-49.250286, -12.699323]}, "properties": {"i": 257, "mun": 73504, "ibge": 1720978, "z": 14, "l": 1058, "nm": "ESCOLA MUNICIPAL MORRO ALEGRE - PA TALISMÃ", "nm_mun": "TALISMÃ", "aptos": 203, "imp": 0}}, {"type": "Feature", "geometry": {"type": "Point", "coordinates": [-47.4778, -6.559898]}, "properties": {"i": 258, "mun": 73512, "ibge": 1700301, "z": 9, "l": 1015, "nm": "COLÉGIO ESTADUAL NAZARÉ NUNES DA SILVA", "nm_mun": "AGUIARNÓPOLIS", "aptos": 2165, "imp": 0}}, {"type": "Feature", "geometry": {"type": "Point", "coordinates": [-47.807488, -10.285243]}, "properties": {"i": 259, "mun": 73512, "ibge": 1700301, "z": 9, "l": 1040, "nm": "ESCOLA MUNICIPAL DEGRAUS DO SABER", "nm_mun": "AGUIARNÓPOLIS", "aptos": 1789, "imp": 1}}, {"type": "Feature", "geometry": {"type": "Point", "coordinates": [-47.8531, -6.190517]}, "properties": {"i": 260, "mun": 73520, "ibge": 1712454, "z": 9, "l": 1015, "nm": "ESCOLA ESTADUAL JUSCELINO KUBITSCHEK DE OLIVEIRA", "nm_mun": "LUZINÓPOLIS", "aptos": 2607, "imp": 0}}, {"type": "Feature", "geometry": {"type": "Point", "coordinates": [-47.673435, -6.435855]}, "properties": {"i": 261, "mun": 73539, "ibge": 1720002, "z": 9, "l": 1015, "nm": "ESCOLA ESTADUAL DR. JOSE FELICIANO FERREIRA", "nm_mun": "SANTA TEREZINHA DO TOCANTINS", "aptos": 1593, "imp": 0}}, {"type": "Feature", "geometry": {"type": "Point", "coordinates": [-47.731338, -6.454858]}, "properties": {"i": 262, "mun": 73539, "ibge": 1720002, "z": 9, "l": 1040, "nm": "ESCOLA MUNICIPAL SAO PEDRO", "nm_mun": "SANTA TEREZINHA DO TOCANTINS", "aptos": 514, "imp": 0}}, {"type": "Feature", "geometry": {"type": "Point", "coordinates": [-49.590751, -11.03485]}, "properties": {"i": 263, "mun": 73547, "ibge": 1718899, "z": 3, "l": 1023, "nm": "ESCOLA MUNICIPAL RURAL MENINO JESUS", "nm_mun": "SANTA RITA DO TOCANTINS", "aptos": 721, "imp": 0}}, {"type": "Feature", "geometry": {"type": "Point", "coordinates": [-48.909441, -10.865918]}, "properties": {"i": 264, "mun": 73547, "ibge": 1718899, "z": 3, "l": 1031, "nm": "ESCOLA ESTADUAL BOA NOVA", "nm_mun": "SANTA RITA DO TOCANTINS", "aptos": 1407, "imp": 0}}, {"type": "Feature", "geometry": {"type": "Point", "coordinates": [-48.918356, -11.103902]}, "properties": {"i": 265, "mun": 73555, "ibge": 1706258, "z": 2, "l": 1015, "nm": "COLEGIO MUNICIPAL DE CRIXAS", "nm_mun": "CRIXÁS DO TOCANTINS", "aptos": 993, "imp": 0}}, {"type": "Feature", "geometry": {"type": "Point", "coordinates": [-48.919246, -11.102699]}, "properties": {"i": 266, "mun": 73555, "ibge": 1706258, "z": 2, "l": 1023, "nm": "COLÉGIO ESTADUAL OLAVO BILAC", "nm_mun": "CRIXÁS DO TOCANTINS", "aptos": 834, "imp": 0}}, {"type": "Feature", "geometry": {"type": "Point", "coordinates": [-48.994516, -10.00504]}, "properties": {"i": 267, "mun": 73563, "ibge": 1713700, "z": 7, "l": 1015, "nm": "ESCOLA MUNICIPAL JOSE BENICIO MARIZ", "nm_mun": "MONTE SANTO DO TOCANTINS", "aptos": 1076, "imp": 0}}, {"type": "Feature", "geometry": {"type": "Point", "coordinates": [-49.039883, -9.970719]}, "properties": {"i": 268, "mun": 73563, "ibge": 1713700, "z": 7, "l": 1023, "nm": "ESCOLA MUNICIPAL TOCANTINS", "nm_mun": "MONTE SANTO DO TOCANTINS", "aptos": 1479, "imp": 0}}, {"type": "Feature", "geometry": {"type": "Point", "coordinates": [-48.89363, -10.425844]}, "properties": {"i": 269, "mun": 73571, "ibge": 1718451, "z": 7, "l": 1015, "nm": "COLÉGIO ESTADUAL DARCY RIBEIRO", "nm_mun": "PUGMIL", "aptos": 1240, "imp": 0}}, {"type": "Feature", "geometry": {"type": "Point", "coordinates": [-48.895502, -10.424299]}, "properties": {"i": 270, "mun": 73571, "ibge": 1718451, "z": 7, "l": 1031, "nm": "ESCOLA MUNICIPAL JOSÉ BATISTA MACIEL BASTOS", "nm_mun": "PUGMIL", "aptos": 1086, "imp": 0}}, {"type": "Feature", "geometry": {"type": "Point", "coordinates": [-48.575627, -7.759925]}, "properties": {"i": 271, "mun": 73580, "ibge": 1703057, "z": 31, "l": 1023, "nm": "ESCOLA MUNICIPAL FRANCISCO DIVINO VASCONCELOS", "nm_mun": "BANDEIRANTES DO TOCANTINS", "aptos": 836, "imp": 0}}, {"type": "Feature", "geometry": {"type": "Point", "coordinates": [-48.576283, -7.75714]}, "properties": {"i": 272, "mun": 73580, "ibge": 1703057, "z": 31, "l": 1031, "nm": "ESCOLA ESTADUAL ARCELINO FRANCISCO DO NASCIMENTO", "nm_mun": "BANDEIRANTES DO TOCANTINS", "aptos": 1414, "imp": 0}}, {"type": "Feature", "geometry": {"type": "Point", "coordinates": [-48.676005, -7.746715]}, "properties": {"i": 273, "mun": 73580, "ibge": 1703057, "z": 31, "l": 1040, "nm": "ESCOLA MUNICIPAL OSMAR FRANCISCO GONZAGA", "nm_mun": "BANDEIRANTES DO TOCANTINS", "aptos": 352, "imp": 0}}, {"type": "Feature", "geometry": {"type": "Point", "coordinates": [-48.561132, -7.904662]}, "properties": {"i": 274, "mun": 73580, "ibge": 1703057, "z": 31, "l": 1058, "nm": "ESCOLA MUNICIPAL NOSSA SENHORA DA CONCEICAO", "nm_mun": "BANDEIRANTES DO TOCANTINS", "aptos": 198, "imp": 0}}, {"type": "Feature", "geometry": {"type": "Point", "coordinates": [-48.430113, -11.049108]}, "properties": {"i": 275, "mun": 73598, "ibge": 1709807, "z": 3, "l": 1023, "nm": "ESCOLA MUNICIPAL MARIA ANGÉLICA MARTINS DE SOUSA", "nm_mun": "IPUEIRAS", "aptos": 640, "imp": 0}}, {"type": "Feature", "geometry": {"type": "Point", "coordinates": [-48.443455, -11.239009]}, "properties": {"i": 276, "mun": 73598, "ibge": 1709807, "z": 3, "l": 1031, "nm": "ESCOLA ESTADUAL ANA DE SOUZA PAIVA (ANTIGO COL. EST. FELIX CAMOA II)", "nm_mun": "IPUEIRAS", "aptos": 1355, "imp": 0}}, {"type": "Feature", "geometry": {"type": "Point", "coordinates": [-46.505395, -12.787615]}, "properties": {"i": 277, "mun": 73601, "ibge": 1712157, "z": 17, "l": 1015, "nm": "COLEGIO ESTADUAL DA LAVANDEIRA", "nm_mun": "LAVANDEIRA", "aptos": 2016, "imp": 0}}, {"type": "Feature", "geometry": {"type": "Point", "coordinates": [-47.539517, -7.84939]}, "properties": {"i": 278, "mun": 73610, "ibge": 1703073, "z": 32, "l": 1015, "nm": "ESCOLA ESTADUAL BREJÃO", "nm_mun": "BARRA DO OURO", "aptos": 1223, "imp": 0}}, {"type": "Feature", "geometry": {"type": "Point", "coordinates": [-47.5229, -7.491095]}, "properties": {"i": 279, "mun": 73610, "ibge": 1703073, "z": 32, "l": 1031, "nm": "ESCOLA MUNICIPAL NEMÉZIO MENDES DE MIRANDA", "nm_mun": "BARRA DO OURO", "aptos": 326, "imp": 0}}, {"type": "Feature", "geometry": {"type": "Point", "coordinates": [-47.672295, -7.714348]}, "properties": {"i": 280, "mun": 73610, "ibge": 1703073, "z": 32, "l": 1040, "nm": "ESCOLA ESTADUAL PROFESSOR VICENTE JOSÉ VIEIRA", "nm_mun": "BARRA DO OURO", "aptos": 2473, "imp": 0}}, {"type": "Feature", "geometry": {"type": "Point", "coordinates": [-48.895797, -7.878583]}, "properties": {"i": 281, "mun": 92002, "ibge": 1703206, "z": 4, "l": 1015, "nm": "COLÉGIO ESTADUAL BERNARDO SAYÃO", "nm_mun": "BERNARDO SAYÃO", "aptos": 1311, "imp": 0}}, {"type": "Feature", "geometry": {"type": "Point", "coordinates": [-49.155368, -7.967082]}, "properties": {"i": 282, "mun": 92002, "ibge": 1703206, "z": 4, "l": 1031, "nm": "ESCOLA MUNICIPAL SIMÃO ALVES MOURA", "nm_mun": "BERNARDO SAYÃO", "aptos": 305, "imp": 0}}, {"type": "Feature", "geometry": {"type": "Point", "coordinates": [-48.876923, -8.065826]}, "properties": {"i": 283, "mun": 92002, "ibge": 1703206, "z": 4, "l": 1040, "nm": "ESCOLA MUNICIPAL TANCREDO DE ALMEIDA NEVES", "nm_mun": "BERNARDO SAYÃO", "aptos": 475, "imp": 0}}, {"type": "Feature", "geometry": {"type": "Point", "coordinates": [-49.069067, -7.94236]}, "properties": {"i": 284, "mun": 92002, "ibge": 1703206, "z": 4, "l": 1058, "nm": "ESCOLA MUNICIPAL EVERTON DE ALMEIDA JÚNIOR", "nm_mun": "BERNARDO SAYÃO", "aptos": 216, "imp": 0}}, {"type": "Feature", "geometry": {"type": "Point", "coordinates": [-48.690805, -7.152963]}, "properties": {"i": 285, "mun": 92002, "ibge": 1703206, "z": 4, "l": 1066, "nm": "ESCOLA MUNICIPAL CRIANÇA FELIZ", "nm_mun": "BERNARDO SAYÃO", "aptos": 1282, "imp": 1}}, {"type": "Feature", "geometry": {"type": "Point", "coordinates": [-48.190935, -5.342942]}, "properties": {"i": 286, "mun": 92045, "ibge": 1703800, "z": 10, "l": 1015, "nm": "ESCOLA ESTADUAL MINISTRO NEY BRAGA", "nm_mun": "BURITI DO TOCANTINS", "aptos": 526, "imp": 0}}, {"type": "Feature", "geometry": {"type": "Point", "coordinates": [-48.226971, -5.316191]}, "properties": {"i": 287, "mun": 92045, "ibge": 1703800, "z": 10, "l": 1023, "nm": "COLEGIO ESTADUAL BURITI", "nm_mun": "BURITI DO TOCANTINS", "aptos": 1774, "imp": 0}}, {"type": "Feature", "geometry": {"type": "Point", "coordinates": [-48.106983, -5.359071]}, "properties": {"i": 288, "mun": 92045, "ibge": 1703800, "z": 10, "l": 1031, "nm": "ESCOLA ESTADUAL DARCINOPOLIS", "nm_mun": "BURITI DO TOCANTINS", "aptos": 761, "imp": 0}}, {"type": "Feature", "geometry": {"type": "Point", "coordinates": [-48.226186, -5.317713]}, "properties": {"i": 289, "mun": 92045, "ibge": 1703800, "z": 10, "l": 1040, "nm": "ESCOLA ESTADUAL VICENTE CARLOS DE SOUSA", "nm_mun": "BURITI DO TOCANTINS", "aptos": 2380, "imp": 0}}, {"type": "Feature", "geometry": {"type": "Point", "coordinates": [-48.231983, -5.31735]}, "properties": {"i": 290, "mun": 92045, "ibge": 1703800, "z": 10, "l": 1058, "nm": "ESCOLA ESTADUAL TANCREDO NEVES", "nm_mun": "BURITI DO TOCANTINS", "aptos": 1190, "imp": 0}}, {"type": "Feature", "geometry": {"type": "Point", "coordinates": [-49.93497, -11.782613]}, "properties": {"i": 291, "mun": 92045, "ibge": 1703800, "z": 10, "l": 1074, "nm": "CENTRO INFANTIL  TIA ARA", "nm_mun": "BURITI DO TOCANTINS", "aptos": 65, "imp": 1}}, {"type": "Feature", "geometry": {"type": "Point", "coordinates": [-47.172945, -11.565508]}, "properties": {"i": 292, "mun": 92070, "ibge": 1700400, "z": 19, "l": 1040, "nm": "ESCOLA MUNICIPAL RAIMUNDO CORDEIRO DE OLIVEIRA", "nm_mun": "ALMAS", "aptos": 825, "imp": 0}}, {"type": "Feature", "geometry": {"type": "Point", "coordinates": [-47.174448, -11.578225]}, "properties": {"i": 293, "mun": 92070, "ibge": 1700400, "z": 19, "l": 1058, "nm": "COLEGIO ESTADUAL DR ABNER DE ARAUJO PACINI", "nm_mun": "ALMAS", "aptos": 1644, "imp": 0}}, {"type": "Feature", "geometry": {"type": "Point", "coordinates": [-47.165918, -11.56894]}, "properties": {"i": 294, "mun": 92070, "ibge": 1700400, "z": 19, "l": 1066, "nm": "ESCOLA ESTADUAL DEOCLIDES MUNIZ", "nm_mun": "ALMAS", "aptos": 2384, "imp": 0}}, {"type": "Feature", "geometry": {"type": "Point", "coordinates": [-47.168971, -11.56504]}, "properties": {"i": 295, "mun": 92070, "ibge": 1700400, "z": 19, "l": 1074, "nm": "ESCOLA ARI  PEREIRA BORGES", "nm_mun": "ALMAS", "aptos": 749, "imp": 0}}, {"type": "Feature", "geometry": {"type": "Point", "coordinates": [-49.95458, -9.275082]}, "properties": {"i": 296, "mun": 92088, "ibge": 1703909, "z": 28, "l": 1015, "nm": "COLÉGIO ESTADUAL TRAJANO DE ALMEIDA", "nm_mun": "CASEARA", "aptos": 2142, "imp": 0}}, {"type": "Feature", "geometry": {"type": "Point", "coordinates": [-49.960597, -9.271243]}, "properties": {"i": 297, "mun": 92088, "ibge": 1703909, "z": 28, "l": 1023, "nm": "ESCOLA ESTADUAL JOSÉ ALVES DE ASSIS", "nm_mun": "CASEARA", "aptos": 1812, "imp": 0}}, {"type": "Feature", "geometry": {"type": "Point", "coordinates": [-49.124205, -12.478833]}, "properties": {"i": 298, "mun": 92134, "ibge": 1700707, "z": 14, "l": 1015, "nm": "COLÉGIO ESTADUAL DE ALVORADA - CEA", "nm_mun": "ALVORADA", "aptos": 1287, "imp": 0}}, {"type": "Feature", "geometry": {"type": "Point", "coordinates": [-49.124994, -12.484006]}, "properties": {"i": 299, "mun": 92134, "ibge": 1700707, "z": 14, "l": 1031, "nm": "COLÉGIO MILITAR DO ESTADO DO TOCANTINS ADJÚLIO BALTHAZAR", "nm_mun": "ALVORADA", "aptos": 921, "imp": 0}}, {"type": "Feature", "geometry": {"type": "Point", "coordinates": [-49.121193, -12.486245]}, "properties": {"i": 300, "mun": 92134, "ibge": 1700707, "z": 14, "l": 1104, "nm": "COLÉGIO ESTADUAL ANA MARIA DE JESUS", "nm_mun": "ALVORADA", "aptos": 1011, "imp": 0}}, {"type": "Feature", "geometry": {"type": "Point", "coordinates": [-49.126189, -12.47287]}, "properties": {"i": 301, "mun": 92134, "ibge": 1700707, "z": 14, "l": 1112, "nm": "ESCOLA MUNICIPAL DIVINA GOMES DA SILVEIRA COSTA", "nm_mun": "ALVORADA", "aptos": 825, "imp": 0}}, {"type": "Feature", "geometry": {"type": "Point", "coordinates": [-49.130606, -12.481689]}, "properties": {"i": 302, "mun": 92134, "ibge": 1700707, "z": 14, "l": 1120, "nm": "ESCOLA MUNICIPAL GERALDO OLIVEIRA COSTA", "nm_mun": "ALVORADA", "aptos": 1567, "imp": 0}}, {"type": "Feature", "geometry": {"type": "Point", "coordinates": [-49.124004, -12.476906]}, "properties": {"i": 303, "mun": 92134, "ibge": 1700707, "z": 14, "l": 1139, "nm": "ESCOLA MUNICIPAL PROFESSORA FILOMENA ROCHA SOARES", "nm_mun": "ALVORADA", "aptos": 1163, "imp": 0}}, {"type": "Feature", "geometry": {"type": "Point", "coordinates": [-49.11994, -12.470524]}, "properties": {"i": 304, "mun": 92134, "ibge": 1700707, "z": 14, "l": 1147, "nm": "ESCOLA MUNICIPAL LIOMAR DE SOUZA BARROS", "nm_mun": "ALVORADA", "aptos": 496, "imp": 0}}, {"type": "Feature", "geometry": {"type": "Point", "coordinates": [-49.123814, -12.479665]}, "properties": {"i": 305, "mun": 92134, "ibge": 1700707, "z": 14, "l": 1171, "nm": "CENTRO DE REFERÊNCIA DE ASSISTÊNCIA SOCIAL - CRAS", "nm_mun": "ALVORADA", "aptos": 799, "imp": 0}}, {"type": "Feature", "geometry": {"type": "Point", "coordinates": [-46.549833, -12.816617]}, "properties": {"i": 306, "mun": 92142, "ibge": 1705557, "z": 22, "l": 1015, "nm": "ESCOLA ESTADUAL GIRASSOL DE TEMPO INTEGRAL COMBINADO", "nm_mun": "COMBINADO", "aptos": 2077, "imp": 0}}, {"type": "Feature", "geometry": {"type": "Point", "coordinates": [-46.545933, -12.814457]}, "properties": {"i": 307, "mun": 92142, "ibge": 1705557, "z": 22, "l": 1023, "nm": "COLEGIO ESTADUAL JOAQUIM DE SENA E SILVA", "nm_mun": "COMBINADO", "aptos": 1817, "imp": 0}}, {"type": "Feature", "geometry": {"type": "Point", "coordinates": [-49.208145, -9.798747]}, "properties": {"i": 308, "mun": 92185, "ibge": 1707108, "z": 7, "l": 1201, "nm": "ESCOLA ESTADUAL DONA CÂNDIDA DE FREITAS", "nm_mun": "DIVINÓPOLIS DO TOCANTINS", "aptos": 1577, "imp": 0}}, {"type": "Feature", "geometry": {"type": "Point", "coordinates": [-49.215375, -9.800419]}, "properties": {"i": 309, "mun": 92185, "ibge": 1707108, "z": 7, "l": 1228, "nm": "COLÉGIO ESTADUAL JOÃO DIAS SOBRINHO", "nm_mun": "DIVINÓPOLIS DO TOCANTINS", "aptos": 1614, "imp": 0}}, {"type": "Feature", "geometry": {"type": "Point", "coordinates": [-49.203208, -9.797081]}, "properties": {"i": 310, "mun": 92185, "ibge": 1707108, "z": 7, "l": 1236, "nm": "ESCOLA MUNICIPAL JOSÉ RIBAMAR BARBOSA", "nm_mun": "DIVINÓPOLIS DO TOCANTINS", "aptos": 1013, "imp": 0}}, {"type": "Feature", "geometry": {"type": "Point", "coordinates": [-49.217561, -9.808213]}, "properties": {"i": 311, "mun": 92185, "ibge": 1707108, "z": 7, "l": 1244, "nm": "ESCOLA MUNICIPAL ISABEL CARLOS WANDERLEY", "nm_mun": "DIVINÓPOLIS DO TOCANTINS", "aptos": 1060, "imp": 0}}, {"type": "Feature", "geometry": {"type": "Point", "coordinates": [-49.126189, -12.47287]}, "properties": {"i": 312, "mun": 92185, "ibge": 1707108, "z": 7, "l": 1252, "nm": "CMEI - NOSSA SENHORA DO CARMO", "nm_mun": "DIVINÓPOLIS DO TOCANTINS", "aptos": 523, "imp": 1}}, {"type": "Feature", "geometry": {"type": "Point", "coordinates": [-48.07291, -6.365528]}, "properties": {"i": 313, "mun": 92193, "ibge": 1701002, "z": 12, "l": 1015, "nm": "ESCOLA PAROQUIAL SAO PEDRO", "nm_mun": "ANANÁS", "aptos": 1603, "imp": 0}}, {"type": "Feature", "geometry": {"type": "Point", "coordinates": [-48.068533, -6.370847]}, "properties": {"i": 314, "mun": 92193, "ibge": 1701002, "z": 12, "l": 1023, "nm": "ESCOLA MUNICIPAL LEONTINO PEREIRA DE SOUSA", "nm_mun": "ANANÁS", "aptos": 1167, "imp": 0}}, {"type": "Feature", "geometry": {"type": "Point", "coordinates": [-48.072648, -6.364693]}, "properties": {"i": 315, "mun": 92193, "ibge": 1701002, "z": 12, "l": 1031, "nm": "COLÉGIO ESTADUAL GETULIO VARGAS", "nm_mun": "ANANÁS", "aptos": 1649, "imp": 0}}, {"type": "Feature", "geometry": {"type": "Point", "coordinates": [-48.294397, -6.301702]}, "properties": {"i": 316, "mun": 92193, "ibge": 1701002, "z": 12, "l": 1066, "nm": "ESCOLA ESTADUAL PRESIDENTE COSTA E SILVA", "nm_mun": "ANANÁS", "aptos": 368, "imp": 0}}, {"type": "Feature", "geometry": {"type": "Point", "coordinates": [-48.071693, -6.36534]}, "properties": {"i": 317, "mun": 92193, "ibge": 1701002, "z": 12, "l": 1090, "nm": "ESCOLA MUNICIPAL JOÃO DIAS BORGES", "nm_mun": "ANANÁS", "aptos": 851, "imp": 0}}, {"type": "Feature", "geometry": {"type": "Point", "coordinates": [-48.09438, -6.40271]}, "properties": {"i": 318, "mun": 92193, "ibge": 1701002, "z": 12, "l": 1120, "nm": "POSTO DE SAÚDE SÃO RAIMUNDO", "nm_mun": "ANANÁS", "aptos": 219, "imp": 1}}, {"type": "Feature", "geometry": {"type": "Point", "coordinates": [-48.08192, -6.370085]}, "properties": {"i": 319, "mun": 92193, "ibge": 1701002, "z": 12, "l": 1139, "nm": "CEM - CENTRO DE ENSINO MÉDIO CABO APARÍCIO ARAÚJO PAZ", "nm_mun": "ANANÁS", "aptos": 1559, "imp": 0}}, {"type": "Feature", "geometry": {"type": "Point", "coordinates": [-48.074153, -6.3732]}, "properties": {"i": 320, "mun": 92193, "ibge": 1701002, "z": 12, "l": 1155, "nm": "POLO DA UNIVERSIDADE ABERTA DO BRASIL", "nm_mun": "ANANÁS", "aptos": 184, "imp": 0}}, {"type": "Feature", "geometry": {"type": "Point", "coordinates": [-48.933487, -8.776175]}, "properties": {"i": 321, "mun": 92240, "ibge": 1708304, "z": 16, "l": 1023, "nm": "COLÉGIO ESTADUAL ANTENOR BARREIRA", "nm_mun": "GOIANORTE", "aptos": 1461, "imp": 0}}, {"type": "Feature", "geometry": {"type": "Point", "coordinates": [-48.937167, -8.770201]}, "properties": {"i": 322, "mun": 92240, "ibge": 1708304, "z": 16, "l": 1031, "nm": "ESCOLA ESTADUAL MORRO DO MATO", "nm_mun": "GOIANORTE", "aptos": 1472, "imp": 0}}, {"type": "Feature", "geometry": {"type": "Point", "coordinates": [-48.877319, -8.928514]}, "properties": {"i": 323, "mun": 92240, "ibge": 1708304, "z": 16, "l": 1040, "nm": "ESCOLA ESTADUAL CIDADE LEER", "nm_mun": "GOIANORTE", "aptos": 244, "imp": 0}}, {"type": "Feature", "geometry": {"type": "Point", "coordinates": [-49.14924, -8.81583]}, "properties": {"i": 324, "mun": 92240, "ibge": 1708304, "z": 16, "l": 1066, "nm": "ESCOLA MUNICIPAL ANTONIO COELHO RIBEIRO", "nm_mun": "GOIANORTE", "aptos": 197, "imp": 0}}, {"type": "Feature", "geometry": {"type": "Point", "coordinates": [-48.935019, -8.776227]}, "properties": {"i": 325, "mun": 92240, "ibge": 1708304, "z": 16, "l": 1074, "nm": "ESCOLA MUNICIPAL DR. JOSÉ RODRIGUES FERREIRA", "nm_mun": "GOIANORTE", "aptos": 527, "imp": 0}}, {"type": "Feature", "geometry": {"type": "Point", "coordinates": [-48.932186, -8.772959]}, "properties": {"i": 326, "mun": 92240, "ibge": 1708304, "z": 16, "l": 1082, "nm": "CRECHE MUNICIPAL EDILEUZA MARIA ARAUJO", "nm_mun": "GOIANORTE", "aptos": 602, "imp": 0}}, {"type": "Feature", "geometry": {"type": "Point", "coordinates": [-49.656076, -9.800707]}, "properties": {"i": 327, "mun": 92304, "ibge": 1712504, "z": 7, "l": 1201, "nm": "COLÉGIO ESTADUAL DAVID BARBOSA ROLINS", "nm_mun": "MARIANÓPOLIS DO TOCANTINS", "aptos": 1585, "imp": 0}}, {"type": "Feature", "geometry": {"type": "Point", "coordinates": [-49.654421, -9.793294]}, "properties": {"i": 328, "mun": 92304, "ibge": 1712504, "z": 7, "l": 1210, "nm": "ESCOLA MUNICIPAL AMAZILIO DE SOUZA RIBEIRO", "nm_mun": "MARIANÓPOLIS DO TOCANTINS", "aptos": 1218, "imp": 0}}, {"type": "Feature", "geometry": {"type": "Point", "coordinates": [-49.972814, -9.744683]}, "properties": {"i": 329, "mun": 92304, "ibge": 1712504, "z": 7, "l": 1228, "nm": "ESCOLA MUNICIPAL JOÃO BRAGA DE OLIVEIRA", "nm_mun": "MARIANÓPOLIS DO TOCANTINS", "aptos": 685, "imp": 0}}, {"type": "Feature", "geometry": {"type": "Point", "coordinates": [-49.649331, -9.572438]}, "properties": {"i": 330, "mun": 92304, "ibge": 1712504, "z": 7, "l": 1236, "nm": "ESCOLA MUNICIPAL PIRACEMA", "nm_mun": "MARIANÓPOLIS DO TOCANTINS", "aptos": 308, "imp": 0}}, {"type": "Feature", "geometry": {"type": "Point", "coordinates": [-49.55595, -8.809443]}, "properties": {"i": 331, "mun": 92371, "ibge": 1701903, "z": 28, "l": 1015, "nm": "COLÉGIO ESTADUAL DE ARAGUACEMA", "nm_mun": "ARAGUACEMA", "aptos": 2662, "imp": 0}}, {"type": "Feature", "geometry": {"type": "Point", "coordinates": [-49.448563, -8.66452]}, "properties": {"i": 332, "mun": 92371, "ibge": 1701903, "z": 28, "l": 1023, "nm": "ESCOLA ESTADUAL SENHOR DO BONFIM", "nm_mun": "ARAGUACEMA", "aptos": 231, "imp": 0}}, {"type": "Feature", "geometry": {"type": "Point", "coordinates": [-49.632763, -9.172182]}, "properties": {"i": 333, "mun": 92371, "ibge": 1701903, "z": 28, "l": 1031, "nm": "ESCOLA MUNICIPAL  SANTA CLARA", "nm_mun": "ARAGUACEMA", "aptos": 622, "imp": 0}}, {"type": "Feature", "geometry": {"type": "Point", "coordinates": [-49.376732, -8.742633]}, "properties": {"i": 334, "mun": 92371, "ibge": 1701903, "z": 28, "l": 1040, "nm": "ESCOLA MUNICIPAL NOVA ESPERANÇA", "nm_mun": "ARAGUACEMA", "aptos": 665, "imp": 0}}, {"type": "Feature", "geometry": {"type": "Point", "coordinates": [-49.285632, -8.684648]}, "properties": {"i": 335, "mun": 92371, "ibge": 1701903, "z": 28, "l": 1058, "nm": "COLÉGIO BOM SUCESSO", "nm_mun": "ARAGUACEMA", "aptos": 187, "imp": 0}}, {"type": "Feature", "geometry": {"type": "Point", "coordinates": [-49.558377, -8.824895]}, "properties": {"i": 336, "mun": 92371, "ibge": 1701903, "z": 28, "l": 1074, "nm": "ESCOLA MUNICIPAL JOSÉ WILSON LEITE", "nm_mun": "ARAGUACEMA", "aptos": 778, "imp": 0}}, {"type": "Feature", "geometry": {"type": "Point", "coordinates": [-50.024172, -12.754016]}, "properties": {"i": 337, "mun": 92398, "ibge": 1702000, "z": 14, "l": 1015, "nm": "POVOADO BAIANÓPOLIS - ESCOLA MUNICIPAL MARTINIANO PEREIRA", "nm_mun": "ARAGUAÇU", "aptos": 251, "imp": 0}}, {"type": "Feature", "geometry": {"type": "Point", "coordinates": [-49.59135, -12.987685]}, "properties": {"i": 338, "mun": 92398, "ibge": 1702000, "z": 14, "l": 1023, "nm": "POVOADO MARILÂNDIA - ESCOLA MUNICIPAL ÂNGELO SIRIANO", "nm_mun": "ARAGUAÇU", "aptos": 280, "imp": 0}}, {"type": "Feature", "geometry": {"type": "Point", "coordinates": [-49.825259, -12.932417]}, "properties": {"i": 339, "mun": 92398, "ibge": 1702000, "z": 14, "l": 1040, "nm": "SALÃO PAROQUIAL", "nm_mun": "ARAGUAÇU", "aptos": 855, "imp": 0}}, {"type": "Feature", "geometry": {"type": "Point", "coordinates": [-49.832286, -12.926297]}, "properties": {"i": 340, "mun": 92398, "ibge": 1702000, "z": 14, "l": 1074, "nm": "CMTO SALVADOR CAETANO UNIDADE 23", "nm_mun": "ARAGUAÇU", "aptos": 1480, "imp": 0}}, {"type": "Feature", "geometry": {"type": "Point", "coordinates": [-49.822784, -12.940165]}, "properties": {"i": 341, "mun": 92398, "ibge": 1702000, "z": 14, "l": 1090, "nm": "COLÉGIO ESTADUAL JOÃO TAVARES MARTINS", "nm_mun": "ARAGUAÇU", "aptos": 1140, "imp": 0}}, {"type": "Feature", "geometry": {"type": "Point", "coordinates": [-49.827133, -12.928168]}, "properties": {"i": 342, "mun": 92398, "ibge": 1702000, "z": 14, "l": 1210, "nm": "ESCOLA MUNICIPAL ALDENORA MENDES MASCARENHAS", "nm_mun": "ARAGUAÇU", "aptos": 2064, "imp": 0}}, {"type": "Feature", "geometry": {"type": "Point", "coordinates": [-49.821691, -12.943072]}, "properties": {"i": 343, "mun": 92398, "ibge": 1702000, "z": 14, "l": 1228, "nm": "ESCOLA MUNICIPAL BRÍCIO LUAN QUEIROZ DIVINO", "nm_mun": "ARAGUAÇU", "aptos": 586, "imp": 0}}, {"type": "Feature", "geometry": {"type": "Point", "coordinates": [-48.912707, -10.568926]}, "properties": {"i": 344, "mun": 92401, "ibge": 1715002, "z": 13, "l": 1015, "nm": "ESCOLA ESTADUAL 1 GRAU PEDRO XAVIER", "nm_mun": "NOVA ROSALÂNDIA", "aptos": 1770, "imp": 0}}, {"type": "Feature", "geometry": {"type": "Point", "coordinates": [-48.911859, -10.562363]}, "properties": {"i": 345, "mun": 92401, "ibge": 1715002, "z": 13, "l": 1023, "nm": "ESCOLA ESTADUAL REGINA SIQUEIRA CAMPOS", "nm_mun": "NOVA ROSALÂNDIA", "aptos": 1109, "imp": 0}}, {"type": "Feature", "geometry": {"type": "Point", "coordinates": [-48.193132, -7.188668]}, "properties": {"i": 346, "mun": 92410, "ibge": 1702109, "z": 1, "l": 1015, "nm": "ESCOLA MUNICIPAL SIMÃO LUTZ", "nm_mun": "ARAGUAÍNA", "aptos": 2320, "imp": 0}}, {"type": "Feature", "geometry": {"type": "Point", "coordinates": [-48.206287, -7.190733]}, "properties": {"i": 347, "mun": 92410, "ibge": 1702109, "z": 1, "l": 1023, "nm": "COLEGIO SANTA CRUZ DE ARAGUAINA", "nm_mun": "ARAGUAÍNA", "aptos": 4224, "imp": 0}}, {"type": "Feature", "geometry": {"type": "Point", "coordinates": [-48.210295, -7.192502]}, "properties": {"i": 348, "mun": 92410, "ibge": 1702109, "z": 1, "l": 1031, "nm": "ESCOLA ESTADUAL JOÃO ALVES BATISTA", "nm_mun": "ARAGUAÍNA", "aptos": 1912, "imp": 0}}, {"type": "Feature", "geometry": {"type": "Point", "coordinates": [-48.215292, -7.185637]}, "properties": {"i": 349, "mun": 92410, "ibge": 1702109, "z": 1, "l": 1040, "nm": "ESCOLA ESTADUAL MARECHAL RONDON", "nm_mun": "ARAGUAÍNA", "aptos": 3540, "imp": 0}}, {"type": "Feature", "geometry": {"type": "Point", "coordinates": [-48.206622, -7.201828]}, "properties": {"i": 350, "mun": 92410, "ibge": 1702109, "z": 1, "l": 1058, "nm": "CENTRO DE ENSINO MEDIO CASTELO BRANCO", "nm_mun": "ARAGUAÍNA", "aptos": 4061, "imp": 0}}, {"type": "Feature", "geometry": {"type": "Point", "coordinates": [-48.203137, -7.190882]}, "properties": {"i": 351, "mun": 92410, "ibge": 1702109, "z": 1, "l": 1074, "nm": "COLEGIO ESTADUAL GUILHERME DOURADO", "nm_mun": "ARAGUAÍNA", "aptos": 4741, "imp": 0}}, {"type": "Feature", "geometry": {"type": "Point", "coordinates": [-48.202853, -7.187303]}, "properties": {"i": 352, "mun": 92410, "ibge": 1702109, "z": 1, "l": 1082, "nm": "ESCOLA ESTADUAL PROFESSOR ALFREDO NASSER", "nm_mun": "ARAGUAÍNA", "aptos": 2898, "imp": 0}}, {"type": "Feature", "geometry": {"type": "Point", "coordinates": [-48.20857, -7.189722]}, "properties": {"i": 353, "mun": 92410, "ibge": 1702109, "z": 1, "l": 1104, "nm": "ESCOLA ESTADUAL MODELO", "nm_mun": "ARAGUAÍNA", "aptos": 2725, "imp": 0}}, {"type": "Feature", "geometry": {"type": "Point", "coordinates": [-48.252068, -7.234392]}, "properties": {"i": 354, "mun": 92410, "ibge": 1702109, "z": 1, "l": 1112, "nm": "COLEGIO ESTADUAL CAMPOS BRASIL", "nm_mun": "ARAGUAÍNA", "aptos": 2983, "imp": 0}}, {"type": "Feature", "geometry": {"type": "Point", "coordinates": [-48.207262, -7.181282]}, "properties": {"i": 355, "mun": 92410, "ibge": 1702109, "z": 1, "l": 1120, "nm": "COLEGIO ESTADUAL JORGE AMADO", "nm_mun": "ARAGUAÍNA", "aptos": 3562, "imp": 0}}, {"type": "Feature", "geometry": {"type": "Point", "coordinates": [-48.202757, -7.201658]}, "properties": {"i": 356, "mun": 92410, "ibge": 1702109, "z": 1, "l": 1139, "nm": "ESCOLA MUNICIPAL TOMAZ BATISTA", "nm_mun": "ARAGUAÍNA", "aptos": 655, "imp": 0}}, {"type": "Feature", "geometry": {"type": "Point", "coordinates": [-48.198075, -7.195005]}, "properties": {"i": 357, "mun": 92410, "ibge": 1702109, "z": 1, "l": 1171, "nm": "ESCOLA PAROQUIAL LUIZ AUGUSTO", "nm_mun": "ARAGUAÍNA", "aptos": 2981, "imp": 0}}, {"type": "Feature", "geometry": {"type": "Point", "coordinates": [-48.22087, -7.183087]}, "properties": {"i": 358, "mun": 92410, "ibge": 1702109, "z": 1, "l": 1198, "nm": "CENTRO DE ENSINO MEDIO BENJAMIM JOSE DE ALMEIDA", "nm_mun": "ARAGUAÍNA", "aptos": 3805, "imp": 0}}, {"type": "Feature", "geometry": {"type": "Point", "coordinates": [-48.239672, -7.206453]}, "properties": {"i": 359, "mun": 92410, "ibge": 1702109, "z": 1, "l": 1201, "nm": "COLEGIO ESTADUAL RUI BARBOSA", "nm_mun": "ARAGUAÍNA", "aptos": 2271, "imp": 0}}, {"type": "Feature", "geometry": {"type": "Point", "coordinates": [-48.194058, -7.191248]}, "properties": {"i": 360, "mun": 92410, "ibge": 1702109, "z": 1, "l": 1210, "nm": "COLEGIO ESTADUAL ADOLFO BEZERRA DE MENEZES", "nm_mun": "ARAGUAÍNA", "aptos": 3203, "imp": 0}}, {"type": "Feature", "geometry": {"type": "Point", "coordinates": [-48.222283, -7.192172]}, "properties": {"i": 361, "mun": 92410, "ibge": 1702109, "z": 1, "l": 1228, "nm": "ESCOLA ESTADUAL DEPUTADO FEDERAL JOSE ALVES DE ASSIS", "nm_mun": "ARAGUAÍNA", "aptos": 2595, "imp": 0}}, {"type": "Feature", "geometry": {"type": "Point", "coordinates": [-48.216985, -7.203477]}, "properties": {"i": 362, "mun": 92410, "ibge": 1702109, "z": 1, "l": 1244, "nm": "COLEGIO ESTADUAL SANCHA FERREIRA", "nm_mun": "ARAGUAÍNA", "aptos": 1369, "imp": 0}}, {"type": "Feature", "geometry": {"type": "Point", "coordinates": [-48.19766, -7.2087]}, "properties": {"i": 363, "mun": 92410, "ibge": 1702109, "z": 1, "l": 1252, "nm": "ESCOLA MUNICIPAL JOAQUIM DE BRITO PARANAGUA", "nm_mun": "ARAGUAÍNA", "aptos": 2514, "imp": 0}}, {"type": "Feature", "geometry": {"type": "Point", "coordinates": [-48.22255, -7.181692]}, "properties": {"i": 364, "mun": 92410, "ibge": 1702109, "z": 1, "l": 1260, "nm": "ESCOLA ESTADUAL NORTE GOIANO", "nm_mun": "ARAGUAÍNA", "aptos": 2222, "imp": 0}}, {"type": "Feature", "geometry": {"type": "Point", "coordinates": [-48.197583, -7.18125]}, "properties": {"i": 365, "mun": 92410, "ibge": 1702109, "z": 1, "l": 1287, "nm": "UNIVERSIDADE FEDERAL DO TOCANTINS - CAMPUS UNIVERSITÁRIO DE ARAGUAÍNA", "nm_mun": "ARAGUAÍNA", "aptos": 2903, "imp": 0}}, {"type": "Feature", "geometry": {"type": "Point", "coordinates": [-48.207958, -7.198682]}, "properties": {"i": 366, "mun": 92410, "ibge": 1702109, "z": 1, "l": 1333, "nm": "SENAI - SERVICO NACIONAL DE APRENDIZAGEM INDUSTRIAL", "nm_mun": "ARAGUAÍNA", "aptos": 2441, "imp": 0}}, {"type": "Feature", "geometry": {"type": "Point", "coordinates": [-48.203752, -7.163753]}, "properties": {"i": 367, "mun": 92410, "ibge": 1702109, "z": 1, "l": 1481, "nm": "COLEGIO ESTADUAL PROFESSORA SILVANDIRA SOUSA LIMA", "nm_mun": "ARAGUAÍNA", "aptos": 2596, "imp": 0}}, {"type": "Feature", "geometry": {"type": "Point", "coordinates": [-48.199417, -7.208532]}, "properties": {"i": 368, "mun": 92410, "ibge": 1702109, "z": 1, "l": 1490, "nm": "ESCOLA ESTADUAL WELDER DE ABREU SALES", "nm_mun": "ARAGUAÍNA", "aptos": 2352, "imp": 0}}, {"type": "Feature", "geometry": {"type": "Point", "coordinates": [-48.198688, -7.159947]}, "properties": {"i": 369, "mun": 92410, "ibge": 1702109, "z": 1, "l": 1503, "nm": "ESCOLA DE TEMPO INTEGRAL JARDENIR JORGE FREDERICO", "nm_mun": "ARAGUAÍNA", "aptos": 1968, "imp": 0}}, {"type": "Feature", "geometry": {"type": "Point", "coordinates": [-48.202102, -7.179115]}, "properties": {"i": 370, "mun": 92410, "ibge": 1702109, "z": 1, "l": 1511, "nm": "ESCOLA MUNICIPAL GENTIL FERREIRA DE BRITO", "nm_mun": "ARAGUAÍNA", "aptos": 1952, "imp": 0}}, {"type": "Feature", "geometry": {"type": "Point", "coordinates": [-48.230663, -7.198627]}, "properties": {"i": 371, "mun": 92410, "ibge": 1702109, "z": 1, "l": 1520, "nm": "ESCOLA ESTADUAL JOAO GUILHERME LEITE KUNZE", "nm_mun": "ARAGUAÍNA", "aptos": 2208, "imp": 0}}, {"type": "Feature", "geometry": {"type": "Point", "coordinates": [-48.180537, -7.187787]}, "properties": {"i": 372, "mun": 92410, "ibge": 1702109, "z": 1, "l": 1538, "nm": "ESCOLA MUNICIPAL DR CESAR BELMINO EVANGELISTA", "nm_mun": "ARAGUAÍNA", "aptos": 1837, "imp": 0}}, {"type": "Feature", "geometry": {"type": "Point", "coordinates": [-48.209793, -7.194725]}, "properties": {"i": 373, "mun": 92410, "ibge": 1702109, "z": 1, "l": 1546, "nm": "CENTRO DE ENSINO MEDIO PAULO FREIRE", "nm_mun": "ARAGUAÍNA", "aptos": 2936, "imp": 0}}, {"type": "Feature", "geometry": {"type": "Point", "coordinates": [-48.209228, -7.172427]}, "properties": {"i": 374, "mun": 92410, "ibge": 1702109, "z": 1, "l": 1554, "nm": "COLEGIO APLICACAO", "nm_mun": "ARAGUAÍNA", "aptos": 2074, "imp": 0}}, {"type": "Feature", "geometry": {"type": "Point", "coordinates": [-48.190988, -7.195357]}, "properties": {"i": 375, "mun": 92410, "ibge": 1702109, "z": 1, "l": 1562, "nm": "COLEGIO MILITAR DO ESTADO DO TOCANTINS - JORGE HUMBERTO CAMARGO", "nm_mun": "ARAGUAÍNA", "aptos": 3452, "imp": 0}}, {"type": "Feature", "geometry": {"type": "Point", "coordinates": [-48.202682, -7.205137]}, "properties": {"i": 376, "mun": 92410, "ibge": 1702109, "z": 1, "l": 1570, "nm": "FACULDADE UNOPAR", "nm_mun": "ARAGUAÍNA", "aptos": 2186, "imp": 0}}, {"type": "Feature", "geometry": {"type": "Point", "coordinates": [-48.187098, -7.193632]}, "properties": {"i": 377, "mun": 92410, "ibge": 1702109, "z": 1, "l": 1597, "nm": "COLÉGIO MILITAR DO ESTADO DO TOCANTINS DR JOSÉ ALUISIO DA SILVA LUZ", "nm_mun": "ARAGUAÍNA", "aptos": 3181, "imp": 0}}, {"type": "Feature", "geometry": {"type": "Point", "coordinates": [-48.200567, -7.21542]}, "properties": {"i": 378, "mun": 92410, "ibge": 1702109, "z": 1, "l": 1600, "nm": "ESCOLA ESTADUAL JARDIM PAULISTA", "nm_mun": "ARAGUAÍNA", "aptos": 2132, "imp": 0}}, {"type": "Feature", "geometry": {"type": "Point", "coordinates": [-48.300523, -7.339982]}, "properties": {"i": 379, "mun": 92410, "ibge": 1702109, "z": 1, "l": 1660, "nm": "ESCOLA MUNICIPAL UNIAO", "nm_mun": "ARAGUAÍNA", "aptos": 153, "imp": 0}}, {"type": "Feature", "geometry": {"type": "Point", "coordinates": [-48.184643, -7.21857]}, "properties": {"i": 380, "mun": 92410, "ibge": 1702109, "z": 1, "l": 1678, "nm": "ESCOLA MUNICIPAL JOSE FERREIRA BARROS", "nm_mun": "ARAGUAÍNA", "aptos": 1637, "imp": 0}}, {"type": "Feature", "geometry": {"type": "Point", "coordinates": [-48.242132, -7.221682]}, "properties": {"i": 381, "mun": 92410, "ibge": 1702109, "z": 1, "l": 1686, "nm": "ESCOLA MUNICIPAL MANOEL LIRA", "nm_mun": "ARAGUAÍNA", "aptos": 3384, "imp": 0}}, {"type": "Feature", "geometry": {"type": "Point", "coordinates": [-48.181482, -7.19747]}, "properties": {"i": 382, "mun": 92410, "ibge": 1702109, "z": 1, "l": 1694, "nm": "ESCOLA MUNICIPAL ARNON FERREIRA LEAL", "nm_mun": "ARAGUAÍNA", "aptos": 1546, "imp": 0}}, {"type": "Feature", "geometry": {"type": "Point", "coordinates": [-48.212245, -7.176337]}, "properties": {"i": 383, "mun": 92410, "ibge": 1702109, "z": 1, "l": 1724, "nm": "ESCOLA MUNICIPAL PREFEITO JOÃO DE SOUSA LIMA", "nm_mun": "ARAGUAÍNA", "aptos": 887, "imp": 0}}, {"type": "Feature", "geometry": {"type": "Point", "coordinates": [-48.195987, -7.203893]}, "properties": {"i": 384, "mun": 92410, "ibge": 1702109, "z": 1, "l": 1732, "nm": "ESCOLA ESTADUAL FRANCISCO MÁXIMO DE SOUSA", "nm_mun": "ARAGUAÍNA", "aptos": 2779, "imp": 0}}, {"type": "Feature", "geometry": {"type": "Point", "coordinates": [-48.177095, -7.203983]}, "properties": {"i": 385, "mun": 92410, "ibge": 1702109, "z": 1, "l": 1740, "nm": "ESCOLA MUNICIPAL DOMINGOS SOUSA LEMOS", "nm_mun": "ARAGUAÍNA", "aptos": 2160, "imp": 0}}, {"type": "Feature", "geometry": {"type": "Point", "coordinates": [-48.194297, -7.156667]}, "properties": {"i": 386, "mun": 92410, "ibge": 1702109, "z": 1, "l": 1759, "nm": "ESCOLA MUNICIPAL FRANCISCO BUENO DE FREITAS", "nm_mun": "ARAGUAÍNA", "aptos": 2528, "imp": 0}}, {"type": "Feature", "geometry": {"type": "Point", "coordinates": [-48.192192, -7.132242]}, "properties": {"i": 387, "mun": 92410, "ibge": 1702109, "z": 1, "l": 1805, "nm": "ESCOLA MUNICIPAL LUIZ GONZAGA", "nm_mun": "ARAGUAÍNA", "aptos": 2007, "imp": 0}}, {"type": "Feature", "geometry": {"type": "Point", "coordinates": [-48.224425, -7.199165]}, "properties": {"i": 388, "mun": 92410, "ibge": 1702109, "z": 1, "l": 1848, "nm": "ESCOLA MUNICIPAL OLAVO BILAC", "nm_mun": "ARAGUAÍNA", "aptos": 646, "imp": 0}}, {"type": "Feature", "geometry": {"type": "Point", "coordinates": [-48.22364, -7.228875]}, "properties": {"i": 389, "mun": 92410, "ibge": 1702109, "z": 1, "l": 1856, "nm": "ESCOLA MUNICIPAL DE TEMPO INTEGRAL JOAQUIM CARLOS SABINO DOS SANTOS", "nm_mun": "ARAGUAÍNA", "aptos": 2056, "imp": 0}}, {"type": "Feature", "geometry": {"type": "Point", "coordinates": [-48.192192, -7.132242]}, "properties": {"i": 390, "mun": 92410, "ibge": 1702109, "z": 1, "l": 1899, "nm": "CEI NOSSA SENHORA DOS MILAGRES", "nm_mun": "ARAGUAÍNA", "aptos": 459, "imp": 1}}, {"type": "Feature", "geometry": {"type": "Point", "coordinates": [-48.192192, -7.132242]}, "properties": {"i": 391, "mun": 92410, "ibge": 1702109, "z": 1, "l": 1910, "nm": "ESCOLA MUNICIPAL TEREZA HILÁRIO RIBEIRO", "nm_mun": "ARAGUAÍNA", "aptos": 300, "imp": 1}}, {"type": "Feature", "geometry": {"type": "Point", "coordinates": [-48.224425, -7.199165]}, "properties": {"i": 392, "mun": 92410, "ibge": 1702109, "z": 1, "l": 1929, "nm": "ESCOLA MUNICIPAL BENEDITO CANUTO BRAGA", "nm_mun": "ARAGUAÍNA", "aptos": 107, "imp": 1}}, {"type": "Feature", "geometry": {"type": "Point", "coordinates": [-48.224425, -7.199165]}, "properties": {"i": 393, "mun": 92410, "ibge": 1702109, "z": 1, "l": 1937, "nm": "CENTRO EDUCACIONAL INFANTIL MUNICIPAL VOVO JORGE FREDERICO", "nm_mun": "ARAGUAÍNA", "aptos": 271, "imp": 1}}, {"type": "Feature", "geometry": {"type": "Point", "coordinates": [-48.31897, -10.314773]}, "properties": {"i": 394, "mun": 92410, "ibge": 1702109, "z": 1, "l": 1945, "nm": "CENTRO EDUCACIONAL INFANTIL MUNICIPAL NATALINA MARIA DE JESUS", "nm_mun": "ARAGUAÍNA", "aptos": 1244, "imp": 1}}, {"type": "Feature", "geometry": {"type": "Point", "coordinates": [-48.202173, -7.138135]}, "properties": {"i": 395, "mun": 92410, "ibge": 1702109, "z": 1, "l": 1953, "nm": "CENTRO EDUCACIONAL INFANTIL MUNICIPAL JOAQUINA MOTA", "nm_mun": "ARAGUAÍNA", "aptos": 1891, "imp": 1}}, {"type": "Feature", "geometry": {"type": "Point", "coordinates": [-48.340027, -7.186312]}, "properties": {"i": 396, "mun": 92410, "ibge": 1702109, "z": 34, "l": 1015, "nm": "ESCOLA ESTADUAL MANOEL GOMES DA CUNHA", "nm_mun": "ARAGUAÍNA", "aptos": 1371, "imp": 0}}, {"type": "Feature", "geometry": {"type": "Point", "coordinates": [-48.230325, -7.033522]}, "properties": {"i": 397, "mun": 92410, "ibge": 1702109, "z": 34, "l": 1023, "nm": "ESCOLA MUNICIPAL DUQUE DE CAXIAS", "nm_mun": "ARAGUAÍNA", "aptos": 280, "imp": 0}}, {"type": "Feature", "geometry": {"type": "Point", "coordinates": [-48.809322, -7.441618]}, "properties": {"i": 398, "mun": 92410, "ibge": 1702109, "z": 34, "l": 1031, "nm": "ESCOLA MUNICIPAL SANTA TEREZA", "nm_mun": "ARAGUAÍNA", "aptos": 155, "imp": 0}}, {"type": "Feature", "geometry": {"type": "Point", "coordinates": [-48.258981, -7.13757]}, "properties": {"i": 399, "mun": 92410, "ibge": 1702109, "z": 34, "l": 1040, "nm": "ESCOLA MUNICIPAL SANTA ROSA", "nm_mun": "ARAGUAÍNA", "aptos": 328, "imp": 0}}, {"type": "Feature", "geometry": {"type": "Point", "coordinates": [-48.240054, -7.202291]}, "properties": {"i": 400, "mun": 92410, "ibge": 1702109, "z": 34, "l": 1058, "nm": "COLEGIO ESTADUAL ADEMAR VICENTE FERREIRA SOBRINHO", "nm_mun": "ARAGUAÍNA", "aptos": 2474, "imp": 0}}, {"type": "Feature", "geometry": {"type": "Point", "coordinates": [-49.221713, -7.332196]}, "properties": {"i": 401, "mun": 92410, "ibge": 1702109, "z": 34, "l": 1066, "nm": "ESCOLA MUNICIPAL CANDIDO BARREIRAS GUIMARAES", "nm_mun": "ARAGUAÍNA", "aptos": 105, "imp": 0}}, {"type": "Feature", "geometry": {"type": "Point", "coordinates": [-48.297479, -7.208386]}, "properties": {"i": 402, "mun": 92410, "ibge": 1702109, "z": 34, "l": 1074, "nm": "ESCOLA MUNICIPAL SAO MIGUEL", "nm_mun": "ARAGUAÍNA", "aptos": 473, "imp": 0}}, {"type": "Feature", "geometry": {"type": "Point", "coordinates": [-48.694639, -7.317774]}, "properties": {"i": 403, "mun": 92410, "ibge": 1702109, "z": 34, "l": 1082, "nm": "ESCOLA MUNICIPAL JOSE NOGUEIRA", "nm_mun": "ARAGUAÍNA", "aptos": 223, "imp": 0}}, {"type": "Feature", "geometry": {"type": "Point", "coordinates": [-48.610525, -7.300988]}, "properties": {"i": 404, "mun": 92410, "ibge": 1702109, "z": 34, "l": 1090, "nm": "ESCOLA MUNICIPAL ANATÓLIO DIAS CARNEIRO", "nm_mun": "ARAGUAÍNA", "aptos": 98, "imp": 0}}, {"type": "Feature", "geometry": {"type": "Point", "coordinates": [-48.202173, -7.138135]}, "properties": {"i": 405, "mun": 92410, "ibge": 1702109, "z": 34, "l": 1104, "nm": "CENTRO EDUCACIONAL INFANTIL MUNICIPAL PEDRO CARREIRO", "nm_mun": "ARAGUAÍNA", "aptos": 2021, "imp": 0}}, {"type": "Feature", "geometry": {"type": "Point", "coordinates": [-48.231916, -7.18256]}, "properties": {"i": 406, "mun": 92410, "ibge": 1702109, "z": 34, "l": 1112, "nm": "ESCOLA MUNICIPAL WILLIAM CASTELO BRANCO MARTINS", "nm_mun": "ARAGUAÍNA", "aptos": 1243, "imp": 0}}, {"type": "Feature", "geometry": {"type": "Point", "coordinates": [-48.258058, -7.215663]}, "properties": {"i": 407, "mun": 92410, "ibge": 1702109, "z": 34, "l": 1139, "nm": "CENTRO DE EDUCAÇÃO INFANTIL MUNICIPAL SITIO DA DONA BENTA", "nm_mun": "ARAGUAÍNA", "aptos": 971, "imp": 0}}, {"type": "Feature", "geometry": {"type": "Point", "coordinates": [-48.255308, -7.23095]}, "properties": {"i": 408, "mun": 92410, "ibge": 1702109, "z": 34, "l": 1147, "nm": "ESCOLA MUNICIPAL JOSÉ GOMES SOBRINHO", "nm_mun": "ARAGUAÍNA", "aptos": 853, "imp": 0}}, {"type": "Feature", "geometry": {"type": "Point", "coordinates": [-48.276757, -7.282258]}, "properties": {"i": 409, "mun": 92410, "ibge": 1702109, "z": 34, "l": 1155, "nm": "ESCOLA MUNICIPAL CABO LUZIMAR MACHADO", "nm_mun": "ARAGUAÍNA", "aptos": 551, "imp": 0}}, {"type": "Feature", "geometry": {"type": "Point", "coordinates": [-48.122772, -5.648285]}, "properties": {"i": 410, "mun": 92436, "ibge": 1702208, "z": 10, "l": 1015, "nm": "ESCOLA MUNICIPAL PROFESSORA NAIR DUARTE", "nm_mun": "ARAGUATINS", "aptos": 1941, "imp": 0}}, {"type": "Feature", "geometry": {"type": "Point", "coordinates": [-48.126501, -5.649993]}, "properties": {"i": 411, "mun": 92436, "ibge": 1702208, "z": 10, "l": 1023, "nm": "ESCOLA ESTADUAL LEONIDAS GONCALVES DUARTE", "nm_mun": "ARAGUATINS", "aptos": 1842, "imp": 0}}, {"type": "Feature", "geometry": {"type": "Point", "coordinates": [-48.125945, -5.651408]}, "properties": {"i": 412, "mun": 92436, "ibge": 1702208, "z": 10, "l": 1031, "nm": "FACULDADE UNITINS", "nm_mun": "ARAGUATINS", "aptos": 2009, "imp": 0}}, {"type": "Feature", "geometry": {"type": "Point", "coordinates": [-48.118746, -5.65259]}, "properties": {"i": 413, "mun": 92436, "ibge": 1702208, "z": 10, "l": 1040, "nm": "ESCOLA ESTADUAL DENIZE GOMIDE AMUI", "nm_mun": "ARAGUATINS", "aptos": 2212, "imp": 0}}, {"type": "Feature", "geometry": {"type": "Point", "coordinates": [-48.129123, -5.648225]}, "properties": {"i": 414, "mun": 92436, "ibge": 1702208, "z": 10, "l": 1066, "nm": "ESCOLA MUNICIPAL SÃO VICENTE FERRER", "nm_mun": "ARAGUATINS", "aptos": 1997, "imp": 0}}, {"type": "Feature", "geometry": {"type": "Point", "coordinates": [-48.202701, -5.52255]}, "properties": {"i": 415, "mun": 92436, "ibge": 1702208, "z": 10, "l": 1074, "nm": "ESCOLA MUNICIPAL PROFESSORA ADELINA DE ANDRADE", "nm_mun": "ARAGUATINS", "aptos": 117, "imp": 0}}, {"type": "Feature", "geometry": {"type": "Point", "coordinates": [-48.158562, -5.88167]}, "properties": {"i": 416, "mun": 92436, "ibge": 1702208, "z": 10, "l": 1082, "nm": "ESCOLA ESTADUAL FREI SAVINO", "nm_mun": "ARAGUATINS", "aptos": 517, "imp": 0}}, {"type": "Feature", "geometry": {"type": "Point", "coordinates": [-48.147711, -5.719264]}, "properties": {"i": 417, "mun": 92436, "ibge": 1702208, "z": 10, "l": 1090, "nm": "ESCOLA MUNICIPAL EDGAR TOLENTINO", "nm_mun": "ARAGUATINS", "aptos": 698, "imp": 0}}, {"type": "Feature", "geometry": {"type": "Point", "coordinates": [-47.936916, -5.893422]}, "properties": {"i": 418, "mun": 92436, "ibge": 1702208, "z": 10, "l": 1104, "nm": "ESCOLA MUNICIPAL AURELIANO JOSÉ FERREIRA", "nm_mun": "ARAGUATINS", "aptos": 797, "imp": 0}}, {"type": "Feature", "geometry": {"type": "Point", "coordinates": [-48.303922, -5.454145]}, "properties": {"i": 419, "mun": 92436, "ibge": 1702208, "z": 10, "l": 1120, "nm": "ESCOLA MUNICIPAL PADRE VITORIO", "nm_mun": "ARAGUATINS", "aptos": 492, "imp": 0}}, {"type": "Feature", "geometry": {"type": "Point", "coordinates": [-48.215097, -5.907363]}, "properties": {"i": 420, "mun": 92436, "ibge": 1702208, "z": 10, "l": 1139, "nm": "ESCOLA ESTADUAL SANTA GERTRUDES", "nm_mun": "ARAGUATINS", "aptos": 615, "imp": 0}}, {"type": "Feature", "geometry": {"type": "Point", "coordinates": [-47.951038, -5.73623]}, "properties": {"i": 421, "mun": 92436, "ibge": 1702208, "z": 10, "l": 1147, "nm": "ESCOLA MUNICIPAL LUIS BORGES DE ARRUDA", "nm_mun": "ARAGUATINS", "aptos": 132, "imp": 0}}, {"type": "Feature", "geometry": {"type": "Point", "coordinates": [-48.3776, -5.361285]}, "properties": {"i": 422, "mun": 92436, "ibge": 1702208, "z": 10, "l": 1155, "nm": "ESCOLA MUNICIPAL SANTA CRUZ II", "nm_mun": "ARAGUATINS", "aptos": 88, "imp": 0}}, {"type": "Feature", "geometry": {"type": "Point", "coordinates": [-48.264713, -5.427989]}, "properties": {"i": 423, "mun": 92436, "ibge": 1702208, "z": 10, "l": 1163, "nm": "ESCOLA MUNICIPAL SANTO IZIDIO", "nm_mun": "ARAGUATINS", "aptos": 83, "imp": 0}}, {"type": "Feature", "geometry": {"type": "Point", "coordinates": [-48.117919, -5.649274]}, "properties": {"i": 424, "mun": 92436, "ibge": 1702208, "z": 10, "l": 1171, "nm": "CPM - COLEGIO DA POLICIA MILITAR", "nm_mun": "ARAGUATINS", "aptos": 2980, "imp": 0}}, {"type": "Feature", "geometry": {"type": "Point", "coordinates": [-48.116421, -5.656961]}, "properties": {"i": 425, "mun": 92436, "ibge": 1702208, "z": 10, "l": 1180, "nm": "ESCOLA MUNICIPAL PROFESSORA MARIA DE LOURDES", "nm_mun": "ARAGUATINS", "aptos": 1289, "imp": 0}}, {"type": "Feature", "geometry": {"type": "Point", "coordinates": [-48.214916, -5.987763]}, "properties": {"i": 426, "mun": 92436, "ibge": 1702208, "z": 10, "l": 1198, "nm": "ESCOLA MUNICIPAL LUIZ RODRIGUES DA SILVA", "nm_mun": "ARAGUATINS", "aptos": 125, "imp": 0}}, {"type": "Feature", "geometry": {"type": "Point", "coordinates": [-48.111657, -5.650405]}, "properties": {"i": 427, "mun": 92436, "ibge": 1702208, "z": 10, "l": 1201, "nm": "ESTADUAL OSVALDO FRANCO", "nm_mun": "ARAGUATINS", "aptos": 2554, "imp": 0}}, {"type": "Feature", "geometry": {"type": "Point", "coordinates": [-48.1194, -5.471804]}, "properties": {"i": 428, "mun": 92436, "ibge": 1702208, "z": 10, "l": 1210, "nm": "ESCOLA MUNICIPAL MARINGÁ I", "nm_mun": "ARAGUATINS", "aptos": 277, "imp": 0}}, {"type": "Feature", "geometry": {"type": "Point", "coordinates": [-48.177374, -5.786441]}, "properties": {"i": 429, "mun": 92436, "ibge": 1702208, "z": 10, "l": 1228, "nm": "ESCOLA MUNICIPAL RUI BARBOSA", "nm_mun": "ARAGUATINS", "aptos": 227, "imp": 0}}, {"type": "Feature", "geometry": {"type": "Point", "coordinates": [-47.928537, -7.859527]}, "properties": {"i": 430, "mun": 92436, "ibge": 1702208, "z": 10, "l": 1252, "nm": "ETI PROFESSORA ONEIDE DA CRUZ MOUSINHO", "nm_mun": "ARAGUATINS", "aptos": 1420, "imp": 1}}, {"type": "Feature", "geometry": {"type": "Point", "coordinates": [-49.065362, -7.655287]}, "properties": {"i": 431, "mun": 92452, "ibge": 1702307, "z": 31, "l": 1023, "nm": "ESCOLA ESTADUAL ANTONIO DELFINO GUIMARAES", "nm_mun": "ARAPOEMA", "aptos": 1763, "imp": 0}}, {"type": "Feature", "geometry": {"type": "Point", "coordinates": [-49.065438, -7.657375]}, "properties": {"i": 432, "mun": 92452, "ibge": 1702307, "z": 31, "l": 1031, "nm": "ESCOLA MUNICIPAL FRANCISCO JOSÉ PEREIRA", "nm_mun": "ARAPOEMA", "aptos": 578, "imp": 0}}, {"type": "Feature", "geometry": {"type": "Point", "coordinates": [-49.06489, -7.660103]}, "properties": {"i": 433, "mun": 92452, "ibge": 1702307, "z": 31, "l": 1040, "nm": "COLEGIO ESTADUAL RUILON DIAS CARNEIRO", "nm_mun": "ARAPOEMA", "aptos": 1468, "imp": 0}}, {"type": "Feature", "geometry": {"type": "Point", "coordinates": [-48.93087, -7.805087]}, "properties": {"i": 434, "mun": 92452, "ibge": 1702307, "z": 31, "l": 1058, "nm": "MERCADINHO PEREIRA - SEU TOTO", "nm_mun": "ARAPOEMA", "aptos": 104, "imp": 0}}, {"type": "Feature", "geometry": {"type": "Point", "coordinates": [-48.801165, -7.64195]}, "properties": {"i": 435, "mun": 92452, "ibge": 1702307, "z": 31, "l": 1066, "nm": "ESCOLA MUNICIPAL JOSÉ DE ANCHIETA", "nm_mun": "ARAPOEMA", "aptos": 141, "imp": 0}}, {"type": "Feature", "geometry": {"type": "Point", "coordinates": [-47.728088, -11.710944]}, "properties": {"i": 436, "mun": 92452, "ibge": 1702307, "z": 31, "l": 1082, "nm": "ESCOLA MUNICIPAL IRMA RITA", "nm_mun": "ARAPOEMA", "aptos": 584, "imp": 1}}, {"type": "Feature", "geometry": {"type": "Point", "coordinates": [-46.937205, -12.934607]}, "properties": {"i": 437, "mun": 92479, "ibge": 1702406, "z": 22, "l": 1015, "nm": "ESCOLA ESTADUAL BRIGADEIRO FELIPE", "nm_mun": "ARRAIAS", "aptos": 2085, "imp": 0}}, {"type": "Feature", "geometry": {"type": "Point", "coordinates": [-46.93529, -12.93327]}, "properties": {"i": 438, "mun": 92479, "ibge": 1702406, "z": 22, "l": 1031, "nm": "COLEGIO ESTADUAL PROF. JOANA BATISTA CORDEIRO", "nm_mun": "ARRAIAS", "aptos": 1882, "imp": 0}}, {"type": "Feature", "geometry": {"type": "Point", "coordinates": [-46.941512, -12.926517]}, "properties": {"i": 439, "mun": 92479, "ibge": 1702406, "z": 22, "l": 1040, "nm": "ESCOLA ESTADUAL SILVA DOURADO", "nm_mun": "ARRAIAS", "aptos": 1974, "imp": 0}}, {"type": "Feature", "geometry": {"type": "Point", "coordinates": [-46.808413, -12.846747]}, "properties": {"i": 440, "mun": 92479, "ibge": 1702406, "z": 22, "l": 1074, "nm": "ESCOLA ESTADUAL PROFESSORA ZULMIRA MAGALHAES", "nm_mun": "ARRAIAS", "aptos": 664, "imp": 0}}, {"type": "Feature", "geometry": {"type": "Point", "coordinates": [-46.953875, -12.919612]}, "properties": {"i": 441, "mun": 92479, "ibge": 1702406, "z": 22, "l": 1139, "nm": "EMEF APOENAN DE DE ABREU TEIXEIRA", "nm_mun": "ARRAIAS", "aptos": 982, "imp": 0}}, {"type": "Feature", "geometry": {"type": "Point", "coordinates": [-46.943347, -12.933372]}, "properties": {"i": 442, "mun": 92479, "ibge": 1702406, "z": 22, "l": 1147, "nm": "COLÉGIO MILITAR DO TOCANTINS - JACY ALVES DE BARROS", "nm_mun": "ARRAIAS", "aptos": 484, "imp": 0}}, {"type": "Feature", "geometry": {"type": "Point", "coordinates": [-47.841448, -12.09071]}, "properties": {"i": 443, "mun": 92479, "ibge": 1702406, "z": 22, "l": 1163, "nm": "ESCOLA MUNICIPAL POLO DAS MATAS SABINO DOS SANTOS ROSA", "nm_mun": "ARRAIAS", "aptos": 154, "imp": 1}}, {"type": "Feature", "geometry": {"type": "Point", "coordinates": [-48.932863, -8.593416]}, "properties": {"i": 444, "mun": 92487, "ibge": 1716653, "z": 16, "l": 1015, "nm": "COLÉGIO ESTADUAL BERNARDO SAYÃO", "nm_mun": "PEQUIZEIRO", "aptos": 1179, "imp": 0}}, {"type": "Feature", "geometry": {"type": "Point", "coordinates": [-48.933195, -8.599719]}, "properties": {"i": 445, "mun": 92487, "ibge": 1716653, "z": 16, "l": 1023, "nm": "COLÉGIO ESTADUAL PRIMEIRO DE JUNHO", "nm_mun": "PEQUIZEIRO", "aptos": 1187, "imp": 0}}, {"type": "Feature", "geometry": {"type": "Point", "coordinates": [-48.952899, -8.222854]}, "properties": {"i": 446, "mun": 92487, "ibge": 1716653, "z": 16, "l": 1031, "nm": "ESCOLA MUNICIPAL AMAZONAS", "nm_mun": "PEQUIZEIRO", "aptos": 271, "imp": 0}}, {"type": "Feature", "geometry": {"type": "Point", "coordinates": [-48.834226, -8.294181]}, "properties": {"i": 447, "mun": 92487, "ibge": 1716653, "z": 16, "l": 1040, "nm": "ESCOLA MUNICIPAL MATA AZUL", "nm_mun": "PEQUIZEIRO", "aptos": 283, "imp": 0}}, {"type": "Feature", "geometry": {"type": "Point", "coordinates": [-48.914132, -8.401078]}, "properties": {"i": 448, "mun": 92487, "ibge": 1716653, "z": 16, "l": 1058, "nm": "ESCOLA MUNICIPAL PAULO FREIRE - P.A. PROGRESSO", "nm_mun": "PEQUIZEIRO", "aptos": 581, "imp": 0}}, {"type": "Feature", "geometry": {"type": "Point", "coordinates": [-48.937178, -8.594535]}, "properties": {"i": 449, "mun": 92487, "ibge": 1716653, "z": 16, "l": 1066, "nm": "ESCOLA MUNICIPAL AYRTON SENNA", "nm_mun": "PEQUIZEIRO", "aptos": 829, "imp": 0}}, {"type": "Feature", "geometry": {"type": "Point", "coordinates": [-47.793818, -5.477928]}, "properties": {"i": 450, "mun": 92487, "ibge": 1716653, "z": 16, "l": 1074, "nm": "CMEI MÃE TEREZA HILÁRIO RIBEIRO", "nm_mun": "PEQUIZEIRO", "aptos": 46, "imp": 1}}, {"type": "Feature", "geometry": {"type": "Point", "coordinates": [-47.048856, -11.609932]}, "properties": {"i": 451, "mun": 92509, "ibge": 1718006, "z": 25, "l": 1015, "nm": "ESCOLA ESTADUAL ALFREDO NASSER", "nm_mun": "PORTO ALEGRE DO TOCANTINS", "aptos": 1601, "imp": 0}}, {"type": "Feature", "geometry": {"type": "Point", "coordinates": [-47.050286, -11.608865]}, "properties": {"i": 452, "mun": 92509, "ibge": 1718006, "z": 25, "l": 1040, "nm": "ESCOLA MUNICIPAL JOAQUIM ARAÚJO", "nm_mun": "PORTO ALEGRE DO TOCANTINS", "aptos": 1042, "imp": 0}}, {"type": "Feature", "geometry": {"type": "Point", "coordinates": [-47.645505, -5.445847]}, "properties": {"i": 453, "mun": 92525, "ibge": 1718303, "z": 21, "l": 1015, "nm": "ESCOLA MUNICIPAL CAETANA DE MORAES COSTA", "nm_mun": "PRAIA NORTE", "aptos": 840, "imp": 0}}, {"type": "Feature", "geometry": {"type": "Point", "coordinates": [-47.812027, -5.394672]}, "properties": {"i": 454, "mun": 92525, "ibge": 1718303, "z": 21, "l": 1023, "nm": "ESCOLA MUNICIPAL GENÉSIO GOMES", "nm_mun": "PRAIA NORTE", "aptos": 1185, "imp": 0}}, {"type": "Feature", "geometry": {"type": "Point", "coordinates": [-47.789723, -5.445823]}, "properties": {"i": 455, "mun": 92525, "ibge": 1718303, "z": 21, "l": 1031, "nm": "ESCOLA MUNICIPAL ALFREDO NASSER", "nm_mun": "PRAIA NORTE", "aptos": 436, "imp": 0}}, {"type": "Feature", "geometry": {"type": "Point", "coordinates": [-47.793818, -5.477928]}, "properties": {"i": 456, "mun": 92525, "ibge": 1718303, "z": 21, "l": 1040, "nm": "ESCOLA MUNICIPAL JOSÉ LOPES DA SILVA", "nm_mun": "PRAIA NORTE", "aptos": 181, "imp": 0}}, {"type": "Feature", "geometry": {"type": "Point", "coordinates": [-47.8124, -5.397465]}, "properties": {"i": 457, "mun": 92525, "ibge": 1718303, "z": 21, "l": 1058, "nm": "ESCOLA ESTADUAL GENÉSIO GOMES", "nm_mun": "PRAIA NORTE", "aptos": 1207, "imp": 0}}, {"type": "Feature", "geometry": {"type": "Point", "coordinates": [-47.7117, -5.441343]}, "properties": {"i": 458, "mun": 92525, "ibge": 1718303, "z": 21, "l": 1074, "nm": "ESCOLA MUNICIPAL REDENÇÃO", "nm_mun": "PRAIA NORTE", "aptos": 425, "imp": 0}}, {"type": "Feature", "geometry": {"type": "Point", "coordinates": [-47.812812, -5.398635]}, "properties": {"i": 459, "mun": 92525, "ibge": 1718303, "z": 21, "l": 1090, "nm": "ESCOLA ESTADUAL PRIMEIRO DE JUNHO", "nm_mun": "PRAIA NORTE", "aptos": 1066, "imp": 0}}, {"type": "Feature", "geometry": {"type": "Point", "coordinates": [-47.813512, -5.400638]}, "properties": {"i": 460, "mun": 92525, "ibge": 1718303, "z": 21, "l": 1104, "nm": "ESCOLA MUNICIPAL MELQUÍADES CARDOSO", "nm_mun": "PRAIA NORTE", "aptos": 468, "imp": 0}}, {"type": "Feature", "geometry": {"type": "Point", "coordinates": [-49.580751, -9.27385]}, "properties": {"i": 461, "mun": 92525, "ibge": 1718303, "z": 21, "l": 1112, "nm": "ESCOLA MUNICIPAL JEAN PIAGET", "nm_mun": "PRAIA NORTE", "aptos": 60, "imp": 1}}, {"type": "Feature", "geometry": {"type": "Point", "coordinates": [-47.632848, -5.60335]}, "properties": {"i": 462, "mun": 92525, "ibge": 1718303, "z": 21, "l": 1120, "nm": "CENTRO EDUCACIONAL NOGUEIRA LIMA", "nm_mun": "PRAIA NORTE", "aptos": 7, "imp": 1}}, {"type": "Feature", "geometry": {"type": "Point", "coordinates": [-46.408762, -12.714037]}, "properties": {"i": 463, "mun": 92533, "ibge": 1702703, "z": 17, "l": 1023, "nm": "ESCOLA ESTADUAL PROFESSORA RANULFA", "nm_mun": "AURORA DO TOCANTINS", "aptos": 2300, "imp": 0}}, {"type": "Feature", "geometry": {"type": "Point", "coordinates": [-48.394375, -9.573501]}, "properties": {"i": 464, "mun": 92533, "ibge": 1702703, "z": 17, "l": 1031, "nm": "ESCOLA ESTADUAL DONA INES", "nm_mun": "AURORA DO TOCANTINS", "aptos": 1033, "imp": 1}}, {"type": "Feature", "geometry": {"type": "Point", "coordinates": [-47.87762, -5.350907]}, "properties": {"i": 465, "mun": 92541, "ibge": 1718808, "z": 21, "l": 1015, "nm": "COLÉGIO ESTADUAL SAMPAIO", "nm_mun": "SAMPAIO", "aptos": 2062, "imp": 0}}, {"type": "Feature", "geometry": {"type": "Point", "coordinates": [-47.87846, -5.351712]}, "properties": {"i": 466, "mun": 92541, "ibge": 1718808, "z": 21, "l": 1023, "nm": "ESCOLA MUNICIPAL PRIMEIRO DE JUNHO", "nm_mun": "SAMPAIO", "aptos": 1609, "imp": 0}}, {"type": "Feature", "geometry": {"type": "Point", "coordinates": [-49.558377, -8.824895]}, "properties": {"i": 467, "mun": 92541, "ibge": 1718808, "z": 21, "l": 1031, "nm": "SECRETARIA MUNICIPAL DE SAÚDE", "nm_mun": "SAMPAIO", "aptos": 326, "imp": 1}}, {"type": "Feature", "geometry": {"type": "Point", "coordinates": [-49.37159, -7.54008]}, "properties": {"i": 468, "mun": 92541, "ibge": 1718808, "z": 21, "l": 1040, "nm": "ESCOLA MUNICIPAL ANTÔNIO FIRMINO DA SILVA", "nm_mun": "SAMPAIO", "aptos": 165, "imp": 1}}, {"type": "Feature", "geometry": {"type": "Point", "coordinates": [-47.773056, -5.620029]}, "properties": {"i": 469, "mun": 92576, "ibge": 1702901, "z": 11, "l": 1015, "nm": "COLÉGIO ESTADUAL MARECHAL RIBAS JUNIOR", "nm_mun": "AXIXÁ DO TOCANTINS", "aptos": 2387, "imp": 0}}, {"type": "Feature", "geometry": {"type": "Point", "coordinates": [-47.763067, -5.613435]}, "properties": {"i": 470, "mun": 92576, "ibge": 1702901, "z": 11, "l": 1031, "nm": "ESCOLA ESTADUAL SAO FRANCISCO DE ASSIS", "nm_mun": "AXIXÁ DO TOCANTINS", "aptos": 2149, "imp": 0}}, {"type": "Feature", "geometry": {"type": "Point", "coordinates": [-47.774152, -5.613852]}, "properties": {"i": 471, "mun": 92576, "ibge": 1702901, "z": 11, "l": 1074, "nm": "ESCOLA MUNICIPAL MARECHAL RONDON", "nm_mun": "AXIXÁ DO TOCANTINS", "aptos": 776, "imp": 0}}, {"type": "Feature", "geometry": {"type": "Point", "coordinates": [-47.770686, -5.612991]}, "properties": {"i": 472, "mun": 92576, "ibge": 1702901, "z": 11, "l": 1104, "nm": "ESCOLA MUNICIPAL PADRE IRTON", "nm_mun": "AXIXÁ DO TOCANTINS", "aptos": 2451, "imp": 0}}, {"type": "Feature", "geometry": {"type": "Point", "coordinates": [-47.741882, -5.702819]}, "properties": {"i": 473, "mun": 92576, "ibge": 1702901, "z": 11, "l": 1120, "nm": "ESCOLA MUNICIPAL SÃO JOSÉ - POVOADO PEQUIZEIRO", "nm_mun": "AXIXÁ DO TOCANTINS", "aptos": 340, "imp": 0}}, {"type": "Feature", "geometry": {"type": "Point", "coordinates": [-47.804217, -5.568528]}, "properties": {"i": 474, "mun": 92576, "ibge": 1702901, "z": 11, "l": 1139, "nm": "ESCOLA MUNICIPAL DOM PEDRO I - POVOADO GROTÃO", "nm_mun": "AXIXÁ DO TOCANTINS", "aptos": 442, "imp": 0}}, {"type": "Feature", "geometry": {"type": "Point", "coordinates": [-47.737992, -5.646955]}, "properties": {"i": 475, "mun": 92576, "ibge": 1702901, "z": 11, "l": 1163, "nm": "ESCOLA MUNICIPAL MENINO JESUS - POVOADO LAGOA DE SÃO SALVADOR", "nm_mun": "AXIXÁ DO TOCANTINS", "aptos": 278, "imp": 0}}, {"type": "Feature", "geometry": {"type": "Point", "coordinates": [-47.632848, -5.60335]}, "properties": {"i": 476, "mun": 92576, "ibge": 1702901, "z": 11, "l": 1180, "nm": "ESCOLA MUNICIPAL OSVALDO REIS", "nm_mun": "AXIXÁ DO TOCANTINS", "aptos": 165, "imp": 1}}, {"type": "Feature", "geometry": {"type": "Point", "coordinates": [-48.255308, -7.23095]}, "properties": {"i": 477, "mun": 92576, "ibge": 1702901, "z": 11, "l": 1201, "nm": "UBS SANTA MARIA (AUDITÓRIO)", "nm_mun": "AXIXÁ DO TOCANTINS", "aptos": 89, "imp": 1}}, {"type": "Feature", "geometry": {"type": "Point", "coordinates": [-47.632848, -5.60335]}, "properties": {"i": 478, "mun": 92576, "ibge": 1702901, "z": 11, "l": 1210, "nm": "CENTRO DE CONVIVÊNCIA DO IDOSO", "nm_mun": "AXIXÁ DO TOCANTINS", "aptos": 119, "imp": 1}}, {"type": "Feature", "geometry": {"type": "Point", "coordinates": [-46.938917, -9.820505]}, "properties": {"i": 479, "mun": 92576, "ibge": 1702901, "z": 11, "l": 1228, "nm": "ESCOLA MUNICIPAL SANTO ANTÔNIO - POVOADO ALTO DO ZUMBI", "nm_mun": "AXIXÁ DO TOCANTINS", "aptos": 1, "imp": 1}}, {"type": "Feature", "geometry": {"type": "Point", "coordinates": [-47.90958, -11.299925]}, "properties": {"i": 480, "mun": 92584, "ibge": 1718907, "z": 19, "l": 1015, "nm": "COLÉGIO MUNICIPAL PEDRO RODRIGUES NETO", "nm_mun": "SANTA ROSA DO TOCANTINS", "aptos": 681, "imp": 0}}, {"type": "Feature", "geometry": {"type": "Point", "coordinates": [-48.12033, -11.448357]}, "properties": {"i": 481, "mun": 92584, "ibge": 1718907, "z": 19, "l": 1023, "nm": "ESCOLA ESTADUAL ZACARIAS NUNES DA SILVEIRA", "nm_mun": "SANTA ROSA DO TOCANTINS", "aptos": 757, "imp": 0}}, {"type": "Feature", "geometry": {"type": "Point", "coordinates": [-48.354667, -11.327124]}, "properties": {"i": 482, "mun": 92584, "ibge": 1718907, "z": 19, "l": 1040, "nm": "CENTRO CULTURAL DA COM. QUIL. MORRO SÃO JOÃO - VER. E PROF. ELI", "nm_mun": "SANTA ROSA DO TOCANTINS", "aptos": 165, "imp": 0}}, {"type": "Feature", "geometry": {"type": "Point", "coordinates": [-48.116589, -11.453897]}, "properties": {"i": 483, "mun": 92584, "ibge": 1718907, "z": 19, "l": 1058, "nm": "ESCOLA MUNICIPAL TIA MIRETA", "nm_mun": "SANTA ROSA DO TOCANTINS", "aptos": 1481, "imp": 0}}, {"type": "Feature", "geometry": {"type": "Point", "coordinates": [-48.115148, -11.44907]}, "properties": {"i": 484, "mun": 92584, "ibge": 1718907, "z": 19, "l": 1066, "nm": "COLÉGIO TENENTE SALVADOR RIBEIRO", "nm_mun": "SANTA ROSA DO TOCANTINS", "aptos": 1172, "imp": 0}}, {"type": "Feature", "geometry": {"type": "Point", "coordinates": [-47.762389, -7.202921]}, "properties": {"i": 485, "mun": 92592, "ibge": 1703008, "z": 8, "l": 1015, "nm": "ESCOLA ESTADUAL LEOPOLDO DE BULHOES", "nm_mun": "BABAÇULÂNDIA", "aptos": 2067, "imp": 0}}, {"type": "Feature", "geometry": {"type": "Point", "coordinates": [-47.78295, -7.192417]}, "properties": {"i": 486, "mun": 92592, "ibge": 1703008, "z": 8, "l": 1074, "nm": "ESCOLA ESTADUAL RUI BARBOSA", "nm_mun": "BABAÇULÂNDIA", "aptos": 1858, "imp": 0}}, {"type": "Feature", "geometry": {"type": "Point", "coordinates": [-47.928971, -7.229273]}, "properties": {"i": 487, "mun": 92592, "ibge": 1703008, "z": 8, "l": 1104, "nm": "ESCOLA MUNICIPAL SAO FRANCISCO", "nm_mun": "BABAÇULÂNDIA", "aptos": 763, "imp": 0}}, {"type": "Feature", "geometry": {"type": "Point", "coordinates": [-48.010082, -7.365555]}, "properties": {"i": 488, "mun": 92592, "ibge": 1703008, "z": 8, "l": 1112, "nm": "ESCOLA MUNICIPAL SANTA PAZ", "nm_mun": "BABAÇULÂNDIA", "aptos": 473, "imp": 0}}, {"type": "Feature", "geometry": {"type": "Point", "coordinates": [-47.759553, -7.203653]}, "properties": {"i": 489, "mun": 92592, "ibge": 1703008, "z": 8, "l": 1120, "nm": "ESCOLA MUNICIPAL POETA JOSÉ GOMES", "nm_mun": "BABAÇULÂNDIA", "aptos": 1069, "imp": 0}}, {"type": "Feature", "geometry": {"type": "Point", "coordinates": [-48.033291, -7.247438]}, "properties": {"i": 490, "mun": 92592, "ibge": 1703008, "z": 8, "l": 1139, "nm": "ESCOLA MUNICIPAL BENJAMIM DE SOUSA PARENTE", "nm_mun": "BABAÇULÂNDIA", "aptos": 413, "imp": 0}}, {"type": "Feature", "geometry": {"type": "Point", "coordinates": [-47.807895, -10.284475]}, "properties": {"i": 491, "mun": 92606, "ibge": 1719004, "z": 35, "l": 1015, "nm": "ESCOLA ESTADUAL PROFESSOR MANOEL SILVÉRIO DOURADO", "nm_mun": "SANTA TEREZA DO TOCANTINS", "aptos": 1709, "imp": 0}}, {"type": "Feature", "geometry": {"type": "Point", "coordinates": [-47.712832, -10.278463]}, "properties": {"i": 492, "mun": 92606, "ibge": 1719004, "z": 35, "l": 1023, "nm": "ESCOLA MUNICIPAL HORÁCIO JOSÉ RODRIGUES", "nm_mun": "SANTA TEREZA DO TOCANTINS", "aptos": 339, "imp": 0}}, {"type": "Feature", "geometry": {"type": "Point", "coordinates": [-47.807488, -10.285243]}, "properties": {"i": 493, "mun": 92606, "ibge": 1719004, "z": 35, "l": 1031, "nm": "ESCOLA MUNICIPAL FRANCISCO SOUSA BARROS", "nm_mun": "SANTA TEREZA DO TOCANTINS", "aptos": 1025, "imp": 0}}, {"type": "Feature", "geometry": {"type": "Point", "coordinates": [-48.29567, -11.536052]}, "properties": {"i": 494, "mun": 92681, "ibge": 1720499, "z": 20, "l": 1015, "nm": "ESCOLA MUNICIPAL JUCELINO KUBITSCHEK", "nm_mun": "SÃO VALÉRIO", "aptos": 115, "imp": 0}}, {"type": "Feature", "geometry": {"type": "Point", "coordinates": [-48.23377, -11.975515]}, "properties": {"i": 495, "mun": 92681, "ibge": 1720499, "z": 20, "l": 1023, "nm": "ESCOLA MUNICIPAL DE TEMPO INTEGRAL JOÃO PEREIRA SOBRINHO", "nm_mun": "SÃO VALÉRIO", "aptos": 1733, "imp": 0}}, {"type": "Feature", "geometry": {"type": "Point", "coordinates": [-47.841448, -12.09071]}, "properties": {"i": 496, "mun": 92681, "ibge": 1720499, "z": 20, "l": 1031, "nm": "ESCOLA MUNICIPAL CASTELO BRANCO", "nm_mun": "SÃO VALÉRIO", "aptos": 185, "imp": 0}}, {"type": "Feature", "geometry": {"type": "Point", "coordinates": [-48.280117, -11.67545]}, "properties": {"i": 497, "mun": 92681, "ibge": 1720499, "z": 20, "l": 1040, "nm": "ESCOLA MUNICIPAL RIACHAO I", "nm_mun": "SÃO VALÉRIO", "aptos": 169, "imp": 0}}, {"type": "Feature", "geometry": {"type": "Point", "coordinates": [-48.233433, -11.963977]}, "properties": {"i": 498, "mun": 92681, "ibge": 1720499, "z": 20, "l": 1058, "nm": "COLÉGIO MUNICIPAL JOSÉ LOPES CHAVES", "nm_mun": "SÃO VALÉRIO", "aptos": 1873, "imp": 0}}, {"type": "Feature", "geometry": {"type": "Point", "coordinates": [-48.567162, -11.017148]}, "properties": {"i": 499, "mun": 92738, "ibge": 1703701, "z": 3, "l": 1015, "nm": "ESCOLA ESTADUAL JONAS PEREIRA LIMA - ANTIGA LIDIA ANDRADE", "nm_mun": "BREJINHO DE NAZARÉ", "aptos": 727, "imp": 0}}, {"type": "Feature", "geometry": {"type": "Point", "coordinates": [-48.565299, -11.019992]}, "properties": {"i": 500, "mun": 92738, "ibge": 1703701, "z": 3, "l": 1023, "nm": "ESCOLA ESTADUAL PADRAO", "nm_mun": "BREJINHO DE NAZARÉ", "aptos": 2433, "imp": 0}}, {"type": "Feature", "geometry": {"type": "Point", "coordinates": [-48.45976, -10.842475]}, "properties": {"i": 501, "mun": 92738, "ibge": 1703701, "z": 3, "l": 1074, "nm": "ESCOLA MUNICIPAL MALHADINHA", "nm_mun": "BREJINHO DE NAZARÉ", "aptos": 287, "imp": 0}}, {"type": "Feature", "geometry": {"type": "Point", "coordinates": [-48.566037, -11.022605]}, "properties": {"i": 502, "mun": 92738, "ibge": 1703701, "z": 3, "l": 1082, "nm": "ESCOLA MUNICIPAL WANDA FERREIRA DA CUNHA", "nm_mun": "BREJINHO DE NAZARÉ", "aptos": 777, "imp": 0}}, {"type": "Feature", "geometry": {"type": "Point", "coordinates": [-48.488991, -8.049891]}, "properties": {"i": 503, "mun": 93114, "ibge": 1705508, "z": 4, "l": 1015, "nm": "UNIRG - CAMPUS COLINAS DO TOCANTINS (ANTIGA FIESC)", "nm_mun": "COLINAS DO TOCANTINS", "aptos": 1819, "imp": 0}}, {"type": "Feature", "geometry": {"type": "Point", "coordinates": [-48.500406, -8.054724]}, "properties": {"i": 504, "mun": 93114, "ibge": 1705508, "z": 4, "l": 1031, "nm": "ESCOLA MUNICIPAL JOSÉ TEODORO RODRIGUES", "nm_mun": "COLINAS DO TOCANTINS", "aptos": 1131, "imp": 0}}, {"type": "Feature", "geometry": {"type": "Point", "coordinates": [-48.481772, -8.056768]}, "properties": {"i": 505, "mun": 93114, "ibge": 1705508, "z": 4, "l": 1040, "nm": "COLÉGIO ESTADUAL GIRASSOL DE TEMPO INTEGRAL ERNESTO BARROS", "nm_mun": "COLINAS DO TOCANTINS", "aptos": 1643, "imp": 0}}, {"type": "Feature", "geometry": {"type": "Point", "coordinates": [-48.480565, -8.057218]}, "properties": {"i": 506, "mun": 93114, "ibge": 1705508, "z": 4, "l": 1066, "nm": "ESCOLA MUNICIPAL NOSSA SENHORA APARECIDA", "nm_mun": "COLINAS DO TOCANTINS", "aptos": 1206, "imp": 0}}, {"type": "Feature", "geometry": {"type": "Point", "coordinates": [-48.481228, -8.058294]}, "properties": {"i": 507, "mun": 93114, "ibge": 1705508, "z": 4, "l": 1074, "nm": "COLÉGIO ALBERT EINSTEIN", "nm_mun": "COLINAS DO TOCANTINS", "aptos": 1208, "imp": 0}}, {"type": "Feature", "geometry": {"type": "Point", "coordinates": [-48.474445, -8.057674]}, "properties": {"i": 508, "mun": 93114, "ibge": 1705508, "z": 4, "l": 1082, "nm": "COLÉGIO DA POLÍCIA MILITAR JOÃO XXIII", "nm_mun": "COLINAS DO TOCANTINS", "aptos": 1433, "imp": 0}}, {"type": "Feature", "geometry": {"type": "Point", "coordinates": [-48.474643, -8.061961]}, "properties": {"i": 509, "mun": 93114, "ibge": 1705508, "z": 4, "l": 1112, "nm": "CENTRO DE ENSINO MÉDIO PRESIDENTE CASTELO BRANCO", "nm_mun": "COLINAS DO TOCANTINS", "aptos": 1817, "imp": 0}}, {"type": "Feature", "geometry": {"type": "Point", "coordinates": [-48.464587, -8.041828]}, "properties": {"i": 510, "mun": 93114, "ibge": 1705508, "z": 4, "l": 1120, "nm": "COLÉGIO ESTADUAL LACERDINO OLIVEIRA CAMPOS", "nm_mun": "COLINAS DO TOCANTINS", "aptos": 1806, "imp": 0}}, {"type": "Feature", "geometry": {"type": "Point", "coordinates": [-48.483986, -8.053164]}, "properties": {"i": 511, "mun": 93114, "ibge": 1705508, "z": 4, "l": 1139, "nm": "CEMEI MARGARIDINHA (ANTIGA ESCOLA MUNICIPAL CANTINHO DA ALEGRIA)", "nm_mun": "COLINAS DO TOCANTINS", "aptos": 1424, "imp": 0}}, {"type": "Feature", "geometry": {"type": "Point", "coordinates": [-48.480809, -8.077394]}, "properties": {"i": 512, "mun": 93114, "ibge": 1705508, "z": 4, "l": 1147, "nm": "ESCOLA MUNICIPAL PROFESSORA ODETE CARVALHO DOS SANTOS", "nm_mun": "COLINAS DO TOCANTINS", "aptos": 2345, "imp": 0}}, {"type": "Feature", "geometry": {"type": "Point", "coordinates": [-48.489845, -8.047618]}, "properties": {"i": 513, "mun": 93114, "ibge": 1705508, "z": 4, "l": 1171, "nm": "ESCOLA MUNICIPAL DR. PEDRO LUDOVICO TEIXEIRA", "nm_mun": "COLINAS DO TOCANTINS", "aptos": 1768, "imp": 0}}, {"type": "Feature", "geometry": {"type": "Point", "coordinates": [-48.469662, -8.058013]}, "properties": {"i": 514, "mun": 93114, "ibge": 1705508, "z": 4, "l": 1180, "nm": "ESCOLA MUNICIPAL MARIA PEREIRA GUIMARÃES", "nm_mun": "COLINAS DO TOCANTINS", "aptos": 1639, "imp": 0}}, {"type": "Feature", "geometry": {"type": "Point", "coordinates": [-48.479627, -8.048255]}, "properties": {"i": 515, "mun": 93114, "ibge": 1705508, "z": 4, "l": 1198, "nm": "ESCOLA MUNICIPAL PROFESSOR ODIMAR LOPES DA SILVA", "nm_mun": "COLINAS DO TOCANTINS", "aptos": 1460, "imp": 0}}, {"type": "Feature", "geometry": {"type": "Point", "coordinates": [-49.085065, -11.739982]}, "properties": {"i": 516, "mun": 93114, "ibge": 1705508, "z": 4, "l": 1228, "nm": "ESCOLA PRESBITERIANA DE COLINAS DO TOCANTINS", "nm_mun": "COLINAS DO TOCANTINS", "aptos": 1285, "imp": 1}}, {"type": "Feature", "geometry": {"type": "Point", "coordinates": [-48.479627, -8.048255]}, "properties": {"i": 517, "mun": 93114, "ibge": 1705508, "z": 4, "l": 1236, "nm": "ESCOLA ESTADUAL FRANCISCO PEREIRA FELÍCIO", "nm_mun": "COLINAS DO TOCANTINS", "aptos": 1169, "imp": 1}}, {"type": "Feature", "geometry": {"type": "Point", "coordinates": [-48.474643, -8.061961]}, "properties": {"i": 518, "mun": 93114, "ibge": 1705508, "z": 4, "l": 1244, "nm": "ESCOLA MUNICIPAL PRIMAVERA", "nm_mun": "COLINAS DO TOCANTINS", "aptos": 1060, "imp": 1}}, {"type": "Feature", "geometry": {"type": "Point", "coordinates": [-49.522042, -11.818685]}, "properties": {"i": 519, "mun": 93114, "ibge": 1705508, "z": 4, "l": 1252, "nm": "ESCOLA MUNICIPAL TEODOMIRO RODRIGUES DA ROCHA (PRÉDIO NOVO)", "nm_mun": "COLINAS DO TOCANTINS", "aptos": 1196, "imp": 1}}, {"type": "Feature", "geometry": {"type": "Point", "coordinates": [-47.29211, -12.21984]}, "properties": {"i": 520, "mun": 93130, "ibge": 1705607, "z": 22, "l": 1015, "nm": "ESCOLA MUNICIPAL ISABEL COSTA", "nm_mun": "CONCEIÇÃO DO TOCANTINS", "aptos": 2038, "imp": 0}}, {"type": "Feature", "geometry": {"type": "Point", "coordinates": [-47.296538, -12.218358]}, "properties": {"i": 521, "mun": 93130, "ibge": 1705607, "z": 22, "l": 1031, "nm": "COL. EST. CEL. JOSÉ FRANCISCO DE AZEVEDO", "nm_mun": "CONCEIÇÃO DO TOCANTINS", "aptos": 1636, "imp": 0}}, {"type": "Feature", "geometry": {"type": "Point", "coordinates": [-49.183986, -8.361067]}, "properties": {"i": 522, "mun": 93211, "ibge": 1706001, "z": 16, "l": 1015, "nm": "COLÉGIO ESTADUAL ARCHÂNGELA MILHOMEM", "nm_mun": "COUTO MAGALHÃES", "aptos": 1465, "imp": 0}}, {"type": "Feature", "geometry": {"type": "Point", "coordinates": [-49.173562, -8.359511]}, "properties": {"i": 523, "mun": 93211, "ibge": 1706001, "z": 16, "l": 1023, "nm": "ESCOLA ESTADUAL ARLINDA ROSA DE SOUSA", "nm_mun": "COUTO MAGALHÃES", "aptos": 1107, "imp": 0}}, {"type": "Feature", "geometry": {"type": "Point", "coordinates": [-49.176917, -8.361667]}, "properties": {"i": 524, "mun": 93211, "ibge": 1706001, "z": 16, "l": 1066, "nm": "ESCOLA MUNICIPAL CORDOLINA COSTA REGO", "nm_mun": "COUTO MAGALHÃES", "aptos": 1186, "imp": 0}}, {"type": "Feature", "geometry": {"type": "Point", "coordinates": [-49.245896, -8.285313]}, "properties": {"i": 525, "mun": 93211, "ibge": 1706001, "z": 16, "l": 1074, "nm": "POSTO DE SAÚDE DONA MARTINHA", "nm_mun": "COUTO MAGALHÃES", "aptos": 199, "imp": 0}}, {"type": "Feature", "geometry": {"type": "Point", "coordinates": [-49.264481, -8.365435]}, "properties": {"i": 526, "mun": 93211, "ibge": 1706001, "z": 16, "l": 1082, "nm": "ESCOLA ESTADUAL ÚLTIMO DE CARVALHO", "nm_mun": "COUTO MAGALHÃES", "aptos": 290, "imp": 0}}, {"type": "Feature", "geometry": {"type": "Point", "coordinates": [-49.185424, -8.362761]}, "properties": {"i": 527, "mun": 93211, "ibge": 1706001, "z": 16, "l": 1090, "nm": "CRECHE DORVALINA MARTINS DA SILVA", "nm_mun": "COUTO MAGALHÃES", "aptos": 571, "imp": 0}}, {"type": "Feature", "geometry": {"type": "Point", "coordinates": [-49.194046, -10.59762]}, "properties": {"i": 528, "mun": 93238, "ibge": 1706100, "z": 13, "l": 1023, "nm": "APAE - ASSOCIAÇÃO DE PAIS E AMIGOS EXCEPCIONAIS", "nm_mun": "CRISTALÂNDIA", "aptos": 1183, "imp": 0}}, {"type": "Feature", "geometry": {"type": "Point", "coordinates": [-49.19327, -10.595645]}, "properties": {"i": 529, "mun": 93238, "ibge": 1706100, "z": 13, "l": 1031, "nm": "ESCOLA MUNICIPAL DOM JAIME ANTONIO SCHUCK", "nm_mun": "CRISTALÂNDIA", "aptos": 1232, "imp": 0}}, {"type": "Feature", "geometry": {"type": "Point", "coordinates": [-49.192348, -10.597145]}, "properties": {"i": 530, "mun": 93238, "ibge": 1706100, "z": 13, "l": 1040, "nm": "COLEGIO ESTADUAL DE CRISTALANDIA", "nm_mun": "CRISTALÂNDIA", "aptos": 1937, "imp": 0}}, {"type": "Feature", "geometry": {"type": "Point", "coordinates": [-49.202669, -10.608353]}, "properties": {"i": 531, "mun": 93238, "ibge": 1706100, "z": 13, "l": 1058, "nm": "COLÉGIO MILITAR OTACÍLIO MARQUES ROSAL", "nm_mun": "CRISTALÂNDIA", "aptos": 1222, "imp": 0}}, {"type": "Feature", "geometry": {"type": "Point", "coordinates": [-46.818288, -11.625648]}, "properties": {"i": 532, "mun": 93416, "ibge": 1707009, "z": 25, "l": 1015, "nm": "ESCOLA MUNICIPAL SÃO JOSÉ", "nm_mun": "DIANÓPOLIS", "aptos": 1382, "imp": 0}}, {"type": "Feature", "geometry": {"type": "Point", "coordinates": [-46.821246, -11.629142]}, "properties": {"i": 533, "mun": 93416, "ibge": 1707009, "z": 25, "l": 1023, "nm": "ESCOLA ESTADUAL  ABILIO WOLNEY", "nm_mun": "DIANÓPOLIS", "aptos": 1915, "imp": 0}}, {"type": "Feature", "geometry": {"type": "Point", "coordinates": [-46.823437, -11.616352]}, "properties": {"i": 534, "mun": 93416, "ibge": 1707009, "z": 25, "l": 1031, "nm": "ESCOLA ESTADUAL ANTONIO POVOA", "nm_mun": "DIANÓPOLIS", "aptos": 2029, "imp": 0}}, {"type": "Feature", "geometry": {"type": "Point", "coordinates": [-46.819035, -11.625367]}, "properties": {"i": 535, "mun": 93416, "ibge": 1707009, "z": 25, "l": 1040, "nm": "COLEGIO JOAO D' ABREU", "nm_mun": "DIANÓPOLIS", "aptos": 4154, "imp": 0}}, {"type": "Feature", "geometry": {"type": "Point", "coordinates": [-46.818212, -11.62739]}, "properties": {"i": 536, "mun": 93416, "ibge": 1707009, "z": 25, "l": 1058, "nm": "ESCOLA BATISTA B. H. FOREMAN", "nm_mun": "DIANÓPOLIS", "aptos": 838, "imp": 0}}, {"type": "Feature", "geometry": {"type": "Point", "coordinates": [-46.820774, -11.610615]}, "properties": {"i": 537, "mun": 93416, "ibge": 1707009, "z": 25, "l": 1082, "nm": "ESCOLA MUNICIPAL SANTA LUZIA", "nm_mun": "DIANÓPOLIS", "aptos": 709, "imp": 0}}, {"type": "Feature", "geometry": {"type": "Point", "coordinates": [-46.7823, -11.908018]}, "properties": {"i": 538, "mun": 93416, "ibge": 1707009, "z": 25, "l": 1112, "nm": "ESCOLA MUNICIPAL FELIPE BATISTA DOS SANTOS", "nm_mun": "DIANÓPOLIS", "aptos": 191, "imp": 0}}, {"type": "Feature", "geometry": {"type": "Point", "coordinates": [-46.828729, -11.61588]}, "properties": {"i": 539, "mun": 93416, "ibge": 1707009, "z": 25, "l": 1139, "nm": "ESCOLA ESTADUAL JOCA COSTA", "nm_mun": "DIANÓPOLIS", "aptos": 1146, "imp": 0}}, {"type": "Feature", "geometry": {"type": "Point", "coordinates": [-46.829907, -11.621498]}, "properties": {"i": 540, "mun": 93416, "ibge": 1707009, "z": 25, "l": 1147, "nm": "ESCOLA MUNICIPAL PROFESSOR RENATO RODRIGUES ALVES", "nm_mun": "DIANÓPOLIS", "aptos": 885, "imp": 0}}, {"type": "Feature", "geometry": {"type": "Point", "coordinates": [-49.065217, -9.256973]}, "properties": {"i": 541, "mun": 93459, "ibge": 1707207, "z": 28, "l": 1015, "nm": "COLEGIO ESTADUAL PRESIDENTE CASTELO BRANCO", "nm_mun": "DOIS IRMÃOS DO TOCANTINS", "aptos": 3049, "imp": 0}}, {"type": "Feature", "geometry": {"type": "Point", "coordinates": [-49.065245, -9.262565]}, "properties": {"i": 542, "mun": 93459, "ibge": 1707207, "z": 28, "l": 1040, "nm": "ESCOLA MUNICIPAL PETRONIO LIMA ARBUES", "nm_mun": "DOIS IRMÃOS DO TOCANTINS", "aptos": 1163, "imp": 0}}, {"type": "Feature", "geometry": {"type": "Point", "coordinates": [-49.06579, -9.251158]}, "properties": {"i": 543, "mun": 93459, "ibge": 1707207, "z": 28, "l": 1058, "nm": "CENTRO MUNICIPAL DE EDUCAÇÃO INFANTIL - SÃO JOÃO BATISTA", "nm_mun": "DOIS IRMÃOS DO TOCANTINS", "aptos": 880, "imp": 0}}, {"type": "Feature", "geometry": {"type": "Point", "coordinates": [-49.272242, -11.342713]}, "properties": {"i": 544, "mun": 93475, "ibge": 1707306, "z": 15, "l": 1015, "nm": "COLÉGIO ESTADUAL ELESBÃO LIMA", "nm_mun": "DUERÉ", "aptos": 1995, "imp": 0}}, {"type": "Feature", "geometry": {"type": "Point", "coordinates": [-49.267725, -11.34187]}, "properties": {"i": 545, "mun": 93475, "ibge": 1707306, "z": 15, "l": 1058, "nm": "ESCOLA MUNICIPAL CECÍLIA DE ARAÚJO MELO (MINHA INFÂNCIA)", "nm_mun": "DUERÉ", "aptos": 1003, "imp": 0}}, {"type": "Feature", "geometry": {"type": "Point", "coordinates": [-49.259878, -11.337158]}, "properties": {"i": 546, "mun": 93475, "ibge": 1707306, "z": 15, "l": 1066, "nm": "ESCOLA MUNICIPAL NOEME LUSTOSA BARROS", "nm_mun": "DUERÉ", "aptos": 670, "imp": 0}}, {"type": "Feature", "geometry": {"type": "Point", "coordinates": [-47.497743, -7.337147]}, "properties": {"i": 547, "mun": 93556, "ibge": 1707702, "z": 8, "l": 1015, "nm": "ESCOLA ESTADUAL ADEUVALDO DE OLIVEIRA MORAIS", "nm_mun": "FILADÉLFIA", "aptos": 1711, "imp": 0}}, {"type": "Feature", "geometry": {"type": "Point", "coordinates": [-47.500068, -7.33367]}, "properties": {"i": 548, "mun": 93556, "ibge": 1707702, "z": 8, "l": 1058, "nm": "COLEGIO ESTADUAL PROFESSORA ANA FRANCISCA MARANHÃO DE SOUSA", "nm_mun": "FILADÉLFIA", "aptos": 1304, "imp": 0}}, {"type": "Feature", "geometry": {"type": "Point", "coordinates": [-47.856243, -7.486352]}, "properties": {"i": 549, "mun": 93556, "ibge": 1707702, "z": 8, "l": 1104, "nm": "MONUMENTO NATURAL DAS ARVORES FOSSILIZADAS DO TOCANTINS", "nm_mun": "FILADÉLFIA", "aptos": 386, "imp": 0}}, {"type": "Feature", "geometry": {"type": "Point", "coordinates": [-47.860062, -7.485767]}, "properties": {"i": 550, "mun": 93556, "ibge": 1707702, "z": 8, "l": 1147, "nm": "ESCOLA MUNICIPAL  NOSSA SENHORA DO PERPETUO SOCORRO", "nm_mun": "FILADÉLFIA", "aptos": 1165, "imp": 0}}, {"type": "Feature", "geometry": {"type": "Point", "coordinates": [-47.659045, -7.322624]}, "properties": {"i": 551, "mun": 93556, "ibge": 1707702, "z": 8, "l": 1155, "nm": "ESCOLA MUNICIPAL TENENTE COSTA LEITE", "nm_mun": "FILADÉLFIA", "aptos": 192, "imp": 0}}, {"type": "Feature", "geometry": {"type": "Point", "coordinates": [-47.498087, -7.341435]}, "properties": {"i": 552, "mun": 93556, "ibge": 1707702, "z": 8, "l": 1163, "nm": "ESCOLA MUNICIPAL DONA MAURA LEAL VALADARES", "nm_mun": "FILADÉLFIA", "aptos": 792, "imp": 0}}, {"type": "Feature", "geometry": {"type": "Point", "coordinates": [-47.864868, -7.483662]}, "properties": {"i": 553, "mun": 93556, "ibge": 1707702, "z": 8, "l": 1171, "nm": "ESCOLA ESTADUAL PROF. JOSÉ FRANCISCO DOS MONTES", "nm_mun": "FILADÉLFIA", "aptos": 657, "imp": 0}}, {"type": "Feature", "geometry": {"type": "Point", "coordinates": [-48.177374, -5.786441]}, "properties": {"i": 554, "mun": 93556, "ibge": 1707702, "z": 8, "l": 1180, "nm": "ESCOLA MUNICIPAL CRIANÇA ALEGRE", "nm_mun": "FILADÉLFIA", "aptos": 77, "imp": 1}}, {"type": "Feature", "geometry": {"type": "Point", "coordinates": [-49.531055, -11.799175]}, "properties": {"i": 555, "mun": 93653, "ibge": 1708205, "z": 15, "l": 1015, "nm": "COLÉGIO MUNICIPAL DOM ALANO", "nm_mun": "FORMOSO DO ARAGUAIA", "aptos": 1059, "imp": 0}}, {"type": "Feature", "geometry": {"type": "Point", "coordinates": [-49.531488, -11.799847]}, "properties": {"i": 556, "mun": 93653, "ibge": 1708205, "z": 15, "l": 1031, "nm": "COOPERATIVA DE EDUCADORES DE FORMOSO DO ARAGUAIA", "nm_mun": "FORMOSO DO ARAGUAIA", "aptos": 1030, "imp": 0}}, {"type": "Feature", "geometry": {"type": "Point", "coordinates": [-49.530292, -11.801198]}, "properties": {"i": 557, "mun": 93653, "ibge": 1708205, "z": 15, "l": 1040, "nm": "COLÉGIO ESTADUAL TIRADENTES", "nm_mun": "FORMOSO DO ARAGUAIA", "aptos": 2113, "imp": 0}}, {"type": "Feature", "geometry": {"type": "Point", "coordinates": [-49.524628, -11.801603]}, "properties": {"i": 558, "mun": 93653, "ibge": 1708205, "z": 15, "l": 1082, "nm": "COLÉGIO MUNICIPAL HERMÍNIO AZEVEDO SOARES", "nm_mun": "FORMOSO DO ARAGUAIA", "aptos": 1862, "imp": 0}}, {"type": "Feature", "geometry": {"type": "Point", "coordinates": [-49.52688, -11.805313]}, "properties": {"i": 559, "mun": 93653, "ibge": 1708205, "z": 15, "l": 1090, "nm": "COLÉGIO ESTADUAL DONA GERCINA BORGES TEIXEIRA", "nm_mun": "FORMOSO DO ARAGUAIA", "aptos": 1263, "imp": 0}}, {"type": "Feature", "geometry": {"type": "Point", "coordinates": [-49.51825, -11.803073]}, "properties": {"i": 560, "mun": 93653, "ibge": 1708205, "z": 15, "l": 1112, "nm": "ESCOLA MUNICIPAL PROFESSOR JOÃO QUEIROZ", "nm_mun": "FORMOSO DO ARAGUAIA", "aptos": 1517, "imp": 0}}, {"type": "Feature", "geometry": {"type": "Point", "coordinates": [-49.524353, -11.810465]}, "properties": {"i": 561, "mun": 93653, "ibge": 1708205, "z": 15, "l": 1120, "nm": "CENTRO MUNICIPAL DE EDUCACAO INFANTIL - ANTIGO DOMINGOS ALVES GAMA", "nm_mun": "FORMOSO DO ARAGUAIA", "aptos": 1237, "imp": 0}}, {"type": "Feature", "geometry": {"type": "Point", "coordinates": [-49.522042, -11.818685]}, "properties": {"i": 562, "mun": 93653, "ibge": 1708205, "z": 15, "l": 1139, "nm": "ESCOLA ESTADUAL BENEDITO PEREIRA BANDEIRA", "nm_mun": "FORMOSO DO ARAGUAIA", "aptos": 1381, "imp": 0}}, {"type": "Feature", "geometry": {"type": "Point", "coordinates": [-49.519682, -11.801055]}, "properties": {"i": 563, "mun": 93653, "ibge": 1708205, "z": 15, "l": 1171, "nm": "ESCOLA MUNICIPAL DALCI BARROS MILHOMENS", "nm_mun": "FORMOSO DO ARAGUAIA", "aptos": 663, "imp": 0}}, {"type": "Feature", "geometry": {"type": "Point", "coordinates": [-49.915722, -11.972125]}, "properties": {"i": 564, "mun": 93653, "ibge": 1708205, "z": 15, "l": 1180, "nm": "ALDEIA CANOANÃ", "nm_mun": "FORMOSO DO ARAGUAIA", "aptos": 267, "imp": 0}}, {"type": "Feature", "geometry": {"type": "Point", "coordinates": [-49.93497, -11.782613]}, "properties": {"i": 565, "mun": 93653, "ibge": 1708205, "z": 15, "l": 1198, "nm": "ALDEIA TXUIRÍ", "nm_mun": "FORMOSO DO ARAGUAIA", "aptos": 121, "imp": 0}}, {"type": "Feature", "geometry": {"type": "Point", "coordinates": [-49.849998, -11.632382]}, "properties": {"i": 566, "mun": 93653, "ibge": 1708205, "z": 15, "l": 1210, "nm": "ESCOLA MUNICIPAL RURAL SEBASTIÃO LOPES DA SILVA", "nm_mun": "FORMOSO DO ARAGUAIA", "aptos": 467, "imp": 0}}, {"type": "Feature", "geometry": {"type": "Point", "coordinates": [-49.960195, -12.089862]}, "properties": {"i": 567, "mun": 93653, "ibge": 1708205, "z": 15, "l": 1236, "nm": "ALDEIA SÃO JOÃO", "nm_mun": "FORMOSO DO ARAGUAIA", "aptos": 159, "imp": 0}}, {"type": "Feature", "geometry": {"type": "Point", "coordinates": [-49.51775, -11.817632]}, "properties": {"i": 568, "mun": 93653, "ibge": 1708205, "z": 15, "l": 1260, "nm": "ESCOLA MUNICIPAL SILAS RAIMUNDO MILHOMEM", "nm_mun": "FORMOSO DO ARAGUAIA", "aptos": 918, "imp": 0}}, {"type": "Feature", "geometry": {"type": "Point", "coordinates": [-50.017057, -11.44791]}, "properties": {"i": 569, "mun": 93653, "ibge": 1708205, "z": 15, "l": 1279, "nm": "ALDEIA BOA ESPERANÇA", "nm_mun": "FORMOSO DO ARAGUAIA", "aptos": 102, "imp": 0}}, {"type": "Feature", "geometry": {"type": "Point", "coordinates": [-49.062283, -11.726813]}, "properties": {"i": 570, "mun": 93858, "ibge": 1709500, "z": 2, "l": 1015, "nm": "COLEGIO PAROQUIAL BERNARDO SAYAO", "nm_mun": "GURUPI", "aptos": 3369, "imp": 0}}, {"type": "Feature", "geometry": {"type": "Point", "coordinates": [-49.062887, -11.731399]}, "properties": {"i": 571, "mun": 93858, "ibge": 1709500, "z": 2, "l": 1023, "nm": "COLEGIO POSITIVO DE GURUPI", "nm_mun": "GURUPI", "aptos": 1813, "imp": 0}}, {"type": "Feature", "geometry": {"type": "Point", "coordinates": [-49.076695, -11.724453]}, "properties": {"i": 572, "mun": 93858, "ibge": 1709500, "z": 2, "l": 1031, "nm": "UNIVERSIDADE DE GURUPI - UNIRG", "nm_mun": "GURUPI", "aptos": 3573, "imp": 0}}, {"type": "Feature", "geometry": {"type": "Point", "coordinates": [-49.070435, -11.725629]}, "properties": {"i": 573, "mun": 93858, "ibge": 1709500, "z": 2, "l": 1040, "nm": "CEM GURUPI (ANTIGO COLEGIO ESTADUAL DE GURUPI)", "nm_mun": "GURUPI", "aptos": 4460, "imp": 0}}, {"type": "Feature", "geometry": {"type": "Point", "coordinates": [-49.074584, -11.72154]}, "properties": {"i": 574, "mun": 93858, "ibge": 1709500, "z": 2, "l": 1090, "nm": "COLÉGIO DE TEMPO INTEGRAL PRESIDENTE COSTA E SILVA", "nm_mun": "GURUPI", "aptos": 3191, "imp": 0}}, {"type": "Feature", "geometry": {"type": "Point", "coordinates": [-49.067554, -11.729875]}, "properties": {"i": 575, "mun": 93858, "ibge": 1709500, "z": 2, "l": 1112, "nm": "ESCOLA PRESBITERIANA ARAGUAIA DE GURUPI", "nm_mun": "GURUPI", "aptos": 1074, "imp": 0}}, {"type": "Feature", "geometry": {"type": "Point", "coordinates": [-48.643359, -11.438465]}, "properties": {"i": 576, "mun": 93858, "ibge": 1709500, "z": 2, "l": 1147, "nm": "ESCOLA MUNICIPAL TREVO DO TOCANTINS", "nm_mun": "GURUPI", "aptos": 468, "imp": 0}}, {"type": "Feature", "geometry": {"type": "Point", "coordinates": [-49.079598, -11.74016]}, "properties": {"i": 577, "mun": 93858, "ibge": 1709500, "z": 2, "l": 1155, "nm": "COLEGIO ESTADUAL VILA GUARACY", "nm_mun": "GURUPI", "aptos": 1397, "imp": 0}}, {"type": "Feature", "geometry": {"type": "Point", "coordinates": [-49.079058, -11.735634]}, "properties": {"i": 578, "mun": 93858, "ibge": 1709500, "z": 2, "l": 1163, "nm": "CENTRO DE ENSINO MEDIO ARY RIBEIRO VALADÃO FILHO", "nm_mun": "GURUPI", "aptos": 1227, "imp": 0}}, {"type": "Feature", "geometry": {"type": "Point", "coordinates": [-49.046973, -11.732108]}, "properties": {"i": 579, "mun": 93858, "ibge": 1709500, "z": 2, "l": 1180, "nm": "ESCOLA MUNICIPAL ANTÔNIO LINO DE SOUZA", "nm_mun": "GURUPI", "aptos": 886, "imp": 0}}, {"type": "Feature", "geometry": {"type": "Point", "coordinates": [-49.057528, -11.728891]}, "properties": {"i": 580, "mun": 93858, "ibge": 1709500, "z": 2, "l": 1198, "nm": "COLEGIO ESTADUAL BOM JESUS", "nm_mun": "GURUPI", "aptos": 3128, "imp": 0}}, {"type": "Feature", "geometry": {"type": "Point", "coordinates": [-48.15423, -10.316579]}, "properties": {"i": 581, "mun": 93858, "ibge": 1709500, "z": 2, "l": 1201, "nm": "COLEGIO ESTADUAL WALDIR LINS", "nm_mun": "GURUPI", "aptos": 906, "imp": 1}}, {"type": "Feature", "geometry": {"type": "Point", "coordinates": [-49.069072, -11.739939]}, "properties": {"i": 582, "mun": 93858, "ibge": 1709500, "z": 2, "l": 1244, "nm": "ESCOLA ORLINDO PEREIRA DA MOTA", "nm_mun": "GURUPI", "aptos": 1276, "imp": 0}}, {"type": "Feature", "geometry": {"type": "Point", "coordinates": [-49.060163, -11.73436]}, "properties": {"i": 583, "mun": 93858, "ibge": 1709500, "z": 2, "l": 1252, "nm": "COLEGIO ESTADUAL JOSE SEABRA LEMOS", "nm_mun": "GURUPI", "aptos": 2322, "imp": 0}}, {"type": "Feature", "geometry": {"type": "Point", "coordinates": [-49.053563, -11.730074]}, "properties": {"i": 584, "mun": 93858, "ibge": 1709500, "z": 2, "l": 1260, "nm": "ESCOLA MUNICIPAL ANTONIO DE ALMEIDA VERAS", "nm_mun": "GURUPI", "aptos": 3121, "imp": 0}}, {"type": "Feature", "geometry": {"type": "Point", "coordinates": [-49.086646, -11.716963]}, "properties": {"i": 585, "mun": 93858, "ibge": 1709500, "z": 2, "l": 1279, "nm": "ESCOLA MUNICIPAL GILBERTO REZENDE ROCHA FILHO", "nm_mun": "GURUPI", "aptos": 2476, "imp": 0}}, {"type": "Feature", "geometry": {"type": "Point", "coordinates": [-49.072167, -11.748957]}, "properties": {"i": 586, "mun": 93858, "ibge": 1709500, "z": 2, "l": 1287, "nm": "ESCOLA MUNICIPAL JOEL FERREIRA SOARES", "nm_mun": "GURUPI", "aptos": 1233, "imp": 0}}, {"type": "Feature", "geometry": {"type": "Point", "coordinates": [-49.060163, -11.73436]}, "properties": {"i": 587, "mun": 93858, "ibge": 1709500, "z": 2, "l": 1295, "nm": "ESCOLA MUNICIPAL VILA NOVA", "nm_mun": "GURUPI", "aptos": 899, "imp": 0}}, {"type": "Feature", "geometry": {"type": "Point", "coordinates": [-49.097303, -11.721952]}, "properties": {"i": 588, "mun": 93858, "ibge": 1709500, "z": 2, "l": 1309, "nm": "ESCOLA MUNICIPAL DOMINGOS BARREIRA DE AMORIM", "nm_mun": "GURUPI", "aptos": 1358, "imp": 0}}, {"type": "Feature", "geometry": {"type": "Point", "coordinates": [-49.0485, -11.738956]}, "properties": {"i": 589, "mun": 93858, "ibge": 1709500, "z": 2, "l": 1317, "nm": "ESCOLA MUNICIPAL JOSE PEREIRA DA CRUZ", "nm_mun": "GURUPI", "aptos": 1402, "imp": 0}}, {"type": "Feature", "geometry": {"type": "Point", "coordinates": [-49.095648, -11.727579]}, "properties": {"i": 590, "mun": 93858, "ibge": 1709500, "z": 2, "l": 1333, "nm": "ESCOLA ESTADUAL DR JOAQUIM PEREIRA DA COSTA", "nm_mun": "GURUPI", "aptos": 2913, "imp": 0}}, {"type": "Feature", "geometry": {"type": "Point", "coordinates": [-49.056118, -11.715662]}, "properties": {"i": 591, "mun": 93858, "ibge": 1709500, "z": 2, "l": 1376, "nm": "ESCOLA ESTADUAL SETOR AEROPORTO", "nm_mun": "GURUPI", "aptos": 1080, "imp": 0}}, {"type": "Feature", "geometry": {"type": "Point", "coordinates": [-49.065507, -11.749286]}, "properties": {"i": 592, "mun": 93858, "ibge": 1709500, "z": 2, "l": 1384, "nm": "ESCOLA MUNICIPAL PROFª ILZA BORGES VIEIRA", "nm_mun": "GURUPI", "aptos": 1819, "imp": 0}}, {"type": "Feature", "geometry": {"type": "Point", "coordinates": [-49.114892, -11.730387]}, "properties": {"i": 593, "mun": 93858, "ibge": 1709500, "z": 2, "l": 1406, "nm": "ESCOLA MUNICIPAL DR ULISSES GUIMARAES", "nm_mun": "GURUPI", "aptos": 1393, "imp": 0}}, {"type": "Feature", "geometry": {"type": "Point", "coordinates": [-49.039509, -11.640848]}, "properties": {"i": 594, "mun": 93858, "ibge": 1709500, "z": 2, "l": 1414, "nm": "ESCOLA MUNICIPAL ELIZEU DE CARVALHO", "nm_mun": "GURUPI", "aptos": 453, "imp": 0}}, {"type": "Feature", "geometry": {"type": "Point", "coordinates": [-49.085065, -11.739982]}, "properties": {"i": 595, "mun": 93858, "ibge": 1709500, "z": 2, "l": 1422, "nm": "ASSOCIAÇÃO DE PAIS E AMIGOS DOS EXCEPCIONAIS APAE", "nm_mun": "GURUPI", "aptos": 885, "imp": 0}}, {"type": "Feature", "geometry": {"type": "Point", "coordinates": [-49.072615, -11.765903]}, "properties": {"i": 596, "mun": 93858, "ibge": 1709500, "z": 2, "l": 1430, "nm": "ESCOLA MUNICIPAL AGRIPINO DE SOUZA GALVÃO", "nm_mun": "GURUPI", "aptos": 1485, "imp": 0}}, {"type": "Feature", "geometry": {"type": "Point", "coordinates": [-49.098457, -11.73185]}, "properties": {"i": 597, "mun": 93858, "ibge": 1709500, "z": 2, "l": 1449, "nm": "ESCOLA MUNICIPAL LENIVAL CORRÊA FERREIRA", "nm_mun": "GURUPI", "aptos": 1844, "imp": 0}}, {"type": "Feature", "geometry": {"type": "Point", "coordinates": [-49.054823, -11.738259]}, "properties": {"i": 598, "mun": 93858, "ibge": 1709500, "z": 2, "l": 1457, "nm": "INSTITUTO FEDERAL DE CIÊNCIA E TECNOLOGIA DO TOCANTINS", "nm_mun": "GURUPI", "aptos": 1849, "imp": 0}}, {"type": "Feature", "geometry": {"type": "Point", "coordinates": [-48.985347, -11.879535]}, "properties": {"i": 599, "mun": 93858, "ibge": 1709500, "z": 2, "l": 1465, "nm": "POSTO DE ATENDIMENTO MÉDICO VALE VERDE", "nm_mun": "GURUPI", "aptos": 143, "imp": 0}}, {"type": "Feature", "geometry": {"type": "Point", "coordinates": [-49.083742, -11.722489]}, "properties": {"i": 600, "mun": 93858, "ibge": 1709500, "z": 2, "l": 1511, "nm": "SESI - CIAT ALBANO FRANCO DE GURUPI", "nm_mun": "GURUPI", "aptos": 1101, "imp": 0}}, {"type": "Feature", "geometry": {"type": "Point", "coordinates": [-49.086328, -11.711497]}, "properties": {"i": 601, "mun": 93858, "ibge": 1709500, "z": 2, "l": 1520, "nm": "ESCOLA MUNICIPAL VALNIR DE SOUZA SOARES", "nm_mun": "GURUPI", "aptos": 402, "imp": 0}}, {"type": "Feature", "geometry": {"type": "Point", "coordinates": [-49.129454, -11.724146]}, "properties": {"i": 602, "mun": 93858, "ibge": 1709500, "z": 2, "l": 1538, "nm": "CEMEI ONEIDE DE SOUZA COELHO", "nm_mun": "GURUPI", "aptos": 840, "imp": 0}}, {"type": "Feature", "geometry": {"type": "Point", "coordinates": [-49.064723, -11.750141]}, "properties": {"i": 603, "mun": 93858, "ibge": 1709500, "z": 2, "l": 1562, "nm": "CRECHE CEMEI TÂNIA SCOTTA", "nm_mun": "GURUPI", "aptos": 1141, "imp": 0}}, {"type": "Feature", "geometry": {"type": "Point", "coordinates": [-48.896138, -10.18181]}, "properties": {"i": 604, "mun": 93858, "ibge": 1709500, "z": 2, "l": 1570, "nm": "INSTITUTO EDUCACIONAL PASSO A PASSO", "nm_mun": "GURUPI", "aptos": 1440, "imp": 1}}, {"type": "Feature", "geometry": {"type": "Point", "coordinates": [-49.062887, -11.731399]}, "properties": {"i": 605, "mun": 93858, "ibge": 1709500, "z": 2, "l": 1589, "nm": "INSTITUTO MUNICIPAL SILNY RODRIGUES DOS SANTOS", "nm_mun": "GURUPI", "aptos": 1712, "imp": 1}}, {"type": "Feature", "geometry": {"type": "Point", "coordinates": [-49.053563, -11.730074]}, "properties": {"i": 606, "mun": 93858, "ibge": 1709500, "z": 2, "l": 1597, "nm": "CEMEI PROFESSORA RAIMUNDA REGINO DE LIMA", "nm_mun": "GURUPI", "aptos": 1328, "imp": 1}}, {"type": "Feature", "geometry": {"type": "Point", "coordinates": [-47.767927, -8.392608]}, "properties": {"i": 607, "mun": 94056, "ibge": 1710508, "z": 33, "l": 1015, "nm": "COLEGIO ESTADUAL DE ITACAJA", "nm_mun": "ITACAJÁ", "aptos": 2382, "imp": 0}}, {"type": "Feature", "geometry": {"type": "Point", "coordinates": [-47.770277, -8.395038]}, "properties": {"i": 608, "mun": 94056, "ibge": 1710508, "z": 33, "l": 1023, "nm": "ESCOLA MUNICIPAL TANCREDO NEVES", "nm_mun": "ITACAJÁ", "aptos": 979, "imp": 0}}, {"type": "Feature", "geometry": {"type": "Point", "coordinates": [-47.733902, -8.418207]}, "properties": {"i": 609, "mun": 94056, "ibge": 1710508, "z": 33, "l": 1066, "nm": "ESCOLA DA ALDEIA MANOEL ALVES PEQUENO", "nm_mun": "ITACAJÁ", "aptos": 220, "imp": 0}}, {"type": "Feature", "geometry": {"type": "Point", "coordinates": [-47.675735, -8.495455]}, "properties": {"i": 610, "mun": 94056, "ibge": 1710508, "z": 33, "l": 1074, "nm": "ESCOLA DA ALDEIA DANTA CRUZ", "nm_mun": "ITACAJÁ", "aptos": 417, "imp": 0}}, {"type": "Feature", "geometry": {"type": "Point", "coordinates": [-47.774865, -8.396908]}, "properties": {"i": 611, "mun": 94056, "ibge": 1710508, "z": 33, "l": 1082, "nm": "CEMEI - ANTONIA DE ALENCAR FERNANDES", "nm_mun": "ITACAJÁ", "aptos": 1189, "imp": 0}}, {"type": "Feature", "geometry": {"type": "Point", "coordinates": [-47.733902, -8.418207]}, "properties": {"i": 612, "mun": 94056, "ibge": 1710508, "z": 33, "l": 1090, "nm": "ESCOLA ESTADUAL INDÍGENA JUHKWYJ", "nm_mun": "ITACAJÁ", "aptos": 289, "imp": 1}}, {"type": "Feature", "geometry": {"type": "Point", "coordinates": [-47.471761, -5.786369]}, "properties": {"i": 613, "mun": 94099, "ibge": 1710706, "z": 11, "l": 1031, "nm": "ESCOLA MUNICIPAL SUELY BARBOSA - DESCARRETO", "nm_mun": "ITAGUATINS", "aptos": 382, "imp": 0}}, {"type": "Feature", "geometry": {"type": "Point", "coordinates": [-47.478359, -5.774663]}, "properties": {"i": 614, "mun": 94099, "ibge": 1710706, "z": 11, "l": 1058, "nm": "ESCOLA MUNICIPAL JAIME NUNES", "nm_mun": "ITAGUATINS", "aptos": 910, "imp": 0}}, {"type": "Feature", "geometry": {"type": "Point", "coordinates": [-47.48403, -5.767585]}, "properties": {"i": 615, "mun": 94099, "ibge": 1710706, "z": 11, "l": 1074, "nm": "ESCOLA ESTADUAL OLAVO BILAC", "nm_mun": "ITAGUATINS", "aptos": 1308, "imp": 0}}, {"type": "Feature", "geometry": {"type": "Point", "coordinates": [-47.749756, -5.721127]}, "properties": {"i": 616, "mun": 94099, "ibge": 1710706, "z": 11, "l": 1104, "nm": "ESCOLA  MUNICIPAL TOCANTINS - POVOADO ALTO DA CRUZ", "nm_mun": "ITAGUATINS", "aptos": 150, "imp": 0}}, {"type": "Feature", "geometry": {"type": "Point", "coordinates": [-47.483221, -5.768461]}, "properties": {"i": 617, "mun": 94099, "ibge": 1710706, "z": 11, "l": 1112, "nm": "ESCOLA MUNICIPAL SANTO ANTONIO DA CACHOEIRA", "nm_mun": "ITAGUATINS", "aptos": 911, "imp": 0}}, {"type": "Feature", "geometry": {"type": "Point", "coordinates": [-47.702424, -5.769776]}, "properties": {"i": 618, "mun": 94099, "ibge": 1710706, "z": 11, "l": 1139, "nm": "ESCOLA MUNICIPAL SAO BENTO - ASSENTAMENTO FAZENDA REIS", "nm_mun": "ITAGUATINS", "aptos": 718, "imp": 0}}, {"type": "Feature", "geometry": {"type": "Point", "coordinates": [-48.593136, -9.696452]}, "properties": {"i": 619, "mun": 94099, "ibge": 1710706, "z": 11, "l": 1171, "nm": "ESCOLA MUNICIPAL ANGICO - POVOADO ANGICO", "nm_mun": "ITAGUATINS", "aptos": 107, "imp": 1}}, {"type": "Feature", "geometry": {"type": "Point", "coordinates": [-47.681478, -5.672433]}, "properties": {"i": 620, "mun": 94099, "ibge": 1710706, "z": 11, "l": 1180, "nm": "ESCOLA MUNICIPAL MARIA SILVA BARRETO - POVOADO CASTANHEIRO", "nm_mun": "ITAGUATINS", "aptos": 168, "imp": 1}}, {"type": "Feature", "geometry": {"type": "Point", "coordinates": [-47.471761, -5.786369]}, "properties": {"i": 621, "mun": 94099, "ibge": 1710706, "z": 11, "l": 1198, "nm": "ESCOLA MUNICIPAL SÃO LUÍS DAS PALMEIRAS", "nm_mun": "ITAGUATINS", "aptos": 71, "imp": 1}}, {"type": "Feature", "geometry": {"type": "Point", "coordinates": [-48.690428, -8.573354]}, "properties": {"i": 622, "mun": 94170, "ibge": 1711100, "z": 16, "l": 1015, "nm": "COLÉGIO ESTADUAL FRANCISCA ALVES DE ALENCAR", "nm_mun": "ITAPORÃ DO TOCANTINS", "aptos": 1643, "imp": 0}}, {"type": "Feature", "geometry": {"type": "Point", "coordinates": [-48.691316, -8.574809]}, "properties": {"i": 623, "mun": 94170, "ibge": 1711100, "z": 16, "l": 1031, "nm": "ESCOLA MUNICIPAL DONA AUGUSTA MARIA DE JESUS", "nm_mun": "ITAPORÃ DO TOCANTINS", "aptos": 1065, "imp": 0}}, {"type": "Feature", "geometry": {"type": "Point", "coordinates": [-48.389347, -9.565185]}, "properties": {"i": 624, "mun": 94617, "ibge": 1713205, "z": 5, "l": 1015, "nm": "COLEGIO MILITAR SANTA TEREZINHA", "nm_mun": "MIRACEMA DO TOCANTINS", "aptos": 1697, "imp": 0}}, {"type": "Feature", "geometry": {"type": "Point", "coordinates": [-48.387236, -9.568746]}, "properties": {"i": 625, "mun": 94617, "ibge": 1713205, "z": 5, "l": 1023, "nm": "COLEGIO TOCANTINS", "nm_mun": "MIRACEMA DO TOCANTINS", "aptos": 2108, "imp": 0}}, {"type": "Feature", "geometry": {"type": "Point", "coordinates": [-48.410842, -9.562703]}, "properties": {"i": 626, "mun": 94617, "ibge": 1713205, "z": 5, "l": 1031, "nm": "ESC. EST. ONESINA BANDEIRA", "nm_mun": "MIRACEMA DO TOCANTINS", "aptos": 1991, "imp": 0}}, {"type": "Feature", "geometry": {"type": "Point", "coordinates": [-48.394375, -9.573501]}, "properties": {"i": 627, "mun": 94617, "ibge": 1713205, "z": 5, "l": 1040, "nm": "ESC. EST. JOSE DAMASCENO VASCONCELOS", "nm_mun": "MIRACEMA DO TOCANTINS", "aptos": 1310, "imp": 0}}, {"type": "Feature", "geometry": {"type": "Point", "coordinates": [-48.410035, -9.552731]}, "properties": {"i": 628, "mun": 94617, "ibge": 1713205, "z": 5, "l": 1058, "nm": "ESC. MUN. VILMAR VASCONCELOS FEITOSA", "nm_mun": "MIRACEMA DO TOCANTINS", "aptos": 778, "imp": 0}}, {"type": "Feature", "geometry": {"type": "Point", "coordinates": [-48.407778, -9.560265]}, "properties": {"i": 629, "mun": 94617, "ibge": 1713205, "z": 5, "l": 1074, "nm": "CEM DONA FILOMENA MOREIRA DE PAULA", "nm_mun": "MIRACEMA DO TOCANTINS", "aptos": 2195, "imp": 0}}, {"type": "Feature", "geometry": {"type": "Point", "coordinates": [-48.396253, -9.558423]}, "properties": {"i": 630, "mun": 94617, "ibge": 1713205, "z": 5, "l": 1090, "nm": "ESCOLA EST. OSCAR SARDINHA", "nm_mun": "MIRACEMA DO TOCANTINS", "aptos": 945, "imp": 0}}, {"type": "Feature", "geometry": {"type": "Point", "coordinates": [-48.4003, -9.58756]}, "properties": {"i": 631, "mun": 94617, "ibge": 1713205, "z": 5, "l": 1104, "nm": "ESC. MUN. BRIGADEIRO LISIAS RODRIGUES", "nm_mun": "MIRACEMA DO TOCANTINS", "aptos": 357, "imp": 0}}, {"type": "Feature", "geometry": {"type": "Point", "coordinates": [-48.405332, -9.56921]}, "properties": {"i": 632, "mun": 94617, "ibge": 1713205, "z": 5, "l": 1112, "nm": "UNIVERSIDADE FEDERAL DO TOCANTINS", "nm_mun": "MIRACEMA DO TOCANTINS", "aptos": 2317, "imp": 0}}, {"type": "Feature", "geometry": {"type": "Point", "coordinates": [-48.390322, -9.560324]}, "properties": {"i": 633, "mun": 94617, "ibge": 1713205, "z": 5, "l": 1139, "nm": "ESC. MUN. VALE DO TOCANTINS", "nm_mun": "MIRACEMA DO TOCANTINS", "aptos": 590, "imp": 0}}, {"type": "Feature", "geometry": {"type": "Point", "coordinates": [-48.593136, -9.696452]}, "properties": {"i": 634, "mun": 94617, "ibge": 1713205, "z": 5, "l": 1171, "nm": "ESC. MUN. BOANERGES MOREIRA DE PAULA", "nm_mun": "MIRACEMA DO TOCANTINS", "aptos": 165, "imp": 0}}, {"type": "Feature", "geometry": {"type": "Point", "coordinates": [-48.59069, -9.537298]}, "properties": {"i": 635, "mun": 94633, "ibge": 1713304, "z": 28, "l": 1015, "nm": "ESCOLA ESTADUAL NOSSA SENHORA DA PROVIDENCIA", "nm_mun": "MIRANORTE", "aptos": 3682, "imp": 0}}, {"type": "Feature", "geometry": {"type": "Point", "coordinates": [-48.591173, -9.536457]}, "properties": {"i": 636, "mun": 94633, "ibge": 1713304, "z": 28, "l": 1023, "nm": "CEM - RUI BRASIL CAVALCANTE", "nm_mun": "MIRANORTE", "aptos": 3907, "imp": 0}}, {"type": "Feature", "geometry": {"type": "Point", "coordinates": [-48.589533, -9.52593]}, "properties": {"i": 637, "mun": 94633, "ibge": 1713304, "z": 28, "l": 1031, "nm": "ESCOLA MUNICIPAL ANTONIO PEREIRA DE SOUSA", "nm_mun": "MIRANORTE", "aptos": 948, "imp": 0}}, {"type": "Feature", "geometry": {"type": "Point", "coordinates": [-48.587837, -9.533168]}, "properties": {"i": 638, "mun": 94633, "ibge": 1713304, "z": 28, "l": 1040, "nm": "ESCOLA MUNICIPAL ANTÔNIO PEREIRA DE SOUSA - ANEXO I", "nm_mun": "MIRANORTE", "aptos": 1574, "imp": 0}}, {"type": "Feature", "geometry": {"type": "Point", "coordinates": [-48.111954, -10.765332]}, "properties": {"i": 639, "mun": 94692, "ibge": 1713601, "z": 3, "l": 1015, "nm": "ESCOLA ESTADUAL PADRE GAMA", "nm_mun": "MONTE DO CARMO", "aptos": 1970, "imp": 0}}, {"type": "Feature", "geometry": {"type": "Point", "coordinates": [-48.113486, -10.77194]}, "properties": {"i": 640, "mun": 94692, "ibge": 1713601, "z": 3, "l": 1023, "nm": "ESCOLA MUNICIPAL DURVAL SILVA", "nm_mun": "MONTE DO CARMO", "aptos": 1306, "imp": 0}}, {"type": "Feature", "geometry": {"type": "Point", "coordinates": [-48.105169, -11.108475]}, "properties": {"i": 641, "mun": 94692, "ibge": 1713601, "z": 3, "l": 1058, "nm": "ESCOLA MUNICIPAL MC 4", "nm_mun": "MONTE DO CARMO", "aptos": 83, "imp": 0}}, {"type": "Feature", "geometry": {"type": "Point", "coordinates": [-48.107118, -10.762286]}, "properties": {"i": 642, "mun": 94692, "ibge": 1713601, "z": 3, "l": 1074, "nm": "ESCOLA ESTADUAL MESTRA BELA", "nm_mun": "MONTE DO CARMO", "aptos": 1120, "imp": 0}}, {"type": "Feature", "geometry": {"type": "Point", "coordinates": [-48.091582, -10.96109]}, "properties": {"i": 643, "mun": 94692, "ibge": 1713601, "z": 3, "l": 1120, "nm": "ESCOLA ESTADUAL CHE GUEVARA - ANTIGO PROF. ADONIAS.", "nm_mun": "MONTE DO CARMO", "aptos": 298, "imp": 0}}, {"type": "Feature", "geometry": {"type": "Point", "coordinates": [-48.238978, -10.559402]}, "properties": {"i": 644, "mun": 94692, "ibge": 1713601, "z": 3, "l": 1155, "nm": "ESCOLA MUNICIPAL ZEZÉ PEDREIRA", "nm_mun": "MONTE DO CARMO", "aptos": 228, "imp": 0}}, {"type": "Feature", "geometry": {"type": "Point", "coordinates": [-48.194796, -6.947023]}, "properties": {"i": 645, "mun": 94692, "ibge": 1713601, "z": 3, "l": 1163, "nm": "ESCOLA ESTADUAL DINA DE OLIVEIRA", "nm_mun": "MONTE DO CARMO", "aptos": 113, "imp": 1}}, {"type": "Feature", "geometry": {"type": "Point", "coordinates": [-47.726307, -11.710174]}, "properties": {"i": 646, "mun": 94811, "ibge": 1714203, "z": 19, "l": 1015, "nm": "ESCOLA ESTADUAL DR QUINTILIANO DA SILVA ", "nm_mun": "NATIVIDADE", "aptos": 1735, "imp": 0}}, {"type": "Feature", "geometry": {"type": "Point", "coordinates": [-47.725218, -11.704594]}, "properties": {"i": 647, "mun": 94811, "ibge": 1714203, "z": 19, "l": 1023, "nm": "ESCOLA ESTADUAL NOSSA SENHORA DE FÁTIMA / O PELICANO", "nm_mun": "NATIVIDADE", "aptos": 1175, "imp": 0}}, {"type": "Feature", "geometry": {"type": "Point", "coordinates": [-47.728088, -11.710944]}, "properties": {"i": 648, "mun": 94811, "ibge": 1714203, "z": 19, "l": 1031, "nm": "ESCOLA ESPECIAL CORACI DE SENA FERNANDES", "nm_mun": "NATIVIDADE", "aptos": 662, "imp": 0}}, {"type": "Feature", "geometry": {"type": "Point", "coordinates": [-47.72096, -11.697831]}, "properties": {"i": 649, "mun": 94811, "ibge": 1714203, "z": 19, "l": 1040, "nm": "ESCOLA ESTADUAL JOAQUIM LINO SUARTE", "nm_mun": "NATIVIDADE", "aptos": 816, "imp": 0}}, {"type": "Feature", "geometry": {"type": "Point", "coordinates": [-47.614038, -11.938944]}, "properties": {"i": 650, "mun": 94811, "ibge": 1714203, "z": 19, "l": 1090, "nm": "ESCOLA MUNICIPAL DONA JOSINA PEREIRA NUNES", "nm_mun": "NATIVIDADE", "aptos": 492, "imp": 0}}, {"type": "Feature", "geometry": {"type": "Point", "coordinates": [-47.614109, -11.82847]}, "properties": {"i": 651, "mun": 94811, "ibge": 1714203, "z": 19, "l": 1104, "nm": "ESPAÇO ACOL. D. FELIPA F. DE OLIVEIRA DO SANT. SENHOR. DO BONFIM", "nm_mun": "NATIVIDADE", "aptos": 121, "imp": 0}}, {"type": "Feature", "geometry": {"type": "Point", "coordinates": [-47.559175, -11.678132]}, "properties": {"i": 652, "mun": 94811, "ibge": 1714203, "z": 19, "l": 1112, "nm": "ESCOLA MUNICIPAL JACUBINHA I", "nm_mun": "NATIVIDADE", "aptos": 171, "imp": 0}}, {"type": "Feature", "geometry": {"type": "Point", "coordinates": [-47.729477, -11.706737]}, "properties": {"i": 653, "mun": 94811, "ibge": 1714203, "z": 19, "l": 1120, "nm": "ESCOLA MUNICIPAL ARCHCELINA PACINI VIEIRA", "nm_mun": "NATIVIDADE", "aptos": 842, "imp": 0}}, {"type": "Feature", "geometry": {"type": "Point", "coordinates": [-47.732217, -11.702934]}, "properties": {"i": 654, "mun": 94811, "ibge": 1714203, "z": 19, "l": 1163, "nm": "CRECHE TIA CHIQUINHA", "nm_mun": "NATIVIDADE", "aptos": 820, "imp": 0}}, {"type": "Feature", "geometry": {"type": "Point", "coordinates": [-47.660148, -6.374295]}, "properties": {"i": 655, "mun": 94838, "ibge": 1714302, "z": 9, "l": 1023, "nm": "ESCOLA ESTADUAL PRESIDENTE CASTELO BRANCO (PADRÃO)", "nm_mun": "NAZARÉ", "aptos": 2457, "imp": 0}}, {"type": "Feature", "geometry": {"type": "Point", "coordinates": [-47.793283, -6.315548]}, "properties": {"i": 656, "mun": 94838, "ibge": 1714302, "z": 9, "l": 1074, "nm": "ESCOLA ESTADUAL PIAÇAVA", "nm_mun": "NAZARÉ", "aptos": 511, "imp": 0}}, {"type": "Feature", "geometry": {"type": "Point", "coordinates": [-47.84076, -6.332597]}, "properties": {"i": 657, "mun": 94838, "ibge": 1714302, "z": 9, "l": 1082, "nm": "ESCOLA MUNICIPAL DOMINGOS DE CASTRO RIBEIRO", "nm_mun": "NAZARÉ", "aptos": 552, "imp": 0}}, {"type": "Feature", "geometry": {"type": "Point", "coordinates": [-47.860995, -6.274455]}, "properties": {"i": 658, "mun": 94838, "ibge": 1714302, "z": 9, "l": 1104, "nm": "ESCOLA MUNICIPAL SANTO ANTÔNIO", "nm_mun": "NAZARÉ", "aptos": 294, "imp": 0}}, {"type": "Feature", "geometry": {"type": "Point", "coordinates": [-47.741288, -6.373507]}, "properties": {"i": 659, "mun": 94838, "ibge": 1714302, "z": 9, "l": 1112, "nm": "ESCOLA MUNICIPAL MARIANO MORAIS", "nm_mun": "NAZARÉ", "aptos": 317, "imp": 0}}, {"type": "Feature", "geometry": {"type": "Point", "coordinates": [-47.675695, -9.963418]}, "properties": {"i": 660, "mun": 94994, "ibge": 1715101, "z": 35, "l": 1015, "nm": "ESCOLA ESTADUAL PROFª ELIACENA MOURA LEITÃO", "nm_mun": "NOVO ACORDO", "aptos": 2182, "imp": 0}}, {"type": "Feature", "geometry": {"type": "Point", "coordinates": [-47.772187, -10.136205]}, "properties": {"i": 661, "mun": 94994, "ibge": 1715101, "z": 35, "l": 1023, "nm": "ESCOLA MUNICIPAL DEUSIANO COELHO DE SOUSA", "nm_mun": "NOVO ACORDO", "aptos": 279, "imp": 0}}, {"type": "Feature", "geometry": {"type": "Point", "coordinates": [-47.681222, -9.96504]}, "properties": {"i": 662, "mun": 94994, "ibge": 1715101, "z": 35, "l": 1031, "nm": "ESCOLA MUNICIPAL RUIDELMAR LIMEIRA BORGES", "nm_mun": "NOVO ACORDO", "aptos": 1682, "imp": 0}}, {"type": "Feature", "geometry": {"type": "Point", "coordinates": [-48.883705, -10.174107]}, "properties": {"i": 663, "mun": 95192, "ibge": 1716109, "z": 7, "l": 1015, "nm": "ESCOLA ESTADUAL DEUSA MORAES", "nm_mun": "PARAÍSO DO TOCANTINS", "aptos": 1158, "imp": 0}}, {"type": "Feature", "geometry": {"type": "Point", "coordinates": [-48.887258, -10.172934]}, "properties": {"i": 664, "mun": 95192, "ibge": 1716109, "z": 7, "l": 1023, "nm": "UNITINS - UNIVERSIDADE ESTADUAL DO TOCANTINS- CAMPUS DE PARAÍSO", "nm_mun": "PARAÍSO DO TOCANTINS", "aptos": 1130, "imp": 0}}, {"type": "Feature", "geometry": {"type": "Point", "coordinates": [-48.887243, -10.177423]}, "properties": {"i": 665, "mun": 95192, "ibge": 1716109, "z": 7, "l": 1031, "nm": "COLEGIO SÃO GERALDO", "nm_mun": "PARAÍSO DO TOCANTINS", "aptos": 2819, "imp": 0}}, {"type": "Feature", "geometry": {"type": "Point", "coordinates": [-48.888928, -10.174508]}, "properties": {"i": 666, "mun": 95192, "ibge": 1716109, "z": 7, "l": 1040, "nm": "CENTRO DE ENSINO MÉDIO JOSÉ ALVES DE ASSIS", "nm_mun": "PARAÍSO DO TOCANTINS", "aptos": 2549, "imp": 0}}, {"type": "Feature", "geometry": {"type": "Point", "coordinates": [-48.88709, -10.177976]}, "properties": {"i": 667, "mun": 95192, "ibge": 1716109, "z": 7, "l": 1058, "nm": "ESCOLA ESTADUAL AMÂNCIO DE MORAES", "nm_mun": "PARAÍSO DO TOCANTINS", "aptos": 1426, "imp": 0}}, {"type": "Feature", "geometry": {"type": "Point", "coordinates": [-48.881841, -10.174987]}, "properties": {"i": 668, "mun": 95192, "ibge": 1716109, "z": 7, "l": 1066, "nm": "INSTITUTO PRESBITERIANO VALE DO TOCANTINS", "nm_mun": "PARAÍSO DO TOCANTINS", "aptos": 1848, "imp": 0}}, {"type": "Feature", "geometry": {"type": "Point", "coordinates": [-48.88449, -10.171167]}, "properties": {"i": 669, "mun": 95192, "ibge": 1716109, "z": 7, "l": 1082, "nm": "ESCOLA RAIO DE SOL", "nm_mun": "PARAÍSO DO TOCANTINS", "aptos": 731, "imp": 0}}, {"type": "Feature", "geometry": {"type": "Point", "coordinates": [-48.896467, -10.18132]}, "properties": {"i": 670, "mun": 95192, "ibge": 1716109, "z": 7, "l": 1090, "nm": "COLÉGIO ESTADUAL IDALINA DE PAULA", "nm_mun": "PARAÍSO DO TOCANTINS", "aptos": 1640, "imp": 0}}, {"type": "Feature", "geometry": {"type": "Point", "coordinates": [-48.882901, -10.164829]}, "properties": {"i": 671, "mun": 95192, "ibge": 1716109, "z": 7, "l": 1104, "nm": "FACULDADE DE EDUCAÇÃO, CIÊNCIAS E LETRAS DE PARAÍSO-TO - FECIPAR", "nm_mun": "PARAÍSO DO TOCANTINS", "aptos": 751, "imp": 0}}, {"type": "Feature", "geometry": {"type": "Point", "coordinates": [-48.891033, -10.180136]}, "properties": {"i": 672, "mun": 95192, "ibge": 1716109, "z": 7, "l": 1112, "nm": "ESCOLA MUNICIPAL DE 1 GRAU 23 DE OUTUBRO", "nm_mun": "PARAÍSO DO TOCANTINS", "aptos": 1136, "imp": 0}}, {"type": "Feature", "geometry": {"type": "Point", "coordinates": [-48.874452, -10.167136]}, "properties": {"i": 673, "mun": 95192, "ibge": 1716109, "z": 7, "l": 1120, "nm": "ESCOLA ESTADUAL JUSCELINO KUBITSCHEK DE OLIVEIRA", "nm_mun": "PARAÍSO DO TOCANTINS", "aptos": 1315, "imp": 0}}, {"type": "Feature", "geometry": {"type": "Point", "coordinates": [-48.895276, -10.173469]}, "properties": {"i": 674, "mun": 95192, "ibge": 1716109, "z": 7, "l": 1139, "nm": "ESCOLA MUNICIPAL DE 1 GRAU JARDIM PAULISTA", "nm_mun": "PARAÍSO DO TOCANTINS", "aptos": 1118, "imp": 0}}, {"type": "Feature", "geometry": {"type": "Point", "coordinates": [-48.890366, -10.193048]}, "properties": {"i": 675, "mun": 95192, "ibge": 1716109, "z": 7, "l": 1147, "nm": "ESCOLA MUNICIPAL DE 1 GRAU POUSO ALEGRE", "nm_mun": "PARAÍSO DO TOCANTINS", "aptos": 1635, "imp": 0}}, {"type": "Feature", "geometry": {"type": "Point", "coordinates": [-48.886437, -10.145623]}, "properties": {"i": 676, "mun": 95192, "ibge": 1716109, "z": 7, "l": 1155, "nm": "CMEI - PROFESSORA CONCEIÇÃO VILANI CAMPOS DUTRA BRAGA", "nm_mun": "PARAÍSO DO TOCANTINS", "aptos": 279, "imp": 0}}, {"type": "Feature", "geometry": {"type": "Point", "coordinates": [-48.766885, -10.034553]}, "properties": {"i": 677, "mun": 95192, "ibge": 1716109, "z": 7, "l": 1198, "nm": "ESCOLA MUNICIPAL SANTA ROSA", "nm_mun": "PARAÍSO DO TOCANTINS", "aptos": 200, "imp": 0}}, {"type": "Feature", "geometry": {"type": "Point", "coordinates": [-48.889683, -10.19304]}, "properties": {"i": 678, "mun": 95192, "ibge": 1716109, "z": 7, "l": 1201, "nm": "COLEGIO ESTADUAL PROFESSOR JOSÉ NEZIO RAMOS", "nm_mun": "PARAÍSO DO TOCANTINS", "aptos": 1409, "imp": 0}}, {"type": "Feature", "geometry": {"type": "Point", "coordinates": [-48.897805, -10.167562]}, "properties": {"i": 679, "mun": 95192, "ibge": 1716109, "z": 7, "l": 1210, "nm": "COLEGIO ESTADUAL CÍVICO E MILITAR SAO JOSE OPERARIO", "nm_mun": "PARAÍSO DO TOCANTINS", "aptos": 1976, "imp": 0}}, {"type": "Feature", "geometry": {"type": "Point", "coordinates": [-48.902922, -10.179393]}, "properties": {"i": 680, "mun": 95192, "ibge": 1716109, "z": 7, "l": 1236, "nm": "ESCOLA MUNICIPAL IRMÃ JULITA", "nm_mun": "PARAÍSO DO TOCANTINS", "aptos": 1390, "imp": 0}}, {"type": "Feature", "geometry": {"type": "Point", "coordinates": [-48.889036, -10.193862]}, "properties": {"i": 681, "mun": 95192, "ibge": 1716109, "z": 7, "l": 1244, "nm": "ESCOLA MUNICIPAL LUZIA TAVARES", "nm_mun": "PARAÍSO DO TOCANTINS", "aptos": 1600, "imp": 0}}, {"type": "Feature", "geometry": {"type": "Point", "coordinates": [-48.888073, -10.268482]}, "properties": {"i": 682, "mun": 95192, "ibge": 1716109, "z": 7, "l": 1252, "nm": "INSTITUTO FEDERAL DE EDUCAÇÃO, CIÊNCIA E TECNOLOGIA DO TOCANTINS", "nm_mun": "PARAÍSO DO TOCANTINS", "aptos": 258, "imp": 0}}, {"type": "Feature", "geometry": {"type": "Point", "coordinates": [-48.902923, -10.201568]}, "properties": {"i": 683, "mun": 95192, "ibge": 1716109, "z": 7, "l": 1260, "nm": "ESCOLA MUL PROF ADÉLIA AGUIAR BARBOSA", "nm_mun": "PARAÍSO DO TOCANTINS", "aptos": 1571, "imp": 0}}, {"type": "Feature", "geometry": {"type": "Point", "coordinates": [-48.887484, -10.157136]}, "properties": {"i": 684, "mun": 95192, "ibge": 1716109, "z": 7, "l": 1279, "nm": "ESCOLA MUNICIPAL VEREADOR JOSÉ ODETE", "nm_mun": "PARAÍSO DO TOCANTINS", "aptos": 1074, "imp": 0}}, {"type": "Feature", "geometry": {"type": "Point", "coordinates": [-48.884921, -10.193449]}, "properties": {"i": 685, "mun": 95192, "ibge": 1716109, "z": 7, "l": 1287, "nm": "ESCOLA MUNICIPAL JOSÉ RIBEIRO TORRES", "nm_mun": "PARAÍSO DO TOCANTINS", "aptos": 1367, "imp": 0}}, {"type": "Feature", "geometry": {"type": "Point", "coordinates": [-48.899699, -10.19614]}, "properties": {"i": 686, "mun": 95192, "ibge": 1716109, "z": 7, "l": 1309, "nm": "COLÉGIO MILITAR DO ESTADO DO TOCANTINS DIACONÍZIO BEZERRA DA SILVA", "nm_mun": "PARAÍSO DO TOCANTINS", "aptos": 1996, "imp": 0}}, {"type": "Feature", "geometry": {"type": "Point", "coordinates": [-48.896138, -10.18181]}, "properties": {"i": 687, "mun": 95192, "ibge": 1716109, "z": 7, "l": 1317, "nm": "ANEXO - ESCOLA MUNICIPAL IRMÃ JULITA", "nm_mun": "PARAÍSO DO TOCANTINS", "aptos": 787, "imp": 0}}, {"type": "Feature", "geometry": {"type": "Point", "coordinates": [-48.889557, -10.154213]}, "properties": {"i": 688, "mun": 95192, "ibge": 1716109, "z": 7, "l": 1325, "nm": "SESC LER - SERVIÇO SOCIAL DO COMÉRCIO TOCANTINS", "nm_mun": "PARAÍSO DO TOCANTINS", "aptos": 796, "imp": 0}}, {"type": "Feature", "geometry": {"type": "Point", "coordinates": [-48.894558, -10.202314]}, "properties": {"i": 689, "mun": 95192, "ibge": 1716109, "z": 7, "l": 1333, "nm": "SENAI - PARAÍSO DO TOCANTINS", "nm_mun": "PARAÍSO DO TOCANTINS", "aptos": 1024, "imp": 0}}, {"type": "Feature", "geometry": {"type": "Point", "coordinates": [-49.126189, -12.47287]}, "properties": {"i": 690, "mun": 95192, "ibge": 1716109, "z": 7, "l": 1350, "nm": "CMEI - SONHO DE CRIANÇA - ARCO-ÍRIS", "nm_mun": "PARAÍSO DO TOCANTINS", "aptos": 1139, "imp": 1}}, {"type": "Feature", "geometry": {"type": "Point", "coordinates": [-47.879146, -12.616095]}, "properties": {"i": 691, "mun": 95214, "ibge": 1716208, "z": 18, "l": 1015, "nm": "COLÉGIO ESTADUAL DES VIRGILIO DE MELO FRANCO", "nm_mun": "PARANÃ", "aptos": 1443, "imp": 0}}, {"type": "Feature", "geometry": {"type": "Point", "coordinates": [-47.879706, -12.616245]}, "properties": {"i": 692, "mun": 95214, "ibge": 1716208, "z": 18, "l": 1040, "nm": "COLÉGIO ESTADUAL EUCLIDES BEZERRA GERAIS", "nm_mun": "PARANÃ", "aptos": 1666, "imp": 0}}, {"type": "Feature", "geometry": {"type": "Point", "coordinates": [-47.766674, -13.116214]}, "properties": {"i": 693, "mun": 95214, "ibge": 1716208, "z": 18, "l": 1074, "nm": "COLÉGIO ESTADUAL FLORESTA", "nm_mun": "PARANÃ", "aptos": 674, "imp": 0}}, {"type": "Feature", "geometry": {"type": "Point", "coordinates": [-47.561217, -12.625512]}, "properties": {"i": 694, "mun": 95214, "ibge": 1716208, "z": 18, "l": 1082, "nm": "ESCOLA ESTADUAL SANTA RITA DO RIO PALMA", "nm_mun": "PARANÃ", "aptos": 801, "imp": 0}}, {"type": "Feature", "geometry": {"type": "Point", "coordinates": [-48.055855, -12.16243]}, "properties": {"i": 695, "mun": 95214, "ibge": 1716208, "z": 18, "l": 1090, "nm": "COLÉGIO MUNICIPAL DO TIGRE", "nm_mun": "PARANÃ", "aptos": 179, "imp": 0}}, {"type": "Feature", "geometry": {"type": "Point", "coordinates": [-47.872017, -12.614468]}, "properties": {"i": 696, "mun": 95214, "ibge": 1716208, "z": 18, "l": 1210, "nm": "ESCOLA MUNICIPAL FLORACY BONFIM  PEREIRA DE ARAÚJO", "nm_mun": "PARANÃ", "aptos": 1657, "imp": 0}}, {"type": "Feature", "geometry": {"type": "Point", "coordinates": [-47.880142, -12.616012]}, "properties": {"i": 697, "mun": 95214, "ibge": 1716208, "z": 18, "l": 1228, "nm": "ESCOLA MUNICIPAL SOLDADINHO DE JESUS", "nm_mun": "PARANÃ", "aptos": 1273, "imp": 0}}, {"type": "Feature", "geometry": {"type": "Point", "coordinates": [-48.482027, -8.391684]}, "properties": {"i": 698, "mun": 95214, "ibge": 1716208, "z": 18, "l": 1236, "nm": "CMEI PROFª CLEUSA SOUZA BENEVIDES BEZERRA", "nm_mun": "PARANÃ", "aptos": 789, "imp": 1}}, {"type": "Feature", "geometry": {"type": "Point", "coordinates": [-48.877319, -8.928514]}, "properties": {"i": 699, "mun": 95214, "ibge": 1716208, "z": 18, "l": 1244, "nm": "ESCOLA MUNICIPAL MUCAMBO", "nm_mun": "PARANÃ", "aptos": 74, "imp": 1}}, {"type": "Feature", "geometry": {"type": "Point", "coordinates": [-46.938917, -9.820505]}, "properties": {"i": 700, "mun": 95214, "ibge": 1716208, "z": 18, "l": 1252, "nm": "ESCOLA MUNICIPAL ALBINO", "nm_mun": "PARANÃ", "aptos": 43, "imp": 1}}, {"type": "Feature", "geometry": {"type": "Point", "coordinates": [-48.175817, -8.967582]}, "properties": {"i": 701, "mun": 95257, "ibge": 1716505, "z": 23, "l": 1015, "nm": "COLÉGIO CRISTO REI", "nm_mun": "PEDRO AFONSO", "aptos": 2131, "imp": 0}}, {"type": "Feature", "geometry": {"type": "Point", "coordinates": [-48.17579, -8.968997]}, "properties": {"i": 702, "mun": 95257, "ibge": 1716505, "z": 23, "l": 1023, "nm": "ESCOLA MUNICIPAL JANDEVAN", "nm_mun": "PEDRO AFONSO", "aptos": 604, "imp": 0}}, {"type": "Feature", "geometry": {"type": "Point", "coordinates": [-48.17633, -8.97528]}, "properties": {"i": 703, "mun": 95257, "ibge": 1716505, "z": 23, "l": 1031, "nm": "ESCOLA ESTADUAL ANA AMORIM", "nm_mun": "PEDRO AFONSO", "aptos": 1384, "imp": 0}}, {"type": "Feature", "geometry": {"type": "Point", "coordinates": [-47.93012, -9.307197]}, "properties": {"i": 704, "mun": 95257, "ibge": 1716505, "z": 23, "l": 1066, "nm": "ESCOLA ESTADUAL DE ANAJANÓPOLIS", "nm_mun": "PEDRO AFONSO", "aptos": 294, "imp": 0}}, {"type": "Feature", "geometry": {"type": "Point", "coordinates": [-48.020968, -9.171438]}, "properties": {"i": 705, "mun": 95257, "ibge": 1716505, "z": 23, "l": 1082, "nm": "ESCOLA ESTADUAL BOM TEMPO", "nm_mun": "PEDRO AFONSO", "aptos": 140, "imp": 0}}, {"type": "Feature", "geometry": {"type": "Point", "coordinates": [-48.169348, -8.98225]}, "properties": {"i": 706, "mun": 95257, "ibge": 1716505, "z": 23, "l": 1090, "nm": "ESCOLA MUNICIPAL SOUSA AGUIAR", "nm_mun": "PEDRO AFONSO", "aptos": 2340, "imp": 0}}, {"type": "Feature", "geometry": {"type": "Point", "coordinates": [-48.209258, -9.308957]}, "properties": {"i": 707, "mun": 95257, "ibge": 1716505, "z": 23, "l": 1104, "nm": "ESCOLA MUNICIPAL BOA ESPERANÇA", "nm_mun": "PEDRO AFONSO", "aptos": 139, "imp": 0}}, {"type": "Feature", "geometry": {"type": "Point", "coordinates": [-48.173107, -9.014187]}, "properties": {"i": 708, "mun": 95257, "ibge": 1716505, "z": 23, "l": 1120, "nm": "UNIDADE BÁSICA DE SAÚDE MARIA CLARA BRASIL DE CARVALHO", "nm_mun": "PEDRO AFONSO", "aptos": 554, "imp": 0}}, {"type": "Feature", "geometry": {"type": "Point", "coordinates": [-48.09998, -9.429993]}, "properties": {"i": 709, "mun": 95257, "ibge": 1716505, "z": 23, "l": 1139, "nm": "ESCOLA ESTADUAL INDÍGENA WAKRERO KÂTOPKUZE", "nm_mun": "PEDRO AFONSO", "aptos": 52, "imp": 0}}, {"type": "Feature", "geometry": {"type": "Point", "coordinates": [-48.158513, -8.991825]}, "properties": {"i": 710, "mun": 95257, "ibge": 1716505, "z": 23, "l": 1155, "nm": "ESCOLA MUNICIPAL JOSÉ COMBAS ALAMEDA", "nm_mun": "PEDRO AFONSO", "aptos": 1370, "imp": 0}}, {"type": "Feature", "geometry": {"type": "Point", "coordinates": [-48.161313, -8.987868]}, "properties": {"i": 711, "mun": 95257, "ibge": 1716505, "z": 23, "l": 1163, "nm": "INSTITUTO FEDERAL DO TOCANTINS - CAMPUS AVANÇADO PEDRO AFONSO", "nm_mun": "PEDRO AFONSO", "aptos": 1823, "imp": 0}}, {"type": "Feature", "geometry": {"type": "Point", "coordinates": [-48.53793, -12.028378]}, "properties": {"i": 712, "mun": 95273, "ibge": 1716604, "z": 20, "l": 1015, "nm": "COLÉGIO ESTADUAL DOM ALANO", "nm_mun": "PEIXE", "aptos": 1677, "imp": 0}}, {"type": "Feature", "geometry": {"type": "Point", "coordinates": [-48.544918, -12.03601]}, "properties": {"i": 713, "mun": 95273, "ibge": 1716604, "z": 20, "l": 1023, "nm": "ESCOLA MUNICIPAL JUCELINO KUBITSCHEK DE OLIVEIRA", "nm_mun": "PEIXE", "aptos": 967, "imp": 0}}, {"type": "Feature", "geometry": {"type": "Point", "coordinates": [-48.539438, -12.028233]}, "properties": {"i": 714, "mun": 95273, "ibge": 1716604, "z": 20, "l": 1031, "nm": "ESCOLA ESTADUAL TANCREDO NEVES", "nm_mun": "PEIXE", "aptos": 807, "imp": 0}}, {"type": "Feature", "geometry": {"type": "Point", "coordinates": [-48.837958, -11.880122]}, "properties": {"i": 715, "mun": 95273, "ibge": 1716604, "z": 20, "l": 1082, "nm": "ESCOLA MUNICIPAL OLAVO BILAC", "nm_mun": "PEIXE", "aptos": 612, "imp": 0}}, {"type": "Feature", "geometry": {"type": "Point", "coordinates": [-48.391097, -11.84043]}, "properties": {"i": 716, "mun": 95273, "ibge": 1716604, "z": 20, "l": 1090, "nm": "ESCOLA MUNICIPAL RUI IRINEU SILVA", "nm_mun": "PEIXE", "aptos": 497, "imp": 0}}, {"type": "Feature", "geometry": {"type": "Point", "coordinates": [-48.528842, -11.593683]}, "properties": {"i": 717, "mun": 95273, "ibge": 1716604, "z": 20, "l": 1139, "nm": "ESCOLA MUNICIPAL HERCULANO DE QUEIROZ", "nm_mun": "PEIXE", "aptos": 1061, "imp": 0}}, {"type": "Feature", "geometry": {"type": "Point", "coordinates": [-48.639538, -12.344083]}, "properties": {"i": 718, "mun": 95273, "ibge": 1716604, "z": 20, "l": 1147, "nm": "ESCOLA MUNICIPAL JOSE BEZERRA DA SILVA", "nm_mun": "PEIXE", "aptos": 122, "imp": 0}}, {"type": "Feature", "geometry": {"type": "Point", "coordinates": [-48.418365, -12.105885]}, "properties": {"i": 719, "mun": 95273, "ibge": 1716604, "z": 20, "l": 1163, "nm": "ESCOLA MUNICIPAL SOL NASCENTE", "nm_mun": "PEIXE", "aptos": 199, "imp": 0}}, {"type": "Feature", "geometry": {"type": "Point", "coordinates": [-48.543028, -12.022635]}, "properties": {"i": 720, "mun": 95273, "ibge": 1716604, "z": 20, "l": 1180, "nm": "ESCOLA MUNICIPAL SAO JOSE", "nm_mun": "PEIXE", "aptos": 413, "imp": 0}}, {"type": "Feature", "geometry": {"type": "Point", "coordinates": [-48.539865, -12.04199]}, "properties": {"i": 721, "mun": 95273, "ibge": 1716604, "z": 20, "l": 1201, "nm": "ESCOLA MUNICIPAL MESTRE FRANCISCO RIBEIRO", "nm_mun": "PEIXE", "aptos": 741, "imp": 0}}, {"type": "Feature", "geometry": {"type": "Point", "coordinates": [-48.577607, -12.839385]}, "properties": {"i": 722, "mun": 95273, "ibge": 1716604, "z": 20, "l": 1210, "nm": "ASSOCIAÇÃO DOS PRODUTORES RURAIS DO ASSENTAMENTO SÃO JOSE", "nm_mun": "PEIXE", "aptos": 208, "imp": 1}}, {"type": "Feature", "geometry": {"type": "Point", "coordinates": [-48.758125, -8.728909]}, "properties": {"i": 723, "mun": 95290, "ibge": 1716703, "z": 16, "l": 1015, "nm": "COLÉGIO ESTADUAL SERRA DAS CORDILHEIRAS", "nm_mun": "COLMÉIA", "aptos": 1252, "imp": 0}}, {"type": "Feature", "geometry": {"type": "Point", "coordinates": [-48.76254, -8.731583]}, "properties": {"i": 724, "mun": 95290, "ibge": 1716703, "z": 16, "l": 1031, "nm": "APAE - ASSOCIAÇÃO DE PAES E AMIGOS DOS EXEPCIONAIS ", "nm_mun": "COLMÉIA", "aptos": 765, "imp": 0}}, {"type": "Feature", "geometry": {"type": "Point", "coordinates": [-48.749547, -8.735092]}, "properties": {"i": 725, "mun": 95290, "ibge": 1716703, "z": 16, "l": 1040, "nm": "COLÉGIO ESTADUAL ARY RIBEIRO VALADÃO FILHO CMTO XXII", "nm_mun": "COLMÉIA", "aptos": 942, "imp": 0}}, {"type": "Feature", "geometry": {"type": "Point", "coordinates": [-48.852319, -8.65091]}, "properties": {"i": 726, "mun": 95290, "ibge": 1716703, "z": 16, "l": 1058, "nm": "ESCOLA ESTADUAL JUSCELINO KUBITSCHEK DE OLIVEIRA", "nm_mun": "COLMÉIA", "aptos": 415, "imp": 0}}, {"type": "Feature", "geometry": {"type": "Point", "coordinates": [-48.748785, -8.739917]}, "properties": {"i": 727, "mun": 95290, "ibge": 1716703, "z": 16, "l": 1104, "nm": "ESCOLA MUNICIPAL JOSEFINA RIBEIRO DOS SANTOS", "nm_mun": "COLMÉIA", "aptos": 779, "imp": 0}}, {"type": "Feature", "geometry": {"type": "Point", "coordinates": [-48.6431, -8.786664]}, "properties": {"i": 728, "mun": 95290, "ibge": 1716703, "z": 16, "l": 1112, "nm": "ESCOLA MUNICIPAL CARLOS CHAGAS", "nm_mun": "COLMÉIA", "aptos": 159, "imp": 0}}, {"type": "Feature", "geometry": {"type": "Point", "coordinates": [-48.753843, -8.735903]}, "properties": {"i": 729, "mun": 95290, "ibge": 1716703, "z": 16, "l": 1139, "nm": "CMEI FABIANO RIBEIRO DE OLIVEIRA", "nm_mun": "COLMÉIA", "aptos": 673, "imp": 0}}, {"type": "Feature", "geometry": {"type": "Point", "coordinates": [-48.764741, -8.729242]}, "properties": {"i": 730, "mun": 95290, "ibge": 1716703, "z": 16, "l": 1147, "nm": "CENTRO EDUCACIONAL ARTE DO SABER", "nm_mun": "COLMÉIA", "aptos": 308, "imp": 0}}, {"type": "Feature", "geometry": {"type": "Point", "coordinates": [-48.757078, -8.730106]}, "properties": {"i": 731, "mun": 95290, "ibge": 1716703, "z": 16, "l": 1155, "nm": "CMEI EURIPADES VIEIRA DE SOUSA", "nm_mun": "COLMÉIA", "aptos": 826, "imp": 0}}, {"type": "Feature", "geometry": {"type": "Point", "coordinates": [-48.757805, -8.732651]}, "properties": {"i": 732, "mun": 95290, "ibge": 1716703, "z": 16, "l": 1163, "nm": "ESCOLA MUNICIPAL MARECHAL HUMBERTO CASTELO BRANCO", "nm_mun": "COLMÉIA", "aptos": 443, "imp": 0}}, {"type": "Feature", "geometry": {"type": "Point", "coordinates": [-47.31477, -7.713948]}, "properties": {"i": 733, "mun": 95338, "ibge": 1709005, "z": 32, "l": 1023, "nm": "COLEGIO ESTADUAL ADA DE ASSIS TEIXEIRA", "nm_mun": "GOIATINS", "aptos": 2938, "imp": 0}}, {"type": "Feature", "geometry": {"type": "Point", "coordinates": [-47.31915, -7.71304]}, "properties": {"i": 734, "mun": 95338, "ibge": 1709005, "z": 32, "l": 1031, "nm": "CRECHE MUNICIPAL GENTE PEQUENA", "nm_mun": "GOIATINS", "aptos": 1313, "imp": 0}}, {"type": "Feature", "geometry": {"type": "Point", "coordinates": [-47.65002, -8.105923]}, "properties": {"i": 735, "mun": 95338, "ibge": 1709005, "z": 32, "l": 1074, "nm": "ESCOLA MUNICIPAL PEDRO BENTO DA LUZ", "nm_mun": "GOIATINS", "aptos": 376, "imp": 0}}, {"type": "Feature", "geometry": {"type": "Point", "coordinates": [-47.1103, -7.990307]}, "properties": {"i": 736, "mun": 95338, "ibge": 1709005, "z": 32, "l": 1082, "nm": "ESCOLA MAURICIO DE ANDRADE", "nm_mun": "GOIATINS", "aptos": 293, "imp": 0}}, {"type": "Feature", "geometry": {"type": "Point", "coordinates": [-47.763423, -8.384307]}, "properties": {"i": 737, "mun": 95338, "ibge": 1709005, "z": 32, "l": 1090, "nm": "ESCOLA MUNICIPAL GREGÓRIO DE ASSIS", "nm_mun": "GOIATINS", "aptos": 1370, "imp": 0}}, {"type": "Feature", "geometry": {"type": "Point", "coordinates": [-47.697093, -7.979733]}, "properties": {"i": 738, "mun": 95338, "ibge": 1709005, "z": 32, "l": 1104, "nm": "ESCOLA HONORATO JOSE DA CRUZ", "nm_mun": "GOIATINS", "aptos": 530, "imp": 0}}, {"type": "Feature", "geometry": {"type": "Point", "coordinates": [-47.191042, -8.105557]}, "properties": {"i": 739, "mun": 95338, "ibge": 1709005, "z": 32, "l": 1112, "nm": "GRUPO MUNICIPAL JOSE DE CARVALHO", "nm_mun": "GOIATINS", "aptos": 647, "imp": 0}}, {"type": "Feature", "geometry": {"type": "Point", "coordinates": [-47.303228, -7.915177]}, "properties": {"i": 740, "mun": 95338, "ibge": 1709005, "z": 32, "l": 1139, "nm": "ESCOLA MUNICIPAL SAO MIGUEL", "nm_mun": "GOIATINS", "aptos": 167, "imp": 0}}, {"type": "Feature", "geometry": {"type": "Point", "coordinates": [-47.256953, -8.046397]}, "properties": {"i": 741, "mun": 95338, "ibge": 1709005, "z": 32, "l": 1171, "nm": "ESCOLA INDIGENA TXUARET", "nm_mun": "GOIATINS", "aptos": 129, "imp": 0}}, {"type": "Feature", "geometry": {"type": "Point", "coordinates": [-47.636508, -8.29964]}, "properties": {"i": 742, "mun": 95338, "ibge": 1709005, "z": 32, "l": 1180, "nm": "ESCOLA INDIGENA TOROAKO", "nm_mun": "GOIATINS", "aptos": 390, "imp": 0}}, {"type": "Feature", "geometry": {"type": "Point", "coordinates": [-47.513842, -8.256533]}, "properties": {"i": 743, "mun": 95338, "ibge": 1709005, "z": 32, "l": 1198, "nm": "ESCOLA ESTADUAL INDÍGENA CROKROC", "nm_mun": "GOIATINS", "aptos": 343, "imp": 0}}, {"type": "Feature", "geometry": {"type": "Point", "coordinates": [-47.325382, -7.704868]}, "properties": {"i": 744, "mun": 95338, "ibge": 1709005, "z": 32, "l": 1201, "nm": "ESCOLA MUNICIPAL LUZIA MACHADO FEITOSA", "nm_mun": "GOIATINS", "aptos": 332, "imp": 0}}, {"type": "Feature", "geometry": {"type": "Point", "coordinates": [-47.581203, -11.134763]}, "properties": {"i": 745, "mun": 95370, "ibge": 1717008, "z": 26, "l": 1015, "nm": "ESCOLA ESTADUAL JOSÉ ALVES DE ASSIS", "nm_mun": "PINDORAMA DO TOCANTINS", "aptos": 875, "imp": 0}}, {"type": "Feature", "geometry": {"type": "Point", "coordinates": [-47.576343, -11.140766]}, "properties": {"i": 746, "mun": 95370, "ibge": 1717008, "z": 26, "l": 1023, "nm": "COLÉGIO DE TEMPO INTEGRAL GIRASSOL MANOEL DOS SANTOS ROSAL", "nm_mun": "PINDORAMA DO TOCANTINS", "aptos": 1364, "imp": 0}}, {"type": "Feature", "geometry": {"type": "Point", "coordinates": [-47.57787, -11.134078]}, "properties": {"i": 747, "mun": 95370, "ibge": 1717008, "z": 26, "l": 1031, "nm": "ESCOLA MUNICIPAL JOSEFA BELEM", "nm_mun": "PINDORAMA DO TOCANTINS", "aptos": 942, "imp": 0}}, {"type": "Feature", "geometry": {"type": "Point", "coordinates": [-47.582527, -11.13452]}, "properties": {"i": 748, "mun": 95370, "ibge": 1717008, "z": 26, "l": 1040, "nm": "CENTRO MUNICIPAL DE EDUCAÇÃO INFANTIL TIA CARMOSINA GONÇALVES", "nm_mun": "PINDORAMA DO TOCANTINS", "aptos": 289, "imp": 0}}, {"type": "Feature", "geometry": {"type": "Point", "coordinates": [-47.538818, -10.746463]}, "properties": {"i": 749, "mun": 95370, "ibge": 1717008, "z": 26, "l": 1066, "nm": "CÂMARA MUNICIPAL", "nm_mun": "PINDORAMA DO TOCANTINS", "aptos": 243, "imp": 1}}, {"type": "Feature", "geometry": {"type": "Point", "coordinates": [-49.174019, -10.442263]}, "properties": {"i": 750, "mun": 95478, "ibge": 1717503, "z": 13, "l": 1015, "nm": "ESCOLA MUNICIPAL DONA LINDAURA OLIVEIRA MORAES", "nm_mun": "PIUM", "aptos": 2026, "imp": 0}}, {"type": "Feature", "geometry": {"type": "Point", "coordinates": [-49.179549, -10.441617]}, "properties": {"i": 751, "mun": 95478, "ibge": 1717503, "z": 13, "l": 1023, "nm": "ESCOLA ESTADUAL BARTOLOMEU BUENO", "nm_mun": "PIUM", "aptos": 2928, "imp": 0}}, {"type": "Feature", "geometry": {"type": "Point", "coordinates": [-49.639319, -10.04801]}, "properties": {"i": 752, "mun": 95478, "ibge": 1717503, "z": 13, "l": 1031, "nm": "ESCOLA MUNICIPAL JOÃO TEIXEIRA FILHO", "nm_mun": "PIUM", "aptos": 592, "imp": 0}}, {"type": "Feature", "geometry": {"type": "Point", "coordinates": [-50.48169, -10.47318]}, "properties": {"i": 753, "mun": 95478, "ibge": 1717503, "z": 13, "l": 1058, "nm": "ESCOLA INDIGENA DO 1O GRAU HERYRI HAWA", "nm_mun": "PIUM", "aptos": 425, "imp": 0}}, {"type": "Feature", "geometry": {"type": "Point", "coordinates": [-46.480618, -12.091214]}, "properties": {"i": 754, "mun": 95516, "ibge": 1717800, "z": 17, "l": 1015, "nm": "ESCOLA ESTADUAL ANTONIO CARLOS DE FRANCA", "nm_mun": "PONTE ALTA DO BOM JESUS", "aptos": 1423, "imp": 0}}, {"type": "Feature", "geometry": {"type": "Point", "coordinates": [-46.478532, -12.086593]}, "properties": {"i": 755, "mun": 95516, "ibge": 1717800, "z": 17, "l": 1023, "nm": "ESCOLA MUNIPAL DONA ALZIRA", "nm_mun": "PONTE ALTA DO BOM JESUS", "aptos": 1359, "imp": 0}}, {"type": "Feature", "geometry": {"type": "Point", "coordinates": [-46.668967, -12.250813]}, "properties": {"i": 756, "mun": 95516, "ibge": 1717800, "z": 17, "l": 1040, "nm": "ESCOLA DONA DAMIANA", "nm_mun": "PONTE ALTA DO BOM JESUS", "aptos": 423, "imp": 0}}, {"type": "Feature", "geometry": {"type": "Point", "coordinates": [-46.501045, -11.915255]}, "properties": {"i": 757, "mun": 95516, "ibge": 1717800, "z": 17, "l": 1058, "nm": "ESCOLA ESTADUAL BOA VISTA DE BELEM", "nm_mun": "PONTE ALTA DO BOM JESUS", "aptos": 466, "imp": 0}}, {"type": "Feature", "geometry": {"type": "Point", "coordinates": [-47.538572, -10.746622]}, "properties": {"i": 758, "mun": 95532, "ibge": 1717909, "z": 26, "l": 1015, "nm": "CAMARA MUNICIPAL DE PONTE ALTA DO TOCANTINS", "nm_mun": "PONTE ALTA DO TOCANTINS", "aptos": 292, "imp": 0}}, {"type": "Feature", "geometry": {"type": "Point", "coordinates": [-47.53778, -10.746662]}, "properties": {"i": 759, "mun": 95532, "ibge": 1717909, "z": 26, "l": 1023, "nm": "ESCOLA MUNICIPAL DE EDUCAÇÃO BÁSICA CLEYTON MAIA BARROS", "nm_mun": "PONTE ALTA DO TOCANTINS", "aptos": 961, "imp": 0}}, {"type": "Feature", "geometry": {"type": "Point", "coordinates": [-47.539053, -10.743572]}, "properties": {"i": 760, "mun": 95532, "ibge": 1717909, "z": 26, "l": 1031, "nm": "COLÉGIO ESTADUAL ODOLFO SOARES", "nm_mun": "PONTE ALTA DO TOCANTINS", "aptos": 1430, "imp": 0}}, {"type": "Feature", "geometry": {"type": "Point", "coordinates": [-47.538818, -10.746463]}, "properties": {"i": 761, "mun": 95532, "ibge": 1717909, "z": 26, "l": 1040, "nm": "PREFEITURA MUNICIPAL DE PONTE ALTA DO TOCANTINS", "nm_mun": "PONTE ALTA DO TOCANTINS", "aptos": 281, "imp": 0}}, {"type": "Feature", "geometry": {"type": "Point", "coordinates": [-47.53161, -10.753168]}, "properties": {"i": 762, "mun": 95532, "ibge": 1717909, "z": 26, "l": 1058, "nm": "ESCOLA ESTADUAL GIRASSOL DE TEMPO INTEGRAL ALCIDES RUFO", "nm_mun": "PONTE ALTA DO TOCANTINS", "aptos": 704, "imp": 0}}, {"type": "Feature", "geometry": {"type": "Point", "coordinates": [-47.532047, -10.739432]}, "properties": {"i": 763, "mun": 95532, "ibge": 1717909, "z": 26, "l": 1082, "nm": "ESCOLA MUNICIPAL SABINO FERREIRA MEDEIROS", "nm_mun": "PONTE ALTA DO TOCANTINS", "aptos": 605, "imp": 0}}, {"type": "Feature", "geometry": {"type": "Point", "coordinates": [-47.620103, -10.911455]}, "properties": {"i": 764, "mun": 95532, "ibge": 1717909, "z": 26, "l": 1120, "nm": "ANTIGO POSTO DE SAÚDE DO MORRO LIMPO", "nm_mun": "PONTE ALTA DO TOCANTINS", "aptos": 99, "imp": 0}}, {"type": "Feature", "geometry": {"type": "Point", "coordinates": [-47.759172, -10.443338]}, "properties": {"i": 765, "mun": 95532, "ibge": 1717909, "z": 26, "l": 1180, "nm": "ESCOLA MUNICIPAL DOS ASSENTAMENTOS SANTA TEREZA E SANTO ONOFRE", "nm_mun": "PONTE ALTA DO TOCANTINS", "aptos": 108, "imp": 0}}, {"type": "Feature", "geometry": {"type": "Point", "coordinates": [-47.532408, -10.753242]}, "properties": {"i": 766, "mun": 95532, "ibge": 1717909, "z": 26, "l": 1198, "nm": "CRECHE PROINFÂNCIA PROFESSORA ADELAIDE AIRES DA SILVA BARROS", "nm_mun": "PONTE ALTA DO TOCANTINS", "aptos": 611, "imp": 0}}, {"type": "Feature", "geometry": {"type": "Point", "coordinates": [-47.536302, -10.750559]}, "properties": {"i": 767, "mun": 95532, "ibge": 1717909, "z": 26, "l": 1201, "nm": "ESCOLA DE EDUCAÇÃO ESPECIAL AMILSON FRAZÃO DOS REIS - APAE", "nm_mun": "PONTE ALTA DO TOCANTINS", "aptos": 270, "imp": 0}}, {"type": "Feature", "geometry": {"type": "Point", "coordinates": [-47.564522, -10.296343]}, "properties": {"i": 768, "mun": 95532, "ibge": 1717909, "z": 26, "l": 1228, "nm": "CENTRO MUNICIPAL DE EDUCAÇÃO INFANTIL RECANTO DO SABER", "nm_mun": "PONTE ALTA DO TOCANTINS", "aptos": 290, "imp": 1}}, {"type": "Feature", "geometry": {"type": "Point", "coordinates": [-48.409404, -10.709703]}, "properties": {"i": 769, "mun": 95591, "ibge": 1718204, "z": 3, "l": 1023, "nm": "APAE - ESCOLA ESPECIAL MÃE TIA EULINA BRAGA (ANTIGA DRE)", "nm_mun": "PORTO NACIONAL", "aptos": 1154, "imp": 0}}, {"type": "Feature", "geometry": {"type": "Point", "coordinates": [-48.411239, -10.714312]}, "properties": {"i": 770, "mun": 95591, "ibge": 1718204, "z": 3, "l": 1031, "nm": "CENTRO DE ENSINO MEDIO FLORÊNCIO AIRES - CEM", "nm_mun": "PORTO NACIONAL", "aptos": 2621, "imp": 0}}, {"type": "Feature", "geometry": {"type": "Point", "coordinates": [-48.459269, -10.746189]}, "properties": {"i": 771, "mun": 95591, "ibge": 1718204, "z": 3, "l": 1066, "nm": "ESCOLA ESTADUAL ALFREDO NASSER", "nm_mun": "PORTO NACIONAL", "aptos": 797, "imp": 0}}, {"type": "Feature", "geometry": {"type": "Point", "coordinates": [-48.407186, -10.711135]}, "properties": {"i": 772, "mun": 95591, "ibge": 1718204, "z": 3, "l": 1082, "nm": "ESCOLA ESTADUAL DOM DOMINGOS CARREROT", "nm_mun": "PORTO NACIONAL", "aptos": 1468, "imp": 0}}, {"type": "Feature", "geometry": {"type": "Point", "coordinates": [-48.411559, -10.710109]}, "properties": {"i": 773, "mun": 95591, "ibge": 1718204, "z": 3, "l": 1090, "nm": "ESCOLA MUNICIPAL PADRE LUSO MATOS  (ANTIGA FREI AUDRIN)", "nm_mun": "PORTO NACIONAL", "aptos": 1559, "imp": 0}}, {"type": "Feature", "geometry": {"type": "Point", "coordinates": [-48.410759, -10.702041]}, "properties": {"i": 774, "mun": 95591, "ibge": 1718204, "z": 3, "l": 1104, "nm": "ESCOLA ESTADUAL IRMA ASPASIA", "nm_mun": "PORTO NACIONAL", "aptos": 3377, "imp": 0}}, {"type": "Feature", "geometry": {"type": "Point", "coordinates": [-48.398607, -10.705164]}, "properties": {"i": 775, "mun": 95591, "ibge": 1718204, "z": 3, "l": 1112, "nm": "ESCOLA EST. MAL. ARTUR DA COSTA E SILVA", "nm_mun": "PORTO NACIONAL", "aptos": 2279, "imp": 0}}, {"type": "Feature", "geometry": {"type": "Point", "coordinates": [-48.406261, -10.734126]}, "properties": {"i": 776, "mun": 95591, "ibge": 1718204, "z": 3, "l": 1120, "nm": "ESCOLA ESTADUAL ANGELICA RIBEIRO ARANHA", "nm_mun": "PORTO NACIONAL", "aptos": 2051, "imp": 0}}, {"type": "Feature", "geometry": {"type": "Point", "coordinates": [-48.409822, -10.694062]}, "properties": {"i": 777, "mun": 95591, "ibge": 1718204, "z": 3, "l": 1139, "nm": "ESCOLA EST FELIX CAMOA I", "nm_mun": "PORTO NACIONAL", "aptos": 3350, "imp": 0}}, {"type": "Feature", "geometry": {"type": "Point", "coordinates": [-48.39517, -10.720111]}, "properties": {"i": 778, "mun": 95591, "ibge": 1718204, "z": 3, "l": 1147, "nm": "ESCOLA ESTADUAL PEDRO LUDOVICO TEIXEIRA", "nm_mun": "PORTO NACIONAL", "aptos": 2832, "imp": 0}}, {"type": "Feature", "geometry": {"type": "Point", "coordinates": [-48.537937, -10.685155]}, "properties": {"i": 779, "mun": 95591, "ibge": 1718204, "z": 3, "l": 1163, "nm": "ESCOLA ESTADUAL BRASIL", "nm_mun": "PORTO NACIONAL", "aptos": 613, "imp": 0}}, {"type": "Feature", "geometry": {"type": "Point", "coordinates": [-48.456126, -10.173328]}, "properties": {"i": 780, "mun": 95591, "ibge": 1718204, "z": 3, "l": 1236, "nm": "ESCOLA ESTADUAL BEIRA RIO", "nm_mun": "PORTO NACIONAL", "aptos": 3977, "imp": 0}}, {"type": "Feature", "geometry": {"type": "Point", "coordinates": [-48.386241, -10.730265]}, "properties": {"i": 781, "mun": 95591, "ibge": 1718204, "z": 3, "l": 1244, "nm": "ESCOLA ESTADUAL PROFESSORA CARMENIA MATOS MAIA", "nm_mun": "PORTO NACIONAL", "aptos": 1602, "imp": 0}}, {"type": "Feature", "geometry": {"type": "Point", "coordinates": [-48.407639, -10.68282]}, "properties": {"i": 782, "mun": 95591, "ibge": 1718204, "z": 3, "l": 1252, "nm": "ESCOLA EST. CUSTODIA DA SILVA PEDREIRA  (COLÉGIO DA POLÍCIA MILITAR)", "nm_mun": "PORTO NACIONAL", "aptos": 1456, "imp": 0}}, {"type": "Feature", "geometry": {"type": "Point", "coordinates": [-48.410897, -10.732899]}, "properties": {"i": 783, "mun": 95591, "ibge": 1718204, "z": 3, "l": 1260, "nm": "ESCOLA MUNICIPAL UNIÃO E PROGRESSO", "nm_mun": "PORTO NACIONAL", "aptos": 883, "imp": 0}}, {"type": "Feature", "geometry": {"type": "Point", "coordinates": [-48.412897, -10.709469]}, "properties": {"i": 784, "mun": 95591, "ibge": 1718204, "z": 3, "l": 1279, "nm": "COLEGIO SAGRADO CORACAO DE JESUS", "nm_mun": "PORTO NACIONAL", "aptos": 2275, "imp": 0}}, {"type": "Feature", "geometry": {"type": "Point", "coordinates": [-48.399299, -10.703509]}, "properties": {"i": 785, "mun": 95591, "ibge": 1718204, "z": 3, "l": 1287, "nm": "CEMEI - IZIDORIA QUIRINO DOS SANTOS (ANTIGA ASSOCIAÇÃO JARDIM QUERIDO)", "nm_mun": "PORTO NACIONAL", "aptos": 503, "imp": 0}}, {"type": "Feature", "geometry": {"type": "Point", "coordinates": [-48.415949, -10.718688]}, "properties": {"i": 786, "mun": 95591, "ibge": 1718204, "z": 3, "l": 1295, "nm": "ESCOLA MUNICIPAL DIVINO ESPÍRITO SANTO", "nm_mun": "PORTO NACIONAL", "aptos": 1110, "imp": 0}}, {"type": "Feature", "geometry": {"type": "Point", "coordinates": [-48.399515, -10.722624]}, "properties": {"i": 787, "mun": 95591, "ibge": 1718204, "z": 3, "l": 1309, "nm": "ESCOLA MUNICIPAL FANY MACEDO", "nm_mun": "PORTO NACIONAL", "aptos": 704, "imp": 0}}, {"type": "Feature", "geometry": {"type": "Point", "coordinates": [-48.384264, -10.731806]}, "properties": {"i": 788, "mun": 95591, "ibge": 1718204, "z": 3, "l": 1317, "nm": "ESCOLA MUNICIPAL PROFESSORA DEASIL AIRES DA SILVA", "nm_mun": "PORTO NACIONAL", "aptos": 492, "imp": 0}}, {"type": "Feature", "geometry": {"type": "Point", "coordinates": [-48.400838, -10.682694]}, "properties": {"i": 789, "mun": 95591, "ibge": 1718204, "z": 3, "l": 1325, "nm": "ESCOLA ESTADUAL ALCIDES RODRIGUES AIRES", "nm_mun": "PORTO NACIONAL", "aptos": 2611, "imp": 0}}, {"type": "Feature", "geometry": {"type": "Point", "coordinates": [-48.691346, -10.426965]}, "properties": {"i": 790, "mun": 95591, "ibge": 1718204, "z": 3, "l": 1333, "nm": "ESCOLA MUNICIPAL PAU D'ARCO", "nm_mun": "PORTO NACIONAL", "aptos": 106, "imp": 0}}, {"type": "Feature", "geometry": {"type": "Point", "coordinates": [-48.347355, -10.439947]}, "properties": {"i": 791, "mun": 95591, "ibge": 1718204, "z": 3, "l": 1341, "nm": "ESCOLA MUNICIPAL ERCINA MONTEIRO PEREIRA", "nm_mun": "PORTO NACIONAL", "aptos": 312, "imp": 0}}, {"type": "Feature", "geometry": {"type": "Point", "coordinates": [-48.53979, -10.560059]}, "properties": {"i": 792, "mun": 95591, "ibge": 1718204, "z": 3, "l": 1368, "nm": "ESCOLA MUNICIPAL FAUSTINO DIAS DOS SANTOS", "nm_mun": "PORTO NACIONAL", "aptos": 196, "imp": 0}}, {"type": "Feature", "geometry": {"type": "Point", "coordinates": [-48.384385, -10.723039]}, "properties": {"i": 793, "mun": 95591, "ibge": 1718204, "z": 3, "l": 1376, "nm": "ESCOLA MUNICIPAL VER. MARIETA PEREIRA DE MACEDO", "nm_mun": "PORTO NACIONAL", "aptos": 723, "imp": 0}}, {"type": "Feature", "geometry": {"type": "Point", "coordinates": [-48.407857, -10.691764]}, "properties": {"i": 794, "mun": 95591, "ibge": 1718204, "z": 3, "l": 1406, "nm": "ESCOLA MUNICIPAL CELSO ALVES MOURÃO", "nm_mun": "PORTO NACIONAL", "aptos": 1170, "imp": 0}}, {"type": "Feature", "geometry": {"type": "Point", "coordinates": [-48.398606, -10.692158]}, "properties": {"i": 795, "mun": 95591, "ibge": 1718204, "z": 3, "l": 1414, "nm": "INSTITUTO FEDERAL DE EDUCAÇÃO, CIÊNCIA E TECNOLOGIA DO TOCANTINS-IFTO", "nm_mun": "PORTO NACIONAL", "aptos": 1624, "imp": 0}}, {"type": "Feature", "geometry": {"type": "Point", "coordinates": [-48.462319, -10.202914]}, "properties": {"i": 796, "mun": 95591, "ibge": 1718204, "z": 3, "l": 1422, "nm": "ESCOLA MUNICIPAL JACINTO BISPO ARANTES", "nm_mun": "PORTO NACIONAL", "aptos": 4125, "imp": 0}}, {"type": "Feature", "geometry": {"type": "Point", "coordinates": [-48.519435, -10.162655]}, "properties": {"i": 797, "mun": 95591, "ibge": 1718204, "z": 3, "l": 1449, "nm": "ESCOLA MUNICIPAL EULINA BRAGA", "nm_mun": "PORTO NACIONAL", "aptos": 173, "imp": 0}}, {"type": "Feature", "geometry": {"type": "Point", "coordinates": [-48.22255, -7.181692]}, "properties": {"i": 798, "mun": 95591, "ibge": 1718204, "z": 3, "l": 1465, "nm": "SUB PREFEITURA DO DISTRITO DE LUZIMANGUES", "nm_mun": "PORTO NACIONAL", "aptos": 657, "imp": 1}}, {"type": "Feature", "geometry": {"type": "Point", "coordinates": [-49.59135, -12.987685]}, "properties": {"i": 799, "mun": 95591, "ibge": 1718204, "z": 3, "l": 1473, "nm": "ESCOLA MUNICIPAL ANTONIO BENEDITO BORGES", "nm_mun": "PORTO NACIONAL", "aptos": 26, "imp": 1}}, {"type": "Feature", "geometry": {"type": "Point", "coordinates": [-48.231916, -7.18256]}, "properties": {"i": 800, "mun": 95591, "ibge": 1718204, "z": 3, "l": 1481, "nm": "ESCOLA MUNICIPAL PROFESSORA MAGNÓLIA SILVA DOS SANTOS", "nm_mun": "PORTO NACIONAL", "aptos": 375, "imp": 1}}, {"type": "Feature", "geometry": {"type": "Point", "coordinates": [-46.674667, -9.596248]}, "properties": {"i": 801, "mun": 95699, "ibge": 1712405, "z": 35, "l": 1015, "nm": "COLÉGIO ESTADUAL 31 DE MARÇO", "nm_mun": "LIZARDA", "aptos": 1661, "imp": 0}}, {"type": "Feature", "geometry": {"type": "Point", "coordinates": [-46.676257, -9.594205]}, "properties": {"i": 802, "mun": 95699, "ibge": 1712405, "z": 35, "l": 1031, "nm": "ESCOLA ESTADUAL REGINA SIQUEIRA CAMPOS", "nm_mun": "LIZARDA", "aptos": 930, "imp": 0}}, {"type": "Feature", "geometry": {"type": "Point", "coordinates": [-47.2277, -8.960708]}, "properties": {"i": 803, "mun": 95699, "ibge": 1712405, "z": 35, "l": 1040, "nm": "ESCOLA MUNICIPAL SANTA LUZIA", "nm_mun": "LIZARDA", "aptos": 77, "imp": 0}}, {"type": "Feature", "geometry": {"type": "Point", "coordinates": [-46.938917, -9.820505]}, "properties": {"i": 804, "mun": 95699, "ibge": 1712405, "z": 35, "l": 1058, "nm": "ESCOLA MUNICIPAL EMA", "nm_mun": "LIZARDA", "aptos": 103, "imp": 0}}, {"type": "Feature", "geometry": {"type": "Point", "coordinates": [-47.05046, -9.206227]}, "properties": {"i": 805, "mun": 95699, "ibge": 1712405, "z": 35, "l": 1066, "nm": "ESCOLA ESTADUAL AYRTON SENNA DA SILVA", "nm_mun": "LIZARDA", "aptos": 352, "imp": 0}}, {"type": "Feature", "geometry": {"type": "Point", "coordinates": [-48.201318, -5.257723]}, "properties": {"i": 806, "mun": 96032, "ibge": 1720309, "z": 21, "l": 1015, "nm": "COLÉGIO ESTADUAL  ÍRIO OLIVEIRA SOUSA", "nm_mun": "SÃO SEBASTIÃO DO TOCANTINS", "aptos": 1318, "imp": 0}}, {"type": "Feature", "geometry": {"type": "Point", "coordinates": [-48.206063, -5.260313]}, "properties": {"i": 807, "mun": 96032, "ibge": 1720309, "z": 21, "l": 1023, "nm": "ESCOLA MUNICIPAL LETÍCIA CARNEIRO DE SOUSA", "nm_mun": "SÃO SEBASTIÃO DO TOCANTINS", "aptos": 970, "imp": 0}}, {"type": "Feature", "geometry": {"type": "Point", "coordinates": [-48.206958, -5.259998]}, "properties": {"i": 808, "mun": 96032, "ibge": 1720309, "z": 21, "l": 1031, "nm": "ESCOLA ESTADUAL DR. PEDRO LUDOVICO SOARES", "nm_mun": "SÃO SEBASTIÃO DO TOCANTINS", "aptos": 872, "imp": 0}}, {"type": "Feature", "geometry": {"type": "Point", "coordinates": [-48.326485, -5.265452]}, "properties": {"i": 809, "mun": 96032, "ibge": 1720309, "z": 21, "l": 1040, "nm": "ESCOLA MUNICIPAL ARMANDO ALVES DA SILVA", "nm_mun": "SÃO SEBASTIÃO DO TOCANTINS", "aptos": 213, "imp": 0}}, {"type": "Feature", "geometry": {"type": "Point", "coordinates": [-47.635413, -5.548303]}, "properties": {"i": 810, "mun": 96130, "ibge": 1720804, "z": 11, "l": 1023, "nm": "ESCOLA MUNICIPAL SÃO PEDRO - POVOADO SÃO PEDRO", "nm_mun": "SÍTIO NOVO DO TOCANTINS", "aptos": 373, "imp": 0}}, {"type": "Feature", "geometry": {"type": "Point", "coordinates": [-47.604374, -5.589302]}, "properties": {"i": 811, "mun": 96130, "ibge": 1720804, "z": 11, "l": 1040, "nm": "ESCOLA MUNICIPAL JARBAS PASSARINHO - POVOADO OLHO D'ÁGUA DO CÔCO", "nm_mun": "SÍTIO NOVO DO TOCANTINS", "aptos": 882, "imp": 0}}, {"type": "Feature", "geometry": {"type": "Point", "coordinates": [-47.640285, -5.602412]}, "properties": {"i": 812, "mun": 96130, "ibge": 1720804, "z": 11, "l": 1058, "nm": "ESCOLA ESTADUAL MARECHAL RIBAS JUNIOR", "nm_mun": "SÍTIO NOVO DO TOCANTINS", "aptos": 2367, "imp": 0}}, {"type": "Feature", "geometry": {"type": "Point", "coordinates": [-47.692337, -5.532593]}, "properties": {"i": 813, "mun": 96130, "ibge": 1720804, "z": 11, "l": 1066, "nm": "ESCOLA  ESTADUAL TEOTONIO SEGURADO - POVOADO SUMAÚMA", "nm_mun": "SÍTIO NOVO DO TOCANTINS", "aptos": 674, "imp": 0}}, {"type": "Feature", "geometry": {"type": "Point", "coordinates": [-47.642443, -5.600897]}, "properties": {"i": 814, "mun": 96130, "ibge": 1720804, "z": 11, "l": 1074, "nm": "ESCOLA MUNICIPAL DUQUE DE CAXIAS", "nm_mun": "SÍTIO NOVO DO TOCANTINS", "aptos": 613, "imp": 0}}, {"type": "Feature", "geometry": {"type": "Point", "coordinates": [-47.654951, -5.630971]}, "properties": {"i": 815, "mun": 96130, "ibge": 1720804, "z": 11, "l": 1082, "nm": "UBS - UNIDADE BÁSICA DE SAÚDE - POVOADO BOA ESPERANÇA", "nm_mun": "SÍTIO NOVO DO TOCANTINS", "aptos": 300, "imp": 0}}, {"type": "Feature", "geometry": {"type": "Point", "coordinates": [-47.63846, -5.603372]}, "properties": {"i": 816, "mun": 96130, "ibge": 1720804, "z": 11, "l": 1104, "nm": "ESCOLA MUNICIPAL 14 DE OUTUBRO", "nm_mun": "SÍTIO NOVO DO TOCANTINS", "aptos": 1422, "imp": 0}}, {"type": "Feature", "geometry": {"type": "Point", "coordinates": [-47.681478, -5.672433]}, "properties": {"i": 817, "mun": 96130, "ibge": 1720804, "z": 11, "l": 1139, "nm": "ESCOLA MUNICIPAL SETE DE SETEMBRO - POVOADO SANTA INÊS", "nm_mun": "SÍTIO NOVO DO TOCANTINS", "aptos": 418, "imp": 0}}, {"type": "Feature", "geometry": {"type": "Point", "coordinates": [-47.740316, -5.51019]}, "properties": {"i": 818, "mun": 96130, "ibge": 1720804, "z": 11, "l": 1147, "nm": "ESCOLA MUNICIPAL GETULIO VARGAS - POVOADO JUVERLÂNDIA", "nm_mun": "SÍTIO NOVO DO TOCANTINS", "aptos": 379, "imp": 0}}, {"type": "Feature", "geometry": {"type": "Point", "coordinates": [-47.632848, -5.60335]}, "properties": {"i": 819, "mun": 96130, "ibge": 1720804, "z": 11, "l": 1163, "nm": "ESCOLA ESTADUAL MANOEL ESTEVÃO DE SOUZA", "nm_mun": "SÍTIO NOVO DO TOCANTINS", "aptos": 664, "imp": 0}}, {"type": "Feature", "geometry": {"type": "Point", "coordinates": [-46.439361, -12.404601]}, "properties": {"i": 820, "mun": 96156, "ibge": 1720903, "z": 17, "l": 1015, "nm": "COLEGIO ESTADUAL PROFESSOR AURELIANO", "nm_mun": "TAGUATINGA", "aptos": 2084, "imp": 0}}, {"type": "Feature", "geometry": {"type": "Point", "coordinates": [-46.43468, -12.406977]}, "properties": {"i": 821, "mun": 96156, "ibge": 1720903, "z": 17, "l": 1023, "nm": "COLEGIO MILITAR DO ESTADO DO TOCANTINS AGOSTINHO DE ALMEIDA", "nm_mun": "TAGUATINGA", "aptos": 1171, "imp": 0}}, {"type": "Feature", "geometry": {"type": "Point", "coordinates": [-46.438577, -12.401411]}, "properties": {"i": 822, "mun": 96156, "ibge": 1720903, "z": 17, "l": 1031, "nm": "COLEGIO ESTADUAL JUSTINO DE ALMEIDA", "nm_mun": "TAGUATINGA", "aptos": 1317, "imp": 0}}, {"type": "Feature", "geometry": {"type": "Point", "coordinates": [-46.453057, -12.154974]}, "properties": {"i": 823, "mun": 96156, "ibge": 1720903, "z": 17, "l": 1040, "nm": "GRUPO ESCOLAR ALTAMIRA", "nm_mun": "TAGUATINGA", "aptos": 493, "imp": 0}}, {"type": "Feature", "geometry": {"type": "Point", "coordinates": [-46.429737, -12.403883]}, "properties": {"i": 824, "mun": 96156, "ibge": 1720903, "z": 17, "l": 1058, "nm": "ESCOLA MUNICIPAL JOAQUIM JOSE DE ALMEIDA", "nm_mun": "TAGUATINGA", "aptos": 1623, "imp": 0}}, {"type": "Feature", "geometry": {"type": "Point", "coordinates": [-46.438504, -12.398832]}, "properties": {"i": 825, "mun": 96156, "ibge": 1720903, "z": 17, "l": 1066, "nm": "ESCOLA MUNICIPAL LAURA DO CARMO", "nm_mun": "TAGUATINGA", "aptos": 2044, "imp": 0}}, {"type": "Feature", "geometry": {"type": "Point", "coordinates": [-46.426122, -12.412426]}, "properties": {"i": 826, "mun": 96156, "ibge": 1720903, "z": 17, "l": 1074, "nm": "ESCOLA MUNICIPAL JOSE DE ALMEIDA", "nm_mun": "TAGUATINGA", "aptos": 1287, "imp": 0}}, {"type": "Feature", "geometry": {"type": "Point", "coordinates": [-46.728209, -12.403856]}, "properties": {"i": 827, "mun": 96156, "ibge": 1720903, "z": 17, "l": 1082, "nm": "ESCOLA MUNICIPAL JUVÊNCIA URCINO DE SANTANA", "nm_mun": "TAGUATINGA", "aptos": 103, "imp": 0}}, {"type": "Feature", "geometry": {"type": "Point", "coordinates": [-46.432043, -12.397343]}, "properties": {"i": 828, "mun": 96156, "ibge": 1720903, "z": 17, "l": 1104, "nm": "ESCOLA MARIA GUEDES LIMA", "nm_mun": "TAGUATINGA", "aptos": 1167, "imp": 0}}, {"type": "Feature", "geometry": {"type": "Point", "coordinates": [-48.375861, -9.5721]}, "properties": {"i": 829, "mun": 96199, "ibge": 1721109, "z": 5, "l": 1015, "nm": "ESC. EST. ANTONIO BENVINDO DA LUZ", "nm_mun": "TOCANTÍNIA", "aptos": 1470, "imp": 0}}, {"type": "Feature", "geometry": {"type": "Point", "coordinates": [-48.379115, -9.569424]}, "properties": {"i": 830, "mun": 96199, "ibge": 1721109, "z": 5, "l": 1023, "nm": "COL. EST. FREI ANTONIO", "nm_mun": "TOCANTÍNIA", "aptos": 1085, "imp": 0}}, {"type": "Feature", "geometry": {"type": "Point", "coordinates": [-48.368909, -9.450914]}, "properties": {"i": 831, "mun": 96199, "ibge": 1721109, "z": 5, "l": 1031, "nm": "ESC. EST. INDÍGENA SRÊMTÔWE (ALDEIA PORTEIRA)", "nm_mun": "TOCANTÍNIA", "aptos": 605, "imp": 0}}, {"type": "Feature", "geometry": {"type": "Point", "coordinates": [-48.371363, -9.561783]}, "properties": {"i": 832, "mun": 96199, "ibge": 1721109, "z": 5, "l": 1040, "nm": "ESC. MUN. PROF. CONSTANTINO PEDRO DE CASTRO", "nm_mun": "TOCANTÍNIA", "aptos": 599, "imp": 0}}, {"type": "Feature", "geometry": {"type": "Point", "coordinates": [-47.92461, -9.592728]}, "properties": {"i": 833, "mun": 96199, "ibge": 1721109, "z": 5, "l": 1058, "nm": "ESC. EST. INDÍGENA RIO SONO (ALDEIA RIO SONO)", "nm_mun": "TOCANTÍNIA", "aptos": 200, "imp": 0}}, {"type": "Feature", "geometry": {"type": "Point", "coordinates": [-48.091528, -9.683215]}, "properties": {"i": 834, "mun": 96199, "ibge": 1721109, "z": 5, "l": 1066, "nm": "ESC. EST. INDÍGENA SUZAWRE (ALDEIA BREJO COMPRIDO)", "nm_mun": "TOCANTÍNIA", "aptos": 327, "imp": 0}}, {"type": "Feature", "geometry": {"type": "Point", "coordinates": [-48.108357, -9.832512]}, "properties": {"i": 835, "mun": 96199, "ibge": 1721109, "z": 5, "l": 1074, "nm": "ESC. MUN. ANA ALVES DE BRITO (PALMINHA)", "nm_mun": "TOCANTÍNIA", "aptos": 245, "imp": 0}}, {"type": "Feature", "geometry": {"type": "Point", "coordinates": [-48.371588, -9.647345]}, "properties": {"i": 836, "mun": 96199, "ibge": 1721109, "z": 5, "l": 1090, "nm": "ESC. EST. INDÍGENA SAKRUIWE (ALDEIA FUNIL)", "nm_mun": "TOCANTÍNIA", "aptos": 301, "imp": 0}}, {"type": "Feature", "geometry": {"type": "Point", "coordinates": [-48.177885, -9.772841]}, "properties": {"i": 837, "mun": 96199, "ibge": 1721109, "z": 5, "l": 1104, "nm": "ESC. MUN. BENVINDO SOUZA LUZ (ÁGUA FRIA II)", "nm_mun": "TOCANTÍNIA", "aptos": 290, "imp": 0}}, {"type": "Feature", "geometry": {"type": "Point", "coordinates": [-48.371588, -9.647345]}, "properties": {"i": 838, "mun": 96199, "ibge": 1721109, "z": 5, "l": 1112, "nm": "ESC. EST. INDÍGENA KRASAPTE (ALDEIA BRUPRE)", "nm_mun": "TOCANTÍNIA", "aptos": 179, "imp": 1}}, {"type": "Feature", "geometry": {"type": "Point", "coordinates": [-48.368909, -9.450914]}, "properties": {"i": 839, "mun": 96199, "ibge": 1721109, "z": 5, "l": 1120, "nm": "CEMIX - WARA", "nm_mun": "TOCANTÍNIA", "aptos": 139, "imp": 1}}, {"type": "Feature", "geometry": {"type": "Point", "coordinates": [-47.428753, -6.324692]}, "properties": {"i": 840, "mun": 96210, "ibge": 1721208, "z": 9, "l": 1023, "nm": "UFT - CAMPUS UNIVERSITÁRIO DE TOCANTINÓPOLIS (CENTRO)", "nm_mun": "TOCANTINÓPOLIS", "aptos": 1926, "imp": 0}}, {"type": "Feature", "geometry": {"type": "Point", "coordinates": [-47.415952, -6.32857]}, "properties": {"i": 841, "mun": 96210, "ibge": 1721208, "z": 9, "l": 1031, "nm": "COLÉGIO DOM ORIONE", "nm_mun": "TOCANTINÓPOLIS", "aptos": 1839, "imp": 0}}, {"type": "Feature", "geometry": {"type": "Point", "coordinates": [-47.425002, -6.325238]}, "properties": {"i": 842, "mun": 96210, "ibge": 1721208, "z": 9, "l": 1040, "nm": "ESCOLA PAROQUIAL CRISTO REI", "nm_mun": "TOCANTINÓPOLIS", "aptos": 1303, "imp": 0}}, {"type": "Feature", "geometry": {"type": "Point", "coordinates": [-47.425448, -6.327187]}, "properties": {"i": 843, "mun": 96210, "ibge": 1721208, "z": 9, "l": 1058, "nm": "COLÉGIO ESTADUAL DARCY MARINHO", "nm_mun": "TOCANTINÓPOLIS", "aptos": 1903, "imp": 0}}, {"type": "Feature", "geometry": {"type": "Point", "coordinates": [-47.416562, -6.328983]}, "properties": {"i": 844, "mun": 96210, "ibge": 1721208, "z": 9, "l": 1090, "nm": "ESCOLA ESTADUAL XV DE NOVEMBRO", "nm_mun": "TOCANTINÓPOLIS", "aptos": 906, "imp": 0}}, {"type": "Feature", "geometry": {"type": "Point", "coordinates": [-47.463644, -6.25215]}, "properties": {"i": 845, "mun": 96210, "ibge": 1721208, "z": 9, "l": 1120, "nm": "ESCOLA MUNICIPAL MANOEL DE SOUSA LIMA", "nm_mun": "TOCANTINÓPOLIS", "aptos": 470, "imp": 0}}, {"type": "Feature", "geometry": {"type": "Point", "coordinates": [-47.491242, -6.358728]}, "properties": {"i": 846, "mun": 96210, "ibge": 1721208, "z": 9, "l": 1201, "nm": "ESCOLA MUNICIPAL 7 DE SETEMBRO", "nm_mun": "TOCANTINÓPOLIS", "aptos": 303, "imp": 0}}, {"type": "Feature", "geometry": {"type": "Point", "coordinates": [-47.42032, -6.318993]}, "properties": {"i": 847, "mun": 96210, "ibge": 1721208, "z": 9, "l": 1210, "nm": "ESCOLA MUNICIPAL ALTO DA BOA VISTA II", "nm_mun": "TOCANTINÓPOLIS", "aptos": 1953, "imp": 0}}, {"type": "Feature", "geometry": {"type": "Point", "coordinates": [-47.433965, -6.32124]}, "properties": {"i": 848, "mun": 96210, "ibge": 1721208, "z": 9, "l": 1236, "nm": "ESCOLA MUNICIPAL PROF. ANTÔNIO FARIAS", "nm_mun": "TOCANTINÓPOLIS", "aptos": 1123, "imp": 0}}, {"type": "Feature", "geometry": {"type": "Point", "coordinates": [-47.552832, -6.339347]}, "properties": {"i": 849, "mun": 96210, "ibge": 1721208, "z": 9, "l": 1252, "nm": "ESCOLA INDÍGENA MANTY'Q SÃO JOSÉ", "nm_mun": "TOCANTINÓPOLIS", "aptos": 711, "imp": 0}}, {"type": "Feature", "geometry": {"type": "Point", "coordinates": [-47.425693, -6.33766]}, "properties": {"i": 850, "mun": 96210, "ibge": 1721208, "z": 9, "l": 1260, "nm": "ESCOLA ESTADUAL JOSÉ CARNEIRO DE BRITO (PADRÃO)", "nm_mun": "TOCANTINÓPOLIS", "aptos": 1436, "imp": 0}}, {"type": "Feature", "geometry": {"type": "Point", "coordinates": [-47.455993, -6.203054]}, "properties": {"i": 851, "mun": 96210, "ibge": 1721208, "z": 9, "l": 1279, "nm": "ESCOLA ESTADUAL INDÍGENA TEKATOR", "nm_mun": "TOCANTINÓPOLIS", "aptos": 372, "imp": 0}}, {"type": "Feature", "geometry": {"type": "Point", "coordinates": [-47.78295, -7.192417]}, "properties": {"i": 852, "mun": 96210, "ibge": 1721208, "z": 9, "l": 1287, "nm": "ESCOLA MUNICIPAL ANTÔNIO FERNANDES DOS SANTOS", "nm_mun": "TOCANTINÓPOLIS", "aptos": 185, "imp": 1}}, {"type": "Feature", "geometry": {"type": "Point", "coordinates": [-47.470777, -6.338112]}, "properties": {"i": 853, "mun": 96210, "ibge": 1721208, "z": 9, "l": 1295, "nm": "ESCOLA MUNICIPAL NOVO AEROPORTO", "nm_mun": "TOCANTINÓPOLIS", "aptos": 146, "imp": 1}}, {"type": "Feature", "geometry": {"type": "Point", "coordinates": [-47.733902, -8.418207]}, "properties": {"i": 854, "mun": 96210, "ibge": 1721208, "z": 9, "l": 1406, "nm": "ESCOLA ESTADUAL INDÍGENA KUNITIK", "nm_mun": "TOCANTINÓPOLIS", "aptos": 62, "imp": 1}}, {"type": "Feature", "geometry": {"type": "Point", "coordinates": [-48.485768, -8.389006]}, "properties": {"i": 855, "mun": 96210, "ibge": 1721208, "z": 9, "l": 1414, "nm": "ESCOLA MUNICIPAL ALVINO NUNES DA SILVA", "nm_mun": "TOCANTINÓPOLIS", "aptos": 73, "imp": 1}}, {"type": "Feature", "geometry": {"type": "Point", "coordinates": [-47.772187, -10.136205]}, "properties": {"i": 856, "mun": 96210, "ibge": 1721208, "z": 9, "l": 1422, "nm": "UBS PEDRO ISAÍAS", "nm_mun": "TOCANTINÓPOLIS", "aptos": 43, "imp": 1}}, {"type": "Feature", "geometry": {"type": "Point", "coordinates": [-48.39517, -10.720111]}, "properties": {"i": 857, "mun": 96210, "ibge": 1721208, "z": 9, "l": 1457, "nm": "ESCOLA MUNICIPAL WALFREDO CAMPOS MAIA", "nm_mun": "TOCANTINÓPOLIS", "aptos": 1379, "imp": 1}}, {"type": "Feature", "geometry": {"type": "Point", "coordinates": [-48.516334, -8.832198]}, "properties": {"i": 858, "mun": 96270, "ibge": 1709302, "z": 6, "l": 1023, "nm": "COL. MILITAR DO ESTADO DO TOCANTINS UND. VIII Dª ANAÍDES BRITO MIRANDA", "nm_mun": "GUARAÍ", "aptos": 1545, "imp": 0}}, {"type": "Feature", "geometry": {"type": "Point", "coordinates": [-48.505481, -8.839773]}, "properties": {"i": 859, "mun": 96270, "ibge": 1709302, "z": 6, "l": 1031, "nm": "CENTRO DE ENSINO MÉDIO OQUERLINA TORRES", "nm_mun": "GUARAÍ", "aptos": 2380, "imp": 0}}, {"type": "Feature", "geometry": {"type": "Point", "coordinates": [-48.508342, -8.842803]}, "properties": {"i": 860, "mun": 96270, "ibge": 1709302, "z": 6, "l": 1040, "nm": "COLÉGIO ESTADUAL ANTONIO ALENCAR LEÃO", "nm_mun": "GUARAÍ", "aptos": 1495, "imp": 0}}, {"type": "Feature", "geometry": {"type": "Point", "coordinates": [-48.503638, -8.851474]}, "properties": {"i": 861, "mun": 96270, "ibge": 1709302, "z": 6, "l": 1058, "nm": "ESCOLA ESTADUAL IRINEU ALBANO HENDGES", "nm_mun": "GUARAÍ", "aptos": 2517, "imp": 0}}, {"type": "Feature", "geometry": {"type": "Point", "coordinates": [-48.50712, -8.826953]}, "properties": {"i": 862, "mun": 96270, "ibge": 1709302, "z": 6, "l": 1066, "nm": "ESCOLA MUNICIPAL LEÔNCIO DE SOUSA MIRANDA", "nm_mun": "GUARAÍ", "aptos": 1115, "imp": 0}}, {"type": "Feature", "geometry": {"type": "Point", "coordinates": [-48.505865, -8.84155]}, "properties": {"i": 863, "mun": 96270, "ibge": 1709302, "z": 6, "l": 1082, "nm": "COLÉGIO ESTADUAL RAIMUNDO ALENCAR  LEÃO", "nm_mun": "GUARAÍ", "aptos": 1959, "imp": 0}}, {"type": "Feature", "geometry": {"type": "Point", "coordinates": [-48.513759, -8.839097]}, "properties": {"i": 864, "mun": 96270, "ibge": 1709302, "z": 6, "l": 1090, "nm": "ESCOLA MUNICIPAL SOSSEGO DA MAMÃE", "nm_mun": "GUARAÍ", "aptos": 1511, "imp": 0}}, {"type": "Feature", "geometry": {"type": "Point", "coordinates": [-48.50617, -8.839687]}, "properties": {"i": 865, "mun": 96270, "ibge": 1709302, "z": 6, "l": 1112, "nm": "FAG - FACULDADE DE GUARAI", "nm_mun": "GUARAÍ", "aptos": 1398, "imp": 0}}, {"type": "Feature", "geometry": {"type": "Point", "coordinates": [-48.509539, -8.82982]}, "properties": {"i": 866, "mun": 96270, "ibge": 1709302, "z": 6, "l": 1120, "nm": "CEMEI - PROFESSORA AUREA GONÇALVES MACEDO", "nm_mun": "GUARAÍ", "aptos": 1278, "imp": 0}}, {"type": "Feature", "geometry": {"type": "Point", "coordinates": [-48.505814, -8.841008]}, "properties": {"i": 867, "mun": 96270, "ibge": 1709302, "z": 6, "l": 1139, "nm": "APAE - ASSOCIAÇÃO DOS PAIS E AMIGOS DOS EXCEPCIONAIS", "nm_mun": "GUARAÍ", "aptos": 684, "imp": 0}}, {"type": "Feature", "geometry": {"type": "Point", "coordinates": [-48.505549, -8.847088]}, "properties": {"i": 868, "mun": 96270, "ibge": 1709302, "z": 6, "l": 1147, "nm": "ESCOLA MUNICIPAL JK", "nm_mun": "GUARAÍ", "aptos": 862, "imp": 0}}, {"type": "Feature", "geometry": {"type": "Point", "coordinates": [-48.518413, -8.849037]}, "properties": {"i": 869, "mun": 96270, "ibge": 1709302, "z": 6, "l": 1155, "nm": "ESCOLA MUNICIPAL LUIZ DE CAMÕES", "nm_mun": "GUARAÍ", "aptos": 737, "imp": 0}}, {"type": "Feature", "geometry": {"type": "Point", "coordinates": [-47.632848, -5.60335]}, "properties": {"i": 870, "mun": 96270, "ibge": 1709302, "z": 6, "l": 1244, "nm": "ESC. MUN. PROFª MARIA DO SOCORRO COELHO SILVA", "nm_mun": "GUARAÍ", "aptos": 152, "imp": 1}}, {"type": "Feature", "geometry": {"type": "Point", "coordinates": [-48.500197, -8.532424]}, "properties": {"i": 871, "mun": 96296, "ibge": 1718402, "z": 4, "l": 1015, "nm": "COLÉGIO ESTADUAL JUSCELINO KUBITSCHEK", "nm_mun": "PRESIDENTE KENNEDY", "aptos": 1437, "imp": 0}}, {"type": "Feature", "geometry": {"type": "Point", "coordinates": [-48.507788, -8.535037]}, "properties": {"i": 872, "mun": 96296, "ibge": 1718402, "z": 4, "l": 1040, "nm": "ESCOLA MUNICIPAL RAIMUNDO BARBOSA DE SOUSA", "nm_mun": "PRESIDENTE KENNEDY", "aptos": 1393, "imp": 0}}, {"type": "Feature", "geometry": {"type": "Point", "coordinates": [-48.538152, -6.408748]}, "properties": {"i": 873, "mun": 96431, "ibge": 1722107, "z": 12, "l": 1058, "nm": "CAMARA MUNICIPAL", "nm_mun": "XAMBIOÁ", "aptos": 291, "imp": 0}}, {"type": "Feature", "geometry": {"type": "Point", "coordinates": [-48.536695, -6.411148]}, "properties": {"i": 874, "mun": 96431, "ibge": 1722107, "z": 12, "l": 1066, "nm": "ESCOLA PAROQUIAL SAO MIGUEL", "nm_mun": "XAMBIOÁ", "aptos": 933, "imp": 0}}, {"type": "Feature", "geometry": {"type": "Point", "coordinates": [-48.537218, -6.411493]}, "properties": {"i": 875, "mun": 96431, "ibge": 1722107, "z": 12, "l": 1082, "nm": "CRECHE MUNICIPAL VEREADORA MARIA DE FÁTIMA MATOS", "nm_mun": "XAMBIOÁ", "aptos": 793, "imp": 0}}, {"type": "Feature", "geometry": {"type": "Point", "coordinates": [-48.533393, -6.412165]}, "properties": {"i": 876, "mun": 96431, "ibge": 1722107, "z": 12, "l": 1090, "nm": "ESCOLA ESTADUAL EURICO MOTA", "nm_mun": "XAMBIOÁ", "aptos": 1816, "imp": 0}}, {"type": "Feature", "geometry": {"type": "Point", "coordinates": [-48.531265, -6.41289]}, "properties": {"i": 877, "mun": 96431, "ibge": 1722107, "z": 12, "l": 1104, "nm": "COLEGIO ESTADUAL JULIANA BARROS", "nm_mun": "XAMBIOÁ", "aptos": 1934, "imp": 0}}, {"type": "Feature", "geometry": {"type": "Point", "coordinates": [-48.538145, -6.41472]}, "properties": {"i": 878, "mun": 96431, "ibge": 1722107, "z": 12, "l": 1120, "nm": "ESCOLA MUNICIPAL FRANCISCO DE OLIVEIRA", "nm_mun": "XAMBIOÁ", "aptos": 799, "imp": 0}}, {"type": "Feature", "geometry": {"type": "Point", "coordinates": [-48.529777, -6.406433]}, "properties": {"i": 879, "mun": 96431, "ibge": 1722107, "z": 12, "l": 1163, "nm": "ESCOLA MUNICIPAL DOM CORNÉLIO CHIZZINI", "nm_mun": "XAMBIOÁ", "aptos": 1456, "imp": 0}}, {"type": "Feature", "geometry": {"type": "Point", "coordinates": [-48.535005, -6.422578]}, "properties": {"i": 880, "mun": 96431, "ibge": 1722107, "z": 12, "l": 1171, "nm": "ESCOLA MUNICIPAL SEVERINO TEIXEIRA ROCHA", "nm_mun": "XAMBIOÁ", "aptos": 507, "imp": 0}}, {"type": "Feature", "geometry": {"type": "Point", "coordinates": [-48.37731, -6.47462]}, "properties": {"i": 881, "mun": 96431, "ibge": 1722107, "z": 12, "l": 1180, "nm": "ESCOLA MUNICIPAL GENÍSIA BERNARDO GRANJEIRO", "nm_mun": "XAMBIOÁ", "aptos": 137, "imp": 0}}, {"type": "Feature", "geometry": {"type": "Point", "coordinates": [-48.406689, -13.042339]}, "properties": {"i": 882, "mun": 96490, "ibge": 1715754, "z": 18, "l": 1015, "nm": "COLÉGIO ESTADUAL  MARIA GUEDES", "nm_mun": "PALMEIRÓPOLIS", "aptos": 1165, "imp": 0}}, {"type": "Feature", "geometry": {"type": "Point", "coordinates": [-48.411357, -13.044131]}, "properties": {"i": 883, "mun": 96490, "ibge": 1715754, "z": 18, "l": 1082, "nm": "COLÉGIO ESTADUAL PROFESSORA ONEIDES ROSA DE MOURA", "nm_mun": "PALMEIRÓPOLIS", "aptos": 1986, "imp": 0}}, {"type": "Feature", "geometry": {"type": "Point", "coordinates": [-48.402198, -13.040328]}, "properties": {"i": 884, "mun": 96490, "ibge": 1715754, "z": 18, "l": 1104, "nm": "ESCOLA MUNICIPAL ESPAÇO CONEXÃO", "nm_mun": "PALMEIRÓPOLIS", "aptos": 1319, "imp": 0}}, {"type": "Feature", "geometry": {"type": "Point", "coordinates": [-48.41255, -13.038377]}, "properties": {"i": 885, "mun": 96490, "ibge": 1715754, "z": 18, "l": 1120, "nm": "ESCOLA MUNICIPAL ELDA SILVA BARROS", "nm_mun": "PALMEIRÓPOLIS", "aptos": 1701, "imp": 0}}, {"type": "Feature", "geometry": {"type": "Point", "coordinates": [-48.166748, -11.154357]}, "properties": {"i": 886, "mun": 96598, "ibge": 1720655, "z": 3, "l": 1015, "nm": "ESCOLA ESTADUAL JOÃO PIRES QUERIDO", "nm_mun": "SILVANÓPOLIS", "aptos": 1808, "imp": 0}}, {"type": "Feature", "geometry": {"type": "Point", "coordinates": [-48.171418, -11.146538]}, "properties": {"i": 887, "mun": 96598, "ibge": 1720655, "z": 3, "l": 1023, "nm": "COLÉGIO ESTADUAL JOÃO DA SILVA GUIMARÃES", "nm_mun": "SILVANÓPOLIS", "aptos": 2804, "imp": 0}}, {"type": "Feature", "geometry": {"type": "Point", "coordinates": [-47.743205, -10.977964]}, "properties": {"i": 888, "mun": 96598, "ibge": 1720655, "z": 3, "l": 1031, "nm": "ESCOLA MUNICIPAL CAMINHO SUAVE", "nm_mun": "SILVANÓPOLIS", "aptos": 64, "imp": 0}}, {"type": "Feature", "geometry": {"type": "Point", "coordinates": [-47.823365, -11.165775]}, "properties": {"i": 889, "mun": 96598, "ibge": 1720655, "z": 3, "l": 1040, "nm": "ESCOLA MUNICIPAL DIRCEU BONANCIM", "nm_mun": "SILVANÓPOLIS", "aptos": 185, "imp": 0}}, {"type": "Feature", "geometry": {"type": "Point", "coordinates": [-48.419555, -7.632803]}, "properties": {"i": 890, "mun": 96636, "ibge": 1714880, "z": 31, "l": 1015, "nm": "ESCOLA ESTADUAL HAMEDY CURI QUEIROZ", "nm_mun": "NOVA OLINDA", "aptos": 1548, "imp": 0}}, {"type": "Feature", "geometry": {"type": "Point", "coordinates": [-48.420943, -7.635507]}, "properties": {"i": 891, "mun": 96636, "ibge": 1714880, "z": 31, "l": 1023, "nm": "ESCOLA ESTADUAL DR HELIO DE SOUSA BUENO", "nm_mun": "NOVA OLINDA", "aptos": 2452, "imp": 0}}, {"type": "Feature", "geometry": {"type": "Point", "coordinates": [-48.421635, -7.632107]}, "properties": {"i": 892, "mun": 96636, "ibge": 1714880, "z": 31, "l": 1031, "nm": "ESCOLA MUNICIPAL PEDRO CHICOU DE ALENCAR", "nm_mun": "NOVA OLINDA", "aptos": 1060, "imp": 0}}, {"type": "Feature", "geometry": {"type": "Point", "coordinates": [-48.425313, -7.626147]}, "properties": {"i": 893, "mun": 96636, "ibge": 1714880, "z": 31, "l": 1040, "nm": "ESCOLA MUNICIPAL LADISLAU DE OLIVEIRA", "nm_mun": "NOVA OLINDA", "aptos": 787, "imp": 0}}, {"type": "Feature", "geometry": {"type": "Point", "coordinates": [-48.41847, -7.638397]}, "properties": {"i": 894, "mun": 96636, "ibge": 1714880, "z": 31, "l": 1058, "nm": "ESCOLA MUNICIPAL MARIA LIRA", "nm_mun": "NOVA OLINDA", "aptos": 1169, "imp": 0}}, {"type": "Feature", "geometry": {"type": "Point", "coordinates": [-48.319969, -10.331116]}, "properties": {"i": 895, "mun": 96636, "ibge": 1714880, "z": 31, "l": 1082, "nm": "ESCOLA MUNICIPAL DO POVOADO CAMPO ALEGRE", "nm_mun": "NOVA OLINDA", "aptos": 4, "imp": 1}}, {"type": "Feature", "geometry": {"type": "Point", "coordinates": [-48.325598, -7.748423]}, "properties": {"i": 896, "mun": 96636, "ibge": 1714880, "z": 31, "l": 1090, "nm": "ESCOLA ADRIANO MARTINS BRILHANTE", "nm_mun": "NOVA OLINDA", "aptos": 276, "imp": 0}}, {"type": "Feature", "geometry": {"type": "Point", "coordinates": [-48.287138, -7.642637]}, "properties": {"i": 897, "mun": 96636, "ibge": 1714880, "z": 31, "l": 1104, "nm": "ESCOLA MUNICIPAL ANTONIO PEREIRA DOS SANTOS", "nm_mun": "NOVA OLINDA", "aptos": 313, "imp": 0}}, {"type": "Feature", "geometry": {"type": "Point", "coordinates": [-48.42054, -7.635833]}, "properties": {"i": 898, "mun": 96636, "ibge": 1714880, "z": 31, "l": 1112, "nm": "CEMEI - ANTÔNIO FILEMON GOMES", "nm_mun": "NOVA OLINDA", "aptos": 528, "imp": 0}}, {"type": "Feature", "geometry": {"type": "Point", "coordinates": [-47.961381, -6.852538]}, "properties": {"i": 899, "mun": 96652, "ibge": 1722081, "z": 27, "l": 1015, "nm": "CENTRO MUNICIPAL DE EDUCAÇÃO INFANTIL PROFESSORA MARIA DARLETE", "nm_mun": "WANDERLÂNDIA", "aptos": 1733, "imp": 0}}, {"type": "Feature", "geometry": {"type": "Point", "coordinates": [-47.962184, -6.852231]}, "properties": {"i": 900, "mun": 96652, "ibge": 1722081, "z": 27, "l": 1023, "nm": "ESCOLA ESTADUAL DOM PEDRO II", "nm_mun": "WANDERLÂNDIA", "aptos": 1011, "imp": 0}}, {"type": "Feature", "geometry": {"type": "Point", "coordinates": [-47.967187, -6.846476]}, "properties": {"i": 901, "mun": 96652, "ibge": 1722081, "z": 27, "l": 1031, "nm": "COLEGIO ESTADUAL JOSE LUIZ SIQUEIRA", "nm_mun": "WANDERLÂNDIA", "aptos": 2355, "imp": 0}}, {"type": "Feature", "geometry": {"type": "Point", "coordinates": [-48.086519, -6.943286]}, "properties": {"i": 902, "mun": 96652, "ibge": 1722081, "z": 27, "l": 1066, "nm": "ESCOLA MUNICIPAL CÂNDIDO ARAÚJO", "nm_mun": "WANDERLÂNDIA", "aptos": 631, "imp": 0}}, {"type": "Feature", "geometry": {"type": "Point", "coordinates": [-48.159506, -7.087811]}, "properties": {"i": 903, "mun": 96652, "ibge": 1722081, "z": 27, "l": 1082, "nm": "ESCOLA MUNICIPAL ENGENHEIRO BERNARDO SAYAO", "nm_mun": "WANDERLÂNDIA", "aptos": 620, "imp": 0}}, {"type": "Feature", "geometry": {"type": "Point", "coordinates": [-48.133759, -7.098332]}, "properties": {"i": 904, "mun": 96652, "ibge": 1722081, "z": 27, "l": 1090, "nm": "ESCOLA MUNICIPAL JOSÉ HENRIQUE DOS SANTOS", "nm_mun": "WANDERLÂNDIA", "aptos": 782, "imp": 0}}, {"type": "Feature", "geometry": {"type": "Point", "coordinates": [-48.058, -6.77669]}, "properties": {"i": 905, "mun": 96652, "ibge": 1722081, "z": 27, "l": 1120, "nm": "ESCOLA MUNICIPAL BOM JESUS", "nm_mun": "WANDERLÂNDIA", "aptos": 265, "imp": 0}}, {"type": "Feature", "geometry": {"type": "Point", "coordinates": [-49.167832, -12.133621]}, "properties": {"i": 906, "mun": 96679, "ibge": 1707652, "z": 14, "l": 1015, "nm": "COLÉGIO ESTADUAL CÂNDIDO FIGUEIRA", "nm_mun": "FIGUEIRÓPOLIS", "aptos": 1602, "imp": 0}}, {"type": "Feature", "geometry": {"type": "Point", "coordinates": [-49.172505, -12.142048]}, "properties": {"i": 907, "mun": 96679, "ibge": 1707652, "z": 14, "l": 1023, "nm": "COLÉGIO ESTADUAL ALAIR SENA CONCEIÇÃO", "nm_mun": "FIGUEIRÓPOLIS", "aptos": 1558, "imp": 0}}, {"type": "Feature", "geometry": {"type": "Point", "coordinates": [-49.165374, -12.137815]}, "properties": {"i": 908, "mun": 96679, "ibge": 1707652, "z": 14, "l": 1040, "nm": "ESCOLA MUNICIPAL PROFESSORA EDILEUZA BARBOSA DA SILVA SANTOS", "nm_mun": "FIGUEIRÓPOLIS", "aptos": 1531, "imp": 0}}, {"type": "Feature", "geometry": {"type": "Point", "coordinates": [-47.90009, -9.345932]}, "properties": {"i": 909, "mun": 96792, "ibge": 1718758, "z": 23, "l": 1015, "nm": "COLÉGIO ESTADUAL DE RIO SONO", "nm_mun": "RIO SONO", "aptos": 1814, "imp": 0}}, {"type": "Feature", "geometry": {"type": "Point", "coordinates": [-47.890963, -9.347512]}, "properties": {"i": 910, "mun": 96792, "ibge": 1718758, "z": 23, "l": 1023, "nm": "ESCOLA MUNICIPAL TOMÁS DE AQUINO", "nm_mun": "RIO SONO", "aptos": 881, "imp": 0}}, {"type": "Feature", "geometry": {"type": "Point", "coordinates": [-47.326767, -9.459478]}, "properties": {"i": 911, "mun": 96792, "ibge": 1718758, "z": 23, "l": 1031, "nm": "ESCOLA ESTADUAL IMACULADA CONCEIÇÃO", "nm_mun": "RIO SONO", "aptos": 495, "imp": 0}}, {"type": "Feature", "geometry": {"type": "Point", "coordinates": [-47.678948, -9.657807]}, "properties": {"i": 912, "mun": 96792, "ibge": 1718758, "z": 23, "l": 1058, "nm": "ESCOLA MUNICIPAL BERNARDO GUIMARÃES", "nm_mun": "RIO SONO", "aptos": 680, "imp": 0}}, {"type": "Feature", "geometry": {"type": "Point", "coordinates": [-47.813042, -9.812608]}, "properties": {"i": 913, "mun": 96792, "ibge": 1718758, "z": 23, "l": 1066, "nm": "ESCOLA CRISTO REI", "nm_mun": "RIO SONO", "aptos": 291, "imp": 0}}, {"type": "Feature", "geometry": {"type": "Point", "coordinates": [-47.674002, -9.958065]}, "properties": {"i": 914, "mun": 96792, "ibge": 1718758, "z": 23, "l": 1112, "nm": "ESCOLA MUNICIPAL CASTRO ALVES", "nm_mun": "RIO SONO", "aptos": 140, "imp": 0}}, {"type": "Feature", "geometry": {"type": "Point", "coordinates": [-48.904212, -10.758055]}, "properties": {"i": 915, "mun": 96830, "ibge": 1707553, "z": 13, "l": 1015, "nm": "COLÉGIO ESTADUAL CONCEIÇÃO BRITO", "nm_mun": "FÁTIMA", "aptos": 3391, "imp": 0}}, {"type": "Feature", "geometry": {"type": "Point", "coordinates": [-47.885652, -5.463708]}, "properties": {"i": 916, "mun": 96857, "ibge": 1702554, "z": 21, "l": 1015, "nm": "ESCOLA ESTADUAL GIRASSOL DE TEMPO INTEGRAL AUGUSTINÓPOLIS", "nm_mun": "AUGUSTINÓPOLIS", "aptos": 2657, "imp": 0}}, {"type": "Feature", "geometry": {"type": "Point", "coordinates": [-47.884467, -5.468745]}, "properties": {"i": 917, "mun": 96857, "ibge": 1702554, "z": 21, "l": 1023, "nm": "COLEGIO ESTADUAL MANOEL VICENTE DE SOUSA", "nm_mun": "AUGUSTINÓPOLIS", "aptos": 2632, "imp": 0}}, {"type": "Feature", "geometry": {"type": "Point", "coordinates": [-47.85788, -5.430057]}, "properties": {"i": 918, "mun": 96857, "ibge": 1702554, "z": 21, "l": 1031, "nm": "ESCOLA EMÍLIO MÉDICE", "nm_mun": "AUGUSTINÓPOLIS", "aptos": 292, "imp": 0}}, {"type": "Feature", "geometry": {"type": "Point", "coordinates": [-47.890295, -5.463632]}, "properties": {"i": 919, "mun": 96857, "ibge": 1702554, "z": 21, "l": 1040, "nm": "ESCOLA MUNICIPAL PRESIDENTE KENNEDY", "nm_mun": "AUGUSTINÓPOLIS", "aptos": 841, "imp": 0}}, {"type": "Feature", "geometry": {"type": "Point", "coordinates": [-47.893584, -5.468362]}, "properties": {"i": 920, "mun": 96857, "ibge": 1702554, "z": 21, "l": 1058, "nm": "COLÉGIO MILITAR DO ESTADO DO TOCANTINS LA SALLE", "nm_mun": "AUGUSTINÓPOLIS", "aptos": 2245, "imp": 0}}, {"type": "Feature", "geometry": {"type": "Point", "coordinates": [-47.892567, -5.476002]}, "properties": {"i": 921, "mun": 96857, "ibge": 1702554, "z": 21, "l": 1066, "nm": "ESCOLA ESTADUAL SANTA GENOVEVA", "nm_mun": "AUGUSTINÓPOLIS", "aptos": 2052, "imp": 0}}, {"type": "Feature", "geometry": {"type": "Point", "coordinates": [-47.954193, -5.494045]}, "properties": {"i": 922, "mun": 96857, "ibge": 1702554, "z": 21, "l": 1074, "nm": "ESCOLA ESTADUAL FAZENDA 16", "nm_mun": "AUGUSTINÓPOLIS", "aptos": 517, "imp": 0}}, {"type": "Feature", "geometry": {"type": "Point", "coordinates": [-47.908974, -5.584482]}, "properties": {"i": 923, "mun": 96857, "ibge": 1702554, "z": 21, "l": 1090, "nm": "ESCOLA MUNICIPAL AGROVILA I", "nm_mun": "AUGUSTINÓPOLIS", "aptos": 212, "imp": 0}}, {"type": "Feature", "geometry": {"type": "Point", "coordinates": [-48.479627, -8.048255]}, "properties": {"i": 924, "mun": 96857, "ibge": 1702554, "z": 21, "l": 1112, "nm": "ESCOLA MUNICIPAL GABRIEL ALVES PEREIRA", "nm_mun": "AUGUSTINÓPOLIS", "aptos": 542, "imp": 1}}, {"type": "Feature", "geometry": {"type": "Point", "coordinates": [-48.544918, -12.03601]}, "properties": {"i": 925, "mun": 96857, "ibge": 1702554, "z": 21, "l": 1120, "nm": "ESCOLA MUNICIPAL ANACLETO PAULINO DA SILVA", "nm_mun": "AUGUSTINÓPOLIS", "aptos": 943, "imp": 1}}, {"type": "Feature", "geometry": {"type": "Point", "coordinates": [-47.632848, -5.60335]}, "properties": {"i": 926, "mun": 96857, "ibge": 1702554, "z": 21, "l": 1139, "nm": "ESCOLA MUNICIPAL ALFREDO PAULINO", "nm_mun": "AUGUSTINÓPOLIS", "aptos": 748, "imp": 1}}, {"type": "Feature", "geometry": {"type": "Point", "coordinates": [-48.938708, -11.303784]}, "properties": {"i": 927, "mun": 96954, "ibge": 1700350, "z": 2, "l": 1015, "nm": "COLEGIO DUQUE DE CAXIAS", "nm_mun": "ALIANÇA DO TOCANTINS", "aptos": 1584, "imp": 0}}, {"type": "Feature", "geometry": {"type": "Point", "coordinates": [-48.933778, -11.30252]}, "properties": {"i": 928, "mun": 96954, "ibge": 1700350, "z": 2, "l": 1023, "nm": "COLEGIO MUNICIPAL NOSSA SENHORA DO CARMO", "nm_mun": "ALIANÇA DO TOCANTINS", "aptos": 1166, "imp": 0}}, {"type": "Feature", "geometry": {"type": "Point", "coordinates": [-48.946715, -11.306336]}, "properties": {"i": 929, "mun": 96954, "ibge": 1700350, "z": 2, "l": 1031, "nm": "COLEGIO ESTADUAL ANITA CASSIMIRO MORENO", "nm_mun": "ALIANÇA DO TOCANTINS", "aptos": 1560, "imp": 0}}, {"type": "Feature", "geometry": {"type": "Point", "coordinates": [-47.978125, -9.955053]}, "properties": {"i": 930, "mun": 96970, "ibge": 1701101, "z": 35, "l": 1015, "nm": "ESCOLA ESTADUAL GIRASSOL DE TEMPO INTEGRAL MEIRA MATOS", "nm_mun": "APARECIDA DO RIO NEGRO", "aptos": 2804, "imp": 0}}, {"type": "Feature", "geometry": {"type": "Point", "coordinates": [-47.969695, -9.95325]}, "properties": {"i": 931, "mun": 96970, "ibge": 1701101, "z": 35, "l": 1023, "nm": "ESCOLA MUNICIPAL LUZA MACHADO DE MIRANDA", "nm_mun": "APARECIDA DO RIO NEGRO", "aptos": 1886, "imp": 0}}, {"type": "Feature", "geometry": {"type": "Point", "coordinates": [-48.72775, -9.83811]}, "properties": {"i": 932, "mun": 96997, "ibge": 1703107, "z": 28, "l": 1015, "nm": "COLEGIO ESTADUAL PRESIDENTE TANCREDO NEVES", "nm_mun": "BARROLÂNDIA", "aptos": 2246, "imp": 0}}, {"type": "Feature", "geometry": {"type": "Point", "coordinates": [-48.726757, -9.842123]}, "properties": {"i": 933, "mun": 96997, "ibge": 1703107, "z": 28, "l": 1023, "nm": "ESCOLA MUNICIPAL CRIANÇA FELIZ", "nm_mun": "BARROLÂNDIA", "aptos": 1114, "imp": 0}}, {"type": "Feature", "geometry": {"type": "Point", "coordinates": [-48.726337, -9.832245]}, "properties": {"i": 934, "mun": 96997, "ibge": 1703107, "z": 28, "l": 1031, "nm": "COLEGIO ESTADUAL PRESIDENTE COSTA  E SILVA", "nm_mun": "BARROLÂNDIA", "aptos": 1539, "imp": 0}}]}