{"type": "FeatureCollection", "features": [{"type": "Feature", "geometry": {"type": "Point", "coordinates": [-37.848118, -7.719052]}, "properties": {"i": 0, "mun": 23000, "ibge": 2611533, "z": 98, "l": 1015, "nm": "ESCOLA VERISSIMA D'ARC DOS SANTOS", "nm_mun": "QUIXABA", "aptos": 2387, "imp": 0}}, {"type": "Feature", "geometry": {"type": "Point", "coordinates": [-37.843268, -7.717582]}, "properties": {"i": 1, "mun": 23000, "ibge": 2611533, "z": 98, "l": 1031, "nm": "ESCOLA SOLIDONIO PEREIRA DE CARVALHO", "nm_mun": "QUIXABA", "aptos": 2995, "imp": 0}}, {"type": "Feature", "geometry": {"type": "Point", "coordinates": [-37.919278, -7.712911]}, "properties": {"i": 2, "mun": 23000, "ibge": 2611533, "z": 98, "l": 1066, "nm": "ESCOLA MUNICIPAL DE LAGOA DA CRUZ", "nm_mun": "QUIXABA", "aptos": 572, "imp": 0}}, {"type": "Feature", "geometry": {"type": "Point", "coordinates": [-37.529997, -7.488483]}, "properties": {"i": 3, "mun": 23000, "ibge": 2611533, "z": 98, "l": 1074, "nm": "ESCOLA MUNICIPAL SÃO MIGUEL -", "nm_mun": "QUIXABA", "aptos": 277, "imp": 1}}, {"type": "Feature", "geometry": {"type": "Point", "coordinates": [-37.632537, -7.753292]}, "properties": {"i": 4, "mun": 23019, "ibge": 2600104, "z": 66, "l": 1040, "nm": "FACULDADE DE FORMAÇÃO DE PROFESSORES - FASP", "nm_mun": "AFOGADOS DA INGAZEIRA", "aptos": 1737, "imp": 0}}, {"type": "Feature", "geometry": {"type": "Point", "coordinates": [-37.632863, -7.75306]}, "properties": {"i": 5, "mun": 23019, "ibge": 2600104, "z": 66, "l": 1082, "nm": "COLEGIO NORMAL ESTADUAL", "nm_mun": "AFOGADOS DA INGAZEIRA", "aptos": 5677, "imp": 0}}, {"type": "Feature", "geometry": {"type": "Point", "coordinates": [-37.638701, -7.746509]}, "properties": {"i": 6, "mun": 23019, "ibge": 2600104, "z": 66, "l": 1198, "nm": "ESCOLA ESTADUAL EREM CÔNEGO JOÃO LEITE GONÇALVES", "nm_mun": "AFOGADOS DA INGAZEIRA", "aptos": 1367, "imp": 0}}, {"type": "Feature", "geometry": {"type": "Point", "coordinates": [-37.632731, -7.750811]}, "properties": {"i": 7, "mun": 23019, "ibge": 2600104, "z": 66, "l": 1201, "nm": "ESCOLA MUNICIPAL PADRE CARLOS COTTART", "nm_mun": "AFOGADOS DA INGAZEIRA", "aptos": 2058, "imp": 0}}, {"type": "Feature", "geometry": {"type": "Point", "coordinates": [-37.63592, -7.753955]}, "properties": {"i": 8, "mun": 23019, "ibge": 2600104, "z": 66, "l": 1244, "nm": "ESCOLA ESTADUAL MONSENHOR ANTÔNIO DE PÁDUA SANTOS", "nm_mun": "AFOGADOS DA INGAZEIRA", "aptos": 3796, "imp": 0}}, {"type": "Feature", "geometry": {"type": "Point", "coordinates": [-37.637803, -7.74236]}, "properties": {"i": 9, "mun": 23019, "ibge": 2600104, "z": 66, "l": 1260, "nm": "GERÊNCIA DO SERTAO DO ALTO PAJEU - GRE", "nm_mun": "AFOGADOS DA INGAZEIRA", "aptos": 1212, "imp": 0}}, {"type": "Feature", "geometry": {"type": "Point", "coordinates": [-37.638047, -7.752995]}, "properties": {"i": 10, "mun": 23019, "ibge": 2600104, "z": 66, "l": 1295, "nm": "ESCOLA MUNICIPAL ANA MELO", "nm_mun": "AFOGADOS DA INGAZEIRA", "aptos": 2731, "imp": 0}}, {"type": "Feature", "geometry": {"type": "Point", "coordinates": [-37.642992, -7.749102]}, "properties": {"i": 11, "mun": 23019, "ibge": 2600104, "z": 66, "l": 1309, "nm": "ESCOLA MUNICIPAL JOSE RODRIGUES DE BRITO", "nm_mun": "AFOGADOS DA INGAZEIRA", "aptos": 935, "imp": 0}}, {"type": "Feature", "geometry": {"type": "Point", "coordinates": [-37.637653, -7.750091]}, "properties": {"i": 12, "mun": 23019, "ibge": 2600104, "z": 66, "l": 1325, "nm": "SECRETARIA MUNICIPAL DE EDUCAÇÃO DE AFOGADOS", "nm_mun": "AFOGADOS DA INGAZEIRA", "aptos": 1056, "imp": 0}}, {"type": "Feature", "geometry": {"type": "Point", "coordinates": [-37.675707, -7.630555]}, "properties": {"i": 13, "mun": 23019, "ibge": 2600104, "z": 66, "l": 1341, "nm": "ESCOLA MUNICIPAL SÃO JOÃO", "nm_mun": "AFOGADOS DA INGAZEIRA", "aptos": 787, "imp": 0}}, {"type": "Feature", "geometry": {"type": "Point", "coordinates": [-37.626059, -7.853784]}, "properties": {"i": 14, "mun": 23019, "ibge": 2600104, "z": 66, "l": 1350, "nm": "ESCOLA MUNICIPAL LEVINO CANDIDO", "nm_mun": "AFOGADOS DA INGAZEIRA", "aptos": 529, "imp": 0}}, {"type": "Feature", "geometry": {"type": "Point", "coordinates": [-37.650916, -7.805606]}, "properties": {"i": 15, "mun": 23019, "ibge": 2600104, "z": 66, "l": 1368, "nm": "ESCOLA MUNICIPAL JOSÉ LOURENÇO DE SENA", "nm_mun": "AFOGADOS DA INGAZEIRA", "aptos": 355, "imp": 0}}, {"type": "Feature", "geometry": {"type": "Point", "coordinates": [-37.681111, -7.666557]}, "properties": {"i": 16, "mun": 23019, "ibge": 2600104, "z": 66, "l": 1384, "nm": "ESCOLA MUNICIPAL JOSÉ ALVES FEITOSA", "nm_mun": "AFOGADOS DA INGAZEIRA", "aptos": 311, "imp": 0}}, {"type": "Feature", "geometry": {"type": "Point", "coordinates": [-37.574773, -7.709379]}, "properties": {"i": 17, "mun": 23019, "ibge": 2600104, "z": 66, "l": 1406, "nm": "ESCOLA MUNICIPAL SANTA LÚCIA", "nm_mun": "AFOGADOS DA INGAZEIRA", "aptos": 272, "imp": 0}}, {"type": "Feature", "geometry": {"type": "Point", "coordinates": [-37.680733, -7.74582]}, "properties": {"i": 18, "mun": 23019, "ibge": 2600104, "z": 66, "l": 1414, "nm": "ESCOLA MUNICIPAL HORTÊNCIO BARBOSA", "nm_mun": "AFOGADOS DA INGAZEIRA", "aptos": 352, "imp": 0}}, {"type": "Feature", "geometry": {"type": "Point", "coordinates": [-37.647588, -7.748612]}, "properties": {"i": 19, "mun": 23019, "ibge": 2600104, "z": 66, "l": 1422, "nm": "ESCOLA MUNICIPAL GERALDO CIPRIANO DOS SANTOS", "nm_mun": "AFOGADOS DA INGAZEIRA", "aptos": 1649, "imp": 0}}, {"type": "Feature", "geometry": {"type": "Point", "coordinates": [-37.553176, -7.661817]}, "properties": {"i": 20, "mun": 23019, "ibge": 2600104, "z": 66, "l": 1449, "nm": "UNIDADE BÁSICA DE SAÚDE DA VARZINHA", "nm_mun": "AFOGADOS DA INGAZEIRA", "aptos": 226, "imp": 0}}, {"type": "Feature", "geometry": {"type": "Point", "coordinates": [-37.649881, -7.738062]}, "properties": {"i": 21, "mun": 23019, "ibge": 2600104, "z": 66, "l": 1457, "nm": "CENTRO DE EDUCAÇÃO INFANTIL MARIA GENEDI MAGALHÃES", "nm_mun": "AFOGADOS DA INGAZEIRA", "aptos": 2043, "imp": 0}}, {"type": "Feature", "geometry": {"type": "Point", "coordinates": [-37.637803, -7.74236]}, "properties": {"i": 22, "mun": 23019, "ibge": 2600104, "z": 66, "l": 1465, "nm": "ESCOLA MUNICIPAL PROFESSORA MARIA GISELDA SIMÕES INÁCIO", "nm_mun": "AFOGADOS DA INGAZEIRA", "aptos": 1965, "imp": 0}}, {"type": "Feature", "geometry": {"type": "Point", "coordinates": [-37.637803, -7.74236]}, "properties": {"i": 23, "mun": 23019, "ibge": 2600104, "z": 66, "l": 1473, "nm": "CENTRO DE EDUCAÇÃO INFANTIL SÃO SEBASTIÃO", "nm_mun": "AFOGADOS DA INGAZEIRA", "aptos": 855, "imp": 1}}, {"type": "Feature", "geometry": {"type": "Point", "coordinates": [-34.929619, -8.166969]}, "properties": {"i": 24, "mun": 23019, "ibge": 2600104, "z": 66, "l": 1481, "nm": "ESCOLA MUNICIPAL DOMINGOS TEOTÔNIO", "nm_mun": "AFOGADOS DA INGAZEIRA", "aptos": 268, "imp": 1}}, {"type": "Feature", "geometry": {"type": "Point", "coordinates": [-35.309851, -7.845262]}, "properties": {"i": 25, "mun": 23027, "ibge": 2608453, "z": 20, "l": 1031, "nm": "ESCOLA  PROFESSOR JORGE CAMELO", "nm_mun": "LAGOA DO CARRO", "aptos": 2243, "imp": 0}}, {"type": "Feature", "geometry": {"type": "Point", "coordinates": [-35.340978, -7.876272]}, "properties": {"i": 26, "mun": 23027, "ibge": 2608453, "z": 20, "l": 1040, "nm": "ESCOLA MUNICIPAL ERNESTO GEISEL", "nm_mun": "LAGOA DO CARRO", "aptos": 733, "imp": 0}}, {"type": "Feature", "geometry": {"type": "Point", "coordinates": [-35.316082, -7.84431]}, "properties": {"i": 27, "mun": 23027, "ibge": 2608453, "z": 20, "l": 1058, "nm": "ESCOLA DR. FRANCISCO SIQUEIRA", "nm_mun": "LAGOA DO CARRO", "aptos": 3444, "imp": 0}}, {"type": "Feature", "geometry": {"type": "Point", "coordinates": [-35.286573, -7.842889]}, "properties": {"i": 28, "mun": 23027, "ibge": 2608453, "z": 20, "l": 1066, "nm": "ESCOLA MÍNIMA ANA GUERRA", "nm_mun": "LAGOA DO CARRO", "aptos": 437, "imp": 0}}, {"type": "Feature", "geometry": {"type": "Point", "coordinates": [-35.304758, -7.842936]}, "properties": {"i": 29, "mun": 23027, "ibge": 2608453, "z": 20, "l": 1074, "nm": "CENTRO EDUCACIONAL INTEGRADO MANOEL ALVES BANDEIRA", "nm_mun": "LAGOA DO CARRO", "aptos": 1391, "imp": 0}}, {"type": "Feature", "geometry": {"type": "Point", "coordinates": [-35.320107, -7.870011]}, "properties": {"i": 30, "mun": 23027, "ibge": 2608453, "z": 20, "l": 1201, "nm": "ESCOLA MÍNIMA JOANA PINTO DE SOUZA", "nm_mun": "LAGOA DO CARRO", "aptos": 326, "imp": 0}}, {"type": "Feature", "geometry": {"type": "Point", "coordinates": [-35.342923, -7.847379]}, "properties": {"i": 31, "mun": 23027, "ibge": 2608453, "z": 20, "l": 1384, "nm": "ESCOLA MIRIAM PIMENTEL GUERRA", "nm_mun": "LAGOA DO CARRO", "aptos": 773, "imp": 0}}, {"type": "Feature", "geometry": {"type": "Point", "coordinates": [-35.367096, -7.827806]}, "properties": {"i": 32, "mun": 23027, "ibge": 2608453, "z": 20, "l": 1422, "nm": "ESCOLA  JOAQUIM PINTO LAPA", "nm_mun": "LAGOA DO CARRO", "aptos": 287, "imp": 0}}, {"type": "Feature", "geometry": {"type": "Point", "coordinates": [-35.304026, -7.875453]}, "properties": {"i": 33, "mun": 23027, "ibge": 2608453, "z": 20, "l": 1473, "nm": "ESCOLA MUNICIPAL NOSSA SENHORA DE SANTANA", "nm_mun": "LAGOA DO CARRO", "aptos": 261, "imp": 0}}, {"type": "Feature", "geometry": {"type": "Point", "coordinates": [-35.368277, -7.847582]}, "properties": {"i": 34, "mun": 23027, "ibge": 2608453, "z": 20, "l": 1481, "nm": "ESCOLA MUNICIPAL MANOEL ERNESTO DO RÊGO", "nm_mun": "LAGOA DO CARRO", "aptos": 1084, "imp": 0}}, {"type": "Feature", "geometry": {"type": "Point", "coordinates": [-35.308801, -7.84298]}, "properties": {"i": 35, "mun": 23027, "ibge": 2608453, "z": 20, "l": 1490, "nm": "ESCOLA DAGOBERTO LOBO", "nm_mun": "LAGOA DO CARRO", "aptos": 1946, "imp": 0}}, {"type": "Feature", "geometry": {"type": "Point", "coordinates": [-35.312658, -7.847225]}, "properties": {"i": 36, "mun": 23027, "ibge": 2608453, "z": 20, "l": 1520, "nm": "ESCOLA MUNICIPAL PROFESSOR AILTON BARBOSA DE LIMA", "nm_mun": "LAGOA DO CARRO", "aptos": 1546, "imp": 0}}, {"type": "Feature", "geometry": {"type": "Point", "coordinates": [-35.316027, -7.84551]}, "properties": {"i": 37, "mun": 23027, "ibge": 2608453, "z": 20, "l": 1538, "nm": "CRECHE NATALIA MARIA DA CONCEIÇÃO", "nm_mun": "LAGOA DO CARRO", "aptos": 1263, "imp": 0}}, {"type": "Feature", "geometry": {"type": "Point", "coordinates": [-41.011832, -8.513085]}, "properties": {"i": 38, "mun": 23035, "ibge": 2600203, "z": 107, "l": 1015, "nm": "ESCOLA DE REFERÊNCIA EM ENSINO MÉDIO PROFª IRENE MARIA RAMOS COELHO", "nm_mun": "AFRÂNIO", "aptos": 3807, "imp": 0}}, {"type": "Feature", "geometry": {"type": "Point", "coordinates": [-41.136581, -8.634975]}, "properties": {"i": 39, "mun": 23035, "ibge": 2600203, "z": 107, "l": 1040, "nm": "ESCOLA MUNICIPAL PADRE CÍCERO", "nm_mun": "AFRÂNIO", "aptos": 1646, "imp": 0}}, {"type": "Feature", "geometry": {"type": "Point", "coordinates": [-41.055855, -8.668805]}, "properties": {"i": 40, "mun": 23035, "ibge": 2600203, "z": 107, "l": 1066, "nm": "ESCOLA MUNICIPAL VITALINA COELHO ALVES", "nm_mun": "AFRÂNIO", "aptos": 1386, "imp": 0}}, {"type": "Feature", "geometry": {"type": "Point", "coordinates": [-41.005536, -8.516217]}, "properties": {"i": 41, "mun": 23035, "ibge": 2600203, "z": 107, "l": 1074, "nm": "ESCOLA ESTADUAL ANTONIO CAVALCANTI FILHO", "nm_mun": "AFRÂNIO", "aptos": 3948, "imp": 0}}, {"type": "Feature", "geometry": {"type": "Point", "coordinates": [-41.294135, -8.687304]}, "properties": {"i": 42, "mun": 23035, "ibge": 2600203, "z": 107, "l": 1090, "nm": "ESCOLA MUNICIPAL DR. NILO DE SOUSA COELHO", "nm_mun": "AFRÂNIO", "aptos": 772, "imp": 0}}, {"type": "Feature", "geometry": {"type": "Point", "coordinates": [-40.961059, -8.674184]}, "properties": {"i": 43, "mun": 23035, "ibge": 2600203, "z": 107, "l": 1112, "nm": "ESCOLA MUNICIPAL MANOEL BERNARDINO COELHO", "nm_mun": "AFRÂNIO", "aptos": 1662, "imp": 0}}, {"type": "Feature", "geometry": {"type": "Point", "coordinates": [-40.864854, -8.457171]}, "properties": {"i": 44, "mun": 23035, "ibge": 2600203, "z": 107, "l": 1171, "nm": "ESCOLA MUNICIPAL MESSIAS JOSÉ DE MACEDO", "nm_mun": "AFRÂNIO", "aptos": 455, "imp": 0}}, {"type": "Feature", "geometry": {"type": "Point", "coordinates": [-40.908886, -8.636057]}, "properties": {"i": 45, "mun": 23035, "ibge": 2600203, "z": 107, "l": 1180, "nm": "ANTIGA ESCOLA MUNICIPAL OLAVO BILAC", "nm_mun": "AFRÂNIO", "aptos": 256, "imp": 0}}, {"type": "Feature", "geometry": {"type": "Point", "coordinates": [-40.966785, -8.473223]}, "properties": {"i": 46, "mun": 23035, "ibge": 2600203, "z": 107, "l": 1201, "nm": "ESCOLA MUNICIPAL TEREZA VIEIRA DE CARVALHO", "nm_mun": "AFRÂNIO", "aptos": 752, "imp": 0}}, {"type": "Feature", "geometry": {"type": "Point", "coordinates": [-40.852291, -8.559112]}, "properties": {"i": 47, "mun": 23035, "ibge": 2600203, "z": 107, "l": 1210, "nm": "ESCOLA MUNICIPAL AURELIANO FRANCISCO NETO", "nm_mun": "AFRÂNIO", "aptos": 2242, "imp": 0}}, {"type": "Feature", "geometry": {"type": "Point", "coordinates": [-41.060984, -8.510993]}, "properties": {"i": 48, "mun": 23035, "ibge": 2600203, "z": 107, "l": 1236, "nm": "ESCOLA MUNICIPAL AGAMENON MAGALHÃES", "nm_mun": "AFRÂNIO", "aptos": 619, "imp": 0}}, {"type": "Feature", "geometry": {"type": "Point", "coordinates": [-38.153535, -7.816719]}, "properties": {"i": 49, "mun": 23043, "ibge": 2612471, "z": 71, "l": 1015, "nm": "ESCOLA ESTADUAL SANTA CRUZ", "nm_mun": "SANTA CRUZ DA BAIXA VERDE", "aptos": 3391, "imp": 0}}, {"type": "Feature", "geometry": {"type": "Point", "coordinates": [-38.147856, -7.821478]}, "properties": {"i": 50, "mun": 23043, "ibge": 2612471, "z": 71, "l": 1031, "nm": "ESCOLA ESTADUAL REGINA PACIS", "nm_mun": "SANTA CRUZ DA BAIXA VERDE", "aptos": 3485, "imp": 0}}, {"type": "Feature", "geometry": {"type": "Point", "coordinates": [-38.197315, -7.889656]}, "properties": {"i": 51, "mun": 23043, "ibge": 2612471, "z": 71, "l": 1040, "nm": "ESCOLA MUNICIPAL ARTUR VIANA RIBEIRO", "nm_mun": "SANTA CRUZ DA BAIXA VERDE", "aptos": 1877, "imp": 0}}, {"type": "Feature", "geometry": {"type": "Point", "coordinates": [-38.15786, -7.821705]}, "properties": {"i": 52, "mun": 23043, "ibge": 2612471, "z": 71, "l": 1066, "nm": "ESCOLA MUNICIPAL FRANCISCA FLOR", "nm_mun": "SANTA CRUZ DA BAIXA VERDE", "aptos": 1176, "imp": 0}}, {"type": "Feature", "geometry": {"type": "Point", "coordinates": [-35.947751, -8.455474]}, "properties": {"i": 53, "mun": 23051, "ibge": 2600302, "z": 86, "l": 1015, "nm": "ESCOLA PROFESSOR JOSE CONSTANTINO", "nm_mun": "AGRESTINA", "aptos": 4137, "imp": 0}}, {"type": "Feature", "geometry": {"type": "Point", "coordinates": [-35.951226, -8.450504]}, "properties": {"i": 54, "mun": 23051, "ibge": 2600302, "z": 86, "l": 1023, "nm": "CRECHE VOVO MARIA", "nm_mun": "AGRESTINA", "aptos": 1522, "imp": 0}}, {"type": "Feature", "geometry": {"type": "Point", "coordinates": [-35.922085, -8.380756]}, "properties": {"i": 55, "mun": 23051, "ibge": 2600302, "z": 86, "l": 1040, "nm": "GRUPO ESCOLAR VEREADOR JOAO LOURENCO", "nm_mun": "AGRESTINA", "aptos": 751, "imp": 0}}, {"type": "Feature", "geometry": {"type": "Point", "coordinates": [-35.911964, -8.545108]}, "properties": {"i": 56, "mun": 23051, "ibge": 2600302, "z": 86, "l": 1058, "nm": "GRUPO ESCOLAR SANTO AMARO", "nm_mun": "AGRESTINA", "aptos": 368, "imp": 0}}, {"type": "Feature", "geometry": {"type": "Point", "coordinates": [-35.963, -8.394926]}, "properties": {"i": 57, "mun": 23051, "ibge": 2600302, "z": 86, "l": 1104, "nm": "GRUPO ESCOLAR MARIA STELA COSTA CAVALCANTI", "nm_mun": "AGRESTINA", "aptos": 1549, "imp": 0}}, {"type": "Feature", "geometry": {"type": "Point", "coordinates": [-36.003731, -8.387103]}, "properties": {"i": 58, "mun": 23051, "ibge": 2600302, "z": 86, "l": 1112, "nm": "POSTO DE SAÚDE DE SERRA DO JARDIM", "nm_mun": "AGRESTINA", "aptos": 153, "imp": 0}}, {"type": "Feature", "geometry": {"type": "Point", "coordinates": [-35.958957, -8.527146]}, "properties": {"i": 59, "mun": 23051, "ibge": 2600302, "z": 86, "l": 1120, "nm": "GRUPO ESCOLAR SANTA CRUZ", "nm_mun": "AGRESTINA", "aptos": 541, "imp": 0}}, {"type": "Feature", "geometry": {"type": "Point", "coordinates": [-35.923824, -8.500049]}, "properties": {"i": 60, "mun": 23051, "ibge": 2600302, "z": 86, "l": 1139, "nm": "GRUPO ESCOLAR NOSSA SENHORA DA CONCEICAO", "nm_mun": "AGRESTINA", "aptos": 699, "imp": 0}}, {"type": "Feature", "geometry": {"type": "Point", "coordinates": [-36.001027, -8.407431]}, "properties": {"i": 61, "mun": 23051, "ibge": 2600302, "z": 86, "l": 1155, "nm": "GRUPO ESCOLAR MARCEONILA MARIA DOS SANTOS", "nm_mun": "AGRESTINA", "aptos": 839, "imp": 0}}, {"type": "Feature", "geometry": {"type": "Point", "coordinates": [-35.910435, -8.480914]}, "properties": {"i": 62, "mun": 23051, "ibge": 2600302, "z": 86, "l": 1163, "nm": "POSTO DE SAÚDE HAYDEIA PINHEIRO", "nm_mun": "AGRESTINA", "aptos": 442, "imp": 0}}, {"type": "Feature", "geometry": {"type": "Point", "coordinates": [-35.948564, -8.496297]}, "properties": {"i": 63, "mun": 23051, "ibge": 2600302, "z": 86, "l": 1171, "nm": "GRUPO ESCOLAR SANTA TEREZA", "nm_mun": "AGRESTINA", "aptos": 450, "imp": 0}}, {"type": "Feature", "geometry": {"type": "Point", "coordinates": [-35.901924, -8.529062]}, "properties": {"i": 64, "mun": 23051, "ibge": 2600302, "z": 86, "l": 1180, "nm": "GRUPO ESCOLAR NOSSA SENHORA DE LOURDES", "nm_mun": "AGRESTINA", "aptos": 316, "imp": 0}}, {"type": "Feature", "geometry": {"type": "Point", "coordinates": [-35.951899, -8.450497]}, "properties": {"i": 65, "mun": 23051, "ibge": 2600302, "z": 86, "l": 1210, "nm": "ESCOLA MARIA EDELVITA", "nm_mun": "AGRESTINA", "aptos": 2059, "imp": 0}}, {"type": "Feature", "geometry": {"type": "Point", "coordinates": [-35.946566, -8.45969]}, "properties": {"i": 66, "mun": 23051, "ibge": 2600302, "z": 86, "l": 1244, "nm": "ESCOLA SESQUICENTENARIO DA INDEPENDENCIA", "nm_mun": "AGRESTINA", "aptos": 2756, "imp": 0}}, {"type": "Feature", "geometry": {"type": "Point", "coordinates": [-35.941666, -8.455774]}, "properties": {"i": 67, "mun": 23051, "ibge": 2600302, "z": 86, "l": 1287, "nm": "ESCOLA LEONILA DE SOUZA RIBEIRO", "nm_mun": "AGRESTINA", "aptos": 2671, "imp": 0}}, {"type": "Feature", "geometry": {"type": "Point", "coordinates": [-35.950438, -8.451869]}, "properties": {"i": 68, "mun": 23051, "ibge": 2600302, "z": 86, "l": 1309, "nm": "CLUBE RECREATIVO - CENTRO CULTURAL", "nm_mun": "AGRESTINA", "aptos": 1465, "imp": 0}}, {"type": "Feature", "geometry": {"type": "Point", "coordinates": [-38.306115, -8.004086]}, "properties": {"i": 69, "mun": 23051, "ibge": 2600302, "z": 86, "l": 1317, "nm": "APAE DE AGRESTINA", "nm_mun": "AGRESTINA", "aptos": 234, "imp": 1}}, {"type": "Feature", "geometry": {"type": "Point", "coordinates": [-35.626586, -8.806433]}, "properties": {"i": 70, "mun": 23060, "ibge": 2616506, "z": 38, "l": 1015, "nm": "COLEGIO JOÃO PEREIRA SOBRINHO", "nm_mun": "XEXÉU", "aptos": 3719, "imp": 0}}, {"type": "Feature", "geometry": {"type": "Point", "coordinates": [-35.623966, -8.804123]}, "properties": {"i": 71, "mun": 23060, "ibge": 2616506, "z": 38, "l": 1074, "nm": "ESCOLA MUNICIPAL JOAO BEZERRA FILHO", "nm_mun": "XEXÉU", "aptos": 2612, "imp": 0}}, {"type": "Feature", "geometry": {"type": "Point", "coordinates": [-35.625364, -8.87003]}, "properties": {"i": 72, "mun": 23060, "ibge": 2616506, "z": 38, "l": 1104, "nm": "GRUPO ESCOLAR ANTONIO JOAQUIM DE GOUVEIA", "nm_mun": "XEXÉU", "aptos": 2274, "imp": 0}}, {"type": "Feature", "geometry": {"type": "Point", "coordinates": [-35.525207, -8.625746]}, "properties": {"i": 73, "mun": 23060, "ibge": 2616506, "z": 38, "l": 1112, "nm": "ESCOLA MUNICIPAL PROFESSORA RANUZIA MOREIRA DE LIMA", "nm_mun": "XEXÉU", "aptos": 2616, "imp": 1}}, {"type": "Feature", "geometry": {"type": "Point", "coordinates": [-35.520468, -8.708708]}, "properties": {"i": 74, "mun": 23078, "ibge": 2600401, "z": 38, "l": 1040, "nm": "EREM JOAO VICENTE DE QUEIROZ", "nm_mun": "ÁGUA PRETA", "aptos": 6000, "imp": 0}}, {"type": "Feature", "geometry": {"type": "Point", "coordinates": [-35.561525, -8.829591]}, "properties": {"i": 75, "mun": 23078, "ibge": 2600401, "z": 38, "l": 1082, "nm": "COLEGIO MUNICIPAL TEREZINHA  PESSOA DE QUEIROZ", "nm_mun": "ÁGUA PRETA", "aptos": 1880, "imp": 0}}, {"type": "Feature", "geometry": {"type": "Point", "coordinates": [-35.527233, -8.70008]}, "properties": {"i": 76, "mun": 23078, "ibge": 2600401, "z": 38, "l": 1090, "nm": "CRECHE MUNICIPAL - AMARA INÊS SENA", "nm_mun": "ÁGUA PRETA", "aptos": 1237, "imp": 0}}, {"type": "Feature", "geometry": {"type": "Point", "coordinates": [-35.521319, -8.687525]}, "properties": {"i": 77, "mun": 23078, "ibge": 2600401, "z": 38, "l": 1147, "nm": "ESCOLA PADRE FRANCISCO GERAEDTS", "nm_mun": "ÁGUA PRETA", "aptos": 1665, "imp": 0}}, {"type": "Feature", "geometry": {"type": "Point", "coordinates": [-35.51735, -8.716489]}, "properties": {"i": 78, "mun": 23078, "ibge": 2600401, "z": 38, "l": 1171, "nm": "ESC. PROFESSORA GENI MARIA DA SILVA", "nm_mun": "ÁGUA PRETA", "aptos": 727, "imp": 0}}, {"type": "Feature", "geometry": {"type": "Point", "coordinates": [-35.518996, -8.708283]}, "properties": {"i": 79, "mun": 23078, "ibge": 2600401, "z": 38, "l": 1180, "nm": "GINASIO DE ESPORTES JUAREZ LINS DE HOLANDA", "nm_mun": "ÁGUA PRETA", "aptos": 1641, "imp": 0}}, {"type": "Feature", "geometry": {"type": "Point", "coordinates": [-35.533419, -8.685896]}, "properties": {"i": 80, "mun": 23078, "ibge": 2600401, "z": 38, "l": 1198, "nm": "ESCOLA PROF AMARO MATIAS", "nm_mun": "ÁGUA PRETA", "aptos": 1709, "imp": 0}}, {"type": "Feature", "geometry": {"type": "Point", "coordinates": [-35.528292, -8.70227]}, "properties": {"i": 81, "mun": 23078, "ibge": 2600401, "z": 38, "l": 1201, "nm": "ESCOLA MUNICIPAL MARIA JOSE MASSENA MATIAS", "nm_mun": "ÁGUA PRETA", "aptos": 1293, "imp": 0}}, {"type": "Feature", "geometry": {"type": "Point", "coordinates": [-35.522788, -8.71042]}, "properties": {"i": 82, "mun": 23078, "ibge": 2600401, "z": 38, "l": 1210, "nm": "ESCOLA MUNICIPAL ARTHUR BARBOSA DE QUEIROZ NETO", "nm_mun": "ÁGUA PRETA", "aptos": 1418, "imp": 0}}, {"type": "Feature", "geometry": {"type": "Point", "coordinates": [-35.500319, -8.590503]}, "properties": {"i": 83, "mun": 23078, "ibge": 2600401, "z": 38, "l": 1228, "nm": "ESCOLA MUNICIPAL AGROVILA LIBERAL", "nm_mun": "ÁGUA PRETA", "aptos": 829, "imp": 0}}, {"type": "Feature", "geometry": {"type": "Point", "coordinates": [-35.114767, -7.405773]}, "properties": {"i": 84, "mun": 23078, "ibge": 2600401, "z": 38, "l": 1236, "nm": "CLUBE MUNICIPAL MARIINHA ANDRADE", "nm_mun": "ÁGUA PRETA", "aptos": 1845, "imp": 1}}, {"type": "Feature", "geometry": {"type": "Point", "coordinates": [-35.850048, -7.773998]}, "properties": {"i": 85, "mun": 23086, "ibge": 2616183, "z": 34, "l": 1023, "nm": "ESCOLA MUNICIPAL JOSE BATISTA DE SOUZA", "nm_mun": "VERTENTE DO LÉRIO", "aptos": 2548, "imp": 0}}, {"type": "Feature", "geometry": {"type": "Point", "coordinates": [-35.844138, -7.773797]}, "properties": {"i": 86, "mun": 23086, "ibge": 2616183, "z": 34, "l": 1031, "nm": "EREM JUSTA BARBOSA DE SALES", "nm_mun": "VERTENTE DO LÉRIO", "aptos": 3071, "imp": 0}}, {"type": "Feature", "geometry": {"type": "Point", "coordinates": [-35.784677, -7.804999]}, "properties": {"i": 87, "mun": 23086, "ibge": 2616183, "z": 34, "l": 1090, "nm": "ESCOLA MUNICIPAL SÃO JOSÉ", "nm_mun": "VERTENTE DO LÉRIO", "aptos": 2239, "imp": 0}}, {"type": "Feature", "geometry": {"type": "Point", "coordinates": [-35.78034, -7.8016]}, "properties": {"i": 88, "mun": 23086, "ibge": 2616183, "z": 34, "l": 1104, "nm": "ESCOLA MUNICIPAL JOÃO FRANCISCO DAS CHAGAS", "nm_mun": "VERTENTE DO LÉRIO", "aptos": 461, "imp": 0}}, {"type": "Feature", "geometry": {"type": "Point", "coordinates": [-37.120381, -9.111992]}, "properties": {"i": 89, "mun": 23094, "ibge": 2600500, "z": 64, "l": 1015, "nm": "PORTAL DO ALVORADA", "nm_mun": "ÁGUAS BELAS", "aptos": 783, "imp": 0}}, {"type": "Feature", "geometry": {"type": "Point", "coordinates": [-37.121927, -9.112797]}, "properties": {"i": 90, "mun": 23094, "ibge": 2600500, "z": 64, "l": 1023, "nm": "CAMARA MUNICIPAL", "nm_mun": "ÁGUAS BELAS", "aptos": 510, "imp": 0}}, {"type": "Feature", "geometry": {"type": "Point", "coordinates": [-37.117451, -9.112388]}, "properties": {"i": 91, "mun": 23094, "ibge": 2600500, "z": 64, "l": 1066, "nm": "COLÉGIO MUNICIPAL GERSON DE ALBUQUERQUE MARANHÃO", "nm_mun": "ÁGUAS BELAS", "aptos": 5101, "imp": 0}}, {"type": "Feature", "geometry": {"type": "Point", "coordinates": [-37.114941, -9.117554]}, "properties": {"i": 92, "mun": 23094, "ibge": 2600500, "z": 64, "l": 1104, "nm": "ESCOLA JOAO RODRIGUES CARDOSO", "nm_mun": "ÁGUAS BELAS", "aptos": 4351, "imp": 0}}, {"type": "Feature", "geometry": {"type": "Point", "coordinates": [-37.122489, -9.111339]}, "properties": {"i": 93, "mun": 23094, "ibge": 2600500, "z": 64, "l": 1112, "nm": "ESCOLA NICOLAU SIQUEIRA", "nm_mun": "ÁGUAS BELAS", "aptos": 4508, "imp": 0}}, {"type": "Feature", "geometry": {"type": "Point", "coordinates": [-37.119439, -9.108127]}, "properties": {"i": 94, "mun": 23094, "ibge": 2600500, "z": 64, "l": 1120, "nm": "ESCOLA SANTA CECILIA", "nm_mun": "ÁGUAS BELAS", "aptos": 1327, "imp": 0}}, {"type": "Feature", "geometry": {"type": "Point", "coordinates": [-37.117525, -9.114017]}, "properties": {"i": 95, "mun": 23094, "ibge": 2600500, "z": 64, "l": 1147, "nm": "ESCOLA LEONÍZIO DUARTE", "nm_mun": "ÁGUAS BELAS", "aptos": 3249, "imp": 0}}, {"type": "Feature", "geometry": {"type": "Point", "coordinates": [-37.058271, -9.026131]}, "properties": {"i": 96, "mun": 23094, "ibge": 2600500, "z": 64, "l": 1201, "nm": "ESCOLA MANOEL FRANCISCO DOS SANTOS", "nm_mun": "ÁGUAS BELAS", "aptos": 3171, "imp": 0}}, {"type": "Feature", "geometry": {"type": "Point", "coordinates": [-37.150453, -9.250038]}, "properties": {"i": 97, "mun": 23094, "ibge": 2600500, "z": 64, "l": 1252, "nm": "ESCOLA GREGORIO BEZERRA", "nm_mun": "ÁGUAS BELAS", "aptos": 1906, "imp": 0}}, {"type": "Feature", "geometry": {"type": "Point", "coordinates": [-37.123228, -9.106588]}, "properties": {"i": 98, "mun": 23094, "ibge": 2600500, "z": 64, "l": 1341, "nm": "ESCOLA MUNICIPAL ELISA CABRAL DE BRITO SILVA", "nm_mun": "ÁGUAS BELAS", "aptos": 3146, "imp": 0}}, {"type": "Feature", "geometry": {"type": "Point", "coordinates": [-37.122428, -9.112394]}, "properties": {"i": 99, "mun": 23094, "ibge": 2600500, "z": 64, "l": 1406, "nm": "SECRETARIA DE EDUCACAO", "nm_mun": "ÁGUAS BELAS", "aptos": 338, "imp": 0}}, {"type": "Feature", "geometry": {"type": "Point", "coordinates": [-37.001827, -8.981509]}, "properties": {"i": 100, "mun": 23094, "ibge": 2600500, "z": 64, "l": 1473, "nm": "NOVA ESCOLA SÃO JOÃO BATISTA", "nm_mun": "ÁGUAS BELAS", "aptos": 2158, "imp": 0}}, {"type": "Feature", "geometry": {"type": "Point", "coordinates": [-37.12103, -9.107485]}, "properties": {"i": 101, "mun": 23094, "ibge": 2600500, "z": 64, "l": 1481, "nm": "CRECHE MUNICIPAL", "nm_mun": "ÁGUAS BELAS", "aptos": 1325, "imp": 0}}, {"type": "Feature", "geometry": {"type": "Point", "coordinates": [-36.982768, -9.091465]}, "properties": {"i": 102, "mun": 23094, "ibge": 2600500, "z": 64, "l": 1490, "nm": "ESCOLA MUNICIPAL JOSÉ BEZERRA DE ALBUQUERQUE SOBRINHO", "nm_mun": "ÁGUAS BELAS", "aptos": 1757, "imp": 0}}, {"type": "Feature", "geometry": {"type": "Point", "coordinates": [-37.122089, -9.112365]}, "properties": {"i": 103, "mun": 23094, "ibge": 2600500, "z": 64, "l": 1511, "nm": "ASSISTENCIA SOCIAL", "nm_mun": "ÁGUAS BELAS", "aptos": 576, "imp": 0}}, {"type": "Feature", "geometry": {"type": "Point", "coordinates": [-36.935397, -9.258775]}, "properties": {"i": 104, "mun": 23094, "ibge": 2600500, "z": 64, "l": 1538, "nm": "UNIDADE BÁSICA DE SAÚDE - JOSÉ WELLINGTON", "nm_mun": "ÁGUAS BELAS", "aptos": 1086, "imp": 1}}, {"type": "Feature", "geometry": {"type": "Point", "coordinates": [-40.316659, -8.363039]}, "properties": {"i": 105, "mun": 23108, "ibge": 2612455, "z": 82, "l": 1015, "nm": "ESCOLA MUNICIPAL CLAUDEMIRO GUIMARAES", "nm_mun": "SANTA CRUZ", "aptos": 394, "imp": 0}}, {"type": "Feature", "geometry": {"type": "Point", "coordinates": [-40.210442, -8.38938]}, "properties": {"i": 106, "mun": 23108, "ibge": 2612455, "z": 82, "l": 1023, "nm": "ESCOLA MUNICIPAL JOAO TIBURCIO DA SILVEIRA", "nm_mun": "SANTA CRUZ", "aptos": 1014, "imp": 0}}, {"type": "Feature", "geometry": {"type": "Point", "coordinates": [-40.329049, -8.238214]}, "properties": {"i": 107, "mun": 23108, "ibge": 2612455, "z": 82, "l": 1066, "nm": "ESCOLA MUNICIPAL ANSELMO CORDEIRO GUIMARAES", "nm_mun": "SANTA CRUZ", "aptos": 3491, "imp": 0}}, {"type": "Feature", "geometry": {"type": "Point", "coordinates": [-40.336194, -8.24076]}, "properties": {"i": 108, "mun": 23108, "ibge": 2612455, "z": 82, "l": 1074, "nm": "ESCOLA MUNICIPAL SERGIO FIGUEIREDO", "nm_mun": "SANTA CRUZ", "aptos": 1924, "imp": 0}}, {"type": "Feature", "geometry": {"type": "Point", "coordinates": [-40.414038, -8.086929]}, "properties": {"i": 109, "mun": 23108, "ibge": 2612455, "z": 82, "l": 1104, "nm": "ESCOLA MUNICIPAL HONORATO DE SOUZA", "nm_mun": "SANTA CRUZ", "aptos": 759, "imp": 0}}, {"type": "Feature", "geometry": {"type": "Point", "coordinates": [-40.257562, -8.102631]}, "properties": {"i": 110, "mun": 23108, "ibge": 2612455, "z": 82, "l": 1112, "nm": "ESPAÇO EDUCATIVO ANTÔNIO ALFREDO DE SOUZA", "nm_mun": "SANTA CRUZ", "aptos": 979, "imp": 0}}, {"type": "Feature", "geometry": {"type": "Point", "coordinates": [-40.358798, -8.361401]}, "properties": {"i": 111, "mun": 23108, "ibge": 2612455, "z": 82, "l": 1120, "nm": "ESCOLA PEDRO SIRINO DA SILVA", "nm_mun": "SANTA CRUZ", "aptos": 624, "imp": 0}}, {"type": "Feature", "geometry": {"type": "Point", "coordinates": [-40.273619, -8.481906]}, "properties": {"i": 112, "mun": 23108, "ibge": 2612455, "z": 82, "l": 1147, "nm": "ESPAÇO EDUCATIVO MARIA AUXILIADORA DE SOUZA", "nm_mun": "SANTA CRUZ", "aptos": 384, "imp": 0}}, {"type": "Feature", "geometry": {"type": "Point", "coordinates": [-40.324608, -8.239761]}, "properties": {"i": 113, "mun": 23108, "ibge": 2612455, "z": 82, "l": 1155, "nm": "ESCOLA ESTADUAL ELVIRA GRANJA DE SOUZA", "nm_mun": "SANTA CRUZ", "aptos": 3267, "imp": 0}}, {"type": "Feature", "geometry": {"type": "Point", "coordinates": [-36.773637, -8.467003]}, "properties": {"i": 114, "mun": 23116, "ibge": 2600609, "z": 120, "l": 1058, "nm": "ESCOLA TENENTE DORGIVAL GALINDO", "nm_mun": "ALAGOINHA", "aptos": 2185, "imp": 0}}, {"type": "Feature", "geometry": {"type": "Point", "coordinates": [-36.773482, -8.466865]}, "properties": {"i": 115, "mun": 23116, "ibge": 2600609, "z": 120, "l": 1066, "nm": "ESCOLA GONÇALO ANTUNES BEZERRA", "nm_mun": "ALAGOINHA", "aptos": 4013, "imp": 0}}, {"type": "Feature", "geometry": {"type": "Point", "coordinates": [-36.722363, -8.537736]}, "properties": {"i": 116, "mun": 23116, "ibge": 2600609, "z": 120, "l": 1090, "nm": "ESCOLA PAES GRAMIM", "nm_mun": "ALAGOINHA", "aptos": 1965, "imp": 0}}, {"type": "Feature", "geometry": {"type": "Point", "coordinates": [-36.76212, -8.58073]}, "properties": {"i": 117, "mun": 23116, "ibge": 2600609, "z": 120, "l": 1104, "nm": "GRUPO MUNICIPAL LUIZ CELSO GALINDO", "nm_mun": "ALAGOINHA", "aptos": 874, "imp": 0}}, {"type": "Feature", "geometry": {"type": "Point", "coordinates": [-36.722712, -8.425691]}, "properties": {"i": 118, "mun": 23116, "ibge": 2600609, "z": 120, "l": 1147, "nm": "ESCOLA MUNICIPAL CLÁUDIA KALSCHEUER", "nm_mun": "ALAGOINHA", "aptos": 611, "imp": 0}}, {"type": "Feature", "geometry": {"type": "Point", "coordinates": [-35.103158, -7.670799]}, "properties": {"i": 119, "mun": 23116, "ibge": 2600609, "z": 120, "l": 1163, "nm": "ESCOLA MUNICIPAL FREI JERÔNIMO CLEMEM", "nm_mun": "ALAGOINHA", "aptos": 81, "imp": 1}}, {"type": "Feature", "geometry": {"type": "Point", "coordinates": [-36.943288, -8.498393]}, "properties": {"i": 120, "mun": 23116, "ibge": 2600609, "z": 120, "l": 1171, "nm": "QUADRA POLIESPORTIVA DA ESCOLA TENENTE DORGIVAL GALINDO", "nm_mun": "ALAGOINHA", "aptos": 593, "imp": 1}}, {"type": "Feature", "geometry": {"type": "Point", "coordinates": [-40.080325, -7.886931]}, "properties": {"i": 121, "mun": 23116, "ibge": 2600609, "z": 120, "l": 1180, "nm": "ESCOLA MUNICIPAL MENINO JESUS", "nm_mun": "ALAGOINHA", "aptos": 1770, "imp": 1}}, {"type": "Feature", "geometry": {"type": "Point", "coordinates": [-36.485727, -8.707087]}, "properties": {"i": 122, "mun": 23124, "ibge": 2608255, "z": 92, "l": 1031, "nm": "ESCOLA MUNICIPAL ALBINO MOREIRA", "nm_mun": "JUCATI", "aptos": 2053, "imp": 0}}, {"type": "Feature", "geometry": {"type": "Point", "coordinates": [-36.430611, -8.755345]}, "properties": {"i": 123, "mun": 23124, "ibge": 2608255, "z": 92, "l": 1058, "nm": "ESCOLA MUNICIPAL ELIEL PEIXOTO (POVOADO NEVES)", "nm_mun": "JUCATI", "aptos": 3139, "imp": 0}}, {"type": "Feature", "geometry": {"type": "Point", "coordinates": [-36.482269, -8.707377]}, "properties": {"i": 124, "mun": 23124, "ibge": 2608255, "z": 92, "l": 1066, "nm": "ESCOLA ESTADUAL HENRIQUE JUSTINO", "nm_mun": "JUCATI", "aptos": 1796, "imp": 0}}, {"type": "Feature", "geometry": {"type": "Point", "coordinates": [-36.561893, -8.738124]}, "properties": {"i": 125, "mun": 23124, "ibge": 2608255, "z": 92, "l": 1139, "nm": "CRECHE MARIA DE LIMA PEIXOTO", "nm_mun": "JUCATI", "aptos": 1407, "imp": 1}}, {"type": "Feature", "geometry": {"type": "Point", "coordinates": [-39.498714, -7.5551]}, "properties": {"i": 126, "mun": 23124, "ibge": 2608255, "z": 92, "l": 1147, "nm": "ESCOLA EM TEMPO INTEGRAL - ETI (ANEXO ALBINO MOREIRA)", "nm_mun": "JUCATI", "aptos": 1793, "imp": 1}}, {"type": "Feature", "geometry": {"type": "Point", "coordinates": [-35.234505, -7.593314]}, "properties": {"i": 127, "mun": 23132, "ibge": 2600708, "z": 125, "l": 1015, "nm": "ESCOLA MUNICIPAL PROF. ANISIA PEREIRA DE LYRA", "nm_mun": "ALIANÇA", "aptos": 1962, "imp": 0}}, {"type": "Feature", "geometry": {"type": "Point", "coordinates": [-35.231899, -7.605068]}, "properties": {"i": 128, "mun": 23132, "ibge": 2600708, "z": 125, "l": 1023, "nm": "ESCOLA JOAQUINA LIRA", "nm_mun": "ALIANÇA", "aptos": 4723, "imp": 0}}, {"type": "Feature", "geometry": {"type": "Point", "coordinates": [-35.230756, -7.5992]}, "properties": {"i": 129, "mun": 23132, "ibge": 2600708, "z": 125, "l": 1031, "nm": "ESCOLA REUNIDA DOM BOSCO", "nm_mun": "ALIANÇA", "aptos": 3094, "imp": 0}}, {"type": "Feature", "geometry": {"type": "Point", "coordinates": [-35.165534, -7.504147]}, "properties": {"i": 130, "mun": 23132, "ibge": 2600708, "z": 125, "l": 1040, "nm": "ESCOLA REUNIDA JOAO HILARIO PEREIRA DE LIRA", "nm_mun": "ALIANÇA", "aptos": 1687, "imp": 0}}, {"type": "Feature", "geometry": {"type": "Point", "coordinates": [-35.236276, -7.610465]}, "properties": {"i": 131, "mun": 23132, "ibge": 2600708, "z": 125, "l": 1058, "nm": "UNIDADE EDUCACIONAL DA PREFEITURA DE ALIANCA - UEPA", "nm_mun": "ALIANÇA", "aptos": 4840, "imp": 0}}, {"type": "Feature", "geometry": {"type": "Point", "coordinates": [-35.147769, -7.617159]}, "properties": {"i": 132, "mun": 23132, "ibge": 2600708, "z": 125, "l": 1074, "nm": "ESCOLA REUNIDA BELARMINO PESSOA DE MELO", "nm_mun": "ALIANÇA", "aptos": 2004, "imp": 0}}, {"type": "Feature", "geometry": {"type": "Point", "coordinates": [-35.173505, -7.665923]}, "properties": {"i": 133, "mun": 23132, "ibge": 2600708, "z": 125, "l": 1120, "nm": "ESCOLA MONSENHOR MARINHO", "nm_mun": "ALIANÇA", "aptos": 2871, "imp": 0}}, {"type": "Feature", "geometry": {"type": "Point", "coordinates": [-35.163037, -7.57719]}, "properties": {"i": 134, "mun": 23132, "ibge": 2600708, "z": 125, "l": 1147, "nm": "ESCOLA MUNICIPAL ANTONIO NOBERTO", "nm_mun": "ALIANÇA", "aptos": 2212, "imp": 0}}, {"type": "Feature", "geometry": {"type": "Point", "coordinates": [-35.238503, -7.573514]}, "properties": {"i": 135, "mun": 23132, "ibge": 2600708, "z": 125, "l": 1155, "nm": "GRUPO ESCOLAR WALFREDO PESSOA DE MELO", "nm_mun": "ALIANÇA", "aptos": 4888, "imp": 0}}, {"type": "Feature", "geometry": {"type": "Point", "coordinates": [-35.225291, -7.607567]}, "properties": {"i": 136, "mun": 23132, "ibge": 2600708, "z": 125, "l": 1180, "nm": "ESCOLA MUNICIPAL EVANGELINA PESSOA DE MELO", "nm_mun": "ALIANÇA", "aptos": 960, "imp": 0}}, {"type": "Feature", "geometry": {"type": "Point", "coordinates": [-40.768834, -8.448443]}, "properties": {"i": 137, "mun": 23140, "ibge": 2605152, "z": 107, "l": 1023, "nm": "ESCOLA MUNICIPAL FRANCISCO COELHO DE MACEDO", "nm_mun": "DORMENTES", "aptos": 3379, "imp": 0}}, {"type": "Feature", "geometry": {"type": "Point", "coordinates": [-40.416361, -8.512612]}, "properties": {"i": 138, "mun": 23140, "ibge": 2605152, "z": 107, "l": 1040, "nm": "ESCOLA ESTADUAL NOSSA SENHORA DAS GRAÇAS", "nm_mun": "DORMENTES", "aptos": 1085, "imp": 0}}, {"type": "Feature", "geometry": {"type": "Point", "coordinates": [-40.48366, -8.547898]}, "properties": {"i": 139, "mun": 23140, "ibge": 2605152, "z": 107, "l": 1058, "nm": "ESCOLA MUNICIPAL MAXIMIANO RODRIGUES MACEDO", "nm_mun": "DORMENTES", "aptos": 1576, "imp": 0}}, {"type": "Feature", "geometry": {"type": "Point", "coordinates": [-40.796384, -8.337307]}, "properties": {"i": 140, "mun": 23140, "ibge": 2605152, "z": 107, "l": 1090, "nm": "ESCOLA MUNICIPAL NOSSA SENHORA DE FATIMA", "nm_mun": "DORMENTES", "aptos": 487, "imp": 0}}, {"type": "Feature", "geometry": {"type": "Point", "coordinates": [-40.766017, -8.446141]}, "properties": {"i": 141, "mun": 23140, "ibge": 2605152, "z": 107, "l": 1104, "nm": "ESCOLA MUNICIPAL MAURICIO JOSE ROLIM CAVALCANTI", "nm_mun": "DORMENTES", "aptos": 3554, "imp": 0}}, {"type": "Feature", "geometry": {"type": "Point", "coordinates": [-40.76968, -8.43656]}, "properties": {"i": 142, "mun": 23140, "ibge": 2605152, "z": 107, "l": 1120, "nm": "ESCOLA DE REFERÊNCIA EM ENSINO MÉDIO SENADOR NILO COELHO", "nm_mun": "DORMENTES", "aptos": 2465, "imp": 0}}, {"type": "Feature", "geometry": {"type": "Point", "coordinates": [-40.688767, -8.584353]}, "properties": {"i": 143, "mun": 23140, "ibge": 2605152, "z": 107, "l": 1147, "nm": "ESCOLA MUNICIPAL JUSCELINO KUBITSCHEK", "nm_mun": "DORMENTES", "aptos": 1450, "imp": 0}}, {"type": "Feature", "geometry": {"type": "Point", "coordinates": [-40.63727, -8.515146]}, "properties": {"i": 144, "mun": 23140, "ibge": 2605152, "z": 107, "l": 1163, "nm": "ESCOLA MUNICIPAL JOSE ZUCA DA SILVA", "nm_mun": "DORMENTES", "aptos": 1135, "imp": 0}}, {"type": "Feature", "geometry": {"type": "Point", "coordinates": [-40.467467, -8.379834]}, "properties": {"i": 145, "mun": 23140, "ibge": 2605152, "z": 107, "l": 1180, "nm": "ESCOLA MUNICIPAL ISAQUIEL ONOFRE DA SILVA", "nm_mun": "DORMENTES", "aptos": 415, "imp": 0}}, {"type": "Feature", "geometry": {"type": "Point", "coordinates": [-40.588472, -8.63892]}, "properties": {"i": 146, "mun": 23140, "ibge": 2605152, "z": 107, "l": 1198, "nm": "ESCOLA MUNICIPAL JOAO MALAQUIAS NUNES", "nm_mun": "DORMENTES", "aptos": 650, "imp": 0}}, {"type": "Feature", "geometry": {"type": "Point", "coordinates": [-36.067396, -8.491783]}, "properties": {"i": 147, "mun": 23159, "ibge": 2600807, "z": 48, "l": 1023, "nm": "ESCOLA MUNICIPAL DR MORAIS REGO", "nm_mun": "ALTINHO", "aptos": 2123, "imp": 0}}, {"type": "Feature", "geometry": {"type": "Point", "coordinates": [-36.059167, -8.4914]}, "properties": {"i": 148, "mun": 23159, "ibge": 2600807, "z": 48, "l": 1031, "nm": "GRUPO ESCOLAR JOSÉ LINS DE FIGUEIREDO", "nm_mun": "ALTINHO", "aptos": 3451, "imp": 0}}, {"type": "Feature", "geometry": {"type": "Point", "coordinates": [-36.033479, -8.550523]}, "properties": {"i": 149, "mun": 23159, "ibge": 2600807, "z": 48, "l": 1082, "nm": "GRUPO ESCOLAR DUQUE DE CAXIAS", "nm_mun": "ALTINHO", "aptos": 342, "imp": 0}}, {"type": "Feature", "geometry": {"type": "Point", "coordinates": [-36.056674, -8.562112]}, "properties": {"i": 150, "mun": 23159, "ibge": 2600807, "z": 48, "l": 1090, "nm": "ASSOCIAÇÃO COMUNITÁRIA SANTO ANTÔNIO", "nm_mun": "ALTINHO", "aptos": 160, "imp": 0}}, {"type": "Feature", "geometry": {"type": "Point", "coordinates": [-36.092875, -8.587489]}, "properties": {"i": 151, "mun": 23159, "ibge": 2600807, "z": 48, "l": 1104, "nm": "GRUPO ESCOLAR ZEFERINO MANOEL DE ASSUNÇÃO", "nm_mun": "ALTINHO", "aptos": 209, "imp": 0}}, {"type": "Feature", "geometry": {"type": "Point", "coordinates": [-36.015668, -8.540731]}, "properties": {"i": 152, "mun": 23159, "ibge": 2600807, "z": 48, "l": 1112, "nm": "GRUPO ESCOLAR NOSSA SENHORA APARECIDA", "nm_mun": "ALTINHO", "aptos": 186, "imp": 0}}, {"type": "Feature", "geometry": {"type": "Point", "coordinates": [-36.092453, -8.431902]}, "properties": {"i": 153, "mun": 23159, "ibge": 2600807, "z": 48, "l": 1120, "nm": "GRUPO ESCOLAR PADRE ANCHIETA", "nm_mun": "ALTINHO", "aptos": 469, "imp": 0}}, {"type": "Feature", "geometry": {"type": "Point", "coordinates": [-36.148992, -8.52973]}, "properties": {"i": 154, "mun": 23159, "ibge": 2600807, "z": 48, "l": 1147, "nm": "GRUPO ESCOLAR PRESIDENTE KENNEDY", "nm_mun": "ALTINHO", "aptos": 498, "imp": 0}}, {"type": "Feature", "geometry": {"type": "Point", "coordinates": [-36.046903, -8.425805]}, "properties": {"i": 155, "mun": 23159, "ibge": 2600807, "z": 48, "l": 1155, "nm": "BIBLIOTECA COMUNITÁRIA LÚCIO FERREIRA DE OMENA", "nm_mun": "ALTINHO", "aptos": 522, "imp": 0}}, {"type": "Feature", "geometry": {"type": "Point", "coordinates": [-36.045175, -8.426899]}, "properties": {"i": 156, "mun": 23159, "ibge": 2600807, "z": 48, "l": 1163, "nm": "GRUPO ESCOLAR MANOEL LICÓ DA FONSECA FALCÃO", "nm_mun": "ALTINHO", "aptos": 749, "imp": 0}}, {"type": "Feature", "geometry": {"type": "Point", "coordinates": [-36.166533, -8.491882]}, "properties": {"i": 157, "mun": 23159, "ibge": 2600807, "z": 48, "l": 1180, "nm": "GRUPO ESCOLAR PROFESSOR JOSÉ ALVES MACHADO", "nm_mun": "ALTINHO", "aptos": 640, "imp": 0}}, {"type": "Feature", "geometry": {"type": "Point", "coordinates": [-36.057088, -8.489825]}, "properties": {"i": 158, "mun": 23159, "ibge": 2600807, "z": 48, "l": 1210, "nm": "GRUPO ESCOLAR MARIA DO SOCORRO RODRIGUES DA SILVA", "nm_mun": "ALTINHO", "aptos": 2639, "imp": 0}}, {"type": "Feature", "geometry": {"type": "Point", "coordinates": [-36.092436, -8.431833]}, "properties": {"i": 159, "mun": 23159, "ibge": 2600807, "z": 48, "l": 1228, "nm": "POSTO DE SAÚDE DE GUARACIABA", "nm_mun": "ALTINHO", "aptos": 337, "imp": 0}}, {"type": "Feature", "geometry": {"type": "Point", "coordinates": [-36.057927, -8.488761]}, "properties": {"i": 160, "mun": 23159, "ibge": 2600807, "z": 48, "l": 1236, "nm": "GRUPO ESCOLAR PROFESSOR FRANCISCO JOAQUIM DE BARROS CORREIA", "nm_mun": "ALTINHO", "aptos": 4962, "imp": 0}}, {"type": "Feature", "geometry": {"type": "Point", "coordinates": [-38.745399, -8.3205]}, "properties": {"i": 161, "mun": 23167, "ibge": 2603926, "z": 69, "l": 1015, "nm": "ESCOLA MUNICIPAL PROFESSORA MARIA PIRES SOARES", "nm_mun": "CARNAUBEIRA DA PENHA", "aptos": 3097, "imp": 0}}, {"type": "Feature", "geometry": {"type": "Point", "coordinates": [-38.742373, -8.320798]}, "properties": {"i": 162, "mun": 23167, "ibge": 2603926, "z": 69, "l": 1040, "nm": "ESCOLA ESTADUAL PROFESSOR AURELIANO GONCALVES DOS SANTOS", "nm_mun": "CARNAUBEIRA DA PENHA", "aptos": 2745, "imp": 0}}, {"type": "Feature", "geometry": {"type": "Point", "coordinates": [-38.839823, -8.445464]}, "properties": {"i": 163, "mun": 23167, "ibge": 2603926, "z": 69, "l": 1082, "nm": "ESCOLA ESTADUAL JOÃO RODRIGUES LEITE", "nm_mun": "CARNAUBEIRA DA PENHA", "aptos": 1064, "imp": 0}}, {"type": "Feature", "geometry": {"type": "Point", "coordinates": [-38.839088, -8.445711]}, "properties": {"i": 164, "mun": 23167, "ibge": 2603926, "z": 69, "l": 1090, "nm": "ESCOLA MUNICIPAL CAPITULINA GONÇALVES DE SÁ", "nm_mun": "CARNAUBEIRA DA PENHA", "aptos": 1286, "imp": 0}}, {"type": "Feature", "geometry": {"type": "Point", "coordinates": [-38.776207, -8.301164]}, "properties": {"i": 165, "mun": 23167, "ibge": 2603926, "z": 69, "l": 1155, "nm": "ESCOLA GOVERNADOR ESTACIO COIMBRA", "nm_mun": "CARNAUBEIRA DA PENHA", "aptos": 760, "imp": 0}}, {"type": "Feature", "geometry": {"type": "Point", "coordinates": [-38.72977, -8.391656]}, "properties": {"i": 166, "mun": 23167, "ibge": 2603926, "z": 69, "l": 1171, "nm": "ESCOLA ESTADUAL INDIGENA ESPECIOSA BENIGNA DE BARROS", "nm_mun": "CARNAUBEIRA DA PENHA", "aptos": 2162, "imp": 0}}, {"type": "Feature", "geometry": {"type": "Point", "coordinates": [-38.832116, -8.278258]}, "properties": {"i": 167, "mun": 23167, "ibge": 2603926, "z": 69, "l": 1201, "nm": "ESCOLA ESTADUAL INDIGENA OLHO D'AGUA DO PADRE", "nm_mun": "CARNAUBEIRA DA PENHA", "aptos": 1501, "imp": 0}}, {"type": "Feature", "geometry": {"type": "Point", "coordinates": [-35.452277, -8.378852]}, "properties": {"i": 168, "mun": 23175, "ibge": 2600906, "z": 31, "l": 1015, "nm": "BIBLIOTECA MUNICIPAL", "nm_mun": "AMARAJI", "aptos": 397, "imp": 0}}, {"type": "Feature", "geometry": {"type": "Point", "coordinates": [-35.448576, -8.377881]}, "properties": {"i": 169, "mun": 23175, "ibge": 2600906, "z": 31, "l": 1031, "nm": "EREM ANTÔNIO ALVES ARAÚJO", "nm_mun": "AMARAJI", "aptos": 3495, "imp": 0}}, {"type": "Feature", "geometry": {"type": "Point", "coordinates": [-35.451682, -8.3812]}, "properties": {"i": 170, "mun": 23175, "ibge": 2600906, "z": 31, "l": 1040, "nm": "ESCOLA MUNICIPAL ANTONIO DA MOTA SILVEIRA", "nm_mun": "AMARAJI", "aptos": 1277, "imp": 0}}, {"type": "Feature", "geometry": {"type": "Point", "coordinates": [-35.45161, -8.379781]}, "properties": {"i": 171, "mun": 23175, "ibge": 2600906, "z": 31, "l": 1058, "nm": "EREM DOM LUIZ DE BRITO", "nm_mun": "AMARAJI", "aptos": 1190, "imp": 0}}, {"type": "Feature", "geometry": {"type": "Point", "coordinates": [-35.455052, -8.374448]}, "properties": {"i": 172, "mun": 23175, "ibge": 2600906, "z": 31, "l": 1066, "nm": "ESCOLA MUNICIPAL NOSSA SENHORA DA CONCEIÇÃO", "nm_mun": "AMARAJI", "aptos": 3164, "imp": 0}}, {"type": "Feature", "geometry": {"type": "Point", "coordinates": [-35.450852, -8.37121]}, "properties": {"i": 173, "mun": 23175, "ibge": 2600906, "z": 31, "l": 1082, "nm": "CRECHE MUNICIPAL MENINO JESUS", "nm_mun": "AMARAJI", "aptos": 1856, "imp": 0}}, {"type": "Feature", "geometry": {"type": "Point", "coordinates": [-35.451477, -8.380927]}, "properties": {"i": 174, "mun": 23175, "ibge": 2600906, "z": 31, "l": 1112, "nm": "SECRETARIA DE ASSISTÊNCIA SOCIAL DE AMARAJI", "nm_mun": "AMARAJI", "aptos": 938, "imp": 0}}, {"type": "Feature", "geometry": {"type": "Point", "coordinates": [-35.402211, -8.429132]}, "properties": {"i": 175, "mun": 23175, "ibge": 2600906, "z": 31, "l": 1120, "nm": "DEMARCAÇÃO  - ESCOLA MUNICIPAL SÃO JOSÉ DO EXTREMO", "nm_mun": "AMARAJI", "aptos": 938, "imp": 0}}, {"type": "Feature", "geometry": {"type": "Point", "coordinates": [-35.451312, -8.380855]}, "properties": {"i": 176, "mun": 23175, "ibge": 2600906, "z": 31, "l": 1163, "nm": "ESCOLA MUNICIPAL SÃO JOSÉ DA BOA ESPERANÇA", "nm_mun": "AMARAJI", "aptos": 4142, "imp": 0}}, {"type": "Feature", "geometry": {"type": "Point", "coordinates": [-40.239898, -8.63478]}, "properties": {"i": 177, "mun": 23183, "ibge": 2608750, "z": 137, "l": 1015, "nm": "ESCOLA TARCILA ARAUJO", "nm_mun": "LAGOA GRANDE", "aptos": 1791, "imp": 0}}, {"type": "Feature", "geometry": {"type": "Point", "coordinates": [-40.270462, -8.997363]}, "properties": {"i": 178, "mun": 23183, "ibge": 2608750, "z": 137, "l": 1023, "nm": "ESCOLA NOSSA SENHORA AUXILIADORA", "nm_mun": "LAGOA GRANDE", "aptos": 3025, "imp": 0}}, {"type": "Feature", "geometry": {"type": "Point", "coordinates": [-40.270255, -8.997552]}, "properties": {"i": 179, "mun": 23183, "ibge": 2608750, "z": 137, "l": 1031, "nm": "ESCOLA SANTA MARIA", "nm_mun": "LAGOA GRANDE", "aptos": 2344, "imp": 0}}, {"type": "Feature", "geometry": {"type": "Point", "coordinates": [-40.16773, -8.549733]}, "properties": {"i": 180, "mun": 23183, "ibge": 2608750, "z": 137, "l": 1074, "nm": "ESCOLA HERMENEGILDA MARIA DE CARVALHO - AÇUDE SACO", "nm_mun": "LAGOA GRANDE", "aptos": 315, "imp": 0}}, {"type": "Feature", "geometry": {"type": "Point", "coordinates": [-40.121575, -9.07879]}, "properties": {"i": 181, "mun": 23183, "ibge": 2608750, "z": 137, "l": 1090, "nm": "ESCOLA ARCO IRIS", "nm_mun": "LAGOA GRANDE", "aptos": 1767, "imp": 0}}, {"type": "Feature", "geometry": {"type": "Point", "coordinates": [-40.34359, -8.799197]}, "properties": {"i": 182, "mun": 23183, "ibge": 2608750, "z": 137, "l": 1104, "nm": "ASSOCIAÇÃO DOS PRODUTORES RURAIS DE QUEIMADA GRANDE", "nm_mun": "LAGOA GRANDE", "aptos": 299, "imp": 0}}, {"type": "Feature", "geometry": {"type": "Point", "coordinates": [-40.138798, -8.938987]}, "properties": {"i": 183, "mun": 23183, "ibge": 2608750, "z": 137, "l": 1112, "nm": "ESCOLA FABRICIANO ALVES CARDOSO - FAZENDA TANQUE", "nm_mun": "LAGOA GRANDE", "aptos": 303, "imp": 0}}, {"type": "Feature", "geometry": {"type": "Point", "coordinates": [-40.376947, -8.638388]}, "properties": {"i": 184, "mun": 23183, "ibge": 2608750, "z": 137, "l": 1120, "nm": "ASSOCIAÇÃO COMUNITÁRIA DE SÃO MATEUS", "nm_mun": "LAGOA GRANDE", "aptos": 362, "imp": 0}}, {"type": "Feature", "geometry": {"type": "Point", "coordinates": [-40.276037, -9.001475]}, "properties": {"i": 185, "mun": 23183, "ibge": 2608750, "z": 137, "l": 1139, "nm": "ESCOLA ESTADUAL ANTONIO DE AMORIM COELHO", "nm_mun": "LAGOA GRANDE", "aptos": 2667, "imp": 0}}, {"type": "Feature", "geometry": {"type": "Point", "coordinates": [-40.12367, -8.617363]}, "properties": {"i": 186, "mun": 23183, "ibge": 2608750, "z": 137, "l": 1155, "nm": "ESCOLA MUNICIPAL MARIA GILVANETE - ROCINHA", "nm_mun": "LAGOA GRANDE", "aptos": 125, "imp": 0}}, {"type": "Feature", "geometry": {"type": "Point", "coordinates": [-40.275725, -8.99176]}, "properties": {"i": 187, "mun": 23183, "ibge": 2608750, "z": 137, "l": 1201, "nm": "ESCOLA HELIO FERREIRA MAIA", "nm_mun": "LAGOA GRANDE", "aptos": 1977, "imp": 0}}, {"type": "Feature", "geometry": {"type": "Point", "coordinates": [-40.123817, -9.076573]}, "properties": {"i": 188, "mun": 23183, "ibge": 2608750, "z": 137, "l": 1210, "nm": "ESCOLA ESTADUAL DOM HELDER CAMARA", "nm_mun": "LAGOA GRANDE", "aptos": 3700, "imp": 0}}, {"type": "Feature", "geometry": {"type": "Point", "coordinates": [-40.149903, -9.00019]}, "properties": {"i": 189, "mun": 23183, "ibge": 2608750, "z": 137, "l": 1244, "nm": "ESCOLA PADRE JOSÉ DE ANCHIETA - RIACHO DO RECREIO", "nm_mun": "LAGOA GRANDE", "aptos": 231, "imp": 0}}, {"type": "Feature", "geometry": {"type": "Point", "coordinates": [-40.034747, -9.03464]}, "properties": {"i": 190, "mun": 23183, "ibge": 2608750, "z": 137, "l": 1260, "nm": "ESCOLA MUNICIPAL PROFESSOR JOSÉ ARNALDO DA SILVA - JATOBÁ/CATALUNHA", "nm_mun": "LAGOA GRANDE", "aptos": 860, "imp": 0}}, {"type": "Feature", "geometry": {"type": "Point", "coordinates": [-40.271563, -8.991178]}, "properties": {"i": 191, "mun": 23183, "ibge": 2608750, "z": 137, "l": 1287, "nm": "CENTRO DE EDUCAÇÃO INFANTIL SABERES", "nm_mun": "LAGOA GRANDE", "aptos": 911, "imp": 0}}, {"type": "Feature", "geometry": {"type": "Point", "coordinates": [-36.28248, -8.890912]}, "properties": {"i": 192, "mun": 23191, "ibge": 2601003, "z": 116, "l": 1015, "nm": "PREDIO DA ESCOLA DE 1 E 2 GRAUS AZARIAS SALGADO", "nm_mun": "ANGELIM", "aptos": 1966, "imp": 0}}, {"type": "Feature", "geometry": {"type": "Point", "coordinates": [-36.285609, -8.890041]}, "properties": {"i": 193, "mun": 23191, "ibge": 2601003, "z": 116, "l": 1023, "nm": "ESCOLA MUNICIPAL MIGUEL CALADO BORBA", "nm_mun": "ANGELIM", "aptos": 4713, "imp": 0}}, {"type": "Feature", "geometry": {"type": "Point", "coordinates": [-36.294591, -8.934612]}, "properties": {"i": 194, "mun": 23191, "ibge": 2601003, "z": 116, "l": 1031, "nm": "GRUPO ESCOLAR PEDRO ALVES DA ROCHA", "nm_mun": "ANGELIM", "aptos": 772, "imp": 0}}, {"type": "Feature", "geometry": {"type": "Point", "coordinates": [-36.282999, -8.890801]}, "properties": {"i": 195, "mun": 23191, "ibge": 2601003, "z": 116, "l": 1040, "nm": "CLUBE ARA", "nm_mun": "ANGELIM", "aptos": 624, "imp": 0}}, {"type": "Feature", "geometry": {"type": "Point", "coordinates": [-36.288031, -8.891993]}, "properties": {"i": 196, "mun": 23191, "ibge": 2601003, "z": 116, "l": 1058, "nm": "ANEXO DA ESCOLA MUNICIPAL MIGUEL CALADO BORBA", "nm_mun": "ANGELIM", "aptos": 1045, "imp": 0}}, {"type": "Feature", "geometry": {"type": "Point", "coordinates": [-35.086475, -7.787631]}, "properties": {"i": 197, "mun": 23205, "ibge": 2601052, "z": 85, "l": 1023, "nm": "COLÉGIO MUNICIPAL SENADOR PAULO GUERRA", "nm_mun": "ARAÇOIABA", "aptos": 4459, "imp": 0}}, {"type": "Feature", "geometry": {"type": "Point", "coordinates": [-35.091022, -7.789798]}, "properties": {"i": 198, "mun": 23205, "ibge": 2601052, "z": 85, "l": 1031, "nm": "ESCOLA MARIA GAYÃO PESSOA GUERRA", "nm_mun": "ARAÇOIABA", "aptos": 5494, "imp": 0}}, {"type": "Feature", "geometry": {"type": "Point", "coordinates": [-35.08791, -7.78505]}, "properties": {"i": 199, "mun": 23205, "ibge": 2601052, "z": 85, "l": 1066, "nm": "ESCOLA AMARO SOARES DE OLIVEIRA", "nm_mun": "ARAÇOIABA", "aptos": 2207, "imp": 0}}, {"type": "Feature", "geometry": {"type": "Point", "coordinates": [-35.093348, -7.785974]}, "properties": {"i": 200, "mun": 23205, "ibge": 2601052, "z": 85, "l": 1074, "nm": "ESCOLA HILDEBRANDO CARNEIRO", "nm_mun": "ARAÇOIABA", "aptos": 2996, "imp": 0}}, {"type": "Feature", "geometry": {"type": "Point", "coordinates": [-35.048406, -7.763452]}, "properties": {"i": 201, "mun": 23205, "ibge": 2601052, "z": 85, "l": 1082, "nm": "ESCOLA MARIA CARNEIRO DE ALBUQUERQUE", "nm_mun": "ARAÇOIABA", "aptos": 497, "imp": 0}}, {"type": "Feature", "geometry": {"type": "Point", "coordinates": [-35.079403, -7.799076]}, "properties": {"i": 202, "mun": 23205, "ibge": 2601052, "z": 85, "l": 1090, "nm": "ESCOLA D. PEDRO", "nm_mun": "ARAÇOIABA", "aptos": 735, "imp": 0}}, {"type": "Feature", "geometry": {"type": "Point", "coordinates": [-35.854815, -8.137658]}, "properties": {"i": 203, "mun": 23205, "ibge": 2601052, "z": 85, "l": 1104, "nm": "ESCOLA PASTOR ANTÔNIO CRISPIM ELIZIÁRIO", "nm_mun": "ARAÇOIABA", "aptos": 1043, "imp": 1}}, {"type": "Feature", "geometry": {"type": "Point", "coordinates": [-40.506216, -7.576694]}, "properties": {"i": 204, "mun": 23213, "ibge": 2601102, "z": 84, "l": 1015, "nm": "EREM LUIZ GONZAGA DUARTE", "nm_mun": "ARARIPINA", "aptos": 6510, "imp": 0}}, {"type": "Feature", "geometry": {"type": "Point", "coordinates": [-40.500823, -7.583581]}, "properties": {"i": 205, "mun": 23213, "ibge": 2601102, "z": 84, "l": 1023, "nm": "EREM PROFESSOR MANOEL BONIFÁCIO COSTA", "nm_mun": "ARARIPINA", "aptos": 3660, "imp": 0}}, {"type": "Feature", "geometry": {"type": "Point", "coordinates": [-40.50151, -7.57678]}, "properties": {"i": 206, "mun": 23213, "ibge": 2601102, "z": 84, "l": 1031, "nm": "ESCOLA DA INDEPENDÊNCIA", "nm_mun": "ARARIPINA", "aptos": 5250, "imp": 0}}, {"type": "Feature", "geometry": {"type": "Point", "coordinates": [-40.499014, -7.575272]}, "properties": {"i": 207, "mun": 23213, "ibge": 2601102, "z": 84, "l": 1040, "nm": "EREM PADRE LUIZ GONZAGA", "nm_mun": "ARARIPINA", "aptos": 4344, "imp": 0}}, {"type": "Feature", "geometry": {"type": "Point", "coordinates": [-40.514339, -7.574307]}, "properties": {"i": 208, "mun": 23213, "ibge": 2601102, "z": 84, "l": 1058, "nm": "FACULDADE DE  FORMACAO DE  PROFESSORES DE ARARIPINA - FAFOPA", "nm_mun": "ARARIPINA", "aptos": 4924, "imp": 0}}, {"type": "Feature", "geometry": {"type": "Point", "coordinates": [-40.486633, -7.80878]}, "properties": {"i": 209, "mun": 23213, "ibge": 2601102, "z": 84, "l": 1066, "nm": "ESCOLA BOM JESUS DA LAPA", "nm_mun": "ARARIPINA", "aptos": 1042, "imp": 0}}, {"type": "Feature", "geometry": {"type": "Point", "coordinates": [-40.367228, -7.767059]}, "properties": {"i": 210, "mun": 23213, "ibge": 2601102, "z": 84, "l": 1090, "nm": "ESCOLA OTÁVIO MELO", "nm_mun": "ARARIPINA", "aptos": 746, "imp": 0}}, {"type": "Feature", "geometry": {"type": "Point", "coordinates": [-40.367744, -7.76889]}, "properties": {"i": 211, "mun": 23213, "ibge": 2601102, "z": 84, "l": 1104, "nm": "ESCOLA SÃO JOÃO BATISTA", "nm_mun": "ARARIPINA", "aptos": 2376, "imp": 0}}, {"type": "Feature", "geometry": {"type": "Point", "coordinates": [-40.413847, -7.64668]}, "properties": {"i": 212, "mun": 23213, "ibge": 2601102, "z": 84, "l": 1112, "nm": "ESCOLA  DIONÍSIO BOM", "nm_mun": "ARARIPINA", "aptos": 1761, "imp": 0}}, {"type": "Feature", "geometry": {"type": "Point", "coordinates": [-40.475755, -7.881145]}, "properties": {"i": 213, "mun": 23213, "ibge": 2601102, "z": 84, "l": 1139, "nm": "ESCOLA VIRGÍLIO COELHO", "nm_mun": "ARARIPINA", "aptos": 1253, "imp": 0}}, {"type": "Feature", "geometry": {"type": "Point", "coordinates": [-40.557467, -7.70568]}, "properties": {"i": 214, "mun": 23213, "ibge": 2601102, "z": 84, "l": 1147, "nm": "ESCOLA VITALINA MARIA DE JESUS", "nm_mun": "ARARIPINA", "aptos": 2814, "imp": 0}}, {"type": "Feature", "geometry": {"type": "Point", "coordinates": [-40.413141, -7.648537]}, "properties": {"i": 215, "mun": 23213, "ibge": 2601102, "z": 84, "l": 1171, "nm": "EREM MOISES BOM DE OLIVEIRA", "nm_mun": "ARARIPINA", "aptos": 2676, "imp": 0}}, {"type": "Feature", "geometry": {"type": "Point", "coordinates": [-40.475151, -7.877815]}, "properties": {"i": 216, "mun": 23213, "ibge": 2601102, "z": 84, "l": 1201, "nm": "EREM ANIZIO RODRIGUES COELHO", "nm_mun": "ARARIPINA", "aptos": 3355, "imp": 0}}, {"type": "Feature", "geometry": {"type": "Point", "coordinates": [-40.487164, -7.806667]}, "properties": {"i": 217, "mun": 23213, "ibge": 2601102, "z": 84, "l": 1228, "nm": "EREM MANOEL RIBEIRO DAMASCENO", "nm_mun": "ARARIPINA", "aptos": 2753, "imp": 0}}, {"type": "Feature", "geometry": {"type": "Point", "coordinates": [-40.495045, -7.57442]}, "properties": {"i": 218, "mun": 23213, "ibge": 2601102, "z": 84, "l": 1236, "nm": "ESCOLA MARIA LUZANIRA RAMOS", "nm_mun": "ARARIPINA", "aptos": 5964, "imp": 0}}, {"type": "Feature", "geometry": {"type": "Point", "coordinates": [-40.507242, -7.659382]}, "properties": {"i": 219, "mun": 23213, "ibge": 2601102, "z": 84, "l": 1287, "nm": "ESCOLA JOÃO FÉLIX DE ABREU", "nm_mun": "ARARIPINA", "aptos": 681, "imp": 0}}, {"type": "Feature", "geometry": {"type": "Point", "coordinates": [-40.565249, -7.521546]}, "properties": {"i": 220, "mun": 23213, "ibge": 2601102, "z": 84, "l": 1295, "nm": "ESCOLA MUNICIPAL SEBASTIÃO BATISTA DE LIMA", "nm_mun": "ARARIPINA", "aptos": 818, "imp": 0}}, {"type": "Feature", "geometry": {"type": "Point", "coordinates": [-40.512632, -7.46205]}, "properties": {"i": 221, "mun": 23213, "ibge": 2601102, "z": 84, "l": 1309, "nm": "ESCOLA MUNICIPAL NUCLEADA MARTINS JOSE DE ALENCAR", "nm_mun": "ARARIPINA", "aptos": 763, "imp": 0}}, {"type": "Feature", "geometry": {"type": "Point", "coordinates": [-40.498148, -7.604319]}, "properties": {"i": 222, "mun": 23213, "ibge": 2601102, "z": 84, "l": 1317, "nm": "ESCOLA MUNICIPAL NOSSA SENHORA DA CONCEIÇÃO", "nm_mun": "ARARIPINA", "aptos": 1020, "imp": 0}}, {"type": "Feature", "geometry": {"type": "Point", "coordinates": [-40.454836, -7.565524]}, "properties": {"i": 223, "mun": 23213, "ibge": 2601102, "z": 84, "l": 1325, "nm": "CMEI BOAVENTURA PEREIRA DE ALENCAR", "nm_mun": "ARARIPINA", "aptos": 478, "imp": 0}}, {"type": "Feature", "geometry": {"type": "Point", "coordinates": [-40.415604, -7.459036]}, "properties": {"i": 224, "mun": 23213, "ibge": 2601102, "z": 84, "l": 1333, "nm": "ESCOLA NUCLEADA REIS RICARDINO DE LIMA", "nm_mun": "ARARIPINA", "aptos": 685, "imp": 0}}, {"type": "Feature", "geometry": {"type": "Point", "coordinates": [-40.49339, -7.559254]}, "properties": {"i": 225, "mun": 23213, "ibge": 2601102, "z": 84, "l": 1341, "nm": "ESCOLA TÉCNICA ESTADUAL PEDRO MUNIZ FALCÃO", "nm_mun": "ARARIPINA", "aptos": 3164, "imp": 0}}, {"type": "Feature", "geometry": {"type": "Point", "coordinates": [-40.504314, -7.585749]}, "properties": {"i": 226, "mun": 23213, "ibge": 2601102, "z": 84, "l": 1376, "nm": "CRECHE CORAÇÃO DE MARIA", "nm_mun": "ARARIPINA", "aptos": 1122, "imp": 0}}, {"type": "Feature", "geometry": {"type": "Point", "coordinates": [-40.65795, -7.447839]}, "properties": {"i": 227, "mun": 23213, "ibge": 2601102, "z": 84, "l": 1384, "nm": "CRECHE MÃE CORINA", "nm_mun": "ARARIPINA", "aptos": 753, "imp": 0}}, {"type": "Feature", "geometry": {"type": "Point", "coordinates": [-38.747022, -7.881078]}, "properties": {"i": 228, "mun": 23213, "ibge": 2601102, "z": 84, "l": 1392, "nm": "ESCOLA DR FRANCISCO DE ALENCAR LIMA", "nm_mun": "ARARIPINA", "aptos": 491, "imp": 1}}, {"type": "Feature", "geometry": {"type": "Point", "coordinates": [-38.072738, -9.103124]}, "properties": {"i": 229, "mun": 23213, "ibge": 2601102, "z": 84, "l": 1406, "nm": "ESCOLA EDUARDO DE SOUZA CARVALHO", "nm_mun": "ARARIPINA", "aptos": 798, "imp": 1}}, {"type": "Feature", "geometry": {"type": "Point", "coordinates": [-35.725345, -7.745008]}, "properties": {"i": 230, "mun": 23221, "ibge": 2604155, "z": 34, "l": 1015, "nm": "ESCOLA MUNICIPAL SAO LUIZ", "nm_mun": "CASINHAS", "aptos": 2745, "imp": 0}}, {"type": "Feature", "geometry": {"type": "Point", "coordinates": [-35.721404, -7.788002]}, "properties": {"i": 231, "mun": 23221, "ibge": 2604155, "z": 34, "l": 1031, "nm": "ESCOLA MUNICIPAL PEDRO LOURENCO DE SOUZA", "nm_mun": "CASINHAS", "aptos": 602, "imp": 0}}, {"type": "Feature", "geometry": {"type": "Point", "coordinates": [-35.728912, -7.811095]}, "properties": {"i": 232, "mun": 23221, "ibge": 2604155, "z": 34, "l": 1058, "nm": "ESCOLA MUNICIPAL LUIZ VENTURA", "nm_mun": "CASINHAS", "aptos": 1788, "imp": 0}}, {"type": "Feature", "geometry": {"type": "Point", "coordinates": [-35.74606, -7.723718]}, "properties": {"i": 233, "mun": 23221, "ibge": 2604155, "z": 34, "l": 1082, "nm": "POSTO DE SAUDE E CORREIOS DE ORATORIO", "nm_mun": "CASINHAS", "aptos": 617, "imp": 0}}, {"type": "Feature", "geometry": {"type": "Point", "coordinates": [-35.682751, -7.707248]}, "properties": {"i": 234, "mun": 23221, "ibge": 2604155, "z": 34, "l": 1090, "nm": "ESCOLA MUNICIPAL SAO MIGUEL", "nm_mun": "CASINHAS", "aptos": 727, "imp": 0}}, {"type": "Feature", "geometry": {"type": "Point", "coordinates": [-35.728025, -7.764288]}, "properties": {"i": 235, "mun": 23221, "ibge": 2604155, "z": 34, "l": 1104, "nm": "ESCOLA MUNICIPAL GEDEAO ALMEIDA", "nm_mun": "CASINHAS", "aptos": 790, "imp": 0}}, {"type": "Feature", "geometry": {"type": "Point", "coordinates": [-35.690197, -7.710594]}, "properties": {"i": 236, "mun": 23221, "ibge": 2604155, "z": 34, "l": 1120, "nm": "ESCOLA MUNICIPAL ANTONIO FRANCISCO DE PAULA", "nm_mun": "CASINHAS", "aptos": 668, "imp": 0}}, {"type": "Feature", "geometry": {"type": "Point", "coordinates": [-35.740462, -7.797548]}, "properties": {"i": 237, "mun": 23221, "ibge": 2604155, "z": 34, "l": 1147, "nm": "ESCOLA MUNICIPAL BENEDITO ROSENO FREIRE", "nm_mun": "CASINHAS", "aptos": 959, "imp": 0}}, {"type": "Feature", "geometry": {"type": "Point", "coordinates": [-35.741834, -7.824298]}, "properties": {"i": 238, "mun": 23221, "ibge": 2604155, "z": 34, "l": 1155, "nm": "ESCOLA MUNICIPAL NOSSA SENHORA DE FATIMA", "nm_mun": "CASINHAS", "aptos": 402, "imp": 0}}, {"type": "Feature", "geometry": {"type": "Point", "coordinates": [-35.722977, -7.742854]}, "properties": {"i": 239, "mun": 23221, "ibge": 2604155, "z": 34, "l": 1198, "nm": "ESCOLA ESTADUAL JOAO XXIII", "nm_mun": "CASINHAS", "aptos": 1816, "imp": 0}}, {"type": "Feature", "geometry": {"type": "Point", "coordinates": [-35.753526, -7.766714]}, "properties": {"i": 240, "mun": 23221, "ibge": 2604155, "z": 34, "l": 1201, "nm": "ESCOLA MUNICIPAL PROFESSOR DANIEL", "nm_mun": "CASINHAS", "aptos": 987, "imp": 0}}, {"type": "Feature", "geometry": {"type": "Point", "coordinates": [-37.038244, -8.417042]}, "properties": {"i": 241, "mun": 23230, "ibge": 2601201, "z": 57, "l": 1015, "nm": "ESCOLA DE REFERÊNCIA EM ENSINO MÉDIO DE ARCOVERDE - EREMA", "nm_mun": "ARCOVERDE", "aptos": 1609, "imp": 0}}, {"type": "Feature", "geometry": {"type": "Point", "coordinates": [-37.047183, -8.420494]}, "properties": {"i": 242, "mun": 23230, "ibge": 2601201, "z": 57, "l": 1023, "nm": "COLÉGIO ANTÔNIO JAPIASSU", "nm_mun": "ARCOVERDE", "aptos": 3531, "imp": 0}}, {"type": "Feature", "geometry": {"type": "Point", "coordinates": [-37.054493, -8.417505]}, "properties": {"i": 243, "mun": 23230, "ibge": 2601201, "z": 57, "l": 1031, "nm": "COLEGIO DIOCESANO CARDEAL ARCOVERDE", "nm_mun": "ARCOVERDE", "aptos": 3730, "imp": 0}}, {"type": "Feature", "geometry": {"type": "Point", "coordinates": [-37.05636, -8.418168]}, "properties": {"i": 244, "mun": 23230, "ibge": 2601201, "z": 57, "l": 1040, "nm": "ESCOLA CARLOS  RIOS", "nm_mun": "ARCOVERDE", "aptos": 1925, "imp": 0}}, {"type": "Feature", "geometry": {"type": "Point", "coordinates": [-37.051488, -8.417868]}, "properties": {"i": 245, "mun": 23230, "ibge": 2601201, "z": 57, "l": 1058, "nm": "COLEGIO IMACULADA CONCEICAO", "nm_mun": "ARCOVERDE", "aptos": 1976, "imp": 0}}, {"type": "Feature", "geometry": {"type": "Point", "coordinates": [-37.055312, -8.419774]}, "properties": {"i": 246, "mun": 23230, "ibge": 2601201, "z": 57, "l": 1074, "nm": "DNOCS", "nm_mun": "ARCOVERDE", "aptos": 735, "imp": 0}}, {"type": "Feature", "geometry": {"type": "Point", "coordinates": [-37.05203, -8.421226]}, "properties": {"i": 247, "mun": 23230, "ibge": 2601201, "z": 57, "l": 1082, "nm": "ESCOLA EUCLIDES DA CUNHA", "nm_mun": "ARCOVERDE", "aptos": 982, "imp": 0}}, {"type": "Feature", "geometry": {"type": "Point", "coordinates": [-37.076839, -8.410904]}, "properties": {"i": 248, "mun": 23230, "ibge": 2601201, "z": 57, "l": 1090, "nm": "FUNDACAO TERRA", "nm_mun": "ARCOVERDE", "aptos": 1922, "imp": 0}}, {"type": "Feature", "geometry": {"type": "Point", "coordinates": [-37.053401, -8.41943]}, "properties": {"i": 249, "mun": 23230, "ibge": 2601201, "z": 57, "l": 1104, "nm": "AGÊNCIA DO TRABALHO", "nm_mun": "ARCOVERDE", "aptos": 283, "imp": 0}}, {"type": "Feature", "geometry": {"type": "Point", "coordinates": [-37.060136, -8.419072]}, "properties": {"i": 250, "mun": 23230, "ibge": 2601201, "z": 57, "l": 1112, "nm": "SECRETARIA DE SERVICOS PUBLICOS", "nm_mun": "ARCOVERDE", "aptos": 421, "imp": 0}}, {"type": "Feature", "geometry": {"type": "Point", "coordinates": [-37.05673, -8.422439]}, "properties": {"i": 251, "mun": 23230, "ibge": 2601201, "z": 57, "l": 1120, "nm": "SESC", "nm_mun": "ARCOVERDE", "aptos": 2479, "imp": 0}}, {"type": "Feature", "geometry": {"type": "Point", "coordinates": [-37.068942, -8.411915]}, "properties": {"i": 252, "mun": 23230, "ibge": 2601201, "z": 57, "l": 1139, "nm": "AUTARQUIA DE ENSINO SUPERIOR DE ARCOVERDE - AESA", "nm_mun": "ARCOVERDE", "aptos": 3394, "imp": 0}}, {"type": "Feature", "geometry": {"type": "Point", "coordinates": [-37.06868, -8.413324]}, "properties": {"i": 253, "mun": 23230, "ibge": 2601201, "z": 57, "l": 1147, "nm": "ESCOLA ALFABETO (ANTIGA PRESIDENTE MEDICE)", "nm_mun": "ARCOVERDE", "aptos": 1237, "imp": 0}}, {"type": "Feature", "geometry": {"type": "Point", "coordinates": [-36.960971, -8.425942]}, "properties": {"i": 254, "mun": 23230, "ibge": 2601201, "z": 57, "l": 1155, "nm": "ESCOLA SEVERINA DE SOUZA BRADLEY", "nm_mun": "ARCOVERDE", "aptos": 1131, "imp": 0}}, {"type": "Feature", "geometry": {"type": "Point", "coordinates": [-36.940347, -8.314981]}, "properties": {"i": 255, "mun": 23230, "ibge": 2601201, "z": 57, "l": 1171, "nm": "GRUPO ESCOLAR DE IPOJUCA", "nm_mun": "ARCOVERDE", "aptos": 427, "imp": 0}}, {"type": "Feature", "geometry": {"type": "Point", "coordinates": [-37.003326, -8.448864]}, "properties": {"i": 256, "mun": 23230, "ibge": 2601201, "z": 57, "l": 1180, "nm": "ESCOLA MUNICIPAL SECUNDINA HONORIO", "nm_mun": "ARCOVERDE", "aptos": 676, "imp": 0}}, {"type": "Feature", "geometry": {"type": "Point", "coordinates": [-36.936716, -8.41569]}, "properties": {"i": 257, "mun": 23230, "ibge": 2601201, "z": 57, "l": 1198, "nm": "ESCOLA MUNICIPAL SEBASTIAO VICENTE FERREIRA", "nm_mun": "ARCOVERDE", "aptos": 479, "imp": 0}}, {"type": "Feature", "geometry": {"type": "Point", "coordinates": [-37.009384, -8.378558]}, "properties": {"i": 258, "mun": 23230, "ibge": 2601201, "z": 57, "l": 1201, "nm": "ESCOLA MUNICIPAL MANOEL LUMBA DE OLIVEIRA", "nm_mun": "ARCOVERDE", "aptos": 999, "imp": 0}}, {"type": "Feature", "geometry": {"type": "Point", "coordinates": [-37.065173, -8.433757]}, "properties": {"i": 259, "mun": 23230, "ibge": 2601201, "z": 57, "l": 1210, "nm": "ESCOLA MONSENHOR JOSEPH KEHRLY", "nm_mun": "ARCOVERDE", "aptos": 3948, "imp": 0}}, {"type": "Feature", "geometry": {"type": "Point", "coordinates": [-37.055361, -8.421203]}, "properties": {"i": 260, "mun": 23230, "ibge": 2601201, "z": 57, "l": 1228, "nm": "INSS", "nm_mun": "ARCOVERDE", "aptos": 944, "imp": 0}}, {"type": "Feature", "geometry": {"type": "Point", "coordinates": [-37.060028, -8.425536]}, "properties": {"i": 261, "mun": 23230, "ibge": 2601201, "z": 57, "l": 1236, "nm": "ESCOLA SANTA CECILIA", "nm_mun": "ARCOVERDE", "aptos": 604, "imp": 0}}, {"type": "Feature", "geometry": {"type": "Point", "coordinates": [-36.940411, -8.314358]}, "properties": {"i": 262, "mun": 23230, "ibge": 2601201, "z": 57, "l": 1252, "nm": "POSTO DE SAUDE DE IPOJUCA", "nm_mun": "ARCOVERDE", "aptos": 170, "imp": 0}}, {"type": "Feature", "geometry": {"type": "Point", "coordinates": [-37.070895, -8.413691]}, "properties": {"i": 263, "mun": 23230, "ibge": 2601201, "z": 57, "l": 1260, "nm": "ESCOLA JORNALISTA EDSON REGIS", "nm_mun": "ARCOVERDE", "aptos": 2145, "imp": 0}}, {"type": "Feature", "geometry": {"type": "Point", "coordinates": [-37.068727, -8.399358]}, "properties": {"i": 264, "mun": 23230, "ibge": 2601201, "z": 57, "l": 1279, "nm": "ESCOLA MUNICIPAL ADALGISA CAVALCANTI BARROS CORREIA", "nm_mun": "ARCOVERDE", "aptos": 765, "imp": 0}}, {"type": "Feature", "geometry": {"type": "Point", "coordinates": [-37.036412, -8.416262]}, "properties": {"i": 265, "mun": 23230, "ibge": 2601201, "z": 57, "l": 1295, "nm": "ESCOLA LIONS ANTONIO MORENO", "nm_mun": "ARCOVERDE", "aptos": 1477, "imp": 0}}, {"type": "Feature", "geometry": {"type": "Point", "coordinates": [-37.046306, -8.417461]}, "properties": {"i": 266, "mun": 23230, "ibge": 2601201, "z": 57, "l": 1309, "nm": "ESCOLA FREIRE FILHO", "nm_mun": "ARCOVERDE", "aptos": 1236, "imp": 0}}, {"type": "Feature", "geometry": {"type": "Point", "coordinates": [-37.052613, -8.426722]}, "properties": {"i": 267, "mun": 23230, "ibge": 2601201, "z": 57, "l": 1317, "nm": "ESCOLA MUNICIPAL JOSE MEDEIROS DE FONSECA", "nm_mun": "ARCOVERDE", "aptos": 548, "imp": 0}}, {"type": "Feature", "geometry": {"type": "Point", "coordinates": [-37.05773, -8.416103]}, "properties": {"i": 268, "mun": 23230, "ibge": 2601201, "z": 57, "l": 1325, "nm": "ESCOLA OLGA GUEIROS LEITE", "nm_mun": "ARCOVERDE", "aptos": 573, "imp": 0}}, {"type": "Feature", "geometry": {"type": "Point", "coordinates": [-37.063072, -8.413852]}, "properties": {"i": 269, "mun": 23230, "ibge": 2601201, "z": 57, "l": 1333, "nm": "ESCOLA INDUSTRIAL ARCOVERDE", "nm_mun": "ARCOVERDE", "aptos": 3930, "imp": 0}}, {"type": "Feature", "geometry": {"type": "Point", "coordinates": [-37.067731, -8.417015]}, "properties": {"i": 270, "mun": 23230, "ibge": 2601201, "z": 57, "l": 1350, "nm": "ESCOLA SAO DOMINGOS", "nm_mun": "ARCOVERDE", "aptos": 1383, "imp": 0}}, {"type": "Feature", "geometry": {"type": "Point", "coordinates": [-37.167549, -8.414415]}, "properties": {"i": 271, "mun": 23230, "ibge": 2601201, "z": 57, "l": 1368, "nm": "ESCOLA PEQUENA INFÂNCIA (FUNDACAO TERRA MALHADA)", "nm_mun": "ARCOVERDE", "aptos": 489, "imp": 0}}, {"type": "Feature", "geometry": {"type": "Point", "coordinates": [-36.964864, -8.364309]}, "properties": {"i": 272, "mun": 23230, "ibge": 2601201, "z": 57, "l": 1376, "nm": "POSTO DE SAÚDE DO DESCOBRIMENTO", "nm_mun": "ARCOVERDE", "aptos": 427, "imp": 0}}, {"type": "Feature", "geometry": {"type": "Point", "coordinates": [-37.062179, -8.418667]}, "properties": {"i": 273, "mun": 23230, "ibge": 2601201, "z": 57, "l": 1384, "nm": "ESCOLA GUMERCINDO CAVALCANTI", "nm_mun": "ARCOVERDE", "aptos": 851, "imp": 0}}, {"type": "Feature", "geometry": {"type": "Point", "coordinates": [-37.050835, -8.41804]}, "properties": {"i": 274, "mun": 23230, "ibge": 2601201, "z": 57, "l": 1392, "nm": "CASA DAS JUVENTUDES (ANTIGO COLEGIO RIO BRANCO)", "nm_mun": "ARCOVERDE", "aptos": 624, "imp": 0}}, {"type": "Feature", "geometry": {"type": "Point", "coordinates": [-36.984614, -8.450857]}, "properties": {"i": 275, "mun": 23230, "ibge": 2601201, "z": 57, "l": 1414, "nm": "ESCOLA DE MÚSICA DO CEDEC", "nm_mun": "ARCOVERDE", "aptos": 343, "imp": 0}}, {"type": "Feature", "geometry": {"type": "Point", "coordinates": [-37.062573, -8.428662]}, "properties": {"i": 276, "mun": 23230, "ibge": 2601201, "z": 57, "l": 1422, "nm": "ESCOLA MUNICIPAL BARÃO DO RIO BRANCO", "nm_mun": "ARCOVERDE", "aptos": 1271, "imp": 0}}, {"type": "Feature", "geometry": {"type": "Point", "coordinates": [-37.079793, -8.41197]}, "properties": {"i": 277, "mun": 23230, "ibge": 2601201, "z": 57, "l": 1430, "nm": "ESCOLA NOÉ NUNES FERRAZ", "nm_mun": "ARCOVERDE", "aptos": 1137, "imp": 0}}, {"type": "Feature", "geometry": {"type": "Point", "coordinates": [-37.063185, -8.413574]}, "properties": {"i": 278, "mun": 23230, "ibge": 2601201, "z": 57, "l": 1473, "nm": "ESCOLA MUNICIPAL SEBASTIÃO LUIS CAVALCANTI", "nm_mun": "ARCOVERDE", "aptos": 669, "imp": 0}}, {"type": "Feature", "geometry": {"type": "Point", "coordinates": [-36.058071, -8.288461]}, "properties": {"i": 279, "mun": 23230, "ibge": 2601201, "z": 57, "l": 1490, "nm": "UBSF FRANCISCO SABOYA ALBUQUERQUE JÚNIOR", "nm_mun": "ARCOVERDE", "aptos": 347, "imp": 1}}, {"type": "Feature", "geometry": {"type": "Point", "coordinates": [-36.473987, -8.874396]}, "properties": {"i": 280, "mun": 23230, "ibge": 2601201, "z": 57, "l": 1503, "nm": "U.B.S.F. ROCHA (POSTO DE SAÚDE)", "nm_mun": "ARCOVERDE", "aptos": 76, "imp": 1}}, {"type": "Feature", "geometry": {"type": "Point", "coordinates": [-37.619712, -8.958387]}, "properties": {"i": 281, "mun": 23248, "ibge": 2609154, "z": 63, "l": 1031, "nm": "ESCOLA MARIA ALZIRA DE OLIVEIRA JORGE", "nm_mun": "MANARI", "aptos": 3440, "imp": 0}}, {"type": "Feature", "geometry": {"type": "Point", "coordinates": [-37.647636, -8.932564]}, "properties": {"i": 282, "mun": 23248, "ibge": 2609154, "z": 63, "l": 1120, "nm": "ESCOLA MANOEL ANTONIO DE ARAUJO", "nm_mun": "MANARI", "aptos": 766, "imp": 0}}, {"type": "Feature", "geometry": {"type": "Point", "coordinates": [-37.527623, -8.961128]}, "properties": {"i": 283, "mun": 23248, "ibge": 2609154, "z": 63, "l": 1139, "nm": "ESCOLA MUNICIPAL MARIA ROCHA SAMPAIO", "nm_mun": "MANARI", "aptos": 751, "imp": 0}}, {"type": "Feature", "geometry": {"type": "Point", "coordinates": [-37.556501, -8.896114]}, "properties": {"i": 284, "mun": 23248, "ibge": 2609154, "z": 63, "l": 1147, "nm": "ESCOLA NILO COELHO", "nm_mun": "MANARI", "aptos": 2012, "imp": 0}}, {"type": "Feature", "geometry": {"type": "Point", "coordinates": [-37.556488, -8.896077]}, "properties": {"i": 285, "mun": 23248, "ibge": 2609154, "z": 63, "l": 1163, "nm": "POSTO MEDICO", "nm_mun": "MANARI", "aptos": 234, "imp": 0}}, {"type": "Feature", "geometry": {"type": "Point", "coordinates": [-37.498481, -8.896093]}, "properties": {"i": 286, "mun": 23248, "ibge": 2609154, "z": 63, "l": 1198, "nm": "ESCOLA MANOEL LACERDA", "nm_mun": "MANARI", "aptos": 872, "imp": 0}}, {"type": "Feature", "geometry": {"type": "Point", "coordinates": [-37.588152, -8.957173]}, "properties": {"i": 287, "mun": 23248, "ibge": 2609154, "z": 63, "l": 1201, "nm": "GRUPO ESCOLAR PRESIDENTE MEDICE", "nm_mun": "MANARI", "aptos": 360, "imp": 0}}, {"type": "Feature", "geometry": {"type": "Point", "coordinates": [-37.453925, -8.837222]}, "properties": {"i": 288, "mun": 23248, "ibge": 2609154, "z": 63, "l": 1228, "nm": "ESCOLA MUNICIPAL CLARINDO ALEXANDRE DO NASCIMENTO", "nm_mun": "MANARI", "aptos": 1062, "imp": 0}}, {"type": "Feature", "geometry": {"type": "Point", "coordinates": [-37.62561, -8.960187]}, "properties": {"i": 289, "mun": 23248, "ibge": 2609154, "z": 63, "l": 1244, "nm": "ESCOLA CEL. MANOEL DE SOUZA NETO", "nm_mun": "MANARI", "aptos": 4753, "imp": 0}}, {"type": "Feature", "geometry": {"type": "Point", "coordinates": [-35.663797, -8.418608]}, "properties": {"i": 290, "mun": 23256, "ibge": 2601300, "z": 39, "l": 1040, "nm": "ESCOLA MARIA JUDITH DE ALBUQUERQUE", "nm_mun": "BARRA DE GUABIRABA", "aptos": 3391, "imp": 0}}, {"type": "Feature", "geometry": {"type": "Point", "coordinates": [-35.662856, -8.418235]}, "properties": {"i": 291, "mun": 23256, "ibge": 2601300, "z": 39, "l": 1058, "nm": "ESCOLA LEOBALDO SOARES DA SILVA", "nm_mun": "BARRA DE GUABIRABA", "aptos": 3309, "imp": 0}}, {"type": "Feature", "geometry": {"type": "Point", "coordinates": [-35.665368, -8.417504]}, "properties": {"i": 292, "mun": 23256, "ibge": 2601300, "z": 39, "l": 1066, "nm": "ESCOLA CLÁUDIO LOPES DE CARVALHO", "nm_mun": "BARRA DE GUABIRABA", "aptos": 1483, "imp": 0}}, {"type": "Feature", "geometry": {"type": "Point", "coordinates": [-35.664024, -8.418793]}, "properties": {"i": 293, "mun": 23256, "ibge": 2601300, "z": 39, "l": 1082, "nm": "COLÉGIO FRANCISDETE TENÓRIO DE HOLANDA", "nm_mun": "BARRA DE GUABIRABA", "aptos": 1938, "imp": 0}}, {"type": "Feature", "geometry": {"type": "Point", "coordinates": [-38.268214, -9.183447]}, "properties": {"i": 294, "mun": 23264, "ibge": 2608057, "z": 89, "l": 1031, "nm": "ESCOLA NOSSA SENHORA APARECIDA", "nm_mun": "JATOBÁ", "aptos": 1926, "imp": 0}}, {"type": "Feature", "geometry": {"type": "Point", "coordinates": [-38.246756, -9.174205]}, "properties": {"i": 295, "mun": 23264, "ibge": 2608057, "z": 89, "l": 1040, "nm": "ESCOLA MARIA QUITERIA", "nm_mun": "JATOBÁ", "aptos": 1018, "imp": 0}}, {"type": "Feature", "geometry": {"type": "Point", "coordinates": [-38.263333, -9.181806]}, "properties": {"i": 296, "mun": 23264, "ibge": 2608057, "z": 89, "l": 1058, "nm": "ESCOLA MUNICIPAL DE JATOBA", "nm_mun": "JATOBÁ", "aptos": 1470, "imp": 0}}, {"type": "Feature", "geometry": {"type": "Point", "coordinates": [-38.210718, -9.129403]}, "properties": {"i": 297, "mun": 23264, "ibge": 2608057, "z": 89, "l": 1066, "nm": "ESCOLA INDIGENA PANKARARU", "nm_mun": "JATOBÁ", "aptos": 1368, "imp": 0}}, {"type": "Feature", "geometry": {"type": "Point", "coordinates": [-38.24661, -9.174383]}, "properties": {"i": 298, "mun": 23264, "ibge": 2608057, "z": 89, "l": 1090, "nm": "ESCOLA ESTADUAL DE ITAPARICA", "nm_mun": "JATOBÁ", "aptos": 2720, "imp": 0}}, {"type": "Feature", "geometry": {"type": "Point", "coordinates": [-37.975429, -7.86405]}, "properties": {"i": 299, "mun": 23264, "ibge": 2608057, "z": 89, "l": 1112, "nm": "ESCOLA MUNICIPAL DJANIRA DORIA", "nm_mun": "JATOBÁ", "aptos": 1168, "imp": 1}}, {"type": "Feature", "geometry": {"type": "Point", "coordinates": [-38.268214, -9.183447]}, "properties": {"i": 300, "mun": 23264, "ibge": 2608057, "z": 89, "l": 1120, "nm": "ESCOLA MUNICIPAL VEREADOR ERALDO JOSÉ DE SOUZA", "nm_mun": "JATOBÁ", "aptos": 1379, "imp": 1}}, {"type": "Feature", "geometry": {"type": "Point", "coordinates": [-38.225632, -8.986304]}, "properties": {"i": 301, "mun": 23264, "ibge": 2608057, "z": 89, "l": 1139, "nm": "ESCOLA MUNICIPAL AYRTON SENNA DA SILVA", "nm_mun": "JATOBÁ", "aptos": 595, "imp": 1}}, {"type": "Feature", "geometry": {"type": "Point", "coordinates": [-35.198308, -8.813914]}, "properties": {"i": 302, "mun": 23272, "ibge": 2601409, "z": 42, "l": 1015, "nm": "ESCOLA PROFESSOR AUGUSTO DE NORONHA FILHO", "nm_mun": "BARREIROS", "aptos": 4403, "imp": 0}}, {"type": "Feature", "geometry": {"type": "Point", "coordinates": [-35.197767, -8.812796]}, "properties": {"i": 303, "mun": 23272, "ibge": 2601409, "z": 42, "l": 1058, "nm": "COLÉGIO MUNICIPAL JOSÉ CANUTO", "nm_mun": "BARREIROS", "aptos": 1562, "imp": 0}}, {"type": "Feature", "geometry": {"type": "Point", "coordinates": [-35.195895, -8.802583]}, "properties": {"i": 304, "mun": 23272, "ibge": 2601409, "z": 42, "l": 1082, "nm": "GRUPO ESCOLAR LUIZ BEZERRA DE MELO", "nm_mun": "BARREIROS", "aptos": 2717, "imp": 0}}, {"type": "Feature", "geometry": {"type": "Point", "coordinates": [-35.206882, -8.8115]}, "properties": {"i": 305, "mun": 23272, "ibge": 2601409, "z": 42, "l": 1090, "nm": "ESCOLA DR. ANTHENOR GUIMARÃES (ANTIGO CERU)", "nm_mun": "BARREIROS", "aptos": 4704, "imp": 0}}, {"type": "Feature", "geometry": {"type": "Point", "coordinates": [-35.189375, -8.812851]}, "properties": {"i": 306, "mun": 23272, "ibge": 2601409, "z": 42, "l": 1112, "nm": "ESCOLA HÉLIO SANTIAGO RAMOS", "nm_mun": "BARREIROS", "aptos": 4585, "imp": 0}}, {"type": "Feature", "geometry": {"type": "Point", "coordinates": [-35.19956, -8.811282]}, "properties": {"i": 307, "mun": 23272, "ibge": 2601409, "z": 42, "l": 1139, "nm": "CLUBE CAIADORES", "nm_mun": "BARREIROS", "aptos": 1089, "imp": 0}}, {"type": "Feature", "geometry": {"type": "Point", "coordinates": [-35.199643, -8.811722]}, "properties": {"i": 308, "mun": 23272, "ibge": 2601409, "z": 42, "l": 1163, "nm": "PROMOTORIA DOS BARREIROS", "nm_mun": "BARREIROS", "aptos": 1409, "imp": 0}}, {"type": "Feature", "geometry": {"type": "Point", "coordinates": [-35.202099, -8.814197]}, "properties": {"i": 309, "mun": 23272, "ibge": 2601409, "z": 42, "l": 1198, "nm": "ESCOLA CRISTIANO BARBOSA", "nm_mun": "BARREIROS", "aptos": 2286, "imp": 0}}, {"type": "Feature", "geometry": {"type": "Point", "coordinates": [-35.199737, -8.810219]}, "properties": {"i": 310, "mun": 23272, "ibge": 2601409, "z": 42, "l": 1201, "nm": "ESCOLA MARIA JOSÉ VICENTE (ESCOLA CENECISTA)", "nm_mun": "BARREIROS", "aptos": 2772, "imp": 0}}, {"type": "Feature", "geometry": {"type": "Point", "coordinates": [-35.200941, -8.815063]}, "properties": {"i": 311, "mun": 23272, "ibge": 2601409, "z": 42, "l": 1236, "nm": "ESCOLA MUNICIPAL EMILIO GERALDO PEREIRA", "nm_mun": "BARREIROS", "aptos": 553, "imp": 0}}, {"type": "Feature", "geometry": {"type": "Point", "coordinates": [-35.202914, -8.807849]}, "properties": {"i": 312, "mun": 23272, "ibge": 2601409, "z": 42, "l": 1244, "nm": "ESCOLA MUNICIPAL ERCÍLIA CLÍMACO DE SOUZA ALBUQUERQUE", "nm_mun": "BARREIROS", "aptos": 677, "imp": 0}}, {"type": "Feature", "geometry": {"type": "Point", "coordinates": [-35.204019, -8.812035]}, "properties": {"i": 313, "mun": 23272, "ibge": 2601409, "z": 42, "l": 1252, "nm": "ESCOLA MUNICIPAL AYRES BELO", "nm_mun": "BARREIROS", "aptos": 603, "imp": 0}}, {"type": "Feature", "geometry": {"type": "Point", "coordinates": [-35.204052, -8.811914]}, "properties": {"i": 314, "mun": 23272, "ibge": 2601409, "z": 42, "l": 1260, "nm": "ESCOLA MUNICIPAL TEREZINHA DE CARVALHO", "nm_mun": "BARREIROS", "aptos": 858, "imp": 0}}, {"type": "Feature", "geometry": {"type": "Point", "coordinates": [-35.19357, -8.811712]}, "properties": {"i": 315, "mun": 23272, "ibge": 2601409, "z": 42, "l": 1279, "nm": "SECRETARIA MUNICIPAL DE SAÚDE", "nm_mun": "BARREIROS", "aptos": 1545, "imp": 0}}, {"type": "Feature", "geometry": {"type": "Point", "coordinates": [-35.875489, -8.09852]}, "properties": {"i": 316, "mun": 23272, "ibge": 2601409, "z": 42, "l": 1287, "nm": "ESCOLA MUNICIPAL ALUÍSIO CAMBOIM", "nm_mun": "BARREIROS", "aptos": 491, "imp": 1}}, {"type": "Feature", "geometry": {"type": "Point", "coordinates": [-36.704288, -8.185217]}, "properties": {"i": 317, "mun": 23272, "ibge": 2601409, "z": 42, "l": 1295, "nm": "ESCOLA MUNICIPAL CONSELHEIRO EUCLIDES CELSO", "nm_mun": "BARREIROS", "aptos": 294, "imp": 1}}, {"type": "Feature", "geometry": {"type": "Point", "coordinates": [-35.313497, -8.767314]}, "properties": {"i": 318, "mun": 23280, "ibge": 2614857, "z": 26, "l": 1031, "nm": "ESCOLA MUNICIPAL LUIZ BEZERRA DE MELO", "nm_mun": "TAMANDARÉ", "aptos": 3842, "imp": 0}}, {"type": "Feature", "geometry": {"type": "Point", "coordinates": [-35.098829, -8.756061]}, "properties": {"i": 319, "mun": 23280, "ibge": 2614857, "z": 26, "l": 1066, "nm": "ESCOLA ALMIRANTE TAMANDARÉ", "nm_mun": "TAMANDARÉ", "aptos": 5519, "imp": 0}}, {"type": "Feature", "geometry": {"type": "Point", "coordinates": [-35.0965, -8.749758]}, "properties": {"i": 320, "mun": 23280, "ibge": 2614857, "z": 26, "l": 1112, "nm": "ESCOLA MUNICIPAL RINALDO SILVA DE OLIVEIRA", "nm_mun": "TAMANDARÉ", "aptos": 2841, "imp": 0}}, {"type": "Feature", "geometry": {"type": "Point", "coordinates": [-35.098377, -8.755594]}, "properties": {"i": 321, "mun": 23280, "ibge": 2614857, "z": 26, "l": 1120, "nm": "EREM TAMANDARE", "nm_mun": "TAMANDARÉ", "aptos": 3547, "imp": 0}}, {"type": "Feature", "geometry": {"type": "Point", "coordinates": [-35.100387, -8.744]}, "properties": {"i": 322, "mun": 23280, "ibge": 2614857, "z": 26, "l": 1155, "nm": "ESCOLA MUNICIPAL AMÁLIA MACÁRIO", "nm_mun": "TAMANDARÉ", "aptos": 2763, "imp": 0}}, {"type": "Feature", "geometry": {"type": "Point", "coordinates": [-35.098579, -8.74654]}, "properties": {"i": 323, "mun": 23280, "ibge": 2614857, "z": 26, "l": 1163, "nm": "ESCOLA MUNICIPAL AMARO FERREIRA DE MIRANDA", "nm_mun": "TAMANDARÉ", "aptos": 1802, "imp": 0}}, {"type": "Feature", "geometry": {"type": "Point", "coordinates": [-35.83852, -8.627603]}, "properties": {"i": 324, "mun": 23299, "ibge": 2601508, "z": 43, "l": 1031, "nm": "COLÉGIO MUNICIPAL ADAUTO CARÍCIO", "nm_mun": "BELÉM DE MARIA", "aptos": 2624, "imp": 0}}, {"type": "Feature", "geometry": {"type": "Point", "coordinates": [-35.849164, -8.616628]}, "properties": {"i": 325, "mun": 23299, "ibge": 2601508, "z": 43, "l": 1040, "nm": "ESCOLA ESTADUAL TANCREDO NEVES", "nm_mun": "BELÉM DE MARIA", "aptos": 1201, "imp": 0}}, {"type": "Feature", "geometry": {"type": "Point", "coordinates": [-35.829026, -8.558461]}, "properties": {"i": 326, "mun": 23299, "ibge": 2601508, "z": 43, "l": 1074, "nm": "ESCOLA MUNICIPAL MARIA JOSÉ DA SILVA", "nm_mun": "BELÉM DE MARIA", "aptos": 2706, "imp": 0}}, {"type": "Feature", "geometry": {"type": "Point", "coordinates": [-35.829252, -8.558435]}, "properties": {"i": 327, "mun": 23299, "ibge": 2601508, "z": 43, "l": 1082, "nm": "PRÉ - ESCOLAR GENTE INOCENTE", "nm_mun": "BELÉM DE MARIA", "aptos": 967, "imp": 0}}, {"type": "Feature", "geometry": {"type": "Point", "coordinates": [-35.839854, -8.624436]}, "properties": {"i": 328, "mun": 23299, "ibge": 2601508, "z": 43, "l": 1090, "nm": "ESCOLA PROFESSORA CECI EGITO", "nm_mun": "BELÉM DE MARIA", "aptos": 807, "imp": 0}}, {"type": "Feature", "geometry": {"type": "Point", "coordinates": [-35.841099, -8.622591]}, "properties": {"i": 329, "mun": 23299, "ibge": 2601508, "z": 43, "l": 1120, "nm": "ESCOLA MUNICIPAL INFANTIL ANA NERY", "nm_mun": "BELÉM DE MARIA", "aptos": 883, "imp": 0}}, {"type": "Feature", "geometry": {"type": "Point", "coordinates": [-35.796887, -8.732195]}, "properties": {"i": 330, "mun": 23302, "ibge": 2607950, "z": 43, "l": 1023, "nm": "ESCOLA MIGUEL PELLEGRINO", "nm_mun": "JAQUEIRA", "aptos": 3255, "imp": 0}}, {"type": "Feature", "geometry": {"type": "Point", "coordinates": [-35.795112, -8.731139]}, "properties": {"i": 331, "mun": 23302, "ibge": 2607950, "z": 43, "l": 1031, "nm": "ESCOLA MUNICIPAL AECIO BARROS DE OLIVEIRA", "nm_mun": "JAQUEIRA", "aptos": 3363, "imp": 0}}, {"type": "Feature", "geometry": {"type": "Point", "coordinates": [-35.81088, -8.742914]}, "properties": {"i": 332, "mun": 23302, "ibge": 2607950, "z": 43, "l": 1112, "nm": "ESCOLA MUNICIPAL  FREI FIDELLES", "nm_mun": "JAQUEIRA", "aptos": 490, "imp": 0}}, {"type": "Feature", "geometry": {"type": "Point", "coordinates": [-35.283951, -8.102795]}, "properties": {"i": 333, "mun": 23302, "ibge": 2607950, "z": 43, "l": 1120, "nm": "ESCOLA HENRIQUE DO REGO BARROS", "nm_mun": "JAQUEIRA", "aptos": 2131, "imp": 1}}, {"type": "Feature", "geometry": {"type": "Point", "coordinates": [-38.960063, -8.754381]}, "properties": {"i": 334, "mun": 23310, "ibge": 2601607, "z": 73, "l": 1015, "nm": "EMEC - ESCOLA MARIA EMILIA CANTARELLI", "nm_mun": "BELÉM DO SÃO FRANCISCO", "aptos": 2841, "imp": 0}}, {"type": "Feature", "geometry": {"type": "Point", "coordinates": [-38.966808, -8.755763]}, "properties": {"i": 335, "mun": 23310, "ibge": 2601607, "z": 73, "l": 1023, "nm": "FACESF", "nm_mun": "BELÉM DO SÃO FRANCISCO", "aptos": 2632, "imp": 0}}, {"type": "Feature", "geometry": {"type": "Point", "coordinates": [-38.962574, -8.749835]}, "properties": {"i": 336, "mun": 23310, "ibge": 2601607, "z": 73, "l": 1040, "nm": "ESCOLA MONSENHOR JOAO PIRES", "nm_mun": "BELÉM DO SÃO FRANCISCO", "aptos": 3288, "imp": 0}}, {"type": "Feature", "geometry": {"type": "Point", "coordinates": [-38.965867, -8.758017]}, "properties": {"i": 337, "mun": 23310, "ibge": 2601607, "z": 73, "l": 1066, "nm": "ESCOLA TERCINA RORIZ ENSINO DE 1. E 2. GRAUS", "nm_mun": "BELÉM DO SÃO FRANCISCO", "aptos": 1329, "imp": 0}}, {"type": "Feature", "geometry": {"type": "Point", "coordinates": [-38.966824, -8.748212]}, "properties": {"i": 338, "mun": 23310, "ibge": 2601607, "z": 73, "l": 1082, "nm": "ESCOLA DOUTOR ALIPIO LUSTOSA ENSINO DE 1 E 2 GRAUS", "nm_mun": "BELÉM DO SÃO FRANCISCO", "aptos": 2003, "imp": 0}}, {"type": "Feature", "geometry": {"type": "Point", "coordinates": [-39.238855, -8.623636]}, "properties": {"i": 339, "mun": 23310, "ibge": 2601607, "z": 73, "l": 1104, "nm": "ESCOLA SINFRONIO JOAQUIM DO NASCIMENTO", "nm_mun": "BELÉM DO SÃO FRANCISCO", "aptos": 1114, "imp": 0}}, {"type": "Feature", "geometry": {"type": "Point", "coordinates": [-39.031963, -8.439212]}, "properties": {"i": 340, "mun": 23310, "ibge": 2601607, "z": 73, "l": 1120, "nm": "ESCOLA CELESTINO NUNES ENSINO FUNDAMENTAL E MEDIO", "nm_mun": "BELÉM DO SÃO FRANCISCO", "aptos": 1341, "imp": 0}}, {"type": "Feature", "geometry": {"type": "Point", "coordinates": [-40.034747, -9.03464]}, "properties": {"i": 341, "mun": 23310, "ibge": 2601607, "z": 73, "l": 1163, "nm": "CRECHE MUNICIPAL IZAURA RIBEIRO", "nm_mun": "BELÉM DO SÃO FRANCISCO", "aptos": 1100, "imp": 1}}, {"type": "Feature", "geometry": {"type": "Point", "coordinates": [-40.57226, -8.343049]}, "properties": {"i": 342, "mun": 23329, "ibge": 2612554, "z": 82, "l": 1015, "nm": "GINASIO MUNICIPAL MANOEL JOSÉ CAMILO", "nm_mun": "SANTA FILOMENA", "aptos": 1231, "imp": 0}}, {"type": "Feature", "geometry": {"type": "Point", "coordinates": [-40.729833, -8.261996]}, "properties": {"i": 343, "mun": 23329, "ibge": 2612554, "z": 82, "l": 1031, "nm": "ESCOLA MUNICIPAL JOSE BERNARDINO", "nm_mun": "SANTA FILOMENA", "aptos": 592, "imp": 0}}, {"type": "Feature", "geometry": {"type": "Point", "coordinates": [-40.554991, -8.106563]}, "properties": {"i": 344, "mun": 23329, "ibge": 2612554, "z": 82, "l": 1040, "nm": "ESCOLA MUNICIPAL RAIMUNDO LOPES", "nm_mun": "SANTA FILOMENA", "aptos": 721, "imp": 0}}, {"type": "Feature", "geometry": {"type": "Point", "coordinates": [-40.613372, -8.159468]}, "properties": {"i": 345, "mun": 23329, "ibge": 2612554, "z": 82, "l": 1066, "nm": "GINASIO MUNICIPAL LAUDELINO FREIRE MORORO", "nm_mun": "SANTA FILOMENA", "aptos": 2922, "imp": 0}}, {"type": "Feature", "geometry": {"type": "Point", "coordinates": [-40.506914, -8.094472]}, "properties": {"i": 346, "mun": 23329, "ibge": 2612554, "z": 82, "l": 1090, "nm": "ESCOLA MUNICIPAL GERSON RODRIGUES COELHO", "nm_mun": "SANTA FILOMENA", "aptos": 1127, "imp": 0}}, {"type": "Feature", "geometry": {"type": "Point", "coordinates": [-40.509417, -8.094098]}, "properties": {"i": 347, "mun": 23329, "ibge": 2612554, "z": 82, "l": 1112, "nm": "GINASIO MUNICIPAL HERNEVILLE COELHO MORORO", "nm_mun": "SANTA FILOMENA", "aptos": 2333, "imp": 0}}, {"type": "Feature", "geometry": {"type": "Point", "coordinates": [-40.55902, -8.039355]}, "properties": {"i": 348, "mun": 23329, "ibge": 2612554, "z": 82, "l": 1155, "nm": "ESCOLA MUNICIPAL ANTONIO SECUNDINO DA SILVA", "nm_mun": "SANTA FILOMENA", "aptos": 1232, "imp": 0}}, {"type": "Feature", "geometry": {"type": "Point", "coordinates": [-40.610126, -8.16098]}, "properties": {"i": 349, "mun": 23329, "ibge": 2612554, "z": 82, "l": 1163, "nm": "ESCOLA MUNICIPAL JOSÉ HORÁCIO DE MELO", "nm_mun": "SANTA FILOMENA", "aptos": 1953, "imp": 0}}, {"type": "Feature", "geometry": {"type": "Point", "coordinates": [-36.419155, -8.331421]}, "properties": {"i": 350, "mun": 23337, "ibge": 2601706, "z": 45, "l": 1023, "nm": "COLEGIO DIOCESANO MONSENHOR FRANCISCO DE ASSIS NEVES", "nm_mun": "BELO JARDIM", "aptos": 5012, "imp": 0}}, {"type": "Feature", "geometry": {"type": "Point", "coordinates": [-36.417098, -8.333193]}, "properties": {"i": 351, "mun": 23337, "ibge": 2601706, "z": 45, "l": 1031, "nm": "EREM BENTO AMERICO", "nm_mun": "BELO JARDIM", "aptos": 2670, "imp": 0}}, {"type": "Feature", "geometry": {"type": "Point", "coordinates": [-36.419316, -8.328257]}, "properties": {"i": 352, "mun": 23337, "ibge": 2601706, "z": 45, "l": 1040, "nm": "COLÉGIO ÁGUIA - UNIDADE II", "nm_mun": "BELO JARDIM", "aptos": 1744, "imp": 0}}, {"type": "Feature", "geometry": {"type": "Point", "coordinates": [-36.41746, -8.333421]}, "properties": {"i": 353, "mun": 23337, "ibge": 2601706, "z": 45, "l": 1066, "nm": "ESCOLA PROFESSOR DONINO", "nm_mun": "BELO JARDIM", "aptos": 2560, "imp": 0}}, {"type": "Feature", "geometry": {"type": "Point", "coordinates": [-36.418626, -8.330881]}, "properties": {"i": 354, "mun": 23337, "ibge": 2601706, "z": 45, "l": 1074, "nm": "CENTRO COMUNITÁRIO MUNICIPAL CASTELINHO", "nm_mun": "BELO JARDIM", "aptos": 2566, "imp": 0}}, {"type": "Feature", "geometry": {"type": "Point", "coordinates": [-36.417406, -8.331704]}, "properties": {"i": 355, "mun": 23337, "ibge": 2601706, "z": 45, "l": 1082, "nm": "ROTARY CLUB DE BELO JARDIM", "nm_mun": "BELO JARDIM", "aptos": 785, "imp": 0}}, {"type": "Feature", "geometry": {"type": "Point", "coordinates": [-36.429075, -8.332736]}, "properties": {"i": 356, "mun": 23337, "ibge": 2601706, "z": 45, "l": 1090, "nm": "ESCOLA MUNICIPAL PROFESSORA DULCE RAMOS", "nm_mun": "BELO JARDIM", "aptos": 2891, "imp": 0}}, {"type": "Feature", "geometry": {"type": "Point", "coordinates": [-36.420755, -8.334992]}, "properties": {"i": 357, "mun": 23337, "ibge": 2601706, "z": 45, "l": 1112, "nm": "COLÉGIO ADVENTISTA DE BELO JARDIM", "nm_mun": "BELO JARDIM", "aptos": 2267, "imp": 0}}, {"type": "Feature", "geometry": {"type": "Point", "coordinates": [-36.432485, -8.338964]}, "properties": {"i": 358, "mun": 23337, "ibge": 2601706, "z": 45, "l": 1163, "nm": "EREM JOÃO MONTEIRO DE MELO", "nm_mun": "BELO JARDIM", "aptos": 2758, "imp": 0}}, {"type": "Feature", "geometry": {"type": "Point", "coordinates": [-36.359538, -8.226662]}, "properties": {"i": 359, "mun": 23337, "ibge": 2601706, "z": 45, "l": 1201, "nm": "ESCOLA MUNICIPAL MANOEL TEODORO DE ARRUDA", "nm_mun": "BELO JARDIM", "aptos": 2656, "imp": 0}}, {"type": "Feature", "geometry": {"type": "Point", "coordinates": [-36.462958, -8.21042]}, "properties": {"i": 360, "mun": 23337, "ibge": 2601706, "z": 45, "l": 1236, "nm": "ESCOLA MUNICIPAL LUIZA LEOPOLDINA LOPES", "nm_mun": "BELO JARDIM", "aptos": 2940, "imp": 0}}, {"type": "Feature", "geometry": {"type": "Point", "coordinates": [-36.460245, -8.386968]}, "properties": {"i": 361, "mun": 23337, "ibge": 2601706, "z": 45, "l": 1279, "nm": "ESCOLA MUNICIPAL VEREADOR JOAQUIM MEDEIROS CABRAL", "nm_mun": "BELO JARDIM", "aptos": 1963, "imp": 0}}, {"type": "Feature", "geometry": {"type": "Point", "coordinates": [-36.412551, -8.341703]}, "properties": {"i": 362, "mun": 23337, "ibge": 2601706, "z": 45, "l": 1295, "nm": "ESCOLA PROFESSORA MARIA GALVÃO", "nm_mun": "BELO JARDIM", "aptos": 2773, "imp": 0}}, {"type": "Feature", "geometry": {"type": "Point", "coordinates": [-36.419325, -8.326452]}, "properties": {"i": 363, "mun": 23337, "ibge": 2601706, "z": 45, "l": 1309, "nm": "ESCOLA DE REFERÊNCIA EM ENSINO MÉDIO DE BELO JARDIM", "nm_mun": "BELO JARDIM", "aptos": 2879, "imp": 0}}, {"type": "Feature", "geometry": {"type": "Point", "coordinates": [-36.418003, -8.328368]}, "properties": {"i": 364, "mun": 23337, "ibge": 2601706, "z": 45, "l": 1325, "nm": "ESCOLA MUNICIPAL JOSÉ BATISTA DOS SANTOS", "nm_mun": "BELO JARDIM", "aptos": 417, "imp": 0}}, {"type": "Feature", "geometry": {"type": "Point", "coordinates": [-36.404132, -8.341255]}, "properties": {"i": 365, "mun": 23337, "ibge": 2601706, "z": 45, "l": 1350, "nm": "ESCOLA MUNICIPAL TENENTE JOÃO CORDEIRO", "nm_mun": "BELO JARDIM", "aptos": 937, "imp": 0}}, {"type": "Feature", "geometry": {"type": "Point", "coordinates": [-36.409207, -8.347]}, "properties": {"i": 366, "mun": 23337, "ibge": 2601706, "z": 45, "l": 1368, "nm": "ESCOLA MUNICIPAL DOM LUIZ", "nm_mun": "BELO JARDIM", "aptos": 367, "imp": 0}}, {"type": "Feature", "geometry": {"type": "Point", "coordinates": [-36.30505, -8.233143]}, "properties": {"i": 367, "mun": 23337, "ibge": 2601706, "z": 45, "l": 1406, "nm": "ESCOLA MUNICIPAL JOÃO MARQUES DA SILVA", "nm_mun": "BELO JARDIM", "aptos": 938, "imp": 0}}, {"type": "Feature", "geometry": {"type": "Point", "coordinates": [-36.43888, -8.34045]}, "properties": {"i": 368, "mun": 23337, "ibge": 2601706, "z": 45, "l": 1430, "nm": "ESCOLA MUNICIPAL MANOEL JERÔNIMO DE LIRA", "nm_mun": "BELO JARDIM", "aptos": 435, "imp": 0}}, {"type": "Feature", "geometry": {"type": "Point", "coordinates": [-36.332879, -8.207397]}, "properties": {"i": 369, "mun": 23337, "ibge": 2601706, "z": 45, "l": 1449, "nm": "ESCOLA MUNICIPAL RUI BARBOSA", "nm_mun": "BELO JARDIM", "aptos": 257, "imp": 0}}, {"type": "Feature", "geometry": {"type": "Point", "coordinates": [-36.464287, -8.194415]}, "properties": {"i": 370, "mun": 23337, "ibge": 2601706, "z": 45, "l": 1457, "nm": "ESCOLA MUNICIPAL LUIZ PEREIRA DE AMORIM", "nm_mun": "BELO JARDIM", "aptos": 618, "imp": 0}}, {"type": "Feature", "geometry": {"type": "Point", "coordinates": [-36.569566, -8.261284]}, "properties": {"i": 371, "mun": 23337, "ibge": 2601706, "z": 45, "l": 1473, "nm": "ESCOLA MUNICIPAL CICERO MANOEL DA SILVA", "nm_mun": "BELO JARDIM", "aptos": 230, "imp": 0}}, {"type": "Feature", "geometry": {"type": "Point", "coordinates": [-36.477309, -8.397395]}, "properties": {"i": 372, "mun": 23337, "ibge": 2601706, "z": 45, "l": 1481, "nm": "ESCOLA MUNICIPAL JOSÉ ZEFERINO DA ROCHA", "nm_mun": "BELO JARDIM", "aptos": 727, "imp": 0}}, {"type": "Feature", "geometry": {"type": "Point", "coordinates": [-36.415142, -8.322503]}, "properties": {"i": 373, "mun": 23337, "ibge": 2601706, "z": 45, "l": 1511, "nm": "IFPE - INSTITUTO FEDERAL DE CIÊNCIAS E TECNOLOGIA DE PE - BELO JARDIM", "nm_mun": "BELO JARDIM", "aptos": 2149, "imp": 0}}, {"type": "Feature", "geometry": {"type": "Point", "coordinates": [-36.437643, -8.33825]}, "properties": {"i": 374, "mun": 23337, "ibge": 2601706, "z": 45, "l": 1538, "nm": "ESCOLA MINISTRO MARCOS DE BARROS FREIRE", "nm_mun": "BELO JARDIM", "aptos": 3141, "imp": 0}}, {"type": "Feature", "geometry": {"type": "Point", "coordinates": [-36.416977, -8.342111]}, "properties": {"i": 375, "mun": 23337, "ibge": 2601706, "z": 45, "l": 1570, "nm": "ESCOLA MUNICIPAL DR. SEBASTIAO CABRAL", "nm_mun": "BELO JARDIM", "aptos": 5084, "imp": 0}}, {"type": "Feature", "geometry": {"type": "Point", "coordinates": [-36.437481, -8.338498]}, "properties": {"i": 376, "mun": 23337, "ibge": 2601706, "z": 45, "l": 1597, "nm": "CENTRO DE REFERÊNCIA DE ASSISTÊNCIA SOCIAL - CRAS", "nm_mun": "BELO JARDIM", "aptos": 1020, "imp": 0}}, {"type": "Feature", "geometry": {"type": "Point", "coordinates": [-36.418444, -8.34852]}, "properties": {"i": 377, "mun": 23337, "ibge": 2601706, "z": 45, "l": 1600, "nm": "ESCOLA MUNICIPAL HILDA GOMES PEREIRA", "nm_mun": "BELO JARDIM", "aptos": 785, "imp": 0}}, {"type": "Feature", "geometry": {"type": "Point", "coordinates": [-36.43248, -8.338957]}, "properties": {"i": 378, "mun": 23337, "ibge": 2601706, "z": 45, "l": 1627, "nm": "ESCOLA MUNICIPAL PROFESSOR ANTENOR VIEIRA DE MELLO", "nm_mun": "BELO JARDIM", "aptos": 3301, "imp": 0}}, {"type": "Feature", "geometry": {"type": "Point", "coordinates": [-36.488588, -8.357908]}, "properties": {"i": 379, "mun": 23337, "ibge": 2601706, "z": 45, "l": 1643, "nm": "ESCOLA MUNICIPAL JOÃO ALVES LEITE", "nm_mun": "BELO JARDIM", "aptos": 242, "imp": 0}}, {"type": "Feature", "geometry": {"type": "Point", "coordinates": [-36.418003, -8.328368]}, "properties": {"i": 380, "mun": 23337, "ibge": 2601706, "z": 45, "l": 1651, "nm": "ESCOLA MUNICIPAL MANOEL DOMINGOS", "nm_mun": "BELO JARDIM", "aptos": 1258, "imp": 0}}, {"type": "Feature", "geometry": {"type": "Point", "coordinates": [-36.394588, -8.31895]}, "properties": {"i": 381, "mun": 23337, "ibge": 2601706, "z": 45, "l": 1678, "nm": "ETE - ESCOLA TÉCNICA ESTADUAL - EDSON MORORÓ MOURA", "nm_mun": "BELO JARDIM", "aptos": 698, "imp": 0}}, {"type": "Feature", "geometry": {"type": "Point", "coordinates": [-35.500319, -8.590503]}, "properties": {"i": 382, "mun": 23337, "ibge": 2601706, "z": 45, "l": 1686, "nm": "ESCOLA MUNICIPAL PROFESSORA RISOLETA CAVALCANTI", "nm_mun": "BELO JARDIM", "aptos": 993, "imp": 1}}, {"type": "Feature", "geometry": {"type": "Point", "coordinates": [-36.134724, -8.336193]}, "properties": {"i": 383, "mun": 23337, "ibge": 2601706, "z": 45, "l": 1694, "nm": "CRAS COHAB 1", "nm_mun": "BELO JARDIM", "aptos": 459, "imp": 1}}, {"type": "Feature", "geometry": {"type": "Point", "coordinates": [-38.747022, -7.881078]}, "properties": {"i": 384, "mun": 23337, "ibge": 2601706, "z": 45, "l": 1708, "nm": "ESCOLA MUNICIPAL PROFESSORA MARIA ANTONIETA GOMES BARBOSA", "nm_mun": "BELO JARDIM", "aptos": 444, "imp": 1}}, {"type": "Feature", "geometry": {"type": "Point", "coordinates": [-38.035389, -8.273912]}, "properties": {"i": 385, "mun": 23353, "ibge": 2601805, "z": 108, "l": 1015, "nm": "ESCOLA OSMAR DE SOUZA FERRAZ", "nm_mun": "BETÂNIA", "aptos": 2786, "imp": 0}}, {"type": "Feature", "geometry": {"type": "Point", "coordinates": [-38.139529, -8.353315]}, "properties": {"i": 386, "mun": 23353, "ibge": 2601805, "z": 108, "l": 1023, "nm": "ESCOLA MUNICIPAL MANOEL DE SOUZA", "nm_mun": "BETÂNIA", "aptos": 326, "imp": 0}}, {"type": "Feature", "geometry": {"type": "Point", "coordinates": [-38.035555, -8.275841]}, "properties": {"i": 387, "mun": 23353, "ibge": 2601805, "z": 108, "l": 1040, "nm": "ESCOLA MUNICIPAL MARIA DO SOCORRO ANDRADA", "nm_mun": "BETÂNIA", "aptos": 2014, "imp": 0}}, {"type": "Feature", "geometry": {"type": "Point", "coordinates": [-37.981754, -8.188691]}, "properties": {"i": 388, "mun": 23353, "ibge": 2601805, "z": 108, "l": 1058, "nm": "ESCOLA MUNICIPAL MARIA BENJAMIM FERRAZ", "nm_mun": "BETÂNIA", "aptos": 3171, "imp": 0}}, {"type": "Feature", "geometry": {"type": "Point", "coordinates": [-37.985242, -8.186874]}, "properties": {"i": 389, "mun": 23353, "ibge": 2601805, "z": 108, "l": 1066, "nm": "CRECHE ANTONIA MARTINS DA CONCEICAO", "nm_mun": "BETÂNIA", "aptos": 1817, "imp": 0}}, {"type": "Feature", "geometry": {"type": "Point", "coordinates": [-35.752158, -8.234334]}, "properties": {"i": 390, "mun": 23370, "ibge": 2601904, "z": 35, "l": 1015, "nm": "CAMARA DOS VEREADORES", "nm_mun": "BEZERROS", "aptos": 784, "imp": 0}}, {"type": "Feature", "geometry": {"type": "Point", "coordinates": [-35.757088, -8.236742]}, "properties": {"i": 391, "mun": 23370, "ibge": 2601904, "z": 35, "l": 1031, "nm": "COLÉGIO NOSSA SENHORA DAS DORES", "nm_mun": "BEZERROS", "aptos": 3567, "imp": 0}}, {"type": "Feature", "geometry": {"type": "Point", "coordinates": [-35.751285, -8.22868]}, "properties": {"i": 392, "mun": 23370, "ibge": 2601904, "z": 35, "l": 1066, "nm": "ESCOLA JOSÉ DE GOES", "nm_mun": "BEZERROS", "aptos": 2880, "imp": 0}}, {"type": "Feature", "geometry": {"type": "Point", "coordinates": [-35.747668, -8.231214]}, "properties": {"i": 393, "mun": 23370, "ibge": 2601904, "z": 35, "l": 1180, "nm": "ESCOLA CONEGO ALEXANDRE CAVALCANTE", "nm_mun": "BEZERROS", "aptos": 4584, "imp": 0}}, {"type": "Feature", "geometry": {"type": "Point", "coordinates": [-35.74801, -8.23743]}, "properties": {"i": 394, "mun": 23370, "ibge": 2601904, "z": 35, "l": 1201, "nm": "CEREQ - ESCOLA ESTADUAL EURICO QUEIROZ", "nm_mun": "BEZERROS", "aptos": 3577, "imp": 0}}, {"type": "Feature", "geometry": {"type": "Point", "coordinates": [-35.746317, -8.238026]}, "properties": {"i": 395, "mun": 23370, "ibge": 2601904, "z": 35, "l": 1210, "nm": "ESCOLA ZUZINHA GUILHERME", "nm_mun": "BEZERROS", "aptos": 771, "imp": 0}}, {"type": "Feature", "geometry": {"type": "Point", "coordinates": [-35.752221, -8.24136]}, "properties": {"i": 396, "mun": 23370, "ibge": 2601904, "z": 35, "l": 1228, "nm": "COLÉGIO SÃO JOSÉ (COLÉGIO RADAR)", "nm_mun": "BEZERROS", "aptos": 2565, "imp": 0}}, {"type": "Feature", "geometry": {"type": "Point", "coordinates": [-35.752801, -8.241634]}, "properties": {"i": 397, "mun": 23370, "ibge": 2601904, "z": 35, "l": 1236, "nm": "COLÉGIO MUN DES FELISMINO GUEDES (ANTIGO GETÚLIO DE ANDRADE LIMA)", "nm_mun": "BEZERROS", "aptos": 2865, "imp": 0}}, {"type": "Feature", "geometry": {"type": "Point", "coordinates": [-35.755837, -8.231189]}, "properties": {"i": 398, "mun": 23370, "ibge": 2601904, "z": 35, "l": 1252, "nm": "CEMAIC - CENTRO MUNICIPAL DE ATENÇÃO INTEGRAL À CRIANÇA - CAIC", "nm_mun": "BEZERROS", "aptos": 5201, "imp": 0}}, {"type": "Feature", "geometry": {"type": "Point", "coordinates": [-35.726918, -8.141026]}, "properties": {"i": 399, "mun": 23370, "ibge": 2601904, "z": 35, "l": 1279, "nm": "ESCOLA  MUNICIPAL  JOÃO PEDRO DOS SANTOS - CAJAZEIRAS", "nm_mun": "BEZERROS", "aptos": 728, "imp": 0}}, {"type": "Feature", "geometry": {"type": "Point", "coordinates": [-35.84654, -8.299919]}, "properties": {"i": 400, "mun": 23370, "ibge": 2601904, "z": 35, "l": 1309, "nm": "GINÁSIO MUNICIPAL NELSON CASTANHA - ENCRUZILHADA DE SÃO JOÃO", "nm_mun": "BEZERROS", "aptos": 2710, "imp": 0}}, {"type": "Feature", "geometry": {"type": "Point", "coordinates": [-35.81254, -8.336096]}, "properties": {"i": 401, "mun": 23370, "ibge": 2601904, "z": 35, "l": 1333, "nm": "ESCOLA INTERMEDIÁRIA RUFINA BORBA - SAPUCARANA", "nm_mun": "BEZERROS", "aptos": 2387, "imp": 0}}, {"type": "Feature", "geometry": {"type": "Point", "coordinates": [-35.769801, -8.169845]}, "properties": {"i": 402, "mun": 23370, "ibge": 2601904, "z": 35, "l": 1368, "nm": "ESCOLA MUNICIPAL JOAQUIM CLAUDINO OLIVEIRA - SERRA NEGRA", "nm_mun": "BEZERROS", "aptos": 939, "imp": 0}}, {"type": "Feature", "geometry": {"type": "Point", "coordinates": [-35.812151, -8.194805]}, "properties": {"i": 403, "mun": 23370, "ibge": 2601904, "z": 35, "l": 1392, "nm": "ESCOLA RURAL SALUSTIANO TORRES - SÍTIO DOS REMÉDIOS", "nm_mun": "BEZERROS", "aptos": 1001, "imp": 0}}, {"type": "Feature", "geometry": {"type": "Point", "coordinates": [-35.870977, -8.38018]}, "properties": {"i": 404, "mun": 23370, "ibge": 2601904, "z": 35, "l": 1414, "nm": "ESCOLA MUNICIPAL VICENTE FERREIRA - BOAS NOVAS", "nm_mun": "BEZERROS", "aptos": 1352, "imp": 0}}, {"type": "Feature", "geometry": {"type": "Point", "coordinates": [-35.759741, -8.243865]}, "properties": {"i": 405, "mun": 23370, "ibge": 2601904, "z": 35, "l": 1520, "nm": "GINASIO MUNICIPAL MONSENHOR FLORENTINO", "nm_mun": "BEZERROS", "aptos": 3099, "imp": 0}}, {"type": "Feature", "geometry": {"type": "Point", "coordinates": [-35.739753, -8.241783]}, "properties": {"i": 406, "mun": 23370, "ibge": 2601904, "z": 35, "l": 1538, "nm": "GRUPO D. JOSÉ LAMARTINE - COHAB", "nm_mun": "BEZERROS", "aptos": 3293, "imp": 0}}, {"type": "Feature", "geometry": {"type": "Point", "coordinates": [-35.693039, -8.130101]}, "properties": {"i": 407, "mun": 23370, "ibge": 2601904, "z": 35, "l": 1546, "nm": "ESCOLA MUNICIPAL DEREGINA DE AZEVEDO - SÍTIO RAPOSA", "nm_mun": "BEZERROS", "aptos": 166, "imp": 0}}, {"type": "Feature", "geometry": {"type": "Point", "coordinates": [-35.71368, -8.222039]}, "properties": {"i": 408, "mun": 23370, "ibge": 2601904, "z": 35, "l": 1597, "nm": "ESCOLA MUNICIPAL JOSÉ PAULO DA SILVA - VARZINHA", "nm_mun": "BEZERROS", "aptos": 616, "imp": 0}}, {"type": "Feature", "geometry": {"type": "Point", "coordinates": [-35.754583, -8.248394]}, "properties": {"i": 409, "mun": 23370, "ibge": 2601904, "z": 35, "l": 1619, "nm": "ESCOLA MUNICIPAL NOMERIANO PEREIRA", "nm_mun": "BEZERROS", "aptos": 1292, "imp": 0}}, {"type": "Feature", "geometry": {"type": "Point", "coordinates": [-35.750888, -8.125825]}, "properties": {"i": 410, "mun": 23370, "ibge": 2601904, "z": 35, "l": 1643, "nm": "CRECHE VOVÓ ISABEL - SÍTIO AREIAS", "nm_mun": "BEZERROS", "aptos": 825, "imp": 0}}, {"type": "Feature", "geometry": {"type": "Point", "coordinates": [-35.757474, -8.231278]}, "properties": {"i": 411, "mun": 23370, "ibge": 2601904, "z": 35, "l": 1660, "nm": "CRECHE DO CEMAIC", "nm_mun": "BEZERROS", "aptos": 1715, "imp": 0}}, {"type": "Feature", "geometry": {"type": "Point", "coordinates": [-35.769795, -8.169803]}, "properties": {"i": 412, "mun": 23370, "ibge": 2601904, "z": 35, "l": 1678, "nm": "CRECHE MUNICIPAL VOVÓ DILA", "nm_mun": "BEZERROS", "aptos": 238, "imp": 0}}, {"type": "Feature", "geometry": {"type": "Point", "coordinates": [-35.751148, -8.240497]}, "properties": {"i": 413, "mun": 23370, "ibge": 2601904, "z": 35, "l": 1686, "nm": "ESCOLA PROF. MARIA ANA", "nm_mun": "BEZERROS", "aptos": 1150, "imp": 0}}, {"type": "Feature", "geometry": {"type": "Point", "coordinates": [-38.747022, -7.881078]}, "properties": {"i": 414, "mun": 23370, "ibge": 2601904, "z": 35, "l": 1716, "nm": "ESCOLA TEMPO INTEGRAL GETÚLIO VARGAS", "nm_mun": "BEZERROS", "aptos": 78, "imp": 1}}, {"type": "Feature", "geometry": {"type": "Point", "coordinates": [-39.933606, -7.778473]}, "properties": {"i": 415, "mun": 23396, "ibge": 2602001, "z": 80, "l": 1015, "nm": "COLEGIO MUNICIPAL ANTONIA LOCIO DA CRUZ", "nm_mun": "BODOCÓ", "aptos": 3695, "imp": 0}}, {"type": "Feature", "geometry": {"type": "Point", "coordinates": [-39.937676, -7.779317]}, "properties": {"i": 416, "mun": 23396, "ibge": 2602001, "z": 80, "l": 1023, "nm": "ESCOLA ESTADUAL ARTUR BARROS CAVALCANTE", "nm_mun": "BODOCÓ", "aptos": 1999, "imp": 0}}, {"type": "Feature", "geometry": {"type": "Point", "coordinates": [-39.930417, -7.778764]}, "properties": {"i": 417, "mun": 23396, "ibge": 2602001, "z": 80, "l": 1031, "nm": "CRECHE MUNICIPAL DORINA FERRAZ", "nm_mun": "BODOCÓ", "aptos": 1912, "imp": 0}}, {"type": "Feature", "geometry": {"type": "Point", "coordinates": [-39.942305, -7.780614]}, "properties": {"i": 418, "mun": 23396, "ibge": 2602001, "z": 80, "l": 1040, "nm": "ESCOLA ESTADUAL JOAO CARLOS LOCIO DE ALMEIDA", "nm_mun": "BODOCÓ", "aptos": 3477, "imp": 0}}, {"type": "Feature", "geometry": {"type": "Point", "coordinates": [-40.000589, -7.686356]}, "properties": {"i": 419, "mun": 23396, "ibge": 2602001, "z": 80, "l": 1082, "nm": "ESCOLA MUNICIPAL JOAO GOMES DE SOUZA", "nm_mun": "BODOCÓ", "aptos": 2539, "imp": 0}}, {"type": "Feature", "geometry": {"type": "Point", "coordinates": [-39.999028, -7.691456]}, "properties": {"i": 420, "mun": 23396, "ibge": 2602001, "z": 80, "l": 1147, "nm": "ESCOLA ESTADUAL LUIZ GOMES DINIZ", "nm_mun": "BODOCÓ", "aptos": 2620, "imp": 0}}, {"type": "Feature", "geometry": {"type": "Point", "coordinates": [-39.966912, -7.675924]}, "properties": {"i": 421, "mun": 23396, "ibge": 2602001, "z": 80, "l": 1155, "nm": "ESCOLA MUNICIPAL JOAO BATISTA DE SOUZA", "nm_mun": "BODOCÓ", "aptos": 1860, "imp": 0}}, {"type": "Feature", "geometry": {"type": "Point", "coordinates": [-40.108413, -7.599691]}, "properties": {"i": 422, "mun": 23396, "ibge": 2602001, "z": 80, "l": 1198, "nm": "GRUPO ESCOLAR ANTONIO CUSTODIO", "nm_mun": "BODOCÓ", "aptos": 2135, "imp": 0}}, {"type": "Feature", "geometry": {"type": "Point", "coordinates": [-40.108892, -7.523082]}, "properties": {"i": 423, "mun": 23396, "ibge": 2602001, "z": 80, "l": 1236, "nm": "ESCOLA MUNICIPAL EÇA DE QUEIROZ", "nm_mun": "BODOCÓ", "aptos": 1770, "imp": 0}}, {"type": "Feature", "geometry": {"type": "Point", "coordinates": [-39.928815, -7.791965]}, "properties": {"i": 424, "mun": 23396, "ibge": 2602001, "z": 80, "l": 1317, "nm": "ESCOLA MUNICIPAL THEODOZIO LEANDRO HORAS", "nm_mun": "BODOCÓ", "aptos": 1524, "imp": 0}}, {"type": "Feature", "geometry": {"type": "Point", "coordinates": [-39.984796, -7.431802]}, "properties": {"i": 425, "mun": 23396, "ibge": 2602001, "z": 80, "l": 1333, "nm": "ESCOLA MUNICIPAL ANTONIO CLEMENTINO DA COSTA", "nm_mun": "BODOCÓ", "aptos": 918, "imp": 0}}, {"type": "Feature", "geometry": {"type": "Point", "coordinates": [-36.134724, -8.336193]}, "properties": {"i": 426, "mun": 23396, "ibge": 2602001, "z": 80, "l": 1350, "nm": "COLÉGIO IMPACTO", "nm_mun": "BODOCÓ", "aptos": 1409, "imp": 1}}, {"type": "Feature", "geometry": {"type": "Point", "coordinates": [-37.195916, -7.37514]}, "properties": {"i": 427, "mun": 23396, "ibge": 2602001, "z": 80, "l": 1368, "nm": "ESCOLA NOVA (ENTRADA DO BAIRRO SÃO FRANCISCO - AO LADO MÓDULO ESPORTI)", "nm_mun": "BODOCÓ", "aptos": 1716, "imp": 1}}, {"type": "Feature", "geometry": {"type": "Point", "coordinates": [-38.403137, -8.919019]}, "properties": {"i": 428, "mun": 23396, "ibge": 2602001, "z": 80, "l": 1376, "nm": "ESCOLA MUNICIPAL DOMINGOS BENVINDO DE OLIVEIRA", "nm_mun": "BODOCÓ", "aptos": 302, "imp": 1}}, {"type": "Feature", "geometry": {"type": "Point", "coordinates": [-36.678061, -9.162057]}, "properties": {"i": 429, "mun": 23418, "ibge": 2602100, "z": 61, "l": 1015, "nm": "CENTRO DE EDUCACAO RURAL CORONEL JOSE ABILIO AVILA", "nm_mun": "BOM CONSELHO", "aptos": 3854, "imp": 0}}, {"type": "Feature", "geometry": {"type": "Point", "coordinates": [-36.683058, -9.166466]}, "properties": {"i": 430, "mun": 23418, "ibge": 2602100, "z": 61, "l": 1023, "nm": "COLEGIO ESTADUAL FREI CAETANO DE MESSINA", "nm_mun": "BOM CONSELHO", "aptos": 3966, "imp": 0}}, {"type": "Feature", "geometry": {"type": "Point", "coordinates": [-36.682145, -9.166428]}, "properties": {"i": 431, "mun": 23418, "ibge": 2602100, "z": 61, "l": 1031, "nm": "COLEGIO NOSSA SENHORA DO BOM CONSELHO", "nm_mun": "BOM CONSELHO", "aptos": 3265, "imp": 0}}, {"type": "Feature", "geometry": {"type": "Point", "coordinates": [-36.683889, -9.166754]}, "properties": {"i": 432, "mun": 23418, "ibge": 2602100, "z": 61, "l": 1040, "nm": "GRUPO ESCOLAR MESTRE LAURINDO SEABRA", "nm_mun": "BOM CONSELHO", "aptos": 2572, "imp": 0}}, {"type": "Feature", "geometry": {"type": "Point", "coordinates": [-36.591841, -9.148303]}, "properties": {"i": 433, "mun": 23418, "ibge": 2602100, "z": 61, "l": 1058, "nm": "ESCOLA INTERMEDIARIA ANTONIO TENORIO SOBRINHO", "nm_mun": "BOM CONSELHO", "aptos": 976, "imp": 0}}, {"type": "Feature", "geometry": {"type": "Point", "coordinates": [-36.589333, -9.221587]}, "properties": {"i": 434, "mun": 23418, "ibge": 2602100, "z": 61, "l": 1090, "nm": "GRUPO ESCOLAR URSULINO PACHECO DE LIMA", "nm_mun": "BOM CONSELHO", "aptos": 702, "imp": 0}}, {"type": "Feature", "geometry": {"type": "Point", "coordinates": [-36.704648, -9.267743]}, "properties": {"i": 435, "mun": 23418, "ibge": 2602100, "z": 61, "l": 1112, "nm": "ESCOLA INTERMEDIARIA PLACIDO FIRMINO OLIVEIRA", "nm_mun": "BOM CONSELHO", "aptos": 1280, "imp": 0}}, {"type": "Feature", "geometry": {"type": "Point", "coordinates": [-36.704942, -9.266911]}, "properties": {"i": 436, "mun": 23418, "ibge": 2602100, "z": 61, "l": 1120, "nm": "GRUPO ESCOLAR HOZANA VIEIRA DE BARROS", "nm_mun": "BOM CONSELHO", "aptos": 348, "imp": 0}}, {"type": "Feature", "geometry": {"type": "Point", "coordinates": [-36.785172, -9.249142]}, "properties": {"i": 437, "mun": 23418, "ibge": 2602100, "z": 61, "l": 1139, "nm": "ESCOLA DE I GRAU JOSE VIEIRA FILHO", "nm_mun": "BOM CONSELHO", "aptos": 2257, "imp": 0}}, {"type": "Feature", "geometry": {"type": "Point", "coordinates": [-36.613439, -9.27811]}, "properties": {"i": 438, "mun": 23418, "ibge": 2602100, "z": 61, "l": 1147, "nm": "GRUPO ESCOLAR RAINHA IZABEL", "nm_mun": "BOM CONSELHO", "aptos": 1896, "imp": 0}}, {"type": "Feature", "geometry": {"type": "Point", "coordinates": [-36.613246, -9.276031]}, "properties": {"i": 439, "mun": 23418, "ibge": 2602100, "z": 61, "l": 1155, "nm": "ESCOLA INTERMEDIARIA MONSENHOR ALFREDO PINTO DAMASO", "nm_mun": "BOM CONSELHO", "aptos": 2235, "imp": 0}}, {"type": "Feature", "geometry": {"type": "Point", "coordinates": [-36.545983, -9.199002]}, "properties": {"i": 440, "mun": 23418, "ibge": 2602100, "z": 61, "l": 1180, "nm": "GRUPO ESCOLAR LEODEGARIO PINTO DE MIRANDA", "nm_mun": "BOM CONSELHO", "aptos": 349, "imp": 0}}, {"type": "Feature", "geometry": {"type": "Point", "coordinates": [-36.710066, -9.237978]}, "properties": {"i": 441, "mun": 23418, "ibge": 2602100, "z": 61, "l": 1198, "nm": "ESCOLA DE PRIMEIRO GRAU CAMILA MARIA DOS SANTOS", "nm_mun": "BOM CONSELHO", "aptos": 465, "imp": 0}}, {"type": "Feature", "geometry": {"type": "Point", "coordinates": [-36.683337, -9.166653]}, "properties": {"i": 442, "mun": 23418, "ibge": 2602100, "z": 61, "l": 1201, "nm": "ESCOLA MUNICIPAL SAO GERALDO", "nm_mun": "BOM CONSELHO", "aptos": 4126, "imp": 0}}, {"type": "Feature", "geometry": {"type": "Point", "coordinates": [-36.685011, -9.173362]}, "properties": {"i": 443, "mun": 23418, "ibge": 2602100, "z": 61, "l": 1210, "nm": "ESCOLA JOSÉ PEDRO DA SILVA", "nm_mun": "BOM CONSELHO", "aptos": 1569, "imp": 0}}, {"type": "Feature", "geometry": {"type": "Point", "coordinates": [-39.933606, -7.778473]}, "properties": {"i": 444, "mun": 23418, "ibge": 2602100, "z": 61, "l": 1236, "nm": "EDUCANDÁRIO MENINO JESUS DE PRAGA", "nm_mun": "BOM CONSELHO", "aptos": 2690, "imp": 1}}, {"type": "Feature", "geometry": {"type": "Point", "coordinates": [-40.083157, -7.884822]}, "properties": {"i": 445, "mun": 23418, "ibge": 2602100, "z": 61, "l": 1279, "nm": "CENTRO INFANTIL MARIA MARLUCIA CORREIA FERRO", "nm_mun": "BOM CONSELHO", "aptos": 1680, "imp": 1}}, {"type": "Feature", "geometry": {"type": "Point", "coordinates": [-35.594599, -7.791724]}, "properties": {"i": 446, "mun": 23434, "ibge": 2602209, "z": 33, "l": 1023, "nm": "ESCOLA DR MOTA SILVEIRA", "nm_mun": "BOM JARDIM", "aptos": 2998, "imp": 0}}, {"type": "Feature", "geometry": {"type": "Point", "coordinates": [-35.594004, -7.792605]}, "properties": {"i": 447, "mun": 23434, "ibge": 2602209, "z": 33, "l": 1031, "nm": "GINASIO 19 DE JULHO", "nm_mun": "BOM JARDIM", "aptos": 2498, "imp": 0}}, {"type": "Feature", "geometry": {"type": "Point", "coordinates": [-35.590367, -7.793447]}, "properties": {"i": 448, "mun": 23434, "ibge": 2602209, "z": 33, "l": 1066, "nm": "ESCOLA MARIANA RUFINO RIBEIRO", "nm_mun": "BOM JARDIM", "aptos": 1484, "imp": 0}}, {"type": "Feature", "geometry": {"type": "Point", "coordinates": [-35.510314, -7.765712]}, "properties": {"i": 449, "mun": 23434, "ibge": 2602209, "z": 33, "l": 1074, "nm": "ESCOLA JOSEFA ADELINA DA SILVA", "nm_mun": "BOM JARDIM", "aptos": 1229, "imp": 0}}, {"type": "Feature", "geometry": {"type": "Point", "coordinates": [-35.510314, -7.765712]}, "properties": {"i": 450, "mun": 23434, "ibge": 2602209, "z": 33, "l": 1104, "nm": "ESCOLA PROF JOSEFA COLETA", "nm_mun": "BOM JARDIM", "aptos": 576, "imp": 1}}, {"type": "Feature", "geometry": {"type": "Point", "coordinates": [-35.651923, -7.831384]}, "properties": {"i": 451, "mun": 23434, "ibge": 2602209, "z": 33, "l": 1120, "nm": "ESCOLA DO 1 E 2 GRAUS DR. MOACYR BRENO SOUTO MAIOR", "nm_mun": "BOM JARDIM", "aptos": 2801, "imp": 0}}, {"type": "Feature", "geometry": {"type": "Point", "coordinates": [-35.484217, -7.76183]}, "properties": {"i": 452, "mun": 23434, "ibge": 2602209, "z": 33, "l": 1147, "nm": "ESCOLA JOAO DE MOURA CAVALCANTI", "nm_mun": "BOM JARDIM", "aptos": 1785, "imp": 0}}, {"type": "Feature", "geometry": {"type": "Point", "coordinates": [-35.672077, -7.779604]}, "properties": {"i": 453, "mun": 23434, "ibge": 2602209, "z": 33, "l": 1171, "nm": "ANEXO DA ESCOLA EUTIMIO DE SOUZA CABRAL", "nm_mun": "BOM JARDIM", "aptos": 281, "imp": 0}}, {"type": "Feature", "geometry": {"type": "Point", "coordinates": [-35.672944, -7.781213]}, "properties": {"i": 454, "mun": 23434, "ibge": 2602209, "z": 33, "l": 1198, "nm": "ESCOLA EUTIMIO DE SOUZA CABRAL", "nm_mun": "BOM JARDIM", "aptos": 2385, "imp": 0}}, {"type": "Feature", "geometry": {"type": "Point", "coordinates": [-35.59011, -7.798925]}, "properties": {"i": 455, "mun": 23434, "ibge": 2602209, "z": 33, "l": 1210, "nm": "ESCOLA RAIMUNDO HONORIO", "nm_mun": "BOM JARDIM", "aptos": 2836, "imp": 0}}, {"type": "Feature", "geometry": {"type": "Point", "coordinates": [-35.651685, -7.832376]}, "properties": {"i": 456, "mun": 23434, "ibge": 2602209, "z": 33, "l": 1236, "nm": "ESCOLA JUSTULINO FERREIRA GOMES", "nm_mun": "BOM JARDIM", "aptos": 1981, "imp": 0}}, {"type": "Feature", "geometry": {"type": "Point", "coordinates": [-35.560098, -7.811215]}, "properties": {"i": 457, "mun": 23434, "ibge": 2602209, "z": 33, "l": 1260, "nm": "GRUPO ESCOLAR FRANCISCO AUSTERLIANO CORREIA DE CASTRO", "nm_mun": "BOM JARDIM", "aptos": 1148, "imp": 0}}, {"type": "Feature", "geometry": {"type": "Point", "coordinates": [-35.565858, -7.767187]}, "properties": {"i": 458, "mun": 23434, "ibge": 2602209, "z": 33, "l": 1287, "nm": "ESCOLA PROFESSOR JOSE EMERENCIO BARROSO", "nm_mun": "BOM JARDIM", "aptos": 1120, "imp": 0}}, {"type": "Feature", "geometry": {"type": "Point", "coordinates": [-35.632427, -7.836647]}, "properties": {"i": 459, "mun": 23434, "ibge": 2602209, "z": 33, "l": 1295, "nm": "ESCOLA ROSA MARIA DA MOTA SILVEIRA", "nm_mun": "BOM JARDIM", "aptos": 725, "imp": 0}}, {"type": "Feature", "geometry": {"type": "Point", "coordinates": [-35.482679, -7.782658]}, "properties": {"i": 460, "mun": 23434, "ibge": 2602209, "z": 33, "l": 1392, "nm": "ESCOLA SEVERINO CHAVES DA SILVA", "nm_mun": "BOM JARDIM", "aptos": 728, "imp": 0}}, {"type": "Feature", "geometry": {"type": "Point", "coordinates": [-35.604639, -7.834117]}, "properties": {"i": 461, "mun": 23434, "ibge": 2602209, "z": 33, "l": 1430, "nm": "ESCOLA JOSÉ OLIVAR F. BORGES", "nm_mun": "BOM JARDIM", "aptos": 1593, "imp": 0}}, {"type": "Feature", "geometry": {"type": "Point", "coordinates": [-35.569275, -7.759045]}, "properties": {"i": 462, "mun": 23434, "ibge": 2602209, "z": 33, "l": 1457, "nm": "ESCOLA MÍNIMA RURAL DO FEIJÃO", "nm_mun": "BOM JARDIM", "aptos": 600, "imp": 0}}, {"type": "Feature", "geometry": {"type": "Point", "coordinates": [-35.591127, -7.793114]}, "properties": {"i": 463, "mun": 23434, "ibge": 2602209, "z": 33, "l": 1465, "nm": "ESCOLA MUNICIPAL TEREZINHA BARBOSA DA COSTA E SILVA", "nm_mun": "BOM JARDIM", "aptos": 2854, "imp": 0}}, {"type": "Feature", "geometry": {"type": "Point", "coordinates": [-35.733424, -8.47342]}, "properties": {"i": 464, "mun": 23434, "ibge": 2602209, "z": 33, "l": 1481, "nm": "ESCOLA MARIA FARIAS DE ALBUQUERQUE", "nm_mun": "BOM JARDIM", "aptos": 1069, "imp": 1}}, {"type": "Feature", "geometry": {"type": "Point", "coordinates": [-35.726295, -8.472672]}, "properties": {"i": 465, "mun": 23450, "ibge": 2602308, "z": 39, "l": 1058, "nm": "COLÉGIO NOSSA SENHORA DA CONCEIÇÃO", "nm_mun": "BONITO", "aptos": 2410, "imp": 0}}, {"type": "Feature", "geometry": {"type": "Point", "coordinates": [-35.730897, -8.475625]}, "properties": {"i": 466, "mun": 23450, "ibge": 2602308, "z": 39, "l": 1066, "nm": "COLÉGIO MUNICIPAL PAULO VIANA DE QUEIROZ", "nm_mun": "BONITO", "aptos": 3951, "imp": 0}}, {"type": "Feature", "geometry": {"type": "Point", "coordinates": [-35.730353, -8.467791]}, "properties": {"i": 467, "mun": 23450, "ibge": 2602308, "z": 39, "l": 1120, "nm": "ESCOLA DR. ALEXANDRINO DA ROCHA", "nm_mun": "BONITO", "aptos": 4552, "imp": 0}}, {"type": "Feature", "geometry": {"type": "Point", "coordinates": [-35.727939, -8.469434]}, "properties": {"i": 468, "mun": 23450, "ibge": 2602308, "z": 39, "l": 1147, "nm": "CRECHE MUNICIPAL TIA LÓ", "nm_mun": "BONITO", "aptos": 1010, "imp": 0}}, {"type": "Feature", "geometry": {"type": "Point", "coordinates": [-35.638481, -8.549685]}, "properties": {"i": 469, "mun": 23450, "ibge": 2602308, "z": 39, "l": 1155, "nm": "GRUPO ESCOLAR JOSÉ PIAUILINO DE MELO", "nm_mun": "BONITO", "aptos": 1567, "imp": 0}}, {"type": "Feature", "geometry": {"type": "Point", "coordinates": [-35.719971, -8.394323]}, "properties": {"i": 470, "mun": 23450, "ibge": 2602308, "z": 39, "l": 1163, "nm": "ESCOLA INTERMEDIÁRIA MANOEL DE QUEIROZ LIMA", "nm_mun": "BONITO", "aptos": 525, "imp": 0}}, {"type": "Feature", "geometry": {"type": "Point", "coordinates": [-35.798414, -8.504406]}, "properties": {"i": 471, "mun": 23450, "ibge": 2602308, "z": 39, "l": 1171, "nm": "GRUPO ESCOLAR PAULO VIANA DE QUEIROZ", "nm_mun": "BONITO", "aptos": 899, "imp": 0}}, {"type": "Feature", "geometry": {"type": "Point", "coordinates": [-35.729564, -8.471382]}, "properties": {"i": 472, "mun": 23450, "ibge": 2602308, "z": 39, "l": 1244, "nm": "SECRETARIA MUNICIPAL DE DESENVOLVIMENTO SOCIAL E CIDADANIA", "nm_mun": "BONITO", "aptos": 908, "imp": 0}}, {"type": "Feature", "geometry": {"type": "Point", "coordinates": [-35.739311, -8.472674]}, "properties": {"i": 473, "mun": 23450, "ibge": 2602308, "z": 39, "l": 1252, "nm": "CENTRO SOCIAL URBANO", "nm_mun": "BONITO", "aptos": 3220, "imp": 0}}, {"type": "Feature", "geometry": {"type": "Point", "coordinates": [-35.791011, -8.505685]}, "properties": {"i": 474, "mun": 23450, "ibge": 2602308, "z": 39, "l": 1260, "nm": "ESCOLA INTERMEDIÁRIA JOÃO XXIII", "nm_mun": "BONITO", "aptos": 3653, "imp": 0}}, {"type": "Feature", "geometry": {"type": "Point", "coordinates": [-35.733424, -8.47342]}, "properties": {"i": 475, "mun": 23450, "ibge": 2602308, "z": 39, "l": 1287, "nm": "ESCOLA PADRE JOSÉ AUGUSTO", "nm_mun": "BONITO", "aptos": 1587, "imp": 0}}, {"type": "Feature", "geometry": {"type": "Point", "coordinates": [-35.734567, -8.474983]}, "properties": {"i": 476, "mun": 23450, "ibge": 2602308, "z": 39, "l": 1317, "nm": "ESCOLA ARTUR TAVARES DE MELO", "nm_mun": "BONITO", "aptos": 2493, "imp": 0}}, {"type": "Feature", "geometry": {"type": "Point", "coordinates": [-35.732208, -8.470572]}, "properties": {"i": 477, "mun": 23450, "ibge": 2602308, "z": 39, "l": 1406, "nm": "ESCOLA ZÉ CARIOCA", "nm_mun": "BONITO", "aptos": 2574, "imp": 0}}, {"type": "Feature", "geometry": {"type": "Point", "coordinates": [-35.594004, -7.792605]}, "properties": {"i": 478, "mun": 23450, "ibge": 2602308, "z": 39, "l": 1465, "nm": "SECRETARIA MUNICIPAL DE EDUCAÇÃO E CULTURA", "nm_mun": "BONITO", "aptos": 1422, "imp": 1}}, {"type": "Feature", "geometry": {"type": "Point", "coordinates": [-36.511626, -9.015401]}, "properties": {"i": 479, "mun": 23477, "ibge": 2602407, "z": 92, "l": 1015, "nm": "ESCOLA JOÃO CABRAL DA SILVA FILHO", "nm_mun": "BREJÃO", "aptos": 601, "imp": 0}}, {"type": "Feature", "geometry": {"type": "Point", "coordinates": [-36.566105, -9.028455]}, "properties": {"i": 480, "mun": 23477, "ibge": 2602407, "z": 92, "l": 1023, "nm": "CAMARA DOS VEREADORES DE BREJÃO", "nm_mun": "BREJÃO", "aptos": 311, "imp": 0}}, {"type": "Feature", "geometry": {"type": "Point", "coordinates": [-36.568402, -9.028773]}, "properties": {"i": 481, "mun": 23477, "ibge": 2602407, "z": 92, "l": 1066, "nm": "ESCOLA PROFESSORA ISMENIA LEMOS VANDERLEY", "nm_mun": "BREJÃO", "aptos": 3558, "imp": 0}}, {"type": "Feature", "geometry": {"type": "Point", "coordinates": [-36.566918, -9.029607]}, "properties": {"i": 482, "mun": 23477, "ibge": 2602407, "z": 92, "l": 1147, "nm": "ESCOLA PROFESSORA MARIA PINTO SOUTO DOS SANTOS", "nm_mun": "BREJÃO", "aptos": 923, "imp": 0}}, {"type": "Feature", "geometry": {"type": "Point", "coordinates": [-36.566012, -9.029331]}, "properties": {"i": 483, "mun": 23477, "ibge": 2602407, "z": 92, "l": 1236, "nm": "ESCOLA DULCE MARIA DA CONCEIÇÃO", "nm_mun": "BREJÃO", "aptos": 2001, "imp": 0}}, {"type": "Feature", "geometry": {"type": "Point", "coordinates": [-36.566223, -9.029277]}, "properties": {"i": 484, "mun": 23477, "ibge": 2602407, "z": 92, "l": 1279, "nm": "SECRETARIA DE EDUCAÇÃO", "nm_mun": "BREJÃO", "aptos": 270, "imp": 0}}, {"type": "Feature", "geometry": {"type": "Point", "coordinates": [-36.567154, -9.029123]}, "properties": {"i": 485, "mun": 23477, "ibge": 2602407, "z": 92, "l": 1317, "nm": "ESCOLA MIRNA MARIA CALADO TENÓRIO", "nm_mun": "BREJÃO", "aptos": 1722, "imp": 0}}, {"type": "Feature", "geometry": {"type": "Point", "coordinates": [-37.681111, -7.666557]}, "properties": {"i": 486, "mun": 23477, "ibge": 2602407, "z": 92, "l": 1333, "nm": "CRECHE ELISABETE FIRMA DE SANTANA", "nm_mun": "BREJÃO", "aptos": 324, "imp": 1}}, {"type": "Feature", "geometry": {"type": "Point", "coordinates": [-37.285823, -7.348921]}, "properties": {"i": 487, "mun": 23493, "ibge": 2602506, "z": 99, "l": 1015, "nm": "ESCOLA MUNICIPAL SÃO SEBASTIÃO", "nm_mun": "BREJINHO", "aptos": 5585, "imp": 0}}, {"type": "Feature", "geometry": {"type": "Point", "coordinates": [-37.286984, -7.341197]}, "properties": {"i": 488, "mun": 23493, "ibge": 2602506, "z": 99, "l": 1023, "nm": "ESC. REF. ENS. MÉDIO-EREM JOSÉ SEVERINO DE ARAÚJO", "nm_mun": "BREJINHO", "aptos": 2239, "imp": 0}}, {"type": "Feature", "geometry": {"type": "Point", "coordinates": [-36.374174, -8.144816]}, "properties": {"i": 489, "mun": 23515, "ibge": 2602605, "z": 54, "l": 1015, "nm": "ESCOLA ANDRÉ CORDEIRO", "nm_mun": "BREJO DA MADRE DE DEUS", "aptos": 5121, "imp": 0}}, {"type": "Feature", "geometry": {"type": "Point", "coordinates": [-36.369449, -8.144624]}, "properties": {"i": 490, "mun": 23515, "ibge": 2602605, "z": 54, "l": 1031, "nm": "ESCOLA MUNICIPAL MARIA DA GLÓRIA OLIVEIRA AGUIAR", "nm_mun": "BREJO DA MADRE DE DEUS", "aptos": 3163, "imp": 0}}, {"type": "Feature", "geometry": {"type": "Point", "coordinates": [-36.191117, -8.174848]}, "properties": {"i": 491, "mun": 23515, "ibge": 2602605, "z": 54, "l": 1058, "nm": "ESCOLA MUNICIPAL EPAMINONDAS MENDONÇA", "nm_mun": "BREJO DA MADRE DE DEUS", "aptos": 1655, "imp": 0}}, {"type": "Feature", "geometry": {"type": "Point", "coordinates": [-36.368465, -8.146456]}, "properties": {"i": 492, "mun": 23515, "ibge": 2602605, "z": 54, "l": 1066, "nm": "ESCOLA JOSÉ INÁCIO CAVALCANTI DA SILVA", "nm_mun": "BREJO DA MADRE DE DEUS", "aptos": 4384, "imp": 0}}, {"type": "Feature", "geometry": {"type": "Point", "coordinates": [-36.308594, -8.045324]}, "properties": {"i": 493, "mun": 23515, "ibge": 2602605, "z": 54, "l": 1074, "nm": "ESCOLA MUNICIPAL JOSÉ BONIFÁCIO", "nm_mun": "BREJO DA MADRE DE DEUS", "aptos": 399, "imp": 0}}, {"type": "Feature", "geometry": {"type": "Point", "coordinates": [-36.386394, -8.090724]}, "properties": {"i": 494, "mun": 23515, "ibge": 2602605, "z": 54, "l": 1082, "nm": "ESCOLA MUNICIPAL JOAQUIM NABUCO", "nm_mun": "BREJO DA MADRE DE DEUS", "aptos": 265, "imp": 0}}, {"type": "Feature", "geometry": {"type": "Point", "coordinates": [-36.351374, -8.112704]}, "properties": {"i": 495, "mun": 23515, "ibge": 2602605, "z": 54, "l": 1090, "nm": "ESCOLA MUNICIPAL GUSTAVO MARINHO FALCÃO", "nm_mun": "BREJO DA MADRE DE DEUS", "aptos": 482, "imp": 0}}, {"type": "Feature", "geometry": {"type": "Point", "coordinates": [-36.336329, -8.099995]}, "properties": {"i": 496, "mun": 23515, "ibge": 2602605, "z": 54, "l": 1104, "nm": "ESCOLA MUNICIPAL FORTUNATO ROSA DOS SANTOS", "nm_mun": "BREJO DA MADRE DE DEUS", "aptos": 271, "imp": 0}}, {"type": "Feature", "geometry": {"type": "Point", "coordinates": [-36.183679, -8.065868]}, "properties": {"i": 497, "mun": 23515, "ibge": 2602605, "z": 54, "l": 1112, "nm": "ESCOLA MUNICIPAL GONÇALVES DIAS", "nm_mun": "BREJO DA MADRE DE DEUS", "aptos": 459, "imp": 0}}, {"type": "Feature", "geometry": {"type": "Point", "coordinates": [-36.30109, -8.132472]}, "properties": {"i": 498, "mun": 23515, "ibge": 2602605, "z": 54, "l": 1120, "nm": "ESCOLA MUNICIPAL ORESTES DE FREITAS", "nm_mun": "BREJO DA MADRE DE DEUS", "aptos": 886, "imp": 0}}, {"type": "Feature", "geometry": {"type": "Point", "coordinates": [-36.224718, -8.094495]}, "properties": {"i": 499, "mun": 23515, "ibge": 2602605, "z": 54, "l": 1147, "nm": "ESCOLA MUNICIPAL PEREIRA DA COSTA", "nm_mun": "BREJO DA MADRE DE DEUS", "aptos": 1478, "imp": 0}}, {"type": "Feature", "geometry": {"type": "Point", "coordinates": [-36.210246, -7.961431]}, "properties": {"i": 500, "mun": 23515, "ibge": 2602605, "z": 54, "l": 1155, "nm": "ESCOLA MUNICIPAL SÃO DOMINGOS", "nm_mun": "BREJO DA MADRE DE DEUS", "aptos": 5131, "imp": 0}}, {"type": "Feature", "geometry": {"type": "Point", "coordinates": [-36.345263, -8.055259]}, "properties": {"i": 501, "mun": 23515, "ibge": 2602605, "z": 54, "l": 1163, "nm": "ESCOLA MUNICIPAL ARTUR LEONEL DE CASTRO", "nm_mun": "BREJO DA MADRE DE DEUS", "aptos": 625, "imp": 0}}, {"type": "Feature", "geometry": {"type": "Point", "coordinates": [-36.192257, -8.193515]}, "properties": {"i": 502, "mun": 23515, "ibge": 2602605, "z": 54, "l": 1171, "nm": "ESCOLA MUNICIPAL JOÃO BERNARDO FILHO", "nm_mun": "BREJO DA MADRE DE DEUS", "aptos": 448, "imp": 0}}, {"type": "Feature", "geometry": {"type": "Point", "coordinates": [-36.200692, -8.177156]}, "properties": {"i": 503, "mun": 23515, "ibge": 2602605, "z": 54, "l": 1180, "nm": "ESCOLA MUNICIPAL DR. FÁBIO CORREA", "nm_mun": "BREJO DA MADRE DE DEUS", "aptos": 2134, "imp": 0}}, {"type": "Feature", "geometry": {"type": "Point", "coordinates": [-36.283201, -8.136644]}, "properties": {"i": 504, "mun": 23515, "ibge": 2602605, "z": 54, "l": 1198, "nm": "ESCOLA MUNICIPAL DR. PAULO GUERRA", "nm_mun": "BREJO DA MADRE DE DEUS", "aptos": 681, "imp": 0}}, {"type": "Feature", "geometry": {"type": "Point", "coordinates": [-36.380401, -8.068921]}, "properties": {"i": 505, "mun": 23515, "ibge": 2602605, "z": 54, "l": 1201, "nm": "ESCOLA MUNICIPAL NOSSA SENHORA DO DESTERRO", "nm_mun": "BREJO DA MADRE DE DEUS", "aptos": 559, "imp": 0}}, {"type": "Feature", "geometry": {"type": "Point", "coordinates": [-36.383563, -8.174788]}, "properties": {"i": 506, "mun": 23515, "ibge": 2602605, "z": 54, "l": 1236, "nm": "ESCOLA MUNICIPAL ANTÔNIO SEVERINO DOS PRAZERES", "nm_mun": "BREJO DA MADRE DE DEUS", "aptos": 622, "imp": 0}}, {"type": "Feature", "geometry": {"type": "Point", "coordinates": [-36.416755, -8.2139]}, "properties": {"i": 507, "mun": 23515, "ibge": 2602605, "z": 54, "l": 1244, "nm": "ESCOLA MUNICIPAL ARTUR DE SOUZA LIMA", "nm_mun": "BREJO DA MADRE DE DEUS", "aptos": 244, "imp": 0}}, {"type": "Feature", "geometry": {"type": "Point", "coordinates": [-36.417946, -8.174258]}, "properties": {"i": 508, "mun": 23515, "ibge": 2602605, "z": 54, "l": 1252, "nm": "ESCOLA MUNICIPAL JOÃO FRANCISCO DE OLIVEIRA", "nm_mun": "BREJO DA MADRE DE DEUS", "aptos": 244, "imp": 0}}, {"type": "Feature", "geometry": {"type": "Point", "coordinates": [-36.424726, -8.103348]}, "properties": {"i": 509, "mun": 23515, "ibge": 2602605, "z": 54, "l": 1260, "nm": "ESCOLA MUNICIPAL JOSE BATISTA DA SILVA", "nm_mun": "BREJO DA MADRE DE DEUS", "aptos": 367, "imp": 0}}, {"type": "Feature", "geometry": {"type": "Point", "coordinates": [-36.21608, -8.03496]}, "properties": {"i": 510, "mun": 23515, "ibge": 2602605, "z": 54, "l": 1279, "nm": "ESCOLA MUNICIPAL EMÍLIA ENEDINA BATISTA SILVA", "nm_mun": "BREJO DA MADRE DE DEUS", "aptos": 426, "imp": 0}}, {"type": "Feature", "geometry": {"type": "Point", "coordinates": [-36.267705, -8.048735]}, "properties": {"i": 511, "mun": 23515, "ibge": 2602605, "z": 54, "l": 1287, "nm": "ESCOLA MUNICIPAL RAIMUNDO ANTONIO DE ARAUJO", "nm_mun": "BREJO DA MADRE DE DEUS", "aptos": 282, "imp": 0}}, {"type": "Feature", "geometry": {"type": "Point", "coordinates": [-36.305588, -8.136272]}, "properties": {"i": 512, "mun": 23515, "ibge": 2602605, "z": 54, "l": 1295, "nm": "ESCOLA MUNICIPAL CÔNEGO LIRA", "nm_mun": "BREJO DA MADRE DE DEUS", "aptos": 436, "imp": 0}}, {"type": "Feature", "geometry": {"type": "Point", "coordinates": [-36.213769, -7.963511]}, "properties": {"i": 513, "mun": 23515, "ibge": 2602605, "z": 54, "l": 1350, "nm": "ESCOLA MUNICIPAL SANTA MARIA", "nm_mun": "BREJO DA MADRE DE DEUS", "aptos": 2745, "imp": 0}}, {"type": "Feature", "geometry": {"type": "Point", "coordinates": [-35.550969, -7.852112]}, "properties": {"i": 514, "mun": 23515, "ibge": 2602605, "z": 54, "l": 1406, "nm": "ESCOLA MUNICIPAL BENEDITO DE SOUZA DANTAS", "nm_mun": "BREJO DA MADRE DE DEUS", "aptos": 229, "imp": 1}}, {"type": "Feature", "geometry": {"type": "Point", "coordinates": [-37.826619, -8.901845]}, "properties": {"i": 515, "mun": 23515, "ibge": 2602605, "z": 54, "l": 1414, "nm": "ESCOLA MUNICIPAL GERALDA CATANHA", "nm_mun": "BREJO DA MADRE DE DEUS", "aptos": 2558, "imp": 1}}, {"type": "Feature", "geometry": {"type": "Point", "coordinates": [-35.327322, -7.723855]}, "properties": {"i": 516, "mun": 23531, "ibge": 2602704, "z": 23, "l": 1015, "nm": "ESCOLA REUNIDAS ANTÔNIO GOMES DE ARAÚJO PEREIRA", "nm_mun": "BUENOS AIRES", "aptos": 3460, "imp": 0}}, {"type": "Feature", "geometry": {"type": "Point", "coordinates": [-35.327119, -7.727101]}, "properties": {"i": 517, "mun": 23531, "ibge": 2602704, "z": 23, "l": 1023, "nm": "ESCOLA LAURINDO GOMES", "nm_mun": "BUENOS AIRES", "aptos": 2188, "imp": 0}}, {"type": "Feature", "geometry": {"type": "Point", "coordinates": [-35.384778, -7.755668]}, "properties": {"i": 518, "mun": 23531, "ibge": 2602704, "z": 23, "l": 1040, "nm": "GRUPO ESCOLAR AMÁLIA DE ARAÚJO JUREMA", "nm_mun": "BUENOS AIRES", "aptos": 934, "imp": 0}}, {"type": "Feature", "geometry": {"type": "Point", "coordinates": [-35.384979, -7.755818]}, "properties": {"i": 519, "mun": 23531, "ibge": 2602704, "z": 23, "l": 1058, "nm": "GRUPO ESCOLAR JOSÉ VIEIRA DE MELO", "nm_mun": "BUENOS AIRES", "aptos": 1225, "imp": 0}}, {"type": "Feature", "geometry": {"type": "Point", "coordinates": [-35.327264, -7.720075]}, "properties": {"i": 520, "mun": 23531, "ibge": 2602704, "z": 23, "l": 1074, "nm": "ESCOLA PROFESSOR JAIME COELHO", "nm_mun": "BUENOS AIRES", "aptos": 3959, "imp": 0}}, {"type": "Feature", "geometry": {"type": "Point", "coordinates": [-35.854815, -8.137658]}, "properties": {"i": 521, "mun": 23531, "ibge": 2602704, "z": 23, "l": 1090, "nm": "ESCOLA MUNICIPAL PROFESSORA SEVERINA MARIA DA SILVA", "nm_mun": "BUENOS AIRES", "aptos": 248, "imp": 1}}, {"type": "Feature", "geometry": {"type": "Point", "coordinates": [-37.148815, -8.621061]}, "properties": {"i": 522, "mun": 23558, "ibge": 2602803, "z": 60, "l": 1040, "nm": "ESCOLA MUNICIPAL DR. JOSE CURSINO GALVAO", "nm_mun": "BUÍQUE", "aptos": 2766, "imp": 0}}, {"type": "Feature", "geometry": {"type": "Point", "coordinates": [-37.039709, -8.77027]}, "properties": {"i": 523, "mun": 23558, "ibge": 2602803, "z": 60, "l": 1058, "nm": "ESCOLA MUNICIPAL MAJOR LUIS DE FRANCA", "nm_mun": "BUÍQUE", "aptos": 1250, "imp": 0}}, {"type": "Feature", "geometry": {"type": "Point", "coordinates": [-37.151451, -8.622378]}, "properties": {"i": 524, "mun": 23558, "ibge": 2602803, "z": 60, "l": 1066, "nm": "ESCOLA DUQUE DE CAXIAS", "nm_mun": "BUÍQUE", "aptos": 5127, "imp": 0}}, {"type": "Feature", "geometry": {"type": "Point", "coordinates": [-37.160135, -8.625245]}, "properties": {"i": 525, "mun": 23558, "ibge": 2602803, "z": 60, "l": 1082, "nm": "ESCOLA  VIGARIO JOAO INACIO", "nm_mun": "BUÍQUE", "aptos": 4365, "imp": 0}}, {"type": "Feature", "geometry": {"type": "Point", "coordinates": [-37.159355, -8.623813]}, "properties": {"i": 526, "mun": 23558, "ibge": 2602803, "z": 60, "l": 1104, "nm": "ESCOLA MUNICIPAL ENGENHEIRO KLAYSSON DE FREITAS ARAÚJO", "nm_mun": "BUÍQUE", "aptos": 5509, "imp": 0}}, {"type": "Feature", "geometry": {"type": "Point", "coordinates": [-37.249978, -8.591784]}, "properties": {"i": 527, "mun": 23558, "ibge": 2602803, "z": 60, "l": 1171, "nm": "ESCOLA ANTONIO DE BARROS SAMPAIO", "nm_mun": "BUÍQUE", "aptos": 4224, "imp": 0}}, {"type": "Feature", "geometry": {"type": "Point", "coordinates": [-37.028226, -8.648897]}, "properties": {"i": 528, "mun": 23558, "ibge": 2602803, "z": 60, "l": 1198, "nm": "ESCOLA ANALIA SIMOES", "nm_mun": "BUÍQUE", "aptos": 4749, "imp": 0}}, {"type": "Feature", "geometry": {"type": "Point", "coordinates": [-37.067839, -8.671339]}, "properties": {"i": 529, "mun": 23558, "ibge": 2602803, "z": 60, "l": 1228, "nm": "ESCOLA MUNICIPAL JULIO MONTEIRO", "nm_mun": "BUÍQUE", "aptos": 1766, "imp": 0}}, {"type": "Feature", "geometry": {"type": "Point", "coordinates": [-37.155666, -8.615169]}, "properties": {"i": 530, "mun": 23558, "ibge": 2602803, "z": 60, "l": 1236, "nm": "ESCOLA SAO FELIX DE CANTALICE", "nm_mun": "BUÍQUE", "aptos": 2766, "imp": 0}}, {"type": "Feature", "geometry": {"type": "Point", "coordinates": [-37.083933, -8.565891]}, "properties": {"i": 531, "mun": 23558, "ibge": 2602803, "z": 60, "l": 1244, "nm": "ESCOLA MUNICIPAL JOSE INACIO DE FREITAS", "nm_mun": "BUÍQUE", "aptos": 691, "imp": 0}}, {"type": "Feature", "geometry": {"type": "Point", "coordinates": [-37.125777, -8.534878]}, "properties": {"i": 532, "mun": 23558, "ibge": 2602803, "z": 60, "l": 1368, "nm": "ESCOLA MUNICIPAL MANOEL BENICIO DE SIQUEIRA - ESCOLA NOVA", "nm_mun": "BUÍQUE", "aptos": 4221, "imp": 0}}, {"type": "Feature", "geometry": {"type": "Point", "coordinates": [-37.158368, -8.614307]}, "properties": {"i": 533, "mun": 23558, "ibge": 2602803, "z": 60, "l": 1384, "nm": "CENTRO DE ATIVIDADES SESC LER", "nm_mun": "BUÍQUE", "aptos": 1180, "imp": 0}}, {"type": "Feature", "geometry": {"type": "Point", "coordinates": [-37.200531, -8.46712]}, "properties": {"i": 534, "mun": 23558, "ibge": 2602803, "z": 60, "l": 1422, "nm": "ESCOLA MUNICIPAL DO SOBRADO", "nm_mun": "BUÍQUE", "aptos": 233, "imp": 0}}, {"type": "Feature", "geometry": {"type": "Point", "coordinates": [-37.158899, -8.615649]}, "properties": {"i": 535, "mun": 23558, "ibge": 2602803, "z": 60, "l": 1465, "nm": "ESCOLA TÉCNICA JORNALISTA CYL GALINDO", "nm_mun": "BUÍQUE", "aptos": 2246, "imp": 0}}, {"type": "Feature", "geometry": {"type": "Point", "coordinates": [-37.155375, -8.62245]}, "properties": {"i": 536, "mun": 23558, "ibge": 2602803, "z": 60, "l": 1490, "nm": "SECRETARIA DE AÇÃO SOCIAL", "nm_mun": "BUÍQUE", "aptos": 756, "imp": 0}}, {"type": "Feature", "geometry": {"type": "Point", "coordinates": [-37.15847, -8.624503]}, "properties": {"i": 537, "mun": 23558, "ibge": 2602803, "z": 60, "l": 1503, "nm": "ESCOLA MUNICIPAL CRECHE IRMÃ ÓDILA MAROJA", "nm_mun": "BUÍQUE", "aptos": 773, "imp": 0}}, {"type": "Feature", "geometry": {"type": "Point", "coordinates": [-35.038187, -8.28591]}, "properties": {"i": 538, "mun": 23574, "ibge": 2602902, "z": 15, "l": 1015, "nm": "ESCOLA TÉCNICA ESTADUAL LUIZ ALVES LACERDA", "nm_mun": "CABO DE SANTO AGOSTINHO", "aptos": 4200, "imp": 0}}, {"type": "Feature", "geometry": {"type": "Point", "coordinates": [-35.035054, -8.284689]}, "properties": {"i": 539, "mun": 23574, "ibge": 2602902, "z": 15, "l": 1031, "nm": "ESCOLA COGNIÇÃO", "nm_mun": "CABO DE SANTO AGOSTINHO", "aptos": 3166, "imp": 0}}, {"type": "Feature", "geometry": {"type": "Point", "coordinates": [-35.030828, -8.281688]}, "properties": {"i": 540, "mun": 23574, "ibge": 2602902, "z": 15, "l": 1040, "nm": "ESCOLA ESTADUAL MADRE IVA BEZERRA DE ARAUJO", "nm_mun": "CABO DE SANTO AGOSTINHO", "aptos": 1775, "imp": 0}}, {"type": "Feature", "geometry": {"type": "Point", "coordinates": [-35.032262, -8.281937]}, "properties": {"i": 541, "mun": 23574, "ibge": 2602902, "z": 15, "l": 1082, "nm": "GRUPO ESCOLAR CLAUDIO GUEIROS LEITE", "nm_mun": "CABO DE SANTO AGOSTINHO", "aptos": 1432, "imp": 0}}, {"type": "Feature", "geometry": {"type": "Point", "coordinates": [-35.030862, -8.280725]}, "properties": {"i": 542, "mun": 23574, "ibge": 2602902, "z": 15, "l": 1090, "nm": "ESCOLA TÉCNICA ESTADUAL EPITACIO PESSOA", "nm_mun": "CABO DE SANTO AGOSTINHO", "aptos": 2652, "imp": 0}}, {"type": "Feature", "geometry": {"type": "Point", "coordinates": [-35.031165, -8.294035]}, "properties": {"i": 543, "mun": 23574, "ibge": 2602902, "z": 15, "l": 1279, "nm": "ESCOLA JOSE RODRIGUES DE CARVALHO", "nm_mun": "CABO DE SANTO AGOSTINHO", "aptos": 5516, "imp": 0}}, {"type": "Feature", "geometry": {"type": "Point", "coordinates": [-35.028005, -8.29889]}, "properties": {"i": 544, "mun": 23574, "ibge": 2602902, "z": 15, "l": 1287, "nm": "ESCOLA SENADOR F PESSOA DE QUEIROZ", "nm_mun": "CABO DE SANTO AGOSTINHO", "aptos": 3231, "imp": 0}}, {"type": "Feature", "geometry": {"type": "Point", "coordinates": [-35.027959, -8.296056]}, "properties": {"i": 545, "mun": 23574, "ibge": 2602902, "z": 15, "l": 1295, "nm": "ESCOLA MONTEIRO LOBATO", "nm_mun": "CABO DE SANTO AGOSTINHO", "aptos": 3319, "imp": 0}}, {"type": "Feature", "geometry": {"type": "Point", "coordinates": [-35.027645, -8.295762]}, "properties": {"i": 546, "mun": 23574, "ibge": 2602902, "z": 15, "l": 1309, "nm": "ESCOLA PROFESSOR JASON BRANDAO", "nm_mun": "CABO DE SANTO AGOSTINHO", "aptos": 3440, "imp": 0}}, {"type": "Feature", "geometry": {"type": "Point", "coordinates": [-35.037971, -8.299459]}, "properties": {"i": 547, "mun": 23574, "ibge": 2602902, "z": 15, "l": 1317, "nm": "ESCOLA PRESIDENTE TANCREDO NEVES", "nm_mun": "CABO DE SANTO AGOSTINHO", "aptos": 3841, "imp": 0}}, {"type": "Feature", "geometry": {"type": "Point", "coordinates": [-35.061268, -8.299093]}, "properties": {"i": 548, "mun": 23574, "ibge": 2602902, "z": 15, "l": 1333, "nm": "ESCOLA ARISTHEU FIGUEIREDO", "nm_mun": "CABO DE SANTO AGOSTINHO", "aptos": 2043, "imp": 0}}, {"type": "Feature", "geometry": {"type": "Point", "coordinates": [-35.087662, -8.316624]}, "properties": {"i": 549, "mun": 23574, "ibge": 2602902, "z": 15, "l": 1350, "nm": "ESCOLA MINISTRO ANDRE CAVALCANTI", "nm_mun": "CABO DE SANTO AGOSTINHO", "aptos": 2412, "imp": 0}}, {"type": "Feature", "geometry": {"type": "Point", "coordinates": [-35.017119, -8.312891]}, "properties": {"i": 550, "mun": 23574, "ibge": 2602902, "z": 15, "l": 1368, "nm": "ESCOLA MANOEL MARIA CAETANO BOM", "nm_mun": "CABO DE SANTO AGOSTINHO", "aptos": 2333, "imp": 0}}, {"type": "Feature", "geometry": {"type": "Point", "coordinates": [-35.057379, -8.295889]}, "properties": {"i": 551, "mun": 23574, "ibge": 2602902, "z": 15, "l": 1376, "nm": "ESCOLA PANTALEAO JUNIOR", "nm_mun": "CABO DE SANTO AGOSTINHO", "aptos": 3158, "imp": 0}}, {"type": "Feature", "geometry": {"type": "Point", "coordinates": [-35.040957, -8.298965]}, "properties": {"i": 552, "mun": 23574, "ibge": 2602902, "z": 15, "l": 1384, "nm": "ESCOLA RENATO PAULO DE SENA", "nm_mun": "CABO DE SANTO AGOSTINHO", "aptos": 2543, "imp": 0}}, {"type": "Feature", "geometry": {"type": "Point", "coordinates": [-35.034056, -8.293635]}, "properties": {"i": 553, "mun": 23574, "ibge": 2602902, "z": 15, "l": 1422, "nm": "ESCOLA MUNICIPAL VEREADOR EDVALDO MARTINS", "nm_mun": "CABO DE SANTO AGOSTINHO", "aptos": 2307, "imp": 0}}, {"type": "Feature", "geometry": {"type": "Point", "coordinates": [-35.03795, -8.301421]}, "properties": {"i": 554, "mun": 23574, "ibge": 2602902, "z": 15, "l": 1430, "nm": "ESCOLA ARMINIO GUILHERME SANTOS", "nm_mun": "CABO DE SANTO AGOSTINHO", "aptos": 1929, "imp": 0}}, {"type": "Feature", "geometry": {"type": "Point", "coordinates": [-35.062513, -8.30225]}, "properties": {"i": 555, "mun": 23574, "ibge": 2602902, "z": 15, "l": 1449, "nm": "ESCOLA VEREADOR JOAO CIRIACO", "nm_mun": "CABO DE SANTO AGOSTINHO", "aptos": 1614, "imp": 0}}, {"type": "Feature", "geometry": {"type": "Point", "coordinates": [-35.041976, -8.297959]}, "properties": {"i": 556, "mun": 23574, "ibge": 2602902, "z": 15, "l": 1457, "nm": "ESCOLA MADRE IVA BEZERRA DE ARAUJO(MUNICIPAL)", "nm_mun": "CABO DE SANTO AGOSTINHO", "aptos": 2641, "imp": 0}}, {"type": "Feature", "geometry": {"type": "Point", "coordinates": [-35.041061, -8.289907]}, "properties": {"i": 557, "mun": 23574, "ibge": 2602902, "z": 15, "l": 1465, "nm": "ESCOLA PROFESSOR ARIOSTO NUNES MARTINS", "nm_mun": "CABO DE SANTO AGOSTINHO", "aptos": 4536, "imp": 0}}, {"type": "Feature", "geometry": {"type": "Point", "coordinates": [-35.030711, -8.280439]}, "properties": {"i": 558, "mun": 23574, "ibge": 2602902, "z": 15, "l": 1473, "nm": "ESCOLA DR. MARIVALDO BUREGIO DE LIMA", "nm_mun": "CABO DE SANTO AGOSTINHO", "aptos": 1299, "imp": 0}}, {"type": "Feature", "geometry": {"type": "Point", "coordinates": [-35.035585, -8.285381]}, "properties": {"i": 559, "mun": 23574, "ibge": 2602902, "z": 15, "l": 1481, "nm": "ESCOLA LUISA GUERRA", "nm_mun": "CABO DE SANTO AGOSTINHO", "aptos": 3284, "imp": 0}}, {"type": "Feature", "geometry": {"type": "Point", "coordinates": [-35.058172, -8.29644]}, "properties": {"i": 560, "mun": 23574, "ibge": 2602902, "z": 15, "l": 1490, "nm": "ESCOLA MUNICIPAL PADRE ANTONIO MELO", "nm_mun": "CABO DE SANTO AGOSTINHO", "aptos": 4754, "imp": 0}}, {"type": "Feature", "geometry": {"type": "Point", "coordinates": [-35.045192, -8.297768]}, "properties": {"i": 561, "mun": 23574, "ibge": 2602902, "z": 15, "l": 1520, "nm": "ESCOLA PROFESSORA CELMA BARROS CABRAL", "nm_mun": "CABO DE SANTO AGOSTINHO", "aptos": 1448, "imp": 0}}, {"type": "Feature", "geometry": {"type": "Point", "coordinates": [-34.987011, -8.23723]}, "properties": {"i": 562, "mun": 23574, "ibge": 2602902, "z": 121, "l": 1023, "nm": "ESCOLA MUNICIPAL ADMINISTRADOR MANOEL VICTOR", "nm_mun": "CABO DE SANTO AGOSTINHO", "aptos": 1943, "imp": 0}}, {"type": "Feature", "geometry": {"type": "Point", "coordinates": [-34.978598, -8.232815]}, "properties": {"i": 563, "mun": 23574, "ibge": 2602902, "z": 121, "l": 1031, "nm": "ESCOLA MUNICIPAL PROFª MARIA JOSÉ PAIVA", "nm_mun": "CABO DE SANTO AGOSTINHO", "aptos": 2892, "imp": 0}}, {"type": "Feature", "geometry": {"type": "Point", "coordinates": [-34.978125, -8.238322]}, "properties": {"i": 564, "mun": 23574, "ibge": 2602902, "z": 121, "l": 1040, "nm": "ESCOLA MUNICIPAL SENADOR PAULO GUERRA", "nm_mun": "CABO DE SANTO AGOSTINHO", "aptos": 2538, "imp": 0}}, {"type": "Feature", "geometry": {"type": "Point", "coordinates": [-34.979991, -8.23595]}, "properties": {"i": 565, "mun": 23574, "ibge": 2602902, "z": 121, "l": 1066, "nm": "ESCOLA MUNICIPAL PAULO FREIRE", "nm_mun": "CABO DE SANTO AGOSTINHO", "aptos": 1964, "imp": 0}}, {"type": "Feature", "geometry": {"type": "Point", "coordinates": [-34.978217, -8.239797]}, "properties": {"i": 566, "mun": 23574, "ibge": 2602902, "z": 121, "l": 1074, "nm": "ESCOLA ESTADUAL POLIVALENTE EMÍDIO CAVALCANTE", "nm_mun": "CABO DE SANTO AGOSTINHO", "aptos": 6085, "imp": 0}}, {"type": "Feature", "geometry": {"type": "Point", "coordinates": [-34.982221, -8.231593]}, "properties": {"i": 567, "mun": 23574, "ibge": 2602902, "z": 121, "l": 1090, "nm": "ESCOLA MUNICIPAL JOSÉ ALBERTO DE LIMA - EJAL", "nm_mun": "CABO DE SANTO AGOSTINHO", "aptos": 3277, "imp": 0}}, {"type": "Feature", "geometry": {"type": "Point", "coordinates": [-34.985311, -8.238372]}, "properties": {"i": 568, "mun": 23574, "ibge": 2602902, "z": 121, "l": 1104, "nm": "ESCOLA ESTADUAL ZUMBI DOS PALMARES", "nm_mun": "CABO DE SANTO AGOSTINHO", "aptos": 3723, "imp": 0}}, {"type": "Feature", "geometry": {"type": "Point", "coordinates": [-34.964017, -8.220836]}, "properties": {"i": 569, "mun": 23574, "ibge": 2602902, "z": 121, "l": 1139, "nm": "GRUPO ESCOLAR ESTADUAL ANTÔNIO DA SILVA GUIMARÃES", "nm_mun": "CABO DE SANTO AGOSTINHO", "aptos": 3285, "imp": 0}}, {"type": "Feature", "geometry": {"type": "Point", "coordinates": [-34.965065, -8.225858]}, "properties": {"i": 570, "mun": 23574, "ibge": 2602902, "z": 121, "l": 1155, "nm": "GRUPO ESCOLAR MUNICIPAL CONDE DA BOA VISTA", "nm_mun": "CABO DE SANTO AGOSTINHO", "aptos": 2842, "imp": 0}}, {"type": "Feature", "geometry": {"type": "Point", "coordinates": [-35.027099, -8.279734]}, "properties": {"i": 571, "mun": 23574, "ibge": 2602902, "z": 121, "l": 1171, "nm": "ESC. MUNICIPAL CARMENCITA RAMOS", "nm_mun": "CABO DE SANTO AGOSTINHO", "aptos": 2811, "imp": 0}}, {"type": "Feature", "geometry": {"type": "Point", "coordinates": [-35.025176, -8.276244]}, "properties": {"i": 572, "mun": 23574, "ibge": 2602902, "z": 121, "l": 1180, "nm": "FACHUCA", "nm_mun": "CABO DE SANTO AGOSTINHO", "aptos": 2854, "imp": 0}}, {"type": "Feature", "geometry": {"type": "Point", "coordinates": [-35.021124, -8.283058]}, "properties": {"i": 573, "mun": 23574, "ibge": 2602902, "z": 121, "l": 1198, "nm": "ESCOLA MUNIC. PROF. ANTÔNIO BENEDITO DA ROCHA (ESC. MODELO DE GARAPÚ)", "nm_mun": "CABO DE SANTO AGOSTINHO", "aptos": 4761, "imp": 0}}, {"type": "Feature", "geometry": {"type": "Point", "coordinates": [-35.026291, -8.285428]}, "properties": {"i": 574, "mun": 23574, "ibge": 2602902, "z": 121, "l": 1201, "nm": "ESCOLA ESTADUAL PASTOR JOSÉ FLORÊNCIO", "nm_mun": "CABO DE SANTO AGOSTINHO", "aptos": 4235, "imp": 0}}, {"type": "Feature", "geometry": {"type": "Point", "coordinates": [-35.062286, -8.280207]}, "properties": {"i": 575, "mun": 23574, "ibge": 2602902, "z": 121, "l": 1210, "nm": "ESCOLA MUNICIPAL ANA MARIA", "nm_mun": "CABO DE SANTO AGOSTINHO", "aptos": 3943, "imp": 0}}, {"type": "Feature", "geometry": {"type": "Point", "coordinates": [-35.229544, -8.217999]}, "properties": {"i": 576, "mun": 23574, "ibge": 2602902, "z": 121, "l": 1228, "nm": "ESCOLA MUNICIPAL MARQUÊS DO RECIFE", "nm_mun": "CABO DE SANTO AGOSTINHO", "aptos": 2886, "imp": 0}}, {"type": "Feature", "geometry": {"type": "Point", "coordinates": [-34.951127, -8.341546]}, "properties": {"i": 577, "mun": 23574, "ibge": 2602902, "z": 121, "l": 1236, "nm": "ESCOLA MUNICIPAL DESEMBARGADOR JOÃO PAES", "nm_mun": "CABO DE SANTO AGOSTINHO", "aptos": 1985, "imp": 0}}, {"type": "Feature", "geometry": {"type": "Point", "coordinates": [-34.956109, -8.292749]}, "properties": {"i": 578, "mun": 23574, "ibge": 2602902, "z": 121, "l": 1252, "nm": "ESCOLA MUNICIPAL MARIA MADALENA TABOSA LOPES", "nm_mun": "CABO DE SANTO AGOSTINHO", "aptos": 1449, "imp": 0}}, {"type": "Feature", "geometry": {"type": "Point", "coordinates": [-34.958024, -8.35104]}, "properties": {"i": 579, "mun": 23574, "ibge": 2602902, "z": 121, "l": 1260, "nm": "ESCOLA MUNICIPAL RUI BARBOSA", "nm_mun": "CABO DE SANTO AGOSTINHO", "aptos": 2901, "imp": 0}}, {"type": "Feature", "geometry": {"type": "Point", "coordinates": [-35.015294, -8.358241]}, "properties": {"i": 580, "mun": 23574, "ibge": 2602902, "z": 121, "l": 1279, "nm": "ESCOLA MUNICIPAL JOAQUIM NABUCO", "nm_mun": "CABO DE SANTO AGOSTINHO", "aptos": 1745, "imp": 0}}, {"type": "Feature", "geometry": {"type": "Point", "coordinates": [-35.075948, -8.237068]}, "properties": {"i": 581, "mun": 23574, "ibge": 2602902, "z": 121, "l": 1287, "nm": "ESCOLA MUNICIPAL DR. HUMBERTO DA COSTA SOARES", "nm_mun": "CABO DE SANTO AGOSTINHO", "aptos": 1750, "imp": 0}}, {"type": "Feature", "geometry": {"type": "Point", "coordinates": [-35.184484, -8.280649]}, "properties": {"i": 582, "mun": 23574, "ibge": 2602902, "z": 121, "l": 1295, "nm": "ESCOLA MUNICIPAL DR. JOSÉ ROBERTO MONTEIRO", "nm_mun": "CABO DE SANTO AGOSTINHO", "aptos": 820, "imp": 0}}, {"type": "Feature", "geometry": {"type": "Point", "coordinates": [-35.029828, -8.279727]}, "properties": {"i": 583, "mun": 23574, "ibge": 2602902, "z": 121, "l": 1309, "nm": "ESCOLA PARTICULAR PONTUAL", "nm_mun": "CABO DE SANTO AGOSTINHO", "aptos": 2200, "imp": 0}}, {"type": "Feature", "geometry": {"type": "Point", "coordinates": [-34.956343, -8.329637]}, "properties": {"i": 584, "mun": 23574, "ibge": 2602902, "z": 121, "l": 1333, "nm": "ESC. MODELO DE GAIBÚ/ENSEADA (PROF. Mª THAMAR LEITE DA FONSECA)", "nm_mun": "CABO DE SANTO AGOSTINHO", "aptos": 4749, "imp": 0}}, {"type": "Feature", "geometry": {"type": "Point", "coordinates": [-34.993691, -8.237009]}, "properties": {"i": 585, "mun": 23574, "ibge": 2602902, "z": 121, "l": 1341, "nm": "ESCOLA MUNICIPAL DOUGLAS MENEZES DE OLIVEIRA", "nm_mun": "CABO DE SANTO AGOSTINHO", "aptos": 2147, "imp": 0}}, {"type": "Feature", "geometry": {"type": "Point", "coordinates": [-35.152293, -8.278855]}, "properties": {"i": 586, "mun": 23574, "ibge": 2602902, "z": 121, "l": 1350, "nm": "ESCOLA MUNICIPAL JÚLIO CARNEIRO DE ALBUQUERQUE MARANHÃO", "nm_mun": "CABO DE SANTO AGOSTINHO", "aptos": 673, "imp": 0}}, {"type": "Feature", "geometry": {"type": "Point", "coordinates": [-34.980317, -8.240768]}, "properties": {"i": 587, "mun": 23574, "ibge": 2602902, "z": 121, "l": 1368, "nm": "CENTRO CULTURAL MESTRE DIÉ", "nm_mun": "CABO DE SANTO AGOSTINHO", "aptos": 3365, "imp": 0}}, {"type": "Feature", "geometry": {"type": "Point", "coordinates": [-34.978375, -8.239773]}, "properties": {"i": 588, "mun": 23574, "ibge": 2602902, "z": 121, "l": 1376, "nm": "ESCOLA ESTADUAL MARIA EUGÊNIA LOPES GOMES", "nm_mun": "CABO DE SANTO AGOSTINHO", "aptos": 2915, "imp": 0}}, {"type": "Feature", "geometry": {"type": "Point", "coordinates": [-34.964522, -8.221116]}, "properties": {"i": 589, "mun": 23574, "ibge": 2602902, "z": 121, "l": 1384, "nm": "ESCOLA MUNIC. PREF. ERONIDES FRANCISCO SOARES (ESC. MODELO PONTEZINHA)", "nm_mun": "CABO DE SANTO AGOSTINHO", "aptos": 3554, "imp": 0}}, {"type": "Feature", "geometry": {"type": "Point", "coordinates": [-34.956092, -8.331837]}, "properties": {"i": 590, "mun": 23574, "ibge": 2602902, "z": 121, "l": 1392, "nm": "ESCOLA ESTADUAL FERNANDO SOARES LYRA (ESTADUAL DE GAIBÚ)", "nm_mun": "CABO DE SANTO AGOSTINHO", "aptos": 3433, "imp": 0}}, {"type": "Feature", "geometry": {"type": "Point", "coordinates": [-34.978155, -8.233111]}, "properties": {"i": 591, "mun": 23574, "ibge": 2602902, "z": 121, "l": 1414, "nm": "ESCOLA MODELO DE PONTE DOS CARVALHOS (PROF. MANOEL DAVI V. DA COSTA)", "nm_mun": "CABO DE SANTO AGOSTINHO", "aptos": 3816, "imp": 0}}, {"type": "Feature", "geometry": {"type": "Point", "coordinates": [-35.014105, -8.28136]}, "properties": {"i": 592, "mun": 23574, "ibge": 2602902, "z": 121, "l": 1430, "nm": "ESCOLA CREMILDA MARIA SANTANA DE OLIVEIRA (ESCOLA PARQUE GARAPU)", "nm_mun": "CABO DE SANTO AGOSTINHO", "aptos": 4643, "imp": 0}}, {"type": "Feature", "geometry": {"type": "Point", "coordinates": [-34.984602, -8.246264]}, "properties": {"i": 593, "mun": 23574, "ibge": 2602902, "z": 121, "l": 1449, "nm": "ESCOLA VEREADOR REGINALDO LORETO DA SILVA (MODELO NOVA ERA)", "nm_mun": "CABO DE SANTO AGOSTINHO", "aptos": 3541, "imp": 0}}, {"type": "Feature", "geometry": {"type": "Point", "coordinates": [-34.977933, -8.241077]}, "properties": {"i": 594, "mun": 23574, "ibge": 2602902, "z": 121, "l": 1457, "nm": "ESCOLA DE REFERÊNCIA EM ENSINO MÉDIO CABO DE SANTO AGOSTINHO", "nm_mun": "CABO DE SANTO AGOSTINHO", "aptos": 1357, "imp": 0}}, {"type": "Feature", "geometry": {"type": "Point", "coordinates": [-34.948018, -8.257626]}, "properties": {"i": 595, "mun": 23574, "ibge": 2602902, "z": 121, "l": 1465, "nm": "COLÉGIO SANTA MARIA", "nm_mun": "CABO DE SANTO AGOSTINHO", "aptos": 557, "imp": 0}}, {"type": "Feature", "geometry": {"type": "Point", "coordinates": [-34.969802, -8.222168]}, "properties": {"i": 596, "mun": 23574, "ibge": 2602902, "z": 121, "l": 1473, "nm": "ESCOLA MUNICIPAL PROF. LAURA RODRIGUES DA COSTA", "nm_mun": "CABO DE SANTO AGOSTINHO", "aptos": 870, "imp": 0}}, {"type": "Feature", "geometry": {"type": "Point", "coordinates": [-35.065548, -8.276592]}, "properties": {"i": 597, "mun": 23574, "ibge": 2602902, "z": 121, "l": 1481, "nm": "ANEXO DA IGREJA PENTECOSTAL ASSEMBLÉIA DE DEUS", "nm_mun": "CABO DE SANTO AGOSTINHO", "aptos": 1118, "imp": 0}}, {"type": "Feature", "geometry": {"type": "Point", "coordinates": [-34.951949, -8.342786]}, "properties": {"i": 598, "mun": 23574, "ibge": 2602902, "z": 121, "l": 1490, "nm": "ASSOCIAÇÃO DE MORADORES DE GAIBÚ", "nm_mun": "CABO DE SANTO AGOSTINHO", "aptos": 397, "imp": 0}}, {"type": "Feature", "geometry": {"type": "Point", "coordinates": [-34.956808, -8.328822]}, "properties": {"i": 599, "mun": 23574, "ibge": 2602902, "z": 121, "l": 1511, "nm": "CRECHE DE GAIBÚ", "nm_mun": "CABO DE SANTO AGOSTINHO", "aptos": 1201, "imp": 0}}, {"type": "Feature", "geometry": {"type": "Point", "coordinates": [-34.914191, -7.827077]}, "properties": {"i": 600, "mun": 23574, "ibge": 2602902, "z": 121, "l": 1520, "nm": "CRECHE PONTEZINHA", "nm_mun": "CABO DE SANTO AGOSTINHO", "aptos": 1548, "imp": 1}}, {"type": "Feature", "geometry": {"type": "Point", "coordinates": [-39.310246, -8.511222]}, "properties": {"i": 601, "mun": 23590, "ibge": 2603009, "z": 77, "l": 1023, "nm": "MUNICIPAL - ANTONIA CALDAS BRANDAO", "nm_mun": "CABROBÓ", "aptos": 659, "imp": 0}}, {"type": "Feature", "geometry": {"type": "Point", "coordinates": [-39.312443, -8.511132]}, "properties": {"i": 602, "mun": 23590, "ibge": 2603009, "z": 77, "l": 1031, "nm": "MUNICIPAL - ASSIS CHATEAUBRIAND", "nm_mun": "CABROBÓ", "aptos": 1561, "imp": 0}}, {"type": "Feature", "geometry": {"type": "Point", "coordinates": [-39.308326, -8.512846]}, "properties": {"i": 603, "mun": 23590, "ibge": 2603009, "z": 77, "l": 1040, "nm": "ESTADUAL - JOSE CALDAS CAVALCANTI", "nm_mun": "CABROBÓ", "aptos": 4678, "imp": 0}}, {"type": "Feature", "geometry": {"type": "Point", "coordinates": [-39.309992, -8.510352]}, "properties": {"i": 604, "mun": 23590, "ibge": 2603009, "z": 77, "l": 1058, "nm": "ESTADUAL - SENADOR PAULO GUERRA", "nm_mun": "CABROBÓ", "aptos": 3551, "imp": 0}}, {"type": "Feature", "geometry": {"type": "Point", "coordinates": [-39.319864, -8.506698]}, "properties": {"i": 605, "mun": 23590, "ibge": 2603009, "z": 77, "l": 1082, "nm": "ESTADUAL - MINISTRO MARCOS FREIRE", "nm_mun": "CABROBÓ", "aptos": 2762, "imp": 0}}, {"type": "Feature", "geometry": {"type": "Point", "coordinates": [-39.308778, -8.509631]}, "properties": {"i": 606, "mun": 23590, "ibge": 2603009, "z": 77, "l": 1090, "nm": "MUNICIPAL - BRIGIDA DE MELO FERREIRA", "nm_mun": "CABROBÓ", "aptos": 897, "imp": 0}}, {"type": "Feature", "geometry": {"type": "Point", "coordinates": [-39.304079, -8.516789]}, "properties": {"i": 607, "mun": 23590, "ibge": 2603009, "z": 77, "l": 1104, "nm": "MUNICIPAL - JOAQUIM ANDRE CAVALCANTI", "nm_mun": "CABROBÓ", "aptos": 2266, "imp": 0}}, {"type": "Feature", "geometry": {"type": "Point", "coordinates": [-39.315943, -8.510276]}, "properties": {"i": 608, "mun": 23590, "ibge": 2603009, "z": 77, "l": 1112, "nm": "MUNICIPAL - JOSE NILTON BIONE DE ANDRADE", "nm_mun": "CABROBÓ", "aptos": 1798, "imp": 0}}, {"type": "Feature", "geometry": {"type": "Point", "coordinates": [-39.316898, -8.505678]}, "properties": {"i": 609, "mun": 23590, "ibge": 2603009, "z": 77, "l": 1120, "nm": "MUNICIPAL - ANDRE FLORENTINO", "nm_mun": "CABROBÓ", "aptos": 1613, "imp": 0}}, {"type": "Feature", "geometry": {"type": "Point", "coordinates": [-39.313015, -8.537626]}, "properties": {"i": 610, "mun": 23590, "ibge": 2603009, "z": 77, "l": 1236, "nm": "ESTADUAL - INDIGENA ANTONIO CIRILO DOS SANTOS", "nm_mun": "CABROBÓ", "aptos": 651, "imp": 0}}, {"type": "Feature", "geometry": {"type": "Point", "coordinates": [-39.337464, -8.517836]}, "properties": {"i": 611, "mun": 23590, "ibge": 2603009, "z": 77, "l": 1244, "nm": "ESTADUAL - INDIGENA MANOEL DEODATO DOS SANTOS", "nm_mun": "CABROBÓ", "aptos": 615, "imp": 0}}, {"type": "Feature", "geometry": {"type": "Point", "coordinates": [-39.392961, -8.518784]}, "properties": {"i": 612, "mun": 23590, "ibge": 2603009, "z": 77, "l": 1252, "nm": "ESTADUAL - INDIGENA ACILON CIRIACO DA LUZ / PIN TRUKA", "nm_mun": "CABROBÓ", "aptos": 398, "imp": 0}}, {"type": "Feature", "geometry": {"type": "Point", "coordinates": [-39.424292, -8.516168]}, "properties": {"i": 613, "mun": 23590, "ibge": 2603009, "z": 77, "l": 1260, "nm": "ESTADUAL - CRAS INDIGENA - HERMENEGILDO ANTONIO DOS SANTOS", "nm_mun": "CABROBÓ", "aptos": 649, "imp": 0}}, {"type": "Feature", "geometry": {"type": "Point", "coordinates": [-39.135615, -8.341297]}, "properties": {"i": 614, "mun": 23590, "ibge": 2603009, "z": 77, "l": 1279, "nm": "MUNICIPAL - PRESIDENTE COSTA E SILVA", "nm_mun": "CABROBÓ", "aptos": 721, "imp": 0}}, {"type": "Feature", "geometry": {"type": "Point", "coordinates": [-39.402511, -8.49578]}, "properties": {"i": 615, "mun": 23590, "ibge": 2603009, "z": 77, "l": 1287, "nm": "MUNICIPAL - FURTUNATO ALVES DE SOUZA", "nm_mun": "CABROBÓ", "aptos": 285, "imp": 0}}, {"type": "Feature", "geometry": {"type": "Point", "coordinates": [-39.44712, -8.497672]}, "properties": {"i": 616, "mun": 23590, "ibge": 2603009, "z": 77, "l": 1295, "nm": "MUNICIPAL - GESUALDO FREIRE DE CARVALHO", "nm_mun": "CABROBÓ", "aptos": 411, "imp": 0}}, {"type": "Feature", "geometry": {"type": "Point", "coordinates": [-39.362763, -8.320831]}, "properties": {"i": 617, "mun": 23590, "ibge": 2603009, "z": 77, "l": 1309, "nm": "MUNICIPAL - JOSE ALVES BRANDÃO", "nm_mun": "CABROBÓ", "aptos": 306, "imp": 0}}, {"type": "Feature", "geometry": {"type": "Point", "coordinates": [-39.487864, -8.287131]}, "properties": {"i": 618, "mun": 23590, "ibge": 2603009, "z": 77, "l": 1317, "nm": "MUNICIPAL - MANOEL PEREIRA DA SILVA", "nm_mun": "CABROBÓ", "aptos": 223, "imp": 0}}, {"type": "Feature", "geometry": {"type": "Point", "coordinates": [-39.30273, -8.343811]}, "properties": {"i": 619, "mun": 23590, "ibge": 2603009, "z": 77, "l": 1325, "nm": "MUNICIPAL - PEDRO GONÇALVES DOS SANTOS", "nm_mun": "CABROBÓ", "aptos": 267, "imp": 0}}, {"type": "Feature", "geometry": {"type": "Point", "coordinates": [-39.323526, -8.274708]}, "properties": {"i": 620, "mun": 23590, "ibge": 2603009, "z": 77, "l": 1333, "nm": "MUNICIPAL - ALEXANDRE PARENTE DE SÁ", "nm_mun": "CABROBÓ", "aptos": 472, "imp": 0}}, {"type": "Feature", "geometry": {"type": "Point", "coordinates": [-39.394817, -8.421713]}, "properties": {"i": 621, "mun": 23590, "ibge": 2603009, "z": 77, "l": 1341, "nm": "MUNICIPAL - JOAQUIM CLEMENTINO DO NASCIMENTO", "nm_mun": "CABROBÓ", "aptos": 134, "imp": 0}}, {"type": "Feature", "geometry": {"type": "Point", "coordinates": [-39.239033, -8.369097]}, "properties": {"i": 622, "mun": 23590, "ibge": 2603009, "z": 77, "l": 1368, "nm": "MUNICIPAL - JOÃO ROCHA", "nm_mun": "CABROBÓ", "aptos": 272, "imp": 0}}, {"type": "Feature", "geometry": {"type": "Point", "coordinates": [-39.307011, -8.385374]}, "properties": {"i": 623, "mun": 23590, "ibge": 2603009, "z": 77, "l": 1376, "nm": "MUNICIPAL - MANOEL VIEIRA DE BRITO", "nm_mun": "CABROBÓ", "aptos": 274, "imp": 0}}, {"type": "Feature", "geometry": {"type": "Point", "coordinates": [-39.235169, -8.266544]}, "properties": {"i": 624, "mun": 23590, "ibge": 2603009, "z": 77, "l": 1384, "nm": "MUNICIPAL - JOAQUIM MENDES DINIZ", "nm_mun": "CABROBÓ", "aptos": 287, "imp": 0}}, {"type": "Feature", "geometry": {"type": "Point", "coordinates": [-36.243294, -8.490706]}, "properties": {"i": 625, "mun": 23612, "ibge": 2603108, "z": 44, "l": 1023, "nm": "ESCOLA CORSINA BRAGA", "nm_mun": "CACHOEIRINHA", "aptos": 4147, "imp": 0}}, {"type": "Feature", "geometry": {"type": "Point", "coordinates": [-36.237025, -8.490327]}, "properties": {"i": 626, "mun": 23612, "ibge": 2603108, "z": 44, "l": 1031, "nm": "ESCOLA PRESIDENTE KENNEDY", "nm_mun": "CACHOEIRINHA", "aptos": 3610, "imp": 0}}, {"type": "Feature", "geometry": {"type": "Point", "coordinates": [-36.33397, -8.409736]}, "properties": {"i": 627, "mun": 23612, "ibge": 2603108, "z": 44, "l": 1040, "nm": "GRUPO ESCOLAR ANTÔNIO MALAQUIAS", "nm_mun": "CACHOEIRINHA", "aptos": 1452, "imp": 0}}, {"type": "Feature", "geometry": {"type": "Point", "coordinates": [-36.23667, -8.491]}, "properties": {"i": 628, "mun": 23612, "ibge": 2603108, "z": 44, "l": 1066, "nm": "CRECHE PROFESSORA ANA HERCULINA DE ALMEIDA - TIA NANU", "nm_mun": "CACHOEIRINHA", "aptos": 2889, "imp": 0}}, {"type": "Feature", "geometry": {"type": "Point", "coordinates": [-36.235806, -8.481919]}, "properties": {"i": 629, "mun": 23612, "ibge": 2603108, "z": 44, "l": 1147, "nm": "ESCOLA MUNICIPAL PRESIDENTE TANCREDO NEVES", "nm_mun": "CACHOEIRINHA", "aptos": 970, "imp": 0}}, {"type": "Feature", "geometry": {"type": "Point", "coordinates": [-36.231262, -8.490632]}, "properties": {"i": 630, "mun": 23612, "ibge": 2603108, "z": 44, "l": 1155, "nm": "ESCOLA MUNICIPAL PROFESSORA MARIA SIMÕES BELTRÃO MELO", "nm_mun": "CACHOEIRINHA", "aptos": 640, "imp": 0}}, {"type": "Feature", "geometry": {"type": "Point", "coordinates": [-36.236176, -8.489979]}, "properties": {"i": 631, "mun": 23612, "ibge": 2603108, "z": 44, "l": 1171, "nm": "ESCOLA RITA ESPÍNDOLA", "nm_mun": "CACHOEIRINHA", "aptos": 2398, "imp": 0}}, {"type": "Feature", "geometry": {"type": "Point", "coordinates": [-36.624972, -8.774636]}, "properties": {"i": 632, "mun": 23639, "ibge": 2603207, "z": 130, "l": 1040, "nm": "COLÉGIO MUNICIPAL MONSENHOR JOSÉ DE ANCHIETA CALLOU - EXTENSÃO", "nm_mun": "CAETÉS", "aptos": 5924, "imp": 0}}, {"type": "Feature", "geometry": {"type": "Point", "coordinates": [-36.624905, -8.775125]}, "properties": {"i": 633, "mun": 23639, "ibge": 2603207, "z": 130, "l": 1066, "nm": "ESCOLA DE REFERÊNCIA EM ENSINO MÉDIO LUIZ PEREIRA JÚNIOR (ESTADUAL)", "nm_mun": "CAETÉS", "aptos": 4375, "imp": 0}}, {"type": "Feature", "geometry": {"type": "Point", "coordinates": [-36.627, -8.771926]}, "properties": {"i": 634, "mun": 23639, "ibge": 2603207, "z": 130, "l": 1244, "nm": "COLÉGIO MUNICIPAL MONSENHOR JOSÉ DE ANCHIETA CALLOU", "nm_mun": "CAETÉS", "aptos": 8612, "imp": 0}}, {"type": "Feature", "geometry": {"type": "Point", "coordinates": [-36.673961, -8.748076]}, "properties": {"i": 635, "mun": 23639, "ibge": 2603207, "z": 130, "l": 1260, "nm": "ESCOLA MUNICIPAL PRESIDENTE COSTA E SILVA", "nm_mun": "CAETÉS", "aptos": 455, "imp": 0}}, {"type": "Feature", "geometry": {"type": "Point", "coordinates": [-34.993304, -8.009207]}, "properties": {"i": 636, "mun": 23639, "ibge": 2603207, "z": 130, "l": 1279, "nm": "ESCOLA MUNICIPAL DOM HÉLDER CÂMARA", "nm_mun": "CAETÉS", "aptos": 1329, "imp": 1}}, {"type": "Feature", "geometry": {"type": "Point", "coordinates": [-36.334952, -8.740441]}, "properties": {"i": 637, "mun": 23655, "ibge": 2603306, "z": 94, "l": 1023, "nm": "ESCOLA PROF. MARIA CELIA BARROS", "nm_mun": "CALÇADO", "aptos": 2573, "imp": 0}}, {"type": "Feature", "geometry": {"type": "Point", "coordinates": [-36.338544, -8.742709]}, "properties": {"i": 638, "mun": 23655, "ibge": 2603306, "z": 94, "l": 1031, "nm": "ESCOLA AUGUSTA CORDEIRO DE MELO", "nm_mun": "CALÇADO", "aptos": 1584, "imp": 0}}, {"type": "Feature", "geometry": {"type": "Point", "coordinates": [-36.349205, -8.728729]}, "properties": {"i": 639, "mun": 23655, "ibge": 2603306, "z": 94, "l": 1040, "nm": "ESCOLA ARTUR DA COSTA E SILVA", "nm_mun": "CALÇADO", "aptos": 335, "imp": 0}}, {"type": "Feature", "geometry": {"type": "Point", "coordinates": [-36.36861, -8.714095]}, "properties": {"i": 640, "mun": 23655, "ibge": 2603306, "z": 94, "l": 1058, "nm": "ESCOLA JOSE ATANASIO DE OLIVEIRA", "nm_mun": "CALÇADO", "aptos": 499, "imp": 0}}, {"type": "Feature", "geometry": {"type": "Point", "coordinates": [-36.334797, -8.743022]}, "properties": {"i": 641, "mun": 23655, "ibge": 2603306, "z": 94, "l": 1066, "nm": "ESCOLA MUNICIPAL DO ENSINO FUNDAMENTAL PROF. SEBASTIAO TIAGO", "nm_mun": "CALÇADO", "aptos": 2918, "imp": 0}}, {"type": "Feature", "geometry": {"type": "Point", "coordinates": [-38.150324, -7.938838]}, "properties": {"i": 642, "mun": 23671, "ibge": 2603405, "z": 108, "l": 1023, "nm": "COLÉGIO MUNICIPAL LOURIVAL ANTONIO SIMÕES               - SEDE", "nm_mun": "CALUMBI", "aptos": 1947, "imp": 0}}, {"type": "Feature", "geometry": {"type": "Point", "coordinates": [-38.152707, -7.937594]}, "properties": {"i": 643, "mun": 23671, "ibge": 2603405, "z": 108, "l": 1031, "nm": "ESCOLA ESTADUAL ANTONIO GOMES DE LIMA                     - SEDE", "nm_mun": "CALUMBI", "aptos": 2809, "imp": 0}}, {"type": "Feature", "geometry": {"type": "Point", "coordinates": [-38.038601, -8.08066]}, "properties": {"i": 644, "mun": 23671, "ibge": 2603405, "z": 108, "l": 1040, "nm": "ESCOLA MUNICIPAL DA RUA DE BAIXO                   - ROÇAS VELHAS", "nm_mun": "CALUMBI", "aptos": 1105, "imp": 0}}, {"type": "Feature", "geometry": {"type": "Point", "coordinates": [-38.099855, -8.006351]}, "properties": {"i": 645, "mun": 23671, "ibge": 2603405, "z": 108, "l": 1058, "nm": "GRUPO ESCOLAR POVOADO DE TAMBURILZINHO                 - TAMBURILZINHO", "nm_mun": "CALUMBI", "aptos": 1139, "imp": 0}}, {"type": "Feature", "geometry": {"type": "Point", "coordinates": [-38.034866, -8.078354]}, "properties": {"i": 646, "mun": 23671, "ibge": 2603405, "z": 108, "l": 1066, "nm": "CRECHE NEUSA ISABEL DA   SILVA  - ROÇAS VELHAS", "nm_mun": "CALUMBI", "aptos": 396, "imp": 0}}, {"type": "Feature", "geometry": {"type": "Point", "coordinates": [-35.762097, -8.365208]}, "properties": {"i": 647, "mun": 23698, "ibge": 2603504, "z": 132, "l": 1058, "nm": "CENTRO EDUCACIONAL MÃE RAINHA", "nm_mun": "CAMOCIM DE SÃO FÉLIX", "aptos": 2039, "imp": 0}}, {"type": "Feature", "geometry": {"type": "Point", "coordinates": [-35.764514, -8.360192]}, "properties": {"i": 648, "mun": 23698, "ibge": 2603504, "z": 132, "l": 1066, "nm": "ESCOLA PEDRO BEZERRA SILVA", "nm_mun": "CAMOCIM DE SÃO FÉLIX", "aptos": 2579, "imp": 0}}, {"type": "Feature", "geometry": {"type": "Point", "coordinates": [-35.764769, -8.359186]}, "properties": {"i": 649, "mun": 23698, "ibge": 2603504, "z": 132, "l": 1074, "nm": "EREM QUINTINO BOCAIUVA", "nm_mun": "CAMOCIM DE SÃO FÉLIX", "aptos": 3207, "imp": 0}}, {"type": "Feature", "geometry": {"type": "Point", "coordinates": [-35.765105, -8.361679]}, "properties": {"i": 650, "mun": 23698, "ibge": 2603504, "z": 132, "l": 1082, "nm": "ESCOLA TANCREDO DE ALMEIDA NEVES", "nm_mun": "CAMOCIM DE SÃO FÉLIX", "aptos": 1103, "imp": 0}}, {"type": "Feature", "geometry": {"type": "Point", "coordinates": [-35.763289, -8.362236]}, "properties": {"i": 651, "mun": 23698, "ibge": 2603504, "z": 132, "l": 1112, "nm": "SINDICATO TRABALHADORES RURAIS", "nm_mun": "CAMOCIM DE SÃO FÉLIX", "aptos": 291, "imp": 0}}, {"type": "Feature", "geometry": {"type": "Point", "coordinates": [-35.762094, -8.360287]}, "properties": {"i": 652, "mun": 23698, "ibge": 2603504, "z": 132, "l": 1139, "nm": "GRUPO ESCOLAR PRES. ARTUR DA COSTA E SILVA", "nm_mun": "CAMOCIM DE SÃO FÉLIX", "aptos": 1126, "imp": 0}}, {"type": "Feature", "geometry": {"type": "Point", "coordinates": [-35.76311, -8.361173]}, "properties": {"i": 653, "mun": 23698, "ibge": 2603504, "z": 132, "l": 1147, "nm": "SECRETARIA DE AÇÃO SOCIAL - CAMOCIM", "nm_mun": "CAMOCIM DE SÃO FÉLIX", "aptos": 326, "imp": 0}}, {"type": "Feature", "geometry": {"type": "Point", "coordinates": [-35.764009, -8.360068]}, "properties": {"i": 654, "mun": 23698, "ibge": 2603504, "z": 132, "l": 1155, "nm": "ESCOLA JOSEFA MARIA DE ASSIS LUCENA", "nm_mun": "CAMOCIM DE SÃO FÉLIX", "aptos": 646, "imp": 0}}, {"type": "Feature", "geometry": {"type": "Point", "coordinates": [-35.758222, -8.367171]}, "properties": {"i": 655, "mun": 23698, "ibge": 2603504, "z": 132, "l": 1171, "nm": "ESCOLA MIGUEL ARRAES", "nm_mun": "CAMOCIM DE SÃO FÉLIX", "aptos": 1170, "imp": 0}}, {"type": "Feature", "geometry": {"type": "Point", "coordinates": [-35.762853, -8.365262]}, "properties": {"i": 656, "mun": 23698, "ibge": 2603504, "z": 132, "l": 1210, "nm": "CRAS", "nm_mun": "CAMOCIM DE SÃO FÉLIX", "aptos": 242, "imp": 0}}, {"type": "Feature", "geometry": {"type": "Point", "coordinates": [-35.762902, -8.365432]}, "properties": {"i": 657, "mun": 23698, "ibge": 2603504, "z": 132, "l": 1228, "nm": "PRÓ-JOVEM ADOLESCENTE", "nm_mun": "CAMOCIM DE SÃO FÉLIX", "aptos": 647, "imp": 0}}, {"type": "Feature", "geometry": {"type": "Point", "coordinates": [-38.32257, -7.998055]}, "properties": {"i": 658, "mun": 23698, "ibge": 2603504, "z": 132, "l": 1244, "nm": "CRECHE MUNICIPAL PROF. JOSÉ LOURENÇO DE LIMA", "nm_mun": "CAMOCIM DE SÃO FÉLIX", "aptos": 474, "imp": 1}}, {"type": "Feature", "geometry": {"type": "Point", "coordinates": [-36.195025, -8.882836]}, "properties": {"i": 659, "mun": 23698, "ibge": 2603504, "z": 132, "l": 1252, "nm": "COOPERATIVA DE ENSINO MONTE CARMELO", "nm_mun": "CAMOCIM DE SÃO FÉLIX", "aptos": 1810, "imp": 1}}, {"type": "Feature", "geometry": {"type": "Point", "coordinates": [-35.273968, -7.408634]}, "properties": {"i": 660, "mun": 23710, "ibge": 2603603, "z": 27, "l": 1015, "nm": "COLÉGIO MONSENHOR JÚLIO MARIA", "nm_mun": "CAMUTANGA", "aptos": 2639, "imp": 0}}, {"type": "Feature", "geometry": {"type": "Point", "coordinates": [-35.271943, -7.406258]}, "properties": {"i": 661, "mun": 23710, "ibge": 2603603, "z": 27, "l": 1023, "nm": "ESCOLA MANOEL GUEDES", "nm_mun": "CAMUTANGA", "aptos": 619, "imp": 0}}, {"type": "Feature", "geometry": {"type": "Point", "coordinates": [-35.274101, -7.406663]}, "properties": {"i": 662, "mun": 23710, "ibge": 2603603, "z": 27, "l": 1031, "nm": "ESCOLA DE REFERÊNCIA DE ENSINO MÉDIO PEDRO TAVARES DE MELO", "nm_mun": "CAMUTANGA", "aptos": 2023, "imp": 0}}, {"type": "Feature", "geometry": {"type": "Point", "coordinates": [-35.274285, -7.410067]}, "properties": {"i": 663, "mun": 23710, "ibge": 2603603, "z": 27, "l": 1066, "nm": "ESCOLA JOSEFA BERNARDO NOGUEIRA", "nm_mun": "CAMUTANGA", "aptos": 768, "imp": 0}}, {"type": "Feature", "geometry": {"type": "Point", "coordinates": [-35.273646, -7.411219]}, "properties": {"i": 664, "mun": 23710, "ibge": 2603603, "z": 27, "l": 1074, "nm": "ESCOLA MUNICIPAL FRANCISCO PEREIRA DE SOUZA", "nm_mun": "CAMUTANGA", "aptos": 1298, "imp": 0}}, {"type": "Feature", "geometry": {"type": "Point", "coordinates": [-36.198023, -8.878311]}, "properties": {"i": 665, "mun": 23736, "ibge": 2603702, "z": 116, "l": 1015, "nm": "ESCOLA ESTADUAL JERÔNIMO GUEIROS", "nm_mun": "CANHOTINHO", "aptos": 2887, "imp": 0}}, {"type": "Feature", "geometry": {"type": "Point", "coordinates": [-36.191976, -8.883435]}, "properties": {"i": 666, "mun": 23736, "ibge": 2603702, "z": 116, "l": 1031, "nm": "ESCOLA PADRE ANTÔNIO CALLOU DE ALENCAR", "nm_mun": "CANHOTINHO", "aptos": 1729, "imp": 0}}, {"type": "Feature", "geometry": {"type": "Point", "coordinates": [-36.100389, -8.892974]}, "properties": {"i": 667, "mun": 23736, "ibge": 2603702, "z": 116, "l": 1074, "nm": "ESCOLA MUNICIPAL SEBASTIÃO SIMÕES DOS SANTOS", "nm_mun": "CANHOTINHO", "aptos": 478, "imp": 0}}, {"type": "Feature", "geometry": {"type": "Point", "coordinates": [-36.102777, -8.892019]}, "properties": {"i": 668, "mun": 23736, "ibge": 2603702, "z": 116, "l": 1112, "nm": "ESCOLA MUNICIPAL VEREADOR CÍCERO SÁTIRO DE OLIVEIRA", "nm_mun": "CANHOTINHO", "aptos": 671, "imp": 0}}, {"type": "Feature", "geometry": {"type": "Point", "coordinates": [-36.165564, -8.964816]}, "properties": {"i": 669, "mun": 23736, "ibge": 2603702, "z": 116, "l": 1180, "nm": "ESCOLA MUNICIPAL MANOEL TENÓRIO CAVALCANTI", "nm_mun": "CANHOTINHO", "aptos": 759, "imp": 0}}, {"type": "Feature", "geometry": {"type": "Point", "coordinates": [-36.187968, -8.79833]}, "properties": {"i": 670, "mun": 23736, "ibge": 2603702, "z": 116, "l": 1198, "nm": "ESCOLA MUNICIPAL PEDRO CIPRIANO DOS SANTOS", "nm_mun": "CANHOTINHO", "aptos": 502, "imp": 0}}, {"type": "Feature", "geometry": {"type": "Point", "coordinates": [-36.229006, -8.821119]}, "properties": {"i": 671, "mun": 23736, "ibge": 2603702, "z": 116, "l": 1201, "nm": "ESCOLA JÚLIA RODRIGUES TORRES", "nm_mun": "CANHOTINHO", "aptos": 3026, "imp": 0}}, {"type": "Feature", "geometry": {"type": "Point", "coordinates": [-36.204207, -8.876623]}, "properties": {"i": 672, "mun": 23736, "ibge": 2603702, "z": 116, "l": 1317, "nm": "ESCOLA MARIA DAS GRAÇAS PERES GONZAGA", "nm_mun": "CANHOTINHO", "aptos": 900, "imp": 0}}, {"type": "Feature", "geometry": {"type": "Point", "coordinates": [-36.195025, -8.882836]}, "properties": {"i": 673, "mun": 23736, "ibge": 2603702, "z": 116, "l": 1325, "nm": "ESCOLA MUNICIPAL EDITE PORTO MENDONÇA DE BARROS", "nm_mun": "CANHOTINHO", "aptos": 3964, "imp": 0}}, {"type": "Feature", "geometry": {"type": "Point", "coordinates": [-36.194771, -8.876733]}, "properties": {"i": 674, "mun": 23736, "ibge": 2603702, "z": 116, "l": 1333, "nm": "ESCOLA MUNICIPAL ÁUREA MESQUITA DE AMORIM", "nm_mun": "CANHOTINHO", "aptos": 754, "imp": 0}}, {"type": "Feature", "geometry": {"type": "Point", "coordinates": [-36.196725, -8.882992]}, "properties": {"i": 675, "mun": 23736, "ibge": 2603702, "z": 116, "l": 1341, "nm": "CRECHE MUNICIPAL PROFESSOR JESSÉ FERREIRA DE MENDONÇA", "nm_mun": "CANHOTINHO", "aptos": 1513, "imp": 0}}, {"type": "Feature", "geometry": {"type": "Point", "coordinates": [-36.625669, -8.735737]}, "properties": {"i": 676, "mun": 23752, "ibge": 2603801, "z": 130, "l": 1023, "nm": "COLÉGIO MUNICIPAL JOSÉ SOARES DE ALMEIDA", "nm_mun": "CAPOEIRAS", "aptos": 3960, "imp": 0}}, {"type": "Feature", "geometry": {"type": "Point", "coordinates": [-36.626488, -8.740581]}, "properties": {"i": 677, "mun": 23752, "ibge": 2603801, "z": 130, "l": 1031, "nm": "ESCOLA DE REFERÊNCIA EM ENSINO MÉDIO NOSSA SENHORA DO PERPÉTUO SOCORRO", "nm_mun": "CAPOEIRAS", "aptos": 3137, "imp": 0}}, {"type": "Feature", "geometry": {"type": "Point", "coordinates": [-36.548649, -8.62898]}, "properties": {"i": 678, "mun": 23752, "ibge": 2603801, "z": 130, "l": 1066, "nm": "ESCOLA MUNICIPAL CÔNEGO JOÃO RODRIGUES DE MELO (MANIÇOBA)", "nm_mun": "CAPOEIRAS", "aptos": 1138, "imp": 0}}, {"type": "Feature", "geometry": {"type": "Point", "coordinates": [-36.511154, -8.681453]}, "properties": {"i": 679, "mun": 23752, "ibge": 2603801, "z": 130, "l": 1074, "nm": "ESCOLA MUNICIPAL PRESIDENTE CASTELO BRANCO (ALEGRE)", "nm_mun": "CAPOEIRAS", "aptos": 1344, "imp": 0}}, {"type": "Feature", "geometry": {"type": "Point", "coordinates": [-36.561893, -8.738124]}, "properties": {"i": 680, "mun": 23752, "ibge": 2603801, "z": 130, "l": 1082, "nm": "ESCOLA MUNICIPAL GEDEÃO RODRIGUES DE LIMA (RIACHO DO MEL)", "nm_mun": "CAPOEIRAS", "aptos": 1318, "imp": 0}}, {"type": "Feature", "geometry": {"type": "Point", "coordinates": [-36.625343, -8.736177]}, "properties": {"i": 681, "mun": 23752, "ibge": 2603801, "z": 130, "l": 1163, "nm": "CRECHE URSULINA TERESA DE JESUS", "nm_mun": "CAPOEIRAS", "aptos": 3126, "imp": 0}}, {"type": "Feature", "geometry": {"type": "Point", "coordinates": [-37.272661, -8.066588]}, "properties": {"i": 682, "mun": 23752, "ibge": 2603801, "z": 130, "l": 1180, "nm": "ESCOLA MUNICIPAL A SEMENTINHA", "nm_mun": "CAPOEIRAS", "aptos": 2537, "imp": 1}}, {"type": "Feature", "geometry": {"type": "Point", "coordinates": [-37.794135, -7.802987]}, "properties": {"i": 683, "mun": 23779, "ibge": 2603900, "z": 98, "l": 1031, "nm": "ESCOLA JOAO GOMES DOS REIS", "nm_mun": "CARNAÍBA", "aptos": 3324, "imp": 0}}, {"type": "Feature", "geometry": {"type": "Point", "coordinates": [-37.794663, -7.808037]}, "properties": {"i": 684, "mun": 23779, "ibge": 2603900, "z": 98, "l": 1040, "nm": "ESCOLA JOAQUIM MENDES DA SILVA", "nm_mun": "CARNAÍBA", "aptos": 2810, "imp": 0}}, {"type": "Feature", "geometry": {"type": "Point", "coordinates": [-37.799173, -7.799768]}, "properties": {"i": 685, "mun": 23779, "ibge": 2603900, "z": 98, "l": 1058, "nm": "ESCOLA MUNICIPAL DE CARNAIBA", "nm_mun": "CARNAÍBA", "aptos": 1559, "imp": 0}}, {"type": "Feature", "geometry": {"type": "Point", "coordinates": [-37.771832, -7.664983]}, "properties": {"i": 686, "mun": 23779, "ibge": 2603900, "z": 98, "l": 1066, "nm": "ESCOLA MUNICIPAL DE IBITIRANGA", "nm_mun": "CARNAÍBA", "aptos": 983, "imp": 0}}, {"type": "Feature", "geometry": {"type": "Point", "coordinates": [-37.688282, -7.668611]}, "properties": {"i": 687, "mun": 23779, "ibge": 2603900, "z": 98, "l": 1074, "nm": "ESCOLA MINIMA DE IBITIRANGA", "nm_mun": "CARNAÍBA", "aptos": 962, "imp": 0}}, {"type": "Feature", "geometry": {"type": "Point", "coordinates": [-37.72128, -7.77137]}, "properties": {"i": 688, "mun": 23779, "ibge": 2603900, "z": 98, "l": 1090, "nm": "ESCOLA MUNICIPAL DE ITA", "nm_mun": "CARNAÍBA", "aptos": 2128, "imp": 0}}, {"type": "Feature", "geometry": {"type": "Point", "coordinates": [-37.731508, -7.903557]}, "properties": {"i": 689, "mun": 23779, "ibge": 2603900, "z": 98, "l": 1139, "nm": "ESCOLA MUNICIPAL DA LAGOA DO CAROA", "nm_mun": "CARNAÍBA", "aptos": 1243, "imp": 0}}, {"type": "Feature", "geometry": {"type": "Point", "coordinates": [-37.765337, -7.661771]}, "properties": {"i": 690, "mun": 23779, "ibge": 2603900, "z": 98, "l": 1155, "nm": "ESCOLA MUNICIPAL DE NOVO PERNAMBUCO", "nm_mun": "CARNAÍBA", "aptos": 639, "imp": 0}}, {"type": "Feature", "geometry": {"type": "Point", "coordinates": [-37.702955, -7.843849]}, "properties": {"i": 691, "mun": 23779, "ibge": 2603900, "z": 98, "l": 1163, "nm": "ESCOLA MUNICIPAL DE SERRA BRANCA", "nm_mun": "CARNAÍBA", "aptos": 1264, "imp": 0}}, {"type": "Feature", "geometry": {"type": "Point", "coordinates": [-37.722692, -7.736561]}, "properties": {"i": 692, "mun": 23779, "ibge": 2603900, "z": 98, "l": 1210, "nm": "GRUPO ESCOLAR JOSE CARLOS DA SILVA", "nm_mun": "CARNAÍBA", "aptos": 1093, "imp": 0}}, {"type": "Feature", "geometry": {"type": "Point", "coordinates": [-37.792332, -7.80994]}, "properties": {"i": 693, "mun": 23779, "ibge": 2603900, "z": 98, "l": 1228, "nm": "GRUPO ESCOLAR JOANA FREIRE", "nm_mun": "CARNAÍBA", "aptos": 924, "imp": 0}}, {"type": "Feature", "geometry": {"type": "Point", "coordinates": [-35.254087, -7.842856]}, "properties": {"i": 694, "mun": 23795, "ibge": 2604007, "z": 20, "l": 1058, "nm": "ESCOLA ESTADUAL JOSÉ DE LIMA JÚNIOR", "nm_mun": "CARPINA", "aptos": 3166, "imp": 0}}, {"type": "Feature", "geometry": {"type": "Point", "coordinates": [-35.258232, -7.843119]}, "properties": {"i": 695, "mun": 23795, "ibge": 2604007, "z": 20, "l": 1066, "nm": "ESCOLA MUNICIPAL PIO X", "nm_mun": "CARPINA", "aptos": 2182, "imp": 0}}, {"type": "Feature", "geometry": {"type": "Point", "coordinates": [-35.252803, -7.846493]}, "properties": {"i": 696, "mun": 23795, "ibge": 2604007, "z": 20, "l": 1120, "nm": "ESCOLA MUNICIPAL ELIANE CARNEIRO LEÃO DE MELO", "nm_mun": "CARPINA", "aptos": 3314, "imp": 0}}, {"type": "Feature", "geometry": {"type": "Point", "coordinates": [-35.325893, -7.794711]}, "properties": {"i": 697, "mun": 23795, "ibge": 2604007, "z": 20, "l": 1139, "nm": "ESCOLA PÚBLICA DE CARAMURU", "nm_mun": "CARPINA", "aptos": 573, "imp": 0}}, {"type": "Feature", "geometry": {"type": "Point", "coordinates": [-35.253015, -7.841655]}, "properties": {"i": 698, "mun": 23795, "ibge": 2604007, "z": 20, "l": 1171, "nm": "COLÉGIO SALESIANO", "nm_mun": "CARPINA", "aptos": 4933, "imp": 0}}, {"type": "Feature", "geometry": {"type": "Point", "coordinates": [-35.250929, -7.844591]}, "properties": {"i": 699, "mun": 23795, "ibge": 2604007, "z": 20, "l": 1180, "nm": "ESCOLA JOAQUIM OLAVO", "nm_mun": "CARPINA", "aptos": 3986, "imp": 0}}, {"type": "Feature", "geometry": {"type": "Point", "coordinates": [-35.261741, -7.844022]}, "properties": {"i": 700, "mun": 23795, "ibge": 2604007, "z": 20, "l": 1252, "nm": "ESCOLA DISPENSÁRIO SÃO JOSÉ", "nm_mun": "CARPINA", "aptos": 4521, "imp": 0}}, {"type": "Feature", "geometry": {"type": "Point", "coordinates": [-35.236003, -7.84608]}, "properties": {"i": 701, "mun": 23795, "ibge": 2604007, "z": 20, "l": 1260, "nm": "ESCOLA MUNICIPAL MARIA ANUNCIADA PINHEIRO DIAS", "nm_mun": "CARPINA", "aptos": 2365, "imp": 0}}, {"type": "Feature", "geometry": {"type": "Point", "coordinates": [-35.240166, -7.845346]}, "properties": {"i": 702, "mun": 23795, "ibge": 2604007, "z": 20, "l": 1287, "nm": "ESCOLA MUNICIPAL PAULA FRASSINETI", "nm_mun": "CARPINA", "aptos": 3178, "imp": 0}}, {"type": "Feature", "geometry": {"type": "Point", "coordinates": [-35.266534, -7.842205]}, "properties": {"i": 703, "mun": 23795, "ibge": 2604007, "z": 20, "l": 1295, "nm": "ESCOLA MUNICIPAL BELA VISTA", "nm_mun": "CARPINA", "aptos": 1933, "imp": 0}}, {"type": "Feature", "geometry": {"type": "Point", "coordinates": [-35.251702, -7.852692]}, "properties": {"i": 704, "mun": 23795, "ibge": 2604007, "z": 20, "l": 1309, "nm": "ESCOLA MUNICIPAL ERNESTO RIBEIRO", "nm_mun": "CARPINA", "aptos": 2349, "imp": 0}}, {"type": "Feature", "geometry": {"type": "Point", "coordinates": [-35.269932, -7.848826]}, "properties": {"i": 705, "mun": 23795, "ibge": 2604007, "z": 20, "l": 1317, "nm": "ESCOLA MUNICIPAL MARECHAL RONDON", "nm_mun": "CARPINA", "aptos": 4513, "imp": 0}}, {"type": "Feature", "geometry": {"type": "Point", "coordinates": [-35.36704, -7.779025]}, "properties": {"i": 706, "mun": 23795, "ibge": 2604007, "z": 20, "l": 1350, "nm": "ESCOLA MUNICIPAL SÃO JOAQUIM", "nm_mun": "CARPINA", "aptos": 647, "imp": 0}}, {"type": "Feature", "geometry": {"type": "Point", "coordinates": [-35.261435, -7.84008]}, "properties": {"i": 707, "mun": 23795, "ibge": 2604007, "z": 20, "l": 1376, "nm": "ESCOLA LIONS CLUBE DO CARPINA", "nm_mun": "CARPINA", "aptos": 2351, "imp": 0}}, {"type": "Feature", "geometry": {"type": "Point", "coordinates": [-35.237572, -7.871047]}, "properties": {"i": 708, "mun": 23795, "ibge": 2604007, "z": 20, "l": 1392, "nm": "ESCOLA COMUNIDADE CHÃ DO MEIO", "nm_mun": "CARPINA", "aptos": 358, "imp": 0}}, {"type": "Feature", "geometry": {"type": "Point", "coordinates": [-35.276935, -7.831088]}, "properties": {"i": 709, "mun": 23795, "ibge": 2604007, "z": 20, "l": 1449, "nm": "ESCOLA MUNICIPAL NOSSA SENHORA APARECIDA", "nm_mun": "CARPINA", "aptos": 789, "imp": 0}}, {"type": "Feature", "geometry": {"type": "Point", "coordinates": [-35.254665, -7.887181]}, "properties": {"i": 710, "mun": 23795, "ibge": 2604007, "z": 20, "l": 1481, "nm": "ESCOLA MÍNIMA SÃO PEDRO", "nm_mun": "CARPINA", "aptos": 158, "imp": 0}}, {"type": "Feature", "geometry": {"type": "Point", "coordinates": [-35.258793, -7.82609]}, "properties": {"i": 711, "mun": 23795, "ibge": 2604007, "z": 20, "l": 1490, "nm": "ESCOLA MÍNIMA DE FLORESTINHA", "nm_mun": "CARPINA", "aptos": 1577, "imp": 0}}, {"type": "Feature", "geometry": {"type": "Point", "coordinates": [-35.255852, -7.859948]}, "properties": {"i": 712, "mun": 23795, "ibge": 2604007, "z": 20, "l": 1538, "nm": "CRECHE PRÉ-ESCOLA ZITE LAPA", "nm_mun": "CARPINA", "aptos": 1984, "imp": 0}}, {"type": "Feature", "geometry": {"type": "Point", "coordinates": [-35.254396, -7.859711]}, "properties": {"i": 713, "mun": 23795, "ibge": 2604007, "z": 20, "l": 1546, "nm": "ESCOLA MUNICIPAL SOFIA ADELINA DE S. DA SILVA", "nm_mun": "CARPINA", "aptos": 629, "imp": 0}}, {"type": "Feature", "geometry": {"type": "Point", "coordinates": [-35.25332, -7.839838]}, "properties": {"i": 714, "mun": 23795, "ibge": 2604007, "z": 20, "l": 1554, "nm": "ESCOLA TÉCNICA ESTADUAL MARIA EDUARDA RAMOS DE BARROS", "nm_mun": "CARPINA", "aptos": 4220, "imp": 0}}, {"type": "Feature", "geometry": {"type": "Point", "coordinates": [-35.232276, -7.84004]}, "properties": {"i": 715, "mun": 23795, "ibge": 2604007, "z": 20, "l": 1570, "nm": "ESCOLA MUNICIPAL DOUTOR IRINEU DE PONTES VIEIRA", "nm_mun": "CARPINA", "aptos": 3386, "imp": 0}}, {"type": "Feature", "geometry": {"type": "Point", "coordinates": [-35.041103, -7.999671]}, "properties": {"i": 716, "mun": 23795, "ibge": 2604007, "z": 20, "l": 1597, "nm": "ESCOLA ESTADUAL JOÃO CAVALCANTI PETRIBU", "nm_mun": "CARPINA", "aptos": 2732, "imp": 1}}, {"type": "Feature", "geometry": {"type": "Point", "coordinates": [-39.825855, -8.80266]}, "properties": {"i": 717, "mun": 23795, "ibge": 2604007, "z": 20, "l": 1627, "nm": "ESCOLA MUNICIPAL JOAQUIM PINTO LAPA SOBRINHO", "nm_mun": "CARPINA", "aptos": 1283, "imp": 1}}, {"type": "Feature", "geometry": {"type": "Point", "coordinates": [-34.972703, -8.014586]}, "properties": {"i": 718, "mun": 23795, "ibge": 2604007, "z": 20, "l": 1635, "nm": "FACULDADE LUSO-BRASILEIRA - FALUB", "nm_mun": "CARPINA", "aptos": 3001, "imp": 1}}, {"type": "Feature", "geometry": {"type": "Point", "coordinates": [-35.894709, -8.345283]}, "properties": {"i": 719, "mun": 23817, "ibge": 2604106, "z": 41, "l": 1104, "nm": "ESCOLA MUNICIPAL PROFESSORA MARIA CANDIDA", "nm_mun": "CARUARU", "aptos": 695, "imp": 0}}, {"type": "Feature", "geometry": {"type": "Point", "coordinates": [-35.971717, -8.070554]}, "properties": {"i": 720, "mun": 23817, "ibge": 2604106, "z": 41, "l": 1147, "nm": "ESCOLA MUNICIPAL MARIA FELIX DE LIMA", "nm_mun": "CARUARU", "aptos": 2172, "imp": 0}}, {"type": "Feature", "geometry": {"type": "Point", "coordinates": [-36.069976, -8.089701]}, "properties": {"i": 721, "mun": 23817, "ibge": 2604106, "z": 41, "l": 1163, "nm": "ESCOLA MUNICIPAL MARIA JOSE DE FRANCA", "nm_mun": "CARUARU", "aptos": 613, "imp": 0}}, {"type": "Feature", "geometry": {"type": "Point", "coordinates": [-36.022304, -8.114036]}, "properties": {"i": 722, "mun": 23817, "ibge": 2604106, "z": 41, "l": 1171, "nm": "ESCOLA MUNICIPAL JOSÉ CLEMENTE DE SOUZA", "nm_mun": "CARUARU", "aptos": 1603, "imp": 0}}, {"type": "Feature", "geometry": {"type": "Point", "coordinates": [-36.153213, -8.162076]}, "properties": {"i": 723, "mun": 23817, "ibge": 2604106, "z": 41, "l": 1180, "nm": "CRAS - ITAÚNA", "nm_mun": "CARUARU", "aptos": 602, "imp": 0}}, {"type": "Feature", "geometry": {"type": "Point", "coordinates": [-36.064636, -8.059046]}, "properties": {"i": 724, "mun": 23817, "ibge": 2604106, "z": 41, "l": 1210, "nm": "ESCOLA MUNICIPAL MANOEL FELIX DE ALMEIDA", "nm_mun": "CARUARU", "aptos": 658, "imp": 0}}, {"type": "Feature", "geometry": {"type": "Point", "coordinates": [-36.060018, -8.13595]}, "properties": {"i": 725, "mun": 23817, "ibge": 2604106, "z": 41, "l": 1228, "nm": "ESCOLA MUNICIPAL PROFESSORA IVA DO CARMO", "nm_mun": "CARUARU", "aptos": 967, "imp": 0}}, {"type": "Feature", "geometry": {"type": "Point", "coordinates": [-36.101922, -8.009117]}, "properties": {"i": 726, "mun": 23817, "ibge": 2604106, "z": 41, "l": 1236, "nm": "ESCOLA MUNICIPAL LEONOR FELICIDADE DA CONCEIÇÃO", "nm_mun": "CARUARU", "aptos": 215, "imp": 0}}, {"type": "Feature", "geometry": {"type": "Point", "coordinates": [-36.004977, -8.015561]}, "properties": {"i": 727, "mun": 23817, "ibge": 2604106, "z": 41, "l": 1244, "nm": "ESCOLA MUNICIPAL JOAQUIM NABUCO", "nm_mun": "CARUARU", "aptos": 283, "imp": 0}}, {"type": "Feature", "geometry": {"type": "Point", "coordinates": [-36.040715, -8.080401]}, "properties": {"i": 728, "mun": 23817, "ibge": 2604106, "z": 41, "l": 1252, "nm": "ESCOLA MUNICIPAL MANOEL LIMEIRA", "nm_mun": "CARUARU", "aptos": 982, "imp": 0}}, {"type": "Feature", "geometry": {"type": "Point", "coordinates": [-35.88279, -8.257464]}, "properties": {"i": 729, "mun": 23817, "ibge": 2604106, "z": 41, "l": 1309, "nm": "ESCOLA MUNICIPAL TÍPICA RURAL", "nm_mun": "CARUARU", "aptos": 747, "imp": 0}}, {"type": "Feature", "geometry": {"type": "Point", "coordinates": [-35.907957, -8.266485]}, "properties": {"i": 730, "mun": 23817, "ibge": 2604106, "z": 41, "l": 1317, "nm": "ESCOLA MUNICIPAL PROFESSORA MARIA ALICE", "nm_mun": "CARUARU", "aptos": 523, "imp": 0}}, {"type": "Feature", "geometry": {"type": "Point", "coordinates": [-35.916783, -8.248784]}, "properties": {"i": 731, "mun": 23817, "ibge": 2604106, "z": 41, "l": 1325, "nm": "ESCOLA MUNICIPAL SÃO LUIZ GONZAGA", "nm_mun": "CARUARU", "aptos": 616, "imp": 0}}, {"type": "Feature", "geometry": {"type": "Point", "coordinates": [-35.972863, -8.175676]}, "properties": {"i": 732, "mun": 23817, "ibge": 2604106, "z": 41, "l": 1333, "nm": "ESCOLA MUNICIPAL CESARINA MOURA VIEIRA COSTA", "nm_mun": "CARUARU", "aptos": 2524, "imp": 0}}, {"type": "Feature", "geometry": {"type": "Point", "coordinates": [-35.915766, -8.247323]}, "properties": {"i": 733, "mun": 23817, "ibge": 2604106, "z": 41, "l": 1341, "nm": "ESCOLA MUNICIPAL NATALICE LIMEIRA", "nm_mun": "CARUARU", "aptos": 722, "imp": 0}}, {"type": "Feature", "geometry": {"type": "Point", "coordinates": [-35.900459, -8.232067]}, "properties": {"i": 734, "mun": 23817, "ibge": 2604106, "z": 41, "l": 1350, "nm": "ESCOLA MUNICIPAL CAPITÃO JOÃO VELHO", "nm_mun": "CARUARU", "aptos": 1512, "imp": 0}}, {"type": "Feature", "geometry": {"type": "Point", "coordinates": [-36.078589, -8.206551]}, "properties": {"i": 735, "mun": 23817, "ibge": 2604106, "z": 41, "l": 1384, "nm": "ESCOLA MUNICIPAL SANTA INÊS", "nm_mun": "CARUARU", "aptos": 808, "imp": 0}}, {"type": "Feature", "geometry": {"type": "Point", "coordinates": [-36.066316, -8.256561]}, "properties": {"i": 736, "mun": 23817, "ibge": 2604106, "z": 41, "l": 1392, "nm": "ESCOLA MUNICIPAL ABILIO LUIZ DE TORRES", "nm_mun": "CARUARU", "aptos": 1155, "imp": 0}}, {"type": "Feature", "geometry": {"type": "Point", "coordinates": [-36.035278, -8.213472]}, "properties": {"i": 737, "mun": 23817, "ibge": 2604106, "z": 41, "l": 1406, "nm": "ESCOLA MUNICIPAL MARIA DO SOCORRO FREITAS", "nm_mun": "CARUARU", "aptos": 1094, "imp": 0}}, {"type": "Feature", "geometry": {"type": "Point", "coordinates": [-35.917747, -8.199367]}, "properties": {"i": 738, "mun": 23817, "ibge": 2604106, "z": 41, "l": 1422, "nm": "ESCOLA MUNICIPAL FRANCISCO BORGES", "nm_mun": "CARUARU", "aptos": 694, "imp": 0}}, {"type": "Feature", "geometry": {"type": "Point", "coordinates": [-36.100839, -8.139155]}, "properties": {"i": 739, "mun": 23817, "ibge": 2604106, "z": 41, "l": 1430, "nm": "ESCOLA MUNICIPAL JOÃO VENIO DA SILVA", "nm_mun": "CARUARU", "aptos": 424, "imp": 0}}, {"type": "Feature", "geometry": {"type": "Point", "coordinates": [-36.032278, -8.252126]}, "properties": {"i": 740, "mun": 23817, "ibge": 2604106, "z": 41, "l": 1457, "nm": "ESCOLA MUNICIPAL DONA MARIA DIGNA", "nm_mun": "CARUARU", "aptos": 506, "imp": 0}}, {"type": "Feature", "geometry": {"type": "Point", "coordinates": [-36.05174, -8.262765]}, "properties": {"i": 741, "mun": 23817, "ibge": 2604106, "z": 41, "l": 1490, "nm": "ESCOLA MUNICIPAL CACILDA SANTOS", "nm_mun": "CARUARU", "aptos": 482, "imp": 0}}, {"type": "Feature", "geometry": {"type": "Point", "coordinates": [-36.011896, -8.225478]}, "properties": {"i": 742, "mun": 23817, "ibge": 2604106, "z": 41, "l": 1503, "nm": "ESCOLA MUNICIPAL PROFESSORA MARIA DE LOURDES AZEVEDO  LIRA", "nm_mun": "CARUARU", "aptos": 350, "imp": 0}}, {"type": "Feature", "geometry": {"type": "Point", "coordinates": [-35.873313, -8.20909]}, "properties": {"i": 743, "mun": 23817, "ibge": 2604106, "z": 41, "l": 1511, "nm": "ESCOLA MUNICIPAL SÃO VICENTE DE PAULA", "nm_mun": "CARUARU", "aptos": 392, "imp": 0}}, {"type": "Feature", "geometry": {"type": "Point", "coordinates": [-35.938402, -8.186299]}, "properties": {"i": 744, "mun": 23817, "ibge": 2604106, "z": 41, "l": 1520, "nm": "ESCOLA MUNICIPAL JOSEFA MARIA DA CONCEICAO DANDON", "nm_mun": "CARUARU", "aptos": 379, "imp": 0}}, {"type": "Feature", "geometry": {"type": "Point", "coordinates": [-35.977004, -8.22261]}, "properties": {"i": 745, "mun": 23817, "ibge": 2604106, "z": 41, "l": 1554, "nm": "ESCOLA MUNICIPAL DOM MIGUEL SEVERINO DE LIMA", "nm_mun": "CARUARU", "aptos": 617, "imp": 0}}, {"type": "Feature", "geometry": {"type": "Point", "coordinates": [-36.053465, -8.014223]}, "properties": {"i": 746, "mun": 23817, "ibge": 2604106, "z": 41, "l": 1600, "nm": "ESCOLA MUNICIPAL CAPITAO RUFINO", "nm_mun": "CARUARU", "aptos": 635, "imp": 0}}, {"type": "Feature", "geometry": {"type": "Point", "coordinates": [-35.915062, -8.334764]}, "properties": {"i": 747, "mun": 23817, "ibge": 2604106, "z": 41, "l": 1635, "nm": "ESCOLA MUNICIPAL ANTÔNIO MARTINS", "nm_mun": "CARUARU", "aptos": 245, "imp": 0}}, {"type": "Feature", "geometry": {"type": "Point", "coordinates": [-36.15351, -8.162146]}, "properties": {"i": 748, "mun": 23817, "ibge": 2604106, "z": 41, "l": 1651, "nm": "UNIDADE BÁSICA DE SAÚDE - ITAÚNA", "nm_mun": "CARUARU", "aptos": 508, "imp": 0}}, {"type": "Feature", "geometry": {"type": "Point", "coordinates": [-36.04203, -8.079902]}, "properties": {"i": 749, "mun": 23817, "ibge": 2604106, "z": 41, "l": 1660, "nm": "UNIDADE BÁSICA DE SAÚDE - LAJES", "nm_mun": "CARUARU", "aptos": 738, "imp": 0}}, {"type": "Feature", "geometry": {"type": "Point", "coordinates": [-35.960077, -8.279415]}, "properties": {"i": 750, "mun": 23817, "ibge": 2604106, "z": 105, "l": 1023, "nm": "ESCOLA ARNALDO ASSUNCAO", "nm_mun": "CARUARU", "aptos": 4077, "imp": 0}}, {"type": "Feature", "geometry": {"type": "Point", "coordinates": [-35.98885, -8.277299]}, "properties": {"i": 751, "mun": 23817, "ibge": 2604106, "z": 105, "l": 1120, "nm": "ESCOLA PROFESSOR WALFREDO PEREIRA LISBOA", "nm_mun": "CARUARU", "aptos": 5099, "imp": 0}}, {"type": "Feature", "geometry": {"type": "Point", "coordinates": [-35.97914, -8.271601]}, "properties": {"i": 752, "mun": 23817, "ibge": 2604106, "z": 105, "l": 1155, "nm": "ESCOLA JOSE CARLOS FLORENCIO", "nm_mun": "CARUARU", "aptos": 1573, "imp": 0}}, {"type": "Feature", "geometry": {"type": "Point", "coordinates": [-35.969737, -8.281403]}, "properties": {"i": 753, "mun": 23817, "ibge": 2604106, "z": 105, "l": 1171, "nm": "COLEGIO DIOCESANO DE CARUARU", "nm_mun": "CARUARU", "aptos": 6671, "imp": 0}}, {"type": "Feature", "geometry": {"type": "Point", "coordinates": [-35.96868, -8.27933]}, "properties": {"i": 754, "mun": 23817, "ibge": 2604106, "z": 105, "l": 1180, "nm": "COLEGIO ESTADUAL DE CARUARU", "nm_mun": "CARUARU", "aptos": 3904, "imp": 0}}, {"type": "Feature", "geometry": {"type": "Point", "coordinates": [-35.975586, -8.27216]}, "properties": {"i": 755, "mun": 23817, "ibge": 2604106, "z": 105, "l": 1198, "nm": "COLEGIO MUNICIPAL ALVARO LINS", "nm_mun": "CARUARU", "aptos": 7383, "imp": 0}}, {"type": "Feature", "geometry": {"type": "Point", "coordinates": [-35.963726, -8.275011]}, "properties": {"i": 756, "mun": 23817, "ibge": 2604106, "z": 105, "l": 1210, "nm": "COLEGIO PADRE ZACARIAS TAVARES", "nm_mun": "CARUARU", "aptos": 4479, "imp": 0}}, {"type": "Feature", "geometry": {"type": "Point", "coordinates": [-35.964317, -8.277759]}, "properties": {"i": 757, "mun": 23817, "ibge": 2604106, "z": 105, "l": 1228, "nm": "GRUPO ESCOLAR PROFESSORA SINHAZINHA", "nm_mun": "CARUARU", "aptos": 1940, "imp": 0}}, {"type": "Feature", "geometry": {"type": "Point", "coordinates": [-35.992174, -8.285456]}, "properties": {"i": 758, "mun": 23817, "ibge": 2604106, "z": 105, "l": 1252, "nm": "ESCOLA PROFESSORA ELIZETE LOPES", "nm_mun": "CARUARU", "aptos": 5865, "imp": 0}}, {"type": "Feature", "geometry": {"type": "Point", "coordinates": [-35.952249, -8.270831]}, "properties": {"i": 759, "mun": 23817, "ibge": 2604106, "z": 105, "l": 1279, "nm": "ESCOLA PROFESSORA JESUINA PEREIRA REGO", "nm_mun": "CARUARU", "aptos": 3488, "imp": 0}}, {"type": "Feature", "geometry": {"type": "Point", "coordinates": [-35.973954, -8.280323]}, "properties": {"i": 760, "mun": 23817, "ibge": 2604106, "z": 105, "l": 1287, "nm": "INSS", "nm_mun": "CARUARU", "aptos": 2496, "imp": 0}}, {"type": "Feature", "geometry": {"type": "Point", "coordinates": [-35.967946, -8.282015]}, "properties": {"i": 761, "mun": 23817, "ibge": 2604106, "z": 105, "l": 1317, "nm": "ESCOLA DUQUE DE CAXIAS", "nm_mun": "CARUARU", "aptos": 1828, "imp": 0}}, {"type": "Feature", "geometry": {"type": "Point", "coordinates": [-35.96751, -8.273994]}, "properties": {"i": 762, "mun": 23817, "ibge": 2604106, "z": 105, "l": 1333, "nm": "ESCOLA REUNIDA DO ROTARY", "nm_mun": "CARUARU", "aptos": 795, "imp": 0}}, {"type": "Feature", "geometry": {"type": "Point", "coordinates": [-35.964304, -8.268251]}, "properties": {"i": 763, "mun": 23817, "ibge": 2604106, "z": 105, "l": 1341, "nm": "FACULDADE DE DIREITO E ODONTOLOGIA (ASCES)", "nm_mun": "CARUARU", "aptos": 5165, "imp": 0}}, {"type": "Feature", "geometry": {"type": "Point", "coordinates": [-35.965976, -8.283052]}, "properties": {"i": 764, "mun": 23817, "ibge": 2604106, "z": 105, "l": 1350, "nm": "ESPAÇO CULTURAL TANCREDO NEVES", "nm_mun": "CARUARU", "aptos": 4331, "imp": 0}}, {"type": "Feature", "geometry": {"type": "Point", "coordinates": [-35.998083, -8.283319]}, "properties": {"i": 765, "mun": 23817, "ibge": 2604106, "z": 105, "l": 1368, "nm": "ESCOLA SANTO AMARO", "nm_mun": "CARUARU", "aptos": 3916, "imp": 0}}, {"type": "Feature", "geometry": {"type": "Point", "coordinates": [-36.001249, -8.278184]}, "properties": {"i": 766, "mun": 23817, "ibge": 2604106, "z": 105, "l": 1376, "nm": "ESCOLA MUNICIPAL DEPUTADA CRISTINA TAVARES", "nm_mun": "CARUARU", "aptos": 5483, "imp": 0}}, {"type": "Feature", "geometry": {"type": "Point", "coordinates": [-35.985766, -8.2799]}, "properties": {"i": 767, "mun": 23817, "ibge": 2604106, "z": 105, "l": 1384, "nm": "CENTRO DE APOIO INTEGRAL A CRIANCA - CAIC", "nm_mun": "CARUARU", "aptos": 3417, "imp": 0}}, {"type": "Feature", "geometry": {"type": "Point", "coordinates": [-35.957593, -8.271954]}, "properties": {"i": 768, "mun": 23817, "ibge": 2604106, "z": 105, "l": 1392, "nm": "ESCOLA MUNICIPAL PROFESSORA LAURA FLORENCIO", "nm_mun": "CARUARU", "aptos": 3934, "imp": 0}}, {"type": "Feature", "geometry": {"type": "Point", "coordinates": [-35.956465, -8.265611]}, "properties": {"i": 769, "mun": 23817, "ibge": 2604106, "z": 105, "l": 1414, "nm": "ESCOLA JOSELIA FLORENCIO DA SILVEIRA", "nm_mun": "CARUARU", "aptos": 5651, "imp": 0}}, {"type": "Feature", "geometry": {"type": "Point", "coordinates": [-35.996356, -8.280901]}, "properties": {"i": 770, "mun": 23817, "ibge": 2604106, "z": 105, "l": 1430, "nm": "SERVIÇO NACIONAL DE APRENDIZAGEM INDUSTRIAL - SENAI", "nm_mun": "CARUARU", "aptos": 2777, "imp": 0}}, {"type": "Feature", "geometry": {"type": "Point", "coordinates": [-35.959266, -8.280039]}, "properties": {"i": 771, "mun": 23817, "ibge": 2604106, "z": 105, "l": 1457, "nm": "ESCOLA ESTADUAL PROFESSOR JOSÉ BIONE DE ARAÚJO", "nm_mun": "CARUARU", "aptos": 2333, "imp": 0}}, {"type": "Feature", "geometry": {"type": "Point", "coordinates": [-35.994351, -8.284205]}, "properties": {"i": 772, "mun": 23817, "ibge": 2604106, "z": 105, "l": 1465, "nm": "CENTRO DE EDUCAÇÃO INFANTIL LIONS CLUB CARUARU", "nm_mun": "CARUARU", "aptos": 2777, "imp": 0}}, {"type": "Feature", "geometry": {"type": "Point", "coordinates": [-35.994409, -8.271127]}, "properties": {"i": 773, "mun": 23817, "ibge": 2604106, "z": 105, "l": 1473, "nm": "SESI - SERVIÇO SOCIAL DA INDÚSTRIA", "nm_mun": "CARUARU", "aptos": 4700, "imp": 0}}, {"type": "Feature", "geometry": {"type": "Point", "coordinates": [-35.995271, -8.274741]}, "properties": {"i": 774, "mun": 23817, "ibge": 2604106, "z": 105, "l": 1490, "nm": "ESCOLA MUNICIPAL PROFª TERESA NEUMA P. PEDROSA", "nm_mun": "CARUARU", "aptos": 3568, "imp": 0}}, {"type": "Feature", "geometry": {"type": "Point", "coordinates": [-36.01852, -8.2897]}, "properties": {"i": 775, "mun": 23817, "ibge": 2604106, "z": 105, "l": 1503, "nm": "INSTITUTO FEDERAL DE PERNAMBUCO - IFPE", "nm_mun": "CARUARU", "aptos": 1653, "imp": 0}}, {"type": "Feature", "geometry": {"type": "Point", "coordinates": [-36.031098, -8.298238]}, "properties": {"i": 776, "mun": 23817, "ibge": 2604106, "z": 105, "l": 1511, "nm": "ESCOLA MUNICIPAL MESTRE VITALINO", "nm_mun": "CARUARU", "aptos": 2106, "imp": 0}}, {"type": "Feature", "geometry": {"type": "Point", "coordinates": [-35.985746, -8.273897]}, "properties": {"i": 777, "mun": 23817, "ibge": 2604106, "z": 105, "l": 1520, "nm": "ESCOLA MUNICIPAL PROFESSOR JOSÉ LAURENTINO SANTOS", "nm_mun": "CARUARU", "aptos": 2360, "imp": 0}}, {"type": "Feature", "geometry": {"type": "Point", "coordinates": [-36.00383, -8.26515]}, "properties": {"i": 778, "mun": 23817, "ibge": 2604106, "z": 105, "l": 1538, "nm": "ESCOLA MUNICIPAL MARGARIDA MARIA DE FARIAS BARROS MIRANDA", "nm_mun": "CARUARU", "aptos": 2752, "imp": 0}}, {"type": "Feature", "geometry": {"type": "Point", "coordinates": [-35.978163, -8.272878]}, "properties": {"i": 779, "mun": 23817, "ibge": 2604106, "z": 105, "l": 1546, "nm": "COLÉGIO ADVENTISTA DE CARUARU", "nm_mun": "CARUARU", "aptos": 2199, "imp": 0}}, {"type": "Feature", "geometry": {"type": "Point", "coordinates": [-36.058071, -8.288461]}, "properties": {"i": 780, "mun": 23817, "ibge": 2604106, "z": 105, "l": 1562, "nm": "ESCOLA MUNICIPAL DOM BERNARDINO MARCHIÓ", "nm_mun": "CARUARU", "aptos": 945, "imp": 0}}, {"type": "Feature", "geometry": {"type": "Point", "coordinates": [-35.970467, -8.265142]}, "properties": {"i": 781, "mun": 23817, "ibge": 2604106, "z": 105, "l": 1570, "nm": "COLÉGIO MOTIVO", "nm_mun": "CARUARU", "aptos": 2788, "imp": 0}}, {"type": "Feature", "geometry": {"type": "Point", "coordinates": [-36.040008, -8.296228]}, "properties": {"i": 782, "mun": 23817, "ibge": 2604106, "z": 105, "l": 1600, "nm": "ESCOLA MUNICIPAL MARIA ANUNCIADA RODRIGUES", "nm_mun": "CARUARU", "aptos": 789, "imp": 0}}, {"type": "Feature", "geometry": {"type": "Point", "coordinates": [-40.508808, -9.385551]}, "properties": {"i": 783, "mun": 23817, "ibge": 2604106, "z": 105, "l": 1619, "nm": "CMEI/CRECHE PROFESSOR CARLOS ANTONIO AMARAL DE ALMEIDA", "nm_mun": "CARUARU", "aptos": 351, "imp": 1}}, {"type": "Feature", "geometry": {"type": "Point", "coordinates": [-36.001249, -8.278184]}, "properties": {"i": 784, "mun": 23817, "ibge": 2604106, "z": 105, "l": 1627, "nm": "CMEI/CRECHE BABU", "nm_mun": "CARUARU", "aptos": 997, "imp": 1}}, {"type": "Feature", "geometry": {"type": "Point", "coordinates": [-36.058071, -8.288461]}, "properties": {"i": 785, "mun": 23817, "ibge": 2604106, "z": 105, "l": 1635, "nm": "CMEI/CRECHE PROFESSORA MARIA DE LOURDES NASCIMENTO PONTES", "nm_mun": "CARUARU", "aptos": 445, "imp": 1}}, {"type": "Feature", "geometry": {"type": "Point", "coordinates": [-40.508808, -9.385551]}, "properties": {"i": 786, "mun": 23817, "ibge": 2604106, "z": 105, "l": 1643, "nm": "CMEI/CRECHE IRMÃ ROSÁLIA", "nm_mun": "CARUARU", "aptos": 416, "imp": 1}}, {"type": "Feature", "geometry": {"type": "Point", "coordinates": [-38.29388, -7.978499]}, "properties": {"i": 787, "mun": 23817, "ibge": 2604106, "z": 105, "l": 1651, "nm": "CMEI/CRECHE PREFEITO ANASTÁCIO RODRIGUES DA SILVA", "nm_mun": "CARUARU", "aptos": 307, "imp": 1}}, {"type": "Feature", "geometry": {"type": "Point", "coordinates": [-36.478192, -8.905468]}, "properties": {"i": 788, "mun": 23817, "ibge": 2604106, "z": 105, "l": 1660, "nm": "CMEI/CRECHE ARTISTA PLÁSTICA LUIZA CAVALCANTI MACIEL", "nm_mun": "CARUARU", "aptos": 1032, "imp": 1}}, {"type": "Feature", "geometry": {"type": "Point", "coordinates": [-34.837183, -7.944374]}, "properties": {"i": 789, "mun": 23817, "ibge": 2604106, "z": 105, "l": 1678, "nm": "CMEI/CRECHE IVANISE FLORA ARAUJO DE MENEZES", "nm_mun": "CARUARU", "aptos": 1102, "imp": 1}}, {"type": "Feature", "geometry": {"type": "Point", "coordinates": [-38.747022, -7.881078]}, "properties": {"i": 790, "mun": 23817, "ibge": 2604106, "z": 105, "l": 1686, "nm": "ESCOLA MUNICIPAL SANTOS ANJOS", "nm_mun": "CARUARU", "aptos": 772, "imp": 1}}, {"type": "Feature", "geometry": {"type": "Point", "coordinates": [-34.905418, -8.049701]}, "properties": {"i": 791, "mun": 23817, "ibge": 2604106, "z": 105, "l": 1694, "nm": "ASCES-UNITA (CAMPUS II)", "nm_mun": "CARUARU", "aptos": 1593, "imp": 1}}, {"type": "Feature", "geometry": {"type": "Point", "coordinates": [-35.98376, -8.296772]}, "properties": {"i": 792, "mun": 23817, "ibge": 2604106, "z": 106, "l": 1015, "nm": "ESCOLA MUNICIPAL PROFESSORA GIANETE SILVA", "nm_mun": "CARUARU", "aptos": 2373, "imp": 0}}, {"type": "Feature", "geometry": {"type": "Point", "coordinates": [-35.971482, -8.286864]}, "properties": {"i": 793, "mun": 23817, "ibge": 2604106, "z": 106, "l": 1031, "nm": "CAMARA MUNICIPAL DE CARUARU", "nm_mun": "CARUARU", "aptos": 1957, "imp": 0}}, {"type": "Feature", "geometry": {"type": "Point", "coordinates": [-35.972486, -8.287107]}, "properties": {"i": 794, "mun": 23817, "ibge": 2604106, "z": 106, "l": 1040, "nm": "COLEGIO SAGRADO CORACAO", "nm_mun": "CARUARU", "aptos": 3692, "imp": 0}}, {"type": "Feature", "geometry": {"type": "Point", "coordinates": [-35.972108, -8.292934]}, "properties": {"i": 795, "mun": 23817, "ibge": 2604106, "z": 106, "l": 1058, "nm": "SERVICO SOCIAL DO COMERCIO - SESC", "nm_mun": "CARUARU", "aptos": 1945, "imp": 0}}, {"type": "Feature", "geometry": {"type": "Point", "coordinates": [-35.964771, -8.299185]}, "properties": {"i": 796, "mun": 23817, "ibge": 2604106, "z": 106, "l": 1066, "nm": "ESCOLA MUNICIPAL PROFESSOR LUIZ PESSOA DA SILVA", "nm_mun": "CARUARU", "aptos": 3942, "imp": 0}}, {"type": "Feature", "geometry": {"type": "Point", "coordinates": [-35.932756, -8.280482]}, "properties": {"i": 797, "mun": 23817, "ibge": 2604106, "z": 106, "l": 1074, "nm": "ESCOLA ESTADUAL PROFESSORA MARIA AUXILIADORA LIBERATO", "nm_mun": "CARUARU", "aptos": 4341, "imp": 0}}, {"type": "Feature", "geometry": {"type": "Point", "coordinates": [-35.961106, -8.291362]}, "properties": {"i": 798, "mun": 23817, "ibge": 2604106, "z": 106, "l": 1082, "nm": "COLEGIO ESTADUAL NICANOR SOUTO MAIOR", "nm_mun": "CARUARU", "aptos": 6309, "imp": 0}}, {"type": "Feature", "geometry": {"type": "Point", "coordinates": [-35.958652, -8.291117]}, "properties": {"i": 799, "mun": 23817, "ibge": 2604106, "z": 106, "l": 1090, "nm": "GERÊNCIA REGIONAL DE EDUCAÇÃO - GRE", "nm_mun": "CARUARU", "aptos": 2153, "imp": 0}}, {"type": "Feature", "geometry": {"type": "Point", "coordinates": [-35.97838, -8.299553]}, "properties": {"i": 800, "mun": 23817, "ibge": 2604106, "z": 106, "l": 1112, "nm": "ESCOLA MUNICIPAL PEDRO DE SOUZA", "nm_mun": "CARUARU", "aptos": 2491, "imp": 0}}, {"type": "Feature", "geometry": {"type": "Point", "coordinates": [-35.973824, -8.296877]}, "properties": {"i": 801, "mun": 23817, "ibge": 2604106, "z": 106, "l": 1120, "nm": "ESCOLA ESTADUAL PROFESSORA  ADELIA LEAL FERREIRA", "nm_mun": "CARUARU", "aptos": 2688, "imp": 0}}, {"type": "Feature", "geometry": {"type": "Point", "coordinates": [-35.980358, -8.288382]}, "properties": {"i": 802, "mun": 23817, "ibge": 2604106, "z": 106, "l": 1139, "nm": "ESCOLA MUNICIPAL AUGUSTO TABOSA", "nm_mun": "CARUARU", "aptos": 1923, "imp": 0}}, {"type": "Feature", "geometry": {"type": "Point", "coordinates": [-35.975856, -8.307702]}, "properties": {"i": 803, "mun": 23817, "ibge": 2604106, "z": 106, "l": 1147, "nm": "ESCOLA ESTADUAL PROFESSORA ROSILDA MACIEL VIEIRA", "nm_mun": "CARUARU", "aptos": 1986, "imp": 0}}, {"type": "Feature", "geometry": {"type": "Point", "coordinates": [-35.969137, -8.294979]}, "properties": {"i": 804, "mun": 23817, "ibge": 2604106, "z": 106, "l": 1155, "nm": "ESCOLA ESTADUAL DOM MIGUEL DE LIMA VALVERDE (INDUSTRIAL)", "nm_mun": "CARUARU", "aptos": 3164, "imp": 0}}, {"type": "Feature", "geometry": {"type": "Point", "coordinates": [-35.969509, -8.29268]}, "properties": {"i": 805, "mun": 23817, "ibge": 2604106, "z": 106, "l": 1163, "nm": "ESCOLA ESTADUAL PROFESSOR MARIO SETE", "nm_mun": "CARUARU", "aptos": 4300, "imp": 0}}, {"type": "Feature", "geometry": {"type": "Point", "coordinates": [-35.970204, -8.292842]}, "properties": {"i": 806, "mun": 23817, "ibge": 2604106, "z": 106, "l": 1171, "nm": "ESCOLA ESTADUAL FELISBERTO DE CARVALHO", "nm_mun": "CARUARU", "aptos": 1309, "imp": 0}}, {"type": "Feature", "geometry": {"type": "Point", "coordinates": [-35.966741, -8.284276]}, "properties": {"i": 807, "mun": 23817, "ibge": 2604106, "z": 106, "l": 1198, "nm": "E.T.I. REUNIDAS DUQUE DE CAXIAS - ANTIGA POLITEC/SETE DE SETEMBRO", "nm_mun": "CARUARU", "aptos": 1562, "imp": 0}}, {"type": "Feature", "geometry": {"type": "Point", "coordinates": [-35.973192, -8.286662]}, "properties": {"i": 808, "mun": 23817, "ibge": 2604106, "z": 106, "l": 1236, "nm": "SECRETARIA DA FAZENDA DE PERNAMBUCO - AGÊNCIA DA RECEITA ESTADUAL", "nm_mun": "CARUARU", "aptos": 941, "imp": 0}}, {"type": "Feature", "geometry": {"type": "Point", "coordinates": [-35.976412, -8.288233]}, "properties": {"i": 809, "mun": 23817, "ibge": 2604106, "z": 106, "l": 1244, "nm": "DEPARTAMENTO DE ESTRADAS E RODAGENS - DER", "nm_mun": "CARUARU", "aptos": 1097, "imp": 0}}, {"type": "Feature", "geometry": {"type": "Point", "coordinates": [-35.979148, -8.287434]}, "properties": {"i": 810, "mun": 23817, "ibge": 2604106, "z": 106, "l": 1252, "nm": "ESCOLA ESTADUAL ANTONIA CAVALCANTI DE ALBUQUERQUE", "nm_mun": "CARUARU", "aptos": 3077, "imp": 0}}, {"type": "Feature", "geometry": {"type": "Point", "coordinates": [-35.973597, -8.298649]}, "properties": {"i": 811, "mun": 23817, "ibge": 2604106, "z": 106, "l": 1279, "nm": "ESCOLA MUN. N.SRA  FÁTIMA (SEÇÕES DA FAFICA)", "nm_mun": "CARUARU", "aptos": 6246, "imp": 0}}, {"type": "Feature", "geometry": {"type": "Point", "coordinates": [-35.961562, -8.284544]}, "properties": {"i": 812, "mun": 23817, "ibge": 2604106, "z": 106, "l": 1287, "nm": "COLÉGIO FRANCISCANO SANTA MARIA DOS ANJOS (CASA DA CRIANCA)", "nm_mun": "CARUARU", "aptos": 3435, "imp": 0}}, {"type": "Feature", "geometry": {"type": "Point", "coordinates": [-35.980591, -8.288506]}, "properties": {"i": 813, "mun": 23817, "ibge": 2604106, "z": 106, "l": 1325, "nm": "ANEXO DA ESCOLA MUNICIPAL AUGUSTO TABOSA (ANTIGO COLÉGIO DIMENSÃO)", "nm_mun": "CARUARU", "aptos": 1574, "imp": 0}}, {"type": "Feature", "geometry": {"type": "Point", "coordinates": [-35.976069, -8.291145]}, "properties": {"i": 814, "mun": 23817, "ibge": 2604106, "z": 106, "l": 1333, "nm": "ESCOLA MUNICIPAL JOSÉ FLORÊNCIO NETO (PROFESSOR MACHADINHO)", "nm_mun": "CARUARU", "aptos": 1789, "imp": 0}}, {"type": "Feature", "geometry": {"type": "Point", "coordinates": [-35.968693, -8.299183]}, "properties": {"i": 815, "mun": 23817, "ibge": 2604106, "z": 106, "l": 1341, "nm": "ESCOLA MUNICIPAL PROFESSOR KERMÓGENES DIAS DE ARAÚJO", "nm_mun": "CARUARU", "aptos": 2223, "imp": 0}}, {"type": "Feature", "geometry": {"type": "Point", "coordinates": [-35.934221, -8.280005]}, "properties": {"i": 816, "mun": 23817, "ibge": 2604106, "z": 106, "l": 1376, "nm": "ESCOLA MUNICIPAL PROFESSOR AMARO MATIAS", "nm_mun": "CARUARU", "aptos": 1177, "imp": 0}}, {"type": "Feature", "geometry": {"type": "Point", "coordinates": [-35.952631, -8.294355]}, "properties": {"i": 817, "mun": 23817, "ibge": 2604106, "z": 106, "l": 1384, "nm": "FAVIP - FACULDADE DO VALE DO IPOJUCA", "nm_mun": "CARUARU", "aptos": 2097, "imp": 0}}, {"type": "Feature", "geometry": {"type": "Point", "coordinates": [-35.945356, -8.286461]}, "properties": {"i": 818, "mun": 23817, "ibge": 2604106, "z": 106, "l": 1392, "nm": "CENTRO MUNICIPAL DE EDUCAÇÃO INFANTIL MARIA DO CARMO (DONA BIU)-CRECHE", "nm_mun": "CARUARU", "aptos": 1971, "imp": 0}}, {"type": "Feature", "geometry": {"type": "Point", "coordinates": [-35.95128, -8.281928]}, "properties": {"i": 819, "mun": 23817, "ibge": 2604106, "z": 106, "l": 1406, "nm": "ESCOLA MUNICIPAL PROFESSOR ALTAIR NUNES PORTO FILHO", "nm_mun": "CARUARU", "aptos": 3673, "imp": 0}}, {"type": "Feature", "geometry": {"type": "Point", "coordinates": [-35.966819, -8.284371]}, "properties": {"i": 820, "mun": 23817, "ibge": 2604106, "z": 106, "l": 1414, "nm": "ESC. MUN PROFª MARIANA DE LOURDES LIMA (SEÇÕES REUNIDA DUQUE CAXIAS)", "nm_mun": "CARUARU", "aptos": 742, "imp": 0}}, {"type": "Feature", "geometry": {"type": "Point", "coordinates": [-35.977258, -8.281458]}, "properties": {"i": 821, "mun": 23817, "ibge": 2604106, "z": 106, "l": 1422, "nm": "CMEI - DOM ANTONIO SOARES COSTA-ANEXO ANTENOR SIMÕES (GUIOMAR LIRA)", "nm_mun": "CARUARU", "aptos": 1484, "imp": 0}}, {"type": "Feature", "geometry": {"type": "Point", "coordinates": [-35.975815, -8.281887]}, "properties": {"i": 822, "mun": 23817, "ibge": 2604106, "z": 106, "l": 1430, "nm": "COLÉGIO ALTERNATIVO - UNIDADE II", "nm_mun": "CARUARU", "aptos": 1587, "imp": 0}}, {"type": "Feature", "geometry": {"type": "Point", "coordinates": [-35.975276, -8.283267]}, "properties": {"i": 823, "mun": 23817, "ibge": 2604106, "z": 106, "l": 1449, "nm": "GRUPO ESCOLAR PROF. JOSE LEAO", "nm_mun": "CARUARU", "aptos": 1621, "imp": 0}}, {"type": "Feature", "geometry": {"type": "Point", "coordinates": [-35.978428, -8.279699]}, "properties": {"i": 824, "mun": 23817, "ibge": 2604106, "z": 106, "l": 1457, "nm": "ESCOLA DOM VITAL", "nm_mun": "CARUARU", "aptos": 4662, "imp": 0}}, {"type": "Feature", "geometry": {"type": "Point", "coordinates": [-35.944762, -8.302764]}, "properties": {"i": 825, "mun": 23817, "ibge": 2604106, "z": 106, "l": 1465, "nm": "ESCOLA MUNICIPAL MANOEL BANDEIRA", "nm_mun": "CARUARU", "aptos": 632, "imp": 0}}, {"type": "Feature", "geometry": {"type": "Point", "coordinates": [-35.965968, -8.28403]}, "properties": {"i": 826, "mun": 23817, "ibge": 2604106, "z": 106, "l": 1473, "nm": "GRUPO ESCOLAR VICENTE MONTEIRO", "nm_mun": "CARUARU", "aptos": 2307, "imp": 0}}, {"type": "Feature", "geometry": {"type": "Point", "coordinates": [-36.031781, -8.342757]}, "properties": {"i": 827, "mun": 23817, "ibge": 2604106, "z": 106, "l": 1481, "nm": "ESCOLA MUNICIPAL PROFESSORA MARIA BEZERRA TORRES", "nm_mun": "CARUARU", "aptos": 1546, "imp": 0}}, {"type": "Feature", "geometry": {"type": "Point", "coordinates": [-36.032607, -8.341806]}, "properties": {"i": 828, "mun": 23817, "ibge": 2604106, "z": 106, "l": 1503, "nm": "CEMEI VEREADOR JOSÉ AILTON DO NASCIMENTO ", "nm_mun": "CARUARU", "aptos": 702, "imp": 0}}, {"type": "Feature", "geometry": {"type": "Point", "coordinates": [-35.958454, -8.333654]}, "properties": {"i": 829, "mun": 23817, "ibge": 2604106, "z": 106, "l": 1511, "nm": "ESCOLA MUNICIPAL JOSE BARBOSA", "nm_mun": "CARUARU", "aptos": 399, "imp": 0}}, {"type": "Feature", "geometry": {"type": "Point", "coordinates": [-36.067878, -8.343036]}, "properties": {"i": 830, "mun": 23817, "ibge": 2604106, "z": 106, "l": 1520, "nm": "CEMEI VILA PELADAS (SEÇÕES DO LANDELINO ROCHA)", "nm_mun": "CARUARU", "aptos": 2269, "imp": 0}}, {"type": "Feature", "geometry": {"type": "Point", "coordinates": [-36.023538, -8.309519]}, "properties": {"i": 831, "mun": 23817, "ibge": 2604106, "z": 106, "l": 1538, "nm": "ESCOLA PRESIDENTE KENNEDY", "nm_mun": "CARUARU", "aptos": 2958, "imp": 0}}, {"type": "Feature", "geometry": {"type": "Point", "coordinates": [-36.010756, -8.331515]}, "properties": {"i": 832, "mun": 23817, "ibge": 2604106, "z": 106, "l": 1546, "nm": "ESCOLA REUNIDA PEDRO DE ANDRADE", "nm_mun": "CARUARU", "aptos": 348, "imp": 0}}, {"type": "Feature", "geometry": {"type": "Point", "coordinates": [-35.986095, -8.374088]}, "properties": {"i": 833, "mun": 23817, "ibge": 2604106, "z": 106, "l": 1554, "nm": "ESCOLA MUNICIPAL DOUTOR TABOSA DE ALMEIDA", "nm_mun": "CARUARU", "aptos": 1271, "imp": 0}}, {"type": "Feature", "geometry": {"type": "Point", "coordinates": [-35.949172, -8.277187]}, "properties": {"i": 834, "mun": 23817, "ibge": 2604106, "z": 106, "l": 1562, "nm": "ESCOLA EM TEMPO INTEGRAL PROFESSOR RUBEM DE LIMA BARROS", "nm_mun": "CARUARU", "aptos": 2074, "imp": 0}}, {"type": "Feature", "geometry": {"type": "Point", "coordinates": [-36.033069, -8.309493]}, "properties": {"i": 835, "mun": 23817, "ibge": 2604106, "z": 106, "l": 1570, "nm": "ESCOLA MUNICIPAL PADRE PEDRO BATISTA DE AGUIAR", "nm_mun": "CARUARU", "aptos": 838, "imp": 0}}, {"type": "Feature", "geometry": {"type": "Point", "coordinates": [-35.930954, -8.272838]}, "properties": {"i": 836, "mun": 23817, "ibge": 2604106, "z": 106, "l": 1589, "nm": "CEMEI - JOSÉ PINHEIRO DOS SANTOS FILHO", "nm_mun": "CARUARU", "aptos": 2255, "imp": 0}}, {"type": "Feature", "geometry": {"type": "Point", "coordinates": [-35.931952, -8.278698]}, "properties": {"i": 837, "mun": 23817, "ibge": 2604106, "z": 106, "l": 1600, "nm": "ESCOLA MUNICIPAL DAS RENDEIRAS (LEUDO VALENÇA)", "nm_mun": "CARUARU", "aptos": 2627, "imp": 0}}, {"type": "Feature", "geometry": {"type": "Point", "coordinates": [-38.306115, -8.004086]}, "properties": {"i": 838, "mun": 23817, "ibge": 2604106, "z": 106, "l": 1619, "nm": "CEMEI - WIRTON LYRA", "nm_mun": "CARUARU", "aptos": 304, "imp": 1}}, {"type": "Feature", "geometry": {"type": "Point", "coordinates": [-35.045192, -8.297768]}, "properties": {"i": 839, "mun": 23817, "ibge": 2604106, "z": 106, "l": 1635, "nm": "CMEI - JUSTINA DE FREITAS", "nm_mun": "CARUARU", "aptos": 841, "imp": 1}}, {"type": "Feature", "geometry": {"type": "Point", "coordinates": [-35.763347, -7.834328]}, "properties": {"i": 840, "mun": 23817, "ibge": 2604106, "z": 106, "l": 1651, "nm": "CMEI - PROFª MARIA ALEIR RIBEIRO GALVÃO", "nm_mun": "CARUARU", "aptos": 979, "imp": 1}}, {"type": "Feature", "geometry": {"type": "Point", "coordinates": [-34.914191, -7.827077]}, "properties": {"i": 841, "mun": 23817, "ibge": 2604106, "z": 106, "l": 1660, "nm": "CMEI - HELENA MARTINS GOMES", "nm_mun": "CARUARU", "aptos": 852, "imp": 1}}, {"type": "Feature", "geometry": {"type": "Point", "coordinates": [-34.84442, -7.916654]}, "properties": {"i": 842, "mun": 23817, "ibge": 2604106, "z": 106, "l": 1678, "nm": "ESCOLA PAULINA MONTEIRO", "nm_mun": "CARUARU", "aptos": 763, "imp": 1}}, {"type": "Feature", "geometry": {"type": "Point", "coordinates": [-35.725616, -8.668378]}, "properties": {"i": 843, "mun": 23833, "ibge": 2604205, "z": 43, "l": 1031, "nm": "ESCOLA ESTADUAL COSTA AZEVEDO", "nm_mun": "CATENDE", "aptos": 3000, "imp": 0}}, {"type": "Feature", "geometry": {"type": "Point", "coordinates": [-35.721821, -8.668181]}, "properties": {"i": 844, "mun": 23833, "ibge": 2604205, "z": 43, "l": 1040, "nm": "COLEGIO SANTA TEREZINHA", "nm_mun": "CATENDE", "aptos": 2712, "imp": 0}}, {"type": "Feature", "geometry": {"type": "Point", "coordinates": [-35.720791, -8.671255]}, "properties": {"i": 845, "mun": 23833, "ibge": 2604205, "z": 43, "l": 1058, "nm": "ESCOLA BOM CONSELHO", "nm_mun": "CATENDE", "aptos": 1945, "imp": 0}}, {"type": "Feature", "geometry": {"type": "Point", "coordinates": [-35.719531, -8.663768]}, "properties": {"i": 846, "mun": 23833, "ibge": 2604205, "z": 43, "l": 1066, "nm": "ESCOLA MENDO SAMPAIO", "nm_mun": "CATENDE", "aptos": 3811, "imp": 0}}, {"type": "Feature", "geometry": {"type": "Point", "coordinates": [-35.722338, -8.669098]}, "properties": {"i": 847, "mun": 23833, "ibge": 2604205, "z": 43, "l": 1082, "nm": "GINASIO DE ESPORTES ASCENSO FERREIRA", "nm_mun": "CATENDE", "aptos": 1229, "imp": 0}}, {"type": "Feature", "geometry": {"type": "Point", "coordinates": [-35.723045, -8.669407]}, "properties": {"i": 848, "mun": 23833, "ibge": 2604205, "z": 43, "l": 1090, "nm": "GINASIO MUNICIPAL JOSE EUGENIO CAVALCANTE", "nm_mun": "CATENDE", "aptos": 2075, "imp": 0}}, {"type": "Feature", "geometry": {"type": "Point", "coordinates": [-35.722274, -8.670405]}, "properties": {"i": 849, "mun": 23833, "ibge": 2604205, "z": 43, "l": 1104, "nm": "GRUPO ESCOLAR HERCULANO BANDEIRA", "nm_mun": "CATENDE", "aptos": 1595, "imp": 0}}, {"type": "Feature", "geometry": {"type": "Point", "coordinates": [-35.730874, -8.670616]}, "properties": {"i": 850, "mun": 23833, "ibge": 2604205, "z": 43, "l": 1120, "nm": "ESCOLA ATHAYDE ACCIOLY LINS", "nm_mun": "CATENDE", "aptos": 2318, "imp": 0}}, {"type": "Feature", "geometry": {"type": "Point", "coordinates": [-35.767967, -8.597988]}, "properties": {"i": 851, "mun": 23833, "ibge": 2604205, "z": 43, "l": 1139, "nm": "ESCOLA SOFIA SAMPAIO", "nm_mun": "CATENDE", "aptos": 2591, "imp": 0}}, {"type": "Feature", "geometry": {"type": "Point", "coordinates": [-35.76637, -8.598053]}, "properties": {"i": 852, "mun": 23833, "ibge": 2604205, "z": 43, "l": 1147, "nm": "ESCOLA ZILDE FEIJO", "nm_mun": "CATENDE", "aptos": 1174, "imp": 0}}, {"type": "Feature", "geometry": {"type": "Point", "coordinates": [-35.728675, -8.671007]}, "properties": {"i": 853, "mun": 23833, "ibge": 2604205, "z": 43, "l": 1295, "nm": "ESCOLA ÁLVARO DO REGO BARROS", "nm_mun": "CATENDE", "aptos": 1257, "imp": 0}}, {"type": "Feature", "geometry": {"type": "Point", "coordinates": [-35.739833, -8.656691]}, "properties": {"i": 854, "mun": 23833, "ibge": 2604205, "z": 43, "l": 1309, "nm": "ESCOLA TOBIAS BARRETO", "nm_mun": "CATENDE", "aptos": 761, "imp": 0}}, {"type": "Feature", "geometry": {"type": "Point", "coordinates": [-35.738854, -8.669657]}, "properties": {"i": 855, "mun": 23833, "ibge": 2604205, "z": 43, "l": 1317, "nm": "ESCOLA PROFESSOR EDGAR BRITTO DE ALMEIDA", "nm_mun": "CATENDE", "aptos": 1469, "imp": 0}}, {"type": "Feature", "geometry": {"type": "Point", "coordinates": [-39.234881, -7.721448]}, "properties": {"i": 856, "mun": 23850, "ibge": 2604304, "z": 76, "l": 1058, "nm": "ESCOLA JOSE URIAS NOVAES", "nm_mun": "CEDRO", "aptos": 3004, "imp": 0}}, {"type": "Feature", "geometry": {"type": "Point", "coordinates": [-39.239202, -7.716459]}, "properties": {"i": 857, "mun": 23850, "ibge": 2604304, "z": 76, "l": 1066, "nm": "ESCOLA MUNICIPAL JOSÉ INÁCIO LEITE", "nm_mun": "CEDRO", "aptos": 2422, "imp": 0}}, {"type": "Feature", "geometry": {"type": "Point", "coordinates": [-39.240735, -7.714465]}, "properties": {"i": 858, "mun": 23850, "ibge": 2604304, "z": 76, "l": 1104, "nm": "ESCOLA WALDICLEINTSON DA SILVA MENEZES", "nm_mun": "CEDRO", "aptos": 1955, "imp": 0}}, {"type": "Feature", "geometry": {"type": "Point", "coordinates": [-39.236082, -7.720083]}, "properties": {"i": 859, "mun": 23850, "ibge": 2604304, "z": 76, "l": 1139, "nm": "ESCOLA MANOEL JOAQUIM LEITE", "nm_mun": "CEDRO", "aptos": 2824, "imp": 0}}, {"type": "Feature", "geometry": {"type": "Point", "coordinates": [-35.213569, -7.994379]}, "properties": {"i": 860, "mun": 23876, "ibge": 2604403, "z": 21, "l": 1058, "nm": "ESCOLA PRESIDENTE COSTA E SILVA", "nm_mun": "CHÃ DE ALEGRIA", "aptos": 3683, "imp": 0}}, {"type": "Feature", "geometry": {"type": "Point", "coordinates": [-35.212472, -8.000477]}, "properties": {"i": 861, "mun": 23876, "ibge": 2604403, "z": 21, "l": 1120, "nm": "ESCOLA JOÃO CAVALCANTE FERRAZ FILHO", "nm_mun": "CHÃ DE ALEGRIA", "aptos": 4017, "imp": 0}}, {"type": "Feature", "geometry": {"type": "Point", "coordinates": [-35.211259, -8.000659]}, "properties": {"i": 862, "mun": 23876, "ibge": 2604403, "z": 21, "l": 1147, "nm": "ESCOLA MUNICIPAL JULIO CARNEIRO DA SILVA", "nm_mun": "CHÃ DE ALEGRIA", "aptos": 3454, "imp": 0}}, {"type": "Feature", "geometry": {"type": "Point", "coordinates": [-38.747022, -7.881078]}, "properties": {"i": 863, "mun": 23876, "ibge": 2604403, "z": 21, "l": 1163, "nm": "ESCOLA MUNICIPAL MINISTRO MARCOS FREIRE", "nm_mun": "CHÃ DE ALEGRIA", "aptos": 447, "imp": 1}}, {"type": "Feature", "geometry": {"type": "Point", "coordinates": [-35.459574, -8.246915]}, "properties": {"i": 864, "mun": 23892, "ibge": 2604502, "z": 31, "l": 1040, "nm": "ESCOLA MUNICIPAL 20 DE DEZEMBRO", "nm_mun": "CHÃ GRANDE", "aptos": 2314, "imp": 0}}, {"type": "Feature", "geometry": {"type": "Point", "coordinates": [-35.459308, -8.245055]}, "properties": {"i": 865, "mun": 23892, "ibge": 2604502, "z": 31, "l": 1058, "nm": "ESCOLA MUNICIPAL XV DE MARÇO", "nm_mun": "CHÃ GRANDE", "aptos": 4731, "imp": 0}}, {"type": "Feature", "geometry": {"type": "Point", "coordinates": [-35.462064, -8.238492]}, "properties": {"i": 866, "mun": 23892, "ibge": 2604502, "z": 31, "l": 1066, "nm": "ESCOLA MUNICIPAL PROFESSORA MARIA AMÉLIA", "nm_mun": "CHÃ GRANDE", "aptos": 2175, "imp": 0}}, {"type": "Feature", "geometry": {"type": "Point", "coordinates": [-35.458438, -8.24598]}, "properties": {"i": 867, "mun": 23892, "ibge": 2604502, "z": 31, "l": 1112, "nm": "SECRETARIA DE DESENVOLVIMENTO SOCIAL DE CHÃ GRANDE", "nm_mun": "CHÃ GRANDE", "aptos": 631, "imp": 0}}, {"type": "Feature", "geometry": {"type": "Point", "coordinates": [-35.458197, -8.245885]}, "properties": {"i": 868, "mun": 23892, "ibge": 2604502, "z": 31, "l": 1163, "nm": "AUFA - SM QUITÉRIA LÚCIA SILVA DA ROCHA - ANTIGA CRECHE", "nm_mun": "CHÃ GRANDE", "aptos": 1084, "imp": 0}}, {"type": "Feature", "geometry": {"type": "Point", "coordinates": [-35.465421, -8.241345]}, "properties": {"i": 869, "mun": 23892, "ibge": 2604502, "z": 31, "l": 1198, "nm": "EREM JOÃO BATISTA DE VASCONCELOS", "nm_mun": "CHÃ GRANDE", "aptos": 2390, "imp": 0}}, {"type": "Feature", "geometry": {"type": "Point", "coordinates": [-35.456109, -8.240205]}, "properties": {"i": 870, "mun": 23892, "ibge": 2604502, "z": 31, "l": 1201, "nm": "ESCOLA MUNICIPAL JOÃO FAUSTINO DE QUEIROZ", "nm_mun": "CHÃ GRANDE", "aptos": 3125, "imp": 0}}, {"type": "Feature", "geometry": {"type": "Point", "coordinates": [-35.464389, -8.235748]}, "properties": {"i": 871, "mun": 23892, "ibge": 2604502, "z": 31, "l": 1244, "nm": "ESCOLA MUNICIPAL NOSSA SENHORA DE FÁTIMA", "nm_mun": "CHÃ GRANDE", "aptos": 1789, "imp": 0}}, {"type": "Feature", "geometry": {"type": "Point", "coordinates": [-35.459299, -8.24431]}, "properties": {"i": 872, "mun": 23892, "ibge": 2604502, "z": 31, "l": 1252, "nm": "CENTRO DE CONVIVENCIA DE IDOSOS - CCI", "nm_mun": "CHÃ GRANDE", "aptos": 638, "imp": 0}}, {"type": "Feature", "geometry": {"type": "Point", "coordinates": [-35.097217, -7.587745]}, "properties": {"i": 873, "mun": 23914, "ibge": 2604601, "z": 125, "l": 1023, "nm": "CERU / EACOA - ESCOLA ANTÔNIO CORREA DE OLIVEIRA ANDRADE", "nm_mun": "CONDADO", "aptos": 5525, "imp": 0}}, {"type": "Feature", "geometry": {"type": "Point", "coordinates": [-35.101835, -7.587413]}, "properties": {"i": 874, "mun": 23914, "ibge": 2604601, "z": 125, "l": 1040, "nm": "CENECISTA - CSFC - CENTRO SOCIAL FRANCISCO CABRAL", "nm_mun": "CONDADO", "aptos": 2563, "imp": 0}}, {"type": "Feature", "geometry": {"type": "Point", "coordinates": [-35.107325, -7.585054]}, "properties": {"i": 875, "mun": 23914, "ibge": 2604601, "z": 125, "l": 1058, "nm": "ESCOLA JÚLIO CORREIA DE OLIVEIRA", "nm_mun": "CONDADO", "aptos": 3548, "imp": 0}}, {"type": "Feature", "geometry": {"type": "Point", "coordinates": [-35.109459, -7.589178]}, "properties": {"i": 876, "mun": 23914, "ibge": 2604601, "z": 125, "l": 1066, "nm": "CECOLL - CENTRO COMUNITÁRIO LOURIVAL LIMA", "nm_mun": "CONDADO", "aptos": 2834, "imp": 0}}, {"type": "Feature", "geometry": {"type": "Point", "coordinates": [-35.109303, -7.586141]}, "properties": {"i": 877, "mun": 23914, "ibge": 2604601, "z": 125, "l": 1090, "nm": "EMAPA - ESCOLA MUNICIPAL ANTÔNIO PEREIRA DE ANDRADE", "nm_mun": "CONDADO", "aptos": 4425, "imp": 0}}, {"type": "Feature", "geometry": {"type": "Point", "coordinates": [-35.093843, -7.582009]}, "properties": {"i": 878, "mun": 23914, "ibge": 2604601, "z": 125, "l": 1112, "nm": "ESCOLA MUNICIPAL LUDOVICO GOUVEIA DE ANDRADE", "nm_mun": "CONDADO", "aptos": 904, "imp": 0}}, {"type": "Feature", "geometry": {"type": "Point", "coordinates": [-36.329198, -9.132852]}, "properties": {"i": 879, "mun": 23930, "ibge": 2604700, "z": 59, "l": 1015, "nm": "GRUPO AUGUSTO LÚCIO", "nm_mun": "CORRENTES", "aptos": 2479, "imp": 0}}, {"type": "Feature", "geometry": {"type": "Point", "coordinates": [-36.327874, -9.131503]}, "properties": {"i": 880, "mun": 23930, "ibge": 2604700, "z": 59, "l": 1031, "nm": "ESCOLA MONSENHOR PEDRO MAGNO GODOY", "nm_mun": "CORRENTES", "aptos": 1125, "imp": 0}}, {"type": "Feature", "geometry": {"type": "Point", "coordinates": [-36.327941, -9.129006]}, "properties": {"i": 881, "mun": 23930, "ibge": 2604700, "z": 59, "l": 1066, "nm": "ESCOLA JANDIRA PEDROSA", "nm_mun": "CORRENTES", "aptos": 2359, "imp": 0}}, {"type": "Feature", "geometry": {"type": "Point", "coordinates": [-36.330159, -9.127601]}, "properties": {"i": 882, "mun": 23930, "ibge": 2604700, "z": 59, "l": 1090, "nm": "GRUPO CLARICE GODOY", "nm_mun": "CORRENTES", "aptos": 1812, "imp": 0}}, {"type": "Feature", "geometry": {"type": "Point", "coordinates": [-36.328738, -9.127755]}, "properties": {"i": 883, "mun": 23930, "ibge": 2604700, "z": 59, "l": 1104, "nm": "COLÉGIO NORMAL MUNICIPAL", "nm_mun": "CORRENTES", "aptos": 3674, "imp": 0}}, {"type": "Feature", "geometry": {"type": "Point", "coordinates": [-36.296791, -9.126654]}, "properties": {"i": 884, "mun": 23930, "ibge": 2604700, "z": 59, "l": 1139, "nm": "GRUPO PAU AMARELO (GRUPO ESCOLAR JOÃO DE DEUS NETO)", "nm_mun": "CORRENTES", "aptos": 780, "imp": 0}}, {"type": "Feature", "geometry": {"type": "Point", "coordinates": [-36.39702, -9.043797]}, "properties": {"i": 885, "mun": 23930, "ibge": 2604700, "z": 59, "l": 1147, "nm": "ESCOLA ATALÍBAL VICTOR", "nm_mun": "CORRENTES", "aptos": 1773, "imp": 0}}, {"type": "Feature", "geometry": {"type": "Point", "coordinates": [-36.425771, -9.073239]}, "properties": {"i": 886, "mun": 23930, "ibge": 2604700, "z": 59, "l": 1228, "nm": "ESCOLA VICENTE NUNES DE FARIAS", "nm_mun": "CORRENTES", "aptos": 600, "imp": 0}}, {"type": "Feature", "geometry": {"type": "Point", "coordinates": [-35.543872, -8.474155]}, "properties": {"i": 887, "mun": 23957, "ibge": 2604809, "z": 28, "l": 1015, "nm": "CRAS (NOVO CRAS)", "nm_mun": "CORTÊS", "aptos": 807, "imp": 0}}, {"type": "Feature", "geometry": {"type": "Point", "coordinates": [-35.542849, -8.472823]}, "properties": {"i": 888, "mun": 23957, "ibge": 2604809, "z": 28, "l": 1031, "nm": "COLEGIO DIOCESANO PE. ANTONIO BORGES", "nm_mun": "CORTÊS", "aptos": 2574, "imp": 0}}, {"type": "Feature", "geometry": {"type": "Point", "coordinates": [-35.542019, -8.472346]}, "properties": {"i": 889, "mun": 23957, "ibge": 2604809, "z": 28, "l": 1090, "nm": "ESCOLA MUN. MÁRIO DOMINGUES (ANT. ESCOLA ANDREA AGUIAR)", "nm_mun": "CORTÊS", "aptos": 2942, "imp": 0}}, {"type": "Feature", "geometry": {"type": "Point", "coordinates": [-35.542984, -8.473197]}, "properties": {"i": 890, "mun": 23957, "ibge": 2604809, "z": 28, "l": 1244, "nm": "SECRETARIA DE EDUCAÇÃO (ANT. MÁRIO DOMINGUES)", "nm_mun": "CORTÊS", "aptos": 1267, "imp": 0}}, {"type": "Feature", "geometry": {"type": "Point", "coordinates": [-35.542861, -8.471181]}, "properties": {"i": 891, "mun": 23957, "ibge": 2604809, "z": 28, "l": 1252, "nm": "EREM PROFESSORA ABGAIL GUERRA (EPAG)", "nm_mun": "CORTÊS", "aptos": 1454, "imp": 0}}, {"type": "Feature", "geometry": {"type": "Point", "coordinates": [-35.118399, -8.58958]}, "properties": {"i": 892, "mun": 23957, "ibge": 2604809, "z": 28, "l": 1341, "nm": "ESCOLA MUNICIPAL ANDREA DE AGUIAR CARNEIRO LEÃO", "nm_mun": "CORTÊS", "aptos": 2228, "imp": 1}}, {"type": "Feature", "geometry": {"type": "Point", "coordinates": [-35.580981, -7.979715]}, "properties": {"i": 893, "mun": 23973, "ibge": 2604908, "z": 91, "l": 1023, "nm": "CENTRO DE EDUCAÇÃO INFANTIL JULIA FRANCISCA GOMES", "nm_mun": "CUMARU", "aptos": 555, "imp": 0}}, {"type": "Feature", "geometry": {"type": "Point", "coordinates": [-35.701259, -8.00886]}, "properties": {"i": 894, "mun": 23973, "ibge": 2604908, "z": 91, "l": 1031, "nm": "ESCOLA ESTADUAL MANOEL GONÇALVES DE LIMA", "nm_mun": "CUMARU", "aptos": 2365, "imp": 0}}, {"type": "Feature", "geometry": {"type": "Point", "coordinates": [-35.697461, -8.008349]}, "properties": {"i": 895, "mun": 23973, "ibge": 2604908, "z": 91, "l": 1040, "nm": "ESCOLA MUNICIPAL GILDA BERTINO GOMES", "nm_mun": "CUMARU", "aptos": 1809, "imp": 0}}, {"type": "Feature", "geometry": {"type": "Point", "coordinates": [-35.700662, -8.008463]}, "properties": {"i": 896, "mun": 23973, "ibge": 2604908, "z": 91, "l": 1082, "nm": "CLUBE SOCIAL JOÃO DE MOURA BORBA", "nm_mun": "CUMARU", "aptos": 1054, "imp": 0}}, {"type": "Feature", "geometry": {"type": "Point", "coordinates": [-35.694522, -7.959111]}, "properties": {"i": 897, "mun": 23973, "ibge": 2604908, "z": 91, "l": 1090, "nm": "GRUPO MALHADINHA", "nm_mun": "CUMARU", "aptos": 377, "imp": 0}}, {"type": "Feature", "geometry": {"type": "Point", "coordinates": [-35.776196, -8.102251]}, "properties": {"i": 898, "mun": 23973, "ibge": 2604908, "z": 91, "l": 1120, "nm": "ESCOLA MUNICIPAL JOÃO DUARTE", "nm_mun": "CUMARU", "aptos": 2888, "imp": 0}}, {"type": "Feature", "geometry": {"type": "Point", "coordinates": [-35.782476, -8.039338]}, "properties": {"i": 899, "mun": 23973, "ibge": 2604908, "z": 91, "l": 1139, "nm": "GRUPO ESCOLAR EUMÊNIA DE OLIVEIRA GONÇALVES", "nm_mun": "CUMARU", "aptos": 379, "imp": 0}}, {"type": "Feature", "geometry": {"type": "Point", "coordinates": [-35.671304, -8.028427]}, "properties": {"i": 900, "mun": 23973, "ibge": 2604908, "z": 91, "l": 1147, "nm": "GRUPO ESCOLAR JOSÉ LUIZ RAMALHO", "nm_mun": "CUMARU", "aptos": 535, "imp": 0}}, {"type": "Feature", "geometry": {"type": "Point", "coordinates": [-35.658571, -7.991706]}, "properties": {"i": 901, "mun": 23973, "ibge": 2604908, "z": 91, "l": 1155, "nm": "GRUPO ESCOLAR SEVERINO CIPRIANO DO NASCIMENTO", "nm_mun": "CUMARU", "aptos": 332, "imp": 0}}, {"type": "Feature", "geometry": {"type": "Point", "coordinates": [-35.624964, -8.019847]}, "properties": {"i": 902, "mun": 23973, "ibge": 2604908, "z": 91, "l": 1171, "nm": "GRUPO ESCOLAR MANOEL GOMES DE MELO", "nm_mun": "CUMARU", "aptos": 397, "imp": 0}}, {"type": "Feature", "geometry": {"type": "Point", "coordinates": [-35.747695, -8.04355]}, "properties": {"i": 903, "mun": 23973, "ibge": 2604908, "z": 91, "l": 1198, "nm": "GRUPO ESCOLAR SOCIAL DE QUEIMADAS", "nm_mun": "CUMARU", "aptos": 393, "imp": 0}}, {"type": "Feature", "geometry": {"type": "Point", "coordinates": [-35.752555, -7.99288]}, "properties": {"i": 904, "mun": 23973, "ibge": 2604908, "z": 91, "l": 1201, "nm": "GRUPO ESCOLAR INÊS MARIA DA CONCEIÇÃO", "nm_mun": "CUMARU", "aptos": 182, "imp": 0}}, {"type": "Feature", "geometry": {"type": "Point", "coordinates": [-35.707142, -8.056699]}, "properties": {"i": 905, "mun": 23973, "ibge": 2604908, "z": 91, "l": 1252, "nm": "GRUPO ESCOLAR JOAQUINA BARBOSA DE MEDEIROS", "nm_mun": "CUMARU", "aptos": 558, "imp": 0}}, {"type": "Feature", "geometry": {"type": "Point", "coordinates": [-35.671962, -8.095169]}, "properties": {"i": 906, "mun": 23973, "ibge": 2604908, "z": 91, "l": 1309, "nm": "NOVA ESCOLA DE POÇOS", "nm_mun": "CUMARU", "aptos": 1265, "imp": 0}}, {"type": "Feature", "geometry": {"type": "Point", "coordinates": [-35.69674, -8.01089]}, "properties": {"i": 907, "mun": 23973, "ibge": 2604908, "z": 91, "l": 1341, "nm": "NOVA CRECHE", "nm_mun": "CUMARU", "aptos": 1226, "imp": 1}}, {"type": "Feature", "geometry": {"type": "Point", "coordinates": [-36.267705, -8.048735]}, "properties": {"i": 908, "mun": 23973, "ibge": 2604908, "z": 91, "l": 1368, "nm": "POSTO DE SAÚDE DO GAVIÃO - PSF", "nm_mun": "CUMARU", "aptos": 126, "imp": 1}}, {"type": "Feature", "geometry": {"type": "Point", "coordinates": [-35.769795, -8.169803]}, "properties": {"i": 909, "mun": 23973, "ibge": 2604908, "z": 91, "l": 1376, "nm": "GRUPO ESCOLAR VANILDO JOSÉ DA COSTA", "nm_mun": "CUMARU", "aptos": 72, "imp": 1}}, {"type": "Feature", "geometry": {"type": "Point", "coordinates": [-36.00482, -8.561821]}, "properties": {"i": 910, "mun": 23990, "ibge": 2605004, "z": 86, "l": 1015, "nm": "ESCOLA MUNICIPAL MENDO SAMPAIO - ALTO DO MEIO", "nm_mun": "CUPIRA", "aptos": 437, "imp": 0}}, {"type": "Feature", "geometry": {"type": "Point", "coordinates": [-35.947757, -8.607208]}, "properties": {"i": 911, "mun": 23990, "ibge": 2605004, "z": 86, "l": 1058, "nm": "ESCOLA MUNICIPAL PEDRO ALVES DE SOUZA", "nm_mun": "CUPIRA", "aptos": 3318, "imp": 0}}, {"type": "Feature", "geometry": {"type": "Point", "coordinates": [-35.949865, -8.612243]}, "properties": {"i": 912, "mun": 23990, "ibge": 2605004, "z": 86, "l": 1066, "nm": "ESCOLA PROFESSORA MARIA DE LOURDES TEMPORAL", "nm_mun": "CUPIRA", "aptos": 3114, "imp": 0}}, {"type": "Feature", "geometry": {"type": "Point", "coordinates": [-35.94966, -8.614828]}, "properties": {"i": 913, "mun": 23990, "ibge": 2605004, "z": 86, "l": 1082, "nm": "ESCOLA MUNICIPAL ABDIAS JOÃO INÁCIO", "nm_mun": "CUPIRA", "aptos": 1717, "imp": 0}}, {"type": "Feature", "geometry": {"type": "Point", "coordinates": [-35.877839, -8.609428]}, "properties": {"i": 914, "mun": 23990, "ibge": 2605004, "z": 86, "l": 1090, "nm": "ESCOLA MUNICIPAL MANOEL BRÁS DE MIRANDA- CHÃ DAS PANELAS", "nm_mun": "CUPIRA", "aptos": 199, "imp": 0}}, {"type": "Feature", "geometry": {"type": "Point", "coordinates": [-35.931826, -8.620253]}, "properties": {"i": 915, "mun": 23990, "ibge": 2605004, "z": 86, "l": 1112, "nm": "ESCOLA MUNICIPAL JOSÉ MARINHO DA SILVA - EMBIRUÇU", "nm_mun": "CUPIRA", "aptos": 248, "imp": 0}}, {"type": "Feature", "geometry": {"type": "Point", "coordinates": [-35.894395, -8.572276]}, "properties": {"i": 916, "mun": 23990, "ibge": 2605004, "z": 86, "l": 1147, "nm": "ESCOLA MUNICIPAL INTERMEDIÁRIA LAJE DE SÃO JOSÉ", "nm_mun": "CUPIRA", "aptos": 999, "imp": 0}}, {"type": "Feature", "geometry": {"type": "Point", "coordinates": [-35.955379, -8.601344]}, "properties": {"i": 917, "mun": 23990, "ibge": 2605004, "z": 86, "l": 1163, "nm": "ESCOLA MUNICIPAL JOSÉ TENCIANO DA SILVA", "nm_mun": "CUPIRA", "aptos": 2999, "imp": 0}}, {"type": "Feature", "geometry": {"type": "Point", "coordinates": [-35.985633, -8.588181]}, "properties": {"i": 918, "mun": 23990, "ibge": 2605004, "z": 86, "l": 1180, "nm": "ESCOLA MUNICIPAL FRANCISCO LOURENÇO - SAMBAQUIM", "nm_mun": "CUPIRA", "aptos": 217, "imp": 0}}, {"type": "Feature", "geometry": {"type": "Point", "coordinates": [-35.941112, -8.555087]}, "properties": {"i": 919, "mun": 23990, "ibge": 2605004, "z": 86, "l": 1201, "nm": "ESCOLA MUNICIPAL MAL. ARTUR DA COSTA E SILVA - SERRA VERDE DA BR", "nm_mun": "CUPIRA", "aptos": 195, "imp": 0}}, {"type": "Feature", "geometry": {"type": "Point", "coordinates": [-35.951814, -8.601353]}, "properties": {"i": 920, "mun": 23990, "ibge": 2605004, "z": 86, "l": 1236, "nm": "ESCOLA EZEQUIEL BERTINO DE ALMEIDA", "nm_mun": "CUPIRA", "aptos": 2322, "imp": 0}}, {"type": "Feature", "geometry": {"type": "Point", "coordinates": [-35.955045, -8.612319]}, "properties": {"i": 921, "mun": 23990, "ibge": 2605004, "z": 86, "l": 1260, "nm": "QUADRA POLIESPORTIVA", "nm_mun": "CUPIRA", "aptos": 956, "imp": 0}}, {"type": "Feature", "geometry": {"type": "Point", "coordinates": [-35.952637, -8.594983]}, "properties": {"i": 922, "mun": 23990, "ibge": 2605004, "z": 86, "l": 1279, "nm": "ESCOLA MUNICIPAL HILDA VIEIRA CALADO", "nm_mun": "CUPIRA", "aptos": 1379, "imp": 0}}, {"type": "Feature", "geometry": {"type": "Point", "coordinates": [-35.954537, -8.609882]}, "properties": {"i": 923, "mun": 23990, "ibge": 2605004, "z": 86, "l": 1295, "nm": "ESCOLA MUNICIPAL JOÃO AIRES PEQUENO NOGUEIRA", "nm_mun": "CUPIRA", "aptos": 1334, "imp": 0}}, {"type": "Feature", "geometry": {"type": "Point", "coordinates": [-38.072738, -9.103124]}, "properties": {"i": 924, "mun": 23990, "ibge": 2605004, "z": 86, "l": 1309, "nm": "CENTRO EDUCACIONAL LUIZA LEITE DE MACEDO  COMPLEXO COMVIDA", "nm_mun": "CUPIRA", "aptos": 457, "imp": 1}}, {"type": "Feature", "geometry": {"type": "Point", "coordinates": [-37.639877, -8.088413]}, "properties": {"i": 925, "mun": 24015, "ibge": 2605103, "z": 65, "l": 1031, "nm": "COLEGIO ERNESTO QUEIROZ", "nm_mun": "CUSTÓDIA", "aptos": 5097, "imp": 0}}, {"type": "Feature", "geometry": {"type": "Point", "coordinates": [-37.640623, -8.087358]}, "properties": {"i": 926, "mun": 24015, "ibge": 2605103, "z": 65, "l": 1040, "nm": "ESCOLA GENERAL JOAQUIM INACIO", "nm_mun": "CUSTÓDIA", "aptos": 5076, "imp": 0}}, {"type": "Feature", "geometry": {"type": "Point", "coordinates": [-37.644085, -8.08682]}, "properties": {"i": 927, "mun": 24015, "ibge": 2605103, "z": 65, "l": 1066, "nm": "ESCOLA MUNICIPAL MARIA AUGUSTA", "nm_mun": "CUSTÓDIA", "aptos": 2795, "imp": 0}}, {"type": "Feature", "geometry": {"type": "Point", "coordinates": [-37.840257, -8.277448]}, "properties": {"i": 928, "mun": 24015, "ibge": 2605103, "z": 65, "l": 1082, "nm": "ESCOLA MUNICIPAL MANOEL LEANDRO DE MORAIS - MARAVILHA", "nm_mun": "CUSTÓDIA", "aptos": 1930, "imp": 0}}, {"type": "Feature", "geometry": {"type": "Point", "coordinates": [-37.748368, -8.149653]}, "properties": {"i": 929, "mun": 24015, "ibge": 2605103, "z": 65, "l": 1090, "nm": "ESCOLA MUNICIPAL MANOEL ALVES FIGUEREDO - INGÁ", "nm_mun": "CUSTÓDIA", "aptos": 894, "imp": 0}}, {"type": "Feature", "geometry": {"type": "Point", "coordinates": [-37.582902, -7.92706]}, "properties": {"i": 930, "mun": 24015, "ibge": 2605103, "z": 65, "l": 1104, "nm": "ESCOLA MUNICIPAL PROFESSORA JANAINA MERCIA FREIRE SILVA - QUITIMBU", "nm_mun": "CUSTÓDIA", "aptos": 2142, "imp": 0}}, {"type": "Feature", "geometry": {"type": "Point", "coordinates": [-37.725085, -8.32026]}, "properties": {"i": 931, "mun": 24015, "ibge": 2605103, "z": 65, "l": 1112, "nm": "ESCOLA MUNICIPAL JOAQUIM BEZERRA DE MESSIAS - SAMAMBAIA", "nm_mun": "CUSTÓDIA", "aptos": 782, "imp": 0}}, {"type": "Feature", "geometry": {"type": "Point", "coordinates": [-37.648807, -8.092035]}, "properties": {"i": 932, "mun": 24015, "ibge": 2605103, "z": 65, "l": 1120, "nm": "ESCOLA DE REFERÊNCIA EM ENSINO MÉDIO JOSÉ PEREIRA BURGOS", "nm_mun": "CUSTÓDIA", "aptos": 4131, "imp": 0}}, {"type": "Feature", "geometry": {"type": "Point", "coordinates": [-37.731493, -8.268293]}, "properties": {"i": 933, "mun": 24015, "ibge": 2605103, "z": 65, "l": 1163, "nm": "ESCOLA LUIZ CRISTINO BEZERRA - CAIÇARA", "nm_mun": "CUSTÓDIA", "aptos": 463, "imp": 0}}, {"type": "Feature", "geometry": {"type": "Point", "coordinates": [-37.636953, -8.083947]}, "properties": {"i": 934, "mun": 24015, "ibge": 2605103, "z": 65, "l": 1180, "nm": "ESCOLA MUNICIPAL CREUZA ARCOVERDE DE FREITAS CAVALCANTI", "nm_mun": "CUSTÓDIA", "aptos": 2366, "imp": 0}}, {"type": "Feature", "geometry": {"type": "Point", "coordinates": [-37.65202, -8.092062]}, "properties": {"i": 935, "mun": 24015, "ibge": 2605103, "z": 65, "l": 1228, "nm": "ESCOLA MUNICIPAL MANOEL RODRIGUES DA SILVA", "nm_mun": "CUSTÓDIA", "aptos": 1744, "imp": 0}}, {"type": "Feature", "geometry": {"type": "Point", "coordinates": [-35.947757, -8.607208]}, "properties": {"i": 936, "mun": 24015, "ibge": 2605103, "z": 65, "l": 1252, "nm": "CRECHE MUNICIPAL MARLENE SOUZA FEITOSA", "nm_mun": "CUSTÓDIA", "aptos": 2261, "imp": 1}}, {"type": "Feature", "geometry": {"type": "Point", "coordinates": [-35.230496, -8.363257]}, "properties": {"i": 937, "mun": 24031, "ibge": 2605202, "z": 19, "l": 1031, "nm": "ESCOLA MONSENHOR RODRIGUES DE CARVALHO", "nm_mun": "ESCADA", "aptos": 2533, "imp": 0}}, {"type": "Feature", "geometry": {"type": "Point", "coordinates": [-35.235339, -8.361439]}, "properties": {"i": 938, "mun": 24031, "ibge": 2605202, "z": 19, "l": 1058, "nm": "GRUPO MUNICIPAL BARAO DE SUASSUNA", "nm_mun": "ESCADA", "aptos": 2255, "imp": 0}}, {"type": "Feature", "geometry": {"type": "Point", "coordinates": [-35.236405, -8.365432]}, "properties": {"i": 939, "mun": 24031, "ibge": 2605202, "z": 19, "l": 1066, "nm": "GRUPO VIGARIO PEDROSA", "nm_mun": "ESCADA", "aptos": 2687, "imp": 0}}, {"type": "Feature", "geometry": {"type": "Point", "coordinates": [-35.237623, -8.357032]}, "properties": {"i": 940, "mun": 24031, "ibge": 2605202, "z": 19, "l": 1074, "nm": "ESCOLA PROFESSOR ERALDO CAMPOS", "nm_mun": "ESCADA", "aptos": 4202, "imp": 0}}, {"type": "Feature", "geometry": {"type": "Point", "coordinates": [-35.231825, -8.364223]}, "properties": {"i": 941, "mun": 24031, "ibge": 2605202, "z": 19, "l": 1090, "nm": "SESI", "nm_mun": "ESCADA", "aptos": 864, "imp": 0}}, {"type": "Feature", "geometry": {"type": "Point", "coordinates": [-35.234847, -8.359406]}, "properties": {"i": 942, "mun": 24031, "ibge": 2605202, "z": 19, "l": 1120, "nm": "ESCOLA MUNICIPAL ORESTES CHAVES", "nm_mun": "ESCADA", "aptos": 1858, "imp": 0}}, {"type": "Feature", "geometry": {"type": "Point", "coordinates": [-35.225017, -8.361307]}, "properties": {"i": 943, "mun": 24031, "ibge": 2605202, "z": 19, "l": 1139, "nm": "GRUPO ESCOLAR FERNANDO CAMPELO", "nm_mun": "ESCADA", "aptos": 2045, "imp": 0}}, {"type": "Feature", "geometry": {"type": "Point", "coordinates": [-35.239636, -8.372222]}, "properties": {"i": 944, "mun": 24031, "ibge": 2605202, "z": 19, "l": 1147, "nm": "ESCOLA MUNICIPAL MARECHAL COSTA E SILVA", "nm_mun": "ESCADA", "aptos": 2192, "imp": 0}}, {"type": "Feature", "geometry": {"type": "Point", "coordinates": [-35.21558, -8.362827]}, "properties": {"i": 945, "mun": 24031, "ibge": 2605202, "z": 19, "l": 1155, "nm": "ESCOLA AGRICOLA LUIS DIAS LINS", "nm_mun": "ESCADA", "aptos": 2537, "imp": 0}}, {"type": "Feature", "geometry": {"type": "Point", "coordinates": [-35.238987, -8.361477]}, "properties": {"i": 946, "mun": 24031, "ibge": 2605202, "z": 19, "l": 1201, "nm": "FAESC - FACULDADE DA ESCADA", "nm_mun": "ESCADA", "aptos": 4897, "imp": 0}}, {"type": "Feature", "geometry": {"type": "Point", "coordinates": [-35.233805, -8.369219]}, "properties": {"i": 947, "mun": 24031, "ibge": 2605202, "z": 19, "l": 1309, "nm": "CENTRO COMUNITÁRIO PADRE GERALDO LEITE BASTOS", "nm_mun": "ESCADA", "aptos": 1020, "imp": 0}}, {"type": "Feature", "geometry": {"type": "Point", "coordinates": [-35.234344, -8.362539]}, "properties": {"i": 948, "mun": 24031, "ibge": 2605202, "z": 19, "l": 1317, "nm": "ESCOLA MUNICIPAL VERONICE MARIA DA CONCEIÇÃO", "nm_mun": "ESCADA", "aptos": 624, "imp": 0}}, {"type": "Feature", "geometry": {"type": "Point", "coordinates": [-35.224179, -8.359434]}, "properties": {"i": 949, "mun": 24031, "ibge": 2605202, "z": 19, "l": 1325, "nm": "ESCOLA MUNICIPAL MONTE SINAI", "nm_mun": "ESCADA", "aptos": 1721, "imp": 0}}, {"type": "Feature", "geometry": {"type": "Point", "coordinates": [-35.229458, -8.375996]}, "properties": {"i": 950, "mun": 24031, "ibge": 2605202, "z": 19, "l": 1376, "nm": "ESCOLA MUNICIPAL ALMERÍTA MARIA DE ARAÚJO", "nm_mun": "ESCADA", "aptos": 2734, "imp": 0}}, {"type": "Feature", "geometry": {"type": "Point", "coordinates": [-35.241979, -8.358423]}, "properties": {"i": 951, "mun": 24031, "ibge": 2605202, "z": 19, "l": 1384, "nm": "ESCOLA MUNICIPAL MARIA JOSÉ LUCAS", "nm_mun": "ESCADA", "aptos": 2205, "imp": 0}}, {"type": "Feature", "geometry": {"type": "Point", "coordinates": [-35.253968, -8.308771]}, "properties": {"i": 952, "mun": 24031, "ibge": 2605202, "z": 19, "l": 1392, "nm": "ESCOLA MUNICIPAL DR. JOSE HENRIQUE", "nm_mun": "ESCADA", "aptos": 2421, "imp": 0}}, {"type": "Feature", "geometry": {"type": "Point", "coordinates": [-35.324243, -8.383381]}, "properties": {"i": 953, "mun": 24031, "ibge": 2605202, "z": 19, "l": 1422, "nm": "ESCOLA MUNICIPAL LIGIA MAGDALA DE MELO", "nm_mun": "ESCADA", "aptos": 3753, "imp": 0}}, {"type": "Feature", "geometry": {"type": "Point", "coordinates": [-35.227639, -8.36304]}, "properties": {"i": 954, "mun": 24031, "ibge": 2605202, "z": 19, "l": 1430, "nm": "QUADRA POLIESPORTIVA ARLINDO SERPA", "nm_mun": "ESCADA", "aptos": 799, "imp": 0}}, {"type": "Feature", "geometry": {"type": "Point", "coordinates": [-35.243597, -8.371316]}, "properties": {"i": 955, "mun": 24031, "ibge": 2605202, "z": 19, "l": 1457, "nm": "ESCOLA MUNICIPAL CÍCERO DIAS", "nm_mun": "ESCADA", "aptos": 1314, "imp": 0}}, {"type": "Feature", "geometry": {"type": "Point", "coordinates": [-35.227288, -8.369202]}, "properties": {"i": 956, "mun": 24031, "ibge": 2605202, "z": 19, "l": 1473, "nm": "ESCOLA SÃO SEVERINO DOS RAMOS", "nm_mun": "ESCADA", "aptos": 984, "imp": 0}}, {"type": "Feature", "geometry": {"type": "Point", "coordinates": [-34.918981, -7.826161]}, "properties": {"i": 957, "mun": 24031, "ibge": 2605202, "z": 19, "l": 1481, "nm": "ASSOCIAÇÃO DE MORADORES", "nm_mun": "ESCADA", "aptos": 97, "imp": 1}}, {"type": "Feature", "geometry": {"type": "Point", "coordinates": [-35.241979, -8.358423]}, "properties": {"i": 958, "mun": 24031, "ibge": 2605202, "z": 19, "l": 1490, "nm": "CRECHE MUNICIPAL ESMERALDA REIS", "nm_mun": "ESCADA", "aptos": 2483, "imp": 1}}, {"type": "Feature", "geometry": {"type": "Point", "coordinates": [-35.241979, -8.358423]}, "properties": {"i": 959, "mun": 24031, "ibge": 2605202, "z": 19, "l": 1503, "nm": "ESCOLA MUNICIPAL DR. CLOVES ALVES DE ARAÚJO", "nm_mun": "ESCADA", "aptos": 1364, "imp": 1}}, {"type": "Feature", "geometry": {"type": "Point", "coordinates": [-35.236405, -8.365432]}, "properties": {"i": 960, "mun": 24031, "ibge": 2605202, "z": 19, "l": 1511, "nm": "SINDICATO DOS TECELÕES", "nm_mun": "ESCADA", "aptos": 699, "imp": 1}}, {"type": "Feature", "geometry": {"type": "Point", "coordinates": [-39.718701, -7.512704]}, "properties": {"i": 961, "mun": 24058, "ibge": 2605301, "z": 79, "l": 1058, "nm": "E. M. BÁRBARA DE ALENCAR", "nm_mun": "EXU", "aptos": 4292, "imp": 0}}, {"type": "Feature", "geometry": {"type": "Point", "coordinates": [-39.722029, -7.512048]}, "properties": {"i": 962, "mun": 24058, "ibge": 2605301, "z": 79, "l": 1090, "nm": "E. E. BARÃO DO EXU", "nm_mun": "EXU", "aptos": 3795, "imp": 0}}, {"type": "Feature", "geometry": {"type": "Point", "coordinates": [-39.840709, -7.434974]}, "properties": {"i": 963, "mun": 24058, "ibge": 2605301, "z": 79, "l": 1147, "nm": "E. M. SÃO SEBASTIÃO DE TABOCAS", "nm_mun": "EXU", "aptos": 1427, "imp": 0}}, {"type": "Feature", "geometry": {"type": "Point", "coordinates": [-39.801254, -7.681424]}, "properties": {"i": 964, "mun": 24058, "ibge": 2605301, "z": 79, "l": 1180, "nm": "E. E. NELSON ARAUJO", "nm_mun": "EXU", "aptos": 1967, "imp": 0}}, {"type": "Feature", "geometry": {"type": "Point", "coordinates": [-39.843636, -7.477132]}, "properties": {"i": 965, "mun": 24058, "ibge": 2605301, "z": 79, "l": 1236, "nm": "E. M. BENVENUTO ARNALDO ALENCAR", "nm_mun": "EXU", "aptos": 975, "imp": 0}}, {"type": "Feature", "geometry": {"type": "Point", "coordinates": [-39.573663, -7.526733]}, "properties": {"i": 966, "mun": 24058, "ibge": 2605301, "z": 79, "l": 1279, "nm": "E. M. JOSÉ FRANCISCO OLIVEIRA", "nm_mun": "EXU", "aptos": 1916, "imp": 0}}, {"type": "Feature", "geometry": {"type": "Point", "coordinates": [-39.721443, -7.51517]}, "properties": {"i": 967, "mun": 24058, "ibge": 2605301, "z": 79, "l": 1309, "nm": "E. E. SAO VICENTE DE PAULA", "nm_mun": "EXU", "aptos": 3286, "imp": 0}}, {"type": "Feature", "geometry": {"type": "Point", "coordinates": [-39.730206, -7.51538]}, "properties": {"i": 968, "mun": 24058, "ibge": 2605301, "z": 79, "l": 1325, "nm": "E. M. JOSEFA CANDIDA DE JESUS", "nm_mun": "EXU", "aptos": 1944, "imp": 0}}, {"type": "Feature", "geometry": {"type": "Point", "coordinates": [-39.798926, -7.676647]}, "properties": {"i": 969, "mun": 24058, "ibge": 2605301, "z": 79, "l": 1376, "nm": "E. M. ANTONIO SARAIVA DA CRUZ", "nm_mun": "EXU", "aptos": 1322, "imp": 0}}, {"type": "Feature", "geometry": {"type": "Point", "coordinates": [-39.764087, -7.402417]}, "properties": {"i": 970, "mun": 24058, "ibge": 2605301, "z": 79, "l": 1490, "nm": "E. M. JOAQUIM ULISSES CARVALHO", "nm_mun": "EXU", "aptos": 2258, "imp": 0}}, {"type": "Feature", "geometry": {"type": "Point", "coordinates": [-39.72528, -7.51328]}, "properties": {"i": 971, "mun": 24058, "ibge": 2605301, "z": 79, "l": 1503, "nm": "CRECHE RAIMUNDO SARAIVA MOREIRA", "nm_mun": "EXU", "aptos": 2429, "imp": 0}}, {"type": "Feature", "geometry": {"type": "Point", "coordinates": [-39.722768, -7.520767]}, "properties": {"i": 972, "mun": 24058, "ibge": 2605301, "z": 79, "l": 1520, "nm": "CRECHE MARIA DO SOCORRO SARAIVA", "nm_mun": "EXU", "aptos": 1576, "imp": 0}}, {"type": "Feature", "geometry": {"type": "Point", "coordinates": [-39.719973, -7.518134]}, "properties": {"i": 973, "mun": 24058, "ibge": 2605301, "z": 79, "l": 1538, "nm": "E. M. JOSE PEIXOTO ALENCAR", "nm_mun": "EXU", "aptos": 1521, "imp": 0}}, {"type": "Feature", "geometry": {"type": "Point", "coordinates": [-39.818455, -7.429186]}, "properties": {"i": 974, "mun": 24058, "ibge": 2605301, "z": 79, "l": 1546, "nm": "E. M. MARTINHO PEREIRA ALENCAR", "nm_mun": "EXU", "aptos": 561, "imp": 0}}, {"type": "Feature", "geometry": {"type": "Point", "coordinates": [-35.390552, -7.947746]}, "properties": {"i": 975, "mun": 24074, "ibge": 2605400, "z": 135, "l": 1040, "nm": "ESCOLA MUNICIPAL PADRE NICOLAU PIMENTEL", "nm_mun": "FEIRA NOVA", "aptos": 5041, "imp": 0}}, {"type": "Feature", "geometry": {"type": "Point", "coordinates": [-35.382001, -7.951325]}, "properties": {"i": 976, "mun": 24074, "ibge": 2605400, "z": 135, "l": 1058, "nm": "ESCOLA ESTADUAL ANTONIO INACIO", "nm_mun": "FEIRA NOVA", "aptos": 3163, "imp": 0}}, {"type": "Feature", "geometry": {"type": "Point", "coordinates": [-35.383167, -7.944957]}, "properties": {"i": 977, "mun": 24074, "ibge": 2605400, "z": 135, "l": 1090, "nm": "ESCOLA MUNICIPAL IVA FERREIRA DE SOUZA", "nm_mun": "FEIRA NOVA", "aptos": 1867, "imp": 0}}, {"type": "Feature", "geometry": {"type": "Point", "coordinates": [-35.384704, -7.947369]}, "properties": {"i": 978, "mun": 24074, "ibge": 2605400, "z": 135, "l": 1112, "nm": "GRUPO MUNICIPAL JOÃO MURILO DE OLIVEIRA", "nm_mun": "FEIRA NOVA", "aptos": 1100, "imp": 0}}, {"type": "Feature", "geometry": {"type": "Point", "coordinates": [-35.392391, -7.949266]}, "properties": {"i": 979, "mun": 24074, "ibge": 2605400, "z": 135, "l": 1139, "nm": "GRUPO MUNICIPAL PROF. MARGARIDA RAMALHO", "nm_mun": "FEIRA NOVA", "aptos": 1754, "imp": 0}}, {"type": "Feature", "geometry": {"type": "Point", "coordinates": [-35.348016, -7.959402]}, "properties": {"i": 980, "mun": 24074, "ibge": 2605400, "z": 135, "l": 1171, "nm": "ESCOLA FRACISCO COELHO DA SILVEIRA", "nm_mun": "FEIRA NOVA", "aptos": 703, "imp": 0}}, {"type": "Feature", "geometry": {"type": "Point", "coordinates": [-35.423262, -7.976013]}, "properties": {"i": 981, "mun": 24074, "ibge": 2605400, "z": 135, "l": 1210, "nm": "ESCOLA MUNICIPAL MANOEL ANTONIO DE AGUIAR", "nm_mun": "FEIRA NOVA", "aptos": 467, "imp": 0}}, {"type": "Feature", "geometry": {"type": "Point", "coordinates": [-35.378829, -7.946429]}, "properties": {"i": 982, "mun": 24074, "ibge": 2605400, "z": 135, "l": 1317, "nm": "GRUPO ESCOLAR SEVERINO DAVID", "nm_mun": "FEIRA NOVA", "aptos": 392, "imp": 0}}, {"type": "Feature", "geometry": {"type": "Point", "coordinates": [-35.394101, -7.944928]}, "properties": {"i": 983, "mun": 24074, "ibge": 2605400, "z": 135, "l": 1325, "nm": "ESCOLA ESTADUAL PROF. MARILENE CHAVES DE SANTANA", "nm_mun": "FEIRA NOVA", "aptos": 2924, "imp": 0}}, {"type": "Feature", "geometry": {"type": "Point", "coordinates": [-40.498148, -7.604319]}, "properties": {"i": 984, "mun": 24074, "ibge": 2605400, "z": 135, "l": 1341, "nm": "ESCOLA MUNICIPAL DANIEL ARAUJO DE LIMA", "nm_mun": "FEIRA NOVA", "aptos": 642, "imp": 1}}, {"type": "Feature", "geometry": {"type": "Point", "coordinates": [-35.243353, -7.447572]}, "properties": {"i": 985, "mun": 24090, "ibge": 2605509, "z": 27, "l": 1023, "nm": "ESCOLA MUNICIPAL FÁBIO CORREIA", "nm_mun": "FERREIROS", "aptos": 2148, "imp": 0}}, {"type": "Feature", "geometry": {"type": "Point", "coordinates": [-35.243059, -7.450175]}, "properties": {"i": 986, "mun": 24090, "ibge": 2605509, "z": 27, "l": 1031, "nm": "ESCOLA DE REFERÊNCIA DE ENSINO MÉDIO EMILIANO PEREIRA BORGES", "nm_mun": "FERREIROS", "aptos": 1784, "imp": 0}}, {"type": "Feature", "geometry": {"type": "Point", "coordinates": [-35.246713, -7.450301]}, "properties": {"i": 987, "mun": 24090, "ibge": 2605509, "z": 27, "l": 1058, "nm": "ESCOLA SEVERINA DE MELO FREIRE", "nm_mun": "FERREIROS", "aptos": 2527, "imp": 0}}, {"type": "Feature", "geometry": {"type": "Point", "coordinates": [-35.239554, -7.45169]}, "properties": {"i": 988, "mun": 24090, "ibge": 2605509, "z": 27, "l": 1090, "nm": "COLÉGIO MUNICIPAL PAPA JOÃO PAULO II", "nm_mun": "FERREIROS", "aptos": 2750, "imp": 0}}, {"type": "Feature", "geometry": {"type": "Point", "coordinates": [-35.243016, -7.449297]}, "properties": {"i": 989, "mun": 24090, "ibge": 2605509, "z": 27, "l": 1112, "nm": "ESCOLA SENADOR MARCOS DE BARROS FREIRE", "nm_mun": "FERREIROS", "aptos": 949, "imp": 0}}, {"type": "Feature", "geometry": {"type": "Point", "coordinates": [-37.973062, -7.863757]}, "properties": {"i": 990, "mun": 24112, "ibge": 2605608, "z": 67, "l": 1023, "nm": "ESCOLA ESTADUAL AIRES GAMA                        - SEDE", "nm_mun": "FLORES", "aptos": 1341, "imp": 0}}, {"type": "Feature", "geometry": {"type": "Point", "coordinates": [-37.975429, -7.86405]}, "properties": {"i": 991, "mun": 24112, "ibge": 2605608, "z": 67, "l": 1058, "nm": "ESCOLA MUNICIPAL ONZE DE SETEMBRO         - SEDE", "nm_mun": "FLORES", "aptos": 3224, "imp": 0}}, {"type": "Feature", "geometry": {"type": "Point", "coordinates": [-37.975429, -7.86405]}, "properties": {"i": 992, "mun": 24112, "ibge": 2605608, "z": 67, "l": 1066, "nm": "ESCOLA ESTADUAL PEDRO SANTOS ESTIMA    - SEDE", "nm_mun": "FLORES", "aptos": 2280, "imp": 0}}, {"type": "Feature", "geometry": {"type": "Point", "coordinates": [-37.785768, -7.95467]}, "properties": {"i": 993, "mun": 24112, "ibge": 2605608, "z": 67, "l": 1090, "nm": "ESCOLA ESTADUAL DARIO GOMES                  - FÁTIMA", "nm_mun": "FLORES", "aptos": 3683, "imp": 0}}, {"type": "Feature", "geometry": {"type": "Point", "coordinates": [-37.996886, -8.008654]}, "properties": {"i": 994, "mun": 24112, "ibge": 2605608, "z": 67, "l": 1120, "nm": "ESCOLA MUNICIPAL                                 - SÃO JOÃO DOS LEITES", "nm_mun": "FLORES", "aptos": 1547, "imp": 0}}, {"type": "Feature", "geometry": {"type": "Point", "coordinates": [-37.787163, -7.946669]}, "properties": {"i": 995, "mun": 24112, "ibge": 2605608, "z": 67, "l": 1139, "nm": "ESCOLA MUNICIPAL PAULO PESSOA GUERRA - SÍTIO DOS NUNES", "nm_mun": "FLORES", "aptos": 1381, "imp": 0}}, {"type": "Feature", "geometry": {"type": "Point", "coordinates": [-37.83428, -8.048569]}, "properties": {"i": 996, "mun": 24112, "ibge": 2605608, "z": 67, "l": 1163, "nm": "POSTO DE SAUDE MUNICIPAL                             - SÍTIO DOS NUNES", "nm_mun": "FLORES", "aptos": 336, "imp": 0}}, {"type": "Feature", "geometry": {"type": "Point", "coordinates": [-37.977769, -7.927061]}, "properties": {"i": 997, "mun": 24112, "ibge": 2605608, "z": 67, "l": 1180, "nm": "ESCOLA MUNICIPAL ROMAO FERREIRA DE AZEVEDO - SACO DO ROMÃO", "nm_mun": "FLORES", "aptos": 688, "imp": 0}}, {"type": "Feature", "geometry": {"type": "Point", "coordinates": [-37.955694, -8.034465]}, "properties": {"i": 998, "mun": 24112, "ibge": 2605608, "z": 67, "l": 1198, "nm": "ESCOLA MUNICIPAL MANOEL DE SOUZA SANTANA - TENÓRIO", "nm_mun": "FLORES", "aptos": 543, "imp": 0}}, {"type": "Feature", "geometry": {"type": "Point", "coordinates": [-37.973208, -7.865195]}, "properties": {"i": 999, "mun": 24112, "ibge": 2605608, "z": 67, "l": 1201, "nm": "SECRETARIA MUNICIPAL DE EDUCAÇÃO", "nm_mun": "FLORES", "aptos": 1196, "imp": 0}}, {"type": "Feature", "geometry": {"type": "Point", "coordinates": [-38.32257, -7.998055]}, "properties": {"i": 1000, "mun": 24112, "ibge": 2605608, "z": 67, "l": 1228, "nm": "CRECHE MARIA CARMELITA BRASILEIRO DE SANTANA", "nm_mun": "FLORES", "aptos": 357, "imp": 1}}, {"type": "Feature", "geometry": {"type": "Point", "coordinates": [-38.572456, -8.599056]}, "properties": {"i": 1001, "mun": 24139, "ibge": 2605707, "z": 72, "l": 1023, "nm": "ESCOLA DEPUTADO  AFONSO FERRAZ", "nm_mun": "FLORESTA", "aptos": 4177, "imp": 0}}, {"type": "Feature", "geometry": {"type": "Point", "coordinates": [-38.570087, -8.600593]}, "properties": {"i": 1002, "mun": 24139, "ibge": 2605707, "z": 72, "l": 1031, "nm": "ESCOLA JULIO DE MELLO", "nm_mun": "FLORESTA", "aptos": 1774, "imp": 0}}, {"type": "Feature", "geometry": {"type": "Point", "coordinates": [-38.571393, -8.595859]}, "properties": {"i": 1003, "mun": 24139, "ibge": 2605707, "z": 72, "l": 1040, "nm": "ESCOLA MAJOR JOAO NOVAES", "nm_mun": "FLORESTA", "aptos": 2349, "imp": 0}}, {"type": "Feature", "geometry": {"type": "Point", "coordinates": [-38.574117, -8.597316]}, "properties": {"i": 1004, "mun": 24139, "ibge": 2605707, "z": 72, "l": 1058, "nm": "ESCOLA  CAPITAO NESTOR VALGUEIRO DE CARVALHO", "nm_mun": "FLORESTA", "aptos": 3341, "imp": 0}}, {"type": "Feature", "geometry": {"type": "Point", "coordinates": [-38.192675, -8.540022]}, "properties": {"i": 1005, "mun": 24139, "ibge": 2605707, "z": 72, "l": 1066, "nm": "IGREJA NOSSA SENHORA DE LOURDES", "nm_mun": "FLORESTA", "aptos": 335, "imp": 0}}, {"type": "Feature", "geometry": {"type": "Point", "coordinates": [-38.193073, -8.538872]}, "properties": {"i": 1006, "mun": 24139, "ibge": 2605707, "z": 72, "l": 1104, "nm": "ESCOLA MINIMA DE AIRI", "nm_mun": "FLORESTA", "aptos": 532, "imp": 0}}, {"type": "Feature", "geometry": {"type": "Point", "coordinates": [-38.193046, -8.53918]}, "properties": {"i": 1007, "mun": 24139, "ibge": 2605707, "z": 72, "l": 1112, "nm": "POSTO DE SAUDE", "nm_mun": "FLORESTA", "aptos": 258, "imp": 0}}, {"type": "Feature", "geometry": {"type": "Point", "coordinates": [-38.412581, -8.321928]}, "properties": {"i": 1008, "mun": 24139, "ibge": 2605707, "z": 72, "l": 1244, "nm": "POSTO DE SAUDE FSESP", "nm_mun": "FLORESTA", "aptos": 510, "imp": 0}}, {"type": "Feature", "geometry": {"type": "Point", "coordinates": [-38.412881, -8.321886]}, "properties": {"i": 1009, "mun": 24139, "ibge": 2605707, "z": 72, "l": 1279, "nm": "ESCOLA DOMINGOS SORIANO DE SOUZA", "nm_mun": "FLORESTA", "aptos": 1393, "imp": 0}}, {"type": "Feature", "geometry": {"type": "Point", "coordinates": [-37.965996, -8.636738]}, "properties": {"i": 1010, "mun": 24139, "ibge": 2605707, "z": 72, "l": 1287, "nm": "ESCOLA MUNICIPAL TIBURCIO LIMA", "nm_mun": "FLORESTA", "aptos": 508, "imp": 0}}, {"type": "Feature", "geometry": {"type": "Point", "coordinates": [-38.19369, -8.540022]}, "properties": {"i": 1011, "mun": 24139, "ibge": 2605707, "z": 72, "l": 1376, "nm": "POSTO DA TELPE DE AIRI", "nm_mun": "FLORESTA", "aptos": 225, "imp": 0}}, {"type": "Feature", "geometry": {"type": "Point", "coordinates": [-38.573782, -8.598478]}, "properties": {"i": 1012, "mun": 24139, "ibge": 2605707, "z": 72, "l": 1430, "nm": "CENTRO DE EDUCACAO MUNICIPAL PROFESSORA FORTUNATA FERRAZ DA ROSA", "nm_mun": "FLORESTA", "aptos": 1305, "imp": 0}}, {"type": "Feature", "geometry": {"type": "Point", "coordinates": [-38.572456, -8.599056]}, "properties": {"i": 1013, "mun": 24139, "ibge": 2605707, "z": 72, "l": 1554, "nm": "ESCOLA MUNICIPAL DEPUTADO AUDOMAR FERRAZ", "nm_mun": "FLORESTA", "aptos": 2140, "imp": 1}}, {"type": "Feature", "geometry": {"type": "Point", "coordinates": [-40.63727, -8.515146]}, "properties": {"i": 1014, "mun": 24139, "ibge": 2605707, "z": 72, "l": 1562, "nm": "ESCOLA JOAQUIM SALVADOR DE SOUZA FERRAZ", "nm_mun": "FLORESTA", "aptos": 596, "imp": 1}}, {"type": "Feature", "geometry": {"type": "Point", "coordinates": [-39.564502, -7.858466]}, "properties": {"i": 1015, "mun": 24139, "ibge": 2605707, "z": 72, "l": 1570, "nm": "ESCOLA TERESINHA DE SOUZA LIRA", "nm_mun": "FLORESTA", "aptos": 497, "imp": 1}}, {"type": "Feature", "geometry": {"type": "Point", "coordinates": [-38.574117, -8.597316]}, "properties": {"i": 1016, "mun": 24139, "ibge": 2605707, "z": 72, "l": 1589, "nm": "INSTITUTO FEDERAL SERTÃO PERNAMBUCANO", "nm_mun": "FLORESTA", "aptos": 3539, "imp": 1}}, {"type": "Feature", "geometry": {"type": "Point", "coordinates": [-38.570087, -8.600593]}, "properties": {"i": 1017, "mun": 24139, "ibge": 2605707, "z": 72, "l": 1597, "nm": "ESCOLA TRES MARIAS", "nm_mun": "FLORESTA", "aptos": 1567, "imp": 1}}, {"type": "Feature", "geometry": {"type": "Point", "coordinates": [-39.74003, -8.470021]}, "properties": {"i": 1018, "mun": 24139, "ibge": 2605707, "z": 72, "l": 1600, "nm": "ESCOLA MUNICIPAL ETELVINO JOÃO DA SILVA", "nm_mun": "FLORESTA", "aptos": 368, "imp": 1}}, {"type": "Feature", "geometry": {"type": "Point", "coordinates": [-35.923973, -7.942403]}, "properties": {"i": 1019, "mun": 24155, "ibge": 2605806, "z": 46, "l": 1015, "nm": "EREM SAO JOSE", "nm_mun": "FREI MIGUELINHO", "aptos": 2648, "imp": 0}}, {"type": "Feature", "geometry": {"type": "Point", "coordinates": [-35.921003, -7.940674]}, "properties": {"i": 1020, "mun": 24155, "ibge": 2605806, "z": 46, "l": 1023, "nm": "ESCOLA MUNICIPAL MARIA ANTONIA", "nm_mun": "FREI MIGUELINHO", "aptos": 668, "imp": 0}}, {"type": "Feature", "geometry": {"type": "Point", "coordinates": [-35.845761, -7.934655]}, "properties": {"i": 1021, "mun": 24155, "ibge": 2605806, "z": 46, "l": 1040, "nm": "GRUPO ESCOLAR PRINCESA IZABEL", "nm_mun": "FREI MIGUELINHO", "aptos": 333, "imp": 0}}, {"type": "Feature", "geometry": {"type": "Point", "coordinates": [-35.955486, -7.989504]}, "properties": {"i": 1022, "mun": 24155, "ibge": 2605806, "z": 46, "l": 1066, "nm": "GRUPO ESCOLAR FRANCISCO ALVES DO NASCIMENTO", "nm_mun": "FREI MIGUELINHO", "aptos": 415, "imp": 0}}, {"type": "Feature", "geometry": {"type": "Point", "coordinates": [-35.935597, -7.993275]}, "properties": {"i": 1023, "mun": 24155, "ibge": 2605806, "z": 46, "l": 1074, "nm": "GRUPO ESCOLAR MANOEL SOARES DA SILVA", "nm_mun": "FREI MIGUELINHO", "aptos": 670, "imp": 0}}, {"type": "Feature", "geometry": {"type": "Point", "coordinates": [-35.844821, -7.980399]}, "properties": {"i": 1024, "mun": 24155, "ibge": 2605806, "z": 46, "l": 1082, "nm": "ESCOLA MUNICIPAL JOAO GUALBERTO", "nm_mun": "FREI MIGUELINHO", "aptos": 1668, "imp": 0}}, {"type": "Feature", "geometry": {"type": "Point", "coordinates": [-35.893869, -7.974066]}, "properties": {"i": 1025, "mun": 24155, "ibge": 2605806, "z": 46, "l": 1104, "nm": "GRUPO ESCOLAR NOSSA SENHORA DO CARMO", "nm_mun": "FREI MIGUELINHO", "aptos": 735, "imp": 0}}, {"type": "Feature", "geometry": {"type": "Point", "coordinates": [-35.859785, -7.876994]}, "properties": {"i": 1026, "mun": 24155, "ibge": 2605806, "z": 46, "l": 1139, "nm": "ESCOLA MUNICIPAL GAUDÊNCIO JOSÉ ASSUNÇÃO(ANTIGA ELPA)", "nm_mun": "FREI MIGUELINHO", "aptos": 2622, "imp": 0}}, {"type": "Feature", "geometry": {"type": "Point", "coordinates": [-35.913465, -7.966853]}, "properties": {"i": 1027, "mun": 24155, "ibge": 2605806, "z": 46, "l": 1147, "nm": "ESCOLA MUNICIPAL MANOEL LEITAO ALVES PEREIRA", "nm_mun": "FREI MIGUELINHO", "aptos": 955, "imp": 0}}, {"type": "Feature", "geometry": {"type": "Point", "coordinates": [-35.920755, -7.940588]}, "properties": {"i": 1028, "mun": 24155, "ibge": 2605806, "z": 46, "l": 1155, "nm": "POSTO DE SAUDE JOSE FRANCA DE ASSUNCAO", "nm_mun": "FREI MIGUELINHO", "aptos": 281, "imp": 0}}, {"type": "Feature", "geometry": {"type": "Point", "coordinates": [-35.858597, -7.878715]}, "properties": {"i": 1029, "mun": 24155, "ibge": 2605806, "z": 46, "l": 1163, "nm": "EREM TEÓFILO SEVERINO DE ARRUDA", "nm_mun": "FREI MIGUELINHO", "aptos": 1336, "imp": 0}}, {"type": "Feature", "geometry": {"type": "Point", "coordinates": [-35.920685, -7.941152]}, "properties": {"i": 1030, "mun": 24155, "ibge": 2605806, "z": 46, "l": 1180, "nm": "SECRETARIA MUNICIPAL DE AÇÃO SOCIAL", "nm_mun": "FREI MIGUELINHO", "aptos": 371, "imp": 0}}, {"type": "Feature", "geometry": {"type": "Point", "coordinates": [-35.84602, -7.934604]}, "properties": {"i": 1031, "mun": 24155, "ibge": 2605806, "z": 46, "l": 1201, "nm": "MICRO POSTO DE SAÚDE", "nm_mun": "FREI MIGUELINHO", "aptos": 249, "imp": 0}}, {"type": "Feature", "geometry": {"type": "Point", "coordinates": [-35.387401, -8.58531]}, "properties": {"i": 1032, "mun": 24171, "ibge": 2605905, "z": 28, "l": 1015, "nm": "ESCOLA MUNICIPAL DOM ELISEU (ANTIGO JARDIM DA INFÂNCIA)", "nm_mun": "GAMELEIRA", "aptos": 2292, "imp": 0}}, {"type": "Feature", "geometry": {"type": "Point", "coordinates": [-35.385771, -8.586958]}, "properties": {"i": 1033, "mun": 24171, "ibge": 2605905, "z": 28, "l": 1023, "nm": "EREM DR. JAIME MONTEIRO", "nm_mun": "GAMELEIRA", "aptos": 3577, "imp": 0}}, {"type": "Feature", "geometry": {"type": "Point", "coordinates": [-35.386782, -8.584015]}, "properties": {"i": 1034, "mun": 24171, "ibge": 2605905, "z": 28, "l": 1031, "nm": "ESCOLA ESTADUAL N. SRA. DA PENHA (ANTIGO COLÉGIO)", "nm_mun": "GAMELEIRA", "aptos": 2184, "imp": 0}}, {"type": "Feature", "geometry": {"type": "Point", "coordinates": [-35.385704, -8.582816]}, "properties": {"i": 1035, "mun": 24171, "ibge": 2605905, "z": 28, "l": 1082, "nm": "ESCOLA MUNICIPAL JOÃO FELIPE", "nm_mun": "GAMELEIRA", "aptos": 1880, "imp": 0}}, {"type": "Feature", "geometry": {"type": "Point", "coordinates": [-35.387688, -8.577269]}, "properties": {"i": 1036, "mun": 24171, "ibge": 2605905, "z": 28, "l": 1155, "nm": "ESCOLA MUNICIPAL PRESIDENTE CASTELO BRANCO", "nm_mun": "GAMELEIRA", "aptos": 1742, "imp": 0}}, {"type": "Feature", "geometry": {"type": "Point", "coordinates": [-35.382033, -8.590003]}, "properties": {"i": 1037, "mun": 24171, "ibge": 2605905, "z": 28, "l": 1163, "nm": "ESCOLA MUNICIPAL AMÉLIA MONTEIRO", "nm_mun": "GAMELEIRA", "aptos": 563, "imp": 0}}, {"type": "Feature", "geometry": {"type": "Point", "coordinates": [-35.385391, -8.580522]}, "properties": {"i": 1038, "mun": 24171, "ibge": 2605905, "z": 28, "l": 1171, "nm": "ESCOLA ARMANDO ROLIM - PETI", "nm_mun": "GAMELEIRA", "aptos": 947, "imp": 0}}, {"type": "Feature", "geometry": {"type": "Point", "coordinates": [-35.38285, -8.584234]}, "properties": {"i": 1039, "mun": 24171, "ibge": 2605905, "z": 28, "l": 1198, "nm": "ESCOLA MUNICIPAL JOSÉ BASÍLIO DA SILVA", "nm_mun": "GAMELEIRA", "aptos": 707, "imp": 0}}, {"type": "Feature", "geometry": {"type": "Point", "coordinates": [-35.384997, -8.5821]}, "properties": {"i": 1040, "mun": 24171, "ibge": 2605905, "z": 28, "l": 1201, "nm": "SECRETARIA DE SAÚDE (ANTIGO SESP)", "nm_mun": "GAMELEIRA", "aptos": 1014, "imp": 0}}, {"type": "Feature", "geometry": {"type": "Point", "coordinates": [-36.491432, -8.891544]}, "properties": {"i": 1041, "mun": 24198, "ibge": 2606002, "z": 56, "l": 1066, "nm": "GINASIO DE ESPORTES DO SESC", "nm_mun": "GARANHUNS", "aptos": 3355, "imp": 0}}, {"type": "Feature", "geometry": {"type": "Point", "coordinates": [-36.491959, -8.890276]}, "properties": {"i": 1042, "mun": 24198, "ibge": 2606002, "z": 56, "l": 1082, "nm": "COLEGIO SANTA SOFIA", "nm_mun": "GARANHUNS", "aptos": 3685, "imp": 0}}, {"type": "Feature", "geometry": {"type": "Point", "coordinates": [-36.492823, -8.888835]}, "properties": {"i": 1043, "mun": 24198, "ibge": 2606002, "z": 56, "l": 1155, "nm": "INSS", "nm_mun": "GARANHUNS", "aptos": 1582, "imp": 0}}, {"type": "Feature", "geometry": {"type": "Point", "coordinates": [-36.482045, -8.883148]}, "properties": {"i": 1044, "mun": 24198, "ibge": 2606002, "z": 56, "l": 1236, "nm": "CMA - COLEGIO MONSENHOR  ADELMAR DA MOTA VALENCA", "nm_mun": "GARANHUNS", "aptos": 4831, "imp": 0}}, {"type": "Feature", "geometry": {"type": "Point", "coordinates": [-36.48701, -8.887068]}, "properties": {"i": 1045, "mun": 24198, "ibge": 2606002, "z": 56, "l": 1252, "nm": "COLEGIO QUINZE DE NOVEMBRO", "nm_mun": "GARANHUNS", "aptos": 4284, "imp": 0}}, {"type": "Feature", "geometry": {"type": "Point", "coordinates": [-36.472995, -8.885608]}, "properties": {"i": 1046, "mun": 24198, "ibge": 2606002, "z": 56, "l": 1309, "nm": "ESCOLA PROFESSORA ELVIRA VIANA", "nm_mun": "GARANHUNS", "aptos": 1953, "imp": 0}}, {"type": "Feature", "geometry": {"type": "Point", "coordinates": [-36.473741, -8.89384]}, "properties": {"i": 1047, "mun": 24198, "ibge": 2606002, "z": 56, "l": 1325, "nm": "EREM SAO CRISTOVAO", "nm_mun": "GARANHUNS", "aptos": 2728, "imp": 0}}, {"type": "Feature", "geometry": {"type": "Point", "coordinates": [-36.478882, -8.888293]}, "properties": {"i": 1048, "mun": 24198, "ibge": 2606002, "z": 56, "l": 1341, "nm": "ESCOLA INSTITUTO PRESBITERIANO DE HELIÓPOLIS (IPH)", "nm_mun": "GARANHUNS", "aptos": 1386, "imp": 0}}, {"type": "Feature", "geometry": {"type": "Point", "coordinates": [-36.461726, -8.885502]}, "properties": {"i": 1049, "mun": 24198, "ibge": 2606002, "z": 56, "l": 1350, "nm": "ESCOLA VIRGEM DO SOCORRO", "nm_mun": "GARANHUNS", "aptos": 1581, "imp": 0}}, {"type": "Feature", "geometry": {"type": "Point", "coordinates": [-36.485746, -8.880213]}, "properties": {"i": 1050, "mun": 24198, "ibge": 2606002, "z": 56, "l": 1368, "nm": "AUTARQUIA DE ENSINO SUPERIOR DE GARANHUNS (AESGA)", "nm_mun": "GARANHUNS", "aptos": 1996, "imp": 0}}, {"type": "Feature", "geometry": {"type": "Point", "coordinates": [-36.486301, -8.883453]}, "properties": {"i": 1051, "mun": 24198, "ibge": 2606002, "z": 56, "l": 1376, "nm": "EREM DOM JUVENCIO DE BRITTO", "nm_mun": "GARANHUNS", "aptos": 1062, "imp": 0}}, {"type": "Feature", "geometry": {"type": "Point", "coordinates": [-36.486027, -8.884044]}, "properties": {"i": 1052, "mun": 24198, "ibge": 2606002, "z": 56, "l": 1392, "nm": "EREM PROFESSOR HENRIQUE DIAS", "nm_mun": "GARANHUNS", "aptos": 1243, "imp": 0}}, {"type": "Feature", "geometry": {"type": "Point", "coordinates": [-36.465701, -8.878528]}, "properties": {"i": 1053, "mun": 24198, "ibge": 2606002, "z": 56, "l": 1481, "nm": "CAIC - PROFESSOR ANTÔNIO GONÇALVES DIAS", "nm_mun": "GARANHUNS", "aptos": 3135, "imp": 0}}, {"type": "Feature", "geometry": {"type": "Point", "coordinates": [-36.460058, -8.871295]}, "properties": {"i": 1054, "mun": 24198, "ibge": 2606002, "z": 56, "l": 1503, "nm": "ESCOLA DUQUE DE CAXIAS", "nm_mun": "GARANHUNS", "aptos": 2210, "imp": 0}}, {"type": "Feature", "geometry": {"type": "Point", "coordinates": [-36.473987, -8.874396]}, "properties": {"i": 1055, "mun": 24198, "ibge": 2606002, "z": 56, "l": 1562, "nm": "ESCOLA MUNICIPAL PROFESSOR PETRÔNIO FERNANDES DA SILVA", "nm_mun": "GARANHUNS", "aptos": 1017, "imp": 0}}, {"type": "Feature", "geometry": {"type": "Point", "coordinates": [-36.455832, -8.893825]}, "properties": {"i": 1056, "mun": 24198, "ibge": 2606002, "z": 56, "l": 1570, "nm": "ESCOLA GOVERNADOR MIGUEL ARRAES DE ALENCAR", "nm_mun": "GARANHUNS", "aptos": 2377, "imp": 0}}, {"type": "Feature", "geometry": {"type": "Point", "coordinates": [-36.465494, -8.877105]}, "properties": {"i": 1057, "mun": 24198, "ibge": 2606002, "z": 56, "l": 1597, "nm": "ESCOLA SENADOR ADERBAL JUREMA", "nm_mun": "GARANHUNS", "aptos": 3142, "imp": 0}}, {"type": "Feature", "geometry": {"type": "Point", "coordinates": [-36.484076, -8.799199]}, "properties": {"i": 1058, "mun": 24198, "ibge": 2606002, "z": 56, "l": 1660, "nm": "EFETI JOSÉ FERREIRA SOBRINHO", "nm_mun": "GARANHUNS", "aptos": 3069, "imp": 0}}, {"type": "Feature", "geometry": {"type": "Point", "coordinates": [-36.476098, -8.881371]}, "properties": {"i": 1059, "mun": 24198, "ibge": 2606002, "z": 56, "l": 1686, "nm": "GERENCIA REGIONAL DE EDUCAÇÃO (GRE) - AGRESTE MERIDIONAL", "nm_mun": "GARANHUNS", "aptos": 1457, "imp": 0}}, {"type": "Feature", "geometry": {"type": "Point", "coordinates": [-36.496905, -8.867616]}, "properties": {"i": 1060, "mun": 24198, "ibge": 2606002, "z": 56, "l": 1694, "nm": "ESCOLA MUNICIPAL JAIME LUNA", "nm_mun": "GARANHUNS", "aptos": 3222, "imp": 0}}, {"type": "Feature", "geometry": {"type": "Point", "coordinates": [-36.483397, -8.907622]}, "properties": {"i": 1061, "mun": 24198, "ibge": 2606002, "z": 56, "l": 1708, "nm": "COLEGIO SANTA JOANA D'ARC", "nm_mun": "GARANHUNS", "aptos": 2378, "imp": 0}}, {"type": "Feature", "geometry": {"type": "Point", "coordinates": [-36.491344, -8.886539]}, "properties": {"i": 1062, "mun": 24198, "ibge": 2606002, "z": 56, "l": 1716, "nm": "ESCOLA ESTADUAL PROFESSORA ELISA COELHO", "nm_mun": "GARANHUNS", "aptos": 1396, "imp": 0}}, {"type": "Feature", "geometry": {"type": "Point", "coordinates": [-36.499483, -8.890939]}, "properties": {"i": 1063, "mun": 24198, "ibge": 2606002, "z": 56, "l": 1732, "nm": "ESCOLA GABRIELA MISTRAL", "nm_mun": "GARANHUNS", "aptos": 1494, "imp": 0}}, {"type": "Feature", "geometry": {"type": "Point", "coordinates": [-36.498854, -8.901391]}, "properties": {"i": 1064, "mun": 24198, "ibge": 2606002, "z": 56, "l": 1740, "nm": "ESCOLA JOSE BRASILEIRO VILA NOVA", "nm_mun": "GARANHUNS", "aptos": 1933, "imp": 0}}, {"type": "Feature", "geometry": {"type": "Point", "coordinates": [-36.497029, -8.88032]}, "properties": {"i": 1065, "mun": 24198, "ibge": 2606002, "z": 56, "l": 1759, "nm": "ESCOLA  PROFESSOR MARIO MATOS", "nm_mun": "GARANHUNS", "aptos": 2237, "imp": 0}}, {"type": "Feature", "geometry": {"type": "Point", "coordinates": [-36.492319, -8.902342]}, "properties": {"i": 1066, "mun": 24198, "ibge": 2606002, "z": 56, "l": 1767, "nm": "EREM DOM JOAO DA MATA DO AMARAL", "nm_mun": "GARANHUNS", "aptos": 3546, "imp": 0}}, {"type": "Feature", "geometry": {"type": "Point", "coordinates": [-36.494989, -8.905869]}, "properties": {"i": 1067, "mun": 24198, "ibge": 2606002, "z": 56, "l": 1775, "nm": "UNIVERSIDADE FEDERAL DO AGRESTE DE PERNAMBUCO - UFAPE", "nm_mun": "GARANHUNS", "aptos": 3630, "imp": 0}}, {"type": "Feature", "geometry": {"type": "Point", "coordinates": [-36.421966, -9.02933]}, "properties": {"i": 1068, "mun": 24198, "ibge": 2606002, "z": 56, "l": 1791, "nm": "GRUPO ESCOLAR JULIÃO CAPITÓ FILHO", "nm_mun": "GARANHUNS", "aptos": 1178, "imp": 0}}, {"type": "Feature", "geometry": {"type": "Point", "coordinates": [-36.504978, -8.885577]}, "properties": {"i": 1069, "mun": 24198, "ibge": 2606002, "z": 56, "l": 1805, "nm": "EREM FRANCISCO MADEIROS", "nm_mun": "GARANHUNS", "aptos": 3943, "imp": 0}}, {"type": "Feature", "geometry": {"type": "Point", "coordinates": [-36.480731, -8.905]}, "properties": {"i": 1070, "mun": 24198, "ibge": 2606002, "z": 56, "l": 1813, "nm": "ESCOLA  SIMOA GOMES", "nm_mun": "GARANHUNS", "aptos": 3107, "imp": 0}}, {"type": "Feature", "geometry": {"type": "Point", "coordinates": [-36.496275, -8.883195]}, "properties": {"i": 1071, "mun": 24198, "ibge": 2606002, "z": 56, "l": 1821, "nm": "UPE - UNIVERSIDADE DE PERNAMBUCO", "nm_mun": "GARANHUNS", "aptos": 5277, "imp": 0}}, {"type": "Feature", "geometry": {"type": "Point", "coordinates": [-36.490577, -8.886669]}, "properties": {"i": 1072, "mun": 24198, "ibge": 2606002, "z": 56, "l": 1830, "nm": "EREM PROFESSOR JERÔNIMO GUEIROS (ESTADUAL)", "nm_mun": "GARANHUNS", "aptos": 943, "imp": 0}}, {"type": "Feature", "geometry": {"type": "Point", "coordinates": [-36.504755, -8.884681]}, "properties": {"i": 1073, "mun": 24198, "ibge": 2606002, "z": 56, "l": 1848, "nm": "ESCOLA MUNICIPAL RANSER ALEXANDRE GOMES", "nm_mun": "GARANHUNS", "aptos": 1919, "imp": 0}}, {"type": "Feature", "geometry": {"type": "Point", "coordinates": [-36.618407, -8.957819]}, "properties": {"i": 1074, "mun": 24198, "ibge": 2606002, "z": 56, "l": 1856, "nm": "ESCOLA SALOMÃO RODRIGUES VILELA", "nm_mun": "GARANHUNS", "aptos": 1958, "imp": 0}}, {"type": "Feature", "geometry": {"type": "Point", "coordinates": [-36.493614, -8.895776]}, "properties": {"i": 1075, "mun": 24198, "ibge": 2606002, "z": 56, "l": 1864, "nm": "ESCOLA PROFESSOR ARTUR BRASILIENSE MAIA", "nm_mun": "GARANHUNS", "aptos": 1469, "imp": 0}}, {"type": "Feature", "geometry": {"type": "Point", "coordinates": [-36.495824, -8.888468]}, "properties": {"i": 1076, "mun": 24198, "ibge": 2606002, "z": 56, "l": 1880, "nm": "COLÉGIO DIOCESANO", "nm_mun": "GARANHUNS", "aptos": 2098, "imp": 0}}, {"type": "Feature", "geometry": {"type": "Point", "coordinates": [-36.490752, -8.896657]}, "properties": {"i": 1077, "mun": 24198, "ibge": 2606002, "z": 56, "l": 1899, "nm": "ESCOLA MUNICIPAL PROF. LETACIO BRITO PESSOA", "nm_mun": "GARANHUNS", "aptos": 2966, "imp": 0}}, {"type": "Feature", "geometry": {"type": "Point", "coordinates": [-36.478192, -8.905468]}, "properties": {"i": 1078, "mun": 24198, "ibge": 2606002, "z": 56, "l": 1910, "nm": "ESCOLA MUNICIPAL AMILCAR DA MOTA VALENÇA", "nm_mun": "GARANHUNS", "aptos": 2576, "imp": 0}}, {"type": "Feature", "geometry": {"type": "Point", "coordinates": [-36.463587, -8.883709]}, "properties": {"i": 1079, "mun": 24198, "ibge": 2606002, "z": 56, "l": 1945, "nm": "LAR DA CRIANÇA SANTA MARIA", "nm_mun": "GARANHUNS", "aptos": 1179, "imp": 0}}, {"type": "Feature", "geometry": {"type": "Point", "coordinates": [-40.085541, -7.878463]}, "properties": {"i": 1080, "mun": 24198, "ibge": 2606002, "z": 56, "l": 1953, "nm": "IFPE - INSTITUTO FEDERAL DE PERNAMBUCO - CAMPUS GARANHUNS/PE", "nm_mun": "GARANHUNS", "aptos": 1709, "imp": 1}}, {"type": "Feature", "geometry": {"type": "Point", "coordinates": [-38.285825, -7.973255]}, "properties": {"i": 1081, "mun": 24198, "ibge": 2606002, "z": 56, "l": 1961, "nm": "CRECHE DOUTOR IVALDO DOURADO", "nm_mun": "GARANHUNS", "aptos": 1142, "imp": 1}}, {"type": "Feature", "geometry": {"type": "Point", "coordinates": [-34.890432, -7.918548]}, "properties": {"i": 1082, "mun": 24198, "ibge": 2606002, "z": 56, "l": 1970, "nm": "EFITI PACÍFICO CARLOS ZOBY (VIANA E MOURA)", "nm_mun": "GARANHUNS", "aptos": 228, "imp": 1}}, {"type": "Feature", "geometry": {"type": "Point", "coordinates": [-38.29714, -7.991063]}, "properties": {"i": 1083, "mun": 24198, "ibge": 2606002, "z": 56, "l": 1988, "nm": "COLÉGIO MUNICIPAL PADRE AGOBAR VALENÇA", "nm_mun": "GARANHUNS", "aptos": 2005, "imp": 1}}, {"type": "Feature", "geometry": {"type": "Point", "coordinates": [-35.291015, -8.001909]}, "properties": {"i": 1084, "mun": 24210, "ibge": 2606101, "z": 21, "l": 1031, "nm": "ESCOLA REUNIDAS PAROQUIAL DE MENORES", "nm_mun": "GLÓRIA DO GOITÁ", "aptos": 3235, "imp": 0}}, {"type": "Feature", "geometry": {"type": "Point", "coordinates": [-35.294649, -7.999738]}, "properties": {"i": 1085, "mun": 24210, "ibge": 2606101, "z": 21, "l": 1040, "nm": "ESCOLA PROFESSOR BARROS GUIMARAES", "nm_mun": "GLÓRIA DO GOITÁ", "aptos": 3700, "imp": 0}}, {"type": "Feature", "geometry": {"type": "Point", "coordinates": [-35.388549, -8.05666]}, "properties": {"i": 1086, "mun": 24210, "ibge": 2606101, "z": 21, "l": 1112, "nm": "ESCOLA INTERMEDIARIA JOAQUIM COUTINHO", "nm_mun": "GLÓRIA DO GOITÁ", "aptos": 2933, "imp": 0}}, {"type": "Feature", "geometry": {"type": "Point", "coordinates": [-35.388638, -8.056758]}, "properties": {"i": 1087, "mun": 24210, "ibge": 2606101, "z": 21, "l": 1139, "nm": "GRUPO ESCOLAR CASTELO BRANCO", "nm_mun": "GLÓRIA DO GOITÁ", "aptos": 1117, "imp": 0}}, {"type": "Feature", "geometry": {"type": "Point", "coordinates": [-35.290508, -8.000053]}, "properties": {"i": 1088, "mun": 24210, "ibge": 2606101, "z": 21, "l": 1163, "nm": "ESCOLA CENECISTA DOM MIGUEL DE LIMA VALVERDE", "nm_mun": "GLÓRIA DO GOITÁ", "aptos": 4931, "imp": 0}}, {"type": "Feature", "geometry": {"type": "Point", "coordinates": [-35.295975, -8.003421]}, "properties": {"i": 1089, "mun": 24210, "ibge": 2606101, "z": 21, "l": 1171, "nm": "ESCOLA DJALMA SOUTO MAIOR PAES", "nm_mun": "GLÓRIA DO GOITÁ", "aptos": 2641, "imp": 0}}, {"type": "Feature", "geometry": {"type": "Point", "coordinates": [-35.295783, -7.996517]}, "properties": {"i": 1090, "mun": 24210, "ibge": 2606101, "z": 21, "l": 1198, "nm": "ESCOLA PUBLICA MUNICIPAL SANTA RITA", "nm_mun": "GLÓRIA DO GOITÁ", "aptos": 3938, "imp": 0}}, {"type": "Feature", "geometry": {"type": "Point", "coordinates": [-35.459763, -8.010252]}, "properties": {"i": 1091, "mun": 24210, "ibge": 2606101, "z": 21, "l": 1201, "nm": "ESCOLA TIPICA RURAL DE TAPERA DE SANTA MARIA", "nm_mun": "GLÓRIA DO GOITÁ", "aptos": 466, "imp": 0}}, {"type": "Feature", "geometry": {"type": "Point", "coordinates": [-35.292476, -7.941059]}, "properties": {"i": 1092, "mun": 24210, "ibge": 2606101, "z": 21, "l": 1210, "nm": "ESCOLA MUNICIPAL FERNANDA DORNELAS CAMARA PAES", "nm_mun": "GLÓRIA DO GOITÁ", "aptos": 526, "imp": 0}}, {"type": "Feature", "geometry": {"type": "Point", "coordinates": [-35.012107, -7.564645]}, "properties": {"i": 1093, "mun": 24236, "ibge": 2606200, "z": 25, "l": 1015, "nm": "ESCOLA MUNICIPAL IRACEMA NOGUEIRA RABELO", "nm_mun": "GOIANA", "aptos": 1622, "imp": 0}}, {"type": "Feature", "geometry": {"type": "Point", "coordinates": [-34.999753, -7.562885]}, "properties": {"i": 1094, "mun": 24236, "ibge": 2606200, "z": 25, "l": 1023, "nm": "COLÉGIO DA SAGRADA FAMÍLIA", "nm_mun": "GOIANA", "aptos": 3131, "imp": 0}}, {"type": "Feature", "geometry": {"type": "Point", "coordinates": [-34.988745, -7.563119]}, "properties": {"i": 1095, "mun": 24236, "ibge": 2606200, "z": 25, "l": 1031, "nm": "ESCOLA MUNICIPAL TARCILA COUTINHO AMARAL", "nm_mun": "GOIANA", "aptos": 897, "imp": 0}}, {"type": "Feature", "geometry": {"type": "Point", "coordinates": [-34.995678, -7.560345]}, "properties": {"i": 1096, "mun": 24236, "ibge": 2606200, "z": 25, "l": 1040, "nm": "FADIMAB - FACULDADE PROFESSOR DIRSON MACIEL DE BARROS", "nm_mun": "GOIANA", "aptos": 2976, "imp": 0}}, {"type": "Feature", "geometry": {"type": "Point", "coordinates": [-35.012344, -7.561085]}, "properties": {"i": 1097, "mun": 24236, "ibge": 2606200, "z": 25, "l": 1058, "nm": "ESCOLA ESTADUAL AUGUSTO GONDIM", "nm_mun": "GOIANA", "aptos": 5187, "imp": 0}}, {"type": "Feature", "geometry": {"type": "Point", "coordinates": [-34.995708, -7.560528]}, "properties": {"i": 1098, "mun": 24236, "ibge": 2606200, "z": 25, "l": 1066, "nm": "EDIFÍCIO DO SESI", "nm_mun": "GOIANA", "aptos": 1278, "imp": 0}}, {"type": "Feature", "geometry": {"type": "Point", "coordinates": [-35.018277, -7.567307]}, "properties": {"i": 1099, "mun": 24236, "ibge": 2606200, "z": 25, "l": 1074, "nm": "ESCOLA MUNICIPAL ZILMA GEMIR BARACHO", "nm_mun": "GOIANA", "aptos": 1567, "imp": 0}}, {"type": "Feature", "geometry": {"type": "Point", "coordinates": [-35.006442, -7.556708]}, "properties": {"i": 1100, "mun": 24236, "ibge": 2606200, "z": 25, "l": 1082, "nm": "ESCOLA MUNICIPAL  IV CENTENÁRIO", "nm_mun": "GOIANA", "aptos": 1959, "imp": 0}}, {"type": "Feature", "geometry": {"type": "Point", "coordinates": [-34.998507, -7.563769]}, "properties": {"i": 1101, "mun": 24236, "ibge": 2606200, "z": 25, "l": 1090, "nm": "ESCOLA ESTADUAL BENIGNO PESSOA DE ARAÚJO", "nm_mun": "GOIANA", "aptos": 3400, "imp": 0}}, {"type": "Feature", "geometry": {"type": "Point", "coordinates": [-34.997123, -7.561032]}, "properties": {"i": 1102, "mun": 24236, "ibge": 2606200, "z": 25, "l": 1104, "nm": "ESCOLA MUNICIPAL DIOGO DIAS", "nm_mun": "GOIANA", "aptos": 758, "imp": 0}}, {"type": "Feature", "geometry": {"type": "Point", "coordinates": [-34.999006, -7.561936]}, "properties": {"i": 1103, "mun": 24236, "ibge": 2606200, "z": 25, "l": 1112, "nm": "ESCOLA ESTADUAL DR. JOÃO ALFREDO", "nm_mun": "GOIANA", "aptos": 1484, "imp": 0}}, {"type": "Feature", "geometry": {"type": "Point", "coordinates": [-34.999497, -7.556678]}, "properties": {"i": 1104, "mun": 24236, "ibge": 2606200, "z": 25, "l": 1120, "nm": "ESCOLA MUNICIPAL DR. MANOEL BORBA", "nm_mun": "GOIANA", "aptos": 1760, "imp": 0}}, {"type": "Feature", "geometry": {"type": "Point", "coordinates": [-35.004999, -7.559306]}, "properties": {"i": 1105, "mun": 24236, "ibge": 2606200, "z": 25, "l": 1139, "nm": "ESCOLA MUNICIPAL MAJOR MANOEL GADELHA", "nm_mun": "GOIANA", "aptos": 2097, "imp": 0}}, {"type": "Feature", "geometry": {"type": "Point", "coordinates": [-34.992759, -7.561245]}, "properties": {"i": 1106, "mun": 24236, "ibge": 2606200, "z": 25, "l": 1147, "nm": "ESCOLA ESTADUAL CEL. JOSÉ PINTO DE ABREU", "nm_mun": "GOIANA", "aptos": 2172, "imp": 0}}, {"type": "Feature", "geometry": {"type": "Point", "coordinates": [-35.025813, -7.568289]}, "properties": {"i": 1107, "mun": 24236, "ibge": 2606200, "z": 25, "l": 1163, "nm": "ESCOLA MUNICIPAL LOURENÇO DE ALBUQUERQUE GADELHA (FLEXEIRAS)", "nm_mun": "GOIANA", "aptos": 1577, "imp": 0}}, {"type": "Feature", "geometry": {"type": "Point", "coordinates": [-34.997474, -7.558883]}, "properties": {"i": 1108, "mun": 24236, "ibge": 2606200, "z": 25, "l": 1171, "nm": "CENTRO EDUCACIONAL CIRANDA DE LETRAS", "nm_mun": "GOIANA", "aptos": 1001, "imp": 0}}, {"type": "Feature", "geometry": {"type": "Point", "coordinates": [-35.012501, -7.561527]}, "properties": {"i": 1109, "mun": 24236, "ibge": 2606200, "z": 25, "l": 1198, "nm": "ETE - ESCOLA TÉCNICA ESTADUAL ADERICO ALVES DE VASCONCELOS", "nm_mun": "GOIANA", "aptos": 3179, "imp": 0}}, {"type": "Feature", "geometry": {"type": "Point", "coordinates": [-35.000176, -7.563385]}, "properties": {"i": 1110, "mun": 24236, "ibge": 2606200, "z": 25, "l": 1201, "nm": "ESCOLA MUNICIPAL DE 1 E 2 GRAUS IRMÃ MARIE ARMELLE FULGUERES", "nm_mun": "GOIANA", "aptos": 3014, "imp": 0}}, {"type": "Feature", "geometry": {"type": "Point", "coordinates": [-35.010055, -7.563035]}, "properties": {"i": 1111, "mun": 24236, "ibge": 2606200, "z": 25, "l": 1210, "nm": "SESC LER GOIANA", "nm_mun": "GOIANA", "aptos": 1998, "imp": 0}}, {"type": "Feature", "geometry": {"type": "Point", "coordinates": [-34.996486, -7.559452]}, "properties": {"i": 1112, "mun": 24236, "ibge": 2606200, "z": 25, "l": 1228, "nm": "ESCOLA MUNICIPAL CÔNEGO FERNANDO PASSOS", "nm_mun": "GOIANA", "aptos": 470, "imp": 0}}, {"type": "Feature", "geometry": {"type": "Point", "coordinates": [-34.809996, -7.629695]}, "properties": {"i": 1113, "mun": 24236, "ibge": 2606200, "z": 25, "l": 1236, "nm": "GRUPO ESCOLAR ÂNGELO JORDÃO", "nm_mun": "GOIANA", "aptos": 2013, "imp": 0}}, {"type": "Feature", "geometry": {"type": "Point", "coordinates": [-34.818776, -7.636719]}, "properties": {"i": 1114, "mun": 24236, "ibge": 2606200, "z": 25, "l": 1252, "nm": "ESCOLA DE REFERÊNCIA EM ENSINO MÉDIO FREI CAMPO MAYOR", "nm_mun": "GOIANA", "aptos": 3259, "imp": 0}}, {"type": "Feature", "geometry": {"type": "Point", "coordinates": [-34.898516, -7.606046]}, "properties": {"i": 1115, "mun": 24236, "ibge": 2606200, "z": 25, "l": 1260, "nm": "ESCOLA MUNICIPAL COSTA E SILVA", "nm_mun": "GOIANA", "aptos": 2233, "imp": 0}}, {"type": "Feature", "geometry": {"type": "Point", "coordinates": [-34.850625, -7.585417]}, "properties": {"i": 1116, "mun": 24236, "ibge": 2606200, "z": 25, "l": 1287, "nm": "COLEGIO ADÉLIA CARNEIRO PEDROSA", "nm_mun": "GOIANA", "aptos": 2233, "imp": 0}}, {"type": "Feature", "geometry": {"type": "Point", "coordinates": [-34.831613, -7.578615]}, "properties": {"i": 1117, "mun": 24236, "ibge": 2606200, "z": 25, "l": 1295, "nm": "GRUPO ESCOLAR MUNICIPAL LOURENÇO ALBUQUERQUE GADELHA (CARNE DE VACA)", "nm_mun": "GOIANA", "aptos": 1464, "imp": 0}}, {"type": "Feature", "geometry": {"type": "Point", "coordinates": [-34.893515, -7.644618]}, "properties": {"i": 1118, "mun": 24236, "ibge": 2606200, "z": 25, "l": 1309, "nm": "COLÉGIO JOÃO CARNEIRO DE MELO", "nm_mun": "GOIANA", "aptos": 754, "imp": 0}}, {"type": "Feature", "geometry": {"type": "Point", "coordinates": [-34.859864, -7.690543]}, "properties": {"i": 1119, "mun": 24236, "ibge": 2606200, "z": 25, "l": 1317, "nm": "GRUPO ESCOLAR FRANCISCO NICOLAU DA SILVA", "nm_mun": "GOIANA", "aptos": 1204, "imp": 0}}, {"type": "Feature", "geometry": {"type": "Point", "coordinates": [-34.912544, -7.684142]}, "properties": {"i": 1120, "mun": 24236, "ibge": 2606200, "z": 25, "l": 1333, "nm": "ESCOLA CAPELA DE SÃO SEBASTIÃO", "nm_mun": "GOIANA", "aptos": 2525, "imp": 0}}, {"type": "Feature", "geometry": {"type": "Point", "coordinates": [-34.827603, -7.660402]}, "properties": {"i": 1121, "mun": 24236, "ibge": 2606200, "z": 25, "l": 1341, "nm": "ESCOLA MÍNIMA SANTO ANTONIO DE PÁDUA", "nm_mun": "GOIANA", "aptos": 956, "imp": 0}}, {"type": "Feature", "geometry": {"type": "Point", "coordinates": [-34.837167, -7.681772]}, "properties": {"i": 1122, "mun": 24236, "ibge": 2606200, "z": 25, "l": 1350, "nm": "GRUPO ESCOLAR JOÃO GONÇALVES DE AZEVEDO", "nm_mun": "GOIANA", "aptos": 818, "imp": 0}}, {"type": "Feature", "geometry": {"type": "Point", "coordinates": [-34.898939, -7.602092]}, "properties": {"i": 1123, "mun": 24236, "ibge": 2606200, "z": 25, "l": 1376, "nm": "ESCOLA MUNICIPAL HEROÍNAS DE TEJUCUPAPO", "nm_mun": "GOIANA", "aptos": 3112, "imp": 0}}, {"type": "Feature", "geometry": {"type": "Point", "coordinates": [-34.926882, -7.693019]}, "properties": {"i": 1124, "mun": 24236, "ibge": 2606200, "z": 25, "l": 1392, "nm": "ESCOLA MUNICIPAL SÃO THOMAZ DE AQUINO", "nm_mun": "GOIANA", "aptos": 449, "imp": 0}}, {"type": "Feature", "geometry": {"type": "Point", "coordinates": [-34.873041, -7.93844]}, "properties": {"i": 1125, "mun": 24236, "ibge": 2606200, "z": 25, "l": 1414, "nm": "ESCOLA ESTADUAL ANDRE VIDAL DE NEGREIROS", "nm_mun": "GOIANA", "aptos": 1293, "imp": 1}}, {"type": "Feature", "geometry": {"type": "Point", "coordinates": [-35.012107, -7.564645]}, "properties": {"i": 1126, "mun": 24236, "ibge": 2606200, "z": 25, "l": 1422, "nm": "CMEI - CRECHE MUNICIPAL PREF OSVALDO RABELO FILHO", "nm_mun": "GOIANA", "aptos": 1008, "imp": 1}}, {"type": "Feature", "geometry": {"type": "Point", "coordinates": [-35.195458, -8.105729]}, "properties": {"i": 1127, "mun": 24236, "ibge": 2606200, "z": 25, "l": 1430, "nm": "SENAI - SERVIÇO NACIONAL DE APRENDIZAGEM INDUSTRIAL", "nm_mun": "GOIANA", "aptos": 816, "imp": 1}}, {"type": "Feature", "geometry": {"type": "Point", "coordinates": [-35.051707, -8.61234]}, "properties": {"i": 1128, "mun": 24236, "ibge": 2606200, "z": 25, "l": 1449, "nm": "ESCOLA MUNICIPAL ARCENDRINO CÉSAR DE ALBUQUERQUE", "nm_mun": "GOIANA", "aptos": 975, "imp": 1}}, {"type": "Feature", "geometry": {"type": "Point", "coordinates": [-37.51654, -7.834965]}, "properties": {"i": 1129, "mun": 24236, "ibge": 2606200, "z": 25, "l": 1457, "nm": "ESCOLA MUNICIPAL NOSSA SENHORA DAS MARAVILHAS", "nm_mun": "GOIANA", "aptos": 520, "imp": 1}}, {"type": "Feature", "geometry": {"type": "Point", "coordinates": [-39.61579, -7.71414]}, "properties": {"i": 1130, "mun": 24252, "ibge": 2606309, "z": 80, "l": 1015, "nm": "ESCOLA ESTADUAL NOSSA SENHORA DO BOM CONSELHO", "nm_mun": "GRANITO", "aptos": 1315, "imp": 0}}, {"type": "Feature", "geometry": {"type": "Point", "coordinates": [-39.619471, -7.710659]}, "properties": {"i": 1131, "mun": 24252, "ibge": 2606309, "z": 80, "l": 1074, "nm": "ESCOLA ESTADUAL MIGUEL ARRAES DE ALENCAR", "nm_mun": "GRANITO", "aptos": 2490, "imp": 0}}, {"type": "Feature", "geometry": {"type": "Point", "coordinates": [-39.74165, -7.675816]}, "properties": {"i": 1132, "mun": 24252, "ibge": 2606309, "z": 80, "l": 1082, "nm": "ESCOLA MUNICIPAL CORNELIO DE ALENCAR", "nm_mun": "GRANITO", "aptos": 1133, "imp": 0}}, {"type": "Feature", "geometry": {"type": "Point", "coordinates": [-39.70832, -7.805764]}, "properties": {"i": 1133, "mun": 24252, "ibge": 2606309, "z": 80, "l": 1120, "nm": "ESCOLA MUNICIPAL REINALDO MODESTO FERRAZ", "nm_mun": "GRANITO", "aptos": 1025, "imp": 0}}, {"type": "Feature", "geometry": {"type": "Point", "coordinates": [-39.802765, -7.685118]}, "properties": {"i": 1134, "mun": 24252, "ibge": 2606309, "z": 80, "l": 1139, "nm": "ESCOLA MUNICIPAL JOSÉ ALVES SILVEIRA", "nm_mun": "GRANITO", "aptos": 1000, "imp": 0}}, {"type": "Feature", "geometry": {"type": "Point", "coordinates": [-35.565377, -8.200756]}, "properties": {"i": 1135, "mun": 24279, "ibge": 2606408, "z": 30, "l": 1074, "nm": "ESCOLA EDGAR NUNES BATISTA", "nm_mun": "GRAVATÁ", "aptos": 3088, "imp": 0}}, {"type": "Feature", "geometry": {"type": "Point", "coordinates": [-35.558802, -8.213365]}, "properties": {"i": 1136, "mun": 24279, "ibge": 2606408, "z": 30, "l": 1082, "nm": "ESCOLA CÔNEGO EUGÊNIO VILA NOVA", "nm_mun": "GRAVATÁ", "aptos": 1990, "imp": 0}}, {"type": "Feature", "geometry": {"type": "Point", "coordinates": [-35.562832, -8.199175]}, "properties": {"i": 1137, "mun": 24279, "ibge": 2606408, "z": 30, "l": 1090, "nm": "ESCOLA DE REFERÊNCIA EM ENSINO MÉDIO CLETO CAMPELO", "nm_mun": "GRAVATÁ", "aptos": 5945, "imp": 0}}, {"type": "Feature", "geometry": {"type": "Point", "coordinates": [-35.569846, -8.20517]}, "properties": {"i": 1138, "mun": 24279, "ibge": 2606408, "z": 30, "l": 1104, "nm": "ESCOLA DE REFERÊNCIA EM ENSINO MÉDIO DEVALDO BORGES", "nm_mun": "GRAVATÁ", "aptos": 7076, "imp": 0}}, {"type": "Feature", "geometry": {"type": "Point", "coordinates": [-35.569181, -8.197275]}, "properties": {"i": 1139, "mun": 24279, "ibge": 2606408, "z": 30, "l": 1112, "nm": "ESCOLA DE REFERÊNCIA EM ENSINO MÉDIO PROF. ANTONIO FARIAS - EREMPAF", "nm_mun": "GRAVATÁ", "aptos": 4699, "imp": 0}}, {"type": "Feature", "geometry": {"type": "Point", "coordinates": [-35.572768, -8.202899]}, "properties": {"i": 1140, "mun": 24279, "ibge": 2606408, "z": 30, "l": 1120, "nm": "ESCOLA AARÃO LINS DE ANDRADE", "nm_mun": "GRAVATÁ", "aptos": 4377, "imp": 0}}, {"type": "Feature", "geometry": {"type": "Point", "coordinates": [-35.571411, -8.20509]}, "properties": {"i": 1141, "mun": 24279, "ibge": 2606408, "z": 30, "l": 1139, "nm": "ESCOLA CAPITÃO JOSÉ PRIMO DE OLIVEIRA", "nm_mun": "GRAVATÁ", "aptos": 2228, "imp": 0}}, {"type": "Feature", "geometry": {"type": "Point", "coordinates": [-35.57031, -8.20515]}, "properties": {"i": 1142, "mun": 24279, "ibge": 2606408, "z": 30, "l": 1147, "nm": "ASSOCIAÇÃO EDUCACIONAL AUXILIADORA - SALESIANAS GRAVATÁ", "nm_mun": "GRAVATÁ", "aptos": 7810, "imp": 0}}, {"type": "Feature", "geometry": {"type": "Point", "coordinates": [-35.56685, -8.205634]}, "properties": {"i": 1143, "mun": 24279, "ibge": 2606408, "z": 30, "l": 1163, "nm": "ESCOLA PEQUENO PRÍNCIPE", "nm_mun": "GRAVATÁ", "aptos": 1915, "imp": 0}}, {"type": "Feature", "geometry": {"type": "Point", "coordinates": [-35.460766, -8.151199]}, "properties": {"i": 1144, "mun": 24279, "ibge": 2606408, "z": 30, "l": 1244, "nm": "ESCOLA MUNICIPAL FRANCISCO GALDINO CHAVES", "nm_mun": "GRAVATÁ", "aptos": 1174, "imp": 0}}, {"type": "Feature", "geometry": {"type": "Point", "coordinates": [-35.55681, -8.198378]}, "properties": {"i": 1145, "mun": 24279, "ibge": 2606408, "z": 30, "l": 1341, "nm": "ESCOLA MONSENHOR JOSÉ ELIAS DE ALMEIDA", "nm_mun": "GRAVATÁ", "aptos": 2495, "imp": 0}}, {"type": "Feature", "geometry": {"type": "Point", "coordinates": [-35.612354, -8.339972]}, "properties": {"i": 1146, "mun": 24279, "ibge": 2606408, "z": 30, "l": 1368, "nm": "ESCOLA  INTERMEDIÁRIA DOM PAULO HIPÓLITO DE SOUZA LIBÓRIO", "nm_mun": "GRAVATÁ", "aptos": 1547, "imp": 0}}, {"type": "Feature", "geometry": {"type": "Point", "coordinates": [-35.568397, -8.205289]}, "properties": {"i": 1147, "mun": 24279, "ibge": 2606408, "z": 30, "l": 1414, "nm": "ESCOLA MUNICIPAL AMENAYDE FARIAS", "nm_mun": "GRAVATÁ", "aptos": 2937, "imp": 0}}, {"type": "Feature", "geometry": {"type": "Point", "coordinates": [-35.56927, -8.216428]}, "properties": {"i": 1148, "mun": 24279, "ibge": 2606408, "z": 30, "l": 1473, "nm": "CENTRO DE ATENÇÃO INTEGRAL À CRIANÇA - CAIC", "nm_mun": "GRAVATÁ", "aptos": 4067, "imp": 0}}, {"type": "Feature", "geometry": {"type": "Point", "coordinates": [-35.567048, -8.21076]}, "properties": {"i": 1149, "mun": 24279, "ibge": 2606408, "z": 30, "l": 1589, "nm": "ESCOLA MUNICIPAL PROFESSORA MARIA DAS NEVES DA SILVA", "nm_mun": "GRAVATÁ", "aptos": 2389, "imp": 0}}, {"type": "Feature", "geometry": {"type": "Point", "coordinates": [-35.565567, -8.20174]}, "properties": {"i": 1150, "mun": 24279, "ibge": 2606408, "z": 30, "l": 1600, "nm": "POSTO 1 - DR. FERNANDO DA VEIGA PESSOA", "nm_mun": "GRAVATÁ", "aptos": 173, "imp": 0}}, {"type": "Feature", "geometry": {"type": "Point", "coordinates": [-35.565532, -8.201789]}, "properties": {"i": 1151, "mun": 24279, "ibge": 2606408, "z": 30, "l": 1635, "nm": "SEDE DO CADASTRO ÚNICO DA SECRETARIA DE ASSISTÊNCIA SOCIAL DE GRAVATÁ", "nm_mun": "GRAVATÁ", "aptos": 1287, "imp": 0}}, {"type": "Feature", "geometry": {"type": "Point", "coordinates": [-35.536658, -8.082741]}, "properties": {"i": 1152, "mun": 24279, "ibge": 2606408, "z": 30, "l": 1651, "nm": "ESCOLA JOSÉ BATISTA DE MELO", "nm_mun": "GRAVATÁ", "aptos": 793, "imp": 0}}, {"type": "Feature", "geometry": {"type": "Point", "coordinates": [-35.564755, -8.21292]}, "properties": {"i": 1153, "mun": 24279, "ibge": 2606408, "z": 30, "l": 1660, "nm": "ESCOLA MUNICIPAL IRMÃ JUDITH FERREIRA LEITE", "nm_mun": "GRAVATÁ", "aptos": 887, "imp": 0}}, {"type": "Feature", "geometry": {"type": "Point", "coordinates": [-35.570804, -8.213217]}, "properties": {"i": 1154, "mun": 24279, "ibge": 2606408, "z": 30, "l": 1678, "nm": "ESCOLA ADALGISA GONCALVES SOARES DA SILVA", "nm_mun": "GRAVATÁ", "aptos": 911, "imp": 0}}, {"type": "Feature", "geometry": {"type": "Point", "coordinates": [-35.580249, -8.204711]}, "properties": {"i": 1155, "mun": 24279, "ibge": 2606408, "z": 30, "l": 1686, "nm": "ESCOLA TÉCNICA ESTADUAL PROFESSOR JOSÉ LUIZ DE MENDONÇA", "nm_mun": "GRAVATÁ", "aptos": 1076, "imp": 0}}, {"type": "Feature", "geometry": {"type": "Point", "coordinates": [-35.578004, -8.201907]}, "properties": {"i": 1156, "mun": 24279, "ibge": 2606408, "z": 30, "l": 1694, "nm": "ESCOLA MARIA ALICE DA VEIGA PESSOA, S/N", "nm_mun": "GRAVATÁ", "aptos": 388, "imp": 0}}, {"type": "Feature", "geometry": {"type": "Point", "coordinates": [-35.671962, -8.095169]}, "properties": {"i": 1157, "mun": 24279, "ibge": 2606408, "z": 30, "l": 1716, "nm": "ESCOLA PROFESSOR ADERBAL JUREMA", "nm_mun": "GRAVATÁ", "aptos": 1692, "imp": 1}}, {"type": "Feature", "geometry": {"type": "Point", "coordinates": [-34.825219, -7.751276]}, "properties": {"i": 1158, "mun": 24279, "ibge": 2606408, "z": 30, "l": 1724, "nm": "ROTARY CLUB DE GRAVATÁ", "nm_mun": "GRAVATÁ", "aptos": 1211, "imp": 1}}, {"type": "Feature", "geometry": {"type": "Point", "coordinates": [-35.558802, -8.213365]}, "properties": {"i": 1159, "mun": 24279, "ibge": 2606408, "z": 30, "l": 1732, "nm": "ESCOLA EM TEMPO INTEGRAL PROFESSORA ELMA CAMILO DA SILVA", "nm_mun": "GRAVATÁ", "aptos": 4101, "imp": 1}}, {"type": "Feature", "geometry": {"type": "Point", "coordinates": [-35.375651, -8.518234]}, "properties": {"i": 1160, "mun": 24279, "ibge": 2606408, "z": 30, "l": 1740, "nm": "ESCOLA MUNICIPAL PAULO BEZERRA DA SILVA", "nm_mun": "GRAVATÁ", "aptos": 1007, "imp": 1}}, {"type": "Feature", "geometry": {"type": "Point", "coordinates": [-35.517405, -7.545389]}, "properties": {"i": 1161, "mun": 24279, "ibge": 2606408, "z": 30, "l": 1759, "nm": "POSTO DE SAÚDE DA FAMÍLIA DE MANDACARU", "nm_mun": "GRAVATÁ", "aptos": 677, "imp": 1}}, {"type": "Feature", "geometry": {"type": "Point", "coordinates": [-36.849262, -9.041716]}, "properties": {"i": 1162, "mun": 24295, "ibge": 2606507, "z": 136, "l": 1031, "nm": "COLEGIO ESTADUAL FRANCISCO PEREIRA DA COSTA", "nm_mun": "IATI", "aptos": 4727, "imp": 0}}, {"type": "Feature", "geometry": {"type": "Point", "coordinates": [-36.849016, -9.043894]}, "properties": {"i": 1163, "mun": 24295, "ibge": 2606507, "z": 136, "l": 1040, "nm": "EDUCANDARIO MUNICIPAL TORQUATO SOARES", "nm_mun": "IATI", "aptos": 4782, "imp": 0}}, {"type": "Feature", "geometry": {"type": "Point", "coordinates": [-36.84732, -9.04348]}, "properties": {"i": 1164, "mun": 24295, "ibge": 2606507, "z": 136, "l": 1058, "nm": "GRUPO ESCOLAR ANA PEREIRA DE BARROS", "nm_mun": "IATI", "aptos": 1625, "imp": 0}}, {"type": "Feature", "geometry": {"type": "Point", "coordinates": [-36.935397, -9.258775]}, "properties": {"i": 1165, "mun": 24295, "ibge": 2606507, "z": 136, "l": 1082, "nm": "GINASIO SANTA ROSA", "nm_mun": "IATI", "aptos": 2461, "imp": 0}}, {"type": "Feature", "geometry": {"type": "Point", "coordinates": [-36.814284, -9.081063]}, "properties": {"i": 1166, "mun": 24295, "ibge": 2606507, "z": 136, "l": 1120, "nm": "GRUPO ESCOLAR LOURENCO PEREIRA ALBUQUERQUE", "nm_mun": "IATI", "aptos": 1522, "imp": 0}}, {"type": "Feature", "geometry": {"type": "Point", "coordinates": [-36.865312, -9.007651]}, "properties": {"i": 1167, "mun": 24295, "ibge": 2606507, "z": 136, "l": 1163, "nm": "COLEGIO ANTONIA TENORIO DA COSTA", "nm_mun": "IATI", "aptos": 1218, "imp": 0}}, {"type": "Feature", "geometry": {"type": "Point", "coordinates": [-37.515492, -8.722442]}, "properties": {"i": 1168, "mun": 24317, "ibge": 2606606, "z": 128, "l": 1066, "nm": "ESCOLA MAJOR ANTÔNIO FEITOSA LIMA", "nm_mun": "IBIMIRIM", "aptos": 1020, "imp": 0}}, {"type": "Feature", "geometry": {"type": "Point", "coordinates": [-37.689735, -8.537418]}, "properties": {"i": 1169, "mun": 24317, "ibge": 2606606, "z": 128, "l": 1074, "nm": "ESCOLA INOCENCIO CORREIA LIMA", "nm_mun": "IBIMIRIM", "aptos": 2745, "imp": 0}}, {"type": "Feature", "geometry": {"type": "Point", "coordinates": [-37.701348, -8.534869]}, "properties": {"i": 1170, "mun": 24317, "ibge": 2606606, "z": 128, "l": 1090, "nm": "ESCOLA IRACEMA MOURA DE MORAES VERAS", "nm_mun": "IBIMIRIM", "aptos": 3074, "imp": 0}}, {"type": "Feature", "geometry": {"type": "Point", "coordinates": [-37.865293, -8.62536]}, "properties": {"i": 1171, "mun": 24317, "ibge": 2606606, "z": 128, "l": 1201, "nm": "ESCOLA MUNICIPAL MANOEL JOAQUIM DO NASCIMENTO", "nm_mun": "IBIMIRIM", "aptos": 299, "imp": 0}}, {"type": "Feature", "geometry": {"type": "Point", "coordinates": [-37.682101, -8.519708]}, "properties": {"i": 1172, "mun": 24317, "ibge": 2606606, "z": 128, "l": 1210, "nm": "ESCOLA MUNICIPAL CÍCERO AUGUSTO GOMES", "nm_mun": "IBIMIRIM", "aptos": 1737, "imp": 0}}, {"type": "Feature", "geometry": {"type": "Point", "coordinates": [-37.561544, -8.503716]}, "properties": {"i": 1173, "mun": 24317, "ibge": 2606606, "z": 128, "l": 1228, "nm": "ESCOLA MUNICIAPAL TEREZINHA VIEIRA BEZERRA", "nm_mun": "IBIMIRIM", "aptos": 1376, "imp": 0}}, {"type": "Feature", "geometry": {"type": "Point", "coordinates": [-37.671735, -8.617649]}, "properties": {"i": 1174, "mun": 24317, "ibge": 2606606, "z": 128, "l": 1244, "nm": "ESCOLA APOLÔNIO ALVES DA SILVA", "nm_mun": "IBIMIRIM", "aptos": 1424, "imp": 0}}, {"type": "Feature", "geometry": {"type": "Point", "coordinates": [-37.630737, -8.595457]}, "properties": {"i": 1175, "mun": 24317, "ibge": 2606606, "z": 128, "l": 1252, "nm": "ESCOLA ÂNGELO VARELA DE ALBUQUERQUE", "nm_mun": "IBIMIRIM", "aptos": 506, "imp": 0}}, {"type": "Feature", "geometry": {"type": "Point", "coordinates": [-37.645061, -8.560231]}, "properties": {"i": 1176, "mun": 24317, "ibge": 2606606, "z": 128, "l": 1260, "nm": "ESCOLA ENGENHEIRO BIANOR LEITE FEITOSA", "nm_mun": "IBIMIRIM", "aptos": 181, "imp": 0}}, {"type": "Feature", "geometry": {"type": "Point", "coordinates": [-37.807573, -8.636878]}, "properties": {"i": 1177, "mun": 24317, "ibge": 2606606, "z": 128, "l": 1279, "nm": "ESCOLA INDÍGINA PEDRO FERREIRA DE QUEIROZ", "nm_mun": "IBIMIRIM", "aptos": 665, "imp": 0}}, {"type": "Feature", "geometry": {"type": "Point", "coordinates": [-37.713014, -8.509605]}, "properties": {"i": 1178, "mun": 24317, "ibge": 2606606, "z": 128, "l": 1287, "nm": "ESCOLA MUNICIPAL SIMÃO IZÍDIO", "nm_mun": "IBIMIRIM", "aptos": 612, "imp": 0}}, {"type": "Feature", "geometry": {"type": "Point", "coordinates": [-37.471353, -8.612868]}, "properties": {"i": 1179, "mun": 24317, "ibge": 2606606, "z": 128, "l": 1295, "nm": "ESCOLA MUNICIPAL VITURINO BEZERRA MAGALHÃES", "nm_mun": "IBIMIRIM", "aptos": 353, "imp": 0}}, {"type": "Feature", "geometry": {"type": "Point", "coordinates": [-37.538809, -8.608413]}, "properties": {"i": 1180, "mun": 24317, "ibge": 2606606, "z": 128, "l": 1309, "nm": "ESCOLA MUNICIPAL DOMINGOS BELARQUINO", "nm_mun": "IBIMIRIM", "aptos": 201, "imp": 0}}, {"type": "Feature", "geometry": {"type": "Point", "coordinates": [-37.62191, -8.377244]}, "properties": {"i": 1181, "mun": 24317, "ibge": 2606606, "z": 128, "l": 1317, "nm": "ESCOLA MUNICIPAL PIERRE DE SIQUEIRA", "nm_mun": "IBIMIRIM", "aptos": 195, "imp": 0}}, {"type": "Feature", "geometry": {"type": "Point", "coordinates": [-37.574755, -8.562259]}, "properties": {"i": 1182, "mun": 24317, "ibge": 2606606, "z": 128, "l": 1325, "nm": "ESCOLA MUNICIPAL CLARA MARIA DA CONCEIÇÃO", "nm_mun": "IBIMIRIM", "aptos": 354, "imp": 0}}, {"type": "Feature", "geometry": {"type": "Point", "coordinates": [-37.605965, -8.421016]}, "properties": {"i": 1183, "mun": 24317, "ibge": 2606606, "z": 128, "l": 1333, "nm": "ESCOLA MUNICIPAL MANOEL CARLOS LINS", "nm_mun": "IBIMIRIM", "aptos": 839, "imp": 0}}, {"type": "Feature", "geometry": {"type": "Point", "coordinates": [-37.689036, -8.540959]}, "properties": {"i": 1184, "mun": 24317, "ibge": 2606606, "z": 128, "l": 1341, "nm": "ESCOLA PEDRO BEZERRA DE MELO", "nm_mun": "IBIMIRIM", "aptos": 3136, "imp": 0}}, {"type": "Feature", "geometry": {"type": "Point", "coordinates": [-37.691704, -8.541236]}, "properties": {"i": 1185, "mun": 24317, "ibge": 2606606, "z": 128, "l": 1350, "nm": "ESCOLA SAO FRANCISCO DE ASSIS", "nm_mun": "IBIMIRIM", "aptos": 1936, "imp": 0}}, {"type": "Feature", "geometry": {"type": "Point", "coordinates": [-37.519761, -8.516572]}, "properties": {"i": 1186, "mun": 24317, "ibge": 2606606, "z": 128, "l": 1430, "nm": "ESCOLA MUNICIPAL FELICIANO MARIANO", "nm_mun": "IBIMIRIM", "aptos": 341, "imp": 0}}, {"type": "Feature", "geometry": {"type": "Point", "coordinates": [-37.691063, -8.413021]}, "properties": {"i": 1187, "mun": 24317, "ibge": 2606606, "z": 128, "l": 1449, "nm": "ESCOLA MUNICIPAL MANOEL INACIO DE ANDRADE", "nm_mun": "IBIMIRIM", "aptos": 327, "imp": 0}}, {"type": "Feature", "geometry": {"type": "Point", "coordinates": [-37.68612, -8.523156]}, "properties": {"i": 1188, "mun": 24317, "ibge": 2606606, "z": 128, "l": 1457, "nm": "ESCOLA MUNICIPAL PROFESSORA MARIA ALVES DE QUEIROZ", "nm_mun": "IBIMIRIM", "aptos": 451, "imp": 0}}, {"type": "Feature", "geometry": {"type": "Point", "coordinates": [-40.177133, -8.026635]}, "properties": {"i": 1189, "mun": 24317, "ibge": 2606606, "z": 128, "l": 1473, "nm": "RESIDÊNCIA DE MARIA ZULEIDE", "nm_mun": "IBIMIRIM", "aptos": 8, "imp": 1}}, {"type": "Feature", "geometry": {"type": "Point", "coordinates": [-36.180149, -8.582871]}, "properties": {"i": 1190, "mun": 24333, "ibge": 2606705, "z": 48, "l": 1023, "nm": "GRUPO ESCOLAR MANOEL MOREIRA DA COSTA", "nm_mun": "IBIRAJUBA", "aptos": 2152, "imp": 0}}, {"type": "Feature", "geometry": {"type": "Point", "coordinates": [-36.261804, -8.620614]}, "properties": {"i": 1191, "mun": 24333, "ibge": 2606705, "z": 48, "l": 1040, "nm": "GRUPO ESCOLAR DOM JOAO DA MATA DO AMARAL", "nm_mun": "IBIRAJUBA", "aptos": 1497, "imp": 0}}, {"type": "Feature", "geometry": {"type": "Point", "coordinates": [-36.177732, -8.579679]}, "properties": {"i": 1192, "mun": 24333, "ibge": 2606705, "z": 48, "l": 1074, "nm": "GRUPO ESCOLAR JOSEFA PAULINA DE SOUZA", "nm_mun": "IBIRAJUBA", "aptos": 2022, "imp": 0}}, {"type": "Feature", "geometry": {"type": "Point", "coordinates": [-36.178837, -8.58131]}, "properties": {"i": 1193, "mun": 24333, "ibge": 2606705, "z": 48, "l": 1112, "nm": "ESCOLA MUNICIPAL TABOSA DE ALMEIDA", "nm_mun": "IBIRAJUBA", "aptos": 1012, "imp": 0}}, {"type": "Feature", "geometry": {"type": "Point", "coordinates": [-36.280261, -8.610139]}, "properties": {"i": 1194, "mun": 24333, "ibge": 2606705, "z": 48, "l": 1120, "nm": "ESCOLA INTERMEDIARIA MAMEDE BENTO DO AMARAL", "nm_mun": "IBIRAJUBA", "aptos": 143, "imp": 0}}, {"type": "Feature", "geometry": {"type": "Point", "coordinates": [-34.907443, -7.84331]}, "properties": {"i": 1195, "mun": 24350, "ibge": 2606804, "z": 85, "l": 1023, "nm": "ESCOLA MUNICIPAL ARTHUR CARLOS DE MELO", "nm_mun": "IGARASSU", "aptos": 1974, "imp": 0}}, {"type": "Feature", "geometry": {"type": "Point", "coordinates": [-34.909034, -7.831789]}, "properties": {"i": 1196, "mun": 24350, "ibge": 2606804, "z": 85, "l": 1040, "nm": "CRECHE TIA JANE", "nm_mun": "IGARASSU", "aptos": 1996, "imp": 0}}, {"type": "Feature", "geometry": {"type": "Point", "coordinates": [-34.914755, -7.826842]}, "properties": {"i": 1197, "mun": 24350, "ibge": 2606804, "z": 85, "l": 1066, "nm": "ESCOLA ESTADUAL JOÃO PESSOA GUERRA", "nm_mun": "IGARASSU", "aptos": 6136, "imp": 0}}, {"type": "Feature", "geometry": {"type": "Point", "coordinates": [-34.913252, -7.821241]}, "properties": {"i": 1198, "mun": 24350, "ibge": 2606804, "z": 85, "l": 1074, "nm": "ESCOLA MUNICIPAL VEREADOR JAIME BEZERRA LINS", "nm_mun": "IGARASSU", "aptos": 1616, "imp": 0}}, {"type": "Feature", "geometry": {"type": "Point", "coordinates": [-34.908768, -7.830218]}, "properties": {"i": 1199, "mun": 24350, "ibge": 2606804, "z": 85, "l": 1082, "nm": "ESCOLA SANTOS COSME E DAMIÃO", "nm_mun": "IGARASSU", "aptos": 6906, "imp": 0}}, {"type": "Feature", "geometry": {"type": "Point", "coordinates": [-34.911431, -7.826418]}, "properties": {"i": 1200, "mun": 24350, "ibge": 2606804, "z": 85, "l": 1090, "nm": "ESCOLA PROFESSOR ADERBAL JUREMA", "nm_mun": "IGARASSU", "aptos": 2640, "imp": 0}}, {"type": "Feature", "geometry": {"type": "Point", "coordinates": [-34.909535, -7.837762]}, "properties": {"i": 1201, "mun": 24350, "ibge": 2606804, "z": 85, "l": 1155, "nm": "ESCOLA ROTARY ADOLFO BROL", "nm_mun": "IGARASSU", "aptos": 1150, "imp": 0}}, {"type": "Feature", "geometry": {"type": "Point", "coordinates": [-34.910259, -7.838909]}, "properties": {"i": 1202, "mun": 24350, "ibge": 2606804, "z": 85, "l": 1163, "nm": "ESCOLA DESEMBARGADOR CARLOS XAVIER PAES BARRETO", "nm_mun": "IGARASSU", "aptos": 4213, "imp": 0}}, {"type": "Feature", "geometry": {"type": "Point", "coordinates": [-34.912233, -7.873442]}, "properties": {"i": 1203, "mun": 24350, "ibge": 2606804, "z": 85, "l": 1198, "nm": "ESCOLA SOLDADO MARIANO MARCOS CAVALCANTI", "nm_mun": "IGARASSU", "aptos": 2348, "imp": 0}}, {"type": "Feature", "geometry": {"type": "Point", "coordinates": [-34.912107, -7.874394]}, "properties": {"i": 1204, "mun": 24350, "ibge": 2606804, "z": 85, "l": 1210, "nm": "ESCOLA BRASILINO JOSÉ DE CARVALHO", "nm_mun": "IGARASSU", "aptos": 4755, "imp": 0}}, {"type": "Feature", "geometry": {"type": "Point", "coordinates": [-34.904024, -7.868342]}, "properties": {"i": 1205, "mun": 24350, "ibge": 2606804, "z": 85, "l": 1228, "nm": "ESCOLA BARÃO DE VERA CRUZ", "nm_mun": "IGARASSU", "aptos": 4755, "imp": 0}}, {"type": "Feature", "geometry": {"type": "Point", "coordinates": [-34.905386, -7.871772]}, "properties": {"i": 1206, "mun": 24350, "ibge": 2606804, "z": 85, "l": 1236, "nm": "ESCOLA DALILA DE MELO FONSECA", "nm_mun": "IGARASSU", "aptos": 3569, "imp": 0}}, {"type": "Feature", "geometry": {"type": "Point", "coordinates": [-34.904463, -7.868592]}, "properties": {"i": 1207, "mun": 24350, "ibge": 2606804, "z": 85, "l": 1244, "nm": "ESCOLA EURICO PFISTERER", "nm_mun": "IGARASSU", "aptos": 4644, "imp": 0}}, {"type": "Feature", "geometry": {"type": "Point", "coordinates": [-34.907177, -7.86497]}, "properties": {"i": 1208, "mun": 24350, "ibge": 2606804, "z": 85, "l": 1252, "nm": "ESCOLA MUNICIPAL VEREADOR JOSÉ FRANCISCO FERREIRA", "nm_mun": "IGARASSU", "aptos": 2057, "imp": 0}}, {"type": "Feature", "geometry": {"type": "Point", "coordinates": [-34.906053, -7.875239]}, "properties": {"i": 1209, "mun": 24350, "ibge": 2606804, "z": 85, "l": 1260, "nm": "CRECHE TIA EMOCY", "nm_mun": "IGARASSU", "aptos": 2377, "imp": 0}}, {"type": "Feature", "geometry": {"type": "Point", "coordinates": [-34.843183, -7.8474]}, "properties": {"i": 1210, "mun": 24350, "ibge": 2606804, "z": 85, "l": 1309, "nm": "ESCOLA NOVA CRUZ ENSINO 1º GRAU", "nm_mun": "IGARASSU", "aptos": 1562, "imp": 0}}, {"type": "Feature", "geometry": {"type": "Point", "coordinates": [-34.910546, -7.856801]}, "properties": {"i": 1211, "mun": 24350, "ibge": 2606804, "z": 85, "l": 1317, "nm": "ESCOLA MUNICIPAL ANTÔNIO DE PÁDUA CARACIOLO", "nm_mun": "IGARASSU", "aptos": 2352, "imp": 0}}, {"type": "Feature", "geometry": {"type": "Point", "coordinates": [-34.860853, -7.873862]}, "properties": {"i": 1212, "mun": 24350, "ibge": 2606804, "z": 85, "l": 1333, "nm": "GRUPO ESCOLAR MUNICIPAL ANA CALDAS BRANDÃO", "nm_mun": "IGARASSU", "aptos": 637, "imp": 0}}, {"type": "Feature", "geometry": {"type": "Point", "coordinates": [-35.029733, -7.763499]}, "properties": {"i": 1213, "mun": 24350, "ibge": 2606804, "z": 85, "l": 1350, "nm": "ESCOLA IRINEU MARQUES DA FONSECA", "nm_mun": "IGARASSU", "aptos": 592, "imp": 0}}, {"type": "Feature", "geometry": {"type": "Point", "coordinates": [-35.035571, -7.757916]}, "properties": {"i": 1214, "mun": 24350, "ibge": 2606804, "z": 85, "l": 1368, "nm": "ESCOLA EVANGELINA DELGADO DE ALBUQUERQUE", "nm_mun": "IGARASSU", "aptos": 682, "imp": 0}}, {"type": "Feature", "geometry": {"type": "Point", "coordinates": [-34.92087, -7.829458]}, "properties": {"i": 1215, "mun": 24350, "ibge": 2606804, "z": 85, "l": 1430, "nm": "ESCOLA PROFESSORA CECÍLIA MARIA VAZ CURADO RIBEIRO", "nm_mun": "IGARASSU", "aptos": 4746, "imp": 0}}, {"type": "Feature", "geometry": {"type": "Point", "coordinates": [-34.910557, -7.864249]}, "properties": {"i": 1216, "mun": 24350, "ibge": 2606804, "z": 85, "l": 1449, "nm": "GRUPO ESCOLAR MUNICIPAL ECILDA RAMOS DE SOUZA", "nm_mun": "IGARASSU", "aptos": 1556, "imp": 0}}, {"type": "Feature", "geometry": {"type": "Point", "coordinates": [-34.907103, -7.880522]}, "properties": {"i": 1217, "mun": 24350, "ibge": 2606804, "z": 85, "l": 1457, "nm": "ESCOLA JOÃO LEITE DE NOGUEIRA PAZ", "nm_mun": "IGARASSU", "aptos": 1845, "imp": 0}}, {"type": "Feature", "geometry": {"type": "Point", "coordinates": [-34.926025, -7.808852]}, "properties": {"i": 1218, "mun": 24350, "ibge": 2606804, "z": 85, "l": 1465, "nm": "ESCOLA MUNICIPAL MARIA DJANIRA LACERDA LEITE", "nm_mun": "IGARASSU", "aptos": 3143, "imp": 0}}, {"type": "Feature", "geometry": {"type": "Point", "coordinates": [-34.880682, -7.847176]}, "properties": {"i": 1219, "mun": 24350, "ibge": 2606804, "z": 85, "l": 1473, "nm": "ESCOLA MUNICIPAL JOSÉ LUIZ DE BARROS SAMPAIO", "nm_mun": "IGARASSU", "aptos": 1269, "imp": 0}}, {"type": "Feature", "geometry": {"type": "Point", "coordinates": [-34.917181, -7.80642]}, "properties": {"i": 1220, "mun": 24350, "ibge": 2606804, "z": 85, "l": 1481, "nm": "ESCOLA PROFESSOR JOSÉ ERONIDES", "nm_mun": "IGARASSU", "aptos": 1958, "imp": 0}}, {"type": "Feature", "geometry": {"type": "Point", "coordinates": [-34.90503, -7.82814]}, "properties": {"i": 1221, "mun": 24350, "ibge": 2606804, "z": 85, "l": 1520, "nm": "ESCOLA JOÃO DE QUEIROZ GALVÃO", "nm_mun": "IGARASSU", "aptos": 2371, "imp": 0}}, {"type": "Feature", "geometry": {"type": "Point", "coordinates": [-34.916397, -7.874042]}, "properties": {"i": 1222, "mun": 24350, "ibge": 2606804, "z": 85, "l": 1554, "nm": "ESCOLA NELSON DE OLIVEIRA GALVÃO", "nm_mun": "IGARASSU", "aptos": 1085, "imp": 0}}, {"type": "Feature", "geometry": {"type": "Point", "coordinates": [-34.894762, -7.884497]}, "properties": {"i": 1223, "mun": 24350, "ibge": 2606804, "z": 85, "l": 1562, "nm": "ESCOLA SÃO LUIS", "nm_mun": "IGARASSU", "aptos": 1111, "imp": 0}}, {"type": "Feature", "geometry": {"type": "Point", "coordinates": [-34.914191, -7.827077]}, "properties": {"i": 1224, "mun": 24350, "ibge": 2606804, "z": 85, "l": 1570, "nm": "ESCOLA PASTOR ISAIAS", "nm_mun": "IGARASSU", "aptos": 1752, "imp": 0}}, {"type": "Feature", "geometry": {"type": "Point", "coordinates": [-34.901619, -7.839567]}, "properties": {"i": 1225, "mun": 24350, "ibge": 2606804, "z": 85, "l": 1597, "nm": "ESCOLA JOSE JORGE FARIAS SALES", "nm_mun": "IGARASSU", "aptos": 2188, "imp": 0}}, {"type": "Feature", "geometry": {"type": "Point", "coordinates": [-34.904712, -7.856188]}, "properties": {"i": 1226, "mun": 24350, "ibge": 2606804, "z": 85, "l": 1600, "nm": "ESCOLA MUNICIPAL FLÁVIO PESSOA GUERRA", "nm_mun": "IGARASSU", "aptos": 1268, "imp": 0}}, {"type": "Feature", "geometry": {"type": "Point", "coordinates": [-34.917469, -7.832468]}, "properties": {"i": 1227, "mun": 24350, "ibge": 2606804, "z": 85, "l": 1619, "nm": "ESCOLA NOSSA SENHORA DA CONCEIÇÃO", "nm_mun": "IGARASSU", "aptos": 1194, "imp": 0}}, {"type": "Feature", "geometry": {"type": "Point", "coordinates": [-34.913354, -7.846515]}, "properties": {"i": 1228, "mun": 24350, "ibge": 2606804, "z": 85, "l": 1627, "nm": "ESCOLA JOSÉ ERMIRIO DE MORAES", "nm_mun": "IGARASSU", "aptos": 741, "imp": 0}}, {"type": "Feature", "geometry": {"type": "Point", "coordinates": [-34.908067, -7.879755]}, "properties": {"i": 1229, "mun": 24350, "ibge": 2606804, "z": 85, "l": 1635, "nm": "ESCOLA ALBIN STHALI", "nm_mun": "IGARASSU", "aptos": 1470, "imp": 0}}, {"type": "Feature", "geometry": {"type": "Point", "coordinates": [-34.852913, -7.844684]}, "properties": {"i": 1230, "mun": 24350, "ibge": 2606804, "z": 85, "l": 1643, "nm": "ESCOLA JOÃO SANTOS FILHO", "nm_mun": "IGARASSU", "aptos": 381, "imp": 0}}, {"type": "Feature", "geometry": {"type": "Point", "coordinates": [-34.927406, -7.840942]}, "properties": {"i": 1231, "mun": 24350, "ibge": 2606804, "z": 85, "l": 1651, "nm": "ESCOLA MIGUEL GOMES DE LIMA", "nm_mun": "IGARASSU", "aptos": 1247, "imp": 0}}, {"type": "Feature", "geometry": {"type": "Point", "coordinates": [-34.918981, -7.826161]}, "properties": {"i": 1232, "mun": 24350, "ibge": 2606804, "z": 85, "l": 1660, "nm": "ESCOLA MARIA DO CARMO DO REGO MONTEIRO", "nm_mun": "IGARASSU", "aptos": 544, "imp": 0}}, {"type": "Feature", "geometry": {"type": "Point", "coordinates": [-34.927406, -7.840942]}, "properties": {"i": 1233, "mun": 24350, "ibge": 2606804, "z": 85, "l": 1678, "nm": "ESCOLA SÃO MARCOS", "nm_mun": "IGARASSU", "aptos": 626, "imp": 1}}, {"type": "Feature", "geometry": {"type": "Point", "coordinates": [-34.913354, -7.846515]}, "properties": {"i": 1234, "mun": 24350, "ibge": 2606804, "z": 85, "l": 1686, "nm": "ESCOLA EDUARDO VIEIRA DE CARVALHO", "nm_mun": "IGARASSU", "aptos": 138, "imp": 1}}, {"type": "Feature", "geometry": {"type": "Point", "coordinates": [-34.910557, -7.864249]}, "properties": {"i": 1235, "mun": 24350, "ibge": 2606804, "z": 85, "l": 1694, "nm": "CEI FERNANDO HENRIQUE LUCENA", "nm_mun": "IGARASSU", "aptos": 2376, "imp": 1}}, {"type": "Feature", "geometry": {"type": "Point", "coordinates": [-37.51095, -7.834514]}, "properties": {"i": 1236, "mun": 24376, "ibge": 2606903, "z": 66, "l": 1015, "nm": "ESCOLA ESTADUAL PROFESSORA ROSETE BEZERRA", "nm_mun": "IGUARACY", "aptos": 2575, "imp": 0}}, {"type": "Feature", "geometry": {"type": "Point", "coordinates": [-37.51654, -7.834965]}, "properties": {"i": 1237, "mun": 24376, "ibge": 2606903, "z": 66, "l": 1040, "nm": "SECRETARIA MUNICIPAL DE EDUCAÇÃO DE IGUARACY", "nm_mun": "IGUARACY", "aptos": 390, "imp": 0}}, {"type": "Feature", "geometry": {"type": "Point", "coordinates": [-37.51459, -7.836693]}, "properties": {"i": 1238, "mun": 24376, "ibge": 2606903, "z": 66, "l": 1090, "nm": "GINASIO DIOMEDES GOMES LOPES", "nm_mun": "IGUARACY", "aptos": 2838, "imp": 0}}, {"type": "Feature", "geometry": {"type": "Point", "coordinates": [-37.486486, -7.918501]}, "properties": {"i": 1239, "mun": 24376, "ibge": 2606903, "z": 66, "l": 1163, "nm": "GRUPO ESCOLAR JOSE VIRGINIO NUNES", "nm_mun": "IGUARACY", "aptos": 526, "imp": 0}}, {"type": "Feature", "geometry": {"type": "Point", "coordinates": [-37.373998, -7.832087]}, "properties": {"i": 1240, "mun": 24376, "ibge": 2606903, "z": 66, "l": 1228, "nm": "GINASIO JOAQUIM ALVES DE FREITAS", "nm_mun": "IGUARACY", "aptos": 1258, "imp": 0}}, {"type": "Feature", "geometry": {"type": "Point", "coordinates": [-37.313314, -7.742138]}, "properties": {"i": 1241, "mun": 24376, "ibge": 2606903, "z": 66, "l": 1236, "nm": "ESCOLA MUNICIPAL SÃO VICENTE", "nm_mun": "IGUARACY", "aptos": 350, "imp": 0}}, {"type": "Feature", "geometry": {"type": "Point", "coordinates": [-37.373833, -7.832733]}, "properties": {"i": 1242, "mun": 24376, "ibge": 2606903, "z": 66, "l": 1244, "nm": "ESCOLA MUNICIPAL PROFESSORA JUDITE BEZERRA DA SILVA", "nm_mun": "IGUARACY", "aptos": 1197, "imp": 0}}, {"type": "Feature", "geometry": {"type": "Point", "coordinates": [-37.826619, -8.901845]}, "properties": {"i": 1243, "mun": 24392, "ibge": 2607000, "z": 63, "l": 1031, "nm": "ESCOLA MARIA DE JESUS", "nm_mun": "INAJÁ", "aptos": 1462, "imp": 0}}, {"type": "Feature", "geometry": {"type": "Point", "coordinates": [-37.828927, -8.899238]}, "properties": {"i": 1244, "mun": 24392, "ibge": 2607000, "z": 63, "l": 1040, "nm": "ESCOLA JOEL PEDRO DA SILVA", "nm_mun": "INAJÁ", "aptos": 3440, "imp": 0}}, {"type": "Feature", "geometry": {"type": "Point", "coordinates": [-37.879753, -8.91027]}, "properties": {"i": 1245, "mun": 24392, "ibge": 2607000, "z": 63, "l": 1074, "nm": "ESCOLA MARIA GAIA DE ARAUJO", "nm_mun": "INAJÁ", "aptos": 1192, "imp": 0}}, {"type": "Feature", "geometry": {"type": "Point", "coordinates": [-37.680769, -8.697302]}, "properties": {"i": 1246, "mun": 24392, "ibge": 2607000, "z": 63, "l": 1104, "nm": "ESCOLA RITA VALERIANO MALTA", "nm_mun": "INAJÁ", "aptos": 373, "imp": 0}}, {"type": "Feature", "geometry": {"type": "Point", "coordinates": [-37.708127, -8.834063]}, "properties": {"i": 1247, "mun": 24392, "ibge": 2607000, "z": 63, "l": 1112, "nm": "ESCOLA ABDIAS VIEIRA LIMA", "nm_mun": "INAJÁ", "aptos": 613, "imp": 0}}, {"type": "Feature", "geometry": {"type": "Point", "coordinates": [-37.744934, -8.815112]}, "properties": {"i": 1248, "mun": 24392, "ibge": 2607000, "z": 63, "l": 1120, "nm": "ESCOLA JOSE BEZERRA", "nm_mun": "INAJÁ", "aptos": 460, "imp": 0}}, {"type": "Feature", "geometry": {"type": "Point", "coordinates": [-37.824275, -8.901662]}, "properties": {"i": 1249, "mun": 24392, "ibge": 2607000, "z": 63, "l": 1147, "nm": "ESCOLA ANTONIO GUILHERME DIAS LIMA", "nm_mun": "INAJÁ", "aptos": 6736, "imp": 0}}, {"type": "Feature", "geometry": {"type": "Point", "coordinates": [-37.851137, -8.675532]}, "properties": {"i": 1250, "mun": 24392, "ibge": 2607000, "z": 63, "l": 1244, "nm": "ESCOLA AIMBERE", "nm_mun": "INAJÁ", "aptos": 1132, "imp": 0}}, {"type": "Feature", "geometry": {"type": "Point", "coordinates": [-37.812994, -8.807301]}, "properties": {"i": 1251, "mun": 24392, "ibge": 2607000, "z": 63, "l": 1279, "nm": "ESCOLA EMIDIO PEREIRA LIMA", "nm_mun": "INAJÁ", "aptos": 512, "imp": 0}}, {"type": "Feature", "geometry": {"type": "Point", "coordinates": [-37.458721, -7.678058]}, "properties": {"i": 1252, "mun": 24414, "ibge": 2607109, "z": 50, "l": 1015, "nm": "ESCOLA ARISTAQUE JOSE DE VERAS", "nm_mun": "INGAZEIRA", "aptos": 1714, "imp": 0}}, {"type": "Feature", "geometry": {"type": "Point", "coordinates": [-37.459166, -7.678216]}, "properties": {"i": 1253, "mun": 24414, "ibge": 2607109, "z": 50, "l": 1023, "nm": "GINASIO MUNICIPAL ARGEMIRO VERAS", "nm_mun": "INGAZEIRA", "aptos": 690, "imp": 0}}, {"type": "Feature", "geometry": {"type": "Point", "coordinates": [-37.494804, -7.699455]}, "properties": {"i": 1254, "mun": 24414, "ibge": 2607109, "z": 50, "l": 1031, "nm": "ESCOLA NOSSA SENHORA DE LOURDES", "nm_mun": "INGAZEIRA", "aptos": 789, "imp": 0}}, {"type": "Feature", "geometry": {"type": "Point", "coordinates": [-37.391706, -7.682477]}, "properties": {"i": 1255, "mun": 24414, "ibge": 2607109, "z": 50, "l": 1040, "nm": "GRUPO ESCOLAR DA CAICARA", "nm_mun": "INGAZEIRA", "aptos": 375, "imp": 0}}, {"type": "Feature", "geometry": {"type": "Point", "coordinates": [-40.908886, -8.636057]}, "properties": {"i": 1256, "mun": 24414, "ibge": 2607109, "z": 50, "l": 1074, "nm": "CENTRO DE EDUCAÇÃO INFANTIL MARIA DE FREITAS PEDROSA- CRECHE", "nm_mun": "INGAZEIRA", "aptos": 688, "imp": 1}}, {"type": "Feature", "geometry": {"type": "Point", "coordinates": [-35.004844, -8.505441]}, "properties": {"i": 1257, "mun": 24430, "ibge": 2607208, "z": 16, "l": 1015, "nm": "ESCOLA ESTADUAL JOSE MARIO ALVES DA SILVA", "nm_mun": "IPOJUCA", "aptos": 2417, "imp": 0}}, {"type": "Feature", "geometry": {"type": "Point", "coordinates": [-35.122498, -8.511345]}, "properties": {"i": 1258, "mun": 24430, "ibge": 2607208, "z": 16, "l": 1066, "nm": "ESCOLA MUNICIPAL MINISTRO JARBAS PASSARINHO", "nm_mun": "IPOJUCA", "aptos": 4815, "imp": 0}}, {"type": "Feature", "geometry": {"type": "Point", "coordinates": [-35.012371, -8.440463]}, "properties": {"i": 1259, "mun": 24430, "ibge": 2607208, "z": 16, "l": 1074, "nm": "ESCOLA MUNICIPAL ARMANDO DA COSTA BRITO", "nm_mun": "IPOJUCA", "aptos": 4862, "imp": 0}}, {"type": "Feature", "geometry": {"type": "Point", "coordinates": [-35.062811, -8.400394]}, "properties": {"i": 1260, "mun": 24430, "ibge": 2607208, "z": 16, "l": 1090, "nm": "ESCOLA MUNICIPAL JOAQUIM DO REGO CAVALCANTI", "nm_mun": "IPOJUCA", "aptos": 1584, "imp": 0}}, {"type": "Feature", "geometry": {"type": "Point", "coordinates": [-35.062722, -8.400602]}, "properties": {"i": 1261, "mun": 24430, "ibge": 2607208, "z": 16, "l": 1104, "nm": "ESCOLA DOMINGOS ALBUQUERQUE", "nm_mun": "IPOJUCA", "aptos": 4052, "imp": 0}}, {"type": "Feature", "geometry": {"type": "Point", "coordinates": [-35.01307, -8.441313]}, "properties": {"i": 1262, "mun": 24430, "ibge": 2607208, "z": 16, "l": 1112, "nm": "ESCOLA ESTADUAL ANIBAL CARDOSO", "nm_mun": "IPOJUCA", "aptos": 2812, "imp": 0}}, {"type": "Feature", "geometry": {"type": "Point", "coordinates": [-35.122942, -8.511731]}, "properties": {"i": 1263, "mun": 24430, "ibge": 2607208, "z": 16, "l": 1120, "nm": "ESCOLA ESTADUAL  ALBERTINA DA COSTA SOARES", "nm_mun": "IPOJUCA", "aptos": 2378, "imp": 0}}, {"type": "Feature", "geometry": {"type": "Point", "coordinates": [-35.012547, -8.438052]}, "properties": {"i": 1264, "mun": 24430, "ibge": 2607208, "z": 16, "l": 1147, "nm": "ESCOLA ESTADUAL DE REFERÊNCIA EM ENSINO MÉDIO FREI OTTO", "nm_mun": "IPOJUCA", "aptos": 4184, "imp": 0}}, {"type": "Feature", "geometry": {"type": "Point", "coordinates": [-35.060344, -8.398114]}, "properties": {"i": 1265, "mun": 24430, "ibge": 2607208, "z": 16, "l": 1155, "nm": "GRUPO ESCOLAR PROFESSOR  ADERBAL JUREMA", "nm_mun": "IPOJUCA", "aptos": 3446, "imp": 0}}, {"type": "Feature", "geometry": {"type": "Point", "coordinates": [-35.124077, -8.516606]}, "properties": {"i": 1266, "mun": 24430, "ibge": 2607208, "z": 16, "l": 1201, "nm": "ESCOLA MUNICIPAL AGRO URBANA", "nm_mun": "IPOJUCA", "aptos": 2030, "imp": 0}}, {"type": "Feature", "geometry": {"type": "Point", "coordinates": [-35.016787, -8.554258]}, "properties": {"i": 1267, "mun": 24430, "ibge": 2607208, "z": 16, "l": 1228, "nm": "ESCOLA MUNICIPAL HUMBERTO DE  ALENCAR CASTELO BRANCO", "nm_mun": "IPOJUCA", "aptos": 2118, "imp": 0}}, {"type": "Feature", "geometry": {"type": "Point", "coordinates": [-35.064709, -8.398031]}, "properties": {"i": 1268, "mun": 24430, "ibge": 2607208, "z": 16, "l": 1252, "nm": "ESCOLA PAROQUIAL SAO MIGUEL", "nm_mun": "IPOJUCA", "aptos": 1304, "imp": 0}}, {"type": "Feature", "geometry": {"type": "Point", "coordinates": [-35.061338, -8.398675]}, "properties": {"i": 1269, "mun": 24430, "ibge": 2607208, "z": 16, "l": 1309, "nm": "CRECHE MUNICIPAL PROFA JUSETE BARBOSA S LIMA (EX MARIA SANTISSIMA)", "nm_mun": "IPOJUCA", "aptos": 1677, "imp": 0}}, {"type": "Feature", "geometry": {"type": "Point", "coordinates": [-35.001404, -8.504806]}, "properties": {"i": 1270, "mun": 24430, "ibge": 2607208, "z": 16, "l": 1317, "nm": "ESCOLA MUNICIPAL MANOEL LUIZ UCHOA CAVALCANTI", "nm_mun": "IPOJUCA", "aptos": 1906, "imp": 0}}, {"type": "Feature", "geometry": {"type": "Point", "coordinates": [-35.060347, -8.397511]}, "properties": {"i": 1271, "mun": 24430, "ibge": 2607208, "z": 16, "l": 1325, "nm": "CENTRO DE ENSINO EXPERIMENTAL DE IPOJUCA", "nm_mun": "IPOJUCA", "aptos": 3486, "imp": 0}}, {"type": "Feature", "geometry": {"type": "Point", "coordinates": [-35.01997, -8.443926]}, "properties": {"i": 1272, "mun": 24430, "ibge": 2607208, "z": 16, "l": 1333, "nm": "ESCOLA MUNICIPAL GOVERNADOR EDUARDO CAMPOS", "nm_mun": "IPOJUCA", "aptos": 4120, "imp": 0}}, {"type": "Feature", "geometry": {"type": "Point", "coordinates": [-35.121581, -8.511216]}, "properties": {"i": 1273, "mun": 24430, "ibge": 2607208, "z": 16, "l": 1376, "nm": "ESCOLA MUNICIPAL PREFEITO LUIZ MANOEL NOGUEIRA", "nm_mun": "IPOJUCA", "aptos": 3204, "imp": 0}}, {"type": "Feature", "geometry": {"type": "Point", "coordinates": [-35.003557, -8.506782]}, "properties": {"i": 1274, "mun": 24430, "ibge": 2607208, "z": 16, "l": 1384, "nm": "ESCOLA MUNICIPAL PROF AMARA JOSEFA DA SILVA (ANTIGA SEC TURISMO)", "nm_mun": "IPOJUCA", "aptos": 1113, "imp": 0}}, {"type": "Feature", "geometry": {"type": "Point", "coordinates": [-35.059853, -8.400182]}, "properties": {"i": 1275, "mun": 24430, "ibge": 2607208, "z": 16, "l": 1414, "nm": "COMPLEXO EDUCACIONAL PEDRO SERAFIM DE SOUZA", "nm_mun": "IPOJUCA", "aptos": 4750, "imp": 0}}, {"type": "Feature", "geometry": {"type": "Point", "coordinates": [-35.063406, -8.40196]}, "properties": {"i": 1276, "mun": 24430, "ibge": 2607208, "z": 16, "l": 1422, "nm": "ESCOLA MUNICIPAL SANTO CRISTO", "nm_mun": "IPOJUCA", "aptos": 4247, "imp": 0}}, {"type": "Feature", "geometry": {"type": "Point", "coordinates": [-35.02092, -8.439982]}, "properties": {"i": 1277, "mun": 24430, "ibge": 2607208, "z": 16, "l": 1430, "nm": "ESCOLA MUNICIPAL MÁRIO JÚLIO DO REGO", "nm_mun": "IPOJUCA", "aptos": 3625, "imp": 0}}, {"type": "Feature", "geometry": {"type": "Point", "coordinates": [-35.011043, -8.528326]}, "properties": {"i": 1278, "mun": 24430, "ibge": 2607208, "z": 16, "l": 1457, "nm": "CRECHE MUNICIPAL ALZIRA MARIA DA SILVA CHALAÇA", "nm_mun": "IPOJUCA", "aptos": 1264, "imp": 0}}, {"type": "Feature", "geometry": {"type": "Point", "coordinates": [-35.069691, -8.410868]}, "properties": {"i": 1279, "mun": 24430, "ibge": 2607208, "z": 16, "l": 1465, "nm": "ESCOLA MUNICIPAL SANTA INÊZ", "nm_mun": "IPOJUCA", "aptos": 1419, "imp": 0}}, {"type": "Feature", "geometry": {"type": "Point", "coordinates": [-35.060722, -8.399455]}, "properties": {"i": 1280, "mun": 24430, "ibge": 2607208, "z": 16, "l": 1481, "nm": "CENTRO FORMAÇÃO PROFA NADIR DA COSTA M. (ANTIGA FAJOLCA)", "nm_mun": "IPOJUCA", "aptos": 2222, "imp": 0}}, {"type": "Feature", "geometry": {"type": "Point", "coordinates": [-35.014137, -8.442185]}, "properties": {"i": 1281, "mun": 24430, "ibge": 2607208, "z": 16, "l": 1490, "nm": "CRECHE MUNICIPAL PROFA MARIA REJANE DA SILVA SANTOS", "nm_mun": "IPOJUCA", "aptos": 3083, "imp": 0}}, {"type": "Feature", "geometry": {"type": "Point", "coordinates": [-35.011168, -8.50481]}, "properties": {"i": 1282, "mun": 24430, "ibge": 2607208, "z": 16, "l": 1503, "nm": "ESCOLA MUNICIPAL DE EDUCAÇÃO INFANTIL DE PORTO DE GALINHAS", "nm_mun": "IPOJUCA", "aptos": 3537, "imp": 0}}, {"type": "Feature", "geometry": {"type": "Point", "coordinates": [-35.022913, -8.557774]}, "properties": {"i": 1283, "mun": 24430, "ibge": 2607208, "z": 16, "l": 1511, "nm": "CRECHE MUNICIPAL PROFESSORA BEATRIZ FRANCISCA DA SILVA SANTOS", "nm_mun": "IPOJUCA", "aptos": 1961, "imp": 0}}, {"type": "Feature", "geometry": {"type": "Point", "coordinates": [-35.010966, -8.528344]}, "properties": {"i": 1284, "mun": 24430, "ibge": 2607208, "z": 16, "l": 1546, "nm": "ESCOLA MUNICIPAL MARIA JOSÉ FERREIRA DA COSTA", "nm_mun": "IPOJUCA", "aptos": 1089, "imp": 0}}, {"type": "Feature", "geometry": {"type": "Point", "coordinates": [-35.018042, -8.445672]}, "properties": {"i": 1285, "mun": 24430, "ibge": 2607208, "z": 16, "l": 1554, "nm": "ESCOLA MUNICIPAL PROFESSORA MARIA DAS DORES CAVALCANTI ALBUQUERQUE", "nm_mun": "IPOJUCA", "aptos": 3323, "imp": 0}}, {"type": "Feature", "geometry": {"type": "Point", "coordinates": [-35.018042, -8.445672]}, "properties": {"i": 1286, "mun": 24430, "ibge": 2607208, "z": 16, "l": 1562, "nm": "ESCOLA MUNICIPAL BELA VISTA", "nm_mun": "IPOJUCA", "aptos": 3527, "imp": 1}}, {"type": "Feature", "geometry": {"type": "Point", "coordinates": [-35.448831, -7.548597]}, "properties": {"i": 1287, "mun": 24430, "ibge": 2607208, "z": 16, "l": 1570, "nm": "CRECHE PROFª DORALICE MARIA DA SILVA", "nm_mun": "IPOJUCA", "aptos": 645, "imp": 1}}, {"type": "Feature", "geometry": {"type": "Point", "coordinates": [-38.747022, -7.881078]}, "properties": {"i": 1288, "mun": 24430, "ibge": 2607208, "z": 16, "l": 1589, "nm": "CENTRO DE REFERENCIA EM EDUCAÇÃO ESPECIAL", "nm_mun": "IPOJUCA", "aptos": 1543, "imp": 1}}, {"type": "Feature", "geometry": {"type": "Point", "coordinates": [-38.747022, -7.881078]}, "properties": {"i": 1289, "mun": 24430, "ibge": 2607208, "z": 16, "l": 1597, "nm": "EMEI - PROFESSORA ANTÔNIA RENICE DA SILVA", "nm_mun": "IPOJUCA", "aptos": 1495, "imp": 1}}, {"type": "Feature", "geometry": {"type": "Point", "coordinates": [-40.153409, -7.65371]}, "properties": {"i": 1290, "mun": 24457, "ibge": 2607307, "z": 133, "l": 1023, "nm": "ESCOLA ARAO PEIXOTO DE ALENCAR", "nm_mun": "IPUBI", "aptos": 5734, "imp": 0}}, {"type": "Feature", "geometry": {"type": "Point", "coordinates": [-40.149622, -7.654739]}, "properties": {"i": 1291, "mun": 24457, "ibge": 2607307, "z": 133, "l": 1040, "nm": "ESCOLA JOAQUIM EUGENIO SILVA", "nm_mun": "IPUBI", "aptos": 5669, "imp": 0}}, {"type": "Feature", "geometry": {"type": "Point", "coordinates": [-40.233671, -7.564801]}, "properties": {"i": 1292, "mun": 24457, "ibge": 2607307, "z": 133, "l": 1058, "nm": "ESCOLA FRANCISCO CARNEIRO DE ANDRADE", "nm_mun": "IPUBI", "aptos": 2653, "imp": 0}}, {"type": "Feature", "geometry": {"type": "Point", "coordinates": [-40.279613, -7.46939]}, "properties": {"i": 1293, "mun": 24457, "ibge": 2607307, "z": 133, "l": 1082, "nm": "ESCOLA MUNICIPAL PEDRO VICENTE SOUZA", "nm_mun": "IPUBI", "aptos": 3040, "imp": 0}}, {"type": "Feature", "geometry": {"type": "Point", "coordinates": [-40.147906, -7.653182]}, "properties": {"i": 1294, "mun": 24457, "ibge": 2607307, "z": 133, "l": 1112, "nm": "ESCOLA VICE-PREFEITO JOSÉ DE SIQUEIRA ALVES", "nm_mun": "IPUBI", "aptos": 3544, "imp": 0}}, {"type": "Feature", "geometry": {"type": "Point", "coordinates": [-40.279025, -7.47369]}, "properties": {"i": 1295, "mun": 24457, "ibge": 2607307, "z": 133, "l": 1120, "nm": "ESCOLA PAULA SABRINA - ANEXO DA ESCOLA PEDRO VICENTE", "nm_mun": "IPUBI", "aptos": 2371, "imp": 0}}, {"type": "Feature", "geometry": {"type": "Point", "coordinates": [-40.270749, -7.471837]}, "properties": {"i": 1296, "mun": 24457, "ibge": 2607307, "z": 133, "l": 1139, "nm": "ESCOLA MUNICIPAL EDILTON MODESTO DINIZ", "nm_mun": "IPUBI", "aptos": 1823, "imp": 0}}, {"type": "Feature", "geometry": {"type": "Point", "coordinates": [-38.685447, -8.727103]}, "properties": {"i": 1297, "mun": 24473, "ibge": 2607406, "z": 73, "l": 1015, "nm": "SECRETARIA MUNICIPAL DE EDUCACAO", "nm_mun": "ITACURUBA", "aptos": 6, "imp": 0}}, {"type": "Feature", "geometry": {"type": "Point", "coordinates": [-38.684083, -8.726557]}, "properties": {"i": 1298, "mun": 24473, "ibge": 2607406, "z": 73, "l": 1163, "nm": "COLEGIO MARIA MENEZES GUIMARAES", "nm_mun": "ITACURUBA", "aptos": 2380, "imp": 0}}, {"type": "Feature", "geometry": {"type": "Point", "coordinates": [-38.685482, -8.728856]}, "properties": {"i": 1299, "mun": 24473, "ibge": 2607406, "z": 73, "l": 1171, "nm": "ESCOLA MUNICIPAL CICERO FREIRE", "nm_mun": "ITACURUBA", "aptos": 1532, "imp": 0}}, {"type": "Feature", "geometry": {"type": "Point", "coordinates": [-35.442149, -7.879017]}, "properties": {"i": 1300, "mun": 24473, "ibge": 2607406, "z": 73, "l": 1198, "nm": "CRECHE MUNICIPAL ABIGAIL ROCHA CANTARELLI", "nm_mun": "ITACURUBA", "aptos": 856, "imp": 1}}, {"type": "Feature", "geometry": {"type": "Point", "coordinates": [-37.420935, -8.947282]}, "properties": {"i": 1301, "mun": 24490, "ibge": 2607505, "z": 143, "l": 1031, "nm": "ESCOLA PRESIDENTE EMÍLIO GARRASTAZU MÉDICI", "nm_mun": "ITAÍBA", "aptos": 6239, "imp": 0}}, {"type": "Feature", "geometry": {"type": "Point", "coordinates": [-37.421943, -8.949585]}, "properties": {"i": 1302, "mun": 24490, "ibge": 2607505, "z": 143, "l": 1066, "nm": "ESCOLA PEDRO DE ALCANTARA RAMOS", "nm_mun": "ITAÍBA", "aptos": 5397, "imp": 0}}, {"type": "Feature", "geometry": {"type": "Point", "coordinates": [-37.457476, -8.88232]}, "properties": {"i": 1303, "mun": 24490, "ibge": 2607505, "z": 143, "l": 1180, "nm": "GRUPO ESCOLAR GETULIO VARGAS", "nm_mun": "ITAÍBA", "aptos": 1768, "imp": 0}}, {"type": "Feature", "geometry": {"type": "Point", "coordinates": [-37.485816, -8.987451]}, "properties": {"i": 1304, "mun": 24490, "ibge": 2607505, "z": 143, "l": 1228, "nm": "ESCOLA MAJOR ANTONIO INACIO", "nm_mun": "ITAÍBA", "aptos": 1632, "imp": 0}}, {"type": "Feature", "geometry": {"type": "Point", "coordinates": [-37.482892, -8.984047]}, "properties": {"i": 1305, "mun": 24490, "ibge": 2607505, "z": 143, "l": 1236, "nm": "ESCOLA FREI JOAO PEREIRA DE SOUZA", "nm_mun": "ITAÍBA", "aptos": 1134, "imp": 0}}, {"type": "Feature", "geometry": {"type": "Point", "coordinates": [-37.420676, -8.950063]}, "properties": {"i": 1306, "mun": 24490, "ibge": 2607505, "z": 143, "l": 1309, "nm": "ESCOLA PROFª EVA MARIA MOUMESSO", "nm_mun": "ITAÍBA", "aptos": 2964, "imp": 0}}, {"type": "Feature", "geometry": {"type": "Point", "coordinates": [-37.457476, -8.88232]}, "properties": {"i": 1307, "mun": 24490, "ibge": 2607505, "z": 143, "l": 1325, "nm": "ETE - MARIA FERREIRA MARTINS", "nm_mun": "ITAÍBA", "aptos": 2071, "imp": 1}}, {"type": "Feature", "geometry": {"type": "Point", "coordinates": [-34.828678, -7.7325]}, "properties": {"i": 1308, "mun": 24511, "ibge": 2607604, "z": 131, "l": 1023, "nm": "ESCOLA MARECHAL COSTA E SILVA", "nm_mun": "ILHA DE ITAMARACÁ", "aptos": 1001, "imp": 0}}, {"type": "Feature", "geometry": {"type": "Point", "coordinates": [-34.824836, -7.745382]}, "properties": {"i": 1309, "mun": 24511, "ibge": 2607604, "z": 131, "l": 1031, "nm": "ESCOLA DE ITAMARACÁ", "nm_mun": "ILHA DE ITAMARACÁ", "aptos": 2360, "imp": 0}}, {"type": "Feature", "geometry": {"type": "Point", "coordinates": [-34.824848, -7.747848]}, "properties": {"i": 1310, "mun": 24511, "ibge": 2607604, "z": 131, "l": 1040, "nm": "ESCOLA SENADOR PAULO PESSOA GUERRA", "nm_mun": "ILHA DE ITAMARACÁ", "aptos": 2187, "imp": 0}}, {"type": "Feature", "geometry": {"type": "Point", "coordinates": [-34.824924, -7.748137]}, "properties": {"i": 1311, "mun": 24511, "ibge": 2607604, "z": 131, "l": 1058, "nm": "ESCOLA ESTADUAL ALBERTO AUGUSTO DE MORAIS PRADINES", "nm_mun": "ILHA DE ITAMARACÁ", "aptos": 4737, "imp": 0}}, {"type": "Feature", "geometry": {"type": "Point", "coordinates": [-34.827125, -7.733455]}, "properties": {"i": 1312, "mun": 24511, "ibge": 2607604, "z": 131, "l": 1104, "nm": "ESCOLA DE JAGUARIBE", "nm_mun": "ILHA DE ITAMARACÁ", "aptos": 2035, "imp": 0}}, {"type": "Feature", "geometry": {"type": "Point", "coordinates": [-34.858332, -7.80905]}, "properties": {"i": 1313, "mun": 24511, "ibge": 2607604, "z": 131, "l": 1120, "nm": "ESCOLA LUÍS CIPIÃO", "nm_mun": "ILHA DE ITAMARACÁ", "aptos": 387, "imp": 0}}, {"type": "Feature", "geometry": {"type": "Point", "coordinates": [-34.825219, -7.751276]}, "properties": {"i": 1314, "mun": 24511, "ibge": 2607604, "z": 131, "l": 1139, "nm": "PALÁCIO PEDRA QUE CANTA", "nm_mun": "ILHA DE ITAMARACÁ", "aptos": 1585, "imp": 0}}, {"type": "Feature", "geometry": {"type": "Point", "coordinates": [-34.837604, -7.720734]}, "properties": {"i": 1315, "mun": 24511, "ibge": 2607604, "z": 131, "l": 1147, "nm": "ESCOLA MUNICIPAL ERACLIDES COSTA GALVÃO", "nm_mun": "ILHA DE ITAMARACÁ", "aptos": 567, "imp": 0}}, {"type": "Feature", "geometry": {"type": "Point", "coordinates": [-34.838817, -7.797307]}, "properties": {"i": 1316, "mun": 24511, "ibge": 2607604, "z": 131, "l": 1155, "nm": "ESCOLA MUNICIPAL PROFESSOR CAVALCANTI", "nm_mun": "ILHA DE ITAMARACÁ", "aptos": 1580, "imp": 0}}, {"type": "Feature", "geometry": {"type": "Point", "coordinates": [-34.828678, -7.7325]}, "properties": {"i": 1317, "mun": 24511, "ibge": 2607604, "z": 131, "l": 1171, "nm": "ANEXO DA ESCOLA SENADOR PAULO PESSOA GUERRA", "nm_mun": "ILHA DE ITAMARACÁ", "aptos": 2189, "imp": 1}}, {"type": "Feature", "geometry": {"type": "Point", "coordinates": [-37.195916, -7.37514]}, "properties": {"i": 1318, "mun": 24538, "ibge": 2607703, "z": 99, "l": 1015, "nm": "ESCOLA MUNICIPAL ANTÔNIO PIANCÓ SOBRINHO", "nm_mun": "ITAPETIM", "aptos": 3675, "imp": 0}}, {"type": "Feature", "geometry": {"type": "Point", "coordinates": [-37.188332, -7.379356]}, "properties": {"i": 1319, "mun": 24538, "ibge": 2607703, "z": 99, "l": 1023, "nm": "ESC. REF. ENS. MÉDIO-EREM TERESA TORRES", "nm_mun": "ITAPETIM", "aptos": 5555, "imp": 0}}, {"type": "Feature", "geometry": {"type": "Point", "coordinates": [-37.235533, -7.293282]}, "properties": {"i": 1320, "mun": 24538, "ibge": 2607703, "z": 99, "l": 1040, "nm": "GRUPO ESCOLAR MUNICIPAL PAULINO AMARO CORDEIRO", "nm_mun": "ITAPETIM", "aptos": 829, "imp": 0}}, {"type": "Feature", "geometry": {"type": "Point", "coordinates": [-37.090559, -7.442001]}, "properties": {"i": 1321, "mun": 24538, "ibge": 2607703, "z": 99, "l": 1058, "nm": "GRUPO ESCOLAR WALFREDO SIQUEIRA", "nm_mun": "ITAPETIM", "aptos": 1922, "imp": 0}}, {"type": "Feature", "geometry": {"type": "Point", "coordinates": [-35.100984, -7.662447]}, "properties": {"i": 1322, "mun": 24554, "ibge": 2607802, "z": 125, "l": 1023, "nm": "ESCOLA FRANCISCO DA CUNHA RABELO", "nm_mun": "ITAQUITINGA", "aptos": 1853, "imp": 0}}, {"type": "Feature", "geometry": {"type": "Point", "coordinates": [-35.100756, -7.667257]}, "properties": {"i": 1323, "mun": 24554, "ibge": 2607802, "z": 125, "l": 1031, "nm": "ESCOLA SEVERINO GOUVEIA DE LIMA", "nm_mun": "ITAQUITINGA", "aptos": 3435, "imp": 0}}, {"type": "Feature", "geometry": {"type": "Point", "coordinates": [-35.045639, -7.690058]}, "properties": {"i": 1324, "mun": 24554, "ibge": 2607802, "z": 125, "l": 1058, "nm": "ESCOLA MUNICIPAL LUIZ CARLOS DE MORAES PINHO", "nm_mun": "ITAQUITINGA", "aptos": 2479, "imp": 0}}, {"type": "Feature", "geometry": {"type": "Point", "coordinates": [-35.104252, -7.669651]}, "properties": {"i": 1325, "mun": 24554, "ibge": 2607802, "z": 125, "l": 1090, "nm": "ESCOLA JOSÉ VIDAL DE NEGREIROS", "nm_mun": "ITAQUITINGA", "aptos": 703, "imp": 0}}, {"type": "Feature", "geometry": {"type": "Point", "coordinates": [-35.103158, -7.670799]}, "properties": {"i": 1326, "mun": 24554, "ibge": 2607802, "z": 125, "l": 1120, "nm": "ESCOLA MUNICIPAL MANOEL GONÇALVES DE MORAES", "nm_mun": "ITAQUITINGA", "aptos": 909, "imp": 0}}, {"type": "Feature", "geometry": {"type": "Point", "coordinates": [-35.101634, -7.663901]}, "properties": {"i": 1327, "mun": 24554, "ibge": 2607802, "z": 125, "l": 1139, "nm": "ESCOLA MUNICIPAL SERAFIM PESSOA DE MELO", "nm_mun": "ITAQUITINGA", "aptos": 2799, "imp": 0}}, {"type": "Feature", "geometry": {"type": "Point", "coordinates": [-35.102892, -7.659318]}, "properties": {"i": 1328, "mun": 24554, "ibge": 2607802, "z": 125, "l": 1147, "nm": "ESCOLA DE REFERÊNCIA DENIVAL RODRIGUES DE MELO - EREM", "nm_mun": "ITAQUITINGA", "aptos": 666, "imp": 0}}, {"type": "Feature", "geometry": {"type": "Point", "coordinates": [-35.014608, -8.112009]}, "properties": {"i": 1329, "mun": 24570, "ibge": 2607901, "z": 11, "l": 1015, "nm": "YAPOATAM COLEGIO E CURSO", "nm_mun": "JABOATÃO DOS GUARARAPES", "aptos": 5505, "imp": 0}}, {"type": "Feature", "geometry": {"type": "Point", "coordinates": [-35.01434, -8.104695]}, "properties": {"i": 1330, "mun": 24570, "ibge": 2607901, "z": 11, "l": 1023, "nm": "ESCOLA JOÃO BOSCO DE SENA", "nm_mun": "JABOATÃO DOS GUARARAPES", "aptos": 3560, "imp": 0}}, {"type": "Feature", "geometry": {"type": "Point", "coordinates": [-35.017026, -8.11217]}, "properties": {"i": 1331, "mun": 24570, "ibge": 2607901, "z": 11, "l": 1031, "nm": "GRUPO ESCOLAR BERNARDO VIEIRA DE MELO", "nm_mun": "JABOATÃO DOS GUARARAPES", "aptos": 6558, "imp": 0}}, {"type": "Feature", "geometry": {"type": "Point", "coordinates": [-35.018064, -8.110982]}, "properties": {"i": 1332, "mun": 24570, "ibge": 2607901, "z": 11, "l": 1040, "nm": "COLEGIO E CURSO MAGMA LTDA", "nm_mun": "JABOATÃO DOS GUARARAPES", "aptos": 1580, "imp": 0}}, {"type": "Feature", "geometry": {"type": "Point", "coordinates": [-35.011787, -8.110876]}, "properties": {"i": 1333, "mun": 24570, "ibge": 2607901, "z": 11, "l": 1058, "nm": "ESCOLA SOUZA BRANDAO", "nm_mun": "JABOATÃO DOS GUARARAPES", "aptos": 3657, "imp": 0}}, {"type": "Feature", "geometry": {"type": "Point", "coordinates": [-35.012864, -8.112083]}, "properties": {"i": 1334, "mun": 24570, "ibge": 2607901, "z": 11, "l": 1066, "nm": "ESCOLA TÉCNICA ESTADUAL MAXIMIANO ACCIOLY CAMPOS", "nm_mun": "JABOATÃO DOS GUARARAPES", "aptos": 4292, "imp": 0}}, {"type": "Feature", "geometry": {"type": "Point", "coordinates": [-35.019604, -8.11313]}, "properties": {"i": 1335, "mun": 24570, "ibge": 2607901, "z": 11, "l": 1074, "nm": "GINASIO ESTADUAL RODOLFO AURELIANO", "nm_mun": "JABOATÃO DOS GUARARAPES", "aptos": 6739, "imp": 0}}, {"type": "Feature", "geometry": {"type": "Point", "coordinates": [-35.016483, -8.115356]}, "properties": {"i": 1336, "mun": 24570, "ibge": 2607901, "z": 11, "l": 1082, "nm": "CESFA - CENTRO EDUCACIONAL SÃO FRANCISCO DE ASSIS", "nm_mun": "JABOATÃO DOS GUARARAPES", "aptos": 3042, "imp": 0}}, {"type": "Feature", "geometry": {"type": "Point", "coordinates": [-35.007167, -8.10949]}, "properties": {"i": 1337, "mun": 24570, "ibge": 2607901, "z": 11, "l": 1120, "nm": "COLEGIO MUNICIPAL HUMBERTO BARRADAS", "nm_mun": "JABOATÃO DOS GUARARAPES", "aptos": 5299, "imp": 0}}, {"type": "Feature", "geometry": {"type": "Point", "coordinates": [-35.015887, -8.118146]}, "properties": {"i": 1338, "mun": 24570, "ibge": 2607901, "z": 11, "l": 1139, "nm": "ESCOLA DR LUIZ GONZAGA MARANHAO", "nm_mun": "JABOATÃO DOS GUARARAPES", "aptos": 2382, "imp": 0}}, {"type": "Feature", "geometry": {"type": "Point", "coordinates": [-35.015411, -8.118177]}, "properties": {"i": 1339, "mun": 24570, "ibge": 2607901, "z": 11, "l": 1147, "nm": "ESCOLA PASTOR JOAO ADALGISO DE OLIVEIRA", "nm_mun": "JABOATÃO DOS GUARARAPES", "aptos": 2762, "imp": 0}}, {"type": "Feature", "geometry": {"type": "Point", "coordinates": [-35.021341, -8.11677]}, "properties": {"i": 1340, "mun": 24570, "ibge": 2607901, "z": 11, "l": 1155, "nm": "ESCOLA NESTOR GOMES DE MOURA", "nm_mun": "JABOATÃO DOS GUARARAPES", "aptos": 6744, "imp": 0}}, {"type": "Feature", "geometry": {"type": "Point", "coordinates": [-35.016072, -8.101154]}, "properties": {"i": 1341, "mun": 24570, "ibge": 2607901, "z": 11, "l": 1163, "nm": "ESCOLA JOSE CARNEIRO DE BARROS CAMPELO", "nm_mun": "JABOATÃO DOS GUARARAPES", "aptos": 4141, "imp": 0}}, {"type": "Feature", "geometry": {"type": "Point", "coordinates": [-35.02084, -8.097696]}, "properties": {"i": 1342, "mun": 24570, "ibge": 2607901, "z": 11, "l": 1171, "nm": "GRUPO ESCOLAR HENRIQUETA DE OLIVEIRA", "nm_mun": "JABOATÃO DOS GUARARAPES", "aptos": 3169, "imp": 0}}, {"type": "Feature", "geometry": {"type": "Point", "coordinates": [-35.013777, -8.111494]}, "properties": {"i": 1343, "mun": 24570, "ibge": 2607901, "z": 11, "l": 1198, "nm": "CENTRO SOCIAL DOS FERROVIARIOS DE JABOATAO", "nm_mun": "JABOATÃO DOS GUARARAPES", "aptos": 2304, "imp": 0}}, {"type": "Feature", "geometry": {"type": "Point", "coordinates": [-35.023767, -8.110126]}, "properties": {"i": 1344, "mun": 24570, "ibge": 2607901, "z": 11, "l": 1210, "nm": "GRUPO ESCOLAR FREI JABOATÃO", "nm_mun": "JABOATÃO DOS GUARARAPES", "aptos": 3163, "imp": 0}}, {"type": "Feature", "geometry": {"type": "Point", "coordinates": [-35.02742, -8.122292]}, "properties": {"i": 1345, "mun": 24570, "ibge": 2607901, "z": 11, "l": 1228, "nm": "ESCOLA VILA RICA", "nm_mun": "JABOATÃO DOS GUARARAPES", "aptos": 5155, "imp": 0}}, {"type": "Feature", "geometry": {"type": "Point", "coordinates": [-35.021261, -8.115325]}, "properties": {"i": 1346, "mun": 24570, "ibge": 2607901, "z": 11, "l": 1252, "nm": "ESCOLA MUNICIPAL POETA VINICIUS DE MORAES", "nm_mun": "JABOATÃO DOS GUARARAPES", "aptos": 1978, "imp": 0}}, {"type": "Feature", "geometry": {"type": "Point", "coordinates": [-35.021402, -8.115756]}, "properties": {"i": 1347, "mun": 24570, "ibge": 2607901, "z": 11, "l": 1287, "nm": "ESCOLA MUNICIPAL PROFESSOR ROBERTO INÁCIO DA SILVA", "nm_mun": "JABOATÃO DOS GUARARAPES", "aptos": 2939, "imp": 0}}, {"type": "Feature", "geometry": {"type": "Point", "coordinates": [-35.012664, -8.111545]}, "properties": {"i": 1348, "mun": 24570, "ibge": 2607901, "z": 11, "l": 1333, "nm": "ESCOLA MUNICIPAL NOVA VISÃO", "nm_mun": "JABOATÃO DOS GUARARAPES", "aptos": 2819, "imp": 0}}, {"type": "Feature", "geometry": {"type": "Point", "coordinates": [-35.019707, -8.112633]}, "properties": {"i": 1349, "mun": 24570, "ibge": 2607901, "z": 11, "l": 1341, "nm": "CASA DA CULTURA DE JABOATÃO DOS GUARARAPES", "nm_mun": "JABOATÃO DOS GUARARAPES", "aptos": 1985, "imp": 0}}, {"type": "Feature", "geometry": {"type": "Point", "coordinates": [-35.015149, -8.101495]}, "properties": {"i": 1350, "mun": 24570, "ibge": 2607901, "z": 11, "l": 1350, "nm": "EDUCANDÁRIO JOSE FERNANDES", "nm_mun": "JABOATÃO DOS GUARARAPES", "aptos": 2384, "imp": 0}}, {"type": "Feature", "geometry": {"type": "Point", "coordinates": [-34.978492, -8.151306]}, "properties": {"i": 1351, "mun": 24570, "ibge": 2607901, "z": 11, "l": 1368, "nm": "ESCOLA MUNICIPAL RURAL MARIA FEIJO", "nm_mun": "JABOATÃO DOS GUARARAPES", "aptos": 1942, "imp": 0}}, {"type": "Feature", "geometry": {"type": "Point", "coordinates": [-34.97193, -8.139298]}, "properties": {"i": 1352, "mun": 24570, "ibge": 2607901, "z": 11, "l": 1376, "nm": "ESCOLA ADELAIDE PESSOA CAMARA", "nm_mun": "JABOATÃO DOS GUARARAPES", "aptos": 5155, "imp": 0}}, {"type": "Feature", "geometry": {"type": "Point", "coordinates": [-34.971331, -8.160769]}, "properties": {"i": 1353, "mun": 24570, "ibge": 2607901, "z": 11, "l": 1384, "nm": "COLEGIO ALBERTO LUIZ RUSSO", "nm_mun": "JABOATÃO DOS GUARARAPES", "aptos": 2755, "imp": 0}}, {"type": "Feature", "geometry": {"type": "Point", "coordinates": [-34.975689, -8.135866]}, "properties": {"i": 1354, "mun": 24570, "ibge": 2607901, "z": 11, "l": 1392, "nm": "ESCOLA LUIZ GONZAGA", "nm_mun": "JABOATÃO DOS GUARARAPES", "aptos": 3568, "imp": 0}}, {"type": "Feature", "geometry": {"type": "Point", "coordinates": [-34.965708, -8.186469]}, "properties": {"i": 1355, "mun": 24570, "ibge": 2607901, "z": 11, "l": 1406, "nm": "ESCOLA NOSSA SENHORA APARECIDA", "nm_mun": "JABOATÃO DOS GUARARAPES", "aptos": 3077, "imp": 0}}, {"type": "Feature", "geometry": {"type": "Point", "coordinates": [-34.997469, -8.176867]}, "properties": {"i": 1356, "mun": 24570, "ibge": 2607901, "z": 11, "l": 1414, "nm": "ESCOLA HUMBERTO LINS BARRADAS", "nm_mun": "JABOATÃO DOS GUARARAPES", "aptos": 5150, "imp": 0}}, {"type": "Feature", "geometry": {"type": "Point", "coordinates": [-34.957175, -8.158134]}, "properties": {"i": 1357, "mun": 24570, "ibge": 2607901, "z": 11, "l": 1422, "nm": "ESCOLA EDSON MOURY FERNANDES", "nm_mun": "JABOATÃO DOS GUARARAPES", "aptos": 5459, "imp": 0}}, {"type": "Feature", "geometry": {"type": "Point", "coordinates": [-34.998595, -8.170473]}, "properties": {"i": 1358, "mun": 24570, "ibge": 2607901, "z": 11, "l": 1430, "nm": "ESCOLA MUNICIPAL BARÃO DE MURIBECA", "nm_mun": "JABOATÃO DOS GUARARAPES", "aptos": 1971, "imp": 0}}, {"type": "Feature", "geometry": {"type": "Point", "coordinates": [-34.975687, -8.134897]}, "properties": {"i": 1359, "mun": 24570, "ibge": 2607901, "z": 11, "l": 1457, "nm": "ESCOLA MUNICIPAL PROFª TECLA TEIXEIRA DE ARRUDA", "nm_mun": "JABOATÃO DOS GUARARAPES", "aptos": 2810, "imp": 0}}, {"type": "Feature", "geometry": {"type": "Point", "coordinates": [-34.955213, -8.154248]}, "properties": {"i": 1360, "mun": 24570, "ibge": 2607901, "z": 11, "l": 1465, "nm": "COLEGIO SANTA JOANA D'ARC", "nm_mun": "JABOATÃO DOS GUARARAPES", "aptos": 1880, "imp": 0}}, {"type": "Feature", "geometry": {"type": "Point", "coordinates": [-34.959427, -8.146558]}, "properties": {"i": 1361, "mun": 24570, "ibge": 2607901, "z": 11, "l": 1473, "nm": "ESCOLA MUNICIPAL ANA FARIAS DE SOUZA", "nm_mun": "JABOATÃO DOS GUARARAPES", "aptos": 395, "imp": 0}}, {"type": "Feature", "geometry": {"type": "Point", "coordinates": [-34.933786, -8.220373]}, "properties": {"i": 1362, "mun": 24570, "ibge": 2607901, "z": 101, "l": 1015, "nm": "ESCOLA ESTADUAL BENEDITO CUNHA MELO", "nm_mun": "JABOATÃO DOS GUARARAPES", "aptos": 5685, "imp": 0}}, {"type": "Feature", "geometry": {"type": "Point", "coordinates": [-34.923427, -8.211088]}, "properties": {"i": 1363, "mun": 24570, "ibge": 2607901, "z": 101, "l": 1244, "nm": "ESCOLA MUNICIPAL SANTA TEREZA D'AVILA", "nm_mun": "JABOATÃO DOS GUARARAPES", "aptos": 3174, "imp": 0}}, {"type": "Feature", "geometry": {"type": "Point", "coordinates": [-34.932246, -8.197139]}, "properties": {"i": 1364, "mun": 24570, "ibge": 2607901, "z": 101, "l": 1350, "nm": "ESCOLA ESTADUAL ZEQUINHA BARRETO", "nm_mun": "JABOATÃO DOS GUARARAPES", "aptos": 4512, "imp": 0}}, {"type": "Feature", "geometry": {"type": "Point", "coordinates": [-34.921, -8.189019]}, "properties": {"i": 1365, "mun": 24570, "ibge": 2607901, "z": 101, "l": 1430, "nm": "COLEGIO DIVINO MESTRE", "nm_mun": "JABOATÃO DOS GUARARAPES", "aptos": 6346, "imp": 0}}, {"type": "Feature", "geometry": {"type": "Point", "coordinates": [-34.933511, -8.218171]}, "properties": {"i": 1366, "mun": 24570, "ibge": 2607901, "z": 101, "l": 1465, "nm": "COLEGIO LEAO DA BARRA", "nm_mun": "JABOATÃO DOS GUARARAPES", "aptos": 5152, "imp": 0}}, {"type": "Feature", "geometry": {"type": "Point", "coordinates": [-34.934675, -8.190283]}, "properties": {"i": 1367, "mun": 24570, "ibge": 2607901, "z": 101, "l": 1503, "nm": "ESCOLA MUNICIPAL JOSÉ RODOVALHO", "nm_mun": "JABOATÃO DOS GUARARAPES", "aptos": 5249, "imp": 0}}, {"type": "Feature", "geometry": {"type": "Point", "coordinates": [-34.921915, -8.180813]}, "properties": {"i": 1368, "mun": 24570, "ibge": 2607901, "z": 101, "l": 1511, "nm": "ESCOLA ESTADUAL PEDRO BARROS FILHO", "nm_mun": "JABOATÃO DOS GUARARAPES", "aptos": 3166, "imp": 0}}, {"type": "Feature", "geometry": {"type": "Point", "coordinates": [-34.921753, -8.186939]}, "properties": {"i": 1369, "mun": 24570, "ibge": 2607901, "z": 101, "l": 1538, "nm": "ESCOLA MUNICIPAL OSCAR MOURA", "nm_mun": "JABOATÃO DOS GUARARAPES", "aptos": 3957, "imp": 0}}, {"type": "Feature", "geometry": {"type": "Point", "coordinates": [-34.932004, -8.224674]}, "properties": {"i": 1370, "mun": 24570, "ibge": 2607901, "z": 101, "l": 1554, "nm": "ESCOLA MUNICIPAL ALUÍSIO DA CUNHA MORAES", "nm_mun": "JABOATÃO DOS GUARARAPES", "aptos": 3158, "imp": 0}}, {"type": "Feature", "geometry": {"type": "Point", "coordinates": [-34.921832, -8.205138]}, "properties": {"i": 1371, "mun": 24570, "ibge": 2607901, "z": 101, "l": 1562, "nm": "ESCOLA MUNICIPAL PAULINO MENELAU", "nm_mun": "JABOATÃO DOS GUARARAPES", "aptos": 2374, "imp": 0}}, {"type": "Feature", "geometry": {"type": "Point", "coordinates": [-34.941584, -8.228026]}, "properties": {"i": 1372, "mun": 24570, "ibge": 2607901, "z": 101, "l": 1570, "nm": "ESCOLA MUNICIPAL WALFRIDO COELHO", "nm_mun": "JABOATÃO DOS GUARARAPES", "aptos": 2760, "imp": 0}}, {"type": "Feature", "geometry": {"type": "Point", "coordinates": [-34.918728, -8.202379]}, "properties": {"i": 1373, "mun": 24570, "ibge": 2607901, "z": 101, "l": 1651, "nm": "COLÉGIO ZULEIDE CONSTANTINO", "nm_mun": "JABOATÃO DOS GUARARAPES", "aptos": 3974, "imp": 0}}, {"type": "Feature", "geometry": {"type": "Point", "coordinates": [-34.920784, -8.210504]}, "properties": {"i": 1374, "mun": 24570, "ibge": 2607901, "z": 101, "l": 1660, "nm": "VIVER COLÉGIO E CURSO", "nm_mun": "JABOATÃO DOS GUARARAPES", "aptos": 4353, "imp": 0}}, {"type": "Feature", "geometry": {"type": "Point", "coordinates": [-34.919555, -8.202615]}, "properties": {"i": 1375, "mun": 24570, "ibge": 2607901, "z": 101, "l": 1694, "nm": "COLEGIO SOUZA LEAO", "nm_mun": "JABOATÃO DOS GUARARAPES", "aptos": 6745, "imp": 0}}, {"type": "Feature", "geometry": {"type": "Point", "coordinates": [-34.923742, -8.197896]}, "properties": {"i": 1376, "mun": 24570, "ibge": 2607901, "z": 101, "l": 1708, "nm": "ESCOLA MUNICIPAL UBALDINO FIGUEIROA", "nm_mun": "JABOATÃO DOS GUARARAPES", "aptos": 3482, "imp": 0}}, {"type": "Feature", "geometry": {"type": "Point", "coordinates": [-34.913329, -8.146961]}, "properties": {"i": 1377, "mun": 24570, "ibge": 2607901, "z": 101, "l": 1716, "nm": "ESCOLA MUNICIPAL BARTOLOMEU DE GUSMÃO", "nm_mun": "JABOATÃO DOS GUARARAPES", "aptos": 1218, "imp": 0}}, {"type": "Feature", "geometry": {"type": "Point", "coordinates": [-34.913546, -8.147602]}, "properties": {"i": 1378, "mun": 24570, "ibge": 2607901, "z": 101, "l": 1724, "nm": "EREM AUGUSTO SEVERO", "nm_mun": "JABOATÃO DOS GUARARAPES", "aptos": 3101, "imp": 0}}, {"type": "Feature", "geometry": {"type": "Point", "coordinates": [-34.916678, -8.161433]}, "properties": {"i": 1379, "mun": 24570, "ibge": 2607901, "z": 101, "l": 1740, "nm": "FACULDADE DOS GUARARAPES - UNIFG", "nm_mun": "JABOATÃO DOS GUARARAPES", "aptos": 16496, "imp": 0}}, {"type": "Feature", "geometry": {"type": "Point", "coordinates": [-34.92025, -8.179016]}, "properties": {"i": 1380, "mun": 24570, "ibge": 2607901, "z": 101, "l": 1767, "nm": "ESCOLA MUNICIPAL VISCONDE DE SUASSUNA", "nm_mun": "JABOATÃO DOS GUARARAPES", "aptos": 4352, "imp": 0}}, {"type": "Feature", "geometry": {"type": "Point", "coordinates": [-34.920932, -8.180483]}, "properties": {"i": 1381, "mun": 24570, "ibge": 2607901, "z": 101, "l": 1775, "nm": "ESCOLA MUNICIPAL VIDAL DE NEGREIROS", "nm_mun": "JABOATÃO DOS GUARARAPES", "aptos": 3680, "imp": 0}}, {"type": "Feature", "geometry": {"type": "Point", "coordinates": [-34.917821, -8.165092]}, "properties": {"i": 1382, "mun": 24570, "ibge": 2607901, "z": 101, "l": 1791, "nm": "ESCOLA MUNICIPAL NOSSA SENHORA DO LORETO", "nm_mun": "JABOATÃO DOS GUARARAPES", "aptos": 3946, "imp": 0}}, {"type": "Feature", "geometry": {"type": "Point", "coordinates": [-34.924559, -8.181881]}, "properties": {"i": 1383, "mun": 24570, "ibge": 2607901, "z": 101, "l": 1821, "nm": "EDUCANDÁRIO JARDIM PIEDADE", "nm_mun": "JABOATÃO DOS GUARARAPES", "aptos": 7137, "imp": 0}}, {"type": "Feature", "geometry": {"type": "Point", "coordinates": [-34.937536, -8.041263]}, "properties": {"i": 1384, "mun": 24570, "ibge": 2607901, "z": 101, "l": 1830, "nm": "COLÉGIO ELO (POR TRÁS DO MERCADO EXTRA)", "nm_mun": "JABOATÃO DOS GUARARAPES", "aptos": 5161, "imp": 1}}, {"type": "Feature", "geometry": {"type": "Point", "coordinates": [-34.949701, -8.083226]}, "properties": {"i": 1385, "mun": 24570, "ibge": 2607901, "z": 101, "l": 1848, "nm": "ESCOLA MUNICIPAL CARLOS JOSÉ RIBEIRO JÚNIOR", "nm_mun": "JABOATÃO DOS GUARARAPES", "aptos": 1578, "imp": 1}}, {"type": "Feature", "geometry": {"type": "Point", "coordinates": [-40.508808, -9.385551]}, "properties": {"i": 1386, "mun": 24570, "ibge": 2607901, "z": 101, "l": 1856, "nm": "COLÉGIO BOM JESUS", "nm_mun": "JABOATÃO DOS GUARARAPES", "aptos": 1971, "imp": 1}}, {"type": "Feature", "geometry": {"type": "Point", "coordinates": [-34.965708, -8.186469]}, "properties": {"i": 1387, "mun": 24570, "ibge": 2607901, "z": 101, "l": 1864, "nm": "ESCOLA MUNICIPAL PAULO MENELAU", "nm_mun": "JABOATÃO DOS GUARARAPES", "aptos": 3141, "imp": 1}}, {"type": "Feature", "geometry": {"type": "Point", "coordinates": [-34.941496, -8.141057]}, "properties": {"i": 1388, "mun": 24570, "ibge": 2607901, "z": 101, "l": 1872, "nm": "ESCOLA MUNICIPAL MARÍZIA DOS SANTOS MELO", "nm_mun": "JABOATÃO DOS GUARARAPES", "aptos": 1954, "imp": 1}}, {"type": "Feature", "geometry": {"type": "Point", "coordinates": [-34.845888, -7.959915]}, "properties": {"i": 1389, "mun": 24570, "ibge": 2607901, "z": 101, "l": 1880, "nm": "COLÉGIO SOUZA LEÃO-EDUCAÇÃO INFANTIL", "nm_mun": "JABOATÃO DOS GUARARAPES", "aptos": 3570, "imp": 1}}, {"type": "Feature", "geometry": {"type": "Point", "coordinates": [-34.917469, -7.832468]}, "properties": {"i": 1390, "mun": 24570, "ibge": 2607901, "z": 101, "l": 1899, "nm": "ESCOLA PROFESSOR SALVIO SANTOS FARIAS", "nm_mun": "JABOATÃO DOS GUARARAPES", "aptos": 1419, "imp": 1}}, {"type": "Feature", "geometry": {"type": "Point", "coordinates": [-34.923742, -8.197896]}, "properties": {"i": 1391, "mun": 24570, "ibge": 2607901, "z": 101, "l": 1902, "nm": "ESCOLA MUNICIPAL SILVIO ROMERO VIEIRA (ANTIGO MARIA DILZA)", "nm_mun": "JABOATÃO DOS GUARARAPES", "aptos": 1401, "imp": 1}}, {"type": "Feature", "geometry": {"type": "Point", "coordinates": [-34.972482, -8.094001]}, "properties": {"i": 1392, "mun": 24570, "ibge": 2607901, "z": 118, "l": 1015, "nm": "ESCOLA DE ENSINO PROFISSIONAL PADRE MANOEL MACHADO", "nm_mun": "JABOATÃO DOS GUARARAPES", "aptos": 1638, "imp": 0}}, {"type": "Feature", "geometry": {"type": "Point", "coordinates": [-34.972982, -8.095885]}, "properties": {"i": 1393, "mun": 24570, "ibge": 2607901, "z": 118, "l": 1023, "nm": "ESCOLA MURILO BRAGA", "nm_mun": "JABOATÃO DOS GUARARAPES", "aptos": 7599, "imp": 0}}, {"type": "Feature", "geometry": {"type": "Point", "coordinates": [-34.972582, -8.092777]}, "properties": {"i": 1394, "mun": 24570, "ibge": 2607901, "z": 118, "l": 1058, "nm": "POSTO DE SAÚDE FRANCISCO LOUREIRO", "nm_mun": "JABOATÃO DOS GUARARAPES", "aptos": 2387, "imp": 0}}, {"type": "Feature", "geometry": {"type": "Point", "coordinates": [-34.978166, -8.082085]}, "properties": {"i": 1395, "mun": 24570, "ibge": 2607901, "z": 118, "l": 1082, "nm": "ESCOLA PROFESSORA ODETE ANTUNES", "nm_mun": "JABOATÃO DOS GUARARAPES", "aptos": 5950, "imp": 0}}, {"type": "Feature", "geometry": {"type": "Point", "coordinates": [-34.983389, -8.084761]}, "properties": {"i": 1396, "mun": 24570, "ibge": 2607901, "z": 118, "l": 1090, "nm": "ESCOLA FREI ROMEU PEREA", "nm_mun": "JABOATÃO DOS GUARARAPES", "aptos": 4876, "imp": 0}}, {"type": "Feature", "geometry": {"type": "Point", "coordinates": [-34.998089, -8.075844]}, "properties": {"i": 1397, "mun": 24570, "ibge": 2607901, "z": 118, "l": 1104, "nm": "ESCOLA SIMON BOLIVAR", "nm_mun": "JABOATÃO DOS GUARARAPES", "aptos": 7124, "imp": 0}}, {"type": "Feature", "geometry": {"type": "Point", "coordinates": [-34.968372, -8.114526]}, "properties": {"i": 1398, "mun": 24570, "ibge": 2607901, "z": 118, "l": 1112, "nm": "ESCOLA FUNDAÇÃO BRADESCO", "nm_mun": "JABOATÃO DOS GUARARAPES", "aptos": 4766, "imp": 0}}, {"type": "Feature", "geometry": {"type": "Point", "coordinates": [-34.977578, -8.107183]}, "properties": {"i": 1399, "mun": 24570, "ibge": 2607901, "z": 118, "l": 1120, "nm": "ESCOLA DOM PEDRO DE ALCÂNTARA", "nm_mun": "JABOATÃO DOS GUARARAPES", "aptos": 3971, "imp": 0}}, {"type": "Feature", "geometry": {"type": "Point", "coordinates": [-34.972653, -8.092726]}, "properties": {"i": 1400, "mun": 24570, "ibge": 2607901, "z": 118, "l": 1147, "nm": "ESCOLA PROFESSOR MOACYR DE ALBUQUERQUE", "nm_mun": "JABOATÃO DOS GUARARAPES", "aptos": 7115, "imp": 0}}, {"type": "Feature", "geometry": {"type": "Point", "coordinates": [-34.963779, -8.095512]}, "properties": {"i": 1401, "mun": 24570, "ibge": 2607901, "z": 118, "l": 1171, "nm": "CRECHE DO PACHECO - ALAYDE MARIA DA CONCEIÇÃO", "nm_mun": "JABOATÃO DOS GUARARAPES", "aptos": 3195, "imp": 0}}, {"type": "Feature", "geometry": {"type": "Point", "coordinates": [-34.964391, -8.095661]}, "properties": {"i": 1402, "mun": 24570, "ibge": 2607901, "z": 118, "l": 1180, "nm": "ESCOLA MARIA AUGUSTA DUTRA", "nm_mun": "JABOATÃO DOS GUARARAPES", "aptos": 2510, "imp": 0}}, {"type": "Feature", "geometry": {"type": "Point", "coordinates": [-34.966795, -8.102877]}, "properties": {"i": 1403, "mun": 24570, "ibge": 2607901, "z": 118, "l": 1201, "nm": "ESCOLA SENADOR PETRÔNIO PORTELA", "nm_mun": "JABOATÃO DOS GUARARAPES", "aptos": 6738, "imp": 0}}, {"type": "Feature", "geometry": {"type": "Point", "coordinates": [-34.994362, -8.069197]}, "properties": {"i": 1404, "mun": 24570, "ibge": 2607901, "z": 118, "l": 1228, "nm": "ESCOLA SENADOR ADERBAL JUREMA", "nm_mun": "JABOATÃO DOS GUARARAPES", "aptos": 6750, "imp": 0}}, {"type": "Feature", "geometry": {"type": "Point", "coordinates": [-34.979535, -8.08234]}, "properties": {"i": 1405, "mun": 24570, "ibge": 2607901, "z": 118, "l": 1295, "nm": "ABRIGO DO CRISTO REDENTOR", "nm_mun": "JABOATÃO DOS GUARARAPES", "aptos": 1184, "imp": 0}}, {"type": "Feature", "geometry": {"type": "Point", "coordinates": [-34.983066, -8.086851]}, "properties": {"i": 1406, "mun": 24570, "ibge": 2607901, "z": 118, "l": 1350, "nm": "ESCOLA IMACULADA CONCEIÇÃO", "nm_mun": "JABOATÃO DOS GUARARAPES", "aptos": 1254, "imp": 0}}, {"type": "Feature", "geometry": {"type": "Point", "coordinates": [-34.97223, -8.090931]}, "properties": {"i": 1407, "mun": 24570, "ibge": 2607901, "z": 118, "l": 1368, "nm": "ESCOLA GILDO VERÍSSIMO", "nm_mun": "JABOATÃO DOS GUARARAPES", "aptos": 2229, "imp": 0}}, {"type": "Feature", "geometry": {"type": "Point", "coordinates": [-34.998134, -8.069442]}, "properties": {"i": 1408, "mun": 24570, "ibge": 2607901, "z": 118, "l": 1376, "nm": "ESCOLA EDMUR ARLINDO DE OLIVEIRA", "nm_mun": "JABOATÃO DOS GUARARAPES", "aptos": 5146, "imp": 0}}, {"type": "Feature", "geometry": {"type": "Point", "coordinates": [-34.971183, -8.089226]}, "properties": {"i": 1409, "mun": 24570, "ibge": 2607901, "z": 118, "l": 1449, "nm": "ESCOLA DAVINO TENORIO", "nm_mun": "JABOATÃO DOS GUARARAPES", "aptos": 1147, "imp": 0}}, {"type": "Feature", "geometry": {"type": "Point", "coordinates": [-35.003709, -8.069654]}, "properties": {"i": 1410, "mun": 24570, "ibge": 2607901, "z": 118, "l": 1457, "nm": "ESCOLA PROFESSOR COSTA PINTO", "nm_mun": "JABOATÃO DOS GUARARAPES", "aptos": 2707, "imp": 0}}, {"type": "Feature", "geometry": {"type": "Point", "coordinates": [-34.968112, -8.117223]}, "properties": {"i": 1411, "mun": 24570, "ibge": 2607901, "z": 118, "l": 1481, "nm": "ESCOLA MUNICIPAL ALBENICE MARIA DA SILVA", "nm_mun": "JABOATÃO DOS GUARARAPES", "aptos": 4106, "imp": 0}}, {"type": "Feature", "geometry": {"type": "Point", "coordinates": [-34.988005, -8.084397]}, "properties": {"i": 1412, "mun": 24570, "ibge": 2607901, "z": 118, "l": 1503, "nm": "ESCOLA MUNICIPAL ORLANDO BRENO", "nm_mun": "JABOATÃO DOS GUARARAPES", "aptos": 858, "imp": 0}}, {"type": "Feature", "geometry": {"type": "Point", "coordinates": [-34.997638, -8.079134]}, "properties": {"i": 1413, "mun": 24570, "ibge": 2607901, "z": 118, "l": 1511, "nm": "ESCOLA MUNICIPAL IRACI RODOVALHO", "nm_mun": "JABOATÃO DOS GUARARAPES", "aptos": 3161, "imp": 0}}, {"type": "Feature", "geometry": {"type": "Point", "coordinates": [-34.995822, -8.075416]}, "properties": {"i": 1414, "mun": 24570, "ibge": 2607901, "z": 118, "l": 1520, "nm": "ESCOLA MUNICIPAL CECÍLIA BRANDÃO", "nm_mun": "JABOATÃO DOS GUARARAPES", "aptos": 1965, "imp": 0}}, {"type": "Feature", "geometry": {"type": "Point", "coordinates": [-35.000666, -8.074408]}, "properties": {"i": 1415, "mun": 24570, "ibge": 2607901, "z": 118, "l": 1538, "nm": "ESCOLA TALENTO", "nm_mun": "JABOATÃO DOS GUARARAPES", "aptos": 1810, "imp": 0}}, {"type": "Feature", "geometry": {"type": "Point", "coordinates": [-34.965169, -8.121923]}, "properties": {"i": 1416, "mun": 24570, "ibge": 2607901, "z": 118, "l": 1546, "nm": "ESCOLA MUNICIPAL ESTHER CAMPELO", "nm_mun": "JABOATÃO DOS GUARARAPES", "aptos": 604, "imp": 0}}, {"type": "Feature", "geometry": {"type": "Point", "coordinates": [-34.978224, -8.102442]}, "properties": {"i": 1417, "mun": 24570, "ibge": 2607901, "z": 118, "l": 1554, "nm": "ESCOLA MUNICIPAL ODETTE PEREIRA CARNEIRO", "nm_mun": "JABOATÃO DOS GUARARAPES", "aptos": 1420, "imp": 0}}, {"type": "Feature", "geometry": {"type": "Point", "coordinates": [-34.963431, -8.108411]}, "properties": {"i": 1418, "mun": 24570, "ibge": 2607901, "z": 118, "l": 1562, "nm": "ESCOLA MUNICIPAL OLAVO BILAC", "nm_mun": "JABOATÃO DOS GUARARAPES", "aptos": 1056, "imp": 0}}, {"type": "Feature", "geometry": {"type": "Point", "coordinates": [-34.972242, -8.097049]}, "properties": {"i": 1419, "mun": 24570, "ibge": 2607901, "z": 118, "l": 1589, "nm": "CENTRO EDUCACIONAL ARTE DO SABER", "nm_mun": "JABOATÃO DOS GUARARAPES", "aptos": 2200, "imp": 0}}, {"type": "Feature", "geometry": {"type": "Point", "coordinates": [-34.961902, -8.134132]}, "properties": {"i": 1420, "mun": 24570, "ibge": 2607901, "z": 118, "l": 1597, "nm": "ESCOLA MUNICIPAL ENGENHEIRO GUILHERME DINIZ", "nm_mun": "JABOATÃO DOS GUARARAPES", "aptos": 4761, "imp": 0}}, {"type": "Feature", "geometry": {"type": "Point", "coordinates": [-34.992601, -8.108456]}, "properties": {"i": 1421, "mun": 24570, "ibge": 2607901, "z": 118, "l": 1600, "nm": "ESCOLA ALICE VILAR DE AQUINO", "nm_mun": "JABOATÃO DOS GUARARAPES", "aptos": 2782, "imp": 0}}, {"type": "Feature", "geometry": {"type": "Point", "coordinates": [-34.964504, -8.131795]}, "properties": {"i": 1422, "mun": 24570, "ibge": 2607901, "z": 118, "l": 1619, "nm": "COLEGIO MARECHAL EURICO GASPAR DUTRA", "nm_mun": "JABOATÃO DOS GUARARAPES", "aptos": 7540, "imp": 0}}, {"type": "Feature", "geometry": {"type": "Point", "coordinates": [-34.996606, -8.103507]}, "properties": {"i": 1423, "mun": 24570, "ibge": 2607901, "z": 118, "l": 1627, "nm": "ESCOLA POETA MAURO MOTA", "nm_mun": "JABOATÃO DOS GUARARAPES", "aptos": 5922, "imp": 0}}, {"type": "Feature", "geometry": {"type": "Point", "coordinates": [-34.961093, -8.123121]}, "properties": {"i": 1424, "mun": 24570, "ibge": 2607901, "z": 118, "l": 1635, "nm": "ESCOLA MUNICIPAL ANTONIO VIEIRA DE MELO", "nm_mun": "JABOATÃO DOS GUARARAPES", "aptos": 3185, "imp": 0}}, {"type": "Feature", "geometry": {"type": "Point", "coordinates": [-34.993344, -8.107721]}, "properties": {"i": 1425, "mun": 24570, "ibge": 2607901, "z": 118, "l": 1643, "nm": "ESCOLA BENJAMIN CONSTANT", "nm_mun": "JABOATÃO DOS GUARARAPES", "aptos": 2764, "imp": 0}}, {"type": "Feature", "geometry": {"type": "Point", "coordinates": [-34.9931, -8.107729]}, "properties": {"i": 1426, "mun": 24570, "ibge": 2607901, "z": 118, "l": 1651, "nm": "ESCOLA MUNICIPAL MEDALHA MILAGROSA", "nm_mun": "JABOATÃO DOS GUARARAPES", "aptos": 2876, "imp": 0}}, {"type": "Feature", "geometry": {"type": "Point", "coordinates": [-34.935768, -8.162108]}, "properties": {"i": 1427, "mun": 24570, "ibge": 2607901, "z": 118, "l": 1678, "nm": "CENTRO EDUCACIONAL CRISTO REDENTOR", "nm_mun": "JABOATÃO DOS GUARARAPES", "aptos": 2258, "imp": 1}}, {"type": "Feature", "geometry": {"type": "Point", "coordinates": [-34.887693, -8.091603]}, "properties": {"i": 1428, "mun": 24570, "ibge": 2607901, "z": 118, "l": 1686, "nm": "CRECHE PROF LEDA MARIA QUEIROZ DO REGO BARROS", "nm_mun": "JABOATÃO DOS GUARARAPES", "aptos": 2350, "imp": 1}}, {"type": "Feature", "geometry": {"type": "Point", "coordinates": [-35.012664, -8.111545]}, "properties": {"i": 1429, "mun": 24570, "ibge": 2607901, "z": 118, "l": 1694, "nm": "ANEXO ESCOLA GILDO VERÍSSIMO", "nm_mun": "JABOATÃO DOS GUARARAPES", "aptos": 868, "imp": 1}}, {"type": "Feature", "geometry": {"type": "Point", "coordinates": [-34.983066, -8.086851]}, "properties": {"i": 1430, "mun": 24570, "ibge": 2607901, "z": 118, "l": 1716, "nm": "CRAS - CENTRO DE REFERÊNCIA DE ASSISTÊNCIA SOCIAL", "nm_mun": "JABOATÃO DOS GUARARAPES", "aptos": 1186, "imp": 1}}, {"type": "Feature", "geometry": {"type": "Point", "coordinates": [-34.932568, -8.145583]}, "properties": {"i": 1431, "mun": 24570, "ibge": 2607901, "z": 147, "l": 1015, "nm": "ESCOLA ESTADUAL AMOR DIVINO", "nm_mun": "JABOATÃO DOS GUARARAPES", "aptos": 5911, "imp": 0}}, {"type": "Feature", "geometry": {"type": "Point", "coordinates": [-34.933999, -8.164926]}, "properties": {"i": 1432, "mun": 24570, "ibge": 2607901, "z": 147, "l": 1040, "nm": "ESCOLA ESTADUAL JOÃO PAULO I", "nm_mun": "JABOATÃO DOS GUARARAPES", "aptos": 4993, "imp": 0}}, {"type": "Feature", "geometry": {"type": "Point", "coordinates": [-34.937626, -8.138631]}, "properties": {"i": 1433, "mun": 24570, "ibge": 2607901, "z": 147, "l": 1074, "nm": "COLÉGIO NOSSA SENHORA DA PENHA", "nm_mun": "JABOATÃO DOS GUARARAPES", "aptos": 4344, "imp": 0}}, {"type": "Feature", "geometry": {"type": "Point", "coordinates": [-34.91882, -8.147075]}, "properties": {"i": 1434, "mun": 24570, "ibge": 2607901, "z": 147, "l": 1082, "nm": "EREM - SATURNINO DE BRITO", "nm_mun": "JABOATÃO DOS GUARARAPES", "aptos": 3446, "imp": 0}}, {"type": "Feature", "geometry": {"type": "Point", "coordinates": [-34.931152, -8.158241]}, "properties": {"i": 1435, "mun": 24570, "ibge": 2607901, "z": 147, "l": 1104, "nm": "ESCOLA  ALTO DOS GUARARAPES", "nm_mun": "JABOATÃO DOS GUARARAPES", "aptos": 4744, "imp": 0}}, {"type": "Feature", "geometry": {"type": "Point", "coordinates": [-34.938141, -8.158781]}, "properties": {"i": 1436, "mun": 24570, "ibge": 2607901, "z": 147, "l": 1147, "nm": "ESCOLA ESTADUAL JOSÉ GLICÉRIO", "nm_mun": "JABOATÃO DOS GUARARAPES", "aptos": 2765, "imp": 0}}, {"type": "Feature", "geometry": {"type": "Point", "coordinates": [-34.936183, -8.139921]}, "properties": {"i": 1437, "mun": 24570, "ibge": 2607901, "z": 147, "l": 1171, "nm": "INSTITUTO BRASÍLIA", "nm_mun": "JABOATÃO DOS GUARARAPES", "aptos": 2382, "imp": 0}}, {"type": "Feature", "geometry": {"type": "Point", "coordinates": [-34.935768, -8.162108]}, "properties": {"i": 1438, "mun": 24570, "ibge": 2607901, "z": 147, "l": 1180, "nm": "ESCOLA MUNICIPAL JABOATÃO DOS GUARARAPES", "nm_mun": "JABOATÃO DOS GUARARAPES", "aptos": 4695, "imp": 0}}, {"type": "Feature", "geometry": {"type": "Point", "coordinates": [-34.938397, -8.155064]}, "properties": {"i": 1439, "mun": 24570, "ibge": 2607901, "z": 147, "l": 1198, "nm": "ESCOLA CLÁUDIO AGRÍCIO", "nm_mun": "JABOATÃO DOS GUARARAPES", "aptos": 2381, "imp": 0}}, {"type": "Feature", "geometry": {"type": "Point", "coordinates": [-34.935803, -8.139696]}, "properties": {"i": 1440, "mun": 24570, "ibge": 2607901, "z": 147, "l": 1252, "nm": "ESCOLA MUNICIPAL NOSSA SENHORA DOS PRAZERES", "nm_mun": "JABOATÃO DOS GUARARAPES", "aptos": 3156, "imp": 0}}, {"type": "Feature", "geometry": {"type": "Point", "coordinates": [-34.931273, -8.149993]}, "properties": {"i": 1441, "mun": 24570, "ibge": 2607901, "z": 147, "l": 1287, "nm": "ESCOLA MUNICIPAL NOSSA SENHORA DE FÁTIMA", "nm_mun": "JABOATÃO DOS GUARARAPES", "aptos": 1769, "imp": 0}}, {"type": "Feature", "geometry": {"type": "Point", "coordinates": [-34.93862, -8.155752]}, "properties": {"i": 1442, "mun": 24570, "ibge": 2607901, "z": 147, "l": 1309, "nm": "ESCOLA MUNICIPAL JESUS DE NAZARÉ", "nm_mun": "JABOATÃO DOS GUARARAPES", "aptos": 3951, "imp": 0}}, {"type": "Feature", "geometry": {"type": "Point", "coordinates": [-34.934814, -8.14618]}, "properties": {"i": 1443, "mun": 24570, "ibge": 2607901, "z": 147, "l": 1384, "nm": "ESCOLA MUNICIPAL PROFª EUNICE FÉLIX SILVA", "nm_mun": "JABOATÃO DOS GUARARAPES", "aptos": 1099, "imp": 0}}, {"type": "Feature", "geometry": {"type": "Point", "coordinates": [-34.931805, -8.171364]}, "properties": {"i": 1444, "mun": 24570, "ibge": 2607901, "z": 147, "l": 1392, "nm": "ESCOLA MUNICIPAL PROFª CÂNDIDA DE ANDRADE MACIEL", "nm_mun": "JABOATÃO DOS GUARARAPES", "aptos": 5823, "imp": 0}}, {"type": "Feature", "geometry": {"type": "Point", "coordinates": [-34.92783, -8.160969]}, "properties": {"i": 1445, "mun": 24570, "ibge": 2607901, "z": 147, "l": 1406, "nm": "ESCOLA MUNICIPAL MARECHAL COSTA E SILVA", "nm_mun": "JABOATÃO DOS GUARARAPES", "aptos": 3165, "imp": 0}}, {"type": "Feature", "geometry": {"type": "Point", "coordinates": [-34.92161, -8.159607]}, "properties": {"i": 1446, "mun": 24570, "ibge": 2607901, "z": 147, "l": 1414, "nm": "ESCOLA MUNICIPAL VEREADOR ANTÔNIO JANUÁRIO", "nm_mun": "JABOATÃO DOS GUARARAPES", "aptos": 3932, "imp": 0}}, {"type": "Feature", "geometry": {"type": "Point", "coordinates": [-34.929619, -8.166969]}, "properties": {"i": 1447, "mun": 24570, "ibge": 2607901, "z": 147, "l": 1422, "nm": "SEÇÃO ESPECIAL-ESCOLA MUN NATIVIDADE SALDANHA-ANEXO", "nm_mun": "JABOATÃO DOS GUARARAPES", "aptos": 335, "imp": 0}}, {"type": "Feature", "geometry": {"type": "Point", "coordinates": [-34.934189, -8.171465]}, "properties": {"i": 1448, "mun": 24570, "ibge": 2607901, "z": 147, "l": 1449, "nm": "EREM - DESPORTISTA RUBEM MOREIRA", "nm_mun": "JABOATÃO DOS GUARARAPES", "aptos": 5549, "imp": 0}}, {"type": "Feature", "geometry": {"type": "Point", "coordinates": [-34.929614, -8.166952]}, "properties": {"i": 1449, "mun": 24570, "ibge": 2607901, "z": 147, "l": 1457, "nm": "ESCOLA MUNICIPAL NATIVIDADE SALDANHA", "nm_mun": "JABOATÃO DOS GUARARAPES", "aptos": 3566, "imp": 0}}, {"type": "Feature", "geometry": {"type": "Point", "coordinates": [-34.929247, -8.162548]}, "properties": {"i": 1450, "mun": 24570, "ibge": 2607901, "z": 147, "l": 1465, "nm": "COLÉGIO SANDRA MARIA", "nm_mun": "JABOATÃO DOS GUARARAPES", "aptos": 5943, "imp": 0}}, {"type": "Feature", "geometry": {"type": "Point", "coordinates": [-34.931837, -8.165238]}, "properties": {"i": 1451, "mun": 24570, "ibge": 2607901, "z": 147, "l": 1473, "nm": "ESCOLA TÉCNICA DE ENFERMAGEM NOSSA SENHORA DE FÁTIMA", "nm_mun": "JABOATÃO DOS GUARARAPES", "aptos": 1063, "imp": 0}}, {"type": "Feature", "geometry": {"type": "Point", "coordinates": [-34.92608, -8.166812]}, "properties": {"i": 1452, "mun": 24570, "ibge": 2607901, "z": 147, "l": 1481, "nm": "EREM - DESEMBARGADOR JOSÉ NEVES FILHO", "nm_mun": "JABOATÃO DOS GUARARAPES", "aptos": 6727, "imp": 0}}, {"type": "Feature", "geometry": {"type": "Point", "coordinates": [-34.934765, -8.171685]}, "properties": {"i": 1453, "mun": 24570, "ibge": 2607901, "z": 147, "l": 1490, "nm": "ESCOLA MUNICIPAL DIVINA PROVIDÊNCIA (ANTIGO PETRÔNIO PORTELA)", "nm_mun": "JABOATÃO DOS GUARARAPES", "aptos": 3565, "imp": 0}}, {"type": "Feature", "geometry": {"type": "Point", "coordinates": [-34.954679, -8.191139]}, "properties": {"i": 1454, "mun": 24570, "ibge": 2607901, "z": 147, "l": 1503, "nm": "ESCOLA ESTADUAL SUPERVISORA MIRIAM SEIXAS", "nm_mun": "JABOATÃO DOS GUARARAPES", "aptos": 4747, "imp": 0}}, {"type": "Feature", "geometry": {"type": "Point", "coordinates": [-34.931775, -8.170536]}, "properties": {"i": 1455, "mun": 24570, "ibge": 2607901, "z": 147, "l": 1511, "nm": "ESCOLA MUNICIPAL VÂNIA LARANJEIRAS", "nm_mun": "JABOATÃO DOS GUARARAPES", "aptos": 5481, "imp": 0}}, {"type": "Feature", "geometry": {"type": "Point", "coordinates": [-34.916474, -8.147397]}, "properties": {"i": 1456, "mun": 24570, "ibge": 2607901, "z": 147, "l": 1520, "nm": "COLÉGIO ASCENSO FERREIRA", "nm_mun": "JABOATÃO DOS GUARARAPES", "aptos": 2280, "imp": 0}}, {"type": "Feature", "geometry": {"type": "Point", "coordinates": [-34.930757, -8.16486]}, "properties": {"i": 1457, "mun": 24570, "ibge": 2607901, "z": 147, "l": 1538, "nm": "ESCOLA RUY BARBOSA", "nm_mun": "JABOATÃO DOS GUARARAPES", "aptos": 1510, "imp": 0}}, {"type": "Feature", "geometry": {"type": "Point", "coordinates": [-34.921266, -8.161226]}, "properties": {"i": 1458, "mun": 24570, "ibge": 2607901, "z": 147, "l": 1546, "nm": "COLÉGIO VINÍCIUS DE MORAES", "nm_mun": "JABOATÃO DOS GUARARAPES", "aptos": 2611, "imp": 0}}, {"type": "Feature", "geometry": {"type": "Point", "coordinates": [-34.92745, -8.167788]}, "properties": {"i": 1459, "mun": 24570, "ibge": 2607901, "z": 147, "l": 1554, "nm": "ESCOLA ESTADUAL ALZIRA DA FONSECA BREUEL", "nm_mun": "JABOATÃO DOS GUARARAPES", "aptos": 6356, "imp": 0}}, {"type": "Feature", "geometry": {"type": "Point", "coordinates": [-34.92451, -8.157745]}, "properties": {"i": 1460, "mun": 24570, "ibge": 2607901, "z": 147, "l": 1562, "nm": "ESCOLA ESTADUAL FILIPE CAMARÃO", "nm_mun": "JABOATÃO DOS GUARARAPES", "aptos": 4750, "imp": 0}}, {"type": "Feature", "geometry": {"type": "Point", "coordinates": [-34.932105, -8.177823]}, "properties": {"i": 1461, "mun": 24570, "ibge": 2607901, "z": 147, "l": 1570, "nm": "ESCOLA MUNICIPAL LUIZ LUA GONZAGA", "nm_mun": "JABOATÃO DOS GUARARAPES", "aptos": 1589, "imp": 0}}, {"type": "Feature", "geometry": {"type": "Point", "coordinates": [-34.931275, -8.171289]}, "properties": {"i": 1462, "mun": 24570, "ibge": 2607901, "z": 147, "l": 1589, "nm": "EREM - PROFESSOR EPITÁCIO ANDRÉ DIAS", "nm_mun": "JABOATÃO DOS GUARARAPES", "aptos": 4241, "imp": 0}}, {"type": "Feature", "geometry": {"type": "Point", "coordinates": [-34.926738, -8.158365]}, "properties": {"i": 1463, "mun": 24570, "ibge": 2607901, "z": 147, "l": 1597, "nm": "ESCOLA MUNICIPAL PROFº MARCONIEDSON RODRIGUES MOREIRA", "nm_mun": "JABOATÃO DOS GUARARAPES", "aptos": 2262, "imp": 0}}, {"type": "Feature", "geometry": {"type": "Point", "coordinates": [-34.941496, -8.141057]}, "properties": {"i": 1464, "mun": 24570, "ibge": 2607901, "z": 147, "l": 1600, "nm": "ESCOLA MUNICIPAL PROFª LUZIANA MARIA PEREIRA", "nm_mun": "JABOATÃO DOS GUARARAPES", "aptos": 722, "imp": 0}}, {"type": "Feature", "geometry": {"type": "Point", "coordinates": [-34.922554, -8.158486]}, "properties": {"i": 1465, "mun": 24570, "ibge": 2607901, "z": 147, "l": 1619, "nm": "ESCOLA MUNICIPAL DOM CARLOS COELHO", "nm_mun": "JABOATÃO DOS GUARARAPES", "aptos": 2750, "imp": 0}}, {"type": "Feature", "geometry": {"type": "Point", "coordinates": [-34.859944, -7.936697]}, "properties": {"i": 1466, "mun": 24570, "ibge": 2607901, "z": 147, "l": 1635, "nm": "ESCOLA MUNICIPAL POETA CASTRO ALVES", "nm_mun": "JABOATÃO DOS GUARARAPES", "aptos": 1052, "imp": 1}}, {"type": "Feature", "geometry": {"type": "Point", "coordinates": [-36.496387, -7.986104]}, "properties": {"i": 1467, "mun": 24597, "ibge": 2608008, "z": 54, "l": 1015, "nm": "ESCOLA JOSE LOPES DE SIQUEIRA", "nm_mun": "JATAÚBA", "aptos": 2398, "imp": 0}}, {"type": "Feature", "geometry": {"type": "Point", "coordinates": [-36.497314, -7.98574]}, "properties": {"i": 1468, "mun": 24597, "ibge": 2608008, "z": 54, "l": 1023, "nm": "ESCOLA MUNICIPAL JOSE HIGINO SOUSA", "nm_mun": "JATAÚBA", "aptos": 4463, "imp": 0}}, {"type": "Feature", "geometry": {"type": "Point", "coordinates": [-36.561067, -8.069289]}, "properties": {"i": 1469, "mun": 24597, "ibge": 2608008, "z": 54, "l": 1066, "nm": "GRUPO ESCOLAR AGUIDA AMANCIO", "nm_mun": "JATAÚBA", "aptos": 549, "imp": 0}}, {"type": "Feature", "geometry": {"type": "Point", "coordinates": [-36.568663, -8.031714]}, "properties": {"i": 1470, "mun": 24597, "ibge": 2608008, "z": 54, "l": 1090, "nm": "GRUPO ESCOLAR JOAO FREITAS BARROS", "nm_mun": "JATAÚBA", "aptos": 834, "imp": 0}}, {"type": "Feature", "geometry": {"type": "Point", "coordinates": [-36.581999, -7.987892]}, "properties": {"i": 1471, "mun": 24597, "ibge": 2608008, "z": 54, "l": 1120, "nm": "ESCOLA MUNICIPAL JOSE PEREIRA DO NASCIMENTO", "nm_mun": "JATAÚBA", "aptos": 608, "imp": 0}}, {"type": "Feature", "geometry": {"type": "Point", "coordinates": [-36.666466, -8.13464]}, "properties": {"i": 1472, "mun": 24597, "ibge": 2608008, "z": 54, "l": 1147, "nm": "GRUPO ESCOLAR JOAO ELOI", "nm_mun": "JATAÚBA", "aptos": 491, "imp": 0}}, {"type": "Feature", "geometry": {"type": "Point", "coordinates": [-36.524243, -8.172656]}, "properties": {"i": 1473, "mun": 24597, "ibge": 2608008, "z": 54, "l": 1171, "nm": "GRUPO ESCOLAR JOSE NOGUEIRA DE SOUSA", "nm_mun": "JATAÚBA", "aptos": 728, "imp": 0}}, {"type": "Feature", "geometry": {"type": "Point", "coordinates": [-36.392544, -8.024772]}, "properties": {"i": 1474, "mun": 24597, "ibge": 2608008, "z": 54, "l": 1201, "nm": "GRUPO ESCOLAR MUNICIPAL SEBASTIAO GOMES", "nm_mun": "JATAÚBA", "aptos": 855, "imp": 0}}, {"type": "Feature", "geometry": {"type": "Point", "coordinates": [-36.608061, -8.085093]}, "properties": {"i": 1475, "mun": 24597, "ibge": 2608008, "z": 54, "l": 1210, "nm": "GRUPO MUNICIPAL HERMINIO DE PAIVA", "nm_mun": "JATAÚBA", "aptos": 575, "imp": 0}}, {"type": "Feature", "geometry": {"type": "Point", "coordinates": [-36.533603, -8.096004]}, "properties": {"i": 1476, "mun": 24597, "ibge": 2608008, "z": 54, "l": 1228, "nm": "GRUPO ESCOLAR MUNICIPAL JOAQUIM MIGUEL FILHO", "nm_mun": "JATAÚBA", "aptos": 441, "imp": 0}}, {"type": "Feature", "geometry": {"type": "Point", "coordinates": [-36.561152, -8.069116]}, "properties": {"i": 1477, "mun": 24597, "ibge": 2608008, "z": 54, "l": 1244, "nm": "ESCOLA MUNICIPAL PETRUCIO SIQUEIRA", "nm_mun": "JATAÚBA", "aptos": 415, "imp": 0}}, {"type": "Feature", "geometry": {"type": "Point", "coordinates": [-36.583164, -7.988794]}, "properties": {"i": 1478, "mun": 24597, "ibge": 2608008, "z": 54, "l": 1260, "nm": "CRECHE ANEXA A ESCOLA JOSÉ PEREIRA DO NASCIMENTO", "nm_mun": "JATAÚBA", "aptos": 336, "imp": 0}}, {"type": "Feature", "geometry": {"type": "Point", "coordinates": [-36.501083, -7.985127]}, "properties": {"i": 1479, "mun": 24597, "ibge": 2608008, "z": 54, "l": 1279, "nm": "GRUPO ESCOLAR ANTONIO VIEIRA DE MELO", "nm_mun": "JATAÚBA", "aptos": 1559, "imp": 0}}, {"type": "Feature", "geometry": {"type": "Point", "coordinates": [-36.497305, -7.985863]}, "properties": {"i": 1480, "mun": 24597, "ibge": 2608008, "z": 54, "l": 1295, "nm": "ESCOLA MUNICIPAL MARIA DO CARMO CÉSAR TAVARES BATISTA", "nm_mun": "JATAÚBA", "aptos": 1253, "imp": 1}}, {"type": "Feature", "geometry": {"type": "Point", "coordinates": [-36.392544, -8.024772]}, "properties": {"i": 1481, "mun": 24597, "ibge": 2608008, "z": 54, "l": 1309, "nm": "ESCOLA MUNICIPAL JOÃO CÂNDIDO FERREIRA (ANEXO AGUIDA AMANCIO)", "nm_mun": "JATAÚBA", "aptos": 325, "imp": 1}}, {"type": "Feature", "geometry": {"type": "Point", "coordinates": [-35.590456, -7.859184]}, "properties": {"i": 1482, "mun": 24619, "ibge": 2608107, "z": 88, "l": 1015, "nm": "CAMARA DOS VEREADORES", "nm_mun": "JOÃO ALFREDO", "aptos": 398, "imp": 0}}, {"type": "Feature", "geometry": {"type": "Point", "coordinates": [-35.588963, -7.860933]}, "properties": {"i": 1483, "mun": 24619, "ibge": 2608107, "z": 88, "l": 1040, "nm": "ESCOLA ESTADUAL JARINA MAIA", "nm_mun": "JOÃO ALFREDO", "aptos": 2387, "imp": 0}}, {"type": "Feature", "geometry": {"type": "Point", "coordinates": [-35.588558, -7.865516]}, "properties": {"i": 1484, "mun": 24619, "ibge": 2608107, "z": 88, "l": 1058, "nm": "ESCOLA NOSSA SENHORA AUXILIADORA", "nm_mun": "JOÃO ALFREDO", "aptos": 3115, "imp": 0}}, {"type": "Feature", "geometry": {"type": "Point", "coordinates": [-35.516234, -7.833155]}, "properties": {"i": 1485, "mun": 24619, "ibge": 2608107, "z": 88, "l": 1066, "nm": "ESCOLA BELARMINO NEGROMONTE", "nm_mun": "JOÃO ALFREDO", "aptos": 625, "imp": 0}}, {"type": "Feature", "geometry": {"type": "Point", "coordinates": [-35.516608, -7.815656]}, "properties": {"i": 1486, "mun": 24619, "ibge": 2608107, "z": 88, "l": 1074, "nm": "ESCOLA MUNICIPAL HELIODORO ARRUDA", "nm_mun": "JOÃO ALFREDO", "aptos": 1149, "imp": 0}}, {"type": "Feature", "geometry": {"type": "Point", "coordinates": [-35.553101, -7.874854]}, "properties": {"i": 1487, "mun": 24619, "ibge": 2608107, "z": 88, "l": 1082, "nm": "ESCOLA LUIZ OTÁVIO DA CUNHA", "nm_mun": "JOÃO ALFREDO", "aptos": 1435, "imp": 0}}, {"type": "Feature", "geometry": {"type": "Point", "coordinates": [-35.581708, -7.883888]}, "properties": {"i": 1488, "mun": 24619, "ibge": 2608107, "z": 88, "l": 1090, "nm": "ESCOLA VICENTE FERREIRA CAMPOS", "nm_mun": "JOÃO ALFREDO", "aptos": 495, "imp": 0}}, {"type": "Feature", "geometry": {"type": "Point", "coordinates": [-35.654919, -7.868592]}, "properties": {"i": 1489, "mun": 24619, "ibge": 2608107, "z": 88, "l": 1112, "nm": "GRUPO MARIA DE LOURDES ALBUQUERQUE OLIVEIRA", "nm_mun": "JOÃO ALFREDO", "aptos": 273, "imp": 0}}, {"type": "Feature", "geometry": {"type": "Point", "coordinates": [-35.612016, -7.880133]}, "properties": {"i": 1490, "mun": 24619, "ibge": 2608107, "z": 88, "l": 1155, "nm": "ESCOLA MIGUEL AZEVEDO DE  OLIVEIRA", "nm_mun": "JOÃO ALFREDO", "aptos": 863, "imp": 0}}, {"type": "Feature", "geometry": {"type": "Point", "coordinates": [-35.640339, -7.863419]}, "properties": {"i": 1491, "mun": 24619, "ibge": 2608107, "z": 88, "l": 1163, "nm": "GRUPO BENTO JERONIMO", "nm_mun": "JOÃO ALFREDO", "aptos": 1640, "imp": 0}}, {"type": "Feature", "geometry": {"type": "Point", "coordinates": [-35.597976, -7.844673]}, "properties": {"i": 1492, "mun": 24619, "ibge": 2608107, "z": 88, "l": 1198, "nm": "ESCOLA RAUL SOARES", "nm_mun": "JOÃO ALFREDO", "aptos": 1249, "imp": 0}}, {"type": "Feature", "geometry": {"type": "Point", "coordinates": [-35.619078, -7.866526]}, "properties": {"i": 1493, "mun": 24619, "ibge": 2608107, "z": 88, "l": 1228, "nm": "GRUPO SEVERINO ALEXANDRE DA CRUZ", "nm_mun": "JOÃO ALFREDO", "aptos": 456, "imp": 0}}, {"type": "Feature", "geometry": {"type": "Point", "coordinates": [-35.550969, -7.852112]}, "properties": {"i": 1494, "mun": 24619, "ibge": 2608107, "z": 88, "l": 1244, "nm": "ESCOLA JOSE ANDRE FILHO", "nm_mun": "JOÃO ALFREDO", "aptos": 1001, "imp": 0}}, {"type": "Feature", "geometry": {"type": "Point", "coordinates": [-35.59347, -7.855668]}, "properties": {"i": 1495, "mun": 24619, "ibge": 2608107, "z": 88, "l": 1252, "nm": "ESCOLA MUNICIPAL JOSÉ PROCÓPIO CAVALCANTI", "nm_mun": "JOÃO ALFREDO", "aptos": 1589, "imp": 0}}, {"type": "Feature", "geometry": {"type": "Point", "coordinates": [-35.591462, -7.867263]}, "properties": {"i": 1496, "mun": 24619, "ibge": 2608107, "z": 88, "l": 1287, "nm": "CEMEI PROFESSORA MARIA LUCIA SOUTO GOMES DA SILVA", "nm_mun": "JOÃO ALFREDO", "aptos": 1198, "imp": 0}}, {"type": "Feature", "geometry": {"type": "Point", "coordinates": [-35.732208, -8.470572]}, "properties": {"i": 1497, "mun": 24619, "ibge": 2608107, "z": 88, "l": 1295, "nm": "FACULDADE VALE DO PAJEU", "nm_mun": "JOÃO ALFREDO", "aptos": 3129, "imp": 1}}, {"type": "Feature", "geometry": {"type": "Point", "coordinates": [-35.304758, -7.842936]}, "properties": {"i": 1498, "mun": 24619, "ibge": 2608107, "z": 88, "l": 1309, "nm": "ESCOLA MUNICIPAL GOV. MIGUEL ARRAES DE ALENCAR", "nm_mun": "JOÃO ALFREDO", "aptos": 2623, "imp": 1}}, {"type": "Feature", "geometry": {"type": "Point", "coordinates": [-35.640339, -7.863419]}, "properties": {"i": 1499, "mun": 24619, "ibge": 2608107, "z": 88, "l": 1317, "nm": "UNIDADE DE SAÚDE DA FAMÍLIA - PSF", "nm_mun": "JOÃO ALFREDO", "aptos": 780, "imp": 1}}, {"type": "Feature", "geometry": {"type": "Point", "coordinates": [-36.683317, -8.366147]}, "properties": {"i": 1500, "mun": 24619, "ibge": 2608107, "z": 88, "l": 1325, "nm": "ESTRATÉGIA SAÚDE DA FAMÍLIA - PSF", "nm_mun": "JOÃO ALFREDO", "aptos": 380, "imp": 1}}, {"type": "Feature", "geometry": {"type": "Point", "coordinates": [-35.525207, -8.625746]}, "properties": {"i": 1501, "mun": 24635, "ibge": 2608206, "z": 38, "l": 1023, "nm": "ESCOLA MUNICIPAL DE 1. E 2. GRAUS FERNANDO AUGUSTO PINTO RIBEIRO", "nm_mun": "JOAQUIM NABUCO", "aptos": 3301, "imp": 0}}, {"type": "Feature", "geometry": {"type": "Point", "coordinates": [-35.526721, -8.627809]}, "properties": {"i": 1502, "mun": 24635, "ibge": 2608206, "z": 38, "l": 1040, "nm": "ESCOLA CORONEL ALFREDO BRANDÃO", "nm_mun": "JOAQUIM NABUCO", "aptos": 2806, "imp": 0}}, {"type": "Feature", "geometry": {"type": "Point", "coordinates": [-35.53385, -8.631778]}, "properties": {"i": 1503, "mun": 24635, "ibge": 2608206, "z": 38, "l": 1074, "nm": "EREM - EDUARDO CAMPOS", "nm_mun": "JOAQUIM NABUCO", "aptos": 3707, "imp": 0}}, {"type": "Feature", "geometry": {"type": "Point", "coordinates": [-35.519942, -8.624921]}, "properties": {"i": 1504, "mun": 24635, "ibge": 2608206, "z": 38, "l": 1112, "nm": "GRUPO ESCOLAR ANTÔNIO SANTIAGO PEREIRA DA COSTA", "nm_mun": "JOAQUIM NABUCO", "aptos": 2448, "imp": 0}}, {"type": "Feature", "geometry": {"type": "Point", "coordinates": [-35.531005, -8.629254]}, "properties": {"i": 1505, "mun": 24635, "ibge": 2608206, "z": 38, "l": 1147, "nm": "ESC MUL OTACÍLIO FERREIRA DE SOUZA FILHO", "nm_mun": "JOAQUIM NABUCO", "aptos": 1873, "imp": 0}}, {"type": "Feature", "geometry": {"type": "Point", "coordinates": [-36.41846, -8.710803]}, "properties": {"i": 1506, "mun": 24651, "ibge": 2608305, "z": 92, "l": 1040, "nm": "COLÉGIO NAPOLEAO TEIXEIRA LIMA", "nm_mun": "JUPI", "aptos": 2561, "imp": 0}}, {"type": "Feature", "geometry": {"type": "Point", "coordinates": [-36.4188, -8.709633]}, "properties": {"i": 1507, "mun": 24651, "ibge": 2608305, "z": 92, "l": 1058, "nm": "ESCOLA INFANTIL OSCAR SALGUEIRO", "nm_mun": "JUPI", "aptos": 1104, "imp": 0}}, {"type": "Feature", "geometry": {"type": "Point", "coordinates": [-36.413913, -8.714486]}, "properties": {"i": 1508, "mun": 24651, "ibge": 2608305, "z": 92, "l": 1082, "nm": "ESCOLA SEBASTIAO TIAGO DE OLIVEIRA", "nm_mun": "JUPI", "aptos": 2215, "imp": 0}}, {"type": "Feature", "geometry": {"type": "Point", "coordinates": [-36.42302, -8.650446]}, "properties": {"i": 1509, "mun": 24651, "ibge": 2608305, "z": 92, "l": 1155, "nm": "ESCOLA MUNICIPAL PROF. FAUSTO CORDEIRO (VILA COLÔNIA)", "nm_mun": "JUPI", "aptos": 1007, "imp": 0}}, {"type": "Feature", "geometry": {"type": "Point", "coordinates": [-37.062179, -8.418667]}, "properties": {"i": 1510, "mun": 24651, "ibge": 2608305, "z": 92, "l": 1171, "nm": "SECRETARIA DE ASSISTÊNCIA SOCIAL", "nm_mun": "JUPI", "aptos": 342, "imp": 1}}, {"type": "Feature", "geometry": {"type": "Point", "coordinates": [-36.418332, -8.71]}, "properties": {"i": 1511, "mun": 24651, "ibge": 2608305, "z": 92, "l": 1180, "nm": "COLÉGIO NAPOLEÃO TEIXEIRA LIMA (ANEXO DR. NATALÍCIO GOMES DA SILVA)", "nm_mun": "JUPI", "aptos": 1114, "imp": 0}}, {"type": "Feature", "geometry": {"type": "Point", "coordinates": [-36.373229, -8.714296]}, "properties": {"i": 1512, "mun": 24651, "ibge": 2608305, "z": 92, "l": 1198, "nm": "ESCOLA MUNICIPAL JONAS CORREIA DE OLIVEIRA (VILA SANTA RITA)", "nm_mun": "JUPI", "aptos": 392, "imp": 0}}, {"type": "Feature", "geometry": {"type": "Point", "coordinates": [-36.417344, -8.709536]}, "properties": {"i": 1513, "mun": 24651, "ibge": 2608305, "z": 92, "l": 1210, "nm": "CRECHE MUNICIPAL DEROTEA TENÓRIO DE BRITO", "nm_mun": "JUPI", "aptos": 2432, "imp": 0}}, {"type": "Feature", "geometry": {"type": "Point", "coordinates": [-38.298706, -7.796724]}, "properties": {"i": 1514, "mun": 24651, "ibge": 2608305, "z": 92, "l": 1236, "nm": "ESCOLA ANTONIO LOPES DE ARAUJO", "nm_mun": "JUPI", "aptos": 246, "imp": 1}}, {"type": "Feature", "geometry": {"type": "Point", "coordinates": [-36.394588, -8.31895]}, "properties": {"i": 1515, "mun": 24651, "ibge": 2608305, "z": 92, "l": 1244, "nm": "1244 - NOVA CRECHE MARTA DE MOURA CAVALCANTE", "nm_mun": "JUPI", "aptos": 99, "imp": 1}}, {"type": "Feature", "geometry": {"type": "Point", "coordinates": [-38.150324, -7.938838]}, "properties": {"i": 1516, "mun": 24651, "ibge": 2608305, "z": 92, "l": 1252, "nm": "CENTRO DE CONVIVÊNCIA DO IDOSO - CCI", "nm_mun": "JUPI", "aptos": 363, "imp": 1}}, {"type": "Feature", "geometry": {"type": "Point", "coordinates": [-36.566012, -9.029331]}, "properties": {"i": 1517, "mun": 24651, "ibge": 2608305, "z": 92, "l": 1260, "nm": "CENTRO ADMINISTRATIVO MUNICIPAL", "nm_mun": "JUPI", "aptos": 1155, "imp": 1}}, {"type": "Feature", "geometry": {"type": "Point", "coordinates": [-36.138649, -8.719579]}, "properties": {"i": 1518, "mun": 24678, "ibge": 2608404, "z": 94, "l": 1023, "nm": "ESCOLA PADRE IBIAPINA", "nm_mun": "JUREMA", "aptos": 3622, "imp": 0}}, {"type": "Feature", "geometry": {"type": "Point", "coordinates": [-36.136417, -8.720391]}, "properties": {"i": 1519, "mun": 24678, "ibge": 2608404, "z": 94, "l": 1040, "nm": "GINASIO MUNICIPAL DOM CARLOS COELHO", "nm_mun": "JUREMA", "aptos": 1288, "imp": 0}}, {"type": "Feature", "geometry": {"type": "Point", "coordinates": [-36.190873, -8.76036]}, "properties": {"i": 1520, "mun": 24678, "ibge": 2608404, "z": 94, "l": 1074, "nm": "CRECHE IRENE JORDÃO DE ALMEIDA", "nm_mun": "JUREMA", "aptos": 1974, "imp": 0}}, {"type": "Feature", "geometry": {"type": "Point", "coordinates": [-36.188435, -8.759474]}, "properties": {"i": 1521, "mun": 24678, "ibge": 2608404, "z": 94, "l": 1082, "nm": "GRUPO ESCOLAR SENADOR PAULO GUERRA", "nm_mun": "JUREMA", "aptos": 2660, "imp": 0}}, {"type": "Feature", "geometry": {"type": "Point", "coordinates": [-36.135644, -8.720176]}, "properties": {"i": 1522, "mun": 24678, "ibge": 2608404, "z": 94, "l": 1112, "nm": "ESCOLA PADRE ANTONIO BARBOSA JUNIOR", "nm_mun": "JUREMA", "aptos": 2842, "imp": 0}}, {"type": "Feature", "geometry": {"type": "Point", "coordinates": [-35.292146, -7.933895]}, "properties": {"i": 1523, "mun": 24694, "ibge": 2608503, "z": 135, "l": 1058, "nm": "GINASIO MUNICIPAL JOAO VIEIRA BEZERRA", "nm_mun": "LAGOA DE ITAENGA", "aptos": 3148, "imp": 0}}, {"type": "Feature", "geometry": {"type": "Point", "coordinates": [-35.290511, -7.936023]}, "properties": {"i": 1524, "mun": 24694, "ibge": 2608503, "z": 135, "l": 1074, "nm": "ITA CLUBE MUNICIPAL", "nm_mun": "LAGOA DE ITAENGA", "aptos": 1401, "imp": 0}}, {"type": "Feature", "geometry": {"type": "Point", "coordinates": [-35.290901, -7.935583]}, "properties": {"i": 1525, "mun": 24694, "ibge": 2608503, "z": 135, "l": 1139, "nm": "ESCOLA MUNICIPAL TEREZA DE JESUS DO NASCIMENTO", "nm_mun": "LAGOA DE ITAENGA", "aptos": 2772, "imp": 0}}, {"type": "Feature", "geometry": {"type": "Point", "coordinates": [-35.294437, -7.922733]}, "properties": {"i": 1526, "mun": 24694, "ibge": 2608503, "z": 135, "l": 1147, "nm": "ESCOLA MUNICIPAL MARIA ANUNCIADA DE ARAUJO", "nm_mun": "LAGOA DE ITAENGA", "aptos": 1187, "imp": 0}}, {"type": "Feature", "geometry": {"type": "Point", "coordinates": [-35.282277, -7.93148]}, "properties": {"i": 1527, "mun": 24694, "ibge": 2608503, "z": 135, "l": 1171, "nm": "ESCOLA JOAQUIM BARROS FILHO", "nm_mun": "LAGOA DE ITAENGA", "aptos": 776, "imp": 0}}, {"type": "Feature", "geometry": {"type": "Point", "coordinates": [-35.385704, -8.582816]}, "properties": {"i": 1528, "mun": 24694, "ibge": 2608503, "z": 135, "l": 1201, "nm": "CRECHE PROINFÂNCIA JOÃO CAITANO DA SILVA", "nm_mun": "LAGOA DE ITAENGA", "aptos": 3091, "imp": 1}}, {"type": "Feature", "geometry": {"type": "Point", "coordinates": [-36.195025, -8.882836]}, "properties": {"i": 1529, "mun": 24694, "ibge": 2608503, "z": 135, "l": 1210, "nm": "NOVA ESCOLA TRISTÃO FERREIRA BESSA", "nm_mun": "LAGOA DE ITAENGA", "aptos": 6128, "imp": 1}}, {"type": "Feature", "geometry": {"type": "Point", "coordinates": [-36.432324, -9.156942]}, "properties": {"i": 1530, "mun": 24716, "ibge": 2608602, "z": 59, "l": 1040, "nm": "ESCOLA INTERMEDIÁRIA APOLINÁRIO DANTAS TEIXEIRA", "nm_mun": "LAGOA DO OURO", "aptos": 1014, "imp": 0}}, {"type": "Feature", "geometry": {"type": "Point", "coordinates": [-36.478339, -9.198977]}, "properties": {"i": 1531, "mun": 24716, "ibge": 2608602, "z": 59, "l": 1058, "nm": "ESCOLA INTERMEDIÁRIA PETRONÍLIA ALVES DE CARVALHO", "nm_mun": "LAGOA DO OURO", "aptos": 1455, "imp": 0}}, {"type": "Feature", "geometry": {"type": "Point", "coordinates": [-36.477952, -9.199333]}, "properties": {"i": 1532, "mun": 24716, "ibge": 2608602, "z": 59, "l": 1082, "nm": "ESCOLA CORONEL JOSÉ ALVES SOBRINHO", "nm_mun": "LAGOA DO OURO", "aptos": 514, "imp": 0}}, {"type": "Feature", "geometry": {"type": "Point", "coordinates": [-36.457321, -9.125616]}, "properties": {"i": 1533, "mun": 24716, "ibge": 2608602, "z": 59, "l": 1090, "nm": "GRUPO ESCOLAR ABÍLIO MONTEIRO", "nm_mun": "LAGOA DO OURO", "aptos": 3001, "imp": 0}}, {"type": "Feature", "geometry": {"type": "Point", "coordinates": [-36.458805, -9.127163]}, "properties": {"i": 1534, "mun": 24716, "ibge": 2608602, "z": 59, "l": 1120, "nm": "GINÁSIO MUNICIPAL JANDIRA PEDROSA", "nm_mun": "LAGOA DO OURO", "aptos": 6076, "imp": 0}}, {"type": "Feature", "geometry": {"type": "Point", "coordinates": [-35.905758, -8.655222]}, "properties": {"i": 1535, "mun": 24732, "ibge": 2608701, "z": 86, "l": 1015, "nm": "COLÉGIO CENECISTA MANOEL FERREIRA", "nm_mun": "LAGOA DOS GATOS", "aptos": 1831, "imp": 0}}, {"type": "Feature", "geometry": {"type": "Point", "coordinates": [-35.905139, -8.658155]}, "properties": {"i": 1536, "mun": 24732, "ibge": 2608701, "z": 86, "l": 1023, "nm": "COLÉGIO MUNICIPAL CORDEIRO FILHO", "nm_mun": "LAGOA DOS GATOS", "aptos": 2552, "imp": 0}}, {"type": "Feature", "geometry": {"type": "Point", "coordinates": [-35.905092, -8.651196]}, "properties": {"i": 1537, "mun": 24732, "ibge": 2608701, "z": 86, "l": 1031, "nm": "ESCOLA MUNICIPAL JOÃO CORREIA", "nm_mun": "LAGOA DOS GATOS", "aptos": 1496, "imp": 0}}, {"type": "Feature", "geometry": {"type": "Point", "coordinates": [-35.903251, -8.65316]}, "properties": {"i": 1538, "mun": 24732, "ibge": 2608701, "z": 86, "l": 1040, "nm": "COLÉGIO ESTADUAL PROF. MANOEL EDMUNDO", "nm_mun": "LAGOA DOS GATOS", "aptos": 2624, "imp": 0}}, {"type": "Feature", "geometry": {"type": "Point", "coordinates": [-35.956172, -8.678583]}, "properties": {"i": 1539, "mun": 24732, "ibge": 2608701, "z": 86, "l": 1066, "nm": "ESCOLA MUNICIPAL MANOEL LOPES SOBRINHO", "nm_mun": "LAGOA DOS GATOS", "aptos": 831, "imp": 0}}, {"type": "Feature", "geometry": {"type": "Point", "coordinates": [-35.91009, -8.623266]}, "properties": {"i": 1540, "mun": 24732, "ibge": 2608701, "z": 86, "l": 1082, "nm": "GRUPO ESCOLAR JOSÉ PEDRO DE ASSUNÇÃO", "nm_mun": "LAGOA DOS GATOS", "aptos": 684, "imp": 0}}, {"type": "Feature", "geometry": {"type": "Point", "coordinates": [-35.927574, -8.675061]}, "properties": {"i": 1541, "mun": 24732, "ibge": 2608701, "z": 86, "l": 1090, "nm": "ESCOLA MUNICIPAL GENUINO LARANJEIRA", "nm_mun": "LAGOA DOS GATOS", "aptos": 667, "imp": 0}}, {"type": "Feature", "geometry": {"type": "Point", "coordinates": [-35.843353, -8.62535]}, "properties": {"i": 1542, "mun": 24732, "ibge": 2608701, "z": 86, "l": 1104, "nm": "ESCOLA MUNICIPAL NOSSA SENHORA DO ROSÁRIO", "nm_mun": "LAGOA DOS GATOS", "aptos": 237, "imp": 0}}, {"type": "Feature", "geometry": {"type": "Point", "coordinates": [-35.908957, -8.623193]}, "properties": {"i": 1543, "mun": 24732, "ibge": 2608701, "z": 86, "l": 1112, "nm": "POSTO DE SAÚDE ENTROCAMENTO", "nm_mun": "LAGOA DOS GATOS", "aptos": 290, "imp": 0}}, {"type": "Feature", "geometry": {"type": "Point", "coordinates": [-36.322288, -8.66005]}, "properties": {"i": 1544, "mun": 24759, "ibge": 2608800, "z": 94, "l": 1015, "nm": "COLEGIO NORMAL DE LAJEDO", "nm_mun": "LAJEDO", "aptos": 7272, "imp": 0}}, {"type": "Feature", "geometry": {"type": "Point", "coordinates": [-36.325156, -8.66187]}, "properties": {"i": 1545, "mun": 24759, "ibge": 2608800, "z": 94, "l": 1023, "nm": "ESCOLA JORNALISTA MANOEL AMARAL", "nm_mun": "LAJEDO", "aptos": 3538, "imp": 0}}, {"type": "Feature", "geometry": {"type": "Point", "coordinates": [-36.327542, -8.658454]}, "properties": {"i": 1546, "mun": 24759, "ibge": 2608800, "z": 94, "l": 1031, "nm": "CAMPEL", "nm_mun": "LAJEDO", "aptos": 2190, "imp": 0}}, {"type": "Feature", "geometry": {"type": "Point", "coordinates": [-36.320664, -8.662152]}, "properties": {"i": 1547, "mun": 24759, "ibge": 2608800, "z": 94, "l": 1058, "nm": "ESCOLA DEOLINDA AMARAL", "nm_mun": "LAJEDO", "aptos": 4337, "imp": 0}}, {"type": "Feature", "geometry": {"type": "Point", "coordinates": [-36.321425, -8.662359]}, "properties": {"i": 1548, "mun": 24759, "ibge": 2608800, "z": 94, "l": 1066, "nm": "GRUPO ESCOLAR PADRE ANTONIO BARBOSA", "nm_mun": "LAJEDO", "aptos": 2613, "imp": 0}}, {"type": "Feature", "geometry": {"type": "Point", "coordinates": [-36.288944, -8.681785]}, "properties": {"i": 1549, "mun": 24759, "ibge": 2608800, "z": 94, "l": 1082, "nm": "ESCOLA INTERMEDIARIA DOM JOAO DA MATHA", "nm_mun": "LAJEDO", "aptos": 825, "imp": 0}}, {"type": "Feature", "geometry": {"type": "Point", "coordinates": [-36.357841, -8.667521]}, "properties": {"i": 1550, "mun": 24759, "ibge": 2608800, "z": 94, "l": 1090, "nm": "GRUPO ESCOLAR JOSE NONATO DE OLIVEIRA", "nm_mun": "LAJEDO", "aptos": 646, "imp": 0}}, {"type": "Feature", "geometry": {"type": "Point", "coordinates": [-36.254813, -8.739961]}, "properties": {"i": 1551, "mun": 24759, "ibge": 2608800, "z": 94, "l": 1104, "nm": "ESCOLA INTERMEDIARIA HENRIQUE DIAS", "nm_mun": "LAJEDO", "aptos": 1001, "imp": 0}}, {"type": "Feature", "geometry": {"type": "Point", "coordinates": [-36.316652, -8.668845]}, "properties": {"i": 1552, "mun": 24759, "ibge": 2608800, "z": 94, "l": 1112, "nm": "GRUPO ESCOLAR ZELIA MOURA MELO FERREIRA", "nm_mun": "LAJEDO", "aptos": 1983, "imp": 0}}, {"type": "Feature", "geometry": {"type": "Point", "coordinates": [-36.321975, -8.653181]}, "properties": {"i": 1553, "mun": 24759, "ibge": 2608800, "z": 94, "l": 1139, "nm": "ESCOLA DOM EXPEDITO LOPES", "nm_mun": "LAJEDO", "aptos": 1976, "imp": 0}}, {"type": "Feature", "geometry": {"type": "Point", "coordinates": [-36.270128, -8.697957]}, "properties": {"i": 1554, "mun": 24759, "ibge": 2608800, "z": 94, "l": 1147, "nm": "GRUPO ESCOLAR JOSE PAULO BARBOSA", "nm_mun": "LAJEDO", "aptos": 673, "imp": 0}}, {"type": "Feature", "geometry": {"type": "Point", "coordinates": [-36.290152, -8.703649]}, "properties": {"i": 1555, "mun": 24759, "ibge": 2608800, "z": 94, "l": 1155, "nm": "GRUPO ESCOLAR MANOEL MARCELINO DO AMARAL", "nm_mun": "LAJEDO", "aptos": 568, "imp": 0}}, {"type": "Feature", "geometry": {"type": "Point", "coordinates": [-36.315649, -8.658106]}, "properties": {"i": 1556, "mun": 24759, "ibge": 2608800, "z": 94, "l": 1163, "nm": "ESCOLA MUNICIPAL CLEMENTINO FRANCISCO DE LIMA", "nm_mun": "LAJEDO", "aptos": 1909, "imp": 0}}, {"type": "Feature", "geometry": {"type": "Point", "coordinates": [-36.336329, -8.661482]}, "properties": {"i": 1557, "mun": 24759, "ibge": 2608800, "z": 94, "l": 1180, "nm": "CRECHE MUNICIPAL MENINO JESUS", "nm_mun": "LAJEDO", "aptos": 952, "imp": 0}}, {"type": "Feature", "geometry": {"type": "Point", "coordinates": [-36.311695, -8.671668]}, "properties": {"i": 1558, "mun": 24759, "ibge": 2608800, "z": 94, "l": 1201, "nm": "ESCOLA MUNICIPAL DE LAJEDO", "nm_mun": "LAJEDO", "aptos": 1989, "imp": 0}}, {"type": "Feature", "geometry": {"type": "Point", "coordinates": [-35.459202, -7.881561]}, "properties": {"i": 1559, "mun": 24775, "ibge": 2608909, "z": 24, "l": 1023, "nm": "ESCOLA SERÁFICO RICARDO", "nm_mun": "LIMOEIRO", "aptos": 2639, "imp": 0}}, {"type": "Feature", "geometry": {"type": "Point", "coordinates": [-35.448699, -7.875918]}, "properties": {"i": 1560, "mun": 24775, "ibge": 2608909, "z": 24, "l": 1112, "nm": "ESCOLA MUNICIPAL JOÃO HERÁCLIO DUARTE", "nm_mun": "LIMOEIRO", "aptos": 1469, "imp": 0}}, {"type": "Feature", "geometry": {"type": "Point", "coordinates": [-35.450612, -7.883166]}, "properties": {"i": 1561, "mun": 24775, "ibge": 2608909, "z": 24, "l": 1198, "nm": "EREM DR. SEBASTIÃO DE VASCONCELOS GALVÃO", "nm_mun": "LIMOEIRO", "aptos": 2773, "imp": 0}}, {"type": "Feature", "geometry": {"type": "Point", "coordinates": [-35.43793, -7.881411]}, "properties": {"i": 1562, "mun": 24775, "ibge": 2608909, "z": 24, "l": 1228, "nm": "EREM PROFESSORA JANDIRA DE ANDRADE LIMA (CERU)", "nm_mun": "LIMOEIRO", "aptos": 2498, "imp": 0}}, {"type": "Feature", "geometry": {"type": "Point", "coordinates": [-35.447758, -7.875951]}, "properties": {"i": 1563, "mun": 24775, "ibge": 2608909, "z": 24, "l": 1236, "nm": "ESCOLA CÔNEGO FERNANDO PASSOS", "nm_mun": "LIMOEIRO", "aptos": 4095, "imp": 0}}, {"type": "Feature", "geometry": {"type": "Point", "coordinates": [-35.448171, -7.875399]}, "properties": {"i": 1564, "mun": 24775, "ibge": 2608909, "z": 24, "l": 1252, "nm": "COLÉGIO REGINA COELI", "nm_mun": "LIMOEIRO", "aptos": 4671, "imp": 0}}, {"type": "Feature", "geometry": {"type": "Point", "coordinates": [-35.448768, -7.876679]}, "properties": {"i": 1565, "mun": 24775, "ibge": 2608909, "z": 24, "l": 1260, "nm": "ESCOLA MUNICIPAL NOSSA SENHORA DOS ANJOS", "nm_mun": "LIMOEIRO", "aptos": 1852, "imp": 0}}, {"type": "Feature", "geometry": {"type": "Point", "coordinates": [-35.443535, -7.876931]}, "properties": {"i": 1566, "mun": 24775, "ibge": 2608909, "z": 24, "l": 1279, "nm": "ESCOLA MUNICIPAL PROF. ANTONIO DE SOUZA VILAÇA", "nm_mun": "LIMOEIRO", "aptos": 1707, "imp": 0}}, {"type": "Feature", "geometry": {"type": "Point", "coordinates": [-35.442536, -7.862241]}, "properties": {"i": 1567, "mun": 24775, "ibge": 2608909, "z": 24, "l": 1295, "nm": "ESCOLA ESTADUAL PROFESSORA SUZEL GALIZA", "nm_mun": "LIMOEIRO", "aptos": 1318, "imp": 0}}, {"type": "Feature", "geometry": {"type": "Point", "coordinates": [-35.44696, -7.875426]}, "properties": {"i": 1568, "mun": 24775, "ibge": 2608909, "z": 24, "l": 1309, "nm": "EREM GINASIO DE LIMOEIRO ARTUR CORREIA DE OLIVEIRA", "nm_mun": "LIMOEIRO", "aptos": 4506, "imp": 0}}, {"type": "Feature", "geometry": {"type": "Point", "coordinates": [-35.458977, -7.881345]}, "properties": {"i": 1569, "mun": 24775, "ibge": 2608909, "z": 24, "l": 1317, "nm": "ESCOLA MUNICIPAL SALOMÃO GINSBURG", "nm_mun": "LIMOEIRO", "aptos": 717, "imp": 0}}, {"type": "Feature", "geometry": {"type": "Point", "coordinates": [-35.461043, -7.890151]}, "properties": {"i": 1570, "mun": 24775, "ibge": 2608909, "z": 24, "l": 1325, "nm": "ESCOLA MUNICIPAL JOSE TEOBALDO DE AZEVEDO", "nm_mun": "LIMOEIRO", "aptos": 791, "imp": 0}}, {"type": "Feature", "geometry": {"type": "Point", "coordinates": [-35.445405, -7.874333]}, "properties": {"i": 1571, "mun": 24775, "ibge": 2608909, "z": 24, "l": 1333, "nm": "GERÊNCIA REGIONAL DE EDUCAÇÃO - GRE LIMOEIRO", "nm_mun": "LIMOEIRO", "aptos": 1206, "imp": 0}}, {"type": "Feature", "geometry": {"type": "Point", "coordinates": [-35.441655, -7.861789]}, "properties": {"i": 1572, "mun": 24775, "ibge": 2608909, "z": 24, "l": 1341, "nm": "EREM AUSTRO COSTA", "nm_mun": "LIMOEIRO", "aptos": 1686, "imp": 0}}, {"type": "Feature", "geometry": {"type": "Point", "coordinates": [-35.409231, -7.85526]}, "properties": {"i": 1573, "mun": 24775, "ibge": 2608909, "z": 24, "l": 1350, "nm": "ESCOLA MUNICIPAL MANOEL MARQUES DA SILVA", "nm_mun": "LIMOEIRO", "aptos": 1536, "imp": 0}}, {"type": "Feature", "geometry": {"type": "Point", "coordinates": [-35.471015, -7.825742]}, "properties": {"i": 1574, "mun": 24775, "ibge": 2608909, "z": 24, "l": 1368, "nm": "ESCOLA MUNICIPAL MARECHAL CASTELO BRANCO", "nm_mun": "LIMOEIRO", "aptos": 2346, "imp": 0}}, {"type": "Feature", "geometry": {"type": "Point", "coordinates": [-35.413441, -7.819405]}, "properties": {"i": 1575, "mun": 24775, "ibge": 2608909, "z": 24, "l": 1376, "nm": "ESCOLA MUNICIPAL CÔNEGO DEUSDEDITH", "nm_mun": "LIMOEIRO", "aptos": 2323, "imp": 0}}, {"type": "Feature", "geometry": {"type": "Point", "coordinates": [-35.472007, -7.826282]}, "properties": {"i": 1576, "mun": 24775, "ibge": 2608909, "z": 24, "l": 1384, "nm": "ESCOLA MUNICIPAL LUIS SATIRO PEREIRA", "nm_mun": "LIMOEIRO", "aptos": 1111, "imp": 0}}, {"type": "Feature", "geometry": {"type": "Point", "coordinates": [-35.433674, -7.774928]}, "properties": {"i": 1577, "mun": 24775, "ibge": 2608909, "z": 24, "l": 1406, "nm": "ESCOLA MUNICIPAL ANTONIA VIEIRA DE MOURA", "nm_mun": "LIMOEIRO", "aptos": 858, "imp": 0}}, {"type": "Feature", "geometry": {"type": "Point", "coordinates": [-35.480013, -7.899769]}, "properties": {"i": 1578, "mun": 24775, "ibge": 2608909, "z": 24, "l": 1414, "nm": "ESCOLA MUNICIPAL SANTA LÚCIA", "nm_mun": "LIMOEIRO", "aptos": 642, "imp": 0}}, {"type": "Feature", "geometry": {"type": "Point", "coordinates": [-35.499005, -7.918757]}, "properties": {"i": 1579, "mun": 24775, "ibge": 2608909, "z": 24, "l": 1422, "nm": "ESCOLA MUNICIPAL ALUÍSIO DE AQUINO E SILVA", "nm_mun": "LIMOEIRO", "aptos": 729, "imp": 0}}, {"type": "Feature", "geometry": {"type": "Point", "coordinates": [-35.442149, -7.879017]}, "properties": {"i": 1580, "mun": 24775, "ibge": 2608909, "z": 24, "l": 1430, "nm": "ESCOLA MUNICIPAL OTAVIANO BASILIO HERACLIO DO REGO", "nm_mun": "LIMOEIRO", "aptos": 1264, "imp": 0}}, {"type": "Feature", "geometry": {"type": "Point", "coordinates": [-35.010055, -7.563035]}, "properties": {"i": 1581, "mun": 24775, "ibge": 2608909, "z": 24, "l": 1449, "nm": "INSTITUTO PE. LUIS CECCHIN", "nm_mun": "LIMOEIRO", "aptos": 1772, "imp": 1}}, {"type": "Feature", "geometry": {"type": "Point", "coordinates": [-34.976747, -8.01194]}, "properties": {"i": 1582, "mun": 24775, "ibge": 2608909, "z": 24, "l": 1457, "nm": "FACAL - FACULDADE DE CIÊNCIAS APLICADAS DE LIMOEIRO", "nm_mun": "LIMOEIRO", "aptos": 1158, "imp": 1}}, {"type": "Feature", "geometry": {"type": "Point", "coordinates": [-35.450194, -7.552305]}, "properties": {"i": 1583, "mun": 24791, "ibge": 2609006, "z": 90, "l": 1023, "nm": "ESCOLA MUNICIPAL GOV. MOURA CAVALCANTI", "nm_mun": "MACAPARANA", "aptos": 2814, "imp": 0}}, {"type": "Feature", "geometry": {"type": "Point", "coordinates": [-35.446199, -7.553845]}, "properties": {"i": 1584, "mun": 24791, "ibge": 2609006, "z": 90, "l": 1031, "nm": "ESCOLA ESTADUAL CREUSA DE FREITAS CAVALCANTI", "nm_mun": "MACAPARANA", "aptos": 3585, "imp": 0}}, {"type": "Feature", "geometry": {"type": "Point", "coordinates": [-35.452925, -7.557445]}, "properties": {"i": 1585, "mun": 24791, "ibge": 2609006, "z": 90, "l": 1040, "nm": "ESCOLA  MUNICIPAL TEREZINHA CAVALCANTI DE MELO", "nm_mun": "MACAPARANA", "aptos": 1716, "imp": 0}}, {"type": "Feature", "geometry": {"type": "Point", "coordinates": [-35.447557, -7.552784]}, "properties": {"i": 1586, "mun": 24791, "ibge": 2609006, "z": 90, "l": 1058, "nm": "ESCOLA ESTADUAL BRIGADEIRO EDUARDO GOMES", "nm_mun": "MACAPARANA", "aptos": 2846, "imp": 0}}, {"type": "Feature", "geometry": {"type": "Point", "coordinates": [-35.429073, -7.483583]}, "properties": {"i": 1587, "mun": 24791, "ibge": 2609006, "z": 90, "l": 1090, "nm": "ESCOLA MUNICIPAL JOAQUIM TAVARES VIEIRA DE MELO", "nm_mun": "MACAPARANA", "aptos": 915, "imp": 0}}, {"type": "Feature", "geometry": {"type": "Point", "coordinates": [-35.420078, -7.496604]}, "properties": {"i": 1588, "mun": 24791, "ibge": 2609006, "z": 90, "l": 1120, "nm": "ESCOLA MINIMA ANTONIO DE MORAIS ANDRADE", "nm_mun": "MACAPARANA", "aptos": 716, "imp": 0}}, {"type": "Feature", "geometry": {"type": "Point", "coordinates": [-35.498857, -7.497884]}, "properties": {"i": 1589, "mun": 24791, "ibge": 2609006, "z": 90, "l": 1155, "nm": "ESCOLA MINIMA REVERENDO ANTONIO DE CARVALHO", "nm_mun": "MACAPARANA", "aptos": 642, "imp": 0}}, {"type": "Feature", "geometry": {"type": "Point", "coordinates": [-35.498665, -7.498027]}, "properties": {"i": 1590, "mun": 24791, "ibge": 2609006, "z": 90, "l": 1163, "nm": "ESCOLA ESTADUAL ANTONIO  COUTINHO", "nm_mun": "MACAPARANA", "aptos": 1715, "imp": 0}}, {"type": "Feature", "geometry": {"type": "Point", "coordinates": [-35.49842, -7.499873]}, "properties": {"i": 1591, "mun": 24791, "ibge": 2609006, "z": 90, "l": 1171, "nm": "ESCOLA MINIMA VICENTE GOMES DE ANDRADE", "nm_mun": "MACAPARANA", "aptos": 325, "imp": 0}}, {"type": "Feature", "geometry": {"type": "Point", "coordinates": [-35.451, -7.557851]}, "properties": {"i": 1592, "mun": 24791, "ibge": 2609006, "z": 90, "l": 1201, "nm": "ESCOLA MUNICIPAL SEVERINO FRANCISCO DA SILVA", "nm_mun": "MACAPARANA", "aptos": 1874, "imp": 0}}, {"type": "Feature", "geometry": {"type": "Point", "coordinates": [-35.464804, -7.523465]}, "properties": {"i": 1593, "mun": 24791, "ibge": 2609006, "z": 90, "l": 1228, "nm": "ESCOLA MINIMA PAULO FERNANDO CAVALCANTI DE MORAIS SOBRINHO", "nm_mun": "MACAPARANA", "aptos": 444, "imp": 0}}, {"type": "Feature", "geometry": {"type": "Point", "coordinates": [-35.450013, -7.556671]}, "properties": {"i": 1594, "mun": 24791, "ibge": 2609006, "z": 90, "l": 1309, "nm": "CRECHE JOAQUINA AMORIM DA SILVA (ANITA)", "nm_mun": "MACAPARANA", "aptos": 1531, "imp": 0}}, {"type": "Feature", "geometry": {"type": "Point", "coordinates": [-35.448831, -7.548597]}, "properties": {"i": 1595, "mun": 24791, "ibge": 2609006, "z": 90, "l": 1368, "nm": "ESCOLA DE REFERÊNCIA EM ENSINO MÉDIO PROFª BENEDITA DE MORAIS GUERRA", "nm_mun": "MACAPARANA", "aptos": 937, "imp": 0}}, {"type": "Feature", "geometry": {"type": "Point", "coordinates": [-35.509057, -7.689447]}, "properties": {"i": 1596, "mun": 24813, "ibge": 2609105, "z": 88, "l": 1023, "nm": "ESCOLA SEVERINO DE ANDRADE GUERRA", "nm_mun": "MACHADOS", "aptos": 2688, "imp": 0}}, {"type": "Feature", "geometry": {"type": "Point", "coordinates": [-35.510682, -7.686787]}, "properties": {"i": 1597, "mun": 24813, "ibge": 2609105, "z": 88, "l": 1031, "nm": "ESCOLA JOAO BARBOSA DE LUCENA", "nm_mun": "MACHADOS", "aptos": 726, "imp": 0}}, {"type": "Feature", "geometry": {"type": "Point", "coordinates": [-35.515641, -7.685006]}, "properties": {"i": 1598, "mun": 24813, "ibge": 2609105, "z": 88, "l": 1040, "nm": "ESCOLA MAJOR JOAO MARQUES DE OLIVEIRA", "nm_mun": "MACHADOS", "aptos": 2018, "imp": 0}}, {"type": "Feature", "geometry": {"type": "Point", "coordinates": [-35.509512, -7.687106]}, "properties": {"i": 1599, "mun": 24813, "ibge": 2609105, "z": 88, "l": 1058, "nm": "GINASIO DE ESPORTE ALFREDO NETO", "nm_mun": "MACHADOS", "aptos": 1674, "imp": 0}}, {"type": "Feature", "geometry": {"type": "Point", "coordinates": [-35.509443, -7.687061]}, "properties": {"i": 1600, "mun": 24813, "ibge": 2609105, "z": 88, "l": 1104, "nm": "CLUBE MUNICIPAL DE MACHADOS", "nm_mun": "MACHADOS", "aptos": 977, "imp": 0}}, {"type": "Feature", "geometry": {"type": "Point", "coordinates": [-40.26947, -9.006224]}, "properties": {"i": 1601, "mun": 24813, "ibge": 2609105, "z": 88, "l": 1139, "nm": "ESCOLA SEVERINO PEDRO FERNANDES - CRECHE", "nm_mun": "MACHADOS", "aptos": 1544, "imp": 1}}, {"type": "Feature", "geometry": {"type": "Point", "coordinates": [-35.228218, -7.75285]}, "properties": {"i": 1602, "mun": 24813, "ibge": 2609105, "z": 88, "l": 1147, "nm": "ESCOLA MUNICIPAL Mª ALBUQUERQUE PIMENTEL", "nm_mun": "MACHADOS", "aptos": 1505, "imp": 1}}, {"type": "Feature", "geometry": {"type": "Point", "coordinates": [-35.811951, -8.783542]}, "properties": {"i": 1603, "mun": 24830, "ibge": 2609204, "z": 43, "l": 1015, "nm": "CÂMARA MUNICIPAL DE VEREADORES", "nm_mun": "MARAIAL", "aptos": 913, "imp": 0}}, {"type": "Feature", "geometry": {"type": "Point", "coordinates": [-35.811724, -8.782691]}, "properties": {"i": 1604, "mun": 24830, "ibge": 2609204, "z": 43, "l": 1023, "nm": "ESCOLA MUNICIPAL FÁBIO CORREIA", "nm_mun": "MARAIAL", "aptos": 2123, "imp": 0}}, {"type": "Feature", "geometry": {"type": "Point", "coordinates": [-35.740982, -8.891451]}, "properties": {"i": 1605, "mun": 24830, "ibge": 2609204, "z": 43, "l": 1074, "nm": "ESCOLA MUN. CARLOS REGIS DE ANDRADE", "nm_mun": "MARAIAL", "aptos": 896, "imp": 0}}, {"type": "Feature", "geometry": {"type": "Point", "coordinates": [-35.809222, -8.778512]}, "properties": {"i": 1606, "mun": 24830, "ibge": 2609204, "z": 43, "l": 1090, "nm": "FÓRUM DA COMARCA DE MARAIAL", "nm_mun": "MARAIAL", "aptos": 667, "imp": 0}}, {"type": "Feature", "geometry": {"type": "Point", "coordinates": [-35.748476, -8.884147]}, "properties": {"i": 1607, "mun": 24830, "ibge": 2609204, "z": 43, "l": 1155, "nm": "ESCOLA MUN. BENVINDO MACIEL", "nm_mun": "MARAIAL", "aptos": 641, "imp": 0}}, {"type": "Feature", "geometry": {"type": "Point", "coordinates": [-35.811865, -8.78403]}, "properties": {"i": 1608, "mun": 24830, "ibge": 2609204, "z": 43, "l": 1163, "nm": "CRAS - CENTRO DE REFERÊNCIA DE ASSISTÊNCIA SOCIAL", "nm_mun": "MARAIAL", "aptos": 721, "imp": 0}}, {"type": "Feature", "geometry": {"type": "Point", "coordinates": [-35.813048, -8.783108]}, "properties": {"i": 1609, "mun": 24830, "ibge": 2609204, "z": 43, "l": 1180, "nm": "ESCOLA ESTADUAL FABIO DA SILVEIRA BARROS", "nm_mun": "MARAIAL", "aptos": 2050, "imp": 0}}, {"type": "Feature", "geometry": {"type": "Point", "coordinates": [-38.731063, -8.123446]}, "properties": {"i": 1610, "mun": 24856, "ibge": 2609303, "z": 69, "l": 1015, "nm": "ESCOLA ANDRE NUNES", "nm_mun": "MIRANDIBA", "aptos": 1838, "imp": 0}}, {"type": "Feature", "geometry": {"type": "Point", "coordinates": [-38.723246, -8.114172]}, "properties": {"i": 1611, "mun": 24856, "ibge": 2609303, "z": 69, "l": 1023, "nm": "ESCOLA FRANCISCO PIRES", "nm_mun": "MIRANDIBA", "aptos": 3665, "imp": 0}}, {"type": "Feature", "geometry": {"type": "Point", "coordinates": [-38.804008, -8.018791]}, "properties": {"i": 1612, "mun": 24856, "ibge": 2609303, "z": 69, "l": 1040, "nm": "GRUPO ESCOLAR FRANCISCO CARVALHO", "nm_mun": "MIRANDIBA", "aptos": 1469, "imp": 0}}, {"type": "Feature", "geometry": {"type": "Point", "coordinates": [-38.728568, -8.121054]}, "properties": {"i": 1613, "mun": 24856, "ibge": 2609303, "z": 69, "l": 1082, "nm": "ESCOLA ESPEDITO LOPES", "nm_mun": "MIRANDIBA", "aptos": 2460, "imp": 0}}, {"type": "Feature", "geometry": {"type": "Point", "coordinates": [-40.324608, -8.239761]}, "properties": {"i": 1614, "mun": 24856, "ibge": 2609303, "z": 69, "l": 1112, "nm": "CRECHE MARIA DAS GRAÇAS DE CARVALHO LEÃO", "nm_mun": "MIRANDIBA", "aptos": 1093, "imp": 1}}, {"type": "Feature", "geometry": {"type": "Point", "coordinates": [-40.588429, -9.456007]}, "properties": {"i": 1615, "mun": 24856, "ibge": 2609303, "z": 69, "l": 1120, "nm": "ESCOLA FRANCISCO DE ASSIS BARBOSA", "nm_mun": "MIRANDIBA", "aptos": 980, "imp": 1}}, {"type": "Feature", "geometry": {"type": "Point", "coordinates": [-39.773312, -8.012875]}, "properties": {"i": 1616, "mun": 24856, "ibge": 2609303, "z": 69, "l": 1139, "nm": "ESCOLA MUNICIPAL FRANCISCO BERNARDINO DE SÁ CARVALHO", "nm_mun": "MIRANDIBA", "aptos": 488, "imp": 1}}, {"type": "Feature", "geometry": {"type": "Point", "coordinates": [-35.090978, -8.115039]}, "properties": {"i": 1617, "mun": 24872, "ibge": 2609402, "z": 14, "l": 1015, "nm": "ESCOLA AUREA DA CUNHA E SOUZA", "nm_mun": "MORENO", "aptos": 1188, "imp": 0}}, {"type": "Feature", "geometry": {"type": "Point", "coordinates": [-35.097909, -8.119223]}, "properties": {"i": 1618, "mun": 24872, "ibge": 2609402, "z": 14, "l": 1023, "nm": "ESCOLA CARDEAL DOM JAIME CAMARA", "nm_mun": "MORENO", "aptos": 3331, "imp": 0}}, {"type": "Feature", "geometry": {"type": "Point", "coordinates": [-35.106608, -8.118079]}, "properties": {"i": 1619, "mun": 24872, "ibge": 2609402, "z": 14, "l": 1040, "nm": "CRAS -CENTRO DE REFERENCIA DA ASSISTÊNCIA SOCIAL- ANTIGO DISNEYLANDIA", "nm_mun": "MORENO", "aptos": 1829, "imp": 0}}, {"type": "Feature", "geometry": {"type": "Point", "coordinates": [-35.103097, -8.11733]}, "properties": {"i": 1620, "mun": 24872, "ibge": 2609402, "z": 14, "l": 1058, "nm": "ELZA PEREIRA DE LIMA", "nm_mun": "MORENO", "aptos": 2664, "imp": 0}}, {"type": "Feature", "geometry": {"type": "Point", "coordinates": [-35.105374, -8.117771]}, "properties": {"i": 1621, "mun": 24872, "ibge": 2609402, "z": 14, "l": 1066, "nm": "GRUPO ESCOLAR SOFRONIO PORTELA", "nm_mun": "MORENO", "aptos": 5020, "imp": 0}}, {"type": "Feature", "geometry": {"type": "Point", "coordinates": [-35.087608, -8.115667]}, "properties": {"i": 1622, "mun": 24872, "ibge": 2609402, "z": 14, "l": 1074, "nm": "ESCOLA MUNICIPAL PROFESSORA SEVY ROCHA", "nm_mun": "MORENO", "aptos": 1893, "imp": 0}}, {"type": "Feature", "geometry": {"type": "Point", "coordinates": [-35.106089, -8.118588]}, "properties": {"i": 1623, "mun": 24872, "ibge": 2609402, "z": 14, "l": 1082, "nm": "GRUPO MUNICIPAL BALTAZAR MORENO", "nm_mun": "MORENO", "aptos": 3857, "imp": 0}}, {"type": "Feature", "geometry": {"type": "Point", "coordinates": [-35.195458, -8.105729]}, "properties": {"i": 1624, "mun": 24872, "ibge": 2609402, "z": 14, "l": 1139, "nm": "GRUPO ESCOLAR EDSON REGIS", "nm_mun": "MORENO", "aptos": 2040, "imp": 0}}, {"type": "Feature", "geometry": {"type": "Point", "coordinates": [-35.188431, -8.10835]}, "properties": {"i": 1625, "mun": 24872, "ibge": 2609402, "z": 14, "l": 1147, "nm": "GRUPO MUNICIPAL WILSON BERNARDINO", "nm_mun": "MORENO", "aptos": 1188, "imp": 0}}, {"type": "Feature", "geometry": {"type": "Point", "coordinates": [-35.187699, -8.108529]}, "properties": {"i": 1626, "mun": 24872, "ibge": 2609402, "z": 14, "l": 1155, "nm": "ESCOLA MUNICIPAL GERSON CARNEIRO", "nm_mun": "MORENO", "aptos": 1189, "imp": 0}}, {"type": "Feature", "geometry": {"type": "Point", "coordinates": [-35.195458, -8.105729]}, "properties": {"i": 1627, "mun": 24872, "ibge": 2609402, "z": 14, "l": 1163, "nm": "ESCOLA ESTADUAL MARIA DO CEU BANDEIRA", "nm_mun": "MORENO", "aptos": 2484, "imp": 0}}, {"type": "Feature", "geometry": {"type": "Point", "coordinates": [-35.099394, -8.113465]}, "properties": {"i": 1628, "mun": 24872, "ibge": 2609402, "z": 14, "l": 1171, "nm": "ESCOLA MUNICIPAL ARGEMIRO NEPOMUCENO", "nm_mun": "MORENO", "aptos": 1373, "imp": 0}}, {"type": "Feature", "geometry": {"type": "Point", "coordinates": [-35.093034, -8.118651]}, "properties": {"i": 1629, "mun": 24872, "ibge": 2609402, "z": 14, "l": 1180, "nm": "ESCOLA ESTADUAL ARTHUR MENDONCA", "nm_mun": "MORENO", "aptos": 2764, "imp": 0}}, {"type": "Feature", "geometry": {"type": "Point", "coordinates": [-35.195353, -8.109656]}, "properties": {"i": 1630, "mun": 24872, "ibge": 2609402, "z": 14, "l": 1198, "nm": "ESCOLA CINCO DE JULHO", "nm_mun": "MORENO", "aptos": 1770, "imp": 0}}, {"type": "Feature", "geometry": {"type": "Point", "coordinates": [-35.089214, -8.116013]}, "properties": {"i": 1631, "mun": 24872, "ibge": 2609402, "z": 14, "l": 1201, "nm": "ESCOLA IMACULADA CONCEICAO", "nm_mun": "MORENO", "aptos": 1510, "imp": 0}}, {"type": "Feature", "geometry": {"type": "Point", "coordinates": [-35.091396, -8.123651]}, "properties": {"i": 1632, "mun": 24872, "ibge": 2609402, "z": 14, "l": 1210, "nm": "ESCOLA MUNICIPAL OTONIEL LOPES", "nm_mun": "MORENO", "aptos": 1591, "imp": 0}}, {"type": "Feature", "geometry": {"type": "Point", "coordinates": [-35.102367, -8.122998]}, "properties": {"i": 1633, "mun": 24872, "ibge": 2609402, "z": 14, "l": 1228, "nm": "ESCOLA MUNICIPAL PROFESSORA NOEMI GUERRA", "nm_mun": "MORENO", "aptos": 1738, "imp": 0}}, {"type": "Feature", "geometry": {"type": "Point", "coordinates": [-35.108626, -8.116791]}, "properties": {"i": 1634, "mun": 24872, "ibge": 2609402, "z": 14, "l": 1236, "nm": "QUADRA DO COLÉGIO BALTAZAR (GINÁSIO ZEZO BERNARDO)", "nm_mun": "MORENO", "aptos": 1581, "imp": 0}}, {"type": "Feature", "geometry": {"type": "Point", "coordinates": [-35.09938, -8.118192]}, "properties": {"i": 1635, "mun": 24872, "ibge": 2609402, "z": 14, "l": 1244, "nm": "SALAO PAROQUIAL DA IGREJA IMACULADA CONCEICAO", "nm_mun": "MORENO", "aptos": 905, "imp": 0}}, {"type": "Feature", "geometry": {"type": "Point", "coordinates": [-35.092855, -8.117278]}, "properties": {"i": 1636, "mun": 24872, "ibge": 2609402, "z": 14, "l": 1252, "nm": "SERVIÇO SOCIAL DA INDÚSTRIA - SESI  - UNIDADE MORENO-PE", "nm_mun": "MORENO", "aptos": 3084, "imp": 0}}, {"type": "Feature", "geometry": {"type": "Point", "coordinates": [-35.098807, -8.125106]}, "properties": {"i": 1637, "mun": 24872, "ibge": 2609402, "z": 14, "l": 1279, "nm": "ESCOLA MUNICIPAL PROFESSORA JOSEFA ALVES", "nm_mun": "MORENO", "aptos": 1113, "imp": 0}}, {"type": "Feature", "geometry": {"type": "Point", "coordinates": [-35.086835, -8.120792]}, "properties": {"i": 1638, "mun": 24872, "ibge": 2609402, "z": 14, "l": 1287, "nm": "ESCOLA MUNICIPAL PROFESSORA AUTA DE FRANÇA LINS", "nm_mun": "MORENO", "aptos": 980, "imp": 0}}, {"type": "Feature", "geometry": {"type": "Point", "coordinates": [-35.038682, -7.995303]}, "properties": {"i": 1639, "mun": 24872, "ibge": 2609402, "z": 14, "l": 1325, "nm": "ESTAÇÃO DA CULTURA DE MORENO(ANTIGA ESTAÇÃO FERROVIÁRIA)", "nm_mun": "MORENO", "aptos": 2293, "imp": 1}}, {"type": "Feature", "geometry": {"type": "Point", "coordinates": [-35.112909, -8.594001]}, "properties": {"i": 1640, "mun": 24872, "ibge": 2609402, "z": 14, "l": 1333, "nm": "CRAS - BONANÇA", "nm_mun": "MORENO", "aptos": 1449, "imp": 1}}, {"type": "Feature", "geometry": {"type": "Point", "coordinates": [-35.223021, -7.741066]}, "properties": {"i": 1641, "mun": 24899, "ibge": 2609501, "z": 23, "l": 1082, "nm": "ESCOLA DOM CARLOS COELHO", "nm_mun": "NAZARÉ DA MATA", "aptos": 3145, "imp": 0}}, {"type": "Feature", "geometry": {"type": "Point", "coordinates": [-35.227735, -7.742709]}, "properties": {"i": 1642, "mun": 24899, "ibge": 2609501, "z": 23, "l": 1090, "nm": "ESCOLA MACIEL MONTEIRO", "nm_mun": "NAZARÉ DA MATA", "aptos": 1245, "imp": 0}}, {"type": "Feature", "geometry": {"type": "Point", "coordinates": [-35.230122, -7.742364]}, "properties": {"i": 1643, "mun": 24899, "ibge": 2609501, "z": 23, "l": 1112, "nm": "COLÉGIO DE APLICAÇÃO DE NAZARÉ DA MATA", "nm_mun": "NAZARÉ DA MATA", "aptos": 3424, "imp": 0}}, {"type": "Feature", "geometry": {"type": "Point", "coordinates": [-35.226092, -7.739492]}, "properties": {"i": 1644, "mun": 24899, "ibge": 2609501, "z": 23, "l": 1180, "nm": "COLEGIO MUNICIPAL DOM MOTA", "nm_mun": "NAZARÉ DA MATA", "aptos": 3283, "imp": 0}}, {"type": "Feature", "geometry": {"type": "Point", "coordinates": [-35.223729, -7.742165]}, "properties": {"i": 1645, "mun": 24899, "ibge": 2609501, "z": 23, "l": 1198, "nm": "ESCOLA IRMÃ GUERRA", "nm_mun": "NAZARÉ DA MATA", "aptos": 928, "imp": 0}}, {"type": "Feature", "geometry": {"type": "Point", "coordinates": [-35.233088, -7.74566]}, "properties": {"i": 1646, "mun": 24899, "ibge": 2609501, "z": 23, "l": 1201, "nm": "ESCOLA ESTADUAL DON VIEIRA", "nm_mun": "NAZARÉ DA MATA", "aptos": 3906, "imp": 0}}, {"type": "Feature", "geometry": {"type": "Point", "coordinates": [-35.219352, -7.732095]}, "properties": {"i": 1647, "mun": 24899, "ibge": 2609501, "z": 23, "l": 1210, "nm": "ESCOLA DOM RICARDO VILELA", "nm_mun": "NAZARÉ DA MATA", "aptos": 1462, "imp": 0}}, {"type": "Feature", "geometry": {"type": "Point", "coordinates": [-35.223502, -7.741607]}, "properties": {"i": 1648, "mun": 24899, "ibge": 2609501, "z": 23, "l": 1228, "nm": "ESCOLA MUNICIPAL NATÉRCIA AZEVEDO", "nm_mun": "NAZARÉ DA MATA", "aptos": 617, "imp": 0}}, {"type": "Feature", "geometry": {"type": "Point", "coordinates": [-35.232772, -7.743203]}, "properties": {"i": 1649, "mun": 24899, "ibge": 2609501, "z": 23, "l": 1236, "nm": "ESCOLA MUNICIPAL MONSENHOR CALÁBRIA", "nm_mun": "NAZARÉ DA MATA", "aptos": 1062, "imp": 0}}, {"type": "Feature", "geometry": {"type": "Point", "coordinates": [-35.234863, -7.746332]}, "properties": {"i": 1650, "mun": 24899, "ibge": 2609501, "z": 23, "l": 1244, "nm": "ESCOLA MUNICIPAL TANCREDO NEVES", "nm_mun": "NAZARÉ DA MATA", "aptos": 1819, "imp": 0}}, {"type": "Feature", "geometry": {"type": "Point", "coordinates": [-35.228218, -7.75285]}, "properties": {"i": 1651, "mun": 24899, "ibge": 2609501, "z": 23, "l": 1252, "nm": "ESCOLA MUNICIPAL TORQUATO FERREIRA LIMA", "nm_mun": "NAZARÉ DA MATA", "aptos": 1599, "imp": 0}}, {"type": "Feature", "geometry": {"type": "Point", "coordinates": [-35.222761, -7.747712]}, "properties": {"i": 1652, "mun": 24899, "ibge": 2609501, "z": 23, "l": 1260, "nm": "FACULDADE DE FORMAÇÃO PROFESSORES -CAMPUS NAZARÉ DA MATA", "nm_mun": "NAZARÉ DA MATA", "aptos": 1017, "imp": 0}}, {"type": "Feature", "geometry": {"type": "Point", "coordinates": [-35.234668, -7.749328]}, "properties": {"i": 1653, "mun": 24899, "ibge": 2609501, "z": 23, "l": 1279, "nm": "ESCOLA CAPITÃO PLÍNIO DE SOUZA MONTEIRO", "nm_mun": "NAZARÉ DA MATA", "aptos": 1355, "imp": 0}}, {"type": "Feature", "geometry": {"type": "Point", "coordinates": [-35.224107, -7.739717]}, "properties": {"i": 1654, "mun": 24899, "ibge": 2609501, "z": 23, "l": 1287, "nm": "ESCOLA MUNICIPAL DOM CARLOS COELHO - POSTO DONA NATÉRCIA", "nm_mun": "NAZARÉ DA MATA", "aptos": 524, "imp": 0}}, {"type": "Feature", "geometry": {"type": "Point", "coordinates": [-39.181654, -8.067308]}, "properties": {"i": 1655, "mun": 24899, "ibge": 2609501, "z": 23, "l": 1309, "nm": "ESCOLA MUNICIPAL HENRIQUE FLORIANO COUTINHO", "nm_mun": "NAZARÉ DA MATA", "aptos": 320, "imp": 1}}, {"type": "Feature", "geometry": {"type": "Point", "coordinates": [-34.839753, -7.999495]}, "properties": {"i": 1656, "mun": 24910, "ibge": 2609600, "z": 10, "l": 1074, "nm": "CENTRO UNIVERSITÁRIO UNINOVO - FACOTTUR", "nm_mun": "OLINDA", "aptos": 2206, "imp": 0}}, {"type": "Feature", "geometry": {"type": "Point", "coordinates": [-34.843422, -7.997377]}, "properties": {"i": 1657, "mun": 24910, "ibge": 2609600, "z": 10, "l": 1082, "nm": "COLÉGIO IMACULADO CORAÇÃO DE MARIA", "nm_mun": "OLINDA", "aptos": 9067, "imp": 0}}, {"type": "Feature", "geometry": {"type": "Point", "coordinates": [-34.841924, -7.997583]}, "properties": {"i": 1658, "mun": 24910, "ibge": 2609600, "z": 10, "l": 1090, "nm": "COLÉGIO PINTOR MANOEL BANDEIRA", "nm_mun": "OLINDA", "aptos": 3072, "imp": 0}}, {"type": "Feature", "geometry": {"type": "Point", "coordinates": [-34.83719, -7.972858]}, "properties": {"i": 1659, "mun": 24910, "ibge": 2609600, "z": 10, "l": 1147, "nm": "COLÉGIO SOUZA LEÃO", "nm_mun": "OLINDA", "aptos": 6877, "imp": 0}}, {"type": "Feature", "geometry": {"type": "Point", "coordinates": [-34.838362, -7.986395]}, "properties": {"i": 1660, "mun": 24910, "ibge": 2609600, "z": 10, "l": 1155, "nm": "COLÉGIO DOM", "nm_mun": "OLINDA", "aptos": 10094, "imp": 0}}, {"type": "Feature", "geometry": {"type": "Point", "coordinates": [-34.837905, -7.987358]}, "properties": {"i": 1661, "mun": 24910, "ibge": 2609600, "z": 10, "l": 1163, "nm": "COLÉGIO PLENO", "nm_mun": "OLINDA", "aptos": 2473, "imp": 0}}, {"type": "Feature", "geometry": {"type": "Point", "coordinates": [-34.856395, -7.9654]}, "properties": {"i": 1662, "mun": 24910, "ibge": 2609600, "z": 10, "l": 1171, "nm": "ESCOLA JOÃO MATOS GUIMARÃES", "nm_mun": "OLINDA", "aptos": 5645, "imp": 0}}, {"type": "Feature", "geometry": {"type": "Point", "coordinates": [-34.844753, -7.959615]}, "properties": {"i": 1663, "mun": 24910, "ibge": 2609600, "z": 10, "l": 1180, "nm": "COLÉGIO E CURSO UNIVERSO", "nm_mun": "OLINDA", "aptos": 3449, "imp": 0}}, {"type": "Feature", "geometry": {"type": "Point", "coordinates": [-34.850888, -7.961505]}, "properties": {"i": 1664, "mun": 24910, "ibge": 2609600, "z": 10, "l": 1198, "nm": "ESCOLA DOM PEDRO BANDEIRA DE MELO", "nm_mun": "OLINDA", "aptos": 3925, "imp": 0}}, {"type": "Feature", "geometry": {"type": "Point", "coordinates": [-34.84536, -7.963425]}, "properties": {"i": 1665, "mun": 24910, "ibge": 2609600, "z": 10, "l": 1201, "nm": "ESCOLA PROFESSOR ERNESTO SILVA", "nm_mun": "OLINDA", "aptos": 4234, "imp": 0}}, {"type": "Feature", "geometry": {"type": "Point", "coordinates": [-34.849305, -7.967593]}, "properties": {"i": 1666, "mun": 24910, "ibge": 2609600, "z": 10, "l": 1210, "nm": "ESCOLA JERÔNIMO DE ALBUQUERQUE", "nm_mun": "OLINDA", "aptos": 4628, "imp": 0}}, {"type": "Feature", "geometry": {"type": "Point", "coordinates": [-34.839907, -7.963265]}, "properties": {"i": 1667, "mun": 24910, "ibge": 2609600, "z": 10, "l": 1228, "nm": "ESCOLA MUNICIPAL MONTE CASTELO", "nm_mun": "OLINDA", "aptos": 2394, "imp": 0}}, {"type": "Feature", "geometry": {"type": "Point", "coordinates": [-34.844278, -7.961115]}, "properties": {"i": 1668, "mun": 24910, "ibge": 2609600, "z": 10, "l": 1236, "nm": "ESCOLA PROFESSORA IZABEL BURITY", "nm_mun": "OLINDA", "aptos": 1879, "imp": 0}}, {"type": "Feature", "geometry": {"type": "Point", "coordinates": [-34.84057, -7.970722]}, "properties": {"i": 1669, "mun": 24910, "ibge": 2609600, "z": 10, "l": 1244, "nm": "ESCOLA DE REFERÊNCIA EM ENSINO MÉDIO SANTA ANA", "nm_mun": "OLINDA", "aptos": 4877, "imp": 0}}, {"type": "Feature", "geometry": {"type": "Point", "coordinates": [-34.839887, -7.971038]}, "properties": {"i": 1670, "mun": 24910, "ibge": 2609600, "z": 10, "l": 1252, "nm": "ESCOLA PROFESSORA INÊS BORBA", "nm_mun": "OLINDA", "aptos": 2591, "imp": 0}}, {"type": "Feature", "geometry": {"type": "Point", "coordinates": [-34.836643, -7.963477]}, "properties": {"i": 1671, "mun": 24910, "ibge": 2609600, "z": 10, "l": 1260, "nm": "GRUPO ESCOLAR ANTÔNIO SOUTO FILHO", "nm_mun": "OLINDA", "aptos": 3166, "imp": 0}}, {"type": "Feature", "geometry": {"type": "Point", "coordinates": [-34.847088, -7.97511]}, "properties": {"i": 1672, "mun": 24910, "ibge": 2609600, "z": 10, "l": 1279, "nm": "COLÉGIO SANTA EMÍLIA", "nm_mun": "OLINDA", "aptos": 6235, "imp": 0}}, {"type": "Feature", "geometry": {"type": "Point", "coordinates": [-34.842993, -8.008085]}, "properties": {"i": 1673, "mun": 24910, "ibge": 2609600, "z": 10, "l": 1287, "nm": "ESCOLA MUNICIPAL DONA BRITES DE ALBUQUERQUE", "nm_mun": "OLINDA", "aptos": 1045, "imp": 0}}, {"type": "Feature", "geometry": {"type": "Point", "coordinates": [-34.844171, -7.969452]}, "properties": {"i": 1674, "mun": 24910, "ibge": 2609600, "z": 10, "l": 1309, "nm": "ESCOLA MUNICIPAL GREGÓRIO BEZERRA", "nm_mun": "OLINDA", "aptos": 434, "imp": 0}}, {"type": "Feature", "geometry": {"type": "Point", "coordinates": [-34.853186, -7.956099]}, "properties": {"i": 1675, "mun": 24910, "ibge": 2609600, "z": 10, "l": 1317, "nm": "ESCOLA ESCRITOR PAULO CAVALCANTI", "nm_mun": "OLINDA", "aptos": 1062, "imp": 0}}, {"type": "Feature", "geometry": {"type": "Point", "coordinates": [-34.840977, -7.977813]}, "properties": {"i": 1676, "mun": 24910, "ibge": 2609600, "z": 10, "l": 1325, "nm": "INSTITUTO FEDERAL DE PERNAMBUCO - IFPE", "nm_mun": "OLINDA", "aptos": 1947, "imp": 0}}, {"type": "Feature", "geometry": {"type": "Point", "coordinates": [-34.83535, -7.96773]}, "properties": {"i": 1677, "mun": 24910, "ibge": 2609600, "z": 10, "l": 1333, "nm": "COLÉGIO PATRICIA COSTA", "nm_mun": "OLINDA", "aptos": 3108, "imp": 0}}, {"type": "Feature", "geometry": {"type": "Point", "coordinates": [-34.850568, -8.020068]}, "properties": {"i": 1678, "mun": 24910, "ibge": 2609600, "z": 10, "l": 1350, "nm": "COLÉGIO DE SÃO BENTO", "nm_mun": "OLINDA", "aptos": 2942, "imp": 0}}, {"type": "Feature", "geometry": {"type": "Point", "coordinates": [-34.851317, -8.014688]}, "properties": {"i": 1679, "mun": 24910, "ibge": 2609600, "z": 10, "l": 1368, "nm": "COLEGIO ESTADUAL DE OLINDA", "nm_mun": "OLINDA", "aptos": 1550, "imp": 0}}, {"type": "Feature", "geometry": {"type": "Point", "coordinates": [-34.854117, -7.98006]}, "properties": {"i": 1680, "mun": 24910, "ibge": 2609600, "z": 10, "l": 1376, "nm": "ESCOLA OÁSIS", "nm_mun": "OLINDA", "aptos": 777, "imp": 0}}, {"type": "Feature", "geometry": {"type": "Point", "coordinates": [-34.851185, -8.014697]}, "properties": {"i": 1681, "mun": 24910, "ibge": 2609600, "z": 10, "l": 1384, "nm": "ESCOLA DUARTE COELHO", "nm_mun": "OLINDA", "aptos": 1042, "imp": 0}}, {"type": "Feature", "geometry": {"type": "Point", "coordinates": [-34.851717, -7.986985]}, "properties": {"i": 1682, "mun": 24910, "ibge": 2609600, "z": 10, "l": 1392, "nm": "ESCOLA ESTADUAL PROFESSOR PAULO FREIRE", "nm_mun": "OLINDA", "aptos": 2182, "imp": 0}}, {"type": "Feature", "geometry": {"type": "Point", "coordinates": [-34.845888, -7.959915]}, "properties": {"i": 1683, "mun": 24910, "ibge": 2609600, "z": 10, "l": 1414, "nm": "ESCOLA TÉCNICA ESTADUAL CHICO SCIENCE", "nm_mun": "OLINDA", "aptos": 3419, "imp": 0}}, {"type": "Feature", "geometry": {"type": "Point", "coordinates": [-40.511382, -9.391264]}, "properties": {"i": 1684, "mun": 24910, "ibge": 2609600, "z": 10, "l": 1422, "nm": "ESCOLA MUNICIPAL EBENEZER GUEIROS", "nm_mun": "OLINDA", "aptos": 818, "imp": 1}}, {"type": "Feature", "geometry": {"type": "Point", "coordinates": [-38.29388, -7.978499]}, "properties": {"i": 1685, "mun": 24910, "ibge": 2609600, "z": 10, "l": 1430, "nm": "ESCOLA SÃO LUCAS", "nm_mun": "OLINDA", "aptos": 209, "imp": 1}}, {"type": "Feature", "geometry": {"type": "Point", "coordinates": [-34.998595, -8.170473]}, "properties": {"i": 1686, "mun": 24910, "ibge": 2609600, "z": 10, "l": 1449, "nm": "ESCOLA MUNICIPAL PROFESSOR JOÃO FRANCISCO DE SOUZA", "nm_mun": "OLINDA", "aptos": 1034, "imp": 1}}, {"type": "Feature", "geometry": {"type": "Point", "coordinates": [-34.941935, -8.123265]}, "properties": {"i": 1687, "mun": 24910, "ibge": 2609600, "z": 10, "l": 1457, "nm": "CENTRO EDUCACIONAL HERMON", "nm_mun": "OLINDA", "aptos": 214, "imp": 1}}, {"type": "Feature", "geometry": {"type": "Point", "coordinates": [-34.929619, -8.166969]}, "properties": {"i": 1688, "mun": 24910, "ibge": 2609600, "z": 10, "l": 1465, "nm": "COLÉGIO SÃO JOSÉ", "nm_mun": "OLINDA", "aptos": 191, "imp": 1}}, {"type": "Feature", "geometry": {"type": "Point", "coordinates": [-34.872297, -8.011823]}, "properties": {"i": 1689, "mun": 24910, "ibge": 2609600, "z": 100, "l": 1031, "nm": "ESCOLA DE 1º GRAU MONSENHOR FABRÍCIO", "nm_mun": "OLINDA", "aptos": 4024, "imp": 0}}, {"type": "Feature", "geometry": {"type": "Point", "coordinates": [-34.872152, -8.011106]}, "properties": {"i": 1690, "mun": 24910, "ibge": 2609600, "z": 100, "l": 1040, "nm": "EREM COSTA AZEVEDO", "nm_mun": "OLINDA", "aptos": 3828, "imp": 0}}, {"type": "Feature", "geometry": {"type": "Point", "coordinates": [-34.874369, -8.01722]}, "properties": {"i": 1691, "mun": 24910, "ibge": 2609600, "z": 100, "l": 1058, "nm": "ESCOLA DE 1º GRAU MONTEIRO LOBATO", "nm_mun": "OLINDA", "aptos": 3294, "imp": 0}}, {"type": "Feature", "geometry": {"type": "Point", "coordinates": [-34.876558, -8.013417]}, "properties": {"i": 1692, "mun": 24910, "ibge": 2609600, "z": 100, "l": 1074, "nm": "ESCOLA MONSENHOR ARRUDA CÂMARA", "nm_mun": "OLINDA", "aptos": 4119, "imp": 0}}, {"type": "Feature", "geometry": {"type": "Point", "coordinates": [-34.876352, -8.010075]}, "properties": {"i": 1693, "mun": 24910, "ibge": 2609600, "z": 100, "l": 1538, "nm": "CAIC - ESCOLA PROFESSORA NORMA COELHO", "nm_mun": "OLINDA", "aptos": 4470, "imp": 0}}, {"type": "Feature", "geometry": {"type": "Point", "coordinates": [-34.874756, -8.006515]}, "properties": {"i": 1694, "mun": 24910, "ibge": 2609600, "z": 100, "l": 1570, "nm": "AESO - ASSOCIAÇÃO DE ENSINO SUPERIOR DE OLINDA", "nm_mun": "OLINDA", "aptos": 4258, "imp": 0}}, {"type": "Feature", "geometry": {"type": "Point", "coordinates": [-34.902647, -7.997883]}, "properties": {"i": 1695, "mun": 24910, "ibge": 2609600, "z": 100, "l": 1740, "nm": "ESCOLA MUNICIPAL BARBOSA LIMA", "nm_mun": "OLINDA", "aptos": 1039, "imp": 0}}, {"type": "Feature", "geometry": {"type": "Point", "coordinates": [-34.887853, -7.989927]}, "properties": {"i": 1696, "mun": 24910, "ibge": 2609600, "z": 100, "l": 1759, "nm": "ESCOLA ELPÍDIO FRANÇA", "nm_mun": "OLINDA", "aptos": 2749, "imp": 0}}, {"type": "Feature", "geometry": {"type": "Point", "coordinates": [-34.897637, -7.996194]}, "properties": {"i": 1697, "mun": 24910, "ibge": 2609600, "z": 100, "l": 1767, "nm": "ESCOLA MUNICIPAL NOSSA SENHORA DE LOURDES", "nm_mun": "OLINDA", "aptos": 1354, "imp": 0}}, {"type": "Feature", "geometry": {"type": "Point", "coordinates": [-34.899233, -7.989002]}, "properties": {"i": 1698, "mun": 24910, "ibge": 2609600, "z": 100, "l": 1783, "nm": "CENTRO DE SAÚDE DE ÁGUAS COMPRIDAS", "nm_mun": "OLINDA", "aptos": 1784, "imp": 0}}, {"type": "Feature", "geometry": {"type": "Point", "coordinates": [-34.894834, -8.000469]}, "properties": {"i": 1699, "mun": 24910, "ibge": 2609600, "z": 100, "l": 1791, "nm": "ESCOLA SANTO INÁCIO DE LOYOLA", "nm_mun": "OLINDA", "aptos": 4068, "imp": 0}}, {"type": "Feature", "geometry": {"type": "Point", "coordinates": [-34.893039, -7.995131]}, "properties": {"i": 1700, "mun": 24910, "ibge": 2609600, "z": 100, "l": 1805, "nm": "ESCOLA REVERENDO JULIÃO FERREIRA", "nm_mun": "OLINDA", "aptos": 747, "imp": 0}}, {"type": "Feature", "geometry": {"type": "Point", "coordinates": [-34.899086, -7.988046]}, "properties": {"i": 1701, "mun": 24910, "ibge": 2609600, "z": 100, "l": 1813, "nm": "COLÉGIO FELISBERTA DE FRANÇA (JARDIM GIRASSOL)", "nm_mun": "OLINDA", "aptos": 1156, "imp": 0}}, {"type": "Feature", "geometry": {"type": "Point", "coordinates": [-34.898367, -7.989875]}, "properties": {"i": 1702, "mun": 24910, "ibge": 2609600, "z": 100, "l": 1821, "nm": "ESCOLA RAIMUNDO DINIZ", "nm_mun": "OLINDA", "aptos": 6311, "imp": 0}}, {"type": "Feature", "geometry": {"type": "Point", "coordinates": [-34.891207, -7.989476]}, "properties": {"i": 1703, "mun": 24910, "ibge": 2609600, "z": 100, "l": 1830, "nm": "POSTO DE SAÚDE DO ALTO NOVA OLINDA", "nm_mun": "OLINDA", "aptos": 795, "imp": 0}}, {"type": "Feature", "geometry": {"type": "Point", "coordinates": [-34.887332, -8.004497]}, "properties": {"i": 1704, "mun": 24910, "ibge": 2609600, "z": 100, "l": 1848, "nm": "ESCOLA PROF ESTÊVÃO PINTO", "nm_mun": "OLINDA", "aptos": 3972, "imp": 0}}, {"type": "Feature", "geometry": {"type": "Point", "coordinates": [-34.899624, -8.00034]}, "properties": {"i": 1705, "mun": 24910, "ibge": 2609600, "z": 100, "l": 1856, "nm": "ESCOLA METODISTA GLADYS OBERLIN", "nm_mun": "OLINDA", "aptos": 2242, "imp": 0}}, {"type": "Feature", "geometry": {"type": "Point", "coordinates": [-34.898228, -8.000851]}, "properties": {"i": 1706, "mun": 24910, "ibge": 2609600, "z": 100, "l": 1864, "nm": "INSTITUTO BRASIL", "nm_mun": "OLINDA", "aptos": 1212, "imp": 0}}, {"type": "Feature", "geometry": {"type": "Point", "coordinates": [-34.911926, -7.976199]}, "properties": {"i": 1707, "mun": 24910, "ibge": 2609600, "z": 100, "l": 1872, "nm": "ESCOLA MINISTRO MARCOS FREIRE", "nm_mun": "OLINDA", "aptos": 1800, "imp": 0}}, {"type": "Feature", "geometry": {"type": "Point", "coordinates": [-34.89543, -7.992887]}, "properties": {"i": 1708, "mun": 24910, "ibge": 2609600, "z": 100, "l": 1880, "nm": "ESCOLA MUNICIPAL DR. JOSÉ MARIANO", "nm_mun": "OLINDA", "aptos": 794, "imp": 0}}, {"type": "Feature", "geometry": {"type": "Point", "coordinates": [-34.911163, -7.986637]}, "properties": {"i": 1709, "mun": 24910, "ibge": 2609600, "z": 100, "l": 1899, "nm": "UNIDADE DE SAÚDE DA FAMÍLIA ALTO DA BONDADE I", "nm_mun": "OLINDA", "aptos": 119, "imp": 0}}, {"type": "Feature", "geometry": {"type": "Point", "coordinates": [-34.911871, -7.990084]}, "properties": {"i": 1710, "mun": 24910, "ibge": 2609600, "z": 100, "l": 1902, "nm": "ESCOLA MUNICIPAL VEREADOR JOSÉ MENDES DE LIMA", "nm_mun": "OLINDA", "aptos": 2937, "imp": 0}}, {"type": "Feature", "geometry": {"type": "Point", "coordinates": [-34.894639, -8.000284]}, "properties": {"i": 1711, "mun": 24910, "ibge": 2609600, "z": 100, "l": 1910, "nm": "EREM PADRE FRANCISCO CARNEIRO", "nm_mun": "OLINDA", "aptos": 4759, "imp": 0}}, {"type": "Feature", "geometry": {"type": "Point", "coordinates": [-34.906758, -7.989279]}, "properties": {"i": 1712, "mun": 24910, "ibge": 2609600, "z": 100, "l": 1929, "nm": "ESCOLA CAPITÃO LUIZ REIS", "nm_mun": "OLINDA", "aptos": 4783, "imp": 0}}, {"type": "Feature", "geometry": {"type": "Point", "coordinates": [-34.891755, -7.976007]}, "properties": {"i": 1713, "mun": 24910, "ibge": 2609600, "z": 100, "l": 1937, "nm": "ESCOLA MUNICIPAL ALBERTO TORRES", "nm_mun": "OLINDA", "aptos": 2992, "imp": 0}}, {"type": "Feature", "geometry": {"type": "Point", "coordinates": [-34.902215, -7.9969]}, "properties": {"i": 1714, "mun": 24910, "ibge": 2609600, "z": 100, "l": 1945, "nm": "ESCOLA CEL. VALERIANO EUGÊNIO DE MELO", "nm_mun": "OLINDA", "aptos": 4512, "imp": 0}}, {"type": "Feature", "geometry": {"type": "Point", "coordinates": [-34.896361, -8.001641]}, "properties": {"i": 1715, "mun": 24910, "ibge": 2609600, "z": 100, "l": 1953, "nm": "ESCOLA N. SRª DO CARMO (PARQUE INFANTIL)", "nm_mun": "OLINDA", "aptos": 696, "imp": 0}}, {"type": "Feature", "geometry": {"type": "Point", "coordinates": [-34.91334, -7.986359]}, "properties": {"i": 1716, "mun": 24910, "ibge": 2609600, "z": 100, "l": 1961, "nm": "ESCOLA MUNICIPAL PASTOR DAVID RICHARD BLAKBURN", "nm_mun": "OLINDA", "aptos": 3986, "imp": 0}}, {"type": "Feature", "geometry": {"type": "Point", "coordinates": [-34.897213, -7.982221]}, "properties": {"i": 1717, "mun": 24910, "ibge": 2609600, "z": 100, "l": 1988, "nm": "ESCOLA MUNICIPAL ANTÔNIO CORREIA", "nm_mun": "OLINDA", "aptos": 2727, "imp": 0}}, {"type": "Feature", "geometry": {"type": "Point", "coordinates": [-34.899348, -7.998735]}, "properties": {"i": 1718, "mun": 24910, "ibge": 2609600, "z": 100, "l": 1996, "nm": "ESCOLA MUNICIPAL MONSENHOR VIANA", "nm_mun": "OLINDA", "aptos": 768, "imp": 0}}, {"type": "Feature", "geometry": {"type": "Point", "coordinates": [-34.892954, -8.000746]}, "properties": {"i": 1719, "mun": 24910, "ibge": 2609600, "z": 100, "l": 2003, "nm": "CENTRO EDUCACIONAL FROEBEL", "nm_mun": "OLINDA", "aptos": 1893, "imp": 0}}, {"type": "Feature", "geometry": {"type": "Point", "coordinates": [-34.890056, -7.993901]}, "properties": {"i": 1720, "mun": 24910, "ibge": 2609600, "z": 100, "l": 2020, "nm": "ESCOLA PROFª DEANNA CLARCK XAVIER", "nm_mun": "OLINDA", "aptos": 891, "imp": 0}}, {"type": "Feature", "geometry": {"type": "Point", "coordinates": [-34.890019, -8.00263]}, "properties": {"i": 1721, "mun": 24910, "ibge": 2609600, "z": 100, "l": 2038, "nm": "ESCOLA DOM AZEREDO COUTINHO", "nm_mun": "OLINDA", "aptos": 2872, "imp": 0}}, {"type": "Feature", "geometry": {"type": "Point", "coordinates": [-34.902282, -7.986849]}, "properties": {"i": 1722, "mun": 24910, "ibge": 2609600, "z": 100, "l": 2046, "nm": "COLÉGIO APRENDER CRESCER", "nm_mun": "OLINDA", "aptos": 2683, "imp": 0}}, {"type": "Feature", "geometry": {"type": "Point", "coordinates": [-34.868417, -8.01563]}, "properties": {"i": 1723, "mun": 24910, "ibge": 2609600, "z": 100, "l": 2062, "nm": "CAIC - CRECHE NORMA COELHO", "nm_mun": "OLINDA", "aptos": 2719, "imp": 0}}, {"type": "Feature", "geometry": {"type": "Point", "coordinates": [-34.897754, -7.957182]}, "properties": {"i": 1724, "mun": 24910, "ibge": 2609600, "z": 100, "l": 2070, "nm": "ESCOLA CÔNEGO JONAS TAURINO", "nm_mun": "OLINDA", "aptos": 3177, "imp": 1}}, {"type": "Feature", "geometry": {"type": "Point", "coordinates": [-34.936555, -8.092198]}, "properties": {"i": 1725, "mun": 24910, "ibge": 2609600, "z": 100, "l": 2089, "nm": "ESCOLA MENINO JESUS", "nm_mun": "OLINDA", "aptos": 2609, "imp": 1}}, {"type": "Feature", "geometry": {"type": "Point", "coordinates": [-34.954679, -8.191139]}, "properties": {"i": 1726, "mun": 24910, "ibge": 2609600, "z": 100, "l": 2097, "nm": "ESCOLA MUNICIPAL GUIOMAR BARBOSA", "nm_mun": "OLINDA", "aptos": 1572, "imp": 1}}, {"type": "Feature", "geometry": {"type": "Point", "coordinates": [-34.924002, -8.095895]}, "properties": {"i": 1727, "mun": 24910, "ibge": 2609600, "z": 100, "l": 2100, "nm": "ESCOLA MUNICIPAL ZUMBI DOS PALMARES", "nm_mun": "OLINDA", "aptos": 975, "imp": 1}}, {"type": "Feature", "geometry": {"type": "Point", "coordinates": [-34.846066, -8.011304]}, "properties": {"i": 1728, "mun": 24910, "ibge": 2609600, "z": 117, "l": 1015, "nm": "ESCOLA SAGRADO CORACAO DE JESUS", "nm_mun": "OLINDA", "aptos": 3279, "imp": 0}}, {"type": "Feature", "geometry": {"type": "Point", "coordinates": [-34.853922, -8.007886]}, "properties": {"i": 1729, "mun": 24910, "ibge": 2609600, "z": 117, "l": 1040, "nm": "GRUPO ESCOLAR TEMISTOCLES DE ANDRADE", "nm_mun": "OLINDA", "aptos": 2840, "imp": 0}}, {"type": "Feature", "geometry": {"type": "Point", "coordinates": [-34.851568, -8.009412]}, "properties": {"i": 1730, "mun": 24910, "ibge": 2609600, "z": 117, "l": 1074, "nm": "SECRETARIA DE PLANEJAMENTO DA PREFEITURA MUNICIPAL DE OLINDA", "nm_mun": "OLINDA", "aptos": 2494, "imp": 0}}, {"type": "Feature", "geometry": {"type": "Point", "coordinates": [-34.855846, -7.988112]}, "properties": {"i": 1731, "mun": 24910, "ibge": 2609600, "z": 117, "l": 1082, "nm": "FACULDADE DE CIENCIAS HUMANAS DE OLINDA - FACHO", "nm_mun": "OLINDA", "aptos": 1904, "imp": 0}}, {"type": "Feature", "geometry": {"type": "Point", "coordinates": [-34.856377, -8.00056]}, "properties": {"i": 1732, "mun": 24910, "ibge": 2609600, "z": 117, "l": 1104, "nm": "GRUPO ESCOLAR ARGENTINA CASTELO BRANCO", "nm_mun": "OLINDA", "aptos": 4424, "imp": 0}}, {"type": "Feature", "geometry": {"type": "Point", "coordinates": [-34.855824, -7.988871]}, "properties": {"i": 1733, "mun": 24910, "ibge": 2609600, "z": 117, "l": 1112, "nm": "ESCOLA AUREA DE MOURA CAVALCANTI", "nm_mun": "OLINDA", "aptos": 6095, "imp": 0}}, {"type": "Feature", "geometry": {"type": "Point", "coordinates": [-34.85748, -7.99495]}, "properties": {"i": 1734, "mun": 24910, "ibge": 2609600, "z": 117, "l": 1120, "nm": "ESCOLA FLORIANO PEIXOTO", "nm_mun": "OLINDA", "aptos": 3710, "imp": 0}}, {"type": "Feature", "geometry": {"type": "Point", "coordinates": [-34.859876, -7.988001]}, "properties": {"i": 1735, "mun": 24910, "ibge": 2609600, "z": 117, "l": 1139, "nm": "ESCOLA IZAULINA DE CASTRO E SILVA", "nm_mun": "OLINDA", "aptos": 4663, "imp": 0}}, {"type": "Feature", "geometry": {"type": "Point", "coordinates": [-34.865903, -7.995328]}, "properties": {"i": 1736, "mun": 24910, "ibge": 2609600, "z": 117, "l": 1147, "nm": "ESCOLA MARIA EMILIA ROMEIRO ESTELITA", "nm_mun": "OLINDA", "aptos": 3906, "imp": 0}}, {"type": "Feature", "geometry": {"type": "Point", "coordinates": [-34.862164, -7.996282]}, "properties": {"i": 1737, "mun": 24910, "ibge": 2609600, "z": 117, "l": 1155, "nm": "GRUPO ESCOLAR CEL. JOSE DOMINGOS", "nm_mun": "OLINDA", "aptos": 3420, "imp": 0}}, {"type": "Feature", "geometry": {"type": "Point", "coordinates": [-34.851214, -8.004901]}, "properties": {"i": 1738, "mun": 24910, "ibge": 2609600, "z": 117, "l": 1325, "nm": "ESCOLA DOM JOAO CRISOSTOMO", "nm_mun": "OLINDA", "aptos": 1309, "imp": 0}}, {"type": "Feature", "geometry": {"type": "Point", "coordinates": [-34.850739, -8.00023]}, "properties": {"i": 1739, "mun": 24910, "ibge": 2609600, "z": 117, "l": 1333, "nm": "ESCOLA LIONS DIRCEU VELOSO", "nm_mun": "OLINDA", "aptos": 4052, "imp": 0}}, {"type": "Feature", "geometry": {"type": "Point", "coordinates": [-34.866893, -7.974184]}, "properties": {"i": 1740, "mun": 24910, "ibge": 2609600, "z": 117, "l": 1368, "nm": "ESCOLA CLAUDINO LEAL", "nm_mun": "OLINDA", "aptos": 3968, "imp": 0}}, {"type": "Feature", "geometry": {"type": "Point", "coordinates": [-34.865712, -7.976693]}, "properties": {"i": 1741, "mun": 24910, "ibge": 2609600, "z": 117, "l": 1384, "nm": "ESCOLA MUNICIPAL 12 DE MARÇO", "nm_mun": "OLINDA", "aptos": 4686, "imp": 0}}, {"type": "Feature", "geometry": {"type": "Point", "coordinates": [-34.856626, -8.008559]}, "properties": {"i": 1742, "mun": 24910, "ibge": 2609600, "z": 117, "l": 1406, "nm": "ESCOLA MUNICIPAL MARIA DA GLORIA ADVINCULA", "nm_mun": "OLINDA", "aptos": 1142, "imp": 0}}, {"type": "Feature", "geometry": {"type": "Point", "coordinates": [-34.869221, -7.968983]}, "properties": {"i": 1743, "mun": 24910, "ibge": 2609600, "z": 117, "l": 1414, "nm": "ESCOLA TABAJARA", "nm_mun": "OLINDA", "aptos": 1847, "imp": 0}}, {"type": "Feature", "geometry": {"type": "Point", "coordinates": [-34.86258, -7.995537]}, "properties": {"i": 1744, "mun": 24910, "ibge": 2609600, "z": 117, "l": 1422, "nm": "INSTITUTO SANTA TEREZA", "nm_mun": "OLINDA", "aptos": 604, "imp": 0}}, {"type": "Feature", "geometry": {"type": "Point", "coordinates": [-34.860619, -7.992522]}, "properties": {"i": 1745, "mun": 24910, "ibge": 2609600, "z": 117, "l": 1449, "nm": "ESCOLA DINÂMICA", "nm_mun": "OLINDA", "aptos": 988, "imp": 0}}, {"type": "Feature", "geometry": {"type": "Point", "coordinates": [-35.243597, -8.371316]}, "properties": {"i": 1746, "mun": 24910, "ibge": 2609600, "z": 117, "l": 1473, "nm": "ESCOLA MUNICIPAL CRIANÇA FELIZ", "nm_mun": "OLINDA", "aptos": 695, "imp": 1}}, {"type": "Feature", "geometry": {"type": "Point", "coordinates": [-34.85595, -8.013275]}, "properties": {"i": 1747, "mun": 24910, "ibge": 2609600, "z": 117, "l": 1481, "nm": "ESCOLA GUEDES ALCOFORADO", "nm_mun": "OLINDA", "aptos": 6357, "imp": 0}}, {"type": "Feature", "geometry": {"type": "Point", "coordinates": [-34.867424, -8.0131]}, "properties": {"i": 1748, "mun": 24910, "ibge": 2609600, "z": 117, "l": 1490, "nm": "ESCOLA PROFESSOR CÂNDIDO PESSOA", "nm_mun": "OLINDA", "aptos": 4793, "imp": 0}}, {"type": "Feature", "geometry": {"type": "Point", "coordinates": [-34.865615, -8.006878]}, "properties": {"i": 1749, "mun": 24910, "ibge": 2609600, "z": 117, "l": 1503, "nm": "ESCOLA DESEMBARGADOR RENATO FONSECA", "nm_mun": "OLINDA", "aptos": 5445, "imp": 0}}, {"type": "Feature", "geometry": {"type": "Point", "coordinates": [-34.85893, -8.022211]}, "properties": {"i": 1750, "mun": 24910, "ibge": 2609600, "z": 117, "l": 1511, "nm": "ESCOLA MUNICIPAL SANTA TEREZA", "nm_mun": "OLINDA", "aptos": 2564, "imp": 0}}, {"type": "Feature", "geometry": {"type": "Point", "coordinates": [-34.870313, -8.030657]}, "properties": {"i": 1751, "mun": 24910, "ibge": 2609600, "z": 117, "l": 1520, "nm": "CENTRO DE CONVENCOES", "nm_mun": "OLINDA", "aptos": 3990, "imp": 0}}, {"type": "Feature", "geometry": {"type": "Point", "coordinates": [-34.862073, -8.014323]}, "properties": {"i": 1752, "mun": 24910, "ibge": 2609600, "z": 117, "l": 1546, "nm": "GRUPO ESCOLAR AGEU MAGALHAES", "nm_mun": "OLINDA", "aptos": 2466, "imp": 0}}, {"type": "Feature", "geometry": {"type": "Point", "coordinates": [-34.861328, -8.006606]}, "properties": {"i": 1753, "mun": 24910, "ibge": 2609600, "z": 117, "l": 1554, "nm": "ESCOLA MASCARENHAS DE MORAIS", "nm_mun": "OLINDA", "aptos": 3863, "imp": 0}}, {"type": "Feature", "geometry": {"type": "Point", "coordinates": [-34.961902, -8.134132]}, "properties": {"i": 1754, "mun": 24910, "ibge": 2609600, "z": 117, "l": 1635, "nm": "EREM CLÍDIO DE LIMA NIGRO", "nm_mun": "OLINDA", "aptos": 3955, "imp": 1}}, {"type": "Feature", "geometry": {"type": "Point", "coordinates": [-34.909839, -8.019083]}, "properties": {"i": 1755, "mun": 24910, "ibge": 2609600, "z": 117, "l": 1643, "nm": "ESCOLA ESTADUAL CARLOS GONCALVES", "nm_mun": "OLINDA", "aptos": 1717, "imp": 1}}, {"type": "Feature", "geometry": {"type": "Point", "coordinates": [-34.981205, -8.020329]}, "properties": {"i": 1756, "mun": 24910, "ibge": 2609600, "z": 117, "l": 1651, "nm": "ESCOLA MUNICIPAL LAR ESPÍRITA BEZERRA DE MENEZES", "nm_mun": "OLINDA", "aptos": 1154, "imp": 1}}, {"type": "Feature", "geometry": {"type": "Point", "coordinates": [-34.862073, -8.014323]}, "properties": {"i": 1757, "mun": 24910, "ibge": 2609600, "z": 117, "l": 1660, "nm": "ESCOLA MUNICIPAL ROTARY DE OLINDA", "nm_mun": "OLINDA", "aptos": 1997, "imp": 1}}, {"type": "Feature", "geometry": {"type": "Point", "coordinates": [-34.899624, -8.00034]}, "properties": {"i": 1758, "mun": 24910, "ibge": 2609600, "z": 117, "l": 1678, "nm": "ESCOLA MUNICIPAL DR. MANOEL BORBA", "nm_mun": "OLINDA", "aptos": 1668, "imp": 1}}, {"type": "Feature", "geometry": {"type": "Point", "coordinates": [-34.866893, -7.974184]}, "properties": {"i": 1759, "mun": 24910, "ibge": 2609600, "z": 117, "l": 1694, "nm": "ANEXO DA ESCOLA N. SRA DA CONCEIÇÃO", "nm_mun": "OLINDA", "aptos": 4089, "imp": 1}}, {"type": "Feature", "geometry": {"type": "Point", "coordinates": [-34.930518, -8.041672]}, "properties": {"i": 1760, "mun": 24910, "ibge": 2609600, "z": 117, "l": 1708, "nm": "ESCOLA N. SRA DA CONCEIÇÃO -SEDE", "nm_mun": "OLINDA", "aptos": 1187, "imp": 1}}, {"type": "Feature", "geometry": {"type": "Point", "coordinates": [-35.603774, -7.751148]}, "properties": {"i": 1761, "mun": 24937, "ibge": 2609709, "z": 33, "l": 1066, "nm": "ESCOLA ABÍLIO DE SOUZA BARBOSA", "nm_mun": "OROBÓ", "aptos": 3799, "imp": 0}}, {"type": "Feature", "geometry": {"type": "Point", "coordinates": [-35.542713, -7.676126]}, "properties": {"i": 1762, "mun": 24937, "ibge": 2609709, "z": 33, "l": 1104, "nm": "ESCOLA MUNICIPAL DE JUNDIAÍ", "nm_mun": "OROBÓ", "aptos": 1047, "imp": 0}}, {"type": "Feature", "geometry": {"type": "Point", "coordinates": [-35.56726, -7.657602]}, "properties": {"i": 1763, "mun": 24937, "ibge": 2609709, "z": 33, "l": 1112, "nm": "GRUPO ESCOLAR BENJAMIM DA MATA RIBEIRO", "nm_mun": "OROBÓ", "aptos": 756, "imp": 0}}, {"type": "Feature", "geometry": {"type": "Point", "coordinates": [-35.658822, -7.697286]}, "properties": {"i": 1764, "mun": 24937, "ibge": 2609709, "z": 33, "l": 1139, "nm": "ESCOLA SEVERINO ANDRÉ DE LUNA", "nm_mun": "OROBÓ", "aptos": 904, "imp": 0}}, {"type": "Feature", "geometry": {"type": "Point", "coordinates": [-35.622303, -7.666532]}, "properties": {"i": 1765, "mun": 24937, "ibge": 2609709, "z": 33, "l": 1155, "nm": "ESCOLA MUNICIPAL JOSÉ VIRGULINO DE AGUIAR", "nm_mun": "OROBÓ", "aptos": 1381, "imp": 0}}, {"type": "Feature", "geometry": {"type": "Point", "coordinates": [-35.620522, -7.664988]}, "properties": {"i": 1766, "mun": 24937, "ibge": 2609709, "z": 33, "l": 1163, "nm": "ESCOLA ANTÔNIO PEDRO DE AGUIAR", "nm_mun": "OROBÓ", "aptos": 719, "imp": 0}}, {"type": "Feature", "geometry": {"type": "Point", "coordinates": [-35.607691, -7.677022]}, "properties": {"i": 1767, "mun": 24937, "ibge": 2609709, "z": 33, "l": 1171, "nm": "ESCOLA MUNICIPAL SEBASTIÃO GOMES DA SILVA", "nm_mun": "OROBÓ", "aptos": 802, "imp": 0}}, {"type": "Feature", "geometry": {"type": "Point", "coordinates": [-35.604533, -7.720489]}, "properties": {"i": 1768, "mun": 24937, "ibge": 2609709, "z": 33, "l": 1180, "nm": "ESCOLA MUNICIPAL JOSÉ MIGUEL DE AGUIAR", "nm_mun": "OROBÓ", "aptos": 1341, "imp": 0}}, {"type": "Feature", "geometry": {"type": "Point", "coordinates": [-35.671313, -7.702277]}, "properties": {"i": 1769, "mun": 24937, "ibge": 2609709, "z": 33, "l": 1201, "nm": "ESCOLA MÍNIMA ALMIRANTE ANTÔNIO HERÁCLIO DO RÊGO", "nm_mun": "OROBÓ", "aptos": 719, "imp": 0}}, {"type": "Feature", "geometry": {"type": "Point", "coordinates": [-35.606547, -7.741261]}, "properties": {"i": 1770, "mun": 24937, "ibge": 2609709, "z": 33, "l": 1210, "nm": "ESCOLA MUNICIPAL LEONARDO PIMENTEL", "nm_mun": "OROBÓ", "aptos": 2164, "imp": 0}}, {"type": "Feature", "geometry": {"type": "Point", "coordinates": [-35.603239, -7.744255]}, "properties": {"i": 1771, "mun": 24937, "ibge": 2609709, "z": 33, "l": 1236, "nm": "ESCOLA MUNICIPAL PAULO FREIRE", "nm_mun": "OROBÓ", "aptos": 2747, "imp": 0}}, {"type": "Feature", "geometry": {"type": "Point", "coordinates": [-35.59909, -7.753404]}, "properties": {"i": 1772, "mun": 24937, "ibge": 2609709, "z": 33, "l": 1244, "nm": "ESCOLA PROFESSORA RITA MARIA DA CONCEIÇÃO", "nm_mun": "OROBÓ", "aptos": 1976, "imp": 0}}, {"type": "Feature", "geometry": {"type": "Point", "coordinates": [-39.602264, -8.618136]}, "properties": {"i": 1773, "mun": 24953, "ibge": 2609808, "z": 77, "l": 1015, "nm": "ESTADUAL - JACOB ANTONIO DE OLIVEIRA", "nm_mun": "OROCÓ", "aptos": 3903, "imp": 0}}, {"type": "Feature", "geometry": {"type": "Point", "coordinates": [-39.598871, -8.615076]}, "properties": {"i": 1774, "mun": 24953, "ibge": 2609808, "z": 77, "l": 1031, "nm": "MUNICIPAL - CRECHE PROF. GUIOMAR DE OLIVEIRA MENEZES", "nm_mun": "OROCÓ", "aptos": 1407, "imp": 0}}, {"type": "Feature", "geometry": {"type": "Point", "coordinates": [-39.599876, -8.618862]}, "properties": {"i": 1775, "mun": 24953, "ibge": 2609808, "z": 77, "l": 1040, "nm": "MUNICIPAL - ESTANISLAU LUIZ BIONE", "nm_mun": "OROCÓ", "aptos": 1861, "imp": 0}}, {"type": "Feature", "geometry": {"type": "Point", "coordinates": [-39.57605, -8.522889]}, "properties": {"i": 1776, "mun": 24953, "ibge": 2609808, "z": 77, "l": 1058, "nm": "ESTADUAL - BEM TI VI", "nm_mun": "OROCÓ", "aptos": 3162, "imp": 0}}, {"type": "Feature", "geometry": {"type": "Point", "coordinates": [-39.503249, -8.563575]}, "properties": {"i": 1777, "mun": 24953, "ibge": 2609808, "z": 77, "l": 1082, "nm": "MUNICIPAL - QUILOMBOLA ÁGUAS DO VELHO CHICO", "nm_mun": "OROCÓ", "aptos": 1096, "imp": 0}}, {"type": "Feature", "geometry": {"type": "Point", "coordinates": [-39.596264, -8.618152]}, "properties": {"i": 1778, "mun": 24953, "ibge": 2609808, "z": 77, "l": 1090, "nm": "MUNICIPAL - ANTONIO ANCELMO DA SILVA - SANTA MARIA", "nm_mun": "OROCÓ", "aptos": 620, "imp": 0}}, {"type": "Feature", "geometry": {"type": "Point", "coordinates": [-39.666546, -8.441052]}, "properties": {"i": 1779, "mun": 24953, "ibge": 2609808, "z": 77, "l": 1104, "nm": "MUNICIPAL - VEREADOR JOSE PEDRO DE SOUZA", "nm_mun": "OROCÓ", "aptos": 456, "imp": 0}}, {"type": "Feature", "geometry": {"type": "Point", "coordinates": [-40.08703, -7.887721]}, "properties": {"i": 1780, "mun": 24970, "ibge": 2609907, "z": 82, "l": 1023, "nm": "ESCOLA ESTADUAL DOM IDILIO JOSE SOARES", "nm_mun": "OURICURI", "aptos": 3965, "imp": 0}}, {"type": "Feature", "geometry": {"type": "Point", "coordinates": [-40.078929, -7.888075]}, "properties": {"i": 1781, "mun": 24970, "ibge": 2609907, "z": 82, "l": 1031, "nm": "ESCOLA ESTADUAL FERNANDO BEZERRA", "nm_mun": "OURICURI", "aptos": 4888, "imp": 0}}, {"type": "Feature", "geometry": {"type": "Point", "coordinates": [-40.080325, -7.886931]}, "properties": {"i": 1782, "mun": 24970, "ibge": 2609907, "z": 82, "l": 1040, "nm": "ESCOLA ESTADUAL SAO SEBASTIAO", "nm_mun": "OURICURI", "aptos": 5531, "imp": 0}}, {"type": "Feature", "geometry": {"type": "Point", "coordinates": [-40.083014, -7.884735]}, "properties": {"i": 1783, "mun": 24970, "ibge": 2609907, "z": 82, "l": 1058, "nm": "COLEGIO E CURSO ALTERNATIVO - CCA", "nm_mun": "OURICURI", "aptos": 2609, "imp": 0}}, {"type": "Feature", "geometry": {"type": "Point", "coordinates": [-40.083157, -7.884822]}, "properties": {"i": 1784, "mun": 24970, "ibge": 2609907, "z": 82, "l": 1066, "nm": "ESCOLAS REUNIDAS SAO VICENTE DE PAULA", "nm_mun": "OURICURI", "aptos": 1368, "imp": 0}}, {"type": "Feature", "geometry": {"type": "Point", "coordinates": [-40.081424, -7.884784]}, "properties": {"i": 1785, "mun": 24970, "ibge": 2609907, "z": 82, "l": 1074, "nm": "ESCOLA ESTADUAL PROF. TELESFORO SIQUEIRA", "nm_mun": "OURICURI", "aptos": 2918, "imp": 0}}, {"type": "Feature", "geometry": {"type": "Point", "coordinates": [-40.085541, -7.878463]}, "properties": {"i": 1786, "mun": 24970, "ibge": 2609907, "z": 82, "l": 1090, "nm": "GINASIO MUNICIPAL MOISES MENDES", "nm_mun": "OURICURI", "aptos": 1502, "imp": 0}}, {"type": "Feature", "geometry": {"type": "Point", "coordinates": [-40.084173, -7.88027]}, "properties": {"i": 1787, "mun": 24970, "ibge": 2609907, "z": 82, "l": 1104, "nm": "ESCOLA ESTADUAL NOSSA SENHORA DE FATIMA", "nm_mun": "OURICURI", "aptos": 2070, "imp": 0}}, {"type": "Feature", "geometry": {"type": "Point", "coordinates": [-40.335237, -7.853113]}, "properties": {"i": 1788, "mun": 24970, "ibge": 2609907, "z": 82, "l": 1112, "nm": "GINASIO MUNICIPAL DE SAO PEDRO", "nm_mun": "OURICURI", "aptos": 2651, "imp": 0}}, {"type": "Feature", "geometry": {"type": "Point", "coordinates": [-40.216642, -8.076017]}, "properties": {"i": 1789, "mun": 24970, "ibge": 2609907, "z": 82, "l": 1180, "nm": "GINASIO MUNICIPAL GALDENCIO ALVES", "nm_mun": "OURICURI", "aptos": 1268, "imp": 0}}, {"type": "Feature", "geometry": {"type": "Point", "coordinates": [-40.314875, -8.055036]}, "properties": {"i": 1790, "mun": 24970, "ibge": 2609907, "z": 82, "l": 1228, "nm": "ESCOLA MUNICIPAL PEDRO TELES DE OLIVEIRA", "nm_mun": "OURICURI", "aptos": 591, "imp": 0}}, {"type": "Feature", "geometry": {"type": "Point", "coordinates": [-40.376364, -7.954637]}, "properties": {"i": 1791, "mun": 24970, "ibge": 2609907, "z": 82, "l": 1350, "nm": "ESCOLA MUNICIPAL DE  EXTREMA", "nm_mun": "OURICURI", "aptos": 1317, "imp": 0}}, {"type": "Feature", "geometry": {"type": "Point", "coordinates": [-40.289927, -8.003172]}, "properties": {"i": 1792, "mun": 24970, "ibge": 2609907, "z": 82, "l": 1368, "nm": "GINASIO MUNICIPAL ALTINA MARIA DE ALMEIDA", "nm_mun": "OURICURI", "aptos": 1931, "imp": 0}}, {"type": "Feature", "geometry": {"type": "Point", "coordinates": [-40.170116, -7.811475]}, "properties": {"i": 1793, "mun": 24970, "ibge": 2609907, "z": 82, "l": 1376, "nm": "GINASIO MUNICIPAL JOAQUIM MANOEL DA SILVA", "nm_mun": "OURICURI", "aptos": 2563, "imp": 0}}, {"type": "Feature", "geometry": {"type": "Point", "coordinates": [-40.416504, -8.014857]}, "properties": {"i": 1794, "mun": 24970, "ibge": 2609907, "z": 82, "l": 1422, "nm": "GINASIO MUNICIPAL MANOEL DELMONDES DE ARAUJO", "nm_mun": "OURICURI", "aptos": 1009, "imp": 0}}, {"type": "Feature", "geometry": {"type": "Point", "coordinates": [-40.000455, -8.060311]}, "properties": {"i": 1795, "mun": 24970, "ibge": 2609907, "z": 82, "l": 1449, "nm": "GINASIO MUNICIPAL JOAO NENEM DE MACEDO", "nm_mun": "OURICURI", "aptos": 1807, "imp": 0}}, {"type": "Feature", "geometry": {"type": "Point", "coordinates": [-40.089518, -7.893458]}, "properties": {"i": 1796, "mun": 24970, "ibge": 2609907, "z": 82, "l": 1465, "nm": "ESCOLA MUNICIPAL MINERVINO DAMASCENA COELHO", "nm_mun": "OURICURI", "aptos": 3065, "imp": 0}}, {"type": "Feature", "geometry": {"type": "Point", "coordinates": [-40.177133, -8.026635]}, "properties": {"i": 1797, "mun": 24970, "ibge": 2609907, "z": 82, "l": 1490, "nm": "ESCOLA MUNICIPAL MARIA DO SOCORRO ROCHA DE CASTRO", "nm_mun": "OURICURI", "aptos": 397, "imp": 0}}, {"type": "Feature", "geometry": {"type": "Point", "coordinates": [-40.15327, -7.900655]}, "properties": {"i": 1798, "mun": 24970, "ibge": 2609907, "z": 82, "l": 1503, "nm": "ESCOLA MUNICIPAL JOSÉ IZÍDIO LOPES", "nm_mun": "OURICURI", "aptos": 1160, "imp": 0}}, {"type": "Feature", "geometry": {"type": "Point", "coordinates": [-40.085143, -7.882077]}, "properties": {"i": 1799, "mun": 24970, "ibge": 2609907, "z": 82, "l": 1511, "nm": "IX GERÊNCIA REGIONAL DE SAÚDE - GERES", "nm_mun": "OURICURI", "aptos": 1255, "imp": 0}}, {"type": "Feature", "geometry": {"type": "Point", "coordinates": [-40.072656, -7.881337]}, "properties": {"i": 1800, "mun": 24970, "ibge": 2609907, "z": 82, "l": 1520, "nm": "ESCOLA MUNICIPAL ANIZIO COELHO", "nm_mun": "OURICURI", "aptos": 1521, "imp": 0}}, {"type": "Feature", "geometry": {"type": "Point", "coordinates": [-40.525348, -8.01432]}, "properties": {"i": 1801, "mun": 24970, "ibge": 2609907, "z": 82, "l": 1538, "nm": "UNIDADE BÁSICA DE SAÚDE DO CARA BRANCA", "nm_mun": "OURICURI", "aptos": 560, "imp": 0}}, {"type": "Feature", "geometry": {"type": "Point", "coordinates": [-40.068136, -7.888162]}, "properties": {"i": 1802, "mun": 24970, "ibge": 2609907, "z": 82, "l": 1546, "nm": "ESCOLA MUNICIPAL JOAQUIM ANGELIM FILHO", "nm_mun": "OURICURI", "aptos": 775, "imp": 0}}, {"type": "Feature", "geometry": {"type": "Point", "coordinates": [-40.139036, -7.838079]}, "properties": {"i": 1803, "mun": 24970, "ibge": 2609907, "z": 82, "l": 1554, "nm": "UNIDADE BÁSICA DE SAÚDE DO PRADICÓ", "nm_mun": "OURICURI", "aptos": 718, "imp": 0}}, {"type": "Feature", "geometry": {"type": "Point", "coordinates": [-40.261266, -7.93007]}, "properties": {"i": 1804, "mun": 24970, "ibge": 2609907, "z": 82, "l": 1562, "nm": "ASSOCIAÇÃO DE AGRICULTORES DE LAGOA COMPRIDA", "nm_mun": "OURICURI", "aptos": 445, "imp": 0}}, {"type": "Feature", "geometry": {"type": "Point", "coordinates": [-36.704288, -8.185217]}, "properties": {"i": 1805, "mun": 24970, "ibge": 2609907, "z": 82, "l": 1589, "nm": "COLEGIO DOUTOR JOSE CORIOLANO SOBRINHO", "nm_mun": "OURICURI", "aptos": 392, "imp": 1}}, {"type": "Feature", "geometry": {"type": "Point", "coordinates": [-40.324635, -9.142425]}, "properties": {"i": 1806, "mun": 24970, "ibge": 2609907, "z": 82, "l": 1597, "nm": "ESCOLA PROFESSOR ALDO AQUINO BEZERRA", "nm_mun": "OURICURI", "aptos": 148, "imp": 1}}, {"type": "Feature", "geometry": {"type": "Point", "coordinates": [-34.929619, -8.166969]}, "properties": {"i": 1807, "mun": 24970, "ibge": 2609907, "z": 82, "l": 1600, "nm": "ESCOLA MUNICIPAL SÃO SEBASTIÃO", "nm_mun": "OURICURI", "aptos": 194, "imp": 1}}, {"type": "Feature", "geometry": {"type": "Point", "coordinates": [-34.929619, -8.166969]}, "properties": {"i": 1808, "mun": 24970, "ibge": 2609907, "z": 82, "l": 1619, "nm": "ESCOLA MUNICIPAL ANTÔNIO IZÍDIO DE LIMA", "nm_mun": "OURICURI", "aptos": 51, "imp": 1}}, {"type": "Feature", "geometry": {"type": "Point", "coordinates": [-35.59615, -8.68484]}, "properties": {"i": 1809, "mun": 24996, "ibge": 2610004, "z": 37, "l": 1040, "nm": "ESCOLA MUNICIPAL PROFª MARIA ELISABETE DE OLIVEIRA CALADO (PALCO)", "nm_mun": "PALMARES", "aptos": 1777, "imp": 0}}, {"type": "Feature", "geometry": {"type": "Point", "coordinates": [-35.592503, -8.683707]}, "properties": {"i": 1810, "mun": 24996, "ibge": 2610004, "z": 37, "l": 1058, "nm": "ESCOLA PROFESSORA GALTEMIR LINS (ANTIGO COLÉGIO DIOCESANO)", "nm_mun": "PALMARES", "aptos": 3642, "imp": 0}}, {"type": "Feature", "geometry": {"type": "Point", "coordinates": [-35.588577, -8.684494]}, "properties": {"i": 1811, "mun": 24996, "ibge": 2610004, "z": 37, "l": 1066, "nm": "FUNDAÇÃO DE SAÚDE AMAURY DE MEDEIROS (III GERÊNCIA DE SAÚDE DO ESTADO)", "nm_mun": "PALMARES", "aptos": 1296, "imp": 0}}, {"type": "Feature", "geometry": {"type": "Point", "coordinates": [-35.591553, -8.687355]}, "properties": {"i": 1812, "mun": 24996, "ibge": 2610004, "z": 37, "l": 1074, "nm": "COLÉGIO MUNICIPAL FERNANDO AUGUSTO PINTO RIBEIRO (GINÁSIO)", "nm_mun": "PALMARES", "aptos": 3002, "imp": 0}}, {"type": "Feature", "geometry": {"type": "Point", "coordinates": [-35.675173, -8.76128]}, "properties": {"i": 1813, "mun": 24996, "ibge": 2610004, "z": 37, "l": 1104, "nm": "ESCOLA MUNICIPAL DR. ROSEMIRO RODRIGUES DE BARROS", "nm_mun": "PALMARES", "aptos": 1038, "imp": 0}}, {"type": "Feature", "geometry": {"type": "Point", "coordinates": [-35.59251, -8.687442]}, "properties": {"i": 1814, "mun": 24996, "ibge": 2610004, "z": 37, "l": 1120, "nm": "COLÉGIO SUPERAÇÃO (PETER PAN)", "nm_mun": "PALMARES", "aptos": 2369, "imp": 0}}, {"type": "Feature", "geometry": {"type": "Point", "coordinates": [-35.582791, -8.679721]}, "properties": {"i": 1815, "mun": 24996, "ibge": 2610004, "z": 37, "l": 1139, "nm": "EREM MONSENHOR ABÍLIO AMÉRICO GALVÃO", "nm_mun": "PALMARES", "aptos": 3897, "imp": 0}}, {"type": "Feature", "geometry": {"type": "Point", "coordinates": [-35.591672, -8.675942]}, "properties": {"i": 1816, "mun": 24996, "ibge": 2610004, "z": 37, "l": 1147, "nm": "ESCOLA MUNICIPAL DERMEVAL ALVES DE MIRANDA (ANTIGO ASCENSO FERREIRA)", "nm_mun": "PALMARES", "aptos": 2333, "imp": 0}}, {"type": "Feature", "geometry": {"type": "Point", "coordinates": [-35.589636, -8.672976]}, "properties": {"i": 1817, "mun": 24996, "ibge": 2610004, "z": 37, "l": 1155, "nm": "EREM  DOM ACÁCIO RODRIGUES ALVES", "nm_mun": "PALMARES", "aptos": 1630, "imp": 0}}, {"type": "Feature", "geometry": {"type": "Point", "coordinates": [-35.585206, -8.675105]}, "properties": {"i": 1818, "mun": 24996, "ibge": 2610004, "z": 37, "l": 1163, "nm": "ESCOLA MUNICIPAL SANTA LUZIA", "nm_mun": "PALMARES", "aptos": 2126, "imp": 0}}, {"type": "Feature", "geometry": {"type": "Point", "coordinates": [-35.574685, -8.661788]}, "properties": {"i": 1819, "mun": 24996, "ibge": 2610004, "z": 37, "l": 1171, "nm": "ESCOLA MUNICIPAL CAIC - JOSÉ DO RÊGO MACIEL", "nm_mun": "PALMARES", "aptos": 2266, "imp": 0}}, {"type": "Feature", "geometry": {"type": "Point", "coordinates": [-35.589047, -8.681482]}, "properties": {"i": 1820, "mun": 24996, "ibge": 2610004, "z": 37, "l": 1180, "nm": "ESCOLA PROFESSOR ELISEU PEREIRA DE MELO", "nm_mun": "PALMARES", "aptos": 2691, "imp": 0}}, {"type": "Feature", "geometry": {"type": "Point", "coordinates": [-35.579242, -8.674082]}, "properties": {"i": 1821, "mun": 24996, "ibge": 2610004, "z": 37, "l": 1210, "nm": "ESCOLA MUNICIPAL LUIZ DA ROCHA LEÃO", "nm_mun": "PALMARES", "aptos": 1408, "imp": 0}}, {"type": "Feature", "geometry": {"type": "Point", "coordinates": [-35.59375, -8.68845]}, "properties": {"i": 1822, "mun": 24996, "ibge": 2610004, "z": 37, "l": 1244, "nm": "SERVIÇO DE CONVIVÊNCIA E FORTALECIMENTO DE VÍNCULOS DO IDOSO", "nm_mun": "PALMARES", "aptos": 896, "imp": 0}}, {"type": "Feature", "geometry": {"type": "Point", "coordinates": [-35.663539, -8.588535]}, "properties": {"i": 1823, "mun": 24996, "ibge": 2610004, "z": 37, "l": 1252, "nm": "ESCOLA MUNICIPAL MONSENHOR ABILIO AMERICO GALVAO", "nm_mun": "PALMARES", "aptos": 2285, "imp": 0}}, {"type": "Feature", "geometry": {"type": "Point", "coordinates": [-35.591182, -8.679166]}, "properties": {"i": 1824, "mun": 24996, "ibge": 2610004, "z": 37, "l": 1309, "nm": "ESCOLA MUNICIPAL PROFESSOR LAURO FERREIRA CHAVES", "nm_mun": "PALMARES", "aptos": 1303, "imp": 0}}, {"type": "Feature", "geometry": {"type": "Point", "coordinates": [-35.604306, -8.69782]}, "properties": {"i": 1825, "mun": 24996, "ibge": 2610004, "z": 37, "l": 1376, "nm": "ESCOLA MUNICIPAL PROFESSOR LUIS CARLOS FERREIRA SILLES", "nm_mun": "PALMARES", "aptos": 784, "imp": 0}}, {"type": "Feature", "geometry": {"type": "Point", "coordinates": [-35.597687, -8.685907]}, "properties": {"i": 1826, "mun": 24996, "ibge": 2610004, "z": 37, "l": 1384, "nm": "EREM DR. PEDRO AFONSO DE MEDEIROS", "nm_mun": "PALMARES", "aptos": 4282, "imp": 0}}, {"type": "Feature", "geometry": {"type": "Point", "coordinates": [-35.574685, -8.661788]}, "properties": {"i": 1827, "mun": 24996, "ibge": 2610004, "z": 37, "l": 1392, "nm": "CRECHE MUNICIPAL NILZA MIRANDA MARQUES", "nm_mun": "PALMARES", "aptos": 1899, "imp": 1}}, {"type": "Feature", "geometry": {"type": "Point", "coordinates": [-36.326658, -9.004777]}, "properties": {"i": 1828, "mun": 25011, "ibge": 2610103, "z": 59, "l": 1023, "nm": "ESCOLA ALONSO BERNARDO DA SILVA", "nm_mun": "PALMEIRINA", "aptos": 3520, "imp": 0}}, {"type": "Feature", "geometry": {"type": "Point", "coordinates": [-36.352034, -9.027675]}, "properties": {"i": 1829, "mun": 25011, "ibge": 2610103, "z": 59, "l": 1082, "nm": "ESCOLA MUNICIPAL JOÃO PEREIRA PINTO", "nm_mun": "PALMEIRINA", "aptos": 358, "imp": 0}}, {"type": "Feature", "geometry": {"type": "Point", "coordinates": [-36.326451, -9.006452]}, "properties": {"i": 1830, "mun": 25011, "ibge": 2610103, "z": 59, "l": 1163, "nm": "ESCOLA MUNICIPAL MONS. JULIO DE SIQUEIRA", "nm_mun": "PALMEIRINA", "aptos": 2637, "imp": 0}}, {"type": "Feature", "geometry": {"type": "Point", "coordinates": [-36.009584, -8.663726]}, "properties": {"i": 1831, "mun": 25038, "ibge": 2610202, "z": 47, "l": 1023, "nm": "ESCOLA MUNICIPAL JOAQUIM NABUCO", "nm_mun": "PANELAS", "aptos": 2968, "imp": 0}}, {"type": "Feature", "geometry": {"type": "Point", "coordinates": [-36.009986, -8.666782]}, "properties": {"i": 1832, "mun": 25038, "ibge": 2610202, "z": 47, "l": 1040, "nm": "GRUPO ESCOLAR DOM MOURA", "nm_mun": "PANELAS", "aptos": 1985, "imp": 0}}, {"type": "Feature", "geometry": {"type": "Point", "coordinates": [-36.0074, -8.666282]}, "properties": {"i": 1833, "mun": 25038, "ibge": 2610202, "z": 47, "l": 1058, "nm": "ESCOLA ESTADUAL GREGÓRIO BEZERRA", "nm_mun": "PANELAS", "aptos": 2496, "imp": 0}}, {"type": "Feature", "geometry": {"type": "Point", "coordinates": [-36.012689, -8.663367]}, "properties": {"i": 1834, "mun": 25038, "ibge": 2610202, "z": 47, "l": 1074, "nm": "GRUPO ESCOLAR BENJAMIM GALVAO", "nm_mun": "PANELAS", "aptos": 554, "imp": 0}}, {"type": "Feature", "geometry": {"type": "Point", "coordinates": [-36.101858, -8.660203]}, "properties": {"i": 1835, "mun": 25038, "ibge": 2610202, "z": 47, "l": 1112, "nm": "GRUPO ESCOLAR RUI BARBOSA", "nm_mun": "PANELAS", "aptos": 2154, "imp": 0}}, {"type": "Feature", "geometry": {"type": "Point", "coordinates": [-36.043984, -8.598826]}, "properties": {"i": 1836, "mun": 25038, "ibge": 2610202, "z": 47, "l": 1147, "nm": "GRUPO JOSE FELIPE BARBOSA", "nm_mun": "PANELAS", "aptos": 1549, "imp": 0}}, {"type": "Feature", "geometry": {"type": "Point", "coordinates": [-36.06445, -8.718903]}, "properties": {"i": 1837, "mun": 25038, "ibge": 2610202, "z": 47, "l": 1155, "nm": "ESCOLA MUNICIPAL JOSE FELIZARDO", "nm_mun": "PANELAS", "aptos": 1380, "imp": 0}}, {"type": "Feature", "geometry": {"type": "Point", "coordinates": [-36.015957, -8.633282]}, "properties": {"i": 1838, "mun": 25038, "ibge": 2610202, "z": 47, "l": 1236, "nm": "GRUPO ESCOLAR MANOEL FRANCISCO DE LIRA", "nm_mun": "PANELAS", "aptos": 873, "imp": 0}}, {"type": "Feature", "geometry": {"type": "Point", "coordinates": [-36.102696, -8.660986]}, "properties": {"i": 1839, "mun": 25038, "ibge": 2610202, "z": 47, "l": 1244, "nm": "ESCOLA MUNICIPAL JOSÉ BENÍCIO FILHO", "nm_mun": "PANELAS", "aptos": 995, "imp": 0}}, {"type": "Feature", "geometry": {"type": "Point", "coordinates": [-36.010034, -8.663741]}, "properties": {"i": 1840, "mun": 25038, "ibge": 2610202, "z": 47, "l": 1252, "nm": "CENTRO DE ENSINO INFANTIL TIA JULIA DE ALMEIDA", "nm_mun": "PANELAS", "aptos": 1412, "imp": 0}}, {"type": "Feature", "geometry": {"type": "Point", "coordinates": [-36.027973, -8.711689]}, "properties": {"i": 1841, "mun": 25038, "ibge": 2610202, "z": 47, "l": 1279, "nm": "ESCOLA MUNICIPAL MANOEL DE MIRANDA SANTIAGO", "nm_mun": "PANELAS", "aptos": 1477, "imp": 0}}, {"type": "Feature", "geometry": {"type": "Point", "coordinates": [-36.059164, -8.627467]}, "properties": {"i": 1842, "mun": 25038, "ibge": 2610202, "z": 47, "l": 1287, "nm": "ESCOLA MUNICIPAL CONSELHEIRO JOÃO DO MURRÃO", "nm_mun": "PANELAS", "aptos": 812, "imp": 0}}, {"type": "Feature", "geometry": {"type": "Point", "coordinates": [-36.477952, -9.199333]}, "properties": {"i": 1843, "mun": 25038, "ibge": 2610202, "z": 47, "l": 1309, "nm": "CEI-CENTRO DE EDUCAÇÃO INFANTIL MARIA BETÂNIA DE OLIVEIRA", "nm_mun": "PANELAS", "aptos": 972, "imp": 1}}, {"type": "Feature", "geometry": {"type": "Point", "coordinates": [-36.656295, -8.919648]}, "properties": {"i": 1844, "mun": 25054, "ibge": 2610301, "z": 92, "l": 1031, "nm": "CAMARA DOS VEREADORES DE PARANATAMA", "nm_mun": "PARANATAMA", "aptos": 589, "imp": 0}}, {"type": "Feature", "geometry": {"type": "Point", "coordinates": [-36.656296, -8.91961]}, "properties": {"i": 1845, "mun": 25054, "ibge": 2610301, "z": 92, "l": 1074, "nm": "COLÉGIO DOM VITAL", "nm_mun": "PARANATAMA", "aptos": 1725, "imp": 0}}, {"type": "Feature", "geometry": {"type": "Point", "coordinates": [-36.654899, -8.919675]}, "properties": {"i": 1846, "mun": 25054, "ibge": 2610301, "z": 92, "l": 1082, "nm": "NOVA ESCOLA DE REFERÊNCIA NARCISO CORREIA", "nm_mun": "PARANATAMA", "aptos": 2870, "imp": 0}}, {"type": "Feature", "geometry": {"type": "Point", "coordinates": [-36.656105, -8.920503]}, "properties": {"i": 1847, "mun": 25054, "ibge": 2610301, "z": 92, "l": 1252, "nm": "ESCOLA JOAO BEZERRA SOBRINHO", "nm_mun": "PARANATAMA", "aptos": 1908, "imp": 0}}, {"type": "Feature", "geometry": {"type": "Point", "coordinates": [-36.721167, -8.937295]}, "properties": {"i": 1848, "mun": 25054, "ibge": 2610301, "z": 92, "l": 1333, "nm": "ESCOLA MIN. MARCO MACIEL (BREJO VELHO)", "nm_mun": "PARANATAMA", "aptos": 598, "imp": 0}}, {"type": "Feature", "geometry": {"type": "Point", "coordinates": [-36.657821, -8.920553]}, "properties": {"i": 1849, "mun": 25054, "ibge": 2610301, "z": 92, "l": 1341, "nm": "CRAS - CENTRO DE REFERÊNCIA E ASSISTÊNCIA SOCIAL", "nm_mun": "PARANATAMA", "aptos": 841, "imp": 0}}, {"type": "Feature", "geometry": {"type": "Point", "coordinates": [-36.705888, -8.915829]}, "properties": {"i": 1850, "mun": 25054, "ibge": 2610301, "z": 92, "l": 1350, "nm": "ESCOLA JOSÉ ALEXANDRE DA SILVA (ALTO DA SERRA)", "nm_mun": "PARANATAMA", "aptos": 938, "imp": 0}}, {"type": "Feature", "geometry": {"type": "Point", "coordinates": [-36.656434, -8.917629]}, "properties": {"i": 1851, "mun": 25054, "ibge": 2610301, "z": 92, "l": 1376, "nm": "POSTO DE SAÚDE JOSEFA TEIXEIRA VILELA", "nm_mun": "PARANATAMA", "aptos": 352, "imp": 0}}, {"type": "Feature", "geometry": {"type": "Point", "coordinates": [-36.657008, -8.919532]}, "properties": {"i": 1852, "mun": 25054, "ibge": 2610301, "z": 92, "l": 1422, "nm": "SECRETARIA MUNICIPAL DE EDUCAÇÃO", "nm_mun": "PARANATAMA", "aptos": 423, "imp": 0}}, {"type": "Feature", "geometry": {"type": "Point", "coordinates": [-36.485727, -8.707087]}, "properties": {"i": 1853, "mun": 25054, "ibge": 2610301, "z": 92, "l": 1457, "nm": "CENTRO DE EDUCAÇÃO INFANTIL MARIA SILVESTRE DA SILVA", "nm_mun": "PARANATAMA", "aptos": 1712, "imp": 1}}, {"type": "Feature", "geometry": {"type": "Point", "coordinates": [-39.580623, -8.091366]}, "properties": {"i": 1854, "mun": 25070, "ibge": 2610400, "z": 78, "l": 1023, "nm": "ESCOLA EUCLIDES DA CUNHA", "nm_mun": "PARNAMIRIM", "aptos": 2823, "imp": 0}}, {"type": "Feature", "geometry": {"type": "Point", "coordinates": [-39.571752, -8.091186]}, "properties": {"i": 1855, "mun": 25070, "ibge": 2610400, "z": 78, "l": 1031, "nm": "ESCOLA MUNICIPAL ANTONIO DE CARVALHO - EMAC", "nm_mun": "PARNAMIRIM", "aptos": 3149, "imp": 0}}, {"type": "Feature", "geometry": {"type": "Point", "coordinates": [-40.051332, -8.175979]}, "properties": {"i": 1856, "mun": 25070, "ibge": 2610400, "z": 78, "l": 1104, "nm": "ESCOLA JOSE RAMOS ANGELIM", "nm_mun": "PARNAMIRIM", "aptos": 2014, "imp": 0}}, {"type": "Feature", "geometry": {"type": "Point", "coordinates": [-39.784256, -8.093421]}, "properties": {"i": 1857, "mun": 25070, "ibge": 2610400, "z": 78, "l": 1120, "nm": "GRUPO ESCOLAR CASSIMIRO BRIGIDA", "nm_mun": "PARNAMIRIM", "aptos": 784, "imp": 0}}, {"type": "Feature", "geometry": {"type": "Point", "coordinates": [-39.773312, -8.012875]}, "properties": {"i": 1858, "mun": 25070, "ibge": 2610400, "z": 78, "l": 1163, "nm": "ESCOLA MUNICIPAL PEDRO FREIRE MODESTO", "nm_mun": "PARNAMIRIM", "aptos": 848, "imp": 0}}, {"type": "Feature", "geometry": {"type": "Point", "coordinates": [-39.748462, -7.973847]}, "properties": {"i": 1859, "mun": 25070, "ibge": 2610400, "z": 78, "l": 1180, "nm": "ESCOLA CARLOS DE MIRANDA", "nm_mun": "PARNAMIRIM", "aptos": 454, "imp": 0}}, {"type": "Feature", "geometry": {"type": "Point", "coordinates": [-39.433616, -8.069301]}, "properties": {"i": 1860, "mun": 25070, "ibge": 2610400, "z": 78, "l": 1201, "nm": "GRUPO ESCOLAR ANTONIO TIMOTEO DOS SANTOS", "nm_mun": "PARNAMIRIM", "aptos": 247, "imp": 0}}, {"type": "Feature", "geometry": {"type": "Point", "coordinates": [-39.731892, -8.179805]}, "properties": {"i": 1861, "mun": 25070, "ibge": 2610400, "z": 78, "l": 1228, "nm": "ESCOLA JOSE CLEMENTINO DE LIMA", "nm_mun": "PARNAMIRIM", "aptos": 436, "imp": 0}}, {"type": "Feature", "geometry": {"type": "Point", "coordinates": [-39.901485, -8.098395]}, "properties": {"i": 1862, "mun": 25070, "ibge": 2610400, "z": 78, "l": 1252, "nm": "ESCOLA SEVERIANO ALVES DE MATOS", "nm_mun": "PARNAMIRIM", "aptos": 633, "imp": 0}}, {"type": "Feature", "geometry": {"type": "Point", "coordinates": [-39.583515, -8.091704]}, "properties": {"i": 1863, "mun": 25070, "ibge": 2610400, "z": 78, "l": 1279, "nm": "CENTRO EDUCACIONAL PARNAMIRIM CENTENÁRIO", "nm_mun": "PARNAMIRIM", "aptos": 3888, "imp": 0}}, {"type": "Feature", "geometry": {"type": "Point", "coordinates": [-39.835417, -8.043427]}, "properties": {"i": 1864, "mun": 25070, "ibge": 2610400, "z": 78, "l": 1341, "nm": "GRUPO ESCOLAR EPIFÂNIO ALVES DA LUZ", "nm_mun": "PARNAMIRIM", "aptos": 425, "imp": 0}}, {"type": "Feature", "geometry": {"type": "Point", "coordinates": [-39.678945, -8.330908]}, "properties": {"i": 1865, "mun": 25070, "ibge": 2610400, "z": 78, "l": 1392, "nm": "ESCOLA MUNICIPAL MIGUEL LOPES MACHADO", "nm_mun": "PARNAMIRIM", "aptos": 264, "imp": 0}}, {"type": "Feature", "geometry": {"type": "Point", "coordinates": [-39.619356, -8.007908]}, "properties": {"i": 1866, "mun": 25070, "ibge": 2610400, "z": 78, "l": 1457, "nm": "ESCOLA MUNICIPAL ANDRÉ FIDELIS DE ARAÚJO", "nm_mun": "PARNAMIRIM", "aptos": 374, "imp": 0}}, {"type": "Feature", "geometry": {"type": "Point", "coordinates": [-39.434092, -8.113774]}, "properties": {"i": 1867, "mun": 25070, "ibge": 2610400, "z": 78, "l": 1465, "nm": "GRUPO ESCOLAR INÁCIO ALVES LANDIM", "nm_mun": "PARNAMIRIM", "aptos": 193, "imp": 0}}, {"type": "Feature", "geometry": {"type": "Point", "coordinates": [-39.858816, -8.032313]}, "properties": {"i": 1868, "mun": 25070, "ibge": 2610400, "z": 78, "l": 1481, "nm": "ESCOLA MUNICIPAL JOÃO ANTÔNIO DE MATOS", "nm_mun": "PARNAMIRIM", "aptos": 286, "imp": 0}}, {"type": "Feature", "geometry": {"type": "Point", "coordinates": [-39.84992, -8.001391]}, "properties": {"i": 1869, "mun": 25070, "ibge": 2610400, "z": 78, "l": 1490, "nm": "ESCOLA MUNICIPAL SEVERIANO DE ALENCAR", "nm_mun": "PARNAMIRIM", "aptos": 318, "imp": 0}}, {"type": "Feature", "geometry": {"type": "Point", "coordinates": [-35.923824, -8.500049]}, "properties": {"i": 1870, "mun": 25070, "ibge": 2610400, "z": 78, "l": 1562, "nm": "CAPELA SANTA TEREZINHA", "nm_mun": "PARNAMIRIM", "aptos": 159, "imp": 1}}, {"type": "Feature", "geometry": {"type": "Point", "coordinates": [-35.89475, -8.507025]}, "properties": {"i": 1871, "mun": 25070, "ibge": 2610400, "z": 78, "l": 1597, "nm": "ESCOLA DOMICIANO BALBINO DA SILVA", "nm_mun": "PARNAMIRIM", "aptos": 1303, "imp": 1}}, {"type": "Feature", "geometry": {"type": "Point", "coordinates": [-35.584773, -7.97674]}, "properties": {"i": 1872, "mun": 25097, "ibge": 2610509, "z": 91, "l": 1015, "nm": "ESCOLA MUNICIPAL MAURINA RODRIGUES DOS  SANTOS", "nm_mun": "PASSIRA", "aptos": 5210, "imp": 0}}, {"type": "Feature", "geometry": {"type": "Point", "coordinates": [-35.578681, -7.97887]}, "properties": {"i": 1873, "mun": 25097, "ibge": 2610509, "z": 91, "l": 1023, "nm": "GRUPO ESCOLAR EDSON REGIS DE CARVALHO", "nm_mun": "PASSIRA", "aptos": 1818, "imp": 0}}, {"type": "Feature", "geometry": {"type": "Point", "coordinates": [-35.577907, -7.983321]}, "properties": {"i": 1874, "mun": 25097, "ibge": 2610509, "z": 91, "l": 1031, "nm": "ESCOLA MANOEL GUILHERME DA SILVA", "nm_mun": "PASSIRA", "aptos": 2618, "imp": 0}}, {"type": "Feature", "geometry": {"type": "Point", "coordinates": [-35.534499, -7.984856]}, "properties": {"i": 1875, "mun": 25097, "ibge": 2610509, "z": 91, "l": 1058, "nm": "GRUPO ESCOLAR MINIMA DE CANDIAIS", "nm_mun": "PASSIRA", "aptos": 956, "imp": 0}}, {"type": "Feature", "geometry": {"type": "Point", "coordinates": [-35.581585, -7.947716]}, "properties": {"i": 1876, "mun": 25097, "ibge": 2610509, "z": 91, "l": 1066, "nm": "GRUPO ESCOLAR OTAVIANO BASILIO", "nm_mun": "PASSIRA", "aptos": 783, "imp": 0}}, {"type": "Feature", "geometry": {"type": "Point", "coordinates": [-35.546026, -7.947148]}, "properties": {"i": 1877, "mun": 25097, "ibge": 2610509, "z": 91, "l": 1074, "nm": "GRUPO ESCOLAR JOSE PAULINO DO NASCIMENTO", "nm_mun": "PASSIRA", "aptos": 764, "imp": 0}}, {"type": "Feature", "geometry": {"type": "Point", "coordinates": [-35.486716, -8.014864]}, "properties": {"i": 1878, "mun": 25097, "ibge": 2610509, "z": 91, "l": 1082, "nm": "ESCOLA INTERMEDIARIA MARIA ALVES DE LIMA", "nm_mun": "PASSIRA", "aptos": 2045, "imp": 0}}, {"type": "Feature", "geometry": {"type": "Point", "coordinates": [-35.505011, -8.012929]}, "properties": {"i": 1879, "mun": 25097, "ibge": 2610509, "z": 91, "l": 1104, "nm": "GRUPO ESCOLAR JERONIMO DE MORAES HERACLIO", "nm_mun": "PASSIRA", "aptos": 1027, "imp": 0}}, {"type": "Feature", "geometry": {"type": "Point", "coordinates": [-35.580389, -7.973568]}, "properties": {"i": 1880, "mun": 25097, "ibge": 2610509, "z": 91, "l": 1120, "nm": "ESCOLA CONEGO FERNANDO PASSOS", "nm_mun": "PASSIRA", "aptos": 4344, "imp": 0}}, {"type": "Feature", "geometry": {"type": "Point", "coordinates": [-35.555611, -7.956832]}, "properties": {"i": 1881, "mun": 25097, "ibge": 2610509, "z": 91, "l": 1147, "nm": "GRUPO ESCOLAR VENEZIANO VITAL DO REGO", "nm_mun": "PASSIRA", "aptos": 422, "imp": 0}}, {"type": "Feature", "geometry": {"type": "Point", "coordinates": [-35.476452, -7.966316]}, "properties": {"i": 1882, "mun": 25097, "ibge": 2610509, "z": 91, "l": 1155, "nm": "ESCOLA INTERMEDIARIA MARIA JOSE DE MEDEIROS", "nm_mun": "PASSIRA", "aptos": 1994, "imp": 0}}, {"type": "Feature", "geometry": {"type": "Point", "coordinates": [-35.457874, -7.978968]}, "properties": {"i": 1883, "mun": 25097, "ibge": 2610509, "z": 91, "l": 1180, "nm": "GRUPO ESCOLAR ADEJARDO FERNANDES DA SILVA", "nm_mun": "PASSIRA", "aptos": 676, "imp": 0}}, {"type": "Feature", "geometry": {"type": "Point", "coordinates": [-35.60443, -8.006313]}, "properties": {"i": 1884, "mun": 25097, "ibge": 2610509, "z": 91, "l": 1210, "nm": "ESCOLA MUNICIPAL JOSÉ BERNARDINO DE SENA", "nm_mun": "PASSIRA", "aptos": 721, "imp": 0}}, {"type": "Feature", "geometry": {"type": "Point", "coordinates": [-35.555627, -8.033622]}, "properties": {"i": 1885, "mun": 25097, "ibge": 2610509, "z": 91, "l": 1236, "nm": "ESCOLA MUNICIPAL JOÃO HERÁCLIO DUARTE", "nm_mun": "PASSIRA", "aptos": 1127, "imp": 0}}, {"type": "Feature", "geometry": {"type": "Point", "coordinates": [-35.136822, -7.932126]}, "properties": {"i": 1886, "mun": 25097, "ibge": 2610509, "z": 91, "l": 1260, "nm": "EXTENSÃO DA ESCOLA MUNICIPAL MAURINA RODRIGUES DOS SANTOS", "nm_mun": "PASSIRA", "aptos": 1662, "imp": 1}}, {"type": "Feature", "geometry": {"type": "Point", "coordinates": [-35.136822, -7.932126]}, "properties": {"i": 1887, "mun": 25119, "ibge": 2610608, "z": 17, "l": 1023, "nm": "ESCOLA MUNICIPAL ALCINDO LACERDA (CHÃ DE CAPOEIRA)", "nm_mun": "PAUDALHO", "aptos": 1091, "imp": 0}}, {"type": "Feature", "geometry": {"type": "Point", "coordinates": [-35.175213, -7.896975]}, "properties": {"i": 1888, "mun": 25119, "ibge": 2610608, "z": 17, "l": 1074, "nm": "ESCOLA MUNICIPAL GENILDA MARTINS", "nm_mun": "PAUDALHO", "aptos": 1539, "imp": 0}}, {"type": "Feature", "geometry": {"type": "Point", "coordinates": [-35.18502, -7.902854]}, "properties": {"i": 1889, "mun": 25119, "ibge": 2610608, "z": 17, "l": 1198, "nm": "EREM CONFEDERACAO DO EQUADOR", "nm_mun": "PAUDALHO", "aptos": 3866, "imp": 0}}, {"type": "Feature", "geometry": {"type": "Point", "coordinates": [-35.178753, -7.898958]}, "properties": {"i": 1890, "mun": 25119, "ibge": 2610608, "z": 17, "l": 1201, "nm": "ESCOLA ESTADUAL JOÃO CAVALCANTI PETRIBU", "nm_mun": "PAUDALHO", "aptos": 2280, "imp": 0}}, {"type": "Feature", "geometry": {"type": "Point", "coordinates": [-35.090286, -7.913761]}, "properties": {"i": 1891, "mun": 25119, "ibge": 2610608, "z": 17, "l": 1236, "nm": "ESCOLA MUN. SEVERINO MAURICIO CARNEIRO DA SILVA (PIRASSIRICA)", "nm_mun": "PAUDALHO", "aptos": 338, "imp": 0}}, {"type": "Feature", "geometry": {"type": "Point", "coordinates": [-35.181299, -7.89871]}, "properties": {"i": 1892, "mun": 25119, "ibge": 2610608, "z": 17, "l": 1244, "nm": "ESCOLA MUNICIPAL MANOEL DA ROSA", "nm_mun": "PAUDALHO", "aptos": 1698, "imp": 0}}, {"type": "Feature", "geometry": {"type": "Point", "coordinates": [-35.175261, -7.902223]}, "properties": {"i": 1893, "mun": 25119, "ibge": 2610608, "z": 17, "l": 1287, "nm": "COLEGIO MUNICIPAL TANCREDO NEVES", "nm_mun": "PAUDALHO", "aptos": 4829, "imp": 0}}, {"type": "Feature", "geometry": {"type": "Point", "coordinates": [-35.129655, -7.842321]}, "properties": {"i": 1894, "mun": 25119, "ibge": 2610608, "z": 17, "l": 1309, "nm": "ESCOLA MUNICIPAL JOSE BONIFACIO", "nm_mun": "PAUDALHO", "aptos": 2035, "imp": 0}}, {"type": "Feature", "geometry": {"type": "Point", "coordinates": [-35.206906, -7.886321]}, "properties": {"i": 1895, "mun": 25119, "ibge": 2610608, "z": 17, "l": 1317, "nm": "ESCOLA MUNICIPAL ELIZA FIDELIS", "nm_mun": "PAUDALHO", "aptos": 985, "imp": 0}}, {"type": "Feature", "geometry": {"type": "Point", "coordinates": [-35.179431, -7.918698]}, "properties": {"i": 1896, "mun": 25119, "ibge": 2610608, "z": 17, "l": 1325, "nm": "ESCOLA MUNICIPAL PAULO VI", "nm_mun": "PAUDALHO", "aptos": 518, "imp": 0}}, {"type": "Feature", "geometry": {"type": "Point", "coordinates": [-35.063337, -7.905388]}, "properties": {"i": 1897, "mun": 25119, "ibge": 2610608, "z": 17, "l": 1333, "nm": "ESCOLA MUNICIPAL MARIA DE FATIMA", "nm_mun": "PAUDALHO", "aptos": 3788, "imp": 0}}, {"type": "Feature", "geometry": {"type": "Point", "coordinates": [-35.116993, -7.90697]}, "properties": {"i": 1898, "mun": 25119, "ibge": 2610608, "z": 17, "l": 1350, "nm": "ESCOLA MUNICIPAL SINHÔ BANDEIRA", "nm_mun": "PAUDALHO", "aptos": 854, "imp": 0}}, {"type": "Feature", "geometry": {"type": "Point", "coordinates": [-35.175526, -7.899186]}, "properties": {"i": 1899, "mun": 25119, "ibge": 2610608, "z": 17, "l": 1457, "nm": "COLEGIO MUNICIPAL DO PAUDALHO - CMP", "nm_mun": "PAUDALHO", "aptos": 5050, "imp": 0}}, {"type": "Feature", "geometry": {"type": "Point", "coordinates": [-35.120464, -7.944051]}, "properties": {"i": 1900, "mun": 25119, "ibge": 2610608, "z": 17, "l": 1465, "nm": "COLEGIO MUNICIPAL DE GUADALAJARA - CMG", "nm_mun": "PAUDALHO", "aptos": 3977, "imp": 0}}, {"type": "Feature", "geometry": {"type": "Point", "coordinates": [-35.170517, -7.899569]}, "properties": {"i": 1901, "mun": 25119, "ibge": 2610608, "z": 17, "l": 1481, "nm": "ESCOLA MUNICIPAL PREFEITO HERCULANO BANDEIRA", "nm_mun": "PAUDALHO", "aptos": 3126, "imp": 0}}, {"type": "Feature", "geometry": {"type": "Point", "coordinates": [-35.1642, -7.936492]}, "properties": {"i": 1902, "mun": 25119, "ibge": 2610608, "z": 17, "l": 1490, "nm": "ESCOLA MUNICIPAL MENINO JESUS", "nm_mun": "PAUDALHO", "aptos": 272, "imp": 0}}, {"type": "Feature", "geometry": {"type": "Point", "coordinates": [-35.1642, -7.936492]}, "properties": {"i": 1903, "mun": 25119, "ibge": 2610608, "z": 17, "l": 1503, "nm": "ESCOLA MUNICIPAL SEVERINO JOSÉ VALENTIM", "nm_mun": "PAUDALHO", "aptos": 146, "imp": 1}}, {"type": "Feature", "geometry": {"type": "Point", "coordinates": [-35.465421, -8.241345]}, "properties": {"i": 1904, "mun": 25119, "ibge": 2610608, "z": 17, "l": 1511, "nm": "ESCOLA MUNICIPAL VEREADOR ANANIAS DA COSTA MACEDO", "nm_mun": "PAUDALHO", "aptos": 2657, "imp": 1}}, {"type": "Feature", "geometry": {"type": "Point", "coordinates": [-39.82555, -8.800531]}, "properties": {"i": 1905, "mun": 25119, "ibge": 2610608, "z": 17, "l": 1520, "nm": "ESCOLA MUNICIPAL EUFRÁSIO CAMPOS GOUVEIA", "nm_mun": "PAUDALHO", "aptos": 3687, "imp": 1}}, {"type": "Feature", "geometry": {"type": "Point", "coordinates": [-35.572768, -8.202899]}, "properties": {"i": 1906, "mun": 25119, "ibge": 2610608, "z": 17, "l": 1538, "nm": "ESCOLA MUNICIPAL PROFESSORA MARTA LIRA", "nm_mun": "PAUDALHO", "aptos": 3138, "imp": 1}}, {"type": "Feature", "geometry": {"type": "Point", "coordinates": [-34.88874, -7.934445]}, "properties": {"i": 1907, "mun": 25135, "ibge": 2610707, "z": 12, "l": 1015, "nm": "ESCOLA MANOEL DE BASTOS TIGRE", "nm_mun": "PAULISTA", "aptos": 5525, "imp": 0}}, {"type": "Feature", "geometry": {"type": "Point", "coordinates": [-34.898504, -7.932745]}, "properties": {"i": 1908, "mun": 25135, "ibge": 2610707, "z": 12, "l": 1058, "nm": "CENTRO EDUCACIONAL PROFESSOR NILO PEREIRA", "nm_mun": "PAULISTA", "aptos": 1372, "imp": 0}}, {"type": "Feature", "geometry": {"type": "Point", "coordinates": [-34.895836, -7.951474]}, "properties": {"i": 1909, "mun": 25135, "ibge": 2610707, "z": 12, "l": 1104, "nm": "ESCOLA POLIVALENTE MARIA DO CARMO PINTO RIBEIRO", "nm_mun": "PAULISTA", "aptos": 7143, "imp": 0}}, {"type": "Feature", "geometry": {"type": "Point", "coordinates": [-34.902248, -7.950477]}, "properties": {"i": 1910, "mun": 25135, "ibge": 2610707, "z": 12, "l": 1112, "nm": "ESCOLA PROFESSORA ZULMIRA DE PAULA ALMEIDA", "nm_mun": "PAULISTA", "aptos": 5430, "imp": 0}}, {"type": "Feature", "geometry": {"type": "Point", "coordinates": [-34.890034, -7.961273]}, "properties": {"i": 1911, "mun": 25135, "ibge": 2610707, "z": 12, "l": 1139, "nm": "ESCOLA MUNICIPAL TEREZINHA CAMAROTTI", "nm_mun": "PAULISTA", "aptos": 1941, "imp": 0}}, {"type": "Feature", "geometry": {"type": "Point", "coordinates": [-34.890725, -7.966528]}, "properties": {"i": 1912, "mun": 25135, "ibge": 2610707, "z": 12, "l": 1147, "nm": "ESCOLA FREI GUIDO", "nm_mun": "PAULISTA", "aptos": 2148, "imp": 0}}, {"type": "Feature", "geometry": {"type": "Point", "coordinates": [-34.890983, -7.958818]}, "properties": {"i": 1913, "mun": 25135, "ibge": 2610707, "z": 12, "l": 1155, "nm": "ESCOLA PRESIDENTE CASTELO BRANCO", "nm_mun": "PAULISTA", "aptos": 4140, "imp": 0}}, {"type": "Feature", "geometry": {"type": "Point", "coordinates": [-34.893631, -7.968461]}, "properties": {"i": 1914, "mun": 25135, "ibge": 2610707, "z": 12, "l": 1163, "nm": "HOSPITAL DA MIRUEIRA", "nm_mun": "PAULISTA", "aptos": 329, "imp": 0}}, {"type": "Feature", "geometry": {"type": "Point", "coordinates": [-34.897197, -7.950404]}, "properties": {"i": 1915, "mun": 25135, "ibge": 2610707, "z": 12, "l": 1198, "nm": "ESCOLA MUNICIPAL MARIA DAS NEVES", "nm_mun": "PAULISTA", "aptos": 2370, "imp": 0}}, {"type": "Feature", "geometry": {"type": "Point", "coordinates": [-34.897754, -7.957182]}, "properties": {"i": 1916, "mun": 25135, "ibge": 2610707, "z": 12, "l": 1201, "nm": "ESCOLA MUNICIPAL HEINZ HERING", "nm_mun": "PAULISTA", "aptos": 2268, "imp": 0}}, {"type": "Feature", "geometry": {"type": "Point", "coordinates": [-34.893555, -7.923811]}, "properties": {"i": 1917, "mun": 25135, "ibge": 2610707, "z": 12, "l": 1244, "nm": "ESCOLA ERALDO GUEIROS LEITE", "nm_mun": "PAULISTA", "aptos": 5257, "imp": 0}}, {"type": "Feature", "geometry": {"type": "Point", "coordinates": [-34.891427, -7.951857]}, "properties": {"i": 1918, "mun": 25135, "ibge": 2610707, "z": 12, "l": 1260, "nm": "ESCOLA RADIALISTA LUIZ QUEIROGA", "nm_mun": "PAULISTA", "aptos": 4734, "imp": 0}}, {"type": "Feature", "geometry": {"type": "Point", "coordinates": [-34.897965, -7.932649]}, "properties": {"i": 1919, "mun": 25135, "ibge": 2610707, "z": 12, "l": 1325, "nm": "EREM PADRE OSMAR NOVAES(POLIVALENTE DE PARATIBE)", "nm_mun": "PAULISTA", "aptos": 4791, "imp": 0}}, {"type": "Feature", "geometry": {"type": "Point", "coordinates": [-34.899707, -7.932344]}, "properties": {"i": 1920, "mun": 25135, "ibge": 2610707, "z": 12, "l": 1333, "nm": "ESCOLA PAROQUIAL NOSSA SENHORA DE FATIMA", "nm_mun": "PAULISTA", "aptos": 5800, "imp": 0}}, {"type": "Feature", "geometry": {"type": "Point", "coordinates": [-34.898719, -7.934111]}, "properties": {"i": 1921, "mun": 25135, "ibge": 2610707, "z": 12, "l": 1341, "nm": "ESCOLA MUNICIPAL GELDA AMORIM", "nm_mun": "PAULISTA", "aptos": 3146, "imp": 0}}, {"type": "Feature", "geometry": {"type": "Point", "coordinates": [-34.898814, -7.932883]}, "properties": {"i": 1922, "mun": 25135, "ibge": 2610707, "z": 12, "l": 1350, "nm": "GRUPO ESCOLAR CUSTODIO PESSOA", "nm_mun": "PAULISTA", "aptos": 4468, "imp": 0}}, {"type": "Feature", "geometry": {"type": "Point", "coordinates": [-34.901348, -7.938817]}, "properties": {"i": 1923, "mun": 25135, "ibge": 2610707, "z": 12, "l": 1414, "nm": "ESCOLA MARIA LUZIA PESSOA DE ANDRADE", "nm_mun": "PAULISTA", "aptos": 2221, "imp": 0}}, {"type": "Feature", "geometry": {"type": "Point", "coordinates": [-34.890729, -7.926938]}, "properties": {"i": 1924, "mun": 25135, "ibge": 2610707, "z": 12, "l": 1562, "nm": "ESCOLA MUNICIPAL RUBENITA DE LIMA CAVALCANTI", "nm_mun": "PAULISTA", "aptos": 1351, "imp": 0}}, {"type": "Feature", "geometry": {"type": "Point", "coordinates": [-34.892057, -7.940504]}, "properties": {"i": 1925, "mun": 25135, "ibge": 2610707, "z": 12, "l": 1570, "nm": "SESI", "nm_mun": "PAULISTA", "aptos": 2812, "imp": 0}}, {"type": "Feature", "geometry": {"type": "Point", "coordinates": [-34.908623, -7.972456]}, "properties": {"i": 1926, "mun": 25135, "ibge": 2610707, "z": 12, "l": 1589, "nm": "ESCOLA MUNICIPAL DA MATA DO RONCA", "nm_mun": "PAULISTA", "aptos": 361, "imp": 0}}, {"type": "Feature", "geometry": {"type": "Point", "coordinates": [-34.912032, -7.947498]}, "properties": {"i": 1927, "mun": 25135, "ibge": 2610707, "z": 12, "l": 1597, "nm": "ESCOLA MUNICIPAL PROFESSORA NEIDE APARECIDA", "nm_mun": "PAULISTA", "aptos": 614, "imp": 0}}, {"type": "Feature", "geometry": {"type": "Point", "coordinates": [-34.896217, -7.929131]}, "properties": {"i": 1928, "mun": 25135, "ibge": 2610707, "z": 12, "l": 1619, "nm": "ESCOLA MUNICIPAL MARÍLIA RUSSEL", "nm_mun": "PAULISTA", "aptos": 763, "imp": 0}}, {"type": "Feature", "geometry": {"type": "Point", "coordinates": [-34.888129, -7.935887]}, "properties": {"i": 1929, "mun": 25135, "ibge": 2610707, "z": 12, "l": 1627, "nm": "ESCOLA MUN. MANUEL ALVES DE MORAIS NAVARRO (ANTIGA FREDERICO LUNDGREN)", "nm_mun": "PAULISTA", "aptos": 1325, "imp": 0}}, {"type": "Feature", "geometry": {"type": "Point", "coordinates": [-34.890315, -7.947712]}, "properties": {"i": 1930, "mun": 25135, "ibge": 2610707, "z": 12, "l": 1724, "nm": "SENAC PAULISTA", "nm_mun": "PAULISTA", "aptos": 1601, "imp": 0}}, {"type": "Feature", "geometry": {"type": "Point", "coordinates": [-34.865903, -7.995328]}, "properties": {"i": 1931, "mun": 25135, "ibge": 2610707, "z": 12, "l": 1732, "nm": "ESCOLA MENINO JESUS", "nm_mun": "PAULISTA", "aptos": 2126, "imp": 1}}, {"type": "Feature", "geometry": {"type": "Point", "coordinates": [-34.863965, -7.92553]}, "properties": {"i": 1932, "mun": 25135, "ibge": 2610707, "z": 114, "l": 1015, "nm": "ESCOLA MUNICIPAL SUSIE REGIS", "nm_mun": "PAULISTA", "aptos": 2104, "imp": 0}}, {"type": "Feature", "geometry": {"type": "Point", "coordinates": [-34.859494, -7.931793]}, "properties": {"i": 1933, "mun": 25135, "ibge": 2610707, "z": 114, "l": 1023, "nm": "ACADEMIA MARIA LEOPOLDINA", "nm_mun": "PAULISTA", "aptos": 1683, "imp": 0}}, {"type": "Feature", "geometry": {"type": "Point", "coordinates": [-34.863843, -7.950685]}, "properties": {"i": 1934, "mun": 25135, "ibge": 2610707, "z": 114, "l": 1040, "nm": "ESCOLA ESTADUAL ESCRITOR JOSÉ DE ALENCAR", "nm_mun": "PAULISTA", "aptos": 5528, "imp": 0}}, {"type": "Feature", "geometry": {"type": "Point", "coordinates": [-34.852677, -7.950483]}, "properties": {"i": 1935, "mun": 25135, "ibge": 2610707, "z": 114, "l": 1058, "nm": "ESCOLA HISTORIADOR PEREIRA DA COSTA", "nm_mun": "PAULISTA", "aptos": 4044, "imp": 0}}, {"type": "Feature", "geometry": {"type": "Point", "coordinates": [-34.853005, -7.949849]}, "properties": {"i": 1936, "mun": 25135, "ibge": 2610707, "z": 114, "l": 1066, "nm": "CRECHE TIO ROBERTO", "nm_mun": "PAULISTA", "aptos": 2804, "imp": 0}}, {"type": "Feature", "geometry": {"type": "Point", "coordinates": [-34.856893, -7.929901]}, "properties": {"i": 1937, "mun": 25135, "ibge": 2610707, "z": 114, "l": 1074, "nm": "INSTITUTO RACKEL DE MENEZES", "nm_mun": "PAULISTA", "aptos": 3002, "imp": 0}}, {"type": "Feature", "geometry": {"type": "Point", "coordinates": [-34.852669, -7.927461]}, "properties": {"i": 1938, "mun": 25135, "ibge": 2610707, "z": 114, "l": 1090, "nm": "ESCOLA MARIA ALVES MACHADO", "nm_mun": "PAULISTA", "aptos": 5035, "imp": 0}}, {"type": "Feature", "geometry": {"type": "Point", "coordinates": [-34.868181, -7.945821]}, "properties": {"i": 1939, "mun": 25135, "ibge": 2610707, "z": 114, "l": 1104, "nm": "ESCOLA MUNICIPAL MINISTRO MARCOS FREIRE", "nm_mun": "PAULISTA", "aptos": 3769, "imp": 0}}, {"type": "Feature", "geometry": {"type": "Point", "coordinates": [-34.864643, -7.944741]}, "properties": {"i": 1940, "mun": 25135, "ibge": 2610707, "z": 114, "l": 1112, "nm": "ESCOLA MANOEL GONÇALVES DA SILVA", "nm_mun": "PAULISTA", "aptos": 3728, "imp": 0}}, {"type": "Feature", "geometry": {"type": "Point", "coordinates": [-34.856306, -7.93366]}, "properties": {"i": 1941, "mun": 25135, "ibge": 2610707, "z": 114, "l": 1120, "nm": "ESCOLA DOUTOR LUIZ CABRAL DE MELO", "nm_mun": "PAULISTA", "aptos": 6337, "imp": 0}}, {"type": "Feature", "geometry": {"type": "Point", "coordinates": [-34.860045, -7.948188]}, "properties": {"i": 1942, "mun": 25135, "ibge": 2610707, "z": 114, "l": 1139, "nm": "ESCOLA PROFESSOR ARNALDO CARNEIRO LEAO", "nm_mun": "PAULISTA", "aptos": 7078, "imp": 0}}, {"type": "Feature", "geometry": {"type": "Point", "coordinates": [-34.856782, -7.948751]}, "properties": {"i": 1943, "mun": 25135, "ibge": 2610707, "z": 114, "l": 1147, "nm": "ESCOLA MUNICIPAL CARLOS ALBERTO DA SILVA ALVES", "nm_mun": "PAULISTA", "aptos": 1054, "imp": 0}}, {"type": "Feature", "geometry": {"type": "Point", "coordinates": [-34.869456, -7.954664]}, "properties": {"i": 1944, "mun": 25135, "ibge": 2610707, "z": 114, "l": 1155, "nm": "ESCOLA CONEGO COSTA CARVALHO", "nm_mun": "PAULISTA", "aptos": 3129, "imp": 0}}, {"type": "Feature", "geometry": {"type": "Point", "coordinates": [-34.877392, -7.945801]}, "properties": {"i": 1945, "mun": 25135, "ibge": 2610707, "z": 114, "l": 1171, "nm": "ESCOLA ESTADUAL DANTAS BARRETO", "nm_mun": "PAULISTA", "aptos": 2240, "imp": 0}}, {"type": "Feature", "geometry": {"type": "Point", "coordinates": [-34.878594, -7.942836]}, "properties": {"i": 1946, "mun": 25135, "ibge": 2610707, "z": 114, "l": 1180, "nm": "COLÉGIO FIRMINO DA VEIGA", "nm_mun": "PAULISTA", "aptos": 2470, "imp": 0}}, {"type": "Feature", "geometry": {"type": "Point", "coordinates": [-34.873041, -7.93844]}, "properties": {"i": 1947, "mun": 25135, "ibge": 2610707, "z": 114, "l": 1198, "nm": "ESCOLA ESTADUAL AMARINA SIMOES", "nm_mun": "PAULISTA", "aptos": 2138, "imp": 0}}, {"type": "Feature", "geometry": {"type": "Point", "coordinates": [-34.873094, -7.939427]}, "properties": {"i": 1948, "mun": 25135, "ibge": 2610707, "z": 114, "l": 1201, "nm": "CLUBE MUNICIPAL DE PAULISTA", "nm_mun": "PAULISTA", "aptos": 1190, "imp": 0}}, {"type": "Feature", "geometry": {"type": "Point", "coordinates": [-34.87677, -7.954407]}, "properties": {"i": 1949, "mun": 25135, "ibge": 2610707, "z": 114, "l": 1210, "nm": "COLÉGIO FERNANDO FERRARI", "nm_mun": "PAULISTA", "aptos": 1598, "imp": 0}}, {"type": "Feature", "geometry": {"type": "Point", "coordinates": [-34.875962, -7.958541]}, "properties": {"i": 1950, "mun": 25135, "ibge": 2610707, "z": 114, "l": 1228, "nm": "ESCOLA MUNICIPAL JAIME GONÇALVES BOLD", "nm_mun": "PAULISTA", "aptos": 1895, "imp": 0}}, {"type": "Feature", "geometry": {"type": "Point", "coordinates": [-34.873612, -7.952824]}, "properties": {"i": 1951, "mun": 25135, "ibge": 2610707, "z": 114, "l": 1236, "nm": "ESCOLA DE PAULISTA (CENTRO DE DEMONSTRAÇÃO)", "nm_mun": "PAULISTA", "aptos": 4862, "imp": 0}}, {"type": "Feature", "geometry": {"type": "Point", "coordinates": [-34.880974, -7.970771]}, "properties": {"i": 1952, "mun": 25135, "ibge": 2610707, "z": 114, "l": 1252, "nm": "ESCOLA ESTADUAL WALFRIDO ADVÍNCULA", "nm_mun": "PAULISTA", "aptos": 1974, "imp": 0}}, {"type": "Feature", "geometry": {"type": "Point", "coordinates": [-34.860117, -7.959513]}, "properties": {"i": 1953, "mun": 25135, "ibge": 2610707, "z": 114, "l": 1260, "nm": "ESCOLA MUNICIPAL POETISA CECÍLIA MEIRELES", "nm_mun": "PAULISTA", "aptos": 674, "imp": 0}}, {"type": "Feature", "geometry": {"type": "Point", "coordinates": [-34.852934, -7.924099]}, "properties": {"i": 1954, "mun": 25135, "ibge": 2610707, "z": 114, "l": 1279, "nm": "ESCOLA MUNICIPAL PROFESSORA MARIA DA CONCEICAO DA PAZ", "nm_mun": "PAULISTA", "aptos": 2292, "imp": 0}}, {"type": "Feature", "geometry": {"type": "Point", "coordinates": [-34.862808, -7.94678]}, "properties": {"i": 1955, "mun": 25135, "ibge": 2610707, "z": 114, "l": 1295, "nm": "ESCOLA PASSO A PASSO", "nm_mun": "PAULISTA", "aptos": 943, "imp": 0}}, {"type": "Feature", "geometry": {"type": "Point", "coordinates": [-34.874544, -7.938777]}, "properties": {"i": 1956, "mun": 25135, "ibge": 2610707, "z": 114, "l": 1309, "nm": "CEDA - CENTRO EDUCACIONAL DANIELE ALVES", "nm_mun": "PAULISTA", "aptos": 2276, "imp": 0}}, {"type": "Feature", "geometry": {"type": "Point", "coordinates": [-34.858641, -7.932258]}, "properties": {"i": 1957, "mun": 25135, "ibge": 2610707, "z": 114, "l": 1317, "nm": "INSTITUTO JÉSSIKA COSTA", "nm_mun": "PAULISTA", "aptos": 1971, "imp": 0}}, {"type": "Feature", "geometry": {"type": "Point", "coordinates": [-34.861796, -7.969082]}, "properties": {"i": 1958, "mun": 25135, "ibge": 2610707, "z": 114, "l": 1325, "nm": "ASSOCIAÇÃO BAIRRO DO FRAGOSO", "nm_mun": "PAULISTA", "aptos": 1178, "imp": 0}}, {"type": "Feature", "geometry": {"type": "Point", "coordinates": [-34.857998, -7.929294]}, "properties": {"i": 1959, "mun": 25135, "ibge": 2610707, "z": 114, "l": 1333, "nm": "INSTITUTO PRINCESA ISABEL", "nm_mun": "PAULISTA", "aptos": 220, "imp": 0}}, {"type": "Feature", "geometry": {"type": "Point", "coordinates": [-34.862282, -7.928777]}, "properties": {"i": 1960, "mun": 25135, "ibge": 2610707, "z": 114, "l": 1341, "nm": "ESCOLA MUNICIPAL PROFESSORA EDNA MARINHO DA SILVA", "nm_mun": "PAULISTA", "aptos": 2032, "imp": 0}}, {"type": "Feature", "geometry": {"type": "Point", "coordinates": [-34.879471, -7.938052]}, "properties": {"i": 1961, "mun": 25135, "ibge": 2610707, "z": 114, "l": 1350, "nm": "CENTRO UNIVERSIT UNI NASSAU (BL C) PRÓX SHOPPING PAULISTA", "nm_mun": "PAULISTA", "aptos": 1536, "imp": 0}}, {"type": "Feature", "geometry": {"type": "Point", "coordinates": [-34.859944, -7.936697]}, "properties": {"i": 1962, "mun": 25135, "ibge": 2610707, "z": 114, "l": 1368, "nm": "CRECHE NOSSA PRATA", "nm_mun": "PAULISTA", "aptos": 683, "imp": 0}}, {"type": "Feature", "geometry": {"type": "Point", "coordinates": [-34.890432, -7.918548]}, "properties": {"i": 1963, "mun": 25135, "ibge": 2610707, "z": 114, "l": 1376, "nm": "ESCOLA MUNICIPAL ABELARDO SALES SIQUEIRA", "nm_mun": "PAULISTA", "aptos": 639, "imp": 0}}, {"type": "Feature", "geometry": {"type": "Point", "coordinates": [-34.859944, -7.936697]}, "properties": {"i": 1964, "mun": 25135, "ibge": 2610707, "z": 114, "l": 1384, "nm": "ESCOLA ESPAÇO INFANTIL", "nm_mun": "PAULISTA", "aptos": 558, "imp": 1}}, {"type": "Feature", "geometry": {"type": "Point", "coordinates": [-35.028702, -8.001631]}, "properties": {"i": 1965, "mun": 25135, "ibge": 2610707, "z": 114, "l": 1392, "nm": "ESCOLA METROPOLITANA DE ENFERMAGEM", "nm_mun": "PAULISTA", "aptos": 2188, "imp": 1}}, {"type": "Feature", "geometry": {"type": "Point", "coordinates": [-34.843677, -7.913541]}, "properties": {"i": 1966, "mun": 25135, "ibge": 2610707, "z": 146, "l": 1112, "nm": "ESCOLA ESTADUAL MAESTRO NELSON FERREIRA", "nm_mun": "PAULISTA", "aptos": 7722, "imp": 0}}, {"type": "Feature", "geometry": {"type": "Point", "coordinates": [-34.829667, -7.947143]}, "properties": {"i": 1967, "mun": 25135, "ibge": 2610707, "z": 146, "l": 1120, "nm": "ESCOLA MUNICIPAL MINISTRO ETELVINO LINS", "nm_mun": "PAULISTA", "aptos": 1840, "imp": 0}}, {"type": "Feature", "geometry": {"type": "Point", "coordinates": [-34.829044, -7.946514]}, "properties": {"i": 1968, "mun": 25135, "ibge": 2610707, "z": 146, "l": 1147, "nm": "ESCOLA ESTADUAL JOSÉ MANUEL DE QUEIROZ", "nm_mun": "PAULISTA", "aptos": 5233, "imp": 0}}, {"type": "Feature", "geometry": {"type": "Point", "coordinates": [-34.828499, -7.927145]}, "properties": {"i": 1969, "mun": 25135, "ibge": 2610707, "z": 146, "l": 1155, "nm": "ESCOLA MUNICIPAL ROSA AMÉLIA", "nm_mun": "PAULISTA", "aptos": 2994, "imp": 0}}, {"type": "Feature", "geometry": {"type": "Point", "coordinates": [-34.828055, -7.938106]}, "properties": {"i": 1970, "mun": 25135, "ibge": 2610707, "z": 146, "l": 1163, "nm": "COLÉGIO VIRGEM IMACULADA", "nm_mun": "PAULISTA", "aptos": 7104, "imp": 0}}, {"type": "Feature", "geometry": {"type": "Point", "coordinates": [-34.828946, -7.918511]}, "properties": {"i": 1971, "mun": 25135, "ibge": 2610707, "z": 146, "l": 1171, "nm": "ESCOLA ESTADUAL JOSÉ BRASILEIRO VILANOVA", "nm_mun": "PAULISTA", "aptos": 4667, "imp": 0}}, {"type": "Feature", "geometry": {"type": "Point", "coordinates": [-34.83125, -7.937808]}, "properties": {"i": 1972, "mun": 25135, "ibge": 2610707, "z": 146, "l": 1180, "nm": "CONDOMÍNIO PRAIA DO JANGA", "nm_mun": "PAULISTA", "aptos": 2305, "imp": 0}}, {"type": "Feature", "geometry": {"type": "Point", "coordinates": [-34.83331, -7.926637]}, "properties": {"i": 1973, "mun": 25135, "ibge": 2610707, "z": 146, "l": 1201, "nm": "ESCOLA PROF SALVADOR DIMECH (ANTIGO FELISMINA)", "nm_mun": "PAULISTA", "aptos": 1469, "imp": 0}}, {"type": "Feature", "geometry": {"type": "Point", "coordinates": [-34.837183, -7.944374]}, "properties": {"i": 1974, "mun": 25135, "ibge": 2610707, "z": 146, "l": 1210, "nm": "ESCOLA ESTADUAL SAO JOSE DO TURURU", "nm_mun": "PAULISTA", "aptos": 1817, "imp": 0}}, {"type": "Feature", "geometry": {"type": "Point", "coordinates": [-34.830137, -7.902836]}, "properties": {"i": 1975, "mun": 25135, "ibge": 2610707, "z": 146, "l": 1228, "nm": "COLEGIO PATRICIA COSTA", "nm_mun": "PAULISTA", "aptos": 7892, "imp": 0}}, {"type": "Feature", "geometry": {"type": "Point", "coordinates": [-34.835403, -7.853216]}, "properties": {"i": 1976, "mun": 25135, "ibge": 2610707, "z": 146, "l": 1236, "nm": "ESCOLA MUNICIPAL IRMÃ ASSUNTA", "nm_mun": "PAULISTA", "aptos": 1844, "imp": 0}}, {"type": "Feature", "geometry": {"type": "Point", "coordinates": [-34.834633, -7.893212]}, "properties": {"i": 1977, "mun": 25135, "ibge": 2610707, "z": 146, "l": 1244, "nm": "ESCOLA PROFESSORA GENEROSA GIL PEREZ", "nm_mun": "PAULISTA", "aptos": 4690, "imp": 0}}, {"type": "Feature", "geometry": {"type": "Point", "coordinates": [-34.837189, -7.895672]}, "properties": {"i": 1978, "mun": 25135, "ibge": 2610707, "z": 146, "l": 1252, "nm": "ESCOLA AQUARELA", "nm_mun": "PAULISTA", "aptos": 5942, "imp": 0}}, {"type": "Feature", "geometry": {"type": "Point", "coordinates": [-34.829228, -7.922112]}, "properties": {"i": 1979, "mun": 25135, "ibge": 2610707, "z": 146, "l": 1317, "nm": "ESCOLA MUNICIPAL GOV CARLOS WILSON CAMPOS", "nm_mun": "PAULISTA", "aptos": 2835, "imp": 0}}, {"type": "Feature", "geometry": {"type": "Point", "coordinates": [-34.84442, -7.916654]}, "properties": {"i": 1980, "mun": 25135, "ibge": 2610707, "z": 146, "l": 1325, "nm": "ESCOLA MUNICIPAL BRIGADEIRO ALDO PINHO ALVES", "nm_mun": "PAULISTA", "aptos": 2263, "imp": 0}}, {"type": "Feature", "geometry": {"type": "Point", "coordinates": [-34.830704, -7.949706]}, "properties": {"i": 1981, "mun": 25135, "ibge": 2610707, "z": 146, "l": 1333, "nm": "ESCOLA MUNICIPAL GOVERNADOR MIGUEL ARRAES DE ALENCAR", "nm_mun": "PAULISTA", "aptos": 1075, "imp": 0}}, {"type": "Feature", "geometry": {"type": "Point", "coordinates": [-34.829711, -7.918752]}, "properties": {"i": 1982, "mun": 25135, "ibge": 2610707, "z": 146, "l": 1376, "nm": "ESCOLA MUNICIPAL PROF. PAULO FREIRE", "nm_mun": "PAULISTA", "aptos": 2732, "imp": 0}}, {"type": "Feature", "geometry": {"type": "Point", "coordinates": [-34.827151, -7.896497]}, "properties": {"i": 1983, "mun": 25135, "ibge": 2610707, "z": 146, "l": 1422, "nm": "ESCOLA MUNICIPAL JOÃO FONSECA DE ALBUQUERQUE - BASE", "nm_mun": "PAULISTA", "aptos": 2300, "imp": 0}}, {"type": "Feature", "geometry": {"type": "Point", "coordinates": [-34.827133, -7.916348]}, "properties": {"i": 1984, "mun": 25135, "ibge": 2610707, "z": 146, "l": 1430, "nm": "ESCOLA MUNICIPAL MARCÍLIO DIAS", "nm_mun": "PAULISTA", "aptos": 1170, "imp": 0}}, {"type": "Feature", "geometry": {"type": "Point", "coordinates": [-34.823728, -7.9321]}, "properties": {"i": 1985, "mun": 25135, "ibge": 2610707, "z": 146, "l": 1457, "nm": "ESCOLA TÉCNICA ESTADUAL JOSE ALENCAR( ANTIGA FACULDADE JOAQUIM NABUCO)", "nm_mun": "PAULISTA", "aptos": 3389, "imp": 0}}, {"type": "Feature", "geometry": {"type": "Point", "coordinates": [-34.82634, -7.918176]}, "properties": {"i": 1986, "mun": 25135, "ibge": 2610707, "z": 146, "l": 1465, "nm": "UNIVERSIDADE INFANTIL", "nm_mun": "PAULISTA", "aptos": 3602, "imp": 0}}, {"type": "Feature", "geometry": {"type": "Point", "coordinates": [-34.941496, -8.141057]}, "properties": {"i": 1987, "mun": 25135, "ibge": 2610707, "z": 146, "l": 1538, "nm": "ESCOLA MUNICIPAL MARGARIDA SAMPAIO", "nm_mun": "PAULISTA", "aptos": 60, "imp": 1}}, {"type": "Feature", "geometry": {"type": "Point", "coordinates": [-34.890315, -7.947712]}, "properties": {"i": 1988, "mun": 25135, "ibge": 2610707, "z": 146, "l": 1546, "nm": "ESCOLA MUNICIPAL EDSON GOMES DO REGO", "nm_mun": "PAULISTA", "aptos": 310, "imp": 1}}, {"type": "Feature", "geometry": {"type": "Point", "coordinates": [-36.944095, -8.498491]}, "properties": {"i": 1989, "mun": 25135, "ibge": 2610707, "z": 146, "l": 1554, "nm": "POSTO DE SAÚDE ANA NERY", "nm_mun": "PAULISTA", "aptos": 97, "imp": 1}}, {"type": "Feature", "geometry": {"type": "Point", "coordinates": [-34.829711, -7.918752]}, "properties": {"i": 1990, "mun": 25135, "ibge": 2610707, "z": 146, "l": 1562, "nm": "COLÉGIO ATITUDE", "nm_mun": "PAULISTA", "aptos": 2884, "imp": 1}}, {"type": "Feature", "geometry": {"type": "Point", "coordinates": [-36.94539, -8.500036]}, "properties": {"i": 1991, "mun": 25151, "ibge": 2610806, "z": 58, "l": 1023, "nm": "ESCOLA AMALIA CAVALCANTI", "nm_mun": "PEDRA", "aptos": 2347, "imp": 0}}, {"type": "Feature", "geometry": {"type": "Point", "coordinates": [-36.944095, -8.498491]}, "properties": {"i": 1992, "mun": 25151, "ibge": 2610806, "z": 58, "l": 1031, "nm": "ESCOLA ANETE VALE DE OLIVEIRA", "nm_mun": "PEDRA", "aptos": 1543, "imp": 0}}, {"type": "Feature", "geometry": {"type": "Point", "coordinates": [-36.947154, -8.499899]}, "properties": {"i": 1993, "mun": 25151, "ibge": 2610806, "z": 58, "l": 1066, "nm": "ESCOLA PROF. BRASILIANO DONINO DA COSTA LIMA", "nm_mun": "PEDRA", "aptos": 3633, "imp": 0}}, {"type": "Feature", "geometry": {"type": "Point", "coordinates": [-36.95009, -8.507247]}, "properties": {"i": 1994, "mun": 25151, "ibge": 2610806, "z": 58, "l": 1139, "nm": "GRUPO ESCOLAR JOSE FIRMO CAVALCANTI", "nm_mun": "PEDRA", "aptos": 1705, "imp": 0}}, {"type": "Feature", "geometry": {"type": "Point", "coordinates": [-36.939877, -8.856206]}, "properties": {"i": 1995, "mun": 25151, "ibge": 2610806, "z": 58, "l": 1147, "nm": "ESCOLA MUNICIPAL JOAQUIM CESÁRIO GUIMARÃES", "nm_mun": "PEDRA", "aptos": 1617, "imp": 0}}, {"type": "Feature", "geometry": {"type": "Point", "coordinates": [-36.859909, -8.737786]}, "properties": {"i": 1996, "mun": 25151, "ibge": 2610806, "z": 58, "l": 1180, "nm": "ESCOLA MUNICIPAL CELINA TENORIO VAZ", "nm_mun": "PEDRA", "aptos": 1512, "imp": 0}}, {"type": "Feature", "geometry": {"type": "Point", "coordinates": [-36.89541, -8.486915]}, "properties": {"i": 1997, "mun": 25151, "ibge": 2610806, "z": 58, "l": 1236, "nm": "ESCOLA MUNICIPAL JOAO BATISTA CORDEIRO VAZ", "nm_mun": "PEDRA", "aptos": 965, "imp": 0}}, {"type": "Feature", "geometry": {"type": "Point", "coordinates": [-37.016204, -8.514488]}, "properties": {"i": 1998, "mun": 25151, "ibge": 2610806, "z": 58, "l": 1244, "nm": "GRUPO ESCOLAR JULIO TENORIO CAVALCANTI", "nm_mun": "PEDRA", "aptos": 1023, "imp": 0}}, {"type": "Feature", "geometry": {"type": "Point", "coordinates": [-36.936447, -8.499008]}, "properties": {"i": 1999, "mun": 25151, "ibge": 2610806, "z": 58, "l": 1252, "nm": "ESCOLA MUNICIPAL FRANCISCA DA SILVA LIMA", "nm_mun": "PEDRA", "aptos": 1069, "imp": 0}}, {"type": "Feature", "geometry": {"type": "Point", "coordinates": [-36.938575, -8.830732]}, "properties": {"i": 2000, "mun": 25151, "ibge": 2610806, "z": 58, "l": 1260, "nm": "ESCOLA LUIZA BEZERRA CAVALCANTI", "nm_mun": "PEDRA", "aptos": 448, "imp": 0}}, {"type": "Feature", "geometry": {"type": "Point", "coordinates": [-36.925044, -8.695913]}, "properties": {"i": 2001, "mun": 25151, "ibge": 2610806, "z": 58, "l": 1279, "nm": "ESCOLA OTILIA DE ALMEIDA", "nm_mun": "PEDRA", "aptos": 747, "imp": 0}}, {"type": "Feature", "geometry": {"type": "Point", "coordinates": [-36.996209, -8.59464]}, "properties": {"i": 2002, "mun": 25151, "ibge": 2610806, "z": 58, "l": 1287, "nm": "ESCOLA ANTONIO DE MOURA CAVALCANTI", "nm_mun": "PEDRA", "aptos": 552, "imp": 0}}, {"type": "Feature", "geometry": {"type": "Point", "coordinates": [-36.943288, -8.498393]}, "properties": {"i": 2003, "mun": 25151, "ibge": 2610806, "z": 58, "l": 1325, "nm": "ESCOLA JUCILEIDE DE BRITO FAUSTINO", "nm_mun": "PEDRA", "aptos": 552, "imp": 0}}, {"type": "Feature", "geometry": {"type": "Point", "coordinates": [-36.917064, -8.530606]}, "properties": {"i": 2004, "mun": 25151, "ibge": 2610806, "z": 58, "l": 1341, "nm": "ESCOLA MUNICIPAL LÍDIA TENÓRIO", "nm_mun": "PEDRA", "aptos": 386, "imp": 0}}, {"type": "Feature", "geometry": {"type": "Point", "coordinates": [-36.114281, -8.842887]}, "properties": {"i": 2005, "mun": 25151, "ibge": 2610806, "z": 58, "l": 1350, "nm": "ESCOLA MUNICIPAL PEDRO BENÍCIO CAVALCANTI VAZ", "nm_mun": "PEDRA", "aptos": 642, "imp": 1}}, {"type": "Feature", "geometry": {"type": "Point", "coordinates": [-36.69499, -8.364538]}, "properties": {"i": 2006, "mun": 25178, "ibge": 2610905, "z": 55, "l": 1015, "nm": "ESCOLA ELIZEU ARAÚJO", "nm_mun": "PESQUEIRA", "aptos": 4171, "imp": 0}}, {"type": "Feature", "geometry": {"type": "Point", "coordinates": [-36.702464, -8.360433]}, "properties": {"i": 2007, "mun": 25178, "ibge": 2610905, "z": 55, "l": 1023, "nm": "ESCOLA MUNICIPAL MARIA DE LOURDES LIMA ALMEIDA", "nm_mun": "PESQUEIRA", "aptos": 2332, "imp": 0}}, {"type": "Feature", "geometry": {"type": "Point", "coordinates": [-36.699831, -8.357921]}, "properties": {"i": 2008, "mun": 25178, "ibge": 2610905, "z": 55, "l": 1031, "nm": "ESCOLA ESTADUAL CACILDA DE ALMEIDA", "nm_mun": "PESQUEIRA", "aptos": 1724, "imp": 0}}, {"type": "Feature", "geometry": {"type": "Point", "coordinates": [-36.690978, -8.355139]}, "properties": {"i": 2009, "mun": 25178, "ibge": 2610905, "z": 55, "l": 1040, "nm": "EREMJAM - ESCOLA DE REFERENCIA EM ENSINO MÉDIO JOSÉ DE ALMEIDA MACIEL", "nm_mun": "PESQUEIRA", "aptos": 3465, "imp": 0}}, {"type": "Feature", "geometry": {"type": "Point", "coordinates": [-36.700966, -8.358581]}, "properties": {"i": 2010, "mun": 25178, "ibge": 2610905, "z": 55, "l": 1074, "nm": "ESCOLA ESTADUAL CRISTO REI", "nm_mun": "PESQUEIRA", "aptos": 2333, "imp": 0}}, {"type": "Feature", "geometry": {"type": "Point", "coordinates": [-36.832796, -8.341625]}, "properties": {"i": 2011, "mun": 25178, "ibge": 2610905, "z": 55, "l": 1120, "nm": "ESCOLA MONSENHOR OLÍMPIO TORRES", "nm_mun": "PESQUEIRA", "aptos": 2908, "imp": 0}}, {"type": "Feature", "geometry": {"type": "Point", "coordinates": [-36.895239, -8.400022]}, "properties": {"i": 2012, "mun": 25178, "ibge": 2610905, "z": 55, "l": 1171, "nm": "ESCOLA INTERMEDIÁRIA LUIZ TENORIO DE ALBUQUERQUE", "nm_mun": "PESQUEIRA", "aptos": 2535, "imp": 0}}, {"type": "Feature", "geometry": {"type": "Point", "coordinates": [-36.573019, -8.280204]}, "properties": {"i": 2013, "mun": 25178, "ibge": 2610905, "z": 55, "l": 1210, "nm": "ESCOLA INTERMEDIÁRIA HENRIQUE MONTEIRO LEITE", "nm_mun": "PESQUEIRA", "aptos": 3123, "imp": 0}}, {"type": "Feature", "geometry": {"type": "Point", "coordinates": [-34.947674, -8.131585]}, "properties": {"i": 2014, "mun": 25178, "ibge": 2610905, "z": 55, "l": 1228, "nm": "ESCOLAS REUNIDAS", "nm_mun": "PESQUEIRA", "aptos": 11, "imp": 1}}, {"type": "Feature", "geometry": {"type": "Point", "coordinates": [-36.648858, -8.552048]}, "properties": {"i": 2015, "mun": 25178, "ibge": 2610905, "z": 55, "l": 1236, "nm": "ESCOLA INTERMEDIÁRIA SEBASTIÃO QUIRINO DA COSTA", "nm_mun": "PESQUEIRA", "aptos": 1432, "imp": 0}}, {"type": "Feature", "geometry": {"type": "Point", "coordinates": [-36.691649, -8.3586]}, "properties": {"i": 2016, "mun": 25178, "ibge": 2610905, "z": 55, "l": 1295, "nm": "EDUCANDÁRIO IMACULADA CONCEICÃO", "nm_mun": "PESQUEIRA", "aptos": 1945, "imp": 0}}, {"type": "Feature", "geometry": {"type": "Point", "coordinates": [-36.688391, -8.357278]}, "properties": {"i": 2017, "mun": 25178, "ibge": 2610905, "z": 55, "l": 1309, "nm": "ESCOLA ESTADUAL PROFESSOR ARRUDA MARINHO", "nm_mun": "PESQUEIRA", "aptos": 4732, "imp": 0}}, {"type": "Feature", "geometry": {"type": "Point", "coordinates": [-36.688288, -8.611033]}, "properties": {"i": 2018, "mun": 25178, "ibge": 2610905, "z": 55, "l": 1317, "nm": "ESCOLA INTERMEDIÁRIA MARIA ALIETE DE FREITAS MACEDO", "nm_mun": "PESQUEIRA", "aptos": 777, "imp": 0}}, {"type": "Feature", "geometry": {"type": "Point", "coordinates": [-36.699992, -8.360669]}, "properties": {"i": 2019, "mun": 25178, "ibge": 2610905, "z": 55, "l": 1333, "nm": "ESCOLA ESTADUAL DOM ADELMO MACHADO", "nm_mun": "PESQUEIRA", "aptos": 3649, "imp": 0}}, {"type": "Feature", "geometry": {"type": "Point", "coordinates": [-36.683317, -8.366147]}, "properties": {"i": 2020, "mun": 25178, "ibge": 2610905, "z": 55, "l": 1350, "nm": "ESCOLA MUNICIPAL ELIAS CORDEIRO DE FARIAS", "nm_mun": "PESQUEIRA", "aptos": 396, "imp": 0}}, {"type": "Feature", "geometry": {"type": "Point", "coordinates": [-36.811744, -8.403214]}, "properties": {"i": 2021, "mun": 25178, "ibge": 2610905, "z": 55, "l": 1368, "nm": "ESCOLA MUNICIPAL SÉRGIO DE BRITO CAVALCANTI", "nm_mun": "PESQUEIRA", "aptos": 909, "imp": 0}}, {"type": "Feature", "geometry": {"type": "Point", "coordinates": [-36.65921, -8.500231]}, "properties": {"i": 2022, "mun": 25178, "ibge": 2610905, "z": 55, "l": 1376, "nm": "POSTO DE SAÚDE - BEIRA MAR", "nm_mun": "PESQUEIRA", "aptos": 259, "imp": 0}}, {"type": "Feature", "geometry": {"type": "Point", "coordinates": [-36.674229, -8.349769]}, "properties": {"i": 2023, "mun": 25178, "ibge": 2610905, "z": 55, "l": 1384, "nm": "ESCOLA DE PRIMEIRO GRAU PROFESSORA MARGARIDA FALCÃO DE LIMA", "nm_mun": "PESQUEIRA", "aptos": 2760, "imp": 0}}, {"type": "Feature", "geometry": {"type": "Point", "coordinates": [-36.82845, -8.358017]}, "properties": {"i": 2024, "mun": 25178, "ibge": 2610905, "z": 55, "l": 1392, "nm": "ESCOLA PEDRO QUINQUIM DE ESPÍNDOLA / ESCOLA INDÍGENA XUA DO LIMOLAYGO", "nm_mun": "PESQUEIRA", "aptos": 381, "imp": 0}}, {"type": "Feature", "geometry": {"type": "Point", "coordinates": [-36.678404, -8.355732]}, "properties": {"i": 2025, "mun": 25178, "ibge": 2610905, "z": 55, "l": 1414, "nm": "ESCOLA MUNICIPAL PROFESSOR JOSÉ MARCELINO XAVIER", "nm_mun": "PESQUEIRA", "aptos": 1843, "imp": 0}}, {"type": "Feature", "geometry": {"type": "Point", "coordinates": [-36.847902, -8.397348]}, "properties": {"i": 2026, "mun": 25178, "ibge": 2610905, "z": 55, "l": 1465, "nm": "ESCOLA MUNICIPAL PINHEIRO MARINHO DE ESPÍNDOLA", "nm_mun": "PESQUEIRA", "aptos": 351, "imp": 0}}, {"type": "Feature", "geometry": {"type": "Point", "coordinates": [-36.823314, -8.409652]}, "properties": {"i": 2027, "mun": 25178, "ibge": 2610905, "z": 55, "l": 1473, "nm": "PONTO CULTURAL", "nm_mun": "PESQUEIRA", "aptos": 748, "imp": 0}}, {"type": "Feature", "geometry": {"type": "Point", "coordinates": [-36.684949, -8.307269]}, "properties": {"i": 2028, "mun": 25178, "ibge": 2610905, "z": 55, "l": 1481, "nm": "ESCOLA ESTADUAL URUBÁ", "nm_mun": "PESQUEIRA", "aptos": 767, "imp": 0}}, {"type": "Feature", "geometry": {"type": "Point", "coordinates": [-36.691845, -8.277229]}, "properties": {"i": 2029, "mun": 25178, "ibge": 2610905, "z": 55, "l": 1490, "nm": "ESCOLA ESTADUAL SANTA RITA", "nm_mun": "PESQUEIRA", "aptos": 972, "imp": 0}}, {"type": "Feature", "geometry": {"type": "Point", "coordinates": [-36.918889, -8.378685]}, "properties": {"i": 2030, "mun": 25178, "ibge": 2610905, "z": 55, "l": 1503, "nm": "ESCOLA SANTO ANTONIO", "nm_mun": "PESQUEIRA", "aptos": 820, "imp": 0}}, {"type": "Feature", "geometry": {"type": "Point", "coordinates": [-36.690213, -8.354472]}, "properties": {"i": 2031, "mun": 25178, "ibge": 2610905, "z": 55, "l": 1511, "nm": "ESCOLA MUNICIPAL IRMÃ ZÉLIA DE NICÁSSIA", "nm_mun": "PESQUEIRA", "aptos": 2038, "imp": 0}}, {"type": "Feature", "geometry": {"type": "Point", "coordinates": [-36.7069, -8.36495]}, "properties": {"i": 2032, "mun": 25178, "ibge": 2610905, "z": 55, "l": 1520, "nm": "ESPAÇO EDUCACIONAL DR. CARLITO DIDER PITA - CAIC", "nm_mun": "PESQUEIRA", "aptos": 1214, "imp": 0}}, {"type": "Feature", "geometry": {"type": "Point", "coordinates": [-36.70004, -8.360354]}, "properties": {"i": 2033, "mun": 25178, "ibge": 2610905, "z": 55, "l": 1546, "nm": "COLÉGIO AVANÇAR", "nm_mun": "PESQUEIRA", "aptos": 747, "imp": 0}}, {"type": "Feature", "geometry": {"type": "Point", "coordinates": [-36.695766, -8.364815]}, "properties": {"i": 2034, "mun": 25178, "ibge": 2610905, "z": 55, "l": 1554, "nm": "ESCOLA ARCO IRIS", "nm_mun": "PESQUEIRA", "aptos": 991, "imp": 0}}, {"type": "Feature", "geometry": {"type": "Point", "coordinates": [-36.675548, -8.565184]}, "properties": {"i": 2035, "mun": 25178, "ibge": 2610905, "z": 55, "l": 1570, "nm": "ESCOLA MUNICIPAL ORONCIO TEIXEIRA GUEIROS", "nm_mun": "PESQUEIRA", "aptos": 195, "imp": 0}}, {"type": "Feature", "geometry": {"type": "Point", "coordinates": [-36.696822, -8.350353]}, "properties": {"i": 2036, "mun": 25178, "ibge": 2610905, "z": 55, "l": 1589, "nm": "ESCOLA MUNICIPAL PROFESSOR PAULO OLIVEIRA DE MELO", "nm_mun": "PESQUEIRA", "aptos": 1711, "imp": 0}}, {"type": "Feature", "geometry": {"type": "Point", "coordinates": [-36.573544, -8.278865]}, "properties": {"i": 2037, "mun": 25178, "ibge": 2610905, "z": 55, "l": 1597, "nm": "CRECHE MUTUCA", "nm_mun": "PESQUEIRA", "aptos": 237, "imp": 1}}, {"type": "Feature", "geometry": {"type": "Point", "coordinates": [-37.83428, -8.048569]}, "properties": {"i": 2038, "mun": 25178, "ibge": 2610905, "z": 55, "l": 1600, "nm": "ESCOLA MUNICIPAL ALMIRA PRUDÊNCIO DE FREITAS", "nm_mun": "PESQUEIRA", "aptos": 82, "imp": 1}}, {"type": "Feature", "geometry": {"type": "Point", "coordinates": [-38.218623, -8.977668]}, "properties": {"i": 2039, "mun": 25194, "ibge": 2611002, "z": 70, "l": 1015, "nm": "ESCOLA DELMIRO GOUVEIA", "nm_mun": "PETROLÂNDIA", "aptos": 2907, "imp": 0}}, {"type": "Feature", "geometry": {"type": "Point", "coordinates": [-38.220491, -8.981194]}, "properties": {"i": 2040, "mun": 25194, "ibge": 2611002, "z": 70, "l": 1023, "nm": "ESCOLA DE JATOBA", "nm_mun": "PETROLÂNDIA", "aptos": 2916, "imp": 0}}, {"type": "Feature", "geometry": {"type": "Point", "coordinates": [-38.220751, -8.979822]}, "properties": {"i": 2041, "mun": 25194, "ibge": 2611002, "z": 70, "l": 1031, "nm": "ESCOLA MARIA CAVALCANTI NUNES", "nm_mun": "PETROLÂNDIA", "aptos": 3412, "imp": 0}}, {"type": "Feature", "geometry": {"type": "Point", "coordinates": [-38.220511, -8.9792]}, "properties": {"i": 2042, "mun": 25194, "ibge": 2611002, "z": 70, "l": 1040, "nm": "ESCOLA MARIA DE LOURDES DA SILVA", "nm_mun": "PETROLÂNDIA", "aptos": 1332, "imp": 0}}, {"type": "Feature", "geometry": {"type": "Point", "coordinates": [-38.223235, -8.984685]}, "properties": {"i": 2043, "mun": 25194, "ibge": 2611002, "z": 70, "l": 1104, "nm": "ESCOLA PRIMEIRO DE JULHO", "nm_mun": "PETROLÂNDIA", "aptos": 1869, "imp": 0}}, {"type": "Feature", "geometry": {"type": "Point", "coordinates": [-38.408172, -8.837246]}, "properties": {"i": 2044, "mun": 25194, "ibge": 2611002, "z": 70, "l": 1112, "nm": "ESCOLA ICO MANDANTES", "nm_mun": "PETROLÂNDIA", "aptos": 2241, "imp": 0}}, {"type": "Feature", "geometry": {"type": "Point", "coordinates": [-38.225632, -8.986304]}, "properties": {"i": 2045, "mun": 25194, "ibge": 2611002, "z": 70, "l": 1180, "nm": "ESCOLA SETE DE SETEMBRO", "nm_mun": "PETROLÂNDIA", "aptos": 1258, "imp": 0}}, {"type": "Feature", "geometry": {"type": "Point", "coordinates": [-38.221659, -8.973789]}, "properties": {"i": 2046, "mun": 25194, "ibge": 2611002, "z": 70, "l": 1210, "nm": "ESCOLA SANTA FELOMENA", "nm_mun": "PETROLÂNDIA", "aptos": 1794, "imp": 0}}, {"type": "Feature", "geometry": {"type": "Point", "coordinates": [-38.218871, -8.974523]}, "properties": {"i": 2047, "mun": 25194, "ibge": 2611002, "z": 70, "l": 1228, "nm": "ESCOLA JOSE ARAUJO", "nm_mun": "PETROLÂNDIA", "aptos": 2773, "imp": 0}}, {"type": "Feature", "geometry": {"type": "Point", "coordinates": [-38.22319, -8.970477]}, "properties": {"i": 2048, "mun": 25194, "ibge": 2611002, "z": 70, "l": 1244, "nm": "ESCOLA QUATRO DE OUTUBRO", "nm_mun": "PETROLÂNDIA", "aptos": 2180, "imp": 0}}, {"type": "Feature", "geometry": {"type": "Point", "coordinates": [-38.2239, -8.984096]}, "properties": {"i": 2049, "mun": 25194, "ibge": 2611002, "z": 70, "l": 1252, "nm": "DEPARTAMENTO DA CRIANÇA E DO ADOLESCENTE (PETI)", "nm_mun": "PETROLÂNDIA", "aptos": 1123, "imp": 0}}, {"type": "Feature", "geometry": {"type": "Point", "coordinates": [-38.223464, -8.960476]}, "properties": {"i": 2050, "mun": 25194, "ibge": 2611002, "z": 70, "l": 1279, "nm": "ESCOLA ITAMAR LEITE", "nm_mun": "PETROLÂNDIA", "aptos": 1380, "imp": 0}}, {"type": "Feature", "geometry": {"type": "Point", "coordinates": [-38.225818, -8.974291]}, "properties": {"i": 2051, "mun": 25194, "ibge": 2611002, "z": 70, "l": 1287, "nm": "ESCOLA EUDES GUSTAVO", "nm_mun": "PETROLÂNDIA", "aptos": 971, "imp": 0}}, {"type": "Feature", "geometry": {"type": "Point", "coordinates": [-38.403137, -8.919019]}, "properties": {"i": 2052, "mun": 25194, "ibge": 2611002, "z": 70, "l": 1295, "nm": "ESCOLA MACAMBIRA", "nm_mun": "PETROLÂNDIA", "aptos": 389, "imp": 0}}, {"type": "Feature", "geometry": {"type": "Point", "coordinates": [-40.510267, -9.39239]}, "properties": {"i": 2053, "mun": 25216, "ibge": 2611101, "z": 83, "l": 1031, "nm": "ESCOLA PROFESSOR MANOEL PAES BARRETO", "nm_mun": "PETROLINA", "aptos": 2078, "imp": 0}}, {"type": "Feature", "geometry": {"type": "Point", "coordinates": [-40.515123, -9.386166]}, "properties": {"i": 2054, "mun": 25216, "ibge": 2611101, "z": 83, "l": 1058, "nm": "ESCOLA DE REFERÊNCIA ENSINO MÉDIO CLEMENTINO COELHO - EREMCC", "nm_mun": "PETROLINA", "aptos": 2934, "imp": 0}}, {"type": "Feature", "geometry": {"type": "Point", "coordinates": [-40.511382, -9.391264]}, "properties": {"i": 2055, "mun": 25216, "ibge": 2611101, "z": 83, "l": 1341, "nm": "FACESP - FACULDADE DE EDUCAÇÃO SUPERIOR DE PERNAMBUCO", "nm_mun": "PETROLINA", "aptos": 1032, "imp": 0}}, {"type": "Feature", "geometry": {"type": "Point", "coordinates": [-40.51355, -9.388867]}, "properties": {"i": 2056, "mun": 25216, "ibge": 2611101, "z": 83, "l": 1368, "nm": "CENTRO MARIA AUXILIADORA PRO MENOR CARENTE (CEMAM)", "nm_mun": "PETROLINA", "aptos": 1587, "imp": 0}}, {"type": "Feature", "geometry": {"type": "Point", "coordinates": [-40.520069, -9.388843]}, "properties": {"i": 2057, "mun": 25216, "ibge": 2611101, "z": 83, "l": 1384, "nm": "ESCOLA MARECHAL ANTÔNIO ALVES FILHO - EMAAF", "nm_mun": "PETROLINA", "aptos": 2896, "imp": 0}}, {"type": "Feature", "geometry": {"type": "Point", "coordinates": [-40.517231, -9.38914]}, "properties": {"i": 2058, "mun": 25216, "ibge": 2611101, "z": 83, "l": 1465, "nm": "ESCOLA MUNICIPAL SÃO DOMINGOS SÁVIO", "nm_mun": "PETROLINA", "aptos": 898, "imp": 0}}, {"type": "Feature", "geometry": {"type": "Point", "coordinates": [-40.532839, -9.381853]}, "properties": {"i": 2059, "mun": 25216, "ibge": 2611101, "z": 83, "l": 1490, "nm": "CAIC-NOSSA SENHORA RAINHA DOS ANJOS", "nm_mun": "PETROLINA", "aptos": 2632, "imp": 0}}, {"type": "Feature", "geometry": {"type": "Point", "coordinates": [-40.720285, -8.965226]}, "properties": {"i": 2060, "mun": 25216, "ibge": 2611101, "z": 83, "l": 1503, "nm": "ESCOLA MUNICIPAL JOSÉ MARTINS DE DEUS", "nm_mun": "PETROLINA", "aptos": 1300, "imp": 0}}, {"type": "Feature", "geometry": {"type": "Point", "coordinates": [-40.568743, -9.441583]}, "properties": {"i": 2061, "mun": 25216, "ibge": 2611101, "z": 83, "l": 1520, "nm": "ESCOLA MOISES BARRETO DOS SANTOS", "nm_mun": "PETROLINA", "aptos": 1294, "imp": 0}}, {"type": "Feature", "geometry": {"type": "Point", "coordinates": [-40.567041, -9.339648]}, "properties": {"i": 2062, "mun": 25216, "ibge": 2611101, "z": 83, "l": 1538, "nm": "ESCOLA ESTADUAL SÃO JOSÉ", "nm_mun": "PETROLINA", "aptos": 799, "imp": 0}}, {"type": "Feature", "geometry": {"type": "Point", "coordinates": [-40.6172, -9.324188]}, "properties": {"i": 2063, "mun": 25216, "ibge": 2611101, "z": 83, "l": 1546, "nm": "ESCOLA ESTADUAL MANOEL MARINHO", "nm_mun": "PETROLINA", "aptos": 2104, "imp": 0}}, {"type": "Feature", "geometry": {"type": "Point", "coordinates": [-40.682756, -9.346045]}, "properties": {"i": 2064, "mun": 25216, "ibge": 2611101, "z": 83, "l": 1554, "nm": "ESCOLA ESTADUAL NOSSA SENHORA APARECIDA", "nm_mun": "PETROLINA", "aptos": 2380, "imp": 0}}, {"type": "Feature", "geometry": {"type": "Point", "coordinates": [-40.616267, -9.363029]}, "properties": {"i": 2065, "mun": 25216, "ibge": 2611101, "z": 83, "l": 1562, "nm": "ESCOLA ESTADUAL PROFESSORA WILMA WZELY", "nm_mun": "PETROLINA", "aptos": 1724, "imp": 0}}, {"type": "Feature", "geometry": {"type": "Point", "coordinates": [-40.685976, -9.24158]}, "properties": {"i": 2066, "mun": 25216, "ibge": 2611101, "z": 83, "l": 1570, "nm": "ESCOLA MUNICIPAL JOAQUIM FRANCISCO DA COSTA", "nm_mun": "PETROLINA", "aptos": 1082, "imp": 0}}, {"type": "Feature", "geometry": {"type": "Point", "coordinates": [-40.536712, -9.384365]}, "properties": {"i": 2067, "mun": 25216, "ibge": 2611101, "z": 83, "l": 1589, "nm": "ESCOLA PROFESSOR HUMBERTO SOARES", "nm_mun": "PETROLINA", "aptos": 4327, "imp": 0}}, {"type": "Feature", "geometry": {"type": "Point", "coordinates": [-40.545508, -9.399094]}, "properties": {"i": 2068, "mun": 25216, "ibge": 2611101, "z": 83, "l": 1597, "nm": "EREM JORNALISTA JOÃO FERREIRA GOMES", "nm_mun": "PETROLINA", "aptos": 3358, "imp": 0}}, {"type": "Feature", "geometry": {"type": "Point", "coordinates": [-40.546178, -9.392973]}, "properties": {"i": 2069, "mun": 25216, "ibge": 2611101, "z": 83, "l": 1600, "nm": "ESCOLA PROFESSOR SIMÃO AMORIM DURANDO", "nm_mun": "PETROLINA", "aptos": 3784, "imp": 0}}, {"type": "Feature", "geometry": {"type": "Point", "coordinates": [-40.548952, -9.364917]}, "properties": {"i": 2070, "mun": 25216, "ibge": 2611101, "z": 83, "l": 1619, "nm": "ESCOLA MUNICIPAL JACOB FERREIRA", "nm_mun": "PETROLINA", "aptos": 2379, "imp": 0}}, {"type": "Feature", "geometry": {"type": "Point", "coordinates": [-40.827624, -8.814305]}, "properties": {"i": 2071, "mun": 25216, "ibge": 2611101, "z": 83, "l": 1627, "nm": "ESCOLA MUNICIPAL JOSÉ CÍCERO DE AMORIM", "nm_mun": "PETROLINA", "aptos": 2391, "imp": 0}}, {"type": "Feature", "geometry": {"type": "Point", "coordinates": [-40.585825, -9.310178]}, "properties": {"i": 2072, "mun": 25216, "ibge": 2611101, "z": 83, "l": 1635, "nm": "ESCOLA ESTADUAL FRANCISCO XAVIER DOS SANTOS", "nm_mun": "PETROLINA", "aptos": 1631, "imp": 0}}, {"type": "Feature", "geometry": {"type": "Point", "coordinates": [-40.737922, -9.431453]}, "properties": {"i": 2073, "mun": 25216, "ibge": 2611101, "z": 83, "l": 1643, "nm": "ESCOLA FÉLIX MANOEL DOS SANTOS", "nm_mun": "PETROLINA", "aptos": 1431, "imp": 0}}, {"type": "Feature", "geometry": {"type": "Point", "coordinates": [-40.682703, -9.449593]}, "properties": {"i": 2074, "mun": 25216, "ibge": 2611101, "z": 83, "l": 1651, "nm": "ESCOLA MUNICIPAL PROFESSOR RICARDO RODRIGUES DE MIRANDA", "nm_mun": "PETROLINA", "aptos": 1001, "imp": 0}}, {"type": "Feature", "geometry": {"type": "Point", "coordinates": [-40.5486, -9.38085]}, "properties": {"i": 2075, "mun": 25216, "ibge": 2611101, "z": 83, "l": 1660, "nm": "ESCOLA MUNICIPAL PAULO FREIRE", "nm_mun": "PETROLINA", "aptos": 2375, "imp": 0}}, {"type": "Feature", "geometry": {"type": "Point", "coordinates": [-40.622918, -9.356591]}, "properties": {"i": 2076, "mun": 25216, "ibge": 2611101, "z": 83, "l": 1678, "nm": "ESCOLA MUNICIPAL LEONIDAS OSORIO SIQUEIRA", "nm_mun": "PETROLINA", "aptos": 1472, "imp": 0}}, {"type": "Feature", "geometry": {"type": "Point", "coordinates": [-40.638955, -9.345066]}, "properties": {"i": 2077, "mun": 25216, "ibge": 2611101, "z": 83, "l": 1686, "nm": "ESCOLA ESTADUAL DR. DIEGO RÊGO BARROS", "nm_mun": "PETROLINA", "aptos": 431, "imp": 0}}, {"type": "Feature", "geometry": {"type": "Point", "coordinates": [-40.573693, -9.45732]}, "properties": {"i": 2078, "mun": 25216, "ibge": 2611101, "z": 83, "l": 1694, "nm": "ESCOLA MUNICIPAL SANTO ANTÔNIO", "nm_mun": "PETROLINA", "aptos": 529, "imp": 0}}, {"type": "Feature", "geometry": {"type": "Point", "coordinates": [-40.535016, -9.380999]}, "properties": {"i": 2079, "mun": 25216, "ibge": 2611101, "z": 83, "l": 1708, "nm": "EREM PROFESSORA OSA SANTANA DE CARVALHO", "nm_mun": "PETROLINA", "aptos": 3681, "imp": 0}}, {"type": "Feature", "geometry": {"type": "Point", "coordinates": [-40.833872, -8.814029]}, "properties": {"i": 2080, "mun": 25216, "ibge": 2611101, "z": 83, "l": 1716, "nm": "ESCOLA MUNICIPAL ESTEVÃO RODRIGUES COELHO", "nm_mun": "PETROLINA", "aptos": 1928, "imp": 0}}, {"type": "Feature", "geometry": {"type": "Point", "coordinates": [-40.588429, -9.456007]}, "properties": {"i": 2081, "mun": 25216, "ibge": 2611101, "z": 83, "l": 1724, "nm": "ESCOLA JOSÉ FERNANDES COELHO", "nm_mun": "PETROLINA", "aptos": 890, "imp": 0}}, {"type": "Feature", "geometry": {"type": "Point", "coordinates": [-40.604145, -9.271427]}, "properties": {"i": 2082, "mun": 25216, "ibge": 2611101, "z": 83, "l": 1732, "nm": "ESCOLA MUNICIPAL TERRA DA LIBERDADE", "nm_mun": "PETROLINA", "aptos": 675, "imp": 0}}, {"type": "Feature", "geometry": {"type": "Point", "coordinates": [-40.512235, -9.396925]}, "properties": {"i": 2083, "mun": 25216, "ibge": 2611101, "z": 83, "l": 1740, "nm": "FACULDADE UNIFTC PETROLINA", "nm_mun": "PETROLINA", "aptos": 2771, "imp": 0}}, {"type": "Feature", "geometry": {"type": "Point", "coordinates": [-40.528367, -9.378536]}, "properties": {"i": 2084, "mun": 25216, "ibge": 2611101, "z": 83, "l": 1759, "nm": "ESCOLA ESTADUAL PROFESSOR  PADRE MANOEL DE PAIVA NETO", "nm_mun": "PETROLINA", "aptos": 4694, "imp": 0}}, {"type": "Feature", "geometry": {"type": "Point", "coordinates": [-40.545815, -9.387669]}, "properties": {"i": 2085, "mun": 25216, "ibge": 2611101, "z": 83, "l": 1775, "nm": "EREM PROFESSORA EVANIRA DE SOUZA DIAS", "nm_mun": "PETROLINA", "aptos": 4516, "imp": 0}}, {"type": "Feature", "geometry": {"type": "Point", "coordinates": [-40.548542, -9.39434]}, "properties": {"i": 2086, "mun": 25216, "ibge": 2611101, "z": 83, "l": 1783, "nm": "CMEI - CENTRO DE EDUCAÇÃO PROINFÂNCIA TEREZA MARIA DE AMORIM", "nm_mun": "PETROLINA", "aptos": 1576, "imp": 0}}, {"type": "Feature", "geometry": {"type": "Point", "coordinates": [-40.549861, -9.399744]}, "properties": {"i": 2087, "mun": 25216, "ibge": 2611101, "z": 83, "l": 1791, "nm": "ESCOLA MUNICIPAL ARIANO SUASSUNA", "nm_mun": "PETROLINA", "aptos": 2734, "imp": 0}}, {"type": "Feature", "geometry": {"type": "Point", "coordinates": [-38.29388, -7.978499]}, "properties": {"i": 2088, "mun": 25216, "ibge": 2611101, "z": 83, "l": 1830, "nm": "ESCOLA  MUNICIPAL PROFESSORA BÁRBARA MARIA RIBEIRO NETA SANTANA", "nm_mun": "PETROLINA", "aptos": 285, "imp": 1}}, {"type": "Feature", "geometry": {"type": "Point", "coordinates": [-40.560067, -9.184487]}, "properties": {"i": 2089, "mun": 25216, "ibge": 2611101, "z": 83, "l": 1848, "nm": "ESCOLA MUNICIPAL MANOEL ALVES NOGUEIRA", "nm_mun": "PETROLINA", "aptos": 1580, "imp": 1}}, {"type": "Feature", "geometry": {"type": "Point", "coordinates": [-35.005638, -8.025175]}, "properties": {"i": 2090, "mun": 25216, "ibge": 2611101, "z": 83, "l": 1856, "nm": "ESCOLA MUN DE EDUC EM TEMPO INTEGRAL ANA DAS CARRANCAS(ANA LEOPOLDINA)", "nm_mun": "PETROLINA", "aptos": 1213, "imp": 1}}, {"type": "Feature", "geometry": {"type": "Point", "coordinates": [-40.549861, -9.399744]}, "properties": {"i": 2091, "mun": 25216, "ibge": 2611101, "z": 83, "l": 1864, "nm": "ESCOLA DO RESIDENCIAL NOVA PETROLINA", "nm_mun": "PETROLINA", "aptos": 606, "imp": 1}}, {"type": "Feature", "geometry": {"type": "Point", "coordinates": [-34.927718, -7.918935]}, "properties": {"i": 2092, "mun": 25216, "ibge": 2611101, "z": 83, "l": 1872, "nm": "CMEI - JOSÉ ALMEIDA DA SILVA", "nm_mun": "PETROLINA", "aptos": 1028, "imp": 1}}, {"type": "Feature", "geometry": {"type": "Point", "coordinates": [-34.90694, -7.914594]}, "properties": {"i": 2093, "mun": 25216, "ibge": 2611101, "z": 83, "l": 1880, "nm": "ESCOLA JOÃO BATISTA DOS SANTOS", "nm_mun": "PETROLINA", "aptos": 2380, "imp": 1}}, {"type": "Feature", "geometry": {"type": "Point", "coordinates": [-35.065548, -8.276592]}, "properties": {"i": 2094, "mun": 25216, "ibge": 2611101, "z": 83, "l": 1899, "nm": "CMEI - GABRIEL MOREIRA", "nm_mun": "PETROLINA", "aptos": 1217, "imp": 1}}, {"type": "Feature", "geometry": {"type": "Point", "coordinates": [-40.493743, -9.386812]}, "properties": {"i": 2095, "mun": 25216, "ibge": 2611101, "z": 144, "l": 1015, "nm": "ESCOLA OTACILIO NUNES DE SOUZA", "nm_mun": "PETROLINA", "aptos": 4113, "imp": 0}}, {"type": "Feature", "geometry": {"type": "Point", "coordinates": [-40.492998, -9.380551]}, "properties": {"i": 2096, "mun": 25216, "ibge": 2611101, "z": 144, "l": 1023, "nm": "ESCOLA MOYSES BARBOSA", "nm_mun": "PETROLINA", "aptos": 5672, "imp": 0}}, {"type": "Feature", "geometry": {"type": "Point", "coordinates": [-40.486298, -9.388286]}, "properties": {"i": 2097, "mun": 25216, "ibge": 2611101, "z": 144, "l": 1040, "nm": "ESCOLA DOUTOR PACIFICO DA LUZ", "nm_mun": "PETROLINA", "aptos": 3505, "imp": 0}}, {"type": "Feature", "geometry": {"type": "Point", "coordinates": [-40.48344, -9.388235]}, "properties": {"i": 2098, "mun": 25216, "ibge": 2611101, "z": 144, "l": 1058, "nm": "ESCOLA PROFESSOR ANEZIO LEAO", "nm_mun": "PETROLINA", "aptos": 3168, "imp": 0}}, {"type": "Feature", "geometry": {"type": "Point", "coordinates": [-40.48939, -9.387351]}, "properties": {"i": 2099, "mun": 25216, "ibge": 2611101, "z": 144, "l": 1066, "nm": "CENTRO DE EDUCACAO PRE-ESCOLAR PROFESSORA MAROQUINHA", "nm_mun": "PETROLINA", "aptos": 1778, "imp": 0}}, {"type": "Feature", "geometry": {"type": "Point", "coordinates": [-40.489113, -9.383768]}, "properties": {"i": 2100, "mun": 25216, "ibge": 2611101, "z": 144, "l": 1090, "nm": "ESCOLA PROFESSORA ADELINA ALMEIDA", "nm_mun": "PETROLINA", "aptos": 3225, "imp": 0}}, {"type": "Feature", "geometry": {"type": "Point", "coordinates": [-40.490236, -9.396718]}, "properties": {"i": 2101, "mun": 25216, "ibge": 2611101, "z": 144, "l": 1155, "nm": "ESCOLA EDUARDO COELHO", "nm_mun": "PETROLINA", "aptos": 2894, "imp": 0}}, {"type": "Feature", "geometry": {"type": "Point", "coordinates": [-40.482229, -9.369023]}, "properties": {"i": 2102, "mun": 25216, "ibge": 2611101, "z": 144, "l": 1180, "nm": "ESCOLA PADRE LUIZ CASSIANO", "nm_mun": "PETROLINA", "aptos": 2853, "imp": 0}}, {"type": "Feature", "geometry": {"type": "Point", "coordinates": [-40.477034, -9.359462]}, "properties": {"i": 2103, "mun": 25216, "ibge": 2611101, "z": 144, "l": 1236, "nm": "ESCOLA MUNICIPAL PROFESSORA LAURITA COELHO LEDA FERREIRA", "nm_mun": "PETROLINA", "aptos": 2494, "imp": 0}}, {"type": "Feature", "geometry": {"type": "Point", "coordinates": [-40.5018, -9.398004]}, "properties": {"i": 2104, "mun": 25216, "ibge": 2611101, "z": 144, "l": 1295, "nm": "COLÉGIO NOSSA SENHORA AUXILIADORA", "nm_mun": "PETROLINA", "aptos": 4745, "imp": 0}}, {"type": "Feature", "geometry": {"type": "Point", "coordinates": [-40.504821, -9.385814]}, "properties": {"i": 2105, "mun": 25216, "ibge": 2611101, "z": 144, "l": 1317, "nm": "CENTRO DE ENSINO SUPLETIVO JOÃO BARRACÃO", "nm_mun": "PETROLINA", "aptos": 1724, "imp": 0}}, {"type": "Feature", "geometry": {"type": "Point", "coordinates": [-40.50473, -9.39474]}, "properties": {"i": 2106, "mun": 25216, "ibge": 2611101, "z": 144, "l": 1325, "nm": "COLÉGIO DOM BOSCO EXTENSÃO", "nm_mun": "PETROLINA", "aptos": 1548, "imp": 0}}, {"type": "Feature", "geometry": {"type": "Point", "coordinates": [-40.500832, -9.402551]}, "properties": {"i": 2107, "mun": 25216, "ibge": 2611101, "z": 144, "l": 1333, "nm": "ESCOLA DOM MALAM", "nm_mun": "PETROLINA", "aptos": 1339, "imp": 0}}, {"type": "Feature", "geometry": {"type": "Point", "coordinates": [-40.328182, -9.278349]}, "properties": {"i": 2108, "mun": 25216, "ibge": 2611101, "z": 144, "l": 1341, "nm": "ESCOLA FRANCISCO RODRIGUES DE SANTANA", "nm_mun": "PETROLINA", "aptos": 1083, "imp": 0}}, {"type": "Feature", "geometry": {"type": "Point", "coordinates": [-40.312536, -9.123685]}, "properties": {"i": 2109, "mun": 25216, "ibge": 2611101, "z": 144, "l": 1350, "nm": "ESCOLA ESTADUAL ANTÔNIO NUNES DOS SANTOS", "nm_mun": "PETROLINA", "aptos": 834, "imp": 0}}, {"type": "Feature", "geometry": {"type": "Point", "coordinates": [-40.460885, -9.391421]}, "properties": {"i": 2110, "mun": 25216, "ibge": 2611101, "z": 144, "l": 1368, "nm": "ESCOLA MUNICIPAL MÃE VITÓRIA", "nm_mun": "PETROLINA", "aptos": 1985, "imp": 0}}, {"type": "Feature", "geometry": {"type": "Point", "coordinates": [-40.48594, -9.388449]}, "properties": {"i": 2111, "mun": 25216, "ibge": 2611101, "z": 144, "l": 1376, "nm": "ESCOLA ESTADUAL MONTEIRO LOBATO", "nm_mun": "PETROLINA", "aptos": 2424, "imp": 0}}, {"type": "Feature", "geometry": {"type": "Point", "coordinates": [-40.431019, -9.292173]}, "properties": {"i": 2112, "mun": 25216, "ibge": 2611101, "z": 144, "l": 1384, "nm": "ESCOLA POETA CARLOS DRUMOND DE ANDRADE", "nm_mun": "PETROLINA", "aptos": 3007, "imp": 0}}, {"type": "Feature", "geometry": {"type": "Point", "coordinates": [-40.26947, -9.006224]}, "properties": {"i": 2113, "mun": 25216, "ibge": 2611101, "z": 144, "l": 1392, "nm": "ESCOLA MUNICIPAL GUIDO ALVES CARDOSO", "nm_mun": "PETROLINA", "aptos": 1345, "imp": 0}}, {"type": "Feature", "geometry": {"type": "Point", "coordinates": [-40.504825, -9.394901]}, "properties": {"i": 2114, "mun": 25216, "ibge": 2611101, "z": 144, "l": 1406, "nm": "COLÉGIO DOM BOSCO", "nm_mun": "PETROLINA", "aptos": 3754, "imp": 0}}, {"type": "Feature", "geometry": {"type": "Point", "coordinates": [-40.508808, -9.385551]}, "properties": {"i": 2115, "mun": 25216, "ibge": 2611101, "z": 144, "l": 1422, "nm": "GRUPO ESCOLAR GERCINO COELHO", "nm_mun": "PETROLINA", "aptos": 1527, "imp": 0}}, {"type": "Feature", "geometry": {"type": "Point", "coordinates": [-40.501908, -9.3871]}, "properties": {"i": 2116, "mun": 25216, "ibge": 2611101, "z": 144, "l": 1430, "nm": "ESCOLA PROFESSORA ELIETE ARAÚJO", "nm_mun": "PETROLINA", "aptos": 2877, "imp": 0}}, {"type": "Feature", "geometry": {"type": "Point", "coordinates": [-40.328465, -9.208848]}, "properties": {"i": 2117, "mun": 25216, "ibge": 2611101, "z": 144, "l": 1449, "nm": "ESCOLA MUNICIPAL SANTA CRUZ", "nm_mun": "PETROLINA", "aptos": 539, "imp": 0}}, {"type": "Feature", "geometry": {"type": "Point", "coordinates": [-40.56653, -8.675602]}, "properties": {"i": 2118, "mun": 25216, "ibge": 2611101, "z": 144, "l": 1457, "nm": "ESCOLA MUNICIPAL NOSSA SENHORA DAS GRACAS", "nm_mun": "PETROLINA", "aptos": 779, "imp": 0}}, {"type": "Feature", "geometry": {"type": "Point", "coordinates": [-40.46974, -9.391011]}, "properties": {"i": 2119, "mun": 25216, "ibge": 2611101, "z": 144, "l": 1465, "nm": "ESCOLA MUNICIPAL PROFESSOR NICOLAU BOSCARDINI", "nm_mun": "PETROLINA", "aptos": 4311, "imp": 0}}, {"type": "Feature", "geometry": {"type": "Point", "coordinates": [-40.386151, -9.346854]}, "properties": {"i": 2120, "mun": 25216, "ibge": 2611101, "z": 144, "l": 1481, "nm": "ESCOLA MUNICIPAL LUIZ DE SOUZA", "nm_mun": "PETROLINA", "aptos": 1663, "imp": 0}}, {"type": "Feature", "geometry": {"type": "Point", "coordinates": [-40.321301, -9.143531]}, "properties": {"i": 2121, "mun": 25216, "ibge": 2611101, "z": 144, "l": 1490, "nm": "ESCOLA MUNICIPAL JOSE NUNES DE SANTANA", "nm_mun": "PETROLINA", "aptos": 2508, "imp": 0}}, {"type": "Feature", "geometry": {"type": "Point", "coordinates": [-40.53303, -9.274288]}, "properties": {"i": 2122, "mun": 25216, "ibge": 2611101, "z": 144, "l": 1503, "nm": "ESCOLA ESTADUAL PROJETO NILO COELHO N-011", "nm_mun": "PETROLINA", "aptos": 2412, "imp": 0}}, {"type": "Feature", "geometry": {"type": "Point", "coordinates": [-40.509628, -9.373048]}, "properties": {"i": 2123, "mun": 25216, "ibge": 2611101, "z": 144, "l": 1511, "nm": "ESCOLA ANTONIO CASSIMIRO", "nm_mun": "PETROLINA", "aptos": 2524, "imp": 0}}, {"type": "Feature", "geometry": {"type": "Point", "coordinates": [-40.484552, -9.388763]}, "properties": {"i": 2124, "mun": 25216, "ibge": 2611101, "z": 144, "l": 1520, "nm": "ESCOLA MUNICIPAL DE TEMPO INTEGRAL MONSENHOR BERNARDINO", "nm_mun": "PETROLINA", "aptos": 3206, "imp": 0}}, {"type": "Feature", "geometry": {"type": "Point", "coordinates": [-40.474947, -9.394454]}, "properties": {"i": 2125, "mun": 25216, "ibge": 2611101, "z": 144, "l": 1546, "nm": "FACULDADE DE CIÊNCIAS APLICADAS E SOCIAIS DE PETROLINA-FACAPE", "nm_mun": "PETROLINA", "aptos": 1225, "imp": 0}}, {"type": "Feature", "geometry": {"type": "Point", "coordinates": [-40.324635, -9.142425]}, "properties": {"i": 2126, "mun": 25216, "ibge": 2611101, "z": 144, "l": 1554, "nm": "ESCOLA JOSE RIBEIRO DA SILVA", "nm_mun": "PETROLINA", "aptos": 588, "imp": 0}}, {"type": "Feature", "geometry": {"type": "Point", "coordinates": [-35.482679, -7.782658]}, "properties": {"i": 2127, "mun": 25216, "ibge": 2611101, "z": 144, "l": 1562, "nm": "ESCOLA MUNICIPAL SÃO JOSÉ", "nm_mun": "PETROLINA", "aptos": 247, "imp": 1}}, {"type": "Feature", "geometry": {"type": "Point", "coordinates": [-40.604145, -9.271427]}, "properties": {"i": 2128, "mun": 25216, "ibge": 2611101, "z": 144, "l": 1570, "nm": "CMEI - CRECHE MUNICIPAL DO CARUJO", "nm_mun": "PETROLINA", "aptos": 257, "imp": 1}}, {"type": "Feature", "geometry": {"type": "Point", "coordinates": [-40.549861, -9.399744]}, "properties": {"i": 2129, "mun": 25216, "ibge": 2611101, "z": 144, "l": 1589, "nm": "ESCOLA MUNICIPAL DE EDUCAÇÃO EM TEMPO INTEGRAL LÍVIA CLÉA VIANA COELHO", "nm_mun": "PETROLINA", "aptos": 1104, "imp": 1}}, {"type": "Feature", "geometry": {"type": "Point", "coordinates": [-34.929269, -8.0153]}, "properties": {"i": 2130, "mun": 25216, "ibge": 2611101, "z": 144, "l": 1597, "nm": "ESCOLA MUNICIPAL DE EDUCAÇÃO EM TEMPO INTEGRAL GOVERNADOR MIGUEL ARRAE", "nm_mun": "PETROLINA", "aptos": 141, "imp": 1}}, {"type": "Feature", "geometry": {"type": "Point", "coordinates": [-40.574684, -8.941227]}, "properties": {"i": 2131, "mun": 25216, "ibge": 2611101, "z": 145, "l": 1040, "nm": "ESCOLA MUNICIPAL EDUARDO SOUZA", "nm_mun": "PETROLINA", "aptos": 1443, "imp": 0}}, {"type": "Feature", "geometry": {"type": "Point", "coordinates": [-40.366057, -8.818531]}, "properties": {"i": 2132, "mun": 25216, "ibge": 2611101, "z": 145, "l": 1058, "nm": "ESCOLA MUNICIPAL JOÃO RODRIGUES DE MACEDO", "nm_mun": "PETROLINA", "aptos": 638, "imp": 0}}, {"type": "Feature", "geometry": {"type": "Point", "coordinates": [-40.523896, -9.371876]}, "properties": {"i": 2133, "mun": 25216, "ibge": 2611101, "z": 145, "l": 1074, "nm": "ESCOLA ESTADUAL POETA JOSÉ RAULINO SAMPAIO", "nm_mun": "PETROLINA", "aptos": 3525, "imp": 0}}, {"type": "Feature", "geometry": {"type": "Point", "coordinates": [-40.455449, -9.188579]}, "properties": {"i": 2134, "mun": 25216, "ibge": 2611101, "z": 145, "l": 1082, "nm": "ESCOLA ÂNGELO VIEIRA NUNES", "nm_mun": "PETROLINA", "aptos": 650, "imp": 0}}, {"type": "Feature", "geometry": {"type": "Point", "coordinates": [-40.539816, -9.362449]}, "properties": {"i": 2135, "mun": 25216, "ibge": 2611101, "z": 145, "l": 1112, "nm": "ESCOLA MUNICIPAL PROFESSORA LUIZA DE CASTRO", "nm_mun": "PETROLINA", "aptos": 3247, "imp": 0}}, {"type": "Feature", "geometry": {"type": "Point", "coordinates": [-40.535734, -9.368809]}, "properties": {"i": 2136, "mun": 25216, "ibge": 2611101, "z": 145, "l": 1210, "nm": "ESCOLA MUNICIPAL PROFESSORA MARIA ODETE SAMPAIO GOMES", "nm_mun": "PETROLINA", "aptos": 1489, "imp": 0}}, {"type": "Feature", "geometry": {"type": "Point", "coordinates": [-40.561544, -9.184673]}, "properties": {"i": 2137, "mun": 25216, "ibge": 2611101, "z": 145, "l": 1325, "nm": "ESCOLA MUNICIPAL JOSÉ ESMERINDO RIBEIRO", "nm_mun": "PETROLINA", "aptos": 1888, "imp": 0}}, {"type": "Feature", "geometry": {"type": "Point", "coordinates": [-40.603893, -8.839586]}, "properties": {"i": 2138, "mun": 25216, "ibge": 2611101, "z": 145, "l": 1350, "nm": "ESCOLA MUNICIPAL ANTONIO PEDRO RODRIGUES", "nm_mun": "PETROLINA", "aptos": 626, "imp": 0}}, {"type": "Feature", "geometry": {"type": "Point", "coordinates": [-40.566553, -8.675506]}, "properties": {"i": 2139, "mun": 25216, "ibge": 2611101, "z": 145, "l": 1376, "nm": "ESCOLA MUNICIPAL NOSSA SENHORA APARECIDA", "nm_mun": "PETROLINA", "aptos": 810, "imp": 0}}, {"type": "Feature", "geometry": {"type": "Point", "coordinates": [-40.534463, -9.37479]}, "properties": {"i": 2140, "mun": 25216, "ibge": 2611101, "z": 145, "l": 1473, "nm": "ESCOLA MUNICIPAL JULIA ELISA COELHO", "nm_mun": "PETROLINA", "aptos": 3007, "imp": 0}}, {"type": "Feature", "geometry": {"type": "Point", "coordinates": [-40.539202, -9.368596]}, "properties": {"i": 2141, "mun": 25216, "ibge": 2611101, "z": 145, "l": 1503, "nm": "ESCOLA ESTADUAL DOM ANTONIO CAMPELO", "nm_mun": "PETROLINA", "aptos": 3127, "imp": 0}}, {"type": "Feature", "geometry": {"type": "Point", "coordinates": [-40.534782, -9.357942]}, "properties": {"i": 2142, "mun": 25216, "ibge": 2611101, "z": 145, "l": 1511, "nm": "EREM JESUINO ANTONIO D AVILA", "nm_mun": "PETROLINA", "aptos": 2684, "imp": 0}}, {"type": "Feature", "geometry": {"type": "Point", "coordinates": [-40.505962, -9.286191]}, "properties": {"i": 2143, "mun": 25216, "ibge": 2611101, "z": 145, "l": 1520, "nm": "ESCOLA ESTADUAL DO PROJETO NILO COELHO N-07", "nm_mun": "PETROLINA", "aptos": 1441, "imp": 0}}, {"type": "Feature", "geometry": {"type": "Point", "coordinates": [-40.463022, -9.286691]}, "properties": {"i": 2144, "mun": 25216, "ibge": 2611101, "z": 145, "l": 1538, "nm": "ESCOLA ESTADUAL ÉRIKA THAYNARA DA SILVA LEITE", "nm_mun": "PETROLINA", "aptos": 2144, "imp": 0}}, {"type": "Feature", "geometry": {"type": "Point", "coordinates": [-40.507306, -9.334893]}, "properties": {"i": 2145, "mun": 25216, "ibge": 2611101, "z": 145, "l": 1546, "nm": "ESCOLA ESTADUAL NUCLEO DE MORADORES N-09", "nm_mun": "PETROLINA", "aptos": 2446, "imp": 0}}, {"type": "Feature", "geometry": {"type": "Point", "coordinates": [-40.65228, -9.094873]}, "properties": {"i": 2146, "mun": 25216, "ibge": 2611101, "z": 145, "l": 1600, "nm": "ESCOLA MUNICIPAL DOUTOR JOSÉ ARAÚJO DE SOUZA", "nm_mun": "PETROLINA", "aptos": 613, "imp": 0}}, {"type": "Feature", "geometry": {"type": "Point", "coordinates": [-40.542548, -9.35676]}, "properties": {"i": 2147, "mun": 25216, "ibge": 2611101, "z": 145, "l": 1651, "nm": "ESCOLA ESTADUAL ENEIDE COELHO PAIXÃO CAVALCANTI", "nm_mun": "PETROLINA", "aptos": 5043, "imp": 0}}, {"type": "Feature", "geometry": {"type": "Point", "coordinates": [-40.684968, -8.647463]}, "properties": {"i": 2148, "mun": 25216, "ibge": 2611101, "z": 145, "l": 1686, "nm": "ESCOLA MUNICIPAL JOÃO NETO", "nm_mun": "PETROLINA", "aptos": 370, "imp": 0}}, {"type": "Feature", "geometry": {"type": "Point", "coordinates": [-40.522736, -8.759378]}, "properties": {"i": 2149, "mun": 25216, "ibge": 2611101, "z": 145, "l": 1694, "nm": "ESCOLA MUNICIPAL HILARIO RODRIGUES DA COSTA", "nm_mun": "PETROLINA", "aptos": 642, "imp": 0}}, {"type": "Feature", "geometry": {"type": "Point", "coordinates": [-40.426402, -8.775361]}, "properties": {"i": 2150, "mun": 25216, "ibge": 2611101, "z": 145, "l": 1708, "nm": "ESCOLA MUNICIPAL TENENTE JESSÉ", "nm_mun": "PETROLINA", "aptos": 363, "imp": 0}}, {"type": "Feature", "geometry": {"type": "Point", "coordinates": [-40.621836, -8.748443]}, "properties": {"i": 2151, "mun": 25216, "ibge": 2611101, "z": 145, "l": 1724, "nm": "ESCOLA MUNICIPAL OLAVO BILAC", "nm_mun": "PETROLINA", "aptos": 547, "imp": 0}}, {"type": "Feature", "geometry": {"type": "Point", "coordinates": [-40.518526, -9.349151]}, "properties": {"i": 2152, "mun": 25216, "ibge": 2611101, "z": 145, "l": 1791, "nm": "ESCOLA MUNICIPAL PROFESSORA ANETE ROLIM DE ALBUQUERQUE GOMES", "nm_mun": "PETROLINA", "aptos": 4357, "imp": 0}}, {"type": "Feature", "geometry": {"type": "Point", "coordinates": [-40.586674, -9.051055]}, "properties": {"i": 2153, "mun": 25216, "ibge": 2611101, "z": 145, "l": 1864, "nm": "ESCOLA MUNICIPAL MONSENHOR ÂNGELO SAMPAIO", "nm_mun": "PETROLINA", "aptos": 269, "imp": 0}}, {"type": "Feature", "geometry": {"type": "Point", "coordinates": [-40.488586, -9.372811]}, "properties": {"i": 2154, "mun": 25216, "ibge": 2611101, "z": 145, "l": 1945, "nm": "ASSOCIACAO DOS SERVIDORES DO SEMI ARIDO", "nm_mun": "PETROLINA", "aptos": 1145, "imp": 0}}, {"type": "Feature", "geometry": {"type": "Point", "coordinates": [-40.519811, -9.377937]}, "properties": {"i": 2155, "mun": 25216, "ibge": 2611101, "z": 145, "l": 1953, "nm": "ESCOLA MUNICIPAL JECONIAS JOSÉ DOS SANTOS", "nm_mun": "PETROLINA", "aptos": 1554, "imp": 0}}, {"type": "Feature", "geometry": {"type": "Point", "coordinates": [-40.493367, -9.369312]}, "properties": {"i": 2156, "mun": 25216, "ibge": 2611101, "z": 145, "l": 1961, "nm": "ESCOLA JOAQUIM ANDRE CAVALCANTI", "nm_mun": "PETROLINA", "aptos": 3674, "imp": 0}}, {"type": "Feature", "geometry": {"type": "Point", "coordinates": [-40.494896, -9.368082]}, "properties": {"i": 2157, "mun": 25216, "ibge": 2611101, "z": 145, "l": 1970, "nm": "ESCOLA MUNICIPAL PROFESSOR JOSÉ JOAQUIM", "nm_mun": "PETROLINA", "aptos": 2838, "imp": 0}}, {"type": "Feature", "geometry": {"type": "Point", "coordinates": [-40.49707, -9.366243]}, "properties": {"i": 2158, "mun": 25216, "ibge": 2611101, "z": 145, "l": 1988, "nm": "ESCOLA ANTONIO PADILHA", "nm_mun": "PETROLINA", "aptos": 3982, "imp": 0}}, {"type": "Feature", "geometry": {"type": "Point", "coordinates": [-40.489331, -9.371971]}, "properties": {"i": 2159, "mun": 25216, "ibge": 2611101, "z": 145, "l": 1996, "nm": "ESCOLA MUNICIPAL VINTE E UM DE SETEMBRO - ANTIGA FAEPE", "nm_mun": "PETROLINA", "aptos": 2852, "imp": 0}}, {"type": "Feature", "geometry": {"type": "Point", "coordinates": [-40.501995, -9.361275]}, "properties": {"i": 2160, "mun": 25216, "ibge": 2611101, "z": 145, "l": 2003, "nm": "ESCOLA MUNICIPAL LUIZ RODRIGUES DE ARAUJO", "nm_mun": "PETROLINA", "aptos": 5584, "imp": 0}}, {"type": "Feature", "geometry": {"type": "Point", "coordinates": [-40.506536, -9.366189]}, "properties": {"i": 2161, "mun": 25216, "ibge": 2611101, "z": 145, "l": 2011, "nm": "ESCOLA MUNICIPAL PROFESSOR WALTER GIL", "nm_mun": "PETROLINA", "aptos": 2405, "imp": 0}}, {"type": "Feature", "geometry": {"type": "Point", "coordinates": [-40.495805, -9.367738]}, "properties": {"i": 2162, "mun": 25216, "ibge": 2611101, "z": 145, "l": 2020, "nm": "CMEI DR. CARDOSO DE SÁ", "nm_mun": "PETROLINA", "aptos": 2020, "imp": 0}}, {"type": "Feature", "geometry": {"type": "Point", "coordinates": [-40.488293, -9.353948]}, "properties": {"i": 2163, "mun": 25216, "ibge": 2611101, "z": 145, "l": 2038, "nm": "ESCOLA MUNICIPAL SANTA TEREZINHA", "nm_mun": "PETROLINA", "aptos": 6360, "imp": 0}}, {"type": "Feature", "geometry": {"type": "Point", "coordinates": [-40.521098, -9.383516]}, "properties": {"i": 2164, "mun": 25216, "ibge": 2611101, "z": 145, "l": 2054, "nm": "ESCOLA DO OURO PRETO (IGREJINHA)", "nm_mun": "PETROLINA", "aptos": 1561, "imp": 0}}, {"type": "Feature", "geometry": {"type": "Point", "coordinates": [-40.467065, -9.318145]}, "properties": {"i": 2165, "mun": 25216, "ibge": 2611101, "z": 145, "l": 2070, "nm": "ESCOLA MUNICIPAL MARECHAL MASCARENHAS DE MORAIS", "nm_mun": "PETROLINA", "aptos": 1566, "imp": 0}}, {"type": "Feature", "geometry": {"type": "Point", "coordinates": [-40.506273, -9.28689]}, "properties": {"i": 2166, "mun": 25216, "ibge": 2611101, "z": 145, "l": 2089, "nm": "ESCOLA BRUNA NEGREIRO LEITE", "nm_mun": "PETROLINA", "aptos": 2109, "imp": 0}}, {"type": "Feature", "geometry": {"type": "Point", "coordinates": [-40.53246, -9.101558]}, "properties": {"i": 2167, "mun": 25216, "ibge": 2611101, "z": 145, "l": 2097, "nm": "ESCOLA MUNICIPAL MARECHAL RONDON", "nm_mun": "PETROLINA", "aptos": 447, "imp": 0}}, {"type": "Feature", "geometry": {"type": "Point", "coordinates": [-40.560067, -9.184487]}, "properties": {"i": 2168, "mun": 25216, "ibge": 2611101, "z": 145, "l": 2100, "nm": "ESCOLA MUNICIPAL ESMELINDA ROBERTA DE ARAÚJO", "nm_mun": "PETROLINA", "aptos": 850, "imp": 0}}, {"type": "Feature", "geometry": {"type": "Point", "coordinates": [-34.923742, -8.197896]}, "properties": {"i": 2169, "mun": 25216, "ibge": 2611101, "z": 145, "l": 2135, "nm": "ESCOLA MADRE TERESA SALDANHA", "nm_mun": "PETROLINA", "aptos": 233, "imp": 1}}, {"type": "Feature", "geometry": {"type": "Point", "coordinates": [-34.954679, -8.191139]}, "properties": {"i": 2170, "mun": 25216, "ibge": 2611101, "z": 145, "l": 2143, "nm": "CMEI PROINFÂNCIA JOÃO DE DEUS", "nm_mun": "PETROLINA", "aptos": 2127, "imp": 1}}, {"type": "Feature", "geometry": {"type": "Point", "coordinates": [-40.463022, -9.286691]}, "properties": {"i": 2171, "mun": 25216, "ibge": 2611101, "z": 145, "l": 2151, "nm": "ESCOLA MUNICIPAL JOÃO NUNES", "nm_mun": "PETROLINA", "aptos": 1729, "imp": 1}}, {"type": "Feature", "geometry": {"type": "Point", "coordinates": [-36.058071, -8.288461]}, "properties": {"i": 2172, "mun": 25216, "ibge": 2611101, "z": 145, "l": 2160, "nm": "ESCOLA MUNICIPAL CAMILA BRANCO DE ALMEIDA", "nm_mun": "PETROLINA", "aptos": 153, "imp": 1}}, {"type": "Feature", "geometry": {"type": "Point", "coordinates": [-37.215138, -7.679447]}, "properties": {"i": 2173, "mun": 25216, "ibge": 2611101, "z": 145, "l": 2178, "nm": "ASSOCIAÇÃO DOS AGRICULTORES FAMILIARES TERRA NOVA - AGRIFTAN", "nm_mun": "PETROLINA", "aptos": 247, "imp": 1}}, {"type": "Feature", "geometry": {"type": "Point", "coordinates": [-40.53303, -9.274288]}, "properties": {"i": 2174, "mun": 25216, "ibge": 2611101, "z": 145, "l": 2186, "nm": "ESCOLA MUNICIPAL RICARDO SOARES COELHO", "nm_mun": "PETROLINA", "aptos": 2359, "imp": 1}}, {"type": "Feature", "geometry": {"type": "Point", "coordinates": [-36.701842, -8.18658]}, "properties": {"i": 2175, "mun": 25232, "ibge": 2611200, "z": 55, "l": 1023, "nm": "ESCOLA MUNICIPAL MONSENHOR ESTANISLAU FERREIRA DE CARVALHO", "nm_mun": "POÇÃO", "aptos": 3825, "imp": 0}}, {"type": "Feature", "geometry": {"type": "Point", "coordinates": [-36.701412, -8.179041]}, "properties": {"i": 2176, "mun": 25232, "ibge": 2611200, "z": 55, "l": 1031, "nm": "ESCOLA ESTADUAL COMENDADOR MANOEL CAETANO DE BRITO", "nm_mun": "POÇÃO", "aptos": 4730, "imp": 0}}, {"type": "Feature", "geometry": {"type": "Point", "coordinates": [-36.704288, -8.185217]}, "properties": {"i": 2177, "mun": 25232, "ibge": 2611200, "z": 55, "l": 1040, "nm": "ESCOLA MUNICIPAL OSCARINA CAVALCANTI", "nm_mun": "POÇÃO", "aptos": 287, "imp": 0}}, {"type": "Feature", "geometry": {"type": "Point", "coordinates": [-36.633559, -8.254394]}, "properties": {"i": 2178, "mun": 25232, "ibge": 2611200, "z": 55, "l": 1074, "nm": "ESCOLA MUNICIPAL SANTA CLARA", "nm_mun": "POÇÃO", "aptos": 1091, "imp": 0}}, {"type": "Feature", "geometry": {"type": "Point", "coordinates": [-36.70694, -8.267221]}, "properties": {"i": 2179, "mun": 25232, "ibge": 2611200, "z": 55, "l": 1082, "nm": "ESCOLA MUNICIPAL SAO JOAO BATISTA", "nm_mun": "POÇÃO", "aptos": 407, "imp": 0}}, {"type": "Feature", "geometry": {"type": "Point", "coordinates": [-35.399746, -8.13694]}, "properties": {"i": 2180, "mun": 25259, "ibge": 2611309, "z": 102, "l": 1015, "nm": "ESCOLA MUNICIPAL PROFESSORA MARIA DAS DORES DE ASSUNÇÃO QUEIROZ", "nm_mun": "POMBOS", "aptos": 1597, "imp": 0}}, {"type": "Feature", "geometry": {"type": "Point", "coordinates": [-35.39824, -8.142941]}, "properties": {"i": 2181, "mun": 25259, "ibge": 2611309, "z": 102, "l": 1023, "nm": "COLÉGIO MUNICIPAL ONZE DE DEZEMBRO", "nm_mun": "POMBOS", "aptos": 3817, "imp": 0}}, {"type": "Feature", "geometry": {"type": "Point", "coordinates": [-35.39666, -8.140929]}, "properties": {"i": 2182, "mun": 25259, "ibge": 2611309, "z": 102, "l": 1040, "nm": "CÂMARA DOS VEREADORES", "nm_mun": "POMBOS", "aptos": 607, "imp": 0}}, {"type": "Feature", "geometry": {"type": "Point", "coordinates": [-35.399167, -8.143331]}, "properties": {"i": 2183, "mun": 25259, "ibge": 2611309, "z": 102, "l": 1058, "nm": "EDUCANDÁRIO QUISES MARQUES", "nm_mun": "POMBOS", "aptos": 1583, "imp": 0}}, {"type": "Feature", "geometry": {"type": "Point", "coordinates": [-35.393512, -8.139712]}, "properties": {"i": 2184, "mun": 25259, "ibge": 2611309, "z": 102, "l": 1066, "nm": "ESCOLA MUNICIPAL PROFESSOR RUI BARBOSA", "nm_mun": "POMBOS", "aptos": 878, "imp": 0}}, {"type": "Feature", "geometry": {"type": "Point", "coordinates": [-35.39921, -8.144298]}, "properties": {"i": 2185, "mun": 25259, "ibge": 2611309, "z": 102, "l": 1074, "nm": "ESCOLA MUNICIPAL MARECHAL CASTELO BRANCO", "nm_mun": "POMBOS", "aptos": 2226, "imp": 0}}, {"type": "Feature", "geometry": {"type": "Point", "coordinates": [-35.395875, -8.141749]}, "properties": {"i": 2186, "mun": 25259, "ibge": 2611309, "z": 102, "l": 1104, "nm": "EREM CAPITÃO MANOEL GOMES DE ASSUNÇÃO", "nm_mun": "POMBOS", "aptos": 3955, "imp": 0}}, {"type": "Feature", "geometry": {"type": "Point", "coordinates": [-35.396517, -8.14134]}, "properties": {"i": 2187, "mun": 25259, "ibge": 2611309, "z": 102, "l": 1112, "nm": "SALÃO PAROQUIAL PADRE ESTANISLAU", "nm_mun": "POMBOS", "aptos": 335, "imp": 0}}, {"type": "Feature", "geometry": {"type": "Point", "coordinates": [-35.395278, -8.140359]}, "properties": {"i": 2188, "mun": 25259, "ibge": 2611309, "z": 102, "l": 1120, "nm": "SALA DA BANDA MUSICAL PADRE GALDINO", "nm_mun": "POMBOS", "aptos": 739, "imp": 0}}, {"type": "Feature", "geometry": {"type": "Point", "coordinates": [-35.39801, -8.139884]}, "properties": {"i": 2189, "mun": 25259, "ibge": 2611309, "z": 102, "l": 1155, "nm": "CLUBE MUNICIPAL DR BIDO KRAUSE", "nm_mun": "POMBOS", "aptos": 1047, "imp": 0}}, {"type": "Feature", "geometry": {"type": "Point", "coordinates": [-35.395341, -8.141357]}, "properties": {"i": 2190, "mun": 25259, "ibge": 2611309, "z": 102, "l": 1171, "nm": "ENTIDADE MUNICIPAL CÂNDIDA MAURÍCIO DE MELO", "nm_mun": "POMBOS", "aptos": 1904, "imp": 0}}, {"type": "Feature", "geometry": {"type": "Point", "coordinates": [-35.344999, -8.125542]}, "properties": {"i": 2191, "mun": 25259, "ibge": 2611309, "z": 102, "l": 1180, "nm": "ESCOLA MUNICIPAL DOIS LEÕES", "nm_mun": "POMBOS", "aptos": 796, "imp": 0}}, {"type": "Feature", "geometry": {"type": "Point", "coordinates": [-35.394212, -8.144151]}, "properties": {"i": 2192, "mun": 25259, "ibge": 2611309, "z": 102, "l": 1210, "nm": "COLÉGIO MUNICIPAL DR. FRANCISCO DE OLIVEIRA EVANGELISTA", "nm_mun": "POMBOS", "aptos": 977, "imp": 0}}, {"type": "Feature", "geometry": {"type": "Point", "coordinates": [-35.35366, -8.329803]}, "properties": {"i": 2193, "mun": 25275, "ibge": 2611408, "z": 31, "l": 1031, "nm": "GINÁSIO MUNICIPAL SANTO ANTÔNIO", "nm_mun": "PRIMAVERA", "aptos": 5140, "imp": 0}}, {"type": "Feature", "geometry": {"type": "Point", "coordinates": [-35.352357, -8.338848]}, "properties": {"i": 2194, "mun": 25275, "ibge": 2611408, "z": 31, "l": 1066, "nm": "SECRETARIA DE ASSISTÊNCIA SOCIAL DE PRIMAVERA", "nm_mun": "PRIMAVERA", "aptos": 1111, "imp": 0}}, {"type": "Feature", "geometry": {"type": "Point", "coordinates": [-35.353684, -8.346052]}, "properties": {"i": 2195, "mun": 25275, "ibge": 2611408, "z": 31, "l": 1074, "nm": "ESCOLA MUNICIPAL ARTHUR ORLANDO DE ANDRADE BEZERRA", "nm_mun": "PRIMAVERA", "aptos": 2767, "imp": 0}}, {"type": "Feature", "geometry": {"type": "Point", "coordinates": [-35.226092, -7.739492]}, "properties": {"i": 2196, "mun": 25275, "ibge": 2611408, "z": 31, "l": 1139, "nm": "ESCOLA MUNICIPAL JOSÉ JOAQUIM DE SANTANA", "nm_mun": "PRIMAVERA", "aptos": 1994, "imp": 1}}, {"type": "Feature", "geometry": {"type": "Point", "coordinates": [-36.01306, -8.829497]}, "properties": {"i": 2197, "mun": 25291, "ibge": 2611507, "z": 47, "l": 1015, "nm": "COLEGIO MUNICIPAL IMACULADA CONCEICAO", "nm_mun": "QUIPAPÁ", "aptos": 2970, "imp": 0}}, {"type": "Feature", "geometry": {"type": "Point", "coordinates": [-36.013118, -8.830011]}, "properties": {"i": 2198, "mun": 25291, "ibge": 2611507, "z": 47, "l": 1031, "nm": "GRUPO ESCOLAR MUNICIPAL DOM EXPEDITO LOPES", "nm_mun": "QUIPAPÁ", "aptos": 1581, "imp": 0}}, {"type": "Feature", "geometry": {"type": "Point", "coordinates": [-36.011183, -8.827849]}, "properties": {"i": 2199, "mun": 25291, "ibge": 2611507, "z": 47, "l": 1040, "nm": "CRECHE MUNICIPAL IRACI PINTO DE BARROS", "nm_mun": "QUIPAPÁ", "aptos": 718, "imp": 0}}, {"type": "Feature", "geometry": {"type": "Point", "coordinates": [-36.114229, -8.843739]}, "properties": {"i": 2200, "mun": 25291, "ibge": 2611507, "z": 47, "l": 1066, "nm": "ESCOLA MUNICIPAL COELHO NETO", "nm_mun": "QUIPAPÁ", "aptos": 697, "imp": 0}}, {"type": "Feature", "geometry": {"type": "Point", "coordinates": [-36.113313, -8.843875]}, "properties": {"i": 2201, "mun": 25291, "ibge": 2611507, "z": 47, "l": 1074, "nm": "CENTRO COMUNITARIO", "nm_mun": "QUIPAPÁ", "aptos": 363, "imp": 0}}, {"type": "Feature", "geometry": {"type": "Point", "coordinates": [-36.006796, -8.827467]}, "properties": {"i": 2202, "mun": 25291, "ibge": 2611507, "z": 47, "l": 1120, "nm": "ESCOLA DE REFERÊNCIA EM ENSINO MÉDIO DR. FERNANDO P. DE MELO", "nm_mun": "QUIPAPÁ", "aptos": 2167, "imp": 0}}, {"type": "Feature", "geometry": {"type": "Point", "coordinates": [-36.093392, -8.804541]}, "properties": {"i": 2203, "mun": 25291, "ibge": 2611507, "z": 47, "l": 1155, "nm": "GRUPO ESCOLAR JOAO AMORIM DE BARROS", "nm_mun": "QUIPAPÁ", "aptos": 2653, "imp": 0}}, {"type": "Feature", "geometry": {"type": "Point", "coordinates": [-36.114281, -8.842887]}, "properties": {"i": 2204, "mun": 25291, "ibge": 2611507, "z": 47, "l": 1163, "nm": "MERCADO PÚBLICO", "nm_mun": "QUIPAPÁ", "aptos": 846, "imp": 0}}, {"type": "Feature", "geometry": {"type": "Point", "coordinates": [-36.012862, -8.828445]}, "properties": {"i": 2205, "mun": 25291, "ibge": 2611507, "z": 47, "l": 1171, "nm": "ASSISTÊNCIA SOCIAL", "nm_mun": "QUIPAPÁ", "aptos": 365, "imp": 0}}, {"type": "Feature", "geometry": {"type": "Point", "coordinates": [-36.013435, -8.828044]}, "properties": {"i": 2206, "mun": 25291, "ibge": 2611507, "z": 47, "l": 1180, "nm": "CÂMARA MUNICIPAL DE QUIPAPÁ", "nm_mun": "QUIPAPÁ", "aptos": 578, "imp": 0}}, {"type": "Feature", "geometry": {"type": "Point", "coordinates": [-36.114564, -8.843623]}, "properties": {"i": 2207, "mun": 25291, "ibge": 2611507, "z": 47, "l": 1198, "nm": "UNIDADE FAMILIAR PSF 3", "nm_mun": "QUIPAPÁ", "aptos": 112, "imp": 0}}, {"type": "Feature", "geometry": {"type": "Point", "coordinates": [-36.010429, -8.814483]}, "properties": {"i": 2208, "mun": 25291, "ibge": 2611507, "z": 47, "l": 1244, "nm": "ESCOLA MUNICIPAL TANCREDO DE ALMEIDA NEVES", "nm_mun": "QUIPAPÁ", "aptos": 1394, "imp": 0}}, {"type": "Feature", "geometry": {"type": "Point", "coordinates": [-36.010638, -8.827408]}, "properties": {"i": 2209, "mun": 25291, "ibge": 2611507, "z": 47, "l": 1287, "nm": "PSF-2 LUÍS IGNÁCIO", "nm_mun": "QUIPAPÁ", "aptos": 396, "imp": 0}}, {"type": "Feature", "geometry": {"type": "Point", "coordinates": [-36.011458, -8.827871]}, "properties": {"i": 2210, "mun": 25291, "ibge": 2611507, "z": 47, "l": 1295, "nm": "SECRETARIA MUNICIPAL DE SAUDE", "nm_mun": "QUIPAPÁ", "aptos": 630, "imp": 0}}, {"type": "Feature", "geometry": {"type": "Point", "coordinates": [-34.894507, -8.111016]}, "properties": {"i": 2211, "mun": 25313, "ibge": 2611606, "z": 1, "l": 1023, "nm": "COLEGIO BOA VIAGEM", "nm_mun": "RECIFE", "aptos": 10689, "imp": 0}}, {"type": "Feature", "geometry": {"type": "Point", "coordinates": [-34.897026, -8.112659]}, "properties": {"i": 2212, "mun": 25313, "ibge": 2611606, "z": 1, "l": 1040, "nm": "COLEGIO SANTA MARIA", "nm_mun": "RECIFE", "aptos": 12784, "imp": 0}}, {"type": "Feature", "geometry": {"type": "Point", "coordinates": [-34.893847, -8.116569]}, "properties": {"i": 2213, "mun": 25313, "ibge": 2611606, "z": 1, "l": 1066, "nm": "ESCOLA ESTADUAL SARGENTO CAMARGO", "nm_mun": "RECIFE", "aptos": 2802, "imp": 0}}, {"type": "Feature", "geometry": {"type": "Point", "coordinates": [-34.885996, -8.091659]}, "properties": {"i": 2214, "mun": 25313, "ibge": 2611606, "z": 1, "l": 1104, "nm": "ESCOLA MUNICIPAL JOÃO CABRAL DE MELO NETO", "nm_mun": "RECIFE", "aptos": 1744, "imp": 0}}, {"type": "Feature", "geometry": {"type": "Point", "coordinates": [-34.883963, -8.084833]}, "properties": {"i": 2215, "mun": 25313, "ibge": 2611606, "z": 1, "l": 1112, "nm": "ESCOLA MUNICIPAL UMBERTO GONDIM", "nm_mun": "RECIFE", "aptos": 1121, "imp": 0}}, {"type": "Feature", "geometry": {"type": "Point", "coordinates": [-34.887279, -8.084787]}, "properties": {"i": 2216, "mun": 25313, "ibge": 2611606, "z": 1, "l": 1120, "nm": "DEPARTAMENTO NACIONAL DE INFRAESTRUTURA E TRANSPORTE", "nm_mun": "RECIFE", "aptos": 1507, "imp": 0}}, {"type": "Feature", "geometry": {"type": "Point", "coordinates": [-34.886527, -8.099005]}, "properties": {"i": 2217, "mun": 25313, "ibge": 2611606, "z": 1, "l": 1139, "nm": "ESCOLA MUNICIPAL OSVALDO LIMA FILHO", "nm_mun": "RECIFE", "aptos": 5251, "imp": 0}}, {"type": "Feature", "geometry": {"type": "Point", "coordinates": [-34.882694, -8.086599]}, "properties": {"i": 2218, "mun": 25313, "ibge": 2611606, "z": 1, "l": 1147, "nm": "ESCOLA ESTADUAL ASSIS CHATEAUBRIAND", "nm_mun": "RECIFE", "aptos": 4754, "imp": 0}}, {"type": "Feature", "geometry": {"type": "Point", "coordinates": [-34.883706, -8.092651]}, "properties": {"i": 2219, "mun": 25313, "ibge": 2611606, "z": 1, "l": 1155, "nm": "ESCOLA ESTADUAL DELMIRO GOUVEIA", "nm_mun": "RECIFE", "aptos": 2374, "imp": 0}}, {"type": "Feature", "geometry": {"type": "Point", "coordinates": [-34.88283, -8.086095]}, "properties": {"i": 2220, "mun": 25313, "ibge": 2611606, "z": 1, "l": 1163, "nm": "ESCOLA ESTADUAL JOAO BEZERRA", "nm_mun": "RECIFE", "aptos": 5941, "imp": 0}}, {"type": "Feature", "geometry": {"type": "Point", "coordinates": [-34.883673, -8.09279]}, "properties": {"i": 2221, "mun": 25313, "ibge": 2611606, "z": 1, "l": 1171, "nm": "ESCOLA ESTADUAL LANDELINO ROCHA", "nm_mun": "RECIFE", "aptos": 1978, "imp": 0}}, {"type": "Feature", "geometry": {"type": "Point", "coordinates": [-34.887693, -8.091603]}, "properties": {"i": 2222, "mun": 25313, "ibge": 2611606, "z": 1, "l": 1236, "nm": "ESCOLA MUNICIPAL NOVO PINA", "nm_mun": "RECIFE", "aptos": 4250, "imp": 0}}, {"type": "Feature", "geometry": {"type": "Point", "coordinates": [-34.882596, -8.084956]}, "properties": {"i": 2223, "mun": 25313, "ibge": 2611606, "z": 1, "l": 1244, "nm": "ESCOLA LUIS DE CAMOES", "nm_mun": "RECIFE", "aptos": 3363, "imp": 0}}, {"type": "Feature", "geometry": {"type": "Point", "coordinates": [-34.910612, -8.103556]}, "properties": {"i": 2224, "mun": 25313, "ibge": 2611606, "z": 1, "l": 1252, "nm": "UNIVERSIDADE SALGADO DE OLIVEIRA - UNIVERSO", "nm_mun": "RECIFE", "aptos": 5625, "imp": 0}}, {"type": "Feature", "geometry": {"type": "Point", "coordinates": [-34.896044, -8.109238]}, "properties": {"i": 2225, "mun": 25313, "ibge": 2611606, "z": 1, "l": 1279, "nm": "ESCOLA MUNICIPAL KARLA PATRICIA", "nm_mun": "RECIFE", "aptos": 3169, "imp": 0}}, {"type": "Feature", "geometry": {"type": "Point", "coordinates": [-34.887115, -8.100252]}, "properties": {"i": 2226, "mun": 25313, "ibge": 2611606, "z": 1, "l": 1317, "nm": "ESCOLA ESTADUAL MENINO JESUS", "nm_mun": "RECIFE", "aptos": 1164, "imp": 0}}, {"type": "Feature", "geometry": {"type": "Point", "coordinates": [-34.893452, -8.08807]}, "properties": {"i": 2227, "mun": 25313, "ibge": 2611606, "z": 1, "l": 1325, "nm": "ESCOLA MUNICIPAL SOLANO MAGALHAES", "nm_mun": "RECIFE", "aptos": 2152, "imp": 0}}, {"type": "Feature", "geometry": {"type": "Point", "coordinates": [-34.883114, -8.085237]}, "properties": {"i": 2228, "mun": 25313, "ibge": 2611606, "z": 1, "l": 1333, "nm": "CENTRO DE EDUCAÇÃO INFANTIL BERNARD VAN LEER", "nm_mun": "RECIFE", "aptos": 2256, "imp": 0}}, {"type": "Feature", "geometry": {"type": "Point", "coordinates": [-34.881838, -8.084261]}, "properties": {"i": 2229, "mun": 25313, "ibge": 2611606, "z": 1, "l": 1341, "nm": "ESCOLA MUNICIPAL JOSUÉ DE CASTRO", "nm_mun": "RECIFE", "aptos": 1181, "imp": 0}}, {"type": "Feature", "geometry": {"type": "Point", "coordinates": [-34.914196, -8.121894]}, "properties": {"i": 2230, "mun": 25313, "ibge": 2611606, "z": 1, "l": 1350, "nm": "CLUBE DOS RODOVIÁRIOS - AO LADO DO VIADUTO TANCREDO NEVES", "nm_mun": "RECIFE", "aptos": 2047, "imp": 0}}, {"type": "Feature", "geometry": {"type": "Point", "coordinates": [-34.9094, -8.104314]}, "properties": {"i": 2231, "mun": 25313, "ibge": 2611606, "z": 1, "l": 1368, "nm": "ESCOLA ESTADUAL SÃO FRANCISCO DE ASSIS", "nm_mun": "RECIFE", "aptos": 1865, "imp": 0}}, {"type": "Feature", "geometry": {"type": "Point", "coordinates": [-34.885761, -8.089471]}, "properties": {"i": 2232, "mun": 25313, "ibge": 2611606, "z": 1, "l": 1384, "nm": "COLÉGIO MÁRCIA CRISTINA", "nm_mun": "RECIFE", "aptos": 1178, "imp": 0}}, {"type": "Feature", "geometry": {"type": "Point", "coordinates": [-34.891102, -8.108314]}, "properties": {"i": 2233, "mun": 25313, "ibge": 2611606, "z": 1, "l": 1406, "nm": "NÚCLEO COLÉGIO  -  (ANTIGO COLEGIO GGE)", "nm_mun": "RECIFE", "aptos": 1417, "imp": 0}}, {"type": "Feature", "geometry": {"type": "Point", "coordinates": [-34.89504, -8.079035]}, "properties": {"i": 2234, "mun": 25313, "ibge": 2611606, "z": 1, "l": 1430, "nm": "ESCOLA MUNICIPAL ALMIRANTE SOARES DUTRA", "nm_mun": "RECIFE", "aptos": 1781, "imp": 0}}, {"type": "Feature", "geometry": {"type": "Point", "coordinates": [-34.904847, -8.115824]}, "properties": {"i": 2235, "mun": 25313, "ibge": 2611606, "z": 1, "l": 1449, "nm": "COLÉGIO GGE (ANTIGO ATUAL I / FAPE)", "nm_mun": "RECIFE", "aptos": 6663, "imp": 0}}, {"type": "Feature", "geometry": {"type": "Point", "coordinates": [-34.914861, -8.106896]}, "properties": {"i": 2236, "mun": 25313, "ibge": 2611606, "z": 1, "l": 1457, "nm": "FACULDADE BOA VIAGEM - FBV", "nm_mun": "RECIFE", "aptos": 10085, "imp": 0}}, {"type": "Feature", "geometry": {"type": "Point", "coordinates": [-34.910764, -8.10237]}, "properties": {"i": 2237, "mun": 25313, "ibge": 2611606, "z": 1, "l": 1465, "nm": "ASSOCIAÇÃO DOS FORNECEDORES DE CANA DE PE", "nm_mun": "RECIFE", "aptos": 4299, "imp": 0}}, {"type": "Feature", "geometry": {"type": "Point", "coordinates": [-34.911649, -8.098794]}, "properties": {"i": 2238, "mun": 25313, "ibge": 2611606, "z": 1, "l": 1473, "nm": "LOGOS COLÉGIO", "nm_mun": "RECIFE", "aptos": 557, "imp": 0}}, {"type": "Feature", "geometry": {"type": "Point", "coordinates": [-34.91663, -8.107979]}, "properties": {"i": 2239, "mun": 25313, "ibge": 2611606, "z": 1, "l": 1481, "nm": "ESCOLA ELEONOR ROOSEVELT", "nm_mun": "RECIFE", "aptos": 3601, "imp": 0}}, {"type": "Feature", "geometry": {"type": "Point", "coordinates": [-34.900715, -8.11725]}, "properties": {"i": 2240, "mun": 25313, "ibge": 2611606, "z": 1, "l": 1490, "nm": "COLÉGIO MOTIVO", "nm_mun": "RECIFE", "aptos": 7806, "imp": 0}}, {"type": "Feature", "geometry": {"type": "Point", "coordinates": [-34.929269, -8.0153]}, "properties": {"i": 2241, "mun": 25313, "ibge": 2611606, "z": 1, "l": 1503, "nm": "ESCOLA MUNICIPAL ENGENHEIRO HENOCH COUTINHO DE MELO", "nm_mun": "RECIFE", "aptos": 37, "imp": 1}}, {"type": "Feature", "geometry": {"type": "Point", "coordinates": [-34.891102, -8.108314]}, "properties": {"i": 2242, "mun": 25313, "ibge": 2611606, "z": 1, "l": 1511, "nm": "FACULDADE NOVA ROMA - UNIDADE BOA VIAGEM", "nm_mun": "RECIFE", "aptos": 1143, "imp": 1}}, {"type": "Feature", "geometry": {"type": "Point", "coordinates": [-34.860117, -7.959513]}, "properties": {"i": 2243, "mun": 25313, "ibge": 2611606, "z": 1, "l": 1520, "nm": "CRECHE MUNICIPAL SENADOR PAULO GUERRA", "nm_mun": "RECIFE", "aptos": 632, "imp": 1}}, {"type": "Feature", "geometry": {"type": "Point", "coordinates": [-34.90805, -8.080614]}, "properties": {"i": 2244, "mun": 25313, "ibge": 2611606, "z": 2, "l": 1066, "nm": "ESCOLA AMAURY DE MEDEIROS", "nm_mun": "RECIFE", "aptos": 5519, "imp": 0}}, {"type": "Feature", "geometry": {"type": "Point", "coordinates": [-34.927858, -8.085044]}, "properties": {"i": 2245, "mun": 25313, "ibge": 2611606, "z": 2, "l": 1120, "nm": "COLEGIO VISAO", "nm_mun": "RECIFE", "aptos": 7125, "imp": 0}}, {"type": "Feature", "geometry": {"type": "Point", "coordinates": [-34.911016, -8.086199]}, "properties": {"i": 2246, "mun": 25313, "ibge": 2611606, "z": 2, "l": 1163, "nm": "ESCOLA GERCINO DE PONTES", "nm_mun": "RECIFE", "aptos": 2761, "imp": 0}}, {"type": "Feature", "geometry": {"type": "Point", "coordinates": [-34.925504, -8.092548]}, "properties": {"i": 2247, "mun": 25313, "ibge": 2611606, "z": 2, "l": 1350, "nm": "ESCOLA MUN. MIGUEL ARRAES DE ALENCAR-SEDE (ANT. WALT DISNEY- ESTANCIA)", "nm_mun": "RECIFE", "aptos": 3361, "imp": 0}}, {"type": "Feature", "geometry": {"type": "Point", "coordinates": [-34.910394, -8.090196]}, "properties": {"i": 2248, "mun": 25313, "ibge": 2611606, "z": 2, "l": 1414, "nm": "ESCOLA PINHEIROS", "nm_mun": "RECIFE", "aptos": 3165, "imp": 0}}, {"type": "Feature", "geometry": {"type": "Point", "coordinates": [-34.927934, -8.09429]}, "properties": {"i": 2249, "mun": 25313, "ibge": 2611606, "z": 2, "l": 1449, "nm": "ESCOLA SENADOR NILO COELHO", "nm_mun": "RECIFE", "aptos": 3949, "imp": 0}}, {"type": "Feature", "geometry": {"type": "Point", "coordinates": [-34.920985, -8.080412]}, "properties": {"i": 2250, "mun": 25313, "ibge": 2611606, "z": 2, "l": 1481, "nm": "ESCOLA DÉBORA FEIJÓ", "nm_mun": "RECIFE", "aptos": 3558, "imp": 0}}, {"type": "Feature", "geometry": {"type": "Point", "coordinates": [-34.911768, -8.093962]}, "properties": {"i": 2251, "mun": 25313, "ibge": 2611606, "z": 2, "l": 1538, "nm": "ESCOLA ANITA GARIBALDI (UNIDADE II)", "nm_mun": "RECIFE", "aptos": 2364, "imp": 0}}, {"type": "Feature", "geometry": {"type": "Point", "coordinates": [-34.924002, -8.095895]}, "properties": {"i": 2252, "mun": 25313, "ibge": 2611606, "z": 2, "l": 1562, "nm": "CRECHE ESCOLA RECIFE GOVERNADOR MIGUEL ARRAES", "nm_mun": "RECIFE", "aptos": 2492, "imp": 0}}, {"type": "Feature", "geometry": {"type": "Point", "coordinates": [-34.939971, -8.078995]}, "properties": {"i": 2253, "mun": 25313, "ibge": 2611606, "z": 2, "l": 1597, "nm": "ESCOLA PADRE JOSE MATHIAS DELGADO", "nm_mun": "RECIFE", "aptos": 3391, "imp": 0}}, {"type": "Feature", "geometry": {"type": "Point", "coordinates": [-34.924663, -8.112991]}, "properties": {"i": 2254, "mun": 25313, "ibge": 2611606, "z": 2, "l": 1600, "nm": "ESCOLA PROFESSOR JOSÉ VICENTE", "nm_mun": "RECIFE", "aptos": 2115, "imp": 0}}, {"type": "Feature", "geometry": {"type": "Point", "coordinates": [-34.949701, -8.083226]}, "properties": {"i": 2255, "mun": 25313, "ibge": 2611606, "z": 2, "l": 1619, "nm": "ESCOLA MUNICIPAL BALBINA MENELAU", "nm_mun": "RECIFE", "aptos": 1977, "imp": 0}}, {"type": "Feature", "geometry": {"type": "Point", "coordinates": [-34.936032, -8.079671]}, "properties": {"i": 2256, "mun": 25313, "ibge": 2611606, "z": 2, "l": 1627, "nm": "COLÉGIO 2001 - CENTRO EDUCACIONAL JARDIM SÃO PAULO", "nm_mun": "RECIFE", "aptos": 2265, "imp": 0}}, {"type": "Feature", "geometry": {"type": "Point", "coordinates": [-34.932632, -8.103254]}, "properties": {"i": 2257, "mun": 25313, "ibge": 2611606, "z": 2, "l": 1635, "nm": "ESCOLA MUNICIPAL CHICO MENDES", "nm_mun": "RECIFE", "aptos": 1956, "imp": 0}}, {"type": "Feature", "geometry": {"type": "Point", "coordinates": [-34.948336, -8.079477]}, "properties": {"i": 2258, "mun": 25313, "ibge": 2611606, "z": 2, "l": 1643, "nm": "ESCOLA DOM BOSCO", "nm_mun": "RECIFE", "aptos": 2430, "imp": 0}}, {"type": "Feature", "geometry": {"type": "Point", "coordinates": [-34.936637, -8.094724]}, "properties": {"i": 2259, "mun": 25313, "ibge": 2611606, "z": 2, "l": 1651, "nm": "ESCOLA MUNICIPAL JARDIM UCHÔA", "nm_mun": "RECIFE", "aptos": 1418, "imp": 0}}, {"type": "Feature", "geometry": {"type": "Point", "coordinates": [-34.936555, -8.092198]}, "properties": {"i": 2260, "mun": 25313, "ibge": 2611606, "z": 2, "l": 1660, "nm": "COLÉGIO INCENTIVO", "nm_mun": "RECIFE", "aptos": 2537, "imp": 0}}, {"type": "Feature", "geometry": {"type": "Point", "coordinates": [-34.932467, -8.087947]}, "properties": {"i": 2261, "mun": 25313, "ibge": 2611606, "z": 2, "l": 1678, "nm": "ESCOLA JOSÉ MARIANO", "nm_mun": "RECIFE", "aptos": 2371, "imp": 0}}, {"type": "Feature", "geometry": {"type": "Point", "coordinates": [-34.934811, -8.093328]}, "properties": {"i": 2262, "mun": 25313, "ibge": 2611606, "z": 2, "l": 1686, "nm": "ESCOLA MUNICIPAL ISAAC PEREIRA DA SILVA", "nm_mun": "RECIFE", "aptos": 917, "imp": 0}}, {"type": "Feature", "geometry": {"type": "Point", "coordinates": [-34.935954, -8.093989]}, "properties": {"i": 2263, "mun": 25313, "ibge": 2611606, "z": 2, "l": 1694, "nm": "ESCOLA PROFISSIONALIZANTE DE AREIAS", "nm_mun": "RECIFE", "aptos": 437, "imp": 0}}, {"type": "Feature", "geometry": {"type": "Point", "coordinates": [-34.937368, -8.097499]}, "properties": {"i": 2264, "mun": 25313, "ibge": 2611606, "z": 2, "l": 1708, "nm": "CRECHE RECIFE 2000", "nm_mun": "RECIFE", "aptos": 1218, "imp": 0}}, {"type": "Feature", "geometry": {"type": "Point", "coordinates": [-34.92138, -8.110152]}, "properties": {"i": 2265, "mun": 25313, "ibge": 2611606, "z": 2, "l": 1724, "nm": "ESCOLA MUNICIPAL LUIS VAZ DE CAMÕES ", "nm_mun": "RECIFE", "aptos": 843, "imp": 0}}, {"type": "Feature", "geometry": {"type": "Point", "coordinates": [-34.938962, -8.084072]}, "properties": {"i": 2266, "mun": 25313, "ibge": 2611606, "z": 2, "l": 1732, "nm": "COLÉGIO 2001-CENTRO EDUC.JD.SÃO PAULO - ANEXO II (ANT. STA BÁRBARA)", "nm_mun": "RECIFE", "aptos": 4749, "imp": 0}}, {"type": "Feature", "geometry": {"type": "Point", "coordinates": [-34.933777, -8.089712]}, "properties": {"i": 2267, "mun": 25313, "ibge": 2611606, "z": 2, "l": 1740, "nm": "SENAI - SERVICO NACIONAL DE APRENDIZAGEM INDUSTRIAL", "nm_mun": "RECIFE", "aptos": 2786, "imp": 0}}, {"type": "Feature", "geometry": {"type": "Point", "coordinates": [-34.921196, -8.11443]}, "properties": {"i": 2268, "mun": 25313, "ibge": 2611606, "z": 2, "l": 1759, "nm": "ESCOLA ENGENHEIRO LAURO DINIZ", "nm_mun": "RECIFE", "aptos": 4195, "imp": 0}}, {"type": "Feature", "geometry": {"type": "Point", "coordinates": [-34.941659, -8.078677]}, "properties": {"i": 2269, "mun": 25313, "ibge": 2611606, "z": 2, "l": 1767, "nm": "ESCOLA TRAJANO DE MENDONCA", "nm_mun": "RECIFE", "aptos": 5843, "imp": 0}}, {"type": "Feature", "geometry": {"type": "Point", "coordinates": [-34.938882, -8.095017]}, "properties": {"i": 2270, "mun": 25313, "ibge": 2611606, "z": 2, "l": 1775, "nm": "ESCOLA BARÃO DE BONITO", "nm_mun": "RECIFE", "aptos": 3192, "imp": 0}}, {"type": "Feature", "geometry": {"type": "Point", "coordinates": [-34.935235, -8.097714]}, "properties": {"i": 2271, "mun": 25313, "ibge": 2611606, "z": 2, "l": 1783, "nm": "ESCOLA HERÓIS DA RESTAURAÇÃO", "nm_mun": "RECIFE", "aptos": 4712, "imp": 0}}, {"type": "Feature", "geometry": {"type": "Point", "coordinates": [-34.930842, -8.09567]}, "properties": {"i": 2272, "mun": 25313, "ibge": 2611606, "z": 2, "l": 1791, "nm": "ESCOLA MARIANO TEIXEIRA", "nm_mun": "RECIFE", "aptos": 5536, "imp": 0}}, {"type": "Feature", "geometry": {"type": "Point", "coordinates": [-34.925656, -8.111888]}, "properties": {"i": 2273, "mun": 25313, "ibge": 2611606, "z": 2, "l": 1805, "nm": "COLÉGIO E CURSO INOVAÇÃO - CCI", "nm_mun": "RECIFE", "aptos": 2527, "imp": 0}}, {"type": "Feature", "geometry": {"type": "Point", "coordinates": [-34.947168, -8.082529]}, "properties": {"i": 2274, "mun": 25313, "ibge": 2611606, "z": 2, "l": 1813, "nm": "ESCOLA PLANETA INFANTIL", "nm_mun": "RECIFE", "aptos": 2737, "imp": 0}}, {"type": "Feature", "geometry": {"type": "Point", "coordinates": [-35.089214, -8.116013]}, "properties": {"i": 2275, "mun": 25313, "ibge": 2611606, "z": 2, "l": 1821, "nm": "CRECHE ESCOLA MUNICIPAL DA ESTÂNCIA", "nm_mun": "RECIFE", "aptos": 601, "imp": 1}}, {"type": "Feature", "geometry": {"type": "Point", "coordinates": [-34.91766, -8.11298]}, "properties": {"i": 2276, "mun": 25313, "ibge": 2611606, "z": 2, "l": 1848, "nm": "COLÉGIO AVANCE", "nm_mun": "RECIFE", "aptos": 2660, "imp": 0}}, {"type": "Feature", "geometry": {"type": "Point", "coordinates": [-34.912298, -8.09554]}, "properties": {"i": 2277, "mun": 25313, "ibge": 2611606, "z": 2, "l": 1856, "nm": "ESCOLA ANITA GARIBALDI (UNIDADE I)", "nm_mun": "RECIFE", "aptos": 982, "imp": 0}}, {"type": "Feature", "geometry": {"type": "Point", "coordinates": [-34.908948, -8.092233]}, "properties": {"i": 2278, "mun": 25313, "ibge": 2611606, "z": 2, "l": 1864, "nm": "GRAU TÉCNICO", "nm_mun": "RECIFE", "aptos": 1724, "imp": 0}}, {"type": "Feature", "geometry": {"type": "Point", "coordinates": [-34.92832, -8.085445]}, "properties": {"i": 2279, "mun": 25313, "ibge": 2611606, "z": 2, "l": 1872, "nm": "ESCOLA MUNICIPAL SANTA LUZIA", "nm_mun": "RECIFE", "aptos": 2622, "imp": 0}}, {"type": "Feature", "geometry": {"type": "Point", "coordinates": [-34.935751, -8.125344]}, "properties": {"i": 2280, "mun": 25313, "ibge": 2611606, "z": 2, "l": 1899, "nm": "CRECHE MUNICIPAL DE AFOGADOS", "nm_mun": "RECIFE", "aptos": 520, "imp": 1}}, {"type": "Feature", "geometry": {"type": "Point", "coordinates": [-34.912298, -8.09554]}, "properties": {"i": 2281, "mun": 25313, "ibge": 2611606, "z": 2, "l": 1902, "nm": "ESCOLA MUNICIPAL JARDIM MAURICÉIA", "nm_mun": "RECIFE", "aptos": 653, "imp": 1}}, {"type": "Feature", "geometry": {"type": "Point", "coordinates": [-34.941496, -8.141057]}, "properties": {"i": 2282, "mun": 25313, "ibge": 2611606, "z": 2, "l": 1910, "nm": "ESCOLA INCENTIVO", "nm_mun": "RECIFE", "aptos": 22, "imp": 1}}, {"type": "Feature", "geometry": {"type": "Point", "coordinates": [-34.936637, -8.094724]}, "properties": {"i": 2283, "mun": 25313, "ibge": 2611606, "z": 2, "l": 1929, "nm": "ESCOLA MUNICIPAL ANDRÉ DE MELO", "nm_mun": "RECIFE", "aptos": 1056, "imp": 1}}, {"type": "Feature", "geometry": {"type": "Point", "coordinates": [-34.916865, -7.989306]}, "properties": {"i": 2284, "mun": 25313, "ibge": 2611606, "z": 2, "l": 1953, "nm": "ESCOLA MUNICIPAL WALDEMAR VALENTE", "nm_mun": "RECIFE", "aptos": 2101, "imp": 1}}, {"type": "Feature", "geometry": {"type": "Point", "coordinates": [-34.906197, -8.002735]}, "properties": {"i": 2285, "mun": 25313, "ibge": 2611606, "z": 2, "l": 1961, "nm": "ESCOLA MUNICIPAL POETA CARLOS PENA FILHO", "nm_mun": "RECIFE", "aptos": 1143, "imp": 1}}, {"type": "Feature", "geometry": {"type": "Point", "coordinates": [-34.942172, -8.092854]}, "properties": {"i": 2286, "mun": 25313, "ibge": 2611606, "z": 3, "l": 1058, "nm": "COLÉGIO IMACULADA CONCEIÇÃO", "nm_mun": "RECIFE", "aptos": 4779, "imp": 0}}, {"type": "Feature", "geometry": {"type": "Point", "coordinates": [-34.952505, -8.089727]}, "properties": {"i": 2287, "mun": 25313, "ibge": 2611606, "z": 3, "l": 1244, "nm": "ESCOLA MARCELINO CHAMPAGNAT", "nm_mun": "RECIFE", "aptos": 2426, "imp": 0}}, {"type": "Feature", "geometry": {"type": "Point", "coordinates": [-34.949804, -8.091477]}, "properties": {"i": 2288, "mun": 25313, "ibge": 2611606, "z": 3, "l": 1252, "nm": "ESCOLA ALBERTO TORRES", "nm_mun": "RECIFE", "aptos": 3880, "imp": 0}}, {"type": "Feature", "geometry": {"type": "Point", "coordinates": [-34.95256, -8.08992]}, "properties": {"i": 2289, "mun": 25313, "ibge": 2611606, "z": 3, "l": 1260, "nm": "ESCOLA EDWIGES DE SA PEREIRA", "nm_mun": "RECIFE", "aptos": 1372, "imp": 0}}, {"type": "Feature", "geometry": {"type": "Point", "coordinates": [-34.949832, -8.092456]}, "properties": {"i": 2290, "mun": 25313, "ibge": 2611606, "z": 3, "l": 1287, "nm": "ESCOLA SENADOR PAULO GUERRA", "nm_mun": "RECIFE", "aptos": 4017, "imp": 0}}, {"type": "Feature", "geometry": {"type": "Point", "coordinates": [-34.964331, -8.092132]}, "properties": {"i": 2291, "mun": 25313, "ibge": 2611606, "z": 3, "l": 1325, "nm": "ESCOLA MUNICIPAL DE TEJIPIO", "nm_mun": "RECIFE", "aptos": 1450, "imp": 0}}, {"type": "Feature", "geometry": {"type": "Point", "coordinates": [-34.957269, -8.087518]}, "properties": {"i": 2292, "mun": 25313, "ibge": 2611606, "z": 3, "l": 1511, "nm": "ESCOLA ANIBAL FALCÃO", "nm_mun": "RECIFE", "aptos": 3636, "imp": 0}}, {"type": "Feature", "geometry": {"type": "Point", "coordinates": [-34.942468, -8.088215]}, "properties": {"i": 2293, "mun": 25313, "ibge": 2611606, "z": 3, "l": 1520, "nm": "ESCOLA PROFESSORA OLINDINA ALVES SEMENTE", "nm_mun": "RECIFE", "aptos": 3965, "imp": 0}}, {"type": "Feature", "geometry": {"type": "Point", "coordinates": [-34.949869, -8.091941]}, "properties": {"i": 2294, "mun": 25313, "ibge": 2611606, "z": 3, "l": 1716, "nm": "CEJA - POETA JOAQUIM CARDOSO", "nm_mun": "RECIFE", "aptos": 2237, "imp": 0}}, {"type": "Feature", "geometry": {"type": "Point", "coordinates": [-34.946054, -8.112976]}, "properties": {"i": 2295, "mun": 25313, "ibge": 2611606, "z": 3, "l": 1961, "nm": "ESCOLA VILA DOS MILAGRES", "nm_mun": "RECIFE", "aptos": 1965, "imp": 0}}, {"type": "Feature", "geometry": {"type": "Point", "coordinates": [-34.95566, -8.126782]}, "properties": {"i": 2296, "mun": 25313, "ibge": 2611606, "z": 3, "l": 1970, "nm": "ESCOLA SENADOR ANTONIO FARIAS", "nm_mun": "RECIFE", "aptos": 2378, "imp": 0}}, {"type": "Feature", "geometry": {"type": "Point", "coordinates": [-34.950916, -8.122798]}, "properties": {"i": 2297, "mun": 25313, "ibge": 2611606, "z": 3, "l": 1988, "nm": "ESCOLA LAGOA ENCANTADA", "nm_mun": "RECIFE", "aptos": 7337, "imp": 0}}, {"type": "Feature", "geometry": {"type": "Point", "coordinates": [-34.949501, -8.114681]}, "properties": {"i": 2298, "mun": 25313, "ibge": 2611606, "z": 3, "l": 1996, "nm": "ESCOLA DOM SEBASTIAO LEME (POLIVALENTE)", "nm_mun": "RECIFE", "aptos": 6728, "imp": 0}}, {"type": "Feature", "geometry": {"type": "Point", "coordinates": [-34.94765, -8.112586]}, "properties": {"i": 2299, "mun": 25313, "ibge": 2611606, "z": 3, "l": 2003, "nm": "ESCOLA PROF. MARCOS DE BARROS FREIRE", "nm_mun": "RECIFE", "aptos": 2946, "imp": 0}}, {"type": "Feature", "geometry": {"type": "Point", "coordinates": [-34.961534, -8.082392]}, "properties": {"i": 2300, "mun": 25313, "ibge": 2611606, "z": 3, "l": 2011, "nm": "ESCOLA MUNICIPAL PROF. MARIA DA PAZ BRANDAO ALVES", "nm_mun": "RECIFE", "aptos": 4342, "imp": 0}}, {"type": "Feature", "geometry": {"type": "Point", "coordinates": [-34.970353, -8.079664]}, "properties": {"i": 2301, "mun": 25313, "ibge": 2611606, "z": 3, "l": 2020, "nm": "CENTRO SOCIAL URBANO BIDO KRAUSE", "nm_mun": "RECIFE", "aptos": 4482, "imp": 0}}, {"type": "Feature", "geometry": {"type": "Point", "coordinates": [-34.95473, -8.135959]}, "properties": {"i": 2302, "mun": 25313, "ibge": 2611606, "z": 3, "l": 2038, "nm": "ESCOLA MUNICIPAL CICERO FRANKLIN CORDEIRO", "nm_mun": "RECIFE", "aptos": 2839, "imp": 0}}, {"type": "Feature", "geometry": {"type": "Point", "coordinates": [-34.965786, -8.090656]}, "properties": {"i": 2303, "mun": 25313, "ibge": 2611606, "z": 3, "l": 2046, "nm": "ESCOLA MUNICIPAL DO SANCHO", "nm_mun": "RECIFE", "aptos": 1419, "imp": 0}}, {"type": "Feature", "geometry": {"type": "Point", "coordinates": [-34.946181, -8.121092]}, "properties": {"i": 2304, "mun": 25313, "ibge": 2611606, "z": 3, "l": 2054, "nm": "ESCOLA MARIA SAMPAIO DE LUCENA", "nm_mun": "RECIFE", "aptos": 4352, "imp": 0}}, {"type": "Feature", "geometry": {"type": "Point", "coordinates": [-34.945573, -8.119029]}, "properties": {"i": 2305, "mun": 25313, "ibge": 2611606, "z": 3, "l": 2070, "nm": "CRECHE MUNICIPAL SONHO DO POVO", "nm_mun": "RECIFE", "aptos": 1190, "imp": 0}}, {"type": "Feature", "geometry": {"type": "Point", "coordinates": [-34.950182, -8.119922]}, "properties": {"i": 2306, "mun": 25313, "ibge": 2611606, "z": 3, "l": 2089, "nm": "ESCOLA MUNICIPAL LAGOA ENCANTADA", "nm_mun": "RECIFE", "aptos": 829, "imp": 0}}, {"type": "Feature", "geometry": {"type": "Point", "coordinates": [-34.955678, -8.12659]}, "properties": {"i": 2307, "mun": 25313, "ibge": 2611606, "z": 3, "l": 2097, "nm": "ESCOLA MUNICIPAL FUTURO FELIZ", "nm_mun": "RECIFE", "aptos": 1381, "imp": 0}}, {"type": "Feature", "geometry": {"type": "Point", "coordinates": [-34.949302, -8.124176]}, "properties": {"i": 2308, "mun": 25313, "ibge": 2611606, "z": 3, "l": 2100, "nm": "ESC. MUN. ASA BRANCA", "nm_mun": "RECIFE", "aptos": 631, "imp": 0}}, {"type": "Feature", "geometry": {"type": "Point", "coordinates": [-34.955453, -8.121824]}, "properties": {"i": 2309, "mun": 25313, "ibge": 2611606, "z": 3, "l": 2119, "nm": "ESCOLA MUNICIPAL POETA PAULO BANDEIRA DA CRUZ", "nm_mun": "RECIFE", "aptos": 2047, "imp": 0}}, {"type": "Feature", "geometry": {"type": "Point", "coordinates": [-34.953047, -8.12751]}, "properties": {"i": 2310, "mun": 25313, "ibge": 2611606, "z": 3, "l": 2127, "nm": "ESCOLA MUNCIPAL JOSE MUCIO MONTEIRO", "nm_mun": "RECIFE", "aptos": 820, "imp": 0}}, {"type": "Feature", "geometry": {"type": "Point", "coordinates": [-34.947273, -8.12765]}, "properties": {"i": 2311, "mun": 25313, "ibge": 2611606, "z": 3, "l": 2135, "nm": "ESC.MUN.PROF.ORLANDO PARAHYM", "nm_mun": "RECIFE", "aptos": 598, "imp": 0}}, {"type": "Feature", "geometry": {"type": "Point", "coordinates": [-34.960082, -8.120035]}, "properties": {"i": 2312, "mun": 25313, "ibge": 2611606, "z": 3, "l": 2151, "nm": "ESCOLA MUNICIPAL JARDIM MONTE VERDE", "nm_mun": "RECIFE", "aptos": 3912, "imp": 0}}, {"type": "Feature", "geometry": {"type": "Point", "coordinates": [-34.949999, -8.133766]}, "properties": {"i": 2313, "mun": 25313, "ibge": 2611606, "z": 3, "l": 2160, "nm": "ESCOLA MUNICIPAL VILA SESAMO", "nm_mun": "RECIFE", "aptos": 2125, "imp": 0}}, {"type": "Feature", "geometry": {"type": "Point", "coordinates": [-34.947674, -8.131585]}, "properties": {"i": 2314, "mun": 25313, "ibge": 2611606, "z": 3, "l": 2178, "nm": "ESCOLA MISSIONÁRIO SÃO BENTO", "nm_mun": "RECIFE", "aptos": 640, "imp": 0}}, {"type": "Feature", "geometry": {"type": "Point", "coordinates": [-34.946217, -8.121267]}, "properties": {"i": 2315, "mun": 25313, "ibge": 2611606, "z": 3, "l": 2194, "nm": "ESCOLA CARLÚCIO CASTANHO (ANTIGA ESCOLA MUNICIPAL UR-1)", "nm_mun": "RECIFE", "aptos": 2696, "imp": 0}}, {"type": "Feature", "geometry": {"type": "Point", "coordinates": [-34.968577, -8.080838]}, "properties": {"i": 2316, "mun": 25313, "ibge": 2611606, "z": 3, "l": 2216, "nm": "ESCOLA MONSENHOR ALVARO NEGROMONTE", "nm_mun": "RECIFE", "aptos": 4724, "imp": 0}}, {"type": "Feature", "geometry": {"type": "Point", "coordinates": [-34.949605, -8.13394]}, "properties": {"i": 2317, "mun": 25313, "ibge": 2611606, "z": 3, "l": 2224, "nm": "CRECHE ESCOLA DO IBURA (ANTIGO CENTRO  MUN. EDUC. INFANTIL DO IBURA)", "nm_mun": "RECIFE", "aptos": 1185, "imp": 0}}, {"type": "Feature", "geometry": {"type": "Point", "coordinates": [-34.953853, -8.114763]}, "properties": {"i": 2318, "mun": 25313, "ibge": 2611606, "z": 3, "l": 2232, "nm": "ESCOLA MUNICIPAL CRISTIANO CORDEIRO", "nm_mun": "RECIFE", "aptos": 3875, "imp": 0}}, {"type": "Feature", "geometry": {"type": "Point", "coordinates": [-34.954446, -8.119919]}, "properties": {"i": 2319, "mun": 25313, "ibge": 2611606, "z": 3, "l": 2240, "nm": "ESCOLA PROFESSOR JORDAO EMERENCIANO", "nm_mun": "RECIFE", "aptos": 7517, "imp": 0}}, {"type": "Feature", "geometry": {"type": "Point", "coordinates": [-34.953784, -8.111577]}, "properties": {"i": 2320, "mun": 25313, "ibge": 2611606, "z": 3, "l": 2267, "nm": "ESCOLA MUNICIPAL 27 DE NOVEMBRO", "nm_mun": "RECIFE", "aptos": 1585, "imp": 0}}, {"type": "Feature", "geometry": {"type": "Point", "coordinates": [-34.968835, -8.084807]}, "properties": {"i": 2321, "mun": 25313, "ibge": 2611606, "z": 3, "l": 2275, "nm": "ESCOLA MUNICIPAL ALTO DA BELA VISTA", "nm_mun": "RECIFE", "aptos": 1200, "imp": 0}}, {"type": "Feature", "geometry": {"type": "Point", "coordinates": [-34.9569, -8.107064]}, "properties": {"i": 2322, "mun": 25313, "ibge": 2611606, "z": 3, "l": 2313, "nm": "CRECHE ESCOLA MAURICÉIA DA SILVA DIAS ( CRECHE PANTANAL )", "nm_mun": "RECIFE", "aptos": 2036, "imp": 0}}, {"type": "Feature", "geometry": {"type": "Point", "coordinates": [-34.948513, -8.132031]}, "properties": {"i": 2323, "mun": 25313, "ibge": 2611606, "z": 3, "l": 2321, "nm": "CRECHE ESCOLA GOVERNADOR EDUARDO CAMPOS", "nm_mun": "RECIFE", "aptos": 2373, "imp": 0}}, {"type": "Feature", "geometry": {"type": "Point", "coordinates": [-34.965373, -8.089885]}, "properties": {"i": 2324, "mun": 25313, "ibge": 2611606, "z": 3, "l": 2330, "nm": "COLÉGIO MULTIPLO ENSINO", "nm_mun": "RECIFE", "aptos": 2534, "imp": 0}}, {"type": "Feature", "geometry": {"type": "Point", "coordinates": [-34.954553, -8.120033]}, "properties": {"i": 2325, "mun": 25313, "ibge": 2611606, "z": 3, "l": 2348, "nm": "ESCOLA PADRE LEBRET", "nm_mun": "RECIFE", "aptos": 4467, "imp": 0}}, {"type": "Feature", "geometry": {"type": "Point", "coordinates": [-34.887235, -8.05737]}, "properties": {"i": 2326, "mun": 25313, "ibge": 2611606, "z": 4, "l": 1090, "nm": "CENTRO DE EDUCAÇÃO, TECNOLOGIA E CIDADANIA - CETEC- ANT CENTRO NOBREGA", "nm_mun": "RECIFE", "aptos": 1730, "imp": 0}}, {"type": "Feature", "geometry": {"type": "Point", "coordinates": [-34.891841, -8.052737]}, "properties": {"i": 2327, "mun": 25313, "ibge": 2611606, "z": 4, "l": 1112, "nm": "UNIBRA", "nm_mun": "RECIFE", "aptos": 6215, "imp": 0}}, {"type": "Feature", "geometry": {"type": "Point", "coordinates": [-34.893365, -8.060474]}, "properties": {"i": 2328, "mun": 25313, "ibge": 2611606, "z": 4, "l": 1120, "nm": "COLÉGIO SALESIANO SAGRADO CORAÇÃO", "nm_mun": "RECIFE", "aptos": 7350, "imp": 0}}, {"type": "Feature", "geometry": {"type": "Point", "coordinates": [-34.875895, -8.047383]}, "properties": {"i": 2329, "mun": 25313, "ibge": 2611606, "z": 4, "l": 1163, "nm": "ETE - ESCOLA TÉCNICA ESTADUAL ALMIRANTE SOARES DUTRA", "nm_mun": "RECIFE", "aptos": 3953, "imp": 0}}, {"type": "Feature", "geometry": {"type": "Point", "coordinates": [-34.881359, -8.047624]}, "properties": {"i": 2330, "mun": 25313, "ibge": 2611606, "z": 4, "l": 1171, "nm": "ESCOLA ANÍBAL FERNANDES", "nm_mun": "RECIFE", "aptos": 4748, "imp": 0}}, {"type": "Feature", "geometry": {"type": "Point", "coordinates": [-34.881789, -8.054478]}, "properties": {"i": 2331, "mun": 25313, "ibge": 2611606, "z": 4, "l": 1201, "nm": "EREM SIZENANDO SILVEIRA", "nm_mun": "RECIFE", "aptos": 1895, "imp": 0}}, {"type": "Feature", "geometry": {"type": "Point", "coordinates": [-34.880599, -8.047968]}, "properties": {"i": 2332, "mun": 25313, "ibge": 2611606, "z": 4, "l": 1244, "nm": "ESCOLA ESTADUAL JOSÉ MARIA", "nm_mun": "RECIFE", "aptos": 4471, "imp": 0}}, {"type": "Feature", "geometry": {"type": "Point", "coordinates": [-34.882663, -8.055765]}, "properties": {"i": 2333, "mun": 25313, "ibge": 2611606, "z": 4, "l": 1295, "nm": "ESCOLA LUIZ DELGADO", "nm_mun": "RECIFE", "aptos": 2030, "imp": 0}}, {"type": "Feature", "geometry": {"type": "Point", "coordinates": [-34.900753, -8.072022]}, "properties": {"i": 2334, "mun": 25313, "ibge": 2611606, "z": 4, "l": 1309, "nm": "ESCOLA MUNICIPAL DE TEMPO INTEGRAL JOSE DA COSTA PORTO", "nm_mun": "RECIFE", "aptos": 3938, "imp": 0}}, {"type": "Feature", "geometry": {"type": "Point", "coordinates": [-34.891259, -8.07494]}, "properties": {"i": 2335, "mun": 25313, "ibge": 2611606, "z": 4, "l": 1317, "nm": "ESCOLA DE REFERÊNCIA EM ENSINO MÉDIO JOAQUIM NABUCO", "nm_mun": "RECIFE", "aptos": 3083, "imp": 0}}, {"type": "Feature", "geometry": {"type": "Point", "coordinates": [-34.883679, -8.066727]}, "properties": {"i": 2336, "mun": 25313, "ibge": 2611606, "z": 4, "l": 1325, "nm": "ATI - AGÊNCIA ESTADUAL DE TECNOLOGIA DA INFORMAÇÃO", "nm_mun": "RECIFE", "aptos": 2793, "imp": 0}}, {"type": "Feature", "geometry": {"type": "Point", "coordinates": [-34.893797, -8.065731]}, "properties": {"i": 2337, "mun": 25313, "ibge": 2611606, "z": 4, "l": 1376, "nm": "EREM POETA MANUEL BANDEIRA", "nm_mun": "RECIFE", "aptos": 2477, "imp": 0}}, {"type": "Feature", "geometry": {"type": "Point", "coordinates": [-34.890803, -8.060493]}, "properties": {"i": 2338, "mun": 25313, "ibge": 2611606, "z": 4, "l": 1392, "nm": "EREM OLIVEIRA LIMA", "nm_mun": "RECIFE", "aptos": 1946, "imp": 0}}, {"type": "Feature", "geometry": {"type": "Point", "coordinates": [-34.891622, -8.073872]}, "properties": {"i": 2339, "mun": 25313, "ibge": 2611606, "z": 4, "l": 1406, "nm": "ESCOLA DE REFERÊNCIA EM ENSINO FUNDAMENTAL MONSENHOR LEONARDO DE BARRO", "nm_mun": "RECIFE", "aptos": 1860, "imp": 0}}, {"type": "Feature", "geometry": {"type": "Point", "coordinates": [-34.880743, -8.054695]}, "properties": {"i": 2340, "mun": 25313, "ibge": 2611606, "z": 4, "l": 1481, "nm": "ESCOLA DE REFERÊNCIA EM ENSINO MÉDIO SYLVIO RABELLO", "nm_mun": "RECIFE", "aptos": 2152, "imp": 0}}, {"type": "Feature", "geometry": {"type": "Point", "coordinates": [-34.879919, -8.055219]}, "properties": {"i": 2341, "mun": 25313, "ibge": 2611606, "z": 4, "l": 1490, "nm": "ESCOLA CONEGO ROCHAEL DE MEDEIROS", "nm_mun": "RECIFE", "aptos": 1563, "imp": 0}}, {"type": "Feature", "geometry": {"type": "Point", "coordinates": [-34.899035, -8.069405]}, "properties": {"i": 2342, "mun": 25313, "ibge": 2611606, "z": 4, "l": 1520, "nm": "ESCOLA  MUNICIPAL PROFESSOR JOSUÉ DE CASTRO", "nm_mun": "RECIFE", "aptos": 1466, "imp": 0}}, {"type": "Feature", "geometry": {"type": "Point", "coordinates": [-34.880203, -8.055]}, "properties": {"i": 2343, "mun": 25313, "ibge": 2611606, "z": 4, "l": 1538, "nm": "ESCOLA WALDEMAR DE OLIVEIRA", "nm_mun": "RECIFE", "aptos": 815, "imp": 0}}, {"type": "Feature", "geometry": {"type": "Point", "coordinates": [-34.88015, -8.051798]}, "properties": {"i": 2344, "mun": 25313, "ibge": 2611606, "z": 4, "l": 1546, "nm": "ETE - ESCOLA TECNICA ESTADUAL - GINASIO PERNAMBUCANO", "nm_mun": "RECIFE", "aptos": 2926, "imp": 0}}, {"type": "Feature", "geometry": {"type": "Point", "coordinates": [-34.886547, -8.009449]}, "properties": {"i": 2345, "mun": 25313, "ibge": 2611606, "z": 4, "l": 1554, "nm": "ESCOLA MUNICIPAL CAMPINA DO BARRETO", "nm_mun": "RECIFE", "aptos": 2040, "imp": 0}}, {"type": "Feature", "geometry": {"type": "Point", "coordinates": [-34.883273, -8.036015]}, "properties": {"i": 2346, "mun": 25313, "ibge": 2611606, "z": 4, "l": 1562, "nm": "ESCOLA ESTADUAL DOM CARLOS COELHO", "nm_mun": "RECIFE", "aptos": 3673, "imp": 0}}, {"type": "Feature", "geometry": {"type": "Point", "coordinates": [-34.883319, -8.010677]}, "properties": {"i": 2347, "mun": 25313, "ibge": 2611606, "z": 4, "l": 1570, "nm": "ESCOLA ESTADUAL JARBAS PERNAMBUCANO", "nm_mun": "RECIFE", "aptos": 5841, "imp": 0}}, {"type": "Feature", "geometry": {"type": "Point", "coordinates": [-34.885932, -8.027275]}, "properties": {"i": 2348, "mun": 25313, "ibge": 2611606, "z": 4, "l": 1589, "nm": "CENÁCULO ESPÍRITA CASA DE MARIA", "nm_mun": "RECIFE", "aptos": 1148, "imp": 0}}, {"type": "Feature", "geometry": {"type": "Point", "coordinates": [-34.879959, -8.028558]}, "properties": {"i": 2349, "mun": 25313, "ibge": 2611606, "z": 4, "l": 1597, "nm": "ESCOLA MUNICIPAL MARIO MELO", "nm_mun": "RECIFE", "aptos": 4120, "imp": 0}}, {"type": "Feature", "geometry": {"type": "Point", "coordinates": [-34.889159, -8.036079]}, "properties": {"i": 2350, "mun": 25313, "ibge": 2611606, "z": 4, "l": 1600, "nm": "ESCOLA DE REFERÊNCIA EM ENSINO MÉDIO NÓBREGA(ANTIGO OLIVIO MONTENEGRO)", "nm_mun": "RECIFE", "aptos": 4374, "imp": 0}}, {"type": "Feature", "geometry": {"type": "Point", "coordinates": [-34.883751, -8.037548]}, "properties": {"i": 2351, "mun": 25313, "ibge": 2611606, "z": 4, "l": 1619, "nm": "ESCOLA MUNICIPAL COMPOSITOR CAPIBA (ANTIGO RADICAL COLÉGIO E CURSO)", "nm_mun": "RECIFE", "aptos": 856, "imp": 0}}, {"type": "Feature", "geometry": {"type": "Point", "coordinates": [-34.887835, -8.032788]}, "properties": {"i": 2352, "mun": 25313, "ibge": 2611606, "z": 4, "l": 1627, "nm": "ESCOLA EMBAIXADOR GILBERTO AMADO", "nm_mun": "RECIFE", "aptos": 2187, "imp": 0}}, {"type": "Feature", "geometry": {"type": "Point", "coordinates": [-34.880508, -8.03678]}, "properties": {"i": 2353, "mun": 25313, "ibge": 2611606, "z": 4, "l": 1635, "nm": "ESCOLA MUNICIPAL SANTA CECILIA", "nm_mun": "RECIFE", "aptos": 916, "imp": 0}}, {"type": "Feature", "geometry": {"type": "Point", "coordinates": [-34.880312, -8.036728]}, "properties": {"i": 2354, "mun": 25313, "ibge": 2611606, "z": 4, "l": 1643, "nm": "ESCOLA MUNICIPAL PROFESSORA HÉLIA MARIA PEREIRA", "nm_mun": "RECIFE", "aptos": 919, "imp": 0}}, {"type": "Feature", "geometry": {"type": "Point", "coordinates": [-34.878087, -8.024068]}, "properties": {"i": 2355, "mun": 25313, "ibge": 2611606, "z": 4, "l": 1651, "nm": "ESCOLA MUNICIPAL PROFESSORA  JANDIRA BOTELHO", "nm_mun": "RECIFE", "aptos": 782, "imp": 0}}, {"type": "Feature", "geometry": {"type": "Point", "coordinates": [-34.881193, -8.020813]}, "properties": {"i": 2356, "mun": 25313, "ibge": 2611606, "z": 4, "l": 1660, "nm": "ESCOLA ESTADUAL SAO JUDAS TADEU", "nm_mun": "RECIFE", "aptos": 5597, "imp": 0}}, {"type": "Feature", "geometry": {"type": "Point", "coordinates": [-34.881042, -8.012915]}, "properties": {"i": 2357, "mun": 25313, "ibge": 2611606, "z": 4, "l": 1678, "nm": "ESCOLA MUNICIPAL ÁGUA FRIA", "nm_mun": "RECIFE", "aptos": 1523, "imp": 0}}, {"type": "Feature", "geometry": {"type": "Point", "coordinates": [-34.882844, -8.029596]}, "properties": {"i": 2358, "mun": 25313, "ibge": 2611606, "z": 4, "l": 1686, "nm": "COLEGIO IMACULADO CORACAO DE MARIA", "nm_mun": "RECIFE", "aptos": 1255, "imp": 0}}, {"type": "Feature", "geometry": {"type": "Point", "coordinates": [-34.883376, -8.039738]}, "properties": {"i": 2359, "mun": 25313, "ibge": 2611606, "z": 4, "l": 1694, "nm": "CASA DA AMIZADE", "nm_mun": "RECIFE", "aptos": 770, "imp": 0}}, {"type": "Feature", "geometry": {"type": "Point", "coordinates": [-34.886987, -8.03295]}, "properties": {"i": 2360, "mun": 25313, "ibge": 2611606, "z": 4, "l": 1708, "nm": "ESCOLA DE REFERÊNCIA EM ENSINO MÉDIO CLÓVIS BEVILAQUA", "nm_mun": "RECIFE", "aptos": 3919, "imp": 0}}, {"type": "Feature", "geometry": {"type": "Point", "coordinates": [-34.884345, -8.0287]}, "properties": {"i": 2361, "mun": 25313, "ibge": 2611606, "z": 4, "l": 1716, "nm": "COLÉGIO DO SABER", "nm_mun": "RECIFE", "aptos": 1587, "imp": 0}}, {"type": "Feature", "geometry": {"type": "Point", "coordinates": [-34.881592, -8.032209]}, "properties": {"i": 2362, "mun": 25313, "ibge": 2611606, "z": 4, "l": 1724, "nm": "COLÉGIO JESUS CRUCIFICADO", "nm_mun": "RECIFE", "aptos": 4734, "imp": 0}}, {"type": "Feature", "geometry": {"type": "Point", "coordinates": [-34.879164, -8.032257]}, "properties": {"i": 2363, "mun": 25313, "ibge": 2611606, "z": 4, "l": 1732, "nm": "PARÓQUIA NOSSA SENHORA DO BOM PARTO-ANT CENTRO PAROQUIAL CAMPO GRANDE", "nm_mun": "RECIFE", "aptos": 1854, "imp": 0}}, {"type": "Feature", "geometry": {"type": "Point", "coordinates": [-34.899813, -8.071863]}, "properties": {"i": 2364, "mun": 25313, "ibge": 2611606, "z": 4, "l": 1740, "nm": "CEMEI - CENTRO MUNICIPAL DE EDUCACAO INFANTIL MÃEZINHA DO COQUE", "nm_mun": "RECIFE", "aptos": 2206, "imp": 0}}, {"type": "Feature", "geometry": {"type": "Point", "coordinates": [-34.920342, -8.054188]}, "properties": {"i": 2365, "mun": 25313, "ibge": 2611606, "z": 4, "l": 1759, "nm": "SENAC", "nm_mun": "RECIFE", "aptos": 2268, "imp": 1}}, {"type": "Feature", "geometry": {"type": "Point", "coordinates": [-34.857998, -7.929294]}, "properties": {"i": 2366, "mun": 25313, "ibge": 2611606, "z": 4, "l": 1775, "nm": "ESCOLA ESPAÇO DINÂMICO", "nm_mun": "RECIFE", "aptos": 45, "imp": 1}}, {"type": "Feature", "geometry": {"type": "Point", "coordinates": [-34.929269, -8.0153]}, "properties": {"i": 2367, "mun": 25313, "ibge": 2611606, "z": 4, "l": 1783, "nm": "ESCOLA MUNICIPAL AGUA FRIA - ANEXO", "nm_mun": "RECIFE", "aptos": 103, "imp": 1}}, {"type": "Feature", "geometry": {"type": "Point", "coordinates": [-34.918283, -8.026995]}, "properties": {"i": 2368, "mun": 25313, "ibge": 2611606, "z": 5, "l": 1023, "nm": "ESCOLA ESTADUAL DOM VITAL", "nm_mun": "RECIFE", "aptos": 3691, "imp": 0}}, {"type": "Feature", "geometry": {"type": "Point", "coordinates": [-34.918745, -8.033163]}, "properties": {"i": 2369, "mun": 25313, "ibge": 2611606, "z": 5, "l": 1066, "nm": "COLÉGIO MURAKAMI (ANTIGO NAP)", "nm_mun": "RECIFE", "aptos": 2875, "imp": 0}}, {"type": "Feature", "geometry": {"type": "Point", "coordinates": [-34.928145, -8.028162]}, "properties": {"i": 2370, "mun": 25313, "ibge": 2611606, "z": 5, "l": 1082, "nm": "ESCOLA ESTADUAL SILVA JARDIM", "nm_mun": "RECIFE", "aptos": 5057, "imp": 0}}, {"type": "Feature", "geometry": {"type": "Point", "coordinates": [-34.925527, -8.027642]}, "properties": {"i": 2371, "mun": 25313, "ibge": 2611606, "z": 5, "l": 1104, "nm": "ESCOLA MUNICIPAL PROFESSOR NILO PEREIRA", "nm_mun": "RECIFE", "aptos": 1570, "imp": 0}}, {"type": "Feature", "geometry": {"type": "Point", "coordinates": [-34.955639, -8.032591]}, "properties": {"i": 2372, "mun": 25313, "ibge": 2611606, "z": 5, "l": 1139, "nm": "EREM OLINTO VICTOR", "nm_mun": "RECIFE", "aptos": 3532, "imp": 0}}, {"type": "Feature", "geometry": {"type": "Point", "coordinates": [-34.936288, -8.020505]}, "properties": {"i": 2373, "mun": 25313, "ibge": 2611606, "z": 5, "l": 1180, "nm": "EREM PROFESSOR CÂNDIDO DUARTE (PRÓX ABO ASS. BRA. ODONTOLOGIA)", "nm_mun": "RECIFE", "aptos": 2564, "imp": 0}}, {"type": "Feature", "geometry": {"type": "Point", "coordinates": [-34.958652, -8.039058]}, "properties": {"i": 2374, "mun": 25313, "ibge": 2611606, "z": 5, "l": 1228, "nm": "ESCOLA MUNICIPAL CÉLIA ARRAES", "nm_mun": "RECIFE", "aptos": 1897, "imp": 0}}, {"type": "Feature", "geometry": {"type": "Point", "coordinates": [-34.950778, -8.018343]}, "properties": {"i": 2375, "mun": 25313, "ibge": 2611606, "z": 5, "l": 1236, "nm": "CENTRO DE ENSINO DE GRADUAÇÃO - CEGOE - UFRPE", "nm_mun": "RECIFE", "aptos": 4370, "imp": 0}}, {"type": "Feature", "geometry": {"type": "Point", "coordinates": [-34.923077, -8.032613]}, "properties": {"i": 2376, "mun": 25313, "ibge": 2611606, "z": 5, "l": 1244, "nm": "COLÉGIO MOTIVO (ANTIGO MATER CHRISTI)", "nm_mun": "RECIFE", "aptos": 3923, "imp": 0}}, {"type": "Feature", "geometry": {"type": "Point", "coordinates": [-34.951875, -8.040809]}, "properties": {"i": 2377, "mun": 25313, "ibge": 2611606, "z": 5, "l": 1252, "nm": "ESCOLA MUNICIPAL ZUMBI DOS PALMARES", "nm_mun": "RECIFE", "aptos": 1885, "imp": 0}}, {"type": "Feature", "geometry": {"type": "Point", "coordinates": [-34.918353, -8.028422]}, "properties": {"i": 2378, "mun": 25313, "ibge": 2611606, "z": 5, "l": 1279, "nm": "CENTRO DE REABILITAÇÃO E EDUCAÇÃO ESPECIAL", "nm_mun": "RECIFE", "aptos": 1265, "imp": 0}}, {"type": "Feature", "geometry": {"type": "Point", "coordinates": [-34.925934, -8.022788]}, "properties": {"i": 2379, "mun": 25313, "ibge": 2611606, "z": 5, "l": 1309, "nm": "ESCOLA MAURICIO DE NASSAU", "nm_mun": "RECIFE", "aptos": 1825, "imp": 0}}, {"type": "Feature", "geometry": {"type": "Point", "coordinates": [-34.929176, -8.02423]}, "properties": {"i": 2380, "mun": 25313, "ibge": 2611606, "z": 5, "l": 1325, "nm": "ESCOLA SÃO MIGUEL", "nm_mun": "RECIFE", "aptos": 1887, "imp": 0}}, {"type": "Feature", "geometry": {"type": "Point", "coordinates": [-34.943867, -8.03853]}, "properties": {"i": 2381, "mun": 25313, "ibge": 2611606, "z": 5, "l": 1333, "nm": "COLÉGIO E CURSO - DESAFIO", "nm_mun": "RECIFE", "aptos": 2379, "imp": 0}}, {"type": "Feature", "geometry": {"type": "Point", "coordinates": [-34.923132, -7.964845]}, "properties": {"i": 2382, "mun": 25313, "ibge": 2611606, "z": 5, "l": 1341, "nm": "CMEI - DONA CARMELITA MUNIZ DE ARAÚJO", "nm_mun": "RECIFE", "aptos": 1887, "imp": 0}}, {"type": "Feature", "geometry": {"type": "Point", "coordinates": [-34.954721, -8.03085]}, "properties": {"i": 2383, "mun": 25313, "ibge": 2611606, "z": 5, "l": 1392, "nm": "ESCOLA MUNICIPAL DIVINO ESPÍRITO SANTO", "nm_mun": "RECIFE", "aptos": 4061, "imp": 0}}, {"type": "Feature", "geometry": {"type": "Point", "coordinates": [-34.924602, -8.02776]}, "properties": {"i": 2384, "mun": 25313, "ibge": 2611606, "z": 5, "l": 1430, "nm": "APAE - ASSOCIAÇÃO DE PAIS E AMIGOS DOS EXCEPCIONAIS", "nm_mun": "RECIFE", "aptos": 1391, "imp": 0}}, {"type": "Feature", "geometry": {"type": "Point", "coordinates": [-34.944095, -8.017815]}, "properties": {"i": 2385, "mun": 25313, "ibge": 2611606, "z": 5, "l": 1465, "nm": "CENTRO DE ENSINO DE CIÊNCIAS AGRÁRIAS - CEAGRI - UFRPE", "nm_mun": "RECIFE", "aptos": 2296, "imp": 0}}, {"type": "Feature", "geometry": {"type": "Point", "coordinates": [-34.9199, -8.039528]}, "properties": {"i": 2386, "mun": 25313, "ibge": 2611606, "z": 5, "l": 1473, "nm": "CENTRO ESCOLAR CAROCHINHA", "nm_mun": "RECIFE", "aptos": 3872, "imp": 0}}, {"type": "Feature", "geometry": {"type": "Point", "coordinates": [-34.936287, -8.006958]}, "properties": {"i": 2387, "mun": 25313, "ibge": 2611606, "z": 5, "l": 1562, "nm": "ESCOLA ERUNDINA NEGREIROS DE ARAUJO", "nm_mun": "RECIFE", "aptos": 2619, "imp": 0}}, {"type": "Feature", "geometry": {"type": "Point", "coordinates": [-34.97601, -8.036799]}, "properties": {"i": 2388, "mun": 25313, "ibge": 2611606, "z": 5, "l": 1619, "nm": "ESCOLA ESTADUAL MARIA DA CONCEIÇÃO DO REGO BARROS LACERDA", "nm_mun": "RECIFE", "aptos": 5003, "imp": 0}}, {"type": "Feature", "geometry": {"type": "Point", "coordinates": [-34.957285, -8.046968]}, "properties": {"i": 2389, "mun": 25313, "ibge": 2611606, "z": 5, "l": 1627, "nm": "EDUCANDÁRIO MAGALHÃES BASTOS", "nm_mun": "RECIFE", "aptos": 3018, "imp": 0}}, {"type": "Feature", "geometry": {"type": "Point", "coordinates": [-34.990026, -8.035644]}, "properties": {"i": 2390, "mun": 25313, "ibge": 2611606, "z": 5, "l": 1635, "nm": "ESCOLA MUNICIPAL JOÃO BATISTA LIPPO NETO", "nm_mun": "RECIFE", "aptos": 1750, "imp": 0}}, {"type": "Feature", "geometry": {"type": "Point", "coordinates": [-34.935569, -7.99371]}, "properties": {"i": 2391, "mun": 25313, "ibge": 2611606, "z": 5, "l": 1643, "nm": "ESCOLA SAO CRISTOVAO", "nm_mun": "RECIFE", "aptos": 3942, "imp": 0}}, {"type": "Feature", "geometry": {"type": "Point", "coordinates": [-34.95327, -8.048761]}, "properties": {"i": 2392, "mun": 25313, "ibge": 2611606, "z": 5, "l": 1651, "nm": "CENTRO DE EDUCAÇÃO DA UFPE", "nm_mun": "RECIFE", "aptos": 3000, "imp": 0}}, {"type": "Feature", "geometry": {"type": "Point", "coordinates": [-34.950922, -8.048487]}, "properties": {"i": 2393, "mun": 25313, "ibge": 2611606, "z": 5, "l": 1660, "nm": "CENTRO DE CIÊNCIAS SOCIAIS APLICADAS - CCSA - UFPE", "nm_mun": "RECIFE", "aptos": 5619, "imp": 0}}, {"type": "Feature", "geometry": {"type": "Point", "coordinates": [-34.935256, -7.993538]}, "properties": {"i": 2394, "mun": 25313, "ibge": 2611606, "z": 5, "l": 1678, "nm": "ESCOLA MUNICIPAL DA GUABIRABA", "nm_mun": "RECIFE", "aptos": 1977, "imp": 0}}, {"type": "Feature", "geometry": {"type": "Point", "coordinates": [-34.958597, -8.050726]}, "properties": {"i": 2395, "mun": 25313, "ibge": 2611606, "z": 5, "l": 1686, "nm": "CENTRO DE ATIVIDADES DOMÉSTICAS - CAD (PRÓX IGREJA DA VÁRZEA)", "nm_mun": "RECIFE", "aptos": 2385, "imp": 0}}, {"type": "Feature", "geometry": {"type": "Point", "coordinates": [-34.959032, -8.047902]}, "properties": {"i": 2396, "mun": 25313, "ibge": 2611606, "z": 5, "l": 1694, "nm": "ESCOLA ESTADUAL PROFESSOR CÂNDIDO DUARTE", "nm_mun": "RECIFE", "aptos": 1956, "imp": 0}}, {"type": "Feature", "geometry": {"type": "Point", "coordinates": [-34.958983, -8.044642]}, "properties": {"i": 2397, "mun": 25313, "ibge": 2611606, "z": 5, "l": 1708, "nm": "INSTITUTO SANTA MARIA MAZZARELLO - I", "nm_mun": "RECIFE", "aptos": 5947, "imp": 0}}, {"type": "Feature", "geometry": {"type": "Point", "coordinates": [-34.959292, -8.045453]}, "properties": {"i": 2398, "mun": 25313, "ibge": 2611606, "z": 5, "l": 1716, "nm": "INSTITUTO SANTA MARIA MAZZARELLO - II", "nm_mun": "RECIFE", "aptos": 4786, "imp": 0}}, {"type": "Feature", "geometry": {"type": "Point", "coordinates": [-34.96185, -8.048404]}, "properties": {"i": 2399, "mun": 25313, "ibge": 2611606, "z": 5, "l": 1724, "nm": "LAR FABIANO DE CRISTO - CAPEMISA", "nm_mun": "RECIFE", "aptos": 4901, "imp": 0}}, {"type": "Feature", "geometry": {"type": "Point", "coordinates": [-34.953892, -8.049569]}, "properties": {"i": 2400, "mun": 25313, "ibge": 2611606, "z": 5, "l": 1732, "nm": "COLÉGIO DE APLICAÇÃO - UFPE", "nm_mun": "RECIFE", "aptos": 3256, "imp": 0}}, {"type": "Feature", "geometry": {"type": "Point", "coordinates": [-34.936137, -7.993149]}, "properties": {"i": 2401, "mun": 25313, "ibge": 2611606, "z": 5, "l": 1740, "nm": "CRECHE MUNICIPAL FLOR DO BAIRRO DA GUABIRABA", "nm_mun": "RECIFE", "aptos": 1636, "imp": 0}}, {"type": "Feature", "geometry": {"type": "Point", "coordinates": [-34.935446, -7.99211]}, "properties": {"i": 2402, "mun": 25313, "ibge": 2611606, "z": 5, "l": 1759, "nm": "ESCOLA TOME GIBSON", "nm_mun": "RECIFE", "aptos": 3697, "imp": 0}}, {"type": "Feature", "geometry": {"type": "Point", "coordinates": [-34.973361, -8.037081]}, "properties": {"i": 2403, "mun": 25313, "ibge": 2611606, "z": 5, "l": 1767, "nm": "ESCOLA MUNICIPAL PROFESSOR JOÃO FRANCISCO DE SOUZA", "nm_mun": "RECIFE", "aptos": 2598, "imp": 0}}, {"type": "Feature", "geometry": {"type": "Point", "coordinates": [-34.901762, -8.034726]}, "properties": {"i": 2404, "mun": 25313, "ibge": 2611606, "z": 5, "l": 1805, "nm": "ESCOLA SUNNY PLACE SCHOOL", "nm_mun": "RECIFE", "aptos": 1519, "imp": 1}}, {"type": "Feature", "geometry": {"type": "Point", "coordinates": [-36.704288, -8.185217]}, "properties": {"i": 2405, "mun": 25313, "ibge": 2611606, "z": 5, "l": 1813, "nm": "ESCOLA MUNICIPAL ALTO DA GUABIRABA", "nm_mun": "RECIFE", "aptos": 215, "imp": 1}}, {"type": "Feature", "geometry": {"type": "Point", "coordinates": [-36.704288, -8.185217]}, "properties": {"i": 2406, "mun": 25313, "ibge": 2611606, "z": 5, "l": 1821, "nm": "ESCOLA MUNICIPAL PEDRO ALCÂNTARA (PRÓX ERUNDINA)", "nm_mun": "RECIFE", "aptos": 249, "imp": 1}}, {"type": "Feature", "geometry": {"type": "Point", "coordinates": [-34.912873, -8.032245]}, "properties": {"i": 2407, "mun": 25313, "ibge": 2611606, "z": 5, "l": 1830, "nm": "COLÉGIO ASM (ANTIGO SAGRADA FAMÍLIA)", "nm_mun": "RECIFE", "aptos": 2750, "imp": 1}}, {"type": "Feature", "geometry": {"type": "Point", "coordinates": [-37.05773, -8.416103]}, "properties": {"i": 2408, "mun": 25313, "ibge": 2611606, "z": 5, "l": 1864, "nm": "ESCOLA MUNICIPAL NOVA MORADA", "nm_mun": "RECIFE", "aptos": 402, "imp": 1}}, {"type": "Feature", "geometry": {"type": "Point", "coordinates": [-34.907528, -8.030445]}, "properties": {"i": 2409, "mun": 25313, "ibge": 2611606, "z": 6, "l": 1023, "nm": "COLEGIO SANTA CATARINA", "nm_mun": "RECIFE", "aptos": 5160, "imp": 0}}, {"type": "Feature", "geometry": {"type": "Point", "coordinates": [-34.910479, -8.028025]}, "properties": {"i": 2410, "mun": 25313, "ibge": 2611606, "z": 6, "l": 1031, "nm": "ESCOLA ESTADUAL AGEU MAGALHAES", "nm_mun": "RECIFE", "aptos": 2863, "imp": 0}}, {"type": "Feature", "geometry": {"type": "Point", "coordinates": [-34.910721, -8.028214]}, "properties": {"i": 2411, "mun": 25313, "ibge": 2611606, "z": 6, "l": 1040, "nm": "ESCOLA ESTADUAL DOM BOSCO", "nm_mun": "RECIFE", "aptos": 4392, "imp": 0}}, {"type": "Feature", "geometry": {"type": "Point", "coordinates": [-34.913495, -8.023845]}, "properties": {"i": 2412, "mun": 25313, "ibge": 2611606, "z": 6, "l": 1058, "nm": "ESCOLA ESTADUAL MATIAS DE ALBUQUERQUE", "nm_mun": "RECIFE", "aptos": 2070, "imp": 0}}, {"type": "Feature", "geometry": {"type": "Point", "coordinates": [-34.910829, -8.026321]}, "properties": {"i": 2413, "mun": 25313, "ibge": 2611606, "z": 6, "l": 1066, "nm": "ESCOLA GOV. CARLOS DE LIMA CAVALCANTI", "nm_mun": "RECIFE", "aptos": 3677, "imp": 0}}, {"type": "Feature", "geometry": {"type": "Point", "coordinates": [-34.913513, -8.026055]}, "properties": {"i": 2414, "mun": 25313, "ibge": 2611606, "z": 6, "l": 1082, "nm": "ESCOLA PADRE MACHADO", "nm_mun": "RECIFE", "aptos": 4575, "imp": 0}}, {"type": "Feature", "geometry": {"type": "Point", "coordinates": [-34.92582, -8.019927]}, "properties": {"i": 2415, "mun": 25313, "ibge": 2611606, "z": 6, "l": 1120, "nm": "ESCOLA ESTADUAL CLOTILDE DE OLIVEIRA", "nm_mun": "RECIFE", "aptos": 4390, "imp": 0}}, {"type": "Feature", "geometry": {"type": "Point", "coordinates": [-34.921496, -8.017327]}, "properties": {"i": 2416, "mun": 25313, "ibge": 2611606, "z": 6, "l": 1147, "nm": "ESCOLA DE PRIMEIRO GRAU ADERBAL GALVAO", "nm_mun": "RECIFE", "aptos": 1997, "imp": 0}}, {"type": "Feature", "geometry": {"type": "Point", "coordinates": [-34.920921, -8.010049]}, "properties": {"i": 2417, "mun": 25313, "ibge": 2611606, "z": 6, "l": 1155, "nm": "ESCOLA MUNICIPAL PROF ALMERINDA UMBELINO DE BARROS", "nm_mun": "RECIFE", "aptos": 3797, "imp": 0}}, {"type": "Feature", "geometry": {"type": "Point", "coordinates": [-34.9213, -8.018962]}, "properties": {"i": 2418, "mun": 25313, "ibge": 2611606, "z": 6, "l": 1163, "nm": "SESI", "nm_mun": "RECIFE", "aptos": 5554, "imp": 0}}, {"type": "Feature", "geometry": {"type": "Point", "coordinates": [-34.916013, -8.018977]}, "properties": {"i": 2419, "mun": 25313, "ibge": 2611606, "z": 6, "l": 1210, "nm": "ESCOLA REUNIDA PADRE JOAO BARBOSA", "nm_mun": "RECIFE", "aptos": 1579, "imp": 0}}, {"type": "Feature", "geometry": {"type": "Point", "coordinates": [-34.9232, -8.012721]}, "properties": {"i": 2420, "mun": 25313, "ibge": 2611606, "z": 6, "l": 1341, "nm": "ESCOLA TREZE DE MAIO - GILBERTO FREIRE", "nm_mun": "RECIFE", "aptos": 3530, "imp": 0}}, {"type": "Feature", "geometry": {"type": "Point", "coordinates": [-34.911044, -8.026094]}, "properties": {"i": 2421, "mun": 25313, "ibge": 2611606, "z": 6, "l": 1368, "nm": "ASSOC. EVANG. LUTERANA DE EDUC. ESPECIAL", "nm_mun": "RECIFE", "aptos": 591, "imp": 0}}, {"type": "Feature", "geometry": {"type": "Point", "coordinates": [-34.90848, -8.029175]}, "properties": {"i": 2422, "mun": 25313, "ibge": 2611606, "z": 6, "l": 1406, "nm": "ESCOLA PROFISSIONALIZANTE DOM BOSCO", "nm_mun": "RECIFE", "aptos": 1236, "imp": 0}}, {"type": "Feature", "geometry": {"type": "Point", "coordinates": [-34.913387, -8.023031]}, "properties": {"i": 2423, "mun": 25313, "ibge": 2611606, "z": 6, "l": 1465, "nm": "ESCOLA MUNICIPAL ROZEMAR DE MACEDO LIMA", "nm_mun": "RECIFE", "aptos": 1125, "imp": 0}}, {"type": "Feature", "geometry": {"type": "Point", "coordinates": [-34.918297, -8.011239]}, "properties": {"i": 2424, "mun": 25313, "ibge": 2611606, "z": 6, "l": 1511, "nm": "ESCOLA MUNICIPAL SANTA MARIA GORETTI", "nm_mun": "RECIFE", "aptos": 1609, "imp": 0}}, {"type": "Feature", "geometry": {"type": "Point", "coordinates": [-34.920726, -8.012989]}, "properties": {"i": 2425, "mun": 25313, "ibge": 2611606, "z": 6, "l": 1520, "nm": "ESCOLA MUNICIPAL CHICO SCIENCE", "nm_mun": "RECIFE", "aptos": 1039, "imp": 0}}, {"type": "Feature", "geometry": {"type": "Point", "coordinates": [-34.93137, -8.013778]}, "properties": {"i": 2426, "mun": 25313, "ibge": 2611606, "z": 6, "l": 1554, "nm": "ESCOLA MARIA AMÁLIA", "nm_mun": "RECIFE", "aptos": 2301, "imp": 0}}, {"type": "Feature", "geometry": {"type": "Point", "coordinates": [-34.928346, -8.015937]}, "properties": {"i": 2427, "mun": 25313, "ibge": 2611606, "z": 6, "l": 1562, "nm": "ESCOLA CORONEL OTHON", "nm_mun": "RECIFE", "aptos": 5147, "imp": 0}}, {"type": "Feature", "geometry": {"type": "Point", "coordinates": [-34.923832, -7.999085]}, "properties": {"i": 2428, "mun": 25313, "ibge": 2611606, "z": 6, "l": 1589, "nm": "ESCOLA ROTARY DE NOVA DESCOBERTA", "nm_mun": "RECIFE", "aptos": 4359, "imp": 0}}, {"type": "Feature", "geometry": {"type": "Point", "coordinates": [-34.922861, -7.999636]}, "properties": {"i": 2429, "mun": 25313, "ibge": 2611606, "z": 6, "l": 1597, "nm": "ESCOLA ESTADUAL ALVARO LINS", "nm_mun": "RECIFE", "aptos": 7538, "imp": 0}}, {"type": "Feature", "geometry": {"type": "Point", "coordinates": [-34.928616, -8.017185]}, "properties": {"i": 2430, "mun": 25313, "ibge": 2611606, "z": 6, "l": 1600, "nm": "ESCOLA NADIR COLACO", "nm_mun": "RECIFE", "aptos": 5308, "imp": 0}}, {"type": "Feature", "geometry": {"type": "Point", "coordinates": [-34.914365, -8.030359]}, "properties": {"i": 2431, "mun": 25313, "ibge": 2611606, "z": 6, "l": 1619, "nm": "COLÉGIO APOIO", "nm_mun": "RECIFE", "aptos": 3574, "imp": 0}}, {"type": "Feature", "geometry": {"type": "Point", "coordinates": [-34.925916, -8.000706]}, "properties": {"i": 2432, "mun": 25313, "ibge": 2611606, "z": 6, "l": 1635, "nm": "ESCOLA MUNICIPAL DE CASA AMARELA", "nm_mun": "RECIFE", "aptos": 1588, "imp": 0}}, {"type": "Feature", "geometry": {"type": "Point", "coordinates": [-34.925288, -8.00161]}, "properties": {"i": 2433, "mun": 25313, "ibge": 2611606, "z": 6, "l": 1643, "nm": "GRUPO ESCOLAR MOACIR DE ALBUQUERQUE", "nm_mun": "RECIFE", "aptos": 1991, "imp": 0}}, {"type": "Feature", "geometry": {"type": "Point", "coordinates": [-34.931016, -8.001363]}, "properties": {"i": 2434, "mun": 25313, "ibge": 2611606, "z": 6, "l": 1651, "nm": "ESCOLA POETA JOAQUIM CARDOSO", "nm_mun": "RECIFE", "aptos": 1201, "imp": 0}}, {"type": "Feature", "geometry": {"type": "Point", "coordinates": [-34.931321, -8.014719]}, "properties": {"i": 2435, "mun": 25313, "ibge": 2611606, "z": 6, "l": 1678, "nm": "ESCOLA MUNICIPAL ABEL GUEIROS", "nm_mun": "RECIFE", "aptos": 1565, "imp": 0}}, {"type": "Feature", "geometry": {"type": "Point", "coordinates": [-34.931534, -8.014262]}, "properties": {"i": 2436, "mun": 25313, "ibge": 2611606, "z": 6, "l": 1686, "nm": "ESCOLA TÉCNICA ESTADUAL MIGUEL BATISTA", "nm_mun": "RECIFE", "aptos": 2187, "imp": 0}}, {"type": "Feature", "geometry": {"type": "Point", "coordinates": [-34.930926, -8.000239]}, "properties": {"i": 2437, "mun": 25313, "ibge": 2611606, "z": 6, "l": 1694, "nm": "ESCOLA MUNICIPAL PROF. MAURO MOTA", "nm_mun": "RECIFE", "aptos": 3149, "imp": 0}}, {"type": "Feature", "geometry": {"type": "Point", "coordinates": [-34.908795, -8.029013]}, "properties": {"i": 2438, "mun": 25313, "ibge": 2611606, "z": 6, "l": 1716, "nm": "COLÉGIO REINO MÁGICO", "nm_mun": "RECIFE", "aptos": 1691, "imp": 0}}, {"type": "Feature", "geometry": {"type": "Point", "coordinates": [-34.915464, -8.005149]}, "properties": {"i": 2439, "mun": 25313, "ibge": 2611606, "z": 6, "l": 1724, "nm": "CMEI (MÉRCIA MARIA BEZERRA COSTA)", "nm_mun": "RECIFE", "aptos": 2572, "imp": 0}}, {"type": "Feature", "geometry": {"type": "Point", "coordinates": [-34.931434, -8.014993]}, "properties": {"i": 2440, "mun": 25313, "ibge": 2611606, "z": 6, "l": 1740, "nm": "EREM POMPÉIA CAMPOS", "nm_mun": "RECIFE", "aptos": 1948, "imp": 0}}, {"type": "Feature", "geometry": {"type": "Point", "coordinates": [-34.913016, -8.02034]}, "properties": {"i": 2441, "mun": 25313, "ibge": 2611606, "z": 6, "l": 1767, "nm": "CERVAC (CENTRO DE REABILITAÇÃO E VALORIZAÇÃO DA CRIANÇA)", "nm_mun": "RECIFE", "aptos": 1166, "imp": 0}}, {"type": "Feature", "geometry": {"type": "Point", "coordinates": [-34.947168, -8.082529]}, "properties": {"i": 2442, "mun": 25313, "ibge": 2611606, "z": 6, "l": 1775, "nm": "ESCOLA VILA SEZAMO", "nm_mun": "RECIFE", "aptos": 2014, "imp": 1}}, {"type": "Feature", "geometry": {"type": "Point", "coordinates": [-34.930757, -8.16486]}, "properties": {"i": 2443, "mun": 25313, "ibge": 2611606, "z": 6, "l": 1783, "nm": "ESCOLA MUNICIPAL JÚLIO VICENTE ALVES DE ARAÚJO", "nm_mun": "RECIFE", "aptos": 791, "imp": 1}}, {"type": "Feature", "geometry": {"type": "Point", "coordinates": [-34.885996, -8.091659]}, "properties": {"i": 2444, "mun": 25313, "ibge": 2611606, "z": 6, "l": 1791, "nm": "SECRETARIA EXECUTIVA DE COMÉRCIO POPULAR- SECPOP", "nm_mun": "RECIFE", "aptos": 1238, "imp": 1}}, {"type": "Feature", "geometry": {"type": "Point", "coordinates": [-40.490236, -9.396718]}, "properties": {"i": 2445, "mun": 25313, "ibge": 2611606, "z": 6, "l": 1805, "nm": "COLEGIO MADRE DE DEUS CAMPUS IV", "nm_mun": "RECIFE", "aptos": 3778, "imp": 1}}, {"type": "Feature", "geometry": {"type": "Point", "coordinates": [-34.944588, -8.127042]}, "properties": {"i": 2446, "mun": 25313, "ibge": 2611606, "z": 6, "l": 1813, "nm": "IGREJA ANGLICANA DO VASCO DA GAMA( PARÓQUIA SÃO PAULO)", "nm_mun": "RECIFE", "aptos": 2936, "imp": 1}}, {"type": "Feature", "geometry": {"type": "Point", "coordinates": [-34.920635, -8.046101]}, "properties": {"i": 2447, "mun": 25313, "ibge": 2611606, "z": 7, "l": 1015, "nm": "ESCOLA MUNICIPAL DARCY RIBEIRO", "nm_mun": "RECIFE", "aptos": 5515, "imp": 0}}, {"type": "Feature", "geometry": {"type": "Point", "coordinates": [-34.92674, -8.04729]}, "properties": {"i": 2448, "mun": 25313, "ibge": 2611606, "z": 7, "l": 1090, "nm": "PARQUE DE EXPOSIÇÃO DE ANIMAIS DO CORDEIRO", "nm_mun": "RECIFE", "aptos": 2407, "imp": 0}}, {"type": "Feature", "geometry": {"type": "Point", "coordinates": [-34.937536, -8.041263]}, "properties": {"i": 2449, "mun": 25313, "ibge": 2611606, "z": 7, "l": 1155, "nm": "ESCOLA PADRE DEHON", "nm_mun": "RECIFE", "aptos": 4773, "imp": 0}}, {"type": "Feature", "geometry": {"type": "Point", "coordinates": [-34.934615, -8.030249]}, "properties": {"i": 2450, "mun": 25313, "ibge": 2611606, "z": 7, "l": 1171, "nm": "ESCOLA MUNICIPAL DINÁ DE OLIVEIRA", "nm_mun": "RECIFE", "aptos": 5975, "imp": 0}}, {"type": "Feature", "geometry": {"type": "Point", "coordinates": [-34.908927, -8.055356]}, "properties": {"i": 2451, "mun": 25313, "ibge": 2611606, "z": 7, "l": 1210, "nm": "COLÉGIO JOAQUIM TÁVORA", "nm_mun": "RECIFE", "aptos": 5144, "imp": 0}}, {"type": "Feature", "geometry": {"type": "Point", "coordinates": [-34.903662, -8.059149]}, "properties": {"i": 2452, "mun": 25313, "ibge": 2611606, "z": 7, "l": 1236, "nm": "ESCOLA POLITÉCNICA", "nm_mun": "RECIFE", "aptos": 2288, "imp": 0}}, {"type": "Feature", "geometry": {"type": "Point", "coordinates": [-34.913465, -8.046711]}, "properties": {"i": 2453, "mun": 25313, "ibge": 2611606, "z": 7, "l": 1279, "nm": "ESCOLA MACIEL PINHEIRO", "nm_mun": "RECIFE", "aptos": 2380, "imp": 0}}, {"type": "Feature", "geometry": {"type": "Point", "coordinates": [-34.920342, -8.054188]}, "properties": {"i": 2454, "mun": 25313, "ibge": 2611606, "z": 7, "l": 1309, "nm": "COLÉGIO SOUZA LEÃO", "nm_mun": "RECIFE", "aptos": 3986, "imp": 0}}, {"type": "Feature", "geometry": {"type": "Point", "coordinates": [-34.917307, -8.049512]}, "properties": {"i": 2455, "mun": 25313, "ibge": 2611606, "z": 7, "l": 1333, "nm": "COLÉGIO ELO (ANTIGO INSTITUTO HELENA LUBIENSKA)", "nm_mun": "RECIFE", "aptos": 5845, "imp": 0}}, {"type": "Feature", "geometry": {"type": "Point", "coordinates": [-34.931315, -8.041545]}, "properties": {"i": 2456, "mun": 25313, "ibge": 2611606, "z": 7, "l": 1376, "nm": "ESCOLA JOAQUIM XAVIER DE BRITO", "nm_mun": "RECIFE", "aptos": 3595, "imp": 0}}, {"type": "Feature", "geometry": {"type": "Point", "coordinates": [-34.905515, -8.049879]}, "properties": {"i": 2457, "mun": 25313, "ibge": 2611606, "z": 7, "l": 1430, "nm": "COLÉGIO EQUIPE", "nm_mun": "RECIFE", "aptos": 3994, "imp": 0}}, {"type": "Feature", "geometry": {"type": "Point", "coordinates": [-34.928386, -8.041853]}, "properties": {"i": 2458, "mun": 25313, "ibge": 2611606, "z": 7, "l": 1449, "nm": "ESCOLA MUNICIPAL DA IPUTINGA", "nm_mun": "RECIFE", "aptos": 4460, "imp": 0}}, {"type": "Feature", "geometry": {"type": "Point", "coordinates": [-34.913215, -8.047551]}, "properties": {"i": 2459, "mun": 25313, "ibge": 2611606, "z": 7, "l": 1457, "nm": "ESCOLA MARTINS JÚNIOR", "nm_mun": "RECIFE", "aptos": 1971, "imp": 0}}, {"type": "Feature", "geometry": {"type": "Point", "coordinates": [-34.916948, -8.044853]}, "properties": {"i": 2460, "mun": 25313, "ibge": 2611606, "z": 7, "l": 1473, "nm": "CAIC/TORRE-ESCOLA CREUZA BARRETO DORNELAS CÂMARA", "nm_mun": "RECIFE", "aptos": 3137, "imp": 0}}, {"type": "Feature", "geometry": {"type": "Point", "coordinates": [-34.921162, -8.049373]}, "properties": {"i": 2461, "mun": 25313, "ibge": 2611606, "z": 7, "l": 1481, "nm": "ESCOLA MUNICIPAL VILA SANTA LUZIA", "nm_mun": "RECIFE", "aptos": 1565, "imp": 0}}, {"type": "Feature", "geometry": {"type": "Point", "coordinates": [-34.905536, -8.053165]}, "properties": {"i": 2462, "mun": 25313, "ibge": 2611606, "z": 7, "l": 1490, "nm": "CECOSNE", "nm_mun": "RECIFE", "aptos": 5538, "imp": 0}}, {"type": "Feature", "geometry": {"type": "Point", "coordinates": [-34.917207, -8.052416]}, "properties": {"i": 2463, "mun": 25313, "ibge": 2611606, "z": 7, "l": 1503, "nm": "FACULDADE SANTA HELENA", "nm_mun": "RECIFE", "aptos": 3776, "imp": 0}}, {"type": "Feature", "geometry": {"type": "Point", "coordinates": [-34.919326, -8.054814]}, "properties": {"i": 2464, "mun": 25313, "ibge": 2611606, "z": 7, "l": 1511, "nm": "ESCOLA AVENTURAS DO PINÓQUIO", "nm_mun": "RECIFE", "aptos": 1194, "imp": 0}}, {"type": "Feature", "geometry": {"type": "Point", "coordinates": [-34.909436, -8.054081]}, "properties": {"i": 2465, "mun": 25313, "ibge": 2611606, "z": 7, "l": 1538, "nm": "CENTRO DE FORMAÇÃO DE EDUCADORES PROFESSOR PAULO FREIRE", "nm_mun": "RECIFE", "aptos": 3946, "imp": 0}}, {"type": "Feature", "geometry": {"type": "Point", "coordinates": [-34.932976, -8.037119]}, "properties": {"i": 2466, "mun": 25313, "ibge": 2611606, "z": 7, "l": 1546, "nm": "ESCOLA MUNICIPAL EBENEZER GUEIROS", "nm_mun": "RECIFE", "aptos": 2760, "imp": 0}}, {"type": "Feature", "geometry": {"type": "Point", "coordinates": [-34.930518, -8.041672]}, "properties": {"i": 2467, "mun": 25313, "ibge": 2611606, "z": 7, "l": 1554, "nm": "ESCOLA MUNICIPAL JOÃO XXIII", "nm_mun": "RECIFE", "aptos": 3115, "imp": 0}}, {"type": "Feature", "geometry": {"type": "Point", "coordinates": [-34.912479, -8.047799]}, "properties": {"i": 2468, "mun": 25313, "ibge": 2611606, "z": 7, "l": 1562, "nm": "ESCOLA MUNICIPAL PAROQUIAL CRISTO REI", "nm_mun": "RECIFE", "aptos": 1185, "imp": 0}}, {"type": "Feature", "geometry": {"type": "Point", "coordinates": [-34.901869, -8.059179]}, "properties": {"i": 2469, "mun": 25313, "ibge": 2611606, "z": 7, "l": 1570, "nm": "COLÉGIO E CURSO GGE (BENFICA)", "nm_mun": "RECIFE", "aptos": 2785, "imp": 0}}, {"type": "Feature", "geometry": {"type": "Point", "coordinates": [-34.916745, -8.0623]}, "properties": {"i": 2470, "mun": 25313, "ibge": 2611606, "z": 7, "l": 1589, "nm": "FACULDADE ESTÁCIO (ANTIGA FIR)", "nm_mun": "RECIFE", "aptos": 3890, "imp": 0}}, {"type": "Feature", "geometry": {"type": "Point", "coordinates": [-34.906346, -8.065561]}, "properties": {"i": 2471, "mun": 25313, "ibge": 2611606, "z": 7, "l": 1600, "nm": "ESCOLA MUNICIPAL MÉRCIA DE ALBUQUERQUE FERREIRA", "nm_mun": "RECIFE", "aptos": 1231, "imp": 0}}, {"type": "Feature", "geometry": {"type": "Point", "coordinates": [-34.921263, -8.052447]}, "properties": {"i": 2472, "mun": 25313, "ibge": 2611606, "z": 7, "l": 1619, "nm": "ESCOLA BARROS CARVALHO", "nm_mun": "RECIFE", "aptos": 4687, "imp": 0}}, {"type": "Feature", "geometry": {"type": "Point", "coordinates": [-34.901911, -8.060076]}, "properties": {"i": 2473, "mun": 25313, "ibge": 2611606, "z": 7, "l": 1627, "nm": "INSTITUTO BLUE DE EDUCACAO E CULTURA - BLUE SCHOOL (CONECTA)", "nm_mun": "RECIFE", "aptos": 5324, "imp": 0}}, {"type": "Feature", "geometry": {"type": "Point", "coordinates": [-34.934183, -8.030052]}, "properties": {"i": 2474, "mun": 25313, "ibge": 2611606, "z": 7, "l": 1643, "nm": "CRECHE MUNICIPAL CASINHA AZUL", "nm_mun": "RECIFE", "aptos": 1195, "imp": 0}}, {"type": "Feature", "geometry": {"type": "Point", "coordinates": [-34.905418, -8.049701]}, "properties": {"i": 2475, "mun": 25313, "ibge": 2611606, "z": 7, "l": 1651, "nm": "COLÉGIO EQUIPE (ANEXO I)", "nm_mun": "RECIFE", "aptos": 793, "imp": 0}}, {"type": "Feature", "geometry": {"type": "Point", "coordinates": [-34.935909, -8.038492]}, "properties": {"i": 2476, "mun": 25313, "ibge": 2611606, "z": 7, "l": 1660, "nm": "ESCOLA MUNICIPAL SÃO DOMINGOS", "nm_mun": "RECIFE", "aptos": 783, "imp": 0}}, {"type": "Feature", "geometry": {"type": "Point", "coordinates": [-34.922362, -8.046075]}, "properties": {"i": 2477, "mun": 25313, "ibge": 2611606, "z": 7, "l": 1678, "nm": "PERPART", "nm_mun": "RECIFE", "aptos": 2513, "imp": 0}}, {"type": "Feature", "geometry": {"type": "Point", "coordinates": [-34.839907, -7.963265]}, "properties": {"i": 2478, "mun": 25313, "ibge": 2611606, "z": 7, "l": 1694, "nm": "CMEI DARCY RIBEIRO", "nm_mun": "RECIFE", "aptos": 1972, "imp": 1}}, {"type": "Feature", "geometry": {"type": "Point", "coordinates": [-34.903919, -8.122252]}, "properties": {"i": 2479, "mun": 25313, "ibge": 2611606, "z": 7, "l": 1708, "nm": "CFI - COLÉGIO DE FORMAÇÃO INTEGRAL", "nm_mun": "RECIFE", "aptos": 3108, "imp": 1}}, {"type": "Feature", "geometry": {"type": "Point", "coordinates": [-34.911783, -8.032497]}, "properties": {"i": 2480, "mun": 25313, "ibge": 2611606, "z": 7, "l": 1716, "nm": "COLÉGIO EQUIPE (ANEXO II)", "nm_mun": "RECIFE", "aptos": 792, "imp": 1}}, {"type": "Feature", "geometry": {"type": "Point", "coordinates": [-35.973954, -8.280323]}, "properties": {"i": 2481, "mun": 25313, "ibge": 2611606, "z": 7, "l": 1724, "nm": "CRECHE MUNICIPAL SÍTIO DO CARDOSO", "nm_mun": "RECIFE", "aptos": 1972, "imp": 1}}, {"type": "Feature", "geometry": {"type": "Point", "coordinates": [-35.011168, -8.50481]}, "properties": {"i": 2482, "mun": 25313, "ibge": 2611606, "z": 7, "l": 1732, "nm": "CRECHE MUNICIPAL MENINO JESUS DA BOMBA GRANDE", "nm_mun": "RECIFE", "aptos": 781, "imp": 1}}, {"type": "Feature", "geometry": {"type": "Point", "coordinates": [-34.888399, -8.040919]}, "properties": {"i": 2483, "mun": 25313, "ibge": 2611606, "z": 7, "l": 1740, "nm": "FCAP - FACULDADE DE CIÊNCIAS DA ADMINISTRAÇÃO DE PERNAMBUCO", "nm_mun": "RECIFE", "aptos": 968, "imp": 1}}, {"type": "Feature", "geometry": {"type": "Point", "coordinates": [-34.902222, -8.052066]}, "properties": {"i": 2484, "mun": 25313, "ibge": 2611606, "z": 8, "l": 1023, "nm": "INSTITUTO DOS CEGOS", "nm_mun": "RECIFE", "aptos": 360, "imp": 0}}, {"type": "Feature", "geometry": {"type": "Point", "coordinates": [-34.89841, -8.052637]}, "properties": {"i": 2485, "mun": 25313, "ibge": 2611606, "z": 8, "l": 1031, "nm": "INSTITUTO PROFISSIONAL MARIA AUXILIADORA", "nm_mun": "RECIFE", "aptos": 2327, "imp": 0}}, {"type": "Feature", "geometry": {"type": "Point", "coordinates": [-34.892236, -8.039167]}, "properties": {"i": 2486, "mun": 25313, "ibge": 2611606, "z": 8, "l": 1104, "nm": "ETEPAM - ESCOLA TECNICA ESTADUAL PROF. AGAMENON MAGALHAES", "nm_mun": "RECIFE", "aptos": 4914, "imp": 0}}, {"type": "Feature", "geometry": {"type": "Point", "coordinates": [-34.888326, -8.040827]}, "properties": {"i": 2487, "mun": 25313, "ibge": 2611606, "z": 8, "l": 1120, "nm": "ESCOLA PAULA FRASSINETTI", "nm_mun": "RECIFE", "aptos": 2680, "imp": 0}}, {"type": "Feature", "geometry": {"type": "Point", "coordinates": [-34.897172, -8.050986]}, "properties": {"i": 2488, "mun": 25313, "ibge": 2611606, "z": 8, "l": 1139, "nm": "COLEGIO VERA CRUZ", "nm_mun": "RECIFE", "aptos": 4682, "imp": 0}}, {"type": "Feature", "geometry": {"type": "Point", "coordinates": [-34.902637, -8.042127]}, "properties": {"i": 2489, "mun": 25313, "ibge": 2611606, "z": 8, "l": 1180, "nm": "COLEGIO DAS DAMAS DA INSTRUCAO CRISTA", "nm_mun": "RECIFE", "aptos": 6341, "imp": 0}}, {"type": "Feature", "geometry": {"type": "Point", "coordinates": [-34.901762, -8.034726]}, "properties": {"i": 2490, "mun": 25313, "ibge": 2611606, "z": 8, "l": 1201, "nm": "CBV - JAQUEIRA", "nm_mun": "RECIFE", "aptos": 3563, "imp": 0}}, {"type": "Feature", "geometry": {"type": "Point", "coordinates": [-34.899294, -8.059156]}, "properties": {"i": 2491, "mun": 25313, "ibge": 2611606, "z": 8, "l": 1236, "nm": "COLEGIO DA POLICIA MILITAR", "nm_mun": "RECIFE", "aptos": 1984, "imp": 0}}, {"type": "Feature", "geometry": {"type": "Point", "coordinates": [-34.902349, -8.04304]}, "properties": {"i": 2492, "mun": 25313, "ibge": 2611606, "z": 8, "l": 1279, "nm": "COLEGIO MARISTA SAO LUÍS", "nm_mun": "RECIFE", "aptos": 8332, "imp": 0}}, {"type": "Feature", "geometry": {"type": "Point", "coordinates": [-34.888399, -8.040919]}, "properties": {"i": 2493, "mun": 25313, "ibge": 2611606, "z": 8, "l": 1350, "nm": "ESCOLA DOM HELDER CAMARA", "nm_mun": "RECIFE", "aptos": 1315, "imp": 0}}, {"type": "Feature", "geometry": {"type": "Point", "coordinates": [-34.896424, -8.052777]}, "properties": {"i": 2494, "mun": 25313, "ibge": 2611606, "z": 8, "l": 1368, "nm": "ESCOLA GOVERNADOR BARBOSA LIMA", "nm_mun": "RECIFE", "aptos": 734, "imp": 0}}, {"type": "Feature", "geometry": {"type": "Point", "coordinates": [-34.901577, -8.036688]}, "properties": {"i": 2495, "mun": 25313, "ibge": 2611606, "z": 8, "l": 1376, "nm": "EDUCANDARIO NOSSA SENHORA DE LOURDES", "nm_mun": "RECIFE", "aptos": 3182, "imp": 0}}, {"type": "Feature", "geometry": {"type": "Point", "coordinates": [-34.897834, -8.029101]}, "properties": {"i": 2496, "mun": 25313, "ibge": 2611606, "z": 8, "l": 1384, "nm": "COLEGIO ANGLO LÍDER", "nm_mun": "RECIFE", "aptos": 2768, "imp": 0}}, {"type": "Feature", "geometry": {"type": "Point", "coordinates": [-34.898402, -8.03407]}, "properties": {"i": 2497, "mun": 25313, "ibge": 2611606, "z": 8, "l": 1392, "nm": "ESCOLA ESTADUAL REGUEIRA COSTA", "nm_mun": "RECIFE", "aptos": 3573, "imp": 0}}, {"type": "Feature", "geometry": {"type": "Point", "coordinates": [-34.900826, -8.047088]}, "properties": {"i": 2498, "mun": 25313, "ibge": 2611606, "z": 8, "l": 1473, "nm": "COLÉGIO PRESBITERIANO MACKENZIE AGNES", "nm_mun": "RECIFE", "aptos": 5973, "imp": 0}}, {"type": "Feature", "geometry": {"type": "Point", "coordinates": [-34.900431, -8.023615]}, "properties": {"i": 2499, "mun": 25313, "ibge": 2611606, "z": 8, "l": 1520, "nm": "ESCOLA MUNICIPAL DA MANGABEIRA", "nm_mun": "RECIFE", "aptos": 1226, "imp": 0}}, {"type": "Feature", "geometry": {"type": "Point", "coordinates": [-34.892651, -8.021328]}, "properties": {"i": 2500, "mun": 25313, "ibge": 2611606, "z": 8, "l": 1538, "nm": "ESCOLA PROFESSOR ALFREDO FREYRE", "nm_mun": "RECIFE", "aptos": 7279, "imp": 0}}, {"type": "Feature", "geometry": {"type": "Point", "coordinates": [-34.890399, -8.027612]}, "properties": {"i": 2501, "mun": 25313, "ibge": 2611606, "z": 8, "l": 1554, "nm": "COLÉGIO MODELO", "nm_mun": "RECIFE", "aptos": 1880, "imp": 0}}, {"type": "Feature", "geometry": {"type": "Point", "coordinates": [-34.908868, -8.022015]}, "properties": {"i": 2502, "mun": 25313, "ibge": 2611606, "z": 8, "l": 1562, "nm": "ESCOLA MUNICIPAL SANTA MARIA", "nm_mun": "RECIFE", "aptos": 3542, "imp": 0}}, {"type": "Feature", "geometry": {"type": "Point", "coordinates": [-34.912873, -8.032245]}, "properties": {"i": 2503, "mun": 25313, "ibge": 2611606, "z": 8, "l": 1570, "nm": "ESCOLA ESTADUAL JOSÉ VILELA", "nm_mun": "RECIFE", "aptos": 3471, "imp": 0}}, {"type": "Feature", "geometry": {"type": "Point", "coordinates": [-34.900612, -8.0287]}, "properties": {"i": 2504, "mun": 25313, "ibge": 2611606, "z": 8, "l": 1589, "nm": "ESCOLA MUNICIPAL SEVERINA LIRA", "nm_mun": "RECIFE", "aptos": 1032, "imp": 0}}, {"type": "Feature", "geometry": {"type": "Point", "coordinates": [-34.905267, -8.02592]}, "properties": {"i": 2505, "mun": 25313, "ibge": 2611606, "z": 8, "l": 1597, "nm": "SESC", "nm_mun": "RECIFE", "aptos": 3255, "imp": 0}}, {"type": "Feature", "geometry": {"type": "Point", "coordinates": [-34.906035, -8.02957]}, "properties": {"i": 2506, "mun": 25313, "ibge": 2611606, "z": 8, "l": 1600, "nm": "ESCOLA MOTA E ALBUQUERQUE", "nm_mun": "RECIFE", "aptos": 2114, "imp": 0}}, {"type": "Feature", "geometry": {"type": "Point", "coordinates": [-34.908963, -8.021828]}, "properties": {"i": 2507, "mun": 25313, "ibge": 2611606, "z": 8, "l": 1619, "nm": "CENTRO SOCIAL DOM JOÃO COSTA", "nm_mun": "RECIFE", "aptos": 1967, "imp": 0}}, {"type": "Feature", "geometry": {"type": "Point", "coordinates": [-34.911783, -8.032497]}, "properties": {"i": 2508, "mun": 25313, "ibge": 2611606, "z": 8, "l": 1627, "nm": "COLÉGIO GGE - PARNAMIRIM", "nm_mun": "RECIFE", "aptos": 2383, "imp": 0}}, {"type": "Feature", "geometry": {"type": "Point", "coordinates": [-34.893138, -8.032183]}, "properties": {"i": 2509, "mun": 25313, "ibge": 2611606, "z": 8, "l": 1635, "nm": "CLUBE ESPORTIVO SOBRE RODAS", "nm_mun": "RECIFE", "aptos": 1055, "imp": 0}}, {"type": "Feature", "geometry": {"type": "Point", "coordinates": [-34.891955, -8.021647]}, "properties": {"i": 2510, "mun": 25313, "ibge": 2611606, "z": 8, "l": 1643, "nm": "COLÉGIO ADVENTISTA DO ARRUDA", "nm_mun": "RECIFE", "aptos": 7108, "imp": 0}}, {"type": "Feature", "geometry": {"type": "Point", "coordinates": [-34.897588, -8.027338]}, "properties": {"i": 2511, "mun": 25313, "ibge": 2611606, "z": 8, "l": 1651, "nm": "DNOCS", "nm_mun": "RECIFE", "aptos": 3654, "imp": 0}}, {"type": "Feature", "geometry": {"type": "Point", "coordinates": [-34.893091, -8.026489]}, "properties": {"i": 2512, "mun": 25313, "ibge": 2611606, "z": 8, "l": 1660, "nm": "SANTA CRUZ FUTEBOL CLUBE", "nm_mun": "RECIFE", "aptos": 3686, "imp": 0}}, {"type": "Feature", "geometry": {"type": "Point", "coordinates": [-34.907384, -8.021929]}, "properties": {"i": 2513, "mun": 25313, "ibge": 2611606, "z": 8, "l": 1678, "nm": "ESCOLA DONA MARIA TERESA CORREIA", "nm_mun": "RECIFE", "aptos": 3952, "imp": 0}}, {"type": "Feature", "geometry": {"type": "Point", "coordinates": [-34.88918, -8.022516]}, "properties": {"i": 2514, "mun": 25313, "ibge": 2611606, "z": 8, "l": 1732, "nm": "PARÓQUIA DE SANTO ANTONIO ÁGUA FRIA/ARRUDA", "nm_mun": "RECIFE", "aptos": 1301, "imp": 0}}, {"type": "Feature", "geometry": {"type": "Point", "coordinates": [-34.888488, -8.042552]}, "properties": {"i": 2515, "mun": 25313, "ibge": 2611606, "z": 8, "l": 1740, "nm": "COLÉGIO TERCEIRO MILÊNIO", "nm_mun": "RECIFE", "aptos": 3243, "imp": 0}}, {"type": "Feature", "geometry": {"type": "Point", "coordinates": [-34.888496, -8.025244]}, "properties": {"i": 2516, "mun": 25313, "ibge": 2611606, "z": 8, "l": 1759, "nm": "COLÉGIO TRIUNFO", "nm_mun": "RECIFE", "aptos": 1570, "imp": 0}}, {"type": "Feature", "geometry": {"type": "Point", "coordinates": [-34.889169, -8.018371]}, "properties": {"i": 2517, "mun": 25313, "ibge": 2611606, "z": 9, "l": 1015, "nm": "ESCOLA MUNICIPAL POETA SOLANO TRINDADE", "nm_mun": "RECIFE", "aptos": 2131, "imp": 0}}, {"type": "Feature", "geometry": {"type": "Point", "coordinates": [-34.903827, -8.020766]}, "properties": {"i": 2518, "mun": 25313, "ibge": 2611606, "z": 9, "l": 1023, "nm": "EREM PROF. MARDÔNIO DE ANDRADE DE LIMA COELHO", "nm_mun": "RECIFE", "aptos": 6575, "imp": 0}}, {"type": "Feature", "geometry": {"type": "Point", "coordinates": [-34.902074, -8.015376]}, "properties": {"i": 2519, "mun": 25313, "ibge": 2611606, "z": 9, "l": 1058, "nm": "ESCOLA ROTARY DO ALTO DO PASCOAL", "nm_mun": "RECIFE", "aptos": 5517, "imp": 0}}, {"type": "Feature", "geometry": {"type": "Point", "coordinates": [-34.901507, -8.010576]}, "properties": {"i": 2520, "mun": 25313, "ibge": 2611606, "z": 9, "l": 1066, "nm": "ESCOLA ESTADUAL ROSA MAGALHAES MELO", "nm_mun": "RECIFE", "aptos": 4072, "imp": 0}}, {"type": "Feature", "geometry": {"type": "Point", "coordinates": [-34.909839, -8.019083]}, "properties": {"i": 2521, "mun": 25313, "ibge": 2611606, "z": 9, "l": 1120, "nm": "ESCOLA ESTADUAL ANA MALTA DA COSTA AZEVEDO", "nm_mun": "RECIFE", "aptos": 1938, "imp": 0}}, {"type": "Feature", "geometry": {"type": "Point", "coordinates": [-34.890929, -8.01573]}, "properties": {"i": 2522, "mun": 25313, "ibge": 2611606, "z": 9, "l": 1236, "nm": "ESCOLA ESTADUAL PROF. PEDRO AUGUSTO CARNEIRO LEAO", "nm_mun": "RECIFE", "aptos": 4598, "imp": 0}}, {"type": "Feature", "geometry": {"type": "Point", "coordinates": [-34.888956, -8.018551]}, "properties": {"i": 2523, "mun": 25313, "ibge": 2611606, "z": 9, "l": 1325, "nm": "ESCOLA MUNICIPAL ANTONIO HERACLIO DO REGO", "nm_mun": "RECIFE", "aptos": 3333, "imp": 0}}, {"type": "Feature", "geometry": {"type": "Point", "coordinates": [-34.90447, -8.011995]}, "properties": {"i": 2524, "mun": 25313, "ibge": 2611606, "z": 9, "l": 1392, "nm": "ESCOLA MUNICIPAL SAO JOAO BATISTA", "nm_mun": "RECIFE", "aptos": 1926, "imp": 0}}, {"type": "Feature", "geometry": {"type": "Point", "coordinates": [-34.895393, -8.023534]}, "properties": {"i": 2525, "mun": 25313, "ibge": 2611606, "z": 9, "l": 1414, "nm": "ESCOLA ESTADUAL SAO FRANCISCO DE ASSIS", "nm_mun": "RECIFE", "aptos": 2382, "imp": 0}}, {"type": "Feature", "geometry": {"type": "Point", "coordinates": [-34.90361, -8.013963]}, "properties": {"i": 2526, "mun": 25313, "ibge": 2611606, "z": 9, "l": 1465, "nm": "ESCOLA ESTADUAL GABRIELA MISTRAL", "nm_mun": "RECIFE", "aptos": 2757, "imp": 0}}, {"type": "Feature", "geometry": {"type": "Point", "coordinates": [-34.909086, -8.017714]}, "properties": {"i": 2527, "mun": 25313, "ibge": 2611606, "z": 9, "l": 1490, "nm": "ESCOLA MUNICIPAL MANOEL ANTONIO DE FREITAS", "nm_mun": "RECIFE", "aptos": 871, "imp": 0}}, {"type": "Feature", "geometry": {"type": "Point", "coordinates": [-34.89155, -8.018344]}, "properties": {"i": 2528, "mun": 25313, "ibge": 2611606, "z": 9, "l": 1511, "nm": "COLEGIO MOVIMENTO- ANTIGO HORIZONTE", "nm_mun": "RECIFE", "aptos": 2359, "imp": 0}}, {"type": "Feature", "geometry": {"type": "Point", "coordinates": [-34.895814, -8.00757]}, "properties": {"i": 2529, "mun": 25313, "ibge": 2611606, "z": 9, "l": 1520, "nm": "CLUBE ASSISTENCIAL ESPORTIVO BELA VISTA", "nm_mun": "RECIFE", "aptos": 3383, "imp": 0}}, {"type": "Feature", "geometry": {"type": "Point", "coordinates": [-34.896031, -8.017965]}, "properties": {"i": 2530, "mun": 25313, "ibge": 2611606, "z": 9, "l": 1546, "nm": "ESCOLA MUNICIPAL ANA MAURÍCIA WANDERLEY", "nm_mun": "RECIFE", "aptos": 1717, "imp": 0}}, {"type": "Feature", "geometry": {"type": "Point", "coordinates": [-34.904378, -8.00745]}, "properties": {"i": 2531, "mun": 25313, "ibge": 2611606, "z": 9, "l": 1589, "nm": "ESCOLA MUNICIPAL PROFESSOR RICARDO GAMA", "nm_mun": "RECIFE", "aptos": 4056, "imp": 0}}, {"type": "Feature", "geometry": {"type": "Point", "coordinates": [-34.913344, -8.012298]}, "properties": {"i": 2532, "mun": 25313, "ibge": 2611606, "z": 9, "l": 1597, "nm": "ESCOLA ESTADUAL CAIO PEREIRA", "nm_mun": "RECIFE", "aptos": 4362, "imp": 0}}, {"type": "Feature", "geometry": {"type": "Point", "coordinates": [-34.898226, -8.005187]}, "properties": {"i": 2533, "mun": 25313, "ibge": 2611606, "z": 9, "l": 1600, "nm": "ESCOLA ESTADUAL DOUTOR FABIO CORREIA", "nm_mun": "RECIFE", "aptos": 4323, "imp": 0}}, {"type": "Feature", "geometry": {"type": "Point", "coordinates": [-34.890364, -8.007408]}, "properties": {"i": 2534, "mun": 25313, "ibge": 2611606, "z": 9, "l": 1619, "nm": "INVEST CENTRO EDUCACIONAL", "nm_mun": "RECIFE", "aptos": 5492, "imp": 0}}, {"type": "Feature", "geometry": {"type": "Point", "coordinates": [-34.898403, -8.00352]}, "properties": {"i": 2535, "mun": 25313, "ibge": 2611606, "z": 9, "l": 1627, "nm": "ESCOLA ESTADUAL PEDRO CELSO", "nm_mun": "RECIFE", "aptos": 8503, "imp": 0}}, {"type": "Feature", "geometry": {"type": "Point", "coordinates": [-34.916865, -7.989306]}, "properties": {"i": 2536, "mun": 25313, "ibge": 2611606, "z": 9, "l": 1643, "nm": "ESCOLA ESTADUAL PROFESSOR JOSE DOS ANJOS", "nm_mun": "RECIFE", "aptos": 4392, "imp": 0}}, {"type": "Feature", "geometry": {"type": "Point", "coordinates": [-34.908879, -8.01214]}, "properties": {"i": 2537, "mun": 25313, "ibge": 2611606, "z": 9, "l": 1651, "nm": "ESCOLA MUNICIPAL PASTOR PAULO LEIVAS MACALAO", "nm_mun": "RECIFE", "aptos": 2347, "imp": 0}}, {"type": "Feature", "geometry": {"type": "Point", "coordinates": [-34.91133, -7.994469]}, "properties": {"i": 2538, "mun": 25313, "ibge": 2611606, "z": 9, "l": 1660, "nm": "ESCOLA ESTADUAL DR. FRANCISCO PESSOA DE QUEIROZ", "nm_mun": "RECIFE", "aptos": 4367, "imp": 0}}, {"type": "Feature", "geometry": {"type": "Point", "coordinates": [-34.904655, -8.007678]}, "properties": {"i": 2539, "mun": 25313, "ibge": 2611606, "z": 9, "l": 1678, "nm": "ESCOLA MUNICIPAL PAULO VI", "nm_mun": "RECIFE", "aptos": 5474, "imp": 0}}, {"type": "Feature", "geometry": {"type": "Point", "coordinates": [-34.917714, -7.980366]}, "properties": {"i": 2540, "mun": 25313, "ibge": 2611606, "z": 9, "l": 1686, "nm": "ESCOLA MUNICIPAL MARLUCE SANTIAGO DA SILVA", "nm_mun": "RECIFE", "aptos": 2845, "imp": 0}}, {"type": "Feature", "geometry": {"type": "Point", "coordinates": [-34.919524, -8.008363]}, "properties": {"i": 2541, "mun": 25313, "ibge": 2611606, "z": 9, "l": 1694, "nm": "ESCOLA MUNICIPAL DOM JOSÉ LAMARTINE SOARES", "nm_mun": "RECIFE", "aptos": 2377, "imp": 0}}, {"type": "Feature", "geometry": {"type": "Point", "coordinates": [-34.916395, -8.010278]}, "properties": {"i": 2542, "mun": 25313, "ibge": 2611606, "z": 9, "l": 1708, "nm": "ESCOLA MUNICIPAL OTÁVIO DE MEIRA LINS", "nm_mun": "RECIFE", "aptos": 2787, "imp": 0}}, {"type": "Feature", "geometry": {"type": "Point", "coordinates": [-34.899446, -8.004378]}, "properties": {"i": 2543, "mun": 25313, "ibge": 2611606, "z": 9, "l": 1724, "nm": "EREM DE BEBERIBE", "nm_mun": "RECIFE", "aptos": 5938, "imp": 0}}, {"type": "Feature", "geometry": {"type": "Point", "coordinates": [-34.898227, -8.004606]}, "properties": {"i": 2544, "mun": 25313, "ibge": 2611606, "z": 9, "l": 1732, "nm": "ESCOLA MUNICIPAL MONSENHOR VIANA", "nm_mun": "RECIFE", "aptos": 2143, "imp": 0}}, {"type": "Feature", "geometry": {"type": "Point", "coordinates": [-34.906197, -8.002735]}, "properties": {"i": 2545, "mun": 25313, "ibge": 2611606, "z": 9, "l": 1740, "nm": "ESCOLA MUNICIPAL OLINDINA MONTEIRO DE OLIVEIRA FRANCA", "nm_mun": "RECIFE", "aptos": 2376, "imp": 0}}, {"type": "Feature", "geometry": {"type": "Point", "coordinates": [-34.907706, -8.00798]}, "properties": {"i": 2546, "mun": 25313, "ibge": 2611606, "z": 9, "l": 1759, "nm": "EREM PADRE NERCIO RODRIGUES", "nm_mun": "RECIFE", "aptos": 3097, "imp": 0}}, {"type": "Feature", "geometry": {"type": "Point", "coordinates": [-34.909176, -8.012229]}, "properties": {"i": 2547, "mun": 25313, "ibge": 2611606, "z": 9, "l": 1767, "nm": "ASSOCIAÇÃO CENTRO EDUCACIONAL MAGNO DELAMADRI - ANTIGO CEMA", "nm_mun": "RECIFE", "aptos": 781, "imp": 0}}, {"type": "Feature", "geometry": {"type": "Point", "coordinates": [-34.902523, -8.010486]}, "properties": {"i": 2548, "mun": 25313, "ibge": 2611606, "z": 9, "l": 1775, "nm": "COMPAZ - GOVERNADOR EDUARDO CAMPOS", "nm_mun": "RECIFE", "aptos": 581, "imp": 0}}, {"type": "Feature", "geometry": {"type": "Point", "coordinates": [-34.970907, -8.022813]}, "properties": {"i": 2549, "mun": 25313, "ibge": 2611606, "z": 9, "l": 1783, "nm": "ESCOLA COMANDANTE LUIZ GOMES - ANTIGA ESCOLA IRMÃ MAGNA", "nm_mun": "RECIFE", "aptos": 3573, "imp": 1}}, {"type": "Feature", "geometry": {"type": "Point", "coordinates": [-34.934811, -8.093328]}, "properties": {"i": 2550, "mun": 25313, "ibge": 2611606, "z": 9, "l": 1791, "nm": "ESCOLA MUNICIPAL DE BEBERIBE - ANTIGA ZULEIDE GOMES", "nm_mun": "RECIFE", "aptos": 1679, "imp": 1}}, {"type": "Feature", "geometry": {"type": "Point", "coordinates": [-34.906872, -8.132058]}, "properties": {"i": 2551, "mun": 25313, "ibge": 2611606, "z": 149, "l": 1015, "nm": "CENTRO INTERESCOLAR SANTOS DUMONT", "nm_mun": "RECIFE", "aptos": 7891, "imp": 0}}, {"type": "Feature", "geometry": {"type": "Point", "coordinates": [-34.914343, -8.136154]}, "properties": {"i": 2552, "mun": 25313, "ibge": 2611606, "z": 149, "l": 1023, "nm": "ESCOLA ESTADUAL PROFESSOR FERNANDO MOTA", "nm_mun": "RECIFE", "aptos": 3320, "imp": 0}}, {"type": "Feature", "geometry": {"type": "Point", "coordinates": [-34.906625, -8.132032]}, "properties": {"i": 2553, "mun": 25313, "ibge": 2611606, "z": 149, "l": 1040, "nm": "ESCOLA ESTADUAL BRIGADEIRO EDUARDO GOMES", "nm_mun": "RECIFE", "aptos": 6385, "imp": 0}}, {"type": "Feature", "geometry": {"type": "Point", "coordinates": [-34.914888, -8.132613]}, "properties": {"i": 2554, "mun": 25313, "ibge": 2611606, "z": 149, "l": 1058, "nm": "COLÉGIO MARIA TEREZA", "nm_mun": "RECIFE", "aptos": 4895, "imp": 0}}, {"type": "Feature", "geometry": {"type": "Point", "coordinates": [-34.915074, -8.14349]}, "properties": {"i": 2555, "mun": 25313, "ibge": 2611606, "z": 149, "l": 1074, "nm": "ELITE (ANTIGO COLÉGIO DOURADO)", "nm_mun": "RECIFE", "aptos": 4280, "imp": 0}}, {"type": "Feature", "geometry": {"type": "Point", "coordinates": [-34.907564, -8.128695]}, "properties": {"i": 2556, "mun": 25313, "ibge": 2611606, "z": 149, "l": 1198, "nm": "ESCOLA TÉCNICA ESTADUAL CÍCERO DIAS", "nm_mun": "RECIFE", "aptos": 3093, "imp": 0}}, {"type": "Feature", "geometry": {"type": "Point", "coordinates": [-34.903919, -8.122252]}, "properties": {"i": 2557, "mun": 25313, "ibge": 2611606, "z": 149, "l": 1201, "nm": "ACADEMIA CRISTÃ DE BOA VIAGEM", "nm_mun": "RECIFE", "aptos": 3937, "imp": 0}}, {"type": "Feature", "geometry": {"type": "Point", "coordinates": [-34.906032, -8.136026]}, "properties": {"i": 2558, "mun": 25313, "ibge": 2611606, "z": 149, "l": 1210, "nm": "ESCOLA AMERICANA DO RECIFE", "nm_mun": "RECIFE", "aptos": 7547, "imp": 0}}, {"type": "Feature", "geometry": {"type": "Point", "coordinates": [-34.912966, -8.14148]}, "properties": {"i": 2559, "mun": 25313, "ibge": 2611606, "z": 149, "l": 1244, "nm": "COLÉGIO GRANDE PASSO", "nm_mun": "RECIFE", "aptos": 2374, "imp": 0}}, {"type": "Feature", "geometry": {"type": "Point", "coordinates": [-34.912066, -8.133765]}, "properties": {"i": 2560, "mun": 25313, "ibge": 2611606, "z": 149, "l": 1279, "nm": "COLÉGIO CRISTÃO DO RECIFE", "nm_mun": "RECIFE", "aptos": 561, "imp": 0}}, {"type": "Feature", "geometry": {"type": "Point", "coordinates": [-34.907799, -8.123546]}, "properties": {"i": 2561, "mun": 25313, "ibge": 2611606, "z": 149, "l": 1287, "nm": "UNINASSAU - UNIDADE BOA VIAGEM", "nm_mun": "RECIFE", "aptos": 7043, "imp": 0}}, {"type": "Feature", "geometry": {"type": "Point", "coordinates": [-34.904588, -8.135198]}, "properties": {"i": 2562, "mun": 25313, "ibge": 2611606, "z": 149, "l": 1295, "nm": "COLÉGIO ELO", "nm_mun": "RECIFE", "aptos": 1578, "imp": 0}}, {"type": "Feature", "geometry": {"type": "Point", "coordinates": [-34.939411, -8.116032]}, "properties": {"i": 2563, "mun": 25313, "ibge": 2611606, "z": 149, "l": 1309, "nm": "INSTITUTO SANTA RITA DE CÁSSIA", "nm_mun": "RECIFE", "aptos": 549, "imp": 0}}, {"type": "Feature", "geometry": {"type": "Point", "coordinates": [-34.935751, -8.125344]}, "properties": {"i": 2564, "mun": 25313, "ibge": 2611606, "z": 149, "l": 1317, "nm": "ESCOLA MAESTRO NELSON FERREIRA", "nm_mun": "RECIFE", "aptos": 517, "imp": 0}}, {"type": "Feature", "geometry": {"type": "Point", "coordinates": [-34.939899, -8.115225]}, "properties": {"i": 2565, "mun": 25313, "ibge": 2611606, "z": 149, "l": 1325, "nm": "ESCOLA MUNICIPAL SIMOES BARBOSA", "nm_mun": "RECIFE", "aptos": 2770, "imp": 0}}, {"type": "Feature", "geometry": {"type": "Point", "coordinates": [-34.944588, -8.127042]}, "properties": {"i": 2566, "mun": 25313, "ibge": 2611606, "z": 149, "l": 1333, "nm": "ESCOLA MUNICIPAL DE  DOIS RIOS", "nm_mun": "RECIFE", "aptos": 2489, "imp": 0}}, {"type": "Feature", "geometry": {"type": "Point", "coordinates": [-34.940299, -8.135202]}, "properties": {"i": 2567, "mun": 25313, "ibge": 2611606, "z": 149, "l": 1341, "nm": "ESCOLA MUNICIPAL PROF. ENALDO MANOEL DE SOUZA", "nm_mun": "RECIFE", "aptos": 1137, "imp": 0}}, {"type": "Feature", "geometry": {"type": "Point", "coordinates": [-34.928782, -8.139391]}, "properties": {"i": 2568, "mun": 25313, "ibge": 2611606, "z": 149, "l": 1350, "nm": "ESCOLA MUNICIPAL PASTOR MUNGUBA SOBRINHO", "nm_mun": "RECIFE", "aptos": 1556, "imp": 0}}, {"type": "Feature", "geometry": {"type": "Point", "coordinates": [-34.936624, -8.136594]}, "properties": {"i": 2569, "mun": 25313, "ibge": 2611606, "z": 149, "l": 1376, "nm": "ESCOLA ROBERTO SILVEIRA", "nm_mun": "RECIFE", "aptos": 1976, "imp": 0}}, {"type": "Feature", "geometry": {"type": "Point", "coordinates": [-34.938688, -8.129863]}, "properties": {"i": 2570, "mun": 25313, "ibge": 2611606, "z": 149, "l": 1384, "nm": "ESCOLA MUNICIPAL DEPUTADO EDSON CANTARELLI", "nm_mun": "RECIFE", "aptos": 1984, "imp": 0}}, {"type": "Feature", "geometry": {"type": "Point", "coordinates": [-34.937175, -8.110195]}, "properties": {"i": 2571, "mun": 25313, "ibge": 2611606, "z": 149, "l": 1392, "nm": "SESI - SERVICO SOCIAL DA INDUSTRIA", "nm_mun": "RECIFE", "aptos": 5834, "imp": 0}}, {"type": "Feature", "geometry": {"type": "Point", "coordinates": [-34.942587, -8.114803]}, "properties": {"i": 2572, "mun": 25313, "ibge": 2611606, "z": 149, "l": 1406, "nm": "ESCOLA MUNICIPAL IBURA DE BAIXO", "nm_mun": "RECIFE", "aptos": 2112, "imp": 0}}, {"type": "Feature", "geometry": {"type": "Point", "coordinates": [-34.935088, -8.112531]}, "properties": {"i": 2573, "mun": 25313, "ibge": 2611606, "z": 149, "l": 1414, "nm": "CRECHE SONHO DE CRIANCA", "nm_mun": "RECIFE", "aptos": 996, "imp": 0}}, {"type": "Feature", "geometry": {"type": "Point", "coordinates": [-34.935595, -8.133716]}, "properties": {"i": 2574, "mun": 25313, "ibge": 2611606, "z": 149, "l": 1422, "nm": "ESCOLA JORNALISTA COSTA PORTO", "nm_mun": "RECIFE", "aptos": 5930, "imp": 0}}, {"type": "Feature", "geometry": {"type": "Point", "coordinates": [-34.938352, -8.135998]}, "properties": {"i": 2575, "mun": 25313, "ibge": 2611606, "z": 149, "l": 1430, "nm": "ESCOLA MARIA RITA DA SILVA LESSA", "nm_mun": "RECIFE", "aptos": 3118, "imp": 0}}, {"type": "Feature", "geometry": {"type": "Point", "coordinates": [-34.941377, -8.137168]}, "properties": {"i": 2576, "mun": 25313, "ibge": 2611606, "z": 149, "l": 1449, "nm": "ESCOLA MUNICIPAL FERNANDO SANTA CRUZ", "nm_mun": "RECIFE", "aptos": 590, "imp": 0}}, {"type": "Feature", "geometry": {"type": "Point", "coordinates": [-34.938045, -8.131315]}, "properties": {"i": 2577, "mun": 25313, "ibge": 2611606, "z": 149, "l": 1457, "nm": "ESCOLA MUNICIPAL PINTOR LULA CARDOSO AYRES", "nm_mun": "RECIFE", "aptos": 1977, "imp": 0}}, {"type": "Feature", "geometry": {"type": "Point", "coordinates": [-34.942437, -8.115594]}, "properties": {"i": 2578, "mun": 25313, "ibge": 2611606, "z": 149, "l": 1465, "nm": "ESCOLA MUNICIPAL FLORESTAN FERNANDES", "nm_mun": "RECIFE", "aptos": 3952, "imp": 0}}, {"type": "Feature", "geometry": {"type": "Point", "coordinates": [-34.936242, -8.124358]}, "properties": {"i": 2579, "mun": 25313, "ibge": 2611606, "z": 149, "l": 1473, "nm": "ESCOLA MUNICIPAL VILA OPERÁRIA RECIFE", "nm_mun": "RECIFE", "aptos": 2370, "imp": 0}}, {"type": "Feature", "geometry": {"type": "Point", "coordinates": [-34.93285, -8.109921]}, "properties": {"i": 2580, "mun": 25313, "ibge": 2611606, "z": 149, "l": 1481, "nm": "ESCOLA APOLONIO SALES", "nm_mun": "RECIFE", "aptos": 5437, "imp": 0}}, {"type": "Feature", "geometry": {"type": "Point", "coordinates": [-34.941362, -8.134209]}, "properties": {"i": 2581, "mun": 25313, "ibge": 2611606, "z": 149, "l": 1490, "nm": "ESCOLA ENEIDA RABELO", "nm_mun": "RECIFE", "aptos": 5129, "imp": 0}}, {"type": "Feature", "geometry": {"type": "Point", "coordinates": [-34.94484, -8.135293]}, "properties": {"i": 2582, "mun": 25313, "ibge": 2611606, "z": 149, "l": 1503, "nm": "ESCOLA MUNICIPAL PROFESSOR ADAUTO PONTES", "nm_mun": "RECIFE", "aptos": 1972, "imp": 0}}, {"type": "Feature", "geometry": {"type": "Point", "coordinates": [-34.928924, -8.139021]}, "properties": {"i": 2583, "mun": 25313, "ibge": 2611606, "z": 149, "l": 1511, "nm": "ESCOLA MUNICIPAL DO JORDAO", "nm_mun": "RECIFE", "aptos": 784, "imp": 0}}, {"type": "Feature", "geometry": {"type": "Point", "coordinates": [-34.929269, -8.0153]}, "properties": {"i": 2584, "mun": 25313, "ibge": 2611606, "z": 149, "l": 1546, "nm": "ESCOLA CECÍLIA MEIRELES", "nm_mun": "RECIFE", "aptos": 380, "imp": 0}}, {"type": "Feature", "geometry": {"type": "Point", "coordinates": [-34.941935, -8.123265]}, "properties": {"i": 2585, "mun": 25313, "ibge": 2611606, "z": 149, "l": 1554, "nm": "ESCOLA MUNICIPAL PROFESSOR JOSÉ LOURENÇO", "nm_mun": "RECIFE", "aptos": 299, "imp": 0}}, {"type": "Feature", "geometry": {"type": "Point", "coordinates": [-37.120381, -9.111992]}, "properties": {"i": 2586, "mun": 25313, "ibge": 2611606, "z": 149, "l": 1562, "nm": "ESCOLA MUNICIPAL PROFESSOR MANOEL TORRES", "nm_mun": "RECIFE", "aptos": 24, "imp": 1}}, {"type": "Feature", "geometry": {"type": "Point", "coordinates": [-34.923742, -8.197896]}, "properties": {"i": 2587, "mun": 25313, "ibge": 2611606, "z": 149, "l": 1570, "nm": "ESCOLA MANOEL BORBA (DENTRO DO PARQUE SANTOS DUMONT)", "nm_mun": "RECIFE", "aptos": 145, "imp": 1}}, {"type": "Feature", "geometry": {"type": "Point", "coordinates": [-34.888326, -8.040827]}, "properties": {"i": 2588, "mun": 25313, "ibge": 2611606, "z": 149, "l": 1589, "nm": "ACBV -  NINHO EDUCAÇÃO INFANTIL", "nm_mun": "RECIFE", "aptos": 1175, "imp": 1}}, {"type": "Feature", "geometry": {"type": "Point", "coordinates": [-34.888326, -8.040827]}, "properties": {"i": 2589, "mun": 25313, "ibge": 2611606, "z": 149, "l": 1597, "nm": "ESCOLA PROFESSORA INALDA SPINELLI", "nm_mun": "RECIFE", "aptos": 1870, "imp": 1}}, {"type": "Feature", "geometry": {"type": "Point", "coordinates": [-35.967946, -8.282015]}, "properties": {"i": 2590, "mun": 25313, "ibge": 2611606, "z": 149, "l": 1619, "nm": "ESCOLA MUNICIPAL PAZ E AMOR", "nm_mun": "RECIFE", "aptos": 1138, "imp": 1}}, {"type": "Feature", "geometry": {"type": "Point", "coordinates": [-34.912873, -8.032245]}, "properties": {"i": 2591, "mun": 25313, "ibge": 2611606, "z": 149, "l": 1643, "nm": "ESCOLA MUNICIPAL ABÍLIO GOMES", "nm_mun": "RECIFE", "aptos": 1395, "imp": 1}}, {"type": "Feature", "geometry": {"type": "Point", "coordinates": [-40.511382, -9.391264]}, "properties": {"i": 2592, "mun": 25313, "ibge": 2611606, "z": 149, "l": 1651, "nm": "ESCOLA MUNICIPAL NOSSA SENHORA DA PENHA", "nm_mun": "RECIFE", "aptos": 29, "imp": 1}}, {"type": "Feature", "geometry": {"type": "Point", "coordinates": [-34.940084, -8.054283]}, "properties": {"i": 2593, "mun": 25313, "ibge": 2611606, "z": 150, "l": 1015, "nm": "ESCOLA DIARIO DE PERNAMBUCO", "nm_mun": "RECIFE", "aptos": 6096, "imp": 0}}, {"type": "Feature", "geometry": {"type": "Point", "coordinates": [-34.943851, -8.05625]}, "properties": {"i": 2594, "mun": 25313, "ibge": 2611606, "z": 150, "l": 1031, "nm": "ESCOLA PROFESSOR LEAL DE BARROS", "nm_mun": "RECIFE", "aptos": 4205, "imp": 0}}, {"type": "Feature", "geometry": {"type": "Point", "coordinates": [-34.938008, -8.04114]}, "properties": {"i": 2595, "mun": 25313, "ibge": 2611606, "z": 150, "l": 1066, "nm": "ESCOLA FERNANDES VIEIRA", "nm_mun": "RECIFE", "aptos": 1235, "imp": 0}}, {"type": "Feature", "geometry": {"type": "Point", "coordinates": [-34.926065, -8.048413]}, "properties": {"i": 2596, "mun": 25313, "ibge": 2611606, "z": 150, "l": 1104, "nm": "ESCOLA JORNALISTA TRAJANO CHACON", "nm_mun": "RECIFE", "aptos": 5092, "imp": 0}}, {"type": "Feature", "geometry": {"type": "Point", "coordinates": [-34.917867, -8.073205]}, "properties": {"i": 2597, "mun": 25313, "ibge": 2611606, "z": 150, "l": 1112, "nm": "COLEGIO PADRE JOSE DE ANCHIETA", "nm_mun": "RECIFE", "aptos": 3359, "imp": 0}}, {"type": "Feature", "geometry": {"type": "Point", "coordinates": [-34.917003, -8.066092]}, "properties": {"i": 2598, "mun": 25313, "ibge": 2611606, "z": 150, "l": 1120, "nm": "ESCOLA OTHON PARAISO", "nm_mun": "RECIFE", "aptos": 5162, "imp": 0}}, {"type": "Feature", "geometry": {"type": "Point", "coordinates": [-34.923829, -8.061873]}, "properties": {"i": 2599, "mun": 25313, "ibge": 2611606, "z": 150, "l": 1139, "nm": "ESCOLA DOM BOSCO", "nm_mun": "RECIFE", "aptos": 3829, "imp": 0}}, {"type": "Feature", "geometry": {"type": "Point", "coordinates": [-34.918004, -8.074021]}, "properties": {"i": 2600, "mun": 25313, "ibge": 2611606, "z": 150, "l": 1147, "nm": "ESCOLA PROFESSOR ANTONIO DE BRITO ALVES", "nm_mun": "RECIFE", "aptos": 3998, "imp": 0}}, {"type": "Feature", "geometry": {"type": "Point", "coordinates": [-34.922905, -8.072558]}, "properties": {"i": 2601, "mun": 25313, "ibge": 2611606, "z": 150, "l": 1155, "nm": "ESCOLA PRESIDENTE ARTUR DA COSTA E SILVA", "nm_mun": "RECIFE", "aptos": 3056, "imp": 0}}, {"type": "Feature", "geometry": {"type": "Point", "coordinates": [-34.927891, -8.067388]}, "properties": {"i": 2602, "mun": 25313, "ibge": 2611606, "z": 150, "l": 1163, "nm": "ESCOLA GENERAL SAN MARTIN", "nm_mun": "RECIFE", "aptos": 3160, "imp": 0}}, {"type": "Feature", "geometry": {"type": "Point", "coordinates": [-34.911502, -8.071544]}, "properties": {"i": 2603, "mun": 25313, "ibge": 2611606, "z": 150, "l": 1180, "nm": "CLUBE SARGENTO WOLF", "nm_mun": "RECIFE", "aptos": 4520, "imp": 0}}, {"type": "Feature", "geometry": {"type": "Point", "coordinates": [-34.939619, -8.049719]}, "properties": {"i": 2604, "mun": 25313, "ibge": 2611606, "z": 150, "l": 1198, "nm": "ESCOLA MUNICIPAL ENGENHO DO MEIO", "nm_mun": "RECIFE", "aptos": 2019, "imp": 0}}, {"type": "Feature", "geometry": {"type": "Point", "coordinates": [-34.937988, -8.060587]}, "properties": {"i": 2605, "mun": 25313, "ibge": 2611606, "z": 150, "l": 1201, "nm": "ESCOLA PINTOR LAURO VILLARES", "nm_mun": "RECIFE", "aptos": 3343, "imp": 0}}, {"type": "Feature", "geometry": {"type": "Point", "coordinates": [-34.941462, -8.054003]}, "properties": {"i": 2606, "mun": 25313, "ibge": 2611606, "z": 150, "l": 1210, "nm": "ASSOCIAÇÃO DOS SERVIDORES CLUBE DA SUDENE", "nm_mun": "RECIFE", "aptos": 3703, "imp": 0}}, {"type": "Feature", "geometry": {"type": "Point", "coordinates": [-34.917078, -8.07435]}, "properties": {"i": 2607, "mun": 25313, "ibge": 2611606, "z": 150, "l": 1244, "nm": "EDUCANDÁRIO SANTA TERESINHA", "nm_mun": "RECIFE", "aptos": 1952, "imp": 0}}, {"type": "Feature", "geometry": {"type": "Point", "coordinates": [-34.921293, -8.074751]}, "properties": {"i": 2608, "mun": 25313, "ibge": 2611606, "z": 150, "l": 1252, "nm": "CRECHE MUNICIPAL DA MANGUEIRA", "nm_mun": "RECIFE", "aptos": 1019, "imp": 0}}, {"type": "Feature", "geometry": {"type": "Point", "coordinates": [-34.927968, -8.053206]}, "properties": {"i": 2609, "mun": 25313, "ibge": 2611606, "z": 150, "l": 1287, "nm": "COLÉGIO ANGLO LÍDER", "nm_mun": "RECIFE", "aptos": 4767, "imp": 0}}, {"type": "Feature", "geometry": {"type": "Point", "coordinates": [-34.942633, -8.051461]}, "properties": {"i": 2610, "mun": 25313, "ibge": 2611606, "z": 150, "l": 1295, "nm": "ESCOLA SOUZA VERAS", "nm_mun": "RECIFE", "aptos": 1432, "imp": 0}}, {"type": "Feature", "geometry": {"type": "Point", "coordinates": [-34.931925, -8.067775]}, "properties": {"i": 2611, "mun": 25313, "ibge": 2611606, "z": 150, "l": 1325, "nm": "ESCOLA PROFESSORA HELENA PUGÓ", "nm_mun": "RECIFE", "aptos": 8820, "imp": 0}}, {"type": "Feature", "geometry": {"type": "Point", "coordinates": [-34.935612, -8.061474]}, "properties": {"i": 2612, "mun": 25313, "ibge": 2611606, "z": 150, "l": 1350, "nm": "ESCOLA MUNICIPAL CREUSA DE FREITAS CAVALCANTI", "nm_mun": "RECIFE", "aptos": 958, "imp": 0}}, {"type": "Feature", "geometry": {"type": "Point", "coordinates": [-34.937366, -8.052023]}, "properties": {"i": 2613, "mun": 25313, "ibge": 2611606, "z": 150, "l": 1384, "nm": "ESCOLA PROFESSORA FONTAINHA DE ABREU", "nm_mun": "RECIFE", "aptos": 540, "imp": 0}}, {"type": "Feature", "geometry": {"type": "Point", "coordinates": [-34.925689, -8.072402]}, "properties": {"i": 2614, "mun": 25313, "ibge": 2611606, "z": 150, "l": 1430, "nm": "ESCOLA MUNICIPAL PROFESSOR POTIGUAR MATOS", "nm_mun": "RECIFE", "aptos": 2618, "imp": 0}}, {"type": "Feature", "geometry": {"type": "Point", "coordinates": [-34.914418, -8.078569]}, "properties": {"i": 2615, "mun": 25313, "ibge": 2611606, "z": 150, "l": 1449, "nm": "ESCOLA CARMELA DUTRA", "nm_mun": "RECIFE", "aptos": 2182, "imp": 0}}, {"type": "Feature", "geometry": {"type": "Point", "coordinates": [-34.925852, -8.072324]}, "properties": {"i": 2616, "mun": 25313, "ibge": 2611606, "z": 150, "l": 1465, "nm": "ESCOLA ANTONIO FARIAS FILHO", "nm_mun": "RECIFE", "aptos": 6315, "imp": 0}}, {"type": "Feature", "geometry": {"type": "Point", "coordinates": [-34.904918, -8.079056]}, "properties": {"i": 2617, "mun": 25313, "ibge": 2611606, "z": 150, "l": 1473, "nm": "ESCOLA MUNICIPAL EDITE BRAGA", "nm_mun": "RECIFE", "aptos": 694, "imp": 0}}, {"type": "Feature", "geometry": {"type": "Point", "coordinates": [-34.913771, -8.077181]}, "properties": {"i": 2618, "mun": 25313, "ibge": 2611606, "z": 150, "l": 1481, "nm": "ESCOLA VIDAL DE NEGREIROS", "nm_mun": "RECIFE", "aptos": 4704, "imp": 0}}, {"type": "Feature", "geometry": {"type": "Point", "coordinates": [-34.939949, -8.040194]}, "properties": {"i": 2619, "mun": 25313, "ibge": 2611606, "z": 150, "l": 1503, "nm": "FACULDADE IMACULADA CONCEIÇÃO DO RECIFE", "nm_mun": "RECIFE", "aptos": 4636, "imp": 0}}, {"type": "Feature", "geometry": {"type": "Point", "coordinates": [-34.915328, -8.066612]}, "properties": {"i": 2620, "mun": 25313, "ibge": 2611606, "z": 150, "l": 1511, "nm": "CENTRO MUNICIPAL DA EDUCAÇÃO INFANTIL DO BONGI", "nm_mun": "RECIFE", "aptos": 1069, "imp": 0}}, {"type": "Feature", "geometry": {"type": "Point", "coordinates": [-34.908379, -8.065512]}, "properties": {"i": 2621, "mun": 25313, "ibge": 2611606, "z": 150, "l": 1520, "nm": "ESCOLA MARIA GORETTI", "nm_mun": "RECIFE", "aptos": 2339, "imp": 0}}, {"type": "Feature", "geometry": {"type": "Point", "coordinates": [-34.937318, -8.0595]}, "properties": {"i": 2622, "mun": 25313, "ibge": 2611606, "z": 150, "l": 1538, "nm": "CRECHE ESCOLA RECIFE MIGUEL ARRAES(ATRÁS DA ESC PINTOR LAURO VILLARES)", "nm_mun": "RECIFE", "aptos": 2274, "imp": 0}}, {"type": "Feature", "geometry": {"type": "Point", "coordinates": [-34.923807, -8.061699]}, "properties": {"i": 2623, "mun": 25313, "ibge": 2611606, "z": 150, "l": 1546, "nm": "ESCOLA EDUCADOR PAULO FREIRE", "nm_mun": "RECIFE", "aptos": 2400, "imp": 0}}, {"type": "Feature", "geometry": {"type": "Point", "coordinates": [-34.939705, -8.050553]}, "properties": {"i": 2624, "mun": 25313, "ibge": 2611606, "z": 150, "l": 1554, "nm": "CRECHE MUNICIPAL WALDIR SAVLUCHINSKE", "nm_mun": "RECIFE", "aptos": 1677, "imp": 0}}, {"type": "Feature", "geometry": {"type": "Point", "coordinates": [-34.940862, -8.054302]}, "properties": {"i": 2625, "mun": 25313, "ibge": 2611606, "z": 150, "l": 1562, "nm": "CRECHE MUNICIPAL CEAPE", "nm_mun": "RECIFE", "aptos": 1307, "imp": 0}}, {"type": "Feature", "geometry": {"type": "Point", "coordinates": [-34.961534, -8.082392]}, "properties": {"i": 2626, "mun": 25313, "ibge": 2611606, "z": 150, "l": 1570, "nm": "ESCOLA ARCA DE NOÉ", "nm_mun": "RECIFE", "aptos": 1824, "imp": 1}}, {"type": "Feature", "geometry": {"type": "Point", "coordinates": [-34.886547, -8.009449]}, "properties": {"i": 2627, "mun": 25313, "ibge": 2611606, "z": 150, "l": 1597, "nm": "ESCOLA CHAVE DO SABER", "nm_mun": "RECIFE", "aptos": 907, "imp": 1}}, {"type": "Feature", "geometry": {"type": "Point", "coordinates": [-34.941462, -8.054003]}, "properties": {"i": 2628, "mun": 25313, "ibge": 2611606, "z": 150, "l": 1600, "nm": "CLUBE BATUTAS DE SÃO JOSÉ", "nm_mun": "RECIFE", "aptos": 2535, "imp": 1}}, {"type": "Feature", "geometry": {"type": "Point", "coordinates": [-35.860086, -8.136662]}, "properties": {"i": 2629, "mun": 25330, "ibge": 2611705, "z": 41, "l": 1023, "nm": "ESCOLA MÁRIO DA MOTA LIMEIRA", "nm_mun": "RIACHO DAS ALMAS", "aptos": 2305, "imp": 0}}, {"type": "Feature", "geometry": {"type": "Point", "coordinates": [-35.858986, -8.13766]}, "properties": {"i": 2630, "mun": 25330, "ibge": 2611705, "z": 41, "l": 1031, "nm": "ESCOLA MANOEL BACELAR", "nm_mun": "RIACHO DAS ALMAS", "aptos": 3845, "imp": 0}}, {"type": "Feature", "geometry": {"type": "Point", "coordinates": [-35.859169, -8.131556]}, "properties": {"i": 2631, "mun": 25330, "ibge": 2611705, "z": 41, "l": 1040, "nm": "C.C.I. - CENTRO DE CONVIVÊNCIA DE IDOSOS", "nm_mun": "RIACHO DAS ALMAS", "aptos": 689, "imp": 0}}, {"type": "Feature", "geometry": {"type": "Point", "coordinates": [-35.859244, -8.131866]}, "properties": {"i": 2632, "mun": 25330, "ibge": 2611705, "z": 41, "l": 1066, "nm": "CRECHE MÃE RAINHA", "nm_mun": "RIACHO DAS ALMAS", "aptos": 2490, "imp": 0}}, {"type": "Feature", "geometry": {"type": "Point", "coordinates": [-35.926466, -8.154016]}, "properties": {"i": 2633, "mun": 25330, "ibge": 2611705, "z": 41, "l": 1074, "nm": "ESCOLA LUIZ FRANCISCO DA SILVA", "nm_mun": "RIACHO DAS ALMAS", "aptos": 1740, "imp": 0}}, {"type": "Feature", "geometry": {"type": "Point", "coordinates": [-35.905464, -8.016151]}, "properties": {"i": 2634, "mun": 25330, "ibge": 2611705, "z": 41, "l": 1104, "nm": "ESCOLA JOSÉ JOAQUIM DE LIMA", "nm_mun": "RIACHO DAS ALMAS", "aptos": 2795, "imp": 0}}, {"type": "Feature", "geometry": {"type": "Point", "coordinates": [-35.809321, -7.990504]}, "properties": {"i": 2635, "mun": 25330, "ibge": 2611705, "z": 41, "l": 1139, "nm": "ESCOLA PATRÍCIA CARDOSO", "nm_mun": "RIACHO DAS ALMAS", "aptos": 840, "imp": 0}}, {"type": "Feature", "geometry": {"type": "Point", "coordinates": [-35.84625, -8.032217]}, "properties": {"i": 2636, "mun": 25330, "ibge": 2611705, "z": 41, "l": 1163, "nm": "ESCOLA SANTOS CARDOSO", "nm_mun": "RIACHO DAS ALMAS", "aptos": 1027, "imp": 0}}, {"type": "Feature", "geometry": {"type": "Point", "coordinates": [-35.976442, -8.098925]}, "properties": {"i": 2637, "mun": 25330, "ibge": 2611705, "z": 41, "l": 1198, "nm": "ESCOLA MUNICIPAL JOSÉ BRASIL", "nm_mun": "RIACHO DAS ALMAS", "aptos": 531, "imp": 0}}, {"type": "Feature", "geometry": {"type": "Point", "coordinates": [-35.934134, -7.999692]}, "properties": {"i": 2638, "mun": 25330, "ibge": 2611705, "z": 41, "l": 1201, "nm": "ESCOLA MUNICIPAL ODILON MONTENEGRO", "nm_mun": "RIACHO DAS ALMAS", "aptos": 546, "imp": 0}}, {"type": "Feature", "geometry": {"type": "Point", "coordinates": [-35.875489, -8.09852]}, "properties": {"i": 2639, "mun": 25330, "ibge": 2611705, "z": 41, "l": 1228, "nm": "ESCOLA MUNICIPAL MANOEL TAVARES", "nm_mun": "RIACHO DAS ALMAS", "aptos": 863, "imp": 0}}, {"type": "Feature", "geometry": {"type": "Point", "coordinates": [-35.903762, -8.154233]}, "properties": {"i": 2640, "mun": 25330, "ibge": 2611705, "z": 41, "l": 1236, "nm": "ESCOLA MUNICIPAL ENEDINA MARIA DE LIMA", "nm_mun": "RIACHO DAS ALMAS", "aptos": 540, "imp": 0}}, {"type": "Feature", "geometry": {"type": "Point", "coordinates": [-35.963694, -8.118891]}, "properties": {"i": 2641, "mun": 25330, "ibge": 2611705, "z": 41, "l": 1260, "nm": "ESCOLA MUNICIPAL MANOEL SOARES DA COSTA", "nm_mun": "RIACHO DAS ALMAS", "aptos": 446, "imp": 0}}, {"type": "Feature", "geometry": {"type": "Point", "coordinates": [-35.854815, -8.137658]}, "properties": {"i": 2642, "mun": 25330, "ibge": 2611705, "z": 41, "l": 1279, "nm": "UNIDADE BÁSICA DE SAÚDE - ALTO DO JIQUIRI", "nm_mun": "RIACHO DAS ALMAS", "aptos": 491, "imp": 0}}, {"type": "Feature", "geometry": {"type": "Point", "coordinates": [-35.859904, -8.137444]}, "properties": {"i": 2643, "mun": 25330, "ibge": 2611705, "z": 41, "l": 1287, "nm": "CENTRO PASTORAL PAROQUIAL IRMÃ ADELVINA WEIMER", "nm_mun": "RIACHO DAS ALMAS", "aptos": 1058, "imp": 0}}, {"type": "Feature", "geometry": {"type": "Point", "coordinates": [-40.475755, -7.881145]}, "properties": {"i": 2644, "mun": 25330, "ibge": 2611705, "z": 41, "l": 1295, "nm": "ESPAÇO CIDADANIA", "nm_mun": "RIACHO DAS ALMAS", "aptos": 769, "imp": 1}}, {"type": "Feature", "geometry": {"type": "Point", "coordinates": [-35.376394, -8.520683]}, "properties": {"i": 2645, "mun": 25356, "ibge": 2611804, "z": 28, "l": 1031, "nm": "ESC. DE REFERÊNCIA ENS. MÉDIO JOAO LOPES DE S. SANTOS (CERU)", "nm_mun": "RIBEIRÃO", "aptos": 3883, "imp": 0}}, {"type": "Feature", "geometry": {"type": "Point", "coordinates": [-35.375651, -8.518234]}, "properties": {"i": 2646, "mun": 25356, "ibge": 2611804, "z": 28, "l": 1040, "nm": "ED. FUNDACAO NACIONAL DE SAUDE - FNS (SESP)", "nm_mun": "RIBEIRÃO", "aptos": 1369, "imp": 0}}, {"type": "Feature", "geometry": {"type": "Point", "coordinates": [-35.374662, -8.507554]}, "properties": {"i": 2647, "mun": 25356, "ibge": 2611804, "z": 28, "l": 1074, "nm": "EDIFICIO DO INSTITUTO NACIONAL DE SEGURIDADE SOCIAL - INSS", "nm_mun": "RIBEIRÃO", "aptos": 1415, "imp": 0}}, {"type": "Feature", "geometry": {"type": "Point", "coordinates": [-35.373036, -8.501776]}, "properties": {"i": 2648, "mun": 25356, "ibge": 2611804, "z": 28, "l": 1082, "nm": "SESI - EDIFICIO DO SERVICO SOCIAL DA INDUSTRIA", "nm_mun": "RIBEIRÃO", "aptos": 1882, "imp": 0}}, {"type": "Feature", "geometry": {"type": "Point", "coordinates": [-35.374846, -8.513822]}, "properties": {"i": 2649, "mun": 25356, "ibge": 2611804, "z": 28, "l": 1090, "nm": "ESCOLA MUNICIPAL SONIA LUSTOSA", "nm_mun": "RIBEIRÃO", "aptos": 4151, "imp": 0}}, {"type": "Feature", "geometry": {"type": "Point", "coordinates": [-35.375926, -8.511667]}, "properties": {"i": 2650, "mun": 25356, "ibge": 2611804, "z": 28, "l": 1104, "nm": "EPAN - ESCOLA PADRE AMERICO NOVAIS", "nm_mun": "RIBEIRÃO", "aptos": 4186, "imp": 0}}, {"type": "Feature", "geometry": {"type": "Point", "coordinates": [-35.374672, -8.514179]}, "properties": {"i": 2651, "mun": 25356, "ibge": 2611804, "z": 28, "l": 1112, "nm": "ESCOLA MUNICIPAL HENRIQUE DE BARROS E SILVA", "nm_mun": "RIBEIRÃO", "aptos": 1296, "imp": 0}}, {"type": "Feature", "geometry": {"type": "Point", "coordinates": [-35.374919, -8.508768]}, "properties": {"i": 2652, "mun": 25356, "ibge": 2611804, "z": 28, "l": 1139, "nm": "SINDICATO DOS TRABALHADORES RURAIS DE RIBEIRAO", "nm_mun": "RIBEIRÃO", "aptos": 652, "imp": 0}}, {"type": "Feature", "geometry": {"type": "Point", "coordinates": [-35.375152, -8.507533]}, "properties": {"i": 2653, "mun": 25356, "ibge": 2611804, "z": 28, "l": 1210, "nm": "COLÉGIO REAL (ANTIGO SAVINA PETRILLE)", "nm_mun": "RIBEIRÃO", "aptos": 2952, "imp": 0}}, {"type": "Feature", "geometry": {"type": "Point", "coordinates": [-35.371041, -8.515351]}, "properties": {"i": 2654, "mun": 25356, "ibge": 2611804, "z": 28, "l": 1236, "nm": "GRUPO ESCOLAR CLOVES LAPA", "nm_mun": "RIBEIRÃO", "aptos": 789, "imp": 0}}, {"type": "Feature", "geometry": {"type": "Point", "coordinates": [-35.404506, -8.4647]}, "properties": {"i": 2655, "mun": 25356, "ibge": 2611804, "z": 28, "l": 1279, "nm": "ESCOLA ESTADUAL JOAQUIM NABUCO", "nm_mun": "RIBEIRÃO", "aptos": 1823, "imp": 0}}, {"type": "Feature", "geometry": {"type": "Point", "coordinates": [-35.374804, -8.513941]}, "properties": {"i": 2656, "mun": 25356, "ibge": 2611804, "z": 28, "l": 1287, "nm": "ESCOLA MUN. PROF. MARIA CÍCERA (ANTIGA ESC. INFORMÁTICA)", "nm_mun": "RIBEIRÃO", "aptos": 1055, "imp": 0}}, {"type": "Feature", "geometry": {"type": "Point", "coordinates": [-35.010966, -8.528344]}, "properties": {"i": 2657, "mun": 25356, "ibge": 2611804, "z": 28, "l": 1295, "nm": "DEPTO. DE RENDAS DA SEC. DE FINANÇAS (ANTIGA COLETORIA)", "nm_mun": "RIBEIRÃO", "aptos": 1, "imp": 1}}, {"type": "Feature", "geometry": {"type": "Point", "coordinates": [-35.374078, -8.50826]}, "properties": {"i": 2658, "mun": 25356, "ibge": 2611804, "z": 28, "l": 1376, "nm": "EDUCANDÁRIO SANTA TEREZINHA", "nm_mun": "RIBEIRÃO", "aptos": 646, "imp": 0}}, {"type": "Feature", "geometry": {"type": "Point", "coordinates": [-35.37436, -8.49974]}, "properties": {"i": 2659, "mun": 25356, "ibge": 2611804, "z": 28, "l": 1384, "nm": "PRÉDIO DA FETAPE", "nm_mun": "RIBEIRÃO", "aptos": 867, "imp": 0}}, {"type": "Feature", "geometry": {"type": "Point", "coordinates": [-35.114927, -7.404761]}, "properties": {"i": 2660, "mun": 25356, "ibge": 2611804, "z": 28, "l": 1414, "nm": "COLÉGIO SÃO JOSÉ - UNIDADE II", "nm_mun": "RIBEIRÃO", "aptos": 1427, "imp": 1}}, {"type": "Feature", "geometry": {"type": "Point", "coordinates": [-35.150664, -8.66047]}, "properties": {"i": 2661, "mun": 25372, "ibge": 2611903, "z": 26, "l": 1015, "nm": "ESCOLA MUNICIPAL PEDRO DE ALBUQUERQUE", "nm_mun": "RIO FORMOSO", "aptos": 2297, "imp": 0}}, {"type": "Feature", "geometry": {"type": "Point", "coordinates": [-35.15253, -8.6612]}, "properties": {"i": 2662, "mun": 25372, "ibge": 2611903, "z": 26, "l": 1031, "nm": "ESCOLA JOAQUIM SILVÉRIO PIMENTEL", "nm_mun": "RIO FORMOSO", "aptos": 2765, "imp": 0}}, {"type": "Feature", "geometry": {"type": "Point", "coordinates": [-35.152485, -8.659666]}, "properties": {"i": 2663, "mun": 25372, "ibge": 2611903, "z": 26, "l": 1040, "nm": "ESCOLA DE PRIMEIRO E SEGUNDO GRAUS DR. PAULO PESSOA GUERRA", "nm_mun": "RIO FORMOSO", "aptos": 1564, "imp": 0}}, {"type": "Feature", "geometry": {"type": "Point", "coordinates": [-35.269162, -8.639964]}, "properties": {"i": 2664, "mun": 25372, "ibge": 2611903, "z": 26, "l": 1082, "nm": "ESCOLA MARIA JOSÉ MONTEIRO", "nm_mun": "RIO FORMOSO", "aptos": 4742, "imp": 0}}, {"type": "Feature", "geometry": {"type": "Point", "coordinates": [-35.152117, -8.659432]}, "properties": {"i": 2665, "mun": 25372, "ibge": 2611903, "z": 26, "l": 1147, "nm": "CRAS", "nm_mun": "RIO FORMOSO", "aptos": 1301, "imp": 0}}, {"type": "Feature", "geometry": {"type": "Point", "coordinates": [-35.156102, -8.665074]}, "properties": {"i": 2666, "mun": 25372, "ibge": 2611903, "z": 26, "l": 1236, "nm": "ESCOLA WILSON DE ANDRADE BARRETO", "nm_mun": "RIO FORMOSO", "aptos": 1455, "imp": 0}}, {"type": "Feature", "geometry": {"type": "Point", "coordinates": [-35.149776, -8.660346]}, "properties": {"i": 2667, "mun": 25372, "ibge": 2611903, "z": 26, "l": 1244, "nm": "GINÁSIO POLIESPORTIVO", "nm_mun": "RIO FORMOSO", "aptos": 2833, "imp": 0}}, {"type": "Feature", "geometry": {"type": "Point", "coordinates": [-35.707099, -8.33085]}, "properties": {"i": 2668, "mun": 25399, "ibge": 2612000, "z": 132, "l": 1040, "nm": "COLEGIO SAO MIGUEL", "nm_mun": "SAIRÉ", "aptos": 2869, "imp": 0}}, {"type": "Feature", "geometry": {"type": "Point", "coordinates": [-35.707429, -8.33051]}, "properties": {"i": 2669, "mun": 25399, "ibge": 2612000, "z": 132, "l": 1066, "nm": "ESCOLA COSTA E SILVA", "nm_mun": "SAIRÉ", "aptos": 705, "imp": 0}}, {"type": "Feature", "geometry": {"type": "Point", "coordinates": [-35.709447, -8.327277]}, "properties": {"i": 2670, "mun": 25399, "ibge": 2612000, "z": 132, "l": 1074, "nm": "EREM - JOAO PESSOA SOUTO MAIOR", "nm_mun": "SAIRÉ", "aptos": 2117, "imp": 0}}, {"type": "Feature", "geometry": {"type": "Point", "coordinates": [-35.708436, -8.330078]}, "properties": {"i": 2671, "mun": 25399, "ibge": 2612000, "z": 132, "l": 1139, "nm": "SINDICATO TRABALHADORES RURAIS - SAIRÉ", "nm_mun": "SAIRÉ", "aptos": 494, "imp": 0}}, {"type": "Feature", "geometry": {"type": "Point", "coordinates": [-35.679619, -8.213934]}, "properties": {"i": 2672, "mun": 25399, "ibge": 2612000, "z": 132, "l": 1155, "nm": "ESCOLA MUNICIPAL PROF. GEORGE MIGUEL PEREIRA", "nm_mun": "SAIRÉ", "aptos": 1477, "imp": 0}}, {"type": "Feature", "geometry": {"type": "Point", "coordinates": [-35.711251, -8.328213]}, "properties": {"i": 2673, "mun": 25399, "ibge": 2612000, "z": 132, "l": 1163, "nm": "CRECHE MARIA DA PAZ DE LIMA", "nm_mun": "SAIRÉ", "aptos": 1400, "imp": 0}}, {"type": "Feature", "geometry": {"type": "Point", "coordinates": [-35.707366, -8.330401]}, "properties": {"i": 2674, "mun": 25399, "ibge": 2612000, "z": 132, "l": 1198, "nm": "MUSEU MUNICIPAL", "nm_mun": "SAIRÉ", "aptos": 215, "imp": 0}}, {"type": "Feature", "geometry": {"type": "Point", "coordinates": [-35.710038, -8.329254]}, "properties": {"i": 2675, "mun": 25399, "ibge": 2612000, "z": 132, "l": 1201, "nm": "ESPAÇO DO CUIDADO (ANTIGA SECRETARIA DE SAÚDE)", "nm_mun": "SAIRÉ", "aptos": 255, "imp": 0}}, {"type": "Feature", "geometry": {"type": "Point", "coordinates": [-35.70769, -8.329806]}, "properties": {"i": 2676, "mun": 25399, "ibge": 2612000, "z": 132, "l": 1210, "nm": "SECRETARIA DE TURISMO", "nm_mun": "SAIRÉ", "aptos": 184, "imp": 0}}, {"type": "Feature", "geometry": {"type": "Point", "coordinates": [-38.403137, -8.919019]}, "properties": {"i": 2677, "mun": 25399, "ibge": 2612000, "z": 132, "l": 1279, "nm": "ESCOLA MUNICIPAL MARCOS DE BARROS FREIRE", "nm_mun": "SAIRÉ", "aptos": 682, "imp": 1}}, {"type": "Feature", "geometry": {"type": "Point", "coordinates": [-38.741247, -7.889056]}, "properties": {"i": 2678, "mun": 25399, "ibge": 2612000, "z": 132, "l": 1287, "nm": "SINDICATO DOS TRABALHADORES RURAIS - INSURREIÇÃO", "nm_mun": "SAIRÉ", "aptos": 198, "imp": 1}}, {"type": "Feature", "geometry": {"type": "Point", "coordinates": [-35.707366, -8.330401]}, "properties": {"i": 2679, "mun": 25399, "ibge": 2612000, "z": 132, "l": 1295, "nm": "BIBLIOTECA CLOTILDE DIAS DE ARRUDA", "nm_mun": "SAIRÉ", "aptos": 224, "imp": 1}}, {"type": "Feature", "geometry": {"type": "Point", "coordinates": [-35.580981, -7.979715]}, "properties": {"i": 2680, "mun": 25399, "ibge": 2612000, "z": 132, "l": 1309, "nm": "PAVILHÃO - ESCOLA PROF. EROTIDES PESSOA SOUTO MAIOR", "nm_mun": "SAIRÉ", "aptos": 472, "imp": 1}}, {"type": "Feature", "geometry": {"type": "Point", "coordinates": [-35.636804, -7.939385]}, "properties": {"i": 2681, "mun": 25410, "ibge": 2612109, "z": 88, "l": 1031, "nm": "ESCOLA PRESIDENTE MEDICI", "nm_mun": "SALGADINHO", "aptos": 3409, "imp": 0}}, {"type": "Feature", "geometry": {"type": "Point", "coordinates": [-35.622602, -7.904196]}, "properties": {"i": 2682, "mun": 25410, "ibge": 2612109, "z": 88, "l": 1090, "nm": "ESCOLA MAURICIO BERNARDO DE LIMA", "nm_mun": "SALGADINHO", "aptos": 1367, "imp": 0}}, {"type": "Feature", "geometry": {"type": "Point", "coordinates": [-40.53303, -9.274288]}, "properties": {"i": 2683, "mun": 25410, "ibge": 2612109, "z": 88, "l": 1112, "nm": "CRECHE MUNICIPAL", "nm_mun": "SALGADINHO", "aptos": 2382, "imp": 1}}, {"type": "Feature", "geometry": {"type": "Point", "coordinates": [-39.142407, -8.072066]}, "properties": {"i": 2684, "mun": 25437, "ibge": 2612208, "z": 75, "l": 1023, "nm": "ESCOLA PROFESSORA MAURINA RODRIGUES DOS SANTOS", "nm_mun": "SALGUEIRO", "aptos": 1972, "imp": 0}}, {"type": "Feature", "geometry": {"type": "Point", "coordinates": [-39.1147, -8.067133]}, "properties": {"i": 2685, "mun": 25437, "ibge": 2612208, "z": 75, "l": 1031, "nm": "ESCOLA VALDEMAR SOARES DE MENEZES", "nm_mun": "SALGUEIRO", "aptos": 1982, "imp": 0}}, {"type": "Feature", "geometry": {"type": "Point", "coordinates": [-39.14102, -8.06795]}, "properties": {"i": 2686, "mun": 25437, "ibge": 2612208, "z": 75, "l": 1040, "nm": "CENTRO DE ESTUDOS SUPLETIVOS", "nm_mun": "SALGUEIRO", "aptos": 1817, "imp": 0}}, {"type": "Feature", "geometry": {"type": "Point", "coordinates": [-39.126704, -8.07044]}, "properties": {"i": 2687, "mun": 25437, "ibge": 2612208, "z": 75, "l": 1058, "nm": "ESCOLA AURA PARENTE MUNIZ", "nm_mun": "SALGUEIRO", "aptos": 1887, "imp": 0}}, {"type": "Feature", "geometry": {"type": "Point", "coordinates": [-39.129223, -8.074115]}, "properties": {"i": 2688, "mun": 25437, "ibge": 2612208, "z": 75, "l": 1066, "nm": "ESCOLA CARLOS PENA FILHO", "nm_mun": "SALGUEIRO", "aptos": 3055, "imp": 0}}, {"type": "Feature", "geometry": {"type": "Point", "coordinates": [-39.127773, -8.073753]}, "properties": {"i": 2689, "mun": 25437, "ibge": 2612208, "z": 75, "l": 1074, "nm": "ESCOLA PROFESSOR URBANO GOMES DE SA", "nm_mun": "SALGUEIRO", "aptos": 2259, "imp": 0}}, {"type": "Feature", "geometry": {"type": "Point", "coordinates": [-39.115353, -8.08229]}, "properties": {"i": 2690, "mun": 25437, "ibge": 2612208, "z": 75, "l": 1082, "nm": "ESCOLA ANTONIO VIEIRA DE BARROS", "nm_mun": "SALGUEIRO", "aptos": 2736, "imp": 0}}, {"type": "Feature", "geometry": {"type": "Point", "coordinates": [-39.123447, -8.06714]}, "properties": {"i": 2691, "mun": 25437, "ibge": 2612208, "z": 75, "l": 1090, "nm": "GERE DO SERTAO CENTRAL", "nm_mun": "SALGUEIRO", "aptos": 791, "imp": 0}}, {"type": "Feature", "geometry": {"type": "Point", "coordinates": [-39.123571, -8.067578]}, "properties": {"i": 2692, "mun": 25437, "ibge": 2612208, "z": 75, "l": 1104, "nm": "ESCOLA JOSE VITORINO DE BARROS", "nm_mun": "SALGUEIRO", "aptos": 1294, "imp": 0}}, {"type": "Feature", "geometry": {"type": "Point", "coordinates": [-39.135106, -8.077941]}, "properties": {"i": 2693, "mun": 25437, "ibge": 2612208, "z": 75, "l": 1112, "nm": "ESCOLA REUNIDAS PROFESSOR BAUDUINO GOMES DE SA", "nm_mun": "SALGUEIRO", "aptos": 1088, "imp": 0}}, {"type": "Feature", "geometry": {"type": "Point", "coordinates": [-39.120492, -8.075152]}, "properties": {"i": 2694, "mun": 25437, "ibge": 2612208, "z": 75, "l": 1139, "nm": "CENTRO VOCACIONAL TECNOLÓGICO EM CONFECÇÃO", "nm_mun": "SALGUEIRO", "aptos": 745, "imp": 0}}, {"type": "Feature", "geometry": {"type": "Point", "coordinates": [-39.119007, -8.072515]}, "properties": {"i": 2695, "mun": 25437, "ibge": 2612208, "z": 75, "l": 1147, "nm": "ESCOLA OSMUNDO BEZERRA", "nm_mun": "SALGUEIRO", "aptos": 1133, "imp": 0}}, {"type": "Feature", "geometry": {"type": "Point", "coordinates": [-39.119886, -8.070535]}, "properties": {"i": 2696, "mun": 25437, "ibge": 2612208, "z": 75, "l": 1163, "nm": "GRUPO ESCOLAR MANOEL LEITE", "nm_mun": "SALGUEIRO", "aptos": 2306, "imp": 0}}, {"type": "Feature", "geometry": {"type": "Point", "coordinates": [-38.938908, -8.305185]}, "properties": {"i": 2697, "mun": 25437, "ibge": 2612208, "z": 75, "l": 1180, "nm": "ESCOLA JOSE NEU DE CARVALHO", "nm_mun": "SALGUEIRO", "aptos": 658, "imp": 0}}, {"type": "Feature", "geometry": {"type": "Point", "coordinates": [-38.938446, -8.303401]}, "properties": {"i": 2698, "mun": 25437, "ibge": 2612208, "z": 75, "l": 1198, "nm": "ESCOLA JOSE MENDES", "nm_mun": "SALGUEIRO", "aptos": 718, "imp": 0}}, {"type": "Feature", "geometry": {"type": "Point", "coordinates": [-39.125608, -8.078304]}, "properties": {"i": 2699, "mun": 25437, "ibge": 2612208, "z": 75, "l": 1228, "nm": "ESCOLA PROFESSORA MARIA NILZA", "nm_mun": "SALGUEIRO", "aptos": 1129, "imp": 0}}, {"type": "Feature", "geometry": {"type": "Point", "coordinates": [-39.308267, -8.180524]}, "properties": {"i": 2700, "mun": 25437, "ibge": 2612208, "z": 75, "l": 1236, "nm": "ESCOLA MARIA DALVA GONCALVES DE BARROS", "nm_mun": "SALGUEIRO", "aptos": 1818, "imp": 0}}, {"type": "Feature", "geometry": {"type": "Point", "coordinates": [-39.130902, -8.071122]}, "properties": {"i": 2701, "mun": 25437, "ibge": 2612208, "z": 75, "l": 1252, "nm": "ESCOLA PAULO FERNANDO DOS SANTOS", "nm_mun": "SALGUEIRO", "aptos": 1892, "imp": 0}}, {"type": "Feature", "geometry": {"type": "Point", "coordinates": [-39.119506, -8.068323]}, "properties": {"i": 2702, "mun": 25437, "ibge": 2612208, "z": 75, "l": 1260, "nm": "FACULDADE DE CIENCIAS HUMANAS DO SERTAO CENTRAL", "nm_mun": "SALGUEIRO", "aptos": 2482, "imp": 0}}, {"type": "Feature", "geometry": {"type": "Point", "coordinates": [-39.122552, -8.070973]}, "properties": {"i": 2703, "mun": 25437, "ibge": 2612208, "z": 75, "l": 1279, "nm": "COLEGIO MUNICIPAL DOM MALAN", "nm_mun": "SALGUEIRO", "aptos": 2596, "imp": 0}}, {"type": "Feature", "geometry": {"type": "Point", "coordinates": [-39.100874, -7.828631]}, "properties": {"i": 2704, "mun": 25437, "ibge": 2612208, "z": 75, "l": 1295, "nm": "ESCOLA PADRE MANOEL GARCIA E GARCIA", "nm_mun": "SALGUEIRO", "aptos": 748, "imp": 0}}, {"type": "Feature", "geometry": {"type": "Point", "coordinates": [-39.055927, -7.833219]}, "properties": {"i": 2705, "mun": 25437, "ibge": 2612208, "z": 75, "l": 1333, "nm": "ESCOLA MARIA GUILHERMINA DE JESUS", "nm_mun": "SALGUEIRO", "aptos": 215, "imp": 0}}, {"type": "Feature", "geometry": {"type": "Point", "coordinates": [-39.207353, -8.182323]}, "properties": {"i": 2706, "mun": 25437, "ibge": 2612208, "z": 75, "l": 1350, "nm": "ESCOLA MUNICIPAL JOAQUIM BARBOSA DE MARIA", "nm_mun": "SALGUEIRO", "aptos": 1034, "imp": 0}}, {"type": "Feature", "geometry": {"type": "Point", "coordinates": [-39.115648, -8.056883]}, "properties": {"i": 2707, "mun": 25437, "ibge": 2612208, "z": 75, "l": 1368, "nm": "ESCOLA DR SEVERINO ALVES DE SA", "nm_mun": "SALGUEIRO", "aptos": 2258, "imp": 0}}, {"type": "Feature", "geometry": {"type": "Point", "coordinates": [-39.12945, -8.073717]}, "properties": {"i": 2708, "mun": 25437, "ibge": 2612208, "z": 75, "l": 1376, "nm": "ESCOLA PROFESSORA MARIA BERNADETE MARINS DE BRITO", "nm_mun": "SALGUEIRO", "aptos": 1601, "imp": 0}}, {"type": "Feature", "geometry": {"type": "Point", "coordinates": [-39.11196, -8.07075]}, "properties": {"i": 2709, "mun": 25437, "ibge": 2612208, "z": 75, "l": 1406, "nm": "CRECHE LETÍCIA ROSA", "nm_mun": "SALGUEIRO", "aptos": 1182, "imp": 0}}, {"type": "Feature", "geometry": {"type": "Point", "coordinates": [-38.939825, -8.301102]}, "properties": {"i": 2710, "mun": 25437, "ibge": 2612208, "z": 75, "l": 1414, "nm": "ESCOLA ESTADUAL QUILOMBOLA PROFESSORA ROSA DORALINA MENDES", "nm_mun": "SALGUEIRO", "aptos": 806, "imp": 0}}, {"type": "Feature", "geometry": {"type": "Point", "coordinates": [-39.181654, -8.067308]}, "properties": {"i": 2711, "mun": 25437, "ibge": 2612208, "z": 75, "l": 1422, "nm": "ESCOLA MUNICIPAL PEDRO PAIXÃO", "nm_mun": "SALGUEIRO", "aptos": 446, "imp": 0}}, {"type": "Feature", "geometry": {"type": "Point", "coordinates": [-35.222761, -7.747712]}, "properties": {"i": 2712, "mun": 25437, "ibge": 2612208, "z": 75, "l": 1449, "nm": "NÚCLEO PRISIONAL DE SALGUEIRO DA POLÍCIA PENAL", "nm_mun": "SALGUEIRO", "aptos": 603, "imp": 1}}, {"type": "Feature", "geometry": {"type": "Point", "coordinates": [-38.747022, -7.881078]}, "properties": {"i": 2713, "mun": 25437, "ibge": 2612208, "z": 75, "l": 1465, "nm": "ESCOLA FRANCISCO DE SÁ SAMPAIO", "nm_mun": "SALGUEIRO", "aptos": 336, "imp": 1}}, {"type": "Feature", "geometry": {"type": "Point", "coordinates": [-36.688118, -8.973643]}, "properties": {"i": 2714, "mun": 25453, "ibge": 2612307, "z": 136, "l": 1015, "nm": "GINASIO MUNICIPAL SÃO VICENTE", "nm_mun": "SALOÁ", "aptos": 4807, "imp": 0}}, {"type": "Feature", "geometry": {"type": "Point", "coordinates": [-36.760624, -9.012406]}, "properties": {"i": 2715, "mun": 25453, "ibge": 2612307, "z": 136, "l": 1040, "nm": "ESCOLA INTERMEDIÁRIA MANOEL TIAGO MENDES", "nm_mun": "SALOÁ", "aptos": 1251, "imp": 0}}, {"type": "Feature", "geometry": {"type": "Point", "coordinates": [-36.688189, -8.977926]}, "properties": {"i": 2716, "mun": 25453, "ibge": 2612307, "z": 136, "l": 1066, "nm": "CENTRO EDUCAÇÃO INFANTIL CAMINHOS DO SABER(AN ESC MONS JOÃO MARQUES)", "nm_mun": "SALOÁ", "aptos": 1844, "imp": 0}}, {"type": "Feature", "geometry": {"type": "Point", "coordinates": [-36.760283, -8.979193]}, "properties": {"i": 2717, "mun": 25453, "ibge": 2612307, "z": 136, "l": 1090, "nm": "ESCOLA LOURENÇO PELO DE MELO", "nm_mun": "SALOÁ", "aptos": 241, "imp": 0}}, {"type": "Feature", "geometry": {"type": "Point", "coordinates": [-36.691401, -8.977398]}, "properties": {"i": 2718, "mun": 25453, "ibge": 2612307, "z": 136, "l": 1104, "nm": "ESCOLA MANOEL VICENTE DA SILVA", "nm_mun": "SALOÁ", "aptos": 2388, "imp": 0}}, {"type": "Feature", "geometry": {"type": "Point", "coordinates": [-36.779932, -9.049982]}, "properties": {"i": 2719, "mun": 25453, "ibge": 2612307, "z": 136, "l": 1120, "nm": "ESCOLA VICENTE ALVES DE BARROS", "nm_mun": "SALOÁ", "aptos": 886, "imp": 0}}, {"type": "Feature", "geometry": {"type": "Point", "coordinates": [-36.756718, -9.011601]}, "properties": {"i": 2720, "mun": 25453, "ibge": 2612307, "z": 136, "l": 1139, "nm": "POSTO DE SÁUDE PSF", "nm_mun": "SALOÁ", "aptos": 365, "imp": 0}}, {"type": "Feature", "geometry": {"type": "Point", "coordinates": [-36.691896, -8.970828]}, "properties": {"i": 2721, "mun": 25453, "ibge": 2612307, "z": 136, "l": 1147, "nm": "COZINHA COMUNITÁRIA (ANTIGA CRECHE DAGMAR TENÓRIO)", "nm_mun": "SALOÁ", "aptos": 456, "imp": 0}}, {"type": "Feature", "geometry": {"type": "Point", "coordinates": [-36.678704, -8.944223]}, "properties": {"i": 2722, "mun": 25453, "ibge": 2612307, "z": 136, "l": 1155, "nm": "ESCOLA VALE DO CATIMBAU", "nm_mun": "SALOÁ", "aptos": 461, "imp": 0}}, {"type": "Feature", "geometry": {"type": "Point", "coordinates": [-36.703988, -9.006165]}, "properties": {"i": 2723, "mun": 25453, "ibge": 2612307, "z": 136, "l": 1163, "nm": "ESCOLA MUNICIPAL ANTONIO ALVES DE SOUZA", "nm_mun": "SALOÁ", "aptos": 393, "imp": 0}}, {"type": "Feature", "geometry": {"type": "Point", "coordinates": [-36.691957, -8.970374]}, "properties": {"i": 2724, "mun": 25453, "ibge": 2612307, "z": 136, "l": 1171, "nm": "CCI (CENTRO DE CONVIVÊNCIA DE IDOSOS)", "nm_mun": "SALOÁ", "aptos": 588, "imp": 0}}, {"type": "Feature", "geometry": {"type": "Point", "coordinates": [-37.342755, -8.75318]}, "properties": {"i": 2725, "mun": 25453, "ibge": 2612307, "z": 136, "l": 1210, "nm": "UNIDADE BÁSICA DE SAÚDE MARIA CORREIA DE MELO", "nm_mun": "SALOÁ", "aptos": 1, "imp": 1}}, {"type": "Feature", "geometry": {"type": "Point", "coordinates": [-36.563097, -8.362241]}, "properties": {"i": 2726, "mun": 25470, "ibge": 2612406, "z": 45, "l": 1015, "nm": "ESCOLA MUNICIPAL PROFESSORA FERNANDA MADELOM DE ARAÚJO FERNANDES", "nm_mun": "SANHARÓ", "aptos": 3020, "imp": 0}}, {"type": "Feature", "geometry": {"type": "Point", "coordinates": [-36.562515, -8.359127]}, "properties": {"i": 2727, "mun": 25470, "ibge": 2612406, "z": 45, "l": 1023, "nm": "ESCOLA ESTADUAL DOUTOR BENJAMIN CARACIOLO", "nm_mun": "SANHARÓ", "aptos": 5278, "imp": 0}}, {"type": "Feature", "geometry": {"type": "Point", "coordinates": [-36.562496, -8.361031]}, "properties": {"i": 2728, "mun": 25470, "ibge": 2612406, "z": 45, "l": 1031, "nm": "ESCOLA DE REFERÊNCIA EM ENSINO MÉDIO NOSSA SENHORA DE FÁTIMA", "nm_mun": "SANHARÓ", "aptos": 4669, "imp": 0}}, {"type": "Feature", "geometry": {"type": "Point", "coordinates": [-36.515879, -8.274789]}, "properties": {"i": 2729, "mun": 25470, "ibge": 2612406, "z": 45, "l": 1058, "nm": "ESCOLA MUNICIPAL PADRE HERALDO CORDEIRO DE BARROS", "nm_mun": "SANHARÓ", "aptos": 1159, "imp": 0}}, {"type": "Feature", "geometry": {"type": "Point", "coordinates": [-36.528056, -8.430505]}, "properties": {"i": 2730, "mun": 25470, "ibge": 2612406, "z": 45, "l": 1066, "nm": "ESCOLA MUNICIPAL NOSSA SENHORA DO CARMO", "nm_mun": "SANHARÓ", "aptos": 1335, "imp": 0}}, {"type": "Feature", "geometry": {"type": "Point", "coordinates": [-36.558463, -8.499357]}, "properties": {"i": 2731, "mun": 25470, "ibge": 2612406, "z": 45, "l": 1074, "nm": "ESCOLA MUNICIPAL VILMA BARBOSA", "nm_mun": "SANHARÓ", "aptos": 617, "imp": 0}}, {"type": "Feature", "geometry": {"type": "Point", "coordinates": [-35.499005, -7.918757]}, "properties": {"i": 2732, "mun": 25470, "ibge": 2612406, "z": 45, "l": 1090, "nm": "ESCOLA MUNICIPAL SANTA RITA", "nm_mun": "SANHARÓ", "aptos": 268, "imp": 1}}, {"type": "Feature", "geometry": {"type": "Point", "coordinates": [-36.206226, -7.952723]}, "properties": {"i": 2733, "mun": 25496, "ibge": 2612505, "z": 109, "l": 1023, "nm": "COLÉGIO EXATO PRIME", "nm_mun": "SANTA CRUZ DO CAPIBARIBE", "aptos": 1981, "imp": 0}}, {"type": "Feature", "geometry": {"type": "Point", "coordinates": [-36.204472, -7.958913]}, "properties": {"i": 2734, "mun": 25496, "ibge": 2612505, "z": 109, "l": 1040, "nm": "ESCOLA MUNICIPAL IVONE GONÇALVES DE ARAÚJO", "nm_mun": "SANTA CRUZ DO CAPIBARIBE", "aptos": 4725, "imp": 0}}, {"type": "Feature", "geometry": {"type": "Point", "coordinates": [-36.204907, -7.956962]}, "properties": {"i": 2735, "mun": 25496, "ibge": 2612505, "z": 109, "l": 1058, "nm": "ESCOLA ESTADUAL PADRE ZUZINHA", "nm_mun": "SANTA CRUZ DO CAPIBARIBE", "aptos": 4172, "imp": 0}}, {"type": "Feature", "geometry": {"type": "Point", "coordinates": [-36.206183, -7.953516]}, "properties": {"i": 2736, "mun": 25496, "ibge": 2612505, "z": 109, "l": 1066, "nm": "ESCOLA ESTADUAL JOSE FRANCELINO ARAGAO", "nm_mun": "SANTA CRUZ DO CAPIBARIBE", "aptos": 2175, "imp": 0}}, {"type": "Feature", "geometry": {"type": "Point", "coordinates": [-36.204708, -7.958227]}, "properties": {"i": 2737, "mun": 25496, "ibge": 2612505, "z": 109, "l": 1074, "nm": "ESCOLA  ESTADUAL LUIZ ALVES DA SILVA", "nm_mun": "SANTA CRUZ DO CAPIBARIBE", "aptos": 4602, "imp": 0}}, {"type": "Feature", "geometry": {"type": "Point", "coordinates": [-36.374235, -7.841972]}, "properties": {"i": 2738, "mun": 25496, "ibge": 2612505, "z": 109, "l": 1082, "nm": "ESCOLA MUNICIPAL JOSE QUIRINO DA SILVA", "nm_mun": "SANTA CRUZ DO CAPIBARIBE", "aptos": 1112, "imp": 0}}, {"type": "Feature", "geometry": {"type": "Point", "coordinates": [-36.34775, -7.956907]}, "properties": {"i": 2739, "mun": 25496, "ibge": 2612505, "z": 109, "l": 1090, "nm": "ESCOLA MUNICIPAL PROFESSORA MARIA JOSE", "nm_mun": "SANTA CRUZ DO CAPIBARIBE", "aptos": 2303, "imp": 0}}, {"type": "Feature", "geometry": {"type": "Point", "coordinates": [-36.197736, -7.934225]}, "properties": {"i": 2740, "mun": 25496, "ibge": 2612505, "z": 109, "l": 1104, "nm": "ESCOLA MUNICIPAL LINDALVA ARAGAO DE LIRA", "nm_mun": "SANTA CRUZ DO CAPIBARIBE", "aptos": 3131, "imp": 0}}, {"type": "Feature", "geometry": {"type": "Point", "coordinates": [-36.211044, -7.944972]}, "properties": {"i": 2741, "mun": 25496, "ibge": 2612505, "z": 109, "l": 1112, "nm": "ESCOLA ESTADUAL DOUTOR ADILSON BEZERRA DE SOUZA", "nm_mun": "SANTA CRUZ DO CAPIBARIBE", "aptos": 2500, "imp": 0}}, {"type": "Feature", "geometry": {"type": "Point", "coordinates": [-36.196946, -7.956391]}, "properties": {"i": 2742, "mun": 25496, "ibge": 2612505, "z": 109, "l": 1120, "nm": "ESCOLA  ESTADUAL MALAQUIAS CARDOSO ARAGAO", "nm_mun": "SANTA CRUZ DO CAPIBARIBE", "aptos": 2368, "imp": 0}}, {"type": "Feature", "geometry": {"type": "Point", "coordinates": [-36.209702, -7.946831]}, "properties": {"i": 2743, "mun": 25496, "ibge": 2612505, "z": 109, "l": 1147, "nm": "ESCOLA ESTADUAL PROFESSORA MARIA LUCIA ALVES", "nm_mun": "SANTA CRUZ DO CAPIBARIBE", "aptos": 2991, "imp": 0}}, {"type": "Feature", "geometry": {"type": "Point", "coordinates": [-36.181007, -7.958238]}, "properties": {"i": 2744, "mun": 25496, "ibge": 2612505, "z": 109, "l": 1163, "nm": "ESCOLA MUNICIPAL PROFESSORA MARIA LUCINA GONÇALVES", "nm_mun": "SANTA CRUZ DO CAPIBARIBE", "aptos": 1207, "imp": 0}}, {"type": "Feature", "geometry": {"type": "Point", "coordinates": [-36.21779, -7.95498]}, "properties": {"i": 2745, "mun": 25496, "ibge": 2612505, "z": 109, "l": 1171, "nm": "ESCOLA MUNICIPAL PROFESSORA SEVY FERREIRA BARROS", "nm_mun": "SANTA CRUZ DO CAPIBARIBE", "aptos": 2754, "imp": 0}}, {"type": "Feature", "geometry": {"type": "Point", "coordinates": [-36.195077, -7.953963]}, "properties": {"i": 2746, "mun": 25496, "ibge": 2612505, "z": 109, "l": 1180, "nm": "ESCOLA MUNICIPAL PROFESSORA LUCINALVA SANTOS ARAGAO DE SOUZA", "nm_mun": "SANTA CRUZ DO CAPIBARIBE", "aptos": 2119, "imp": 0}}, {"type": "Feature", "geometry": {"type": "Point", "coordinates": [-36.203637, -7.948773]}, "properties": {"i": 2747, "mun": 25496, "ibge": 2612505, "z": 109, "l": 1198, "nm": "ESCOLA MUNICIPAL PROFESSORA ORLANDINA ARRUDA ARAGAO", "nm_mun": "SANTA CRUZ DO CAPIBARIBE", "aptos": 1816, "imp": 0}}, {"type": "Feature", "geometry": {"type": "Point", "coordinates": [-36.214422, -7.939802]}, "properties": {"i": 2748, "mun": 25496, "ibge": 2612505, "z": 109, "l": 1201, "nm": "ESCOLA MUNICIPAL DONATILA DA COSTA LIMA", "nm_mun": "SANTA CRUZ DO CAPIBARIBE", "aptos": 1895, "imp": 0}}, {"type": "Feature", "geometry": {"type": "Point", "coordinates": [-36.213964, -7.95775]}, "properties": {"i": 2749, "mun": 25496, "ibge": 2612505, "z": 109, "l": 1210, "nm": "ESCOLA MUNICIPAL PROFESSOR ANTONIO GOMES ARAGAO", "nm_mun": "SANTA CRUZ DO CAPIBARIBE", "aptos": 2371, "imp": 0}}, {"type": "Feature", "geometry": {"type": "Point", "coordinates": [-36.204435, -7.941258]}, "properties": {"i": 2750, "mun": 25496, "ibge": 2612505, "z": 109, "l": 1228, "nm": "ESCOLA MUNICIPAL SENADOR JOSE RONALDO ARAGAO", "nm_mun": "SANTA CRUZ DO CAPIBARIBE", "aptos": 2641, "imp": 0}}, {"type": "Feature", "geometry": {"type": "Point", "coordinates": [-36.210612, -7.943111]}, "properties": {"i": 2751, "mun": 25496, "ibge": 2612505, "z": 109, "l": 1236, "nm": "ESCOLA MUNICIPAL EVANGELICA", "nm_mun": "SANTA CRUZ DO CAPIBARIBE", "aptos": 3030, "imp": 0}}, {"type": "Feature", "geometry": {"type": "Point", "coordinates": [-36.284293, -7.918152]}, "properties": {"i": 2752, "mun": 25496, "ibge": 2612505, "z": 109, "l": 1244, "nm": "ESCOLA MUNICIPAL CIRIACO RAMOS DE LIMA", "nm_mun": "SANTA CRUZ DO CAPIBARIBE", "aptos": 826, "imp": 0}}, {"type": "Feature", "geometry": {"type": "Point", "coordinates": [-36.220814, -7.943899]}, "properties": {"i": 2753, "mun": 25496, "ibge": 2612505, "z": 109, "l": 1295, "nm": "ESCOLA MUNICIPAL JOÃO MAIA", "nm_mun": "SANTA CRUZ DO CAPIBARIBE", "aptos": 1693, "imp": 0}}, {"type": "Feature", "geometry": {"type": "Point", "coordinates": [-36.200561, -7.948382]}, "properties": {"i": 2754, "mun": 25496, "ibge": 2612505, "z": 109, "l": 1309, "nm": "ESCOLA MUNICIPAL ESPECIAL", "nm_mun": "SANTA CRUZ DO CAPIBARIBE", "aptos": 1260, "imp": 0}}, {"type": "Feature", "geometry": {"type": "Point", "coordinates": [-36.195954, -7.944895]}, "properties": {"i": 2755, "mun": 25496, "ibge": 2612505, "z": 109, "l": 1317, "nm": "ESCOLA MUNICIPAL AVANI LOPES FEITOSA", "nm_mun": "SANTA CRUZ DO CAPIBARIBE", "aptos": 1173, "imp": 0}}, {"type": "Feature", "geometry": {"type": "Point", "coordinates": [-36.200516, -7.942505]}, "properties": {"i": 2756, "mun": 25496, "ibge": 2612505, "z": 109, "l": 1325, "nm": "ESCOLA MUNICIPAL LINDOLFO PEREIRA DE LISBOA", "nm_mun": "SANTA CRUZ DO CAPIBARIBE", "aptos": 1658, "imp": 0}}, {"type": "Feature", "geometry": {"type": "Point", "coordinates": [-36.217507, -7.936154]}, "properties": {"i": 2757, "mun": 25496, "ibge": 2612505, "z": 109, "l": 1333, "nm": "ESCOLA MUNICIPAL MARIA DO SOCORRO ARAGÃO FLORÊNCIO", "nm_mun": "SANTA CRUZ DO CAPIBARIBE", "aptos": 928, "imp": 0}}, {"type": "Feature", "geometry": {"type": "Point", "coordinates": [-36.208414, -7.950269]}, "properties": {"i": 2758, "mun": 25496, "ibge": 2612505, "z": 109, "l": 1341, "nm": "COLÉGIO INTEGRA MAIS", "nm_mun": "SANTA CRUZ DO CAPIBARIBE", "aptos": 3225, "imp": 0}}, {"type": "Feature", "geometry": {"type": "Point", "coordinates": [-38.218623, -8.977668]}, "properties": {"i": 2759, "mun": 25496, "ibge": 2612505, "z": 109, "l": 1350, "nm": "ESCOLA SANTO ANTÔNIO - UNIDADE 2", "nm_mun": "SANTA CRUZ DO CAPIBARIBE", "aptos": 1573, "imp": 1}}, {"type": "Feature", "geometry": {"type": "Point", "coordinates": [-36.204907, -7.956962]}, "properties": {"i": 2760, "mun": 25496, "ibge": 2612505, "z": 109, "l": 1368, "nm": "CENTRO MUNICIPAL DE EDUCAÇÃO INFANTIL N 92", "nm_mun": "SANTA CRUZ DO CAPIBARIBE", "aptos": 1574, "imp": 1}}, {"type": "Feature", "geometry": {"type": "Point", "coordinates": [-36.217507, -7.936154]}, "properties": {"i": 2761, "mun": 25496, "ibge": 2612505, "z": 109, "l": 1376, "nm": "ESCOLA MUNICIPAL JOSÉ MENDONÇA BEZERRA", "nm_mun": "SANTA CRUZ DO CAPIBARIBE", "aptos": 445, "imp": 1}}, {"type": "Feature", "geometry": {"type": "Point", "coordinates": [-36.204708, -7.958227]}, "properties": {"i": 2762, "mun": 25496, "ibge": 2612505, "z": 109, "l": 1384, "nm": "ESCOLA MUNICIPAL PROFESSORA EVANY CORDEIRO PATRIOTA", "nm_mun": "SANTA CRUZ DO CAPIBARIBE", "aptos": 1961, "imp": 1}}, {"type": "Feature", "geometry": {"type": "Point", "coordinates": [-39.823242, -8.807036]}, "properties": {"i": 2763, "mun": 25518, "ibge": 2612604, "z": 81, "l": 1015, "nm": "GRUPO ESCOLAR PADRE MAURILIO SAMPAIO", "nm_mun": "SANTA MARIA DA BOA VISTA", "aptos": 2339, "imp": 0}}, {"type": "Feature", "geometry": {"type": "Point", "coordinates": [-39.746493, -8.405363]}, "properties": {"i": 2764, "mun": 25518, "ibge": 2612604, "z": 81, "l": 1031, "nm": "ESCOLA JABUTI", "nm_mun": "SANTA MARIA DA BOA VISTA", "aptos": 446, "imp": 0}}, {"type": "Feature", "geometry": {"type": "Point", "coordinates": [-39.822655, -8.803227]}, "properties": {"i": 2765, "mun": 25518, "ibge": 2612604, "z": 81, "l": 1058, "nm": "PREDIO ESCOLAR AGAMENON MAGALHAES", "nm_mun": "SANTA MARIA DA BOA VISTA", "aptos": 1783, "imp": 0}}, {"type": "Feature", "geometry": {"type": "Point", "coordinates": [-39.953038, -8.425393]}, "properties": {"i": 2766, "mun": 25518, "ibge": 2612604, "z": 81, "l": 1066, "nm": "PREDIO ESCOLAR GERCINO DE PONTES", "nm_mun": "SANTA MARIA DA BOA VISTA", "aptos": 1319, "imp": 0}}, {"type": "Feature", "geometry": {"type": "Point", "coordinates": [-39.780653, -8.489319]}, "properties": {"i": 2767, "mun": 25518, "ibge": 2612604, "z": 81, "l": 1074, "nm": "ESCOLA SIRIEMA  PROJETO FULGÊNCIO", "nm_mun": "SANTA MARIA DA BOA VISTA", "aptos": 538, "imp": 0}}, {"type": "Feature", "geometry": {"type": "Point", "coordinates": [-39.923601, -8.871657]}, "properties": {"i": 2768, "mun": 25518, "ibge": 2612604, "z": 81, "l": 1082, "nm": "ESCOLA 13 DE MAIO", "nm_mun": "SANTA MARIA DA BOA VISTA", "aptos": 642, "imp": 0}}, {"type": "Feature", "geometry": {"type": "Point", "coordinates": [-39.720599, -8.776259]}, "properties": {"i": 2769, "mun": 25518, "ibge": 2612604, "z": 81, "l": 1104, "nm": "ESCOLA ESTANISLAU MEDRADO", "nm_mun": "SANTA MARIA DA BOA VISTA", "aptos": 673, "imp": 0}}, {"type": "Feature", "geometry": {"type": "Point", "coordinates": [-39.695929, -8.750449]}, "properties": {"i": 2770, "mun": 25518, "ibge": 2612604, "z": 81, "l": 1112, "nm": "ESCOLA MUNICIPAL ANTÔNIO TOMAS", "nm_mun": "SANTA MARIA DA BOA VISTA", "aptos": 549, "imp": 0}}, {"type": "Feature", "geometry": {"type": "Point", "coordinates": [-39.826524, -8.795875]}, "properties": {"i": 2771, "mun": 25518, "ibge": 2612604, "z": 81, "l": 1120, "nm": "ESCOLA PROFESSORA CREUSA DOS SANTOS OLIVEIRA", "nm_mun": "SANTA MARIA DA BOA VISTA", "aptos": 1741, "imp": 0}}, {"type": "Feature", "geometry": {"type": "Point", "coordinates": [-39.709601, -8.634735]}, "properties": {"i": 2772, "mun": 25518, "ibge": 2612604, "z": 81, "l": 1147, "nm": "ESCOLA MARIA DA PURIFICACAO", "nm_mun": "SANTA MARIA DA BOA VISTA", "aptos": 1095, "imp": 0}}, {"type": "Feature", "geometry": {"type": "Point", "coordinates": [-39.825855, -8.80266]}, "properties": {"i": 2773, "mun": 25518, "ibge": 2612604, "z": 81, "l": 1155, "nm": "ESCOLA PROFESSORA JUDITH GOMES DE BARROS", "nm_mun": "SANTA MARIA DA BOA VISTA", "aptos": 2990, "imp": 0}}, {"type": "Feature", "geometry": {"type": "Point", "coordinates": [-39.768103, -8.430163]}, "properties": {"i": 2774, "mun": 25518, "ibge": 2612604, "z": 81, "l": 1163, "nm": "ESCOLAS REUNIDAS COROA DE FRADE", "nm_mun": "SANTA MARIA DA BOA VISTA", "aptos": 267, "imp": 0}}, {"type": "Feature", "geometry": {"type": "Point", "coordinates": [-39.77579, -8.39405]}, "properties": {"i": 2775, "mun": 25518, "ibge": 2612604, "z": 81, "l": 1171, "nm": "ESCOLA SERRA DAS ARARAS", "nm_mun": "SANTA MARIA DA BOA VISTA", "aptos": 527, "imp": 0}}, {"type": "Feature", "geometry": {"type": "Point", "coordinates": [-39.831457, -8.423556]}, "properties": {"i": 2776, "mun": 25518, "ibge": 2612604, "z": 81, "l": 1180, "nm": "ESCOLA JURITI", "nm_mun": "SANTA MARIA DA BOA VISTA", "aptos": 748, "imp": 0}}, {"type": "Feature", "geometry": {"type": "Point", "coordinates": [-39.75553, -8.448088]}, "properties": {"i": 2777, "mun": 25518, "ibge": 2612604, "z": 81, "l": 1228, "nm": "ESCOLA TEJÚ", "nm_mun": "SANTA MARIA DA BOA VISTA", "aptos": 565, "imp": 0}}, {"type": "Feature", "geometry": {"type": "Point", "coordinates": [-39.765052, -8.48156]}, "properties": {"i": 2778, "mun": 25518, "ibge": 2612604, "z": 81, "l": 1252, "nm": "ESCOLA 3 POTES", "nm_mun": "SANTA MARIA DA BOA VISTA", "aptos": 681, "imp": 0}}, {"type": "Feature", "geometry": {"type": "Point", "coordinates": [-39.748482, -8.434828]}, "properties": {"i": 2779, "mun": 25518, "ibge": 2612604, "z": 81, "l": 1260, "nm": "ESCOLA  SURUBIM", "nm_mun": "SANTA MARIA DA BOA VISTA", "aptos": 325, "imp": 0}}, {"type": "Feature", "geometry": {"type": "Point", "coordinates": [-39.768918, -8.414489]}, "properties": {"i": 2780, "mun": 25518, "ibge": 2612604, "z": 81, "l": 1279, "nm": "ESCOLA CORVINA", "nm_mun": "SANTA MARIA DA BOA VISTA", "aptos": 280, "imp": 0}}, {"type": "Feature", "geometry": {"type": "Point", "coordinates": [-39.825204, -8.79534]}, "properties": {"i": 2781, "mun": 25518, "ibge": 2612604, "z": 81, "l": 1287, "nm": "ESCOLA MUNICIPAL AFONSO ALVES", "nm_mun": "SANTA MARIA DA BOA VISTA", "aptos": 1335, "imp": 0}}, {"type": "Feature", "geometry": {"type": "Point", "coordinates": [-39.69682, -8.771696]}, "properties": {"i": 2782, "mun": 25518, "ibge": 2612604, "z": 81, "l": 1309, "nm": "ESCOLA CASSIMIRO LUCAS", "nm_mun": "SANTA MARIA DA BOA VISTA", "aptos": 511, "imp": 0}}, {"type": "Feature", "geometry": {"type": "Point", "coordinates": [-40.002764, -8.694645]}, "properties": {"i": 2783, "mun": 25518, "ibge": 2612604, "z": 81, "l": 1317, "nm": "ESCOLA MARTINIANO PEREIRA BRANDAO", "nm_mun": "SANTA MARIA DA BOA VISTA", "aptos": 481, "imp": 0}}, {"type": "Feature", "geometry": {"type": "Point", "coordinates": [-39.829183, -8.803695]}, "properties": {"i": 2784, "mun": 25518, "ibge": 2612604, "z": 81, "l": 1333, "nm": "SECRETARIA DE EDUCACAO MUNICIPAL", "nm_mun": "SANTA MARIA DA BOA VISTA", "aptos": 635, "imp": 0}}, {"type": "Feature", "geometry": {"type": "Point", "coordinates": [-39.918605, -8.944381]}, "properties": {"i": 2785, "mun": 25518, "ibge": 2612604, "z": 81, "l": 1350, "nm": "ESCOLA MUNICIPAL MARCOS FREIRE", "nm_mun": "SANTA MARIA DA BOA VISTA", "aptos": 943, "imp": 0}}, {"type": "Feature", "geometry": {"type": "Point", "coordinates": [-39.711366, -8.691224]}, "properties": {"i": 2786, "mun": 25518, "ibge": 2612604, "z": 81, "l": 1368, "nm": "ESCOLA DR. ANDRÉ SAMPAIO", "nm_mun": "SANTA MARIA DA BOA VISTA", "aptos": 543, "imp": 0}}, {"type": "Feature", "geometry": {"type": "Point", "coordinates": [-39.940768, -8.988902]}, "properties": {"i": 2787, "mun": 25518, "ibge": 2612604, "z": 81, "l": 1376, "nm": "ESCOLA FRANCESCO MAURO", "nm_mun": "SANTA MARIA DA BOA VISTA", "aptos": 852, "imp": 0}}, {"type": "Feature", "geometry": {"type": "Point", "coordinates": [-40.029402, -8.983123]}, "properties": {"i": 2788, "mun": 25518, "ibge": 2612604, "z": 81, "l": 1384, "nm": "ESCOLA CATALUNHA", "nm_mun": "SANTA MARIA DA BOA VISTA", "aptos": 841, "imp": 0}}, {"type": "Feature", "geometry": {"type": "Point", "coordinates": [-39.82555, -8.800531]}, "properties": {"i": 2789, "mun": 25518, "ibge": 2612604, "z": 81, "l": 1406, "nm": "ESCOLA MUNICIPAL PREFEITO BARRINHO", "nm_mun": "SANTA MARIA DA BOA VISTA", "aptos": 2196, "imp": 0}}, {"type": "Feature", "geometry": {"type": "Point", "coordinates": [-39.982722, -9.009635]}, "properties": {"i": 2790, "mun": 25518, "ibge": 2612604, "z": 81, "l": 1422, "nm": "ESCOLA GABRIELA PÉRSICO", "nm_mun": "SANTA MARIA DA BOA VISTA", "aptos": 680, "imp": 0}}, {"type": "Feature", "geometry": {"type": "Point", "coordinates": [-39.81434, -8.420797]}, "properties": {"i": 2791, "mun": 25518, "ibge": 2612604, "z": 81, "l": 1457, "nm": "ESCOLA ASA BRANCA", "nm_mun": "SANTA MARIA DA BOA VISTA", "aptos": 1096, "imp": 0}}, {"type": "Feature", "geometry": {"type": "Point", "coordinates": [-39.920435, -8.841853]}, "properties": {"i": 2792, "mun": 25518, "ibge": 2612604, "z": 81, "l": 1465, "nm": "ESCOLA ANTONIO CONSELHEIRO", "nm_mun": "SANTA MARIA DA BOA VISTA", "aptos": 1159, "imp": 0}}, {"type": "Feature", "geometry": {"type": "Point", "coordinates": [-40.135259, -8.395422]}, "properties": {"i": 2793, "mun": 25518, "ibge": 2612604, "z": 81, "l": 1473, "nm": "ESCOLA SERRA DA SIRIEMA", "nm_mun": "SANTA MARIA DA BOA VISTA", "aptos": 250, "imp": 0}}, {"type": "Feature", "geometry": {"type": "Point", "coordinates": [-39.74003, -8.470021]}, "properties": {"i": 2794, "mun": 25518, "ibge": 2612604, "z": 81, "l": 1481, "nm": "ESCOLA PUNARÉ", "nm_mun": "SANTA MARIA DA BOA VISTA", "aptos": 568, "imp": 0}}, {"type": "Feature", "geometry": {"type": "Point", "coordinates": [-35.116993, -7.90697]}, "properties": {"i": 2795, "mun": 25518, "ibge": 2612604, "z": 81, "l": 1570, "nm": "ESTRATÉGIA DE SAÚDE DA FAMÍLIA - ESF", "nm_mun": "SANTA MARIA DA BOA VISTA", "aptos": 289, "imp": 1}}, {"type": "Feature", "geometry": {"type": "Point", "coordinates": [-35.509443, -7.687061]}, "properties": {"i": 2796, "mun": 25518, "ibge": 2612604, "z": 81, "l": 1589, "nm": "ESCOLA MUNICIPAL CAITITU", "nm_mun": "SANTA MARIA DA BOA VISTA", "aptos": 774, "imp": 1}}, {"type": "Feature", "geometry": {"type": "Point", "coordinates": [-35.881578, -7.838958]}, "properties": {"i": 2797, "mun": 25534, "ibge": 2612703, "z": 46, "l": 1015, "nm": "ESCOLA MUNICIPAL PROFESSOR AGRIPINO DE ALMEIDA", "nm_mun": "SANTA MARIA DO CAMBUCÁ", "aptos": 6755, "imp": 0}}, {"type": "Feature", "geometry": {"type": "Point", "coordinates": [-35.880979, -7.834232]}, "properties": {"i": 2798, "mun": 25534, "ibge": 2612703, "z": 46, "l": 1023, "nm": "EREM JOAO DAVID DE SOUSA", "nm_mun": "SANTA MARIA DO CAMBUCÁ", "aptos": 1821, "imp": 0}}, {"type": "Feature", "geometry": {"type": "Point", "coordinates": [-35.904729, -7.805385]}, "properties": {"i": 2799, "mun": 25534, "ibge": 2612703, "z": 46, "l": 1040, "nm": "ESCOLA MUNICIPAL AMARA ANA DE JESUS", "nm_mun": "SANTA MARIA DO CAMBUCÁ", "aptos": 1308, "imp": 0}}, {"type": "Feature", "geometry": {"type": "Point", "coordinates": [-35.903907, -7.805725]}, "properties": {"i": 2800, "mun": 25534, "ibge": 2612703, "z": 46, "l": 1058, "nm": "ESCOLA MUNICIPAL JOSE DA COSTA MARQUES", "nm_mun": "SANTA MARIA DO CAMBUCÁ", "aptos": 637, "imp": 0}}, {"type": "Feature", "geometry": {"type": "Point", "coordinates": [-35.841849, -7.862874]}, "properties": {"i": 2801, "mun": 25534, "ibge": 2612703, "z": 46, "l": 1082, "nm": "ESCOLA MUNICIPAL JOÃO SILVINO", "nm_mun": "SANTA MARIA DO CAMBUCÁ", "aptos": 776, "imp": 0}}, {"type": "Feature", "geometry": {"type": "Point", "coordinates": [-35.707142, -8.056699]}, "properties": {"i": 2802, "mun": 25534, "ibge": 2612703, "z": 46, "l": 1104, "nm": "ESCOLA MUNICIPAL MANOEL LOURENÇO", "nm_mun": "SANTA MARIA DO CAMBUCÁ", "aptos": 252, "imp": 1}}, {"type": "Feature", "geometry": {"type": "Point", "coordinates": [-37.481654, -7.373716]}, "properties": {"i": 2803, "mun": 25550, "ibge": 2612802, "z": 99, "l": 1015, "nm": "ESCOLA MUNICIPAL JOSÉ PAULINO DE SIQUEIRA", "nm_mun": "SANTA TEREZINHA", "aptos": 3492, "imp": 0}}, {"type": "Feature", "geometry": {"type": "Point", "coordinates": [-37.408164, -7.463827]}, "properties": {"i": 2804, "mun": 25550, "ibge": 2612802, "z": 99, "l": 1023, "nm": "ESCOLA MUNICIPAL TOBIAS NUNES DE LIRA", "nm_mun": "SANTA TEREZINHA", "aptos": 535, "imp": 0}}, {"type": "Feature", "geometry": {"type": "Point", "coordinates": [-37.478034, -7.378498]}, "properties": {"i": 2805, "mun": 25550, "ibge": 2612802, "z": 99, "l": 1031, "nm": "ESC. REF. ENS. MÉDIO-EREM SANTA TEREZINHA", "nm_mun": "SANTA TEREZINHA", "aptos": 4040, "imp": 0}}, {"type": "Feature", "geometry": {"type": "Point", "coordinates": [-35.932299, -8.81209]}, "properties": {"i": 2806, "mun": 25577, "ibge": 2612901, "z": 47, "l": 1015, "nm": "COLEGIO MUNICIPAL HELIODORO PEREIRA DE ANDRADE", "nm_mun": "SÃO BENEDITO DO SUL", "aptos": 1628, "imp": 0}}, {"type": "Feature", "geometry": {"type": "Point", "coordinates": [-35.932522, -8.811637]}, "properties": {"i": 2807, "mun": 25577, "ibge": 2612901, "z": 47, "l": 1023, "nm": "ESCOLA ESTADUAL ELOY MALTA DE ALENCAR", "nm_mun": "SÃO BENEDITO DO SUL", "aptos": 2284, "imp": 0}}, {"type": "Feature", "geometry": {"type": "Point", "coordinates": [-35.880282, -8.80127]}, "properties": {"i": 2808, "mun": 25577, "ibge": 2612901, "z": 47, "l": 1082, "nm": "ESCOLA MUNICIPAL DR. JOSÉ DE ABREU SANTOS", "nm_mun": "SÃO BENEDITO DO SUL", "aptos": 1544, "imp": 0}}, {"type": "Feature", "geometry": {"type": "Point", "coordinates": [-35.944577, -8.801948]}, "properties": {"i": 2809, "mun": 25577, "ibge": 2612901, "z": 47, "l": 1163, "nm": "ESCOLA MUNICIPAL CLÁUDIO JOSÉ GOMES DE AMORIM", "nm_mun": "SÃO BENEDITO DO SUL", "aptos": 1761, "imp": 0}}, {"type": "Feature", "geometry": {"type": "Point", "coordinates": [-35.932299, -8.81209]}, "properties": {"i": 2810, "mun": 25577, "ibge": 2612901, "z": 47, "l": 1198, "nm": "CÂMARA MUNICIPAL DE VEREADORES", "nm_mun": "SÃO BENEDITO DO SUL", "aptos": 624, "imp": 1}}, {"type": "Feature", "geometry": {"type": "Point", "coordinates": [-36.449503, -8.525278]}, "properties": {"i": 2811, "mun": 25593, "ibge": 2613008, "z": 52, "l": 1015, "nm": "COLÉGIO CÔNEGO JOÃO RODRIGUES (AGRÍCOLA)", "nm_mun": "SÃO BENTO DO UNA", "aptos": 6007, "imp": 0}}, {"type": "Feature", "geometry": {"type": "Point", "coordinates": [-36.448829, -8.523551]}, "properties": {"i": 2812, "mun": 25593, "ibge": 2613008, "z": 52, "l": 1023, "nm": "ESCOLA LENITA FONTES CINTRA", "nm_mun": "SÃO BENTO DO UNA", "aptos": 4423, "imp": 0}}, {"type": "Feature", "geometry": {"type": "Point", "coordinates": [-36.442625, -8.519506]}, "properties": {"i": 2813, "mun": 25593, "ibge": 2613008, "z": 52, "l": 1031, "nm": "ESCOLA ELPIDIO BARBOSA MACIEL", "nm_mun": "SÃO BENTO DO UNA", "aptos": 3165, "imp": 0}}, {"type": "Feature", "geometry": {"type": "Point", "coordinates": [-36.432113, -8.519647]}, "properties": {"i": 2814, "mun": 25593, "ibge": 2613008, "z": 52, "l": 1040, "nm": "ESCOLA WALDERES LIMA DE BRITO", "nm_mun": "SÃO BENTO DO UNA", "aptos": 3866, "imp": 0}}, {"type": "Feature", "geometry": {"type": "Point", "coordinates": [-36.443397, -8.523522]}, "properties": {"i": 2815, "mun": 25593, "ibge": 2613008, "z": 52, "l": 1058, "nm": "E.R.E.M. RODOLFO PAIVA", "nm_mun": "SÃO BENTO DO UNA", "aptos": 6566, "imp": 0}}, {"type": "Feature", "geometry": {"type": "Point", "coordinates": [-36.344754, -8.47691]}, "properties": {"i": 2816, "mun": 25593, "ibge": 2613008, "z": 52, "l": 1066, "nm": "ESCOLA MARECHAL CORDEIRO DE FARIAS", "nm_mun": "SÃO BENTO DO UNA", "aptos": 2741, "imp": 0}}, {"type": "Feature", "geometry": {"type": "Point", "coordinates": [-36.467367, -8.636233]}, "properties": {"i": 2817, "mun": 25593, "ibge": 2613008, "z": 52, "l": 1074, "nm": "ESCOLA DR. LAURINDO LINS CAVALCANTI", "nm_mun": "SÃO BENTO DO UNA", "aptos": 765, "imp": 0}}, {"type": "Feature", "geometry": {"type": "Point", "coordinates": [-36.340514, -8.53727]}, "properties": {"i": 2818, "mun": 25593, "ibge": 2613008, "z": 52, "l": 1082, "nm": "ESCOLA LUIZ SALUSTIANO", "nm_mun": "SÃO BENTO DO UNA", "aptos": 943, "imp": 0}}, {"type": "Feature", "geometry": {"type": "Point", "coordinates": [-36.381107, -8.600148]}, "properties": {"i": 2819, "mun": 25593, "ibge": 2613008, "z": 52, "l": 1090, "nm": "CRECHE TERESA CORDEIRO DA SILVA", "nm_mun": "SÃO BENTO DO UNA", "aptos": 1210, "imp": 0}}, {"type": "Feature", "geometry": {"type": "Point", "coordinates": [-36.446939, -8.522763]}, "properties": {"i": 2820, "mun": 25593, "ibge": 2613008, "z": 52, "l": 1104, "nm": "ESCOLA PAROQUIAL DOM BOSCO", "nm_mun": "SÃO BENTO DO UNA", "aptos": 1868, "imp": 0}}, {"type": "Feature", "geometry": {"type": "Point", "coordinates": [-36.437466, -8.526655]}, "properties": {"i": 2821, "mun": 25593, "ibge": 2613008, "z": 52, "l": 1163, "nm": "ESCOLA PAULO CORDEIRO DE FARIAS JUNIOR", "nm_mun": "SÃO BENTO DO UNA", "aptos": 1974, "imp": 0}}, {"type": "Feature", "geometry": {"type": "Point", "coordinates": [-36.535058, -8.518703]}, "properties": {"i": 2822, "mun": 25593, "ibge": 2613008, "z": 52, "l": 1180, "nm": "ESCOLA PROF. ROBERTO MAGALHAES", "nm_mun": "SÃO BENTO DO UNA", "aptos": 982, "imp": 0}}, {"type": "Feature", "geometry": {"type": "Point", "coordinates": [-36.516977, -8.581995]}, "properties": {"i": 2823, "mun": 25593, "ibge": 2613008, "z": 52, "l": 1198, "nm": "ESCOLA OSVALDO CELSO MACIEL", "nm_mun": "SÃO BENTO DO UNA", "aptos": 681, "imp": 0}}, {"type": "Feature", "geometry": {"type": "Point", "coordinates": [-36.427681, -8.625842]}, "properties": {"i": 2824, "mun": 25593, "ibge": 2613008, "z": 52, "l": 1201, "nm": "ESCOLA ANTÔNIO CADETE", "nm_mun": "SÃO BENTO DO UNA", "aptos": 577, "imp": 0}}, {"type": "Feature", "geometry": {"type": "Point", "coordinates": [-36.491331, -8.645298]}, "properties": {"i": 2825, "mun": 25593, "ibge": 2613008, "z": 52, "l": 1228, "nm": "ESCOLA ANTONIO JOSE DE SANTANA", "nm_mun": "SÃO BENTO DO UNA", "aptos": 562, "imp": 0}}, {"type": "Feature", "geometry": {"type": "Point", "coordinates": [-36.445878, -8.512164]}, "properties": {"i": 2826, "mun": 25593, "ibge": 2613008, "z": 52, "l": 1236, "nm": "ESCOLA MÔNICA CRISTINA BRAGA", "nm_mun": "SÃO BENTO DO UNA", "aptos": 1462, "imp": 0}}, {"type": "Feature", "geometry": {"type": "Point", "coordinates": [-37.083933, -8.565891]}, "properties": {"i": 2827, "mun": 25593, "ibge": 2613008, "z": 52, "l": 1260, "nm": "ESCOLA MANOEL RODRIGUES ARCOVERDE", "nm_mun": "SÃO BENTO DO UNA", "aptos": 143, "imp": 1}}, {"type": "Feature", "geometry": {"type": "Point", "coordinates": [-40.49339, -7.559254]}, "properties": {"i": 2828, "mun": 25593, "ibge": 2613008, "z": 52, "l": 1279, "nm": "ESCOLA ESTER SIQUEIRA DE SOUZA", "nm_mun": "SÃO BENTO DO UNA", "aptos": 204, "imp": 1}}, {"type": "Feature", "geometry": {"type": "Point", "coordinates": [-34.929619, -8.166969]}, "properties": {"i": 2829, "mun": 25593, "ibge": 2613008, "z": 52, "l": 1287, "nm": "ESCOLA VALDIRO CORDEIRO DOS SANTOS", "nm_mun": "SÃO BENTO DO UNA", "aptos": 105, "imp": 1}}, {"type": "Feature", "geometry": {"type": "Point", "coordinates": [-36.138639, -8.327702]}, "properties": {"i": 2830, "mun": 25615, "ibge": 2613107, "z": 44, "l": 1058, "nm": "ESCOLA CORONEL CAMILO PEREIRA CARNEIRO", "nm_mun": "SÃO CAITANO", "aptos": 3981, "imp": 0}}, {"type": "Feature", "geometry": {"type": "Point", "coordinates": [-36.138654, -8.326099]}, "properties": {"i": 2831, "mun": 25615, "ibge": 2613107, "z": 44, "l": 1082, "nm": "ESCOLA PIO XII", "nm_mun": "SÃO CAITANO", "aptos": 2976, "imp": 0}}, {"type": "Feature", "geometry": {"type": "Point", "coordinates": [-36.13394, -8.32446]}, "properties": {"i": 2832, "mun": 25615, "ibge": 2613107, "z": 44, "l": 1139, "nm": "ESCOLA JOAQUIM RIBEIRO DA ROCHA", "nm_mun": "SÃO CAITANO", "aptos": 2606, "imp": 0}}, {"type": "Feature", "geometry": {"type": "Point", "coordinates": [-36.145984, -8.416375]}, "properties": {"i": 2833, "mun": 25615, "ibge": 2613107, "z": 44, "l": 1180, "nm": "ESCOLA MUNICIPAL JOAO ALMEIDA LIMA", "nm_mun": "SÃO CAITANO", "aptos": 1986, "imp": 0}}, {"type": "Feature", "geometry": {"type": "Point", "coordinates": [-36.08077, -8.252272]}, "properties": {"i": 2834, "mun": 25615, "ibge": 2613107, "z": 44, "l": 1236, "nm": "ESCOLA MUNICIPAL TENENTE JOSE FRANCISCO GRACIANO", "nm_mun": "SÃO CAITANO", "aptos": 2170, "imp": 0}}, {"type": "Feature", "geometry": {"type": "Point", "coordinates": [-36.152817, -8.248366]}, "properties": {"i": 2835, "mun": 25615, "ibge": 2613107, "z": 44, "l": 1287, "nm": "ESCOLA MUNICIPAL MANOEL JOAQUIM DOS SANTOS", "nm_mun": "SÃO CAITANO", "aptos": 1589, "imp": 0}}, {"type": "Feature", "geometry": {"type": "Point", "coordinates": [-36.143829, -8.329994]}, "properties": {"i": 2836, "mun": 25615, "ibge": 2613107, "z": 44, "l": 1309, "nm": "ESCOLA AGAMENON MAGALHAES", "nm_mun": "SÃO CAITANO", "aptos": 4831, "imp": 0}}, {"type": "Feature", "geometry": {"type": "Point", "coordinates": [-36.138884, -8.319789]}, "properties": {"i": 2837, "mun": 25615, "ibge": 2613107, "z": 44, "l": 1350, "nm": "GRUPO ESCOLAR SIZENANDO LEITE DE MACÊDO", "nm_mun": "SÃO CAITANO", "aptos": 1524, "imp": 0}}, {"type": "Feature", "geometry": {"type": "Point", "coordinates": [-36.13875, -8.327735]}, "properties": {"i": 2838, "mun": 25615, "ibge": 2613107, "z": 44, "l": 1368, "nm": "CENTRO DE EDUCAÇÃO INFANTIL PROFESSORA ALBERTINA TELES DE PONTES", "nm_mun": "SÃO CAITANO", "aptos": 1328, "imp": 0}}, {"type": "Feature", "geometry": {"type": "Point", "coordinates": [-36.134724, -8.336193]}, "properties": {"i": 2839, "mun": 25615, "ibge": 2613107, "z": 44, "l": 1376, "nm": "ESCOLA MUNICIPAL PREFEITO COSMO PACHECO DA SILVA", "nm_mun": "SÃO CAITANO", "aptos": 2237, "imp": 0}}, {"type": "Feature", "geometry": {"type": "Point", "coordinates": [-36.134724, -8.336193]}, "properties": {"i": 2840, "mun": 25615, "ibge": 2613107, "z": 44, "l": 1392, "nm": "ESCOLA MUNICIPAL MARIA DO SOCORRO PONTES BRAGA", "nm_mun": "SÃO CAITANO", "aptos": 1442, "imp": 0}}, {"type": "Feature", "geometry": {"type": "Point", "coordinates": [-36.093392, -8.804541]}, "properties": {"i": 2841, "mun": 25615, "ibge": 2613107, "z": 44, "l": 1406, "nm": "ESCOLA CARMELITA GOMES DA SILVA", "nm_mun": "SÃO CAITANO", "aptos": 1364, "imp": 1}}, {"type": "Feature", "geometry": {"type": "Point", "coordinates": [-36.235806, -8.481919]}, "properties": {"i": 2842, "mun": 25615, "ibge": 2613107, "z": 44, "l": 1414, "nm": "ESCOLA FERNANDO CHAVES", "nm_mun": "SÃO CAITANO", "aptos": 1387, "imp": 1}}, {"type": "Feature", "geometry": {"type": "Point", "coordinates": [-35.757474, -8.231278]}, "properties": {"i": 2843, "mun": 25615, "ibge": 2613107, "z": 44, "l": 1422, "nm": "CRECHE JOSÉ DE SÁ MARQUIM", "nm_mun": "SÃO CAITANO", "aptos": 1492, "imp": 1}}, {"type": "Feature", "geometry": {"type": "Point", "coordinates": [-36.365548, -8.87085]}, "properties": {"i": 2844, "mun": 25631, "ibge": 2613206, "z": 116, "l": 1031, "nm": "ESCOLA JOÃO DE ASSIS MORENO", "nm_mun": "SÃO JOÃO", "aptos": 4720, "imp": 0}}, {"type": "Feature", "geometry": {"type": "Point", "coordinates": [-36.364448, -8.876545]}, "properties": {"i": 2845, "mun": 25631, "ibge": 2613206, "z": 116, "l": 1074, "nm": "ESCOLA TICO E TECO", "nm_mun": "SÃO JOÃO", "aptos": 3048, "imp": 0}}, {"type": "Feature", "geometry": {"type": "Point", "coordinates": [-36.365548, -8.87085]}, "properties": {"i": 2846, "mun": 25631, "ibge": 2613206, "z": 116, "l": 1090, "nm": "ESCOLA JOÃO FERNANDES DA SILVA", "nm_mun": "SÃO JOÃO", "aptos": 3565, "imp": 0}}, {"type": "Feature", "geometry": {"type": "Point", "coordinates": [-36.365314, -8.876862]}, "properties": {"i": 2847, "mun": 25631, "ibge": 2613206, "z": 116, "l": 1147, "nm": "FCESP", "nm_mun": "SÃO JOÃO", "aptos": 976, "imp": 0}}, {"type": "Feature", "geometry": {"type": "Point", "coordinates": [-36.371044, -8.878951]}, "properties": {"i": 2848, "mun": 25631, "ibge": 2613206, "z": 116, "l": 1171, "nm": "ESCOLA EMÍDIO CORREIA DE OLIVEIRA", "nm_mun": "SÃO JOÃO", "aptos": 1893, "imp": 0}}, {"type": "Feature", "geometry": {"type": "Point", "coordinates": [-36.364585, -8.878053]}, "properties": {"i": 2849, "mun": 25631, "ibge": 2613206, "z": 116, "l": 1210, "nm": "CRECHE MUNICIPAL MARLI VANDERLEY LOPES LIMA", "nm_mun": "SÃO JOÃO", "aptos": 1356, "imp": 0}}, {"type": "Feature", "geometry": {"type": "Point", "coordinates": [-36.371618, -8.878687]}, "properties": {"i": 2850, "mun": 25631, "ibge": 2613206, "z": 116, "l": 1236, "nm": "ESCOLA MUNICIPAL PROFESSORA OLÍVIA VILELA BARBOSA", "nm_mun": "SÃO JOÃO", "aptos": 1528, "imp": 0}}, {"type": "Feature", "geometry": {"type": "Point", "coordinates": [-36.371044, -8.878951]}, "properties": {"i": 2851, "mun": 25631, "ibge": 2613206, "z": 116, "l": 1244, "nm": "CLUBE MUNICIPAL AREIA BRANCA", "nm_mun": "SÃO JOÃO", "aptos": 1106, "imp": 0}}, {"type": "Feature", "geometry": {"type": "Point", "coordinates": [-35.810157, -8.430863]}, "properties": {"i": 2852, "mun": 25658, "ibge": 2613305, "z": 132, "l": 1040, "nm": "EREM FREI EPIFÂNIO", "nm_mun": "SÃO JOAQUIM DO MONTE", "aptos": 1525, "imp": 0}}, {"type": "Feature", "geometry": {"type": "Point", "coordinates": [-35.807118, -8.433748]}, "properties": {"i": 2853, "mun": 25658, "ibge": 2613305, "z": 132, "l": 1058, "nm": "G E J VITORINO DE CARVALHO", "nm_mun": "SÃO JOAQUIM DO MONTE", "aptos": 1629, "imp": 0}}, {"type": "Feature", "geometry": {"type": "Point", "coordinates": [-36.633559, -8.254394]}, "properties": {"i": 2854, "mun": 25658, "ibge": 2613305, "z": 132, "l": 1066, "nm": "GRUPO ESCOLAR FELISMINO GUEDES", "nm_mun": "SÃO JOAQUIM DO MONTE", "aptos": 363, "imp": 1}}, {"type": "Feature", "geometry": {"type": "Point", "coordinates": [-35.81161, -8.437945]}, "properties": {"i": 2855, "mun": 25658, "ibge": 2613305, "z": 132, "l": 1074, "nm": "G E MANOEL QUINTINO", "nm_mun": "SÃO JOAQUIM DO MONTE", "aptos": 1101, "imp": 0}}, {"type": "Feature", "geometry": {"type": "Point", "coordinates": [-35.811412, -8.433965]}, "properties": {"i": 2856, "mun": 25658, "ibge": 2613305, "z": 132, "l": 1090, "nm": "ESCOLA MUNICIPAL PEDRO ANANIAS DE MELO", "nm_mun": "SÃO JOAQUIM DO MONTE", "aptos": 2714, "imp": 0}}, {"type": "Feature", "geometry": {"type": "Point", "coordinates": [-35.89475, -8.507025]}, "properties": {"i": 2857, "mun": 25658, "ibge": 2613305, "z": 132, "l": 1112, "nm": "ESCOLA MUNICIPAL INTERMEDIÁRIA VITÓRIA TENÓRIO VAZ", "nm_mun": "SÃO JOAQUIM DO MONTE", "aptos": 1270, "imp": 0}}, {"type": "Feature", "geometry": {"type": "Point", "coordinates": [-35.878727, -8.581936]}, "properties": {"i": 2858, "mun": 25658, "ibge": 2613305, "z": 132, "l": 1163, "nm": "ESCOLA INTER. JOSÉ DE ANDRADE GUEDES", "nm_mun": "SÃO JOAQUIM DO MONTE", "aptos": 1881, "imp": 0}}, {"type": "Feature", "geometry": {"type": "Point", "coordinates": [-35.810583, -8.430087]}, "properties": {"i": 2859, "mun": 25658, "ibge": 2613305, "z": 132, "l": 1198, "nm": "COLÉGIO MUN. OSVALDO BENÍCIO VAZ CAVALCANTI", "nm_mun": "SÃO JOAQUIM DO MONTE", "aptos": 2962, "imp": 0}}, {"type": "Feature", "geometry": {"type": "Point", "coordinates": [-35.80692, -8.433062]}, "properties": {"i": 2860, "mun": 25658, "ibge": 2613305, "z": 132, "l": 1201, "nm": "CÂMARA MUNICIPAL", "nm_mun": "SÃO JOAQUIM DO MONTE", "aptos": 757, "imp": 0}}, {"type": "Feature", "geometry": {"type": "Point", "coordinates": [-35.811476, -8.429108]}, "properties": {"i": 2861, "mun": 25658, "ibge": 2613305, "z": 132, "l": 1244, "nm": "CENTRO EDUCACIONAL FREI DAMIÃO", "nm_mun": "SÃO JOAQUIM DO MONTE", "aptos": 1481, "imp": 0}}, {"type": "Feature", "geometry": {"type": "Point", "coordinates": [-35.448831, -7.548597]}, "properties": {"i": 2862, "mun": 25658, "ibge": 2613305, "z": 132, "l": 1260, "nm": "CENTRO DE CONVIVÊNCIA DO IDOSO", "nm_mun": "SÃO JOAQUIM DO MONTE", "aptos": 498, "imp": 1}}, {"type": "Feature", "geometry": {"type": "Point", "coordinates": [-35.500319, -8.590503]}, "properties": {"i": 2863, "mun": 25658, "ibge": 2613305, "z": 132, "l": 1279, "nm": "CRECHE MUNICIPAL MARIA DO CARMO DE ALMEIDA", "nm_mun": "SÃO JOAQUIM DO MONTE", "aptos": 728, "imp": 1}}, {"type": "Feature", "geometry": {"type": "Point", "coordinates": [-36.032607, -8.341806]}, "properties": {"i": 2864, "mun": 25658, "ibge": 2613305, "z": 132, "l": 1287, "nm": "CENTRO ESPORTIVO CARLOS HENRIQUE DE OLIVEIRA LINS", "nm_mun": "SÃO JOAQUIM DO MONTE", "aptos": 743, "imp": 1}}, {"type": "Feature", "geometry": {"type": "Point", "coordinates": [-35.144579, -8.897818]}, "properties": {"i": 2865, "mun": 25674, "ibge": 2613404, "z": 42, "l": 1015, "nm": "SECRETARIA DE INCLUSÃO SOCIAL", "nm_mun": "SÃO JOSÉ DA COROA GRANDE", "aptos": 1078, "imp": 0}}, {"type": "Feature", "geometry": {"type": "Point", "coordinates": [-35.148951, -8.896063]}, "properties": {"i": 2866, "mun": 25674, "ibge": 2613404, "z": 42, "l": 1031, "nm": "ESCOLA JOÃO FRANCISCO DE MELO", "nm_mun": "SÃO JOSÉ DA COROA GRANDE", "aptos": 3394, "imp": 0}}, {"type": "Feature", "geometry": {"type": "Point", "coordinates": [-35.146192, -8.896566]}, "properties": {"i": 2867, "mun": 25674, "ibge": 2613404, "z": 42, "l": 1040, "nm": "ESCOLA CARLOS JOSÉ DIAS", "nm_mun": "SÃO JOSÉ DA COROA GRANDE", "aptos": 3746, "imp": 0}}, {"type": "Feature", "geometry": {"type": "Point", "coordinates": [-35.146192, -8.89943]}, "properties": {"i": 2868, "mun": 25674, "ibge": 2613404, "z": 42, "l": 1058, "nm": "SALÃO PAROQUIAL", "nm_mun": "SÃO JOSÉ DA COROA GRANDE", "aptos": 1176, "imp": 0}}, {"type": "Feature", "geometry": {"type": "Point", "coordinates": [-35.1447, -8.84023]}, "properties": {"i": 2869, "mun": 25674, "ibge": 2613404, "z": 42, "l": 1066, "nm": "ESCOLA MUNICIPAL PROFESSORA SIMONE MARIE GOMES FERREIRA", "nm_mun": "SÃO JOSÉ DA COROA GRANDE", "aptos": 1740, "imp": 0}}, {"type": "Feature", "geometry": {"type": "Point", "coordinates": [-35.149224, -8.891734]}, "properties": {"i": 2870, "mun": 25674, "ibge": 2613404, "z": 42, "l": 1090, "nm": "ESCOLA MUNICIPAL GISA", "nm_mun": "SÃO JOSÉ DA COROA GRANDE", "aptos": 1830, "imp": 0}}, {"type": "Feature", "geometry": {"type": "Point", "coordinates": [-35.148849, -8.899191]}, "properties": {"i": 2871, "mun": 25674, "ibge": 2613404, "z": 42, "l": 1104, "nm": "ESCOLA MUNICIPAL ESPIRITO SANTO", "nm_mun": "SÃO JOSÉ DA COROA GRANDE", "aptos": 2664, "imp": 0}}, {"type": "Feature", "geometry": {"type": "Point", "coordinates": [-35.140697, -8.859386]}, "properties": {"i": 2872, "mun": 25674, "ibge": 2613404, "z": 42, "l": 1112, "nm": "ESCOLA MUNICIPAL ABREU DO UNA", "nm_mun": "SÃO JOSÉ DA COROA GRANDE", "aptos": 968, "imp": 0}}, {"type": "Feature", "geometry": {"type": "Point", "coordinates": [-35.854815, -8.137658]}, "properties": {"i": 2873, "mun": 25674, "ibge": 2613404, "z": 42, "l": 1120, "nm": "ESCOLA MUNICIPAL SEVERINA NUNES DE ANDRADE", "nm_mun": "SÃO JOSÉ DA COROA GRANDE", "aptos": 557, "imp": 1}}, {"type": "Feature", "geometry": {"type": "Point", "coordinates": [-35.854815, -8.137658]}, "properties": {"i": 2874, "mun": 25674, "ibge": 2613404, "z": 42, "l": 1139, "nm": "ESCOLA MUNICIPAL TEREZA CRISTINA MELO DOS REIS", "nm_mun": "SÃO JOSÉ DA COROA GRANDE", "aptos": 386, "imp": 1}}, {"type": "Feature", "geometry": {"type": "Point", "coordinates": [-35.482679, -7.782658]}, "properties": {"i": 2875, "mun": 25674, "ibge": 2613404, "z": 42, "l": 1147, "nm": "ESCOLA MUNICIPAL LÍVIO TENÓRIO", "nm_mun": "SÃO JOSÉ DA COROA GRANDE", "aptos": 271, "imp": 1}}, {"type": "Feature", "geometry": {"type": "Point", "coordinates": [-38.751775, -7.876504]}, "properties": {"i": 2876, "mun": 25690, "ibge": 2613503, "z": 74, "l": 1015, "nm": "ESC. WALMY CAMPOS BEZERRA", "nm_mun": "SÃO JOSÉ DO BELMONTE", "aptos": 3325, "imp": 0}}, {"type": "Feature", "geometry": {"type": "Point", "coordinates": [-38.757553, -7.869563]}, "properties": {"i": 2877, "mun": 25690, "ibge": 2613503, "z": 74, "l": 1023, "nm": "ESC. MUNIC. MARIA JOSÉ NÓBREGA DE FIGUEIREDO MOURA", "nm_mun": "SÃO JOSÉ DO BELMONTE", "aptos": 2790, "imp": 0}}, {"type": "Feature", "geometry": {"type": "Point", "coordinates": [-38.760168, -7.862223]}, "properties": {"i": 2878, "mun": 25690, "ibge": 2613503, "z": 74, "l": 1040, "nm": "ESC. PROF. MANOEL DE QUEIROZ", "nm_mun": "SÃO JOSÉ DO BELMONTE", "aptos": 4281, "imp": 0}}, {"type": "Feature", "geometry": {"type": "Point", "coordinates": [-38.761056, -7.865522]}, "properties": {"i": 2879, "mun": 25690, "ibge": 2613503, "z": 74, "l": 1066, "nm": "ESC. MUN. MARIZINHA BARROS", "nm_mun": "SÃO JOSÉ DO BELMONTE", "aptos": 3109, "imp": 0}}, {"type": "Feature", "geometry": {"type": "Point", "coordinates": [-38.623261, -7.995139]}, "properties": {"i": 2880, "mun": 25690, "ibge": 2613503, "z": 74, "l": 1074, "nm": "ESC. MUN. MANUELA FERNANDES A. LEÃO", "nm_mun": "SÃO JOSÉ DO BELMONTE", "aptos": 849, "imp": 0}}, {"type": "Feature", "geometry": {"type": "Point", "coordinates": [-38.625175, -7.996196]}, "properties": {"i": 2881, "mun": 25690, "ibge": 2613503, "z": 74, "l": 1082, "nm": "ESC. NAPOLEAO ARAUJO", "nm_mun": "SÃO JOSÉ DO BELMONTE", "aptos": 1774, "imp": 0}}, {"type": "Feature", "geometry": {"type": "Point", "coordinates": [-38.723458, -7.75352]}, "properties": {"i": 2882, "mun": 25690, "ibge": 2613503, "z": 74, "l": 1104, "nm": "ESC. MUN. JOSÉ MARIANO DE MOURA", "nm_mun": "SÃO JOSÉ DO BELMONTE", "aptos": 3163, "imp": 0}}, {"type": "Feature", "geometry": {"type": "Point", "coordinates": [-38.92483, -7.875272]}, "properties": {"i": 2883, "mun": 25690, "ibge": 2613503, "z": 74, "l": 1120, "nm": "ESC. MUN. JOSÉ DANTAS DE ARAÚJO", "nm_mun": "SÃO JOSÉ DO BELMONTE", "aptos": 1163, "imp": 0}}, {"type": "Feature", "geometry": {"type": "Point", "coordinates": [-38.761048, -7.870995]}, "properties": {"i": 2884, "mun": 25690, "ibge": 2613503, "z": 74, "l": 1155, "nm": "ESC. MUN.  MANOEL NUNES DE MAGALHAES", "nm_mun": "SÃO JOSÉ DO BELMONTE", "aptos": 1530, "imp": 0}}, {"type": "Feature", "geometry": {"type": "Point", "coordinates": [-38.765191, -7.864005]}, "properties": {"i": 2885, "mun": 25690, "ibge": 2613503, "z": 74, "l": 1171, "nm": "ESC. MUN. INSPETOR MARTINHO DA MOTA E SA", "nm_mun": "SÃO JOSÉ DO BELMONTE", "aptos": 805, "imp": 0}}, {"type": "Feature", "geometry": {"type": "Point", "coordinates": [-38.751277, -7.859846]}, "properties": {"i": 2886, "mun": 25690, "ibge": 2613503, "z": 74, "l": 1180, "nm": "ESC. MUN. PROF. VALDECI DE PAULA MENEZES", "nm_mun": "SÃO JOSÉ DO BELMONTE", "aptos": 1345, "imp": 0}}, {"type": "Feature", "geometry": {"type": "Point", "coordinates": [-38.747022, -7.881078]}, "properties": {"i": 2887, "mun": 25690, "ibge": 2613503, "z": 74, "l": 1198, "nm": "ESC. MUN. JOSÉ NUNES DE MAGALHÃES", "nm_mun": "SÃO JOSÉ DO BELMONTE", "aptos": 1218, "imp": 0}}, {"type": "Feature", "geometry": {"type": "Point", "coordinates": [-38.741247, -7.889056]}, "properties": {"i": 2888, "mun": 25690, "ibge": 2613503, "z": 74, "l": 1201, "nm": "ETE - ESC. TECNICA ESTADUAL PEDRO LEAL", "nm_mun": "SÃO JOSÉ DO BELMONTE", "aptos": 1179, "imp": 0}}, {"type": "Feature", "geometry": {"type": "Point", "coordinates": [-36.289313, -8.316524]}, "properties": {"i": 2889, "mun": 25690, "ibge": 2613503, "z": 74, "l": 1228, "nm": "CRECHE FUTURO DA GENTE - AÇUDINHO", "nm_mun": "SÃO JOSÉ DO BELMONTE", "aptos": 962, "imp": 1}}, {"type": "Feature", "geometry": {"type": "Point", "coordinates": [-39.235169, -8.266544]}, "properties": {"i": 2890, "mun": 25690, "ibge": 2613503, "z": 74, "l": 1236, "nm": "CRECHE BARRACÃO - TAMBORIL", "nm_mun": "SÃO JOSÉ DO BELMONTE", "aptos": 221, "imp": 1}}, {"type": "Feature", "geometry": {"type": "Point", "coordinates": [-38.747022, -7.881078]}, "properties": {"i": 2891, "mun": 25690, "ibge": 2613503, "z": 74, "l": 1244, "nm": "CRECHE COHAB - VILA DELMIRO", "nm_mun": "SÃO JOSÉ DO BELMONTE", "aptos": 388, "imp": 1}}, {"type": "Feature", "geometry": {"type": "Point", "coordinates": [-38.747022, -7.881078]}, "properties": {"i": 2892, "mun": 25690, "ibge": 2613503, "z": 74, "l": 1252, "nm": "CRECHE VILA FORTUNA", "nm_mun": "SÃO JOSÉ DO BELMONTE", "aptos": 211, "imp": 1}}, {"type": "Feature", "geometry": {"type": "Point", "coordinates": [-38.747022, -7.881078]}, "properties": {"i": 2893, "mun": 25690, "ibge": 2613503, "z": 74, "l": 1260, "nm": "CRECHE DO BOM NOME", "nm_mun": "SÃO JOSÉ DO BELMONTE", "aptos": 129, "imp": 1}}, {"type": "Feature", "geometry": {"type": "Point", "coordinates": [-37.275647, -7.475545]}, "properties": {"i": 2894, "mun": 25712, "ibge": 2613602, "z": 68, "l": 1031, "nm": "ESC. REF. ENS. MÉDIO-EREM ÉDSON SIMÕES", "nm_mun": "SÃO JOSÉ DO EGITO", "aptos": 6213, "imp": 0}}, {"type": "Feature", "geometry": {"type": "Point", "coordinates": [-37.399538, -7.578655]}, "properties": {"i": 2895, "mun": 25712, "ibge": 2613602, "z": 68, "l": 1066, "nm": "ESCOLA MUNICIPAL SÃO SEBASTIÃO DO AGUIAR", "nm_mun": "SÃO JOSÉ DO EGITO", "aptos": 453, "imp": 0}}, {"type": "Feature", "geometry": {"type": "Point", "coordinates": [-37.215138, -7.679447]}, "properties": {"i": 2896, "mun": 25712, "ibge": 2613602, "z": 68, "l": 1082, "nm": "ESCOLA MUNICIPAL DE BONFIM", "nm_mun": "SÃO JOSÉ DO EGITO", "aptos": 338, "imp": 0}}, {"type": "Feature", "geometry": {"type": "Point", "coordinates": [-37.373303, -7.536547]}, "properties": {"i": 2897, "mun": 25712, "ibge": 2613602, "z": 68, "l": 1104, "nm": "ESCOLA MUNICIPAL HELENA MARIA DE SIQUEIRA BRITO", "nm_mun": "SÃO JOSÉ DO EGITO", "aptos": 1724, "imp": 0}}, {"type": "Feature", "geometry": {"type": "Point", "coordinates": [-37.273142, -7.476928]}, "properties": {"i": 2898, "mun": 25712, "ibge": 2613602, "z": 68, "l": 1112, "nm": "ESC. REF. ENS. MÉDIO-EREM OLIVEIRA LIMA", "nm_mun": "SÃO JOSÉ DO EGITO", "aptos": 3802, "imp": 0}}, {"type": "Feature", "geometry": {"type": "Point", "coordinates": [-37.19242, -7.592072]}, "properties": {"i": 2899, "mun": 25712, "ibge": 2613602, "z": 68, "l": 1139, "nm": "ESCOLA MUNICIPAL MUNDO NOVO", "nm_mun": "SÃO JOSÉ DO EGITO", "aptos": 625, "imp": 0}}, {"type": "Feature", "geometry": {"type": "Point", "coordinates": [-37.19414, -7.505927]}, "properties": {"i": 2900, "mun": 25712, "ibge": 2613602, "z": 68, "l": 1147, "nm": "ESCOLA MUNICIPAL MANOEL DA COSTA", "nm_mun": "SÃO JOSÉ DO EGITO", "aptos": 828, "imp": 0}}, {"type": "Feature", "geometry": {"type": "Point", "coordinates": [-37.274497, -7.462925]}, "properties": {"i": 2901, "mun": 25712, "ibge": 2613602, "z": 68, "l": 1163, "nm": "ESCOLA ESTADUAL PROFESSOR SEBASTIÃO FERREIRA RABELO SOBRINHO", "nm_mun": "SÃO JOSÉ DO EGITO", "aptos": 2501, "imp": 0}}, {"type": "Feature", "geometry": {"type": "Point", "coordinates": [-37.276395, -7.484952]}, "properties": {"i": 2902, "mun": 25712, "ibge": 2613602, "z": 68, "l": 1198, "nm": "ESCOLA MUNICIPAL ROMERO AUGUSTO VILAR DANTAS", "nm_mun": "SÃO JOSÉ DO EGITO", "aptos": 2124, "imp": 0}}, {"type": "Feature", "geometry": {"type": "Point", "coordinates": [-37.373185, -7.437692]}, "properties": {"i": 2903, "mun": 25712, "ibge": 2613602, "z": 68, "l": 1201, "nm": "ESCOLA MUNICIPAL ESPÍRITO SANTO", "nm_mun": "SÃO JOSÉ DO EGITO", "aptos": 350, "imp": 0}}, {"type": "Feature", "geometry": {"type": "Point", "coordinates": [-37.274352, -7.467382]}, "properties": {"i": 2904, "mun": 25712, "ibge": 2613602, "z": 68, "l": 1228, "nm": "ESCOLA MUNICIPAL NANÁ PATRIOTA", "nm_mun": "SÃO JOSÉ DO EGITO", "aptos": 3246, "imp": 0}}, {"type": "Feature", "geometry": {"type": "Point", "coordinates": [-36.480731, -8.905]}, "properties": {"i": 2905, "mun": 25712, "ibge": 2613602, "z": 68, "l": 1287, "nm": "ESCOLA ESTADUAL MÁXIMA VIEIRA DE MELO", "nm_mun": "SÃO JOSÉ DO EGITO", "aptos": 1373, "imp": 1}}, {"type": "Feature", "geometry": {"type": "Point", "coordinates": [-35.726918, -8.141026]}, "properties": {"i": 2906, "mun": 25712, "ibge": 2613602, "z": 68, "l": 1295, "nm": "POSTO DE SAÚDE BATATAS", "nm_mun": "SÃO JOSÉ DO EGITO", "aptos": 335, "imp": 1}}, {"type": "Feature", "geometry": {"type": "Point", "coordinates": [-40.65228, -9.094873]}, "properties": {"i": 2907, "mun": 25712, "ibge": 2613602, "z": 68, "l": 1309, "nm": "POSTO DE SAÚDE DE JUAZEIRINHO", "nm_mun": "SÃO JOSÉ DO EGITO", "aptos": 268, "imp": 1}}, {"type": "Feature", "geometry": {"type": "Point", "coordinates": [-35.038299, -7.994648]}, "properties": {"i": 2908, "mun": 25739, "ibge": 2613701, "z": 13, "l": 1040, "nm": "CENTRO SOCIAL URBANO", "nm_mun": "SÃO LOURENÇO DA MATA", "aptos": 1624, "imp": 0}}, {"type": "Feature", "geometry": {"type": "Point", "coordinates": [-35.035013, -7.994747]}, "properties": {"i": 2909, "mun": 25739, "ibge": 2613701, "z": 13, "l": 1066, "nm": "COLÉGIO MUNICIPAL MINISTRO APOLÔNIO SALES", "nm_mun": "SÃO LOURENÇO DA MATA", "aptos": 4854, "imp": 0}}, {"type": "Feature", "geometry": {"type": "Point", "coordinates": [-35.041772, -7.99518]}, "properties": {"i": 2910, "mun": 25739, "ibge": 2613701, "z": 13, "l": 1082, "nm": "ESCOLA MUNICIPAL PROFESSOR CÍCERO PINHEIRO (ANTIGA NAVE DA FANTASIA)", "nm_mun": "SÃO LOURENÇO DA MATA", "aptos": 1268, "imp": 0}}, {"type": "Feature", "geometry": {"type": "Point", "coordinates": [-35.044424, -7.992148]}, "properties": {"i": 2911, "mun": 25739, "ibge": 2613701, "z": 13, "l": 1090, "nm": "ESCOLA CONDE CORREIA DE ARAÚJO", "nm_mun": "SÃO LOURENÇO DA MATA", "aptos": 6720, "imp": 0}}, {"type": "Feature", "geometry": {"type": "Point", "coordinates": [-35.035177, -7.99555]}, "properties": {"i": 2912, "mun": 25739, "ibge": 2613701, "z": 13, "l": 1104, "nm": "ESCOLA CONDE PEREIRA CARNEIRO", "nm_mun": "SÃO LOURENÇO DA MATA", "aptos": 5061, "imp": 0}}, {"type": "Feature", "geometry": {"type": "Point", "coordinates": [-35.102905, -8.034813]}, "properties": {"i": 2913, "mun": 25739, "ibge": 2613701, "z": 13, "l": 1112, "nm": "ESCOLA MUNICIPAL TIRADENTES", "nm_mun": "SÃO LOURENÇO DA MATA", "aptos": 2959, "imp": 0}}, {"type": "Feature", "geometry": {"type": "Point", "coordinates": [-35.181459, -8.008564]}, "properties": {"i": 2914, "mun": 25739, "ibge": 2613701, "z": 13, "l": 1139, "nm": "ESCOLA MUNICIPAL FRANCISCO TAVARES DE MOURA", "nm_mun": "SÃO LOURENÇO DA MATA", "aptos": 1619, "imp": 0}}, {"type": "Feature", "geometry": {"type": "Point", "coordinates": [-35.04645, -7.994295]}, "properties": {"i": 2915, "mun": 25739, "ibge": 2613701, "z": 13, "l": 1147, "nm": "ESCOLA MUNICIPAL PADRE JOÃO COLLIGNON", "nm_mun": "SÃO LOURENÇO DA MATA", "aptos": 1521, "imp": 0}}, {"type": "Feature", "geometry": {"type": "Point", "coordinates": [-35.07338, -7.979358]}, "properties": {"i": 2916, "mun": 25739, "ibge": 2613701, "z": 13, "l": 1171, "nm": "ESCOLA MUNICIPAL SENADOR JOSÉ ERMÍRIO DE MORAIS", "nm_mun": "SÃO LOURENÇO DA MATA", "aptos": 3929, "imp": 0}}, {"type": "Feature", "geometry": {"type": "Point", "coordinates": [-35.041052, -7.993858]}, "properties": {"i": 2917, "mun": 25739, "ibge": 2613701, "z": 13, "l": 1198, "nm": "COLÉGIO ANGLO LÍDER (ANTIGA FACULDADE JOAQUIM NABUCO)", "nm_mun": "SÃO LOURENÇO DA MATA", "aptos": 4225, "imp": 0}}, {"type": "Feature", "geometry": {"type": "Point", "coordinates": [-35.05361, -7.988857]}, "properties": {"i": 2918, "mun": 25739, "ibge": 2613701, "z": 13, "l": 1228, "nm": "ESCOLA MUNICIPAL JORNALISTA CRISTINA TAVARES", "nm_mun": "SÃO LOURENÇO DA MATA", "aptos": 1579, "imp": 0}}, {"type": "Feature", "geometry": {"type": "Point", "coordinates": [-35.014318, -8.005831]}, "properties": {"i": 2919, "mun": 25739, "ibge": 2613701, "z": 13, "l": 1236, "nm": "ESCOLA MUNICIPAL INÁCIO GOMES DA SILVA", "nm_mun": "SÃO LOURENÇO DA MATA", "aptos": 3144, "imp": 0}}, {"type": "Feature", "geometry": {"type": "Point", "coordinates": [-35.041103, -7.999671]}, "properties": {"i": 2920, "mun": 25739, "ibge": 2613701, "z": 13, "l": 1244, "nm": "CENTRO EDUCACIONAL BALÃO MÁGICO", "nm_mun": "SÃO LOURENÇO DA MATA", "aptos": 2320, "imp": 0}}, {"type": "Feature", "geometry": {"type": "Point", "coordinates": [-35.076205, -7.979707]}, "properties": {"i": 2921, "mun": 25739, "ibge": 2613701, "z": 13, "l": 1252, "nm": "GRUPO ESCOLAR MUNICIPAL JOAQUIM DE BRITO", "nm_mun": "SÃO LOURENÇO DA MATA", "aptos": 801, "imp": 0}}, {"type": "Feature", "geometry": {"type": "Point", "coordinates": [-35.038894, -8.0122]}, "properties": {"i": 2922, "mun": 25739, "ibge": 2613701, "z": 13, "l": 1260, "nm": "ESCOLA DONA LEONOR PORTO", "nm_mun": "SÃO LOURENÇO DA MATA", "aptos": 5544, "imp": 0}}, {"type": "Feature", "geometry": {"type": "Point", "coordinates": [-35.028457, -7.997135]}, "properties": {"i": 2923, "mun": 25739, "ibge": 2613701, "z": 13, "l": 1279, "nm": "ESCOLA PROFESSOR AGAMENON MAGALHÃES", "nm_mun": "SÃO LOURENÇO DA MATA", "aptos": 5070, "imp": 0}}, {"type": "Feature", "geometry": {"type": "Point", "coordinates": [-35.038625, -7.986247]}, "properties": {"i": 2924, "mun": 25739, "ibge": 2613701, "z": 13, "l": 1287, "nm": "ESCOLA REUNIDA ERCINA LAPENDA", "nm_mun": "SÃO LOURENÇO DA MATA", "aptos": 1969, "imp": 0}}, {"type": "Feature", "geometry": {"type": "Point", "coordinates": [-35.025039, -8.005975]}, "properties": {"i": 2925, "mun": 25739, "ibge": 2613701, "z": 13, "l": 1295, "nm": "ESCOLA MUNICIPAL CLODOALDO GOMES DE ARAÚJO", "nm_mun": "SÃO LOURENÇO DA MATA", "aptos": 2747, "imp": 0}}, {"type": "Feature", "geometry": {"type": "Point", "coordinates": [-35.020701, -8.003553]}, "properties": {"i": 2926, "mun": 25739, "ibge": 2613701, "z": 13, "l": 1309, "nm": "ESCOLA MUNICIPAL PROFESSOR ANTÔNIO CRESCÊNCIO DE GÓIS", "nm_mun": "SÃO LOURENÇO DA MATA", "aptos": 1581, "imp": 0}}, {"type": "Feature", "geometry": {"type": "Point", "coordinates": [-35.028702, -8.001631]}, "properties": {"i": 2927, "mun": 25739, "ibge": 2613701, "z": 13, "l": 1317, "nm": "ESCOLA VÁRZEA FRIA", "nm_mun": "SÃO LOURENÇO DA MATA", "aptos": 1576, "imp": 0}}, {"type": "Feature", "geometry": {"type": "Point", "coordinates": [-35.100692, -8.037364]}, "properties": {"i": 2928, "mun": 25739, "ibge": 2613701, "z": 13, "l": 1325, "nm": "ESCOLA MUNICIPAL JAIR PEREIRA DE OLIVEIRA", "nm_mun": "SÃO LOURENÇO DA MATA", "aptos": 1606, "imp": 0}}, {"type": "Feature", "geometry": {"type": "Point", "coordinates": [-35.033487, -8.003503]}, "properties": {"i": 2929, "mun": 25739, "ibge": 2613701, "z": 13, "l": 1333, "nm": "ESCOLA MUNICIPAL PROFESSOR JOSUÉ PEREIRA DE OLIVEIRA", "nm_mun": "SÃO LOURENÇO DA MATA", "aptos": 2362, "imp": 0}}, {"type": "Feature", "geometry": {"type": "Point", "coordinates": [-35.016017, -8.014884]}, "properties": {"i": 2930, "mun": 25739, "ibge": 2613701, "z": 13, "l": 1341, "nm": "ESCOLA LEÔNCIO GOMES DE ARAÚJO", "nm_mun": "SÃO LOURENÇO DA MATA", "aptos": 2379, "imp": 0}}, {"type": "Feature", "geometry": {"type": "Point", "coordinates": [-35.035752, -8.009868]}, "properties": {"i": 2931, "mun": 25739, "ibge": 2613701, "z": 13, "l": 1368, "nm": "ESCOLA MUNICIPAL ROSINA LABANCA", "nm_mun": "SÃO LOURENÇO DA MATA", "aptos": 2761, "imp": 0}}, {"type": "Feature", "geometry": {"type": "Point", "coordinates": [-35.04738, -8.002209]}, "properties": {"i": 2932, "mun": 25739, "ibge": 2613701, "z": 13, "l": 1406, "nm": "ESCOLA MUNICIPAL PADRE JOÃO BARBALHO", "nm_mun": "SÃO LOURENÇO DA MATA", "aptos": 1580, "imp": 0}}, {"type": "Feature", "geometry": {"type": "Point", "coordinates": [-40.908886, -8.636057]}, "properties": {"i": 2933, "mun": 25739, "ibge": 2613701, "z": 13, "l": 1414, "nm": "ESCOLA MUNICIPAL SENADOR FRANCISCO GOMES DE ARAÚJO", "nm_mun": "SÃO LOURENÇO DA MATA", "aptos": 66, "imp": 1}}, {"type": "Feature", "geometry": {"type": "Point", "coordinates": [-35.042664, -7.995006]}, "properties": {"i": 2934, "mun": 25739, "ibge": 2613701, "z": 13, "l": 1422, "nm": "EDUCANDÁRIO JOAQUIM FREIRE", "nm_mun": "SÃO LOURENÇO DA MATA", "aptos": 2750, "imp": 0}}, {"type": "Feature", "geometry": {"type": "Point", "coordinates": [-35.038682, -7.995303]}, "properties": {"i": 2935, "mun": 25739, "ibge": 2613701, "z": 13, "l": 1430, "nm": "EDUCANDÁRIO PAULO FREIRE (ANTIGA ESCOLA ASSEMBLEIA DE DEUS)", "nm_mun": "SÃO LOURENÇO DA MATA", "aptos": 1844, "imp": 0}}, {"type": "Feature", "geometry": {"type": "Point", "coordinates": [-35.037978, -7.994617]}, "properties": {"i": 2936, "mun": 25739, "ibge": 2613701, "z": 13, "l": 1457, "nm": "ESCOLA TÉCNICA ESTADUAL GOVERNADOR EDUARDO CAMPOS", "nm_mun": "SÃO LOURENÇO DA MATA", "aptos": 5129, "imp": 0}}, {"type": "Feature", "geometry": {"type": "Point", "coordinates": [-35.074664, -7.978303]}, "properties": {"i": 2937, "mun": 25739, "ibge": 2613701, "z": 13, "l": 1465, "nm": "SERVIÇO SOCIAL DO COMÉRCIO - SESC", "nm_mun": "SÃO LOURENÇO DA MATA", "aptos": 1865, "imp": 0}}, {"type": "Feature", "geometry": {"type": "Point", "coordinates": [-35.604306, -8.69782]}, "properties": {"i": 2938, "mun": 25739, "ibge": 2613701, "z": 13, "l": 1473, "nm": "ESCOLA MUNICIPAL DOUTOR LUIZ CORREA DE ARAÚJO", "nm_mun": "SÃO LOURENÇO DA MATA", "aptos": 330, "imp": 1}}, {"type": "Feature", "geometry": {"type": "Point", "coordinates": [-35.448831, -7.548597]}, "properties": {"i": 2939, "mun": 25739, "ibge": 2613701, "z": 13, "l": 1481, "nm": "ESCOLA MUNICIPAL PAULO GOMES DE ARAÚJO", "nm_mun": "SÃO LOURENÇO DA MATA", "aptos": 258, "imp": 1}}, {"type": "Feature", "geometry": {"type": "Point", "coordinates": [-38.29388, -7.978499]}, "properties": {"i": 2940, "mun": 25739, "ibge": 2613701, "z": 13, "l": 1490, "nm": "ESCOLA MUNICIPAL ARIANO SUASSUANA", "nm_mun": "SÃO LOURENÇO DA MATA", "aptos": 435, "imp": 1}}, {"type": "Feature", "geometry": {"type": "Point", "coordinates": [-35.093843, -7.582009]}, "properties": {"i": 2941, "mun": 25739, "ibge": 2613701, "z": 13, "l": 1503, "nm": "ESCOLA MUNICIPAL SANTA ROSA", "nm_mun": "SÃO LOURENÇO DA MATA", "aptos": 121, "imp": 1}}, {"type": "Feature", "geometry": {"type": "Point", "coordinates": [-37.120381, -9.111992]}, "properties": {"i": 2942, "mun": 25739, "ibge": 2613701, "z": 13, "l": 1511, "nm": "ESCOLA MUNICIPAL MINISTRO FERNANDO LIRA", "nm_mun": "SÃO LOURENÇO DA MATA", "aptos": 127, "imp": 1}}, {"type": "Feature", "geometry": {"type": "Point", "coordinates": [-35.488717, -7.59106]}, "properties": {"i": 2943, "mun": 25755, "ibge": 2613800, "z": 90, "l": 1015, "nm": "ESCOLA ESTADUAL JOAO BARBOSA DE ALMEIDA", "nm_mun": "SÃO VICENTE FÉRRER", "aptos": 1657, "imp": 0}}, {"type": "Feature", "geometry": {"type": "Point", "coordinates": [-35.490524, -7.58757]}, "properties": {"i": 2944, "mun": 25755, "ibge": 2613800, "z": 90, "l": 1023, "nm": "COLEGIO ESTADUAL CORONEL JOÃO FRANCISCO", "nm_mun": "SÃO VICENTE FÉRRER", "aptos": 2537, "imp": 0}}, {"type": "Feature", "geometry": {"type": "Point", "coordinates": [-35.493274, -7.588292]}, "properties": {"i": 2945, "mun": 25755, "ibge": 2613800, "z": 90, "l": 1031, "nm": "ESCOLA MUNICIPAL DR. MANOEL BORBA", "nm_mun": "SÃO VICENTE FÉRRER", "aptos": 1663, "imp": 0}}, {"type": "Feature", "geometry": {"type": "Point", "coordinates": [-35.524879, -7.580116]}, "properties": {"i": 2946, "mun": 25755, "ibge": 2613800, "z": 90, "l": 1040, "nm": "ESCOLA PIO GUERRA", "nm_mun": "SÃO VICENTE FÉRRER", "aptos": 1818, "imp": 0}}, {"type": "Feature", "geometry": {"type": "Point", "coordinates": [-35.478477, -7.656182]}, "properties": {"i": 2947, "mun": 25755, "ibge": 2613800, "z": 90, "l": 1058, "nm": "ESCOLA ANDRÉ CESÁRIO", "nm_mun": "SÃO VICENTE FÉRRER", "aptos": 3315, "imp": 0}}, {"type": "Feature", "geometry": {"type": "Point", "coordinates": [-35.517405, -7.545389]}, "properties": {"i": 2948, "mun": 25755, "ibge": 2613800, "z": 90, "l": 1066, "nm": "ESCOLA JOSE ALVES DE ARAUJO", "nm_mun": "SÃO VICENTE FÉRRER", "aptos": 862, "imp": 0}}, {"type": "Feature", "geometry": {"type": "Point", "coordinates": [-35.480118, -7.656136]}, "properties": {"i": 2949, "mun": 25755, "ibge": 2613800, "z": 90, "l": 1082, "nm": "ESCOLA JOSÉ NILO", "nm_mun": "SÃO VICENTE FÉRRER", "aptos": 597, "imp": 0}}, {"type": "Feature", "geometry": {"type": "Point", "coordinates": [-35.765105, -8.361679]}, "properties": {"i": 2950, "mun": 25755, "ibge": 2613800, "z": 90, "l": 1104, "nm": "CRECHE MUNICIPAL PROFESSORA MARIA DAS DÔRES DE ASSIS", "nm_mun": "SÃO VICENTE FÉRRER", "aptos": 2130, "imp": 1}}, {"type": "Feature", "geometry": {"type": "Point", "coordinates": [-38.29109, -7.986924]}, "properties": {"i": 2951, "mun": 25771, "ibge": 2613909, "z": 71, "l": 1015, "nm": "ESCOLA ESTADUAL MANOEL PEREIRA LINS", "nm_mun": "SERRA TALHADA", "aptos": 3568, "imp": 0}}, {"type": "Feature", "geometry": {"type": "Point", "coordinates": [-38.290623, -7.981933]}, "properties": {"i": 2952, "mun": 25771, "ibge": 2613909, "z": 71, "l": 1023, "nm": "ESCOLA ESTADUAL PROF. ADAUTO CARVALHO", "nm_mun": "SERRA TALHADA", "aptos": 2928, "imp": 0}}, {"type": "Feature", "geometry": {"type": "Point", "coordinates": [-38.307175, -7.987108]}, "properties": {"i": 2953, "mun": 25771, "ibge": 2613909, "z": 71, "l": 1031, "nm": "ESCOLA ESTADUAL ANTÔNIO TIMÓTEO", "nm_mun": "SERRA TALHADA", "aptos": 3947, "imp": 0}}, {"type": "Feature", "geometry": {"type": "Point", "coordinates": [-38.30776, -7.980314]}, "properties": {"i": 2954, "mun": 25771, "ibge": 2613909, "z": 71, "l": 1040, "nm": "ESCOLA MUNICIPAL ANTONIO MEDEIROS", "nm_mun": "SERRA TALHADA", "aptos": 1765, "imp": 0}}, {"type": "Feature", "geometry": {"type": "Point", "coordinates": [-38.291977, -7.990154]}, "properties": {"i": 2955, "mun": 25771, "ibge": 2613909, "z": 71, "l": 1066, "nm": "FACULDADE DE FORMAÇÃO DE PROFESSORES", "nm_mun": "SERRA TALHADA", "aptos": 5775, "imp": 0}}, {"type": "Feature", "geometry": {"type": "Point", "coordinates": [-38.29714, -7.991063]}, "properties": {"i": 2956, "mun": 25771, "ibge": 2613909, "z": 71, "l": 1074, "nm": "ESCOLA ESTADUAL SOLIDÔNIO LEITE", "nm_mun": "SERRA TALHADA", "aptos": 2907, "imp": 0}}, {"type": "Feature", "geometry": {"type": "Point", "coordinates": [-38.298892, -7.989914]}, "properties": {"i": 2957, "mun": 25771, "ibge": 2613909, "z": 71, "l": 1082, "nm": "ESCOLA PARTICULAR IMACULADA CONCEIÇÃO", "nm_mun": "SERRA TALHADA", "aptos": 4426, "imp": 0}}, {"type": "Feature", "geometry": {"type": "Point", "coordinates": [-38.296662, -7.992645]}, "properties": {"i": 2958, "mun": 25771, "ibge": 2613909, "z": 71, "l": 1090, "nm": "ESCOLA ESTADUAL CORNÉLIO SOARES", "nm_mun": "SERRA TALHADA", "aptos": 1846, "imp": 0}}, {"type": "Feature", "geometry": {"type": "Point", "coordinates": [-38.293074, -7.991031]}, "properties": {"i": 2959, "mun": 25771, "ibge": 2613909, "z": 71, "l": 1104, "nm": "ESCOLA MUNICIPAL CÔNEGO TORRES", "nm_mun": "SERRA TALHADA", "aptos": 2267, "imp": 0}}, {"type": "Feature", "geometry": {"type": "Point", "coordinates": [-38.300935, -7.986321]}, "properties": {"i": 2960, "mun": 25771, "ibge": 2613909, "z": 71, "l": 1112, "nm": "ESCOLA ESTADUAL IRNERO IGNACIO", "nm_mun": "SERRA TALHADA", "aptos": 3076, "imp": 0}}, {"type": "Feature", "geometry": {"type": "Point", "coordinates": [-38.559333, -7.853508]}, "properties": {"i": 2961, "mun": 25771, "ibge": 2613909, "z": 71, "l": 1139, "nm": "ESCOLA MUNICIPAL BARÃO DO PAJEÚ - BERNARDO VIEIRA (ZONA RURAL)", "nm_mun": "SERRA TALHADA", "aptos": 1417, "imp": 0}}, {"type": "Feature", "geometry": {"type": "Point", "coordinates": [-38.134247, -8.120651]}, "properties": {"i": 2962, "mun": 25771, "ibge": 2613909, "z": 71, "l": 1163, "nm": "ESCOLA MUNICIPAL IMACULADA CONCEIÇÃO CAIÇARINHA DA PENHA (ZONA RURAL)", "nm_mun": "SERRA TALHADA", "aptos": 2198, "imp": 0}}, {"type": "Feature", "geometry": {"type": "Point", "coordinates": [-38.133906, -8.120904]}, "properties": {"i": 2963, "mun": 25771, "ibge": 2613909, "z": 71, "l": 1171, "nm": "POSTO DE SAÚDE CAIÇARINHA DA PENHA (ZONA RURAL)", "nm_mun": "SERRA TALHADA", "aptos": 529, "imp": 0}}, {"type": "Feature", "geometry": {"type": "Point", "coordinates": [-38.344811, -7.775403]}, "properties": {"i": 2964, "mun": 25771, "ibge": 2613909, "z": 71, "l": 1180, "nm": "ESCOLA MUNICIPAL FAUSTO PEREIRA - LUANDA (ZONA RURAL)", "nm_mun": "SERRA TALHADA", "aptos": 1127, "imp": 0}}, {"type": "Feature", "geometry": {"type": "Point", "coordinates": [-38.298706, -7.796724]}, "properties": {"i": 2965, "mun": 25771, "ibge": 2613909, "z": 71, "l": 1228, "nm": "ESCOLA MUNICIPAL JOAQUIM ESTEVÃO - EXTREMA (ZONA RURAL)", "nm_mun": "SERRA TALHADA", "aptos": 250, "imp": 0}}, {"type": "Feature", "geometry": {"type": "Point", "coordinates": [-38.425306, -7.810725]}, "properties": {"i": 2966, "mun": 25771, "ibge": 2613909, "z": 71, "l": 1236, "nm": "ESCOLA MUNICIPAL ENOCK INÁCIO DE OLIVEIRA - SANTA RITA (ZONA RURAL)", "nm_mun": "SERRA TALHADA", "aptos": 1355, "imp": 0}}, {"type": "Feature", "geometry": {"type": "Point", "coordinates": [-38.125688, -8.032821]}, "properties": {"i": 2967, "mun": 25771, "ibge": 2613909, "z": 71, "l": 1260, "nm": "ESCOLA MUNICIPAL ANTONIO FIRMINO DE LIMA - VARZINHA (ZONA RURAL)", "nm_mun": "SERRA TALHADA", "aptos": 1315, "imp": 0}}, {"type": "Feature", "geometry": {"type": "Point", "coordinates": [-38.222876, -8.16752]}, "properties": {"i": 2968, "mun": 25771, "ibge": 2613909, "z": 71, "l": 1317, "nm": "ESCOLA MUNICIPAL FRANCISCA GODOY - TAUAPIRANGA (ZONA RURAL)", "nm_mun": "SERRA TALHADA", "aptos": 1283, "imp": 0}}, {"type": "Feature", "geometry": {"type": "Point", "coordinates": [-38.222906, -8.16775]}, "properties": {"i": 2969, "mun": 25771, "ibge": 2613909, "z": 71, "l": 1325, "nm": "POSTO DE SAÚDE DE TAUAPIRANGA (ZONA RURAL)", "nm_mun": "SERRA TALHADA", "aptos": 264, "imp": 0}}, {"type": "Feature", "geometry": {"type": "Point", "coordinates": [-38.422209, -7.810068]}, "properties": {"i": 2970, "mun": 25771, "ibge": 2613909, "z": 71, "l": 1350, "nm": "CRECHE ADALBERTO LUÍS DE OLIVEIRA", "nm_mun": "SERRA TALHADA", "aptos": 537, "imp": 0}}, {"type": "Feature", "geometry": {"type": "Point", "coordinates": [-38.248905, -8.129302]}, "properties": {"i": 2971, "mun": 25771, "ibge": 2613909, "z": 71, "l": 1376, "nm": "ESCOLA MUNICIPAL SANTA TEREZINHA - LOGRADOURO (ZONA RURAL)", "nm_mun": "SERRA TALHADA", "aptos": 593, "imp": 0}}, {"type": "Feature", "geometry": {"type": "Point", "coordinates": [-38.397304, -8.20086]}, "properties": {"i": 2972, "mun": 25771, "ibge": 2613909, "z": 71, "l": 1384, "nm": "ESCOLA MUNICIPAL RAIMUNDO GOMES DE BARROS - SÃO MIGUEL (ZONA RURAL)", "nm_mun": "SERRA TALHADA", "aptos": 657, "imp": 0}}, {"type": "Feature", "geometry": {"type": "Point", "coordinates": [-38.28737, -7.929784]}, "properties": {"i": 2973, "mun": 25771, "ibge": 2613909, "z": 71, "l": 1422, "nm": "UNIVERSIDADE FEDERAL RURAL EM SERRA TALHADA - UAST", "nm_mun": "SERRA TALHADA", "aptos": 733, "imp": 0}}, {"type": "Feature", "geometry": {"type": "Point", "coordinates": [-38.285825, -7.973255]}, "properties": {"i": 2974, "mun": 25771, "ibge": 2613909, "z": 71, "l": 1449, "nm": "ESCOLA MUNICIPAL VICENTE INÁCIO DE OLIVEIRA", "nm_mun": "SERRA TALHADA", "aptos": 1181, "imp": 0}}, {"type": "Feature", "geometry": {"type": "Point", "coordinates": [-38.296927, -7.995014]}, "properties": {"i": 2975, "mun": 25771, "ibge": 2613909, "z": 71, "l": 1481, "nm": "ESCOLA TÉCNICA ESTADUAL CLÓVIS NOGUEIRA ALVES (ANTIGA ESCOLA AGRÍCOLA)", "nm_mun": "SERRA TALHADA", "aptos": 2497, "imp": 0}}, {"type": "Feature", "geometry": {"type": "Point", "coordinates": [-38.29356, -7.991341]}, "properties": {"i": 2976, "mun": 25771, "ibge": 2613909, "z": 71, "l": 1503, "nm": "ESCOLA ESTADUAL IRMA ELIZABETH", "nm_mun": "SERRA TALHADA", "aptos": 2833, "imp": 0}}, {"type": "Feature", "geometry": {"type": "Point", "coordinates": [-38.283471, -7.981472]}, "properties": {"i": 2977, "mun": 25771, "ibge": 2613909, "z": 71, "l": 1520, "nm": "ESCOLA ESTADUAL METHODIO DE GODOY LIMA", "nm_mun": "SERRA TALHADA", "aptos": 3562, "imp": 0}}, {"type": "Feature", "geometry": {"type": "Point", "coordinates": [-38.522651, -8.205948]}, "properties": {"i": 2978, "mun": 25771, "ibge": 2613909, "z": 71, "l": 1589, "nm": "ESCOLA MUNICIPAL MARIA ALVES BEZERRA - SERRINHA (ZONA RURAL)", "nm_mun": "SERRA TALHADA", "aptos": 655, "imp": 0}}, {"type": "Feature", "geometry": {"type": "Point", "coordinates": [-38.32257, -7.998055]}, "properties": {"i": 2979, "mun": 25771, "ibge": 2613909, "z": 71, "l": 1619, "nm": "CRECHE MUNICIPAL PROFESSORA ROSELI XAVIER SILVA LOPES", "nm_mun": "SERRA TALHADA", "aptos": 1207, "imp": 0}}, {"type": "Feature", "geometry": {"type": "Point", "coordinates": [-38.29388, -7.978499]}, "properties": {"i": 2980, "mun": 25771, "ibge": 2613909, "z": 71, "l": 1627, "nm": "ESCOLA MUNICIPAL MARIA JOSÉ DE SÁ FERRAZ", "nm_mun": "SERRA TALHADA", "aptos": 436, "imp": 0}}, {"type": "Feature", "geometry": {"type": "Point", "coordinates": [-38.306115, -8.004086]}, "properties": {"i": 2981, "mun": 25771, "ibge": 2613909, "z": 71, "l": 1643, "nm": "CRECHE MUNICIPAL FRANCISCO EPAMINONDAS TORRES", "nm_mun": "SERRA TALHADA", "aptos": 562, "imp": 0}}, {"type": "Feature", "geometry": {"type": "Point", "coordinates": [-38.311727, -7.984085]}, "properties": {"i": 2982, "mun": 25771, "ibge": 2613909, "z": 71, "l": 1651, "nm": "ESCOLA MUNICIPAL MANOEL PEREIRA NETO", "nm_mun": "SERRA TALHADA", "aptos": 1758, "imp": 0}}, {"type": "Feature", "geometry": {"type": "Point", "coordinates": [-38.280908, -7.991997]}, "properties": {"i": 2983, "mun": 25771, "ibge": 2613909, "z": 71, "l": 1678, "nm": "ESCOLA MUNICIPAL ZULEIDE FEITOZA CARVALHO", "nm_mun": "SERRA TALHADA", "aptos": 3332, "imp": 0}}, {"type": "Feature", "geometry": {"type": "Point", "coordinates": [-38.342717, -7.875509]}, "properties": {"i": 2984, "mun": 25771, "ibge": 2613909, "z": 71, "l": 1686, "nm": "ESCOLA MUNICIPAL TIRADENTES - JARDIM (ZONA RURAL)", "nm_mun": "SERRA TALHADA", "aptos": 397, "imp": 0}}, {"type": "Feature", "geometry": {"type": "Point", "coordinates": [-39.100874, -7.828631]}, "properties": {"i": 2985, "mun": 25771, "ibge": 2613909, "z": 71, "l": 1694, "nm": "POSTO DE SAÚDE DO BOM SUCESSO", "nm_mun": "SERRA TALHADA", "aptos": 361, "imp": 1}}, {"type": "Feature", "geometry": {"type": "Point", "coordinates": [-35.958957, -8.527146]}, "properties": {"i": 2986, "mun": 25771, "ibge": 2613909, "z": 71, "l": 1708, "nm": "ESCOLA MUNICIPAL JOSÉ XAVIER DE MORAES", "nm_mun": "SERRA TALHADA", "aptos": 314, "imp": 1}}, {"type": "Feature", "geometry": {"type": "Point", "coordinates": [-39.296625, -7.947647]}, "properties": {"i": 2987, "mun": 25798, "ibge": 2614006, "z": 76, "l": 1031, "nm": "ESCOLA FRANCISCO FILGUEIRA SAMPAIO", "nm_mun": "SERRITA", "aptos": 4932, "imp": 0}}, {"type": "Feature", "geometry": {"type": "Point", "coordinates": [-39.293495, -7.948352]}, "properties": {"i": 2988, "mun": 25798, "ibge": 2614006, "z": 76, "l": 1040, "nm": "ESCOLA DESEMBARGADOR JOAO PAES", "nm_mun": "SERRITA", "aptos": 3497, "imp": 0}}, {"type": "Feature", "geometry": {"type": "Point", "coordinates": [-39.459586, -7.846289]}, "properties": {"i": 2989, "mun": 25798, "ibge": 2614006, "z": 76, "l": 1066, "nm": "ESCOLA MUNICIPAL 15 DE NOVEMBRO", "nm_mun": "SERRITA", "aptos": 753, "imp": 0}}, {"type": "Feature", "geometry": {"type": "Point", "coordinates": [-39.564502, -7.858466]}, "properties": {"i": 2990, "mun": 25798, "ibge": 2614006, "z": 76, "l": 1082, "nm": "ESCOLA MUNICIPAL DE SÃO FRANCISCO DO BRÍGIDA", "nm_mun": "SERRITA", "aptos": 822, "imp": 0}}, {"type": "Feature", "geometry": {"type": "Point", "coordinates": [-39.148917, -7.819571]}, "properties": {"i": 2991, "mun": 25798, "ibge": 2614006, "z": 76, "l": 1155, "nm": "ESCOLA MUNICIPAL DE SANTA ROSA", "nm_mun": "SERRITA", "aptos": 1685, "imp": 0}}, {"type": "Feature", "geometry": {"type": "Point", "coordinates": [-39.39328, -7.688339]}, "properties": {"i": 2992, "mun": 25798, "ibge": 2614006, "z": 76, "l": 1210, "nm": "ESCOLA ESTADUAL GOV. MIGUEL ARRAES DE ALENCAR", "nm_mun": "SERRITA", "aptos": 3136, "imp": 0}}, {"type": "Feature", "geometry": {"type": "Point", "coordinates": [-39.293352, -7.947476]}, "properties": {"i": 2993, "mun": 25798, "ibge": 2614006, "z": 76, "l": 1252, "nm": "ESCOLA MUNICIPAL MENINO JESUS", "nm_mun": "SERRITA", "aptos": 2287, "imp": 0}}, {"type": "Feature", "geometry": {"type": "Point", "coordinates": [-37.264947, -8.068073]}, "properties": {"i": 2994, "mun": 25810, "ibge": 2614105, "z": 62, "l": 1040, "nm": "ESCOLA ESTADUAL OLAVO BILAC", "nm_mun": "SERTÂNIA", "aptos": 3038, "imp": 0}}, {"type": "Feature", "geometry": {"type": "Point", "coordinates": [-37.266912, -8.073328]}, "properties": {"i": 2995, "mun": 25810, "ibge": 2614105, "z": 62, "l": 1074, "nm": "ESCOLA ESTADUAL AMARO LAFAYETTE", "nm_mun": "SERTÂNIA", "aptos": 1816, "imp": 0}}, {"type": "Feature", "geometry": {"type": "Point", "coordinates": [-37.269115, -8.071898]}, "properties": {"i": 2996, "mun": 25810, "ibge": 2614105, "z": 62, "l": 1082, "nm": "ESCOLA MUNICIPAL PRESIDENTE VARGAS", "nm_mun": "SERTÂNIA", "aptos": 2037, "imp": 0}}, {"type": "Feature", "geometry": {"type": "Point", "coordinates": [-37.264622, -8.075035]}, "properties": {"i": 2997, "mun": 25810, "ibge": 2614105, "z": 62, "l": 1090, "nm": "FOMENTO", "nm_mun": "SERTÂNIA", "aptos": 857, "imp": 0}}, {"type": "Feature", "geometry": {"type": "Point", "coordinates": [-37.266074, -8.072091]}, "properties": {"i": 2998, "mun": 25810, "ibge": 2614105, "z": 62, "l": 1112, "nm": "ESCOLA ESTADUAL PROFESSOR JORGE DE MENEZES", "nm_mun": "SERTÂNIA", "aptos": 2357, "imp": 0}}, {"type": "Feature", "geometry": {"type": "Point", "coordinates": [-37.350837, -8.3168]}, "properties": {"i": 2999, "mun": 25810, "ibge": 2614105, "z": 62, "l": 1171, "nm": "ESCOLA MUNICIPAL LAURA ALVES FEITOSA CHAVES", "nm_mun": "SERTÂNIA", "aptos": 909, "imp": 0}}, {"type": "Feature", "geometry": {"type": "Point", "coordinates": [-37.561127, -8.273975]}, "properties": {"i": 3000, "mun": 25810, "ibge": 2614105, "z": 62, "l": 1180, "nm": "ESCOLA MUNICIPAL MARIA MORAIS", "nm_mun": "SERTÂNIA", "aptos": 607, "imp": 0}}, {"type": "Feature", "geometry": {"type": "Point", "coordinates": [-37.273097, -8.362711]}, "properties": {"i": 3001, "mun": 25810, "ibge": 2614105, "z": 62, "l": 1198, "nm": "ESCOLA MUNICIPAL JOSE SERGIO VERAS", "nm_mun": "SERTÂNIA", "aptos": 1537, "imp": 0}}, {"type": "Feature", "geometry": {"type": "Point", "coordinates": [-37.41287, -8.433569]}, "properties": {"i": 3002, "mun": 25810, "ibge": 2614105, "z": 62, "l": 1201, "nm": "ESCOLA MUNICIPAL MANOEL MONTEIRO DOS SANTOS", "nm_mun": "SERTÂNIA", "aptos": 681, "imp": 0}}, {"type": "Feature", "geometry": {"type": "Point", "coordinates": [-37.176004, -8.27341]}, "properties": {"i": 3003, "mun": 25810, "ibge": 2614105, "z": 62, "l": 1228, "nm": "ESCOLA MUNICIPAL JOAO PEREIRA VALE", "nm_mun": "SERTÂNIA", "aptos": 559, "imp": 0}}, {"type": "Feature", "geometry": {"type": "Point", "coordinates": [-37.456483, -8.132175]}, "properties": {"i": 3004, "mun": 25810, "ibge": 2614105, "z": 62, "l": 1244, "nm": "ESCOLA MUNICIPAL CORONEL ERNANI GOMES DE ARAÚJO", "nm_mun": "SERTÂNIA", "aptos": 1637, "imp": 0}}, {"type": "Feature", "geometry": {"type": "Point", "coordinates": [-37.59326, -8.323702]}, "properties": {"i": 3005, "mun": 25810, "ibge": 2614105, "z": 62, "l": 1260, "nm": "ESCOLA MUNICIPAL VICENTE BEZERRA DA SILVA", "nm_mun": "SERTÂNIA", "aptos": 301, "imp": 0}}, {"type": "Feature", "geometry": {"type": "Point", "coordinates": [-37.269063, -8.06704]}, "properties": {"i": 3006, "mun": 25810, "ibge": 2614105, "z": 62, "l": 1376, "nm": "COLÉGIO MUNICIPAL GOV. ETELVINO LINS", "nm_mun": "SERTÂNIA", "aptos": 1483, "imp": 0}}, {"type": "Feature", "geometry": {"type": "Point", "coordinates": [-37.418696, -8.000244]}, "properties": {"i": 3007, "mun": 25810, "ibge": 2614105, "z": 62, "l": 1392, "nm": "ESCOLA MUNICIPAL ALCIDES LOPES DE SIQUEIRA", "nm_mun": "SERTÂNIA", "aptos": 1597, "imp": 0}}, {"type": "Feature", "geometry": {"type": "Point", "coordinates": [-37.470919, -8.139772]}, "properties": {"i": 3008, "mun": 25810, "ibge": 2614105, "z": 62, "l": 1430, "nm": "ESCOLA MUNICIPAL GIVALDO CAVALCANTI DE SIQUEIRA", "nm_mun": "SERTÂNIA", "aptos": 390, "imp": 0}}, {"type": "Feature", "geometry": {"type": "Point", "coordinates": [-37.265277, -8.074487]}, "properties": {"i": 3009, "mun": 25810, "ibge": 2614105, "z": 62, "l": 1503, "nm": "ESCOLA MUNICIPAL ISAURA XAVIER DOS SANTOS", "nm_mun": "SERTÂNIA", "aptos": 2572, "imp": 0}}, {"type": "Feature", "geometry": {"type": "Point", "coordinates": [-37.451063, -8.247979]}, "properties": {"i": 3010, "mun": 25810, "ibge": 2614105, "z": 62, "l": 1554, "nm": "ESCOLA MUNICIPAL ELOI CADETE", "nm_mun": "SERTÂNIA", "aptos": 285, "imp": 0}}, {"type": "Feature", "geometry": {"type": "Point", "coordinates": [-37.296504, -8.170539]}, "properties": {"i": 3011, "mun": 25810, "ibge": 2614105, "z": 62, "l": 1589, "nm": "ESCOLA MUNICIPAL MANOEL XAVIER DE MELO", "nm_mun": "SERTÂNIA", "aptos": 727, "imp": 0}}, {"type": "Feature", "geometry": {"type": "Point", "coordinates": [-37.294104, -7.984685]}, "properties": {"i": 3012, "mun": 25810, "ibge": 2614105, "z": 62, "l": 1600, "nm": "ESCOLA MUNICIPAL FRANCISCO NUNES DA SILVA", "nm_mun": "SERTÂNIA", "aptos": 603, "imp": 0}}, {"type": "Feature", "geometry": {"type": "Point", "coordinates": [-37.207044, -8.349215]}, "properties": {"i": 3013, "mun": 25810, "ibge": 2614105, "z": 62, "l": 1619, "nm": "ESCOLA MUNICIPAL NAIR FREIRE DE SOUSA", "nm_mun": "SERTÂNIA", "aptos": 275, "imp": 0}}, {"type": "Feature", "geometry": {"type": "Point", "coordinates": [-37.365507, -8.103515]}, "properties": {"i": 3014, "mun": 25810, "ibge": 2614105, "z": 62, "l": 1627, "nm": "ASSOCIAÇÃO DE MORADORES DO SÍTIO MAXIXE", "nm_mun": "SERTÂNIA", "aptos": 187, "imp": 0}}, {"type": "Feature", "geometry": {"type": "Point", "coordinates": [-37.207582, -7.952591]}, "properties": {"i": 3015, "mun": 25810, "ibge": 2614105, "z": 62, "l": 1635, "nm": "ESCOLA MUNICIPAL ODILON MARINHO DE OLIVEIRA", "nm_mun": "SERTÂNIA", "aptos": 174, "imp": 0}}, {"type": "Feature", "geometry": {"type": "Point", "coordinates": [-37.264891, -8.069707]}, "properties": {"i": 3016, "mun": 25810, "ibge": 2614105, "z": 62, "l": 1678, "nm": "CRECHE MUNICIPAL BARTOLOMEU BRASILIANO DE MELO", "nm_mun": "SERTÂNIA", "aptos": 1391, "imp": 0}}, {"type": "Feature", "geometry": {"type": "Point", "coordinates": [-37.272661, -8.066588]}, "properties": {"i": 3017, "mun": 25810, "ibge": 2614105, "z": 62, "l": 1694, "nm": "CENTRO DE EDUC. INFANTIL PREF. RAIMUNDO ALVES DE GOIS MELO", "nm_mun": "SERTÂNIA", "aptos": 1344, "imp": 0}}, {"type": "Feature", "geometry": {"type": "Point", "coordinates": [-36.446939, -8.522763]}, "properties": {"i": 3018, "mun": 25810, "ibge": 2614105, "z": 62, "l": 1708, "nm": "ESCOLA MUNICIPAL SENHOR VICENTE", "nm_mun": "SERTÂNIA", "aptos": 136, "imp": 1}}, {"type": "Feature", "geometry": {"type": "Point", "coordinates": [-35.118399, -8.58958]}, "properties": {"i": 3019, "mun": 25836, "ibge": 2614204, "z": 26, "l": 1015, "nm": "CENTRO RECREATIVO DO SIRINHAEM", "nm_mun": "SIRINHAÉM", "aptos": 1988, "imp": 0}}, {"type": "Feature", "geometry": {"type": "Point", "coordinates": [-35.114915, -8.59233]}, "properties": {"i": 3020, "mun": 25836, "ibge": 2614204, "z": 26, "l": 1031, "nm": "COLÉGIO NOSSA SENHORA DAS GRAÇAS", "nm_mun": "SIRINHAÉM", "aptos": 2235, "imp": 0}}, {"type": "Feature", "geometry": {"type": "Point", "coordinates": [-35.117506, -8.592769]}, "properties": {"i": 3021, "mun": 25836, "ibge": 2614204, "z": 26, "l": 1040, "nm": "ESCOLA MUNICIPAL PADRE VENÂNCIO HENRIQUE REZENDE", "nm_mun": "SIRINHAÉM", "aptos": 721, "imp": 0}}, {"type": "Feature", "geometry": {"type": "Point", "coordinates": [-35.112909, -8.594001]}, "properties": {"i": 3022, "mun": 25836, "ibge": 2614204, "z": 26, "l": 1058, "nm": "GRUPO ESCOLAR EURICO CHAVES", "nm_mun": "SIRINHAÉM", "aptos": 3889, "imp": 0}}, {"type": "Feature", "geometry": {"type": "Point", "coordinates": [-35.107822, -8.613384]}, "properties": {"i": 3023, "mun": 25836, "ibge": 2614204, "z": 26, "l": 1074, "nm": "ESCOLA MUNICIPAL SANTO AMARO", "nm_mun": "SIRINHAÉM", "aptos": 3651, "imp": 0}}, {"type": "Feature", "geometry": {"type": "Point", "coordinates": [-35.1113, -8.618003]}, "properties": {"i": 3024, "mun": 25836, "ibge": 2614204, "z": 26, "l": 1090, "nm": "GRUPO ESCOLAR JOÃO XXIII", "nm_mun": "SIRINHAÉM", "aptos": 1166, "imp": 0}}, {"type": "Feature", "geometry": {"type": "Point", "coordinates": [-35.051828, -8.612222]}, "properties": {"i": 3025, "mun": 25836, "ibge": 2614204, "z": 26, "l": 1104, "nm": "ESCOLA LEONEL NILO DA SILVA", "nm_mun": "SIRINHAÉM", "aptos": 1187, "imp": 0}}, {"type": "Feature", "geometry": {"type": "Point", "coordinates": [-35.256467, -8.523355]}, "properties": {"i": 3026, "mun": 25836, "ibge": 2614204, "z": 26, "l": 1120, "nm": "GRUPO ESCOLAR MARIA JOSÉ MONTEIRO", "nm_mun": "SIRINHAÉM", "aptos": 1190, "imp": 0}}, {"type": "Feature", "geometry": {"type": "Point", "coordinates": [-35.11712, -8.590633]}, "properties": {"i": 3027, "mun": 25836, "ibge": 2614204, "z": 26, "l": 1155, "nm": "CENTRO EDUCACIONAL CRISTO REDENTOR", "nm_mun": "SIRINHAÉM", "aptos": 6281, "imp": 0}}, {"type": "Feature", "geometry": {"type": "Point", "coordinates": [-35.265019, -8.478585]}, "properties": {"i": 3028, "mun": 25836, "ibge": 2614204, "z": 26, "l": 1180, "nm": "ESCOLA MUNICIPAL 31 DE MARÇO", "nm_mun": "SIRINHAÉM", "aptos": 1249, "imp": 0}}, {"type": "Feature", "geometry": {"type": "Point", "coordinates": [-35.076783, -8.663908]}, "properties": {"i": 3029, "mun": 25836, "ibge": 2614204, "z": 26, "l": 1198, "nm": "CRECHE JOSÉ FRANCISCO ACIOLY", "nm_mun": "SIRINHAÉM", "aptos": 733, "imp": 0}}, {"type": "Feature", "geometry": {"type": "Point", "coordinates": [-35.051707, -8.61234]}, "properties": {"i": 3030, "mun": 25836, "ibge": 2614204, "z": 26, "l": 1201, "nm": "ESCOLA MUNICIPAL MARIA JOSÉ OLIVEIRA (D. NININHA)", "nm_mun": "SIRINHAÉM", "aptos": 730, "imp": 0}}, {"type": "Feature", "geometry": {"type": "Point", "coordinates": [-35.052706, -8.611991]}, "properties": {"i": 3031, "mun": 25836, "ibge": 2614204, "z": 26, "l": 1228, "nm": "GRUPO ESCOLAR BARRA DE SIRINHAÉM", "nm_mun": "SIRINHAÉM", "aptos": 1504, "imp": 0}}, {"type": "Feature", "geometry": {"type": "Point", "coordinates": [-35.052003, -8.612788]}, "properties": {"i": 3032, "mun": 25836, "ibge": 2614204, "z": 26, "l": 1252, "nm": "ESCOLA AMARO ARLINDO", "nm_mun": "SIRINHAÉM", "aptos": 1140, "imp": 0}}, {"type": "Feature", "geometry": {"type": "Point", "coordinates": [-35.259129, -8.522758]}, "properties": {"i": 3033, "mun": 25836, "ibge": 2614204, "z": 26, "l": 1260, "nm": "CENTRO DE REFERENCIA", "nm_mun": "SIRINHAÉM", "aptos": 320, "imp": 0}}, {"type": "Feature", "geometry": {"type": "Point", "coordinates": [-35.259865, -8.521874]}, "properties": {"i": 3034, "mun": 25836, "ibge": 2614204, "z": 26, "l": 1279, "nm": "ESCOLA ESTADUAL DE IBIRATINGA", "nm_mun": "SIRINHAÉM", "aptos": 626, "imp": 0}}, {"type": "Feature", "geometry": {"type": "Point", "coordinates": [-39.550749, -7.625208]}, "properties": {"i": 3035, "mun": 25852, "ibge": 2614303, "z": 79, "l": 1015, "nm": "CRECHE JOSÉ ALVES DE MARIA - C.M.E.I.", "nm_mun": "MOREILÂNDIA", "aptos": 1529, "imp": 0}}, {"type": "Feature", "geometry": {"type": "Point", "coordinates": [-39.550844, -7.630239]}, "properties": {"i": 3036, "mun": 25852, "ibge": 2614303, "z": 79, "l": 1023, "nm": "E. E. CEL. CHICO ROMÃO", "nm_mun": "MOREILÂNDIA", "aptos": 1377, "imp": 0}}, {"type": "Feature", "geometry": {"type": "Point", "coordinates": [-39.550979, -7.62789]}, "properties": {"i": 3037, "mun": 25852, "ibge": 2614303, "z": 79, "l": 1040, "nm": "E. E. PRESIDENTE MEDICI", "nm_mun": "MOREILÂNDIA", "aptos": 2732, "imp": 0}}, {"type": "Feature", "geometry": {"type": "Point", "coordinates": [-39.499051, -7.554861]}, "properties": {"i": 3038, "mun": 25852, "ibge": 2614303, "z": 79, "l": 1112, "nm": "CRECHE MUNICIPAL MAMAE SOSSEGO", "nm_mun": "MOREILÂNDIA", "aptos": 1370, "imp": 0}}, {"type": "Feature", "geometry": {"type": "Point", "coordinates": [-39.554062, -7.627066]}, "properties": {"i": 3039, "mun": 25852, "ibge": 2614303, "z": 79, "l": 1120, "nm": "CRECHE SORRISO DA CRIANCA", "nm_mun": "MOREILÂNDIA", "aptos": 1209, "imp": 0}}, {"type": "Feature", "geometry": {"type": "Point", "coordinates": [-39.498714, -7.5551]}, "properties": {"i": 3040, "mun": 25852, "ibge": 2614303, "z": 79, "l": 1139, "nm": "E. E. MARIA LUIZA BRITO FERREIRA", "nm_mun": "MOREILÂNDIA", "aptos": 1331, "imp": 0}}, {"type": "Feature", "geometry": {"type": "Point", "coordinates": [-39.431966, -7.567757]}, "properties": {"i": 3041, "mun": 25852, "ibge": 2614303, "z": 79, "l": 1147, "nm": "E. M. MANOEL LAURINDO", "nm_mun": "MOREILÂNDIA", "aptos": 404, "imp": 0}}, {"type": "Feature", "geometry": {"type": "Point", "coordinates": [-37.650815, -7.600319]}, "properties": {"i": 3042, "mun": 25879, "ibge": 2614402, "z": 98, "l": 1015, "nm": "SECRETARIA MUNICIPAL DE EDUCACAO", "nm_mun": "SOLIDÃO", "aptos": 349, "imp": 0}}, {"type": "Feature", "geometry": {"type": "Point", "coordinates": [-37.650979, -7.600381]}, "properties": {"i": 3043, "mun": 25879, "ibge": 2614402, "z": 98, "l": 1023, "nm": "ESCOLA NOSSA SENHORA DE LOURDES", "nm_mun": "SOLIDÃO", "aptos": 2381, "imp": 0}}, {"type": "Feature", "geometry": {"type": "Point", "coordinates": [-37.708576, -7.553565]}, "properties": {"i": 3044, "mun": 25879, "ibge": 2614402, "z": 98, "l": 1031, "nm": "ESCOLA ANTONIO GOMES DE SOUZA", "nm_mun": "SOLIDÃO", "aptos": 416, "imp": 0}}, {"type": "Feature", "geometry": {"type": "Point", "coordinates": [-37.650583, -7.600478]}, "properties": {"i": 3045, "mun": 25879, "ibge": 2614402, "z": 98, "l": 1040, "nm": "PREFEITURA MUNICIPAL", "nm_mun": "SOLIDÃO", "aptos": 693, "imp": 0}}, {"type": "Feature", "geometry": {"type": "Point", "coordinates": [-37.62498, -7.628597]}, "properties": {"i": 3046, "mun": 25879, "ibge": 2614402, "z": 98, "l": 1066, "nm": "ESCOLA MUNICIPAL MANOEL MARQUES DE OLIVEIRA", "nm_mun": "SOLIDÃO", "aptos": 653, "imp": 0}}, {"type": "Feature", "geometry": {"type": "Point", "coordinates": [-37.645255, -7.601876]}, "properties": {"i": 3047, "mun": 25879, "ibge": 2614402, "z": 98, "l": 1074, "nm": "ESCOLA JOSE GONCALVES DO NASCIMENTO", "nm_mun": "SOLIDÃO", "aptos": 1064, "imp": 0}}, {"type": "Feature", "geometry": {"type": "Point", "coordinates": [-35.760241, -7.839946]}, "properties": {"i": 3048, "mun": 25895, "ibge": 2614501, "z": 34, "l": 1015, "nm": "ESCOLA ESTADUAL ANA FAUSTINA", "nm_mun": "SURUBIM", "aptos": 3089, "imp": 0}}, {"type": "Feature", "geometry": {"type": "Point", "coordinates": [-35.753989, -7.830304]}, "properties": {"i": 3049, "mun": 25895, "ibge": 2614501, "z": 34, "l": 1023, "nm": "COLEGIO MARISTA PIO XII", "nm_mun": "SURUBIM", "aptos": 3331, "imp": 0}}, {"type": "Feature", "geometry": {"type": "Point", "coordinates": [-35.754614, -7.834131]}, "properties": {"i": 3050, "mun": 25895, "ibge": 2614501, "z": 34, "l": 1031, "nm": "ESCOLA MUNICIPAL OLIVEIROS DE ANDRADE  VASCONCELOS", "nm_mun": "SURUBIM", "aptos": 4101, "imp": 0}}, {"type": "Feature", "geometry": {"type": "Point", "coordinates": [-35.752977, -7.848168]}, "properties": {"i": 3051, "mun": 25895, "ibge": 2614501, "z": 34, "l": 1040, "nm": "ESCOLA DE REFERENCIA NATALICIA MARIA FIGUEIROA DA SILVA", "nm_mun": "SURUBIM", "aptos": 2303, "imp": 0}}, {"type": "Feature", "geometry": {"type": "Point", "coordinates": [-35.758715, -7.833054]}, "properties": {"i": 3052, "mun": 25895, "ibge": 2614501, "z": 34, "l": 1066, "nm": "ESCOLA MUNICIPAL LOURENCO RAMOS DA COSTA", "nm_mun": "SURUBIM", "aptos": 2335, "imp": 0}}, {"type": "Feature", "geometry": {"type": "Point", "coordinates": [-35.711299, -7.957332]}, "properties": {"i": 3053, "mun": 25895, "ibge": 2614501, "z": 34, "l": 1139, "nm": "ESCOLA MUNICIPAL INTERMEDIARIA IGNACIA ALCANTARA DE VASCONCELOS- CHEUS", "nm_mun": "SURUBIM", "aptos": 1383, "imp": 0}}, {"type": "Feature", "geometry": {"type": "Point", "coordinates": [-35.775293, -7.849076]}, "properties": {"i": 3054, "mun": 25895, "ibge": 2614501, "z": 34, "l": 1155, "nm": "ESCOLA MUNICIPAL MANOEL MATIAS", "nm_mun": "SURUBIM", "aptos": 1565, "imp": 0}}, {"type": "Feature", "geometry": {"type": "Point", "coordinates": [-35.727025, -7.893157]}, "properties": {"i": 3055, "mun": 25895, "ibge": 2614501, "z": 34, "l": 1171, "nm": "ESCOLA MUNICIPAL JOAQUIM REIS", "nm_mun": "SURUBIM", "aptos": 238, "imp": 0}}, {"type": "Feature", "geometry": {"type": "Point", "coordinates": [-35.724731, -7.86955]}, "properties": {"i": 3056, "mun": 25895, "ibge": 2614501, "z": 34, "l": 1180, "nm": "ESCOLA MUNICIPAL MIGUEL FARIAS", "nm_mun": "SURUBIM", "aptos": 591, "imp": 0}}, {"type": "Feature", "geometry": {"type": "Point", "coordinates": [-35.746601, -7.82637]}, "properties": {"i": 3057, "mun": 25895, "ibge": 2614501, "z": 34, "l": 1198, "nm": "ESCOLA MUNICIPAL OTACILIA ARRUDA BARROS", "nm_mun": "SURUBIM", "aptos": 705, "imp": 0}}, {"type": "Feature", "geometry": {"type": "Point", "coordinates": [-35.766041, -7.859083]}, "properties": {"i": 3058, "mun": 25895, "ibge": 2614501, "z": 34, "l": 1210, "nm": "ESCOLA MUNICIPAL PROFESSOR DOUTOR AMARO FERNANDES DE OLIVEIRA SOBRINHO", "nm_mun": "SURUBIM", "aptos": 3239, "imp": 0}}, {"type": "Feature", "geometry": {"type": "Point", "coordinates": [-35.806307, -7.857851]}, "properties": {"i": 3059, "mun": 25895, "ibge": 2614501, "z": 34, "l": 1244, "nm": "ESCOLA MUNICIPAL ANTONIO MEDEIROS SOBRINHO", "nm_mun": "SURUBIM", "aptos": 511, "imp": 0}}, {"type": "Feature", "geometry": {"type": "Point", "coordinates": [-35.732068, -7.904702]}, "properties": {"i": 3060, "mun": 25895, "ibge": 2614501, "z": 34, "l": 1279, "nm": "ESCOLA MUNICIPAL MARIA DO CARMO VIANA", "nm_mun": "SURUBIM", "aptos": 1473, "imp": 0}}, {"type": "Feature", "geometry": {"type": "Point", "coordinates": [-35.7321, -7.904282]}, "properties": {"i": 3061, "mun": 25895, "ibge": 2614501, "z": 34, "l": 1287, "nm": "ASSOCIACAO DOS MORADORES DE MIMOSO", "nm_mun": "SURUBIM", "aptos": 733, "imp": 0}}, {"type": "Feature", "geometry": {"type": "Point", "coordinates": [-35.73237, -7.904231]}, "properties": {"i": 3062, "mun": 25895, "ibge": 2614501, "z": 34, "l": 1295, "nm": "POSTO MEDICO - MIMOSO", "nm_mun": "SURUBIM", "aptos": 237, "imp": 0}}, {"type": "Feature", "geometry": {"type": "Point", "coordinates": [-35.762167, -7.8399]}, "properties": {"i": 3063, "mun": 25895, "ibge": 2614501, "z": 34, "l": 1376, "nm": "ESCOLA DE REFERENCIA SEVERINO FARIAS", "nm_mun": "SURUBIM", "aptos": 5106, "imp": 0}}, {"type": "Feature", "geometry": {"type": "Point", "coordinates": [-35.759951, -7.839354]}, "properties": {"i": 3064, "mun": 25895, "ibge": 2614501, "z": 34, "l": 1465, "nm": "COLEGIO NOSSA SENHORA DO AMPARO", "nm_mun": "SURUBIM", "aptos": 4911, "imp": 0}}, {"type": "Feature", "geometry": {"type": "Point", "coordinates": [-35.812607, -7.859688]}, "properties": {"i": 3065, "mun": 25895, "ibge": 2614501, "z": 34, "l": 1473, "nm": "ESCOLA MUNICIPAL SILVINO JOSE DE OLIVEIRA", "nm_mun": "SURUBIM", "aptos": 2561, "imp": 0}}, {"type": "Feature", "geometry": {"type": "Point", "coordinates": [-35.759962, -7.845128]}, "properties": {"i": 3066, "mun": 25895, "ibge": 2614501, "z": 34, "l": 1481, "nm": "ESCOLA MUNICIPAL ERMELINDA DE LUCENA BARBOSA", "nm_mun": "SURUBIM", "aptos": 2573, "imp": 0}}, {"type": "Feature", "geometry": {"type": "Point", "coordinates": [-35.780169, -7.834773]}, "properties": {"i": 3067, "mun": 25895, "ibge": 2614501, "z": 34, "l": 1503, "nm": "ESCOLA MUNICIPAL MARIA LINA", "nm_mun": "SURUBIM", "aptos": 1496, "imp": 0}}, {"type": "Feature", "geometry": {"type": "Point", "coordinates": [-35.799795, -7.844359]}, "properties": {"i": 3068, "mun": 25895, "ibge": 2614501, "z": 34, "l": 1511, "nm": "ESCOLA MUNICIPAL IRINEU SEVERINO DE LIMA", "nm_mun": "SURUBIM", "aptos": 1027, "imp": 0}}, {"type": "Feature", "geometry": {"type": "Point", "coordinates": [-35.762636, -7.852069]}, "properties": {"i": 3069, "mun": 25895, "ibge": 2614501, "z": 34, "l": 1538, "nm": "ESCOLA ESTADUAL MARIA CECILIA BARBOSA LEAL", "nm_mun": "SURUBIM", "aptos": 4269, "imp": 0}}, {"type": "Feature", "geometry": {"type": "Point", "coordinates": [-35.763347, -7.834328]}, "properties": {"i": 3070, "mun": 25895, "ibge": 2614501, "z": 34, "l": 1546, "nm": "ESCOLA TÉCNICA ESTADUAL ANTÔNIO ARRUDA DE FARIAS", "nm_mun": "SURUBIM", "aptos": 801, "imp": 0}}, {"type": "Feature", "geometry": {"type": "Point", "coordinates": [-37.537451, -7.588288]}, "properties": {"i": 3071, "mun": 25917, "ibge": 2614600, "z": 50, "l": 1023, "nm": "ESCOLA ARNALDO ALVES CAVALCANTI", "nm_mun": "TABIRA", "aptos": 3751, "imp": 0}}, {"type": "Feature", "geometry": {"type": "Point", "coordinates": [-37.539956, -7.58894]}, "properties": {"i": 3072, "mun": 25917, "ibge": 2614600, "z": 50, "l": 1031, "nm": "ESCOLA MUNICIPAL ANDREA PIRES", "nm_mun": "TABIRA", "aptos": 799, "imp": 0}}, {"type": "Feature", "geometry": {"type": "Point", "coordinates": [-37.542249, -7.591812]}, "properties": {"i": 3073, "mun": 25917, "ibge": 2614600, "z": 50, "l": 1040, "nm": "ESCOLA PEDRO PIRES FERREIRA", "nm_mun": "TABIRA", "aptos": 2045, "imp": 0}}, {"type": "Feature", "geometry": {"type": "Point", "coordinates": [-37.540578, -7.59006]}, "properties": {"i": 3074, "mun": 25917, "ibge": 2614600, "z": 50, "l": 1058, "nm": "ESCOLA PROFESSORA CARLOTA BRECKENFELD", "nm_mun": "TABIRA", "aptos": 3444, "imp": 0}}, {"type": "Feature", "geometry": {"type": "Point", "coordinates": [-37.529997, -7.488483]}, "properties": {"i": 3075, "mun": 25917, "ibge": 2614600, "z": 50, "l": 1104, "nm": "GRUPO ESCOLAR CONEGO LUIZ MUNIZ DO AMARAL", "nm_mun": "TABIRA", "aptos": 1147, "imp": 0}}, {"type": "Feature", "geometry": {"type": "Point", "coordinates": [-37.476658, -7.581162]}, "properties": {"i": 3076, "mun": 25917, "ibge": 2614600, "z": 50, "l": 1112, "nm": "GRUPO ESCOLAR CICERO CORREIA DA SILVA", "nm_mun": "TABIRA", "aptos": 1379, "imp": 0}}, {"type": "Feature", "geometry": {"type": "Point", "coordinates": [-37.545686, -7.617406]}, "properties": {"i": 3077, "mun": 25917, "ibge": 2614600, "z": 50, "l": 1139, "nm": "ESCOLA OTACIANO SOARES DE SOUZA", "nm_mun": "TABIRA", "aptos": 1029, "imp": 0}}, {"type": "Feature", "geometry": {"type": "Point", "coordinates": [-37.542178, -7.591831]}, "properties": {"i": 3078, "mun": 25917, "ibge": 2614600, "z": 50, "l": 1163, "nm": "ESCOLA PEDRO FERREIRA DA SILVA", "nm_mun": "TABIRA", "aptos": 1186, "imp": 0}}, {"type": "Feature", "geometry": {"type": "Point", "coordinates": [-37.53573, -7.583559]}, "properties": {"i": 3079, "mun": 25917, "ibge": 2614600, "z": 50, "l": 1171, "nm": "ESCOLA ADEILDO SANTANA FERNANDES", "nm_mun": "TABIRA", "aptos": 1334, "imp": 0}}, {"type": "Feature", "geometry": {"type": "Point", "coordinates": [-37.547955, -7.591457]}, "properties": {"i": 3080, "mun": 25917, "ibge": 2614600, "z": 50, "l": 1180, "nm": "ESCOLA OTACILIO PEREIRA DA SILVA", "nm_mun": "TABIRA", "aptos": 604, "imp": 0}}, {"type": "Feature", "geometry": {"type": "Point", "coordinates": [-37.541017, -7.589196]}, "properties": {"i": 3081, "mun": 25917, "ibge": 2614600, "z": 50, "l": 1198, "nm": "ESCOLA MUNICIPAL DONA TOINHA", "nm_mun": "TABIRA", "aptos": 2359, "imp": 0}}, {"type": "Feature", "geometry": {"type": "Point", "coordinates": [-37.542241, -7.59148]}, "properties": {"i": 3082, "mun": 25917, "ibge": 2614600, "z": 50, "l": 1201, "nm": "ESCOLA MUNICIPAL JOSÉ ODANO DE GOES PIRES", "nm_mun": "TABIRA", "aptos": 1402, "imp": 0}}, {"type": "Feature", "geometry": {"type": "Point", "coordinates": [-38.747022, -7.881078]}, "properties": {"i": 3083, "mun": 25917, "ibge": 2614600, "z": 50, "l": 1236, "nm": "ESCOLA ANTÔNIO NOGUEIRA BARROS", "nm_mun": "TABIRA", "aptos": 234, "imp": 1}}, {"type": "Feature", "geometry": {"type": "Point", "coordinates": [-38.623261, -7.995139]}, "properties": {"i": 3084, "mun": 25917, "ibge": 2614600, "z": 50, "l": 1252, "nm": "ESCOLA DOM BOSCO", "nm_mun": "TABIRA", "aptos": 751, "imp": 1}}, {"type": "Feature", "geometry": {"type": "Point", "coordinates": [-36.289945, -8.321175]}, "properties": {"i": 3085, "mun": 25933, "ibge": 2614709, "z": 44, "l": 1040, "nm": "ESCOLAS REUNIDAS FRANCISCO DE ASSIS BARROS", "nm_mun": "TACAIMBÓ", "aptos": 2613, "imp": 0}}, {"type": "Feature", "geometry": {"type": "Point", "coordinates": [-36.294561, -8.312585]}, "properties": {"i": 3086, "mun": 25933, "ibge": 2614709, "z": 44, "l": 1155, "nm": "ESCOLA JOSE LEITE BARROS", "nm_mun": "TACAIMBÓ", "aptos": 2428, "imp": 0}}, {"type": "Feature", "geometry": {"type": "Point", "coordinates": [-36.31297, -8.387212]}, "properties": {"i": 3087, "mun": 25933, "ibge": 2614709, "z": 44, "l": 1198, "nm": "GRUPO ESCOLAR MANOEL MARTINS DE LIMA", "nm_mun": "TACAIMBÓ", "aptos": 590, "imp": 0}}, {"type": "Feature", "geometry": {"type": "Point", "coordinates": [-36.216405, -8.366908]}, "properties": {"i": 3088, "mun": 25933, "ibge": 2614709, "z": 44, "l": 1228, "nm": "ESCOLA MUNICIPAL ALBERTINO PEREIRA TEJO", "nm_mun": "TACAIMBÓ", "aptos": 361, "imp": 0}}, {"type": "Feature", "geometry": {"type": "Point", "coordinates": [-36.290911, -8.323391]}, "properties": {"i": 3089, "mun": 25933, "ibge": 2614709, "z": 44, "l": 1236, "nm": "ESCOLA MARIA LUIZA PEREIRA", "nm_mun": "TACAIMBÓ", "aptos": 2011, "imp": 0}}, {"type": "Feature", "geometry": {"type": "Point", "coordinates": [-36.217499, -8.36862]}, "properties": {"i": 3090, "mun": 25933, "ibge": 2614709, "z": 44, "l": 1260, "nm": "ESCOLA AMARO VIEIRA DO NASCIMENTO", "nm_mun": "TACAIMBÓ", "aptos": 547, "imp": 0}}, {"type": "Feature", "geometry": {"type": "Point", "coordinates": [-36.264166, -8.386404]}, "properties": {"i": 3091, "mun": 25933, "ibge": 2614709, "z": 44, "l": 1279, "nm": "ESCOLA MUNICIPAL PADRE PEDRO AGUIAR", "nm_mun": "TACAIMBÓ", "aptos": 1278, "imp": 0}}, {"type": "Feature", "geometry": {"type": "Point", "coordinates": [-36.289313, -8.316524]}, "properties": {"i": 3092, "mun": 25933, "ibge": 2614709, "z": 44, "l": 1287, "nm": "ESCOLA MUNICIPAL RAIMUNDO NONATO DE QUEIROZ/ESTAÇÃO FERROVIÁRIA", "nm_mun": "TACAIMBÓ", "aptos": 1189, "imp": 0}}, {"type": "Feature", "geometry": {"type": "Point", "coordinates": [-38.148801, -9.105447]}, "properties": {"i": 3093, "mun": 25950, "ibge": 2614808, "z": 89, "l": 1031, "nm": "ESCOLA SERGIO MAGALHAES", "nm_mun": "TACARATU", "aptos": 2056, "imp": 0}}, {"type": "Feature", "geometry": {"type": "Point", "coordinates": [-38.072738, -9.103124]}, "properties": {"i": 3094, "mun": 25950, "ibge": 2614808, "z": 89, "l": 1040, "nm": "CRECHE MANOEL CLARO", "nm_mun": "TACARATU", "aptos": 551, "imp": 0}}, {"type": "Feature", "geometry": {"type": "Point", "coordinates": [-38.072308, -9.106062]}, "properties": {"i": 3095, "mun": 25950, "ibge": 2614808, "z": 89, "l": 1058, "nm": "ESCOLA MUNICIPAL MARECHAL FLORIANO PEIXOTO", "nm_mun": "TACARATU", "aptos": 1198, "imp": 0}}, {"type": "Feature", "geometry": {"type": "Point", "coordinates": [-38.07264, -9.105038]}, "properties": {"i": 3096, "mun": 25950, "ibge": 2614808, "z": 89, "l": 1066, "nm": "ESCOLA MUNICIPAL MANOEL PEREIRA DE ARAUJO", "nm_mun": "TACARATU", "aptos": 1967, "imp": 0}}, {"type": "Feature", "geometry": {"type": "Point", "coordinates": [-38.075122, -9.105814]}, "properties": {"i": 3097, "mun": 25950, "ibge": 2614808, "z": 89, "l": 1074, "nm": "ESCOLA JULIA GOMES DE ARAUJO", "nm_mun": "TACARATU", "aptos": 1467, "imp": 0}}, {"type": "Feature", "geometry": {"type": "Point", "coordinates": [-38.194233, -9.122756]}, "properties": {"i": 3098, "mun": 25950, "ibge": 2614808, "z": 89, "l": 1082, "nm": "ESCOLA ESTADUAL PANKARARU EZEQUIEL DOS SANTOS", "nm_mun": "TACARATU", "aptos": 1411, "imp": 0}}, {"type": "Feature", "geometry": {"type": "Point", "coordinates": [-37.99455, -9.048474]}, "properties": {"i": 3099, "mun": 25950, "ibge": 2614808, "z": 89, "l": 1090, "nm": "ESCOLA MUNICIPAL MARIA GOMES DE OLIVEIRA", "nm_mun": "TACARATU", "aptos": 1082, "imp": 0}}, {"type": "Feature", "geometry": {"type": "Point", "coordinates": [-38.112323, -9.076688]}, "properties": {"i": 3100, "mun": 25950, "ibge": 2614808, "z": 89, "l": 1104, "nm": "ESCOLA MUNICIPAL ARISTIDES TELES DE MENEZES", "nm_mun": "TACARATU", "aptos": 333, "imp": 0}}, {"type": "Feature", "geometry": {"type": "Point", "coordinates": [-38.156086, -8.949573]}, "properties": {"i": 3101, "mun": 25950, "ibge": 2614808, "z": 89, "l": 1112, "nm": "ESCOLA ESTADUAL JUAZEIRO", "nm_mun": "TACARATU", "aptos": 1721, "imp": 0}}, {"type": "Feature", "geometry": {"type": "Point", "coordinates": [-38.149434, -9.102233]}, "properties": {"i": 3102, "mun": 25950, "ibge": 2614808, "z": 89, "l": 1120, "nm": "ANEXO DA ESCOLA INEZ BEATRIZ", "nm_mun": "TACARATU", "aptos": 1341, "imp": 0}}, {"type": "Feature", "geometry": {"type": "Point", "coordinates": [-38.14188, -9.142647]}, "properties": {"i": 3103, "mun": 25950, "ibge": 2614808, "z": 89, "l": 1139, "nm": "ESCOLA MUNICIPAL BOM JESUS", "nm_mun": "TACARATU", "aptos": 394, "imp": 0}}, {"type": "Feature", "geometry": {"type": "Point", "coordinates": [-38.152997, -9.108345]}, "properties": {"i": 3104, "mun": 25950, "ibge": 2614808, "z": 89, "l": 1147, "nm": "ESCOLA ESTADUAL JOÃO BATISTA DE VASCONCELOS", "nm_mun": "TACARATU", "aptos": 1682, "imp": 0}}, {"type": "Feature", "geometry": {"type": "Point", "coordinates": [-38.083643, -9.105404]}, "properties": {"i": 3105, "mun": 25950, "ibge": 2614808, "z": 89, "l": 1155, "nm": "ESCOLA MUNICIPAL VEREADOR CLAUDIONOR RODRIGUES MAJOR", "nm_mun": "TACARATU", "aptos": 943, "imp": 0}}, {"type": "Feature", "geometry": {"type": "Point", "coordinates": [-37.874216, -9.009244]}, "properties": {"i": 3106, "mun": 25950, "ibge": 2614808, "z": 89, "l": 1163, "nm": "ESCOLA MUNICIPAL SÃO LUIZ", "nm_mun": "TACARATU", "aptos": 282, "imp": 0}}, {"type": "Feature", "geometry": {"type": "Point", "coordinates": [-38.072079, -9.067326]}, "properties": {"i": 3107, "mun": 25950, "ibge": 2614808, "z": 89, "l": 1171, "nm": "ESCOLA MUNICIPAL CASTRO ALVES", "nm_mun": "TACARATU", "aptos": 565, "imp": 0}}, {"type": "Feature", "geometry": {"type": "Point", "coordinates": [-37.920142, -9.026594]}, "properties": {"i": 3108, "mun": 25950, "ibge": 2614808, "z": 89, "l": 1180, "nm": "ESCOLA MUNICIPAL BENJAMIM JOSE FEITOSA", "nm_mun": "TACARATU", "aptos": 227, "imp": 0}}, {"type": "Feature", "geometry": {"type": "Point", "coordinates": [-38.178303, -9.103507]}, "properties": {"i": 3109, "mun": 25950, "ibge": 2614808, "z": 89, "l": 1198, "nm": "ESCOLA ESTADUAL ESPINHEIRO", "nm_mun": "TACARATU", "aptos": 628, "imp": 0}}, {"type": "Feature", "geometry": {"type": "Point", "coordinates": [-38.194004, -9.097863]}, "properties": {"i": 3110, "mun": 25950, "ibge": 2614808, "z": 89, "l": 1210, "nm": "ESCOLA SANTA CLARA", "nm_mun": "TACARATU", "aptos": 416, "imp": 0}}, {"type": "Feature", "geometry": {"type": "Point", "coordinates": [-35.114767, -7.405773]}, "properties": {"i": 3111, "mun": 25976, "ibge": 2607653, "z": 27, "l": 1040, "nm": "COLÉGIO MUNICIPAL PROF. NIVALDO XAVIER DE ARAÚJO", "nm_mun": "ITAMBÉ", "aptos": 2924, "imp": 0}}, {"type": "Feature", "geometry": {"type": "Point", "coordinates": [-35.110491, -7.411551]}, "properties": {"i": 3112, "mun": 25976, "ibge": 2607653, "z": 27, "l": 1058, "nm": "ESCOLA MUNICIPAL ANDRÉ VIDAL DE NEGREIROS", "nm_mun": "ITAMBÉ", "aptos": 1814, "imp": 0}}, {"type": "Feature", "geometry": {"type": "Point", "coordinates": [-35.114927, -7.404761]}, "properties": {"i": 3113, "mun": 25976, "ibge": 2607653, "z": 27, "l": 1066, "nm": "ESCOLA ARRUDA CÂMARA", "nm_mun": "ITAMBÉ", "aptos": 3092, "imp": 0}}, {"type": "Feature", "geometry": {"type": "Point", "coordinates": [-35.122277, -7.403901]}, "properties": {"i": 3114, "mun": 25976, "ibge": 2607653, "z": 27, "l": 1074, "nm": "ESCOLA MUNICIPAL MONSENHOR JÚLIO MARIA", "nm_mun": "ITAMBÉ", "aptos": 1139, "imp": 0}}, {"type": "Feature", "geometry": {"type": "Point", "coordinates": [-35.108422, -7.409478]}, "properties": {"i": 3115, "mun": 25976, "ibge": 2607653, "z": 27, "l": 1090, "nm": "ESCOLA REFERÊNCIA ENSINO FUNDAMENTAL JOSÉ ANTÔNIO BEZERRA DE MENEZES", "nm_mun": "ITAMBÉ", "aptos": 1164, "imp": 0}}, {"type": "Feature", "geometry": {"type": "Point", "coordinates": [-35.083198, -7.531511]}, "properties": {"i": 3116, "mun": 25976, "ibge": 2607653, "z": 27, "l": 1139, "nm": "ESCOLA MUNICIPAL LAFAYETE NUNES MACHADO", "nm_mun": "ITAMBÉ", "aptos": 2568, "imp": 0}}, {"type": "Feature", "geometry": {"type": "Point", "coordinates": [-35.232032, -7.378142]}, "properties": {"i": 3117, "mun": 25976, "ibge": 2607653, "z": 27, "l": 1155, "nm": "CRECHE MUNICIPAL VOVÔ PESSOINHA - ANEXO IBIRANGA", "nm_mun": "ITAMBÉ", "aptos": 295, "imp": 0}}, {"type": "Feature", "geometry": {"type": "Point", "coordinates": [-35.240429, -7.376157]}, "properties": {"i": 3118, "mun": 25976, "ibge": 2607653, "z": 27, "l": 1163, "nm": "ESCOLA MUNICIPAL PROF. MARIA MADALENA DE PONTES RODRIGUES", "nm_mun": "ITAMBÉ", "aptos": 1533, "imp": 0}}, {"type": "Feature", "geometry": {"type": "Point", "coordinates": [-35.109727, -7.406758]}, "properties": {"i": 3119, "mun": 25976, "ibge": 2607653, "z": 27, "l": 1210, "nm": "ESCOLA DE REFERÊNCIA DE ENSINO MÉDIO FREI ORLANDO", "nm_mun": "ITAMBÉ", "aptos": 2835, "imp": 0}}, {"type": "Feature", "geometry": {"type": "Point", "coordinates": [-35.109576, -7.406293]}, "properties": {"i": 3120, "mun": 25976, "ibge": 2607653, "z": 27, "l": 1236, "nm": "ESCOLA MUNICIPAL PASCOAL CARRAZZONE", "nm_mun": "ITAMBÉ", "aptos": 1823, "imp": 0}}, {"type": "Feature", "geometry": {"type": "Point", "coordinates": [-35.239278, -7.376954]}, "properties": {"i": 3121, "mun": 25976, "ibge": 2607653, "z": 27, "l": 1244, "nm": "ANEXO DA ESCOLA MUNICIPAL PROF. MARIA MADALENA DE PONTES RODRIGUES", "nm_mun": "ITAMBÉ", "aptos": 911, "imp": 0}}, {"type": "Feature", "geometry": {"type": "Point", "coordinates": [-35.274452, -7.401409]}, "properties": {"i": 3122, "mun": 25976, "ibge": 2607653, "z": 27, "l": 1252, "nm": "ESCOLA MUNICIPAL DE QUEBEC", "nm_mun": "ITAMBÉ", "aptos": 1513, "imp": 0}}, {"type": "Feature", "geometry": {"type": "Point", "coordinates": [-35.10609, -7.408878]}, "properties": {"i": 3123, "mun": 25976, "ibge": 2607653, "z": 27, "l": 1260, "nm": "CRECHE MUNICIPAL VOVÔ GENNARO", "nm_mun": "ITAMBÉ", "aptos": 2135, "imp": 0}}, {"type": "Feature", "geometry": {"type": "Point", "coordinates": [-35.951899, -8.450497]}, "properties": {"i": 3124, "mun": 25976, "ibge": 2607653, "z": 27, "l": 1287, "nm": "ESCOLA MUNICIPAL MOCINHA BARBALHO", "nm_mun": "ITAMBÉ", "aptos": 742, "imp": 1}}, {"type": "Feature", "geometry": {"type": "Point", "coordinates": [-36.040378, -7.903296]}, "properties": {"i": 3125, "mun": 25992, "ibge": 2615003, "z": 51, "l": 1058, "nm": "GINÁSIO MUNICIPAL SEVERINO PEREIRA (ANT. CENECISTA)", "nm_mun": "TAQUARITINGA DO NORTE", "aptos": 1760, "imp": 0}}, {"type": "Feature", "geometry": {"type": "Point", "coordinates": [-36.043404, -7.903113]}, "properties": {"i": 3126, "mun": 25992, "ibge": 2615003, "z": 51, "l": 1066, "nm": "ESCOLA ESTADUAL SEVERINO CORDEIRO DE ARRUDA", "nm_mun": "TAQUARITINGA DO NORTE", "aptos": 2298, "imp": 0}}, {"type": "Feature", "geometry": {"type": "Point", "coordinates": [-36.048924, -7.905388]}, "properties": {"i": 3127, "mun": 25992, "ibge": 2615003, "z": 51, "l": 1074, "nm": "ESCOLA ESTADUAL JOSÉ BEZERRA DE ANDRADE", "nm_mun": "TAQUARITINGA DO NORTE", "aptos": 2061, "imp": 0}}, {"type": "Feature", "geometry": {"type": "Point", "coordinates": [-36.092648, -7.857791]}, "properties": {"i": 3128, "mun": 25992, "ibge": 2615003, "z": 51, "l": 1082, "nm": "ESCOLA MUNICIPAL PADRE IBIAPINA", "nm_mun": "TAQUARITINGA DO NORTE", "aptos": 1204, "imp": 0}}, {"type": "Feature", "geometry": {"type": "Point", "coordinates": [-36.135057, -7.960291]}, "properties": {"i": 3129, "mun": 25992, "ibge": 2615003, "z": 51, "l": 1090, "nm": "ESCOLA MUNICIPAL PROFESSORA GILZENETE GUERRA", "nm_mun": "TAQUARITINGA DO NORTE", "aptos": 3947, "imp": 0}}, {"type": "Feature", "geometry": {"type": "Point", "coordinates": [-36.178354, -7.844429]}, "properties": {"i": 3130, "mun": 25992, "ibge": 2615003, "z": 51, "l": 1163, "nm": "ESCOLA MUNICIPAL CHEFE LEANDRO", "nm_mun": "TAQUARITINGA DO NORTE", "aptos": 925, "imp": 0}}, {"type": "Feature", "geometry": {"type": "Point", "coordinates": [-36.113924, -7.963785]}, "properties": {"i": 3131, "mun": 25992, "ibge": 2615003, "z": 51, "l": 1198, "nm": "ESCOLA MUNICIPAL PEDRO DE LIRA BORGES", "nm_mun": "TAQUARITINGA DO NORTE", "aptos": 1296, "imp": 0}}, {"type": "Feature", "geometry": {"type": "Point", "coordinates": [-36.068904, -7.944228]}, "properties": {"i": 3132, "mun": 25992, "ibge": 2615003, "z": 51, "l": 1201, "nm": "ESCOLA MUNICIPAL PADRE JOSÉ DE ANCHIETA", "nm_mun": "TAQUARITINGA DO NORTE", "aptos": 1007, "imp": 0}}, {"type": "Feature", "geometry": {"type": "Point", "coordinates": [-36.158964, -7.825623]}, "properties": {"i": 3133, "mun": 25992, "ibge": 2615003, "z": 51, "l": 1210, "nm": "CENTRO DE CONVIVÊNCIA DE PEDRA PRETA", "nm_mun": "TAQUARITINGA DO NORTE", "aptos": 460, "imp": 0}}, {"type": "Feature", "geometry": {"type": "Point", "coordinates": [-36.185293, -7.899688]}, "properties": {"i": 3134, "mun": 25992, "ibge": 2615003, "z": 51, "l": 1228, "nm": "ESCOLA MUNICIPAL SEBASTIÃO FERREIRA DE LIMA", "nm_mun": "TAQUARITINGA DO NORTE", "aptos": 707, "imp": 0}}, {"type": "Feature", "geometry": {"type": "Point", "coordinates": [-36.048942, -7.899059]}, "properties": {"i": 3135, "mun": 25992, "ibge": 2615003, "z": 51, "l": 1236, "nm": "ESCOLA MUNICIPAL FRANCISCA MOURA (ANT. CAIC)", "nm_mun": "TAQUARITINGA DO NORTE", "aptos": 2288, "imp": 0}}, {"type": "Feature", "geometry": {"type": "Point", "coordinates": [-36.043177, -7.903]}, "properties": {"i": 3136, "mun": 25992, "ibge": 2615003, "z": 51, "l": 1244, "nm": "SALÃO PAROQUIAL", "nm_mun": "TAQUARITINGA DO NORTE", "aptos": 722, "imp": 0}}, {"type": "Feature", "geometry": {"type": "Point", "coordinates": [-36.098212, -7.893123]}, "properties": {"i": 3137, "mun": 25992, "ibge": 2615003, "z": 51, "l": 1252, "nm": "CENTRO DE CONVIVÊNCIA DAS PLACAS", "nm_mun": "TAQUARITINGA DO NORTE", "aptos": 441, "imp": 0}}, {"type": "Feature", "geometry": {"type": "Point", "coordinates": [-36.129876, -7.957675]}, "properties": {"i": 3138, "mun": 25992, "ibge": 2615003, "z": 51, "l": 1279, "nm": "CRECHE MUNICIPAL INÊS DÉU DA SILVA", "nm_mun": "TAQUARITINGA DO NORTE", "aptos": 2421, "imp": 0}}, {"type": "Feature", "geometry": {"type": "Point", "coordinates": [-38.685482, -8.728856]}, "properties": {"i": 3139, "mun": 25992, "ibge": 2615003, "z": 51, "l": 1287, "nm": "GRÊMIO MUSICAL DOM LUIZ DE BRITO", "nm_mun": "TAQUARITINGA DO NORTE", "aptos": 724, "imp": 1}}, {"type": "Feature", "geometry": {"type": "Point", "coordinates": [-36.620608, -9.055632]}, "properties": {"i": 3140, "mun": 26018, "ibge": 2615102, "z": 61, "l": 1023, "nm": "COLEGIO MONSENHOR ALFREDO DAMASO", "nm_mun": "TEREZINHA", "aptos": 3555, "imp": 0}}, {"type": "Feature", "geometry": {"type": "Point", "coordinates": [-36.620921, -9.055215]}, "properties": {"i": 3141, "mun": 26018, "ibge": 2615102, "z": 61, "l": 1031, "nm": "ESCOLA MARLI INÁCIO DA FONSECA", "nm_mun": "TEREZINHA", "aptos": 1369, "imp": 0}}, {"type": "Feature", "geometry": {"type": "Point", "coordinates": [-36.627079, -9.05724]}, "properties": {"i": 3142, "mun": 26018, "ibge": 2615102, "z": 61, "l": 1066, "nm": "GINÁSIO POLIESPORTIVO ADEMÁRIO GOMES DA SILVA", "nm_mun": "TEREZINHA", "aptos": 1712, "imp": 0}}, {"type": "Feature", "geometry": {"type": "Point", "coordinates": [-39.375205, -8.229649]}, "properties": {"i": 3143, "mun": 26034, "ibge": 2615201, "z": 78, "l": 1236, "nm": "ESCOLA ANTONIO LUSTOSA DE OLIVEIRA CABRAL", "nm_mun": "TERRA NOVA", "aptos": 1414, "imp": 0}}, {"type": "Feature", "geometry": {"type": "Point", "coordinates": [-39.37726, -8.227237]}, "properties": {"i": 3144, "mun": 26034, "ibge": 2615201, "z": 78, "l": 1244, "nm": "ESCOLA GUMERCINDO CABRAL", "nm_mun": "TERRA NOVA", "aptos": 3408, "imp": 0}}, {"type": "Feature", "geometry": {"type": "Point", "coordinates": [-39.388834, -8.079586]}, "properties": {"i": 3145, "mun": 26034, "ibge": 2615201, "z": 78, "l": 1279, "nm": "GINASIO MUNICIPAL JOSE CANDIDO MARTINS", "nm_mun": "TERRA NOVA", "aptos": 835, "imp": 0}}, {"type": "Feature", "geometry": {"type": "Point", "coordinates": [-39.387562, -8.079282]}, "properties": {"i": 3146, "mun": 26034, "ibge": 2615201, "z": 78, "l": 1287, "nm": "ESCOLA EDUARDO CALLOU", "nm_mun": "TERRA NOVA", "aptos": 895, "imp": 0}}, {"type": "Feature", "geometry": {"type": "Point", "coordinates": [-39.395379, -8.196126]}, "properties": {"i": 3147, "mun": 26034, "ibge": 2615201, "z": 78, "l": 1341, "nm": "ESCOLA MUNICIPAL JOSÉ VICTOR XAVIER", "nm_mun": "TERRA NOVA", "aptos": 302, "imp": 0}}, {"type": "Feature", "geometry": {"type": "Point", "coordinates": [-39.356464, -8.188297]}, "properties": {"i": 3148, "mun": 26034, "ibge": 2615201, "z": 78, "l": 1376, "nm": "ESCOLA MUNICIPAL IZAIAS JOSÉ RODRIGUES", "nm_mun": "TERRA NOVA", "aptos": 1107, "imp": 0}}, {"type": "Feature", "geometry": {"type": "Point", "coordinates": [-37.294104, -7.984685]}, "properties": {"i": 3149, "mun": 26034, "ibge": 2615201, "z": 78, "l": 1430, "nm": "ESCOLA GLICÉRIO PARENTE DE SÁ", "nm_mun": "TERRA NOVA", "aptos": 906, "imp": 1}}, {"type": "Feature", "geometry": {"type": "Point", "coordinates": [-35.319589, -7.513067]}, "properties": {"i": 3150, "mun": 26050, "ibge": 2615300, "z": 36, "l": 1015, "nm": "COLEGIO CENECISTA", "nm_mun": "TIMBAÚBA", "aptos": 2706, "imp": 0}}, {"type": "Feature", "geometry": {"type": "Point", "coordinates": [-35.318758, -7.513481]}, "properties": {"i": 3151, "mun": 26050, "ibge": 2615300, "z": 36, "l": 1023, "nm": "COLEGIO COMERCIAL TIMBAUBENSE", "nm_mun": "TIMBAÚBA", "aptos": 2548, "imp": 0}}, {"type": "Feature", "geometry": {"type": "Point", "coordinates": [-35.318784, -7.512971]}, "properties": {"i": 3152, "mun": 26050, "ibge": 2615300, "z": 36, "l": 1031, "nm": "ESCOLA SANTA MARIA", "nm_mun": "TIMBAÚBA", "aptos": 3516, "imp": 0}}, {"type": "Feature", "geometry": {"type": "Point", "coordinates": [-35.311275, -7.514903]}, "properties": {"i": 3153, "mun": 26050, "ibge": 2615300, "z": 36, "l": 1040, "nm": "GINASIO INDUSTRIAL", "nm_mun": "TIMBAÚBA", "aptos": 3728, "imp": 0}}, {"type": "Feature", "geometry": {"type": "Point", "coordinates": [-35.31744, -7.515134]}, "properties": {"i": 3154, "mun": 26050, "ibge": 2615300, "z": 36, "l": 1058, "nm": "ELIZABETH LYRA", "nm_mun": "TIMBAÚBA", "aptos": 2609, "imp": 0}}, {"type": "Feature", "geometry": {"type": "Point", "coordinates": [-35.31363, -7.569503]}, "properties": {"i": 3155, "mun": 26050, "ibge": 2615300, "z": 36, "l": 1082, "nm": "ESCOLA DR. FERNANDO ANDRADE", "nm_mun": "TIMBAÚBA", "aptos": 1498, "imp": 0}}, {"type": "Feature", "geometry": {"type": "Point", "coordinates": [-35.378583, -7.517041]}, "properties": {"i": 3156, "mun": 26050, "ibge": 2615300, "z": 36, "l": 1112, "nm": "ESCOLA JOAO DE ANDRADE", "nm_mun": "TIMBAÚBA", "aptos": 1352, "imp": 0}}, {"type": "Feature", "geometry": {"type": "Point", "coordinates": [-35.40478, -7.474251]}, "properties": {"i": 3157, "mun": 26050, "ibge": 2615300, "z": 36, "l": 1139, "nm": "ESCOLA JOSE MOACIR FILHO", "nm_mun": "TIMBAÚBA", "aptos": 887, "imp": 0}}, {"type": "Feature", "geometry": {"type": "Point", "coordinates": [-35.310925, -7.515923]}, "properties": {"i": 3158, "mun": 26050, "ibge": 2615300, "z": 36, "l": 1155, "nm": "ESCOLA ANA EUFRASIA", "nm_mun": "TIMBAÚBA", "aptos": 1170, "imp": 0}}, {"type": "Feature", "geometry": {"type": "Point", "coordinates": [-35.322069, -7.505959]}, "properties": {"i": 3159, "mun": 26050, "ibge": 2615300, "z": 36, "l": 1163, "nm": "GINASIO MUNICIPAL", "nm_mun": "TIMBAÚBA", "aptos": 3272, "imp": 0}}, {"type": "Feature", "geometry": {"type": "Point", "coordinates": [-35.310185, -7.515297]}, "properties": {"i": 3160, "mun": 26050, "ibge": 2615300, "z": 36, "l": 1171, "nm": "EREMT", "nm_mun": "TIMBAÚBA", "aptos": 3416, "imp": 0}}, {"type": "Feature", "geometry": {"type": "Point", "coordinates": [-35.31176, -7.501607]}, "properties": {"i": 3161, "mun": 26050, "ibge": 2615300, "z": 36, "l": 1198, "nm": "ESCOLA MARIA EMILIA", "nm_mun": "TIMBAÚBA", "aptos": 3171, "imp": 0}}, {"type": "Feature", "geometry": {"type": "Point", "coordinates": [-35.322542, -7.514825]}, "properties": {"i": 3162, "mun": 26050, "ibge": 2615300, "z": 36, "l": 1201, "nm": "JADER DE ANDRADE", "nm_mun": "TIMBAÚBA", "aptos": 4374, "imp": 0}}, {"type": "Feature", "geometry": {"type": "Point", "coordinates": [-35.338352, -7.465972]}, "properties": {"i": 3163, "mun": 26050, "ibge": 2615300, "z": 36, "l": 1210, "nm": "ESCOLA ALAIDE MUNIZ DIAS", "nm_mun": "TIMBAÚBA", "aptos": 1126, "imp": 0}}, {"type": "Feature", "geometry": {"type": "Point", "coordinates": [-35.317703, -7.503568]}, "properties": {"i": 3164, "mun": 26050, "ibge": 2615300, "z": 36, "l": 1228, "nm": "ESCOLA DE ENSINO DE 1 GRAU CLOVIS SALGADO", "nm_mun": "TIMBAÚBA", "aptos": 2605, "imp": 0}}, {"type": "Feature", "geometry": {"type": "Point", "coordinates": [-35.302123, -7.49536]}, "properties": {"i": 3165, "mun": 26050, "ibge": 2615300, "z": 36, "l": 1236, "nm": "FACULDADE SANTA TEREZINHA", "nm_mun": "TIMBAÚBA", "aptos": 2734, "imp": 0}}, {"type": "Feature", "geometry": {"type": "Point", "coordinates": [-34.944588, -8.127042]}, "properties": {"i": 3166, "mun": 26050, "ibge": 2615300, "z": 36, "l": 1279, "nm": "COLEGIO INTERAGIR", "nm_mun": "TIMBAÚBA", "aptos": 1391, "imp": 1}}, {"type": "Feature", "geometry": {"type": "Point", "coordinates": [-36.055264, -8.007947]}, "properties": {"i": 3167, "mun": 26077, "ibge": 2615409, "z": 112, "l": 1015, "nm": "ESCOLA MUNICIPAL RUI BARBOSA", "nm_mun": "TORITAMA", "aptos": 1792, "imp": 0}}, {"type": "Feature", "geometry": {"type": "Point", "coordinates": [-36.055274, -8.00456]}, "properties": {"i": 3168, "mun": 26077, "ibge": 2615409, "z": 112, "l": 1023, "nm": "ESCOLA ESTADUAL PROTAZIO SOARES DE SOUZA", "nm_mun": "TORITAMA", "aptos": 3026, "imp": 0}}, {"type": "Feature", "geometry": {"type": "Point", "coordinates": [-36.056911, -8.007568]}, "properties": {"i": 3169, "mun": 26077, "ibge": 2615409, "z": 112, "l": 1031, "nm": "ESCOLA ESTADUAL ESTELITA TIMOTEO", "nm_mun": "TORITAMA", "aptos": 2337, "imp": 0}}, {"type": "Feature", "geometry": {"type": "Point", "coordinates": [-36.061372, -8.011689]}, "properties": {"i": 3170, "mun": 26077, "ibge": 2615409, "z": 112, "l": 1040, "nm": "CAPS - DUQUE DE CAXIAS", "nm_mun": "TORITAMA", "aptos": 399, "imp": 0}}, {"type": "Feature", "geometry": {"type": "Point", "coordinates": [-36.058482, -8.00662]}, "properties": {"i": 3171, "mun": 26077, "ibge": 2615409, "z": 112, "l": 1074, "nm": "ESCOLA MUNICIPAL JOSE JOTA DE ARAUJO", "nm_mun": "TORITAMA", "aptos": 429, "imp": 0}}, {"type": "Feature", "geometry": {"type": "Point", "coordinates": [-36.05943, -8.010324]}, "properties": {"i": 3172, "mun": 26077, "ibge": 2615409, "z": 112, "l": 1082, "nm": "UBS - DUQUE DE CAXIAS", "nm_mun": "TORITAMA", "aptos": 1156, "imp": 0}}, {"type": "Feature", "geometry": {"type": "Point", "coordinates": [-36.055145, -8.008742]}, "properties": {"i": 3173, "mun": 26077, "ibge": 2615409, "z": 112, "l": 1090, "nm": "CREAS - CENTRO DE REFERÊNCIA ESPECIALIZADO DE ASSISTÊNCIA  SOCIAL", "nm_mun": "TORITAMA", "aptos": 780, "imp": 0}}, {"type": "Feature", "geometry": {"type": "Point", "coordinates": [-36.061372, -8.011689]}, "properties": {"i": 3174, "mun": 26077, "ibge": 2615409, "z": 112, "l": 1104, "nm": "ESCOLA MUNICIPAL MARIA AURORA DE JESUS", "nm_mun": "TORITAMA", "aptos": 2317, "imp": 0}}, {"type": "Feature", "geometry": {"type": "Point", "coordinates": [-36.061658, -8.002731]}, "properties": {"i": 3175, "mun": 26077, "ibge": 2615409, "z": 112, "l": 1139, "nm": "ESCOLA MUNICIPAL BELMIRO GONCALVES DA SILVA", "nm_mun": "TORITAMA", "aptos": 3148, "imp": 0}}, {"type": "Feature", "geometry": {"type": "Point", "coordinates": [-36.055914, -7.997428]}, "properties": {"i": 3176, "mun": 26077, "ibge": 2615409, "z": 112, "l": 1147, "nm": "ESCOLA MUNICIPAL NOSSA SENHORA PERPÉTUO SOCORRO", "nm_mun": "TORITAMA", "aptos": 3249, "imp": 0}}, {"type": "Feature", "geometry": {"type": "Point", "coordinates": [-36.055388, -8.007241]}, "properties": {"i": 3177, "mun": 26077, "ibge": 2615409, "z": 112, "l": 1171, "nm": "UNIVERSO AUTISTA - ANTIGO FÓRUM", "nm_mun": "TORITAMA", "aptos": 667, "imp": 0}}, {"type": "Feature", "geometry": {"type": "Point", "coordinates": [-36.080557, -8.019272]}, "properties": {"i": 3178, "mun": 26077, "ibge": 2615409, "z": 112, "l": 1198, "nm": "ESCOLA MUNICIPAL JOSÉ PAULO DE LIMA", "nm_mun": "TORITAMA", "aptos": 1728, "imp": 0}}, {"type": "Feature", "geometry": {"type": "Point", "coordinates": [-36.018372, -7.997653]}, "properties": {"i": 3179, "mun": 26077, "ibge": 2615409, "z": 112, "l": 1201, "nm": "ESCOLA MUNICIPAL MANOEL BENEDITO", "nm_mun": "TORITAMA", "aptos": 543, "imp": 0}}, {"type": "Feature", "geometry": {"type": "Point", "coordinates": [-36.070755, -8.002723]}, "properties": {"i": 3180, "mun": 26077, "ibge": 2615409, "z": 112, "l": 1228, "nm": "ESCOLA MUNICIPAL LAURA LOPES TAVARES DA SILVA", "nm_mun": "TORITAMA", "aptos": 4227, "imp": 0}}, {"type": "Feature", "geometry": {"type": "Point", "coordinates": [-36.046718, -8.002199]}, "properties": {"i": 3181, "mun": 26077, "ibge": 2615409, "z": 112, "l": 1236, "nm": "ESCOLA MUNICIPAL ELIZETE BORBA DA SILVA", "nm_mun": "TORITAMA", "aptos": 2179, "imp": 0}}, {"type": "Feature", "geometry": {"type": "Point", "coordinates": [-35.759741, -8.243865]}, "properties": {"i": 3182, "mun": 26077, "ibge": 2615409, "z": 112, "l": 1244, "nm": "CRECHE MUNICIPAL - BAIRRO INDEPENDENTE", "nm_mun": "TORITAMA", "aptos": 2535, "imp": 1}}, {"type": "Feature", "geometry": {"type": "Point", "coordinates": [-35.854815, -8.137658]}, "properties": {"i": 3183, "mun": 26077, "ibge": 2615409, "z": 112, "l": 1252, "nm": "ESCOLA MUNICIPAL MARIA AURORA DE JESUS - GINÁSIO", "nm_mun": "TORITAMA", "aptos": 776, "imp": 1}}, {"type": "Feature", "geometry": {"type": "Point", "coordinates": [-36.070755, -8.002723]}, "properties": {"i": 3184, "mun": 26077, "ibge": 2615409, "z": 112, "l": 1260, "nm": "ESCOLA MUNICIPAL MARIA GONÇALVES DA SILVA", "nm_mun": "TORITAMA", "aptos": 975, "imp": 1}}, {"type": "Feature", "geometry": {"type": "Point", "coordinates": [-35.739753, -8.241783]}, "properties": {"i": 3185, "mun": 26077, "ibge": 2615409, "z": 112, "l": 1279, "nm": "CRECHE MUNICIPAL - BAIRRO ANTÃO", "nm_mun": "TORITAMA", "aptos": 1597, "imp": 1}}, {"type": "Feature", "geometry": {"type": "Point", "coordinates": [-37.070895, -8.413691]}, "properties": {"i": 3186, "mun": 26077, "ibge": 2615409, "z": 112, "l": 1309, "nm": "ESPAÇO DA JUVENTUDE", "nm_mun": "TORITAMA", "aptos": 790, "imp": 1}}, {"type": "Feature", "geometry": {"type": "Point", "coordinates": [-38.747022, -7.881078]}, "properties": {"i": 3187, "mun": 26077, "ibge": 2615409, "z": 112, "l": 1317, "nm": "ESCOLA MUNICIPAL RUI BARBOSA - 2º ANDAR", "nm_mun": "TORITAMA", "aptos": 354, "imp": 1}}, {"type": "Feature", "geometry": {"type": "Point", "coordinates": [-36.061372, -8.011689]}, "properties": {"i": 3188, "mun": 26077, "ibge": 2615409, "z": 112, "l": 1325, "nm": "ESCOLA MUNICIPAL JOSE MATIAS DA SILVA", "nm_mun": "TORITAMA", "aptos": 229, "imp": 1}}, {"type": "Feature", "geometry": {"type": "Point", "coordinates": [-35.23823, -7.806183]}, "properties": {"i": 3189, "mun": 26093, "ibge": 2615508, "z": 23, "l": 1074, "nm": "GINÁSIO AGAMENON MAGALHÃES", "nm_mun": "TRACUNHAÉM", "aptos": 2710, "imp": 0}}, {"type": "Feature", "geometry": {"type": "Point", "coordinates": [-35.234493, -7.801733]}, "properties": {"i": 3190, "mun": 26093, "ibge": 2615508, "z": 23, "l": 1112, "nm": "ESCOLA WALFREDO LUÍS PESSOA DE MELO", "nm_mun": "TRACUNHAÉM", "aptos": 3546, "imp": 0}}, {"type": "Feature", "geometry": {"type": "Point", "coordinates": [-35.228801, -7.802122]}, "properties": {"i": 3191, "mun": 26093, "ibge": 2615508, "z": 23, "l": 1120, "nm": "ESCOLA MUNICIPAL JOAQUIM CANUTO DE ARAÚJO", "nm_mun": "TRACUNHAÉM", "aptos": 2116, "imp": 0}}, {"type": "Feature", "geometry": {"type": "Point", "coordinates": [-35.140824, -7.768442]}, "properties": {"i": 3192, "mun": 26093, "ibge": 2615508, "z": 23, "l": 1155, "nm": "ESCOLA ANÍSIO CABRAL", "nm_mun": "TRACUNHAÉM", "aptos": 1198, "imp": 0}}, {"type": "Feature", "geometry": {"type": "Point", "coordinates": [-35.228141, -7.801981]}, "properties": {"i": 3193, "mun": 26093, "ibge": 2615508, "z": 23, "l": 1180, "nm": "ESCOLA MUNICIPAL TANCREDO NEVES", "nm_mun": "TRACUNHAÉM", "aptos": 869, "imp": 0}}, {"type": "Feature", "geometry": {"type": "Point", "coordinates": [-35.234668, -7.749328]}, "properties": {"i": 3194, "mun": 26093, "ibge": 2615508, "z": 23, "l": 1198, "nm": "ESCOLA MARIA CLEMILDA COELHO DA SILVA", "nm_mun": "TRACUNHAÉM", "aptos": 1553, "imp": 1}}, {"type": "Feature", "geometry": {"type": "Point", "coordinates": [-35.1642, -7.936492]}, "properties": {"i": 3195, "mun": 26093, "ibge": 2615508, "z": 23, "l": 1201, "nm": "ESCOLA MARIA LAURA DA SILVA CORREIA", "nm_mun": "TRACUNHAÉM", "aptos": 96, "imp": 1}}, {"type": "Feature", "geometry": {"type": "Point", "coordinates": [-40.267983, -7.76058]}, "properties": {"i": 3196, "mun": 26115, "ibge": 2615607, "z": 133, "l": 1015, "nm": "ESCOLA GOVERNADOR MUNIZ FALCÃO", "nm_mun": "TRINDADE", "aptos": 5551, "imp": 0}}, {"type": "Feature", "geometry": {"type": "Point", "coordinates": [-40.264519, -7.762439]}, "properties": {"i": 3197, "mun": 26115, "ibge": 2615607, "z": 133, "l": 1023, "nm": "ESCOLA MUNICIPAL GOVERNADOR PAULO GUERRA", "nm_mun": "TRINDADE", "aptos": 3831, "imp": 0}}, {"type": "Feature", "geometry": {"type": "Point", "coordinates": [-40.294688, -7.667293]}, "properties": {"i": 3198, "mun": 26115, "ibge": 2615607, "z": 133, "l": 1040, "nm": "ESCOLA MUNICIPAL JOÃO NASCIMENTO", "nm_mun": "TRINDADE", "aptos": 973, "imp": 1}}, {"type": "Feature", "geometry": {"type": "Point", "coordinates": [-40.325653, -7.708476]}, "properties": {"i": 3199, "mun": 26115, "ibge": 2615607, "z": 133, "l": 1066, "nm": "ESCOLA MUNICIPAL SÃO SEBASTIÃO", "nm_mun": "TRINDADE", "aptos": 1315, "imp": 0}}, {"type": "Feature", "geometry": {"type": "Point", "coordinates": [-40.294688, -7.667293]}, "properties": {"i": 3200, "mun": 26115, "ibge": 2615607, "z": 133, "l": 1074, "nm": "ESCOLA MUNICIPAL NOSSA SENHORA DO SOCORRO", "nm_mun": "TRINDADE", "aptos": 1209, "imp": 0}}, {"type": "Feature", "geometry": {"type": "Point", "coordinates": [-40.263896, -7.766616]}, "properties": {"i": 3201, "mun": 26115, "ibge": 2615607, "z": 133, "l": 1155, "nm": "ESCOLA  PROFESSORA ANTÔNIA MARINHO APOLINÁRIO", "nm_mun": "TRINDADE", "aptos": 4200, "imp": 0}}, {"type": "Feature", "geometry": {"type": "Point", "coordinates": [-40.260998, -7.757209]}, "properties": {"i": 3202, "mun": 26115, "ibge": 2615607, "z": 133, "l": 1180, "nm": "ESCOLA JOÃO PEDRO DA SILVA", "nm_mun": "TRINDADE", "aptos": 1081, "imp": 0}}, {"type": "Feature", "geometry": {"type": "Point", "coordinates": [-40.27093, -7.76016]}, "properties": {"i": 3203, "mun": 26115, "ibge": 2615607, "z": 133, "l": 1198, "nm": "ESCOLA MUNICIPAL OSVALDO CRUZ", "nm_mun": "TRINDADE", "aptos": 2034, "imp": 0}}, {"type": "Feature", "geometry": {"type": "Point", "coordinates": [-40.266525, -7.75381]}, "properties": {"i": 3204, "mun": 26115, "ibge": 2615607, "z": 133, "l": 1201, "nm": "ESCOLA MUNICIPAL GIL NEY LINS DE ALENCAR", "nm_mun": "TRINDADE", "aptos": 757, "imp": 0}}, {"type": "Feature", "geometry": {"type": "Point", "coordinates": [-40.264156, -7.762883]}, "properties": {"i": 3205, "mun": 26115, "ibge": 2615607, "z": 133, "l": 1228, "nm": "ESCOLA MUNICIPAL HORTÊNCIO PEREIRA LIMA", "nm_mun": "TRINDADE", "aptos": 2607, "imp": 0}}, {"type": "Feature", "geometry": {"type": "Point", "coordinates": [-40.265084, -7.764556]}, "properties": {"i": 3206, "mun": 26115, "ibge": 2615607, "z": 133, "l": 1236, "nm": "ESCOLA MUNICIPAL ALICE LINS DE AQUINO", "nm_mun": "TRINDADE", "aptos": 1561, "imp": 0}}, {"type": "Feature", "geometry": {"type": "Point", "coordinates": [-38.104086, -7.834878]}, "properties": {"i": 3207, "mun": 26131, "ibge": 2615706, "z": 67, "l": 1015, "nm": "ESCOLA MUNICIPAL SÃO VICENTE DE PAULO", "nm_mun": "TRIUNFO", "aptos": 2468, "imp": 0}}, {"type": "Feature", "geometry": {"type": "Point", "coordinates": [-38.103929, -7.833752]}, "properties": {"i": 3208, "mun": 26131, "ibge": 2615706, "z": 67, "l": 1023, "nm": "ESCOLA ALFREDO DE CARVALHO", "nm_mun": "TRIUNFO", "aptos": 3579, "imp": 0}}, {"type": "Feature", "geometry": {"type": "Point", "coordinates": [-38.103889, -7.830442]}, "properties": {"i": 3209, "mun": 26131, "ibge": 2615706, "z": 67, "l": 1031, "nm": "ESCOLA ESTADUAL MONSENHOR LUIZ SAMPAIO", "nm_mun": "TRIUNFO", "aptos": 1590, "imp": 0}}, {"type": "Feature", "geometry": {"type": "Point", "coordinates": [-38.104086, -7.834878]}, "properties": {"i": 3210, "mun": 26131, "ibge": 2615706, "z": 67, "l": 1040, "nm": "OBRA SOCIAL SANTA ANA - OSSA", "nm_mun": "TRIUNFO", "aptos": 900, "imp": 0}}, {"type": "Feature", "geometry": {"type": "Point", "coordinates": [-38.023151, -7.779139]}, "properties": {"i": 3211, "mun": 26131, "ibge": 2615706, "z": 67, "l": 1058, "nm": "ESCOLA MUNICIPAL MANOEL CÂNDIDO FERREIRA", "nm_mun": "TRIUNFO", "aptos": 1043, "imp": 0}}, {"type": "Feature", "geometry": {"type": "Point", "coordinates": [-38.085272, -7.893158]}, "properties": {"i": 3212, "mun": 26131, "ibge": 2615706, "z": 67, "l": 1066, "nm": "ESCOLA MUNICIPAL JOÃO HENRIQUE DA SILVA", "nm_mun": "TRIUNFO", "aptos": 1554, "imp": 0}}, {"type": "Feature", "geometry": {"type": "Point", "coordinates": [-38.109477, -7.833117]}, "properties": {"i": 3213, "mun": 26131, "ibge": 2615706, "z": 67, "l": 1074, "nm": "EMEFI GOV. EDUARDO CAMPOS", "nm_mun": "TRIUNFO", "aptos": 1096, "imp": 0}}, {"type": "Feature", "geometry": {"type": "Point", "coordinates": [-37.341007, -8.75044]}, "properties": {"i": 3214, "mun": 26158, "ibge": 2615805, "z": 143, "l": 1031, "nm": "ESCOLA MUNICIPAL CRISTO REI", "nm_mun": "TUPANATINGA", "aptos": 1560, "imp": 0}}, {"type": "Feature", "geometry": {"type": "Point", "coordinates": [-37.299595, -8.709132]}, "properties": {"i": 3215, "mun": 26158, "ibge": 2615805, "z": 143, "l": 1040, "nm": "ESCOLA MUNICIPAL JOSE ALBUQUERQUE MARANHAO", "nm_mun": "TUPANATINGA", "aptos": 1434, "imp": 0}}, {"type": "Feature", "geometry": {"type": "Point", "coordinates": [-37.342755, -8.75318]}, "properties": {"i": 3216, "mun": 26158, "ibge": 2615805, "z": 143, "l": 1066, "nm": "ESCOLA MUNICIPAL DR MANOEL BORBA", "nm_mun": "TUPANATINGA", "aptos": 1656, "imp": 0}}, {"type": "Feature", "geometry": {"type": "Point", "coordinates": [-37.342963, -8.753503]}, "properties": {"i": 3217, "mun": 26158, "ibge": 2615805, "z": 143, "l": 1074, "nm": "ESCOLA JOSE EMILIO DE MELO", "nm_mun": "TUPANATINGA", "aptos": 5012, "imp": 0}}, {"type": "Feature", "geometry": {"type": "Point", "coordinates": [-37.305237, -8.760442]}, "properties": {"i": 3218, "mun": 26158, "ibge": 2615805, "z": 143, "l": 1112, "nm": "ESCOLA MUNICIPAL CLARINDO ALBUQUERQUE", "nm_mun": "TUPANATINGA", "aptos": 787, "imp": 0}}, {"type": "Feature", "geometry": {"type": "Point", "coordinates": [-37.339482, -8.7581]}, "properties": {"i": 3219, "mun": 26158, "ibge": 2615805, "z": 143, "l": 1120, "nm": "ESCOLA MUNICIPAL PAULO FREIRE - FUNDEC", "nm_mun": "TUPANATINGA", "aptos": 964, "imp": 0}}, {"type": "Feature", "geometry": {"type": "Point", "coordinates": [-37.222688, -8.790037]}, "properties": {"i": 3220, "mun": 26158, "ibge": 2615805, "z": 143, "l": 1139, "nm": "ESCOLA MUNICIPAL PRESIDENTE TANCREDO NEVES", "nm_mun": "TUPANATINGA", "aptos": 1184, "imp": 0}}, {"type": "Feature", "geometry": {"type": "Point", "coordinates": [-37.357835, -8.693972]}, "properties": {"i": 3221, "mun": 26158, "ibge": 2615805, "z": 143, "l": 1163, "nm": "ESCOLA MUNICIPAL ANGELO PORFIRIO", "nm_mun": "TUPANATINGA", "aptos": 379, "imp": 0}}, {"type": "Feature", "geometry": {"type": "Point", "coordinates": [-37.344575, -8.753008]}, "properties": {"i": 3222, "mun": 26158, "ibge": 2615805, "z": 143, "l": 1171, "nm": "ESCOLA MUNICIPAL FELISBELA", "nm_mun": "TUPANATINGA", "aptos": 2173, "imp": 0}}, {"type": "Feature", "geometry": {"type": "Point", "coordinates": [-37.344797, -8.75293]}, "properties": {"i": 3223, "mun": 26158, "ibge": 2615805, "z": 143, "l": 1244, "nm": "CRECHE JOSEFA ALVES MACHADO", "nm_mun": "TUPANATINGA", "aptos": 1503, "imp": 0}}, {"type": "Feature", "geometry": {"type": "Point", "coordinates": [-37.309095, -7.602317]}, "properties": {"i": 3224, "mun": 26174, "ibge": 2615904, "z": 68, "l": 1023, "nm": "ESCOLA ESTADUAL ERNESTO DE SOUZA LEITE", "nm_mun": "TUPARETAMA", "aptos": 3072, "imp": 0}}, {"type": "Feature", "geometry": {"type": "Point", "coordinates": [-37.238907, -7.729935]}, "properties": {"i": 3225, "mun": 26174, "ibge": 2615904, "z": 68, "l": 1040, "nm": "ESCOLA MUNICIPAL ANCHIETA TORRES", "nm_mun": "TUPARETAMA", "aptos": 895, "imp": 0}}, {"type": "Feature", "geometry": {"type": "Point", "coordinates": [-37.307043, -7.601097]}, "properties": {"i": 3226, "mun": 26174, "ibge": 2615904, "z": 68, "l": 1090, "nm": "ESC. REF. ENS. MÉDIO-EREM CÔNEGO OLÍMPIO TORRES", "nm_mun": "TUPARETAMA", "aptos": 2522, "imp": 0}}, {"type": "Feature", "geometry": {"type": "Point", "coordinates": [-37.315907, -7.609885]}, "properties": {"i": 3227, "mun": 26174, "ibge": 2615904, "z": 68, "l": 1104, "nm": "ESCOLA MUNICIPAL FRANCISCO ZEFERINO PESSOA", "nm_mun": "TUPARETAMA", "aptos": 1538, "imp": 0}}, {"type": "Feature", "geometry": {"type": "Point", "coordinates": [-36.879797, -8.580949]}, "properties": {"i": 3228, "mun": 26190, "ibge": 2616001, "z": 120, "l": 1015, "nm": "ESCOLA MANASSES ALVES BEZERRA", "nm_mun": "VENTUROSA", "aptos": 1647, "imp": 0}}, {"type": "Feature", "geometry": {"type": "Point", "coordinates": [-36.87819, -8.57722]}, "properties": {"i": 3229, "mun": 26190, "ibge": 2616001, "z": 120, "l": 1031, "nm": "ESCOLA PROFESSORA JUREMA RODRIGUES ALEXANDRE", "nm_mun": "VENTUROSA", "aptos": 1963, "imp": 0}}, {"type": "Feature", "geometry": {"type": "Point", "coordinates": [-36.87886, -8.577333]}, "properties": {"i": 3230, "mun": 26190, "ibge": 2616001, "z": 120, "l": 1040, "nm": "ESCOLA QUITERIA WANDERLEY SIMOES", "nm_mun": "VENTUROSA", "aptos": 3963, "imp": 0}}, {"type": "Feature", "geometry": {"type": "Point", "coordinates": [-36.873232, -8.577979]}, "properties": {"i": 3231, "mun": 26190, "ibge": 2616001, "z": 120, "l": 1066, "nm": "ESCOLA MUNICIPAL DELMIRO ALEXANDRE SILVA", "nm_mun": "VENTUROSA", "aptos": 1344, "imp": 0}}, {"type": "Feature", "geometry": {"type": "Point", "coordinates": [-36.873636, -8.577333]}, "properties": {"i": 3232, "mun": 26190, "ibge": 2616001, "z": 120, "l": 1082, "nm": "BIBLIOTECA MUNICIPAL", "nm_mun": "VENTUROSA", "aptos": 792, "imp": 0}}, {"type": "Feature", "geometry": {"type": "Point", "coordinates": [-36.703642, -8.70255]}, "properties": {"i": 3233, "mun": 26190, "ibge": 2616001, "z": 120, "l": 1112, "nm": "ESCOLA MANOEL ALVES DE ARAÚJO", "nm_mun": "VENTUROSA", "aptos": 543, "imp": 0}}, {"type": "Feature", "geometry": {"type": "Point", "coordinates": [-36.810288, -8.67178]}, "properties": {"i": 3234, "mun": 26190, "ibge": 2616001, "z": 120, "l": 1139, "nm": "ESCOLA MUNICIPAL VEREADOR AFONSO BEZERRA", "nm_mun": "VENTUROSA", "aptos": 754, "imp": 0}}, {"type": "Feature", "geometry": {"type": "Point", "coordinates": [-37.51095, -7.834514]}, "properties": {"i": 3235, "mun": 26190, "ibge": 2616001, "z": 120, "l": 1147, "nm": "ESCOLA CÔNEGO EMANUEL VASCONCELOS", "nm_mun": "VENTUROSA", "aptos": 3820, "imp": 1}}, {"type": "Feature", "geometry": {"type": "Point", "coordinates": [-38.971549, -7.925865]}, "properties": {"i": 3236, "mun": 26212, "ibge": 2616100, "z": 75, "l": 1015, "nm": "ESCOLA ANISIO VERAS", "nm_mun": "VERDEJANTE", "aptos": 2403, "imp": 0}}, {"type": "Feature", "geometry": {"type": "Point", "coordinates": [-38.970138, -7.927255]}, "properties": {"i": 3237, "mun": 26212, "ibge": 2616100, "z": 75, "l": 1023, "nm": "ESCOLA JOAQUIM TAVARES", "nm_mun": "VERDEJANTE", "aptos": 2367, "imp": 0}}, {"type": "Feature", "geometry": {"type": "Point", "coordinates": [-38.915695, -8.008414]}, "properties": {"i": 3238, "mun": 26212, "ibge": 2616100, "z": 75, "l": 1031, "nm": "ESCOLA OSMUNDO BEZERRA", "nm_mun": "VERDEJANTE", "aptos": 1530, "imp": 0}}, {"type": "Feature", "geometry": {"type": "Point", "coordinates": [-39.080319, -7.978924]}, "properties": {"i": 3239, "mun": 26212, "ibge": 2616100, "z": 75, "l": 1040, "nm": "ESCOLA CLEMENTINO NOGUEIRA", "nm_mun": "VERDEJANTE", "aptos": 713, "imp": 0}}, {"type": "Feature", "geometry": {"type": "Point", "coordinates": [-38.904399, -8.011862]}, "properties": {"i": 3240, "mun": 26212, "ibge": 2616100, "z": 75, "l": 1082, "nm": "ESCOLA ANTONIA ALVES RANGEL", "nm_mun": "VERDEJANTE", "aptos": 537, "imp": 0}}, {"type": "Feature", "geometry": {"type": "Point", "coordinates": [-39.010601, -7.893694]}, "properties": {"i": 3241, "mun": 26212, "ibge": 2616100, "z": 75, "l": 1090, "nm": "ESCOLA JOSÉ MARTINHO DE SÁ", "nm_mun": "VERDEJANTE", "aptos": 387, "imp": 0}}, {"type": "Feature", "geometry": {"type": "Point", "coordinates": [-38.962179, -7.912287]}, "properties": {"i": 3242, "mun": 26212, "ibge": 2616100, "z": 75, "l": 1112, "nm": "ESCOLA ANTONIO HONORATO BARBOSA", "nm_mun": "VERDEJANTE", "aptos": 242, "imp": 0}}, {"type": "Feature", "geometry": {"type": "Point", "coordinates": [-39.030893, -7.854705]}, "properties": {"i": 3243, "mun": 26212, "ibge": 2616100, "z": 75, "l": 1120, "nm": "ESCOLA MUNICIPAL CLEMENTINO ALVES DE CARVALHO", "nm_mun": "VERDEJANTE", "aptos": 255, "imp": 0}}, {"type": "Feature", "geometry": {"type": "Point", "coordinates": [-35.984259, -7.903833]}, "properties": {"i": 3244, "mun": 26239, "ibge": 2616209, "z": 46, "l": 1040, "nm": "EREM GIL RODRIGUES", "nm_mun": "VERTENTES", "aptos": 3732, "imp": 0}}, {"type": "Feature", "geometry": {"type": "Point", "coordinates": [-35.943962, -7.870112]}, "properties": {"i": 3245, "mun": 26239, "ibge": 2616209, "z": 46, "l": 1066, "nm": "ESCOLA MUNICIPAL PROF. JOSEFA ALVES LEANDRO DE ARRUDA", "nm_mun": "VERTENTES", "aptos": 1595, "imp": 0}}, {"type": "Feature", "geometry": {"type": "Point", "coordinates": [-35.99283, -7.980288]}, "properties": {"i": 3246, "mun": 26239, "ibge": 2616209, "z": 46, "l": 1074, "nm": "ESCOLA MUNICIPAL ODETE BEZERRA", "nm_mun": "VERTENTES", "aptos": 695, "imp": 0}}, {"type": "Feature", "geometry": {"type": "Point", "coordinates": [-35.916557, -7.880118]}, "properties": {"i": 3247, "mun": 26239, "ibge": 2616209, "z": 46, "l": 1090, "nm": "ETI MUNICIPAL MARIA DE FÁTIMA DE MIRANDA (ANTIGA PADRE ROCHA)", "nm_mun": "VERTENTES", "aptos": 2259, "imp": 0}}, {"type": "Feature", "geometry": {"type": "Point", "coordinates": [-35.954018, -7.795308]}, "properties": {"i": 3248, "mun": 26239, "ibge": 2616209, "z": 46, "l": 1120, "nm": "ETI MUNICIPAL PROFESSOR DOMINGOS PEREIRA", "nm_mun": "VERTENTES", "aptos": 1087, "imp": 0}}, {"type": "Feature", "geometry": {"type": "Point", "coordinates": [-36.022774, -7.824587]}, "properties": {"i": 3249, "mun": 26239, "ibge": 2616209, "z": 46, "l": 1155, "nm": "ESCOLA MUNICIPAL SÃO JOÃO DO FERRAZ", "nm_mun": "VERTENTES", "aptos": 434, "imp": 0}}, {"type": "Feature", "geometry": {"type": "Point", "coordinates": [-36.008323, -7.939062]}, "properties": {"i": 3250, "mun": 26239, "ibge": 2616209, "z": 46, "l": 1171, "nm": "ESCOLA MUNICIPAL BERNARDO DAS CHAGAS", "nm_mun": "VERTENTES", "aptos": 652, "imp": 0}}, {"type": "Feature", "geometry": {"type": "Point", "coordinates": [-35.985907, -7.903406]}, "properties": {"i": 3251, "mun": 26239, "ibge": 2616209, "z": 46, "l": 1198, "nm": "ETI MUNICIPAL JOSÉ ACÁCIO PESSÔA (ANTIGA SÃO LUIZ)", "nm_mun": "VERTENTES", "aptos": 2610, "imp": 0}}, {"type": "Feature", "geometry": {"type": "Point", "coordinates": [-35.986521, -7.903343]}, "properties": {"i": 3252, "mun": 26239, "ibge": 2616209, "z": 46, "l": 1210, "nm": "ESCOLA MUNICIPAL IVAN MÁRCIO BEZERRA CAVALCANTI", "nm_mun": "VERTENTES", "aptos": 1458, "imp": 0}}, {"type": "Feature", "geometry": {"type": "Point", "coordinates": [-36.699992, -8.360669]}, "properties": {"i": 3253, "mun": 26239, "ibge": 2616209, "z": 46, "l": 1252, "nm": "CRECHE MUNICIPAL ALICE SANTOS DE LIMA", "nm_mun": "VERTENTES", "aptos": 2213, "imp": 1}}, {"type": "Feature", "geometry": {"type": "Point", "coordinates": [-35.328894, -7.658229]}, "properties": {"i": 3254, "mun": 26255, "ibge": 2616308, "z": 90, "l": 1023, "nm": "ESCOLA ESTADUAL DR. JOAQUIM CORREIA", "nm_mun": "VICÊNCIA", "aptos": 3843, "imp": 0}}, {"type": "Feature", "geometry": {"type": "Point", "coordinates": [-35.320745, -7.654652]}, "properties": {"i": 3255, "mun": 26255, "ibge": 2616308, "z": 90, "l": 1040, "nm": "ESCOLA MUNICIPAL JUVENATO PADRE GUEDES", "nm_mun": "VICÊNCIA", "aptos": 1523, "imp": 0}}, {"type": "Feature", "geometry": {"type": "Point", "coordinates": [-35.319214, -7.65645]}, "properties": {"i": 3256, "mun": 26255, "ibge": 2616308, "z": 90, "l": 1066, "nm": "ESCOLA MUNICIPAL LUIZ MARANHÃO", "nm_mun": "VICÊNCIA", "aptos": 3342, "imp": 0}}, {"type": "Feature", "geometry": {"type": "Point", "coordinates": [-35.322732, -7.65653]}, "properties": {"i": 3257, "mun": 26255, "ibge": 2616308, "z": 90, "l": 1090, "nm": "ESCOLA ESTADUAL PADRE GUEDES", "nm_mun": "VICÊNCIA", "aptos": 2875, "imp": 0}}, {"type": "Feature", "geometry": {"type": "Point", "coordinates": [-35.279371, -7.609836]}, "properties": {"i": 3258, "mun": 26255, "ibge": 2616308, "z": 90, "l": 1104, "nm": "ESCOLA MUNICIPAL ALFREDO GOMES", "nm_mun": "VICÊNCIA", "aptos": 1050, "imp": 0}}, {"type": "Feature", "geometry": {"type": "Point", "coordinates": [-35.359685, -7.683134]}, "properties": {"i": 3259, "mun": 26255, "ibge": 2616308, "z": 90, "l": 1147, "nm": "ESCOLA MUNICIPAL NAPOLEÃO XAVIER DE MORAES", "nm_mun": "VICÊNCIA", "aptos": 1885, "imp": 0}}, {"type": "Feature", "geometry": {"type": "Point", "coordinates": [-35.321931, -7.657778]}, "properties": {"i": 3260, "mun": 26255, "ibge": 2616308, "z": 90, "l": 1198, "nm": "ESCOLA MUNICIPAL JOSÉ RUFINO", "nm_mun": "VICÊNCIA", "aptos": 2003, "imp": 0}}, {"type": "Feature", "geometry": {"type": "Point", "coordinates": [-35.321924, -7.657806]}, "properties": {"i": 3261, "mun": 26255, "ibge": 2616308, "z": 90, "l": 1210, "nm": "ESCOLA URBANO RAMOS DE ANDRADE LIMA", "nm_mun": "VICÊNCIA", "aptos": 2808, "imp": 0}}, {"type": "Feature", "geometry": {"type": "Point", "coordinates": [-35.236276, -7.610465]}, "properties": {"i": 3262, "mun": 26255, "ibge": 2616308, "z": 90, "l": 1279, "nm": "ESCOLA MUNICIPAL COMUNIDADE CRISTÃ PROFA MARIA VÂNIA JERÔNIMO", "nm_mun": "VICÊNCIA", "aptos": 2958, "imp": 1}}, {"type": "Feature", "geometry": {"type": "Point", "coordinates": [-35.29793, -8.120642]}, "properties": {"i": 3263, "mun": 26271, "ibge": 2616407, "z": 18, "l": 1023, "nm": "COLÉGIO PROJEÇÃO", "nm_mun": "VITÓRIA DE SANTO ANTÃO", "aptos": 3951, "imp": 0}}, {"type": "Feature", "geometry": {"type": "Point", "coordinates": [-35.29713, -8.119818]}, "properties": {"i": 3264, "mun": 26271, "ibge": 2616407, "z": 18, "l": 1031, "nm": "COLÉGIO MUNICIPAL 3 DE AGOSTO", "nm_mun": "VITÓRIA DE SANTO ANTÃO", "aptos": 6843, "imp": 0}}, {"type": "Feature", "geometry": {"type": "Point", "coordinates": [-35.308164, -8.120282]}, "properties": {"i": 3265, "mun": 26271, "ibge": 2616407, "z": 18, "l": 1058, "nm": "EREM SENADOR JOÃO CLEOFAS DE OLIVEIRA", "nm_mun": "VITÓRIA DE SANTO ANTÃO", "aptos": 3287, "imp": 0}}, {"type": "Feature", "geometry": {"type": "Point", "coordinates": [-35.306, -8.11812]}, "properties": {"i": 3266, "mun": 26271, "ibge": 2616407, "z": 18, "l": 1066, "nm": "EREM PROFESSORA EUDÓXIA FERREIRA", "nm_mun": "VITÓRIA DE SANTO ANTÃO", "aptos": 2630, "imp": 0}}, {"type": "Feature", "geometry": {"type": "Point", "coordinates": [-35.29938, -8.124456]}, "properties": {"i": 3267, "mun": 26271, "ibge": 2616407, "z": 18, "l": 1074, "nm": "GRUPO ESCOLAR MARIANA AMÁLIA", "nm_mun": "VITÓRIA DE SANTO ANTÃO", "aptos": 3106, "imp": 0}}, {"type": "Feature", "geometry": {"type": "Point", "coordinates": [-35.292469, -8.116186]}, "properties": {"i": 3268, "mun": 26271, "ibge": 2616407, "z": 18, "l": 1104, "nm": "CLUBE ABANADORES O LEÃO", "nm_mun": "VITÓRIA DE SANTO ANTÃO", "aptos": 2006, "imp": 0}}, {"type": "Feature", "geometry": {"type": "Point", "coordinates": [-35.293915, -8.115511]}, "properties": {"i": 3269, "mun": 26271, "ibge": 2616407, "z": 18, "l": 1120, "nm": "COLÉGIO NOSSA SENHORA DAS GRAÇAS", "nm_mun": "VITÓRIA DE SANTO ANTÃO", "aptos": 2659, "imp": 0}}, {"type": "Feature", "geometry": {"type": "Point", "coordinates": [-35.291401, -8.116164]}, "properties": {"i": 3270, "mun": 26271, "ibge": 2616407, "z": 18, "l": 1139, "nm": "ESCOLA PAROQUIAL DE SANTO ANTÃO", "nm_mun": "VITÓRIA DE SANTO ANTÃO", "aptos": 576, "imp": 0}}, {"type": "Feature", "geometry": {"type": "Point", "coordinates": [-35.28939, -8.113751]}, "properties": {"i": 3271, "mun": 26271, "ibge": 2616407, "z": 18, "l": 1147, "nm": "EREM ANTÔNIO DIAS CARDOSO", "nm_mun": "VITÓRIA DE SANTO ANTÃO", "aptos": 2851, "imp": 0}}, {"type": "Feature", "geometry": {"type": "Point", "coordinates": [-35.291422, -8.11613]}, "properties": {"i": 3272, "mun": 26271, "ibge": 2616407, "z": 18, "l": 1155, "nm": "GRUPO ESCOLAR PEDRO RIBEIRO", "nm_mun": "VITÓRIA DE SANTO ANTÃO", "aptos": 2539, "imp": 0}}, {"type": "Feature", "geometry": {"type": "Point", "coordinates": [-35.293966, -8.116505]}, "properties": {"i": 3273, "mun": 26271, "ibge": 2616407, "z": 18, "l": 1171, "nm": "PRIMEIRA IGREJA BATISTA DE VITÓRIA", "nm_mun": "VITÓRIA DE SANTO ANTÃO", "aptos": 918, "imp": 0}}, {"type": "Feature", "geometry": {"type": "Point", "coordinates": [-35.282535, -8.12402]}, "properties": {"i": 3274, "mun": 26271, "ibge": 2616407, "z": 18, "l": 1228, "nm": "GRUPO ESCOLAR LÍDIA QUEIROZ COSTA", "nm_mun": "VITÓRIA DE SANTO ANTÃO", "aptos": 3739, "imp": 0}}, {"type": "Feature", "geometry": {"type": "Point", "coordinates": [-35.270882, -8.141034]}, "properties": {"i": 3275, "mun": 26271, "ibge": 2616407, "z": 18, "l": 1244, "nm": "GRUPO ESCOLAR EMILIO CUPERTINO DE ALMEIDA", "nm_mun": "VITÓRIA DE SANTO ANTÃO", "aptos": 2149, "imp": 0}}, {"type": "Feature", "geometry": {"type": "Point", "coordinates": [-35.298279, -8.10821]}, "properties": {"i": 3276, "mun": 26271, "ibge": 2616407, "z": 18, "l": 1252, "nm": "GRUPO ESCOLAR PREFEITO MANUEL DE HOLANDA", "nm_mun": "VITÓRIA DE SANTO ANTÃO", "aptos": 6757, "imp": 0}}, {"type": "Feature", "geometry": {"type": "Point", "coordinates": [-35.303745, -8.114963]}, "properties": {"i": 3277, "mun": 26271, "ibge": 2616407, "z": 18, "l": 1260, "nm": "GRUPO ESCOLAR DJALMA EUZEBIO SIMOES", "nm_mun": "VITÓRIA DE SANTO ANTÃO", "aptos": 3976, "imp": 0}}, {"type": "Feature", "geometry": {"type": "Point", "coordinates": [-35.309488, -8.120032]}, "properties": {"i": 3278, "mun": 26271, "ibge": 2616407, "z": 18, "l": 1287, "nm": "COLÉGIO COMERCIAL PREFEITO JOSÉ JOAQUIM DA SILVA", "nm_mun": "VITÓRIA DE SANTO ANTÃO", "aptos": 3359, "imp": 0}}, {"type": "Feature", "geometry": {"type": "Point", "coordinates": [-35.293964, -8.129602]}, "properties": {"i": 3279, "mun": 26271, "ibge": 2616407, "z": 18, "l": 1295, "nm": "EREM GUIOMAR KRAUSE GONÇALVES", "nm_mun": "VITÓRIA DE SANTO ANTÃO", "aptos": 5145, "imp": 0}}, {"type": "Feature", "geometry": {"type": "Point", "coordinates": [-35.306562, -8.123312]}, "properties": {"i": 3280, "mun": 26271, "ibge": 2616407, "z": 18, "l": 1309, "nm": "ESCOLA MUNICIPAL PROFESSORA GILVANETE VIEIRA GUEDES", "nm_mun": "VITÓRIA DE SANTO ANTÃO", "aptos": 3945, "imp": 0}}, {"type": "Feature", "geometry": {"type": "Point", "coordinates": [-35.280492, -8.11714]}, "properties": {"i": 3281, "mun": 26271, "ibge": 2616407, "z": 18, "l": 1317, "nm": "ESCOLA MADRE LUCILA MAGALHÃES", "nm_mun": "VITÓRIA DE SANTO ANTÃO", "aptos": 3957, "imp": 0}}, {"type": "Feature", "geometry": {"type": "Point", "coordinates": [-35.286851, -8.124263]}, "properties": {"i": 3282, "mun": 26271, "ibge": 2616407, "z": 18, "l": 1333, "nm": "GRUPO ESCOLAR JOSÉ DE MELO XAVIER", "nm_mun": "VITÓRIA DE SANTO ANTÃO", "aptos": 1547, "imp": 0}}, {"type": "Feature", "geometry": {"type": "Point", "coordinates": [-35.282104, -8.121952]}, "properties": {"i": 3283, "mun": 26271, "ibge": 2616407, "z": 18, "l": 1341, "nm": "ESCOLA MUNICIPAL SEVERINO JOAQUIM KRAUSE GONCALVES", "nm_mun": "VITÓRIA DE SANTO ANTÃO", "aptos": 4760, "imp": 0}}, {"type": "Feature", "geometry": {"type": "Point", "coordinates": [-35.299748, -8.124443]}, "properties": {"i": 3284, "mun": 26271, "ibge": 2616407, "z": 18, "l": 1376, "nm": "ESCOLA TÉCNICA ESTADUAL JOSÉ JOAQUIM DA SILVA FILHO", "nm_mun": "VITÓRIA DE SANTO ANTÃO", "aptos": 2152, "imp": 0}}, {"type": "Feature", "geometry": {"type": "Point", "coordinates": [-35.310795, -8.119774]}, "properties": {"i": 3285, "mun": 26271, "ibge": 2616407, "z": 18, "l": 1384, "nm": "ESCOLA ASSIS CHATEAUBRIAND", "nm_mun": "VITÓRIA DE SANTO ANTÃO", "aptos": 3467, "imp": 0}}, {"type": "Feature", "geometry": {"type": "Point", "coordinates": [-35.290201, -8.118156]}, "properties": {"i": 3286, "mun": 26271, "ibge": 2616407, "z": 18, "l": 1406, "nm": "FACOL-FACULDADE OSMAN LINS", "nm_mun": "VITÓRIA DE SANTO ANTÃO", "aptos": 5411, "imp": 0}}, {"type": "Feature", "geometry": {"type": "Point", "coordinates": [-35.28806, -8.108388]}, "properties": {"i": 3287, "mun": 26271, "ibge": 2616407, "z": 102, "l": 1023, "nm": "UNIVISA - CENTRO UNIVERSITÁRIO DA VITÓRIA DE SANTO ANTÃO", "nm_mun": "VITÓRIA DE SANTO ANTÃO", "aptos": 9655, "imp": 0}}, {"type": "Feature", "geometry": {"type": "Point", "coordinates": [-35.357741, -8.072136]}, "properties": {"i": 3288, "mun": 26271, "ibge": 2616407, "z": 102, "l": 1040, "nm": "ESCOLA MUNICIPAL DUQUE DE CAXIAS", "nm_mun": "VITÓRIA DE SANTO ANTÃO", "aptos": 3445, "imp": 0}}, {"type": "Feature", "geometry": {"type": "Point", "coordinates": [-35.283951, -8.102795]}, "properties": {"i": 3289, "mun": 26271, "ibge": 2616407, "z": 102, "l": 1058, "nm": "ESCOLA MUNICIPAL CAIC - DIOGO DE BRAGA", "nm_mun": "VITÓRIA DE SANTO ANTÃO", "aptos": 5139, "imp": 0}}, {"type": "Feature", "geometry": {"type": "Point", "coordinates": [-35.284366, -8.111274]}, "properties": {"i": 3290, "mun": 26271, "ibge": 2616407, "z": 102, "l": 1104, "nm": "ESCOLA ESTADUAL PROFESSORA AMÉLIA COELHO", "nm_mun": "VITÓRIA DE SANTO ANTÃO", "aptos": 3960, "imp": 0}}, {"type": "Feature", "geometry": {"type": "Point", "coordinates": [-34.983638, -8.022198]}, "properties": {"i": 3291, "mun": 26298, "ibge": 2603454, "z": 127, "l": 1023, "nm": "EDUCANDÁRIO SÃO JUDAS TADEU", "nm_mun": "CAMARAGIBE", "aptos": 4490, "imp": 0}}, {"type": "Feature", "geometry": {"type": "Point", "coordinates": [-34.979871, -8.022642]}, "properties": {"i": 3292, "mun": 26298, "ibge": 2603454, "z": 127, "l": 1040, "nm": "ESCOLA ESTADUAL PROF. ANTÔNIO CARNEIRO LEÃO", "nm_mun": "CAMARAGIBE", "aptos": 5530, "imp": 0}}, {"type": "Feature", "geometry": {"type": "Point", "coordinates": [-34.990618, -8.020972]}, "properties": {"i": 3293, "mun": 26298, "ibge": 2603454, "z": 127, "l": 1058, "nm": "ESCOLA FRANCISCO DE PAULA CORRÊA DE ARAÚJO", "nm_mun": "CAMARAGIBE", "aptos": 5103, "imp": 0}}, {"type": "Feature", "geometry": {"type": "Point", "coordinates": [-35.003715, -8.020338]}, "properties": {"i": 3294, "mun": 26298, "ibge": 2603454, "z": 127, "l": 1066, "nm": "COLÉGIO MUNICIPAL SANTO ANTÔNIO", "nm_mun": "CAMARAGIBE", "aptos": 3965, "imp": 0}}, {"type": "Feature", "geometry": {"type": "Point", "coordinates": [-34.97987, -8.022505]}, "properties": {"i": 3295, "mun": 26298, "ibge": 2603454, "z": 127, "l": 1082, "nm": "ESCOLA ESTADUAL JOAQUIM AMAZONAS", "nm_mun": "CAMARAGIBE", "aptos": 3880, "imp": 0}}, {"type": "Feature", "geometry": {"type": "Point", "coordinates": [-34.997325, -8.025703]}, "properties": {"i": 3296, "mun": 26298, "ibge": 2603454, "z": 127, "l": 1112, "nm": "ESCOLA PROF. CARLOS FREDERICO DO RÊGO MACIEL", "nm_mun": "CAMARAGIBE", "aptos": 5543, "imp": 0}}, {"type": "Feature", "geometry": {"type": "Point", "coordinates": [-34.984753, -8.018328]}, "properties": {"i": 3297, "mun": 26298, "ibge": 2603454, "z": 127, "l": 1120, "nm": "ESCOLA MINISTRO JARBAS PASSARINHO", "nm_mun": "CAMARAGIBE", "aptos": 5107, "imp": 0}}, {"type": "Feature", "geometry": {"type": "Point", "coordinates": [-35.012551, -8.000246]}, "properties": {"i": 3298, "mun": 26298, "ibge": 2603454, "z": 127, "l": 1171, "nm": "ESCOLA MUNICIPAL CLARA LOPES", "nm_mun": "CAMARAGIBE", "aptos": 1209, "imp": 0}}, {"type": "Feature", "geometry": {"type": "Point", "coordinates": [-34.997271, -8.026016]}, "properties": {"i": 3299, "mun": 26298, "ibge": 2603454, "z": 127, "l": 1198, "nm": "ESCOLA TIMBI", "nm_mun": "CAMARAGIBE", "aptos": 4355, "imp": 0}}, {"type": "Feature", "geometry": {"type": "Point", "coordinates": [-34.980502, -8.020205]}, "properties": {"i": 3300, "mun": 26298, "ibge": 2603454, "z": 127, "l": 1228, "nm": "COLÉGIO E CURSO OPÇÃO", "nm_mun": "CAMARAGIBE", "aptos": 2750, "imp": 0}}, {"type": "Feature", "geometry": {"type": "Point", "coordinates": [-34.990925, -8.020018]}, "properties": {"i": 3301, "mun": 26298, "ibge": 2603454, "z": 127, "l": 1287, "nm": "CEMEI - LUIZ ANTONIO DE PONTES RAMOS - AÇUDE", "nm_mun": "CAMARAGIBE", "aptos": 3587, "imp": 0}}, {"type": "Feature", "geometry": {"type": "Point", "coordinates": [-35.006903, -8.011653]}, "properties": {"i": 3302, "mun": 26298, "ibge": 2603454, "z": 127, "l": 1295, "nm": "ESCOLA MUNICIPAL NOVA SANTANA", "nm_mun": "CAMARAGIBE", "aptos": 3559, "imp": 0}}, {"type": "Feature", "geometry": {"type": "Point", "coordinates": [-34.997085, -8.006774]}, "properties": {"i": 3303, "mun": 26298, "ibge": 2603454, "z": 127, "l": 1325, "nm": "ESCOLA MUNICIPAL SANTA TERESA", "nm_mun": "CAMARAGIBE", "aptos": 3712, "imp": 0}}, {"type": "Feature", "geometry": {"type": "Point", "coordinates": [-34.987776, -8.034294]}, "properties": {"i": 3304, "mun": 26298, "ibge": 2603454, "z": 127, "l": 1368, "nm": "ESCOLA MUNICIPAL SÃO VICENTE DE PAULO", "nm_mun": "CAMARAGIBE", "aptos": 2376, "imp": 0}}, {"type": "Feature", "geometry": {"type": "Point", "coordinates": [-34.990273, -8.020527]}, "properties": {"i": 3305, "mun": 26298, "ibge": 2603454, "z": 127, "l": 1376, "nm": "ESCOLA ESTADUAL PIO XII", "nm_mun": "CAMARAGIBE", "aptos": 2643, "imp": 0}}, {"type": "Feature", "geometry": {"type": "Point", "coordinates": [-35.005638, -8.025175]}, "properties": {"i": 3306, "mun": 26298, "ibge": 2603454, "z": 127, "l": 1406, "nm": "ESCOLA NOSSA SENHORA DO CARMO", "nm_mun": "CAMARAGIBE", "aptos": 1180, "imp": 0}}, {"type": "Feature", "geometry": {"type": "Point", "coordinates": [-34.970907, -8.022813]}, "properties": {"i": 3307, "mun": 26298, "ibge": 2603454, "z": 127, "l": 1430, "nm": "ESCOLA ANTONIO CORREIA DE ARAUJO", "nm_mun": "CAMARAGIBE", "aptos": 3062, "imp": 0}}, {"type": "Feature", "geometry": {"type": "Point", "coordinates": [-34.988479, -8.026926]}, "properties": {"i": 3308, "mun": 26298, "ibge": 2603454, "z": 127, "l": 1465, "nm": "ESCOLA MUNICIPAL MARCELO JOSE DO AMARAL C DE ARAUJO (ALTO ST ANTONIO)", "nm_mun": "CAMARAGIBE", "aptos": 820, "imp": 0}}, {"type": "Feature", "geometry": {"type": "Point", "coordinates": [-35.002526, -8.029189]}, "properties": {"i": 3309, "mun": 26298, "ibge": 2603454, "z": 127, "l": 1473, "nm": "CRECHE MARIA ALICE", "nm_mun": "CAMARAGIBE", "aptos": 1889, "imp": 0}}, {"type": "Feature", "geometry": {"type": "Point", "coordinates": [-35.002375, -8.029073]}, "properties": {"i": 3310, "mun": 26298, "ibge": 2603454, "z": 127, "l": 1481, "nm": "ESCOLA MUNICIPAL ALDO FERREIRA CASTELO BRANCO", "nm_mun": "CAMARAGIBE", "aptos": 2375, "imp": 0}}, {"type": "Feature", "geometry": {"type": "Point", "coordinates": [-34.993304, -8.009207]}, "properties": {"i": 3311, "mun": 26298, "ibge": 2603454, "z": 127, "l": 1503, "nm": "ESCOLA MUNICIPAL PROFESSORA MARIA GONÇALVES LÚCIA GUERRA", "nm_mun": "CAMARAGIBE", "aptos": 2248, "imp": 0}}, {"type": "Feature", "geometry": {"type": "Point", "coordinates": [-34.99161, -8.022108]}, "properties": {"i": 3312, "mun": 26298, "ibge": 2603454, "z": 127, "l": 1511, "nm": "EDUCANDÁRIO PAULO FREIRE", "nm_mun": "CAMARAGIBE", "aptos": 2829, "imp": 0}}, {"type": "Feature", "geometry": {"type": "Point", "coordinates": [-34.880974, -7.970771]}, "properties": {"i": 3313, "mun": 26298, "ibge": 2603454, "z": 127, "l": 1520, "nm": "ESCOLA MUNICIPAL SANTA MARIA", "nm_mun": "CAMARAGIBE", "aptos": 1079, "imp": 1}}, {"type": "Feature", "geometry": {"type": "Point", "coordinates": [-34.918981, -7.826161]}, "properties": {"i": 3314, "mun": 26298, "ibge": 2603454, "z": 127, "l": 1538, "nm": "ESCOLA MUNICIPAL JOÃO PAULO II", "nm_mun": "CAMARAGIBE", "aptos": 511, "imp": 1}}, {"type": "Feature", "geometry": {"type": "Point", "coordinates": [-34.983104, -8.018436]}, "properties": {"i": 3315, "mun": 26298, "ibge": 2603454, "z": 138, "l": 1015, "nm": "ESCOLA MUNICIPAL IMACULADA CONCEIÇÃO", "nm_mun": "CAMARAGIBE", "aptos": 1488, "imp": 0}}, {"type": "Feature", "geometry": {"type": "Point", "coordinates": [-34.981205, -8.020329]}, "properties": {"i": 3316, "mun": 26298, "ibge": 2603454, "z": 138, "l": 1023, "nm": "ESCOLA FREI CANECA", "nm_mun": "CAMARAGIBE", "aptos": 3843, "imp": 0}}, {"type": "Feature", "geometry": {"type": "Point", "coordinates": [-34.978755, -7.998927]}, "properties": {"i": 3317, "mun": 26298, "ibge": 2603454, "z": 138, "l": 1031, "nm": "ESCOLA PROF. NELSON CHAVES", "nm_mun": "CAMARAGIBE", "aptos": 5537, "imp": 0}}, {"type": "Feature", "geometry": {"type": "Point", "coordinates": [-34.980044, -7.999015]}, "properties": {"i": 3318, "mun": 26298, "ibge": 2603454, "z": 138, "l": 1040, "nm": "ESCOLA MUNICIPAL ANTÔNIO LUIZ DE SOUZA", "nm_mun": "CAMARAGIBE", "aptos": 1677, "imp": 0}}, {"type": "Feature", "geometry": {"type": "Point", "coordinates": [-34.992164, -7.976005]}, "properties": {"i": 3319, "mun": 26298, "ibge": 2603454, "z": 138, "l": 1058, "nm": "ESCOLA MAJOR LÉLIO", "nm_mun": "CAMARAGIBE", "aptos": 3549, "imp": 0}}, {"type": "Feature", "geometry": {"type": "Point", "coordinates": [-35.009308, -7.955603]}, "properties": {"i": 3320, "mun": 26298, "ibge": 2603454, "z": 138, "l": 1066, "nm": "ESCOLA MUNICIPAL SÃO JOSÉ", "nm_mun": "CAMARAGIBE", "aptos": 4756, "imp": 0}}, {"type": "Feature", "geometry": {"type": "Point", "coordinates": [-34.972703, -8.014586]}, "properties": {"i": 3321, "mun": 26298, "ibge": 2603454, "z": 138, "l": 1074, "nm": "ESCOLA TECNICA ESTADUAL ALCIDES DO NASCIMENTO LINS", "nm_mun": "CAMARAGIBE", "aptos": 3133, "imp": 0}}, {"type": "Feature", "geometry": {"type": "Point", "coordinates": [-34.977378, -8.013052]}, "properties": {"i": 3322, "mun": 26298, "ibge": 2603454, "z": 138, "l": 1082, "nm": "CENTRO DE ATIVIDADES ANTÔNIO CARLOS A. DE MENEZES - SESI", "nm_mun": "CAMARAGIBE", "aptos": 2622, "imp": 0}}, {"type": "Feature", "geometry": {"type": "Point", "coordinates": [-34.969167, -8.012909]}, "properties": {"i": 3323, "mun": 26298, "ibge": 2603454, "z": 138, "l": 1090, "nm": "ESCOLA CONSELHEIRO SAMUEL MAC DOWELL", "nm_mun": "CAMARAGIBE", "aptos": 7413, "imp": 0}}, {"type": "Feature", "geometry": {"type": "Point", "coordinates": [-35.022709, -7.950476]}, "properties": {"i": 3324, "mun": 26298, "ibge": 2603454, "z": 138, "l": 1104, "nm": "ESCOLA TITO PEREIRA DE OLIVEIRA", "nm_mun": "CAMARAGIBE", "aptos": 5384, "imp": 0}}, {"type": "Feature", "geometry": {"type": "Point", "coordinates": [-34.976747, -8.01194]}, "properties": {"i": 3325, "mun": 26298, "ibge": 2603454, "z": 138, "l": 1112, "nm": "ESCOLA MUNICIPAL JOSÉ COLLIER", "nm_mun": "CAMARAGIBE", "aptos": 2472, "imp": 0}}, {"type": "Feature", "geometry": {"type": "Point", "coordinates": [-34.965625, -8.007511]}, "properties": {"i": 3326, "mun": 26298, "ibge": 2603454, "z": 138, "l": 1120, "nm": "ESCOLA VALE DAS PEDREIRAS", "nm_mun": "CAMARAGIBE", "aptos": 3021, "imp": 0}}, {"type": "Feature", "geometry": {"type": "Point", "coordinates": [-34.964054, -8.017345]}, "properties": {"i": 3327, "mun": 26298, "ibge": 2603454, "z": 138, "l": 1139, "nm": "ESCOLA MUNICIPAL MANUEL CHAVES DA COSTA", "nm_mun": "CAMARAGIBE", "aptos": 2296, "imp": 0}}, {"type": "Feature", "geometry": {"type": "Point", "coordinates": [-34.978733, -8.009253]}, "properties": {"i": 3328, "mun": 26298, "ibge": 2603454, "z": 138, "l": 1147, "nm": "ESCOLA DEPUTADO OSCAR CARNEIRO", "nm_mun": "CAMARAGIBE", "aptos": 3317, "imp": 0}}, {"type": "Feature", "geometry": {"type": "Point", "coordinates": [-34.975286, -7.99968]}, "properties": {"i": 3329, "mun": 26298, "ibge": 2603454, "z": 138, "l": 1155, "nm": "CEMEI (CRECHE) - TABATINGA", "nm_mun": "CAMARAGIBE", "aptos": 2693, "imp": 0}}, {"type": "Feature", "geometry": {"type": "Point", "coordinates": [-34.9144, -7.916773]}, "properties": {"i": 3330, "mun": 26310, "ibge": 2600054, "z": 119, "l": 1015, "nm": "GRUPO ESCOLAR LUIZ RODOLFO DE ARAUJO JUNIOR", "nm_mun": "ABREU E LIMA", "aptos": 4680, "imp": 0}}, {"type": "Feature", "geometry": {"type": "Point", "coordinates": [-34.910127, -7.907669]}, "properties": {"i": 3331, "mun": 26310, "ibge": 2600054, "z": 119, "l": 1031, "nm": "ESCOLA MARECHAL COSTA E SILVA", "nm_mun": "ABREU E LIMA", "aptos": 3299, "imp": 0}}, {"type": "Feature", "geometry": {"type": "Point", "coordinates": [-34.906104, -7.900612]}, "properties": {"i": 3332, "mun": 26310, "ibge": 2600054, "z": 119, "l": 1040, "nm": "ESCOLA DE ABREU E LIMA", "nm_mun": "ABREU E LIMA", "aptos": 2587, "imp": 0}}, {"type": "Feature", "geometry": {"type": "Point", "coordinates": [-34.899619, -7.90771]}, "properties": {"i": 3333, "mun": 26310, "ibge": 2600054, "z": 119, "l": 1066, "nm": "ESCOLA POLIVALENTE", "nm_mun": "ABREU E LIMA", "aptos": 6883, "imp": 0}}, {"type": "Feature", "geometry": {"type": "Point", "coordinates": [-34.898637, -7.905665]}, "properties": {"i": 3334, "mun": 26310, "ibge": 2600054, "z": 119, "l": 1074, "nm": "CECOM DO FOSFATO", "nm_mun": "ABREU E LIMA", "aptos": 2493, "imp": 0}}, {"type": "Feature", "geometry": {"type": "Point", "coordinates": [-34.901447, -7.905265]}, "properties": {"i": 3335, "mun": 26310, "ibge": 2600054, "z": 119, "l": 1090, "nm": "ESCOLA GENERAL ABREU E LIMA", "nm_mun": "ABREU E LIMA", "aptos": 3550, "imp": 0}}, {"type": "Feature", "geometry": {"type": "Point", "coordinates": [-34.918414, -7.902902]}, "properties": {"i": 3336, "mun": 26310, "ibge": 2600054, "z": 119, "l": 1104, "nm": "ESCOLA ORFANATO ESTRELA DE BETEL", "nm_mun": "ABREU E LIMA", "aptos": 1988, "imp": 0}}, {"type": "Feature", "geometry": {"type": "Point", "coordinates": [-34.926705, -7.917637]}, "properties": {"i": 3337, "mun": 26310, "ibge": 2600054, "z": 119, "l": 1120, "nm": "ESCOLA PROFESSORA IZAURA DE FRANCA", "nm_mun": "ABREU E LIMA", "aptos": 4878, "imp": 0}}, {"type": "Feature", "geometry": {"type": "Point", "coordinates": [-35.031764, -7.882567]}, "properties": {"i": 3338, "mun": 26310, "ibge": 2600054, "z": 119, "l": 1155, "nm": "ESCOLA MUNICIPAL DE ENGENHO NOVO", "nm_mun": "ABREU E LIMA", "aptos": 813, "imp": 0}}, {"type": "Feature", "geometry": {"type": "Point", "coordinates": [-34.918894, -7.924593]}, "properties": {"i": 3339, "mun": 26310, "ibge": 2600054, "z": 119, "l": 1163, "nm": "ESCOLA PASTOR AMARO DE SENA", "nm_mun": "ABREU E LIMA", "aptos": 3179, "imp": 0}}, {"type": "Feature", "geometry": {"type": "Point", "coordinates": [-34.90694, -7.914594]}, "properties": {"i": 3340, "mun": 26310, "ibge": 2600054, "z": 119, "l": 1171, "nm": "ESCOLA PROFESSORA AZINETE RAMOS CARNEIRO", "nm_mun": "ABREU E LIMA", "aptos": 3328, "imp": 0}}, {"type": "Feature", "geometry": {"type": "Point", "coordinates": [-34.898569, -7.905612]}, "properties": {"i": 3341, "mun": 26310, "ibge": 2600054, "z": 119, "l": 1180, "nm": "ESCOLA MUNICIPAL DOM CARLOS COELHO", "nm_mun": "ABREU E LIMA", "aptos": 1581, "imp": 0}}, {"type": "Feature", "geometry": {"type": "Point", "coordinates": [-34.919142, -7.923595]}, "properties": {"i": 3342, "mun": 26310, "ibge": 2600054, "z": 119, "l": 1201, "nm": "CECOM DE CAETES I", "nm_mun": "ABREU E LIMA", "aptos": 4278, "imp": 0}}, {"type": "Feature", "geometry": {"type": "Point", "coordinates": [-35.064183, -7.901513]}, "properties": {"i": 3343, "mun": 26310, "ibge": 2600054, "z": 119, "l": 1228, "nm": "ESCOLA EDUARDO BATISTA RIBEIRO", "nm_mun": "ABREU E LIMA", "aptos": 877, "imp": 0}}, {"type": "Feature", "geometry": {"type": "Point", "coordinates": [-34.899526, -7.914978]}, "properties": {"i": 3344, "mun": 26310, "ibge": 2600054, "z": 119, "l": 1236, "nm": "COLEGIO SANTA MARIA", "nm_mun": "ABREU E LIMA", "aptos": 2955, "imp": 0}}, {"type": "Feature", "geometry": {"type": "Point", "coordinates": [-34.903906, -7.913544]}, "properties": {"i": 3345, "mun": 26310, "ibge": 2600054, "z": 119, "l": 1260, "nm": "CECOM DO PLANALTO", "nm_mun": "ABREU E LIMA", "aptos": 2101, "imp": 0}}, {"type": "Feature", "geometry": {"type": "Point", "coordinates": [-34.922661, -7.918153]}, "properties": {"i": 3346, "mun": 26310, "ibge": 2600054, "z": 119, "l": 1279, "nm": "CECOM DOS EMBRIOES", "nm_mun": "ABREU E LIMA", "aptos": 1792, "imp": 0}}, {"type": "Feature", "geometry": {"type": "Point", "coordinates": [-34.895173, -7.892961]}, "properties": {"i": 3347, "mun": 26310, "ibge": 2600054, "z": 119, "l": 1287, "nm": "CECOM DE INHAMÃ", "nm_mun": "ABREU E LIMA", "aptos": 2815, "imp": 0}}, {"type": "Feature", "geometry": {"type": "Point", "coordinates": [-34.919142, -7.923595]}, "properties": {"i": 3348, "mun": 26310, "ibge": 2600054, "z": 119, "l": 1295, "nm": "CRIE 2", "nm_mun": "ABREU E LIMA", "aptos": 2611, "imp": 0}}, {"type": "Feature", "geometry": {"type": "Point", "coordinates": [-34.919142, -7.923595]}, "properties": {"i": 3349, "mun": 26310, "ibge": 2600054, "z": 119, "l": 1309, "nm": "CECOM DE CAETÉS VELHO", "nm_mun": "ABREU E LIMA", "aptos": 2241, "imp": 0}}, {"type": "Feature", "geometry": {"type": "Point", "coordinates": [-34.905207, -7.902177]}, "properties": {"i": 3350, "mun": 26310, "ibge": 2600054, "z": 119, "l": 1317, "nm": "ESCOLA MUNICIPAL SANTA ROSA", "nm_mun": "ABREU E LIMA", "aptos": 1345, "imp": 0}}, {"type": "Feature", "geometry": {"type": "Point", "coordinates": [-34.918991, -7.923583]}, "properties": {"i": 3351, "mun": 26310, "ibge": 2600054, "z": 119, "l": 1325, "nm": "CECOM DE CAETÉS II", "nm_mun": "ABREU E LIMA", "aptos": 1454, "imp": 0}}, {"type": "Feature", "geometry": {"type": "Point", "coordinates": [-34.978955, -7.916587]}, "properties": {"i": 3352, "mun": 26310, "ibge": 2600054, "z": 119, "l": 1333, "nm": "ESCOLA MUNICIPAL SEVERINA ESTELITA DOS SANTOS - GEMBA", "nm_mun": "ABREU E LIMA", "aptos": 666, "imp": 0}}, {"type": "Feature", "geometry": {"type": "Point", "coordinates": [-34.998587, -7.908621]}, "properties": {"i": 3353, "mun": 26310, "ibge": 2600054, "z": 119, "l": 1341, "nm": "ESCOLA MUNICIPAL SEVERINO RODRIGUES DA SILVA - PITANGA II, AREA III", "nm_mun": "ABREU E LIMA", "aptos": 376, "imp": 0}}, {"type": "Feature", "geometry": {"type": "Point", "coordinates": [-35.001167, -7.887949]}, "properties": {"i": 3354, "mun": 26310, "ibge": 2600054, "z": 119, "l": 1350, "nm": "ESCOLA MUNICIPAL LEANDRO HENRIQUE BEZERRA- PITANGA II, ÁREA II", "nm_mun": "ABREU E LIMA", "aptos": 360, "imp": 0}}, {"type": "Feature", "geometry": {"type": "Point", "coordinates": [-35.050393, -7.860329]}, "properties": {"i": 3355, "mun": 26310, "ibge": 2600054, "z": 119, "l": 1368, "nm": "ESCOLA MUNICIPAL JOSE JOAQUIM BEZERRA - CAIANA I", "nm_mun": "ABREU E LIMA", "aptos": 151, "imp": 0}}, {"type": "Feature", "geometry": {"type": "Point", "coordinates": [-34.985961, -7.850484]}, "properties": {"i": 3356, "mun": 26310, "ibge": 2600054, "z": 119, "l": 1376, "nm": "ESCOLA MUNICIPAL JOSE SEVERINO DA SILVA - PITANGA I, AREA I", "nm_mun": "ABREU E LIMA", "aptos": 211, "imp": 0}}, {"type": "Feature", "geometry": {"type": "Point", "coordinates": [-34.901194, -7.907735]}, "properties": {"i": 3357, "mun": 26310, "ibge": 2600054, "z": 119, "l": 1384, "nm": "ESCOLA PROF JOSE FRANCISCO BARROS", "nm_mun": "ABREU E LIMA", "aptos": 4816, "imp": 0}}, {"type": "Feature", "geometry": {"type": "Point", "coordinates": [-34.927718, -7.918935]}, "properties": {"i": 3358, "mun": 26310, "ibge": 2600054, "z": 119, "l": 1392, "nm": "ESCOLA MUNICIPAL PROFESSORA VALDECI DAMÁSIO", "nm_mun": "ABREU E LIMA", "aptos": 2144, "imp": 0}}, {"type": "Feature", "geometry": {"type": "Point", "coordinates": [-35.044424, -7.992148]}, "properties": {"i": 3359, "mun": 26310, "ibge": 2600054, "z": 119, "l": 1481, "nm": "CRIE - CENTRO DE REFERÊNCIA INTEGRAL DE ENSINO", "nm_mun": "ABREU E LIMA", "aptos": 5018, "imp": 1}}, {"type": "Feature", "geometry": {"type": "Point", "coordinates": [-34.979991, -8.23595]}, "properties": {"i": 3360, "mun": 26310, "ibge": 2600054, "z": 119, "l": 1490, "nm": "ESCOLA NOVO MILÊNIO", "nm_mun": "ABREU E LIMA", "aptos": 2229, "imp": 1}}, {"type": "Feature", "geometry": {"type": "Point", "coordinates": [-34.978125, -8.238322]}, "properties": {"i": 3361, "mun": 26310, "ibge": 2600054, "z": 119, "l": 1503, "nm": "CECOM DE TIMBÓ", "nm_mun": "ABREU E LIMA", "aptos": 1788, "imp": 1}}, {"type": "Feature", "geometry": {"type": "Point", "coordinates": [-34.892477, -7.77333]}, "properties": {"i": 3362, "mun": 26336, "ibge": 2607752, "z": 131, "l": 1023, "nm": "ESCOLA PROFESSORA GERCINA FERNANDES RODRIGUES", "nm_mun": "ITAPISSUMA", "aptos": 1420, "imp": 0}}, {"type": "Feature", "geometry": {"type": "Point", "coordinates": [-34.903984, -7.771838]}, "properties": {"i": 3363, "mun": 26336, "ibge": 2607752, "z": 131, "l": 1031, "nm": "COLEGIO MUNICIPAL JOAO BENTO DE PAIVA", "nm_mun": "ITAPISSUMA", "aptos": 2338, "imp": 0}}, {"type": "Feature", "geometry": {"type": "Point", "coordinates": [-34.898694, -7.773801]}, "properties": {"i": 3364, "mun": 26336, "ibge": 2607752, "z": 131, "l": 1040, "nm": "ESCOLA EURIDICE CADAVAL", "nm_mun": "ITAPISSUMA", "aptos": 5757, "imp": 0}}, {"type": "Feature", "geometry": {"type": "Point", "coordinates": [-34.895735, -7.772016]}, "properties": {"i": 3365, "mun": 26336, "ibge": 2607752, "z": 131, "l": 1066, "nm": "ESCOLA MUNICIPAL ZULEIDE MARQUES", "nm_mun": "ITAPISSUMA", "aptos": 1577, "imp": 0}}, {"type": "Feature", "geometry": {"type": "Point", "coordinates": [-34.891921, -7.772101]}, "properties": {"i": 3366, "mun": 26336, "ibge": 2607752, "z": 131, "l": 1074, "nm": "ESPINHEIRO FUTEBOL CLUBE", "nm_mun": "ITAPISSUMA", "aptos": 1286, "imp": 0}}, {"type": "Feature", "geometry": {"type": "Point", "coordinates": [-34.892667, -7.776122]}, "properties": {"i": 3367, "mun": 26336, "ibge": 2607752, "z": 131, "l": 1112, "nm": "VELOZ FUTEBOL CLUBE", "nm_mun": "ITAPISSUMA", "aptos": 1553, "imp": 0}}, {"type": "Feature", "geometry": {"type": "Point", "coordinates": [-34.891816, -7.775751]}, "properties": {"i": 3368, "mun": 26336, "ibge": 2607752, "z": 131, "l": 1120, "nm": "ESCOLA MUNICIPAL FRANCELINA ROGACIANO DA SILVA", "nm_mun": "ITAPISSUMA", "aptos": 2031, "imp": 0}}, {"type": "Feature", "geometry": {"type": "Point", "coordinates": [-34.934269, -7.748054]}, "properties": {"i": 3369, "mun": 26336, "ibge": 2607752, "z": 131, "l": 1139, "nm": "ESCOLA SENADOR JOSE ERMIRIO DE MORAES", "nm_mun": "ITAPISSUMA", "aptos": 1920, "imp": 0}}, {"type": "Feature", "geometry": {"type": "Point", "coordinates": [-34.911355, -7.79567]}, "properties": {"i": 3370, "mun": 26336, "ibge": 2607752, "z": 131, "l": 1147, "nm": "ESCOLA MUNICIPAL MARIA DE OLIVEIRA DOS SANTOS", "nm_mun": "ITAPISSUMA", "aptos": 1096, "imp": 0}}, {"type": "Feature", "geometry": {"type": "Point", "coordinates": [-34.920289, -7.701095]}, "properties": {"i": 3371, "mun": 26336, "ibge": 2607752, "z": 131, "l": 1163, "nm": "ESCOLA GERCINA ALVES PEREIRA", "nm_mun": "ITAPISSUMA", "aptos": 389, "imp": 0}}, {"type": "Feature", "geometry": {"type": "Point", "coordinates": [-35.121581, -8.511216]}, "properties": {"i": 3372, "mun": 26336, "ibge": 2607752, "z": 131, "l": 1180, "nm": "ESCOLA DR. GONÇALO BARTOLOMEU SABINO DE ARAÚJO", "nm_mun": "ITAPISSUMA", "aptos": 2091, "imp": 1}}, {"type": "Feature", "geometry": {"type": "Point", "coordinates": [-32.414619, -3.847388]}, "properties": {"i": 3373, "mun": 30015, "ibge": 2605459, "z": 4, "l": 1015, "nm": "ESCOLA DO ARQUIPÉLAGO DE FERNANDO DE NORONHA", "nm_mun": "FERNANDO DE NORONHA", "aptos": 3701, "imp": 0}}]}