{"type": "FeatureCollection", "features": [{"type": "Feature", "geometry": {"type": "Point", "coordinates": [-40.622538, -19.147204]}, "properties": {"i": 0, "mun": 56006, "ibge": 3204658, "z": 46, "l": 1015, "nm": "EMEF ANANIAS CUSTODIO", "nm_mun": "SÃO DOMINGOS DO NORTE", "aptos": 3341, "imp": 0}}, {"type": "Feature", "geometry": {"type": "Point", "coordinates": [-40.419547, -19.077842]}, "properties": {"i": 1, "mun": 56006, "ibge": 3204658, "z": 46, "l": 1023, "nm": "EMEIEF PATRIMÔNIO DE SANTO ANTÔNIO", "nm_mun": "SÃO DOMINGOS DO NORTE", "aptos": 265, "imp": 0}}, {"type": "Feature", "geometry": {"type": "Point", "coordinates": [-40.468826, -19.081501]}, "properties": {"i": 2, "mun": 56006, "ibge": 3204658, "z": 46, "l": 1031, "nm": "EMEIEF CÓRREGO DUMER", "nm_mun": "SÃO DOMINGOS DO NORTE", "aptos": 965, "imp": 0}}, {"type": "Feature", "geometry": {"type": "Point", "coordinates": [-40.533797, -19.130253]}, "properties": {"i": 3, "mun": 56006, "ibge": 3204658, "z": 46, "l": 1040, "nm": "EMEIEF PATRIMÔNIO DE SÃO FRANCISCO", "nm_mun": "SÃO DOMINGOS DO NORTE", "aptos": 213, "imp": 0}}, {"type": "Feature", "geometry": {"type": "Point", "coordinates": [-40.627289, -19.146874]}, "properties": {"i": 4, "mun": 56006, "ibge": 3204658, "z": 46, "l": 1058, "nm": "EMEF BRAÇO DO SUL (PUPIM)", "nm_mun": "SÃO DOMINGOS DO NORTE", "aptos": 278, "imp": 0}}, {"type": "Feature", "geometry": {"type": "Point", "coordinates": [-40.564352, -19.120386]}, "properties": {"i": 5, "mun": 56006, "ibge": 3204658, "z": 46, "l": 1066, "nm": "EMEIEF CÓRREGO DA DIVISA", "nm_mun": "SÃO DOMINGOS DO NORTE", "aptos": 349, "imp": 0}}, {"type": "Feature", "geometry": {"type": "Point", "coordinates": [-40.473432, -19.086575]}, "properties": {"i": 6, "mun": 56006, "ibge": 3204658, "z": 46, "l": 1074, "nm": "EMEF CÓRREGO FEIO", "nm_mun": "SÃO DOMINGOS DO NORTE", "aptos": 252, "imp": 0}}, {"type": "Feature", "geometry": {"type": "Point", "coordinates": [-40.60795, -19.076278]}, "properties": {"i": 7, "mun": 56006, "ibge": 3204658, "z": 46, "l": 1082, "nm": "EMEIEF BRAÇO DO SUL (TREVIZANI)", "nm_mun": "SÃO DOMINGOS DO NORTE", "aptos": 306, "imp": 0}}, {"type": "Feature", "geometry": {"type": "Point", "coordinates": [-40.627311, -19.146845]}, "properties": {"i": 8, "mun": 56006, "ibge": 3204658, "z": 46, "l": 1090, "nm": "CENTRO MUNICIPAL DE EDUCAÇÃO INFANTIL VOVÓ ZEZÉ", "nm_mun": "SÃO DOMINGOS DO NORTE", "aptos": 1201, "imp": 0}}, {"type": "Feature", "geometry": {"type": "Point", "coordinates": [-40.624104, -19.144788]}, "properties": {"i": 9, "mun": 56006, "ibge": 3204658, "z": 46, "l": 1104, "nm": "CENTRO MUNICIPAL DE ENSINO INFANTIL CRIATIVO", "nm_mun": "SÃO DOMINGOS DO NORTE", "aptos": 1268, "imp": 0}}, {"type": "Feature", "geometry": {"type": "Point", "coordinates": [-41.126976, -20.07547]}, "properties": {"i": 10, "mun": 56014, "ibge": 3200102, "z": 8, "l": 1015, "nm": "CEEFMTI AFONSO CLÁUDIO", "nm_mun": "AFONSO CLÁUDIO", "aptos": 7518, "imp": 0}}, {"type": "Feature", "geometry": {"type": "Point", "coordinates": [-41.126851, -20.075541]}, "properties": {"i": 11, "mun": 56014, "ibge": 3200102, "z": 8, "l": 1023, "nm": "EEEFM JOSÉ CUPERTINO", "nm_mun": "AFONSO CLÁUDIO", "aptos": 3346, "imp": 0}}, {"type": "Feature", "geometry": {"type": "Point", "coordinates": [-41.134108, -19.997491]}, "properties": {"i": 12, "mun": 56014, "ibge": 3200102, "z": 8, "l": 1058, "nm": "ESCOLA MUNICIPAL GUMERCINDO LACERDA", "nm_mun": "AFONSO CLÁUDIO", "aptos": 779, "imp": 0}}, {"type": "Feature", "geometry": {"type": "Point", "coordinates": [-41.045449, -20.20089]}, "properties": {"i": 13, "mun": 56014, "ibge": 3200102, "z": 8, "l": 1066, "nm": "EEEFM JOSÉ GIESTAS", "nm_mun": "AFONSO CLÁUDIO", "aptos": 1786, "imp": 0}}, {"type": "Feature", "geometry": {"type": "Point", "coordinates": [-41.103684, -20.214187]}, "properties": {"i": 14, "mun": 56014, "ibge": 3200102, "z": 8, "l": 1074, "nm": "EEEFM MARIA ABREU ALVIM", "nm_mun": "AFONSO CLÁUDIO", "aptos": 2118, "imp": 0}}, {"type": "Feature", "geometry": {"type": "Point", "coordinates": [-41.193786, -20.18294]}, "properties": {"i": 15, "mun": 56014, "ibge": 3200102, "z": 8, "l": 1082, "nm": "EEEFM JOSÉ ROBERTO CRISTO", "nm_mun": "AFONSO CLÁUDIO", "aptos": 1243, "imp": 0}}, {"type": "Feature", "geometry": {"type": "Point", "coordinates": [-41.236874, -20.010402]}, "properties": {"i": 16, "mun": 56014, "ibge": 3200102, "z": 8, "l": 1180, "nm": "EMEIEF PATRIMÔNIO DOS GONÇALVES", "nm_mun": "AFONSO CLÁUDIO", "aptos": 745, "imp": 0}}, {"type": "Feature", "geometry": {"type": "Point", "coordinates": [-41.029194, -20.004178]}, "properties": {"i": 17, "mun": 56014, "ibge": 3200102, "z": 8, "l": 1236, "nm": "EEEFM ELVIRA BARROS", "nm_mun": "AFONSO CLÁUDIO", "aptos": 1453, "imp": 0}}, {"type": "Feature", "geometry": {"type": "Point", "coordinates": [-41.124984, -20.076932]}, "properties": {"i": 18, "mun": 56014, "ibge": 3200102, "z": 8, "l": 1325, "nm": "ESCOLA MUNICIPAL AUGUSTA LAMAS D'ÁVILA", "nm_mun": "AFONSO CLÁUDIO", "aptos": 1470, "imp": 0}}, {"type": "Feature", "geometry": {"type": "Point", "coordinates": [-40.977754, -20.082534]}, "properties": {"i": 19, "mun": 56014, "ibge": 3200102, "z": 8, "l": 1350, "nm": "ESCOLA MUNICIPAL CÓRREGO FRANCISCO CORREA", "nm_mun": "AFONSO CLÁUDIO", "aptos": 1444, "imp": 0}}, {"type": "Feature", "geometry": {"type": "Point", "coordinates": [-41.050871, -20.148994]}, "properties": {"i": 20, "mun": 56014, "ibge": 3200102, "z": 8, "l": 1368, "nm": "ESCOLA ESTADUAL DE ENSINO FUNDAMENTAL PLURIDOCENTE DE SANTO ANTÔNIO", "nm_mun": "AFONSO CLÁUDIO", "aptos": 323, "imp": 0}}, {"type": "Feature", "geometry": {"type": "Point", "coordinates": [-41.028948, -20.004203]}, "properties": {"i": 21, "mun": 56014, "ibge": 3200102, "z": 8, "l": 1457, "nm": "CMEI NESTOR PINTO DE AGUIAR", "nm_mun": "AFONSO CLÁUDIO", "aptos": 564, "imp": 0}}, {"type": "Feature", "geometry": {"type": "Point", "coordinates": [-41.116205, -20.067276]}, "properties": {"i": 22, "mun": 56014, "ibge": 3200102, "z": 8, "l": 1554, "nm": "EM IDOLINO DA FONSECA LAMAS", "nm_mun": "AFONSO CLÁUDIO", "aptos": 658, "imp": 0}}, {"type": "Feature", "geometry": {"type": "Point", "coordinates": [-41.1295, -20.08147]}, "properties": {"i": 23, "mun": 56014, "ibge": 3200102, "z": 8, "l": 1589, "nm": "ASSOCIAÇÃO PRO-CASA DO MENINO", "nm_mun": "AFONSO CLÁUDIO", "aptos": 2019, "imp": 0}}, {"type": "Feature", "geometry": {"type": "Point", "coordinates": [-40.830058, -18.368986]}, "properties": {"i": 24, "mun": 56014, "ibge": 3200102, "z": 8, "l": 1627, "nm": "EMEF CÍVICO-MILITAR JOSÉ JORGE HADDAD", "nm_mun": "AFONSO CLÁUDIO", "aptos": 813, "imp": 1}}, {"type": "Feature", "geometry": {"type": "Point", "coordinates": [-40.977887, -18.550065]}, "properties": {"i": 25, "mun": 56022, "ibge": 3200169, "z": 23, "l": 1163, "nm": "EMEF SEBASTIÃO COIMBRA ELIZEU", "nm_mun": "ÁGUA DOCE DO NORTE", "aptos": 2214, "imp": 0}}, {"type": "Feature", "geometry": {"type": "Point", "coordinates": [-40.980438, -18.554095]}, "properties": {"i": 26, "mun": 56022, "ibge": 3200169, "z": 23, "l": 1171, "nm": "EMEF BOM DESTINO", "nm_mun": "ÁGUA DOCE DO NORTE", "aptos": 426, "imp": 0}}, {"type": "Feature", "geometry": {"type": "Point", "coordinates": [-41.12237, -18.418543]}, "properties": {"i": 27, "mun": 56022, "ibge": 3200169, "z": 23, "l": 1180, "nm": "EMEF SANTA LUZIA DO AZUL", "nm_mun": "ÁGUA DOCE DO NORTE", "aptos": 810, "imp": 0}}, {"type": "Feature", "geometry": {"type": "Point", "coordinates": [-40.999354, -18.66187]}, "properties": {"i": 28, "mun": 56022, "ibge": 3200169, "z": 23, "l": 1198, "nm": "EEEF SOARES DUTRA", "nm_mun": "ÁGUA DOCE DO NORTE", "aptos": 696, "imp": 0}}, {"type": "Feature", "geometry": {"type": "Point", "coordinates": [-40.939734, -18.63477]}, "properties": {"i": 29, "mun": 56022, "ibge": 3200169, "z": 23, "l": 1252, "nm": "EEEF ADOLFO ROSA", "nm_mun": "ÁGUA DOCE DO NORTE", "aptos": 1650, "imp": 0}}, {"type": "Feature", "geometry": {"type": "Point", "coordinates": [-41.031702, -18.416346]}, "properties": {"i": 30, "mun": 56022, "ibge": 3200169, "z": 23, "l": 1449, "nm": "EEEF DE SANTO AGOSTINHO", "nm_mun": "ÁGUA DOCE DO NORTE", "aptos": 1710, "imp": 0}}, {"type": "Feature", "geometry": {"type": "Point", "coordinates": [-41.014817, -18.476703]}, "properties": {"i": 31, "mun": 56022, "ibge": 3200169, "z": 23, "l": 1520, "nm": "EEEF VILA NELITA", "nm_mun": "ÁGUA DOCE DO NORTE", "aptos": 786, "imp": 0}}, {"type": "Feature", "geometry": {"type": "Point", "coordinates": [-40.977534, -18.550061]}, "properties": {"i": 32, "mun": 56022, "ibge": 3200169, "z": 23, "l": 1538, "nm": "EMEIEF NILSA ALVES FIGUEIRA", "nm_mun": "ÁGUA DOCE DO NORTE", "aptos": 636, "imp": 0}}, {"type": "Feature", "geometry": {"type": "Point", "coordinates": [-40.599051, -18.619706]}, "properties": {"i": 33, "mun": 56022, "ibge": 3200169, "z": 23, "l": 1546, "nm": "CRECHE MUL P ADEVANI MARIA BATISTA", "nm_mun": "ÁGUA DOCE DO NORTE", "aptos": 2199, "imp": 1}}, {"type": "Feature", "geometry": {"type": "Point", "coordinates": [-41.533657, -20.76342]}, "properties": {"i": 34, "mun": 56030, "ibge": 3200201, "z": 4, "l": 1015, "nm": "CÍRCULO DE OPERÁRIOS DE ALEGRE", "nm_mun": "ALEGRE", "aptos": 324, "imp": 0}}, {"type": "Feature", "geometry": {"type": "Point", "coordinates": [-41.536656, -20.759116]}, "properties": {"i": 35, "mun": 56030, "ibge": 3200201, "z": 4, "l": 1023, "nm": "CEEFMTI ARISTEU AGUIAR", "nm_mun": "ALEGRE", "aptos": 3010, "imp": 0}}, {"type": "Feature", "geometry": {"type": "Point", "coordinates": [-41.533131, -20.77276]}, "properties": {"i": 36, "mun": 56030, "ibge": 3200201, "z": 4, "l": 1031, "nm": "COOPERATIVA EDUCACIONAL SUL CAPIXABA - COLÉGIO INOVADOR", "nm_mun": "ALEGRE", "aptos": 2567, "imp": 0}}, {"type": "Feature", "geometry": {"type": "Point", "coordinates": [-41.53107, -20.764582]}, "properties": {"i": 37, "mun": 56030, "ibge": 3200201, "z": 4, "l": 1040, "nm": "AGÊNCIA DA PREVIDÊNCIA SOCIAL", "nm_mun": "ALEGRE", "aptos": 1278, "imp": 0}}, {"type": "Feature", "geometry": {"type": "Point", "coordinates": [-41.53269, -20.763678]}, "properties": {"i": 38, "mun": 56030, "ibge": 3200201, "z": 4, "l": 1058, "nm": "FAFIA - FACULDADE DE FILOSOFIA, CIÊNCIAS E LETRAS DE ALEGRE", "nm_mun": "ALEGRE", "aptos": 1418, "imp": 0}}, {"type": "Feature", "geometry": {"type": "Point", "coordinates": [-41.536577, -20.757746]}, "properties": {"i": 39, "mun": 56030, "ibge": 3200201, "z": 4, "l": 1066, "nm": "EMEIF RUTH ALICE", "nm_mun": "ALEGRE", "aptos": 701, "imp": 0}}, {"type": "Feature", "geometry": {"type": "Point", "coordinates": [-41.533782, -20.764793]}, "properties": {"i": 40, "mun": 56030, "ibge": 3200201, "z": 4, "l": 1104, "nm": "SALÃO DO DECOLORES", "nm_mun": "ALEGRE", "aptos": 729, "imp": 0}}, {"type": "Feature", "geometry": {"type": "Point", "coordinates": [-41.509604, -20.675626]}, "properties": {"i": 41, "mun": 56030, "ibge": 3200201, "z": 4, "l": 1155, "nm": "EMPEF SÃO JOÃO DO NORTE", "nm_mun": "ALEGRE", "aptos": 234, "imp": 0}}, {"type": "Feature", "geometry": {"type": "Point", "coordinates": [-41.592005, -20.764757]}, "properties": {"i": 42, "mun": 56030, "ibge": 3200201, "z": 4, "l": 1163, "nm": "EEEFM SIRENA REZENDE FONSECA", "nm_mun": "ALEGRE", "aptos": 2310, "imp": 0}}, {"type": "Feature", "geometry": {"type": "Point", "coordinates": [-41.45476, -20.691629]}, "properties": {"i": 43, "mun": 56030, "ibge": 3200201, "z": 4, "l": 1171, "nm": "EMEF CARMELITA MACHADO MORAES", "nm_mun": "ALEGRE", "aptos": 444, "imp": 0}}, {"type": "Feature", "geometry": {"type": "Point", "coordinates": [-41.555622, -20.592712]}, "properties": {"i": 44, "mun": 56030, "ibge": 3200201, "z": 4, "l": 1180, "nm": "EEEFM OSCAR DE ALMEIDA GAMA", "nm_mun": "ALEGRE", "aptos": 557, "imp": 0}}, {"type": "Feature", "geometry": {"type": "Point", "coordinates": [-41.571617, -20.868411]}, "properties": {"i": 45, "mun": 56030, "ibge": 3200201, "z": 4, "l": 1198, "nm": "EEEFM JOSÉ CORRENTE", "nm_mun": "ALEGRE", "aptos": 1283, "imp": 0}}, {"type": "Feature", "geometry": {"type": "Point", "coordinates": [-41.459112, -20.756702]}, "properties": {"i": 46, "mun": 56030, "ibge": 3200201, "z": 4, "l": 1210, "nm": "EEEFM PROFª CÉLIA TEIXEIRA DO CARMO", "nm_mun": "ALEGRE", "aptos": 2162, "imp": 0}}, {"type": "Feature", "geometry": {"type": "Point", "coordinates": [-41.449607, -20.611663]}, "properties": {"i": 47, "mun": 56030, "ibge": 3200201, "z": 4, "l": 1228, "nm": "EEEFM ANA MONTEIRO DE PAIVA", "nm_mun": "ALEGRE", "aptos": 1000, "imp": 0}}, {"type": "Feature", "geometry": {"type": "Point", "coordinates": [-41.527544, -20.635785]}, "properties": {"i": 48, "mun": 56030, "ibge": 3200201, "z": 4, "l": 1295, "nm": "SALÃO DA IGREJA NOSSA SENHORA APARECIDA", "nm_mun": "ALEGRE", "aptos": 215, "imp": 0}}, {"type": "Feature", "geometry": {"type": "Point", "coordinates": [-41.45132, -20.61205]}, "properties": {"i": 49, "mun": 56030, "ibge": 3200201, "z": 4, "l": 1325, "nm": "CEMEI PROFA. CÂNDIDA FILGUEIRAS", "nm_mun": "ALEGRE", "aptos": 655, "imp": 0}}, {"type": "Feature", "geometry": {"type": "Point", "coordinates": [-41.579871, -20.686546]}, "properties": {"i": 50, "mun": 56030, "ibge": 3200201, "z": 4, "l": 1333, "nm": "EMFA ZIOLITA MARIA DA SILVEIRA", "nm_mun": "ALEGRE", "aptos": 235, "imp": 0}}, {"type": "Feature", "geometry": {"type": "Point", "coordinates": [-41.534691, -20.772705]}, "properties": {"i": 51, "mun": 56030, "ibge": 3200201, "z": 4, "l": 1341, "nm": "EEEFM PROFESSOR PEDRO SIMÃO", "nm_mun": "ALEGRE", "aptos": 680, "imp": 0}}, {"type": "Feature", "geometry": {"type": "Point", "coordinates": [-41.507832, -20.795907]}, "properties": {"i": 52, "mun": 56030, "ibge": 3200201, "z": 4, "l": 1350, "nm": "EMUEF FELIZ LEMBRANÇA", "nm_mun": "ALEGRE", "aptos": 110, "imp": 0}}, {"type": "Feature", "geometry": {"type": "Point", "coordinates": [-41.53213, -20.872208]}, "properties": {"i": 53, "mun": 56030, "ibge": 3200201, "z": 4, "l": 1368, "nm": "EMFA GEORGE ABREU RANGEL", "nm_mun": "ALEGRE", "aptos": 260, "imp": 0}}, {"type": "Feature", "geometry": {"type": "Point", "coordinates": [-41.53472, -20.77196]}, "properties": {"i": 54, "mun": 56030, "ibge": 3200201, "z": 4, "l": 1376, "nm": "EMEIF PROFESSOR DOMINGOS BRAVO REINOSO", "nm_mun": "ALEGRE", "aptos": 2065, "imp": 0}}, {"type": "Feature", "geometry": {"type": "Point", "coordinates": [-40.394486, -18.703279]}, "properties": {"i": 55, "mun": 56030, "ibge": 3200201, "z": 4, "l": 1384, "nm": "INSTITUTO EDUCACIONAL SANTOS CARVALHEIRA - IESC", "nm_mun": "ALEGRE", "aptos": 974, "imp": 1}}, {"type": "Feature", "geometry": {"type": "Point", "coordinates": [-41.427447, -20.40134]}, "properties": {"i": 56, "mun": 56030, "ibge": 3200201, "z": 4, "l": 1392, "nm": "CEMEI PAULO AMOACY BRAGANÇA", "nm_mun": "ALEGRE", "aptos": 257, "imp": 1}}, {"type": "Feature", "geometry": {"type": "Point", "coordinates": [-40.417758, -20.36688]}, "properties": {"i": 57, "mun": 56030, "ibge": 3200201, "z": 4, "l": 1406, "nm": "CEMEI TEREZA FIOREZZI DE OLIVEIRA", "nm_mun": "ALEGRE", "aptos": 165, "imp": 1}}, {"type": "Feature", "geometry": {"type": "Point", "coordinates": [-41.641151, -20.345996]}, "properties": {"i": 58, "mun": 56049, "ibge": 3202652, "z": 19, "l": 1015, "nm": "EEEFM BERNARDO HORTA", "nm_mun": "IRUPI", "aptos": 4378, "imp": 0}}, {"type": "Feature", "geometry": {"type": "Point", "coordinates": [-41.643783, -20.348862]}, "properties": {"i": 59, "mun": 56049, "ibge": 3202652, "z": 19, "l": 1023, "nm": "EMEF SÔNIA MARIA FARIA PINHEIRO", "nm_mun": "IRUPI", "aptos": 2398, "imp": 0}}, {"type": "Feature", "geometry": {"type": "Point", "coordinates": [-41.691156, -20.314185]}, "properties": {"i": 60, "mun": 56049, "ibge": 3202652, "z": 19, "l": 1058, "nm": "EMEIEF PROFESSORA ENY LEAL MACHADO", "nm_mun": "IRUPI", "aptos": 1825, "imp": 0}}, {"type": "Feature", "geometry": {"type": "Point", "coordinates": [-41.631374, -20.292244]}, "properties": {"i": 61, "mun": 56049, "ibge": 3202652, "z": 19, "l": 1066, "nm": "EMEIEF VALDECI AFONSO MOREIRA", "nm_mun": "IRUPI", "aptos": 659, "imp": 0}}, {"type": "Feature", "geometry": {"type": "Point", "coordinates": [-41.581896, -20.267239]}, "properties": {"i": 62, "mun": 56049, "ibge": 3202652, "z": 19, "l": 1074, "nm": "EMU BOA ESPERANÇA", "nm_mun": "IRUPI", "aptos": 386, "imp": 0}}, {"type": "Feature", "geometry": {"type": "Point", "coordinates": [-41.641793, -20.344721]}, "properties": {"i": 63, "mun": 56049, "ibge": 3202652, "z": 19, "l": 1090, "nm": "APAE DE IRUPI", "nm_mun": "IRUPI", "aptos": 762, "imp": 0}}, {"type": "Feature", "geometry": {"type": "Point", "coordinates": [-41.615232, -20.375321]}, "properties": {"i": 64, "mun": 56049, "ibge": 3202652, "z": 19, "l": 1120, "nm": "EMEIEF PROFESSORA NELCI GOMES DA COSTA", "nm_mun": "IRUPI", "aptos": 550, "imp": 0}}, {"type": "Feature", "geometry": {"type": "Point", "coordinates": [-41.681674, -20.356335]}, "properties": {"i": 65, "mun": 56049, "ibge": 3202652, "z": 19, "l": 1139, "nm": "ASSOCIAÇÃO COMUNITÁRIA DO CORREGO DO AVENTUREIRO", "nm_mun": "IRUPI", "aptos": 444, "imp": 0}}, {"type": "Feature", "geometry": {"type": "Point", "coordinates": [-40.7534, -20.63499]}, "properties": {"i": 66, "mun": 56057, "ibge": 3200300, "z": 12, "l": 1015, "nm": "EMEF ANA ARAÚJO", "nm_mun": "ALFREDO CHAVES", "aptos": 1460, "imp": 0}}, {"type": "Feature", "geometry": {"type": "Point", "coordinates": [-40.689552, -20.451025]}, "properties": {"i": 67, "mun": 56057, "ibge": 3200300, "z": 12, "l": 1031, "nm": "EMEF FAZENDA APARECIDA", "nm_mun": "ALFREDO CHAVES", "aptos": 353, "imp": 0}}, {"type": "Feature", "geometry": {"type": "Point", "coordinates": [-40.820457, -20.55553]}, "properties": {"i": 68, "mun": 56057, "ibge": 3200300, "z": 12, "l": 1040, "nm": "EEEF DE CRUBIXÁ", "nm_mun": "ALFREDO CHAVES", "aptos": 626, "imp": 0}}, {"type": "Feature", "geometry": {"type": "Point", "coordinates": [-40.81503, -20.554052]}, "properties": {"i": 69, "mun": 56057, "ibge": 3200300, "z": 12, "l": 1058, "nm": "EMEF ENGANO", "nm_mun": "ALFREDO CHAVES", "aptos": 736, "imp": 0}}, {"type": "Feature", "geometry": {"type": "Point", "coordinates": [-40.820457, -20.55553]}, "properties": {"i": 70, "mun": 56057, "ibge": 3200300, "z": 12, "l": 1066, "nm": "SALÃO DA IGREJA CATÓLICA DE SÃO FRANCISCO DE BATATAL", "nm_mun": "ALFREDO CHAVES", "aptos": 258, "imp": 0}}, {"type": "Feature", "geometry": {"type": "Point", "coordinates": [-40.860077, -20.601665]}, "properties": {"i": 71, "mun": 56057, "ibge": 3200300, "z": 12, "l": 1074, "nm": "SALÃO DA IGREJA DE SÃO MARTINHO", "nm_mun": "ALFREDO CHAVES", "aptos": 508, "imp": 0}}, {"type": "Feature", "geometry": {"type": "Point", "coordinates": [-40.820457, -20.55553]}, "properties": {"i": 72, "mun": 56057, "ibge": 3200300, "z": 12, "l": 1082, "nm": "PRÉDIO DA ANTIGA ESCOLA ALMERINDA BRUNORO", "nm_mun": "ALFREDO CHAVES", "aptos": 269, "imp": 0}}, {"type": "Feature", "geometry": {"type": "Point", "coordinates": [-40.815033, -20.553943]}, "properties": {"i": 73, "mun": 56057, "ibge": 3200300, "z": 12, "l": 1090, "nm": "EMEF FELIPE MODOLO", "nm_mun": "ALFREDO CHAVES", "aptos": 769, "imp": 0}}, {"type": "Feature", "geometry": {"type": "Point", "coordinates": [-40.851405, -20.668879]}, "properties": {"i": 74, "mun": 56057, "ibge": 3200300, "z": 12, "l": 1104, "nm": "SALÃO COMUNITÁRIO DE NOVA ESTRELA", "nm_mun": "ALFREDO CHAVES", "aptos": 210, "imp": 0}}, {"type": "Feature", "geometry": {"type": "Point", "coordinates": [-40.770889, -20.670905]}, "properties": {"i": 75, "mun": 56057, "ibge": 3200300, "z": 12, "l": 1112, "nm": "SALÃO DA IGREJA CATÓLICA DE CACHOEIRA ALTA", "nm_mun": "ALFREDO CHAVES", "aptos": 389, "imp": 0}}, {"type": "Feature", "geometry": {"type": "Point", "coordinates": [-40.808603, -20.653658]}, "properties": {"i": 76, "mun": 56057, "ibge": 3200300, "z": 12, "l": 1120, "nm": "EMUEF QUARTO TERRITÓRIO", "nm_mun": "ALFREDO CHAVES", "aptos": 400, "imp": 0}}, {"type": "Feature", "geometry": {"type": "Point", "coordinates": [-40.697064, -20.57923]}, "properties": {"i": 77, "mun": 56057, "ibge": 3200300, "z": 12, "l": 1139, "nm": "EMEF SAGRADA FAMÍLIA", "nm_mun": "ALFREDO CHAVES", "aptos": 776, "imp": 0}}, {"type": "Feature", "geometry": {"type": "Point", "coordinates": [-40.820457, -20.55553]}, "properties": {"i": 78, "mun": 56057, "ibge": 3200300, "z": 12, "l": 1147, "nm": "SALÃO COMUNITÁRIO DE SÃO BENTO DE URÂNIA", "nm_mun": "ALFREDO CHAVES", "aptos": 805, "imp": 0}}, {"type": "Feature", "geometry": {"type": "Point", "coordinates": [-40.838107, -20.535862]}, "properties": {"i": 79, "mun": 56057, "ibge": 3200300, "z": 12, "l": 1155, "nm": "EEUEF CAROLINA", "nm_mun": "ALFREDO CHAVES", "aptos": 344, "imp": 0}}, {"type": "Feature", "geometry": {"type": "Point", "coordinates": [-40.949614, -20.587688]}, "properties": {"i": 80, "mun": 56057, "ibge": 3200300, "z": 12, "l": 1163, "nm": "EEUEF VILA NOVA DE MARAVILHA", "nm_mun": "ALFREDO CHAVES", "aptos": 258, "imp": 0}}, {"type": "Feature", "geometry": {"type": "Point", "coordinates": [-40.745554, -20.638365]}, "properties": {"i": 81, "mun": 56057, "ibge": 3200300, "z": 12, "l": 1171, "nm": "EEEFM CAMILA MOTA", "nm_mun": "ALFREDO CHAVES", "aptos": 2542, "imp": 0}}, {"type": "Feature", "geometry": {"type": "Point", "coordinates": [-40.76332, -20.630398]}, "properties": {"i": 82, "mun": 56057, "ibge": 3200300, "z": 12, "l": 1228, "nm": "CRECHE COMECINHO DE GENTE", "nm_mun": "ALFREDO CHAVES", "aptos": 387, "imp": 0}}, {"type": "Feature", "geometry": {"type": "Point", "coordinates": [-40.747441, -20.636237]}, "properties": {"i": 83, "mun": 56057, "ibge": 3200300, "z": 12, "l": 1236, "nm": "SALÃO PAROQUIAL DA IGREJA DE NOSSA SENHORA DA CONCEIÇÃO", "nm_mun": "ALFREDO CHAVES", "aptos": 610, "imp": 0}}, {"type": "Feature", "geometry": {"type": "Point", "coordinates": [-40.74922, -20.640601]}, "properties": {"i": 84, "mun": 56057, "ibge": 3200300, "z": 12, "l": 1244, "nm": "CMEI JOSE DE ANCHIETA", "nm_mun": "ALFREDO CHAVES", "aptos": 1308, "imp": 0}}, {"type": "Feature", "geometry": {"type": "Point", "coordinates": [-41.01605, -19.05945]}, "properties": {"i": 85, "mun": 56065, "ibge": 3200359, "z": 36, "l": 1015, "nm": "EMEI ARMEZINA DO AMARAL RAMOS", "nm_mun": "ALTO RIO NOVO", "aptos": 805, "imp": 0}}, {"type": "Feature", "geometry": {"type": "Point", "coordinates": [-41.014862, -19.054951]}, "properties": {"i": 86, "mun": 56065, "ibge": 3200359, "z": 36, "l": 1023, "nm": "EMEF GUSTAVO AMBRUST", "nm_mun": "ALTO RIO NOVO", "aptos": 1044, "imp": 0}}, {"type": "Feature", "geometry": {"type": "Point", "coordinates": [-41.018225, -19.056873]}, "properties": {"i": 87, "mun": 56065, "ibge": 3200359, "z": 36, "l": 1031, "nm": "EEEFM PASTOR ANTÔNIO NUNES DE CARVALHO", "nm_mun": "ALTO RIO NOVO", "aptos": 1670, "imp": 0}}, {"type": "Feature", "geometry": {"type": "Point", "coordinates": [-41.020278, -19.06035]}, "properties": {"i": 88, "mun": 56065, "ibge": 3200359, "z": 36, "l": 1040, "nm": "CMEI MARIA VENANCIO AMORIM", "nm_mun": "ALTO RIO NOVO", "aptos": 903, "imp": 0}}, {"type": "Feature", "geometry": {"type": "Point", "coordinates": [-40.96887, -19.06929]}, "properties": {"i": 89, "mun": 56065, "ibge": 3200359, "z": 36, "l": 1058, "nm": "EMEIEF GILDA AGGUM CAPETINI", "nm_mun": "ALTO RIO NOVO", "aptos": 672, "imp": 0}}, {"type": "Feature", "geometry": {"type": "Point", "coordinates": [-40.974353, -18.957315]}, "properties": {"i": 90, "mun": 56065, "ibge": 3200359, "z": 36, "l": 1074, "nm": "EMEIEF PROFESSORA MARIA RODRIGUES DE FREITAS", "nm_mun": "ALTO RIO NOVO", "aptos": 790, "imp": 0}}, {"type": "Feature", "geometry": {"type": "Point", "coordinates": [-41.01605, -19.05945]}, "properties": {"i": 91, "mun": 56065, "ibge": 3200359, "z": 36, "l": 1082, "nm": "CENTRO DE CONVIVENCIA CATARINA LUCIA ELLER", "nm_mun": "ALTO RIO NOVO", "aptos": 670, "imp": 0}}, {"type": "Feature", "geometry": {"type": "Point", "coordinates": [-40.642165, -20.799668]}, "properties": {"i": 92, "mun": 56073, "ibge": 3200409, "z": 17, "l": 1023, "nm": "EE CORONEL GOMES OLIVEIRA", "nm_mun": "ANCHIETA", "aptos": 2625, "imp": 0}}, {"type": "Feature", "geometry": {"type": "Point", "coordinates": [-40.651957, -20.804679]}, "properties": {"i": 93, "mun": 56073, "ibge": 3200409, "z": 17, "l": 1058, "nm": "EM TEREZINHA GODOY DE ALMEIDA", "nm_mun": "ANCHIETA", "aptos": 1886, "imp": 0}}, {"type": "Feature", "geometry": {"type": "Point", "coordinates": [-40.628192, -20.820345]}, "properties": {"i": 94, "mun": 56073, "ibge": 3200409, "z": 17, "l": 1074, "nm": "EM DE UBÚ", "nm_mun": "ANCHIETA", "aptos": 711, "imp": 0}}, {"type": "Feature", "geometry": {"type": "Point", "coordinates": [-40.575295, -20.764013]}, "properties": {"i": 95, "mun": 56073, "ibge": 3200409, "z": 17, "l": 1082, "nm": "EM DE MAE BA", "nm_mun": "ANCHIETA", "aptos": 1168, "imp": 0}}, {"type": "Feature", "geometry": {"type": "Point", "coordinates": [-40.609398, -20.741859]}, "properties": {"i": 96, "mun": 56073, "ibge": 3200409, "z": 17, "l": 1090, "nm": "EM DE BELO HORIZONTE", "nm_mun": "ANCHIETA", "aptos": 239, "imp": 0}}, {"type": "Feature", "geometry": {"type": "Point", "coordinates": [-40.610736, -20.717726]}, "properties": {"i": 97, "mun": 56073, "ibge": 3200409, "z": 17, "l": 1104, "nm": "EM DE GOEMBÊ", "nm_mun": "ANCHIETA", "aptos": 314, "imp": 0}}, {"type": "Feature", "geometry": {"type": "Point", "coordinates": [-40.648387, -20.580922]}, "properties": {"i": 98, "mun": 56073, "ibge": 3200409, "z": 17, "l": 1112, "nm": "EM DE CHAPADA DO Á", "nm_mun": "ANCHIETA", "aptos": 256, "imp": 0}}, {"type": "Feature", "geometry": {"type": "Point", "coordinates": [-40.677443, -20.696478]}, "properties": {"i": 99, "mun": 56073, "ibge": 3200409, "z": 17, "l": 1120, "nm": "EMEIEFM PROFESSORA ZULEIKA FLORES DA PURIFICAÇÃO", "nm_mun": "ANCHIETA", "aptos": 680, "imp": 0}}, {"type": "Feature", "geometry": {"type": "Point", "coordinates": [-40.660834, -20.625077]}, "properties": {"i": 100, "mun": 56073, "ibge": 3200409, "z": 17, "l": 1139, "nm": "EMEB DUAS BARRAS", "nm_mun": "ANCHIETA", "aptos": 260, "imp": 0}}, {"type": "Feature", "geometry": {"type": "Point", "coordinates": [-40.703271, -20.812653]}, "properties": {"i": 101, "mun": 56073, "ibge": 3200409, "z": 17, "l": 1147, "nm": "ESCOLA AGRÍCOLA DE OLIVÂNIA", "nm_mun": "ANCHIETA", "aptos": 351, "imp": 0}}, {"type": "Feature", "geometry": {"type": "Point", "coordinates": [-40.71485, -20.71598]}, "properties": {"i": 102, "mun": 56073, "ibge": 3200409, "z": 17, "l": 1155, "nm": "EM DE SIMPATIA", "nm_mun": "ANCHIETA", "aptos": 632, "imp": 0}}, {"type": "Feature", "geometry": {"type": "Point", "coordinates": [-40.759967, -20.765415]}, "properties": {"i": 103, "mun": 56073, "ibge": 3200409, "z": 17, "l": 1163, "nm": "EM DE ITAPEROROMA BAIXA", "nm_mun": "ANCHIETA", "aptos": 319, "imp": 0}}, {"type": "Feature", "geometry": {"type": "Point", "coordinates": [-40.743773, -20.777802]}, "properties": {"i": 104, "mun": 56073, "ibge": 3200409, "z": 17, "l": 1171, "nm": "EM DE BAIXO PONGAL", "nm_mun": "ANCHIETA", "aptos": 433, "imp": 0}}, {"type": "Feature", "geometry": {"type": "Point", "coordinates": [-40.702137, -20.777578]}, "properties": {"i": 105, "mun": 56073, "ibge": 3200409, "z": 17, "l": 1180, "nm": "EM DE ITAPEÚNA", "nm_mun": "ANCHIETA", "aptos": 340, "imp": 0}}, {"type": "Feature", "geometry": {"type": "Point", "coordinates": [-40.694528, -20.829682]}, "properties": {"i": 106, "mun": 56073, "ibge": 3200409, "z": 17, "l": 1198, "nm": "EMEF MANOEL DE PAULA SERRÃO", "nm_mun": "ANCHIETA", "aptos": 1970, "imp": 0}}, {"type": "Feature", "geometry": {"type": "Point", "coordinates": [-40.787776, -20.740161]}, "properties": {"i": 107, "mun": 56073, "ibge": 3200409, "z": 17, "l": 1201, "nm": "EM DE CÓRREGO DA PRATA", "nm_mun": "ANCHIETA", "aptos": 229, "imp": 0}}, {"type": "Feature", "geometry": {"type": "Point", "coordinates": [-40.743773, -20.777802]}, "properties": {"i": 108, "mun": 56073, "ibge": 3200409, "z": 17, "l": 1210, "nm": "EM DE ALTO PONGAL", "nm_mun": "ANCHIETA", "aptos": 639, "imp": 0}}, {"type": "Feature", "geometry": {"type": "Point", "coordinates": [-40.660827, -20.625123]}, "properties": {"i": 109, "mun": 56073, "ibge": 3200409, "z": 17, "l": 1228, "nm": "EM DE DOIS IRMÃOS", "nm_mun": "ANCHIETA", "aptos": 199, "imp": 0}}, {"type": "Feature", "geometry": {"type": "Point", "coordinates": [-40.801259, -20.694951]}, "properties": {"i": 110, "mun": 56073, "ibge": 3200409, "z": 17, "l": 1236, "nm": "EM DE ALTO JOEBA", "nm_mun": "ANCHIETA", "aptos": 205, "imp": 0}}, {"type": "Feature", "geometry": {"type": "Point", "coordinates": [-40.638756, -20.808539]}, "properties": {"i": 111, "mun": 56073, "ibge": 3200409, "z": 17, "l": 1252, "nm": "EM AMARILIS FERNANDES GARCIA", "nm_mun": "ANCHIETA", "aptos": 2767, "imp": 0}}, {"type": "Feature", "geometry": {"type": "Point", "coordinates": [-40.703271, -20.812653]}, "properties": {"i": 112, "mun": 56073, "ibge": 3200409, "z": 17, "l": 1279, "nm": "EM DE LIMEIRA", "nm_mun": "ANCHIETA", "aptos": 475, "imp": 0}}, {"type": "Feature", "geometry": {"type": "Point", "coordinates": [-40.602957, -20.794985]}, "properties": {"i": 113, "mun": 56073, "ibge": 3200409, "z": 17, "l": 1287, "nm": "EM DE RECANTO DO SOL", "nm_mun": "ANCHIETA", "aptos": 733, "imp": 0}}, {"type": "Feature", "geometry": {"type": "Point", "coordinates": [-40.639633, -20.807272]}, "properties": {"i": 114, "mun": 56073, "ibge": 3200409, "z": 17, "l": 1295, "nm": "EM JOCELINA NOGUEIRA", "nm_mun": "ANCHIETA", "aptos": 1574, "imp": 0}}, {"type": "Feature", "geometry": {"type": "Point", "coordinates": [-40.634023, -20.81346]}, "properties": {"i": 115, "mun": 56073, "ibge": 3200409, "z": 17, "l": 1309, "nm": "EM PROF. DULCINEA SILVA LYRIO RUPF", "nm_mun": "ANCHIETA", "aptos": 743, "imp": 0}}, {"type": "Feature", "geometry": {"type": "Point", "coordinates": [-40.600536, -20.804401]}, "properties": {"i": 116, "mun": 56073, "ibge": 3200409, "z": 17, "l": 1317, "nm": "EM DE PARATI", "nm_mun": "ANCHIETA", "aptos": 558, "imp": 0}}, {"type": "Feature", "geometry": {"type": "Point", "coordinates": [-40.623869, -20.818344]}, "properties": {"i": 117, "mun": 56073, "ibge": 3200409, "z": 17, "l": 1325, "nm": "EMEIEF PLANALTO", "nm_mun": "ANCHIETA", "aptos": 1603, "imp": 0}}, {"type": "Feature", "geometry": {"type": "Point", "coordinates": [-40.696151, -20.830534]}, "properties": {"i": 118, "mun": 56073, "ibge": 3200409, "z": 17, "l": 1333, "nm": "EMEI BELMIRO ALBERTO ALPOIM", "nm_mun": "ANCHIETA", "aptos": 664, "imp": 0}}, {"type": "Feature", "geometry": {"type": "Point", "coordinates": [-40.64079, -20.805885]}, "properties": {"i": 119, "mun": 56073, "ibge": 3200409, "z": 17, "l": 1341, "nm": "EMEI FRANCISCO JUSTI", "nm_mun": "ANCHIETA", "aptos": 549, "imp": 0}}, {"type": "Feature", "geometry": {"type": "Point", "coordinates": [-40.622084, -20.830893]}, "properties": {"i": 120, "mun": 56073, "ibge": 3200409, "z": 17, "l": 1350, "nm": "EMEB ALCIDES CECCON", "nm_mun": "ANCHIETA", "aptos": 701, "imp": 0}}, {"type": "Feature", "geometry": {"type": "Point", "coordinates": [-40.653536, -20.804624]}, "properties": {"i": 121, "mun": 56073, "ibge": 3200409, "z": 17, "l": 1368, "nm": "EM INFANTIL TIO LILIO", "nm_mun": "ANCHIETA", "aptos": 526, "imp": 0}}, {"type": "Feature", "geometry": {"type": "Point", "coordinates": [-40.609398, -20.741859]}, "properties": {"i": 122, "mun": 56073, "ibge": 3200409, "z": 17, "l": 1392, "nm": "EM DE NOVO HORIZONTE", "nm_mun": "ANCHIETA", "aptos": 444, "imp": 0}}, {"type": "Feature", "geometry": {"type": "Point", "coordinates": [-40.628742, -20.683298]}, "properties": {"i": 123, "mun": 56073, "ibge": 3200409, "z": 17, "l": 1414, "nm": "EM DE ITAJOBAIA", "nm_mun": "ANCHIETA", "aptos": 44, "imp": 1}}, {"type": "Feature", "geometry": {"type": "Point", "coordinates": [-40.690047, -18.611228]}, "properties": {"i": 124, "mun": 56081, "ibge": 3205150, "z": 30, "l": 1040, "nm": "EMEF PATRIMÔNIO DE TODOS OS ANJOS", "nm_mun": "VILA PAVÃO", "aptos": 309, "imp": 0}}, {"type": "Feature", "geometry": {"type": "Point", "coordinates": [-40.577939, -18.561165]}, "properties": {"i": 125, "mun": 56081, "ibge": 3205150, "z": 30, "l": 1058, "nm": "IGREJA CATÓLICA MADRE PAULINA", "nm_mun": "VILA PAVÃO", "aptos": 194, "imp": 0}}, {"type": "Feature", "geometry": {"type": "Point", "coordinates": [-40.615702, -18.683142]}, "properties": {"i": 126, "mun": 56081, "ibge": 3205150, "z": 30, "l": 1066, "nm": "IGREJA CATÓLICA DE SÃO FRANCISCO DE ASSIS", "nm_mun": "VILA PAVÃO", "aptos": 284, "imp": 0}}, {"type": "Feature", "geometry": {"type": "Point", "coordinates": [-40.610032, -18.52197]}, "properties": {"i": 127, "mun": 56081, "ibge": 3205150, "z": 30, "l": 1244, "nm": "EMEF PRAÇA RICA", "nm_mun": "VILA PAVÃO", "aptos": 747, "imp": 0}}, {"type": "Feature", "geometry": {"type": "Point", "coordinates": [-40.608323, -18.620496]}, "properties": {"i": 128, "mun": 56081, "ibge": 3205150, "z": 30, "l": 1376, "nm": "CMEI GIRASSOL (CRECHE)", "nm_mun": "VILA PAVÃO", "aptos": 1358, "imp": 0}}, {"type": "Feature", "geometry": {"type": "Point", "coordinates": [-40.690047, -18.611228]}, "properties": {"i": 129, "mun": 56081, "ibge": 3205150, "z": 30, "l": 1384, "nm": "EMEF TODOS OS SANTOS", "nm_mun": "VILA PAVÃO", "aptos": 625, "imp": 0}}, {"type": "Feature", "geometry": {"type": "Point", "coordinates": [-40.690851, -18.610109]}, "properties": {"i": 130, "mun": 56081, "ibge": 3205150, "z": 30, "l": 1392, "nm": "EMEF CONCEIÇÃO DO QUINZE", "nm_mun": "VILA PAVÃO", "aptos": 299, "imp": 0}}, {"type": "Feature", "geometry": {"type": "Point", "coordinates": [-40.599051, -18.619706]}, "properties": {"i": 131, "mun": 56081, "ibge": 3205150, "z": 30, "l": 1503, "nm": "EMEF PROFESSORA ESTHER DA COSTA SANTOS", "nm_mun": "VILA PAVÃO", "aptos": 1618, "imp": 0}}, {"type": "Feature", "geometry": {"type": "Point", "coordinates": [-40.649993, -18.684915]}, "properties": {"i": 132, "mun": 56081, "ibge": 3205150, "z": 30, "l": 1597, "nm": "ESCOLA AGRÍCOLA DE VILA PAVÃO - CIER", "nm_mun": "VILA PAVÃO", "aptos": 386, "imp": 0}}, {"type": "Feature", "geometry": {"type": "Point", "coordinates": [-40.661224, -18.704435]}, "properties": {"i": 133, "mun": 56081, "ibge": 3205150, "z": 30, "l": 1600, "nm": "IGREJA EVANGELICA LUTERANA SÃO MATEUS", "nm_mun": "VILA PAVÃO", "aptos": 280, "imp": 0}}, {"type": "Feature", "geometry": {"type": "Point", "coordinates": [-40.5992, -18.618824]}, "properties": {"i": 134, "mun": 56081, "ibge": 3205150, "z": 30, "l": 1619, "nm": "EEEM ANA PORTELA DE SÁ", "nm_mun": "VILA PAVÃO", "aptos": 1670, "imp": 0}}, {"type": "Feature", "geometry": {"type": "Point", "coordinates": [-41.569316, -21.151465]}, "properties": {"i": 135, "mun": 56090, "ibge": 3200508, "z": 44, "l": 1015, "nm": "EEEM CÂNDIDA PÓVOA", "nm_mun": "APIACÁ", "aptos": 2007, "imp": 0}}, {"type": "Feature", "geometry": {"type": "Point", "coordinates": [-41.621051, -21.148535]}, "properties": {"i": 136, "mun": 56090, "ibge": 3200508, "z": 44, "l": 1023, "nm": "EMEF DE IURU", "nm_mun": "APIACÁ", "aptos": 252, "imp": 0}}, {"type": "Feature", "geometry": {"type": "Point", "coordinates": [-41.559718, -20.981996]}, "properties": {"i": 137, "mun": 56090, "ibge": 3200508, "z": 44, "l": 1031, "nm": "EMEF BONSUCESSO", "nm_mun": "APIACÁ", "aptos": 717, "imp": 0}}, {"type": "Feature", "geometry": {"type": "Point", "coordinates": [-41.570619, -21.023189]}, "properties": {"i": 138, "mun": 56090, "ibge": 3200508, "z": 44, "l": 1040, "nm": "EMEF WALDIR MONTEIRO DE BARROS", "nm_mun": "APIACÁ", "aptos": 387, "imp": 0}}, {"type": "Feature", "geometry": {"type": "Point", "coordinates": [-41.569322, -21.151927]}, "properties": {"i": 139, "mun": 56090, "ibge": 3200508, "z": 44, "l": 1058, "nm": "EMEF MARIA DE LOURDES ALVES", "nm_mun": "APIACÁ", "aptos": 2418, "imp": 0}}, {"type": "Feature", "geometry": {"type": "Point", "coordinates": [-41.567852, -21.154407]}, "properties": {"i": 140, "mun": 56090, "ibge": 3200508, "z": 44, "l": 1066, "nm": "CMEI TIA JOANY MIRANDA", "nm_mun": "APIACÁ", "aptos": 553, "imp": 0}}, {"type": "Feature", "geometry": {"type": "Point", "coordinates": [-40.780969, -20.442495]}, "properties": {"i": 141, "mun": 56103, "ibge": 3203346, "z": 12, "l": 1015, "nm": "EMEF PROFESSOR NICOLAU KROHLING", "nm_mun": "MARECHAL FLORIANO", "aptos": 1276, "imp": 0}}, {"type": "Feature", "geometry": {"type": "Point", "coordinates": [-40.877132, -20.421372]}, "properties": {"i": 142, "mun": 56103, "ibge": 3203346, "z": 12, "l": 1023, "nm": "EMEF VITOR HUGO", "nm_mun": "MARECHAL FLORIANO", "aptos": 1072, "imp": 0}}, {"type": "Feature", "geometry": {"type": "Point", "coordinates": [-40.674108, -20.413282]}, "properties": {"i": 143, "mun": 56103, "ibge": 3203346, "z": 12, "l": 1031, "nm": "EEEFM EMÍLIO OSCAR HULLE", "nm_mun": "MARECHAL FLORIANO", "aptos": 1207, "imp": 0}}, {"type": "Feature", "geometry": {"type": "Point", "coordinates": [-40.679669, -20.420047]}, "properties": {"i": 144, "mun": 56103, "ibge": 3203346, "z": 12, "l": 1040, "nm": "CENTRO EDUCACIONAL INTEGRAÇÃO", "nm_mun": "MARECHAL FLORIANO", "aptos": 1802, "imp": 0}}, {"type": "Feature", "geometry": {"type": "Point", "coordinates": [-40.771341, -20.494137]}, "properties": {"i": 145, "mun": 56103, "ibge": 3203346, "z": 12, "l": 1058, "nm": "EMEF VICTORIO BRAVIM", "nm_mun": "MARECHAL FLORIANO", "aptos": 1120, "imp": 0}}, {"type": "Feature", "geometry": {"type": "Point", "coordinates": [-40.74309, -20.44555]}, "properties": {"i": 146, "mun": 56103, "ibge": 3203346, "z": 12, "l": 1066, "nm": "EMPEF RIO FUNDO", "nm_mun": "MARECHAL FLORIANO", "aptos": 390, "imp": 0}}, {"type": "Feature", "geometry": {"type": "Point", "coordinates": [-40.63034, -20.456213]}, "properties": {"i": 147, "mun": 56103, "ibge": 3203346, "z": 12, "l": 1074, "nm": "EMEF MORRO BAIXO", "nm_mun": "MARECHAL FLORIANO", "aptos": 435, "imp": 0}}, {"type": "Feature", "geometry": {"type": "Point", "coordinates": [-40.745157, -20.382976]}, "properties": {"i": 148, "mun": 56103, "ibge": 3203346, "z": 12, "l": 1082, "nm": "SALÃO DA IGREJA AUXILIADORA", "nm_mun": "MARECHAL FLORIANO", "aptos": 381, "imp": 0}}, {"type": "Feature", "geometry": {"type": "Point", "coordinates": [-40.760431, -20.417453]}, "properties": {"i": 149, "mun": 56103, "ibge": 3203346, "z": 12, "l": 1090, "nm": "EMEFJOSÉ ALOÍSIO SIMOM", "nm_mun": "MARECHAL FLORIANO", "aptos": 686, "imp": 0}}, {"type": "Feature", "geometry": {"type": "Point", "coordinates": [-40.755184, -20.384727]}, "properties": {"i": 150, "mun": 56103, "ibge": 3203346, "z": 12, "l": 1104, "nm": "EMEF FLORES PASSINATO KUSTER", "nm_mun": "MARECHAL FLORIANO", "aptos": 343, "imp": 0}}, {"type": "Feature", "geometry": {"type": "Point", "coordinates": [-40.680245, -20.426847]}, "properties": {"i": 151, "mun": 56103, "ibge": 3203346, "z": 12, "l": 1112, "nm": "CRECHE MUNICIPAL LEONOR MIGUEL FEU ROSA", "nm_mun": "MARECHAL FLORIANO", "aptos": 1058, "imp": 0}}, {"type": "Feature", "geometry": {"type": "Point", "coordinates": [-40.673481, -20.412335]}, "properties": {"i": 152, "mun": 56103, "ibge": 3203346, "z": 12, "l": 1139, "nm": "CENTRO EDUCACIONAL VOVÓ FERNANDINA", "nm_mun": "MARECHAL FLORIANO", "aptos": 1202, "imp": 0}}, {"type": "Feature", "geometry": {"type": "Point", "coordinates": [-40.784411, -20.445454]}, "properties": {"i": 153, "mun": 56103, "ibge": 3203346, "z": 12, "l": 1147, "nm": "GINÁSIO DE ESPORTES MIGUEL KROHLING", "nm_mun": "MARECHAL FLORIANO", "aptos": 44, "imp": 1}}, {"type": "Feature", "geometry": {"type": "Point", "coordinates": [-40.621854, -20.382267]}, "properties": {"i": 154, "mun": 56103, "ibge": 3203346, "z": 12, "l": 1155, "nm": "EMEF MAURO CHRISTO", "nm_mun": "MARECHAL FLORIANO", "aptos": 3371, "imp": 1}}, {"type": "Feature", "geometry": {"type": "Point", "coordinates": [-40.274675, -19.820186]}, "properties": {"i": 155, "mun": 56111, "ibge": 3200607, "z": 20, "l": 1015, "nm": "EEEM MISAEL PINTO NETTO (CENTRO)", "nm_mun": "ARACRUZ", "aptos": 2063, "imp": 0}}, {"type": "Feature", "geometry": {"type": "Point", "coordinates": [-40.263628, -19.973048]}, "properties": {"i": 156, "mun": 56111, "ibge": 3200607, "z": 20, "l": 1023, "nm": "TEMPLO IGREJA BATISTA (CÓRREGO D'ÁGUA)", "nm_mun": "ARACRUZ", "aptos": 305, "imp": 0}}, {"type": "Feature", "geometry": {"type": "Point", "coordinates": [-40.194208, -19.58772]}, "properties": {"i": 157, "mun": 56111, "ibge": 3200607, "z": 20, "l": 1040, "nm": "EEEFM DYLIO PENEDO (JACUPEMBA)", "nm_mun": "ARACRUZ", "aptos": 3087, "imp": 0}}, {"type": "Feature", "geometry": {"type": "Point", "coordinates": [-40.040627, -19.746003]}, "properties": {"i": 158, "mun": 56111, "ibge": 3200607, "z": 20, "l": 1058, "nm": "EEEF ERMENTINA LEAL (VILA DO RIACHO)", "nm_mun": "ARACRUZ", "aptos": 1756, "imp": 0}}, {"type": "Feature", "geometry": {"type": "Point", "coordinates": [-40.060233, -19.825149]}, "properties": {"i": 159, "mun": 56111, "ibge": 3200607, "z": 20, "l": 1066, "nm": "EEEFM CABOCLO BERNARDO (BARRA DO RIACHO)", "nm_mun": "ARACRUZ", "aptos": 3045, "imp": 0}}, {"type": "Feature", "geometry": {"type": "Point", "coordinates": [-40.282719, -19.928546]}, "properties": {"i": 160, "mun": 56111, "ibge": 3200607, "z": 20, "l": 1074, "nm": "CEMEBTI ESTHER NASCIMENTO DOS SANTOS (SANTA ROSA)", "nm_mun": "ARACRUZ", "aptos": 1017, "imp": 0}}, {"type": "Feature", "geometry": {"type": "Point", "coordinates": [-40.153362, -19.954348]}, "properties": {"i": 161, "mun": 56111, "ibge": 3200607, "z": 20, "l": 1082, "nm": "EMEF SANTA CRUZ (SANTA CRUZ)", "nm_mun": "ARACRUZ", "aptos": 1216, "imp": 0}}, {"type": "Feature", "geometry": {"type": "Point", "coordinates": [-40.085405, -19.878034]}, "properties": {"i": 162, "mun": 56111, "ibge": 3200607, "z": 20, "l": 1104, "nm": "EMEF PROFª. BÁRULA NEVES DOS SANTOS (BARRA DO SAHY)", "nm_mun": "ARACRUZ", "aptos": 1838, "imp": 0}}, {"type": "Feature", "geometry": {"type": "Point", "coordinates": [-40.27767, -19.819032]}, "properties": {"i": 163, "mun": 56111, "ibge": 3200607, "z": 20, "l": 1112, "nm": "FUNDAÇÃO SÃO JOÃO BATISTA - FAACZ (GINÁSIO)", "nm_mun": "ARACRUZ", "aptos": 587, "imp": 0}}, {"type": "Feature", "geometry": {"type": "Point", "coordinates": [-40.279974, -19.818296]}, "properties": {"i": 164, "mun": 56111, "ibge": 3200607, "z": 20, "l": 1139, "nm": "EMEF MARECHAL COSTA E SILVA (VILA RICA)", "nm_mun": "ARACRUZ", "aptos": 2429, "imp": 0}}, {"type": "Feature", "geometry": {"type": "Point", "coordinates": [-40.27052, -19.818407]}, "properties": {"i": 165, "mun": 56111, "ibge": 3200607, "z": 20, "l": 1155, "nm": "EMEF PLACIDINO PASSOS (POLIVALENTE)", "nm_mun": "ARACRUZ", "aptos": 4689, "imp": 0}}, {"type": "Feature", "geometry": {"type": "Point", "coordinates": [-40.143312, -19.9333]}, "properties": {"i": 166, "mun": 56111, "ibge": 3200607, "z": 20, "l": 1163, "nm": "CENTRO EDUCACIONAL PRAIA DE COQUEIRAL (ANTIGO DARWIN) (COQUEIRAL)", "nm_mun": "ARACRUZ", "aptos": 2240, "imp": 0}}, {"type": "Feature", "geometry": {"type": "Point", "coordinates": [-40.269872, -19.833159]}, "properties": {"i": 167, "mun": 56111, "ibge": 3200607, "z": 20, "l": 1171, "nm": "EMEF JOSÉ MARCOS RAMPINELLI (BELA VISTA)", "nm_mun": "ARACRUZ", "aptos": 3920, "imp": 0}}, {"type": "Feature", "geometry": {"type": "Point", "coordinates": [-40.265599, -19.834383]}, "properties": {"i": 168, "mun": 56111, "ibge": 3200607, "z": 20, "l": 1180, "nm": "EMEFTI MARIA LUÍZA DEVENS (ANTIGO CAIC)", "nm_mun": "ARACRUZ", "aptos": 2459, "imp": 0}}, {"type": "Feature", "geometry": {"type": "Point", "coordinates": [-40.269388, -19.837259]}, "properties": {"i": 169, "mun": 56111, "ibge": 3200607, "z": 20, "l": 1198, "nm": "EMEF EZEQUIEL FRAGA ROCHA (BELA VISTA)", "nm_mun": "ARACRUZ", "aptos": 3869, "imp": 0}}, {"type": "Feature", "geometry": {"type": "Point", "coordinates": [-40.276204, -19.828124]}, "properties": {"i": 170, "mun": 56111, "ibge": 3200607, "z": 20, "l": 1201, "nm": "CMEI MARÍLIA REZENDE SCARTON COUTINHO (JEQUITIBA)", "nm_mun": "ARACRUZ", "aptos": 1977, "imp": 0}}, {"type": "Feature", "geometry": {"type": "Point", "coordinates": [-40.061337, -19.825428]}, "properties": {"i": 171, "mun": 56111, "ibge": 3200607, "z": 20, "l": 1210, "nm": "CMEI AMÁLIA COUTINHO (BARRA DO RIACHO)", "nm_mun": "ARACRUZ", "aptos": 735, "imp": 0}}, {"type": "Feature", "geometry": {"type": "Point", "coordinates": [-40.270784, -19.812889]}, "properties": {"i": 172, "mun": 56111, "ibge": 3200607, "z": 20, "l": 1228, "nm": "CMEI SETE ANÕES (VILA NOVA)", "nm_mun": "ARACRUZ", "aptos": 1422, "imp": 0}}, {"type": "Feature", "geometry": {"type": "Point", "coordinates": [-40.272769, -19.810348]}, "properties": {"i": 173, "mun": 56111, "ibge": 3200607, "z": 20, "l": 1244, "nm": "EMEF ZILCA NUNES VIEIRA BERMUDES (VILA NOVA)", "nm_mun": "ARACRUZ", "aptos": 3127, "imp": 0}}, {"type": "Feature", "geometry": {"type": "Point", "coordinates": [-40.139275, -19.928467]}, "properties": {"i": 174, "mun": 56111, "ibge": 3200607, "z": 20, "l": 1260, "nm": "EEEFM PRIMO BITTI (COQUEIRAL)", "nm_mun": "ARACRUZ", "aptos": 1869, "imp": 0}}, {"type": "Feature", "geometry": {"type": "Point", "coordinates": [-40.258776, -19.679408]}, "properties": {"i": 175, "mun": 56111, "ibge": 3200607, "z": 20, "l": 1287, "nm": "EMEF MÁRIO LEAL SILVA (GUARANÁ)", "nm_mun": "ARACRUZ", "aptos": 3876, "imp": 0}}, {"type": "Feature", "geometry": {"type": "Point", "coordinates": [-40.195154, -19.586159]}, "properties": {"i": 176, "mun": 56111, "ibge": 3200607, "z": 20, "l": 1295, "nm": "EMEF PROFª. MARIA INÊS DELLA VALENTINA (JACUPEMBA)", "nm_mun": "ARACRUZ", "aptos": 2065, "imp": 0}}, {"type": "Feature", "geometry": {"type": "Point", "coordinates": [-40.27932, -19.830083]}, "properties": {"i": 177, "mun": 56111, "ibge": 3200607, "z": 20, "l": 1309, "nm": "EMEF LUÍZA SILVINA JARDIM REBUZZI (JEQUITIBA)", "nm_mun": "ARACRUZ", "aptos": 2048, "imp": 0}}, {"type": "Feature", "geometry": {"type": "Point", "coordinates": [-40.263628, -19.973048]}, "properties": {"i": 178, "mun": 56111, "ibge": 3200607, "z": 20, "l": 1317, "nm": "UNIDADE DE SAÚDE DE BIRIRICAS - UBS (BIRIRICAS)", "nm_mun": "ARACRUZ", "aptos": 478, "imp": 0}}, {"type": "Feature", "geometry": {"type": "Point", "coordinates": [-40.256392, -19.828841]}, "properties": {"i": 179, "mun": 56111, "ibge": 3200607, "z": 20, "l": 1325, "nm": "EMEFTI HONÓRIO NUNES DE JESUS (MOROBÁ)", "nm_mun": "ARACRUZ", "aptos": 1636, "imp": 0}}, {"type": "Feature", "geometry": {"type": "Point", "coordinates": [-40.233152, -19.903264]}, "properties": {"i": 180, "mun": 56111, "ibge": 3200607, "z": 20, "l": 1333, "nm": "EMEF NOVO IRAJÁ (NOVO IRAJA)", "nm_mun": "ARACRUZ", "aptos": 1279, "imp": 0}}, {"type": "Feature", "geometry": {"type": "Point", "coordinates": [-40.272993, -19.82661]}, "properties": {"i": 181, "mun": 56111, "ibge": 3200607, "z": 20, "l": 1341, "nm": "EMEF SAMOEL COSTA (BOA VISTA)", "nm_mun": "ARACRUZ", "aptos": 1281, "imp": 0}}, {"type": "Feature", "geometry": {"type": "Point", "coordinates": [-40.282946, -19.821874]}, "properties": {"i": 182, "mun": 56111, "ibge": 3200607, "z": 20, "l": 1350, "nm": "CEEMTI MONSENHOR GUILHERME SCHMITZ (DE CARLI)", "nm_mun": "ARACRUZ", "aptos": 1486, "imp": 0}}, {"type": "Feature", "geometry": {"type": "Point", "coordinates": [-40.130712, -19.853151]}, "properties": {"i": 183, "mun": 56111, "ibge": 3200607, "z": 20, "l": 1368, "nm": "ASSOCIAÇÃO DA  ALDEIA INDÍGENA PAU BRASIL (PAU BRASIL)", "nm_mun": "ARACRUZ", "aptos": 462, "imp": 0}}, {"type": "Feature", "geometry": {"type": "Point", "coordinates": [-40.046932, -19.746092]}, "properties": {"i": 184, "mun": 56111, "ibge": 3200607, "z": 20, "l": 1376, "nm": "EMP NOVA ESPERANÇA (ASSENTAMENTO NOVA ESPERANÇA)", "nm_mun": "ARACRUZ", "aptos": 255, "imp": 0}}, {"type": "Feature", "geometry": {"type": "Point", "coordinates": [-40.274696, -19.799838]}, "properties": {"i": 185, "mun": 56111, "ibge": 3200607, "z": 20, "l": 1384, "nm": "CMEI  ABÍLIO CORREIA DE AMORIM (SÃO MARCOS)", "nm_mun": "ARACRUZ", "aptos": 1718, "imp": 0}}, {"type": "Feature", "geometry": {"type": "Point", "coordinates": [-40.046683, -19.746224]}, "properties": {"i": 186, "mun": 56111, "ibge": 3200607, "z": 20, "l": 1392, "nm": "EMEF ÁLVARO SOUZA (VILA DO RIACHO)", "nm_mun": "ARACRUZ", "aptos": 1818, "imp": 0}}, {"type": "Feature", "geometry": {"type": "Point", "coordinates": [-40.066428, -19.828635]}, "properties": {"i": 187, "mun": 56111, "ibge": 3200607, "z": 20, "l": 1414, "nm": "EMEF ZENÍLIA VARZEM RIBEIRO (SÃO PEDRO - BARRA DO RIACHO)", "nm_mun": "ARACRUZ", "aptos": 1049, "imp": 0}}, {"type": "Feature", "geometry": {"type": "Point", "coordinates": [-40.160953, -19.960697]}, "properties": {"i": 188, "mun": 56111, "ibge": 3200607, "z": 20, "l": 1422, "nm": "EMEF NOVA SANTA CRUZ (NOVA SANTA CRUZ)", "nm_mun": "ARACRUZ", "aptos": 569, "imp": 0}}, {"type": "Feature", "geometry": {"type": "Point", "coordinates": [-40.280277, -19.829387]}, "properties": {"i": 189, "mun": 56111, "ibge": 3200607, "z": 20, "l": 1430, "nm": "CMEI CRIANÇA FELIZ (NOVO JEQUITIBA)", "nm_mun": "ARACRUZ", "aptos": 1067, "imp": 0}}, {"type": "Feature", "geometry": {"type": "Point", "coordinates": [-40.173903, -19.922617]}, "properties": {"i": 190, "mun": 56111, "ibge": 3200607, "z": 20, "l": 1449, "nm": "EMEFI CAEIRAS VELHA (ALDEIA INDÍGENA DE CAEIRAS VELHA)", "nm_mun": "ARACRUZ", "aptos": 921, "imp": 0}}, {"type": "Feature", "geometry": {"type": "Point", "coordinates": [-40.147568, -19.973633]}, "properties": {"i": 191, "mun": 56111, "ibge": 3200607, "z": 20, "l": 1457, "nm": "EMEF ITAPARICA (ITAPARICA - SANTA CRUZ)", "nm_mun": "ARACRUZ", "aptos": 610, "imp": 0}}, {"type": "Feature", "geometry": {"type": "Point", "coordinates": [-40.199853, -19.599085]}, "properties": {"i": 192, "mun": 56111, "ibge": 3200607, "z": 20, "l": 1465, "nm": "EMEF JOSÉ MAMBRINI (JOSÉ MAMBRINI - JACUPEMBA)", "nm_mun": "ARACRUZ", "aptos": 460, "imp": 0}}, {"type": "Feature", "geometry": {"type": "Point", "coordinates": [-40.10543, -19.91568]}, "properties": {"i": 193, "mun": 56111, "ibge": 3200607, "z": 20, "l": 1473, "nm": "UNIDADE DE SAÚDE DE MAR AZUL - UBS (MAR AZUL)", "nm_mun": "ARACRUZ", "aptos": 683, "imp": 0}}, {"type": "Feature", "geometry": {"type": "Point", "coordinates": [-40.046683, -19.746224]}, "properties": {"i": 194, "mun": 56111, "ibge": 3200607, "z": 20, "l": 1481, "nm": "PATRIMÔNIO COMUNITÁRIO CACHOEIRO DO RIACHO - UBS (CACHOEIRO DO RIACHO)", "nm_mun": "ARACRUZ", "aptos": 147, "imp": 0}}, {"type": "Feature", "geometry": {"type": "Point", "coordinates": [-40.117217, -19.923878]}, "properties": {"i": 195, "mun": 56111, "ibge": 3200607, "z": 20, "l": 1490, "nm": "EMEF ERMELINDA GIACOMIN FARINA (PRAIA DO SAUÊ)", "nm_mun": "ARACRUZ", "aptos": 672, "imp": 0}}, {"type": "Feature", "geometry": {"type": "Point", "coordinates": [-40.167775, -19.94651]}, "properties": {"i": 196, "mun": 56111, "ibge": 3200607, "z": 20, "l": 1503, "nm": "EMEFI ARANDU RETXAKÃ (ALDEIA INDÍGENA TRÊS PALMEIRAS)", "nm_mun": "ARACRUZ", "aptos": 151, "imp": 0}}, {"type": "Feature", "geometry": {"type": "Point", "coordinates": [-40.007971, -19.743433]}, "properties": {"i": 197, "mun": 56111, "ibge": 3200607, "z": 20, "l": 1511, "nm": "EMPI DORVELINA COUTINHO (ALDEIA INDÍGENA  COMBOIOS)", "nm_mun": "ARACRUZ", "aptos": 287, "imp": 0}}, {"type": "Feature", "geometry": {"type": "Point", "coordinates": [-40.273711, -19.804092]}, "properties": {"i": 198, "mun": 56111, "ibge": 3200607, "z": 20, "l": 1538, "nm": "EMEF PAULO FREIRE (SÃO MARCOS)", "nm_mun": "ARACRUZ", "aptos": 3062, "imp": 0}}, {"type": "Feature", "geometry": {"type": "Point", "coordinates": [-40.282719, -19.928546]}, "properties": {"i": 199, "mun": 56111, "ibge": 3200607, "z": 20, "l": 1546, "nm": "ASSOCIAÇÃO DE MORADORES PRAIA FORMOSA - UBS (ANTIGO RIO PRETO)", "nm_mun": "ARACRUZ", "aptos": 329, "imp": 0}}, {"type": "Feature", "geometry": {"type": "Point", "coordinates": [-40.113533, -19.594591]}, "properties": {"i": 200, "mun": 56111, "ibge": 3200607, "z": 20, "l": 1554, "nm": "PATRIMÔNIO COMUNITÁRIO RIO FRANCÊS (RIO FRANCÊS - JACUPEMBA)", "nm_mun": "ARACRUZ", "aptos": 232, "imp": 0}}, {"type": "Feature", "geometry": {"type": "Point", "coordinates": [-40.340542, -19.744505]}, "properties": {"i": 201, "mun": 56111, "ibge": 3200607, "z": 20, "l": 1562, "nm": "PATRIMÔNIO COMUNITÁRIO DE PELADO (PELADO)", "nm_mun": "ARACRUZ", "aptos": 72, "imp": 0}}, {"type": "Feature", "geometry": {"type": "Point", "coordinates": [-40.340542, -19.744505]}, "properties": {"i": 202, "mun": 56111, "ibge": 3200607, "z": 20, "l": 1570, "nm": "PATRIMÔNIO COMUNITÁRIO DE PELADINHO (PELADINHO)", "nm_mun": "ARACRUZ", "aptos": 76, "imp": 0}}, {"type": "Feature", "geometry": {"type": "Point", "coordinates": [-40.67684, -19.812711]}, "properties": {"i": 203, "mun": 56111, "ibge": 3200607, "z": 20, "l": 1619, "nm": "CMEI VERA LÚCIA DEVENS RABELLO (VILA RICA)", "nm_mun": "ARACRUZ", "aptos": 1132, "imp": 1}}, {"type": "Feature", "geometry": {"type": "Point", "coordinates": [-40.167775, -19.94651]}, "properties": {"i": 204, "mun": 56111, "ibge": 3200607, "z": 20, "l": 1627, "nm": "ASSOCIAÇÃO DA ALDEIA INDÍGENA NOVA ESPERANÇA (ALDEIA NOVA ESPERANÇA)", "nm_mun": "ARACRUZ", "aptos": 56, "imp": 1}}, {"type": "Feature", "geometry": {"type": "Point", "coordinates": [-40.279974, -19.818296]}, "properties": {"i": 205, "mun": 56111, "ibge": 3200607, "z": 20, "l": 1635, "nm": "EMEF EURÍPEDES NUNES LOUREIRO", "nm_mun": "ARACRUZ", "aptos": 1538, "imp": 1}}, {"type": "Feature", "geometry": {"type": "Point", "coordinates": [-40.811067, -21.009561]}, "properties": {"i": 206, "mun": 56120, "ibge": 3203320, "z": 43, "l": 1015, "nm": "EEEF JOSÉ MARCELINO", "nm_mun": "MARATAÍZES", "aptos": 4513, "imp": 0}}, {"type": "Feature", "geometry": {"type": "Point", "coordinates": [-40.811067, -21.009561]}, "properties": {"i": 207, "mun": 56120, "ibge": 3203320, "z": 43, "l": 1023, "nm": "EPSG DOMINGOS JOSÉ MARTINS (POLIVALENTE)", "nm_mun": "MARATAÍZES", "aptos": 4838, "imp": 0}}, {"type": "Feature", "geometry": {"type": "Point", "coordinates": [-40.906363, -21.060965]}, "properties": {"i": 208, "mun": 56120, "ibge": 3203320, "z": 43, "l": 1031, "nm": "ESCOLA PASTOR JOSÉ ABRAÃO", "nm_mun": "MARATAÍZES", "aptos": 960, "imp": 0}}, {"type": "Feature", "geometry": {"type": "Point", "coordinates": [-40.871895, -21.131946]}, "properties": {"i": 209, "mun": 56120, "ibge": 3203320, "z": 43, "l": 1040, "nm": "EMEF SEBASTIÃO DE ALMEIDA FERREIRA", "nm_mun": "MARATAÍZES", "aptos": 966, "imp": 0}}, {"type": "Feature", "geometry": {"type": "Point", "coordinates": [-40.857641, -21.057423]}, "properties": {"i": 210, "mun": 56120, "ibge": 3203320, "z": 43, "l": 1058, "nm": "EPG ANÁLIA QUEIROZ DA SILVA", "nm_mun": "MARATAÍZES", "aptos": 2034, "imp": 0}}, {"type": "Feature", "geometry": {"type": "Point", "coordinates": [-40.931136, -21.131771]}, "properties": {"i": 211, "mun": 56120, "ibge": 3203320, "z": 43, "l": 1066, "nm": "EMPEF IMBURI", "nm_mun": "MARATAÍZES", "aptos": 585, "imp": 0}}, {"type": "Feature", "geometry": {"type": "Point", "coordinates": [-40.809035, -20.999408]}, "properties": {"i": 212, "mun": 56120, "ibge": 3203320, "z": 43, "l": 1074, "nm": "EMEF PONTAL", "nm_mun": "MARATAÍZES", "aptos": 833, "imp": 0}}, {"type": "Feature", "geometry": {"type": "Point", "coordinates": [-40.823391, -21.039869]}, "properties": {"i": 213, "mun": 56120, "ibge": 3203320, "z": 43, "l": 1090, "nm": "EEEF MARIA DA GLÓRIA NUNES NEMER", "nm_mun": "MARATAÍZES", "aptos": 3669, "imp": 0}}, {"type": "Feature", "geometry": {"type": "Point", "coordinates": [-40.843549, -21.088868]}, "properties": {"i": 214, "mun": 56120, "ibge": 3203320, "z": 43, "l": 1104, "nm": "EMEF LAGOA DANTAS", "nm_mun": "MARATAÍZES", "aptos": 1139, "imp": 0}}, {"type": "Feature", "geometry": {"type": "Point", "coordinates": [-40.810952, -21.011311]}, "properties": {"i": 215, "mun": 56120, "ibge": 3203320, "z": 43, "l": 1112, "nm": "EMEI MÔNICA DE AGUIAR", "nm_mun": "MARATAÍZES", "aptos": 1940, "imp": 0}}, {"type": "Feature", "geometry": {"type": "Point", "coordinates": [-40.906573, -21.163785]}, "properties": {"i": 216, "mun": 56120, "ibge": 3203320, "z": 43, "l": 1120, "nm": "EMEIF BOA VISTA DO SUL", "nm_mun": "MARATAÍZES", "aptos": 1189, "imp": 0}}, {"type": "Feature", "geometry": {"type": "Point", "coordinates": [-40.883901, -21.07678]}, "properties": {"i": 217, "mun": 56120, "ibge": 3203320, "z": 43, "l": 1139, "nm": "EPG DE BREJO DOS PATOS", "nm_mun": "MARATAÍZES", "aptos": 798, "imp": 0}}, {"type": "Feature", "geometry": {"type": "Point", "coordinates": [-40.910462, -21.123838]}, "properties": {"i": 218, "mun": 56120, "ibge": 3203320, "z": 43, "l": 1147, "nm": "POSTO DE SAÚDE DE SÃO JOÃO DO JABOTI", "nm_mun": "MARATAÍZES", "aptos": 325, "imp": 0}}, {"type": "Feature", "geometry": {"type": "Point", "coordinates": [-40.834191, -21.043553]}, "properties": {"i": 219, "mun": 56120, "ibge": 3203320, "z": 43, "l": 1155, "nm": "EMEF NAGIB MELEIPE", "nm_mun": "MARATAÍZES", "aptos": 2594, "imp": 0}}, {"type": "Feature", "geometry": {"type": "Point", "coordinates": [-40.900825, -21.126849]}, "properties": {"i": 220, "mun": 56120, "ibge": 3203320, "z": 43, "l": 1163, "nm": "ESCOLA MUNICIPAL PROFESSORA ZENI  MENDES DE SOUZA", "nm_mun": "MARATAÍZES", "aptos": 394, "imp": 0}}, {"type": "Feature", "geometry": {"type": "Point", "coordinates": [-40.83693, -21.067237]}, "properties": {"i": 221, "mun": 56120, "ibge": 3203320, "z": 43, "l": 1171, "nm": "EPE ANTÔNIO SERAFIM", "nm_mun": "MARATAÍZES", "aptos": 1283, "imp": 0}}, {"type": "Feature", "geometry": {"type": "Point", "coordinates": [-40.910462, -21.123838]}, "properties": {"i": 222, "mun": 56120, "ibge": 3203320, "z": 43, "l": 1180, "nm": "IGREJA CATÓLICA SAGRADA FAMILIA (TIMBÓ)", "nm_mun": "MARATAÍZES", "aptos": 140, "imp": 0}}, {"type": "Feature", "geometry": {"type": "Point", "coordinates": [-40.912915, -21.109539]}, "properties": {"i": 223, "mun": 56120, "ibge": 3203320, "z": 43, "l": 1198, "nm": "IGREJA BATISTA DE NOVA JERUSALEM", "nm_mun": "MARATAÍZES", "aptos": 401, "imp": 0}}, {"type": "Feature", "geometry": {"type": "Point", "coordinates": [-40.808475, -21.000184]}, "properties": {"i": 224, "mun": 56120, "ibge": 3203320, "z": 43, "l": 1201, "nm": "CEMEI CRIANÇA FELIZ", "nm_mun": "MARATAÍZES", "aptos": 410, "imp": 0}}, {"type": "Feature", "geometry": {"type": "Point", "coordinates": [-40.837777, -21.045878]}, "properties": {"i": 225, "mun": 56120, "ibge": 3203320, "z": 43, "l": 1210, "nm": "EMEI MAICON COSTA DOS SANTOS", "nm_mun": "MARATAÍZES", "aptos": 1062, "imp": 0}}, {"type": "Feature", "geometry": {"type": "Point", "coordinates": [-40.839919, -21.052259]}, "properties": {"i": 226, "mun": 56120, "ibge": 3203320, "z": 43, "l": 1236, "nm": "EMEIEF BONIFÁCIO JOÃO MARVILA", "nm_mun": "MARATAÍZES", "aptos": 359, "imp": 0}}, {"type": "Feature", "geometry": {"type": "Point", "coordinates": [-40.851956, -21.106083]}, "properties": {"i": 227, "mun": 56120, "ibge": 3203320, "z": 43, "l": 1244, "nm": "CEMEI PROFESSORA JUCELIA DE OLIVEIRA C. BAIENSE", "nm_mun": "MARATAÍZES", "aptos": 329, "imp": 0}}, {"type": "Feature", "geometry": {"type": "Point", "coordinates": [-40.888793, -21.102241]}, "properties": {"i": 228, "mun": 56120, "ibge": 3203320, "z": 43, "l": 1260, "nm": "ESCOLA MUNICIPAL MARINGÁ", "nm_mun": "MARATAÍZES", "aptos": 323, "imp": 0}}, {"type": "Feature", "geometry": {"type": "Point", "coordinates": [-40.816232, -21.031475]}, "properties": {"i": 229, "mun": 56120, "ibge": 3203320, "z": 43, "l": 1287, "nm": "EMEI PROF MARCELO GOMES MOREIRA", "nm_mun": "MARATAÍZES", "aptos": 1525, "imp": 0}}, {"type": "Feature", "geometry": {"type": "Point", "coordinates": [-40.857313, -21.029763]}, "properties": {"i": 230, "mun": 56120, "ibge": 3203320, "z": 43, "l": 1295, "nm": "ESCOLA MUNICIPAL PROF. LAUREA FREIRE BRUMANA (CAIC)", "nm_mun": "MARATAÍZES", "aptos": 729, "imp": 1}}, {"type": "Feature", "geometry": {"type": "Point", "coordinates": [-41.19441, -20.915233]}, "properties": {"i": 231, "mun": 56138, "ibge": 3200706, "z": 2, "l": 1015, "nm": "EMEB HERMÍNIA LEAL JÚDICE", "nm_mun": "ATÍLIO VIVÁCQUA", "aptos": 869, "imp": 0}}, {"type": "Feature", "geometry": {"type": "Point", "coordinates": [-41.183872, -20.920632]}, "properties": {"i": 232, "mun": 56138, "ibge": 3200706, "z": 2, "l": 1023, "nm": "EMEBTI ROQUE TELLES GUIMARÃES", "nm_mun": "ATÍLIO VIVÁCQUA", "aptos": 891, "imp": 0}}, {"type": "Feature", "geometry": {"type": "Point", "coordinates": [-41.196172, -20.912859]}, "properties": {"i": 233, "mun": 56138, "ibge": 3200706, "z": 2, "l": 1031, "nm": "EEEFM FERNANDO DE ABREU", "nm_mun": "ATÍLIO VIVÁCQUA", "aptos": 1781, "imp": 0}}, {"type": "Feature", "geometry": {"type": "Point", "coordinates": [-41.197367, -20.913547]}, "properties": {"i": 234, "mun": 56138, "ibge": 3200706, "z": 2, "l": 1040, "nm": "EMEB LUIZ ALBERTO FARIA MORENO", "nm_mun": "ATÍLIO VIVÁCQUA", "aptos": 1537, "imp": 0}}, {"type": "Feature", "geometry": {"type": "Point", "coordinates": [-41.197647, -20.914272]}, "properties": {"i": 235, "mun": 56138, "ibge": 3200706, "z": 2, "l": 1058, "nm": "SEMMA - SECRETARIA MUNICIPAL DE MEIO AMBIENTE", "nm_mun": "ATÍLIO VIVÁCQUA", "aptos": 511, "imp": 0}}, {"type": "Feature", "geometry": {"type": "Point", "coordinates": [-41.194593, -20.915258]}, "properties": {"i": 236, "mun": 56138, "ibge": 3200706, "z": 2, "l": 1074, "nm": "EMEB ISABEL COSTA BAPTISTA", "nm_mun": "ATÍLIO VIVÁCQUA", "aptos": 1359, "imp": 0}}, {"type": "Feature", "geometry": {"type": "Point", "coordinates": [-41.195945, -20.91589]}, "properties": {"i": 237, "mun": 56138, "ibge": 3200706, "z": 2, "l": 1090, "nm": "SEMADER - SECRETARIA MUNICIPAL DE AGRICULTURA E DESENVOLVIMENTO RURAL", "nm_mun": "ATÍLIO VIVÁCQUA", "aptos": 1079, "imp": 0}}, {"type": "Feature", "geometry": {"type": "Point", "coordinates": [-41.180495, -21.035573]}, "properties": {"i": 238, "mun": 56138, "ibge": 3200706, "z": 2, "l": 1104, "nm": "EMEB FLECHEIRAS", "nm_mun": "ATÍLIO VIVÁCQUA", "aptos": 568, "imp": 0}}, {"type": "Feature", "geometry": {"type": "Point", "coordinates": [-41.17582, -20.97473]}, "properties": {"i": 239, "mun": 56138, "ibge": 3200706, "z": 2, "l": 1112, "nm": "EMEB BENEDITO SAMPAIO", "nm_mun": "ATÍLIO VIVÁCQUA", "aptos": 319, "imp": 0}}, {"type": "Feature", "geometry": {"type": "Point", "coordinates": [-41.125837, -20.953533]}, "properties": {"i": 240, "mun": 56138, "ibge": 3200706, "z": 2, "l": 1120, "nm": "EMEB TEOTÔNIO RAFAEL", "nm_mun": "ATÍLIO VIVÁCQUA", "aptos": 347, "imp": 0}}, {"type": "Feature", "geometry": {"type": "Point", "coordinates": [-41.28786, -20.144453]}, "properties": {"i": 241, "mun": 56146, "ibge": 3201159, "z": 10, "l": 1015, "nm": "EEEFM ÁLVARO CASTELO", "nm_mun": "BREJETUBA", "aptos": 3743, "imp": 0}}, {"type": "Feature", "geometry": {"type": "Point", "coordinates": [-41.266981, -20.182189]}, "properties": {"i": 242, "mun": 56146, "ibge": 3201159, "z": 10, "l": 1023, "nm": "EMEI PIERINA COCO BELIZARIO", "nm_mun": "BREJETUBA", "aptos": 1263, "imp": 0}}, {"type": "Feature", "geometry": {"type": "Point", "coordinates": [-41.339661, -20.110522]}, "properties": {"i": 243, "mun": 56146, "ibge": 3201159, "z": 10, "l": 1031, "nm": "EEEFM LEOGILDO SEVERIANO DE SOUSA", "nm_mun": "BREJETUBA", "aptos": 1255, "imp": 0}}, {"type": "Feature", "geometry": {"type": "Point", "coordinates": [-41.280212, -19.975493]}, "properties": {"i": 244, "mun": 56146, "ibge": 3201159, "z": 10, "l": 1040, "nm": "EEEFM SÃO JORGE", "nm_mun": "BREJETUBA", "aptos": 1603, "imp": 0}}, {"type": "Feature", "geometry": {"type": "Point", "coordinates": [-41.237865, -20.253019]}, "properties": {"i": 245, "mun": 56146, "ibge": 3201159, "z": 10, "l": 1058, "nm": "EEEFM FAZENDA CAMPORÊS", "nm_mun": "BREJETUBA", "aptos": 480, "imp": 0}}, {"type": "Feature", "geometry": {"type": "Point", "coordinates": [-41.291458, -20.148456]}, "properties": {"i": 246, "mun": 56146, "ibge": 3201159, "z": 10, "l": 1082, "nm": "CMEI IVONE MARIA DO CARMO BRUM", "nm_mun": "BREJETUBA", "aptos": 2049, "imp": 0}}, {"type": "Feature", "geometry": {"type": "Point", "coordinates": [-41.45132, -20.61205]}, "properties": {"i": 247, "mun": 56146, "ibge": 3201159, "z": 10, "l": 1090, "nm": "EMEF OSWALDO RIBEIRO DA SILVA", "nm_mun": "BREJETUBA", "aptos": 601, "imp": 1}}, {"type": "Feature", "geometry": {"type": "Point", "coordinates": [-41.018926, -19.510143]}, "properties": {"i": 248, "mun": 56154, "ibge": 3200805, "z": 7, "l": 1015, "nm": "EPSG JOSÉ DAMASCENO FILHO", "nm_mun": "BAIXO GUANDU", "aptos": 3288, "imp": 0}}, {"type": "Feature", "geometry": {"type": "Point", "coordinates": [-41.013526, -19.776835]}, "properties": {"i": 249, "mun": 56154, "ibge": 3200805, "z": 7, "l": 1040, "nm": "EEUEF DE SANTA ROSA", "nm_mun": "BAIXO GUANDU", "aptos": 305, "imp": 0}}, {"type": "Feature", "geometry": {"type": "Point", "coordinates": [-41.011449, -19.518812]}, "properties": {"i": 250, "mun": 56154, "ibge": 3200805, "z": 7, "l": 1066, "nm": "EMEIEF BENEVENUTO CLEMENTINO GOBBO", "nm_mun": "BAIXO GUANDU", "aptos": 2288, "imp": 0}}, {"type": "Feature", "geometry": {"type": "Point", "coordinates": [-41.017815, -19.690516]}, "properties": {"i": 251, "mun": 56154, "ibge": 3200805, "z": 7, "l": 1090, "nm": "EMEF OLGA MARTINELLI", "nm_mun": "BAIXO GUANDU", "aptos": 781, "imp": 0}}, {"type": "Feature", "geometry": {"type": "Point", "coordinates": [-41.125912, -19.687256]}, "properties": {"i": 252, "mun": 56154, "ibge": 3200805, "z": 7, "l": 1112, "nm": "EMEIEF CARLOS LUIZ FREDERICO", "nm_mun": "BAIXO GUANDU", "aptos": 732, "imp": 0}}, {"type": "Feature", "geometry": {"type": "Point", "coordinates": [-40.915141, -19.504754]}, "properties": {"i": 253, "mun": 56154, "ibge": 3200805, "z": 7, "l": 1120, "nm": "EMEIEF ALADIA TRINDADE DE PAIVA", "nm_mun": "BAIXO GUANDU", "aptos": 972, "imp": 0}}, {"type": "Feature", "geometry": {"type": "Point", "coordinates": [-40.904183, -19.396785]}, "properties": {"i": 254, "mun": 56154, "ibge": 3200805, "z": 7, "l": 1147, "nm": "EMEIEF PROF. ELZA EVALD DE OLIVEIRA", "nm_mun": "BAIXO GUANDU", "aptos": 1032, "imp": 0}}, {"type": "Feature", "geometry": {"type": "Point", "coordinates": [-40.908275, -19.276499]}, "properties": {"i": 255, "mun": 56154, "ibge": 3200805, "z": 7, "l": 1171, "nm": "EMEF FRANCISCO DA CUNHA RAMALDES", "nm_mun": "BAIXO GUANDU", "aptos": 895, "imp": 0}}, {"type": "Feature", "geometry": {"type": "Point", "coordinates": [-41.01348, -19.513304]}, "properties": {"i": 256, "mun": 56154, "ibge": 3200805, "z": 7, "l": 1260, "nm": "SESC BAIXO GUANDU", "nm_mun": "BAIXO GUANDU", "aptos": 2015, "imp": 0}}, {"type": "Feature", "geometry": {"type": "Point", "coordinates": [-41.016928, -19.517416]}, "properties": {"i": 257, "mun": 56154, "ibge": 3200805, "z": 7, "l": 1392, "nm": "EPEFM BRASIL", "nm_mun": "BAIXO GUANDU", "aptos": 2367, "imp": 0}}, {"type": "Feature", "geometry": {"type": "Point", "coordinates": [-41.02422, -19.507516]}, "properties": {"i": 258, "mun": 56154, "ibge": 3200805, "z": 7, "l": 1473, "nm": "EEEFM DR. JONES DOS SANTOS NEVES", "nm_mun": "BAIXO GUANDU", "aptos": 2462, "imp": 0}}, {"type": "Feature", "geometry": {"type": "Point", "coordinates": [-41.01546, -19.518461]}, "properties": {"i": 259, "mun": 56154, "ibge": 3200805, "z": 7, "l": 1481, "nm": "EEEF BRASIL", "nm_mun": "BAIXO GUANDU", "aptos": 1573, "imp": 0}}, {"type": "Feature", "geometry": {"type": "Point", "coordinates": [-40.884806, -19.291297]}, "properties": {"i": 260, "mun": 56154, "ibge": 3200805, "z": 7, "l": 1490, "nm": "POSTO DE SAÚDE DOIS IRMÃOS", "nm_mun": "BAIXO GUANDU", "aptos": 147, "imp": 0}}, {"type": "Feature", "geometry": {"type": "Point", "coordinates": [-41.000861, -19.522836]}, "properties": {"i": 261, "mun": 56154, "ibge": 3200805, "z": 7, "l": 1511, "nm": "EMEIEF JOÃO JÚLIO CARDOSO", "nm_mun": "BAIXO GUANDU", "aptos": 1225, "imp": 0}}, {"type": "Feature", "geometry": {"type": "Point", "coordinates": [-41.027592, -19.508143]}, "properties": {"i": 262, "mun": 56154, "ibge": 3200805, "z": 7, "l": 1538, "nm": "EMEIEF JOÃO XXIII", "nm_mun": "BAIXO GUANDU", "aptos": 1389, "imp": 0}}, {"type": "Feature", "geometry": {"type": "Point", "coordinates": [-41.013479, -19.508624]}, "properties": {"i": 263, "mun": 56154, "ibge": 3200805, "z": 7, "l": 1546, "nm": "EMEIEF PROFESSORA LÉA HOLZ", "nm_mun": "BAIXO GUANDU", "aptos": 941, "imp": 0}}, {"type": "Feature", "geometry": {"type": "Point", "coordinates": [-41.031973, -19.504211]}, "properties": {"i": 264, "mun": 56154, "ibge": 3200805, "z": 7, "l": 1554, "nm": "EMEIEF DARLENE MAGGIONI FRANQUINI", "nm_mun": "BAIXO GUANDU", "aptos": 664, "imp": 0}}, {"type": "Feature", "geometry": {"type": "Point", "coordinates": [-41.005032, -19.515184]}, "properties": {"i": 265, "mun": 56154, "ibge": 3200805, "z": 7, "l": 1562, "nm": "ESCOLA VIVA - CEEMTI CENTRO EDUCACIONAL DE ENSINO MEDIO EM TEMPO INTEG", "nm_mun": "BAIXO GUANDU", "aptos": 1870, "imp": 0}}, {"type": "Feature", "geometry": {"type": "Point", "coordinates": [-40.696538, -19.67865]}, "properties": {"i": 266, "mun": 56162, "ibge": 3204955, "z": 16, "l": 1015, "nm": "EMEIEF SANTA JULIA", "nm_mun": "SÃO ROQUE DO CANAÃ", "aptos": 1114, "imp": 0}}, {"type": "Feature", "geometry": {"type": "Point", "coordinates": [-40.657052, -19.750968]}, "properties": {"i": 267, "mun": 56162, "ibge": 3204955, "z": 16, "l": 1023, "nm": "ESCOLA MUNICIPAL VALE DO CANAÂ", "nm_mun": "SÃO ROQUE DO CANAÃ", "aptos": 4323, "imp": 0}}, {"type": "Feature", "geometry": {"type": "Point", "coordinates": [-40.661759, -19.73853]}, "properties": {"i": 268, "mun": 56162, "ibge": 3204955, "z": 16, "l": 1031, "nm": "EMEI SÃO ROQUE", "nm_mun": "SÃO ROQUE DO CANAÃ", "aptos": 1671, "imp": 0}}, {"type": "Feature", "geometry": {"type": "Point", "coordinates": [-40.610392, -19.720738]}, "properties": {"i": 269, "mun": 56162, "ibge": 3204955, "z": 16, "l": 1040, "nm": "EMEIEF DARLY NERTY VERVLOET", "nm_mun": "SÃO ROQUE DO CANAÃ", "aptos": 938, "imp": 0}}, {"type": "Feature", "geometry": {"type": "Point", "coordinates": [-40.725481, -19.751847]}, "properties": {"i": 270, "mun": 56162, "ibge": 3204955, "z": 16, "l": 1058, "nm": "EMEIEF LUIZ MÔNICO", "nm_mun": "SÃO ROQUE DO CANAÃ", "aptos": 752, "imp": 0}}, {"type": "Feature", "geometry": {"type": "Point", "coordinates": [-40.696239, -19.678752]}, "properties": {"i": 271, "mun": 56162, "ibge": 3204955, "z": 16, "l": 1066, "nm": "EMEI SANTA JÚLIA", "nm_mun": "SÃO ROQUE DO CANAÃ", "aptos": 562, "imp": 0}}, {"type": "Feature", "geometry": {"type": "Point", "coordinates": [-40.649577, -19.763674]}, "properties": {"i": 272, "mun": 56162, "ibge": 3204955, "z": 16, "l": 1074, "nm": "EMEIEF JOSEPHIR BOSCHETTI - SÃO DALMÁCIO", "nm_mun": "SÃO ROQUE DO CANAÃ", "aptos": 535, "imp": 0}}, {"type": "Feature", "geometry": {"type": "Point", "coordinates": [-40.898109, -18.755955]}, "properties": {"i": 273, "mun": 56170, "ibge": 3200904, "z": 23, "l": 1074, "nm": "EEMF JOÃO XXIII", "nm_mun": "BARRA DE SÃO FRANCISCO", "aptos": 3827, "imp": 0}}, {"type": "Feature", "geometry": {"type": "Point", "coordinates": [-40.890537, -18.754099]}, "properties": {"i": 274, "mun": 56170, "ibge": 3200904, "z": 23, "l": 1082, "nm": "EEEF JOÃO BASTOS", "nm_mun": "BARRA DE SÃO FRANCISCO", "aptos": 3221, "imp": 0}}, {"type": "Feature", "geometry": {"type": "Point", "coordinates": [-40.882276, -18.7546]}, "properties": {"i": 275, "mun": 56170, "ibge": 3200904, "z": 23, "l": 1090, "nm": "CESFA - PITÁGORAS", "nm_mun": "BARRA DE SÃO FRANCISCO", "aptos": 2907, "imp": 0}}, {"type": "Feature", "geometry": {"type": "Point", "coordinates": [-40.88954, -18.761242]}, "properties": {"i": 276, "mun": 56170, "ibge": 3200904, "z": 23, "l": 1147, "nm": "EMEFTI OZÉIAS REZENDE", "nm_mun": "BARRA DE SÃO FRANCISCO", "aptos": 2322, "imp": 0}}, {"type": "Feature", "geometry": {"type": "Point", "coordinates": [-40.930731, -18.87395]}, "properties": {"i": 277, "mun": 56170, "ibge": 3200904, "z": 23, "l": 1236, "nm": "EEEF DE CACHOEIRINHA DE ITAÚNAS", "nm_mun": "BARRA DE SÃO FRANCISCO", "aptos": 1172, "imp": 0}}, {"type": "Feature", "geometry": {"type": "Point", "coordinates": [-40.886843, -18.585466]}, "properties": {"i": 278, "mun": 56170, "ibge": 3200904, "z": 23, "l": 1279, "nm": "EEEF ALADIM SILVESTRE DE ALMEIDA", "nm_mun": "BARRA DE SÃO FRANCISCO", "aptos": 2077, "imp": 0}}, {"type": "Feature", "geometry": {"type": "Point", "coordinates": [-40.781339, -18.837506]}, "properties": {"i": 279, "mun": 56170, "ibge": 3200904, "z": 23, "l": 1295, "nm": "EEEF DE MONTE SENIR", "nm_mun": "BARRA DE SÃO FRANCISCO", "aptos": 1168, "imp": 0}}, {"type": "Feature", "geometry": {"type": "Point", "coordinates": [-40.739727, -18.709111]}, "properties": {"i": 280, "mun": 56170, "ibge": 3200904, "z": 23, "l": 1325, "nm": "EMEF VEREADOR ANTÔNIO QUIRINO RAMOS", "nm_mun": "BARRA DE SÃO FRANCISCO", "aptos": 552, "imp": 0}}, {"type": "Feature", "geometry": {"type": "Point", "coordinates": [-40.79513, -18.667695]}, "properties": {"i": 281, "mun": 56170, "ibge": 3200904, "z": 23, "l": 1406, "nm": "EM ELIZABETH TROZESKI DA SILVA", "nm_mun": "BARRA DE SÃO FRANCISCO", "aptos": 1217, "imp": 0}}, {"type": "Feature", "geometry": {"type": "Point", "coordinates": [-40.852428, -18.807266]}, "properties": {"i": 282, "mun": 56170, "ibge": 3200904, "z": 23, "l": 1414, "nm": "EEEF DE VARGEM ALEGRE", "nm_mun": "BARRA DE SÃO FRANCISCO", "aptos": 1234, "imp": 0}}, {"type": "Feature", "geometry": {"type": "Point", "coordinates": [-40.805757, -18.756562]}, "properties": {"i": 283, "mun": 56170, "ibge": 3200904, "z": 23, "l": 1473, "nm": "EEEF SANTO ANTÔNIO", "nm_mun": "BARRA DE SÃO FRANCISCO", "aptos": 1129, "imp": 0}}, {"type": "Feature", "geometry": {"type": "Point", "coordinates": [-40.739727, -18.709111]}, "properties": {"i": 284, "mun": 56170, "ibge": 3200904, "z": 23, "l": 1490, "nm": "EEEF DE VILA ITAPERUNA", "nm_mun": "BARRA DE SÃO FRANCISCO", "aptos": 953, "imp": 0}}, {"type": "Feature", "geometry": {"type": "Point", "coordinates": [-40.897321, -18.754708]}, "properties": {"i": 285, "mun": 56170, "ibge": 3200904, "z": 23, "l": 1503, "nm": "EMEF VICENTE AMARO DA SILVA", "nm_mun": "BARRA DE SÃO FRANCISCO", "aptos": 3304, "imp": 0}}, {"type": "Feature", "geometry": {"type": "Point", "coordinates": [-40.905075, -18.767369]}, "properties": {"i": 286, "mun": 56170, "ibge": 3200904, "z": 23, "l": 1511, "nm": "CREAS NAIR ALVES DE MOURA", "nm_mun": "BARRA DE SÃO FRANCISCO", "aptos": 325, "imp": 0}}, {"type": "Feature", "geometry": {"type": "Point", "coordinates": [-40.773976, -18.510263]}, "properties": {"i": 287, "mun": 56170, "ibge": 3200904, "z": 23, "l": 1538, "nm": "EEEF ANTÔNIO CIRILO", "nm_mun": "BARRA DE SÃO FRANCISCO", "aptos": 292, "imp": 0}}, {"type": "Feature", "geometry": {"type": "Point", "coordinates": [-40.893669, -18.749677]}, "properties": {"i": 288, "mun": 56170, "ibge": 3200904, "z": 23, "l": 1546, "nm": "EEEFM GOVERNADOR LINDENBERG", "nm_mun": "BARRA DE SÃO FRANCISCO", "aptos": 2046, "imp": 0}}, {"type": "Feature", "geometry": {"type": "Point", "coordinates": [-40.702371, -18.525836]}, "properties": {"i": 289, "mun": 56170, "ibge": 3200904, "z": 23, "l": 1554, "nm": "EM EVANDRA CHAVES DE OLIVEIRA", "nm_mun": "BARRA DE SÃO FRANCISCO", "aptos": 262, "imp": 0}}, {"type": "Feature", "geometry": {"type": "Point", "coordinates": [-40.88166, -18.753571]}, "properties": {"i": 290, "mun": 56170, "ibge": 3200904, "z": 23, "l": 1589, "nm": "EM SEBASTIAO ALBANO", "nm_mun": "BARRA DE SÃO FRANCISCO", "aptos": 2354, "imp": 0}}, {"type": "Feature", "geometry": {"type": "Point", "coordinates": [-40.795539, -18.663943]}, "properties": {"i": 291, "mun": 56170, "ibge": 3200904, "z": 23, "l": 1597, "nm": "EE ASCENDINA FEITOSA", "nm_mun": "BARRA DE SÃO FRANCISCO", "aptos": 1404, "imp": 0}}, {"type": "Feature", "geometry": {"type": "Point", "coordinates": [-40.894345, -18.730121]}, "properties": {"i": 292, "mun": 56170, "ibge": 3200904, "z": 23, "l": 1600, "nm": "EM LUCIENE M FERREIRA", "nm_mun": "BARRA DE SÃO FRANCISCO", "aptos": 1084, "imp": 0}}, {"type": "Feature", "geometry": {"type": "Point", "coordinates": [-40.892786, -18.762646]}, "properties": {"i": 293, "mun": 56170, "ibge": 3200904, "z": 23, "l": 1619, "nm": "CMEI BRASILINO M DE MORAES", "nm_mun": "BARRA DE SÃO FRANCISCO", "aptos": 738, "imp": 0}}, {"type": "Feature", "geometry": {"type": "Point", "coordinates": [-40.832139, -18.373546]}, "properties": {"i": 294, "mun": 56170, "ibge": 3200904, "z": 23, "l": 1627, "nm": "CMEI KATHERINE ZANET", "nm_mun": "BARRA DE SÃO FRANCISCO", "aptos": 1020, "imp": 1}}, {"type": "Feature", "geometry": {"type": "Point", "coordinates": [-40.095009, -19.200846]}, "properties": {"i": 295, "mun": 56189, "ibge": 3205010, "z": 41, "l": 1015, "nm": "EMEF ALEGRE", "nm_mun": "SOORETAMA", "aptos": 1384, "imp": 0}}, {"type": "Feature", "geometry": {"type": "Point", "coordinates": [-40.094837, -19.194245]}, "properties": {"i": 296, "mun": 56189, "ibge": 3205010, "z": 41, "l": 1023, "nm": "EMEF PROFESSOR ALBERTO STANGE JUNIOR", "nm_mun": "SOORETAMA", "aptos": 2417, "imp": 0}}, {"type": "Feature", "geometry": {"type": "Point", "coordinates": [-40.096599, -19.191539]}, "properties": {"i": 297, "mun": 56189, "ibge": 3205010, "z": 41, "l": 1031, "nm": "EEEFM ARMANDO BARBOSA QUITIBA", "nm_mun": "SOORETAMA", "aptos": 3851, "imp": 0}}, {"type": "Feature", "geometry": {"type": "Point", "coordinates": [-40.084841, -19.07292]}, "properties": {"i": 298, "mun": 56189, "ibge": 3205010, "z": 41, "l": 1040, "nm": "CEIM FAZENDA DOMINGOS CORREIA (JOERANA B)", "nm_mun": "SOORETAMA", "aptos": 366, "imp": 0}}, {"type": "Feature", "geometry": {"type": "Point", "coordinates": [-40.111135, -19.188924]}, "properties": {"i": 299, "mun": 56189, "ibge": 3205010, "z": 41, "l": 1058, "nm": "EMEF CÍVICO-MILITAR JOÃO NEVES PEREIRA", "nm_mun": "SOORETAMA", "aptos": 5193, "imp": 0}}, {"type": "Feature", "geometry": {"type": "Point", "coordinates": [-40.096356, -19.189932]}, "properties": {"i": 300, "mun": 56189, "ibge": 3205010, "z": 41, "l": 1066, "nm": "PEM LÉIA DOS SANTOS", "nm_mun": "SOORETAMA", "aptos": 2738, "imp": 0}}, {"type": "Feature", "geometry": {"type": "Point", "coordinates": [-40.190958, -19.116706]}, "properties": {"i": 301, "mun": 56189, "ibge": 3205010, "z": 41, "l": 1074, "nm": "EMEF MARIA DIVINA CAMPANHARO DA SILVA (CHUMBADO)", "nm_mun": "SOORETAMA", "aptos": 1127, "imp": 0}}, {"type": "Feature", "geometry": {"type": "Point", "coordinates": [-40.02996, -19.050837]}, "properties": {"i": 302, "mun": 56189, "ibge": 3205010, "z": 41, "l": 1082, "nm": "EMEFTIC DEOLINDO BOZI (JOERANA A)", "nm_mun": "SOORETAMA", "aptos": 344, "imp": 0}}, {"type": "Feature", "geometry": {"type": "Point", "coordinates": [-40.143748, -19.157337]}, "properties": {"i": 303, "mun": 56189, "ibge": 3205010, "z": 41, "l": 1090, "nm": "EMEF VEREADOR JAIR FABRES PINTO (CÓRREGO PATIOBA)", "nm_mun": "SOORETAMA", "aptos": 317, "imp": 0}}, {"type": "Feature", "geometry": {"type": "Point", "coordinates": [-40.190958, -19.116706]}, "properties": {"i": 304, "mun": 56189, "ibge": 3205010, "z": 41, "l": 1104, "nm": "CEMEIF AGENOR BAZONI (CÓRREGO RODRIGUES)", "nm_mun": "SOORETAMA", "aptos": 472, "imp": 0}}, {"type": "Feature", "geometry": {"type": "Point", "coordinates": [-40.138904, -19.088655]}, "properties": {"i": 305, "mun": 56189, "ibge": 3205010, "z": 41, "l": 1120, "nm": "EEEFM CÂNDIDO PORTINARI (JUNCADO)", "nm_mun": "SOORETAMA", "aptos": 1348, "imp": 0}}, {"type": "Feature", "geometry": {"type": "Point", "coordinates": [-40.190988, -19.166092]}, "properties": {"i": 306, "mun": 56189, "ibge": 3205010, "z": 41, "l": 1139, "nm": "EMEF LUCILENE LIRA GAMA", "nm_mun": "SOORETAMA", "aptos": 583, "imp": 0}}, {"type": "Feature", "geometry": {"type": "Point", "coordinates": [-40.190958, -19.116706]}, "properties": {"i": 307, "mun": 56189, "ibge": 3205010, "z": 41, "l": 1155, "nm": "PEM PAULO CESAR FORNAZIER (SANTA LUZIA DO CHUMBADO)", "nm_mun": "SOORETAMA", "aptos": 323, "imp": 0}}, {"type": "Feature", "geometry": {"type": "Point", "coordinates": [-40.184262, -19.35855]}, "properties": {"i": 308, "mun": 56189, "ibge": 3205010, "z": 41, "l": 1163, "nm": "BARRO ROXO - COM. N. SRA. DA PENHA", "nm_mun": "SOORETAMA", "aptos": 77, "imp": 1}}, {"type": "Feature", "geometry": {"type": "Point", "coordinates": [-40.366587, -20.379596]}, "properties": {"i": 309, "mun": 56189, "ibge": 3205010, "z": 41, "l": 1171, "nm": "EMEF PEDRO BALBINO DE MENEZES", "nm_mun": "SOORETAMA", "aptos": 461, "imp": 1}}, {"type": "Feature", "geometry": {"type": "Point", "coordinates": [-40.298004, -18.539798]}, "properties": {"i": 310, "mun": 56197, "ibge": 3201001, "z": 39, "l": 1015, "nm": "EMEF PROFª UBALDINA SANTO AMARO DO AMARAL", "nm_mun": "BOA ESPERANÇA", "aptos": 2121, "imp": 0}}, {"type": "Feature", "geometry": {"type": "Point", "coordinates": [-40.299456, -18.541164]}, "properties": {"i": 311, "mun": 56197, "ibge": 3201001, "z": 39, "l": 1023, "nm": "EEEFM ANTÔNIO DOS SANTOS NEVES", "nm_mun": "BOA ESPERANÇA", "aptos": 3082, "imp": 0}}, {"type": "Feature", "geometry": {"type": "Point", "coordinates": [-40.386848, -18.428872]}, "properties": {"i": 312, "mun": 56197, "ibge": 3201001, "z": 39, "l": 1031, "nm": "EEEFM DE SOBRADINHO", "nm_mun": "BOA ESPERANÇA", "aptos": 1619, "imp": 0}}, {"type": "Feature", "geometry": {"type": "Point", "coordinates": [-40.398519, -18.487046]}, "properties": {"i": 313, "mun": 56197, "ibge": 3201001, "z": 39, "l": 1040, "nm": "EMEIEF KM-20", "nm_mun": "BOA ESPERANÇA", "aptos": 739, "imp": 0}}, {"type": "Feature", "geometry": {"type": "Point", "coordinates": [-40.352508, -18.517016]}, "properties": {"i": 314, "mun": 56197, "ibge": 3201001, "z": 39, "l": 1058, "nm": "EMEF DE SANTO ANTÔNIO", "nm_mun": "BOA ESPERANÇA", "aptos": 829, "imp": 0}}, {"type": "Feature", "geometry": {"type": "Point", "coordinates": [-40.223131, -18.554346]}, "properties": {"i": 315, "mun": 56197, "ibge": 3201001, "z": 39, "l": 1066, "nm": "EMEIEF ANADYR DE ALMEIDA MARCHIORI", "nm_mun": "BOA ESPERANÇA", "aptos": 825, "imp": 0}}, {"type": "Feature", "geometry": {"type": "Point", "coordinates": [-40.288554, -18.539308]}, "properties": {"i": 316, "mun": 56197, "ibge": 3201001, "z": 39, "l": 1074, "nm": "EMEF PROFª IZAURA ALMEIDA SILVA", "nm_mun": "BOA ESPERANÇA", "aptos": 2067, "imp": 0}}, {"type": "Feature", "geometry": {"type": "Point", "coordinates": [-40.53864, -18.128543]}, "properties": {"i": 317, "mun": 56200, "ibge": 3204252, "z": 38, "l": 1031, "nm": "EEEFM PROFA MARIA MAGDALENA DA SILVA", "nm_mun": "PONTO BELO", "aptos": 1768, "imp": 0}}, {"type": "Feature", "geometry": {"type": "Point", "coordinates": [-40.512104, -18.255722]}, "properties": {"i": 318, "mun": 56200, "ibge": 3204252, "z": 38, "l": 1040, "nm": "EPG DE ITAMIRA", "nm_mun": "PONTO BELO", "aptos": 1398, "imp": 0}}, {"type": "Feature", "geometry": {"type": "Point", "coordinates": [-40.539675, -18.123432]}, "properties": {"i": 319, "mun": 56200, "ibge": 3204252, "z": 38, "l": 1074, "nm": "EEEF PROFA VALDA COSTA SEVERO", "nm_mun": "PONTO BELO", "aptos": 2408, "imp": 0}}, {"type": "Feature", "geometry": {"type": "Point", "coordinates": [-40.538955, -18.126472]}, "properties": {"i": 320, "mun": 56200, "ibge": 3204252, "z": 38, "l": 1082, "nm": "PRÉ-ESCOLA MUNICIPAL PEQUENO PRÍNCIPE", "nm_mun": "PONTO BELO", "aptos": 850, "imp": 0}}, {"type": "Feature", "geometry": {"type": "Point", "coordinates": [-41.641793, -20.344721]}, "properties": {"i": 321, "mun": 56200, "ibge": 3204252, "z": 38, "l": 1104, "nm": "PROFA. JUSSARA BATISTA TAVARES", "nm_mun": "PONTO BELO", "aptos": 76, "imp": 1}}, {"type": "Feature", "geometry": {"type": "Point", "coordinates": [-41.676566, -21.131]}, "properties": {"i": 322, "mun": 56219, "ibge": 3201100, "z": 44, "l": 1015, "nm": "E. M. CEL ANTÔNIO HONÓRIO (NOVO HORÁCIO PLÍNIO)", "nm_mun": "BOM JESUS DO NORTE", "aptos": 1865, "imp": 0}}, {"type": "Feature", "geometry": {"type": "Point", "coordinates": [-41.67805, -21.132906]}, "properties": {"i": 323, "mun": 56219, "ibge": 3201100, "z": 44, "l": 1023, "nm": "EEEFM HORÁCIO PLÍNIO (NOVA ESCOLA MINERVINA)", "nm_mun": "BOM JESUS DO NORTE", "aptos": 2564, "imp": 0}}, {"type": "Feature", "geometry": {"type": "Point", "coordinates": [-41.670373, -21.126113]}, "properties": {"i": 324, "mun": 56219, "ibge": 3201100, "z": 44, "l": 1031, "nm": "EM MINERVINA DA SILVA ARAUJO (NOVA ESCOLA SÃO SEBASTIÃO)", "nm_mun": "BOM JESUS DO NORTE", "aptos": 1512, "imp": 0}}, {"type": "Feature", "geometry": {"type": "Point", "coordinates": [-41.672413, -21.125121]}, "properties": {"i": 325, "mun": 56219, "ibge": 3201100, "z": 44, "l": 1040, "nm": "ESCOLA SÃO SEBASTIÃO", "nm_mun": "BOM JESUS DO NORTE", "aptos": 915, "imp": 0}}, {"type": "Feature", "geometry": {"type": "Point", "coordinates": [-41.67441, -21.12984]}, "properties": {"i": 326, "mun": 56219, "ibge": 3201100, "z": 44, "l": 1082, "nm": "JARDIM DE INFÂNCIA GIL VELOSO", "nm_mun": "BOM JESUS DO NORTE", "aptos": 728, "imp": 0}}, {"type": "Feature", "geometry": {"type": "Point", "coordinates": [-41.672733, -21.123424]}, "properties": {"i": 327, "mun": 56219, "ibge": 3201100, "z": 44, "l": 1090, "nm": "CMEI FATINHA BOECHAT", "nm_mun": "BOM JESUS DO NORTE", "aptos": 927, "imp": 0}}, {"type": "Feature", "geometry": {"type": "Point", "coordinates": [-40.340243, -18.8493]}, "properties": {"i": 328, "mun": 56227, "ibge": 3205176, "z": 37, "l": 1015, "nm": "EMEF PATRIMÔNIO ARARIBÓIA", "nm_mun": "VILA VALÉRIO", "aptos": 417, "imp": 0}}, {"type": "Feature", "geometry": {"type": "Point", "coordinates": [-40.339994, -18.849299]}, "properties": {"i": 329, "mun": 56227, "ibge": 3205176, "z": 37, "l": 1023, "nm": "SALÃO PAROQUIAL DO CÓRREGO PINTADA", "nm_mun": "VILA VALÉRIO", "aptos": 277, "imp": 0}}, {"type": "Feature", "geometry": {"type": "Point", "coordinates": [-40.409164, -18.971593]}, "properties": {"i": 330, "mun": 56227, "ibge": 3205176, "z": 37, "l": 1058, "nm": "SALÃO DE CATEQUESE DA COMUNIDADE SÃO FRANCISCO DE ASSIS DE PARAISÓPOLI", "nm_mun": "VILA VALÉRIO", "aptos": 784, "imp": 0}}, {"type": "Feature", "geometry": {"type": "Point", "coordinates": [-40.230219, -18.903562]}, "properties": {"i": 331, "mun": 56227, "ibge": 3205176, "z": 37, "l": 1066, "nm": "EMEIEF WELTON ALTOE CALIMAN - TESOURO", "nm_mun": "VILA VALÉRIO", "aptos": 612, "imp": 0}}, {"type": "Feature", "geometry": {"type": "Point", "coordinates": [-40.273176, -18.993378]}, "properties": {"i": 332, "mun": 56227, "ibge": 3205176, "z": 37, "l": 1074, "nm": "EMEF JURAMA", "nm_mun": "VILA VALÉRIO", "aptos": 1106, "imp": 0}}, {"type": "Feature", "geometry": {"type": "Point", "coordinates": [-40.339994, -18.849299]}, "properties": {"i": 333, "mun": 56227, "ibge": 3205176, "z": 37, "l": 1090, "nm": "EMEF MARIA LUIZA JORGE DOS REIS - SÃO JORGE DA BARRA SECA", "nm_mun": "VILA VALÉRIO", "aptos": 984, "imp": 0}}, {"type": "Feature", "geometry": {"type": "Point", "coordinates": [-40.319845, -19.013174]}, "properties": {"i": 334, "mun": 56227, "ibge": 3205176, "z": 37, "l": 1104, "nm": "COMUNIDADE SAGRADA FAMÍLIA - CÓRREGO VARGEM ALEGRE", "nm_mun": "VILA VALÉRIO", "aptos": 277, "imp": 0}}, {"type": "Feature", "geometry": {"type": "Point", "coordinates": [-40.391676, -18.998635]}, "properties": {"i": 335, "mun": 56227, "ibge": 3205176, "z": 37, "l": 1112, "nm": "EEEFM ATÍLIO VIVACQUA", "nm_mun": "VILA VALÉRIO", "aptos": 3718, "imp": 0}}, {"type": "Feature", "geometry": {"type": "Point", "coordinates": [-40.387405, -19.002022]}, "properties": {"i": 336, "mun": 56227, "ibge": 3205176, "z": 37, "l": 1120, "nm": "EEEF VALÉRIO", "nm_mun": "VILA VALÉRIO", "aptos": 1273, "imp": 0}}, {"type": "Feature", "geometry": {"type": "Point", "coordinates": [-40.388656, -18.997403]}, "properties": {"i": 337, "mun": 56227, "ibge": 3205176, "z": 37, "l": 1139, "nm": "EMEI CINDERELA", "nm_mun": "VILA VALÉRIO", "aptos": 2362, "imp": 0}}, {"type": "Feature", "geometry": {"type": "Point", "coordinates": [-40.390243, -19.00295]}, "properties": {"i": 338, "mun": 56227, "ibge": 3205176, "z": 37, "l": 1147, "nm": "EMEF VIVA KAIO FRED DARÉ GRIGOLETO", "nm_mun": "VILA VALÉRIO", "aptos": 711, "imp": 1}}, {"type": "Feature", "geometry": {"type": "Point", "coordinates": [-40.43237, -19.01659]}, "properties": {"i": 339, "mun": 56227, "ibge": 3205176, "z": 37, "l": 1155, "nm": "EMEIEF BERNARDO MANTOVANELLI - DOURADO", "nm_mun": "VILA VALÉRIO", "aptos": 411, "imp": 0}}, {"type": "Feature", "geometry": {"type": "Point", "coordinates": [-41.110538, -20.851289]}, "properties": {"i": 340, "mun": 56235, "ibge": 3201209, "z": 2, "l": 1180, "nm": "ESCOLA GUIMARÃES ROSA", "nm_mun": "CACHOEIRO DE ITAPEMIRIM", "aptos": 2077, "imp": 0}}, {"type": "Feature", "geometry": {"type": "Point", "coordinates": [-41.129723, -20.840601]}, "properties": {"i": 341, "mun": 56235, "ibge": 3201209, "z": 2, "l": 1252, "nm": "EMEB ANISIO VIEIRA DE ALMEIDA RAMOS", "nm_mun": "CACHOEIRO DE ITAPEMIRIM", "aptos": 2691, "imp": 0}}, {"type": "Feature", "geometry": {"type": "Point", "coordinates": [-41.104336, -20.856844]}, "properties": {"i": 342, "mun": 56235, "ibge": 3201209, "z": 2, "l": 1368, "nm": "EMEB OSWALDO MACHADO", "nm_mun": "CACHOEIRO DE ITAPEMIRIM", "aptos": 1948, "imp": 0}}, {"type": "Feature", "geometry": {"type": "Point", "coordinates": [-41.128625, -20.842302]}, "properties": {"i": 343, "mun": 56235, "ibge": 3201209, "z": 2, "l": 1376, "nm": "EEEM CEI ÁTTILA DE ALMEIDA MIRANDA", "nm_mun": "CACHOEIRO DE ITAPEMIRIM", "aptos": 4460, "imp": 0}}, {"type": "Feature", "geometry": {"type": "Point", "coordinates": [-41.152811, -20.854848]}, "properties": {"i": 344, "mun": 56235, "ibge": 3201209, "z": 2, "l": 1406, "nm": "EMEB GALDINO THEODORO DA SILVA", "nm_mun": "CACHOEIRO DE ITAPEMIRIM", "aptos": 4161, "imp": 0}}, {"type": "Feature", "geometry": {"type": "Point", "coordinates": [-41.149557, -20.848443]}, "properties": {"i": 345, "mun": 56235, "ibge": 3201209, "z": 2, "l": 1414, "nm": "SESI - SERVIÇO SOCIAL DA INDÚSTRIA", "nm_mun": "CACHOEIRO DE ITAPEMIRIM", "aptos": 3206, "imp": 0}}, {"type": "Feature", "geometry": {"type": "Point", "coordinates": [-41.15608, -20.832472]}, "properties": {"i": 346, "mun": 56235, "ibge": 3201209, "z": 2, "l": 1422, "nm": "EEEFM LIONS SEBASTIÃO DE PAIVA VIDAURRE", "nm_mun": "CACHOEIRO DE ITAPEMIRIM", "aptos": 2341, "imp": 0}}, {"type": "Feature", "geometry": {"type": "Point", "coordinates": [-41.157571, -20.839434]}, "properties": {"i": 347, "mun": 56235, "ibge": 3201209, "z": 2, "l": 1430, "nm": "EMEB PEDRO ESTELLITA HERKENHOFF", "nm_mun": "CACHOEIRO DE ITAPEMIRIM", "aptos": 2849, "imp": 0}}, {"type": "Feature", "geometry": {"type": "Point", "coordinates": [-41.183124, -20.838525]}, "properties": {"i": 348, "mun": 56235, "ibge": 3201209, "z": 2, "l": 1457, "nm": "EMEB ELISEU LOFEGO", "nm_mun": "CACHOEIRO DE ITAPEMIRIM", "aptos": 2014, "imp": 0}}, {"type": "Feature", "geometry": {"type": "Point", "coordinates": [-41.175979, -20.831231]}, "properties": {"i": 349, "mun": 56235, "ibge": 3201209, "z": 2, "l": 1465, "nm": "EEEFM PROFA. HOSANA SALLES", "nm_mun": "CACHOEIRO DE ITAPEMIRIM", "aptos": 3498, "imp": 0}}, {"type": "Feature", "geometry": {"type": "Point", "coordinates": [-41.123736, -20.850627]}, "properties": {"i": 350, "mun": 56235, "ibge": 3201209, "z": 2, "l": 1635, "nm": "EMEBTI DONA MARIA SANTANA", "nm_mun": "CACHOEIRO DE ITAPEMIRIM", "aptos": 1770, "imp": 0}}, {"type": "Feature", "geometry": {"type": "Point", "coordinates": [-41.126339, -20.842833]}, "properties": {"i": 351, "mun": 56235, "ibge": 3201209, "z": 2, "l": 1643, "nm": "EEEFM PROFESSOR CLAUDIONOR RIBEIRO - POLIVALENTE GUANDU", "nm_mun": "CACHOEIRO DE ITAPEMIRIM", "aptos": 1056, "imp": 0}}, {"type": "Feature", "geometry": {"type": "Point", "coordinates": [-41.125695, -20.846342]}, "properties": {"i": 352, "mun": 56235, "ibge": 3201209, "z": 2, "l": 1660, "nm": "EEEFM QUINTILIANO DE AZEVEDO", "nm_mun": "CACHOEIRO DE ITAPEMIRIM", "aptos": 3397, "imp": 0}}, {"type": "Feature", "geometry": {"type": "Point", "coordinates": [-41.146442, -20.849908]}, "properties": {"i": 353, "mun": 56235, "ibge": 3201209, "z": 2, "l": 1694, "nm": "EEEFM AGOSTINHO SIMONATO", "nm_mun": "CACHOEIRO DE ITAPEMIRIM", "aptos": 2432, "imp": 0}}, {"type": "Feature", "geometry": {"type": "Point", "coordinates": [-41.112017, -20.854238]}, "properties": {"i": 354, "mun": 56235, "ibge": 3201209, "z": 2, "l": 1732, "nm": "EEEFM FRATERNIDADE E LUZ", "nm_mun": "CACHOEIRO DE ITAPEMIRIM", "aptos": 1684, "imp": 0}}, {"type": "Feature", "geometry": {"type": "Point", "coordinates": [-41.106504, -20.857396]}, "properties": {"i": 355, "mun": 56235, "ibge": 3201209, "z": 2, "l": 1740, "nm": "EMEB ZENI PIRES FERREIRA", "nm_mun": "CACHOEIRO DE ITAPEMIRIM", "aptos": 2280, "imp": 0}}, {"type": "Feature", "geometry": {"type": "Point", "coordinates": [-41.122094, -20.862985]}, "properties": {"i": 356, "mun": 56235, "ibge": 3201209, "z": 2, "l": 1767, "nm": "EMEB PROF. VALDY FREITAS", "nm_mun": "CACHOEIRO DE ITAPEMIRIM", "aptos": 3235, "imp": 0}}, {"type": "Feature", "geometry": {"type": "Point", "coordinates": [-41.206828, -20.8685]}, "properties": {"i": 357, "mun": 56235, "ibge": 3201209, "z": 2, "l": 1783, "nm": "EEEF AMÉLIA TOLEDO DO ROZÁRIO", "nm_mun": "CACHOEIRO DE ITAPEMIRIM", "aptos": 1381, "imp": 0}}, {"type": "Feature", "geometry": {"type": "Point", "coordinates": [-41.129861, -20.826079]}, "properties": {"i": 358, "mun": 56235, "ibge": 3201209, "z": 2, "l": 1848, "nm": "EMEB MARIA DAS DORES PINHEIRO AMARAL", "nm_mun": "CACHOEIRO DE ITAPEMIRIM", "aptos": 1446, "imp": 0}}, {"type": "Feature", "geometry": {"type": "Point", "coordinates": [-41.099483, -20.880462]}, "properties": {"i": 359, "mun": 56235, "ibge": 3201209, "z": 2, "l": 1856, "nm": "EMEB MONTEIRO LOBATO", "nm_mun": "CACHOEIRO DE ITAPEMIRIM", "aptos": 2672, "imp": 0}}, {"type": "Feature", "geometry": {"type": "Point", "coordinates": [-41.133028, -20.850394]}, "properties": {"i": 360, "mun": 56235, "ibge": 3201209, "z": 2, "l": 1880, "nm": "EMEB JULIETA DEPES TALLON", "nm_mun": "CACHOEIRO DE ITAPEMIRIM", "aptos": 2852, "imp": 0}}, {"type": "Feature", "geometry": {"type": "Point", "coordinates": [-41.132051, -20.84824]}, "properties": {"i": 361, "mun": 56235, "ibge": 3201209, "z": 2, "l": 1899, "nm": "EEEF ROTARY", "nm_mun": "CACHOEIRO DE ITAPEMIRIM", "aptos": 2666, "imp": 0}}, {"type": "Feature", "geometry": {"type": "Point", "coordinates": [-41.118508, -20.912079]}, "properties": {"i": 362, "mun": 56235, "ibge": 3201209, "z": 2, "l": 1902, "nm": "EMEB PLURIDOCENTE TIJUCA", "nm_mun": "CACHOEIRO DE ITAPEMIRIM", "aptos": 477, "imp": 0}}, {"type": "Feature", "geometry": {"type": "Point", "coordinates": [-41.152752, -20.831039]}, "properties": {"i": 363, "mun": 56235, "ibge": 3201209, "z": 2, "l": 1929, "nm": "EMEB PROF. DAVID ALBERTO LÓSS", "nm_mun": "CACHOEIRO DE ITAPEMIRIM", "aptos": 1555, "imp": 0}}, {"type": "Feature", "geometry": {"type": "Point", "coordinates": [-41.150863, -20.845502]}, "properties": {"i": 364, "mun": 56235, "ibge": 3201209, "z": 2, "l": 1937, "nm": "EMEB NOSSA SENHORA DAS GRAÇAS", "nm_mun": "CACHOEIRO DE ITAPEMIRIM", "aptos": 1354, "imp": 0}}, {"type": "Feature", "geometry": {"type": "Point", "coordinates": [-41.228508, -20.837411]}, "properties": {"i": 365, "mun": 56235, "ibge": 3201209, "z": 2, "l": 1996, "nm": "SALÃO PAROQUIAL DE SANTA FÉ DE CIMA", "nm_mun": "CACHOEIRO DE ITAPEMIRIM", "aptos": 415, "imp": 0}}, {"type": "Feature", "geometry": {"type": "Point", "coordinates": [-41.149556, -20.835272]}, "properties": {"i": 366, "mun": 56235, "ibge": 3201209, "z": 2, "l": 2070, "nm": "EMEB PROF. DEUSDEDIT BAPTISTA", "nm_mun": "CACHOEIRO DE ITAPEMIRIM", "aptos": 735, "imp": 0}}, {"type": "Feature", "geometry": {"type": "Point", "coordinates": [-41.147844, -20.839076]}, "properties": {"i": 367, "mun": 56235, "ibge": 3201209, "z": 2, "l": 2089, "nm": "EMEB PADRE GINO ZATELLI", "nm_mun": "CACHOEIRO DE ITAPEMIRIM", "aptos": 2897, "imp": 0}}, {"type": "Feature", "geometry": {"type": "Point", "coordinates": [-41.180676, -20.834754]}, "properties": {"i": 368, "mun": 56235, "ibge": 3201209, "z": 2, "l": 2119, "nm": "EMEB LUIZ MARQUES PINTO", "nm_mun": "CACHOEIRO DE ITAPEMIRIM", "aptos": 1327, "imp": 0}}, {"type": "Feature", "geometry": {"type": "Point", "coordinates": [-41.127589, -20.877467]}, "properties": {"i": 369, "mun": 56235, "ibge": 3201209, "z": 2, "l": 2135, "nm": "EMEB JENNY GUÁRDIA", "nm_mun": "CACHOEIRO DE ITAPEMIRIM", "aptos": 1166, "imp": 0}}, {"type": "Feature", "geometry": {"type": "Point", "coordinates": [-41.117971, -20.859824]}, "properties": {"i": 370, "mun": 56235, "ibge": 3201209, "z": 2, "l": 2143, "nm": "EEEFM BERNARDINO MONTEIRO", "nm_mun": "CACHOEIRO DE ITAPEMIRIM", "aptos": 2491, "imp": 0}}, {"type": "Feature", "geometry": {"type": "Point", "coordinates": [-41.117865, -20.851385]}, "properties": {"i": 371, "mun": 56235, "ibge": 3201209, "z": 2, "l": 2151, "nm": "EMEB OSCAR MONTENEGRO FILHO", "nm_mun": "CACHOEIRO DE ITAPEMIRIM", "aptos": 1500, "imp": 0}}, {"type": "Feature", "geometry": {"type": "Point", "coordinates": [-41.150228, -20.854645]}, "properties": {"i": 372, "mun": 56235, "ibge": 3201209, "z": 2, "l": 2224, "nm": "EMEB REVERENDO JADER GOMES COELHO", "nm_mun": "CACHOEIRO DE ITAPEMIRIM", "aptos": 2708, "imp": 0}}, {"type": "Feature", "geometry": {"type": "Point", "coordinates": [-41.123317, -20.833635]}, "properties": {"i": 373, "mun": 56235, "ibge": 3201209, "z": 2, "l": 2232, "nm": "EMEB PROF. ELISIO CORTES IMPERIAL", "nm_mun": "CACHOEIRO DE ITAPEMIRIM", "aptos": 705, "imp": 0}}, {"type": "Feature", "geometry": {"type": "Point", "coordinates": [-41.120607, -20.860769]}, "properties": {"i": 374, "mun": 56235, "ibge": 3201209, "z": 2, "l": 2267, "nm": "UNIÃO SOCIAL CAMILIANA - CAMPUS I (SÃO CAMILO)", "nm_mun": "CACHOEIRO DE ITAPEMIRIM", "aptos": 2287, "imp": 0}}, {"type": "Feature", "geometry": {"type": "Point", "coordinates": [-41.123103, -20.853402]}, "properties": {"i": 375, "mun": 56235, "ibge": 3201209, "z": 2, "l": 2275, "nm": "EMEB MARIA TEREZA BRANDÃO DE MELLO", "nm_mun": "CACHOEIRO DE ITAPEMIRIM", "aptos": 932, "imp": 0}}, {"type": "Feature", "geometry": {"type": "Point", "coordinates": [-41.102083, -20.87161]}, "properties": {"i": 376, "mun": 56235, "ibge": 3201209, "z": 2, "l": 2283, "nm": "MULTIVIX - CAMPUS MONTE BELO", "nm_mun": "CACHOEIRO DE ITAPEMIRIM", "aptos": 1305, "imp": 0}}, {"type": "Feature", "geometry": {"type": "Point", "coordinates": [-41.136044, -20.847375]}, "properties": {"i": 377, "mun": 56235, "ibge": 3201209, "z": 2, "l": 2291, "nm": "EMEB ALAIR TURBAY BAIÃO", "nm_mun": "CACHOEIRO DE ITAPEMIRIM", "aptos": 980, "imp": 0}}, {"type": "Feature", "geometry": {"type": "Point", "coordinates": [-41.155367, -20.832177]}, "properties": {"i": 378, "mun": 56235, "ibge": 3201209, "z": 2, "l": 2305, "nm": "EMEB MARIA SILOTI", "nm_mun": "CACHOEIRO DE ITAPEMIRIM", "aptos": 784, "imp": 0}}, {"type": "Feature", "geometry": {"type": "Point", "coordinates": [-41.17849, -20.833758]}, "properties": {"i": 379, "mun": 56235, "ibge": 3201209, "z": 2, "l": 2313, "nm": "EMEB PE JEFFERSON LUIZ DE MAGALHÃES (SUPER CRECHE)", "nm_mun": "CACHOEIRO DE ITAPEMIRIM", "aptos": 800, "imp": 0}}, {"type": "Feature", "geometry": {"type": "Point", "coordinates": [-41.15897, -20.845745]}, "properties": {"i": 380, "mun": 56235, "ibge": 3201209, "z": 2, "l": 2321, "nm": "EMEB PROFA ARIETTE MOULIN COSTA", "nm_mun": "CACHOEIRO DE ITAPEMIRIM", "aptos": 387, "imp": 0}}, {"type": "Feature", "geometry": {"type": "Point", "coordinates": [-41.141455, -20.852408]}, "properties": {"i": 381, "mun": 56235, "ibge": 3201209, "z": 2, "l": 2330, "nm": "EMEB SÃO FRANCISCO DE ASSIS", "nm_mun": "CACHOEIRO DE ITAPEMIRIM", "aptos": 813, "imp": 0}}, {"type": "Feature", "geometry": {"type": "Point", "coordinates": [-41.158329, -20.839842]}, "properties": {"i": 382, "mun": 56235, "ibge": 3201209, "z": 2, "l": 2348, "nm": "EMEB WALDIR FURTADO AMORIM", "nm_mun": "CACHOEIRO DE ITAPEMIRIM", "aptos": 346, "imp": 0}}, {"type": "Feature", "geometry": {"type": "Point", "coordinates": [-40.243952, -20.174824]}, "properties": {"i": 383, "mun": 56235, "ibge": 3201209, "z": 2, "l": 2356, "nm": "EMEB LIONS CLUBE FRADE E A FREIRA", "nm_mun": "CACHOEIRO DE ITAPEMIRIM", "aptos": 400, "imp": 1}}, {"type": "Feature", "geometry": {"type": "Point", "coordinates": [-40.368608, -20.360187]}, "properties": {"i": 384, "mun": 56235, "ibge": 3201209, "z": 2, "l": 2364, "nm": "EMEB CARIM TANURE", "nm_mun": "CACHOEIRO DE ITAPEMIRIM", "aptos": 154, "imp": 1}}, {"type": "Feature", "geometry": {"type": "Point", "coordinates": [-41.15608, -20.832472]}, "properties": {"i": 385, "mun": 56235, "ibge": 3201209, "z": 2, "l": 2372, "nm": "EMEBTI PROF JOSÉ PAINEIRAS FILHO", "nm_mun": "CACHOEIRO DE ITAPEMIRIM", "aptos": 1420, "imp": 1}}, {"type": "Feature", "geometry": {"type": "Point", "coordinates": [-41.751165, -20.744772]}, "properties": {"i": 386, "mun": 56235, "ibge": 3201209, "z": 2, "l": 2380, "nm": "EMEB MARIA DAS GRAÇAS FELIPPE", "nm_mun": "CACHOEIRO DE ITAPEMIRIM", "aptos": 241, "imp": 1}}, {"type": "Feature", "geometry": {"type": "Point", "coordinates": [-40.243952, -20.174824]}, "properties": {"i": 387, "mun": 56235, "ibge": 3201209, "z": 2, "l": 2399, "nm": "EMEB MARIA ANGÉLICA MARANGONI SANT'ANA", "nm_mun": "CACHOEIRO DE ITAPEMIRIM", "aptos": 108, "imp": 1}}, {"type": "Feature", "geometry": {"type": "Point", "coordinates": [-41.11664, -20.841945]}, "properties": {"i": 388, "mun": 56235, "ibge": 3201209, "z": 48, "l": 1015, "nm": "EMEBTI AURORA ESTELLITA HERKENHOFF", "nm_mun": "CACHOEIRO DE ITAPEMIRIM", "aptos": 1350, "imp": 0}}, {"type": "Feature", "geometry": {"type": "Point", "coordinates": [-41.272062, -20.76414]}, "properties": {"i": 389, "mun": 56235, "ibge": 3201209, "z": 48, "l": 1023, "nm": "EMEB LUIZ SEMPRINI", "nm_mun": "CACHOEIRO DE ITAPEMIRIM", "aptos": 1235, "imp": 0}}, {"type": "Feature", "geometry": {"type": "Point", "coordinates": [-41.194622, -20.756897]}, "properties": {"i": 390, "mun": 56235, "ibge": 3201209, "z": 48, "l": 1031, "nm": "EMEB PROFª CIBELIA TEIXEIRA ZIPPINOTI (COUTINHO)", "nm_mun": "CACHOEIRO DE ITAPEMIRIM", "aptos": 866, "imp": 0}}, {"type": "Feature", "geometry": {"type": "Point", "coordinates": [-41.059508, -20.763382]}, "properties": {"i": 391, "mun": 56235, "ibge": 3201209, "z": 48, "l": 1040, "nm": "EEEFM ZACHEU MOREIRA DA FRAGA", "nm_mun": "CACHOEIRO DE ITAPEMIRIM", "aptos": 3027, "imp": 0}}, {"type": "Feature", "geometry": {"type": "Point", "coordinates": [-41.109198, -20.850438]}, "properties": {"i": 392, "mun": 56235, "ibge": 3201209, "z": 48, "l": 1058, "nm": "CENTRO DE ENSINO LAURO PINHEIRO - CELP", "nm_mun": "CACHOEIRO DE ITAPEMIRIM", "aptos": 1113, "imp": 0}}, {"type": "Feature", "geometry": {"type": "Point", "coordinates": [-41.268796, -20.734222]}, "properties": {"i": 393, "mun": 56235, "ibge": 3201209, "z": 48, "l": 1066, "nm": "EMEB MONTE ALEGRE", "nm_mun": "CACHOEIRO DE ITAPEMIRIM", "aptos": 339, "imp": 0}}, {"type": "Feature", "geometry": {"type": "Point", "coordinates": [-41.11557, -20.835266]}, "properties": {"i": 394, "mun": 56235, "ibge": 3201209, "z": 48, "l": 1074, "nm": "EMEBTI PROF. FLORISBELO NEVES", "nm_mun": "CACHOEIRO DE ITAPEMIRIM", "aptos": 2977, "imp": 0}}, {"type": "Feature", "geometry": {"type": "Point", "coordinates": [-41.119922, -20.83052]}, "properties": {"i": 395, "mun": 56235, "ibge": 3201209, "z": 48, "l": 1082, "nm": "EMEB PROFA GÉRCIA FERREIRA GUIMARÃES", "nm_mun": "CACHOEIRO DE ITAPEMIRIM", "aptos": 1399, "imp": 0}}, {"type": "Feature", "geometry": {"type": "Point", "coordinates": [-41.347351, -20.680654]}, "properties": {"i": 396, "mun": 56235, "ibge": 3201209, "z": 48, "l": 1120, "nm": "EEEFM WILSON REZENDE", "nm_mun": "CACHOEIRO DE ITAPEMIRIM", "aptos": 1376, "imp": 0}}, {"type": "Feature", "geometry": {"type": "Point", "coordinates": [-41.08333, -20.72305]}, "properties": {"i": 397, "mun": 56235, "ibge": 3201209, "z": 48, "l": 1139, "nm": "EMEBTI GIRONDA", "nm_mun": "CACHOEIRO DE ITAPEMIRIM", "aptos": 1036, "imp": 0}}, {"type": "Feature", "geometry": {"type": "Point", "coordinates": [-41.114332, -20.84553]}, "properties": {"i": 398, "mun": 56235, "ibge": 3201209, "z": 48, "l": 1147, "nm": "EMEB ZILMA COELHO PINTO", "nm_mun": "CACHOEIRO DE ITAPEMIRIM", "aptos": 581, "imp": 0}}, {"type": "Feature", "geometry": {"type": "Point", "coordinates": [-41.1133, -20.84446]}, "properties": {"i": 399, "mun": 56235, "ibge": 3201209, "z": 48, "l": 1155, "nm": "CIAE  NEWTON BRAGA", "nm_mun": "CACHOEIRO DE ITAPEMIRIM", "aptos": 627, "imp": 0}}, {"type": "Feature", "geometry": {"type": "Point", "coordinates": [-41.113284, -20.844224]}, "properties": {"i": 400, "mun": 56235, "ibge": 3201209, "z": 48, "l": 1163, "nm": "EMEB ANACLETO RAMOS", "nm_mun": "CACHOEIRO DE ITAPEMIRIM", "aptos": 3165, "imp": 0}}, {"type": "Feature", "geometry": {"type": "Point", "coordinates": [-41.109543, -20.848746]}, "properties": {"i": 401, "mun": 56235, "ibge": 3201209, "z": 48, "l": 1171, "nm": "COLÉGIO JESUS CRISTO REI", "nm_mun": "CACHOEIRO DE ITAPEMIRIM", "aptos": 3422, "imp": 0}}, {"type": "Feature", "geometry": {"type": "Point", "coordinates": [-41.106325, -20.853033]}, "properties": {"i": 402, "mun": 56235, "ibge": 3201209, "z": 48, "l": 1180, "nm": "CEEFMTI LICEU MUNIZ FREIRE", "nm_mun": "CACHOEIRO DE ITAPEMIRIM", "aptos": 2514, "imp": 0}}, {"type": "Feature", "geometry": {"type": "Point", "coordinates": [-41.11567, -20.82824]}, "properties": {"i": 403, "mun": 56235, "ibge": 3201209, "z": 48, "l": 1198, "nm": "EMEB MARIA STAEL DE MEDEIROS TEIXEIRA", "nm_mun": "CACHOEIRO DE ITAPEMIRIM", "aptos": 2826, "imp": 0}}, {"type": "Feature", "geometry": {"type": "Point", "coordinates": [-41.115537, -20.842128]}, "properties": {"i": 404, "mun": 56235, "ibge": 3201209, "z": 48, "l": 1201, "nm": "EEEFM PRES. GETÚLIO VARGAS (POLIVALENTE AQUIDABAN)", "nm_mun": "CACHOEIRO DE ITAPEMIRIM", "aptos": 2739, "imp": 0}}, {"type": "Feature", "geometry": {"type": "Point", "coordinates": [-41.116919, -20.841536]}, "properties": {"i": 405, "mun": 56235, "ibge": 3201209, "z": 48, "l": 1210, "nm": "EMEB PROFA. INAH WERNECK", "nm_mun": "CACHOEIRO DE ITAPEMIRIM", "aptos": 3616, "imp": 0}}, {"type": "Feature", "geometry": {"type": "Point", "coordinates": [-41.09377, -20.85343]}, "properties": {"i": 406, "mun": 56235, "ibge": 3201209, "z": 48, "l": 1228, "nm": "CEEFMTI PROF. FRANCISCO COELHO ÁVILA JUNIOR (POLIVALENTE CEL BORGES)", "nm_mun": "CACHOEIRO DE ITAPEMIRIM", "aptos": 3698, "imp": 0}}, {"type": "Feature", "geometry": {"type": "Point", "coordinates": [-41.108827, -20.844744]}, "properties": {"i": 407, "mun": 56235, "ibge": 3201209, "z": 48, "l": 1252, "nm": "EMEB CAROLINA PASSOS GAIGHER", "nm_mun": "CACHOEIRO DE ITAPEMIRIM", "aptos": 2598, "imp": 0}}, {"type": "Feature", "geometry": {"type": "Point", "coordinates": [-41.08933, -20.659817]}, "properties": {"i": 408, "mun": 56235, "ibge": 3201209, "z": 48, "l": 1260, "nm": "EMEB SÃO VICENTE", "nm_mun": "CACHOEIRO DE ITAPEMIRIM", "aptos": 763, "imp": 0}}, {"type": "Feature", "geometry": {"type": "Point", "coordinates": [-41.131208, -20.729171]}, "properties": {"i": 409, "mun": 56235, "ibge": 3201209, "z": 48, "l": 1295, "nm": "EEEFM PROFA. PETRONÍLHA VIDIGAL", "nm_mun": "CACHOEIRO DE ITAPEMIRIM", "aptos": 3657, "imp": 0}}, {"type": "Feature", "geometry": {"type": "Point", "coordinates": [-41.206867, -20.673318]}, "properties": {"i": 410, "mun": 56235, "ibge": 3201209, "z": 48, "l": 1309, "nm": "EMEB PROF. DOMINGOS UBALDO", "nm_mun": "CACHOEIRO DE ITAPEMIRIM", "aptos": 2249, "imp": 0}}, {"type": "Feature", "geometry": {"type": "Point", "coordinates": [-41.11672, -20.84272]}, "properties": {"i": 411, "mun": 56235, "ibge": 3201209, "z": 48, "l": 1317, "nm": "EMEB SANDRA MONTEIRO VARGAS PIASSI", "nm_mun": "CACHOEIRO DE ITAPEMIRIM", "aptos": 96, "imp": 0}}, {"type": "Feature", "geometry": {"type": "Point", "coordinates": [-41.118376, -20.826358]}, "properties": {"i": 412, "mun": 56235, "ibge": 3201209, "z": 48, "l": 1325, "nm": "EMEB ZILDA SOARES MOURA", "nm_mun": "CACHOEIRO DE ITAPEMIRIM", "aptos": 752, "imp": 0}}, {"type": "Feature", "geometry": {"type": "Point", "coordinates": [-41.067145, -20.77111]}, "properties": {"i": 413, "mun": 56235, "ibge": 3201209, "z": 48, "l": 1333, "nm": "EMEB JACOMO SILOTTI", "nm_mun": "CACHOEIRO DE ITAPEMIRIM", "aptos": 675, "imp": 0}}, {"type": "Feature", "geometry": {"type": "Point", "coordinates": [-41.105666, -20.853836]}, "properties": {"i": 414, "mun": 56235, "ibge": 3201209, "z": 48, "l": 1341, "nm": "COMUNIDADE NOSSA SENHORA DE FÁTIMA", "nm_mun": "CACHOEIRO DE ITAPEMIRIM", "aptos": 212, "imp": 0}}, {"type": "Feature", "geometry": {"type": "Point", "coordinates": [-41.134264, -20.728431]}, "properties": {"i": 415, "mun": 56235, "ibge": 3201209, "z": 48, "l": 1350, "nm": "EMEB PROFESSORA VALERIA AQUINO VIANA", "nm_mun": "CACHOEIRO DE ITAPEMIRIM", "aptos": 388, "imp": 0}}, {"type": "Feature", "geometry": {"type": "Point", "coordinates": [-41.11076, -20.84634]}, "properties": {"i": 416, "mun": 56235, "ibge": 3201209, "z": 48, "l": 1368, "nm": "EPPG BEM TE VI", "nm_mun": "CACHOEIRO DE ITAPEMIRIM", "aptos": 364, "imp": 0}}, {"type": "Feature", "geometry": {"type": "Point", "coordinates": [-41.149556, -20.835272]}, "properties": {"i": 417, "mun": 56235, "ibge": 3201209, "z": 48, "l": 1376, "nm": "EMEB OLGA DIAS DA COSTA MENDES", "nm_mun": "CACHOEIRO DE ITAPEMIRIM", "aptos": 32, "imp": 1}}, {"type": "Feature", "geometry": {"type": "Point", "coordinates": [-40.74922, -20.640601]}, "properties": {"i": 418, "mun": 56235, "ibge": 3201209, "z": 48, "l": 1384, "nm": "EMEB PROFESSORA JURACY CRUZ", "nm_mun": "CACHOEIRO DE ITAPEMIRIM", "aptos": 40, "imp": 1}}, {"type": "Feature", "geometry": {"type": "Point", "coordinates": [-40.406464, -20.348312]}, "properties": {"i": 419, "mun": 56251, "ibge": 3201308, "z": 34, "l": 1228, "nm": "EMEF ANTÁRIO ALEXANDRE THEODORO ( ANTÁRIO FILHO)", "nm_mun": "CARIACICA", "aptos": 1152, "imp": 0}}, {"type": "Feature", "geometry": {"type": "Point", "coordinates": [-40.384045, -20.340006]}, "properties": {"i": 420, "mun": 56251, "ibge": 3201308, "z": 34, "l": 1236, "nm": "EMEF STÉLIDA DIAS", "nm_mun": "CARIACICA", "aptos": 4116, "imp": 0}}, {"type": "Feature", "geometry": {"type": "Point", "coordinates": [-40.38155, -20.344464]}, "properties": {"i": 421, "mun": 56251, "ibge": 3201308, "z": 34, "l": 1244, "nm": "FACULDADE MULTIVIX", "nm_mun": "CARIACICA", "aptos": 4953, "imp": 0}}, {"type": "Feature", "geometry": {"type": "Point", "coordinates": [-40.382216, -20.341652]}, "properties": {"i": 422, "mun": 56251, "ibge": 3201308, "z": 34, "l": 1252, "nm": "EMEF TALMA SARMENTO DE MIRANDA", "nm_mun": "CARIACICA", "aptos": 4390, "imp": 0}}, {"type": "Feature", "geometry": {"type": "Point", "coordinates": [-40.387152, -20.346817]}, "properties": {"i": 423, "mun": 56251, "ibge": 3201308, "z": 34, "l": 1260, "nm": "EEEFM HUNNEY EVEREST PIOVESAN", "nm_mun": "CARIACICA", "aptos": 7214, "imp": 0}}, {"type": "Feature", "geometry": {"type": "Point", "coordinates": [-40.392403, -20.346429]}, "properties": {"i": 424, "mun": 56251, "ibge": 3201308, "z": 34, "l": 1279, "nm": "EMEF NILTON GOMES (CRUZEIRO DO SUL)", "nm_mun": "CARIACICA", "aptos": 3362, "imp": 0}}, {"type": "Feature", "geometry": {"type": "Point", "coordinates": [-40.386886, -20.339302]}, "properties": {"i": 425, "mun": 56251, "ibge": 3201308, "z": 34, "l": 1287, "nm": "CMEI JESUS MENINO (PARQUE INFANTIL)", "nm_mun": "CARIACICA", "aptos": 1644, "imp": 0}}, {"type": "Feature", "geometry": {"type": "Point", "coordinates": [-40.378378, -20.34753]}, "properties": {"i": 426, "mun": 56251, "ibge": 3201308, "z": 34, "l": 1295, "nm": "EMEF MARIA PAIVA", "nm_mun": "CARIACICA", "aptos": 2442, "imp": 0}}, {"type": "Feature", "geometry": {"type": "Point", "coordinates": [-40.361294, -20.328721]}, "properties": {"i": 427, "mun": 56251, "ibge": 3201308, "z": 34, "l": 1325, "nm": "EMEFTI EURIDES GABRIEL (SANTA IZABEL)", "nm_mun": "CARIACICA", "aptos": 2412, "imp": 0}}, {"type": "Feature", "geometry": {"type": "Point", "coordinates": [-40.382593, -20.349205]}, "properties": {"i": 428, "mun": 56251, "ibge": 3201308, "z": 34, "l": 1341, "nm": "EMEF PEDRO VENTURIM", "nm_mun": "CARIACICA", "aptos": 1393, "imp": 0}}, {"type": "Feature", "geometry": {"type": "Point", "coordinates": [-40.366189, -20.352241]}, "properties": {"i": 429, "mun": 56251, "ibge": 3201308, "z": 34, "l": 1465, "nm": "EEEF TIRADENTES", "nm_mun": "CARIACICA", "aptos": 4069, "imp": 0}}, {"type": "Feature", "geometry": {"type": "Point", "coordinates": [-40.3689, -20.38058]}, "properties": {"i": 430, "mun": 56251, "ibge": 3201308, "z": 34, "l": 1473, "nm": "EMEF SÃO JORGE", "nm_mun": "CARIACICA", "aptos": 5135, "imp": 0}}, {"type": "Feature", "geometry": {"type": "Point", "coordinates": [-40.3833, -20.354979]}, "properties": {"i": 431, "mun": 56251, "ibge": 3201308, "z": 34, "l": 1759, "nm": "EEEF VENTINO DA COSTA BRANDÃO", "nm_mun": "CARIACICA", "aptos": 2354, "imp": 0}}, {"type": "Feature", "geometry": {"type": "Point", "coordinates": [-40.369622, -20.380666]}, "properties": {"i": 432, "mun": 56251, "ibge": 3201308, "z": 34, "l": 1767, "nm": "EMEF ALZIRA RAMOS", "nm_mun": "CARIACICA", "aptos": 4470, "imp": 0}}, {"type": "Feature", "geometry": {"type": "Point", "coordinates": [-40.371401, -20.369562]}, "properties": {"i": 433, "mun": 56251, "ibge": 3201308, "z": 34, "l": 1775, "nm": "EEEF CELESTINO DE ALMEIDA", "nm_mun": "CARIACICA", "aptos": 2357, "imp": 0}}, {"type": "Feature", "geometry": {"type": "Point", "coordinates": [-40.379174, -20.355533]}, "properties": {"i": 434, "mun": 56251, "ibge": 3201308, "z": 34, "l": 1791, "nm": "EEEFM MARIANO FIRME DE SOUZA", "nm_mun": "CARIACICA", "aptos": 4810, "imp": 1}}, {"type": "Feature", "geometry": {"type": "Point", "coordinates": [-40.397068, -20.343923]}, "properties": {"i": 435, "mun": 56251, "ibge": 3201308, "z": 34, "l": 1899, "nm": "EMEF MANUEL MELO SOBRINHO", "nm_mun": "CARIACICA", "aptos": 2312, "imp": 0}}, {"type": "Feature", "geometry": {"type": "Point", "coordinates": [-40.361297, -20.328675]}, "properties": {"i": 436, "mun": 56251, "ibge": 3201308, "z": 34, "l": 1902, "nm": "CMEI PEDRO VIEIRA DA SILVA", "nm_mun": "CARIACICA", "aptos": 1408, "imp": 0}}, {"type": "Feature", "geometry": {"type": "Point", "coordinates": [-40.394759, -20.354266]}, "properties": {"i": 437, "mun": 56251, "ibge": 3201308, "z": 34, "l": 1910, "nm": "EMEF TANCREDO DE ALMEIDA NEVES", "nm_mun": "CARIACICA", "aptos": 2708, "imp": 0}}, {"type": "Feature", "geometry": {"type": "Point", "coordinates": [-40.366295, -20.355234]}, "properties": {"i": 438, "mun": 56251, "ibge": 3201308, "z": 34, "l": 1945, "nm": "EMEF AYRTON SENNA ( VISTA MAR)", "nm_mun": "CARIACICA", "aptos": 2516, "imp": 0}}, {"type": "Feature", "geometry": {"type": "Point", "coordinates": [-40.390026, -20.373588]}, "properties": {"i": 439, "mun": 56251, "ibge": 3201308, "z": 34, "l": 1970, "nm": "EMEF RENASCER", "nm_mun": "CARIACICA", "aptos": 3802, "imp": 0}}, {"type": "Feature", "geometry": {"type": "Point", "coordinates": [-40.40368, -20.356578]}, "properties": {"i": 440, "mun": 56251, "ibge": 3201308, "z": 34, "l": 2011, "nm": "EMEF VALDECI CEZARIO (VILA RICA)", "nm_mun": "CARIACICA", "aptos": 1362, "imp": 0}}, {"type": "Feature", "geometry": {"type": "Point", "coordinates": [-40.379174, -20.355533]}, "properties": {"i": 441, "mun": 56251, "ibge": 3201308, "z": 34, "l": 2020, "nm": "EMEF ORLANDO MOREIRA DE LIMA ( ITAPEMIRIM)", "nm_mun": "CARIACICA", "aptos": 2643, "imp": 0}}, {"type": "Feature", "geometry": {"type": "Point", "coordinates": [-40.379176, -20.371948]}, "properties": {"i": 442, "mun": 56251, "ibge": 3201308, "z": 34, "l": 2038, "nm": "EMEF JOANA MARIA DA SILVA", "nm_mun": "CARIACICA", "aptos": 4174, "imp": 0}}, {"type": "Feature", "geometry": {"type": "Point", "coordinates": [-40.372156, -20.388739]}, "properties": {"i": 443, "mun": 56251, "ibge": 3201308, "z": 34, "l": 2046, "nm": "EMEF MARIA AUGUSTA TAVARES ( JARDIM BOTÂNICO)", "nm_mun": "CARIACICA", "aptos": 3091, "imp": 0}}, {"type": "Feature", "geometry": {"type": "Point", "coordinates": [-40.417539, -20.32855]}, "properties": {"i": 444, "mun": 56251, "ibge": 3201308, "z": 34, "l": 2089, "nm": "EMEF HEMOGÊNIA MARIA DA CONCEIÇÃO", "nm_mun": "CARIACICA", "aptos": 2048, "imp": 0}}, {"type": "Feature", "geometry": {"type": "Point", "coordinates": [-40.39798, -20.338838]}, "properties": {"i": 445, "mun": 56251, "ibge": 3201308, "z": 34, "l": 2097, "nm": "EMEF FERDINANDO SANTÓRIO", "nm_mun": "CARIACICA", "aptos": 2103, "imp": 0}}, {"type": "Feature", "geometry": {"type": "Point", "coordinates": [-40.365221, -20.345127]}, "properties": {"i": 446, "mun": 56251, "ibge": 3201308, "z": 34, "l": 2100, "nm": "EEEFM PROF. JOSÉ LEÃO NUNES", "nm_mun": "CARIACICA", "aptos": 3313, "imp": 0}}, {"type": "Feature", "geometry": {"type": "Point", "coordinates": [-40.422968, -20.335391]}, "properties": {"i": 447, "mun": 56251, "ibge": 3201308, "z": 34, "l": 2119, "nm": "EEEFM THEODOMIRO RIBEIRO COELHO", "nm_mun": "CARIACICA", "aptos": 2998, "imp": 0}}, {"type": "Feature", "geometry": {"type": "Point", "coordinates": [-40.35873, -20.336012]}, "properties": {"i": 448, "mun": 56251, "ibge": 3201308, "z": 34, "l": 2135, "nm": "EMEFTI PROF. CERQUEIRA LIMA", "nm_mun": "CARIACICA", "aptos": 1264, "imp": 0}}, {"type": "Feature", "geometry": {"type": "Point", "coordinates": [-40.364137, -20.334551]}, "properties": {"i": 449, "mun": 56251, "ibge": 3201308, "z": 34, "l": 2143, "nm": "EPSG PASSIONISTA", "nm_mun": "CARIACICA", "aptos": 2738, "imp": 0}}, {"type": "Feature", "geometry": {"type": "Point", "coordinates": [-40.365746, -20.337846]}, "properties": {"i": 450, "mun": 56251, "ibge": 3201308, "z": 34, "l": 2151, "nm": "EMEF ECIM DR. AFONSO SCHWAB", "nm_mun": "CARIACICA", "aptos": 2543, "imp": 0}}, {"type": "Feature", "geometry": {"type": "Point", "coordinates": [-40.42891, -20.323626]}, "properties": {"i": 451, "mun": 56251, "ibge": 3201308, "z": 34, "l": 2160, "nm": "EMEF ANTERO JOSÉ DO NASCIMENTO (REIS MAGOS)", "nm_mun": "CARIACICA", "aptos": 3620, "imp": 0}}, {"type": "Feature", "geometry": {"type": "Point", "coordinates": [-40.437309, -20.317195]}, "properties": {"i": 452, "mun": 56251, "ibge": 3201308, "z": 34, "l": 2178, "nm": "EMEF EUVIRA BENEDITA CARDOSO DA SILVA", "nm_mun": "CARIACICA", "aptos": 2635, "imp": 0}}, {"type": "Feature", "geometry": {"type": "Point", "coordinates": [-40.368726, -20.344793]}, "properties": {"i": 453, "mun": 56251, "ibge": 3201308, "z": 34, "l": 2186, "nm": "EMEF AMENÓPHIS DE ASSIS", "nm_mun": "CARIACICA", "aptos": 3116, "imp": 0}}, {"type": "Feature", "geometry": {"type": "Point", "coordinates": [-40.395571, -20.337148]}, "properties": {"i": 454, "mun": 56251, "ibge": 3201308, "z": 34, "l": 2194, "nm": "EEEFM ARY PARREIRAS", "nm_mun": "CARIACICA", "aptos": 3746, "imp": 0}}, {"type": "Feature", "geometry": {"type": "Point", "coordinates": [-40.394491, -20.332632]}, "properties": {"i": 455, "mun": 56251, "ibge": 3201308, "z": 34, "l": 2208, "nm": "EMEF MARÍLIA DE REZENDE COUTINHO", "nm_mun": "CARIACICA", "aptos": 2309, "imp": 0}}, {"type": "Feature", "geometry": {"type": "Point", "coordinates": [-40.361294, -20.328716]}, "properties": {"i": 456, "mun": 56251, "ibge": 3201308, "z": 34, "l": 2216, "nm": "CMEI JOSE LUIS ARAUJO", "nm_mun": "CARIACICA", "aptos": 1164, "imp": 0}}, {"type": "Feature", "geometry": {"type": "Point", "coordinates": [-40.407921, -20.332684]}, "properties": {"i": 457, "mun": 56251, "ibge": 3201308, "z": 34, "l": 2224, "nm": "EEEF JOSÉ VITOR FILHO (JARDIM FELIZ)", "nm_mun": "CARIACICA", "aptos": 1812, "imp": 0}}, {"type": "Feature", "geometry": {"type": "Point", "coordinates": [-40.40635, -20.349297]}, "properties": {"i": 458, "mun": 56251, "ibge": 3201308, "z": 34, "l": 2232, "nm": "EEEF JESUS CRISTO REI", "nm_mun": "CARIACICA", "aptos": 4961, "imp": 0}}, {"type": "Feature", "geometry": {"type": "Point", "coordinates": [-40.376211, -20.336535]}, "properties": {"i": 459, "mun": 56251, "ibge": 3201308, "z": 34, "l": 2240, "nm": "CMEI MARIA APARECIDA LACERDA MOURA", "nm_mun": "CARIACICA", "aptos": 1195, "imp": 0}}, {"type": "Feature", "geometry": {"type": "Point", "coordinates": [-40.373128, -20.338553]}, "properties": {"i": 460, "mun": 56251, "ibge": 3201308, "z": 34, "l": 2259, "nm": "EMEFTI ANTÔNIO ESTEVES", "nm_mun": "CARIACICA", "aptos": 1310, "imp": 0}}, {"type": "Feature", "geometry": {"type": "Point", "coordinates": [-40.366587, -20.379596]}, "properties": {"i": 461, "mun": 56251, "ibge": 3201308, "z": 34, "l": 2275, "nm": "CMEI ABILIO LUIZ FAGUNDES", "nm_mun": "CARIACICA", "aptos": 1248, "imp": 0}}, {"type": "Feature", "geometry": {"type": "Point", "coordinates": [-40.373891, -20.366711]}, "properties": {"i": 462, "mun": 56251, "ibge": 3201308, "z": 34, "l": 2283, "nm": "EEEFM DR. JOSÉ MOYSES", "nm_mun": "CARIACICA", "aptos": 1708, "imp": 0}}, {"type": "Feature", "geometry": {"type": "Point", "coordinates": [-40.392789, -20.337329]}, "properties": {"i": 463, "mun": 56251, "ibge": 3201308, "z": 34, "l": 2291, "nm": "SESI", "nm_mun": "CARIACICA", "aptos": 933, "imp": 0}}, {"type": "Feature", "geometry": {"type": "Point", "coordinates": [-40.370437, -20.351631]}, "properties": {"i": 464, "mun": 56251, "ibge": 3201308, "z": 34, "l": 2313, "nm": "CMEI TARCILIO MONTANARI", "nm_mun": "CARIACICA", "aptos": 2424, "imp": 0}}, {"type": "Feature", "geometry": {"type": "Point", "coordinates": [-40.373855, -20.358669]}, "properties": {"i": 465, "mun": 56251, "ibge": 3201308, "z": 34, "l": 2321, "nm": "EEEFM NEA SALLES NUNES PEREIRA ( MARACANÃ )", "nm_mun": "CARIACICA", "aptos": 740, "imp": 0}}, {"type": "Feature", "geometry": {"type": "Point", "coordinates": [-40.368373, -20.347845]}, "properties": {"i": 466, "mun": 56251, "ibge": 3201308, "z": 34, "l": 2330, "nm": "CMEI JAIME DOS SANTOS NEVES", "nm_mun": "CARIACICA", "aptos": 3098, "imp": 1}}, {"type": "Feature", "geometry": {"type": "Point", "coordinates": [-40.394403, -20.362872]}, "properties": {"i": 467, "mun": 56251, "ibge": 3201308, "z": 34, "l": 2348, "nm": "CMEI ALTIVA BELMOND DE CAMPOS", "nm_mun": "CARIACICA", "aptos": 910, "imp": 0}}, {"type": "Feature", "geometry": {"type": "Point", "coordinates": [-40.38914, -20.355542]}, "properties": {"i": 468, "mun": 56251, "ibge": 3201308, "z": 34, "l": 2356, "nm": "SESC", "nm_mun": "CARIACICA", "aptos": 1257, "imp": 0}}, {"type": "Feature", "geometry": {"type": "Point", "coordinates": [-40.368608, -20.360187]}, "properties": {"i": 469, "mun": 56251, "ibge": 3201308, "z": 34, "l": 2380, "nm": "EMEF NOÊMIA COSTA DE LIMA", "nm_mun": "CARIACICA", "aptos": 642, "imp": 0}}, {"type": "Feature", "geometry": {"type": "Point", "coordinates": [-40.27629, -20.23774]}, "properties": {"i": 470, "mun": 56251, "ibge": 3201308, "z": 34, "l": 2399, "nm": "CMEITI CELITA NASCIMENTO DA RÓS", "nm_mun": "CARIACICA", "aptos": 1251, "imp": 1}}, {"type": "Feature", "geometry": {"type": "Point", "coordinates": [-40.384045, -20.340006]}, "properties": {"i": 471, "mun": 56251, "ibge": 3201308, "z": 34, "l": 2410, "nm": "CENTRO EDUCACIONAL VINICIUS DE MORAES - CEVIM", "nm_mun": "CARIACICA", "aptos": 2860, "imp": 1}}, {"type": "Feature", "geometry": {"type": "Point", "coordinates": [-40.418555, -20.266426]}, "properties": {"i": 472, "mun": 56251, "ibge": 3201308, "z": 54, "l": 1015, "nm": "EMEF PROFESSOR AUGUSTO LUCIANO", "nm_mun": "CARIACICA", "aptos": 4490, "imp": 0}}, {"type": "Feature", "geometry": {"type": "Point", "coordinates": [-40.414672, -20.27303]}, "properties": {"i": 473, "mun": 56251, "ibge": 3201308, "z": 54, "l": 1031, "nm": "EEEFM SÃO JOÃO BATISTA", "nm_mun": "CARIACICA", "aptos": 6495, "imp": 0}}, {"type": "Feature", "geometry": {"type": "Point", "coordinates": [-40.401723, -20.280543]}, "properties": {"i": 474, "mun": 56251, "ibge": 3201308, "z": 54, "l": 1040, "nm": "EMEF VIRGÍLIO FRANCISCO SCHWAB", "nm_mun": "CARIACICA", "aptos": 3380, "imp": 0}}, {"type": "Feature", "geometry": {"type": "Point", "coordinates": [-40.406687, -20.294171]}, "properties": {"i": 475, "mun": 56251, "ibge": 3201308, "z": 54, "l": 1058, "nm": "EMEF MARIA GUILHERMINA DE CASTRO", "nm_mun": "CARIACICA", "aptos": 4102, "imp": 0}}, {"type": "Feature", "geometry": {"type": "Point", "coordinates": [-40.417522, -20.267001]}, "properties": {"i": 476, "mun": 56251, "ibge": 3201308, "z": 54, "l": 1074, "nm": "CMEI CLETO PRUDÊNCIO RODRIGUES", "nm_mun": "CARIACICA", "aptos": 1562, "imp": 0}}, {"type": "Feature", "geometry": {"type": "Point", "coordinates": [-40.391196, -20.311423]}, "properties": {"i": 477, "mun": 56251, "ibge": 3201308, "z": 54, "l": 1090, "nm": "EEEFM CORONEL OLIMPIO CUNHA", "nm_mun": "CARIACICA", "aptos": 5513, "imp": 0}}, {"type": "Feature", "geometry": {"type": "Point", "coordinates": [-40.388789, -20.312787]}, "properties": {"i": 478, "mun": 56251, "ibge": 3201308, "z": 54, "l": 1112, "nm": "CMEI DARCY RODRIGUES CARDOSO (DISNEILÂNDIA)", "nm_mun": "CARIACICA", "aptos": 1349, "imp": 0}}, {"type": "Feature", "geometry": {"type": "Point", "coordinates": [-40.374563, -20.326146]}, "properties": {"i": 479, "mun": 56251, "ibge": 3201308, "z": 54, "l": 1120, "nm": "CEEMTI PROFESSORA MARIA PENEDO - POLIVALENTE", "nm_mun": "CARIACICA", "aptos": 3007, "imp": 0}}, {"type": "Feature", "geometry": {"type": "Point", "coordinates": [-40.375772, -20.323363]}, "properties": {"i": 480, "mun": 56251, "ibge": 3201308, "z": 54, "l": 1139, "nm": "EMEF TERFINA ROCHA FERREIRA", "nm_mun": "CARIACICA", "aptos": 4636, "imp": 0}}, {"type": "Feature", "geometry": {"type": "Point", "coordinates": [-40.371615, -20.324036]}, "properties": {"i": 481, "mun": 56251, "ibge": 3201308, "z": 54, "l": 1147, "nm": "INSTITUTO FEDERAL DO ESPÍRITO SANTO - IFES", "nm_mun": "CARIACICA", "aptos": 3720, "imp": 0}}, {"type": "Feature", "geometry": {"type": "Point", "coordinates": [-40.388019, -20.32411]}, "properties": {"i": 482, "mun": 56251, "ibge": 3201308, "z": 54, "l": 1171, "nm": "CMEI CORINA SERRANO MOTA (BRANCA DE NEVE)", "nm_mun": "CARIACICA", "aptos": 1985, "imp": 0}}, {"type": "Feature", "geometry": {"type": "Point", "coordinates": [-40.392197, -20.326424]}, "properties": {"i": 483, "mun": 56251, "ibge": 3201308, "z": 54, "l": 1180, "nm": "EEEF JOSÉ MARIA FERREIRA", "nm_mun": "CARIACICA", "aptos": 4123, "imp": 0}}, {"type": "Feature", "geometry": {"type": "Point", "coordinates": [-40.380953, -20.329819]}, "properties": {"i": 484, "mun": 56251, "ibge": 3201308, "z": 54, "l": 1198, "nm": "EMEF NOSSA SENHORA APARECIDA", "nm_mun": "CARIACICA", "aptos": 2748, "imp": 0}}, {"type": "Feature", "geometry": {"type": "Point", "coordinates": [-40.379483, -20.328101]}, "properties": {"i": 485, "mun": 56251, "ibge": 3201308, "z": 54, "l": 1201, "nm": "EMEF ÁLVARO ARMELONI", "nm_mun": "CARIACICA", "aptos": 2159, "imp": 0}}, {"type": "Feature", "geometry": {"type": "Point", "coordinates": [-40.402789, -20.331059]}, "properties": {"i": 486, "mun": 56251, "ibge": 3201308, "z": 54, "l": 1210, "nm": "EMEF ÂNGELO ZANI", "nm_mun": "CARIACICA", "aptos": 3251, "imp": 0}}, {"type": "Feature", "geometry": {"type": "Point", "coordinates": [-40.395933, -20.269082]}, "properties": {"i": 487, "mun": 56251, "ibge": 3201308, "z": 54, "l": 1481, "nm": "EMEF ROSA MARIA REIS", "nm_mun": "CARIACICA", "aptos": 1704, "imp": 0}}, {"type": "Feature", "geometry": {"type": "Point", "coordinates": [-40.390851, -20.328731]}, "properties": {"i": 488, "mun": 56251, "ibge": 3201308, "z": 54, "l": 1503, "nm": "EEEFM PROFESSOR JOAQUIM BARBOSA QUITIBA", "nm_mun": "CARIACICA", "aptos": 4614, "imp": 0}}, {"type": "Feature", "geometry": {"type": "Point", "coordinates": [-40.405081, -20.301139]}, "properties": {"i": 489, "mun": 56251, "ibge": 3201308, "z": 54, "l": 1511, "nm": "EEEFM JOSÉ RODRIGUES COUTINHO", "nm_mun": "CARIACICA", "aptos": 2358, "imp": 0}}, {"type": "Feature", "geometry": {"type": "Point", "coordinates": [-40.391542, -20.320153]}, "properties": {"i": 490, "mun": 56251, "ibge": 3201308, "z": 54, "l": 1597, "nm": "EMEFTI LEONILDA DAS GRAÇAS LANGA", "nm_mun": "CARIACICA", "aptos": 1487, "imp": 0}}, {"type": "Feature", "geometry": {"type": "Point", "coordinates": [-40.447135, -20.314623]}, "properties": {"i": 491, "mun": 56251, "ibge": 3201308, "z": 54, "l": 1635, "nm": "ANEXO DA ECECTI MARGARETE CRUZ PEREIRA(ANTIGA ESCOLA ILDA MEIRELLES)", "nm_mun": "CARIACICA", "aptos": 540, "imp": 0}}, {"type": "Feature", "geometry": {"type": "Point", "coordinates": [-40.392638, -20.259824]}, "properties": {"i": 492, "mun": 56251, "ibge": 3201308, "z": 54, "l": 1821, "nm": "EMEF PADRE ANTHONIUS LUTE", "nm_mun": "CARIACICA", "aptos": 1255, "imp": 0}}, {"type": "Feature", "geometry": {"type": "Point", "coordinates": [-40.424947, -20.26215]}, "properties": {"i": 493, "mun": 56251, "ibge": 3201308, "z": 54, "l": 1864, "nm": "EMEF VALDICI ALVES BAIER", "nm_mun": "CARIACICA", "aptos": 2785, "imp": 0}}, {"type": "Feature", "geometry": {"type": "Point", "coordinates": [-40.370857, -20.298255]}, "properties": {"i": 494, "mun": 56251, "ibge": 3201308, "z": 54, "l": 1937, "nm": "EMEF PADRE GABRIEL ROGER MAIRE - CAIC", "nm_mun": "CARIACICA", "aptos": 4910, "imp": 0}}, {"type": "Feature", "geometry": {"type": "Point", "coordinates": [-40.381915, -20.262265]}, "properties": {"i": 495, "mun": 56251, "ibge": 3201308, "z": 54, "l": 1945, "nm": "EEEFM SATURNINO RANGEL MAURO", "nm_mun": "CARIACICA", "aptos": 3263, "imp": 0}}, {"type": "Feature", "geometry": {"type": "Point", "coordinates": [-40.378939, -20.289514]}, "properties": {"i": 496, "mun": 56251, "ibge": 3201308, "z": 54, "l": 1953, "nm": "CMEI APARECIDA DA CONCEIÇÃO CASAGRANDE CAMILIO", "nm_mun": "CARIACICA", "aptos": 2353, "imp": 0}}, {"type": "Feature", "geometry": {"type": "Point", "coordinates": [-40.37809, -20.289288]}, "properties": {"i": 497, "mun": 56251, "ibge": 3201308, "z": 54, "l": 1961, "nm": "EEEFM ANA LOPES BALESTREIRO", "nm_mun": "CARIACICA", "aptos": 3772, "imp": 0}}, {"type": "Feature", "geometry": {"type": "Point", "coordinates": [-40.367184, -20.308297]}, "properties": {"i": 498, "mun": 56251, "ibge": 3201308, "z": 54, "l": 1970, "nm": "CEEFTI PRESIDENTE CASTELO BRANCO", "nm_mun": "CARIACICA", "aptos": 2591, "imp": 0}}, {"type": "Feature", "geometry": {"type": "Point", "coordinates": [-40.367214, -20.308566]}, "properties": {"i": 499, "mun": 56251, "ibge": 3201308, "z": 54, "l": 1988, "nm": "CAT-INDª ARNALDO MAGALHES FILHO - SESI", "nm_mun": "CARIACICA", "aptos": 3144, "imp": 0}}, {"type": "Feature", "geometry": {"type": "Point", "coordinates": [-40.375088, -20.306066]}, "properties": {"i": 500, "mun": 56251, "ibge": 3201308, "z": 54, "l": 2003, "nm": "EMEF ARTHUR DA COSTA E SILVA", "nm_mun": "CARIACICA", "aptos": 3636, "imp": 0}}, {"type": "Feature", "geometry": {"type": "Point", "coordinates": [-40.37615, -20.301139]}, "properties": {"i": 501, "mun": 56251, "ibge": 3201308, "z": 54, "l": 2011, "nm": "EMEF ANTONIO COUTINHO DE OLIVEIRA", "nm_mun": "CARIACICA", "aptos": 861, "imp": 0}}, {"type": "Feature", "geometry": {"type": "Point", "coordinates": [-40.39368, -20.302642]}, "properties": {"i": 502, "mun": 56251, "ibge": 3201308, "z": 54, "l": 2020, "nm": "EEEFM MARIA DE LOURDES POYARES LABUTO", "nm_mun": "CARIACICA", "aptos": 4066, "imp": 0}}, {"type": "Feature", "geometry": {"type": "Point", "coordinates": [-40.369993, -20.308177]}, "properties": {"i": 503, "mun": 56251, "ibge": 3201308, "z": 54, "l": 2038, "nm": "EMEF JOÃO PEDRO DA SILVA", "nm_mun": "CARIACICA", "aptos": 2630, "imp": 0}}, {"type": "Feature", "geometry": {"type": "Point", "coordinates": [-40.366779, -20.312698]}, "properties": {"i": 504, "mun": 56251, "ibge": 3201308, "z": 54, "l": 2054, "nm": "EEEFM JOÃO CRISÓSTOMO BELESA", "nm_mun": "CARIACICA", "aptos": 2263, "imp": 0}}, {"type": "Feature", "geometry": {"type": "Point", "coordinates": [-40.37592, -20.285809]}, "properties": {"i": 505, "mun": 56251, "ibge": 3201308, "z": 54, "l": 2062, "nm": "EEEF MANOEL PASCHOAL DE OLIVEIRA", "nm_mun": "CARIACICA", "aptos": 3918, "imp": 0}}, {"type": "Feature", "geometry": {"type": "Point", "coordinates": [-40.388468, -20.263107]}, "properties": {"i": 506, "mun": 56251, "ibge": 3201308, "z": 54, "l": 2070, "nm": "EEEFM ZAIRA MANHÃES DE ANDRADE", "nm_mun": "CARIACICA", "aptos": 5118, "imp": 0}}, {"type": "Feature", "geometry": {"type": "Point", "coordinates": [-40.360856, -20.328125]}, "properties": {"i": 507, "mun": 56251, "ibge": 3201308, "z": 54, "l": 2089, "nm": "EMEF OLIVEIRA CASTRO", "nm_mun": "CARIACICA", "aptos": 3112, "imp": 0}}, {"type": "Feature", "geometry": {"type": "Point", "coordinates": [-40.360233, -20.325357]}, "properties": {"i": 508, "mun": 56251, "ibge": 3201308, "z": 54, "l": 2097, "nm": "CMEI ANA LÚCIA FERREIRA DA SILVA", "nm_mun": "CARIACICA", "aptos": 1170, "imp": 0}}, {"type": "Feature", "geometry": {"type": "Point", "coordinates": [-40.361296, -20.328672]}, "properties": {"i": 509, "mun": 56251, "ibge": 3201308, "z": 54, "l": 2119, "nm": "CMEI HILDA SCARPINO (ANTIGO PRESIDENTE MÉDICI)", "nm_mun": "CARIACICA", "aptos": 3337, "imp": 0}}, {"type": "Feature", "geometry": {"type": "Point", "coordinates": [-40.355958, -20.260613]}, "properties": {"i": 510, "mun": 56251, "ibge": 3201308, "z": 54, "l": 2127, "nm": "EMEF PROFESSORA TÂNIA PONCIO LEITE", "nm_mun": "CARIACICA", "aptos": 363, "imp": 0}}, {"type": "Feature", "geometry": {"type": "Point", "coordinates": [-40.368272, -20.325486]}, "properties": {"i": 511, "mun": 56251, "ibge": 3201308, "z": 54, "l": 2135, "nm": "EMEF IRACY GOBBI", "nm_mun": "CARIACICA", "aptos": 1600, "imp": 0}}, {"type": "Feature", "geometry": {"type": "Point", "coordinates": [-40.385439, -20.304733]}, "properties": {"i": 512, "mun": 56251, "ibge": 3201308, "z": 54, "l": 2143, "nm": "EMEF LAURINDA PEREIRA DO NASCIMENTO", "nm_mun": "CARIACICA", "aptos": 2964, "imp": 0}}, {"type": "Feature", "geometry": {"type": "Point", "coordinates": [-40.384189, -20.25207]}, "properties": {"i": 513, "mun": 56251, "ibge": 3201308, "z": 54, "l": 2151, "nm": "EMEF TEOTÔNIO BRANDÃO VILELA", "nm_mun": "CARIACICA", "aptos": 4344, "imp": 0}}, {"type": "Feature", "geometry": {"type": "Point", "coordinates": [-40.368309, -20.329304]}, "properties": {"i": 514, "mun": 56251, "ibge": 3201308, "z": 54, "l": 2160, "nm": "EEEFM PROFESSORA MARIA DE LOURDES SANTOS SILVA", "nm_mun": "CARIACICA", "aptos": 4663, "imp": 0}}, {"type": "Feature", "geometry": {"type": "Point", "coordinates": [-40.36649, -20.321885]}, "properties": {"i": 515, "mun": 56251, "ibge": 3201308, "z": 54, "l": 2178, "nm": "EMEF JOCARLY GOMES SALLES - ANTIGO ITAGIBA ESCOBAR", "nm_mun": "CARIACICA", "aptos": 2376, "imp": 0}}, {"type": "Feature", "geometry": {"type": "Point", "coordinates": [-40.383588, -20.293699]}, "properties": {"i": 516, "mun": 56251, "ibge": 3201308, "z": 54, "l": 2194, "nm": "EMEF AGUSTINHA MUNIZ DE OLIVEIRA", "nm_mun": "CARIACICA", "aptos": 267, "imp": 1}}, {"type": "Feature", "geometry": {"type": "Point", "coordinates": [-41.205155, -20.603033]}, "properties": {"i": 517, "mun": 56278, "ibge": 3201407, "z": 3, "l": 1015, "nm": "CEET EMÍLIO NEMER", "nm_mun": "CASTELO", "aptos": 1189, "imp": 0}}, {"type": "Feature", "geometry": {"type": "Point", "coordinates": [-41.202813, -20.609722]}, "properties": {"i": 518, "mun": 56278, "ibge": 3201407, "z": 3, "l": 1023, "nm": "EEEFM JOÃO BLEY", "nm_mun": "CASTELO", "aptos": 3821, "imp": 0}}, {"type": "Feature", "geometry": {"type": "Point", "coordinates": [-41.209375, -20.602361]}, "properties": {"i": 519, "mun": 56278, "ibge": 3201407, "z": 3, "l": 1031, "nm": "EMEIEF MADALENA PISA", "nm_mun": "CASTELO", "aptos": 3899, "imp": 0}}, {"type": "Feature", "geometry": {"type": "Point", "coordinates": [-41.203531, -20.605679]}, "properties": {"i": 520, "mun": 56278, "ibge": 3201407, "z": 3, "l": 1040, "nm": "EMEIEF NESTOR GOMES", "nm_mun": "CASTELO", "aptos": 2522, "imp": 0}}, {"type": "Feature", "geometry": {"type": "Point", "coordinates": [-41.208956, -20.641756]}, "properties": {"i": 521, "mun": 56278, "ibge": 3201407, "z": 3, "l": 1066, "nm": "EMEIEF FELINTO MARTINS", "nm_mun": "CASTELO", "aptos": 2460, "imp": 0}}, {"type": "Feature", "geometry": {"type": "Point", "coordinates": [-41.313915, -20.58383]}, "properties": {"i": 522, "mun": 56278, "ibge": 3201407, "z": 3, "l": 1074, "nm": "EMEIEF DELZA FRASSON", "nm_mun": "CASTELO", "aptos": 1311, "imp": 0}}, {"type": "Feature", "geometry": {"type": "Point", "coordinates": [-41.205203, -20.609839]}, "properties": {"i": 523, "mun": 56278, "ibge": 3201407, "z": 3, "l": 1112, "nm": "IGREJA MATRIZ", "nm_mun": "CASTELO", "aptos": 471, "imp": 0}}, {"type": "Feature", "geometry": {"type": "Point", "coordinates": [-41.205715, -20.598614]}, "properties": {"i": 524, "mun": 56278, "ibge": 3201407, "z": 3, "l": 1139, "nm": "PRIMEIRA IGREJA BATISTA", "nm_mun": "CASTELO", "aptos": 728, "imp": 0}}, {"type": "Feature", "geometry": {"type": "Point", "coordinates": [-41.200336, -20.617907]}, "properties": {"i": 525, "mun": 56278, "ibge": 3201407, "z": 3, "l": 1155, "nm": "EMEIEF ESPLANADA", "nm_mun": "CASTELO", "aptos": 831, "imp": 0}}, {"type": "Feature", "geometry": {"type": "Point", "coordinates": [-41.076312, -20.568704]}, "properties": {"i": 526, "mun": 56278, "ibge": 3201407, "z": 3, "l": 1163, "nm": "EMEIEF ADILSON FURLAN", "nm_mun": "CASTELO", "aptos": 1003, "imp": 0}}, {"type": "Feature", "geometry": {"type": "Point", "coordinates": [-41.164485, -20.487365]}, "properties": {"i": 527, "mun": 56278, "ibge": 3201407, "z": 3, "l": 1171, "nm": "EMEIEF REINALDO FIM", "nm_mun": "CASTELO", "aptos": 1228, "imp": 0}}, {"type": "Feature", "geometry": {"type": "Point", "coordinates": [-41.170388, -20.532165]}, "properties": {"i": 528, "mun": 56278, "ibge": 3201407, "z": 3, "l": 1180, "nm": "EMEIEF JUAN ECHAVARRI ASIAIN", "nm_mun": "CASTELO", "aptos": 567, "imp": 0}}, {"type": "Feature", "geometry": {"type": "Point", "coordinates": [-41.229642, -20.509564]}, "properties": {"i": 529, "mun": 56278, "ibge": 3201407, "z": 3, "l": 1198, "nm": "EMEIEF ANTÔNIO SASSO", "nm_mun": "CASTELO", "aptos": 456, "imp": 0}}, {"type": "Feature", "geometry": {"type": "Point", "coordinates": [-41.282863, -20.548292]}, "properties": {"i": 530, "mun": 56278, "ibge": 3201407, "z": 3, "l": 1201, "nm": "CAPELA - IGREJA SÃO LUIZ GONZAGA", "nm_mun": "CASTELO", "aptos": 483, "imp": 0}}, {"type": "Feature", "geometry": {"type": "Point", "coordinates": [-41.139263, -20.477417]}, "properties": {"i": 531, "mun": 56278, "ibge": 3201407, "z": 3, "l": 1210, "nm": "IGREJA NOSSA SENHORA DO ROSÁRIO", "nm_mun": "CASTELO", "aptos": 316, "imp": 0}}, {"type": "Feature", "geometry": {"type": "Point", "coordinates": [-41.38469, -20.571153]}, "properties": {"i": 532, "mun": 56278, "ibge": 3201407, "z": 3, "l": 1228, "nm": "EMEIEF IRMÃOS MANGIFESTE", "nm_mun": "CASTELO", "aptos": 148, "imp": 0}}, {"type": "Feature", "geometry": {"type": "Point", "coordinates": [-41.273789, -20.608803]}, "properties": {"i": 533, "mun": 56278, "ibge": 3201407, "z": 3, "l": 1236, "nm": "EMEIEF RAFAEL CAMPANHA", "nm_mun": "CASTELO", "aptos": 520, "imp": 0}}, {"type": "Feature", "geometry": {"type": "Point", "coordinates": [-41.14206, -20.617695]}, "properties": {"i": 534, "mun": 56278, "ibge": 3201407, "z": 3, "l": 1244, "nm": "EMEIEF MONTE PIO", "nm_mun": "CASTELO", "aptos": 639, "imp": 0}}, {"type": "Feature", "geometry": {"type": "Point", "coordinates": [-41.206646, -20.631199]}, "properties": {"i": 535, "mun": 56278, "ibge": 3201407, "z": 3, "l": 1252, "nm": "CAPELA - IGREJA SANTA RITA DE CÁSSIA", "nm_mun": "CASTELO", "aptos": 589, "imp": 0}}, {"type": "Feature", "geometry": {"type": "Point", "coordinates": [-41.213232, -20.598619]}, "properties": {"i": 536, "mun": 56278, "ibge": 3201407, "z": 3, "l": 1260, "nm": "IGREJA SÃO FRANCISCO DE ASSIS", "nm_mun": "CASTELO", "aptos": 442, "imp": 0}}, {"type": "Feature", "geometry": {"type": "Point", "coordinates": [-41.19926, -20.604193]}, "properties": {"i": 537, "mun": 56278, "ibge": 3201407, "z": 3, "l": 1279, "nm": "CRAS - CENTRO DE REFERÊNCIA DA ASSISTÊNCIA SOCIAL", "nm_mun": "CASTELO", "aptos": 830, "imp": 0}}, {"type": "Feature", "geometry": {"type": "Point", "coordinates": [-41.204903, -20.597118]}, "properties": {"i": 538, "mun": 56278, "ibge": 3201407, "z": 3, "l": 1287, "nm": "EMEIEF CENTRO UNIFICADO CONSTANTINO JOSÉ VIEIRA", "nm_mun": "CASTELO", "aptos": 2580, "imp": 0}}, {"type": "Feature", "geometry": {"type": "Point", "coordinates": [-41.078743, -20.487261]}, "properties": {"i": 539, "mun": 56278, "ibge": 3201407, "z": 3, "l": 1295, "nm": "EMEIEF FORNO GRANDE", "nm_mun": "CASTELO", "aptos": 314, "imp": 0}}, {"type": "Feature", "geometry": {"type": "Point", "coordinates": [-41.20188, -20.603821]}, "properties": {"i": 540, "mun": 56278, "ibge": 3201407, "z": 3, "l": 1309, "nm": "CRECHE NOSSA SENHORA DA PENHA", "nm_mun": "CASTELO", "aptos": 890, "imp": 0}}, {"type": "Feature", "geometry": {"type": "Point", "coordinates": [-41.213167, -20.608063]}, "properties": {"i": 541, "mun": 56278, "ibge": 3201407, "z": 3, "l": 1325, "nm": "EMEIEF FREI JOSÉ OSÉS", "nm_mun": "CASTELO", "aptos": 613, "imp": 0}}, {"type": "Feature", "geometry": {"type": "Point", "coordinates": [-41.200336, -20.617907]}, "properties": {"i": 542, "mun": 56278, "ibge": 3201407, "z": 3, "l": 1333, "nm": "CEIM ERLITA BICALHO NEMER", "nm_mun": "CASTELO", "aptos": 1120, "imp": 0}}, {"type": "Feature", "geometry": {"type": "Point", "coordinates": [-40.656359, -20.351921]}, "properties": {"i": 543, "mun": 56278, "ibge": 3201407, "z": 3, "l": 1368, "nm": "CEIM MARIA DE LURDES DA SILVA BORTOLO", "nm_mun": "CASTELO", "aptos": 110, "imp": 1}}, {"type": "Feature", "geometry": {"type": "Point", "coordinates": [-40.632043, -19.5275]}, "properties": {"i": 544, "mun": 56294, "ibge": 3201506, "z": 6, "l": 1104, "nm": "EEEFM GERALDO VARGAS NOGUEIRA", "nm_mun": "COLATINA", "aptos": 4392, "imp": 0}}, {"type": "Feature", "geometry": {"type": "Point", "coordinates": [-40.61895, -19.511799]}, "properties": {"i": 545, "mun": 56294, "ibge": 3201506, "z": 6, "l": 1120, "nm": "EMEF DR. RAUL GIUBERTI", "nm_mun": "COLATINA", "aptos": 3296, "imp": 0}}, {"type": "Feature", "geometry": {"type": "Point", "coordinates": [-40.63631, -19.522519]}, "properties": {"i": 546, "mun": 56294, "ibge": 3201506, "z": 6, "l": 1139, "nm": "EEEFM HONÓRIO FRAGA", "nm_mun": "COLATINA", "aptos": 3797, "imp": 0}}, {"type": "Feature", "geometry": {"type": "Point", "coordinates": [-40.639505, -19.514687]}, "properties": {"i": 547, "mun": 56294, "ibge": 3201506, "z": 6, "l": 1147, "nm": "CEIM CARLOS ROBERTO MENEGATTI", "nm_mun": "COLATINA", "aptos": 2122, "imp": 0}}, {"type": "Feature", "geometry": {"type": "Point", "coordinates": [-40.647407, -19.519741]}, "properties": {"i": 548, "mun": 56294, "ibge": 3201506, "z": 6, "l": 1155, "nm": "EMEF MARIA DA LUZ GOTTI", "nm_mun": "COLATINA", "aptos": 3253, "imp": 0}}, {"type": "Feature", "geometry": {"type": "Point", "coordinates": [-40.638622, -19.526804]}, "properties": {"i": 549, "mun": 56294, "ibge": 3201506, "z": 6, "l": 1163, "nm": "EMEF EUGÊNIO MENEGHELLI", "nm_mun": "COLATINA", "aptos": 2996, "imp": 0}}, {"type": "Feature", "geometry": {"type": "Point", "coordinates": [-40.672908, -19.486832]}, "properties": {"i": 550, "mun": 56294, "ibge": 3201506, "z": 6, "l": 1171, "nm": "EMEF FERRÚCIO FORRECHI", "nm_mun": "COLATINA", "aptos": 1559, "imp": 0}}, {"type": "Feature", "geometry": {"type": "Point", "coordinates": [-40.662437, -19.527996]}, "properties": {"i": 551, "mun": 56294, "ibge": 3201506, "z": 6, "l": 1180, "nm": "EEEFM PROFESSORA NÉA MONTEIRO COSTA", "nm_mun": "COLATINA", "aptos": 3995, "imp": 0}}, {"type": "Feature", "geometry": {"type": "Point", "coordinates": [-40.773921, -19.472398]}, "properties": {"i": 552, "mun": 56294, "ibge": 3201506, "z": 6, "l": 1228, "nm": "EMUCOR JOSÉ FAQUINOTTI", "nm_mun": "COLATINA", "aptos": 275, "imp": 0}}, {"type": "Feature", "geometry": {"type": "Point", "coordinates": [-40.686698, -19.31038]}, "properties": {"i": 553, "mun": 56294, "ibge": 3201506, "z": 6, "l": 1376, "nm": "EMCOR PADRE FULGÊNCIO DO MENINO JESUS", "nm_mun": "COLATINA", "aptos": 933, "imp": 0}}, {"type": "Feature", "geometry": {"type": "Point", "coordinates": [-40.753344, -19.348085]}, "properties": {"i": 554, "mun": 56294, "ibge": 3201506, "z": 6, "l": 1406, "nm": "EMCOR SÃO JOÃO PEQUENO", "nm_mun": "COLATINA", "aptos": 781, "imp": 0}}, {"type": "Feature", "geometry": {"type": "Point", "coordinates": [-40.717114, -19.418878]}, "properties": {"i": 555, "mun": 56294, "ibge": 3201506, "z": 6, "l": 1414, "nm": "EMUCOR SÃO SALVADOR", "nm_mun": "COLATINA", "aptos": 219, "imp": 0}}, {"type": "Feature", "geometry": {"type": "Point", "coordinates": [-40.596536, -19.315987]}, "properties": {"i": 556, "mun": 56294, "ibge": 3201506, "z": 6, "l": 1422, "nm": "EMEIEF GRAÇA ARANHA", "nm_mun": "COLATINA", "aptos": 771, "imp": 0}}, {"type": "Feature", "geometry": {"type": "Point", "coordinates": [-40.624418, -19.51996]}, "properties": {"i": 557, "mun": 56294, "ibge": 3201506, "z": 6, "l": 1430, "nm": "EMEF JOSÉ FACHETTI", "nm_mun": "COLATINA", "aptos": 1779, "imp": 0}}, {"type": "Feature", "geometry": {"type": "Point", "coordinates": [-40.672406, -19.488202]}, "properties": {"i": 558, "mun": 56294, "ibge": 3201506, "z": 6, "l": 1449, "nm": "EMEF PROF. JOÃO ELIAS PANCOTO", "nm_mun": "COLATINA", "aptos": 2389, "imp": 0}}, {"type": "Feature", "geometry": {"type": "Point", "coordinates": [-40.814297, -19.467614]}, "properties": {"i": 559, "mun": 56294, "ibge": 3201506, "z": 6, "l": 1465, "nm": "EMUCOR FAZENDA RIVA", "nm_mun": "COLATINA", "aptos": 150, "imp": 0}}, {"type": "Feature", "geometry": {"type": "Point", "coordinates": [-40.840972, -19.450929]}, "properties": {"i": 560, "mun": 56294, "ibge": 3201506, "z": 6, "l": 1473, "nm": "EMUCOR FAZENDA MISTERIOSA", "nm_mun": "COLATINA", "aptos": 213, "imp": 0}}, {"type": "Feature", "geometry": {"type": "Point", "coordinates": [-40.816572, -19.444585]}, "properties": {"i": 561, "mun": 56294, "ibge": 3201506, "z": 6, "l": 1562, "nm": "EMPCOR CABECEIRA DE SÃO PEDRO", "nm_mun": "COLATINA", "aptos": 258, "imp": 0}}, {"type": "Feature", "geometry": {"type": "Point", "coordinates": [-40.773568, -19.311359]}, "properties": {"i": 562, "mun": 56294, "ibge": 3201506, "z": 6, "l": 1589, "nm": "EMUCOR AURÉLIO PRETTI", "nm_mun": "COLATINA", "aptos": 177, "imp": 0}}, {"type": "Feature", "geometry": {"type": "Point", "coordinates": [-40.75261, -19.397302]}, "properties": {"i": 563, "mun": 56294, "ibge": 3201506, "z": 6, "l": 1597, "nm": "EMPCOR FAZENDA NOSSA SENHORA APARECIDA", "nm_mun": "COLATINA", "aptos": 189, "imp": 0}}, {"type": "Feature", "geometry": {"type": "Point", "coordinates": [-40.697418, -19.371014]}, "properties": {"i": 564, "mun": 56294, "ibge": 3201506, "z": 6, "l": 1619, "nm": "EMUCOR CASCATINHA", "nm_mun": "COLATINA", "aptos": 113, "imp": 0}}, {"type": "Feature", "geometry": {"type": "Point", "coordinates": [-40.652645, -19.516835]}, "properties": {"i": 565, "mun": 56294, "ibge": 3201506, "z": 6, "l": 1635, "nm": "SENAI COLATINA", "nm_mun": "COLATINA", "aptos": 3032, "imp": 0}}, {"type": "Feature", "geometry": {"type": "Point", "coordinates": [-40.654589, -19.490857]}, "properties": {"i": 566, "mun": 56294, "ibge": 3201506, "z": 6, "l": 1643, "nm": "EMEFTI JOÃO MANOEL MENEGHELLI", "nm_mun": "COLATINA", "aptos": 3313, "imp": 0}}, {"type": "Feature", "geometry": {"type": "Point", "coordinates": [-40.704663, -19.524635]}, "properties": {"i": 567, "mun": 56294, "ibge": 3201506, "z": 6, "l": 1651, "nm": "EMEF COLUMBIA", "nm_mun": "COLATINA", "aptos": 3109, "imp": 0}}, {"type": "Feature", "geometry": {"type": "Point", "coordinates": [-40.657722, -19.521211]}, "properties": {"i": 568, "mun": 56294, "ibge": 3201506, "z": 6, "l": 1660, "nm": "EMEIEF AMÉLIO FORECHI", "nm_mun": "COLATINA", "aptos": 1598, "imp": 0}}, {"type": "Feature", "geometry": {"type": "Point", "coordinates": [-40.668631, -19.523643]}, "properties": {"i": 569, "mun": 56294, "ibge": 3201506, "z": 6, "l": 1686, "nm": "EMEIEF SÃO MARCOS", "nm_mun": "COLATINA", "aptos": 1381, "imp": 0}}, {"type": "Feature", "geometry": {"type": "Point", "coordinates": [-40.687689, -19.423755]}, "properties": {"i": 570, "mun": 56294, "ibge": 3201506, "z": 6, "l": 1694, "nm": "EPM PONTE DO PANCAS", "nm_mun": "COLATINA", "aptos": 486, "imp": 0}}, {"type": "Feature", "geometry": {"type": "Point", "coordinates": [-40.694852, -19.457831]}, "properties": {"i": 571, "mun": 56294, "ibge": 3201506, "z": 6, "l": 1716, "nm": "EPM QUINZE DE OUTUBRO", "nm_mun": "COLATINA", "aptos": 484, "imp": 0}}, {"type": "Feature", "geometry": {"type": "Point", "coordinates": [-40.648911, -19.521992]}, "properties": {"i": 572, "mun": 56294, "ibge": 3201506, "z": 6, "l": 1740, "nm": "EMEIEF MATILDE GUERRA COMÉRIO", "nm_mun": "COLATINA", "aptos": 3030, "imp": 0}}, {"type": "Feature", "geometry": {"type": "Point", "coordinates": [-40.614307, -19.521447]}, "properties": {"i": 573, "mun": 56294, "ibge": 3201506, "z": 6, "l": 1783, "nm": "IFES - INSTITUTO FEDERAL DO ESPÍRITO SANTO CAMPUS ITAPINA", "nm_mun": "COLATINA", "aptos": 502, "imp": 0}}, {"type": "Feature", "geometry": {"type": "Point", "coordinates": [-40.748351, -19.614186]}, "properties": {"i": 574, "mun": 56294, "ibge": 3201506, "z": 6, "l": 1791, "nm": "EMUCOR BARRA SECA", "nm_mun": "COLATINA", "aptos": 186, "imp": 0}}, {"type": "Feature", "geometry": {"type": "Point", "coordinates": [-40.63854, -19.539726]}, "properties": {"i": 575, "mun": 56294, "ibge": 3201506, "z": 6, "l": 1805, "nm": "EEEF DR. OCTÁVIO MANHÃES DE ANDRADE", "nm_mun": "COLATINA", "aptos": 1810, "imp": 0}}, {"type": "Feature", "geometry": {"type": "Point", "coordinates": [-40.620466, -19.549078]}, "properties": {"i": 576, "mun": 56294, "ibge": 3201506, "z": 6, "l": 1813, "nm": "CEIM VISTA DA SERRA", "nm_mun": "COLATINA", "aptos": 869, "imp": 0}}, {"type": "Feature", "geometry": {"type": "Point", "coordinates": [-40.634993, -19.538452]}, "properties": {"i": 577, "mun": 56294, "ibge": 3201506, "z": 6, "l": 1821, "nm": "EEEFM RUBENS RANGEL", "nm_mun": "COLATINA", "aptos": 2450, "imp": 0}}, {"type": "Feature", "geometry": {"type": "Point", "coordinates": [-40.621437, -19.532999]}, "properties": {"i": 578, "mun": 56294, "ibge": 3201506, "z": 6, "l": 1830, "nm": "EMEIEF CLERES MARTINS MOREIRA", "nm_mun": "COLATINA", "aptos": 2215, "imp": 0}}, {"type": "Feature", "geometry": {"type": "Point", "coordinates": [-40.628496, -19.543441]}, "properties": {"i": 579, "mun": 56294, "ibge": 3201506, "z": 6, "l": 1848, "nm": "EMEFTI LIONS CLUB DE COLATINA", "nm_mun": "COLATINA", "aptos": 2865, "imp": 0}}, {"type": "Feature", "geometry": {"type": "Point", "coordinates": [-40.626373, -19.539367]}, "properties": {"i": 580, "mun": 56294, "ibge": 3201506, "z": 6, "l": 1856, "nm": "CEIM LUIZA DE MARILAC", "nm_mun": "COLATINA", "aptos": 1182, "imp": 0}}, {"type": "Feature", "geometry": {"type": "Point", "coordinates": [-40.668429, -19.543606]}, "properties": {"i": 581, "mun": 56294, "ibge": 3201506, "z": 6, "l": 1864, "nm": "EPM ROTARY CLUB", "nm_mun": "COLATINA", "aptos": 783, "imp": 0}}, {"type": "Feature", "geometry": {"type": "Point", "coordinates": [-40.737642, -19.58714]}, "properties": {"i": 582, "mun": 56294, "ibge": 3201506, "z": 6, "l": 1872, "nm": "EMCOR FAZENDA PINOTTI", "nm_mun": "COLATINA", "aptos": 303, "imp": 0}}, {"type": "Feature", "geometry": {"type": "Point", "coordinates": [-40.619445, -19.530229]}, "properties": {"i": 583, "mun": 56294, "ibge": 3201506, "z": 6, "l": 1880, "nm": "EMEIEFTI OSEAS RANGEL DE AMORIM", "nm_mun": "COLATINA", "aptos": 2237, "imp": 0}}, {"type": "Feature", "geometry": {"type": "Point", "coordinates": [-40.629413, -19.551046]}, "properties": {"i": 584, "mun": 56294, "ibge": 3201506, "z": 6, "l": 1899, "nm": "EMEFTI ADWALTER RIBEIRO SOARES", "nm_mun": "COLATINA", "aptos": 2632, "imp": 0}}, {"type": "Feature", "geometry": {"type": "Point", "coordinates": [-40.619388, -19.633584]}, "properties": {"i": 585, "mun": 56294, "ibge": 3201506, "z": 6, "l": 1902, "nm": "EMEIEF ERNESTO CORRADI", "nm_mun": "COLATINA", "aptos": 1196, "imp": 0}}, {"type": "Feature", "geometry": {"type": "Point", "coordinates": [-40.771773, -19.584161]}, "properties": {"i": 586, "mun": 56294, "ibge": 3201506, "z": 6, "l": 1910, "nm": "EMUCOR NOSSA SENHORA DAS GRAÇAS", "nm_mun": "COLATINA", "aptos": 213, "imp": 0}}, {"type": "Feature", "geometry": {"type": "Point", "coordinates": [-40.576832, -19.521199]}, "properties": {"i": 587, "mun": 56294, "ibge": 3201506, "z": 6, "l": 1929, "nm": "EMEF GODOFREDO CHAVES BAIÃO", "nm_mun": "COLATINA", "aptos": 654, "imp": 0}}, {"type": "Feature", "geometry": {"type": "Point", "coordinates": [-40.813483, -19.533322]}, "properties": {"i": 588, "mun": 56294, "ibge": 3201506, "z": 6, "l": 1937, "nm": "EMEIEF MARIA ORTIZ", "nm_mun": "COLATINA", "aptos": 677, "imp": 0}}, {"type": "Feature", "geometry": {"type": "Point", "coordinates": [-40.628563, -19.542143]}, "properties": {"i": 589, "mun": 56294, "ibge": 3201506, "z": 6, "l": 1945, "nm": "EMEIEF LUIZ DALLA BERNARDINA", "nm_mun": "COLATINA", "aptos": 1944, "imp": 0}}, {"type": "Feature", "geometry": {"type": "Point", "coordinates": [-40.506103, -19.571299]}, "properties": {"i": 590, "mun": 56294, "ibge": 3201506, "z": 6, "l": 1953, "nm": "EMEIEF PROFESSORA  LUIZA CREMA", "nm_mun": "COLATINA", "aptos": 1220, "imp": 0}}, {"type": "Feature", "geometry": {"type": "Point", "coordinates": [-40.55202, -19.628253]}, "properties": {"i": 591, "mun": 56294, "ibge": 3201506, "z": 6, "l": 1961, "nm": "EMUCOR POVOAÇÃO DE BAUNILHA", "nm_mun": "COLATINA", "aptos": 369, "imp": 0}}, {"type": "Feature", "geometry": {"type": "Point", "coordinates": [-40.626882, -19.53369]}, "properties": {"i": 592, "mun": 56294, "ibge": 3201506, "z": 6, "l": 1970, "nm": "CEEFMTI CONDE DE LINHARES", "nm_mun": "COLATINA", "aptos": 3327, "imp": 0}}, {"type": "Feature", "geometry": {"type": "Point", "coordinates": [-40.635253, -19.545992]}, "properties": {"i": 593, "mun": 56294, "ibge": 3201506, "z": 6, "l": 1988, "nm": "EMEIEF DR. CARLOS GERMANO NAUMANN", "nm_mun": "COLATINA", "aptos": 1445, "imp": 0}}, {"type": "Feature", "geometry": {"type": "Point", "coordinates": [-40.628495, -19.534526]}, "properties": {"i": 594, "mun": 56294, "ibge": 3201506, "z": 6, "l": 1996, "nm": "SESC SERVIÇO SOCIAL DO COMÉRCIO", "nm_mun": "COLATINA", "aptos": 2691, "imp": 0}}, {"type": "Feature", "geometry": {"type": "Point", "coordinates": [-40.635204, -19.552635]}, "properties": {"i": 595, "mun": 56294, "ibge": 3201506, "z": 6, "l": 2003, "nm": "EMEF CORONEL VIRGÍNIO CALMON", "nm_mun": "COLATINA", "aptos": 2052, "imp": 0}}, {"type": "Feature", "geometry": {"type": "Point", "coordinates": [-40.768571, -19.559315]}, "properties": {"i": 596, "mun": 56294, "ibge": 3201506, "z": 6, "l": 2011, "nm": "CENTRO COMUNITÁRIO KNAAK", "nm_mun": "COLATINA", "aptos": 277, "imp": 0}}, {"type": "Feature", "geometry": {"type": "Point", "coordinates": [-40.627116, -19.538785]}, "properties": {"i": 597, "mun": 56294, "ibge": 3201506, "z": 6, "l": 2020, "nm": "EMEF HUMBERTO DE CAMPOS", "nm_mun": "COLATINA", "aptos": 1174, "imp": 0}}, {"type": "Feature", "geometry": {"type": "Point", "coordinates": [-40.622509, -19.540744]}, "properties": {"i": 598, "mun": 56294, "ibge": 3201506, "z": 6, "l": 2038, "nm": "EMEFTI BELMIRO TEIXEIRA PIMENTA", "nm_mun": "COLATINA", "aptos": 446, "imp": 0}}, {"type": "Feature", "geometry": {"type": "Point", "coordinates": [-40.663261, -19.528372]}, "properties": {"i": 599, "mun": 56294, "ibge": 3201506, "z": 6, "l": 2046, "nm": "CEIM NOSSA SENHORA DA PENHA", "nm_mun": "COLATINA", "aptos": 1403, "imp": 0}}, {"type": "Feature", "geometry": {"type": "Point", "coordinates": [-40.456333, -19.25465]}, "properties": {"i": 600, "mun": 56308, "ibge": 3202256, "z": 51, "l": 1015, "nm": "EMEF BELIZÁRIO GUSMÃO", "nm_mun": "GOVERNADOR LINDENBERG", "aptos": 1986, "imp": 0}}, {"type": "Feature", "geometry": {"type": "Point", "coordinates": [-40.462485, -19.252862]}, "properties": {"i": 601, "mun": 56308, "ibge": 3202256, "z": 51, "l": 1023, "nm": "EEEFM PROF SANTOS PINTO", "nm_mun": "GOVERNADOR LINDENBERG", "aptos": 2044, "imp": 0}}, {"type": "Feature", "geometry": {"type": "Point", "coordinates": [-40.511452, -19.235817]}, "properties": {"i": 602, "mun": 56308, "ibge": 3202256, "z": 51, "l": 1031, "nm": "EEEF DR MOACIR AVIDOS", "nm_mun": "GOVERNADOR LINDENBERG", "aptos": 1806, "imp": 0}}, {"type": "Feature", "geometry": {"type": "Point", "coordinates": [-40.467232, -19.141419]}, "properties": {"i": 603, "mun": 56308, "ibge": 3202256, "z": 51, "l": 1040, "nm": "EEEF IRINEU MORELLO", "nm_mun": "GOVERNADOR LINDENBERG", "aptos": 1022, "imp": 0}}, {"type": "Feature", "geometry": {"type": "Point", "coordinates": [-40.395632, -19.111151]}, "properties": {"i": 604, "mun": 56308, "ibge": 3202256, "z": 51, "l": 1058, "nm": "EUMEF BAIXO MOACIR", "nm_mun": "GOVERNADOR LINDENBERG", "aptos": 324, "imp": 0}}, {"type": "Feature", "geometry": {"type": "Point", "coordinates": [-40.593461, -19.224809]}, "properties": {"i": 605, "mun": 56308, "ibge": 3202256, "z": 51, "l": 1066, "nm": "EEEFM PROF CARLOS MENDES", "nm_mun": "GOVERNADOR LINDENBERG", "aptos": 1929, "imp": 0}}, {"type": "Feature", "geometry": {"type": "Point", "coordinates": [-39.730497, -18.59454]}, "properties": {"i": 606, "mun": 56316, "ibge": 3201605, "z": 27, "l": 1023, "nm": "EEEFM PROF. JOAQUIM FONSECA", "nm_mun": "CONCEIÇÃO DA BARRA", "aptos": 2232, "imp": 0}}, {"type": "Feature", "geometry": {"type": "Point", "coordinates": [-39.731413, -18.589835]}, "properties": {"i": 607, "mun": 56316, "ibge": 3201605, "z": 27, "l": 1058, "nm": "EMEF DR. MÁRIO VELLO SILVARES", "nm_mun": "CONCEIÇÃO DA BARRA", "aptos": 3228, "imp": 0}}, {"type": "Feature", "geometry": {"type": "Point", "coordinates": [-39.733275, -18.58889]}, "properties": {"i": 608, "mun": 56316, "ibge": 3201605, "z": 27, "l": 1066, "nm": "EMEIEF ÂNGELO LUIZ SAGRILLO SMIDERLE", "nm_mun": "CONCEIÇÃO DA BARRA", "aptos": 1550, "imp": 0}}, {"type": "Feature", "geometry": {"type": "Point", "coordinates": [-39.927511, -18.480723]}, "properties": {"i": 609, "mun": 56316, "ibge": 3201605, "z": 27, "l": 1074, "nm": "EMEF GENTIL LOPES DA CUNHA", "nm_mun": "CONCEIÇÃO DA BARRA", "aptos": 1204, "imp": 0}}, {"type": "Feature", "geometry": {"type": "Point", "coordinates": [-39.70927, -18.420008]}, "properties": {"i": 610, "mun": 56316, "ibge": 3201605, "z": 27, "l": 1082, "nm": "EMEF BENÔNIO FALCÃO DE GOUVÊA", "nm_mun": "CONCEIÇÃO DA BARRA", "aptos": 1563, "imp": 0}}, {"type": "Feature", "geometry": {"type": "Point", "coordinates": [-39.928888, -18.436942]}, "properties": {"i": 611, "mun": 56316, "ibge": 3201605, "z": 27, "l": 1104, "nm": "EMEF JORGE DUFFLES ANDRADE DONATI", "nm_mun": "CONCEIÇÃO DA BARRA", "aptos": 2786, "imp": 0}}, {"type": "Feature", "geometry": {"type": "Point", "coordinates": [-39.930388, -18.432003]}, "properties": {"i": 612, "mun": 56316, "ibge": 3201605, "z": 27, "l": 1112, "nm": "EPG JOSÉ CARLOS CASTRO", "nm_mun": "CONCEIÇÃO DA BARRA", "aptos": 2427, "imp": 0}}, {"type": "Feature", "geometry": {"type": "Point", "coordinates": [-39.930396, -18.432532]}, "properties": {"i": 613, "mun": 56316, "ibge": 3201605, "z": 27, "l": 1120, "nm": "CENTRO INTEGRADO DE EDUCAÇÃO COMPLEMENTAR (CIEC) - COZINHA INDUSTRIAL", "nm_mun": "CONCEIÇÃO DA BARRA", "aptos": 1912, "imp": 0}}, {"type": "Feature", "geometry": {"type": "Point", "coordinates": [-39.940664, -18.425655]}, "properties": {"i": 614, "mun": 56316, "ibge": 3201605, "z": 27, "l": 1139, "nm": "EMEF MARIA CARELLI LOMONTE", "nm_mun": "CONCEIÇÃO DA BARRA", "aptos": 1830, "imp": 0}}, {"type": "Feature", "geometry": {"type": "Point", "coordinates": [-39.755735, -18.570207]}, "properties": {"i": 615, "mun": 56316, "ibge": 3201605, "z": 27, "l": 1260, "nm": "EMEF PROFA. DEOLINDA LAGE", "nm_mun": "CONCEIÇÃO DA BARRA", "aptos": 1492, "imp": 0}}, {"type": "Feature", "geometry": {"type": "Point", "coordinates": [-39.758449, -18.655559]}, "properties": {"i": 616, "mun": 56316, "ibge": 3201605, "z": 27, "l": 1287, "nm": "EMEF MOACYR MARTINS PESTANA (MELEIRA)", "nm_mun": "CONCEIÇÃO DA BARRA", "aptos": 412, "imp": 0}}, {"type": "Feature", "geometry": {"type": "Point", "coordinates": [-39.739836, -18.586715]}, "properties": {"i": 617, "mun": 56316, "ibge": 3201605, "z": 27, "l": 1295, "nm": "EMEF ASTROGILDO CARNERO SETUBAL", "nm_mun": "CONCEIÇÃO DA BARRA", "aptos": 1927, "imp": 0}}, {"type": "Feature", "geometry": {"type": "Point", "coordinates": [-39.731413, -18.589835]}, "properties": {"i": 618, "mun": 56316, "ibge": 3201605, "z": 27, "l": 1309, "nm": "U.A.B. - UNIVERSIDADE ABERTA DO BRASIL (CMEAD)", "nm_mun": "CONCEIÇÃO DA BARRA", "aptos": 1001, "imp": 0}}, {"type": "Feature", "geometry": {"type": "Point", "coordinates": [-39.871824, -18.289661]}, "properties": {"i": 619, "mun": 56316, "ibge": 3201605, "z": 27, "l": 1317, "nm": "EEEF VALDÍCIO BARBOSA DOS SANTOS", "nm_mun": "CONCEIÇÃO DA BARRA", "aptos": 248, "imp": 0}}, {"type": "Feature", "geometry": {"type": "Point", "coordinates": [-39.788432, -18.365989]}, "properties": {"i": 620, "mun": 56316, "ibge": 3201605, "z": 27, "l": 1325, "nm": "EEEF CÓRREGO DO CEDRO", "nm_mun": "CONCEIÇÃO DA BARRA", "aptos": 286, "imp": 0}}, {"type": "Feature", "geometry": {"type": "Point", "coordinates": [-40.395078, -18.883569]}, "properties": {"i": 621, "mun": 56316, "ibge": 3201605, "z": 27, "l": 1333, "nm": "EEEF ASSENTAMENTO UNIÃO", "nm_mun": "CONCEIÇÃO DA BARRA", "aptos": 157, "imp": 1}}, {"type": "Feature", "geometry": {"type": "Point", "coordinates": [-40.88954, -18.761242]}, "properties": {"i": 622, "mun": 56316, "ibge": 3201605, "z": 27, "l": 1341, "nm": "CRECHE NOSSA SENHORA DE SANT'ANNA", "nm_mun": "CONCEIÇÃO DA BARRA", "aptos": 1487, "imp": 1}}, {"type": "Feature", "geometry": {"type": "Point", "coordinates": [-39.788432, -18.365989]}, "properties": {"i": 623, "mun": 56316, "ibge": 3201605, "z": 27, "l": 1350, "nm": "EMEF BARREIRAS", "nm_mun": "CONCEIÇÃO DA BARRA", "aptos": 173, "imp": 1}}, {"type": "Feature", "geometry": {"type": "Point", "coordinates": [-40.609398, -20.741859]}, "properties": {"i": 624, "mun": 56316, "ibge": 3201605, "z": 27, "l": 1368, "nm": "EMEF MÁRIO FLORENTINO", "nm_mun": "CONCEIÇÃO DA BARRA", "aptos": 105, "imp": 1}}, {"type": "Feature", "geometry": {"type": "Point", "coordinates": [-41.245123, -20.357385]}, "properties": {"i": 625, "mun": 56332, "ibge": 3201704, "z": 40, "l": 1015, "nm": "UMEF ELISA PAIVA", "nm_mun": "CONCEIÇÃO DO CASTELO", "aptos": 3022, "imp": 0}}, {"type": "Feature", "geometry": {"type": "Point", "coordinates": [-41.244528, -20.354451]}, "properties": {"i": 626, "mun": 56332, "ibge": 3201704, "z": 40, "l": 1023, "nm": "UMEI BRAZ LACERDA AMIGO", "nm_mun": "CONCEIÇÃO DO CASTELO", "aptos": 1250, "imp": 0}}, {"type": "Feature", "geometry": {"type": "Point", "coordinates": [-41.200844, -20.396069]}, "properties": {"i": 627, "mun": 56332, "ibge": 3201704, "z": 40, "l": 1082, "nm": "UMEF SANTA LUZIA", "nm_mun": "CONCEIÇÃO DO CASTELO", "aptos": 645, "imp": 0}}, {"type": "Feature", "geometry": {"type": "Point", "coordinates": [-41.278064, -20.465461]}, "properties": {"i": 628, "mun": 56332, "ibge": 3201704, "z": 40, "l": 1090, "nm": "UMEF SANTO ANTÔNIO", "nm_mun": "CONCEIÇÃO DO CASTELO", "aptos": 476, "imp": 0}}, {"type": "Feature", "geometry": {"type": "Point", "coordinates": [-41.335588, -20.363459]}, "properties": {"i": 629, "mun": 56332, "ibge": 3201704, "z": 40, "l": 1112, "nm": "UMEF ALTO MONFORTE", "nm_mun": "CONCEIÇÃO DO CASTELO", "aptos": 348, "imp": 0}}, {"type": "Feature", "geometry": {"type": "Point", "coordinates": [-41.180895, -20.284907]}, "properties": {"i": 630, "mun": 56332, "ibge": 3201704, "z": 40, "l": 1120, "nm": "UMEF MATA FRIA", "nm_mun": "CONCEIÇÃO DO CASTELO", "aptos": 516, "imp": 0}}, {"type": "Feature", "geometry": {"type": "Point", "coordinates": [-41.222059, -20.318593]}, "properties": {"i": 631, "mun": 56332, "ibge": 3201704, "z": 40, "l": 1147, "nm": "SÃO JOSÉ DA BELA VISTA", "nm_mun": "CONCEIÇÃO DO CASTELO", "aptos": 368, "imp": 0}}, {"type": "Feature", "geometry": {"type": "Point", "coordinates": [-41.242083, -20.356132]}, "properties": {"i": 632, "mun": 56332, "ibge": 3201704, "z": 40, "l": 1155, "nm": "EEEFM PROF. ALDY SOARES MERÇON VARGAS", "nm_mun": "CONCEIÇÃO DO CASTELO", "aptos": 2885, "imp": 0}}, {"type": "Feature", "geometry": {"type": "Point", "coordinates": [-41.265158, -20.428903]}, "properties": {"i": 633, "mun": 56332, "ibge": 3201704, "z": 40, "l": 1163, "nm": "UMEF JOSÉ FERIANI", "nm_mun": "CONCEIÇÃO DO CASTELO", "aptos": 199, "imp": 0}}, {"type": "Feature", "geometry": {"type": "Point", "coordinates": [-41.223601, -20.318263]}, "properties": {"i": 634, "mun": 56332, "ibge": 3201704, "z": 40, "l": 1171, "nm": "UMEF ANTONIO PADOANI", "nm_mun": "CONCEIÇÃO DO CASTELO", "aptos": 277, "imp": 0}}, {"type": "Feature", "geometry": {"type": "Point", "coordinates": [-41.686616, -20.62258]}, "properties": {"i": 635, "mun": 56359, "ibge": 3201803, "z": 13, "l": 1015, "nm": "EEEFM JUVENAL NOLASCO", "nm_mun": "DIVINO DE SÃO LOURENÇO", "aptos": 2338, "imp": 0}}, {"type": "Feature", "geometry": {"type": "Point", "coordinates": [-41.760463, -20.58588]}, "properties": {"i": 636, "mun": 56359, "ibge": 3201803, "z": 13, "l": 1058, "nm": "EM ALAN KARDEC BITENCOURT DIAS", "nm_mun": "DIVINO DE SÃO LOURENÇO", "aptos": 1036, "imp": 0}}, {"type": "Feature", "geometry": {"type": "Point", "coordinates": [-41.68376, -20.619659]}, "properties": {"i": 637, "mun": 56359, "ibge": 3201803, "z": 13, "l": 1074, "nm": "EMEIEF ANTONIO GOMES SIQUEIRA", "nm_mun": "DIVINO DE SÃO LOURENÇO", "aptos": 1531, "imp": 0}}, {"type": "Feature", "geometry": {"type": "Point", "coordinates": [-41.031815, -20.381549]}, "properties": {"i": 638, "mun": 56375, "ibge": 3201902, "z": 15, "l": 1015, "nm": "CMEI JUTTA BATISTA DA SILVA", "nm_mun": "DOMINGOS MARTINS", "aptos": 2427, "imp": 0}}, {"type": "Feature", "geometry": {"type": "Point", "coordinates": [-41.062497, -20.272228]}, "properties": {"i": 639, "mun": 56375, "ibge": 3201902, "z": 15, "l": 1023, "nm": "EMEF JOSÉ ULIANA", "nm_mun": "DOMINGOS MARTINS", "aptos": 741, "imp": 0}}, {"type": "Feature", "geometry": {"type": "Point", "coordinates": [-40.621854, -20.382267]}, "properties": {"i": 640, "mun": 56375, "ibge": 3201902, "z": 15, "l": 1058, "nm": "EMEF SANTA ISABEL", "nm_mun": "DOMINGOS MARTINS", "aptos": 1612, "imp": 0}}, {"type": "Feature", "geometry": {"type": "Point", "coordinates": [-40.582999, -20.315111]}, "properties": {"i": 641, "mun": 56375, "ibge": 3201902, "z": 15, "l": 1074, "nm": "EMEF BIRIRICAS DE CIMA", "nm_mun": "DOMINGOS MARTINS", "aptos": 840, "imp": 0}}, {"type": "Feature", "geometry": {"type": "Point", "coordinates": [-40.762042, -20.18769]}, "properties": {"i": 642, "mun": 56375, "ibge": 3201902, "z": 15, "l": 1104, "nm": "EME GUSTAVO GUILHERME JOÃO PLASTER", "nm_mun": "DOMINGOS MARTINS", "aptos": 1128, "imp": 0}}, {"type": "Feature", "geometry": {"type": "Point", "coordinates": [-40.659141, -20.363598]}, "properties": {"i": 643, "mun": 56375, "ibge": 3201902, "z": 15, "l": 1112, "nm": "EMEF MARIANO FERREIRA DE NAZARETH (ANTIGO CNEC)", "nm_mun": "DOMINGOS MARTINS", "aptos": 4124, "imp": 0}}, {"type": "Feature", "geometry": {"type": "Point", "coordinates": [-40.66282, -20.368263]}, "properties": {"i": 644, "mun": 56375, "ibge": 3201902, "z": 15, "l": 1120, "nm": "EEEFM TEÓFILO PAULINO (POLIVALENTE)", "nm_mun": "DOMINGOS MARTINS", "aptos": 1659, "imp": 0}}, {"type": "Feature", "geometry": {"type": "Point", "coordinates": [-40.662078, -20.360828]}, "properties": {"i": 645, "mun": 56375, "ibge": 3201902, "z": 15, "l": 1139, "nm": "CEMEI GERMANO GERHARDT", "nm_mun": "DOMINGOS MARTINS", "aptos": 1218, "imp": 0}}, {"type": "Feature", "geometry": {"type": "Point", "coordinates": [-40.787059, -20.288179]}, "properties": {"i": 646, "mun": 56375, "ibge": 3201902, "z": 15, "l": 1171, "nm": "EMEF ANTONIO FRANCISCO ERLACHER", "nm_mun": "DOMINGOS MARTINS", "aptos": 1106, "imp": 0}}, {"type": "Feature", "geometry": {"type": "Point", "coordinates": [-40.803764, -20.316759]}, "properties": {"i": 647, "mun": 56375, "ibge": 3201902, "z": 15, "l": 1180, "nm": "EPSG GISELA SALOKER FAYET", "nm_mun": "DOMINGOS MARTINS", "aptos": 1510, "imp": 0}}, {"type": "Feature", "geometry": {"type": "Point", "coordinates": [-40.816403, -20.286649]}, "properties": {"i": 648, "mun": 56375, "ibge": 3201902, "z": 15, "l": 1198, "nm": "EPSG PONTO DO AUTO", "nm_mun": "DOMINGOS MARTINS", "aptos": 1619, "imp": 0}}, {"type": "Feature", "geometry": {"type": "Point", "coordinates": [-40.853187, -20.328107]}, "properties": {"i": 649, "mun": 56375, "ibge": 3201902, "z": 15, "l": 1201, "nm": "EMPEF PROFESSORA PETRONÍLIA KLIPPEL", "nm_mun": "DOMINGOS MARTINS", "aptos": 366, "imp": 0}}, {"type": "Feature", "geometry": {"type": "Point", "coordinates": [-40.824044, -20.228319]}, "properties": {"i": 650, "mun": 56375, "ibge": 3201902, "z": 15, "l": 1210, "nm": "EMEF RIO PONTE", "nm_mun": "DOMINGOS MARTINS", "aptos": 801, "imp": 0}}, {"type": "Feature", "geometry": {"type": "Point", "coordinates": [-40.893353, -20.251594]}, "properties": {"i": 651, "mun": 56375, "ibge": 3201902, "z": 15, "l": 1228, "nm": "EMEF TIJUCO PRETO", "nm_mun": "DOMINGOS MARTINS", "aptos": 1163, "imp": 0}}, {"type": "Feature", "geometry": {"type": "Point", "coordinates": [-40.708374, -20.209013]}, "properties": {"i": 652, "mun": 56375, "ibge": 3201902, "z": 15, "l": 1295, "nm": "EMEF AUGUSTO PETTER BERTOLD PAGUNG", "nm_mun": "DOMINGOS MARTINS", "aptos": 1286, "imp": 0}}, {"type": "Feature", "geometry": {"type": "Point", "coordinates": [-40.853187, -20.328107]}, "properties": {"i": 653, "mun": 56375, "ibge": 3201902, "z": 15, "l": 1309, "nm": "EMEF PROF GERMANO LOROSA", "nm_mun": "DOMINGOS MARTINS", "aptos": 546, "imp": 0}}, {"type": "Feature", "geometry": {"type": "Point", "coordinates": [-40.93309, -20.29663]}, "properties": {"i": 654, "mun": 56375, "ibge": 3201902, "z": 15, "l": 1317, "nm": "EMPEF SÃO RAFAEL", "nm_mun": "DOMINGOS MARTINS", "aptos": 483, "imp": 0}}, {"type": "Feature", "geometry": {"type": "Point", "coordinates": [-40.853187, -20.328107]}, "properties": {"i": 655, "mun": 56375, "ibge": 3201902, "z": 15, "l": 1325, "nm": "EMEF ALTO PARAJU (ANTIGO CÓRREGO SÃO BENTO)", "nm_mun": "DOMINGOS MARTINS", "aptos": 676, "imp": 0}}, {"type": "Feature", "geometry": {"type": "Point", "coordinates": [-40.673904, -20.268076]}, "properties": {"i": 656, "mun": 56375, "ibge": 3201902, "z": 15, "l": 1333, "nm": "SALÃO PAROQUIAL DA IGREJA DE SÃO MIGUEL", "nm_mun": "DOMINGOS MARTINS", "aptos": 640, "imp": 0}}, {"type": "Feature", "geometry": {"type": "Point", "coordinates": [-41.031693, -20.440179]}, "properties": {"i": 657, "mun": 56375, "ibge": 3201902, "z": 15, "l": 1368, "nm": "EMEF CÓRREGO SÃO PAULO", "nm_mun": "DOMINGOS MARTINS", "aptos": 590, "imp": 0}}, {"type": "Feature", "geometry": {"type": "Point", "coordinates": [-40.906318, -20.22441]}, "properties": {"i": 658, "mun": 56375, "ibge": 3201902, "z": 15, "l": 1430, "nm": "EMUEF FAZENDA ALBERTO BRINGER", "nm_mun": "DOMINGOS MARTINS", "aptos": 230, "imp": 0}}, {"type": "Feature", "geometry": {"type": "Point", "coordinates": [-40.693155, -20.364528]}, "properties": {"i": 659, "mun": 56375, "ibge": 3201902, "z": 15, "l": 1449, "nm": "EMEF SOÍDO", "nm_mun": "DOMINGOS MARTINS", "aptos": 581, "imp": 0}}, {"type": "Feature", "geometry": {"type": "Point", "coordinates": [-40.658637, -20.362866]}, "properties": {"i": 660, "mun": 56375, "ibge": 3201902, "z": 15, "l": 1457, "nm": "CENTRO CÍVICO RECREATIVO DOMINGOS MARTINS", "nm_mun": "DOMINGOS MARTINS", "aptos": 555, "imp": 0}}, {"type": "Feature", "geometry": {"type": "Point", "coordinates": [-40.94228, -20.219214]}, "properties": {"i": 661, "mun": 56375, "ibge": 3201902, "z": 15, "l": 1465, "nm": "EMEF FAZENDA OSVALDO RETZ", "nm_mun": "DOMINGOS MARTINS", "aptos": 540, "imp": 0}}, {"type": "Feature", "geometry": {"type": "Point", "coordinates": [-40.831152, -20.194291]}, "properties": {"i": 662, "mun": 56375, "ibge": 3201902, "z": 15, "l": 1473, "nm": "EMPEF FAZENDA GERMANO SCHWANZ", "nm_mun": "DOMINGOS MARTINS", "aptos": 369, "imp": 0}}, {"type": "Feature", "geometry": {"type": "Point", "coordinates": [-40.64912, -20.275317]}, "properties": {"i": 663, "mun": 56375, "ibge": 3201902, "z": 15, "l": 1481, "nm": "EMPEF FLORIANO AUGUSTO DITTRICH", "nm_mun": "DOMINGOS MARTINS", "aptos": 361, "imp": 0}}, {"type": "Feature", "geometry": {"type": "Point", "coordinates": [-40.886048, -20.358189]}, "properties": {"i": 664, "mun": 56375, "ibge": 3201902, "z": 15, "l": 1503, "nm": "EMUEF VÔ REZENDE", "nm_mun": "DOMINGOS MARTINS", "aptos": 237, "imp": 0}}, {"type": "Feature", "geometry": {"type": "Point", "coordinates": [-40.847619, -20.297417]}, "properties": {"i": 665, "mun": 56375, "ibge": 3201902, "z": 15, "l": 1511, "nm": "EMUEF GOIABEIRAS", "nm_mun": "DOMINGOS MARTINS", "aptos": 288, "imp": 0}}, {"type": "Feature", "geometry": {"type": "Point", "coordinates": [-41.00586, -20.380532]}, "properties": {"i": 666, "mun": 56375, "ibge": 3201902, "z": 15, "l": 1520, "nm": "EMEF ARACÊ - COMUNIDADE ARACÊ", "nm_mun": "DOMINGOS MARTINS", "aptos": 1231, "imp": 0}}, {"type": "Feature", "geometry": {"type": "Point", "coordinates": [-40.656359, -20.351921]}, "properties": {"i": 667, "mun": 56375, "ibge": 3201902, "z": 15, "l": 1538, "nm": "CMEI VILA VERDE", "nm_mun": "DOMINGOS MARTINS", "aptos": 240, "imp": 0}}, {"type": "Feature", "geometry": {"type": "Point", "coordinates": [-41.848797, -20.692826]}, "properties": {"i": 668, "mun": 56391, "ibge": 3202009, "z": 44, "l": 1015, "nm": "EEEFM PEDRO DE ALCÂNTARA GALVÊAS", "nm_mun": "DORES DO RIO PRETO", "aptos": 2313, "imp": 0}}, {"type": "Feature", "geometry": {"type": "Point", "coordinates": [-41.805277, -20.632608]}, "properties": {"i": 669, "mun": 56391, "ibge": 3202009, "z": 44, "l": 1023, "nm": "EMEF MUNDO NOVO", "nm_mun": "DORES DO RIO PRETO", "aptos": 1006, "imp": 0}}, {"type": "Feature", "geometry": {"type": "Point", "coordinates": [-41.81877, -20.555189]}, "properties": {"i": 670, "mun": 56391, "ibge": 3202009, "z": 44, "l": 1031, "nm": "EEEFM SÃO JOSÉ", "nm_mun": "DORES DO RIO PRETO", "aptos": 1568, "imp": 0}}, {"type": "Feature", "geometry": {"type": "Point", "coordinates": [-41.850516, -20.691891]}, "properties": {"i": 671, "mun": 56391, "ibge": 3202009, "z": 44, "l": 1066, "nm": "CMEIEF CRISTINA PEIXOTO DO CARMO", "nm_mun": "DORES DO RIO PRETO", "aptos": 1402, "imp": 0}}, {"type": "Feature", "geometry": {"type": "Point", "coordinates": [-40.834608, -18.372494]}, "properties": {"i": 672, "mun": 56413, "ibge": 3202108, "z": 33, "l": 1040, "nm": "EEEFM ECOPORANGA", "nm_mun": "ECOPORANGA", "aptos": 3402, "imp": 0}}, {"type": "Feature", "geometry": {"type": "Point", "coordinates": [-40.830058, -18.368986]}, "properties": {"i": 673, "mun": 56413, "ibge": 3202108, "z": 33, "l": 1074, "nm": "CEEFMTI DANIEL COMBONI", "nm_mun": "ECOPORANGA", "aptos": 2879, "imp": 0}}, {"type": "Feature", "geometry": {"type": "Point", "coordinates": [-40.7065, -18.283311]}, "properties": {"i": 674, "mun": 56413, "ibge": 3202108, "z": 33, "l": 1082, "nm": "EEEF JOSÉ TEIXEIRA FIALHO (IMBURANA)", "nm_mun": "ECOPORANGA", "aptos": 989, "imp": 0}}, {"type": "Feature", "geometry": {"type": "Point", "coordinates": [-41.003412, -18.336426]}, "properties": {"i": 675, "mun": 56413, "ibge": 3202108, "z": 33, "l": 1090, "nm": "EMUEF SÃO GERALDO", "nm_mun": "ECOPORANGA", "aptos": 255, "imp": 0}}, {"type": "Feature", "geometry": {"type": "Point", "coordinates": [-40.717105, -18.182285]}, "properties": {"i": 676, "mun": 56413, "ibge": 3202108, "z": 33, "l": 1104, "nm": "EEEF COTAXÉ", "nm_mun": "ECOPORANGA", "aptos": 594, "imp": 0}}, {"type": "Feature", "geometry": {"type": "Point", "coordinates": [-40.775318, -18.088232]}, "properties": {"i": 677, "mun": 56413, "ibge": 3202108, "z": 33, "l": 1112, "nm": "EMUEF MURITIBA", "nm_mun": "ECOPORANGA", "aptos": 475, "imp": 0}}, {"type": "Feature", "geometry": {"type": "Point", "coordinates": [-40.605004, -18.20327]}, "properties": {"i": 678, "mun": 56413, "ibge": 3202108, "z": 33, "l": 1139, "nm": "EMEIEF SANTA LUZIA DO NORTE", "nm_mun": "ECOPORANGA", "aptos": 376, "imp": 0}}, {"type": "Feature", "geometry": {"type": "Point", "coordinates": [-40.832139, -18.373546]}, "properties": {"i": 679, "mun": 56413, "ibge": 3202108, "z": 33, "l": 1147, "nm": "EEEF JOASSUBA", "nm_mun": "ECOPORANGA", "aptos": 1000, "imp": 0}}, {"type": "Feature", "geometry": {"type": "Point", "coordinates": [-40.832139, -18.373546]}, "properties": {"i": 680, "mun": 56413, "ibge": 3202108, "z": 33, "l": 1155, "nm": "UNIDADE PSF -  ITAPEBA", "nm_mun": "ECOPORANGA", "aptos": 206, "imp": 0}}, {"type": "Feature", "geometry": {"type": "Point", "coordinates": [-40.610501, -18.459698]}, "properties": {"i": 681, "mun": 56413, "ibge": 3202108, "z": 33, "l": 1163, "nm": "IGREJA CATÓLICA DO ASSENTAMENTO BOA VISTA", "nm_mun": "ECOPORANGA", "aptos": 315, "imp": 0}}, {"type": "Feature", "geometry": {"type": "Point", "coordinates": [-41.005306, -18.339858]}, "properties": {"i": 682, "mun": 56413, "ibge": 3202108, "z": 33, "l": 1171, "nm": "EEEF PATRIMÔNIO PRATA DOS BAIANOS", "nm_mun": "ECOPORANGA", "aptos": 555, "imp": 0}}, {"type": "Feature", "geometry": {"type": "Point", "coordinates": [-40.890251, -18.199286]}, "properties": {"i": 683, "mun": 56413, "ibge": 3202108, "z": 33, "l": 1198, "nm": "EMUEF FAZENDA VALDOMIRO LEANDRO DE FREITAS", "nm_mun": "ECOPORANGA", "aptos": 102, "imp": 0}}, {"type": "Feature", "geometry": {"type": "Point", "coordinates": [-40.889102, -18.404362]}, "properties": {"i": 684, "mun": 56413, "ibge": 3202108, "z": 33, "l": 1201, "nm": "EMPEF CÓRREGO DO DOIS", "nm_mun": "ECOPORANGA", "aptos": 193, "imp": 0}}, {"type": "Feature", "geometry": {"type": "Point", "coordinates": [-40.889039, -18.404339]}, "properties": {"i": 685, "mun": 56413, "ibge": 3202108, "z": 33, "l": 1210, "nm": "UNIDADE PSF - DOIS DE SETEMBRO", "nm_mun": "ECOPORANGA", "aptos": 122, "imp": 1}}, {"type": "Feature", "geometry": {"type": "Point", "coordinates": [-40.919092, -18.309325]}, "properties": {"i": 686, "mun": 56413, "ibge": 3202108, "z": 33, "l": 1228, "nm": "EMUEF PATRIMÔNIO SANTA RITA", "nm_mun": "ECOPORANGA", "aptos": 224, "imp": 0}}, {"type": "Feature", "geometry": {"type": "Point", "coordinates": [-40.857662, -18.215778]}, "properties": {"i": 687, "mun": 56413, "ibge": 3202108, "z": 33, "l": 1236, "nm": "EMUEF RIBEIRÃOZINHO", "nm_mun": "ECOPORANGA", "aptos": 475, "imp": 0}}, {"type": "Feature", "geometry": {"type": "Point", "coordinates": [-40.811272, -18.492812]}, "properties": {"i": 688, "mun": 56413, "ibge": 3202108, "z": 33, "l": 1244, "nm": "EEEF SANTA TEREZINHA", "nm_mun": "ECOPORANGA", "aptos": 588, "imp": 0}}, {"type": "Feature", "geometry": {"type": "Point", "coordinates": [-40.829324, -18.445673]}, "properties": {"i": 689, "mun": 56413, "ibge": 3202108, "z": 33, "l": 1287, "nm": "EMUEF CÓRREGO DA JACUTINGA (DOURADA)", "nm_mun": "ECOPORANGA", "aptos": 77, "imp": 0}}, {"type": "Feature", "geometry": {"type": "Point", "coordinates": [-40.828408, -18.385737]}, "properties": {"i": 690, "mun": 56413, "ibge": 3202108, "z": 33, "l": 1368, "nm": "EMEIF JOSÉ FRANCISCO DE OLIVEIRA (VILA NOVA)", "nm_mun": "ECOPORANGA", "aptos": 1692, "imp": 0}}, {"type": "Feature", "geometry": {"type": "Point", "coordinates": [-40.829324, -18.445673]}, "properties": {"i": 691, "mun": 56413, "ibge": 3202108, "z": 33, "l": 1414, "nm": "EMUEF CÓRREGO DOS BARBOSAS", "nm_mun": "ECOPORANGA", "aptos": 122, "imp": 0}}, {"type": "Feature", "geometry": {"type": "Point", "coordinates": [-40.835479, -18.014748]}, "properties": {"i": 692, "mun": 56413, "ibge": 3202108, "z": 33, "l": 1422, "nm": "IGREJA CATÓLICA COMUNIDADE DO CORGÃO", "nm_mun": "ECOPORANGA", "aptos": 3, "imp": 1}}, {"type": "Feature", "geometry": {"type": "Point", "coordinates": [-40.829128, -18.435305]}, "properties": {"i": 693, "mun": 56413, "ibge": 3202108, "z": 33, "l": 1449, "nm": "EMEF FAMÍLIA RURAL DE ECOPORANGA (PARAÍSO)", "nm_mun": "ECOPORANGA", "aptos": 243, "imp": 0}}, {"type": "Feature", "geometry": {"type": "Point", "coordinates": [-40.781262, -18.431738]}, "properties": {"i": 694, "mun": 56413, "ibge": 3202108, "z": 33, "l": 1457, "nm": "EMEIEF PALMEIRAS (ASSENT. MIRAGEM)", "nm_mun": "ECOPORANGA", "aptos": 718, "imp": 0}}, {"type": "Feature", "geometry": {"type": "Point", "coordinates": [-40.829285, -18.372821]}, "properties": {"i": 695, "mun": 56413, "ibge": 3202108, "z": 33, "l": 1465, "nm": "CEMEI JARDIM ENCANTADO", "nm_mun": "ECOPORANGA", "aptos": 2011, "imp": 0}}, {"type": "Feature", "geometry": {"type": "Point", "coordinates": [-40.803852, -17.975175]}, "properties": {"i": 696, "mun": 56413, "ibge": 3202108, "z": 33, "l": 1473, "nm": "SEDE DO ASSENTAMENTO FRANQUEZA-REALEZA", "nm_mun": "ECOPORANGA", "aptos": 161, "imp": 0}}, {"type": "Feature", "geometry": {"type": "Point", "coordinates": [-40.893669, -18.749677]}, "properties": {"i": 697, "mun": 56413, "ibge": 3202108, "z": 33, "l": 1481, "nm": "COLÉGIO INTERATIVO", "nm_mun": "ECOPORANGA", "aptos": 1258, "imp": 1}}, {"type": "Feature", "geometry": {"type": "Point", "coordinates": [-40.326114, -20.343735]}, "properties": {"i": 698, "mun": 56413, "ibge": 3202108, "z": 33, "l": 1490, "nm": "CMEI ÉBER TEIXEIRA FIGUEIREDO", "nm_mun": "ECOPORANGA", "aptos": 44, "imp": 1}}, {"type": "Feature", "geometry": {"type": "Point", "coordinates": [-41.45132, -20.61205]}, "properties": {"i": 699, "mun": 56413, "ibge": 3202108, "z": 33, "l": 1503, "nm": "CEMEI JARDIM ENCANTADO", "nm_mun": "ECOPORANGA", "aptos": 7, "imp": 1}}, {"type": "Feature", "geometry": {"type": "Point", "coordinates": [-40.40356, -19.933907]}, "properties": {"i": 700, "mun": 56430, "ibge": 3202207, "z": 14, "l": 1023, "nm": "EMEF PROFESSOR ERNESTO NASCIMENTO", "nm_mun": "FUNDÃO", "aptos": 1695, "imp": 0}}, {"type": "Feature", "geometry": {"type": "Point", "coordinates": [-40.410458, -20.001677]}, "properties": {"i": 701, "mun": 56430, "ibge": 3202207, "z": 14, "l": 1058, "nm": "EEEFM PROF.ª MARIA DA PAZ PIMENTEL", "nm_mun": "FUNDÃO", "aptos": 1159, "imp": 0}}, {"type": "Feature", "geometry": {"type": "Point", "coordinates": [-40.411247, -20.0043]}, "properties": {"i": 702, "mun": 56430, "ibge": 3202207, "z": 14, "l": 1066, "nm": "CMEI ARLINDA MÉDICI PEDRINI", "nm_mun": "FUNDÃO", "aptos": 859, "imp": 0}}, {"type": "Feature", "geometry": {"type": "Point", "coordinates": [-40.18285, -20.038211]}, "properties": {"i": 703, "mun": 56430, "ibge": 3202207, "z": 14, "l": 1074, "nm": "EMEF PRAIA GRANDE", "nm_mun": "FUNDÃO", "aptos": 1307, "imp": 0}}, {"type": "Feature", "geometry": {"type": "Point", "coordinates": [-40.182643, -20.037935]}, "properties": {"i": 704, "mun": 56430, "ibge": 3202207, "z": 14, "l": 1082, "nm": "EMCEF PRAIA GRANDE", "nm_mun": "FUNDÃO", "aptos": 1605, "imp": 0}}, {"type": "Feature", "geometry": {"type": "Point", "coordinates": [-40.406107, -19.932984]}, "properties": {"i": 705, "mun": 56430, "ibge": 3202207, "z": 14, "l": 1090, "nm": "CMEI SÃO JOSÉ", "nm_mun": "FUNDÃO", "aptos": 1598, "imp": 0}}, {"type": "Feature", "geometry": {"type": "Point", "coordinates": [-40.40261, -19.938903]}, "properties": {"i": 706, "mun": 56430, "ibge": 3202207, "z": 14, "l": 1104, "nm": "EMEF ELOY MIRANDA (POLIVALENTE)", "nm_mun": "FUNDÃO", "aptos": 1500, "imp": 0}}, {"type": "Feature", "geometry": {"type": "Point", "coordinates": [-40.411247, -20.0043]}, "properties": {"i": 707, "mun": 56430, "ibge": 3202207, "z": 14, "l": 1112, "nm": "EMEF ENÉAS FERREIRA", "nm_mun": "FUNDÃO", "aptos": 1170, "imp": 0}}, {"type": "Feature", "geometry": {"type": "Point", "coordinates": [-40.403887, -19.937036]}, "properties": {"i": 708, "mun": 56430, "ibge": 3202207, "z": 14, "l": 1120, "nm": "CEEFMTI NAIR MIRANDA", "nm_mun": "FUNDÃO", "aptos": 2791, "imp": 0}}, {"type": "Feature", "geometry": {"type": "Point", "coordinates": [-40.188269, -20.029646]}, "properties": {"i": 709, "mun": 56430, "ibge": 3202207, "z": 14, "l": 1147, "nm": "CMEI BAIRRO DIREÇÃO", "nm_mun": "FUNDÃO", "aptos": 419, "imp": 0}}, {"type": "Feature", "geometry": {"type": "Point", "coordinates": [-40.336305, -20.349135]}, "properties": {"i": 710, "mun": 56430, "ibge": 3202207, "z": 14, "l": 1155, "nm": "CMEI ANNONDINA SCARTON NUNES", "nm_mun": "FUNDÃO", "aptos": 666, "imp": 1}}, {"type": "Feature", "geometry": {"type": "Point", "coordinates": [-41.678832, -20.770824]}, "properties": {"i": 711, "mun": 56456, "ibge": 3202306, "z": 13, "l": 1015, "nm": "EEEF ANTÔNIO CARNEIRO RIBEIRO (ESTADUAL)", "nm_mun": "GUAÇUÍ", "aptos": 4161, "imp": 0}}, {"type": "Feature", "geometry": {"type": "Point", "coordinates": [-41.674732, -20.772455]}, "properties": {"i": 712, "mun": 56456, "ibge": 3202306, "z": 13, "l": 1040, "nm": "EEEF ANÍSIO TEIXEIRA", "nm_mun": "GUAÇUÍ", "aptos": 1676, "imp": 0}}, {"type": "Feature", "geometry": {"type": "Point", "coordinates": [-41.675212, -20.773191]}, "properties": {"i": 713, "mun": 56456, "ibge": 3202306, "z": 13, "l": 1058, "nm": "EEEF DEOCLECIANO DE OLIVEIRA", "nm_mun": "GUAÇUÍ", "aptos": 4584, "imp": 0}}, {"type": "Feature", "geometry": {"type": "Point", "coordinates": [-41.678014, -20.774941]}, "properties": {"i": 714, "mun": 56456, "ibge": 3202306, "z": 13, "l": 1066, "nm": "CEMEI ZÉLIA VIANA DE AGUIAR", "nm_mun": "GUAÇUÍ", "aptos": 4043, "imp": 0}}, {"type": "Feature", "geometry": {"type": "Point", "coordinates": [-41.670247, -20.766454]}, "properties": {"i": 715, "mun": 56456, "ibge": 3202306, "z": 13, "l": 1082, "nm": "CAIC - CENTRO DE ASSISTÊNCIA E INTEGRAÇÃO À CRIANÇA", "nm_mun": "GUAÇUÍ", "aptos": 3132, "imp": 0}}, {"type": "Feature", "geometry": {"type": "Point", "coordinates": [-41.682365, -20.723771]}, "properties": {"i": 716, "mun": 56456, "ibge": 3202306, "z": 13, "l": 1090, "nm": "EMEF JOSÉ ANTÔNIO DE CARVALHO", "nm_mun": "GUAÇUÍ", "aptos": 706, "imp": 0}}, {"type": "Feature", "geometry": {"type": "Point", "coordinates": [-41.801098, -20.780427]}, "properties": {"i": 717, "mun": 56456, "ibge": 3202306, "z": 13, "l": 1104, "nm": "EMEF  ELVIRA BRUZZI", "nm_mun": "GUAÇUÍ", "aptos": 1028, "imp": 0}}, {"type": "Feature", "geometry": {"type": "Point", "coordinates": [-41.678799, -20.774714]}, "properties": {"i": 718, "mun": 56456, "ibge": 3202306, "z": 13, "l": 1120, "nm": "EMEFE SÃO GERALDO", "nm_mun": "GUAÇUÍ", "aptos": 900, "imp": 0}}, {"type": "Feature", "geometry": {"type": "Point", "coordinates": [-41.751165, -20.744772]}, "properties": {"i": 719, "mun": 56456, "ibge": 3202306, "z": 13, "l": 1139, "nm": "EMEF PROFESSORA GUIOMAR SOARES DE AZEVEDO", "nm_mun": "GUAÇUÍ", "aptos": 255, "imp": 0}}, {"type": "Feature", "geometry": {"type": "Point", "coordinates": [-41.673713, -20.770251]}, "properties": {"i": 720, "mun": 56456, "ibge": 3202306, "z": 13, "l": 1147, "nm": "CMEI CRECHE REGINA CELIA CAMPOS BARROSO RIBEIRO", "nm_mun": "GUAÇUÍ", "aptos": 667, "imp": 0}}, {"type": "Feature", "geometry": {"type": "Point", "coordinates": [-41.676448, -20.769918]}, "properties": {"i": 721, "mun": 56456, "ibge": 3202306, "z": 13, "l": 1155, "nm": "CEMEI MARIA MARGARIDA RODOLFO SILVA", "nm_mun": "GUAÇUÍ", "aptos": 1238, "imp": 0}}, {"type": "Feature", "geometry": {"type": "Point", "coordinates": [-40.497322, -20.67124]}, "properties": {"i": 722, "mun": 56472, "ibge": 3202405, "z": 24, "l": 1015, "nm": "ESCOLA DE GUARAPARI (ESCOLA NORMAL)", "nm_mun": "GUARAPARI", "aptos": 2696, "imp": 0}}, {"type": "Feature", "geometry": {"type": "Point", "coordinates": [-40.50064, -20.648935]}, "properties": {"i": 723, "mun": 56472, "ibge": 3202405, "z": 24, "l": 1040, "nm": "ESCOLA CONSTANTINO JOSÉ VIEIRA", "nm_mun": "GUARAPARI", "aptos": 3007, "imp": 0}}, {"type": "Feature", "geometry": {"type": "Point", "coordinates": [-40.636542, -20.54744]}, "properties": {"i": 724, "mun": 56472, "ibge": 3202405, "z": 24, "l": 1074, "nm": "ESCOLA NOSSA SENHORA DA PENHA", "nm_mun": "GUARAPARI", "aptos": 146, "imp": 0}}, {"type": "Feature", "geometry": {"type": "Point", "coordinates": [-40.509161, -20.679139]}, "properties": {"i": 725, "mun": 56472, "ibge": 3202405, "z": 24, "l": 1082, "nm": "ESCOLA BENEDITA MARTINS DE SOUZA", "nm_mun": "GUARAPARI", "aptos": 4459, "imp": 0}}, {"type": "Feature", "geometry": {"type": "Point", "coordinates": [-40.463657, -20.617374]}, "properties": {"i": 726, "mun": 56472, "ibge": 3202405, "z": 24, "l": 1090, "nm": "PRIMEIRA IGREJA BATISTA DE GUARAPARI", "nm_mun": "GUARAPARI", "aptos": 728, "imp": 0}}, {"type": "Feature", "geometry": {"type": "Point", "coordinates": [-40.505457, -20.673891]}, "properties": {"i": 727, "mun": 56472, "ibge": 3202405, "z": 24, "l": 1104, "nm": "ESCOLA ZENÓBIA LEÃO", "nm_mun": "GUARAPARI", "aptos": 3059, "imp": 0}}, {"type": "Feature", "geometry": {"type": "Point", "coordinates": [-40.511468, -20.672594]}, "properties": {"i": 728, "mun": 56472, "ibge": 3202405, "z": 24, "l": 1112, "nm": "ESCOLA  JOVENTINA SIMÕES", "nm_mun": "GUARAPARI", "aptos": 945, "imp": 0}}, {"type": "Feature", "geometry": {"type": "Point", "coordinates": [-40.504547, -20.661886]}, "properties": {"i": 729, "mun": 56472, "ibge": 3202405, "z": 24, "l": 1120, "nm": "ESCOLA ANGÉLICA PAIXÃO", "nm_mun": "GUARAPARI", "aptos": 2816, "imp": 0}}, {"type": "Feature", "geometry": {"type": "Point", "coordinates": [-40.505553, -20.658106]}, "properties": {"i": 730, "mun": 56472, "ibge": 3202405, "z": 24, "l": 1139, "nm": "ESCOLA IGNEZ MASSAD COLA", "nm_mun": "GUARAPARI", "aptos": 3943, "imp": 0}}, {"type": "Feature", "geometry": {"type": "Point", "coordinates": [-40.507628, -20.66373]}, "properties": {"i": 731, "mun": 56472, "ibge": 3202405, "z": 24, "l": 1147, "nm": "ESCOLA  ZULEIMA FORTES FARIA", "nm_mun": "GUARAPARI", "aptos": 2539, "imp": 0}}, {"type": "Feature", "geometry": {"type": "Point", "coordinates": [-40.501163, -20.659852]}, "properties": {"i": 732, "mun": 56472, "ibge": 3202405, "z": 24, "l": 1155, "nm": "EEEM DOUTOR SILVA MELLO", "nm_mun": "GUARAPARI", "aptos": 2398, "imp": 0}}, {"type": "Feature", "geometry": {"type": "Point", "coordinates": [-40.487894, -20.649231]}, "properties": {"i": 733, "mun": 56472, "ibge": 3202405, "z": 24, "l": 1163, "nm": "ESCOLA PRESIDENTE COSTA E SILVA", "nm_mun": "GUARAPARI", "aptos": 5275, "imp": 0}}, {"type": "Feature", "geometry": {"type": "Point", "coordinates": [-40.514893, -20.683314]}, "properties": {"i": 734, "mun": 56472, "ibge": 3202405, "z": 24, "l": 1171, "nm": "ESCOLA LYRA RIBEIRO DOS SANTOS", "nm_mun": "GUARAPARI", "aptos": 2800, "imp": 0}}, {"type": "Feature", "geometry": {"type": "Point", "coordinates": [-40.519131, -20.678646]}, "properties": {"i": 735, "mun": 56472, "ibge": 3202405, "z": 24, "l": 1180, "nm": "CEMEI ACLE ZOUAIN", "nm_mun": "GUARAPARI", "aptos": 1732, "imp": 0}}, {"type": "Feature", "geometry": {"type": "Point", "coordinates": [-40.519859, -20.673796]}, "properties": {"i": 736, "mun": 56472, "ibge": 3202405, "z": 24, "l": 1198, "nm": "ESCOLA MARIA RAMALHETE CORREA", "nm_mun": "GUARAPARI", "aptos": 3150, "imp": 0}}, {"type": "Feature", "geometry": {"type": "Point", "coordinates": [-40.467248, -20.621568]}, "properties": {"i": 737, "mun": 56472, "ibge": 3202405, "z": 24, "l": 1201, "nm": "ESCOLA LEANDRO ESCOBAR", "nm_mun": "GUARAPARI", "aptos": 1744, "imp": 0}}, {"type": "Feature", "geometry": {"type": "Point", "coordinates": [-40.467522, -20.618612]}, "properties": {"i": 738, "mun": 56472, "ibge": 3202405, "z": 24, "l": 1210, "nm": "ESCOLA FRANCISCO ARAUJO", "nm_mun": "GUARAPARI", "aptos": 2203, "imp": 0}}, {"type": "Feature", "geometry": {"type": "Point", "coordinates": [-40.442509, -20.629905]}, "properties": {"i": 739, "mun": 56472, "ibge": 3202405, "z": 24, "l": 1244, "nm": "ESCOLA CELITA BASTOS GARCIA", "nm_mun": "GUARAPARI", "aptos": 1770, "imp": 0}}, {"type": "Feature", "geometry": {"type": "Point", "coordinates": [-40.447474, -20.564748]}, "properties": {"i": 740, "mun": 56472, "ibge": 3202405, "z": 24, "l": 1252, "nm": "ESCOLA PEDRO ANTONIO DA VITÓRIA", "nm_mun": "GUARAPARI", "aptos": 96, "imp": 0}}, {"type": "Feature", "geometry": {"type": "Point", "coordinates": [-40.538973, -20.737997]}, "properties": {"i": 741, "mun": 56472, "ibge": 3202405, "z": 24, "l": 1260, "nm": "ESCOLA  MANOEL ROZINDO DA SILVA", "nm_mun": "GUARAPARI", "aptos": 2142, "imp": 0}}, {"type": "Feature", "geometry": {"type": "Point", "coordinates": [-40.525958, -20.724853]}, "properties": {"i": 742, "mun": 56472, "ibge": 3202405, "z": 24, "l": 1279, "nm": "ESCOLA LUCIO ROCHA DE ALMEIDA", "nm_mun": "GUARAPARI", "aptos": 1055, "imp": 0}}, {"type": "Feature", "geometry": {"type": "Point", "coordinates": [-40.539824, -20.581863]}, "properties": {"i": 743, "mun": 56472, "ibge": 3202405, "z": 24, "l": 1287, "nm": "ESCOLA LOURENÇO BRAMBATI", "nm_mun": "GUARAPARI", "aptos": 359, "imp": 0}}, {"type": "Feature", "geometry": {"type": "Point", "coordinates": [-40.521844, -20.659871]}, "properties": {"i": 744, "mun": 56472, "ibge": 3202405, "z": 24, "l": 1295, "nm": "ESCOLA MARIA VELOSO CALMON", "nm_mun": "GUARAPARI", "aptos": 1911, "imp": 0}}, {"type": "Feature", "geometry": {"type": "Point", "coordinates": [-40.622625, -20.655606]}, "properties": {"i": 745, "mun": 56472, "ibge": 3202405, "z": 24, "l": 1309, "nm": "ESCOLA  MARIA LINO RAMOS", "nm_mun": "GUARAPARI", "aptos": 471, "imp": 0}}, {"type": "Feature", "geometry": {"type": "Point", "coordinates": [-40.631425, -20.652463]}, "properties": {"i": 746, "mun": 56472, "ibge": 3202405, "z": 24, "l": 1317, "nm": "ESCOLA DALZIRA MERIGUETTE MERIZIO", "nm_mun": "GUARAPARI", "aptos": 284, "imp": 0}}, {"type": "Feature", "geometry": {"type": "Point", "coordinates": [-40.58587, -20.499727]}, "properties": {"i": 747, "mun": 56472, "ibge": 3202405, "z": 24, "l": 1333, "nm": "CENTRO DOS LAVRADORES DE BAÍA NOVA", "nm_mun": "GUARAPARI", "aptos": 292, "imp": 0}}, {"type": "Feature", "geometry": {"type": "Point", "coordinates": [-40.561458, -20.729902]}, "properties": {"i": 748, "mun": 56472, "ibge": 3202405, "z": 24, "l": 1341, "nm": "IGREJA CATOLICA DE RIO CALÇADO", "nm_mun": "GUARAPARI", "aptos": 326, "imp": 0}}, {"type": "Feature", "geometry": {"type": "Point", "coordinates": [-40.670906, -20.522074]}, "properties": {"i": 749, "mun": 56472, "ibge": 3202405, "z": 24, "l": 1368, "nm": "ESCOLA ARLINDO GOBBI", "nm_mun": "GUARAPARI", "aptos": 751, "imp": 0}}, {"type": "Feature", "geometry": {"type": "Point", "coordinates": [-40.499975, -20.595014]}, "properties": {"i": 750, "mun": 56472, "ibge": 3202405, "z": 24, "l": 1376, "nm": "ESCOLA JOÃO LIMA DA CONCEIÇÃO", "nm_mun": "GUARAPARI", "aptos": 473, "imp": 0}}, {"type": "Feature", "geometry": {"type": "Point", "coordinates": [-40.561458, -20.729902]}, "properties": {"i": 751, "mun": 56472, "ibge": 3202405, "z": 24, "l": 1384, "nm": "CENTRO COMUNITÁRIO DE SÃO MIGUEL", "nm_mun": "GUARAPARI", "aptos": 225, "imp": 0}}, {"type": "Feature", "geometry": {"type": "Point", "coordinates": [-40.533503, -20.52339]}, "properties": {"i": 752, "mun": 56472, "ibge": 3202405, "z": 24, "l": 1406, "nm": "ESCOLA  RIO CLARO", "nm_mun": "GUARAPARI", "aptos": 703, "imp": 0}}, {"type": "Feature", "geometry": {"type": "Point", "coordinates": [-40.484277, -20.544147]}, "properties": {"i": 753, "mun": 56472, "ibge": 3202405, "z": 24, "l": 1422, "nm": "ESCOLA CLERIA BELO LYRA", "nm_mun": "GUARAPARI", "aptos": 471, "imp": 0}}, {"type": "Feature", "geometry": {"type": "Point", "coordinates": [-40.478587, -20.521264]}, "properties": {"i": 754, "mun": 56472, "ibge": 3202405, "z": 24, "l": 1430, "nm": "ESCOLA AMARELOS", "nm_mun": "GUARAPARI", "aptos": 824, "imp": 0}}, {"type": "Feature", "geometry": {"type": "Point", "coordinates": [-40.497792, -20.569052]}, "properties": {"i": 755, "mun": 56472, "ibge": 3202405, "z": 24, "l": 1465, "nm": "ESCOLA IGUAPE", "nm_mun": "GUARAPARI", "aptos": 416, "imp": 0}}, {"type": "Feature", "geometry": {"type": "Point", "coordinates": [-40.510979, -20.645199]}, "properties": {"i": 756, "mun": 56472, "ibge": 3202405, "z": 24, "l": 1481, "nm": "ESCOLA CÂNDIDA SOARES MACHADO", "nm_mun": "GUARAPARI", "aptos": 1264, "imp": 0}}, {"type": "Feature", "geometry": {"type": "Point", "coordinates": [-40.516528, -20.64585]}, "properties": {"i": 757, "mun": 56472, "ibge": 3202405, "z": 24, "l": 1490, "nm": "ESCOLA DARCY RIBEIRO", "nm_mun": "GUARAPARI", "aptos": 3281, "imp": 0}}, {"type": "Feature", "geometry": {"type": "Point", "coordinates": [-40.513217, -20.642173]}, "properties": {"i": 758, "mun": 56472, "ibge": 3202405, "z": 24, "l": 1503, "nm": "ESCOLA JORGE BOUERI SOBRINHO", "nm_mun": "GUARAPARI", "aptos": 3748, "imp": 0}}, {"type": "Feature", "geometry": {"type": "Point", "coordinates": [-40.601786, -20.630119]}, "properties": {"i": 759, "mun": 56472, "ibge": 3202405, "z": 24, "l": 1511, "nm": "ESCOLA SINGULAR DE SÃO JOÃO DO JABOTI", "nm_mun": "GUARAPARI", "aptos": 239, "imp": 0}}, {"type": "Feature", "geometry": {"type": "Point", "coordinates": [-40.561458, -20.729902]}, "properties": {"i": 760, "mun": 56472, "ibge": 3202405, "z": 24, "l": 1538, "nm": "ESCOLA BOA ESPERANÇA", "nm_mun": "GUARAPARI", "aptos": 185, "imp": 0}}, {"type": "Feature", "geometry": {"type": "Point", "coordinates": [-40.504898, -20.672652]}, "properties": {"i": 761, "mun": 56472, "ibge": 3202405, "z": 24, "l": 1546, "nm": "ESCOLA RUI BARBOSA", "nm_mun": "GUARAPARI", "aptos": 2500, "imp": 0}}, {"type": "Feature", "geometry": {"type": "Point", "coordinates": [-40.562275, -20.748088]}, "properties": {"i": 762, "mun": 56472, "ibge": 3202405, "z": 24, "l": 1562, "nm": "ESCOLA EMÍLIA ANA DE LYRIO", "nm_mun": "GUARAPARI", "aptos": 238, "imp": 0}}, {"type": "Feature", "geometry": {"type": "Point", "coordinates": [-40.582973, -20.628683]}, "properties": {"i": 763, "mun": 56472, "ibge": 3202405, "z": 24, "l": 1570, "nm": "ESCOLA PEDRO ANTÔNIO WANDEKOKEN", "nm_mun": "GUARAPARI", "aptos": 244, "imp": 0}}, {"type": "Feature", "geometry": {"type": "Point", "coordinates": [-40.575222, -20.695263]}, "properties": {"i": 764, "mun": 56472, "ibge": 3202405, "z": 24, "l": 1589, "nm": "ESCOLA MUNICIPAL FRANCISCO HONORATO", "nm_mun": "GUARAPARI", "aptos": 260, "imp": 0}}, {"type": "Feature", "geometry": {"type": "Point", "coordinates": [-40.486731, -20.650943]}, "properties": {"i": 765, "mun": 56472, "ibge": 3202405, "z": 24, "l": 1600, "nm": "UNIDADE DE SAUDE RECANTO DA SEREIA", "nm_mun": "GUARAPARI", "aptos": 545, "imp": 0}}, {"type": "Feature", "geometry": {"type": "Point", "coordinates": [-40.554799, -20.729962]}, "properties": {"i": 766, "mun": 56472, "ibge": 3202405, "z": 24, "l": 1627, "nm": "ESCOLA ADALGIZA FERNANDES MARVILA", "nm_mun": "GUARAPARI", "aptos": 919, "imp": 0}}, {"type": "Feature", "geometry": {"type": "Point", "coordinates": [-40.411879, -20.554392]}, "properties": {"i": 767, "mun": 56472, "ibge": 3202405, "z": 24, "l": 1643, "nm": "ESCOLA JOÃO BATISTA CELESTINO", "nm_mun": "GUARAPARI", "aptos": 1620, "imp": 0}}, {"type": "Feature", "geometry": {"type": "Point", "coordinates": [-40.475424, -20.58867]}, "properties": {"i": 768, "mun": 56472, "ibge": 3202405, "z": 24, "l": 1660, "nm": "ESCOLA ANA COUTINHO DE ALMEIDA", "nm_mun": "GUARAPARI", "aptos": 227, "imp": 0}}, {"type": "Feature", "geometry": {"type": "Point", "coordinates": [-40.482327, -20.639641]}, "properties": {"i": 769, "mun": 56472, "ibge": 3202405, "z": 24, "l": 1678, "nm": "ESCOLA FLORISBELA LINO BANDEIRA", "nm_mun": "GUARAPARI", "aptos": 3217, "imp": 0}}, {"type": "Feature", "geometry": {"type": "Point", "coordinates": [-40.505641, -20.657122]}, "properties": {"i": 770, "mun": 56472, "ibge": 3202405, "z": 24, "l": 1686, "nm": "ESCOLA LUCIA SASSO BANDEIRA", "nm_mun": "GUARAPARI", "aptos": 1047, "imp": 0}}, {"type": "Feature", "geometry": {"type": "Point", "coordinates": [-40.516325, -20.672887]}, "properties": {"i": 771, "mun": 56472, "ibge": 3202405, "z": 24, "l": 1708, "nm": "ESCOLA ELIZIÁRIO LOURENÇO DIAS - CAIC", "nm_mun": "GUARAPARI", "aptos": 1203, "imp": 0}}, {"type": "Feature", "geometry": {"type": "Point", "coordinates": [-40.529033, -20.689925]}, "properties": {"i": 772, "mun": 56472, "ibge": 3202405, "z": 24, "l": 1716, "nm": "ESCOLA ORMI LOUREIRO ALMEIDA", "nm_mun": "GUARAPARI", "aptos": 432, "imp": 0}}, {"type": "Feature", "geometry": {"type": "Point", "coordinates": [-40.459492, -20.617474]}, "properties": {"i": 773, "mun": 56472, "ibge": 3202405, "z": 24, "l": 1724, "nm": "ESCOLA MARINALVA ARAGÃO AMORIM", "nm_mun": "GUARAPARI", "aptos": 3894, "imp": 0}}, {"type": "Feature", "geometry": {"type": "Point", "coordinates": [-40.5862, -20.502739]}, "properties": {"i": 774, "mun": 56472, "ibge": 3202405, "z": 24, "l": 1732, "nm": "CENTRO COMUNITÁRIO SANTA LUZIA", "nm_mun": "GUARAPARI", "aptos": 136, "imp": 0}}, {"type": "Feature", "geometry": {"type": "Point", "coordinates": [-40.561458, -20.729902]}, "properties": {"i": 775, "mun": 56472, "ibge": 3202405, "z": 24, "l": 1740, "nm": "IGREJA CATÓLICA SÃO SEBASTIÃO", "nm_mun": "GUARAPARI", "aptos": 151, "imp": 0}}, {"type": "Feature", "geometry": {"type": "Point", "coordinates": [-40.495798, -20.653587]}, "properties": {"i": 776, "mun": 56472, "ibge": 3202405, "z": 24, "l": 1759, "nm": "COLÉGIO MAXIME", "nm_mun": "GUARAPARI", "aptos": 3851, "imp": 0}}, {"type": "Feature", "geometry": {"type": "Point", "coordinates": [-40.438839, -20.62804]}, "properties": {"i": 777, "mun": 56472, "ibge": 3202405, "z": 24, "l": 1791, "nm": "IGREJA BATISTA DE SETIBA", "nm_mun": "GUARAPARI", "aptos": 351, "imp": 0}}, {"type": "Feature", "geometry": {"type": "Point", "coordinates": [-40.486202, -20.648428]}, "properties": {"i": 778, "mun": 56472, "ibge": 3202405, "z": 24, "l": 1805, "nm": "ESCOLA ZILNETE PEREIRA GUIMARÃES (CEDTEC)", "nm_mun": "GUARAPARI", "aptos": 4942, "imp": 0}}, {"type": "Feature", "geometry": {"type": "Point", "coordinates": [-40.441942, -20.630041]}, "properties": {"i": 779, "mun": 56472, "ibge": 3202405, "z": 24, "l": 1813, "nm": "ESCOLA EUGENIO DEOCLÉCIO BORGES", "nm_mun": "GUARAPARI", "aptos": 1160, "imp": 0}}, {"type": "Feature", "geometry": {"type": "Point", "coordinates": [-40.48681, -20.625328]}, "properties": {"i": 780, "mun": 56472, "ibge": 3202405, "z": 24, "l": 1821, "nm": "ESCOLA ROSA SIMÕES DE ALMEIDA", "nm_mun": "GUARAPARI", "aptos": 4568, "imp": 0}}, {"type": "Feature", "geometry": {"type": "Point", "coordinates": [-40.545629, -20.733021]}, "properties": {"i": 781, "mun": 56472, "ibge": 3202405, "z": 24, "l": 1830, "nm": "CEMEI MARIA JOSÉ LOUREIRO VICENTE", "nm_mun": "GUARAPARI", "aptos": 358, "imp": 0}}, {"type": "Feature", "geometry": {"type": "Point", "coordinates": [-40.498825, -20.660269]}, "properties": {"i": 782, "mun": 56472, "ibge": 3202405, "z": 24, "l": 1848, "nm": "ESCOLA  ANA ROCHA LYRA", "nm_mun": "GUARAPARI", "aptos": 2460, "imp": 0}}, {"type": "Feature", "geometry": {"type": "Point", "coordinates": [-40.445284, -20.597722]}, "properties": {"i": 783, "mun": 56472, "ibge": 3202405, "z": 24, "l": 1864, "nm": "ESCOLA OTÁVIO PINTO RIBEIRO", "nm_mun": "GUARAPARI", "aptos": 67, "imp": 1}}, {"type": "Feature", "geometry": {"type": "Point", "coordinates": [-40.519107, -20.678301]}, "properties": {"i": 784, "mun": 56472, "ibge": 3202405, "z": 24, "l": 1872, "nm": "ESCOLA OTACILIA BORGES FIGUEIREDO", "nm_mun": "GUARAPARI", "aptos": 552, "imp": 0}}, {"type": "Feature", "geometry": {"type": "Point", "coordinates": [-40.521777, -20.638709]}, "properties": {"i": 785, "mun": 56472, "ibge": 3202405, "z": 24, "l": 1899, "nm": "ESCOLA MARIA MARTA DALLA HUARCAYA", "nm_mun": "GUARAPARI", "aptos": 927, "imp": 0}}, {"type": "Feature", "geometry": {"type": "Point", "coordinates": [-40.336305, -20.349135]}, "properties": {"i": 786, "mun": 56472, "ibge": 3202405, "z": 24, "l": 1910, "nm": "CEMEI PATRICIA CORREA MARQUES", "nm_mun": "GUARAPARI", "aptos": 88, "imp": 1}}, {"type": "Feature", "geometry": {"type": "Point", "coordinates": [-40.371401, -20.369562]}, "properties": {"i": 787, "mun": 56472, "ibge": 3202405, "z": 24, "l": 1937, "nm": "ESCOLA MARIA DAS GRAÇAS SANT ANA MENARIO", "nm_mun": "GUARAPARI", "aptos": 729, "imp": 1}}, {"type": "Feature", "geometry": {"type": "Point", "coordinates": [-40.366907, -19.830041]}, "properties": {"i": 788, "mun": 56499, "ibge": 3202504, "z": 14, "l": 1015, "nm": "EEEFM NOSSA SENHORA DA SAÚDE", "nm_mun": "IBIRAÇU", "aptos": 1873, "imp": 0}}, {"type": "Feature", "geometry": {"type": "Point", "coordinates": [-40.366732, -19.830825]}, "properties": {"i": 789, "mun": 56499, "ibge": 3202504, "z": 14, "l": 1023, "nm": "EEEFM NARCEU PAIVA FILHO", "nm_mun": "IBIRAÇU", "aptos": 1747, "imp": 0}}, {"type": "Feature", "geometry": {"type": "Point", "coordinates": [-40.367551, -19.82844]}, "properties": {"i": 790, "mun": 56499, "ibge": 3202504, "z": 14, "l": 1040, "nm": "EMEI DANIEL COMBONI", "nm_mun": "IBIRAÇU", "aptos": 783, "imp": 0}}, {"type": "Feature", "geometry": {"type": "Point", "coordinates": [-40.463178, -19.763552]}, "properties": {"i": 791, "mun": 56499, "ibge": 3202504, "z": 14, "l": 1104, "nm": "QUADRA DE ESPORTES FIORAVANTE MILLANE", "nm_mun": "IBIRAÇU", "aptos": 66, "imp": 0}}, {"type": "Feature", "geometry": {"type": "Point", "coordinates": [-40.405531, -19.867706]}, "properties": {"i": 792, "mun": 56499, "ibge": 3202504, "z": 14, "l": 1147, "nm": "EMPEIF PENDANGA", "nm_mun": "IBIRAÇU", "aptos": 468, "imp": 0}}, {"type": "Feature", "geometry": {"type": "Point", "coordinates": [-40.367776, -19.833438]}, "properties": {"i": 793, "mun": 56499, "ibge": 3202504, "z": 14, "l": 1163, "nm": "EMEF PROFESSORA ERICINA MACEDO PAGIOLA", "nm_mun": "IBIRAÇU", "aptos": 1187, "imp": 0}}, {"type": "Feature", "geometry": {"type": "Point", "coordinates": [-40.369985, -19.833519]}, "properties": {"i": 794, "mun": 56499, "ibge": 3202504, "z": 14, "l": 1171, "nm": "CEI CHAPEUZINHO VERMELHO", "nm_mun": "IBIRAÇU", "aptos": 853, "imp": 0}}, {"type": "Feature", "geometry": {"type": "Point", "coordinates": [-40.370551, -19.764871]}, "properties": {"i": 795, "mun": 56499, "ibge": 3202504, "z": 14, "l": 1198, "nm": "UNIDADE BÁSICA DE SAÚDE DE CABOCLO BERNARDO", "nm_mun": "IBIRAÇU", "aptos": 202, "imp": 0}}, {"type": "Feature", "geometry": {"type": "Point", "coordinates": [-40.508074, -19.816907]}, "properties": {"i": 796, "mun": 56499, "ibge": 3202504, "z": 14, "l": 1201, "nm": "EMEIEF VEREADOR LEANDRO ZINGER", "nm_mun": "IBIRAÇU", "aptos": 238, "imp": 0}}, {"type": "Feature", "geometry": {"type": "Point", "coordinates": [-40.361535, -19.872315]}, "properties": {"i": 797, "mun": 56499, "ibge": 3202504, "z": 14, "l": 1210, "nm": "UNIDADE DE SAÚDE DE PEDRO PALÁCIOS", "nm_mun": "IBIRAÇU", "aptos": 278, "imp": 0}}, {"type": "Feature", "geometry": {"type": "Point", "coordinates": [-40.445712, -19.788235]}, "properties": {"i": 798, "mun": 56499, "ibge": 3202504, "z": 14, "l": 1228, "nm": "ASSOCIAÇÃO DOS AGRICULTORES DE SANTO ANTÔNIO", "nm_mun": "IBIRAÇU", "aptos": 105, "imp": 0}}, {"type": "Feature", "geometry": {"type": "Point", "coordinates": [-40.389542, -19.862768]}, "properties": {"i": 799, "mun": 56499, "ibge": 3202504, "z": 14, "l": 1244, "nm": "EMPEF PADRE CARLOS FURBETTA", "nm_mun": "IBIRAÇU", "aptos": 268, "imp": 0}}, {"type": "Feature", "geometry": {"type": "Point", "coordinates": [-40.364742, -19.824747]}, "properties": {"i": 800, "mun": 56499, "ibge": 3202504, "z": 14, "l": 1252, "nm": "CEI CACHINHO DE OURO", "nm_mun": "IBIRAÇU", "aptos": 700, "imp": 0}}, {"type": "Feature", "geometry": {"type": "Point", "coordinates": [-40.370523, -19.820383]}, "properties": {"i": 801, "mun": 56499, "ibge": 3202504, "z": 14, "l": 1260, "nm": "EMEIEF PROF.ª ELZITA BARBARIOLI", "nm_mun": "IBIRAÇU", "aptos": 860, "imp": 0}}, {"type": "Feature", "geometry": {"type": "Point", "coordinates": [-40.243952, -20.174824]}, "properties": {"i": 802, "mun": 56499, "ibge": 3202504, "z": 14, "l": 1279, "nm": "ESCOLA SÃO FRANCISCO DE ASSIS (ESFA)", "nm_mun": "IBIRAÇU", "aptos": 312, "imp": 1}}, {"type": "Feature", "geometry": {"type": "Point", "coordinates": [-41.665277, -20.538988]}, "properties": {"i": 803, "mun": 56502, "ibge": 3202553, "z": 18, "l": 1015, "nm": "EMEIF ELIZA PACHECO ALVES", "nm_mun": "IBITIRAMA", "aptos": 1912, "imp": 0}}, {"type": "Feature", "geometry": {"type": "Point", "coordinates": [-41.608244, -20.520918]}, "properties": {"i": 804, "mun": 56502, "ibge": 3202553, "z": 18, "l": 1023, "nm": "CEMEI ZULMIRA LOUZADA", "nm_mun": "IBITIRAMA", "aptos": 606, "imp": 0}}, {"type": "Feature", "geometry": {"type": "Point", "coordinates": [-41.715991, -20.513359]}, "properties": {"i": 805, "mun": 56502, "ibge": 3202553, "z": 18, "l": 1031, "nm": "EEEFM OLAVO RODRIGUES", "nm_mun": "IBITIRAMA", "aptos": 1580, "imp": 0}}, {"type": "Feature", "geometry": {"type": "Point", "coordinates": [-41.676375, -20.431603]}, "properties": {"i": 806, "mun": 56502, "ibge": 3202553, "z": 18, "l": 1040, "nm": "EMEIEF PROFESSORA CLARICE CAMPOS LEMOS", "nm_mun": "IBITIRAMA", "aptos": 824, "imp": 0}}, {"type": "Feature", "geometry": {"type": "Point", "coordinates": [-41.64194, -20.6525]}, "properties": {"i": 807, "mun": 56502, "ibge": 3202553, "z": 18, "l": 1058, "nm": "CEMEI JOÃO BATISTA LOPES", "nm_mun": "IBITIRAMA", "aptos": 132, "imp": 0}}, {"type": "Feature", "geometry": {"type": "Point", "coordinates": [-41.704904, -20.424171]}, "properties": {"i": 808, "mun": 56502, "ibge": 3202553, "z": 18, "l": 1066, "nm": "EMPEF ARTULINO XAVIER DA COSTA", "nm_mun": "IBITIRAMA", "aptos": 437, "imp": 0}}, {"type": "Feature", "geometry": {"type": "Point", "coordinates": [-41.660941, -20.538934]}, "properties": {"i": 809, "mun": 56502, "ibge": 3202553, "z": 18, "l": 1082, "nm": "EEEFM ANTÔNIO LEMOS JÚNIOR", "nm_mun": "IBITIRAMA", "aptos": 1984, "imp": 0}}, {"type": "Feature", "geometry": {"type": "Point", "coordinates": [-40.810062, -20.791562]}, "properties": {"i": 810, "mun": 56510, "ibge": 3202603, "z": 35, "l": 1015, "nm": "EMEF PADRE ASSIS", "nm_mun": "ICONHA", "aptos": 2023, "imp": 0}}, {"type": "Feature", "geometry": {"type": "Point", "coordinates": [-40.812198, -20.787897]}, "properties": {"i": 811, "mun": 56510, "ibge": 3202603, "z": 35, "l": 1040, "nm": "PEM ASTÉRIA SIQUEIRA MIRANDA", "nm_mun": "ICONHA", "aptos": 1182, "imp": 0}}, {"type": "Feature", "geometry": {"type": "Point", "coordinates": [-40.815935, -20.789422]}, "properties": {"i": 812, "mun": 56510, "ibge": 3202603, "z": 35, "l": 1058, "nm": "EEEM CORONEL ANTÔNIO DUARTE", "nm_mun": "ICONHA", "aptos": 2273, "imp": 0}}, {"type": "Feature", "geometry": {"type": "Point", "coordinates": [-40.798291, -20.788519]}, "properties": {"i": 813, "mun": 56510, "ibge": 3202603, "z": 35, "l": 1066, "nm": "EMEF MARCELINO BIANCARDI", "nm_mun": "ICONHA", "aptos": 1101, "imp": 0}}, {"type": "Feature", "geometry": {"type": "Point", "coordinates": [-40.847277, -20.803252]}, "properties": {"i": 814, "mun": 56510, "ibge": 3202603, "z": 35, "l": 1074, "nm": "QUADRA MORRO DA PALHA", "nm_mun": "ICONHA", "aptos": 393, "imp": 0}}, {"type": "Feature", "geometry": {"type": "Point", "coordinates": [-40.850468, -20.749424]}, "properties": {"i": 815, "mun": 56510, "ibge": 3202603, "z": 35, "l": 1104, "nm": "QUADRA DE MONTE BELO", "nm_mun": "ICONHA", "aptos": 809, "imp": 0}}, {"type": "Feature", "geometry": {"type": "Point", "coordinates": [-40.814055, -20.786922]}, "properties": {"i": 816, "mun": 56510, "ibge": 3202603, "z": 35, "l": 1120, "nm": "EMEF ROSITA SALVADOR CARDOSO - PEDRA D'ÁGUA", "nm_mun": "ICONHA", "aptos": 1058, "imp": 0}}, {"type": "Feature", "geometry": {"type": "Point", "coordinates": [-40.882236, -20.729173]}, "properties": {"i": 817, "mun": 56510, "ibge": 3202603, "z": 35, "l": 1139, "nm": "EMEF ISABELO FONTANA - DUAS BARRAS", "nm_mun": "ICONHA", "aptos": 613, "imp": 0}}, {"type": "Feature", "geometry": {"type": "Point", "coordinates": [-40.872841, -20.786903]}, "properties": {"i": 818, "mun": 56510, "ibge": 3202603, "z": 35, "l": 1147, "nm": "ESCOLA DE PALMITAL", "nm_mun": "ICONHA", "aptos": 363, "imp": 0}}, {"type": "Feature", "geometry": {"type": "Point", "coordinates": [-40.8281, -20.735207]}, "properties": {"i": 819, "mun": 56510, "ibge": 3202603, "z": 35, "l": 1163, "nm": "EMUEF PEDRA LISA BAIXA", "nm_mun": "ICONHA", "aptos": 314, "imp": 0}}, {"type": "Feature", "geometry": {"type": "Point", "coordinates": [-40.908467, -20.7556]}, "properties": {"i": 820, "mun": 56510, "ibge": 3202603, "z": 35, "l": 1171, "nm": "ASSOCIAÇÃO DOS MORADORES DE INHAÚMA", "nm_mun": "ICONHA", "aptos": 350, "imp": 0}}, {"type": "Feature", "geometry": {"type": "Point", "coordinates": [-40.814055, -20.786922]}, "properties": {"i": 821, "mun": 56510, "ibge": 3202603, "z": 35, "l": 1260, "nm": "PEM FRANZ GAISMAYER", "nm_mun": "ICONHA", "aptos": 632, "imp": 0}}, {"type": "Feature", "geometry": {"type": "Point", "coordinates": [-40.802252, -20.788158]}, "properties": {"i": 822, "mun": 56510, "ibge": 3202603, "z": 35, "l": 1341, "nm": "CENTRO COMUNITÁRIO PADRE LUIS LAMMAMIE", "nm_mun": "ICONHA", "aptos": 299, "imp": 0}}, {"type": "Feature", "geometry": {"type": "Point", "coordinates": [-40.856054, -19.803732]}, "properties": {"i": 823, "mun": 56537, "ibge": 3202702, "z": 16, "l": 1015, "nm": "EEEFM EURICO SALLES", "nm_mun": "ITAGUAÇU", "aptos": 4979, "imp": 0}}, {"type": "Feature", "geometry": {"type": "Point", "coordinates": [-40.856541, -19.804072]}, "properties": {"i": 824, "mun": 56537, "ibge": 3202702, "z": 16, "l": 1023, "nm": "EMEF THIERS VELLOSO", "nm_mun": "ITAGUAÇU", "aptos": 2999, "imp": 0}}, {"type": "Feature", "geometry": {"type": "Point", "coordinates": [-40.834225, -19.695284]}, "properties": {"i": 825, "mun": 56537, "ibge": 3202702, "z": 16, "l": 1031, "nm": "EMEF PADRE ALONSO", "nm_mun": "ITAGUAÇU", "aptos": 1072, "imp": 0}}, {"type": "Feature", "geometry": {"type": "Point", "coordinates": [-40.83593, -19.664828]}, "properties": {"i": 826, "mun": 56537, "ibge": 3202702, "z": 16, "l": 1040, "nm": "EEEFM ALFREDO LEMOS", "nm_mun": "ITAGUAÇU", "aptos": 1361, "imp": 0}}, {"type": "Feature", "geometry": {"type": "Point", "coordinates": [-40.784843, -19.702998]}, "properties": {"i": 827, "mun": 56537, "ibge": 3202702, "z": 16, "l": 1058, "nm": "EMEF  MARIA PAULI SPERANDIO", "nm_mun": "ITAGUAÇU", "aptos": 915, "imp": 0}}, {"type": "Feature", "geometry": {"type": "Point", "coordinates": [-40.921441, -19.694074]}, "properties": {"i": 828, "mun": 56537, "ibge": 3202702, "z": 16, "l": 1090, "nm": "EEEFM FABIANO FRANCISCO TOMASINI", "nm_mun": "ITAGUAÇU", "aptos": 235, "imp": 0}}, {"type": "Feature", "geometry": {"type": "Point", "coordinates": [-40.903888, -19.742708]}, "properties": {"i": 829, "mun": 56537, "ibge": 3202702, "z": 16, "l": 1104, "nm": "EMUEFEI - SOBREIRO", "nm_mun": "ITAGUAÇU", "aptos": 200, "imp": 0}}, {"type": "Feature", "geometry": {"type": "Point", "coordinates": [-40.829087, -21.009578]}, "properties": {"i": 830, "mun": 56553, "ibge": 3202801, "z": 22, "l": 1015, "nm": "CEEFMTI WASHINGTON PINHEIRO MEIRELLES", "nm_mun": "ITAPEMIRIM", "aptos": 1282, "imp": 0}}, {"type": "Feature", "geometry": {"type": "Point", "coordinates": [-40.773948, -20.887406]}, "properties": {"i": 831, "mun": 56553, "ibge": 3202801, "z": 22, "l": 1040, "nm": "CMEF EM TEMPO INTEGRAL WALDÉIA FERREIRA PEÇANHA", "nm_mun": "ITAPEMIRIM", "aptos": 3522, "imp": 0}}, {"type": "Feature", "geometry": {"type": "Point", "coordinates": [-40.88694, -20.962932]}, "properties": {"i": 832, "mun": 56553, "ibge": 3202801, "z": 22, "l": 1058, "nm": "EMPEF BOM SERÁ", "nm_mun": "ITAPEMIRIM", "aptos": 554, "imp": 0}}, {"type": "Feature", "geometry": {"type": "Point", "coordinates": [-41.009354, -20.883662]}, "properties": {"i": 833, "mun": 56553, "ibge": 3202801, "z": 22, "l": 1066, "nm": "EMUEF FRADE E A FREIRA", "nm_mun": "ITAPEMIRIM", "aptos": 344, "imp": 0}}, {"type": "Feature", "geometry": {"type": "Point", "coordinates": [-41.00328, -20.99026]}, "properties": {"i": 834, "mun": 56553, "ibge": 3202801, "z": 22, "l": 1074, "nm": "EMEIEF MANOEL MARCONDES (ANTIGO DNIT)", "nm_mun": "ITAPEMIRIM", "aptos": 706, "imp": 0}}, {"type": "Feature", "geometry": {"type": "Point", "coordinates": [-41.00328, -20.99026]}, "properties": {"i": 835, "mun": 56553, "ibge": 3202801, "z": 22, "l": 1090, "nm": "EMPEF ROZÁRIA DA SILVEIRA NUNES (PEDRA)", "nm_mun": "ITAPEMIRIM", "aptos": 465, "imp": 0}}, {"type": "Feature", "geometry": {"type": "Point", "coordinates": [-41.00316, -20.989997]}, "properties": {"i": 836, "mun": 56553, "ibge": 3202801, "z": 22, "l": 1139, "nm": "EEEFM ANTÔNIO JACQUES SOARES", "nm_mun": "ITAPEMIRIM", "aptos": 1631, "imp": 0}}, {"type": "Feature", "geometry": {"type": "Point", "coordinates": [-40.911999, -21.033422]}, "properties": {"i": 837, "mun": 56553, "ibge": 3202801, "z": 22, "l": 1147, "nm": "EEEF DE GRAÚNA", "nm_mun": "ITAPEMIRIM", "aptos": 1253, "imp": 0}}, {"type": "Feature", "geometry": {"type": "Point", "coordinates": [-40.914694, -20.980269]}, "properties": {"i": 838, "mun": 56553, "ibge": 3202801, "z": 22, "l": 1155, "nm": "EMPEF LIMÃO", "nm_mun": "ITAPEMIRIM", "aptos": 356, "imp": 0}}, {"type": "Feature", "geometry": {"type": "Point", "coordinates": [-40.857185, -21.029457]}, "properties": {"i": 839, "mun": 56553, "ibge": 3202801, "z": 22, "l": 1163, "nm": "EMEIEF ANACLETO JACINTO RIBEIRO", "nm_mun": "ITAPEMIRIM", "aptos": 2614, "imp": 0}}, {"type": "Feature", "geometry": {"type": "Point", "coordinates": [-40.817138, -20.921595]}, "properties": {"i": 840, "mun": 56553, "ibge": 3202801, "z": 22, "l": 1180, "nm": "EMEIEF PEDRO SIQUEIRA", "nm_mun": "ITAPEMIRIM", "aptos": 1071, "imp": 0}}, {"type": "Feature", "geometry": {"type": "Point", "coordinates": [-40.829087, -21.009578]}, "properties": {"i": 841, "mun": 56553, "ibge": 3202801, "z": 22, "l": 1228, "nm": "EMEF NARCISO ARAÚJO", "nm_mun": "ITAPEMIRIM", "aptos": 4424, "imp": 0}}, {"type": "Feature", "geometry": {"type": "Point", "coordinates": [-40.862106, -20.939465]}, "properties": {"i": 842, "mun": 56553, "ibge": 3202801, "z": 22, "l": 1295, "nm": "EMUEF FAZENDA VELHA", "nm_mun": "ITAPEMIRIM", "aptos": 273, "imp": 0}}, {"type": "Feature", "geometry": {"type": "Point", "coordinates": [-40.79501, -20.903036]}, "properties": {"i": 843, "mun": 56553, "ibge": 3202801, "z": 22, "l": 1333, "nm": "EMEIEF LUIZ JOÃO GOMES", "nm_mun": "ITAPEMIRIM", "aptos": 1688, "imp": 0}}, {"type": "Feature", "geometry": {"type": "Point", "coordinates": [-41.008477, -20.895817]}, "properties": {"i": 844, "mun": 56553, "ibge": 3202801, "z": 22, "l": 1422, "nm": "UNIDADE DE SAÚDE FRADE", "nm_mun": "ITAPEMIRIM", "aptos": 310, "imp": 0}}, {"type": "Feature", "geometry": {"type": "Point", "coordinates": [-40.959503, -21.017778]}, "properties": {"i": 845, "mun": 56553, "ibge": 3202801, "z": 22, "l": 1449, "nm": "EMEIEF GEORGETA FERREIRA DE ALMEIDA (DESENGANO)", "nm_mun": "ITAPEMIRIM", "aptos": 814, "imp": 0}}, {"type": "Feature", "geometry": {"type": "Point", "coordinates": [-41.024345, -20.978795]}, "properties": {"i": 846, "mun": 56553, "ibge": 3202801, "z": 22, "l": 1457, "nm": "EMEIEF FLORÊNCIO BENTO ALVES", "nm_mun": "ITAPEMIRIM", "aptos": 1064, "imp": 0}}, {"type": "Feature", "geometry": {"type": "Point", "coordinates": [-40.887967, -20.93911]}, "properties": {"i": 847, "mun": 56553, "ibge": 3202801, "z": 22, "l": 1473, "nm": "EMUEF PIABANHA DO NORTE", "nm_mun": "ITAPEMIRIM", "aptos": 343, "imp": 0}}, {"type": "Feature", "geometry": {"type": "Point", "coordinates": [-41.07637, -20.918458]}, "properties": {"i": 848, "mun": 56553, "ibge": 3202801, "z": 22, "l": 1481, "nm": "EMEIEF NORMA VICENTE FERREIRA", "nm_mun": "ITAPEMIRIM", "aptos": 392, "imp": 0}}, {"type": "Feature", "geometry": {"type": "Point", "coordinates": [-40.876251, -20.924798]}, "properties": {"i": 849, "mun": 56553, "ibge": 3202801, "z": 22, "l": 1511, "nm": "EMPEF SANTO AMARO", "nm_mun": "ITAPEMIRIM", "aptos": 506, "imp": 0}}, {"type": "Feature", "geometry": {"type": "Point", "coordinates": [-40.785932, -20.910452]}, "properties": {"i": 850, "mun": 56553, "ibge": 3202801, "z": 22, "l": 1520, "nm": "EMEIEF ELVIRA MEALE LESQUEVES", "nm_mun": "ITAPEMIRIM", "aptos": 1407, "imp": 0}}, {"type": "Feature", "geometry": {"type": "Point", "coordinates": [-40.782426, -20.891152]}, "properties": {"i": 851, "mun": 56553, "ibge": 3202801, "z": 22, "l": 1538, "nm": "EPE LEOPOLDINO ROCHA", "nm_mun": "ITAPEMIRIM", "aptos": 4132, "imp": 0}}, {"type": "Feature", "geometry": {"type": "Point", "coordinates": [-40.92259, -20.931361]}, "properties": {"i": 852, "mun": 56553, "ibge": 3202801, "z": 22, "l": 1546, "nm": "EMPEF PALMITAL", "nm_mun": "ITAPEMIRIM", "aptos": 426, "imp": 0}}, {"type": "Feature", "geometry": {"type": "Point", "coordinates": [-40.907048, -20.900568]}, "properties": {"i": 853, "mun": 56553, "ibge": 3202801, "z": 22, "l": 1554, "nm": "EMPEF SANTA HELENA", "nm_mun": "ITAPEMIRIM", "aptos": 289, "imp": 0}}, {"type": "Feature", "geometry": {"type": "Point", "coordinates": [-40.919557, -20.954558]}, "properties": {"i": 854, "mun": 56553, "ibge": 3202801, "z": 22, "l": 1562, "nm": "EMPEF AFONSOS", "nm_mun": "ITAPEMIRIM", "aptos": 283, "imp": 0}}, {"type": "Feature", "geometry": {"type": "Point", "coordinates": [-40.830199, -21.012988]}, "properties": {"i": 855, "mun": 56553, "ibge": 3202801, "z": 22, "l": 1597, "nm": "CRECHE ANDRÉ FREITAS DE OLIVEIRA", "nm_mun": "ITAPEMIRIM", "aptos": 473, "imp": 0}}, {"type": "Feature", "geometry": {"type": "Point", "coordinates": [-40.991975, -20.983821]}, "properties": {"i": 856, "mun": 56553, "ibge": 3202801, "z": 22, "l": 1600, "nm": "EMPEF BARBADOS", "nm_mun": "ITAPEMIRIM", "aptos": 181, "imp": 0}}, {"type": "Feature", "geometry": {"type": "Point", "coordinates": [-40.980364, -20.981241]}, "properties": {"i": 857, "mun": 56553, "ibge": 3202801, "z": 22, "l": 1619, "nm": "EMUEF PORTAL DE PAINEIRAS", "nm_mun": "ITAPEMIRIM", "aptos": 64, "imp": 1}}, {"type": "Feature", "geometry": {"type": "Point", "coordinates": [-40.976205, -21.040234]}, "properties": {"i": 858, "mun": 56553, "ibge": 3202801, "z": 22, "l": 1627, "nm": "UNIDADE DE SAÚDE DE BREJO GRANDE DO SUL", "nm_mun": "ITAPEMIRIM", "aptos": 487, "imp": 0}}, {"type": "Feature", "geometry": {"type": "Point", "coordinates": [-40.779049, -20.898755]}, "properties": {"i": 859, "mun": 56553, "ibge": 3202801, "z": 22, "l": 1635, "nm": "EMEIEF MARLUCE BIANCHI DE SOUZA VIANA", "nm_mun": "ITAPEMIRIM", "aptos": 1822, "imp": 0}}, {"type": "Feature", "geometry": {"type": "Point", "coordinates": [-41.024603, -20.983131]}, "properties": {"i": 860, "mun": 56553, "ibge": 3202801, "z": 22, "l": 1643, "nm": "EMEIEF JOSEPHA MIRANDA DE CARVALHO BRITO", "nm_mun": "ITAPEMIRIM", "aptos": 663, "imp": 0}}, {"type": "Feature", "geometry": {"type": "Point", "coordinates": [-40.901209, -20.94644]}, "properties": {"i": 861, "mun": 56553, "ibge": 3202801, "z": 22, "l": 1651, "nm": "CRECHE MUNICIPAL ZÓZIMA GOMES LEAL - VOVÓ JOZINA", "nm_mun": "ITAPEMIRIM", "aptos": 587, "imp": 0}}, {"type": "Feature", "geometry": {"type": "Point", "coordinates": [-40.77928, -20.903002]}, "properties": {"i": 862, "mun": 56553, "ibge": 3202801, "z": 22, "l": 1678, "nm": "CEMEI DINORAH RODRIGUES PEÇANHA (ANTIGA MUNICIPALIZADA DE ITAÓCA)", "nm_mun": "ITAPEMIRIM", "aptos": 1026, "imp": 0}}, {"type": "Feature", "geometry": {"type": "Point", "coordinates": [-40.913274, -20.940542]}, "properties": {"i": 863, "mun": 56553, "ibge": 3202801, "z": 22, "l": 1686, "nm": "ESCOLA IRMÃOS KENNEDY", "nm_mun": "ITAPEMIRIM", "aptos": 12, "imp": 1}}, {"type": "Feature", "geometry": {"type": "Point", "coordinates": [-40.829867, -21.006934]}, "properties": {"i": 864, "mun": 56553, "ibge": 3202801, "z": 22, "l": 1694, "nm": "CEMEI PROFESSORA MARIA DA PENHA RIBEIRO MACHADO", "nm_mun": "ITAPEMIRIM", "aptos": 314, "imp": 0}}, {"type": "Feature", "geometry": {"type": "Point", "coordinates": [-40.911311, -21.027097]}, "properties": {"i": 865, "mun": 56553, "ibge": 3202801, "z": 22, "l": 1708, "nm": "CEMEI QUILOMBOLA JOÃO LUCIANO DA ROSA", "nm_mun": "ITAPEMIRIM", "aptos": 156, "imp": 0}}, {"type": "Feature", "geometry": {"type": "Point", "coordinates": [-40.857313, -21.029763]}, "properties": {"i": 866, "mun": 56553, "ibge": 3202801, "z": 22, "l": 1716, "nm": "CRECHE MUNICIPAL NASSÍRIA DOS SANTOS SILVA", "nm_mun": "ITAPEMIRIM", "aptos": 423, "imp": 0}}, {"type": "Feature", "geometry": {"type": "Point", "coordinates": [-41.004891, -20.990343]}, "properties": {"i": 867, "mun": 56553, "ibge": 3202801, "z": 22, "l": 1724, "nm": "CEAG CENTRO EDUCACIONAL AGRÍCOLA", "nm_mun": "ITAPEMIRIM", "aptos": 84, "imp": 1}}, {"type": "Feature", "geometry": {"type": "Point", "coordinates": [-41.141455, -20.852408]}, "properties": {"i": 868, "mun": 56553, "ibge": 3202801, "z": 22, "l": 1740, "nm": "CEMEI LÍDIA OLIVEIRA LIMA", "nm_mun": "ITAPEMIRIM", "aptos": 144, "imp": 1}}, {"type": "Feature", "geometry": {"type": "Point", "coordinates": [-40.401755, -20.019316]}, "properties": {"i": 869, "mun": 56553, "ibge": 3202801, "z": 22, "l": 1759, "nm": "IGREJA PRESBITERIANA DE SANTA HELENA", "nm_mun": "ITAPEMIRIM", "aptos": 78, "imp": 1}}, {"type": "Feature", "geometry": {"type": "Point", "coordinates": [-40.876808, -19.86851]}, "properties": {"i": 870, "mun": 56570, "ibge": 3202900, "z": 11, "l": 1015, "nm": "EPSG PROFA. ALEYDE COSME", "nm_mun": "ITARANA", "aptos": 3783, "imp": 0}}, {"type": "Feature", "geometry": {"type": "Point", "coordinates": [-40.876808, -19.86851]}, "properties": {"i": 871, "mun": 56570, "ibge": 3202900, "z": 11, "l": 1023, "nm": "EMEF LUIZA GRIMALDI", "nm_mun": "ITARANA", "aptos": 1916, "imp": 0}}, {"type": "Feature", "geometry": {"type": "Point", "coordinates": [-40.875308, -19.871281]}, "properties": {"i": 872, "mun": 56570, "ibge": 3202900, "z": 11, "l": 1031, "nm": "EMEI PADRE BERNARDO NIEWIND", "nm_mun": "ITARANA", "aptos": 1015, "imp": 0}}, {"type": "Feature", "geometry": {"type": "Point", "coordinates": [-40.891022, -20.000076]}, "properties": {"i": 873, "mun": 56570, "ibge": 3202900, "z": 11, "l": 1040, "nm": "EEEF ALTO JATIBOCAS", "nm_mun": "ITARANA", "aptos": 1847, "imp": 0}}, {"type": "Feature", "geometry": {"type": "Point", "coordinates": [-40.82308, -19.957135]}, "properties": {"i": 874, "mun": 56570, "ibge": 3202900, "z": 11, "l": 1066, "nm": "EEEF PROF. JOSUÉ BALDOTTO", "nm_mun": "ITARANA", "aptos": 451, "imp": 0}}, {"type": "Feature", "geometry": {"type": "Point", "coordinates": [-40.897805, -19.904834]}, "properties": {"i": 875, "mun": 56570, "ibge": 3202900, "z": 11, "l": 1074, "nm": "CMEI TEREZA FIOROTTI RIZZI", "nm_mun": "ITARANA", "aptos": 577, "imp": 0}}, {"type": "Feature", "geometry": {"type": "Point", "coordinates": [-40.830199, -21.012988]}, "properties": {"i": 876, "mun": 56596, "ibge": 3203007, "z": 18, "l": 1015, "nm": "SECRETARIA DE CULTURA, ESPORTE E TURISMO", "nm_mun": "IÚNA", "aptos": 90, "imp": 1}}, {"type": "Feature", "geometry": {"type": "Point", "coordinates": [-41.532696, -20.347427]}, "properties": {"i": 877, "mun": 56596, "ibge": 3203007, "z": 18, "l": 1031, "nm": "EPSG HENRIQUE COUTINHO", "nm_mun": "IÚNA", "aptos": 4861, "imp": 0}}, {"type": "Feature", "geometry": {"type": "Point", "coordinates": [-41.778106, -20.277082]}, "properties": {"i": 878, "mun": 56596, "ibge": 3203007, "z": 18, "l": 1040, "nm": "SECRETARIA MUNICIPAL DE ASSISTENCIA E DESENVOLVIMENTO SOCIAL", "nm_mun": "IÚNA", "aptos": 512, "imp": 0}}, {"type": "Feature", "geometry": {"type": "Point", "coordinates": [-41.533401, -20.350492]}, "properties": {"i": 879, "mun": 56596, "ibge": 3203007, "z": 18, "l": 1066, "nm": "EPSG DR. NAGEM ABIKAHIR", "nm_mun": "IÚNA", "aptos": 3765, "imp": 0}}, {"type": "Feature", "geometry": {"type": "Point", "coordinates": [-41.538604, -20.38341]}, "properties": {"i": 880, "mun": 56596, "ibge": 3203007, "z": 18, "l": 1074, "nm": "EPG DELFINO BATISTA VIEIRA", "nm_mun": "IÚNA", "aptos": 1579, "imp": 0}}, {"type": "Feature", "geometry": {"type": "Point", "coordinates": [-41.574955, -20.421649]}, "properties": {"i": 881, "mun": 56596, "ibge": 3203007, "z": 18, "l": 1082, "nm": "EPG ALDA LOFÊGO DE CASTRO", "nm_mun": "IÚNA", "aptos": 273, "imp": 0}}, {"type": "Feature", "geometry": {"type": "Point", "coordinates": [-41.590531, -20.465878]}, "properties": {"i": 882, "mun": 56596, "ibge": 3203007, "z": 18, "l": 1090, "nm": "EPG ELZA DE CASTRO SCARDINI", "nm_mun": "IÚNA", "aptos": 1446, "imp": 0}}, {"type": "Feature", "geometry": {"type": "Point", "coordinates": [-41.725305, -20.33477]}, "properties": {"i": 883, "mun": 56596, "ibge": 3203007, "z": 18, "l": 1139, "nm": "EPG SANTA CLARA DO CAPARAÓ", "nm_mun": "IÚNA", "aptos": 315, "imp": 0}}, {"type": "Feature", "geometry": {"type": "Point", "coordinates": [-41.687892, -20.226957]}, "properties": {"i": 884, "mun": 56596, "ibge": 3203007, "z": 18, "l": 1180, "nm": "EPG LUÍS MOISÉS HERINGER", "nm_mun": "IÚNA", "aptos": 373, "imp": 0}}, {"type": "Feature", "geometry": {"type": "Point", "coordinates": [-41.833306, -20.326367]}, "properties": {"i": 885, "mun": 56596, "ibge": 3203007, "z": 18, "l": 1198, "nm": "EPG MARIA BARROS HORSTH", "nm_mun": "IÚNA", "aptos": 334, "imp": 0}}, {"type": "Feature", "geometry": {"type": "Point", "coordinates": [-41.778106, -20.277082]}, "properties": {"i": 886, "mun": 56596, "ibge": 3203007, "z": 18, "l": 1201, "nm": "EPSG PADRE AFONSO BRAZ", "nm_mun": "IÚNA", "aptos": 1108, "imp": 0}}, {"type": "Feature", "geometry": {"type": "Point", "coordinates": [-41.845023, -20.356448]}, "properties": {"i": 887, "mun": 56596, "ibge": 3203007, "z": 18, "l": 1210, "nm": "EMEF RIO CLARO", "nm_mun": "IÚNA", "aptos": 275, "imp": 0}}, {"type": "Feature", "geometry": {"type": "Point", "coordinates": [-41.53205, -20.355497]}, "properties": {"i": 888, "mun": 56596, "ibge": 3203007, "z": 18, "l": 1228, "nm": "EMEF DEOLINDA AMORIM DE OLIVEIRA", "nm_mun": "IÚNA", "aptos": 1858, "imp": 0}}, {"type": "Feature", "geometry": {"type": "Point", "coordinates": [-41.50242, -20.43096]}, "properties": {"i": 889, "mun": 56596, "ibge": 3203007, "z": 18, "l": 1236, "nm": "EMEF TERRA CORRIDA", "nm_mun": "IÚNA", "aptos": 242, "imp": 0}}, {"type": "Feature", "geometry": {"type": "Point", "coordinates": [-41.796573, -20.300205]}, "properties": {"i": 890, "mun": 56596, "ibge": 3203007, "z": 18, "l": 1244, "nm": "IGREJA DE SÃO JOSÉ DAS TRÊS PONTES", "nm_mun": "IÚNA", "aptos": 72, "imp": 0}}, {"type": "Feature", "geometry": {"type": "Point", "coordinates": [-41.53447, -20.35045]}, "properties": {"i": 891, "mun": 56596, "ibge": 3203007, "z": 18, "l": 1252, "nm": "CRECHE DA IGREJA PRESBITERIANA", "nm_mun": "IÚNA", "aptos": 348, "imp": 0}}, {"type": "Feature", "geometry": {"type": "Point", "coordinates": [-41.778106, -20.277082]}, "properties": {"i": 892, "mun": 56596, "ibge": 3203007, "z": 18, "l": 1287, "nm": "POSTO DE SAÚDE MUNICIPAL", "nm_mun": "IÚNA", "aptos": 341, "imp": 0}}, {"type": "Feature", "geometry": {"type": "Point", "coordinates": [-41.516984, -20.305064]}, "properties": {"i": 893, "mun": 56596, "ibge": 3203007, "z": 18, "l": 1295, "nm": "EMEF BONSUCESSO", "nm_mun": "IÚNA", "aptos": 261, "imp": 0}}, {"type": "Feature", "geometry": {"type": "Point", "coordinates": [-41.697955, -20.398697]}, "properties": {"i": 894, "mun": 56596, "ibge": 3203007, "z": 18, "l": 1309, "nm": "UBS DE SANTA CLARA DO URBANO", "nm_mun": "IÚNA", "aptos": 275, "imp": 0}}, {"type": "Feature", "geometry": {"type": "Point", "coordinates": [-41.535987, -20.345679]}, "properties": {"i": 895, "mun": 56596, "ibge": 3203007, "z": 18, "l": 1317, "nm": "SALÃO PAROQUIAL DA PARÓQUIA N. S. MÃE DOS HOMENS", "nm_mun": "IÚNA", "aptos": 634, "imp": 0}}, {"type": "Feature", "geometry": {"type": "Point", "coordinates": [-41.536153, -20.346623]}, "properties": {"i": 896, "mun": 56596, "ibge": 3203007, "z": 18, "l": 1325, "nm": "CÂMARA MUNICIPAL DE IÚNA", "nm_mun": "IÚNA", "aptos": 350, "imp": 0}}, {"type": "Feature", "geometry": {"type": "Point", "coordinates": [-41.535987, -20.345679]}, "properties": {"i": 897, "mun": 56596, "ibge": 3203007, "z": 18, "l": 1333, "nm": "SALÃO DA IGREJA MATRIZ", "nm_mun": "IÚNA", "aptos": 553, "imp": 0}}, {"type": "Feature", "geometry": {"type": "Point", "coordinates": [-41.537833, -20.34447]}, "properties": {"i": 898, "mun": 56596, "ibge": 3203007, "z": 18, "l": 1350, "nm": "COLEGIO RENASCER", "nm_mun": "IÚNA", "aptos": 338, "imp": 0}}, {"type": "Feature", "geometry": {"type": "Point", "coordinates": [-41.531404, -20.356036]}, "properties": {"i": 899, "mun": 56596, "ibge": 3203007, "z": 18, "l": 1368, "nm": "EEEFM SANTÍSSIMA TRINDADE", "nm_mun": "IÚNA", "aptos": 744, "imp": 0}}, {"type": "Feature", "geometry": {"type": "Point", "coordinates": [-41.53264, -20.344484]}, "properties": {"i": 900, "mun": 56596, "ibge": 3203007, "z": 18, "l": 1376, "nm": "CENTRO EDUCACIONAL DE ENSINO VOVÓ ORCÍLIA", "nm_mun": "IÚNA", "aptos": 353, "imp": 0}}, {"type": "Feature", "geometry": {"type": "Point", "coordinates": [-41.388885, -20.789394]}, "properties": {"i": 901, "mun": 56618, "ibge": 3203106, "z": 4, "l": 1015, "nm": "CMEI PROF. THIAGO ZUCOLOTO MACHADO", "nm_mun": "JERÔNIMO MONTEIRO", "aptos": 1072, "imp": 0}}, {"type": "Feature", "geometry": {"type": "Point", "coordinates": [-41.374462, -20.796652]}, "properties": {"i": 902, "mun": 56618, "ibge": 3203106, "z": 4, "l": 1031, "nm": "EMEF ANDRÉ ALTOÉ", "nm_mun": "JERÔNIMO MONTEIRO", "aptos": 1385, "imp": 0}}, {"type": "Feature", "geometry": {"type": "Point", "coordinates": [-41.394629, -20.790747]}, "properties": {"i": 903, "mun": 56618, "ibge": 3203106, "z": 4, "l": 1040, "nm": "EEEFM DE JERÔNIMO MONTEIRO", "nm_mun": "JERÔNIMO MONTEIRO", "aptos": 2864, "imp": 0}}, {"type": "Feature", "geometry": {"type": "Point", "coordinates": [-41.395618, -20.790647]}, "properties": {"i": 904, "mun": 56618, "ibge": 3203106, "z": 4, "l": 1066, "nm": "CEMEI DIVA SAVIATTO DUARTE", "nm_mun": "JERÔNIMO MONTEIRO", "aptos": 1275, "imp": 0}}, {"type": "Feature", "geometry": {"type": "Point", "coordinates": [-41.394629, -20.790747]}, "properties": {"i": 905, "mun": 56618, "ibge": 3203106, "z": 4, "l": 1074, "nm": "EEEFM DE JERÔNIMO MONTEIRO", "nm_mun": "JERÔNIMO MONTEIRO", "aptos": 1433, "imp": 0}}, {"type": "Feature", "geometry": {"type": "Point", "coordinates": [-41.376666, -20.79668]}, "properties": {"i": 906, "mun": 56618, "ibge": 3203106, "z": 4, "l": 1082, "nm": "EMEF NICOLAU BORGES", "nm_mun": "JERÔNIMO MONTEIRO", "aptos": 726, "imp": 0}}, {"type": "Feature", "geometry": {"type": "Point", "coordinates": [-41.388885, -20.789394]}, "properties": {"i": 907, "mun": 56618, "ibge": 3203106, "z": 4, "l": 1090, "nm": "UFES - DEPARTAMENTO DE CIÊNCIAS FLORESTAIS E DA MADEIRA", "nm_mun": "JERÔNIMO MONTEIRO", "aptos": 1333, "imp": 0}}, {"type": "Feature", "geometry": {"type": "Point", "coordinates": [-40.382079, -19.757162]}, "properties": {"i": 908, "mun": 56626, "ibge": 3203130, "z": 14, "l": 1058, "nm": "EEEFM DE JOÃO NEIVA", "nm_mun": "JOÃO NEIVA", "aptos": 1733, "imp": 0}}, {"type": "Feature", "geometry": {"type": "Point", "coordinates": [-40.382492, -19.756402]}, "properties": {"i": 909, "mun": 56626, "ibge": 3203130, "z": 14, "l": 1066, "nm": "EMEF PROF.ª MARIA OLIRIA  SARCINELLI CAMPAGNARO", "nm_mun": "JOÃO NEIVA", "aptos": 2608, "imp": 0}}, {"type": "Feature", "geometry": {"type": "Point", "coordinates": [-40.381979, -19.757427]}, "properties": {"i": 910, "mun": 56626, "ibge": 3203130, "z": 14, "l": 1074, "nm": "EMEIF TERESITA BORRINI FARINA", "nm_mun": "JOÃO NEIVA", "aptos": 1373, "imp": 0}}, {"type": "Feature", "geometry": {"type": "Point", "coordinates": [-40.385059, -19.756551]}, "properties": {"i": 911, "mun": 56626, "ibge": 3203130, "z": 14, "l": 1082, "nm": "COLÉGIO MONTE NEGRO", "nm_mun": "JOÃO NEIVA", "aptos": 1249, "imp": 0}}, {"type": "Feature", "geometry": {"type": "Point", "coordinates": [-40.384397, -19.751716]}, "properties": {"i": 912, "mun": 56626, "ibge": 3203130, "z": 14, "l": 1090, "nm": "EMEF MISSIONÁRIOS COMBONIANOS", "nm_mun": "JOÃO NEIVA", "aptos": 1175, "imp": 0}}, {"type": "Feature", "geometry": {"type": "Point", "coordinates": [-40.464683, -19.657461]}, "properties": {"i": 913, "mun": 56626, "ibge": 3203130, "z": 14, "l": 1112, "nm": "EMEIF GUILHERME BAPTISTA", "nm_mun": "JOÃO NEIVA", "aptos": 615, "imp": 0}}, {"type": "Feature", "geometry": {"type": "Point", "coordinates": [-40.501922, -19.697201]}, "properties": {"i": 914, "mun": 56626, "ibge": 3203130, "z": 14, "l": 1120, "nm": "EMPEIF BARRA DO TRIUNFO", "nm_mun": "JOÃO NEIVA", "aptos": 546, "imp": 0}}, {"type": "Feature", "geometry": {"type": "Point", "coordinates": [-40.390683, -19.68915]}, "properties": {"i": 915, "mun": 56626, "ibge": 3203130, "z": 14, "l": 1139, "nm": "EMPEIF CAVALINHO", "nm_mun": "JOÃO NEIVA", "aptos": 414, "imp": 0}}, {"type": "Feature", "geometry": {"type": "Point", "coordinates": [-40.360332, -19.729817]}, "properties": {"i": 916, "mun": 56626, "ibge": 3203130, "z": 14, "l": 1155, "nm": "EMEIF JOSÉ REBUZZI SARCINELLI", "nm_mun": "JOÃO NEIVA", "aptos": 873, "imp": 0}}, {"type": "Feature", "geometry": {"type": "Point", "coordinates": [-40.374137, -19.732424]}, "properties": {"i": 917, "mun": 56626, "ibge": 3203130, "z": 14, "l": 1244, "nm": "EMPEIF SANTO AFONSO", "nm_mun": "JOÃO NEIVA", "aptos": 384, "imp": 0}}, {"type": "Feature", "geometry": {"type": "Point", "coordinates": [-40.419513, -19.735941]}, "properties": {"i": 918, "mun": 56626, "ibge": 3203130, "z": 14, "l": 1252, "nm": "CENTRO DE FORMAÇÃO DA COMUNIDADE DE DEMÉTRIO RIBEIRO", "nm_mun": "JOÃO NEIVA", "aptos": 163, "imp": 0}}, {"type": "Feature", "geometry": {"type": "Point", "coordinates": [-40.389633, -19.756257]}, "properties": {"i": 919, "mun": 56626, "ibge": 3203130, "z": 14, "l": 1260, "nm": "EMEF PEDRO NOLASCO", "nm_mun": "JOÃO NEIVA", "aptos": 842, "imp": 0}}, {"type": "Feature", "geometry": {"type": "Point", "coordinates": [-40.37742, -19.75564]}, "properties": {"i": 920, "mun": 56626, "ibge": 3203130, "z": 14, "l": 1279, "nm": "EMEIF DR. ORLINDO FRANCISCO BORGES", "nm_mun": "JOÃO NEIVA", "aptos": 834, "imp": 0}}, {"type": "Feature", "geometry": {"type": "Point", "coordinates": [-40.062525, -19.388922]}, "properties": {"i": 921, "mun": 56634, "ibge": 3203205, "z": 25, "l": 1112, "nm": "EMEF AUTO GUIMARÃES E SOUZA", "nm_mun": "LINHARES", "aptos": 1799, "imp": 0}}, {"type": "Feature", "geometry": {"type": "Point", "coordinates": [-40.05029, -19.368663]}, "properties": {"i": 922, "mun": 56634, "ibge": 3203205, "z": 25, "l": 1171, "nm": "EMEF DINORAH ALMEIDA RODRIGUES", "nm_mun": "LINHARES", "aptos": 3551, "imp": 0}}, {"type": "Feature", "geometry": {"type": "Point", "coordinates": [-40.062428, -19.373779]}, "properties": {"i": 923, "mun": 56634, "ibge": 3203205, "z": 25, "l": 1198, "nm": "EMEF ELZA RONI SCARPAT", "nm_mun": "LINHARES", "aptos": 2339, "imp": 0}}, {"type": "Feature", "geometry": {"type": "Point", "coordinates": [-40.064988, -19.379945]}, "properties": {"i": 924, "mun": 56634, "ibge": 3203205, "z": 25, "l": 1201, "nm": "FACELI", "nm_mun": "LINHARES", "aptos": 3103, "imp": 0}}, {"type": "Feature", "geometry": {"type": "Point", "coordinates": [-40.060039, -19.381038]}, "properties": {"i": 925, "mun": 56634, "ibge": 3203205, "z": 25, "l": 1210, "nm": "EEEFM POLIVALENTE DE LINHARES I", "nm_mun": "LINHARES", "aptos": 4154, "imp": 0}}, {"type": "Feature", "geometry": {"type": "Point", "coordinates": [-40.063385, -19.396107]}, "properties": {"i": 926, "mun": 56634, "ibge": 3203205, "z": 25, "l": 1236, "nm": "EEEM EMIR DE MACEDO GOMES", "nm_mun": "LINHARES", "aptos": 2963, "imp": 0}}, {"type": "Feature", "geometry": {"type": "Point", "coordinates": [-40.05719, -19.391037]}, "properties": {"i": 927, "mun": 56634, "ibge": 3203205, "z": 25, "l": 1252, "nm": "EMEF SAMUEL BATISTA CRUZ (CAIC DALVINO TOMÉ)", "nm_mun": "LINHARES", "aptos": 2095, "imp": 0}}, {"type": "Feature", "geometry": {"type": "Point", "coordinates": [-40.060221, -19.397296]}, "properties": {"i": 928, "mun": 56634, "ibge": 3203205, "z": 25, "l": 1279, "nm": "EEEFM JOSÉ DE CALDAS BRITO (POLIVALENTE DE LINHARES II)", "nm_mun": "LINHARES", "aptos": 3329, "imp": 0}}, {"type": "Feature", "geometry": {"type": "Point", "coordinates": [-40.047392, -19.390318]}, "properties": {"i": 929, "mun": 56634, "ibge": 3203205, "z": 25, "l": 1317, "nm": "EMEF MARÍLIA DE REZENDE SCARTON COUTINHO", "nm_mun": "LINHARES", "aptos": 5052, "imp": 0}}, {"type": "Feature", "geometry": {"type": "Point", "coordinates": [-40.044133, -19.407885]}, "properties": {"i": 930, "mun": 56634, "ibge": 3203205, "z": 25, "l": 1350, "nm": "IFES - INSTITUTO FEDERAL DO ESPÍRITO SANTO", "nm_mun": "LINHARES", "aptos": 3256, "imp": 0}}, {"type": "Feature", "geometry": {"type": "Point", "coordinates": [-40.060941, -19.407215]}, "properties": {"i": 931, "mun": 56634, "ibge": 3203205, "z": 25, "l": 1376, "nm": "SESI - SERVIÇO SOCIAL DA INDÚSTRIA", "nm_mun": "LINHARES", "aptos": 4053, "imp": 0}}, {"type": "Feature", "geometry": {"type": "Point", "coordinates": [-40.053923, -19.375874]}, "properties": {"i": 932, "mun": 56634, "ibge": 3203205, "z": 25, "l": 1384, "nm": "CEIM BRANCA DE NEVE", "nm_mun": "LINHARES", "aptos": 1438, "imp": 0}}, {"type": "Feature", "geometry": {"type": "Point", "coordinates": [-40.070736, -19.32104]}, "properties": {"i": 933, "mun": 56634, "ibge": 3203205, "z": 25, "l": 1449, "nm": "EMEF JOSÉ MODENEZE", "nm_mun": "LINHARES", "aptos": 3770, "imp": 0}}, {"type": "Feature", "geometry": {"type": "Point", "coordinates": [-40.05655, -19.39831]}, "properties": {"i": 934, "mun": 56634, "ibge": 3203205, "z": 25, "l": 1490, "nm": "EMEF ROBERTO MOREIRA", "nm_mun": "LINHARES", "aptos": 1916, "imp": 0}}, {"type": "Feature", "geometry": {"type": "Point", "coordinates": [-40.038502, -19.263475]}, "properties": {"i": 935, "mun": 56634, "ibge": 3203205, "z": 25, "l": 1562, "nm": "EMEF PROFª. EFIGÊNIA SIZENANDO", "nm_mun": "LINHARES", "aptos": 1420, "imp": 0}}, {"type": "Feature", "geometry": {"type": "Point", "coordinates": [-39.794138, -19.577963]}, "properties": {"i": 936, "mun": 56634, "ibge": 3203205, "z": 25, "l": 1864, "nm": "EMEF PROFª. URBANA PENHA COSTA", "nm_mun": "LINHARES", "aptos": 1551, "imp": 0}}, {"type": "Feature", "geometry": {"type": "Point", "coordinates": [-40.040214, -19.395327]}, "properties": {"i": 937, "mun": 56634, "ibge": 3203205, "z": 25, "l": 2038, "nm": "EMEF PROFª.  MARIA DA PENHA PAZITO VENTURA", "nm_mun": "LINHARES", "aptos": 2610, "imp": 0}}, {"type": "Feature", "geometry": {"type": "Point", "coordinates": [-40.052211, -19.366862]}, "properties": {"i": 938, "mun": 56634, "ibge": 3203205, "z": 25, "l": 2046, "nm": "EMPEF JOSÉ CÂNDIDO DURÃO", "nm_mun": "LINHARES", "aptos": 263, "imp": 0}}, {"type": "Feature", "geometry": {"type": "Point", "coordinates": [-40.064285, -19.336817]}, "properties": {"i": 939, "mun": 56634, "ibge": 3203205, "z": 25, "l": 2119, "nm": "EMEF ZEFERINO BATISTA FIOROT", "nm_mun": "LINHARES", "aptos": 4170, "imp": 0}}, {"type": "Feature", "geometry": {"type": "Point", "coordinates": [-39.713313, -19.190662]}, "properties": {"i": 940, "mun": 56634, "ibge": 3203205, "z": 25, "l": 2135, "nm": "EMEF MANOEL MARTINS", "nm_mun": "LINHARES", "aptos": 1417, "imp": 0}}, {"type": "Feature", "geometry": {"type": "Point", "coordinates": [-40.039648, -19.395175]}, "properties": {"i": 941, "mun": 56634, "ibge": 3203205, "z": 25, "l": 2143, "nm": "EEEFM PROFª. ANTONIETA BANHOS FERNANDES", "nm_mun": "LINHARES", "aptos": 2756, "imp": 0}}, {"type": "Feature", "geometry": {"type": "Point", "coordinates": [-40.071165, -19.319039]}, "properties": {"i": 942, "mun": 56634, "ibge": 3203205, "z": 25, "l": 2208, "nm": "CEIM OLGA BORTOT MOLINA", "nm_mun": "LINHARES", "aptos": 1732, "imp": 0}}, {"type": "Feature", "geometry": {"type": "Point", "coordinates": [-40.054833, -19.39097]}, "properties": {"i": 943, "mun": 56634, "ibge": 3203205, "z": 25, "l": 2232, "nm": "EMEF PROFª. MARIA APARECIDA LAVAGNOLI", "nm_mun": "LINHARES", "aptos": 2745, "imp": 0}}, {"type": "Feature", "geometry": {"type": "Point", "coordinates": [-40.053788, -19.403255]}, "properties": {"i": 944, "mun": 56634, "ibge": 3203205, "z": 25, "l": 2283, "nm": "EMEF PREF. ROBERTO CALMON", "nm_mun": "LINHARES", "aptos": 3513, "imp": 0}}, {"type": "Feature", "geometry": {"type": "Point", "coordinates": [-40.145696, -19.232857]}, "properties": {"i": 945, "mun": 56634, "ibge": 3203205, "z": 25, "l": 2291, "nm": "CIC - CENTRO DE INTEGRAÇÃO COMUNITÁRIA DO DEGREDO", "nm_mun": "LINHARES", "aptos": 207, "imp": 0}}, {"type": "Feature", "geometry": {"type": "Point", "coordinates": [-40.04358, -19.399491]}, "properties": {"i": 946, "mun": 56634, "ibge": 3203205, "z": 25, "l": 2399, "nm": "EMEF ANTÔNIO FERNANDES DE ALMEIDA", "nm_mun": "LINHARES", "aptos": 2411, "imp": 0}}, {"type": "Feature", "geometry": {"type": "Point", "coordinates": [-40.112967, -19.356112]}, "properties": {"i": 947, "mun": 56634, "ibge": 3203205, "z": 25, "l": 2402, "nm": "EMUEF SANTO HILÁRIO", "nm_mun": "LINHARES", "aptos": 317, "imp": 0}}, {"type": "Feature", "geometry": {"type": "Point", "coordinates": [-41.011782, -20.722644]}, "properties": {"i": 948, "mun": 56634, "ibge": 3203205, "z": 25, "l": 2410, "nm": "EMPEIPEF CÓRREGO JAPIRA", "nm_mun": "LINHARES", "aptos": 603, "imp": 1}}, {"type": "Feature", "geometry": {"type": "Point", "coordinates": [-40.115792, -19.474573]}, "properties": {"i": 949, "mun": 56634, "ibge": 3203205, "z": 25, "l": 2437, "nm": "CEIM LEODOVICO DONATELLI", "nm_mun": "LINHARES", "aptos": 1782, "imp": 0}}, {"type": "Feature", "geometry": {"type": "Point", "coordinates": [-40.07424, -19.38319]}, "properties": {"i": 950, "mun": 56634, "ibge": 3203205, "z": 25, "l": 2445, "nm": "EMEF CID ADALBERTO DOS REIS", "nm_mun": "LINHARES", "aptos": 2942, "imp": 0}}, {"type": "Feature", "geometry": {"type": "Point", "coordinates": [-40.074069, -19.37421]}, "properties": {"i": 951, "mun": 56634, "ibge": 3203205, "z": 25, "l": 2461, "nm": "CEL - COOPERATIVA EDUCACIONAL DE LINHARES", "nm_mun": "LINHARES", "aptos": 1707, "imp": 0}}, {"type": "Feature", "geometry": {"type": "Point", "coordinates": [-40.04894, -19.348876]}, "properties": {"i": 952, "mun": 56634, "ibge": 3203205, "z": 25, "l": 2470, "nm": "EMEF CABOCLO BERNARDO", "nm_mun": "LINHARES", "aptos": 3570, "imp": 0}}, {"type": "Feature", "geometry": {"type": "Point", "coordinates": [-40.072108, -19.383046]}, "properties": {"i": 953, "mun": 56634, "ibge": 3203205, "z": 25, "l": 2488, "nm": "CEIM ENOCK DE FREITAS", "nm_mun": "LINHARES", "aptos": 1807, "imp": 0}}, {"type": "Feature", "geometry": {"type": "Point", "coordinates": [-39.826479, -19.646075]}, "properties": {"i": 954, "mun": 56634, "ibge": 3203205, "z": 25, "l": 2496, "nm": "EEEFM VILA REGÊNCIA", "nm_mun": "LINHARES", "aptos": 1155, "imp": 0}}, {"type": "Feature", "geometry": {"type": "Point", "coordinates": [-40.145361, -19.401865]}, "properties": {"i": 955, "mun": 56634, "ibge": 3203205, "z": 25, "l": 2500, "nm": "CMEIEFTI BOA ESPERANÇA (CHAPADÃO DAS PALMINHAS)", "nm_mun": "LINHARES", "aptos": 359, "imp": 0}}, {"type": "Feature", "geometry": {"type": "Point", "coordinates": [-40.113017, -19.466712]}, "properties": {"i": 956, "mun": 56634, "ibge": 3203205, "z": 25, "l": 2518, "nm": "EMEF PROFª. ELIANA CORREA PINAFO", "nm_mun": "LINHARES", "aptos": 3304, "imp": 0}}, {"type": "Feature", "geometry": {"type": "Point", "coordinates": [-40.052399, -19.359991]}, "properties": {"i": 957, "mun": 56634, "ibge": 3203205, "z": 25, "l": 2526, "nm": "EEEFM PROFª. REGINA BANHOS PAIXÃO", "nm_mun": "LINHARES", "aptos": 1915, "imp": 0}}, {"type": "Feature", "geometry": {"type": "Point", "coordinates": [-40.382701, -19.443484]}, "properties": {"i": 958, "mun": 56634, "ibge": 3203205, "z": 25, "l": 2534, "nm": "EMPEIUEF TERRA ALTA", "nm_mun": "LINHARES", "aptos": 349, "imp": 0}}, {"type": "Feature", "geometry": {"type": "Point", "coordinates": [-40.184262, -19.35855]}, "properties": {"i": 959, "mun": 56634, "ibge": 3203205, "z": 25, "l": 2542, "nm": "CMEIEF ALCIDES MARINATO (BAGUEIRA)", "nm_mun": "LINHARES", "aptos": 637, "imp": 0}}, {"type": "Feature", "geometry": {"type": "Point", "coordinates": [-40.045184, -19.358617]}, "properties": {"i": 960, "mun": 56634, "ibge": 3203205, "z": 25, "l": 2550, "nm": "EMEF ADELSON DEL'SANTO", "nm_mun": "LINHARES", "aptos": 3306, "imp": 0}}, {"type": "Feature", "geometry": {"type": "Point", "coordinates": [-40.173014, -19.531514]}, "properties": {"i": 961, "mun": 56634, "ibge": 3203205, "z": 25, "l": 2569, "nm": "EMPEIUEF RIO QUARTEL (QUARTEL DE CIMA)", "nm_mun": "LINHARES", "aptos": 314, "imp": 0}}, {"type": "Feature", "geometry": {"type": "Point", "coordinates": [-40.089216, -19.541352]}, "properties": {"i": 962, "mun": 56634, "ibge": 3203205, "z": 25, "l": 2577, "nm": "EMEF CELINA COUTINHO NUNES (BAIXO QUARTEL)", "nm_mun": "LINHARES", "aptos": 1334, "imp": 0}}, {"type": "Feature", "geometry": {"type": "Point", "coordinates": [-40.069182, -19.380293]}, "properties": {"i": 963, "mun": 56634, "ibge": 3203205, "z": 25, "l": 2585, "nm": "EMEF LUIZ DE CAMÕES", "nm_mun": "LINHARES", "aptos": 1718, "imp": 0}}, {"type": "Feature", "geometry": {"type": "Point", "coordinates": [-40.149679, -19.516655]}, "properties": {"i": 964, "mun": 56634, "ibge": 3203205, "z": 25, "l": 2593, "nm": "EMEF ÂNGELO RECLA (QUARTEL DO MEIO)", "nm_mun": "LINHARES", "aptos": 1863, "imp": 0}}, {"type": "Feature", "geometry": {"type": "Point", "coordinates": [-40.145696, -19.232857]}, "properties": {"i": 965, "mun": 56634, "ibge": 3203205, "z": 25, "l": 2607, "nm": "EMEF OROZIMBO LEITE", "nm_mun": "LINHARES", "aptos": 738, "imp": 0}}, {"type": "Feature", "geometry": {"type": "Point", "coordinates": [-40.145847, -19.232957]}, "properties": {"i": 966, "mun": 56634, "ibge": 3203205, "z": 25, "l": 2615, "nm": "EMPEI GERÔNCIO FRANCISCO (HUMAITÁ)", "nm_mun": "LINHARES", "aptos": 652, "imp": 0}}, {"type": "Feature", "geometry": {"type": "Point", "coordinates": [-40.116798, -19.476051]}, "properties": {"i": 967, "mun": 56634, "ibge": 3203205, "z": 25, "l": 2623, "nm": "EEEFM PROF. MANOEL ABREU", "nm_mun": "LINHARES", "aptos": 2083, "imp": 0}}, {"type": "Feature", "geometry": {"type": "Point", "coordinates": [-40.356399, -19.508025]}, "properties": {"i": 968, "mun": 56634, "ibge": 3203205, "z": 25, "l": 2631, "nm": "EMPEIUEF EMA SARTÓRIO BIANCARDI", "nm_mun": "LINHARES", "aptos": 192, "imp": 0}}, {"type": "Feature", "geometry": {"type": "Point", "coordinates": [-40.300084, -19.338151]}, "properties": {"i": 969, "mun": 56634, "ibge": 3203205, "z": 25, "l": 2640, "nm": "QUADRA POLIESPORTIVA JOSÉ ANTONIO BISSOLI", "nm_mun": "LINHARES", "aptos": 585, "imp": 0}}, {"type": "Feature", "geometry": {"type": "Point", "coordinates": [-40.057391, -19.356366]}, "properties": {"i": 970, "mun": 56634, "ibge": 3203205, "z": 25, "l": 2658, "nm": "EMEF MARIA SOUZA MATIAS", "nm_mun": "LINHARES", "aptos": 2351, "imp": 0}}, {"type": "Feature", "geometry": {"type": "Point", "coordinates": [-40.447594, -19.36903]}, "properties": {"i": 971, "mun": 56634, "ibge": 3203205, "z": 25, "l": 2666, "nm": "EEEFM MANOEL SALUSTIANO DE SOUZA", "nm_mun": "LINHARES", "aptos": 1034, "imp": 0}}, {"type": "Feature", "geometry": {"type": "Point", "coordinates": [-40.066555, -19.401908]}, "properties": {"i": 972, "mun": 56634, "ibge": 3203205, "z": 25, "l": 2674, "nm": "CEEFMTI BARTOUVINO COSTA", "nm_mun": "LINHARES", "aptos": 2123, "imp": 0}}, {"type": "Feature", "geometry": {"type": "Point", "coordinates": [-40.070689, -19.398739]}, "properties": {"i": 973, "mun": 56634, "ibge": 3203205, "z": 25, "l": 2682, "nm": "EMEF PRES. CASTELO BRANCO", "nm_mun": "LINHARES", "aptos": 2010, "imp": 0}}, {"type": "Feature", "geometry": {"type": "Point", "coordinates": [-40.315554, -19.627767]}, "properties": {"i": 974, "mun": 56634, "ibge": 3203205, "z": 25, "l": 2690, "nm": "EMPEIPEF BIBIANA COSTA", "nm_mun": "LINHARES", "aptos": 494, "imp": 0}}, {"type": "Feature", "geometry": {"type": "Point", "coordinates": [-40.061386, -19.404151]}, "properties": {"i": 975, "mun": 56634, "ibge": 3203205, "z": 25, "l": 2704, "nm": "CENTRO DE ENSINO LINHARENSE DARWIN", "nm_mun": "LINHARES", "aptos": 1767, "imp": 0}}, {"type": "Feature", "geometry": {"type": "Point", "coordinates": [-40.069528, -19.393989]}, "properties": {"i": 976, "mun": 56634, "ibge": 3203205, "z": 25, "l": 2712, "nm": "CETEC / OUSE", "nm_mun": "LINHARES", "aptos": 1140, "imp": 0}}, {"type": "Feature", "geometry": {"type": "Point", "coordinates": [-40.243952, -20.174824]}, "properties": {"i": 977, "mun": 56634, "ibge": 3203205, "z": 25, "l": 2720, "nm": "CEP EDUCACIONAL", "nm_mun": "LINHARES", "aptos": 150, "imp": 1}}, {"type": "Feature", "geometry": {"type": "Point", "coordinates": [-41.150301, -21.2223]}, "properties": {"i": 978, "mun": 56634, "ibge": 3203205, "z": 25, "l": 2747, "nm": "EMUEF SANTA ROSA", "nm_mun": "LINHARES", "aptos": 21, "imp": 1}}, {"type": "Feature", "geometry": {"type": "Point", "coordinates": [-40.079369, -18.831445]}, "properties": {"i": 979, "mun": 56634, "ibge": 3203205, "z": 25, "l": 2755, "nm": "EMPEIPEF AREAL", "nm_mun": "LINHARES", "aptos": 65, "imp": 1}}, {"type": "Feature", "geometry": {"type": "Point", "coordinates": [-39.854641, -18.732091]}, "properties": {"i": 980, "mun": 56634, "ibge": 3203205, "z": 25, "l": 2763, "nm": "EMEF JERÔNIMO MONTEIRO", "nm_mun": "LINHARES", "aptos": 2067, "imp": 1}}, {"type": "Feature", "geometry": {"type": "Point", "coordinates": [-40.069528, -19.393989]}, "properties": {"i": 981, "mun": 56634, "ibge": 3203205, "z": 25, "l": 2771, "nm": "SESC - SERVIÇO SOCIAL DO COMÉRCIO", "nm_mun": "LINHARES", "aptos": 1677, "imp": 1}}, {"type": "Feature", "geometry": {"type": "Point", "coordinates": [-40.373128, -20.338553]}, "properties": {"i": 982, "mun": 56634, "ibge": 3203205, "z": 25, "l": 2780, "nm": "CEEJA - CENTRO ESTADUAL DE EDUCAÇÃO DE JOVENS E ADULTOS", "nm_mun": "LINHARES", "aptos": 1300, "imp": 1}}, {"type": "Feature", "geometry": {"type": "Point", "coordinates": [-40.072527, -18.913147]}, "properties": {"i": 983, "mun": 56634, "ibge": 3203205, "z": 25, "l": 2798, "nm": "CEIM RIO DOCE", "nm_mun": "LINHARES", "aptos": 464, "imp": 1}}, {"type": "Feature", "geometry": {"type": "Point", "coordinates": [-40.828408, -18.385737]}, "properties": {"i": 984, "mun": 56634, "ibge": 3203205, "z": 25, "l": 2801, "nm": "EMPEF PALHAL", "nm_mun": "LINHARES", "aptos": 248, "imp": 1}}, {"type": "Feature", "geometry": {"type": "Point", "coordinates": [-40.117217, -19.923878]}, "properties": {"i": 985, "mun": 56634, "ibge": 3203205, "z": 25, "l": 2810, "nm": "CMEIEFTI PALMITAL", "nm_mun": "LINHARES", "aptos": 1063, "imp": 1}}, {"type": "Feature", "geometry": {"type": "Point", "coordinates": [-39.880788, -18.720966]}, "properties": {"i": 986, "mun": 56634, "ibge": 3203205, "z": 25, "l": 2828, "nm": "CEIM CHAPEUZINHO VERMELHO", "nm_mun": "LINHARES", "aptos": 1878, "imp": 1}}, {"type": "Feature", "geometry": {"type": "Point", "coordinates": [-39.854641, -18.732091]}, "properties": {"i": 987, "mun": 56634, "ibge": 3203205, "z": 25, "l": 2836, "nm": "CEIM JOSÉ ELIAS", "nm_mun": "LINHARES", "aptos": 1689, "imp": 1}}, {"type": "Feature", "geometry": {"type": "Point", "coordinates": [-41.121966, -18.860372]}, "properties": {"i": 988, "mun": 56650, "ibge": 3203304, "z": 36, "l": 1015, "nm": "CÂMARA MUNICIPAL", "nm_mun": "MANTENÓPOLIS", "aptos": 348, "imp": 0}}, {"type": "Feature", "geometry": {"type": "Point", "coordinates": [-41.118272, -18.859065]}, "properties": {"i": 989, "mun": 56650, "ibge": 3203304, "z": 36, "l": 1023, "nm": "EM ELIEZER EDUARDO RIBEIRO", "nm_mun": "MANTENÓPOLIS", "aptos": 489, "imp": 0}}, {"type": "Feature", "geometry": {"type": "Point", "coordinates": [-41.122762, -18.859613]}, "properties": {"i": 990, "mun": 56650, "ibge": 3203304, "z": 36, "l": 1031, "nm": "EPG PROFA ADELINA LÍRIO", "nm_mun": "MANTENÓPOLIS", "aptos": 1012, "imp": 0}}, {"type": "Feature", "geometry": {"type": "Point", "coordinates": [-41.125128, -18.865017]}, "properties": {"i": 991, "mun": 56650, "ibge": 3203304, "z": 36, "l": 1040, "nm": "EPG CHRISTIANO DIAS LOPES", "nm_mun": "MANTENÓPOLIS", "aptos": 1371, "imp": 0}}, {"type": "Feature", "geometry": {"type": "Point", "coordinates": [-41.119532, -18.860083]}, "properties": {"i": 992, "mun": 56650, "ibge": 3203304, "z": 36, "l": 1058, "nm": "EEEFM JOB PIMENTEL", "nm_mun": "MANTENÓPOLIS", "aptos": 2009, "imp": 0}}, {"type": "Feature", "geometry": {"type": "Point", "coordinates": [-41.213986, -18.8359]}, "properties": {"i": 993, "mun": 56650, "ibge": 3203304, "z": 36, "l": 1074, "nm": "EPG VICENTE AMARO DA SILVA", "nm_mun": "MANTENÓPOLIS", "aptos": 965, "imp": 0}}, {"type": "Feature", "geometry": {"type": "Point", "coordinates": [-41.077787, -18.893554]}, "properties": {"i": 994, "mun": 56650, "ibge": 3203304, "z": 36, "l": 1082, "nm": "EPG LUIS SIMÃO", "nm_mun": "MANTENÓPOLIS", "aptos": 1695, "imp": 0}}, {"type": "Feature", "geometry": {"type": "Point", "coordinates": [-41.015761, -18.88903]}, "properties": {"i": 995, "mun": 56650, "ibge": 3203304, "z": 36, "l": 1090, "nm": "EPG PALMERINDO VIEIRA CAMPOS", "nm_mun": "MANTENÓPOLIS", "aptos": 871, "imp": 0}}, {"type": "Feature", "geometry": {"type": "Point", "coordinates": [-41.122459, -18.860742]}, "properties": {"i": 996, "mun": 56650, "ibge": 3203304, "z": 36, "l": 1139, "nm": "CENTRO DE REFERÊNCIA DA ASSISTÊNCIA SOCIAL - CRAS", "nm_mun": "MANTENÓPOLIS", "aptos": 1078, "imp": 0}}, {"type": "Feature", "geometry": {"type": "Point", "coordinates": [-41.016406, -18.884035]}, "properties": {"i": 997, "mun": 56650, "ibge": 3203304, "z": 36, "l": 1163, "nm": "EM ANEDINA BRETAS CORREA", "nm_mun": "MANTENÓPOLIS", "aptos": 565, "imp": 0}}, {"type": "Feature", "geometry": {"type": "Point", "coordinates": [-41.367445, -21.063336]}, "properties": {"i": 998, "mun": 56677, "ibge": 3203403, "z": 5, "l": 1015, "nm": "EMEB MONTEIRO DA SILVA (GRUPO VELHO)", "nm_mun": "MIMOSO DO SUL", "aptos": 3024, "imp": 0}}, {"type": "Feature", "geometry": {"type": "Point", "coordinates": [-41.367823, -21.063864]}, "properties": {"i": 999, "mun": 56677, "ibge": 3203403, "z": 5, "l": 1023, "nm": "CEEFMTI ANTÔNIO ACHA (POLIVALENTE)", "nm_mun": "MIMOSO DO SUL", "aptos": 2661, "imp": 0}}, {"type": "Feature", "geometry": {"type": "Point", "coordinates": [-41.367367, -21.06292]}, "properties": {"i": 1000, "mun": 56677, "ibge": 3203403, "z": 5, "l": 1031, "nm": "JARDIM DA INFÂNCIA CORINA BICALHO GUIMARÃES", "nm_mun": "MIMOSO DO SUL", "aptos": 1104, "imp": 0}}, {"type": "Feature", "geometry": {"type": "Point", "coordinates": [-41.366721, -21.061137]}, "properties": {"i": 1001, "mun": 56677, "ibge": 3203403, "z": 5, "l": 1040, "nm": "EMEB PEDRO JOSÉ VIEIRA (GRUPO NOVO)", "nm_mun": "MIMOSO DO SUL", "aptos": 2279, "imp": 0}}, {"type": "Feature", "geometry": {"type": "Point", "coordinates": [-41.358103, -21.059757]}, "properties": {"i": 1002, "mun": 56677, "ibge": 3203403, "z": 5, "l": 1058, "nm": "EEEFM MONSENHOR ELIAS TOMASI (GINÁSIO)", "nm_mun": "MIMOSO DO SUL", "aptos": 3888, "imp": 0}}, {"type": "Feature", "geometry": {"type": "Point", "coordinates": [-41.301518, -21.159987]}, "properties": {"i": 1003, "mun": 56677, "ibge": 3203403, "z": 5, "l": 1074, "nm": "EMEB RANCHO ALEGRE", "nm_mun": "MIMOSO DO SUL", "aptos": 198, "imp": 0}}, {"type": "Feature", "geometry": {"type": "Point", "coordinates": [-41.238773, -21.068962]}, "properties": {"i": 1004, "mun": 56677, "ibge": 3203403, "z": 5, "l": 1090, "nm": "EMEB NOVO BRASIL (MURIBECA)", "nm_mun": "MIMOSO DO SUL", "aptos": 405, "imp": 0}}, {"type": "Feature", "geometry": {"type": "Point", "coordinates": [-41.508602, -20.972041]}, "properties": {"i": 1005, "mun": 56677, "ibge": 3203403, "z": 5, "l": 1120, "nm": "EMEB ANTÔNIA JUNGER POUBEL DA SILVA (CONCEIÇÃO DO MUQUI)", "nm_mun": "MIMOSO DO SUL", "aptos": 996, "imp": 0}}, {"type": "Feature", "geometry": {"type": "Point", "coordinates": [-41.45042, -20.92508]}, "properties": {"i": 1006, "mun": 56677, "ibge": 3203403, "z": 5, "l": 1147, "nm": "EMEB SÃO RAFAEL", "nm_mun": "MIMOSO DO SUL", "aptos": 282, "imp": 0}}, {"type": "Feature", "geometry": {"type": "Point", "coordinates": [-41.508602, -20.972041]}, "properties": {"i": 1007, "mun": 56677, "ibge": 3203403, "z": 5, "l": 1155, "nm": "EMEB CONSTÂNCIO VIVAS (SANTO ANTÔNIO DO MUQUI)", "nm_mun": "MIMOSO DO SUL", "aptos": 971, "imp": 0}}, {"type": "Feature", "geometry": {"type": "Point", "coordinates": [-41.496352, -21.075312]}, "properties": {"i": 1008, "mun": 56677, "ibge": 3203403, "z": 5, "l": 1163, "nm": "EMEB CATHARINA GIOVANINI FABER (SÃO PEDRO DO ITABAPOANA)", "nm_mun": "MIMOSO DO SUL", "aptos": 677, "imp": 0}}, {"type": "Feature", "geometry": {"type": "Point", "coordinates": [-41.508602, -20.972041]}, "properties": {"i": 1009, "mun": 56677, "ibge": 3203403, "z": 5, "l": 1198, "nm": "EMEB PROFESSOR CARLOS MATTOS (PONTE DO ITABAPOANA)", "nm_mun": "MIMOSO DO SUL", "aptos": 842, "imp": 0}}, {"type": "Feature", "geometry": {"type": "Point", "coordinates": [-41.412645, -21.161085]}, "properties": {"i": 1010, "mun": 56677, "ibge": 3203403, "z": 5, "l": 1201, "nm": "POSTO DE SAÚDE DE DONA AMÉRICA", "nm_mun": "MIMOSO DO SUL", "aptos": 297, "imp": 0}}, {"type": "Feature", "geometry": {"type": "Point", "coordinates": [-41.508602, -20.972041]}, "properties": {"i": 1011, "mun": 56677, "ibge": 3203403, "z": 5, "l": 1228, "nm": "EMEBTI JOSÉ GONÇALVES FIGUEIRAS (SÃO JOSÉ DAS TORRES)", "nm_mun": "MIMOSO DO SUL", "aptos": 1101, "imp": 0}}, {"type": "Feature", "geometry": {"type": "Point", "coordinates": [-41.508602, -20.972041]}, "properties": {"i": 1012, "mun": 56677, "ibge": 3203403, "z": 5, "l": 1252, "nm": "EEEM ANTÔNIO SABATINI SIMONI (CONCEIÇÃO DO MUQUI)", "nm_mun": "MIMOSO DO SUL", "aptos": 1040, "imp": 0}}, {"type": "Feature", "geometry": {"type": "Point", "coordinates": [-40.371806, -18.128032]}, "properties": {"i": 1013, "mun": 56693, "ibge": 3203502, "z": 38, "l": 1040, "nm": "EM DOMINGOS MARTINS", "nm_mun": "MONTANHA", "aptos": 1990, "imp": 0}}, {"type": "Feature", "geometry": {"type": "Point", "coordinates": [-40.362323, -18.128333]}, "properties": {"i": 1014, "mun": 56693, "ibge": 3203502, "z": 38, "l": 1058, "nm": "COLÉGIO NOSSA SENHORA APARECIDA", "nm_mun": "MONTANHA", "aptos": 1284, "imp": 0}}, {"type": "Feature", "geometry": {"type": "Point", "coordinates": [-40.361787, -18.126546]}, "properties": {"i": 1015, "mun": 56693, "ibge": 3203502, "z": 38, "l": 1104, "nm": "EPG ELPÍDIO CAMPOS DE OLIVEIRA", "nm_mun": "MONTANHA", "aptos": 2168, "imp": 0}}, {"type": "Feature", "geometry": {"type": "Point", "coordinates": [-40.265146, -18.195868]}, "properties": {"i": 1016, "mun": 56693, "ibge": 3203502, "z": 38, "l": 1155, "nm": "ESCOLA ESTADUAL PADRE MANOEL DA NOBREGA", "nm_mun": "MONTANHA", "aptos": 2454, "imp": 0}}, {"type": "Feature", "geometry": {"type": "Point", "coordinates": [-40.172884, -18.107117]}, "properties": {"i": 1017, "mun": 56693, "ibge": 3203502, "z": 38, "l": 1171, "nm": "EPG DE SÃO SEBASTIÃO DO NORTE", "nm_mun": "MONTANHA", "aptos": 771, "imp": 0}}, {"type": "Feature", "geometry": {"type": "Point", "coordinates": [-40.354903, -18.128247]}, "properties": {"i": 1018, "mun": 56693, "ibge": 3203502, "z": 38, "l": 1180, "nm": "EPG MARIA CLEMENTINA VELOSO SANTOS", "nm_mun": "MONTANHA", "aptos": 1853, "imp": 0}}, {"type": "Feature", "geometry": {"type": "Point", "coordinates": [-40.363098, -18.123643]}, "properties": {"i": 1019, "mun": 56693, "ibge": 3203502, "z": 38, "l": 1198, "nm": "EPG PRESIDENTE COSTA E SILVA", "nm_mun": "MONTANHA", "aptos": 604, "imp": 0}}, {"type": "Feature", "geometry": {"type": "Point", "coordinates": [-40.373019, -18.130494]}, "properties": {"i": 1020, "mun": 56693, "ibge": 3203502, "z": 38, "l": 1201, "nm": "EPG BAIRRO BRASÍLIA", "nm_mun": "MONTANHA", "aptos": 1381, "imp": 0}}, {"type": "Feature", "geometry": {"type": "Point", "coordinates": [-40.366049, -18.126654]}, "properties": {"i": 1021, "mun": 56693, "ibge": 3203502, "z": 38, "l": 1228, "nm": "ESCOLA ESTADUAL DOM JOSE DALVIT", "nm_mun": "MONTANHA", "aptos": 2931, "imp": 0}}, {"type": "Feature", "geometry": {"type": "Point", "coordinates": [-40.520109, -18.095037]}, "properties": {"i": 1022, "mun": 56715, "ibge": 3203601, "z": 38, "l": 1015, "nm": "EPG PROF. JOSÉ SARMENTO ROQUE", "nm_mun": "MUCURICI", "aptos": 990, "imp": 0}}, {"type": "Feature", "geometry": {"type": "Point", "coordinates": [-40.521596, -18.096613]}, "properties": {"i": 1023, "mun": 56715, "ibge": 3203601, "z": 38, "l": 1023, "nm": "EEEFM DE MUCURICI", "nm_mun": "MUCURICI", "aptos": 1668, "imp": 0}}, {"type": "Feature", "geometry": {"type": "Point", "coordinates": [-40.39667, -17.981805]}, "properties": {"i": 1024, "mun": 56715, "ibge": 3203601, "z": 38, "l": 1031, "nm": "EPG DE ÁGUA BOA", "nm_mun": "MUCURICI", "aptos": 336, "imp": 0}}, {"type": "Feature", "geometry": {"type": "Point", "coordinates": [-40.547892, -17.939552]}, "properties": {"i": 1025, "mun": 56715, "ibge": 3203601, "z": 38, "l": 1040, "nm": "EPSG BENJAMIM MENDES DE SOUZA", "nm_mun": "MUCURICI", "aptos": 1821, "imp": 0}}, {"type": "Feature", "geometry": {"type": "Point", "coordinates": [-40.636399, -18.030289]}, "properties": {"i": 1026, "mun": 56715, "ibge": 3203601, "z": 38, "l": 1058, "nm": "ASSENTAMENTO CÓRREGO DA LAGE", "nm_mun": "MUCURICI", "aptos": 331, "imp": 0}}, {"type": "Feature", "geometry": {"type": "Point", "coordinates": [-40.335397, -20.276586]}, "properties": {"i": 1027, "mun": 56715, "ibge": 3203601, "z": 38, "l": 1066, "nm": "EPG DE ITABAIANA", "nm_mun": "MUCURICI", "aptos": 3, "imp": 1}}, {"type": "Feature", "geometry": {"type": "Point", "coordinates": [-41.413089, -20.462948]}, "properties": {"i": 1028, "mun": 56731, "ibge": 3203700, "z": 19, "l": 1015, "nm": "CEEFMTI BRÁULIO FRANCO", "nm_mun": "MUNIZ FREIRE", "aptos": 3185, "imp": 0}}, {"type": "Feature", "geometry": {"type": "Point", "coordinates": [-41.414763, -20.467151]}, "properties": {"i": 1029, "mun": 56731, "ibge": 3203700, "z": 19, "l": 1023, "nm": "EMEF PROFESSORA LIA THEREZINHA MERÇON ROCHA", "nm_mun": "MUNIZ FREIRE", "aptos": 1856, "imp": 0}}, {"type": "Feature", "geometry": {"type": "Point", "coordinates": [-41.390291, -20.336727]}, "properties": {"i": 1030, "mun": 56731, "ibge": 3203700, "z": 19, "l": 1074, "nm": "EEEFM ARQUIMÍMO MATTOS", "nm_mun": "MUNIZ FREIRE", "aptos": 1806, "imp": 0}}, {"type": "Feature", "geometry": {"type": "Point", "coordinates": [-41.427447, -20.40134]}, "properties": {"i": 1031, "mun": 56731, "ibge": 3203700, "z": 19, "l": 1112, "nm": "EMEF MARIA ÁUREA BARROSO", "nm_mun": "MUNIZ FREIRE", "aptos": 849, "imp": 0}}, {"type": "Feature", "geometry": {"type": "Point", "coordinates": [-41.510726, -20.530467]}, "properties": {"i": 1032, "mun": 56731, "ibge": 3203700, "z": 19, "l": 1139, "nm": "EMEF SEBASTIÃO COSTA", "nm_mun": "MUNIZ FREIRE", "aptos": 729, "imp": 0}}, {"type": "Feature", "geometry": {"type": "Point", "coordinates": [-41.334932, -20.496776]}, "properties": {"i": 1033, "mun": 56731, "ibge": 3203700, "z": 19, "l": 1147, "nm": "EMEF PROFESSOR PAULO FABIO SARTORE", "nm_mun": "MUNIZ FREIRE", "aptos": 596, "imp": 0}}, {"type": "Feature", "geometry": {"type": "Point", "coordinates": [-41.446287, -20.435465]}, "properties": {"i": 1034, "mun": 56731, "ibge": 3203700, "z": 19, "l": 1155, "nm": "EMEF LEOVEGILIA EMILIANO DA SILVA", "nm_mun": "MUNIZ FREIRE", "aptos": 342, "imp": 0}}, {"type": "Feature", "geometry": {"type": "Point", "coordinates": [-41.364988, -20.237664]}, "properties": {"i": 1035, "mun": 56731, "ibge": 3203700, "z": 19, "l": 1163, "nm": "EMEF SANTA JOANA", "nm_mun": "MUNIZ FREIRE", "aptos": 1107, "imp": 0}}, {"type": "Feature", "geometry": {"type": "Point", "coordinates": [-41.390924, -20.337453]}, "properties": {"i": 1036, "mun": 56731, "ibge": 3203700, "z": 19, "l": 1228, "nm": "CENTRO DE EDUCAÇÃO INFANTIL ANA BASILIO DE ÁVILA", "nm_mun": "MUNIZ FREIRE", "aptos": 774, "imp": 0}}, {"type": "Feature", "geometry": {"type": "Point", "coordinates": [-40.332147, -20.284612]}, "properties": {"i": 1037, "mun": 56731, "ibge": 3203700, "z": 19, "l": 1244, "nm": "JARDIM DE INFÂNCIA  MONSENHOR ANÍBAL ADEMAR VIEIRA DA CUNHA", "nm_mun": "MUNIZ FREIRE", "aptos": 579, "imp": 1}}, {"type": "Feature", "geometry": {"type": "Point", "coordinates": [-40.74922, -20.640601]}, "properties": {"i": 1038, "mun": 56731, "ibge": 3203700, "z": 19, "l": 1252, "nm": "APAE DE MUNIZ FREIRE", "nm_mun": "MUNIZ FREIRE", "aptos": 288, "imp": 1}}, {"type": "Feature", "geometry": {"type": "Point", "coordinates": [-40.721785, -20.83547]}, "properties": {"i": 1039, "mun": 56731, "ibge": 3203700, "z": 19, "l": 1260, "nm": "UNIDADE BÁSICA DE SAÚDE DE PIAÇU", "nm_mun": "MUNIZ FREIRE", "aptos": 795, "imp": 1}}, {"type": "Feature", "geometry": {"type": "Point", "coordinates": [-40.687689, -19.423755]}, "properties": {"i": 1040, "mun": 56731, "ibge": 3203700, "z": 19, "l": 1279, "nm": "CRAS - PIAÇU", "nm_mun": "MUNIZ FREIRE", "aptos": 275, "imp": 1}}, {"type": "Feature", "geometry": {"type": "Point", "coordinates": [-40.609217, -19.939999]}, "properties": {"i": 1041, "mun": 56731, "ibge": 3203700, "z": 19, "l": 1287, "nm": "CEI TÂNIA APARECIDA NICOLAU E PROFESSORA GENECI CAÇADOR", "nm_mun": "MUNIZ FREIRE", "aptos": 1521, "imp": 1}}, {"type": "Feature", "geometry": {"type": "Point", "coordinates": [-41.149556, -20.835272]}, "properties": {"i": 1042, "mun": 56731, "ibge": 3203700, "z": 19, "l": 1295, "nm": "UNIDADE BÁSICA DE SAÚDE DE ALTO NORTE", "nm_mun": "MUNIZ FREIRE", "aptos": 91, "imp": 1}}, {"type": "Feature", "geometry": {"type": "Point", "coordinates": [-41.336376, -20.946975]}, "properties": {"i": 1043, "mun": 56758, "ibge": 3203809, "z": 5, "l": 1015, "nm": "CEEFMTI SENADOR DIRCEU CARDOSO", "nm_mun": "MUQUI", "aptos": 2948, "imp": 0}}, {"type": "Feature", "geometry": {"type": "Point", "coordinates": [-41.343599, -20.950096]}, "properties": {"i": 1044, "mun": 56758, "ibge": 3203809, "z": 5, "l": 1023, "nm": "JARDIM DE INFÂNCIA JURANDY FRANÇA MARTINS", "nm_mun": "MUQUI", "aptos": 1494, "imp": 0}}, {"type": "Feature", "geometry": {"type": "Point", "coordinates": [-41.343983, -20.951311]}, "properties": {"i": 1045, "mun": 56758, "ibge": 3203809, "z": 5, "l": 1031, "nm": "EEEF MARCONDES DE SOUZA", "nm_mun": "MUQUI", "aptos": 1892, "imp": 0}}, {"type": "Feature", "geometry": {"type": "Point", "coordinates": [-41.342705, -20.957249]}, "properties": {"i": 1046, "mun": 56758, "ibge": 3203809, "z": 5, "l": 1040, "nm": "EMEF FREI PEDRO DOMINGO IZCARA", "nm_mun": "MUQUI", "aptos": 1948, "imp": 0}}, {"type": "Feature", "geometry": {"type": "Point", "coordinates": [-41.271944, -20.896153]}, "properties": {"i": 1047, "mun": 56758, "ibge": 3203809, "z": 5, "l": 1058, "nm": "EMEIEF ERCY ARRUDA BONFIM (CAMARÁ)", "nm_mun": "MUQUI", "aptos": 1101, "imp": 0}}, {"type": "Feature", "geometry": {"type": "Point", "coordinates": [-41.347991, -20.955555]}, "properties": {"i": 1048, "mun": 56758, "ibge": 3203809, "z": 5, "l": 1066, "nm": "CEM/COOPEM - COOPERATIVA EDUCACIONAL DE MUQUI", "nm_mun": "MUQUI", "aptos": 1704, "imp": 0}}, {"type": "Feature", "geometry": {"type": "Point", "coordinates": [-40.417934, -18.688601]}, "properties": {"i": 1049, "mun": 56774, "ibge": 3203908, "z": 30, "l": 1015, "nm": "IGREJA CATÓLICA DO PATRIMÔNIO DA AREIA", "nm_mun": "NOVA VENÉCIA", "aptos": 442, "imp": 0}}, {"type": "Feature", "geometry": {"type": "Point", "coordinates": [-40.397985, -18.712608]}, "properties": {"i": 1050, "mun": 56774, "ibge": 3203908, "z": 30, "l": 1023, "nm": "APAE", "nm_mun": "NOVA VENÉCIA", "aptos": 970, "imp": 0}}, {"type": "Feature", "geometry": {"type": "Point", "coordinates": [-40.577862, -18.78562]}, "properties": {"i": 1051, "mun": 56774, "ibge": 3203908, "z": 30, "l": 1058, "nm": "EMEF GUARABU", "nm_mun": "NOVA VENÉCIA", "aptos": 258, "imp": 0}}, {"type": "Feature", "geometry": {"type": "Point", "coordinates": [-40.417934, -18.688601]}, "properties": {"i": 1052, "mun": 56774, "ibge": 3203908, "z": 30, "l": 1074, "nm": "ESCOLA SÃO JOSÉ DO CAMPO REAL", "nm_mun": "NOVA VENÉCIA", "aptos": 192, "imp": 0}}, {"type": "Feature", "geometry": {"type": "Point", "coordinates": [-40.394486, -18.703279]}, "properties": {"i": 1053, "mun": 56774, "ibge": 3203908, "z": 30, "l": 1090, "nm": "CENTRO COMUNITÁRIO APARECIDA", "nm_mun": "NOVA VENÉCIA", "aptos": 798, "imp": 0}}, {"type": "Feature", "geometry": {"type": "Point", "coordinates": [-40.406309, -18.712618]}, "properties": {"i": 1054, "mun": 56774, "ibge": 3203908, "z": 30, "l": 1112, "nm": "CENTRO COMUNITÁRIO BONFIM", "nm_mun": "NOVA VENÉCIA", "aptos": 867, "imp": 0}}, {"type": "Feature", "geometry": {"type": "Point", "coordinates": [-40.336389, -18.598246]}, "properties": {"i": 1055, "mun": 56774, "ibge": 3203908, "z": 30, "l": 1120, "nm": "EMEIEF REFRIGÉRIO", "nm_mun": "NOVA VENÉCIA", "aptos": 167, "imp": 0}}, {"type": "Feature", "geometry": {"type": "Point", "coordinates": [-40.317319, -18.65722]}, "properties": {"i": 1056, "mun": 56774, "ibge": 3203908, "z": 30, "l": 1139, "nm": "EMEIEF CÓRREGO DA PALMEIRA", "nm_mun": "NOVA VENÉCIA", "aptos": 165, "imp": 0}}, {"type": "Feature", "geometry": {"type": "Point", "coordinates": [-40.39852, -18.713114]}, "properties": {"i": 1057, "mun": 56774, "ibge": 3203908, "z": 30, "l": 1147, "nm": "EPSG DOM DANIEL COMBONI", "nm_mun": "NOVA VENÉCIA", "aptos": 1285, "imp": 0}}, {"type": "Feature", "geometry": {"type": "Point", "coordinates": [-40.317235, -18.657273]}, "properties": {"i": 1058, "mun": 56774, "ibge": 3203908, "z": 30, "l": 1155, "nm": "EMUEF CÓRREGO DA VOLTA", "nm_mun": "NOVA VENÉCIA", "aptos": 99, "imp": 0}}, {"type": "Feature", "geometry": {"type": "Point", "coordinates": [-40.417934, -18.688601]}, "properties": {"i": 1059, "mun": 56774, "ibge": 3203908, "z": 30, "l": 1163, "nm": "EMEF CAMPO BELO - INVEJADA", "nm_mun": "NOVA VENÉCIA", "aptos": 245, "imp": 0}}, {"type": "Feature", "geometry": {"type": "Point", "coordinates": [-40.53635, -18.711605]}, "properties": {"i": 1060, "mun": 56774, "ibge": 3203908, "z": 30, "l": 1171, "nm": "EEEF PADRE JOSIMO - PIP NUCK", "nm_mun": "NOVA VENÉCIA", "aptos": 323, "imp": 0}}, {"type": "Feature", "geometry": {"type": "Point", "coordinates": [-40.398883, -18.713041]}, "properties": {"i": 1061, "mun": 56774, "ibge": 3203908, "z": 30, "l": 1180, "nm": "EMEF PROF CLAUDINA BARBOSA", "nm_mun": "NOVA VENÉCIA", "aptos": 1146, "imp": 0}}, {"type": "Feature", "geometry": {"type": "Point", "coordinates": [-40.403282, -18.709787]}, "properties": {"i": 1062, "mun": 56774, "ibge": 3203908, "z": 30, "l": 1198, "nm": "EMEF MARIA RODRIGUES LEITE", "nm_mun": "NOVA VENÉCIA", "aptos": 534, "imp": 0}}, {"type": "Feature", "geometry": {"type": "Point", "coordinates": [-40.39927, -18.713837]}, "properties": {"i": 1063, "mun": 56774, "ibge": 3203908, "z": 30, "l": 1201, "nm": "EMEF DR ADALTON SANTOS  - POLIVALENTE", "nm_mun": "NOVA VENÉCIA", "aptos": 1316, "imp": 0}}, {"type": "Feature", "geometry": {"type": "Point", "coordinates": [-40.398079, -18.705018]}, "properties": {"i": 1064, "mun": 56774, "ibge": 3203908, "z": 30, "l": 1210, "nm": "EMEF VENECIANO", "nm_mun": "NOVA VENÉCIA", "aptos": 2497, "imp": 0}}, {"type": "Feature", "geometry": {"type": "Point", "coordinates": [-40.518363, -18.781418]}, "properties": {"i": 1065, "mun": 56774, "ibge": 3203908, "z": 30, "l": 1228, "nm": "EMEF DE SANTA ROSA DA CACHOEIRINHA", "nm_mun": "NOVA VENÉCIA", "aptos": 211, "imp": 0}}, {"type": "Feature", "geometry": {"type": "Point", "coordinates": [-40.715598, -18.831686]}, "properties": {"i": 1066, "mun": 56774, "ibge": 3203908, "z": 30, "l": 1236, "nm": "EEFM GUARAREMA", "nm_mun": "NOVA VENÉCIA", "aptos": 641, "imp": 0}}, {"type": "Feature", "geometry": {"type": "Point", "coordinates": [-40.521224, -18.490382]}, "properties": {"i": 1067, "mun": 56774, "ibge": 3203908, "z": 30, "l": 1252, "nm": "EMEF SÃO LUIZ REIS", "nm_mun": "NOVA VENÉCIA", "aptos": 400, "imp": 0}}, {"type": "Feature", "geometry": {"type": "Point", "coordinates": [-40.432569, -18.582973]}, "properties": {"i": 1068, "mun": 56774, "ibge": 3203908, "z": 30, "l": 1260, "nm": "EEEFM PATRIMÔNIO DO QUINZE", "nm_mun": "NOVA VENÉCIA", "aptos": 779, "imp": 0}}, {"type": "Feature", "geometry": {"type": "Point", "coordinates": [-40.648993, -18.710424]}, "properties": {"i": 1069, "mun": 56774, "ibge": 3203908, "z": 30, "l": 1279, "nm": "EMEIF PATRIMÔNIO DE SÃO GONÇALO", "nm_mun": "NOVA VENÉCIA", "aptos": 408, "imp": 0}}, {"type": "Feature", "geometry": {"type": "Point", "coordinates": [-40.577862, -18.78562]}, "properties": {"i": 1070, "mun": 56774, "ibge": 3203908, "z": 30, "l": 1295, "nm": "EMEF CRISTALINO - FRANCISCO SECHIN", "nm_mun": "NOVA VENÉCIA", "aptos": 640, "imp": 0}}, {"type": "Feature", "geometry": {"type": "Point", "coordinates": [-40.6873, -18.807074]}, "properties": {"i": 1071, "mun": 56774, "ibge": 3203908, "z": 30, "l": 1325, "nm": "EMEF CEDROLÂNDIA", "nm_mun": "NOVA VENÉCIA", "aptos": 1139, "imp": 0}}, {"type": "Feature", "geometry": {"type": "Point", "coordinates": [-40.393438, -18.71508]}, "properties": {"i": 1072, "mun": 56774, "ibge": 3203908, "z": 30, "l": 1333, "nm": "EMEF LOURDES SCARDINI", "nm_mun": "NOVA VENÉCIA", "aptos": 1296, "imp": 0}}, {"type": "Feature", "geometry": {"type": "Point", "coordinates": [-40.67285, -18.867274]}, "properties": {"i": 1073, "mun": 56774, "ibge": 3203908, "z": 30, "l": 1341, "nm": "EMEF ÁGUA LIMPA", "nm_mun": "NOVA VENÉCIA", "aptos": 525, "imp": 0}}, {"type": "Feature", "geometry": {"type": "Point", "coordinates": [-40.577862, -18.78562]}, "properties": {"i": 1074, "mun": 56774, "ibge": 3203908, "z": 30, "l": 1350, "nm": "CACHOEIRA DO MUNIZ", "nm_mun": "NOVA VENÉCIA", "aptos": 295, "imp": 0}}, {"type": "Feature", "geometry": {"type": "Point", "coordinates": [-40.763012, -18.823748]}, "properties": {"i": 1075, "mun": 56774, "ibge": 3203908, "z": 30, "l": 1368, "nm": "EMEIEF BOA VISTA", "nm_mun": "NOVA VENÉCIA", "aptos": 494, "imp": 0}}, {"type": "Feature", "geometry": {"type": "Point", "coordinates": [-40.577862, -18.78562]}, "properties": {"i": 1076, "mun": 56774, "ibge": 3203908, "z": 30, "l": 1406, "nm": "EMEF DO PATRIMÔNIO DO BIS", "nm_mun": "NOVA VENÉCIA", "aptos": 248, "imp": 0}}, {"type": "Feature", "geometry": {"type": "Point", "coordinates": [-40.336203, -18.598104]}, "properties": {"i": 1077, "mun": 56774, "ibge": 3203908, "z": 30, "l": 1414, "nm": "EMEF CÓRREGO DO POÇÃO", "nm_mun": "NOVA VENÉCIA", "aptos": 641, "imp": 0}}, {"type": "Feature", "geometry": {"type": "Point", "coordinates": [-40.394395, -18.707878]}, "properties": {"i": 1078, "mun": 56774, "ibge": 3203908, "z": 30, "l": 1422, "nm": "EPG DR. RENATO ARAÚJO MAIA", "nm_mun": "NOVA VENÉCIA", "aptos": 1235, "imp": 0}}, {"type": "Feature", "geometry": {"type": "Point", "coordinates": [-40.39746, -18.707763]}, "properties": {"i": 1079, "mun": 56774, "ibge": 3203908, "z": 30, "l": 1430, "nm": "CMEI DOM BOSCO - LUZIA ALVES DE LIMA", "nm_mun": "NOVA VENÉCIA", "aptos": 1383, "imp": 0}}, {"type": "Feature", "geometry": {"type": "Point", "coordinates": [-40.389982, -18.688601]}, "properties": {"i": 1080, "mun": 56774, "ibge": 3203908, "z": 30, "l": 1457, "nm": "EMEF BAIRRO ALTOÉ", "nm_mun": "NOVA VENÉCIA", "aptos": 1785, "imp": 0}}, {"type": "Feature", "geometry": {"type": "Point", "coordinates": [-40.399998, -18.711323]}, "properties": {"i": 1081, "mun": 56774, "ibge": 3203908, "z": 30, "l": 1481, "nm": "SALÃO PAROQUIAL - MATRIZ SÃO MARCOS", "nm_mun": "NOVA VENÉCIA", "aptos": 944, "imp": 0}}, {"type": "Feature", "geometry": {"type": "Point", "coordinates": [-40.722695, -18.785092]}, "properties": {"i": 1082, "mun": 56774, "ibge": 3203908, "z": 30, "l": 1511, "nm": "EMEF CÓRREGO DO CRISTAL", "nm_mun": "NOVA VENÉCIA", "aptos": 263, "imp": 0}}, {"type": "Feature", "geometry": {"type": "Point", "coordinates": [-40.553004, -18.379324]}, "properties": {"i": 1083, "mun": 56774, "ibge": 3203908, "z": 30, "l": 1520, "nm": "EMEF CÓRREGO DA TRAVESSIA", "nm_mun": "NOVA VENÉCIA", "aptos": 215, "imp": 0}}, {"type": "Feature", "geometry": {"type": "Point", "coordinates": [-40.48744, -18.622405]}, "properties": {"i": 1084, "mun": 56774, "ibge": 3203908, "z": 30, "l": 1538, "nm": "COMUNIDADE SANTA HELENA DA CHAPADINHA", "nm_mun": "NOVA VENÉCIA", "aptos": 379, "imp": 0}}, {"type": "Feature", "geometry": {"type": "Point", "coordinates": [-40.550458, -18.565146]}, "properties": {"i": 1085, "mun": 56774, "ibge": 3203908, "z": 30, "l": 1546, "nm": "EMEF SÃO MIGUEL", "nm_mun": "NOVA VENÉCIA", "aptos": 372, "imp": 0}}, {"type": "Feature", "geometry": {"type": "Point", "coordinates": [-40.417934, -18.688601]}, "properties": {"i": 1086, "mun": 56774, "ibge": 3203908, "z": 30, "l": 1562, "nm": "EMEF VITÓRIO DE ÂNGELO - SERRA DE CIMA", "nm_mun": "NOVA VENÉCIA", "aptos": 219, "imp": 0}}, {"type": "Feature", "geometry": {"type": "Point", "coordinates": [-40.400464, -18.692349]}, "properties": {"i": 1087, "mun": 56774, "ibge": 3203908, "z": 30, "l": 1600, "nm": "EMEF STANISLAW ZUCOLOTTO", "nm_mun": "NOVA VENÉCIA", "aptos": 2330, "imp": 0}}, {"type": "Feature", "geometry": {"type": "Point", "coordinates": [-40.421169, -18.724925]}, "properties": {"i": 1088, "mun": 56774, "ibge": 3203908, "z": 30, "l": 1619, "nm": "EMEF SÃO CRISTOVÃO", "nm_mun": "NOVA VENÉCIA", "aptos": 2136, "imp": 0}}, {"type": "Feature", "geometry": {"type": "Point", "coordinates": [-40.394472, -18.698135]}, "properties": {"i": 1089, "mun": 56774, "ibge": 3203908, "z": 30, "l": 1627, "nm": "EMEF TITO DOS SANTOS NEVES", "nm_mun": "NOVA VENÉCIA", "aptos": 2548, "imp": 0}}, {"type": "Feature", "geometry": {"type": "Point", "coordinates": [-40.406365, -18.712657]}, "properties": {"i": 1090, "mun": 56774, "ibge": 3203908, "z": 30, "l": 1635, "nm": "CMEI LAR DE FÁTIMA", "nm_mun": "NOVA VENÉCIA", "aptos": 794, "imp": 0}}, {"type": "Feature", "geometry": {"type": "Point", "coordinates": [-40.417934, -18.688601]}, "properties": {"i": 1091, "mun": 56774, "ibge": 3203908, "z": 30, "l": 1643, "nm": "IGREJA CATÓLICA DO PATRIMÔNIO DA PENHA - PERDIDO", "nm_mun": "NOVA VENÉCIA", "aptos": 368, "imp": 0}}, {"type": "Feature", "geometry": {"type": "Point", "coordinates": [-40.466835, -18.611088]}, "properties": {"i": 1092, "mun": 56774, "ibge": 3203908, "z": 30, "l": 1660, "nm": "EMEF CÓRREGO DA PEDRA - GRILLO", "nm_mun": "NOVA VENÉCIA", "aptos": 300, "imp": 0}}, {"type": "Feature", "geometry": {"type": "Point", "coordinates": [-40.420204, -18.686908]}, "properties": {"i": 1093, "mun": 56774, "ibge": 3203908, "z": 30, "l": 1678, "nm": "SALÃO COMUNITÁRIO DA IGREJA CATÓLICA SÃO LUIZ GONZAGA", "nm_mun": "NOVA VENÉCIA", "aptos": 311, "imp": 0}}, {"type": "Feature", "geometry": {"type": "Point", "coordinates": [-40.487851, -18.757983]}, "properties": {"i": 1094, "mun": 56774, "ibge": 3203908, "z": 30, "l": 1686, "nm": "EMEF ASSENTAMENTO RODEIO", "nm_mun": "NOVA VENÉCIA", "aptos": 145, "imp": 0}}, {"type": "Feature", "geometry": {"type": "Point", "coordinates": [-40.413322, -18.678937]}, "properties": {"i": 1095, "mun": 56774, "ibge": 3203908, "z": 30, "l": 1694, "nm": "CMEITI PROFESSOR LUIS CARLOS GADIOLI", "nm_mun": "NOVA VENÉCIA", "aptos": 2482, "imp": 0}}, {"type": "Feature", "geometry": {"type": "Point", "coordinates": [-40.395776, -18.700826]}, "properties": {"i": 1096, "mun": 56774, "ibge": 3203908, "z": 30, "l": 1708, "nm": "CMEI MARIA LUÍSA DIAS PESTANA SANTOS - SAO MARCOS", "nm_mun": "NOVA VENÉCIA", "aptos": 975, "imp": 0}}, {"type": "Feature", "geometry": {"type": "Point", "coordinates": [-40.394914, -18.69701]}, "properties": {"i": 1097, "mun": 56774, "ibge": 3203908, "z": 30, "l": 1716, "nm": "CMEI VERA LÚCIA GALVÃO", "nm_mun": "NOVA VENÉCIA", "aptos": 666, "imp": 0}}, {"type": "Feature", "geometry": {"type": "Point", "coordinates": [-40.401498, -18.70177]}, "properties": {"i": 1098, "mun": 56774, "ibge": 3203908, "z": 30, "l": 1724, "nm": "CMEI ODORICO DOMINGOS", "nm_mun": "NOVA VENÉCIA", "aptos": 651, "imp": 0}}, {"type": "Feature", "geometry": {"type": "Point", "coordinates": [-40.392975, -18.691038]}, "properties": {"i": 1099, "mun": 56774, "ibge": 3203908, "z": 30, "l": 1732, "nm": "CMEITI MARIA CALIMAN LOBO", "nm_mun": "NOVA VENÉCIA", "aptos": 500, "imp": 0}}, {"type": "Feature", "geometry": {"type": "Point", "coordinates": [-40.392179, -18.704813]}, "properties": {"i": 1100, "mun": 56774, "ibge": 3203908, "z": 30, "l": 1740, "nm": "CMEI REGINA CELIA MENEGUETTI FRISSO", "nm_mun": "NOVA VENÉCIA", "aptos": 878, "imp": 0}}, {"type": "Feature", "geometry": {"type": "Point", "coordinates": [-41.158329, -20.839842]}, "properties": {"i": 1101, "mun": 56774, "ibge": 3203908, "z": 30, "l": 1759, "nm": "EMEFTI ARLENE GERALDO", "nm_mun": "NOVA VENÉCIA", "aptos": 106, "imp": 1}}, {"type": "Feature", "geometry": {"type": "Point", "coordinates": [-40.828408, -18.385737]}, "properties": {"i": 1102, "mun": 56774, "ibge": 3203908, "z": 30, "l": 1767, "nm": "CMEI ROMEU CARDOSO - BELA VISTA", "nm_mun": "NOVA VENÉCIA", "aptos": 252, "imp": 1}}, {"type": "Feature", "geometry": {"type": "Point", "coordinates": [-40.853556, -19.22139]}, "properties": {"i": 1103, "mun": 56790, "ibge": 3204005, "z": 36, "l": 1015, "nm": "CREAS - CENTRO DE REFERENCIA ESPECIALIZADO DE ASSISTENCIA SOCIAL", "nm_mun": "PANCAS", "aptos": 526, "imp": 0}}, {"type": "Feature", "geometry": {"type": "Point", "coordinates": [-40.853556, -19.22139]}, "properties": {"i": 1104, "mun": 56790, "ibge": 3204005, "z": 36, "l": 1031, "nm": "ASPEN - ASSOCIAÇÃO PANQUENSE DE ENSINO", "nm_mun": "PANCAS", "aptos": 1484, "imp": 0}}, {"type": "Feature", "geometry": {"type": "Point", "coordinates": [-40.853556, -19.22139]}, "properties": {"i": 1105, "mun": 56790, "ibge": 3204005, "z": 36, "l": 1040, "nm": "EEEFM ARARIBÓIA", "nm_mun": "PANCAS", "aptos": 1671, "imp": 0}}, {"type": "Feature", "geometry": {"type": "Point", "coordinates": [-40.851404, -19.224611]}, "properties": {"i": 1106, "mun": 56790, "ibge": 3204005, "z": 36, "l": 1058, "nm": "CADASTRO ÚNICO", "nm_mun": "PANCAS", "aptos": 823, "imp": 0}}, {"type": "Feature", "geometry": {"type": "Point", "coordinates": [-40.847056, -19.22263]}, "properties": {"i": 1107, "mun": 56790, "ibge": 3204005, "z": 36, "l": 1066, "nm": "EMEF ORAIDE GOMES DE MIRANDA", "nm_mun": "PANCAS", "aptos": 1712, "imp": 0}}, {"type": "Feature", "geometry": {"type": "Point", "coordinates": [-40.853207, -19.224782]}, "properties": {"i": 1108, "mun": 56790, "ibge": 3204005, "z": 36, "l": 1074, "nm": "CEIM SANTA LUZIA", "nm_mun": "PANCAS", "aptos": 692, "imp": 0}}, {"type": "Feature", "geometry": {"type": "Point", "coordinates": [-40.85077, -19.222904]}, "properties": {"i": 1109, "mun": 56790, "ibge": 3204005, "z": 36, "l": 1090, "nm": "OBRA SOCIAL SANTA LUZIA", "nm_mun": "PANCAS", "aptos": 608, "imp": 0}}, {"type": "Feature", "geometry": {"type": "Point", "coordinates": [-40.851442, -19.222904]}, "properties": {"i": 1110, "mun": 56790, "ibge": 3204005, "z": 36, "l": 1104, "nm": "UNIDADE DE SAÚDE - CENTRO", "nm_mun": "PANCAS", "aptos": 590, "imp": 0}}, {"type": "Feature", "geometry": {"type": "Point", "coordinates": [-40.850771, -19.223806]}, "properties": {"i": 1111, "mun": 56790, "ibge": 3204005, "z": 36, "l": 1112, "nm": "EMEF HENOC PEREIRA", "nm_mun": "PANCAS", "aptos": 667, "imp": 0}}, {"type": "Feature", "geometry": {"type": "Point", "coordinates": [-40.878207, -18.972917]}, "properties": {"i": 1112, "mun": 56790, "ibge": 3204005, "z": 36, "l": 1228, "nm": "EEEFM JANUÁRIO RIBEIRO", "nm_mun": "PANCAS", "aptos": 1229, "imp": 0}}, {"type": "Feature", "geometry": {"type": "Point", "coordinates": [-40.87411, -18.972167]}, "properties": {"i": 1113, "mun": 56790, "ibge": 3204005, "z": 36, "l": 1252, "nm": "CEIM MENINO JESUS", "nm_mun": "PANCAS", "aptos": 693, "imp": 0}}, {"type": "Feature", "geometry": {"type": "Point", "coordinates": [-40.772962, -19.161683]}, "properties": {"i": 1114, "mun": 56790, "ibge": 3204005, "z": 36, "l": 1295, "nm": "EMEF ROBERTSON SCHUAITH", "nm_mun": "PANCAS", "aptos": 2342, "imp": 0}}, {"type": "Feature", "geometry": {"type": "Point", "coordinates": [-40.772962, -19.161683]}, "properties": {"i": 1115, "mun": 56790, "ibge": 3204005, "z": 36, "l": 1309, "nm": "CEIM LAURINDO BARBOSA", "nm_mun": "PANCAS", "aptos": 1531, "imp": 0}}, {"type": "Feature", "geometry": {"type": "Point", "coordinates": [-40.848295, -19.222488]}, "properties": {"i": 1116, "mun": 56790, "ibge": 3204005, "z": 36, "l": 1384, "nm": "CEIM PEQUENO PRÍNCIPE", "nm_mun": "PANCAS", "aptos": 1324, "imp": 0}}, {"type": "Feature", "geometry": {"type": "Point", "coordinates": [-40.216484, -18.407915]}, "properties": {"i": 1117, "mun": 56812, "ibge": 3204104, "z": 39, "l": 1015, "nm": "EEEF SÃO JOSÉ DO JUNDIÁ", "nm_mun": "PINHEIROS", "aptos": 524, "imp": 0}}, {"type": "Feature", "geometry": {"type": "Point", "coordinates": [-40.215111, -18.409502]}, "properties": {"i": 1118, "mun": 56812, "ibge": 3204104, "z": 39, "l": 1031, "nm": "EPSG COOPEPI", "nm_mun": "PINHEIROS", "aptos": 1111, "imp": 0}}, {"type": "Feature", "geometry": {"type": "Point", "coordinates": [-40.213403, -18.412776]}, "properties": {"i": 1119, "mun": 56812, "ibge": 3204104, "z": 39, "l": 1040, "nm": "EEEF EMIR DE MACEDO GOMES", "nm_mun": "PINHEIROS", "aptos": 1914, "imp": 0}}, {"type": "Feature", "geometry": {"type": "Point", "coordinates": [-40.220864, -18.412293]}, "properties": {"i": 1120, "mun": 56812, "ibge": 3204104, "z": 39, "l": 1058, "nm": "EMEF E PRÉ-ESCOLA CARLOS LINDENBERG", "nm_mun": "PINHEIROS", "aptos": 2600, "imp": 0}}, {"type": "Feature", "geometry": {"type": "Point", "coordinates": [-40.211988, -18.410439]}, "properties": {"i": 1121, "mun": 56812, "ibge": 3204104, "z": 39, "l": 1066, "nm": "EEEFM NOSSA SENHORA DE LOURDES", "nm_mun": "PINHEIROS", "aptos": 764, "imp": 0}}, {"type": "Feature", "geometry": {"type": "Point", "coordinates": [-40.217877, -18.411914]}, "properties": {"i": 1122, "mun": 56812, "ibge": 3204104, "z": 39, "l": 1074, "nm": "EEEF JOSÉ PINHEIRO", "nm_mun": "PINHEIROS", "aptos": 1654, "imp": 0}}, {"type": "Feature", "geometry": {"type": "Point", "coordinates": [-40.405094, -18.318318]}, "properties": {"i": 1123, "mun": 56812, "ibge": 3204104, "z": 39, "l": 1082, "nm": "EEEF SÃO JOÃO DO SOBRADO", "nm_mun": "PINHEIROS", "aptos": 1195, "imp": 0}}, {"type": "Feature", "geometry": {"type": "Point", "coordinates": [-40.405024, -18.323491]}, "properties": {"i": 1124, "mun": 56812, "ibge": 3204104, "z": 39, "l": 1090, "nm": "CRECHE DOCE LAR", "nm_mun": "PINHEIROS", "aptos": 783, "imp": 0}}, {"type": "Feature", "geometry": {"type": "Point", "coordinates": [-40.214169, -18.413935]}, "properties": {"i": 1125, "mun": 56812, "ibge": 3204104, "z": 39, "l": 1104, "nm": "CENTRO PAROQUIAL", "nm_mun": "PINHEIROS", "aptos": 1146, "imp": 0}}, {"type": "Feature", "geometry": {"type": "Point", "coordinates": [-40.2131, -18.41742]}, "properties": {"i": 1126, "mun": 56812, "ibge": 3204104, "z": 39, "l": 1112, "nm": "EMEF PROFESSORA MARA MOTA", "nm_mun": "PINHEIROS", "aptos": 1469, "imp": 0}}, {"type": "Feature", "geometry": {"type": "Point", "coordinates": [-39.948526, -18.376221]}, "properties": {"i": 1127, "mun": 56812, "ibge": 3204104, "z": 39, "l": 1120, "nm": "EEEF E PRÉ-ESCOLA LAGOA SECA", "nm_mun": "PINHEIROS", "aptos": 163, "imp": 0}}, {"type": "Feature", "geometry": {"type": "Point", "coordinates": [-40.047228, -18.344825]}, "properties": {"i": 1128, "mun": 56812, "ibge": 3204104, "z": 39, "l": 1139, "nm": "ESCOLA POLO ANTÔNIO BRUNELLI", "nm_mun": "PINHEIROS", "aptos": 297, "imp": 0}}, {"type": "Feature", "geometry": {"type": "Point", "coordinates": [-40.228126, -18.403009]}, "properties": {"i": 1129, "mun": 56812, "ibge": 3204104, "z": 39, "l": 1147, "nm": "CRECHE FLORINDO MANZOLI", "nm_mun": "PINHEIROS", "aptos": 917, "imp": 0}}, {"type": "Feature", "geometry": {"type": "Point", "coordinates": [-40.207106, -18.41503]}, "properties": {"i": 1130, "mun": 56812, "ibge": 3204104, "z": 39, "l": 1155, "nm": "EMIEF AUGUSTO RUSCHI", "nm_mun": "PINHEIROS", "aptos": 833, "imp": 0}}, {"type": "Feature", "geometry": {"type": "Point", "coordinates": [-40.219564, -18.414196]}, "properties": {"i": 1131, "mun": 56812, "ibge": 3204104, "z": 39, "l": 1163, "nm": "CEMEI CASINHA FELIZ", "nm_mun": "PINHEIROS", "aptos": 1887, "imp": 0}}, {"type": "Feature", "geometry": {"type": "Point", "coordinates": [-40.213382, -18.420966]}, "properties": {"i": 1132, "mun": 56812, "ibge": 3204104, "z": 39, "l": 1171, "nm": "CRECHE ALCYONE FONSECA BRASIL OLIVEIRA", "nm_mun": "PINHEIROS", "aptos": 797, "imp": 0}}, {"type": "Feature", "geometry": {"type": "Point", "coordinates": [-40.211988, -18.410439]}, "properties": {"i": 1133, "mun": 56812, "ibge": 3204104, "z": 39, "l": 1180, "nm": "CEMETI CARROSSEL - CRECHE", "nm_mun": "PINHEIROS", "aptos": 560, "imp": 1}}, {"type": "Feature", "geometry": {"type": "Point", "coordinates": [-40.497792, -20.569052]}, "properties": {"i": 1134, "mun": 56812, "ibge": 3204104, "z": 39, "l": 1201, "nm": "EMUEF LAPINHA - VILA FERNANDES", "nm_mun": "PINHEIROS", "aptos": 221, "imp": 1}}, {"type": "Feature", "geometry": {"type": "Point", "coordinates": [-40.726684, -20.837755]}, "properties": {"i": 1135, "mun": 56839, "ibge": 3204203, "z": 17, "l": 1015, "nm": "EPSG PROFA. FILOMENA QUITIBA", "nm_mun": "PIÚMA", "aptos": 2404, "imp": 0}}, {"type": "Feature", "geometry": {"type": "Point", "coordinates": [-40.725232, -20.84028]}, "properties": {"i": 1136, "mun": 56839, "ibge": 3204203, "z": 17, "l": 1040, "nm": "JARDIM DE INFÂNCIA NOSSA SENHORA DA CONCEIÇÃO", "nm_mun": "PIÚMA", "aptos": 1041, "imp": 0}}, {"type": "Feature", "geometry": {"type": "Point", "coordinates": [-40.727922, -20.83881]}, "properties": {"i": 1137, "mun": 56839, "ibge": 3204203, "z": 17, "l": 1058, "nm": "EM LACERDA DE AGUIAR", "nm_mun": "PIÚMA", "aptos": 2860, "imp": 0}}, {"type": "Feature", "geometry": {"type": "Point", "coordinates": [-40.821095, -20.874365]}, "properties": {"i": 1138, "mun": 56839, "ibge": 3204203, "z": 17, "l": 1066, "nm": "EEPE SÃO JOÃO DE IBITIBA", "nm_mun": "PIÚMA", "aptos": 188, "imp": 0}}, {"type": "Feature", "geometry": {"type": "Point", "coordinates": [-40.749272, -20.850534]}, "properties": {"i": 1139, "mun": 56839, "ibge": 3204203, "z": 17, "l": 1074, "nm": "CRECHE VOVÓ GENOVEVA", "nm_mun": "PIÚMA", "aptos": 1947, "imp": 0}}, {"type": "Feature", "geometry": {"type": "Point", "coordinates": [-40.724299, -20.832419]}, "properties": {"i": 1140, "mun": 56839, "ibge": 3204203, "z": 17, "l": 1082, "nm": "EEEF MANOEL DOS SANTOS PEDROZA", "nm_mun": "PIÚMA", "aptos": 2172, "imp": 0}}, {"type": "Feature", "geometry": {"type": "Point", "coordinates": [-40.721785, -20.83547]}, "properties": {"i": 1141, "mun": 56839, "ibge": 3204203, "z": 17, "l": 1090, "nm": "EEPE NOVA ESPERANÇA", "nm_mun": "PIÚMA", "aptos": 803, "imp": 0}}, {"type": "Feature", "geometry": {"type": "Point", "coordinates": [-40.71418, -20.83617]}, "properties": {"i": 1142, "mun": 56839, "ibge": 3204203, "z": 17, "l": 1104, "nm": "EM PORTINHO", "nm_mun": "PIÚMA", "aptos": 935, "imp": 0}}, {"type": "Feature", "geometry": {"type": "Point", "coordinates": [-40.73472, -20.839969]}, "properties": {"i": 1143, "mun": 56839, "ibge": 3204203, "z": 17, "l": 1112, "nm": "IFES- INSTITUTO FEDERAL DO ESPÍRITO SANTO", "nm_mun": "PIÚMA", "aptos": 2229, "imp": 0}}, {"type": "Feature", "geometry": {"type": "Point", "coordinates": [-40.719477, -20.827889]}, "properties": {"i": 1144, "mun": 56839, "ibge": 3204203, "z": 17, "l": 1120, "nm": "EEEF CÉU AZUL", "nm_mun": "PIÚMA", "aptos": 1182, "imp": 0}}, {"type": "Feature", "geometry": {"type": "Point", "coordinates": [-40.74919, -20.846534]}, "properties": {"i": 1145, "mun": 56839, "ibge": 3204203, "z": 17, "l": 1163, "nm": "EMEI PROF. CELIA MARIA HEHR NUNES", "nm_mun": "PIÚMA", "aptos": 1313, "imp": 0}}, {"type": "Feature", "geometry": {"type": "Point", "coordinates": [-40.721785, -20.83547]}, "properties": {"i": 1146, "mun": 56839, "ibge": 3204203, "z": 17, "l": 1171, "nm": "ACAFI - ASSSOCIAÇÃO COMUNITÁRIA E DE AGRICULTORES FAMILIARES DE ITINGA", "nm_mun": "PIÚMA", "aptos": 80, "imp": 0}}, {"type": "Feature", "geometry": {"type": "Point", "coordinates": [-40.752949, -20.850803]}, "properties": {"i": 1147, "mun": 56839, "ibge": 3204203, "z": 17, "l": 1180, "nm": "POSTO DE SAÚDE MARIA DA PENHA BAIHENSE LEITE", "nm_mun": "PIÚMA", "aptos": 222, "imp": 0}}, {"type": "Feature", "geometry": {"type": "Point", "coordinates": [-41.04618, -21.10082]}, "properties": {"i": 1148, "mun": 56855, "ibge": 3204302, "z": 43, "l": 1015, "nm": "ESCOLA ESTADUAL DE ENSINO FUNDAMENTAL E MÉDIO DE PRESIDENTE KENNEDY", "nm_mun": "PRESIDENTE KENNEDY", "aptos": 4484, "imp": 0}}, {"type": "Feature", "geometry": {"type": "Point", "coordinates": [-40.981605, -21.10164]}, "properties": {"i": 1149, "mun": 56855, "ibge": 3204302, "z": 43, "l": 1082, "nm": "ESCOLA DE ENSINO FUNDAMENTAL SÃO SALVADOR", "nm_mun": "PRESIDENTE KENNEDY", "aptos": 681, "imp": 0}}, {"type": "Feature", "geometry": {"type": "Point", "coordinates": [-41.074188, -21.033766]}, "properties": {"i": 1150, "mun": 56855, "ibge": 3204302, "z": 43, "l": 1104, "nm": "ESCOLA PLURIDOCENTE DE ENSINO SÃO PAULO", "nm_mun": "PRESIDENTE KENNEDY", "aptos": 766, "imp": 0}}, {"type": "Feature", "geometry": {"type": "Point", "coordinates": [-41.074188, -21.033766]}, "properties": {"i": 1151, "mun": 56855, "ibge": 3204302, "z": 43, "l": 1139, "nm": "ESCOLA PLURIDOCENTE DE ENSINO SANTA LÚCIA", "nm_mun": "PRESIDENTE KENNEDY", "aptos": 580, "imp": 0}}, {"type": "Feature", "geometry": {"type": "Point", "coordinates": [-40.98797, -21.20271]}, "properties": {"i": 1152, "mun": 56855, "ibge": 3204302, "z": 43, "l": 1147, "nm": "ESCOLA DE 1º GRAU BERY BARRETO DE ARAÚJO", "nm_mun": "PRESIDENTE KENNEDY", "aptos": 1899, "imp": 0}}, {"type": "Feature", "geometry": {"type": "Point", "coordinates": [-41.0604, -21.173488]}, "properties": {"i": 1153, "mun": 56855, "ibge": 3204302, "z": 43, "l": 1163, "nm": "ESCOLA PLURIDOCENTE DE ENSINO MINEIRINHO", "nm_mun": "PRESIDENTE KENNEDY", "aptos": 665, "imp": 0}}, {"type": "Feature", "geometry": {"type": "Point", "coordinates": [-41.190052, -21.090716]}, "properties": {"i": 1154, "mun": 56855, "ibge": 3204302, "z": 43, "l": 1171, "nm": "ESCOLA UNIDOCENTE DE ENSINO GROMOGOL", "nm_mun": "PRESIDENTE KENNEDY", "aptos": 225, "imp": 0}}, {"type": "Feature", "geometry": {"type": "Point", "coordinates": [-41.150301, -21.2223]}, "properties": {"i": 1155, "mun": 56855, "ibge": 3204302, "z": 43, "l": 1180, "nm": "ESCOLA UNIDOCENTE DE ENSINO SANTA FÉ", "nm_mun": "PRESIDENTE KENNEDY", "aptos": 200, "imp": 0}}, {"type": "Feature", "geometry": {"type": "Point", "coordinates": [-40.984229, -21.147211]}, "properties": {"i": 1156, "mun": 56855, "ibge": 3204302, "z": 43, "l": 1201, "nm": "CENTRO DE EDUCAÇÃO INFANTIL BEM-ME-QUER", "nm_mun": "PRESIDENTE KENNEDY", "aptos": 750, "imp": 0}}, {"type": "Feature", "geometry": {"type": "Point", "coordinates": [-41.074188, -21.033766]}, "properties": {"i": 1157, "mun": 56855, "ibge": 3204302, "z": 43, "l": 1210, "nm": "ESCOLA UNIDOCENTE DE ENSINO ÁGUA PRETA", "nm_mun": "PRESIDENTE KENNEDY", "aptos": 202, "imp": 0}}, {"type": "Feature", "geometry": {"type": "Point", "coordinates": [-41.074188, -21.033766]}, "properties": {"i": 1158, "mun": 56855, "ibge": 3204302, "z": 43, "l": 1228, "nm": "SALÃO COMUNITÁRIO HONÓRIO COSTALONGA", "nm_mun": "PRESIDENTE KENNEDY", "aptos": 167, "imp": 0}}, {"type": "Feature", "geometry": {"type": "Point", "coordinates": [-41.074188, -21.033766]}, "properties": {"i": 1159, "mun": 56855, "ibge": 3204302, "z": 43, "l": 1236, "nm": "ESCOLA UNIDOCENTE DE ENSINO GALOS", "nm_mun": "PRESIDENTE KENNEDY", "aptos": 256, "imp": 0}}, {"type": "Feature", "geometry": {"type": "Point", "coordinates": [-41.074188, -21.033766]}, "properties": {"i": 1160, "mun": 56855, "ibge": 3204302, "z": 43, "l": 1244, "nm": "ESCOLA UNIDOCENTE BOM JARDIM", "nm_mun": "PRESIDENTE KENNEDY", "aptos": 203, "imp": 0}}, {"type": "Feature", "geometry": {"type": "Point", "coordinates": [-41.074188, -21.033766]}, "properties": {"i": 1161, "mun": 56855, "ibge": 3204302, "z": 43, "l": 1252, "nm": "ESCOLA PLURIDOCENTE DE ENSINO SANTO EDUARDO", "nm_mun": "PRESIDENTE KENNEDY", "aptos": 688, "imp": 0}}, {"type": "Feature", "geometry": {"type": "Point", "coordinates": [-40.991375, -21.198668]}, "properties": {"i": 1162, "mun": 56855, "ibge": 3204302, "z": 43, "l": 1287, "nm": "CENTRO MUNICIPAL DE EDUCAÇÃO INFANTIL LIANA QUINTA", "nm_mun": "PRESIDENTE KENNEDY", "aptos": 1518, "imp": 0}}, {"type": "Feature", "geometry": {"type": "Point", "coordinates": [-40.93237, -20.863816]}, "properties": {"i": 1163, "mun": 56871, "ibge": 3204401, "z": 35, "l": 1023, "nm": "EEEFM WALDEMIRO HEMERLY", "nm_mun": "RIO NOVO DO SUL", "aptos": 1844, "imp": 0}}, {"type": "Feature", "geometry": {"type": "Point", "coordinates": [-40.932162, -20.863812]}, "properties": {"i": 1164, "mun": 56871, "ibge": 3204401, "z": 35, "l": 1031, "nm": "EPG BODART JUNIOR", "nm_mun": "RIO NOVO DO SUL", "aptos": 988, "imp": 0}}, {"type": "Feature", "geometry": {"type": "Point", "coordinates": [-40.93468, -20.8648]}, "properties": {"i": 1165, "mun": 56871, "ibge": 3204401, "z": 35, "l": 1040, "nm": "ESCOLA ESPECIAL PESTALOZZI", "nm_mun": "RIO NOVO DO SUL", "aptos": 317, "imp": 0}}, {"type": "Feature", "geometry": {"type": "Point", "coordinates": [-40.932024, -20.863222]}, "properties": {"i": 1166, "mun": 56871, "ibge": 3204401, "z": 35, "l": 1074, "nm": "JARDIM DE INFÂNCIA JOAQUINA NOGUEIRA", "nm_mun": "RIO NOVO DO SUL", "aptos": 688, "imp": 0}}, {"type": "Feature", "geometry": {"type": "Point", "coordinates": [-40.869341, -20.83859]}, "properties": {"i": 1167, "mun": 56871, "ibge": 3204401, "z": 35, "l": 1082, "nm": "QUADRA CAPIM ANGOLA", "nm_mun": "RIO NOVO DO SUL", "aptos": 437, "imp": 0}}, {"type": "Feature", "geometry": {"type": "Point", "coordinates": [-40.9826, -20.813164]}, "properties": {"i": 1168, "mun": 56871, "ibge": 3204401, "z": 35, "l": 1090, "nm": "EU CACHOEIRINHA", "nm_mun": "RIO NOVO DO SUL", "aptos": 349, "imp": 0}}, {"type": "Feature", "geometry": {"type": "Point", "coordinates": [-40.921626, -20.789414]}, "properties": {"i": 1169, "mun": 56871, "ibge": 3204401, "z": 35, "l": 1104, "nm": "EU MUNDO NOVO", "nm_mun": "RIO NOVO DO SUL", "aptos": 405, "imp": 0}}, {"type": "Feature", "geometry": {"type": "Point", "coordinates": [-40.927234, -20.699959]}, "properties": {"i": 1170, "mun": 56871, "ibge": 3204401, "z": 35, "l": 1112, "nm": "EU PRINCESA", "nm_mun": "RIO NOVO DO SUL", "aptos": 271, "imp": 0}}, {"type": "Feature", "geometry": {"type": "Point", "coordinates": [-40.937221, -20.821741]}, "properties": {"i": 1171, "mun": 56871, "ibge": 3204401, "z": 35, "l": 1120, "nm": "EP SÃO VICENTE", "nm_mun": "RIO NOVO DO SUL", "aptos": 439, "imp": 0}}, {"type": "Feature", "geometry": {"type": "Point", "coordinates": [-40.937553, -20.863943]}, "properties": {"i": 1172, "mun": 56871, "ibge": 3204401, "z": 35, "l": 1147, "nm": "SALAO PAROQUIAL", "nm_mun": "RIO NOVO DO SUL", "aptos": 1005, "imp": 0}}, {"type": "Feature", "geometry": {"type": "Point", "coordinates": [-40.968166, -20.753683]}, "properties": {"i": 1173, "mun": 56871, "ibge": 3204401, "z": 35, "l": 1155, "nm": "EEEFM VIRGÍNIA NOVA", "nm_mun": "RIO NOVO DO SUL", "aptos": 307, "imp": 0}}, {"type": "Feature", "geometry": {"type": "Point", "coordinates": [-40.950345, -20.862807]}, "properties": {"i": 1174, "mun": 56871, "ibge": 3204401, "z": 35, "l": 1171, "nm": "EP QUARTEIRÃO", "nm_mun": "RIO NOVO DO SUL", "aptos": 643, "imp": 0}}, {"type": "Feature", "geometry": {"type": "Point", "coordinates": [-40.842938, -20.847966]}, "properties": {"i": 1175, "mun": 56871, "ibge": 3204401, "z": 35, "l": 1180, "nm": "EP ITATAÍBA", "nm_mun": "RIO NOVO DO SUL", "aptos": 384, "imp": 0}}, {"type": "Feature", "geometry": {"type": "Point", "coordinates": [-40.94306, -20.868222]}, "properties": {"i": 1176, "mun": 56871, "ibge": 3204401, "z": 35, "l": 1201, "nm": "EPM VITAL LUCAS", "nm_mun": "RIO NOVO DO SUL", "aptos": 738, "imp": 0}}, {"type": "Feature", "geometry": {"type": "Point", "coordinates": [-40.528756, -20.101498]}, "properties": {"i": 1177, "mun": 56898, "ibge": 3204500, "z": 9, "l": 1015, "nm": "EEEFM ALICE HOLZMEISTER", "nm_mun": "SANTA LEOPOLDINA", "aptos": 1960, "imp": 0}}, {"type": "Feature", "geometry": {"type": "Point", "coordinates": [-40.618752, -20.037942]}, "properties": {"i": 1178, "mun": 56898, "ibge": 3204500, "z": 9, "l": 1023, "nm": "EPM JACOB SCHAEFFER", "nm_mun": "SANTA LEOPOLDINA", "aptos": 161, "imp": 0}}, {"type": "Feature", "geometry": {"type": "Point", "coordinates": [-40.458024, -20.156803]}, "properties": {"i": 1179, "mun": 56898, "ibge": 3204500, "z": 9, "l": 1058, "nm": "POSTO MÉDICO DE MANGARAÍ", "nm_mun": "SANTA LEOPOLDINA", "aptos": 490, "imp": 0}}, {"type": "Feature", "geometry": {"type": "Point", "coordinates": [-40.458024, -20.156803]}, "properties": {"i": 1180, "mun": 56898, "ibge": 3204500, "z": 9, "l": 1066, "nm": "IGREJA SÃO PEDRO COMUNIDADE DE REGÊNCIA", "nm_mun": "SANTA LEOPOLDINA", "aptos": 315, "imp": 0}}, {"type": "Feature", "geometry": {"type": "Point", "coordinates": [-40.528756, -20.101498]}, "properties": {"i": 1181, "mun": 56898, "ibge": 3204500, "z": 9, "l": 1104, "nm": "EMEF ILMA NASCIMENTO DIAS", "nm_mun": "SANTA LEOPOLDINA", "aptos": 1676, "imp": 0}}, {"type": "Feature", "geometry": {"type": "Point", "coordinates": [-40.627328, -20.150265]}, "properties": {"i": 1182, "mun": 56898, "ibge": 3204500, "z": 9, "l": 1120, "nm": "EP RIO DAS FARINHAS", "nm_mun": "SANTA LEOPOLDINA", "aptos": 397, "imp": 0}}, {"type": "Feature", "geometry": {"type": "Point", "coordinates": [-40.566809, -20.219894]}, "properties": {"i": 1183, "mun": 56898, "ibge": 3204500, "z": 9, "l": 1171, "nm": "CENTRO COMUNITÁRIO DA IGREJA LUTERANA - HOLANDINHA", "nm_mun": "SANTA LEOPOLDINA", "aptos": 208, "imp": 0}}, {"type": "Feature", "geometry": {"type": "Point", "coordinates": [-40.586275, -20.026212]}, "properties": {"i": 1184, "mun": 56898, "ibge": 3204500, "z": 9, "l": 1201, "nm": "EMUF RIO DO NORTE", "nm_mun": "SANTA LEOPOLDINA", "aptos": 208, "imp": 0}}, {"type": "Feature", "geometry": {"type": "Point", "coordinates": [-40.64996, -20.090688]}, "properties": {"i": 1185, "mun": 56898, "ibge": 3204500, "z": 9, "l": 1210, "nm": "EP DJALMA GAEDE", "nm_mun": "SANTA LEOPOLDINA", "aptos": 383, "imp": 0}}, {"type": "Feature", "geometry": {"type": "Point", "coordinates": [-40.679084, -20.127774]}, "properties": {"i": 1186, "mun": 56898, "ibge": 3204500, "z": 9, "l": 1228, "nm": "JANETTA KLEMZ JACOB", "nm_mun": "SANTA LEOPOLDINA", "aptos": 530, "imp": 0}}, {"type": "Feature", "geometry": {"type": "Point", "coordinates": [-40.42088, -20.20385]}, "properties": {"i": 1187, "mun": 56898, "ibge": 3204500, "z": 9, "l": 1236, "nm": "EU DE TRÊS PONTES", "nm_mun": "SANTA LEOPOLDINA", "aptos": 210, "imp": 0}}, {"type": "Feature", "geometry": {"type": "Point", "coordinates": [-40.570011, -20.181755]}, "properties": {"i": 1188, "mun": 56898, "ibge": 3204500, "z": 9, "l": 1244, "nm": "ESF TIROL", "nm_mun": "SANTA LEOPOLDINA", "aptos": 530, "imp": 0}}, {"type": "Feature", "geometry": {"type": "Point", "coordinates": [-40.551383, -20.246125]}, "properties": {"i": 1189, "mun": 56898, "ibge": 3204500, "z": 9, "l": 1252, "nm": "CENTRO COMUNITÁRIO DE MEIA LÉGUA", "nm_mun": "SANTA LEOPOLDINA", "aptos": 307, "imp": 0}}, {"type": "Feature", "geometry": {"type": "Point", "coordinates": [-40.590265, -20.132975]}, "properties": {"i": 1190, "mun": 56898, "ibge": 3204500, "z": 9, "l": 1260, "nm": "EPM DE LUXEMBURGO", "nm_mun": "SANTA LEOPOLDINA", "aptos": 296, "imp": 0}}, {"type": "Feature", "geometry": {"type": "Point", "coordinates": [-40.432962, -20.153713]}, "properties": {"i": 1191, "mun": 56898, "ibge": 3204500, "z": 9, "l": 1287, "nm": "EPG BARRA DE MANGARAÍ", "nm_mun": "SANTA LEOPOLDINA", "aptos": 500, "imp": 0}}, {"type": "Feature", "geometry": {"type": "Point", "coordinates": [-40.566282, -20.142959]}, "properties": {"i": 1192, "mun": 56898, "ibge": 3204500, "z": 9, "l": 1295, "nm": "EUM DE BRAGANÇA", "nm_mun": "SANTA LEOPOLDINA", "aptos": 68, "imp": 0}}, {"type": "Feature", "geometry": {"type": "Point", "coordinates": [-40.579491, -20.26422]}, "properties": {"i": 1193, "mun": 56898, "ibge": 3204500, "z": 9, "l": 1309, "nm": "PRÉDIO ANEXO - IGREJA CATÓLICA", "nm_mun": "SANTA LEOPOLDINA", "aptos": 158, "imp": 0}}, {"type": "Feature", "geometry": {"type": "Point", "coordinates": [-40.586152, -20.026039]}, "properties": {"i": 1194, "mun": 56898, "ibge": 3204500, "z": 9, "l": 1317, "nm": "CENTRO COMUNITÁRIO DO RIO DO MEIO", "nm_mun": "SANTA LEOPOLDINA", "aptos": 301, "imp": 0}}, {"type": "Feature", "geometry": {"type": "Point", "coordinates": [-40.458354, -20.156657]}, "properties": {"i": 1195, "mun": 56898, "ibge": 3204500, "z": 9, "l": 1325, "nm": "CRECHE SÃO JUDAS TADEU", "nm_mun": "SANTA LEOPOLDINA", "aptos": 229, "imp": 0}}, {"type": "Feature", "geometry": {"type": "Point", "coordinates": [-40.656322, -20.145982]}, "properties": {"i": 1196, "mun": 56898, "ibge": 3204500, "z": 9, "l": 1333, "nm": "EP DE CÓRREGO DAS PEDRAS", "nm_mun": "SANTA LEOPOLDINA", "aptos": 243, "imp": 0}}, {"type": "Feature", "geometry": {"type": "Point", "coordinates": [-40.528756, -20.101498]}, "properties": {"i": 1197, "mun": 56898, "ibge": 3204500, "z": 9, "l": 1384, "nm": "CMEI - APA - JARDIM DE INFÂNCIA - SANTA LEOPOLDINA", "nm_mun": "SANTA LEOPOLDINA", "aptos": 944, "imp": 1}}, {"type": "Feature", "geometry": {"type": "Point", "coordinates": [-40.609217, -19.939999]}, "properties": {"i": 1198, "mun": 56910, "ibge": 3204609, "z": 11, "l": 1015, "nm": "EEEFM JOSÉ PINTO COELHO", "nm_mun": "SANTA TERESA", "aptos": 2468, "imp": 0}}, {"type": "Feature", "geometry": {"type": "Point", "coordinates": [-40.601181, -19.934716]}, "properties": {"i": 1199, "mun": 56910, "ibge": 3204609, "z": 11, "l": 1023, "nm": "EMEI PESSANHA PÓVOA", "nm_mun": "SANTA TERESA", "aptos": 2816, "imp": 0}}, {"type": "Feature", "geometry": {"type": "Point", "coordinates": [-40.600793, -19.935312]}, "properties": {"i": 1200, "mun": 56910, "ibge": 3204609, "z": 11, "l": 1031, "nm": "ESCOLA SANTA CATARINA", "nm_mun": "SANTA TERESA", "aptos": 3151, "imp": 0}}, {"type": "Feature", "geometry": {"type": "Point", "coordinates": [-40.67684, -19.812711]}, "properties": {"i": 1201, "mun": 56910, "ibge": 3204609, "z": 11, "l": 1066, "nm": "EEEFM FREDERICO PRETTI", "nm_mun": "SANTA TERESA", "aptos": 996, "imp": 0}}, {"type": "Feature", "geometry": {"type": "Point", "coordinates": [-40.654334, -19.82537]}, "properties": {"i": 1202, "mun": 56910, "ibge": 3204609, "z": 11, "l": 1082, "nm": "EMEIEF VISCONDE DE INHAÚMA", "nm_mun": "SANTA TERESA", "aptos": 1930, "imp": 0}}, {"type": "Feature", "geometry": {"type": "Point", "coordinates": [-40.608795, -19.777948]}, "properties": {"i": 1203, "mun": 56910, "ibge": 3204609, "z": 11, "l": 1090, "nm": "EMEIEF PROFESSOR HAUSLER", "nm_mun": "SANTA TERESA", "aptos": 544, "imp": 0}}, {"type": "Feature", "geometry": {"type": "Point", "coordinates": [-40.763071, -19.895948]}, "properties": {"i": 1204, "mun": 56910, "ibge": 3204609, "z": 11, "l": 1104, "nm": "EMEIEF SEBASTIÃO JOSÉ PIVETTA", "nm_mun": "SANTA TERESA", "aptos": 2115, "imp": 0}}, {"type": "Feature", "geometry": {"type": "Point", "coordinates": [-40.742472, -19.95432]}, "properties": {"i": 1205, "mun": 56910, "ibge": 3204609, "z": 11, "l": 1120, "nm": "EMEIEF PAULINO ROCON", "nm_mun": "SANTA TERESA", "aptos": 1070, "imp": 0}}, {"type": "Feature", "geometry": {"type": "Point", "coordinates": [-40.59133, -19.9372]}, "properties": {"i": 1206, "mun": 56910, "ibge": 3204609, "z": 11, "l": 1180, "nm": "ESFA - ESCOLA SUPERIOR SÃO FRANCISCO DE ASSIS", "nm_mun": "SANTA TERESA", "aptos": 3708, "imp": 0}}, {"type": "Feature", "geometry": {"type": "Point", "coordinates": [-40.581679, -19.94216]}, "properties": {"i": 1207, "mun": 56910, "ibge": 3204609, "z": 11, "l": 1198, "nm": "EMEF ETHEVALDO DAMÁZIO", "nm_mun": "SANTA TERESA", "aptos": 648, "imp": 0}}, {"type": "Feature", "geometry": {"type": "Point", "coordinates": [-40.6077, -19.939647]}, "properties": {"i": 1208, "mun": 56910, "ibge": 3204609, "z": 11, "l": 1201, "nm": "EMEI EMILINHA", "nm_mun": "SANTA TERESA", "aptos": 1326, "imp": 0}}, {"type": "Feature", "geometry": {"type": "Point", "coordinates": [-40.533085, -19.02163]}, "properties": {"i": 1209, "mun": 56936, "ibge": 3204708, "z": 37, "l": 1015, "nm": "CÂMARA MUNICIPAL DE VEREADORES", "nm_mun": "SÃO GABRIEL DA PALHA", "aptos": 586, "imp": 0}}, {"type": "Feature", "geometry": {"type": "Point", "coordinates": [-40.539724, -19.006692]}, "properties": {"i": 1210, "mun": 56936, "ibge": 3204708, "z": 37, "l": 1031, "nm": "EMEF PROFESSORA ANNA CAVATTI COLOMBI", "nm_mun": "SÃO GABRIEL DA PALHA", "aptos": 1340, "imp": 0}}, {"type": "Feature", "geometry": {"type": "Point", "coordinates": [-40.540558, -19.015558]}, "properties": {"i": 1211, "mun": 56936, "ibge": 3204708, "z": 37, "l": 1040, "nm": "EEEF PROF. CARLOS DIAS MIRANDA CUNHA", "nm_mun": "SÃO GABRIEL DA PALHA", "aptos": 2126, "imp": 0}}, {"type": "Feature", "geometry": {"type": "Point", "coordinates": [-40.535173, -19.012007]}, "properties": {"i": 1212, "mun": 56936, "ibge": 3204708, "z": 37, "l": 1058, "nm": "CEEMTI GOVERNADOR GERSON CAMATA - ESCOLA VIVA", "nm_mun": "SÃO GABRIEL DA PALHA", "aptos": 2176, "imp": 0}}, {"type": "Feature", "geometry": {"type": "Point", "coordinates": [-40.537179, -19.021343]}, "properties": {"i": 1213, "mun": 56936, "ibge": 3204708, "z": 37, "l": 1066, "nm": "EEEF PROFA. MARIA CELESTE TOREZANI STORCH", "nm_mun": "SÃO GABRIEL DA PALHA", "aptos": 1299, "imp": 0}}, {"type": "Feature", "geometry": {"type": "Point", "coordinates": [-40.535692, -19.021345]}, "properties": {"i": 1214, "mun": 56936, "ibge": 3204708, "z": 37, "l": 1074, "nm": "EMEF IRMA ADELAIDE BERTOCH", "nm_mun": "SÃO GABRIEL DA PALHA", "aptos": 2398, "imp": 0}}, {"type": "Feature", "geometry": {"type": "Point", "coordinates": [-40.53594, -19.017749]}, "properties": {"i": 1215, "mun": 56936, "ibge": 3204708, "z": 37, "l": 1082, "nm": "PEM CHAPEUZINHO VERMELHO", "nm_mun": "SÃO GABRIEL DA PALHA", "aptos": 1952, "imp": 0}}, {"type": "Feature", "geometry": {"type": "Point", "coordinates": [-40.539581, -19.010071]}, "properties": {"i": 1216, "mun": 56936, "ibge": 3204708, "z": 37, "l": 1090, "nm": "EEEFM ILDA FERREIRA DA FONSECA MARTINS", "nm_mun": "SÃO GABRIEL DA PALHA", "aptos": 2020, "imp": 0}}, {"type": "Feature", "geometry": {"type": "Point", "coordinates": [-40.392975, -18.691038]}, "properties": {"i": 1217, "mun": 56936, "ibge": 3204708, "z": 37, "l": 1112, "nm": "CMEI DONA NECA", "nm_mun": "SÃO GABRIEL DA PALHA", "aptos": 264, "imp": 1}}, {"type": "Feature", "geometry": {"type": "Point", "coordinates": [-40.44809, -18.903882]}, "properties": {"i": 1218, "mun": 56936, "ibge": 3204708, "z": 37, "l": 1163, "nm": "EEEFM VERA CRUZ", "nm_mun": "SÃO GABRIEL DA PALHA", "aptos": 1827, "imp": 0}}, {"type": "Feature", "geometry": {"type": "Point", "coordinates": [-40.395078, -18.883569]}, "properties": {"i": 1219, "mun": 56936, "ibge": 3204708, "z": 37, "l": 1180, "nm": "EPM PATRIMÔNIO SÃO ROQUE DA TERRA ROXA", "nm_mun": "SÃO GABRIEL DA PALHA", "aptos": 461, "imp": 0}}, {"type": "Feature", "geometry": {"type": "Point", "coordinates": [-40.541849, -19.041306]}, "properties": {"i": 1220, "mun": 56936, "ibge": 3204708, "z": 37, "l": 1210, "nm": "EMEF BERTOLO MALACARNE", "nm_mun": "SÃO GABRIEL DA PALHA", "aptos": 1345, "imp": 0}}, {"type": "Feature", "geometry": {"type": "Point", "coordinates": [-40.54339, -19.014582]}, "properties": {"i": 1221, "mun": 56936, "ibge": 3204708, "z": 37, "l": 1228, "nm": "EMUEF LADIR DA PENHA - SÃO JOSÉ", "nm_mun": "SÃO GABRIEL DA PALHA", "aptos": 483, "imp": 0}}, {"type": "Feature", "geometry": {"type": "Point", "coordinates": [-40.584273, -18.910439]}, "properties": {"i": 1222, "mun": 56936, "ibge": 3204708, "z": 37, "l": 1236, "nm": "EMUEF SÃO SEBASTIÃO DA BARRA SECA", "nm_mun": "SÃO GABRIEL DA PALHA", "aptos": 540, "imp": 0}}, {"type": "Feature", "geometry": {"type": "Point", "coordinates": [-40.541838, -19.033278]}, "properties": {"i": 1223, "mun": 56936, "ibge": 3204708, "z": 37, "l": 1244, "nm": "EMEIEF JOÃO GABRIEL", "nm_mun": "SÃO GABRIEL DA PALHA", "aptos": 859, "imp": 0}}, {"type": "Feature", "geometry": {"type": "Point", "coordinates": [-40.481902, -18.895915]}, "properties": {"i": 1224, "mun": 56936, "ibge": 3204708, "z": 37, "l": 1260, "nm": "EMEIC FRANCISCO JOSÉ MATTEDI", "nm_mun": "SÃO GABRIEL DA PALHA", "aptos": 352, "imp": 0}}, {"type": "Feature", "geometry": {"type": "Point", "coordinates": [-40.540495, -19.019539]}, "properties": {"i": 1225, "mun": 56936, "ibge": 3204708, "z": 37, "l": 1279, "nm": "CMEI MERCEDES GOMES DE OLIVEIRA", "nm_mun": "SÃO GABRIEL DA PALHA", "aptos": 547, "imp": 0}}, {"type": "Feature", "geometry": {"type": "Point", "coordinates": [-40.534075, -18.9996]}, "properties": {"i": 1226, "mun": 56936, "ibge": 3204708, "z": 37, "l": 1317, "nm": "CMEI LUCIANA GLAZAR PINAFFO - CRIANÇA ESPERANÇA - SANTA HELENA", "nm_mun": "SÃO GABRIEL DA PALHA", "aptos": 1365, "imp": 0}}, {"type": "Feature", "geometry": {"type": "Point", "coordinates": [-40.395078, -18.883569]}, "properties": {"i": 1227, "mun": 56936, "ibge": 3204708, "z": 37, "l": 1325, "nm": "CENTRO COMUNITÁRIO DA IG. CATÓLICA DO PAT. DE S. ROQUE DA TERRA ROXA", "nm_mun": "SÃO GABRIEL DA PALHA", "aptos": 296, "imp": 0}}, {"type": "Feature", "geometry": {"type": "Point", "coordinates": [-40.539832, -19.008958]}, "properties": {"i": 1228, "mun": 56936, "ibge": 3204708, "z": 37, "l": 1333, "nm": "CMEI VOVÓ ZEFA", "nm_mun": "SÃO GABRIEL DA PALHA", "aptos": 1575, "imp": 0}}, {"type": "Feature", "geometry": {"type": "Point", "coordinates": [-40.478967, -19.027697]}, "properties": {"i": 1229, "mun": 56936, "ibge": 3204708, "z": 37, "l": 1368, "nm": "EFAB MEPES", "nm_mun": "SÃO GABRIEL DA PALHA", "aptos": 474, "imp": 0}}, {"type": "Feature", "geometry": {"type": "Point", "coordinates": [-40.529705, -19.030366]}, "properties": {"i": 1230, "mun": 56936, "ibge": 3204708, "z": 37, "l": 1376, "nm": "EMEFTI BEM VIVER", "nm_mun": "SÃO GABRIEL DA PALHA", "aptos": 2002, "imp": 0}}, {"type": "Feature", "geometry": {"type": "Point", "coordinates": [-41.656497, -21.025038]}, "properties": {"i": 1231, "mun": 56952, "ibge": 3204807, "z": 44, "l": 1015, "nm": "EPSG MERCÊS GARCIA VIEIRA", "nm_mun": "SÃO JOSÉ DO CALÇADO", "aptos": 3474, "imp": 0}}, {"type": "Feature", "geometry": {"type": "Point", "coordinates": [-41.621884, -20.946801]}, "properties": {"i": 1232, "mun": 56952, "ibge": 3204807, "z": 44, "l": 1058, "nm": "EPG DE ALTO CALÇADO", "nm_mun": "SÃO JOSÉ DO CALÇADO", "aptos": 1167, "imp": 0}}, {"type": "Feature", "geometry": {"type": "Point", "coordinates": [-41.687627, -20.94548]}, "properties": {"i": 1233, "mun": 56952, "ibge": 3204807, "z": 44, "l": 1066, "nm": "EPG DE AIRITUBA", "nm_mun": "SÃO JOSÉ DO CALÇADO", "aptos": 771, "imp": 0}}, {"type": "Feature", "geometry": {"type": "Point", "coordinates": [-41.689059, -20.944835]}, "properties": {"i": 1234, "mun": 56952, "ibge": 3204807, "z": 44, "l": 1074, "nm": "EPG PATRIMÔNIO DO DIVINO", "nm_mun": "SÃO JOSÉ DO CALÇADO", "aptos": 429, "imp": 0}}, {"type": "Feature", "geometry": {"type": "Point", "coordinates": [-41.653218, -21.026718]}, "properties": {"i": 1235, "mun": 56952, "ibge": 3204807, "z": 44, "l": 1082, "nm": "EMEF MANOEL FRANCO", "nm_mun": "SÃO JOSÉ DO CALÇADO", "aptos": 2818, "imp": 0}}, {"type": "Feature", "geometry": {"type": "Point", "coordinates": [-41.655569, -21.024921]}, "properties": {"i": 1236, "mun": 56952, "ibge": 3204807, "z": 44, "l": 1090, "nm": "CMEI MARIETA CASTRO", "nm_mun": "SÃO JOSÉ DO CALÇADO", "aptos": 1125, "imp": 0}}, {"type": "Feature", "geometry": {"type": "Point", "coordinates": [-39.856481, -18.715892]}, "properties": {"i": 1237, "mun": 56979, "ibge": 3204906, "z": 21, "l": 1023, "nm": "EEEFM CECILIANO ABEL DE ALMEIDA", "nm_mun": "SÃO MATEUS", "aptos": 3513, "imp": 0}}, {"type": "Feature", "geometry": {"type": "Point", "coordinates": [-39.851153, -18.722592]}, "properties": {"i": 1238, "mun": 56979, "ibge": 3204906, "z": 21, "l": 1031, "nm": "EMEF PROF. JOÃO PINTO BANDEIRA", "nm_mun": "SÃO MATEUS", "aptos": 3912, "imp": 0}}, {"type": "Feature", "geometry": {"type": "Point", "coordinates": [-39.851016, -18.715424]}, "properties": {"i": 1239, "mun": 56979, "ibge": 3204906, "z": 21, "l": 1040, "nm": "EEEFM PIO XII", "nm_mun": "SÃO MATEUS", "aptos": 3693, "imp": 0}}, {"type": "Feature", "geometry": {"type": "Point", "coordinates": [-39.851016, -18.715424]}, "properties": {"i": 1240, "mun": 56979, "ibge": 3204906, "z": 21, "l": 1058, "nm": "APAE - ASSOCIAÇÃO DE PAIS E AMIGOS DOS EXCEPCIONAIS DE SÃO MATEUS", "nm_mun": "SÃO MATEUS", "aptos": 747, "imp": 0}}, {"type": "Feature", "geometry": {"type": "Point", "coordinates": [-39.859315, -18.71809]}, "properties": {"i": 1241, "mun": 56979, "ibge": 3204906, "z": 21, "l": 1066, "nm": "EEEFM MARITA MOTTA SANTOS (POLIVALENTE)", "nm_mun": "SÃO MATEUS", "aptos": 3078, "imp": 0}}, {"type": "Feature", "geometry": {"type": "Point", "coordinates": [-39.861199, -18.719498]}, "properties": {"i": 1242, "mun": 56979, "ibge": 3204906, "z": 21, "l": 1074, "nm": "COLÉGIO CONHECER", "nm_mun": "SÃO MATEUS", "aptos": 2511, "imp": 0}}, {"type": "Feature", "geometry": {"type": "Point", "coordinates": [-39.87746, -18.713447]}, "properties": {"i": 1243, "mun": 56979, "ibge": 3204906, "z": 21, "l": 1104, "nm": "EMEF LILAZINA GOMES DE SOUZA", "nm_mun": "SÃO MATEUS", "aptos": 1723, "imp": 0}}, {"type": "Feature", "geometry": {"type": "Point", "coordinates": [-39.859315, -18.71809]}, "properties": {"i": 1244, "mun": 56979, "ibge": 3204906, "z": 21, "l": 1112, "nm": "EEEF EMÍLIO ROBERTO ZANOTTI", "nm_mun": "SÃO MATEUS", "aptos": 912, "imp": 0}}, {"type": "Feature", "geometry": {"type": "Point", "coordinates": [-39.841592, -18.7307]}, "properties": {"i": 1245, "mun": 56979, "ibge": 3204906, "z": 21, "l": 1120, "nm": "EMEF DR. ARNÓBIO ALVES DE HOLANDA", "nm_mun": "SÃO MATEUS", "aptos": 3207, "imp": 0}}, {"type": "Feature", "geometry": {"type": "Point", "coordinates": [-39.84295, -18.720956]}, "properties": {"i": 1246, "mun": 56979, "ibge": 3204906, "z": 21, "l": 1139, "nm": "EPEFM ALTERNATIVA LAGO DO CISNE", "nm_mun": "SÃO MATEUS", "aptos": 3442, "imp": 0}}, {"type": "Feature", "geometry": {"type": "Point", "coordinates": [-39.743961, -18.948384]}, "properties": {"i": 1247, "mun": 56979, "ibge": 3204906, "z": 21, "l": 1228, "nm": "EMEF Mª FRANCISCA NUNES COUTINHO (NATIVO BARRA NOVA)", "nm_mun": "SÃO MATEUS", "aptos": 1262, "imp": 0}}, {"type": "Feature", "geometry": {"type": "Point", "coordinates": [-39.750266, -18.745141]}, "properties": {"i": 1248, "mun": 56979, "ibge": 3204906, "z": 21, "l": 1252, "nm": "ESCOLA BENEDICTO CAULYT FIGUEIREDO (EMEF DE GURIRI)", "nm_mun": "SÃO MATEUS", "aptos": 3177, "imp": 0}}, {"type": "Feature", "geometry": {"type": "Point", "coordinates": [-39.81489, -18.72738]}, "properties": {"i": 1249, "mun": 56979, "ibge": 3204906, "z": 21, "l": 1260, "nm": "CEIM DE AREINHA", "nm_mun": "SÃO MATEUS", "aptos": 1421, "imp": 0}}, {"type": "Feature", "geometry": {"type": "Point", "coordinates": [-39.853418, -18.718837]}, "properties": {"i": 1250, "mun": 56979, "ibge": 3204906, "z": 21, "l": 1341, "nm": "CEIM SÃO JOÃO", "nm_mun": "SÃO MATEUS", "aptos": 863, "imp": 0}}, {"type": "Feature", "geometry": {"type": "Point", "coordinates": [-39.744115, -18.955458]}, "properties": {"i": 1251, "mun": 56979, "ibge": 3204906, "z": 21, "l": 1422, "nm": "EMP ENEDINO MONTEIRO", "nm_mun": "SÃO MATEUS", "aptos": 240, "imp": 0}}, {"type": "Feature", "geometry": {"type": "Point", "coordinates": [-39.857726, -18.746676]}, "properties": {"i": 1252, "mun": 56979, "ibge": 3204906, "z": 21, "l": 1430, "nm": "EMEF MARIA DA CUNHA FUNDÃO", "nm_mun": "SÃO MATEUS", "aptos": 2636, "imp": 0}}, {"type": "Feature", "geometry": {"type": "Point", "coordinates": [-39.854641, -18.732091]}, "properties": {"i": 1253, "mun": 56979, "ibge": 3204906, "z": 21, "l": 1457, "nm": "EMEF MARIA APARECIDA DOS SANTOS SILVA FILADELFO", "nm_mun": "SÃO MATEUS", "aptos": 2461, "imp": 0}}, {"type": "Feature", "geometry": {"type": "Point", "coordinates": [-39.845424, -18.722401]}, "properties": {"i": 1254, "mun": 56979, "ibge": 3204906, "z": 21, "l": 1481, "nm": "UNIVC - COLÉGIO NACIONAL", "nm_mun": "SÃO MATEUS", "aptos": 2409, "imp": 0}}, {"type": "Feature", "geometry": {"type": "Point", "coordinates": [-39.868649, -18.712749]}, "properties": {"i": 1255, "mun": 56979, "ibge": 3204906, "z": 21, "l": 1511, "nm": "EMEF CRICARÉ", "nm_mun": "SÃO MATEUS", "aptos": 1192, "imp": 0}}, {"type": "Feature", "geometry": {"type": "Point", "coordinates": [-39.948572, -18.781758]}, "properties": {"i": 1256, "mun": 56979, "ibge": 3204906, "z": 21, "l": 1562, "nm": "IGREJA SANTA LUZIA DO RIO PRETO - COMUNIDADE SANTA LUZIA DO RIO PRETO", "nm_mun": "SÃO MATEUS", "aptos": 218, "imp": 0}}, {"type": "Feature", "geometry": {"type": "Point", "coordinates": [-39.750035, -18.74509]}, "properties": {"i": 1257, "mun": 56979, "ibge": 3204906, "z": 21, "l": 1570, "nm": "EMEF OURO NEGRO", "nm_mun": "SÃO MATEUS", "aptos": 3543, "imp": 0}}, {"type": "Feature", "geometry": {"type": "Point", "coordinates": [-40.082195, -18.609818]}, "properties": {"i": 1258, "mun": 56979, "ibge": 3204906, "z": 21, "l": 1597, "nm": "EM SAPUCAIA 2 (PALMITINHO-SANTA LUZIA)", "nm_mun": "SÃO MATEUS", "aptos": 156, "imp": 0}}, {"type": "Feature", "geometry": {"type": "Point", "coordinates": [-39.743961, -18.948384]}, "properties": {"i": 1259, "mun": 56979, "ibge": 3204906, "z": 21, "l": 1619, "nm": "EPM ALICE MOREIRA MACHADO", "nm_mun": "SÃO MATEUS", "aptos": 218, "imp": 0}}, {"type": "Feature", "geometry": {"type": "Point", "coordinates": [-39.757773, -18.73267]}, "properties": {"i": 1260, "mun": 56979, "ibge": 3204906, "z": 21, "l": 1643, "nm": "EEEM WALLACE CASTELO DUTRA", "nm_mun": "SÃO MATEUS", "aptos": 3560, "imp": 0}}, {"type": "Feature", "geometry": {"type": "Point", "coordinates": [-40.078824, -18.714603]}, "properties": {"i": 1261, "mun": 56979, "ibge": 3204906, "z": 21, "l": 1678, "nm": "CEIM GIRASSOL", "nm_mun": "SÃO MATEUS", "aptos": 712, "imp": 0}}, {"type": "Feature", "geometry": {"type": "Point", "coordinates": [-39.932999, -18.854763]}, "properties": {"i": 1262, "mun": 56979, "ibge": 3204906, "z": 21, "l": 1686, "nm": "EM DE PAULISTA", "nm_mun": "SÃO MATEUS", "aptos": 900, "imp": 0}}, {"type": "Feature", "geometry": {"type": "Point", "coordinates": [-39.89074, -18.72377]}, "properties": {"i": 1263, "mun": 56979, "ibge": 3204906, "z": 21, "l": 1694, "nm": "EMEF BONSUCESSO", "nm_mun": "SÃO MATEUS", "aptos": 2119, "imp": 0}}, {"type": "Feature", "geometry": {"type": "Point", "coordinates": [-39.872021, -18.724074]}, "properties": {"i": 1264, "mun": 56979, "ibge": 3204906, "z": 21, "l": 1708, "nm": "CEIM PAULO FREIRE", "nm_mun": "SÃO MATEUS", "aptos": 918, "imp": 0}}, {"type": "Feature", "geometry": {"type": "Point", "coordinates": [-40.279026, -18.631493]}, "properties": {"i": 1265, "mun": 56979, "ibge": 3204906, "z": 21, "l": 1716, "nm": "EMEF MARIZETE V. DO NASCIMENTO (ARUEIRA)", "nm_mun": "SÃO MATEUS", "aptos": 1890, "imp": 0}}, {"type": "Feature", "geometry": {"type": "Point", "coordinates": [-39.967006, -18.702485]}, "properties": {"i": 1266, "mun": 56979, "ibge": 3204906, "z": 21, "l": 1724, "nm": "ESCOLA MUNICIPAL MILITINO CARRAFA", "nm_mun": "SÃO MATEUS", "aptos": 394, "imp": 0}}, {"type": "Feature", "geometry": {"type": "Point", "coordinates": [-40.090772, -18.489409]}, "properties": {"i": 1267, "mun": 56979, "ibge": 3204906, "z": 21, "l": 1732, "nm": "EMEF MERCEDES DE AGUIAR (ITAUNINHAS)", "nm_mun": "SÃO MATEUS", "aptos": 476, "imp": 0}}, {"type": "Feature", "geometry": {"type": "Point", "coordinates": [-40.22066, -18.73289]}, "properties": {"i": 1268, "mun": 56979, "ibge": 3204906, "z": 21, "l": 1740, "nm": "EEEF NESTOR GOMES", "nm_mun": "SÃO MATEUS", "aptos": 2761, "imp": 0}}, {"type": "Feature", "geometry": {"type": "Point", "coordinates": [-40.26237, -18.808066]}, "properties": {"i": 1269, "mun": 56979, "ibge": 3204906, "z": 21, "l": 1759, "nm": "ESCOLA FAMÍLIA AGRÍCOLA DO KM 41", "nm_mun": "SÃO MATEUS", "aptos": 1005, "imp": 0}}, {"type": "Feature", "geometry": {"type": "Point", "coordinates": [-39.878943, -18.708847]}, "properties": {"i": 1270, "mun": 56979, "ibge": 3204906, "z": 21, "l": 1767, "nm": "EMEF SANTA TEREZINHA (PONTE)", "nm_mun": "SÃO MATEUS", "aptos": 1319, "imp": 0}}, {"type": "Feature", "geometry": {"type": "Point", "coordinates": [-40.238554, -18.663605]}, "properties": {"i": 1271, "mun": 56979, "ibge": 3204906, "z": 21, "l": 1775, "nm": "EPM CÓRREGO SECO", "nm_mun": "SÃO MATEUS", "aptos": 345, "imp": 0}}, {"type": "Feature", "geometry": {"type": "Point", "coordinates": [-40.26671, -18.776225]}, "properties": {"i": 1272, "mun": 56979, "ibge": 3204906, "z": 21, "l": 1783, "nm": "EM SÃO PIO X", "nm_mun": "SÃO MATEUS", "aptos": 258, "imp": 0}}, {"type": "Feature", "geometry": {"type": "Point", "coordinates": [-39.873113, -18.719276]}, "properties": {"i": 1273, "mun": 56979, "ibge": 3204906, "z": 21, "l": 1791, "nm": "EEEFM AMÉRICO SILVARES", "nm_mun": "SÃO MATEUS", "aptos": 3916, "imp": 0}}, {"type": "Feature", "geometry": {"type": "Point", "coordinates": [-39.864258, -18.682616]}, "properties": {"i": 1274, "mun": 56979, "ibge": 3204906, "z": 21, "l": 1805, "nm": "EMEF VEREADOR LAURINDO SAMARITANO (CRUZAMENTO)", "nm_mun": "SÃO MATEUS", "aptos": 2295, "imp": 0}}, {"type": "Feature", "geometry": {"type": "Point", "coordinates": [-40.017388, -18.507857]}, "properties": {"i": 1275, "mun": 56979, "ibge": 3204906, "z": 21, "l": 1813, "nm": "ANEDINA ALMEIDA SANTOS", "nm_mun": "SÃO MATEUS", "aptos": 1338, "imp": 0}}, {"type": "Feature", "geometry": {"type": "Point", "coordinates": [-39.890747, -18.720045]}, "properties": {"i": 1276, "mun": 56979, "ibge": 3204906, "z": 21, "l": 1821, "nm": "CAIC - CENTRO DE ATENDIMENTO INTEGRAL A CRIANÇA", "nm_mun": "SÃO MATEUS", "aptos": 5835, "imp": 0}}, {"type": "Feature", "geometry": {"type": "Point", "coordinates": [-40.353022, -18.749732]}, "properties": {"i": 1277, "mun": 56979, "ibge": 3204906, "z": 21, "l": 1830, "nm": "EMEIEF ZUMBI DOS PALMARES", "nm_mun": "SÃO MATEUS", "aptos": 235, "imp": 0}}, {"type": "Feature", "geometry": {"type": "Point", "coordinates": [-40.036225, -18.615093]}, "properties": {"i": 1278, "mun": 56979, "ibge": 3204906, "z": 21, "l": 1848, "nm": "EPM NOVA VISTA", "nm_mun": "SÃO MATEUS", "aptos": 526, "imp": 0}}, {"type": "Feature", "geometry": {"type": "Point", "coordinates": [-40.26237, -18.808066]}, "properties": {"i": 1279, "mun": 56979, "ibge": 3204906, "z": 21, "l": 1856, "nm": "EMEF KM 35 - NOVA AYMORÉS", "nm_mun": "SÃO MATEUS", "aptos": 1945, "imp": 0}}, {"type": "Feature", "geometry": {"type": "Point", "coordinates": [-39.880788, -18.720966]}, "properties": {"i": 1280, "mun": 56979, "ibge": 3204906, "z": 21, "l": 1864, "nm": "EEEFM SANTO ANTÔNIO", "nm_mun": "SÃO MATEUS", "aptos": 5072, "imp": 0}}, {"type": "Feature", "geometry": {"type": "Point", "coordinates": [-39.995997, -18.698871]}, "properties": {"i": 1281, "mun": 56979, "ibge": 3204906, "z": 21, "l": 1872, "nm": "COMUNIDADE NOVA VERONA - IGREJA NOSSA SENHORA DA PENHA", "nm_mun": "SÃO MATEUS", "aptos": 216, "imp": 0}}, {"type": "Feature", "geometry": {"type": "Point", "coordinates": [-40.101694, -18.721754]}, "properties": {"i": 1282, "mun": 56979, "ibge": 3204906, "z": 21, "l": 1880, "nm": "EMEF CÓRREGO DO MILANEZ", "nm_mun": "SÃO MATEUS", "aptos": 2285, "imp": 0}}, {"type": "Feature", "geometry": {"type": "Point", "coordinates": [-40.142714, -18.580297]}, "properties": {"i": 1283, "mun": 56979, "ibge": 3204906, "z": 21, "l": 1899, "nm": "GRUPO ESCOLAR DE SANTA MARIA", "nm_mun": "SÃO MATEUS", "aptos": 1840, "imp": 0}}, {"type": "Feature", "geometry": {"type": "Point", "coordinates": [-39.817493, -18.731257]}, "properties": {"i": 1284, "mun": 56979, "ibge": 3204906, "z": 21, "l": 1910, "nm": "UAPS URUSSUQUARA", "nm_mun": "SÃO MATEUS", "aptos": 157, "imp": 0}}, {"type": "Feature", "geometry": {"type": "Point", "coordinates": [-39.766167, -18.730532]}, "properties": {"i": 1285, "mun": 56979, "ibge": 3204906, "z": 21, "l": 1929, "nm": "EMEF HERINEA LIMA OLIVEIRA", "nm_mun": "SÃO MATEUS", "aptos": 2827, "imp": 0}}, {"type": "Feature", "geometry": {"type": "Point", "coordinates": [-40.410148, -20.373269]}, "properties": {"i": 1286, "mun": 56979, "ibge": 3204906, "z": 21, "l": 1945, "nm": "EMEF VALÉRIO COSER", "nm_mun": "SÃO MATEUS", "aptos": 543, "imp": 1}}, {"type": "Feature", "geometry": {"type": "Point", "coordinates": [-40.353022, -18.749732]}, "properties": {"i": 1287, "mun": 56979, "ibge": 3204906, "z": 21, "l": 1953, "nm": "EPM CAMPO GRANDE DE BAIXO", "nm_mun": "SÃO MATEUS", "aptos": 196, "imp": 1}}, {"type": "Feature", "geometry": {"type": "Point", "coordinates": [-40.307132, -20.126117]}, "properties": {"i": 1288, "mun": 56995, "ibge": 3205002, "z": 26, "l": 1015, "nm": "EEEFM SERRA SEDE", "nm_mun": "SERRA", "aptos": 3649, "imp": 0}}, {"type": "Feature", "geometry": {"type": "Point", "coordinates": [-40.313037, -20.126135]}, "properties": {"i": 1289, "mun": 56995, "ibge": 3205002, "z": 26, "l": 1023, "nm": "EMEF SERRANA", "nm_mun": "SERRA", "aptos": 2905, "imp": 0}}, {"type": "Feature", "geometry": {"type": "Point", "coordinates": [-40.308318, -20.130774]}, "properties": {"i": 1290, "mun": 56995, "ibge": 3205002, "z": 26, "l": 1031, "nm": "E.E.E.F.M.  CLÓVIS BORGES MIGUEL", "nm_mun": "SERRA", "aptos": 3907, "imp": 0}}, {"type": "Feature", "geometry": {"type": "Point", "coordinates": [-40.301277, -20.119245]}, "properties": {"i": 1291, "mun": 56995, "ibge": 3205002, "z": 26, "l": 1040, "nm": "E.E.E.F.M. GETÚLIO PIMENTEL LOUREIRO", "nm_mun": "SERRA", "aptos": 3484, "imp": 0}}, {"type": "Feature", "geometry": {"type": "Point", "coordinates": [-40.310923, -20.117514]}, "properties": {"i": 1292, "mun": 56995, "ibge": 3205002, "z": 26, "l": 1058, "nm": "EMEF DE JARDIM BELA VISTA", "nm_mun": "SERRA", "aptos": 3659, "imp": 0}}, {"type": "Feature", "geometry": {"type": "Point", "coordinates": [-40.301972, -20.138902]}, "properties": {"i": 1293, "mun": 56995, "ibge": 3205002, "z": 26, "l": 1066, "nm": "EMEF PROFESSORA ALBA LÍLIA CASTELLO MIGUEL", "nm_mun": "SERRA", "aptos": 4792, "imp": 0}}, {"type": "Feature", "geometry": {"type": "Point", "coordinates": [-40.31934, -20.124767]}, "properties": {"i": 1294, "mun": 56995, "ibge": 3205002, "z": 26, "l": 1082, "nm": "EMEF SÃO MARCOS", "nm_mun": "SERRA", "aptos": 2952, "imp": 0}}, {"type": "Feature", "geometry": {"type": "Point", "coordinates": [-40.315903, -20.137166]}, "properties": {"i": 1295, "mun": 56995, "ibge": 3205002, "z": 26, "l": 1090, "nm": "EMEF DE CASCATA", "nm_mun": "SERRA", "aptos": 2686, "imp": 0}}, {"type": "Feature", "geometry": {"type": "Point", "coordinates": [-40.31604, -20.12153]}, "properties": {"i": 1296, "mun": 56995, "ibge": 3205002, "z": 26, "l": 1104, "nm": "EMEF DJANIRA MARIA DE ARAÚJO", "nm_mun": "SERRA", "aptos": 1675, "imp": 0}}, {"type": "Feature", "geometry": {"type": "Point", "coordinates": [-40.293236, -20.146133]}, "properties": {"i": 1297, "mun": 56995, "ibge": 3205002, "z": 26, "l": 1112, "nm": "EEEF PROFESSORA ADEVALNI AZEVEDO", "nm_mun": "SERRA", "aptos": 2173, "imp": 0}}, {"type": "Feature", "geometry": {"type": "Point", "coordinates": [-40.273, -20.155936]}, "properties": {"i": 1298, "mun": 56995, "ibge": 3205002, "z": 26, "l": 1120, "nm": "EMEF JONAS FARIAS", "nm_mun": "SERRA", "aptos": 6163, "imp": 0}}, {"type": "Feature", "geometry": {"type": "Point", "coordinates": [-40.27025, -20.16276]}, "properties": {"i": 1299, "mun": 56995, "ibge": 3205002, "z": 26, "l": 1139, "nm": "EMEF GOVERNADOR CARLOS LINDEMBERG", "nm_mun": "SERRA", "aptos": 4890, "imp": 0}}, {"type": "Feature", "geometry": {"type": "Point", "coordinates": [-40.263968, -20.14744]}, "properties": {"i": 1300, "mun": 56995, "ibge": 3205002, "z": 26, "l": 1147, "nm": "EEEFM MESTRE ÁLVARO", "nm_mun": "SERRA", "aptos": 6490, "imp": 0}}, {"type": "Feature", "geometry": {"type": "Point", "coordinates": [-40.247412, -20.158593]}, "properties": {"i": 1301, "mun": 56995, "ibge": 3205002, "z": 26, "l": 1155, "nm": "EMEF MINISTRO PETRÔNIO PORTELA", "nm_mun": "SERRA", "aptos": 2912, "imp": 0}}, {"type": "Feature", "geometry": {"type": "Point", "coordinates": [-40.25164, -20.152035]}, "properties": {"i": 1302, "mun": 56995, "ibge": 3205002, "z": 26, "l": 1163, "nm": "EEEFM PROFESSORA HILDA MIRANDA NASCIMENTO", "nm_mun": "SERRA", "aptos": 4702, "imp": 0}}, {"type": "Feature", "geometry": {"type": "Point", "coordinates": [-40.258226, -20.171332]}, "properties": {"i": 1303, "mun": 56995, "ibge": 3205002, "z": 26, "l": 1201, "nm": "EEEFM SIZENANDO PECHINCHA", "nm_mun": "SERRA", "aptos": 4188, "imp": 0}}, {"type": "Feature", "geometry": {"type": "Point", "coordinates": [-40.306336, -20.053987]}, "properties": {"i": 1304, "mun": 56995, "ibge": 3205002, "z": 26, "l": 1511, "nm": "EMEF DE PUTIRI", "nm_mun": "SERRA", "aptos": 223, "imp": 0}}, {"type": "Feature", "geometry": {"type": "Point", "coordinates": [-40.34039, -20.096966]}, "properties": {"i": 1305, "mun": 56995, "ibge": 3205002, "z": 26, "l": 1520, "nm": "EMEF DE BELVEDERE", "nm_mun": "SERRA", "aptos": 1210, "imp": 0}}, {"type": "Feature", "geometry": {"type": "Point", "coordinates": [-40.322895, -20.111116]}, "properties": {"i": 1306, "mun": 56995, "ibge": 3205002, "z": 26, "l": 1694, "nm": "EMEF DIVINÓPOLIS PASTOR OLIVEIRA DE ARAUJO", "nm_mun": "SERRA", "aptos": 1908, "imp": 0}}, {"type": "Feature", "geometry": {"type": "Point", "coordinates": [-40.2804, -20.170099]}, "properties": {"i": 1307, "mun": 56995, "ibge": 3205002, "z": 26, "l": 1708, "nm": "EEEF JUDITH CASTELLO LEÃO RIBEIRO", "nm_mun": "SERRA", "aptos": 1550, "imp": 0}}, {"type": "Feature", "geometry": {"type": "Point", "coordinates": [-40.243952, -20.174824]}, "properties": {"i": 1308, "mun": 56995, "ibge": 3205002, "z": 26, "l": 1767, "nm": "EEEFM PROFESSOR JURACY MACHADO", "nm_mun": "SERRA", "aptos": 575, "imp": 0}}, {"type": "Feature", "geometry": {"type": "Point", "coordinates": [-40.287378, -20.134658]}, "properties": {"i": 1309, "mun": 56995, "ibge": 3205002, "z": 26, "l": 1775, "nm": "EEEFM  PROFESSOR  JOÃO ANTUNES DAS DORES", "nm_mun": "SERRA", "aptos": 4331, "imp": 0}}, {"type": "Feature", "geometry": {"type": "Point", "coordinates": [-40.319617, -20.121798]}, "properties": {"i": 1310, "mun": 56995, "ibge": 3205002, "z": 26, "l": 1783, "nm": "EMEF HERBERT DE SOUZA", "nm_mun": "SERRA", "aptos": 2523, "imp": 0}}, {"type": "Feature", "geometry": {"type": "Point", "coordinates": [-40.297057, -20.141149]}, "properties": {"i": 1311, "mun": 56995, "ibge": 3205002, "z": 26, "l": 1791, "nm": "EMEF PAULO FREIRE", "nm_mun": "SERRA", "aptos": 3503, "imp": 0}}, {"type": "Feature", "geometry": {"type": "Point", "coordinates": [-40.265896, -20.153425]}, "properties": {"i": 1312, "mun": 56995, "ibge": 3205002, "z": 26, "l": 1813, "nm": "EEEF NOVA CARAPINA II", "nm_mun": "SERRA", "aptos": 4132, "imp": 0}}, {"type": "Feature", "geometry": {"type": "Point", "coordinates": [-40.279391, -20.124307]}, "properties": {"i": 1313, "mun": 56995, "ibge": 3205002, "z": 26, "l": 1848, "nm": "EMEF JOÃO CALMON", "nm_mun": "SERRA", "aptos": 3998, "imp": 0}}, {"type": "Feature", "geometry": {"type": "Point", "coordinates": [-40.279265, -20.12448]}, "properties": {"i": 1314, "mun": 56995, "ibge": 3205002, "z": 26, "l": 1899, "nm": "EMEF ISMÊNIO DE ALMEIDA  VIDIGAL", "nm_mun": "SERRA", "aptos": 3610, "imp": 0}}, {"type": "Feature", "geometry": {"type": "Point", "coordinates": [-40.271443, -20.146133]}, "properties": {"i": 1315, "mun": 56995, "ibge": 3205002, "z": 26, "l": 1902, "nm": "EMEF CIDADE POMAR", "nm_mun": "SERRA", "aptos": 3127, "imp": 0}}, {"type": "Feature", "geometry": {"type": "Point", "coordinates": [-40.25261, -20.165785]}, "properties": {"i": 1316, "mun": 56995, "ibge": 3205002, "z": 26, "l": 1910, "nm": "EEEF MARINGÁ", "nm_mun": "SERRA", "aptos": 1528, "imp": 0}}, {"type": "Feature", "geometry": {"type": "Point", "coordinates": [-40.401755, -20.019316]}, "properties": {"i": 1317, "mun": 56995, "ibge": 3205002, "z": 26, "l": 1929, "nm": "EMEF SANTIAGO DA SERRA", "nm_mun": "SERRA", "aptos": 264, "imp": 0}}, {"type": "Feature", "geometry": {"type": "Point", "coordinates": [-40.252692, -20.156423]}, "properties": {"i": 1318, "mun": 56995, "ibge": 3205002, "z": 26, "l": 1945, "nm": "EMEF PROFESSORA IOLANDA SCHINEIDER RANGEL DA SILVA", "nm_mun": "SERRA", "aptos": 2610, "imp": 0}}, {"type": "Feature", "geometry": {"type": "Point", "coordinates": [-40.287349, -20.14065]}, "properties": {"i": 1319, "mun": 56995, "ibge": 3205002, "z": 26, "l": 1953, "nm": "EEEF CAMPINHO", "nm_mun": "SERRA", "aptos": 871, "imp": 0}}, {"type": "Feature", "geometry": {"type": "Point", "coordinates": [-40.386601, -20.041291]}, "properties": {"i": 1320, "mun": 56995, "ibge": 3205002, "z": 26, "l": 1961, "nm": "EMEF CHAPADA GRANDE", "nm_mun": "SERRA", "aptos": 493, "imp": 0}}, {"type": "Feature", "geometry": {"type": "Point", "coordinates": [-40.305817, -20.128109]}, "properties": {"i": 1321, "mun": 56995, "ibge": 3205002, "z": 26, "l": 1996, "nm": "EMEF ALDARY NUNES", "nm_mun": "SERRA", "aptos": 3490, "imp": 0}}, {"type": "Feature", "geometry": {"type": "Point", "coordinates": [-40.244281, -20.172074]}, "properties": {"i": 1322, "mun": 56995, "ibge": 3205002, "z": 26, "l": 2003, "nm": "EMEF ABRAHÃO GOMES DE ARAUJO", "nm_mun": "SERRA", "aptos": 6059, "imp": 0}}, {"type": "Feature", "geometry": {"type": "Point", "coordinates": [-40.243952, -20.174824]}, "properties": {"i": 1323, "mun": 56995, "ibge": 3205002, "z": 26, "l": 2020, "nm": "EMEF JORGE AMADO", "nm_mun": "SERRA", "aptos": 580, "imp": 1}}, {"type": "Feature", "geometry": {"type": "Point", "coordinates": [-40.270805, -20.193302]}, "properties": {"i": 1324, "mun": 56995, "ibge": 3205002, "z": 53, "l": 1023, "nm": "EEF MANOEL CARLOS DE MIRANDA", "nm_mun": "SERRA", "aptos": 6045, "imp": 0}}, {"type": "Feature", "geometry": {"type": "Point", "coordinates": [-40.274105, -20.206601]}, "properties": {"i": 1325, "mun": 56995, "ibge": 3205002, "z": 53, "l": 1031, "nm": "EMEF OLIVINA SIQUEIRA", "nm_mun": "SERRA", "aptos": 3161, "imp": 0}}, {"type": "Feature", "geometry": {"type": "Point", "coordinates": [-40.275547, -20.217011]}, "properties": {"i": 1326, "mun": 56995, "ibge": 3205002, "z": 53, "l": 1040, "nm": "EEEF JÔNES JOSÉ DO NASCIMENTO", "nm_mun": "SERRA", "aptos": 5069, "imp": 0}}, {"type": "Feature", "geometry": {"type": "Point", "coordinates": [-40.265394, -20.218037]}, "properties": {"i": 1327, "mun": 56995, "ibge": 3205002, "z": 53, "l": 1058, "nm": "CRECHE PENÉLOPE", "nm_mun": "SERRA", "aptos": 3434, "imp": 0}}, {"type": "Feature", "geometry": {"type": "Point", "coordinates": [-40.256645, -20.218622]}, "properties": {"i": 1328, "mun": 56995, "ibge": 3205002, "z": 53, "l": 1066, "nm": "EEF SÃO DIOGO", "nm_mun": "SERRA", "aptos": 2962, "imp": 0}}, {"type": "Feature", "geometry": {"type": "Point", "coordinates": [-40.265789, -20.224806]}, "properties": {"i": 1329, "mun": 56995, "ibge": 3205002, "z": 53, "l": 1074, "nm": "EEEF MARIA MAGDALENA PISA", "nm_mun": "SERRA", "aptos": 1375, "imp": 0}}, {"type": "Feature", "geometry": {"type": "Point", "coordinates": [-40.28051, -20.227148]}, "properties": {"i": 1330, "mun": 56995, "ibge": 3205002, "z": 53, "l": 1082, "nm": "EEEFM DOM JOÃO BATISTA DA MOTTA E ALBUQUERQUE", "nm_mun": "SERRA", "aptos": 3612, "imp": 0}}, {"type": "Feature", "geometry": {"type": "Point", "coordinates": [-40.280764, -20.219398]}, "properties": {"i": 1331, "mun": 56995, "ibge": 3205002, "z": 53, "l": 1090, "nm": "EMEF LACY ZULEICA NUNES", "nm_mun": "SERRA", "aptos": 3481, "imp": 0}}, {"type": "Feature", "geometry": {"type": "Point", "coordinates": [-40.279294, -20.234205]}, "properties": {"i": 1332, "mun": 56995, "ibge": 3205002, "z": 53, "l": 1104, "nm": "EEEFM ARLINDO FERREIRA LOPES", "nm_mun": "SERRA", "aptos": 2613, "imp": 0}}, {"type": "Feature", "geometry": {"type": "Point", "coordinates": [-40.273049, -20.231147]}, "properties": {"i": 1333, "mun": 56995, "ibge": 3205002, "z": 53, "l": 1112, "nm": "EEEFM RÔMULO CASTELLO", "nm_mun": "SERRA", "aptos": 4799, "imp": 0}}, {"type": "Feature", "geometry": {"type": "Point", "coordinates": [-40.264266, -20.247143]}, "properties": {"i": 1334, "mun": 56995, "ibge": 3205002, "z": 53, "l": 1120, "nm": "EEEFM CLOTILDE RATO", "nm_mun": "SERRA", "aptos": 4225, "imp": 0}}, {"type": "Feature", "geometry": {"type": "Point", "coordinates": [-40.27629, -20.23774]}, "properties": {"i": 1335, "mun": 56995, "ibge": 3205002, "z": 53, "l": 1139, "nm": "EEEFM BELMIRO TEIXEIRA PIMENTA", "nm_mun": "SERRA", "aptos": 2187, "imp": 0}}, {"type": "Feature", "geometry": {"type": "Point", "coordinates": [-40.262688, -20.209326]}, "properties": {"i": 1336, "mun": 56995, "ibge": 3205002, "z": 53, "l": 1147, "nm": "EEEFM ARISTÓBULO BARBOSA LEÃO", "nm_mun": "SERRA", "aptos": 5929, "imp": 0}}, {"type": "Feature", "geometry": {"type": "Point", "coordinates": [-40.24938, -20.21864]}, "properties": {"i": 1337, "mun": 56995, "ibge": 3205002, "z": 53, "l": 1155, "nm": "EEF AURENÍRIA CORREIA PIMENTEL", "nm_mun": "SERRA", "aptos": 3930, "imp": 0}}, {"type": "Feature", "geometry": {"type": "Point", "coordinates": [-40.26958, -20.241396]}, "properties": {"i": 1338, "mun": 56995, "ibge": 3205002, "z": 53, "l": 1228, "nm": "EMEF DR. HÉLIO FERRAZ", "nm_mun": "SERRA", "aptos": 3123, "imp": 0}}, {"type": "Feature", "geometry": {"type": "Point", "coordinates": [-40.269457, -20.184404]}, "properties": {"i": 1339, "mun": 56995, "ibge": 3205002, "z": 53, "l": 1244, "nm": "EEEF LARANJEIRAS", "nm_mun": "SERRA", "aptos": 2687, "imp": 0}}, {"type": "Feature", "geometry": {"type": "Point", "coordinates": [-40.261515, -20.198467]}, "properties": {"i": 1340, "mun": 56995, "ibge": 3205002, "z": 53, "l": 1252, "nm": "EEEFM MARIA PENEDO", "nm_mun": "SERRA", "aptos": 5741, "imp": 0}}, {"type": "Feature", "geometry": {"type": "Point", "coordinates": [-40.249026, -20.205708]}, "properties": {"i": 1341, "mun": 56995, "ibge": 3205002, "z": 53, "l": 1260, "nm": "EEEF IRACEMA CONCEIÇÃO SILVA", "nm_mun": "SERRA", "aptos": 4014, "imp": 0}}, {"type": "Feature", "geometry": {"type": "Point", "coordinates": [-40.278161, -20.197483]}, "properties": {"i": 1342, "mun": 56995, "ibge": 3205002, "z": 53, "l": 1287, "nm": "EEEFM SÍLVIO EGITO SOBRINHO", "nm_mun": "SERRA", "aptos": 4480, "imp": 0}}, {"type": "Feature", "geometry": {"type": "Point", "coordinates": [-40.277008, -20.228257]}, "properties": {"i": 1343, "mun": 56995, "ibge": 3205002, "z": 53, "l": 1295, "nm": "EMEF AMÉRICO GUIMARÃES COSTA", "nm_mun": "SERRA", "aptos": 4088, "imp": 0}}, {"type": "Feature", "geometry": {"type": "Point", "coordinates": [-40.284875, -20.232292]}, "properties": {"i": 1344, "mun": 56995, "ibge": 3205002, "z": 53, "l": 1317, "nm": "EMEF PADRE GABRIEL", "nm_mun": "SERRA", "aptos": 3559, "imp": 0}}, {"type": "Feature", "geometry": {"type": "Point", "coordinates": [-40.250618, -20.196687]}, "properties": {"i": 1345, "mun": 56995, "ibge": 3205002, "z": 53, "l": 1325, "nm": "CAEE DR. PEDRO FEU ROSA - APAE", "nm_mun": "SERRA", "aptos": 3994, "imp": 0}}, {"type": "Feature", "geometry": {"type": "Point", "coordinates": [-40.272928, -20.205669]}, "properties": {"i": 1346, "mun": 56995, "ibge": 3205002, "z": 53, "l": 1333, "nm": "EMEF PROFESSOR LUÍZ BATISTA", "nm_mun": "SERRA", "aptos": 4496, "imp": 0}}, {"type": "Feature", "geometry": {"type": "Point", "coordinates": [-40.28378, -20.226841]}, "properties": {"i": 1347, "mun": 56995, "ibge": 3205002, "z": 53, "l": 1341, "nm": "EMEF ELPÍDIA COIMBRA", "nm_mun": "SERRA", "aptos": 1788, "imp": 0}}, {"type": "Feature", "geometry": {"type": "Point", "coordinates": [-40.247746, -20.220163]}, "properties": {"i": 1348, "mun": 56995, "ibge": 3205002, "z": 53, "l": 1368, "nm": "EMEF NOVO HORIZONTE", "nm_mun": "SERRA", "aptos": 6788, "imp": 0}}, {"type": "Feature", "geometry": {"type": "Point", "coordinates": [-40.288506, -20.234669]}, "properties": {"i": 1349, "mun": 56995, "ibge": 3205002, "z": 53, "l": 1392, "nm": "EEF JOÃO PAULO II", "nm_mun": "SERRA", "aptos": 4867, "imp": 0}}, {"type": "Feature", "geometry": {"type": "Point", "coordinates": [-40.263356, -20.182794]}, "properties": {"i": 1350, "mun": 56995, "ibge": 3205002, "z": 53, "l": 1406, "nm": "CENTRO EDUCACIONAL INFANTIL OLINDINA LEÃO NUNES", "nm_mun": "SERRA", "aptos": 3104, "imp": 0}}, {"type": "Feature", "geometry": {"type": "Point", "coordinates": [-40.258642, -20.179336]}, "properties": {"i": 1351, "mun": 56995, "ibge": 3205002, "z": 53, "l": 1414, "nm": "EEEF MANOEL LOPES", "nm_mun": "SERRA", "aptos": 2787, "imp": 0}}, {"type": "Feature", "geometry": {"type": "Point", "coordinates": [-40.265476, -20.218306]}, "properties": {"i": 1352, "mun": 56995, "ibge": 3205002, "z": 53, "l": 1473, "nm": "EMEF ALTAIR SIQUEIRA COSTA", "nm_mun": "SERRA", "aptos": 2307, "imp": 0}}, {"type": "Feature", "geometry": {"type": "Point", "coordinates": [-40.260191, -20.188514]}, "properties": {"i": 1353, "mun": 56995, "ibge": 3205002, "z": 53, "l": 1481, "nm": "CMEI JARBAS SILVA FILHO", "nm_mun": "SERRA", "aptos": 3145, "imp": 0}}, {"type": "Feature", "geometry": {"type": "Point", "coordinates": [-40.228743, -20.191707]}, "properties": {"i": 1354, "mun": 56995, "ibge": 3205002, "z": 53, "l": 1490, "nm": "EMEF DOM JOSE MAURO PEREIRA BASTOS", "nm_mun": "SERRA", "aptos": 4118, "imp": 0}}, {"type": "Feature", "geometry": {"type": "Point", "coordinates": [-40.26361, -20.20503]}, "properties": {"i": 1355, "mun": 56995, "ibge": 3205002, "z": 53, "l": 1503, "nm": "EEEFM MARIA JOSÉ ZOUAIN MIRANDA", "nm_mun": "SERRA", "aptos": 2205, "imp": 0}}, {"type": "Feature", "geometry": {"type": "Point", "coordinates": [-40.257293, -20.196668]}, "properties": {"i": 1356, "mun": 56995, "ibge": 3205002, "z": 53, "l": 1511, "nm": "CMEI LUCIANO DE SOUZA RANGEL", "nm_mun": "SERRA", "aptos": 3647, "imp": 0}}, {"type": "Feature", "geometry": {"type": "Point", "coordinates": [-40.257293, -20.196668]}, "properties": {"i": 1357, "mun": 56995, "ibge": 3205002, "z": 53, "l": 1520, "nm": "CMEI PROFª. ANGELINA VASCONCELLOS MACHADO", "nm_mun": "SERRA", "aptos": 772, "imp": 1}}, {"type": "Feature", "geometry": {"type": "Point", "coordinates": [-40.30639, -20.346512]}, "properties": {"i": 1358, "mun": 56995, "ibge": 3205002, "z": 53, "l": 1538, "nm": "CMEI BEM-ME-QUER", "nm_mun": "SERRA", "aptos": 827, "imp": 1}}, {"type": "Feature", "geometry": {"type": "Point", "coordinates": [-40.368608, -20.360187]}, "properties": {"i": 1359, "mun": 56995, "ibge": 3205002, "z": 53, "l": 1546, "nm": "EMEF AUGUSTO RUSCHI", "nm_mun": "SERRA", "aptos": 96, "imp": 1}}, {"type": "Feature", "geometry": {"type": "Point", "coordinates": [-40.366587, -20.379596]}, "properties": {"i": 1360, "mun": 56995, "ibge": 3205002, "z": 53, "l": 1554, "nm": "EMEF ESPAÇO ALTERNATIVO JARDIM CARAPINA", "nm_mun": "SERRA", "aptos": 774, "imp": 1}}, {"type": "Feature", "geometry": {"type": "Point", "coordinates": [-40.366587, -20.379596]}, "properties": {"i": 1361, "mun": 56995, "ibge": 3205002, "z": 53, "l": 1562, "nm": "EMEF MANOEL VIEIRA LESSA", "nm_mun": "SERRA", "aptos": 687, "imp": 1}}, {"type": "Feature", "geometry": {"type": "Point", "coordinates": [-40.206819, -20.17535]}, "properties": {"i": 1362, "mun": 56995, "ibge": 3205002, "z": 53, "l": 1570, "nm": "EEEFM ANTÔNIO LUÍZ VALIATI", "nm_mun": "SERRA", "aptos": 1263, "imp": 1}}, {"type": "Feature", "geometry": {"type": "Point", "coordinates": [-40.368608, -20.360187]}, "properties": {"i": 1363, "mun": 56995, "ibge": 3205002, "z": 53, "l": 1589, "nm": "EMEF ANTÔNIO VIEIRA DE REZENDE", "nm_mun": "SERRA", "aptos": 636, "imp": 1}}, {"type": "Feature", "geometry": {"type": "Point", "coordinates": [-40.74922, -20.640601]}, "properties": {"i": 1364, "mun": 56995, "ibge": 3205002, "z": 53, "l": 1597, "nm": "CMEI DEBORA DE MORAES CAITANO - DONA NINA", "nm_mun": "SERRA", "aptos": 825, "imp": 1}}, {"type": "Feature", "geometry": {"type": "Point", "coordinates": [-40.201782, -20.211694]}, "properties": {"i": 1365, "mun": 56995, "ibge": 3205002, "z": 59, "l": 1015, "nm": "EMEF BICANGA", "nm_mun": "SERRA", "aptos": 1336, "imp": 0}}, {"type": "Feature", "geometry": {"type": "Point", "coordinates": [-40.222127, -20.204655]}, "properties": {"i": 1366, "mun": 56995, "ibge": 3205002, "z": 59, "l": 1023, "nm": "EEF TANCREDO DE ALMEIDA NEVES", "nm_mun": "SERRA", "aptos": 844, "imp": 0}}, {"type": "Feature", "geometry": {"type": "Point", "coordinates": [-40.216389, -20.231355]}, "properties": {"i": 1367, "mun": 56995, "ibge": 3205002, "z": 59, "l": 1031, "nm": "EEEF CARAPEBUS", "nm_mun": "SERRA", "aptos": 2590, "imp": 0}}, {"type": "Feature", "geometry": {"type": "Point", "coordinates": [-40.227851, -20.220427]}, "properties": {"i": 1368, "mun": 56995, "ibge": 3205002, "z": 59, "l": 1040, "nm": "EEEFM PROFESSORA MARIA OLINDA DE OLIVEIRA MENESES", "nm_mun": "SERRA", "aptos": 4474, "imp": 0}}, {"type": "Feature", "geometry": {"type": "Point", "coordinates": [-40.218614, -20.213361]}, "properties": {"i": 1369, "mun": 56995, "ibge": 3205002, "z": 59, "l": 1058, "nm": "EEEFM ZUMBI DOS PALMARES", "nm_mun": "SERRA", "aptos": 4283, "imp": 0}}, {"type": "Feature", "geometry": {"type": "Point", "coordinates": [-40.213343, -20.173315]}, "properties": {"i": 1370, "mun": 56995, "ibge": 3205002, "z": 59, "l": 1066, "nm": "EEEFM ANTÔNIO ENGRÁCIO DA SILVA", "nm_mun": "SERRA", "aptos": 4191, "imp": 0}}, {"type": "Feature", "geometry": {"type": "Point", "coordinates": [-40.206868, -20.174263]}, "properties": {"i": 1371, "mun": 56995, "ibge": 3205002, "z": 59, "l": 1074, "nm": "EMEF FEU ROSA", "nm_mun": "SERRA", "aptos": 7449, "imp": 0}}, {"type": "Feature", "geometry": {"type": "Point", "coordinates": [-40.187043, -20.159028]}, "properties": {"i": 1372, "mun": 56995, "ibge": 3205002, "z": 59, "l": 1082, "nm": "EEEFM FRANCISCO NASCIMENTO (CASTELÂNDIA)", "nm_mun": "SERRA", "aptos": 3355, "imp": 0}}, {"type": "Feature", "geometry": {"type": "Point", "coordinates": [-40.187117, -20.126541]}, "properties": {"i": 1373, "mun": 56995, "ibge": 3205002, "z": 59, "l": 1090, "nm": "EEEF GERMANO ANDRÉ LUBE (BAIRRO DAS LARANJEIRAS)", "nm_mun": "SERRA", "aptos": 4803, "imp": 0}}, {"type": "Feature", "geometry": {"type": "Point", "coordinates": [-40.189962, -20.129807]}, "properties": {"i": 1374, "mun": 56995, "ibge": 3205002, "z": 59, "l": 1104, "nm": "EMEF PROF. MARIA ISTELA MODENESI", "nm_mun": "SERRA", "aptos": 4905, "imp": 0}}, {"type": "Feature", "geometry": {"type": "Point", "coordinates": [-40.192487, -20.150237]}, "properties": {"i": 1375, "mun": 56995, "ibge": 3205002, "z": 59, "l": 1112, "nm": "EMEF DOM HELDER PESSOA CÂMARA (SÃO PATRICIO)", "nm_mun": "SERRA", "aptos": 5864, "imp": 0}}, {"type": "Feature", "geometry": {"type": "Point", "coordinates": [-40.193442, -20.132524]}, "properties": {"i": 1376, "mun": 56995, "ibge": 3205002, "z": 59, "l": 1120, "nm": "EMEF LEONEL DE MOURA BRIZOLA", "nm_mun": "SERRA", "aptos": 4647, "imp": 0}}, {"type": "Feature", "geometry": {"type": "Point", "coordinates": [-40.19398, -20.198193]}, "properties": {"i": 1377, "mun": 56995, "ibge": 3205002, "z": 59, "l": 1139, "nm": "CMEI VOVÓ RITINHA", "nm_mun": "SERRA", "aptos": 1123, "imp": 0}}, {"type": "Feature", "geometry": {"type": "Point", "coordinates": [-40.193067, -20.1939]}, "properties": {"i": 1378, "mun": 56995, "ibge": 3205002, "z": 59, "l": 1147, "nm": "EEEF PREFEITO JOSÉ MARIA MIGUEL FEU ROSA", "nm_mun": "SERRA", "aptos": 1879, "imp": 0}}, {"type": "Feature", "geometry": {"type": "Point", "coordinates": [-40.200831, -20.055706]}, "properties": {"i": 1379, "mun": 56995, "ibge": 3205002, "z": 59, "l": 1155, "nm": "EMEF JULITE MIRANDA FREITAS (SERRAMAR)", "nm_mun": "SERRA", "aptos": 3180, "imp": 0}}, {"type": "Feature", "geometry": {"type": "Point", "coordinates": [-40.191375, -20.061225]}, "properties": {"i": 1380, "mun": 56995, "ibge": 3205002, "z": 59, "l": 1163, "nm": "EMEF LEONOR MIGUEL FEU ROSA (REIS MAGOS)", "nm_mun": "SERRA", "aptos": 2661, "imp": 0}}, {"type": "Feature", "geometry": {"type": "Point", "coordinates": [-40.200236, -20.044221]}, "properties": {"i": 1381, "mun": 56995, "ibge": 3205002, "z": 59, "l": 1171, "nm": "EMEF PROFESSOR  DARCY RIBEIRO", "nm_mun": "SERRA", "aptos": 5622, "imp": 0}}, {"type": "Feature", "geometry": {"type": "Point", "coordinates": [-40.248218, -20.137792]}, "properties": {"i": 1382, "mun": 56995, "ibge": 3205002, "z": 59, "l": 1180, "nm": "EEEFM FRANCISCA PEIXOTO MIGUEL", "nm_mun": "SERRA", "aptos": 3063, "imp": 0}}, {"type": "Feature", "geometry": {"type": "Point", "coordinates": [-40.208079, -20.175067]}, "properties": {"i": 1383, "mun": 56995, "ibge": 3205002, "z": 59, "l": 1198, "nm": "EEEFM MARINETE DE SOUZA LIRA", "nm_mun": "SERRA", "aptos": 6269, "imp": 0}}, {"type": "Feature", "geometry": {"type": "Point", "coordinates": [-40.24011, -20.150701]}, "properties": {"i": 1384, "mun": 56995, "ibge": 3205002, "z": 59, "l": 1201, "nm": "EMEF IRMÃ DULCE", "nm_mun": "SERRA", "aptos": 2577, "imp": 0}}, {"type": "Feature", "geometry": {"type": "Point", "coordinates": [-40.245513, -20.136086]}, "properties": {"i": 1385, "mun": 56995, "ibge": 3205002, "z": 59, "l": 1210, "nm": "EMEF SONIA REGINA GOMES REZENDE FRANCO", "nm_mun": "SERRA", "aptos": 6368, "imp": 0}}, {"type": "Feature", "geometry": {"type": "Point", "coordinates": [-40.245183, -20.141166]}, "properties": {"i": 1386, "mun": 56995, "ibge": 3205002, "z": 59, "l": 1228, "nm": "EEEFM ELICE BATISTA GÁUDIO", "nm_mun": "SERRA", "aptos": 5159, "imp": 0}}, {"type": "Feature", "geometry": {"type": "Point", "coordinates": [-40.253086, -20.136075]}, "properties": {"i": 1387, "mun": 56995, "ibge": 3205002, "z": 59, "l": 1236, "nm": "EEEF ANNA GOMES", "nm_mun": "SERRA", "aptos": 3730, "imp": 0}}, {"type": "Feature", "geometry": {"type": "Point", "coordinates": [-40.217154, -20.175787]}, "properties": {"i": 1388, "mun": 56995, "ibge": 3205002, "z": 59, "l": 1244, "nm": "EMEF VALÉRIA MARIA MIRANDA", "nm_mun": "SERRA", "aptos": 6424, "imp": 0}}, {"type": "Feature", "geometry": {"type": "Point", "coordinates": [-40.205767, -20.219069]}, "properties": {"i": 1389, "mun": 56995, "ibge": 3205002, "z": 59, "l": 1252, "nm": "CMEI SANDRA MARIA NEPOMUCENO DALLABERNARDINA", "nm_mun": "SERRA", "aptos": 2426, "imp": 0}}, {"type": "Feature", "geometry": {"type": "Point", "coordinates": [-40.188895, -20.141462]}, "properties": {"i": 1390, "mun": 56995, "ibge": 3205002, "z": 59, "l": 1279, "nm": "EMEF NEUSA MARIA PEYNEAU", "nm_mun": "SERRA", "aptos": 3378, "imp": 0}}, {"type": "Feature", "geometry": {"type": "Point", "coordinates": [-40.186776, -20.16317]}, "properties": {"i": 1391, "mun": 56995, "ibge": 3205002, "z": 59, "l": 1287, "nm": "COLÉGIO REDE ALTERNATIVO UNIDADE JACARAÍPE", "nm_mun": "SERRA", "aptos": 3007, "imp": 0}}, {"type": "Feature", "geometry": {"type": "Point", "coordinates": [-40.198083, -20.057158]}, "properties": {"i": 1392, "mun": 56995, "ibge": 3205002, "z": 59, "l": 1295, "nm": "EMEF VALERIANA ROSA CEZAR", "nm_mun": "SERRA", "aptos": 2252, "imp": 0}}, {"type": "Feature", "geometry": {"type": "Point", "coordinates": [-40.232151, -20.185037]}, "properties": {"i": 1393, "mun": 56995, "ibge": 3205002, "z": 59, "l": 1309, "nm": "EMEF MARIA ANSELMO", "nm_mun": "SERRA", "aptos": 781, "imp": 0}}, {"type": "Feature", "geometry": {"type": "Point", "coordinates": [-40.224701, -20.222067]}, "properties": {"i": 1394, "mun": 56995, "ibge": 3205002, "z": 59, "l": 1317, "nm": "EEEF FRANCISCO ALVES MENDES", "nm_mun": "SERRA", "aptos": 2338, "imp": 0}}, {"type": "Feature", "geometry": {"type": "Point", "coordinates": [-40.206819, -20.17535]}, "properties": {"i": 1395, "mun": 56995, "ibge": 3205002, "z": 59, "l": 1325, "nm": "EMEF ABEL BEZERRA", "nm_mun": "SERRA", "aptos": 3016, "imp": 0}}, {"type": "Feature", "geometry": {"type": "Point", "coordinates": [-40.187228, -20.126098]}, "properties": {"i": 1396, "mun": 56995, "ibge": 3205002, "z": 59, "l": 1333, "nm": "CMEI PROFESSORA VERA LUCIA LORENÇON BARCELOS", "nm_mun": "SERRA", "aptos": 2398, "imp": 0}}, {"type": "Feature", "geometry": {"type": "Point", "coordinates": [-39.766167, -18.730532]}, "properties": {"i": 1397, "mun": 56995, "ibge": 3205002, "z": 59, "l": 1341, "nm": "COLÉGIO LINUS PAULING", "nm_mun": "SERRA", "aptos": 2032, "imp": 1}}, {"type": "Feature", "geometry": {"type": "Point", "coordinates": [-40.198083, -20.057158]}, "properties": {"i": 1398, "mun": 56995, "ibge": 3205002, "z": 59, "l": 1350, "nm": "EEEFM JACARAÍPE", "nm_mun": "SERRA", "aptos": 3746, "imp": 1}}, {"type": "Feature", "geometry": {"type": "Point", "coordinates": [-40.206819, -20.17535]}, "properties": {"i": 1399, "mun": 56995, "ibge": 3205002, "z": 59, "l": 1368, "nm": "EEEFM VILA NOVA DE COLARES", "nm_mun": "SERRA", "aptos": 1671, "imp": 1}}, {"type": "Feature", "geometry": {"type": "Point", "coordinates": [-40.498995, -20.395323]}, "properties": {"i": 1400, "mun": 57010, "ibge": 3205101, "z": 47, "l": 1015, "nm": "EMEF PADRE ANTUNES SIQUEIRA", "nm_mun": "VIANA", "aptos": 1456, "imp": 0}}, {"type": "Feature", "geometry": {"type": "Point", "coordinates": [-40.45743, -20.37745]}, "properties": {"i": 1401, "mun": 57010, "ibge": 3205101, "z": 47, "l": 1023, "nm": "UNIDADE DE SAÚDE BAIRRO RIBEIRA", "nm_mun": "VIANA", "aptos": 621, "imp": 0}}, {"type": "Feature", "geometry": {"type": "Point", "coordinates": [-40.471047, -20.390881]}, "properties": {"i": 1402, "mun": 57010, "ibge": 3205101, "z": 47, "l": 1031, "nm": "EMEF DORIVAL BRANDÃO", "nm_mun": "VIANA", "aptos": 2272, "imp": 0}}, {"type": "Feature", "geometry": {"type": "Point", "coordinates": [-40.495767, -20.389883]}, "properties": {"i": 1403, "mun": 57010, "ibge": 3205101, "z": 47, "l": 1058, "nm": "CMEI PROFESSORA BILUCA", "nm_mun": "VIANA", "aptos": 1050, "imp": 0}}, {"type": "Feature", "geometry": {"type": "Point", "coordinates": [-40.496494, -20.391889]}, "properties": {"i": 1404, "mun": 57010, "ibge": 3205101, "z": 47, "l": 1074, "nm": "EEEF NELSON VIEIRA PIMENTEL", "nm_mun": "VIANA", "aptos": 2850, "imp": 0}}, {"type": "Feature", "geometry": {"type": "Point", "coordinates": [-40.446449, -20.36028]}, "properties": {"i": 1405, "mun": 57010, "ibge": 3205101, "z": 47, "l": 1082, "nm": "EMEF ADAMASTOR FURTADO", "nm_mun": "VIANA", "aptos": 3180, "imp": 0}}, {"type": "Feature", "geometry": {"type": "Point", "coordinates": [-40.437327, -20.359748]}, "properties": {"i": 1406, "mun": 57010, "ibge": 3205101, "z": 47, "l": 1090, "nm": "EMEF FRANCISCO DE ASSIS PEREIRA", "nm_mun": "VIANA", "aptos": 2094, "imp": 0}}, {"type": "Feature", "geometry": {"type": "Point", "coordinates": [-40.427677, -20.354685]}, "properties": {"i": 1407, "mun": 57010, "ibge": 3205101, "z": 47, "l": 1104, "nm": "EMEF DR. ARCÍLIO TONONI", "nm_mun": "VIANA", "aptos": 1626, "imp": 0}}, {"type": "Feature", "geometry": {"type": "Point", "coordinates": [-40.424395, -20.347707]}, "properties": {"i": 1408, "mun": 57010, "ibge": 3205101, "z": 47, "l": 1112, "nm": "EMEF CONSTANTINO JOSÉ VIEIRA", "nm_mun": "VIANA", "aptos": 2896, "imp": 0}}, {"type": "Feature", "geometry": {"type": "Point", "coordinates": [-40.420406, -20.344457]}, "properties": {"i": 1409, "mun": 57010, "ibge": 3205101, "z": 47, "l": 1120, "nm": "EMEF DR. DENIZART SANTOS", "nm_mun": "VIANA", "aptos": 1561, "imp": 0}}, {"type": "Feature", "geometry": {"type": "Point", "coordinates": [-40.404605, -20.361616]}, "properties": {"i": 1410, "mun": 57010, "ibge": 3205101, "z": 47, "l": 1139, "nm": "EEEFM MARIA DE NOVAES PINHEIRO", "nm_mun": "VIANA", "aptos": 2416, "imp": 0}}, {"type": "Feature", "geometry": {"type": "Point", "coordinates": [-40.404902, -20.385629]}, "properties": {"i": 1411, "mun": 57010, "ibge": 3205101, "z": 47, "l": 1147, "nm": "EMEF ULISSES DOS SANTOS FILHO", "nm_mun": "VIANA", "aptos": 1097, "imp": 0}}, {"type": "Feature", "geometry": {"type": "Point", "coordinates": [-40.420522, -20.368433]}, "properties": {"i": 1412, "mun": 57010, "ibge": 3205101, "z": 47, "l": 1155, "nm": "EMEF TANCREDO DE ALMEIDA NEVES", "nm_mun": "VIANA", "aptos": 4298, "imp": 0}}, {"type": "Feature", "geometry": {"type": "Point", "coordinates": [-40.430624, -20.372266]}, "properties": {"i": 1413, "mun": 57010, "ibge": 3205101, "z": 47, "l": 1163, "nm": "EMEF EUZÉLIA LYRIO", "nm_mun": "VIANA", "aptos": 904, "imp": 0}}, {"type": "Feature", "geometry": {"type": "Point", "coordinates": [-40.422478, -20.367125]}, "properties": {"i": 1414, "mun": 57010, "ibge": 3205101, "z": 47, "l": 1171, "nm": "EMEF JOÃO PAULO SOBRINHO", "nm_mun": "VIANA", "aptos": 1731, "imp": 0}}, {"type": "Feature", "geometry": {"type": "Point", "coordinates": [-40.488175, -20.462128]}, "properties": {"i": 1415, "mun": 57010, "ibge": 3205101, "z": 47, "l": 1180, "nm": "EMEF DE ARAÇATIBA", "nm_mun": "VIANA", "aptos": 853, "imp": 0}}, {"type": "Feature", "geometry": {"type": "Point", "coordinates": [-40.461274, -20.422274]}, "properties": {"i": 1416, "mun": 57010, "ibge": 3205101, "z": 47, "l": 1198, "nm": "EMEF ORESTES SOUTO NOVAES", "nm_mun": "VIANA", "aptos": 2036, "imp": 0}}, {"type": "Feature", "geometry": {"type": "Point", "coordinates": [-40.426015, -20.368834]}, "properties": {"i": 1417, "mun": 57010, "ibge": 3205101, "z": 47, "l": 1210, "nm": "CMEI ADÉLIA DE OLIVEIRA SILVA", "nm_mun": "VIANA", "aptos": 779, "imp": 0}}, {"type": "Feature", "geometry": {"type": "Point", "coordinates": [-40.447453, -20.359441]}, "properties": {"i": 1418, "mun": 57010, "ibge": 3205101, "z": 47, "l": 1228, "nm": "CMEI LOURDES MARIA CARVALHO CAPDEVILLE", "nm_mun": "VIANA", "aptos": 1042, "imp": 0}}, {"type": "Feature", "geometry": {"type": "Point", "coordinates": [-40.454057, -20.360855]}, "properties": {"i": 1419, "mun": 57010, "ibge": 3205101, "z": 47, "l": 1236, "nm": "EMEF ALVIMAR SILVA", "nm_mun": "VIANA", "aptos": 1831, "imp": 0}}, {"type": "Feature", "geometry": {"type": "Point", "coordinates": [-40.481608, -20.346165]}, "properties": {"i": 1420, "mun": 57010, "ibge": 3205101, "z": 47, "l": 1260, "nm": "EMUEF AILA PAIVA LUBE", "nm_mun": "VIANA", "aptos": 253, "imp": 0}}, {"type": "Feature", "geometry": {"type": "Point", "coordinates": [-40.40506, -20.362985]}, "properties": {"i": 1421, "mun": 57010, "ibge": 3205101, "z": 47, "l": 1279, "nm": "CMEI MARIA DE LOURDES COUTINHO PASSOS - MATRIZ", "nm_mun": "VIANA", "aptos": 1354, "imp": 0}}, {"type": "Feature", "geometry": {"type": "Point", "coordinates": [-40.417538, -20.371446]}, "properties": {"i": 1422, "mun": 57010, "ibge": 3205101, "z": 47, "l": 1287, "nm": "CMEI MANOEL EVÊNCIO DE OLIVEIRA", "nm_mun": "VIANA", "aptos": 1461, "imp": 0}}, {"type": "Feature", "geometry": {"type": "Point", "coordinates": [-40.512687, -20.35411]}, "properties": {"i": 1423, "mun": 57010, "ibge": 3205101, "z": 47, "l": 1309, "nm": "EMPEF NALY FREITAS DO SACRAMENTO", "nm_mun": "VIANA", "aptos": 388, "imp": 0}}, {"type": "Feature", "geometry": {"type": "Point", "coordinates": [-40.43208, -20.341681]}, "properties": {"i": 1424, "mun": 57010, "ibge": 3205101, "z": 47, "l": 1325, "nm": "EMEF WASHINGTON MARTINS FILHO", "nm_mun": "VIANA", "aptos": 733, "imp": 0}}, {"type": "Feature", "geometry": {"type": "Point", "coordinates": [-40.428207, -20.345662]}, "properties": {"i": 1425, "mun": 57010, "ibge": 3205101, "z": 47, "l": 1333, "nm": "EMEF MARCÍLIO DE NORONHA", "nm_mun": "VIANA", "aptos": 1705, "imp": 0}}, {"type": "Feature", "geometry": {"type": "Point", "coordinates": [-40.427328, -20.345793]}, "properties": {"i": 1426, "mun": 57010, "ibge": 3205101, "z": 47, "l": 1341, "nm": "CMEI CALYPIO SIQUEIRA ROCHA", "nm_mun": "VIANA", "aptos": 646, "imp": 0}}, {"type": "Feature", "geometry": {"type": "Point", "coordinates": [-40.42503, -20.362942]}, "properties": {"i": 1427, "mun": 57010, "ibge": 3205101, "z": 47, "l": 1350, "nm": "EMEF SOTECO", "nm_mun": "VIANA", "aptos": 1169, "imp": 0}}, {"type": "Feature", "geometry": {"type": "Point", "coordinates": [-40.421149, -20.363862]}, "properties": {"i": 1428, "mun": 57010, "ibge": 3205101, "z": 47, "l": 1368, "nm": "EMEF GISLENE SILVA QUEIROZ", "nm_mun": "VIANA", "aptos": 734, "imp": 0}}, {"type": "Feature", "geometry": {"type": "Point", "coordinates": [-40.42415, -20.347185]}, "properties": {"i": 1429, "mun": 57010, "ibge": 3205101, "z": 47, "l": 1376, "nm": "EEEM IRMÃ DULCE LOPES PONTES", "nm_mun": "VIANA", "aptos": 4119, "imp": 0}}, {"type": "Feature", "geometry": {"type": "Point", "coordinates": [-39.948572, -18.781758]}, "properties": {"i": 1430, "mun": 57010, "ibge": 3205101, "z": 47, "l": 1392, "nm": "IGREJA ASSEMBLÉIA DE DEUS", "nm_mun": "VIANA", "aptos": 22, "imp": 1}}, {"type": "Feature", "geometry": {"type": "Point", "coordinates": [-40.481606, -20.346109]}, "properties": {"i": 1431, "mun": 57010, "ibge": 3205101, "z": 47, "l": 1406, "nm": "EMPEF LUIZ LUBE", "nm_mun": "VIANA", "aptos": 275, "imp": 0}}, {"type": "Feature", "geometry": {"type": "Point", "coordinates": [-40.426668, -20.377256]}, "properties": {"i": 1432, "mun": 57010, "ibge": 3205101, "z": 47, "l": 1430, "nm": "CMEI JOANA BATISTA CHAGAS", "nm_mun": "VIANA", "aptos": 760, "imp": 0}}, {"type": "Feature", "geometry": {"type": "Point", "coordinates": [-40.438381, -20.357679]}, "properties": {"i": 1433, "mun": 57010, "ibge": 3205101, "z": 47, "l": 1473, "nm": "CMEI MARIA ANTÔNIA DE SOUZA BRAVIM", "nm_mun": "VIANA", "aptos": 1390, "imp": 0}}, {"type": "Feature", "geometry": {"type": "Point", "coordinates": [-40.417758, -20.36688]}, "properties": {"i": 1434, "mun": 57010, "ibge": 3205101, "z": 47, "l": 1481, "nm": "EEEFM EWERTON MONTENEGRO GUIMARÃES", "nm_mun": "VIANA", "aptos": 387, "imp": 0}}, {"type": "Feature", "geometry": {"type": "Point", "coordinates": [-40.410148, -20.373269]}, "properties": {"i": 1435, "mun": 57010, "ibge": 3205101, "z": 47, "l": 1490, "nm": "EMEF PROF. DIVANETA LESSSA MORAES (CAÍQUE)", "nm_mun": "VIANA", "aptos": 392, "imp": 0}}, {"type": "Feature", "geometry": {"type": "Point", "coordinates": [-40.40506, -20.362985]}, "properties": {"i": 1436, "mun": 57010, "ibge": 3205101, "z": 47, "l": 1503, "nm": "CMEI MARIA DE LOURDES COUTINHO PASSOS - ANEXO", "nm_mun": "VIANA", "aptos": 2034, "imp": 0}}, {"type": "Feature", "geometry": {"type": "Point", "coordinates": [-40.323233, -20.339272]}, "properties": {"i": 1437, "mun": 57037, "ibge": 3205200, "z": 32, "l": 1066, "nm": "CEEFMTI ASSISOLINA ASSIS ANDRADE", "nm_mun": "VILA VELHA", "aptos": 6174, "imp": 0}}, {"type": "Feature", "geometry": {"type": "Point", "coordinates": [-40.320571, -20.340281]}, "properties": {"i": 1438, "mun": 57037, "ibge": 3205200, "z": 32, "l": 1074, "nm": "UMEF OFÉLIA ESCOBAR", "nm_mun": "VILA VELHA", "aptos": 3318, "imp": 0}}, {"type": "Feature", "geometry": {"type": "Point", "coordinates": [-40.343694, -20.327209]}, "properties": {"i": 1439, "mun": 57037, "ibge": 3205200, "z": 32, "l": 1082, "nm": "UMEF ANA BERNARDES ROCHA", "nm_mun": "VILA VELHA", "aptos": 2227, "imp": 0}}, {"type": "Feature", "geometry": {"type": "Point", "coordinates": [-40.292082, -20.345438]}, "properties": {"i": 1440, "mun": 57037, "ibge": 3205200, "z": 32, "l": 1090, "nm": "UMEF PROFESSOR LUIZ MALIZECK", "nm_mun": "VILA VELHA", "aptos": 1581, "imp": 0}}, {"type": "Feature", "geometry": {"type": "Point", "coordinates": [-40.288567, -20.348296]}, "properties": {"i": 1441, "mun": 57037, "ibge": 3205200, "z": 32, "l": 1236, "nm": "CENTRO CASTRO ALVES DE ENSINO", "nm_mun": "VILA VELHA", "aptos": 4885, "imp": 0}}, {"type": "Feature", "geometry": {"type": "Point", "coordinates": [-40.308418, -20.336737]}, "properties": {"i": 1442, "mun": 57037, "ibge": 3205200, "z": 32, "l": 1252, "nm": "UMEF DESEMBARGADOR FERREIRA COELHO", "nm_mun": "VILA VELHA", "aptos": 3626, "imp": 0}}, {"type": "Feature", "geometry": {"type": "Point", "coordinates": [-40.3084, -20.337]}, "properties": {"i": 1443, "mun": 57037, "ibge": 3205200, "z": 32, "l": 1260, "nm": "UMEF NAYDES BRANDÃO", "nm_mun": "VILA VELHA", "aptos": 2146, "imp": 0}}, {"type": "Feature", "geometry": {"type": "Point", "coordinates": [-40.3126, -20.332415]}, "properties": {"i": 1444, "mun": 57037, "ibge": 3205200, "z": 32, "l": 1287, "nm": "EEEFM LUIZ MANOEL VELLOZO", "nm_mun": "VILA VELHA", "aptos": 3776, "imp": 0}}, {"type": "Feature", "geometry": {"type": "Point", "coordinates": [-40.332381, -20.335404]}, "properties": {"i": 1445, "mun": 57037, "ibge": 3205200, "z": 32, "l": 1333, "nm": "UMEF ANTÔNIA MALBAR", "nm_mun": "VILA VELHA", "aptos": 2171, "imp": 0}}, {"type": "Feature", "geometry": {"type": "Point", "coordinates": [-40.341631, -20.333198]}, "properties": {"i": 1446, "mun": 57037, "ibge": 3205200, "z": 32, "l": 1341, "nm": "UMEI BASÍLIO COSTALONGA", "nm_mun": "VILA VELHA", "aptos": 1174, "imp": 0}}, {"type": "Feature", "geometry": {"type": "Point", "coordinates": [-40.302185, -20.332782]}, "properties": {"i": 1447, "mun": 57037, "ibge": 3205200, "z": 32, "l": 1376, "nm": "UMEFTI  PROF. ELSON JOSÉ DE SOUZA", "nm_mun": "VILA VELHA", "aptos": 2722, "imp": 0}}, {"type": "Feature", "geometry": {"type": "Point", "coordinates": [-40.294015, -20.347969]}, "properties": {"i": 1448, "mun": 57037, "ibge": 3205200, "z": 32, "l": 1392, "nm": "UNIÃO DE PROFESSORES LTDA - ANTIGO COLÉGIO UP", "nm_mun": "VILA VELHA", "aptos": 7485, "imp": 0}}, {"type": "Feature", "geometry": {"type": "Point", "coordinates": [-40.337198, -20.329633]}, "properties": {"i": 1449, "mun": 57037, "ibge": 3205200, "z": 32, "l": 1430, "nm": "UMEF GRACIANO NEVES", "nm_mun": "VILA VELHA", "aptos": 2975, "imp": 0}}, {"type": "Feature", "geometry": {"type": "Point", "coordinates": [-40.275028, -20.329394]}, "properties": {"i": 1450, "mun": 57037, "ibge": 3205200, "z": 32, "l": 1457, "nm": "COLÉGIO BATISTA BRASIL - ANTIGO AMERICANO BATISTA", "nm_mun": "VILA VELHA", "aptos": 7773, "imp": 0}}, {"type": "Feature", "geometry": {"type": "Point", "coordinates": [-40.284751, -20.335199]}, "properties": {"i": 1451, "mun": 57037, "ibge": 3205200, "z": 32, "l": 1473, "nm": "COMUNIDADE NOSSA SENHORA PERPÉTUO SOCORRO", "nm_mun": "VILA VELHA", "aptos": 1932, "imp": 0}}, {"type": "Feature", "geometry": {"type": "Point", "coordinates": [-40.29331, -20.333868]}, "properties": {"i": 1452, "mun": 57037, "ibge": 3205200, "z": 32, "l": 1597, "nm": "COLÉGIO SÃO JOSÉ", "nm_mun": "VILA VELHA", "aptos": 6268, "imp": 0}}, {"type": "Feature", "geometry": {"type": "Point", "coordinates": [-40.292778, -20.329857]}, "properties": {"i": 1453, "mun": 57037, "ibge": 3205200, "z": 32, "l": 1600, "nm": "EEEM GODOFREDO SCHNEIDER", "nm_mun": "VILA VELHA", "aptos": 877, "imp": 0}}, {"type": "Feature", "geometry": {"type": "Point", "coordinates": [-40.32106, -20.4073]}, "properties": {"i": 1454, "mun": 57037, "ibge": 3205200, "z": 32, "l": 1619, "nm": "ELITE REDE DE ENSINO - ANTIGO CONTEC", "nm_mun": "VILA VELHA", "aptos": 2660, "imp": 0}}, {"type": "Feature", "geometry": {"type": "Point", "coordinates": [-40.290875, -20.33627]}, "properties": {"i": 1455, "mun": 57037, "ibge": 3205200, "z": 32, "l": 1627, "nm": "COLÉGIO MARISTA NOSSA SENHORA DA PENHA", "nm_mun": "VILA VELHA", "aptos": 8859, "imp": 0}}, {"type": "Feature", "geometry": {"type": "Point", "coordinates": [-40.289591, -20.347287]}, "properties": {"i": 1456, "mun": 57037, "ibge": 3205200, "z": 32, "l": 1660, "nm": "UMEF PROFESSOR THELMO TORRES", "nm_mun": "VILA VELHA", "aptos": 3932, "imp": 0}}, {"type": "Feature", "geometry": {"type": "Point", "coordinates": [-40.336906, -20.337646]}, "properties": {"i": 1457, "mun": 57037, "ibge": 3205200, "z": 32, "l": 1694, "nm": "EEEFM ADOLFINA ZAMPROGNO", "nm_mun": "VILA VELHA", "aptos": 5683, "imp": 0}}, {"type": "Feature", "geometry": {"type": "Point", "coordinates": [-40.339874, -20.340797]}, "properties": {"i": 1458, "mun": 57037, "ibge": 3205200, "z": 32, "l": 1708, "nm": "UMEF ANTÔNIO BEZERRA DE FARIAS", "nm_mun": "VILA VELHA", "aptos": 3328, "imp": 0}}, {"type": "Feature", "geometry": {"type": "Point", "coordinates": [-40.334308, -20.332768]}, "properties": {"i": 1459, "mun": 57037, "ibge": 3205200, "z": 32, "l": 1848, "nm": "EEEM DR. FRANCISCO FREITAS LIMA", "nm_mun": "VILA VELHA", "aptos": 2072, "imp": 0}}, {"type": "Feature", "geometry": {"type": "Point", "coordinates": [-40.334227, -20.334724]}, "properties": {"i": 1460, "mun": 57037, "ibge": 3205200, "z": 32, "l": 1864, "nm": "UMEF MÁRIO CASANOVA", "nm_mun": "VILA VELHA", "aptos": 1783, "imp": 0}}, {"type": "Feature", "geometry": {"type": "Point", "coordinates": [-40.334955, -20.331592]}, "properties": {"i": 1461, "mun": 57037, "ibge": 3205200, "z": 32, "l": 2020, "nm": "UMEFTI MACIONÍLIA MAURÍCIO BUENO", "nm_mun": "VILA VELHA", "aptos": 449, "imp": 0}}, {"type": "Feature", "geometry": {"type": "Point", "coordinates": [-40.283245, -20.334174]}, "properties": {"i": 1462, "mun": 57037, "ibge": 3205200, "z": 32, "l": 2046, "nm": "COLÉGIO MESSINA", "nm_mun": "VILA VELHA", "aptos": 1915, "imp": 0}}, {"type": "Feature", "geometry": {"type": "Point", "coordinates": [-40.298838, -20.346149]}, "properties": {"i": 1463, "mun": 57037, "ibge": 3205200, "z": 32, "l": 2054, "nm": "EEEFM AGENOR DE SOUZA LÉ", "nm_mun": "VILA VELHA", "aptos": 3298, "imp": 0}}, {"type": "Feature", "geometry": {"type": "Point", "coordinates": [-40.301219, -20.339466]}, "properties": {"i": 1464, "mun": 57037, "ibge": 3205200, "z": 32, "l": 2062, "nm": "UMEF IRMÃ FELICIANA GARCIA", "nm_mun": "VILA VELHA", "aptos": 1793, "imp": 0}}, {"type": "Feature", "geometry": {"type": "Point", "coordinates": [-40.292977, -20.349491]}, "properties": {"i": 1465, "mun": 57037, "ibge": 3205200, "z": 32, "l": 2070, "nm": "COLÉGIO CEIC", "nm_mun": "VILA VELHA", "aptos": 3274, "imp": 0}}, {"type": "Feature", "geometry": {"type": "Point", "coordinates": [-40.291384, -20.347308]}, "properties": {"i": 1466, "mun": 57037, "ibge": 3205200, "z": 32, "l": 2089, "nm": "COLÉGIO PIO XII", "nm_mun": "VILA VELHA", "aptos": 3806, "imp": 0}}, {"type": "Feature", "geometry": {"type": "Point", "coordinates": [-40.2844, -20.33294]}, "properties": {"i": 1467, "mun": 57037, "ibge": 3205200, "z": 32, "l": 2097, "nm": "NEP NÚCLEO EDUCACIONAL PRAIA DA COSTA", "nm_mun": "VILA VELHA", "aptos": 4849, "imp": 0}}, {"type": "Feature", "geometry": {"type": "Point", "coordinates": [-40.341569, -20.433272]}, "properties": {"i": 1468, "mun": 57037, "ibge": 3205200, "z": 32, "l": 2119, "nm": "IGREJA BATISTA DA GLÓRIA", "nm_mun": "VILA VELHA", "aptos": 673, "imp": 0}}, {"type": "Feature", "geometry": {"type": "Point", "coordinates": [-40.282596, -20.338154]}, "properties": {"i": 1469, "mun": 57037, "ibge": 3205200, "z": 32, "l": 2127, "nm": "CENTRO EDUCACIONAL PRAIA DA COSTA", "nm_mun": "VILA VELHA", "aptos": 2689, "imp": 0}}, {"type": "Feature", "geometry": {"type": "Point", "coordinates": [-40.273876, -20.328076]}, "properties": {"i": 1470, "mun": 57037, "ibge": 3205200, "z": 32, "l": 2135, "nm": "UMEITI CASULO VOVÔ", "nm_mun": "VILA VELHA", "aptos": 927, "imp": 0}}, {"type": "Feature", "geometry": {"type": "Point", "coordinates": [-40.319234, -20.337597]}, "properties": {"i": 1471, "mun": 57037, "ibge": 3205200, "z": 32, "l": 2143, "nm": "UMEI MARIA DA GLÓRIA RAUTA", "nm_mun": "VILA VELHA", "aptos": 568, "imp": 0}}, {"type": "Feature", "geometry": {"type": "Point", "coordinates": [-40.32941, -20.382856]}, "properties": {"i": 1472, "mun": 57037, "ibge": 3205200, "z": 55, "l": 1015, "nm": "EPG MARINA BARCELLOS SILVEIRA", "nm_mun": "VILA VELHA", "aptos": 5007, "imp": 0}}, {"type": "Feature", "geometry": {"type": "Point", "coordinates": [-40.328449, -20.42169]}, "properties": {"i": 1473, "mun": 57037, "ibge": 3205200, "z": 55, "l": 1023, "nm": "UMEF - DR TUFFY NADER", "nm_mun": "VILA VELHA", "aptos": 4018, "imp": 0}}, {"type": "Feature", "geometry": {"type": "Point", "coordinates": [-40.285134, -20.336186]}, "properties": {"i": 1474, "mun": 57037, "ibge": 3205200, "z": 55, "l": 1040, "nm": "UNIVERSIDADE VILA VELHA", "nm_mun": "VILA VELHA", "aptos": 8048, "imp": 0}}, {"type": "Feature", "geometry": {"type": "Point", "coordinates": [-40.321241, -20.378169]}, "properties": {"i": 1475, "mun": 57037, "ibge": 3205200, "z": 55, "l": 1120, "nm": "EPG ZALUAR DIAS", "nm_mun": "VILA VELHA", "aptos": 2927, "imp": 0}}, {"type": "Feature", "geometry": {"type": "Point", "coordinates": [-40.3139, -20.375456]}, "properties": {"i": 1476, "mun": 57037, "ibge": 3205200, "z": 55, "l": 1155, "nm": "UMEF SENADOR JOÃO DE MEDEIROS CALMON", "nm_mun": "VILA VELHA", "aptos": 5498, "imp": 0}}, {"type": "Feature", "geometry": {"type": "Point", "coordinates": [-40.30933, -20.36375]}, "properties": {"i": 1477, "mun": 57037, "ibge": 3205200, "z": 55, "l": 1163, "nm": "NEP - NUCLEO EDUCACIONAL PIAGET", "nm_mun": "VILA VELHA", "aptos": 4290, "imp": 0}}, {"type": "Feature", "geometry": {"type": "Point", "coordinates": [-40.317273, -20.362112]}, "properties": {"i": 1478, "mun": 57037, "ibge": 3205200, "z": 55, "l": 1171, "nm": "UMEF RICARDINA STAMATO DA FONSECA", "nm_mun": "VILA VELHA", "aptos": 2838, "imp": 0}}, {"type": "Feature", "geometry": {"type": "Point", "coordinates": [-40.320062, -20.368661]}, "properties": {"i": 1479, "mun": 57037, "ibge": 3205200, "z": 55, "l": 1201, "nm": "EPSG CATHARINA CHEQUER", "nm_mun": "VILA VELHA", "aptos": 4815, "imp": 0}}, {"type": "Feature", "geometry": {"type": "Point", "coordinates": [-40.3102, -20.359351]}, "properties": {"i": 1480, "mun": 57037, "ibge": 3205200, "z": 55, "l": 1244, "nm": "UMEF ANTÔNIO DE BARCELOS", "nm_mun": "VILA VELHA", "aptos": 1765, "imp": 0}}, {"type": "Feature", "geometry": {"type": "Point", "coordinates": [-40.352155, -20.445198]}, "properties": {"i": 1481, "mun": 57037, "ibge": 3205200, "z": 55, "l": 1287, "nm": "EPG TERRA VERMELHA", "nm_mun": "VILA VELHA", "aptos": 4504, "imp": 0}}, {"type": "Feature", "geometry": {"type": "Point", "coordinates": [-40.350424, -20.373319]}, "properties": {"i": 1482, "mun": 57037, "ibge": 3205200, "z": 55, "l": 1317, "nm": "UMEF EZEQUIEL LEAL", "nm_mun": "VILA VELHA", "aptos": 3394, "imp": 0}}, {"type": "Feature", "geometry": {"type": "Point", "coordinates": [-40.313446, -20.366067]}, "properties": {"i": 1483, "mun": 57037, "ibge": 3205200, "z": 55, "l": 1325, "nm": "EEEFM MAURA ABAURRE", "nm_mun": "VILA VELHA", "aptos": 2518, "imp": 0}}, {"type": "Feature", "geometry": {"type": "Point", "coordinates": [-40.361315, -20.517273]}, "properties": {"i": 1484, "mun": 57037, "ibge": 3205200, "z": 55, "l": 1341, "nm": "EEEFM JUDITH DA SILVA GOES COUTINHO", "nm_mun": "VILA VELHA", "aptos": 2631, "imp": 0}}, {"type": "Feature", "geometry": {"type": "Point", "coordinates": [-40.307553, -20.372563]}, "properties": {"i": 1485, "mun": 57037, "ibge": 3205200, "z": 55, "l": 1350, "nm": "EEEFM FRANCELINA CARNEIRO SETÚBAL", "nm_mun": "VILA VELHA", "aptos": 5503, "imp": 0}}, {"type": "Feature", "geometry": {"type": "Point", "coordinates": [-40.310373, -20.378623]}, "properties": {"i": 1486, "mun": 57037, "ibge": 3205200, "z": 55, "l": 1430, "nm": "CENTRO EDUCACIONAL OCEANO ATLÂNTICO", "nm_mun": "VILA VELHA", "aptos": 1827, "imp": 0}}, {"type": "Feature", "geometry": {"type": "Point", "coordinates": [-40.339451, -20.441406]}, "properties": {"i": 1487, "mun": 57037, "ibge": 3205200, "z": 55, "l": 1449, "nm": "UMEF ILHA DA JUSSARA", "nm_mun": "VILA VELHA", "aptos": 5013, "imp": 0}}, {"type": "Feature", "geometry": {"type": "Point", "coordinates": [-40.363167, -20.431577]}, "properties": {"i": 1488, "mun": 57037, "ibge": 3205200, "z": 55, "l": 1457, "nm": "UMEF - PROF.  DARCY RIBEIRO", "nm_mun": "VILA VELHA", "aptos": 3694, "imp": 0}}, {"type": "Feature", "geometry": {"type": "Point", "coordinates": [-40.443984, -20.483723]}, "properties": {"i": 1489, "mun": 57037, "ibge": 3205200, "z": 55, "l": 1490, "nm": "UMEF REVERENDO WALDOMIRO", "nm_mun": "VILA VELHA", "aptos": 527, "imp": 0}}, {"type": "Feature", "geometry": {"type": "Point", "coordinates": [-40.305444, -20.363871]}, "properties": {"i": 1490, "mun": 57037, "ibge": 3205200, "z": 55, "l": 1503, "nm": "ESCOLA SEB VILA VELHA", "nm_mun": "VILA VELHA", "aptos": 10262, "imp": 0}}, {"type": "Feature", "geometry": {"type": "Point", "coordinates": [-40.321107, -20.381792]}, "properties": {"i": 1491, "mun": 57037, "ibge": 3205200, "z": 55, "l": 1520, "nm": "UMEF MARIA LUIZA DOS SANTOS VELLOZO", "nm_mun": "VILA VELHA", "aptos": 2384, "imp": 0}}, {"type": "Feature", "geometry": {"type": "Point", "coordinates": [-40.326896, -20.42491]}, "properties": {"i": 1492, "mun": 57037, "ibge": 3205200, "z": 55, "l": 1538, "nm": "EEEFM MARCÍLIO DIAS", "nm_mun": "VILA VELHA", "aptos": 2202, "imp": 0}}, {"type": "Feature", "geometry": {"type": "Point", "coordinates": [-40.354224, -20.371407]}, "properties": {"i": 1493, "mun": 57037, "ibge": 3205200, "z": 55, "l": 1554, "nm": "UMEF JOFFRE FRAGA", "nm_mun": "VILA VELHA", "aptos": 5718, "imp": 0}}, {"type": "Feature", "geometry": {"type": "Point", "coordinates": [-40.33764, -20.435059]}, "properties": {"i": 1494, "mun": 57037, "ibge": 3205200, "z": 55, "l": 1562, "nm": "UMEF ALGER RIBEIRO BOSSOIS", "nm_mun": "VILA VELHA", "aptos": 4135, "imp": 0}}, {"type": "Feature", "geometry": {"type": "Point", "coordinates": [-40.346969, -20.437056]}, "properties": {"i": 1495, "mun": 57037, "ibge": 3205200, "z": 55, "l": 1775, "nm": "UMEI - SARAH VICTALINO GUEIROS", "nm_mun": "VILA VELHA", "aptos": 3430, "imp": 0}}, {"type": "Feature", "geometry": {"type": "Point", "coordinates": [-40.317124, -20.369591]}, "properties": {"i": 1496, "mun": 57037, "ibge": 3205200, "z": 55, "l": 1783, "nm": "UMEI TIA NINA", "nm_mun": "VILA VELHA", "aptos": 2907, "imp": 0}}, {"type": "Feature", "geometry": {"type": "Point", "coordinates": [-40.353614, -20.444392]}, "properties": {"i": 1497, "mun": 57037, "ibge": 3205200, "z": 55, "l": 1813, "nm": "COMUNIDADE SANTA TEREZA D'AVILA", "nm_mun": "VILA VELHA", "aptos": 722, "imp": 0}}, {"type": "Feature", "geometry": {"type": "Point", "coordinates": [-40.307327, -20.36228]}, "properties": {"i": 1498, "mun": 57037, "ibge": 3205200, "z": 55, "l": 1821, "nm": "UMEF RAYMUNDA DE MENDONÇA", "nm_mun": "VILA VELHA", "aptos": 3808, "imp": 0}}, {"type": "Feature", "geometry": {"type": "Point", "coordinates": [-40.358235, -20.499114]}, "properties": {"i": 1499, "mun": 57037, "ibge": 3205200, "z": 55, "l": 1848, "nm": "UMEF NAIR DIAS BARBOSA", "nm_mun": "VILA VELHA", "aptos": 1948, "imp": 0}}, {"type": "Feature", "geometry": {"type": "Point", "coordinates": [-40.35447, -20.444057]}, "properties": {"i": 1500, "mun": 57037, "ibge": 3205200, "z": 55, "l": 1856, "nm": "EEEM MÁRIO GURGEL", "nm_mun": "VILA VELHA", "aptos": 4936, "imp": 0}}, {"type": "Feature", "geometry": {"type": "Point", "coordinates": [-40.332428, -20.435313]}, "properties": {"i": 1501, "mun": 57037, "ibge": 3205200, "z": 55, "l": 1864, "nm": "UMEF GOVERNADOR CHRISTIANO DIAS LOPES FILHO", "nm_mun": "VILA VELHA", "aptos": 2691, "imp": 0}}, {"type": "Feature", "geometry": {"type": "Point", "coordinates": [-40.34511, -20.444489]}, "properties": {"i": 1502, "mun": 57037, "ibge": 3205200, "z": 55, "l": 1872, "nm": "UMEF PROFESSOR AYLTON DE ALMEIDA", "nm_mun": "VILA VELHA", "aptos": 2313, "imp": 0}}, {"type": "Feature", "geometry": {"type": "Point", "coordinates": [-40.297859, -20.358996]}, "properties": {"i": 1503, "mun": 57037, "ibge": 3205200, "z": 55, "l": 1880, "nm": "FACULDADE NOVO MILÊNIO", "nm_mun": "VILA VELHA", "aptos": 7321, "imp": 0}}, {"type": "Feature", "geometry": {"type": "Point", "coordinates": [-40.308523, -20.372208]}, "properties": {"i": 1504, "mun": 57037, "ibge": 3205200, "z": 55, "l": 1899, "nm": "EEM PROFESSOR AGENOR RORIZ", "nm_mun": "VILA VELHA", "aptos": 4579, "imp": 0}}, {"type": "Feature", "geometry": {"type": "Point", "coordinates": [-40.314963, -20.367437]}, "properties": {"i": 1505, "mun": 57037, "ibge": 3205200, "z": 55, "l": 1902, "nm": "UMEF EDSON TAVARES DE SOUZA", "nm_mun": "VILA VELHA", "aptos": 1732, "imp": 0}}, {"type": "Feature", "geometry": {"type": "Point", "coordinates": [-40.37444, -20.510773]}, "properties": {"i": 1506, "mun": 57037, "ibge": 3205200, "z": 55, "l": 1910, "nm": "UMEF ALY DA SILVA", "nm_mun": "VILA VELHA", "aptos": 2892, "imp": 0}}, {"type": "Feature", "geometry": {"type": "Point", "coordinates": [-40.336214, -20.415711]}, "properties": {"i": 1507, "mun": 57037, "ibge": 3205200, "z": 55, "l": 1970, "nm": "ACADEMIA MSPORTS", "nm_mun": "VILA VELHA", "aptos": 1455, "imp": 0}}, {"type": "Feature", "geometry": {"type": "Point", "coordinates": [-40.359894, -20.437405]}, "properties": {"i": 1508, "mun": 57037, "ibge": 3205200, "z": 55, "l": 1988, "nm": "ESCOLA DEPUTADO PAULO SÉRGIO BORGES", "nm_mun": "VILA VELHA", "aptos": 1207, "imp": 0}}, {"type": "Feature", "geometry": {"type": "Point", "coordinates": [-40.320175, -20.393629]}, "properties": {"i": 1509, "mun": 57037, "ibge": 3205200, "z": 55, "l": 2003, "nm": "ESCOLA FUNDAÇÃO BRADESCO", "nm_mun": "VILA VELHA", "aptos": 1455, "imp": 0}}, {"type": "Feature", "geometry": {"type": "Point", "coordinates": [-40.353932, -20.445164]}, "properties": {"i": 1510, "mun": 57037, "ibge": 3205200, "z": 55, "l": 2011, "nm": "UMEF PREFEITO VASCO ALVES", "nm_mun": "VILA VELHA", "aptos": 2782, "imp": 0}}, {"type": "Feature", "geometry": {"type": "Point", "coordinates": [-40.74922, -20.640601]}, "properties": {"i": 1511, "mun": 57037, "ibge": 3205200, "z": 55, "l": 2020, "nm": "EEEFM PROF. GERALDO COSTA ALVES", "nm_mun": "VILA VELHA", "aptos": 442, "imp": 1}}, {"type": "Feature", "geometry": {"type": "Point", "coordinates": [-40.26665, -20.25681]}, "properties": {"i": 1512, "mun": 57037, "ibge": 3205200, "z": 55, "l": 2038, "nm": "UMEI VEREADOR ARNALDO BORGO", "nm_mun": "VILA VELHA", "aptos": 264, "imp": 1}}, {"type": "Feature", "geometry": {"type": "Point", "coordinates": [-40.366587, -20.379596]}, "properties": {"i": 1513, "mun": 57037, "ibge": 3205200, "z": 55, "l": 2046, "nm": "UMEF DEOLINDO PERIM", "nm_mun": "VILA VELHA", "aptos": 262, "imp": 1}}, {"type": "Feature", "geometry": {"type": "Point", "coordinates": [-41.536577, -20.757746]}, "properties": {"i": 1514, "mun": 57037, "ibge": 3205200, "z": 55, "l": 2054, "nm": "UMEI MARIA EMELINA MASCARENHAS BARCELLOS", "nm_mun": "VILA VELHA", "aptos": 77, "imp": 1}}, {"type": "Feature", "geometry": {"type": "Point", "coordinates": [-40.366587, -20.379596]}, "properties": {"i": 1515, "mun": 57037, "ibge": 3205200, "z": 55, "l": 2062, "nm": "UMEF DIJAYRO GONÇALVES LIMA", "nm_mun": "VILA VELHA", "aptos": 390, "imp": 1}}, {"type": "Feature", "geometry": {"type": "Point", "coordinates": [-40.410148, -20.373269]}, "properties": {"i": 1516, "mun": 57037, "ibge": 3205200, "z": 55, "l": 2070, "nm": "IGREJA BATISTA DE PONTAL DAS GARÇAS", "nm_mun": "VILA VELHA", "aptos": 158, "imp": 1}}, {"type": "Feature", "geometry": {"type": "Point", "coordinates": [-40.627289, -19.146874]}, "properties": {"i": 1517, "mun": 57037, "ibge": 3205200, "z": 55, "l": 2089, "nm": "ESTÂNCIA GILEADE", "nm_mun": "VILA VELHA", "aptos": 62, "imp": 1}}, {"type": "Feature", "geometry": {"type": "Point", "coordinates": [-40.324984, -20.338955]}, "properties": {"i": 1518, "mun": 57037, "ibge": 3205200, "z": 57, "l": 1015, "nm": "UMEF ANTÔNIO PINTO RODRIGUES", "nm_mun": "VILA VELHA", "aptos": 2322, "imp": 0}}, {"type": "Feature", "geometry": {"type": "Point", "coordinates": [-40.31324, -20.360563]}, "properties": {"i": 1519, "mun": 57037, "ibge": 3205200, "z": 57, "l": 1023, "nm": "UMEFTI REVERENDO ANTÔNIO DA SILVA COSMO - ESCOLA PARQUE", "nm_mun": "VILA VELHA", "aptos": 1849, "imp": 0}}, {"type": "Feature", "geometry": {"type": "Point", "coordinates": [-40.35125, -20.33787]}, "properties": {"i": 1520, "mun": 57037, "ibge": 3205200, "z": 57, "l": 1031, "nm": "UMEFTI DOUTOR TANCREDO DE ALMEIDA NEVES", "nm_mun": "VILA VELHA", "aptos": 734, "imp": 0}}, {"type": "Feature", "geometry": {"type": "Point", "coordinates": [-40.354772, -20.346747]}, "properties": {"i": 1521, "mun": 57037, "ibge": 3205200, "z": 57, "l": 1040, "nm": "EEEM ORMANDA GONÇALVES", "nm_mun": "VILA VELHA", "aptos": 2262, "imp": 0}}, {"type": "Feature", "geometry": {"type": "Point", "coordinates": [-40.35328, -20.35066]}, "properties": {"i": 1522, "mun": 57037, "ibge": 3205200, "z": 57, "l": 1058, "nm": "UMEF PEDRO HERKENHOF", "nm_mun": "VILA VELHA", "aptos": 1318, "imp": 0}}, {"type": "Feature", "geometry": {"type": "Point", "coordinates": [-40.351583, -20.3549]}, "properties": {"i": 1523, "mun": 57037, "ibge": 3205200, "z": 57, "l": 1066, "nm": "CAT- ARLETHE ZORZANELLI BUAIZ-SESI COBILÂNDIA", "nm_mun": "VILA VELHA", "aptos": 2913, "imp": 0}}, {"type": "Feature", "geometry": {"type": "Point", "coordinates": [-40.349094, -20.356994]}, "properties": {"i": 1524, "mun": 57037, "ibge": 3205200, "z": 57, "l": 1074, "nm": "UMEF IZALTINA ALMEIDA FERNANDES", "nm_mun": "VILA VELHA", "aptos": 3053, "imp": 0}}, {"type": "Feature", "geometry": {"type": "Point", "coordinates": [-40.339907, -20.352457]}, "properties": {"i": 1525, "mun": 57037, "ibge": 3205200, "z": 57, "l": 1082, "nm": "UMEF ARACELI CABRERA SÁNCHEZ CRESPO (ANTIGA UMEF DANTE MICHELINI)", "nm_mun": "VILA VELHA", "aptos": 1947, "imp": 0}}, {"type": "Feature", "geometry": {"type": "Point", "coordinates": [-40.361765, -20.366173]}, "properties": {"i": 1526, "mun": 57037, "ibge": 3205200, "z": 57, "l": 1090, "nm": "UMEF MARIA ELEONORA D'AZEVEDO PEREIRA", "nm_mun": "VILA VELHA", "aptos": 4314, "imp": 0}}, {"type": "Feature", "geometry": {"type": "Point", "coordinates": [-40.336305, -20.349135]}, "properties": {"i": 1527, "mun": 57037, "ibge": 3205200, "z": 57, "l": 1104, "nm": "UMEF PROFESSOR JORGE ANÍZIO BORJAILLE", "nm_mun": "VILA VELHA", "aptos": 961, "imp": 0}}, {"type": "Feature", "geometry": {"type": "Point", "coordinates": [-40.330347, -20.347439]}, "properties": {"i": 1528, "mun": 57037, "ibge": 3205200, "z": 57, "l": 1112, "nm": "CEEFTI GALDINO ANTÔNIO VIEIRA", "nm_mun": "VILA VELHA", "aptos": 3243, "imp": 0}}, {"type": "Feature", "geometry": {"type": "Point", "coordinates": [-40.329951, -20.344866]}, "properties": {"i": 1529, "mun": 57037, "ibge": 3205200, "z": 57, "l": 1120, "nm": "UMEF LEONEL DE MOURA BRIZOLA", "nm_mun": "VILA VELHA", "aptos": 2883, "imp": 0}}, {"type": "Feature", "geometry": {"type": "Point", "coordinates": [-40.334888, -20.348841]}, "properties": {"i": 1530, "mun": 57037, "ibge": 3205200, "z": 57, "l": 1139, "nm": "UMEI SANTA RITA DE CÁSSIA", "nm_mun": "VILA VELHA", "aptos": 1271, "imp": 0}}, {"type": "Feature", "geometry": {"type": "Point", "coordinates": [-40.348825, -20.330029]}, "properties": {"i": 1531, "mun": 57037, "ibge": 3205200, "z": 57, "l": 1147, "nm": "EEEFM SÍLVIO ROCIO", "nm_mun": "VILA VELHA", "aptos": 1017, "imp": 0}}, {"type": "Feature", "geometry": {"type": "Point", "coordinates": [-40.35376, -20.339857]}, "properties": {"i": 1532, "mun": 57037, "ibge": 3205200, "z": 57, "l": 1155, "nm": "UMEF JOSÉ ELIAS DE QUEIROZ", "nm_mun": "VILA VELHA", "aptos": 1015, "imp": 0}}, {"type": "Feature", "geometry": {"type": "Point", "coordinates": [-40.357728, -20.355317]}, "properties": {"i": 1533, "mun": 57037, "ibge": 3205200, "z": 57, "l": 1163, "nm": "UMEF PAULO MARES GUIA", "nm_mun": "VILA VELHA", "aptos": 2797, "imp": 0}}, {"type": "Feature", "geometry": {"type": "Point", "coordinates": [-40.317, -20.353059]}, "properties": {"i": 1534, "mun": 57037, "ibge": 3205200, "z": 57, "l": 1171, "nm": "EEEFM FLORENTINO AVIDOS", "nm_mun": "VILA VELHA", "aptos": 3580, "imp": 0}}, {"type": "Feature", "geometry": {"type": "Point", "coordinates": [-40.3111, -20.33929]}, "properties": {"i": 1535, "mun": 57037, "ibge": 3205200, "z": 57, "l": 1180, "nm": "UMEF PROFESSORA LEOPOLDINA CONCEIÇÃO DE MATTOS SILVA (FACEV)", "nm_mun": "VILA VELHA", "aptos": 3582, "imp": 0}}, {"type": "Feature", "geometry": {"type": "Point", "coordinates": [-40.335818, -20.345331]}, "properties": {"i": 1536, "mun": 57037, "ibge": 3205200, "z": 57, "l": 1198, "nm": "UMEI SULTANY NADER VALLADARES", "nm_mun": "VILA VELHA", "aptos": 1329, "imp": 0}}, {"type": "Feature", "geometry": {"type": "Point", "coordinates": [-40.3515, -20.333813]}, "properties": {"i": 1537, "mun": 57037, "ibge": 3205200, "z": 57, "l": 1201, "nm": "UMEF JUIZ JAIRO DE MATTOS PEREIRA", "nm_mun": "VILA VELHA", "aptos": 2712, "imp": 0}}, {"type": "Feature", "geometry": {"type": "Point", "coordinates": [-40.311809, -20.350513]}, "properties": {"i": 1538, "mun": 57037, "ibge": 3205200, "z": 57, "l": 1210, "nm": "UMEF GUILHERME SANTOS", "nm_mun": "VILA VELHA", "aptos": 3425, "imp": 0}}, {"type": "Feature", "geometry": {"type": "Point", "coordinates": [-40.311704, -20.350546]}, "properties": {"i": 1539, "mun": 57037, "ibge": 3205200, "z": 57, "l": 1228, "nm": "UMEI COMECINHO DE VIDA", "nm_mun": "VILA VELHA", "aptos": 2358, "imp": 0}}, {"type": "Feature", "geometry": {"type": "Point", "coordinates": [-40.320132, -20.359377]}, "properties": {"i": 1540, "mun": 57037, "ibge": 3205200, "z": 57, "l": 1236, "nm": "UMEF DIRETORA ZDMEA CAMARGO DAMASCENO", "nm_mun": "VILA VELHA", "aptos": 2811, "imp": 0}}, {"type": "Feature", "geometry": {"type": "Point", "coordinates": [-40.307126, -20.348719]}, "properties": {"i": 1541, "mun": 57037, "ibge": 3205200, "z": 57, "l": 1244, "nm": "UMEF DESEMBARGADOR CÂNDIDO MARINHO", "nm_mun": "VILA VELHA", "aptos": 1406, "imp": 0}}, {"type": "Feature", "geometry": {"type": "Point", "coordinates": [-40.30668, -20.35249]}, "properties": {"i": 1542, "mun": 57037, "ibge": 3205200, "z": 57, "l": 1252, "nm": "UMEFTI PROF. RUBENS JOSÉ VERVLOET GOMES", "nm_mun": "VILA VELHA", "aptos": 3165, "imp": 0}}, {"type": "Feature", "geometry": {"type": "Point", "coordinates": [-40.348309, -20.346328]}, "properties": {"i": 1543, "mun": 57037, "ibge": 3205200, "z": 57, "l": 1279, "nm": "ESCOLA SÃO CAMILO DE LELLIS", "nm_mun": "VILA VELHA", "aptos": 4232, "imp": 0}}, {"type": "Feature", "geometry": {"type": "Point", "coordinates": [-40.326114, -20.343735]}, "properties": {"i": 1544, "mun": 57037, "ibge": 3205200, "z": 57, "l": 1287, "nm": "UMEF GIOVANE CAVALIERI", "nm_mun": "VILA VELHA", "aptos": 525, "imp": 0}}, {"type": "Feature", "geometry": {"type": "Point", "coordinates": [-40.320566, -20.345033]}, "properties": {"i": 1545, "mun": 57037, "ibge": 3205200, "z": 57, "l": 1295, "nm": "UMEF JOSÉ SIQUEIRA SANTA CLARA", "nm_mun": "VILA VELHA", "aptos": 2245, "imp": 0}}, {"type": "Feature", "geometry": {"type": "Point", "coordinates": [-40.3567, -20.364632]}, "properties": {"i": 1546, "mun": 57037, "ibge": 3205200, "z": 57, "l": 1309, "nm": "UMEI PEDRO PANDOLFI", "nm_mun": "VILA VELHA", "aptos": 2087, "imp": 0}}, {"type": "Feature", "geometry": {"type": "Point", "coordinates": [-40.315655, -20.351243]}, "properties": {"i": 1547, "mun": 57037, "ibge": 3205200, "z": 57, "l": 1317, "nm": "UMEI ROSA HELENA FROTA TRISTAO", "nm_mun": "VILA VELHA", "aptos": 2629, "imp": 0}}, {"type": "Feature", "geometry": {"type": "Point", "coordinates": [-40.325823, -20.345412]}, "properties": {"i": 1548, "mun": 57037, "ibge": 3205200, "z": 57, "l": 1325, "nm": "UMEFTI ULISSES ALVARES", "nm_mun": "VILA VELHA", "aptos": 2550, "imp": 0}}, {"type": "Feature", "geometry": {"type": "Point", "coordinates": [-40.341158, -20.345613]}, "properties": {"i": 1549, "mun": 57037, "ibge": 3205200, "z": 57, "l": 1333, "nm": "UMEI JULIERME DA CRUZ DIAS (SR DEZINHO) - PEDACINHO DO CÉU", "nm_mun": "VILA VELHA", "aptos": 1491, "imp": 0}}, {"type": "Feature", "geometry": {"type": "Point", "coordinates": [-40.350264, -20.354548]}, "properties": {"i": 1550, "mun": 57037, "ibge": 3205200, "z": 57, "l": 1341, "nm": "CEEFMTI PASTOR OLIVEIRA DE ARAUJO- ESCOLA VIVA", "nm_mun": "VILA VELHA", "aptos": 3492, "imp": 0}}, {"type": "Feature", "geometry": {"type": "Point", "coordinates": [-40.30898, -20.34841]}, "properties": {"i": 1551, "mun": 57037, "ibge": 3205200, "z": 57, "l": 1350, "nm": "IFES - INSTITUTO FEDERAL DO ESPÍRITO SANTO-CAMPUS VILA VELHA", "nm_mun": "VILA VELHA", "aptos": 5391, "imp": 0}}, {"type": "Feature", "geometry": {"type": "Point", "coordinates": [-40.330419, -20.348974]}, "properties": {"i": 1552, "mun": 57037, "ibge": 3205200, "z": 57, "l": 1376, "nm": "UMEI MILTON TRANCOSO DE AGUIAR", "nm_mun": "VILA VELHA", "aptos": 706, "imp": 0}}, {"type": "Feature", "geometry": {"type": "Point", "coordinates": [-40.30639, -20.346512]}, "properties": {"i": 1553, "mun": 57037, "ibge": 3205200, "z": 57, "l": 1384, "nm": "UMEI PROFESSORA JURANDYR MATTOS GRIFFO", "nm_mun": "VILA VELHA", "aptos": 1909, "imp": 0}}, {"type": "Feature", "geometry": {"type": "Point", "coordinates": [-40.345358, -20.348238]}, "properties": {"i": 1554, "mun": 57037, "ibge": 3205200, "z": 57, "l": 1392, "nm": "UMEF GIL BERNARDES", "nm_mun": "VILA VELHA", "aptos": 1601, "imp": 0}}, {"type": "Feature", "geometry": {"type": "Point", "coordinates": [-40.343694, -20.327209]}, "properties": {"i": 1555, "mun": 57037, "ibge": 3205200, "z": 57, "l": 1406, "nm": "UMEI JUVACY FRECHIANI", "nm_mun": "VILA VELHA", "aptos": 895, "imp": 1}}, {"type": "Feature", "geometry": {"type": "Point", "coordinates": [-40.320571, -20.340281]}, "properties": {"i": 1556, "mun": 57037, "ibge": 3205200, "z": 57, "l": 1422, "nm": "UMEF PADRE HUMBERTO PIACENTE", "nm_mun": "VILA VELHA", "aptos": 4165, "imp": 1}}, {"type": "Feature", "geometry": {"type": "Point", "coordinates": [-40.340585, -20.319474]}, "properties": {"i": 1557, "mun": 57053, "ibge": 3205309, "z": 1, "l": 1015, "nm": "CENTRO EDUCACIONAL AGOSTINIANO", "nm_mun": "VITÓRIA", "aptos": 3101, "imp": 0}}, {"type": "Feature", "geometry": {"type": "Point", "coordinates": [-40.336955, -20.318987]}, "properties": {"i": 1558, "mun": 57053, "ibge": 3205309, "z": 1, "l": 1023, "nm": "CEEJA - CENTRO ESTADUAL DE EDUCAÇÃO DE JOVENS E ADULTOS", "nm_mun": "VITÓRIA", "aptos": 1861, "imp": 0}}, {"type": "Feature", "geometry": {"type": "Point", "coordinates": [-40.329, -20.319762]}, "properties": {"i": 1559, "mun": 57053, "ibge": 3205309, "z": 1, "l": 1066, "nm": "FAMES - FACULDADE DE MÚSICA DO ESPÍRITO SANTO", "nm_mun": "VITÓRIA", "aptos": 1203, "imp": 0}}, {"type": "Feature", "geometry": {"type": "Point", "coordinates": [-40.340565, -20.320978]}, "properties": {"i": 1560, "mun": 57053, "ibge": 3205309, "z": 1, "l": 1090, "nm": "MARIA ORTIZ", "nm_mun": "VITÓRIA", "aptos": 1846, "imp": 0}}, {"type": "Feature", "geometry": {"type": "Point", "coordinates": [-40.33775, -20.31822]}, "properties": {"i": 1561, "mun": 57053, "ibge": 3205309, "z": 1, "l": 1104, "nm": "ESCOLA SÃO VICENTE DE PAULO", "nm_mun": "VITÓRIA", "aptos": 1662, "imp": 0}}, {"type": "Feature", "geometry": {"type": "Point", "coordinates": [-40.333444, -20.320872]}, "properties": {"i": 1562, "mun": 57053, "ibge": 3205309, "z": 1, "l": 1112, "nm": "MINISTERIO DA GESTÃO E DA INOVAÇÃO EM SERVIÇOS PÚBLICOS(MIN. ECONOMIA)", "nm_mun": "VITÓRIA", "aptos": 1286, "imp": 0}}, {"type": "Feature", "geometry": {"type": "Point", "coordinates": [-40.34179, -20.31749]}, "properties": {"i": 1563, "mun": 57053, "ibge": 3205309, "z": 1, "l": 1147, "nm": "ESCOLA ERNESTINA PESSOA", "nm_mun": "VITÓRIA", "aptos": 1395, "imp": 0}}, {"type": "Feature", "geometry": {"type": "Point", "coordinates": [-40.341328, -20.31835]}, "properties": {"i": 1564, "mun": 57053, "ibge": 3205309, "z": 1, "l": 1163, "nm": "ESCOLA DA CIÊNCIA E FÍSICA", "nm_mun": "VITÓRIA", "aptos": 588, "imp": 0}}, {"type": "Feature", "geometry": {"type": "Point", "coordinates": [-40.323093, -20.316502]}, "properties": {"i": 1565, "mun": 57053, "ibge": 3205309, "z": 1, "l": 1180, "nm": "COLÉGIO SALESIANO N. SRª DA VITÓRIA", "nm_mun": "VITÓRIA", "aptos": 3131, "imp": 0}}, {"type": "Feature", "geometry": {"type": "Point", "coordinates": [-40.321614, -20.313681]}, "properties": {"i": 1566, "mun": 57053, "ibge": 3205309, "z": 1, "l": 1201, "nm": "TEREZINHA VASCONCELLOS SALVADOR (CMEI)", "nm_mun": "VITÓRIA", "aptos": 1746, "imp": 0}}, {"type": "Feature", "geometry": {"type": "Point", "coordinates": [-40.318517, -20.311096]}, "properties": {"i": 1567, "mun": 57053, "ibge": 3205309, "z": 1, "l": 1210, "nm": "IFES - INSTITUTO FEDERAL DO ESPÍRITO SANTO", "nm_mun": "VITÓRIA", "aptos": 4708, "imp": 0}}, {"type": "Feature", "geometry": {"type": "Point", "coordinates": [-40.326821, -20.30748]}, "properties": {"i": 1568, "mun": 57053, "ibge": 3205309, "z": 1, "l": 1228, "nm": "ESCOLA JOSÉ ÁUREO MONJARDIM", "nm_mun": "VITÓRIA", "aptos": 1216, "imp": 0}}, {"type": "Feature", "geometry": {"type": "Point", "coordinates": [-40.318857, -20.315464]}, "properties": {"i": 1569, "mun": 57053, "ibge": 3205309, "z": 1, "l": 1244, "nm": "ESCOLA PADRE ANCHIETA", "nm_mun": "VITÓRIA", "aptos": 2063, "imp": 0}}, {"type": "Feature", "geometry": {"type": "Point", "coordinates": [-40.34742, -20.321741]}, "properties": {"i": 1570, "mun": 57053, "ibge": 3205309, "z": 1, "l": 1732, "nm": "ESCOLA CASTELO BRANCO", "nm_mun": "VITÓRIA", "aptos": 1220, "imp": 0}}, {"type": "Feature", "geometry": {"type": "Point", "coordinates": [-40.347728, -20.321186]}, "properties": {"i": 1571, "mun": 57053, "ibge": 3205309, "z": 1, "l": 1740, "nm": "ESCOLA MOACYR AVIDOS", "nm_mun": "VITÓRIA", "aptos": 1268, "imp": 0}}, {"type": "Feature", "geometry": {"type": "Point", "coordinates": [-40.350668, -20.314444]}, "properties": {"i": 1572, "mun": 57053, "ibge": 3205309, "z": 1, "l": 1759, "nm": "ESCOLA MAURO BRAGA", "nm_mun": "VITÓRIA", "aptos": 2788, "imp": 0}}, {"type": "Feature", "geometry": {"type": "Point", "coordinates": [-40.35369, -20.30931]}, "properties": {"i": 1573, "mun": 57053, "ibge": 3205309, "z": 1, "l": 1783, "nm": "ESCOLA ALBERTO DE ALMEIDA", "nm_mun": "VITÓRIA", "aptos": 4594, "imp": 0}}, {"type": "Feature", "geometry": {"type": "Point", "coordinates": [-40.356716, -20.312233]}, "properties": {"i": 1574, "mun": 57053, "ibge": 3205309, "z": 1, "l": 1791, "nm": "ESCOLA ALVIMAR SILVA", "nm_mun": "VITÓRIA", "aptos": 5482, "imp": 0}}, {"type": "Feature", "geometry": {"type": "Point", "coordinates": [-40.358019, -20.315494]}, "properties": {"i": 1575, "mun": 57053, "ibge": 3205309, "z": 1, "l": 1805, "nm": "MAJOR ALFREDO PEDRO RABAYOLLI", "nm_mun": "VITÓRIA", "aptos": 2834, "imp": 0}}, {"type": "Feature", "geometry": {"type": "Point", "coordinates": [-40.34495, -20.28825]}, "properties": {"i": 1576, "mun": 57053, "ibge": 3205309, "z": 1, "l": 1856, "nm": "ESCOLA MARIA STELLA DE NOVAES", "nm_mun": "VITÓRIA", "aptos": 3856, "imp": 0}}, {"type": "Feature", "geometry": {"type": "Point", "coordinates": [-40.335698, -20.280406]}, "properties": {"i": 1577, "mun": 57053, "ibge": 3205309, "z": 1, "l": 1864, "nm": "ESCOLA FRANCISCO LACERDA DE AGUIAR", "nm_mun": "VITÓRIA", "aptos": 3295, "imp": 0}}, {"type": "Feature", "geometry": {"type": "Point", "coordinates": [-40.325477, -20.271715]}, "properties": {"i": 1578, "mun": 57053, "ibge": 3205309, "z": 1, "l": 1872, "nm": "ESCOLA NEUSA NUNES GONÇALVES", "nm_mun": "VITÓRIA", "aptos": 5516, "imp": 0}}, {"type": "Feature", "geometry": {"type": "Point", "coordinates": [-40.349659, -20.318754]}, "properties": {"i": 1579, "mun": 57053, "ibge": 3205309, "z": 1, "l": 1880, "nm": "SALA ANEXA DA IGREJA SÃO PEDRO", "nm_mun": "VITÓRIA", "aptos": 812, "imp": 0}}, {"type": "Feature", "geometry": {"type": "Point", "coordinates": [-40.33533, -20.28093]}, "properties": {"i": 1580, "mun": 57053, "ibge": 3205309, "z": 1, "l": 1929, "nm": "LENIR BORLOT", "nm_mun": "VITÓRIA", "aptos": 1436, "imp": 0}}, {"type": "Feature", "geometry": {"type": "Point", "coordinates": [-40.334157, -20.277325]}, "properties": {"i": 1581, "mun": 57053, "ibge": 3205309, "z": 1, "l": 1945, "nm": "ESCOLA ELIANE RODRIGUES DOS SANTOS", "nm_mun": "VITÓRIA", "aptos": 3183, "imp": 0}}, {"type": "Feature", "geometry": {"type": "Point", "coordinates": [-40.349205, -20.315834]}, "properties": {"i": 1582, "mun": 57053, "ibge": 3205309, "z": 1, "l": 1970, "nm": "ESCOLA ODILA SIMÕES", "nm_mun": "VITÓRIA", "aptos": 2211, "imp": 0}}, {"type": "Feature", "geometry": {"type": "Point", "coordinates": [-40.33168, -20.28149]}, "properties": {"i": 1583, "mun": 57053, "ibge": 3205309, "z": 1, "l": 1996, "nm": "ESCOLA TANCREDO DE ALMEIDA NEVES", "nm_mun": "VITÓRIA", "aptos": 4886, "imp": 0}}, {"type": "Feature", "geometry": {"type": "Point", "coordinates": [-40.315752, -20.311301]}, "properties": {"i": 1584, "mun": 57053, "ibge": 3205309, "z": 1, "l": 2011, "nm": "ESCOLA ADILSON DA SILVA CASTRO (ANTES, FAESA)", "nm_mun": "VITÓRIA", "aptos": 1076, "imp": 0}}, {"type": "Feature", "geometry": {"type": "Point", "coordinates": [-40.318279, -20.277681]}, "properties": {"i": 1585, "mun": 57053, "ibge": 3205309, "z": 1, "l": 2119, "nm": "ESCOLA RITA DE CÁSSIA OLIVEIRA", "nm_mun": "VITÓRIA", "aptos": 3012, "imp": 0}}, {"type": "Feature", "geometry": {"type": "Point", "coordinates": [-40.354608, -20.314839]}, "properties": {"i": 1586, "mun": 57053, "ibge": 3205309, "z": 1, "l": 2208, "nm": "SINCLAIR PHILLIPS (CMEI)", "nm_mun": "VITÓRIA", "aptos": 1182, "imp": 0}}, {"type": "Feature", "geometry": {"type": "Point", "coordinates": [-40.310979, -20.295259]}, "properties": {"i": 1587, "mun": 57053, "ibge": 3205309, "z": 1, "l": 2267, "nm": "ESCOLA AFLORDÍZIO CARVALHO DA SILVA", "nm_mun": "VITÓRIA", "aptos": 3224, "imp": 0}}, {"type": "Feature", "geometry": {"type": "Point", "coordinates": [-40.3177, -20.30715]}, "properties": {"i": 1588, "mun": 57053, "ibge": 3205309, "z": 1, "l": 2275, "nm": "ESCOLA CUSTÓDIA DIAS DE CAMPOS", "nm_mun": "VITÓRIA", "aptos": 1710, "imp": 0}}, {"type": "Feature", "geometry": {"type": "Point", "coordinates": [-40.310269, -20.298722]}, "properties": {"i": 1589, "mun": 57053, "ibge": 3205309, "z": 1, "l": 2283, "nm": "ESCOLA ZILDA ANDRADE", "nm_mun": "VITÓRIA", "aptos": 2474, "imp": 0}}, {"type": "Feature", "geometry": {"type": "Point", "coordinates": [-40.30937, -20.29125]}, "properties": {"i": 1590, "mun": 57053, "ibge": 3205309, "z": 1, "l": 2291, "nm": "MARIETA ESCOBAR", "nm_mun": "VITÓRIA", "aptos": 3755, "imp": 0}}, {"type": "Feature", "geometry": {"type": "Point", "coordinates": [-40.505641, -20.657122]}, "properties": {"i": 1591, "mun": 57053, "ibge": 3205309, "z": 1, "l": 2305, "nm": "ESCOLA LAURENTINA MENDONÇA CORRÊA", "nm_mun": "VITÓRIA", "aptos": 1438, "imp": 1}}, {"type": "Feature", "geometry": {"type": "Point", "coordinates": [-40.305346, -20.30051]}, "properties": {"i": 1592, "mun": 57053, "ibge": 3205309, "z": 1, "l": 2313, "nm": "ESCOLA RUBENS DUARTE DE ALBUQUERQUE", "nm_mun": "VITÓRIA", "aptos": 1547, "imp": 0}}, {"type": "Feature", "geometry": {"type": "Point", "coordinates": [-40.313119, -20.283907]}, "properties": {"i": 1593, "mun": 57053, "ibge": 3205309, "z": 1, "l": 2321, "nm": "ESCOLA VERCENÍLIO DA SILVA PASCOAL", "nm_mun": "VITÓRIA", "aptos": 2105, "imp": 0}}, {"type": "Feature", "geometry": {"type": "Point", "coordinates": [-40.316752, -20.297343]}, "properties": {"i": 1594, "mun": 57053, "ibge": 3205309, "z": 1, "l": 2330, "nm": "CENTRO DE CIÊNCIAS DA SAÚDE - UFES", "nm_mun": "VITÓRIA", "aptos": 2587, "imp": 0}}, {"type": "Feature", "geometry": {"type": "Point", "coordinates": [-40.321418, -20.2996]}, "properties": {"i": 1595, "mun": 57053, "ibge": 3205309, "z": 1, "l": 2348, "nm": "ESCOLA SUZETE CUENDET", "nm_mun": "VITÓRIA", "aptos": 3719, "imp": 0}}, {"type": "Feature", "geometry": {"type": "Point", "coordinates": [-40.315696, -20.294976]}, "properties": {"i": 1596, "mun": 57053, "ibge": 3205309, "z": 1, "l": 2356, "nm": "ESCOLA OCTACÍLIO LOMBA", "nm_mun": "VITÓRIA", "aptos": 2262, "imp": 0}}, {"type": "Feature", "geometry": {"type": "Point", "coordinates": [-40.315099, -20.290146]}, "properties": {"i": 1597, "mun": 57053, "ibge": 3205309, "z": 1, "l": 2364, "nm": "ESCOLA ORLANDINA D' ALMEIDA LUCAS", "nm_mun": "VITÓRIA", "aptos": 2904, "imp": 0}}, {"type": "Feature", "geometry": {"type": "Point", "coordinates": [-40.3142, -20.30063]}, "properties": {"i": 1598, "mun": 57053, "ibge": 3205309, "z": 1, "l": 2380, "nm": "ESCOLA PEDRO FEU ROSA", "nm_mun": "VITÓRIA", "aptos": 1243, "imp": 0}}, {"type": "Feature", "geometry": {"type": "Point", "coordinates": [-40.314355, -20.300616]}, "properties": {"i": 1599, "mun": 57053, "ibge": 3205309, "z": 1, "l": 2399, "nm": "ESCOLA PREZIDEU AMORIM", "nm_mun": "VITÓRIA", "aptos": 2552, "imp": 0}}, {"type": "Feature", "geometry": {"type": "Point", "coordinates": [-40.307057, -20.294752]}, "properties": {"i": 1600, "mun": 57053, "ibge": 3205309, "z": 1, "l": 2410, "nm": "ESCOLA CECILIANO ABEL DE ALMEIDA - CAIC", "nm_mun": "VITÓRIA", "aptos": 3814, "imp": 0}}, {"type": "Feature", "geometry": {"type": "Point", "coordinates": [-40.310082, -20.31002]}, "properties": {"i": 1601, "mun": 57053, "ibge": 3205309, "z": 1, "l": 2429, "nm": "INSTITUTO JOÃO XXIII", "nm_mun": "VITÓRIA", "aptos": 2983, "imp": 0}}, {"type": "Feature", "geometry": {"type": "Point", "coordinates": [-40.323632, -20.300363]}, "properties": {"i": 1602, "mun": 57053, "ibge": 3205309, "z": 1, "l": 2437, "nm": "ESCOLA EUNICE PEREIRA DA SILVEIRA", "nm_mun": "VITÓRIA", "aptos": 2170, "imp": 0}}, {"type": "Feature", "geometry": {"type": "Point", "coordinates": [-40.34848, -20.29957]}, "properties": {"i": 1603, "mun": 57053, "ibge": 3205309, "z": 1, "l": 2445, "nm": "ESCOLA HELOISA ABREU JUDICE DE MATTOS", "nm_mun": "VITÓRIA", "aptos": 4179, "imp": 0}}, {"type": "Feature", "geometry": {"type": "Point", "coordinates": [-40.335397, -20.276586]}, "properties": {"i": 1604, "mun": 57053, "ibge": 3205309, "z": 1, "l": 2461, "nm": "ESCOLA ELZA LEMOS ANDREATTA", "nm_mun": "VITÓRIA", "aptos": 1208, "imp": 0}}, {"type": "Feature", "geometry": {"type": "Point", "coordinates": [-40.332147, -20.284612]}, "properties": {"i": 1605, "mun": 57053, "ibge": 3205309, "z": 1, "l": 2470, "nm": "MARIA JOSÉ COSTA MORAES", "nm_mun": "VITÓRIA", "aptos": 805, "imp": 0}}, {"type": "Feature", "geometry": {"type": "Point", "coordinates": [-40.318702, -20.271817]}, "properties": {"i": 1606, "mun": 57053, "ibge": 3205309, "z": 1, "l": 2488, "nm": "ANISIO SPINOLA TEIXEIRA (CMEI)", "nm_mun": "VITÓRIA", "aptos": 588, "imp": 0}}, {"type": "Feature", "geometry": {"type": "Point", "coordinates": [-40.438381, -20.357679]}, "properties": {"i": 1607, "mun": 57053, "ibge": 3205309, "z": 1, "l": 2496, "nm": "ESCOLA SILVANETE DA SILVA ROSA ROCHA", "nm_mun": "VITÓRIA", "aptos": 1496, "imp": 1}}, {"type": "Feature", "geometry": {"type": "Point", "coordinates": [-40.350668, -20.314444]}, "properties": {"i": 1608, "mun": 57053, "ibge": 3205309, "z": 1, "l": 2500, "nm": "ESCOLA PROFESSORA SOPHIA MUSENGNY LOUREIRO", "nm_mun": "VITÓRIA", "aptos": 2757, "imp": 1}}, {"type": "Feature", "geometry": {"type": "Point", "coordinates": [-40.318857, -20.315464]}, "properties": {"i": 1609, "mun": 57053, "ibge": 3205309, "z": 1, "l": 2518, "nm": "CMEI JACY ALVES FRAGA", "nm_mun": "VITÓRIA", "aptos": 1899, "imp": 1}}, {"type": "Feature", "geometry": {"type": "Point", "coordinates": [-40.30781, -20.31237]}, "properties": {"i": 1610, "mun": 57053, "ibge": 3205309, "z": 52, "l": 1015, "nm": "SECRETARIA ESTADUAL DE EDUCAÇÃO - SEDU", "nm_mun": "VITÓRIA", "aptos": 2257, "imp": 0}}, {"type": "Feature", "geometry": {"type": "Point", "coordinates": [-40.301867, -20.307921]}, "properties": {"i": 1611, "mun": 57053, "ibge": 3205309, "z": 52, "l": 1023, "nm": "CENTRO EDUCACIONAL LEONARDO DA VINCI", "nm_mun": "VITÓRIA", "aptos": 2764, "imp": 0}}, {"type": "Feature", "geometry": {"type": "Point", "coordinates": [-40.294733, -20.309497]}, "properties": {"i": 1612, "mun": 57053, "ibge": 3205309, "z": 52, "l": 1031, "nm": "ESCOLA DE EDUCAÇÃO PROF. FERNANDO DUARTE RABELO", "nm_mun": "VITÓRIA", "aptos": 2777, "imp": 0}}, {"type": "Feature", "geometry": {"type": "Point", "coordinates": [-40.289147, -20.296844]}, "properties": {"i": 1613, "mun": 57053, "ibge": 3205309, "z": 52, "l": 1058, "nm": "COLÉGIO SAGRADO CORAÇÃO DE MARIA", "nm_mun": "VITÓRIA", "aptos": 1578, "imp": 0}}, {"type": "Feature", "geometry": {"type": "Point", "coordinates": [-40.301855, -20.293119]}, "properties": {"i": 1614, "mun": 57053, "ibge": 3205309, "z": 52, "l": 1066, "nm": "EMESCAM - ESCOLA DE MEDICINA STA. CASA MISERICÓRDIA", "nm_mun": "VITÓRIA", "aptos": 2763, "imp": 0}}, {"type": "Feature", "geometry": {"type": "Point", "coordinates": [-40.294186, -20.298088]}, "properties": {"i": 1615, "mun": 57053, "ibge": 3205309, "z": 52, "l": 1074, "nm": "EPG IRMÃ MARIA HORTA", "nm_mun": "VITÓRIA", "aptos": 3923, "imp": 0}}, {"type": "Feature", "geometry": {"type": "Point", "coordinates": [-40.300521, -20.310663]}, "properties": {"i": 1616, "mun": 57053, "ibge": 3205309, "z": 52, "l": 1082, "nm": "EMEF - MARIA LEONOR PEREIRA DA SILVA", "nm_mun": "VITÓRIA", "aptos": 2842, "imp": 0}}, {"type": "Feature", "geometry": {"type": "Point", "coordinates": [-40.295956, -20.302526]}, "properties": {"i": 1617, "mun": 57053, "ibge": 3205309, "z": 52, "l": 1252, "nm": "UP - ESCOLA DE ENSINO MÉDIO E PRÉ UNIVERSITÁRIO", "nm_mun": "VITÓRIA", "aptos": 3080, "imp": 0}}, {"type": "Feature", "geometry": {"type": "Point", "coordinates": [-40.29502, -20.279904]}, "properties": {"i": 1618, "mun": 57053, "ibge": 3205309, "z": 52, "l": 1295, "nm": "CLUBE ÍTALO BRASILEIRO", "nm_mun": "VITÓRIA", "aptos": 1107, "imp": 0}}, {"type": "Feature", "geometry": {"type": "Point", "coordinates": [-40.25995, -20.261123]}, "properties": {"i": 1619, "mun": 57053, "ibge": 3205309, "z": 52, "l": 1368, "nm": "FDV - FACULDADE DE DIREITO DE VITÓRIA", "nm_mun": "VITÓRIA", "aptos": 4178, "imp": 0}}, {"type": "Feature", "geometry": {"type": "Point", "coordinates": [-40.30761, -20.31056]}, "properties": {"i": 1620, "mun": 57053, "ibge": 3205309, "z": 52, "l": 1449, "nm": "EEEFM - ARISTÓBULO BARBOSA LEÃO", "nm_mun": "VITÓRIA", "aptos": 2256, "imp": 0}}, {"type": "Feature", "geometry": {"type": "Point", "coordinates": [-40.308324, -20.317615]}, "properties": {"i": 1621, "mun": 57053, "ibge": 3205309, "z": 52, "l": 1473, "nm": "SENAC - SERVIÇO NACIONAL DE APRENDIZAGEM COMERCIAL", "nm_mun": "VITÓRIA", "aptos": 2255, "imp": 0}}, {"type": "Feature", "geometry": {"type": "Point", "coordinates": [-40.306255, -20.286128]}, "properties": {"i": 1622, "mun": 57053, "ibge": 3205309, "z": 52, "l": 1651, "nm": "EMEF - ISAURA MARQUES DA SILVA", "nm_mun": "VITÓRIA", "aptos": 2628, "imp": 0}}, {"type": "Feature", "geometry": {"type": "Point", "coordinates": [-40.29375, -20.29339]}, "properties": {"i": 1623, "mun": 57053, "ibge": 3205309, "z": 52, "l": 1716, "nm": "ESCOLA DA ILHA NOVO MUNDO", "nm_mun": "VITÓRIA", "aptos": 1885, "imp": 0}}, {"type": "Feature", "geometry": {"type": "Point", "coordinates": [-40.270293, -20.261884]}, "properties": {"i": 1624, "mun": 57053, "ibge": 3205309, "z": 52, "l": 1724, "nm": "EMEF MARIA MADALENA DE OLIVEIRA DOMINGUES", "nm_mun": "VITÓRIA", "aptos": 1373, "imp": 0}}, {"type": "Feature", "geometry": {"type": "Point", "coordinates": [-40.29393, -20.27118]}, "properties": {"i": 1625, "mun": 57053, "ibge": 3205309, "z": 52, "l": 1732, "nm": "CMEI MARLENE ORLANDE SIMONETTI", "nm_mun": "VITÓRIA", "aptos": 1458, "imp": 0}}, {"type": "Feature", "geometry": {"type": "Point", "coordinates": [-40.299075, -20.260267]}, "properties": {"i": 1626, "mun": 57053, "ibge": 3205309, "z": 52, "l": 1740, "nm": "EMEF MAL. MASCARENHAS DE MORAES", "nm_mun": "VITÓRIA", "aptos": 3136, "imp": 0}}, {"type": "Feature", "geometry": {"type": "Point", "coordinates": [-40.300253, -20.278415]}, "properties": {"i": 1627, "mun": 57053, "ibge": 3205309, "z": 52, "l": 1759, "nm": "CENTRO EDUCACIONAL CHARLES DARWIN", "nm_mun": "VITÓRIA", "aptos": 5569, "imp": 0}}, {"type": "Feature", "geometry": {"type": "Point", "coordinates": [-40.299695, -20.285795]}, "properties": {"i": 1628, "mun": 57053, "ibge": 3205309, "z": 52, "l": 1767, "nm": "CMEI ZENAIDE GENOVEVA MARCARINI CAVALCANTI", "nm_mun": "VITÓRIA", "aptos": 2680, "imp": 0}}, {"type": "Feature", "geometry": {"type": "Point", "coordinates": [-40.293796, -20.272165]}, "properties": {"i": 1629, "mun": 57053, "ibge": 3205309, "z": 52, "l": 1775, "nm": "EEEM ARNULPHO MATTOS", "nm_mun": "VITÓRIA", "aptos": 3159, "imp": 0}}, {"type": "Feature", "geometry": {"type": "Point", "coordinates": [-40.294404, -20.272373]}, "properties": {"i": 1630, "mun": 57053, "ibge": 3205309, "z": 52, "l": 1783, "nm": "ESESP - ESCOLA DE SERVIÇO PÚBLICO DO ESPÍRITO SANTO", "nm_mun": "VITÓRIA", "aptos": 1096, "imp": 0}}, {"type": "Feature", "geometry": {"type": "Point", "coordinates": [-40.271682, -20.246833]}, "properties": {"i": 1631, "mun": 57053, "ibge": 3205309, "z": 52, "l": 1791, "nm": "EEEM PROF. RENATO JOSÉ DA COSTA PACHECO", "nm_mun": "VITÓRIA", "aptos": 5546, "imp": 0}}, {"type": "Feature", "geometry": {"type": "Point", "coordinates": [-40.295423, -20.261223]}, "properties": {"i": 1632, "mun": 57053, "ibge": 3205309, "z": 52, "l": 1805, "nm": "CAJUN - SOLON BORGES", "nm_mun": "VITÓRIA", "aptos": 1080, "imp": 0}}, {"type": "Feature", "geometry": {"type": "Point", "coordinates": [-40.29832, -20.25754]}, "properties": {"i": 1633, "mun": 57053, "ibge": 3205309, "z": 52, "l": 1813, "nm": "CMEI - REINALDO RIDOLFI", "nm_mun": "VITÓRIA", "aptos": 1316, "imp": 0}}, {"type": "Feature", "geometry": {"type": "Point", "coordinates": [-40.298133, -20.260645]}, "properties": {"i": 1634, "mun": 57053, "ibge": 3205309, "z": 52, "l": 1821, "nm": "CMEI - DARCY CASTELO DE MENDONÇA", "nm_mun": "VITÓRIA", "aptos": 971, "imp": 0}}, {"type": "Feature", "geometry": {"type": "Point", "coordinates": [-40.301234, -20.268437]}, "properties": {"i": 1635, "mun": 57053, "ibge": 3205309, "z": 52, "l": 1830, "nm": "MULTIVIX - VITÓRIA/ES", "nm_mun": "VITÓRIA", "aptos": 2218, "imp": 0}}, {"type": "Feature", "geometry": {"type": "Point", "coordinates": [-40.2674, -20.25932]}, "properties": {"i": 1636, "mun": 57053, "ibge": 3205309, "z": 52, "l": 1848, "nm": "COLÉGIO RENOVAÇÃO", "nm_mun": "VITÓRIA", "aptos": 3678, "imp": 0}}, {"type": "Feature", "geometry": {"type": "Point", "coordinates": [-40.270282, -20.250162]}, "properties": {"i": 1637, "mun": 57053, "ibge": 3205309, "z": 52, "l": 1856, "nm": "FACULDADE ESTÁCIO DE SÁ", "nm_mun": "VITÓRIA", "aptos": 5774, "imp": 0}}, {"type": "Feature", "geometry": {"type": "Point", "coordinates": [-40.26834, -20.25686]}, "properties": {"i": 1638, "mun": 57053, "ibge": 3205309, "z": 52, "l": 1864, "nm": "CMEI JOÃO PEDRO DE AGUIAR", "nm_mun": "VITÓRIA", "aptos": 2200, "imp": 0}}, {"type": "Feature", "geometry": {"type": "Point", "coordinates": [-40.29502, -20.279904]}, "properties": {"i": 1639, "mun": 57053, "ibge": 3205309, "z": 52, "l": 1872, "nm": "EMEF ÉBER LOUZADA ZIPPINOTTI", "nm_mun": "VITÓRIA", "aptos": 4365, "imp": 0}}, {"type": "Feature", "geometry": {"type": "Point", "coordinates": [-40.29897, -20.2846]}, "properties": {"i": 1640, "mun": 57053, "ibge": 3205309, "z": 52, "l": 1880, "nm": "SESI - SERVIÇO SOCIAL DA INDÚSTRIA", "nm_mun": "VITÓRIA", "aptos": 4426, "imp": 0}}, {"type": "Feature", "geometry": {"type": "Point", "coordinates": [-40.298625, -20.287295]}, "properties": {"i": 1641, "mun": 57053, "ibge": 3205309, "z": 52, "l": 1899, "nm": "EMEF ÁLVARO DE CASTRO MATTOS", "nm_mun": "VITÓRIA", "aptos": 4330, "imp": 0}}, {"type": "Feature", "geometry": {"type": "Point", "coordinates": [-40.295021, -20.269112]}, "properties": {"i": 1642, "mun": 57053, "ibge": 3205309, "z": 52, "l": 1902, "nm": "EMEF ARTHUR DA COSTA E SILVA", "nm_mun": "VITÓRIA", "aptos": 1781, "imp": 0}}, {"type": "Feature", "geometry": {"type": "Point", "coordinates": [-40.299434, -20.266994]}, "properties": {"i": 1643, "mun": 57053, "ibge": 3205309, "z": 52, "l": 1910, "nm": "EMEF ALMIRANTE BARROSO", "nm_mun": "VITÓRIA", "aptos": 1258, "imp": 0}}, {"type": "Feature", "geometry": {"type": "Point", "coordinates": [-40.299265, -20.25795]}, "properties": {"i": 1644, "mun": 57053, "ibge": 3205309, "z": 52, "l": 1929, "nm": "EMEF JUSCELINO KUBSCHEK DE OLIVEIRA", "nm_mun": "VITÓRIA", "aptos": 4148, "imp": 0}}, {"type": "Feature", "geometry": {"type": "Point", "coordinates": [-40.29816, -20.26334]}, "properties": {"i": 1645, "mun": 57053, "ibge": 3205309, "z": 52, "l": 1937, "nm": "EPG ADÃO BENEZATH", "nm_mun": "VITÓRIA", "aptos": 1879, "imp": 0}}, {"type": "Feature", "geometry": {"type": "Point", "coordinates": [-40.25995, -20.261123]}, "properties": {"i": 1646, "mun": 57053, "ibge": 3205309, "z": 52, "l": 1945, "nm": "CMEI ANA MARIA CHAVES COLARES", "nm_mun": "VITÓRIA", "aptos": 1586, "imp": 0}}, {"type": "Feature", "geometry": {"type": "Point", "coordinates": [-40.29213, -20.28709]}, "properties": {"i": 1647, "mun": 57053, "ibge": 3205309, "z": 52, "l": 1953, "nm": "CLUBE DOS OFICIAIS DA PM", "nm_mun": "VITÓRIA", "aptos": 1986, "imp": 0}}, {"type": "Feature", "geometry": {"type": "Point", "coordinates": [-40.295758, -20.290366]}, "properties": {"i": 1648, "mun": 57053, "ibge": 3205309, "z": 52, "l": 1961, "nm": "UP - CENTRO EDUCACIONAL UNIÃO DE PROFESSORES - JP", "nm_mun": "VITÓRIA", "aptos": 5337, "imp": 0}}, {"type": "Feature", "geometry": {"type": "Point", "coordinates": [-40.310765, -20.306953]}, "properties": {"i": 1649, "mun": 57053, "ibge": 3205309, "z": 52, "l": 1970, "nm": "CENTRO DE CONVIVÊNCIA DA 3ª IDADE", "nm_mun": "VITÓRIA", "aptos": 526, "imp": 0}}, {"type": "Feature", "geometry": {"type": "Point", "coordinates": [-40.267816, -20.257126]}, "properties": {"i": 1650, "mun": 57053, "ibge": 3205309, "z": 52, "l": 1988, "nm": "EMEFM  ELZIRA VIVACQUA DOS SANTOS", "nm_mun": "VITÓRIA", "aptos": 4753, "imp": 0}}, {"type": "Feature", "geometry": {"type": "Point", "coordinates": [-40.26863, -20.25137]}, "properties": {"i": 1651, "mun": 57053, "ibge": 3205309, "z": 52, "l": 1996, "nm": "EMEF ADELVANI SYSESMUNDO F. DE AZEVEDO", "nm_mun": "VITÓRIA", "aptos": 5174, "imp": 0}}, {"type": "Feature", "geometry": {"type": "Point", "coordinates": [-40.263122, -20.255211]}, "properties": {"i": 1652, "mun": 57053, "ibge": 3205309, "z": 52, "l": 2003, "nm": "ISJB - COLÉGIO SALESIANO JARDIM CAMBURI", "nm_mun": "VITÓRIA", "aptos": 5896, "imp": 0}}, {"type": "Feature", "geometry": {"type": "Point", "coordinates": [-40.296115, -20.278547]}, "properties": {"i": 1653, "mun": 57053, "ibge": 3205309, "z": 52, "l": 2011, "nm": "COLÉGIO AMÉRICA", "nm_mun": "VITÓRIA", "aptos": 1413, "imp": 0}}, {"type": "Feature", "geometry": {"type": "Point", "coordinates": [-40.309264, -20.313205]}, "properties": {"i": 1654, "mun": 57053, "ibge": 3205309, "z": 52, "l": 2020, "nm": "ESCOLA SÃO DOMINGOS (UNIDADE 2)", "nm_mun": "VITÓRIA", "aptos": 3908, "imp": 0}}, {"type": "Feature", "geometry": {"type": "Point", "coordinates": [-40.290702, -20.31719]}, "properties": {"i": 1655, "mun": 57053, "ibge": 3205309, "z": 52, "l": 2038, "nm": "ESCOLA MONTEIRO", "nm_mun": "VITÓRIA", "aptos": 904, "imp": 0}}, {"type": "Feature", "geometry": {"type": "Point", "coordinates": [-40.293073, -20.293519]}, "properties": {"i": 1656, "mun": 57053, "ibge": 3205309, "z": 52, "l": 2046, "nm": "ESCOLA CRESCER PHD", "nm_mun": "VITÓRIA", "aptos": 1390, "imp": 0}}, {"type": "Feature", "geometry": {"type": "Point", "coordinates": [-40.299647, -20.301063]}, "properties": {"i": 1657, "mun": 57053, "ibge": 3205309, "z": 52, "l": 2054, "nm": "CENTRO EDUCACIONAL PRIMEIRO MUNDO", "nm_mun": "VITÓRIA", "aptos": 1583, "imp": 0}}, {"type": "Feature", "geometry": {"type": "Point", "coordinates": [-40.26665, -20.25681]}, "properties": {"i": 1658, "mun": 57053, "ibge": 3205309, "z": 52, "l": 2070, "nm": "PRÉDIO ANEXO DA PRIMEIRA IGREJA BATISTA DE JARDIM CAMBURI", "nm_mun": "VITÓRIA", "aptos": 793, "imp": 0}}, {"type": "Feature", "geometry": {"type": "Point", "coordinates": [-40.263366, -20.264055]}, "properties": {"i": 1659, "mun": 57053, "ibge": 3205309, "z": 52, "l": 2089, "nm": "CMEI LIZANDRE IGNÊS CARPANEDO DO CARMO (ANTIGO RUBENS)", "nm_mun": "VITÓRIA", "aptos": 1678, "imp": 0}}, {"type": "Feature", "geometry": {"type": "Point", "coordinates": [-40.30643, -20.31752]}, "properties": {"i": 1660, "mun": 57053, "ibge": 3205309, "z": 52, "l": 2097, "nm": "SENAI - SERVIÇO NACIONAL DE APRENDIZAGEM INDUSTRIAL", "nm_mun": "VITÓRIA", "aptos": 1692, "imp": 0}}, {"type": "Feature", "geometry": {"type": "Point", "coordinates": [-40.544458, -19.414411]}, "properties": {"i": 1661, "mun": 57070, "ibge": 3203353, "z": 46, "l": 1015, "nm": "EMEF MARIA IZABEL FALCHETO", "nm_mun": "MARILÂNDIA", "aptos": 2131, "imp": 0}}, {"type": "Feature", "geometry": {"type": "Point", "coordinates": [-40.544643, -19.414416]}, "properties": {"i": 1662, "mun": 57070, "ibge": 3203353, "z": 46, "l": 1023, "nm": "EMEI INÊS ALTOÉ FRANCO", "nm_mun": "MARILÂNDIA", "aptos": 730, "imp": 0}}, {"type": "Feature", "geometry": {"type": "Point", "coordinates": [-40.543951, -19.410163]}, "properties": {"i": 1663, "mun": 57070, "ibge": 3203353, "z": 46, "l": 1031, "nm": "EEEFM PADRE ANTONIO VOLKERS", "nm_mun": "MARILÂNDIA", "aptos": 4999, "imp": 0}}, {"type": "Feature", "geometry": {"type": "Point", "coordinates": [-40.463611, -19.47475]}, "properties": {"i": 1664, "mun": 57070, "ibge": 3203353, "z": 46, "l": 1040, "nm": "EMEIEF PADRE LUIZ DA GRÃ", "nm_mun": "MARILÂNDIA", "aptos": 497, "imp": 0}}, {"type": "Feature", "geometry": {"type": "Point", "coordinates": [-40.628065, -19.436968]}, "properties": {"i": 1665, "mun": 57070, "ibge": 3203353, "z": 46, "l": 1066, "nm": "EMEIEF ALACYR BARBIERI", "nm_mun": "MARILÂNDIA", "aptos": 211, "imp": 0}}, {"type": "Feature", "geometry": {"type": "Point", "coordinates": [-40.60834, -19.363214]}, "properties": {"i": 1666, "mun": 57070, "ibge": 3203353, "z": 46, "l": 1074, "nm": "EMEIEFTI ÂNGELO BRAVIN", "nm_mun": "MARILÂNDIA", "aptos": 963, "imp": 0}}, {"type": "Feature", "geometry": {"type": "Point", "coordinates": [-40.614924, -19.392812]}, "properties": {"i": 1667, "mun": 57070, "ibge": 3203353, "z": 46, "l": 1090, "nm": "EMEIEF SÃO JUDAS TADEU", "nm_mun": "MARILÂNDIA", "aptos": 701, "imp": 0}}, {"type": "Feature", "geometry": {"type": "Point", "coordinates": [-40.539661, -19.364938]}, "properties": {"i": 1668, "mun": 57070, "ibge": 3203353, "z": 46, "l": 1104, "nm": "EMEIEF ALTO LIBERDADE", "nm_mun": "MARILÂNDIA", "aptos": 393, "imp": 0}}, {"type": "Feature", "geometry": {"type": "Point", "coordinates": [-40.441108, -19.531283]}, "properties": {"i": 1669, "mun": 57070, "ibge": 3203353, "z": 46, "l": 1112, "nm": "EMUEF MARCELLINO BAPTISTA", "nm_mun": "MARILÂNDIA", "aptos": 260, "imp": 0}}, {"type": "Feature", "geometry": {"type": "Point", "coordinates": [-41.50822, -20.234554]}, "properties": {"i": 1670, "mun": 57096, "ibge": 3202454, "z": 10, "l": 1015, "nm": "EEEFM MARIA TRINDADE OLIVEIRA", "nm_mun": "IBATIBA", "aptos": 3924, "imp": 0}}, {"type": "Feature", "geometry": {"type": "Point", "coordinates": [-41.584053, -20.235844]}, "properties": {"i": 1671, "mun": 57096, "ibge": 3202454, "z": 10, "l": 1031, "nm": "EMEF ADELAIDE RODRIGUES MOREIRA", "nm_mun": "IBATIBA", "aptos": 1368, "imp": 0}}, {"type": "Feature", "geometry": {"type": "Point", "coordinates": [-41.620841, -20.218753]}, "properties": {"i": 1672, "mun": 57096, "ibge": 3202454, "z": 10, "l": 1040, "nm": "EMEF AGENOR DE SOUZA LÉ", "nm_mun": "IBATIBA", "aptos": 1011, "imp": 0}}, {"type": "Feature", "geometry": {"type": "Point", "coordinates": [-41.504449, -20.231472]}, "properties": {"i": 1673, "mun": 57096, "ibge": 3202454, "z": 10, "l": 1058, "nm": "EMEF DAVID GOMES", "nm_mun": "IBATIBA", "aptos": 4024, "imp": 0}}, {"type": "Feature", "geometry": {"type": "Point", "coordinates": [-41.482442, -20.249152]}, "properties": {"i": 1674, "mun": 57096, "ibge": 3202454, "z": 10, "l": 1074, "nm": "EMEF SANTA MARIA", "nm_mun": "IBATIBA", "aptos": 669, "imp": 0}}, {"type": "Feature", "geometry": {"type": "Point", "coordinates": [-40.368608, -20.360187]}, "properties": {"i": 1675, "mun": 57096, "ibge": 3202454, "z": 10, "l": 1082, "nm": "EMEF HELENA ALMOCDICE VALADÃO", "nm_mun": "IBATIBA", "aptos": 598, "imp": 1}}, {"type": "Feature", "geometry": {"type": "Point", "coordinates": [-41.510634, -20.237721]}, "properties": {"i": 1676, "mun": 57096, "ibge": 3202454, "z": 10, "l": 1090, "nm": "EMEF EUNICE PEREIRA SILVEIRA", "nm_mun": "IBATIBA", "aptos": 2962, "imp": 0}}, {"type": "Feature", "geometry": {"type": "Point", "coordinates": [-41.508491, -20.23635]}, "properties": {"i": 1677, "mun": 57096, "ibge": 3202454, "z": 10, "l": 1104, "nm": "IFES - INSTITUTO FEDERAL DO ESPÍRITO SANTO", "nm_mun": "IBATIBA", "aptos": 3994, "imp": 0}}, {"type": "Feature", "geometry": {"type": "Point", "coordinates": [-41.510156, -20.230425]}, "properties": {"i": 1678, "mun": 57096, "ibge": 3202454, "z": 10, "l": 1112, "nm": "CMEI MARIA JOSE FARIA", "nm_mun": "IBATIBA", "aptos": 891, "imp": 0}}, {"type": "Feature", "geometry": {"type": "Point", "coordinates": [-40.368608, -20.360187]}, "properties": {"i": 1679, "mun": 57096, "ibge": 3202454, "z": 10, "l": 1120, "nm": "EMEF PROFESSOR JOSE MARIA PEREIRA", "nm_mun": "IBATIBA", "aptos": 182, "imp": 1}}, {"type": "Feature", "geometry": {"type": "Point", "coordinates": [-40.333013, -19.26438]}, "properties": {"i": 1680, "mun": 57118, "ibge": 3204351, "z": 51, "l": 1023, "nm": "EMEI TIA AMÉLIA", "nm_mun": "RIO BANANAL", "aptos": 2940, "imp": 0}}, {"type": "Feature", "geometry": {"type": "Point", "coordinates": [-41.004397, -20.669237]}, "properties": {"i": 1681, "mun": 57118, "ibge": 3204351, "z": 51, "l": 1074, "nm": "EMEF PROF. MARIA ENDRINGER ANHOLETI", "nm_mun": "RIO BANANAL", "aptos": 1674, "imp": 1}}, {"type": "Feature", "geometry": {"type": "Point", "coordinates": [-40.319664, -19.274365]}, "properties": {"i": 1682, "mun": 57118, "ibge": 3204351, "z": 51, "l": 1082, "nm": "EMEF NOVO SABER", "nm_mun": "RIO BANANAL", "aptos": 3529, "imp": 0}}, {"type": "Feature", "geometry": {"type": "Point", "coordinates": [-40.25815, -19.129314]}, "properties": {"i": 1683, "mun": 57118, "ibge": 3204351, "z": 51, "l": 1139, "nm": "EMUEF SÃO SEBASTIÃO DO LAGRIMAL", "nm_mun": "RIO BANANAL", "aptos": 501, "imp": 0}}, {"type": "Feature", "geometry": {"type": "Point", "coordinates": [-40.353012, -19.225648]}, "properties": {"i": 1684, "mun": 57118, "ibge": 3204351, "z": 51, "l": 1155, "nm": "EMEIEF PRIMAVERA", "nm_mun": "RIO BANANAL", "aptos": 1094, "imp": 0}}, {"type": "Feature", "geometry": {"type": "Point", "coordinates": [-40.280167, -19.189576]}, "properties": {"i": 1685, "mun": 57118, "ibge": 3204351, "z": 51, "l": 1171, "nm": "EMEIEF SANTA RITA", "nm_mun": "RIO BANANAL", "aptos": 915, "imp": 0}}, {"type": "Feature", "geometry": {"type": "Point", "coordinates": [-40.273214, -19.308371]}, "properties": {"i": 1686, "mun": 57118, "ibge": 3204351, "z": 51, "l": 1210, "nm": "EMEIEF JOSÉ STEFENONI", "nm_mun": "RIO BANANAL", "aptos": 1623, "imp": 0}}, {"type": "Feature", "geometry": {"type": "Point", "coordinates": [-40.359837, -19.31888]}, "properties": {"i": 1687, "mun": 57118, "ibge": 3204351, "z": 51, "l": 1236, "nm": "EMEIEF PANORAMA", "nm_mun": "RIO BANANAL", "aptos": 936, "imp": 0}}, {"type": "Feature", "geometry": {"type": "Point", "coordinates": [-40.361335, -19.121447]}, "properties": {"i": 1688, "mun": 57118, "ibge": 3204351, "z": 51, "l": 1287, "nm": "EMEF TIRADENTES", "nm_mun": "RIO BANANAL", "aptos": 2338, "imp": 0}}, {"type": "Feature", "geometry": {"type": "Point", "coordinates": [-40.069431, -18.905289]}, "properties": {"i": 1689, "mun": 57134, "ibge": 3203056, "z": 41, "l": 1015, "nm": "EMEF CIPRIANO COCCO", "nm_mun": "JAGUARÉ", "aptos": 2413, "imp": 0}}, {"type": "Feature", "geometry": {"type": "Point", "coordinates": [-40.055642, -18.909859]}, "properties": {"i": 1690, "mun": 57134, "ibge": 3203056, "z": 41, "l": 1023, "nm": "EEEM PEDRO PAULO GROBÉRIO", "nm_mun": "JAGUARÉ", "aptos": 2774, "imp": 0}}, {"type": "Feature", "geometry": {"type": "Point", "coordinates": [-40.077531, -18.911954]}, "properties": {"i": 1691, "mun": 57134, "ibge": 3203056, "z": 41, "l": 1031, "nm": "PRÉ-ESCOLA MUNICIPAL DOM BOSCO", "nm_mun": "JAGUARÉ", "aptos": 2336, "imp": 0}}, {"type": "Feature", "geometry": {"type": "Point", "coordinates": [-40.077531, -18.911954]}, "properties": {"i": 1692, "mun": 57134, "ibge": 3203056, "z": 41, "l": 1040, "nm": "EEEFM IRMÃ TERESA ALTOÉ", "nm_mun": "JAGUARÉ", "aptos": 3445, "imp": 0}}, {"type": "Feature", "geometry": {"type": "Point", "coordinates": [-40.171691, -18.906615]}, "properties": {"i": 1693, "mun": 57134, "ibge": 3203056, "z": 41, "l": 1058, "nm": "EMEF PATRIMÔNIO NOSSA SENHORA DE FÁTIMA", "nm_mun": "JAGUARÉ", "aptos": 1519, "imp": 0}}, {"type": "Feature", "geometry": {"type": "Point", "coordinates": [-40.079369, -18.831445]}, "properties": {"i": 1694, "mun": 57134, "ibge": 3203056, "z": 41, "l": 1082, "nm": "ESCOLA COMUNITÁRIA RURAL MUNICIPAL DO GIRAU", "nm_mun": "JAGUARÉ", "aptos": 1536, "imp": 0}}, {"type": "Feature", "geometry": {"type": "Point", "coordinates": [-39.974724, -18.933763]}, "properties": {"i": 1695, "mun": 57134, "ibge": 3203056, "z": 41, "l": 1112, "nm": "EMEF ORÉLIO CALIMAN", "nm_mun": "JAGUARÉ", "aptos": 1721, "imp": 0}}, {"type": "Feature", "geometry": {"type": "Point", "coordinates": [-40.179341, -18.861552]}, "properties": {"i": 1696, "mun": 57134, "ibge": 3203056, "z": 41, "l": 1139, "nm": "EMEIEF PATRIMÔNIO ALTOÉ", "nm_mun": "JAGUARÉ", "aptos": 796, "imp": 0}}, {"type": "Feature", "geometry": {"type": "Point", "coordinates": [-39.999618, -18.991463]}, "properties": {"i": 1697, "mun": 57134, "ibge": 3203056, "z": 41, "l": 1147, "nm": "EMEF BENEDITA DOS SANTOS SILVA (ANTIGA BARRA SECA DE PONTE NOVA)", "nm_mun": "JAGUARÉ", "aptos": 1072, "imp": 0}}, {"type": "Feature", "geometry": {"type": "Point", "coordinates": [-39.93095, -19.018433]}, "properties": {"i": 1698, "mun": 57134, "ibge": 3203056, "z": 41, "l": 1155, "nm": "EPM SÃO JOÃO DO ESTIVADO", "nm_mun": "JAGUARÉ", "aptos": 500, "imp": 0}}, {"type": "Feature", "geometry": {"type": "Point", "coordinates": [-39.957295, -18.904197]}, "properties": {"i": 1699, "mun": 57134, "ibge": 3203056, "z": 41, "l": 1171, "nm": "EPG SANTA RITA DE CÁSSIA", "nm_mun": "JAGUARÉ", "aptos": 1204, "imp": 0}}, {"type": "Feature", "geometry": {"type": "Point", "coordinates": [-40.149899, -18.845049]}, "properties": {"i": 1700, "mun": 57134, "ibge": 3203056, "z": 41, "l": 1198, "nm": "EMEIEF VARGEM GRANDE", "nm_mun": "JAGUARÉ", "aptos": 605, "imp": 0}}, {"type": "Feature", "geometry": {"type": "Point", "coordinates": [-39.904197, -18.958909]}, "properties": {"i": 1701, "mun": 57134, "ibge": 3203056, "z": 41, "l": 1201, "nm": "EMEF ADRIANA DE SOUZA BARCELOS (ANTIGO PALMITINHO)", "nm_mun": "JAGUARÉ", "aptos": 379, "imp": 0}}, {"type": "Feature", "geometry": {"type": "Point", "coordinates": [-40.010885, -18.906722]}, "properties": {"i": 1702, "mun": 57134, "ibge": 3203056, "z": 41, "l": 1210, "nm": "EMEIEF SÃO ROQUE", "nm_mun": "JAGUARÉ", "aptos": 829, "imp": 0}}, {"type": "Feature", "geometry": {"type": "Point", "coordinates": [-40.062184, -18.907595]}, "properties": {"i": 1703, "mun": 57134, "ibge": 3203056, "z": 41, "l": 1228, "nm": "EMEF MARCIANO ALTOÉ", "nm_mun": "JAGUARÉ", "aptos": 1264, "imp": 0}}, {"type": "Feature", "geometry": {"type": "Point", "coordinates": [-40.072527, -18.913147]}, "properties": {"i": 1704, "mun": 57134, "ibge": 3203056, "z": 41, "l": 1236, "nm": "EMEF SANTA CATARINA", "nm_mun": "JAGUARÉ", "aptos": 1661, "imp": 0}}, {"type": "Feature", "geometry": {"type": "Point", "coordinates": [-40.079369, -18.831445]}, "properties": {"i": 1705, "mun": 57134, "ibge": 3203056, "z": 41, "l": 1244, "nm": "ESCOLA COMUNITÁRIA RURAL MUNICIPAL DE JAPIRA", "nm_mun": "JAGUARÉ", "aptos": 255, "imp": 0}}, {"type": "Feature", "geometry": {"type": "Point", "coordinates": [-40.056686, -18.221604]}, "properties": {"i": 1706, "mun": 57150, "ibge": 3204054, "z": 27, "l": 1015, "nm": "ESCOLA TRÊS DE MAIO", "nm_mun": "PEDRO CANÁRIO", "aptos": 589, "imp": 0}}, {"type": "Feature", "geometry": {"type": "Point", "coordinates": [-39.95757, -18.30412]}, "properties": {"i": 1707, "mun": 57150, "ibge": 3204054, "z": 27, "l": 1023, "nm": "EPG PROF. GUEDES ALCOFORADO", "nm_mun": "PEDRO CANÁRIO", "aptos": 3523, "imp": 0}}, {"type": "Feature", "geometry": {"type": "Point", "coordinates": [-39.951482, -18.30524]}, "properties": {"i": 1708, "mun": 57150, "ibge": 3204054, "z": 27, "l": 1031, "nm": "EPG SÃO JOÃO BATISTA", "nm_mun": "PEDRO CANÁRIO", "aptos": 1085, "imp": 0}}, {"type": "Feature", "geometry": {"type": "Point", "coordinates": [-39.95986, -18.295857]}, "properties": {"i": 1709, "mun": 57150, "ibge": 3204054, "z": 27, "l": 1040, "nm": "ESCOLA MARCOS BRUNELLI", "nm_mun": "PEDRO CANÁRIO", "aptos": 1143, "imp": 0}}, {"type": "Feature", "geometry": {"type": "Point", "coordinates": [-39.958919, -18.295902]}, "properties": {"i": 1710, "mun": 57150, "ibge": 3204054, "z": 27, "l": 1058, "nm": "EPG DR EDWARD ABREU DO NASCIMENTO", "nm_mun": "PEDRO CANÁRIO", "aptos": 1742, "imp": 0}}, {"type": "Feature", "geometry": {"type": "Point", "coordinates": [-39.948539, -18.296618]}, "properties": {"i": 1711, "mun": 57150, "ibge": 3204054, "z": 27, "l": 1066, "nm": "EPG FELINTO DAMIÃO", "nm_mun": "PEDRO CANÁRIO", "aptos": 1719, "imp": 0}}, {"type": "Feature", "geometry": {"type": "Point", "coordinates": [-39.949788, -18.297546]}, "properties": {"i": 1712, "mun": 57150, "ibge": 3204054, "z": 27, "l": 1074, "nm": "EMEFM MANOEL DUARTE DA CUNHA", "nm_mun": "PEDRO CANÁRIO", "aptos": 2870, "imp": 0}}, {"type": "Feature", "geometry": {"type": "Point", "coordinates": [-39.940834, -18.306358]}, "properties": {"i": 1713, "mun": 57150, "ibge": 3204054, "z": 27, "l": 1082, "nm": "CRECHE NORMILIA SANTOS", "nm_mun": "PEDRO CANÁRIO", "aptos": 1622, "imp": 0}}, {"type": "Feature", "geometry": {"type": "Point", "coordinates": [-40.150658, -18.030944]}, "properties": {"i": 1714, "mun": 57150, "ibge": 3204054, "z": 27, "l": 1104, "nm": "EPE TAQUARAS", "nm_mun": "PEDRO CANÁRIO", "aptos": 549, "imp": 0}}, {"type": "Feature", "geometry": {"type": "Point", "coordinates": [-40.079869, -18.263022]}, "properties": {"i": 1715, "mun": 57150, "ibge": 3204054, "z": 27, "l": 1112, "nm": "EPG FLORESTA DO SUL", "nm_mun": "PEDRO CANÁRIO", "aptos": 740, "imp": 0}}, {"type": "Feature", "geometry": {"type": "Point", "coordinates": [-39.951591, -18.293689]}, "properties": {"i": 1716, "mun": 57150, "ibge": 3204054, "z": 27, "l": 1120, "nm": "EPG PEDRO CANÁRIO RIBEIRO", "nm_mun": "PEDRO CANÁRIO", "aptos": 1248, "imp": 0}}, {"type": "Feature", "geometry": {"type": "Point", "coordinates": [-40.107992, -18.087115]}, "properties": {"i": 1717, "mun": 57150, "ibge": 3204054, "z": 27, "l": 1139, "nm": "EMPEF CRISTAL DO NORTE", "nm_mun": "PEDRO CANÁRIO", "aptos": 2117, "imp": 0}}, {"type": "Feature", "geometry": {"type": "Point", "coordinates": [-40.00181, -18.166652]}, "properties": {"i": 1718, "mun": 57150, "ibge": 3204054, "z": 27, "l": 1155, "nm": "EMPEIF JOSÉ FRANCISCO CORDEIRO", "nm_mun": "PEDRO CANÁRIO", "aptos": 9, "imp": 1}}, {"type": "Feature", "geometry": {"type": "Point", "coordinates": [-41.059888, -19.971271]}, "properties": {"i": 1719, "mun": 57916, "ibge": 3203163, "z": 7, "l": 1015, "nm": "EMEIF VALENTIM PEROZINI", "nm_mun": "LARANJA DA TERRA", "aptos": 532, "imp": 0}}, {"type": "Feature", "geometry": {"type": "Point", "coordinates": [-41.01493, -19.90387]}, "properties": {"i": 1720, "mun": 57916, "ibge": 3203163, "z": 7, "l": 1031, "nm": "EMEIF LARANJA DA TERRA", "nm_mun": "LARANJA DA TERRA", "aptos": 900, "imp": 0}}, {"type": "Feature", "geometry": {"type": "Point", "coordinates": [-41.112727, -19.82558]}, "properties": {"i": 1721, "mun": 57916, "ibge": 3203163, "z": 7, "l": 1040, "nm": "EMEIF JOÃO VALIM", "nm_mun": "LARANJA DA TERRA", "aptos": 2748, "imp": 0}}, {"type": "Feature", "geometry": {"type": "Point", "coordinates": [-40.960473, -19.879155]}, "properties": {"i": 1722, "mun": 57916, "ibge": 3203163, "z": 7, "l": 1066, "nm": "EEEFM JOAQUIM CAETANO DE PAIVA", "nm_mun": "LARANJA DA TERRA", "aptos": 1942, "imp": 0}}, {"type": "Feature", "geometry": {"type": "Point", "coordinates": [-41.056937, -19.899662]}, "properties": {"i": 1723, "mun": 57916, "ibge": 3203163, "z": 7, "l": 1139, "nm": "EMEIEF UNIÃO LARANJENSE", "nm_mun": "LARANJA DA TERRA", "aptos": 2130, "imp": 0}}, {"type": "Feature", "geometry": {"type": "Point", "coordinates": [-40.738965, -18.984924]}, "properties": {"i": 1724, "mun": 57916, "ibge": 3203163, "z": 7, "l": 1147, "nm": "EEEFM LUIZ JOUFFROY", "nm_mun": "LARANJA DA TERRA", "aptos": 1250, "imp": 1}}, {"type": "Feature", "geometry": {"type": "Point", "coordinates": [-40.742879, -20.029404]}, "properties": {"i": 1725, "mun": 57932, "ibge": 3204559, "z": 9, "l": 1031, "nm": "EEEFM GRAÇA ARANHA", "nm_mun": "SANTA MARIA DE JETIBÁ", "aptos": 8627, "imp": 0}}, {"type": "Feature", "geometry": {"type": "Point", "coordinates": [-40.675823, -20.096251]}, "properties": {"i": 1726, "mun": 57932, "ibge": 3204559, "z": 9, "l": 1040, "nm": "EEEFM FREDERICO BOLDT", "nm_mun": "SANTA MARIA DE JETIBÁ", "aptos": 1927, "imp": 0}}, {"type": "Feature", "geometry": {"type": "Point", "coordinates": [-40.885359, -20.153149]}, "properties": {"i": 1727, "mun": 57932, "ibge": 3204559, "z": 9, "l": 1082, "nm": "EMEF ANTONIO GONÇALVES", "nm_mun": "SANTA MARIA DE JETIBÁ", "aptos": 2424, "imp": 0}}, {"type": "Feature", "geometry": {"type": "Point", "coordinates": [-40.843228, -20.066395]}, "properties": {"i": 1728, "mun": 57932, "ibge": 3204559, "z": 9, "l": 1155, "nm": "EEEFM ALTO RIO POSSMOSER", "nm_mun": "SANTA MARIA DE JETIBÁ", "aptos": 3016, "imp": 0}}, {"type": "Feature", "geometry": {"type": "Point", "coordinates": [-40.943809, -20.152975]}, "properties": {"i": 1729, "mun": 57932, "ibge": 3204559, "z": 9, "l": 1163, "nm": "EMEF JOÃO LAUVERS", "nm_mun": "SANTA MARIA DE JETIBÁ", "aptos": 2508, "imp": 0}}, {"type": "Feature", "geometry": {"type": "Point", "coordinates": [-40.6427, -20.054227]}, "properties": {"i": 1730, "mun": 57932, "ibge": 3204559, "z": 9, "l": 1180, "nm": "USINA RIO BONITO", "nm_mun": "SANTA MARIA DE JETIBÁ", "aptos": 170, "imp": 0}}, {"type": "Feature", "geometry": {"type": "Point", "coordinates": [-40.808749, -20.162796]}, "properties": {"i": 1731, "mun": 57932, "ibge": 3204559, "z": 9, "l": 1279, "nm": "EP FAZENDA ARTHUR PLASTER", "nm_mun": "SANTA MARIA DE JETIBÁ", "aptos": 845, "imp": 0}}, {"type": "Feature", "geometry": {"type": "Point", "coordinates": [-40.683757, -20.02201]}, "properties": {"i": 1732, "mun": 57932, "ibge": 3204559, "z": 9, "l": 1325, "nm": "EMEF DE RECREIO", "nm_mun": "SANTA MARIA DE JETIBÁ", "aptos": 1070, "imp": 0}}, {"type": "Feature", "geometry": {"type": "Point", "coordinates": [-40.703717, -20.049309]}, "properties": {"i": 1733, "mun": 57932, "ibge": 3204559, "z": 9, "l": 1333, "nm": "CENTRO COMUNITÁRIO DA IGREJA LUTERANA DE ALTO SÃO SEBASTIÃO DE CIMA", "nm_mun": "SANTA MARIA DE JETIBÁ", "aptos": 786, "imp": 0}}, {"type": "Feature", "geometry": {"type": "Point", "coordinates": [-40.632005, -20.006044]}, "properties": {"i": 1734, "mun": 57932, "ibge": 3204559, "z": 9, "l": 1341, "nm": "EU SÃO JOSÉ DO RIO CLARO", "nm_mun": "SANTA MARIA DE JETIBÁ", "aptos": 121, "imp": 0}}, {"type": "Feature", "geometry": {"type": "Point", "coordinates": [-40.744059, -20.026746]}, "properties": {"i": 1735, "mun": 57932, "ibge": 3204559, "z": 9, "l": 1350, "nm": "JARDIM DE INFÂNCIA POMMER", "nm_mun": "SANTA MARIA DE JETIBÁ", "aptos": 2243, "imp": 0}}, {"type": "Feature", "geometry": {"type": "Point", "coordinates": [-40.743867, -20.022824]}, "properties": {"i": 1736, "mun": 57932, "ibge": 3204559, "z": 9, "l": 1368, "nm": "ESCOLA COOPERAÇÃO", "nm_mun": "SANTA MARIA DE JETIBÁ", "aptos": 2331, "imp": 0}}, {"type": "Feature", "geometry": {"type": "Point", "coordinates": [-40.738192, -20.003343]}, "properties": {"i": 1737, "mun": 57932, "ibge": 3204559, "z": 9, "l": 1376, "nm": "EEEF SÃO LUIZ", "nm_mun": "SANTA MARIA DE JETIBÁ", "aptos": 2543, "imp": 0}}, {"type": "Feature", "geometry": {"type": "Point", "coordinates": [-40.703717, -20.049309]}, "properties": {"i": 1738, "mun": 57932, "ibge": 3204559, "z": 9, "l": 1384, "nm": "EEEF PROFESSOR HERMANN BERGER", "nm_mun": "SANTA MARIA DE JETIBÁ", "aptos": 827, "imp": 0}}, {"type": "Feature", "geometry": {"type": "Point", "coordinates": [-40.763135, -20.020128]}, "properties": {"i": 1739, "mun": 57932, "ibge": 3204559, "z": 9, "l": 1392, "nm": "EP DE VILA JETIBÁ", "nm_mun": "SANTA MARIA DE JETIBÁ", "aptos": 1174, "imp": 0}}, {"type": "Feature", "geometry": {"type": "Point", "coordinates": [-40.738023, -20.082271]}, "properties": {"i": 1740, "mun": 57932, "ibge": 3204559, "z": 9, "l": 1406, "nm": "EMPEIEF RIO DAS PEDRAS", "nm_mun": "SANTA MARIA DE JETIBÁ", "aptos": 432, "imp": 0}}, {"type": "Feature", "geometry": {"type": "Point", "coordinates": [-40.82308, -19.957135]}, "properties": {"i": 1741, "mun": 57932, "ibge": 3204559, "z": 9, "l": 1422, "nm": "EMEI FAZENDA EMÍLIO SCHROEDER", "nm_mun": "SANTA MARIA DE JETIBÁ", "aptos": 272, "imp": 1}}, {"type": "Feature", "geometry": {"type": "Point", "coordinates": [-41.056267, -20.664613]}, "properties": {"i": 1742, "mun": 57959, "ibge": 3205036, "z": 35, "l": 1015, "nm": "EEEF PROSPERIDADE", "nm_mun": "VARGEM ALTA", "aptos": 871, "imp": 0}}, {"type": "Feature", "geometry": {"type": "Point", "coordinates": [-40.976581, -20.747145]}, "properties": {"i": 1743, "mun": 57959, "ibge": 3205036, "z": 35, "l": 1023, "nm": "ESCOLA MUNICIPAL DE PARAÍSO", "nm_mun": "VARGEM ALTA", "aptos": 537, "imp": 0}}, {"type": "Feature", "geometry": {"type": "Point", "coordinates": [-41.004397, -20.669237]}, "properties": {"i": 1744, "mun": 57959, "ibge": 3205036, "z": 35, "l": 1031, "nm": "EMEB ALZIRA GOMES", "nm_mun": "VARGEM ALTA", "aptos": 2090, "imp": 0}}, {"type": "Feature", "geometry": {"type": "Point", "coordinates": [-40.98543, -20.520811]}, "properties": {"i": 1745, "mun": 57959, "ibge": 3205036, "z": 35, "l": 1040, "nm": "EMEB JOÃO DOMINGOS FASSARELA - CASTELINHO", "nm_mun": "VARGEM ALTA", "aptos": 1449, "imp": 0}}, {"type": "Feature", "geometry": {"type": "Point", "coordinates": [-41.018696, -20.851668]}, "properties": {"i": 1746, "mun": 57959, "ibge": 3205036, "z": 35, "l": 1058, "nm": "POSTO DE SAÚDE DE POÇO DANTAS", "nm_mun": "VARGEM ALTA", "aptos": 481, "imp": 0}}, {"type": "Feature", "geometry": {"type": "Point", "coordinates": [-41.091282, -20.713077]}, "properties": {"i": 1747, "mun": 57959, "ibge": 3205036, "z": 35, "l": 1074, "nm": "EEEF CASEMIRO COSTA - A. GIRONDA", "nm_mun": "VARGEM ALTA", "aptos": 227, "imp": 0}}, {"type": "Feature", "geometry": {"type": "Point", "coordinates": [-41.011782, -20.722644]}, "properties": {"i": 1748, "mun": 57959, "ibge": 3205036, "z": 35, "l": 1090, "nm": "ESCOLA DE BELÉM", "nm_mun": "VARGEM ALTA", "aptos": 410, "imp": 0}}, {"type": "Feature", "geometry": {"type": "Point", "coordinates": [-41.047991, -20.590027]}, "properties": {"i": 1749, "mun": 57959, "ibge": 3205036, "z": 35, "l": 1104, "nm": "EMEB ANTONIO VAZZOLER - CAPIVARA", "nm_mun": "VARGEM ALTA", "aptos": 495, "imp": 0}}, {"type": "Feature", "geometry": {"type": "Point", "coordinates": [-41.068924, -20.692127]}, "properties": {"i": 1750, "mun": 57959, "ibge": 3205036, "z": 35, "l": 1112, "nm": "PRÉ ESCOLA DE PEDRA BRANCA", "nm_mun": "VARGEM ALTA", "aptos": 471, "imp": 0}}, {"type": "Feature", "geometry": {"type": "Point", "coordinates": [-41.01829, -20.70307]}, "properties": {"i": 1751, "mun": 57959, "ibge": 3205036, "z": 35, "l": 1120, "nm": "EEEFM AGOSTINHO AGRIZZI - JACIGUÁ", "nm_mun": "VARGEM ALTA", "aptos": 2686, "imp": 0}}, {"type": "Feature", "geometry": {"type": "Point", "coordinates": [-41.010653, -20.672424]}, "properties": {"i": 1752, "mun": 57959, "ibge": 3205036, "z": 35, "l": 1155, "nm": "EEEFM PRESIDENTE LUEBKE", "nm_mun": "VARGEM ALTA", "aptos": 3166, "imp": 0}}, {"type": "Feature", "geometry": {"type": "Point", "coordinates": [-41.029895, -20.604878]}, "properties": {"i": 1753, "mun": 57959, "ibge": 3205036, "z": 35, "l": 1163, "nm": "EMEB PEDRO MILANEZE ALTOÉ", "nm_mun": "VARGEM ALTA", "aptos": 3118, "imp": 0}}, {"type": "Feature", "geometry": {"type": "Point", "coordinates": [-41.131648, -20.335256]}, "properties": {"i": 1754, "mun": 57975, "ibge": 3205069, "z": 40, "l": 1040, "nm": "EEEF DOMINGOS PERIM", "nm_mun": "VENDA NOVA DO IMIGRANTE", "aptos": 3861, "imp": 0}}, {"type": "Feature", "geometry": {"type": "Point", "coordinates": [-41.133009, -20.328229]}, "properties": {"i": 1755, "mun": 57975, "ibge": 3205069, "z": 40, "l": 1058, "nm": "EEEFM FIORAVANTE CALIMAM", "nm_mun": "VENDA NOVA DO IMIGRANTE", "aptos": 4163, "imp": 0}}, {"type": "Feature", "geometry": {"type": "Point", "coordinates": [-41.134951, -20.323844]}, "properties": {"i": 1756, "mun": 57975, "ibge": 3205069, "z": 40, "l": 1066, "nm": "EEEF LIBERAL ZANDONADI", "nm_mun": "VENDA NOVA DO IMIGRANTE", "aptos": 3725, "imp": 0}}, {"type": "Feature", "geometry": {"type": "Point", "coordinates": [-41.185348, -20.337023]}, "properties": {"i": 1757, "mun": 57975, "ibge": 3205069, "z": 40, "l": 1074, "nm": "EMEF ATÍLIO PIZZOL", "nm_mun": "VENDA NOVA DO IMIGRANTE", "aptos": 2794, "imp": 0}}, {"type": "Feature", "geometry": {"type": "Point", "coordinates": [-41.143358, -20.395703]}, "properties": {"i": 1758, "mun": 57975, "ibge": 3205069, "z": 40, "l": 1104, "nm": "EMEIEF DE PINDOBAS", "nm_mun": "VENDA NOVA DO IMIGRANTE", "aptos": 1352, "imp": 0}}, {"type": "Feature", "geometry": {"type": "Point", "coordinates": [-41.082845, -20.41848]}, "properties": {"i": 1759, "mun": 57975, "ibge": 3205069, "z": 40, "l": 1139, "nm": "EMEIEF ALTO CAXIXE", "nm_mun": "VENDA NOVA DO IMIGRANTE", "aptos": 2655, "imp": 0}}, {"type": "Feature", "geometry": {"type": "Point", "coordinates": [-41.145291, -20.327739]}, "properties": {"i": 1760, "mun": 57975, "ibge": 3205069, "z": 40, "l": 1155, "nm": "APAE", "nm_mun": "VENDA NOVA DO IMIGRANTE", "aptos": 523, "imp": 0}}, {"type": "Feature", "geometry": {"type": "Point", "coordinates": [-41.127481, -20.32603]}, "properties": {"i": 1761, "mun": 57975, "ibge": 3205069, "z": 40, "l": 1163, "nm": "IFES - INSTITUTO FEDERAL DO ESPÍRITO SANTO", "nm_mun": "VENDA NOVA DO IMIGRANTE", "aptos": 1150, "imp": 0}}, {"type": "Feature", "geometry": {"type": "Point", "coordinates": [-40.740209, -18.98511]}, "properties": {"i": 1762, "mun": 57991, "ibge": 3200136, "z": 46, "l": 1015, "nm": "EEEFM PROFESSORA ANA MARIA CARLETTI QUIUQUI", "nm_mun": "ÁGUIA BRANCA", "aptos": 4340, "imp": 0}}, {"type": "Feature", "geometry": {"type": "Point", "coordinates": [-40.824541, -18.892816]}, "properties": {"i": 1763, "mun": 57991, "ibge": 3200136, "z": 46, "l": 1031, "nm": "EMCA FAZENDA LACERDA", "nm_mun": "ÁGUIA BRANCA", "aptos": 1028, "imp": 0}}, {"type": "Feature", "geometry": {"type": "Point", "coordinates": [-40.741685, -18.985053]}, "properties": {"i": 1764, "mun": 57991, "ibge": 3200136, "z": 46, "l": 1040, "nm": "EMEF PADRE SÉRGIO BANZZA", "nm_mun": "ÁGUIA BRANCA", "aptos": 2088, "imp": 0}}, {"type": "Feature", "geometry": {"type": "Point", "coordinates": [-40.715562, -18.945924]}, "properties": {"i": 1765, "mun": 57991, "ibge": 3200136, "z": 46, "l": 1058, "nm": "CEIER - CENTRO ESTADUAL INTEGRADO DE EDUCAÇÃO RURAL", "nm_mun": "ÁGUIA BRANCA", "aptos": 718, "imp": 0}}, {"type": "Feature", "geometry": {"type": "Point", "coordinates": [-40.738965, -18.984924]}, "properties": {"i": 1766, "mun": 57991, "ibge": 3200136, "z": 46, "l": 1066, "nm": "CMEI PROFESSORA HELENISA MOTA DO PRADO", "nm_mun": "ÁGUIA BRANCA", "aptos": 405, "imp": 0}}, {"type": "Feature", "geometry": {"type": "Point", "coordinates": [-40.652299, -19.01644]}, "properties": {"i": 1767, "mun": 57991, "ibge": 3200136, "z": 46, "l": 1074, "nm": "CÂMARA MUNICIPAL DE ÁGUIA BRANCA", "nm_mun": "ÁGUIA BRANCA", "aptos": 334, "imp": 0}}]}