{"type":"FeatureCollection","features":[{"type":"Feature","geometry":{"type":"Polygon","coordinates":[[[-59.15481,-2.51642],[-59.13031,-2.51955],[-59.12249,-2.53519],[-59.0959,-2.55552],[-59.08808,-2.56907],[-59.08131,-2.57428],[-59.06358,-2.57689],[-59.05055,-2.58628],[-59.04742,-2.62277],[-59.03022,-2.63059],[-59.02553,-2.63789],[-59.03231,-2.66447],[-59.02293,-2.6895],[-59.02605,-2.69627],[-59.01041,-2.70201],[-58.99582,-2.6921],[-58.98643,-2.69315],[-58.98279,-2.69992],[-58.98852,-2.71713],[-58.98904,-2.72599],[-58.98279,-2.73068],[-58.98904,-2.74528],[-58.988,-2.77343],[-58.9635,-2.77864],[-58.95933,-2.77134],[-58.9635,-2.76509],[-58.93744,-2.7557],[-58.9145,-2.76405],[-58.90407,-2.77708],[-58.9145,-2.79949],[-58.90095,-2.8094],[-58.89938,-2.81826],[-58.89208,-2.824],[-58.8754,-2.85475],[-58.86029,-2.8558],[-58.86394,-2.87196],[-58.87697,-2.89177],[-58.86967,-2.90741],[-58.81442,-2.93347],[-58.78158,-2.96058],[-58.71433,-2.99968],[-58.62623,-3.03982],[-58.5741,-3.01428],[-58.56784,-3.00698],[-58.55898,-3.0049],[-58.54856,-3.00959],[-58.50894,-2.99708],[-58.4714,-2.97623],[-58.4052,-2.99969],[-58.38747,-3.0122],[-58.39999,-3.02002],[-58.39894,-3.03201],[-58.38643,-3.0268],[-58.38122,-3.03253],[-58.38695,-3.03722],[-58.38487,-3.0513],[-58.37497,-3.05756],[-58.38904,-3.08466],[-58.37966,-3.10447],[-58.37966,-3.13575],[-58.37497,-3.14357],[-58.31658,-3.10812],[-58.24464,-3.08206],[-58.17635,-3.03462],[-58.16801,-3.05287],[-58.1727,-3.12377],[-58.18209,-3.15348],[-58.19199,-3.1686],[-58.19147,-3.18737],[-58.08096,-3.18737],[-58.0648,-3.21448],[-58.06376,-3.27495],[-58.07366,-3.28955],[-58.06949,-3.30571],[-58.07888,-3.31561],[-58.08774,-3.31405],[-58.09087,-3.32499],[-58.08722,-3.33386],[-58.09608,-3.33646],[-58.10755,-3.34741],[-58.11589,-3.34845],[-58.12267,-3.34272],[-58.14978,-3.34428],[-58.17271,-3.35992],[-58.17636,-3.38494],[-58.17324,-3.41361],[-58.17897,-3.43759],[-58.17428,-3.44541],[-58.1821,-3.46001],[-58.18054,-3.49598],[-58.36925,-3.49962],[-58.36977,-3.50953],[-58.36404,-3.51474],[-58.37759,-3.53142],[-58.38489,-3.55228],[-58.38281,-3.56114],[-58.36196,-3.58199],[-58.35674,-3.57626],[-58.34892,-3.58199],[-58.35518,-3.58825],[-58.35414,-3.59607],[-58.34215,-3.61066],[-58.36352,-3.62474],[-58.37134,-3.63673],[-58.37238,-3.67739],[-58.39011,-3.67166],[-58.40001,-3.67687],[-58.42452,-3.729],[-58.43599,-3.7217],[-58.44641,-3.70502],[-58.45684,-3.70502],[-58.46205,-3.72691],[-58.46831,-3.73265],[-58.46362,-3.75141],[-58.48655,-3.74724],[-58.50636,-3.75246],[-58.5121,-3.74724],[-58.51574,-3.7144],[-58.52252,-3.70502],[-58.5319,-3.70345],[-58.55015,-3.68521],[-58.55797,-3.6753],[-58.55797,-3.66696],[-58.57673,-3.64767],[-58.60957,-3.63724],[-58.62261,-3.62317],[-58.63355,-3.62108],[-58.64815,-3.63255],[-58.65753,-3.65862],[-58.67891,-3.66279],[-58.68256,-3.65601],[-58.6909,-3.65705],[-58.69767,-3.64767],[-58.70393,-3.6143],[-58.72217,-3.59606],[-58.73885,-3.59189],[-58.7498,-3.59084],[-58.78629,-3.61117],[-58.79828,-3.61274],[-58.81757,-3.59814],[-58.84051,-3.59241],[-58.8551,-3.60283],[-58.90202,-3.61534],[-58.91922,-3.607],[-58.91922,-3.59397],[-58.90984,-3.57103],[-58.9187,-3.54288],[-58.87335,-3.47563],[-58.84363,-3.44644],[-58.83268,-3.44592],[-58.82434,-3.46312],[-58.80818,-3.45217],[-58.7988,-3.43601],[-58.78628,-3.38597],[-58.82486,-3.40265],[-58.85353,-3.40004],[-58.90097,-3.36563],[-58.95675,-3.289],[-59.00522,-3.24312],[-59.03859,-3.24886],[-59.0584,-3.26241],[-59.12512,-3.28691],[-59.14858,-3.28483],[-59.23303,-3.2426],[-59.32061,-3.20975],[-59.34824,-3.19255],[-59.38316,-3.18056],[-59.35762,-3.15241],[-59.35084,-3.14459],[-59.26378,-3.15293],[-59.20592,-3.179],[-59.16735,-3.17796],[-59.159,-3.16753],[-59.26118,-3.12843],[-59.3034,-3.13104],[-59.32217,-3.11331],[-59.34041,-3.10601],[-59.37273,-3.07056],[-59.40401,-3.05336],[-59.4306,-3.04762],[-59.45458,-3.02886],[-59.48429,-2.99288],[-59.49941,-2.98767],[-59.4994,-2.97099],[-59.43007,-2.92668],[-59.40505,-2.87351],[-59.38107,-2.87142],[-59.37481,-2.86517],[-59.36855,-2.87038],[-59.3696,-2.88758],[-59.36074,-2.88758],[-59.35239,-2.84484],[-59.35291,-2.82086],[-59.30495,-2.76039],[-59.28671,-2.7484],[-59.26794,-2.74371],[-59.26429,-2.72546],[-59.24031,-2.71191],[-59.22936,-2.70044],[-59.22832,-2.64935],[-59.20955,-2.63215],[-59.18817,-2.5967],[-59.20016,-2.56333],[-59.18765,-2.54926],[-59.16523,-2.53831],[-59.15481,-2.51642]]]},"properties":{"CD_MUN":"1301902","NM_MUN":"Itacoatiara","SIGLA_UF":"AM"}},{"type":"Feature","geometry":{"type":"Polygon","coordinates":[[[-60.98354,-2.88546],[-60.98302,-2.8646],[-60.97728,-2.85783],[-60.94079,-2.84115],[-60.91264,-2.81091],[-60.8725,-2.8203],[-60.86155,-2.83646],[-60.85113,-2.84063],[-60.81151,-2.82812],[-60.78597,-2.82916],[-60.75521,-2.82082],[-60.70464,-2.86096],[-60.70047,-2.87869],[-60.66346,-2.91309],[-60.65147,-2.93499],[-60.63323,-2.94437],[-60.61968,-2.9647],[-60.59883,-2.98139],[-60.5811,-3.02309],[-60.56755,-3.03248],[-60.54357,-3.03404],[-60.50395,-3.06115],[-60.49978,-3.07262],[-60.51334,-3.07418],[-60.51803,-3.08044],[-60.50447,-3.09139],[-60.4685,-3.0893],[-60.45339,-3.07679],[-60.44452,-3.08982],[-60.42993,-3.09452],[-60.38197,-3.09712],[-60.36581,-3.09243],[-60.32775,-3.10025],[-60.3142,-3.09348],[-60.31107,-3.07888],[-60.29283,-3.08357],[-60.28918,-3.09765],[-60.26155,-3.08149],[-60.22975,-3.08201],[-60.1943,-3.09869],[-60.16772,-3.12684],[-60.14374,-3.12997],[-60.13957,-3.13675],[-60.11142,-3.14926],[-60.08483,-3.15447],[-60.07388,-3.1649],[-60.06763,-3.16021],[-60.05303,-3.16699],[-60.03948,-3.15812],[-59.98526,-3.19618],[-59.9983,-3.20087],[-59.99048,-3.21026],[-59.99882,-3.21182],[-59.99361,-3.2212],[-59.96963,-3.21286],[-59.95972,-3.19879],[-59.95242,-3.20192],[-59.94304,-3.17377],[-59.90602,-3.13675],[-59.89508,-3.16334],[-59.89821,-3.21704],[-59.89508,-3.23215],[-59.90186,-3.23789],[-59.91176,-3.26291],[-59.9347,-3.28324],[-60.01655,-3.29836],[-60.09839,-3.32494],[-60.14062,-3.34736],[-60.1818,-3.35153],[-60.22559,-3.3656],[-60.30848,-3.31503],[-60.35383,-3.30408],[-60.31212,-3.26655],[-60.31212,-3.25873],[-60.31786,-3.23631],[-60.32567,-3.23475],[-60.33193,-3.23944],[-60.33766,-3.23371],[-60.34235,-3.20243],[-60.35017,-3.20034],[-60.35643,-3.17793],[-60.37415,-3.16124],[-60.37572,-3.14456],[-60.36894,-3.13205],[-60.45808,-3.11641],[-60.53263,-3.11537],[-60.5467,-3.12318],[-60.58528,-3.11484],[-60.61291,-3.12944],[-60.67651,-3.14247],[-60.68589,-3.13986],[-60.71717,-3.10337],[-60.76252,-3.0919],[-60.78493,-3.09816],[-60.80683,-3.09138],[-60.82351,-3.07574],[-60.85322,-3.06427],[-60.85948,-3.04863],[-60.86782,-3.0455],[-60.87303,-3.05176],[-60.88658,-3.04394],[-60.90066,-3.05176],[-60.90796,-3.04811],[-60.91682,-3.02673],[-60.93715,-3.01526],[-60.94653,-3.00275],[-60.9752,-3.00536],[-60.9898,-2.99962],[-60.99397,-2.98711],[-60.97625,-2.97669],[-60.97781,-2.93915],[-60.9606,-2.92716],[-60.98354,-2.88546]]]},"properties":{"CD_MUN":"1301852","NM_MUN":"Iranduba","SIGLA_UF":"AM"}},{"type":"Feature","geometry":{"type":"Polygon","coordinates":[[[-64.36622,-2.26397],[-64.33651,-2.27648],[-64.30732,-2.2598],[-64.30263,-2.23999],[-64.29168,-2.22227],[-64.25883,-2.20402],[-64.2531,-2.12322],[-64.24736,-2.1154],[-64.22234,-2.10289],[-64.20044,-2.10237],[-64.18429,-2.1128],[-64.1676,-2.13052],[-64.16031,-2.16388],[-64.13372,-2.17848],[-64.07429,-2.18995],[-64.0279,-2.15972],[-64.01904,-2.15711],[-64.01017,-2.16076],[-64.01174,-2.18683],[-63.99193,-2.21498],[-64.00131,-2.24104],[-63.99871,-2.27128],[-64.00601,-2.30256],[-64.00601,-2.32758],[-63.9763,-2.37241],[-63.97369,-2.42194],[-63.95649,-2.44383],[-63.95597,-2.46573],[-63.98047,-2.5043],[-63.98725,-2.52672],[-63.98777,-2.55435],[-63.98308,-2.56425],[-63.96379,-2.57416],[-63.95389,-2.57468],[-63.91062,-2.56113],[-63.84546,-2.56217],[-63.81731,-2.54705],[-63.8074,-2.54653],[-63.78759,-2.55644],[-63.76622,-2.59241],[-63.74902,-2.64871],[-63.72869,-2.6925],[-63.71358,-2.76131],[-63.71723,-2.78112],[-63.72766,-2.80198],[-63.72713,-2.81501],[-63.71098,-2.8343],[-63.69064,-2.83378],[-63.66145,-2.8171],[-63.62861,-2.80563],[-63.60828,-2.78582],[-63.58325,-2.77956],[-63.56292,-2.76184],[-63.52383,-2.75298],[-63.4962,-2.73213],[-63.48056,-2.71232],[-63.46231,-2.70241],[-63.40757,-2.70659],[-63.37317,-2.70085],[-63.30384,-2.69929],[-63.28246,-2.70972],[-63.25848,-2.75038],[-63.23972,-2.79521],[-63.21783,-2.81867],[-63.18811,-2.8364],[-63.16882,-2.83953],[-63.14432,-2.83171],[-63.10418,-2.83327],[-63.05674,-2.81294],[-63.04892,-2.81398],[-63.00879,-2.84005],[-62.95822,-2.84422],[-62.92798,-2.85256],[-62.91443,-2.88019],[-62.90974,-2.92451],[-62.93216,-2.99019],[-62.92799,-3.00739],[-62.82686,-3.00218],[-62.79506,-3.01782],[-62.7789,-3.01939],[-62.74033,-3.06631],[-62.71009,-3.08768],[-62.6908,-3.09185],[-62.63346,-3.09081],[-62.58185,-3.10593],[-62.55944,-3.13252],[-62.52086,-3.16327],[-62.47603,-3.23678],[-62.45675,-3.29308],[-62.4531,-3.36189],[-62.44372,-3.42028],[-62.42391,-3.43488],[-62.3942,-3.44113],[-62.31861,-3.4354],[-62.31027,-3.43697],[-62.29828,-3.45156],[-62.27586,-3.45104],[-62.27117,-3.4427],[-62.2769,-3.401],[-62.26961,-3.37493],[-62.25501,-3.36711],[-62.19349,-3.352],[-62.16534,-3.33688],[-62.15075,-3.32228],[-62.12468,-3.2811],[-62.11008,-3.26859],[-62.10174,-3.26703],[-62.08715,-3.27745],[-62.0762,-3.30091],[-62.08455,-3.39996],[-62.06891,-3.43176],[-62.03711,-3.45105],[-62.03815,-3.46982],[-62.02564,-3.5037],[-62.03399,-3.54384],[-62.02773,-3.57981],[-62.01105,-3.59337],[-61.94224,-3.61735],[-61.88803,-3.66322],[-61.87082,-3.66635],[-61.82234,-3.66114],[-61.82235,-3.88791],[-61.85415,-3.9145],[-61.87918,-3.95099],[-61.87709,-3.95933],[-61.84634,-3.99165],[-61.83539,-4.03544],[-61.83018,-4.04117],[-61.83487,-4.05056],[-61.86771,-4.03961],[-61.87188,-4.03283],[-61.89065,-4.04795],[-61.90003,-4.04743],[-61.91202,-4.03804],[-61.90994,-4.02918],[-61.91723,-4.02553],[-61.93339,-4.03648],[-61.92662,-4.04221],[-61.93235,-4.05994],[-61.92975,-4.0688],[-61.92714,-4.07558],[-61.91307,-4.08496],[-61.91411,-4.09382],[-61.86824,-4.10165],[-61.85729,-4.08757],[-61.80047,-4.1006],[-61.79942,-4.10895],[-61.81558,-4.11833],[-61.838,-4.14491],[-61.87084,-4.15482],[-61.87084,-4.14543],[-61.85468,-4.14022],[-61.85155,-4.13136],[-61.84999,-4.11207],[-61.85729,-4.10842],[-61.87241,-4.12771],[-61.90733,-4.13344],[-61.94487,-4.12458],[-61.97614,-4.09695],[-62.0241,-4.08183],[-62.06789,-4.08287],[-62.11794,-4.09226],[-62.14244,-4.08913],[-62.1586,-4.10581],[-62.18362,-4.11623],[-62.22272,-4.09955],[-62.22376,-4.09225],[-62.24982,-4.06723],[-62.25817,-4.06462],[-62.30456,-4.08652],[-62.35461,-4.08912],[-62.37911,-4.07974],[-62.40413,-4.08756],[-62.41039,-4.08182],[-62.43541,-4.08026],[-62.43645,-4.07087],[-62.4719,-4.05575],[-62.48806,-4.03594],[-62.5136,-4.03386],[-62.53706,-4.02239],[-62.54748,-4.00675],[-62.56938,-3.9958],[-62.59753,-3.95827],[-62.61421,-3.95201],[-62.6606,-3.90926],[-62.66008,-3.83576],[-63.01351,-3.56623],[-63.03749,-3.56363],[-63.08076,-3.59386],[-63.11464,-3.61106],[-63.15009,-3.61784],[-63.18293,-3.61054],[-63.19805,-3.59855],[-63.23558,-3.54746],[-63.26164,-3.524],[-63.27572,-3.51618],[-63.34349,-3.50315],[-63.36642,-3.4922],[-63.45348,-3.4239],[-63.47641,-3.39315],[-63.55148,-3.36552],[-63.56138,-3.36551],[-63.58849,-3.34258],[-63.59683,-3.35874],[-63.60465,-3.35874],[-63.62238,-3.353],[-63.62446,-3.34518],[-63.6401,-3.3358],[-63.64688,-3.34049],[-63.65417,-3.33476],[-63.65574,-3.32746],[-63.66877,-3.31599],[-63.66981,-3.30035],[-63.69014,-3.28523],[-63.69275,-3.27689],[-63.70213,-3.27845],[-63.71673,-3.26959],[-63.72038,-3.24561],[-63.72872,-3.24144],[-63.73654,-3.24613],[-63.75061,-3.22528],[-63.76573,-3.22476],[-63.77459,-3.21016],[-63.77094,-3.18514],[-63.78397,-3.18826],[-63.78606,-3.17836],[-63.79544,-3.17836],[-63.80795,-3.16585],[-63.80691,-3.15751],[-63.81629,-3.14187],[-63.84392,-3.12831],[-63.84027,-3.11215],[-63.84496,-3.09651],[-63.85226,-3.09391],[-63.85747,-3.06836],[-63.87519,-3.04125],[-63.87102,-3.02926],[-63.8632,-3.02718],[-63.8606,-3.0204],[-63.86737,-3.01623],[-63.86841,-2.98443],[-63.88145,-2.97609],[-63.87936,-2.96827],[-63.88718,-2.96723],[-63.90334,-2.95002],[-63.90647,-2.93491],[-63.89969,-2.92187],[-63.90594,-2.90519],[-63.92992,-2.89789],[-63.94087,-2.88538],[-63.93983,-2.85567],[-63.9466,-2.85045],[-63.944,-2.83533],[-63.94712,-2.82752],[-63.95546,-2.82751],[-63.96016,-2.81448],[-63.95546,-2.80145],[-63.96172,-2.77069],[-63.95598,-2.75662],[-63.95963,-2.74254],[-63.95077,-2.70188],[-63.97058,-2.67581],[-63.96641,-2.66852],[-63.97162,-2.66174],[-63.98726,-2.66382],[-63.99403,-2.66017],[-64.00707,-2.66851],[-64.01384,-2.66539],[-64.03313,-2.63932],[-64.03209,-2.63046],[-64.04408,-2.61013],[-64.05919,-2.60856],[-64.06076,-2.58667],[-64.07952,-2.55174],[-64.07587,-2.5434],[-64.08213,-2.52776],[-64.07796,-2.51316],[-64.09203,-2.50222],[-64.09985,-2.46468],[-64.11809,-2.44956],[-64.13373,-2.44852],[-64.17074,-2.43184],[-64.23643,-2.42871],[-64.2651,-2.41463],[-64.28856,-2.39274],[-64.36414,-2.36771],[-64.38552,-2.34217],[-64.36622,-2.26397]]]},"properties":{"CD_MUN":"1301308","NM_MUN":"Codajás","SIGLA_UF":"AM"}},{"type":"Feature","geometry":{"type":"Polygon","coordinates":[[[-64.07071,-3.70331],[-64.01649,-3.7054],[-64.01076,-3.70018],[-63.98,-3.71061],[-63.98157,-3.71947],[-63.97323,-3.74449],[-63.97688,-3.76378],[-63.95446,-3.80132],[-63.94143,-3.81174],[-63.86532,-3.81018],[-63.7522,-3.79559],[-63.76627,-3.78516],[-63.78295,-3.78099],[-63.82205,-3.78151],[-63.8403,-3.79924],[-63.87731,-3.79298],[-63.89608,-3.76796],[-63.91171,-3.76014],[-63.92214,-3.74554],[-63.91797,-3.68924],[-63.93204,-3.68038],[-63.93465,-3.66369],[-63.91275,-3.67099],[-63.9091,-3.66369],[-63.92683,-3.64232],[-63.93621,-3.64336],[-63.93934,-3.60896],[-63.94768,-3.60791],[-63.95602,-3.63137],[-63.96592,-3.6345],[-63.97218,-3.61052],[-63.98,-3.60843],[-64.01023,-3.63189],[-64.01597,-3.62668],[-64.01909,-3.59905],[-64.03108,-3.58445],[-64.05089,-3.57767],[-64.0608,-3.58184],[-64.0707,-3.57559],[-64.0707,-3.56464],[-64.05089,-3.56047],[-64.05298,-3.55317],[-64.06757,-3.54066],[-64.08634,-3.5344],[-64.10459,-3.54275],[-64.11136,-3.52763],[-64.15515,-3.51094],[-64.15463,-3.48592],[-64.13065,-3.45517],[-64.14524,-3.44839],[-64.14628,-3.42441],[-64.12647,-3.39521],[-64.12282,-3.36967],[-64.10249,-3.37071],[-64.07903,-3.35872],[-64.08164,-3.33891],[-64.0879,-3.32953],[-64.10249,-3.33057],[-64.10458,-3.30607],[-64.11135,-3.30034],[-64.11292,-3.29147],[-64.12751,-3.29304],[-64.1322,-3.28418],[-64.14263,-3.30451],[-64.14941,-3.29669],[-64.15462,-3.28887],[-64.14471,-3.26854],[-64.15201,-3.25342],[-64.16244,-3.24768],[-64.16974,-3.25081],[-64.18173,-3.24143],[-64.1859,-3.25915],[-64.20101,-3.23569],[-64.21717,-3.22944],[-64.2203,-3.22162],[-64.21717,-3.21432],[-64.22708,-3.21119],[-64.23333,-3.19451],[-64.24167,-3.19451],[-64.25835,-3.17366],[-64.28285,-3.16427],[-64.28598,-3.15749],[-64.28025,-3.13873],[-64.26409,-3.1429],[-64.26304,-3.11475],[-64.25366,-3.11058],[-64.24584,-3.11423],[-64.24219,-3.10536],[-64.25001,-3.09807],[-64.26461,-3.1038],[-64.2719,-3.09911],[-64.26252,-3.08503],[-64.26982,-3.08086],[-64.28702,-3.08555],[-64.28598,-3.09494],[-64.29276,-3.09963],[-64.32038,-3.09546],[-64.32664,-3.0892],[-64.32403,-3.08138],[-64.32925,-3.07513],[-64.3282,-3.05688],[-64.33394,-3.04958],[-64.32768,-3.03446],[-64.33133,-3.02664],[-64.34436,-3.01518],[-64.36834,-3.00683],[-64.37199,-2.99172],[-64.39232,-2.98337],[-64.40222,-2.96461],[-64.42203,-2.95992],[-64.44132,-2.93281],[-64.43767,-2.91925],[-64.44549,-2.89214],[-64.43662,-2.86087],[-64.4507,-2.85096],[-64.46894,-2.81968],[-64.46999,-2.80926],[-64.48979,-2.79727],[-64.49605,-2.7858],[-64.49344,-2.76911],[-64.50543,-2.75556],[-64.49918,-2.74618],[-64.49136,-2.74461],[-64.45539,-2.74461],[-64.43871,-2.75087],[-64.40899,-2.72533],[-64.39283,-2.72481],[-64.38553,-2.73054],[-64.37928,-2.72533],[-64.35269,-2.72741],[-64.33497,-2.70656],[-64.33184,-2.6805],[-64.35946,-2.65704],[-64.41681,-2.64609],[-64.42202,-2.63566],[-64.41524,-2.6195],[-64.42775,-2.58405],[-64.42619,-2.55799],[-64.45538,-2.53609],[-64.46424,-2.52149],[-64.45694,-2.47927],[-64.46059,-2.46988],[-64.47727,-2.47041],[-64.48926,-2.45946],[-64.49082,-2.42922],[-64.51741,-2.37605],[-64.52835,-2.33591],[-64.52053,-2.3161],[-64.45276,-2.32653],[-64.44755,-2.32027],[-64.44911,-2.28274],[-64.44234,-2.27909],[-64.4267,-2.28482],[-64.41627,-2.28326],[-64.40219,-2.27023],[-64.36622,-2.26397],[-64.38552,-2.34217],[-64.36414,-2.36771],[-64.28856,-2.39274],[-64.2651,-2.41463],[-64.23643,-2.42871],[-64.17074,-2.43184],[-64.13373,-2.44852],[-64.11809,-2.44956],[-64.09985,-2.46468],[-64.09203,-2.50222],[-64.07796,-2.51316],[-64.08213,-2.52776],[-64.07587,-2.5434],[-64.07952,-2.55174],[-64.06076,-2.58667],[-64.05919,-2.60856],[-64.04408,-2.61013],[-64.03209,-2.63046],[-64.03313,-2.63932],[-64.01384,-2.66539],[-64.00707,-2.66851],[-63.99403,-2.66017],[-63.98726,-2.66382],[-63.97162,-2.66174],[-63.96641,-2.66852],[-63.97058,-2.67581],[-63.95077,-2.70188],[-63.95963,-2.74254],[-63.95598,-2.75662],[-63.96172,-2.77069],[-63.95546,-2.80145],[-63.96016,-2.81448],[-63.95546,-2.82751],[-63.94712,-2.82752],[-63.944,-2.83533],[-63.9466,-2.85045],[-63.93983,-2.85567],[-63.94087,-2.88538],[-63.92992,-2.89789],[-63.90594,-2.90519],[-63.89969,-2.92187],[-63.90647,-2.93491],[-63.90334,-2.95002],[-63.88718,-2.96723],[-63.87936,-2.96827],[-63.88145,-2.97609],[-63.86841,-2.98443],[-63.86737,-3.01623],[-63.8606,-3.0204],[-63.8632,-3.02718],[-63.87102,-3.02926],[-63.87519,-3.04125],[-63.85747,-3.06836],[-63.85226,-3.09391],[-63.84496,-3.09651],[-63.84027,-3.11215],[-63.84392,-3.12831],[-63.81629,-3.14187],[-63.80691,-3.15751],[-63.80795,-3.16585],[-63.79544,-3.17836],[-63.78606,-3.17836],[-63.78397,-3.18826],[-63.77094,-3.18514],[-63.77459,-3.21016],[-63.76573,-3.22476],[-63.75061,-3.22528],[-63.73654,-3.24613],[-63.72872,-3.24144],[-63.72038,-3.24561],[-63.71673,-3.26959],[-63.70213,-3.27845],[-63.69275,-3.27689],[-63.69014,-3.28523],[-63.66981,-3.30035],[-63.66877,-3.31599],[-63.65574,-3.32746],[-63.65417,-3.33476],[-63.64688,-3.34049],[-63.6401,-3.3358],[-63.62446,-3.34518],[-63.62238,-3.353],[-63.60465,-3.35874],[-63.59683,-3.35874],[-63.58849,-3.34258],[-63.56138,-3.36551],[-63.55148,-3.36552],[-63.47641,-3.39315],[-63.45348,-3.4239],[-63.36642,-3.4922],[-63.34349,-3.50315],[-63.27572,-3.51618],[-63.26164,-3.524],[-63.23558,-3.54746],[-63.19805,-3.59855],[-63.18293,-3.61054],[-63.15009,-3.61784],[-63.11464,-3.61106],[-63.08076,-3.59386],[-63.03749,-3.56363],[-63.01351,-3.56623],[-62.66008,-3.83576],[-62.6606,-3.90926],[-62.61421,-3.95201],[-62.59753,-3.95827],[-62.56938,-3.9958],[-62.54748,-4.00675],[-62.53706,-4.02239],[-62.5136,-4.03386],[-62.48806,-4.03594],[-62.4719,-4.05575],[-62.43645,-4.07087],[-62.43541,-4.08026],[-62.41039,-4.08182],[-62.40413,-4.08756],[-62.37911,-4.07974],[-62.35461,-4.08912],[-62.35617,-4.0985],[-62.35096,-4.1058],[-62.32802,-4.11884],[-62.32594,-4.13656],[-62.3103,-4.14021],[-62.28319,-4.15846],[-62.27798,-4.2012],[-62.25557,-4.22571],[-62.26182,-4.23978],[-62.28737,-4.24864],[-62.36348,-4.25281],[-62.38016,-4.24916],[-62.39944,-4.23404],[-62.42395,-4.22883],[-62.43594,-4.23926],[-62.44167,-4.25542],[-62.45887,-4.26115],[-62.46357,-4.30285],[-62.47191,-4.30859],[-62.48077,-4.3065],[-62.50267,-4.33674],[-62.50892,-4.35446],[-62.5475,-4.37114],[-62.58034,-4.37062],[-62.58764,-4.3555],[-62.59702,-4.30337],[-62.61162,-4.29451],[-62.67052,-4.3211],[-62.71066,-4.3091],[-62.72839,-4.3091],[-62.76436,-4.31015],[-62.80033,-4.31901],[-62.81284,-4.32995],[-62.81284,-4.33777],[-62.82431,-4.35028],[-62.85298,-4.41597],[-62.90512,-4.48478],[-62.94891,-4.51449],[-62.99113,-4.52231],[-63.01772,-4.52387],[-63.02658,-4.54004],[-63.0198,-4.57496],[-62.98644,-4.62449],[-62.98175,-4.64065],[-62.98175,-4.66671],[-62.99218,-4.69226],[-63.05943,-4.72718],[-63.09279,-4.73344],[-63.12824,-4.76002],[-63.17672,-4.76732],[-63.20592,-4.78922],[-63.22052,-4.81528],[-63.2372,-4.88253],[-63.24763,-4.90599],[-63.27734,-4.9258],[-63.30184,-4.96229],[-63.33521,-4.98939],[-63.3399,-4.99982],[-63.34095,-5.05352],[-63.35867,-5.10773],[-63.37118,-5.12076],[-63.4499,-5.15204],[-63.52549,-5.15673],[-63.55312,-5.15517],[-63.59378,-5.1364],[-63.636,-5.14213],[-63.70117,-5.10929],[-63.76529,-5.12701],[-63.79709,-5.1463],[-63.82419,-5.15151],[-63.85391,-5.16871],[-63.88206,-5.19269],[-63.92585,-5.20937],[-63.9441,-5.23544],[-64.0249,-5.26619],[-64.03637,-5.28027],[-64.04836,-5.32458],[-64.06765,-5.35429],[-64.0812,-5.36576],[-64.08955,-5.40382],[-64.1031,-5.41789],[-64.11874,-5.42415],[-64.16357,-5.42467],[-64.18755,-5.43665],[-64.20788,-5.45803],[-64.23134,-5.47315],[-64.29807,-5.47992],[-64.3966,-5.54404],[-64.43674,-5.55655],[-64.44612,-5.57062],[-64.45134,-5.5993],[-64.47323,-5.6337],[-64.47584,-5.66967],[-64.492,-5.68896],[-64.5238,-5.69886],[-64.53162,-5.69678],[-64.54152,-5.68322],[-64.54986,-5.6827],[-64.60304,-5.6973],[-64.62389,-5.71242],[-64.6291,-5.72805],[-64.66925,-5.76767],[-64.70417,-5.78435],[-64.73076,-5.80416],[-64.76308,-5.80416],[-64.81208,-5.78592],[-64.85483,-5.78331],[-64.90591,-5.75828],[-64.96065,-5.74473],[-64.99714,-5.74368],[-65.04979,-5.75359],[-65.06856,-5.7515],[-65.11026,-5.70771],[-65.13476,-5.69624],[-65.15353,-5.69989],[-65.19576,-5.73377],[-65.22234,-5.74524],[-65.23329,-5.74524],[-65.26457,-5.70093],[-65.28907,-5.6905],[-65.32295,-5.68581],[-65.33598,-5.67538],[-65.35579,-5.64515],[-65.37039,-5.63629],[-65.39802,-5.6441],[-65.42669,-5.66808],[-65.44441,-5.67434],[-65.52886,-5.64149],[-65.56848,-5.6123],[-65.59402,-5.58206],[-65.60184,-5.56382],[-65.60862,-5.52628],[-65.61487,-5.52003],[-65.6253,-5.52159],[-65.6644,-5.55183],[-65.68838,-5.54557],[-65.70923,-5.51325],[-65.72903,-5.44496],[-65.73633,-5.44131],[-65.75249,-5.45069],[-65.77074,-5.47936],[-65.78481,-5.49083],[-65.82026,-5.49708],[-65.84372,-5.49135],[-65.875,-5.44704],[-65.8995,-5.43609],[-65.88438,-5.36936],[-65.86509,-5.33704],[-65.82912,-5.30681],[-65.80305,-5.29847],[-65.76031,-5.30524],[-65.74206,-5.28961],[-65.72642,-5.28491],[-65.69931,-5.30733],[-65.68107,-5.30681],[-65.67585,-5.29847],[-65.67742,-5.26041],[-65.69566,-5.22132],[-65.70139,-5.19577],[-65.6894,-5.17231],[-65.64926,-5.13426],[-65.64405,-5.11758],[-65.65916,-5.10559],[-65.68419,-5.11184],[-65.69201,-5.11132],[-65.69722,-5.10454],[-65.69618,-5.07743],[-65.68523,-5.04407],[-65.68001,-5.03625],[-65.66594,-5.03156],[-65.62215,-5.0227],[-65.59608,-4.98047],[-65.57627,-4.95962],[-65.57002,-4.94346],[-65.57731,-4.89029],[-65.56897,-4.87726],[-65.54134,-4.85432],[-65.5158,-4.8147],[-65.46627,-4.77039],[-65.44594,-4.67916],[-65.43864,-4.67186],[-65.43082,-4.66665],[-65.40423,-4.66561],[-65.38077,-4.65258],[-65.36305,-4.60879],[-65.35262,-4.60514],[-65.34324,-4.60722],[-65.31822,-4.62182],[-65.26661,-4.62287],[-65.24784,-4.61348],[-65.2176,-4.58533],[-65.16495,-4.55093],[-65.1222,-4.516],[-65.10813,-4.47273],[-65.09822,-4.4597],[-65.09144,-4.45397],[-65.03827,-4.43937],[-65.02107,-4.42113],[-65.01533,-4.40444],[-65.01481,-4.36118],[-65.00855,-4.32885],[-64.99343,-4.29341],[-64.97831,-4.28246],[-64.93348,-4.2981],[-64.88969,-4.28194],[-64.86311,-4.2882],[-64.82036,-4.27256],[-64.80837,-4.25848],[-64.78491,-4.21313],[-64.76823,-4.2027],[-64.73069,-4.19489],[-64.72392,-4.18759],[-64.71714,-4.14171],[-64.70254,-4.11825],[-64.69524,-4.11565],[-64.66918,-4.12764],[-64.6525,-4.12399],[-64.63529,-4.10314],[-64.61809,-4.0703],[-64.57586,-4.04736],[-64.56231,-4.01556],[-64.56387,-3.98897],[-64.54093,-3.96343],[-64.52477,-3.95874],[-64.48307,-3.96656],[-64.44762,-3.98741],[-64.42937,-3.98689],[-64.3835,-3.97177],[-64.34805,-3.9796],[-64.33189,-3.97647],[-64.31156,-3.9577],[-64.28706,-3.95405],[-64.24431,-3.89306],[-64.21981,-3.88785],[-64.18905,-3.87117],[-64.16559,-3.86439],[-64.15725,-3.82842],[-64.15881,-3.8107],[-64.11033,-3.75909],[-64.09208,-3.75179],[-64.08322,-3.76795],[-64.0754,-3.76639],[-64.07071,-3.70331]]]},"properties":{"CD_MUN":"1301209","NM_MUN":"Coari","SIGLA_UF":"AM"}},{"type":"Feature","geometry":{"type":"Polygon","coordinates":[[[-59.90602,-3.13675],[-59.86797,-3.10287],[-59.81897,-3.07733],[-59.76892,-3.06325],[-59.69907,-3.06013],[-59.59898,-3.09558],[-59.54476,-3.1206],[-59.47856,-3.1279],[-59.38994,-3.16231],[-59.35762,-3.15241],[-59.38316,-3.18056],[-59.34824,-3.19255],[-59.32061,-3.20975],[-59.23303,-3.2426],[-59.23564,-3.35781],[-59.26015,-3.37866],[-59.30133,-3.39273],[-59.32948,-3.41515],[-59.33782,-3.41411],[-59.33834,-3.42401],[-59.34825,-3.44173],[-59.38943,-3.46259],[-59.39881,-3.4777],[-59.39673,-3.49647],[-59.40507,-3.49386],[-59.41081,-3.4996],[-59.4254,-3.4996],[-59.45199,-3.4923],[-59.48587,-3.4996],[-59.5036,-3.49751],[-59.5062,-3.48917],[-59.53696,-3.51211],[-59.54061,-3.5194],[-59.53279,-3.52514],[-59.54322,-3.53869],[-59.58701,-3.5486],[-59.60629,-3.52931],[-59.60473,-3.52097],[-59.6188,-3.51419],[-59.6261,-3.49959],[-59.63549,-3.49959],[-59.66728,-3.48552],[-59.67719,-3.46936],[-59.69804,-3.47092],[-59.71472,-3.45945],[-59.73714,-3.47092],[-59.76268,-3.46831],[-59.77415,-3.46258],[-59.74704,-3.45684],[-59.72045,-3.43234],[-59.69648,-3.44068],[-59.69074,-3.43443],[-59.6923,-3.42713],[-59.67875,-3.39064],[-59.65581,-3.37187],[-59.65894,-3.36457],[-59.67093,-3.35258],[-59.68813,-3.35206],[-59.69178,-3.34268],[-59.70585,-3.34476],[-59.71889,-3.35519],[-59.75069,-3.33538],[-59.77206,-3.34476],[-59.7976,-3.3432],[-59.82732,-3.35206],[-59.87006,-3.34893],[-59.87528,-3.34319],[-59.8784,-3.31869],[-59.8784,-3.30201],[-59.87319,-3.29106],[-59.88518,-3.28533],[-59.89196,-3.27542],[-59.9003,-3.2822],[-59.90134,-3.29158],[-59.91854,-3.29888],[-59.93522,-3.29836],[-60.01759,-3.36926],[-60.03323,-3.36039],[-60.18597,-3.36091],[-60.1818,-3.35153],[-60.14062,-3.34736],[-60.09839,-3.32494],[-60.01655,-3.29836],[-59.9347,-3.28324],[-59.91176,-3.26291],[-59.90186,-3.23789],[-59.89508,-3.23215],[-59.89821,-3.21704],[-59.89508,-3.16334],[-59.90602,-3.13675]]]},"properties":{"CD_MUN":"1301159","NM_MUN":"Careiro da Várzea","SIGLA_UF":"AM"}},{"type":"Feature","geometry":{"type":"Polygon","coordinates":[[[-60.22559,-3.3656],[-60.1818,-3.35153],[-60.18597,-3.36091],[-60.03323,-3.36039],[-60.01759,-3.36926],[-59.93522,-3.29836],[-59.91854,-3.29888],[-59.90134,-3.29158],[-59.9003,-3.2822],[-59.89196,-3.27542],[-59.88518,-3.28533],[-59.87319,-3.29106],[-59.8784,-3.30201],[-59.8784,-3.31869],[-59.87528,-3.34319],[-59.87006,-3.34893],[-59.82732,-3.35206],[-59.7976,-3.3432],[-59.77206,-3.34476],[-59.75069,-3.33538],[-59.71889,-3.35519],[-59.70585,-3.34476],[-59.69178,-3.34268],[-59.68813,-3.35206],[-59.67093,-3.35258],[-59.65894,-3.36457],[-59.65581,-3.37187],[-59.67875,-3.39064],[-59.6923,-3.42713],[-59.69074,-3.43443],[-59.69648,-3.44068],[-59.72045,-3.43234],[-59.74704,-3.45684],[-59.77415,-3.46258],[-59.78614,-3.49959],[-59.81013,-3.69456],[-59.82108,-3.70863],[-59.82473,-3.72688],[-59.82525,-3.73522],[-59.81743,-3.74043],[-59.8315,-3.7519],[-59.83411,-3.80455],[-59.82786,-3.83792],[-59.83099,-3.84834],[-59.83933,-3.84574],[-59.84975,-3.85929],[-59.85862,-3.88379],[-59.86696,-3.88692],[-59.87113,-3.90412],[-59.88833,-3.90985],[-59.89407,-3.91663],[-59.89615,-3.93436],[-59.90866,-3.9453],[-59.90814,-3.9771],[-59.91336,-3.9844],[-59.92222,-3.98388],[-59.92795,-3.97815],[-59.94516,-3.97606],[-59.95089,-3.96459],[-59.97852,-3.96303],[-59.99937,-3.94791],[-60.01501,-3.95938],[-60.06193,-3.96146],[-60.07392,-3.97084],[-60.0833,-3.99951],[-60.10468,-4.00368],[-60.10937,-4.01932],[-60.11719,-4.02245],[-60.11406,-4.03705],[-60.11875,-4.09074],[-60.09895,-4.12619],[-60.09738,-4.14287],[-60.09895,-4.15122],[-60.13023,-4.19188],[-60.1443,-4.18614],[-60.14795,-4.16425],[-60.16203,-4.15643],[-60.17245,-4.13662],[-60.17975,-4.13453],[-60.19904,-4.14913],[-60.21468,-4.14652],[-60.22823,-4.1559],[-60.28609,-4.16372],[-60.30225,-4.16164],[-60.30538,-4.16893],[-60.30017,-4.17467],[-60.30382,-4.18145],[-60.31789,-4.18979],[-60.35647,-4.18144],[-60.3742,-4.18405],[-60.39661,-4.16163],[-60.41851,-4.17467],[-60.43206,-4.16528],[-60.44561,-4.17258],[-60.45239,-4.16789],[-60.45447,-4.15173],[-60.48054,-4.13348],[-60.51234,-4.1486],[-60.51911,-4.14547],[-60.52589,-4.15954],[-60.54414,-4.15485],[-60.54883,-4.16424],[-60.56186,-4.15694],[-60.57907,-4.1804],[-60.59366,-4.17362],[-60.60096,-4.17779],[-60.61608,-4.17362],[-60.62703,-4.19134],[-60.63797,-4.18665],[-60.64371,-4.20229],[-60.65153,-4.20177],[-60.65622,-4.20854],[-60.66352,-4.2049],[-60.67759,-4.21167],[-60.68385,-4.20594],[-60.68958,-4.22158],[-60.70626,-4.21219],[-60.70261,-4.19916],[-60.70991,-4.19551],[-60.72138,-4.2002],[-60.75162,-4.19082],[-60.76048,-4.19395],[-60.7756,-4.18091],[-60.78237,-4.1856],[-60.80218,-4.17361],[-60.60408,-4.02452],[-60.60512,-3.98021],[-60.59261,-3.95832],[-60.59469,-3.91818],[-60.59052,-3.90045],[-60.57384,-3.8723],[-60.57071,-3.82956],[-60.53891,-3.81861],[-60.52327,-3.79984],[-60.48626,-3.77638],[-60.47479,-3.76439],[-60.44768,-3.71696],[-60.4237,-3.71122],[-60.42266,-3.7034],[-60.4336,-3.68099],[-60.44976,-3.67629],[-60.44351,-3.65179],[-60.45341,-3.62938],[-60.44715,-3.61582],[-60.42943,-3.59966],[-60.40858,-3.58976],[-60.32673,-3.65701],[-60.30797,-3.64241],[-60.30484,-3.61061],[-60.31266,-3.58924],[-60.29493,-3.56161],[-60.29493,-3.52877],[-60.2918,-3.52147],[-60.27043,-3.51104],[-60.26261,-3.49958],[-60.29076,-3.46621],[-60.29858,-3.4438],[-60.24905,-3.40157],[-60.22559,-3.3656]]]},"properties":{"CD_MUN":"1301100","NM_MUN":"Careiro","SIGLA_UF":"AM"}},{"type":"Feature","geometry":{"type":"Polygon","coordinates":[[[-69.52051,-7.18238],[-69.49028,-7.20219],[-69.47829,-7.22304],[-69.4736,-7.25119],[-69.49185,-7.2783],[-69.49341,-7.30124],[-69.48455,-7.31375],[-69.48559,-7.32939],[-69.51114,-7.3591],[-69.49602,-7.38152],[-69.49029,-7.40393],[-69.51531,-7.41332],[-69.52,-7.42009],[-69.52365,-7.44303],[-69.50801,-7.45815],[-69.52001,-7.47848],[-69.53304,-7.48839],[-69.55233,-7.53634],[-69.56276,-7.54886],[-69.56484,-7.55615],[-69.55442,-7.56971],[-69.55806,-7.57701],[-69.59195,-7.61141],[-69.58674,-7.62601],[-69.57214,-7.64426],[-69.5565,-7.65051],[-69.56015,-7.67188],[-69.57527,-7.68961],[-69.59769,-7.69013],[-69.61489,-7.71724],[-69.61072,-7.7334],[-69.62428,-7.75164],[-69.63992,-7.75686],[-69.64826,-7.76937],[-69.65608,-7.76624],[-69.66494,-7.78084],[-69.67224,-7.77979],[-69.6811,-7.7923],[-69.69622,-7.78448],[-69.70404,-7.78657],[-69.7301,-7.81941],[-69.74314,-7.82097],[-69.74991,-7.83401],[-69.76295,-7.84235],[-69.7666,-7.86268],[-69.79162,-7.86685],[-69.79735,-7.8731],[-69.79788,-7.88979],[-69.79058,-7.89187],[-69.78432,-7.90751],[-69.78849,-7.93931],[-69.79996,-7.95078],[-69.79788,-7.97632],[-69.78641,-7.9977],[-69.80049,-8.04044],[-69.80153,-8.0566],[-69.7958,-8.08058],[-69.77495,-8.09518],[-69.77026,-8.1103],[-69.77234,-8.12855],[-69.77964,-8.13063],[-69.78277,-8.14001],[-69.77756,-8.14679],[-69.78225,-8.15461],[-69.79997,-8.15409],[-69.80206,-8.16347],[-69.78016,-8.17442],[-69.76661,-8.16452],[-69.75827,-8.16921],[-69.75931,-8.23124],[-69.74993,-8.26461],[-69.75723,-8.28129],[-69.74993,-8.28702],[-69.74524,-8.31778],[-69.75567,-8.37617],[-69.74524,-8.3892],[-69.74733,-8.40588],[-69.73951,-8.41996],[-69.74525,-8.4455],[-69.75984,-8.46531],[-70.36871,-8.13948],[-70.57514,-8.09516],[-71.23979,-7.9497],[-71.23197,-7.9179],[-71.2179,-7.91112],[-71.2205,-7.89496],[-71.20121,-7.87984],[-71.19548,-7.86473],[-71.18922,-7.86003],[-71.18401,-7.86577],[-71.17671,-7.8616],[-71.16263,-7.84179],[-71.15898,-7.82667],[-71.14074,-7.81312],[-71.14387,-7.79592],[-71.1397,-7.78914],[-71.11572,-7.7808],[-71.11154,-7.77454],[-71.11728,-7.75995],[-71.09955,-7.74379],[-71.1006,-7.73492],[-71.08079,-7.71981],[-71.05889,-7.71094],[-71.04273,-7.6927],[-71.02709,-7.69218],[-71.0078,-7.6781],[-70.96558,-7.67028],[-70.93743,-7.65465],[-70.91345,-7.6583],[-70.90041,-7.66768],[-70.89259,-7.66507],[-70.88738,-7.64996],[-70.86549,-7.62754],[-70.84776,-7.6265],[-70.83212,-7.6437],[-70.82326,-7.64527],[-70.80971,-7.63745],[-70.79563,-7.60773],[-70.77791,-7.60096],[-70.75705,-7.60148],[-70.75393,-7.5947],[-70.74559,-7.5947],[-70.74037,-7.5874],[-70.73151,-7.58688],[-70.68668,-7.60826],[-70.67938,-7.60461],[-70.66426,-7.60826],[-70.6554,-7.5947],[-70.6408,-7.59105],[-70.62516,-7.57229],[-70.62256,-7.55665],[-70.61474,-7.55613],[-70.61422,-7.54883],[-70.60692,-7.5457],[-70.57929,-7.55456],[-70.56365,-7.54883],[-70.54019,-7.54883],[-70.5183,-7.53788],[-70.50005,-7.5139],[-70.4818,-7.5186],[-70.45522,-7.51338],[-70.45001,-7.51912],[-70.4328,-7.504],[-70.42394,-7.50713],[-70.42185,-7.49775],[-70.39266,-7.48524],[-70.35461,-7.48419],[-70.33584,-7.46908],[-70.32906,-7.45552],[-70.32124,-7.45448],[-70.29101,-7.42685],[-70.27067,-7.40079],[-70.23679,-7.37993],[-70.23366,-7.38723],[-70.22688,-7.38984],[-70.21437,-7.37003],[-70.2003,-7.36273],[-70.19717,-7.35543],[-70.18205,-7.35126],[-70.15703,-7.3325],[-70.14608,-7.29496],[-70.13148,-7.29079],[-70.12158,-7.27985],[-70.11428,-7.28037],[-70.10385,-7.29184],[-70.07779,-7.27307],[-70.06423,-7.27933],[-70.04651,-7.25118],[-70.05172,-7.23606],[-70.03973,-7.22563],[-70.04129,-7.20165],[-70.03556,-7.17246],[-69.99959,-7.19331],[-69.99177,-7.22824],[-69.97196,-7.24336],[-69.96831,-7.25118],[-69.97144,-7.26734],[-69.96831,-7.27412],[-69.95997,-7.27568],[-69.94798,-7.28976],[-69.92348,-7.29288],[-69.91566,-7.29028],[-69.90837,-7.27725],[-69.89481,-7.28507],[-69.88543,-7.27308],[-69.8995,-7.26526],[-69.89533,-7.25796],[-69.87969,-7.26213],[-69.8677,-7.24962],[-69.87292,-7.24232],[-69.8896,-7.23815],[-69.88908,-7.22981],[-69.87656,-7.2027],[-69.86457,-7.19123],[-69.52051,-7.18238]]]},"properties":{"CD_MUN":"1301506","NM_MUN":"Envira","SIGLA_UF":"AM"}},{"type":"Feature","geometry":{"type":"Polygon","coordinates":[[[-70.65275,-6.59431],[-70.61678,-6.60578],[-70.59906,-6.60057],[-70.58602,-6.55887],[-70.57091,-6.53332],[-70.55058,-6.54166],[-70.53546,-6.562],[-70.50679,-6.57346],[-70.48958,-6.57659],[-70.44997,-6.56565],[-70.43068,-6.56773],[-70.41921,-6.57868],[-70.41556,-6.60787],[-70.38898,-6.60996],[-70.37438,-6.61622],[-70.36708,-6.64384],[-70.35978,-6.64437],[-70.35144,-6.63759],[-70.34206,-6.64072],[-70.30713,-6.63446],[-70.29514,-6.60892],[-70.28732,-6.6084],[-70.27638,-6.63603],[-70.26074,-6.63394],[-70.2451,-6.60162],[-70.2133,-6.5839],[-70.20496,-6.58598],[-70.19349,-6.61101],[-70.14292,-6.60736],[-70.09131,-6.63082],[-70.08506,-6.62561],[-70.08193,-6.60058],[-70.07515,-6.59485],[-70.05743,-6.59537],[-70.05065,-6.59068],[-70.05221,-6.57191],[-70.04752,-6.56357],[-70.02094,-6.57139],[-70.01416,-6.58807],[-69.99904,-6.58182],[-69.98914,-6.56566],[-69.98132,-6.56253],[-69.95212,-6.56879],[-69.93179,-6.57974],[-69.9172,-6.56618],[-69.9099,-6.54741],[-69.88592,-6.54272],[-69.86924,-6.55211],[-69.86298,-6.54689],[-69.85568,-6.55002],[-69.83275,-6.56879],[-69.80825,-6.5641],[-69.79782,-6.55055],[-69.79521,-6.53751],[-69.79573,-6.47287],[-69.78218,-6.44889],[-69.76758,-6.43846],[-69.70085,-6.42178],[-69.68626,-6.43273],[-69.67062,-6.42648],[-69.65029,-6.42752],[-69.60702,-6.43743],[-69.57887,-6.46401],[-69.56375,-6.46089],[-69.54759,-6.46714],[-69.53195,-6.4562],[-69.51423,-6.41084],[-69.48608,-6.38791],[-69.41257,-6.35611],[-69.33281,-6.36028],[-69.33491,-6.66472],[-69.34899,-6.71373],[-69.35941,-6.7278],[-69.36202,-6.76116],[-69.36984,-6.76638],[-69.37871,-6.79401],[-69.37245,-6.85761],[-69.37506,-6.88941],[-69.3808,-6.90661],[-69.42511,-6.94883],[-69.42876,-6.96552],[-69.44023,-6.97646],[-69.44596,-6.99992],[-69.46108,-7.01817],[-69.49184,-7.02494],[-69.53354,-7.04892],[-69.53667,-7.05674],[-69.52833,-7.0703],[-69.52989,-7.08646],[-69.5153,-7.11357],[-69.52312,-7.13598],[-69.51791,-7.15892],[-69.52051,-7.18238],[-69.86457,-7.19123],[-69.87656,-7.2027],[-69.88908,-7.22981],[-69.8896,-7.23815],[-69.87292,-7.24232],[-69.8677,-7.24962],[-69.87969,-7.26213],[-69.89533,-7.25796],[-69.8995,-7.26526],[-69.88543,-7.27308],[-69.89481,-7.28507],[-69.90837,-7.27725],[-69.91566,-7.29028],[-69.92348,-7.29288],[-69.94798,-7.28976],[-69.95997,-7.27568],[-69.96831,-7.27412],[-69.97144,-7.26734],[-69.96831,-7.25118],[-69.97196,-7.24336],[-69.99177,-7.22824],[-69.99959,-7.19331],[-70.03556,-7.17246],[-70.04129,-7.20165],[-70.03973,-7.22563],[-70.05172,-7.23606],[-70.04651,-7.25118],[-70.06423,-7.27933],[-70.07779,-7.27307],[-70.10385,-7.29184],[-70.11428,-7.28037],[-70.12158,-7.27985],[-70.13148,-7.29079],[-70.14608,-7.29496],[-70.15703,-7.3325],[-70.18205,-7.35126],[-70.19717,-7.35543],[-70.2003,-7.36273],[-70.21437,-7.37003],[-70.22688,-7.38984],[-70.23366,-7.38723],[-70.23679,-7.37993],[-70.27067,-7.40079],[-70.29101,-7.42685],[-70.32124,-7.45448],[-70.32906,-7.45552],[-70.33584,-7.46908],[-70.35461,-7.48419],[-70.39266,-7.48524],[-70.42185,-7.49775],[-70.42394,-7.50713],[-70.4328,-7.504],[-70.45001,-7.51912],[-70.45522,-7.51338],[-70.4818,-7.5186],[-70.50005,-7.5139],[-70.5183,-7.53788],[-70.54019,-7.54883],[-70.56365,-7.54883],[-70.57929,-7.55456],[-70.60692,-7.5457],[-70.61422,-7.54883],[-70.61474,-7.55613],[-70.62256,-7.55665],[-70.62516,-7.57229],[-70.6408,-7.59105],[-70.6554,-7.5947],[-70.66426,-7.60826],[-70.67938,-7.60461],[-70.68668,-7.60826],[-70.73151,-7.58688],[-70.74037,-7.5874],[-70.74559,-7.5947],[-70.75393,-7.5947],[-70.75705,-7.60148],[-70.77791,-7.60096],[-70.79563,-7.60773],[-70.80971,-7.63745],[-70.82326,-7.64527],[-70.83212,-7.6437],[-70.84776,-7.6265],[-70.86549,-7.62754],[-70.88738,-7.64996],[-70.89259,-7.66507],[-70.90041,-7.66768],[-70.91345,-7.6583],[-70.93743,-7.65465],[-70.96558,-7.67028],[-71.0078,-7.6781],[-71.02709,-7.69218],[-71.04273,-7.6927],[-71.05889,-7.71094],[-71.08079,-7.71981],[-71.1006,-7.73492],[-71.09955,-7.74379],[-71.11728,-7.75995],[-71.11154,-7.77454],[-71.11572,-7.7808],[-71.1397,-7.78914],[-71.14387,-7.79592],[-71.14074,-7.81312],[-71.15898,-7.82667],[-71.16263,-7.84179],[-71.17671,-7.8616],[-71.18401,-7.86577],[-71.18922,-7.86003],[-71.19548,-7.86473],[-71.20121,-7.87984],[-71.2205,-7.89496],[-71.2179,-7.91112],[-71.23197,-7.9179],[-71.23979,-7.9497],[-71.49992,-7.89026],[-71.50878,-7.88036],[-71.50044,-7.86524],[-71.47906,-7.85325],[-71.4702,-7.83083],[-71.47176,-7.82354],[-71.45873,-7.80529],[-71.47072,-7.77088],[-71.46759,-7.76411],[-71.45247,-7.75681],[-71.42119,-7.72188],[-71.41337,-7.72293],[-71.38835,-7.69478],[-71.37115,-7.68435],[-71.37323,-7.67705],[-71.33257,-7.6562],[-71.32632,-7.66141],[-71.31954,-7.64682],[-71.31224,-7.64213],[-71.31276,-7.63431],[-71.30494,-7.63274],[-71.28878,-7.61345],[-71.28096,-7.61502],[-71.28096,-7.60668],[-71.27314,-7.6098],[-71.27105,-7.59364],[-71.26376,-7.58791],[-71.24968,-7.59208],[-71.24812,-7.58426],[-71.22466,-7.5582],[-71.19651,-7.54308],[-71.18295,-7.52744],[-71.17982,-7.51232],[-71.15271,-7.47896],[-71.12926,-7.47323],[-71.12821,-7.46541],[-71.1131,-7.46019],[-71.0912,-7.43778],[-71.08494,-7.42318],[-71.07712,-7.42162],[-71.05471,-7.3893],[-71.05054,-7.36636],[-71.05366,-7.35958],[-71.04532,-7.34603],[-71.02864,-7.34759],[-71.02551,-7.33143],[-71.01821,-7.33039],[-71.01456,-7.31579],[-70.99997,-7.3085],[-71.00831,-7.29129],[-71.00101,-7.28817],[-70.99527,-7.2694],[-70.97755,-7.25584],[-70.96087,-7.2548],[-70.95513,-7.24125],[-70.94366,-7.23656],[-70.93741,-7.24125],[-70.92959,-7.23864],[-70.92021,-7.2522],[-70.91187,-7.25115],[-70.90248,-7.22196],[-70.88893,-7.21518],[-70.88215,-7.20059],[-70.87537,-7.19694],[-70.87172,-7.20372],[-70.86495,-7.20007],[-70.86338,-7.1886],[-70.84357,-7.1813],[-70.83732,-7.17348],[-70.82168,-7.17088],[-70.81542,-7.16618],[-70.82063,-7.15941],[-70.79196,-7.1469],[-70.77528,-7.12135],[-70.77945,-7.11405],[-70.76172,-7.09216],[-70.75755,-7.08017],[-70.74139,-7.076],[-70.73253,-7.04837],[-70.73826,-7.04316],[-70.7221,-7.0369],[-70.7195,-7.02335],[-70.72314,-7.0124],[-70.71897,-6.99572],[-70.71115,-6.99051],[-70.7148,-6.98216],[-70.70385,-6.94359],[-70.7075,-6.93525],[-70.71584,-6.93316],[-70.69238,-6.88572],[-70.67935,-6.87738],[-70.66788,-6.85549],[-70.67153,-6.84767],[-70.66371,-6.83151],[-70.64598,-6.81222],[-70.65275,-6.59431]]]},"properties":{"CD_MUN":"1301407","NM_MUN":"Eirunepé","SIGLA_UF":"AM"}},{"type":"Feature","geometry":{"type":"Polygon","coordinates":[[[-60.80218,-4.17361],[-60.78237,-4.1856],[-60.7756,-4.18091],[-60.76048,-4.19395],[-60.75162,-4.19082],[-60.72138,-4.2002],[-60.70991,-4.19551],[-60.70261,-4.19916],[-60.70626,-4.21219],[-60.68958,-4.22158],[-60.68385,-4.20594],[-60.67759,-4.21167],[-60.66352,-4.2049],[-60.65622,-4.20854],[-60.65153,-4.20177],[-60.64371,-4.20229],[-60.63797,-4.18665],[-60.62703,-4.19134],[-60.61608,-4.17362],[-60.60096,-4.17779],[-60.59366,-4.17362],[-60.57907,-4.1804],[-60.56186,-4.15694],[-60.54883,-4.16424],[-60.54414,-4.15485],[-60.52589,-4.15954],[-60.51911,-4.14547],[-60.51234,-4.1486],[-60.48054,-4.13348],[-60.45447,-4.15173],[-60.45239,-4.16789],[-60.44561,-4.17258],[-60.43206,-4.16528],[-60.41851,-4.17467],[-60.39661,-4.16163],[-60.3742,-4.18405],[-60.35647,-4.18144],[-60.31789,-4.18979],[-60.30382,-4.18145],[-60.30017,-4.17467],[-60.30538,-4.16893],[-60.30225,-4.16164],[-60.28609,-4.16372],[-60.27723,-4.17206],[-60.27723,-4.1804],[-60.26524,-4.20178],[-60.2642,-4.21012],[-60.27567,-4.22107],[-60.27567,-4.22941],[-60.27046,-4.23566],[-60.26316,-4.2341],[-60.25951,-4.25026],[-60.25169,-4.2487],[-60.24283,-4.26121],[-60.22719,-4.26538],[-60.22511,-4.28102],[-60.2152,-4.29301],[-60.20947,-4.28727],[-60.19383,-4.28936],[-60.17246,-4.3149],[-60.16151,-4.33628],[-60.14587,-4.34097],[-60.12971,-4.3368],[-60.12398,-4.34253],[-60.12189,-4.35817],[-60.13336,-4.36912],[-60.12971,-4.3832],[-60.10782,-4.39467],[-60.09739,-4.40666],[-60.08905,-4.40718],[-60.07133,-4.38111],[-60.05621,-4.37694],[-60.04943,-4.37955],[-60.04683,-4.38737],[-60.04891,-4.41187],[-60.03484,-4.42021],[-60.0265,-4.41813],[-59.99939,-4.39571],[-59.95977,-4.39154],[-59.94622,-4.3759],[-59.94674,-4.35974],[-59.96602,-4.33889],[-59.97019,-4.32221],[-59.96863,-4.30605],[-59.98166,-4.28676],[-59.98792,-4.25965],[-59.97488,-4.24922],[-59.9582,-4.25496],[-59.94465,-4.25235],[-59.93943,-4.24662],[-59.93891,-4.23776],[-59.94517,-4.22942],[-59.92588,-4.21221],[-59.69338,-4.21118],[-59.67461,-4.18772],[-59.64333,-4.20127],[-59.61935,-4.19762],[-59.58547,-4.13976],[-59.57869,-4.1163],[-59.58651,-4.07616],[-59.58077,-4.05687],[-59.55783,-4.0209],[-59.55679,-3.9818],[-59.55053,-3.97034],[-59.52707,-3.9547],[-59.52499,-3.92498],[-59.49944,-3.91821],[-59.21117,-3.91926],[-59.15591,-3.92082],[-59.17103,-3.94219],[-59.1997,-3.95106],[-59.19449,-3.96774],[-59.11942,-3.9667],[-59.11056,-3.9693],[-59.10065,-3.98755],[-59.09179,-3.98964],[-59.07615,-3.96201],[-59.04956,-3.9594],[-59.0235,-3.93229],[-59.00734,-3.93699],[-58.999,-3.93177],[-58.99326,-3.92395],[-58.99691,-3.90206],[-58.99378,-3.89267],[-58.96667,-3.88694],[-58.94113,-3.8932],[-58.91924,-3.90832],[-58.90099,-3.89581],[-58.88483,-3.85879],[-58.87492,-3.85306],[-58.86763,-3.85619],[-58.84052,-3.8515],[-58.84417,-3.87391],[-58.81341,-3.87548],[-58.80247,-3.90258],[-58.79308,-3.90936],[-58.78526,-3.90571],[-58.77744,-3.90936],[-58.81967,-3.99955],[-58.78475,-4.03552],[-58.77537,-4.06471],[-58.70551,-4.10746],[-58.68049,-4.13405],[-58.67684,-4.14865],[-58.68727,-4.17888],[-58.68727,-4.20964],[-58.66121,-4.23779],[-58.65339,-4.26177],[-58.64453,-4.26803],[-58.61951,-4.26229],[-58.61534,-4.27011],[-58.61481,-4.28523],[-58.64192,-4.33527],[-58.64922,-4.34049],[-58.6461,-4.37177],[-58.65183,-4.38793],[-58.63932,-4.39887],[-58.63776,-4.41399],[-58.62681,-4.43015],[-58.63411,-4.45153],[-58.64454,-4.45205],[-58.62994,-4.46769],[-58.61691,-4.47238],[-58.60857,-4.46039],[-58.58771,-4.46195],[-58.56009,-4.49323],[-58.55227,-4.49532],[-58.50691,-4.47082],[-58.49232,-4.48906],[-58.48502,-4.49271],[-58.47772,-4.48959],[-58.44332,-4.50575],[-58.41725,-4.49428],[-58.41412,-4.5021],[-58.3964,-4.50262],[-58.3818,-4.45987],[-58.35365,-4.46196],[-58.35104,-4.44997],[-58.33593,-4.44007],[-58.32185,-4.44059],[-58.30465,-4.43329],[-58.29214,-4.40983],[-58.27441,-4.39523],[-58.26607,-4.39628],[-58.25616,-4.37803],[-58.23948,-4.3822],[-58.22384,-4.37386],[-58.22228,-4.36083],[-58.20612,-4.35874],[-58.1983,-4.34884],[-58.191,-4.35093],[-58.17432,-4.36917],[-58.16494,-4.36083],[-58.12792,-4.365],[-58.11854,-4.37022],[-58.10499,-4.41922],[-58.11437,-4.41453],[-58.11542,-4.42339],[-58.12532,-4.43069],[-58.1493,-4.43434],[-58.15243,-4.44372],[-58.18266,-4.45936],[-58.18214,-4.47135],[-58.1738,-4.47708],[-58.17745,-4.49585],[-58.19205,-4.49585],[-58.20248,-4.51201],[-58.2103,-4.51253],[-58.21134,-4.52348],[-58.20091,-4.54381],[-58.20613,-4.55319],[-58.2129,-4.54381],[-58.2275,-4.54746],[-58.23219,-4.56205],[-58.23167,-4.57926],[-58.21812,-4.58812],[-58.21968,-4.59594],[-58.22594,-4.60063],[-58.25513,-4.59959],[-58.26243,-4.61314],[-58.24992,-4.63504],[-58.26973,-4.65589],[-58.26608,-4.67413],[-58.26973,-4.70906],[-58.27964,-4.7101],[-58.27912,-4.71949],[-58.26869,-4.72105],[-58.27234,-4.73461],[-58.28277,-4.73304],[-58.29528,-4.74555],[-58.30362,-4.81384],[-58.31457,-4.82635],[-58.31665,-4.81072],[-58.32552,-4.81176],[-58.32552,-4.83939],[-58.34741,-4.84773],[-58.35419,-4.85503],[-58.36409,-4.85033],[-58.35575,-4.87275],[-58.34689,-4.87692],[-58.34324,-4.8936],[-58.34846,-4.89986],[-58.35888,-4.89517],[-58.36253,-4.91341],[-58.39277,-4.9181],[-58.37557,-4.94834],[-58.37609,-4.9572],[-58.39798,-4.96346],[-58.4032,-4.98222],[-58.41154,-4.98952],[-58.40893,-5.01559],[-58.4277,-5.02653],[-58.42926,-5.03644],[-58.4423,-5.03435],[-58.44855,-5.04165],[-58.43604,-5.0698],[-58.4668,-5.06928],[-58.47201,-5.07606],[-58.47149,-5.08753],[-58.48192,-5.08336],[-58.49547,-5.08857],[-58.49495,-5.09952],[-58.51163,-5.1089],[-58.5132,-5.12089],[-58.50798,-5.13079],[-58.51737,-5.13444],[-58.52102,-5.12767],[-58.52883,-5.12558],[-58.54395,-5.14278],[-58.54969,-5.12402],[-58.57679,-5.13027],[-58.56324,-5.15269],[-58.58044,-5.1579],[-58.58514,-5.17927],[-58.59244,-5.17667],[-58.61381,-5.18605],[-58.63153,-5.18344],[-58.62215,-5.2142],[-58.63101,-5.2142],[-58.65239,-5.20325],[-58.65239,-5.22984],[-58.67637,-5.22567],[-58.68366,-5.21941],[-58.69357,-5.24131],[-58.70035,-5.23609],[-58.70712,-5.24026],[-58.69983,-5.25538],[-58.70921,-5.26529],[-58.72381,-5.26476],[-58.71547,-5.28197],[-58.74101,-5.29604],[-58.74101,-5.30699],[-58.73059,-5.30386],[-58.71755,-5.31481],[-58.7457,-5.32993],[-58.77646,-5.33045],[-58.77907,-5.34035],[-58.80305,-5.3367],[-58.80982,-5.34139],[-58.80461,-5.34869],[-58.814,-5.37215],[-58.80357,-5.37059],[-58.81087,-5.39092],[-58.80722,-5.39874],[-58.81504,-5.40134],[-58.81191,-5.4149],[-58.83485,-5.4467],[-58.8312,-5.46286],[-58.83902,-5.49101],[-58.83433,-5.49935],[-58.83798,-5.50821],[-58.85362,-5.5129],[-58.85362,-5.53219],[-58.85206,-5.55669],[-58.84111,-5.55513],[-58.83486,-5.56243],[-58.83433,-5.57233],[-58.82391,-5.5838],[-58.82652,-5.59162],[-58.81818,-5.60153],[-58.83069,-5.62968],[-58.83173,-5.65209],[-58.84633,-5.67138],[-58.83382,-5.67503],[-58.83643,-5.70214],[-58.83226,-5.71465],[-58.82183,-5.71778],[-58.81401,-5.73446],[-58.82652,-5.76522],[-58.81506,-5.77981],[-58.82288,-5.79545],[-58.83226,-5.79962],[-58.82496,-5.8064],[-58.82913,-5.81578],[-58.81558,-5.84185],[-58.82601,-5.88877],[-58.81089,-5.90493],[-58.81871,-5.9091],[-58.81402,-5.92474],[-58.82601,-5.93673],[-58.82705,-5.96853],[-58.82028,-5.97478],[-58.8307,-5.97687],[-58.82705,-5.98677],[-58.83435,-5.99981],[-58.80464,-6.04777],[-58.81455,-6.06862],[-58.80204,-6.078],[-58.80881,-6.10042],[-58.82706,-6.1244],[-58.84531,-6.20729],[-58.87242,-6.2224],[-58.89953,-6.2516],[-58.90578,-6.24742],[-58.91673,-6.27401],[-58.91725,-6.29017],[-58.90735,-6.31989],[-58.89484,-6.32979],[-58.88754,-6.34387],[-58.86721,-6.35482],[-58.85313,-6.37306],[-58.8547,-6.38088],[-59.07834,-6.38817],[-59.29416,-6.52006],[-59.87021,-6.8151],[-59.87386,-6.80728],[-59.8822,-6.80833],[-59.88115,-6.79269],[-59.88689,-6.788],[-59.90201,-6.79373],[-59.90513,-6.74577],[-59.91452,-6.74368],[-59.93172,-6.72648],[-59.92911,-6.71188],[-59.91556,-6.69155],[-59.94266,-6.6806],[-59.94318,-6.67226],[-59.93953,-6.66549],[-59.92546,-6.66027],[-59.92442,-6.65193],[-59.92911,-6.63682],[-59.95569,-6.62118],[-59.92806,-6.57061],[-59.93275,-6.55497],[-59.90304,-6.54142],[-59.8973,-6.52682],[-59.87958,-6.52682],[-59.8728,-6.52109],[-59.85508,-6.52317],[-59.84413,-6.4773],[-59.81963,-6.43455],[-59.80451,-6.43403],[-59.79617,-6.44811],[-59.79878,-6.4554],[-59.77063,-6.46844],[-59.76228,-6.46792],[-59.74925,-6.44863],[-59.73361,-6.44498],[-59.7138,-6.45697],[-59.66011,-6.46375],[-59.63092,-6.47626],[-59.61476,-6.47209],[-59.60902,-6.45958],[-59.31397,-6.46011],[-59.30927,-6.44499],[-59.31501,-6.40902],[-59.32595,-6.39859],[-59.33221,-6.36888],[-59.34524,-6.35897],[-59.34107,-6.35168],[-59.35514,-6.33604],[-59.34941,-6.3204],[-59.35097,-6.31258],[-59.37443,-6.2985],[-59.364,-6.27817],[-59.3395,-6.27661],[-59.33898,-6.26931],[-59.35306,-6.26045],[-59.34419,-6.23855],[-59.33168,-6.22969],[-59.34002,-6.21718],[-59.33377,-6.21249],[-59.33064,-6.19685],[-59.34002,-6.1859],[-59.33741,-6.17808],[-59.35774,-6.16661],[-59.36191,-6.14367],[-59.36087,-6.12751],[-59.3494,-6.12386],[-59.35618,-6.11135],[-59.364,-6.11083],[-59.37494,-6.08998],[-59.39006,-6.08633],[-59.3885,-6.07017],[-59.39371,-6.05505],[-59.39944,-6.04932],[-59.40726,-6.05088],[-59.41143,-6.04358],[-59.4083,-6.0123],[-59.4302,-6.00552],[-59.45105,-5.99093],[-59.45418,-5.98363],[-59.44896,-5.95965],[-59.45939,-5.94505],[-59.47763,-5.93723],[-59.48024,-5.92889],[-59.49796,-5.92263],[-59.49379,-5.91586],[-59.50057,-5.90335],[-59.48754,-5.89292],[-59.48649,-5.88458],[-59.49483,-5.87937],[-59.50005,-5.88666],[-59.51099,-5.8851],[-59.51725,-5.88979],[-59.52507,-5.87572],[-59.52455,-5.8606],[-59.53237,-5.86268],[-59.54488,-5.84444],[-59.56052,-5.84183],[-59.55843,-5.82463],[-59.56364,-5.81524],[-59.58189,-5.79231],[-59.59231,-5.79022],[-59.58658,-5.78188],[-59.59805,-5.78188],[-59.60378,-5.77458],[-59.6043,-5.76363],[-59.59805,-5.75529],[-59.61108,-5.74278],[-59.61733,-5.71567],[-59.61264,-5.687],[-59.59231,-5.65103],[-59.59074,-5.63539],[-59.57198,-5.62236],[-59.54643,-5.55876],[-59.54382,-5.54886],[-59.54851,-5.52644],[-59.54434,-5.51914],[-59.55008,-5.5108],[-59.57458,-5.49725],[-59.58969,-5.49985],[-59.60116,-5.47691],[-59.60898,-5.47587],[-59.62045,-5.4863],[-59.63609,-5.48682],[-59.67623,-5.49985],[-59.70542,-5.4962],[-59.71272,-5.46648],[-59.72523,-5.44511],[-59.72523,-5.39976],[-59.70594,-5.36692],[-59.68873,-5.30384],[-59.66997,-5.28246],[-59.94363,-4.86906],[-59.97752,-4.8774],[-60.0995,-4.92849],[-60.12244,-4.92379],[-60.16623,-4.9045],[-60.18968,-4.90242],[-60.20532,-4.90867],[-60.22826,-4.93213],[-60.24755,-4.98478],[-60.283,-5.0416],[-60.70213,-5.04159],[-60.69431,-5.05619],[-60.69327,-5.07183],[-60.72507,-5.11249],[-60.91274,-5.11196],[-61.29222,-4.71107],[-61.27033,-4.66102],[-61.24843,-4.62766],[-61.16711,-4.54321],[-61.00863,-4.42279],[-60.84806,-4.28152],[-60.80218,-4.17361]]]},"properties":{"CD_MUN":"1300805","NM_MUN":"Borba","SIGLA_UF":"AM"}},{"type":"Feature","geometry":{"type":"Polygon","coordinates":[[[-69.43404,-8.641],[-69.41736,-8.61598],[-69.41006,-8.61337],[-69.40224,-8.6165],[-69.38504,-8.61337],[-69.34438,-8.63058],[-69.31727,-8.62484],[-69.29485,-8.61181],[-69.27661,-8.61754],[-69.25106,-8.6139],[-69.24533,-8.61859],[-69.23855,-8.61338],[-69.2349,-8.58835],[-69.21874,-8.5675],[-69.21092,-8.56385],[-69.20154,-8.56542],[-69.18903,-8.57741],[-69.16609,-8.58418],[-69.15201,-8.57324],[-69.11865,-8.5675],[-69.09102,-8.54665],[-69.08059,-8.54978],[-69.07173,-8.5722],[-69.05662,-8.56803],[-69.02325,-8.5748],[-69.01387,-8.5722],[-69.02065,-8.55656],[-69.00448,-8.53675],[-68.98832,-8.52997],[-68.98676,-8.52267],[-68.96382,-8.52163],[-68.9461,-8.50651],[-68.9388,-8.48149],[-68.91117,-8.44031],[-68.91847,-8.42519],[-68.91169,-8.41007],[-68.91429,-8.39391],[-68.85434,-8.34856],[-68.85226,-8.34074],[-68.86268,-8.32875],[-68.85747,-8.32302],[-68.8606,-8.31468],[-68.85225,-8.27558],[-68.86372,-8.26411],[-68.87258,-8.24169],[-68.87154,-8.21719],[-68.86163,-8.20364],[-68.86059,-8.19425],[-68.87258,-8.17705],[-68.87206,-8.16975],[-68.85016,-8.15933],[-68.83974,-8.14525],[-68.81628,-8.14473],[-68.78813,-8.10563],[-68.77301,-8.10668],[-68.7532,-8.09364],[-68.69481,-8.07175],[-68.6651,-8.06497],[-68.63434,-8.06862],[-68.61453,-8.08061],[-68.57596,-8.08844],[-68.54676,-8.07749],[-68.53113,-8.0655],[-68.50871,-8.05924],[-68.50037,-8.04673],[-68.47482,-8.06081],[-68.46753,-8.04673],[-68.45293,-8.04986],[-68.43729,-8.04465],[-68.42947,-8.04673],[-68.42895,-8.05508],[-68.40601,-8.05925],[-68.39559,-8.07124],[-68.37421,-8.07958],[-68.36587,-8.08062],[-68.36014,-8.07593],[-68.3445,-8.07958],[-68.33772,-8.07437],[-68.29341,-8.09105],[-68.27048,-8.08375],[-68.25484,-8.09105],[-68.25275,-8.08323],[-68.23868,-8.08949],[-68.23399,-8.08323],[-68.21835,-8.08792],[-68.21887,-8.07958],[-68.19437,-8.08167],[-68.19541,-8.09626],[-68.18238,-8.09157],[-68.17456,-8.11347],[-68.16726,-8.11712],[-68.1683,-8.13276],[-68.15475,-8.13693],[-68.13494,-8.12494],[-68.1193,-8.12337],[-68.10471,-8.13067],[-68.09584,-8.12911],[-68.08802,-8.14214],[-68.07447,-8.13693],[-68.06092,-8.15622],[-68.04059,-8.15883],[-68.02912,-8.1802],[-68.0067,-8.17655],[-67.99993,-8.18072],[-67.99524,-8.19584],[-67.98012,-8.19636],[-67.97751,-8.22816],[-67.96239,-8.23025],[-67.95614,-8.23546],[-67.95666,-8.24328],[-67.94311,-8.25058],[-67.94311,-8.26257],[-67.92747,-8.26622],[-67.93477,-8.28081],[-67.9087,-8.31991],[-67.90923,-8.32825],[-67.90141,-8.3319],[-67.90818,-8.34494],[-67.90089,-8.35276],[-67.88785,-8.36266],[-67.8816,-8.35745],[-67.86283,-8.37257],[-67.84772,-8.37569],[-67.84302,-8.36892],[-67.8352,-8.36944],[-67.82843,-8.37309],[-67.82634,-8.38091],[-67.81175,-8.37778],[-67.79402,-8.38195],[-67.78099,-8.40385],[-67.78099,-8.41219],[-67.77369,-8.41584],[-67.76796,-8.40958],[-67.75284,-8.42887],[-67.74033,-8.42053],[-67.7346,-8.43304],[-67.7273,-8.43043],[-67.71583,-8.4393],[-67.69967,-8.43721],[-67.67882,-8.44816],[-67.67413,-8.4638],[-67.66005,-8.45911],[-67.65692,-8.48152],[-67.6465,-8.481],[-67.64076,-8.48726],[-67.62773,-8.4784],[-67.61313,-8.48413],[-67.60167,-8.4956],[-67.60323,-8.50759],[-67.59645,-8.51124],[-67.58655,-8.53209],[-67.57612,-8.52792],[-67.56518,-8.54304],[-67.55319,-8.54826],[-67.54276,-8.54461],[-67.52973,-8.55347],[-67.52452,-8.55972],[-67.53338,-8.57171],[-67.5266,-8.57641],[-67.51305,-8.56911],[-67.50731,-8.57432],[-67.48907,-8.56233],[-67.48125,-8.57641],[-67.47343,-8.5738],[-67.47395,-8.55556],[-67.45362,-8.54722],[-67.43798,-8.55191],[-67.4359,-8.54409],[-67.42755,-8.54565],[-67.41765,-8.53053],[-67.41296,-8.50655],[-67.05691,-8.50448],[-67.06004,-8.5467],[-67.0762,-8.5686],[-67.09757,-8.58267],[-67.09601,-8.59988],[-67.08402,-8.62907],[-67.09393,-8.6421],[-67.11217,-8.64471],[-67.11791,-8.65096],[-67.12208,-8.67599],[-67.13824,-8.69267],[-67.1471,-8.71613],[-67.14606,-8.72499],[-67.12886,-8.74115],[-67.11531,-8.77086],[-67.08507,-8.80319],[-67.08664,-8.81935],[-67.10488,-8.83655],[-67.10436,-8.84437],[-67.09811,-8.84854],[-67.09759,-8.86574],[-67.08143,-8.88295],[-67.09342,-8.91214],[-67.0856,-8.92674],[-67.08716,-8.93508],[-67.09602,-8.93716],[-67.10801,-8.92726],[-67.11323,-8.94133],[-67.12835,-8.94915],[-67.13929,-8.97105],[-67.16796,-8.95541],[-67.17005,-8.97],[-67.1982,-8.98356],[-67.19403,-8.99972],[-67.17005,-9.0164],[-67.1737,-9.02318],[-67.19664,-9.02891],[-67.20811,-9.0508],[-67.20759,-9.05862],[-67.23835,-9.06905],[-67.2519,-9.10658],[-67.27901,-9.12326],[-67.29308,-9.15246],[-67.29309,-9.16758],[-67.2811,-9.18739],[-67.29152,-9.21919],[-67.28475,-9.23378],[-67.28475,-9.24994],[-67.29778,-9.27184],[-67.29622,-9.28748],[-67.31186,-9.30729],[-67.31186,-9.31511],[-67.29361,-9.33179],[-67.27693,-9.33387],[-67.27276,-9.35837],[-67.28632,-9.36619],[-67.27589,-9.38913],[-67.28215,-9.40321],[-67.28476,-9.42823],[-67.29414,-9.4423],[-67.28528,-9.47358],[-67.2832,-9.51164],[-67.29362,-9.52624],[-67.30561,-9.56429],[-67.32542,-9.59453],[-68.18295,-9.23376],[-68.73395,-8.99968],[-68.99668,-8.87195],[-69.43404,-8.641]]]},"properties":{"CD_MUN":"1300706","NM_MUN":"Boca do Acre","SIGLA_UF":"AM"}},{"type":"Feature","geometry":{"type":"Polygon","coordinates":[[[-58.0648,-3.21448],[-58.04238,-3.20979],[-58.04134,-3.20092],[-58.01997,-3.17434],[-58.01215,-3.14827],[-57.99181,-3.13315],[-57.89015,-2.95174],[-57.8693,-2.9653],[-57.8349,-2.96269],[-57.81926,-2.95487],[-57.79788,-2.97155],[-57.7812,-2.99449],[-57.76452,-2.98876],[-57.75618,-2.98302],[-57.74106,-2.95383],[-57.73168,-2.95279],[-57.72959,-2.96165],[-57.71343,-2.96426],[-57.6759,-2.9408],[-57.64671,-2.94132],[-57.62533,-2.90744],[-57.60031,-2.88867],[-57.57633,-2.83706],[-57.55391,-2.82403],[-57.53879,-2.83289],[-57.51638,-2.81152],[-57.49917,-2.80996],[-57.49292,-2.79953],[-57.4778,-2.80631],[-57.46998,-2.81934],[-57.446,-2.83654],[-57.45382,-2.84853],[-57.46998,-2.85688],[-57.48145,-2.87095],[-57.46634,-2.9481],[-57.45852,-2.95123],[-57.42359,-2.94029],[-57.41733,-2.94446],[-57.40951,-2.94029],[-57.39387,-2.91578],[-57.38501,-2.91422],[-57.37771,-2.921],[-57.3626,-2.91057],[-57.35165,-2.91214],[-57.34956,-2.91996],[-57.35947,-2.94967],[-57.38762,-2.98251],[-57.40222,-2.99033],[-57.409,-3.01431],[-57.41577,-3.01848],[-57.42881,-3.00597],[-57.43715,-3.00753],[-57.45748,-3.02057],[-57.45852,-3.03099],[-57.4554,-3.26558],[-57.42204,-3.288],[-57.40275,-3.27549],[-57.39337,-3.2953],[-57.39129,-3.32293],[-57.37304,-3.33179],[-57.37043,-3.3615],[-57.36209,-3.37923],[-57.36575,-3.41311],[-57.35793,-3.43814],[-57.35897,-3.45117],[-57.37096,-3.47723],[-57.3694,-3.5132],[-57.43404,-3.49965],[-57.46427,-3.46055],[-57.48669,-3.44282],[-57.49711,-3.41728],[-57.50024,-3.38548],[-57.50858,-3.36932],[-57.51535,-3.32397],[-57.52787,-3.31615],[-57.5482,-3.3151],[-57.56644,-3.32084],[-57.57843,-3.33856],[-57.58834,-3.33908],[-57.60137,-3.31458],[-57.62118,-3.3052],[-57.62639,-3.2979],[-57.62795,-3.28956],[-57.6217,-3.27809],[-57.62482,-3.25619],[-57.63577,-3.24733],[-57.63785,-3.21136],[-57.63264,-3.178],[-57.62691,-3.16861],[-57.61752,-3.17278],[-57.60866,-3.16757],[-57.61439,-3.15767],[-57.61544,-3.13316],[-57.79528,-3.13264],[-57.7932,-3.166],[-57.80467,-3.18894],[-57.80832,-3.22439],[-57.825,-3.24472],[-57.83387,-3.27704],[-57.84273,-3.28382],[-57.84951,-3.27808],[-57.8615,-3.28121],[-57.87713,-3.29268],[-57.89955,-3.28329],[-57.90893,-3.28955],[-57.91258,-3.30102],[-57.92405,-3.31092],[-57.94074,-3.33907],[-57.95012,-3.34324],[-58.02831,-3.34011],[-58.04135,-3.34793],[-58.06168,-3.33855],[-58.06949,-3.30571],[-58.07366,-3.28955],[-58.06376,-3.27495],[-58.0648,-3.21448]]]},"properties":{"CD_MUN":"1300680","NM_MUN":"Boa Vista do Ramos","SIGLA_UF":"AM"}},{"type":"Feature","geometry":{"type":"Polygon","coordinates":[[[-61.47829,-3.68409],[-61.46734,-3.68044],[-61.46421,-3.67158],[-61.4345,-3.64291],[-61.40634,-3.62466],[-61.33128,-3.69556],[-61.14935,-3.70026],[-61.14361,-3.70547],[-61.14309,-3.72111],[-61.15769,-3.74926],[-61.14257,-3.75447],[-61.14049,-3.76177],[-61.15144,-3.78262],[-61.1457,-3.78836],[-61.13058,-3.78679],[-61.10869,-3.79514],[-61.06125,-3.79409],[-61.04353,-3.82068],[-61.05395,-3.83371],[-61.04822,-3.83997],[-61.04979,-3.86447],[-61.07429,-3.90618],[-61.0868,-3.91712],[-61.10922,-3.92598],[-61.1358,-3.95778],[-61.16291,-3.97394],[-61.16292,-4.13972],[-61.14467,-4.12512],[-61.10558,-4.13399],[-61.07743,-4.12148],[-61.05657,-4.12773],[-61.02686,-4.08186],[-61.01904,-4.07977],[-61.0107,-4.08134],[-60.99558,-4.10219],[-60.97994,-4.1001],[-60.96535,-4.10584],[-60.96639,-4.122],[-60.9716,-4.12825],[-60.96482,-4.13295],[-60.94137,-4.13295],[-60.9372,-4.12513],[-60.9226,-4.13191],[-60.9153,-4.14702],[-60.90018,-4.15119],[-60.8981,-4.16683],[-60.88976,-4.16944],[-60.87047,-4.15641],[-60.86317,-4.15745],[-60.85223,-4.16944],[-60.84493,-4.16684],[-60.83919,-4.15276],[-60.80218,-4.17361],[-60.84806,-4.28152],[-61.00863,-4.42279],[-61.16711,-4.54321],[-61.24843,-4.62766],[-61.27033,-4.66102],[-61.29222,-4.71107],[-61.31777,-4.76216],[-61.41839,-4.85338],[-61.44289,-4.89092],[-61.48928,-4.91542],[-61.53412,-4.94774],[-61.75255,-5.14218],[-61.86411,-5.21881],[-61.94127,-5.29492],[-62.01216,-5.32567],[-62.08515,-5.42576],[-62.10183,-5.45912],[-62.5762,-4.99984],[-62.64917,-4.89975],[-62.67368,-4.90861],[-62.69297,-4.96178],[-62.71695,-4.97325],[-62.73206,-4.96804],[-62.73676,-4.9597],[-62.73571,-4.94354],[-62.69609,-4.90861],[-62.69401,-4.89141],[-62.69974,-4.86586],[-62.70547,-4.8497],[-62.71798,-4.83719],[-62.73362,-4.83562],[-62.74978,-4.84344],[-62.75864,-4.83875],[-62.78732,-4.80539],[-62.81703,-4.78558],[-62.81911,-4.77671],[-62.81077,-4.76316],[-62.80399,-4.72928],[-62.8165,-4.69904],[-62.82954,-4.68601],[-62.82953,-4.67714],[-62.79357,-4.67454],[-62.76802,-4.65473],[-62.68357,-4.62241],[-62.65646,-4.6245],[-62.63926,-4.63753],[-62.62831,-4.63909],[-62.59651,-4.6344],[-62.53813,-4.61512],[-62.49329,-4.61095],[-62.43908,-4.59166],[-62.39529,-4.58697],[-62.32648,-4.56195],[-62.30875,-4.5411],[-62.30197,-4.49731],[-62.28477,-4.47593],[-62.26757,-4.46759],[-62.25766,-4.46811],[-62.23837,-4.4848],[-62.22117,-4.4921],[-62.20136,-4.48323],[-62.12368,-4.41182],[-62.0726,-4.39826],[-62.06061,-4.38575],[-62.05435,-4.37168],[-62.05279,-4.35447],[-62.05696,-4.34718],[-62.04757,-4.31173],[-62.02985,-4.30808],[-61.99596,-4.28306],[-61.9626,-4.28358],[-61.95582,-4.27732],[-61.95738,-4.26742],[-61.94435,-4.27263],[-61.94122,-4.26533],[-61.92402,-4.25699],[-61.90578,-4.26012],[-61.90265,-4.25282],[-61.88544,-4.24344],[-61.86928,-4.24918],[-61.86094,-4.26481],[-61.85312,-4.26325],[-61.84843,-4.27055],[-61.82185,-4.2742],[-61.79422,-4.27159],[-61.76867,-4.24866],[-61.75303,-4.24136],[-61.73531,-4.2398],[-61.69413,-4.25127],[-61.67901,-4.24449],[-61.66076,-4.22624],[-61.59508,-4.13502],[-61.57943,-4.07246],[-61.57057,-4.05734],[-61.4929,-3.99322],[-61.42773,-3.91138],[-61.38967,-3.89678],[-61.37195,-3.88062],[-61.37195,-3.87228],[-61.39436,-3.84934],[-61.42408,-3.80243],[-61.43815,-3.75603],[-61.4663,-3.7138],[-61.47829,-3.68409]]]},"properties":{"CD_MUN":"1300631","NM_MUN":"Beruri","SIGLA_UF":"AM"}},{"type":"Feature","geometry":{"type":"Polygon","coordinates":[[[-70.13501,-4.2865],[-70.12771,-4.29275],[-70.11885,-4.2891],[-70.11207,-4.28233],[-70.11259,-4.27034],[-70.10685,-4.26356],[-70.09695,-4.29536],[-70.08079,-4.29119],[-70.07037,-4.29588],[-70.08027,-4.30735],[-70.07871,-4.32403],[-70.04951,-4.33342],[-70.04274,-4.35114],[-70.03179,-4.35427],[-70.01042,-4.3355],[-69.98018,-4.32612],[-69.96298,-4.29953],[-69.95411,-4.26513],[-69.87019,-4.32821],[-69.84464,-4.33759],[-69.79617,-4.37044],[-69.73309,-4.35323],[-69.65176,-4.31518],[-69.58087,-4.30632],[-69.56366,-4.29642],[-69.55689,-4.30893],[-69.56262,-4.32874],[-69.54125,-4.37044],[-69.51049,-4.36784],[-69.48912,-4.37826],[-69.47922,-4.3866],[-69.46723,-4.4158],[-69.50268,-4.42831],[-69.52301,-4.44447],[-69.54751,-4.50181],[-69.58921,-4.50546],[-69.60955,-4.51328],[-69.61893,-4.53257],[-69.61372,-4.57271],[-69.62258,-4.58001],[-69.68149,-4.57636],[-69.70912,-4.5873],[-69.76333,-4.65246],[-69.79409,-4.67279],[-69.83111,-4.70668],[-69.86864,-4.72023],[-69.88428,-4.73274],[-69.8994,-4.79686],[-69.93277,-4.85473],[-69.9557,-4.87766],[-69.97187,-4.90529],[-69.97082,-4.92875],[-69.94945,-4.97098],[-69.94737,-4.99965],[-69.95675,-5.0106],[-69.97291,-5.00278],[-69.99793,-5.01581],[-70.04329,-5.09192],[-70.09125,-5.13258],[-70.10585,-5.17637],[-70.15016,-5.22172],[-70.15538,-5.24466],[-70.14964,-5.28949],[-70.17571,-5.32911],[-70.18718,-5.3557],[-70.17936,-5.40939],[-70.19396,-5.46882],[-70.19709,-5.50844],[-70.21013,-5.54128],[-70.23619,-5.56213],[-70.24088,-5.571],[-70.23463,-5.57882],[-70.24766,-5.61114],[-70.25288,-5.61791],[-70.27216,-5.61531],[-70.28572,-5.6273],[-70.28728,-5.65076],[-70.28051,-5.66535],[-70.25757,-5.67891],[-70.25288,-5.69142],[-70.26383,-5.71071],[-70.25809,-5.75137],[-70.27321,-5.79464],[-70.26696,-5.81757],[-70.26852,-5.82904],[-70.29772,-5.85459],[-70.30293,-5.90463],[-70.32274,-5.9333],[-70.32222,-5.94373],[-70.30919,-5.95989],[-70.30711,-6.01098],[-70.31336,-6.01776],[-70.34047,-6.02036],[-70.35767,-6.03131],[-70.39365,-6.08709],[-70.42492,-6.11993],[-70.42962,-6.14704],[-70.43327,-6.15433],[-70.44213,-6.15694],[-70.44421,-6.16476],[-70.44474,-6.17675],[-70.43535,-6.19291],[-70.41033,-6.19552],[-70.4072,-6.18874],[-70.39834,-6.18561],[-70.39104,-6.19083],[-70.3801,-6.21637],[-70.36602,-6.22888],[-70.37176,-6.24661],[-70.36759,-6.25547],[-70.35247,-6.26277],[-70.3483,-6.28936],[-70.36446,-6.29248],[-70.37958,-6.30291],[-70.38479,-6.31281],[-70.38479,-6.33314],[-70.40148,-6.3566],[-70.40356,-6.37433],[-70.42076,-6.37068],[-70.45413,-6.37954],[-70.46195,-6.38423],[-70.46925,-6.40039],[-70.49948,-6.40821],[-70.50782,-6.41499],[-70.52503,-6.44835],[-70.56413,-6.4838],[-70.5709,-6.50413],[-70.57091,-6.53332],[-70.58602,-6.55887],[-70.59906,-6.60057],[-70.61678,-6.60578],[-70.65275,-6.59431],[-70.68038,-6.60839],[-70.70123,-6.6355],[-70.72991,-6.65322],[-70.75597,-6.64748],[-70.77161,-6.65478],[-70.78152,-6.70066],[-70.78986,-6.70639],[-70.83417,-6.71838],[-70.85346,-6.71473],[-70.86336,-6.72516],[-70.89985,-6.70482],[-70.90559,-6.72046],[-70.91445,-6.71994],[-70.92904,-6.69596],[-70.93061,-6.67094],[-70.94885,-6.67615],[-70.97492,-6.65008],[-70.99264,-6.64591],[-71.0062,-6.6553],[-71.0234,-6.65217],[-71.09012,-6.65947],[-71.10368,-6.67458],[-71.10577,-6.70847],[-71.12818,-6.69283],[-71.13652,-6.69543],[-71.14278,-6.70534],[-71.17979,-6.70794],[-71.18865,-6.72567],[-71.22671,-6.71941],[-71.23453,-6.71941],[-71.24652,-6.73088],[-71.26372,-6.72723],[-71.27988,-6.71993],[-71.29917,-6.6897],[-71.34243,-6.68031],[-71.34087,-6.67041],[-71.33357,-6.66728],[-71.30125,-6.67718],[-71.27988,-6.66102],[-71.24078,-6.61567],[-71.19282,-6.62089],[-71.185,-6.61619],[-71.16884,-6.6188],[-71.11202,-6.6089],[-71.08126,-6.59222],[-71.04737,-6.54113],[-71.02391,-6.53592],[-71.02027,-6.52914],[-71.01192,-6.53383],[-70.99159,-6.52862],[-70.97126,-6.5135],[-70.95406,-6.51507],[-70.93738,-6.52393],[-70.91027,-6.50204],[-70.90141,-6.48796],[-70.88473,-6.48379],[-70.86752,-6.49057],[-70.85866,-6.489],[-70.83833,-6.47128],[-70.83677,-6.46242],[-70.82008,-6.45408],[-70.81487,-6.4374],[-70.79297,-6.40455],[-70.77786,-6.39934],[-70.77838,-6.39048],[-70.75805,-6.3738],[-70.74084,-6.37171],[-70.70435,-6.32844],[-70.69861,-6.31176],[-70.68923,-6.31228],[-70.68402,-6.30394],[-70.66838,-6.29925],[-70.64648,-6.27684],[-70.63814,-6.27475],[-70.6152,-6.24452],[-70.60113,-6.23409],[-70.59904,-6.21741],[-70.59018,-6.20438],[-70.59643,-6.18874],[-70.59174,-6.16476],[-70.58288,-6.15277],[-70.59852,-6.13139],[-70.59278,-6.11732],[-70.59382,-6.0923],[-70.61155,-6.07561],[-70.61311,-6.04329],[-70.62041,-6.04016],[-70.62666,-6.02505],[-70.63344,-6.01983],[-70.62927,-6.01306],[-70.61415,-6.0068],[-70.62145,-5.98334],[-70.60842,-5.97187],[-70.6105,-5.94998],[-70.5959,-5.94268],[-70.58965,-5.93121],[-70.57297,-5.93017],[-70.58026,-5.9041],[-70.57296,-5.90671],[-70.56202,-5.87752],[-70.5641,-5.86918],[-70.54429,-5.86188],[-70.53126,-5.84415],[-70.52083,-5.84415],[-70.51405,-5.83373],[-70.51875,-5.81705],[-70.51301,-5.80036],[-70.49998,-5.79672],[-70.49424,-5.78942],[-70.49998,-5.7743],[-70.48225,-5.75136],[-70.48538,-5.72165],[-70.4713,-5.69975],[-70.47443,-5.69141],[-70.46713,-5.68724],[-70.47443,-5.68099],[-70.45775,-5.65127],[-70.46035,-5.6372],[-70.45253,-5.62104],[-70.45827,-5.6153],[-70.45357,-5.60905],[-70.45931,-5.56891],[-70.44992,-5.54076],[-70.4567,-5.52355],[-70.44992,-5.50061],[-70.43324,-5.49227],[-70.43376,-5.48133],[-70.42073,-5.48706],[-70.41395,-5.48028],[-70.40926,-5.46412],[-70.40196,-5.46047],[-70.39205,-5.43024],[-70.40561,-5.43285],[-70.40039,-5.41721],[-70.38006,-5.41356],[-70.37902,-5.40313],[-70.37016,-5.40574],[-70.37068,-5.38384],[-70.36234,-5.37967],[-70.37068,-5.36508],[-70.36077,-5.3656],[-70.35139,-5.34214],[-70.33627,-5.33328],[-70.34201,-5.32546],[-70.33366,-5.31555],[-70.34044,-5.30252],[-70.33783,-5.29157],[-70.32584,-5.27593],[-70.3248,-5.26082],[-70.30603,-5.24622],[-70.30655,-5.23423],[-70.29821,-5.23684],[-70.29873,-5.20816],[-70.28987,-5.20608],[-70.29352,-5.1993],[-70.26954,-5.18575],[-70.27162,-5.17793],[-70.25963,-5.17324],[-70.2539,-5.16438],[-70.25494,-5.15395],[-70.24451,-5.15082],[-70.25129,-5.14248],[-70.24608,-5.12945],[-70.22627,-5.11694],[-70.21793,-5.10391],[-70.20854,-5.10964],[-70.21011,-5.09556],[-70.20072,-5.09817],[-70.19134,-5.08514],[-70.183,-5.08201],[-70.17831,-5.09139],[-70.17049,-5.08566],[-70.17049,-5.06481],[-70.16527,-5.05907],[-70.17205,-5.05334],[-70.18039,-5.05855],[-70.18195,-5.05073],[-70.17674,-5.045],[-70.183,-5.03301],[-70.17466,-5.02936],[-70.17153,-4.99964],[-70.16423,-5.00486],[-70.15485,-4.99965],[-70.15693,-4.98713],[-70.15172,-4.97827],[-70.15797,-4.96628],[-70.14233,-4.93917],[-70.14754,-4.93292],[-70.15641,-4.93552],[-70.16422,-4.90789],[-70.16266,-4.89643],[-70.14754,-4.88652],[-70.14389,-4.87401],[-70.13347,-4.86932],[-70.13138,-4.85994],[-70.13972,-4.85941],[-70.15588,-4.84586],[-70.14128,-4.83178],[-70.14024,-4.8224],[-70.15588,-4.79842],[-70.15014,-4.79008],[-70.16995,-4.76818],[-70.19498,-4.76036],[-70.19914,-4.73013],[-70.20592,-4.72231],[-70.21322,-4.73013],[-70.21739,-4.71814],[-70.2127,-4.69833],[-70.23042,-4.68634],[-70.22521,-4.67852],[-70.2398,-4.67278],[-70.23928,-4.65662],[-70.25388,-4.65975],[-70.25961,-4.65037],[-70.12303,-4.50023],[-70.13293,-4.48616],[-70.13605,-4.38033],[-70.14439,-4.36365],[-70.13814,-4.33341],[-70.14074,-4.29744],[-70.13501,-4.2865]]]},"properties":{"CD_MUN":"1300607","NM_MUN":"Benjamin Constant","SIGLA_UF":"AM"}},{"type":"Feature","geometry":{"type":"Polygon","coordinates":[[[-66.92797,-4.2944],[-65.94949,-4.2939],[-66.05845,-4.39973],[-66.08243,-4.40025],[-66.09963,-4.39451],[-66.12413,-4.40285],[-66.14499,-4.41797],[-66.14968,-4.4237],[-66.15229,-4.44299],[-66.16636,-4.45237],[-66.18722,-4.48052],[-66.20963,-4.49147],[-66.21328,-4.50815],[-66.20077,-4.53422],[-66.20546,-4.57019],[-66.19504,-4.59417],[-66.19869,-4.63796],[-66.24144,-4.67445],[-66.24457,-4.68279],[-66.243,-4.71668],[-66.25395,-4.76776],[-66.26907,-4.77923],[-66.304,-4.7834],[-66.3186,-4.78966],[-66.33893,-4.80373],[-66.35352,-4.82406],[-66.36239,-4.82719],[-66.38637,-4.82354],[-66.40774,-4.85325],[-66.45987,-4.89131],[-66.47186,-4.91425],[-66.49063,-4.9205],[-66.52347,-4.94396],[-66.54745,-4.98827],[-66.56257,-4.99974],[-66.56362,-5.00964],[-66.57925,-5.02737],[-66.59229,-5.06021],[-66.61731,-5.08158],[-66.63295,-5.08367],[-66.65641,-5.06803],[-66.70802,-5.05499],[-66.72313,-5.05708],[-66.76275,-5.07741],[-66.77318,-5.09253],[-66.77944,-5.12954],[-66.78986,-5.15143],[-66.81489,-5.16134],[-66.82949,-5.18688],[-66.87171,-5.21816],[-66.87745,-5.21138],[-66.8837,-5.21711],[-66.90038,-5.25882],[-66.90873,-5.26299],[-66.92489,-5.25778],[-66.93271,-5.26038],[-66.9374,-5.27654],[-66.93062,-5.30209],[-66.93271,-5.31877],[-66.95304,-5.33232],[-66.95669,-5.35578],[-66.97337,-5.38341],[-66.95721,-5.41886],[-66.97598,-5.44336],[-66.9765,-5.46734],[-66.98276,-5.47412],[-66.99058,-5.49862],[-67.00465,-5.50435],[-67.02081,-5.49862],[-67.03802,-5.52155],[-67.08702,-5.56117],[-67.10996,-5.57264],[-67.11778,-5.58724],[-67.12039,-5.62477],[-67.16522,-5.62269],[-67.1647,-5.63103],[-67.1965,-5.64666],[-67.20484,-5.66022],[-67.20484,-5.68524],[-67.20224,-5.69358],[-67.18086,-5.70714],[-67.1793,-5.71548],[-67.22257,-5.74936],[-67.26427,-5.81765],[-67.29243,-5.85101],[-67.30389,-5.83955],[-67.30858,-5.80514],[-67.31536,-5.79888],[-67.33152,-5.79732],[-67.37375,-5.81348],[-67.38782,-5.8239],[-67.38782,-5.83225],[-67.37531,-5.85935],[-67.35707,-5.87708],[-67.35498,-5.88542],[-67.36541,-5.90002],[-67.40034,-5.90783],[-67.43214,-5.92191],[-67.43996,-5.92139],[-67.44517,-5.91409],[-67.44725,-5.89011],[-67.49991,-5.89115],[-67.52858,-5.91096],[-67.54422,-5.91148],[-67.56142,-5.94328],[-67.5682,-5.96987],[-67.56507,-5.98759],[-67.57185,-5.99176],[-67.58749,-5.9902],[-67.61355,-5.96986],[-67.62867,-5.95058],[-67.65056,-5.9365],[-67.6589,-5.93441],[-67.67402,-5.94328],[-67.69852,-5.94432],[-67.70426,-5.961],[-67.70217,-5.99697],[-67.69123,-6.02356],[-67.68445,-6.02929],[-67.67715,-6.02721],[-67.67038,-6.03294],[-67.66829,-6.04285],[-68.3048,-6.05013],[-68.2975,-6.00686],[-68.3074,-5.98392],[-68.31209,-5.95786],[-68.31001,-5.94899],[-68.29749,-5.93753],[-68.29489,-5.92137],[-68.26517,-5.90625],[-68.24641,-5.92345],[-68.22973,-5.92919],[-68.21409,-5.9245],[-68.20939,-5.9172],[-68.21461,-5.89322],[-68.20991,-5.85985],[-68.22399,-5.8218],[-68.21773,-5.80512],[-68.23702,-5.76862],[-68.24901,-5.75663],[-68.24066,-5.73422],[-68.22867,-5.71806],[-68.22763,-5.69251],[-68.23128,-5.68521],[-68.2808,-5.65289],[-68.27507,-5.63725],[-68.23336,-5.58617],[-68.27246,-5.57417],[-68.25942,-5.51996],[-68.25994,-5.51162],[-68.2735,-5.50223],[-68.26985,-5.49441],[-68.25317,-5.49077],[-68.23544,-5.47356],[-68.21928,-5.47721],[-68.20573,-5.46679],[-68.20416,-5.45793],[-68.21719,-5.4475],[-68.21824,-5.43968],[-68.20833,-5.39641],[-68.22188,-5.36617],[-68.20363,-5.29893],[-68.19425,-5.2812],[-68.19998,-5.21969],[-68.18903,-5.19675],[-68.16922,-5.18007],[-68.16922,-5.154],[-68.11292,-5.08623],[-68.09728,-5.0805],[-68.09154,-5.04609],[-68.08425,-5.0414],[-68.07695,-5.04453],[-68.06183,-5.06591],[-68.04776,-5.05913],[-68.03994,-5.03254],[-68.04827,-4.9997],[-68.04515,-4.98458],[-68.02794,-4.96529],[-67.99666,-4.94705],[-68.00344,-4.91733],[-67.99405,-4.8798],[-68.00604,-4.86937],[-68.00657,-4.86155],[-67.99249,-4.84122],[-67.99874,-4.799],[-67.98258,-4.75417],[-67.96798,-4.74895],[-67.95026,-4.77606],[-67.94401,-4.78023],[-67.92732,-4.77763],[-67.9242,-4.78701],[-67.91169,-4.77658],[-67.88875,-4.78232],[-67.87207,-4.77919],[-67.86008,-4.76824],[-67.84756,-4.72133],[-67.81837,-4.68484],[-67.79178,-4.66503],[-67.76102,-4.65095],[-67.70941,-4.59674],[-67.68074,-4.57901],[-67.64842,-4.57067],[-67.61141,-4.59101],[-67.60255,-4.58944],[-67.56918,-4.542],[-67.54312,-4.53731],[-67.4962,-4.53888],[-67.47587,-4.51177],[-67.45189,-4.50447],[-67.43416,-4.50552],[-67.40184,-4.51751],[-67.36588,-4.55348],[-67.35753,-4.55035],[-67.35649,-4.53523],[-67.33981,-4.51594],[-67.33095,-4.51699],[-67.32573,-4.52376],[-67.31374,-4.51803],[-67.30749,-4.50343],[-67.28924,-4.48727],[-67.29445,-4.4805],[-67.26995,-4.45964],[-67.26943,-4.45182],[-67.24597,-4.46173],[-67.23763,-4.47581],[-67.21365,-4.4805],[-67.20635,-4.47633],[-67.19176,-4.48467],[-67.17664,-4.48415],[-67.17039,-4.47946],[-67.16413,-4.48571],[-67.15527,-4.48415],[-67.14171,-4.49197],[-67.11304,-4.48102],[-67.0974,-4.48207],[-67.09219,-4.48728],[-67.08437,-4.48363],[-67.06143,-4.49145],[-67.05466,-4.48832],[-67.04632,-4.49197],[-67.04788,-4.50083],[-67.03433,-4.51074],[-66.89462,-4.47999],[-66.89514,-4.456],[-66.88106,-4.41691],[-66.88784,-4.39397],[-66.88575,-4.37729],[-66.8967,-4.35383],[-66.91338,-4.33558],[-66.91286,-4.32724],[-66.91963,-4.32255],[-66.91442,-4.31629],[-66.9212,-4.31212],[-66.92797,-4.2944]]]},"properties":{"CD_MUN":"1301001","NM_MUN":"Carauari","SIGLA_UF":"AM"}},{"type":"Feature","geometry":{"type":"Polygon","coordinates":[[[-65.03838,-7.0725],[-65.03317,-7.05425],[-65.00084,-7.03496],[-64.98364,-7.03288],[-64.97374,-7.01307],[-64.97791,-6.98596],[-64.99667,-6.97606],[-65.01648,-6.94947],[-64.99354,-6.91871],[-64.98155,-6.88952],[-64.99093,-6.86971],[-64.98624,-6.83635],[-65.005,-6.79673],[-64.96382,-6.74616],[-64.94505,-6.70237],[-64.93202,-6.68308],[-64.91794,-6.67631],[-64.89813,-6.67631],[-64.88927,-6.68725],[-64.88823,-6.6982],[-64.89813,-6.71019],[-64.89866,-6.72583],[-64.9169,-6.73],[-64.92055,-6.73991],[-64.91273,-6.74668],[-64.88406,-6.74825],[-64.81369,-6.73261],[-64.79648,-6.73574],[-64.76677,-6.72479],[-64.75895,-6.69351],[-64.74122,-6.681],[-64.73601,-6.67058],[-64.73392,-6.62574],[-64.72767,-6.61428],[-64.68961,-6.5856],[-64.67918,-6.56997],[-64.66719,-6.4949],[-64.63643,-6.46049],[-64.63434,-6.41045],[-64.62861,-6.38542],[-64.58117,-6.34424],[-64.56345,-6.33434],[-64.53894,-6.30358],[-64.52643,-6.26813],[-64.51444,-6.20714],[-64.49984,-6.19359],[-64.47742,-6.18525],[-64.46231,-6.16961],[-64.44093,-6.10653],[-64.42946,-6.09923],[-64.38671,-6.09558],[-64.38775,-5.92564],[-64.3742,-5.93189],[-64.36742,-5.92564],[-64.36586,-5.91625],[-64.35751,-5.91521],[-64.34657,-5.92981],[-64.32102,-5.93033],[-64.31425,-5.93763],[-64.30487,-5.96943],[-64.3106,-5.98611],[-64.32572,-5.99654],[-64.33667,-6.0127],[-64.33406,-6.06274],[-64.31738,-6.06535],[-64.28819,-6.04919],[-64.27359,-6.05492],[-64.27724,-6.07108],[-64.30278,-6.08255],[-64.3153,-6.09715],[-64.31478,-6.11383],[-64.30122,-6.11957],[-64.28089,-6.1008],[-64.27151,-6.10497],[-64.26734,-6.15971],[-64.24701,-6.17639],[-64.25379,-6.2525],[-63.98168,-6.34061],[-63.97229,-6.35938],[-63.95665,-6.37345],[-63.96239,-6.38023],[-63.95144,-6.38492],[-63.95405,-6.39952],[-63.97438,-6.43444],[-63.98429,-6.4407],[-63.98481,-6.45269],[-63.9796,-6.4579],[-63.98272,-6.47615],[-63.97334,-6.50378],[-63.95927,-6.51942],[-63.94311,-6.52359],[-63.92226,-6.54183],[-63.91444,-6.53245],[-63.90714,-6.53558],[-63.9014,-6.54548],[-63.90453,-6.55278],[-63.9014,-6.57207],[-63.89567,-6.57676],[-63.89307,-6.59344],[-63.89671,-6.60961],[-63.89046,-6.62003],[-63.90819,-6.68415],[-63.92226,-6.7097],[-63.89568,-6.73576],[-63.89724,-6.75661],[-63.89099,-6.76548],[-63.89307,-6.77851],[-63.88108,-6.79936],[-63.86545,-6.80927],[-63.86284,-6.81917],[-63.86805,-6.84055],[-63.17837,-6.84525],[-63.17577,-6.85881],[-63.16482,-6.85985],[-63.16795,-6.86767],[-63.16117,-6.87341],[-63.15231,-6.87288],[-63.15961,-6.88748],[-63.15961,-6.91459],[-63.15127,-6.91772],[-63.16222,-6.93492],[-63.14658,-6.95577],[-63.1398,-6.95838],[-63.13459,-6.97246],[-63.15179,-6.98914],[-63.16222,-6.99279],[-63.16378,-7.00425],[-63.17682,-7.01624],[-63.18568,-7.01051],[-63.20028,-7.0225],[-63.20757,-7.01468],[-63.21696,-7.02667],[-63.20497,-7.05013],[-63.20705,-7.06003],[-63.22009,-7.05951],[-63.22739,-7.07463],[-63.23573,-7.07463],[-63.23781,-7.08505],[-63.25397,-7.07984],[-63.26127,-7.08245],[-63.26388,-7.09079],[-63.30662,-7.10434],[-63.30246,-7.12728],[-63.30558,-7.13823],[-63.31288,-7.14135],[-63.3134,-7.15074],[-63.30611,-7.15387],[-63.30767,-7.16377],[-63.32487,-7.20287],[-63.30037,-7.21069],[-63.30037,-7.22893],[-63.29412,-7.23832],[-63.28421,-7.23988],[-63.28004,-7.24822],[-63.30455,-7.27742],[-63.30298,-7.29566],[-63.29047,-7.32798],[-63.30299,-7.34154],[-63.29829,-7.34727],[-63.26702,-7.3504],[-63.26232,-7.3577],[-63.2519,-7.35144],[-63.25398,-7.37125],[-63.24564,-7.37125],[-63.24981,-7.39263],[-63.26181,-7.40305],[-63.26806,-7.41973],[-63.28109,-7.40722],[-63.29569,-7.4067],[-63.29934,-7.39992],[-63.33166,-7.40409],[-63.34209,-7.40983],[-63.33062,-7.42182],[-63.3327,-7.43276],[-63.30612,-7.44736],[-63.30351,-7.45466],[-63.31707,-7.47656],[-63.30299,-7.49011],[-63.33114,-7.49272],[-63.3447,-7.51826],[-63.37389,-7.52816],[-63.3791,-7.55058],[-63.39631,-7.55944],[-63.40308,-7.57404],[-63.40048,-7.58394],[-63.41925,-7.59385],[-63.42602,-7.60323],[-63.4255,-7.61157],[-63.41716,-7.62043],[-63.41977,-7.62825],[-63.39527,-7.63712],[-63.39527,-7.65693],[-63.38015,-7.6637],[-63.39214,-7.68977],[-63.40048,-7.7273],[-63.40622,-7.73408],[-63.43124,-7.74346],[-63.4375,-7.73825],[-63.45001,-7.74815],[-63.4693,-7.74711],[-63.5084,-7.78881],[-63.51622,-7.78673],[-63.53342,-7.80445],[-63.54906,-7.81227],[-63.54697,-7.8227],[-63.55375,-7.83782],[-63.56678,-7.8472],[-63.59858,-7.84772],[-63.62256,-7.8571],[-63.63508,-7.88212],[-63.621,-7.89411],[-63.62465,-7.90506],[-63.61996,-7.96866],[-63.6257,-8.01558],[-63.62101,-8.02861],[-63.6257,-8.0406],[-63.63821,-8.04634],[-63.66636,-8.08074],[-63.66793,-8.09117],[-63.66167,-8.10055],[-63.66897,-8.12088],[-63.69243,-8.15737],[-63.72944,-8.17927],[-63.74613,-8.19803],[-63.74769,-8.2069],[-63.72215,-8.2486],[-63.74561,-8.26945],[-63.77272,-8.32002],[-63.79044,-8.33253],[-63.82485,-8.30542],[-63.8702,-8.28822],[-63.88115,-8.2903],[-63.89418,-8.30125],[-63.91034,-8.32784],[-63.93119,-8.32419],[-63.94318,-8.33044],[-63.94475,-8.38726],[-63.97603,-8.40916],[-63.97707,-8.41958],[-63.94319,-8.4347],[-63.93849,-8.44096],[-63.94006,-8.45138],[-63.97238,-8.47745],[-63.97395,-8.48631],[-63.9703,-8.49882],[-63.94319,-8.52593],[-63.94475,-8.54991],[-63.92234,-8.55877],[-63.9239,-8.57494],[-63.94528,-8.60882],[-63.96509,-8.59527],[-63.97186,-8.58171],[-63.97968,-8.58015],[-63.98542,-8.58484],[-63.99011,-8.61664],[-64.00419,-8.62498],[-64.00419,-8.64114],[-64.01826,-8.65991],[-64.01566,-8.66668],[-64.03495,-8.69275],[-64.02713,-8.71516],[-64.06675,-8.70995],[-64.09385,-8.72767],[-64.12409,-8.7162],[-64.14234,-8.74227],[-64.1439,-8.77563],[-64.12878,-8.80431],[-64.13504,-8.81942],[-64.15433,-8.83454],[-64.15746,-8.84236],[-64.14808,-8.8726],[-64.1512,-8.89658],[-64.14287,-8.95288],[-64.1486,-8.95809],[-64.17414,-8.95965],[-64.23253,-8.99145],[-64.26433,-8.9878],[-64.31073,-8.99562],[-64.3248,-8.98728],[-64.32532,-8.97894],[-64.30864,-8.93359],[-64.32271,-8.92837],[-64.37901,-8.94609],[-64.44574,-8.97633],[-64.5328,-8.97528],[-64.5573,-8.9805],[-64.56825,-8.99092],[-64.57815,-8.98779],[-64.57242,-8.96381],[-64.58128,-8.94974],[-64.53071,-8.92472],[-64.52498,-8.90178],[-64.53644,-8.88041],[-64.53488,-8.87259],[-64.51559,-8.84704],[-64.50516,-8.80794],[-64.48118,-8.80586],[-64.42176,-8.83193],[-64.40038,-8.80847],[-64.38891,-8.77667],[-64.37484,-8.76937],[-64.33887,-8.76207],[-64.32896,-8.75008],[-64.34408,-8.72975],[-64.3592,-8.72193],[-64.38317,-8.68961],[-64.39673,-8.65208],[-64.4108,-8.64374],[-64.44156,-8.65155],[-64.44833,-8.64843],[-64.47231,-8.61663],[-64.50203,-8.59369],[-64.48534,-8.56606],[-64.4916,-8.5254],[-64.50202,-8.51393],[-64.5234,-8.50559],[-64.53486,-8.49307],[-64.54008,-8.47743],[-64.53017,-8.44303],[-64.51401,-8.42218],[-64.50567,-8.3737],[-64.50775,-8.32991],[-64.50358,-8.32313],[-64.48377,-8.3127],[-64.46969,-8.2856],[-64.46552,-8.26579],[-64.44206,-8.23503],[-64.40609,-8.20636],[-64.40036,-8.17977],[-64.39462,-8.17456],[-64.39306,-8.16257],[-64.4014,-8.13338],[-64.39305,-8.09532],[-64.40348,-8.07655],[-64.39879,-8.04215],[-64.41859,-7.96864],[-64.42015,-7.92746],[-64.44413,-7.89826],[-64.44674,-7.88315],[-64.43735,-7.86699],[-64.43735,-7.83258],[-64.41598,-7.80078],[-64.41598,-7.79192],[-64.42901,-7.76846],[-64.41493,-7.72884],[-64.40138,-7.7059],[-64.40086,-7.68766],[-64.4191,-7.65794],[-64.41128,-7.62406],[-64.42796,-7.60373],[-64.4509,-7.58652],[-64.45298,-7.57193],[-64.48947,-7.57245],[-64.5072,-7.54482],[-64.50928,-7.5297],[-64.50459,-7.51197],[-64.50824,-7.49581],[-64.49989,-7.49269],[-64.49729,-7.48487],[-64.50198,-7.47861],[-64.50041,-7.45254],[-64.51553,-7.43273],[-64.53951,-7.42387],[-64.54107,-7.39833],[-64.54785,-7.39416],[-64.54576,-7.38529],[-64.5369,-7.38269],[-64.5369,-7.3733],[-64.5442,-7.36653],[-64.53482,-7.35089],[-64.53846,-7.34307],[-64.55723,-7.33525],[-64.55515,-7.32587],[-64.56088,-7.32013],[-64.55984,-7.31023],[-64.54993,-7.29511],[-64.55306,-7.27061],[-64.56036,-7.26279],[-64.55306,-7.24715],[-64.56244,-7.23255],[-64.56348,-7.22421],[-64.55723,-7.21535],[-64.55931,-7.20596],[-64.58016,-7.16947],[-64.57495,-7.1627],[-64.58016,-7.13507],[-64.57286,-7.11995],[-64.5786,-7.11421],[-64.5713,-7.109],[-64.57078,-7.10066],[-64.5713,-7.09232],[-64.57912,-7.08971],[-64.57547,-7.07459],[-65.03838,-7.0725]]]},"properties":{"CD_MUN":"1300904","NM_MUN":"Canutama","SIGLA_UF":"AM"}},{"type":"Feature","geometry":{"type":"Polygon","coordinates":[[[-62.58185,-3.10593],[-62.55005,-3.09029],[-62.53024,-3.0637],[-62.49531,-2.98082],[-62.48332,-2.88125],[-62.4682,-2.85101],[-62.44839,-2.82912],[-62.42649,-2.81609],[-62.38479,-2.80566],[-62.35351,-2.77334],[-62.33474,-2.77386],[-62.30034,-2.76448],[-62.27584,-2.76969],[-62.25133,-2.76604],[-62.18356,-2.74363],[-62.1575,-2.72851],[-62.10745,-2.71861],[-62.08191,-2.70297],[-62.06001,-2.66179],[-62.04698,-2.6524],[-62.01935,-2.64094],[-61.96305,-2.6352],[-61.92291,-2.60862],[-61.87547,-2.62269],[-61.86035,-2.62269],[-61.80927,-2.60914],[-61.77173,-2.62478],[-61.75505,-2.64876],[-61.74515,-2.69203],[-61.70762,-2.73322],[-61.69824,-2.75094],[-61.70449,-2.77075],[-61.7316,-2.80933],[-61.729,-2.83018],[-61.71596,-2.84269],[-61.66123,-2.86042],[-61.65497,-2.85468],[-61.65445,-2.83696],[-61.64767,-2.82914],[-61.60701,-2.83331],[-61.57208,-2.82341],[-61.52882,-2.82393],[-61.51213,-2.81402],[-61.49597,-2.789],[-61.48242,-2.78587],[-61.48242,-2.80777],[-61.47721,-2.81611],[-61.44072,-2.83748],[-61.43394,-2.85156],[-61.43603,-2.8599],[-61.42977,-2.86616],[-61.41309,-2.86876],[-61.37869,-2.99336],[-61.35575,-3.00378],[-61.35159,-3.10805],[-61.31979,-3.14714],[-61.31927,-3.18885],[-61.31301,-3.20345],[-61.30519,-3.20657],[-61.28174,-3.20397],[-61.22648,-3.23577],[-61.19624,-3.24307],[-61.18008,-3.24203],[-61.14985,-3.25297],[-61.11805,-3.25193],[-61.09876,-3.26653],[-61.0972,-3.29155],[-61.11128,-3.29781],[-61.11023,-3.30563],[-61.1191,-3.32439],[-61.07375,-3.38122],[-61.07114,-3.4224],[-61.07688,-3.44482],[-61.09147,-3.45107],[-61.09929,-3.44899],[-61.1019,-3.43231],[-61.11962,-3.41562],[-61.13474,-3.40885],[-61.15142,-3.40937],[-61.19625,-3.44064],[-61.20095,-3.47192],[-61.21033,-3.49382],[-61.30104,-3.49955],[-61.30416,-3.46775],[-61.27862,-3.45003],[-61.27914,-3.44273],[-61.28644,-3.4396],[-61.30208,-3.44064],[-61.32084,-3.45263],[-61.46889,-3.45315],[-61.46576,-3.4422],[-61.49496,-3.44168],[-61.50434,-3.425],[-61.51685,-3.41561],[-61.53301,-3.41561],[-61.56377,-3.39945],[-61.58149,-3.40466],[-61.61746,-3.3812],[-61.63727,-3.39319],[-61.64822,-3.41926],[-61.65552,-3.42551],[-61.67324,-3.42291],[-61.72485,-3.3812],[-61.76134,-3.36295],[-61.78532,-3.3176],[-61.82128,-3.28841],[-61.83692,-3.28163],[-61.90626,-3.28319],[-61.92502,-3.28788],[-61.95213,-3.3103],[-61.98602,-3.35461],[-62.00322,-3.36608],[-62.02042,-3.36868],[-62.03711,-3.36034],[-62.04649,-3.34627],[-62.04023,-3.29726],[-62.0444,-3.27172],[-62.06056,-3.26181],[-62.07672,-3.27537],[-62.08715,-3.27745],[-62.10174,-3.26703],[-62.11008,-3.26859],[-62.12468,-3.2811],[-62.15075,-3.32228],[-62.16534,-3.33688],[-62.19349,-3.352],[-62.25501,-3.36711],[-62.26961,-3.37493],[-62.2769,-3.401],[-62.27117,-3.4427],[-62.27586,-3.45104],[-62.29828,-3.45156],[-62.31027,-3.43697],[-62.31861,-3.4354],[-62.3942,-3.44113],[-62.42391,-3.43488],[-62.44372,-3.42028],[-62.4531,-3.36189],[-62.45675,-3.29308],[-62.47603,-3.23678],[-62.52086,-3.16327],[-62.55944,-3.13252],[-62.58185,-3.10593]]]},"properties":{"CD_MUN":"1300839","NM_MUN":"Caapiranga","SIGLA_UF":"AM"}},{"type":"Feature","geometry":{"type":"Polygon","coordinates":[[[-70.13501,-4.2865],[-70.14074,-4.29744],[-70.13814,-4.33341],[-70.14439,-4.36365],[-70.13605,-4.38033],[-70.13293,-4.48616],[-70.12303,-4.50023],[-70.25961,-4.65037],[-70.25388,-4.65975],[-70.23928,-4.65662],[-70.2398,-4.67278],[-70.22521,-4.67852],[-70.23042,-4.68634],[-70.2127,-4.69833],[-70.21739,-4.71814],[-70.21322,-4.73013],[-70.20592,-4.72231],[-70.19914,-4.73013],[-70.19498,-4.76036],[-70.16995,-4.76818],[-70.15014,-4.79008],[-70.15588,-4.79842],[-70.14024,-4.8224],[-70.14128,-4.83178],[-70.15588,-4.84586],[-70.13972,-4.85941],[-70.13138,-4.85994],[-70.13347,-4.86932],[-70.14389,-4.87401],[-70.14754,-4.88652],[-70.16266,-4.89643],[-70.16422,-4.90789],[-70.15641,-4.93552],[-70.14754,-4.93292],[-70.14233,-4.93917],[-70.15797,-4.96628],[-70.15172,-4.97827],[-70.15693,-4.98713],[-70.15485,-4.99965],[-70.16423,-5.00486],[-70.17153,-4.99964],[-70.17466,-5.02936],[-70.183,-5.03301],[-70.17674,-5.045],[-70.18195,-5.05073],[-70.18039,-5.05855],[-70.17205,-5.05334],[-70.16527,-5.05907],[-70.17049,-5.06481],[-70.17049,-5.08566],[-70.17831,-5.09139],[-70.183,-5.08201],[-70.19134,-5.08514],[-70.20072,-5.09817],[-70.21011,-5.09556],[-70.20854,-5.10964],[-70.21793,-5.10391],[-70.22627,-5.11694],[-70.24608,-5.12945],[-70.25129,-5.14248],[-70.24451,-5.15082],[-70.25494,-5.15395],[-70.2539,-5.16438],[-70.25963,-5.17324],[-70.27162,-5.17793],[-70.26954,-5.18575],[-70.29352,-5.1993],[-70.28987,-5.20608],[-70.29873,-5.20816],[-70.29821,-5.23684],[-70.30655,-5.23423],[-70.30603,-5.24622],[-70.3248,-5.26082],[-70.32584,-5.27593],[-70.33783,-5.29157],[-70.34044,-5.30252],[-70.33366,-5.31555],[-70.34201,-5.32546],[-70.33627,-5.33328],[-70.35139,-5.34214],[-70.36077,-5.3656],[-70.37068,-5.36508],[-70.36234,-5.37967],[-70.37068,-5.38384],[-70.37016,-5.40574],[-70.37902,-5.40313],[-70.38006,-5.41356],[-70.40039,-5.41721],[-70.40561,-5.43285],[-70.39205,-5.43024],[-70.40196,-5.46047],[-70.40926,-5.46412],[-70.41395,-5.48028],[-70.42073,-5.48706],[-70.43376,-5.48133],[-70.43324,-5.49227],[-70.44992,-5.50061],[-70.4567,-5.52355],[-70.44992,-5.54076],[-70.45931,-5.56891],[-70.45357,-5.60905],[-70.45827,-5.6153],[-70.45253,-5.62104],[-70.46035,-5.6372],[-70.45775,-5.65127],[-70.47443,-5.68099],[-70.46713,-5.68724],[-70.47443,-5.69141],[-70.4713,-5.69975],[-70.48538,-5.72165],[-70.48225,-5.75136],[-70.49998,-5.7743],[-70.49424,-5.78942],[-70.49998,-5.79672],[-70.51301,-5.80036],[-70.51875,-5.81705],[-70.51405,-5.83373],[-70.52083,-5.84415],[-70.53126,-5.84415],[-70.54429,-5.86188],[-70.5641,-5.86918],[-70.56202,-5.87752],[-70.57296,-5.90671],[-70.58026,-5.9041],[-70.57297,-5.93017],[-70.58965,-5.93121],[-70.5959,-5.94268],[-70.6105,-5.94998],[-70.60842,-5.97187],[-70.62145,-5.98334],[-70.61415,-6.0068],[-70.62927,-6.01306],[-70.63344,-6.01983],[-70.62666,-6.02505],[-70.62041,-6.04016],[-70.61311,-6.04329],[-70.61155,-6.07561],[-70.59382,-6.0923],[-70.59278,-6.11732],[-70.59852,-6.13139],[-70.58288,-6.15277],[-70.59174,-6.16476],[-70.59643,-6.18874],[-70.59018,-6.20438],[-70.59904,-6.21741],[-70.60113,-6.23409],[-70.6152,-6.24452],[-70.63814,-6.27475],[-70.64648,-6.27684],[-70.66838,-6.29925],[-70.68402,-6.30394],[-70.68923,-6.31228],[-70.69861,-6.31176],[-70.70435,-6.32844],[-70.74084,-6.37171],[-70.75805,-6.3738],[-70.77838,-6.39048],[-70.77786,-6.39934],[-70.79297,-6.40455],[-70.81487,-6.4374],[-70.82008,-6.45408],[-70.83677,-6.46242],[-70.83833,-6.47128],[-70.85866,-6.489],[-70.86752,-6.49057],[-70.88473,-6.48379],[-70.90141,-6.48796],[-70.91027,-6.50204],[-70.93738,-6.52393],[-70.95406,-6.51507],[-70.97126,-6.5135],[-70.99159,-6.52862],[-71.01192,-6.53383],[-71.02027,-6.52914],[-71.02391,-6.53592],[-71.04737,-6.54113],[-71.08126,-6.59222],[-71.11202,-6.6089],[-71.16884,-6.6188],[-71.185,-6.61619],[-71.19282,-6.62089],[-71.24078,-6.61567],[-71.27988,-6.66102],[-71.30125,-6.67718],[-71.33357,-6.66728],[-71.34087,-6.67041],[-71.34243,-6.68031],[-71.37736,-6.73296],[-71.3904,-6.76737],[-71.4076,-6.76945],[-71.41073,-6.78613],[-71.4394,-6.80386],[-71.45191,-6.844],[-71.4712,-6.86329],[-71.48007,-6.86224],[-71.48684,-6.84765],[-71.4957,-6.84504],[-71.52229,-6.86746],[-71.52959,-6.86068],[-71.53741,-6.86433],[-71.53793,-6.89091],[-71.5494,-6.95139],[-71.55826,-6.95191],[-71.56869,-6.93835],[-71.59267,-6.92584],[-71.59892,-6.93157],[-71.59632,-6.95034],[-71.60049,-6.9592],[-71.61717,-6.95973],[-71.62968,-6.97224],[-71.6375,-6.97328],[-71.64532,-6.96963],[-71.64949,-6.96077],[-71.64741,-6.95034],[-71.63333,-6.92897],[-71.63333,-6.91229],[-71.65262,-6.90968],[-71.67503,-6.88935],[-71.69067,-6.88257],[-71.70058,-6.88257],[-71.7183,-6.91802],[-71.72716,-6.91385],[-71.74437,-6.91958],[-71.75114,-6.91437],[-71.74854,-6.90446],[-71.75271,-6.89716],[-71.76,-6.89977],[-71.77043,-6.91437],[-71.78555,-6.90707],[-71.79962,-6.91645],[-71.80171,-6.92531],[-71.79441,-6.92792],[-71.79233,-6.93574],[-71.79702,-6.95294],[-71.79181,-6.97953],[-71.79702,-6.98579],[-71.84654,-6.99725],[-71.89502,-6.99517],[-71.91953,-6.98735],[-71.93412,-6.99725],[-71.931,-7.01028],[-71.94611,-7.01498],[-71.97635,-7.00246],[-71.98365,-7.00507],[-71.99147,-7.0327],[-71.98625,-7.03895],[-71.97843,-7.03635],[-71.9727,-7.05981],[-71.98469,-7.07962],[-71.98365,-7.08952],[-71.99564,-7.0989],[-71.99981,-7.09265],[-72.00815,-7.09421],[-72.0191,-7.10516],[-72.04099,-7.09838],[-72.05038,-7.10151],[-72.08947,-7.12549],[-72.18279,-7.13226],[-72.19478,-7.14477],[-72.21459,-7.1797],[-72.23961,-7.19013],[-72.26672,-7.18543],[-72.28236,-7.17605],[-72.31468,-7.2042],[-72.3324,-7.20681],[-72.35795,-7.20211],[-72.37828,-7.21515],[-72.38662,-7.21306],[-72.38662,-7.20368],[-72.37046,-7.18178],[-72.40434,-7.15363],[-72.4205,-7.12183],[-72.43197,-7.1114],[-72.47471,-7.1161],[-72.48618,-7.126],[-72.53258,-7.13121],[-72.56855,-7.11297],[-72.58367,-7.11401],[-72.59878,-7.10671],[-72.61442,-7.11088],[-72.6212,-7.10775],[-72.66707,-7.04884],[-72.68323,-7.01756],[-72.69783,-7.0087],[-72.69626,-6.9597],[-72.6702,-6.95605],[-72.6629,-6.94927],[-72.67749,-6.90705],[-72.70147,-6.90235],[-72.72389,-6.90757],[-72.76142,-6.93676],[-72.78436,-6.97116],[-72.81929,-6.97846],[-72.85682,-7.004],[-72.87924,-6.99254],[-72.90478,-6.9967],[-72.97464,-7.02433],[-73.00956,-7.02746],[-73.12164,-6.97637],[-73.14614,-6.93935],[-73.17742,-6.92893],[-73.19254,-6.91746],[-73.22016,-6.92319],[-73.25926,-6.91954],[-73.29784,-6.94196],[-73.31661,-6.93935],[-73.36717,-6.94873],[-73.40053,-6.94248],[-73.43703,-6.95082],[-73.45266,-6.92788],[-73.48811,-6.93309],[-73.5147,-6.92579],[-73.53451,-6.94091],[-73.56735,-6.92892],[-73.61114,-6.93778],[-73.6273,-6.93569],[-73.65545,-6.94925],[-73.67995,-6.95289],[-73.68517,-6.96906],[-73.68308,-6.97948],[-73.66536,-6.99981],[-73.70811,-7.03995],[-73.74095,-7.14265],[-73.8009,-7.11085],[-73.73782,-7.04412],[-73.72583,-7.02171],[-73.72948,-7.00555],[-73.73782,-6.99825],[-73.73782,-6.98104],[-73.75398,-6.9409],[-73.75241,-6.93204],[-73.74094,-6.90858],[-73.72061,-6.88825],[-73.70653,-6.83873],[-73.68985,-6.83299],[-73.68099,-6.81683],[-73.66587,-6.80537],[-73.64189,-6.76105],[-73.58402,-6.72352],[-73.559,-6.71987],[-73.54962,-6.7058],[-73.51573,-6.67608],[-73.48185,-6.67035],[-73.47559,-6.6641],[-73.45787,-6.66462],[-73.43649,-6.65002],[-73.42763,-6.65106],[-73.41199,-6.64116],[-73.38019,-6.63386],[-73.37863,-6.61614],[-73.3536,-6.59372],[-73.33692,-6.59216],[-73.33119,-6.59894],[-73.32493,-6.5932],[-73.30095,-6.59372],[-73.27958,-6.58434],[-73.24622,-6.5833],[-73.23266,-6.57704],[-73.22119,-6.56349],[-73.21233,-6.57652],[-73.19982,-6.56349],[-73.20451,-6.55567],[-73.19721,-6.55306],[-73.19773,-6.54316],[-73.18157,-6.53899],[-73.18366,-6.52648],[-73.17167,-6.51709],[-73.16593,-6.52491],[-73.15863,-6.52335],[-73.13778,-6.49676],[-73.1383,-6.48269],[-73.11693,-6.4488],[-73.12162,-6.43056],[-73.11849,-6.42274],[-73.11015,-6.41909],[-73.10806,-6.40919],[-73.1164,-6.39355],[-73.13256,-6.38625],[-73.1383,-6.36175],[-73.14455,-6.35497],[-73.15029,-6.32056],[-73.15758,-6.3263],[-73.16019,-6.31691],[-73.16488,-6.27312],[-73.18417,-6.25592],[-73.19199,-6.2554],[-73.1972,-6.23872],[-73.21857,-6.22047],[-73.21961,-6.1772],[-73.24932,-6.14384],[-73.24984,-6.1037],[-73.2342,-6.08493],[-73.2389,-6.07867],[-73.23108,-6.07242],[-73.23681,-6.03123],[-73.217,-6.01872],[-73.2097,-6.00413],[-73.18833,-5.99787],[-73.19354,-5.98327],[-73.18103,-5.9619],[-73.18728,-5.93792],[-73.18103,-5.92176],[-73.17321,-5.9228],[-73.17373,-5.91446],[-73.16747,-5.90821],[-73.16903,-5.89153],[-73.15496,-5.88162],[-73.16017,-5.87536],[-73.156,-5.86807],[-73.15027,-5.86233],[-73.11377,-5.85243],[-73.11638,-5.82741],[-73.09292,-5.82063],[-73.09501,-5.81229],[-73.07832,-5.80499],[-73.06321,-5.78831],[-73.05487,-5.78779],[-73.05539,-5.77058],[-73.04183,-5.74765],[-73.03401,-5.74973],[-73.01994,-5.73826],[-73.02098,-5.73097],[-72.99804,-5.71376],[-73.00325,-5.70699],[-72.99126,-5.70282],[-72.99178,-5.69448],[-72.98396,-5.69343],[-72.9897,-5.66841],[-72.98553,-5.66111],[-72.97093,-5.6559],[-72.96468,-5.66059],[-72.96103,-5.65329],[-72.96676,-5.62827],[-72.97354,-5.62306],[-72.96572,-5.5923],[-72.95008,-5.58344],[-72.95789,-5.56988],[-72.95112,-5.56519],[-72.95633,-5.55581],[-72.9532,-5.53913],[-72.9631,-5.4969],[-72.95737,-5.49064],[-72.95633,-5.46406],[-72.94746,-5.4505],[-72.95007,-5.44373],[-72.94173,-5.4406],[-72.93495,-5.41766],[-72.9287,-5.41193],[-72.91983,-5.38117],[-72.90628,-5.37387],[-72.90836,-5.36501],[-72.89794,-5.3452],[-72.89794,-5.33582],[-72.88542,-5.32174],[-72.88751,-5.31236],[-72.87917,-5.30975],[-72.86926,-5.29828],[-72.875,-5.29255],[-72.86822,-5.28786],[-72.86353,-5.27222],[-72.87082,-5.25241],[-72.86248,-5.23886],[-72.86613,-5.23156],[-72.863,-5.21592],[-72.86509,-5.20862],[-72.87291,-5.20549],[-72.86822,-5.19871],[-72.88437,-5.16587],[-72.87238,-5.15492],[-72.86456,-5.1544],[-72.8557,-5.14241],[-72.84684,-5.14137],[-72.84267,-5.14867],[-72.81504,-5.1372],[-72.814,-5.10853],[-72.79784,-5.11426],[-72.7822,-5.11114],[-72.77334,-5.09758],[-72.76552,-5.1028],[-72.75926,-5.09706],[-72.753,-5.08142],[-72.73841,-5.09029],[-72.72955,-5.07673],[-72.73528,-5.071],[-72.73372,-5.06318],[-72.72485,-5.06422],[-72.70661,-5.05171],[-72.69149,-5.0637],[-72.67794,-5.0538],[-72.66699,-5.05432],[-72.65187,-5.06266],[-72.64092,-5.04911],[-72.63884,-5.05692],[-72.62893,-5.05067],[-72.61017,-5.03607],[-72.6086,-5.01574],[-72.60235,-5.01001],[-72.60599,-4.99437],[-72.56898,-4.98029],[-72.54709,-4.95736],[-72.53822,-4.96049],[-72.52728,-4.95684],[-72.52102,-4.93598],[-72.50486,-4.9412],[-72.50799,-4.94954],[-72.49756,-4.95267],[-72.48974,-4.93599],[-72.48453,-4.94172],[-72.48766,-4.94954],[-72.48088,-4.95267],[-72.47515,-4.94485],[-72.47619,-4.92817],[-72.45742,-4.92452],[-72.4569,-4.91409],[-72.46837,-4.90262],[-72.46315,-4.89532],[-72.45429,-4.8948],[-72.45116,-4.90262],[-72.44334,-4.90054],[-72.44022,-4.90836],[-72.4324,-4.91044],[-72.42979,-4.90158],[-72.41884,-4.89689],[-72.41989,-4.88646],[-72.42614,-4.88021],[-72.4178,-4.87708],[-72.41154,-4.88386],[-72.39851,-4.87395],[-72.38496,-4.87135],[-72.38287,-4.83016],[-72.37557,-4.82651],[-72.37088,-4.80618],[-72.3469,-4.80514],[-72.33595,-4.79628],[-72.32344,-4.79576],[-72.32709,-4.78012],[-72.31979,-4.77699],[-72.3078,-4.7822],[-72.29894,-4.77491],[-72.27705,-4.78273],[-72.28226,-4.7895],[-72.27965,-4.79732],[-72.27079,-4.79472],[-72.25359,-4.76448],[-72.24629,-4.7796],[-72.23065,-4.77595],[-72.21553,-4.76657],[-72.21397,-4.75562],[-72.20563,-4.74989],[-72.19155,-4.76083],[-72.18738,-4.75301],[-72.19207,-4.74572],[-72.16861,-4.73373],[-72.16079,-4.73529],[-72.15975,-4.72695],[-72.14515,-4.72069],[-72.14046,-4.71235],[-72.12639,-4.72226],[-72.07582,-4.67847],[-72.08155,-4.67169],[-72.06174,-4.6524],[-72.04454,-4.65084],[-72.03672,-4.63625],[-72.03828,-4.62217],[-72.00492,-4.64042],[-71.99971,-4.62478],[-71.98355,-4.62426],[-71.97573,-4.60705],[-71.94445,-4.60393],[-71.94914,-4.59663],[-71.94132,-4.59246],[-71.94549,-4.57473],[-71.93559,-4.57578],[-71.92933,-4.57004],[-71.93141,-4.56014],[-71.92255,-4.5617],[-71.92099,-4.55388],[-71.9262,-4.54398],[-71.91004,-4.53824],[-71.90952,-4.54763],[-71.9017,-4.54293],[-71.90326,-4.5273],[-71.89284,-4.5372],[-71.8845,-4.53251],[-71.88815,-4.52052],[-71.88189,-4.51531],[-71.86729,-4.52573],[-71.85582,-4.51218],[-71.8381,-4.50436],[-71.79952,-4.48976],[-71.77606,-4.48664],[-71.77085,-4.49393],[-71.77137,-4.50384],[-71.76043,-4.50228],[-71.75104,-4.49446],[-71.74896,-4.48559],[-71.75417,-4.47621],[-71.74791,-4.47152],[-71.73853,-4.49654],[-71.72758,-4.49811],[-71.71403,-4.51114],[-71.7036,-4.51218],[-71.68901,-4.50071],[-71.67024,-4.50853],[-71.65408,-4.49446],[-71.65304,-4.50697],[-71.64366,-4.5028],[-71.62593,-4.49029],[-71.62958,-4.48195],[-71.61863,-4.46892],[-71.61342,-4.4783],[-71.61498,-4.4856],[-71.62332,-4.50593],[-71.63375,-4.50958],[-71.63323,-4.51792],[-71.61394,-4.53252],[-71.6056,-4.53356],[-71.56859,-4.50593],[-71.55347,-4.47987],[-71.54096,-4.48299],[-71.53679,-4.46631],[-71.52063,-4.46735],[-71.50186,-4.4856],[-71.49404,-4.48612],[-71.49404,-4.47778],[-71.50655,-4.46423],[-71.50864,-4.44702],[-71.49717,-4.44859],[-71.48831,-4.45901],[-71.47944,-4.4538],[-71.48049,-4.44181],[-71.45911,-4.43816],[-71.44921,-4.45067],[-71.4367,-4.45015],[-71.43618,-4.45954],[-71.42992,-4.46579],[-71.41689,-4.46527],[-71.39551,-4.43139],[-71.38769,-4.42722],[-71.36893,-4.43452],[-71.35329,-4.4267],[-71.34651,-4.43347],[-71.34443,-4.4439],[-71.3194,-4.44338],[-71.31315,-4.44807],[-71.31367,-4.45746],[-71.3022,-4.45068],[-71.32305,-4.42044],[-71.3095,-4.41679],[-71.29751,-4.4366],[-71.285,-4.44182],[-71.27144,-4.43348],[-71.26571,-4.42774],[-71.27092,-4.39594],[-71.27718,-4.38708],[-71.26831,-4.38499],[-71.25059,-4.39021],[-71.22817,-4.38656],[-71.22974,-4.40689],[-71.21983,-4.40428],[-71.21618,-4.37874],[-71.20628,-4.37874],[-71.20159,-4.38812],[-71.20837,-4.39907],[-71.20055,-4.42514],[-71.18804,-4.41367],[-71.18856,-4.39803],[-71.18386,-4.39177],[-71.1724,-4.39438],[-71.16666,-4.38969],[-71.15988,-4.39386],[-71.15936,-4.40481],[-71.14946,-4.39855],[-71.15311,-4.38187],[-71.13695,-4.38552],[-71.11662,-4.4095],[-71.1088,-4.40012],[-71.11036,-4.38291],[-71.09993,-4.37614],[-71.07908,-4.37874],[-71.08534,-4.38917],[-71.07856,-4.39543],[-71.05771,-4.38552],[-71.05615,-4.37249],[-71.04728,-4.37405],[-71.04989,-4.3949],[-71.04259,-4.40012],[-71.03008,-4.39595],[-71.0233,-4.38396],[-71.00662,-4.38657],[-70.99463,-4.38344],[-70.98786,-4.36884],[-70.9889,-4.36102],[-70.99932,-4.35372],[-70.99619,-4.34434],[-70.97586,-4.36206],[-70.97222,-4.37458],[-70.94876,-4.37823],[-70.9425,-4.385],[-70.93625,-4.37406],[-70.93625,-4.36259],[-70.93103,-4.35529],[-70.92426,-4.3605],[-70.91487,-4.35268],[-70.90809,-4.33235],[-70.89923,-4.32349],[-70.87942,-4.32193],[-70.88255,-4.29951],[-70.87838,-4.29169],[-70.84919,-4.27762],[-70.86795,-4.24946],[-70.85544,-4.24634],[-70.84345,-4.25259],[-70.83198,-4.24894],[-70.8299,-4.23904],[-70.81947,-4.23122],[-70.82937,-4.21767],[-70.82468,-4.20203],[-70.81217,-4.19525],[-70.80748,-4.18222],[-70.7908,-4.18482],[-70.77516,-4.16554],[-70.75795,-4.15876],[-70.72928,-4.18326],[-70.70009,-4.18743],[-70.69175,-4.19838],[-70.68028,-4.1989],[-70.67194,-4.16606],[-70.67454,-4.14417],[-70.66516,-4.14573],[-70.66256,-4.15772],[-70.65474,-4.16606],[-70.65265,-4.12592],[-70.63075,-4.12592],[-70.62294,-4.13061],[-70.63805,-4.16502],[-70.63806,-4.17857],[-70.62398,-4.19161],[-70.56455,-4.16815],[-70.54526,-4.14886],[-70.54839,-4.13583],[-70.52024,-4.14156],[-70.50877,-4.16242],[-70.52076,-4.19004],[-70.50252,-4.1963],[-70.49418,-4.16502],[-70.48688,-4.16085],[-70.47228,-4.17649],[-70.4629,-4.1718],[-70.45977,-4.1619],[-70.44257,-4.16398],[-70.43683,-4.15773],[-70.44569,-4.14104],[-70.4384,-4.13322],[-70.41807,-4.13948],[-70.39565,-4.14104],[-70.38627,-4.13635],[-70.3748,-4.14052],[-70.3602,-4.16815],[-70.33987,-4.18588],[-70.33153,-4.17754],[-70.33101,-4.15512],[-70.32527,-4.14522],[-70.31172,-4.1619],[-70.29817,-4.16503],[-70.29139,-4.17545],[-70.29452,-4.19943],[-70.2841,-4.2328],[-70.28983,-4.2401],[-70.31172,-4.24896],[-70.31485,-4.25834],[-70.28879,-4.28128],[-70.29765,-4.28962],[-70.28566,-4.29431],[-70.2549,-4.27659],[-70.24969,-4.28597],[-70.25647,-4.29483],[-70.27211,-4.30005],[-70.26585,-4.31099],[-70.23353,-4.32194],[-70.22154,-4.32299],[-70.21581,-4.31777],[-70.20799,-4.32716],[-70.20486,-4.36],[-70.19809,-4.36521],[-70.1861,-4.36469],[-70.17723,-4.34592],[-70.15169,-4.33446],[-70.15169,-4.32455],[-70.16733,-4.3136],[-70.15742,-4.28337],[-70.15117,-4.2792],[-70.13501,-4.2865]]]},"properties":{"CD_MUN":"1300201","NM_MUN":"Atalaia do Norte","SIGLA_UF":"AM"}},{"type":"Feature","geometry":{"type":"Polygon","coordinates":[[[-59.87021,-6.8151],[-59.29416,-6.52006],[-59.07834,-6.38817],[-58.8547,-6.38088],[-58.84584,-6.39287],[-58.8474,-6.40069],[-58.83646,-6.42206],[-58.83281,-6.44657],[-58.83541,-6.47003],[-58.86617,-6.54301],[-58.8693,-6.58211],[-58.874,-6.58888],[-58.86357,-6.62746],[-58.86722,-6.6749],[-58.85784,-6.70461],[-58.83699,-6.72807],[-58.83178,-6.74423],[-58.7932,-6.77603],[-58.78434,-6.83181],[-58.76714,-6.85788],[-58.75098,-6.85632],[-58.74316,-6.88603],[-58.73222,-6.89802],[-58.69781,-6.92044],[-58.67487,-6.92774],[-58.65142,-6.9611],[-58.64985,-6.97726],[-58.63213,-7.0075],[-58.62379,-7.00281],[-58.61649,-7.00489],[-58.60085,-7.03669],[-58.58261,-7.03513],[-58.58157,-7.04451],[-58.57427,-7.0492],[-58.56697,-7.03252],[-58.55915,-7.03148],[-58.5409,-7.03565],[-58.53152,-7.05129],[-58.52266,-7.05442],[-58.5065,-7.04764],[-58.49607,-7.05129],[-58.49347,-7.05911],[-58.50546,-7.11385],[-58.52475,-7.12949],[-58.5357,-7.15503],[-58.53726,-7.16441],[-58.52579,-7.17849],[-58.5284,-7.18579],[-58.56333,-7.1983],[-58.53049,-7.22801],[-58.52892,-7.23688],[-58.54143,-7.25929],[-58.57324,-7.28692],[-58.53987,-7.34166],[-58.49973,-7.34948],[-58.14681,-7.34271],[-58.13639,-7.35575],[-58.17236,-7.3938],[-58.21198,-7.45792],[-58.2125,-7.49285],[-58.22189,-7.5236],[-58.21824,-7.54915],[-58.20156,-7.59607],[-58.20156,-7.62005],[-58.2391,-7.65289],[-58.25109,-7.67635],[-58.27976,-7.70606],[-58.28393,-7.74776],[-58.29332,-7.7707],[-58.33346,-7.80354],[-58.37099,-7.82075],[-58.38403,-7.84316],[-58.37412,-7.86401],[-58.37256,-7.90676],[-58.35432,-7.94325],[-58.33086,-7.96828],[-58.32096,-8.02458],[-58.2876,-8.0788],[-58.29125,-8.11216],[-58.28656,-8.1278],[-58.28916,-8.1351],[-58.31679,-8.15386],[-58.32201,-8.1695],[-58.3121,-8.2086],[-58.32149,-8.23154],[-58.31992,-8.27116],[-58.32722,-8.28523],[-58.31523,-8.30608],[-58.31419,-8.32225],[-58.31784,-8.32954],[-58.34756,-8.3457],[-58.35277,-8.3921],[-58.37519,-8.42859],[-58.38874,-8.43954],[-58.39761,-8.46352],[-58.40438,-8.46717],[-58.41637,-8.49115],[-58.41481,-8.51565],[-58.40334,-8.53911],[-58.4096,-8.56986],[-58.38875,-8.59437],[-58.43671,-8.7028],[-58.43306,-8.7101],[-58.41117,-8.72],[-58.38302,-8.70541],[-58.35018,-8.70124],[-58.32776,-8.71166],[-58.32568,-8.71948],[-58.35383,-8.73668],[-58.39449,-8.77995],[-58.41534,-8.79246],[-58.42942,-8.78933],[-58.44245,-8.79872],[-59.1264,-8.80287],[-60.41922,-8.79606],[-60.41713,-8.77677],[-60.39941,-8.77677],[-60.39524,-8.76843],[-60.39941,-8.76009],[-60.42287,-8.758],[-60.43069,-8.75227],[-60.42026,-8.73663],[-60.4286,-8.71317],[-60.42495,-8.70535],[-60.43068,-8.6699],[-60.42703,-8.66156],[-60.41869,-8.66573],[-60.40305,-8.65844],[-60.41244,-8.64332],[-60.42755,-8.64697],[-60.43277,-8.63862],[-60.46196,-8.61881],[-60.47603,-8.59014],[-60.49167,-8.58754],[-60.49793,-8.57137],[-60.51304,-8.56616],[-60.5193,-8.55886],[-60.52034,-8.55156],[-60.51044,-8.55156],[-60.50001,-8.5401],[-60.51148,-8.52915],[-60.52399,-8.50569],[-60.52607,-8.49057],[-60.51095,-8.49109],[-60.50991,-8.47441],[-60.48854,-8.45147],[-60.49166,-8.41394],[-60.48541,-8.39726],[-60.47967,-8.39152],[-60.47081,-8.39361],[-60.46664,-8.38735],[-60.44944,-8.39205],[-60.44475,-8.3837],[-60.45048,-8.3566],[-60.46455,-8.3347],[-60.45256,-8.32219],[-60.44943,-8.30551],[-60.48071,-8.29352],[-60.48592,-8.28674],[-60.47445,-8.27319],[-60.45777,-8.27267],[-60.45882,-8.26537],[-60.47602,-8.24139],[-60.46194,-8.24399],[-60.45777,-8.20907],[-60.46194,-8.20281],[-60.47758,-8.20385],[-60.4682,-8.18561],[-60.4609,-8.18769],[-60.45464,-8.183],[-60.44369,-8.15224],[-60.44682,-8.13504],[-60.439,-8.13035],[-60.42597,-8.10845],[-60.439,-8.09803],[-60.44682,-8.05945],[-60.47549,-8.04016],[-60.47497,-8.03026],[-60.45776,-8.02974],[-60.4489,-8.02452],[-60.46975,-8.01253],[-60.4807,-7.99898],[-60.47861,-7.99116],[-60.48956,-7.97917],[-60.49269,-7.96405],[-60.51354,-7.95415],[-60.50832,-7.93329],[-60.5224,-7.92704],[-60.52553,-7.92026],[-60.52084,-7.91348],[-60.52188,-7.88012],[-60.50936,-7.86813],[-60.54898,-7.82642],[-60.53908,-7.79567],[-60.56201,-7.78993],[-60.56723,-7.78472],[-60.57087,-7.77221],[-60.56097,-7.76335],[-60.56149,-7.75553],[-60.56827,-7.74093],[-60.58755,-7.72425],[-60.58495,-7.70913],[-60.64594,-7.6987],[-60.67148,-7.67785],[-60.67252,-7.66899],[-60.66366,-7.64761],[-60.67773,-7.60799],[-60.67878,-7.58349],[-60.66887,-7.56837],[-60.67408,-7.54491],[-60.66991,-7.52198],[-60.65688,-7.49278],[-60.64436,-7.44482],[-60.64905,-7.39843],[-60.63289,-7.28947],[-60.63706,-7.26497],[-60.65113,-7.23786],[-60.64852,-7.20659],[-60.67719,-7.14611],[-60.27944,-6.99964],[-60.14755,-6.95689],[-59.87021,-6.8151]]]},"properties":{"CD_MUN":"1300144","NM_MUN":"Apuí","SIGLA_UF":"AM"}},{"type":"Feature","geometry":{"type":"Polygon","coordinates":[[[-61.82234,-3.66114],[-61.79002,-3.6356],[-61.7723,-3.63039],[-61.73893,-3.64498],[-61.69202,-3.64551],[-61.6597,-3.67418],[-61.63415,-3.67053],[-61.62112,-3.65958],[-61.59401,-3.65698],[-61.56221,-3.67001],[-61.5544,-3.68304],[-61.47829,-3.68409],[-61.4663,-3.7138],[-61.43815,-3.75603],[-61.42408,-3.80243],[-61.39436,-3.84934],[-61.37195,-3.87228],[-61.37195,-3.88062],[-61.38967,-3.89678],[-61.42773,-3.91138],[-61.4929,-3.99322],[-61.57057,-4.05734],[-61.57943,-4.07246],[-61.59508,-4.13502],[-61.66076,-4.22624],[-61.67901,-4.24449],[-61.69413,-4.25127],[-61.73531,-4.2398],[-61.75303,-4.24136],[-61.76867,-4.24866],[-61.79422,-4.27159],[-61.82185,-4.2742],[-61.84843,-4.27055],[-61.85312,-4.26325],[-61.86094,-4.26481],[-61.86928,-4.24918],[-61.88544,-4.24344],[-61.90265,-4.25282],[-61.90578,-4.26012],[-61.92402,-4.25699],[-61.94122,-4.26533],[-61.94435,-4.27263],[-61.95738,-4.26742],[-61.95582,-4.27732],[-61.9626,-4.28358],[-61.99596,-4.28306],[-62.02985,-4.30808],[-62.04757,-4.31173],[-62.05696,-4.34718],[-62.05279,-4.35447],[-62.05435,-4.37168],[-62.06061,-4.38575],[-62.0726,-4.39826],[-62.12368,-4.41182],[-62.20136,-4.48323],[-62.22117,-4.4921],[-62.23837,-4.4848],[-62.25766,-4.46811],[-62.26757,-4.46759],[-62.28477,-4.47593],[-62.30197,-4.49731],[-62.30875,-4.5411],[-62.32648,-4.56195],[-62.39529,-4.58697],[-62.43908,-4.59166],[-62.49329,-4.61095],[-62.53813,-4.61512],[-62.59651,-4.6344],[-62.62831,-4.63909],[-62.63926,-4.63753],[-62.65646,-4.6245],[-62.68357,-4.62241],[-62.76802,-4.65473],[-62.79357,-4.67454],[-62.82953,-4.67714],[-62.82015,-4.66359],[-62.81598,-4.64743],[-62.84517,-4.61198],[-62.86081,-4.60625],[-62.8874,-4.61406],[-62.91503,-4.61302],[-62.94735,-4.59634],[-62.98488,-4.5635],[-62.99113,-4.52231],[-62.94891,-4.51449],[-62.90512,-4.48478],[-62.85298,-4.41597],[-62.82431,-4.35028],[-62.81284,-4.33777],[-62.81284,-4.32995],[-62.80033,-4.31901],[-62.76436,-4.31015],[-62.72839,-4.3091],[-62.71066,-4.3091],[-62.67052,-4.3211],[-62.61162,-4.29451],[-62.59702,-4.30337],[-62.58764,-4.3555],[-62.58034,-4.37062],[-62.5475,-4.37114],[-62.50892,-4.35446],[-62.50267,-4.33674],[-62.48077,-4.3065],[-62.47191,-4.30859],[-62.46357,-4.30285],[-62.45887,-4.26115],[-62.44167,-4.25542],[-62.43594,-4.23926],[-62.42395,-4.22883],[-62.39944,-4.23404],[-62.38016,-4.24916],[-62.36348,-4.25281],[-62.28737,-4.24864],[-62.26182,-4.23978],[-62.25557,-4.22571],[-62.27798,-4.2012],[-62.28319,-4.15846],[-62.3103,-4.14021],[-62.32594,-4.13656],[-62.32802,-4.11884],[-62.35096,-4.1058],[-62.35617,-4.0985],[-62.35461,-4.08912],[-62.30456,-4.08652],[-62.25817,-4.06462],[-62.24982,-4.06723],[-62.22376,-4.09225],[-62.22272,-4.09955],[-62.18362,-4.11623],[-62.1586,-4.10581],[-62.14244,-4.08913],[-62.11794,-4.09226],[-62.06789,-4.08287],[-62.0241,-4.08183],[-61.97614,-4.09695],[-61.94487,-4.12458],[-61.90733,-4.13344],[-61.87241,-4.12771],[-61.85729,-4.10842],[-61.84999,-4.11207],[-61.85155,-4.13136],[-61.85468,-4.14022],[-61.87084,-4.14543],[-61.87084,-4.15482],[-61.838,-4.14491],[-61.81558,-4.11833],[-61.79942,-4.10895],[-61.80047,-4.1006],[-61.85729,-4.08757],[-61.86824,-4.10165],[-61.91411,-4.09382],[-61.91307,-4.08496],[-61.92714,-4.07558],[-61.92975,-4.0688],[-61.93235,-4.05994],[-61.92662,-4.04221],[-61.93339,-4.03648],[-61.91723,-4.02553],[-61.90994,-4.02918],[-61.91202,-4.03804],[-61.90003,-4.04743],[-61.89065,-4.04795],[-61.87188,-4.03283],[-61.86771,-4.03961],[-61.83487,-4.05056],[-61.83018,-4.04117],[-61.83539,-4.03544],[-61.84634,-3.99165],[-61.87709,-3.95933],[-61.87918,-3.95099],[-61.85415,-3.9145],[-61.82235,-3.88791],[-61.82234,-3.66114]]]},"properties":{"CD_MUN":"1300102","NM_MUN":"Anori","SIGLA_UF":"AM"}},{"type":"Feature","geometry":{"type":"Polygon","coordinates":[[[-62.08715,-3.27745],[-62.07672,-3.27537],[-62.06056,-3.26181],[-62.0444,-3.27172],[-62.04023,-3.29726],[-62.04649,-3.34627],[-62.03711,-3.36034],[-62.02042,-3.36868],[-62.00322,-3.36608],[-61.98602,-3.35461],[-61.95213,-3.3103],[-61.92502,-3.28788],[-61.90626,-3.28319],[-61.83692,-3.28163],[-61.82128,-3.28841],[-61.78532,-3.3176],[-61.76134,-3.36295],[-61.72485,-3.3812],[-61.67324,-3.42291],[-61.65552,-3.42551],[-61.64822,-3.41926],[-61.63727,-3.39319],[-61.61746,-3.3812],[-61.58149,-3.40466],[-61.56377,-3.39945],[-61.53301,-3.41561],[-61.51685,-3.41561],[-61.50434,-3.425],[-61.49496,-3.44168],[-61.46576,-3.4422],[-61.46889,-3.45315],[-61.32084,-3.45263],[-61.30208,-3.44064],[-61.28644,-3.4396],[-61.27914,-3.44273],[-61.27862,-3.45003],[-61.30416,-3.46775],[-61.30104,-3.49955],[-61.29791,-3.50789],[-61.30208,-3.53135],[-61.29009,-3.54178],[-61.2927,-3.56471],[-61.28957,-3.60537],[-61.32033,-3.60746],[-61.37663,-3.6012],[-61.40634,-3.62466],[-61.4345,-3.64291],[-61.46421,-3.67158],[-61.46734,-3.68044],[-61.47829,-3.68409],[-61.5544,-3.68304],[-61.56221,-3.67001],[-61.59401,-3.65698],[-61.62112,-3.65958],[-61.63415,-3.67053],[-61.6597,-3.67418],[-61.69202,-3.64551],[-61.73893,-3.64498],[-61.7723,-3.63039],[-61.79002,-3.6356],[-61.82234,-3.66114],[-61.87082,-3.66635],[-61.88803,-3.66322],[-61.94224,-3.61735],[-62.01105,-3.59337],[-62.02773,-3.57981],[-62.03399,-3.54384],[-62.02564,-3.5037],[-62.03815,-3.46982],[-62.03711,-3.45105],[-62.06891,-3.43176],[-62.08455,-3.39996],[-62.0762,-3.30091],[-62.08715,-3.27745]]]},"properties":{"CD_MUN":"1300086","NM_MUN":"Anamã","SIGLA_UF":"AM"}},{"type":"Feature","geometry":{"type":"Polygon","coordinates":[[[-68.63153,-3.22411],[-68.60182,-3.23297],[-68.59974,-3.21733],[-68.60912,-3.21733],[-68.6086,-3.20899],[-68.59974,-3.20847],[-68.60495,-3.19648],[-68.6013,-3.1871],[-68.56898,-3.17302],[-68.55595,-3.19283],[-68.52415,-3.19179],[-68.5132,-3.18501],[-68.51163,-3.17615],[-68.49339,-3.1699],[-68.46159,-3.17824],[-68.45533,-3.15322],[-68.43865,-3.15478],[-68.43396,-3.14644],[-68.42353,-3.14383],[-68.42092,-3.09275],[-68.40946,-3.07867],[-68.39955,-3.07711],[-68.38548,-3.10161],[-68.37922,-3.09223],[-68.36462,-3.09066],[-68.35889,-3.09848],[-68.35524,-3.09014],[-68.31197,-3.09535],[-68.28486,-3.07919],[-68.28799,-3.09483],[-68.2833,-3.10213],[-68.24785,-3.12611],[-68.23169,-3.11725],[-68.22961,-3.10787],[-68.2416,-3.09379],[-68.23899,-3.08597],[-68.21397,-3.07086],[-68.21397,-3.08024],[-68.19677,-3.07711],[-68.1806,-3.06669],[-68.17331,-3.08076],[-68.17748,-3.08858],[-68.17644,-3.11308],[-68.15923,-3.10943],[-68.13473,-3.13341],[-68.12796,-3.12924],[-68.13108,-3.12038],[-68.12535,-3.11256],[-68.11544,-3.11152],[-68.10189,-3.12351],[-68.09981,-3.13289],[-68.09147,-3.13446],[-68.08521,-3.12716],[-68.0753,-3.12768],[-68.07843,-3.11986],[-68.07426,-3.11309],[-68.05914,-3.13602],[-68.05602,-3.15427],[-68.0409,-3.1647],[-68.00076,-3.14437],[-67.96531,-3.14593],[-67.9429,-3.17982],[-67.921,-3.23455],[-67.92361,-3.27105],[-67.94186,-3.32839],[-67.83291,-3.33308],[-67.85063,-3.34872],[-67.85376,-3.35758],[-67.84438,-3.38052],[-67.85793,-3.40033],[-67.8668,-3.40502],[-67.89078,-3.40554],[-67.91163,-3.42118],[-67.9549,-3.43057],[-67.99295,-3.41857],[-68.04612,-3.41232],[-68.06906,-3.41857],[-68.0675,-3.43578],[-68.03466,-3.45871],[-68.02527,-3.47279],[-68.02892,-3.48999],[-68.04509,-3.52179],[-68.043,-3.54212],[-68.03049,-3.55203],[-68.01172,-3.55724],[-68.00391,-3.57027],[-68.00912,-3.588],[-68.02372,-3.59634],[-68.03362,-3.62084],[-68.03362,-3.68444],[-68.03936,-3.70998],[-68.03467,-3.73396],[-68.03884,-3.74283],[-68.08941,-3.75169],[-68.10505,-3.76368],[-68.18116,-3.76941],[-68.19575,-3.76003],[-68.21035,-3.71988],[-68.25518,-3.69278],[-68.27082,-3.69486],[-68.28333,-3.70581],[-68.30574,-3.70581],[-68.33442,-3.72509],[-68.36674,-3.71936],[-68.3829,-3.72197],[-68.4074,-3.7668],[-68.4465,-3.77409],[-68.4637,-3.74855],[-68.51374,-3.71571],[-68.53407,-3.68703],[-68.55544,-3.67296],[-68.56848,-3.65158],[-68.57734,-3.64793],[-68.59298,-3.65419],[-68.60028,-3.65992],[-68.60914,-3.68286],[-68.62373,-3.6912],[-68.63153,-3.22411]]]},"properties":{"CD_MUN":"1300060","NM_MUN":"Amaturá","SIGLA_UF":"AM"}},{"type":"Feature","geometry":{"type":"Polygon","coordinates":[[[-57.49292,-2.79953],[-57.49083,-2.77816],[-57.47884,-2.76356],[-57.45642,-2.74532],[-57.42462,-2.73958],[-57.4168,-2.73072],[-57.41993,-2.70518],[-57.42775,-2.70935],[-57.44078,-2.69214],[-57.44912,-2.69631],[-57.45746,-2.69318],[-57.45746,-2.67755],[-57.45016,-2.67338],[-57.44182,-2.65357],[-57.43088,-2.64262],[-57.43869,-2.6202],[-57.43765,-2.60665],[-57.44808,-2.60352],[-57.42827,-2.58892],[-57.41471,-2.59466],[-57.41211,-2.62072],[-57.4022,-2.62281],[-57.3777,-2.6421],[-57.35998,-2.6421],[-57.34382,-2.63272],[-57.31098,-2.63011],[-57.30055,-2.63324],[-57.28231,-2.66035],[-57.26093,-2.67651],[-57.22079,-2.69267],[-57.20359,-2.68224],[-57.18482,-2.68485],[-57.17805,-2.70049],[-57.18066,-2.71769],[-57.16658,-2.72551],[-57.13947,-2.71665],[-57.12123,-2.72134],[-57.10298,-2.71717],[-57.0962,-2.72447],[-57.0691,-2.72135],[-57.03052,-2.70623],[-57.01384,-2.68955],[-56.98777,-2.68955],[-56.97474,-2.67599],[-56.93668,-2.66609],[-56.92834,-2.68121],[-56.91218,-2.68903],[-56.92939,-2.71614],[-56.92418,-2.72396],[-56.94555,-2.7495],[-56.8929,-2.77452],[-56.86214,-2.75002],[-56.84702,-2.74377],[-56.8366,-2.74533],[-56.82669,-2.76097],[-56.81835,-2.76201],[-56.81471,-2.7714],[-56.81992,-2.80841],[-56.83504,-2.85481],[-56.83243,-2.87618],[-56.85902,-2.91893],[-56.87362,-2.90589],[-56.883,-2.90694],[-56.91636,-2.89338],[-56.93982,-2.90693],[-56.96745,-2.90537],[-56.98257,-2.9184],[-57.01333,-2.93039],[-57.01541,-2.97522],[-57.02636,-2.99973],[-57.042,-3.01901],[-57.04096,-3.02735],[-57.01698,-3.01745],[-57.01385,-3.02475],[-56.99821,-3.02944],[-56.99509,-3.04404],[-56.99926,-3.06072],[-56.99509,-3.07062],[-57.01959,-3.11963],[-57.02116,-3.14048],[-57.03575,-3.15664],[-57.04618,-3.17697],[-57.04618,-3.18479],[-57.0394,-3.19],[-57.04618,-3.20877],[-57.02898,-3.21503],[-56.99926,-3.21398],[-56.99197,-3.21763],[-56.9831,-3.21659],[-56.97059,-3.20408],[-56.96225,-3.21711],[-56.94088,-3.23223],[-56.93098,-3.27758],[-56.89188,-3.29844],[-56.86634,-3.29583],[-56.86008,-3.30105],[-56.85122,-3.30052],[-56.83819,-3.32138],[-56.82151,-3.32294],[-56.80899,-3.33285],[-56.91274,-3.5617],[-56.92108,-3.55753],[-56.92942,-3.56013],[-56.94767,-3.57681],[-56.96435,-3.58203],[-56.97321,-3.58307],[-56.98885,-3.57577],[-57.00606,-3.59558],[-57.02222,-3.60184],[-57.0634,-3.59141],[-57.08738,-3.60079],[-57.11344,-3.59454],[-57.12126,-3.60131],[-57.11449,-3.62112],[-57.11605,-3.63103],[-57.13221,-3.63676],[-57.14629,-3.66074],[-57.18122,-3.65865],[-57.18956,-3.66178],[-57.19946,-3.67586],[-57.22448,-3.67116],[-57.23022,-3.66439],[-57.24429,-3.67325],[-57.25732,-3.65031],[-57.25315,-3.62425],[-57.26619,-3.60652],[-57.29381,-3.61017],[-57.29955,-3.59505],[-57.32561,-3.58723],[-57.33917,-3.57003],[-57.34229,-3.55387],[-57.35845,-3.54344],[-57.3621,-3.52311],[-57.3694,-3.5132],[-57.37096,-3.47723],[-57.35897,-3.45117],[-57.35793,-3.43814],[-57.36575,-3.41311],[-57.36209,-3.37923],[-57.37043,-3.3615],[-57.37304,-3.33179],[-57.39129,-3.32293],[-57.39337,-3.2953],[-57.40275,-3.27549],[-57.42204,-3.288],[-57.4554,-3.26558],[-57.45852,-3.03099],[-57.45748,-3.02057],[-57.43715,-3.00753],[-57.42881,-3.00597],[-57.41577,-3.01848],[-57.409,-3.01431],[-57.40222,-2.99033],[-57.38762,-2.98251],[-57.35947,-2.94967],[-57.34956,-2.91996],[-57.35165,-2.91214],[-57.3626,-2.91057],[-57.37771,-2.921],[-57.38501,-2.91422],[-57.39387,-2.91578],[-57.40951,-2.94029],[-57.41733,-2.94446],[-57.42359,-2.94029],[-57.45852,-2.95123],[-57.46634,-2.9481],[-57.48145,-2.87095],[-57.46998,-2.85688],[-57.45382,-2.84853],[-57.446,-2.83654],[-57.46998,-2.81934],[-57.4778,-2.80631],[-57.49292,-2.79953]]]},"properties":{"CD_MUN":"1300508","NM_MUN":"Barreirinha","SIGLA_UF":"AM"}},{"type":"Feature","geometry":{"type":"Polygon","coordinates":[[[-63.37713,2.23437],[-63.32813,2.18328],[-63.27392,2.15148],[-63.24629,2.14991],[-63.16862,2.17702],[-63.11753,2.16764],[-63.11232,2.1619],[-63.11649,2.13323],[-63.10294,2.10039],[-63.05863,2.04252],[-63.02005,2.01698],[-62.99034,2.00968],[-62.92153,2.02688],[-62.89703,2.01854],[-62.82196,2.01124],[-62.80111,2.00081],[-62.79329,1.98882],[-62.76149,1.98048],[-62.70623,1.95493],[-62.69216,1.94294],[-62.68173,1.92365],[-62.6932,1.86005],[-62.71771,1.80427],[-62.70781,1.74484],[-62.70729,1.70835],[-62.78131,1.6312],[-62.78653,1.61296],[-62.79695,1.60305],[-62.79643,1.59523],[-62.73857,1.53841],[-62.72971,1.50087],[-62.71981,1.4894],[-62.69739,1.47637],[-62.6755,1.45552],[-62.64526,1.44457],[-62.63432,1.4331],[-62.6192,1.40495],[-62.62545,1.38618],[-62.6192,1.36377],[-62.60982,1.35386],[-62.58584,1.25638],[-62.55352,1.17609],[-62.54414,1.12188],[-62.52851,1.09008],[-62.52016,1.08486],[-62.47064,1.08747],[-62.4769,1.05775],[-62.47325,1.04107],[-62.47638,1.02908],[-62.47377,1.01761],[-62.44875,0.98477],[-62.4425,0.96913],[-62.44719,0.94411],[-62.47013,0.91804],[-62.48473,0.86748],[-62.48003,0.8435],[-62.46179,0.8216],[-62.45658,0.78615],[-62.49933,0.74914],[-62.52748,0.71109],[-62.53582,0.68606],[-62.53165,0.64957],[-62.51758,0.59483],[-62.53166,0.50986],[-62.52175,0.4864],[-62.51759,0.4447],[-62.5082,0.44105],[-62.48422,0.45512],[-62.45764,0.41863],[-62.45503,0.39361],[-62.44513,0.38005],[-62.4519,0.37432],[-62.45086,0.36598],[-62.46598,0.33418],[-62.45764,0.31437],[-62.46703,0.27684],[-62.45347,0.24451],[-62.45139,0.20854],[-62.43732,0.19603],[-62.42741,0.17466],[-62.4222,0.14546],[-62.42794,0.1194],[-62.42324,0.09281],[-62.41386,0.07561],[-62.38988,0.06049],[-62.36955,0.05528],[-62.34557,0.03077],[-62.3216,-0.02344],[-62.32525,-0.03022],[-62.32055,-0.037],[-62.32212,-0.06098],[-62.33098,-0.05941],[-62.32942,-0.06775],[-62.32108,-0.06932],[-62.31691,-0.08339],[-62.31847,-0.10164],[-62.29762,-0.12145],[-62.28928,-0.13865],[-62.26687,-0.16263],[-62.24393,-0.17358],[-62.2408,-0.18088],[-62.24601,-0.18922],[-62.24445,-0.21059],[-62.25227,-0.21893],[-62.25175,-0.23562],[-62.24602,-0.25126],[-62.23716,-0.25178],[-62.25279,-0.27054],[-62.25332,-0.27888],[-62.24445,-0.29348],[-62.24706,-0.30078],[-62.23455,-0.31642],[-62.22517,-0.31642],[-62.21891,-0.31016],[-62.18711,-0.32997],[-62.19285,-0.33779],[-62.19441,-0.36334],[-62.20275,-0.36751],[-62.20536,-0.37585],[-62.20119,-0.39201],[-62.21631,-0.39826],[-62.21162,-0.40713],[-62.22048,-0.40869],[-62.22621,-0.42485],[-62.27261,-0.453],[-62.27678,-0.46447],[-62.27001,-0.46968],[-62.27418,-0.4775],[-62.28356,-0.47646],[-62.28929,-0.48324],[-62.28512,-0.49262],[-62.29347,-0.50669],[-62.30806,-0.51295],[-62.30285,-0.5338],[-62.31067,-0.53641],[-62.30859,-0.54527],[-62.31745,-0.55153],[-62.30754,-0.56664],[-62.30859,-0.58228],[-62.28982,-0.60105],[-62.29086,-0.60939],[-62.2992,-0.60991],[-62.30077,-0.61825],[-62.28878,-0.62868],[-62.28982,-0.64588],[-62.30807,-0.65996],[-62.32579,-0.65527],[-62.33205,-0.66986],[-62.34039,-0.67508],[-62.34769,-0.66986],[-62.3529,-0.67612],[-62.36958,-0.6756],[-62.36854,-0.69436],[-62.3602,-0.69853],[-62.35759,-0.70583],[-62.38939,-0.70844],[-62.39148,-0.71834],[-62.40608,-0.72616],[-62.4092,-0.70948],[-62.42432,-0.69905],[-62.42745,-0.69176],[-62.4629,-0.68706],[-62.46863,-0.6928],[-62.48531,-0.68029],[-62.49209,-0.68654],[-62.4947,-0.70322],[-62.50721,-0.71313],[-62.50512,-0.72981],[-62.49782,-0.73294],[-62.49365,-0.74962],[-62.50929,-0.75796],[-62.49991,-0.78038],[-62.47958,-0.79393],[-62.46446,-0.7882],[-62.46082,-0.80071],[-62.44726,-0.80905],[-62.44153,-0.80123],[-62.43214,-0.80279],[-62.42745,-0.81114],[-62.39461,-0.81948],[-62.39305,-0.82782],[-62.3748,-0.83564],[-62.37949,-0.84294],[-62.36907,-0.85805],[-62.37532,-0.86535],[-62.36542,-0.86848],[-62.36386,-0.8763],[-62.35552,-0.87422],[-62.33936,-0.90341],[-62.32737,-0.91488],[-62.3159,-0.91331],[-62.31173,-0.92948],[-62.29296,-0.9472],[-62.28514,-0.94303],[-62.27107,-0.95085],[-62.25804,-0.97483],[-62.22624,-0.97222],[-62.21268,-0.98265],[-62.20278,-0.98213],[-62.19913,-0.99933],[-62.17098,-1.00507],[-62.15378,-1.0254],[-62.1444,-1.02749],[-62.14179,-1.03635],[-62.12459,-1.03635],[-62.11051,-1.05929],[-62.11729,-1.07545],[-62.09852,-1.09578],[-62.06099,-1.09891],[-62.03858,-1.11767],[-62.01616,-1.14061],[-61.98853,-1.20056],[-61.98697,-1.21568],[-61.9656,-1.24175],[-61.94892,-1.29596],[-61.90826,-1.34757],[-61.90461,-1.37833],[-61.89575,-1.39449],[-61.86812,-1.40075],[-61.83893,-1.40023],[-61.81599,-1.39867],[-61.7967,-1.3799],[-61.76855,-1.38198],[-61.73988,-1.39085],[-61.71695,-1.40909],[-61.63458,-1.43308],[-61.60383,-1.44715],[-61.57099,-1.47739],[-61.54388,-1.52483],[-61.49019,-1.57383],[-61.48185,-1.57957],[-61.47351,-1.578],[-61.46152,-1.60615],[-61.4219,-1.61971],[-61.41252,-1.63587],[-61.41617,-1.66715],[-61.41252,-1.71302],[-61.42347,-1.76724],[-61.41826,-1.79174],[-61.38542,-1.86212],[-61.38125,-1.89444],[-61.38855,-1.89861],[-61.45423,-1.89757],[-61.46101,-1.90121],[-61.44694,-1.9278],[-61.44641,-1.93771],[-61.45111,-1.94396],[-61.46831,-1.94709],[-61.49229,-1.96429],[-61.49959,-1.96116],[-61.52982,-1.9033],[-61.53191,-1.89183],[-61.54025,-1.88662],[-61.53034,-1.88036],[-61.53503,-1.86159],[-61.57152,-1.86003],[-61.59342,-1.86941],[-61.59811,-1.85846],[-61.59446,-1.83501],[-61.59967,-1.82719],[-61.62574,-1.82823],[-61.64033,-1.82145],[-61.65337,-1.8324],[-61.64503,-1.85273],[-61.65389,-1.86785],[-61.66588,-1.86472],[-61.681,-1.88557],[-61.69142,-1.88244],[-61.70081,-1.88713],[-61.70706,-1.87984],[-61.71488,-1.8814],[-61.71175,-1.8913],[-61.72426,-1.89182],[-61.72948,-1.87983],[-61.73782,-1.88244],[-61.75711,-1.89704],[-61.74251,-1.9158],[-61.75033,-1.92258],[-61.77744,-1.92102],[-61.79047,-1.93718],[-61.79986,-1.93666],[-61.80559,-1.94447],[-61.81549,-1.94083],[-61.82644,-1.92519],[-61.84416,-1.92154],[-61.84625,-1.93092],[-61.85251,-1.93561],[-61.88118,-1.93405],[-61.87596,-1.91424],[-61.88326,-1.91007],[-61.91923,-1.9257],[-61.92184,-1.93352],[-61.9135,-1.93561],[-61.92132,-1.94656],[-61.93748,-1.93561],[-61.94269,-1.94343],[-61.92757,-1.95803],[-61.94843,-1.96324],[-61.97241,-2.00442],[-61.98283,-1.99973],[-61.97971,-1.98826],[-61.98805,-1.9893],[-61.9943,-2.02423],[-62.0089,-2.02944],[-62.01255,-2.02214],[-62.02141,-2.02527],[-62.02089,-1.99816],[-62.03653,-1.98826],[-62.04591,-1.97418],[-62.07145,-1.99973],[-62.07875,-2.01693],[-62.07667,-2.03205],[-62.08345,-2.03622],[-62.07198,-2.04821],[-62.07406,-2.06124],[-62.08293,-2.06437],[-62.10795,-2.05551],[-62.11212,-2.07219],[-62.10899,-2.07949],[-62.13454,-2.09877],[-62.14236,-2.09982],[-62.15852,-2.13318],[-62.18719,-2.12171],[-62.19084,-2.12953],[-62.20595,-2.12327],[-62.22264,-2.14882],[-62.23671,-2.13213],[-62.26017,-2.14308],[-62.26799,-2.13995],[-62.27008,-2.14725],[-62.29093,-2.15924],[-62.30135,-2.14725],[-62.31491,-2.15246],[-62.32168,-2.15768],[-62.31856,-2.16602],[-62.3342,-2.16497],[-62.34254,-2.17749],[-62.35036,-2.17749],[-62.35453,-2.18478],[-62.35244,-2.19312],[-62.37747,-2.20303],[-62.38476,-2.19782],[-62.3905,-2.20511],[-62.45618,-2.22336],[-62.47651,-2.239],[-62.50936,-2.24786],[-62.54898,-2.27757],[-62.56722,-2.27653],[-62.57139,-2.28331],[-62.62248,-2.28278],[-62.64125,-2.28956],[-62.71631,-2.2833],[-62.73039,-2.29477],[-62.74759,-2.29633],[-62.76688,-2.31093],[-62.782,-2.31666],[-62.79138,-2.32865],[-62.80077,-2.32553],[-62.82475,-2.33074],[-62.85707,-2.34846],[-62.8847,-2.40528],[-62.90347,-2.42249],[-62.94934,-2.42405],[-62.9973,-2.44073],[-63.01346,-2.45428],[-63.03171,-2.45063],[-63.03953,-2.48191],[-63.08384,-2.4767],[-63.12502,-2.48191],[-63.14066,-2.48973],[-63.16308,-2.49286],[-63.19748,-2.48399],[-63.23345,-2.48191],[-63.25587,-2.46679],[-63.27828,-2.43499],[-63.296,-2.42821],[-63.3106,-2.43447],[-63.33145,-2.46209],[-63.36795,-2.4892],[-63.3888,-2.48764],[-63.4305,-2.46105],[-63.4404,-2.44697],[-63.4477,-2.41257],[-63.4649,-2.3865],[-63.48523,-2.38077],[-63.52746,-2.39015],[-63.56395,-2.362],[-63.58324,-2.35522],[-63.59992,-2.35835],[-63.63276,-2.38962],[-63.64579,-2.39275],[-63.69375,-2.37763],[-63.70574,-2.38076],[-63.72503,-2.42194],[-63.7339,-2.43185],[-63.74953,-2.43758],[-63.80166,-2.43862],[-63.83086,-2.42924],[-63.86578,-2.44436],[-63.9054,-2.43862],[-63.95649,-2.44383],[-63.97369,-2.42194],[-63.9763,-2.37241],[-64.00601,-2.32758],[-64.00601,-2.30256],[-63.99871,-2.27128],[-64.00131,-2.24104],[-63.99193,-2.21498],[-64.01174,-2.18683],[-64.01017,-2.16076],[-64.01904,-2.15711],[-64.0279,-2.15972],[-64.07429,-2.18995],[-64.13372,-2.17848],[-64.16031,-2.16388],[-64.1676,-2.13052],[-64.18429,-2.1128],[-64.20044,-2.10237],[-64.22234,-2.10289],[-64.24736,-2.1154],[-64.2531,-2.12322],[-64.25883,-2.20402],[-64.29168,-2.22227],[-64.30263,-2.23999],[-64.30732,-2.2598],[-64.33651,-2.27648],[-64.36622,-2.26397],[-64.36622,-2.2525],[-64.40688,-2.20663],[-64.46162,-2.18421],[-64.48612,-2.18004],[-64.4955,-2.17952],[-64.5028,-2.19098],[-64.51062,-2.23425],[-64.53252,-2.24416],[-64.56119,-2.23894],[-64.59768,-2.22017],[-64.60498,-2.22434],[-64.61488,-2.24051],[-64.62218,-2.23738],[-64.63573,-2.2134],[-64.66232,-2.2134],[-64.66493,-2.19359],[-64.69985,-2.16179],[-64.7108,-2.14145],[-64.68682,-2.05648],[-64.69098,-2.03615],[-64.7035,-2.01843],[-64.71184,-2.01478],[-64.74937,-2.03511],[-64.78586,-2.04605],[-64.80202,-2.07212],[-64.81141,-2.07785],[-64.85728,-2.07524],[-64.88595,-2.09922],[-64.92974,-2.10913],[-64.93496,-2.09349],[-64.92348,-2.03354],[-64.95059,-1.99131],[-64.93443,-1.90947],[-64.93599,-1.89174],[-64.94277,-1.88601],[-64.96101,-1.88392],[-64.98551,-1.8907],[-65.01001,-1.90477],[-65.03452,-1.93188],[-65.04077,-1.95221],[-65.05693,-1.96889],[-65.08404,-1.96107],[-65.13513,-1.97358],[-65.17058,-1.95846],[-65.17996,-1.94491],[-65.17631,-1.8469],[-65.18621,-1.80937],[-65.2008,-1.78643],[-65.22791,-1.77496],[-65.28995,-1.78486],[-65.31028,-1.77757],[-65.30975,-1.74889],[-65.31445,-1.74107],[-65.32331,-1.73847],[-65.33947,-1.74524],[-65.34677,-1.74212],[-65.35563,-1.71501],[-65.36397,-1.71449],[-65.36918,-1.70667],[-65.3697,-1.68998],[-65.37856,-1.67643],[-65.37074,-1.65871],[-65.35093,-1.64202],[-65.35354,-1.62482],[-65.34207,-1.61335],[-65.34363,-1.60501],[-65.3306,-1.59511],[-65.32122,-1.57999],[-65.31965,-1.56487],[-65.30714,-1.5534],[-65.30245,-1.53776],[-65.29567,-1.53359],[-65.2988,-1.49293],[-65.2915,-1.49085],[-65.28368,-1.49606],[-65.28055,-1.48824],[-65.27169,-1.49033],[-65.26752,-1.48355],[-65.25918,-1.48355],[-65.24771,-1.49345],[-65.2378,-1.4872],[-65.20653,-1.48199],[-65.19506,-1.47156],[-65.19401,-1.46374],[-65.18463,-1.45957],[-65.18411,-1.46791],[-65.16795,-1.46322],[-65.14345,-1.46531],[-65.14032,-1.45749],[-65.1325,-1.45436],[-65.10227,-1.45905],[-65.09028,-1.44758],[-65.08819,-1.4554],[-65.07464,-1.45071],[-65.06994,-1.44498],[-65.0762,-1.43924],[-65.05483,-1.41631],[-65.04283,-1.38763],[-65.04648,-1.38034],[-65.06838,-1.36835],[-65.07307,-1.36157],[-65.06629,-1.35583],[-65.07567,-1.34228],[-65.06629,-1.30996],[-65.0715,-1.30318],[-65.0689,-1.28754],[-65.06316,-1.28233],[-65.04909,-1.28754],[-65.03814,-1.27607],[-65.03814,-1.26721],[-65.04596,-1.26513],[-65.06264,-1.24532],[-65.03657,-1.23072],[-65.03449,-1.2229],[-65.04179,-1.21821],[-65.03605,-1.20361],[-65.04439,-1.18954],[-65.0324,-1.16921],[-64.99904,-1.17129],[-64.99539,-1.16399],[-64.98861,-1.16817],[-64.98288,-1.16243],[-64.98444,-1.15409],[-64.96932,-1.14836],[-64.97193,-1.1249],[-64.97714,-1.11864],[-64.96932,-1.11395],[-64.97297,-1.09205],[-64.96671,-1.0858],[-64.98079,-1.07642],[-64.9787,-1.06807],[-64.98704,-1.054],[-64.97974,-1.05087],[-64.97192,-1.05504],[-64.95159,-1.04149],[-64.95889,-1.0368],[-64.95159,-1.03158],[-64.9542,-1.02429],[-64.92136,-1.01907],[-64.90937,-1.03002],[-64.89477,-1.03315],[-64.87913,-1.02637],[-64.88069,-1.01021],[-64.86923,-0.99926],[-64.86975,-0.97216],[-64.86141,-0.96903],[-64.85723,-0.96121],[-64.86036,-0.95443],[-64.85723,-0.94609],[-64.86505,-0.9341],[-64.85723,-0.93254],[-64.84316,-0.91429],[-64.83534,-0.88354],[-64.8468,-0.86894],[-64.84837,-0.84965],[-64.8369,-0.82932],[-64.82908,-0.82515],[-64.815,-0.83088],[-64.81292,-0.80638],[-64.79207,-0.79961],[-64.79415,-0.78918],[-64.80718,-0.77198],[-64.79988,-0.76103],[-64.79206,-0.76311],[-64.79154,-0.75477],[-64.79884,-0.748],[-64.80718,-0.75008],[-64.80979,-0.74174],[-64.8004,-0.72871],[-64.80405,-0.72037],[-64.79623,-0.71463],[-64.79467,-0.70316],[-64.81187,-0.6844],[-64.80978,-0.66719],[-64.81708,-0.65625],[-64.80666,-0.63956],[-64.81447,-0.63644],[-64.80718,-0.61246],[-64.82073,-0.60516],[-64.82281,-0.59734],[-64.82333,-0.58118],[-64.80822,-0.57336],[-64.82385,-0.55303],[-64.81656,-0.54833],[-64.82594,-0.53634],[-64.82125,-0.52957],[-64.83063,-0.51706],[-64.76025,-0.45815],[-64.71073,-0.45554],[-64.69457,-0.44408],[-64.6758,-0.44095],[-64.65651,-0.42375],[-64.64921,-0.42792],[-64.61429,-0.42531],[-64.59604,-0.41436],[-64.56059,-0.40811],[-64.52514,-0.38778],[-64.49386,-0.38361],[-64.48657,-0.38778],[-64.47093,-0.37944],[-64.46363,-0.3638],[-64.4433,-0.3492],[-64.32079,-0.3294],[-64.23217,-0.33722],[-64.19151,-0.32627],[-64.15189,-0.29865],[-64.10549,-0.28666],[-64.07786,-0.25225],[-64.0935,-0.24078],[-64.08516,-0.22619],[-64.08568,-0.20585],[-64.07942,-0.18813],[-64.09506,-0.18761],[-64.09975,-0.17979],[-64.09715,-0.16832],[-64.11487,-0.15789],[-64.11852,-0.14955],[-64.11331,-0.13652],[-64.09975,-0.13496],[-64.08724,-0.14278],[-64.06587,-0.13026],[-64.06326,-0.11463],[-64.03719,-0.09325],[-64.02677,-0.10524],[-64.02677,-0.0797],[-64.02416,-0.07136],[-64.01478,-0.06615],[-64.01582,-0.04164],[-64.00122,-0.03382],[-64.00174,-0.01089],[-63.98767,0.00267],[-63.99027,0.00996],[-63.9835,0.04385],[-63.99184,0.05793],[-63.98506,0.0647],[-63.98923,0.07148],[-63.98558,0.1038],[-63.97984,0.10849],[-63.98401,0.11579],[-63.9788,0.12257],[-63.96837,0.121],[-63.96316,0.13873],[-63.96889,0.14446],[-63.96264,0.15906],[-63.96629,0.1674],[-63.97359,0.17105],[-63.99391,0.20076],[-63.98505,0.20546],[-63.99235,0.22839],[-63.98766,0.23465],[-64.00538,0.24872],[-64.00903,0.26332],[-64.01998,0.27792],[-64.01841,0.28522],[-64.01007,0.2873],[-64.02258,0.29877],[-64.01945,0.30763],[-64.02519,0.31232],[-64.02571,0.32171],[-64.01007,0.32744],[-64.0059,0.3436],[-64.0377,0.37332],[-64.03561,0.39834],[-64.03926,0.40564],[-64.04708,0.40772],[-64.05021,0.41659],[-64.0476,0.4609],[-64.05854,0.47289],[-64.05281,0.48801],[-64.07314,0.53597],[-64.07314,0.54431],[-64.06688,0.549],[-64.07105,0.5636],[-64.07574,0.57246],[-64.08356,0.57507],[-64.08304,0.58288],[-64.0992,0.58549],[-64.10181,0.60165],[-64.1164,0.60843],[-64.12683,0.62198],[-64.14559,0.62824],[-64.15081,0.63554],[-64.14768,0.64492],[-64.16332,0.66525],[-64.17896,0.66682],[-64.20137,0.65483],[-64.21597,0.67464],[-64.24255,0.68819],[-64.23943,0.69549],[-64.24672,0.70123],[-64.24777,0.71791],[-64.27175,0.71009],[-64.28843,0.72208],[-64.2926,0.7299],[-64.30198,0.72104],[-64.33795,0.74033],[-64.35411,0.73668],[-64.36506,0.75909],[-64.37444,0.76014],[-64.37861,0.77525],[-64.39581,0.7789],[-64.39529,0.79507],[-64.41145,0.80289],[-64.41979,0.80236],[-64.42344,0.80914],[-64.44012,0.80654],[-64.4469,0.8545],[-64.46618,0.86753],[-64.47452,0.86492],[-64.49694,0.87691],[-64.51414,0.89829],[-64.53187,0.89777],[-64.54751,0.90559],[-64.55949,0.93165],[-64.5767,0.9426],[-64.58399,0.96241],[-64.58295,0.97231],[-64.58921,0.97649],[-64.59129,0.98743],[-64.60901,0.99317],[-64.62257,1.03174],[-64.63821,1.04165],[-64.64655,1.038],[-64.65072,1.0281],[-64.67418,1.04061],[-64.69972,1.03487],[-64.70597,1.04009],[-64.70337,1.04791],[-64.72683,1.07189],[-64.77113,1.10421],[-64.77895,1.11985],[-64.81232,1.14539],[-64.82587,1.16677],[-64.829,1.18084],[-64.84568,1.18084],[-64.85975,1.18919],[-64.86027,1.22203],[-64.84255,1.25435],[-64.82169,1.27989],[-64.82378,1.29605],[-64.80918,1.31534],[-64.8024,1.31169],[-64.78781,1.28667],[-64.79354,1.28093],[-64.7925,1.27051],[-64.77947,1.25956],[-64.76279,1.23193],[-64.74559,1.22672],[-64.72786,1.23558],[-64.71326,1.25226],[-64.70075,1.2924],[-64.68355,1.2851],[-64.65905,1.2924],[-64.63402,1.32107],[-64.61004,1.33671],[-64.58971,1.33879],[-64.57512,1.35495],[-64.58085,1.36017],[-64.58137,1.37685],[-64.55218,1.41803],[-64.52924,1.42689],[-64.52663,1.44514],[-64.5209,1.43888],[-64.49952,1.44357],[-64.47554,1.46912],[-64.4526,1.48111],[-64.44843,1.47433],[-64.43749,1.47277],[-64.42341,1.48632],[-64.3963,1.52802],[-64.38223,1.52177],[-64.37389,1.5249],[-64.35043,1.51916],[-64.34782,1.503],[-64.35616,1.48475],[-64.37754,1.46442],[-64.37337,1.45765],[-64.3765,1.44931],[-64.39631,1.42533],[-64.39266,1.41855],[-64.39891,1.39613],[-64.39266,1.38988],[-64.35825,1.39092],[-64.3447,1.36694],[-64.33688,1.36485],[-64.33427,1.37163],[-64.34053,1.37684],[-64.34157,1.38571],[-64.32489,1.40291],[-64.32802,1.42063],[-64.32489,1.43731],[-64.31707,1.44148],[-64.31185,1.45765],[-64.30351,1.46182],[-64.30091,1.46911],[-64.27797,1.47954],[-64.27484,1.48684],[-64.2665,1.48579],[-64.26024,1.50091],[-64.24617,1.50925],[-64.21437,1.50977],[-64.20134,1.51916],[-64.19404,1.52593],[-64.19247,1.54366],[-64.16641,1.57702],[-64.15859,1.57546],[-64.14295,1.58328],[-64.13461,1.57806],[-64.1247,1.57858],[-64.11115,1.59057],[-64.10646,1.6083],[-64.09395,1.6182],[-64.08612,1.64114],[-64.07413,1.65365],[-64.06423,1.67711],[-64.06006,1.70265],[-64.071,1.72663],[-64.06423,1.74123],[-64.07569,1.75218],[-64.07674,1.76],[-64.0611,1.79075],[-64.05692,1.81421],[-64.06162,1.82203],[-64.05432,1.82672],[-64.05327,1.83454],[-64.05484,1.84236],[-64.06996,1.85331],[-64.06057,1.88407],[-64.06057,1.93203],[-64.04389,1.93516],[-64.04024,1.94402],[-64.01782,1.95236],[-64.01678,1.96018],[-64.00062,1.97582],[-63.99436,1.98103],[-63.98654,1.97999],[-63.97455,1.9925],[-63.93754,1.99041],[-63.92138,1.98416],[-63.8974,1.99354],[-63.88645,1.98363],[-63.85309,1.97946],[-63.84475,1.96539],[-63.82859,1.96956],[-63.82285,1.99197],[-63.78376,1.98259],[-63.75925,2.005],[-63.75091,1.99718],[-63.73945,2.00083],[-63.73788,2.01752],[-63.73006,2.01908],[-63.72693,2.02742],[-63.70191,2.04723],[-63.68731,2.03263],[-63.69096,2.02429],[-63.66698,2.01803],[-63.65969,2.0342],[-63.66385,2.0587],[-63.66125,2.06652],[-63.64405,2.06599],[-63.63675,2.07016],[-63.61746,2.09727],[-63.61641,2.1077],[-63.60547,2.10874],[-63.59348,2.12125],[-63.56793,2.12594],[-63.56063,2.13376],[-63.52727,2.12959],[-63.50798,2.11447],[-63.4913,2.11656],[-63.4741,2.1275],[-63.47306,2.13897],[-63.46524,2.1421],[-63.44282,2.12646],[-63.43292,2.1275],[-63.42666,2.13637],[-63.41988,2.13219],[-63.39642,2.14783],[-63.38756,2.18432],[-63.39382,2.18954],[-63.39382,2.20101],[-63.37036,2.21352],[-63.37713,2.23437]]]},"properties":{"CD_MUN":"1300409","NM_MUN":"Barcelos","SIGLA_UF":"AM"}},{"type":"Feature","geometry":{"type":"Polygon","coordinates":[[[-59.23303,-3.2426],[-59.14858,-3.28483],[-59.12512,-3.28691],[-59.0584,-3.26241],[-59.03859,-3.24886],[-59.00522,-3.24312],[-58.95675,-3.289],[-58.90097,-3.36563],[-58.85353,-3.40004],[-58.82486,-3.40265],[-58.78628,-3.38597],[-58.7988,-3.43601],[-58.80818,-3.45217],[-58.82434,-3.46312],[-58.83268,-3.44592],[-58.84363,-3.44644],[-58.87335,-3.47563],[-58.9187,-3.54288],[-58.94216,-3.55591],[-58.98752,-3.60856],[-58.9995,-3.60596],[-59.01514,-3.61325],[-59.09908,-3.68206],[-59.10794,-3.70292],[-59.05738,-3.76495],[-59.05321,-3.77851],[-59.05633,-3.79988],[-59.09596,-3.86296],[-59.13088,-3.88068],[-59.17467,-3.88746],[-59.19553,-3.90987],[-59.21117,-3.91926],[-59.49944,-3.91821],[-59.52499,-3.92498],[-59.52707,-3.9547],[-59.55053,-3.97034],[-59.55679,-3.9818],[-59.55783,-4.0209],[-59.58077,-4.05687],[-59.58651,-4.07616],[-59.57869,-4.1163],[-59.58547,-4.13976],[-59.61935,-4.19762],[-59.64333,-4.20127],[-59.67461,-4.18772],[-59.69338,-4.21118],[-59.92588,-4.21221],[-59.94517,-4.22942],[-59.93891,-4.23776],[-59.93943,-4.24662],[-59.94465,-4.25235],[-59.9582,-4.25496],[-59.97488,-4.24922],[-59.98792,-4.25965],[-59.98166,-4.28676],[-59.96863,-4.30605],[-59.97019,-4.32221],[-59.96602,-4.33889],[-59.94674,-4.35974],[-59.94622,-4.3759],[-59.95977,-4.39154],[-59.99939,-4.39571],[-60.0265,-4.41813],[-60.03484,-4.42021],[-60.04891,-4.41187],[-60.04683,-4.38737],[-60.04943,-4.37955],[-60.05621,-4.37694],[-60.07133,-4.38111],[-60.08905,-4.40718],[-60.09739,-4.40666],[-60.10782,-4.39467],[-60.12971,-4.3832],[-60.13336,-4.36912],[-60.12189,-4.35817],[-60.12398,-4.34253],[-60.12971,-4.3368],[-60.14587,-4.34097],[-60.16151,-4.33628],[-60.17246,-4.3149],[-60.19383,-4.28936],[-60.20947,-4.28727],[-60.2152,-4.29301],[-60.22511,-4.28102],[-60.22719,-4.26538],[-60.24283,-4.26121],[-60.25169,-4.2487],[-60.25951,-4.25026],[-60.26316,-4.2341],[-60.27046,-4.23566],[-60.27567,-4.22941],[-60.27567,-4.22107],[-60.2642,-4.21012],[-60.26524,-4.20178],[-60.27723,-4.1804],[-60.27723,-4.17206],[-60.28609,-4.16372],[-60.22823,-4.1559],[-60.21468,-4.14652],[-60.19904,-4.14913],[-60.17975,-4.13453],[-60.17245,-4.13662],[-60.16203,-4.15643],[-60.14795,-4.16425],[-60.1443,-4.18614],[-60.13023,-4.19188],[-60.09895,-4.15122],[-60.09738,-4.14287],[-60.09895,-4.12619],[-60.11875,-4.09074],[-60.11406,-4.03705],[-60.11719,-4.02245],[-60.10937,-4.01932],[-60.10468,-4.00368],[-60.0833,-3.99951],[-60.07392,-3.97084],[-60.06193,-3.96146],[-60.01501,-3.95938],[-59.99937,-3.94791],[-59.97852,-3.96303],[-59.95089,-3.96459],[-59.94516,-3.97606],[-59.92795,-3.97815],[-59.92222,-3.98388],[-59.91336,-3.9844],[-59.90814,-3.9771],[-59.90866,-3.9453],[-59.89615,-3.93436],[-59.89407,-3.91663],[-59.88833,-3.90985],[-59.87113,-3.90412],[-59.86696,-3.88692],[-59.85862,-3.88379],[-59.84975,-3.85929],[-59.83933,-3.84574],[-59.83099,-3.84834],[-59.82786,-3.83792],[-59.83411,-3.80455],[-59.8315,-3.7519],[-59.81743,-3.74043],[-59.82525,-3.73522],[-59.82473,-3.72688],[-59.82108,-3.70863],[-59.81013,-3.69456],[-59.78614,-3.49959],[-59.77415,-3.46258],[-59.76268,-3.46831],[-59.73714,-3.47092],[-59.71472,-3.45945],[-59.69804,-3.47092],[-59.67719,-3.46936],[-59.66728,-3.48552],[-59.63549,-3.49959],[-59.6261,-3.49959],[-59.6188,-3.51419],[-59.60473,-3.52097],[-59.60629,-3.52931],[-59.58701,-3.5486],[-59.54322,-3.53869],[-59.53279,-3.52514],[-59.54061,-3.5194],[-59.53696,-3.51211],[-59.5062,-3.48917],[-59.5036,-3.49751],[-59.48587,-3.4996],[-59.45199,-3.4923],[-59.4254,-3.4996],[-59.41081,-3.4996],[-59.40507,-3.49386],[-59.39673,-3.49647],[-59.39881,-3.4777],[-59.38943,-3.46259],[-59.34825,-3.44173],[-59.33834,-3.42401],[-59.33782,-3.41411],[-59.32948,-3.41515],[-59.30133,-3.39273],[-59.26015,-3.37866],[-59.23564,-3.35781],[-59.23303,-3.2426]]]},"properties":{"CD_MUN":"1300300","NM_MUN":"Autazes","SIGLA_UF":"AM"}},{"type":"Feature","geometry":{"type":"Polygon","coordinates":[[[-64.7833,-3.13924],[-64.77757,-3.15644],[-64.75672,-3.18563],[-64.71293,-3.21795],[-64.66653,-3.26592],[-64.72075,-3.27738],[-64.72127,-3.29198],[-64.73743,-3.28729],[-64.78644,-3.30658],[-64.7953,-3.30345],[-64.80312,-3.32795],[-64.81198,-3.32899],[-64.82032,-3.34463],[-64.84534,-3.3634],[-64.85473,-3.37956],[-64.88653,-3.38477],[-64.90008,-3.40823],[-64.90738,-3.43325],[-64.94335,-3.46974],[-64.95065,-3.4859],[-64.95795,-3.48955],[-64.99183,-3.47808],[-65.01008,-3.48069],[-65.02363,-3.48955],[-65.01946,-3.4958],[-64.99236,-3.49163],[-64.97776,-3.50206],[-64.98402,-3.50936],[-64.98141,-3.51874],[-64.96838,-3.53073],[-64.96994,-3.53803],[-64.97828,-3.53907],[-64.99132,-3.55158],[-64.99914,-3.58651],[-64.9835,-3.60632],[-64.9908,-3.61154],[-64.9762,-3.62248],[-64.98037,-3.63082],[-65.01582,-3.66106],[-65.03146,-3.66575],[-65.03667,-3.67253],[-65.02625,-3.68556],[-65.02625,-3.6939],[-65.03303,-3.71006],[-65.03199,-3.75229],[-65.04554,-3.79347],[-65.05128,-3.7992],[-65.07682,-3.79138],[-65.0789,-3.7992],[-65.09507,-3.80598],[-65.10549,-3.82683],[-65.12165,-3.84508],[-65.12687,-3.86072],[-65.12009,-3.86802],[-65.13104,-3.88053],[-65.13938,-3.88],[-65.14251,-3.89512],[-65.1571,-3.89877],[-65.15867,-3.90868],[-65.16649,-3.90659],[-65.16962,-3.91389],[-65.19412,-3.91806],[-65.2035,-3.9337],[-65.22696,-3.93943],[-65.25928,-3.95924],[-65.27805,-3.95611],[-65.28222,-3.96341],[-65.3161,-3.96914],[-65.31975,-3.97644],[-65.33643,-3.97957],[-65.33904,-3.98791],[-65.37762,-4.01085],[-65.38648,-4.01033],[-65.387,-4.01971],[-65.39691,-4.03378],[-65.42297,-4.0343],[-65.44487,-4.04786],[-65.46051,-4.04942],[-65.51264,-4.09217],[-65.53714,-4.09842],[-65.57676,-4.11719],[-65.65078,-4.13595],[-65.67164,-4.1641],[-65.74358,-4.20268],[-65.75557,-4.21623],[-65.81656,-4.22353],[-65.84523,-4.24803],[-65.87182,-4.25168],[-65.90779,-4.29182],[-65.92447,-4.26002],[-65.91509,-4.21623],[-65.90205,-4.19486],[-65.87703,-4.18182],[-65.86504,-4.16879],[-65.86191,-4.14533],[-65.86921,-4.13178],[-65.86243,-4.12657],[-65.86087,-4.10571],[-65.84523,-4.08434],[-65.83949,-4.06818],[-65.84158,-4.05254],[-65.85461,-4.0296],[-65.86243,-3.99676],[-65.8619,-3.97643],[-65.8546,-3.95714],[-65.83949,-3.92951],[-65.80195,-3.88989],[-65.79622,-3.88051],[-65.79621,-3.86018],[-65.78318,-3.83672],[-65.72323,-3.80649],[-65.71593,-3.76165],[-65.70655,-3.73715],[-65.6737,-3.70223],[-65.65754,-3.6918],[-65.65493,-3.63758],[-65.64607,-3.62455],[-65.62887,-3.61934],[-65.58195,-3.62612],[-65.54129,-3.62403],[-65.50167,-3.58024],[-65.48342,-3.59953],[-65.47352,-3.59953],[-65.42504,-3.57451],[-65.40366,-3.53646],[-65.35987,-3.49632],[-65.28428,-3.4812],[-65.24883,-3.46452],[-65.21651,-3.464],[-65.17637,-3.43793],[-65.16542,-3.42595],[-65.16386,-3.40301],[-65.15656,-3.38841],[-65.13102,-3.38633],[-65.12424,-3.38164],[-65.06689,-3.30136],[-65.05125,-3.24662],[-65.045,-3.21013],[-65.04656,-3.19344],[-65.03457,-3.17051],[-64.97357,-3.09231],[-64.97305,-3.05582],[-64.93239,-3.07094],[-64.9032,-3.0944],[-64.88443,-3.1017],[-64.8469,-3.10379],[-64.82969,-3.11108],[-64.79842,-3.14236],[-64.7833,-3.13924]]]},"properties":{"CD_MUN":"1300029","NM_MUN":"Alvarães","SIGLA_UF":"AM"}},{"type":"Feature","geometry":{"type":"Polygon","coordinates":[[[-60.18427,0.00048],[-60.17019,0.001],[-60.15977,0.01716],[-60.13735,0.02968],[-60.14204,0.03854],[-60.1337,0.05522],[-60.13526,0.06669],[-60.12223,0.08181],[-60.13526,0.0938],[-60.13683,0.1037],[-60.11545,0.13446],[-60.08574,0.14384],[-60.05811,0.16417],[-60.03673,0.26426],[-59.19118,0.26424],[-59.19275,0.24756],[-59.18388,0.24339],[-59.18858,0.23348],[-59.17919,0.22618],[-59.12602,0.21993],[-59.1255,0.21211],[-59.13697,0.19699],[-59.1328,0.19021],[-59.1255,0.19386],[-59.10934,0.15789],[-59.09683,0.14903],[-59.0984,0.13339],[-59.0911,0.12713],[-59.07702,0.13339],[-59.06868,0.1313],[-59.06451,0.12348],[-59.04783,0.12817],[-59.0447,0.10472],[-59.02907,0.09585],[-59.03011,0.08803],[-59.04523,0.0823],[-59.03793,0.04841],[-59.02177,0.05154],[-59.00822,0.04268],[-59.0004,0.04372],[-58.99206,0.02652],[-58.99362,0.01818],[-58.98059,0.00462],[-58.97068,0.01661],[-58.94462,0.00254],[-58.91178,0.00149],[-58.90031,-0.00581],[-58.89822,-0.03656],[-58.90083,-0.04699],[-58.91126,-0.04699],[-58.91178,-0.05481],[-58.90083,-0.06367],[-58.89249,-0.08557],[-58.88519,-0.09234],[-58.88832,-0.15959],[-58.89667,-0.1695],[-58.90605,-0.1622],[-58.91595,-0.16428],[-58.9269,-0.1549],[-58.93212,-0.18826],[-58.92742,-0.19765],[-58.93003,-0.20547],[-58.92378,-0.21381],[-58.94359,-0.23257],[-58.93733,-0.24091],[-58.94411,-0.26385],[-58.93473,-0.27324],[-58.89459,-0.29305],[-58.91492,-0.31807],[-58.91023,-0.32537],[-58.94151,-0.35404],[-58.95715,-0.3775],[-58.94516,-0.38792],[-58.94776,-0.4046],[-58.94047,-0.4093],[-58.93265,-0.43067],[-58.91701,-0.44735],[-58.90606,-0.45465],[-58.89459,-0.45257],[-58.88052,-0.45674],[-58.84663,-0.48072],[-58.85185,-0.49949],[-58.84246,-0.4974],[-58.83413,-0.54692],[-58.82005,-0.56256],[-58.81692,-0.58446],[-58.80129,-0.6001],[-58.78356,-0.63034],[-58.75177,-0.6637],[-58.75489,-0.6882],[-58.74186,-0.70071],[-58.76011,-0.70384],[-58.77106,-0.72209],[-58.75437,-0.72834],[-58.73822,-0.77109],[-58.74239,-0.79142],[-58.72206,-0.81071],[-58.74656,-0.82166],[-58.74083,-0.82948],[-58.7158,-0.83156],[-58.69704,-0.85137],[-58.69495,-0.86023],[-58.67827,-0.87275],[-58.66628,-0.9035],[-58.635,-0.90507],[-58.62249,-0.92801],[-58.59956,-0.93843],[-58.61676,-0.98744],[-58.60686,-0.99682],[-58.57454,-1.0062],[-58.54952,-0.99109],[-58.53388,-1.00777],[-58.53805,-1.01819],[-58.52658,-1.0281],[-58.51772,-1.04739],[-58.51928,-1.06042],[-58.51511,-1.06772],[-58.52397,-1.0745],[-58.51459,-1.10525],[-58.52189,-1.11151],[-58.51407,-1.13236],[-58.50573,-1.14018],[-58.50156,-1.16573],[-58.45256,-1.17355],[-58.43953,-1.16364],[-58.43275,-1.16938],[-58.43379,-1.18502],[-58.42389,-1.18658],[-58.41763,-1.1725],[-58.4046,-1.17355],[-58.3973,-1.16834],[-58.38531,-1.17303],[-58.38584,-1.18293],[-58.37697,-1.19284],[-58.36811,-1.19179],[-58.36342,-1.19805],[-58.3629,-1.20691],[-58.36968,-1.2116],[-58.36394,-1.22672],[-58.36499,-1.24132],[-58.37176,-1.25018],[-58.37489,-1.26895],[-58.36811,-1.27677],[-58.35977,-1.2752],[-58.35717,-1.28302],[-58.3629,-1.28824],[-58.35091,-1.30388],[-58.34831,-1.32108],[-58.33319,-1.31899],[-58.32068,-1.34819],[-58.304,-1.3534],[-58.29462,-1.36331],[-58.28263,-1.36383],[-58.27846,-1.37061],[-58.27898,-1.38677],[-58.29462,-1.41283],[-58.28419,-1.42378],[-58.28993,-1.43681],[-58.26438,-1.45714],[-58.27273,-1.48581],[-58.24979,-1.52596],[-58.25031,-1.54212],[-58.23519,-1.53951],[-58.22581,-1.55619],[-58.19401,-1.55463],[-58.18567,-1.55828],[-58.15909,-1.58956],[-58.15231,-1.60676],[-58.13928,-1.61771],[-58.12781,-1.61302],[-58.10592,-1.61667],[-58.09132,-1.62814],[-58.08767,-1.64325],[-58.06838,-1.65316],[-58.05118,-1.6542],[-58.04805,-1.66307],[-58.05222,-1.67453],[-58.03502,-1.68809],[-58.01886,-1.69278],[-58.00687,-1.74648],[-58.00531,-1.78297],[-57.99384,-1.79548],[-57.99437,-1.82936],[-57.97456,-1.83562],[-57.97873,-1.86325],[-57.98551,-1.87159],[-57.98603,-1.89453],[-57.97821,-1.91121],[-57.95892,-1.92268],[-57.95579,-1.93206],[-57.95006,-1.98367],[-57.96049,-1.99983],[-57.95736,-2.00713],[-57.94798,-2.00765],[-57.94694,-2.02955],[-57.93964,-2.03528],[-57.9313,-2.03111],[-57.92244,-2.03528],[-57.90732,-2.0577],[-57.87343,-2.04832],[-57.85884,-2.06604],[-57.85623,-2.0822],[-57.84059,-2.09002],[-57.83017,-2.08585],[-57.81974,-2.10097],[-57.82339,-2.10827],[-57.82183,-2.12391],[-57.80515,-2.1531],[-57.77074,-2.19376],[-57.75198,-2.20888],[-57.72956,-2.20471],[-57.71653,-2.2141],[-57.71288,-2.22348],[-57.66284,-2.23964],[-57.6571,-2.24538],[-57.65658,-2.26779],[-57.65033,-2.27665],[-57.6227,-2.27561],[-57.61331,-2.26467],[-57.6055,-2.27457],[-57.59715,-2.26988],[-57.58621,-2.28187],[-57.55962,-2.28656],[-57.54815,-2.30012],[-57.5518,-2.31628],[-57.52626,-2.31941],[-57.51375,-2.3314],[-57.50697,-2.34756],[-57.4955,-2.34495],[-57.47674,-2.3314],[-57.45953,-2.33557],[-57.45276,-2.32931],[-57.44181,-2.3413],[-57.42409,-2.34078],[-57.40584,-2.37936],[-57.34172,-2.42159],[-57.33182,-2.43462],[-57.32817,-2.45443],[-57.59143,-2.45651],[-57.60342,-2.46902],[-57.62115,-2.53053],[-57.6811,-2.61811],[-57.7129,-2.66034],[-57.77389,-2.71768],[-57.81403,-2.74426],[-57.83906,-2.75052],[-57.88441,-2.75156],[-57.91621,-2.75729],[-57.9428,-2.76251],[-57.95218,-2.74791],[-57.93341,-2.72654],[-57.94384,-2.7109],[-57.93028,-2.69891],[-57.93289,-2.66763],[-57.94019,-2.66346],[-57.95009,-2.66659],[-57.95843,-2.68275],[-57.96469,-2.67493],[-57.93758,-2.61967],[-57.88128,-2.60507],[-57.87554,-2.61081],[-57.81768,-2.58996],[-57.79161,-2.55868],[-57.7718,-2.54252],[-57.78744,-2.53366],[-57.79682,-2.53626],[-57.80412,-2.53053],[-57.81246,-2.53418],[-57.83279,-2.51228],[-57.83957,-2.481],[-57.8599,-2.46693],[-57.8698,-2.43565],[-57.88492,-2.42105],[-57.89169,-2.40541],[-57.98136,-2.40489],[-57.98605,-2.37778],[-57.97771,-2.34077],[-57.97823,-2.3147],[-57.99334,-2.27456],[-58.03192,-2.23494],[-58.03348,-2.22451],[-58.11376,-2.2193],[-58.12054,-2.19428],[-58.14034,-2.16404],[-58.1294,-2.12859],[-58.132,-2.12181],[-58.13982,-2.12181],[-58.14295,-2.1312],[-58.15129,-2.13537],[-58.18778,-2.11139],[-58.17527,-2.09314],[-58.1539,-2.102],[-58.15025,-2.09366],[-58.15963,-2.07802],[-58.17422,-2.06916],[-58.18361,-2.01807],[-58.19455,-2.00504],[-58.21228,-1.99983],[-58.24564,-1.97741],[-58.2545,-1.9357],[-58.2618,-1.93101],[-58.27483,-1.93258],[-58.28317,-1.94092],[-58.29985,-1.9284],[-58.30715,-1.91172],[-58.34103,-1.91954],[-58.37752,-1.9185],[-58.39316,-1.90546],[-58.41089,-1.87523],[-58.42288,-1.86845],[-58.43434,-1.84603],[-58.45728,-1.82049],[-58.45728,-1.81058],[-58.4823,-1.79703],[-58.50628,-1.79964],[-58.51358,-1.7939],[-58.54486,-1.78765],[-58.56571,-1.76992],[-58.58552,-1.76471],[-58.58447,-1.75428],[-58.5558,-1.72613],[-58.57248,-1.71727],[-58.57717,-1.70997],[-58.56779,-1.68599],[-58.57613,-1.66566],[-58.58499,-1.66566],[-58.58812,-1.65836],[-58.5876,-1.64481],[-58.5949,-1.63959],[-58.60219,-1.59789],[-58.61262,-1.59945],[-58.65015,-1.55618],[-58.6611,-1.55514],[-58.66944,-1.57547],[-58.67986,-1.57182],[-58.69238,-1.57495],[-58.70697,-1.5567],[-58.69394,-1.55722],[-58.71583,-1.51812],[-58.73199,-1.51291],[-58.74398,-1.49779],[-58.75336,-1.50196],[-58.77422,-1.49831],[-58.78881,-1.50457],[-58.80445,-1.49258],[-58.82583,-1.5077],[-58.83521,-1.50874],[-58.84146,-1.50248],[-58.83312,-1.49935],[-58.83781,-1.48945],[-58.84355,-1.48267],[-58.85606,-1.48319],[-58.85502,-1.46338],[-58.87013,-1.45139],[-58.91705,-1.44618],[-58.92591,-1.44983],[-58.92904,-1.43054],[-58.94728,-1.39613],[-58.94885,-1.38154],[-58.96292,-1.38675],[-58.97074,-1.38101],[-58.98429,-1.34817],[-59.01661,-1.3195],[-59.02443,-1.31741],[-59.02808,-1.32575],[-59.0359,-1.32263],[-59.04998,-1.33201],[-59.05675,-1.3268],[-59.05936,-1.31689],[-59.06926,-1.31376],[-59.08021,-1.31741],[-59.09585,-1.30334],[-59.09324,-1.29447],[-59.11201,-1.28822],[-59.12139,-1.27883],[-59.13025,-1.28457],[-59.13703,-1.27779],[-59.15632,-1.2757],[-59.17039,-1.2585],[-59.18134,-1.25329],[-59.1902,-1.25694],[-59.20428,-1.24755],[-59.21575,-1.22514],[-59.23295,-1.21732],[-59.24181,-1.20063],[-59.23607,-1.19125],[-59.24285,-1.18395],[-59.26787,-1.18082],[-59.27465,-1.17509],[-59.28195,-1.1558],[-59.30436,-1.15528],[-59.33043,-1.14016],[-59.34607,-1.1386],[-59.36171,-1.15319],[-59.37891,-1.14694],[-59.38204,-1.13651],[-59.37422,-1.13286],[-59.37943,-1.10575],[-59.60411,-1.10887],[-59.61558,-1.10627],[-59.63069,-1.09376],[-59.62861,-1.08489],[-59.63538,-1.07707],[-59.66823,-1.0656],[-59.675,-1.08958],[-59.68543,-1.08958],[-59.69951,-1.10366],[-59.7068,-1.10157],[-59.72036,-1.07707],[-59.73235,-1.07968],[-59.74277,-1.07551],[-59.74121,-1.06769],[-59.75111,-1.05205],[-59.75841,-1.05518],[-59.77926,-1.04475],[-59.81471,-1.01034],[-59.82201,-0.99939],[-59.8194,-0.99053],[-59.83869,-0.97124],[-59.84077,-0.94309],[-59.85328,-0.91338],[-59.86736,-0.90034],[-59.88508,-0.89878],[-59.9002,-0.88835],[-59.89968,-0.87063],[-59.93147,-0.85134],[-59.94138,-0.8529],[-59.96014,-0.843],[-59.96692,-0.83257],[-59.97526,-0.83205],[-60.0008,-0.79712],[-60.00654,-0.79243],[-60.01488,-0.79504],[-60.01905,-0.78878],[-60.02687,-0.7549],[-60.03364,-0.7476],[-60.03312,-0.72153],[-60.04459,-0.69755],[-60.04563,-0.68035],[-60.05345,-0.67514],[-60.05241,-0.64907],[-60.04459,-0.65011],[-60.0326,-0.66262],[-60.02374,-0.66054],[-60.0352,-0.63447],[-60.02582,-0.63291],[-60.02061,-0.62561],[-60.02113,-0.61623],[-60.03729,-0.59538],[-60.03468,-0.58808],[-60.0107,-0.58026],[-60.00757,-0.57192],[-59.99975,-0.56879],[-59.96639,-0.56775],[-59.94918,-0.52969],[-59.95596,-0.52448],[-59.95335,-0.51457],[-59.92833,-0.49685],[-59.92468,-0.48382],[-59.89184,-0.45463],[-59.88141,-0.45567],[-59.87828,-0.46453],[-59.8689,-0.46818],[-59.85639,-0.44629],[-59.84701,-0.44159],[-59.83762,-0.41605],[-59.83032,-0.41032],[-59.83658,-0.38842],[-59.85222,-0.39103],[-59.8616,-0.36548],[-59.85274,-0.36809],[-59.84544,-0.33473],[-59.85117,-0.3243],[-59.84909,-0.31179],[-59.84179,-0.30658],[-59.84335,-0.28364],[-59.83762,-0.26644],[-59.80686,-0.24767],[-59.80686,-0.23672],[-59.84647,-0.18094],[-59.87202,-0.16269],[-59.91216,-0.14914],[-59.91737,-0.13558],[-59.91841,-0.12516],[-59.8913,-0.10118],[-59.87358,-0.11213],[-59.87827,-0.08606],[-59.86315,-0.0699],[-59.86107,-0.05895],[-59.86367,-0.04592],[-59.87931,-0.01464],[-59.89234,-0.00422],[-59.90224,0.02289],[-59.9158,0.03436],[-59.93196,0.03071],[-59.94655,0.03905],[-59.95594,0.03853],[-59.9549,0.02967],[-59.94134,0.01664],[-59.92935,-0.01412],[-59.93405,-0.02194],[-59.92779,-0.03341],[-59.93457,-0.0381],[-59.95021,-0.0381],[-59.97106,-0.02976],[-59.97471,-0.03706],[-59.95177,-0.04905],[-59.96168,-0.05739],[-59.98461,-0.05999],[-60.0039,-0.04696],[-60.02267,-0.04227],[-60.06229,-0.05009],[-60.08157,-0.04696],[-60.12172,-0.07876],[-60.15247,-0.08866],[-60.17906,-0.08449],[-60.22389,-0.11837],[-60.22963,-0.10951],[-60.22754,-0.10013],[-60.22128,-0.08188],[-60.20512,-0.06051],[-60.20199,-0.03288],[-60.18062,-0.0089],[-60.18427,0.00048]]]},"properties":{"CD_MUN":"1304302","NM_MUN":"Urucará","SIGLA_UF":"AM"}},{"type":"Feature","geometry":{"type":"Polygon","coordinates":[[[-65.33898,-2.47299],[-65.30666,-2.43024],[-65.30718,-2.41408],[-65.32698,-2.40053],[-65.34627,-2.39688],[-65.38485,-2.40991],[-65.39267,-2.40522],[-65.39006,-2.38749],[-65.36504,-2.37081],[-65.33063,-2.36143],[-65.30978,-2.3656],[-65.27694,-2.38072],[-65.26756,-2.37551],[-65.23628,-2.3901],[-65.21908,-2.38281],[-65.21543,-2.37551],[-65.21803,-2.34632],[-65.2149,-2.32651],[-65.22064,-2.29262],[-65.21438,-2.28376],[-65.19301,-2.27959],[-65.18362,-2.31087],[-65.14661,-2.32964],[-65.14036,-2.33798],[-65.11899,-2.40001],[-65.0924,-2.43911],[-65.06425,-2.49385],[-64.9944,-2.57153],[-64.98763,-2.58612],[-64.98606,-2.60802],[-65.00014,-2.68986],[-64.99128,-2.70811],[-64.97251,-2.72062],[-64.89276,-2.71749],[-64.87555,-2.73209],[-64.8693,-2.75711],[-64.87243,-2.79569],[-64.89797,-2.86138],[-64.89224,-2.87284],[-64.86878,-2.89161],[-64.85523,-2.91611],[-64.81874,-2.93332],[-64.81249,-2.94166],[-64.81509,-2.97867],[-64.80988,-3.00005],[-64.77652,-3.05478],[-64.71501,-3.1064],[-64.72179,-3.12412],[-64.73951,-3.12725],[-64.76505,-3.12151],[-64.78069,-3.13089],[-64.7833,-3.13924],[-64.79842,-3.14236],[-64.82969,-3.11108],[-64.8469,-3.10379],[-64.88443,-3.1017],[-64.9032,-3.0944],[-64.93239,-3.07094],[-64.97305,-3.05582],[-64.97357,-3.09231],[-65.03457,-3.17051],[-65.04656,-3.19344],[-65.045,-3.21013],[-65.05125,-3.24662],[-65.06689,-3.30136],[-65.12424,-3.38164],[-65.13102,-3.38633],[-65.15656,-3.38841],[-65.16386,-3.40301],[-65.16542,-3.42595],[-65.17637,-3.43793],[-65.21651,-3.464],[-65.24883,-3.46452],[-65.28428,-3.4812],[-65.35987,-3.49632],[-65.40366,-3.53646],[-65.42504,-3.57451],[-65.47352,-3.59953],[-65.48342,-3.59953],[-65.50167,-3.58024],[-65.54129,-3.62403],[-65.58195,-3.62612],[-65.62887,-3.61934],[-65.64607,-3.62455],[-65.65493,-3.63758],[-65.65754,-3.6918],[-65.6737,-3.70223],[-65.70655,-3.73715],[-65.71593,-3.76165],[-65.72323,-3.80649],[-65.78318,-3.83672],[-65.79621,-3.86018],[-65.79622,-3.88051],[-65.80195,-3.88989],[-65.83949,-3.92951],[-65.8546,-3.95714],[-65.8619,-3.97643],[-65.86243,-3.99676],[-65.85461,-4.0296],[-65.84158,-4.05254],[-65.83949,-4.06818],[-65.84523,-4.08434],[-65.86087,-4.10571],[-65.86243,-4.12657],[-65.86921,-4.13178],[-65.87859,-4.12344],[-65.91977,-4.03377],[-65.94896,-4.00979],[-65.95417,-3.9978],[-65.9474,-3.95662],[-65.96251,-3.92325],[-65.98024,-3.90188],[-65.98336,-3.8852],[-65.98232,-3.7924],[-65.94843,-3.7507],[-65.95312,-3.73454],[-65.99065,-3.72724],[-65.99378,-3.71942],[-65.9844,-3.68397],[-65.99169,-3.64122],[-65.9823,-3.49526],[-65.97709,-3.4864],[-65.95624,-3.47545],[-65.94164,-3.46085],[-65.92079,-3.41654],[-65.91349,-3.38109],[-65.87387,-3.34929],[-65.86813,-3.30342],[-65.83842,-3.26641],[-65.83112,-3.23982],[-65.8014,-3.183],[-65.78472,-3.17309],[-65.76282,-3.16997],[-65.75135,-3.15537],[-65.73363,-3.10168],[-65.73102,-3.07509],[-65.69661,-3.03443],[-65.65647,-2.95311],[-65.63979,-2.93642],[-65.61372,-2.92808],[-65.60694,-2.92079],[-65.60329,-2.88899],[-65.59652,-2.87231],[-65.58818,-2.87074],[-65.55898,-2.88742],[-65.54543,-2.88586],[-65.53083,-2.88273],[-65.49643,-2.85771],[-65.46776,-2.86657],[-65.45733,-2.85406],[-65.44847,-2.85406],[-65.42553,-2.87231],[-65.38018,-2.85302],[-65.34525,-2.81862],[-65.3343,-2.7717],[-65.35932,-2.7498],[-65.37965,-2.70758],[-65.38173,-2.6862],[-65.376,-2.66639],[-65.35671,-2.64815],[-65.31605,-2.64346],[-65.29415,-2.63355],[-65.25557,-2.59446],[-65.25245,-2.57673],[-65.26026,-2.54754],[-65.27642,-2.53815],[-65.31708,-2.4756],[-65.33898,-2.47299]]]},"properties":{"CD_MUN":"1304260","NM_MUN":"Uarini","SIGLA_UF":"AM"}},{"type":"Feature","geometry":{"type":"Polygon","coordinates":[[[-67.30843,-2.17214],[-67.27507,-2.2248],[-67.26204,-2.23418],[-67.24484,-2.23418],[-67.23545,-2.24721],[-67.24328,-2.26911],[-67.26986,-2.29934],[-67.26361,-2.30404],[-67.23859,-2.30664],[-67.20939,-2.32228],[-67.1703,-2.39266],[-67.17238,-2.41768],[-67.1802,-2.41768],[-67.18542,-2.41091],[-67.19376,-2.41403],[-67.20054,-2.43072],[-67.20731,-2.42707],[-67.22921,-2.46251],[-67.23755,-2.46095],[-67.24589,-2.47711],[-67.2167,-2.51986],[-67.21253,-2.57199],[-67.20419,-2.59545],[-67.15258,-2.61839],[-67.14164,-2.61787],[-67.13799,-2.62464],[-67.14424,-2.63194],[-67.18178,-2.65644],[-67.20107,-2.65905],[-67.22505,-2.65123],[-67.24694,-2.62516],[-67.27039,-2.5527],[-67.27561,-2.5454],[-67.2902,-2.54123],[-67.29022,-2.88217],[-67.30534,-2.88269],[-67.33974,-2.85871],[-67.35017,-2.87017],[-67.35017,-2.87799],[-67.36737,-2.88216],[-67.38249,-2.87747],[-67.42263,-2.89103],[-67.43931,-2.8905],[-67.44192,-2.88216],[-67.45078,-2.88008],[-67.4612,-2.86809],[-67.4904,-2.87903],[-67.49978,-2.87278],[-67.53106,-2.88477],[-67.53731,-2.89154],[-67.54253,-2.88581],[-67.5566,-2.89519],[-67.57328,-2.8978],[-67.58945,-2.93377],[-67.60561,-2.94159],[-67.65409,-2.8978],[-67.67025,-2.89258],[-67.68849,-2.89415],[-67.70986,-2.90301],[-67.74167,-2.93272],[-67.75418,-2.97078],[-68.04402,-2.97338],[-68.05966,-2.97807],[-68.08781,-2.96973],[-68.09198,-2.96138],[-68.10918,-2.95826],[-68.12326,-2.94679],[-68.13368,-2.94887],[-68.14307,-2.96399],[-68.15245,-2.96555],[-68.15871,-2.96086],[-68.18425,-2.97233],[-68.19885,-2.96086],[-68.20666,-2.94105],[-68.21501,-2.93896],[-68.23534,-2.94731],[-68.24159,-2.94105],[-68.24472,-2.90716],[-68.25202,-2.89778],[-68.27756,-2.89309],[-68.31509,-2.89986],[-68.34898,-2.88162],[-68.37765,-2.87588],[-68.37713,-2.85555],[-68.38286,-2.85086],[-68.42404,-2.84669],[-68.47096,-2.85138],[-68.48139,-2.84877],[-68.48764,-2.84043],[-68.49702,-2.83939],[-68.52622,-2.84773],[-68.55124,-2.84251],[-68.5773,-2.84929],[-68.59451,-2.84408],[-68.62787,-2.80394],[-68.63673,-2.78777],[-68.68156,-2.77474],[-68.68834,-2.76744],[-68.69407,-2.74086],[-68.70189,-2.73251],[-68.67635,-2.72626],[-68.65237,-2.71062],[-68.63412,-2.67465],[-68.6117,-2.64546],[-68.58512,-2.65119],[-68.56948,-2.66058],[-68.56166,-2.65484],[-68.55123,-2.61835],[-68.53872,-2.60323],[-68.50744,-2.60115],[-68.49128,-2.59229],[-68.48242,-2.59281],[-68.46626,-2.59698],[-68.4527,-2.60741],[-68.43654,-2.60741],[-68.40162,-2.61836],[-68.38389,-2.61366],[-68.35626,-2.61523],[-68.3375,-2.5949],[-68.33489,-2.57926],[-68.31925,-2.54485],[-68.30726,-2.52921],[-68.29787,-2.52713],[-68.24366,-2.54068],[-68.23793,-2.55163],[-68.2129,-2.5704],[-68.18945,-2.57144],[-68.16547,-2.55007],[-68.14513,-2.55111],[-68.10864,-2.54173],[-68.08883,-2.55998],[-68.07424,-2.55268],[-68.05756,-2.55268],[-68.05026,-2.5704],[-68.05756,-2.59647],[-68.05495,-2.60794],[-68.00647,-2.66945],[-67.99709,-2.66841],[-67.99188,-2.67675],[-67.9679,-2.68822],[-67.95017,-2.66737],[-67.94288,-2.66841],[-67.92672,-2.68666],[-67.88762,-2.69239],[-67.86729,-2.70178],[-67.85582,-2.71585],[-67.82298,-2.73202],[-67.79535,-2.70699],[-67.76199,-2.71325],[-67.75573,-2.70856],[-67.75208,-2.68458],[-67.73436,-2.66581],[-67.7427,-2.63193],[-67.69682,-2.60482],[-67.69369,-2.58918],[-67.66763,-2.58501],[-67.64573,-2.56833],[-67.64,-2.55999],[-67.63009,-2.49274],[-67.6035,-2.48701],[-67.59099,-2.47502],[-67.57066,-2.47397],[-67.56388,-2.45625],[-67.56388,-2.42758],[-67.55398,-2.40933],[-67.55554,-2.38431],[-67.54094,-2.37128],[-67.52009,-2.36867],[-67.48881,-2.34417],[-67.47369,-2.33635],[-67.46431,-2.33687],[-67.41843,-2.30768],[-67.39185,-2.30351],[-67.37308,-2.27484],[-67.3418,-2.26285],[-67.33711,-2.24773],[-67.34545,-2.23209],[-67.34388,-2.22427],[-67.30843,-2.17214]]]},"properties":{"CD_MUN":"1304237","NM_MUN":"Tonantins","SIGLA_UF":"AM"}},{"type":"Feature","geometry":{"type":"Polygon","coordinates":[[[-64.66653,-3.26592],[-64.59668,-3.29928],[-64.55706,-3.30919],[-64.52787,-3.32483],[-64.45698,-3.41971],[-64.44134,-3.46402],[-64.39495,-3.50573],[-64.35377,-3.53753],[-64.28444,-3.57454],[-64.2125,-3.62667],[-64.18852,-3.65899],[-64.12805,-3.68193],[-64.09834,-3.6981],[-64.07071,-3.70331],[-64.0754,-3.76639],[-64.08322,-3.76795],[-64.09208,-3.75179],[-64.11033,-3.75909],[-64.15881,-3.8107],[-64.15725,-3.82842],[-64.16559,-3.86439],[-64.18905,-3.87117],[-64.21981,-3.88785],[-64.24431,-3.89306],[-64.28706,-3.95405],[-64.31156,-3.9577],[-64.33189,-3.97647],[-64.34805,-3.9796],[-64.3835,-3.97177],[-64.42937,-3.98689],[-64.44762,-3.98741],[-64.48307,-3.96656],[-64.52477,-3.95874],[-64.54093,-3.96343],[-64.56387,-3.98897],[-64.56231,-4.01556],[-64.57586,-4.04736],[-64.61809,-4.0703],[-64.63529,-4.10314],[-64.6525,-4.12399],[-64.66918,-4.12764],[-64.69524,-4.11565],[-64.70254,-4.11825],[-64.71714,-4.14171],[-64.72392,-4.18759],[-64.73069,-4.19489],[-64.76823,-4.2027],[-64.78491,-4.21313],[-64.80837,-4.25848],[-64.82036,-4.27256],[-64.86311,-4.2882],[-64.88969,-4.28194],[-64.93348,-4.2981],[-64.97831,-4.28246],[-64.99343,-4.29341],[-65.00855,-4.32885],[-65.01481,-4.36118],[-65.01533,-4.40444],[-65.02107,-4.42113],[-65.03827,-4.43937],[-65.09144,-4.45397],[-65.09822,-4.4597],[-65.10813,-4.47273],[-65.1222,-4.516],[-65.16495,-4.55093],[-65.2176,-4.58533],[-65.24784,-4.61348],[-65.26661,-4.62287],[-65.31822,-4.62182],[-65.34324,-4.60722],[-65.35262,-4.60514],[-65.36305,-4.60879],[-65.38077,-4.65258],[-65.40423,-4.66561],[-65.43082,-4.66665],[-65.43864,-4.67186],[-65.44594,-4.67916],[-65.46627,-4.77039],[-65.5158,-4.8147],[-65.54134,-4.85432],[-65.56897,-4.87726],[-65.57731,-4.89029],[-65.57002,-4.94346],[-65.57627,-4.95962],[-65.59608,-4.98047],[-65.62215,-5.0227],[-65.66594,-5.03156],[-65.68001,-5.03625],[-65.68523,-5.04407],[-65.69618,-5.07743],[-65.69722,-5.10454],[-65.69201,-5.11132],[-65.68419,-5.11184],[-65.65916,-5.10559],[-65.64405,-5.11758],[-65.64926,-5.13426],[-65.6894,-5.17231],[-65.70139,-5.19577],[-65.69566,-5.22132],[-65.67742,-5.26041],[-65.67585,-5.29847],[-65.68107,-5.30681],[-65.69931,-5.30733],[-65.72642,-5.28491],[-65.74206,-5.28961],[-65.76031,-5.30524],[-65.80305,-5.29847],[-65.82912,-5.30681],[-65.86509,-5.33704],[-65.88438,-5.36936],[-65.8995,-5.43609],[-65.90315,-5.44287],[-65.91201,-5.43765],[-65.94016,-5.40585],[-65.9558,-5.39855],[-65.96414,-5.39751],[-65.99698,-5.41628],[-66.05693,-5.42149],[-66.08873,-5.40898],[-66.09342,-5.40168],[-66.08351,-5.37822],[-66.09081,-5.37196],[-66.11531,-5.36936],[-66.12678,-5.38187],[-66.14346,-5.38969],[-66.15024,-5.38499],[-66.15702,-5.36883],[-66.16536,-5.36675],[-66.26753,-5.3558],[-66.2936,-5.35945],[-66.33582,-5.38499],[-66.35146,-5.38082],[-66.36606,-5.38968],[-66.38795,-5.41314],[-66.42757,-5.43138],[-66.4698,-5.43295],[-66.47814,-5.43764],[-66.4943,-5.43243],[-66.51724,-5.44389],[-66.53183,-5.43816],[-66.53705,-5.42043],[-66.55112,-5.41105],[-66.5433,-5.39437],[-66.55425,-5.37039],[-66.56884,-5.36622],[-66.57562,-5.37925],[-66.56415,-5.3928],[-66.57145,-5.40844],[-66.57249,-5.43451],[-66.58084,-5.4491],[-66.58344,-5.46579],[-66.62984,-5.48612],[-66.6387,-5.50176],[-66.64131,-5.51948],[-66.6632,-5.52261],[-66.67832,-5.55336],[-66.69292,-5.56066],[-66.70491,-5.5591],[-66.71429,-5.54502],[-66.72159,-5.54398],[-66.77946,-5.55284],[-66.78467,-5.54606],[-66.78206,-5.53042],[-66.79509,-5.52208],[-66.80917,-5.5299],[-66.85296,-5.52677],[-66.87694,-5.50383],[-66.88476,-5.50175],[-66.89101,-5.50644],[-66.90248,-5.49601],[-66.90248,-5.4517],[-66.90665,-5.44336],[-66.92177,-5.43971],[-66.94053,-5.42407],[-66.95721,-5.41886],[-66.97337,-5.38341],[-66.95669,-5.35578],[-66.95304,-5.33232],[-66.93271,-5.31877],[-66.93062,-5.30209],[-66.9374,-5.27654],[-66.93271,-5.26038],[-66.92489,-5.25778],[-66.90873,-5.26299],[-66.90038,-5.25882],[-66.8837,-5.21711],[-66.87745,-5.21138],[-66.87171,-5.21816],[-66.82949,-5.18688],[-66.81489,-5.16134],[-66.78986,-5.15143],[-66.77944,-5.12954],[-66.77318,-5.09253],[-66.76275,-5.07741],[-66.72313,-5.05708],[-66.70802,-5.05499],[-66.65641,-5.06803],[-66.63295,-5.08367],[-66.61731,-5.08158],[-66.59229,-5.06021],[-66.57925,-5.02737],[-66.56362,-5.00964],[-66.56257,-4.99974],[-66.54745,-4.98827],[-66.52347,-4.94396],[-66.49063,-4.9205],[-66.47186,-4.91425],[-66.45987,-4.89131],[-66.40774,-4.85325],[-66.38637,-4.82354],[-66.36239,-4.82719],[-66.35352,-4.82406],[-66.33893,-4.80373],[-66.3186,-4.78966],[-66.304,-4.7834],[-66.26907,-4.77923],[-66.25395,-4.76776],[-66.243,-4.71668],[-66.24457,-4.68279],[-66.24144,-4.67445],[-66.19869,-4.63796],[-66.19504,-4.59417],[-66.20546,-4.57019],[-66.20077,-4.53422],[-66.21328,-4.50815],[-66.20963,-4.49147],[-66.18722,-4.48052],[-66.16636,-4.45237],[-66.15229,-4.44299],[-66.14968,-4.4237],[-66.14499,-4.41797],[-66.12413,-4.40285],[-66.09963,-4.39451],[-66.08243,-4.40025],[-66.05845,-4.39973],[-65.94949,-4.2939],[-65.93959,-4.30172],[-65.91978,-4.30381],[-65.90779,-4.29182],[-65.87182,-4.25168],[-65.84523,-4.24803],[-65.81656,-4.22353],[-65.75557,-4.21623],[-65.74358,-4.20268],[-65.67164,-4.1641],[-65.65078,-4.13595],[-65.57676,-4.11719],[-65.53714,-4.09842],[-65.51264,-4.09217],[-65.46051,-4.04942],[-65.44487,-4.04786],[-65.42297,-4.0343],[-65.39691,-4.03378],[-65.387,-4.01971],[-65.38648,-4.01033],[-65.37762,-4.01085],[-65.33904,-3.98791],[-65.33643,-3.97957],[-65.31975,-3.97644],[-65.3161,-3.96914],[-65.28222,-3.96341],[-65.27805,-3.95611],[-65.25928,-3.95924],[-65.22696,-3.93943],[-65.2035,-3.9337],[-65.19412,-3.91806],[-65.16962,-3.91389],[-65.16649,-3.90659],[-65.15867,-3.90868],[-65.1571,-3.89877],[-65.14251,-3.89512],[-65.13938,-3.88],[-65.13104,-3.88053],[-65.12009,-3.86802],[-65.12687,-3.86072],[-65.12165,-3.84508],[-65.10549,-3.82683],[-65.09507,-3.80598],[-65.0789,-3.7992],[-65.07682,-3.79138],[-65.05128,-3.7992],[-65.04554,-3.79347],[-65.03199,-3.75229],[-65.03303,-3.71006],[-65.02625,-3.6939],[-65.02625,-3.68556],[-65.03667,-3.67253],[-65.03146,-3.66575],[-65.01582,-3.66106],[-64.98037,-3.63082],[-64.9762,-3.62248],[-64.9908,-3.61154],[-64.9835,-3.60632],[-64.99914,-3.58651],[-64.99132,-3.55158],[-64.97828,-3.53907],[-64.96994,-3.53803],[-64.96838,-3.53073],[-64.98141,-3.51874],[-64.98402,-3.50936],[-64.97776,-3.50206],[-64.99236,-3.49163],[-65.01946,-3.4958],[-65.02363,-3.48955],[-65.01008,-3.48069],[-64.99183,-3.47808],[-64.95795,-3.48955],[-64.95065,-3.4859],[-64.94335,-3.46974],[-64.90738,-3.43325],[-64.90008,-3.40823],[-64.88653,-3.38477],[-64.85473,-3.37956],[-64.84534,-3.3634],[-64.82032,-3.34463],[-64.81198,-3.32899],[-64.80312,-3.32795],[-64.7953,-3.30345],[-64.78644,-3.30658],[-64.73743,-3.28729],[-64.72127,-3.29198],[-64.72075,-3.27738],[-64.66653,-3.26592]]]},"properties":{"CD_MUN":"1304203","NM_MUN":"Tefé","SIGLA_UF":"AM"}},{"type":"Feature","geometry":{"type":"Polygon","coordinates":[[[-57.32817,-2.45443],[-57.28855,-2.48832],[-57.42827,-2.58892],[-57.44808,-2.60352],[-57.43765,-2.60665],[-57.43869,-2.6202],[-57.43088,-2.64262],[-57.44182,-2.65357],[-57.45016,-2.67338],[-57.45746,-2.67755],[-57.45746,-2.69318],[-57.44912,-2.69631],[-57.44078,-2.69214],[-57.42775,-2.70935],[-57.41993,-2.70518],[-57.4168,-2.73072],[-57.42462,-2.73958],[-57.45642,-2.74532],[-57.47884,-2.76356],[-57.49083,-2.77816],[-57.49292,-2.79953],[-57.49917,-2.80996],[-57.51638,-2.81152],[-57.53879,-2.83289],[-57.55391,-2.82403],[-57.57633,-2.83706],[-57.60031,-2.88867],[-57.62533,-2.90744],[-57.64671,-2.94132],[-57.6759,-2.9408],[-57.71343,-2.96426],[-57.72959,-2.96165],[-57.73168,-2.95279],[-57.74106,-2.95383],[-57.75618,-2.98302],[-57.76452,-2.98876],[-57.7812,-2.99449],[-57.79788,-2.97155],[-57.81926,-2.95487],[-57.8349,-2.96269],[-57.8693,-2.9653],[-57.89015,-2.95174],[-57.99181,-3.13315],[-58.01215,-3.14827],[-58.01997,-3.17434],[-58.04134,-3.20092],[-58.04238,-3.20979],[-58.0648,-3.21448],[-58.08096,-3.18737],[-58.19147,-3.18737],[-58.19199,-3.1686],[-58.18209,-3.15348],[-58.1727,-3.12377],[-58.16801,-3.05287],[-58.17635,-3.03462],[-58.16123,-3.01794],[-58.14351,-2.97676],[-58.12891,-2.91472],[-58.10128,-2.87719],[-58.10962,-2.85842],[-58.09971,-2.8433],[-58.06947,-2.82037],[-58.03924,-2.80681],[-57.99076,-2.80525],[-57.95739,-2.79587],[-57.91621,-2.75729],[-57.88441,-2.75156],[-57.83906,-2.75052],[-57.81403,-2.74426],[-57.77389,-2.71768],[-57.7129,-2.66034],[-57.6811,-2.61811],[-57.62115,-2.53053],[-57.60342,-2.46902],[-57.59143,-2.45651],[-57.32817,-2.45443]]]},"properties":{"CD_MUN":"1304401","NM_MUN":"Urucurituba","SIGLA_UF":"AM"}},{"type":"Feature","geometry":{"type":"Polygon","coordinates":[[[-70.04516,0.06955],[-70.04201,0.5601],[-70.02533,0.55906],[-70.02168,0.54446],[-70.01439,0.54029],[-69.99405,0.54915],[-69.98988,0.56218],[-69.9977,0.57157],[-69.97007,0.57209],[-69.96486,0.56218],[-69.94088,0.55541],[-69.9242,0.56635],[-69.91325,0.58668],[-69.90543,0.58251],[-69.89396,0.58408],[-69.88614,0.57626],[-69.85904,0.58095],[-69.84652,0.58825],[-69.83662,0.5846],[-69.83036,0.59137],[-69.8116,0.58407],[-69.80795,0.57365],[-69.78449,0.59659],[-69.7626,0.60649],[-69.74904,0.62317],[-69.73861,0.61587],[-69.72402,0.61796],[-69.71672,0.64402],[-69.69065,0.65445],[-69.68961,0.66696],[-69.67866,0.67165],[-69.6552,0.66748],[-69.64686,0.66227],[-69.63331,0.63777],[-69.60568,0.63047],[-69.60412,0.63985],[-69.59369,0.63985],[-69.58952,0.66018],[-69.56554,0.67373],[-69.56502,0.6852],[-69.5327,0.68468],[-69.53374,0.70136],[-69.52644,0.70866],[-69.5181,0.71439],[-69.50924,0.71335],[-69.49673,0.72899],[-69.48005,0.73681],[-69.46806,0.73629],[-69.46128,0.73003],[-69.45815,0.717],[-69.43626,0.71074],[-69.43574,0.69563],[-69.40863,0.67581],[-69.40759,0.66226],[-69.36745,0.6289],[-69.35755,0.61326],[-69.34034,0.6289],[-69.3393,0.64036],[-69.32418,0.63411],[-69.31011,0.6388],[-69.3002,0.65027],[-69.28613,0.64766],[-69.29134,0.63619],[-69.28456,0.62055],[-69.29707,0.60439],[-69.28404,0.60335],[-69.26423,0.6096],[-69.25381,0.60543],[-69.24286,0.61013],[-69.23765,0.60387],[-69.21158,0.61065],[-69.2022,0.60648],[-69.20063,0.63254],[-69.19438,0.63828],[-69.19177,0.65287],[-69.17926,0.65704],[-69.14381,0.64609],[-69.13234,0.64766],[-69.11566,0.63671],[-69.1141,0.65131],[-69.14329,0.70396],[-69.17926,0.72585],[-69.18499,0.7342],[-69.18603,0.75036],[-69.17144,0.76443],[-69.15997,0.7613],[-69.1511,0.76652],[-69.14381,0.78424],[-69.15006,0.81083],[-69.16466,0.82959],[-69.16465,0.85305],[-69.1412,0.85357],[-69.13442,0.8786],[-69.17039,0.90414],[-69.18394,0.90414],[-69.18915,0.93386],[-69.18446,0.94063],[-69.16204,0.94741],[-69.17195,0.96096],[-69.20479,0.97348],[-69.21939,0.98599],[-69.20218,1.00111],[-69.20479,1.01101],[-69.26421,1.06575],[-69.2762,1.06783],[-69.28872,1.06366],[-69.29445,1.07148],[-69.3054,1.07253],[-69.31999,1.09703],[-69.34762,1.09494],[-69.36013,1.08921],[-69.37838,1.09651],[-69.38463,1.084],[-69.41539,1.05376],[-69.43416,1.05898],[-69.43624,1.08191],[-69.44667,1.08504],[-69.49202,1.08921],[-69.52017,1.08087],[-69.565,1.08192],[-69.58638,1.08974],[-69.60566,1.10642],[-69.62026,1.10381],[-69.62964,1.09599],[-69.64789,1.09652],[-69.67031,1.0887],[-69.68334,1.07775],[-69.69689,1.08505],[-69.70471,1.08349],[-69.7094,1.1278],[-69.72921,1.11685],[-69.73912,1.12206],[-69.76466,1.11424],[-69.78343,1.10278],[-69.79385,1.09131],[-69.80063,1.07463],[-69.81106,1.07046],[-69.82878,1.07358],[-69.84286,1.08662],[-69.84126,1.72209],[-69.8251,1.7174],[-69.82928,1.71062],[-69.82041,1.70645],[-69.79383,1.71114],[-69.78444,1.70645],[-69.78392,1.71583],[-69.77662,1.7247],[-69.76776,1.72522],[-69.74013,1.74555],[-69.71563,1.74503],[-69.7099,1.75076],[-69.69947,1.74502],[-69.68175,1.74815],[-69.68018,1.7372],[-69.6562,1.73825],[-69.64421,1.74502],[-69.63483,1.73825],[-69.62753,1.7518],[-69.56602,1.77839],[-69.5509,1.79298],[-69.49408,1.76796],[-69.48626,1.77369],[-69.48574,1.76327],[-69.4774,1.76118],[-69.47323,1.77004],[-69.46749,1.76326],[-69.45602,1.76066],[-69.44977,1.76587],[-69.42475,1.75805],[-69.3919,1.73563],[-69.3919,1.72521],[-69.38356,1.73094],[-69.17713,1.73459],[-68.15538,1.73299],[-68.15851,1.75124],[-68.1778,1.75489],[-68.16841,1.77209],[-68.18666,1.78617],[-68.20125,1.78773],[-68.21898,1.7747],[-68.23514,1.77366],[-68.24348,1.79608],[-68.23253,1.831],[-68.26537,1.8284],[-68.26224,1.86176],[-68.25234,1.88001],[-68.24191,1.92797],[-68.2075,1.96289],[-68.1976,1.96237],[-68.18144,1.9801],[-68.16476,1.98583],[-68.15746,1.97905],[-68.13921,1.98583],[-68.12149,1.96706],[-68.11315,1.94517],[-68.10168,1.93735],[-68.08604,1.90242],[-68.04225,1.90085],[-67.9724,1.83412],[-67.94008,1.83204],[-67.92966,1.83621],[-67.92131,1.85341],[-67.91037,1.85706],[-67.90567,1.86749],[-67.91193,1.89929],[-67.88117,1.90398],[-67.85823,1.9217],[-67.83425,1.94672],[-67.8306,1.95871],[-67.81705,1.9681],[-67.77795,2.03222],[-67.76752,2.04056],[-67.74876,2.0416],[-67.69558,2.02439],[-67.66952,2.02127],[-67.61843,2.02491],[-67.60592,2.03638],[-67.58507,2.08695],[-67.55692,2.10728],[-67.54962,2.14325],[-67.53867,2.15732],[-67.52042,2.1714],[-67.44692,2.20945],[-67.43753,2.23447],[-67.42971,2.24282],[-67.40886,2.24803],[-67.38801,2.24542],[-67.36299,2.23134],[-67.34214,2.20684],[-67.33536,2.09945],[-67.32859,2.07964],[-67.32494,2.03116],[-67.28533,1.88989],[-67.27699,1.87685],[-67.24258,1.85965],[-67.17325,1.85808],[-67.15605,1.85026],[-67.12269,1.80022],[-67.11435,1.76894],[-67.0961,1.73401],[-67.09819,1.68292],[-67.08516,1.65946],[-67.08047,1.63913],[-67.07735,1.50099],[-67.07109,1.44364],[-67.08778,1.32635],[-67.08622,1.23303],[-67.08153,1.20436],[-67.08674,1.16787],[-66.8558,1.23146],[-66.31732,0.75602],[-66.31315,0.73204],[-66.29804,0.719],[-66.28448,0.7117],[-66.27197,0.71379],[-66.21932,0.67104],[-66.21046,0.6726],[-66.18231,0.6554],[-66.16563,0.63455],[-66.14478,0.62725],[-66.13487,0.60796],[-66.12549,0.6064],[-66.12653,0.59753],[-66.1354,0.57147],[-66.14999,0.55844],[-66.1672,0.55948],[-66.17032,0.55062],[-66.19118,0.53394],[-66.20421,0.53706],[-66.21985,0.52143],[-66.23601,0.52612],[-66.23445,0.51413],[-66.24383,0.51256],[-66.24227,0.5011],[-66.24852,0.4938],[-66.26833,0.50266],[-66.27615,0.48389],[-66.29127,0.48024],[-66.30013,0.46982],[-66.31525,0.42446],[-66.29909,0.41091],[-66.30535,0.39006],[-66.29805,0.37859],[-66.30066,0.36712],[-66.29284,0.35722],[-66.29492,0.34575],[-66.30326,0.34835],[-66.31473,0.34262],[-66.30691,0.33219],[-66.31786,0.32907],[-66.31578,0.31916],[-66.32725,0.303],[-66.32151,0.28528],[-66.3262,0.27693],[-66.33194,0.28788],[-66.33872,0.28423],[-66.34653,0.28736],[-66.34706,0.27537],[-66.36113,0.2785],[-66.38042,0.25869],[-66.39085,0.26182],[-66.40284,0.23471],[-66.41066,0.2321],[-66.40701,0.20708],[-66.39293,0.19405],[-66.39346,0.18049],[-66.3773,0.17372],[-66.35488,0.1758],[-66.34081,0.16902],[-66.33142,0.1513],[-66.29285,0.13305],[-66.29024,0.12002],[-66.28034,0.11898],[-66.27304,0.12784],[-66.25062,0.11481],[-66.22612,0.10803],[-66.19745,0.11376],[-66.17503,0.10646],[-66.14324,0.05381],[-66.11665,0.03921],[-66.12135,0.00064],[-66.11457,-0.01657],[-66.12187,-0.03064],[-66.1177,-0.03898],[-66.13282,-0.05931],[-66.09372,-0.0713],[-66.08746,-0.076],[-66.08642,-0.08382],[-66.09685,-0.09841],[-66.12187,-0.11562],[-66.10884,-0.12813],[-66.09581,-0.1177],[-66.08642,-0.11927],[-66.08434,-0.1641],[-66.05775,-0.20007],[-66.04942,-0.23865],[-66.04264,-0.24282],[-66.03638,-0.23604],[-66.0171,-0.23969],[-66.00875,-0.235],[-65.99989,-0.20059],[-65.98946,-0.20216],[-65.97278,-0.18495],[-65.96079,-0.19642],[-65.94985,-0.19694],[-65.9415,-0.19382],[-65.9415,-0.18495],[-65.92378,-0.18704],[-65.90032,-0.21936],[-65.8972,-0.24543],[-65.88781,-0.25846],[-65.8899,-0.3132],[-65.9144,-0.31893],[-65.93421,-0.33196],[-65.95037,-0.33613],[-65.9999,-0.33457],[-66.02909,-0.3549],[-66.0661,-0.35333],[-66.09165,-0.36637],[-66.09634,-0.4112],[-66.11928,-0.42579],[-66.13023,-0.4529],[-66.12814,-0.47063],[-66.13388,-0.47897],[-66.16098,-0.48574],[-66.20112,-0.48001],[-66.22719,-0.48887],[-66.25221,-0.48053],[-66.26264,-0.48418],[-66.28401,-0.50711],[-66.28245,-0.53631],[-66.3325,-0.57697],[-66.406,-0.60042],[-66.4232,-0.5926],[-66.45813,-0.55455],[-66.48159,-0.55507],[-66.48993,-0.55924],[-66.51495,-0.59],[-66.57699,-0.60824],[-66.60774,-0.63274],[-66.64319,-0.64681],[-66.67968,-0.67653],[-66.70888,-0.6906],[-66.71566,-0.69946],[-66.71357,-0.71198],[-66.70002,-0.73127],[-66.69741,-0.74899],[-66.72452,-0.79903],[-66.72556,-0.80894],[-66.72244,-0.81676],[-66.69324,-0.80894],[-66.69012,-0.82666],[-66.71514,-0.85221],[-66.73443,-0.88609],[-66.73964,-0.90851],[-66.74017,-0.94813],[-66.74851,-0.97315],[-66.76311,-0.98827],[-66.77979,-0.99087],[-66.84182,-0.96794],[-66.89499,-0.97627],[-66.91115,-0.97158],[-66.92367,-0.97419],[-66.95338,-1.03414],[-66.9513,-1.04665],[-66.9294,-1.06855],[-66.91116,-1.10399],[-66.91377,-1.12276],[-66.92524,-1.13475],[-66.94661,-1.14726],[-66.97893,-1.15091],[-67.0149,-1.16551],[-67.03523,-1.1629],[-67.08527,-1.13423],[-67.12437,-1.1337],[-67.1812,-1.17853],[-67.22342,-1.19678],[-67.29067,-1.24943],[-67.37669,-1.28175],[-67.47104,-1.33961],[-67.4919,-1.34795],[-67.50389,-1.36985],[-67.50806,-1.40686],[-67.52318,-1.43762],[-67.55498,-1.46055],[-67.60659,-1.46733],[-67.61493,-1.47254],[-67.63682,-1.50434],[-67.64829,-1.51112],[-67.69469,-1.52415],[-67.72075,-1.52675],[-67.74369,-1.52102],[-67.79947,-1.48557],[-67.83075,-1.48088],[-67.85264,-1.48817],[-67.87714,-1.50746],[-67.91624,-1.51737],[-67.93292,-1.51163],[-67.97254,-1.484],[-68.02571,-1.47305],[-68.06012,-1.48139],[-68.08775,-1.49755],[-68.12632,-1.49859],[-68.15969,-1.48243],[-68.16382,-0.67493],[-68.16956,-0.66971],[-68.20657,-0.67023],[-68.21178,-0.66346],[-68.23628,-0.67336],[-68.24462,-0.67284],[-68.25088,-0.67909],[-68.25557,-0.67284],[-68.26391,-0.6744],[-68.26391,-0.68222],[-68.28841,-0.68431],[-68.28841,-0.69213],[-68.30405,-0.70203],[-68.31187,-0.70203],[-68.34367,-0.72392],[-68.35149,-0.72236],[-68.35931,-0.73435],[-68.38173,-0.73956],[-68.39685,-0.73748],[-68.42291,-0.75781],[-68.42604,-0.76511],[-68.44846,-0.75676],[-68.46357,-0.75937],[-68.48703,-0.75624],[-68.50267,-0.76041],[-68.51727,-0.75207],[-68.523,-0.75676],[-68.5475,-0.75103],[-68.55897,-0.74008],[-68.56575,-0.74321],[-68.57044,-0.73591],[-68.61162,-0.71141],[-68.61996,-0.69733],[-68.61475,-0.69055],[-68.62257,-0.66918],[-68.63039,-0.66501],[-68.6429,-0.64259],[-68.6674,-0.62122],[-68.69607,-0.5743],[-68.78156,-0.55397],[-68.81544,-0.53468],[-68.8488,-0.52998],[-68.87226,-0.50965],[-68.91866,-0.48932],[-68.95828,-0.48046],[-68.98226,-0.48723],[-69.01301,-0.48358],[-69.01823,-0.49036],[-69.02917,-0.49192],[-69.03126,-0.50183],[-69.06254,-0.4987],[-69.0813,-0.50913],[-69.1032,-0.51486],[-69.11623,-0.53311],[-69.15741,-0.53728],[-69.17983,-0.52268],[-69.21788,-0.51017],[-69.25698,-0.52007],[-69.28565,-0.5159],[-69.30859,-0.48827],[-69.34404,-0.48201],[-69.3529,-0.47576],[-69.37323,-0.4377],[-69.39564,-0.4231],[-69.40763,-0.4059],[-69.42014,-0.39964],[-69.4337,-0.40381],[-69.45663,-0.40121],[-69.47592,-0.40798],[-69.48478,-0.39964],[-69.48687,-0.37045],[-69.50094,-0.36002],[-69.54212,-0.33708],[-69.57392,-0.33291],[-69.5906,-0.32457],[-69.60259,-0.30945],[-69.60468,-0.29694],[-69.60311,-0.21979],[-69.64586,-0.1932],[-69.65889,-0.17443],[-69.67557,-0.16661],[-69.71727,-0.17026],[-69.74699,-0.15879],[-69.7595,-0.13168],[-69.75689,-0.09728],[-69.77357,-0.07642],[-69.78869,-0.07277],[-69.79703,-0.08007],[-69.81163,-0.11708],[-69.84655,-0.12178],[-69.86532,-0.14211],[-69.88252,-0.14211],[-69.90546,-0.10718],[-69.92006,-0.10144],[-69.94091,-0.08424],[-69.95081,-0.0196],[-69.96019,-0.00969],[-69.98365,-0.00448],[-69.98834,0.00751],[-69.98469,0.03983],[-69.99095,0.05495],[-70.01232,0.06642],[-70.04516,0.06955]]]},"properties":{"CD_MUN":"1303809","NM_MUN":"São Gabriel da Cachoeira","SIGLA_UF":"AM"}},{"type":"Feature","geometry":{"type":"Polygon","coordinates":[[[-69.61259,-2.43899],[-69.50572,-2.44838],[-69.48591,-2.4562],[-69.46975,-2.4734],[-69.43691,-2.48279],[-69.43066,-2.49009],[-69.44108,-2.53023],[-69.37488,-2.53023],[-69.35559,-2.54066],[-69.31597,-2.58758],[-69.31545,-2.60061],[-69.30763,-2.61468],[-69.2383,-2.59227],[-69.22788,-2.60478],[-69.21484,-2.60113],[-69.2039,-2.60582],[-69.18252,-2.64179],[-69.182,-2.67985],[-69.17106,-2.70487],[-69.17575,-2.7252],[-69.17262,-2.73459],[-69.15073,-2.72729],[-69.13926,-2.73355],[-69.12675,-2.74658],[-69.11632,-2.77317],[-69.08818,-2.79245],[-69.06576,-2.83677],[-69.05586,-2.83989],[-69.04491,-2.83364],[-69.02197,-2.79194],[-68.99955,-2.78047],[-68.986,-2.78881],[-68.96411,-2.81487],[-68.95629,-2.81487],[-68.92553,-2.79871],[-68.90676,-2.80028],[-68.87861,-2.79246],[-68.83952,-2.80497],[-68.80459,-2.77734],[-68.77487,-2.78099],[-68.76236,-2.77682],[-68.73578,-2.75024],[-68.70189,-2.73251],[-68.69407,-2.74086],[-68.68834,-2.76744],[-68.68156,-2.77474],[-68.63673,-2.78777],[-68.62787,-2.80394],[-68.59451,-2.84408],[-68.5773,-2.84929],[-68.55124,-2.84251],[-68.52622,-2.84773],[-68.49702,-2.83939],[-68.48764,-2.84043],[-68.48139,-2.84877],[-68.47096,-2.85138],[-68.42404,-2.84669],[-68.38286,-2.85086],[-68.37713,-2.85555],[-68.37765,-2.87588],[-68.34898,-2.88162],[-68.31509,-2.89986],[-68.27756,-2.89309],[-68.25202,-2.89778],[-68.24472,-2.90716],[-68.24159,-2.94105],[-68.23534,-2.94731],[-68.21501,-2.93896],[-68.20666,-2.94105],[-68.19885,-2.96086],[-68.18425,-2.97233],[-68.15871,-2.96086],[-68.15245,-2.96555],[-68.14307,-2.96399],[-68.13368,-2.94887],[-68.12326,-2.94679],[-68.10918,-2.95826],[-68.09198,-2.96138],[-68.08781,-2.96973],[-68.05966,-2.97807],[-68.04402,-2.97338],[-67.75418,-2.97078],[-67.76513,-2.99632],[-67.78807,-3.11049],[-67.79068,-3.14385],[-67.80475,-3.17148],[-67.80892,-3.19702],[-67.8303,-3.25541],[-67.83291,-3.30024],[-67.82717,-3.32526],[-67.83291,-3.33308],[-67.94186,-3.32839],[-67.92361,-3.27105],[-67.921,-3.23455],[-67.9429,-3.17982],[-67.96531,-3.14593],[-68.00076,-3.14437],[-68.0409,-3.1647],[-68.05602,-3.15427],[-68.05914,-3.13602],[-68.07426,-3.11309],[-68.07843,-3.11986],[-68.0753,-3.12768],[-68.08521,-3.12716],[-68.09147,-3.13446],[-68.09981,-3.13289],[-68.10189,-3.12351],[-68.11544,-3.11152],[-68.12535,-3.11256],[-68.13108,-3.12038],[-68.12796,-3.12924],[-68.13473,-3.13341],[-68.15923,-3.10943],[-68.17644,-3.11308],[-68.17748,-3.08858],[-68.17331,-3.08076],[-68.1806,-3.06669],[-68.19677,-3.07711],[-68.21397,-3.08024],[-68.21397,-3.07086],[-68.23899,-3.08597],[-68.2416,-3.09379],[-68.22961,-3.10787],[-68.23169,-3.11725],[-68.24785,-3.12611],[-68.2833,-3.10213],[-68.28799,-3.09483],[-68.28486,-3.07919],[-68.31197,-3.09535],[-68.35524,-3.09014],[-68.35889,-3.09848],[-68.36462,-3.09066],[-68.37922,-3.09223],[-68.38548,-3.10161],[-68.39955,-3.07711],[-68.40946,-3.07867],[-68.42092,-3.09275],[-68.42353,-3.14383],[-68.43396,-3.14644],[-68.43865,-3.15478],[-68.45533,-3.15322],[-68.46159,-3.17824],[-68.49339,-3.1699],[-68.51163,-3.17615],[-68.5132,-3.18501],[-68.52415,-3.19179],[-68.55595,-3.19283],[-68.56898,-3.17302],[-68.6013,-3.1871],[-68.60495,-3.19648],[-68.59974,-3.20847],[-68.6086,-3.20899],[-68.60912,-3.21733],[-68.59974,-3.21733],[-68.60182,-3.23297],[-68.63153,-3.22411],[-68.62997,-3.21525],[-68.6503,-3.23089],[-68.65969,-3.2288],[-68.66751,-3.23401],[-68.67585,-3.23401],[-68.68002,-3.22619],[-68.69722,-3.22724],[-68.70504,-3.22359],[-68.7066,-3.197],[-68.72745,-3.17146],[-68.74361,-3.16728],[-68.77645,-3.18344],[-68.77906,-3.19022],[-68.79053,-3.18657],[-68.79678,-3.17145],[-68.80513,-3.17302],[-68.81816,-3.18396],[-68.84631,-3.18292],[-68.85204,-3.18918],[-68.84944,-3.19595],[-68.87133,-3.20742],[-68.87394,-3.2142],[-68.90834,-3.20481],[-68.9245,-3.21055],[-68.92972,-3.21785],[-68.98498,-3.23296],[-68.99227,-3.22671],[-69.00009,-3.22671],[-69.01052,-3.23922],[-69.01782,-3.23557],[-69.02512,-3.25277],[-69.0345,-3.25642],[-69.03398,-3.27467],[-69.06369,-3.29343],[-69.06682,-3.30125],[-69.08507,-3.30855],[-69.09914,-3.29395],[-69.11895,-3.2877],[-69.17473,-3.28717],[-69.18359,-3.29239],[-69.19194,-3.33357],[-69.19976,-3.33826],[-69.20601,-3.35599],[-69.23208,-3.36276],[-69.24303,-3.37684],[-69.24563,-3.39665],[-69.25919,-3.40447],[-69.27066,-3.40186],[-69.27952,-3.40551],[-69.28838,-3.40082],[-69.29672,-3.40707],[-69.3061,-3.40707],[-69.32122,-3.39925],[-69.32174,-3.39143],[-69.32956,-3.39195],[-69.34416,-3.40186],[-69.35302,-3.43105],[-69.36136,-3.43574],[-69.36188,-3.44773],[-69.38117,-3.45034],[-69.39421,-3.46285],[-69.40203,-3.46233],[-69.40411,-3.47015],[-69.42496,-3.48787],[-69.43539,-3.48683],[-69.44321,-3.4936],[-69.4625,-3.4983],[-69.46823,-3.50559],[-69.49795,-3.50507],[-69.50368,-3.52228],[-69.52558,-3.54],[-69.51254,-3.54938],[-69.50316,-3.56346],[-69.50368,-3.58118],[-69.51828,-3.59526],[-69.5433,-3.59004],[-69.55998,-3.58118],[-69.5897,-3.58483],[-69.60899,-3.62706],[-69.62828,-3.65208],[-69.62828,-3.67554],[-69.63662,-3.68753],[-69.65174,-3.68544],[-69.6606,-3.68961],[-69.70439,-3.72141],[-69.73306,-3.71203],[-69.79562,-3.7089],[-69.81125,-3.69378],[-69.8368,-3.68544],[-69.61259,-2.43899]]]},"properties":{"CD_MUN":"1303700","NM_MUN":"Santo Antônio do Içá","SIGLA_UF":"AM"}},{"type":"Feature","geometry":{"type":"Polygon","coordinates":[[[-62.99113,-4.52231],[-62.98488,-4.5635],[-62.94735,-4.59634],[-62.91503,-4.61302],[-62.8874,-4.61406],[-62.86081,-4.60625],[-62.84517,-4.61198],[-62.81598,-4.64743],[-62.82015,-4.66359],[-62.82953,-4.67714],[-62.82954,-4.68601],[-62.8165,-4.69904],[-62.80399,-4.72928],[-62.81077,-4.76316],[-62.81911,-4.77671],[-62.81703,-4.78558],[-62.78732,-4.80539],[-62.75864,-4.83875],[-62.74978,-4.84344],[-62.73362,-4.83562],[-62.71798,-4.83719],[-62.70547,-4.8497],[-62.69974,-4.86586],[-62.69401,-4.89141],[-62.69609,-4.90861],[-62.73571,-4.94354],[-62.73676,-4.9597],[-62.73206,-4.96804],[-62.71695,-4.97325],[-62.69297,-4.96178],[-62.67368,-4.90861],[-62.64917,-4.89975],[-62.5762,-4.99984],[-62.10183,-5.45912],[-62.12425,-5.50448],[-62.15918,-5.54983],[-62.32809,-5.81517],[-62.43653,-5.92881],[-62.48449,-5.96478],[-62.57364,-6.11231],[-62.65392,-6.20719],[-62.73473,-6.2786],[-62.78738,-6.36097],[-62.8416,-6.41154],[-62.85567,-6.43082],[-62.87444,-6.45741],[-62.88852,-6.49077],[-62.92397,-6.52987],[-62.93648,-6.55124],[-62.96933,-6.70086],[-63.00686,-6.7827],[-63.04127,-6.83796],[-63.04753,-6.84369],[-63.17837,-6.84525],[-63.86805,-6.84055],[-63.86284,-6.81917],[-63.86545,-6.80927],[-63.88108,-6.79936],[-63.89307,-6.77851],[-63.89099,-6.76548],[-63.89724,-6.75661],[-63.89568,-6.73576],[-63.92226,-6.7097],[-63.90819,-6.68415],[-63.89046,-6.62003],[-63.89671,-6.60961],[-63.89307,-6.59344],[-63.89567,-6.57676],[-63.9014,-6.57207],[-63.90453,-6.55278],[-63.9014,-6.54548],[-63.90714,-6.53558],[-63.91444,-6.53245],[-63.92226,-6.54183],[-63.94311,-6.52359],[-63.95927,-6.51942],[-63.97334,-6.50378],[-63.98272,-6.47615],[-63.9796,-6.4579],[-63.98481,-6.45269],[-63.98429,-6.4407],[-63.97438,-6.43444],[-63.95405,-6.39952],[-63.95144,-6.38492],[-63.96239,-6.38023],[-63.95665,-6.37345],[-63.97229,-6.35938],[-63.98168,-6.34061],[-64.25379,-6.2525],[-64.24701,-6.17639],[-64.26734,-6.15971],[-64.27151,-6.10497],[-64.28089,-6.1008],[-64.30122,-6.11957],[-64.31478,-6.11383],[-64.3153,-6.09715],[-64.30278,-6.08255],[-64.27724,-6.07108],[-64.27359,-6.05492],[-64.28819,-6.04919],[-64.31738,-6.06535],[-64.33406,-6.06274],[-64.33667,-6.0127],[-64.32572,-5.99654],[-64.3106,-5.98611],[-64.30487,-5.96943],[-64.31425,-5.93763],[-64.32102,-5.93033],[-64.34657,-5.92981],[-64.35751,-5.91521],[-64.36586,-5.91625],[-64.36742,-5.92564],[-64.3742,-5.93189],[-64.38775,-5.92564],[-64.38671,-6.09558],[-64.42946,-6.09923],[-64.44093,-6.10653],[-64.46231,-6.16961],[-64.47742,-6.18525],[-64.49984,-6.19359],[-64.51444,-6.20714],[-64.52643,-6.26813],[-64.53894,-6.30358],[-64.56345,-6.33434],[-64.58117,-6.34424],[-64.62861,-6.38542],[-64.63434,-6.41045],[-64.63643,-6.46049],[-64.66719,-6.4949],[-64.67918,-6.56997],[-64.68961,-6.5856],[-64.72767,-6.61428],[-64.73392,-6.62574],[-64.73601,-6.67058],[-64.74122,-6.681],[-64.75895,-6.69351],[-64.76677,-6.72479],[-64.79648,-6.73574],[-64.81369,-6.73261],[-64.88406,-6.74825],[-64.91273,-6.74668],[-64.92055,-6.73991],[-64.9169,-6.73],[-64.89866,-6.72583],[-64.89813,-6.71019],[-64.88823,-6.6982],[-64.88927,-6.68725],[-64.89813,-6.67631],[-64.91794,-6.67631],[-64.93202,-6.68308],[-64.94505,-6.70237],[-64.96382,-6.74616],[-65.005,-6.79673],[-64.98624,-6.83635],[-64.99093,-6.86971],[-64.98155,-6.88952],[-64.99354,-6.91871],[-65.01648,-6.94947],[-64.99667,-6.97606],[-64.97791,-6.98596],[-64.97374,-7.01307],[-64.98364,-7.03288],[-65.00084,-7.03496],[-65.03317,-7.05425],[-65.03838,-7.0725],[-65.09416,-7.10377],[-65.1171,-7.14287],[-65.13482,-7.14287],[-65.14473,-7.15225],[-65.21406,-7.1804],[-65.22136,-7.1877],[-65.23231,-7.18614],[-65.2516,-7.19239],[-65.25994,-7.20855],[-65.27662,-7.21324],[-65.29695,-7.23357],[-65.3079,-7.22575],[-65.3397,-7.24556],[-65.3569,-7.244],[-65.39808,-7.27528],[-65.45803,-7.28205],[-65.4768,-7.27527],[-65.47836,-7.26381],[-65.4914,-7.24608],[-65.50026,-7.24608],[-65.51538,-7.25807],[-65.57689,-7.23982],[-65.62328,-7.25859],[-65.6358,-7.25755],[-65.65873,-7.24399],[-65.69314,-7.23461],[-65.69783,-7.22679],[-65.72963,-7.21845],[-65.76925,-7.23356],[-65.77133,-7.25233],[-65.80887,-7.27944],[-65.82659,-7.28048],[-65.87194,-7.26536],[-65.89228,-7.27631],[-65.91469,-7.27474],[-65.93189,-7.2836],[-65.95327,-7.28725],[-65.97673,-7.3081],[-66.00748,-7.3081],[-66.01061,-7.31488],[-66.03876,-7.33],[-66.04658,-7.32791],[-66.05388,-7.33208],[-66.07525,-7.32218],[-66.09089,-7.32113],[-66.09767,-7.32478],[-66.09976,-7.33312],[-66.12269,-7.34459],[-66.13937,-7.33469],[-66.14667,-7.33834],[-66.15449,-7.33417],[-66.19098,-7.29142],[-66.19932,-7.29246],[-66.20037,-7.30758],[-66.22278,-7.30601],[-66.25719,-7.32582],[-66.28065,-7.30549],[-66.29681,-7.30184],[-66.30879,-7.28047],[-66.32287,-7.28412],[-66.34685,-7.26535],[-66.36926,-7.269],[-66.37865,-7.25544],[-66.43599,-7.25753],[-66.45788,-7.24658],[-66.46935,-7.23407],[-66.47769,-7.23302],[-66.49542,-7.25961],[-66.50741,-7.26326],[-66.5465,-7.22207],[-66.57465,-7.20591],[-66.58873,-7.21113],[-66.60072,-7.24188],[-66.61167,-7.25335],[-66.66067,-7.25231],[-66.68309,-7.24553],[-66.68882,-7.23197],[-66.67891,-7.21008],[-66.68413,-7.19496],[-66.70237,-7.17828],[-66.74824,-7.16681],[-66.76284,-7.17515],[-66.78109,-7.17619],[-66.80402,-7.16577],[-66.82957,-7.13501],[-66.84468,-7.14074],[-66.85667,-7.15273],[-66.8671,-7.15169],[-66.88013,-7.12197],[-66.90098,-7.11103],[-66.89942,-7.09747],[-66.92236,-7.09278],[-66.91558,-7.06984],[-66.9234,-7.05577],[-66.93539,-7.04482],[-66.96614,-7.03387],[-66.97552,-7.0125],[-66.98334,-7.01198],[-66.98647,-6.99686],[-67.00419,-6.9807],[-67.03339,-6.96662],[-67.04329,-6.97965],[-67.05059,-6.98122],[-67.05424,-6.96558],[-67.0704,-6.96975],[-67.08291,-6.95932],[-67.10689,-6.95619],[-67.11992,-6.94785],[-67.13295,-6.95828],[-67.14807,-6.96245],[-67.21324,-6.95932],[-67.22106,-6.99946],[-67.26954,-7.00258],[-67.28101,-7.01353],[-67.28466,-7.02917],[-67.30499,-7.01874],[-67.33783,-7.04168],[-67.34252,-7.04898],[-67.34148,-7.07244],[-67.34669,-7.07869],[-67.3592,-7.08964],[-67.3738,-7.09433],[-67.37745,-7.10111],[-67.39361,-7.10267],[-67.40508,-7.11414],[-67.40717,-7.14594],[-67.41446,-7.15063],[-67.42281,-7.14803],[-67.44418,-7.17096],[-67.46712,-7.16262],[-67.47859,-7.17253],[-67.49005,-7.17044],[-67.41862,-6.9077],[-67.42071,-6.89832],[-67.41393,-6.88789],[-67.41393,-6.87851],[-67.40246,-6.87382],[-67.39777,-6.85974],[-67.38995,-6.86079],[-67.37952,-6.85088],[-67.38213,-6.83472],[-67.37431,-6.83159],[-67.37952,-6.82534],[-67.37379,-6.81178],[-67.36545,-6.81387],[-67.36336,-6.82221],[-67.35137,-6.82951],[-67.34668,-6.81283],[-67.33886,-6.81231],[-67.32844,-6.82482],[-67.32166,-6.82013],[-67.30654,-6.82482],[-67.29664,-6.817],[-67.28308,-6.8243],[-67.27161,-6.82482],[-67.26275,-6.81544],[-67.25441,-6.83681],[-67.2419,-6.83212],[-67.21636,-6.83577],[-67.19811,-6.82378],[-67.19759,-6.83212],[-67.18925,-6.83264],[-67.18716,-6.8243],[-67.17934,-6.82274],[-67.17205,-6.82795],[-67.16892,-6.82065],[-67.17517,-6.81492],[-67.16683,-6.80084],[-67.17361,-6.79563],[-67.16996,-6.78885],[-67.15484,-6.78624],[-67.14077,-6.79042],[-67.13243,-6.7779],[-67.11053,-6.77738],[-67.10011,-6.76904],[-67.09906,-6.78468],[-67.07925,-6.77947],[-67.07196,-6.78364],[-67.05944,-6.77321],[-67.0485,-6.77478],[-67.04068,-6.76122],[-67.03338,-6.76383],[-67.03129,-6.75601],[-67.01878,-6.74611],[-67.00783,-6.75758],[-66.9922,-6.75966],[-66.96926,-6.77895],[-66.95571,-6.78521],[-66.94893,-6.78104],[-66.9458,-6.7899],[-66.92495,-6.79146],[-66.91922,-6.80606],[-66.90983,-6.80345],[-66.89888,-6.79146],[-66.87751,-6.80137],[-66.85249,-6.79459],[-66.85145,-6.80293],[-66.84311,-6.8045],[-66.83737,-6.79981],[-66.81861,-6.80554],[-66.82225,-6.81232],[-66.81496,-6.81649],[-66.8087,-6.81076],[-66.8014,-6.81284],[-66.79463,-6.80867],[-66.77846,-6.79355],[-66.75396,-6.7873],[-66.74458,-6.79929],[-66.71643,-6.79147],[-66.68567,-6.79303],[-66.67629,-6.78052],[-66.66951,-6.78417],[-66.66586,-6.77687],[-66.65022,-6.77531],[-66.64918,-6.76697],[-66.64084,-6.76645],[-66.64188,-6.75811],[-66.60643,-6.76071],[-66.59392,-6.74925],[-66.58767,-6.73517],[-66.58037,-6.73726],[-66.5762,-6.72996],[-66.55847,-6.73882],[-66.51208,-6.73309],[-66.50426,-6.73465],[-66.50739,-6.74195],[-66.49957,-6.74404],[-66.4881,-6.72683],[-66.4808,-6.73987],[-66.46829,-6.72892],[-66.46047,-6.73778],[-66.44692,-6.72423],[-66.42346,-6.71641],[-66.41616,-6.70233],[-66.41772,-6.67887],[-66.40938,-6.67627],[-66.40312,-6.66271],[-66.3953,-6.66324],[-66.39478,-6.65281],[-66.38748,-6.64238],[-66.38019,-6.64708],[-66.37654,-6.63978],[-66.3708,-6.64603],[-66.36246,-6.64499],[-66.3609,-6.63665],[-66.35412,-6.63248],[-66.36246,-6.61893],[-66.39739,-6.63665],[-66.40417,-6.63196],[-66.40469,-6.62466],[-66.41198,-6.62049],[-66.41928,-6.62466],[-66.42867,-6.6085],[-66.44795,-6.60224],[-66.45264,-6.59546],[-66.45108,-6.58764],[-66.46568,-6.58243],[-66.47506,-6.5694],[-66.50686,-6.56679],[-66.52041,-6.57617],[-66.52823,-6.57357],[-66.53814,-6.56106],[-66.54387,-6.56627],[-66.5496,-6.56158],[-66.55742,-6.56523],[-66.57411,-6.56158],[-66.57828,-6.56783],[-66.58714,-6.56731],[-66.59496,-6.55376],[-66.60278,-6.55584],[-66.61477,-6.5475],[-66.62624,-6.54958],[-66.63249,-6.53499],[-66.63666,-6.54229],[-66.65438,-6.52665],[-66.67628,-6.51987],[-66.68931,-6.52717],[-66.69765,-6.5256],[-66.70443,-6.51309],[-66.71642,-6.5084],[-66.72372,-6.51153],[-66.73727,-6.50214],[-66.75343,-6.50214],[-66.75916,-6.50788],[-66.76281,-6.49954],[-66.77324,-6.49536],[-66.80087,-6.47138],[-66.81442,-6.44271],[-66.86394,-6.40726],[-66.88219,-6.40882],[-66.89835,-6.39944],[-66.91764,-6.40048],[-66.94735,-6.3838],[-66.97654,-6.38953],[-66.9755,-6.38067],[-66.98175,-6.37546],[-67.01825,-6.3864],[-67.03753,-6.38745],[-67.05943,-6.36712],[-67.06255,-6.35513],[-67.08758,-6.33062],[-67.0954,-6.32854],[-67.11416,-6.33167],[-67.11833,-6.33896],[-67.12876,-6.3374],[-67.13397,-6.34365],[-67.13918,-6.3374],[-67.14805,-6.33583],[-67.16629,-6.33792],[-67.20226,-6.33271],[-67.22103,-6.35356],[-67.23771,-6.40829],[-67.24501,-6.41351],[-67.28411,-6.41559],[-67.28984,-6.42185],[-67.30653,-6.42341],[-67.32008,-6.43644],[-67.34145,-6.44739],[-67.36648,-6.4917],[-67.38837,-6.49326],[-67.41131,-6.50317],[-67.42851,-6.51829],[-67.44415,-6.5016],[-67.45249,-6.50108],[-67.50879,-6.54174],[-67.53121,-6.53549],[-67.55571,-6.53966],[-67.56822,-6.55008],[-67.58386,-6.55217],[-67.59064,-6.548],[-67.60211,-6.55946],[-67.63234,-6.56885],[-67.63964,-6.56833],[-67.65163,-6.54852],[-67.67196,-6.55998],[-67.68552,-6.55112],[-67.70949,-6.54747],[-67.74077,-6.50837],[-67.75693,-6.50785],[-67.79655,-6.5188],[-67.78821,-6.49377],[-67.77518,-6.4797],[-67.77361,-6.47032],[-67.78039,-6.45572],[-67.74546,-6.36762],[-67.73295,-6.35146],[-67.7001,-6.32904],[-67.69541,-6.31914],[-67.69593,-6.30037],[-67.67508,-6.28369],[-67.66569,-6.25345],[-67.64901,-6.24407],[-67.62555,-6.24668],[-67.62086,-6.23834],[-67.64432,-6.17734],[-67.66517,-6.16483],[-67.67768,-6.14033],[-67.66829,-6.0955],[-67.67559,-6.07152],[-67.66829,-6.04285],[-67.67038,-6.03294],[-67.67715,-6.02721],[-67.68445,-6.02929],[-67.69123,-6.02356],[-67.70217,-5.99697],[-67.70426,-5.961],[-67.69852,-5.94432],[-67.67402,-5.94328],[-67.6589,-5.93441],[-67.65056,-5.9365],[-67.62867,-5.95058],[-67.61355,-5.96986],[-67.58749,-5.9902],[-67.57185,-5.99176],[-67.56507,-5.98759],[-67.5682,-5.96987],[-67.56142,-5.94328],[-67.54422,-5.91148],[-67.52858,-5.91096],[-67.49991,-5.89115],[-67.44725,-5.89011],[-67.44517,-5.91409],[-67.43996,-5.92139],[-67.43214,-5.92191],[-67.40034,-5.90783],[-67.36541,-5.90002],[-67.35498,-5.88542],[-67.35707,-5.87708],[-67.37531,-5.85935],[-67.38782,-5.83225],[-67.38782,-5.8239],[-67.37375,-5.81348],[-67.33152,-5.79732],[-67.31536,-5.79888],[-67.30858,-5.80514],[-67.30389,-5.83955],[-67.29243,-5.85101],[-67.26427,-5.81765],[-67.22257,-5.74936],[-67.1793,-5.71548],[-67.18086,-5.70714],[-67.20224,-5.69358],[-67.20484,-5.68524],[-67.20484,-5.66022],[-67.1965,-5.64666],[-67.1647,-5.63103],[-67.16522,-5.62269],[-67.12039,-5.62477],[-67.11778,-5.58724],[-67.10996,-5.57264],[-67.08702,-5.56117],[-67.03802,-5.52155],[-67.02081,-5.49862],[-67.00465,-5.50435],[-66.99058,-5.49862],[-66.98276,-5.47412],[-66.9765,-5.46734],[-66.97598,-5.44336],[-66.95721,-5.41886],[-66.94053,-5.42407],[-66.92177,-5.43971],[-66.90665,-5.44336],[-66.90248,-5.4517],[-66.90248,-5.49601],[-66.89101,-5.50644],[-66.88476,-5.50175],[-66.87694,-5.50383],[-66.85296,-5.52677],[-66.80917,-5.5299],[-66.79509,-5.52208],[-66.78206,-5.53042],[-66.78467,-5.54606],[-66.77946,-5.55284],[-66.72159,-5.54398],[-66.71429,-5.54502],[-66.70491,-5.5591],[-66.69292,-5.56066],[-66.67832,-5.55336],[-66.6632,-5.52261],[-66.64131,-5.51948],[-66.6387,-5.50176],[-66.62984,-5.48612],[-66.58344,-5.46579],[-66.58084,-5.4491],[-66.57249,-5.43451],[-66.57145,-5.40844],[-66.56415,-5.3928],[-66.57562,-5.37925],[-66.56884,-5.36622],[-66.55425,-5.37039],[-66.5433,-5.39437],[-66.55112,-5.41105],[-66.53705,-5.42043],[-66.53183,-5.43816],[-66.51724,-5.44389],[-66.4943,-5.43243],[-66.47814,-5.43764],[-66.4698,-5.43295],[-66.42757,-5.43138],[-66.38795,-5.41314],[-66.36606,-5.38968],[-66.35146,-5.38082],[-66.33582,-5.38499],[-66.2936,-5.35945],[-66.26753,-5.3558],[-66.16536,-5.36675],[-66.15702,-5.36883],[-66.15024,-5.38499],[-66.14346,-5.38969],[-66.12678,-5.38187],[-66.11531,-5.36936],[-66.09081,-5.37196],[-66.08351,-5.37822],[-66.09342,-5.40168],[-66.08873,-5.40898],[-66.05693,-5.42149],[-65.99698,-5.41628],[-65.96414,-5.39751],[-65.9558,-5.39855],[-65.94016,-5.40585],[-65.91201,-5.43765],[-65.90315,-5.44287],[-65.8995,-5.43609],[-65.875,-5.44704],[-65.84372,-5.49135],[-65.82026,-5.49708],[-65.78481,-5.49083],[-65.77074,-5.47936],[-65.75249,-5.45069],[-65.73633,-5.44131],[-65.72903,-5.44496],[-65.70923,-5.51325],[-65.68838,-5.54557],[-65.6644,-5.55183],[-65.6253,-5.52159],[-65.61487,-5.52003],[-65.60862,-5.52628],[-65.60184,-5.56382],[-65.59402,-5.58206],[-65.56848,-5.6123],[-65.52886,-5.64149],[-65.44441,-5.67434],[-65.42669,-5.66808],[-65.39802,-5.6441],[-65.37039,-5.63629],[-65.35579,-5.64515],[-65.33598,-5.67538],[-65.32295,-5.68581],[-65.28907,-5.6905],[-65.26457,-5.70093],[-65.23329,-5.74524],[-65.22234,-5.74524],[-65.19576,-5.73377],[-65.15353,-5.69989],[-65.13476,-5.69624],[-65.11026,-5.70771],[-65.06856,-5.7515],[-65.04979,-5.75359],[-64.99714,-5.74368],[-64.96065,-5.74473],[-64.90591,-5.75828],[-64.85483,-5.78331],[-64.81208,-5.78592],[-64.76308,-5.80416],[-64.73076,-5.80416],[-64.70417,-5.78435],[-64.66925,-5.76767],[-64.6291,-5.72805],[-64.62389,-5.71242],[-64.60304,-5.6973],[-64.54986,-5.6827],[-64.54152,-5.68322],[-64.53162,-5.69678],[-64.5238,-5.69886],[-64.492,-5.68896],[-64.47584,-5.66967],[-64.47323,-5.6337],[-64.45134,-5.5993],[-64.44612,-5.57062],[-64.43674,-5.55655],[-64.3966,-5.54404],[-64.29807,-5.47992],[-64.23134,-5.47315],[-64.20788,-5.45803],[-64.18755,-5.43665],[-64.16357,-5.42467],[-64.11874,-5.42415],[-64.1031,-5.41789],[-64.08955,-5.40382],[-64.0812,-5.36576],[-64.06765,-5.35429],[-64.04836,-5.32458],[-64.03637,-5.28027],[-64.0249,-5.26619],[-63.9441,-5.23544],[-63.92585,-5.20937],[-63.88206,-5.19269],[-63.85391,-5.16871],[-63.82419,-5.15151],[-63.79709,-5.1463],[-63.76529,-5.12701],[-63.70117,-5.10929],[-63.636,-5.14213],[-63.59378,-5.1364],[-63.55312,-5.15517],[-63.52549,-5.15673],[-63.4499,-5.15204],[-63.37118,-5.12076],[-63.35867,-5.10773],[-63.34095,-5.05352],[-63.3399,-4.99982],[-63.33521,-4.98939],[-63.30184,-4.96229],[-63.27734,-4.9258],[-63.24763,-4.90599],[-63.2372,-4.88253],[-63.22052,-4.81528],[-63.20592,-4.78922],[-63.17672,-4.76732],[-63.12824,-4.76002],[-63.09279,-4.73344],[-63.05943,-4.72718],[-62.99218,-4.69226],[-62.98175,-4.66671],[-62.98175,-4.64065],[-62.98644,-4.62449],[-63.0198,-4.57496],[-63.02658,-4.54004],[-63.01772,-4.52387],[-62.99113,-4.52231]]]},"properties":{"CD_MUN":"1304104","NM_MUN":"Tapauá","SIGLA_UF":"AM"}},{"type":"Feature","geometry":{"type":"Polygon","coordinates":[[[-69.8368,-3.68544],[-69.81125,-3.69378],[-69.79562,-3.7089],[-69.73306,-3.71203],[-69.70439,-3.72141],[-69.6606,-3.68961],[-69.65174,-3.68544],[-69.63662,-3.68753],[-69.64913,-3.71463],[-69.65226,-3.74278],[-69.66477,-3.75321],[-69.67937,-3.78292],[-69.6752,-3.79804],[-69.6825,-3.80117],[-69.68354,-3.81108],[-69.66477,-3.8043],[-69.66008,-3.79439],[-69.64392,-3.79075],[-69.61733,-3.76885],[-69.59961,-3.76989],[-69.57563,-3.75999],[-69.55895,-3.75895],[-69.55426,-3.75009],[-69.53236,-3.73862],[-69.53028,-3.7308],[-69.49483,-3.73914],[-69.47033,-3.72767],[-69.45834,-3.7136],[-69.4427,-3.7162],[-69.42237,-3.78293],[-69.42081,-3.80118],[-69.40256,-3.82412],[-69.39891,-3.83611],[-69.401,-3.91013],[-69.42603,-3.98051],[-69.44792,-4.00449],[-69.5256,-4.04515],[-69.53967,-4.08946],[-69.53394,-4.10979],[-69.51987,-4.11969],[-69.48546,-4.12856],[-69.45158,-4.12387],[-69.41665,-4.14472],[-69.40518,-4.16297],[-69.41352,-4.17652],[-69.44063,-4.18225],[-69.47139,-4.20102],[-69.53291,-4.27609],[-69.56366,-4.29642],[-69.58087,-4.30632],[-69.65176,-4.31518],[-69.73309,-4.35323],[-69.79617,-4.37044],[-69.84464,-4.33759],[-69.87019,-4.32821],[-69.95411,-4.26513],[-69.95046,-4.22603],[-69.94264,-4.2156],[-69.9343,-4.2156],[-69.8368,-3.68544]]]},"properties":{"CD_MUN":"1304062","NM_MUN":"Tabatinga","SIGLA_UF":"AM"}},{"type":"Feature","geometry":{"type":"Polygon","coordinates":[[[-59.05055,-2.58628],[-59.03908,-2.59462],[-59.03752,-2.60244],[-59.02084,-2.60556],[-59.01093,-2.57377],[-58.99633,-2.57429],[-58.98747,-2.55969],[-58.97288,-2.56282],[-58.95828,-2.55708],[-58.94629,-2.56438],[-58.94368,-2.57377],[-58.92492,-2.56908],[-58.91762,-2.58524],[-58.89833,-2.58889],[-58.88634,-2.57012],[-58.87904,-2.5722],[-58.84881,-2.6014],[-58.82326,-2.59567],[-58.81701,-2.58628],[-58.80137,-2.59671],[-58.78938,-2.59619],[-58.78782,-2.5868],[-58.77947,-2.58733],[-58.7654,-2.59567],[-58.75654,-2.59306],[-58.75028,-2.59827],[-58.74924,-2.60766],[-58.71953,-2.616],[-58.71536,-2.63164],[-58.68356,-2.6624],[-58.67417,-2.65666],[-58.66271,-2.6577],[-58.63821,-2.67491],[-58.58712,-2.67856],[-58.55323,-2.69159],[-58.54437,-2.68951],[-58.52613,-2.70098],[-58.51049,-2.70411],[-58.50215,-2.70202],[-58.49902,-2.67648],[-58.4839,-2.6843],[-58.47556,-2.67856],[-58.4693,-2.66084],[-58.45419,-2.65145],[-58.42604,-2.65615],[-58.41613,-2.65406],[-58.40414,-2.63999],[-58.39893,-2.64624],[-58.37964,-2.62174],[-58.35879,-2.61861],[-58.35774,-2.6108],[-58.35045,-2.60402],[-58.33637,-2.62435],[-58.32855,-2.62487],[-58.31291,-2.61236],[-58.30353,-2.6108],[-58.29362,-2.6207],[-58.27173,-2.61966],[-58.26495,-2.62748],[-58.25349,-2.62592],[-58.23524,-2.64885],[-58.22273,-2.64416],[-58.21387,-2.64729],[-58.20501,-2.66032],[-58.19458,-2.66397],[-58.18051,-2.69577],[-58.18676,-2.71975],[-58.18207,-2.74269],[-58.16018,-2.76042],[-58.15809,-2.77814],[-58.14037,-2.79743],[-58.13985,-2.80577],[-58.10962,-2.85842],[-58.10128,-2.87719],[-58.12891,-2.91472],[-58.14351,-2.97676],[-58.16123,-3.01794],[-58.17635,-3.03462],[-58.24464,-3.08206],[-58.31658,-3.10812],[-58.37497,-3.14357],[-58.37966,-3.13575],[-58.37966,-3.10447],[-58.38904,-3.08466],[-58.37497,-3.05756],[-58.38487,-3.0513],[-58.38695,-3.03722],[-58.38122,-3.03253],[-58.38643,-3.0268],[-58.39894,-3.03201],[-58.39999,-3.02002],[-58.38747,-3.0122],[-58.4052,-2.99969],[-58.4714,-2.97623],[-58.50894,-2.99708],[-58.54856,-3.00959],[-58.55898,-3.0049],[-58.56784,-3.00698],[-58.5741,-3.01428],[-58.62623,-3.03982],[-58.71433,-2.99968],[-58.78158,-2.96058],[-58.81442,-2.93347],[-58.86967,-2.90741],[-58.87697,-2.89177],[-58.86394,-2.87196],[-58.86029,-2.8558],[-58.8754,-2.85475],[-58.89208,-2.824],[-58.89938,-2.81826],[-58.90095,-2.8094],[-58.9145,-2.79949],[-58.90407,-2.77708],[-58.9145,-2.76405],[-58.93744,-2.7557],[-58.9635,-2.76509],[-58.95933,-2.77134],[-58.9635,-2.77864],[-58.988,-2.77343],[-58.98904,-2.74528],[-58.98279,-2.73068],[-58.98904,-2.72599],[-58.98852,-2.71713],[-58.98279,-2.69992],[-58.98643,-2.69315],[-58.99582,-2.6921],[-59.01041,-2.70201],[-59.02605,-2.69627],[-59.02293,-2.6895],[-59.03231,-2.66447],[-59.02553,-2.63789],[-59.03022,-2.63059],[-59.04742,-2.62277],[-59.05055,-2.58628]]]},"properties":{"CD_MUN":"1304005","NM_MUN":"Silves","SIGLA_UF":"AM"}},{"type":"Feature","geometry":{"type":"Polygon","coordinates":[[[-59.08129,-2.27505],[-59.10475,-2.24325],[-59.10996,-2.22292],[-59.12821,-2.22292],[-59.13759,-2.23074],[-59.14333,-2.24899],[-59.15271,-2.24742],[-59.16209,-2.2323],[-59.14385,-2.22396],[-59.14489,-2.21614],[-59.16001,-2.20937],[-59.17773,-2.20937],[-59.18138,-2.2005],[-59.17877,-2.18434],[-59.16001,-2.16818],[-59.1428,-2.17079],[-59.13759,-2.16506],[-59.13133,-2.14942],[-59.12768,-2.09989],[-59.11152,-2.07643],[-59.1183,-2.04046],[-59.1136,-2.0316],[-59.12299,-2.00658],[-59.16156,-1.98468],[-59.15426,-1.96644],[-59.16052,-1.95914],[-59.20066,-1.93933],[-59.20274,-1.91691],[-59.21265,-1.90023],[-59.22151,-1.89867],[-59.22203,-1.88198],[-59.23506,-1.86374],[-59.24444,-1.86165],[-59.2434,-1.85071],[-59.24966,-1.84341],[-59.2507,-1.83246],[-59.24496,-1.82568],[-59.22567,-1.82568],[-59.21838,-1.81786],[-59.21056,-1.78815],[-59.21681,-1.78033],[-59.19752,-1.73028],[-59.19491,-1.70995],[-59.17927,-1.68649],[-59.17875,-1.67607],[-59.16676,-1.67711],[-59.16676,-1.65834],[-59.13913,-1.64218],[-59.13705,-1.62863],[-59.14174,-1.61925],[-59.12662,-1.60674],[-59.13131,-1.59996],[-59.1261,-1.58849],[-59.13548,-1.5838],[-59.14069,-1.56399],[-59.14955,-1.56138],[-59.14903,-1.54887],[-59.15529,-1.54418],[-59.15059,-1.51499],[-59.16988,-1.48475],[-59.18552,-1.47224],[-59.1996,-1.46859],[-59.18656,-1.45347],[-59.19021,-1.44565],[-59.23296,-1.4493],[-59.22931,-1.43679],[-59.26111,-1.43679],[-59.26945,-1.43053],[-59.29499,-1.45295],[-59.29708,-1.4738],[-59.30438,-1.48318],[-59.3294,-1.4811],[-59.33357,-1.45659],[-59.35859,-1.45816],[-59.3685,-1.45138],[-59.39143,-1.45242],[-59.40968,-1.4446],[-59.42375,-1.45034],[-59.43678,-1.43418],[-59.45764,-1.43417],[-59.48527,-1.45294],[-59.49048,-1.44199],[-59.50299,-1.44408],[-59.51863,-1.43209],[-59.51915,-1.41906],[-59.50299,-1.3883],[-59.4936,-1.38517],[-59.48839,-1.36953],[-59.47119,-1.35441],[-59.46702,-1.3346],[-59.44147,-1.31844],[-59.44303,-1.29603],[-59.43417,-1.27883],[-59.40394,-1.25745],[-59.39247,-1.26058],[-59.381,-1.25745],[-59.37474,-1.26475],[-59.36432,-1.26684],[-59.35858,-1.26058],[-59.36119,-1.24963],[-59.37214,-1.23556],[-59.37161,-1.19281],[-59.38308,-1.17509],[-59.37891,-1.14694],[-59.36171,-1.15319],[-59.34607,-1.1386],[-59.33043,-1.14016],[-59.30436,-1.15528],[-59.28195,-1.1558],[-59.27465,-1.17509],[-59.26787,-1.18082],[-59.24285,-1.18395],[-59.23607,-1.19125],[-59.24181,-1.20063],[-59.23295,-1.21732],[-59.21575,-1.22514],[-59.20428,-1.24755],[-59.1902,-1.25694],[-59.18134,-1.25329],[-59.17039,-1.2585],[-59.15632,-1.2757],[-59.13703,-1.27779],[-59.13025,-1.28457],[-59.12139,-1.27883],[-59.11201,-1.28822],[-59.09324,-1.29447],[-59.09585,-1.30334],[-59.08021,-1.31741],[-59.06926,-1.31376],[-59.05936,-1.31689],[-59.05675,-1.3268],[-59.04998,-1.33201],[-59.0359,-1.32263],[-59.02808,-1.32575],[-59.02443,-1.31741],[-59.01661,-1.3195],[-58.98429,-1.34817],[-58.97074,-1.38101],[-58.96292,-1.38675],[-58.94885,-1.38154],[-58.94728,-1.39613],[-58.92904,-1.43054],[-58.92591,-1.44983],[-58.91705,-1.44618],[-58.87013,-1.45139],[-58.85502,-1.46338],[-58.85606,-1.48319],[-58.84355,-1.48267],[-58.83781,-1.48945],[-58.83312,-1.49935],[-58.84146,-1.50248],[-58.83521,-1.50874],[-58.82583,-1.5077],[-58.80445,-1.49258],[-58.78881,-1.50457],[-58.77422,-1.49831],[-58.75336,-1.50196],[-58.74398,-1.49779],[-58.73199,-1.51291],[-58.71583,-1.51812],[-58.69394,-1.55722],[-58.70697,-1.5567],[-58.69238,-1.57495],[-58.67986,-1.57182],[-58.66944,-1.57547],[-58.6611,-1.55514],[-58.65015,-1.55618],[-58.61262,-1.59945],[-58.60219,-1.59789],[-58.5949,-1.63959],[-58.5876,-1.64481],[-58.58812,-1.65836],[-58.58499,-1.66566],[-58.57613,-1.66566],[-58.56779,-1.68599],[-58.57717,-1.70997],[-58.57248,-1.71727],[-58.5558,-1.72613],[-58.58447,-1.75428],[-58.58552,-1.76471],[-58.56571,-1.76992],[-58.54486,-1.78765],[-58.51358,-1.7939],[-58.50628,-1.79964],[-58.4823,-1.79703],[-58.45728,-1.81058],[-58.45728,-1.82049],[-58.43434,-1.84603],[-58.42288,-1.86845],[-58.41089,-1.87523],[-58.39316,-1.90546],[-58.37752,-1.9185],[-58.34103,-1.91954],[-58.30715,-1.91172],[-58.29985,-1.9284],[-58.28317,-1.94092],[-58.27483,-1.93258],[-58.2618,-1.93101],[-58.2545,-1.9357],[-58.24564,-1.97741],[-58.21228,-1.99983],[-58.19455,-2.00504],[-58.18361,-2.01807],[-58.17422,-2.06916],[-58.15963,-2.07802],[-58.15025,-2.09366],[-58.1539,-2.102],[-58.17527,-2.09314],[-58.18778,-2.11139],[-58.15129,-2.13537],[-58.14295,-2.1312],[-58.13982,-2.12181],[-58.132,-2.12181],[-58.1294,-2.12859],[-58.14034,-2.16404],[-58.12054,-2.19428],[-58.11376,-2.2193],[-58.03348,-2.22451],[-58.03192,-2.23494],[-57.99334,-2.27456],[-57.97823,-2.3147],[-57.97771,-2.34077],[-57.98605,-2.37778],[-57.98136,-2.40489],[-57.89169,-2.40541],[-57.88492,-2.42105],[-57.8698,-2.43565],[-57.8599,-2.46693],[-57.83957,-2.481],[-57.83279,-2.51228],[-57.81246,-2.53418],[-57.80412,-2.53053],[-57.79682,-2.53626],[-57.78744,-2.53366],[-57.7718,-2.54252],[-57.79161,-2.55868],[-57.81768,-2.58996],[-57.87554,-2.61081],[-57.88128,-2.60507],[-57.87554,-2.58474],[-57.8818,-2.58005],[-57.92402,-2.58422],[-57.94487,-2.59777],[-57.94175,-2.60768],[-57.95426,-2.62488],[-57.9626,-2.62071],[-57.96521,-2.60507],[-57.97459,-2.60351],[-57.96416,-2.63531],[-57.9699,-2.64208],[-58.01577,-2.65303],[-58.06217,-2.63791],[-58.08667,-2.62175],[-58.11847,-2.6108],[-58.1315,-2.59829],[-58.15548,-2.59203],[-58.18519,-2.56857],[-58.18623,-2.55919],[-58.21543,-2.52061],[-58.22742,-2.51905],[-58.24983,-2.49246],[-58.25765,-2.49298],[-58.26547,-2.47891],[-58.27381,-2.48099],[-58.28684,-2.47109],[-58.28684,-2.46275],[-58.27329,-2.44189],[-58.25921,-2.40227],[-58.27485,-2.40071],[-58.28163,-2.3955],[-58.30144,-2.4127],[-58.3176,-2.41583],[-58.33845,-2.40436],[-58.33793,-2.3955],[-58.34939,-2.37881],[-58.36347,-2.33971],[-58.3911,-2.33763],[-58.40309,-2.31834],[-58.41038,-2.32095],[-58.4474,-2.31417],[-58.45834,-2.30218],[-58.47502,-2.29749],[-58.49379,-2.29905],[-58.53028,-2.31365],[-58.54644,-2.31156],[-58.56104,-2.31886],[-58.60952,-2.29435],[-58.66373,-2.32094],[-58.68772,-2.34388],[-58.72108,-2.34753],[-58.74454,-2.33658],[-58.74454,-2.32146],[-58.72681,-2.30165],[-58.72316,-2.28549],[-58.73254,-2.27975],[-58.76382,-2.28914],[-58.77633,-2.26724],[-58.78415,-2.26307],[-58.80813,-2.26985],[-58.82429,-2.2662],[-58.82377,-2.25629],[-58.83211,-2.24847],[-58.84462,-2.25421],[-58.86235,-2.25369],[-58.87277,-2.24743],[-58.88007,-2.22971],[-58.90666,-2.23805],[-58.90666,-2.26098],[-58.91448,-2.26515],[-58.9176,-2.25733],[-58.92595,-2.25629],[-58.9322,-2.27558],[-58.94054,-2.28236],[-58.95618,-2.27401],[-58.95722,-2.2834],[-58.96452,-2.2834],[-58.96192,-2.26567],[-58.97547,-2.25316],[-59.01874,-2.25472],[-59.03385,-2.2469],[-59.04167,-2.2542],[-59.04949,-2.24847],[-59.05523,-2.23231],[-59.06461,-2.23387],[-59.07504,-2.24638],[-59.06409,-2.26046],[-59.06357,-2.26932],[-59.07139,-2.27558],[-59.08129,-2.27505]]]},"properties":{"CD_MUN":"1303957","NM_MUN":"São Sebastião do Uatumã","SIGLA_UF":"AM"}},{"type":"Feature","geometry":{"type":"Polygon","coordinates":[[[-69.63662,-3.68753],[-69.62828,-3.67554],[-69.62828,-3.65208],[-69.60899,-3.62706],[-69.5897,-3.58483],[-69.55998,-3.58118],[-69.5433,-3.59004],[-69.51828,-3.59526],[-69.50368,-3.58118],[-69.50316,-3.56346],[-69.51254,-3.54938],[-69.52558,-3.54],[-69.50368,-3.52228],[-69.49795,-3.50507],[-69.46823,-3.50559],[-69.4625,-3.4983],[-69.44321,-3.4936],[-69.43539,-3.48683],[-69.42496,-3.48787],[-69.40411,-3.47015],[-69.40203,-3.46233],[-69.39421,-3.46285],[-69.38117,-3.45034],[-69.36188,-3.44773],[-69.36136,-3.43574],[-69.35302,-3.43105],[-69.34416,-3.40186],[-69.32956,-3.39195],[-69.32174,-3.39143],[-69.32122,-3.39925],[-69.3061,-3.40707],[-69.29672,-3.40707],[-69.28838,-3.40082],[-69.27952,-3.40551],[-69.27066,-3.40186],[-69.25919,-3.40447],[-69.24563,-3.39665],[-69.24303,-3.37684],[-69.23208,-3.36276],[-69.20601,-3.35599],[-69.19976,-3.33826],[-69.19194,-3.33357],[-69.18359,-3.29239],[-69.17473,-3.28717],[-69.11895,-3.2877],[-69.09914,-3.29395],[-69.08507,-3.30855],[-69.06682,-3.30125],[-69.06369,-3.29343],[-69.03398,-3.27467],[-69.0345,-3.25642],[-69.02512,-3.25277],[-69.01782,-3.23557],[-69.01052,-3.23922],[-69.00009,-3.22671],[-68.99227,-3.22671],[-68.98498,-3.23296],[-68.92972,-3.21785],[-68.9245,-3.21055],[-68.90834,-3.20481],[-68.87394,-3.2142],[-68.87133,-3.20742],[-68.84944,-3.19595],[-68.85204,-3.18918],[-68.84631,-3.18292],[-68.81816,-3.18396],[-68.80513,-3.17302],[-68.79678,-3.17145],[-68.79053,-3.18657],[-68.77906,-3.19022],[-68.77645,-3.18344],[-68.74361,-3.16728],[-68.72745,-3.17146],[-68.7066,-3.197],[-68.70504,-3.22359],[-68.69722,-3.22724],[-68.68002,-3.22619],[-68.67585,-3.23401],[-68.66751,-3.23401],[-68.65969,-3.2288],[-68.6503,-3.23089],[-68.62997,-3.21525],[-68.63153,-3.22411],[-68.62373,-3.6912],[-68.66648,-3.70684],[-68.69359,-3.70058],[-68.74416,-3.6985],[-68.75927,-3.70475],[-68.77022,-3.74594],[-68.79629,-3.74906],[-68.80828,-3.73447],[-68.81766,-3.73499],[-68.82392,-3.74281],[-68.82652,-3.75897],[-68.81818,-3.79546],[-68.83174,-3.82569],[-68.83174,-3.8356],[-68.81975,-3.85802],[-68.83852,-3.88617],[-68.83956,-3.89555],[-68.83435,-3.91067],[-68.81402,-3.92683],[-68.81141,-3.93621],[-68.82705,-3.98313],[-68.8281,-3.99929],[-68.85729,-4.05976],[-68.87919,-4.06966],[-68.88909,-4.0926],[-68.90942,-4.10511],[-68.91985,-4.1463],[-68.93497,-4.16819],[-68.95009,-4.20781],[-68.95061,-4.23231],[-68.9355,-4.27349],[-68.94175,-4.3251],[-68.95791,-4.32562],[-68.96104,-4.3324],[-69.01109,-4.34335],[-69.01682,-4.35117],[-69.02777,-4.41112],[-69.02726,-4.52372],[-69.03925,-4.57741],[-69.06479,-4.59618],[-69.08304,-4.61964],[-69.09034,-4.66499],[-69.1211,-4.72234],[-69.13674,-4.71504],[-69.1482,-4.71816],[-69.16124,-4.73537],[-69.16489,-4.77082],[-69.18053,-4.79375],[-69.22953,-4.80679],[-69.28166,-4.85109],[-69.28948,-4.87925],[-69.29939,-4.89436],[-69.32024,-4.91209],[-69.34318,-4.9637],[-69.35882,-4.9809],[-69.38645,-4.9882],[-69.39896,-4.9835],[-69.41616,-4.96265],[-69.4292,-4.96369],[-69.43337,-4.97829],[-69.42242,-4.99966],[-69.42138,-5.01582],[-69.42607,-5.03772],[-69.45109,-5.07108],[-69.47091,-5.12165],[-69.51939,-5.14876],[-69.53034,-5.17638],[-69.53764,-5.23529],[-69.54702,-5.24311],[-69.56579,-5.24572],[-69.57517,-5.23738],[-69.56631,-5.20923],[-69.59341,-5.2061],[-69.6054,-5.20975],[-69.64607,-5.23633],[-69.69038,-5.23998],[-69.69976,-5.25718],[-69.74199,-5.26448],[-69.75502,-5.27751],[-69.78213,-5.28585],[-69.779,-5.29784],[-69.78786,-5.31035],[-69.78369,-5.34528],[-69.79308,-5.34893],[-69.80038,-5.34267],[-69.80872,-5.34632],[-69.8499,-5.34163],[-69.88066,-5.3531],[-69.90568,-5.35466],[-69.92914,-5.36874],[-69.93227,-5.38385],[-69.92497,-5.39376],[-69.90047,-5.4021],[-69.89369,-5.4094],[-69.88327,-5.43911],[-69.84938,-5.49281],[-69.85356,-5.5048],[-69.87076,-5.51053],[-69.8937,-5.54025],[-69.89318,-5.55693],[-69.87962,-5.60281],[-69.88223,-5.61584],[-69.90465,-5.61949],[-69.91559,-5.62366],[-69.91977,-5.63096],[-69.91924,-5.64242],[-69.90413,-5.66536],[-69.90361,-5.7055],[-69.92186,-5.75555],[-69.92707,-5.7618],[-69.95626,-5.76285],[-69.97503,-5.78005],[-69.98858,-5.81289],[-70.00006,-5.86502],[-70.01361,-5.88274],[-70.01309,-5.91663],[-70.00058,-5.92132],[-69.99849,-5.94061],[-70.01726,-5.9672],[-70.0256,-5.98857],[-70.05323,-6.00786],[-70.06522,-6.02297],[-70.07461,-6.02506],[-70.07878,-6.0334],[-70.11058,-6.04852],[-70.11944,-6.048],[-70.11944,-6.05634],[-70.11214,-6.06051],[-70.11058,-6.06833],[-70.12622,-6.10065],[-70.11579,-6.12359],[-70.11944,-6.14287],[-70.13925,-6.1632],[-70.16636,-6.21429],[-70.1867,-6.22107],[-70.20494,-6.24088],[-70.22892,-6.24296],[-70.26072,-6.26642],[-70.28679,-6.27372],[-70.28939,-6.2831],[-70.30503,-6.29301],[-70.32224,-6.29613],[-70.33683,-6.30552],[-70.34413,-6.30135],[-70.3483,-6.28936],[-70.35247,-6.26277],[-70.36759,-6.25547],[-70.37176,-6.24661],[-70.36602,-6.22888],[-70.3801,-6.21637],[-70.39104,-6.19083],[-70.39834,-6.18561],[-70.4072,-6.18874],[-70.41033,-6.19552],[-70.43535,-6.19291],[-70.44474,-6.17675],[-70.44421,-6.16476],[-70.44213,-6.15694],[-70.43327,-6.15433],[-70.42962,-6.14704],[-70.42492,-6.11993],[-70.39365,-6.08709],[-70.35767,-6.03131],[-70.34047,-6.02036],[-70.31336,-6.01776],[-70.30711,-6.01098],[-70.30919,-5.95989],[-70.32222,-5.94373],[-70.32274,-5.9333],[-70.30293,-5.90463],[-70.29772,-5.85459],[-70.26852,-5.82904],[-70.26696,-5.81757],[-70.27321,-5.79464],[-70.25809,-5.75137],[-70.26383,-5.71071],[-70.25288,-5.69142],[-70.25757,-5.67891],[-70.28051,-5.66535],[-70.28728,-5.65076],[-70.28572,-5.6273],[-70.27216,-5.61531],[-70.25288,-5.61791],[-70.24766,-5.61114],[-70.23463,-5.57882],[-70.24088,-5.571],[-70.23619,-5.56213],[-70.21013,-5.54128],[-70.19709,-5.50844],[-70.19396,-5.46882],[-70.17936,-5.40939],[-70.18718,-5.3557],[-70.17571,-5.32911],[-70.14964,-5.28949],[-70.15538,-5.24466],[-70.15016,-5.22172],[-70.10585,-5.17637],[-70.09125,-5.13258],[-70.04329,-5.09192],[-69.99793,-5.01581],[-69.97291,-5.00278],[-69.95675,-5.0106],[-69.94737,-4.99965],[-69.94945,-4.97098],[-69.97082,-4.92875],[-69.97187,-4.90529],[-69.9557,-4.87766],[-69.93277,-4.85473],[-69.8994,-4.79686],[-69.88428,-4.73274],[-69.86864,-4.72023],[-69.83111,-4.70668],[-69.79409,-4.67279],[-69.76333,-4.65246],[-69.70912,-4.5873],[-69.68149,-4.57636],[-69.62258,-4.58001],[-69.61372,-4.57271],[-69.61893,-4.53257],[-69.60955,-4.51328],[-69.58921,-4.50546],[-69.54751,-4.50181],[-69.52301,-4.44447],[-69.50268,-4.42831],[-69.46723,-4.4158],[-69.47922,-4.3866],[-69.48912,-4.37826],[-69.51049,-4.36784],[-69.54125,-4.37044],[-69.56262,-4.32874],[-69.55689,-4.30893],[-69.56366,-4.29642],[-69.53291,-4.27609],[-69.47139,-4.20102],[-69.44063,-4.18225],[-69.41352,-4.17652],[-69.40518,-4.16297],[-69.41665,-4.14472],[-69.45158,-4.12387],[-69.48546,-4.12856],[-69.51987,-4.11969],[-69.53394,-4.10979],[-69.53967,-4.08946],[-69.5256,-4.04515],[-69.44792,-4.00449],[-69.42603,-3.98051],[-69.401,-3.91013],[-69.39891,-3.83611],[-69.40256,-3.82412],[-69.42081,-3.80118],[-69.42237,-3.78293],[-69.4427,-3.7162],[-69.45834,-3.7136],[-69.47033,-3.72767],[-69.49483,-3.73914],[-69.53028,-3.7308],[-69.53236,-3.73862],[-69.55426,-3.75009],[-69.55895,-3.75895],[-69.57563,-3.75999],[-69.59961,-3.76989],[-69.61733,-3.76885],[-69.64392,-3.79075],[-69.66008,-3.79439],[-69.66477,-3.8043],[-69.68354,-3.81108],[-69.6825,-3.80117],[-69.6752,-3.79804],[-69.67937,-3.78292],[-69.66477,-3.75321],[-69.65226,-3.74278],[-69.64913,-3.71463],[-69.63662,-3.68753]]]},"properties":{"CD_MUN":"1303908","NM_MUN":"São Paulo de Olivença","SIGLA_UF":"AM"}},{"type":"Feature","geometry":{"type":"Polygon","coordinates":[[[-60.72507,-5.11249],[-60.69327,-5.07183],[-60.69431,-5.05619],[-60.70213,-5.04159],[-60.283,-5.0416],[-60.24755,-4.98478],[-60.22826,-4.93213],[-60.20532,-4.90867],[-60.18968,-4.90242],[-60.16623,-4.9045],[-60.12244,-4.92379],[-60.0995,-4.92849],[-59.97752,-4.8774],[-59.94363,-4.86906],[-59.66997,-5.28246],[-59.68873,-5.30384],[-59.70594,-5.36692],[-59.72523,-5.39976],[-59.72523,-5.44511],[-59.71272,-5.46648],[-59.70542,-5.4962],[-59.67623,-5.49985],[-59.63609,-5.48682],[-59.62045,-5.4863],[-59.60898,-5.47587],[-59.60116,-5.47691],[-59.58969,-5.49985],[-59.57458,-5.49725],[-59.55008,-5.5108],[-59.54434,-5.51914],[-59.54851,-5.52644],[-59.54382,-5.54886],[-59.54643,-5.55876],[-59.57198,-5.62236],[-59.59074,-5.63539],[-59.59231,-5.65103],[-59.61264,-5.687],[-59.61733,-5.71567],[-59.61108,-5.74278],[-59.59805,-5.75529],[-59.6043,-5.76363],[-59.60378,-5.77458],[-59.59805,-5.78188],[-59.58658,-5.78188],[-59.59231,-5.79022],[-59.58189,-5.79231],[-59.56364,-5.81524],[-59.55843,-5.82463],[-59.56052,-5.84183],[-59.54488,-5.84444],[-59.53237,-5.86268],[-59.52455,-5.8606],[-59.52507,-5.87572],[-59.51725,-5.88979],[-59.51099,-5.8851],[-59.50005,-5.88666],[-59.49483,-5.87937],[-59.48649,-5.88458],[-59.48754,-5.89292],[-59.50057,-5.90335],[-59.49379,-5.91586],[-59.49796,-5.92263],[-59.48024,-5.92889],[-59.47763,-5.93723],[-59.45939,-5.94505],[-59.44896,-5.95965],[-59.45418,-5.98363],[-59.45105,-5.99093],[-59.4302,-6.00552],[-59.4083,-6.0123],[-59.41143,-6.04358],[-59.40726,-6.05088],[-59.39944,-6.04932],[-59.39371,-6.05505],[-59.3885,-6.07017],[-59.39006,-6.08633],[-59.37494,-6.08998],[-59.364,-6.11083],[-59.35618,-6.11135],[-59.3494,-6.12386],[-59.36087,-6.12751],[-59.36191,-6.14367],[-59.35774,-6.16661],[-59.33741,-6.17808],[-59.34002,-6.1859],[-59.33064,-6.19685],[-59.33377,-6.21249],[-59.34002,-6.21718],[-59.33168,-6.22969],[-59.34419,-6.23855],[-59.35306,-6.26045],[-59.33898,-6.26931],[-59.3395,-6.27661],[-59.364,-6.27817],[-59.37443,-6.2985],[-59.35097,-6.31258],[-59.34941,-6.3204],[-59.35514,-6.33604],[-59.34107,-6.35168],[-59.34524,-6.35897],[-59.33221,-6.36888],[-59.32595,-6.39859],[-59.31501,-6.40902],[-59.30927,-6.44499],[-59.31397,-6.46011],[-59.60902,-6.45958],[-59.61476,-6.47209],[-59.63092,-6.47626],[-59.66011,-6.46375],[-59.7138,-6.45697],[-59.73361,-6.44498],[-59.74925,-6.44863],[-59.76228,-6.46792],[-59.77063,-6.46844],[-59.79878,-6.4554],[-59.79617,-6.44811],[-59.80451,-6.43403],[-59.81963,-6.43455],[-59.84413,-6.4773],[-59.85508,-6.52317],[-59.8728,-6.52109],[-59.87958,-6.52682],[-59.8973,-6.52682],[-59.90304,-6.54142],[-59.93275,-6.55497],[-59.92806,-6.57061],[-59.95569,-6.62118],[-59.92911,-6.63682],[-59.92442,-6.65193],[-59.92546,-6.66027],[-59.93953,-6.66549],[-59.94318,-6.67226],[-59.94266,-6.6806],[-59.91556,-6.69155],[-59.92911,-6.71188],[-59.93172,-6.72648],[-59.91452,-6.74368],[-59.90513,-6.74577],[-59.90201,-6.79373],[-59.88689,-6.788],[-59.88115,-6.79269],[-59.8822,-6.80833],[-59.87386,-6.80728],[-59.87021,-6.8151],[-60.14755,-6.95689],[-60.27944,-6.99964],[-60.67719,-7.14611],[-60.64852,-7.20659],[-60.65113,-7.23786],[-60.63706,-7.26497],[-60.63289,-7.28947],[-60.64905,-7.39843],[-60.64436,-7.44482],[-60.65688,-7.49278],[-60.66991,-7.52198],[-60.67408,-7.54491],[-60.66887,-7.56837],[-60.67878,-7.58349],[-60.67773,-7.60799],[-60.66366,-7.64761],[-60.67252,-7.66899],[-60.67148,-7.67785],[-60.64594,-7.6987],[-60.58495,-7.70913],[-60.58755,-7.72425],[-60.56827,-7.74093],[-60.56149,-7.75553],[-60.56097,-7.76335],[-60.57087,-7.77221],[-60.56723,-7.78472],[-60.56201,-7.78993],[-60.53908,-7.79567],[-60.54898,-7.82642],[-60.50936,-7.86813],[-60.52188,-7.88012],[-60.52084,-7.91348],[-60.52553,-7.92026],[-60.5224,-7.92704],[-60.50832,-7.93329],[-60.51354,-7.95415],[-60.49269,-7.96405],[-60.48956,-7.97917],[-60.47861,-7.99116],[-60.4807,-7.99898],[-60.46975,-8.01253],[-60.4489,-8.02452],[-60.45776,-8.02974],[-60.47497,-8.03026],[-60.47549,-8.04016],[-60.44682,-8.05945],[-60.439,-8.09803],[-60.42597,-8.10845],[-60.439,-8.13035],[-60.44682,-8.13504],[-60.44369,-8.15224],[-60.45464,-8.183],[-60.4609,-8.18769],[-60.4682,-8.18561],[-60.47758,-8.20385],[-60.46194,-8.20281],[-60.45777,-8.20907],[-60.46194,-8.24399],[-60.47602,-8.24139],[-60.45882,-8.26537],[-60.45777,-8.27267],[-60.47445,-8.27319],[-60.48592,-8.28674],[-60.48071,-8.29352],[-60.44943,-8.30551],[-60.45256,-8.32219],[-60.46455,-8.3347],[-60.45048,-8.3566],[-60.44475,-8.3837],[-60.44944,-8.39205],[-60.46664,-8.38735],[-60.47081,-8.39361],[-60.47967,-8.39152],[-60.48541,-8.39726],[-60.49166,-8.41394],[-60.48854,-8.45147],[-60.50991,-8.47441],[-60.51095,-8.49109],[-60.52607,-8.49057],[-60.52399,-8.50569],[-60.51148,-8.52915],[-60.50001,-8.5401],[-60.51044,-8.55156],[-60.52034,-8.55156],[-60.5193,-8.55886],[-60.51304,-8.56616],[-60.49793,-8.57137],[-60.49167,-8.58754],[-60.47603,-8.59014],[-60.46196,-8.61881],[-60.43277,-8.63862],[-60.42755,-8.64697],[-60.41244,-8.64332],[-60.40305,-8.65844],[-60.41869,-8.66573],[-60.42703,-8.66156],[-60.43068,-8.6699],[-60.42495,-8.70535],[-60.4286,-8.71317],[-60.42026,-8.73663],[-60.43069,-8.75227],[-60.42287,-8.758],[-60.39941,-8.76009],[-60.39524,-8.76843],[-60.39941,-8.77677],[-60.41713,-8.77677],[-60.41922,-8.79606],[-61.58224,-8.79812],[-61.60517,-8.79394],[-61.62863,-8.75224],[-61.6255,-8.72826],[-61.62967,-8.72148],[-61.64531,-8.71992],[-61.64948,-8.71262],[-61.67294,-8.70428],[-61.70474,-8.70688],[-61.71256,-8.68707],[-61.68701,-8.66518],[-61.68806,-8.65684],[-61.68232,-8.65058],[-61.65104,-8.64641],[-61.61142,-8.64798],[-61.59057,-8.65893],[-61.57389,-8.67509],[-61.53792,-8.69229],[-61.5228,-8.68916],[-61.49517,-8.6704],[-61.49465,-8.65007],[-61.51394,-8.62348],[-61.51394,-8.58751],[-61.52071,-8.57343],[-61.51342,-8.55884],[-61.4983,-8.54998],[-61.46285,-8.54945],[-61.45242,-8.53694],[-61.46024,-8.53069],[-61.46598,-8.50514],[-61.46232,-8.46865],[-61.47171,-8.45614],[-61.49986,-8.43581],[-61.49099,-8.41913],[-61.47692,-8.41235],[-61.45398,-8.38785],[-61.47222,-8.34823],[-61.45085,-8.29766],[-61.45345,-8.26221],[-61.44876,-8.24501],[-61.45293,-8.22833],[-61.44772,-8.21269],[-61.44876,-8.20435],[-61.45762,-8.20435],[-61.46336,-8.17776],[-61.47899,-8.16838],[-61.48421,-8.17568],[-61.49255,-8.17515],[-61.49985,-8.1689],[-61.48421,-8.14544],[-61.48733,-8.12928],[-61.48264,-8.12042],[-61.4915,-8.11729],[-61.48108,-8.09227],[-61.48316,-8.08288],[-61.50923,-8.07454],[-61.51183,-8.05004],[-61.50349,-8.04796],[-61.49984,-8.05473],[-61.47951,-8.0563],[-61.46335,-8.05161],[-61.44562,-8.01981],[-61.4352,-8.0172],[-61.42477,-8.00365],[-61.41487,-8.00417],[-61.40861,-8.0172],[-61.41747,-8.03284],[-61.41539,-8.05004],[-61.40966,-8.0563],[-61.39297,-8.05109],[-61.37629,-8.07037],[-61.36013,-8.07298],[-61.3544,-8.07872],[-61.3544,-8.09436],[-61.33563,-8.11417],[-61.32886,-8.12876],[-61.28768,-8.16682],[-61.28768,-8.20957],[-61.27673,-8.22468],[-61.27361,-8.25701],[-61.26005,-8.26952],[-61.25067,-8.2716],[-61.22252,-8.25701],[-61.19437,-8.25127],[-61.17143,-8.25701],[-61.15996,-8.27161],[-61.14537,-8.26326],[-61.10835,-8.26014],[-61.09167,-8.24189],[-61.08177,-8.21739],[-61.08281,-8.18924],[-61.09636,-8.17673],[-61.11408,-8.16995],[-61.13337,-8.15327],[-61.13546,-8.14545],[-61.13598,-8.10896],[-61.12346,-8.08394],[-61.12555,-8.07612],[-61.14536,-8.061],[-61.14171,-8.00782],[-61.14744,-7.99218],[-61.16256,-7.98801],[-61.1782,-7.99062],[-61.20009,-7.9974],[-61.21208,-8.00626],[-61.22824,-7.99114],[-61.27203,-7.97185],[-61.27411,-7.96351],[-61.28923,-7.95882],[-61.31634,-7.93901],[-61.3325,-7.91138],[-61.35387,-7.90616],[-61.35491,-7.89834],[-61.34501,-7.87697],[-61.33719,-7.87749],[-61.33771,-7.83735],[-61.32989,-7.81024],[-61.32728,-7.7628],[-61.32467,-7.75498],[-61.30434,-7.74195],[-61.30382,-7.71797],[-61.29652,-7.71432],[-61.29183,-7.69086],[-61.28296,-7.67679],[-61.29078,-7.64603],[-61.29756,-7.64343],[-61.30017,-7.62727],[-61.29652,-7.61945],[-61.30225,-7.61319],[-61.29443,-7.60902],[-61.29547,-7.6012],[-61.28557,-7.59286],[-61.30016,-7.56523],[-61.29547,-7.54177],[-61.29912,-7.52196],[-61.30537,-7.51675],[-61.29964,-7.51101],[-61.30068,-7.49016],[-61.31319,-7.46983],[-61.31788,-7.42448],[-61.32779,-7.41874],[-61.33821,-7.38381],[-61.31944,-7.36974],[-61.32778,-7.35671],[-61.31631,-7.35097],[-61.31214,-7.33794],[-61.29703,-7.33168],[-61.2866,-7.31865],[-61.27826,-7.31865],[-61.27409,-7.31187],[-61.2793,-7.30562],[-61.27513,-7.29884],[-61.25271,-7.3051],[-61.24385,-7.29207],[-61.24072,-7.27017],[-61.21257,-7.25349],[-61.18911,-7.25453],[-61.19016,-7.24671],[-61.20579,-7.24358],[-61.20944,-7.22899],[-61.21674,-7.2243],[-61.20423,-7.217],[-61.20058,-7.20136],[-61.21726,-7.17477],[-61.2428,-7.16226],[-61.24437,-7.15392],[-61.24332,-7.14558],[-61.22039,-7.12473],[-61.2037,-7.12629],[-61.2011,-7.11899],[-61.16513,-7.1044],[-61.15731,-7.10544],[-61.15731,-7.06895],[-61.16095,-7.05592],[-61.18076,-7.04549],[-61.18076,-7.02203],[-61.17034,-7.01421],[-61.15678,-7.02516],[-61.14949,-7.02516],[-61.12967,-6.99961],[-61.09423,-6.98919],[-61.09735,-6.97199],[-61.07911,-6.93914],[-61.0692,-6.93654],[-60.54269,-6.93499],[-60.54631,-6.3188],[-60.51503,-6.29482],[-60.51243,-6.28648],[-60.52963,-6.26146],[-60.55204,-6.24947],[-60.54787,-6.21923],[-60.55621,-6.20568],[-60.55517,-6.19786],[-60.54683,-6.16762],[-60.53327,-6.15928],[-60.53744,-6.13009],[-60.5682,-6.12123],[-60.57081,-6.11393],[-60.58592,-6.11236],[-60.58384,-6.07326],[-60.59113,-6.06962],[-60.61459,-6.07431],[-60.63127,-6.05762],[-60.62502,-6.02739],[-60.61615,-6.01331],[-60.59687,-5.99976],[-60.59791,-5.99194],[-60.58748,-5.97995],[-60.57705,-5.95024],[-60.56298,-5.94294],[-60.55568,-5.94502],[-60.55047,-5.93095],[-60.54369,-5.92574],[-60.5463,-5.9028],[-60.55881,-5.89446],[-60.56402,-5.87986],[-60.58226,-5.86422],[-60.57496,-5.86057],[-60.56714,-5.83711],[-60.53691,-5.82617],[-60.54525,-5.81261],[-60.54421,-5.80427],[-60.53169,-5.77508],[-60.56558,-5.76152],[-60.56923,-5.75422],[-60.55515,-5.74641],[-60.5515,-5.73024],[-60.55984,-5.72816],[-60.56349,-5.72086],[-60.58539,-5.71982],[-60.5932,-5.70626],[-60.6224,-5.71721],[-60.62657,-5.71095],[-60.63439,-5.71304],[-60.6495,-5.68854],[-60.64377,-5.6656],[-60.62813,-5.66143],[-60.62187,-5.64683],[-60.63073,-5.63484],[-60.63908,-5.63641],[-60.64481,-5.62181],[-60.64533,-5.59731],[-60.63282,-5.55873],[-60.63907,-5.55404],[-60.63751,-5.54674],[-60.64637,-5.53944],[-60.63699,-5.52693],[-60.6422,-5.52068],[-60.62864,-5.51025],[-60.6276,-5.48575],[-60.61196,-5.48314],[-60.60935,-5.46698],[-60.60153,-5.46646],[-60.59319,-5.45395],[-60.58642,-5.45708],[-60.57964,-5.45343],[-60.57182,-5.4404],[-60.57078,-5.43206],[-60.5786,-5.42945],[-60.58746,-5.40651],[-60.59893,-5.40026],[-60.59371,-5.39348],[-60.5984,-5.3867],[-60.5984,-5.36272],[-60.56764,-5.33666],[-60.56869,-5.30642],[-60.57494,-5.30017],[-60.57546,-5.284],[-60.56295,-5.27358],[-60.56139,-5.26367],[-60.62551,-5.29547],[-60.71517,-5.30537],[-60.7282,-5.31476],[-60.74072,-5.33561],[-60.75427,-5.34395],[-60.75531,-5.35177],[-60.78711,-5.38618],[-60.81318,-5.39087],[-60.8137,-5.39869],[-60.821,-5.40181],[-60.86322,-5.37731],[-60.8945,-5.38096],[-60.94246,-5.37001],[-60.93933,-5.36323],[-60.9164,-5.3575],[-60.90493,-5.34707],[-60.90076,-5.33978],[-60.90388,-5.31684],[-60.89815,-5.31058],[-60.86009,-5.29964],[-60.83507,-5.30172],[-60.81682,-5.26575],[-60.80744,-5.22718],[-60.78085,-5.1959],[-60.73654,-5.16462],[-60.7381,-5.1568],[-60.7454,-5.15315],[-60.74488,-5.14533],[-60.72507,-5.11249]]]},"properties":{"CD_MUN":"1303304","NM_MUN":"Novo Aripuanã","SIGLA_UF":"AM"}},{"type":"Feature","geometry":{"type":"Polygon","coordinates":[[[-61.47351,-1.578],[-61.47455,-1.55194],[-61.46881,-1.53734],[-61.47246,-1.52692],[-61.48028,-1.51701],[-61.51521,-1.50137],[-61.53189,-1.46436],[-61.5371,-1.43256],[-61.57255,-1.42786],[-61.58089,-1.40858],[-61.60174,-1.40649],[-61.61373,-1.4018],[-61.6179,-1.39398],[-61.59913,-1.36687],[-61.58089,-1.35227],[-61.58453,-1.33768],[-61.6106,-1.30744],[-61.6278,-1.30066],[-61.62571,-1.29284],[-61.60643,-1.27721],[-61.6059,-1.24332],[-61.58713,-1.1964],[-61.57254,-1.18389],[-61.58088,-1.16356],[-61.56576,-1.13176],[-61.5767,-1.11195],[-61.56524,-1.09892],[-61.57722,-1.08745],[-61.57566,-1.07807],[-61.54542,-1.07025],[-61.54282,-1.06139],[-61.5423,-1.03428],[-61.55898,-1.00925],[-61.5595,-0.98684],[-61.57514,-0.98736],[-61.58243,-0.98162],[-61.57878,-0.95504],[-61.584,-0.93627],[-61.5793,-0.92949],[-61.57774,-0.90916],[-61.55793,-0.89196],[-61.55741,-0.86277],[-61.54229,-0.8513],[-61.54229,-0.84244],[-61.54906,-0.83827],[-61.55115,-0.80073],[-61.53759,-0.75538],[-61.5157,-0.74443],[-61.47868,-0.71368],[-61.46356,-0.66363],[-61.45574,-0.65581],[-61.43437,-0.65738],[-61.42551,-0.65216],[-61.42759,-0.6334],[-61.40622,-0.63027],[-61.35565,-0.59743],[-61.34627,-0.5943],[-61.3249,-0.59691],[-61.29727,-0.57501],[-61.27433,-0.57501],[-61.22324,-0.55833],[-61.22324,-0.53852],[-61.21542,-0.53227],[-61.2222,-0.51819],[-61.22167,-0.50464],[-61.21594,-0.4989],[-61.2076,-0.49786],[-61.19769,-0.50516],[-61.17267,-0.50725],[-61.15651,-0.51454],[-61.14765,-0.49838],[-61.12784,-0.49682],[-61.11116,-0.5062],[-61.09552,-0.49838],[-61.08614,-0.49891],[-61.06268,-0.51194],[-61.05434,-0.53748],[-61.04496,-0.54478],[-61.03297,-0.54791],[-61.0241,-0.54322],[-60.9996,-0.55886],[-60.97458,-0.56147],[-60.95738,-0.55938],[-60.95216,-0.55365],[-60.93444,-0.55886],[-60.92923,-0.55365],[-60.91984,-0.55417],[-60.9115,-0.58023],[-60.91516,-0.60943],[-60.90786,-0.61516],[-60.90734,-0.62298],[-60.88179,-0.64853],[-60.8599,-0.64123],[-60.85364,-0.64696],[-60.84635,-0.66312],[-60.85104,-0.67407],[-60.84218,-0.68971],[-60.8109,-0.69128],[-60.79682,-0.70014],[-60.79213,-0.71734],[-60.79213,-0.72725],[-60.79839,-0.73507],[-60.7963,-0.74393],[-60.78796,-0.74393],[-60.77597,-0.7554],[-60.76763,-0.75383],[-60.75981,-0.76061],[-60.77285,-0.79033],[-60.75565,-0.7945],[-60.75825,-0.80909],[-60.752,-0.819],[-60.75825,-0.82786],[-60.75356,-0.84141],[-60.77285,-0.86539],[-60.77494,-0.88312],[-60.77025,-0.89354],[-60.78119,-0.93681],[-60.7838,-0.97643],[-60.78745,-0.99259],[-60.7984,-0.99833],[-60.79371,-1.02283],[-60.77651,-1.04994],[-60.75722,-1.06662],[-60.75514,-1.07705],[-60.77651,-1.07757],[-60.78224,-1.08747],[-60.79058,-1.0906],[-60.8203,-1.08486],[-60.82655,-1.0906],[-60.82551,-1.12396],[-60.83594,-1.14325],[-60.84376,-1.14273],[-60.85627,-1.1323],[-60.86148,-1.13908],[-60.84532,-1.16984],[-60.85054,-1.17661],[-60.85106,-1.19382],[-60.83907,-1.20841],[-60.8448,-1.21519],[-60.85575,-1.21571],[-60.85315,-1.22614],[-60.84064,-1.24021],[-60.85367,-1.25898],[-60.86149,-1.26159],[-60.87035,-1.25689],[-60.8886,-1.26419],[-60.90476,-1.25012],[-60.91049,-1.25741],[-60.92821,-1.26263],[-60.93239,-1.27879],[-60.9522,-1.27931],[-60.96314,-1.3085],[-60.95897,-1.31632],[-60.94125,-1.31163],[-60.92196,-1.31476],[-60.91518,-1.30694],[-60.88651,-1.30902],[-60.88286,-1.33353],[-60.86201,-1.34447],[-60.8469,-1.35855],[-60.83595,-1.40651],[-60.85941,-1.4258],[-60.85472,-1.43414],[-60.83491,-1.43362],[-60.82709,-1.43831],[-60.83543,-1.4748],[-60.81927,-1.46855],[-60.8052,-1.44665],[-60.78799,-1.4404],[-60.74942,-1.44457],[-60.73691,-1.45708],[-60.72596,-1.45708],[-60.67122,-1.48836],[-60.6681,-1.4967],[-60.65611,-1.50556],[-60.63004,-1.51547],[-60.62535,-1.52277],[-60.61805,-1.52225],[-60.60867,-1.53632],[-60.59147,-1.54675],[-60.57948,-1.58689],[-60.58417,-1.59367],[-60.58209,-1.60253],[-60.5972,-1.62547],[-60.61284,-1.63328],[-60.6092,-1.64058],[-60.62588,-1.68646],[-60.61806,-1.71982],[-60.62432,-1.74589],[-60.62588,-1.79072],[-60.61754,-1.82565],[-60.61077,-1.83347],[-60.6165,-1.84963],[-60.61546,-1.86579],[-60.57532,-1.91114],[-60.55864,-1.91896],[-60.48045,-1.9174],[-60.45282,-1.93565],[-60.44343,-1.94868],[-60.3569,-1.95337],[-60.41164,-1.98778],[-60.41581,-1.99612],[-60.47889,-2.01541],[-60.50234,-2.01645],[-60.54144,-2.00185],[-60.55812,-2.00498],[-60.57272,-1.99872],[-60.59774,-1.99768],[-60.6066,-2.00758],[-60.6212,-2.04564],[-60.64153,-2.05554],[-60.64362,-2.06388],[-60.65196,-2.06545],[-60.65196,-2.07327],[-60.66708,-2.07379],[-60.67385,-2.08838],[-60.67177,-2.09673],[-60.68115,-2.10715],[-60.66291,-2.12957],[-60.6994,-2.17231],[-60.7067,-2.16971],[-60.72078,-2.17805],[-60.72807,-2.17544],[-60.73798,-2.18847],[-60.71556,-2.21975],[-60.69993,-2.22028],[-60.6968,-2.23539],[-60.69106,-2.24165],[-60.69888,-2.25833],[-60.71765,-2.27397],[-60.70358,-2.28283],[-60.69837,-2.30681],[-60.71036,-2.31932],[-60.70983,-2.32714],[-60.6942,-2.34539],[-60.71661,-2.35581],[-60.70775,-2.36989],[-60.71609,-2.37302],[-60.73225,-2.36728],[-60.73486,-2.38449],[-60.7677,-2.39856],[-60.76666,-2.40638],[-60.75311,-2.41368],[-60.74268,-2.42932],[-60.74216,-2.43922],[-60.74842,-2.44704],[-60.77292,-2.45278],[-60.78074,-2.46007],[-60.79064,-2.48353],[-60.79534,-2.5242],[-60.80159,-2.53827],[-60.75521,-2.82082],[-60.78597,-2.82916],[-60.81151,-2.82812],[-60.85113,-2.84063],[-60.86155,-2.83646],[-60.8725,-2.8203],[-60.91264,-2.81091],[-60.94079,-2.84115],[-60.97728,-2.85783],[-60.98302,-2.8646],[-60.98354,-2.88546],[-60.9997,-2.88285],[-61.01534,-2.85157],[-61.03306,-2.84114],[-61.03984,-2.82603],[-61.05235,-2.81664],[-61.06017,-2.81299],[-61.11386,-2.81456],[-61.14305,-2.80726],[-61.16443,-2.78484],[-61.22073,-2.76346],[-61.23115,-2.76711],[-61.23428,-2.77441],[-61.24314,-2.76868],[-61.2494,-2.74],[-61.27598,-2.74261],[-61.31247,-2.73844],[-61.33593,-2.74469],[-61.36721,-2.74469],[-61.40162,-2.73166],[-61.40735,-2.74156],[-61.40318,-2.76085],[-61.41256,-2.76502],[-61.45583,-2.76242],[-61.46522,-2.76606],[-61.48242,-2.78587],[-61.49597,-2.789],[-61.51213,-2.81402],[-61.52882,-2.82393],[-61.57208,-2.82341],[-61.60701,-2.83331],[-61.64767,-2.82914],[-61.65445,-2.83696],[-61.65497,-2.85468],[-61.66123,-2.86042],[-61.71596,-2.84269],[-61.729,-2.83018],[-61.7316,-2.80933],[-61.70449,-2.77075],[-61.69824,-2.75094],[-61.70762,-2.73322],[-61.74515,-2.69203],[-61.75505,-2.64876],[-61.77173,-2.62478],[-61.80927,-2.60914],[-61.86035,-2.62269],[-61.87547,-2.62269],[-61.92291,-2.60862],[-61.96305,-2.6352],[-62.01935,-2.64094],[-62.04698,-2.6524],[-62.06001,-2.66179],[-62.08191,-2.70297],[-62.10745,-2.71861],[-62.1575,-2.72851],[-62.18356,-2.74363],[-62.25133,-2.76604],[-62.27584,-2.76969],[-62.30034,-2.76448],[-62.33474,-2.77386],[-62.35351,-2.77334],[-62.38479,-2.80566],[-62.42649,-2.81609],[-62.44839,-2.82912],[-62.4682,-2.85101],[-62.48332,-2.88125],[-62.49531,-2.98082],[-62.53024,-3.0637],[-62.55005,-3.09029],[-62.58185,-3.10593],[-62.63346,-3.09081],[-62.6908,-3.09185],[-62.71009,-3.08768],[-62.74033,-3.06631],[-62.7789,-3.01939],[-62.79506,-3.01782],[-62.82686,-3.00218],[-62.92799,-3.00739],[-62.93216,-2.99019],[-62.90974,-2.92451],[-62.91443,-2.88019],[-62.92798,-2.85256],[-62.95822,-2.84422],[-63.00879,-2.84005],[-63.04892,-2.81398],[-63.05674,-2.81294],[-63.10418,-2.83327],[-63.14432,-2.83171],[-63.16882,-2.83953],[-63.18811,-2.8364],[-63.21783,-2.81867],[-63.23972,-2.79521],[-63.25848,-2.75038],[-63.28246,-2.70972],[-63.30384,-2.69929],[-63.37317,-2.70085],[-63.40757,-2.70659],[-63.46231,-2.70241],[-63.48056,-2.71232],[-63.4962,-2.73213],[-63.52383,-2.75298],[-63.56292,-2.76184],[-63.58325,-2.77956],[-63.60828,-2.78582],[-63.62861,-2.80563],[-63.66145,-2.8171],[-63.69064,-2.83378],[-63.71098,-2.8343],[-63.72713,-2.81501],[-63.72766,-2.80198],[-63.71723,-2.78112],[-63.71358,-2.76131],[-63.72869,-2.6925],[-63.74902,-2.64871],[-63.76622,-2.59241],[-63.78759,-2.55644],[-63.8074,-2.54653],[-63.81731,-2.54705],[-63.84546,-2.56217],[-63.91062,-2.56113],[-63.95389,-2.57468],[-63.96379,-2.57416],[-63.98308,-2.56425],[-63.98777,-2.55435],[-63.98725,-2.52672],[-63.98047,-2.5043],[-63.95597,-2.46573],[-63.95649,-2.44383],[-63.9054,-2.43862],[-63.86578,-2.44436],[-63.83086,-2.42924],[-63.80166,-2.43862],[-63.74953,-2.43758],[-63.7339,-2.43185],[-63.72503,-2.42194],[-63.70574,-2.38076],[-63.69375,-2.37763],[-63.64579,-2.39275],[-63.63276,-2.38962],[-63.59992,-2.35835],[-63.58324,-2.35522],[-63.56395,-2.362],[-63.52746,-2.39015],[-63.48523,-2.38077],[-63.4649,-2.3865],[-63.4477,-2.41257],[-63.4404,-2.44697],[-63.4305,-2.46105],[-63.3888,-2.48764],[-63.36795,-2.4892],[-63.33145,-2.46209],[-63.3106,-2.43447],[-63.296,-2.42821],[-63.27828,-2.43499],[-63.25587,-2.46679],[-63.23345,-2.48191],[-63.19748,-2.48399],[-63.16308,-2.49286],[-63.14066,-2.48973],[-63.12502,-2.48191],[-63.08384,-2.4767],[-63.03953,-2.48191],[-63.03171,-2.45063],[-63.01346,-2.45428],[-62.9973,-2.44073],[-62.94934,-2.42405],[-62.90347,-2.42249],[-62.8847,-2.40528],[-62.85707,-2.34846],[-62.82475,-2.33074],[-62.80077,-2.32553],[-62.79138,-2.32865],[-62.782,-2.31666],[-62.76688,-2.31093],[-62.74759,-2.29633],[-62.73039,-2.29477],[-62.71631,-2.2833],[-62.64125,-2.28956],[-62.62248,-2.28278],[-62.57139,-2.28331],[-62.56722,-2.27653],[-62.54898,-2.27757],[-62.50936,-2.24786],[-62.47651,-2.239],[-62.45618,-2.22336],[-62.3905,-2.20511],[-62.38476,-2.19782],[-62.37747,-2.20303],[-62.35244,-2.19312],[-62.35453,-2.18478],[-62.35036,-2.17749],[-62.34254,-2.17749],[-62.3342,-2.16497],[-62.31856,-2.16602],[-62.32168,-2.15768],[-62.31491,-2.15246],[-62.30135,-2.14725],[-62.29093,-2.15924],[-62.27008,-2.14725],[-62.26799,-2.13995],[-62.26017,-2.14308],[-62.23671,-2.13213],[-62.22264,-2.14882],[-62.20595,-2.12327],[-62.19084,-2.12953],[-62.18719,-2.12171],[-62.15852,-2.13318],[-62.14236,-2.09982],[-62.13454,-2.09877],[-62.10899,-2.07949],[-62.11212,-2.07219],[-62.10795,-2.05551],[-62.08293,-2.06437],[-62.07406,-2.06124],[-62.07198,-2.04821],[-62.08345,-2.03622],[-62.07667,-2.03205],[-62.07875,-2.01693],[-62.07145,-1.99973],[-62.04591,-1.97418],[-62.03653,-1.98826],[-62.02089,-1.99816],[-62.02141,-2.02527],[-62.01255,-2.02214],[-62.0089,-2.02944],[-61.9943,-2.02423],[-61.98805,-1.9893],[-61.97971,-1.98826],[-61.98283,-1.99973],[-61.97241,-2.00442],[-61.94843,-1.96324],[-61.92757,-1.95803],[-61.94269,-1.94343],[-61.93748,-1.93561],[-61.92132,-1.94656],[-61.9135,-1.93561],[-61.92184,-1.93352],[-61.91923,-1.9257],[-61.88326,-1.91007],[-61.87596,-1.91424],[-61.88118,-1.93405],[-61.85251,-1.93561],[-61.84625,-1.93092],[-61.84416,-1.92154],[-61.82644,-1.92519],[-61.81549,-1.94083],[-61.80559,-1.94447],[-61.79986,-1.93666],[-61.79047,-1.93718],[-61.77744,-1.92102],[-61.75033,-1.92258],[-61.74251,-1.9158],[-61.75711,-1.89704],[-61.73782,-1.88244],[-61.72948,-1.87983],[-61.72426,-1.89182],[-61.71175,-1.8913],[-61.71488,-1.8814],[-61.70706,-1.87984],[-61.70081,-1.88713],[-61.69142,-1.88244],[-61.681,-1.88557],[-61.66588,-1.86472],[-61.65389,-1.86785],[-61.64503,-1.85273],[-61.65337,-1.8324],[-61.64033,-1.82145],[-61.62574,-1.82823],[-61.59967,-1.82719],[-61.59446,-1.83501],[-61.59811,-1.85846],[-61.59342,-1.86941],[-61.57152,-1.86003],[-61.53503,-1.86159],[-61.53034,-1.88036],[-61.54025,-1.88662],[-61.53191,-1.89183],[-61.52982,-1.9033],[-61.49959,-1.96116],[-61.49229,-1.96429],[-61.46831,-1.94709],[-61.45111,-1.94396],[-61.44641,-1.93771],[-61.44694,-1.9278],[-61.46101,-1.90121],[-61.45423,-1.89757],[-61.38855,-1.89861],[-61.38125,-1.89444],[-61.38542,-1.86212],[-61.41826,-1.79174],[-61.42347,-1.76724],[-61.41252,-1.71302],[-61.41617,-1.66715],[-61.41252,-1.63587],[-61.4219,-1.61971],[-61.46152,-1.60615],[-61.47351,-1.578]]]},"properties":{"CD_MUN":"1303205","NM_MUN":"Novo Airão","SIGLA_UF":"AM"}},{"type":"Feature","geometry":{"type":"Polygon","coordinates":[[[-66.31732,0.75602],[-66.20107,0.78208],[-66.187,0.77999],[-66.18178,0.76852],[-66.16197,0.75706],[-66.15989,0.74767],[-66.13122,0.74923],[-66.12027,0.7534],[-66.11349,0.76435],[-66.08743,0.76018],[-66.07544,0.76956],[-66.07752,0.77999],[-66.06918,0.80606],[-66.05511,0.80345],[-66.03686,0.81335],[-66.01601,0.80136],[-65.98212,0.80762],[-65.97691,0.81283],[-65.97013,0.8071],[-65.96336,0.81074],[-65.96336,0.82117],[-65.94459,0.85349],[-65.93208,0.86392],[-65.93573,0.88321],[-65.92426,0.89259],[-65.90028,0.88477],[-65.89611,0.89311],[-65.88047,0.90301],[-65.87265,0.92334],[-65.87838,0.93377],[-65.86118,0.93221],[-65.83042,0.94107],[-65.8153,0.95306],[-65.808,0.94993],[-65.79289,0.95514],[-65.77881,0.96505],[-65.77308,0.96036],[-65.7663,0.96505],[-65.76004,0.98225],[-65.74962,0.98329],[-65.73815,1.00102],[-65.72042,1.00258],[-65.71104,0.99841],[-65.69436,1.00519],[-65.68758,1.00102],[-65.6855,0.99163],[-65.67768,0.99007],[-65.66829,1.00362],[-65.65161,1.013],[-65.62398,0.99007],[-65.62607,1.0104],[-65.60939,1.01561],[-65.60574,1.0057],[-65.5901,1.00362],[-65.58436,1.00987],[-65.57133,0.98642],[-65.56612,0.99528],[-65.55674,0.99423],[-65.56039,0.98694],[-65.55674,0.97703],[-65.54058,0.97651],[-65.52963,0.95722],[-65.53537,0.9494],[-65.50722,0.91656],[-65.51139,0.88632],[-65.49523,0.89049],[-65.49262,0.88319],[-65.50409,0.86964],[-65.4994,0.84358],[-65.50774,0.84462],[-65.51348,0.83836],[-65.52025,0.84149],[-65.52651,0.83419],[-65.52286,0.82585],[-65.53016,0.80656],[-65.53954,0.80656],[-65.5385,0.79822],[-65.54736,0.77581],[-65.55518,0.77893],[-65.57239,0.76538],[-65.57447,0.74557],[-65.59011,0.72263],[-65.57552,0.71273],[-65.56301,0.67676],[-65.55258,0.65955],[-65.53955,0.65017],[-65.52964,0.66894],[-65.49941,0.67311],[-65.49367,0.67936],[-65.48377,0.67988],[-65.47908,0.68822],[-65.47126,0.68405],[-65.45145,0.68666],[-65.42225,0.70908],[-65.42017,0.73306],[-65.40922,0.74088],[-65.41495,0.74869],[-65.41287,0.75651],[-65.39619,0.75078],[-65.39462,0.75912],[-65.39879,0.7685],[-65.3941,0.77528],[-65.39931,0.78258],[-65.39566,0.79144],[-65.41182,0.81699],[-65.39671,0.8222],[-65.39045,0.84514],[-65.37585,0.85035],[-65.37272,0.86599],[-65.35083,0.87433],[-65.355,0.8858],[-65.34197,0.89466],[-65.32789,0.93271],[-65.32059,0.92907],[-65.30182,0.94314],[-65.27628,0.93949],[-65.26898,0.94418],[-65.26325,0.93532],[-65.26846,0.92802],[-65.26273,0.92072],[-65.25595,0.92646],[-65.23979,0.92229],[-65.20799,0.9301],[-65.20643,0.90821],[-65.1814,0.92333],[-65.16368,0.95148],[-65.16055,0.97963],[-65.14595,1.01038],[-65.16576,1.01247],[-65.16837,1.01977],[-65.15794,1.03437],[-65.15273,1.0573],[-65.14908,1.10839],[-65.15377,1.12612],[-65.12145,1.13602],[-65.1178,1.14749],[-65.10216,1.15791],[-65.08704,1.14697],[-65.07036,1.15478],[-65.05993,1.13862],[-65.06515,1.12038],[-65.06045,1.11308],[-65.04482,1.11777],[-65.02136,1.11621],[-64.96923,1.17407],[-64.95984,1.19075],[-64.9687,1.21838],[-64.95984,1.23141],[-64.95046,1.23246],[-64.94264,1.21682],[-64.9343,1.21265],[-64.91761,1.22255],[-64.90562,1.24288],[-64.90614,1.25227],[-64.89728,1.25383],[-64.88998,1.24914],[-64.88529,1.23298],[-64.87747,1.22985],[-64.86757,1.23298],[-64.86757,1.24236],[-64.85141,1.26478],[-64.86027,1.27051],[-64.82378,1.29605],[-64.82169,1.27989],[-64.84255,1.25435],[-64.86027,1.22203],[-64.85975,1.18919],[-64.84568,1.18084],[-64.829,1.18084],[-64.82587,1.16677],[-64.81232,1.14539],[-64.77895,1.11985],[-64.77113,1.10421],[-64.72683,1.07189],[-64.70337,1.04791],[-64.70597,1.04009],[-64.69972,1.03487],[-64.67418,1.04061],[-64.65072,1.0281],[-64.64655,1.038],[-64.63821,1.04165],[-64.62257,1.03174],[-64.60901,0.99317],[-64.59129,0.98743],[-64.58921,0.97649],[-64.58295,0.97231],[-64.58399,0.96241],[-64.5767,0.9426],[-64.55949,0.93165],[-64.54751,0.90559],[-64.53187,0.89777],[-64.51414,0.89829],[-64.49694,0.87691],[-64.47452,0.86492],[-64.46618,0.86753],[-64.4469,0.8545],[-64.44012,0.80654],[-64.42344,0.80914],[-64.41979,0.80236],[-64.41145,0.80289],[-64.39529,0.79507],[-64.39581,0.7789],[-64.37861,0.77525],[-64.37444,0.76014],[-64.36506,0.75909],[-64.35411,0.73668],[-64.33795,0.74033],[-64.30198,0.72104],[-64.2926,0.7299],[-64.28843,0.72208],[-64.27175,0.71009],[-64.24777,0.71791],[-64.24672,0.70123],[-64.23943,0.69549],[-64.24255,0.68819],[-64.21597,0.67464],[-64.20137,0.65483],[-64.17896,0.66682],[-64.16332,0.66525],[-64.14768,0.64492],[-64.15081,0.63554],[-64.14559,0.62824],[-64.12683,0.62198],[-64.1164,0.60843],[-64.10181,0.60165],[-64.0992,0.58549],[-64.08304,0.58288],[-64.08356,0.57507],[-64.07574,0.57246],[-64.07105,0.5636],[-64.06688,0.549],[-64.07314,0.54431],[-64.07314,0.53597],[-64.05281,0.48801],[-64.05854,0.47289],[-64.0476,0.4609],[-64.05021,0.41659],[-64.04708,0.40772],[-64.03926,0.40564],[-64.03561,0.39834],[-64.0377,0.37332],[-64.0059,0.3436],[-64.01007,0.32744],[-64.02571,0.32171],[-64.02519,0.31232],[-64.01945,0.30763],[-64.02258,0.29877],[-64.01007,0.2873],[-64.01841,0.28522],[-64.01998,0.27792],[-64.00903,0.26332],[-64.00538,0.24872],[-63.98766,0.23465],[-63.99235,0.22839],[-63.98505,0.20546],[-63.99391,0.20076],[-63.97359,0.17105],[-63.96629,0.1674],[-63.96264,0.15906],[-63.96889,0.14446],[-63.96316,0.13873],[-63.96837,0.121],[-63.9788,0.12257],[-63.98401,0.11579],[-63.97984,0.10849],[-63.98558,0.1038],[-63.98923,0.07148],[-63.98506,0.0647],[-63.99184,0.05793],[-63.9835,0.04385],[-63.99027,0.00996],[-63.98767,0.00267],[-64.00174,-0.01089],[-64.00122,-0.03382],[-64.01582,-0.04164],[-64.01478,-0.06615],[-64.02416,-0.07136],[-64.02677,-0.0797],[-64.02677,-0.10524],[-64.03719,-0.09325],[-64.06326,-0.11463],[-64.06587,-0.13026],[-64.08724,-0.14278],[-64.09975,-0.13496],[-64.11331,-0.13652],[-64.11852,-0.14955],[-64.11487,-0.15789],[-64.09715,-0.16832],[-64.09975,-0.17979],[-64.09506,-0.18761],[-64.07942,-0.18813],[-64.08568,-0.20585],[-64.08516,-0.22619],[-64.0935,-0.24078],[-64.07786,-0.25225],[-64.10549,-0.28666],[-64.15189,-0.29865],[-64.19151,-0.32627],[-64.23217,-0.33722],[-64.32079,-0.3294],[-64.4433,-0.3492],[-64.46363,-0.3638],[-64.47093,-0.37944],[-64.48657,-0.38778],[-64.49386,-0.38361],[-64.52514,-0.38778],[-64.56059,-0.40811],[-64.59604,-0.41436],[-64.61429,-0.42531],[-64.64921,-0.42792],[-64.65651,-0.42375],[-64.6758,-0.44095],[-64.69457,-0.44408],[-64.71073,-0.45554],[-64.76025,-0.45815],[-64.83063,-0.51706],[-64.82125,-0.52957],[-64.82594,-0.53634],[-64.81656,-0.54833],[-64.82385,-0.55303],[-64.80822,-0.57336],[-64.82333,-0.58118],[-64.82281,-0.59734],[-64.82073,-0.60516],[-64.80718,-0.61246],[-64.81447,-0.63644],[-64.80666,-0.63956],[-64.81708,-0.65625],[-64.80978,-0.66719],[-64.81187,-0.6844],[-64.79467,-0.70316],[-64.79623,-0.71463],[-64.80405,-0.72037],[-64.8004,-0.72871],[-64.80979,-0.74174],[-64.80718,-0.75008],[-64.79884,-0.748],[-64.79154,-0.75477],[-64.79206,-0.76311],[-64.79988,-0.76103],[-64.80718,-0.77198],[-64.79415,-0.78918],[-64.79207,-0.79961],[-64.81292,-0.80638],[-64.815,-0.83088],[-64.82908,-0.82515],[-64.8369,-0.82932],[-64.84837,-0.84965],[-64.8468,-0.86894],[-64.83534,-0.88354],[-64.84316,-0.91429],[-64.85723,-0.93254],[-64.86505,-0.9341],[-64.85723,-0.94609],[-64.86036,-0.95443],[-64.85723,-0.96121],[-64.86141,-0.96903],[-64.86975,-0.97216],[-64.86923,-0.99926],[-64.88069,-1.01021],[-64.87913,-1.02637],[-64.89477,-1.03315],[-64.90937,-1.03002],[-64.92136,-1.01907],[-64.9542,-1.02429],[-64.95159,-1.03158],[-64.95889,-1.0368],[-64.95159,-1.04149],[-64.97192,-1.05504],[-64.97974,-1.05087],[-64.98704,-1.054],[-64.9787,-1.06807],[-64.98079,-1.07642],[-64.96671,-1.0858],[-64.97297,-1.09205],[-64.96932,-1.11395],[-64.97714,-1.11864],[-64.97193,-1.1249],[-64.96932,-1.14836],[-64.98444,-1.15409],[-64.98288,-1.16243],[-64.98861,-1.16817],[-64.99539,-1.16399],[-64.99904,-1.17129],[-65.0324,-1.16921],[-65.04439,-1.18954],[-65.03605,-1.20361],[-65.04179,-1.21821],[-65.03449,-1.2229],[-65.03657,-1.23072],[-65.06264,-1.24532],[-65.04596,-1.26513],[-65.03814,-1.26721],[-65.03814,-1.27607],[-65.04909,-1.28754],[-65.06316,-1.28233],[-65.0689,-1.28754],[-65.0715,-1.30318],[-65.06629,-1.30996],[-65.07567,-1.34228],[-65.06629,-1.35583],[-65.07307,-1.36157],[-65.06838,-1.36835],[-65.04648,-1.38034],[-65.04283,-1.38763],[-65.05483,-1.41631],[-65.0762,-1.43924],[-65.06994,-1.44498],[-65.07464,-1.45071],[-65.08819,-1.4554],[-65.09028,-1.44758],[-65.10227,-1.45905],[-65.1325,-1.45436],[-65.14032,-1.45749],[-65.14345,-1.46531],[-65.16795,-1.46322],[-65.18411,-1.46791],[-65.18463,-1.45957],[-65.19401,-1.46374],[-65.19506,-1.47156],[-65.20653,-1.48199],[-65.2378,-1.4872],[-65.24771,-1.49345],[-65.25918,-1.48355],[-65.26752,-1.48355],[-65.27169,-1.49033],[-65.28055,-1.48824],[-65.28368,-1.49606],[-65.2915,-1.49085],[-65.2988,-1.49293],[-65.29567,-1.53359],[-65.30245,-1.53776],[-65.30714,-1.5534],[-65.31965,-1.56487],[-65.32122,-1.57999],[-65.3306,-1.59511],[-65.34363,-1.60501],[-65.34207,-1.61335],[-65.35354,-1.62482],[-65.35093,-1.64202],[-65.37074,-1.65871],[-65.37856,-1.67643],[-65.3697,-1.68998],[-65.36918,-1.70667],[-65.36397,-1.71449],[-65.35563,-1.71501],[-65.34677,-1.74212],[-65.33947,-1.74524],[-65.32331,-1.73847],[-65.31445,-1.74107],[-65.30975,-1.74889],[-65.31028,-1.77757],[-65.32748,-1.76975],[-65.37075,-1.76193],[-65.41975,-1.73429],[-65.43799,-1.73273],[-65.45676,-1.73794],[-65.47344,-1.75045],[-65.48752,-1.7932],[-65.49482,-1.79737],[-65.51306,-1.79216],[-65.52505,-1.76609],[-65.52401,-1.69676],[-65.54121,-1.66704],[-65.55893,-1.65922],[-65.60376,-1.66183],[-65.63973,-1.63524],[-65.64703,-1.60448],[-65.63869,-1.57477],[-65.63869,-1.55548],[-65.64703,-1.53254],[-65.6611,-1.51482],[-65.69863,-1.49709],[-65.75806,-1.50178],[-65.78204,-1.49292],[-65.81697,-1.47207],[-65.85971,-1.4705],[-65.87535,-1.45903],[-65.89308,-1.4314],[-65.92279,-1.41576],[-65.94103,-1.41159],[-65.98117,-1.41628],[-66.00046,-1.41263],[-66.09638,-1.42201],[-66.14747,-1.44078],[-66.19178,-1.47154],[-66.24026,-1.49082],[-66.25747,-1.50594],[-66.28718,-1.54764],[-66.31585,-1.56797],[-66.34453,-1.56224],[-66.36798,-1.54243],[-66.37111,-1.532],[-66.36277,-1.48404],[-66.36746,-1.47414],[-66.38623,-1.4684],[-66.40604,-1.47726],[-66.43992,-1.47414],[-66.45243,-1.47778],[-66.4858,-1.51323],[-66.52125,-1.52991],[-66.55096,-1.53513],[-66.62916,-1.57005],[-66.65626,-1.60029],[-66.71413,-1.62479],[-66.73707,-1.62322],[-66.7819,-1.59872],[-66.80744,-1.59663],[-66.85175,-1.60654],[-66.88094,-1.60393],[-66.91744,-1.60914],[-66.97217,-1.58985],[-67.00501,-1.5935],[-67.0488,-1.58047],[-67.07487,-1.5789],[-67.10927,-1.58099],[-67.15046,-1.6034],[-67.20624,-1.60653],[-67.24273,-1.61956],[-67.28547,-1.60861],[-67.32926,-1.61851],[-67.3522,-1.61904],[-67.36836,-1.6305],[-67.38452,-1.66335],[-67.39286,-1.66439],[-67.43769,-1.63936],[-67.48826,-1.65135],[-67.52579,-1.64979],[-67.61389,-1.60495],[-67.61806,-1.59505],[-67.61598,-1.56533],[-67.64829,-1.51112],[-67.63682,-1.50434],[-67.61493,-1.47254],[-67.60659,-1.46733],[-67.55498,-1.46055],[-67.52318,-1.43762],[-67.50806,-1.40686],[-67.50389,-1.36985],[-67.4919,-1.34795],[-67.47104,-1.33961],[-67.37669,-1.28175],[-67.29067,-1.24943],[-67.22342,-1.19678],[-67.1812,-1.17853],[-67.12437,-1.1337],[-67.08527,-1.13423],[-67.03523,-1.1629],[-67.0149,-1.16551],[-66.97893,-1.15091],[-66.94661,-1.14726],[-66.92524,-1.13475],[-66.91377,-1.12276],[-66.91116,-1.10399],[-66.9294,-1.06855],[-66.9513,-1.04665],[-66.95338,-1.03414],[-66.92367,-0.97419],[-66.91115,-0.97158],[-66.89499,-0.97627],[-66.84182,-0.96794],[-66.77979,-0.99087],[-66.76311,-0.98827],[-66.74851,-0.97315],[-66.74017,-0.94813],[-66.73964,-0.90851],[-66.73443,-0.88609],[-66.71514,-0.85221],[-66.69012,-0.82666],[-66.69324,-0.80894],[-66.72244,-0.81676],[-66.72556,-0.80894],[-66.72452,-0.79903],[-66.69741,-0.74899],[-66.70002,-0.73127],[-66.71357,-0.71198],[-66.71566,-0.69946],[-66.70888,-0.6906],[-66.67968,-0.67653],[-66.64319,-0.64681],[-66.60774,-0.63274],[-66.57699,-0.60824],[-66.51495,-0.59],[-66.48993,-0.55924],[-66.48159,-0.55507],[-66.45813,-0.55455],[-66.4232,-0.5926],[-66.406,-0.60042],[-66.3325,-0.57697],[-66.28245,-0.53631],[-66.28401,-0.50711],[-66.26264,-0.48418],[-66.25221,-0.48053],[-66.22719,-0.48887],[-66.20112,-0.48001],[-66.16098,-0.48574],[-66.13388,-0.47897],[-66.12814,-0.47063],[-66.13023,-0.4529],[-66.11928,-0.42579],[-66.09634,-0.4112],[-66.09165,-0.36637],[-66.0661,-0.35333],[-66.02909,-0.3549],[-65.9999,-0.33457],[-65.95037,-0.33613],[-65.93421,-0.33196],[-65.9144,-0.31893],[-65.8899,-0.3132],[-65.88781,-0.25846],[-65.8972,-0.24543],[-65.90032,-0.21936],[-65.92378,-0.18704],[-65.9415,-0.18495],[-65.9415,-0.19382],[-65.94985,-0.19694],[-65.96079,-0.19642],[-65.97278,-0.18495],[-65.98946,-0.20216],[-65.99989,-0.20059],[-66.00875,-0.235],[-66.0171,-0.23969],[-66.03638,-0.23604],[-66.04264,-0.24282],[-66.04942,-0.23865],[-66.05775,-0.20007],[-66.08434,-0.1641],[-66.08642,-0.11927],[-66.09581,-0.1177],[-66.10884,-0.12813],[-66.12187,-0.11562],[-66.09685,-0.09841],[-66.08642,-0.08382],[-66.08746,-0.076],[-66.09372,-0.0713],[-66.13282,-0.05931],[-66.1177,-0.03898],[-66.12187,-0.03064],[-66.11457,-0.01657],[-66.12135,0.00064],[-66.11665,0.03921],[-66.14324,0.05381],[-66.17503,0.10646],[-66.19745,0.11376],[-66.22612,0.10803],[-66.25062,0.11481],[-66.27304,0.12784],[-66.28034,0.11898],[-66.29024,0.12002],[-66.29285,0.13305],[-66.33142,0.1513],[-66.34081,0.16902],[-66.35488,0.1758],[-66.3773,0.17372],[-66.39346,0.18049],[-66.39293,0.19405],[-66.40701,0.20708],[-66.41066,0.2321],[-66.40284,0.23471],[-66.39085,0.26182],[-66.38042,0.25869],[-66.36113,0.2785],[-66.34706,0.27537],[-66.34653,0.28736],[-66.33872,0.28423],[-66.33194,0.28788],[-66.3262,0.27693],[-66.32151,0.28528],[-66.32725,0.303],[-66.31578,0.31916],[-66.31786,0.32907],[-66.30691,0.33219],[-66.31473,0.34262],[-66.30326,0.34835],[-66.29492,0.34575],[-66.29284,0.35722],[-66.30066,0.36712],[-66.29805,0.37859],[-66.30535,0.39006],[-66.29909,0.41091],[-66.31525,0.42446],[-66.30013,0.46982],[-66.29127,0.48024],[-66.27615,0.48389],[-66.26833,0.50266],[-66.24852,0.4938],[-66.24227,0.5011],[-66.24383,0.51256],[-66.23445,0.51413],[-66.23601,0.52612],[-66.21985,0.52143],[-66.20421,0.53706],[-66.19118,0.53394],[-66.17032,0.55062],[-66.1672,0.55948],[-66.14999,0.55844],[-66.1354,0.57147],[-66.12653,0.59753],[-66.12549,0.6064],[-66.13487,0.60796],[-66.14478,0.62725],[-66.16563,0.63455],[-66.18231,0.6554],[-66.21046,0.6726],[-66.21932,0.67104],[-66.27197,0.71379],[-66.28448,0.7117],[-66.29804,0.719],[-66.31315,0.73204],[-66.31732,0.75602]]]},"properties":{"CD_MUN":"1303601","NM_MUN":"Santa Isabel do Rio Negro","SIGLA_UF":"AM"}},{"type":"Feature","geometry":{"type":"Polygon","coordinates":[[[-59.9993,-2.11916],[-59.98887,-2.11343],[-59.9529,-2.11968],[-59.94769,-2.1249],[-59.93622,-2.12177],[-59.91224,-2.13167],[-59.86845,-2.13167],[-59.86741,-2.13949],[-59.85907,-2.14366],[-59.85177,-2.14106],[-59.84499,-2.14784],[-59.83561,-2.14627],[-59.82101,-2.15774],[-59.80798,-2.15826],[-59.7913,-2.17077],[-59.79026,-2.17912],[-59.76993,-2.1958],[-59.7668,-2.2031],[-59.74803,-2.21196],[-59.71154,-2.18485],[-59.70007,-2.16244],[-59.69746,-2.15149],[-59.7032,-2.14367],[-59.70372,-2.12334],[-59.70997,-2.11656],[-59.71362,-2.09831],[-59.71049,-2.08997],[-59.71362,-2.05922],[-59.70841,-2.05088],[-59.68286,-2.04514],[-59.67557,-2.05088],[-59.67765,-2.06808],[-59.67192,-2.07538],[-59.67609,-2.11083],[-59.66879,-2.11604],[-59.6568,-2.115],[-59.6224,-2.14054],[-59.63074,-2.15514],[-59.62709,-2.16296],[-59.6078,-2.17547],[-59.59008,-2.17495],[-59.57079,-2.18121],[-59.56089,-2.19424],[-59.55619,-2.2203],[-59.53847,-2.22708],[-59.51918,-2.25106],[-59.52127,-2.26827],[-59.50876,-2.27921],[-59.50563,-2.30424],[-59.49938,-2.31049],[-59.48687,-2.30632],[-59.46758,-2.31049],[-59.44933,-2.32248],[-59.43422,-2.35011],[-59.43474,-2.3668],[-59.42692,-2.37044],[-59.3873,-2.36106],[-59.37427,-2.37149],[-59.34716,-2.3694],[-59.32996,-2.38087],[-59.32735,-2.39808],[-59.28982,-2.43301],[-59.28617,-2.45125],[-59.29973,-2.4622],[-59.29973,-2.47106],[-59.27575,-2.4794],[-59.27523,-2.48774],[-59.24864,-2.48149],[-59.25229,-2.47419],[-59.24551,-2.4695],[-59.22205,-2.47315],[-59.19599,-2.47002],[-59.17305,-2.48357],[-59.16836,-2.50703],[-59.15481,-2.51642],[-59.16523,-2.53831],[-59.18765,-2.54926],[-59.20016,-2.56333],[-59.18817,-2.5967],[-59.20955,-2.63215],[-59.22832,-2.64935],[-59.22936,-2.70044],[-59.24031,-2.71191],[-59.26429,-2.72546],[-59.26794,-2.74371],[-59.28671,-2.7484],[-59.30495,-2.76039],[-59.35291,-2.82086],[-59.35239,-2.84484],[-59.36074,-2.88758],[-59.3696,-2.88758],[-59.36855,-2.87038],[-59.37481,-2.86517],[-59.38107,-2.87142],[-59.40505,-2.87351],[-59.43007,-2.92668],[-59.4994,-2.97099],[-59.5312,-2.95014],[-59.54632,-2.95587],[-59.59532,-2.95795],[-59.6193,-2.96369],[-59.63651,-2.96056],[-59.65371,-2.94596],[-59.70532,-2.93866],[-59.7074,-2.93032],[-59.72043,-2.91833],[-59.72773,-2.898],[-59.7147,-2.88028],[-59.73763,-2.85734],[-59.73711,-2.84952],[-59.75119,-2.82606],[-59.75848,-2.82137],[-59.78194,-2.82971],[-59.81009,-2.81667],[-59.81843,-2.8026],[-59.81426,-2.78748],[-59.83146,-2.76976],[-59.8325,-2.73483],[-59.84658,-2.72544],[-59.86952,-2.72075],[-59.87525,-2.71502],[-59.87264,-2.68322],[-59.89558,-2.65819],[-59.9034,-2.65663],[-59.91122,-2.62327],[-59.91904,-2.60971],[-59.94145,-2.62118],[-59.94927,-2.60606],[-59.94823,-2.59147],[-59.94041,-2.57739],[-59.98159,-2.5581],[-59.99566,-2.5654],[-59.99879,-2.54872],[-60.01182,-2.53881],[-60.01652,-2.54611],[-60.03215,-2.54872],[-60.03632,-2.51535],[-60.02329,-2.44758],[-60.0457,-2.32716],[-60.03892,-2.26356],[-60.02693,-2.24114],[-59.99825,-2.1421],[-59.9993,-2.11916]]]},"properties":{"CD_MUN":"1303569","NM_MUN":"Rio Preto da Eva","SIGLA_UF":"AM"}},{"type":"Feature","geometry":{"type":"Polygon","coordinates":[[[-60.75356,-0.84141],[-60.75148,-0.86018],[-60.73115,-0.85758],[-60.71603,-0.86904],[-60.70665,-0.86487],[-60.67485,-0.87269],[-60.66911,-0.87739],[-60.67172,-0.88677],[-60.66703,-0.89355],[-60.65347,-0.88208],[-60.63523,-0.8753],[-60.63262,-0.86748],[-60.62324,-0.87061],[-60.61959,-0.86227],[-60.59352,-0.87113],[-60.5904,-0.85237],[-60.55703,-0.85914],[-60.55651,-0.86905],[-60.52993,-0.87426],[-60.50334,-0.8482],[-60.5023,-0.84038],[-60.51898,-0.83256],[-60.50542,-0.82057],[-60.4976,-0.82161],[-60.49135,-0.79555],[-60.49708,-0.78877],[-60.47779,-0.77],[-60.43348,-0.77157],[-60.42618,-0.7773],[-60.41784,-0.76323],[-60.40012,-0.75645],[-60.38239,-0.75906],[-60.37614,-0.74185],[-60.34486,-0.74498],[-60.31619,-0.72205],[-60.30837,-0.72361],[-60.30159,-0.70849],[-60.30107,-0.69233],[-60.30784,-0.68868],[-60.30263,-0.67304],[-60.31358,-0.65897],[-60.31253,-0.64072],[-60.31879,-0.63603],[-60.32661,-0.63916],[-60.33964,-0.62456],[-60.35007,-0.62143],[-60.36466,-0.58703],[-60.38239,-0.58911],[-60.38708,-0.58077],[-60.37822,-0.57556],[-60.38134,-0.55679],[-60.39385,-0.55262],[-60.39698,-0.5448],[-60.39906,-0.50935],[-60.3902,-0.50205],[-60.38134,-0.46921],[-60.3438,-0.4395],[-60.34328,-0.41239],[-60.34902,-0.40613],[-60.33494,-0.38424],[-60.32086,-0.37642],[-60.31617,-0.35765],[-60.32034,-0.3368],[-60.31721,-0.3295],[-60.30105,-0.32742],[-60.30209,-0.30291],[-60.28906,-0.29197],[-60.30366,-0.26382],[-60.29062,-0.22837],[-60.29844,-0.21064],[-60.29271,-0.20491],[-60.28489,-0.2096],[-60.27498,-0.20178],[-60.26351,-0.18875],[-60.26508,-0.17728],[-60.25726,-0.17259],[-60.2484,-0.17415],[-60.24892,-0.16581],[-60.2192,-0.13453],[-60.2265,-0.12776],[-60.22389,-0.11837],[-60.17906,-0.08449],[-60.15247,-0.08866],[-60.12172,-0.07876],[-60.08157,-0.04696],[-60.06229,-0.05009],[-60.02267,-0.04227],[-60.0039,-0.04696],[-59.98461,-0.05999],[-59.96168,-0.05739],[-59.95177,-0.04905],[-59.97471,-0.03706],[-59.97106,-0.02976],[-59.95021,-0.0381],[-59.93457,-0.0381],[-59.92779,-0.03341],[-59.93405,-0.02194],[-59.92935,-0.01412],[-59.94134,0.01664],[-59.9549,0.02967],[-59.95594,0.03853],[-59.94655,0.03905],[-59.93196,0.03071],[-59.9158,0.03436],[-59.90224,0.02289],[-59.89234,-0.00422],[-59.87931,-0.01464],[-59.86367,-0.04592],[-59.86107,-0.05895],[-59.86315,-0.0699],[-59.87827,-0.08606],[-59.87358,-0.11213],[-59.8913,-0.10118],[-59.91841,-0.12516],[-59.91737,-0.13558],[-59.91216,-0.14914],[-59.87202,-0.16269],[-59.84647,-0.18094],[-59.80686,-0.23672],[-59.80686,-0.24767],[-59.83762,-0.26644],[-59.84335,-0.28364],[-59.84179,-0.30658],[-59.84909,-0.31179],[-59.85117,-0.3243],[-59.84544,-0.33473],[-59.85274,-0.36809],[-59.8616,-0.36548],[-59.85222,-0.39103],[-59.83658,-0.38842],[-59.83032,-0.41032],[-59.83762,-0.41605],[-59.84701,-0.44159],[-59.85639,-0.44629],[-59.8689,-0.46818],[-59.87828,-0.46453],[-59.88141,-0.45567],[-59.89184,-0.45463],[-59.92468,-0.48382],[-59.92833,-0.49685],[-59.95335,-0.51457],[-59.95596,-0.52448],[-59.94918,-0.52969],[-59.96639,-0.56775],[-59.99975,-0.56879],[-60.00757,-0.57192],[-60.0107,-0.58026],[-60.03468,-0.58808],[-60.03729,-0.59538],[-60.02113,-0.61623],[-60.02061,-0.62561],[-60.02582,-0.63291],[-60.0352,-0.63447],[-60.02374,-0.66054],[-60.0326,-0.66262],[-60.04459,-0.65011],[-60.05241,-0.64907],[-60.05345,-0.67514],[-60.04563,-0.68035],[-60.04459,-0.69755],[-60.03312,-0.72153],[-60.03364,-0.7476],[-60.02687,-0.7549],[-60.01905,-0.78878],[-60.01488,-0.79504],[-60.00654,-0.79243],[-60.0008,-0.79712],[-59.97526,-0.83205],[-59.96692,-0.83257],[-59.96014,-0.843],[-59.94138,-0.8529],[-59.93147,-0.85134],[-59.89968,-0.87063],[-59.9002,-0.88835],[-59.88508,-0.89878],[-59.86736,-0.90034],[-59.85328,-0.91338],[-59.84077,-0.94309],[-59.83869,-0.97124],[-59.8194,-0.99053],[-59.82201,-0.99939],[-59.81471,-1.01034],[-59.77926,-1.04475],[-59.75841,-1.05518],[-59.75111,-1.05205],[-59.74121,-1.06769],[-59.74277,-1.07551],[-59.73235,-1.07968],[-59.72036,-1.07707],[-59.7068,-1.10157],[-59.69951,-1.10366],[-59.68543,-1.08958],[-59.675,-1.08958],[-59.66823,-1.0656],[-59.63538,-1.07707],[-59.62861,-1.08489],[-59.63069,-1.09376],[-59.61558,-1.10627],[-59.60411,-1.10887],[-59.37943,-1.10575],[-59.37422,-1.13286],[-59.38204,-1.13651],[-59.37891,-1.14694],[-59.38308,-1.17509],[-59.37161,-1.19281],[-59.37214,-1.23556],[-59.36119,-1.24963],[-59.35858,-1.26058],[-59.36432,-1.26684],[-59.37474,-1.26475],[-59.381,-1.25745],[-59.39247,-1.26058],[-59.40394,-1.25745],[-59.43417,-1.27883],[-59.44303,-1.29603],[-59.44147,-1.31844],[-59.46702,-1.3346],[-59.47119,-1.35441],[-59.48839,-1.36953],[-59.4936,-1.38517],[-59.50299,-1.3883],[-59.51915,-1.41906],[-59.51863,-1.43209],[-59.50299,-1.44408],[-59.49048,-1.44199],[-59.48527,-1.45294],[-59.45764,-1.43417],[-59.43678,-1.43418],[-59.42375,-1.45034],[-59.40968,-1.4446],[-59.39143,-1.45242],[-59.3685,-1.45138],[-59.35859,-1.45816],[-59.33357,-1.45659],[-59.3294,-1.4811],[-59.30438,-1.48318],[-59.29708,-1.4738],[-59.29499,-1.45295],[-59.26945,-1.43053],[-59.26111,-1.43679],[-59.22931,-1.43679],[-59.23296,-1.4493],[-59.19021,-1.44565],[-59.18656,-1.45347],[-59.1996,-1.46859],[-59.18552,-1.47224],[-59.16988,-1.48475],[-59.15059,-1.51499],[-59.15529,-1.54418],[-59.14903,-1.54887],[-59.14955,-1.56138],[-59.14069,-1.56399],[-59.13548,-1.5838],[-59.1261,-1.58849],[-59.13131,-1.59996],[-59.12662,-1.60674],[-59.14174,-1.61925],[-59.13705,-1.62863],[-59.13913,-1.64218],[-59.16676,-1.65834],[-59.16676,-1.67711],[-59.17875,-1.67607],[-59.17927,-1.68649],[-59.19491,-1.70995],[-59.19752,-1.73028],[-59.21681,-1.78033],[-59.21056,-1.78815],[-59.21838,-1.81786],[-59.22567,-1.82568],[-59.24496,-1.82568],[-59.2507,-1.83246],[-59.24966,-1.84341],[-59.2434,-1.85071],[-59.24444,-1.86165],[-59.23506,-1.86374],[-59.22203,-1.88198],[-59.22151,-1.89867],[-59.21265,-1.90023],[-59.20274,-1.91691],[-59.20066,-1.93933],[-59.16052,-1.95914],[-59.15426,-1.96644],[-59.16156,-1.98468],[-59.12299,-2.00658],[-59.1136,-2.0316],[-59.1183,-2.04046],[-59.11152,-2.07643],[-59.12768,-2.09989],[-59.13133,-2.14942],[-59.13759,-2.16506],[-59.1428,-2.17079],[-59.16001,-2.16818],[-59.17877,-2.18434],[-59.18138,-2.2005],[-59.17773,-2.20937],[-59.16001,-2.20937],[-59.14489,-2.21614],[-59.14385,-2.22396],[-59.16209,-2.2323],[-59.15271,-2.24742],[-59.14333,-2.24899],[-59.13759,-2.23074],[-59.12821,-2.22292],[-59.10996,-2.22292],[-59.10475,-2.24325],[-59.08129,-2.27505],[-59.08703,-2.28392],[-59.1084,-2.29643],[-59.13238,-2.34074],[-59.172,-2.38505],[-59.27105,-2.44656],[-59.27105,-2.47262],[-59.27575,-2.4794],[-59.29973,-2.47106],[-59.29973,-2.4622],[-59.28617,-2.45125],[-59.28982,-2.43301],[-59.32735,-2.39808],[-59.32996,-2.38087],[-59.34716,-2.3694],[-59.37427,-2.37149],[-59.3873,-2.36106],[-59.42692,-2.37044],[-59.43474,-2.3668],[-59.43422,-2.35011],[-59.44933,-2.32248],[-59.46758,-2.31049],[-59.48687,-2.30632],[-59.49938,-2.31049],[-59.50563,-2.30424],[-59.50876,-2.27921],[-59.52127,-2.26827],[-59.51918,-2.25106],[-59.53847,-2.22708],[-59.55619,-2.2203],[-59.56089,-2.19424],[-59.57079,-2.18121],[-59.59008,-2.17495],[-59.6078,-2.17547],[-59.62709,-2.16296],[-59.63074,-2.15514],[-59.6224,-2.14054],[-59.6568,-2.115],[-59.66879,-2.11604],[-59.67609,-2.11083],[-59.67192,-2.07538],[-59.67765,-2.06808],[-59.67557,-2.05088],[-59.68286,-2.04514],[-59.70841,-2.05088],[-59.71362,-2.05922],[-59.71049,-2.08997],[-59.71362,-2.09831],[-59.70997,-2.11656],[-59.70372,-2.12334],[-59.7032,-2.14367],[-59.69746,-2.15149],[-59.70007,-2.16244],[-59.71154,-2.18485],[-59.74803,-2.21196],[-59.7668,-2.2031],[-59.76993,-2.1958],[-59.79026,-2.17912],[-59.7913,-2.17077],[-59.80798,-2.15826],[-59.82101,-2.15774],[-59.83561,-2.14627],[-59.84499,-2.14784],[-59.85177,-2.14106],[-59.85907,-2.14366],[-59.86741,-2.13949],[-59.86845,-2.13167],[-59.91224,-2.13167],[-59.93622,-2.12177],[-59.94769,-2.1249],[-59.9529,-2.11968],[-59.98887,-2.11343],[-59.9993,-2.11916],[-60.01128,-2.10978],[-60.01389,-2.10091],[-60.03214,-2.09674],[-60.04986,-2.10195],[-60.05976,-2.08684],[-60.06863,-2.08684],[-60.0827,-2.07537],[-60.09,-2.05921],[-60.10564,-2.06077],[-60.13222,-2.04252],[-60.14786,-2.04096],[-60.15881,-2.02688],[-60.16663,-2.02688],[-60.20364,-2.0029],[-60.21719,-1.99925],[-60.23179,-2.00238],[-60.26619,-1.9857],[-60.29643,-1.9565],[-60.29226,-1.94086],[-60.28027,-1.92366],[-60.33865,-1.95181],[-60.3569,-1.95337],[-60.44343,-1.94868],[-60.45282,-1.93565],[-60.48045,-1.9174],[-60.55864,-1.91896],[-60.57532,-1.91114],[-60.61546,-1.86579],[-60.6165,-1.84963],[-60.61077,-1.83347],[-60.61754,-1.82565],[-60.62588,-1.79072],[-60.62432,-1.74589],[-60.61806,-1.71982],[-60.62588,-1.68646],[-60.6092,-1.64058],[-60.61284,-1.63328],[-60.5972,-1.62547],[-60.58209,-1.60253],[-60.58417,-1.59367],[-60.57948,-1.58689],[-60.59147,-1.54675],[-60.60867,-1.53632],[-60.61805,-1.52225],[-60.62535,-1.52277],[-60.63004,-1.51547],[-60.65611,-1.50556],[-60.6681,-1.4967],[-60.67122,-1.48836],[-60.72596,-1.45708],[-60.73691,-1.45708],[-60.74942,-1.44457],[-60.78799,-1.4404],[-60.8052,-1.44665],[-60.81927,-1.46855],[-60.83543,-1.4748],[-60.82709,-1.43831],[-60.83491,-1.43362],[-60.85472,-1.43414],[-60.85941,-1.4258],[-60.83595,-1.40651],[-60.8469,-1.35855],[-60.86201,-1.34447],[-60.88286,-1.33353],[-60.88651,-1.30902],[-60.91518,-1.30694],[-60.92196,-1.31476],[-60.94125,-1.31163],[-60.95897,-1.31632],[-60.96314,-1.3085],[-60.9522,-1.27931],[-60.93239,-1.27879],[-60.92821,-1.26263],[-60.91049,-1.25741],[-60.90476,-1.25012],[-60.8886,-1.26419],[-60.87035,-1.25689],[-60.86149,-1.26159],[-60.85367,-1.25898],[-60.84064,-1.24021],[-60.85315,-1.22614],[-60.85575,-1.21571],[-60.8448,-1.21519],[-60.83907,-1.20841],[-60.85106,-1.19382],[-60.85054,-1.17661],[-60.84532,-1.16984],[-60.86148,-1.13908],[-60.85627,-1.1323],[-60.84376,-1.14273],[-60.83594,-1.14325],[-60.82551,-1.12396],[-60.82655,-1.0906],[-60.8203,-1.08486],[-60.79058,-1.0906],[-60.78224,-1.08747],[-60.77651,-1.07757],[-60.75514,-1.07705],[-60.75722,-1.06662],[-60.77651,-1.04994],[-60.79371,-1.02283],[-60.7984,-0.99833],[-60.78745,-0.99259],[-60.7838,-0.97643],[-60.78119,-0.93681],[-60.77025,-0.89354],[-60.77494,-0.88312],[-60.77285,-0.86539],[-60.75356,-0.84141]]]},"properties":{"CD_MUN":"1303536","NM_MUN":"Presidente Figueiredo","SIGLA_UF":"AM"}},{"type":"Feature","geometry":{"type":"Polygon","coordinates":[[[-69.49028,-7.20219],[-69.48455,-7.19593],[-69.48402,-7.17977],[-69.46161,-7.17404],[-69.45327,-7.16153],[-69.45379,-7.14537],[-69.48246,-7.12816],[-69.48558,-7.1047],[-69.46108,-7.09949],[-69.44179,-7.0849],[-69.42563,-7.08281],[-69.41312,-7.07343],[-69.41469,-7.06092],[-69.40165,-7.05258],[-69.40374,-7.04423],[-69.37611,-7.01661],[-69.36047,-7.01139],[-69.35473,-7.01661],[-69.3391,-7.01087],[-69.32346,-7.01452],[-69.30834,-7.00722],[-69.2854,-7.01139],[-69.26559,-6.99576],[-69.25881,-7.00253],[-69.24995,-6.99941],[-69.21659,-6.97699],[-69.19209,-6.94415],[-69.18166,-6.94415],[-69.16498,-6.95979],[-69.13839,-6.95562],[-69.13214,-6.96031],[-69.13318,-6.99159],[-69.12641,-7.01505],[-69.11859,-7.01661],[-69.10868,-7.02808],[-69.09304,-7.02547],[-69.08679,-7.04737],[-69.07636,-7.03538],[-69.06854,-7.03434],[-69.06437,-7.04998],[-69.05812,-7.05415],[-69.03935,-7.02808],[-69.01693,-7.02756],[-69.01172,-7.03382],[-69.01276,-7.04216],[-69.0258,-7.05102],[-69.03362,-7.06405],[-69.03205,-7.07187],[-69.02475,-7.075],[-69.01641,-7.075],[-68.98826,-7.05467],[-68.97471,-7.06197],[-68.9695,-7.06823],[-68.97054,-7.07605],[-68.9622,-7.07761],[-68.95646,-7.07083],[-68.94447,-7.08334],[-68.93092,-7.07552],[-68.9231,-7.09012],[-68.91633,-7.09481],[-68.90955,-7.09064],[-68.90225,-7.1042],[-68.89495,-7.10628],[-68.87879,-7.10733],[-68.86315,-7.10263],[-68.83344,-7.11254],[-68.82875,-7.10628],[-68.80581,-7.09847],[-68.72918,-7.12141],[-68.71354,-7.11723],[-68.69529,-7.10212],[-68.65568,-7.10316],[-68.60459,-7.14122],[-68.5926,-7.16051],[-68.59834,-7.17823],[-68.58374,-7.18292],[-68.5655,-7.19961],[-68.56602,-7.20795],[-68.57332,-7.21107],[-68.57436,-7.21889],[-68.54204,-7.22306],[-68.53318,-7.246],[-68.51858,-7.24079],[-68.50711,-7.25122],[-68.49773,-7.25278],[-68.47583,-7.21942],[-68.49043,-7.19075],[-68.48417,-7.17615],[-68.48678,-7.16051],[-68.46123,-7.14122],[-68.45654,-7.15634],[-68.43361,-7.16572],[-68.43204,-7.17354],[-68.41797,-7.16625],[-68.40598,-7.17615],[-68.39399,-7.16781],[-68.38669,-7.17876],[-68.37574,-7.17459],[-68.3601,-7.17719],[-68.34446,-7.17355],[-68.33247,-7.16208],[-68.32413,-7.16364],[-68.31892,-7.15791],[-68.27252,-7.17668],[-68.25376,-7.16312],[-68.20892,-7.14488],[-68.19641,-7.13497],[-68.1813,-7.14019],[-68.17713,-7.14592],[-68.17765,-7.16208],[-68.17191,-7.16782],[-68.15523,-7.16677],[-68.14376,-7.15478],[-68.12969,-7.1626],[-68.11405,-7.1454],[-68.08329,-7.14644],[-68.07651,-7.14332],[-68.06348,-7.12194],[-68.04054,-7.11621],[-68.02751,-7.12455],[-68.01813,-7.13758],[-68.00979,-7.13758],[-67.99988,-7.14957],[-67.97747,-7.14488],[-67.96235,-7.15062],[-67.95453,-7.14853],[-67.93576,-7.16313],[-67.91387,-7.15427],[-67.90084,-7.16469],[-67.89093,-7.18659],[-67.89667,-7.19232],[-67.89458,-7.19962],[-67.88155,-7.20849],[-67.88155,-7.22517],[-67.87582,-7.23976],[-67.90293,-7.25957],[-67.88364,-7.27],[-67.87686,-7.25592],[-67.86174,-7.2601],[-67.83881,-7.25123],[-67.83151,-7.25488],[-67.80857,-7.24811],[-67.79502,-7.25645],[-67.77834,-7.25645],[-67.75748,-7.26687],[-67.75279,-7.26062],[-67.72933,-7.25593],[-67.70848,-7.2674],[-67.70744,-7.28356],[-67.69128,-7.30858],[-67.69754,-7.33048],[-67.6918,-7.33673],[-67.67512,-7.3409],[-67.66782,-7.33725],[-67.65427,-7.3555],[-67.65375,-7.37166],[-67.64385,-7.38313],[-67.64124,-7.39825],[-67.62508,-7.39981],[-67.61153,-7.40972],[-67.57556,-7.37844],[-67.56461,-7.3482],[-67.51769,-7.31797],[-67.51508,-7.30233],[-67.50257,-7.29138],[-67.49736,-7.27574],[-67.49996,-7.24655],[-67.46816,-7.25958],[-67.45513,-7.27887],[-67.44158,-7.28617],[-67.41812,-7.28252],[-67.40404,-7.28774],[-67.34826,-7.27679],[-67.33784,-7.26532],[-67.33627,-7.25698],[-67.34722,-7.17253],[-67.32897,-7.15741],[-67.32741,-7.15011],[-67.29509,-7.11623],[-67.29352,-7.10841],[-67.27788,-7.10215],[-67.26276,-7.07453],[-67.23878,-7.074],[-67.23461,-7.06775],[-67.21845,-7.06775],[-67.2049,-7.05837],[-67.1804,-7.05785],[-67.16632,-7.06358],[-67.15798,-7.05003],[-67.15068,-7.04794],[-67.14495,-7.05368],[-67.13869,-7.04951],[-67.134,-7.03439],[-67.12253,-7.02344],[-67.1022,-7.01771],[-67.09751,-7.01145],[-67.07301,-7.00728],[-67.05998,-7.02709],[-67.05216,-7.02553],[-67.05059,-7.03335],[-67.04225,-7.03335],[-67.0386,-7.04012],[-67.03026,-7.08756],[-67.00003,-7.09121],[-66.9943,-7.1178],[-66.96302,-7.13344],[-66.95833,-7.1569],[-66.94477,-7.17671],[-66.94217,-7.19183],[-66.94895,-7.20695],[-66.95885,-7.21581],[-66.94165,-7.24604],[-66.93539,-7.25178],[-66.91923,-7.25126],[-66.91402,-7.25699],[-66.9062,-7.2523],[-66.89578,-7.26533],[-66.88014,-7.2669],[-66.87284,-7.27837],[-66.85147,-7.28984],[-66.85407,-7.29974],[-66.83322,-7.30548],[-66.81341,-7.32007],[-66.80768,-7.3133],[-66.80142,-7.31955],[-66.7936,-7.31955],[-66.78996,-7.33676],[-66.77849,-7.34822],[-66.75347,-7.34875],[-66.73626,-7.37794],[-66.72062,-7.37116],[-66.69665,-7.41078],[-66.6711,-7.42955],[-66.67371,-7.44519],[-66.65077,-7.45822],[-66.64191,-7.45666],[-66.63149,-7.46709],[-66.61585,-7.46917],[-66.60907,-7.48377],[-66.59812,-7.47908],[-66.5903,-7.48377],[-66.58822,-7.49837],[-66.54756,-7.48794],[-66.53348,-7.49732],[-66.50221,-7.5041],[-66.48813,-7.51557],[-66.47718,-7.50515],[-66.47041,-7.50932],[-66.45789,-7.49889],[-66.4506,-7.50463],[-66.42922,-7.50254],[-66.42505,-7.4869],[-66.40264,-7.48012],[-66.3896,-7.49003],[-66.38595,-7.48273],[-66.37761,-7.48377],[-66.37344,-7.49941],[-66.36458,-7.50254],[-66.37084,-7.51766],[-66.36354,-7.54894],[-66.37605,-7.56145],[-66.39795,-7.57031],[-66.43809,-7.56405],[-66.46989,-7.56562],[-66.47302,-7.58126],[-66.49491,-7.59116],[-66.5043,-7.60993],[-66.50377,-7.62557],[-66.49231,-7.64642],[-66.49908,-7.66102],[-66.50795,-7.66414],[-66.5142,-7.65997],[-66.5069,-7.63704],[-66.51055,-7.62974],[-66.52567,-7.62609],[-66.53088,-7.60315],[-66.5387,-7.5995],[-66.5533,-7.60367],[-66.55903,-7.62661],[-66.57676,-7.6412],[-66.5924,-7.6386],[-66.61533,-7.61566],[-66.62159,-7.62087],[-66.61221,-7.64225],[-66.63202,-7.65476],[-66.62993,-7.66362],[-66.60856,-7.673],[-66.6096,-7.6803],[-66.61638,-7.68395],[-66.63931,-7.67717],[-66.65704,-7.70376],[-66.66434,-7.70741],[-66.67372,-7.69438],[-66.705,-7.70011],[-66.71178,-7.72148],[-66.70917,-7.72878],[-66.71438,-7.73452],[-66.72846,-7.7267],[-66.7441,-7.7293],[-66.74358,-7.74546],[-66.73836,-7.75172],[-66.7613,-7.78247],[-66.7832,-7.78925],[-66.79988,-7.80489],[-66.815,-7.80697],[-66.8322,-7.82313],[-66.81239,-7.83565],[-66.81344,-7.86797],[-66.82126,-7.86797],[-66.82908,-7.87787],[-66.83585,-7.89716],[-66.84419,-7.89872],[-66.85514,-7.92948],[-66.86244,-7.93209],[-66.86088,-7.94825],[-66.87548,-7.97588],[-66.88121,-8.01497],[-66.86609,-8.04365],[-66.86714,-8.05981],[-66.86088,-8.0817],[-66.87861,-8.10777],[-66.88539,-8.13018],[-66.88487,-8.14687],[-66.88122,-8.15468],[-66.86141,-8.16876],[-66.85985,-8.19274],[-66.86767,-8.20629],[-66.88852,-8.21516],[-66.90468,-8.23392],[-66.90885,-8.25686],[-66.92136,-8.26781],[-66.93648,-8.3043],[-66.93492,-8.32098],[-66.9198,-8.34131],[-66.91355,-8.38093],[-66.90833,-8.38719],[-66.91355,-8.40648],[-66.92502,-8.41847],[-66.93075,-8.43463],[-66.92398,-8.44818],[-66.92815,-8.456],[-66.94952,-8.46851],[-67.05691,-8.50448],[-67.41296,-8.50655],[-67.41765,-8.53053],[-67.42755,-8.54565],[-67.4359,-8.54409],[-67.43798,-8.55191],[-67.45362,-8.54722],[-67.47395,-8.55556],[-67.47343,-8.5738],[-67.48125,-8.57641],[-67.48907,-8.56233],[-67.50731,-8.57432],[-67.51305,-8.56911],[-67.5266,-8.57641],[-67.53338,-8.57171],[-67.52452,-8.55972],[-67.52973,-8.55347],[-67.54276,-8.54461],[-67.55319,-8.54826],[-67.56518,-8.54304],[-67.57612,-8.52792],[-67.58655,-8.53209],[-67.59645,-8.51124],[-67.60323,-8.50759],[-67.60167,-8.4956],[-67.61313,-8.48413],[-67.62773,-8.4784],[-67.64076,-8.48726],[-67.6465,-8.481],[-67.65692,-8.48152],[-67.66005,-8.45911],[-67.67413,-8.4638],[-67.67882,-8.44816],[-67.69967,-8.43721],[-67.71583,-8.4393],[-67.7273,-8.43043],[-67.7346,-8.43304],[-67.74033,-8.42053],[-67.75284,-8.42887],[-67.76796,-8.40958],[-67.77369,-8.41584],[-67.78099,-8.41219],[-67.78099,-8.40385],[-67.79402,-8.38195],[-67.81175,-8.37778],[-67.82634,-8.38091],[-67.82843,-8.37309],[-67.8352,-8.36944],[-67.84302,-8.36892],[-67.84772,-8.37569],[-67.86283,-8.37257],[-67.8816,-8.35745],[-67.88785,-8.36266],[-67.90089,-8.35276],[-67.90818,-8.34494],[-67.90141,-8.3319],[-67.90923,-8.32825],[-67.9087,-8.31991],[-67.93477,-8.28081],[-67.92747,-8.26622],[-67.94311,-8.26257],[-67.94311,-8.25058],[-67.95666,-8.24328],[-67.95614,-8.23546],[-67.96239,-8.23025],[-67.97751,-8.22816],[-67.98012,-8.19636],[-67.99524,-8.19584],[-67.99993,-8.18072],[-68.0067,-8.17655],[-68.02912,-8.1802],[-68.04059,-8.15883],[-68.06092,-8.15622],[-68.07447,-8.13693],[-68.08802,-8.14214],[-68.09584,-8.12911],[-68.10471,-8.13067],[-68.1193,-8.12337],[-68.13494,-8.12494],[-68.15475,-8.13693],[-68.1683,-8.13276],[-68.16726,-8.11712],[-68.17456,-8.11347],[-68.18238,-8.09157],[-68.19541,-8.09626],[-68.19437,-8.08167],[-68.21887,-8.07958],[-68.21835,-8.08792],[-68.23399,-8.08323],[-68.23868,-8.08949],[-68.25275,-8.08323],[-68.25484,-8.09105],[-68.27048,-8.08375],[-68.29341,-8.09105],[-68.33772,-8.07437],[-68.3445,-8.07958],[-68.36014,-8.07593],[-68.36587,-8.08062],[-68.37421,-8.07958],[-68.39559,-8.07124],[-68.40601,-8.05925],[-68.42895,-8.05508],[-68.42947,-8.04673],[-68.43729,-8.04465],[-68.45293,-8.04986],[-68.46753,-8.04673],[-68.47482,-8.06081],[-68.50037,-8.04673],[-68.50871,-8.05924],[-68.53113,-8.0655],[-68.54676,-8.07749],[-68.57596,-8.08844],[-68.61453,-8.08061],[-68.63434,-8.06862],[-68.6651,-8.06497],[-68.69481,-8.07175],[-68.7532,-8.09364],[-68.77301,-8.10668],[-68.78813,-8.10563],[-68.81628,-8.14473],[-68.83974,-8.14525],[-68.85016,-8.15933],[-68.87206,-8.16975],[-68.87258,-8.17705],[-68.86059,-8.19425],[-68.86163,-8.20364],[-68.87154,-8.21719],[-68.87258,-8.24169],[-68.86372,-8.26411],[-68.85225,-8.27558],[-68.8606,-8.31468],[-68.85747,-8.32302],[-68.86268,-8.32875],[-68.85226,-8.34074],[-68.85434,-8.34856],[-68.91429,-8.39391],[-68.91169,-8.41007],[-68.91847,-8.42519],[-68.91117,-8.44031],[-68.9388,-8.48149],[-68.9461,-8.50651],[-68.96382,-8.52163],[-68.98676,-8.52267],[-68.98832,-8.52997],[-69.00448,-8.53675],[-69.02065,-8.55656],[-69.01387,-8.5722],[-69.02325,-8.5748],[-69.05662,-8.56803],[-69.07173,-8.5722],[-69.08059,-8.54978],[-69.09102,-8.54665],[-69.11865,-8.5675],[-69.15201,-8.57324],[-69.16609,-8.58418],[-69.18903,-8.57741],[-69.20154,-8.56542],[-69.21092,-8.56385],[-69.21874,-8.5675],[-69.2349,-8.58835],[-69.23855,-8.61338],[-69.24533,-8.61859],[-69.25106,-8.6139],[-69.27661,-8.61754],[-69.29485,-8.61181],[-69.31727,-8.62484],[-69.34438,-8.63058],[-69.38504,-8.61337],[-69.40224,-8.6165],[-69.41006,-8.61337],[-69.41736,-8.61598],[-69.43404,-8.641],[-69.54924,-8.57896],[-69.75984,-8.46531],[-69.74525,-8.4455],[-69.73951,-8.41996],[-69.74733,-8.40588],[-69.74524,-8.3892],[-69.75567,-8.37617],[-69.74524,-8.31778],[-69.74993,-8.28702],[-69.75723,-8.28129],[-69.74993,-8.26461],[-69.75931,-8.23124],[-69.75827,-8.16921],[-69.76661,-8.16452],[-69.78016,-8.17442],[-69.80206,-8.16347],[-69.79997,-8.15409],[-69.78225,-8.15461],[-69.77756,-8.14679],[-69.78277,-8.14001],[-69.77964,-8.13063],[-69.77234,-8.12855],[-69.77026,-8.1103],[-69.77495,-8.09518],[-69.7958,-8.08058],[-69.80153,-8.0566],[-69.80049,-8.04044],[-69.78641,-7.9977],[-69.79788,-7.97632],[-69.79996,-7.95078],[-69.78849,-7.93931],[-69.78432,-7.90751],[-69.79058,-7.89187],[-69.79788,-7.88979],[-69.79735,-7.8731],[-69.79162,-7.86685],[-69.7666,-7.86268],[-69.76295,-7.84235],[-69.74991,-7.83401],[-69.74314,-7.82097],[-69.7301,-7.81941],[-69.70404,-7.78657],[-69.69622,-7.78448],[-69.6811,-7.7923],[-69.67224,-7.77979],[-69.66494,-7.78084],[-69.65608,-7.76624],[-69.64826,-7.76937],[-69.63992,-7.75686],[-69.62428,-7.75164],[-69.61072,-7.7334],[-69.61489,-7.71724],[-69.59769,-7.69013],[-69.57527,-7.68961],[-69.56015,-7.67188],[-69.5565,-7.65051],[-69.57214,-7.64426],[-69.58674,-7.62601],[-69.59195,-7.61141],[-69.55806,-7.57701],[-69.55442,-7.56971],[-69.56484,-7.55615],[-69.56276,-7.54886],[-69.55233,-7.53634],[-69.53304,-7.48839],[-69.52001,-7.47848],[-69.50801,-7.45815],[-69.52365,-7.44303],[-69.52,-7.42009],[-69.51531,-7.41332],[-69.49029,-7.40393],[-69.49602,-7.38152],[-69.51114,-7.3591],[-69.48559,-7.32939],[-69.48455,-7.31375],[-69.49341,-7.30124],[-69.49185,-7.2783],[-69.4736,-7.25119],[-69.47829,-7.22304],[-69.49028,-7.20219]]]},"properties":{"CD_MUN":"1303502","NM_MUN":"Pauini","SIGLA_UF":"AM"}},{"type":"Feature","geometry":{"type":"Polygon","coordinates":[[[-57.40584,-2.37936],[-57.26405,-2.34913],[-57.25623,-2.35278],[-57.23694,-2.38041],[-57.22078,-2.39031],[-57.21244,-2.38718],[-57.20566,-2.37154],[-57.19159,-2.36425],[-57.17178,-2.3314],[-57.14363,-2.33558],[-57.10974,-2.33193],[-57.05761,-2.35487],[-57.03937,-2.37259],[-57.02946,-2.3752],[-56.96899,-2.38041],[-56.95023,-2.36686],[-56.92885,-2.37885],[-56.93302,-2.38563],[-56.92833,-2.41117],[-56.94606,-2.4169],[-56.9471,-2.42525],[-56.88872,-2.42629],[-56.87568,-2.41743],[-56.87516,-2.3997],[-56.86473,-2.40127],[-56.86369,-2.42003],[-56.85327,-2.42108],[-56.83189,-2.40596],[-56.77038,-2.41952],[-56.7709,-2.39971],[-56.77924,-2.38563],[-56.73076,-2.37885],[-56.71199,-2.37104],[-56.68384,-2.37938],[-56.6729,-2.37781],[-56.67498,-2.36791],[-56.64057,-2.35436],[-56.61816,-2.31839],[-56.58844,-2.32412],[-56.5337,-2.28607],[-56.53058,-2.27877],[-56.53892,-2.26313],[-56.51806,-2.24384],[-56.4993,-2.24749],[-56.48939,-2.26574],[-56.46541,-2.25948],[-56.45186,-2.27564],[-56.443,-2.27877],[-56.41172,-2.26991],[-56.40025,-2.27773],[-56.38878,-2.27773],[-56.41329,-2.3236],[-56.41746,-2.3554],[-56.46438,-2.42213],[-56.46334,-2.43099],[-56.43623,-2.43933],[-56.42424,-2.44872],[-56.40704,-2.44924],[-56.40078,-2.4555],[-56.49931,-2.65985],[-56.76677,-3.24214],[-56.80899,-3.33285],[-56.82151,-3.32294],[-56.83819,-3.32138],[-56.85122,-3.30052],[-56.86008,-3.30105],[-56.86634,-3.29583],[-56.89188,-3.29844],[-56.93098,-3.27758],[-56.94088,-3.23223],[-56.96225,-3.21711],[-56.97059,-3.20408],[-56.9831,-3.21659],[-56.99197,-3.21763],[-56.99926,-3.21398],[-57.02898,-3.21503],[-57.04618,-3.20877],[-57.0394,-3.19],[-57.04618,-3.18479],[-57.04618,-3.17697],[-57.03575,-3.15664],[-57.02116,-3.14048],[-57.01959,-3.11963],[-56.99509,-3.07062],[-56.99926,-3.06072],[-56.99509,-3.04404],[-56.99821,-3.02944],[-57.01385,-3.02475],[-57.01698,-3.01745],[-57.04096,-3.02735],[-57.042,-3.01901],[-57.02636,-2.99973],[-57.01541,-2.97522],[-57.01333,-2.93039],[-56.98257,-2.9184],[-56.96745,-2.90537],[-56.93982,-2.90693],[-56.91636,-2.89338],[-56.883,-2.90694],[-56.87362,-2.90589],[-56.85902,-2.91893],[-56.83243,-2.87618],[-56.83504,-2.85481],[-56.81992,-2.80841],[-56.81471,-2.7714],[-56.81835,-2.76201],[-56.82669,-2.76097],[-56.8366,-2.74533],[-56.84702,-2.74377],[-56.86214,-2.75002],[-56.8929,-2.77452],[-56.94555,-2.7495],[-56.92418,-2.72396],[-56.92939,-2.71614],[-56.91218,-2.68903],[-56.92834,-2.68121],[-56.93668,-2.66609],[-56.97474,-2.67599],[-56.98777,-2.68955],[-57.01384,-2.68955],[-57.03052,-2.70623],[-57.0691,-2.72135],[-57.0962,-2.72447],[-57.10298,-2.71717],[-57.12123,-2.72134],[-57.13947,-2.71665],[-57.16658,-2.72551],[-57.18066,-2.71769],[-57.17805,-2.70049],[-57.18482,-2.68485],[-57.20359,-2.68224],[-57.22079,-2.69267],[-57.26093,-2.67651],[-57.28231,-2.66035],[-57.30055,-2.63324],[-57.31098,-2.63011],[-57.34382,-2.63272],[-57.35998,-2.6421],[-57.3777,-2.6421],[-57.4022,-2.62281],[-57.41211,-2.62072],[-57.41471,-2.59466],[-57.42827,-2.58892],[-57.28855,-2.48832],[-57.32817,-2.45443],[-57.33182,-2.43462],[-57.34172,-2.42159],[-57.40584,-2.37936]]]},"properties":{"CD_MUN":"1303403","NM_MUN":"Parintins","SIGLA_UF":"AM"}},{"type":"Feature","geometry":{"type":"Polygon","coordinates":[[[-66.00046,-1.41263],[-65.98117,-1.41628],[-65.94103,-1.41159],[-65.92279,-1.41576],[-65.89308,-1.4314],[-65.87535,-1.45903],[-65.85971,-1.4705],[-65.81697,-1.47207],[-65.78204,-1.49292],[-65.75806,-1.50178],[-65.69863,-1.49709],[-65.6611,-1.51482],[-65.64703,-1.53254],[-65.63869,-1.55548],[-65.63869,-1.57477],[-65.64703,-1.60448],[-65.63973,-1.63524],[-65.60376,-1.66183],[-65.55893,-1.65922],[-65.54121,-1.66704],[-65.52401,-1.69676],[-65.52505,-1.76609],[-65.51306,-1.79216],[-65.49482,-1.79737],[-65.48752,-1.7932],[-65.47344,-1.75045],[-65.45676,-1.73794],[-65.43799,-1.73273],[-65.41975,-1.73429],[-65.37075,-1.76193],[-65.32748,-1.76975],[-65.31028,-1.77757],[-65.28995,-1.78486],[-65.22791,-1.77496],[-65.2008,-1.78643],[-65.18621,-1.80937],[-65.17631,-1.8469],[-65.17996,-1.94491],[-65.17058,-1.95846],[-65.13513,-1.97358],[-65.08404,-1.96107],[-65.05693,-1.96889],[-65.04077,-1.95221],[-65.03452,-1.93188],[-65.01001,-1.90477],[-64.98551,-1.8907],[-64.96101,-1.88392],[-64.94277,-1.88601],[-64.93599,-1.89174],[-64.93443,-1.90947],[-64.95059,-1.99131],[-64.92348,-2.03354],[-64.93496,-2.09349],[-64.92974,-2.10913],[-64.88595,-2.09922],[-64.85728,-2.07524],[-64.81141,-2.07785],[-64.80202,-2.07212],[-64.78586,-2.04605],[-64.74937,-2.03511],[-64.71184,-2.01478],[-64.7035,-2.01843],[-64.69098,-2.03615],[-64.68682,-2.05648],[-64.7108,-2.14145],[-64.69985,-2.16179],[-64.66493,-2.19359],[-64.66232,-2.2134],[-64.63573,-2.2134],[-64.62218,-2.23738],[-64.61488,-2.24051],[-64.60498,-2.22434],[-64.59768,-2.22017],[-64.56119,-2.23894],[-64.53252,-2.24416],[-64.51062,-2.23425],[-64.5028,-2.19098],[-64.4955,-2.17952],[-64.48612,-2.18004],[-64.46162,-2.18421],[-64.40688,-2.20663],[-64.36622,-2.2525],[-64.36622,-2.26397],[-64.40219,-2.27023],[-64.41627,-2.28326],[-64.4267,-2.28482],[-64.44234,-2.27909],[-64.44911,-2.28274],[-64.44755,-2.32027],[-64.45276,-2.32653],[-64.52053,-2.3161],[-64.52835,-2.33591],[-64.51741,-2.37605],[-64.49082,-2.42922],[-64.48926,-2.45946],[-64.47727,-2.47041],[-64.46059,-2.46988],[-64.45694,-2.47927],[-64.46424,-2.52149],[-64.45538,-2.53609],[-64.42619,-2.55799],[-64.42775,-2.58405],[-64.41524,-2.6195],[-64.42202,-2.63566],[-64.41681,-2.64609],[-64.35946,-2.65704],[-64.33184,-2.6805],[-64.33497,-2.70656],[-64.35269,-2.72741],[-64.37928,-2.72533],[-64.38553,-2.73054],[-64.39283,-2.72481],[-64.40899,-2.72533],[-64.43871,-2.75087],[-64.45539,-2.74461],[-64.49136,-2.74461],[-64.49918,-2.74618],[-64.50543,-2.75556],[-64.49344,-2.76911],[-64.49605,-2.7858],[-64.48979,-2.79727],[-64.46999,-2.80926],[-64.46894,-2.81968],[-64.4507,-2.85096],[-64.43662,-2.86087],[-64.44549,-2.89214],[-64.43767,-2.91925],[-64.44132,-2.93281],[-64.42203,-2.95992],[-64.40222,-2.96461],[-64.39232,-2.98337],[-64.37199,-2.99172],[-64.36834,-3.00683],[-64.34436,-3.01518],[-64.33133,-3.02664],[-64.32768,-3.03446],[-64.33394,-3.04958],[-64.3282,-3.05688],[-64.32925,-3.07513],[-64.32403,-3.08138],[-64.32664,-3.0892],[-64.32038,-3.09546],[-64.29276,-3.09963],[-64.28598,-3.09494],[-64.28702,-3.08555],[-64.26982,-3.08086],[-64.26252,-3.08503],[-64.2719,-3.09911],[-64.26461,-3.1038],[-64.25001,-3.09807],[-64.24219,-3.10536],[-64.24584,-3.11423],[-64.25366,-3.11058],[-64.26304,-3.11475],[-64.26409,-3.1429],[-64.28025,-3.13873],[-64.28598,-3.15749],[-64.28285,-3.16427],[-64.25835,-3.17366],[-64.24167,-3.19451],[-64.23333,-3.19451],[-64.22708,-3.21119],[-64.21717,-3.21432],[-64.2203,-3.22162],[-64.21717,-3.22944],[-64.20101,-3.23569],[-64.1859,-3.25915],[-64.18173,-3.24143],[-64.16974,-3.25081],[-64.16244,-3.24768],[-64.15201,-3.25342],[-64.14471,-3.26854],[-64.15462,-3.28887],[-64.14941,-3.29669],[-64.14263,-3.30451],[-64.1322,-3.28418],[-64.12751,-3.29304],[-64.11292,-3.29147],[-64.11135,-3.30034],[-64.10458,-3.30607],[-64.10249,-3.33057],[-64.0879,-3.32953],[-64.08164,-3.33891],[-64.07903,-3.35872],[-64.10249,-3.37071],[-64.12282,-3.36967],[-64.12647,-3.39521],[-64.14628,-3.42441],[-64.14524,-3.44839],[-64.13065,-3.45517],[-64.15463,-3.48592],[-64.15515,-3.51094],[-64.11136,-3.52763],[-64.10459,-3.54275],[-64.08634,-3.5344],[-64.06757,-3.54066],[-64.05298,-3.55317],[-64.05089,-3.56047],[-64.0707,-3.56464],[-64.0707,-3.57559],[-64.0608,-3.58184],[-64.05089,-3.57767],[-64.03108,-3.58445],[-64.01909,-3.59905],[-64.01597,-3.62668],[-64.01023,-3.63189],[-63.98,-3.60843],[-63.97218,-3.61052],[-63.96592,-3.6345],[-63.95602,-3.63137],[-63.94768,-3.60791],[-63.93934,-3.60896],[-63.93621,-3.64336],[-63.92683,-3.64232],[-63.9091,-3.66369],[-63.91275,-3.67099],[-63.93465,-3.66369],[-63.93204,-3.68038],[-63.91797,-3.68924],[-63.92214,-3.74554],[-63.91171,-3.76014],[-63.89608,-3.76796],[-63.87731,-3.79298],[-63.8403,-3.79924],[-63.82205,-3.78151],[-63.78295,-3.78099],[-63.76627,-3.78516],[-63.7522,-3.79559],[-63.86532,-3.81018],[-63.94143,-3.81174],[-63.95446,-3.80132],[-63.97688,-3.76378],[-63.97323,-3.74449],[-63.98157,-3.71947],[-63.98,-3.71061],[-64.01076,-3.70018],[-64.01649,-3.7054],[-64.07071,-3.70331],[-64.09834,-3.6981],[-64.12805,-3.68193],[-64.18852,-3.65899],[-64.2125,-3.62667],[-64.28444,-3.57454],[-64.35377,-3.53753],[-64.39495,-3.50573],[-64.44134,-3.46402],[-64.45698,-3.41971],[-64.52787,-3.32483],[-64.55706,-3.30919],[-64.59668,-3.29928],[-64.66653,-3.26592],[-64.71293,-3.21795],[-64.75672,-3.18563],[-64.77757,-3.15644],[-64.7833,-3.13924],[-64.78069,-3.13089],[-64.76505,-3.12151],[-64.73951,-3.12725],[-64.72179,-3.12412],[-64.71501,-3.1064],[-64.77652,-3.05478],[-64.80988,-3.00005],[-64.81509,-2.97867],[-64.81249,-2.94166],[-64.81874,-2.93332],[-64.85523,-2.91611],[-64.86878,-2.89161],[-64.89224,-2.87284],[-64.89797,-2.86138],[-64.87243,-2.79569],[-64.8693,-2.75711],[-64.87555,-2.73209],[-64.89276,-2.71749],[-64.97251,-2.72062],[-64.99128,-2.70811],[-65.00014,-2.68986],[-64.98606,-2.60802],[-64.98763,-2.58612],[-64.9944,-2.57153],[-65.06425,-2.49385],[-65.0924,-2.43911],[-65.11899,-2.40001],[-65.14036,-2.33798],[-65.14661,-2.32964],[-65.18362,-2.31087],[-65.19301,-2.27959],[-65.21438,-2.28376],[-65.22064,-2.29262],[-65.2149,-2.32651],[-65.21803,-2.34632],[-65.21543,-2.37551],[-65.21908,-2.38281],[-65.23628,-2.3901],[-65.26756,-2.37551],[-65.27277,-2.36821],[-65.28006,-2.32025],[-65.29518,-2.30982],[-65.30196,-2.31503],[-65.30457,-2.33328],[-65.32594,-2.35413],[-65.34992,-2.33849],[-65.35826,-2.34266],[-65.36295,-2.33432],[-65.37025,-2.33641],[-65.37025,-2.35778],[-65.37703,-2.36091],[-65.40309,-2.34996],[-65.4203,-2.35517],[-65.42655,-2.36143],[-65.42395,-2.38958],[-65.46148,-2.40782],[-65.47399,-2.39166],[-65.47347,-2.37029],[-65.46982,-2.36038],[-65.45366,-2.34683],[-65.45314,-2.33745],[-65.45626,-2.32963],[-65.4938,-2.32024],[-65.51569,-2.32337],[-65.5183,-2.33171],[-65.51413,-2.34891],[-65.49276,-2.34631],[-65.48442,-2.351],[-65.49849,-2.38801],[-65.50683,-2.38958],[-65.52299,-2.38436],[-65.5428,-2.35882],[-65.5746,-2.37394],[-65.58659,-2.38749],[-65.60588,-2.38905],[-65.61161,-2.38228],[-65.61474,-2.36611],[-65.60171,-2.32858],[-65.59441,-2.32076],[-65.61943,-2.30721],[-65.62621,-2.29157],[-65.60796,-2.28844],[-65.58398,-2.26342],[-65.58554,-2.25299],[-65.59284,-2.24569],[-65.60952,-2.23996],[-65.64862,-2.25351],[-65.65748,-2.27488],[-65.67521,-2.27749],[-65.69554,-2.25716],[-65.73359,-2.26394],[-65.75549,-2.25455],[-65.79354,-2.25142],[-65.80501,-2.26498],[-65.81752,-2.25299],[-65.84306,-2.24777],[-65.85662,-2.28895],[-65.87017,-2.29938],[-65.89103,-2.30303],[-65.89415,-2.25976],[-65.92022,-2.25872],[-65.93377,-2.24933],[-65.94889,-2.17426],[-65.95462,-2.1654],[-65.99267,-2.15237],[-66.00049,-2.14403],[-66.00046,-1.41263]]]},"properties":{"CD_MUN":"1302801","NM_MUN":"Maraã","SIGLA_UF":"AM"}},{"type":"Feature","geometry":{"type":"Polygon","coordinates":[[[-61.29222,-4.71107],[-60.91274,-5.11196],[-60.72507,-5.11249],[-60.74488,-5.14533],[-60.7454,-5.15315],[-60.7381,-5.1568],[-60.73654,-5.16462],[-60.78085,-5.1959],[-60.80744,-5.22718],[-60.81682,-5.26575],[-60.83507,-5.30172],[-60.86009,-5.29964],[-60.89815,-5.31058],[-60.90388,-5.31684],[-60.90076,-5.33978],[-60.90493,-5.34707],[-60.9164,-5.3575],[-60.93933,-5.36323],[-60.94246,-5.37001],[-60.8945,-5.38096],[-60.86322,-5.37731],[-60.821,-5.40181],[-60.8137,-5.39869],[-60.81318,-5.39087],[-60.78711,-5.38618],[-60.75531,-5.35177],[-60.75427,-5.34395],[-60.74072,-5.33561],[-60.7282,-5.31476],[-60.71517,-5.30537],[-60.62551,-5.29547],[-60.56139,-5.26367],[-60.56295,-5.27358],[-60.57546,-5.284],[-60.57494,-5.30017],[-60.56869,-5.30642],[-60.56764,-5.33666],[-60.5984,-5.36272],[-60.5984,-5.3867],[-60.59371,-5.39348],[-60.59893,-5.40026],[-60.58746,-5.40651],[-60.5786,-5.42945],[-60.57078,-5.43206],[-60.57182,-5.4404],[-60.57964,-5.45343],[-60.58642,-5.45708],[-60.59319,-5.45395],[-60.60153,-5.46646],[-60.60935,-5.46698],[-60.61196,-5.48314],[-60.6276,-5.48575],[-60.62864,-5.51025],[-60.6422,-5.52068],[-60.63699,-5.52693],[-60.64637,-5.53944],[-60.63751,-5.54674],[-60.63907,-5.55404],[-60.63282,-5.55873],[-60.64533,-5.59731],[-60.64481,-5.62181],[-60.63908,-5.63641],[-60.63073,-5.63484],[-60.62187,-5.64683],[-60.62813,-5.66143],[-60.64377,-5.6656],[-60.6495,-5.68854],[-60.63439,-5.71304],[-60.62657,-5.71095],[-60.6224,-5.71721],[-60.5932,-5.70626],[-60.58539,-5.71982],[-60.56349,-5.72086],[-60.55984,-5.72816],[-60.5515,-5.73024],[-60.55515,-5.74641],[-60.56923,-5.75422],[-60.56558,-5.76152],[-60.53169,-5.77508],[-60.54421,-5.80427],[-60.54525,-5.81261],[-60.53691,-5.82617],[-60.56714,-5.83711],[-60.57496,-5.86057],[-60.58226,-5.86422],[-60.56402,-5.87986],[-60.55881,-5.89446],[-60.5463,-5.9028],[-60.54369,-5.92574],[-60.55047,-5.93095],[-60.55568,-5.94502],[-60.56298,-5.94294],[-60.57705,-5.95024],[-60.58748,-5.97995],[-60.59791,-5.99194],[-60.59687,-5.99976],[-60.61615,-6.01331],[-60.62502,-6.02739],[-60.63127,-6.05762],[-60.61459,-6.07431],[-60.59113,-6.06962],[-60.58384,-6.07326],[-60.58592,-6.11236],[-60.57081,-6.11393],[-60.5682,-6.12123],[-60.53744,-6.13009],[-60.53327,-6.15928],[-60.54683,-6.16762],[-60.55517,-6.19786],[-60.55621,-6.20568],[-60.54787,-6.21923],[-60.55204,-6.24947],[-60.52963,-6.26146],[-60.51243,-6.28648],[-60.51503,-6.29482],[-60.54631,-6.3188],[-60.54269,-6.93499],[-61.0692,-6.93654],[-61.07911,-6.93914],[-61.09735,-6.97199],[-61.09423,-6.98919],[-61.12967,-6.99961],[-61.14949,-7.02516],[-61.15678,-7.02516],[-61.17034,-7.01421],[-61.18076,-7.02203],[-61.18076,-7.04549],[-61.16095,-7.05592],[-61.15731,-7.06895],[-61.15731,-7.10544],[-61.16513,-7.1044],[-61.2011,-7.11899],[-61.2037,-7.12629],[-61.22039,-7.12473],[-61.24332,-7.14558],[-61.24437,-7.15392],[-61.2428,-7.16226],[-61.21726,-7.17477],[-61.20058,-7.20136],[-61.20423,-7.217],[-61.21674,-7.2243],[-61.20944,-7.22899],[-61.20579,-7.24358],[-61.19016,-7.24671],[-61.18911,-7.25453],[-61.21257,-7.25349],[-61.24072,-7.27017],[-61.24385,-7.29207],[-61.25271,-7.3051],[-61.27513,-7.29884],[-61.2793,-7.30562],[-61.27409,-7.31187],[-61.27826,-7.31865],[-61.2866,-7.31865],[-61.29703,-7.33168],[-61.31214,-7.33794],[-61.31631,-7.35097],[-61.32778,-7.35671],[-61.31944,-7.36974],[-61.33821,-7.38381],[-61.32779,-7.41874],[-61.31788,-7.42448],[-61.31319,-7.46983],[-61.30068,-7.49016],[-61.29964,-7.51101],[-61.30537,-7.51675],[-61.29912,-7.52196],[-61.29547,-7.54177],[-61.30016,-7.56523],[-61.28557,-7.59286],[-61.29547,-7.6012],[-61.29443,-7.60902],[-61.30225,-7.61319],[-61.29652,-7.61945],[-61.30017,-7.62727],[-61.29756,-7.64343],[-61.29078,-7.64603],[-61.28296,-7.67679],[-61.29183,-7.69086],[-61.29652,-7.71432],[-61.30382,-7.71797],[-61.30434,-7.74195],[-61.32467,-7.75498],[-61.32728,-7.7628],[-61.32989,-7.81024],[-61.33771,-7.83735],[-61.33719,-7.87749],[-61.34501,-7.87697],[-61.35491,-7.89834],[-61.35387,-7.90616],[-61.3325,-7.91138],[-61.31634,-7.93901],[-61.28923,-7.95882],[-61.27411,-7.96351],[-61.27203,-7.97185],[-61.22824,-7.99114],[-61.21208,-8.00626],[-61.20009,-7.9974],[-61.1782,-7.99062],[-61.16256,-7.98801],[-61.14744,-7.99218],[-61.14171,-8.00782],[-61.14536,-8.061],[-61.12555,-8.07612],[-61.12346,-8.08394],[-61.13598,-8.10896],[-61.13546,-8.14545],[-61.13337,-8.15327],[-61.11408,-8.16995],[-61.09636,-8.17673],[-61.08281,-8.18924],[-61.08177,-8.21739],[-61.09167,-8.24189],[-61.10835,-8.26014],[-61.14537,-8.26326],[-61.15996,-8.27161],[-61.17143,-8.25701],[-61.19437,-8.25127],[-61.22252,-8.25701],[-61.25067,-8.2716],[-61.26005,-8.26952],[-61.27361,-8.25701],[-61.27673,-8.22468],[-61.28768,-8.20957],[-61.28768,-8.16682],[-61.32886,-8.12876],[-61.33563,-8.11417],[-61.3544,-8.09436],[-61.3544,-8.07872],[-61.36013,-8.07298],[-61.37629,-8.07037],[-61.39297,-8.05109],[-61.40966,-8.0563],[-61.41539,-8.05004],[-61.41747,-8.03284],[-61.40861,-8.0172],[-61.41487,-8.00417],[-61.42477,-8.00365],[-61.4352,-8.0172],[-61.44562,-8.01981],[-61.46335,-8.05161],[-61.47951,-8.0563],[-61.49984,-8.05473],[-61.50349,-8.04796],[-61.51183,-8.05004],[-61.50923,-8.07454],[-61.48316,-8.08288],[-61.48108,-8.09227],[-61.4915,-8.11729],[-61.48264,-8.12042],[-61.48733,-8.12928],[-61.48421,-8.14544],[-61.49985,-8.1689],[-61.49255,-8.17515],[-61.48421,-8.17568],[-61.47899,-8.16838],[-61.46336,-8.17776],[-61.45762,-8.20435],[-61.44876,-8.20435],[-61.44772,-8.21269],[-61.45293,-8.22833],[-61.44876,-8.24501],[-61.45345,-8.26221],[-61.45085,-8.29766],[-61.47222,-8.34823],[-61.45398,-8.38785],[-61.47692,-8.41235],[-61.49099,-8.41913],[-61.49986,-8.43581],[-61.47171,-8.45614],[-61.46232,-8.46865],[-61.46598,-8.50514],[-61.46024,-8.53069],[-61.45242,-8.53694],[-61.46285,-8.54945],[-61.4983,-8.54998],[-61.51342,-8.55884],[-61.52071,-8.57343],[-61.51394,-8.58751],[-61.51394,-8.62348],[-61.49465,-8.65007],[-61.49517,-8.6704],[-61.5228,-8.68916],[-61.53792,-8.69229],[-61.57389,-8.67509],[-61.59057,-8.65893],[-61.61142,-8.64798],[-61.65104,-8.64641],[-61.68232,-8.65058],[-61.68806,-8.65684],[-61.68701,-8.66518],[-61.71256,-8.68707],[-61.74123,-8.69437],[-61.74384,-8.70167],[-61.73914,-8.70897],[-61.74384,-8.71679],[-61.74801,-8.72304],[-61.7626,-8.72826],[-61.76156,-8.7366],[-61.77407,-8.74754],[-61.80535,-8.74702],[-61.82725,-8.7319],[-61.83559,-8.7319],[-61.84341,-8.7465],[-61.84236,-8.77882],[-61.85488,-8.7882],[-61.86009,-8.8028],[-61.85592,-8.8174],[-61.86322,-8.83095],[-61.85905,-8.85232],[-61.87834,-8.86171],[-61.90232,-8.86223],[-61.91639,-8.86223],[-61.9461,-8.81427],[-61.96643,-8.80019],[-61.98364,-8.77256],[-61.99823,-8.71887],[-61.99562,-8.68759],[-61.97998,-8.67038],[-61.96226,-8.6365],[-61.96903,-8.6219],[-61.97633,-8.61982],[-61.98832,-8.57551],[-61.9878,-8.55935],[-61.97633,-8.53902],[-61.97372,-8.4994],[-61.97893,-8.4848],[-61.97111,-8.48324],[-61.97059,-8.4676],[-61.97789,-8.45248],[-61.97059,-8.44935],[-61.96173,-8.42746],[-61.95078,-8.41651],[-61.94348,-8.39461],[-61.91741,-8.36594],[-61.9049,-8.32841],[-61.91689,-8.31798],[-61.91585,-8.30286],[-61.92158,-8.29713],[-61.91845,-8.28253],[-61.93096,-8.25699],[-61.91845,-8.23718],[-61.9221,-8.21424],[-61.91637,-8.20851],[-61.91532,-8.17775],[-61.92887,-8.16837],[-61.93096,-8.15168],[-61.9393,-8.13865],[-61.93513,-8.13187],[-61.93721,-8.12458],[-61.96536,-8.09851],[-61.96119,-8.086],[-61.95963,-8.0787],[-61.97422,-8.07662],[-61.97527,-8.05107],[-61.98361,-8.04117],[-61.9982,-8.0469],[-62.01228,-8.02292],[-62.02687,-8.02448],[-62.02844,-8.01666],[-62.03521,-8.01249],[-62.05033,-8.01458],[-62.05919,-7.97392],[-62.05085,-7.97131],[-62.05502,-7.96401],[-62.03156,-7.92179],[-62.03521,-7.91501],[-62.03208,-7.90771],[-61.99715,-7.88008],[-61.97943,-7.88008],[-61.97265,-7.87591],[-61.95753,-7.84985],[-61.96431,-7.84307],[-61.9518,-7.83577],[-61.94085,-7.83942],[-61.92521,-7.83629],[-61.92469,-7.82743],[-61.91583,-7.82222],[-61.91374,-7.8071],[-61.90592,-7.81023],[-61.90227,-7.79928],[-61.90696,-7.79303],[-61.88611,-7.7826],[-61.89237,-7.76644],[-61.88768,-7.76018],[-61.87933,-7.76279],[-61.86474,-7.75393],[-61.85692,-7.75549],[-61.84441,-7.74715],[-61.84388,-7.72526],[-61.82825,-7.72839],[-61.8272,-7.72057],[-61.83502,-7.71744],[-61.83242,-7.7044],[-61.82564,-7.7091],[-61.81573,-7.70753],[-61.81938,-7.69971],[-61.81104,-7.68616],[-61.81678,-7.68043],[-61.81365,-7.67313],[-61.81573,-7.65123],[-61.8444,-7.63976],[-61.83919,-7.62517],[-61.85014,-7.61161],[-61.85378,-7.57877],[-61.87516,-7.55635],[-61.8762,-7.54071],[-61.84075,-7.48389],[-61.83866,-7.46825],[-61.82719,-7.45418],[-61.82146,-7.43124],[-61.85221,-7.38693],[-61.85221,-7.37807],[-61.83501,-7.35252],[-61.84178,-7.32229],[-61.88244,-7.31551],[-61.88922,-7.31029],[-61.89078,-7.29466],[-61.89704,-7.28892],[-61.91372,-7.28736],[-61.91685,-7.29518],[-61.93092,-7.28683],[-61.93874,-7.28788],[-61.95125,-7.29882],[-61.97523,-7.27693],[-61.98305,-7.27484],[-61.98149,-7.24252],[-61.98618,-7.23575],[-61.99191,-7.24096],[-62.00078,-7.23835],[-62.04404,-7.21176],[-62.03935,-7.20551],[-62.03101,-7.20655],[-62.00964,-7.21698],[-61.99295,-7.19613],[-61.97732,-7.19873],[-61.97262,-7.19091],[-61.9893,-7.16693],[-61.96168,-7.17319],[-61.95438,-7.16902],[-61.95907,-7.14504],[-61.94708,-7.13461],[-61.93874,-7.13148],[-61.93248,-7.13566],[-61.9403,-7.14817],[-61.93769,-7.15599],[-61.9304,-7.15807],[-61.91788,-7.13722],[-61.91684,-7.12784],[-61.9257,-7.10438],[-61.91215,-7.08509],[-61.91528,-7.06007],[-61.90485,-7.06528],[-61.89964,-7.05173],[-61.88712,-7.04078],[-61.87149,-7.03974],[-61.86575,-7.04443],[-61.86784,-7.06007],[-61.86419,-7.06684],[-61.85585,-7.06893],[-61.84438,-7.0486],[-61.84438,-7.04078],[-61.8548,-7.02827],[-61.8522,-7.01993],[-61.84073,-7.03035],[-61.81101,-7.01628],[-61.8131,-7.00898],[-61.8204,-7.00481],[-61.84229,-7.00794],[-61.84907,-6.97562],[-61.84594,-6.95841],[-61.82092,-6.96258],[-61.81101,-6.95007],[-61.8058,-6.95685],[-61.79641,-6.93496],[-61.80528,-6.93496],[-61.81205,-6.92818],[-61.77556,-6.91098],[-61.75888,-6.91515],[-61.76044,-6.90733],[-61.77817,-6.887],[-61.76357,-6.86562],[-61.72864,-6.86667],[-61.71404,-6.84529],[-61.71978,-6.82757],[-61.73281,-6.81662],[-61.72968,-6.80932],[-61.70987,-6.81297],[-61.70362,-6.80828],[-61.71039,-6.79056],[-61.6958,-6.78065],[-61.68329,-6.79108],[-61.67547,-6.7916],[-61.67547,-6.76605],[-61.68485,-6.75146],[-61.68276,-6.73217],[-61.66452,-6.72956],[-61.6593,-6.7207],[-61.6348,-6.71705],[-61.63793,-6.70975],[-61.65253,-6.70141],[-61.67755,-6.69724],[-61.68954,-6.67274],[-61.68119,-6.64042],[-61.68588,-6.61488],[-61.67025,-6.60601],[-61.66295,-6.58985],[-61.66399,-6.58099],[-61.67546,-6.56692],[-61.68536,-6.54241],[-61.70673,-6.52677],[-61.70986,-6.51791],[-61.69318,-6.51531],[-61.68797,-6.50801],[-61.69109,-6.50019],[-61.69735,-6.49341],[-61.72133,-6.51322],[-61.72498,-6.49654],[-61.71924,-6.48038],[-61.7354,-6.47933],[-61.74739,-6.46839],[-61.74374,-6.45379],[-61.72758,-6.459],[-61.69578,-6.41678],[-61.69734,-6.40896],[-61.71924,-6.40322],[-61.7599,-6.43137],[-61.78805,-6.42564],[-61.8016,-6.3709],[-61.79743,-6.36412],[-61.76407,-6.35787],[-61.76876,-6.34901],[-61.80317,-6.3391],[-61.81515,-6.31564],[-61.83392,-6.29844],[-61.83653,-6.28905],[-61.83131,-6.27185],[-61.81567,-6.26351],[-61.80733,-6.2609],[-61.77293,-6.2656],[-61.73018,-6.25517],[-61.73591,-6.24892],[-61.74061,-6.22337],[-61.75729,-6.2046],[-61.76615,-6.17697],[-61.78022,-6.16498],[-61.7797,-6.14622],[-61.79638,-6.14152],[-61.8214,-6.15351],[-61.82975,-6.23275],[-61.83913,-6.24787],[-61.85373,-6.25778],[-61.90482,-6.25256],[-61.93714,-6.26299],[-62.05182,-6.2364],[-62.06798,-6.23014],[-62.12219,-6.19104],[-62.14722,-6.18895],[-62.20143,-6.20981],[-62.252,-6.25151],[-62.26712,-6.28956],[-62.26504,-6.30781],[-62.27494,-6.33127],[-62.28172,-6.33544],[-62.28902,-6.33231],[-62.313,-6.33596],[-62.34584,-6.32449],[-62.36877,-6.3271],[-62.39849,-6.3542],[-62.46417,-6.37088],[-62.47825,-6.38496],[-62.49128,-6.41311],[-62.49806,-6.41676],[-62.53403,-6.41311],[-62.55957,-6.38339],[-62.58095,-6.39486],[-62.57782,-6.40998],[-62.58616,-6.42405],[-62.59502,-6.42353],[-62.60284,-6.42927],[-62.59815,-6.43656],[-62.63621,-6.46054],[-62.65185,-6.45637],[-62.65706,-6.45012],[-62.67478,-6.45429],[-62.69772,-6.44334],[-62.70606,-6.44855],[-62.71075,-6.43083],[-62.73577,-6.42301],[-62.77018,-6.42301],[-62.78738,-6.42926],[-62.7926,-6.42248],[-62.80041,-6.42301],[-62.82335,-6.43708],[-62.85098,-6.44229],[-62.85567,-6.43082],[-62.8416,-6.41154],[-62.78738,-6.36097],[-62.73473,-6.2786],[-62.65392,-6.20719],[-62.57364,-6.11231],[-62.48449,-5.96478],[-62.43653,-5.92881],[-62.32809,-5.81517],[-62.15918,-5.54983],[-62.12425,-5.50448],[-62.10183,-5.45912],[-62.08515,-5.42576],[-62.01216,-5.32567],[-61.94127,-5.29492],[-61.86411,-5.21881],[-61.75255,-5.14218],[-61.53412,-4.94774],[-61.48928,-4.91542],[-61.44289,-4.89092],[-61.41839,-4.85338],[-61.31777,-4.76216],[-61.29222,-4.71107]]]},"properties":{"CD_MUN":"1302702","NM_MUN":"Manicoré","SIGLA_UF":"AM"}},{"type":"Feature","geometry":{"type":"Polygon","coordinates":[[[-60.3569,-1.95337],[-60.33865,-1.95181],[-60.28027,-1.92366],[-60.29226,-1.94086],[-60.29643,-1.9565],[-60.26619,-1.9857],[-60.23179,-2.00238],[-60.21719,-1.99925],[-60.20364,-2.0029],[-60.16663,-2.02688],[-60.15881,-2.02688],[-60.14786,-2.04096],[-60.13222,-2.04252],[-60.10564,-2.06077],[-60.09,-2.05921],[-60.0827,-2.07537],[-60.06863,-2.08684],[-60.05976,-2.08684],[-60.04986,-2.10195],[-60.03214,-2.09674],[-60.01389,-2.10091],[-60.01128,-2.10978],[-59.9993,-2.11916],[-59.99825,-2.1421],[-60.02693,-2.24114],[-60.03892,-2.26356],[-60.0457,-2.32716],[-60.02329,-2.44758],[-60.03632,-2.51535],[-60.03215,-2.54872],[-60.01652,-2.54611],[-60.01182,-2.53881],[-59.99879,-2.54872],[-59.99566,-2.5654],[-59.98159,-2.5581],[-59.94041,-2.57739],[-59.94823,-2.59147],[-59.94927,-2.60606],[-59.94145,-2.62118],[-59.91904,-2.60971],[-59.91122,-2.62327],[-59.9034,-2.65663],[-59.89558,-2.65819],[-59.87264,-2.68322],[-59.87525,-2.71502],[-59.86952,-2.72075],[-59.84658,-2.72544],[-59.8325,-2.73483],[-59.83146,-2.76976],[-59.81426,-2.78748],[-59.81843,-2.8026],[-59.81009,-2.81667],[-59.78194,-2.82971],[-59.75848,-2.82137],[-59.75119,-2.82606],[-59.73711,-2.84952],[-59.73763,-2.85734],[-59.7147,-2.88028],[-59.72773,-2.898],[-59.72043,-2.91833],[-59.7074,-2.93032],[-59.70532,-2.93866],[-59.65371,-2.94596],[-59.63651,-2.96056],[-59.6193,-2.96369],[-59.59532,-2.95795],[-59.54632,-2.95587],[-59.5312,-2.95014],[-59.4994,-2.97099],[-59.49941,-2.98767],[-59.48429,-2.99288],[-59.45458,-3.02886],[-59.4306,-3.04762],[-59.40401,-3.05336],[-59.37273,-3.07056],[-59.34041,-3.10601],[-59.32217,-3.11331],[-59.3034,-3.13104],[-59.26118,-3.12843],[-59.159,-3.16753],[-59.16735,-3.17796],[-59.20592,-3.179],[-59.26378,-3.15293],[-59.35084,-3.14459],[-59.35762,-3.15241],[-59.38994,-3.16231],[-59.47856,-3.1279],[-59.54476,-3.1206],[-59.59898,-3.09558],[-59.69907,-3.06013],[-59.76892,-3.06325],[-59.81897,-3.07733],[-59.86797,-3.10287],[-59.90602,-3.13675],[-59.94304,-3.17377],[-59.95242,-3.20192],[-59.95972,-3.19879],[-59.96963,-3.21286],[-59.99361,-3.2212],[-59.99882,-3.21182],[-59.99048,-3.21026],[-59.9983,-3.20087],[-59.98526,-3.19618],[-60.03948,-3.15812],[-60.05303,-3.16699],[-60.06763,-3.16021],[-60.07388,-3.1649],[-60.08483,-3.15447],[-60.11142,-3.14926],[-60.13957,-3.13675],[-60.14374,-3.12997],[-60.16772,-3.12684],[-60.1943,-3.09869],[-60.22975,-3.08201],[-60.26155,-3.08149],[-60.28918,-3.09765],[-60.29283,-3.08357],[-60.31107,-3.07888],[-60.3142,-3.09348],[-60.32775,-3.10025],[-60.36581,-3.09243],[-60.38197,-3.09712],[-60.42993,-3.09452],[-60.44452,-3.08982],[-60.45339,-3.07679],[-60.4685,-3.0893],[-60.50447,-3.09139],[-60.51803,-3.08044],[-60.51334,-3.07418],[-60.49978,-3.07262],[-60.50395,-3.06115],[-60.54357,-3.03404],[-60.56755,-3.03248],[-60.5811,-3.02309],[-60.59883,-2.98139],[-60.61968,-2.9647],[-60.63323,-2.94437],[-60.65147,-2.93499],[-60.66346,-2.91309],[-60.70047,-2.87869],[-60.70464,-2.86096],[-60.75521,-2.82082],[-60.80159,-2.53827],[-60.79534,-2.5242],[-60.79064,-2.48353],[-60.78074,-2.46007],[-60.77292,-2.45278],[-60.74842,-2.44704],[-60.74216,-2.43922],[-60.74268,-2.42932],[-60.75311,-2.41368],[-60.76666,-2.40638],[-60.7677,-2.39856],[-60.73486,-2.38449],[-60.73225,-2.36728],[-60.71609,-2.37302],[-60.70775,-2.36989],[-60.71661,-2.35581],[-60.6942,-2.34539],[-60.70983,-2.32714],[-60.71036,-2.31932],[-60.69837,-2.30681],[-60.70358,-2.28283],[-60.71765,-2.27397],[-60.69888,-2.25833],[-60.69106,-2.24165],[-60.6968,-2.23539],[-60.69993,-2.22028],[-60.71556,-2.21975],[-60.73798,-2.18847],[-60.72807,-2.17544],[-60.72078,-2.17805],[-60.7067,-2.16971],[-60.6994,-2.17231],[-60.66291,-2.12957],[-60.68115,-2.10715],[-60.67177,-2.09673],[-60.67385,-2.08838],[-60.66708,-2.07379],[-60.65196,-2.07327],[-60.65196,-2.06545],[-60.64362,-2.06388],[-60.64153,-2.05554],[-60.6212,-2.04564],[-60.6066,-2.00758],[-60.59774,-1.99768],[-60.57272,-1.99872],[-60.55812,-2.00498],[-60.54144,-2.00185],[-60.50234,-2.01645],[-60.47889,-2.01541],[-60.41581,-1.99612],[-60.41164,-1.98778],[-60.3569,-1.95337]]]},"properties":{"CD_MUN":"1302603","NM_MUN":"Manaus","SIGLA_UF":"AM"}},{"type":"Feature","geometry":{"type":"Polygon","coordinates":[[[-58.9187,-3.54288],[-58.90984,-3.57103],[-58.91922,-3.59397],[-58.91922,-3.607],[-58.90202,-3.61534],[-58.8551,-3.60283],[-58.84051,-3.59241],[-58.81757,-3.59814],[-58.79828,-3.61274],[-58.78629,-3.61117],[-58.7498,-3.59084],[-58.73885,-3.59189],[-58.72217,-3.59606],[-58.70393,-3.6143],[-58.69767,-3.64767],[-58.6909,-3.65705],[-58.68256,-3.65601],[-58.67891,-3.66279],[-58.65753,-3.65862],[-58.64815,-3.63255],[-58.63355,-3.62108],[-58.62261,-3.62317],[-58.60957,-3.63724],[-58.57673,-3.64767],[-58.55797,-3.66696],[-58.55797,-3.6753],[-58.55015,-3.68521],[-58.5319,-3.70345],[-58.52252,-3.70502],[-58.51574,-3.7144],[-58.5121,-3.74724],[-58.50636,-3.75246],[-58.48655,-3.74724],[-58.46362,-3.75141],[-58.46831,-3.73265],[-58.46205,-3.72691],[-58.45684,-3.70502],[-58.44641,-3.70502],[-58.43599,-3.7217],[-58.42452,-3.729],[-58.40001,-3.67687],[-58.39011,-3.67166],[-58.37238,-3.67739],[-58.37134,-3.63673],[-58.36352,-3.62474],[-58.34215,-3.61066],[-58.35414,-3.59607],[-58.35518,-3.58825],[-58.34892,-3.58199],[-58.34058,-3.58095],[-58.30253,-3.59555],[-58.28428,-3.59138],[-58.27594,-3.60024],[-58.2577,-3.60233],[-58.22642,-3.61484],[-58.23007,-3.62787],[-58.22798,-3.65133],[-58.2014,-3.6654],[-58.19984,-3.68313],[-58.21495,-3.69512],[-58.26031,-3.6873],[-58.29628,-3.69355],[-58.30879,-3.74516],[-58.30097,-3.76132],[-58.3041,-3.7681],[-58.28846,-3.79],[-58.29263,-3.82544],[-58.30254,-3.82388],[-58.31974,-3.84265],[-58.32391,-3.86193],[-58.34476,-3.87809],[-58.34476,-3.88591],[-58.40263,-3.89425],[-58.4167,-3.90833],[-58.4313,-3.91458],[-58.44173,-3.91146],[-58.46727,-3.93022],[-58.4605,-3.93439],[-58.46467,-3.94273],[-58.45528,-3.95942],[-58.43339,-3.96463],[-58.43078,-3.97401],[-58.43391,-3.98235],[-58.42922,-3.98861],[-58.4214,-3.98288],[-58.41619,-3.98965],[-58.41775,-3.99852],[-58.40263,-3.99956],[-58.38439,-4.01311],[-58.35468,-4.05586],[-58.34686,-4.05586],[-58.33122,-4.0934],[-58.30985,-4.11008],[-58.31089,-4.13093],[-58.31871,-4.13354],[-58.31871,-4.1424],[-58.289,-4.16012],[-58.28014,-4.1596],[-58.26606,-4.19714],[-58.25668,-4.20131],[-58.2572,-4.20965],[-58.24625,-4.22946],[-58.23687,-4.23259],[-58.22697,-4.22685],[-58.21862,-4.23102],[-58.20455,-4.21591],[-58.19777,-4.22164],[-58.18265,-4.21695],[-58.16128,-4.22685],[-58.15451,-4.23937],[-58.11854,-4.37022],[-58.12792,-4.365],[-58.16494,-4.36083],[-58.17432,-4.36917],[-58.191,-4.35093],[-58.1983,-4.34884],[-58.20612,-4.35874],[-58.22228,-4.36083],[-58.22384,-4.37386],[-58.23948,-4.3822],[-58.25616,-4.37803],[-58.26607,-4.39628],[-58.27441,-4.39523],[-58.29214,-4.40983],[-58.30465,-4.43329],[-58.32185,-4.44059],[-58.33593,-4.44007],[-58.35104,-4.44997],[-58.35365,-4.46196],[-58.3818,-4.45987],[-58.3964,-4.50262],[-58.41412,-4.5021],[-58.41725,-4.49428],[-58.44332,-4.50575],[-58.47772,-4.48959],[-58.48502,-4.49271],[-58.49232,-4.48906],[-58.50691,-4.47082],[-58.55227,-4.49532],[-58.56009,-4.49323],[-58.58771,-4.46195],[-58.60857,-4.46039],[-58.61691,-4.47238],[-58.62994,-4.46769],[-58.64454,-4.45205],[-58.63411,-4.45153],[-58.62681,-4.43015],[-58.63776,-4.41399],[-58.63932,-4.39887],[-58.65183,-4.38793],[-58.6461,-4.37177],[-58.64922,-4.34049],[-58.64192,-4.33527],[-58.61481,-4.28523],[-58.61534,-4.27011],[-58.61951,-4.26229],[-58.64453,-4.26803],[-58.65339,-4.26177],[-58.66121,-4.23779],[-58.68727,-4.20964],[-58.68727,-4.17888],[-58.67684,-4.14865],[-58.68049,-4.13405],[-58.70551,-4.10746],[-58.77537,-4.06471],[-58.78475,-4.03552],[-58.81967,-3.99955],[-58.77744,-3.90936],[-58.78526,-3.90571],[-58.79308,-3.90936],[-58.80247,-3.90258],[-58.81341,-3.87548],[-58.84417,-3.87391],[-58.84052,-3.8515],[-58.86763,-3.85619],[-58.87492,-3.85306],[-58.88483,-3.85879],[-58.90099,-3.89581],[-58.91924,-3.90832],[-58.94113,-3.8932],[-58.96667,-3.88694],[-58.99378,-3.89267],[-58.99691,-3.90206],[-58.99326,-3.92395],[-58.999,-3.93177],[-59.00734,-3.93699],[-59.0235,-3.93229],[-59.04956,-3.9594],[-59.07615,-3.96201],[-59.09179,-3.98964],[-59.10065,-3.98755],[-59.11056,-3.9693],[-59.11942,-3.9667],[-59.19449,-3.96774],[-59.1997,-3.95106],[-59.17103,-3.94219],[-59.15591,-3.92082],[-59.21117,-3.91926],[-59.19553,-3.90987],[-59.17467,-3.88746],[-59.13088,-3.88068],[-59.09596,-3.86296],[-59.05633,-3.79988],[-59.05321,-3.77851],[-59.05738,-3.76495],[-59.10794,-3.70292],[-59.09908,-3.68206],[-59.01514,-3.61325],[-58.9995,-3.60596],[-58.98752,-3.60856],[-58.94216,-3.55591],[-58.9187,-3.54288]]]},"properties":{"CD_MUN":"1303106","NM_MUN":"Nova Olinda do Norte","SIGLA_UF":"AM"}},{"type":"Feature","geometry":{"type":"Polygon","coordinates":[[[-59.19118,0.26424],[-58.89456,0.26423],[-58.89405,-0.00998],[-58.89718,-0.01675],[-58.88571,-0.03344],[-58.88519,-0.05846],[-58.87112,-0.06367],[-58.86278,-0.07723],[-58.86591,-0.13718],[-58.86226,-0.16011],[-58.87999,-0.19556],[-58.87842,-0.2284],[-58.8706,-0.2602],[-58.86435,-0.2649],[-58.87373,-0.29513],[-58.87374,-0.33475],[-58.8654,-0.34831],[-58.84559,-0.36395],[-58.81692,-0.37854],[-58.80128,-0.38063],[-58.79711,-0.38741],[-58.78981,-0.38428],[-58.78095,-0.38897],[-58.76479,-0.40826],[-58.74289,-0.4166],[-58.73612,-0.43172],[-58.72413,-0.4411],[-58.73403,-0.47082],[-58.70953,-0.52034],[-58.70901,-0.53754],[-58.71006,-0.54641],[-58.7283,-0.561],[-58.73091,-0.57612],[-58.72622,-0.60688],[-58.733,-0.61053],[-58.73091,-0.62669],[-58.71736,-0.63659],[-58.7158,-0.64493],[-58.7085,-0.64754],[-58.70433,-0.6783],[-58.68243,-0.68612],[-58.66315,-0.71218],[-58.63395,-0.71792],[-58.61258,-0.75441],[-58.59173,-0.76432],[-58.58965,-0.77266],[-58.56045,-0.79612],[-58.55941,-0.80394],[-58.51979,-0.82688],[-58.51823,-0.83469],[-58.51093,-0.83887],[-58.50728,-0.83261],[-58.49999,-0.83574],[-58.49112,-0.83105],[-58.49269,-0.84512],[-58.48643,-0.85868],[-58.47913,-0.85868],[-58.46714,-0.87223],[-58.4661,-0.86337],[-58.45776,-0.86337],[-58.43482,-0.88266],[-58.43274,-0.891],[-58.45203,-0.89725],[-58.44734,-0.90612],[-58.44994,-0.9254],[-58.42909,-0.95095],[-58.42649,-0.9619],[-58.41345,-0.96607],[-58.40981,-0.98066],[-58.42232,-0.99057],[-58.42388,-0.99943],[-58.41815,-1.00934],[-58.4291,-1.02602],[-58.41085,-1.04322],[-58.40512,-1.03801],[-58.39886,-1.04322],[-58.39156,-1.03905],[-58.38739,-1.04948],[-58.36758,-1.06512],[-58.36185,-1.09275],[-58.35455,-1.09587],[-58.36029,-1.10422],[-58.35143,-1.11151],[-58.34361,-1.10734],[-58.33527,-1.12298],[-58.31859,-1.13341],[-58.32223,-1.14227],[-58.27271,-1.1381],[-58.2675,-1.1308],[-58.25342,-1.13185],[-58.24248,-1.15583],[-58.21433,-1.16469],[-58.19348,-1.1991],[-58.17992,-1.20535],[-58.16168,-1.22881],[-58.12675,-1.18919],[-58.11841,-1.18555],[-58.12258,-1.16365],[-58.09339,-1.15948],[-58.08087,-1.14645],[-58.08087,-1.1256],[-58.04125,-1.10266],[-58.03135,-1.10057],[-58.01675,-1.10527],[-58.00893,-1.1183],[-58.01467,-1.1282],[-58.00633,-1.14489],[-57.97818,-1.15375],[-57.97088,-1.16157],[-57.96984,-1.17252],[-57.97766,-1.19233],[-57.96463,-1.20536],[-57.96306,-1.22256],[-57.97349,-1.23195],[-57.98965,-1.29137],[-57.98965,-1.31223],[-58.00008,-1.32943],[-57.99539,-1.3435],[-57.98288,-1.3555],[-57.96985,-1.3581],[-57.9761,-1.37426],[-57.95421,-1.38208],[-57.95942,-1.40085],[-57.95056,-1.40502],[-57.93648,-1.3972],[-57.9198,-1.40189],[-57.90938,-1.40919],[-57.9172,-1.4191],[-57.91094,-1.42796],[-57.90312,-1.42535],[-57.89322,-1.43265],[-57.87914,-1.42223],[-57.84526,-1.42848],[-57.84109,-1.43526],[-57.82284,-1.43891],[-57.82024,-1.44986],[-57.81137,-1.45142],[-57.80877,-1.46914],[-57.80043,-1.47332],[-57.79626,-1.48478],[-57.79052,-1.49],[-57.7827,-1.48739],[-57.78271,-1.5072],[-57.77228,-1.50772],[-57.76029,-1.50147],[-57.74934,-1.50616],[-57.74361,-1.50043],[-57.72901,-1.50929],[-57.71233,-1.50303],[-57.71129,-1.53483],[-57.70138,-1.5609],[-57.70608,-1.57497],[-57.69304,-1.57549],[-57.67793,-1.59374],[-57.65603,-1.57967],[-57.65291,-1.58801],[-57.61016,-1.58227],[-57.60912,-1.57393],[-57.60182,-1.56924],[-57.58931,-1.57915],[-57.59452,-1.58853],[-57.59243,-1.59896],[-57.58514,-1.59531],[-57.5523,-1.60417],[-57.53822,-1.62294],[-57.52415,-1.62607],[-57.5278,-1.65213],[-57.5059,-1.64014],[-57.49287,-1.6563],[-57.47932,-1.65474],[-57.4814,-1.6636],[-57.4741,-1.67716],[-57.43761,-1.66569],[-57.43448,-1.67507],[-57.43866,-1.68758],[-57.42667,-1.69123],[-57.41103,-1.67247],[-57.40216,-1.67455],[-57.40321,-1.68289],[-57.38705,-1.69436],[-57.38965,-1.70583],[-57.40008,-1.71156],[-57.39174,-1.72251],[-57.37193,-1.71313],[-57.35108,-1.73242],[-57.34274,-1.72251],[-57.34587,-1.71313],[-57.3271,-1.71521],[-57.30468,-1.72929],[-57.29686,-1.71052],[-57.2734,-1.70896],[-57.27132,-1.71782],[-57.2635,-1.71574],[-57.25777,-1.70635],[-57.26089,-1.69593],[-57.25307,-1.69541],[-57.24265,-1.70323],[-57.24786,-1.71157],[-57.24369,-1.71939],[-57.22962,-1.72512],[-57.20251,-1.71],[-57.1999,-1.72304],[-57.19365,-1.72721],[-57.18635,-1.72147],[-57.17801,-1.72929],[-57.16393,-1.71991],[-57.1608,-1.72825],[-57.17071,-1.7491],[-57.16028,-1.75536],[-57.16237,-1.76787],[-57.14829,-1.76162],[-57.12849,-1.76318],[-57.11493,-1.79081],[-57.09669,-1.77413],[-57.08418,-1.78143],[-57.07844,-1.80019],[-57.0628,-1.80749],[-57.05968,-1.81479],[-57.07271,-1.83095],[-57.06698,-1.8518],[-57.05499,-1.86379],[-57.03622,-1.91071],[-57.0258,-1.91436],[-56.98722,-1.90654],[-56.95177,-1.9592],[-56.92258,-1.96337],[-56.89652,-1.97536],[-56.87514,-1.99152],[-56.85794,-2.01498],[-56.84908,-2.01915],[-56.79226,-2.02019],[-56.76619,-2.00768],[-56.73804,-2.01602],[-56.72553,-2.0301],[-56.72032,-2.05825],[-56.73179,-2.09109],[-56.75264,-2.1109],[-56.76828,-2.14009],[-56.76724,-2.16512],[-56.75994,-2.17346],[-56.72658,-2.17607],[-56.70677,-2.18337],[-56.70156,-2.20109],[-56.68853,-2.20839],[-56.66976,-2.21152],[-56.63431,-2.20266],[-56.6119,-2.20943],[-56.59678,-2.17398],[-56.57957,-2.17868],[-56.56863,-2.17399],[-56.52588,-2.13854],[-56.51858,-2.13749],[-56.47688,-2.16982],[-56.4602,-2.15678],[-56.44299,-2.15314],[-56.41276,-2.17503],[-56.37418,-2.13802],[-56.36688,-2.13646],[-56.3429,-2.14897],[-56.3158,-2.13959],[-56.30745,-2.1203],[-56.29859,-2.11821],[-56.29651,-2.09997],[-56.25532,-2.08746],[-56.22717,-2.05566],[-56.20684,-2.05931],[-56.19589,-2.05618],[-56.18547,-2.0421],[-56.14376,-2.03846],[-56.09737,-2.02595],[-56.10154,-2.04732],[-56.16879,-2.1448],[-56.2032,-2.18234],[-56.26263,-2.22039],[-56.30642,-2.24176],[-56.36324,-2.25844],[-56.38357,-2.26991],[-56.38878,-2.27773],[-56.40025,-2.27773],[-56.41172,-2.26991],[-56.443,-2.27877],[-56.45186,-2.27564],[-56.46541,-2.25948],[-56.48939,-2.26574],[-56.4993,-2.24749],[-56.51806,-2.24384],[-56.53892,-2.26313],[-56.53058,-2.27877],[-56.5337,-2.28607],[-56.58844,-2.32412],[-56.61816,-2.31839],[-56.64057,-2.35436],[-56.67498,-2.36791],[-56.6729,-2.37781],[-56.68384,-2.37938],[-56.71199,-2.37104],[-56.73076,-2.37885],[-56.77924,-2.38563],[-56.7709,-2.39971],[-56.77038,-2.41952],[-56.83189,-2.40596],[-56.85327,-2.42108],[-56.86369,-2.42003],[-56.86473,-2.40127],[-56.87516,-2.3997],[-56.87568,-2.41743],[-56.88872,-2.42629],[-56.9471,-2.42525],[-56.94606,-2.4169],[-56.92833,-2.41117],[-56.93302,-2.38563],[-56.92885,-2.37885],[-56.95023,-2.36686],[-56.96899,-2.38041],[-57.02946,-2.3752],[-57.03937,-2.37259],[-57.05761,-2.35487],[-57.10974,-2.33193],[-57.14363,-2.33558],[-57.17178,-2.3314],[-57.19159,-2.36425],[-57.20566,-2.37154],[-57.21244,-2.38718],[-57.22078,-2.39031],[-57.23694,-2.38041],[-57.25623,-2.35278],[-57.26405,-2.34913],[-57.40584,-2.37936],[-57.42409,-2.34078],[-57.44181,-2.3413],[-57.45276,-2.32931],[-57.45953,-2.33557],[-57.47674,-2.3314],[-57.4955,-2.34495],[-57.50697,-2.34756],[-57.51375,-2.3314],[-57.52626,-2.31941],[-57.5518,-2.31628],[-57.54815,-2.30012],[-57.55962,-2.28656],[-57.58621,-2.28187],[-57.59715,-2.26988],[-57.6055,-2.27457],[-57.61331,-2.26467],[-57.6227,-2.27561],[-57.65033,-2.27665],[-57.65658,-2.26779],[-57.6571,-2.24538],[-57.66284,-2.23964],[-57.71288,-2.22348],[-57.71653,-2.2141],[-57.72956,-2.20471],[-57.75198,-2.20888],[-57.77074,-2.19376],[-57.80515,-2.1531],[-57.82183,-2.12391],[-57.82339,-2.10827],[-57.81974,-2.10097],[-57.83017,-2.08585],[-57.84059,-2.09002],[-57.85623,-2.0822],[-57.85884,-2.06604],[-57.87343,-2.04832],[-57.90732,-2.0577],[-57.92244,-2.03528],[-57.9313,-2.03111],[-57.93964,-2.03528],[-57.94694,-2.02955],[-57.94798,-2.00765],[-57.95736,-2.00713],[-57.96049,-1.99983],[-57.95006,-1.98367],[-57.95579,-1.93206],[-57.95892,-1.92268],[-57.97821,-1.91121],[-57.98603,-1.89453],[-57.98551,-1.87159],[-57.97873,-1.86325],[-57.97456,-1.83562],[-57.99437,-1.82936],[-57.99384,-1.79548],[-58.00531,-1.78297],[-58.00687,-1.74648],[-58.01886,-1.69278],[-58.03502,-1.68809],[-58.05222,-1.67453],[-58.04805,-1.66307],[-58.05118,-1.6542],[-58.06838,-1.65316],[-58.08767,-1.64325],[-58.09132,-1.62814],[-58.10592,-1.61667],[-58.12781,-1.61302],[-58.13928,-1.61771],[-58.15231,-1.60676],[-58.15909,-1.58956],[-58.18567,-1.55828],[-58.19401,-1.55463],[-58.22581,-1.55619],[-58.23519,-1.53951],[-58.25031,-1.54212],[-58.24979,-1.52596],[-58.27273,-1.48581],[-58.26438,-1.45714],[-58.28993,-1.43681],[-58.28419,-1.42378],[-58.29462,-1.41283],[-58.27898,-1.38677],[-58.27846,-1.37061],[-58.28263,-1.36383],[-58.29462,-1.36331],[-58.304,-1.3534],[-58.32068,-1.34819],[-58.33319,-1.31899],[-58.34831,-1.32108],[-58.35091,-1.30388],[-58.3629,-1.28824],[-58.35717,-1.28302],[-58.35977,-1.2752],[-58.36811,-1.27677],[-58.37489,-1.26895],[-58.37176,-1.25018],[-58.36499,-1.24132],[-58.36394,-1.22672],[-58.36968,-1.2116],[-58.3629,-1.20691],[-58.36342,-1.19805],[-58.36811,-1.19179],[-58.37697,-1.19284],[-58.38584,-1.18293],[-58.38531,-1.17303],[-58.3973,-1.16834],[-58.4046,-1.17355],[-58.41763,-1.1725],[-58.42389,-1.18658],[-58.43379,-1.18502],[-58.43275,-1.16938],[-58.43953,-1.16364],[-58.45256,-1.17355],[-58.50156,-1.16573],[-58.50573,-1.14018],[-58.51407,-1.13236],[-58.52189,-1.11151],[-58.51459,-1.10525],[-58.52397,-1.0745],[-58.51511,-1.06772],[-58.51928,-1.06042],[-58.51772,-1.04739],[-58.52658,-1.0281],[-58.53805,-1.01819],[-58.53388,-1.00777],[-58.54952,-0.99109],[-58.57454,-1.0062],[-58.60686,-0.99682],[-58.61676,-0.98744],[-58.59956,-0.93843],[-58.62249,-0.92801],[-58.635,-0.90507],[-58.66628,-0.9035],[-58.67827,-0.87275],[-58.69495,-0.86023],[-58.69704,-0.85137],[-58.7158,-0.83156],[-58.74083,-0.82948],[-58.74656,-0.82166],[-58.72206,-0.81071],[-58.74239,-0.79142],[-58.73822,-0.77109],[-58.75437,-0.72834],[-58.77106,-0.72209],[-58.76011,-0.70384],[-58.74186,-0.70071],[-58.75489,-0.6882],[-58.75177,-0.6637],[-58.78356,-0.63034],[-58.80129,-0.6001],[-58.81692,-0.58446],[-58.82005,-0.56256],[-58.83413,-0.54692],[-58.84246,-0.4974],[-58.85185,-0.49949],[-58.84663,-0.48072],[-58.88052,-0.45674],[-58.89459,-0.45257],[-58.90606,-0.45465],[-58.91701,-0.44735],[-58.93265,-0.43067],[-58.94047,-0.4093],[-58.94776,-0.4046],[-58.94516,-0.38792],[-58.95715,-0.3775],[-58.94151,-0.35404],[-58.91023,-0.32537],[-58.91492,-0.31807],[-58.89459,-0.29305],[-58.93473,-0.27324],[-58.94411,-0.26385],[-58.93733,-0.24091],[-58.94359,-0.23257],[-58.92378,-0.21381],[-58.93003,-0.20547],[-58.92742,-0.19765],[-58.93212,-0.18826],[-58.9269,-0.1549],[-58.91595,-0.16428],[-58.90605,-0.1622],[-58.89667,-0.1695],[-58.88832,-0.15959],[-58.88519,-0.09234],[-58.89249,-0.08557],[-58.90083,-0.06367],[-58.91178,-0.05481],[-58.91126,-0.04699],[-58.90083,-0.04699],[-58.89822,-0.03656],[-58.90031,-0.00581],[-58.91178,0.00149],[-58.94462,0.00254],[-58.97068,0.01661],[-58.98059,0.00462],[-58.99362,0.01818],[-58.99206,0.02652],[-59.0004,0.04372],[-59.00822,0.04268],[-59.02177,0.05154],[-59.03793,0.04841],[-59.04523,0.0823],[-59.03011,0.08803],[-59.02907,0.09585],[-59.0447,0.10472],[-59.04783,0.12817],[-59.06451,0.12348],[-59.06868,0.1313],[-59.07702,0.13339],[-59.0911,0.12713],[-59.0984,0.13339],[-59.09683,0.14903],[-59.10934,0.15789],[-59.1255,0.19386],[-59.1328,0.19021],[-59.13697,0.19699],[-59.1255,0.21211],[-59.12602,0.21993],[-59.17919,0.22618],[-59.18858,0.23348],[-59.18388,0.24339],[-59.19275,0.24756],[-59.19118,0.26424]]]},"properties":{"CD_MUN":"1303007","NM_MUN":"Nhamundá","SIGLA_UF":"AM"}},{"type":"Feature","geometry":{"type":"Polygon","coordinates":[[[-58.06949,-3.30571],[-58.06168,-3.33855],[-58.04135,-3.34793],[-58.02831,-3.34011],[-57.95012,-3.34324],[-57.94074,-3.33907],[-57.92405,-3.31092],[-57.91258,-3.30102],[-57.90893,-3.28955],[-57.89955,-3.28329],[-57.87713,-3.29268],[-57.8615,-3.28121],[-57.84951,-3.27808],[-57.84273,-3.28382],[-57.83387,-3.27704],[-57.825,-3.24472],[-57.80832,-3.22439],[-57.80467,-3.18894],[-57.7932,-3.166],[-57.79528,-3.13264],[-57.61544,-3.13316],[-57.61439,-3.15767],[-57.60866,-3.16757],[-57.61752,-3.17278],[-57.62691,-3.16861],[-57.63264,-3.178],[-57.63785,-3.21136],[-57.63577,-3.24733],[-57.62482,-3.25619],[-57.6217,-3.27809],[-57.62795,-3.28956],[-57.62639,-3.2979],[-57.62118,-3.3052],[-57.60137,-3.31458],[-57.58834,-3.33908],[-57.57843,-3.33856],[-57.56644,-3.32084],[-57.5482,-3.3151],[-57.52787,-3.31615],[-57.51535,-3.32397],[-57.50858,-3.36932],[-57.50024,-3.38548],[-57.49711,-3.41728],[-57.48669,-3.44282],[-57.46427,-3.46055],[-57.43404,-3.49965],[-57.3694,-3.5132],[-57.3621,-3.52311],[-57.35845,-3.54344],[-57.34229,-3.55387],[-57.33917,-3.57003],[-57.32561,-3.58723],[-57.29955,-3.59505],[-57.29381,-3.61017],[-57.26619,-3.60652],[-57.25315,-3.62425],[-57.25732,-3.65031],[-57.24429,-3.67325],[-57.23022,-3.66439],[-57.22448,-3.67116],[-57.19946,-3.67586],[-57.18956,-3.66178],[-57.18122,-3.65865],[-57.14629,-3.66074],[-57.13221,-3.63676],[-57.11605,-3.63103],[-57.11449,-3.62112],[-57.12126,-3.60131],[-57.11344,-3.59454],[-57.08738,-3.60079],[-57.0634,-3.59141],[-57.02222,-3.60184],[-57.00606,-3.59558],[-56.98885,-3.57577],[-56.97321,-3.58307],[-56.96435,-3.58203],[-56.94767,-3.57681],[-56.92942,-3.56013],[-56.92108,-3.55753],[-56.91274,-3.5617],[-56.95497,-3.65762],[-57.58476,-4.99997],[-58.26146,-6.46848],[-58.27189,-6.48047],[-58.29222,-6.49298],[-58.31933,-6.49454],[-58.32611,-6.49975],[-58.33132,-6.53207],[-58.34905,-6.56179],[-58.4262,-6.61548],[-58.44653,-6.65041],[-58.46426,-6.66917],[-58.47781,-6.69889],[-58.48094,-6.78073],[-58.43351,-6.90793],[-58.39337,-6.94964],[-58.3793,-6.96997],[-58.3548,-6.97101],[-58.33447,-6.98561],[-58.28755,-7.0612],[-58.26775,-7.07893],[-58.24481,-7.08831],[-58.22187,-7.12376],[-58.20884,-7.13367],[-58.17704,-7.1884],[-58.16714,-7.23063],[-58.17392,-7.27077],[-58.17131,-7.30466],[-58.14681,-7.34271],[-58.49973,-7.34948],[-58.53987,-7.34166],[-58.57324,-7.28692],[-58.54143,-7.25929],[-58.52892,-7.23688],[-58.53049,-7.22801],[-58.56333,-7.1983],[-58.5284,-7.18579],[-58.52579,-7.17849],[-58.53726,-7.16441],[-58.5357,-7.15503],[-58.52475,-7.12949],[-58.50546,-7.11385],[-58.49347,-7.05911],[-58.49607,-7.05129],[-58.5065,-7.04764],[-58.52266,-7.05442],[-58.53152,-7.05129],[-58.5409,-7.03565],[-58.55915,-7.03148],[-58.56697,-7.03252],[-58.57427,-7.0492],[-58.58157,-7.04451],[-58.58261,-7.03513],[-58.60085,-7.03669],[-58.61649,-7.00489],[-58.62379,-7.00281],[-58.63213,-7.0075],[-58.64985,-6.97726],[-58.65142,-6.9611],[-58.67487,-6.92774],[-58.69781,-6.92044],[-58.73222,-6.89802],[-58.74316,-6.88603],[-58.75098,-6.85632],[-58.76714,-6.85788],[-58.78434,-6.83181],[-58.7932,-6.77603],[-58.83178,-6.74423],[-58.83699,-6.72807],[-58.85784,-6.70461],[-58.86722,-6.6749],[-58.86357,-6.62746],[-58.874,-6.58888],[-58.8693,-6.58211],[-58.86617,-6.54301],[-58.83541,-6.47003],[-58.83281,-6.44657],[-58.83646,-6.42206],[-58.8474,-6.40069],[-58.84584,-6.39287],[-58.8547,-6.38088],[-58.85313,-6.37306],[-58.86721,-6.35482],[-58.88754,-6.34387],[-58.89484,-6.32979],[-58.90735,-6.31989],[-58.91725,-6.29017],[-58.91673,-6.27401],[-58.90578,-6.24742],[-58.89953,-6.2516],[-58.87242,-6.2224],[-58.84531,-6.20729],[-58.82706,-6.1244],[-58.80881,-6.10042],[-58.80204,-6.078],[-58.81455,-6.06862],[-58.80464,-6.04777],[-58.83435,-5.99981],[-58.82705,-5.98677],[-58.8307,-5.97687],[-58.82028,-5.97478],[-58.82705,-5.96853],[-58.82601,-5.93673],[-58.81402,-5.92474],[-58.81871,-5.9091],[-58.81089,-5.90493],[-58.82601,-5.88877],[-58.81558,-5.84185],[-58.82913,-5.81578],[-58.82496,-5.8064],[-58.83226,-5.79962],[-58.82288,-5.79545],[-58.81506,-5.77981],[-58.82652,-5.76522],[-58.81401,-5.73446],[-58.82183,-5.71778],[-58.83226,-5.71465],[-58.83643,-5.70214],[-58.83382,-5.67503],[-58.84633,-5.67138],[-58.83173,-5.65209],[-58.83069,-5.62968],[-58.81818,-5.60153],[-58.82652,-5.59162],[-58.82391,-5.5838],[-58.83433,-5.57233],[-58.83486,-5.56243],[-58.84111,-5.55513],[-58.85206,-5.55669],[-58.85362,-5.53219],[-58.85362,-5.5129],[-58.83798,-5.50821],[-58.83433,-5.49935],[-58.83902,-5.49101],[-58.8312,-5.46286],[-58.83485,-5.4467],[-58.81191,-5.4149],[-58.81504,-5.40134],[-58.80722,-5.39874],[-58.81087,-5.39092],[-58.80357,-5.37059],[-58.814,-5.37215],[-58.80461,-5.34869],[-58.80982,-5.34139],[-58.80305,-5.3367],[-58.77907,-5.34035],[-58.77646,-5.33045],[-58.7457,-5.32993],[-58.71755,-5.31481],[-58.73059,-5.30386],[-58.74101,-5.30699],[-58.74101,-5.29604],[-58.71547,-5.28197],[-58.72381,-5.26476],[-58.70921,-5.26529],[-58.69983,-5.25538],[-58.70712,-5.24026],[-58.70035,-5.23609],[-58.69357,-5.24131],[-58.68366,-5.21941],[-58.67637,-5.22567],[-58.65239,-5.22984],[-58.65239,-5.20325],[-58.63101,-5.2142],[-58.62215,-5.2142],[-58.63153,-5.18344],[-58.61381,-5.18605],[-58.59244,-5.17667],[-58.58514,-5.17927],[-58.58044,-5.1579],[-58.56324,-5.15269],[-58.57679,-5.13027],[-58.54969,-5.12402],[-58.54395,-5.14278],[-58.52883,-5.12558],[-58.52102,-5.12767],[-58.51737,-5.13444],[-58.50798,-5.13079],[-58.5132,-5.12089],[-58.51163,-5.1089],[-58.49495,-5.09952],[-58.49547,-5.08857],[-58.48192,-5.08336],[-58.47149,-5.08753],[-58.47201,-5.07606],[-58.4668,-5.06928],[-58.43604,-5.0698],[-58.44855,-5.04165],[-58.4423,-5.03435],[-58.42926,-5.03644],[-58.4277,-5.02653],[-58.40893,-5.01559],[-58.41154,-4.98952],[-58.4032,-4.98222],[-58.39798,-4.96346],[-58.37609,-4.9572],[-58.37557,-4.94834],[-58.39277,-4.9181],[-58.36253,-4.91341],[-58.35888,-4.89517],[-58.34846,-4.89986],[-58.34324,-4.8936],[-58.34689,-4.87692],[-58.35575,-4.87275],[-58.36409,-4.85033],[-58.35419,-4.85503],[-58.34741,-4.84773],[-58.32552,-4.83939],[-58.32552,-4.81176],[-58.31665,-4.81072],[-58.31457,-4.82635],[-58.30362,-4.81384],[-58.29528,-4.74555],[-58.28277,-4.73304],[-58.27234,-4.73461],[-58.26869,-4.72105],[-58.27912,-4.71949],[-58.27964,-4.7101],[-58.26973,-4.70906],[-58.26608,-4.67413],[-58.26973,-4.65589],[-58.24992,-4.63504],[-58.26243,-4.61314],[-58.25513,-4.59959],[-58.22594,-4.60063],[-58.21968,-4.59594],[-58.21812,-4.58812],[-58.23167,-4.57926],[-58.23219,-4.56205],[-58.2275,-4.54746],[-58.2129,-4.54381],[-58.20613,-4.55319],[-58.20091,-4.54381],[-58.21134,-4.52348],[-58.2103,-4.51253],[-58.20248,-4.51201],[-58.19205,-4.49585],[-58.17745,-4.49585],[-58.1738,-4.47708],[-58.18214,-4.47135],[-58.18266,-4.45936],[-58.15243,-4.44372],[-58.1493,-4.43434],[-58.12532,-4.43069],[-58.11542,-4.42339],[-58.11437,-4.41453],[-58.10499,-4.41922],[-58.11854,-4.37022],[-58.15451,-4.23937],[-58.16128,-4.22685],[-58.18265,-4.21695],[-58.19777,-4.22164],[-58.20455,-4.21591],[-58.21862,-4.23102],[-58.22697,-4.22685],[-58.23687,-4.23259],[-58.24625,-4.22946],[-58.2572,-4.20965],[-58.25668,-4.20131],[-58.26606,-4.19714],[-58.28014,-4.1596],[-58.289,-4.16012],[-58.31871,-4.1424],[-58.31871,-4.13354],[-58.31089,-4.13093],[-58.30985,-4.11008],[-58.33122,-4.0934],[-58.34686,-4.05586],[-58.35468,-4.05586],[-58.38439,-4.01311],[-58.40263,-3.99956],[-58.41775,-3.99852],[-58.41619,-3.98965],[-58.4214,-3.98288],[-58.42922,-3.98861],[-58.43391,-3.98235],[-58.43078,-3.97401],[-58.43339,-3.96463],[-58.45528,-3.95942],[-58.46467,-3.94273],[-58.4605,-3.93439],[-58.46727,-3.93022],[-58.44173,-3.91146],[-58.4313,-3.91458],[-58.4167,-3.90833],[-58.40263,-3.89425],[-58.34476,-3.88591],[-58.34476,-3.87809],[-58.32391,-3.86193],[-58.31974,-3.84265],[-58.30254,-3.82388],[-58.29263,-3.82544],[-58.28846,-3.79],[-58.3041,-3.7681],[-58.30097,-3.76132],[-58.30879,-3.74516],[-58.29628,-3.69355],[-58.26031,-3.6873],[-58.21495,-3.69512],[-58.19984,-3.68313],[-58.2014,-3.6654],[-58.22798,-3.65133],[-58.23007,-3.62787],[-58.22642,-3.61484],[-58.2577,-3.60233],[-58.27594,-3.60024],[-58.28428,-3.59138],[-58.30253,-3.59555],[-58.34058,-3.58095],[-58.34892,-3.58199],[-58.35674,-3.57626],[-58.36196,-3.58199],[-58.38281,-3.56114],[-58.38489,-3.55228],[-58.37759,-3.53142],[-58.36404,-3.51474],[-58.36977,-3.50953],[-58.36925,-3.49962],[-58.18054,-3.49598],[-58.1821,-3.46001],[-58.17428,-3.44541],[-58.17897,-3.43759],[-58.17324,-3.41361],[-58.17636,-3.38494],[-58.17271,-3.35992],[-58.14978,-3.34428],[-58.12267,-3.34272],[-58.11589,-3.34845],[-58.10755,-3.34741],[-58.09608,-3.33646],[-58.08722,-3.33386],[-58.09087,-3.32499],[-58.08774,-3.31405],[-58.07888,-3.31561],[-58.06949,-3.30571]]]},"properties":{"CD_MUN":"1302900","NM_MUN":"Maués","SIGLA_UF":"AM"}},{"type":"Feature","geometry":{"type":"Polygon","coordinates":[[[-67.75418,-2.97078],[-67.74167,-2.93272],[-67.70986,-2.90301],[-67.68849,-2.89415],[-67.67025,-2.89258],[-67.65409,-2.8978],[-67.60561,-2.94159],[-67.58945,-2.93377],[-67.57328,-2.8978],[-67.5566,-2.89519],[-67.54253,-2.88581],[-67.53731,-2.89154],[-67.53106,-2.88477],[-67.49978,-2.87278],[-67.4904,-2.87903],[-67.4612,-2.86809],[-67.45078,-2.88008],[-67.44192,-2.88216],[-67.43931,-2.8905],[-67.42263,-2.89103],[-67.38249,-2.87747],[-67.36737,-2.88216],[-67.35017,-2.87799],[-67.35017,-2.87017],[-67.33974,-2.85871],[-67.30534,-2.88269],[-67.29022,-2.88217],[-67.2902,-2.54123],[-67.27561,-2.5454],[-67.27039,-2.5527],[-67.24694,-2.62516],[-67.22505,-2.65123],[-67.20107,-2.65905],[-67.18178,-2.65644],[-67.14424,-2.63194],[-67.13799,-2.62464],[-67.14164,-2.61787],[-67.11714,-2.60796],[-67.09941,-2.60848],[-67.07439,-2.61735],[-67.05979,-2.63716],[-67.04937,-2.68095],[-67.04155,-2.69554],[-67.028,-2.7091],[-67.00402,-2.719],[-66.97743,-2.7237],[-66.94667,-2.72161],[-66.93208,-2.71223],[-66.91123,-2.68564],[-66.869,-2.67418],[-66.79915,-2.68408],[-66.75692,-2.71693],[-66.74806,-2.71953],[-66.73034,-2.71588],[-66.69384,-2.69816],[-66.61982,-2.6502],[-66.60418,-2.62049],[-66.60105,-2.60276],[-66.61095,-2.56888],[-66.61668,-2.51675],[-66.6318,-2.48547],[-66.64692,-2.42917],[-66.64639,-2.41144],[-66.63388,-2.38642],[-66.61668,-2.38016],[-66.59009,-2.38121],[-66.53588,-2.39581],[-66.49417,-2.38851],[-66.43735,-2.36661],[-66.41911,-2.3687],[-66.41233,-2.37443],[-66.40347,-2.46879],[-66.38419,-2.53291],[-66.36021,-2.55689],[-66.33206,-2.56159],[-66.3331,-2.59912],[-66.36699,-2.62727],[-66.37116,-2.64187],[-66.36699,-2.65021],[-66.35187,-2.65751],[-66.34979,-2.66637],[-66.33519,-2.67627],[-66.32007,-2.67888],[-66.30547,-2.67471],[-66.28931,-2.67732],[-66.28254,-2.68357],[-66.29766,-2.70234],[-66.33102,-2.71016],[-66.34927,-2.71954],[-66.35813,-2.71694],[-66.36803,-2.70442],[-66.37689,-2.7039],[-66.39201,-2.71433],[-66.40557,-2.70442],[-66.4113,-2.6893],[-66.45352,-2.68565],[-66.46656,-2.6966],[-66.47803,-2.72788],[-66.48845,-2.74091],[-66.52077,-2.75394],[-66.54267,-2.76802],[-66.56092,-2.76958],[-66.59063,-2.78418],[-66.59272,-2.80138],[-66.56144,-2.83266],[-66.55571,-2.85091],[-66.55883,-2.8702],[-66.56926,-2.88531],[-66.59898,-2.89782],[-66.61827,-2.94213],[-66.60784,-2.96611],[-66.59481,-2.9755],[-66.58543,-3.0],[-66.60732,-3.03545],[-66.61514,-3.05839],[-66.60889,-3.08289],[-66.59064,-3.10791],[-66.59325,-3.13919],[-66.61202,-3.14701],[-66.62401,-3.1371],[-66.64747,-3.14596],[-66.65112,-3.15222],[-66.67353,-3.15013],[-66.68448,-3.1616],[-66.73035,-3.15535],[-66.74391,-3.16421],[-66.7585,-3.16108],[-66.76528,-3.16577],[-66.79135,-3.14544],[-66.82523,-3.14492],[-66.84712,-3.1371],[-66.8711,-3.14179],[-66.9029,-3.1689],[-66.92689,-3.23093],[-66.93679,-3.24448],[-66.93367,-3.27733],[-66.94096,-3.30287],[-66.96651,-3.32633],[-66.98945,-3.33363],[-66.9957,-3.3477],[-66.99153,-3.3722],[-67.02281,-3.39253],[-67.03428,-3.41443],[-67.02594,-3.48272],[-67.03272,-3.51035],[-67.02699,-3.52807],[-66.99728,-3.54788],[-66.94567,-3.55258],[-66.9097,-3.57656],[-66.92273,-3.624],[-66.93472,-3.63703],[-66.94046,-3.65423],[-66.9733,-3.68134],[-66.98842,-3.70688],[-66.98634,-3.72461],[-66.97591,-3.7465],[-66.97904,-3.77465],[-66.97174,-3.79029],[-66.96862,-3.85181],[-66.97018,-3.86015],[-66.9879,-3.85441],[-66.99468,-3.85806],[-66.99416,-3.86745],[-67.00667,-3.87683],[-67.00928,-3.89507],[-66.98739,-3.92166],[-66.978,-3.9446],[-66.98322,-3.97431],[-66.99469,-3.98683],[-67.00824,-3.98474],[-67.04682,-3.96337],[-67.13231,-3.93313],[-67.17609,-3.8836],[-67.18339,-3.88047],[-67.19278,-3.89455],[-67.18861,-3.90133],[-67.19486,-3.90654],[-67.19486,-3.91592],[-67.17506,-3.94877],[-67.17766,-3.95658],[-67.16255,-3.99203],[-67.15368,-4.00559],[-67.14065,-4.01341],[-67.13335,-4.03009],[-67.1198,-4.03791],[-67.10364,-4.03635],[-67.07289,-4.06137],[-67.06767,-4.07701],[-67.07184,-4.08431],[-67.06402,-4.10725],[-67.05673,-4.11089],[-67.05568,-4.1281],[-67.04787,-4.12914],[-67.04161,-4.14374],[-67.03379,-4.14582],[-66.99261,-4.18701],[-66.96863,-4.19326],[-66.93266,-4.21151],[-66.91337,-4.22767],[-66.9092,-4.23393],[-66.92641,-4.26104],[-66.92797,-4.2944],[-66.9212,-4.31212],[-66.91442,-4.31629],[-66.91963,-4.32255],[-66.91286,-4.32724],[-66.91338,-4.33558],[-66.8967,-4.35383],[-66.88575,-4.37729],[-66.88784,-4.39397],[-66.88106,-4.41691],[-66.89514,-4.456],[-66.89462,-4.47999],[-67.03433,-4.51074],[-67.04788,-4.50083],[-67.04632,-4.49197],[-67.05466,-4.48832],[-67.06143,-4.49145],[-67.08437,-4.48363],[-67.09219,-4.48728],[-67.0974,-4.48207],[-67.11304,-4.48102],[-67.14171,-4.49197],[-67.15527,-4.48415],[-67.16413,-4.48571],[-67.17039,-4.47946],[-67.17664,-4.48415],[-67.19176,-4.48467],[-67.20635,-4.47633],[-67.21365,-4.4805],[-67.23763,-4.47581],[-67.24597,-4.46173],[-67.26943,-4.45182],[-67.26995,-4.45964],[-67.29445,-4.4805],[-67.28924,-4.48727],[-67.30749,-4.50343],[-67.31374,-4.51803],[-67.32573,-4.52376],[-67.33095,-4.51699],[-67.33981,-4.51594],[-67.35649,-4.53523],[-67.35753,-4.55035],[-67.36588,-4.55348],[-67.40184,-4.51751],[-67.43416,-4.50552],[-67.45189,-4.50447],[-67.47587,-4.51177],[-67.4962,-4.53888],[-67.54312,-4.53731],[-67.56918,-4.542],[-67.60255,-4.58944],[-67.61141,-4.59101],[-67.64842,-4.57067],[-67.68074,-4.57901],[-67.70941,-4.59674],[-67.76102,-4.65095],[-67.79178,-4.66503],[-67.81837,-4.68484],[-67.84756,-4.72133],[-67.86008,-4.76824],[-67.87207,-4.77919],[-67.88875,-4.78232],[-67.91169,-4.77658],[-67.9242,-4.78701],[-67.92732,-4.77763],[-67.94401,-4.78023],[-67.95026,-4.77606],[-67.96798,-4.74895],[-67.98258,-4.75417],[-67.99874,-4.799],[-67.99249,-4.84122],[-68.00657,-4.86155],[-68.00604,-4.86937],[-67.99405,-4.8798],[-68.00344,-4.91733],[-67.99666,-4.94705],[-68.02794,-4.96529],[-68.04515,-4.98458],[-68.04827,-4.9997],[-68.03994,-5.03254],[-68.04776,-5.05913],[-68.06183,-5.06591],[-68.07695,-5.04453],[-68.08425,-5.0414],[-68.09154,-5.04609],[-68.09728,-5.0805],[-68.11292,-5.08623],[-68.16922,-5.154],[-68.16922,-5.18007],[-68.18903,-5.19675],[-68.19998,-5.21969],[-68.19425,-5.2812],[-68.20363,-5.29893],[-68.22188,-5.36617],[-68.20833,-5.39641],[-68.21824,-5.43968],[-68.21719,-5.4475],[-68.20416,-5.45793],[-68.20573,-5.46679],[-68.21928,-5.47721],[-68.23544,-5.47356],[-68.25317,-5.49077],[-68.26985,-5.49441],[-68.2735,-5.50223],[-68.25994,-5.51162],[-68.25942,-5.51996],[-68.27246,-5.57417],[-68.23336,-5.58617],[-68.27507,-5.63725],[-68.2808,-5.65289],[-68.23128,-5.68521],[-68.22763,-5.69251],[-68.22867,-5.71806],[-68.24066,-5.73422],[-68.24901,-5.75663],[-68.23702,-5.76862],[-68.21773,-5.80512],[-68.22399,-5.8218],[-68.20991,-5.85985],[-68.21461,-5.89322],[-68.20939,-5.9172],[-68.21409,-5.9245],[-68.22973,-5.92919],[-68.24641,-5.92345],[-68.26517,-5.90625],[-68.29489,-5.92137],[-68.29749,-5.93753],[-68.31001,-5.94899],[-68.31209,-5.95786],[-68.3074,-5.98392],[-68.2975,-6.00686],[-68.3048,-6.05013],[-68.30584,-6.06055],[-68.31262,-6.06629],[-68.322,-6.06577],[-68.3439,-6.08088],[-68.36788,-6.08349],[-68.37205,-6.10799],[-68.38821,-6.11633],[-68.41792,-6.1424],[-68.432,-6.16377],[-68.45024,-6.16325],[-68.46276,-6.17472],[-68.48674,-6.17784],[-68.5102,-6.19296],[-68.53522,-6.1914],[-68.55399,-6.20756],[-68.57223,-6.20756],[-68.58579,-6.22893],[-68.59621,-6.22737],[-68.60142,-6.23466],[-68.60872,-6.26229],[-68.62176,-6.27063],[-68.62958,-6.26803],[-68.64782,-6.28679],[-68.66294,-6.2894],[-68.68067,-6.30608],[-68.68588,-6.3212],[-68.6765,-6.32068],[-68.67285,-6.32798],[-68.68171,-6.35404],[-68.67962,-6.36238],[-68.66503,-6.3702],[-68.66347,-6.37959],[-68.66295,-6.40409],[-68.67181,-6.40826],[-68.70256,-6.40617],[-68.71455,-6.41608],[-68.7401,-6.42442],[-68.75469,-6.41451],[-68.75157,-6.39783],[-68.76825,-6.40044],[-68.77659,-6.39418],[-68.80839,-6.38792],[-68.81412,-6.39522],[-68.80995,-6.41086],[-68.82246,-6.42337],[-68.83758,-6.41972],[-68.87303,-6.42389],[-68.87876,-6.41607],[-68.87199,-6.402],[-68.88606,-6.39001],[-68.9017,-6.36133],[-68.91682,-6.36029],[-68.9163,-6.37072],[-68.92307,-6.37593],[-68.94445,-6.36707],[-68.94653,-6.37437],[-68.95435,-6.37332],[-68.99397,-6.3582],[-69.02733,-6.39522],[-69.04401,-6.39522],[-69.06851,-6.37749],[-69.10084,-6.36967],[-69.11752,-6.37592],[-69.1488,-6.41294],[-69.15714,-6.41711],[-69.18007,-6.40407],[-69.20927,-6.42753],[-69.22491,-6.43066],[-69.23325,-6.42753],[-69.23637,-6.41241],[-69.21552,-6.37957],[-69.20979,-6.34412],[-69.26713,-6.28313],[-69.27495,-6.28156],[-69.29788,-6.29199],[-69.31092,-6.30554],[-69.32291,-6.34777],[-69.33281,-6.36028],[-69.41257,-6.35611],[-69.48608,-6.38791],[-69.51423,-6.41084],[-69.53195,-6.4562],[-69.54759,-6.46714],[-69.56375,-6.46089],[-69.57887,-6.46401],[-69.60702,-6.43743],[-69.65029,-6.42752],[-69.67062,-6.42648],[-69.68626,-6.43273],[-69.70085,-6.42178],[-69.76758,-6.43846],[-69.78218,-6.44889],[-69.79573,-6.47287],[-69.79521,-6.53751],[-69.79782,-6.55055],[-69.80825,-6.5641],[-69.83275,-6.56879],[-69.85568,-6.55002],[-69.86298,-6.54689],[-69.86924,-6.55211],[-69.88592,-6.54272],[-69.9099,-6.54741],[-69.9172,-6.56618],[-69.93179,-6.57974],[-69.95212,-6.56879],[-69.98132,-6.56253],[-69.98914,-6.56566],[-69.99904,-6.58182],[-70.01416,-6.58807],[-70.02094,-6.57139],[-70.04752,-6.56357],[-70.05221,-6.57191],[-70.05065,-6.59068],[-70.05743,-6.59537],[-70.07515,-6.59485],[-70.08193,-6.60058],[-70.08506,-6.62561],[-70.09131,-6.63082],[-70.14292,-6.60736],[-70.19349,-6.61101],[-70.20496,-6.58598],[-70.2133,-6.5839],[-70.2451,-6.60162],[-70.26074,-6.63394],[-70.27638,-6.63603],[-70.28732,-6.6084],[-70.29514,-6.60892],[-70.30713,-6.63446],[-70.34206,-6.64072],[-70.35144,-6.63759],[-70.35978,-6.64437],[-70.36708,-6.64384],[-70.37438,-6.61622],[-70.38898,-6.60996],[-70.41556,-6.60787],[-70.41921,-6.57868],[-70.43068,-6.56773],[-70.44997,-6.56565],[-70.48958,-6.57659],[-70.50679,-6.57346],[-70.53546,-6.562],[-70.55058,-6.54166],[-70.57091,-6.53332],[-70.5709,-6.50413],[-70.56413,-6.4838],[-70.52503,-6.44835],[-70.50782,-6.41499],[-70.49948,-6.40821],[-70.46925,-6.40039],[-70.46195,-6.38423],[-70.45413,-6.37954],[-70.42076,-6.37068],[-70.40356,-6.37433],[-70.40148,-6.3566],[-70.38479,-6.33314],[-70.38479,-6.31281],[-70.37958,-6.30291],[-70.36446,-6.29248],[-70.3483,-6.28936],[-70.34413,-6.30135],[-70.33683,-6.30552],[-70.32224,-6.29613],[-70.30503,-6.29301],[-70.28939,-6.2831],[-70.28679,-6.27372],[-70.26072,-6.26642],[-70.22892,-6.24296],[-70.20494,-6.24088],[-70.1867,-6.22107],[-70.16636,-6.21429],[-70.13925,-6.1632],[-70.11944,-6.14287],[-70.11579,-6.12359],[-70.12622,-6.10065],[-70.11058,-6.06833],[-70.11214,-6.06051],[-70.11944,-6.05634],[-70.11944,-6.048],[-70.11058,-6.04852],[-70.07878,-6.0334],[-70.07461,-6.02506],[-70.06522,-6.02297],[-70.05323,-6.00786],[-70.0256,-5.98857],[-70.01726,-5.9672],[-69.99849,-5.94061],[-70.00058,-5.92132],[-70.01309,-5.91663],[-70.01361,-5.88274],[-70.00006,-5.86502],[-69.98858,-5.81289],[-69.97503,-5.78005],[-69.95626,-5.76285],[-69.92707,-5.7618],[-69.92186,-5.75555],[-69.90361,-5.7055],[-69.90413,-5.66536],[-69.91924,-5.64242],[-69.91977,-5.63096],[-69.91559,-5.62366],[-69.90465,-5.61949],[-69.88223,-5.61584],[-69.87962,-5.60281],[-69.89318,-5.55693],[-69.8937,-5.54025],[-69.87076,-5.51053],[-69.85356,-5.5048],[-69.84938,-5.49281],[-69.88327,-5.43911],[-69.89369,-5.4094],[-69.90047,-5.4021],[-69.92497,-5.39376],[-69.93227,-5.38385],[-69.92914,-5.36874],[-69.90568,-5.35466],[-69.88066,-5.3531],[-69.8499,-5.34163],[-69.80872,-5.34632],[-69.80038,-5.34267],[-69.79308,-5.34893],[-69.78369,-5.34528],[-69.78786,-5.31035],[-69.779,-5.29784],[-69.78213,-5.28585],[-69.75502,-5.27751],[-69.74199,-5.26448],[-69.69976,-5.25718],[-69.69038,-5.23998],[-69.64607,-5.23633],[-69.6054,-5.20975],[-69.59341,-5.2061],[-69.56631,-5.20923],[-69.57517,-5.23738],[-69.56579,-5.24572],[-69.54702,-5.24311],[-69.53764,-5.23529],[-69.53034,-5.17638],[-69.51939,-5.14876],[-69.47091,-5.12165],[-69.45109,-5.07108],[-69.42607,-5.03772],[-69.42138,-5.01582],[-69.42242,-4.99966],[-69.43337,-4.97829],[-69.4292,-4.96369],[-69.41616,-4.96265],[-69.39896,-4.9835],[-69.38645,-4.9882],[-69.35882,-4.9809],[-69.34318,-4.9637],[-69.32024,-4.91209],[-69.29939,-4.89436],[-69.28948,-4.87925],[-69.28166,-4.85109],[-69.22953,-4.80679],[-69.18053,-4.79375],[-69.16489,-4.77082],[-69.16124,-4.73537],[-69.1482,-4.71816],[-69.13674,-4.71504],[-69.1211,-4.72234],[-69.09034,-4.66499],[-69.08304,-4.61964],[-69.06479,-4.59618],[-69.03925,-4.57741],[-69.02726,-4.52372],[-69.02777,-4.41112],[-69.01682,-4.35117],[-69.01109,-4.34335],[-68.96104,-4.3324],[-68.95791,-4.32562],[-68.94175,-4.3251],[-68.9355,-4.27349],[-68.95061,-4.23231],[-68.95009,-4.20781],[-68.93497,-4.16819],[-68.91985,-4.1463],[-68.90942,-4.10511],[-68.88909,-4.0926],[-68.87919,-4.06966],[-68.85729,-4.05976],[-68.8281,-3.99929],[-68.82705,-3.98313],[-68.81141,-3.93621],[-68.81402,-3.92683],[-68.83435,-3.91067],[-68.83956,-3.89555],[-68.83852,-3.88617],[-68.81975,-3.85802],[-68.83174,-3.8356],[-68.83174,-3.82569],[-68.81818,-3.79546],[-68.82652,-3.75897],[-68.82392,-3.74281],[-68.81766,-3.73499],[-68.80828,-3.73447],[-68.79629,-3.74906],[-68.77022,-3.74594],[-68.75927,-3.70475],[-68.74416,-3.6985],[-68.69359,-3.70058],[-68.66648,-3.70684],[-68.62373,-3.6912],[-68.60914,-3.68286],[-68.60028,-3.65992],[-68.59298,-3.65419],[-68.57734,-3.64793],[-68.56848,-3.65158],[-68.55544,-3.67296],[-68.53407,-3.68703],[-68.51374,-3.71571],[-68.4637,-3.74855],[-68.4465,-3.77409],[-68.4074,-3.7668],[-68.3829,-3.72197],[-68.36674,-3.71936],[-68.33442,-3.72509],[-68.30574,-3.70581],[-68.28333,-3.70581],[-68.27082,-3.69486],[-68.25518,-3.69278],[-68.21035,-3.71988],[-68.19575,-3.76003],[-68.18116,-3.76941],[-68.10505,-3.76368],[-68.08941,-3.75169],[-68.03884,-3.74283],[-68.03467,-3.73396],[-68.03936,-3.70998],[-68.03362,-3.68444],[-68.03362,-3.62084],[-68.02372,-3.59634],[-68.00912,-3.588],[-68.00391,-3.57027],[-68.01172,-3.55724],[-68.03049,-3.55203],[-68.043,-3.54212],[-68.04509,-3.52179],[-68.02892,-3.48999],[-68.02527,-3.47279],[-68.03466,-3.45871],[-68.0675,-3.43578],[-68.06906,-3.41857],[-68.04612,-3.41232],[-67.99295,-3.41857],[-67.9549,-3.43057],[-67.91163,-3.42118],[-67.89078,-3.40554],[-67.8668,-3.40502],[-67.85793,-3.40033],[-67.84438,-3.38052],[-67.85376,-3.35758],[-67.85063,-3.34872],[-67.83291,-3.33308],[-67.82717,-3.32526],[-67.83291,-3.30024],[-67.8303,-3.25541],[-67.80892,-3.19702],[-67.80475,-3.17148],[-67.79068,-3.14385],[-67.78807,-3.11049],[-67.76513,-2.99632],[-67.75418,-2.97078]]]},"properties":{"CD_MUN":"1302306","NM_MUN":"Jutaí","SIGLA_UF":"AM"}},{"type":"Feature","geometry":{"type":"Polygon","coordinates":[[[-66.59325,-3.13919],[-66.58283,-3.14649],[-66.55832,-3.14753],[-66.55155,-3.1517],[-66.53226,-3.15014],[-66.52705,-3.15639],[-66.51506,-3.14597],[-66.50828,-3.1491],[-66.50411,-3.14284],[-66.47335,-3.14805],[-66.4598,-3.13659],[-66.42279,-3.14232],[-66.41028,-3.13137],[-66.38734,-3.13815],[-66.38213,-3.14493],[-66.36753,-3.13972],[-66.34511,-3.15014],[-66.33834,-3.14649],[-66.33156,-3.16109],[-66.30602,-3.15588],[-66.3008,-3.15014],[-66.30237,-3.14232],[-66.28881,-3.13607],[-66.26483,-3.13398],[-66.2591,-3.12825],[-66.24398,-3.12564],[-66.24763,-3.11835],[-66.24398,-3.11105],[-66.23668,-3.10688],[-66.22104,-3.07925],[-66.20801,-3.06934],[-66.21479,-3.06517],[-66.21635,-3.05787],[-66.20749,-3.0438],[-66.20696,-3.02034],[-66.19549,-3.01044],[-66.20592,-2.99636],[-66.20227,-2.98906],[-66.19497,-2.98593],[-66.19706,-2.96977],[-66.19028,-2.95518],[-66.18559,-2.94892],[-66.17933,-2.95361],[-66.17256,-2.94892],[-66.16786,-2.92494],[-66.16004,-2.92286],[-66.15066,-2.90826],[-66.12929,-2.89784],[-66.12251,-2.8822],[-66.10687,-2.8775],[-66.11469,-2.84727],[-66.10009,-2.83997],[-66.09383,-2.82381],[-66.08706,-2.81912],[-66.08862,-2.8113],[-66.07089,-2.7868],[-66.07559,-2.78002],[-66.06203,-2.77116],[-66.06568,-2.75604],[-66.04848,-2.72893],[-66.03023,-2.72164],[-66.02971,-2.71434],[-66.02189,-2.71173],[-66.01772,-2.69505],[-66.00938,-2.69296],[-65.9953,-2.69818],[-65.99322,-2.67993],[-65.9781,-2.65856],[-65.97445,-2.64136],[-65.96142,-2.63041],[-65.95412,-2.62676],[-65.94682,-2.62989],[-65.94161,-2.62363],[-65.95255,-2.61268],[-65.94578,-2.60591],[-65.93222,-2.61477],[-65.91763,-2.60382],[-65.91241,-2.61112],[-65.9072,-2.60539],[-65.90094,-2.6106],[-65.88791,-2.58923],[-65.87853,-2.59288],[-65.87436,-2.60122],[-65.88166,-2.60643],[-65.87853,-2.61373],[-65.86237,-2.61321],[-65.85298,-2.61112],[-65.84152,-2.59601],[-65.82066,-2.60122],[-65.79773,-2.58662],[-65.79147,-2.61217],[-65.77114,-2.63198],[-65.76332,-2.63146],[-65.76176,-2.60278],[-65.76541,-2.59392],[-65.79981,-2.56316],[-65.8118,-2.53814],[-65.8118,-2.49696],[-65.79824,-2.48653],[-65.7873,-2.48184],[-65.77478,-2.48288],[-65.7263,-2.51781],[-65.71275,-2.56317],[-65.71328,-2.61113],[-65.68617,-2.64501],[-65.66271,-2.66117],[-65.61371,-2.6617],[-65.58817,-2.65648],[-65.523,-2.60071],[-65.50788,-2.56317],[-65.49537,-2.54753],[-65.44168,-2.50896],[-65.42343,-2.48706],[-65.39841,-2.46882],[-65.39684,-2.44953],[-65.39006,-2.44432],[-65.3713,-2.46048],[-65.33898,-2.47299],[-65.31708,-2.4756],[-65.27642,-2.53815],[-65.26026,-2.54754],[-65.25245,-2.57673],[-65.25557,-2.59446],[-65.29415,-2.63355],[-65.31605,-2.64346],[-65.35671,-2.64815],[-65.376,-2.66639],[-65.38173,-2.6862],[-65.37965,-2.70758],[-65.35932,-2.7498],[-65.3343,-2.7717],[-65.34525,-2.81862],[-65.38018,-2.85302],[-65.42553,-2.87231],[-65.44847,-2.85406],[-65.45733,-2.85406],[-65.46776,-2.86657],[-65.49643,-2.85771],[-65.53083,-2.88273],[-65.54543,-2.88586],[-65.55898,-2.88742],[-65.58818,-2.87074],[-65.59652,-2.87231],[-65.60329,-2.88899],[-65.60694,-2.92079],[-65.61372,-2.92808],[-65.63979,-2.93642],[-65.65647,-2.95311],[-65.69661,-3.03443],[-65.73102,-3.07509],[-65.73363,-3.10168],[-65.75135,-3.15537],[-65.76282,-3.16997],[-65.78472,-3.17309],[-65.8014,-3.183],[-65.83112,-3.23982],[-65.83842,-3.26641],[-65.86813,-3.30342],[-65.87387,-3.34929],[-65.91349,-3.38109],[-65.92079,-3.41654],[-65.94164,-3.46085],[-65.95624,-3.47545],[-65.97709,-3.4864],[-65.9823,-3.49526],[-65.99169,-3.64122],[-65.9844,-3.68397],[-65.99378,-3.71942],[-65.99065,-3.72724],[-65.95312,-3.73454],[-65.94843,-3.7507],[-65.98232,-3.7924],[-65.98336,-3.8852],[-65.98024,-3.90188],[-65.96251,-3.92325],[-65.9474,-3.95662],[-65.95417,-3.9978],[-65.94896,-4.00979],[-65.91977,-4.03377],[-65.87859,-4.12344],[-65.86921,-4.13178],[-65.86191,-4.14533],[-65.86504,-4.16879],[-65.87703,-4.18182],[-65.90205,-4.19486],[-65.91509,-4.21623],[-65.92447,-4.26002],[-65.90779,-4.29182],[-65.91978,-4.30381],[-65.93959,-4.30172],[-65.94949,-4.2939],[-66.92797,-4.2944],[-66.92641,-4.26104],[-66.9092,-4.23393],[-66.91337,-4.22767],[-66.93266,-4.21151],[-66.96863,-4.19326],[-66.99261,-4.18701],[-67.03379,-4.14582],[-67.04161,-4.14374],[-67.04787,-4.12914],[-67.05568,-4.1281],[-67.05673,-4.11089],[-67.06402,-4.10725],[-67.07184,-4.08431],[-67.06767,-4.07701],[-67.07289,-4.06137],[-67.10364,-4.03635],[-67.1198,-4.03791],[-67.13335,-4.03009],[-67.14065,-4.01341],[-67.15368,-4.00559],[-67.16255,-3.99203],[-67.17766,-3.95658],[-67.17506,-3.94877],[-67.19486,-3.91592],[-67.19486,-3.90654],[-67.18861,-3.90133],[-67.19278,-3.89455],[-67.18339,-3.88047],[-67.17609,-3.8836],[-67.13231,-3.93313],[-67.04682,-3.96337],[-67.00824,-3.98474],[-66.99469,-3.98683],[-66.98322,-3.97431],[-66.978,-3.9446],[-66.98739,-3.92166],[-67.00928,-3.89507],[-67.00667,-3.87683],[-66.99416,-3.86745],[-66.99468,-3.85806],[-66.9879,-3.85441],[-66.97018,-3.86015],[-66.96862,-3.85181],[-66.97174,-3.79029],[-66.97904,-3.77465],[-66.97591,-3.7465],[-66.98634,-3.72461],[-66.98842,-3.70688],[-66.9733,-3.68134],[-66.94046,-3.65423],[-66.93472,-3.63703],[-66.92273,-3.624],[-66.9097,-3.57656],[-66.94567,-3.55258],[-66.99728,-3.54788],[-67.02699,-3.52807],[-67.03272,-3.51035],[-67.02594,-3.48272],[-67.03428,-3.41443],[-67.02281,-3.39253],[-66.99153,-3.3722],[-66.9957,-3.3477],[-66.98945,-3.33363],[-66.96651,-3.32633],[-66.94096,-3.30287],[-66.93367,-3.27733],[-66.93679,-3.24448],[-66.92689,-3.23093],[-66.9029,-3.1689],[-66.8711,-3.14179],[-66.84712,-3.1371],[-66.82523,-3.14492],[-66.79135,-3.14544],[-66.76528,-3.16577],[-66.7585,-3.16108],[-66.74391,-3.16421],[-66.73035,-3.15535],[-66.68448,-3.1616],[-66.67353,-3.15013],[-66.65112,-3.15222],[-66.64747,-3.14596],[-66.62401,-3.1371],[-66.61202,-3.14701],[-66.59325,-3.13919]]]},"properties":{"CD_MUN":"1302207","NM_MUN":"Juruá","SIGLA_UF":"AM"}},{"type":"Feature","geometry":{"type":"Polygon","coordinates":[[[-70.04516,0.06955],[-70.01232,0.06642],[-69.99095,0.05495],[-69.98469,0.03983],[-69.98834,0.00751],[-69.98365,-0.00448],[-69.96019,-0.00969],[-69.95081,-0.0196],[-69.94091,-0.08424],[-69.92006,-0.10144],[-69.90546,-0.10718],[-69.88252,-0.14211],[-69.86532,-0.14211],[-69.84655,-0.12178],[-69.81163,-0.11708],[-69.79703,-0.08007],[-69.78869,-0.07277],[-69.77357,-0.07642],[-69.75689,-0.09728],[-69.7595,-0.13168],[-69.74699,-0.15879],[-69.71727,-0.17026],[-69.67557,-0.16661],[-69.65889,-0.17443],[-69.64586,-0.1932],[-69.60311,-0.21979],[-69.60468,-0.29694],[-69.60259,-0.30945],[-69.5906,-0.32457],[-69.57392,-0.33291],[-69.54212,-0.33708],[-69.50094,-0.36002],[-69.48687,-0.37045],[-69.48478,-0.39964],[-69.47592,-0.40798],[-69.45663,-0.40121],[-69.4337,-0.40381],[-69.42014,-0.39964],[-69.40763,-0.4059],[-69.39564,-0.4231],[-69.37323,-0.4377],[-69.3529,-0.47576],[-69.34404,-0.48201],[-69.30859,-0.48827],[-69.28565,-0.5159],[-69.25698,-0.52007],[-69.21788,-0.51017],[-69.17983,-0.52268],[-69.15741,-0.53728],[-69.11623,-0.53311],[-69.1032,-0.51486],[-69.0813,-0.50913],[-69.06254,-0.4987],[-69.03126,-0.50183],[-69.02917,-0.49192],[-69.01823,-0.49036],[-69.01301,-0.48358],[-68.98226,-0.48723],[-68.95828,-0.48046],[-68.91866,-0.48932],[-68.87226,-0.50965],[-68.8488,-0.52998],[-68.81544,-0.53468],[-68.78156,-0.55397],[-68.69607,-0.5743],[-68.6674,-0.62122],[-68.6429,-0.64259],[-68.63039,-0.66501],[-68.62257,-0.66918],[-68.61475,-0.69055],[-68.61996,-0.69733],[-68.61162,-0.71141],[-68.57044,-0.73591],[-68.56575,-0.74321],[-68.55897,-0.74008],[-68.5475,-0.75103],[-68.523,-0.75676],[-68.51727,-0.75207],[-68.50267,-0.76041],[-68.48703,-0.75624],[-68.46357,-0.75937],[-68.44846,-0.75676],[-68.42604,-0.76511],[-68.42291,-0.75781],[-68.39685,-0.73748],[-68.38173,-0.73956],[-68.35931,-0.73435],[-68.35149,-0.72236],[-68.34367,-0.72392],[-68.31187,-0.70203],[-68.30405,-0.70203],[-68.28841,-0.69213],[-68.28841,-0.68431],[-68.26391,-0.68222],[-68.26391,-0.6744],[-68.25557,-0.67284],[-68.25088,-0.67909],[-68.24462,-0.67284],[-68.23628,-0.67336],[-68.21178,-0.66346],[-68.20657,-0.67023],[-68.16956,-0.66971],[-68.16382,-0.67493],[-68.15969,-1.48243],[-68.12632,-1.49859],[-68.08775,-1.49755],[-68.06012,-1.48139],[-68.02571,-1.47305],[-67.97254,-1.484],[-67.93292,-1.51163],[-67.91624,-1.51737],[-67.87714,-1.50746],[-67.85264,-1.48817],[-67.83075,-1.48088],[-67.79947,-1.48557],[-67.74369,-1.52102],[-67.72075,-1.52675],[-67.69469,-1.52415],[-67.64829,-1.51112],[-67.61598,-1.56533],[-67.61806,-1.59505],[-67.61389,-1.60495],[-67.52579,-1.64979],[-67.48826,-1.65135],[-67.43769,-1.63936],[-67.39286,-1.66439],[-67.38452,-1.66335],[-67.36836,-1.6305],[-67.3522,-1.61904],[-67.32926,-1.61851],[-67.28547,-1.60861],[-67.24273,-1.61956],[-67.20624,-1.60653],[-67.15046,-1.6034],[-67.10927,-1.58099],[-67.07487,-1.5789],[-67.0488,-1.58047],[-67.00501,-1.5935],[-66.97217,-1.58985],[-66.91744,-1.60914],[-66.88094,-1.60393],[-66.85175,-1.60654],[-66.80744,-1.59663],[-66.7819,-1.59872],[-66.73707,-1.62322],[-66.71413,-1.62479],[-66.65626,-1.60029],[-66.62916,-1.57005],[-66.55096,-1.53513],[-66.52125,-1.52991],[-66.4858,-1.51323],[-66.45243,-1.47778],[-66.43992,-1.47414],[-66.40604,-1.47726],[-66.38623,-1.4684],[-66.36746,-1.47414],[-66.36277,-1.48404],[-66.37111,-1.532],[-66.36798,-1.54243],[-66.34453,-1.56224],[-66.31585,-1.56797],[-66.28718,-1.54764],[-66.25747,-1.50594],[-66.24026,-1.49082],[-66.19178,-1.47154],[-66.14747,-1.44078],[-66.09638,-1.42201],[-66.00046,-1.41263],[-66.00049,-2.14403],[-66.01144,-2.14403],[-66.01665,-2.12891],[-66.02916,-2.11692],[-66.03646,-2.08616],[-66.04949,-2.07678],[-66.06513,-2.07469],[-66.09015,-2.08043],[-66.13029,-2.07573],[-66.13186,-2.06739],[-66.13968,-2.06583],[-66.14854,-2.06896],[-66.15584,-2.0627],[-66.16418,-2.06583],[-66.17304,-2.03507],[-66.15166,-2.03142],[-66.16157,-1.98659],[-66.18711,-1.99336],[-66.21474,-2.01369],[-66.24029,-2.02047],[-66.25123,-2.03142],[-66.27521,-2.02777],[-66.29815,-2.0335],[-66.31014,-2.04445],[-66.30597,-2.06009],[-66.32109,-2.0627],[-66.32891,-2.07677],[-66.34351,-2.08667],[-66.33621,-2.0554],[-66.33985,-2.04862],[-66.35654,-2.04288],[-66.40397,-1.99492],[-66.40918,-1.97042],[-66.42222,-1.95687],[-66.42534,-1.93914],[-66.43108,-1.93184],[-66.44307,-1.92976],[-66.45923,-1.93341],[-66.51814,-1.97824],[-66.52908,-1.99231],[-66.53795,-2.02359],[-66.527,-2.05487],[-66.52804,-2.06321],[-66.54577,-2.08302],[-66.55776,-2.107],[-66.5734,-2.11482],[-66.59894,-2.1169],[-66.60728,-2.13932],[-66.62032,-2.14975],[-66.64899,-2.15183],[-66.66515,-2.14505],[-66.71311,-2.16486],[-66.75169,-2.14974],[-66.77097,-2.1487],[-66.77775,-2.15235],[-66.78505,-2.19457],[-66.79026,-2.20135],[-66.81633,-2.19666],[-66.85647,-2.21907],[-66.92059,-2.22846],[-66.96021,-2.24879],[-67.03163,-2.25295],[-67.06291,-2.27016],[-67.0775,-2.27328],[-67.10409,-2.26703],[-67.12233,-2.24826],[-67.16716,-2.25191],[-67.20313,-2.24461],[-67.20835,-2.22115],[-67.23076,-2.20395],[-67.26256,-2.19508],[-67.29123,-2.1711],[-67.30843,-2.17214],[-67.34388,-2.22427],[-67.34545,-2.23209],[-67.33711,-2.24773],[-67.3418,-2.26285],[-67.37308,-2.27484],[-67.39185,-2.30351],[-67.41843,-2.30768],[-67.46431,-2.33687],[-67.47369,-2.33635],[-67.48881,-2.34417],[-67.52009,-2.36867],[-67.54094,-2.37128],[-67.55554,-2.38431],[-67.55398,-2.40933],[-67.56388,-2.42758],[-67.56388,-2.45625],[-67.57066,-2.47397],[-67.59099,-2.47502],[-67.6035,-2.48701],[-67.63009,-2.49274],[-67.64,-2.55999],[-67.64573,-2.56833],[-67.66763,-2.58501],[-67.69369,-2.58918],[-67.69682,-2.60482],[-67.7427,-2.63193],[-67.73436,-2.66581],[-67.75208,-2.68458],[-67.75573,-2.70856],[-67.76199,-2.71325],[-67.79535,-2.70699],[-67.82298,-2.73202],[-67.85582,-2.71585],[-67.86729,-2.70178],[-67.88762,-2.69239],[-67.92672,-2.68666],[-67.94288,-2.66841],[-67.95017,-2.66737],[-67.9679,-2.68822],[-67.99188,-2.67675],[-67.99709,-2.66841],[-68.00647,-2.66945],[-68.05495,-2.60794],[-68.05756,-2.59647],[-68.05026,-2.5704],[-68.05756,-2.55268],[-68.07424,-2.55268],[-68.08883,-2.55998],[-68.10864,-2.54173],[-68.14513,-2.55111],[-68.16547,-2.55007],[-68.18945,-2.57144],[-68.2129,-2.5704],[-68.23793,-2.55163],[-68.24366,-2.54068],[-68.29787,-2.52713],[-68.30726,-2.52921],[-68.31925,-2.54485],[-68.33489,-2.57926],[-68.3375,-2.5949],[-68.35626,-2.61523],[-68.38389,-2.61366],[-68.40162,-2.61836],[-68.43654,-2.60741],[-68.4527,-2.60741],[-68.46626,-2.59698],[-68.48242,-2.59281],[-68.49128,-2.59229],[-68.50744,-2.60115],[-68.53872,-2.60323],[-68.55123,-2.61835],[-68.56166,-2.65484],[-68.56948,-2.66058],[-68.58512,-2.65119],[-68.6117,-2.64546],[-68.63412,-2.67465],[-68.65237,-2.71062],[-68.67635,-2.72626],[-68.70189,-2.73251],[-68.73578,-2.75024],[-68.76236,-2.77682],[-68.77487,-2.78099],[-68.80459,-2.77734],[-68.83952,-2.80497],[-68.87861,-2.79246],[-68.90676,-2.80028],[-68.92553,-2.79871],[-68.95629,-2.81487],[-68.96411,-2.81487],[-68.986,-2.78881],[-68.99955,-2.78047],[-69.02197,-2.79194],[-69.04491,-2.83364],[-69.05586,-2.83989],[-69.06576,-2.83677],[-69.08818,-2.79245],[-69.11632,-2.77317],[-69.12675,-2.74658],[-69.13926,-2.73355],[-69.15073,-2.72729],[-69.17262,-2.73459],[-69.17575,-2.7252],[-69.17106,-2.70487],[-69.182,-2.67985],[-69.18252,-2.64179],[-69.2039,-2.60582],[-69.21484,-2.60113],[-69.22788,-2.60478],[-69.2383,-2.59227],[-69.30763,-2.61468],[-69.31545,-2.60061],[-69.31597,-2.58758],[-69.35559,-2.54066],[-69.37488,-2.53023],[-69.44108,-2.53023],[-69.43066,-2.49009],[-69.43691,-2.48279],[-69.46975,-2.4734],[-69.48591,-2.4562],[-69.50572,-2.44838],[-69.61259,-2.43899],[-69.45251,-1.53036],[-69.45668,-1.4923],[-69.43426,-1.45686],[-69.43635,-1.41619],[-69.42853,-1.38596],[-69.39881,-1.3698],[-69.39881,-1.35259],[-69.40819,-1.33278],[-69.41028,-1.28065],[-69.42435,-1.25615],[-69.43008,-1.23165],[-69.4134,-1.18578],[-69.41236,-1.15658],[-69.39724,-1.14303],[-69.39567,-1.12218],[-69.42434,-1.08256],[-69.42747,-1.07161],[-69.4233,-1.04815],[-69.44259,-1.03564],[-69.44311,-1.02678],[-69.43581,-1.02573],[-69.42017,-1.01114],[-69.42069,-0.99915],[-69.43998,-0.99341],[-69.44936,-0.99706],[-69.46291,-0.98299],[-69.46239,-0.9663],[-69.50097,-0.94128],[-69.50722,-0.9319],[-69.52234,-0.92877],[-69.52651,-0.92095],[-69.52234,-0.88498],[-69.53745,-0.861],[-69.54736,-0.85995],[-69.5729,-0.84119],[-69.55883,-0.8219],[-69.56195,-0.81095],[-69.57342,-0.8],[-69.58281,-0.80052],[-69.5875,-0.78958],[-69.61095,-0.76925],[-69.60887,-0.76038],[-69.61877,-0.75778],[-69.61565,-0.74944],[-69.62555,-0.74839],[-69.61721,-0.74005],[-69.62138,-0.73119],[-69.60313,-0.72076],[-69.60157,-0.70565],[-69.58436,-0.68323],[-69.58124,-0.66551],[-69.56351,-0.6384],[-69.57446,-0.63527],[-69.57237,-0.62484],[-69.57915,-0.61911],[-69.58749,-0.62172],[-69.59374,-0.60503],[-69.60417,-0.59878],[-69.59218,-0.56646],[-69.60521,-0.54352],[-69.61355,-0.53935],[-69.6099,-0.51224],[-69.61459,-0.50494],[-69.63232,-0.49712],[-69.64274,-0.49869],[-69.64378,-0.482],[-69.7324,-0.44499],[-69.74126,-0.42883],[-69.77411,-0.39911],[-69.79131,-0.39911],[-69.79287,-0.39025],[-69.82259,-0.37982],[-69.84396,-0.34437],[-69.86116,-0.34698],[-69.88253,-0.34333],[-69.8914,-0.34802],[-69.92215,-0.3303],[-69.93623,-0.30527],[-69.94717,-0.30006],[-69.9894,-0.25053],[-69.99617,-0.23333],[-70.05664,-0.18537],[-70.05716,-0.15722],[-70.04048,-0.12281],[-70.04516,0.06955]]]},"properties":{"CD_MUN":"1302108","NM_MUN":"Japurá","SIGLA_UF":"AM"}},{"type":"Feature","geometry":{"type":"Polygon","coordinates":[[[-60.35383,-3.30408],[-60.30848,-3.31503],[-60.22559,-3.3656],[-60.24905,-3.40157],[-60.29858,-3.4438],[-60.29076,-3.46621],[-60.26261,-3.49958],[-60.27043,-3.51104],[-60.2918,-3.52147],[-60.29493,-3.52877],[-60.29493,-3.56161],[-60.31266,-3.58924],[-60.30484,-3.61061],[-60.30797,-3.64241],[-60.32673,-3.65701],[-60.40858,-3.58976],[-60.42943,-3.59966],[-60.44715,-3.61582],[-60.45341,-3.62938],[-60.44351,-3.65179],[-60.44976,-3.67629],[-60.4336,-3.68099],[-60.42266,-3.7034],[-60.4237,-3.71122],[-60.44768,-3.71696],[-60.47479,-3.76439],[-60.48626,-3.77638],[-60.52327,-3.79984],[-60.53891,-3.81861],[-60.57071,-3.82956],[-60.57384,-3.8723],[-60.59052,-3.90045],[-60.59469,-3.91818],[-60.59261,-3.95832],[-60.60512,-3.98021],[-60.60408,-4.02452],[-60.80218,-4.17361],[-60.83919,-4.15276],[-60.84493,-4.16684],[-60.85223,-4.16944],[-60.86317,-4.15745],[-60.87047,-4.15641],[-60.88976,-4.16944],[-60.8981,-4.16683],[-60.90018,-4.15119],[-60.9153,-4.14702],[-60.9226,-4.13191],[-60.9372,-4.12513],[-60.94137,-4.13295],[-60.96482,-4.13295],[-60.9716,-4.12825],[-60.96639,-4.122],[-60.96535,-4.10584],[-60.97994,-4.1001],[-60.99558,-4.10219],[-61.0107,-4.08134],[-61.01904,-4.07977],[-61.02686,-4.08186],[-61.05657,-4.12773],[-61.07743,-4.12148],[-61.10558,-4.13399],[-61.14467,-4.12512],[-61.16292,-4.13972],[-61.16291,-3.97394],[-61.1358,-3.95778],[-61.10922,-3.92598],[-61.0868,-3.91712],[-61.07429,-3.90618],[-61.04979,-3.86447],[-61.04822,-3.83997],[-61.05395,-3.83371],[-61.04353,-3.82068],[-61.01433,-3.78158],[-60.99974,-3.78106],[-60.97159,-3.76595],[-60.9377,-3.76073],[-60.91841,-3.77429],[-60.896,-3.76647],[-60.87462,-3.74249],[-60.80581,-3.73571],[-60.77506,-3.72425],[-60.72292,-3.71956],[-60.69894,-3.71069],[-60.69269,-3.70548],[-60.68174,-3.6669],[-60.66141,-3.63146],[-60.66558,-3.61582],[-60.66297,-3.60852],[-60.62752,-3.54648],[-60.63586,-3.50791],[-60.62752,-3.4881],[-60.62908,-3.47142],[-60.63898,-3.44744],[-60.39501,-3.30512],[-60.35383,-3.30408]]]},"properties":{"CD_MUN":"1302553","NM_MUN":"Manaquiri","SIGLA_UF":"AM"}},{"type":"Feature","geometry":{"type":"Polygon","coordinates":[[[-61.48242,-2.78587],[-61.46522,-2.76606],[-61.45583,-2.76242],[-61.41256,-2.76502],[-61.40318,-2.76085],[-61.40735,-2.74156],[-61.40162,-2.73166],[-61.36721,-2.74469],[-61.33593,-2.74469],[-61.31247,-2.73844],[-61.27598,-2.74261],[-61.2494,-2.74],[-61.24314,-2.76868],[-61.23428,-2.77441],[-61.23115,-2.76711],[-61.22073,-2.76346],[-61.16443,-2.78484],[-61.14305,-2.80726],[-61.11386,-2.81456],[-61.06017,-2.81299],[-61.05235,-2.81664],[-61.03984,-2.82603],[-61.03306,-2.84114],[-61.01534,-2.85157],[-60.9997,-2.88285],[-60.98354,-2.88546],[-60.9606,-2.92716],[-60.97781,-2.93915],[-60.97625,-2.97669],[-60.99397,-2.98711],[-60.9898,-2.99962],[-60.9752,-3.00536],[-60.94653,-3.00275],[-60.93715,-3.01526],[-60.91682,-3.02673],[-60.90796,-3.04811],[-60.90066,-3.05176],[-60.88658,-3.04394],[-60.87303,-3.05176],[-60.86782,-3.0455],[-60.85948,-3.04863],[-60.85322,-3.06427],[-60.82351,-3.07574],[-60.80683,-3.09138],[-60.78493,-3.09816],[-60.76252,-3.0919],[-60.71717,-3.10337],[-60.68589,-3.13986],[-60.67651,-3.14247],[-60.61291,-3.12944],[-60.58528,-3.11484],[-60.5467,-3.12318],[-60.53263,-3.11537],[-60.45808,-3.11641],[-60.36894,-3.13205],[-60.37572,-3.14456],[-60.37415,-3.16124],[-60.35643,-3.17793],[-60.35017,-3.20034],[-60.34235,-3.20243],[-60.33766,-3.23371],[-60.33193,-3.23944],[-60.32567,-3.23475],[-60.31786,-3.23631],[-60.31212,-3.25873],[-60.31212,-3.26655],[-60.35383,-3.30408],[-60.39501,-3.30512],[-60.63898,-3.44744],[-60.62908,-3.47142],[-60.62752,-3.4881],[-60.63586,-3.50791],[-60.62752,-3.54648],[-60.66297,-3.60852],[-60.66558,-3.61582],[-60.66141,-3.63146],[-60.68174,-3.6669],[-60.69269,-3.70548],[-60.69894,-3.71069],[-60.72292,-3.71956],[-60.77506,-3.72425],[-60.80581,-3.73571],[-60.87462,-3.74249],[-60.896,-3.76647],[-60.91841,-3.77429],[-60.9377,-3.76073],[-60.97159,-3.76595],[-60.99974,-3.78106],[-61.01433,-3.78158],[-61.04353,-3.82068],[-61.06125,-3.79409],[-61.10869,-3.79514],[-61.13058,-3.78679],[-61.1457,-3.78836],[-61.15144,-3.78262],[-61.14049,-3.76177],[-61.14257,-3.75447],[-61.15769,-3.74926],[-61.14309,-3.72111],[-61.14361,-3.70547],[-61.14935,-3.70026],[-61.33128,-3.69556],[-61.40634,-3.62466],[-61.37663,-3.6012],[-61.32033,-3.60746],[-61.28957,-3.60537],[-61.2927,-3.56471],[-61.29009,-3.54178],[-61.30208,-3.53135],[-61.29791,-3.50789],[-61.30104,-3.49955],[-61.21033,-3.49382],[-61.20095,-3.47192],[-61.19625,-3.44064],[-61.15142,-3.40937],[-61.13474,-3.40885],[-61.11962,-3.41562],[-61.1019,-3.43231],[-61.09929,-3.44899],[-61.09147,-3.45107],[-61.07688,-3.44482],[-61.07114,-3.4224],[-61.07375,-3.38122],[-61.1191,-3.32439],[-61.11023,-3.30563],[-61.11128,-3.29781],[-61.0972,-3.29155],[-61.09876,-3.26653],[-61.11805,-3.25193],[-61.14985,-3.25297],[-61.18008,-3.24203],[-61.19624,-3.24307],[-61.22648,-3.23577],[-61.28174,-3.20397],[-61.30519,-3.20657],[-61.31301,-3.20345],[-61.31927,-3.18885],[-61.31979,-3.14714],[-61.35159,-3.10805],[-61.35575,-3.00378],[-61.37869,-2.99336],[-61.41309,-2.86876],[-61.42977,-2.86616],[-61.43603,-2.8599],[-61.43394,-2.85156],[-61.44072,-2.83748],[-61.47721,-2.81611],[-61.48242,-2.80777],[-61.48242,-2.78587]]]},"properties":{"CD_MUN":"1302504","NM_MUN":"Manacapuru","SIGLA_UF":"AM"}},{"type":"Feature","geometry":{"type":"Polygon","coordinates":[[[-67.49996,-7.24655],[-67.49996,-7.20589],[-67.49005,-7.17044],[-67.47859,-7.17253],[-67.46712,-7.16262],[-67.44418,-7.17096],[-67.42281,-7.14803],[-67.41446,-7.15063],[-67.40717,-7.14594],[-67.40508,-7.11414],[-67.39361,-7.10267],[-67.37745,-7.10111],[-67.3738,-7.09433],[-67.3592,-7.08964],[-67.34669,-7.07869],[-67.34148,-7.07244],[-67.34252,-7.04898],[-67.33783,-7.04168],[-67.30499,-7.01874],[-67.28466,-7.02917],[-67.28101,-7.01353],[-67.26954,-7.00258],[-67.22106,-6.99946],[-67.21324,-6.95932],[-67.14807,-6.96245],[-67.13295,-6.95828],[-67.11992,-6.94785],[-67.10689,-6.95619],[-67.08291,-6.95932],[-67.0704,-6.96975],[-67.05424,-6.96558],[-67.05059,-6.98122],[-67.04329,-6.97965],[-67.03339,-6.96662],[-67.00419,-6.9807],[-66.98647,-6.99686],[-66.98334,-7.01198],[-66.97552,-7.0125],[-66.96614,-7.03387],[-66.93539,-7.04482],[-66.9234,-7.05577],[-66.91558,-7.06984],[-66.92236,-7.09278],[-66.89942,-7.09747],[-66.90098,-7.11103],[-66.88013,-7.12197],[-66.8671,-7.15169],[-66.85667,-7.15273],[-66.84468,-7.14074],[-66.82957,-7.13501],[-66.80402,-7.16577],[-66.78109,-7.17619],[-66.76284,-7.17515],[-66.74824,-7.16681],[-66.70237,-7.17828],[-66.68413,-7.19496],[-66.67891,-7.21008],[-66.68882,-7.23197],[-66.68309,-7.24553],[-66.66067,-7.25231],[-66.61167,-7.25335],[-66.60072,-7.24188],[-66.58873,-7.21113],[-66.57465,-7.20591],[-66.5465,-7.22207],[-66.50741,-7.26326],[-66.49542,-7.25961],[-66.47769,-7.23302],[-66.46935,-7.23407],[-66.45788,-7.24658],[-66.43599,-7.25753],[-66.37865,-7.25544],[-66.36926,-7.269],[-66.34685,-7.26535],[-66.32287,-7.28412],[-66.30879,-7.28047],[-66.29681,-7.30184],[-66.28065,-7.30549],[-66.25719,-7.32582],[-66.22278,-7.30601],[-66.20037,-7.30758],[-66.19932,-7.29246],[-66.19098,-7.29142],[-66.15449,-7.33417],[-66.14667,-7.33834],[-66.13937,-7.33469],[-66.12269,-7.34459],[-66.09976,-7.33312],[-66.09767,-7.32478],[-66.09089,-7.32113],[-66.07525,-7.32218],[-66.05388,-7.33208],[-66.04658,-7.32791],[-66.03876,-7.33],[-66.01061,-7.31488],[-66.00748,-7.3081],[-65.97673,-7.3081],[-65.95327,-7.28725],[-65.93189,-7.2836],[-65.91469,-7.27474],[-65.89228,-7.27631],[-65.87194,-7.26536],[-65.82659,-7.28048],[-65.80887,-7.27944],[-65.77133,-7.25233],[-65.76925,-7.23356],[-65.72963,-7.21845],[-65.69783,-7.22679],[-65.69314,-7.23461],[-65.65873,-7.24399],[-65.6358,-7.25755],[-65.62328,-7.25859],[-65.57689,-7.23982],[-65.51538,-7.25807],[-65.50026,-7.24608],[-65.4914,-7.24608],[-65.47836,-7.26381],[-65.4768,-7.27527],[-65.45803,-7.28205],[-65.39808,-7.27528],[-65.3569,-7.244],[-65.3397,-7.24556],[-65.3079,-7.22575],[-65.29695,-7.23357],[-65.27662,-7.21324],[-65.25994,-7.20855],[-65.2516,-7.19239],[-65.23231,-7.18614],[-65.22136,-7.1877],[-65.21406,-7.1804],[-65.14473,-7.15225],[-65.13482,-7.14287],[-65.1171,-7.14287],[-65.09416,-7.10377],[-65.03838,-7.0725],[-64.57547,-7.07459],[-64.57912,-7.08971],[-64.5713,-7.09232],[-64.57078,-7.10066],[-64.5713,-7.109],[-64.5786,-7.11421],[-64.57286,-7.11995],[-64.58016,-7.13507],[-64.57495,-7.1627],[-64.58016,-7.16947],[-64.55931,-7.20596],[-64.55723,-7.21535],[-64.56348,-7.22421],[-64.56244,-7.23255],[-64.55306,-7.24715],[-64.56036,-7.26279],[-64.55306,-7.27061],[-64.54993,-7.29511],[-64.55984,-7.31023],[-64.56088,-7.32013],[-64.55515,-7.32587],[-64.55723,-7.33525],[-64.53846,-7.34307],[-64.53482,-7.35089],[-64.5442,-7.36653],[-64.5369,-7.3733],[-64.5369,-7.38269],[-64.54576,-7.38529],[-64.54785,-7.39416],[-64.54107,-7.39833],[-64.53951,-7.42387],[-64.51553,-7.43273],[-64.50041,-7.45254],[-64.50198,-7.47861],[-64.49729,-7.48487],[-64.49989,-7.49269],[-64.50824,-7.49581],[-64.50459,-7.51197],[-64.50928,-7.5297],[-64.5072,-7.54482],[-64.48947,-7.57245],[-64.45298,-7.57193],[-64.4509,-7.58652],[-64.42796,-7.60373],[-64.41128,-7.62406],[-64.4191,-7.65794],[-64.40086,-7.68766],[-64.40138,-7.7059],[-64.41493,-7.72884],[-64.42901,-7.76846],[-64.41598,-7.79192],[-64.41598,-7.80078],[-64.43735,-7.83258],[-64.43735,-7.86699],[-64.44674,-7.88315],[-64.44413,-7.89826],[-64.42015,-7.92746],[-64.41859,-7.96864],[-64.39879,-8.04215],[-64.40348,-8.07655],[-64.39305,-8.09532],[-64.4014,-8.13338],[-64.39306,-8.16257],[-64.39462,-8.17456],[-64.40036,-8.17977],[-64.40609,-8.20636],[-64.44206,-8.23503],[-64.46552,-8.26579],[-64.46969,-8.2856],[-64.48377,-8.3127],[-64.50358,-8.32313],[-64.50775,-8.32991],[-64.50567,-8.3737],[-64.51401,-8.42218],[-64.53017,-8.44303],[-64.54008,-8.47743],[-64.53486,-8.49307],[-64.5234,-8.50559],[-64.50202,-8.51393],[-64.4916,-8.5254],[-64.48534,-8.56606],[-64.50203,-8.59369],[-64.47231,-8.61663],[-64.44833,-8.64843],[-64.44156,-8.65155],[-64.4108,-8.64374],[-64.39673,-8.65208],[-64.38317,-8.68961],[-64.3592,-8.72193],[-64.34408,-8.72975],[-64.32896,-8.75008],[-64.33887,-8.76207],[-64.37484,-8.76937],[-64.38891,-8.77667],[-64.40038,-8.80847],[-64.42176,-8.83193],[-64.48118,-8.80586],[-64.50516,-8.80794],[-64.51559,-8.84704],[-64.53488,-8.87259],[-64.53644,-8.88041],[-64.52498,-8.90178],[-64.53071,-8.92472],[-64.58128,-8.94974],[-64.57242,-8.96381],[-64.57815,-8.98779],[-64.57867,-9.00031],[-64.58701,-9.00865],[-64.61047,-9.01594],[-64.64071,-9.00604],[-64.67042,-9.01386],[-64.68241,-8.993],[-64.69857,-8.98727],[-64.71317,-8.993],[-64.72985,-9.01177],[-64.75279,-9.02011],[-64.76061,-9.01959],[-64.78302,-8.98831],[-64.81534,-8.9857],[-64.87008,-9.01125],[-64.88676,-9.02845],[-64.89354,-9.04304],[-64.90084,-9.04617],[-64.91648,-9.04252],[-64.91491,-9.0738],[-64.93264,-9.11968],[-64.93942,-9.12385],[-64.93838,-9.14731],[-64.93316,-9.15356],[-64.92847,-9.17702],[-64.93108,-9.18432],[-64.92326,-9.19735],[-64.92587,-9.20465],[-64.91909,-9.21977],[-64.93212,-9.23958],[-64.93525,-9.25522],[-64.95298,-9.27033],[-64.96236,-9.29223],[-64.9853,-9.29119],[-64.9999,-9.3037],[-65.00094,-9.31725],[-65.01189,-9.32768],[-65.00511,-9.34279],[-65.02127,-9.3454],[-65.02388,-9.35322],[-65.03847,-9.35895],[-65.03483,-9.37407],[-65.05307,-9.40118],[-65.07705,-9.40014],[-65.08539,-9.40378],[-65.09165,-9.40848],[-65.088,-9.42412],[-65.09738,-9.43194],[-65.11302,-9.43193],[-65.14222,-9.44601],[-65.17662,-9.42568],[-65.18496,-9.4262],[-65.186,-9.41421],[-65.17297,-9.38449],[-65.19539,-9.37459],[-65.18757,-9.34435],[-65.20842,-9.3089],[-65.20737,-9.28492],[-65.21102,-9.27815],[-65.24595,-9.25677],[-65.28348,-9.26928],[-65.29964,-9.28649],[-65.34187,-9.3089],[-65.35073,-9.32245],[-65.3768,-9.3235],[-65.38462,-9.33705],[-65.39296,-9.33861],[-65.41589,-9.3188],[-65.43935,-9.31098],[-65.44613,-9.31567],[-65.44821,-9.32402],[-65.443,-9.32975],[-65.44717,-9.34487],[-65.44561,-9.36989],[-65.45604,-9.40065],[-65.44248,-9.41941],[-65.43154,-9.45799],[-65.43414,-9.46581],[-65.44196,-9.46373],[-65.45604,-9.46998],[-65.46699,-9.45851],[-65.47637,-9.47207],[-65.49201,-9.47311],[-65.50244,-9.46946],[-65.50608,-9.44704],[-65.52172,-9.446],[-65.55508,-9.4215],[-65.59627,-9.41316],[-65.6411,-9.43244],[-65.64944,-9.44652],[-65.67186,-9.44547],[-65.67863,-9.45069],[-65.6802,-9.49969],[-65.69532,-9.50699],[-65.72295,-9.55808],[-65.7292,-9.56225],[-65.74224,-9.55234],[-65.74953,-9.55286],[-65.75579,-9.56798],[-65.76987,-9.56433],[-65.77612,-9.5758],[-65.79072,-9.58466],[-65.79958,-9.58414],[-65.80479,-9.56954],[-65.8173,-9.56172],[-65.8246,-9.5294],[-65.84754,-9.53149],[-65.84597,-9.51585],[-65.85953,-9.51011],[-65.88038,-9.48665],[-65.89758,-9.48822],[-65.91218,-9.483],[-65.93094,-9.44703],[-65.95075,-9.43556],[-65.95231,-9.42774],[-65.96952,-9.41262],[-65.98568,-9.4121],[-66.00184,-9.40324],[-66.02582,-9.40011],[-66.04198,-9.40168],[-66.05918,-9.41731],[-66.1233,-9.40793],[-66.15354,-9.41992],[-66.17282,-9.43347],[-66.2041,-9.42513],[-66.24268,-9.42878],[-66.25884,-9.41001],[-66.26718,-9.40897],[-66.28959,-9.41157],[-66.28334,-9.43138],[-66.3068,-9.43607],[-66.3141,-9.43295],[-66.31305,-9.42513],[-66.31827,-9.41939],[-66.33234,-9.42669],[-66.34068,-9.42617],[-66.35267,-9.41574],[-66.37405,-9.42565],[-66.40793,-9.40636],[-66.41419,-9.42095],[-66.39542,-9.43659],[-66.38916,-9.45484],[-66.39177,-9.49967],[-66.42305,-9.52522],[-66.43869,-9.55389],[-66.49447,-9.6008],[-66.49969,-9.6326],[-66.53618,-9.64251],[-66.5513,-9.6571],[-66.5857,-9.67274],[-66.60864,-9.66388],[-66.62324,-9.68004],[-66.68423,-9.71392],[-66.69101,-9.73321],[-66.72489,-9.7551],[-66.75774,-9.7598],[-66.77494,-9.7525],[-66.78172,-9.75771],[-66.7765,-9.76761],[-66.78015,-9.79055],[-66.8057,-9.81349],[-66.84375,-9.79733],[-67.13411,-9.67377],[-67.32542,-9.59453],[-67.30561,-9.56429],[-67.29362,-9.52624],[-67.2832,-9.51164],[-67.28528,-9.47358],[-67.29414,-9.4423],[-67.28476,-9.42823],[-67.28215,-9.40321],[-67.27589,-9.38913],[-67.28632,-9.36619],[-67.27276,-9.35837],[-67.27693,-9.33387],[-67.29361,-9.33179],[-67.31186,-9.31511],[-67.31186,-9.30729],[-67.29622,-9.28748],[-67.29778,-9.27184],[-67.28475,-9.24994],[-67.28475,-9.23378],[-67.29152,-9.21919],[-67.2811,-9.18739],[-67.29309,-9.16758],[-67.29308,-9.15246],[-67.27901,-9.12326],[-67.2519,-9.10658],[-67.23835,-9.06905],[-67.20759,-9.05862],[-67.20811,-9.0508],[-67.19664,-9.02891],[-67.1737,-9.02318],[-67.17005,-9.0164],[-67.19403,-8.99972],[-67.1982,-8.98356],[-67.17005,-8.97],[-67.16796,-8.95541],[-67.13929,-8.97105],[-67.12835,-8.94915],[-67.11323,-8.94133],[-67.10801,-8.92726],[-67.09602,-8.93716],[-67.08716,-8.93508],[-67.0856,-8.92674],[-67.09342,-8.91214],[-67.08143,-8.88295],[-67.09759,-8.86574],[-67.09811,-8.84854],[-67.10436,-8.84437],[-67.10488,-8.83655],[-67.08664,-8.81935],[-67.08507,-8.80319],[-67.11531,-8.77086],[-67.12886,-8.74115],[-67.14606,-8.72499],[-67.1471,-8.71613],[-67.13824,-8.69267],[-67.12208,-8.67599],[-67.11791,-8.65096],[-67.11217,-8.64471],[-67.09393,-8.6421],[-67.08402,-8.62907],[-67.09601,-8.59988],[-67.09757,-8.58267],[-67.0762,-8.5686],[-67.06004,-8.5467],[-67.05691,-8.50448],[-66.94952,-8.46851],[-66.92815,-8.456],[-66.92398,-8.44818],[-66.93075,-8.43463],[-66.92502,-8.41847],[-66.91355,-8.40648],[-66.90833,-8.38719],[-66.91355,-8.38093],[-66.9198,-8.34131],[-66.93492,-8.32098],[-66.93648,-8.3043],[-66.92136,-8.26781],[-66.90885,-8.25686],[-66.90468,-8.23392],[-66.88852,-8.21516],[-66.86767,-8.20629],[-66.85985,-8.19274],[-66.86141,-8.16876],[-66.88122,-8.15468],[-66.88487,-8.14687],[-66.88539,-8.13018],[-66.87861,-8.10777],[-66.86088,-8.0817],[-66.86714,-8.05981],[-66.86609,-8.04365],[-66.88121,-8.01497],[-66.87548,-7.97588],[-66.86088,-7.94825],[-66.86244,-7.93209],[-66.85514,-7.92948],[-66.84419,-7.89872],[-66.83585,-7.89716],[-66.82908,-7.87787],[-66.82126,-7.86797],[-66.81344,-7.86797],[-66.81239,-7.83565],[-66.8322,-7.82313],[-66.815,-7.80697],[-66.79988,-7.80489],[-66.7832,-7.78925],[-66.7613,-7.78247],[-66.73836,-7.75172],[-66.74358,-7.74546],[-66.7441,-7.7293],[-66.72846,-7.7267],[-66.71438,-7.73452],[-66.70917,-7.72878],[-66.71178,-7.72148],[-66.705,-7.70011],[-66.67372,-7.69438],[-66.66434,-7.70741],[-66.65704,-7.70376],[-66.63931,-7.67717],[-66.61638,-7.68395],[-66.6096,-7.6803],[-66.60856,-7.673],[-66.62993,-7.66362],[-66.63202,-7.65476],[-66.61221,-7.64225],[-66.62159,-7.62087],[-66.61533,-7.61566],[-66.5924,-7.6386],[-66.57676,-7.6412],[-66.55903,-7.62661],[-66.5533,-7.60367],[-66.5387,-7.5995],[-66.53088,-7.60315],[-66.52567,-7.62609],[-66.51055,-7.62974],[-66.5069,-7.63704],[-66.5142,-7.65997],[-66.50795,-7.66414],[-66.49908,-7.66102],[-66.49231,-7.64642],[-66.50377,-7.62557],[-66.5043,-7.60993],[-66.49491,-7.59116],[-66.47302,-7.58126],[-66.46989,-7.56562],[-66.43809,-7.56405],[-66.39795,-7.57031],[-66.37605,-7.56145],[-66.36354,-7.54894],[-66.37084,-7.51766],[-66.36458,-7.50254],[-66.37344,-7.49941],[-66.37761,-7.48377],[-66.38595,-7.48273],[-66.3896,-7.49003],[-66.40264,-7.48012],[-66.42505,-7.4869],[-66.42922,-7.50254],[-66.4506,-7.50463],[-66.45789,-7.49889],[-66.47041,-7.50932],[-66.47718,-7.50515],[-66.48813,-7.51557],[-66.50221,-7.5041],[-66.53348,-7.49732],[-66.54756,-7.48794],[-66.58822,-7.49837],[-66.5903,-7.48377],[-66.59812,-7.47908],[-66.60907,-7.48377],[-66.61585,-7.46917],[-66.63149,-7.46709],[-66.64191,-7.45666],[-66.65077,-7.45822],[-66.67371,-7.44519],[-66.6711,-7.42955],[-66.69665,-7.41078],[-66.72062,-7.37116],[-66.73626,-7.37794],[-66.75347,-7.34875],[-66.77849,-7.34822],[-66.78996,-7.33676],[-66.7936,-7.31955],[-66.80142,-7.31955],[-66.80768,-7.3133],[-66.81341,-7.32007],[-66.83322,-7.30548],[-66.85407,-7.29974],[-66.85147,-7.28984],[-66.87284,-7.27837],[-66.88014,-7.2669],[-66.89578,-7.26533],[-66.9062,-7.2523],[-66.91402,-7.25699],[-66.91923,-7.25126],[-66.93539,-7.25178],[-66.94165,-7.24604],[-66.95885,-7.21581],[-66.94895,-7.20695],[-66.94217,-7.19183],[-66.94477,-7.17671],[-66.95833,-7.1569],[-66.96302,-7.13344],[-66.9943,-7.1178],[-67.00003,-7.09121],[-67.03026,-7.08756],[-67.0386,-7.04012],[-67.04225,-7.03335],[-67.05059,-7.03335],[-67.05216,-7.02553],[-67.05998,-7.02709],[-67.07301,-7.00728],[-67.09751,-7.01145],[-67.1022,-7.01771],[-67.12253,-7.02344],[-67.134,-7.03439],[-67.13869,-7.04951],[-67.14495,-7.05368],[-67.15068,-7.04794],[-67.15798,-7.05003],[-67.16632,-7.06358],[-67.1804,-7.05785],[-67.2049,-7.05837],[-67.21845,-7.06775],[-67.23461,-7.06775],[-67.23878,-7.074],[-67.26276,-7.07453],[-67.27788,-7.10215],[-67.29352,-7.10841],[-67.29509,-7.11623],[-67.32741,-7.15011],[-67.32897,-7.15741],[-67.34722,-7.17253],[-67.33627,-7.25698],[-67.33784,-7.26532],[-67.34826,-7.27679],[-67.40404,-7.28774],[-67.41812,-7.28252],[-67.44158,-7.28617],[-67.45513,-7.27887],[-67.46816,-7.25958],[-67.49996,-7.24655]]]},"properties":{"CD_MUN":"1302405","NM_MUN":"Lábrea","SIGLA_UF":"AM"}},{"type":"Feature","geometry":{"type":"Polygon","coordinates":[[[-71.34243,-6.68031],[-71.29917,-6.6897],[-71.27988,-6.71993],[-71.26372,-6.72723],[-71.24652,-6.73088],[-71.23453,-6.71941],[-71.22671,-6.71941],[-71.18865,-6.72567],[-71.17979,-6.70794],[-71.14278,-6.70534],[-71.13652,-6.69543],[-71.12818,-6.69283],[-71.10577,-6.70847],[-71.10368,-6.67458],[-71.09012,-6.65947],[-71.0234,-6.65217],[-71.0062,-6.6553],[-70.99264,-6.64591],[-70.97492,-6.65008],[-70.94885,-6.67615],[-70.93061,-6.67094],[-70.92904,-6.69596],[-70.91445,-6.71994],[-70.90559,-6.72046],[-70.89985,-6.70482],[-70.86336,-6.72516],[-70.85346,-6.71473],[-70.83417,-6.71838],[-70.78986,-6.70639],[-70.78152,-6.70066],[-70.77161,-6.65478],[-70.75597,-6.64748],[-70.72991,-6.65322],[-70.70123,-6.6355],[-70.68038,-6.60839],[-70.65275,-6.59431],[-70.64598,-6.81222],[-70.66371,-6.83151],[-70.67153,-6.84767],[-70.66788,-6.85549],[-70.67935,-6.87738],[-70.69238,-6.88572],[-70.71584,-6.93316],[-70.7075,-6.93525],[-70.70385,-6.94359],[-70.7148,-6.98216],[-70.71115,-6.99051],[-70.71897,-6.99572],[-70.72314,-7.0124],[-70.7195,-7.02335],[-70.7221,-7.0369],[-70.73826,-7.04316],[-70.73253,-7.04837],[-70.74139,-7.076],[-70.75755,-7.08017],[-70.76172,-7.09216],[-70.77945,-7.11405],[-70.77528,-7.12135],[-70.79196,-7.1469],[-70.82063,-7.15941],[-70.81542,-7.16618],[-70.82168,-7.17088],[-70.83732,-7.17348],[-70.84357,-7.1813],[-70.86338,-7.1886],[-70.86495,-7.20007],[-70.87172,-7.20372],[-70.87537,-7.19694],[-70.88215,-7.20059],[-70.88893,-7.21518],[-70.90248,-7.22196],[-70.91187,-7.25115],[-70.92021,-7.2522],[-70.92959,-7.23864],[-70.93741,-7.24125],[-70.94366,-7.23656],[-70.95513,-7.24125],[-70.96087,-7.2548],[-70.97755,-7.25584],[-70.99527,-7.2694],[-71.00101,-7.28817],[-71.00831,-7.29129],[-70.99997,-7.3085],[-71.01456,-7.31579],[-71.01821,-7.33039],[-71.02551,-7.33143],[-71.02864,-7.34759],[-71.04532,-7.34603],[-71.05366,-7.35958],[-71.05054,-7.36636],[-71.05471,-7.3893],[-71.07712,-7.42162],[-71.08494,-7.42318],[-71.0912,-7.43778],[-71.1131,-7.46019],[-71.12821,-7.46541],[-71.12926,-7.47323],[-71.15271,-7.47896],[-71.17982,-7.51232],[-71.18295,-7.52744],[-71.19651,-7.54308],[-71.22466,-7.5582],[-71.24812,-7.58426],[-71.24968,-7.59208],[-71.26376,-7.58791],[-71.27105,-7.59364],[-71.27314,-7.6098],[-71.28096,-7.60668],[-71.28096,-7.61502],[-71.28878,-7.61345],[-71.30494,-7.63274],[-71.31276,-7.63431],[-71.31224,-7.64213],[-71.31954,-7.64682],[-71.32632,-7.66141],[-71.33257,-7.6562],[-71.37323,-7.67705],[-71.37115,-7.68435],[-71.38835,-7.69478],[-71.41337,-7.72293],[-71.42119,-7.72188],[-71.45247,-7.75681],[-71.46759,-7.76411],[-71.47072,-7.77088],[-71.45873,-7.80529],[-71.47176,-7.82354],[-71.4702,-7.83083],[-71.47906,-7.85325],[-71.50044,-7.86524],[-71.50878,-7.88036],[-71.99984,-7.77817],[-72.17187,-7.73542],[-72.16717,-7.62281],[-72.17082,-7.59779],[-72.18176,-7.58372],[-72.18228,-7.57381],[-72.17134,-7.55244],[-72.17394,-7.51125],[-72.15934,-7.49822],[-72.14996,-7.49979],[-72.14214,-7.48467],[-72.14631,-7.46747],[-72.14579,-7.4242],[-72.15361,-7.41898],[-72.14735,-7.38718],[-72.16351,-7.31629],[-72.14891,-7.29543],[-72.13275,-7.29074],[-72.12806,-7.27198],[-72.09574,-7.27354],[-72.0801,-7.26572],[-72.06289,-7.23809],[-72.04465,-7.23392],[-72.04986,-7.21568],[-72.05038,-7.10151],[-72.04099,-7.09838],[-72.0191,-7.10516],[-72.00815,-7.09421],[-71.99981,-7.09265],[-71.99564,-7.0989],[-71.98365,-7.08952],[-71.98469,-7.07962],[-71.9727,-7.05981],[-71.97843,-7.03635],[-71.98625,-7.03895],[-71.99147,-7.0327],[-71.98365,-7.00507],[-71.97635,-7.00246],[-71.94611,-7.01498],[-71.931,-7.01028],[-71.93412,-6.99725],[-71.91953,-6.98735],[-71.89502,-6.99517],[-71.84654,-6.99725],[-71.79702,-6.98579],[-71.79181,-6.97953],[-71.79702,-6.95294],[-71.79233,-6.93574],[-71.79441,-6.92792],[-71.80171,-6.92531],[-71.79962,-6.91645],[-71.78555,-6.90707],[-71.77043,-6.91437],[-71.76,-6.89977],[-71.75271,-6.89716],[-71.74854,-6.90446],[-71.75114,-6.91437],[-71.74437,-6.91958],[-71.72716,-6.91385],[-71.7183,-6.91802],[-71.70058,-6.88257],[-71.69067,-6.88257],[-71.67503,-6.88935],[-71.65262,-6.90968],[-71.63333,-6.91229],[-71.63333,-6.92897],[-71.64741,-6.95034],[-71.64949,-6.96077],[-71.64532,-6.96963],[-71.6375,-6.97328],[-71.62968,-6.97224],[-71.61717,-6.95973],[-71.60049,-6.9592],[-71.59632,-6.95034],[-71.59892,-6.93157],[-71.59267,-6.92584],[-71.56869,-6.93835],[-71.55826,-6.95191],[-71.5494,-6.95139],[-71.53793,-6.89091],[-71.53741,-6.86433],[-71.52959,-6.86068],[-71.52229,-6.86746],[-71.4957,-6.84504],[-71.48684,-6.84765],[-71.48007,-6.86224],[-71.4712,-6.86329],[-71.45191,-6.844],[-71.4394,-6.80386],[-71.41073,-6.78613],[-71.4076,-6.76945],[-71.3904,-6.76737],[-71.37736,-6.73296],[-71.34243,-6.68031]]]},"properties":{"CD_MUN":"1301803","NM_MUN":"Ipixuna","SIGLA_UF":"AM"}},{"type":"Feature","geometry":{"type":"Polygon","coordinates":[[[-63.17837,-6.84525],[-63.04753,-6.84369],[-63.04127,-6.83796],[-63.00686,-6.7827],[-62.96933,-6.70086],[-62.93648,-6.55124],[-62.92397,-6.52987],[-62.88852,-6.49077],[-62.87444,-6.45741],[-62.85567,-6.43082],[-62.85098,-6.44229],[-62.82335,-6.43708],[-62.80041,-6.42301],[-62.7926,-6.42248],[-62.78738,-6.42926],[-62.77018,-6.42301],[-62.73577,-6.42301],[-62.71075,-6.43083],[-62.70606,-6.44855],[-62.69772,-6.44334],[-62.67478,-6.45429],[-62.65706,-6.45012],[-62.65185,-6.45637],[-62.63621,-6.46054],[-62.59815,-6.43656],[-62.60284,-6.42927],[-62.59502,-6.42353],[-62.58616,-6.42405],[-62.57782,-6.40998],[-62.58095,-6.39486],[-62.55957,-6.38339],[-62.53403,-6.41311],[-62.49806,-6.41676],[-62.49128,-6.41311],[-62.47825,-6.38496],[-62.46417,-6.37088],[-62.39849,-6.3542],[-62.36877,-6.3271],[-62.34584,-6.32449],[-62.313,-6.33596],[-62.28902,-6.33231],[-62.28172,-6.33544],[-62.27494,-6.33127],[-62.26504,-6.30781],[-62.26712,-6.28956],[-62.252,-6.25151],[-62.20143,-6.20981],[-62.14722,-6.18895],[-62.12219,-6.19104],[-62.06798,-6.23014],[-62.05182,-6.2364],[-61.93714,-6.26299],[-61.90482,-6.25256],[-61.85373,-6.25778],[-61.83913,-6.24787],[-61.82975,-6.23275],[-61.8214,-6.15351],[-61.79638,-6.14152],[-61.7797,-6.14622],[-61.78022,-6.16498],[-61.76615,-6.17697],[-61.75729,-6.2046],[-61.74061,-6.22337],[-61.73591,-6.24892],[-61.73018,-6.25517],[-61.77293,-6.2656],[-61.80733,-6.2609],[-61.81567,-6.26351],[-61.83131,-6.27185],[-61.83653,-6.28905],[-61.83392,-6.29844],[-61.81515,-6.31564],[-61.80317,-6.3391],[-61.76876,-6.34901],[-61.76407,-6.35787],[-61.79743,-6.36412],[-61.8016,-6.3709],[-61.78805,-6.42564],[-61.7599,-6.43137],[-61.71924,-6.40322],[-61.69734,-6.40896],[-61.69578,-6.41678],[-61.72758,-6.459],[-61.74374,-6.45379],[-61.74739,-6.46839],[-61.7354,-6.47933],[-61.71924,-6.48038],[-61.72498,-6.49654],[-61.72133,-6.51322],[-61.69735,-6.49341],[-61.69109,-6.50019],[-61.68797,-6.50801],[-61.69318,-6.51531],[-61.70986,-6.51791],[-61.70673,-6.52677],[-61.68536,-6.54241],[-61.67546,-6.56692],[-61.66399,-6.58099],[-61.66295,-6.58985],[-61.67025,-6.60601],[-61.68588,-6.61488],[-61.68119,-6.64042],[-61.68954,-6.67274],[-61.67755,-6.69724],[-61.65253,-6.70141],[-61.63793,-6.70975],[-61.6348,-6.71705],[-61.6593,-6.7207],[-61.66452,-6.72956],[-61.68276,-6.73217],[-61.68485,-6.75146],[-61.67547,-6.76605],[-61.67547,-6.7916],[-61.68329,-6.79108],[-61.6958,-6.78065],[-61.71039,-6.79056],[-61.70362,-6.80828],[-61.70987,-6.81297],[-61.72968,-6.80932],[-61.73281,-6.81662],[-61.71978,-6.82757],[-61.71404,-6.84529],[-61.72864,-6.86667],[-61.76357,-6.86562],[-61.77817,-6.887],[-61.76044,-6.90733],[-61.75888,-6.91515],[-61.77556,-6.91098],[-61.81205,-6.92818],[-61.80528,-6.93496],[-61.79641,-6.93496],[-61.8058,-6.95685],[-61.81101,-6.95007],[-61.82092,-6.96258],[-61.84594,-6.95841],[-61.84907,-6.97562],[-61.84229,-7.00794],[-61.8204,-7.00481],[-61.8131,-7.00898],[-61.81101,-7.01628],[-61.84073,-7.03035],[-61.8522,-7.01993],[-61.8548,-7.02827],[-61.84438,-7.04078],[-61.84438,-7.0486],[-61.85585,-7.06893],[-61.86419,-7.06684],[-61.86784,-7.06007],[-61.86575,-7.04443],[-61.87149,-7.03974],[-61.88712,-7.04078],[-61.89964,-7.05173],[-61.90485,-7.06528],[-61.91528,-7.06007],[-61.91215,-7.08509],[-61.9257,-7.10438],[-61.91684,-7.12784],[-61.91788,-7.13722],[-61.9304,-7.15807],[-61.93769,-7.15599],[-61.9403,-7.14817],[-61.93248,-7.13566],[-61.93874,-7.13148],[-61.94708,-7.13461],[-61.95907,-7.14504],[-61.95438,-7.16902],[-61.96168,-7.17319],[-61.9893,-7.16693],[-61.97262,-7.19091],[-61.97732,-7.19873],[-61.99295,-7.19613],[-62.00964,-7.21698],[-62.03101,-7.20655],[-62.03935,-7.20551],[-62.04404,-7.21176],[-62.00078,-7.23835],[-61.99191,-7.24096],[-61.98618,-7.23575],[-61.98149,-7.24252],[-61.98305,-7.27484],[-61.97523,-7.27693],[-61.95125,-7.29882],[-61.93874,-7.28788],[-61.93092,-7.28683],[-61.91685,-7.29518],[-61.91372,-7.28736],[-61.89704,-7.28892],[-61.89078,-7.29466],[-61.88922,-7.31029],[-61.88244,-7.31551],[-61.84178,-7.32229],[-61.83501,-7.35252],[-61.85221,-7.37807],[-61.85221,-7.38693],[-61.82146,-7.43124],[-61.82719,-7.45418],[-61.83866,-7.46825],[-61.84075,-7.48389],[-61.8762,-7.54071],[-61.87516,-7.55635],[-61.85378,-7.57877],[-61.85014,-7.61161],[-61.83919,-7.62517],[-61.8444,-7.63976],[-61.81573,-7.65123],[-61.81365,-7.67313],[-61.81678,-7.68043],[-61.81104,-7.68616],[-61.81938,-7.69971],[-61.81573,-7.70753],[-61.82564,-7.7091],[-61.83242,-7.7044],[-61.83502,-7.71744],[-61.8272,-7.72057],[-61.82825,-7.72839],[-61.84388,-7.72526],[-61.84441,-7.74715],[-61.85692,-7.75549],[-61.86474,-7.75393],[-61.87933,-7.76279],[-61.88768,-7.76018],[-61.89237,-7.76644],[-61.88611,-7.7826],[-61.90696,-7.79303],[-61.90227,-7.79928],[-61.90592,-7.81023],[-61.91374,-7.8071],[-61.91583,-7.82222],[-61.92469,-7.82743],[-61.92521,-7.83629],[-61.94085,-7.83942],[-61.9518,-7.83577],[-61.96431,-7.84307],[-61.95753,-7.84985],[-61.97265,-7.87591],[-61.97943,-7.88008],[-61.99715,-7.88008],[-62.03208,-7.90771],[-62.03521,-7.91501],[-62.03156,-7.92179],[-62.05502,-7.96401],[-62.05085,-7.97131],[-62.05919,-7.97392],[-62.05033,-8.01458],[-62.03521,-8.01249],[-62.02844,-8.01666],[-62.02687,-8.02448],[-62.01228,-8.02292],[-61.9982,-8.0469],[-61.98361,-8.04117],[-61.97527,-8.05107],[-61.97422,-8.07662],[-61.95963,-8.0787],[-61.96119,-8.086],[-61.96536,-8.09851],[-61.93721,-8.12458],[-61.93513,-8.13187],[-61.9393,-8.13865],[-61.93096,-8.15168],[-61.92887,-8.16837],[-61.91532,-8.17775],[-61.91637,-8.20851],[-61.9221,-8.21424],[-61.91845,-8.23718],[-61.93096,-8.25699],[-61.91845,-8.28253],[-61.92158,-8.29713],[-61.91585,-8.30286],[-61.91689,-8.31798],[-61.9049,-8.32841],[-61.91741,-8.36594],[-61.94348,-8.39461],[-61.95078,-8.41651],[-61.96173,-8.42746],[-61.97059,-8.44935],[-61.97789,-8.45248],[-61.97059,-8.4676],[-61.97111,-8.48324],[-61.97893,-8.4848],[-61.97372,-8.4994],[-61.97633,-8.53902],[-61.9878,-8.55935],[-61.98832,-8.57551],[-61.97633,-8.61982],[-61.96903,-8.6219],[-61.96226,-8.6365],[-61.97998,-8.67038],[-61.99562,-8.68759],[-61.99823,-8.71887],[-61.98364,-8.77256],[-61.96643,-8.80019],[-61.9461,-8.81427],[-61.91639,-8.86223],[-61.90232,-8.86223],[-61.90492,-8.8737],[-61.92943,-8.87995],[-61.97843,-8.87265],[-61.98468,-8.87787],[-61.99615,-8.83981],[-62.00345,-8.82938],[-62.02065,-8.82313],[-62.03055,-8.79915],[-62.0733,-8.7981],[-62.09728,-8.80801],[-62.12439,-8.80123],[-62.1541,-8.73919],[-62.15618,-8.73137],[-62.14784,-8.71782],[-62.17078,-8.69436],[-62.16452,-8.67872],[-62.18068,-8.65735],[-62.19997,-8.64379],[-62.19528,-8.63597],[-62.17599,-8.63597],[-62.1739,-8.62763],[-62.18746,-8.5901],[-62.20257,-8.59427],[-62.2276,-8.5901],[-62.24219,-8.58019],[-62.26826,-8.57498],[-62.29276,-8.59531],[-62.2938,-8.60469],[-62.27869,-8.62867],[-62.28077,-8.63806],[-62.28859,-8.63858],[-62.33499,-8.60886],[-62.34124,-8.59426],[-62.32508,-8.56299],[-62.33342,-8.54526],[-62.33655,-8.51607],[-62.35323,-8.51085],[-62.36522,-8.49261],[-62.36313,-8.47749],[-62.36834,-8.44517],[-62.35896,-8.40607],[-62.36417,-8.39043],[-62.38346,-8.37688],[-62.43142,-8.37114],[-62.46478,-8.33882],[-62.47833,-8.34508],[-62.48615,-8.35863],[-62.50023,-8.36541],[-62.51795,-8.38417],[-62.52525,-8.38209],[-62.52473,-8.37479],[-62.5388,-8.35759],[-62.55079,-8.35759],[-62.54819,-8.34142],[-62.55444,-8.31849],[-62.56017,-8.31327],[-62.55496,-8.30598],[-62.56122,-8.28304],[-62.56851,-8.28669],[-62.58467,-8.27105],[-62.59927,-8.27157],[-62.6097,-8.25906],[-62.64931,-8.23612],[-62.65922,-8.1991],[-62.67277,-8.19181],[-62.68215,-8.17982],[-62.68424,-8.16522],[-62.67225,-8.14437],[-62.68476,-8.11569],[-62.67798,-8.11048],[-62.68997,-8.10006],[-62.69153,-8.09224],[-62.71186,-8.07972],[-62.74314,-8.0448],[-62.78536,-8.02551],[-62.80934,-8.02446],[-62.83228,-7.99371],[-62.84062,-7.99423],[-62.84427,-7.98589],[-62.85261,-7.98693],[-62.86564,-7.97494],[-63.49954,-7.97544],[-63.61996,-7.96866],[-63.62465,-7.90506],[-63.621,-7.89411],[-63.63508,-7.88212],[-63.62256,-7.8571],[-63.59858,-7.84772],[-63.56678,-7.8472],[-63.55375,-7.83782],[-63.54697,-7.8227],[-63.54906,-7.81227],[-63.53342,-7.80445],[-63.51622,-7.78673],[-63.5084,-7.78881],[-63.4693,-7.74711],[-63.45001,-7.74815],[-63.4375,-7.73825],[-63.43124,-7.74346],[-63.40622,-7.73408],[-63.40048,-7.7273],[-63.39214,-7.68977],[-63.38015,-7.6637],[-63.39527,-7.65693],[-63.39527,-7.63712],[-63.41977,-7.62825],[-63.41716,-7.62043],[-63.4255,-7.61157],[-63.42602,-7.60323],[-63.41925,-7.59385],[-63.40048,-7.58394],[-63.40308,-7.57404],[-63.39631,-7.55944],[-63.3791,-7.55058],[-63.37389,-7.52816],[-63.3447,-7.51826],[-63.33114,-7.49272],[-63.30299,-7.49011],[-63.31707,-7.47656],[-63.30351,-7.45466],[-63.30612,-7.44736],[-63.3327,-7.43276],[-63.33062,-7.42182],[-63.34209,-7.40983],[-63.33166,-7.40409],[-63.29934,-7.39992],[-63.29569,-7.4067],[-63.28109,-7.40722],[-63.26806,-7.41973],[-63.26181,-7.40305],[-63.24981,-7.39263],[-63.24564,-7.37125],[-63.25398,-7.37125],[-63.2519,-7.35144],[-63.26232,-7.3577],[-63.26702,-7.3504],[-63.29829,-7.34727],[-63.30299,-7.34154],[-63.29047,-7.32798],[-63.30298,-7.29566],[-63.30455,-7.27742],[-63.28004,-7.24822],[-63.28421,-7.23988],[-63.29412,-7.23832],[-63.30037,-7.22893],[-63.30037,-7.21069],[-63.32487,-7.20287],[-63.30767,-7.16377],[-63.30611,-7.15387],[-63.3134,-7.15074],[-63.31288,-7.14135],[-63.30558,-7.13823],[-63.30246,-7.12728],[-63.30662,-7.10434],[-63.26388,-7.09079],[-63.26127,-7.08245],[-63.25397,-7.07984],[-63.23781,-7.08505],[-63.23573,-7.07463],[-63.22739,-7.07463],[-63.22009,-7.05951],[-63.20705,-7.06003],[-63.20497,-7.05013],[-63.21696,-7.02667],[-63.20757,-7.01468],[-63.20028,-7.0225],[-63.18568,-7.01051],[-63.17682,-7.01624],[-63.16378,-7.00425],[-63.16222,-6.99279],[-63.15179,-6.98914],[-63.13459,-6.97246],[-63.1398,-6.95838],[-63.14658,-6.95577],[-63.16222,-6.93492],[-63.15127,-6.91772],[-63.15961,-6.91459],[-63.15961,-6.88748],[-63.15231,-6.87288],[-63.16117,-6.87341],[-63.16795,-6.86767],[-63.16482,-6.85985],[-63.17577,-6.85881],[-63.17837,-6.84525]]]},"properties":{"CD_MUN":"1301704","NM_MUN":"Humaitá","SIGLA_UF":"AM"}},{"type":"Feature","geometry":{"type":"Polygon","coordinates":[[[-73.74095,-7.14265],[-73.70811,-7.03995],[-73.66536,-6.99981],[-73.68308,-6.97948],[-73.68517,-6.96906],[-73.67995,-6.95289],[-73.65545,-6.94925],[-73.6273,-6.93569],[-73.61114,-6.93778],[-73.56735,-6.92892],[-73.53451,-6.94091],[-73.5147,-6.92579],[-73.48811,-6.93309],[-73.45266,-6.92788],[-73.43703,-6.95082],[-73.40053,-6.94248],[-73.36717,-6.94873],[-73.31661,-6.93935],[-73.29784,-6.94196],[-73.25926,-6.91954],[-73.22016,-6.92319],[-73.19254,-6.91746],[-73.17742,-6.92893],[-73.14614,-6.93935],[-73.12164,-6.97637],[-73.00956,-7.02746],[-72.97464,-7.02433],[-72.90478,-6.9967],[-72.87924,-6.99254],[-72.85682,-7.004],[-72.81929,-6.97846],[-72.78436,-6.97116],[-72.76142,-6.93676],[-72.72389,-6.90757],[-72.70147,-6.90235],[-72.67749,-6.90705],[-72.6629,-6.94927],[-72.6702,-6.95605],[-72.69626,-6.9597],[-72.69783,-7.0087],[-72.68323,-7.01756],[-72.66707,-7.04884],[-72.6212,-7.10775],[-72.61442,-7.11088],[-72.59878,-7.10671],[-72.58367,-7.11401],[-72.56855,-7.11297],[-72.53258,-7.13121],[-72.48618,-7.126],[-72.47471,-7.1161],[-72.43197,-7.1114],[-72.4205,-7.12183],[-72.40434,-7.15363],[-72.37046,-7.18178],[-72.38662,-7.20368],[-72.38662,-7.21306],[-72.37828,-7.21515],[-72.35795,-7.20211],[-72.3324,-7.20681],[-72.31468,-7.2042],[-72.28236,-7.17605],[-72.26672,-7.18543],[-72.23961,-7.19013],[-72.21459,-7.1797],[-72.19478,-7.14477],[-72.18279,-7.13226],[-72.08947,-7.12549],[-72.05038,-7.10151],[-72.04986,-7.21568],[-72.04465,-7.23392],[-72.06289,-7.23809],[-72.0801,-7.26572],[-72.09574,-7.27354],[-72.12806,-7.27198],[-72.13275,-7.29074],[-72.14891,-7.29543],[-72.16351,-7.31629],[-72.14735,-7.38718],[-72.15361,-7.41898],[-72.14579,-7.4242],[-72.14631,-7.46747],[-72.14214,-7.48467],[-72.14996,-7.49979],[-72.15934,-7.49822],[-72.17394,-7.51125],[-72.17134,-7.55244],[-72.18228,-7.57381],[-72.18176,-7.58372],[-72.17082,-7.59779],[-72.16717,-7.62281],[-72.17187,-7.73542],[-72.65719,-7.62384],[-72.86727,-7.52792],[-73.74095,-7.14265]]]},"properties":{"CD_MUN":"1301654","NM_MUN":"Guajará","SIGLA_UF":"AM"}},{"type":"Feature","geometry":{"type":"Polygon","coordinates":[[[-67.30843,-2.17214],[-67.29123,-2.1711],[-67.26256,-2.19508],[-67.23076,-2.20395],[-67.20835,-2.22115],[-67.20313,-2.24461],[-67.16716,-2.25191],[-67.12233,-2.24826],[-67.10409,-2.26703],[-67.0775,-2.27328],[-67.06291,-2.27016],[-67.03163,-2.25295],[-66.96021,-2.24879],[-66.92059,-2.22846],[-66.85647,-2.21907],[-66.81633,-2.19666],[-66.79026,-2.20135],[-66.78505,-2.19457],[-66.77775,-2.15235],[-66.77097,-2.1487],[-66.75169,-2.14974],[-66.71311,-2.16486],[-66.66515,-2.14505],[-66.64899,-2.15183],[-66.62032,-2.14975],[-66.60728,-2.13932],[-66.59894,-2.1169],[-66.5734,-2.11482],[-66.55776,-2.107],[-66.54577,-2.08302],[-66.52804,-2.06321],[-66.527,-2.05487],[-66.53795,-2.02359],[-66.52908,-1.99231],[-66.51814,-1.97824],[-66.45923,-1.93341],[-66.44307,-1.92976],[-66.43108,-1.93184],[-66.42534,-1.93914],[-66.42222,-1.95687],[-66.40918,-1.97042],[-66.40397,-1.99492],[-66.35654,-2.04288],[-66.33985,-2.04862],[-66.33621,-2.0554],[-66.34351,-2.08667],[-66.32891,-2.07677],[-66.32109,-2.0627],[-66.30597,-2.06009],[-66.31014,-2.04445],[-66.29815,-2.0335],[-66.27521,-2.02777],[-66.25123,-2.03142],[-66.24029,-2.02047],[-66.21474,-2.01369],[-66.18711,-1.99336],[-66.16157,-1.98659],[-66.15166,-2.03142],[-66.17304,-2.03507],[-66.16418,-2.06583],[-66.15584,-2.0627],[-66.14854,-2.06896],[-66.13968,-2.06583],[-66.13186,-2.06739],[-66.13029,-2.07573],[-66.09015,-2.08043],[-66.06513,-2.07469],[-66.04949,-2.07678],[-66.03646,-2.08616],[-66.02916,-2.11692],[-66.01665,-2.12891],[-66.01144,-2.14403],[-66.00049,-2.14403],[-65.99267,-2.15237],[-65.95462,-2.1654],[-65.94889,-2.17426],[-65.93377,-2.24933],[-65.92022,-2.25872],[-65.89415,-2.25976],[-65.89103,-2.30303],[-65.87017,-2.29938],[-65.85662,-2.28895],[-65.84306,-2.24777],[-65.81752,-2.25299],[-65.80501,-2.26498],[-65.79354,-2.25142],[-65.75549,-2.25455],[-65.73359,-2.26394],[-65.69554,-2.25716],[-65.67521,-2.27749],[-65.65748,-2.27488],[-65.64862,-2.25351],[-65.60952,-2.23996],[-65.59284,-2.24569],[-65.58554,-2.25299],[-65.58398,-2.26342],[-65.60796,-2.28844],[-65.62621,-2.29157],[-65.61943,-2.30721],[-65.59441,-2.32076],[-65.60171,-2.32858],[-65.61474,-2.36611],[-65.61161,-2.38228],[-65.60588,-2.38905],[-65.58659,-2.38749],[-65.5746,-2.37394],[-65.5428,-2.35882],[-65.52299,-2.38436],[-65.50683,-2.38958],[-65.49849,-2.38801],[-65.48442,-2.351],[-65.49276,-2.34631],[-65.51413,-2.34891],[-65.5183,-2.33171],[-65.51569,-2.32337],[-65.4938,-2.32024],[-65.45626,-2.32963],[-65.45314,-2.33745],[-65.45366,-2.34683],[-65.46982,-2.36038],[-65.47347,-2.37029],[-65.47399,-2.39166],[-65.46148,-2.40782],[-65.42395,-2.38958],[-65.42655,-2.36143],[-65.4203,-2.35517],[-65.40309,-2.34996],[-65.37703,-2.36091],[-65.37025,-2.35778],[-65.37025,-2.33641],[-65.36295,-2.33432],[-65.35826,-2.34266],[-65.34992,-2.33849],[-65.32594,-2.35413],[-65.30457,-2.33328],[-65.30196,-2.31503],[-65.29518,-2.30982],[-65.28006,-2.32025],[-65.27277,-2.36821],[-65.26756,-2.37551],[-65.27694,-2.38072],[-65.30978,-2.3656],[-65.33063,-2.36143],[-65.36504,-2.37081],[-65.39006,-2.38749],[-65.39267,-2.40522],[-65.38485,-2.40991],[-65.34627,-2.39688],[-65.32698,-2.40053],[-65.30718,-2.41408],[-65.30666,-2.43024],[-65.33898,-2.47299],[-65.3713,-2.46048],[-65.39006,-2.44432],[-65.39684,-2.44953],[-65.39841,-2.46882],[-65.42343,-2.48706],[-65.44168,-2.50896],[-65.49537,-2.54753],[-65.50788,-2.56317],[-65.523,-2.60071],[-65.58817,-2.65648],[-65.61371,-2.6617],[-65.66271,-2.66117],[-65.68617,-2.64501],[-65.71328,-2.61113],[-65.71275,-2.56317],[-65.7263,-2.51781],[-65.77478,-2.48288],[-65.7873,-2.48184],[-65.79824,-2.48653],[-65.8118,-2.49696],[-65.8118,-2.53814],[-65.79981,-2.56316],[-65.76541,-2.59392],[-65.76176,-2.60278],[-65.76332,-2.63146],[-65.77114,-2.63198],[-65.79147,-2.61217],[-65.79773,-2.58662],[-65.82066,-2.60122],[-65.84152,-2.59601],[-65.85298,-2.61112],[-65.86237,-2.61321],[-65.87853,-2.61373],[-65.88166,-2.60643],[-65.87436,-2.60122],[-65.87853,-2.59288],[-65.88791,-2.58923],[-65.90094,-2.6106],[-65.9072,-2.60539],[-65.91241,-2.61112],[-65.91763,-2.60382],[-65.93222,-2.61477],[-65.94578,-2.60591],[-65.95255,-2.61268],[-65.94161,-2.62363],[-65.94682,-2.62989],[-65.95412,-2.62676],[-65.96142,-2.63041],[-65.97445,-2.64136],[-65.9781,-2.65856],[-65.99322,-2.67993],[-65.9953,-2.69818],[-66.00938,-2.69296],[-66.01772,-2.69505],[-66.02189,-2.71173],[-66.02971,-2.71434],[-66.03023,-2.72164],[-66.04848,-2.72893],[-66.06568,-2.75604],[-66.06203,-2.77116],[-66.07559,-2.78002],[-66.07089,-2.7868],[-66.08862,-2.8113],[-66.08706,-2.81912],[-66.09383,-2.82381],[-66.10009,-2.83997],[-66.11469,-2.84727],[-66.10687,-2.8775],[-66.12251,-2.8822],[-66.12929,-2.89784],[-66.15066,-2.90826],[-66.16004,-2.92286],[-66.16786,-2.92494],[-66.17256,-2.94892],[-66.17933,-2.95361],[-66.18559,-2.94892],[-66.19028,-2.95518],[-66.19706,-2.96977],[-66.19497,-2.98593],[-66.20227,-2.98906],[-66.20592,-2.99636],[-66.19549,-3.01044],[-66.20696,-3.02034],[-66.20749,-3.0438],[-66.21635,-3.05787],[-66.21479,-3.06517],[-66.20801,-3.06934],[-66.22104,-3.07925],[-66.23668,-3.10688],[-66.24398,-3.11105],[-66.24763,-3.11835],[-66.24398,-3.12564],[-66.2591,-3.12825],[-66.26483,-3.13398],[-66.28881,-3.13607],[-66.30237,-3.14232],[-66.3008,-3.15014],[-66.30602,-3.15588],[-66.33156,-3.16109],[-66.33834,-3.14649],[-66.34511,-3.15014],[-66.36753,-3.13972],[-66.38213,-3.14493],[-66.38734,-3.13815],[-66.41028,-3.13137],[-66.42279,-3.14232],[-66.4598,-3.13659],[-66.47335,-3.14805],[-66.50411,-3.14284],[-66.50828,-3.1491],[-66.51506,-3.14597],[-66.52705,-3.15639],[-66.53226,-3.15014],[-66.55155,-3.1517],[-66.55832,-3.14753],[-66.58283,-3.14649],[-66.59325,-3.13919],[-66.59064,-3.10791],[-66.60889,-3.08289],[-66.61514,-3.05839],[-66.60732,-3.03545],[-66.58543,-3.0],[-66.59481,-2.9755],[-66.60784,-2.96611],[-66.61827,-2.94213],[-66.59898,-2.89782],[-66.56926,-2.88531],[-66.55883,-2.8702],[-66.55571,-2.85091],[-66.56144,-2.83266],[-66.59272,-2.80138],[-66.59063,-2.78418],[-66.56092,-2.76958],[-66.54267,-2.76802],[-66.52077,-2.75394],[-66.48845,-2.74091],[-66.47803,-2.72788],[-66.46656,-2.6966],[-66.45352,-2.68565],[-66.4113,-2.6893],[-66.40557,-2.70442],[-66.39201,-2.71433],[-66.37689,-2.7039],[-66.36803,-2.70442],[-66.35813,-2.71694],[-66.34927,-2.71954],[-66.33102,-2.71016],[-66.29766,-2.70234],[-66.28254,-2.68357],[-66.28931,-2.67732],[-66.30547,-2.67471],[-66.32007,-2.67888],[-66.33519,-2.67627],[-66.34979,-2.66637],[-66.35187,-2.65751],[-66.36699,-2.65021],[-66.37116,-2.64187],[-66.36699,-2.62727],[-66.3331,-2.59912],[-66.33206,-2.56159],[-66.36021,-2.55689],[-66.38419,-2.53291],[-66.40347,-2.46879],[-66.41233,-2.37443],[-66.41911,-2.3687],[-66.43735,-2.36661],[-66.49417,-2.38851],[-66.53588,-2.39581],[-66.59009,-2.38121],[-66.61668,-2.38016],[-66.63388,-2.38642],[-66.64639,-2.41144],[-66.64692,-2.42917],[-66.6318,-2.48547],[-66.61668,-2.51675],[-66.61095,-2.56888],[-66.60105,-2.60276],[-66.60418,-2.62049],[-66.61982,-2.6502],[-66.69384,-2.69816],[-66.73034,-2.71588],[-66.74806,-2.71953],[-66.75692,-2.71693],[-66.79915,-2.68408],[-66.869,-2.67418],[-66.91123,-2.68564],[-66.93208,-2.71223],[-66.94667,-2.72161],[-66.97743,-2.7237],[-67.00402,-2.719],[-67.028,-2.7091],[-67.04155,-2.69554],[-67.04937,-2.68095],[-67.05979,-2.63716],[-67.07439,-2.61735],[-67.09941,-2.60848],[-67.11714,-2.60796],[-67.14164,-2.61787],[-67.15258,-2.61839],[-67.20419,-2.59545],[-67.21253,-2.57199],[-67.2167,-2.51986],[-67.24589,-2.47711],[-67.23755,-2.46095],[-67.22921,-2.46251],[-67.20731,-2.42707],[-67.20054,-2.43072],[-67.19376,-2.41403],[-67.18542,-2.41091],[-67.1802,-2.41768],[-67.17238,-2.41768],[-67.1703,-2.39266],[-67.20939,-2.32228],[-67.23859,-2.30664],[-67.26361,-2.30404],[-67.26986,-2.29934],[-67.24328,-2.26911],[-67.23545,-2.24721],[-67.24484,-2.23418],[-67.26204,-2.23418],[-67.27507,-2.2248],[-67.30843,-2.17214]]]},"properties":{"CD_MUN":"1301605","NM_MUN":"Fonte Boa","SIGLA_UF":"AM"}},{"type":"Feature","geometry":{"type":"Polygon","coordinates":[[[-59.27575,-2.4794],[-59.27105,-2.47262],[-59.27105,-2.44656],[-59.172,-2.38505],[-59.13238,-2.34074],[-59.1084,-2.29643],[-59.08703,-2.28392],[-59.08129,-2.27505],[-59.07139,-2.27558],[-59.06357,-2.26932],[-59.06409,-2.26046],[-59.07504,-2.24638],[-59.06461,-2.23387],[-59.05523,-2.23231],[-59.04949,-2.24847],[-59.04167,-2.2542],[-59.03385,-2.2469],[-59.01874,-2.25472],[-58.97547,-2.25316],[-58.96192,-2.26567],[-58.96452,-2.2834],[-58.95722,-2.2834],[-58.95618,-2.27401],[-58.94054,-2.28236],[-58.9322,-2.27558],[-58.92595,-2.25629],[-58.9176,-2.25733],[-58.91448,-2.26515],[-58.90666,-2.26098],[-58.90666,-2.23805],[-58.88007,-2.22971],[-58.87277,-2.24743],[-58.86235,-2.25369],[-58.84462,-2.25421],[-58.83211,-2.24847],[-58.82377,-2.25629],[-58.82429,-2.2662],[-58.80813,-2.26985],[-58.78415,-2.26307],[-58.77633,-2.26724],[-58.76382,-2.28914],[-58.73254,-2.27975],[-58.72316,-2.28549],[-58.72681,-2.30165],[-58.74454,-2.32146],[-58.74454,-2.33658],[-58.72108,-2.34753],[-58.68772,-2.34388],[-58.66373,-2.32094],[-58.60952,-2.29435],[-58.56104,-2.31886],[-58.54644,-2.31156],[-58.53028,-2.31365],[-58.49379,-2.29905],[-58.47502,-2.29749],[-58.45834,-2.30218],[-58.4474,-2.31417],[-58.41038,-2.32095],[-58.40309,-2.31834],[-58.3911,-2.33763],[-58.36347,-2.33971],[-58.34939,-2.37881],[-58.33793,-2.3955],[-58.33845,-2.40436],[-58.3176,-2.41583],[-58.30144,-2.4127],[-58.28163,-2.3955],[-58.27485,-2.40071],[-58.25921,-2.40227],[-58.27329,-2.44189],[-58.28684,-2.46275],[-58.28684,-2.47109],[-58.27381,-2.48099],[-58.26547,-2.47891],[-58.25765,-2.49298],[-58.24983,-2.49246],[-58.22742,-2.51905],[-58.21543,-2.52061],[-58.18623,-2.55919],[-58.18519,-2.56857],[-58.15548,-2.59203],[-58.1315,-2.59829],[-58.11847,-2.6108],[-58.08667,-2.62175],[-58.06217,-2.63791],[-58.01577,-2.65303],[-57.9699,-2.64208],[-57.96416,-2.63531],[-57.97459,-2.60351],[-57.96521,-2.60507],[-57.9626,-2.62071],[-57.95426,-2.62488],[-57.94175,-2.60768],[-57.94487,-2.59777],[-57.92402,-2.58422],[-57.8818,-2.58005],[-57.87554,-2.58474],[-57.88128,-2.60507],[-57.93758,-2.61967],[-57.96469,-2.67493],[-57.95843,-2.68275],[-57.95009,-2.66659],[-57.94019,-2.66346],[-57.93289,-2.66763],[-57.93028,-2.69891],[-57.94384,-2.7109],[-57.93341,-2.72654],[-57.95218,-2.74791],[-57.9428,-2.76251],[-57.91621,-2.75729],[-57.95739,-2.79587],[-57.99076,-2.80525],[-58.03924,-2.80681],[-58.06947,-2.82037],[-58.09971,-2.8433],[-58.10962,-2.85842],[-58.13985,-2.80577],[-58.14037,-2.79743],[-58.15809,-2.77814],[-58.16018,-2.76042],[-58.18207,-2.74269],[-58.18676,-2.71975],[-58.18051,-2.69577],[-58.19458,-2.66397],[-58.20501,-2.66032],[-58.21387,-2.64729],[-58.22273,-2.64416],[-58.23524,-2.64885],[-58.25349,-2.62592],[-58.26495,-2.62748],[-58.27173,-2.61966],[-58.29362,-2.6207],[-58.30353,-2.6108],[-58.31291,-2.61236],[-58.32855,-2.62487],[-58.33637,-2.62435],[-58.35045,-2.60402],[-58.35774,-2.6108],[-58.35879,-2.61861],[-58.37964,-2.62174],[-58.39893,-2.64624],[-58.40414,-2.63999],[-58.41613,-2.65406],[-58.42604,-2.65615],[-58.45419,-2.65145],[-58.4693,-2.66084],[-58.47556,-2.67856],[-58.4839,-2.6843],[-58.49902,-2.67648],[-58.50215,-2.70202],[-58.51049,-2.70411],[-58.52613,-2.70098],[-58.54437,-2.68951],[-58.55323,-2.69159],[-58.58712,-2.67856],[-58.63821,-2.67491],[-58.66271,-2.6577],[-58.67417,-2.65666],[-58.68356,-2.6624],[-58.71536,-2.63164],[-58.71953,-2.616],[-58.74924,-2.60766],[-58.75028,-2.59827],[-58.75654,-2.59306],[-58.7654,-2.59567],[-58.77947,-2.58733],[-58.78782,-2.5868],[-58.78938,-2.59619],[-58.80137,-2.59671],[-58.81701,-2.58628],[-58.82326,-2.59567],[-58.84881,-2.6014],[-58.87904,-2.5722],[-58.88634,-2.57012],[-58.89833,-2.58889],[-58.91762,-2.58524],[-58.92492,-2.56908],[-58.94368,-2.57377],[-58.94629,-2.56438],[-58.95828,-2.55708],[-58.97288,-2.56282],[-58.98747,-2.55969],[-58.99633,-2.57429],[-59.01093,-2.57377],[-59.02084,-2.60556],[-59.03752,-2.60244],[-59.03908,-2.59462],[-59.05055,-2.58628],[-59.06358,-2.57689],[-59.08131,-2.57428],[-59.08808,-2.56907],[-59.0959,-2.55552],[-59.12249,-2.53519],[-59.13031,-2.51955],[-59.15481,-2.51642],[-59.16836,-2.50703],[-59.17305,-2.48357],[-59.19599,-2.47002],[-59.22205,-2.47315],[-59.24551,-2.4695],[-59.25229,-2.47419],[-59.24864,-2.48149],[-59.27523,-2.48774],[-59.27575,-2.4794]]]},"properties":{"CD_MUN":"1302009","NM_MUN":"Itapiranga","SIGLA_UF":"AM"}},{"type":"Feature","geometry":{"type":"Polygon","coordinates":[[[-68.3048,-6.05013],[-67.66829,-6.04285],[-67.67559,-6.07152],[-67.66829,-6.0955],[-67.67768,-6.14033],[-67.66517,-6.16483],[-67.64432,-6.17734],[-67.62086,-6.23834],[-67.62555,-6.24668],[-67.64901,-6.24407],[-67.66569,-6.25345],[-67.67508,-6.28369],[-67.69593,-6.30037],[-67.69541,-6.31914],[-67.7001,-6.32904],[-67.73295,-6.35146],[-67.74546,-6.36762],[-67.78039,-6.45572],[-67.77361,-6.47032],[-67.77518,-6.4797],[-67.78821,-6.49377],[-67.79655,-6.5188],[-67.75693,-6.50785],[-67.74077,-6.50837],[-67.70949,-6.54747],[-67.68552,-6.55112],[-67.67196,-6.55998],[-67.65163,-6.54852],[-67.63964,-6.56833],[-67.63234,-6.56885],[-67.60211,-6.55946],[-67.59064,-6.548],[-67.58386,-6.55217],[-67.56822,-6.55008],[-67.55571,-6.53966],[-67.53121,-6.53549],[-67.50879,-6.54174],[-67.45249,-6.50108],[-67.44415,-6.5016],[-67.42851,-6.51829],[-67.41131,-6.50317],[-67.38837,-6.49326],[-67.36648,-6.4917],[-67.34145,-6.44739],[-67.32008,-6.43644],[-67.30653,-6.42341],[-67.28984,-6.42185],[-67.28411,-6.41559],[-67.24501,-6.41351],[-67.23771,-6.40829],[-67.22103,-6.35356],[-67.20226,-6.33271],[-67.16629,-6.33792],[-67.14805,-6.33583],[-67.13918,-6.3374],[-67.13397,-6.34365],[-67.12876,-6.3374],[-67.11833,-6.33896],[-67.11416,-6.33167],[-67.0954,-6.32854],[-67.08758,-6.33062],[-67.06255,-6.35513],[-67.05943,-6.36712],[-67.03753,-6.38745],[-67.01825,-6.3864],[-66.98175,-6.37546],[-66.9755,-6.38067],[-66.97654,-6.38953],[-66.94735,-6.3838],[-66.91764,-6.40048],[-66.89835,-6.39944],[-66.88219,-6.40882],[-66.86394,-6.40726],[-66.81442,-6.44271],[-66.80087,-6.47138],[-66.77324,-6.49536],[-66.76281,-6.49954],[-66.75916,-6.50788],[-66.75343,-6.50214],[-66.73727,-6.50214],[-66.72372,-6.51153],[-66.71642,-6.5084],[-66.70443,-6.51309],[-66.69765,-6.5256],[-66.68931,-6.52717],[-66.67628,-6.51987],[-66.65438,-6.52665],[-66.63666,-6.54229],[-66.63249,-6.53499],[-66.62624,-6.54958],[-66.61477,-6.5475],[-66.60278,-6.55584],[-66.59496,-6.55376],[-66.58714,-6.56731],[-66.57828,-6.56783],[-66.57411,-6.56158],[-66.55742,-6.56523],[-66.5496,-6.56158],[-66.54387,-6.56627],[-66.53814,-6.56106],[-66.52823,-6.57357],[-66.52041,-6.57617],[-66.50686,-6.56679],[-66.47506,-6.5694],[-66.46568,-6.58243],[-66.45108,-6.58764],[-66.45264,-6.59546],[-66.44795,-6.60224],[-66.42867,-6.6085],[-66.41928,-6.62466],[-66.41198,-6.62049],[-66.40469,-6.62466],[-66.40417,-6.63196],[-66.39739,-6.63665],[-66.36246,-6.61893],[-66.35412,-6.63248],[-66.3609,-6.63665],[-66.36246,-6.64499],[-66.3708,-6.64603],[-66.37654,-6.63978],[-66.38019,-6.64708],[-66.38748,-6.64238],[-66.39478,-6.65281],[-66.3953,-6.66324],[-66.40312,-6.66271],[-66.40938,-6.67627],[-66.41772,-6.67887],[-66.41616,-6.70233],[-66.42346,-6.71641],[-66.44692,-6.72423],[-66.46047,-6.73778],[-66.46829,-6.72892],[-66.4808,-6.73987],[-66.4881,-6.72683],[-66.49957,-6.74404],[-66.50739,-6.74195],[-66.50426,-6.73465],[-66.51208,-6.73309],[-66.55847,-6.73882],[-66.5762,-6.72996],[-66.58037,-6.73726],[-66.58767,-6.73517],[-66.59392,-6.74925],[-66.60643,-6.76071],[-66.64188,-6.75811],[-66.64084,-6.76645],[-66.64918,-6.76697],[-66.65022,-6.77531],[-66.66586,-6.77687],[-66.66951,-6.78417],[-66.67629,-6.78052],[-66.68567,-6.79303],[-66.71643,-6.79147],[-66.74458,-6.79929],[-66.75396,-6.7873],[-66.77846,-6.79355],[-66.79463,-6.80867],[-66.8014,-6.81284],[-66.8087,-6.81076],[-66.81496,-6.81649],[-66.82225,-6.81232],[-66.81861,-6.80554],[-66.83737,-6.79981],[-66.84311,-6.8045],[-66.85145,-6.80293],[-66.85249,-6.79459],[-66.87751,-6.80137],[-66.89888,-6.79146],[-66.90983,-6.80345],[-66.91922,-6.80606],[-66.92495,-6.79146],[-66.9458,-6.7899],[-66.94893,-6.78104],[-66.95571,-6.78521],[-66.96926,-6.77895],[-66.9922,-6.75966],[-67.00783,-6.75758],[-67.01878,-6.74611],[-67.03129,-6.75601],[-67.03338,-6.76383],[-67.04068,-6.76122],[-67.0485,-6.77478],[-67.05944,-6.77321],[-67.07196,-6.78364],[-67.07925,-6.77947],[-67.09906,-6.78468],[-67.10011,-6.76904],[-67.11053,-6.77738],[-67.13243,-6.7779],[-67.14077,-6.79042],[-67.15484,-6.78624],[-67.16996,-6.78885],[-67.17361,-6.79563],[-67.16683,-6.80084],[-67.17517,-6.81492],[-67.16892,-6.82065],[-67.17205,-6.82795],[-67.17934,-6.82274],[-67.18716,-6.8243],[-67.18925,-6.83264],[-67.19759,-6.83212],[-67.19811,-6.82378],[-67.21636,-6.83577],[-67.2419,-6.83212],[-67.25441,-6.83681],[-67.26275,-6.81544],[-67.27161,-6.82482],[-67.28308,-6.8243],[-67.29664,-6.817],[-67.30654,-6.82482],[-67.32166,-6.82013],[-67.32844,-6.82482],[-67.33886,-6.81231],[-67.34668,-6.81283],[-67.35137,-6.82951],[-67.36336,-6.82221],[-67.36545,-6.81387],[-67.37379,-6.81178],[-67.37952,-6.82534],[-67.37431,-6.83159],[-67.38213,-6.83472],[-67.37952,-6.85088],[-67.38995,-6.86079],[-67.39777,-6.85974],[-67.40246,-6.87382],[-67.41393,-6.87851],[-67.41393,-6.88789],[-67.42071,-6.89832],[-67.41862,-6.9077],[-67.49005,-7.17044],[-67.49996,-7.20589],[-67.49996,-7.24655],[-67.49736,-7.27574],[-67.50257,-7.29138],[-67.51508,-7.30233],[-67.51769,-7.31797],[-67.56461,-7.3482],[-67.57556,-7.37844],[-67.61153,-7.40972],[-67.62508,-7.39981],[-67.64124,-7.39825],[-67.64385,-7.38313],[-67.65375,-7.37166],[-67.65427,-7.3555],[-67.66782,-7.33725],[-67.67512,-7.3409],[-67.6918,-7.33673],[-67.69754,-7.33048],[-67.69128,-7.30858],[-67.70744,-7.28356],[-67.70848,-7.2674],[-67.72933,-7.25593],[-67.75279,-7.26062],[-67.75748,-7.26687],[-67.77834,-7.25645],[-67.79502,-7.25645],[-67.80857,-7.24811],[-67.83151,-7.25488],[-67.83881,-7.25123],[-67.86174,-7.2601],[-67.87686,-7.25592],[-67.88364,-7.27],[-67.90293,-7.25957],[-67.87582,-7.23976],[-67.88155,-7.22517],[-67.88155,-7.20849],[-67.89458,-7.19962],[-67.89667,-7.19232],[-67.89093,-7.18659],[-67.90084,-7.16469],[-67.91387,-7.15427],[-67.93576,-7.16313],[-67.95453,-7.14853],[-67.96235,-7.15062],[-67.97747,-7.14488],[-67.99988,-7.14957],[-68.00979,-7.13758],[-68.01813,-7.13758],[-68.02751,-7.12455],[-68.04054,-7.11621],[-68.06348,-7.12194],[-68.07651,-7.14332],[-68.08329,-7.14644],[-68.11405,-7.1454],[-68.12969,-7.1626],[-68.14376,-7.15478],[-68.15523,-7.16677],[-68.17191,-7.16782],[-68.17765,-7.16208],[-68.17713,-7.14592],[-68.1813,-7.14019],[-68.19641,-7.13497],[-68.20892,-7.14488],[-68.25376,-7.16312],[-68.27252,-7.17668],[-68.31892,-7.15791],[-68.32413,-7.16364],[-68.33247,-7.16208],[-68.34446,-7.17355],[-68.3601,-7.17719],[-68.37574,-7.17459],[-68.38669,-7.17876],[-68.39399,-7.16781],[-68.40598,-7.17615],[-68.41797,-7.16625],[-68.43204,-7.17354],[-68.43361,-7.16572],[-68.45654,-7.15634],[-68.46123,-7.14122],[-68.48678,-7.16051],[-68.48417,-7.17615],[-68.49043,-7.19075],[-68.47583,-7.21942],[-68.49773,-7.25278],[-68.50711,-7.25122],[-68.51858,-7.24079],[-68.53318,-7.246],[-68.54204,-7.22306],[-68.57436,-7.21889],[-68.57332,-7.21107],[-68.56602,-7.20795],[-68.5655,-7.19961],[-68.58374,-7.18292],[-68.59834,-7.17823],[-68.5926,-7.16051],[-68.60459,-7.14122],[-68.65568,-7.10316],[-68.69529,-7.10212],[-68.71354,-7.11723],[-68.72918,-7.12141],[-68.80581,-7.09847],[-68.82875,-7.10628],[-68.83344,-7.11254],[-68.86315,-7.10263],[-68.87879,-7.10733],[-68.89495,-7.10628],[-68.90225,-7.1042],[-68.90955,-7.09064],[-68.91633,-7.09481],[-68.9231,-7.09012],[-68.93092,-7.07552],[-68.94447,-7.08334],[-68.95646,-7.07083],[-68.9622,-7.07761],[-68.97054,-7.07605],[-68.9695,-7.06823],[-68.97471,-7.06197],[-68.98826,-7.05467],[-69.01641,-7.075],[-69.02475,-7.075],[-69.03205,-7.07187],[-69.03362,-7.06405],[-69.0258,-7.05102],[-69.01276,-7.04216],[-69.01172,-7.03382],[-69.01693,-7.02756],[-69.03935,-7.02808],[-69.05812,-7.05415],[-69.06437,-7.04998],[-69.06854,-7.03434],[-69.07636,-7.03538],[-69.08679,-7.04737],[-69.09304,-7.02547],[-69.10868,-7.02808],[-69.11859,-7.01661],[-69.12641,-7.01505],[-69.13318,-6.99159],[-69.13214,-6.96031],[-69.13839,-6.95562],[-69.16498,-6.95979],[-69.18166,-6.94415],[-69.19209,-6.94415],[-69.21659,-6.97699],[-69.24995,-6.99941],[-69.25881,-7.00253],[-69.26559,-6.99576],[-69.2854,-7.01139],[-69.30834,-7.00722],[-69.32346,-7.01452],[-69.3391,-7.01087],[-69.35473,-7.01661],[-69.36047,-7.01139],[-69.37611,-7.01661],[-69.40374,-7.04423],[-69.40165,-7.05258],[-69.41469,-7.06092],[-69.41312,-7.07343],[-69.42563,-7.08281],[-69.44179,-7.0849],[-69.46108,-7.09949],[-69.48558,-7.1047],[-69.48246,-7.12816],[-69.45379,-7.14537],[-69.45327,-7.16153],[-69.46161,-7.17404],[-69.48402,-7.17977],[-69.48455,-7.19593],[-69.49028,-7.20219],[-69.52051,-7.18238],[-69.51791,-7.15892],[-69.52312,-7.13598],[-69.5153,-7.11357],[-69.52989,-7.08646],[-69.52833,-7.0703],[-69.53667,-7.05674],[-69.53354,-7.04892],[-69.49184,-7.02494],[-69.46108,-7.01817],[-69.44596,-6.99992],[-69.44023,-6.97646],[-69.42876,-6.96552],[-69.42511,-6.94883],[-69.3808,-6.90661],[-69.37506,-6.88941],[-69.37245,-6.85761],[-69.37871,-6.79401],[-69.36984,-6.76638],[-69.36202,-6.76116],[-69.35941,-6.7278],[-69.34899,-6.71373],[-69.33491,-6.66472],[-69.33281,-6.36028],[-69.32291,-6.34777],[-69.31092,-6.30554],[-69.29788,-6.29199],[-69.27495,-6.28156],[-69.26713,-6.28313],[-69.20979,-6.34412],[-69.21552,-6.37957],[-69.23637,-6.41241],[-69.23325,-6.42753],[-69.22491,-6.43066],[-69.20927,-6.42753],[-69.18007,-6.40407],[-69.15714,-6.41711],[-69.1488,-6.41294],[-69.11752,-6.37592],[-69.10084,-6.36967],[-69.06851,-6.37749],[-69.04401,-6.39522],[-69.02733,-6.39522],[-68.99397,-6.3582],[-68.95435,-6.37332],[-68.94653,-6.37437],[-68.94445,-6.36707],[-68.92307,-6.37593],[-68.9163,-6.37072],[-68.91682,-6.36029],[-68.9017,-6.36133],[-68.88606,-6.39001],[-68.87199,-6.402],[-68.87876,-6.41607],[-68.87303,-6.42389],[-68.83758,-6.41972],[-68.82246,-6.42337],[-68.80995,-6.41086],[-68.81412,-6.39522],[-68.80839,-6.38792],[-68.77659,-6.39418],[-68.76825,-6.40044],[-68.75157,-6.39783],[-68.75469,-6.41451],[-68.7401,-6.42442],[-68.71455,-6.41608],[-68.70256,-6.40617],[-68.67181,-6.40826],[-68.66295,-6.40409],[-68.66347,-6.37959],[-68.66503,-6.3702],[-68.67962,-6.36238],[-68.68171,-6.35404],[-68.67285,-6.32798],[-68.6765,-6.32068],[-68.68588,-6.3212],[-68.68067,-6.30608],[-68.66294,-6.2894],[-68.64782,-6.28679],[-68.62958,-6.26803],[-68.62176,-6.27063],[-68.60872,-6.26229],[-68.60142,-6.23466],[-68.59621,-6.22737],[-68.58579,-6.22893],[-68.57223,-6.20756],[-68.55399,-6.20756],[-68.53522,-6.1914],[-68.5102,-6.19296],[-68.48674,-6.17784],[-68.46276,-6.17472],[-68.45024,-6.16325],[-68.432,-6.16377],[-68.41792,-6.1424],[-68.38821,-6.11633],[-68.37205,-6.10799],[-68.36788,-6.08349],[-68.3439,-6.08088],[-68.322,-6.06577],[-68.31262,-6.06629],[-68.30584,-6.06055],[-68.3048,-6.05013]]]},"properties":{"CD_MUN":"1301951","NM_MUN":"Itamarati","SIGLA_UF":"AM"}}]}