{"type":"FeatureCollection","features":[{"type":"Feature","geometry":{"type":"Polygon","coordinates":[[[-36.00203,-7.39176],[-35.97596,-7.36987],[-35.98169,-7.35527],[-35.97127,-7.33077],[-35.97231,-7.29793],[-35.96084,-7.30002],[-35.94416,-7.2849],[-35.92591,-7.28386],[-35.9061,-7.26509],[-35.90819,-7.25518],[-35.90349,-7.24736],[-35.88004,-7.24997],[-35.89099,-7.3266],[-35.85658,-7.31983],[-35.84198,-7.33234],[-35.86336,-7.34954],[-35.84876,-7.38812],[-35.79768,-7.40585],[-35.79246,-7.41731],[-35.79559,-7.42461],[-35.78204,-7.4293],[-35.81488,-7.44755],[-35.84147,-7.48196],[-35.85346,-7.50854],[-35.87953,-7.51219],[-35.87379,-7.52053],[-35.87848,-7.52522],[-35.87171,-7.52731],[-35.86337,-7.53878],[-35.86493,-7.54868],[-35.97596,-7.46214],[-35.98274,-7.43555],[-36.00203,-7.4147],[-36.00203,-7.39176]]]},"properties":{"CD_MUN":"2512507","NM_MUN":"Queimadas","SIGLA_UF":"PB"}},{"type":"Feature","geometry":{"type":"Polygon","coordinates":[[[-37.70454,-6.18698],[-37.69516,-6.18646],[-37.68212,-6.20053],[-37.67326,-6.19845],[-37.65032,-6.20575],[-37.62478,-6.19271],[-37.61852,-6.20158],[-37.61696,-6.22973],[-37.62374,-6.24641],[-37.61592,-6.25892],[-37.61227,-6.28029],[-37.60497,-6.28551],[-37.60706,-6.33138],[-37.60081,-6.34285],[-37.6055,-6.3538],[-37.61905,-6.35745],[-37.63156,-6.3684],[-37.64929,-6.35953],[-37.65398,-6.36787],[-37.67744,-6.38508],[-37.69047,-6.38716],[-37.70142,-6.42261],[-37.72801,-6.4273],[-37.74573,-6.42469],[-37.74625,-6.42939],[-37.73426,-6.43199],[-37.72853,-6.44033],[-37.74365,-6.47474],[-37.75512,-6.46014],[-37.77597,-6.45649],[-37.79838,-6.46431],[-37.81715,-6.44815],[-37.81142,-6.44137],[-37.78952,-6.44033],[-37.78535,-6.4273],[-37.79161,-6.41427],[-37.78222,-6.38351],[-37.79525,-6.37204],[-37.80881,-6.34962],[-37.84217,-6.33294],[-37.83591,-6.32408],[-37.82132,-6.3147],[-37.82288,-6.30583],[-37.81141,-6.30271],[-37.8161,-6.29541],[-37.79629,-6.29019],[-37.79056,-6.29801],[-37.77753,-6.30375],[-37.77283,-6.29332],[-37.76032,-6.29072],[-37.74416,-6.27612],[-37.7452,-6.26778],[-37.75354,-6.27195],[-37.76293,-6.26882],[-37.76397,-6.25527],[-37.77231,-6.2438],[-37.75876,-6.24067],[-37.77127,-6.22764],[-37.75146,-6.21461],[-37.75354,-6.20209],[-37.74364,-6.18646],[-37.72591,-6.1875],[-37.71132,-6.18072],[-37.70454,-6.18698]]]},"properties":{"CD_MUN":"2504306","NM_MUN":"Catolé do Rocha","SIGLA_UF":"PB"}},{"type":"Feature","geometry":{"type":"Polygon","coordinates":[[[-35.08816,-6.62547],[-35.03394,-6.59419],[-35.02299,-6.59158],[-34.99901,-6.59627],[-35.011,-6.60879],[-35.02977,-6.70575],[-34.99693,-6.70575],[-34.97243,-6.71513],[-34.94897,-6.71305],[-34.93125,-6.72035],[-34.93333,-6.73182],[-34.92864,-6.74016],[-34.93959,-6.75475],[-34.93021,-6.76205],[-34.93021,-6.76831],[-34.93386,-6.76831],[-34.93125,-6.77769],[-34.91874,-6.77248],[-34.90154,-6.86475],[-34.90936,-6.86892],[-34.91249,-6.86631],[-34.92709,-6.87726],[-34.92865,-6.88664],[-34.93699,-6.89186],[-34.99903,-6.91062],[-35.03604,-6.92001],[-35.06732,-6.93669],[-35.09807,-6.93981],[-35.12309,-6.8955],[-35.09703,-6.8856],[-35.09911,-6.86631],[-35.08608,-6.82825],[-35.09286,-6.82461],[-35.10485,-6.83138],[-35.11058,-6.82565],[-35.13247,-6.77404],[-35.13351,-6.75006],[-35.11996,-6.7266],[-35.11214,-6.67551],[-35.121,-6.6484],[-35.08816,-6.62547]]]},"properties":{"CD_MUN":"2512903","NM_MUN":"Rio Tinto","SIGLA_UF":"PB"}},{"type":"Feature","geometry":{"type":"Polygon","coordinates":[[[-36.7256,-7.716],[-36.72299,-7.67221],[-36.70996,-7.68055],[-36.6865,-7.67534],[-36.67295,-7.68159],[-36.64688,-7.68368],[-36.6276,-7.70245],[-36.61613,-7.70453],[-36.62239,-7.7306],[-36.60988,-7.75875],[-36.59007,-7.76709],[-36.57703,-7.76396],[-36.57078,-7.77074],[-36.57391,-7.77595],[-36.56557,-7.78951],[-36.56869,-7.79472],[-36.55566,-7.80567],[-36.55566,-7.82809],[-36.53429,-7.85624],[-36.53534,-7.90107],[-36.55045,-7.89898],[-36.56714,-7.90263],[-36.57652,-7.9214],[-36.57026,-7.93652],[-36.62239,-7.89377],[-36.65263,-7.87917],[-36.67869,-7.84476],[-36.68807,-7.84007],[-36.69172,-7.82339],[-36.70371,-7.82652],[-36.71727,-7.81922],[-36.73186,-7.78168],[-36.7256,-7.716]]]},"properties":{"CD_MUN":"2504702","NM_MUN":"Congo","SIGLA_UF":"PB"}},{"type":"Feature","geometry":{"type":"Polygon","coordinates":[[[-37.6055,-6.3538],[-37.59924,-6.36423],[-37.59872,-6.40697],[-37.58517,-6.41531],[-37.58309,-6.42261],[-37.59038,-6.42939],[-37.58986,-6.43721],[-37.55285,-6.47631],[-37.53982,-6.50342],[-37.51376,-6.51749],[-37.50594,-6.50811],[-37.50177,-6.52375],[-37.53357,-6.54304],[-37.57267,-6.55085],[-37.59925,-6.53417],[-37.62636,-6.52844],[-37.62323,-6.55815],[-37.63574,-6.56441],[-37.65607,-6.55242],[-37.66337,-6.53626],[-37.67328,-6.53313],[-37.67797,-6.5399],[-37.69673,-6.54251],[-37.71237,-6.52531],[-37.72645,-6.51071],[-37.72957,-6.50393],[-37.72592,-6.49611],[-37.74365,-6.47474],[-37.72853,-6.44033],[-37.73426,-6.43199],[-37.74625,-6.42939],[-37.74573,-6.42469],[-37.72801,-6.4273],[-37.70142,-6.42261],[-37.69047,-6.38716],[-37.67744,-6.38508],[-37.65398,-6.36787],[-37.64929,-6.35953],[-37.63156,-6.3684],[-37.61905,-6.35745],[-37.6055,-6.3538]]]},"properties":{"CD_MUN":"2512804","NM_MUN":"Riacho dos Cavalos","SIGLA_UF":"PB"}},{"type":"Feature","geometry":{"type":"Polygon","coordinates":[[[-34.92866,-7.22602],[-34.90364,-7.21298],[-34.87184,-7.2208],[-34.86871,-7.22758],[-34.85203,-7.23071],[-34.84943,-7.23488],[-34.84421,-7.23227],[-34.84578,-7.2354],[-34.83796,-7.23749],[-34.83118,-7.22863],[-34.8218,-7.23071],[-34.8244,-7.23436],[-34.81763,-7.23436],[-34.81711,-7.23905],[-34.80616,-7.23645],[-34.80772,-7.24322],[-34.80459,-7.24009],[-34.79782,-7.27971],[-34.80043,-7.31777],[-34.79313,-7.32924],[-34.80147,-7.38345],[-34.80929,-7.36729],[-34.81711,-7.36469],[-34.8145,-7.35478],[-34.8192,-7.34957],[-34.85881,-7.34331],[-34.89113,-7.31672],[-34.91876,-7.30265],[-34.91563,-7.28753],[-34.92345,-7.26407],[-34.91511,-7.24166],[-34.92866,-7.22602]]]},"properties":{"CD_MUN":"2504603","NM_MUN":"Conde","SIGLA_UF":"PB"}},{"type":"Feature","geometry":{"type":"Polygon","coordinates":[[[-37.95374,-6.62018],[-37.93966,-6.61862],[-37.95895,-6.63113],[-37.9699,-6.64572],[-37.96625,-6.6525],[-37.94905,-6.64989],[-37.94436,-6.6624],[-37.92246,-6.67075],[-37.91568,-6.66658],[-37.91308,-6.65771],[-37.8818,-6.65354],[-37.87659,-6.63791],[-37.86877,-6.63426],[-37.85573,-6.64364],[-37.85,-6.63791],[-37.78327,-6.64208],[-37.65087,-6.71559],[-37.66077,-6.72445],[-37.66338,-6.73644],[-37.69466,-6.76824],[-37.70248,-6.81255],[-37.66652,-7.00856],[-37.67799,-7.01742],[-37.69415,-7.01951],[-37.74523,-7.02472],[-37.80727,-7.01846],[-37.83177,-7.02211],[-37.88442,-7.01846],[-37.90006,-6.99813],[-37.93134,-6.97154],[-37.96626,-6.92358],[-37.9819,-6.89751],[-37.98972,-6.85998],[-38.0064,-6.82401],[-37.99284,-6.81045],[-38.01317,-6.77865],[-38.01265,-6.73747],[-38.0189,-6.72548],[-38.00274,-6.70515],[-38.00274,-6.66605],[-37.98085,-6.63947],[-37.95374,-6.62018]]]},"properties":{"CD_MUN":"2512101","NM_MUN":"Pombal","SIGLA_UF":"PB"}},{"type":"Feature","geometry":{"type":"Polygon","coordinates":[[[-36.96697,-7.83172],[-36.84081,-7.81348],[-36.8356,-7.84632],[-36.80901,-7.82808],[-36.79494,-7.82912],[-36.77096,-7.81713],[-36.76314,-7.81817],[-36.76105,-7.8041],[-36.74646,-7.80045],[-36.73186,-7.78168],[-36.71727,-7.81922],[-36.70371,-7.82652],[-36.69172,-7.82339],[-36.68807,-7.84007],[-36.67869,-7.84476],[-36.65263,-7.87917],[-36.62239,-7.89377],[-36.57026,-7.93652],[-36.57861,-7.94799],[-36.57079,-7.95633],[-36.57704,-7.95998],[-36.6104,-7.94798],[-36.63543,-7.94538],[-36.64898,-7.96675],[-36.66358,-7.97509],[-36.67348,-7.98812],[-36.69746,-8.00376],[-36.72666,-8.00741],[-36.73761,-8.02461],[-36.7595,-8.03556],[-36.78192,-8.03295],[-36.78765,-8.04025],[-36.80902,-8.04077],[-36.81632,-8.02618],[-36.81267,-8.00949],[-36.81684,-8.00428],[-36.81006,-7.98864],[-36.81632,-7.95841],[-36.86689,-8.01106],[-36.87888,-8.01783],[-36.89295,-8.01366],[-36.90598,-8.01887],[-36.9112,-8.02774],[-36.92944,-7.87499],[-36.96697,-7.83172]]]},"properties":{"CD_MUN":"2503902","NM_MUN":"Camalaú","SIGLA_UF":"PB"}},{"type":"Feature","geometry":{"type":"Polygon","coordinates":[[[-36.17821,-6.93353],[-36.09897,-6.95021],[-36.1021,-6.9695],[-36.09636,-6.97628],[-36.09011,-6.97837],[-36.07343,-6.96742],[-36.06091,-6.9669],[-36.04215,-6.98202],[-36.03589,-6.9695],[-36.01765,-6.96012],[-36.01608,-6.95126],[-36.00826,-6.94865],[-36.00931,-6.94396],[-35.9994,-6.93614],[-36.0093,-6.92363],[-36.00409,-6.91373],[-35.99262,-6.91008],[-35.98949,-6.88922],[-35.97125,-6.89235],[-35.93267,-6.87828],[-35.92902,-6.88818],[-35.93372,-6.9033],[-35.95405,-6.91425],[-35.99106,-6.97107],[-36.00305,-6.97941],[-35.99992,-6.99661],[-35.97907,-7.00965],[-35.96813,-7.00808],[-35.93163,-7.02737],[-35.91547,-7.0305],[-35.90036,-7.05761],[-35.90192,-7.07221],[-35.94936,-7.05448],[-35.94988,-7.08732],[-35.95979,-7.10661],[-35.95823,-7.12486],[-35.97334,-7.15509],[-35.98377,-7.17438],[-36.00097,-7.17699],[-36.02235,-7.16552],[-36.03173,-7.16499],[-36.03329,-7.17281],[-36.04424,-7.16447],[-36.06457,-7.16499],[-36.1021,-7.15144],[-36.13912,-7.16447],[-36.16935,-7.20148],[-36.22461,-7.19679],[-36.21783,-7.17802],[-36.21888,-7.1603],[-36.22253,-7.16082],[-36.22252,-7.13319],[-36.23243,-7.10452],[-36.23451,-7.0894],[-36.24337,-7.08523],[-36.24337,-7.07689],[-36.22617,-7.06907],[-36.20428,-7.06698],[-36.19698,-7.02163],[-36.18238,-6.98879],[-36.17195,-6.97836],[-36.16518,-6.98931],[-36.14849,-6.99088],[-36.17821,-6.93353]]]},"properties":{"CD_MUN":"2512002","NM_MUN":"Pocinhos","SIGLA_UF":"PB"}},{"type":"Feature","geometry":{"type":"Polygon","coordinates":[[[-35.38323,-7.04146],[-35.34883,-7.0962],[-35.34309,-7.10141],[-35.32797,-7.09829],[-35.32068,-7.10402],[-35.32224,-7.11132],[-35.3139,-7.11132],[-35.31494,-7.1181],[-35.30243,-7.14051],[-35.31546,-7.15459],[-35.33475,-7.15407],[-35.34205,-7.16032],[-35.34726,-7.15667],[-35.34987,-7.16866],[-35.32641,-7.17805],[-35.34049,-7.1916],[-35.33267,-7.19786],[-35.36656,-7.23435],[-35.36916,-7.24321],[-35.37437,-7.24008],[-35.37854,-7.21558],[-35.36499,-7.19994],[-35.36499,-7.18586],[-35.35352,-7.17283],[-35.35612,-7.1207],[-35.34987,-7.11601],[-35.35717,-7.10506],[-35.36707,-7.10558],[-35.39105,-7.07691],[-35.38323,-7.04146]]]},"properties":{"CD_MUN":"2503803","NM_MUN":"Caldas Brandão","SIGLA_UF":"PB"}},{"type":"Feature","geometry":{"type":"Polygon","coordinates":[[[-35.95979,-7.10661],[-35.89671,-7.13789],[-35.89671,-7.16083],[-35.86231,-7.17907],[-35.88212,-7.18116],[-35.8842,-7.19628],[-35.8988,-7.19993],[-35.8988,-7.22182],[-35.93633,-7.21035],[-35.95145,-7.19732],[-35.97334,-7.15509],[-35.95823,-7.12486],[-35.95979,-7.10661]]]},"properties":{"CD_MUN":"2512408","NM_MUN":"Puxinanã","SIGLA_UF":"PB"}},{"type":"Feature","geometry":{"type":"Polygon","coordinates":[[[-37.54453,-6.99709],[-37.54505,-7.00022],[-37.52003,-7.00179],[-37.53567,-7.04662],[-37.51065,-7.07112],[-37.51899,-7.09771],[-37.50805,-7.11126],[-37.51847,-7.11335],[-37.5216,-7.13159],[-37.53672,-7.15036],[-37.53099,-7.16287],[-37.5435,-7.17278],[-37.54663,-7.18841],[-37.5263,-7.18477],[-37.53464,-7.20041],[-37.52682,-7.22647],[-37.55601,-7.25358],[-37.56644,-7.23116],[-37.58208,-7.22491],[-37.60345,-7.22438],[-37.61075,-7.20666],[-37.62378,-7.19467],[-37.63785,-7.19206],[-37.64515,-7.17486],[-37.66705,-7.16443],[-37.67643,-7.17121],[-37.70354,-7.17486],[-37.66652,-7.15401],[-37.63629,-7.14879],[-37.66079,-7.07946],[-37.69415,-7.01951],[-37.67799,-7.01742],[-37.66652,-7.00856],[-37.62846,-6.9924],[-37.605,-6.99709],[-37.59301,-6.99605],[-37.59093,-6.9924],[-37.54453,-6.99709]]]},"properties":{"CD_MUN":"2504207","NM_MUN":"Catingueira","SIGLA_UF":"PB"}},{"type":"Feature","geometry":{"type":"Polygon","coordinates":[[[-38.05751,-7.52412],[-38.03458,-7.50484],[-38.03614,-7.51683],[-38.02519,-7.51891],[-38.01477,-7.53247],[-37.99496,-7.53142],[-37.99287,-7.5382],[-37.96733,-7.52986],[-37.94909,-7.66436],[-37.91781,-7.71128],[-37.92563,-7.73004],[-37.94232,-7.74099],[-37.94649,-7.75611],[-37.95743,-7.76601],[-37.96421,-7.77227],[-37.98611,-7.76966],[-37.99601,-7.77175],[-38.008,-7.76393],[-38.02625,-7.78217],[-38.04606,-7.76914],[-38.06691,-7.77018],[-38.07421,-7.78217],[-38.07473,-7.80511],[-38.0643,-7.81971],[-38.07629,-7.83065],[-38.11539,-7.82231],[-38.12321,-7.81293],[-38.12165,-7.80719],[-38.13051,-7.80302],[-38.13676,-7.80563],[-38.12998,-7.72222],[-38.1133,-7.72326],[-38.11486,-7.71596],[-38.09088,-7.6435],[-38.10808,-7.55019],[-38.08931,-7.54393],[-38.08306,-7.53299],[-38.08462,-7.52725],[-38.07002,-7.51578],[-38.05751,-7.52412]]]},"properties":{"CD_MUN":"2512309","NM_MUN":"Princesa Isabel","SIGLA_UF":"PB"}},{"type":"Feature","geometry":{"type":"Polygon","coordinates":[[[-38.36558,-6.98821],[-38.31241,-6.99343],[-38.30615,-6.9976],[-38.3098,-7.01167],[-38.30094,-7.03669],[-38.30615,-7.05755],[-38.34004,-7.06276],[-38.35047,-7.07266],[-38.36298,-7.07318],[-38.3708,-7.06745],[-38.36141,-7.00072],[-38.36141,-6.99134],[-38.36558,-6.98821]]]},"properties":{"CD_MUN":"2504108","NM_MUN":"Carrapateira","SIGLA_UF":"PB"}},{"type":"Feature","geometry":{"type":"Polygon","coordinates":[[[-37.15307,-7.70556],[-37.12596,-7.68627],[-37.11084,-7.64874],[-37.09676,-7.64144],[-37.08269,-7.62476],[-37.07748,-7.61277],[-37.08373,-7.59765],[-37.06913,-7.61434],[-37.0243,-7.6378],[-37.01962,-7.71443],[-37.05663,-7.74883],[-37.078,-7.76239],[-37.09364,-7.76395],[-37.10146,-7.77542],[-37.11762,-7.77021],[-37.13118,-7.7822],[-37.15099,-7.77959],[-37.1562,-7.77281],[-37.13587,-7.74779],[-37.13795,-7.73528],[-37.14786,-7.72902],[-37.15307,-7.70556]]]},"properties":{"CD_MUN":"2512200","NM_MUN":"Prata","SIGLA_UF":"PB"}},{"type":"Feature","geometry":{"type":"Polygon","coordinates":[[[-36.22461,-7.19679],[-36.16935,-7.20148],[-36.13912,-7.16447],[-36.1021,-7.15144],[-36.06457,-7.16499],[-36.04424,-7.16447],[-36.03329,-7.17281],[-36.03173,-7.16499],[-36.02235,-7.16552],[-36.00097,-7.17699],[-35.98377,-7.17438],[-35.97334,-7.15509],[-35.95145,-7.19732],[-35.93633,-7.21035],[-35.8988,-7.22182],[-35.8988,-7.19993],[-35.8842,-7.19628],[-35.88212,-7.18116],[-35.86231,-7.17907],[-35.80288,-7.2041],[-35.84042,-7.24945],[-35.76535,-7.2823],[-35.75753,-7.28177],[-35.75023,-7.27343],[-35.73147,-7.28021],[-35.72365,-7.27448],[-35.72104,-7.31983],[-35.72782,-7.324],[-35.73877,-7.31931],[-35.76118,-7.32869],[-35.77265,-7.32139],[-35.79924,-7.32139],[-35.81331,-7.33026],[-35.82635,-7.32713],[-35.84198,-7.33234],[-35.85658,-7.31983],[-35.89099,-7.3266],[-35.88004,-7.24997],[-35.90349,-7.24736],[-35.90819,-7.25518],[-35.9061,-7.26509],[-35.92591,-7.28386],[-35.94416,-7.2849],[-35.96084,-7.30002],[-35.97231,-7.29793],[-35.97127,-7.33077],[-35.98169,-7.35527],[-35.97596,-7.36987],[-36.00203,-7.39176],[-36.05572,-7.36726],[-36.08908,-7.37664],[-36.10472,-7.36674],[-36.14486,-7.35475],[-36.15112,-7.35892],[-36.15007,-7.36882],[-36.22097,-7.39958],[-36.20637,-7.37403],[-36.24756,-7.36204],[-36.27101,-7.35996],[-36.29082,-7.37247],[-36.32367,-7.37455],[-36.37058,-7.36882],[-36.32679,-7.30366],[-36.34295,-7.2729],[-36.34816,-7.24631],[-36.22461,-7.19679]]]},"properties":{"CD_MUN":"2504009","NM_MUN":"Campina Grande","SIGLA_UF":"PB"}},{"type":"Feature","geometry":{"type":"Polygon","coordinates":[[[-35.58132,-6.87777],[-35.59174,-6.91009],[-35.60269,-6.94397],[-35.61624,-6.92625],[-35.64492,-6.91217],[-35.647,-6.86265],[-35.62406,-6.84961],[-35.55838,-6.83398],[-35.58132,-6.87777]]]},"properties":{"CD_MUN":"2511608","NM_MUN":"Pilões","SIGLA_UF":"PB"}},{"type":"Feature","geometry":{"type":"Polygon","coordinates":[[[-37.22237,-7.05445],[-37.16607,-7.06644],[-37.08736,-7.10606],[-37.0957,-7.12014],[-37.08319,-7.19103],[-37.0957,-7.1853],[-37.13011,-7.20198],[-37.13949,-7.20198],[-37.18328,-7.19155],[-37.19944,-7.17852],[-37.20987,-7.18477],[-37.23958,-7.18894],[-37.24323,-7.1144],[-37.21247,-7.09824],[-37.22237,-7.05445]]]},"properties":{"CD_MUN":"2503407","NM_MUN":"Cacimba de Areia","SIGLA_UF":"PB"}},{"type":"Feature","geometry":{"type":"Polygon","coordinates":[[[-35.33267,-7.19786],[-35.31807,-7.21402],[-35.29722,-7.21767],[-35.28575,-7.21454],[-35.28106,-7.21767],[-35.27533,-7.21193],[-35.26803,-7.21558],[-35.23727,-7.21245],[-35.23519,-7.20776],[-35.23154,-7.21715],[-35.24144,-7.23904],[-35.22737,-7.2625],[-35.21851,-7.27866],[-35.22633,-7.28335],[-35.22007,-7.29899],[-35.23415,-7.30838],[-35.24145,-7.32818],[-35.24718,-7.33027],[-35.29514,-7.32141],[-35.3212,-7.29065],[-35.35874,-7.28596],[-35.37802,-7.25572],[-35.42338,-7.27396],[-35.45257,-7.25311],[-35.43537,-7.2406],[-35.40513,-7.24425],[-35.39888,-7.24008],[-35.37437,-7.24008],[-35.36916,-7.24321],[-35.36656,-7.23435],[-35.33267,-7.19786]]]},"properties":{"CD_MUN":"2511509","NM_MUN":"Pilar","SIGLA_UF":"PB"}},{"type":"Feature","geometry":{"type":"Polygon","coordinates":[[[-38.6747,-6.83077],[-38.67053,-6.85266],[-38.66063,-6.85683],[-38.64551,-6.87925],[-38.65177,-6.89906],[-38.64239,-6.93138],[-38.6549,-6.95693],[-38.6549,-6.98247],[-38.6695,-7.00436],[-38.65959,-7.01844],[-38.61841,-7.03356],[-38.61737,-7.03721],[-38.63666,-7.04138],[-38.63822,-7.04711],[-38.66429,-7.03669],[-38.67054,-7.04711],[-38.6794,-7.04398],[-38.69087,-7.03825],[-38.69244,-7.02782],[-38.76385,-6.99394],[-38.75082,-6.9882],[-38.74144,-6.97308],[-38.74717,-6.96631],[-38.74613,-6.96057],[-38.76437,-6.95067],[-38.75447,-6.9392],[-38.76124,-6.92617],[-38.75759,-6.92512],[-38.75811,-6.91522],[-38.76437,-6.91053],[-38.71328,-6.88498],[-38.71485,-6.87925],[-38.70911,-6.87456],[-38.70025,-6.87664],[-38.68826,-6.87247],[-38.6747,-6.85214],[-38.6747,-6.83077]]]},"properties":{"CD_MUN":"2503308","NM_MUN":"Cachoeira dos Índios","SIGLA_UF":"PB"}},{"type":"Feature","geometry":{"type":"Polygon","coordinates":[[[-34.85881,-7.34331],[-34.8192,-7.34957],[-34.8145,-7.35478],[-34.81711,-7.36469],[-34.80929,-7.36729],[-34.80147,-7.38345],[-34.81034,-7.45539],[-34.80252,-7.47208],[-34.81347,-7.48511],[-34.80878,-7.5117],[-34.82494,-7.54767],[-34.8338,-7.54819],[-34.85674,-7.53828],[-34.8583,-7.45331],[-34.85882,-7.44288],[-34.84839,-7.43819],[-34.85256,-7.4335],[-34.87341,-7.42776],[-34.88071,-7.41734],[-34.9,-7.41682],[-34.9099,-7.41056],[-34.85881,-7.34331]]]},"properties":{"CD_MUN":"2511905","NM_MUN":"Pitimbu","SIGLA_UF":"PB"}},{"type":"Feature","geometry":{"type":"Polygon","coordinates":[[[-38.56679,-6.79428],[-38.55949,-6.79741],[-38.54386,-6.79063],[-38.51206,-6.79637],[-38.51049,-6.80679],[-38.45784,-6.81983],[-38.4177,-6.86727],[-38.42605,-6.91314],[-38.41771,-6.92357],[-38.39998,-6.92826],[-38.4151,-6.9538],[-38.40051,-6.97414],[-38.39738,-6.98613],[-38.45368,-6.98404],[-38.48809,-6.99342],[-38.49643,-6.99134],[-38.51259,-6.99759],[-38.54126,-7.02835],[-38.56628,-7.02626],[-38.59339,-7.04242],[-38.59756,-7.05754],[-38.63822,-7.04711],[-38.63666,-7.04138],[-38.61737,-7.03721],[-38.61841,-7.03356],[-38.65959,-7.01844],[-38.6695,-7.00436],[-38.6549,-6.98247],[-38.6549,-6.95693],[-38.64239,-6.93138],[-38.65177,-6.89906],[-38.64551,-6.87925],[-38.63978,-6.85475],[-38.6257,-6.84172],[-38.61736,-6.84067],[-38.60433,-6.81409],[-38.584,-6.80366],[-38.58452,-6.79897],[-38.57148,-6.80106],[-38.56679,-6.79428]]]},"properties":{"CD_MUN":"2503704","NM_MUN":"Cajazeiras","SIGLA_UF":"PB"}},{"type":"Feature","geometry":{"type":"Polygon","coordinates":[[[-35.44108,-6.75213],[-35.41606,-6.75787],[-35.41032,-6.76517],[-35.40303,-6.76569],[-35.44577,-6.79175],[-35.46037,-6.80896],[-35.47862,-6.83346],[-35.49895,-6.83241],[-35.51406,-6.7855],[-35.49478,-6.77559],[-35.47601,-6.77246],[-35.4562,-6.75318],[-35.44108,-6.75213]]]},"properties":{"CD_MUN":"2511806","NM_MUN":"Pirpirituba","SIGLA_UF":"PB"}},{"type":"Feature","geometry":{"type":"Polygon","coordinates":[[[-35.44003,-6.4847],[-35.43846,-6.48835],[-35.41136,-6.48679],[-35.39207,-6.49513],[-35.37591,-6.53006],[-35.39833,-6.57281],[-35.38947,-6.57593],[-35.3853,-6.58897],[-35.37331,-6.60148],[-35.35558,-6.59627],[-35.34828,-6.59835],[-35.34307,-6.59105],[-35.33004,-6.58897],[-35.32587,-6.60304],[-35.32795,-6.62181],[-35.33473,-6.61972],[-35.35558,-6.63536],[-35.42179,-6.6682],[-35.49894,-6.65517],[-35.51406,-6.64891],[-35.51875,-6.63953],[-35.50624,-6.63223],[-35.49321,-6.63536],[-35.48956,-6.62285],[-35.48122,-6.61659],[-35.47183,-6.61607],[-35.4687,-6.61138],[-35.45463,-6.61347],[-35.44994,-6.60617],[-35.44316,-6.57593],[-35.44837,-6.57124],[-35.43534,-6.55977],[-35.43065,-6.53788],[-35.4343,-6.53371],[-35.42595,-6.51598],[-35.42908,-6.5066],[-35.43899,-6.49982],[-35.44003,-6.4847]]]},"properties":{"CD_MUN":"2503605","NM_MUN":"Caiçara","SIGLA_UF":"PB"}},{"type":"Feature","geometry":{"type":"Polygon","coordinates":[[[-35.58132,-6.87777],[-35.55473,-6.85535],[-35.52345,-6.85014],[-35.51511,-6.86265],[-35.53857,-6.8835],[-35.56516,-6.88767],[-35.59174,-6.91009],[-35.58132,-6.87777]]]},"properties":{"CD_MUN":"2511707","NM_MUN":"Pilõezinhos","SIGLA_UF":"PB"}},{"type":"Feature","geometry":{"type":"Polygon","coordinates":[[[-35.84247,-6.48157],[-35.82214,-6.48574],[-35.80807,-6.49877],[-35.82579,-6.50867],[-35.82683,-6.52118],[-35.79191,-6.53265],[-35.77523,-6.54308],[-35.77627,-6.5655],[-35.76532,-6.60772],[-35.74082,-6.60772],[-35.73144,-6.62858],[-35.70694,-6.62128],[-35.69443,-6.64317],[-35.72102,-6.66507],[-35.73405,-6.66507],[-35.74187,-6.67758],[-35.77054,-6.6854],[-35.78305,-6.67341],[-35.81537,-6.67236],[-35.82684,-6.66507],[-35.82475,-6.64578],[-35.83049,-6.61763],[-35.8456,-6.59886],[-35.8456,-6.57227],[-35.85186,-6.56132],[-35.86593,-6.55507],[-35.85342,-6.51754],[-35.85029,-6.49564],[-35.84247,-6.48157]]]},"properties":{"CD_MUN":"2503506","NM_MUN":"Cacimba de Dentro","SIGLA_UF":"PB"}},{"type":"Feature","geometry":{"type":"Polygon","coordinates":[[[-36.30852,-6.68591],[-36.26369,-6.69321],[-36.24492,-6.68434],[-36.26265,-6.80685],[-36.26317,-6.80998],[-36.28194,-6.80894],[-36.31895,-6.78912],[-36.34293,-6.80007],[-36.35231,-6.81102],[-36.38151,-6.82978],[-36.38307,-6.83813],[-36.39246,-6.84595],[-36.39923,-6.85064],[-36.4034,-6.84647],[-36.40653,-6.85481],[-36.4253,-6.84282],[-36.4253,-6.84855],[-36.43468,-6.84438],[-36.47378,-6.85063],[-36.48733,-6.83812],[-36.50558,-6.84855],[-36.51444,-6.84698],[-36.5207,-6.83916],[-36.53321,-6.83708],[-36.53581,-6.84281],[-36.5405,-6.84281],[-36.53112,-6.82457],[-36.51861,-6.82196],[-36.51705,-6.81571],[-36.50714,-6.81154],[-36.49411,-6.78443],[-36.50401,-6.7667],[-36.50245,-6.75367],[-36.52121,-6.74429],[-36.52903,-6.7323],[-36.54467,-6.73021],[-36.55614,-6.71301],[-36.55822,-6.70675],[-36.53998,-6.68955],[-36.53946,-6.68329],[-36.51391,-6.67704],[-36.4868,-6.69528],[-36.467,-6.69946],[-36.45136,-6.71718],[-36.43468,-6.7151],[-36.39245,-6.74325],[-36.3716,-6.74273],[-36.36795,-6.72657],[-36.37368,-6.72187],[-36.34501,-6.71927],[-36.3398,-6.71041],[-36.31895,-6.70154],[-36.30852,-6.68591]]]},"properties":{"CD_MUN":"2511103","NM_MUN":"Pedra Lavrada","SIGLA_UF":"PB"}},{"type":"Feature","geometry":{"type":"Polygon","coordinates":[[[-37.936,-6.39914],[-37.93236,-6.39445],[-37.91307,-6.39133],[-37.90629,-6.40019],[-37.89482,-6.39758],[-37.88909,-6.40071],[-37.87241,-6.38403],[-37.86928,-6.371],[-37.85885,-6.37465],[-37.83956,-6.34858],[-37.83279,-6.34754],[-37.83278,-6.34128],[-37.84686,-6.33711],[-37.84217,-6.33294],[-37.80881,-6.34962],[-37.79525,-6.37204],[-37.78222,-6.38351],[-37.79161,-6.41427],[-37.78535,-6.4273],[-37.78952,-6.44033],[-37.81142,-6.44137],[-37.81715,-6.44815],[-37.86667,-6.45597],[-37.90212,-6.42208],[-37.92193,-6.41948],[-37.93079,-6.41322],[-37.936,-6.39914]]]},"properties":{"CD_MUN":"2502904","NM_MUN":"Brejo dos Santos","SIGLA_UF":"PB"}},{"type":"Feature","geometry":{"type":"Polygon","coordinates":[[[-38.05073,-7.35001],[-38.05386,-7.35678],[-38.04552,-7.36095],[-38.0377,-7.40527],[-38.04187,-7.41517],[-38.05907,-7.42351],[-38.0523,-7.42872],[-38.045,-7.44906],[-38.05073,-7.45635],[-38.04917,-7.47408],[-38.03822,-7.48607],[-38.03458,-7.50484],[-38.05751,-7.52412],[-38.14092,-7.39744],[-38.05073,-7.35001]]]},"properties":{"CD_MUN":"2511004","NM_MUN":"Pedra Branca","SIGLA_UF":"PB"}},{"type":"Feature","geometry":{"type":"Polygon","coordinates":[[[-37.60497,-6.28551],[-37.58099,-6.26361],[-37.57682,-6.24745],[-37.53981,-6.23963],[-37.53825,-6.23025],[-37.51114,-6.24172],[-37.50228,-6.23911],[-37.47725,-6.24693],[-37.4564,-6.22035],[-37.41053,-6.21826],[-37.38863,-6.20523],[-37.38707,-6.20836],[-37.38342,-6.1995],[-37.34849,-6.17031],[-37.33181,-6.17083],[-37.30001,-6.18907],[-37.27395,-6.18647],[-37.2656,-6.19168],[-37.25101,-6.19064],[-37.24632,-6.19325],[-37.24788,-6.20002],[-37.27916,-6.22974],[-37.27968,-6.25841],[-37.30523,-6.28708],[-37.36049,-6.33139],[-37.40219,-6.40229],[-37.41366,-6.40176],[-37.42617,-6.40698],[-37.42982,-6.40333],[-37.42774,-6.39499],[-37.43921,-6.38977],[-37.45432,-6.39916],[-37.46684,-6.39707],[-37.47726,-6.40437],[-37.51115,-6.41219],[-37.52366,-6.40697],[-37.54868,-6.41584],[-37.56171,-6.41167],[-37.58309,-6.42261],[-37.58517,-6.41531],[-37.59872,-6.40697],[-37.59924,-6.36423],[-37.6055,-6.3538],[-37.60081,-6.34285],[-37.60706,-6.33138],[-37.60497,-6.28551]]]},"properties":{"CD_MUN":"2502805","NM_MUN":"Brejo do Cruz","SIGLA_UF":"PB"}},{"type":"Feature","geometry":{"type":"Polygon","coordinates":[[[-36.34187,-6.30222],[-36.30485,-6.28241],[-36.28348,-6.30379],[-36.28035,-6.30744],[-36.27306,-6.3408],[-36.27983,-6.35644],[-36.29756,-6.37469],[-36.29704,-6.38668],[-36.28453,-6.39762],[-36.26889,-6.39919],[-36.25221,-6.41639],[-36.2496,-6.42995],[-36.22041,-6.42942],[-36.22042,-6.56027],[-36.24492,-6.68434],[-36.26369,-6.69321],[-36.30852,-6.68591],[-36.35544,-6.64316],[-36.38202,-6.64003],[-36.40861,-6.64472],[-36.43415,-6.63534],[-36.4524,-6.65619],[-36.52121,-6.59311],[-36.50922,-6.59154],[-36.48993,-6.60823],[-36.47273,-6.6124],[-36.46126,-6.63638],[-36.45135,-6.62335],[-36.43519,-6.62804],[-36.44562,-6.61396],[-36.43936,-6.60666],[-36.43206,-6.57747],[-36.4451,-6.55349],[-36.45969,-6.54828],[-36.45761,-6.54567],[-36.43727,-6.49354],[-36.43258,-6.44089],[-36.41277,-6.40492],[-36.3867,-6.41013],[-36.37159,-6.39658],[-36.37158,-6.37416],[-36.34187,-6.30222]]]},"properties":{"CD_MUN":"2511400","NM_MUN":"Picuí","SIGLA_UF":"PB"}},{"type":"Feature","geometry":{"type":"MultiPolygon","coordinates":[[[[-34.8588,-7.02688],[-34.85411,-7.0274],[-34.83273,-6.99299],[-34.84212,-6.96641],[-34.82908,-6.96641],[-34.82492,-7.00707],[-34.82909,-7.03105],[-34.84004,-7.04252],[-34.84264,-7.05555],[-34.8489,-7.06181],[-34.84473,-7.09986],[-34.85933,-7.09465],[-34.86506,-7.08318],[-34.85672,-7.06493],[-34.86454,-7.05816],[-34.8588,-7.02688]]],[[[-34.86506,-6.99873],[-34.86453,-6.98152],[-34.84681,-6.98205],[-34.84837,-6.99977],[-34.85828,-7.01541],[-34.86506,-6.99873]]]]},"properties":{"CD_MUN":"2503209","NM_MUN":"Cabedelo","SIGLA_UF":"PB"}},{"type":"Feature","geometry":{"type":"Polygon","coordinates":[[[-38.06949,-7.12063],[-38.04707,-7.12063],[-38.04238,-7.12793],[-38.03091,-7.13002],[-38.02361,-7.12272],[-37.88182,-7.10917],[-37.8031,-7.12533],[-37.80258,-7.13315],[-37.8104,-7.13784],[-37.81301,-7.15296],[-37.80884,-7.15661],[-37.82917,-7.20926],[-37.82344,-7.21969],[-37.82552,-7.22855],[-37.84064,-7.25044],[-37.85941,-7.26817],[-37.87661,-7.27182],[-37.87974,-7.27703],[-37.89903,-7.27703],[-37.89903,-7.3057],[-37.90737,-7.31925],[-37.91675,-7.32238],[-37.98348,-7.31665],[-38.0059,-7.29944],[-38.00433,-7.28954],[-38.04343,-7.28693],[-38.07783,-7.27285],[-38.05854,-7.17276],[-38.07574,-7.1493],[-38.07679,-7.13992],[-38.06949,-7.12063]]]},"properties":{"CD_MUN":"2511301","NM_MUN":"Piancó","SIGLA_UF":"PB"}},{"type":"Feature","geometry":{"type":"Polygon","coordinates":[[[-36.37058,-7.36882],[-36.32367,-7.37455],[-36.29082,-7.37247],[-36.27101,-7.35996],[-36.24756,-7.36204],[-36.20637,-7.37403],[-36.22097,-7.39958],[-36.19334,-7.43868],[-36.22358,-7.48768],[-36.23245,-7.53147],[-36.24444,-7.53147],[-36.26529,-7.55493],[-36.28093,-7.5617],[-36.30022,-7.58412],[-36.29083,-7.58881],[-36.3169,-7.60862],[-36.34974,-7.60028],[-36.36329,-7.60706],[-36.36799,-7.61644],[-36.36121,-7.62374],[-36.36955,-7.63729],[-36.35339,-7.66857],[-36.35965,-7.68004],[-36.43993,-7.68212],[-36.49466,-7.65814],[-36.43367,-7.49966],[-36.37788,-7.40062],[-36.37632,-7.37559],[-36.37058,-7.36882]]]},"properties":{"CD_MUN":"2503100","NM_MUN":"Cabaceiras","SIGLA_UF":"PB"}},{"type":"Feature","geometry":{"type":"Polygon","coordinates":[[[-35.22737,-7.2625],[-35.20704,-7.26511],[-35.19922,-7.2479],[-35.1106,-7.23175],[-35.11373,-7.28596],[-35.10695,-7.29274],[-35.08401,-7.29639],[-34.98705,-7.33497],[-34.9735,-7.36312],[-34.9563,-7.38189],[-34.95369,-7.40535],[-34.96829,-7.43402],[-34.97611,-7.43714],[-34.97611,-7.46947],[-34.98445,-7.4997],[-34.98915,-7.48875],[-34.98341,-7.46321],[-35.00165,-7.4533],[-35.02876,-7.42567],[-35.04701,-7.41785],[-35.06942,-7.39857],[-35.08037,-7.397],[-35.09653,-7.40847],[-35.11425,-7.40638],[-35.13563,-7.39491],[-35.14814,-7.39596],[-35.14657,-7.3751],[-35.18619,-7.33653],[-35.21851,-7.27866],[-35.22737,-7.2625]]]},"properties":{"CD_MUN":"2511202","NM_MUN":"Pedras de Fogo","SIGLA_UF":"PB"}},{"type":"Feature","geometry":{"type":"Polygon","coordinates":[[[-34.95369,-7.40535],[-34.94066,-7.42255],[-34.89375,-7.45591],[-34.88332,-7.46008],[-34.8583,-7.45331],[-34.85674,-7.53828],[-34.86925,-7.54923],[-34.88749,-7.53567],[-34.89479,-7.54506],[-34.90157,-7.54297],[-34.89948,-7.5362],[-34.91043,-7.53724],[-34.91304,-7.54401],[-34.9318,-7.52837],[-34.95474,-7.53828],[-34.97038,-7.51638],[-34.98341,-7.50752],[-34.98445,-7.4997],[-34.97611,-7.46947],[-34.97611,-7.43714],[-34.96829,-7.43402],[-34.95369,-7.40535]]]},"properties":{"CD_MUN":"2503001","NM_MUN":"Caaporã","SIGLA_UF":"PB"}},{"type":"Feature","geometry":{"type":"Polygon","coordinates":[[[-37.08633,-7.51529],[-37.07799,-7.52102],[-37.05975,-7.52154],[-37.06809,-7.54292],[-37.07539,-7.54969],[-37.07226,-7.56481],[-37.08477,-7.58358],[-37.08373,-7.59765],[-37.07748,-7.61277],[-37.08269,-7.62476],[-37.09676,-7.64144],[-37.11084,-7.64874],[-37.12596,-7.68627],[-37.15307,-7.70556],[-37.15411,-7.69879],[-37.17235,-7.68784],[-37.17548,-7.66959],[-37.18434,-7.66542],[-37.18486,-7.65708],[-37.19842,-7.65082],[-37.20467,-7.63675],[-37.1833,-7.61642],[-37.18278,-7.60234],[-37.17652,-7.59035],[-37.16349,-7.58566],[-37.17131,-7.57836],[-37.16609,-7.5695],[-37.14159,-7.56168],[-37.12647,-7.53822],[-37.10719,-7.53353],[-37.08633,-7.51529]]]},"properties":{"CD_MUN":"2510600","NM_MUN":"Ouro Velho","SIGLA_UF":"PB"}},{"type":"Feature","geometry":{"type":"Polygon","coordinates":[[[-38.55274,-7.24156],[-38.49748,-7.21654],[-38.4808,-7.21706],[-38.46672,-7.23739],[-38.45942,-7.22019],[-38.42502,-7.21759],[-38.40781,-7.20403],[-38.40469,-7.22697],[-38.41094,-7.23792],[-38.4026,-7.24834],[-38.41199,-7.25408],[-38.41824,-7.26607],[-38.42033,-7.31038],[-38.42189,-7.3109],[-38.4318,-7.32654],[-38.43701,-7.35573],[-38.47507,-7.37398],[-38.48185,-7.38649],[-38.49592,-7.3745],[-38.51156,-7.37398],[-38.52459,-7.36355],[-38.52303,-7.35781],[-38.53606,-7.34165],[-38.55118,-7.34009],[-38.54753,-7.33175],[-38.55013,-7.31663],[-38.53449,-7.29109],[-38.54388,-7.26867],[-38.55326,-7.25929],[-38.55274,-7.24156]]]},"properties":{"CD_MUN":"2502409","NM_MUN":"Bonito de Santa Fé","SIGLA_UF":"PB"}},{"type":"Feature","geometry":{"type":"Polygon","coordinates":[[[-36.25796,-6.86159],[-36.17821,-6.93353],[-36.14849,-6.99088],[-36.16518,-6.98931],[-36.17195,-6.97836],[-36.18238,-6.98879],[-36.19698,-7.02163],[-36.20428,-7.06698],[-36.22617,-7.06907],[-36.24337,-7.07689],[-36.24337,-7.08523],[-36.23451,-7.0894],[-36.23243,-7.10452],[-36.2684,-7.09461],[-36.33355,-6.95386],[-36.32678,-6.9377],[-36.3054,-6.93613],[-36.29967,-6.93144],[-36.30019,-6.9158],[-36.28768,-6.91007],[-36.28611,-6.89182],[-36.27308,-6.88348],[-36.25796,-6.86159]]]},"properties":{"CD_MUN":"2510501","NM_MUN":"Olivedos","SIGLA_UF":"PB"}},{"type":"Feature","geometry":{"type":"Polygon","coordinates":[[[-37.936,-6.39914],[-37.93079,-6.41322],[-37.92193,-6.41948],[-37.90212,-6.42208],[-37.86667,-6.45597],[-37.87658,-6.48256],[-37.88179,-6.53312],[-37.91047,-6.55554],[-37.92141,-6.54824],[-37.93028,-6.55397],[-37.9407,-6.54563],[-37.95738,-6.53521],[-37.99596,-6.54146],[-38.00378,-6.53781],[-38.00639,-6.52478],[-37.98814,-6.50132],[-38.02619,-6.47369],[-38.02411,-6.46743],[-38.01368,-6.46535],[-38.02046,-6.44502],[-38.00482,-6.42938],[-37.96989,-6.42208],[-37.96415,-6.40227],[-37.94539,-6.40331],[-37.936,-6.39914]]]},"properties":{"CD_MUN":"2502300","NM_MUN":"Bom Sucesso","SIGLA_UF":"PB"}},{"type":"Feature","geometry":{"type":"Polygon","coordinates":[[[-37.50177,-6.52375],[-37.49343,-6.52271],[-37.48665,-6.50759],[-37.48821,-6.52166],[-37.47675,-6.53939],[-37.48248,-6.54825],[-37.47623,-6.56128],[-37.47988,-6.60455],[-37.47466,-6.61602],[-37.47623,-6.63844],[-37.4658,-6.65877],[-37.4731,-6.6718],[-37.46737,-6.67649],[-37.47675,-6.69161],[-37.47467,-6.6963],[-37.49552,-6.70881],[-37.5367,-6.70464],[-37.55391,-6.71142],[-37.55912,-6.72393],[-37.56433,-6.72028],[-37.57997,-6.72549],[-37.63002,-6.71871],[-37.65087,-6.71559],[-37.78327,-6.64208],[-37.78796,-6.61184],[-37.75564,-6.59255],[-37.74834,-6.58056],[-37.72124,-6.58057],[-37.71707,-6.57639],[-37.71863,-6.54303],[-37.71237,-6.52531],[-37.69673,-6.54251],[-37.67797,-6.5399],[-37.67328,-6.53313],[-37.66337,-6.53626],[-37.65607,-6.55242],[-37.63574,-6.56441],[-37.62323,-6.55815],[-37.62636,-6.52844],[-37.59925,-6.53417],[-37.57267,-6.55085],[-37.53357,-6.54304],[-37.50177,-6.52375]]]},"properties":{"CD_MUN":"2510907","NM_MUN":"Paulista","SIGLA_UF":"PB"}},{"type":"Feature","geometry":{"type":"Polygon","coordinates":[[[-35.67098,-6.80061],[-35.6569,-6.77819],[-35.63292,-6.77559],[-35.59956,-6.78028],[-35.59278,-6.79644],[-35.58652,-6.77142],[-35.58235,-6.77194],[-35.57818,-6.79227],[-35.59695,-6.81677],[-35.59591,-6.82146],[-35.62667,-6.81781],[-35.67098,-6.80061]]]},"properties":{"CD_MUN":"2502706","NM_MUN":"Borborema","SIGLA_UF":"PB"}},{"type":"Feature","geometry":{"type":"Polygon","coordinates":[[[-37.4825,-6.91473],[-37.44131,-6.91577],[-37.41056,-6.93141],[-37.37772,-6.93194],[-37.34175,-6.92777],[-37.3016,-6.9163],[-37.22341,-6.90848],[-37.19526,-6.90066],[-37.19109,-6.9017],[-37.1937,-6.91422],[-37.18692,-6.92151],[-37.17701,-6.92099],[-37.19161,-6.93507],[-37.17337,-6.94549],[-37.18014,-6.96478],[-37.17233,-6.97886],[-37.17337,-6.98459],[-37.20621,-7.00388],[-37.22029,-7.01639],[-37.22237,-7.05445],[-37.21247,-7.09824],[-37.24323,-7.1144],[-37.25782,-7.08677],[-37.32142,-7.0826],[-37.31412,-7.08729],[-37.3136,-7.09667],[-37.32872,-7.117],[-37.32924,-7.12691],[-37.33863,-7.1415],[-37.36834,-7.14724],[-37.37981,-7.15714],[-37.37877,-7.16652],[-37.41109,-7.16496],[-37.35322,-7.08781],[-37.36573,-7.04297],[-37.36104,-7.02629],[-37.37251,-7.00961],[-37.52003,-7.00179],[-37.50231,-6.99084],[-37.50126,-6.97468],[-37.49136,-6.97729],[-37.47833,-6.96686],[-37.46999,-6.97312],[-37.45226,-6.96061],[-37.46008,-6.94549],[-37.46112,-6.93089],[-37.47728,-6.92307],[-37.4825,-6.91473]]]},"properties":{"CD_MUN":"2510808","NM_MUN":"Patos","SIGLA_UF":"PB"}},{"type":"Feature","geometry":{"type":"Polygon","coordinates":[[[-38.21702,-7.14565],[-38.22379,-7.13001],[-38.20398,-7.11959],[-38.18574,-7.11489],[-38.18522,-7.11906],[-38.18,-7.11802],[-38.17218,-7.10864],[-38.16176,-7.10864],[-38.1555,-7.11646],[-38.12579,-7.10812],[-38.06949,-7.12063],[-38.07679,-7.13992],[-38.07574,-7.1493],[-38.05854,-7.17276],[-38.07783,-7.27285],[-38.12319,-7.25408],[-38.14769,-7.20456],[-38.21702,-7.14565]]]},"properties":{"CD_MUN":"2502607","NM_MUN":"Igaracy","SIGLA_UF":"PB"}},{"type":"Feature","geometry":{"type":"Polygon","coordinates":[[[-37.01229,-7.05393],[-37.00343,-7.05237],[-36.99248,-7.06175],[-36.96746,-7.05185],[-36.93566,-7.04716],[-36.93253,-7.05081],[-36.93566,-7.06853],[-36.92211,-7.0873],[-36.92315,-7.10346],[-36.92993,-7.11128],[-36.92367,-7.1191],[-36.92628,-7.15298],[-36.94661,-7.1535],[-36.94713,-7.16497],[-36.96746,-7.1681],[-36.9805,-7.17592],[-36.98571,-7.17123],[-37.0123,-7.18999],[-37.03732,-7.19573],[-37.08319,-7.19103],[-37.0957,-7.12014],[-37.08736,-7.10606],[-37.08944,-7.08156],[-37.08579,-7.0753],[-37.04722,-7.06436],[-37.04096,-7.05862],[-37.01229,-7.05393]]]},"properties":{"CD_MUN":"2510709","NM_MUN":"Passagem","SIGLA_UF":"PB"}},{"type":"Feature","geometry":{"type":"Polygon","coordinates":[[[-36.22097,-7.39958],[-36.15007,-7.36882],[-36.15112,-7.35892],[-36.14486,-7.35475],[-36.10472,-7.36674],[-36.08908,-7.37664],[-36.05572,-7.36726],[-36.00203,-7.39176],[-36.00203,-7.4147],[-35.98274,-7.43555],[-35.97596,-7.46214],[-35.86493,-7.54868],[-35.88891,-7.63939],[-35.88109,-7.63313],[-35.87067,-7.6373],[-35.86389,-7.65294],[-35.86963,-7.66128],[-35.88787,-7.66285],[-35.92489,-7.68318],[-35.95147,-7.65242],[-35.96607,-7.64877],[-35.96346,-7.63887],[-35.98327,-7.65659],[-35.98848,-7.6519],[-35.99161,-7.6545],[-35.99995,-7.6618],[-36.00047,-7.67483],[-36.02289,-7.70559],[-36.01768,-7.70976],[-36.01664,-7.72175],[-36.03123,-7.74469],[-36.01195,-7.75355],[-36.00986,-7.76554],[-36.02081,-7.77075],[-36.03384,-7.79578],[-36.04218,-7.79369],[-36.05782,-7.80255],[-36.0573,-7.79213],[-36.07033,-7.78014],[-36.10317,-7.77857],[-36.11412,-7.78587],[-36.12715,-7.78431],[-36.12611,-7.77127],[-36.13028,-7.76658],[-36.15791,-7.75146],[-36.16364,-7.73009],[-36.15843,-7.69047],[-36.18553,-7.65919],[-36.18918,-7.64251],[-36.19335,-7.64668],[-36.19857,-7.64303],[-36.20378,-7.61592],[-36.22098,-7.59715],[-36.23245,-7.53147],[-36.22358,-7.48768],[-36.19334,-7.43868],[-36.22097,-7.39958]]]},"properties":{"CD_MUN":"2502508","NM_MUN":"Boqueirão","SIGLA_UF":"PB"}},{"type":"Feature","geometry":{"type":"Polygon","coordinates":[[[-36.22041,-6.42942],[-36.17193,-6.42838],[-36.16672,-6.47895],[-36.22042,-6.56027],[-36.22041,-6.42942]]]},"properties":{"CD_MUN":"2510105","NM_MUN":"Nova Floresta","SIGLA_UF":"PB"}},{"type":"Feature","geometry":{"type":"Polygon","coordinates":[[[-35.51406,-6.64891],[-35.49894,-6.65517],[-35.42179,-6.6682],[-35.49425,-6.72607],[-35.44108,-6.75213],[-35.4562,-6.75318],[-35.47601,-6.77246],[-35.49478,-6.77559],[-35.51406,-6.7855],[-35.52136,-6.77403],[-35.537,-6.76516],[-35.55681,-6.76204],[-35.54221,-6.74171],[-35.49634,-6.71616],[-35.49946,-6.6974],[-35.51979,-6.68645],[-35.53074,-6.67029],[-35.53283,-6.65204],[-35.51406,-6.64891]]]},"properties":{"CD_MUN":"2501906","NM_MUN":"Belém","SIGLA_UF":"PB"}},{"type":"Feature","geometry":{"type":"Polygon","coordinates":[[[-38.35776,-6.89855],[-38.34212,-6.86362],[-38.33013,-6.86049],[-38.32543,-6.85163],[-38.31553,-6.84746],[-38.29728,-6.84902],[-38.27591,-6.86154],[-38.23212,-6.85789],[-38.22639,-6.86779],[-38.25767,-6.97935],[-38.25663,-6.99343],[-38.31241,-6.99343],[-38.36558,-6.98821],[-38.39738,-6.98613],[-38.40051,-6.97414],[-38.4151,-6.9538],[-38.39998,-6.92826],[-38.38434,-6.92618],[-38.38069,-6.91731],[-38.37183,-6.92044],[-38.35776,-6.89855]]]},"properties":{"CD_MUN":"2510006","NM_MUN":"Nazarezinho","SIGLA_UF":"PB"}},{"type":"Feature","geometry":{"type":"Polygon","coordinates":[[[-34.94795,-7.16502],[-34.94586,-7.13166],[-34.93074,-7.11967],[-34.92032,-7.1228],[-34.91093,-7.1082],[-34.91354,-7.10299],[-34.90781,-7.10247],[-34.91615,-7.091],[-34.91198,-7.07953],[-34.89112,-7.09517],[-34.89477,-7.1228],[-34.90155,-7.12071],[-34.90364,-7.12697],[-34.91823,-7.13375],[-34.91719,-7.14365],[-34.90937,-7.14991],[-34.91563,-7.16607],[-34.92345,-7.17076],[-34.94795,-7.16502]]]},"properties":{"CD_MUN":"2501807","NM_MUN":"Bayeux","SIGLA_UF":"PB"}},{"type":"Feature","geometry":{"type":"Polygon","coordinates":[[[-35.54276,-7.40325],[-35.52556,-7.39126],[-35.49845,-7.45433],[-35.50158,-7.51272],[-35.50836,-7.51741],[-35.51045,-7.52992],[-35.51879,-7.53566],[-35.51983,-7.55338],[-35.53808,-7.5831],[-35.52974,-7.58987],[-35.51253,-7.58727],[-35.50941,-7.60291],[-35.51097,-7.60864],[-35.524,-7.61385],[-35.52922,-7.62532],[-35.51462,-7.63054],[-35.51149,-7.64148],[-35.52818,-7.64878],[-35.54851,-7.66077],[-35.58604,-7.6493],[-35.61002,-7.65504],[-35.61367,-7.66442],[-35.62774,-7.6394],[-35.6194,-7.61698],[-35.62149,-7.6076],[-35.61575,-7.60499],[-35.61106,-7.61542],[-35.60063,-7.6175],[-35.59281,-7.61489],[-35.58656,-7.60551],[-35.59959,-7.58727],[-35.5975,-7.56589],[-35.60115,-7.55547],[-35.59281,-7.544],[-35.5902,-7.50177],[-35.55892,-7.4585],[-35.54693,-7.43192],[-35.54276,-7.40325]]]},"properties":{"CD_MUN":"2509909","NM_MUN":"Natuba","SIGLA_UF":"PB"}},{"type":"Feature","geometry":{"type":"Polygon","coordinates":[[[-37.8031,-7.12533],[-37.79789,-7.13054],[-37.78955,-7.12272],[-37.776,-7.14253],[-37.75567,-7.14097],[-37.74003,-7.17433],[-37.70354,-7.17486],[-37.67643,-7.17121],[-37.66705,-7.16443],[-37.64515,-7.17486],[-37.63785,-7.19206],[-37.62378,-7.19467],[-37.61075,-7.20666],[-37.60345,-7.22438],[-37.58208,-7.22491],[-37.56644,-7.23116],[-37.55601,-7.25358],[-37.53985,-7.2614],[-37.54402,-7.2786],[-37.5409,-7.2859],[-37.56019,-7.31405],[-37.56957,-7.31926],[-37.58781,-7.31144],[-37.6144,-7.3203],[-37.65402,-7.30988],[-37.68843,-7.31561],[-37.70302,-7.31665],[-37.71762,-7.32864],[-37.74681,-7.36201],[-37.74838,-7.37973],[-37.77131,-7.37869],[-37.77601,-7.38755],[-37.79738,-7.38755],[-37.8052,-7.3912],[-37.81615,-7.40892],[-37.83961,-7.41465],[-37.85629,-7.42612],[-37.85785,-7.41778],[-37.87505,-7.4011],[-37.86358,-7.37191],[-37.87297,-7.35627],[-37.87192,-7.33906],[-37.90737,-7.31925],[-37.89903,-7.3057],[-37.89903,-7.27703],[-37.87974,-7.27703],[-37.87661,-7.27182],[-37.85941,-7.26817],[-37.84064,-7.25044],[-37.82552,-7.22855],[-37.82344,-7.21969],[-37.82917,-7.20926],[-37.80884,-7.15661],[-37.81301,-7.15296],[-37.8104,-7.13784],[-37.80258,-7.13315],[-37.8031,-7.12533]]]},"properties":{"CD_MUN":"2510402","NM_MUN":"Olho d'Água","SIGLA_UF":"PB"}},{"type":"Feature","geometry":{"type":"Polygon","coordinates":[[[-36.43993,-7.68212],[-36.35965,-7.68004],[-36.35339,-7.66857],[-36.36955,-7.63729],[-36.36121,-7.62374],[-36.36799,-7.61644],[-36.36329,-7.60706],[-36.34974,-7.60028],[-36.3169,-7.60862],[-36.29083,-7.58881],[-36.30022,-7.58412],[-36.28093,-7.5617],[-36.26529,-7.55493],[-36.24444,-7.53147],[-36.23245,-7.53147],[-36.22098,-7.59715],[-36.20378,-7.61592],[-36.19857,-7.64303],[-36.19335,-7.64668],[-36.18918,-7.64251],[-36.18553,-7.65919],[-36.15843,-7.69047],[-36.16364,-7.73009],[-36.15791,-7.75146],[-36.13028,-7.76658],[-36.12611,-7.77127],[-36.12715,-7.78431],[-36.15426,-7.81506],[-36.16834,-7.78691],[-36.1798,-7.78326],[-36.20535,-7.7916],[-36.20222,-7.77544],[-36.2163,-7.76658],[-36.24288,-7.78326],[-36.2507,-7.79629],[-36.26738,-7.8088],[-36.2653,-7.82653],[-36.27364,-7.83174],[-36.29189,-7.81141],[-36.30179,-7.80828],[-36.32421,-7.81037],[-36.36018,-7.80411],[-36.37373,-7.81506],[-36.3951,-7.80724],[-36.43993,-7.68212]]]},"properties":{"CD_MUN":"2501708","NM_MUN":"Barra de São Miguel","SIGLA_UF":"PB"}},{"type":"Feature","geometry":{"type":"Polygon","coordinates":[[[-38.61267,-6.78229],[-38.56679,-6.79428],[-38.57148,-6.80106],[-38.58452,-6.79897],[-38.584,-6.80366],[-38.60433,-6.81409],[-38.61736,-6.84067],[-38.6257,-6.84172],[-38.63978,-6.85475],[-38.64551,-6.87925],[-38.66063,-6.85683],[-38.67053,-6.85266],[-38.6747,-6.83077],[-38.66376,-6.82347],[-38.65281,-6.82451],[-38.64916,-6.80835],[-38.63456,-6.80418],[-38.64186,-6.79011],[-38.61632,-6.79376],[-38.61267,-6.78229]]]},"properties":{"CD_MUN":"2502201","NM_MUN":"Bom Jesus","SIGLA_UF":"PB"}},{"type":"Feature","geometry":{"type":"Polygon","coordinates":[[[-36.52277,-6.60197],[-36.52538,-6.59676],[-36.52121,-6.59311],[-36.4524,-6.65619],[-36.43415,-6.63534],[-36.40861,-6.64472],[-36.38202,-6.64003],[-36.35544,-6.64316],[-36.30852,-6.68591],[-36.31895,-6.70154],[-36.3398,-6.71041],[-36.34501,-6.71927],[-36.37368,-6.72187],[-36.36795,-6.72657],[-36.3716,-6.74273],[-36.39245,-6.74325],[-36.43468,-6.7151],[-36.45136,-6.71718],[-36.467,-6.69946],[-36.4868,-6.69528],[-36.51391,-6.67704],[-36.53946,-6.68329],[-36.54363,-6.67547],[-36.53476,-6.64159],[-36.53737,-6.6369],[-36.52277,-6.61657],[-36.52277,-6.60197]]]},"properties":{"CD_MUN":"2510303","NM_MUN":"Nova Palmeira","SIGLA_UF":"PB"}},{"type":"Feature","geometry":{"type":"Polygon","coordinates":[[[-38.25143,-7.38597],[-38.25299,-7.37607],[-38.2457,-7.36929],[-38.22693,-7.36668],[-38.20921,-7.37868],[-38.18575,-7.36721],[-38.17271,-7.36929],[-38.1576,-7.39171],[-38.14092,-7.39744],[-38.05751,-7.52412],[-38.07002,-7.51578],[-38.08462,-7.52725],[-38.08306,-7.53299],[-38.08931,-7.54393],[-38.10808,-7.55019],[-38.12215,-7.52308],[-38.13727,-7.52464],[-38.14092,-7.50431],[-38.1503,-7.49701],[-38.14405,-7.47616],[-38.15135,-7.46573],[-38.2285,-7.48711],[-38.22954,-7.47303],[-38.22016,-7.46938],[-38.23997,-7.45687],[-38.24518,-7.44801],[-38.23632,-7.4209],[-38.24361,-7.41204],[-38.24622,-7.38806],[-38.25143,-7.38597]]]},"properties":{"CD_MUN":"2502102","NM_MUN":"Boa Ventura","SIGLA_UF":"PB"}},{"type":"Feature","geometry":{"type":"Polygon","coordinates":[[[-38.04552,-7.36095],[-38.02362,-7.38911],[-38.02258,-7.40996],[-38.00173,-7.41674],[-38.01007,-7.4282],[-38.0033,-7.44228],[-37.93813,-7.45219],[-37.92614,-7.46783],[-37.92771,-7.4819],[-37.92302,-7.49233],[-37.94856,-7.51214],[-37.95482,-7.52465],[-37.96733,-7.52986],[-37.99287,-7.5382],[-37.99496,-7.53142],[-38.01477,-7.53247],[-38.02519,-7.51891],[-38.03614,-7.51683],[-38.03458,-7.50484],[-38.03822,-7.48607],[-38.04917,-7.47408],[-38.05073,-7.45635],[-38.045,-7.44906],[-38.0523,-7.42872],[-38.05907,-7.42351],[-38.04187,-7.41517],[-38.0377,-7.40527],[-38.04552,-7.36095]]]},"properties":{"CD_MUN":"2510204","NM_MUN":"Nova Olinda","SIGLA_UF":"PB"}},{"type":"Feature","geometry":{"type":"Polygon","coordinates":[[[-37.38967,-6.08377],[-37.35579,-6.08325],[-37.32242,-6.06031],[-37.29948,-6.06292],[-37.29166,-6.05614],[-37.28541,-6.05979],[-37.27446,-6.05562],[-37.25413,-6.02747],[-37.23276,-6.02903],[-37.22285,-6.03581],[-37.22442,-6.04259],[-37.20304,-6.03894],[-37.18428,-6.04884],[-37.17646,-6.04937],[-37.16499,-6.03894],[-37.18219,-6.09993],[-37.1603,-6.15206],[-37.17542,-6.15415],[-37.18897,-6.14477],[-37.24788,-6.20002],[-37.24632,-6.19325],[-37.25101,-6.19064],[-37.2656,-6.19168],[-37.27395,-6.18647],[-37.30001,-6.18907],[-37.33181,-6.17083],[-37.34849,-6.17031],[-37.38342,-6.1995],[-37.38707,-6.20836],[-37.38863,-6.20523],[-37.41053,-6.21826],[-37.4564,-6.22035],[-37.47725,-6.24693],[-37.50228,-6.23911],[-37.51114,-6.24172],[-37.53825,-6.23025],[-37.53981,-6.23963],[-37.57682,-6.24745],[-37.58099,-6.26361],[-37.60497,-6.28551],[-37.61227,-6.28029],[-37.61592,-6.25892],[-37.62374,-6.24641],[-37.61696,-6.22973],[-37.61852,-6.20158],[-37.62478,-6.19271],[-37.59089,-6.16926],[-37.59089,-6.15466],[-37.56639,-6.1557],[-37.55805,-6.16457],[-37.54189,-6.14893],[-37.4955,-6.13381],[-37.47308,-6.14267],[-37.43815,-6.12599],[-37.39541,-6.12495],[-37.38967,-6.08377]]]},"properties":{"CD_MUN":"2502003","NM_MUN":"Belém do Brejo do Cruz","SIGLA_UF":"PB"}},{"type":"Feature","geometry":{"type":"Polygon","coordinates":[[[-38.63927,-7.18839],[-38.61842,-7.18265],[-38.56889,-7.18422],[-38.53814,-7.15503],[-38.51937,-7.18943],[-38.52198,-7.19569],[-38.51676,-7.19882],[-38.49696,-7.20299],[-38.49695,-7.18318],[-38.47558,-7.18214],[-38.46046,-7.18474],[-38.44118,-7.19778],[-38.41146,-7.191],[-38.40104,-7.19673],[-38.40781,-7.20403],[-38.42502,-7.21759],[-38.45942,-7.22019],[-38.46672,-7.23739],[-38.4808,-7.21706],[-38.49748,-7.21654],[-38.55274,-7.24156],[-38.55795,-7.23948],[-38.58558,-7.25147],[-38.59965,-7.24365],[-38.59653,-7.23113],[-38.60695,-7.23739],[-38.60852,-7.23166],[-38.61633,-7.23322],[-38.61946,-7.22019],[-38.61946,-7.19569],[-38.62363,-7.19099],[-38.63562,-7.1936],[-38.63927,-7.18839]]]},"properties":{"CD_MUN":"2509602","NM_MUN":"Monte Horebe","SIGLA_UF":"PB"}},{"type":"Feature","geometry":{"type":"Polygon","coordinates":[[[-34.99901,-6.59627],[-34.99171,-6.59367],[-34.97764,-6.60045],[-34.97243,-6.5968],[-34.96409,-6.6041],[-34.96148,-6.64007],[-34.95314,-6.66874],[-34.94637,-6.68073],[-34.93021,-6.68803],[-34.93385,-6.69845],[-34.93125,-6.72035],[-34.94897,-6.71305],[-34.97243,-6.71513],[-34.99693,-6.70575],[-35.02977,-6.70575],[-35.011,-6.60879],[-34.99901,-6.59627]]]},"properties":{"CD_MUN":"2501401","NM_MUN":"Baía da Traição","SIGLA_UF":"PB"}},{"type":"Feature","geometry":{"type":"Polygon","coordinates":[[[-35.90192,-7.07221],[-35.88524,-7.07533],[-35.8842,-7.09723],[-35.89671,-7.13789],[-35.95979,-7.10661],[-35.94988,-7.08732],[-35.94936,-7.05448],[-35.90192,-7.07221]]]},"properties":{"CD_MUN":"2509503","NM_MUN":"Montadas","SIGLA_UF":"PB"}},{"type":"Feature","geometry":{"type":"Polygon","coordinates":[[[-35.74607,-7.44547],[-35.70593,-7.43556],[-35.69602,-7.43765],[-35.68768,-7.43139],[-35.67882,-7.43765],[-35.66735,-7.43035],[-35.64963,-7.434],[-35.6366,-7.42149],[-35.58707,-7.40116],[-35.54276,-7.40325],[-35.54693,-7.43192],[-35.55892,-7.4585],[-35.5902,-7.50177],[-35.59281,-7.544],[-35.60115,-7.55547],[-35.5975,-7.56589],[-35.59959,-7.58727],[-35.58656,-7.60551],[-35.59281,-7.61489],[-35.60063,-7.6175],[-35.61106,-7.61542],[-35.61575,-7.60499],[-35.62149,-7.6076],[-35.62983,-7.61333],[-35.65172,-7.61124],[-35.68613,-7.642],[-35.70072,-7.63887],[-35.75077,-7.65034],[-35.75963,-7.64617],[-35.76328,-7.63522],[-35.77214,-7.63418],[-35.77371,-7.64096],[-35.79508,-7.65451],[-35.80342,-7.64095],[-35.80968,-7.64721],[-35.81072,-7.65972],[-35.81906,-7.66337],[-35.82949,-7.6592],[-35.85399,-7.66546],[-35.86963,-7.66128],[-35.86389,-7.65294],[-35.87067,-7.6373],[-35.88109,-7.63313],[-35.88891,-7.63939],[-35.86493,-7.54868],[-35.86337,-7.53878],[-35.87171,-7.52731],[-35.87848,-7.52522],[-35.87379,-7.52053],[-35.87953,-7.51219],[-35.85346,-7.50854],[-35.84147,-7.48196],[-35.81488,-7.44755],[-35.78204,-7.4293],[-35.77213,-7.4293],[-35.76849,-7.43869],[-35.7565,-7.43712],[-35.74607,-7.44547]]]},"properties":{"CD_MUN":"2501302","NM_MUN":"Aroeiras","SIGLA_UF":"PB"}},{"type":"Feature","geometry":{"type":"Polygon","coordinates":[[[-35.51929,-7.20828],[-35.50105,-7.19472],[-35.4875,-7.19577],[-35.4802,-7.17961],[-35.4583,-7.17856],[-35.46508,-7.19212],[-35.4656,-7.21141],[-35.47394,-7.21193],[-35.4802,-7.22235],[-35.48072,-7.23903],[-35.4557,-7.25624],[-35.45257,-7.25311],[-35.42338,-7.27396],[-35.41504,-7.28126],[-35.41452,-7.29638],[-35.40201,-7.31723],[-35.42964,-7.31827],[-35.43902,-7.3188],[-35.45622,-7.32922],[-35.44371,-7.35424],[-35.49167,-7.36832],[-35.50836,-7.3923],[-35.52087,-7.385],[-35.52556,-7.39126],[-35.57925,-7.33912],[-35.59645,-7.31879],[-35.54119,-7.26875],[-35.53494,-7.24633],[-35.52503,-7.23538],[-35.52451,-7.21714],[-35.51929,-7.20828]]]},"properties":{"CD_MUN":"2509404","NM_MUN":"Mogeiro","SIGLA_UF":"PB"}},{"type":"Feature","geometry":{"type":"Polygon","coordinates":[[[-35.90192,-7.07221],[-35.90036,-7.05761],[-35.91547,-7.0305],[-35.93163,-7.02737],[-35.96813,-7.00808],[-35.93633,-6.99766],[-35.89254,-6.97316],[-35.88003,-7.01121],[-35.87898,-7.04093],[-35.88524,-7.07533],[-35.90192,-7.07221]]]},"properties":{"CD_MUN":"2501203","NM_MUN":"Areial","SIGLA_UF":"PB"}},{"type":"Feature","geometry":{"type":"Polygon","coordinates":[[[-35.45829,-6.96326],[-35.45152,-6.96118],[-35.44422,-6.9471],[-35.42701,-6.94293],[-35.4218,-6.93251],[-35.39261,-6.9299],[-35.36029,-6.94085],[-35.36237,-6.94867],[-35.35768,-6.95336],[-35.34152,-6.94606],[-35.31494,-6.98673],[-35.3311,-7.00028],[-35.35508,-7.03416],[-35.37541,-7.03416],[-35.38323,-7.04146],[-35.3973,-7.04563],[-35.40252,-7.0571],[-35.48645,-7.08004],[-35.48853,-7.05606],[-35.49791,-7.03155],[-35.52659,-7.02895],[-35.53753,-7.03468],[-35.54796,-7.03103],[-35.54379,-6.99402],[-35.55213,-6.97682],[-35.46403,-6.99558],[-35.45829,-6.96326]]]},"properties":{"CD_MUN":"2509800","NM_MUN":"Mulungu","SIGLA_UF":"PB"}},{"type":"Feature","geometry":{"type":"Polygon","coordinates":[[[-35.85342,-6.51754],[-35.86593,-6.55507],[-35.85186,-6.56132],[-35.8456,-6.57227],[-35.8456,-6.59886],[-35.83049,-6.61763],[-35.82475,-6.64578],[-35.82684,-6.66507],[-35.8357,-6.66454],[-35.84456,-6.67549],[-35.85447,-6.67288],[-35.86646,-6.6807],[-35.8894,-6.6807],[-35.892,-6.69634],[-35.9165,-6.7198],[-35.94778,-6.76724],[-35.97124,-6.78705],[-35.98323,-6.81416],[-36.02807,-6.86629],[-36.0411,-6.89131],[-36.04944,-6.88609],[-36.06195,-6.89287],[-36.08281,-6.92728],[-36.09115,-6.93353],[-36.0948,-6.94969],[-36.09897,-6.95021],[-36.17821,-6.93353],[-36.25796,-6.86159],[-36.26317,-6.80998],[-36.26265,-6.80685],[-36.09948,-6.66819],[-36.02024,-6.63222],[-35.99939,-6.59938],[-35.98166,-6.54255],[-35.85342,-6.51754]]]},"properties":{"CD_MUN":"2501609","NM_MUN":"Barra de Santa Rosa","SIGLA_UF":"PB"}},{"type":"Feature","geometry":{"type":"Polygon","coordinates":[[[-37.15099,-7.77959],[-37.13118,-7.7822],[-37.11762,-7.77021],[-37.10146,-7.77542],[-37.09364,-7.76395],[-37.078,-7.76239],[-37.05663,-7.74883],[-37.01962,-7.71443],[-37.00971,-7.75196],[-36.96697,-7.83172],[-36.92944,-7.87499],[-36.9112,-8.02774],[-36.92006,-8.03034],[-36.93257,-8.04442],[-36.96802,-8.06058],[-36.97793,-8.05224],[-36.98783,-8.0538],[-37.02432,-8.04129],[-37.03944,-8.04442],[-37.06759,-8.03347],[-37.07593,-8.0564],[-37.10564,-8.04911],[-37.14839,-8.02617],[-37.15621,-8.00114],[-37.16246,-7.99593],[-37.17497,-7.99645],[-37.17706,-7.99072],[-37.18436,-7.99072],[-37.18748,-7.9829],[-37.19165,-7.98342],[-37.19165,-7.96048],[-37.20677,-7.95162],[-37.2198,-7.95996],[-37.21876,-7.97247],[-37.26255,-7.9683],[-37.27663,-7.97195],[-37.29539,-7.96465],[-37.30217,-7.96986],[-37.31624,-7.96778],[-37.33814,-7.97977],[-37.34022,-7.97455],[-37.35639,-7.97507],[-37.34648,-7.95422],[-37.34909,-7.9464],[-37.31677,-7.94275],[-37.30738,-7.93285],[-37.31051,-7.92138],[-37.30686,-7.91512],[-37.32146,-7.91043],[-37.28653,-7.90366],[-37.24378,-7.87499],[-37.24378,-7.86143],[-37.24951,-7.85361],[-37.24639,-7.84683],[-37.22084,-7.8411],[-37.22762,-7.81973],[-37.24065,-7.82285],[-37.24378,-7.81868],[-37.22918,-7.81347],[-37.23075,-7.80565],[-37.22657,-7.80252],[-37.21563,-7.80565],[-37.20312,-7.80044],[-37.18383,-7.79001],[-37.17184,-7.802],[-37.17027,-7.79523],[-37.15776,-7.7921],[-37.15099,-7.77959]]]},"properties":{"CD_MUN":"2509701","NM_MUN":"Monteiro","SIGLA_UF":"PB"}},{"type":"Feature","geometry":{"type":"Polygon","coordinates":[[[-35.57296,-6.60304],[-35.56202,-6.61034],[-35.55576,-6.59887],[-35.54533,-6.59365],[-35.53699,-6.61346],[-35.53647,-6.6364],[-35.52813,-6.64266],[-35.51875,-6.63953],[-35.51406,-6.64891],[-35.53283,-6.65204],[-35.53074,-6.67029],[-35.51979,-6.68645],[-35.49946,-6.6974],[-35.49634,-6.71616],[-35.54221,-6.74171],[-35.55681,-6.76204],[-35.56202,-6.79592],[-35.56932,-6.80895],[-35.5834,-6.82199],[-35.59695,-6.81677],[-35.57818,-6.79227],[-35.58235,-6.77194],[-35.58652,-6.77142],[-35.59278,-6.79644],[-35.59956,-6.78028],[-35.63292,-6.77559],[-35.6569,-6.77819],[-35.64022,-6.7417],[-35.6423,-6.73284],[-35.66576,-6.71668],[-35.67775,-6.72815],[-35.69182,-6.72606],[-35.68765,-6.70208],[-35.66993,-6.68279],[-35.66054,-6.64839],[-35.64334,-6.65256],[-35.60216,-6.6119],[-35.58704,-6.60408],[-35.57296,-6.60304]]]},"properties":{"CD_MUN":"2501500","NM_MUN":"Bananeiras","SIGLA_UF":"PB"}},{"type":"Feature","geometry":{"type":"Polygon","coordinates":[[[-35.31494,-6.98673],[-35.25759,-6.95649],[-35.25134,-6.99038],[-35.25499,-7.02687],[-35.27428,-7.06127],[-35.25447,-7.08265],[-35.27219,-7.10298],[-35.29044,-7.14051],[-35.30243,-7.14051],[-35.31494,-7.1181],[-35.3139,-7.11132],[-35.32224,-7.11132],[-35.32068,-7.10402],[-35.32797,-7.09829],[-35.34309,-7.10141],[-35.34883,-7.0962],[-35.38323,-7.04146],[-35.37541,-7.03416],[-35.35508,-7.03416],[-35.3311,-7.00028],[-35.31494,-6.98673]]]},"properties":{"CD_MUN":"2509107","NM_MUN":"Mari","SIGLA_UF":"PB"}},{"type":"Feature","geometry":{"type":"Polygon","coordinates":[[[-35.81225,-6.79435],[-35.77054,-6.80999],[-35.75908,-6.82146],[-35.7278,-6.80843],[-35.71946,-6.81051],[-35.73927,-6.8788],[-35.76064,-6.87724],[-35.81225,-6.84857],[-35.80808,-6.83136],[-35.81277,-6.81781],[-35.81225,-6.79435]]]},"properties":{"CD_MUN":"2500908","NM_MUN":"Arara","SIGLA_UF":"PB"}},{"type":"Feature","geometry":{"type":"Polygon","coordinates":[[[-38.27021,-7.59554],[-38.25353,-7.5971],[-38.23632,-7.60857],[-38.22746,-7.60336],[-38.18367,-7.60544],[-38.16803,-7.61222],[-38.10808,-7.55019],[-38.09088,-7.6435],[-38.11486,-7.71596],[-38.1133,-7.72326],[-38.12998,-7.72222],[-38.13676,-7.80563],[-38.14093,-7.80823],[-38.17273,-7.79312],[-38.19463,-7.8197],[-38.28429,-7.80406],[-38.30201,-7.79207],[-38.31974,-7.79051],[-38.31557,-7.77017],[-38.27699,-7.7415],[-38.28324,-7.72378],[-38.29367,-7.71648],[-38.27282,-7.69511],[-38.27125,-7.68989],[-38.27647,-7.6826],[-38.26604,-7.66696],[-38.2577,-7.66852],[-38.22746,-7.64506],[-38.24727,-7.61118],[-38.27021,-7.59554]]]},"properties":{"CD_MUN":"2509008","NM_MUN":"Manaíra","SIGLA_UF":"PB"}},{"type":"Feature","geometry":{"type":"Polygon","coordinates":[[[-35.40303,-6.76569],[-35.37018,-6.75579],[-35.35663,-6.75787],[-35.34985,-6.77455],[-35.33422,-6.78029],[-35.33161,-6.7928],[-35.32327,-6.79124],[-35.32431,-6.82616],[-35.3045,-6.8319],[-35.29929,-6.85171],[-35.31285,-6.85796],[-35.3165,-6.86578],[-35.3019,-6.88455],[-35.29982,-6.91062],[-35.28939,-6.92469],[-35.28522,-6.94502],[-35.27375,-6.94398],[-35.25759,-6.95649],[-35.31494,-6.98673],[-35.34152,-6.94606],[-35.35768,-6.95336],[-35.36237,-6.94867],[-35.36029,-6.94085],[-35.39261,-6.9299],[-35.38739,-6.85692],[-35.39104,-6.84701],[-35.40355,-6.84597],[-35.40407,-6.83346],[-35.41763,-6.83346],[-35.42023,-6.81313],[-35.42909,-6.81469],[-35.43743,-6.80791],[-35.45359,-6.81365],[-35.46037,-6.80896],[-35.44577,-6.79175],[-35.40303,-6.76569]]]},"properties":{"CD_MUN":"2500809","NM_MUN":"Araçagi","SIGLA_UF":"PB"}},{"type":"Feature","geometry":{"type":"Polygon","coordinates":[[[-37.03573,-6.73228],[-37.00237,-6.70935],[-36.98048,-6.70101],[-36.95911,-6.78598],[-36.96484,-6.78911],[-36.96015,-6.81048],[-37.02167,-6.87356],[-37.02062,-6.8574],[-37.03782,-6.83915],[-37.04304,-6.83602],[-37.05503,-6.84176],[-37.06962,-6.83394],[-37.08161,-6.81204],[-37.07796,-6.79953],[-37.04877,-6.77347],[-37.04981,-6.75939],[-37.0691,-6.75783],[-37.03573,-6.73228]]]},"properties":{"CD_MUN":"2517100","NM_MUN":"Várzea","SIGLA_UF":"PB"}},{"type":"Feature","geometry":{"type":"Polygon","coordinates":[[[-35.16948,-6.55717],[-35.15853,-6.55092],[-35.14445,-6.55144],[-35.12256,-6.52902],[-35.11057,-6.50609],[-35.11891,-6.54518],[-35.13246,-6.55717],[-35.11735,-6.56082],[-35.10692,-6.57073],[-35.10744,-6.5822],[-35.10171,-6.59314],[-35.10484,-6.60513],[-35.08816,-6.62547],[-35.121,-6.6484],[-35.11214,-6.67551],[-35.11996,-6.7266],[-35.13351,-6.75006],[-35.13247,-6.77404],[-35.11058,-6.82565],[-35.10485,-6.83138],[-35.09286,-6.82461],[-35.08608,-6.82825],[-35.09911,-6.86631],[-35.09703,-6.8856],[-35.12309,-6.8955],[-35.09807,-6.93981],[-35.10902,-6.93721],[-35.13456,-6.94294],[-35.15437,-6.94138],[-35.18357,-6.95597],[-35.2065,-6.94242],[-35.23361,-6.95441],[-35.25759,-6.95649],[-35.27375,-6.94398],[-35.28522,-6.94502],[-35.28939,-6.92469],[-35.29982,-6.91062],[-35.3019,-6.88455],[-35.3165,-6.86578],[-35.31285,-6.85796],[-35.29929,-6.85171],[-35.28105,-6.85536],[-35.27271,-6.84597],[-35.26593,-6.84702],[-35.25394,-6.85953],[-35.24039,-6.86318],[-35.23778,-6.87152],[-35.21745,-6.86579],[-35.21641,-6.85849],[-35.20546,-6.85692],[-35.20077,-6.85067],[-35.19243,-6.85536],[-35.17783,-6.84702],[-35.16532,-6.85223],[-35.16636,-6.83816],[-35.19555,-6.8147],[-35.19399,-6.81053],[-35.20285,-6.80271],[-35.21275,-6.78238],[-35.22526,-6.77664],[-35.22943,-6.761],[-35.24194,-6.7511],[-35.27374,-6.76048],[-35.28782,-6.75266],[-35.34985,-6.77455],[-35.35663,-6.75787],[-35.37018,-6.75579],[-35.34881,-6.74953],[-35.34308,-6.73441],[-35.34568,-6.72294],[-35.33734,-6.7146],[-35.33473,-6.70053],[-35.32639,-6.70313],[-35.32431,-6.71043],[-35.3118,-6.70731],[-35.30919,-6.71408],[-35.29668,-6.71825],[-35.28573,-6.71356],[-35.28365,-6.70731],[-35.26227,-6.70991],[-35.24351,-6.70157],[-35.24038,-6.6948],[-35.21431,-6.68176],[-35.21014,-6.67238],[-35.20232,-6.67551],[-35.18095,-6.66195],[-35.17104,-6.66352],[-35.16218,-6.65831],[-35.15436,-6.66248],[-35.14342,-6.65831],[-35.2044,-6.59888],[-35.19346,-6.54935],[-35.16948,-6.55717]]]},"properties":{"CD_MUN":"2508901","NM_MUN":"Mamanguape","SIGLA_UF":"PB"}},{"type":"Feature","geometry":{"type":"Polygon","coordinates":[[[-38.47243,-6.52424],[-38.46669,-6.53154],[-38.48181,-6.55239],[-38.45679,-6.56699],[-38.43646,-6.58785],[-38.42447,-6.58837],[-38.41092,-6.59723],[-38.39528,-6.59775],[-38.38641,-6.58107],[-38.35357,-6.5524],[-38.33272,-6.57794],[-38.34158,-6.58576],[-38.34732,-6.60922],[-38.35983,-6.62017],[-38.35931,-6.71557],[-38.3541,-6.72652],[-38.3442,-6.73225],[-38.3442,-6.7458],[-38.34889,-6.75832],[-38.36192,-6.76196],[-38.36349,-6.77083],[-38.35776,-6.89855],[-38.37183,-6.92044],[-38.38069,-6.91731],[-38.38434,-6.92618],[-38.39998,-6.92826],[-38.41771,-6.92357],[-38.42605,-6.91314],[-38.4177,-6.86727],[-38.45784,-6.81983],[-38.51049,-6.80679],[-38.51206,-6.79637],[-38.49433,-6.78542],[-38.49537,-6.76874],[-38.48547,-6.73798],[-38.49172,-6.7213],[-38.50006,-6.71869],[-38.50684,-6.70827],[-38.52091,-6.70409],[-38.51831,-6.69523],[-38.52352,-6.69419],[-38.52821,-6.68376],[-38.52352,-6.67907],[-38.52717,-6.67021],[-38.51883,-6.62173],[-38.53238,-6.60035],[-38.55271,-6.58836],[-38.55219,-6.56438],[-38.53446,-6.5378],[-38.51778,-6.53623],[-38.51413,-6.52216],[-38.50527,-6.52164],[-38.50006,-6.53154],[-38.49536,-6.52685],[-38.47243,-6.52424]]]},"properties":{"CD_MUN":"2500700","NM_MUN":"São João do Rio do Peixe","SIGLA_UF":"PB"}},{"type":"Feature","geometry":{"type":"Polygon","coordinates":[[[-35.11057,-6.50609],[-35.10118,-6.504],[-35.0991,-6.49722],[-35.09024,-6.49775],[-35.05687,-6.52694],[-35.01725,-6.5014],[-35.01048,-6.50557],[-34.9964,-6.49827],[-34.99171,-6.5014],[-34.97816,-6.4868],[-34.96825,-6.48628],[-34.96409,-6.6041],[-34.97243,-6.5968],[-34.97764,-6.60045],[-34.99171,-6.59367],[-34.99901,-6.59627],[-35.02299,-6.59158],[-35.03394,-6.59419],[-35.08816,-6.62547],[-35.10484,-6.60513],[-35.10171,-6.59314],[-35.10744,-6.5822],[-35.10692,-6.57073],[-35.11735,-6.56082],[-35.13246,-6.55717],[-35.11891,-6.54518],[-35.11057,-6.50609]]]},"properties":{"CD_MUN":"2509305","NM_MUN":"Mataraca","SIGLA_UF":"PB"}},{"type":"Feature","geometry":{"type":"Polygon","coordinates":[[[-35.73927,-6.8788],[-35.70643,-6.88506],[-35.64492,-6.91217],[-35.61624,-6.92625],[-35.60269,-6.94397],[-35.58914,-6.98568],[-35.60426,-6.9935],[-35.63658,-6.99923],[-35.6543,-6.99141],[-35.67098,-7.00236],[-35.69131,-6.98776],[-35.69913,-6.99662],[-35.7179,-7.01174],[-35.73719,-7.00809],[-35.73406,-6.98046],[-35.75856,-6.96013],[-35.76586,-6.94136],[-35.73458,-6.90226],[-35.73927,-6.8788]]]},"properties":{"CD_MUN":"2501104","NM_MUN":"Areia","SIGLA_UF":"PB"}},{"type":"Feature","geometry":{"type":"Polygon","coordinates":[[[-35.67203,-7.14832],[-35.65639,-7.1697],[-35.70488,-7.18377],[-35.70644,-7.20149],[-35.68872,-7.24059],[-35.68351,-7.25728],[-35.69602,-7.26301],[-35.71426,-7.26249],[-35.72365,-7.27448],[-35.73147,-7.28021],[-35.75023,-7.27343],[-35.75753,-7.28177],[-35.76535,-7.2823],[-35.84042,-7.24945],[-35.80288,-7.2041],[-35.77838,-7.18012],[-35.76743,-7.17595],[-35.76326,-7.16709],[-35.75701,-7.17334],[-35.7398,-7.16969],[-35.67203,-7.14832]]]},"properties":{"CD_MUN":"2509206","NM_MUN":"Massaranduba","SIGLA_UF":"PB"}},{"type":"Feature","geometry":{"type":"Polygon","coordinates":[[[-35.66262,-6.44664],[-35.63708,-6.45394],[-35.66106,-6.49929],[-35.69651,-6.52327],[-35.69025,-6.52901],[-35.65063,-6.51441],[-35.61623,-6.50972],[-35.59955,-6.52536],[-35.5959,-6.53683],[-35.60424,-6.54152],[-35.62509,-6.5337],[-35.62822,-6.56081],[-35.63708,-6.57749],[-35.63708,-6.59365],[-35.64386,-6.60929],[-35.66158,-6.61815],[-35.69078,-6.61659],[-35.70694,-6.62128],[-35.73144,-6.62858],[-35.74082,-6.60772],[-35.76532,-6.60772],[-35.77627,-6.5655],[-35.77523,-6.54308],[-35.79191,-6.53265],[-35.82683,-6.52118],[-35.82579,-6.50867],[-35.80807,-6.49877],[-35.82214,-6.48574],[-35.76845,-6.48261],[-35.72466,-6.46958],[-35.70797,-6.47062],[-35.68243,-6.44873],[-35.66992,-6.45133],[-35.66262,-6.44664]]]},"properties":{"CD_MUN":"2501005","NM_MUN":"Araruna","SIGLA_UF":"PB"}},{"type":"Feature","geometry":{"type":"Polygon","coordinates":[[[-34.99903,-6.91062],[-34.93699,-6.89186],[-34.92865,-6.88664],[-34.92709,-6.87726],[-34.91249,-6.86631],[-34.90936,-6.86892],[-34.90154,-6.86475],[-34.8833,-6.88925],[-34.8687,-6.89864],[-34.85254,-6.90072],[-34.8661,-6.93409],[-34.85202,-6.96849],[-34.86818,-6.97996],[-34.87131,-6.96745],[-34.88017,-6.96588],[-34.88017,-6.95859],[-34.88747,-6.96171],[-34.8932,-6.95702],[-34.8979,-6.95859],[-34.90467,-6.95077],[-34.90676,-6.95494],[-34.91041,-6.95077],[-34.91875,-6.95389],[-34.99903,-6.91062]]]},"properties":{"CD_MUN":"2508604","NM_MUN":"Lucena","SIGLA_UF":"PB"}},{"type":"Feature","geometry":{"type":"Polygon","coordinates":[[[-38.5454,-6.42572],[-38.54228,-6.43666],[-38.47243,-6.52424],[-38.49536,-6.52685],[-38.50006,-6.53154],[-38.50527,-6.52164],[-38.51413,-6.52216],[-38.51778,-6.53623],[-38.53446,-6.5378],[-38.55219,-6.56438],[-38.55271,-6.58836],[-38.53238,-6.60035],[-38.51883,-6.62173],[-38.52717,-6.67021],[-38.52352,-6.67907],[-38.52821,-6.68376],[-38.52352,-6.69419],[-38.51831,-6.69523],[-38.52091,-6.70409],[-38.54385,-6.69836],[-38.56001,-6.70618],[-38.57722,-6.70566],[-38.61892,-6.65092],[-38.63195,-6.64101],[-38.65645,-6.63997],[-38.65801,-6.63528],[-38.64759,-6.62642],[-38.6455,-6.61599],[-38.6283,-6.60452],[-38.63195,-6.58993],[-38.64185,-6.58106],[-38.60953,-6.53519],[-38.61526,-6.52789],[-38.61161,-6.51381],[-38.5892,-6.49661],[-38.56886,-6.46846],[-38.56782,-6.45543],[-38.55583,-6.44917],[-38.55322,-6.43249],[-38.5454,-6.42572]]]},"properties":{"CD_MUN":"2516805","NM_MUN":"Triunfo","SIGLA_UF":"PB"}},{"type":"Feature","geometry":{"type":"Polygon","coordinates":[[[-35.77577,-7.00965],[-35.73719,-7.00809],[-35.7179,-7.01174],[-35.69913,-6.99662],[-35.69653,-7.0107],[-35.70018,-7.04093],[-35.69184,-7.05292],[-35.70539,-7.07325],[-35.70591,-7.08681],[-35.73563,-7.10818],[-35.67203,-7.14832],[-35.7398,-7.16969],[-35.75701,-7.17334],[-35.76326,-7.16709],[-35.76587,-7.15249],[-35.77786,-7.13633],[-35.80288,-7.12903],[-35.80913,-7.13529],[-35.81747,-7.13529],[-35.82477,-7.12486],[-35.81382,-7.10818],[-35.81018,-7.0941],[-35.81382,-7.04354],[-35.80339,-7.01747],[-35.77577,-7.00965]]]},"properties":{"CD_MUN":"2500403","NM_MUN":"Alagoa Nova","SIGLA_UF":"PB"}},{"type":"Feature","geometry":{"type":"Polygon","coordinates":[[[-37.0196,-7.25046],[-36.97216,-7.27966],[-36.86738,-7.30677],[-36.75738,-7.30104],[-36.81786,-7.36828],[-36.88771,-7.39018],[-36.93359,-7.37402],[-36.94245,-7.37558],[-36.93776,-7.38392],[-36.95131,-7.38913],[-36.94975,-7.39591],[-36.97946,-7.40634],[-36.98728,-7.43709],[-37.00397,-7.4543],[-37.0097,-7.45325],[-37.01231,-7.44491],[-37.02012,-7.44022],[-37.02273,-7.43396],[-37.01335,-7.43032],[-37.01648,-7.42458],[-37.02482,-7.4225],[-37.01178,-7.40425],[-37.03263,-7.39852],[-37.03889,-7.3933],[-37.03524,-7.3834],[-37.04723,-7.37818],[-37.05401,-7.37766],[-37.06912,-7.38757],[-37.07173,-7.36828],[-37.08164,-7.36202],[-37.0196,-7.25046]]]},"properties":{"CD_MUN":"2508505","NM_MUN":"Livramento","SIGLA_UF":"PB"}},{"type":"Feature","geometry":{"type":"Polygon","coordinates":[[[-37.23958,-7.18894],[-37.20987,-7.18477],[-37.19944,-7.17852],[-37.18328,-7.19155],[-37.1812,-7.23482],[-37.14627,-7.26297],[-37.17599,-7.30937],[-37.1958,-7.29477],[-37.22186,-7.28591],[-37.23333,-7.27392],[-37.25992,-7.27392],[-37.27555,-7.276],[-37.29276,-7.28903],[-37.30527,-7.28747],[-37.3157,-7.2932],[-37.32404,-7.28591],[-37.33186,-7.2906],[-37.3574,-7.3224],[-37.35062,-7.34012],[-37.38086,-7.35419],[-37.40275,-7.30467],[-37.41735,-7.30258],[-37.40692,-7.26609],[-37.3647,-7.24107],[-37.3574,-7.20302],[-37.23958,-7.18894]]]},"properties":{"CD_MUN":"2516706","NM_MUN":"Teixeira","SIGLA_UF":"PB"}},{"type":"Feature","geometry":{"type":"Polygon","coordinates":[[[-35.58914,-6.98568],[-35.57871,-6.98255],[-35.56881,-6.98724],[-35.55213,-6.97682],[-35.54379,-6.99402],[-35.54796,-7.03103],[-35.53753,-7.03468],[-35.52659,-7.02895],[-35.49791,-7.03155],[-35.48853,-7.05606],[-35.48645,-7.08004],[-35.47654,-7.10506],[-35.48228,-7.11288],[-35.47394,-7.13842],[-35.48019,-7.14259],[-35.5318,-7.1478],[-35.56569,-7.12643],[-35.6173,-7.12017],[-35.62772,-7.11027],[-35.63658,-7.14728],[-35.65639,-7.1697],[-35.67203,-7.14832],[-35.73563,-7.10818],[-35.70591,-7.08681],[-35.70539,-7.07325],[-35.69184,-7.05292],[-35.70018,-7.04093],[-35.69653,-7.0107],[-35.69913,-6.99662],[-35.69131,-6.98776],[-35.67098,-7.00236],[-35.6543,-6.99141],[-35.63658,-6.99923],[-35.60426,-6.9935],[-35.58914,-6.98568]]]},"properties":{"CD_MUN":"2500304","NM_MUN":"Alagoa Grande","SIGLA_UF":"PB"}},{"type":"Feature","geometry":{"type":"Polygon","coordinates":[[[-37.96733,-7.52986],[-37.95482,-7.52465],[-37.94856,-7.51214],[-37.92302,-7.49233],[-37.90112,-7.53612],[-37.88601,-7.55541],[-37.87923,-7.57991],[-37.84326,-7.60024],[-37.83284,-7.59763],[-37.80625,-7.62109],[-37.79895,-7.63465],[-37.80938,-7.64299],[-37.83805,-7.64507],[-37.85786,-7.65237],[-37.87767,-7.67948],[-37.90113,-7.69355],[-37.89071,-7.71024],[-37.89331,-7.71336],[-37.91781,-7.71128],[-37.94909,-7.66436],[-37.96733,-7.52986]]]},"properties":{"CD_MUN":"2516607","NM_MUN":"Tavares","SIGLA_UF":"PB"}},{"type":"Feature","geometry":{"type":"Polygon","coordinates":[[[-38.23471,-6.49297],[-38.22794,-6.48932],[-38.22794,-6.48411],[-38.22168,-6.48307],[-38.21855,-6.48724],[-38.20083,-6.48776],[-38.18936,-6.49923],[-38.1732,-6.48985],[-38.16382,-6.49193],[-38.16069,-6.48568],[-38.14974,-6.48672],[-38.14609,-6.49037],[-38.14922,-6.50444],[-38.13306,-6.52634],[-38.12316,-6.52686],[-38.14401,-6.54458],[-38.14349,-6.56335],[-38.15756,-6.56804],[-38.16486,-6.58368],[-38.16747,-6.60141],[-38.15444,-6.61235],[-38.1633,-6.62174],[-38.19718,-6.58368],[-38.20761,-6.57951],[-38.23159,-6.59776],[-38.25296,-6.59567],[-38.25713,-6.56387],[-38.24462,-6.54145],[-38.21491,-6.53207],[-38.22898,-6.51539],[-38.23471,-6.49297]]]},"properties":{"CD_MUN":"2508406","NM_MUN":"Lastro","SIGLA_UF":"PB"}},{"type":"Feature","geometry":{"type":"Polygon","coordinates":[[[-38.31241,-6.99343],[-38.25663,-6.99343],[-38.20346,-7.01063],[-38.13152,-7.00803],[-38.08929,-7.01481],[-38.07626,-7.02367],[-38.07835,-7.05807],[-38.06949,-7.12063],[-38.12579,-7.10812],[-38.1555,-7.11646],[-38.16176,-7.10864],[-38.17218,-7.10864],[-38.18,-7.11802],[-38.18522,-7.11906],[-38.18574,-7.11489],[-38.20398,-7.11959],[-38.22379,-7.13001],[-38.21702,-7.14565],[-38.24204,-7.16702],[-38.27123,-7.17745],[-38.29052,-7.17536],[-38.29625,-7.15555],[-38.28478,-7.12845],[-38.30668,-7.13001],[-38.33066,-7.10238],[-38.33274,-7.09404],[-38.3489,-7.08778],[-38.34838,-7.081],[-38.36298,-7.07318],[-38.35047,-7.07266],[-38.34004,-7.06276],[-38.30615,-7.05755],[-38.30094,-7.03669],[-38.3098,-7.01167],[-38.30615,-6.9976],[-38.31241,-6.99343]]]},"properties":{"CD_MUN":"2500205","NM_MUN":"Aguiar","SIGLA_UF":"PB"}},{"type":"Feature","geometry":{"type":"Polygon","coordinates":[[[-35.62149,-7.6076],[-35.6194,-7.61698],[-35.62774,-7.6394],[-35.61367,-7.66442],[-35.65173,-7.69674],[-35.67675,-7.70143],[-35.69291,-7.69987],[-35.69916,-7.69152],[-35.71272,-7.70716],[-35.73878,-7.71081],[-35.74608,-7.72332],[-35.76381,-7.72489],[-35.77527,-7.73688],[-35.79978,-7.73635],[-35.81281,-7.74626],[-35.82949,-7.75043],[-35.84513,-7.74522],[-35.87224,-7.74521],[-35.87901,-7.75095],[-35.88006,-7.76659],[-35.88266,-7.77493],[-35.90352,-7.79213],[-35.93167,-7.78431],[-35.93792,-7.789],[-35.9692,-7.78692],[-35.99214,-7.79891],[-35.99735,-7.81507],[-36.01872,-7.80777],[-36.02602,-7.80881],[-36.03384,-7.79578],[-36.02081,-7.77075],[-36.00986,-7.76554],[-36.01195,-7.75355],[-36.03123,-7.74469],[-36.01664,-7.72175],[-36.01768,-7.70976],[-36.02289,-7.70559],[-36.00047,-7.67483],[-35.99995,-7.6618],[-35.99161,-7.6545],[-35.98848,-7.6519],[-35.98327,-7.65659],[-35.96346,-7.63887],[-35.96607,-7.64877],[-35.95147,-7.65242],[-35.92489,-7.68318],[-35.88787,-7.66285],[-35.86963,-7.66128],[-35.85399,-7.66546],[-35.82949,-7.6592],[-35.81906,-7.66337],[-35.81072,-7.65972],[-35.80968,-7.64721],[-35.80342,-7.64095],[-35.79508,-7.65451],[-35.77371,-7.64096],[-35.77214,-7.63418],[-35.76328,-7.63522],[-35.75963,-7.64617],[-35.75077,-7.65034],[-35.70072,-7.63887],[-35.68613,-7.642],[-35.65172,-7.61124],[-35.62983,-7.61333],[-35.62149,-7.6076]]]},"properties":{"CD_MUN":"2517001","NM_MUN":"Umbuzeiro","SIGLA_UF":"PB"}},{"type":"Feature","geometry":{"type":"Polygon","coordinates":[[[-37.57685,-6.82089],[-37.55912,-6.8063],[-37.53827,-6.7771],[-37.52107,-6.77033],[-37.51064,-6.78127],[-37.50543,-6.78075],[-37.50543,-6.81047],[-37.52576,-6.82089],[-37.52524,-6.82923],[-37.51481,-6.84227],[-37.52628,-6.85634],[-37.52889,-6.87146],[-37.51117,-6.89388],[-37.51273,-6.89961],[-37.49918,-6.89805],[-37.4825,-6.91473],[-37.47728,-6.92307],[-37.46112,-6.93089],[-37.46008,-6.94549],[-37.45226,-6.96061],[-37.46999,-6.97312],[-37.47833,-6.96686],[-37.49136,-6.97729],[-37.50126,-6.97468],[-37.50231,-6.99084],[-37.52003,-7.00179],[-37.54505,-7.00022],[-37.54453,-6.99709],[-37.53202,-6.98354],[-37.52994,-6.97416],[-37.54453,-6.95748],[-37.56695,-6.90378],[-37.57841,-6.85999],[-37.57685,-6.82089]]]},"properties":{"CD_MUN":"2508802","NM_MUN":"Malta","SIGLA_UF":"PB"}},{"type":"Feature","geometry":{"type":"Polygon","coordinates":[[[-35.08401,-7.29639],[-35.07463,-7.29535],[-35.05638,-7.28023],[-35.00008,-7.26772],[-34.97298,-7.27398],[-34.96776,-7.28232],[-34.95786,-7.28127],[-34.94795,-7.27345],[-34.94222,-7.24374],[-34.92866,-7.22602],[-34.91511,-7.24166],[-34.92345,-7.26407],[-34.91563,-7.28753],[-34.91876,-7.30265],[-34.89113,-7.31672],[-34.85881,-7.34331],[-34.9099,-7.41056],[-34.9,-7.41682],[-34.88071,-7.41734],[-34.87341,-7.42776],[-34.85256,-7.4335],[-34.84839,-7.43819],[-34.85882,-7.44288],[-34.8583,-7.45331],[-34.88332,-7.46008],[-34.89375,-7.45591],[-34.94066,-7.42255],[-34.95369,-7.40535],[-34.9563,-7.38189],[-34.9735,-7.36312],[-34.98705,-7.33497],[-35.08401,-7.29639]]]},"properties":{"CD_MUN":"2500601","NM_MUN":"Alhandra","SIGLA_UF":"PB"}},{"type":"Feature","geometry":{"type":"Polygon","coordinates":[[[-38.57199,-6.37098],[-38.55583,-6.37202],[-38.53706,-6.3861],[-38.52872,-6.3814],[-38.51673,-6.35273],[-38.50318,-6.35534],[-38.48597,-6.34022],[-38.47972,-6.34231],[-38.48076,-6.35221],[-38.48962,-6.36525],[-38.48128,-6.39444],[-38.48598,-6.42415],[-38.45105,-6.42989],[-38.43697,-6.42624],[-38.41925,-6.41164],[-38.40048,-6.41008],[-38.38537,-6.41738],[-38.3812,-6.43093],[-38.3739,-6.43771],[-38.37286,-6.45543],[-38.35878,-6.45804],[-38.33897,-6.44397],[-38.3421,-6.457],[-38.3275,-6.46013],[-38.31603,-6.47577],[-38.31656,-6.48515],[-38.30874,-6.48932],[-38.29623,-6.48776],[-38.28528,-6.49766],[-38.28841,-6.50705],[-38.28424,-6.51904],[-38.30613,-6.52842],[-38.31291,-6.53676],[-38.32021,-6.54823],[-38.31708,-6.56387],[-38.32021,-6.57846],[-38.33272,-6.57794],[-38.35357,-6.5524],[-38.38641,-6.58107],[-38.39528,-6.59775],[-38.41092,-6.59723],[-38.42447,-6.58837],[-38.43646,-6.58785],[-38.45679,-6.56699],[-38.48181,-6.55239],[-38.46669,-6.53154],[-38.47243,-6.52424],[-38.54228,-6.43666],[-38.5454,-6.42572],[-38.52351,-6.40695],[-38.51673,-6.40851],[-38.52664,-6.39339],[-38.54175,-6.40174],[-38.55062,-6.39809],[-38.57095,-6.40382],[-38.60118,-6.39079],[-38.59076,-6.37775],[-38.57199,-6.37463],[-38.57199,-6.37098]]]},"properties":{"CD_MUN":"2516904","NM_MUN":"Uiraúna","SIGLA_UF":"PB"}},{"type":"Feature","geometry":{"type":"Polygon","coordinates":[[[-37.41109,-7.16496],[-37.37877,-7.16652],[-37.37981,-7.15714],[-37.36834,-7.14724],[-37.33863,-7.1415],[-37.3428,-7.15923],[-37.33394,-7.16496],[-37.33602,-7.1733],[-37.3454,-7.1806],[-37.3574,-7.20302],[-37.3647,-7.24107],[-37.40692,-7.26609],[-37.41735,-7.30258],[-37.43612,-7.32448],[-37.49972,-7.32604],[-37.51379,-7.3323],[-37.53047,-7.32031],[-37.54767,-7.31926],[-37.56331,-7.32552],[-37.56957,-7.31926],[-37.56019,-7.31405],[-37.5409,-7.2859],[-37.54402,-7.2786],[-37.53985,-7.2614],[-37.55601,-7.25358],[-37.52682,-7.22647],[-37.53464,-7.20041],[-37.5263,-7.18477],[-37.51431,-7.17486],[-37.45436,-7.16444],[-37.4408,-7.16652],[-37.43298,-7.15662],[-37.41526,-7.1561],[-37.41109,-7.16496]]]},"properties":{"CD_MUN":"2508703","NM_MUN":"Mãe d'Água","SIGLA_UF":"PB"}},{"type":"Feature","geometry":{"type":"Polygon","coordinates":[[[-35.60269,-6.94397],[-35.53909,-6.9226],[-35.52762,-6.91269],[-35.51146,-6.92051],[-35.48123,-6.91843],[-35.47237,-6.91843],[-35.47028,-6.9372],[-35.46246,-6.9544],[-35.45621,-6.95805],[-35.45829,-6.96326],[-35.46403,-6.99558],[-35.55213,-6.97682],[-35.56881,-6.98724],[-35.57871,-6.98255],[-35.58914,-6.98568],[-35.60269,-6.94397]]]},"properties":{"CD_MUN":"2500502","NM_MUN":"Alagoinha","SIGLA_UF":"PB"}},{"type":"Feature","geometry":{"type":"Polygon","coordinates":[[[-38.24149,-6.49401],[-38.23471,-6.49297],[-38.22898,-6.51539],[-38.21491,-6.53207],[-38.24462,-6.54145],[-38.25713,-6.56387],[-38.25296,-6.59567],[-38.23159,-6.59776],[-38.20761,-6.57951],[-38.19718,-6.58368],[-38.1633,-6.62174],[-38.15444,-6.61235],[-38.15079,-6.61861],[-38.1315,-6.62174],[-38.12107,-6.6134],[-38.11326,-6.61548],[-38.0924,-6.59515],[-38.07781,-6.59202],[-38.05695,-6.59463],[-38.03715,-6.60714],[-38.01056,-6.61444],[-38.00118,-6.59828],[-37.97667,-6.60193],[-37.95582,-6.61027],[-37.95374,-6.62018],[-37.98085,-6.63947],[-38.00274,-6.66605],[-38.00274,-6.70515],[-38.0189,-6.72548],[-38.01265,-6.73747],[-38.01317,-6.77865],[-37.99284,-6.81045],[-38.0064,-6.82401],[-37.98972,-6.85998],[-37.99232,-6.8678],[-38.00692,-6.88083],[-38.02465,-6.88083],[-38.04185,-6.89491],[-38.06426,-6.89803],[-38.08095,-6.88187],[-38.1117,-6.89021],[-38.12526,-6.90012],[-38.16383,-6.89438],[-38.16748,-6.88865],[-38.22639,-6.86779],[-38.23212,-6.85789],[-38.27591,-6.86154],[-38.29728,-6.84902],[-38.31553,-6.84746],[-38.32543,-6.85163],[-38.33013,-6.86049],[-38.34212,-6.86362],[-38.35776,-6.89855],[-38.36349,-6.77083],[-38.36192,-6.76196],[-38.34889,-6.75832],[-38.3442,-6.7458],[-38.3442,-6.73225],[-38.3541,-6.72652],[-38.35931,-6.71557],[-38.35983,-6.62017],[-38.34732,-6.60922],[-38.34158,-6.58576],[-38.33272,-6.57794],[-38.32021,-6.57846],[-38.31708,-6.56387],[-38.32021,-6.54823],[-38.31291,-6.53676],[-38.30613,-6.52842],[-38.28424,-6.51904],[-38.28841,-6.50705],[-38.28528,-6.49766],[-38.24149,-6.49401]]]},"properties":{"CD_MUN":"2516201","NM_MUN":"Sousa","SIGLA_UF":"PB"}},{"type":"Feature","geometry":{"type":"Polygon","coordinates":[[[-37.85629,-7.42612],[-37.83961,-7.41465],[-37.81615,-7.40892],[-37.8052,-7.3912],[-37.79738,-7.38755],[-37.77601,-7.38755],[-37.77131,-7.37869],[-37.74838,-7.37973],[-37.74681,-7.36201],[-37.71762,-7.32864],[-37.70407,-7.34063],[-37.71814,-7.35784],[-37.70407,-7.39068],[-37.70615,-7.41205],[-37.69729,-7.43968],[-37.69781,-7.46158],[-37.6754,-7.47252],[-37.67071,-7.48451],[-37.68061,-7.5012],[-37.73535,-7.51788],[-37.74265,-7.52778],[-37.74891,-7.56636],[-37.73379,-7.59712],[-37.74057,-7.59764],[-37.74474,-7.60911],[-37.75464,-7.61953],[-37.75621,-7.63308],[-37.77706,-7.6383],[-37.78227,-7.62839],[-37.79113,-7.62526],[-37.79895,-7.63465],[-37.80625,-7.62109],[-37.83284,-7.59763],[-37.84326,-7.60024],[-37.87923,-7.57991],[-37.88601,-7.55541],[-37.90112,-7.53612],[-37.92302,-7.49233],[-37.92771,-7.4819],[-37.92614,-7.46783],[-37.8688,-7.44333],[-37.85629,-7.42612]]]},"properties":{"CD_MUN":"2508000","NM_MUN":"Juru","SIGLA_UF":"PB"}},{"type":"Feature","geometry":{"type":"Polygon","coordinates":[[[-36.32782,-6.9377],[-36.32678,-6.9377],[-36.33355,-6.95386],[-36.2684,-7.09461],[-36.23243,-7.10452],[-36.22252,-7.13319],[-36.22253,-7.16082],[-36.21888,-7.1603],[-36.21783,-7.17802],[-36.22461,-7.19679],[-36.34816,-7.24631],[-36.39977,-7.22233],[-36.41854,-7.19261],[-36.43157,-7.1874],[-36.45711,-7.18479],[-36.47223,-7.17437],[-36.50351,-7.17124],[-36.52123,-7.17541],[-36.4863,-7.12693],[-36.46075,-6.99973],[-36.44251,-6.99243],[-36.43052,-6.99817],[-36.40497,-6.99139],[-36.32782,-6.9377]]]},"properties":{"CD_MUN":"2516102","NM_MUN":"Soledade","SIGLA_UF":"PB"}},{"type":"Feature","geometry":{"type":"Polygon","coordinates":[[[-35.29514,-7.32141],[-35.24718,-7.33027],[-35.24145,-7.32818],[-35.23415,-7.30838],[-35.22007,-7.29899],[-35.22633,-7.28335],[-35.21851,-7.27866],[-35.18619,-7.33653],[-35.14657,-7.3751],[-35.14814,-7.39596],[-35.16899,-7.38709],[-35.18984,-7.39804],[-35.1987,-7.38761],[-35.24249,-7.37406],[-35.27586,-7.38501],[-35.28211,-7.37614],[-35.27221,-7.35998],[-35.29514,-7.32141]]]},"properties":{"CD_MUN":"2507903","NM_MUN":"Juripiranga","SIGLA_UF":"PB"}},{"type":"Feature","geometry":{"type":"Polygon","coordinates":[[[-36.74434,-7.07792],[-36.73287,-7.07114],[-36.70733,-7.06697],[-36.65833,-7.06437],[-36.66354,-7.06593],[-36.66198,-7.07323],[-36.65781,-7.07323],[-36.66771,-7.07896],[-36.66563,-7.09617],[-36.67084,-7.10086],[-36.66146,-7.11702],[-36.65885,-7.15612],[-36.65885,-7.18062],[-36.67971,-7.1827],[-36.66824,-7.20981],[-36.68023,-7.24109],[-36.71464,-7.31407],[-36.74748,-7.30052],[-36.75738,-7.30104],[-36.86738,-7.30677],[-36.97216,-7.27966],[-37.0196,-7.25046],[-37.0295,-7.22336],[-37.0123,-7.20094],[-37.0123,-7.18999],[-36.98571,-7.17123],[-36.9805,-7.17592],[-36.96746,-7.1681],[-36.94713,-7.16497],[-36.94661,-7.1535],[-36.92628,-7.15298],[-36.89552,-7.15715],[-36.84287,-7.1363],[-36.80482,-7.13422],[-36.75894,-7.08574],[-36.74434,-7.07792]]]},"properties":{"CD_MUN":"2516508","NM_MUN":"Taperoá","SIGLA_UF":"PB"}},{"type":"Feature","geometry":{"type":"Polygon","coordinates":[[[-37.71762,-7.32864],[-37.70302,-7.31665],[-37.68843,-7.31561],[-37.67956,-7.32916],[-37.68009,-7.3349],[-37.68895,-7.33907],[-37.68738,-7.34741],[-37.66028,-7.37295],[-37.62327,-7.37869],[-37.51692,-7.42457],[-37.51327,-7.43291],[-37.52057,-7.43916],[-37.53204,-7.47305],[-37.55602,-7.47983],[-37.57948,-7.49546],[-37.61649,-7.5111],[-37.61128,-7.5184],[-37.62014,-7.52257],[-37.61806,-7.52726],[-37.62796,-7.52674],[-37.63318,-7.53195],[-37.66445,-7.5257],[-37.68583,-7.54134],[-37.68218,-7.54446],[-37.68791,-7.54916],[-37.68322,-7.55958],[-37.71607,-7.58043],[-37.72284,-7.58304],[-37.7291,-7.57835],[-37.73379,-7.59712],[-37.74891,-7.56636],[-37.74265,-7.52778],[-37.73535,-7.51788],[-37.68061,-7.5012],[-37.67071,-7.48451],[-37.6754,-7.47252],[-37.69781,-7.46158],[-37.69729,-7.43968],[-37.70615,-7.41205],[-37.70407,-7.39068],[-37.71814,-7.35784],[-37.70407,-7.34063],[-37.71762,-7.32864]]]},"properties":{"CD_MUN":"2500106","NM_MUN":"Água Branca","SIGLA_UF":"PB"}},{"type":"Feature","geometry":{"type":"Polygon","coordinates":[[[-35.8842,-7.09723],[-35.87429,-7.09462],[-35.85918,-7.08889],[-35.84197,-7.10192],[-35.82477,-7.12486],[-35.81747,-7.13529],[-35.80913,-7.13529],[-35.80288,-7.12903],[-35.77786,-7.13633],[-35.76587,-7.15249],[-35.76326,-7.16709],[-35.76743,-7.17595],[-35.77838,-7.18012],[-35.80288,-7.2041],[-35.86231,-7.17907],[-35.89671,-7.16083],[-35.89671,-7.13789],[-35.8842,-7.09723]]]},"properties":{"CD_MUN":"2508307","NM_MUN":"Lagoa Seca","SIGLA_UF":"PB"}},{"type":"Feature","geometry":{"type":"Polygon","coordinates":[[[-35.63708,-6.45394],[-35.61779,-6.45759],[-35.61518,-6.46333],[-35.59954,-6.4602],[-35.58026,-6.48626],[-35.5641,-6.48731],[-35.56358,-6.49252],[-35.55732,-6.49304],[-35.54481,-6.48105],[-35.53334,-6.48314],[-35.52448,-6.47688],[-35.48799,-6.47949],[-35.47443,-6.48575],[-35.45775,-6.47584],[-35.44576,-6.48627],[-35.44055,-6.47793],[-35.44003,-6.4847],[-35.43899,-6.49982],[-35.42908,-6.5066],[-35.42595,-6.51598],[-35.4343,-6.53371],[-35.43065,-6.53788],[-35.43534,-6.55977],[-35.44837,-6.57124],[-35.44316,-6.57593],[-35.44994,-6.60617],[-35.45463,-6.61347],[-35.4687,-6.61138],[-35.47183,-6.61607],[-35.48122,-6.61659],[-35.48956,-6.62285],[-35.49321,-6.63536],[-35.50624,-6.63223],[-35.51875,-6.63953],[-35.52813,-6.64266],[-35.53647,-6.6364],[-35.53699,-6.61346],[-35.54533,-6.59365],[-35.55576,-6.59887],[-35.56202,-6.61034],[-35.57296,-6.60304],[-35.58652,-6.59],[-35.60685,-6.58062],[-35.61362,-6.56498],[-35.62822,-6.56081],[-35.62509,-6.5337],[-35.60424,-6.54152],[-35.5959,-6.53683],[-35.59955,-6.52536],[-35.61623,-6.50972],[-35.65063,-6.51441],[-35.69025,-6.52901],[-35.69651,-6.52327],[-35.66106,-6.49929],[-35.63708,-6.45394]]]},"properties":{"CD_MUN":"2516409","NM_MUN":"Tacima","SIGLA_UF":"PB"}},{"type":"Feature","geometry":{"type":"Polygon","coordinates":[[[-35.42179,-6.6682],[-35.35558,-6.63536],[-35.33473,-6.61972],[-35.32795,-6.62181],[-35.33473,-6.62494],[-35.34255,-6.6411],[-35.32952,-6.65465],[-35.33473,-6.70053],[-35.33734,-6.7146],[-35.34568,-6.72294],[-35.34308,-6.73441],[-35.34881,-6.74953],[-35.3681,-6.72451],[-35.39833,-6.71043],[-35.41136,-6.6974],[-35.41501,-6.68228],[-35.41449,-6.67498],[-35.42179,-6.6682]]]},"properties":{"CD_MUN":"2508208","NM_MUN":"Lagoa de Dentro","SIGLA_UF":"PB"}},{"type":"Feature","geometry":{"type":"Polygon","coordinates":[[[-37.0097,-7.48922],[-37.0024,-7.49652],[-36.98311,-7.48193],[-36.95966,-7.48505],[-36.94923,-7.50069],[-36.9362,-7.50539],[-36.91483,-7.50695],[-36.88303,-7.49288],[-36.85488,-7.49861],[-36.83246,-7.50799],[-36.82673,-7.51842],[-36.81995,-7.53771],[-36.82881,-7.55752],[-36.82412,-7.5815],[-36.83768,-7.59088],[-36.82882,-7.60861],[-36.85905,-7.63728],[-36.85697,-7.64249],[-36.82465,-7.67221],[-36.79181,-7.67429],[-36.7256,-7.716],[-36.73186,-7.78168],[-36.74646,-7.80045],[-36.76105,-7.8041],[-36.76314,-7.81817],[-36.77096,-7.81713],[-36.79494,-7.82912],[-36.80901,-7.82808],[-36.8356,-7.84632],[-36.84081,-7.81348],[-36.96697,-7.83172],[-37.00971,-7.75196],[-37.01962,-7.71443],[-37.0243,-7.6378],[-37.06913,-7.61434],[-37.08373,-7.59765],[-37.08477,-7.58358],[-37.07226,-7.56481],[-37.07539,-7.54969],[-37.06809,-7.54292],[-37.05975,-7.52154],[-37.07799,-7.52102],[-37.08633,-7.51529],[-37.06757,-7.51633],[-37.05923,-7.5059],[-37.03212,-7.50278],[-37.0097,-7.48922]]]},"properties":{"CD_MUN":"2516300","NM_MUN":"Sumé","SIGLA_UF":"PB"}},{"type":"Feature","geometry":{"type":"Polygon","coordinates":[[[-37.9407,-6.54563],[-37.93028,-6.55397],[-37.92141,-6.54824],[-37.91047,-6.55554],[-37.88179,-6.53312],[-37.8745,-6.53521],[-37.87137,-6.54616],[-37.85,-6.56284],[-37.79318,-6.57952],[-37.78327,-6.5889],[-37.77702,-6.58473],[-37.7692,-6.59099],[-37.76659,-6.58161],[-37.77232,-6.57639],[-37.75512,-6.57587],[-37.75356,-6.56962],[-37.73323,-6.57275],[-37.72124,-6.58057],[-37.74834,-6.58056],[-37.75564,-6.59255],[-37.78796,-6.61184],[-37.78327,-6.64208],[-37.85,-6.63791],[-37.85573,-6.64364],[-37.86877,-6.63426],[-37.87659,-6.63791],[-37.8818,-6.65354],[-37.91308,-6.65771],[-37.91568,-6.66658],[-37.92246,-6.67075],[-37.94436,-6.6624],[-37.94905,-6.64989],[-37.96625,-6.6525],[-37.9699,-6.64572],[-37.95895,-6.63113],[-37.93966,-6.61862],[-37.92976,-6.61132],[-37.93341,-6.59672],[-37.92611,-6.58212],[-37.94227,-6.56231],[-37.9407,-6.54563]]]},"properties":{"CD_MUN":"2508109","NM_MUN":"Lagoa","SIGLA_UF":"PB"}},{"type":"Feature","geometry":{"type":"Polygon","coordinates":[[[-38.40104,-7.19673],[-38.39322,-7.17901],[-38.33587,-7.17432],[-38.339,-7.20143],[-38.35151,-7.23114],[-38.3635,-7.23688],[-38.36559,-7.24574],[-38.38332,-7.2645],[-38.38801,-7.27858],[-38.38384,-7.29109],[-38.39009,-7.30152],[-38.41512,-7.29995],[-38.42033,-7.31038],[-38.41824,-7.26607],[-38.41199,-7.25408],[-38.4026,-7.24834],[-38.41094,-7.23792],[-38.40469,-7.22697],[-38.40781,-7.20403],[-38.40104,-7.19673]]]},"properties":{"CD_MUN":"2515708","NM_MUN":"Serra Grande","SIGLA_UF":"PB"}},{"type":"Feature","geometry":{"type":"Polygon","coordinates":[[[-34.89112,-7.09517],[-34.86454,-7.05816],[-34.85672,-7.06493],[-34.86506,-7.08318],[-34.85933,-7.09465],[-34.84473,-7.09986],[-34.8489,-7.06181],[-34.84264,-7.05555],[-34.83743,-7.06858],[-34.82961,-7.07328],[-34.83326,-7.0983],[-34.82127,-7.11081],[-34.82127,-7.13062],[-34.80928,-7.14522],[-34.79625,-7.14678],[-34.7926,-7.1546],[-34.79365,-7.19578],[-34.80199,-7.21038],[-34.80459,-7.24009],[-34.80772,-7.24322],[-34.80616,-7.23645],[-34.81711,-7.23905],[-34.81763,-7.23436],[-34.8244,-7.23436],[-34.8218,-7.23071],[-34.83118,-7.22863],[-34.83796,-7.23749],[-34.84578,-7.2354],[-34.84421,-7.23227],[-34.84943,-7.23488],[-34.85203,-7.23071],[-34.86871,-7.22758],[-34.87184,-7.2208],[-34.90364,-7.21298],[-34.92866,-7.22602],[-34.93648,-7.21298],[-34.96724,-7.21611],[-34.96932,-7.17388],[-34.96359,-7.16815],[-34.95212,-7.16919],[-34.94795,-7.16502],[-34.92345,-7.17076],[-34.91563,-7.16607],[-34.90937,-7.14991],[-34.91719,-7.14365],[-34.91823,-7.13375],[-34.90364,-7.12697],[-34.90155,-7.12071],[-34.89477,-7.1228],[-34.89112,-7.09517]]]},"properties":{"CD_MUN":"2507507","NM_MUN":"João Pessoa","SIGLA_UF":"PB"}},{"type":"Feature","geometry":{"type":"Polygon","coordinates":[[[-35.42179,-6.6682],[-35.41449,-6.67498],[-35.41501,-6.68228],[-35.42075,-6.68541],[-35.42805,-6.70522],[-35.43847,-6.71356],[-35.44108,-6.75213],[-35.49425,-6.72607],[-35.42179,-6.6682]]]},"properties":{"CD_MUN":"2515609","NM_MUN":"Serra da Raiz","SIGLA_UF":"PB"}},{"type":"Feature","geometry":{"type":"Polygon","coordinates":[[[-37.86667,-6.45597],[-37.81715,-6.44815],[-37.79838,-6.46431],[-37.77597,-6.45649],[-37.75512,-6.46014],[-37.74365,-6.47474],[-37.72592,-6.49611],[-37.72957,-6.50393],[-37.72645,-6.51071],[-37.71237,-6.52531],[-37.71863,-6.54303],[-37.71707,-6.57639],[-37.72124,-6.58057],[-37.73323,-6.57275],[-37.75356,-6.56962],[-37.75512,-6.57587],[-37.77232,-6.57639],[-37.76659,-6.58161],[-37.7692,-6.59099],[-37.77702,-6.58473],[-37.78327,-6.5889],[-37.79318,-6.57952],[-37.85,-6.56284],[-37.87137,-6.54616],[-37.8745,-6.53521],[-37.88179,-6.53312],[-37.87658,-6.48256],[-37.86667,-6.45597]]]},"properties":{"CD_MUN":"2507408","NM_MUN":"Jericó","SIGLA_UF":"PB"}},{"type":"Feature","geometry":{"type":"Polygon","coordinates":[[[-35.69443,-6.64317],[-35.68348,-6.63536],[-35.66054,-6.64839],[-35.66993,-6.68279],[-35.68765,-6.70208],[-35.69182,-6.72606],[-35.67775,-6.72815],[-35.66576,-6.71668],[-35.6423,-6.73284],[-35.64022,-6.7417],[-35.6569,-6.77819],[-35.67098,-6.80061],[-35.6715,-6.81677],[-35.68453,-6.80791],[-35.70695,-6.81364],[-35.71946,-6.81051],[-35.7278,-6.80843],[-35.75908,-6.82146],[-35.77054,-6.80999],[-35.81225,-6.79435],[-35.84665,-6.79748],[-35.90243,-6.78027],[-35.89357,-6.77297],[-35.88471,-6.74013],[-35.88835,-6.73231],[-35.9165,-6.7198],[-35.892,-6.69634],[-35.8894,-6.6807],[-35.86646,-6.6807],[-35.85447,-6.67288],[-35.84456,-6.67549],[-35.8357,-6.66454],[-35.82684,-6.66507],[-35.81537,-6.67236],[-35.78305,-6.67341],[-35.77054,-6.6854],[-35.74187,-6.67758],[-35.73405,-6.66507],[-35.72102,-6.66507],[-35.69443,-6.64317]]]},"properties":{"CD_MUN":"2516003","NM_MUN":"Solânea","SIGLA_UF":"PB"}},{"type":"Feature","geometry":{"type":"Polygon","coordinates":[[[-36.76206,-6.92726],[-36.7605,-6.94915],[-36.74121,-6.97522],[-36.73131,-6.97574],[-36.72557,-6.97053],[-36.71462,-6.98304],[-36.7068,-6.96584],[-36.70107,-6.96897],[-36.68178,-6.96532],[-36.69481,-6.93664],[-36.68647,-6.92413],[-36.66666,-6.93248],[-36.64633,-6.93248],[-36.64946,-6.95072],[-36.67501,-6.97731],[-36.7188,-7.00337],[-36.74747,-7.03204],[-36.76415,-7.04143],[-36.76519,-7.02527],[-36.77353,-7.02527],[-36.79856,-7.04038],[-36.87467,-7.06592],[-36.8731,-7.01692],[-36.76206,-6.92726]]]},"properties":{"CD_MUN":"2507804","NM_MUN":"Junco do Seridó","SIGLA_UF":"PB"}},{"type":"Feature","geometry":{"type":"Polygon","coordinates":[[[-35.55681,-6.76204],[-35.537,-6.76516],[-35.52136,-6.77403],[-35.51406,-6.7855],[-35.49895,-6.83241],[-35.51302,-6.83763],[-35.49478,-6.85222],[-35.49791,-6.88819],[-35.51511,-6.86265],[-35.52345,-6.85014],[-35.55473,-6.85535],[-35.58132,-6.87777],[-35.55838,-6.83398],[-35.62406,-6.84961],[-35.647,-6.86265],[-35.64492,-6.91217],[-35.70643,-6.88506],[-35.73927,-6.8788],[-35.71946,-6.81051],[-35.70695,-6.81364],[-35.68453,-6.80791],[-35.6715,-6.81677],[-35.67098,-6.80061],[-35.62667,-6.81781],[-35.59591,-6.82146],[-35.59695,-6.81677],[-35.5834,-6.82199],[-35.56932,-6.80895],[-35.56202,-6.79592],[-35.55681,-6.76204]]]},"properties":{"CD_MUN":"2515906","NM_MUN":"Serraria","SIGLA_UF":"PB"}},{"type":"Feature","geometry":{"type":"Polygon","coordinates":[[[-36.5405,-6.84281],[-36.53581,-6.84281],[-36.47483,-6.94916],[-36.46075,-6.99973],[-36.4863,-7.12693],[-36.52123,-7.17541],[-36.52175,-7.18531],[-36.65885,-7.15612],[-36.66146,-7.11702],[-36.67084,-7.10086],[-36.66563,-7.09617],[-36.66771,-7.07896],[-36.65781,-7.07323],[-36.66198,-7.07323],[-36.66354,-7.06593],[-36.65833,-7.06437],[-36.70733,-7.06697],[-36.73287,-7.07114],[-36.74434,-7.07792],[-36.76415,-7.04143],[-36.74747,-7.03204],[-36.7188,-7.00337],[-36.67501,-6.97731],[-36.64946,-6.95072],[-36.64633,-6.93248],[-36.59681,-6.93769],[-36.57387,-6.92101],[-36.56136,-6.92153],[-36.5551,-6.91684],[-36.55354,-6.88712],[-36.53269,-6.86054],[-36.53216,-6.85533],[-36.54937,-6.85376],[-36.5405,-6.84281]]]},"properties":{"CD_MUN":"2507705","NM_MUN":"Juazeirinho","SIGLA_UF":"PB"}},{"type":"Feature","geometry":{"type":"Polygon","coordinates":[[[-35.6173,-7.12017],[-35.61677,-7.13633],[-35.60218,-7.15927],[-35.67881,-7.24059],[-35.68872,-7.24059],[-35.70644,-7.20149],[-35.70488,-7.18377],[-35.65639,-7.1697],[-35.63658,-7.14728],[-35.62772,-7.11027],[-35.6173,-7.12017]]]},"properties":{"CD_MUN":"2515807","NM_MUN":"Serra Redonda","SIGLA_UF":"PB"}},{"type":"Feature","geometry":{"type":"Polygon","coordinates":[[[-35.6173,-7.12017],[-35.56569,-7.12643],[-35.5318,-7.1478],[-35.48019,-7.14259],[-35.4583,-7.17856],[-35.4802,-7.17961],[-35.4875,-7.19577],[-35.50105,-7.19472],[-35.51929,-7.20828],[-35.53754,-7.20515],[-35.55005,-7.18794],[-35.57664,-7.18117],[-35.58185,-7.17752],[-35.58706,-7.16188],[-35.60218,-7.15927],[-35.61677,-7.13633],[-35.6173,-7.12017]]]},"properties":{"CD_MUN":"2507606","NM_MUN":"Juarez Távora","SIGLA_UF":"PB"}},{"type":"Feature","geometry":{"type":"Polygon","coordinates":[[[-36.9112,-8.02774],[-36.90598,-8.01887],[-36.89295,-8.01366],[-36.87888,-8.01783],[-36.87471,-8.02774],[-36.87731,-8.04338],[-36.89087,-8.05172],[-36.89712,-8.07101],[-36.8966,-8.08821],[-36.91276,-8.09707],[-36.93466,-8.132],[-36.93987,-8.16223],[-36.96333,-8.18048],[-36.96333,-8.19299],[-36.95604,-8.19925],[-36.96125,-8.21228],[-36.9649,-8.21228],[-36.95812,-8.25033],[-36.97011,-8.26597],[-36.97064,-8.2764],[-36.99462,-8.29152],[-36.99618,-8.29829],[-37.00087,-8.29517],[-37.00661,-8.30038],[-37.0139,-8.28839],[-37.02225,-8.28943],[-37.03006,-8.27327],[-37.04258,-8.26441],[-37.08011,-8.26649],[-37.07959,-8.24095],[-37.06551,-8.23313],[-37.08011,-8.22166],[-37.08897,-8.23104],[-37.11086,-8.24043],[-37.12598,-8.24303],[-37.14318,-8.23938],[-37.14058,-8.20498],[-37.11816,-8.18412],[-37.11712,-8.17526],[-37.14005,-8.17735],[-37.16247,-8.16588],[-37.16247,-8.15858],[-37.14996,-8.14972],[-37.15778,-8.13877],[-37.14162,-8.11792],[-37.14683,-8.10019],[-37.14109,-8.08247],[-37.15569,-8.06422],[-37.15725,-8.05119],[-37.14735,-8.03503],[-37.14839,-8.02617],[-37.10564,-8.04911],[-37.07593,-8.0564],[-37.06759,-8.03347],[-37.03944,-8.04442],[-37.02432,-8.04129],[-36.98783,-8.0538],[-36.97793,-8.05224],[-36.96802,-8.06058],[-36.93257,-8.04442],[-36.92006,-8.03034],[-36.9112,-8.02774]]]},"properties":{"CD_MUN":"2515203","NM_MUN":"São Sebastião do Umbuzeiro","SIGLA_UF":"PB"}},{"type":"Feature","geometry":{"type":"Polygon","coordinates":[[[-38.29052,-7.17536],[-38.27123,-7.17745],[-38.24204,-7.16702],[-38.21702,-7.14565],[-38.14769,-7.20456],[-38.12319,-7.25408],[-38.07783,-7.27285],[-38.04343,-7.28693],[-38.05073,-7.35001],[-38.14092,-7.39744],[-38.1576,-7.39171],[-38.17271,-7.36929],[-38.18575,-7.36721],[-38.20921,-7.37868],[-38.22693,-7.36668],[-38.2457,-7.36929],[-38.25299,-7.37607],[-38.25143,-7.38597],[-38.26082,-7.38962],[-38.28219,-7.38754],[-38.29157,-7.37085],[-38.28479,-7.35938],[-38.29678,-7.3573],[-38.30617,-7.34322],[-38.30043,-7.32654],[-38.32233,-7.33019],[-38.28114,-7.30673],[-38.25403,-7.27285],[-38.24673,-7.252],[-38.2509,-7.25147],[-38.24882,-7.24626],[-38.26811,-7.24001],[-38.27749,-7.22489],[-38.2973,-7.21707],[-38.29469,-7.19726],[-38.29782,-7.18996],[-38.28531,-7.18214],[-38.29052,-7.17536]]]},"properties":{"CD_MUN":"2507002","NM_MUN":"Itaporanga","SIGLA_UF":"PB"}},{"type":"Feature","geometry":{"type":"Polygon","coordinates":[[[-35.87429,-7.09462],[-35.87064,-7.06647],[-35.85657,-7.03207],[-35.83832,-7.03102],[-35.80339,-7.01747],[-35.81382,-7.04354],[-35.81018,-7.0941],[-35.81382,-7.10818],[-35.82477,-7.12486],[-35.84197,-7.10192],[-35.85918,-7.08889],[-35.87429,-7.09462]]]},"properties":{"CD_MUN":"2515104","NM_MUN":"São Sebastião de Lagoa de Roça","SIGLA_UF":"PB"}},{"type":"Feature","geometry":{"type":"Polygon","coordinates":[[[-35.42964,-7.31827],[-35.40201,-7.31723],[-35.41452,-7.29638],[-35.41504,-7.28126],[-35.42338,-7.27396],[-35.37802,-7.25572],[-35.35874,-7.28596],[-35.3212,-7.29065],[-35.29514,-7.32141],[-35.27221,-7.35998],[-35.28211,-7.37614],[-35.27586,-7.38501],[-35.30609,-7.40846],[-35.31495,-7.40586],[-35.32329,-7.41107],[-35.33424,-7.4069],[-35.33164,-7.41576],[-35.33268,-7.42254],[-35.35145,-7.42254],[-35.34988,-7.44026],[-35.36865,-7.44078],[-35.3796,-7.4486],[-35.38377,-7.42202],[-35.38064,-7.41368],[-35.40201,-7.40273],[-35.39575,-7.39074],[-35.4067,-7.385],[-35.40618,-7.36884],[-35.414,-7.35685],[-35.40931,-7.34017],[-35.40097,-7.33548],[-35.42964,-7.31827]]]},"properties":{"CD_MUN":"2506905","NM_MUN":"Itabaiana","SIGLA_UF":"PB"}},{"type":"Feature","geometry":{"type":"Polygon","coordinates":[[[-36.82673,-7.51842],[-36.82099,-7.50591],[-36.79284,-7.48819],[-36.77303,-7.48975],[-36.76625,-7.48454],[-36.72611,-7.40686],[-36.69744,-7.38966],[-36.67815,-7.38706],[-36.66564,-7.37611],[-36.6646,-7.38653],[-36.62602,-7.41886],[-36.59683,-7.43189],[-36.58171,-7.43033],[-36.57337,-7.44023],[-36.57755,-7.58933],[-36.60205,-7.5888],[-36.58798,-7.63572],[-36.54627,-7.67169],[-36.57755,-7.71809],[-36.61613,-7.70453],[-36.6276,-7.70245],[-36.64688,-7.68368],[-36.67295,-7.68159],[-36.6865,-7.67534],[-36.70996,-7.68055],[-36.72299,-7.67221],[-36.7256,-7.716],[-36.79181,-7.67429],[-36.82465,-7.67221],[-36.85697,-7.64249],[-36.85905,-7.63728],[-36.82882,-7.60861],[-36.83768,-7.59088],[-36.82412,-7.5815],[-36.82881,-7.55752],[-36.81995,-7.53771],[-36.82673,-7.51842]]]},"properties":{"CD_MUN":"2515500","NM_MUN":"Serra Branca","SIGLA_UF":"PB"}},{"type":"Feature","geometry":{"type":"Polygon","coordinates":[[[-35.37591,-6.53006],[-35.33994,-6.5384],[-35.33108,-6.54466],[-35.27321,-6.54466],[-35.25132,-6.53423],[-35.22995,-6.53163],[-35.21848,-6.51651],[-35.20753,-6.54049],[-35.19346,-6.54935],[-35.2044,-6.59888],[-35.14342,-6.65831],[-35.15436,-6.66248],[-35.16218,-6.65831],[-35.17104,-6.66352],[-35.18095,-6.66195],[-35.20232,-6.67551],[-35.21014,-6.67238],[-35.21431,-6.68176],[-35.24038,-6.6948],[-35.24351,-6.70157],[-35.26227,-6.70991],[-35.28365,-6.70731],[-35.28573,-6.71356],[-35.29668,-6.71825],[-35.30919,-6.71408],[-35.3118,-6.70731],[-35.32431,-6.71043],[-35.32639,-6.70313],[-35.33473,-6.70053],[-35.32952,-6.65465],[-35.34255,-6.6411],[-35.33473,-6.62494],[-35.32795,-6.62181],[-35.32587,-6.60304],[-35.33004,-6.58897],[-35.34307,-6.59105],[-35.34828,-6.59835],[-35.35558,-6.59627],[-35.37331,-6.60148],[-35.3853,-6.58897],[-35.38947,-6.57593],[-35.39833,-6.57281],[-35.37591,-6.53006]]]},"properties":{"CD_MUN":"2507309","NM_MUN":"Jacaraú","SIGLA_UF":"PB"}},{"type":"Feature","geometry":{"type":"Polygon","coordinates":[[[-36.53581,-6.84281],[-36.53321,-6.83708],[-36.5207,-6.83916],[-36.51444,-6.84698],[-36.50558,-6.84855],[-36.48733,-6.83812],[-36.47378,-6.85063],[-36.43468,-6.84438],[-36.4253,-6.84855],[-36.4253,-6.84282],[-36.40653,-6.85481],[-36.4034,-6.84647],[-36.39923,-6.85064],[-36.39246,-6.84595],[-36.38933,-6.87045],[-36.37004,-6.90329],[-36.3591,-6.91424],[-36.3346,-6.92623],[-36.32782,-6.9377],[-36.40497,-6.99139],[-36.43052,-6.99817],[-36.44251,-6.99243],[-36.46075,-6.99973],[-36.47483,-6.94916],[-36.53581,-6.84281]]]},"properties":{"CD_MUN":"2515401","NM_MUN":"São Vicente do Seridó","SIGLA_UF":"PB"}},{"type":"Feature","geometry":{"type":"Polygon","coordinates":[[[-35.72104,-7.31983],[-35.66839,-7.3068],[-35.64754,-7.31514],[-35.63764,-7.33808],[-35.62512,-7.34851],[-35.60949,-7.35216],[-35.57925,-7.33912],[-35.52556,-7.39126],[-35.54276,-7.40325],[-35.58707,-7.40116],[-35.6366,-7.42149],[-35.64963,-7.434],[-35.66735,-7.43035],[-35.67882,-7.43765],[-35.68768,-7.43139],[-35.69602,-7.43765],[-35.70593,-7.43556],[-35.74607,-7.44547],[-35.69394,-7.37926],[-35.71948,-7.36101],[-35.72104,-7.31983]]]},"properties":{"CD_MUN":"2507200","NM_MUN":"Itatuba","SIGLA_UF":"PB"}},{"type":"Feature","geometry":{"type":"Polygon","coordinates":[[[-35.25759,-6.95649],[-35.23361,-6.95441],[-35.2065,-6.94242],[-35.18357,-6.95597],[-35.15437,-6.94138],[-35.13456,-6.94294],[-35.14499,-6.97474],[-35.1132,-7.07692],[-35.14343,-7.13426],[-35.14291,-7.14208],[-35.18775,-7.17909],[-35.20078,-7.18743],[-35.22424,-7.19317],[-35.23519,-7.20776],[-35.23727,-7.21245],[-35.26803,-7.21558],[-35.27533,-7.21193],[-35.28106,-7.21767],[-35.28575,-7.21454],[-35.29722,-7.21767],[-35.31807,-7.21402],[-35.33267,-7.19786],[-35.34049,-7.1916],[-35.32641,-7.17805],[-35.34987,-7.16866],[-35.34726,-7.15667],[-35.34205,-7.16032],[-35.33475,-7.15407],[-35.31546,-7.15459],[-35.30243,-7.14051],[-35.29044,-7.14051],[-35.27219,-7.10298],[-35.25447,-7.08265],[-35.27428,-7.06127],[-35.25499,-7.02687],[-35.25134,-6.99038],[-35.25759,-6.95649]]]},"properties":{"CD_MUN":"2515302","NM_MUN":"Sapé","SIGLA_UF":"PB"}},{"type":"Feature","geometry":{"type":"Polygon","coordinates":[[[-35.29929,-6.85171],[-35.3045,-6.8319],[-35.32431,-6.82616],[-35.32327,-6.79124],[-35.33161,-6.7928],[-35.33422,-6.78029],[-35.34985,-6.77455],[-35.28782,-6.75266],[-35.27374,-6.76048],[-35.24194,-6.7511],[-35.22943,-6.761],[-35.22526,-6.77664],[-35.21275,-6.78238],[-35.20285,-6.80271],[-35.19399,-6.81053],[-35.19555,-6.8147],[-35.16636,-6.83816],[-35.16532,-6.85223],[-35.17783,-6.84702],[-35.19243,-6.85536],[-35.20077,-6.85067],[-35.20546,-6.85692],[-35.21641,-6.85849],[-35.21745,-6.86579],[-35.23778,-6.87152],[-35.24039,-6.86318],[-35.25394,-6.85953],[-35.26593,-6.84702],[-35.27271,-6.84597],[-35.28105,-6.85536],[-35.29929,-6.85171]]]},"properties":{"CD_MUN":"2507101","NM_MUN":"Itapororoca","SIGLA_UF":"PB"}},{"type":"Feature","geometry":{"type":"Polygon","coordinates":[[[-36.90958,-6.75522],[-36.86683,-6.74063],[-36.83503,-6.7302],[-36.82357,-6.73177],[-36.81158,-6.76096],[-36.79542,-6.75575],[-36.77144,-6.76461],[-36.77405,-6.79954],[-36.7657,-6.81414],[-36.75111,-6.82091],[-36.73078,-6.80371],[-36.73026,-6.83916],[-36.73912,-6.85011],[-36.76362,-6.88034],[-36.76362,-6.89181],[-36.75685,-6.89859],[-36.76571,-6.92048],[-36.77144,-6.92309],[-36.7777,-6.90693],[-36.79646,-6.88608],[-36.81888,-6.87461],[-36.83348,-6.88399],[-36.84286,-6.8574],[-36.84755,-6.85375],[-36.86475,-6.85688],[-36.86788,-6.8501],[-36.85954,-6.8329],[-36.89551,-6.81205],[-36.89759,-6.79745],[-36.90854,-6.77712],[-36.90958,-6.75522]]]},"properties":{"CD_MUN":"2514701","NM_MUN":"São José do Sabugi","SIGLA_UF":"PB"}},{"type":"Feature","geometry":{"type":"Polygon","coordinates":[[[-36.65885,-7.15612],[-36.52175,-7.18531],[-36.52123,-7.17541],[-36.50351,-7.17124],[-36.47223,-7.17437],[-36.45711,-7.18479],[-36.43157,-7.1874],[-36.41854,-7.19261],[-36.39977,-7.22233],[-36.34816,-7.24631],[-36.34295,-7.2729],[-36.32679,-7.30366],[-36.35338,-7.29636],[-36.38518,-7.30209],[-36.42063,-7.30157],[-36.44096,-7.31043],[-36.44513,-7.30574],[-36.45086,-7.30834],[-36.47484,-7.30261],[-36.48683,-7.30626],[-36.48579,-7.3219],[-36.49152,-7.33232],[-36.52072,-7.33858],[-36.55825,-7.3318],[-36.60048,-7.35317],[-36.62185,-7.33753],[-36.62602,-7.34431],[-36.64009,-7.34222],[-36.65313,-7.32189],[-36.64478,-7.29687],[-36.65052,-7.28279],[-36.66199,-7.27654],[-36.65469,-7.26455],[-36.66094,-7.26455],[-36.66251,-7.25934],[-36.65677,-7.25829],[-36.65729,-7.25204],[-36.6599,-7.24787],[-36.66824,-7.25152],[-36.68023,-7.24109],[-36.66824,-7.20981],[-36.67971,-7.1827],[-36.65885,-7.18062],[-36.65885,-7.15612]]]},"properties":{"CD_MUN":"2506509","NM_MUN":"Gurjão","SIGLA_UF":"PB"}},{"type":"Feature","geometry":{"type":"Polygon","coordinates":[[[-37.33863,-7.1415],[-37.32924,-7.12691],[-37.32872,-7.117],[-37.3136,-7.09667],[-37.31412,-7.08729],[-37.32142,-7.0826],[-37.25782,-7.08677],[-37.24323,-7.1144],[-37.23958,-7.18894],[-37.3574,-7.20302],[-37.3454,-7.1806],[-37.33602,-7.1733],[-37.33394,-7.16496],[-37.3428,-7.15923],[-37.33863,-7.1415]]]},"properties":{"CD_MUN":"2514602","NM_MUN":"São José do Bonfim","SIGLA_UF":"PB"}},{"type":"Feature","geometry":{"type":"Polygon","coordinates":[[[-35.48645,-7.08004],[-35.40252,-7.0571],[-35.3973,-7.04563],[-35.38323,-7.04146],[-35.39105,-7.07691],[-35.36707,-7.10558],[-35.35717,-7.10506],[-35.34987,-7.11601],[-35.35612,-7.1207],[-35.35352,-7.17283],[-35.36499,-7.18586],[-35.36499,-7.19994],[-35.37854,-7.21558],[-35.37437,-7.24008],[-35.39888,-7.24008],[-35.40513,-7.24425],[-35.43537,-7.2406],[-35.45257,-7.25311],[-35.4557,-7.25624],[-35.48072,-7.23903],[-35.4802,-7.22235],[-35.47394,-7.21193],[-35.4656,-7.21141],[-35.46508,-7.19212],[-35.4583,-7.17856],[-35.48019,-7.14259],[-35.47394,-7.13842],[-35.48228,-7.11288],[-35.47654,-7.10506],[-35.48645,-7.08004]]]},"properties":{"CD_MUN":"2506400","NM_MUN":"Gurinhém","SIGLA_UF":"PB"}},{"type":"Feature","geometry":{"type":"Polygon","coordinates":[[[-38.39738,-6.98613],[-38.36558,-6.98821],[-38.36141,-6.99134],[-38.36141,-7.00072],[-38.3708,-7.06745],[-38.36298,-7.07318],[-38.34838,-7.081],[-38.3489,-7.08778],[-38.33274,-7.09404],[-38.33066,-7.10238],[-38.30668,-7.13001],[-38.28478,-7.12845],[-38.29625,-7.15555],[-38.31189,-7.15555],[-38.31658,-7.16389],[-38.32857,-7.16702],[-38.33587,-7.17432],[-38.39322,-7.17901],[-38.40104,-7.19673],[-38.41146,-7.191],[-38.44118,-7.19778],[-38.46046,-7.18474],[-38.47558,-7.18214],[-38.49695,-7.18318],[-38.49696,-7.20299],[-38.51676,-7.19882],[-38.52198,-7.19569],[-38.51937,-7.18943],[-38.53814,-7.15503],[-38.56889,-7.18422],[-38.61842,-7.18265],[-38.63927,-7.18839],[-38.64344,-7.18317],[-38.65595,-7.18265],[-38.68671,-7.18995],[-38.67576,-7.16962],[-38.6841,-7.16232],[-38.6742,-7.15554],[-38.6768,-7.13156],[-38.66116,-7.11071],[-38.65543,-7.09247],[-38.67628,-7.06692],[-38.67419,-7.05962],[-38.68253,-7.0492],[-38.6794,-7.04398],[-38.67054,-7.04711],[-38.66429,-7.03669],[-38.63822,-7.04711],[-38.59756,-7.05754],[-38.59339,-7.04242],[-38.56628,-7.02626],[-38.54126,-7.02835],[-38.51259,-6.99759],[-38.49643,-6.99134],[-38.48809,-6.99342],[-38.45368,-6.98404],[-38.39738,-6.98613]]]},"properties":{"CD_MUN":"2514503","NM_MUN":"São José de Piranhas","SIGLA_UF":"PB"}},{"type":"Feature","geometry":{"type":"Polygon","coordinates":[[[-35.23519,-7.20776],[-35.22424,-7.19317],[-35.20078,-7.18743],[-35.18775,-7.17909],[-35.1867,-7.18431],[-35.17889,-7.18378],[-35.18201,-7.1916],[-35.17628,-7.20203],[-35.1106,-7.23175],[-35.19922,-7.2479],[-35.20704,-7.26511],[-35.22737,-7.2625],[-35.24144,-7.23904],[-35.23154,-7.21715],[-35.23519,-7.20776]]]},"properties":{"CD_MUN":"2515005","NM_MUN":"São Miguel de Taipu","SIGLA_UF":"PB"}},{"type":"Feature","geometry":{"type":"Polygon","coordinates":[[[-35.60218,-7.15927],[-35.58706,-7.16188],[-35.58185,-7.17752],[-35.57664,-7.18117],[-35.55005,-7.18794],[-35.53754,-7.20515],[-35.51929,-7.20828],[-35.52451,-7.21714],[-35.52503,-7.23538],[-35.53494,-7.24633],[-35.54119,-7.26875],[-35.59645,-7.31879],[-35.57925,-7.33912],[-35.60949,-7.35216],[-35.62512,-7.34851],[-35.63764,-7.33808],[-35.64754,-7.31514],[-35.66839,-7.3068],[-35.72104,-7.31983],[-35.72365,-7.27448],[-35.71426,-7.26249],[-35.69602,-7.26301],[-35.68351,-7.25728],[-35.68872,-7.24059],[-35.67881,-7.24059],[-35.60218,-7.15927]]]},"properties":{"CD_MUN":"2506806","NM_MUN":"Ingá","SIGLA_UF":"PB"}},{"type":"Feature","geometry":{"type":"Polygon","coordinates":[[[-37.24582,-6.81621],[-37.22393,-6.83185],[-37.20412,-6.83133],[-37.18692,-6.82455],[-37.17075,-6.80057],[-37.15564,-6.79953],[-37.14469,-6.78337],[-37.13843,-6.78285],[-37.13687,-6.78858],[-37.10924,-6.80005],[-37.1009,-6.81413],[-37.07796,-6.79953],[-37.08161,-6.81204],[-37.06962,-6.83394],[-37.05503,-6.84176],[-37.04304,-6.83602],[-37.03782,-6.83915],[-37.02062,-6.8574],[-37.02167,-6.87356],[-37.00603,-6.87512],[-37.01072,-6.88763],[-37.00238,-6.90379],[-36.98726,-6.90015],[-36.98778,-6.91631],[-36.97736,-6.91787],[-36.96433,-6.94029],[-36.96902,-6.9554],[-36.94712,-6.95853],[-36.94347,-6.96427],[-36.944,-6.97886],[-36.93409,-6.9919],[-36.93774,-7.00076],[-36.94556,-7.00389],[-36.94348,-7.01379],[-36.9513,-7.02943],[-36.94087,-7.03673],[-36.93566,-7.04716],[-36.96746,-7.05185],[-36.99248,-7.06175],[-37.00343,-7.05237],[-37.01229,-7.05393],[-37.02845,-7.04507],[-37.06338,-7.03725],[-37.05608,-7.02474],[-37.07954,-7.0091],[-37.08423,-7.00962],[-37.09465,-7.02474],[-37.10664,-7.02891],[-37.16086,-7.02995],[-37.17128,-7.02161],[-37.19943,-7.01691],[-37.20621,-7.00388],[-37.17337,-6.98459],[-37.17233,-6.97886],[-37.18014,-6.96478],[-37.17337,-6.94549],[-37.19161,-6.93507],[-37.17701,-6.92099],[-37.18692,-6.92151],[-37.1937,-6.91422],[-37.19109,-6.9017],[-37.19526,-6.90066],[-37.21611,-6.89649],[-37.23071,-6.88763],[-37.23175,-6.8772],[-37.24895,-6.84957],[-37.25312,-6.82924],[-37.24582,-6.81621]]]},"properties":{"CD_MUN":"2514909","NM_MUN":"São Mamede","SIGLA_UF":"PB"}},{"type":"Feature","geometry":{"type":"Polygon","coordinates":[[[-37.68843,-7.31561],[-37.65402,-7.30988],[-37.6144,-7.3203],[-37.58781,-7.31144],[-37.56957,-7.31926],[-37.56331,-7.32552],[-37.54767,-7.31926],[-37.53047,-7.32031],[-37.51379,-7.3323],[-37.49972,-7.32604],[-37.43612,-7.32448],[-37.41735,-7.30258],[-37.40275,-7.30467],[-37.38086,-7.35419],[-37.40171,-7.36201],[-37.40745,-7.35836],[-37.41735,-7.36253],[-37.42309,-7.35367],[-37.43091,-7.35836],[-37.44602,-7.3641],[-37.47365,-7.35784],[-37.49503,-7.36462],[-37.49503,-7.38078],[-37.48616,-7.39485],[-37.49346,-7.39902],[-37.49451,-7.40684],[-37.50702,-7.423],[-37.51588,-7.41831],[-37.51692,-7.42457],[-37.62327,-7.37869],[-37.66028,-7.37295],[-37.68738,-7.34741],[-37.68895,-7.33907],[-37.68009,-7.3349],[-37.67956,-7.32916],[-37.68843,-7.31561]]]},"properties":{"CD_MUN":"2506707","NM_MUN":"Imaculada","SIGLA_UF":"PB"}},{"type":"Feature","geometry":{"type":"Polygon","coordinates":[[[-36.75738,-7.30104],[-36.74748,-7.30052],[-36.71464,-7.31407],[-36.68023,-7.24109],[-36.66824,-7.25152],[-36.6599,-7.24787],[-36.65729,-7.25204],[-36.65677,-7.25829],[-36.66251,-7.25934],[-36.66094,-7.26455],[-36.65469,-7.26455],[-36.66199,-7.27654],[-36.65052,-7.28279],[-36.64478,-7.29687],[-36.65313,-7.32189],[-36.64009,-7.34222],[-36.62602,-7.34431],[-36.62185,-7.33753],[-36.60048,-7.35317],[-36.61768,-7.38028],[-36.58171,-7.43033],[-36.59683,-7.43189],[-36.62602,-7.41886],[-36.6646,-7.38653],[-36.66564,-7.37611],[-36.67815,-7.38706],[-36.69744,-7.38966],[-36.72611,-7.40686],[-36.76625,-7.48454],[-36.77303,-7.48975],[-36.79284,-7.48819],[-36.82099,-7.50591],[-36.82673,-7.51842],[-36.83246,-7.50799],[-36.85488,-7.49861],[-36.88303,-7.49288],[-36.91483,-7.50695],[-36.9362,-7.50539],[-36.94923,-7.50069],[-36.95966,-7.48505],[-36.98311,-7.48193],[-36.98468,-7.47567],[-36.99458,-7.47254],[-36.99615,-7.45951],[-37.00397,-7.4543],[-36.98728,-7.43709],[-36.97946,-7.40634],[-36.94975,-7.39591],[-36.95131,-7.38913],[-36.93776,-7.38392],[-36.94245,-7.37558],[-36.93359,-7.37402],[-36.88771,-7.39018],[-36.81786,-7.36828],[-36.75738,-7.30104]]]},"properties":{"CD_MUN":"2514800","NM_MUN":"São José dos Cordeiros","SIGLA_UF":"PB"}},{"type":"Feature","geometry":{"type":"Polygon","coordinates":[[[-38.40052,-7.42402],[-38.39792,-7.42663],[-38.37707,-7.41881],[-38.37498,-7.42507],[-38.36299,-7.41881],[-38.36195,-7.42402],[-38.35569,-7.42194],[-38.30617,-7.48867],[-38.29887,-7.4918],[-38.2848,-7.5163],[-38.26864,-7.52255],[-38.38906,-7.54601],[-38.38489,-7.56426],[-38.4365,-7.56478],[-38.43441,-7.55279],[-38.47716,-7.51681],[-38.48393,-7.43601],[-38.44066,-7.42924],[-38.42763,-7.4235],[-38.40052,-7.42402]]]},"properties":{"CD_MUN":"2506608","NM_MUN":"Ibiara","SIGLA_UF":"PB"}},{"type":"Feature","geometry":{"type":"Polygon","coordinates":[[[-38.22639,-6.86779],[-38.16748,-6.88865],[-38.16383,-6.89438],[-38.12526,-6.90012],[-38.1117,-6.89021],[-38.08095,-6.88187],[-38.06426,-6.89803],[-38.04185,-6.89491],[-38.02465,-6.88083],[-38.00692,-6.88083],[-37.99232,-6.8678],[-37.98972,-6.85998],[-37.9819,-6.89751],[-37.96626,-6.92358],[-37.97565,-6.93192],[-38.00536,-6.94235],[-38.02465,-6.94078],[-38.03977,-6.94704],[-38.05801,-6.96789],[-38.05541,-6.99656],[-38.08825,-7.00855],[-38.08929,-7.01481],[-38.13152,-7.00803],[-38.20346,-7.01063],[-38.25663,-6.99343],[-38.25767,-6.97935],[-38.22639,-6.86779]]]},"properties":{"CD_MUN":"2514206","NM_MUN":"São José da Lagoa Tapada","SIGLA_UF":"PB"}},{"type":"Feature","geometry":{"type":"Polygon","coordinates":[[[-35.96813,-7.00808],[-35.97907,-7.00965],[-35.99992,-6.99661],[-36.00305,-6.97941],[-35.99106,-6.97107],[-35.95405,-6.91425],[-35.93372,-6.9033],[-35.92902,-6.88818],[-35.93267,-6.87828],[-35.90921,-6.86994],[-35.88992,-6.87254],[-35.84718,-6.90591],[-35.82216,-6.91582],[-35.81382,-6.92468],[-35.83206,-6.93302],[-35.8378,-6.94188],[-35.83623,-6.95596],[-35.8477,-6.97524],[-35.80652,-6.97003],[-35.79245,-6.99818],[-35.77577,-7.00965],[-35.80339,-7.01747],[-35.83832,-7.03102],[-35.85657,-7.03207],[-35.87064,-7.06647],[-35.87429,-7.09462],[-35.8842,-7.09723],[-35.88524,-7.07533],[-35.87898,-7.04093],[-35.88003,-7.01121],[-35.89254,-6.97316],[-35.93633,-6.99766],[-35.96813,-7.00808]]]},"properties":{"CD_MUN":"2506004","NM_MUN":"Esperança","SIGLA_UF":"PB"}},{"type":"Feature","geometry":{"type":"Polygon","coordinates":[[[-36.87888,-8.01783],[-36.86689,-8.01106],[-36.81632,-7.95841],[-36.81006,-7.98864],[-36.81684,-8.00428],[-36.81267,-8.00949],[-36.81632,-8.02618],[-36.80902,-8.04077],[-36.78765,-8.04025],[-36.78192,-8.03295],[-36.7595,-8.03556],[-36.73761,-8.02461],[-36.72666,-8.00741],[-36.69746,-8.00376],[-36.67348,-7.98812],[-36.66358,-7.97509],[-36.64898,-7.96675],[-36.63543,-7.94538],[-36.6104,-7.94798],[-36.62605,-7.98812],[-36.62918,-8.05798],[-36.65889,-8.0757],[-36.65785,-8.08144],[-36.64742,-8.08248],[-36.64377,-8.09395],[-36.62814,-8.10073],[-36.62709,-8.10698],[-36.64273,-8.12158],[-36.6688,-8.12627],[-36.68131,-8.13513],[-36.69069,-8.13253],[-36.69591,-8.13826],[-36.68757,-8.15546],[-36.70268,-8.15807],[-36.72197,-8.15077],[-36.72458,-8.1565],[-36.71467,-8.16745],[-36.72301,-8.17214],[-36.74908,-8.17579],[-36.75273,-8.19143],[-36.76211,-8.19821],[-36.78766,-8.19039],[-36.8033,-8.19456],[-36.81476,-8.20707],[-36.82311,-8.20498],[-36.82623,-8.2102],[-36.85751,-8.22062],[-36.87836,-8.23522],[-36.89974,-8.24304],[-36.91329,-8.26233],[-36.92424,-8.27171],[-36.94457,-8.27588],[-36.95239,-8.29882],[-36.97533,-8.29777],[-36.99149,-8.30351],[-36.99618,-8.29829],[-36.99462,-8.29152],[-36.97064,-8.2764],[-36.97011,-8.26597],[-36.95812,-8.25033],[-36.9649,-8.21228],[-36.96125,-8.21228],[-36.95604,-8.19925],[-36.96333,-8.19299],[-36.96333,-8.18048],[-36.93987,-8.16223],[-36.93466,-8.132],[-36.91276,-8.09707],[-36.8966,-8.08821],[-36.89712,-8.07101],[-36.89087,-8.05172],[-36.87731,-8.04338],[-36.87471,-8.02774],[-36.87888,-8.01783]]]},"properties":{"CD_MUN":"2514107","NM_MUN":"São João do Tigre","SIGLA_UF":"PB"}},{"type":"Feature","geometry":{"type":"Polygon","coordinates":[[[-37.80727,-7.01846],[-37.74523,-7.02472],[-37.69415,-7.01951],[-37.66079,-7.07946],[-37.63629,-7.14879],[-37.66652,-7.15401],[-37.70354,-7.17486],[-37.74003,-7.17433],[-37.75567,-7.14097],[-37.776,-7.14253],[-37.78955,-7.12272],[-37.79789,-7.13054],[-37.8031,-7.12533],[-37.80727,-7.01846]]]},"properties":{"CD_MUN":"2505907","NM_MUN":"Emas","SIGLA_UF":"PB"}},{"type":"Feature","geometry":{"type":"Polygon","coordinates":[[[-36.60048,-7.35317],[-36.55825,-7.3318],[-36.52072,-7.33858],[-36.49152,-7.33232],[-36.48579,-7.3219],[-36.48683,-7.30626],[-36.47484,-7.30261],[-36.45086,-7.30834],[-36.44513,-7.30574],[-36.44096,-7.31043],[-36.42063,-7.30157],[-36.38518,-7.30209],[-36.35338,-7.29636],[-36.32679,-7.30366],[-36.37058,-7.36882],[-36.37632,-7.37559],[-36.37788,-7.40062],[-36.43367,-7.49966],[-36.49466,-7.65814],[-36.43993,-7.68212],[-36.3951,-7.80724],[-36.39979,-7.81297],[-36.42117,-7.81297],[-36.42742,-7.81818],[-36.43212,-7.83226],[-36.42795,-7.86719],[-36.43942,-7.87813],[-36.4316,-7.8797],[-36.42899,-7.88647],[-36.4389,-7.90316],[-36.44463,-7.90785],[-36.44307,-7.91515],[-36.46861,-7.91671],[-36.47591,-7.92609],[-36.4879,-7.91515],[-36.49989,-7.91984],[-36.53534,-7.90107],[-36.53429,-7.85624],[-36.55566,-7.82809],[-36.55566,-7.80567],[-36.56869,-7.79472],[-36.56557,-7.78951],[-36.57391,-7.77595],[-36.57078,-7.77074],[-36.57703,-7.76396],[-36.59007,-7.76709],[-36.60988,-7.75875],[-36.62239,-7.7306],[-36.61613,-7.70453],[-36.57755,-7.71809],[-36.54627,-7.67169],[-36.58798,-7.63572],[-36.60205,-7.5888],[-36.57755,-7.58933],[-36.57337,-7.44023],[-36.58171,-7.43033],[-36.61768,-7.38028],[-36.60048,-7.35317]]]},"properties":{"CD_MUN":"2514008","NM_MUN":"São João do Cariri","SIGLA_UF":"PB"}},{"type":"Feature","geometry":{"type":"Polygon","coordinates":[[[-35.41501,-6.68228],[-35.41136,-6.6974],[-35.39833,-6.71043],[-35.3681,-6.72451],[-35.34881,-6.74953],[-35.37018,-6.75579],[-35.40303,-6.76569],[-35.41032,-6.76517],[-35.41606,-6.75787],[-35.44108,-6.75213],[-35.43847,-6.71356],[-35.42805,-6.70522],[-35.42075,-6.68541],[-35.41501,-6.68228]]]},"properties":{"CD_MUN":"2505808","NM_MUN":"Duas Estradas","SIGLA_UF":"PB"}},{"type":"Feature","geometry":{"type":"Polygon","coordinates":[[[-35.49895,-6.83241],[-35.47862,-6.83346],[-35.46037,-6.80896],[-35.45359,-6.81365],[-35.43743,-6.80791],[-35.42909,-6.81469],[-35.42023,-6.81313],[-35.41763,-6.83346],[-35.40407,-6.83346],[-35.40355,-6.84597],[-35.39104,-6.84701],[-35.38739,-6.85692],[-35.39261,-6.9299],[-35.4218,-6.93251],[-35.42701,-6.94293],[-35.44422,-6.9471],[-35.45152,-6.96118],[-35.45829,-6.96326],[-35.45621,-6.95805],[-35.46246,-6.9544],[-35.47028,-6.9372],[-35.47237,-6.91843],[-35.48123,-6.91843],[-35.49009,-6.89393],[-35.49791,-6.88819],[-35.49478,-6.85222],[-35.51302,-6.83763],[-35.49895,-6.83241]]]},"properties":{"CD_MUN":"2506301","NM_MUN":"Guarabira","SIGLA_UF":"PB"}},{"type":"Feature","geometry":{"type":"Polygon","coordinates":[[[-37.47467,-6.6963],[-37.41732,-6.69005],[-37.3996,-6.68379],[-37.3923,-6.68796],[-37.38552,-6.68275],[-37.35998,-6.69995],[-37.34486,-6.70308],[-37.30681,-6.6937],[-37.30577,-6.70673],[-37.28491,-6.7156],[-37.2625,-6.73384],[-37.26771,-6.74896],[-37.27345,-6.76825],[-37.25885,-6.77815],[-37.25416,-6.81047],[-37.24582,-6.81621],[-37.25312,-6.82924],[-37.24895,-6.84957],[-37.23175,-6.8772],[-37.23071,-6.88763],[-37.21611,-6.89649],[-37.19526,-6.90066],[-37.22341,-6.90848],[-37.3016,-6.9163],[-37.34175,-6.92777],[-37.37772,-6.93194],[-37.41056,-6.93141],[-37.44131,-6.91577],[-37.4825,-6.91473],[-37.49918,-6.89805],[-37.51273,-6.89961],[-37.51117,-6.89388],[-37.52889,-6.87146],[-37.52628,-6.85634],[-37.51481,-6.84227],[-37.52524,-6.82923],[-37.52576,-6.82089],[-37.50543,-6.81047],[-37.50543,-6.78075],[-37.51064,-6.78127],[-37.52107,-6.77033],[-37.53827,-6.7771],[-37.544,-6.77398],[-37.54609,-6.76094],[-37.53879,-6.74165],[-37.5367,-6.70464],[-37.49552,-6.70881],[-37.47467,-6.6963]]]},"properties":{"CD_MUN":"2514404","NM_MUN":"São José de Espinharas","SIGLA_UF":"PB"}},{"type":"Feature","geometry":{"type":"Polygon","coordinates":[[[-36.50504,-6.3898],[-36.49722,-6.37468],[-36.50087,-6.36165],[-36.49774,-6.35904],[-36.43101,-6.36321],[-36.39348,-6.29388],[-36.35594,-6.31473],[-36.34187,-6.30222],[-36.37158,-6.37416],[-36.37159,-6.39658],[-36.3867,-6.41013],[-36.41277,-6.40492],[-36.43258,-6.44089],[-36.43727,-6.49354],[-36.45761,-6.54567],[-36.45969,-6.54046],[-36.47741,-6.53941],[-36.48315,-6.51804],[-36.51026,-6.50918],[-36.52068,-6.50136],[-36.53528,-6.50657],[-36.53788,-6.50292],[-36.53632,-6.49145],[-36.5285,-6.48832],[-36.53058,-6.44401],[-36.5212,-6.43046],[-36.51911,-6.41638],[-36.50764,-6.40387],[-36.50504,-6.3898]]]},"properties":{"CD_MUN":"2506202","NM_MUN":"Frei Martinho","SIGLA_UF":"PB"}},{"type":"Feature","geometry":{"type":"Polygon","coordinates":[[[-38.33587,-7.17432],[-38.32857,-7.16702],[-38.31658,-7.16389],[-38.31189,-7.15555],[-38.29625,-7.15555],[-38.29052,-7.17536],[-38.28531,-7.18214],[-38.29782,-7.18996],[-38.29469,-7.19726],[-38.2973,-7.21707],[-38.27749,-7.22489],[-38.26811,-7.24001],[-38.24882,-7.24626],[-38.2509,-7.25147],[-38.24673,-7.252],[-38.25403,-7.27285],[-38.28114,-7.30673],[-38.32233,-7.33019],[-38.37394,-7.36095],[-38.3927,-7.36303],[-38.39948,-7.33384],[-38.40625,-7.32237],[-38.42189,-7.3109],[-38.42033,-7.31038],[-38.41512,-7.29995],[-38.39009,-7.30152],[-38.38384,-7.29109],[-38.38801,-7.27858],[-38.38332,-7.2645],[-38.36559,-7.24574],[-38.3635,-7.23688],[-38.35151,-7.23114],[-38.339,-7.20143],[-38.33587,-7.17432]]]},"properties":{"CD_MUN":"2514305","NM_MUN":"São José de Caiana","SIGLA_UF":"PB"}},{"type":"Feature","geometry":{"type":"Polygon","coordinates":[[[-35.84198,-7.33234],[-35.82635,-7.32713],[-35.81331,-7.33026],[-35.79924,-7.32139],[-35.77265,-7.32139],[-35.76118,-7.32869],[-35.73877,-7.31931],[-35.72782,-7.324],[-35.72104,-7.31983],[-35.71948,-7.36101],[-35.69394,-7.37926],[-35.74607,-7.44547],[-35.7565,-7.43712],[-35.76849,-7.43869],[-35.77213,-7.4293],[-35.78204,-7.4293],[-35.79559,-7.42461],[-35.79246,-7.41731],[-35.79768,-7.40585],[-35.84876,-7.38812],[-35.86336,-7.34954],[-35.84198,-7.33234]]]},"properties":{"CD_MUN":"2506103","NM_MUN":"Fagundes","SIGLA_UF":"PB"}},{"type":"Feature","geometry":{"type":"Polygon","coordinates":[[[-35.09807,-6.93981],[-35.06732,-6.93669],[-35.03604,-6.92001],[-34.99903,-6.91062],[-34.91875,-6.95389],[-34.91041,-6.95077],[-34.90676,-6.95494],[-34.90467,-6.95077],[-34.8979,-6.95859],[-34.8932,-6.95702],[-34.88747,-6.96171],[-34.88017,-6.95859],[-34.88017,-6.96588],[-34.87131,-6.96745],[-34.86818,-6.97996],[-34.86714,-7.00655],[-34.8588,-7.02688],[-34.86454,-7.05816],[-34.89112,-7.09517],[-34.91198,-7.07953],[-34.91615,-7.091],[-34.90781,-7.10247],[-34.91354,-7.10299],[-34.91093,-7.1082],[-34.92032,-7.1228],[-34.93074,-7.11967],[-34.94586,-7.13166],[-34.94795,-7.16502],[-34.95212,-7.16919],[-34.96359,-7.16815],[-34.96932,-7.17388],[-34.96724,-7.21611],[-34.93648,-7.21298],[-34.92866,-7.22602],[-34.94222,-7.24374],[-34.94795,-7.27345],[-34.95786,-7.28127],[-34.96776,-7.28232],[-34.97298,-7.27398],[-35.00008,-7.26772],[-35.05638,-7.28023],[-35.07463,-7.29535],[-35.08401,-7.29639],[-35.10695,-7.29274],[-35.11373,-7.28596],[-35.1106,-7.23175],[-35.04126,-7.14469],[-35.0423,-7.12957],[-35.04908,-7.12957],[-35.04282,-7.12123],[-35.06159,-7.08109],[-35.14499,-6.97474],[-35.13456,-6.94294],[-35.10902,-6.93721],[-35.09807,-6.93981]]]},"properties":{"CD_MUN":"2513703","NM_MUN":"Santa Rita","SIGLA_UF":"PB"}},{"type":"Feature","geometry":{"type":"Polygon","coordinates":[[[-37.63002,-6.71871],[-37.57997,-6.72549],[-37.56433,-6.72028],[-37.55912,-6.72393],[-37.55391,-6.71142],[-37.5367,-6.70464],[-37.53879,-6.74165],[-37.54609,-6.76094],[-37.544,-6.77398],[-37.53827,-6.7771],[-37.55912,-6.8063],[-37.57685,-6.82089],[-37.58831,-6.78284],[-37.59978,-6.77397],[-37.60187,-6.75156],[-37.60864,-6.73905],[-37.63002,-6.71871]]]},"properties":{"CD_MUN":"2505501","NM_MUN":"Vista Serrana","SIGLA_UF":"PB"}},{"type":"Feature","geometry":{"type":"Polygon","coordinates":[[[-38.04343,-7.28693],[-38.00433,-7.28954],[-38.0059,-7.29944],[-37.98348,-7.31665],[-37.91675,-7.32238],[-37.90737,-7.31925],[-37.87192,-7.33906],[-37.87297,-7.35627],[-37.86358,-7.37191],[-37.87505,-7.4011],[-37.85785,-7.41778],[-37.85629,-7.42612],[-37.8688,-7.44333],[-37.92614,-7.46783],[-37.93813,-7.45219],[-38.0033,-7.44228],[-38.01007,-7.4282],[-38.00173,-7.41674],[-38.02258,-7.40996],[-38.02362,-7.38911],[-38.04552,-7.36095],[-38.05386,-7.35678],[-38.05073,-7.35001],[-38.04343,-7.28693]]]},"properties":{"CD_MUN":"2513604","NM_MUN":"Santana dos Garrotes","SIGLA_UF":"PB"}},{"type":"Feature","geometry":{"type":"Polygon","coordinates":[[[-37.08319,-7.19103],[-37.03732,-7.19573],[-37.0123,-7.18999],[-37.0123,-7.20094],[-37.0295,-7.22336],[-37.0196,-7.25046],[-37.08164,-7.36202],[-37.09623,-7.35368],[-37.10092,-7.35629],[-37.12073,-7.35055],[-37.12699,-7.34378],[-37.13429,-7.34638],[-37.14419,-7.33491],[-37.16452,-7.33648],[-37.16765,-7.31979],[-37.17599,-7.30937],[-37.14627,-7.26297],[-37.1812,-7.23482],[-37.18328,-7.19155],[-37.13949,-7.20198],[-37.13011,-7.20198],[-37.0957,-7.1853],[-37.08319,-7.19103]]]},"properties":{"CD_MUN":"2505402","NM_MUN":"Desterro","SIGLA_UF":"PB"}},{"type":"Feature","geometry":{"type":"Polygon","coordinates":[[[-38.4365,-7.56478],[-38.38489,-7.56426],[-38.38906,-7.54601],[-38.26864,-7.52255],[-38.24987,-7.5309],[-38.24205,-7.54862],[-38.24623,-7.56791],[-38.25822,-7.5872],[-38.26916,-7.59032],[-38.27021,-7.59554],[-38.24727,-7.61118],[-38.22746,-7.64506],[-38.2577,-7.66852],[-38.26604,-7.66696],[-38.27647,-7.6826],[-38.27125,-7.68989],[-38.27282,-7.69511],[-38.29367,-7.71648],[-38.28324,-7.72378],[-38.27699,-7.7415],[-38.31557,-7.77017],[-38.30097,-7.74515],[-38.32026,-7.73264],[-38.34267,-7.73629],[-38.34684,-7.7316],[-38.34319,-7.72273],[-38.35362,-7.71491],[-38.3677,-7.71856],[-38.38177,-7.71491],[-38.4021,-7.72221],[-38.40888,-7.73003],[-38.43025,-7.72951],[-38.43234,-7.73941],[-38.44485,-7.74411],[-38.45371,-7.74202],[-38.45423,-7.71804],[-38.44485,-7.71126],[-38.44693,-7.69667],[-38.46361,-7.65913],[-38.4584,-7.64871],[-38.47352,-7.64506],[-38.47977,-7.63619],[-38.45944,-7.61013],[-38.45527,-7.5971],[-38.44276,-7.59658],[-38.44849,-7.58719],[-38.4365,-7.56478]]]},"properties":{"CD_MUN":"2513505","NM_MUN":"Santana de Mangueira","SIGLA_UF":"PB"}},{"type":"Feature","geometry":{"type":"Polygon","coordinates":[[[-38.26864,-7.52255],[-38.2285,-7.48711],[-38.15135,-7.46573],[-38.14405,-7.47616],[-38.1503,-7.49701],[-38.14092,-7.50431],[-38.13727,-7.52464],[-38.12215,-7.52308],[-38.10808,-7.55019],[-38.16803,-7.61222],[-38.18367,-7.60544],[-38.22746,-7.60336],[-38.23632,-7.60857],[-38.25353,-7.5971],[-38.27021,-7.59554],[-38.26916,-7.59032],[-38.25822,-7.5872],[-38.24623,-7.56791],[-38.24205,-7.54862],[-38.24987,-7.5309],[-38.26864,-7.52255]]]},"properties":{"CD_MUN":"2505303","NM_MUN":"Curral Velho","SIGLA_UF":"PB"}},{"type":"Feature","geometry":{"type":"Polygon","coordinates":[[[-37.58309,-6.42261],[-37.56171,-6.41167],[-37.54868,-6.41584],[-37.52366,-6.40697],[-37.51115,-6.41219],[-37.47726,-6.40437],[-37.46684,-6.39707],[-37.45432,-6.39916],[-37.43921,-6.38977],[-37.42774,-6.39499],[-37.42982,-6.40333],[-37.42617,-6.40698],[-37.41366,-6.40176],[-37.40219,-6.40229],[-37.40532,-6.40698],[-37.3975,-6.42053],[-37.40011,-6.42627],[-37.39646,-6.44608],[-37.39073,-6.46589],[-37.39594,-6.48622],[-37.38917,-6.50029],[-37.38969,-6.5175],[-37.39334,-6.52844],[-37.40533,-6.54095],[-37.40741,-6.55138],[-37.41575,-6.54721],[-37.4194,-6.53678],[-37.42722,-6.54408],[-37.43556,-6.53991],[-37.44443,-6.54304],[-37.47675,-6.53939],[-37.48821,-6.52166],[-37.48665,-6.50759],[-37.49343,-6.52271],[-37.50177,-6.52375],[-37.50594,-6.50811],[-37.51376,-6.51749],[-37.53982,-6.50342],[-37.55285,-6.47631],[-37.58986,-6.43721],[-37.59038,-6.42939],[-37.58309,-6.42261]]]},"properties":{"CD_MUN":"2513901","NM_MUN":"São Bento","SIGLA_UF":"PB"}},{"type":"Feature","geometry":{"type":"Polygon","coordinates":[[[-35.62822,-6.56081],[-35.61362,-6.56498],[-35.60685,-6.58062],[-35.58652,-6.59],[-35.57296,-6.60304],[-35.58704,-6.60408],[-35.60216,-6.6119],[-35.64334,-6.65256],[-35.66054,-6.64839],[-35.68348,-6.63536],[-35.69443,-6.64317],[-35.70694,-6.62128],[-35.69078,-6.61659],[-35.66158,-6.61815],[-35.64386,-6.60929],[-35.63708,-6.59365],[-35.63708,-6.57749],[-35.62822,-6.56081]]]},"properties":{"CD_MUN":"2505709","NM_MUN":"Dona Inês","SIGLA_UF":"PB"}},{"type":"Feature","geometry":{"type":"Polygon","coordinates":[[[-37.52003,-7.00179],[-37.37251,-7.00961],[-37.36104,-7.02629],[-37.36573,-7.04297],[-37.35322,-7.08781],[-37.41109,-7.16496],[-37.41526,-7.1561],[-37.43298,-7.15662],[-37.4408,-7.16652],[-37.45436,-7.16444],[-37.51431,-7.17486],[-37.5263,-7.18477],[-37.54663,-7.18841],[-37.5435,-7.17278],[-37.53099,-7.16287],[-37.53672,-7.15036],[-37.5216,-7.13159],[-37.51847,-7.11335],[-37.50805,-7.11126],[-37.51899,-7.09771],[-37.51065,-7.07112],[-37.53567,-7.04662],[-37.52003,-7.00179]]]},"properties":{"CD_MUN":"2513802","NM_MUN":"Santa Teresinha","SIGLA_UF":"PB"}},{"type":"Feature","geometry":{"type":"Polygon","coordinates":[[[-38.3927,-7.36303],[-38.37394,-7.36095],[-38.32233,-7.33019],[-38.30043,-7.32654],[-38.30617,-7.34322],[-38.29678,-7.3573],[-38.28479,-7.35938],[-38.29157,-7.37085],[-38.28219,-7.38754],[-38.26082,-7.38962],[-38.25143,-7.38597],[-38.24622,-7.38806],[-38.24361,-7.41204],[-38.23632,-7.4209],[-38.24518,-7.44801],[-38.23997,-7.45687],[-38.22016,-7.46938],[-38.22954,-7.47303],[-38.2285,-7.48711],[-38.26864,-7.52255],[-38.2848,-7.5163],[-38.29887,-7.4918],[-38.30617,-7.48867],[-38.35569,-7.42194],[-38.36195,-7.42402],[-38.36299,-7.41881],[-38.37498,-7.42507],[-38.37707,-7.41881],[-38.39792,-7.42663],[-38.40052,-7.42402],[-38.39896,-7.41203],[-38.38384,-7.38805],[-38.39218,-7.38128],[-38.3927,-7.36303]]]},"properties":{"CD_MUN":"2505600","NM_MUN":"Diamante","SIGLA_UF":"PB"}},{"type":"Feature","geometry":{"type":"Polygon","coordinates":[[[-38.08301,-6.48568],[-38.0705,-6.46066],[-38.05382,-6.45284],[-38.04913,-6.44085],[-38.04339,-6.44241],[-38.04183,-6.45284],[-38.03662,-6.45596],[-38.04027,-6.47265],[-38.02619,-6.47369],[-37.98814,-6.50132],[-38.00639,-6.52478],[-38.00378,-6.53781],[-37.99596,-6.54146],[-37.95738,-6.53521],[-37.9407,-6.54563],[-37.94227,-6.56231],[-37.92611,-6.58212],[-37.93341,-6.59672],[-37.92976,-6.61132],[-37.93966,-6.61862],[-37.95374,-6.62018],[-37.95582,-6.61027],[-37.97667,-6.60193],[-38.00118,-6.59828],[-38.01056,-6.61444],[-38.03715,-6.60714],[-38.05695,-6.59463],[-38.07781,-6.59202],[-38.0924,-6.59515],[-38.11326,-6.61548],[-38.12107,-6.6134],[-38.1315,-6.62174],[-38.15079,-6.61861],[-38.15444,-6.61235],[-38.16747,-6.60141],[-38.16486,-6.58368],[-38.15756,-6.56804],[-38.14349,-6.56335],[-38.14401,-6.54458],[-38.12316,-6.52686],[-38.09031,-6.50549],[-38.0924,-6.4961],[-38.08301,-6.48568]]]},"properties":{"CD_MUN":"2513208","NM_MUN":"Santa Cruz","SIGLA_UF":"PB"}},{"type":"Feature","geometry":{"type":"Polygon","coordinates":[[[-36.39246,-6.84595],[-36.38307,-6.83813],[-36.38151,-6.82978],[-36.35231,-6.81102],[-36.34293,-6.80007],[-36.31895,-6.78912],[-36.28194,-6.80894],[-36.26317,-6.80998],[-36.25796,-6.86159],[-36.27308,-6.88348],[-36.28611,-6.89182],[-36.28768,-6.91007],[-36.30019,-6.9158],[-36.29967,-6.93144],[-36.3054,-6.93613],[-36.32678,-6.9377],[-36.32782,-6.9377],[-36.3346,-6.92623],[-36.3591,-6.91424],[-36.37004,-6.90329],[-36.38933,-6.87045],[-36.39246,-6.84595]]]},"properties":{"CD_MUN":"2505006","NM_MUN":"Cubati","SIGLA_UF":"PB"}},{"type":"Feature","geometry":{"type":"Polygon","coordinates":[[[-35.52556,-7.39126],[-35.52087,-7.385],[-35.50836,-7.3923],[-35.49167,-7.36832],[-35.44371,-7.35424],[-35.45622,-7.32922],[-35.43902,-7.3188],[-35.42964,-7.31827],[-35.40097,-7.33548],[-35.40931,-7.34017],[-35.414,-7.35685],[-35.40618,-7.36884],[-35.4067,-7.385],[-35.39575,-7.39074],[-35.40201,-7.40273],[-35.38064,-7.41368],[-35.38377,-7.42202],[-35.3796,-7.4486],[-35.40723,-7.46111],[-35.41192,-7.4705],[-35.42026,-7.47519],[-35.4359,-7.46737],[-35.44059,-7.45694],[-35.47447,-7.44495],[-35.49845,-7.45433],[-35.52556,-7.39126]]]},"properties":{"CD_MUN":"2513109","NM_MUN":"Salgado de São Félix","SIGLA_UF":"PB"}},{"type":"Feature","geometry":{"type":"Polygon","coordinates":[[[-35.18775,-7.17909],[-35.14291,-7.14208],[-35.14343,-7.13426],[-35.1132,-7.07692],[-35.14499,-6.97474],[-35.06159,-7.08109],[-35.04282,-7.12123],[-35.04908,-7.12957],[-35.0423,-7.12957],[-35.04126,-7.14469],[-35.1106,-7.23175],[-35.17628,-7.20203],[-35.18201,-7.1916],[-35.17889,-7.18378],[-35.1867,-7.18431],[-35.18775,-7.17909]]]},"properties":{"CD_MUN":"2504900","NM_MUN":"Cruz do Espírito Santo","SIGLA_UF":"PB"}},{"type":"Feature","geometry":{"type":"Polygon","coordinates":[[[-36.87467,-7.06592],[-36.79856,-7.04038],[-36.77353,-7.02527],[-36.76519,-7.02527],[-36.76415,-7.04143],[-36.74434,-7.07792],[-36.75894,-7.08574],[-36.80482,-7.13422],[-36.84287,-7.1363],[-36.89552,-7.15715],[-36.92628,-7.15298],[-36.92367,-7.1191],[-36.92993,-7.11128],[-36.92315,-7.10346],[-36.92211,-7.0873],[-36.93566,-7.06853],[-36.89812,-7.04507],[-36.88822,-7.05029],[-36.89239,-7.06853],[-36.87467,-7.06592]]]},"properties":{"CD_MUN":"2513000","NM_MUN":"Salgadinho","SIGLA_UF":"PB"}},{"type":"Feature","geometry":{"type":"Polygon","coordinates":[[[-38.08929,-7.01481],[-38.08825,-7.00855],[-38.05541,-6.99656],[-38.05801,-6.96789],[-38.03977,-6.94704],[-38.02465,-6.94078],[-38.00536,-6.94235],[-37.97565,-6.93192],[-37.96626,-6.92358],[-37.93134,-6.97154],[-37.90006,-6.99813],[-37.88442,-7.01846],[-37.83177,-7.02211],[-37.80727,-7.01846],[-37.8031,-7.12533],[-37.88182,-7.10917],[-38.02361,-7.12272],[-38.03091,-7.13002],[-38.04238,-7.12793],[-38.04707,-7.12063],[-38.06949,-7.12063],[-38.07835,-7.05807],[-38.07626,-7.02367],[-38.08929,-7.01481]]]},"properties":{"CD_MUN":"2504801","NM_MUN":"Coremas","SIGLA_UF":"PB"}},{"type":"Feature","geometry":{"type":"Polygon","coordinates":[[[-36.95911,-6.78598],[-36.95806,-6.79067],[-36.90958,-6.75522],[-36.90854,-6.77712],[-36.89759,-6.79745],[-36.89551,-6.81205],[-36.85954,-6.8329],[-36.86788,-6.8501],[-36.86475,-6.85688],[-36.84755,-6.85375],[-36.84286,-6.8574],[-36.83348,-6.88399],[-36.81888,-6.87461],[-36.79646,-6.88608],[-36.7777,-6.90693],[-36.77144,-6.92309],[-36.76571,-6.92048],[-36.76206,-6.92726],[-36.8731,-7.01692],[-36.87467,-7.06592],[-36.89239,-7.06853],[-36.88822,-7.05029],[-36.89812,-7.04507],[-36.93566,-7.06853],[-36.93253,-7.05081],[-36.93566,-7.04716],[-36.94087,-7.03673],[-36.9513,-7.02943],[-36.94348,-7.01379],[-36.94556,-7.00389],[-36.93774,-7.00076],[-36.93409,-6.9919],[-36.944,-6.97886],[-36.94347,-6.96427],[-36.94712,-6.95853],[-36.96902,-6.9554],[-36.96433,-6.94029],[-36.97736,-6.91787],[-36.98778,-6.91631],[-36.98726,-6.90015],[-37.00238,-6.90379],[-37.01072,-6.88763],[-37.00603,-6.87512],[-37.02167,-6.87356],[-36.96015,-6.81048],[-36.96484,-6.78911],[-36.95911,-6.78598]]]},"properties":{"CD_MUN":"2513406","NM_MUN":"Santa Luzia","SIGLA_UF":"PB"}},{"type":"Feature","geometry":{"type":"Polygon","coordinates":[[[-35.51511,-6.86265],[-35.49791,-6.88819],[-35.49009,-6.89393],[-35.48123,-6.91843],[-35.51146,-6.92051],[-35.52762,-6.91269],[-35.53909,-6.9226],[-35.60269,-6.94397],[-35.59174,-6.91009],[-35.56516,-6.88767],[-35.53857,-6.8835],[-35.51511,-6.86265]]]},"properties":{"CD_MUN":"2505204","NM_MUN":"Cuitegi","SIGLA_UF":"PB"}},{"type":"Feature","geometry":{"type":"Polygon","coordinates":[[[-38.67261,-6.69783],[-38.65958,-6.67855],[-38.66114,-6.67438],[-38.65072,-6.67281],[-38.6455,-6.66239],[-38.64602,-6.65405],[-38.65645,-6.63997],[-38.63195,-6.64101],[-38.61892,-6.65092],[-38.57722,-6.70566],[-38.56001,-6.70618],[-38.54385,-6.69836],[-38.52091,-6.70409],[-38.50684,-6.70827],[-38.50006,-6.71869],[-38.49172,-6.7213],[-38.48547,-6.73798],[-38.49537,-6.76874],[-38.49433,-6.78542],[-38.51206,-6.79637],[-38.54386,-6.79063],[-38.55949,-6.79741],[-38.56679,-6.79428],[-38.61267,-6.78229],[-38.62778,-6.7776],[-38.63925,-6.76404],[-38.6502,-6.76091],[-38.65072,-6.75466],[-38.65645,-6.72651],[-38.67783,-6.71608],[-38.67105,-6.70409],[-38.67261,-6.69783]]]},"properties":{"CD_MUN":"2513307","NM_MUN":"Santa Helena","SIGLA_UF":"PB"}},{"type":"Feature","geometry":{"type":"Polygon","coordinates":[[[-36.17193,-6.42838],[-36.09843,-6.44038],[-36.09426,-6.42786],[-36.08331,-6.41848],[-36.07236,-6.42422],[-36.07497,-6.4409],[-36.06923,-6.44767],[-36.0708,-6.46019],[-36.05672,-6.45706],[-36.06037,-6.44872],[-36.05099,-6.44663],[-36.05151,-6.43986],[-36.04525,-6.43568],[-36.03691,-6.44872],[-36.02284,-6.44924],[-36.01554,-6.45445],[-36.00564,-6.47061],[-36.00199,-6.48365],[-35.97592,-6.48834],[-35.96185,-6.48417],[-35.94673,-6.49199],[-35.84247,-6.48157],[-35.85029,-6.49564],[-35.85342,-6.51754],[-35.98166,-6.54255],[-35.99939,-6.59938],[-36.02024,-6.63222],[-36.09948,-6.66819],[-36.26265,-6.80685],[-36.24492,-6.68434],[-36.22042,-6.56027],[-36.16672,-6.47895],[-36.17193,-6.42838]]]},"properties":{"CD_MUN":"2505105","NM_MUN":"Cuité","SIGLA_UF":"PB"}},{"type":"Feature","geometry":{"type":"Polygon","coordinates":[[[-35.9165,-6.7198],[-35.88835,-6.73231],[-35.88471,-6.74013],[-35.89357,-6.77297],[-35.90243,-6.78027],[-35.84665,-6.79748],[-35.81225,-6.79435],[-35.81277,-6.81781],[-35.80808,-6.83136],[-35.81225,-6.84857],[-35.76064,-6.87724],[-35.73927,-6.8788],[-35.73458,-6.90226],[-35.76586,-6.94136],[-35.75856,-6.96013],[-35.73406,-6.98046],[-35.73719,-7.00809],[-35.77577,-7.00965],[-35.79245,-6.99818],[-35.80652,-6.97003],[-35.8477,-6.97524],[-35.83623,-6.95596],[-35.8378,-6.94188],[-35.83206,-6.93302],[-35.81382,-6.92468],[-35.82216,-6.91582],[-35.84718,-6.90591],[-35.88992,-6.87254],[-35.90921,-6.86994],[-35.93267,-6.87828],[-35.97125,-6.89235],[-35.98949,-6.88922],[-35.99262,-6.91008],[-36.00409,-6.91373],[-36.0093,-6.92363],[-35.9994,-6.93614],[-36.00931,-6.94396],[-36.00826,-6.94865],[-36.01608,-6.95126],[-36.01765,-6.96012],[-36.03589,-6.9695],[-36.04215,-6.98202],[-36.06091,-6.9669],[-36.07343,-6.96742],[-36.09011,-6.97837],[-36.09636,-6.97628],[-36.1021,-6.9695],[-36.09897,-6.95021],[-36.0948,-6.94969],[-36.09115,-6.93353],[-36.08281,-6.92728],[-36.06195,-6.89287],[-36.04944,-6.88609],[-36.0411,-6.89131],[-36.02807,-6.86629],[-35.98323,-6.81416],[-35.97124,-6.78705],[-35.94778,-6.76724],[-35.9165,-6.7198]]]},"properties":{"CD_MUN":"2512705","NM_MUN":"Remígio","SIGLA_UF":"PB"}},{"type":"Feature","geometry":{"type":"Polygon","coordinates":[[[-37.65087,-6.71559],[-37.63002,-6.71871],[-37.60864,-6.73905],[-37.60187,-6.75156],[-37.59978,-6.77397],[-37.58831,-6.78284],[-37.57685,-6.82089],[-37.57841,-6.85999],[-37.56695,-6.90378],[-37.54453,-6.95748],[-37.52994,-6.97416],[-37.53202,-6.98354],[-37.54453,-6.99709],[-37.59093,-6.9924],[-37.59301,-6.99605],[-37.605,-6.99709],[-37.62846,-6.9924],[-37.66652,-7.00856],[-37.70248,-6.81255],[-37.69466,-6.76824],[-37.66338,-6.73644],[-37.66077,-6.72445],[-37.65087,-6.71559]]]},"properties":{"CD_MUN":"2504504","NM_MUN":"Condado","SIGLA_UF":"PB"}},{"type":"Feature","geometry":{"type":"Polygon","coordinates":[[[-37.20621,-7.00388],[-37.19943,-7.01691],[-37.17128,-7.02161],[-37.16086,-7.02995],[-37.10664,-7.02891],[-37.09465,-7.02474],[-37.08423,-7.00962],[-37.07954,-7.0091],[-37.05608,-7.02474],[-37.06338,-7.03725],[-37.02845,-7.04507],[-37.01229,-7.05393],[-37.04096,-7.05862],[-37.04722,-7.06436],[-37.08579,-7.0753],[-37.08944,-7.08156],[-37.08736,-7.10606],[-37.16607,-7.06644],[-37.22237,-7.05445],[-37.22029,-7.01639],[-37.20621,-7.00388]]]},"properties":{"CD_MUN":"2512606","NM_MUN":"Quixaba","SIGLA_UF":"PB"}},{"type":"Feature","geometry":{"type":"Polygon","coordinates":[[[-38.42189,-7.3109],[-38.40625,-7.32237],[-38.39948,-7.33384],[-38.3927,-7.36303],[-38.39218,-7.38128],[-38.38384,-7.38805],[-38.39896,-7.41203],[-38.40052,-7.42402],[-38.42763,-7.4235],[-38.44066,-7.42924],[-38.48393,-7.43601],[-38.47716,-7.51681],[-38.43441,-7.55279],[-38.4365,-7.56478],[-38.44849,-7.58719],[-38.44276,-7.59658],[-38.45527,-7.5971],[-38.45944,-7.61013],[-38.47977,-7.63619],[-38.47352,-7.64506],[-38.4584,-7.64871],[-38.46361,-7.65913],[-38.44693,-7.69667],[-38.44485,-7.71126],[-38.45423,-7.71804],[-38.45371,-7.74202],[-38.46779,-7.73212],[-38.47821,-7.73107],[-38.49489,-7.73889],[-38.49906,-7.75088],[-38.51575,-7.74932],[-38.52878,-7.75505],[-38.53503,-7.75244],[-38.53399,-7.74671],[-38.55901,-7.75714],[-38.571,-7.7514],[-38.57361,-7.75401],[-38.5783,-7.74671],[-38.58508,-7.75453],[-38.59186,-7.75453],[-38.59655,-7.74202],[-38.60645,-7.73941],[-38.60697,-7.72586],[-38.61323,-7.71543],[-38.62417,-7.70813],[-38.62574,-7.69458],[-38.64085,-7.68624],[-38.64138,-7.67737],[-38.65024,-7.67685],[-38.64972,-7.66851],[-38.66171,-7.65808],[-38.67161,-7.65861],[-38.68568,-7.63462],[-38.7154,-7.61846],[-38.71748,-7.60908],[-38.71227,-7.60804],[-38.7081,-7.5851],[-38.70288,-7.58093],[-38.68516,-7.58093],[-38.6763,-7.5705],[-38.6544,-7.56529],[-38.65805,-7.56164],[-38.6518,-7.55226],[-38.65545,-7.54705],[-38.65023,-7.53089],[-38.65388,-7.52202],[-38.64502,-7.51681],[-38.64397,-7.50013],[-38.62833,-7.48501],[-38.64449,-7.46103],[-38.60227,-7.45738],[-38.59862,-7.45061],[-38.60383,-7.44383],[-38.59288,-7.4334],[-38.58454,-7.43445],[-38.5835,-7.4162],[-38.59445,-7.41516],[-38.59445,-7.41151],[-38.58923,-7.40108],[-38.58246,-7.39795],[-38.57724,-7.37867],[-38.55118,-7.34009],[-38.53606,-7.34165],[-38.52303,-7.35781],[-38.52459,-7.36355],[-38.51156,-7.37398],[-38.49592,-7.3745],[-38.48185,-7.38649],[-38.47507,-7.37398],[-38.43701,-7.35573],[-38.4318,-7.32654],[-38.42189,-7.3109]]]},"properties":{"CD_MUN":"2504405","NM_MUN":"Conceição","SIGLA_UF":"PB"}}]}