{"type":"FeatureCollection","features":[{"type":"Feature","geometry":{"type":"Polygon","coordinates":[[[-43.10329,-22.85774],[-43.09338,-22.84106],[-43.09546,-22.82751],[-43.08035,-22.81917],[-43.06575,-22.80301],[-43.07878,-22.79936],[-43.08087,-22.78737],[-43.06992,-22.77955],[-43.06314,-22.76495],[-43.02665,-22.74254],[-43.01779,-22.74358],[-42.99746,-22.73472],[-42.99068,-22.74932],[-42.94429,-22.77017],[-42.93907,-22.80301],[-42.92031,-22.81969],[-42.90623,-22.81761],[-42.8859,-22.86765],[-42.90206,-22.8786],[-42.9542,-22.89215],[-42.9542,-22.90102],[-42.97453,-22.90675],[-42.98026,-22.91718],[-42.98652,-22.91144],[-42.99016,-22.88903],[-43.00841,-22.89215],[-43.02926,-22.87703],[-43.05116,-22.87443],[-43.10329,-22.85774]]]},"properties":{"CD_MUN":"3304904","NM_MUN":"São Gonçalo","SIGLA_UF":"RJ"}},{"type":"Feature","geometry":{"type":"Polygon","coordinates":[[[-41.74264,-21.46432],[-41.68269,-21.51698],[-41.62691,-21.59622],[-41.56801,-21.56859],[-41.54142,-21.56181],[-41.54872,-21.61551],[-41.53986,-21.62072],[-41.54142,-21.6275],[-41.55341,-21.62958],[-41.55602,-21.64001],[-41.56957,-21.64105],[-41.57374,-21.64991],[-41.58886,-21.65825],[-41.5899,-21.66451],[-41.63995,-21.67024],[-41.65507,-21.69318],[-41.69208,-21.70986],[-41.70094,-21.72602],[-41.69938,-21.73958],[-41.70511,-21.74844],[-41.73222,-21.7646],[-41.73587,-21.76251],[-41.75099,-21.78024],[-41.74734,-21.7891],[-41.79426,-21.78336],[-41.7953,-21.79379],[-41.80938,-21.79744],[-41.82085,-21.81412],[-41.83284,-21.81985],[-41.83909,-21.83445],[-41.85369,-21.83914],[-41.88862,-21.86364],[-41.90113,-21.86573],[-41.89227,-21.86729],[-41.89539,-21.87876],[-41.93762,-21.87198],[-41.95221,-21.8553],[-41.95534,-21.83601],[-41.96525,-21.82767],[-41.97046,-21.80317],[-41.95899,-21.79274],[-41.95169,-21.77085],[-41.93553,-21.76824],[-41.93709,-21.75052],[-41.93084,-21.7427],[-41.93761,-21.74165],[-41.93761,-21.59725],[-41.90059,-21.57588],[-41.88391,-21.58005],[-41.8688,-21.57536],[-41.87244,-21.56128],[-41.86671,-21.55086],[-41.83178,-21.51593],[-41.82396,-21.51385],[-41.81666,-21.49039],[-41.82344,-21.48257],[-41.74264,-21.46432]]]},"properties":{"CD_MUN":"3304805","NM_MUN":"São Fidélis","SIGLA_UF":"RJ"}},{"type":"Feature","geometry":{"type":"Polygon","coordinates":[[[-44.36011,-22.25299],[-44.35229,-22.25769],[-44.34082,-22.25404],[-44.33718,-22.25873],[-44.32466,-22.25456],[-44.32154,-22.26134],[-44.31528,-22.25508],[-44.30225,-22.25404],[-44.2913,-22.24309],[-44.28922,-22.24778],[-44.27618,-22.24309],[-44.2668,-22.24831],[-44.26315,-22.24361],[-44.26002,-22.26864],[-44.25585,-22.29157],[-44.2595,-22.30096],[-44.23761,-22.31816],[-44.25012,-22.31347],[-44.25742,-22.30513],[-44.26472,-22.30513],[-44.27097,-22.30982],[-44.27202,-22.32025],[-44.29235,-22.3192],[-44.30069,-22.32859],[-44.31893,-22.33588],[-44.32675,-22.33223],[-44.33249,-22.34318],[-44.33145,-22.35674],[-44.34031,-22.35986],[-44.34187,-22.37759],[-44.32832,-22.39636],[-44.31789,-22.40261],[-44.30642,-22.39792],[-44.27671,-22.40418],[-44.27358,-22.40939],[-44.31737,-22.46725],[-44.33354,-22.46777],[-44.33771,-22.47247],[-44.33249,-22.47612],[-44.33145,-22.49332],[-44.31946,-22.50792],[-44.32832,-22.51991],[-44.32051,-22.55066],[-44.32624,-22.55379],[-44.32833,-22.57256],[-44.34657,-22.57412],[-44.34292,-22.5882],[-44.35179,-22.60019],[-44.34918,-22.60957],[-44.35648,-22.61478],[-44.36065,-22.61218],[-44.36117,-22.59289],[-44.37003,-22.58976],[-44.36013,-22.58194],[-44.39245,-22.57308],[-44.39557,-22.58142],[-44.40913,-22.58819],[-44.40392,-22.60175],[-44.39818,-22.60331],[-44.40183,-22.60644],[-44.40757,-22.60853],[-44.4305,-22.59862],[-44.44666,-22.61061],[-44.45344,-22.60905],[-44.46439,-22.61634],[-44.47794,-22.61322],[-44.48472,-22.60383],[-44.48889,-22.60904],[-44.48524,-22.61165],[-44.5087,-22.64137],[-44.51443,-22.63042],[-44.53111,-22.63042],[-44.53216,-22.63928],[-44.53685,-22.63563],[-44.5259,-22.61947],[-44.53685,-22.61738],[-44.5504,-22.60487],[-44.56291,-22.61165],[-44.57282,-22.60227],[-44.58324,-22.62625],[-44.59106,-22.62312],[-44.60201,-22.608],[-44.60983,-22.61738],[-44.62182,-22.60591],[-44.63433,-22.60956],[-44.64528,-22.60279],[-44.64684,-22.58454],[-44.64215,-22.57776],[-44.64163,-22.55952],[-44.64736,-22.55274],[-44.64997,-22.55691],[-44.66144,-22.55118],[-44.6776,-22.5616],[-44.67655,-22.54544],[-44.66978,-22.53866],[-44.6875,-22.52198],[-44.70001,-22.51155],[-44.71461,-22.5152],[-44.71669,-22.51051],[-44.70991,-22.50061],[-44.72347,-22.48445],[-44.71721,-22.46829],[-44.74015,-22.42606],[-44.75474,-22.41511],[-44.80896,-22.40521],[-44.80322,-22.39374],[-44.7636,-22.37601],[-44.74432,-22.37653],[-44.72346,-22.35985],[-44.70522,-22.37341],[-44.69114,-22.37028],[-44.66612,-22.37341],[-44.66039,-22.38071],[-44.6166,-22.48862],[-44.61921,-22.50947],[-44.62755,-22.51781],[-44.62651,-22.53554],[-44.61556,-22.55587],[-44.60514,-22.56369],[-44.59315,-22.56525],[-44.58533,-22.55952],[-44.58116,-22.5444],[-44.56447,-22.53345],[-44.56604,-22.52876],[-44.57646,-22.52668],[-44.57594,-22.51729],[-44.54935,-22.49644],[-44.5358,-22.49488],[-44.52954,-22.48654],[-44.51495,-22.48549],[-44.51286,-22.47298],[-44.48471,-22.46725],[-44.48888,-22.46256],[-44.47898,-22.45787],[-44.48575,-22.43753],[-44.59939,-22.39843],[-44.61399,-22.38696],[-44.58375,-22.36038],[-44.57489,-22.35777],[-44.56551,-22.36507],[-44.5556,-22.36507],[-44.54935,-22.35673],[-44.54987,-22.3437],[-44.54153,-22.33588],[-44.54309,-22.33223],[-44.53267,-22.33067],[-44.51338,-22.30929],[-44.4967,-22.30304],[-44.4675,-22.27958],[-44.46072,-22.28062],[-44.46333,-22.27541],[-44.45864,-22.2702],[-44.46229,-22.26707],[-44.45603,-22.25716],[-44.44039,-22.25508],[-44.43831,-22.25821],[-44.43309,-22.25143],[-44.42319,-22.25612],[-44.41485,-22.25404],[-44.394,-22.25925],[-44.38722,-22.2728],[-44.36011,-22.25299]]]},"properties":{"CD_MUN":"3304201","NM_MUN":"Resende","SIGLA_UF":"RJ"}},{"type":"Feature","geometry":{"type":"Polygon","coordinates":[[[-41.86668,-20.76525],[-41.85312,-20.7642],[-41.84426,-20.77776],[-41.82497,-20.78871],[-41.82758,-20.79705],[-41.81663,-20.80122],[-41.80673,-20.79757],[-41.81351,-20.80539],[-41.80047,-20.80539],[-41.79422,-20.79913],[-41.77493,-20.80018],[-41.79943,-20.81582],[-41.82967,-20.84553],[-41.85886,-20.85648],[-41.86929,-20.86951],[-41.90474,-20.87889],[-41.90369,-20.90183],[-41.88336,-20.92529],[-41.90839,-20.92529],[-41.92611,-20.93311],[-41.9381,-20.94666],[-41.94331,-20.93884],[-41.94853,-20.93936],[-41.95218,-20.96021],[-41.98293,-20.95656],[-42.00014,-20.96543],[-42.00222,-21.01339],[-42.00587,-21.00974],[-42.01317,-21.01599],[-42.06687,-21.0259],[-42.08459,-21.02277],[-42.10909,-21.01495],[-42.11535,-21.01078],[-42.11587,-21.00296],[-42.12629,-21.00348],[-42.14089,-20.99305],[-42.15131,-20.97428],[-42.14245,-20.96282],[-42.12994,-20.95708],[-42.11534,-20.95917],[-42.11482,-20.9503],[-42.09449,-20.93623],[-42.0653,-20.93884],[-42.02151,-20.92528],[-42.00431,-20.93206],[-41.99805,-20.92685],[-41.97616,-20.93571],[-41.97928,-20.92216],[-41.96677,-20.91694],[-41.96469,-20.89296],[-41.94957,-20.8742],[-41.95426,-20.86586],[-41.94957,-20.85804],[-41.93549,-20.85491],[-41.92976,-20.845],[-41.92559,-20.83823],[-41.93497,-20.82832],[-41.92506,-20.80278],[-41.92767,-20.79496],[-41.90108,-20.79652],[-41.86668,-20.76525]]]},"properties":{"CD_MUN":"3304102","NM_MUN":"Porciúncula","SIGLA_UF":"RJ"}},{"type":"Feature","geometry":{"type":"Polygon","coordinates":[[[-43.66834,-22.08619],[-43.66521,-22.07473],[-43.64645,-22.06586],[-43.6282,-22.07681],[-43.6209,-22.07577],[-43.62038,-22.08411],[-43.61308,-22.08255],[-43.61152,-22.0716],[-43.60318,-22.07212],[-43.59953,-22.05909],[-43.59223,-22.05596],[-43.58597,-22.05231],[-43.58441,-22.07056],[-43.56982,-22.07733],[-43.56512,-22.0888],[-43.5255,-22.07212],[-43.51351,-22.05961],[-43.5057,-22.06535],[-43.50413,-22.07525],[-43.47546,-22.07004],[-43.46243,-22.07265],[-43.43688,-22.06013],[-43.40301,-22.21653],[-43.42907,-22.23738],[-43.45774,-22.21601],[-43.46921,-22.21601],[-43.4713,-22.23164],[-43.4812,-22.24937],[-43.51404,-22.23633],[-43.51926,-22.24363],[-43.51665,-22.26084],[-43.52551,-22.27648],[-43.56096,-22.26553],[-43.58859,-22.28794],[-43.59485,-22.28586],[-43.58651,-22.27647],[-43.5938,-22.26657],[-43.58755,-22.26553],[-43.60788,-22.25927],[-43.61048,-22.25354],[-43.60319,-22.24728],[-43.61101,-22.24363],[-43.60788,-22.22643],[-43.62769,-22.22069],[-43.63498,-22.20662],[-43.65219,-22.20401],[-43.65948,-22.19671],[-43.6574,-22.18107],[-43.66365,-22.18107],[-43.67408,-22.16648],[-43.66157,-22.15605],[-43.65948,-22.10496],[-43.66156,-22.09141],[-43.66834,-22.08619]]]},"properties":{"CD_MUN":"3304508","NM_MUN":"Rio das Flores","SIGLA_UF":"RJ"}},{"type":"Feature","geometry":{"type":"Polygon","coordinates":[[[-44.16047,-22.67839],[-44.14796,-22.64919],[-44.1172,-22.6445],[-44.08853,-22.64867],[-44.08019,-22.64711],[-44.08488,-22.65337],[-44.08488,-22.6664],[-44.07602,-22.68308],[-44.07863,-22.67161],[-44.06612,-22.65128],[-44.04735,-22.63981],[-44.02389,-22.64398],[-44.01711,-22.64086],[-44.00877,-22.6518],[-44.02076,-22.67631],[-44.01086,-22.68517],[-43.99314,-22.68413],[-43.97958,-22.66849],[-43.96446,-22.66171],[-43.96029,-22.66327],[-43.95769,-22.68569],[-43.94205,-22.6956],[-43.94674,-22.70289],[-43.94309,-22.71124],[-43.9311,-22.70915],[-43.92172,-22.69925],[-43.91181,-22.71384],[-43.8821,-22.70185],[-43.88054,-22.72844],[-43.89044,-22.73522],[-43.89826,-22.7347],[-43.89826,-22.74356],[-43.90712,-22.74877],[-43.90556,-22.75346],[-43.88575,-22.75659],[-43.8894,-22.7592],[-43.88627,-22.76389],[-43.89149,-22.76597],[-43.88888,-22.77431],[-43.89566,-22.77744],[-43.87898,-22.81237],[-43.89097,-22.82957],[-43.90504,-22.83062],[-43.91234,-22.83635],[-43.91026,-22.84573],[-43.92955,-22.87441],[-43.93997,-22.8791],[-43.93841,-22.88744],[-43.96499,-22.88639],[-43.97959,-22.86502],[-43.99366,-22.86971],[-43.99992,-22.86085],[-44.0067,-22.85981],[-44.04058,-22.88274],[-44.05153,-22.87805],[-44.07968,-22.87909],[-44.0875,-22.88378],[-44.11304,-22.86032],[-44.12608,-22.87596],[-44.14224,-22.88274],[-44.15579,-22.90255],[-44.16309,-22.90099],[-44.17352,-22.9161],[-44.17612,-22.93018],[-44.18186,-22.92653],[-44.19332,-22.92861],[-44.2147,-22.93226],[-44.24076,-22.91506],[-44.23659,-22.9062],[-44.24128,-22.90255],[-44.23086,-22.87231],[-44.24441,-22.86814],[-44.24754,-22.85719],[-44.26057,-22.84781],[-44.2908,-22.8426],[-44.30227,-22.85459],[-44.31114,-22.84416],[-44.31791,-22.8452],[-44.3127,-22.83634],[-44.29654,-22.828],[-44.28663,-22.82852],[-44.28298,-22.83582],[-44.26839,-22.82956],[-44.26109,-22.80558],[-44.24389,-22.80246],[-44.23971,-22.79203],[-44.24232,-22.78786],[-44.25692,-22.78734],[-44.25327,-22.78213],[-44.25744,-22.779],[-44.2564,-22.76596],[-44.25014,-22.75762],[-44.23867,-22.75606],[-44.24232,-22.7498],[-44.22668,-22.73364],[-44.20166,-22.7326],[-44.19801,-22.7253],[-44.20322,-22.71644],[-44.18289,-22.71227],[-44.17455,-22.70341],[-44.17611,-22.69298],[-44.16047,-22.67839]]]},"properties":{"CD_MUN":"3304409","NM_MUN":"Rio Claro","SIGLA_UF":"RJ"}},{"type":"Feature","geometry":{"type":"Polygon","coordinates":[[[-42.74619,-22.68676],[-42.69927,-22.66383],[-42.69093,-22.65445],[-42.68884,-22.64663],[-42.69249,-22.64298],[-42.65496,-22.63776],[-42.63776,-22.6435],[-42.62472,-22.65705],[-42.59032,-22.62838],[-42.57833,-22.62421],[-42.57103,-22.6263],[-42.56425,-22.62004],[-42.5533,-22.619],[-42.52828,-22.63047],[-42.5262,-22.70554],[-42.52985,-22.71753],[-42.50014,-22.72535],[-42.47616,-22.72587],[-42.46,-22.71961],[-42.44123,-22.73161],[-42.44853,-22.82388],[-42.47877,-22.82335],[-42.4845,-22.83117],[-42.52256,-22.8244],[-42.53402,-22.80876],[-42.55279,-22.81449],[-42.56791,-22.80406],[-42.58094,-22.80563],[-42.63568,-22.83847],[-42.63464,-22.84681],[-42.64611,-22.85515],[-42.64663,-22.84577],[-42.66122,-22.84941],[-42.67009,-22.84472],[-42.65757,-22.82856],[-42.66956,-22.82231],[-42.66696,-22.81657],[-42.67113,-22.81344],[-42.66748,-22.8025],[-42.66018,-22.80093],[-42.68833,-22.79363],[-42.68937,-22.78634],[-42.67738,-22.77122],[-42.69093,-22.76183],[-42.69979,-22.72795],[-42.71231,-22.72378],[-42.74619,-22.68676]]]},"properties":{"CD_MUN":"3304300","NM_MUN":"Rio Bonito","SIGLA_UF":"RJ"}},{"type":"Feature","geometry":{"type":"Polygon","coordinates":[[[-43.43688,-22.06013],[-43.41916,-22.05388],[-43.36963,-22.02156],[-43.36546,-22.01165],[-43.3467,-22.00384],[-43.34566,-22.05649],[-43.34044,-22.05023],[-43.31646,-22.06483],[-43.28258,-22.06744],[-43.28102,-22.07369],[-43.27424,-22.07526],[-43.25495,-22.05701],[-43.25912,-22.10289],[-43.24818,-22.13521],[-43.20074,-22.17796],[-43.19813,-22.20089],[-43.1679,-22.18734],[-43.15956,-22.1936],[-43.1825,-22.29682],[-43.17729,-22.29942],[-43.18146,-22.30099],[-43.20075,-22.30359],[-43.20804,-22.2989],[-43.23567,-22.31193],[-43.24193,-22.30359],[-43.26382,-22.32131],[-43.26226,-22.33383],[-43.26904,-22.33435],[-43.28311,-22.36406],[-43.32951,-22.29577],[-43.34879,-22.27544],[-43.40301,-22.21653],[-43.43688,-22.06013]]]},"properties":{"CD_MUN":"3303708","NM_MUN":"Paraíba do Sul","SIGLA_UF":"RJ"}},{"type":"Feature","geometry":{"type":"Polygon","coordinates":[[[-43.71371,-22.56163],[-43.70537,-22.56475],[-43.68817,-22.55172],[-43.68191,-22.5585],[-43.69286,-22.57727],[-43.67149,-22.58717],[-43.63396,-22.57101],[-43.635,-22.55746],[-43.62301,-22.54286],[-43.62196,-22.52566],[-43.59746,-22.56476],[-43.61154,-22.58352],[-43.65325,-22.61532],[-43.66367,-22.6221],[-43.66993,-22.65286],[-43.67775,-22.64764],[-43.69287,-22.64973],[-43.71215,-22.64086],[-43.71111,-22.64764],[-43.74813,-22.68517],[-43.75334,-22.69977],[-43.78514,-22.69247],[-43.81537,-22.68726],[-43.81433,-22.68257],[-43.81954,-22.67944],[-43.81694,-22.66745],[-43.83935,-22.64868],[-43.80286,-22.62887],[-43.79348,-22.6148],[-43.7721,-22.60698],[-43.77106,-22.59603],[-43.72831,-22.56371],[-43.71371,-22.56163]]]},"properties":{"CD_MUN":"3303609","NM_MUN":"Paracambi","SIGLA_UF":"RJ"}},{"type":"Feature","geometry":{"type":"Polygon","coordinates":[[[-43.65325,-22.61532],[-43.62197,-22.64243],[-43.61988,-22.6148],[-43.5886,-22.59291],[-43.58339,-22.58144],[-43.56045,-22.57883],[-43.55785,-22.56736],[-43.55003,-22.5731],[-43.54273,-22.5658],[-43.53595,-22.57049],[-43.53282,-22.56632],[-43.50989,-22.57154],[-43.49164,-22.55068],[-43.47287,-22.54026],[-43.46818,-22.54443],[-43.44681,-22.52723],[-43.4197,-22.53817],[-43.40406,-22.53505],[-43.40406,-22.54235],[-43.40927,-22.54547],[-43.39207,-22.55642],[-43.3879,-22.57102],[-43.40302,-22.58822],[-43.41449,-22.59343],[-43.41553,-22.60073],[-43.41032,-22.61168],[-43.38947,-22.61585],[-43.38269,-22.62367],[-43.38269,-22.63149],[-43.40094,-22.65755],[-43.37123,-22.67476],[-43.35194,-22.6977],[-43.32692,-22.69665],[-43.32692,-22.70656],[-43.32014,-22.70969],[-43.33057,-22.7566],[-43.38478,-22.76703],[-43.41085,-22.79205],[-43.43744,-22.80873],[-43.44838,-22.82541],[-43.46976,-22.84105],[-43.48488,-22.83063],[-43.49009,-22.81603],[-43.57819,-22.83375],[-43.58809,-22.83896],[-43.59331,-22.86034],[-43.62354,-22.86294],[-43.64387,-22.85617],[-43.66525,-22.86555],[-43.68141,-22.86346],[-43.67411,-22.85408],[-43.64648,-22.84418],[-43.62302,-22.82332],[-43.63449,-22.7884],[-43.63344,-22.77276],[-43.64387,-22.75451],[-43.64387,-22.73679],[-43.63709,-22.71646],[-43.65168,-22.67996],[-43.64543,-22.6711],[-43.63657,-22.66954],[-43.63344,-22.66172],[-43.64126,-22.65129],[-43.65742,-22.65807],[-43.66993,-22.65286],[-43.66367,-22.6221],[-43.65325,-22.61532]]]},"properties":{"CD_MUN":"3303500","NM_MUN":"Nova Iguaçu","SIGLA_UF":"RJ"}},{"type":"Feature","geometry":{"type":"Polygon","coordinates":[[[-44.03066,-22.4975],[-44.02858,-22.48811],[-44.02076,-22.48446],[-44.00616,-22.4975],[-43.99991,-22.51262],[-43.99209,-22.51731],[-43.95038,-22.51939],[-43.94308,-22.51522],[-43.86541,-22.5293],[-43.85394,-22.51679],[-43.85446,-22.50741],[-43.84299,-22.50324],[-43.83987,-22.51053],[-43.82475,-22.51731],[-43.8112,-22.51262],[-43.80442,-22.52305],[-43.82006,-22.53399],[-43.81797,-22.54807],[-43.80807,-22.55433],[-43.79764,-22.55224],[-43.78826,-22.55068],[-43.78253,-22.56475],[-43.77627,-22.56736],[-43.77784,-22.58196],[-43.77106,-22.58925],[-43.77523,-22.59759],[-43.7721,-22.60698],[-43.79348,-22.6148],[-43.80286,-22.62887],[-43.83935,-22.64868],[-43.81694,-22.66745],[-43.81954,-22.67944],[-43.81433,-22.68257],[-43.81537,-22.68726],[-43.78514,-22.69247],[-43.83206,-22.72948],[-43.83466,-22.75242],[-43.83936,-22.75659],[-43.82841,-22.76806],[-43.82163,-22.7665],[-43.81277,-22.77275],[-43.8232,-22.77692],[-43.82268,-22.78318],[-43.83884,-22.7983],[-43.87898,-22.81237],[-43.89566,-22.77744],[-43.88888,-22.77431],[-43.89149,-22.76597],[-43.88627,-22.76389],[-43.8894,-22.7592],[-43.88575,-22.75659],[-43.90556,-22.75346],[-43.90712,-22.74877],[-43.89826,-22.74356],[-43.89826,-22.7347],[-43.89044,-22.73522],[-43.88054,-22.72844],[-43.8821,-22.70185],[-43.91181,-22.71384],[-43.92172,-22.69925],[-43.9311,-22.70915],[-43.94309,-22.71124],[-43.94674,-22.70289],[-43.94205,-22.6956],[-43.95769,-22.68569],[-43.96029,-22.66327],[-43.96446,-22.66171],[-43.97958,-22.66849],[-43.99314,-22.68413],[-44.01086,-22.68517],[-44.02076,-22.67631],[-44.00877,-22.6518],[-44.01711,-22.64086],[-44.02389,-22.64398],[-44.04735,-22.63981],[-44.06612,-22.65128],[-44.07863,-22.67161],[-44.07602,-22.68308],[-44.08488,-22.6664],[-44.08488,-22.65337],[-44.08019,-22.64711],[-44.08853,-22.64867],[-44.08593,-22.64242],[-44.0536,-22.55275],[-44.04109,-22.55171],[-44.03275,-22.53868],[-44.03535,-22.53138],[-44.02806,-22.5074],[-44.03066,-22.4975]]]},"properties":{"CD_MUN":"3304003","NM_MUN":"Piraí","SIGLA_UF":"RJ"}},{"type":"Feature","geometry":{"type":"Polygon","coordinates":[[[-43.04696,-22.20872],[-43.02975,-22.20298],[-43.01829,-22.22436],[-43.00943,-22.22957],[-43.01985,-22.24208],[-43.01412,-22.24782],[-43.02454,-22.26137],[-43.01777,-22.27649],[-42.99692,-22.28118],[-43.01725,-22.29056],[-43.01308,-22.2989],[-43.03966,-22.31246],[-43.04801,-22.32705],[-43.0308,-22.33175],[-43.03028,-22.33852],[-43.02507,-22.33957],[-43.03341,-22.3453],[-43.01986,-22.35625],[-43.03393,-22.37032],[-43.02872,-22.37971],[-43.03341,-22.39065],[-43.02768,-22.39326],[-43.03863,-22.4162],[-43.03185,-22.42037],[-43.03498,-22.4235],[-43.03237,-22.4334],[-43.02195,-22.4407],[-43.02559,-22.4553],[-43.03289,-22.46207],[-43.04071,-22.45582],[-43.04749,-22.46051],[-43.05531,-22.46781],[-43.05896,-22.48345],[-43.07825,-22.48762],[-43.07147,-22.50482],[-43.10848,-22.53401],[-43.12256,-22.53088],[-43.19606,-22.56216],[-43.22526,-22.56372],[-43.25445,-22.57519],[-43.26071,-22.56164],[-43.24611,-22.52723],[-43.2336,-22.52306],[-43.2263,-22.52932],[-43.22161,-22.5215],[-43.2263,-22.51681],[-43.23255,-22.51941],[-43.23829,-22.51055],[-43.29667,-22.47614],[-43.30345,-22.47406],[-43.28833,-22.45998],[-43.29823,-22.45216],[-43.32013,-22.45894],[-43.35089,-22.44903],[-43.37069,-22.45216],[-43.37695,-22.4433],[-43.37174,-22.44173],[-43.3733,-22.43548],[-43.36079,-22.42036],[-43.33785,-22.41619],[-43.31752,-22.38387],[-43.29406,-22.36667],[-43.28311,-22.36406],[-43.26904,-22.33435],[-43.26226,-22.33383],[-43.26382,-22.32131],[-43.24193,-22.30359],[-43.23567,-22.31193],[-43.20804,-22.2989],[-43.20075,-22.30359],[-43.18146,-22.30099],[-43.17468,-22.31298],[-43.15956,-22.31141],[-43.14601,-22.30464],[-43.14549,-22.29786],[-43.13715,-22.29473],[-43.12672,-22.27544],[-43.11004,-22.28378],[-43.10118,-22.2645],[-43.09492,-22.26658],[-43.09023,-22.26189],[-43.09388,-22.24208],[-43.07302,-22.22227],[-43.04696,-22.20872]]]},"properties":{"CD_MUN":"3303906","NM_MUN":"Petrópolis","SIGLA_UF":"RJ"}},{"type":"Feature","geometry":{"type":"Polygon","coordinates":[[[-43.34879,-22.27544],[-43.32951,-22.29577],[-43.28311,-22.36406],[-43.29406,-22.36667],[-43.31752,-22.38387],[-43.33785,-22.41619],[-43.36079,-22.42036],[-43.3733,-22.43548],[-43.37174,-22.44173],[-43.37695,-22.4433],[-43.37069,-22.45216],[-43.4051,-22.46988],[-43.42126,-22.46936],[-43.43377,-22.47562],[-43.44107,-22.4678],[-43.43534,-22.4605],[-43.44211,-22.45007],[-43.44003,-22.44486],[-43.49216,-22.41931],[-43.50779,-22.40159],[-43.48798,-22.37396],[-43.49632,-22.36875],[-43.50675,-22.33278],[-43.513,-22.33434],[-43.50571,-22.3114],[-43.34879,-22.27544]]]},"properties":{"CD_MUN":"3303856","NM_MUN":"Paty do Alferes","SIGLA_UF":"RJ"}},{"type":"Feature","geometry":{"type":"MultiPolygon","coordinates":[[[[-44.6182,-23.22523],[-44.62028,-23.22262],[-44.60464,-23.21584],[-44.59369,-23.20281],[-44.58431,-23.20542],[-44.60256,-23.22314],[-44.6182,-23.22523]]],[[[-44.63799,-22.91453],[-44.62965,-22.91766],[-44.62131,-22.93955],[-44.61245,-22.93799],[-44.60098,-22.94581],[-44.57648,-22.94737],[-44.56136,-22.95519],[-44.55719,-22.96301],[-44.5598,-22.97187],[-44.5499,-22.97292],[-44.5426,-22.98647],[-44.54103,-22.99898],[-44.54938,-23.0068],[-44.54416,-23.00889],[-44.54677,-23.02088],[-44.53739,-23.02505],[-44.53061,-23.0214],[-44.51914,-23.02818],[-44.5598,-23.03912],[-44.59629,-23.06467],[-44.59994,-23.06258],[-44.59056,-23.05007],[-44.59629,-23.0459],[-44.61402,-23.05215],[-44.61767,-23.04381],[-44.638,-23.0532],[-44.63852,-23.04902],[-44.64582,-23.04746],[-44.65051,-23.05684],[-44.65677,-23.05267],[-44.66094,-23.05684],[-44.66771,-23.05424],[-44.67814,-23.06466],[-44.67605,-23.07092],[-44.68492,-23.073],[-44.68492,-23.07978],[-44.69117,-23.08343],[-44.68752,-23.09125],[-44.69586,-23.10272],[-44.69743,-23.12461],[-44.68805,-23.12722],[-44.69899,-23.13243],[-44.69847,-23.14338],[-44.69274,-23.14703],[-44.70734,-23.16423],[-44.70369,-23.16997],[-44.699,-23.16892],[-44.69847,-23.17518],[-44.70734,-23.17466],[-44.71672,-23.18352],[-44.71463,-23.18769],[-44.70682,-23.18613],[-44.71933,-23.19447],[-44.72141,-23.20177],[-44.70838,-23.21636],[-44.71255,-23.232],[-44.70838,-23.23461],[-44.69639,-23.23305],[-44.69014,-23.22262],[-44.6844,-23.22418],[-44.6745,-23.21793],[-44.67762,-23.21271],[-44.66876,-23.20646],[-44.66615,-23.20959],[-44.65886,-23.2075],[-44.65104,-23.18821],[-44.64322,-23.18561],[-44.64374,-23.19655],[-44.62654,-23.19708],[-44.62654,-23.20281],[-44.61611,-23.20385],[-44.62706,-23.21428],[-44.62445,-23.22158],[-44.6281,-23.22471],[-44.63383,-23.21793],[-44.64061,-23.21949],[-44.63644,-23.21115],[-44.65104,-23.2221],[-44.66251,-23.2148],[-44.65886,-23.22262],[-44.66407,-23.22835],[-44.65729,-23.22471],[-44.65521,-23.22783],[-44.66772,-23.23565],[-44.67345,-23.23148],[-44.67867,-23.2393],[-44.67241,-23.24087],[-44.6818,-23.24034],[-44.68388,-23.24347],[-44.67867,-23.24608],[-44.69222,-23.25285],[-44.67919,-23.25286],[-44.66928,-23.24504],[-44.66928,-23.24973],[-44.66355,-23.24869],[-44.65104,-23.23565],[-44.63801,-23.23461],[-44.63175,-23.24087],[-44.6135,-23.23409],[-44.6573,-23.29404],[-44.64426,-23.30134],[-44.63905,-23.30134],[-44.64583,-23.29091],[-44.63801,-23.29039],[-44.63019,-23.28205],[-44.61611,-23.25494],[-44.59682,-23.24452],[-44.5963,-23.23513],[-44.57441,-23.23461],[-44.55981,-23.22784],[-44.57597,-23.24556],[-44.57493,-23.2539],[-44.58327,-23.2685],[-44.54834,-23.27527],[-44.53844,-23.26746],[-44.50247,-23.29717],[-44.50977,-23.30186],[-44.51342,-23.293],[-44.52906,-23.28883],[-44.54053,-23.30603],[-44.55616,-23.30551],[-44.56555,-23.32428],[-44.5619,-23.33105],[-44.57285,-23.34721],[-44.58275,-23.35816],[-44.59109,-23.36285],[-44.59943,-23.36025],[-44.60465,-23.36754],[-44.60725,-23.3493],[-44.61768,-23.35243],[-44.61924,-23.34304],[-44.62394,-23.34148],[-44.63384,-23.35347],[-44.62967,-23.33939],[-44.6401,-23.33314],[-44.65417,-23.34356],[-44.66199,-23.33991],[-44.65991,-23.34826],[-44.67242,-23.34617],[-44.67606,-23.33626],[-44.68649,-23.35347],[-44.68597,-23.3493],[-44.70161,-23.34148],[-44.7136,-23.34513],[-44.72194,-23.35138],[-44.7209,-23.35816],[-44.72663,-23.35503],[-44.7308,-23.35868],[-44.72403,-23.36806],[-44.75009,-23.35868],[-44.75999,-23.34252],[-44.77824,-23.33887],[-44.78658,-23.29977],[-44.80482,-23.29039],[-44.80691,-23.28361],[-44.82672,-23.29195],[-44.82359,-23.281],[-44.83975,-23.2638],[-44.8361,-23.25598],[-44.85539,-23.24868],[-44.87468,-23.2492],[-44.8778,-23.23304],[-44.88614,-23.23252],[-44.88875,-23.2247],[-44.88093,-23.21584],[-44.88302,-23.20333],[-44.87624,-23.19811],[-44.87259,-23.183],[-44.8606,-23.18143],[-44.8533,-23.17674],[-44.85382,-23.17309],[-44.846,-23.17309],[-44.84287,-23.16736],[-44.82306,-23.16006],[-44.82515,-23.1439],[-44.81681,-23.14077],[-44.81941,-23.13347],[-44.81107,-23.12565],[-44.81107,-23.11523],[-44.81576,-23.11053],[-44.80899,-23.10011],[-44.81211,-23.09229],[-44.81837,-23.0902],[-44.81211,-23.07978],[-44.81368,-23.06779],[-44.8069,-23.06205],[-44.81107,-23.05475],[-44.80221,-23.04954],[-44.80116,-23.0313],[-44.79595,-23.02608],[-44.79856,-23.02035],[-44.79282,-23.01149],[-44.80221,-23.00054],[-44.79282,-22.99376],[-44.79178,-22.98177],[-44.75477,-22.98021],[-44.75633,-22.97552],[-44.74903,-22.9703],[-44.75216,-22.96301],[-44.74382,-22.94789],[-44.71306,-22.93016],[-44.70316,-22.93642],[-44.69586,-22.93225],[-44.68752,-22.93694],[-44.67344,-22.91818],[-44.65885,-22.92808],[-44.63799,-22.91453]]]]},"properties":{"CD_MUN":"3303807","NM_MUN":"Paraty","SIGLA_UF":"RJ"}},{"type":"Feature","geometry":{"type":"Polygon","coordinates":[[[-43.41085,-22.79205],[-43.39156,-22.81447],[-43.4145,-22.82124],[-43.42805,-22.83741],[-43.45829,-22.84992],[-43.46976,-22.84105],[-43.44838,-22.82541],[-43.43744,-22.80873],[-43.41085,-22.79205]]]},"properties":{"CD_MUN":"3303203","NM_MUN":"Nilópolis","SIGLA_UF":"RJ"}},{"type":"Feature","geometry":{"type":"Polygon","coordinates":[[[-41.77493,-20.80018],[-41.75564,-20.80695],[-41.74991,-20.8179],[-41.7473,-20.81321],[-41.74052,-20.8179],[-41.74261,-20.82624],[-41.73688,-20.83667],[-41.74522,-20.85387],[-41.74157,-20.87316],[-41.7546,-20.87368],[-41.77389,-20.89193],[-41.81299,-20.94406],[-41.80778,-20.95709],[-41.79266,-20.96178],[-41.79058,-20.97169],[-41.83802,-21.05457],[-41.85261,-21.05666],[-41.84792,-21.05822],[-41.84792,-21.0723],[-41.84062,-21.06917],[-41.83906,-21.08116],[-41.84584,-21.09002],[-41.87242,-21.10149],[-41.8766,-21.11609],[-41.89588,-21.11869],[-41.89901,-21.13485],[-41.90475,-21.13746],[-41.9183,-21.13016],[-41.91309,-21.1359],[-41.92039,-21.13694],[-41.92977,-21.15675],[-41.94645,-21.15049],[-41.9647,-21.13381],[-41.9746,-21.13277],[-41.97616,-21.1213],[-42.00953,-21.12286],[-42.0163,-21.12703],[-42.01474,-21.13381],[-42.02725,-21.13329],[-42.03559,-21.11295],[-42.0236,-21.10149],[-42.01578,-21.0822],[-42.02256,-21.07334],[-42.03872,-21.07542],[-42.0382,-21.0676],[-42.05071,-21.03945],[-42.0799,-21.03059],[-42.08459,-21.02277],[-42.06687,-21.0259],[-42.01317,-21.01599],[-42.00587,-21.00974],[-42.00222,-21.01339],[-42.00014,-20.96543],[-41.98293,-20.95656],[-41.95218,-20.96021],[-41.94853,-20.93936],[-41.94331,-20.93884],[-41.9381,-20.94666],[-41.92611,-20.93311],[-41.90839,-20.92529],[-41.88336,-20.92529],[-41.90369,-20.90183],[-41.90474,-20.87889],[-41.86929,-20.86951],[-41.85886,-20.85648],[-41.82967,-20.84553],[-41.79943,-20.81582],[-41.77493,-20.80018]]]},"properties":{"CD_MUN":"3303104","NM_MUN":"Natividade","SIGLA_UF":"RJ"}},{"type":"Feature","geometry":{"type":"Polygon","coordinates":[[[-42.23578,-21.34389],[-42.22379,-21.33815],[-42.2045,-21.32669],[-42.19772,-21.31626],[-42.1727,-21.31418],[-42.16228,-21.31835],[-42.14351,-21.30584],[-42.13882,-21.31261],[-42.13048,-21.30896],[-42.13152,-21.31783],[-42.11588,-21.33555],[-42.09868,-21.33868],[-42.09294,-21.34493],[-42.09659,-21.34754],[-42.09399,-21.35067],[-42.07366,-21.35588],[-42.04968,-21.35432],[-42.03352,-21.34337],[-42.03925,-21.36527],[-42.0283,-21.37674],[-42.02987,-21.39029],[-42.03925,-21.39811],[-42.0575,-21.43356],[-42.07992,-21.45024],[-42.08513,-21.44711],[-42.09399,-21.45389],[-42.1065,-21.45337],[-42.12371,-21.47474],[-42.13309,-21.47005],[-42.2019,-21.469],[-42.2509,-21.44189],[-42.27853,-21.41322],[-42.2681,-21.40019],[-42.26028,-21.41009],[-42.23891,-21.40384],[-42.23787,-21.39289],[-42.25194,-21.38664],[-42.22953,-21.36683],[-42.23213,-21.35431],[-42.229,-21.35171],[-42.23578,-21.34389]]]},"properties":{"CD_MUN":"3303005","NM_MUN":"Miracema","SIGLA_UF":"RJ"}},{"type":"Feature","geometry":{"type":"Polygon","coordinates":[[[-42.55746,-22.1639],[-42.54494,-22.15608],[-42.52514,-22.16077],[-42.48604,-22.19414],[-42.485,-22.20196],[-42.47197,-22.2129],[-42.47509,-22.22594],[-42.35833,-22.30309],[-42.35155,-22.30153],[-42.34581,-22.30622],[-42.33591,-22.30049],[-42.28743,-22.29319],[-42.27909,-22.29475],[-42.26553,-22.30779],[-42.25094,-22.30674],[-42.26553,-22.31717],[-42.21653,-22.34219],[-42.20611,-22.36878],[-42.2254,-22.35262],[-42.22331,-22.3594],[-42.25824,-22.36669],[-42.29004,-22.39119],[-42.27857,-22.40214],[-42.31558,-22.42508],[-42.32445,-22.42143],[-42.32549,-22.42612],[-42.33696,-22.42977],[-42.34373,-22.42456],[-42.35468,-22.42977],[-42.36615,-22.41986],[-42.37136,-22.4256],[-42.38961,-22.42195],[-42.40421,-22.42925],[-42.42297,-22.4282],[-42.45269,-22.43498],[-42.45738,-22.44332],[-42.47145,-22.44853],[-42.49335,-22.43706],[-42.51159,-22.43394],[-42.53714,-22.45687],[-42.55173,-22.45531],[-42.55851,-22.44801],[-42.57154,-22.44957],[-42.57623,-22.44175],[-42.55799,-22.42351],[-42.55486,-22.41204],[-42.55955,-22.41152],[-42.55121,-22.38702],[-42.55799,-22.37868],[-42.55434,-22.37398],[-42.56268,-22.36617],[-42.56163,-22.36147],[-42.58561,-22.35626],[-42.59604,-22.36877],[-42.60907,-22.37346],[-42.61689,-22.38545],[-42.64921,-22.39588],[-42.66068,-22.38597],[-42.6831,-22.39327],[-42.69509,-22.38858],[-42.69665,-22.38024],[-42.71125,-22.37815],[-42.71073,-22.36251],[-42.72741,-22.35573],[-42.72324,-22.35104],[-42.72793,-22.33592],[-42.71802,-22.32863],[-42.72636,-22.31664],[-42.71177,-22.2937],[-42.71802,-22.2791],[-42.71437,-22.26763],[-42.67423,-22.24053],[-42.6711,-22.22385],[-42.65963,-22.21863],[-42.65859,-22.20925],[-42.65181,-22.21394],[-42.64452,-22.21238],[-42.64712,-22.20612],[-42.63878,-22.20195],[-42.64295,-22.19622],[-42.64139,-22.18788],[-42.62679,-22.18788],[-42.61219,-22.19674],[-42.59186,-22.17901],[-42.5658,-22.17849],[-42.56423,-22.17276],[-42.55537,-22.17224],[-42.55746,-22.1639]]]},"properties":{"CD_MUN":"3303401","NM_MUN":"Nova Friburgo","SIGLA_UF":"RJ"}},{"type":"Feature","geometry":{"type":"Polygon","coordinates":[[[-43.10329,-22.85774],[-43.05116,-22.87443],[-43.02926,-22.87703],[-43.00841,-22.89215],[-42.99016,-22.88903],[-42.98652,-22.91144],[-42.98026,-22.91718],[-42.97453,-22.90675],[-42.9542,-22.90102],[-42.95524,-22.90884],[-42.97453,-22.91874],[-42.99225,-22.94011],[-43.02249,-22.96149],[-43.02353,-22.97139],[-43.01415,-22.97713],[-43.02353,-22.97608],[-43.0277,-22.9813],[-43.03969,-22.97504],[-43.05168,-22.98286],[-43.04595,-22.97296],[-43.05272,-22.96409],[-43.0694,-22.95836],[-43.11059,-22.95419],[-43.11371,-22.94741],[-43.11997,-22.94689],[-43.11789,-22.93855],[-43.13561,-22.93907],[-43.12623,-22.93542],[-43.12466,-22.92395],[-43.11684,-22.93177],[-43.11267,-22.93021],[-43.1085,-22.93803],[-43.09495,-22.92499],[-43.09755,-22.91509],[-43.11111,-22.91665],[-43.11736,-22.9057],[-43.13092,-22.91196],[-43.13717,-22.90362],[-43.12414,-22.89267],[-43.12622,-22.88589],[-43.13404,-22.88589],[-43.13144,-22.8786],[-43.11528,-22.88172],[-43.10329,-22.85774]]]},"properties":{"CD_MUN":"3303302","NM_MUN":"Niterói","SIGLA_UF":"RJ"}},{"type":"Feature","geometry":{"type":"Polygon","coordinates":[[[-42.8859,-22.86765],[-42.84629,-22.87287],[-42.83012,-22.86818],[-42.82543,-22.85932],[-42.79676,-22.85045],[-42.76757,-22.84368],[-42.75297,-22.85202],[-42.73316,-22.84107],[-42.717,-22.85411],[-42.70188,-22.84994],[-42.69719,-22.85723],[-42.6607,-22.85932],[-42.67843,-22.87809],[-42.67582,-22.90467],[-42.68104,-22.90989],[-42.67009,-22.91093],[-42.65601,-22.90467],[-42.64194,-22.91041],[-42.63673,-22.92344],[-42.64402,-22.93908],[-42.67999,-22.9469],[-42.68573,-22.95941],[-42.69198,-22.96254],[-42.70554,-22.9568],[-42.73369,-22.9568],[-42.8588,-22.96514],[-42.91823,-22.97504],[-42.99434,-22.96983],[-43.01206,-22.97243],[-43.01415,-22.97713],[-43.02353,-22.97139],[-43.02249,-22.96149],[-42.99225,-22.94011],[-42.97453,-22.91874],[-42.95524,-22.90884],[-42.9542,-22.90102],[-42.9542,-22.89215],[-42.90206,-22.8786],[-42.8859,-22.86765]]]},"properties":{"CD_MUN":"3302700","NM_MUN":"Maricá","SIGLA_UF":"RJ"}},{"type":"Feature","geometry":{"type":"MultiPolygon","coordinates":[[[[-43.81695,-23.05999],[-43.81122,-23.06625],[-43.95458,-23.08814],[-43.98638,-23.10222],[-44.00671,-23.09544],[-44.01244,-23.07823],[-44.00671,-23.07146],[-43.99367,-23.06833],[-43.99107,-23.05738],[-43.98429,-23.05947],[-43.97386,-23.04591],[-43.9551,-23.04018],[-43.94884,-23.04904],[-43.90088,-23.06781],[-43.88003,-23.06468],[-43.8769,-23.05217],[-43.88055,-23.04227],[-43.91183,-23.02037],[-43.85813,-23.048],[-43.81695,-23.05999]]],[[[-43.93841,-22.88744],[-43.93632,-22.89317],[-43.9259,-22.89474],[-43.91078,-22.88483],[-43.89305,-22.88223],[-43.88471,-22.88535],[-43.88472,-22.92237],[-43.91026,-22.93071],[-43.95092,-22.92706],[-43.96447,-22.93488],[-43.97699,-22.93175],[-43.99158,-22.94061],[-44.00044,-22.94269],[-44.00305,-22.93905],[-44.01244,-22.95156],[-44.02234,-22.95625],[-44.02025,-22.96198],[-44.03016,-22.96407],[-44.03277,-22.98023],[-44.04476,-22.98492],[-44.0557,-22.98127],[-44.04163,-22.9625],[-44.04476,-22.95677],[-44.03902,-22.95051],[-44.04632,-22.93904],[-44.08125,-22.95677],[-44.08333,-22.9599],[-44.07551,-22.97345],[-44.08177,-22.99222],[-44.09532,-22.99587],[-44.09585,-23.00525],[-44.11305,-23.02349],[-44.15267,-23.0407],[-44.15997,-23.03183],[-44.16622,-23.03392],[-44.16309,-23.0089],[-44.18863,-22.95155],[-44.18759,-22.93956],[-44.19332,-22.92861],[-44.18186,-22.92653],[-44.17612,-22.93018],[-44.17352,-22.9161],[-44.16309,-22.90099],[-44.15579,-22.90255],[-44.14224,-22.88274],[-44.12608,-22.87596],[-44.11304,-22.86032],[-44.0875,-22.88378],[-44.07968,-22.87909],[-44.05153,-22.87805],[-44.04058,-22.88274],[-44.0067,-22.85981],[-43.99992,-22.86085],[-43.99366,-22.86971],[-43.97959,-22.86502],[-43.96499,-22.88639],[-43.93841,-22.88744]]]]},"properties":{"CD_MUN":"3302601","NM_MUN":"Mangaratiba","SIGLA_UF":"RJ"}},{"type":"Feature","geometry":{"type":"Polygon","coordinates":[[[-43.02559,-22.4553],[-43.02507,-22.46103],[-43.01621,-22.46624],[-42.99849,-22.45947],[-42.98389,-22.46312],[-42.97607,-22.47094],[-42.96304,-22.46416],[-42.95574,-22.46572],[-42.9547,-22.45738],[-42.94114,-22.45738],[-42.93489,-22.45165],[-42.91195,-22.4553],[-42.92081,-22.46103],[-42.92134,-22.47563],[-42.90726,-22.49596],[-42.88902,-22.50691],[-42.8885,-22.51264],[-42.89788,-22.5189],[-42.89267,-22.52411],[-42.89162,-22.53715],[-42.86608,-22.56895],[-42.88381,-22.58302],[-42.88746,-22.5924],[-42.90674,-22.60127],[-42.91039,-22.61951],[-42.9031,-22.62629],[-42.89997,-22.63932],[-42.90675,-22.65548],[-42.91248,-22.65652],[-42.90935,-22.66017],[-42.91457,-22.6633],[-42.91248,-22.67216],[-42.9276,-22.69354],[-42.94324,-22.69927],[-42.94376,-22.70657],[-42.9594,-22.71543],[-42.96201,-22.72429],[-42.9667,-22.72221],[-42.974,-22.73159],[-42.97817,-22.72742],[-42.99172,-22.72794],[-43.0058,-22.71491],[-43.01414,-22.71908],[-43.01466,-22.72481],[-43.02769,-22.72533],[-43.03447,-22.71751],[-43.03395,-22.70709],[-43.02613,-22.70605],[-43.03551,-22.69875],[-43.03238,-22.69249],[-43.03812,-22.68884],[-43.0402,-22.69145],[-43.04385,-22.68571],[-43.05011,-22.68988],[-43.05428,-22.68206],[-43.06627,-22.68728],[-43.0866,-22.67529],[-43.08503,-22.67894],[-43.09285,-22.68571],[-43.10745,-22.68728],[-43.10641,-22.6951],[-43.1137,-22.68884],[-43.11683,-22.70656],[-43.12726,-22.71438],[-43.14967,-22.70761],[-43.18147,-22.72064],[-43.21536,-22.72741],[-43.22422,-22.71595],[-43.21432,-22.70552],[-43.21901,-22.68102],[-43.22474,-22.67424],[-43.21848,-22.65391],[-43.19502,-22.62941],[-43.1945,-22.62315],[-43.22526,-22.56372],[-43.19606,-22.56216],[-43.12256,-22.53088],[-43.10848,-22.53401],[-43.07147,-22.50482],[-43.07825,-22.48762],[-43.05896,-22.48345],[-43.05531,-22.46781],[-43.04749,-22.46051],[-43.04071,-22.45582],[-43.03289,-22.46207],[-43.02559,-22.4553]]]},"properties":{"CD_MUN":"3302502","NM_MUN":"Magé","SIGLA_UF":"RJ"}},{"type":"Feature","geometry":{"type":"Polygon","coordinates":[[[-43.49216,-22.41931],[-43.44003,-22.44486],[-43.44211,-22.45007],[-43.43534,-22.4605],[-43.44107,-22.4678],[-43.43377,-22.47562],[-43.42126,-22.46936],[-43.4051,-22.46988],[-43.37069,-22.45216],[-43.35089,-22.44903],[-43.32013,-22.45894],[-43.29823,-22.45216],[-43.28833,-22.45998],[-43.30345,-22.47406],[-43.29667,-22.47614],[-43.33212,-22.51263],[-43.3316,-22.51941],[-43.36705,-22.52723],[-43.37487,-22.52097],[-43.38425,-22.53036],[-43.40406,-22.53505],[-43.4197,-22.53817],[-43.44681,-22.52723],[-43.46818,-22.54443],[-43.47287,-22.54026],[-43.49164,-22.55068],[-43.50989,-22.57154],[-43.53282,-22.56632],[-43.53595,-22.57049],[-43.54273,-22.5658],[-43.55003,-22.5731],[-43.55785,-22.56736],[-43.56045,-22.57883],[-43.58339,-22.58144],[-43.5886,-22.59291],[-43.61988,-22.6148],[-43.62197,-22.64243],[-43.65325,-22.61532],[-43.61154,-22.58352],[-43.59746,-22.56476],[-43.56045,-22.50481],[-43.5542,-22.5267],[-43.5396,-22.45163],[-43.53073,-22.44277],[-43.51718,-22.44694],[-43.50467,-22.43495],[-43.50832,-22.42661],[-43.49216,-22.41931]]]},"properties":{"CD_MUN":"3302908","NM_MUN":"Miguel Pereira","SIGLA_UF":"RJ"}},{"type":"Feature","geometry":{"type":"Polygon","coordinates":[[[-43.75489,-22.45997],[-43.74916,-22.4631],[-43.7502,-22.4704],[-43.74082,-22.48291],[-43.71684,-22.49646],[-43.69755,-22.5413],[-43.71267,-22.55068],[-43.71371,-22.56163],[-43.72831,-22.56371],[-43.77106,-22.59603],[-43.7721,-22.60698],[-43.77523,-22.59759],[-43.77106,-22.58925],[-43.77784,-22.58196],[-43.77627,-22.56736],[-43.78253,-22.56475],[-43.78826,-22.55068],[-43.79764,-22.55224],[-43.79191,-22.53504],[-43.77783,-22.53191],[-43.76949,-22.51783],[-43.76584,-22.45945],[-43.75489,-22.45997]]]},"properties":{"CD_MUN":"3302809","NM_MUN":"Mendes","SIGLA_UF":"RJ"}},{"type":"Feature","geometry":{"type":"Polygon","coordinates":[[[-42.11848,-21.07542],[-42.11952,-21.0676],[-42.10075,-21.04987],[-42.10075,-21.03476],[-42.08094,-21.03632],[-42.0799,-21.03059],[-42.05071,-21.03945],[-42.0382,-21.0676],[-42.03872,-21.07542],[-42.02256,-21.07334],[-42.01578,-21.0822],[-42.0236,-21.10149],[-42.03559,-21.11295],[-42.02725,-21.13329],[-42.01474,-21.13381],[-42.0163,-21.12703],[-42.00953,-21.12286],[-41.97616,-21.1213],[-41.9746,-21.13277],[-41.9647,-21.13381],[-41.94645,-21.15049],[-41.92977,-21.15675],[-41.92039,-21.13694],[-41.91309,-21.1359],[-41.9183,-21.13016],[-41.90475,-21.13746],[-41.89901,-21.13485],[-41.89588,-21.11869],[-41.8766,-21.11609],[-41.87242,-21.10149],[-41.84584,-21.09002],[-41.83906,-21.08116],[-41.82447,-21.10149],[-41.81508,-21.10462],[-41.82916,-21.12234],[-41.81404,-21.12234],[-41.81248,-21.11817],[-41.79892,-21.11557],[-41.80362,-21.14372],[-41.76452,-21.15258],[-41.764,-21.17708],[-41.74627,-21.16926],[-41.72751,-21.16978],[-41.72751,-21.17708],[-41.71917,-21.18125],[-41.71969,-21.19116],[-41.73064,-21.20367],[-41.72021,-21.20523],[-41.72751,-21.22087],[-41.71969,-21.22452],[-41.70457,-21.21931],[-41.69988,-21.23703],[-41.68945,-21.24329],[-41.68216,-21.25737],[-41.67382,-21.25007],[-41.63993,-21.24486],[-41.62951,-21.25476],[-41.63837,-21.26102],[-41.62534,-21.26414],[-41.62012,-21.27509],[-41.60761,-21.27822],[-41.60344,-21.29438],[-41.58624,-21.30376],[-41.58728,-21.31263],[-41.58416,-21.31732],[-41.58989,-21.32566],[-41.60657,-21.32931],[-41.61648,-21.33973],[-41.62534,-21.34026],[-41.62169,-21.3585],[-41.64775,-21.34599],[-41.65036,-21.35902],[-41.66756,-21.34599],[-41.67486,-21.34703],[-41.70145,-21.36475],[-41.70354,-21.37205],[-41.72074,-21.36684],[-41.7614,-21.3903],[-41.7687,-21.39916],[-41.78017,-21.39968],[-41.77808,-21.38769],[-41.83855,-21.28812],[-41.85367,-21.30063],[-41.86931,-21.3048],[-41.88494,-21.29542],[-41.89641,-21.30271],[-41.91935,-21.29646],[-41.93238,-21.3121],[-41.94229,-21.30845],[-41.95584,-21.31418],[-41.96418,-21.31001],[-41.98556,-21.31314],[-41.98764,-21.322],[-41.99963,-21.32826],[-42.02413,-21.32982],[-42.03352,-21.34337],[-42.04968,-21.35432],[-42.07366,-21.35588],[-42.09399,-21.35067],[-42.09659,-21.34754],[-42.09294,-21.34493],[-42.08512,-21.33712],[-42.08565,-21.32721],[-42.07626,-21.32513],[-42.0747,-21.32043],[-42.07939,-21.30949],[-42.08825,-21.3074],[-42.07887,-21.29958],[-42.07574,-21.28029],[-42.07991,-21.27456],[-42.07,-21.26622],[-42.06114,-21.26726],[-42.05489,-21.25319],[-42.04967,-21.25527],[-42.02986,-21.24589],[-42.03508,-21.23859],[-42.05436,-21.2339],[-42.05332,-21.2266],[-42.04394,-21.21878],[-42.05071,-21.21409],[-42.04863,-21.19636],[-42.0554,-21.19688],[-42.04758,-21.1802],[-42.07991,-21.1776],[-42.08773,-21.1948],[-42.1018,-21.18385],[-42.10493,-21.19897],[-42.11118,-21.20366],[-42.10597,-21.21044],[-42.11275,-21.21461],[-42.12578,-21.2021],[-42.12057,-21.19532],[-42.1336,-21.18124],[-42.12995,-21.1703],[-42.12265,-21.17186],[-42.12317,-21.16717],[-42.15028,-21.16091],[-42.1654,-21.17499],[-42.1654,-21.16143],[-42.15966,-21.16039],[-42.16748,-21.15883],[-42.17687,-21.17811],[-42.18573,-21.17499],[-42.19094,-21.16508],[-42.18729,-21.16195],[-42.19511,-21.16039],[-42.19198,-21.14892],[-42.17895,-21.1411],[-42.1753,-21.13224],[-42.17009,-21.12859],[-42.17061,-21.11451],[-42.16383,-21.10148],[-42.14037,-21.10357],[-42.13255,-21.08115],[-42.11848,-21.07542]]]},"properties":{"CD_MUN":"3302205","NM_MUN":"Itaperuna","SIGLA_UF":"RJ"}},{"type":"Feature","geometry":{"type":"Polygon","coordinates":[[[-42.04083,-21.63374],[-42.02884,-21.63009],[-42.01007,-21.64],[-42.00069,-21.63791],[-41.93761,-21.59725],[-41.93761,-21.74165],[-41.95221,-21.72914],[-41.97515,-21.73488],[-41.97619,-21.73957],[-41.98349,-21.73383],[-42.00486,-21.74634],[-42.01216,-21.74582],[-42.02206,-21.75677],[-42.01372,-21.77189],[-42.03145,-21.76615],[-42.04344,-21.78388],[-42.04865,-21.77971],[-42.05543,-21.78179],[-42.06325,-21.7917],[-42.05908,-21.80108],[-42.07159,-21.79743],[-42.08931,-21.80212],[-42.09244,-21.81307],[-42.10339,-21.81046],[-42.11382,-21.82506],[-42.12476,-21.82506],[-42.12581,-21.83079],[-42.11642,-21.83757],[-42.12059,-21.8506],[-42.13675,-21.83757],[-42.1451,-21.8433],[-42.1378,-21.85321],[-42.14197,-21.85894],[-42.16699,-21.85946],[-42.20608,-21.78492],[-42.23736,-21.69838],[-42.19409,-21.6843],[-42.18784,-21.68587],[-42.18731,-21.69056],[-42.14926,-21.69317],[-42.13154,-21.70412],[-42.11798,-21.69734],[-42.11173,-21.68483],[-42.09504,-21.67127],[-42.04083,-21.63374]]]},"properties":{"CD_MUN":"3302106","NM_MUN":"Itaocara","SIGLA_UF":"RJ"}},{"type":"Feature","geometry":{"type":"Polygon","coordinates":[[[-41.78017,-21.39968],[-41.7687,-21.39916],[-41.7614,-21.3903],[-41.72074,-21.36684],[-41.70354,-21.37205],[-41.70145,-21.36475],[-41.67486,-21.34703],[-41.66756,-21.34599],[-41.65036,-21.35902],[-41.64775,-21.34599],[-41.62169,-21.3585],[-41.62534,-21.34026],[-41.61648,-21.33973],[-41.60657,-21.32931],[-41.58989,-21.32566],[-41.58416,-21.31732],[-41.55184,-21.42992],[-41.57426,-21.4466],[-41.57947,-21.45911],[-41.59407,-21.46954],[-41.60084,-21.48309],[-41.61857,-21.47163],[-41.65558,-21.47944],[-41.62691,-21.59622],[-41.68269,-21.51698],[-41.74264,-21.46432],[-41.71136,-21.45598],[-41.78017,-21.39968]]]},"properties":{"CD_MUN":"3302056","NM_MUN":"Italva","SIGLA_UF":"RJ"}},{"type":"Feature","geometry":{"type":"MultiPolygon","coordinates":[[[[-43.66682,-23.04279],[-43.66838,-23.05426],[-43.81122,-23.06625],[-43.81695,-23.05999],[-43.73407,-23.05843],[-43.66682,-23.04279]]],[[[-43.78514,-22.69247],[-43.75334,-22.69977],[-43.74813,-22.68517],[-43.71111,-22.64764],[-43.71215,-22.64086],[-43.69287,-22.64973],[-43.67775,-22.64764],[-43.66993,-22.65286],[-43.65742,-22.65807],[-43.64126,-22.65129],[-43.63344,-22.66172],[-43.63657,-22.66954],[-43.64543,-22.6711],[-43.65168,-22.67996],[-43.63709,-22.71646],[-43.64387,-22.73679],[-43.64387,-22.75451],[-43.63344,-22.77276],[-43.63449,-22.7884],[-43.62302,-22.82332],[-43.64648,-22.84418],[-43.67411,-22.85408],[-43.68141,-22.86346],[-43.71946,-22.87024],[-43.74553,-22.86868],[-43.75178,-22.88901],[-43.77993,-22.89578],[-43.7841,-22.90412],[-43.78723,-22.901],[-43.79401,-22.90412],[-43.7914,-22.91403],[-43.79453,-22.91768],[-43.80652,-22.91507],[-43.8159,-22.91924],[-43.81486,-22.91246],[-43.82216,-22.91142],[-43.81955,-22.92133],[-43.84145,-22.92967],[-43.85187,-22.92497],[-43.85396,-22.91872],[-43.83571,-22.91298],[-43.83258,-22.90777],[-43.83988,-22.90256],[-43.85344,-22.90256],[-43.87429,-22.90725],[-43.88472,-22.92237],[-43.88471,-22.88535],[-43.89305,-22.88223],[-43.91078,-22.88483],[-43.9259,-22.89474],[-43.93632,-22.89317],[-43.93841,-22.88744],[-43.93997,-22.8791],[-43.92955,-22.87441],[-43.91026,-22.84573],[-43.91234,-22.83635],[-43.90504,-22.83062],[-43.89097,-22.82957],[-43.87898,-22.81237],[-43.83884,-22.7983],[-43.82268,-22.78318],[-43.8232,-22.77692],[-43.81277,-22.77275],[-43.82163,-22.7665],[-43.82841,-22.76806],[-43.83936,-22.75659],[-43.83466,-22.75242],[-43.83206,-22.72948],[-43.78514,-22.69247]]]]},"properties":{"CD_MUN":"3302007","NM_MUN":"Itaguaí","SIGLA_UF":"RJ"}},{"type":"Feature","geometry":{"type":"Polygon","coordinates":[[[-41.81774,-22.41675],[-41.82556,-22.40945],[-41.85423,-22.40841],[-41.86205,-22.41936],[-41.87874,-22.41936],[-41.90688,-22.40007],[-41.94129,-22.39277],[-41.93868,-22.37765],[-41.94442,-22.39225],[-41.95067,-22.39381],[-41.95276,-22.38912],[-41.96527,-22.38808],[-41.97987,-22.39642],[-42.00124,-22.39902],[-42.02418,-22.38912],[-42.0638,-22.41935],[-42.06328,-22.43395],[-42.06901,-22.43603],[-42.07631,-22.43134],[-42.0883,-22.43916],[-42.10602,-22.43603],[-42.0982,-22.40945],[-42.09977,-22.40528],[-42.11749,-22.40267],[-42.12687,-22.41309],[-42.13834,-22.41362],[-42.14564,-22.42769],[-42.15294,-22.42196],[-42.1618,-22.42404],[-42.1618,-22.42821],[-42.17171,-22.42196],[-42.18317,-22.4329],[-42.18995,-22.43342],[-42.20298,-22.42925],[-42.20768,-22.42091],[-42.20507,-22.41413],[-42.21914,-22.40631],[-42.2108,-22.39589],[-42.21393,-22.39172],[-42.20767,-22.38755],[-42.2108,-22.38129],[-42.21601,-22.38286],[-42.21549,-22.37451],[-42.20611,-22.36878],[-42.21653,-22.34219],[-42.26553,-22.31717],[-42.25094,-22.30674],[-42.24677,-22.29267],[-42.23895,-22.28641],[-42.23373,-22.2885],[-42.22696,-22.27494],[-42.19776,-22.24836],[-42.18317,-22.24367],[-42.17847,-22.23324],[-42.15866,-22.21552],[-42.1472,-22.2103],[-42.12843,-22.21448],[-42.09298,-22.20197],[-42.09715,-22.18424],[-42.08829,-22.16964],[-42.07578,-22.16391],[-42.02677,-22.15766],[-42.02,-22.14723],[-41.9835,-22.1269],[-41.97829,-22.12534],[-41.97151,-22.13211],[-41.97204,-22.15766],[-41.95275,-22.15192],[-41.9345,-22.16496],[-41.92043,-22.16183],[-41.91939,-22.17121],[-41.91365,-22.16965],[-41.90792,-22.17486],[-41.91105,-22.18633],[-41.90062,-22.18894],[-41.90636,-22.2051],[-41.91574,-22.21083],[-41.91782,-22.22856],[-41.90219,-22.23168],[-41.9001,-22.2395],[-41.90688,-22.24263],[-41.89802,-22.24524],[-41.89228,-22.25671],[-41.88603,-22.25931],[-41.88655,-22.26922],[-41.88186,-22.27339],[-41.86361,-22.27443],[-41.83963,-22.19989],[-41.8193,-22.18633],[-41.82399,-22.14567],[-41.77134,-22.17956],[-41.69314,-22.10918],[-41.67489,-22.07686],[-41.66342,-22.06904],[-41.66186,-22.05914],[-41.65769,-22.0581],[-41.61651,-22.04715],[-41.54613,-22.05497],[-41.52006,-22.01796],[-41.4794,-21.99919],[-41.47419,-22.00336],[-41.46637,-21.98668],[-41.45282,-21.98303],[-41.45073,-21.97313],[-41.4403,-21.98303],[-41.27714,-22.0654],[-41.25681,-22.09981],[-41.20781,-22.09668],[-41.1953,-22.10503],[-41.19113,-22.10398],[-41.19321,-22.09773],[-41.18956,-22.10138],[-41.17653,-22.09564],[-41.16037,-22.10242],[-41.15933,-22.09408],[-41.14578,-22.09929],[-41.14108,-22.09512],[-41.14525,-22.08939],[-41.13066,-22.09147],[-41.16819,-22.11597],[-41.23231,-22.14412],[-41.48567,-22.21293],[-41.5378,-22.23326],[-41.64206,-22.27548],[-41.69367,-22.30311],[-41.74059,-22.34064],[-41.76665,-22.35576],[-41.77447,-22.374],[-41.76665,-22.37765],[-41.77082,-22.38443],[-41.7677,-22.38912],[-41.81774,-22.41675]]]},"properties":{"CD_MUN":"3302403","NM_MUN":"Macaé","SIGLA_UF":"RJ"}},{"type":"Feature","geometry":{"type":"Polygon","coordinates":[[[-42.20241,-21.2219],[-42.20137,-21.20887],[-42.19459,-21.20209],[-42.20814,-21.17811],[-42.19928,-21.17394],[-42.19511,-21.16039],[-42.18729,-21.16195],[-42.19094,-21.16508],[-42.18573,-21.17499],[-42.17687,-21.17811],[-42.16748,-21.15883],[-42.15966,-21.16039],[-42.1654,-21.16143],[-42.1654,-21.17499],[-42.15028,-21.16091],[-42.12317,-21.16717],[-42.12265,-21.17186],[-42.12995,-21.1703],[-42.1336,-21.18124],[-42.12057,-21.19532],[-42.12578,-21.2021],[-42.11275,-21.21461],[-42.10597,-21.21044],[-42.11118,-21.20366],[-42.10493,-21.19897],[-42.1018,-21.18385],[-42.08773,-21.1948],[-42.07991,-21.1776],[-42.04758,-21.1802],[-42.0554,-21.19688],[-42.04863,-21.19636],[-42.05071,-21.21409],[-42.04394,-21.21878],[-42.05332,-21.2266],[-42.05436,-21.2339],[-42.03508,-21.23859],[-42.02986,-21.24589],[-42.04967,-21.25527],[-42.05489,-21.25319],[-42.06114,-21.26726],[-42.07,-21.26622],[-42.07991,-21.27456],[-42.07574,-21.28029],[-42.07887,-21.29958],[-42.08825,-21.3074],[-42.07939,-21.30949],[-42.0747,-21.32043],[-42.07626,-21.32513],[-42.08565,-21.32721],[-42.08512,-21.33712],[-42.09294,-21.34493],[-42.09868,-21.33868],[-42.11588,-21.33555],[-42.13152,-21.31783],[-42.13048,-21.30896],[-42.13882,-21.31261],[-42.14351,-21.30584],[-42.16228,-21.31835],[-42.1727,-21.31418],[-42.19772,-21.31626],[-42.2045,-21.32669],[-42.22379,-21.33815],[-42.23786,-21.31887],[-42.22952,-21.30844],[-42.22848,-21.2829],[-42.18938,-21.24953],[-42.19511,-21.24015],[-42.18834,-21.23077],[-42.19094,-21.22399],[-42.1972,-21.2266],[-42.20241,-21.2219]]]},"properties":{"CD_MUN":"3302304","NM_MUN":"Laje do Muriaé","SIGLA_UF":"RJ"}},{"type":"Feature","geometry":{"type":"Polygon","coordinates":[[[-44.66039,-22.38071],[-44.64579,-22.36507],[-44.64266,-22.3536],[-44.62806,-22.3463],[-44.62598,-22.33588],[-44.60982,-22.32701],[-44.58792,-22.32024],[-44.58063,-22.32806],[-44.57072,-22.32441],[-44.56394,-22.33275],[-44.5457,-22.32389],[-44.54309,-22.33223],[-44.54153,-22.33588],[-44.54987,-22.3437],[-44.54935,-22.35673],[-44.5556,-22.36507],[-44.56551,-22.36507],[-44.57489,-22.35777],[-44.58375,-22.36038],[-44.61399,-22.38696],[-44.59939,-22.39843],[-44.48575,-22.43753],[-44.47898,-22.45787],[-44.48888,-22.46256],[-44.48471,-22.46725],[-44.51286,-22.47298],[-44.51495,-22.48549],[-44.52954,-22.48654],[-44.5358,-22.49488],[-44.54935,-22.49644],[-44.57594,-22.51729],[-44.57646,-22.52668],[-44.56604,-22.52876],[-44.56447,-22.53345],[-44.58116,-22.5444],[-44.58533,-22.55952],[-44.59315,-22.56525],[-44.60514,-22.56369],[-44.61556,-22.55587],[-44.62651,-22.53554],[-44.62755,-22.51781],[-44.61921,-22.50947],[-44.6166,-22.48862],[-44.66039,-22.38071]]]},"properties":{"CD_MUN":"3302254","NM_MUN":"Itatiaia","SIGLA_UF":"RJ"}},{"type":"Feature","geometry":{"type":"Polygon","coordinates":[[[-43.40406,-22.53505],[-43.38425,-22.53036],[-43.37487,-22.52097],[-43.36705,-22.52723],[-43.3316,-22.51941],[-43.33212,-22.51263],[-43.29667,-22.47614],[-43.23829,-22.51055],[-43.23255,-22.51941],[-43.2263,-22.51681],[-43.22161,-22.5215],[-43.2263,-22.52932],[-43.2336,-22.52306],[-43.24611,-22.52723],[-43.26071,-22.56164],[-43.25445,-22.57519],[-43.22526,-22.56372],[-43.1945,-22.62315],[-43.19502,-22.62941],[-43.21848,-22.65391],[-43.22474,-22.67424],[-43.21901,-22.68102],[-43.21432,-22.70552],[-43.22422,-22.71595],[-43.21536,-22.72741],[-43.21275,-22.73315],[-43.2164,-22.73628],[-43.22631,-22.74045],[-43.23569,-22.73576],[-43.23256,-22.73993],[-43.24455,-22.74618],[-43.24247,-22.75035],[-43.25289,-22.75713],[-43.25915,-22.75609],[-43.25394,-22.75921],[-43.27792,-22.78111],[-43.27687,-22.7858],[-43.28887,-22.80196],[-43.28782,-22.80874],[-43.29929,-22.80613],[-43.30711,-22.79883],[-43.33005,-22.80248],[-43.33057,-22.7566],[-43.32014,-22.70969],[-43.32692,-22.70656],[-43.32692,-22.69665],[-43.35194,-22.6977],[-43.37123,-22.67476],[-43.40094,-22.65755],[-43.38269,-22.63149],[-43.38269,-22.62367],[-43.38947,-22.61585],[-43.41032,-22.61168],[-43.41553,-22.60073],[-43.41449,-22.59343],[-43.40302,-22.58822],[-43.3879,-22.57102],[-43.39207,-22.55642],[-43.40927,-22.54547],[-43.40406,-22.54235],[-43.40406,-22.53505]]]},"properties":{"CD_MUN":"3301702","NM_MUN":"Duque de Caxias","SIGLA_UF":"RJ"}},{"type":"Feature","geometry":{"type":"Polygon","coordinates":[[[-42.57205,-22.0195],[-42.56006,-21.99969],[-42.54494,-22.00281],[-42.52148,-21.9903],[-42.52304,-21.98613],[-42.51522,-21.97988],[-42.52565,-21.97883],[-42.51991,-21.97154],[-42.52565,-21.96424],[-42.51157,-21.94964],[-42.50115,-21.94651],[-42.51001,-21.93035],[-42.50532,-21.9267],[-42.50479,-21.91419],[-42.41514,-22.04035],[-42.4021,-22.0586],[-42.34581,-22.10708],[-42.37552,-22.11751],[-42.38751,-22.13002],[-42.39325,-22.12897],[-42.39585,-22.12063],[-42.42348,-22.11959],[-42.42817,-22.1149],[-42.43808,-22.12272],[-42.46988,-22.11281],[-42.46414,-22.13002],[-42.52514,-22.16077],[-42.54494,-22.15608],[-42.55746,-22.1639],[-42.57362,-22.16338],[-42.57779,-22.14148],[-42.61063,-22.14096],[-42.61688,-22.1347],[-42.60698,-22.1274],[-42.60906,-22.12167],[-42.60176,-22.11177],[-42.59551,-22.11229],[-42.58665,-22.10395],[-42.60333,-22.09821],[-42.60593,-22.09091],[-42.59811,-22.0784],[-42.58821,-22.07736],[-42.57361,-22.06485],[-42.57413,-22.05755],[-42.58091,-22.04973],[-42.5684,-22.04504],[-42.56318,-22.03149],[-42.57465,-22.02679],[-42.57205,-22.0195]]]},"properties":{"CD_MUN":"3301603","NM_MUN":"Duas Barras","SIGLA_UF":"RJ"}},{"type":"Feature","geometry":{"type":"Polygon","coordinates":[[[-42.2431,-21.97311],[-42.23059,-21.97571],[-42.22069,-21.99448],[-42.2233,-22.00804],[-42.21913,-22.0096],[-42.2332,-22.02941],[-42.23946,-22.02472],[-42.25093,-22.02941],[-42.2405,-22.03514],[-42.2624,-22.05078],[-42.26135,-22.06538],[-42.26552,-22.06486],[-42.27022,-22.07372],[-42.26552,-22.07737],[-42.26761,-22.08936],[-42.27804,-22.09613],[-42.27595,-22.1076],[-42.26657,-22.10604],[-42.26344,-22.12012],[-42.29368,-22.11542],[-42.29889,-22.12428],[-42.31453,-22.11021],[-42.32808,-22.12272],[-42.34164,-22.12533],[-42.34581,-22.10708],[-42.4021,-22.0586],[-42.41514,-22.04035],[-42.38386,-22.00282],[-42.363,-22.0049],[-42.31557,-21.99917],[-42.30827,-21.98145],[-42.30097,-21.98822],[-42.29993,-21.97519],[-42.27908,-21.9877],[-42.27126,-21.9851],[-42.2577,-21.98979],[-42.2504,-21.97676],[-42.2431,-21.97311]]]},"properties":{"CD_MUN":"3301504","NM_MUN":"Cordeiro","SIGLA_UF":"RJ"}},{"type":"Feature","geometry":{"type":"Polygon","coordinates":[[[-42.90675,-22.65548],[-42.84471,-22.63672],[-42.79102,-22.63568],[-42.74619,-22.68676],[-42.71231,-22.72378],[-42.69979,-22.72795],[-42.69093,-22.76183],[-42.67738,-22.77122],[-42.68937,-22.78634],[-42.68833,-22.79363],[-42.66018,-22.80093],[-42.66748,-22.8025],[-42.67113,-22.81344],[-42.66696,-22.81657],[-42.66956,-22.82231],[-42.65757,-22.82856],[-42.67009,-22.84472],[-42.66122,-22.84941],[-42.64663,-22.84577],[-42.64611,-22.85515],[-42.6607,-22.85932],[-42.69719,-22.85723],[-42.70188,-22.84994],[-42.717,-22.85411],[-42.73316,-22.84107],[-42.75297,-22.85202],[-42.76757,-22.84368],[-42.79676,-22.85045],[-42.82543,-22.85932],[-42.83012,-22.86818],[-42.84629,-22.87287],[-42.8859,-22.86765],[-42.90623,-22.81761],[-42.92031,-22.81969],[-42.93907,-22.80301],[-42.94429,-22.77017],[-42.99068,-22.74932],[-42.99746,-22.73472],[-43.01779,-22.74358],[-43.02665,-22.74254],[-43.03082,-22.73368],[-43.02769,-22.72533],[-43.01466,-22.72481],[-43.01414,-22.71908],[-43.0058,-22.71491],[-42.99172,-22.72794],[-42.97817,-22.72742],[-42.974,-22.73159],[-42.9667,-22.72221],[-42.96201,-22.72429],[-42.9594,-22.71543],[-42.94376,-22.70657],[-42.94324,-22.69927],[-42.9276,-22.69354],[-42.91248,-22.67216],[-42.91457,-22.6633],[-42.90935,-22.66017],[-42.91248,-22.65652],[-42.90675,-22.65548]]]},"properties":{"CD_MUN":"3301900","NM_MUN":"Itaboraí","SIGLA_UF":"RJ"}},{"type":"Feature","geometry":{"type":"Polygon","coordinates":[[[-43.71684,-22.49646],[-43.58391,-22.45685],[-43.57296,-22.46102],[-43.56045,-22.50481],[-43.59746,-22.56476],[-43.62196,-22.52566],[-43.62301,-22.54286],[-43.635,-22.55746],[-43.63396,-22.57101],[-43.67149,-22.58717],[-43.69286,-22.57727],[-43.68191,-22.5585],[-43.68817,-22.55172],[-43.70537,-22.56475],[-43.71371,-22.56163],[-43.71267,-22.55068],[-43.69755,-22.5413],[-43.71684,-22.49646]]]},"properties":{"CD_MUN":"3301801","NM_MUN":"Engenheiro Paulo de Frontin","SIGLA_UF":"RJ"}},{"type":"Feature","geometry":{"type":"Polygon","coordinates":[[[-42.26707,-21.71454],[-42.23736,-21.69838],[-42.20608,-21.78492],[-42.16699,-21.85946],[-42.17116,-21.86728],[-42.18263,-21.86989],[-42.18419,-21.87562],[-42.18993,-21.87458],[-42.19879,-21.88188],[-42.20661,-21.87771],[-42.21078,-21.88084],[-42.21391,-21.89908],[-42.22069,-21.90899],[-42.21391,-21.91055],[-42.21026,-21.91941],[-42.22069,-21.91889],[-42.22799,-21.93505],[-42.23372,-21.93766],[-42.23789,-21.95173],[-42.2431,-21.95278],[-42.2431,-21.97311],[-42.2504,-21.97676],[-42.2577,-21.98979],[-42.27126,-21.9851],[-42.27908,-21.9877],[-42.29993,-21.97519],[-42.30097,-21.98822],[-42.30827,-21.98145],[-42.31557,-21.99917],[-42.363,-22.0049],[-42.38386,-22.00282],[-42.41514,-22.04035],[-42.50479,-21.91419],[-42.51001,-21.90846],[-42.47977,-21.8923],[-42.47091,-21.8923],[-42.45214,-21.87718],[-42.43963,-21.87927],[-42.43025,-21.87145],[-42.45318,-21.85268],[-42.44015,-21.84121],[-42.44745,-21.83287],[-42.43963,-21.82974],[-42.44953,-21.82557],[-42.44849,-21.82036],[-42.46204,-21.81202],[-42.46882,-21.79898],[-42.46256,-21.79586],[-42.46048,-21.78543],[-42.39167,-21.76093],[-42.37811,-21.74894],[-42.35622,-21.74216],[-42.33537,-21.74634],[-42.3265,-21.74373],[-42.31295,-21.738],[-42.30669,-21.72965],[-42.26707,-21.71454]]]},"properties":{"CD_MUN":"3301108","NM_MUN":"Cantagalo","SIGLA_UF":"RJ"}},{"type":"Feature","geometry":{"type":"Polygon","coordinates":[[[-41.46999,-21.20263],[-41.43558,-21.21619],[-41.41681,-21.20003],[-41.39231,-21.20264],[-41.37772,-21.19534],[-41.37146,-21.2042],[-41.33758,-21.20733],[-41.32611,-21.2188],[-41.32559,-21.21306],[-41.31672,-21.21411],[-41.31725,-21.22193],[-41.31099,-21.21932],[-41.29692,-21.23496],[-41.28336,-21.23496],[-41.27659,-21.24069],[-41.27189,-21.24695],[-41.28701,-21.25685],[-41.29275,-21.28083],[-41.31256,-21.31211],[-41.299,-21.31107],[-41.29588,-21.31628],[-41.26199,-21.3142],[-41.27294,-21.32775],[-41.26721,-21.32671],[-41.26616,-21.33244],[-41.25887,-21.33245],[-41.25678,-21.33818],[-41.2719,-21.35382],[-41.26512,-21.3559],[-41.26408,-21.36424],[-41.24271,-21.36685],[-41.23697,-21.37519],[-41.24271,-21.38823],[-41.2573,-21.38875],[-41.25678,-21.39552],[-41.26617,-21.40699],[-41.25783,-21.42159],[-41.25522,-21.44453],[-41.25835,-21.46642],[-41.25522,-21.47633],[-41.26148,-21.48936],[-41.24897,-21.50083],[-41.22916,-21.49979],[-41.26409,-21.55244],[-41.23229,-21.56495],[-41.21769,-21.58111],[-41.1812,-21.59519],[-41.18277,-21.62177],[-41.19685,-21.68277],[-41.17808,-21.6885],[-41.15931,-21.67495],[-41.14628,-21.67599],[-41.14784,-21.67234],[-41.13898,-21.67234],[-41.14054,-21.67755],[-41.13585,-21.67808],[-41.14367,-21.69319],[-41.19216,-21.7276],[-41.17183,-21.74845],[-41.17704,-21.7766],[-41.15932,-21.79745],[-41.14837,-21.81935],[-41.15358,-21.86158],[-41.1588,-21.872],[-41.12387,-21.91475],[-40.97947,-21.9158],[-40.97426,-21.96897],[-40.99147,-22.00963],[-41.13066,-22.09147],[-41.14525,-22.08939],[-41.14108,-22.09512],[-41.14578,-22.09929],[-41.15933,-22.09408],[-41.16037,-22.10242],[-41.17653,-22.09564],[-41.18956,-22.10138],[-41.19321,-22.09773],[-41.19113,-22.10398],[-41.1953,-22.10503],[-41.20781,-22.09668],[-41.25681,-22.09981],[-41.27714,-22.0654],[-41.4403,-21.98303],[-41.45073,-21.97313],[-41.45282,-21.98303],[-41.46637,-21.98668],[-41.47419,-22.00336],[-41.4794,-21.99919],[-41.52006,-22.01796],[-41.54613,-22.05497],[-41.61651,-22.04715],[-41.65769,-22.0581],[-41.67646,-22.05862],[-41.68688,-22.05132],[-41.69731,-22.05392],[-41.69939,-22.04923],[-41.71712,-22.05966],[-41.73797,-22.0852],[-41.75048,-22.08624],[-41.75465,-22.06904],[-41.76143,-22.06383],[-41.75934,-22.0534],[-41.76612,-22.0461],[-41.76351,-22.03516],[-41.77342,-22.02212],[-41.76351,-22.01795],[-41.76351,-22.02473],[-41.73171,-21.99658],[-41.72129,-21.99293],[-41.71607,-21.98303],[-41.71972,-21.96791],[-41.71242,-21.96165],[-41.72024,-21.94445],[-41.71398,-21.9236],[-41.71607,-21.90952],[-41.70512,-21.89232],[-41.71972,-21.8871],[-41.78801,-21.88815],[-41.78905,-21.88085],[-41.79687,-21.87668],[-41.83805,-21.88814],[-41.87089,-21.88554],[-41.88705,-21.88084],[-41.88393,-21.8725],[-41.88862,-21.86364],[-41.85369,-21.83914],[-41.83909,-21.83445],[-41.83284,-21.81985],[-41.82085,-21.81412],[-41.80938,-21.79744],[-41.7953,-21.79379],[-41.79426,-21.78336],[-41.74734,-21.7891],[-41.75099,-21.78024],[-41.73587,-21.76251],[-41.73222,-21.7646],[-41.70511,-21.74844],[-41.69938,-21.73958],[-41.70094,-21.72602],[-41.69208,-21.70986],[-41.65507,-21.69318],[-41.63995,-21.67024],[-41.5899,-21.66451],[-41.58886,-21.65825],[-41.57374,-21.64991],[-41.56957,-21.64105],[-41.55602,-21.64001],[-41.55341,-21.62958],[-41.54142,-21.6275],[-41.53986,-21.62072],[-41.54872,-21.61551],[-41.54142,-21.56181],[-41.56801,-21.56859],[-41.62691,-21.59622],[-41.65558,-21.47944],[-41.61857,-21.47163],[-41.60084,-21.48309],[-41.59407,-21.46954],[-41.57947,-21.45911],[-41.57426,-21.4466],[-41.55184,-21.42992],[-41.58416,-21.31732],[-41.58728,-21.31263],[-41.55392,-21.29647],[-41.53724,-21.27979],[-41.52473,-21.27509],[-41.52525,-21.26832],[-41.51482,-21.26206],[-41.50179,-21.26206],[-41.49553,-21.24538],[-41.46634,-21.22766],[-41.46999,-21.20263]]]},"properties":{"CD_MUN":"3301009","NM_MUN":"Campos dos Goytacazes","SIGLA_UF":"RJ"}},{"type":"Feature","geometry":{"type":"Polygon","coordinates":[[[-41.75048,-22.08624],[-41.73797,-22.0852],[-41.71712,-22.05966],[-41.69939,-22.04923],[-41.69731,-22.05392],[-41.68688,-22.05132],[-41.67646,-22.05862],[-41.65769,-22.0581],[-41.66186,-22.05914],[-41.66342,-22.06904],[-41.67489,-22.07686],[-41.69314,-22.10918],[-41.77134,-22.17956],[-41.82399,-22.14567],[-41.8193,-22.18633],[-41.83963,-22.19989],[-41.86361,-22.27443],[-41.88186,-22.27339],[-41.88655,-22.26922],[-41.88603,-22.25931],[-41.89228,-22.25671],[-41.89802,-22.24524],[-41.90688,-22.24263],[-41.9001,-22.2395],[-41.90219,-22.23168],[-41.91782,-22.22856],[-41.91574,-22.21083],[-41.90636,-22.2051],[-41.90062,-22.18894],[-41.91105,-22.18633],[-41.90792,-22.17486],[-41.91365,-22.16965],[-41.91939,-22.17121],[-41.92043,-22.16183],[-41.9345,-22.16496],[-41.95275,-22.15192],[-41.97204,-22.15766],[-41.97151,-22.13211],[-41.96161,-22.1269],[-41.95796,-22.11752],[-41.96265,-22.10605],[-41.959,-22.09875],[-41.96213,-22.09562],[-41.96056,-22.07738],[-41.9418,-22.0706],[-41.93502,-22.05705],[-41.90948,-22.06799],[-41.90322,-22.05809],[-41.8881,-22.04923],[-41.87716,-22.05548],[-41.86934,-22.05183],[-41.85005,-22.0706],[-41.83702,-22.07164],[-41.82138,-22.0998],[-41.79062,-22.10032],[-41.77863,-22.09667],[-41.76664,-22.0852],[-41.75048,-22.08624]]]},"properties":{"CD_MUN":"3301405","NM_MUN":"Conceição de Macabu","SIGLA_UF":"RJ"}},{"type":"Feature","geometry":{"type":"Polygon","coordinates":[[[-42.27857,-22.40214],[-42.29004,-22.39119],[-42.25824,-22.36669],[-42.22331,-22.3594],[-42.2254,-22.35262],[-42.20611,-22.36878],[-42.21549,-22.37451],[-42.21601,-22.38286],[-42.2108,-22.38129],[-42.20767,-22.38755],[-42.21393,-22.39172],[-42.2108,-22.39589],[-42.21914,-22.40631],[-42.20507,-22.41413],[-42.20768,-22.42091],[-42.20298,-22.42925],[-42.18995,-22.43342],[-42.18317,-22.4329],[-42.17171,-22.42196],[-42.1618,-22.42821],[-42.1618,-22.42404],[-42.15294,-22.42196],[-42.14564,-22.42769],[-42.13834,-22.41362],[-42.12687,-22.41309],[-42.11749,-22.40267],[-42.09977,-22.40528],[-42.0982,-22.40945],[-42.10602,-22.43603],[-42.0883,-22.43916],[-42.07631,-22.43134],[-42.06901,-22.43603],[-42.06328,-22.43395],[-42.0638,-22.41935],[-42.02418,-22.38912],[-42.00124,-22.39902],[-41.97987,-22.39642],[-41.96527,-22.38808],[-41.95276,-22.38912],[-41.95067,-22.39381],[-41.94442,-22.39225],[-41.93868,-22.37765],[-41.94129,-22.39277],[-41.90688,-22.40007],[-41.87874,-22.41936],[-41.86205,-22.41936],[-41.85423,-22.40841],[-41.82556,-22.40945],[-41.81774,-22.41675],[-41.85215,-22.44699],[-41.86206,-22.47774],[-41.87822,-22.48817],[-41.89281,-22.48817],[-41.93243,-22.53821],[-41.9439,-22.52883],[-41.96319,-22.53665],[-41.97831,-22.55906],[-41.98926,-22.5992],[-41.99291,-22.59816],[-41.99603,-22.59347],[-41.99134,-22.57992],[-41.99499,-22.57575],[-42.00542,-22.58409],[-42.01167,-22.57105],[-42.01949,-22.57835],[-42.02106,-22.56949],[-42.02992,-22.57157],[-42.03513,-22.56063],[-42.04243,-22.56897],[-42.04816,-22.56271],[-42.06276,-22.56063],[-42.06172,-22.57262],[-42.07266,-22.56845],[-42.08101,-22.57574],[-42.08413,-22.57001],[-42.09352,-22.57209],[-42.09195,-22.56375],[-42.09612,-22.56167],[-42.10081,-22.5648],[-42.10551,-22.56062],[-42.10968,-22.5674],[-42.12427,-22.56479],[-42.12167,-22.55489],[-42.13313,-22.55541],[-42.13157,-22.54655],[-42.13887,-22.54081],[-42.14773,-22.54081],[-42.14148,-22.54915],[-42.15138,-22.55697],[-42.15138,-22.54863],[-42.16181,-22.54498],[-42.1764,-22.54603],[-42.18214,-22.5528],[-42.18631,-22.55124],[-42.18735,-22.55541],[-42.19308,-22.54811],[-42.21289,-22.53925],[-42.24104,-22.54655],[-42.25199,-22.54446],[-42.25408,-22.53351],[-42.26242,-22.53143],[-42.26554,-22.51996],[-42.26189,-22.5038],[-42.26971,-22.4965],[-42.27075,-22.48659],[-42.28327,-22.47877],[-42.29004,-22.46678],[-42.30151,-22.46626],[-42.30412,-22.4574],[-42.29421,-22.43081],[-42.27075,-22.40319],[-42.27857,-22.40214]]]},"properties":{"CD_MUN":"3301306","NM_MUN":"Casimiro de Abreu","SIGLA_UF":"RJ"}},{"type":"Feature","geometry":{"type":"Polygon","coordinates":[[[-42.46413,-21.78699],[-42.46048,-21.78543],[-42.46256,-21.79586],[-42.46882,-21.79898],[-42.46204,-21.81202],[-42.44849,-21.82036],[-42.44953,-21.82557],[-42.43963,-21.82974],[-42.44745,-21.83287],[-42.44015,-21.84121],[-42.45318,-21.85268],[-42.43025,-21.87145],[-42.43963,-21.87927],[-42.45214,-21.87718],[-42.47091,-21.8923],[-42.47977,-21.8923],[-42.51001,-21.90846],[-42.50479,-21.91419],[-42.50532,-21.9267],[-42.51001,-21.93035],[-42.50115,-21.94651],[-42.51157,-21.94964],[-42.52565,-21.96424],[-42.51991,-21.97154],[-42.52565,-21.97883],[-42.51522,-21.97988],[-42.52304,-21.98613],[-42.52148,-21.9903],[-42.54494,-22.00281],[-42.56006,-21.99969],[-42.57205,-22.0195],[-42.69142,-21.96997],[-42.68882,-21.96371],[-42.69716,-21.96423],[-42.69924,-21.95954],[-42.69038,-21.95016],[-42.68047,-21.94912],[-42.66327,-21.91367],[-42.66327,-21.90428],[-42.66952,-21.89803],[-42.66379,-21.89021],[-42.66848,-21.87457],[-42.60801,-21.85215],[-42.59758,-21.85424],[-42.58038,-21.84642],[-42.58246,-21.83808],[-42.46413,-21.78699]]]},"properties":{"CD_MUN":"3301207","NM_MUN":"Carmo","SIGLA_UF":"RJ"}},{"type":"Feature","geometry":{"type":"Polygon","coordinates":[[[-41.74157,-20.87316],[-41.72906,-20.87003],[-41.72697,-20.86482],[-41.71238,-20.86951],[-41.72645,-20.89297],[-41.71915,-20.90027],[-41.7228,-20.92269],[-41.73167,-20.92686],[-41.7374,-20.9279],[-41.73375,-20.94354],[-41.71759,-20.95449],[-41.71655,-20.97586],[-41.7103,-20.98681],[-41.72177,-21.00297],[-41.72281,-21.00974],[-41.71551,-21.01652],[-41.71551,-21.02278],[-41.72333,-21.02538],[-41.72594,-21.0332],[-41.71551,-21.04728],[-41.72072,-21.05562],[-41.72854,-21.05041],[-41.73272,-21.06657],[-41.72229,-21.06813],[-41.72177,-21.07386],[-41.73637,-21.10201],[-41.7275,-21.10723],[-41.71656,-21.10514],[-41.70457,-21.11088],[-41.7176,-21.11661],[-41.71708,-21.12495],[-41.70405,-21.12704],[-41.70561,-21.12078],[-41.6931,-21.11557],[-41.68789,-21.12183],[-41.67798,-21.12391],[-41.67694,-21.13382],[-41.66234,-21.12495],[-41.66391,-21.13277],[-41.65348,-21.13642],[-41.654,-21.14268],[-41.64462,-21.1432],[-41.62272,-21.14633],[-41.61126,-21.15623],[-41.58728,-21.14894],[-41.58363,-21.1651],[-41.5706,-21.17135],[-41.56955,-21.17969],[-41.56538,-21.18282],[-41.55756,-21.17292],[-41.54662,-21.18334],[-41.53046,-21.18022],[-41.51742,-21.18751],[-41.51221,-21.17605],[-41.50283,-21.17761],[-41.49709,-21.18491],[-41.48823,-21.18022],[-41.47885,-21.1823],[-41.47937,-21.19429],[-41.46999,-21.20263],[-41.46634,-21.22766],[-41.49553,-21.24538],[-41.50179,-21.26206],[-41.51482,-21.26206],[-41.52525,-21.26832],[-41.52473,-21.27509],[-41.53724,-21.27979],[-41.55392,-21.29647],[-41.58728,-21.31263],[-41.58624,-21.30376],[-41.60344,-21.29438],[-41.60761,-21.27822],[-41.62012,-21.27509],[-41.62534,-21.26414],[-41.63837,-21.26102],[-41.62951,-21.25476],[-41.63993,-21.24486],[-41.67382,-21.25007],[-41.68216,-21.25737],[-41.68945,-21.24329],[-41.69988,-21.23703],[-41.70457,-21.21931],[-41.71969,-21.22452],[-41.72751,-21.22087],[-41.72021,-21.20523],[-41.73064,-21.20367],[-41.71969,-21.19116],[-41.71917,-21.18125],[-41.72751,-21.17708],[-41.72751,-21.16978],[-41.74627,-21.16926],[-41.764,-21.17708],[-41.76452,-21.15258],[-41.80362,-21.14372],[-41.79892,-21.11557],[-41.81248,-21.11817],[-41.81404,-21.12234],[-41.82916,-21.12234],[-41.81508,-21.10462],[-41.82447,-21.10149],[-41.83906,-21.08116],[-41.84062,-21.06917],[-41.84792,-21.0723],[-41.84792,-21.05822],[-41.85261,-21.05666],[-41.83802,-21.05457],[-41.79058,-20.97169],[-41.79266,-20.96178],[-41.80778,-20.95709],[-41.81299,-20.94406],[-41.77389,-20.89193],[-41.7546,-20.87368],[-41.74157,-20.87316]]]},"properties":{"CD_MUN":"3300605","NM_MUN":"Bom Jesus do Itabapoana","SIGLA_UF":"RJ"}},{"type":"Feature","geometry":{"type":"Polygon","coordinates":[[[-42.34581,-22.10708],[-42.34164,-22.12533],[-42.32808,-22.12272],[-42.31453,-22.11021],[-42.29889,-22.12428],[-42.29368,-22.11542],[-42.2796,-22.12324],[-42.277,-22.13054],[-42.28012,-22.14149],[-42.29055,-22.14045],[-42.29733,-22.15139],[-42.29212,-22.16964],[-42.28221,-22.18111],[-42.28065,-22.19206],[-42.28586,-22.20092],[-42.28117,-22.20822],[-42.26553,-22.21708],[-42.2551,-22.21447],[-42.25458,-22.21969],[-42.24364,-22.22229],[-42.23373,-22.23115],[-42.25094,-22.23689],[-42.24833,-22.24471],[-42.25458,-22.25201],[-42.25198,-22.2567],[-42.29421,-22.28433],[-42.29368,-22.28902],[-42.28586,-22.28954],[-42.28743,-22.29319],[-42.33591,-22.30049],[-42.34581,-22.30622],[-42.35155,-22.30153],[-42.35833,-22.30309],[-42.47509,-22.22594],[-42.47197,-22.2129],[-42.485,-22.20196],[-42.48604,-22.19414],[-42.52514,-22.16077],[-42.46414,-22.13002],[-42.46988,-22.11281],[-42.43808,-22.12272],[-42.42817,-22.1149],[-42.42348,-22.11959],[-42.39585,-22.12063],[-42.39325,-22.12897],[-42.38751,-22.13002],[-42.37552,-22.11751],[-42.34581,-22.10708]]]},"properties":{"CD_MUN":"3300506","NM_MUN":"Bom Jardim","SIGLA_UF":"RJ"}},{"type":"Feature","geometry":{"type":"Polygon","coordinates":[[[-42.03352,-21.34337],[-42.02413,-21.32982],[-41.99963,-21.32826],[-41.98764,-21.322],[-41.98556,-21.31314],[-41.96418,-21.31001],[-41.95584,-21.31418],[-41.94229,-21.30845],[-41.93238,-21.3121],[-41.91935,-21.29646],[-41.89641,-21.30271],[-41.88494,-21.29542],[-41.86931,-21.3048],[-41.85367,-21.30063],[-41.83855,-21.28812],[-41.77808,-21.38769],[-41.78017,-21.39968],[-41.71136,-21.45598],[-41.74264,-21.46432],[-41.82344,-21.48257],[-41.81666,-21.49039],[-41.82396,-21.51385],[-41.83178,-21.51593],[-41.86671,-21.55086],[-41.87244,-21.56128],[-41.8688,-21.57536],[-41.88391,-21.58005],[-41.90059,-21.57588],[-41.93761,-21.59725],[-42.00069,-21.63791],[-42.01007,-21.64],[-42.02884,-21.63009],[-42.04083,-21.63374],[-42.06116,-21.63687],[-42.07523,-21.63218],[-42.07784,-21.62696],[-42.09087,-21.62905],[-42.11589,-21.6108],[-42.11537,-21.60455],[-42.10442,-21.60194],[-42.05438,-21.54616],[-42.05438,-21.52687],[-42.02935,-21.50811],[-42.00224,-21.49612],[-41.99755,-21.4883],[-42.00694,-21.47579],[-42.00172,-21.4664],[-41.99495,-21.46484],[-41.99338,-21.45754],[-41.99807,-21.45389],[-42.0012,-21.43408],[-42.00954,-21.42887],[-42.02414,-21.43669],[-42.04812,-21.43825],[-42.0575,-21.43356],[-42.03925,-21.39811],[-42.02987,-21.39029],[-42.0283,-21.37674],[-42.03925,-21.36527],[-42.03352,-21.34337]]]},"properties":{"CD_MUN":"3300902","NM_MUN":"Cambuci","SIGLA_UF":"RJ"}},{"type":"Feature","geometry":{"type":"Polygon","coordinates":[[[-42.72741,-22.35573],[-42.71073,-22.36251],[-42.71125,-22.37815],[-42.69665,-22.38024],[-42.69509,-22.38858],[-42.6831,-22.39327],[-42.66068,-22.38597],[-42.64921,-22.39588],[-42.61689,-22.38545],[-42.60907,-22.37346],[-42.59604,-22.36877],[-42.58561,-22.35626],[-42.56163,-22.36147],[-42.56268,-22.36617],[-42.55434,-22.37398],[-42.55799,-22.37868],[-42.55121,-22.38702],[-42.55955,-22.41152],[-42.55486,-22.41204],[-42.55799,-22.42351],[-42.57623,-22.44175],[-42.57154,-22.44957],[-42.55851,-22.44801],[-42.55173,-22.45531],[-42.55226,-22.46678],[-42.56529,-22.46834],[-42.56633,-22.48502],[-42.57832,-22.49493],[-42.57676,-22.50066],[-42.58771,-22.52412],[-42.60282,-22.54132],[-42.56425,-22.62004],[-42.57103,-22.6263],[-42.57833,-22.62421],[-42.59032,-22.62838],[-42.62472,-22.65705],[-42.63776,-22.6435],[-42.65496,-22.63776],[-42.69249,-22.64298],[-42.68884,-22.64663],[-42.69093,-22.65445],[-42.69927,-22.66383],[-42.74619,-22.68676],[-42.79102,-22.63568],[-42.84471,-22.63672],[-42.90675,-22.65548],[-42.89997,-22.63932],[-42.9031,-22.62629],[-42.91039,-22.61951],[-42.90674,-22.60127],[-42.88746,-22.5924],[-42.88381,-22.58302],[-42.86608,-22.56895],[-42.89162,-22.53715],[-42.89267,-22.52411],[-42.89788,-22.5189],[-42.8885,-22.51264],[-42.88902,-22.50691],[-42.90726,-22.49596],[-42.92134,-22.47563],[-42.92081,-22.46103],[-42.91195,-22.4553],[-42.89162,-22.45739],[-42.87494,-22.448],[-42.87025,-22.43184],[-42.852,-22.42611],[-42.852,-22.4162],[-42.82698,-22.41255],[-42.81134,-22.40474],[-42.81551,-22.39118],[-42.80352,-22.38701],[-42.80352,-22.37815],[-42.79309,-22.37606],[-42.76963,-22.38388],[-42.76338,-22.37711],[-42.7467,-22.37346],[-42.73992,-22.36043],[-42.72741,-22.35573]]]},"properties":{"CD_MUN":"3300803","NM_MUN":"Cachoeiras de Macacu","SIGLA_UF":"RJ"}},{"type":"Feature","geometry":{"type":"Polygon","coordinates":[[[-42.18214,-22.5528],[-42.1764,-22.54603],[-42.16181,-22.54498],[-42.15138,-22.54863],[-42.15138,-22.55697],[-42.14148,-22.54915],[-42.14773,-22.54081],[-42.13887,-22.54081],[-42.13157,-22.54655],[-42.13313,-22.55541],[-42.12167,-22.55489],[-42.12427,-22.56479],[-42.10968,-22.5674],[-42.10551,-22.56062],[-42.10081,-22.5648],[-42.09612,-22.56167],[-42.09195,-22.56375],[-42.09352,-22.57209],[-42.08413,-22.57001],[-42.08101,-22.57574],[-42.07266,-22.56845],[-42.06172,-22.57262],[-42.06276,-22.56063],[-42.04816,-22.56271],[-42.04243,-22.56897],[-42.03513,-22.56063],[-42.02992,-22.57157],[-42.02106,-22.56949],[-42.01949,-22.57835],[-42.01167,-22.57105],[-42.00542,-22.58409],[-41.99499,-22.57575],[-41.99134,-22.57992],[-41.99603,-22.59347],[-41.99291,-22.59816],[-41.99812,-22.60911],[-41.9976,-22.66385],[-41.98197,-22.72328],[-41.97415,-22.73057],[-41.95538,-22.73266],[-41.95746,-22.73787],[-41.94235,-22.75977],[-41.92619,-22.7702],[-41.91263,-22.76863],[-41.91211,-22.7556],[-41.90064,-22.75091],[-41.88709,-22.75351],[-41.88188,-22.74934],[-41.88188,-22.74048],[-41.8751,-22.74205],[-41.87197,-22.73788],[-41.8678,-22.74257],[-41.87406,-22.75195],[-41.86676,-22.75247],[-41.86415,-22.75769],[-41.87406,-22.76655],[-41.87614,-22.76133],[-41.87875,-22.77593],[-41.88501,-22.76915],[-41.88918,-22.77072],[-41.8824,-22.78479],[-41.88761,-22.77802],[-41.897,-22.78636],[-41.91159,-22.77906],[-41.9314,-22.7973],[-41.92984,-22.81398],[-41.94183,-22.80981],[-41.97311,-22.82493],[-41.98666,-22.8536],[-41.98614,-22.86247],[-41.97884,-22.86507],[-41.98353,-22.86872],[-41.98093,-22.87289],[-42.00282,-22.89009],[-42.01169,-22.88436],[-42.02055,-22.89061],[-42.03202,-22.90678],[-42.03567,-22.9344],[-42.0904,-22.93284],[-42.12324,-22.90782],[-42.11438,-22.90886],[-42.10813,-22.90156],[-42.10448,-22.8854],[-42.10865,-22.86976],[-42.09978,-22.86246],[-42.08571,-22.86507],[-42.0758,-22.8609],[-42.06121,-22.86768],[-42.05287,-22.86298],[-42.04609,-22.86768],[-42.04088,-22.86611],[-42.02315,-22.79626],[-42.04139,-22.75924],[-42.13262,-22.6529],[-42.18214,-22.5528]]]},"properties":{"CD_MUN":"3300704","NM_MUN":"Cabo Frio","SIGLA_UF":"RJ"}},{"type":"Feature","geometry":{"type":"MultiPolygon","coordinates":[[[[-44.25015,-23.10221],[-44.25954,-23.10064],[-44.23764,-23.09335],[-44.23504,-23.08501],[-44.23347,-23.09022],[-44.21001,-23.09283],[-44.21001,-23.0996],[-44.19542,-23.09908],[-44.19437,-23.10377],[-44.1902,-23.10377],[-44.20011,-23.10951],[-44.20741,-23.10429],[-44.21731,-23.10899],[-44.21158,-23.11211],[-44.20636,-23.10847],[-44.19698,-23.12254],[-44.16935,-23.11941],[-44.1704,-23.13766],[-44.1631,-23.14287],[-44.1558,-23.13974],[-44.15789,-23.13557],[-44.15163,-23.13505],[-44.14746,-23.12567],[-44.12713,-23.12046],[-44.12452,-23.12515],[-44.14068,-23.13975],[-44.1386,-23.146],[-44.13338,-23.14652],[-44.14068,-23.15851],[-44.11514,-23.14861],[-44.11722,-23.15486],[-44.10784,-23.16477],[-44.09794,-23.16477],[-44.0922,-23.16946],[-44.09637,-23.17624],[-44.11775,-23.18666],[-44.1313,-23.18823],[-44.12348,-23.17989],[-44.12974,-23.17102],[-44.14016,-23.1679],[-44.15893,-23.17207],[-44.17092,-23.1851],[-44.18656,-23.18145],[-44.19021,-23.18927],[-44.18239,-23.195],[-44.19646,-23.20439],[-44.19751,-23.19813],[-44.20741,-23.19292],[-44.25329,-23.20595],[-44.25902,-23.20282],[-44.25224,-23.19709],[-44.25589,-23.18979],[-44.27153,-23.19761],[-44.26684,-23.1877],[-44.27362,-23.1804],[-44.30385,-23.17832],[-44.3174,-23.18562],[-44.31584,-23.19083],[-44.33148,-23.21064],[-44.33357,-23.22367],[-44.34921,-23.2268],[-44.34034,-23.21846],[-44.35129,-23.21429],[-44.34034,-23.19135],[-44.34138,-23.18301],[-44.34555,-23.18092],[-44.35807,-23.19135],[-44.36224,-23.17884],[-44.37162,-23.18353],[-44.37735,-23.17884],[-44.37735,-23.17154],[-44.34034,-23.15382],[-44.32627,-23.15486],[-44.32053,-23.14443],[-44.3247,-23.14026],[-44.31688,-23.13557],[-44.31167,-23.13818],[-44.3101,-23.12567],[-44.29603,-23.11472],[-44.29759,-23.13192],[-44.28456,-23.13661],[-44.27987,-23.12567],[-44.27309,-23.12358],[-44.27518,-23.11785],[-44.25954,-23.1168],[-44.25015,-23.11055],[-44.25015,-23.10221]]],[[[-44.32574,-22.93226],[-44.32834,-22.92757],[-44.32261,-22.92965],[-44.32574,-22.93226]]],[[[-44.36223,-23.07197],[-44.35389,-23.06311],[-44.36171,-23.04747],[-44.39142,-23.04538],[-44.37683,-23.03183],[-44.37109,-23.04017],[-44.3518,-23.03704],[-44.34763,-23.04278],[-44.35024,-23.04851],[-44.34503,-23.04903],[-44.35181,-23.0532],[-44.35076,-23.06102],[-44.34399,-23.06415],[-44.34555,-23.06884],[-44.35181,-23.06415],[-44.36223,-23.07197]]],[[[-44.49463,-22.84676],[-44.48212,-22.8478],[-44.47639,-22.85667],[-44.48056,-22.86657],[-44.46596,-22.88586],[-44.43677,-22.87179],[-44.4326,-22.86136],[-44.418,-22.84833],[-44.4081,-22.84676],[-44.40132,-22.8551],[-44.39194,-22.85302],[-44.38777,-22.85771],[-44.37734,-22.85823],[-44.32573,-22.8379],[-44.32,-22.84051],[-44.32365,-22.84989],[-44.31791,-22.8452],[-44.31114,-22.84416],[-44.30227,-22.85459],[-44.2908,-22.8426],[-44.26057,-22.84781],[-44.24754,-22.85719],[-44.24441,-22.86814],[-44.23086,-22.87231],[-44.24128,-22.90255],[-44.23659,-22.9062],[-44.24076,-22.91506],[-44.2147,-22.93226],[-44.19332,-22.92861],[-44.18759,-22.93956],[-44.18863,-22.95155],[-44.16309,-23.0089],[-44.16622,-23.03392],[-44.17665,-23.03757],[-44.17144,-23.0433],[-44.173,-23.04852],[-44.17925,-23.0506],[-44.18238,-23.04539],[-44.18499,-23.05321],[-44.19437,-23.05477],[-44.19281,-23.04278],[-44.20011,-23.03913],[-44.23764,-23.05685],[-44.2465,-23.04956],[-44.25119,-23.0506],[-44.24337,-23.04486],[-44.23608,-23.02662],[-44.22148,-23.01776],[-44.22304,-23.01098],[-44.23034,-23.01411],[-44.24233,-23.00055],[-44.24859,-23.0016],[-44.24806,-22.99638],[-44.26058,-23.00785],[-44.26631,-23.00264],[-44.27257,-23.00472],[-44.2783,-23.01776],[-44.28456,-23.01463],[-44.29029,-23.02453],[-44.29915,-23.0261],[-44.30593,-23.02401],[-44.29811,-23.00629],[-44.3028,-23.00264],[-44.30749,-23.00733],[-44.30801,-23.00733],[-44.31635,-23.00837],[-44.31636,-23.01463],[-44.31948,-23.01046],[-44.32261,-23.01567],[-44.32782,-23.01515],[-44.32678,-23.0214],[-44.33616,-23.02557],[-44.34086,-23.02297],[-44.35076,-23.03079],[-44.35024,-23.02297],[-44.35806,-23.02349],[-44.36223,-23.01827],[-44.36223,-23.01046],[-44.35702,-23.00941],[-44.3492,-22.99377],[-44.33877,-22.99065],[-44.32678,-22.99377],[-44.32886,-22.98387],[-44.32052,-22.98595],[-44.30958,-22.98022],[-44.31114,-22.97084],[-44.29967,-22.95885],[-44.30645,-22.9578],[-44.31844,-22.95676],[-44.32939,-22.96093],[-44.33251,-22.96719],[-44.33616,-22.96458],[-44.3372,-22.95728],[-44.32834,-22.95468],[-44.33303,-22.95363],[-44.33303,-22.94581],[-44.31948,-22.93695],[-44.32521,-22.93695],[-44.32156,-22.92913],[-44.32678,-22.92392],[-44.33355,-22.92757],[-44.3445,-22.92183],[-44.35076,-22.9234],[-44.34815,-22.92757],[-44.35336,-22.9307],[-44.35858,-22.9234],[-44.36535,-22.92496],[-44.36066,-22.926],[-44.3664,-22.9307],[-44.36014,-22.93226],[-44.37161,-22.93851],[-44.36848,-22.94686],[-44.36379,-22.9406],[-44.34972,-22.94633],[-44.3591,-22.95676],[-44.37213,-22.95885],[-44.37735,-22.96979],[-44.38673,-22.96979],[-44.37943,-22.95832],[-44.39455,-22.94946],[-44.4081,-22.95155],[-44.40862,-22.95102],[-44.41175,-22.94216],[-44.42322,-22.95155],[-44.42218,-22.95989],[-44.42635,-22.95676],[-44.42583,-22.96249],[-44.43521,-22.9651],[-44.43573,-22.97292],[-44.43052,-22.97865],[-44.44042,-22.99169],[-44.43886,-22.99586],[-44.42948,-22.99325],[-44.42478,-22.99742],[-44.4399,-23.0042],[-44.44616,-23.01202],[-44.4399,-23.02088],[-44.43208,-23.02192],[-44.4446,-23.02766],[-44.45294,-23.01671],[-44.45971,-23.01879],[-44.46284,-23.00628],[-44.46805,-23.0068],[-44.4691,-23.0115],[-44.47691,-23.00628],[-44.50402,-23.03026],[-44.51914,-23.02818],[-44.53061,-23.0214],[-44.53739,-23.02505],[-44.54677,-23.02088],[-44.54416,-23.00889],[-44.54938,-23.0068],[-44.54103,-22.99898],[-44.5426,-22.98647],[-44.5499,-22.97292],[-44.5598,-22.97187],[-44.55719,-22.96301],[-44.56136,-22.95519],[-44.57648,-22.94737],[-44.60098,-22.94581],[-44.61245,-22.93799],[-44.62131,-22.93955],[-44.62965,-22.91766],[-44.63799,-22.91453],[-44.62861,-22.90462],[-44.60776,-22.88638],[-44.60046,-22.88898],[-44.57544,-22.87856],[-44.5551,-22.88899],[-44.54416,-22.88586],[-44.5452,-22.88117],[-44.53269,-22.86918],[-44.51913,-22.86553],[-44.49463,-22.84676]]]]},"properties":{"CD_MUN":"3300100","NM_MUN":"Angra dos Reis","SIGLA_UF":"RJ"}},{"type":"Feature","geometry":{"type":"Polygon","coordinates":[[[-44.26002,-22.26864],[-44.25012,-22.26082],[-44.24647,-22.26707],[-44.23917,-22.2629],[-44.235,-22.26655],[-44.21311,-22.24622],[-44.20164,-22.25144],[-44.18913,-22.24101],[-44.17505,-22.24205],[-44.1641,-22.25248],[-44.15681,-22.25248],[-44.16828,-22.27072],[-44.14638,-22.28115],[-44.15055,-22.29366],[-44.14638,-22.30305],[-44.15733,-22.31295],[-44.14795,-22.32077],[-44.1469,-22.33172],[-44.14013,-22.33797],[-44.12345,-22.33902],[-44.11719,-22.33015],[-44.09582,-22.33016],[-44.05307,-22.31347],[-44.0244,-22.29627],[-44.02596,-22.30774],[-44.06298,-22.33485],[-44.06871,-22.35309],[-44.07601,-22.35674],[-44.08487,-22.37447],[-44.08487,-22.38281],[-44.00459,-22.40731],[-44.09634,-22.40835],[-44.10573,-22.4193],[-44.13753,-22.43181],[-44.15108,-22.45266],[-44.15577,-22.49593],[-44.15213,-22.5246],[-44.14535,-22.52512],[-44.13857,-22.52982],[-44.13909,-22.53607],[-44.13336,-22.53711],[-44.09009,-22.5293],[-44.08592,-22.54546],[-44.08905,-22.56579],[-44.09739,-22.57726],[-44.09061,-22.57934],[-44.09687,-22.59654],[-44.08801,-22.60436],[-44.08593,-22.64242],[-44.08853,-22.64867],[-44.1172,-22.6445],[-44.14796,-22.64919],[-44.16047,-22.67839],[-44.17403,-22.65649],[-44.19019,-22.64867],[-44.18393,-22.6372],[-44.19071,-22.6299],[-44.20426,-22.62678],[-44.20687,-22.61322],[-44.21938,-22.61739],[-44.22667,-22.60488],[-44.23293,-22.60905],[-44.24753,-22.60644],[-44.25274,-22.6127],[-44.26942,-22.60019],[-44.28297,-22.60436],[-44.28558,-22.61009],[-44.29549,-22.59862],[-44.3179,-22.59758],[-44.32572,-22.58872],[-44.34292,-22.5882],[-44.34657,-22.57412],[-44.32833,-22.57256],[-44.32624,-22.55379],[-44.32051,-22.55066],[-44.32832,-22.51991],[-44.31946,-22.50792],[-44.33145,-22.49332],[-44.33249,-22.47612],[-44.33771,-22.47247],[-44.33354,-22.46777],[-44.31737,-22.46725],[-44.27358,-22.40939],[-44.27671,-22.40418],[-44.30642,-22.39792],[-44.31789,-22.40261],[-44.32832,-22.39636],[-44.34187,-22.37759],[-44.34031,-22.35986],[-44.33145,-22.35674],[-44.33249,-22.34318],[-44.32675,-22.33223],[-44.31893,-22.33588],[-44.30069,-22.32859],[-44.29235,-22.3192],[-44.27202,-22.32025],[-44.27097,-22.30982],[-44.26472,-22.30513],[-44.25742,-22.30513],[-44.25012,-22.31347],[-44.23761,-22.31816],[-44.2595,-22.30096],[-44.25585,-22.29157],[-44.26002,-22.26864]]]},"properties":{"CD_MUN":"3300407","NM_MUN":"Barra Mansa","SIGLA_UF":"RJ"}},{"type":"Feature","geometry":{"type":"Polygon","coordinates":[[[-44.0244,-22.29627],[-44.00928,-22.30983],[-43.97331,-22.31348],[-43.96654,-22.34371],[-43.95976,-22.33954],[-43.95142,-22.34423],[-43.95038,-22.34997],[-43.93422,-22.34788],[-43.93004,-22.3531],[-43.93265,-22.35883],[-43.93786,-22.35675],[-43.94725,-22.36717],[-43.94047,-22.37239],[-43.94047,-22.3802],[-43.91441,-22.35101],[-43.89355,-22.34528],[-43.88573,-22.33016],[-43.86905,-22.32599],[-43.85602,-22.31504],[-43.84872,-22.31609],[-43.84194,-22.3286],[-43.84976,-22.33746],[-43.85863,-22.37291],[-43.84716,-22.36926],[-43.84455,-22.38438],[-43.83621,-22.38594],[-43.83725,-22.37499],[-43.82683,-22.37343],[-43.8091,-22.35258],[-43.79555,-22.35727],[-43.79659,-22.36405],[-43.78356,-22.36144],[-43.77522,-22.36822],[-43.76427,-22.39116],[-43.74863,-22.40419],[-43.77157,-22.43651],[-43.77887,-22.43964],[-43.75958,-22.44954],[-43.76063,-22.45684],[-43.75489,-22.45997],[-43.76584,-22.45945],[-43.76949,-22.51783],[-43.77783,-22.53191],[-43.79191,-22.53504],[-43.79764,-22.55224],[-43.80807,-22.55433],[-43.81797,-22.54807],[-43.82006,-22.53399],[-43.80442,-22.52305],[-43.8112,-22.51262],[-43.82475,-22.51731],[-43.83987,-22.51053],[-43.84299,-22.50324],[-43.85446,-22.50741],[-43.85394,-22.51679],[-43.86541,-22.5293],[-43.94308,-22.51522],[-43.95038,-22.51939],[-43.99209,-22.51731],[-43.99991,-22.51262],[-44.00616,-22.4975],[-44.02076,-22.48446],[-44.02858,-22.48811],[-44.03066,-22.4975],[-44.0536,-22.48029],[-44.05725,-22.46622],[-44.07132,-22.45996],[-44.00459,-22.40731],[-44.08487,-22.38281],[-44.08487,-22.37447],[-44.07601,-22.35674],[-44.06871,-22.35309],[-44.06298,-22.33485],[-44.02596,-22.30774],[-44.0244,-22.29627]]]},"properties":{"CD_MUN":"3300308","NM_MUN":"Barra do Piraí","SIGLA_UF":"RJ"}},{"type":"Feature","geometry":{"type":"Polygon","coordinates":[[[-42.23793,-22.86454],[-42.23428,-22.87445],[-42.2202,-22.86924],[-42.20613,-22.87966],[-42.16912,-22.87393],[-42.14879,-22.89478],[-42.12324,-22.90782],[-42.0904,-22.93284],[-42.03567,-22.9344],[-42.03202,-22.94692],[-42.02107,-22.94692],[-42.02576,-22.9563],[-42.02107,-22.96203],[-42.00283,-22.95057],[-42.00856,-22.96047],[-41.99657,-22.96047],[-42.00387,-22.97038],[-42.01325,-22.96464],[-42.01586,-22.96777],[-42.01169,-22.97142],[-42.01951,-22.97298],[-42.01899,-22.97976],[-42.01013,-22.97924],[-42.00752,-22.98393],[-42.01273,-22.998],[-42.02003,-22.98393],[-42.03463,-22.97924],[-42.03515,-22.97037],[-42.06643,-22.95734],[-42.2911,-22.93961],[-42.2911,-22.92866],[-42.28276,-22.92658],[-42.27546,-22.91772],[-42.2838,-22.90051],[-42.23793,-22.86454]]]},"properties":{"CD_MUN":"3300258","NM_MUN":"Arraial do Cabo","SIGLA_UF":"RJ"}},{"type":"Feature","geometry":{"type":"Polygon","coordinates":[[[-42.18735,-22.55541],[-42.18631,-22.55124],[-42.18214,-22.5528],[-42.13262,-22.6529],[-42.16702,-22.68],[-42.21916,-22.77071],[-42.25409,-22.79208],[-42.24001,-22.84056],[-42.2494,-22.8489],[-42.23793,-22.86454],[-42.2838,-22.90051],[-42.27546,-22.91772],[-42.28276,-22.92658],[-42.2911,-22.92866],[-42.2911,-22.93961],[-42.36721,-22.93596],[-42.38754,-22.89478],[-42.37034,-22.83587],[-42.44853,-22.82388],[-42.44123,-22.73161],[-42.4209,-22.73682],[-42.41047,-22.72952],[-42.40109,-22.73108],[-42.39536,-22.7217],[-42.37972,-22.7191],[-42.36981,-22.72431],[-42.36043,-22.71284],[-42.33332,-22.70502],[-42.31976,-22.67426],[-42.31768,-22.65237],[-42.29787,-22.62526],[-42.28275,-22.6237],[-42.26346,-22.60858],[-42.2473,-22.61327],[-42.23688,-22.60962],[-42.23271,-22.60493],[-42.23792,-22.59972],[-42.22645,-22.59659],[-42.22801,-22.59034],[-42.21602,-22.59294],[-42.21498,-22.58669],[-42.19621,-22.57366],[-42.19308,-22.55854],[-42.18735,-22.55541]]]},"properties":{"CD_MUN":"3300209","NM_MUN":"Araruama","SIGLA_UF":"RJ"}},{"type":"Feature","geometry":{"type":"Polygon","coordinates":[[[-44.00459,-22.40731],[-44.07132,-22.45996],[-44.05725,-22.46622],[-44.0536,-22.48029],[-44.03066,-22.4975],[-44.02806,-22.5074],[-44.03535,-22.53138],[-44.03275,-22.53868],[-44.04109,-22.55171],[-44.0536,-22.55275],[-44.08593,-22.64242],[-44.08801,-22.60436],[-44.09687,-22.59654],[-44.09061,-22.57934],[-44.09739,-22.57726],[-44.08905,-22.56579],[-44.08592,-22.54546],[-44.09009,-22.5293],[-44.13336,-22.53711],[-44.13909,-22.53607],[-44.13857,-22.52982],[-44.14535,-22.52512],[-44.15213,-22.5246],[-44.15577,-22.49593],[-44.15108,-22.45266],[-44.13753,-22.43181],[-44.10573,-22.4193],[-44.09634,-22.40835],[-44.00459,-22.40731]]]},"properties":{"CD_MUN":"3306305","NM_MUN":"Volta Redonda","SIGLA_UF":"RJ"}},{"type":"Feature","geometry":{"type":"Polygon","coordinates":[[[-43.40301,-22.21653],[-43.34879,-22.27544],[-43.50571,-22.3114],[-43.513,-22.33434],[-43.50675,-22.33278],[-43.49632,-22.36875],[-43.48798,-22.37396],[-43.50779,-22.40159],[-43.49216,-22.41931],[-43.50832,-22.42661],[-43.50467,-22.43495],[-43.51718,-22.44694],[-43.53073,-22.44277],[-43.5396,-22.45163],[-43.5542,-22.5267],[-43.56045,-22.50481],[-43.57296,-22.46102],[-43.58391,-22.45685],[-43.71684,-22.49646],[-43.74082,-22.48291],[-43.7502,-22.4704],[-43.74916,-22.4631],[-43.75489,-22.45997],[-43.76063,-22.45684],[-43.75958,-22.44954],[-43.77887,-22.43964],[-43.77157,-22.43651],[-43.74863,-22.40419],[-43.73039,-22.38647],[-43.73091,-22.3776],[-43.72048,-22.37604],[-43.70797,-22.38647],[-43.70224,-22.3849],[-43.69442,-22.375],[-43.69338,-22.36144],[-43.67878,-22.36144],[-43.67774,-22.34581],[-43.66158,-22.33955],[-43.66887,-22.33486],[-43.66835,-22.32547],[-43.6574,-22.31453],[-43.63916,-22.31766],[-43.61987,-22.30358],[-43.60736,-22.30775],[-43.58859,-22.28794],[-43.56096,-22.26553],[-43.52551,-22.27648],[-43.51665,-22.26084],[-43.51926,-22.24363],[-43.51404,-22.23633],[-43.4812,-22.24937],[-43.4713,-22.23164],[-43.46921,-22.21601],[-43.45774,-22.21601],[-43.42907,-22.23738],[-43.40301,-22.21653]]]},"properties":{"CD_MUN":"3306206","NM_MUN":"Vassouras","SIGLA_UF":"RJ"}},{"type":"Feature","geometry":{"type":"Polygon","coordinates":[[[-43.97852,-22.14666],[-43.96496,-22.13988],[-43.95297,-22.14145],[-43.9415,-22.13258],[-43.8925,-22.11434],[-43.88103,-22.11382],[-43.87947,-22.10026],[-43.87113,-22.10391],[-43.85757,-22.09505],[-43.84246,-22.09922],[-43.81066,-22.08619],[-43.81222,-22.08306],[-43.79971,-22.08254],[-43.76634,-22.06325],[-43.76374,-22.07316],[-43.75592,-22.07733],[-43.76061,-22.08098],[-43.73455,-22.09714],[-43.71943,-22.0815],[-43.70952,-22.0815],[-43.70796,-22.07629],[-43.70014,-22.07785],[-43.69128,-22.07108],[-43.68137,-22.0716],[-43.67355,-22.08984],[-43.66834,-22.08619],[-43.66156,-22.09141],[-43.65948,-22.10496],[-43.66157,-22.15605],[-43.67408,-22.16648],[-43.66365,-22.18107],[-43.6574,-22.18107],[-43.65948,-22.19671],[-43.65219,-22.20401],[-43.63498,-22.20662],[-43.62769,-22.22069],[-43.60788,-22.22643],[-43.61101,-22.24363],[-43.60319,-22.24728],[-43.61048,-22.25354],[-43.60788,-22.25927],[-43.58755,-22.26553],[-43.5938,-22.26657],[-43.58651,-22.27647],[-43.59485,-22.28586],[-43.58859,-22.28794],[-43.60736,-22.30775],[-43.61987,-22.30358],[-43.63916,-22.31766],[-43.6574,-22.31453],[-43.66835,-22.32547],[-43.66887,-22.33486],[-43.66158,-22.33955],[-43.67774,-22.34581],[-43.67878,-22.36144],[-43.69338,-22.36144],[-43.69442,-22.375],[-43.70224,-22.3849],[-43.70797,-22.38647],[-43.72048,-22.37604],[-43.73091,-22.3776],[-43.73039,-22.38647],[-43.74863,-22.40419],[-43.76427,-22.39116],[-43.77522,-22.36822],[-43.78356,-22.36144],[-43.79659,-22.36405],[-43.79555,-22.35727],[-43.8091,-22.35258],[-43.82683,-22.37343],[-43.83725,-22.37499],[-43.83621,-22.38594],[-43.84455,-22.38438],[-43.84716,-22.36926],[-43.85863,-22.37291],[-43.84976,-22.33746],[-43.84194,-22.3286],[-43.84872,-22.31609],[-43.85602,-22.31504],[-43.86905,-22.32599],[-43.88573,-22.33016],[-43.89355,-22.34528],[-43.91441,-22.35101],[-43.94047,-22.3802],[-43.94047,-22.37239],[-43.94725,-22.36717],[-43.93786,-22.35675],[-43.93265,-22.35883],[-43.93004,-22.3531],[-43.93422,-22.34788],[-43.95038,-22.34997],[-43.95142,-22.34423],[-43.95976,-22.33954],[-43.96654,-22.34371],[-43.97331,-22.31348],[-44.00928,-22.30983],[-44.0244,-22.29627],[-44.05307,-22.31347],[-44.09582,-22.33016],[-44.11719,-22.33015],[-44.12345,-22.33902],[-44.14013,-22.33797],[-44.1469,-22.33172],[-44.14795,-22.32077],[-44.15733,-22.31295],[-44.14638,-22.30305],[-44.15055,-22.29366],[-44.14638,-22.28115],[-44.16828,-22.27072],[-44.15681,-22.25248],[-44.1641,-22.25248],[-44.17505,-22.24205],[-44.18913,-22.24101],[-44.17974,-22.22798],[-44.16671,-22.22746],[-44.16358,-22.23267],[-44.15837,-22.22537],[-44.15316,-22.22693],[-44.14898,-22.2139],[-44.14064,-22.22016],[-44.13335,-22.21025],[-44.12136,-22.20921],[-44.125,-22.20087],[-44.12292,-22.18836],[-44.10467,-22.18471],[-44.09998,-22.17324],[-44.09008,-22.17585],[-44.08747,-22.18471],[-44.08434,-22.17585],[-44.07652,-22.17533],[-44.07235,-22.1649],[-44.0661,-22.16229],[-44.04055,-22.16073],[-44.03795,-22.15448],[-44.02387,-22.15135],[-44.00458,-22.1623],[-43.99728,-22.15604],[-43.99311,-22.15865],[-43.9879,-22.15031],[-43.97695,-22.14979],[-43.97852,-22.14666]]]},"properties":{"CD_MUN":"3306107","NM_MUN":"Valença","SIGLA_UF":"RJ"}},{"type":"Feature","geometry":{"type":"Polygon","coordinates":[[[-42.69142,-21.96997],[-42.57205,-22.0195],[-42.57465,-22.02679],[-42.56318,-22.03149],[-42.5684,-22.04504],[-42.58091,-22.04973],[-42.57413,-22.05755],[-42.57361,-22.06485],[-42.58821,-22.07736],[-42.59811,-22.0784],[-42.60593,-22.09091],[-42.60333,-22.09821],[-42.58665,-22.10395],[-42.59551,-22.11229],[-42.60176,-22.11177],[-42.60906,-22.12167],[-42.60698,-22.1274],[-42.61688,-22.1347],[-42.61063,-22.14096],[-42.57779,-22.14148],[-42.57362,-22.16338],[-42.55746,-22.1639],[-42.55537,-22.17224],[-42.56423,-22.17276],[-42.5658,-22.17849],[-42.59186,-22.17901],[-42.61219,-22.19674],[-42.62679,-22.18788],[-42.64139,-22.18788],[-42.64295,-22.19622],[-42.63878,-22.20195],[-42.64712,-22.20612],[-42.64452,-22.21238],[-42.65181,-22.21394],[-42.65859,-22.20925],[-42.65963,-22.21863],[-42.6711,-22.22385],[-42.67423,-22.24053],[-42.71437,-22.26763],[-42.71854,-22.25981],[-42.71646,-22.2546],[-42.72428,-22.24522],[-42.74461,-22.23375],[-42.73418,-22.22489],[-42.73731,-22.21967],[-42.73314,-22.21811],[-42.73314,-22.21029],[-42.7519,-22.18996],[-42.74721,-22.18527],[-42.7446,-22.16546],[-42.75607,-22.15816],[-42.75607,-22.15242],[-42.7446,-22.12844],[-42.74721,-22.12323],[-42.75451,-22.1175],[-42.75972,-22.10134],[-42.73574,-22.09612],[-42.73052,-22.08674],[-42.74408,-22.04764],[-42.71697,-22.05286],[-42.71019,-22.03409],[-42.71593,-22.02575],[-42.70811,-22.02418],[-42.70915,-22.0148],[-42.69664,-22.00177],[-42.70185,-21.99343],[-42.69142,-21.96997]]]},"properties":{"CD_MUN":"3305703","NM_MUN":"Sumidouro","SIGLA_UF":"RJ"}},{"type":"Feature","geometry":{"type":"Polygon","coordinates":[[[-42.55173,-22.45531],[-42.53714,-22.45687],[-42.51159,-22.43394],[-42.49335,-22.43706],[-42.47145,-22.44853],[-42.45738,-22.44332],[-42.45269,-22.43498],[-42.42297,-22.4282],[-42.40421,-22.42925],[-42.38961,-22.42195],[-42.37136,-22.4256],[-42.36615,-22.41986],[-42.35468,-22.42977],[-42.34373,-22.42456],[-42.33696,-22.42977],[-42.32549,-22.42612],[-42.32445,-22.42143],[-42.31558,-22.42508],[-42.27857,-22.40214],[-42.27075,-22.40319],[-42.29421,-22.43081],[-42.30412,-22.4574],[-42.30151,-22.46626],[-42.29004,-22.46678],[-42.28327,-22.47877],[-42.27075,-22.48659],[-42.26971,-22.4965],[-42.26189,-22.5038],[-42.26554,-22.51996],[-42.26242,-22.53143],[-42.25408,-22.53351],[-42.25199,-22.54446],[-42.24104,-22.54655],[-42.21289,-22.53925],[-42.19308,-22.54811],[-42.18735,-22.55541],[-42.19308,-22.55854],[-42.19621,-22.57366],[-42.21498,-22.58669],[-42.21602,-22.59294],[-42.22801,-22.59034],[-42.22645,-22.59659],[-42.23792,-22.59972],[-42.23271,-22.60493],[-42.23688,-22.60962],[-42.2473,-22.61327],[-42.26346,-22.60858],[-42.28275,-22.6237],[-42.29787,-22.62526],[-42.31768,-22.65237],[-42.31976,-22.67426],[-42.33332,-22.70502],[-42.36043,-22.71284],[-42.36981,-22.72431],[-42.37972,-22.7191],[-42.39536,-22.7217],[-42.40109,-22.73108],[-42.41047,-22.72952],[-42.4209,-22.73682],[-42.44123,-22.73161],[-42.46,-22.71961],[-42.47616,-22.72587],[-42.50014,-22.72535],[-42.52985,-22.71753],[-42.5262,-22.70554],[-42.52828,-22.63047],[-42.5533,-22.619],[-42.56425,-22.62004],[-42.60282,-22.54132],[-42.58771,-22.52412],[-42.57676,-22.50066],[-42.57832,-22.49493],[-42.56633,-22.48502],[-42.56529,-22.46834],[-42.55226,-22.46678],[-42.55173,-22.45531]]]},"properties":{"CD_MUN":"3305604","NM_MUN":"Silva Jardim","SIGLA_UF":"RJ"}},{"type":"Feature","geometry":{"type":"Polygon","coordinates":[[[-43.3467,-22.00384],[-43.33888,-22.01061],[-43.32428,-22.00644],[-43.3175,-22.00696],[-43.31646,-22.01635],[-43.30239,-22.02052],[-43.27997,-22.01114],[-43.26225,-22.00853],[-43.25651,-22.01218],[-43.24609,-22.00697],[-43.23618,-22.01218],[-43.23618,-22.02313],[-43.22732,-22.02886],[-43.2195,-22.03355],[-43.20282,-22.02573],[-43.20178,-22.0372],[-43.16946,-22.02209],[-43.15486,-22.03251],[-43.13088,-22.02991],[-43.12775,-22.04659],[-43.13401,-22.0591],[-43.15382,-22.07839],[-43.1361,-22.10967],[-43.12723,-22.10498],[-43.12202,-22.09142],[-43.10638,-22.08412],[-43.08918,-22.08829],[-43.07771,-22.08412],[-43.07406,-22.09351],[-43.06416,-22.08934],[-43.03288,-22.06588],[-43.03913,-22.04555],[-43.00264,-22.03252],[-43.00994,-22.04034],[-43.0042,-22.0492],[-43.01046,-22.0565],[-43.00785,-22.07109],[-43.01411,-22.0836],[-42.96876,-22.08882],[-42.97293,-22.09924],[-42.96772,-22.10602],[-42.96459,-22.1274],[-42.95625,-22.13834],[-43.00212,-22.15137],[-43.01672,-22.14877],[-43.04696,-22.20872],[-43.07302,-22.22227],[-43.09388,-22.24208],[-43.09023,-22.26189],[-43.09492,-22.26658],[-43.10118,-22.2645],[-43.11004,-22.28378],[-43.12672,-22.27544],[-43.13715,-22.29473],[-43.14549,-22.29786],[-43.14601,-22.30464],[-43.15956,-22.31141],[-43.17468,-22.31298],[-43.18146,-22.30099],[-43.17729,-22.29942],[-43.1825,-22.29682],[-43.15956,-22.1936],[-43.1679,-22.18734],[-43.19813,-22.20089],[-43.20074,-22.17796],[-43.24818,-22.13521],[-43.25912,-22.10289],[-43.25495,-22.05701],[-43.27424,-22.07526],[-43.28102,-22.07369],[-43.28258,-22.06744],[-43.31646,-22.06483],[-43.34044,-22.05023],[-43.34566,-22.05649],[-43.3467,-22.00384]]]},"properties":{"CD_MUN":"3306008","NM_MUN":"Três Rios","SIGLA_UF":"RJ"}},{"type":"Feature","geometry":{"type":"Polygon","coordinates":[[[-42.21913,-22.0096],[-42.18629,-22.01846],[-42.18003,-22.00699],[-42.16283,-22.00699],[-42.15449,-22.01116],[-42.14771,-22.02472],[-42.13833,-22.02003],[-42.13624,-22.02524],[-42.13937,-22.02941],[-42.13416,-22.03358],[-42.09975,-22.03098],[-42.10236,-22.04714],[-42.05127,-22.05965],[-41.99914,-22.05809],[-41.96056,-22.07738],[-41.96213,-22.09562],[-41.959,-22.09875],[-41.96265,-22.10605],[-41.95796,-22.11752],[-41.96161,-22.1269],[-41.97151,-22.13211],[-41.97829,-22.12534],[-41.9835,-22.1269],[-42.02,-22.14723],[-42.02677,-22.15766],[-42.07578,-22.16391],[-42.08829,-22.16964],[-42.09715,-22.18424],[-42.09298,-22.20197],[-42.12843,-22.21448],[-42.1472,-22.2103],[-42.15866,-22.21552],[-42.17847,-22.23324],[-42.18317,-22.24367],[-42.19776,-22.24836],[-42.22696,-22.27494],[-42.23373,-22.2885],[-42.23895,-22.28641],[-42.24677,-22.29267],[-42.25094,-22.30674],[-42.26553,-22.30779],[-42.27909,-22.29475],[-42.28743,-22.29319],[-42.28586,-22.28954],[-42.29368,-22.28902],[-42.29421,-22.28433],[-42.25198,-22.2567],[-42.25458,-22.25201],[-42.24833,-22.24471],[-42.25094,-22.23689],[-42.23373,-22.23115],[-42.24364,-22.22229],[-42.25458,-22.21969],[-42.2551,-22.21447],[-42.26553,-22.21708],[-42.28117,-22.20822],[-42.28586,-22.20092],[-42.28065,-22.19206],[-42.28221,-22.18111],[-42.29212,-22.16964],[-42.29733,-22.15139],[-42.29055,-22.14045],[-42.28012,-22.14149],[-42.277,-22.13054],[-42.2796,-22.12324],[-42.29368,-22.11542],[-42.26344,-22.12012],[-42.26657,-22.10604],[-42.27595,-22.1076],[-42.27804,-22.09613],[-42.26761,-22.08936],[-42.26552,-22.07737],[-42.27022,-22.07372],[-42.26552,-22.06486],[-42.26135,-22.06538],[-42.2624,-22.05078],[-42.2405,-22.03514],[-42.25093,-22.02941],[-42.23946,-22.02472],[-42.2332,-22.02941],[-42.21913,-22.0096]]]},"properties":{"CD_MUN":"3305901","NM_MUN":"Trajano de Moraes","SIGLA_UF":"RJ"}},{"type":"Feature","geometry":{"type":"Polygon","coordinates":[[[-42.74721,-22.12323],[-42.7446,-22.12844],[-42.75607,-22.15242],[-42.75607,-22.15816],[-42.7446,-22.16546],[-42.74721,-22.18527],[-42.7519,-22.18996],[-42.73314,-22.21029],[-42.73314,-22.21811],[-42.73731,-22.21967],[-42.73418,-22.22489],[-42.74461,-22.23375],[-42.72428,-22.24522],[-42.71646,-22.2546],[-42.71854,-22.25981],[-42.71437,-22.26763],[-42.71802,-22.2791],[-42.71177,-22.2937],[-42.72636,-22.31664],[-42.71802,-22.32863],[-42.72793,-22.33592],[-42.72324,-22.35104],[-42.72741,-22.35573],[-42.73992,-22.36043],[-42.7467,-22.37346],[-42.76338,-22.37711],[-42.76963,-22.38388],[-42.79309,-22.37606],[-42.80352,-22.37815],[-42.80352,-22.38701],[-42.81551,-22.39118],[-42.81134,-22.40474],[-42.82698,-22.41255],[-42.852,-22.4162],[-42.852,-22.42611],[-42.87025,-22.43184],[-42.87494,-22.448],[-42.89162,-22.45739],[-42.91195,-22.4553],[-42.93489,-22.45165],[-42.94114,-22.45738],[-42.9547,-22.45738],[-42.95574,-22.46572],[-42.96304,-22.46416],[-42.97607,-22.47094],[-42.98389,-22.46312],[-42.99849,-22.45947],[-43.01621,-22.46624],[-43.02507,-22.46103],[-43.02559,-22.4553],[-43.02195,-22.4407],[-43.03237,-22.4334],[-43.03498,-22.4235],[-43.03185,-22.42037],[-43.03863,-22.4162],[-43.02768,-22.39326],[-43.03341,-22.39065],[-43.02872,-22.37971],[-43.03393,-22.37032],[-43.01986,-22.35625],[-43.03341,-22.3453],[-43.02507,-22.33957],[-43.03028,-22.33852],[-43.0308,-22.33175],[-43.04801,-22.32705],[-43.03966,-22.31246],[-43.01308,-22.2989],[-43.01725,-22.29056],[-42.99692,-22.28118],[-42.98858,-22.27753],[-42.98336,-22.26346],[-42.9745,-22.26346],[-42.97033,-22.25459],[-42.95834,-22.25407],[-42.94687,-22.24521],[-42.9427,-22.23479],[-42.91924,-22.22384],[-42.90673,-22.2254],[-42.89265,-22.19048],[-42.87753,-22.18631],[-42.87389,-22.19204],[-42.85981,-22.18735],[-42.8473,-22.17484],[-42.83948,-22.17588],[-42.81446,-22.16389],[-42.77588,-22.13105],[-42.7691,-22.13261],[-42.76128,-22.12532],[-42.74721,-22.12323]]]},"properties":{"CD_MUN":"3305802","NM_MUN":"Teresópolis","SIGLA_UF":"RJ"}},{"type":"Feature","geometry":{"type":"Polygon","coordinates":[[[-42.23793,-22.86454],[-42.2494,-22.8489],[-42.24001,-22.84056],[-42.25409,-22.79208],[-42.21916,-22.77071],[-42.16702,-22.68],[-42.13262,-22.6529],[-42.04139,-22.75924],[-42.02315,-22.79626],[-42.04088,-22.86611],[-42.04609,-22.86768],[-42.05287,-22.86298],[-42.06121,-22.86768],[-42.0758,-22.8609],[-42.08571,-22.86507],[-42.09978,-22.86246],[-42.10865,-22.86976],[-42.10448,-22.8854],[-42.10813,-22.90156],[-42.11438,-22.90886],[-42.12324,-22.90782],[-42.14879,-22.89478],[-42.16912,-22.87393],[-42.20613,-22.87966],[-42.2202,-22.86924],[-42.23428,-22.87445],[-42.23793,-22.86454]]]},"properties":{"CD_MUN":"3305208","NM_MUN":"São Pedro da Aldeia","SIGLA_UF":"RJ"}},{"type":"Feature","geometry":{"type":"Polygon","coordinates":[[[-42.75451,-22.1175],[-42.74721,-22.12323],[-42.76128,-22.12532],[-42.7691,-22.13261],[-42.77588,-22.13105],[-42.81446,-22.16389],[-42.83948,-22.17588],[-42.8473,-22.17484],[-42.85981,-22.18735],[-42.87389,-22.19204],[-42.87753,-22.18631],[-42.89265,-22.19048],[-42.90673,-22.2254],[-42.91924,-22.22384],[-42.9427,-22.23479],[-42.94687,-22.24521],[-42.95834,-22.25407],[-42.97033,-22.25459],[-42.9745,-22.26346],[-42.98336,-22.26346],[-42.98858,-22.27753],[-42.99692,-22.28118],[-43.01777,-22.27649],[-43.02454,-22.26137],[-43.01412,-22.24782],[-43.01985,-22.24208],[-43.00943,-22.22957],[-43.01829,-22.22436],[-43.02975,-22.20298],[-43.04696,-22.20872],[-43.01672,-22.14877],[-43.00212,-22.15137],[-42.95625,-22.13834],[-42.96459,-22.1274],[-42.96772,-22.10602],[-42.97293,-22.09924],[-42.96876,-22.08882],[-42.95468,-22.08569],[-42.94791,-22.0956],[-42.93487,-22.0956],[-42.92862,-22.10446],[-42.91506,-22.09977],[-42.91246,-22.10967],[-42.90516,-22.1128],[-42.88327,-22.10133],[-42.87232,-22.10238],[-42.8645,-22.12792],[-42.87441,-22.15503],[-42.8645,-22.16545],[-42.83844,-22.15399],[-42.82853,-22.14356],[-42.81967,-22.14773],[-42.81393,-22.13574],[-42.80559,-22.1347],[-42.79308,-22.12323],[-42.77796,-22.1201],[-42.76858,-22.12375],[-42.75451,-22.1175]]]},"properties":{"CD_MUN":"3305158","NM_MUN":"São José do Vale do Rio Preto","SIGLA_UF":"RJ"}},{"type":"Feature","geometry":{"type":"Polygon","coordinates":[[[-43.41085,-22.79205],[-43.38478,-22.76703],[-43.33057,-22.7566],[-43.33005,-22.80248],[-43.35872,-22.80352],[-43.39156,-22.81447],[-43.41085,-22.79205]]]},"properties":{"CD_MUN":"3305109","NM_MUN":"São João de Meriti","SIGLA_UF":"RJ"}},{"type":"Feature","geometry":{"type":"Polygon","coordinates":[[[-42.64611,-22.85515],[-42.63464,-22.84681],[-42.63568,-22.83847],[-42.58094,-22.80563],[-42.56791,-22.80406],[-42.55279,-22.81449],[-42.53402,-22.80876],[-42.52256,-22.8244],[-42.4845,-22.83117],[-42.47877,-22.82335],[-42.44853,-22.82388],[-42.37034,-22.83587],[-42.38754,-22.89478],[-42.36721,-22.93596],[-42.47617,-22.93908],[-42.56791,-22.93283],[-42.64402,-22.93908],[-42.63673,-22.92344],[-42.64194,-22.91041],[-42.65601,-22.90467],[-42.67009,-22.91093],[-42.68104,-22.90989],[-42.67582,-22.90467],[-42.67843,-22.87809],[-42.6607,-22.85932],[-42.64611,-22.85515]]]},"properties":{"CD_MUN":"3305505","NM_MUN":"Saquarema","SIGLA_UF":"RJ"}},{"type":"Feature","geometry":{"type":"Polygon","coordinates":[[[-42.66848,-21.87457],[-42.66379,-21.89021],[-42.66952,-21.89803],[-42.66327,-21.90428],[-42.66327,-21.91367],[-42.68047,-21.94912],[-42.69038,-21.95016],[-42.69924,-21.95954],[-42.69716,-21.96423],[-42.68882,-21.96371],[-42.69142,-21.96997],[-42.70185,-21.99343],[-42.69664,-22.00177],[-42.70915,-22.0148],[-42.70811,-22.02418],[-42.71593,-22.02575],[-42.71019,-22.03409],[-42.71697,-22.05286],[-42.74408,-22.04764],[-42.73052,-22.08674],[-42.73574,-22.09612],[-42.75972,-22.10134],[-42.75451,-22.1175],[-42.76858,-22.12375],[-42.77796,-22.1201],[-42.79308,-22.12323],[-42.80559,-22.1347],[-42.81393,-22.13574],[-42.81967,-22.14773],[-42.82853,-22.14356],[-42.83844,-22.15399],[-42.8645,-22.16545],[-42.87441,-22.15503],[-42.8645,-22.12792],[-42.87232,-22.10238],[-42.88327,-22.10133],[-42.90516,-22.1128],[-42.91246,-22.10967],[-42.91506,-22.09977],[-42.92862,-22.10446],[-42.93487,-22.0956],[-42.94791,-22.0956],[-42.95468,-22.08569],[-42.96876,-22.08882],[-43.01411,-22.0836],[-43.00785,-22.07109],[-43.01046,-22.0565],[-43.0042,-22.0492],[-43.00994,-22.04034],[-43.00264,-22.03252],[-42.99274,-22.03564],[-42.96876,-22.01479],[-42.95885,-22.01531],[-42.9088,-21.99081],[-42.88274,-21.96736],[-42.88013,-21.95902],[-42.80559,-21.93712],[-42.66848,-21.87457]]]},"properties":{"CD_MUN":"3305406","NM_MUN":"Sapucaia","SIGLA_UF":"RJ"}},{"type":"Feature","geometry":{"type":"Polygon","coordinates":[[[-41.93761,-21.74165],[-41.93084,-21.7427],[-41.93709,-21.75052],[-41.93553,-21.76824],[-41.95169,-21.77085],[-41.95899,-21.79274],[-41.97046,-21.80317],[-42.00539,-21.83757],[-42.00122,-21.83966],[-42.00434,-21.84591],[-42.02415,-21.86103],[-42.02155,-21.86781],[-42.02728,-21.86937],[-42.03458,-21.88658],[-42.04344,-21.89075],[-42.06169,-21.91785],[-42.07681,-21.91577],[-42.07629,-21.93662],[-42.08306,-21.93662],[-42.09453,-21.92463],[-42.10079,-21.92724],[-42.09662,-21.9361],[-42.08984,-21.9361],[-42.09349,-21.94496],[-42.08254,-21.9507],[-42.0888,-21.96112],[-42.09245,-21.95591],[-42.10079,-21.95643],[-42.09923,-21.97937],[-42.11382,-21.9851],[-42.12112,-22.0023],[-42.13259,-22.00908],[-42.13051,-22.02003],[-42.13624,-22.02524],[-42.13833,-22.02003],[-42.14771,-22.02472],[-42.15449,-22.01116],[-42.16283,-22.00699],[-42.18003,-22.00699],[-42.18629,-22.01846],[-42.21913,-22.0096],[-42.2233,-22.00804],[-42.22069,-21.99448],[-42.23059,-21.97571],[-42.2431,-21.97311],[-42.2431,-21.95278],[-42.23789,-21.95173],[-42.23372,-21.93766],[-42.22799,-21.93505],[-42.22069,-21.91889],[-42.21026,-21.91941],[-42.21391,-21.91055],[-42.22069,-21.90899],[-42.21391,-21.89908],[-42.21078,-21.88084],[-42.20661,-21.87771],[-42.19879,-21.88188],[-42.18993,-21.87458],[-42.18419,-21.87562],[-42.18263,-21.86989],[-42.17116,-21.86728],[-42.16699,-21.85946],[-42.14197,-21.85894],[-42.1378,-21.85321],[-42.1451,-21.8433],[-42.13675,-21.83757],[-42.12059,-21.8506],[-42.11642,-21.83757],[-42.12581,-21.83079],[-42.12476,-21.82506],[-42.11382,-21.82506],[-42.10339,-21.81046],[-42.09244,-21.81307],[-42.08931,-21.80212],[-42.07159,-21.79743],[-42.05908,-21.80108],[-42.06325,-21.7917],[-42.05543,-21.78179],[-42.04865,-21.77971],[-42.04344,-21.78388],[-42.03145,-21.76615],[-42.01372,-21.77189],[-42.02206,-21.75677],[-42.01216,-21.74582],[-42.00486,-21.74634],[-41.98349,-21.73383],[-41.97619,-21.73957],[-41.97515,-21.73488],[-41.95221,-21.72914],[-41.93761,-21.74165]]]},"properties":{"CD_MUN":"3305307","NM_MUN":"São Sebastião do Alto","SIGLA_UF":"RJ"}},{"type":"Feature","geometry":{"type":"Polygon","coordinates":[[[-42.27853,-21.41322],[-42.2509,-21.44189],[-42.2019,-21.469],[-42.13309,-21.47005],[-42.12371,-21.47474],[-42.1065,-21.45337],[-42.09399,-21.45389],[-42.08513,-21.44711],[-42.07992,-21.45024],[-42.0575,-21.43356],[-42.04812,-21.43825],[-42.02414,-21.43669],[-42.00954,-21.42887],[-42.0012,-21.43408],[-41.99807,-21.45389],[-41.99338,-21.45754],[-41.99495,-21.46484],[-42.00172,-21.4664],[-42.00694,-21.47579],[-41.99755,-21.4883],[-42.00224,-21.49612],[-42.02935,-21.50811],[-42.05438,-21.52687],[-42.05438,-21.54616],[-42.10442,-21.60194],[-42.11537,-21.60455],[-42.11589,-21.6108],[-42.09087,-21.62905],[-42.07784,-21.62696],[-42.07523,-21.63218],[-42.06116,-21.63687],[-42.04083,-21.63374],[-42.09504,-21.67127],[-42.11173,-21.68483],[-42.11798,-21.69734],[-42.13154,-21.70412],[-42.14926,-21.69317],[-42.18731,-21.69056],[-42.18784,-21.68587],[-42.19409,-21.6843],[-42.23736,-21.69838],[-42.26707,-21.71454],[-42.27177,-21.71454],[-42.26603,-21.70828],[-42.27177,-21.70463],[-42.27072,-21.69942],[-42.26499,-21.69421],[-42.2702,-21.6817],[-42.27489,-21.677],[-42.28323,-21.68117],[-42.28688,-21.67283],[-42.28219,-21.67127],[-42.30096,-21.65563],[-42.30721,-21.66032],[-42.31607,-21.65511],[-42.32024,-21.66084],[-42.32441,-21.65667],[-42.33953,-21.66188],[-42.34735,-21.64207],[-42.35517,-21.64781],[-42.36508,-21.64624],[-42.36925,-21.64051],[-42.35517,-21.62591],[-42.36872,-21.61966],[-42.35256,-21.59203],[-42.34578,-21.58317],[-42.32545,-21.57013],[-42.33014,-21.56023],[-42.30981,-21.55189],[-42.30251,-21.53938],[-42.30616,-21.52999],[-42.2973,-21.52478],[-42.28479,-21.52739],[-42.27332,-21.50445],[-42.25247,-21.49402],[-42.25612,-21.48516],[-42.27071,-21.4763],[-42.26863,-21.46848],[-42.29209,-21.46014],[-42.28062,-21.43303],[-42.2754,-21.42938],[-42.27853,-21.41322]]]},"properties":{"CD_MUN":"3304706","NM_MUN":"Santo Antônio de Pádua","SIGLA_UF":"RJ"}},{"type":"Feature","geometry":{"type":"Polygon","coordinates":[[[-41.97046,-21.80317],[-41.96525,-21.82767],[-41.95534,-21.83601],[-41.95221,-21.8553],[-41.93762,-21.87198],[-41.89539,-21.87876],[-41.89227,-21.86729],[-41.90113,-21.86573],[-41.88862,-21.86364],[-41.88393,-21.8725],[-41.88705,-21.88084],[-41.87089,-21.88554],[-41.83805,-21.88814],[-41.79687,-21.87668],[-41.78905,-21.88085],[-41.78801,-21.88815],[-41.71972,-21.8871],[-41.70512,-21.89232],[-41.71607,-21.90952],[-41.71398,-21.9236],[-41.72024,-21.94445],[-41.71242,-21.96165],[-41.71972,-21.96791],[-41.71607,-21.98303],[-41.72129,-21.99293],[-41.73171,-21.99658],[-41.76351,-22.02473],[-41.76351,-22.01795],[-41.77342,-22.02212],[-41.76351,-22.03516],[-41.76612,-22.0461],[-41.75934,-22.0534],[-41.76143,-22.06383],[-41.75465,-22.06904],[-41.75048,-22.08624],[-41.76664,-22.0852],[-41.77863,-22.09667],[-41.79062,-22.10032],[-41.82138,-22.0998],[-41.83702,-22.07164],[-41.85005,-22.0706],[-41.86934,-22.05183],[-41.87716,-22.05548],[-41.8881,-22.04923],[-41.90322,-22.05809],[-41.90948,-22.06799],[-41.93502,-22.05705],[-41.9418,-22.0706],[-41.96056,-22.07738],[-41.99914,-22.05809],[-42.05127,-22.05965],[-42.10236,-22.04714],[-42.09975,-22.03098],[-42.13416,-22.03358],[-42.13937,-22.02941],[-42.13624,-22.02524],[-42.13051,-22.02003],[-42.13259,-22.00908],[-42.12112,-22.0023],[-42.11382,-21.9851],[-42.09923,-21.97937],[-42.10079,-21.95643],[-42.09245,-21.95591],[-42.0888,-21.96112],[-42.08254,-21.9507],[-42.09349,-21.94496],[-42.08984,-21.9361],[-42.09662,-21.9361],[-42.10079,-21.92724],[-42.09453,-21.92463],[-42.08306,-21.93662],[-42.07629,-21.93662],[-42.07681,-21.91577],[-42.06169,-21.91785],[-42.04344,-21.89075],[-42.03458,-21.88658],[-42.02728,-21.86937],[-42.02155,-21.86781],[-42.02415,-21.86103],[-42.00434,-21.84591],[-42.00122,-21.83966],[-42.00539,-21.83757],[-41.97046,-21.80317]]]},"properties":{"CD_MUN":"3304607","NM_MUN":"Santa Maria Madalena","SIGLA_UF":"RJ"}},{"type":"Feature","geometry":{"type":"MultiPolygon","coordinates":[[[[-43.66838,-23.05426],[-43.66682,-23.04279],[-43.67933,-23.02924],[-43.71947,-23.01099],[-43.75022,-22.98493],[-43.79245,-22.93488],[-43.79714,-22.92289],[-43.79453,-22.91768],[-43.7914,-22.91403],[-43.79401,-22.90412],[-43.78723,-22.901],[-43.7841,-22.90412],[-43.77993,-22.89578],[-43.75178,-22.88901],[-43.74553,-22.86868],[-43.71946,-22.87024],[-43.68141,-22.86346],[-43.66525,-22.86555],[-43.64387,-22.85617],[-43.62354,-22.86294],[-43.59331,-22.86034],[-43.58809,-22.83896],[-43.57819,-22.83375],[-43.49009,-22.81603],[-43.48488,-22.83063],[-43.46976,-22.84105],[-43.45829,-22.84992],[-43.42805,-22.83741],[-43.4145,-22.82124],[-43.39156,-22.81447],[-43.35872,-22.80352],[-43.33005,-22.80248],[-43.30711,-22.79883],[-43.29929,-22.80613],[-43.28782,-22.80874],[-43.28313,-22.81656],[-43.27375,-22.81134],[-43.27531,-22.81916],[-43.25603,-22.83793],[-43.24612,-22.84106],[-43.23778,-22.87755],[-43.23048,-22.87182],[-43.21797,-22.87651],[-43.20911,-22.86921],[-43.20598,-22.8713],[-43.21693,-22.88693],[-43.21172,-22.89788],[-43.1966,-22.89267],[-43.18148,-22.89632],[-43.1794,-22.89319],[-43.17001,-22.90466],[-43.16272,-22.90518],[-43.16063,-22.91665],[-43.17314,-22.91769],[-43.16897,-22.92186],[-43.17314,-22.93594],[-43.16949,-22.93907],[-43.18201,-22.94845],[-43.17106,-22.95262],[-43.15229,-22.93959],[-43.15594,-22.9448],[-43.15125,-22.95158],[-43.16428,-22.95523],[-43.16011,-22.96513],[-43.16689,-22.96357],[-43.18513,-22.97347],[-43.18983,-22.98233],[-43.18461,-22.98755],[-43.19087,-22.99224],[-43.22215,-22.98911],[-43.24039,-23.00162],[-43.27323,-23.00214],[-43.28627,-23.00892],[-43.28679,-23.01622],[-43.29669,-23.01726],[-43.29409,-23.01205],[-43.31129,-22.99641],[-43.31963,-22.99797],[-43.32328,-22.99067],[-43.33423,-22.99015],[-43.34674,-22.9792],[-43.35768,-22.97764],[-43.35925,-22.97764],[-43.38271,-22.97451],[-43.39418,-22.98389],[-43.40356,-22.97555],[-43.40304,-22.98546],[-43.40617,-22.98129],[-43.41503,-22.98754],[-43.40669,-22.99276],[-43.39105,-22.98859],[-43.38844,-22.99276],[-43.39209,-22.99432],[-43.38792,-22.99484],[-43.3874,-22.98337],[-43.38114,-22.97868],[-43.36446,-22.97764],[-43.35404,-22.97972],[-43.34465,-22.98442],[-43.35768,-22.98546],[-43.34674,-22.99224],[-43.35768,-22.99015],[-43.35769,-22.99536],[-43.3238,-22.99641],[-43.32224,-23.0011],[-43.29565,-23.01257],[-43.29878,-23.0157],[-43.36446,-23.01204],[-43.43171,-23.01934],[-43.46612,-23.02977],[-43.46872,-23.03811],[-43.47863,-23.03237],[-43.49375,-23.0355],[-43.50886,-23.04853],[-43.53545,-23.05166],[-43.549,-23.06261],[-43.55213,-23.07668],[-43.57194,-23.07408],[-43.56777,-23.06469],[-43.56829,-23.06365],[-43.5954,-23.0527],[-43.66838,-23.05426]]],[[[-43.25029,-22.80874],[-43.24403,-22.8077],[-43.24351,-22.80092],[-43.22892,-22.78319],[-43.21797,-22.7858],[-43.20754,-22.79518],[-43.1919,-22.79675],[-43.1893,-22.78684],[-43.1747,-22.77694],[-43.17105,-22.7832],[-43.16584,-22.77746],[-43.15645,-22.77955],[-43.15698,-22.78685],[-43.18148,-22.80405],[-43.17522,-22.82021],[-43.16428,-22.82334],[-43.1721,-22.83168],[-43.17574,-22.82438],[-43.18513,-22.83376],[-43.19138,-22.82073],[-43.20911,-22.81552],[-43.22631,-22.82073],[-43.24195,-22.83376],[-43.26384,-22.81082],[-43.25915,-22.80457],[-43.25029,-22.80874]]]]},"properties":{"CD_MUN":"3304557","NM_MUN":"Rio de Janeiro","SIGLA_UF":"RJ"}},{"type":"Feature","geometry":{"type":"Polygon","coordinates":[[[-41.27659,-21.24069],[-41.27189,-21.2334],[-41.26147,-21.23652],[-41.25782,-21.22662],[-41.24635,-21.22141],[-41.2281,-21.22558],[-41.22706,-21.23131],[-41.22393,-21.22766],[-41.22446,-21.23131],[-41.22028,-21.23027],[-41.20517,-21.24382],[-41.2036,-21.24018],[-41.19891,-21.24435],[-41.19266,-21.24174],[-41.19057,-21.24852],[-41.18275,-21.24435],[-41.18588,-21.24122],[-41.18275,-21.23653],[-41.17754,-21.23913],[-41.18015,-21.24174],[-41.17389,-21.24122],[-41.17597,-21.24487],[-41.16086,-21.24591],[-41.15825,-21.24122],[-41.15564,-21.24539],[-41.15564,-21.24018],[-41.14105,-21.23861],[-41.13792,-21.22871],[-41.11915,-21.23079],[-41.10403,-21.21985],[-41.09152,-21.2188],[-41.05555,-21.23861],[-41.04096,-21.25478],[-41.02323,-21.24644],[-41.00499,-21.25217],[-40.99561,-21.28606],[-40.9857,-21.2871],[-40.97788,-21.28136],[-40.97945,-21.28971],[-40.95755,-21.30222],[-40.96433,-21.33558],[-40.96016,-21.36165],[-40.98206,-21.39397],[-40.98623,-21.39188],[-40.99665,-21.39866],[-41.02272,-21.44453],[-41.06391,-21.48676],[-41.07433,-21.51908],[-41.07277,-21.53628],[-41.05609,-21.58581],[-41.03785,-21.60353],[-41.0097,-21.60874],[-41.02377,-21.68068],[-41.02586,-21.72135],[-40.97947,-21.9158],[-41.12387,-21.91475],[-41.1588,-21.872],[-41.15358,-21.86158],[-41.14837,-21.81935],[-41.15932,-21.79745],[-41.17704,-21.7766],[-41.17183,-21.74845],[-41.19216,-21.7276],[-41.14367,-21.69319],[-41.13585,-21.67808],[-41.14054,-21.67755],[-41.13898,-21.67234],[-41.14784,-21.67234],[-41.14628,-21.67599],[-41.15931,-21.67495],[-41.17808,-21.6885],[-41.19685,-21.68277],[-41.18277,-21.62177],[-41.1812,-21.59519],[-41.21769,-21.58111],[-41.23229,-21.56495],[-41.26409,-21.55244],[-41.22916,-21.49979],[-41.24897,-21.50083],[-41.26148,-21.48936],[-41.25522,-21.47633],[-41.25835,-21.46642],[-41.25522,-21.44453],[-41.25783,-21.42159],[-41.26617,-21.40699],[-41.25678,-21.39552],[-41.2573,-21.38875],[-41.24271,-21.38823],[-41.23697,-21.37519],[-41.24271,-21.36685],[-41.26408,-21.36424],[-41.26512,-21.3559],[-41.2719,-21.35382],[-41.25678,-21.33818],[-41.25887,-21.33245],[-41.26616,-21.33244],[-41.26721,-21.32671],[-41.27294,-21.32775],[-41.26199,-21.3142],[-41.29588,-21.31628],[-41.299,-21.31107],[-41.31256,-21.31211],[-41.29275,-21.28083],[-41.28701,-21.25685],[-41.27189,-21.24695],[-41.27659,-21.24069]]]},"properties":{"CD_MUN":"3305000","NM_MUN":"São João da Barra","SIGLA_UF":"RJ"}}]}