{"type":"FeatureCollection","features":[{"type":"Feature","geometry":{"type":"MultiPolygon","coordinates":[[[[-47.67592,-15.73423],[-47.67452,-15.73315],[-47.67588,-15.73231],[-47.67547,-15.73046],[-47.67365,-15.7291],[-47.67674,-15.72552],[-47.67613,-15.72366],[-47.67461,-15.72236],[-47.67662,-15.72253],[-47.67507,-15.72059],[-47.67619,-15.71924],[-47.67571,-15.7175],[-47.67389,-15.7173],[-47.6759,-15.71408],[-47.67437,-15.71151],[-47.67285,-15.71066],[-47.67323,-15.70953],[-47.67542,-15.70867],[-47.67659,-15.70711],[-47.67811,-15.70724],[-47.68022,-15.70525],[-47.68415,-15.70375],[-47.68992,-15.70307],[-47.69268,-15.70126],[-47.69502,-15.70076],[-47.69784,-15.69926],[-47.70137,-15.69919],[-47.70423,-15.7004],[-47.70487,-15.69986],[-47.70948,-15.70035],[-47.71681,-15.69732],[-47.71879,-15.69783],[-47.72175,-15.69689],[-47.72923,-15.69865],[-47.73138,-15.69852],[-47.73498,-15.69586],[-47.7371,-15.69327],[-47.73954,-15.69168],[-47.74138,-15.68907],[-47.74647,-15.68613],[-47.74707,-15.68263],[-47.74682,-15.68064],[-47.74436,-15.67623],[-47.74018,-15.67469],[-47.74332,-15.6722],[-47.74291,-15.66984],[-47.73793,-15.66454],[-47.75233,-15.64014],[-47.75306,-15.63959],[-47.75978,-15.62488],[-47.75947,-15.62113],[-47.76063,-15.61738],[-47.77355,-15.60895],[-47.77493,-15.60696],[-47.78113,-15.60098],[-47.7805,-15.59339],[-47.773,-15.59406],[-47.76559,-15.59238],[-47.76321,-15.59142],[-47.76456,-15.58976],[-47.76757,-15.5899],[-47.76916,-15.5888],[-47.76462,-15.58761],[-47.76609,-15.58345],[-47.7647,-15.58057],[-47.76105,-15.57951],[-47.76022,-15.57797],[-47.76068,-15.57466],[-47.7601,-15.57305],[-47.76318,-15.57146],[-47.76234,-15.56782],[-47.76419,-15.56506],[-47.76674,-15.56458],[-47.76727,-15.56105],[-47.76597,-15.5586],[-47.76412,-15.55811],[-47.76353,-15.55932],[-47.75939,-15.55676],[-47.75859,-15.55529],[-47.75613,-15.55425],[-47.75472,-15.55069],[-47.75653,-15.54902],[-47.75637,-15.54646],[-47.75484,-15.54385],[-47.75338,-15.54396],[-47.75302,-15.54199],[-47.75201,-15.54289],[-47.75154,-15.53989],[-47.75005,-15.53903],[-47.75165,-15.53727],[-47.75118,-15.53497],[-47.7532,-15.53348],[-47.75449,-15.53142],[-47.75372,-15.52964],[-47.75674,-15.52831],[-47.75881,-15.53082],[-47.76077,-15.52757],[-47.76277,-15.52863],[-47.76378,-15.52734],[-47.76416,-15.52525],[-47.76195,-15.52434],[-47.76154,-15.52051],[-47.76439,-15.51955],[-47.76793,-15.52088],[-47.76691,-15.51917],[-47.76829,-15.51893],[-47.76849,-15.5172],[-47.76995,-15.51719],[-47.77252,-15.51117],[-47.77015,-15.50867],[-47.771,-15.50341],[-47.77214,-15.50214],[-47.41841,-15.50182],[-47.41841,-15.54566],[-47.41582,-15.54653],[-47.41402,-15.54854],[-47.41117,-15.54726],[-47.40924,-15.54837],[-47.40659,-15.54697],[-47.40277,-15.54746],[-47.40214,-15.55034],[-47.40066,-15.55157],[-47.39988,-15.55136],[-47.39862,-15.55327],[-47.39909,-15.55576],[-47.39947,-15.55725],[-47.39614,-15.55862],[-47.39418,-15.55807],[-47.3936,-15.5602],[-47.39322,-15.56146],[-47.39145,-15.56264],[-47.39132,-15.56443],[-47.38977,-15.56719],[-47.38872,-15.56756],[-47.3854,-15.56643],[-47.38459,-15.56757],[-47.38062,-15.5669],[-47.3802,-15.56756],[-47.37969,-15.57031],[-47.37927,-15.57362],[-47.37789,-15.57598],[-47.37652,-15.57667],[-47.37252,-15.57732],[-47.37199,-15.57797],[-47.37121,-15.57773],[-47.3683,-15.57927],[-47.36737,-15.5792],[-47.3621,-15.57791],[-47.36159,-15.57843],[-47.36148,-15.58013],[-47.35948,-15.57961],[-47.3593,-15.58037],[-47.35782,-15.58049],[-47.35695,-15.57969],[-47.35614,-15.57982],[-47.35505,-15.57913],[-47.35339,-15.57942],[-47.3516,-15.58045],[-47.34971,-15.58074],[-47.34719,-15.57935],[-47.34188,-15.58336],[-47.33666,-15.58557],[-47.33454,-15.58775],[-47.33195,-15.58757],[-47.33068,-15.58647],[-47.3298,-15.58641],[-47.32749,-15.58973],[-47.32613,-15.58875],[-47.32501,-15.58856],[-47.32478,-15.58802],[-47.32396,-15.58735],[-47.32351,-15.58755],[-47.32301,-15.58688],[-47.32344,-15.58649],[-47.32172,-15.58647],[-47.32127,-15.58701],[-47.32084,-15.58659],[-47.31993,-15.58794],[-47.31822,-15.58892],[-47.317,-15.59072],[-47.31712,-15.5925],[-47.31679,-15.5935],[-47.31723,-15.5936],[-47.31556,-15.59492],[-47.31642,-15.59531],[-47.31597,-15.59712],[-47.31794,-15.5979],[-47.32026,-15.59822],[-47.32146,-15.59819],[-47.32168,-15.59879],[-47.32224,-15.59805],[-47.32251,-15.59965],[-47.32321,-15.60059],[-47.32352,-15.601],[-47.32291,-15.60174],[-47.32361,-15.6039],[-47.32335,-15.60554],[-47.32389,-15.60617],[-47.32531,-15.608],[-47.32521,-15.61013],[-47.32594,-15.61117],[-47.32698,-15.61153],[-47.3281,-15.61281],[-47.3283,-15.61782],[-47.32914,-15.61816],[-47.32838,-15.61947],[-47.32991,-15.62081],[-47.33109,-15.62244],[-47.33013,-15.62301],[-47.33263,-15.62795],[-47.33198,-15.62851],[-47.33306,-15.62966],[-47.33259,-15.63302],[-47.3326,-15.63378],[-47.3316,-15.63465],[-47.33113,-15.63516],[-47.33081,-15.63716],[-47.33082,-15.63797],[-47.33134,-15.63805],[-47.33046,-15.63924],[-47.3298,-15.63905],[-47.32992,-15.63985],[-47.33007,-15.64121],[-47.32945,-15.64183],[-47.3294,-15.64429],[-47.3304,-15.64602],[-47.3291,-15.64553],[-47.32823,-15.64636],[-47.32786,-15.64725],[-47.32728,-15.64718],[-47.32752,-15.64818],[-47.327,-15.64919],[-47.32858,-15.65017],[-47.32807,-15.65138],[-47.32795,-15.65209],[-47.3266,-15.65262],[-47.32731,-15.65463],[-47.32863,-15.6548],[-47.32885,-15.65593],[-47.32959,-15.65573],[-47.32925,-15.65698],[-47.32854,-15.65823],[-47.32779,-15.65908],[-47.32784,-15.66049],[-47.32675,-15.66143],[-47.32701,-15.66338],[-47.32802,-15.66426],[-47.32753,-15.66415],[-47.32809,-15.66528],[-47.32651,-15.66564],[-47.32692,-15.66604],[-47.32866,-15.66684],[-47.32605,-15.66941],[-47.32771,-15.67091],[-47.32771,-15.67262],[-47.32719,-15.67534],[-47.32818,-15.67583],[-47.32913,-15.67707],[-47.32787,-15.67861],[-47.32897,-15.67995],[-47.33038,-15.68055],[-47.33079,-15.67968],[-47.33181,-15.68042],[-47.33147,-15.6835],[-47.32916,-15.68478],[-47.32868,-15.68426],[-47.32807,-15.6834],[-47.32784,-15.68436],[-47.32833,-15.68606],[-47.32786,-15.68621],[-47.32825,-15.68653],[-47.32773,-15.68669],[-47.32763,-15.6873],[-47.32975,-15.68794],[-47.32818,-15.68848],[-47.32771,-15.68841],[-47.32604,-15.68898],[-47.32397,-15.68878],[-47.32314,-15.68944],[-47.32278,-15.68866],[-47.32135,-15.68849],[-47.32029,-15.68721],[-47.31942,-15.68828],[-47.31776,-15.69034],[-47.3177,-15.69169],[-47.3184,-15.69227],[-47.31753,-15.69325],[-47.31583,-15.69436],[-47.31606,-15.69506],[-47.3148,-15.69442],[-47.31286,-15.69604],[-47.31249,-15.69729],[-47.31302,-15.69759],[-47.31302,-15.69992],[-47.31427,-15.70057],[-47.31379,-15.70099],[-47.31395,-15.70153],[-47.3135,-15.70157],[-47.31445,-15.70246],[-47.31347,-15.70354],[-47.3146,-15.70613],[-47.31299,-15.70703],[-47.31373,-15.70738],[-47.31414,-15.70785],[-47.31391,-15.70945],[-47.31552,-15.71003],[-47.31382,-15.711],[-47.31509,-15.71187],[-47.31541,-15.71343],[-47.31522,-15.71538],[-47.31775,-15.71713],[-47.31852,-15.717],[-47.3188,-15.71812],[-47.31992,-15.71844],[-47.31947,-15.71923],[-47.32084,-15.71862],[-47.32023,-15.72045],[-47.32075,-15.72303],[-47.31979,-15.72315],[-47.31948,-15.72393],[-47.31889,-15.72368],[-47.31806,-15.72498],[-47.31869,-15.72629],[-47.31947,-15.72658],[-47.31798,-15.72758],[-47.3178,-15.72875],[-47.31743,-15.72973],[-47.31789,-15.73106],[-47.31703,-15.73128],[-47.31722,-15.73184],[-47.31792,-15.73147],[-47.31879,-15.73285],[-47.31923,-15.73553],[-47.31778,-15.73417],[-47.3175,-15.73595],[-47.31732,-15.73674],[-47.31562,-15.7363],[-47.31551,-15.73714],[-47.31367,-15.73811],[-47.31456,-15.73894],[-47.31353,-15.74034],[-47.31345,-15.74266],[-47.31532,-15.7428],[-47.31369,-15.74487],[-47.31443,-15.7453],[-47.31422,-15.74644],[-47.3149,-15.74642],[-47.31496,-15.74749],[-47.31442,-15.74742],[-47.31452,-15.74793],[-47.31618,-15.74774],[-47.31605,-15.74642],[-47.31647,-15.74597],[-47.31716,-15.74844],[-47.31904,-15.74971],[-47.31858,-15.75095],[-47.31999,-15.75314],[-47.32036,-15.75543],[-47.32114,-15.7558],[-47.32189,-15.75796],[-47.32288,-15.75856],[-47.32372,-15.75804],[-47.3246,-15.7599],[-47.32395,-15.76084],[-47.32449,-15.76132],[-47.32434,-15.76194],[-47.32542,-15.76198],[-47.32569,-15.76308],[-47.32699,-15.76423],[-47.3273,-15.76536],[-47.32652,-15.7663],[-47.32793,-15.7656],[-47.32785,-15.76776],[-47.32877,-15.76673],[-47.32934,-15.76694],[-47.32984,-15.76911],[-47.32833,-15.76967],[-47.32894,-15.77024],[-47.32744,-15.77214],[-47.32855,-15.77227],[-47.32915,-15.7741],[-47.33146,-15.77371],[-47.3304,-15.77512],[-47.33114,-15.77542],[-47.33087,-15.77654],[-47.33164,-15.77937],[-47.33255,-15.78008],[-47.33458,-15.78202],[-47.33627,-15.78147],[-47.33648,-15.7833],[-47.33554,-15.78361],[-47.33601,-15.78412],[-47.3353,-15.78535],[-47.33588,-15.78546],[-47.33686,-15.78623],[-47.33818,-15.78763],[-47.33904,-15.78824],[-47.33876,-15.79072],[-47.33926,-15.793],[-47.3395,-15.79498],[-47.34026,-15.79506],[-47.34064,-15.79432],[-47.3413,-15.79551],[-47.34137,-15.79415],[-47.34242,-15.79493],[-47.34213,-15.79558],[-47.34268,-15.79641],[-47.34198,-15.79811],[-47.34412,-15.796],[-47.34487,-15.79871],[-47.34601,-15.79862],[-47.34468,-15.80012],[-47.34603,-15.80119],[-47.34556,-15.80299],[-47.34678,-15.80404],[-47.34755,-15.80285],[-47.34786,-15.80397],[-47.34967,-15.80393],[-47.34854,-15.80681],[-47.34853,-15.80824],[-47.34889,-15.80851],[-47.35028,-15.80783],[-47.35006,-15.81023],[-47.35102,-15.81152],[-47.3525,-15.81236],[-47.35282,-15.81511],[-47.35436,-15.81406],[-47.35458,-15.81563],[-47.35302,-15.81697],[-47.35352,-15.81839],[-47.35513,-15.81706],[-47.35614,-15.81881],[-47.35487,-15.82042],[-47.35696,-15.8197],[-47.35458,-15.82146],[-47.35541,-15.82345],[-47.35804,-15.82208],[-47.35807,-15.82288],[-47.35715,-15.82298],[-47.35734,-15.82415],[-47.35848,-15.82397],[-47.35987,-15.82163],[-47.36079,-15.82146],[-47.36038,-15.82375],[-47.363,-15.82482],[-47.36232,-15.82741],[-47.36421,-15.82793],[-47.36616,-15.82733],[-47.36738,-15.82846],[-47.3667,-15.83011],[-47.36585,-15.83195],[-47.36642,-15.83158],[-47.36657,-15.83187],[-47.36565,-15.833],[-47.36485,-15.83403],[-47.36629,-15.83464],[-47.36615,-15.83517],[-47.36538,-15.83517],[-47.36601,-15.83753],[-47.36706,-15.83554],[-47.3681,-15.83564],[-47.3669,-15.83738],[-47.36798,-15.83801],[-47.36799,-15.84014],[-47.37033,-15.84136],[-47.36989,-15.84174],[-47.36867,-15.84164],[-47.36827,-15.84241],[-47.36956,-15.84498],[-47.37075,-15.84591],[-47.37268,-15.84597],[-47.37353,-15.84452],[-47.37446,-15.84544],[-47.38004,-15.84692],[-47.38105,-15.84556],[-47.38318,-15.84682],[-47.38554,-15.84579],[-47.38708,-15.8569],[-47.42401,-15.8643],[-47.45321,-15.85766],[-47.4562,-15.85852],[-47.46406,-15.86308],[-47.46732,-15.86313],[-47.51782,-15.85311],[-47.52008,-15.8536],[-47.55546,-15.87285],[-47.60437,-15.85858],[-47.62104,-15.86301],[-47.64205,-15.78935],[-47.66425,-15.74947],[-47.66181,-15.74634],[-47.66417,-15.74462],[-47.66045,-15.72731],[-47.6647,-15.72735],[-47.67039,-15.73088],[-47.67376,-15.7341],[-47.67592,-15.73423]],[[-47.62665,-15.62648],[-47.62754,-15.623],[-47.62638,-15.62135],[-47.62898,-15.61659],[-47.62669,-15.61658],[-47.62709,-15.61312],[-47.62932,-15.61313],[-47.62938,-15.60918],[-47.63194,-15.60919],[-47.63733,-15.61494],[-47.63947,-15.61442],[-47.64283,-15.61184],[-47.64069,-15.5957],[-47.66172,-15.5939],[-47.66679,-15.59433],[-47.6691,-15.59545],[-47.67542,-15.59811],[-47.67728,-15.59502],[-47.68556,-15.59791],[-47.69372,-15.59857],[-47.69698,-15.60053],[-47.69559,-15.60476],[-47.69163,-15.60596],[-47.69139,-15.60694],[-47.70639,-15.61532],[-47.69391,-15.63602],[-47.69185,-15.63799],[-47.68561,-15.64194],[-47.69363,-15.64667],[-47.69076,-15.65057],[-47.686,-15.65284],[-47.68483,-15.65438],[-47.68246,-15.65437],[-47.67842,-15.65546],[-47.67608,-15.6551],[-47.67733,-15.66103],[-47.67619,-15.66614],[-47.67659,-15.66743],[-47.67354,-15.66884],[-47.67214,-15.66855],[-47.67069,-15.66993],[-47.67131,-15.67132],[-47.66852,-15.67171],[-47.66917,-15.67519],[-47.6658,-15.67685],[-47.66451,-15.67581],[-47.66215,-15.67606],[-47.66008,-15.6752],[-47.65773,-15.67213],[-47.65482,-15.6717],[-47.65486,-15.67007],[-47.65277,-15.6698],[-47.6524,-15.66868],[-47.65104,-15.67045],[-47.6495,-15.66963],[-47.64357,-15.66313],[-47.64244,-15.66382],[-47.63984,-15.66351],[-47.63872,-15.66191],[-47.63662,-15.66076],[-47.63434,-15.65806],[-47.6321,-15.65825],[-47.62874,-15.65734],[-47.62696,-15.65844],[-47.62404,-15.65754],[-47.62473,-15.65493],[-47.62139,-15.64915],[-47.62342,-15.64696],[-47.62439,-15.64136],[-47.59732,-15.62285],[-47.6012,-15.62204],[-47.60701,-15.62284],[-47.61301,-15.62257],[-47.61976,-15.624],[-47.62665,-15.62648]]]]},"properties":{"CD_REG":"5300108056","NM_REG":"Planaltina: Área rural, Vale do Amanhecer e Condomínio Planaltina","SIGLA_UF":"DF","OG_REG":"IBGE"}},{"type":"Feature","geometry":{"type":"MultiPolygon","coordinates":[[[[-47.7073,-15.89353],[-47.70682,-15.89159],[-47.70963,-15.89145],[-47.70821,-15.88979],[-47.70987,-15.88833],[-47.71206,-15.88785],[-47.71141,-15.88609],[-47.70933,-15.88577],[-47.71058,-15.884],[-47.70769,-15.88013],[-47.70847,-15.87748],[-47.7099,-15.8777],[-47.70986,-15.87513],[-47.711,-15.87609],[-47.71263,-15.87553],[-47.71447,-15.87683],[-47.71451,-15.8781],[-47.71656,-15.87729],[-47.71681,-15.87834],[-47.71942,-15.87739],[-47.7239,-15.87473],[-47.72708,-15.87526],[-47.72777,-15.87424],[-47.73077,-15.8742],[-47.73231,-15.87238],[-47.73643,-15.87199],[-47.73776,-15.87051],[-47.7401,-15.87069],[-47.74152,-15.86881],[-47.74187,-15.86612],[-47.74341,-15.86558],[-47.74341,-15.86213],[-47.74496,-15.86066],[-47.74699,-15.86036],[-47.74724,-15.85819],[-47.74526,-15.85362],[-47.74685,-15.85195],[-47.74829,-15.85218],[-47.74973,-15.84946],[-47.75571,-15.84335],[-47.7611,-15.84092],[-47.76256,-15.83947],[-47.76574,-15.83844],[-47.7688,-15.83677],[-47.77172,-15.83447],[-47.77239,-15.83135],[-47.7706,-15.82685],[-47.77266,-15.82502],[-47.76874,-15.82218],[-47.76747,-15.8198],[-47.78187,-15.81571],[-47.77722,-15.8135],[-47.77146,-15.80712],[-47.77068,-15.80498],[-47.77385,-15.79637],[-47.77653,-15.79616],[-47.77663,-15.79958],[-47.7812,-15.79913],[-47.78389,-15.79777],[-47.78428,-15.79371],[-47.78541,-15.79327],[-47.78591,-15.79033],[-47.78764,-15.79037],[-47.78802,-15.78895],[-47.78915,-15.79066],[-47.78895,-15.78849],[-47.78679,-15.78197],[-47.7855,-15.7824],[-47.7811,-15.7788],[-47.77982,-15.77924],[-47.7796,-15.76878],[-47.781,-15.75941],[-47.77814,-15.75835],[-47.76645,-15.75415],[-47.75995,-15.75201],[-47.75616,-15.75227],[-47.75397,-15.75316],[-47.73895,-15.76234],[-47.73624,-15.76309],[-47.73298,-15.76292],[-47.72941,-15.76129],[-47.70466,-15.74387],[-47.69078,-15.73675],[-47.68744,-15.7359],[-47.68033,-15.73575],[-47.67745,-15.73413],[-47.67592,-15.73423],[-47.67376,-15.7341],[-47.67039,-15.73088],[-47.6647,-15.72735],[-47.66045,-15.72731],[-47.66417,-15.74462],[-47.66181,-15.74634],[-47.66425,-15.74947],[-47.64205,-15.78935],[-47.62104,-15.86301],[-47.60437,-15.85858],[-47.55546,-15.87285],[-47.52008,-15.8536],[-47.51782,-15.85311],[-47.46732,-15.86313],[-47.46406,-15.86308],[-47.4562,-15.85852],[-47.45321,-15.85766],[-47.42401,-15.8643],[-47.38708,-15.8569],[-47.38554,-15.84579],[-47.38318,-15.84682],[-47.38105,-15.84556],[-47.38004,-15.84692],[-47.37446,-15.84544],[-47.37353,-15.84452],[-47.37268,-15.84597],[-47.37075,-15.84591],[-47.36886,-15.84733],[-47.37062,-15.84727],[-47.37122,-15.84867],[-47.36871,-15.84886],[-47.36935,-15.84993],[-47.36789,-15.85216],[-47.36832,-15.85373],[-47.37083,-15.85483],[-47.36964,-15.85541],[-47.36939,-15.85754],[-47.3707,-15.8601],[-47.36982,-15.86138],[-47.37139,-15.86226],[-47.37149,-15.86296],[-47.3723,-15.86239],[-47.37442,-15.86418],[-47.37352,-15.8654],[-47.37084,-15.86498],[-47.37161,-15.86708],[-47.37131,-15.86831],[-47.37331,-15.86927],[-47.37267,-15.8707],[-47.37191,-15.87254],[-47.37401,-15.87299],[-47.37199,-15.87408],[-47.37373,-15.8758],[-47.37452,-15.87852],[-47.37494,-15.87939],[-47.37683,-15.88152],[-47.37726,-15.88158],[-47.37765,-15.88066],[-47.3785,-15.88117],[-47.37973,-15.88047],[-47.38018,-15.88193],[-47.37695,-15.883],[-47.37883,-15.88422],[-47.37804,-15.88569],[-47.37899,-15.88653],[-47.37833,-15.88821],[-47.37701,-15.88808],[-47.37804,-15.89155],[-47.3767,-15.89128],[-47.37644,-15.89298],[-47.37572,-15.89517],[-47.37747,-15.89619],[-47.37474,-15.89696],[-47.37573,-15.89823],[-47.3755,-15.89984],[-47.37487,-15.89932],[-47.37242,-15.90003],[-47.37488,-15.90692],[-47.37233,-15.90647],[-47.37094,-15.90786],[-47.36734,-15.90806],[-47.36552,-15.90946],[-47.36583,-15.91008],[-47.36663,-15.91031],[-47.36592,-15.91081],[-47.36698,-15.91158],[-47.3663,-15.91264],[-47.36781,-15.9146],[-47.36808,-15.91656],[-47.36825,-15.9177],[-47.3692,-15.91853],[-47.36735,-15.92],[-47.36883,-15.91997],[-47.36908,-15.92056],[-47.36638,-15.92114],[-47.36404,-15.91974],[-47.36195,-15.92195],[-47.36235,-15.9243],[-47.36178,-15.92555],[-47.3612,-15.92572],[-47.36157,-15.92629],[-47.3627,-15.9259],[-47.36256,-15.92696],[-47.36275,-15.92814],[-47.36209,-15.9292],[-47.36445,-15.92996],[-47.36253,-15.93181],[-47.36434,-15.93116],[-47.36485,-15.93139],[-47.36618,-15.93126],[-47.36514,-15.93352],[-47.36811,-15.9331],[-47.36902,-15.93525],[-47.37205,-15.93531],[-47.37357,-15.93708],[-47.37304,-15.93872],[-47.37121,-15.93616],[-47.36997,-15.93626],[-47.37097,-15.9388],[-47.37259,-15.94058],[-47.37075,-15.94039],[-47.36916,-15.94104],[-47.37042,-15.94175],[-47.36985,-15.94311],[-47.36989,-15.94529],[-47.36846,-15.94695],[-47.37048,-15.9472],[-47.37059,-15.94588],[-47.37144,-15.94675],[-47.37079,-15.94855],[-47.37052,-15.95093],[-47.37243,-15.95362],[-47.37188,-15.95586],[-47.37507,-15.95658],[-47.37442,-15.95851],[-47.37308,-15.95882],[-47.37325,-15.96016],[-47.37615,-15.96157],[-47.3786,-15.96218],[-47.37535,-15.96658],[-47.37625,-15.96889],[-47.37907,-15.96861],[-47.37879,-15.97003],[-47.37682,-15.97119],[-47.37723,-15.97235],[-47.37902,-15.97335],[-47.37783,-15.97598],[-47.37907,-15.97782],[-47.37843,-15.97838],[-47.37609,-15.97847],[-47.37543,-15.98061],[-47.37431,-15.97949],[-47.37353,-15.98006],[-47.37387,-15.98124],[-47.37653,-15.9821],[-47.37565,-15.98436],[-47.37699,-15.98572],[-47.37559,-15.98783],[-47.37324,-15.99312],[-47.37303,-15.9946],[-47.37026,-15.99483],[-47.37055,-15.99846],[-47.37018,-16.00122],[-47.36905,-16.00326],[-47.36671,-16.00114],[-47.36511,-16.00116],[-47.36485,-16.00273],[-47.36535,-16.00431],[-47.3616,-16.00684],[-47.35924,-16.00569],[-47.35896,-16.0062],[-47.36044,-16.00805],[-47.35547,-16.00845],[-47.35432,-16.0072],[-47.35131,-16.00657],[-47.34945,-16.00725],[-47.3486,-16.00622],[-47.34793,-16.0072],[-47.34825,-16.00883],[-47.34632,-16.00896],[-47.3464,-16.01074],[-47.34402,-16.01206],[-47.34154,-16.01257],[-47.33926,-16.01227],[-47.33842,-16.01345],[-47.33874,-16.01504],[-47.34116,-16.01534],[-47.3397,-16.01687],[-47.34106,-16.01802],[-47.34061,-16.01944],[-47.33823,-16.01869],[-47.33736,-16.01744],[-47.33528,-16.0205],[-47.33318,-16.02214],[-47.33145,-16.02234],[-47.32568,-16.02962],[-47.32541,-16.0271],[-47.32247,-16.02651],[-47.32039,-16.03105],[-47.31693,-16.03619],[-47.31193,-16.03551],[-47.31001,-16.03627],[-47.31131,-16.04],[-47.31267,-16.04211],[-47.31154,-16.04283],[-47.3085,-16.04209],[-47.30863,-16.04301],[-47.31005,-16.04389],[-47.30983,-16.04525],[-47.30849,-16.04567],[-47.30998,-16.04849],[-47.3085,-16.04997],[-47.61732,-16.04981],[-47.61437,-16.01417],[-47.59771,-15.98728],[-47.5961,-15.98567],[-47.58897,-15.97414],[-47.5879,-15.97137],[-47.58845,-15.96788],[-47.60655,-15.93865],[-47.60839,-15.93721],[-47.61049,-15.93681],[-47.61816,-15.939],[-47.62886,-15.94692],[-47.63042,-15.94905],[-47.63114,-15.95325],[-47.63227,-15.95526],[-47.63694,-15.96004],[-47.64248,-15.96309],[-47.64764,-15.96811],[-47.65035,-15.96912],[-47.65344,-15.96869],[-47.65897,-15.96378],[-47.66198,-15.96231],[-47.66351,-15.96044],[-47.66153,-15.95649],[-47.6598,-15.95561],[-47.66073,-15.95391],[-47.66251,-15.95418],[-47.66386,-15.95251],[-47.66495,-15.95323],[-47.66671,-15.952],[-47.6671,-15.94963],[-47.66891,-15.94547],[-47.66648,-15.94283],[-47.66936,-15.943],[-47.66833,-15.94083],[-47.66836,-15.93816],[-47.66975,-15.9372],[-47.6684,-15.93455],[-47.67124,-15.93071],[-47.66992,-15.9291],[-47.67166,-15.92907],[-47.67194,-15.92758],[-47.67441,-15.92813],[-47.67663,-15.9302],[-47.67727,-15.92712],[-47.67548,-15.9241],[-47.67744,-15.92354],[-47.67944,-15.9213],[-47.68051,-15.91901],[-47.68132,-15.92131],[-47.68234,-15.92142],[-47.68251,-15.91654],[-47.68441,-15.91427],[-47.68251,-15.91436],[-47.68046,-15.91142],[-47.6822,-15.90992],[-47.68469,-15.90967],[-47.68589,-15.91161],[-47.68807,-15.91167],[-47.68698,-15.90922],[-47.68775,-15.90651],[-47.68941,-15.90888],[-47.69008,-15.90658],[-47.69164,-15.90597],[-47.69291,-15.90727],[-47.69427,-15.90688],[-47.6932,-15.90483],[-47.69689,-15.90542],[-47.69644,-15.90352],[-47.69822,-15.90374],[-47.69755,-15.89952],[-47.69998,-15.9],[-47.69912,-15.89736],[-47.70283,-15.8976],[-47.7008,-15.89584],[-47.7016,-15.89433],[-47.70308,-15.89562],[-47.70413,-15.89236],[-47.70678,-15.89414],[-47.7073,-15.89353]]]]},"properties":{"CD_REG":"5300108135","NM_REG":"Paranoá: Área Rural, Morada Quintas do Campo, Paranoá, Ocupação e Condomínio La Font","SIGLA_UF":"DF","OG_REG":"IBGE"}},{"type":"Feature","geometry":{"type":"MultiPolygon","coordinates":[[[[-48.0796,-15.86643],[-48.0827,-15.86787],[-48.08335,-15.86698],[-48.09451,-15.87245],[-48.09568,-15.87311],[-48.09859,-15.87649],[-48.10545,-15.87972],[-48.10761,-15.87522],[-48.10919,-15.87427],[-48.10621,-15.87343],[-48.10424,-15.87175],[-48.1054,-15.86988],[-48.10325,-15.86776],[-48.10217,-15.86865],[-48.10054,-15.86695],[-48.10162,-15.86525],[-48.09868,-15.86285],[-48.09797,-15.8642],[-48.09651,-15.86294],[-48.08973,-15.85993],[-48.08476,-15.8563],[-48.07888,-15.8549],[-48.07618,-15.85367],[-48.07452,-15.84788],[-48.0731,-15.84739],[-48.07175,-15.84858],[-48.06949,-15.85213],[-48.06675,-15.85789],[-48.06725,-15.85905],[-48.0691,-15.85898],[-48.07225,-15.86039],[-48.07132,-15.86256],[-48.0796,-15.86643]]]]},"properties":{"CD_REG":"5300108037","NM_REG":"Samambaia: Quadras 100, 400 e 600 parte 1","SIGLA_UF":"DF","OG_REG":"IBGE"}},{"type":"Feature","geometry":{"type":"MultiPolygon","coordinates":[[[[-47.90847,-15.78847],[-47.91442,-15.78643],[-47.91392,-15.78497],[-47.92924,-15.78012],[-47.93847,-15.7772],[-47.9357,-15.77027],[-47.91998,-15.74493],[-47.92794,-15.74023],[-47.93074,-15.74171],[-47.93343,-15.74613],[-47.94113,-15.74805],[-47.95877,-15.74724],[-47.96256,-15.74788],[-47.96611,-15.74953],[-47.96825,-15.7512],[-47.97063,-15.75202],[-47.9738,-15.75559],[-47.97278,-15.75591],[-47.97625,-15.76384],[-47.97582,-15.76527],[-47.97561,-15.772],[-47.97131,-15.7767],[-47.97729,-15.78213],[-47.97807,-15.78284],[-48.00357,-15.75562],[-48.00612,-15.7542],[-48.01719,-15.75156],[-48.04762,-15.75367],[-48.04991,-15.74835],[-48.05167,-15.74559],[-48.05639,-15.74113],[-48.06198,-15.73845],[-48.07246,-15.73656],[-48.07732,-15.73456],[-48.082,-15.73146],[-48.08448,-15.72879],[-48.08621,-15.72488],[-48.08971,-15.68029],[-48.08967,-15.67717],[-48.07667,-15.63239],[-48.07414,-15.62781],[-48.07093,-15.62503],[-48.0489,-15.61502],[-48.04516,-15.61268],[-48.02782,-15.59211],[-48.01709,-15.58244],[-48.01358,-15.57951],[-48.00947,-15.57803],[-48.00587,-15.57818],[-48.00275,-15.57934],[-47.9585,-15.61285],[-47.88371,-15.66774],[-47.86071,-15.68736],[-47.85952,-15.68823],[-47.8697,-15.69306],[-47.87176,-15.69011],[-47.87214,-15.68857],[-47.87498,-15.68834],[-47.87362,-15.68623],[-47.87418,-15.68521],[-47.87267,-15.68413],[-47.87688,-15.68088],[-47.87851,-15.68301],[-47.90547,-15.69639],[-47.90929,-15.69279],[-47.91097,-15.6949],[-47.91322,-15.69583],[-47.91484,-15.69348],[-47.92007,-15.70297],[-47.92277,-15.71577],[-47.9228,-15.71884],[-47.92187,-15.72163],[-47.92219,-15.72404],[-47.9207,-15.72596],[-47.91808,-15.7272],[-47.91287,-15.72845],[-47.90971,-15.72852],[-47.91662,-15.73956],[-47.90606,-15.73633],[-47.90412,-15.74242],[-47.90439,-15.74363],[-47.90183,-15.75185],[-47.90357,-15.75384],[-47.90138,-15.75838],[-47.89975,-15.759],[-47.89778,-15.76502],[-47.89903,-15.76646],[-47.89758,-15.77096],[-47.89598,-15.77043],[-47.89502,-15.77588],[-47.8916,-15.77546],[-47.89062,-15.78072],[-47.88763,-15.78131],[-47.88832,-15.78789],[-47.89725,-15.78733],[-47.88303,-15.79262],[-47.88211,-15.79192],[-47.88215,-15.79415],[-47.87604,-15.79604],[-47.8734,-15.79026],[-47.87381,-15.78378],[-47.87154,-15.78144],[-47.86368,-15.7753],[-47.86135,-15.78186],[-47.85915,-15.78115],[-47.85914,-15.78402],[-47.85601,-15.78513],[-47.8554,-15.78358],[-47.85387,-15.78321],[-47.84997,-15.7844],[-47.84535,-15.78695],[-47.84096,-15.78667],[-47.83845,-15.78586],[-47.82924,-15.78593],[-47.82577,-15.78785],[-47.82307,-15.79048],[-47.81899,-15.79143],[-47.81989,-15.79329],[-47.82614,-15.79619],[-47.8304,-15.79988],[-47.82988,-15.81358],[-47.83258,-15.81943],[-47.83477,-15.81723],[-47.8443,-15.81272],[-47.84896,-15.80847],[-47.85293,-15.80687],[-47.85439,-15.80519],[-47.86608,-15.81251],[-47.87982,-15.81911],[-47.88136,-15.81588],[-47.8819,-15.81178],[-47.88388,-15.8099],[-47.8778,-15.80305],[-47.87665,-15.79878],[-47.87986,-15.79801],[-47.88218,-15.80211],[-47.8852,-15.80652],[-47.88742,-15.80565],[-47.88741,-15.80371],[-47.88559,-15.80085],[-47.89453,-15.79592],[-47.89358,-15.79388],[-47.89844,-15.79081],[-47.9036,-15.78925],[-47.90688,-15.78745],[-47.90847,-15.78847]]]]},"properties":{"CD_REG":"5300108111","NM_REG":"Plano Piloto: Parque Nacional, Área Institucional, Setor Noroeste e SMU","SIGLA_UF":"DF","OG_REG":"IBGE"}},{"type":"Feature","geometry":{"type":"MultiPolygon","coordinates":[[[[-48.00784,-15.83536],[-48.0079,-15.83636],[-48.01021,-15.83558],[-48.01453,-15.83575],[-48.01982,-15.83791],[-48.0212,-15.83678],[-48.02115,-15.83396],[-48.01047,-15.82932],[-48.0086,-15.8344],[-48.00784,-15.83536]]]]},"properties":{"CD_REG":"5300108074","NM_REG":"Águas Claras: Vertical parte 4 (urbano)","SIGLA_UF":"DF","OG_REG":"IBGE"}},{"type":"Feature","geometry":{"type":"MultiPolygon","coordinates":[[[[-47.67608,-15.6551],[-47.67713,-15.65229],[-47.67657,-15.64913],[-47.6737,-15.64806],[-47.67207,-15.6467],[-47.67231,-15.64426],[-47.67007,-15.64223],[-47.67081,-15.64075],[-47.66943,-15.63747],[-47.66814,-15.63744],[-47.66624,-15.63313],[-47.66461,-15.63297],[-47.65931,-15.63527],[-47.65613,-15.63521],[-47.64786,-15.63075],[-47.64363,-15.62979],[-47.63852,-15.62885],[-47.63676,-15.63],[-47.63159,-15.63105],[-47.62777,-15.63052],[-47.6287,-15.62733],[-47.62665,-15.62648],[-47.61976,-15.624],[-47.61301,-15.62257],[-47.60701,-15.62284],[-47.6012,-15.62204],[-47.59732,-15.62285],[-47.62439,-15.64136],[-47.62342,-15.64696],[-47.62139,-15.64915],[-47.62473,-15.65493],[-47.62404,-15.65754],[-47.62696,-15.65844],[-47.62874,-15.65734],[-47.6321,-15.65825],[-47.63434,-15.65806],[-47.63662,-15.66076],[-47.63872,-15.66191],[-47.63984,-15.66351],[-47.64244,-15.66382],[-47.64357,-15.66313],[-47.6495,-15.66963],[-47.65104,-15.67045],[-47.6524,-15.66868],[-47.65277,-15.6698],[-47.65486,-15.67007],[-47.65482,-15.6717],[-47.65773,-15.67213],[-47.66008,-15.6752],[-47.66215,-15.67606],[-47.66451,-15.67581],[-47.6658,-15.67685],[-47.66917,-15.67519],[-47.66852,-15.67171],[-47.67131,-15.67132],[-47.67069,-15.66993],[-47.67214,-15.66855],[-47.67354,-15.66884],[-47.67659,-15.66743],[-47.67619,-15.66614],[-47.67733,-15.66103],[-47.67608,-15.6551]]]]},"properties":{"CD_REG":"5300108013","NM_REG":"Arapoanga (urbano)","SIGLA_UF":"DF","OG_REG":"IBGE"}},{"type":"Feature","geometry":{"type":"MultiPolygon","coordinates":[[[[-48.11979,-15.79906],[-48.12885,-15.80321],[-48.12976,-15.80354],[-48.13651,-15.78603],[-48.16389,-15.79398],[-48.18202,-15.79915],[-48.18495,-15.79909],[-48.18857,-15.798],[-48.18832,-15.79994],[-48.19007,-15.80687],[-48.19099,-15.80758],[-48.19112,-15.81054],[-48.18896,-15.8148],[-48.18631,-15.81605],[-48.18459,-15.81936],[-48.18451,-15.82136],[-48.18321,-15.8221],[-48.18382,-15.824],[-48.18673,-15.82776],[-48.18877,-15.83216],[-48.18908,-15.83483],[-48.19015,-15.83564],[-48.18858,-15.83863],[-48.18708,-15.8396],[-48.18606,-15.84227],[-48.18649,-15.84334],[-48.18518,-15.84501],[-48.18426,-15.84436],[-48.18022,-15.84617],[-48.17805,-15.84801],[-48.17675,-15.85149],[-48.17716,-15.85206],[-48.17542,-15.8565],[-48.17552,-15.85745],[-48.17727,-15.8578],[-48.17818,-15.86074],[-48.17784,-15.86204],[-48.18209,-15.86058],[-48.18389,-15.86404],[-48.18336,-15.8644],[-48.18539,-15.86739],[-48.18864,-15.86946],[-48.18945,-15.871],[-48.19251,-15.87165],[-48.19171,-15.87264],[-48.19483,-15.87519],[-48.19479,-15.87622],[-48.19773,-15.88065],[-48.19797,-15.88323],[-48.19876,-15.88282],[-48.20074,-15.88565],[-48.20032,-15.88799],[-48.20201,-15.88944],[-48.20217,-15.89141],[-48.20583,-15.89149],[-48.20672,-15.89377],[-48.20823,-15.89292],[-48.20833,-15.89565],[-48.21042,-15.89619],[-48.21195,-15.89558],[-48.21294,-15.89757],[-48.21749,-15.8974],[-48.21864,-15.89915],[-48.21962,-15.89826],[-48.22054,-15.90128],[-48.22647,-15.90112],[-48.22652,-15.89991],[-48.22847,-15.90182],[-48.23163,-15.90175],[-48.23187,-15.90072],[-48.23525,-15.90077],[-48.23514,-15.89909],[-48.23679,-15.90156],[-48.23578,-15.90269],[-48.23678,-15.90363],[-48.24,-15.90352],[-48.24644,-15.90758],[-48.24683,-15.90925],[-48.25063,-15.90874],[-48.25379,-15.91082],[-48.25544,-15.91277],[-48.2537,-15.91682],[-48.25813,-15.91834],[-48.25945,-15.92194],[-48.25842,-15.92323],[-48.25913,-15.92934],[-48.26232,-15.9285],[-48.2642,-15.92846],[-48.26492,-15.93143],[-48.26819,-15.93318],[-48.26979,-15.9317],[-48.27121,-15.93203],[-48.274,-15.9311],[-48.27581,-15.93158],[-48.27553,-15.93036],[-48.27464,-15.92773],[-48.27695,-15.92669],[-48.27678,-15.92566],[-48.27573,-15.92581],[-48.27599,-15.92491],[-48.27526,-15.92455],[-48.27692,-15.92398],[-48.27547,-15.92293],[-48.27428,-15.92308],[-48.27278,-15.92168],[-48.27209,-15.92219],[-48.27161,-15.92117],[-48.27013,-15.91953],[-48.27104,-15.91756],[-48.26996,-15.91768],[-48.27079,-15.91604],[-48.26932,-15.91313],[-48.27053,-15.9122],[-48.27007,-15.91048],[-48.27231,-15.91076],[-48.27448,-15.90959],[-48.27497,-15.90758],[-48.27618,-15.90711],[-48.27711,-15.90744],[-48.27459,-15.90526],[-48.27416,-15.90345],[-48.27635,-15.90298],[-48.27581,-15.89922],[-48.27452,-15.9],[-48.27371,-15.89908],[-48.27413,-15.8976],[-48.27589,-15.89736],[-48.27547,-15.89567],[-48.27286,-15.89555],[-48.27355,-15.89428],[-48.2755,-15.89376],[-48.27642,-15.89247],[-48.27523,-15.89053],[-48.27369,-15.89023],[-48.27385,-15.8877],[-48.27165,-15.88372],[-48.2734,-15.88206],[-48.27404,-15.87904],[-48.27504,-15.87915],[-48.27574,-15.87786],[-48.27491,-15.87641],[-48.27708,-15.87588],[-48.27762,-15.87283],[-48.27702,-15.87157],[-48.27593,-15.86999],[-48.27806,-15.86856],[-48.28033,-15.86908],[-48.27914,-15.86722],[-48.28039,-15.86588],[-48.27908,-15.86339],[-48.2802,-15.86276],[-48.27893,-15.86185],[-48.27916,-15.86015],[-48.28069,-15.86138],[-48.2812,-15.85924],[-48.28053,-15.857],[-48.28158,-15.85751],[-48.28173,-15.85589],[-48.28343,-15.85609],[-48.28354,-15.85568],[-48.28236,-15.85485],[-48.28404,-15.85323],[-48.28279,-15.85368],[-48.28236,-15.85319],[-48.2832,-15.85062],[-48.28414,-15.84976],[-48.28442,-15.84693],[-48.28482,-15.84505],[-48.28581,-15.84453],[-48.28537,-15.84295],[-48.28335,-15.8421],[-48.28511,-15.84052],[-48.28462,-15.83785],[-48.28512,-15.83677],[-48.28231,-15.83306],[-48.28088,-15.82812],[-48.2807,-15.82591],[-48.28066,-15.82395],[-48.27854,-15.82229],[-48.27552,-15.81772],[-48.27525,-15.81703],[-48.27173,-15.81546],[-48.27113,-15.81282],[-48.26989,-15.81351],[-48.26968,-15.81191],[-48.26814,-15.81288],[-48.26772,-15.81168],[-48.26798,-15.80857],[-48.26615,-15.80898],[-48.26671,-15.80686],[-48.26465,-15.80898],[-48.26405,-15.8066],[-48.26327,-15.80683],[-48.26213,-15.80592],[-48.26196,-15.8065],[-48.26119,-15.8065],[-48.261,-15.80522],[-48.2596,-15.80406],[-48.25755,-15.80308],[-48.25662,-15.80181],[-48.25035,-15.80212],[-48.24903,-15.8007],[-48.24856,-15.80238],[-48.24802,-15.80086],[-48.249,-15.7997],[-48.2488,-15.79872],[-48.24671,-15.79962],[-48.24621,-15.80015],[-48.24596,-15.79897],[-48.24681,-15.79795],[-48.24621,-15.79705],[-48.24291,-15.79731],[-48.24229,-15.79946],[-48.24034,-15.79808],[-48.24108,-15.79531],[-48.24036,-15.794],[-48.23899,-15.79329],[-48.23682,-15.78922],[-48.23785,-15.7869],[-48.23656,-15.7848],[-48.23536,-15.78509],[-48.23225,-15.78375],[-48.23306,-15.78121],[-48.23189,-15.77844],[-48.22506,-15.77369],[-48.21599,-15.76628],[-48.21151,-15.75889],[-48.20911,-15.75139],[-48.20739,-15.7519],[-48.20438,-15.7509],[-48.19944,-15.7503],[-48.19511,-15.74876],[-48.18877,-15.7477],[-48.18236,-15.7485],[-48.17473,-15.75287],[-48.1739,-15.75089],[-48.17221,-15.75065],[-48.16729,-15.75367],[-48.16471,-15.75653],[-48.16332,-15.75683],[-48.15985,-15.76068],[-48.15911,-15.76315],[-48.15754,-15.76426],[-48.15821,-15.76713],[-48.15086,-15.76798],[-48.14835,-15.76899],[-48.14529,-15.76876],[-48.14161,-15.7676],[-48.13821,-15.76817],[-48.13463,-15.76786],[-48.13375,-15.76971],[-48.132,-15.76962],[-48.13156,-15.77141],[-48.12854,-15.76958],[-48.1268,-15.76983],[-48.12563,-15.7688],[-48.12463,-15.76992],[-48.12307,-15.7695],[-48.11898,-15.77068],[-48.11418,-15.77144],[-48.1119,-15.77041],[-48.11121,-15.77125],[-48.10637,-15.77227],[-48.10507,-15.7753],[-48.10402,-15.77533],[-48.10249,-15.77843],[-48.10359,-15.78091],[-48.10292,-15.78331],[-48.103,-15.78607],[-48.10706,-15.78981],[-48.10826,-15.79012],[-48.11757,-15.78655],[-48.11825,-15.79259],[-48.11593,-15.79704],[-48.11979,-15.79906]]]]},"properties":{"CD_REG":"5300108145","NM_REG":"Ceilândia: Área Rural, Prive Lucena Roriz e Setor O","SIGLA_UF":"DF","OG_REG":"IBGE"}},{"type":"Feature","geometry":{"type":"MultiPolygon","coordinates":[[[[-47.87993,-15.71223],[-47.88485,-15.70993],[-47.88816,-15.70891],[-47.88952,-15.70735],[-47.89193,-15.70696],[-47.88475,-15.70147],[-47.88155,-15.70485],[-47.87688,-15.70744],[-47.87195,-15.70766],[-47.87091,-15.70976],[-47.87407,-15.71134],[-47.87341,-15.71258],[-47.87077,-15.71354],[-47.87123,-15.71555],[-47.86812,-15.71648],[-47.8697,-15.71948],[-47.87697,-15.71516],[-47.87826,-15.714],[-47.87813,-15.71241],[-47.87993,-15.71223]]]]},"properties":{"CD_REG":"5300108009","NM_REG":"Varjão (urbano)","SIGLA_UF":"DF","OG_REG":"IBGE"}},{"type":"Feature","geometry":{"type":"MultiPolygon","coordinates":[[[[-48.07289,-15.88608],[-48.08938,-15.89103],[-48.09071,-15.88677],[-48.09028,-15.8854],[-48.09451,-15.87245],[-48.08335,-15.86698],[-48.0827,-15.86787],[-48.0796,-15.86643],[-48.07792,-15.87068],[-48.07857,-15.87157],[-48.07408,-15.88485],[-48.07289,-15.88608]]]]},"properties":{"CD_REG":"5300108036","NM_REG":"Samambaia: Quadras 100, 300 e 500 pares parte 3","SIGLA_UF":"DF","OG_REG":"IBGE"}},{"type":"Feature","geometry":{"type":"MultiPolygon","coordinates":[[[[-47.83258,-15.81943],[-47.83675,-15.82021],[-47.84135,-15.8217],[-47.84509,-15.82046],[-47.84813,-15.82082],[-47.85279,-15.81866],[-47.86688,-15.82072],[-47.87299,-15.8196],[-47.87974,-15.82135],[-47.88306,-15.82345],[-47.88778,-15.82816],[-47.89038,-15.83322],[-47.89658,-15.83582],[-47.89868,-15.83836],[-47.90195,-15.83835],[-47.90378,-15.83896],[-47.90721,-15.84146],[-47.90775,-15.84442],[-47.91019,-15.84589],[-47.91416,-15.84624],[-47.9142,-15.8483],[-47.91965,-15.85156],[-47.9249,-15.85172],[-47.92541,-15.85085],[-47.92973,-15.85151],[-47.93233,-15.85132],[-47.93154,-15.84509],[-47.9309,-15.84006],[-47.92902,-15.83741],[-47.90001,-15.81644],[-47.89477,-15.81196],[-47.88741,-15.80371],[-47.88742,-15.80565],[-47.8852,-15.80652],[-47.88218,-15.80211],[-47.87986,-15.79801],[-47.87665,-15.79878],[-47.8778,-15.80305],[-47.88388,-15.8099],[-47.8819,-15.81178],[-47.88136,-15.81588],[-47.87982,-15.81911],[-47.86608,-15.81251],[-47.85439,-15.80519],[-47.85293,-15.80687],[-47.84896,-15.80847],[-47.8443,-15.81272],[-47.83477,-15.81723],[-47.83258,-15.81943]]]]},"properties":{"CD_REG":"5300108060","NM_REG":"Asas Sul parte 1 (urbano)","SIGLA_UF":"DF","OG_REG":"IBGE"}},{"type":"Feature","geometry":{"type":"MultiPolygon","coordinates":[[[[-48.00086,-15.81777],[-48.00429,-15.81569],[-48.00488,-15.81454],[-47.99491,-15.81095],[-47.99287,-15.81098],[-47.9921,-15.80612],[-47.99131,-15.80618],[-47.9843,-15.80716],[-47.98482,-15.81208],[-47.99223,-15.81107],[-47.99294,-15.81781],[-47.98989,-15.82912],[-47.98578,-15.84444],[-47.98228,-15.84325],[-47.98043,-15.84536],[-47.97707,-15.84671],[-47.97417,-15.84664],[-47.97507,-15.8474],[-47.97503,-15.85265],[-47.97377,-15.85267],[-47.97376,-15.85045],[-47.97075,-15.85059],[-47.97049,-15.84936],[-47.96594,-15.8497],[-47.9648,-15.84862],[-47.96491,-15.85091],[-47.96617,-15.85371],[-47.96165,-15.85375],[-47.96271,-15.86086],[-47.95936,-15.86341],[-47.96233,-15.86432],[-47.96339,-15.86263],[-47.96648,-15.86096],[-47.97157,-15.86165],[-47.97193,-15.85929],[-47.9755,-15.85907],[-47.97751,-15.85817],[-47.97927,-15.85492],[-47.97953,-15.85293],[-47.98244,-15.84994],[-47.98429,-15.85063],[-47.98555,-15.84792],[-47.98841,-15.84748],[-47.98962,-15.8462],[-47.98991,-15.84129],[-47.9916,-15.83994],[-47.99292,-15.83595],[-47.99334,-15.83298],[-47.99482,-15.83215],[-47.99555,-15.82958],[-47.99521,-15.82802],[-47.99654,-15.8255],[-47.99602,-15.82351],[-48.00018,-15.82016],[-48.00086,-15.81777]]]]},"properties":{"CD_REG":"5300108139","NM_REG":"Guará: Lúcio Costa, Colônia Agrícola Águas claras, Colônia Agrícola IAPI e Colônia Agrícola Bernardo Sayão","SIGLA_UF":"DF","OG_REG":"IBGE"}},{"type":"Feature","geometry":{"type":"MultiPolygon","coordinates":[[[[-47.99818,-16.00333],[-47.9973,-16.00276],[-47.99522,-16.0129],[-47.99842,-16.0136],[-48.00351,-16.01676],[-48.0075,-16.01816],[-48.00854,-16.02008],[-48.02351,-16.02979],[-48.02354,-16.04159],[-48.02306,-16.04972],[-48.03828,-16.04967],[-48.03718,-16.04849],[-48.04041,-16.04632],[-48.04613,-16.03867],[-48.04499,-16.0349],[-48.04325,-16.03288],[-48.04383,-16.03196],[-48.04268,-16.02829],[-48.03949,-16.03024],[-48.0256,-16.02127],[-48.02492,-16.02154],[-48.0196,-16.01807],[-48.02007,-16.01733],[-48.01735,-16.01593],[-47.99818,-16.00333]]]]},"properties":{"CD_REG":"5300108143","NM_REG":"Santa Maria: parte 1 (urbano)","SIGLA_UF":"DF","OG_REG":"IBGE"}},{"type":"Feature","geometry":{"type":"MultiPolygon","coordinates":[[[[-48.10843,-15.81939],[-48.09603,-15.81291],[-48.09314,-15.81911],[-48.09248,-15.82151],[-48.09332,-15.82182],[-48.08795,-15.83561],[-48.0933,-15.83774],[-48.09727,-15.83938],[-48.10843,-15.81939]]]]},"properties":{"CD_REG":"5300108017","NM_REG":"Ceilândia: Setor M Par (urbano)","SIGLA_UF":"DF","OG_REG":"IBGE"}},{"type":"Feature","geometry":{"type":"MultiPolygon","coordinates":[[[[-48.00457,-15.97798],[-48.00913,-15.97654],[-48.01316,-15.97424],[-48.01588,-15.97186],[-48.02076,-15.96614],[-47.99972,-15.94733],[-48.00158,-15.94545],[-47.99947,-15.94152],[-47.99702,-15.93931],[-47.99656,-15.93805],[-47.98383,-15.92846],[-47.98382,-15.92502],[-47.98169,-15.92158],[-47.98229,-15.91632],[-47.98386,-15.91404],[-47.98451,-15.9098],[-47.98628,-15.90691],[-47.98574,-15.90495],[-47.98762,-15.90286],[-47.98761,-15.89902],[-47.98921,-15.89448],[-47.98842,-15.88901],[-47.98885,-15.88699],[-47.9879,-15.88438],[-47.98414,-15.88201],[-47.98291,-15.88227],[-47.97928,-15.88069],[-47.97679,-15.88308],[-47.9739,-15.88359],[-47.96101,-15.88373],[-47.96104,-15.88226],[-47.96394,-15.88293],[-47.97078,-15.8829],[-47.97078,-15.87938],[-47.96882,-15.87936],[-47.96865,-15.88062],[-47.96395,-15.88061],[-47.96394,-15.87893],[-47.96231,-15.87847],[-47.96197,-15.87635],[-47.95904,-15.87663],[-47.9588,-15.87453],[-47.95652,-15.87438],[-47.95254,-15.87224],[-47.93501,-15.86106],[-47.93664,-15.86718],[-47.93583,-15.86963],[-47.94863,-15.87577],[-47.95621,-15.88013],[-47.95636,-15.88121],[-47.95191,-15.88449],[-47.9466,-15.89424],[-47.9401,-15.89555],[-47.93541,-15.89313],[-47.92703,-15.88695],[-47.92546,-15.88643],[-47.92295,-15.88427],[-47.9133,-15.88286],[-47.9172,-15.90103],[-47.91472,-15.90263],[-47.91486,-15.90544],[-47.91149,-15.90572],[-47.91303,-15.9083],[-47.91141,-15.90952],[-47.90887,-15.90995],[-47.90782,-15.9125],[-47.90706,-15.91509],[-47.90611,-15.91533],[-47.90682,-15.92178],[-47.90554,-15.92553],[-47.90194,-15.9323],[-47.89879,-15.93517],[-47.89734,-15.94094],[-47.89634,-15.94234],[-47.89606,-15.94596],[-47.89202,-15.94906],[-47.88931,-15.95208],[-47.88726,-15.95744],[-47.88774,-15.959],[-47.88667,-15.96726],[-47.89076,-15.96872],[-47.92925,-15.98276],[-47.93589,-15.98394],[-47.93988,-15.98392],[-47.94467,-15.98313],[-47.96662,-15.97558],[-47.97043,-15.97476],[-47.97855,-15.97468],[-47.99768,-15.97827],[-48.00457,-15.97798]]]]},"properties":{"CD_REG":"5300108129","NM_REG":"Park Way: Trecho 2, Trecho 1, Vargem Bonita e Área Institucional - 1 setor","SIGLA_UF":"DF","OG_REG":"IBGE"}},{"type":"Feature","geometry":{"type":"MultiPolygon","coordinates":[[[[-48.05538,-15.89784],[-48.05208,-15.90814],[-48.0511,-15.9112],[-48.05459,-15.91226],[-48.05676,-15.91114],[-48.06025,-15.91249],[-48.06034,-15.91341],[-48.06429,-15.91436],[-48.06586,-15.91357],[-48.06994,-15.91539],[-48.07188,-15.91509],[-48.07126,-15.91391],[-48.07547,-15.90095],[-48.07167,-15.89999],[-48.06179,-15.89907],[-48.0586,-15.89898],[-48.05538,-15.89784]]]]},"properties":{"CD_REG":"5300108045","NM_REG":"Recanto das Emas parte 1 (urbano)","SIGLA_UF":"DF","OG_REG":"IBGE"}},{"type":"Feature","geometry":{"type":"MultiPolygon","coordinates":[[[[-47.72144,-16.04988],[-47.88798,-16.04989],[-47.88483,-16.04676],[-47.88152,-16.04573],[-47.87886,-16.04167],[-47.87571,-16.03934],[-47.87317,-16.03941],[-47.8685,-16.03743],[-47.86959,-16.03499],[-47.87256,-16.03174],[-47.87355,-16.02858],[-47.87487,-16.02724],[-47.87491,-16.02493],[-47.87714,-16.02074],[-47.87702,-16.01848],[-47.87504,-16.01539],[-47.87155,-16.01391],[-47.87041,-16.01285],[-47.87255,-16.01095],[-47.87387,-16.01085],[-47.87561,-16.0078],[-47.8786,-16.0],[-47.87812,-15.99645],[-47.88019,-15.99064],[-47.88122,-15.98547],[-47.88345,-15.98195],[-47.88505,-15.9775],[-47.88792,-15.97629],[-47.88914,-15.97466],[-47.89022,-15.97104],[-47.89148,-15.97129],[-47.8923,-15.96941],[-47.89076,-15.96872],[-47.88667,-15.96726],[-47.88774,-15.959],[-47.88726,-15.95744],[-47.88931,-15.95208],[-47.89202,-15.94906],[-47.89606,-15.94596],[-47.89634,-15.94234],[-47.89734,-15.94094],[-47.89879,-15.93517],[-47.90194,-15.9323],[-47.90554,-15.92553],[-47.90682,-15.92178],[-47.90611,-15.91533],[-47.90706,-15.91509],[-47.90782,-15.9125],[-47.90523,-15.91161],[-47.90428,-15.91211],[-47.90172,-15.91128],[-47.89821,-15.91204],[-47.89606,-15.91137],[-47.89336,-15.91171],[-47.88821,-15.91145],[-47.88463,-15.91344],[-47.88233,-15.91352],[-47.89363,-15.90088],[-47.87997,-15.88483],[-47.85684,-15.87373],[-47.85608,-15.87317],[-47.85724,-15.87096],[-47.85103,-15.8682],[-47.8512,-15.86633],[-47.85419,-15.86272],[-47.85522,-15.85931],[-47.85621,-15.85874],[-47.85352,-15.8566],[-47.85088,-15.8571],[-47.84471,-15.85992],[-47.84334,-15.86152],[-47.84517,-15.86266],[-47.84294,-15.86638],[-47.83045,-15.85943],[-47.82045,-15.86407],[-47.82241,-15.87053],[-47.82318,-15.87571],[-47.82297,-15.88046],[-47.82194,-15.88538],[-47.81666,-15.885],[-47.79535,-15.8917],[-47.79275,-15.89322],[-47.79446,-15.89681],[-47.79297,-15.89768],[-47.79432,-15.90074],[-47.79401,-15.90197],[-47.79048,-15.90385],[-47.78995,-15.90631],[-47.78493,-15.90817],[-47.7822,-15.91286],[-47.78069,-15.9135],[-47.7779,-15.9129],[-47.7745,-15.91315],[-47.77247,-15.91248],[-47.77504,-15.91471],[-47.77876,-15.92312],[-47.7899,-15.92595],[-47.79568,-15.92677],[-47.79999,-15.92836],[-47.80251,-15.93065],[-47.80454,-15.93132],[-47.80741,-15.93884],[-47.80572,-15.93969],[-47.80504,-15.94134],[-47.80342,-15.9419],[-47.80057,-15.94621],[-47.79757,-15.94851],[-47.79411,-15.95282],[-47.79357,-15.95715],[-47.79159,-15.95955],[-47.78753,-15.96201],[-47.78222,-15.96306],[-47.78055,-15.96409],[-47.77696,-15.96459],[-47.77485,-15.9657],[-47.77184,-15.9662],[-47.76842,-15.96853],[-47.76454,-15.96936],[-47.76175,-15.97234],[-47.75999,-15.97317],[-47.7612,-15.97374],[-47.76463,-15.97758],[-47.76507,-15.97899],[-47.76767,-15.9797],[-47.76904,-15.98127],[-47.77311,-15.98347],[-47.77515,-15.98302],[-47.77855,-15.98492],[-47.77829,-15.98622],[-47.77972,-15.98924],[-47.76994,-16.00006],[-47.76607,-16.00666],[-47.76256,-16.00942],[-47.76245,-16.01417],[-47.76431,-16.01784],[-47.76457,-16.01948],[-47.7636,-16.02166],[-47.76067,-16.025],[-47.75948,-16.02821],[-47.76071,-16.03056],[-47.73399,-16.03187],[-47.73172,-16.03016],[-47.73047,-16.03096],[-47.72742,-16.03567],[-47.72764,-16.04048],[-47.72489,-16.04196],[-47.72257,-16.04394],[-47.72144,-16.04988]]]]},"properties":{"CD_REG":"5300108132","NM_REG":"Jardim Botânico: Papuda + Jardim Mangueiral + Expansão Jardim Mangueiral + Área Institucional","SIGLA_UF":"DF","OG_REG":"IBGE"}},{"type":"Feature","geometry":{"type":"MultiPolygon","coordinates":[[[[-48.09603,-15.81291],[-48.10145,-15.80532],[-48.10762,-15.7989],[-48.10863,-15.79954],[-48.11242,-15.79452],[-48.11103,-15.79404],[-48.10826,-15.79012],[-48.09289,-15.79601],[-48.08473,-15.80164],[-48.08298,-15.80231],[-48.0823,-15.80426],[-48.08348,-15.80464],[-48.08244,-15.80771],[-48.08336,-15.80802],[-48.09189,-15.81097],[-48.08886,-15.81981],[-48.08925,-15.8205],[-48.08791,-15.82433],[-48.08564,-15.82334],[-48.0853,-15.82432],[-48.08771,-15.82498],[-48.08479,-15.83004],[-48.0832,-15.83462],[-48.08795,-15.83561],[-48.09332,-15.82182],[-48.09248,-15.82151],[-48.09314,-15.81911],[-48.09603,-15.81291]]]]},"properties":{"CD_REG":"5300108061","NM_REG":"Taguatinga: Norte parte 1 (urbano)","SIGLA_UF":"DF","OG_REG":"IBGE"}},{"type":"Feature","geometry":{"type":"MultiPolygon","coordinates":[[[[-47.92232,-15.80366],[-47.92744,-15.80659],[-47.93968,-15.81093],[-47.94168,-15.81122],[-47.94865,-15.81014],[-47.94861,-15.80992],[-47.94781,-15.80482],[-47.9464,-15.80008],[-47.94042,-15.80232],[-47.93754,-15.80648],[-47.93299,-15.80363],[-47.93241,-15.80116],[-47.93339,-15.79946],[-47.93347,-15.79659],[-47.93069,-15.79653],[-47.92773,-15.79484],[-47.92232,-15.80366]]]]},"properties":{"CD_REG":"5300108067","NM_REG":"Octogonal + Sudoeste parte 1 (urbano)","SIGLA_UF":"DF","OG_REG":"IBGE"}},{"type":"Feature","geometry":{"type":"MultiPolygon","coordinates":[[[[-47.6691,-15.59545],[-47.66867,-15.59799],[-47.66896,-15.60156],[-47.66769,-15.60221],[-47.66699,-15.6046],[-47.66535,-15.60653],[-47.66384,-15.61122],[-47.66235,-15.61221],[-47.66349,-15.61404],[-47.66378,-15.61823],[-47.66467,-15.61952],[-47.66447,-15.62299],[-47.66538,-15.62679],[-47.66328,-15.62724],[-47.66364,-15.63005],[-47.66528,-15.63051],[-47.66624,-15.63313],[-47.66814,-15.63744],[-47.66943,-15.63747],[-47.67081,-15.64075],[-47.67007,-15.64223],[-47.67231,-15.64426],[-47.67207,-15.6467],[-47.6737,-15.64806],[-47.67657,-15.64913],[-47.67713,-15.65229],[-47.67608,-15.6551],[-47.67842,-15.65546],[-47.68246,-15.65437],[-47.68483,-15.65438],[-47.686,-15.65284],[-47.69076,-15.65057],[-47.69363,-15.64667],[-47.68561,-15.64194],[-47.69185,-15.63799],[-47.69391,-15.63602],[-47.70639,-15.61532],[-47.69139,-15.60694],[-47.69163,-15.60596],[-47.69559,-15.60476],[-47.69698,-15.60053],[-47.69372,-15.59857],[-47.68556,-15.59791],[-47.67728,-15.59502],[-47.67542,-15.59811],[-47.6691,-15.59545]]]]},"properties":{"CD_REG":"5300108014","NM_REG":"Planaltina: Total Ville Planaltina e Condomínio Mestre D armas (urbano)","SIGLA_UF":"DF","OG_REG":"IBGE"}},{"type":"Feature","geometry":{"type":"MultiPolygon","coordinates":[[[[-48.02995,-15.84006],[-48.03291,-15.83949],[-48.03559,-15.83748],[-48.03262,-15.83463],[-48.02666,-15.83469],[-48.02456,-15.83822],[-48.0212,-15.83678],[-48.01982,-15.83791],[-48.02483,-15.83999],[-48.02995,-15.84006]]]]},"properties":{"CD_REG":"5300108075","NM_REG":"Águas Claras: Vertical parte 5 (urbano)","SIGLA_UF":"DF","OG_REG":"IBGE"}},{"type":"Feature","geometry":{"type":"MultiPolygon","coordinates":[[[[-48.05782,-15.99729],[-48.05866,-15.99839],[-48.05324,-16.00175],[-48.05394,-16.01642],[-48.05703,-16.018],[-48.06028,-16.01788],[-48.05985,-16.00879],[-48.07305,-16.01552],[-48.07345,-16.02279],[-48.08284,-16.01676],[-48.08266,-16.01165],[-48.08352,-16.01161],[-48.0836,-16.00841],[-48.08553,-16.00698],[-48.08365,-16.00551],[-48.08225,-16.00616],[-48.07279,-16.00127],[-48.06932,-16.00294],[-48.05782,-15.99729]]]]},"properties":{"CD_REG":"5300108088","NM_REG":"Gama: Setor Norte-Oeste (urbano)","SIGLA_UF":"DF","OG_REG":"IBGE"}},{"type":"Feature","geometry":{"type":"MultiPolygon","coordinates":[[[[-47.80909,-15.66631],[-47.81228,-15.66297],[-47.81283,-15.6597],[-47.81538,-15.6574],[-47.81745,-15.65376],[-47.81647,-15.65257],[-47.81571,-15.64943],[-47.81191,-15.64472],[-47.81226,-15.64343],[-47.81091,-15.64381],[-47.80922,-15.63778],[-47.80802,-15.63591],[-47.79693,-15.63855],[-47.79613,-15.63923],[-47.7935,-15.6389],[-47.78811,-15.64003],[-47.78116,-15.63936],[-47.77908,-15.63992],[-47.77354,-15.63799],[-47.76829,-15.63843],[-47.76815,-15.6394],[-47.76583,-15.64083],[-47.76308,-15.64108],[-47.7616,-15.64441],[-47.77029,-15.64841],[-47.76816,-15.65223],[-47.77189,-15.65312],[-47.80172,-15.667],[-47.80372,-15.66629],[-47.80475,-15.66426],[-47.80909,-15.66631]]]]},"properties":{"CD_REG":"5300108010","NM_REG":"Sobradinho (urbano)","SIGLA_UF":"DF","OG_REG":"IBGE"}},{"type":"Feature","geometry":{"type":"MultiPolygon","coordinates":[[[[-48.16954,-15.85402],[-48.172,-15.85548],[-48.17428,-15.85567],[-48.17552,-15.85745],[-48.17542,-15.8565],[-48.17716,-15.85206],[-48.17675,-15.85149],[-48.17805,-15.84801],[-48.18022,-15.84617],[-48.18426,-15.84436],[-48.18518,-15.84501],[-48.18649,-15.84334],[-48.18606,-15.84227],[-48.18708,-15.8396],[-48.18858,-15.83863],[-48.19015,-15.83564],[-48.18908,-15.83483],[-48.18877,-15.83216],[-48.18673,-15.82776],[-48.18382,-15.824],[-48.18321,-15.8221],[-48.18451,-15.82136],[-48.18459,-15.81936],[-48.18631,-15.81605],[-48.18896,-15.8148],[-48.19112,-15.81054],[-48.19099,-15.80758],[-48.19007,-15.80687],[-48.18832,-15.79994],[-48.18857,-15.798],[-48.18495,-15.79909],[-48.18202,-15.79915],[-48.16389,-15.79398],[-48.15915,-15.8095],[-48.15802,-15.81023],[-48.15109,-15.80845],[-48.14328,-15.80935],[-48.14093,-15.81026],[-48.13683,-15.80898],[-48.13472,-15.81503],[-48.13376,-15.81829],[-48.13598,-15.81917],[-48.139,-15.82133],[-48.14146,-15.82208],[-48.14007,-15.82334],[-48.14172,-15.82621],[-48.14027,-15.82705],[-48.14148,-15.82973],[-48.14055,-15.83022],[-48.1416,-15.83232],[-48.14741,-15.83355],[-48.15002,-15.83454],[-48.15366,-15.83749],[-48.15782,-15.83987],[-48.16438,-15.84177],[-48.16576,-15.84369],[-48.16593,-15.84605],[-48.16744,-15.84727],[-48.16734,-15.85078],[-48.16974,-15.85155],[-48.16954,-15.85402]]]]},"properties":{"CD_REG":"5300108026","NM_REG":"Sol Nascente/Por do sol: Área rural Sol Nascente e Sol Nascente parte I","SIGLA_UF":"DF","OG_REG":"IBGE"}},{"type":"Feature","geometry":{"type":"MultiPolygon","coordinates":[[[[-47.77247,-15.91248],[-47.7745,-15.91315],[-47.7779,-15.9129],[-47.78069,-15.9135],[-47.7822,-15.91286],[-47.78493,-15.90817],[-47.78995,-15.90631],[-47.79048,-15.90385],[-47.79401,-15.90197],[-47.79432,-15.90074],[-47.79297,-15.89768],[-47.79446,-15.89681],[-47.79275,-15.89322],[-47.79535,-15.8917],[-47.79374,-15.89041],[-47.79532,-15.88895],[-47.79512,-15.88688],[-47.79642,-15.8859],[-47.79611,-15.8832],[-47.79514,-15.88167],[-47.79546,-15.87963],[-47.79794,-15.881],[-47.80221,-15.88094],[-47.79911,-15.87754],[-47.79675,-15.87574],[-47.79168,-15.87487],[-47.78738,-15.8766],[-47.7849,-15.87939],[-47.78217,-15.88091],[-47.77839,-15.88204],[-47.77729,-15.88468],[-47.77389,-15.88573],[-47.7729,-15.88805],[-47.77105,-15.89014],[-47.77091,-15.89141],[-47.76849,-15.89303],[-47.76803,-15.89512],[-47.76491,-15.8981],[-47.76446,-15.89965],[-47.76233,-15.9021],[-47.76525,-15.90442],[-47.77065,-15.90913],[-47.7743,-15.90646],[-47.77592,-15.9085],[-47.77556,-15.90944],[-47.77236,-15.91186],[-47.77247,-15.91248]]]]},"properties":{"CD_REG":"5300108043","NM_REG":"São Sebastião: Alto Mangueiral, São Sebastião parte 1","SIGLA_UF":"DF","OG_REG":"IBGE"}},{"type":"Feature","geometry":{"type":"MultiPolygon","coordinates":[[[[-48.05034,-15.83186],[-48.05934,-15.83446],[-48.0597,-15.83343],[-48.06312,-15.83447],[-48.06341,-15.83268],[-48.0655,-15.82748],[-48.06647,-15.82779],[-48.0675,-15.82531],[-48.06926,-15.82586],[-48.07124,-15.82014],[-48.05585,-15.81527],[-48.05428,-15.81421],[-48.05391,-15.81741],[-48.05147,-15.82583],[-48.05397,-15.827],[-48.05309,-15.82873],[-48.05034,-15.83186]]]]},"properties":{"CD_REG":"5300108062","NM_REG":"Taguatinga: Norte parte 2 (urbano)","SIGLA_UF":"DF","OG_REG":"IBGE"}},{"type":"Feature","geometry":{"type":"MultiPolygon","coordinates":[[[[-47.98977,-15.78728],[-47.99726,-15.78623],[-48.00301,-15.78624],[-48.0059,-15.77956],[-48.00608,-15.77632],[-48.00677,-15.77512],[-48.00621,-15.77171],[-48.00651,-15.76643],[-48.00726,-15.76303],[-48.00587,-15.75814],[-48.00612,-15.7542],[-48.00357,-15.75562],[-47.97807,-15.78284],[-47.97729,-15.78213],[-47.97656,-15.78238],[-47.9673,-15.79242],[-47.9661,-15.7943],[-47.97017,-15.79557],[-47.98132,-15.78997],[-47.98977,-15.78728]]]]},"properties":{"CD_REG":"5300108110","NM_REG":"SCIA/Estrutural (urbano)","SIGLA_UF":"DF","OG_REG":"IBGE"}},{"type":"Feature","geometry":{"type":"MultiPolygon","coordinates":[[[[-48.20911,-15.75139],[-48.20795,-15.73852],[-48.20794,-15.71935],[-48.20888,-15.71536],[-48.21229,-15.71214],[-48.21598,-15.71031],[-48.21881,-15.70897],[-48.22056,-15.70868],[-48.2223,-15.70854],[-48.22396,-15.70951],[-48.22527,-15.70973],[-48.22751,-15.70835],[-48.23053,-15.70981],[-48.23497,-15.7082],[-48.23626,-15.7088],[-48.23725,-15.70783],[-48.23768,-15.70851],[-48.24058,-15.70636],[-48.24128,-15.70384],[-48.24033,-15.70297],[-48.24006,-15.69911],[-48.23915,-15.69704],[-48.23982,-15.6954],[-48.24147,-15.69382],[-48.24066,-15.69245],[-48.24127,-15.69092],[-48.24133,-15.68671],[-48.23956,-15.68226],[-48.23963,-15.67952],[-48.23789,-15.67633],[-48.23729,-15.673],[-48.23462,-15.66687],[-48.23444,-15.66407],[-48.23522,-15.66132],[-48.23405,-15.65716],[-48.23603,-15.65324],[-48.23649,-15.65094],[-48.23547,-15.6486],[-48.23494,-15.64408],[-48.23416,-15.64191],[-48.22952,-15.63746],[-48.2289,-15.63435],[-48.22698,-15.63322],[-48.22588,-15.6304],[-48.22087,-15.62771],[-48.21821,-15.62334],[-48.2113,-15.62252],[-48.20363,-15.62432],[-48.20141,-15.62295],[-48.19973,-15.62291],[-48.20001,-15.50228],[-48.03484,-15.50223],[-48.03417,-15.505],[-48.0392,-15.51626],[-48.03966,-15.51977],[-48.03879,-15.52555],[-48.03557,-15.53102],[-48.03464,-15.53158],[-48.03237,-15.53057],[-48.03175,-15.53151],[-48.03368,-15.53416],[-48.04213,-15.54193],[-48.04364,-15.54505],[-48.04369,-15.54774],[-48.04189,-15.55052],[-48.03587,-15.55416],[-48.03408,-15.55637],[-48.03361,-15.55903],[-48.03532,-15.56351],[-48.03471,-15.56564],[-48.0245,-15.57337],[-48.01709,-15.58244],[-48.02782,-15.59211],[-48.04516,-15.61268],[-48.0489,-15.61502],[-48.07093,-15.62503],[-48.07414,-15.62781],[-48.07667,-15.63239],[-48.08967,-15.67717],[-48.08971,-15.68029],[-48.08621,-15.72488],[-48.08448,-15.72879],[-48.082,-15.73146],[-48.07732,-15.73456],[-48.07246,-15.73656],[-48.07243,-15.74095],[-48.07054,-15.74335],[-48.07012,-15.74544],[-48.06864,-15.74699],[-48.06577,-15.75414],[-48.06632,-15.7565],[-48.06887,-15.75905],[-48.07279,-15.75906],[-48.07754,-15.75697],[-48.08191,-15.75937],[-48.08864,-15.76136],[-48.09119,-15.76355],[-48.09736,-15.76589],[-48.0988,-15.76536],[-48.10566,-15.76777],[-48.1119,-15.77041],[-48.11418,-15.77144],[-48.11898,-15.77068],[-48.12307,-15.7695],[-48.12463,-15.76992],[-48.12563,-15.7688],[-48.1268,-15.76983],[-48.12854,-15.76958],[-48.13156,-15.77141],[-48.132,-15.76962],[-48.13375,-15.76971],[-48.13463,-15.76786],[-48.13821,-15.76817],[-48.14161,-15.7676],[-48.14529,-15.76876],[-48.14835,-15.76899],[-48.15086,-15.76798],[-48.15821,-15.76713],[-48.15754,-15.76426],[-48.15911,-15.76315],[-48.15985,-15.76068],[-48.16332,-15.75683],[-48.16471,-15.75653],[-48.16729,-15.75367],[-48.17221,-15.75065],[-48.1739,-15.75089],[-48.17473,-15.75287],[-48.18236,-15.7485],[-48.18877,-15.7477],[-48.19511,-15.74876],[-48.19944,-15.7503],[-48.20438,-15.7509],[-48.20739,-15.7519],[-48.20911,-15.75139]]]]},"properties":{"CD_REG":"5300108007","NM_REG":"Brazlândia","SIGLA_UF":"DF","OG_REG":"IBGE"}},{"type":"Feature","geometry":{"type":"MultiPolygon","coordinates":[[[[-47.90847,-15.78847],[-47.91126,-15.79661],[-47.91299,-15.79613],[-47.91419,-15.79897],[-47.92232,-15.80366],[-47.92773,-15.79484],[-47.93069,-15.79653],[-47.93347,-15.79659],[-47.93344,-15.79243],[-47.92924,-15.78012],[-47.91392,-15.78497],[-47.91442,-15.78643],[-47.90847,-15.78847]]]]},"properties":{"CD_REG":"5300108077","NM_REG":"Sudoeste parte 2 (urbano)","SIGLA_UF":"DF","OG_REG":"IBGE"}},{"type":"Feature","geometry":{"type":"MultiPolygon","coordinates":[[[[-47.76525,-15.90442],[-47.76233,-15.9021],[-47.7613,-15.90303],[-47.75904,-15.90109],[-47.75718,-15.90255],[-47.75434,-15.90298],[-47.75242,-15.90236],[-47.75078,-15.91267],[-47.75032,-15.9133],[-47.75338,-15.91503],[-47.75462,-15.9181],[-47.75759,-15.91859],[-47.75709,-15.92337],[-47.76112,-15.9238],[-47.76145,-15.9184],[-47.7608,-15.91642],[-47.76305,-15.91702],[-47.7622,-15.91508],[-47.76336,-15.91423],[-47.76596,-15.91485],[-47.76624,-15.90908],[-47.76504,-15.90643],[-47.76525,-15.90442]]]]},"properties":{"CD_REG":"5300108083","NM_REG":"São Sebastião: Residencial Crixás, Morro da Cruz e São Sebastião","SIGLA_UF":"DF","OG_REG":"IBGE"}},{"type":"Feature","geometry":{"type":"MultiPolygon","coordinates":[[[[-47.64363,-15.62979],[-47.64786,-15.63075],[-47.65613,-15.63521],[-47.65931,-15.63527],[-47.66461,-15.63297],[-47.66624,-15.63313],[-47.66528,-15.63051],[-47.66364,-15.63005],[-47.66328,-15.62724],[-47.66538,-15.62679],[-47.66447,-15.62299],[-47.66467,-15.61952],[-47.66378,-15.61823],[-47.66349,-15.61404],[-47.66235,-15.61221],[-47.66054,-15.61125],[-47.6606,-15.61255],[-47.6583,-15.61267],[-47.65808,-15.60946],[-47.6605,-15.6058],[-47.65924,-15.60543],[-47.65451,-15.6057],[-47.65486,-15.61294],[-47.64978,-15.61322],[-47.64971,-15.61179],[-47.64285,-15.61212],[-47.64363,-15.62979]]]]},"properties":{"CD_REG":"5300108066","NM_REG":"Planaltina Tradicional parte 1 (urbano)","SIGLA_UF":"DF","OG_REG":"IBGE"}},{"type":"Feature","geometry":{"type":"MultiPolygon","coordinates":[[[[-48.1213,-15.8261],[-48.12467,-15.81733],[-48.12366,-15.81681],[-48.12885,-15.80321],[-48.11979,-15.79906],[-48.10843,-15.81939],[-48.1213,-15.8261]]]]},"properties":{"CD_REG":"5300108018","NM_REG":"Ceilândia: Setor N Ímpar (urbano)","SIGLA_UF":"DF","OG_REG":"IBGE"}},{"type":"Feature","geometry":{"type":"MultiPolygon","coordinates":[[[[-47.79049,-15.72647],[-47.79176,-15.7239],[-47.79387,-15.7219],[-47.83494,-15.69384],[-47.83786,-15.69292],[-47.85096,-15.69268],[-47.85888,-15.68866],[-47.82894,-15.6789],[-47.81315,-15.66839],[-47.80909,-15.66631],[-47.80475,-15.66426],[-47.80372,-15.66629],[-47.80172,-15.667],[-47.77189,-15.65312],[-47.76816,-15.65223],[-47.77029,-15.64841],[-47.7616,-15.64441],[-47.76308,-15.64108],[-47.76583,-15.64083],[-47.76815,-15.6394],[-47.76829,-15.63843],[-47.77354,-15.63799],[-47.77908,-15.63992],[-47.78116,-15.63936],[-47.78811,-15.64003],[-47.7935,-15.6389],[-47.79613,-15.63923],[-47.79693,-15.63855],[-47.80802,-15.63591],[-47.80922,-15.63778],[-47.81091,-15.64381],[-47.81226,-15.64343],[-47.82024,-15.64097],[-47.82455,-15.63135],[-47.82479,-15.62625],[-47.82318,-15.62303],[-47.82064,-15.62163],[-47.81685,-15.62182],[-47.81549,-15.62123],[-47.81869,-15.61511],[-47.82005,-15.61118],[-47.8284,-15.60497],[-47.83025,-15.60285],[-47.83397,-15.60264],[-47.83417,-15.59962],[-47.83581,-15.59835],[-47.83706,-15.59312],[-47.84303,-15.59011],[-47.84094,-15.58902],[-47.84377,-15.58743],[-47.84422,-15.58358],[-47.84305,-15.58115],[-47.84349,-15.57864],[-47.84258,-15.57691],[-47.84371,-15.57466],[-47.84287,-15.5725],[-47.83927,-15.57096],[-47.83915,-15.56894],[-47.84117,-15.56684],[-47.83925,-15.56493],[-47.83898,-15.56217],[-47.84029,-15.56133],[-47.84108,-15.55718],[-47.83596,-15.55016],[-47.8354,-15.54872],[-47.83657,-15.54058],[-47.83551,-15.53082],[-47.83449,-15.53023],[-47.82984,-15.5297],[-47.81334,-15.52341],[-47.81074,-15.52351],[-47.80355,-15.52562],[-47.79131,-15.52443],[-47.78043,-15.52892],[-47.77709,-15.52958],[-47.77387,-15.52893],[-47.77003,-15.52665],[-47.76552,-15.52759],[-47.76378,-15.52734],[-47.76277,-15.52863],[-47.76077,-15.52757],[-47.75881,-15.53082],[-47.75674,-15.52831],[-47.75372,-15.52964],[-47.75449,-15.53142],[-47.7532,-15.53348],[-47.75118,-15.53497],[-47.75165,-15.53727],[-47.75005,-15.53903],[-47.75154,-15.53989],[-47.75201,-15.54289],[-47.75302,-15.54199],[-47.75338,-15.54396],[-47.75484,-15.54385],[-47.75637,-15.54646],[-47.75653,-15.54902],[-47.75472,-15.55069],[-47.75613,-15.55425],[-47.75859,-15.55529],[-47.75939,-15.55676],[-47.76353,-15.55932],[-47.76412,-15.55811],[-47.76597,-15.5586],[-47.76727,-15.56105],[-47.76674,-15.56458],[-47.76419,-15.56506],[-47.76234,-15.56782],[-47.76318,-15.57146],[-47.7601,-15.57305],[-47.76068,-15.57466],[-47.76022,-15.57797],[-47.76105,-15.57951],[-47.7647,-15.58057],[-47.76609,-15.58345],[-47.76462,-15.58761],[-47.76916,-15.5888],[-47.76757,-15.5899],[-47.76456,-15.58976],[-47.76321,-15.59142],[-47.76559,-15.59238],[-47.773,-15.59406],[-47.7805,-15.59339],[-47.78113,-15.60098],[-47.77493,-15.60696],[-47.77355,-15.60895],[-47.76063,-15.61738],[-47.75947,-15.62113],[-47.75978,-15.62488],[-47.75306,-15.63959],[-47.75233,-15.64014],[-47.73793,-15.66454],[-47.74291,-15.66984],[-47.74332,-15.6722],[-47.74018,-15.67469],[-47.74436,-15.67623],[-47.74682,-15.68064],[-47.74707,-15.68263],[-47.74647,-15.68613],[-47.74138,-15.68907],[-47.73954,-15.69168],[-47.7371,-15.69327],[-47.73498,-15.69586],[-47.73138,-15.69852],[-47.72923,-15.69865],[-47.72175,-15.69689],[-47.71879,-15.69783],[-47.71681,-15.69732],[-47.70948,-15.70035],[-47.70487,-15.69986],[-47.70423,-15.7004],[-47.70137,-15.69919],[-47.69784,-15.69926],[-47.69502,-15.70076],[-47.69268,-15.70126],[-47.68992,-15.70307],[-47.68415,-15.70375],[-47.68022,-15.70525],[-47.67811,-15.70724],[-47.67659,-15.70711],[-47.67542,-15.70867],[-47.67323,-15.70953],[-47.67285,-15.71066],[-47.67437,-15.71151],[-47.6759,-15.71408],[-47.67389,-15.7173],[-47.67571,-15.7175],[-47.67619,-15.71924],[-47.67507,-15.72059],[-47.67662,-15.72253],[-47.67461,-15.72236],[-47.67613,-15.72366],[-47.67674,-15.72552],[-47.67365,-15.7291],[-47.67547,-15.73046],[-47.67588,-15.73231],[-47.67717,-15.73192],[-47.67877,-15.73384],[-47.68056,-15.73378],[-47.68174,-15.73216],[-47.6875,-15.72939],[-47.68952,-15.72693],[-47.69298,-15.72585],[-47.69841,-15.72737],[-47.70087,-15.72738],[-47.70277,-15.72822],[-47.70313,-15.72654],[-47.70771,-15.72695],[-47.70932,-15.72758],[-47.71014,-15.72661],[-47.7134,-15.7283],[-47.71801,-15.72704],[-47.71952,-15.72534],[-47.7211,-15.72653],[-47.72539,-15.72681],[-47.72931,-15.72833],[-47.73077,-15.72694],[-47.73317,-15.72626],[-47.73754,-15.72803],[-47.74261,-15.72765],[-47.74439,-15.72453],[-47.74792,-15.72387],[-47.75205,-15.71948],[-47.75435,-15.71803],[-47.75748,-15.71762],[-47.75958,-15.71498],[-47.76186,-15.71332],[-47.77044,-15.72221],[-47.77242,-15.72344],[-47.77652,-15.72448],[-47.78082,-15.72405],[-47.78925,-15.72717],[-47.79049,-15.72647]]]]},"properties":{"CD_REG":"5300108097","NM_REG":"Sobradinho: Área Rural, Nova Colina e Condomínio RK","SIGLA_UF":"DF","OG_REG":"IBGE"}},{"type":"Feature","geometry":{"type":"MultiPolygon","coordinates":[[[[-48.07188,-15.91509],[-48.07126,-15.91391],[-48.07547,-15.90095],[-48.08738,-15.90662],[-48.10134,-15.91067],[-48.10386,-15.91293],[-48.10801,-15.91012],[-48.11017,-15.91389],[-48.10644,-15.91522],[-48.10793,-15.91669],[-48.10624,-15.91891],[-48.10689,-15.92018],[-48.10903,-15.92031],[-48.11431,-15.9274],[-48.11537,-15.9279],[-48.11705,-15.93173],[-48.11497,-15.93592],[-48.11638,-15.93849],[-48.11366,-15.94139],[-48.11037,-15.9371],[-48.1091,-15.93805],[-48.10627,-15.93539],[-48.10453,-15.93459],[-48.10081,-15.93038],[-48.09897,-15.92971],[-48.0974,-15.92575],[-48.09772,-15.92425],[-48.09387,-15.91818],[-48.09472,-15.91581],[-48.0924,-15.91404],[-48.08284,-15.90938],[-48.08109,-15.9093],[-48.07188,-15.91509]]]]},"properties":{"CD_REG":"5300108046","NM_REG":"Recanto das Emas parte 2 (urbano)","SIGLA_UF":"DF","OG_REG":"IBGE"}},{"type":"Feature","geometry":{"type":"MultiPolygon","coordinates":[[[[-47.79535,-15.8917],[-47.81666,-15.885],[-47.82194,-15.88538],[-47.82297,-15.88046],[-47.82318,-15.87571],[-47.82241,-15.87053],[-47.82045,-15.86407],[-47.81655,-15.85211],[-47.81508,-15.84929],[-47.79586,-15.82408],[-47.78714,-15.80593],[-47.78587,-15.80225],[-47.78389,-15.79777],[-47.7812,-15.79913],[-47.77663,-15.79958],[-47.77653,-15.79616],[-47.77385,-15.79637],[-47.77068,-15.80498],[-47.77146,-15.80712],[-47.77722,-15.8135],[-47.78187,-15.81571],[-47.76747,-15.8198],[-47.76874,-15.82218],[-47.77266,-15.82502],[-47.7706,-15.82685],[-47.77239,-15.83135],[-47.77172,-15.83447],[-47.7688,-15.83677],[-47.76574,-15.83844],[-47.76256,-15.83947],[-47.7611,-15.84092],[-47.75571,-15.84335],[-47.74973,-15.84946],[-47.74829,-15.85218],[-47.74685,-15.85195],[-47.74526,-15.85362],[-47.74724,-15.85819],[-47.74699,-15.86036],[-47.74496,-15.86066],[-47.74341,-15.86213],[-47.74341,-15.86558],[-47.74187,-15.86612],[-47.74152,-15.86881],[-47.7401,-15.87069],[-47.73776,-15.87051],[-47.73643,-15.87199],[-47.73231,-15.87238],[-47.73077,-15.8742],[-47.72777,-15.87424],[-47.72708,-15.87526],[-47.7239,-15.87473],[-47.71942,-15.87739],[-47.71681,-15.87834],[-47.71656,-15.87729],[-47.71451,-15.8781],[-47.71447,-15.87683],[-47.71263,-15.87553],[-47.711,-15.87609],[-47.70986,-15.87513],[-47.7099,-15.8777],[-47.70847,-15.87748],[-47.70769,-15.88013],[-47.71058,-15.884],[-47.70933,-15.88577],[-47.71141,-15.88609],[-47.71206,-15.88785],[-47.70987,-15.88833],[-47.70821,-15.88979],[-47.70963,-15.89145],[-47.70682,-15.89159],[-47.7073,-15.89353],[-47.71048,-15.89383],[-47.71265,-15.89253],[-47.71463,-15.89425],[-47.71482,-15.89221],[-47.71786,-15.89224],[-47.7203,-15.89114],[-47.72353,-15.89105],[-47.72797,-15.89325],[-47.73012,-15.89587],[-47.73389,-15.89855],[-47.73658,-15.8992],[-47.73829,-15.89843],[-47.74205,-15.89898],[-47.74686,-15.90151],[-47.74853,-15.9011],[-47.75242,-15.90236],[-47.75434,-15.90298],[-47.75718,-15.90255],[-47.75904,-15.90109],[-47.7613,-15.90303],[-47.76233,-15.9021],[-47.76446,-15.89965],[-47.76491,-15.8981],[-47.76803,-15.89512],[-47.76849,-15.89303],[-47.77091,-15.89141],[-47.77105,-15.89014],[-47.7729,-15.88805],[-47.77389,-15.88573],[-47.77729,-15.88468],[-47.77839,-15.88204],[-47.78217,-15.88091],[-47.7849,-15.87939],[-47.78738,-15.8766],[-47.79168,-15.87487],[-47.79675,-15.87574],[-47.79911,-15.87754],[-47.80221,-15.88094],[-47.79794,-15.881],[-47.79546,-15.87963],[-47.79514,-15.88167],[-47.79611,-15.8832],[-47.79642,-15.8859],[-47.79512,-15.88688],[-47.79532,-15.88895],[-47.79374,-15.89041],[-47.79535,-15.8917]]]]},"properties":{"CD_REG":"5300108081","NM_REG":"Jardim Botânico: Condomínios (urbano)","SIGLA_UF":"DF","OG_REG":"IBGE"}},{"type":"Feature","geometry":{"type":"MultiPolygon","coordinates":[[[[-48.05208,-15.90814],[-48.05538,-15.89784],[-48.06037,-15.88246],[-48.05432,-15.87967],[-48.05367,-15.88102],[-48.054,-15.88569],[-48.05283,-15.88911],[-48.0508,-15.8907],[-48.04679,-15.89256],[-48.04459,-15.89468],[-48.04328,-15.89742],[-48.04048,-15.90161],[-48.03955,-15.90433],[-48.05208,-15.90814]]]]},"properties":{"CD_REG":"5300108050","NM_REG":"Riacho fundo II parte 1 (urbano)","SIGLA_UF":"DF","OG_REG":"IBGE"}},{"type":"Feature","geometry":{"type":"MultiPolygon","coordinates":[[[[-48.04762,-15.75367],[-48.01719,-15.75156],[-48.00612,-15.7542],[-48.00587,-15.75814],[-48.00726,-15.76303],[-48.00651,-15.76643],[-48.00621,-15.77171],[-48.00677,-15.77512],[-48.00608,-15.77632],[-48.0059,-15.77956],[-48.00301,-15.78624],[-48.00863,-15.78692],[-48.01794,-15.78913],[-48.02812,-15.7907],[-48.04441,-15.79101],[-48.04441,-15.79453],[-48.04541,-15.79452],[-48.04474,-15.79747],[-48.04467,-15.80781],[-48.04521,-15.8087],[-48.04279,-15.80868],[-48.04284,-15.81056],[-48.03654,-15.81429],[-48.02824,-15.81446],[-48.01999,-15.82075],[-48.03452,-15.82937],[-48.03751,-15.83016],[-48.05034,-15.83186],[-48.05309,-15.82873],[-48.05397,-15.827],[-48.05147,-15.82583],[-48.05391,-15.81741],[-48.05428,-15.81421],[-48.05631,-15.8081],[-48.05433,-15.80707],[-48.05635,-15.80573],[-48.0523,-15.79283],[-48.05346,-15.79224],[-48.04686,-15.77679],[-48.04546,-15.7721],[-48.04493,-15.76839],[-48.04504,-15.76294],[-48.04577,-15.75893],[-48.04762,-15.75367]]]]},"properties":{"CD_REG":"5300108004","NM_REG":"Vicente pires: 26 de setembro, Vila São José, Colônia Agrícola Samambaia e Vicente pires parte 2","SIGLA_UF":"DF","OG_REG":"IBGE"}},{"type":"Feature","geometry":{"type":"MultiPolygon","coordinates":[[[[-47.99818,-16.00333],[-47.9973,-16.00276],[-47.99522,-16.0129],[-47.99394,-16.01702],[-47.99513,-16.01704],[-47.99508,-16.02128],[-47.99447,-16.02065],[-47.99387,-16.02347],[-47.99075,-16.02537],[-47.99169,-16.027],[-47.9846,-16.02477],[-47.98363,-16.02761],[-47.98423,-16.02929],[-47.98547,-16.02936],[-47.98509,-16.03232],[-47.99567,-16.03358],[-47.9967,-16.03528],[-47.97901,-16.03525],[-47.97865,-16.03158],[-47.97891,-16.02835],[-47.98676,-15.98999],[-47.99198,-15.99284],[-47.99336,-15.99036],[-48.00528,-15.99701],[-47.99818,-16.00333]]]]},"properties":{"CD_REG":"5300108041","NM_REG":"Santa Maria: Residencial Santos Dumont e Santa Maria parte 1 (urbano)","SIGLA_UF":"DF","OG_REG":"IBGE"}},{"type":"Feature","geometry":{"type":"MultiPolygon","coordinates":[[[[-47.89411,-15.73101],[-47.89131,-15.73119],[-47.88682,-15.7331],[-47.88411,-15.73354],[-47.87988,-15.73705],[-47.87987,-15.73989],[-47.88075,-15.74179],[-47.87793,-15.74171],[-47.87546,-15.74529],[-47.87393,-15.74517],[-47.87148,-15.74848],[-47.8692,-15.75033],[-47.86419,-15.75627],[-47.8627,-15.75903],[-47.85962,-15.75978],[-47.8576,-15.75916],[-47.85512,-15.75941],[-47.85366,-15.76251],[-47.84985,-15.76657],[-47.84824,-15.77078],[-47.85152,-15.77252],[-47.85254,-15.77416],[-47.85387,-15.77383],[-47.85588,-15.77492],[-47.85903,-15.77818],[-47.85915,-15.78115],[-47.86135,-15.78186],[-47.86368,-15.7753],[-47.87154,-15.78144],[-47.87381,-15.78378],[-47.8734,-15.79026],[-47.87604,-15.79604],[-47.88215,-15.79415],[-47.88211,-15.79192],[-47.88094,-15.7874],[-47.88051,-15.78205],[-47.88117,-15.77434],[-47.88239,-15.76797],[-47.89411,-15.73101]]]]},"properties":{"CD_REG":"5300108142","NM_REG":"Plano Piloto: Asa Norte parte 3 (urbano)","SIGLA_UF":"DF","OG_REG":"IBGE"}},{"type":"Feature","geometry":{"type":"MultiPolygon","coordinates":[[[[-47.90971,-15.72852],[-47.91287,-15.72845],[-47.91808,-15.7272],[-47.9207,-15.72596],[-47.92219,-15.72404],[-47.92187,-15.72163],[-47.9228,-15.71884],[-47.92277,-15.71577],[-47.92007,-15.70297],[-47.91484,-15.69348],[-47.91322,-15.69583],[-47.91097,-15.6949],[-47.90929,-15.69279],[-47.90547,-15.69639],[-47.87851,-15.68301],[-47.87688,-15.68088],[-47.87267,-15.68413],[-47.87418,-15.68521],[-47.87362,-15.68623],[-47.87498,-15.68834],[-47.87214,-15.68857],[-47.87176,-15.69011],[-47.8697,-15.69306],[-47.85952,-15.68823],[-47.85888,-15.68866],[-47.85096,-15.69268],[-47.83786,-15.69292],[-47.83494,-15.69384],[-47.79387,-15.7219],[-47.79176,-15.7239],[-47.79049,-15.72647],[-47.78175,-15.74898],[-47.77814,-15.75835],[-47.781,-15.75941],[-47.78562,-15.76108],[-47.78933,-15.76153],[-47.80748,-15.75874],[-47.81055,-15.7573],[-47.81342,-15.75833],[-47.80905,-15.76282],[-47.80898,-15.76547],[-47.81271,-15.7695],[-47.81299,-15.7729],[-47.80819,-15.78076],[-47.80587,-15.78331],[-47.80463,-15.78664],[-47.80331,-15.78737],[-47.79983,-15.78552],[-47.79763,-15.78249],[-47.79516,-15.78121],[-47.79322,-15.78106],[-47.78679,-15.78197],[-47.78895,-15.78849],[-47.78915,-15.79066],[-47.78802,-15.78895],[-47.78764,-15.79037],[-47.78591,-15.79033],[-47.78541,-15.79327],[-47.78428,-15.79371],[-47.78389,-15.79777],[-47.78587,-15.80225],[-47.78935,-15.79988],[-47.78912,-15.79608],[-47.79101,-15.79533],[-47.79211,-15.79613],[-47.79851,-15.79612],[-47.8015,-15.79405],[-47.80349,-15.79438],[-47.80245,-15.79273],[-47.80424,-15.79235],[-47.80909,-15.79309],[-47.8104,-15.7944],[-47.80974,-15.79559],[-47.81224,-15.79739],[-47.81537,-15.80306],[-47.81339,-15.80602],[-47.81701,-15.8057],[-47.81732,-15.8076],[-47.81893,-15.80904],[-47.81819,-15.81037],[-47.81929,-15.81754],[-47.8167,-15.8205],[-47.82123,-15.82193],[-47.82315,-15.82528],[-47.82509,-15.82596],[-47.82704,-15.82773],[-47.82739,-15.82962],[-47.82548,-15.83239],[-47.8279,-15.8324],[-47.83137,-15.83069],[-47.83385,-15.83104],[-47.83799,-15.83307],[-47.83989,-15.83626],[-47.84093,-15.83944],[-47.84356,-15.83902],[-47.84881,-15.84017],[-47.85154,-15.83924],[-47.85362,-15.83979],[-47.85577,-15.84143],[-47.85814,-15.84423],[-47.86151,-15.84612],[-47.86388,-15.84967],[-47.86218,-15.8507],[-47.85846,-15.85151],[-47.8589,-15.85314],[-47.86242,-15.85208],[-47.86533,-15.85267],[-47.86692,-15.8521],[-47.86742,-15.85338],[-47.86981,-15.85414],[-47.86875,-15.85592],[-47.87189,-15.85897],[-47.87466,-15.85759],[-47.86896,-15.85269],[-47.86817,-15.85008],[-47.86981,-15.84796],[-47.86642,-15.84132],[-47.86191,-15.83632],[-47.86124,-15.83497],[-47.85639,-15.83025],[-47.85472,-15.8293],[-47.85547,-15.82732],[-47.85851,-15.82708],[-47.86281,-15.82821],[-47.86609,-15.82782],[-47.87055,-15.82997],[-47.87184,-15.82735],[-47.87079,-15.82653],[-47.87188,-15.82453],[-47.87685,-15.82458],[-47.87933,-15.82597],[-47.87986,-15.82756],[-47.88215,-15.82899],[-47.88319,-15.82857],[-47.88512,-15.83575],[-47.88701,-15.83768],[-47.89073,-15.84014],[-47.89331,-15.84108],[-47.8982,-15.8406],[-47.89863,-15.84153],[-47.90287,-15.84408],[-47.90366,-15.84359],[-47.9071,-15.84585],[-47.91139,-15.8467],[-47.9142,-15.8483],[-47.91416,-15.84624],[-47.91019,-15.84589],[-47.90775,-15.84442],[-47.90721,-15.84146],[-47.90378,-15.83896],[-47.90195,-15.83835],[-47.89868,-15.83836],[-47.89658,-15.83582],[-47.89038,-15.83322],[-47.88778,-15.82816],[-47.88306,-15.82345],[-47.87974,-15.82135],[-47.87299,-15.8196],[-47.86688,-15.82072],[-47.85279,-15.81866],[-47.84813,-15.82082],[-47.84509,-15.82046],[-47.84135,-15.8217],[-47.83675,-15.82021],[-47.83258,-15.81943],[-47.82988,-15.81358],[-47.8304,-15.79988],[-47.82614,-15.79619],[-47.81989,-15.79329],[-47.81899,-15.79143],[-47.82307,-15.79048],[-47.82577,-15.78785],[-47.82924,-15.78593],[-47.83845,-15.78586],[-47.84096,-15.78667],[-47.84535,-15.78695],[-47.84997,-15.7844],[-47.85387,-15.78321],[-47.8554,-15.78358],[-47.85601,-15.78513],[-47.85914,-15.78402],[-47.85915,-15.78115],[-47.85903,-15.77818],[-47.85588,-15.77492],[-47.85387,-15.77383],[-47.85254,-15.77416],[-47.85152,-15.77252],[-47.84824,-15.77078],[-47.84985,-15.76657],[-47.85366,-15.76251],[-47.85512,-15.75941],[-47.8576,-15.75916],[-47.85962,-15.75978],[-47.8627,-15.75903],[-47.86419,-15.75627],[-47.8692,-15.75033],[-47.87148,-15.74848],[-47.87393,-15.74517],[-47.87546,-15.74529],[-47.87793,-15.74171],[-47.88075,-15.74179],[-47.87987,-15.73989],[-47.87988,-15.73705],[-47.88411,-15.73354],[-47.88682,-15.7331],[-47.89131,-15.73119],[-47.89411,-15.73101],[-47.8952,-15.7311],[-47.89777,-15.72843],[-47.90433,-15.7271],[-47.90971,-15.72852]],[[-47.87993,-15.71223],[-47.88485,-15.70993],[-47.88816,-15.70891],[-47.88952,-15.70735],[-47.89193,-15.70696],[-47.88475,-15.70147],[-47.88155,-15.70485],[-47.87688,-15.70744],[-47.87195,-15.70766],[-47.87091,-15.70976],[-47.87407,-15.71134],[-47.87341,-15.71258],[-47.87077,-15.71354],[-47.87123,-15.71555],[-47.86812,-15.71648],[-47.8697,-15.71948],[-47.87697,-15.71516],[-47.87826,-15.714],[-47.87813,-15.71241],[-47.87993,-15.71223]]]]},"properties":{"CD_REG":"5300108051","NM_REG":"Lago Norte e Lago Paranoá","SIGLA_UF":"DF","OG_REG":"IBGE"}},{"type":"Feature","geometry":{"type":"MultiPolygon","coordinates":[[[[-47.98228,-15.84325],[-47.97769,-15.83944],[-47.97854,-15.83791],[-47.97238,-15.83626],[-47.97216,-15.83801],[-47.96973,-15.83797],[-47.96997,-15.83579],[-47.96634,-15.83644],[-47.96469,-15.83977],[-47.9642,-15.84368],[-47.96628,-15.84632],[-47.96247,-15.84821],[-47.96064,-15.84845],[-47.96165,-15.85375],[-47.96617,-15.85371],[-47.96491,-15.85091],[-47.9648,-15.84862],[-47.96594,-15.8497],[-47.97049,-15.84936],[-47.97075,-15.85059],[-47.97376,-15.85045],[-47.97377,-15.85267],[-47.97503,-15.85265],[-47.97507,-15.8474],[-47.97417,-15.84664],[-47.97707,-15.84671],[-47.98043,-15.84536],[-47.98228,-15.84325]]]]},"properties":{"CD_REG":"5300108032","NM_REG":"Guará: Guará II parte 1 (urbano)","SIGLA_UF":"DF","OG_REG":"IBGE"}},{"type":"Feature","geometry":{"type":"MultiPolygon","coordinates":[[[[-48.11513,-15.83215],[-48.11269,-15.83551],[-48.11425,-15.83664],[-48.11237,-15.83919],[-48.11027,-15.83868],[-48.11019,-15.84064],[-48.10659,-15.84539],[-48.10007,-15.84086],[-48.09727,-15.83938],[-48.0933,-15.83774],[-48.09192,-15.84189],[-48.0907,-15.84149],[-48.09071,-15.84592],[-48.0879,-15.85146],[-48.09179,-15.85338],[-48.09556,-15.85391],[-48.09833,-15.85544],[-48.10201,-15.85661],[-48.1027,-15.85745],[-48.10557,-15.85745],[-48.10723,-15.85949],[-48.1099,-15.85653],[-48.11082,-15.8538],[-48.11344,-15.85043],[-48.1205,-15.85549],[-48.13028,-15.84284],[-48.13049,-15.84169],[-48.12417,-15.83693],[-48.12263,-15.83869],[-48.11628,-15.83414],[-48.11513,-15.83215]]]]},"properties":{"CD_REG":"5300108022","NM_REG":"Ceilândia: Setor P Sul e Setor Institucional Ceilândia (urbano)","SIGLA_UF":"DF","OG_REG":"IBGE"}},{"type":"Feature","geometry":{"type":"MultiPolygon","coordinates":[[[[-47.97928,-15.88069],[-47.98018,-15.87725],[-47.98077,-15.87819],[-47.98683,-15.8775],[-47.99322,-15.87826],[-47.996,-15.87976],[-48.00025,-15.87998],[-48.0005,-15.87725],[-47.99207,-15.8765],[-47.99389,-15.869],[-47.99144,-15.86795],[-47.99194,-15.8662],[-47.98656,-15.8648],[-47.99056,-15.85987],[-47.99451,-15.85664],[-48.00064,-15.85042],[-47.99875,-15.84863],[-47.99991,-15.84636],[-48.0019,-15.84828],[-48.00639,-15.8502],[-48.01084,-15.84112],[-48.00367,-15.83801],[-48.00528,-15.83432],[-48.00784,-15.83536],[-48.0086,-15.8344],[-48.01047,-15.82932],[-48.01419,-15.82116],[-48.01166,-15.82001],[-48.01071,-15.82211],[-48.00086,-15.81777],[-48.00018,-15.82016],[-47.99602,-15.82351],[-47.99654,-15.8255],[-47.99521,-15.82802],[-47.99555,-15.82958],[-47.99482,-15.83215],[-47.99334,-15.83298],[-47.99292,-15.83595],[-47.9916,-15.83994],[-47.98991,-15.84129],[-47.98962,-15.8462],[-47.98841,-15.84748],[-47.98555,-15.84792],[-47.98429,-15.85063],[-47.98244,-15.84994],[-47.97953,-15.85293],[-47.97927,-15.85492],[-47.97751,-15.85817],[-47.9755,-15.85907],[-47.97193,-15.85929],[-47.97157,-15.86165],[-47.96648,-15.86096],[-47.96339,-15.86263],[-47.96233,-15.86432],[-47.95936,-15.86341],[-47.96271,-15.86086],[-47.96165,-15.85375],[-47.95647,-15.85449],[-47.95553,-15.84857],[-47.95461,-15.84838],[-47.9588,-15.87453],[-47.95904,-15.87663],[-47.96197,-15.87635],[-47.96231,-15.87847],[-47.96394,-15.87893],[-47.96395,-15.88061],[-47.96865,-15.88062],[-47.96882,-15.87936],[-47.97078,-15.87938],[-47.97078,-15.8829],[-47.96394,-15.88293],[-47.96104,-15.88226],[-47.96101,-15.88373],[-47.9739,-15.88359],[-47.97679,-15.88308],[-47.97928,-15.88069]]]]},"properties":{"CD_REG":"5300108030","NM_REG":"Park way Guará e Núcleo Bandeirante (urbano)","SIGLA_UF":"DF","OG_REG":"IBGE"}},{"type":"Feature","geometry":{"type":"MultiPolygon","coordinates":[[[[-48.05782,-15.99729],[-48.05293,-15.99487],[-48.04791,-15.99049],[-48.04352,-15.99461],[-48.04118,-15.99467],[-48.04031,-15.99739],[-48.04236,-15.99937],[-48.04406,-16.00447],[-48.04498,-16.00529],[-48.04458,-16.00721],[-48.04673,-16.0059],[-48.04702,-16.01151],[-48.04578,-16.0115],[-48.04522,-16.01843],[-48.04729,-16.01782],[-48.04741,-16.02251],[-48.05508,-16.0341],[-48.06714,-16.02669],[-48.06054,-16.02327],[-48.06028,-16.01788],[-48.05703,-16.018],[-48.05394,-16.01642],[-48.05324,-16.00175],[-48.05866,-15.99839],[-48.05782,-15.99729]]]]},"properties":{"CD_REG":"5300108002","NM_REG":"Gama: Setor Leste (urbano)","SIGLA_UF":"DF","OG_REG":"IBGE"}},{"type":"Feature","geometry":{"type":"MultiPolygon","coordinates":[[[[-48.01999,-15.82075],[-48.02824,-15.81446],[-48.03654,-15.81429],[-48.04284,-15.81056],[-48.04279,-15.80868],[-48.04521,-15.8087],[-48.04467,-15.80781],[-48.04474,-15.79747],[-48.04541,-15.79452],[-48.04441,-15.79453],[-48.04441,-15.79101],[-48.02812,-15.7907],[-48.01794,-15.78913],[-48.00863,-15.78692],[-48.00301,-15.78624],[-47.99726,-15.78623],[-47.98977,-15.78728],[-47.9921,-15.80612],[-47.99287,-15.81098],[-47.99491,-15.81095],[-48.00488,-15.81454],[-48.01202,-15.8171],[-48.01999,-15.82075]]]]},"properties":{"CD_REG":"5300108005","NM_REG":"Vicente Pires parte 1 (urbano)","SIGLA_UF":"DF","OG_REG":"IBGE"}},{"type":"Feature","geometry":{"type":"MultiPolygon","coordinates":[[[[-47.81571,-15.64943],[-47.81965,-15.65177],[-47.82596,-15.65213],[-47.82823,-15.64463],[-47.83205,-15.64691],[-47.84023,-15.65069],[-47.84434,-15.65407],[-47.83485,-15.64212],[-47.83035,-15.63916],[-47.83182,-15.63645],[-47.84137,-15.63848],[-47.8444,-15.63863],[-47.85122,-15.63742],[-47.85538,-15.6351],[-47.85643,-15.63299],[-47.84981,-15.6313],[-47.84565,-15.63274],[-47.84113,-15.63145],[-47.8404,-15.62689],[-47.84283,-15.62624],[-47.84595,-15.62426],[-47.84799,-15.62373],[-47.84702,-15.62289],[-47.84973,-15.62177],[-47.85212,-15.62338],[-47.85237,-15.62237],[-47.85557,-15.61899],[-47.85522,-15.61851],[-47.84966,-15.61788],[-47.84916,-15.62086],[-47.84489,-15.61924],[-47.84563,-15.62279],[-47.83851,-15.62476],[-47.83674,-15.62101],[-47.83369,-15.61831],[-47.83208,-15.61999],[-47.83399,-15.62169],[-47.8335,-15.62449],[-47.83109,-15.62325],[-47.82856,-15.62291],[-47.82824,-15.62402],[-47.82553,-15.62372],[-47.82594,-15.62137],[-47.82399,-15.62045],[-47.82564,-15.61769],[-47.82041,-15.61683],[-47.81869,-15.61511],[-47.81549,-15.62123],[-47.81685,-15.62182],[-47.82064,-15.62163],[-47.82318,-15.62303],[-47.82479,-15.62625],[-47.82455,-15.63135],[-47.82024,-15.64097],[-47.81226,-15.64343],[-47.81191,-15.64472],[-47.81571,-15.64943]]]]},"properties":{"CD_REG":"5300108080","NM_REG":"Sobradinho II parte 2 (urbano)","SIGLA_UF":"DF","OG_REG":"IBGE"}},{"type":"Feature","geometry":{"type":"MultiPolygon","coordinates":[[[[-48.05432,-15.87967],[-48.0458,-15.87404],[-48.04263,-15.87352],[-48.03837,-15.8744],[-48.03982,-15.87685],[-48.03946,-15.88053],[-48.04002,-15.88223],[-48.03519,-15.88527],[-48.03424,-15.88772],[-48.03261,-15.88788],[-48.03023,-15.88973],[-48.02749,-15.89046],[-48.02365,-15.89537],[-48.02246,-15.89776],[-48.02139,-15.89742],[-48.01822,-15.90024],[-48.0175,-15.9018],[-48.01153,-15.90607],[-48.01004,-15.90599],[-48.00731,-15.90888],[-48.00421,-15.90955],[-48.00263,-15.9116],[-48.00275,-15.9131],[-47.99969,-15.91824],[-48.00089,-15.92061],[-47.99962,-15.92166],[-47.99733,-15.92056],[-47.99383,-15.92021],[-47.98562,-15.92487],[-47.98382,-15.92502],[-47.98383,-15.92846],[-47.99656,-15.93805],[-47.99702,-15.93931],[-47.99947,-15.94152],[-48.00158,-15.94545],[-47.99972,-15.94733],[-48.02076,-15.96614],[-48.03825,-15.94536],[-48.04237,-15.93823],[-48.0511,-15.9112],[-48.05208,-15.90814],[-48.03955,-15.90433],[-48.04048,-15.90161],[-48.04328,-15.89742],[-48.04459,-15.89468],[-48.04679,-15.89256],[-48.0508,-15.8907],[-48.05283,-15.88911],[-48.054,-15.88569],[-48.05367,-15.88102],[-48.05432,-15.87967]]]]},"properties":{"CD_REG":"5300108124","NM_REG":"Riacho Fundo II: Área Rural, Riacho Fundo Parque, Riacho Fundo parte 2","SIGLA_UF":"DF","OG_REG":"IBGE"}},{"type":"Feature","geometry":{"type":"MultiPolygon","coordinates":[[[[-48.05428,-15.81421],[-48.05585,-15.81527],[-48.07124,-15.82014],[-48.07265,-15.82051],[-48.07484,-15.8136],[-48.07875,-15.81429],[-48.07916,-15.81306],[-48.08138,-15.81376],[-48.08336,-15.80802],[-48.08244,-15.80771],[-48.08348,-15.80464],[-48.0823,-15.80426],[-48.08298,-15.80231],[-48.08473,-15.80164],[-48.09289,-15.79601],[-48.10826,-15.79012],[-48.10706,-15.78981],[-48.103,-15.78607],[-48.10292,-15.78331],[-48.10359,-15.78091],[-48.10249,-15.77843],[-48.10402,-15.77533],[-48.10507,-15.7753],[-48.10637,-15.77227],[-48.11121,-15.77125],[-48.1119,-15.77041],[-48.10566,-15.76777],[-48.0988,-15.76536],[-48.09736,-15.76589],[-48.09119,-15.76355],[-48.08864,-15.76136],[-48.08191,-15.75937],[-48.07754,-15.75697],[-48.07279,-15.75906],[-48.06887,-15.75905],[-48.06632,-15.7565],[-48.06577,-15.75414],[-48.06864,-15.74699],[-48.07012,-15.74544],[-48.07054,-15.74335],[-48.07243,-15.74095],[-48.07246,-15.73656],[-48.06198,-15.73845],[-48.05639,-15.74113],[-48.05167,-15.74559],[-48.04991,-15.74835],[-48.04762,-15.75367],[-48.04577,-15.75893],[-48.04504,-15.76294],[-48.04493,-15.76839],[-48.04546,-15.7721],[-48.04686,-15.77679],[-48.05346,-15.79224],[-48.0523,-15.79283],[-48.05635,-15.80573],[-48.05433,-15.80707],[-48.05631,-15.8081],[-48.05428,-15.81421]]]]},"properties":{"CD_REG":"5300108071","NM_REG":"Taguatinga: Norte parte 4 e Área Institucional (urbano)","SIGLA_UF":"DF","OG_REG":"IBGE"}},{"type":"Feature","geometry":{"type":"MultiPolygon","coordinates":[[[[-47.97625,-15.50221],[-47.77214,-15.50214],[-47.771,-15.50341],[-47.77015,-15.50867],[-47.77252,-15.51117],[-47.76995,-15.51719],[-47.76849,-15.5172],[-47.76829,-15.51893],[-47.76691,-15.51917],[-47.76793,-15.52088],[-47.76439,-15.51955],[-47.76154,-15.52051],[-47.76195,-15.52434],[-47.76416,-15.52525],[-47.76378,-15.52734],[-47.76552,-15.52759],[-47.77003,-15.52665],[-47.77387,-15.52893],[-47.77709,-15.52958],[-47.78043,-15.52892],[-47.79131,-15.52443],[-47.80355,-15.52562],[-47.81074,-15.52351],[-47.81334,-15.52341],[-47.82984,-15.5297],[-47.83449,-15.53023],[-47.83551,-15.53082],[-47.83657,-15.54058],[-47.8354,-15.54872],[-47.83596,-15.55016],[-47.84108,-15.55718],[-47.84029,-15.56133],[-47.83898,-15.56217],[-47.83925,-15.56493],[-47.84117,-15.56684],[-47.83915,-15.56894],[-47.83927,-15.57096],[-47.84287,-15.5725],[-47.84371,-15.57466],[-47.84258,-15.57691],[-47.84349,-15.57864],[-47.84305,-15.58115],[-47.84422,-15.58358],[-47.84377,-15.58743],[-47.84094,-15.58902],[-47.84303,-15.59011],[-47.83706,-15.59312],[-47.83581,-15.59835],[-47.84056,-15.59876],[-47.84297,-15.59557],[-47.84592,-15.59662],[-47.8473,-15.59599],[-47.84919,-15.59707],[-47.85118,-15.5965],[-47.85281,-15.59759],[-47.85876,-15.59898],[-47.85781,-15.6014],[-47.85904,-15.60312],[-47.86152,-15.60174],[-47.86205,-15.60308],[-47.86023,-15.60965],[-47.86127,-15.61284],[-47.86441,-15.61638],[-47.86562,-15.61709],[-47.86527,-15.62005],[-47.86707,-15.61992],[-47.86843,-15.6184],[-47.86909,-15.61389],[-47.87039,-15.61334],[-47.87205,-15.61425],[-47.87493,-15.61401],[-47.87724,-15.61733],[-47.88022,-15.61607],[-47.88379,-15.61753],[-47.88592,-15.61549],[-47.88848,-15.61052],[-47.89194,-15.60838],[-47.89211,-15.60605],[-47.88977,-15.60026],[-47.88993,-15.59864],[-47.88691,-15.59331],[-47.88515,-15.59242],[-47.89011,-15.59334],[-47.89636,-15.59026],[-47.90093,-15.59358],[-47.90282,-15.59382],[-47.9118,-15.59164],[-47.92637,-15.58666],[-47.93161,-15.58158],[-47.93563,-15.57895],[-47.93811,-15.57375],[-47.94414,-15.57476],[-47.94681,-15.57359],[-47.94948,-15.57553],[-47.95121,-15.5753],[-47.9541,-15.57077],[-47.95562,-15.56554],[-47.95517,-15.56403],[-47.95092,-15.558],[-47.95203,-15.55379],[-47.95044,-15.55108],[-47.95944,-15.5413],[-47.96463,-15.53816],[-47.96557,-15.53681],[-47.96705,-15.53179],[-47.97014,-15.52961],[-47.97029,-15.52822],[-47.96917,-15.52504],[-47.9698,-15.52377],[-47.97325,-15.52003],[-47.97374,-15.50895],[-47.97449,-15.50588],[-47.97625,-15.50221]]]]},"properties":{"CD_REG":"5300108054","NM_REG":"Fercal","SIGLA_UF":"DF","OG_REG":"IBGE"}},{"type":"Feature","geometry":{"type":"MultiPolygon","coordinates":[[[[-48.11979,-15.79906],[-48.11593,-15.79704],[-48.11825,-15.79259],[-48.11757,-15.78655],[-48.10826,-15.79012],[-48.11103,-15.79404],[-48.11242,-15.79452],[-48.10863,-15.79954],[-48.10762,-15.7989],[-48.10145,-15.80532],[-48.09603,-15.81291],[-48.10843,-15.81939],[-48.11979,-15.79906]]]]},"properties":{"CD_REG":"5300108016","NM_REG":"Ceilândia: Setor M Ímpar (urbano)","SIGLA_UF":"DF","OG_REG":"IBGE"}},{"type":"Feature","geometry":{"type":"MultiPolygon","coordinates":[[[[-48.27781,-16.0496],[-48.27772,-16.04705],[-48.27869,-16.04471],[-48.27744,-16.04405],[-48.27857,-16.0415],[-48.27694,-16.04113],[-48.27717,-16.03928],[-48.27544,-16.03645],[-48.27337,-16.03559],[-48.27421,-16.03447],[-48.27185,-16.03173],[-48.273,-16.03067],[-48.27222,-16.02758],[-48.27137,-16.02717],[-48.27256,-16.02416],[-48.27115,-16.02357],[-48.26988,-16.02221],[-48.27066,-16.01978],[-48.27014,-16.01661],[-48.27171,-16.01534],[-48.27235,-16.01351],[-48.27138,-16.00961],[-48.27243,-16.00896],[-48.27118,-16.00807],[-48.26982,-16.00548],[-48.26999,-16.00399],[-48.26783,-16.00199],[-48.26772,-16.00113],[-48.26628,-16.00128],[-48.26541,-15.99661],[-48.26398,-15.99632],[-48.26258,-15.9949],[-48.26392,-15.9925],[-48.26294,-15.9919],[-48.26162,-15.9897],[-48.2625,-15.98962],[-48.26287,-15.9889],[-48.26141,-15.9851],[-48.25936,-15.98462],[-48.2581,-15.98329],[-48.25844,-15.98137],[-48.2587,-15.98032],[-48.25995,-15.98022],[-48.25936,-15.97844],[-48.25656,-15.97705],[-48.25375,-15.97713],[-48.25357,-15.97587],[-48.24733,-15.9755],[-48.24537,-15.97231],[-48.24426,-15.97328],[-48.24016,-15.97086],[-48.23806,-15.97253],[-48.23574,-15.97178],[-48.23259,-15.97192],[-48.22938,-15.97049],[-48.22838,-15.97125],[-48.22523,-15.9712],[-48.22376,-15.96971],[-48.22149,-15.97055],[-48.22068,-15.96942],[-48.21856,-15.96953],[-48.2178,-15.96838],[-48.21478,-15.96741],[-48.21455,-15.96613],[-48.21235,-15.96612],[-48.21112,-15.96509],[-48.20449,-15.9643],[-48.20066,-15.96222],[-48.19857,-15.96394],[-48.19554,-15.96264],[-48.19316,-15.96386],[-48.19211,-15.96068],[-48.18937,-15.95814],[-48.18693,-15.95343],[-48.18659,-15.94929],[-48.18707,-15.94573],[-48.18172,-15.94594],[-48.17904,-15.94668],[-48.17634,-15.94626],[-48.17304,-15.94729],[-48.17278,-15.94627],[-48.16339,-15.94692],[-48.16302,-15.94534],[-48.16018,-15.94028],[-48.15682,-15.93712],[-48.15564,-15.93699],[-48.15339,-15.9338],[-48.15339,-15.94694],[-48.14487,-15.94256],[-48.13945,-15.94387],[-48.13793,-15.94472],[-48.13407,-15.94516],[-48.13042,-15.94271],[-48.12751,-15.94275],[-48.12549,-15.94797],[-48.12393,-15.94961],[-48.12227,-15.95325],[-48.12207,-15.95562],[-48.12006,-15.95377],[-48.11651,-15.95289],[-48.11407,-15.95111],[-48.11211,-15.95142],[-48.10907,-15.94857],[-48.10493,-15.94267],[-48.10384,-15.94206],[-48.10213,-15.93727],[-48.09637,-15.93296],[-48.09444,-15.93221],[-48.09215,-15.93352],[-48.09125,-15.93503],[-48.08293,-15.94162],[-48.0796,-15.93901],[-48.07582,-15.9394],[-48.06242,-15.94779],[-48.05519,-15.95202],[-48.0527,-15.95302],[-48.04897,-15.95323],[-48.04418,-15.95178],[-48.04077,-15.94922],[-48.03825,-15.94536],[-48.02076,-15.96614],[-48.01588,-15.97186],[-48.01316,-15.97424],[-48.00913,-15.97654],[-48.00457,-15.97798],[-48.00709,-15.9862],[-48.01026,-15.99172],[-48.01172,-15.99715],[-48.0161,-16.00017],[-48.01815,-16.0027],[-48.02055,-16.00386],[-48.02185,-16.00544],[-48.0268,-16.00855],[-48.03146,-16.01281],[-48.03235,-16.01423],[-48.0351,-16.01601],[-48.03982,-16.02031],[-48.04367,-16.01951],[-48.04541,-16.02051],[-48.04591,-16.02272],[-48.04924,-16.02761],[-48.04959,-16.02992],[-48.05085,-16.03088],[-48.05313,-16.03535],[-48.05508,-16.0341],[-48.04741,-16.02251],[-48.04729,-16.01782],[-48.04522,-16.01843],[-48.04578,-16.0115],[-48.04702,-16.01151],[-48.04673,-16.0059],[-48.04458,-16.00721],[-48.04498,-16.00529],[-48.04406,-16.00447],[-48.04236,-15.99937],[-48.04031,-15.99739],[-48.04118,-15.99467],[-48.04352,-15.99461],[-48.04791,-15.99049],[-48.05293,-15.99487],[-48.05782,-15.99729],[-48.06932,-16.00294],[-48.07279,-16.00127],[-48.08225,-16.00616],[-48.08365,-16.00551],[-48.08553,-16.00698],[-48.0836,-16.00841],[-48.08352,-16.01161],[-48.08266,-16.01165],[-48.08284,-16.01676],[-48.0878,-16.02476],[-48.06167,-16.04134],[-48.05979,-16.04227],[-48.05797,-16.04201],[-48.05534,-16.03844],[-48.05396,-16.03741],[-48.05175,-16.03618],[-48.04957,-16.03593],[-48.04766,-16.0368],[-48.04613,-16.03867],[-48.04041,-16.04632],[-48.03718,-16.04849],[-48.03828,-16.04967],[-48.0657,-16.04968],[-48.27781,-16.0496]]]]},"properties":{"CD_REG":"5300108003","NM_REG":"Gama: Ponte Alta, Engenho das Lajes e Área Rural","SIGLA_UF":"DF","OG_REG":"IBGE"}},{"type":"Feature","geometry":{"type":"MultiPolygon","coordinates":[[[[-47.64363,-15.62979],[-47.64285,-15.61212],[-47.64971,-15.61179],[-47.64978,-15.61322],[-47.65486,-15.61294],[-47.65451,-15.6057],[-47.65924,-15.60543],[-47.6605,-15.6058],[-47.65808,-15.60946],[-47.6583,-15.61267],[-47.6606,-15.61255],[-47.66054,-15.61125],[-47.66235,-15.61221],[-47.66384,-15.61122],[-47.66535,-15.60653],[-47.66699,-15.6046],[-47.66769,-15.60221],[-47.66896,-15.60156],[-47.66867,-15.59799],[-47.6691,-15.59545],[-47.66679,-15.59433],[-47.66172,-15.5939],[-47.64069,-15.5957],[-47.64283,-15.61184],[-47.63947,-15.61442],[-47.63733,-15.61494],[-47.63194,-15.60919],[-47.62938,-15.60918],[-47.62932,-15.61313],[-47.62709,-15.61312],[-47.62669,-15.61658],[-47.62898,-15.61659],[-47.62638,-15.62135],[-47.62754,-15.623],[-47.62665,-15.62648],[-47.6287,-15.62733],[-47.62777,-15.63052],[-47.63159,-15.63105],[-47.63676,-15.63],[-47.63852,-15.62885],[-47.64363,-15.62979]]]]},"properties":{"CD_REG":"5300108076","NM_REG":"Planaltina: Tradicional parte 2 (urbano)","SIGLA_UF":"DF","OG_REG":"IBGE"}},{"type":"Feature","geometry":{"type":"MultiPolygon","coordinates":[[[[-48.12976,-15.80354],[-48.13762,-15.80597],[-48.13683,-15.80898],[-48.14093,-15.81026],[-48.14328,-15.80935],[-48.15109,-15.80845],[-48.15802,-15.81023],[-48.15915,-15.8095],[-48.16389,-15.79398],[-48.13651,-15.78603],[-48.12976,-15.80354]]]]},"properties":{"CD_REG":"5300108023","NM_REG":"Ceilândia: Setor de Indústrias Ceilândia, Expansão Setor O e Setor R","SIGLA_UF":"DF","OG_REG":"IBGE"}},{"type":"Feature","geometry":{"type":"MultiPolygon","coordinates":[[[[-48.14478,-15.90776],[-48.14752,-15.89912],[-48.10545,-15.87972],[-48.09859,-15.87649],[-48.09568,-15.87311],[-48.09451,-15.87245],[-48.09028,-15.8854],[-48.09071,-15.88677],[-48.08938,-15.89103],[-48.14478,-15.90776]]]]},"properties":{"CD_REG":"5300108034","NM_REG":"Samambaia: Quadras 100, 300, 500 pares parte 1","SIGLA_UF":"DF","OG_REG":"IBGE"}},{"type":"Feature","geometry":{"type":"MultiPolygon","coordinates":[[[[-47.76645,-15.75415],[-47.77814,-15.75835],[-47.78175,-15.74898],[-47.77238,-15.74554],[-47.77405,-15.74122],[-47.77094,-15.74042],[-47.76787,-15.74791],[-47.7696,-15.74855],[-47.76785,-15.74941],[-47.76645,-15.75415]]]]},"properties":{"CD_REG":"5300108008","NM_REG":"Condominios Itapoã - parte 1 (urbano)","SIGLA_UF":"DF","OG_REG":"IBGE"}},{"type":"Feature","geometry":{"type":"MultiPolygon","coordinates":[[[[-48.03559,-15.83748],[-48.03886,-15.83453],[-48.04018,-15.83611],[-48.04104,-15.83547],[-48.04399,-15.83719],[-48.04563,-15.83423],[-48.04889,-15.83579],[-48.05034,-15.83186],[-48.03751,-15.83016],[-48.03452,-15.82937],[-48.01999,-15.82075],[-48.01202,-15.8171],[-48.00488,-15.81454],[-48.00429,-15.81569],[-48.00086,-15.81777],[-48.01071,-15.82211],[-48.01166,-15.82001],[-48.01419,-15.82116],[-48.01047,-15.82932],[-48.02115,-15.83396],[-48.0212,-15.83678],[-48.02456,-15.83822],[-48.02666,-15.83469],[-48.03262,-15.83463],[-48.03559,-15.83748]]]]},"properties":{"CD_REG":"5300108073","NM_REG":"Águas Claras: Vertical parte 3 (urbano)","SIGLA_UF":"DF","OG_REG":"IBGE"}},{"type":"Feature","geometry":{"type":"MultiPolygon","coordinates":[[[[-47.89076,-15.96872],[-47.8923,-15.96941],[-47.89148,-15.97129],[-47.89022,-15.97104],[-47.88914,-15.97466],[-47.88792,-15.97629],[-47.88505,-15.9775],[-47.88345,-15.98195],[-47.88122,-15.98547],[-47.88019,-15.99064],[-47.87812,-15.99645],[-47.8786,-16.0],[-47.87561,-16.0078],[-47.87387,-16.01085],[-47.87255,-16.01095],[-47.87041,-16.01285],[-47.87155,-16.01391],[-47.87504,-16.01539],[-47.87702,-16.01848],[-47.87714,-16.02074],[-47.87491,-16.02493],[-47.87487,-16.02724],[-47.87355,-16.02858],[-47.87256,-16.03174],[-47.86959,-16.03499],[-47.8685,-16.03743],[-47.87317,-16.03941],[-47.87571,-16.03934],[-47.87886,-16.04167],[-47.88152,-16.04573],[-47.88483,-16.04676],[-47.88798,-16.04989],[-48.02306,-16.04972],[-48.02354,-16.04159],[-48.02351,-16.02979],[-48.00854,-16.02008],[-48.0075,-16.01816],[-48.00351,-16.01676],[-47.99842,-16.0136],[-47.99522,-16.0129],[-47.99394,-16.01702],[-47.99513,-16.01704],[-47.99508,-16.02128],[-47.99447,-16.02065],[-47.99387,-16.02347],[-47.99075,-16.02537],[-47.99169,-16.027],[-47.9846,-16.02477],[-47.98363,-16.02761],[-47.98423,-16.02929],[-47.98547,-16.02936],[-47.98509,-16.03232],[-47.99567,-16.03358],[-47.9967,-16.03528],[-47.97901,-16.03525],[-47.97865,-16.03158],[-47.97891,-16.02835],[-47.98676,-15.98999],[-47.99198,-15.99284],[-47.99336,-15.99036],[-48.00528,-15.99701],[-47.99818,-16.00333],[-48.01735,-16.01593],[-48.02007,-16.01733],[-48.0196,-16.01807],[-48.02492,-16.02154],[-48.0256,-16.02127],[-48.03949,-16.03024],[-48.04268,-16.02829],[-48.04383,-16.03196],[-48.04325,-16.03288],[-48.04499,-16.0349],[-48.04613,-16.03867],[-48.04766,-16.0368],[-48.04957,-16.03593],[-48.05175,-16.03618],[-48.05396,-16.03741],[-48.05313,-16.03535],[-48.05085,-16.03088],[-48.04959,-16.02992],[-48.04924,-16.02761],[-48.04591,-16.02272],[-48.04541,-16.02051],[-48.04367,-16.01951],[-48.03982,-16.02031],[-48.0351,-16.01601],[-48.03235,-16.01423],[-48.03146,-16.01281],[-48.0268,-16.00855],[-48.02185,-16.00544],[-48.02055,-16.00386],[-48.01815,-16.0027],[-48.0161,-16.00017],[-48.01172,-15.99715],[-48.01026,-15.99172],[-48.00709,-15.9862],[-48.00457,-15.97798],[-47.99768,-15.97827],[-47.97855,-15.97468],[-47.97043,-15.97476],[-47.96662,-15.97558],[-47.94467,-15.98313],[-47.93988,-15.98392],[-47.93589,-15.98394],[-47.92925,-15.98276],[-47.89076,-15.96872]]]]},"properties":{"CD_REG":"5300108042","NM_REG":"Santa Maria: Área Rural, Área Institucional, Condomínio Santa Maria e Total Ville","SIGLA_UF":"DF","OG_REG":"IBGE"}},{"type":"Feature","geometry":{"type":"MultiPolygon","coordinates":[[[[-48.04399,-15.83719],[-48.04104,-15.83547],[-48.04018,-15.83611],[-48.03886,-15.83453],[-48.03559,-15.83748],[-48.03291,-15.83949],[-48.02995,-15.84006],[-48.02999,-15.84392],[-48.02946,-15.8454],[-48.0318,-15.84617],[-48.03064,-15.84724],[-48.0331,-15.84896],[-48.03684,-15.85053],[-48.03734,-15.84958],[-48.04399,-15.83719]]]]},"properties":{"CD_REG":"5300108065","NM_REG":"Águas Claras: Vertical parte 2 (urbano)","SIGLA_UF":"DF","OG_REG":"IBGE"}},{"type":"Feature","geometry":{"type":"MultiPolygon","coordinates":[[[[-47.781,-15.75941],[-47.78562,-15.76108],[-47.78933,-15.76153],[-47.80748,-15.75874],[-47.81055,-15.7573],[-47.81342,-15.75833],[-47.80905,-15.76282],[-47.80898,-15.76547],[-47.81271,-15.7695],[-47.81299,-15.7729],[-47.80819,-15.78076],[-47.80587,-15.78331],[-47.80463,-15.78664],[-47.80331,-15.78737],[-47.79983,-15.78552],[-47.79763,-15.78249],[-47.79516,-15.78121],[-47.79322,-15.78106],[-47.78679,-15.78197],[-47.7855,-15.7824],[-47.7811,-15.7788],[-47.77982,-15.77924],[-47.7796,-15.76878],[-47.781,-15.75941]]]]},"properties":{"CD_REG":"5300108085","NM_REG":"Paranoá: Paranoá Parque e Paranoá parte 1 (urbano)","SIGLA_UF":"DF","OG_REG":"IBGE"}},{"type":"Feature","geometry":{"type":"MultiPolygon","coordinates":[[[[-48.03825,-15.94536],[-48.04077,-15.94922],[-48.04418,-15.95178],[-48.04897,-15.95323],[-48.0527,-15.95302],[-48.05519,-15.95202],[-48.06242,-15.94779],[-48.07582,-15.9394],[-48.0796,-15.93901],[-48.08293,-15.94162],[-48.09125,-15.93503],[-48.09215,-15.93352],[-48.09444,-15.93221],[-48.09637,-15.93296],[-48.10213,-15.93727],[-48.10384,-15.94206],[-48.10493,-15.94267],[-48.10907,-15.94857],[-48.11211,-15.95142],[-48.11407,-15.95111],[-48.11651,-15.95289],[-48.12006,-15.95377],[-48.12207,-15.95562],[-48.12227,-15.95325],[-48.12393,-15.94961],[-48.12549,-15.94797],[-48.12751,-15.94275],[-48.13042,-15.94271],[-48.13407,-15.94516],[-48.13793,-15.94472],[-48.13945,-15.94387],[-48.14487,-15.94256],[-48.15339,-15.94694],[-48.15339,-15.9338],[-48.15564,-15.93699],[-48.15682,-15.93712],[-48.16018,-15.94028],[-48.16302,-15.94534],[-48.16339,-15.94692],[-48.17278,-15.94627],[-48.17304,-15.94729],[-48.17634,-15.94626],[-48.17904,-15.94668],[-48.18172,-15.94594],[-48.18707,-15.94573],[-48.18659,-15.94929],[-48.18693,-15.95343],[-48.18937,-15.95814],[-48.19211,-15.96068],[-48.19316,-15.96386],[-48.19554,-15.96264],[-48.19857,-15.96394],[-48.20066,-15.96222],[-48.20449,-15.9643],[-48.21112,-15.96509],[-48.21235,-15.96612],[-48.21455,-15.96613],[-48.21478,-15.96741],[-48.2178,-15.96838],[-48.21856,-15.96953],[-48.22068,-15.96942],[-48.22149,-15.97055],[-48.22376,-15.96971],[-48.22523,-15.9712],[-48.22838,-15.97125],[-48.22938,-15.97049],[-48.23259,-15.97192],[-48.23574,-15.97178],[-48.23806,-15.97253],[-48.24016,-15.97086],[-48.24426,-15.97328],[-48.24537,-15.97231],[-48.24733,-15.9755],[-48.25357,-15.97587],[-48.25375,-15.97713],[-48.25656,-15.97705],[-48.25936,-15.97844],[-48.25793,-15.97635],[-48.2591,-15.97647],[-48.25971,-15.97404],[-48.25796,-15.97282],[-48.26056,-15.96888],[-48.26027,-15.96687],[-48.25774,-15.96493],[-48.25738,-15.96352],[-48.25599,-15.96321],[-48.2577,-15.96139],[-48.25516,-15.96213],[-48.25527,-15.96057],[-48.25637,-15.95991],[-48.25442,-15.95888],[-48.25456,-15.95721],[-48.25327,-15.95579],[-48.25138,-15.95555],[-48.25216,-15.95116],[-48.25241,-15.94834],[-48.25338,-15.94857],[-48.25321,-15.94642],[-48.25147,-15.94787],[-48.25019,-15.94775],[-48.25089,-15.94384],[-48.2517,-15.94405],[-48.25207,-15.94492],[-48.2529,-15.94426],[-48.25222,-15.94137],[-48.2527,-15.94009],[-48.25133,-15.93769],[-48.25244,-15.93579],[-48.25052,-15.93373],[-48.24713,-15.93349],[-48.24586,-15.93196],[-48.2427,-15.93192],[-48.23863,-15.9292],[-48.23435,-15.93349],[-48.2347,-15.93494],[-48.23047,-15.93339],[-48.22844,-15.93133],[-48.2263,-15.93394],[-48.22365,-15.93456],[-48.22256,-15.936],[-48.22104,-15.93413],[-48.2192,-15.93491],[-48.21226,-15.93178],[-48.20031,-15.92413],[-48.18861,-15.91962],[-48.18664,-15.9201],[-48.18336,-15.92318],[-48.18182,-15.92358],[-48.17999,-15.92257],[-48.17847,-15.91906],[-48.17443,-15.91808],[-48.17225,-15.91924],[-48.16999,-15.92253],[-48.1663,-15.92361],[-48.16392,-15.91562],[-48.16091,-15.91281],[-48.14478,-15.90776],[-48.08938,-15.89103],[-48.07289,-15.88608],[-48.06037,-15.88246],[-48.05538,-15.89784],[-48.0586,-15.89898],[-48.06179,-15.89907],[-48.07167,-15.89999],[-48.07547,-15.90095],[-48.08738,-15.90662],[-48.10134,-15.91067],[-48.10386,-15.91293],[-48.10801,-15.91012],[-48.11017,-15.91389],[-48.10644,-15.91522],[-48.10793,-15.91669],[-48.10624,-15.91891],[-48.10689,-15.92018],[-48.10903,-15.92031],[-48.11431,-15.9274],[-48.11537,-15.9279],[-48.11705,-15.93173],[-48.11497,-15.93592],[-48.11638,-15.93849],[-48.11366,-15.94139],[-48.11037,-15.9371],[-48.1091,-15.93805],[-48.10627,-15.93539],[-48.10453,-15.93459],[-48.10081,-15.93038],[-48.09897,-15.92971],[-48.0974,-15.92575],[-48.09772,-15.92425],[-48.09387,-15.91818],[-48.09472,-15.91581],[-48.0924,-15.91404],[-48.08284,-15.90938],[-48.08109,-15.9093],[-48.07188,-15.91509],[-48.06994,-15.91539],[-48.06586,-15.91357],[-48.06429,-15.91436],[-48.06034,-15.91341],[-48.06025,-15.91249],[-48.05676,-15.91114],[-48.05459,-15.91226],[-48.0511,-15.9112],[-48.04237,-15.93823],[-48.03825,-15.94536]]]]},"properties":{"CD_REG":"5300108057","NM_REG":"Recanto das Emas: Área Rural, Recanto das Emas parte 2 e Água quente","SIGLA_UF":"DF","OG_REG":"IBGE"}},{"type":"Feature","geometry":{"type":"MultiPolygon","coordinates":[[[[-48.0005,-15.87725],[-48.01225,-15.87823],[-48.02363,-15.87667],[-48.02792,-15.87563],[-48.03059,-15.87061],[-48.02552,-15.868],[-48.03019,-15.85932],[-48.02897,-15.85871],[-48.03299,-15.84948],[-48.01668,-15.84283],[-48.01084,-15.84112],[-48.00639,-15.8502],[-48.0019,-15.84828],[-47.99991,-15.84636],[-47.99875,-15.84863],[-48.00064,-15.85042],[-47.99451,-15.85664],[-47.99056,-15.85987],[-47.98656,-15.8648],[-47.99194,-15.8662],[-47.99144,-15.86795],[-47.99389,-15.869],[-47.99207,-15.8765],[-48.0005,-15.87725]]]]},"properties":{"CD_REG":"5300108006","NM_REG":"Arniqueira (urbano)","SIGLA_UF":"DF","OG_REG":"IBGE"}},{"type":"Feature","geometry":{"type":"MultiPolygon","coordinates":[[[[-47.90606,-15.73633],[-47.90013,-15.73462],[-47.89808,-15.73575],[-47.89913,-15.73835],[-47.88944,-15.76882],[-47.88828,-15.77451],[-47.88763,-15.78131],[-47.89062,-15.78072],[-47.8916,-15.77546],[-47.89502,-15.77588],[-47.89598,-15.77043],[-47.89758,-15.77096],[-47.89903,-15.76646],[-47.89778,-15.76502],[-47.89975,-15.759],[-47.90138,-15.75838],[-47.90357,-15.75384],[-47.90183,-15.75185],[-47.90439,-15.74363],[-47.90412,-15.74242],[-47.90606,-15.73633]]]]},"properties":{"CD_REG":"5300108078","NM_REG":"Plano Piloto: Asa norte parte 2 (urbano)","SIGLA_UF":"DF","OG_REG":"IBGE"}},{"type":"Feature","geometry":{"type":"MultiPolygon","coordinates":[[[[-47.78587,-15.80225],[-47.78714,-15.80593],[-47.79586,-15.82408],[-47.81508,-15.84929],[-47.81655,-15.85211],[-47.82045,-15.86407],[-47.83045,-15.85943],[-47.84294,-15.86638],[-47.84517,-15.86266],[-47.84334,-15.86152],[-47.84471,-15.85992],[-47.85088,-15.8571],[-47.85352,-15.8566],[-47.85621,-15.85874],[-47.85522,-15.85931],[-47.85419,-15.86272],[-47.8512,-15.86633],[-47.85103,-15.8682],[-47.85724,-15.87096],[-47.85608,-15.87317],[-47.85684,-15.87373],[-47.87997,-15.88483],[-47.89363,-15.90088],[-47.88233,-15.91352],[-47.88463,-15.91344],[-47.88821,-15.91145],[-47.89336,-15.91171],[-47.89606,-15.91137],[-47.89821,-15.91204],[-47.90172,-15.91128],[-47.90428,-15.91211],[-47.90523,-15.91161],[-47.90782,-15.9125],[-47.90887,-15.90995],[-47.91141,-15.90952],[-47.91303,-15.9083],[-47.91149,-15.90572],[-47.91486,-15.90544],[-47.91472,-15.90263],[-47.9172,-15.90103],[-47.9133,-15.88286],[-47.92295,-15.88427],[-47.92546,-15.88643],[-47.92703,-15.88695],[-47.93541,-15.89313],[-47.9401,-15.89555],[-47.9466,-15.89424],[-47.95191,-15.88449],[-47.95636,-15.88121],[-47.95621,-15.88013],[-47.94863,-15.87577],[-47.93583,-15.86963],[-47.93664,-15.86718],[-47.93501,-15.86106],[-47.93233,-15.85132],[-47.92973,-15.85151],[-47.92541,-15.85085],[-47.9249,-15.85172],[-47.91965,-15.85156],[-47.9142,-15.8483],[-47.91139,-15.8467],[-47.9071,-15.84585],[-47.90366,-15.84359],[-47.90287,-15.84408],[-47.89863,-15.84153],[-47.8982,-15.8406],[-47.89331,-15.84108],[-47.89073,-15.84014],[-47.88701,-15.83768],[-47.88512,-15.83575],[-47.88319,-15.82857],[-47.88215,-15.82899],[-47.87986,-15.82756],[-47.87933,-15.82597],[-47.87685,-15.82458],[-47.87188,-15.82453],[-47.87079,-15.82653],[-47.87184,-15.82735],[-47.87055,-15.82997],[-47.86609,-15.82782],[-47.86281,-15.82821],[-47.85851,-15.82708],[-47.85547,-15.82732],[-47.85472,-15.8293],[-47.85639,-15.83025],[-47.86124,-15.83497],[-47.86191,-15.83632],[-47.86642,-15.84132],[-47.86981,-15.84796],[-47.86817,-15.85008],[-47.86896,-15.85269],[-47.87466,-15.85759],[-47.87189,-15.85897],[-47.86875,-15.85592],[-47.86981,-15.85414],[-47.86742,-15.85338],[-47.86692,-15.8521],[-47.86533,-15.85267],[-47.86242,-15.85208],[-47.8589,-15.85314],[-47.85846,-15.85151],[-47.86218,-15.8507],[-47.86388,-15.84967],[-47.86151,-15.84612],[-47.85814,-15.84423],[-47.85577,-15.84143],[-47.85362,-15.83979],[-47.85154,-15.83924],[-47.84881,-15.84017],[-47.84356,-15.83902],[-47.84093,-15.83944],[-47.83989,-15.83626],[-47.83799,-15.83307],[-47.83385,-15.83104],[-47.83137,-15.83069],[-47.8279,-15.8324],[-47.82548,-15.83239],[-47.82739,-15.82962],[-47.82704,-15.82773],[-47.82509,-15.82596],[-47.82315,-15.82528],[-47.82123,-15.82193],[-47.8167,-15.8205],[-47.81929,-15.81754],[-47.81819,-15.81037],[-47.81893,-15.80904],[-47.81732,-15.8076],[-47.81701,-15.8057],[-47.81339,-15.80602],[-47.81537,-15.80306],[-47.81224,-15.79739],[-47.80974,-15.79559],[-47.8104,-15.7944],[-47.80909,-15.79309],[-47.80424,-15.79235],[-47.80245,-15.79273],[-47.80349,-15.79438],[-47.8015,-15.79405],[-47.79851,-15.79612],[-47.79211,-15.79613],[-47.79101,-15.79533],[-47.78912,-15.79608],[-47.78935,-15.79988],[-47.78587,-15.80225]]]]},"properties":{"CD_REG":"5300108047","NM_REG":"Lago sul + 1 setor do Park Way (urbano)","SIGLA_UF":"DF","OG_REG":"IBGE"}},{"type":"Feature","geometry":{"type":"MultiPolygon","coordinates":[[[[-47.78175,-15.74898],[-47.79049,-15.72647],[-47.78925,-15.72717],[-47.78082,-15.72405],[-47.77652,-15.72448],[-47.77242,-15.72344],[-47.77044,-15.72221],[-47.76186,-15.71332],[-47.75958,-15.71498],[-47.75748,-15.71762],[-47.75435,-15.71803],[-47.75205,-15.71948],[-47.74792,-15.72387],[-47.74439,-15.72453],[-47.74261,-15.72765],[-47.73754,-15.72803],[-47.73317,-15.72626],[-47.73077,-15.72694],[-47.72931,-15.72833],[-47.72539,-15.72681],[-47.7211,-15.72653],[-47.71952,-15.72534],[-47.71801,-15.72704],[-47.7134,-15.7283],[-47.71014,-15.72661],[-47.70932,-15.72758],[-47.70771,-15.72695],[-47.70313,-15.72654],[-47.70277,-15.72822],[-47.70087,-15.72738],[-47.69841,-15.72737],[-47.69298,-15.72585],[-47.68952,-15.72693],[-47.6875,-15.72939],[-47.68174,-15.73216],[-47.68056,-15.73378],[-47.67877,-15.73384],[-47.67717,-15.73192],[-47.67588,-15.73231],[-47.67452,-15.73315],[-47.67592,-15.73423],[-47.67745,-15.73413],[-47.68033,-15.73575],[-47.68744,-15.7359],[-47.69078,-15.73675],[-47.70466,-15.74387],[-47.72941,-15.76129],[-47.73298,-15.76292],[-47.73624,-15.76309],[-47.73895,-15.76234],[-47.75397,-15.75316],[-47.75616,-15.75227],[-47.75995,-15.75201],[-47.76645,-15.75415],[-47.76785,-15.74941],[-47.7696,-15.74855],[-47.76787,-15.74791],[-47.77094,-15.74042],[-47.77405,-15.74122],[-47.77238,-15.74554],[-47.78175,-15.74898]]]]},"properties":{"CD_REG":"5300108137","NM_REG":"Itapoã: Condomínio Entre Lagos parte 1 e Área Rural","SIGLA_UF":"DF","OG_REG":"IBGE"}},{"type":"Feature","geometry":{"type":"MultiPolygon","coordinates":[[[[-48.04942,-15.85758],[-48.05024,-15.85547],[-48.05381,-15.85695],[-48.0544,-15.85651],[-48.06131,-15.85872],[-48.06438,-15.8572],[-48.06762,-15.85235],[-48.06949,-15.85213],[-48.07175,-15.84858],[-48.0731,-15.84739],[-48.07452,-15.84788],[-48.07533,-15.84359],[-48.07071,-15.84156],[-48.06777,-15.8415],[-48.06454,-15.83998],[-48.06521,-15.83892],[-48.06312,-15.83447],[-48.0597,-15.83343],[-48.05934,-15.83446],[-48.05034,-15.83186],[-48.04889,-15.83579],[-48.04563,-15.83423],[-48.04399,-15.83719],[-48.03734,-15.84958],[-48.04104,-15.85115],[-48.04627,-15.85402],[-48.04942,-15.85758]]]]},"properties":{"CD_REG":"5300108063","NM_REG":"Taguatinga: Sul parte 1, Chácaras Taguatinga e Primavera","SIGLA_UF":"DF","OG_REG":"IBGE"}},{"type":"Feature","geometry":{"type":"MultiPolygon","coordinates":[[[[-48.03299,-15.84948],[-48.0331,-15.84896],[-48.03064,-15.84724],[-48.0318,-15.84617],[-48.02946,-15.8454],[-48.02999,-15.84392],[-48.02995,-15.84006],[-48.02483,-15.83999],[-48.01982,-15.83791],[-48.01453,-15.83575],[-48.01021,-15.83558],[-48.0079,-15.83636],[-48.00784,-15.83536],[-48.00528,-15.83432],[-48.00367,-15.83801],[-48.01084,-15.84112],[-48.01668,-15.84283],[-48.03299,-15.84948]]]]},"properties":{"CD_REG":"5300108064","NM_REG":"Águas Claras: Vertical parte 1 (urbano)","SIGLA_UF":"DF","OG_REG":"IBGE"}},{"type":"Feature","geometry":{"type":"MultiPolygon","coordinates":[[[[-48.16954,-15.85402],[-48.16974,-15.85155],[-48.16734,-15.85078],[-48.16744,-15.84727],[-48.16593,-15.84605],[-48.16576,-15.84369],[-48.16438,-15.84177],[-48.15782,-15.83987],[-48.15366,-15.83749],[-48.15002,-15.83454],[-48.14741,-15.83355],[-48.1416,-15.83232],[-48.14055,-15.83022],[-48.14148,-15.82973],[-48.14027,-15.82705],[-48.14172,-15.82621],[-48.14007,-15.82334],[-48.14146,-15.82208],[-48.139,-15.82133],[-48.13598,-15.81917],[-48.13376,-15.81829],[-48.13472,-15.81503],[-48.13329,-15.81453],[-48.13159,-15.81577],[-48.13079,-15.81787],[-48.13121,-15.81975],[-48.1287,-15.8188],[-48.12678,-15.82421],[-48.1256,-15.82389],[-48.12419,-15.82593],[-48.12383,-15.82845],[-48.12114,-15.82631],[-48.11921,-15.82888],[-48.11814,-15.82822],[-48.11513,-15.83215],[-48.11628,-15.83414],[-48.12263,-15.83869],[-48.12417,-15.83693],[-48.13049,-15.84169],[-48.13028,-15.84284],[-48.1205,-15.85549],[-48.11344,-15.85043],[-48.11082,-15.8538],[-48.1099,-15.85653],[-48.10723,-15.85949],[-48.10972,-15.86203],[-48.10939,-15.86349],[-48.11053,-15.86639],[-48.11322,-15.86778],[-48.12018,-15.86698],[-48.12127,-15.86555],[-48.12455,-15.8676],[-48.12679,-15.86576],[-48.13229,-15.86313],[-48.13529,-15.8644],[-48.14352,-15.86014],[-48.14604,-15.85695],[-48.14987,-15.85583],[-48.14992,-15.85478],[-48.15257,-15.85411],[-48.15366,-15.8551],[-48.15513,-15.8545],[-48.15863,-15.85487],[-48.16136,-15.85247],[-48.16361,-15.85169],[-48.16507,-15.85323],[-48.16781,-15.85263],[-48.16954,-15.85402]]]]},"properties":{"CD_REG":"5300108122","NM_REG":"Sol Nascente/Pôr do Sol: Sol Nascente parte 2 e Pôr do Sol (urbano)","SIGLA_UF":"DF","OG_REG":"IBGE"}},{"type":"Feature","geometry":{"type":"MultiPolygon","coordinates":[[[[-48.04263,-15.87352],[-48.0458,-15.87404],[-48.03735,-15.86822],[-48.03995,-15.8636],[-48.04461,-15.86322],[-48.04942,-15.85758],[-48.04627,-15.85402],[-48.04104,-15.85115],[-48.03734,-15.84958],[-48.03684,-15.85053],[-48.0331,-15.84896],[-48.03299,-15.84948],[-48.02897,-15.85871],[-48.03019,-15.85932],[-48.02552,-15.868],[-48.03059,-15.87061],[-48.02792,-15.87563],[-48.04263,-15.87352]]]]},"properties":{"CD_REG":"5300108072","NM_REG":"Taguatinga: Sul parte 2 (urbano)","SIGLA_UF":"DF","OG_REG":"IBGE"}},{"type":"Feature","geometry":{"type":"MultiPolygon","coordinates":[[[[-48.01709,-15.58244],[-48.0245,-15.57337],[-48.03471,-15.56564],[-48.03532,-15.56351],[-48.03361,-15.55903],[-48.03408,-15.55637],[-48.03587,-15.55416],[-48.04189,-15.55052],[-48.04369,-15.54774],[-48.04364,-15.54505],[-48.04213,-15.54193],[-48.03368,-15.53416],[-48.03175,-15.53151],[-48.03237,-15.53057],[-48.03464,-15.53158],[-48.03557,-15.53102],[-48.03879,-15.52555],[-48.03966,-15.51977],[-48.0392,-15.51626],[-48.03417,-15.505],[-48.03484,-15.50223],[-47.97625,-15.50221],[-47.97449,-15.50588],[-47.97374,-15.50895],[-47.97325,-15.52003],[-47.9698,-15.52377],[-47.96917,-15.52504],[-47.97029,-15.52822],[-47.97014,-15.52961],[-47.96705,-15.53179],[-47.96557,-15.53681],[-47.96463,-15.53816],[-47.95944,-15.5413],[-47.95044,-15.55108],[-47.95203,-15.55379],[-47.95092,-15.558],[-47.95517,-15.56403],[-47.95562,-15.56554],[-47.9541,-15.57077],[-47.95121,-15.5753],[-47.94948,-15.57553],[-47.94681,-15.57359],[-47.94414,-15.57476],[-47.93811,-15.57375],[-47.93563,-15.57895],[-47.93161,-15.58158],[-47.92637,-15.58666],[-47.9118,-15.59164],[-47.90282,-15.59382],[-47.90093,-15.59358],[-47.89636,-15.59026],[-47.89011,-15.59334],[-47.88515,-15.59242],[-47.88691,-15.59331],[-47.88993,-15.59864],[-47.88977,-15.60026],[-47.89211,-15.60605],[-47.89194,-15.60838],[-47.88848,-15.61052],[-47.88592,-15.61549],[-47.88379,-15.61753],[-47.88022,-15.61607],[-47.87724,-15.61733],[-47.87493,-15.61401],[-47.87205,-15.61425],[-47.87039,-15.61334],[-47.86909,-15.61389],[-47.86843,-15.6184],[-47.86707,-15.61992],[-47.86527,-15.62005],[-47.86562,-15.61709],[-47.86441,-15.61638],[-47.86127,-15.61284],[-47.86023,-15.60965],[-47.86205,-15.60308],[-47.86152,-15.60174],[-47.85904,-15.60312],[-47.85781,-15.6014],[-47.85876,-15.59898],[-47.85281,-15.59759],[-47.85118,-15.5965],[-47.84919,-15.59707],[-47.8473,-15.59599],[-47.84592,-15.59662],[-47.84297,-15.59557],[-47.84056,-15.59876],[-47.83581,-15.59835],[-47.83417,-15.59962],[-47.83397,-15.60264],[-47.83025,-15.60285],[-47.8284,-15.60497],[-47.82005,-15.61118],[-47.81869,-15.61511],[-47.82041,-15.61683],[-47.82564,-15.61769],[-47.82399,-15.62045],[-47.82594,-15.62137],[-47.82553,-15.62372],[-47.82824,-15.62402],[-47.82856,-15.62291],[-47.83109,-15.62325],[-47.8335,-15.62449],[-47.83399,-15.62169],[-47.83208,-15.61999],[-47.83369,-15.61831],[-47.83674,-15.62101],[-47.83851,-15.62476],[-47.84563,-15.62279],[-47.84489,-15.61924],[-47.84916,-15.62086],[-47.84966,-15.61788],[-47.85522,-15.61851],[-47.85557,-15.61899],[-47.85237,-15.62237],[-47.85212,-15.62338],[-47.84973,-15.62177],[-47.84702,-15.62289],[-47.84799,-15.62373],[-47.84595,-15.62426],[-47.84283,-15.62624],[-47.8404,-15.62689],[-47.84113,-15.63145],[-47.84565,-15.63274],[-47.84981,-15.6313],[-47.85643,-15.63299],[-47.85538,-15.6351],[-47.85122,-15.63742],[-47.8444,-15.63863],[-47.84137,-15.63848],[-47.83182,-15.63645],[-47.83035,-15.63916],[-47.83485,-15.64212],[-47.84434,-15.65407],[-47.84023,-15.65069],[-47.83205,-15.64691],[-47.82823,-15.64463],[-47.82596,-15.65213],[-47.81965,-15.65177],[-47.81571,-15.64943],[-47.81647,-15.65257],[-47.81745,-15.65376],[-47.81538,-15.6574],[-47.81283,-15.6597],[-47.81228,-15.66297],[-47.80909,-15.66631],[-47.81315,-15.66839],[-47.82894,-15.6789],[-47.85888,-15.68866],[-47.85952,-15.68823],[-47.86071,-15.68736],[-47.88371,-15.66774],[-47.9585,-15.61285],[-48.00275,-15.57934],[-48.00587,-15.57818],[-48.00947,-15.57803],[-48.01358,-15.57951],[-48.01709,-15.58244]]]]},"properties":{"CD_REG":"5300108084","NM_REG":"Sobradinho II: Urbitá, Lago Oeste, Área rural e Sobradinho II parte 2","SIGLA_UF":"DF","OG_REG":"IBGE"}},{"type":"Feature","geometry":{"type":"MultiPolygon","coordinates":[[[[-47.98989,-15.82912],[-47.99294,-15.81781],[-47.99223,-15.81107],[-47.98482,-15.81208],[-47.9843,-15.80716],[-47.99131,-15.80618],[-47.99,-15.80431],[-47.98831,-15.80368],[-47.98534,-15.80132],[-47.98286,-15.80012],[-47.98042,-15.80102],[-47.97962,-15.80253],[-47.9757,-15.80313],[-47.97023,-15.80585],[-47.97045,-15.80807],[-47.96788,-15.80727],[-47.94861,-15.80992],[-47.94865,-15.81014],[-47.95333,-15.84056],[-47.95461,-15.84838],[-47.95553,-15.84857],[-47.95647,-15.85449],[-47.96165,-15.85375],[-47.96064,-15.84845],[-47.96247,-15.84821],[-47.96628,-15.84632],[-47.9642,-15.84368],[-47.96469,-15.83977],[-47.96634,-15.83644],[-47.9673,-15.83287],[-47.96813,-15.83378],[-47.97208,-15.8306],[-47.97,-15.82719],[-47.97041,-15.82414],[-47.97253,-15.82089],[-47.98981,-15.82833],[-47.98989,-15.82912]]]]},"properties":{"CD_REG":"5300108096","NM_REG":"Guará: Guará I, Setor Parque Sul e Reserva Ecológica Guará","SIGLA_UF":"DF","OG_REG":"IBGE"}},{"type":"Feature","geometry":{"type":"MultiPolygon","coordinates":[[[[-48.04263,-15.87352],[-48.02792,-15.87563],[-48.02363,-15.87667],[-48.01225,-15.87823],[-48.0005,-15.87725],[-48.00025,-15.87998],[-47.996,-15.87976],[-47.99322,-15.87826],[-47.98683,-15.8775],[-47.98077,-15.87819],[-47.98018,-15.87725],[-47.97928,-15.88069],[-47.98291,-15.88227],[-47.98414,-15.88201],[-47.9879,-15.88438],[-47.98885,-15.88699],[-47.98842,-15.88901],[-47.98921,-15.89448],[-47.98761,-15.89902],[-47.98762,-15.90286],[-47.98574,-15.90495],[-47.98628,-15.90691],[-47.98451,-15.9098],[-47.98386,-15.91404],[-47.98229,-15.91632],[-47.98169,-15.92158],[-47.98382,-15.92502],[-47.98562,-15.92487],[-47.99383,-15.92021],[-47.99733,-15.92056],[-47.99962,-15.92166],[-48.00089,-15.92061],[-47.99969,-15.91824],[-48.00275,-15.9131],[-48.00263,-15.9116],[-48.00421,-15.90955],[-48.00731,-15.90888],[-48.01004,-15.90599],[-48.01153,-15.90607],[-48.0175,-15.9018],[-48.01822,-15.90024],[-48.02139,-15.89742],[-48.02246,-15.89776],[-48.02365,-15.89537],[-48.02749,-15.89046],[-48.03023,-15.88973],[-48.03261,-15.88788],[-48.03424,-15.88772],[-48.03519,-15.88527],[-48.04002,-15.88223],[-48.03946,-15.88053],[-48.03982,-15.87685],[-48.03837,-15.8744],[-48.04263,-15.87352]]]]},"properties":{"CD_REG":"5300108048","NM_REG":"Riacho Fundo: Área Rural e Condomínios Riacho Fundo, Colônia Agrícola Sucupira e Riacho Fundo","SIGLA_UF":"DF","OG_REG":"IBGE"}},{"type":"Feature","geometry":{"type":"MultiPolygon","coordinates":[[[[-47.95461,-15.84838],[-47.95333,-15.84056],[-47.94071,-15.84448],[-47.93154,-15.84509],[-47.93233,-15.85132],[-47.93501,-15.86106],[-47.95254,-15.87224],[-47.95652,-15.87438],[-47.9588,-15.87453],[-47.95461,-15.84838]]]]},"properties":{"CD_REG":"5300108053","NM_REG":"Candangolândia (urbano)","SIGLA_UF":"DF","OG_REG":"IBGE"}},{"type":"Feature","geometry":{"type":"MultiPolygon","coordinates":[[[[-48.11513,-15.83215],[-48.11814,-15.82822],[-48.11921,-15.82888],[-48.12114,-15.82631],[-48.1213,-15.8261],[-48.10843,-15.81939],[-48.09727,-15.83938],[-48.10007,-15.84086],[-48.10659,-15.84539],[-48.11019,-15.84064],[-48.11027,-15.83868],[-48.11237,-15.83919],[-48.11425,-15.83664],[-48.11269,-15.83551],[-48.11513,-15.83215]]]]},"properties":{"CD_REG":"5300108019","NM_REG":"Ceilândia: Setor N Par (urbano)","SIGLA_UF":"DF","OG_REG":"IBGE"}},{"type":"Feature","geometry":{"type":"MultiPolygon","coordinates":[[[[-48.13472,-15.81503],[-48.13683,-15.80898],[-48.13762,-15.80597],[-48.12976,-15.80354],[-48.12885,-15.80321],[-48.12366,-15.81681],[-48.12467,-15.81733],[-48.1213,-15.8261],[-48.12114,-15.82631],[-48.12383,-15.82845],[-48.12419,-15.82593],[-48.1256,-15.82389],[-48.12678,-15.82421],[-48.1287,-15.8188],[-48.13121,-15.81975],[-48.13079,-15.81787],[-48.13159,-15.81577],[-48.13329,-15.81453],[-48.13472,-15.81503]]]]},"properties":{"CD_REG":"5300108021","NM_REG":"Ceilândia: Setor P Norte (urbano)","SIGLA_UF":"DF","OG_REG":"IBGE"}},{"type":"Feature","geometry":{"type":"MultiPolygon","coordinates":[[[[-48.0933,-15.83774],[-48.08795,-15.83561],[-48.0832,-15.83462],[-48.08479,-15.83004],[-48.08771,-15.82498],[-48.0853,-15.82432],[-48.08564,-15.82334],[-48.08791,-15.82433],[-48.08925,-15.8205],[-48.08886,-15.81981],[-48.09189,-15.81097],[-48.08336,-15.80802],[-48.08138,-15.81376],[-48.07916,-15.81306],[-48.07875,-15.81429],[-48.07484,-15.8136],[-48.07265,-15.82051],[-48.07124,-15.82014],[-48.06926,-15.82586],[-48.0675,-15.82531],[-48.06647,-15.82779],[-48.0655,-15.82748],[-48.06341,-15.83268],[-48.06312,-15.83447],[-48.06521,-15.83892],[-48.06454,-15.83998],[-48.06777,-15.8415],[-48.07071,-15.84156],[-48.07533,-15.84359],[-48.07969,-15.84607],[-48.08284,-15.84688],[-48.08444,-15.84927],[-48.0879,-15.85146],[-48.09071,-15.84592],[-48.0907,-15.84149],[-48.09192,-15.84189],[-48.0933,-15.83774]]]]},"properties":{"CD_REG":"5300108070","NM_REG":"Taguatinga: Norte parte 3 (urbano)","SIGLA_UF":"DF","OG_REG":"IBGE"}},{"type":"Feature","geometry":{"type":"MultiPolygon","coordinates":[[[[-47.99131,-15.80618],[-47.9921,-15.80612],[-47.98977,-15.78728],[-47.98132,-15.78997],[-47.97017,-15.79557],[-47.9661,-15.7943],[-47.9673,-15.79242],[-47.97656,-15.78238],[-47.97729,-15.78213],[-47.97131,-15.7767],[-47.97561,-15.772],[-47.97582,-15.76527],[-47.97625,-15.76384],[-47.97278,-15.75591],[-47.9738,-15.75559],[-47.97063,-15.75202],[-47.96825,-15.7512],[-47.96611,-15.74953],[-47.96256,-15.74788],[-47.95877,-15.74724],[-47.94113,-15.74805],[-47.93343,-15.74613],[-47.93074,-15.74171],[-47.92794,-15.74023],[-47.91998,-15.74493],[-47.9357,-15.77027],[-47.93847,-15.7772],[-47.9464,-15.80008],[-47.94781,-15.80482],[-47.94861,-15.80992],[-47.96788,-15.80727],[-47.97045,-15.80807],[-47.97023,-15.80585],[-47.9757,-15.80313],[-47.97962,-15.80253],[-47.98042,-15.80102],[-47.98286,-15.80012],[-47.98534,-15.80132],[-47.98831,-15.80368],[-47.99,-15.80431],[-47.99131,-15.80618]]]]},"properties":{"CD_REG":"5300108027","NM_REG":"SIA (urbano)","SIGLA_UF":"DF","OG_REG":"IBGE"}},{"type":"Feature","geometry":{"type":"MultiPolygon","coordinates":[[[[-47.9464,-15.80008],[-47.93847,-15.7772],[-47.92924,-15.78012],[-47.93344,-15.79243],[-47.93347,-15.79659],[-47.93339,-15.79946],[-47.93241,-15.80116],[-47.93299,-15.80363],[-47.93754,-15.80648],[-47.94042,-15.80232],[-47.9464,-15.80008]]]]},"properties":{"CD_REG":"5300108033","NM_REG":"Cruzeiro (urbano)","SIGLA_UF":"DF","OG_REG":"IBGE"}},{"type":"Feature","geometry":{"type":"MultiPolygon","coordinates":[[[[-48.07289,-15.88608],[-48.07408,-15.88485],[-48.07857,-15.87157],[-48.07792,-15.87068],[-48.0796,-15.86643],[-48.07132,-15.86256],[-48.07225,-15.86039],[-48.0691,-15.85898],[-48.06725,-15.85905],[-48.06675,-15.85789],[-48.06949,-15.85213],[-48.06762,-15.85235],[-48.06438,-15.8572],[-48.06131,-15.85872],[-48.0544,-15.85651],[-48.05381,-15.85695],[-48.05024,-15.85547],[-48.04942,-15.85758],[-48.04461,-15.86322],[-48.03995,-15.8636],[-48.03735,-15.86822],[-48.0458,-15.87404],[-48.05432,-15.87967],[-48.06037,-15.88246],[-48.07289,-15.88608]]]]},"properties":{"CD_REG":"5300108035","NM_REG":"Samambaia: Quadras 100. 300 e 500 pares parte 2 e Setor Institucional Samambaia (urbano)","SIGLA_UF":"DF","OG_REG":"IBGE"}},{"type":"Feature","geometry":{"type":"MultiPolygon","coordinates":[[[[-47.93154,-15.84509],[-47.94071,-15.84448],[-47.95333,-15.84056],[-47.94865,-15.81014],[-47.94168,-15.81122],[-47.93968,-15.81093],[-47.92744,-15.80659],[-47.92232,-15.80366],[-47.91419,-15.79897],[-47.91299,-15.79613],[-47.91126,-15.79661],[-47.90847,-15.78847],[-47.90688,-15.78745],[-47.9036,-15.78925],[-47.89844,-15.79081],[-47.89358,-15.79388],[-47.89453,-15.79592],[-47.88559,-15.80085],[-47.88741,-15.80371],[-47.89477,-15.81196],[-47.90001,-15.81644],[-47.92902,-15.83741],[-47.9309,-15.84006],[-47.93154,-15.84509]]]]},"properties":{"CD_REG":"5300108069","NM_REG":"Plano Piloto: Asa Sul parte 1 (urbano)","SIGLA_UF":"DF","OG_REG":"IBGE"}},{"type":"Feature","geometry":{"type":"MultiPolygon","coordinates":[[[[-48.10545,-15.87972],[-48.14752,-15.89912],[-48.14478,-15.90776],[-48.16091,-15.91281],[-48.16392,-15.91562],[-48.1663,-15.92361],[-48.16999,-15.92253],[-48.17225,-15.91924],[-48.17443,-15.91808],[-48.17847,-15.91906],[-48.17999,-15.92257],[-48.18182,-15.92358],[-48.18336,-15.92318],[-48.18664,-15.9201],[-48.18861,-15.91962],[-48.20031,-15.92413],[-48.21226,-15.93178],[-48.2192,-15.93491],[-48.22104,-15.93413],[-48.22256,-15.936],[-48.22365,-15.93456],[-48.2263,-15.93394],[-48.22844,-15.93133],[-48.23047,-15.93339],[-48.2347,-15.93494],[-48.23435,-15.93349],[-48.23863,-15.9292],[-48.2427,-15.93192],[-48.24586,-15.93196],[-48.24713,-15.93349],[-48.25052,-15.93373],[-48.25244,-15.93579],[-48.25463,-15.93679],[-48.25585,-15.93219],[-48.25687,-15.9319],[-48.25882,-15.93127],[-48.25913,-15.92934],[-48.25842,-15.92323],[-48.25945,-15.92194],[-48.25813,-15.91834],[-48.2537,-15.91682],[-48.25544,-15.91277],[-48.25379,-15.91082],[-48.25063,-15.90874],[-48.24683,-15.90925],[-48.24644,-15.90758],[-48.24,-15.90352],[-48.23678,-15.90363],[-48.23578,-15.90269],[-48.23679,-15.90156],[-48.23514,-15.89909],[-48.23525,-15.90077],[-48.23187,-15.90072],[-48.23163,-15.90175],[-48.22847,-15.90182],[-48.22652,-15.89991],[-48.22647,-15.90112],[-48.22054,-15.90128],[-48.21962,-15.89826],[-48.21864,-15.89915],[-48.21749,-15.8974],[-48.21294,-15.89757],[-48.21195,-15.89558],[-48.21042,-15.89619],[-48.20833,-15.89565],[-48.20823,-15.89292],[-48.20672,-15.89377],[-48.20583,-15.89149],[-48.20217,-15.89141],[-48.20201,-15.88944],[-48.20032,-15.88799],[-48.20074,-15.88565],[-48.19876,-15.88282],[-48.19797,-15.88323],[-48.19773,-15.88065],[-48.19479,-15.87622],[-48.19483,-15.87519],[-48.19171,-15.87264],[-48.19251,-15.87165],[-48.18945,-15.871],[-48.18864,-15.86946],[-48.18539,-15.86739],[-48.18336,-15.8644],[-48.18389,-15.86404],[-48.18209,-15.86058],[-48.17784,-15.86204],[-48.17818,-15.86074],[-48.17727,-15.8578],[-48.17552,-15.85745],[-48.17428,-15.85567],[-48.172,-15.85548],[-48.16954,-15.85402],[-48.16781,-15.85263],[-48.16507,-15.85323],[-48.16361,-15.85169],[-48.16136,-15.85247],[-48.15863,-15.85487],[-48.15513,-15.8545],[-48.15366,-15.8551],[-48.15257,-15.85411],[-48.14992,-15.85478],[-48.14987,-15.85583],[-48.14604,-15.85695],[-48.14352,-15.86014],[-48.13529,-15.8644],[-48.13229,-15.86313],[-48.12679,-15.86576],[-48.12455,-15.8676],[-48.12127,-15.86555],[-48.12018,-15.86698],[-48.11322,-15.86778],[-48.11053,-15.86639],[-48.10939,-15.86349],[-48.10972,-15.86203],[-48.10723,-15.85949],[-48.10557,-15.85745],[-48.1027,-15.85745],[-48.10201,-15.85661],[-48.09833,-15.85544],[-48.09556,-15.85391],[-48.09179,-15.85338],[-48.0879,-15.85146],[-48.08444,-15.84927],[-48.08284,-15.84688],[-48.07969,-15.84607],[-48.07533,-15.84359],[-48.07452,-15.84788],[-48.07618,-15.85367],[-48.07888,-15.8549],[-48.08476,-15.8563],[-48.08973,-15.85993],[-48.09651,-15.86294],[-48.09797,-15.8642],[-48.09868,-15.86285],[-48.10162,-15.86525],[-48.10054,-15.86695],[-48.10217,-15.86865],[-48.10325,-15.86776],[-48.1054,-15.86988],[-48.10424,-15.87175],[-48.10621,-15.87343],[-48.10919,-15.87427],[-48.10761,-15.87522],[-48.10545,-15.87972]]]]},"properties":{"CD_REG":"5300108038","NM_REG":"Samambaia: Área rural e Quadras 200, 400 e 600 ímpares","SIGLA_UF":"DF","OG_REG":"IBGE"}},{"type":"Feature","geometry":{"type":"MultiPolygon","coordinates":[[[[-48.08284,-16.01676],[-48.07345,-16.02279],[-48.07305,-16.01552],[-48.05985,-16.00879],[-48.06028,-16.01788],[-48.06054,-16.02327],[-48.06714,-16.02669],[-48.05508,-16.0341],[-48.05313,-16.03535],[-48.05396,-16.03741],[-48.05534,-16.03844],[-48.05797,-16.04201],[-48.05979,-16.04227],[-48.06167,-16.04134],[-48.0878,-16.02476],[-48.08284,-16.01676]]]]},"properties":{"CD_REG":"5300108001","NM_REG":"Gama: Setor Central-Sul (urbano)","SIGLA_UF":"DF","OG_REG":"IBGE"}},{"type":"Feature","geometry":{"type":"MultiPolygon","coordinates":[[[[-47.96634,-15.83644],[-47.96997,-15.83579],[-47.96973,-15.83797],[-47.97216,-15.83801],[-47.97238,-15.83626],[-47.97854,-15.83791],[-47.97769,-15.83944],[-47.98228,-15.84325],[-47.98578,-15.84444],[-47.98989,-15.82912],[-47.98981,-15.82833],[-47.97253,-15.82089],[-47.97041,-15.82414],[-47.97,-15.82719],[-47.97208,-15.8306],[-47.96813,-15.83378],[-47.9673,-15.83287],[-47.96634,-15.83644]]]]},"properties":{"CD_REG":"5300108131","NM_REG":"Guará: Guará II parte 2 (urbano)","SIGLA_UF":"DF","OG_REG":"IBGE"}},{"type":"Feature","geometry":{"type":"MultiPolygon","coordinates":[[[[-47.77247,-15.91248],[-47.77236,-15.91186],[-47.77556,-15.90944],[-47.77592,-15.9085],[-47.7743,-15.90646],[-47.77065,-15.90913],[-47.76525,-15.90442],[-47.76504,-15.90643],[-47.76624,-15.90908],[-47.76596,-15.91485],[-47.76336,-15.91423],[-47.7622,-15.91508],[-47.76305,-15.91702],[-47.7608,-15.91642],[-47.76145,-15.9184],[-47.76112,-15.9238],[-47.75709,-15.92337],[-47.75759,-15.91859],[-47.75462,-15.9181],[-47.75338,-15.91503],[-47.75032,-15.9133],[-47.75078,-15.91267],[-47.75242,-15.90236],[-47.74853,-15.9011],[-47.74686,-15.90151],[-47.74205,-15.89898],[-47.73829,-15.89843],[-47.73658,-15.8992],[-47.73389,-15.89855],[-47.73012,-15.89587],[-47.72797,-15.89325],[-47.72353,-15.89105],[-47.7203,-15.89114],[-47.71786,-15.89224],[-47.71482,-15.89221],[-47.71463,-15.89425],[-47.71265,-15.89253],[-47.71048,-15.89383],[-47.7073,-15.89353],[-47.70678,-15.89414],[-47.70413,-15.89236],[-47.70308,-15.89562],[-47.7016,-15.89433],[-47.7008,-15.89584],[-47.70283,-15.8976],[-47.69912,-15.89736],[-47.69998,-15.9],[-47.69755,-15.89952],[-47.69822,-15.90374],[-47.69644,-15.90352],[-47.69689,-15.90542],[-47.6932,-15.90483],[-47.69427,-15.90688],[-47.69291,-15.90727],[-47.69164,-15.90597],[-47.69008,-15.90658],[-47.68941,-15.90888],[-47.68775,-15.90651],[-47.68698,-15.90922],[-47.68807,-15.91167],[-47.68589,-15.91161],[-47.68469,-15.90967],[-47.6822,-15.90992],[-47.68046,-15.91142],[-47.68251,-15.91436],[-47.68441,-15.91427],[-47.68251,-15.91654],[-47.68234,-15.92142],[-47.68132,-15.92131],[-47.68051,-15.91901],[-47.67944,-15.9213],[-47.67744,-15.92354],[-47.67548,-15.9241],[-47.67727,-15.92712],[-47.67663,-15.9302],[-47.67441,-15.92813],[-47.67194,-15.92758],[-47.67166,-15.92907],[-47.66992,-15.9291],[-47.67124,-15.93071],[-47.6684,-15.93455],[-47.66975,-15.9372],[-47.66836,-15.93816],[-47.66833,-15.94083],[-47.66936,-15.943],[-47.66648,-15.94283],[-47.66891,-15.94547],[-47.6671,-15.94963],[-47.66671,-15.952],[-47.66495,-15.95323],[-47.66386,-15.95251],[-47.66251,-15.95418],[-47.66073,-15.95391],[-47.6598,-15.95561],[-47.66153,-15.95649],[-47.66351,-15.96044],[-47.66198,-15.96231],[-47.65897,-15.96378],[-47.65344,-15.96869],[-47.65035,-15.96912],[-47.64764,-15.96811],[-47.64248,-15.96309],[-47.63694,-15.96004],[-47.63227,-15.95526],[-47.63114,-15.95325],[-47.63042,-15.94905],[-47.62886,-15.94692],[-47.61816,-15.939],[-47.61049,-15.93681],[-47.60839,-15.93721],[-47.60655,-15.93865],[-47.58845,-15.96788],[-47.5879,-15.97137],[-47.58897,-15.97414],[-47.5961,-15.98567],[-47.59771,-15.98728],[-47.61437,-16.01417],[-47.61732,-16.04981],[-47.72144,-16.04988],[-47.72257,-16.04394],[-47.72489,-16.04196],[-47.72764,-16.04048],[-47.72742,-16.03567],[-47.73047,-16.03096],[-47.73172,-16.03016],[-47.73399,-16.03187],[-47.76071,-16.03056],[-47.75948,-16.02821],[-47.76067,-16.025],[-47.7636,-16.02166],[-47.76457,-16.01948],[-47.76431,-16.01784],[-47.76245,-16.01417],[-47.76256,-16.00942],[-47.76607,-16.00666],[-47.76994,-16.00006],[-47.77972,-15.98924],[-47.77829,-15.98622],[-47.77855,-15.98492],[-47.77515,-15.98302],[-47.77311,-15.98347],[-47.76904,-15.98127],[-47.76767,-15.9797],[-47.76507,-15.97899],[-47.76463,-15.97758],[-47.7612,-15.97374],[-47.75999,-15.97317],[-47.76175,-15.97234],[-47.76454,-15.96936],[-47.76842,-15.96853],[-47.77184,-15.9662],[-47.77485,-15.9657],[-47.77696,-15.96459],[-47.78055,-15.96409],[-47.78222,-15.96306],[-47.78753,-15.96201],[-47.79159,-15.95955],[-47.79357,-15.95715],[-47.79411,-15.95282],[-47.79757,-15.94851],[-47.80057,-15.94621],[-47.80342,-15.9419],[-47.80504,-15.94134],[-47.80572,-15.93969],[-47.80741,-15.93884],[-47.80454,-15.93132],[-47.80251,-15.93065],[-47.79999,-15.92836],[-47.79568,-15.92677],[-47.7899,-15.92595],[-47.77876,-15.92312],[-47.77504,-15.91471],[-47.77247,-15.91248]]]]},"properties":{"CD_REG":"5300108138","NM_REG":"São Sebastião: Núcleo Rural Capão Comprido, Área rural e Morro da cruz parte 2","SIGLA_UF":"DF","OG_REG":"IBGE"}},{"type":"Feature","geometry":{"type":"MultiPolygon","coordinates":[[[[-47.90606,-15.73633],[-47.91662,-15.73956],[-47.90971,-15.72852],[-47.90433,-15.7271],[-47.89777,-15.72843],[-47.8952,-15.7311],[-47.89411,-15.73101],[-47.88239,-15.76797],[-47.88117,-15.77434],[-47.88051,-15.78205],[-47.88094,-15.7874],[-47.88211,-15.79192],[-47.88303,-15.79262],[-47.89725,-15.78733],[-47.88832,-15.78789],[-47.88763,-15.78131],[-47.88828,-15.77451],[-47.88944,-15.76882],[-47.89913,-15.73835],[-47.89808,-15.73575],[-47.90013,-15.73462],[-47.90606,-15.73633]]]]},"properties":{"CD_REG":"5300108068","NM_REG":"Plano Piloto: Asa Norte parte 1 (urbano)","SIGLA_UF":"DF","OG_REG":"IBGE"}}]}